Software Version,3.11.19,,,,,,,,,,,,,,,,,,,,,,,,,,,,,,,,,,,,,,,,,,,,,,,,,,,,,,,,,,,,,,,,,,,,,,,,,,,,,,,,,,,,,,,,,,,,,,,,,
,,,,,,,,,,,,,,,,,,,,,,,,,,,,,,,,,,,,,,,,,,,,,,,,,,,,,,,,,,,,,,,,,,,,,,,,,,,,,,,,,,,,,,,,,,,,,,,,,,
Experiment File Path:,C:\Users\jelab\Documents\Gen 5\Edward Liu\Experiment10.xpt,,,,,,,,,,,,,,,,,,,,,,,,,,,,,,,,,,,,,,,,,,,,,,,,,,,,,,,,,,,,,,,,,,,,,,,,,,,,,,,,,,,,,,,,,,,,,,,,,
Protocol File Path:,C:\Users\jelab\Documents\Gen 5\Edward Liu\synergy prot\synergyRIFRxT 48c.prt,,,,,,,,,,,,,,,,,,,,,,,,,,,,,,,,,,,,,,,,,,,,,,,,,,,,,,,,,,,,,,,,,,,,,,,,,,,,,,,,,,,,,,,,,,,,,,,,,
Plate Number,Plate 1,,,,,,,,,,,,,,,,,,,,,,,,,,,,,,,,,,,,,,,,,,,,,,,,,,,,,,,,,,,,,,,,,,,,,,,,,,,,,,,,,,,,,,,,,,,,,,,,,
Date,19/03/2026,,,,,,,,,,,,,,,,,,,,,,,,,,,,,,,,,,,,,,,,,,,,,,,,,,,,,,,,,,,,,,,,,,,,,,,,,,,,,,,,,,,,,,,,,,,,,,,,,
Time,10:40:35 AM,,,,,,,,,,,,,,,,,,,,,,,,,,,,,,,,,,,,,,,,,,,,,,,,,,,,,,,,,,,,,,,,,,,,,,,,,,,,,,,,,,,,,,,,,,,,,,,,,
Reader Type:,Synergy HT,,,,,,,,,,,,,,,,,,,,,,,,,,,,,,,,,,,,,,,,,,,,,,,,,,,,,,,,,,,,,,,,,,,,,,,,,,,,,,,,,,,,,,,,,,,,,,,,,
Reader Serial Number:,271552,,,,,,,,,,,,,,,,,,,,,,,,,,,,,,,,,,,,,,,,,,,,,,,,,,,,,,,,,,,,,,,,,,,,,,,,,,,,,,,,,,,,,,,,,,,,,,,,,
Reading Type,Reader,,,,,,,,,,,,,,,,,,,,,,,,,,,,,,,,,,,,,,,,,,,,,,,,,,,,,,,,,,,,,,,,,,,,,,,,,,,,,,,,,,,,,,,,,,,,,,,,,
,,,,,,,,,,,,,,,,,,,,,,,,,,,,,,,,,,,,,,,,,,,,,,,,,,,,,,,,,,,,,,,,,,,,,,,,,,,,,,,,,,,,,,,,,,,,,,,,,,
Procedure Details,,,,,,,,,,,,,,,,,,,,,,,,,,,,,,,,,,,,,,,,,,,,,,,,,,,,,,,,,,,,,,,,,,,,,,,,,,,,,,,,,,,,,,,,,,,,,,,,,,
Plate Type,96 WELL PLATE,,,,,,,,,,,,,,,,,,,,,,,,,,,,,,,,,,,,,,,,,,,,,,,,,,,,,,,,,,,,,,,,,,,,,,,,,,,,,,,,,,,,,,,,,,,,,,,,,
Set Temperature,Setpoint 48°C,,,,,,,,,,,,,,,,,,,,,,,,,,,,,,,,,,,,,,,,,,,,,,,,,,,,,,,,,,,,,,,,,,,,,,,,,,,,,,,,,,,,,,,,,,,,,,,,,
,Preheat before moving to next step,,,,,,,,,,,,,,,,,,,,,,,,,,,,,,,,,,,,,,,,,,,,,,,,,,,,,,,,,,,,,,,,,,,,,,,,,,,,,,,,,,,,,,,,,,,,,,,,,
Start Kinetic,"Runtime 22:00:00 (HH:MM:SS), Interval 0:05:00, 265 Reads",,,,,,,,,,,,,,,,,,,,,,,,,,,,,,,,,,,,,,,,,,,,,,,,,,,,,,,,,,,,,,,,,,,,,,,,,,,,,,,,,,,,,,,,,,,,,,,,,
    Shake,"Medium, Continuous",,,,,,,,,,,,,,,,,,,,,,,,,,,,,,,,,,,,,,,,,,,,,,,,,,,,,,,,,,,,,,,,,,,,,,,,,,,,,,,,,,,,,,,,,,,,,,,,,
    Read,Absorbance Endpoint,,,,,,,,,,,,,,,,,,,,,,,,,,,,,,,,,,,,,,,,,,,,,,,,,,,,,,,,,,,,,,,,,,,,,,,,,,,,,,,,,,,,,,,,,,,,,,,,,
,Full Plate,,,,,,,,,,,,,,,,,,,,,,,,,,,,,,,,,,,,,,,,,,,,,,,,,,,,,,,,,,,,,,,,,,,,,,,,,,,,,,,,,,,,,,,,,,,,,,,,,
,Wavelengths:  600,,,,,,,,,,,,,,,,,,,,,,,,,,,,,,,,,,,,,,,,,,,,,,,,,,,,,,,,,,,,,,,,,,,,,,,,,,,,,,,,,,,,,,,,,,,,,,,,,
,Read Speed: Normal,,,,,,,,,,,,,,,,,,,,,,,,,,,,,,,,,,,,,,,,,,,,,,,,,,,,,,,,,,,,,,,,,,,,,,,,,,,,,,,,,,,,,,,,,,,,,,,,,
End Kinetic,,,,,,,,,,,,,,,,,,,,,,,,,,,,,,,,,,,,,,,,,,,,,,,,,,,,,,,,,,,,,,,,,,,,,,,,,,,,,,,,,,,,,,,,,,,,,,,,,,
,,,,,,,,,,,,,,,,,,,,,,,,,,,,,,,,,,,,,,,,,,,,,,,,,,,,,,,,,,,,,,,,,,,,,,,,,,,,,,,,,,,,,,,,,,,,,,,,,,
600,,,,,,,,,,,,,,,,,,,,,,,,,,,,,,,,,,,,,,,,,,,,,,,,,,,,,,,,,,,,,,,,,,,,,,,,,,,,,,,,,,,,,,,,,,,,,,,,,,
,,,,,,,,,,,,,,,,,,,,,,,,,,,,,,,,,,,,,,,,,,,,,,,,,,,,,,,,,,,,,,,,,,,,,,,,,,,,,,,,,,,,,,,,,,,,,,,,,,
,Time,T° 600,A1,A2,A3,A4,A5,A6,A7,A8,A9,A10,A11,A12,B1,B2,B3,B4,B5,B6,B7,B8,B9,B10,B11,B12,C1,C2,C3,C4,C5,C6,C7,C8,C9,C10,C11,C12,D1,D2,D3,D4,D5,D6,D7,D8,D9,D10,D11,D12,E1,E2,E3,E4,E5,E6,E7,E8,E9,E10,E11,E12,F1,F2,F3,F4,F5,F6,F7,F8,F9,F10,F11,F12,G1,G2,G3,G4,G5,G6,G7,G8,G9,G10,G11,G12,H1,H2,H3,H4,H5,H6,H7,H8,H9,H10,H11,H12
,0:00:00,48,0.087,0.086,0.087,0.087,0.087,0.087,0.088,0.088,0.088,0.09,0.088,0.089,0.088,0.11,0.121,0.125,0.099,0.097,0.111,0.115,0.114,0.101,0.1,0.091,0.088,0.104,0.111,0.128,0.1,0.108,0.129,0.101,0.094,0.085,0.115,0.089,0.088,0.129,0.137,0.122,0.125,0.126,0.097,0.106,0.106,0.101,0.1,0.091,0.09,0.125,0.115,0.119,0.107,0.096,0.102,0.106,0.099,0.114,0.104,0.089,0.089,0.096,0.11,0.141,0.1,0.102,0.112,0.1,0.098,0.088,0.113,0.089,0.087,0.114,0.125,0.134,0.099,0.124,0.098,0.12,0.096,0.095,0.1,0.088,0.088,0.088,0.093,0.087,0.087,0.087,0.088,0.089,0.089,0.088,0.088,0.088
,0:05:00,47.9,0.088,0.087,0.088,0.087,0.088,0.087,0.088,0.088,0.089,0.09,0.088,0.089,0.089,0.112,0.122,0.128,0.101,0.097,0.113,0.118,0.115,0.102,0.101,0.091,0.089,0.106,0.112,0.13,0.101,0.11,0.13,0.103,0.095,0.086,0.117,0.089,0.088,0.131,0.14,0.126,0.127,0.128,0.098,0.108,0.107,0.102,0.101,0.092,0.091,0.129,0.117,0.123,0.11,0.096,0.103,0.108,0.1,0.115,0.106,0.09,0.089,0.097,0.112,0.146,0.101,0.104,0.114,0.102,0.099,0.089,0.114,0.089,0.088,0.117,0.13,0.139,0.101,0.128,0.099,0.122,0.097,0.096,0.101,0.089,0.088,0.088,0.093,0.088,0.087,0.088,0.088,0.088,0.088,0.089,0.088,0.087
,0:10:00,48,0.087,0.087,0.087,0.087,0.088,0.087,0.088,0.088,0.088,0.09,0.088,0.089,0.089,0.114,0.124,0.13,0.101,0.098,0.115,0.122,0.118,0.103,0.102,0.091,0.089,0.107,0.113,0.133,0.103,0.111,0.134,0.104,0.096,0.086,0.12,0.089,0.088,0.133,0.144,0.128,0.129,0.13,0.1,0.11,0.109,0.102,0.102,0.092,0.091,0.136,0.122,0.127,0.112,0.097,0.104,0.11,0.1,0.118,0.107,0.09,0.089,0.098,0.115,0.154,0.102,0.106,0.117,0.103,0.1,0.089,0.116,0.089,0.088,0.12,0.136,0.148,0.102,0.133,0.1,0.126,0.097,0.096,0.103,0.089,0.088,0.088,0.093,0.088,0.087,0.088,0.088,0.088,0.09,0.088,0.088,0.087
,0:15:00,48,0.087,0.086,0.088,0.087,0.087,0.087,0.088,0.088,0.088,0.09,0.088,0.089,0.089,0.117,0.127,0.134,0.103,0.104,0.116,0.122,0.12,0.104,0.103,0.091,0.088,0.109,0.115,0.137,0.104,0.113,0.137,0.104,0.097,0.085,0.122,0.089,0.088,0.137,0.15,0.132,0.132,0.135,0.102,0.113,0.11,0.106,0.104,0.092,0.09,0.145,0.128,0.133,0.116,0.097,0.105,0.112,0.101,0.118,0.108,0.089,0.089,0.099,0.119,0.165,0.104,0.109,0.12,0.105,0.102,0.088,0.119,0.088,0.088,0.124,0.145,0.158,0.104,0.139,0.101,0.13,0.097,0.097,0.104,0.089,0.088,0.088,0.094,0.087,0.087,0.087,0.088,0.088,0.089,0.088,0.088,0.088
,0:20:00,48,0.087,0.086,0.088,0.087,0.087,0.087,0.088,0.088,0.088,0.089,0.087,0.089,0.089,0.12,0.13,0.138,0.104,0.101,0.118,0.125,0.123,0.106,0.104,0.091,0.088,0.11,0.116,0.141,0.105,0.116,0.142,0.109,0.098,0.084,0.125,0.088,0.088,0.143,0.156,0.133,0.135,0.138,0.101,0.114,0.112,0.108,0.105,0.092,0.091,0.154,0.135,0.139,0.119,0.097,0.108,0.115,0.102,0.123,0.11,0.089,0.089,0.1,0.123,0.176,0.106,0.112,0.125,0.107,0.104,0.088,0.123,0.088,0.088,0.13,0.154,0.168,0.106,0.146,0.102,0.136,0.099,0.097,0.107,0.088,0.088,0.088,0.093,0.087,0.087,0.087,0.088,0.088,0.089,0.088,0.088,0.087
,0:25:00,48,0.086,0.086,0.087,0.087,0.087,0.087,0.088,0.088,0.088,0.089,0.087,0.089,0.089,0.122,0.133,0.143,0.106,0.106,0.119,0.126,0.127,0.106,0.105,0.091,0.088,0.112,0.118,0.145,0.107,0.119,0.147,0.109,0.098,0.084,0.128,0.088,0.088,0.148,0.161,0.136,0.138,0.143,0.101,0.116,0.114,0.108,0.107,0.092,0.091,0.164,0.142,0.146,0.124,0.098,0.11,0.119,0.103,0.126,0.112,0.09,0.089,0.102,0.128,0.188,0.108,0.116,0.13,0.109,0.106,0.088,0.127,0.088,0.088,0.135,0.165,0.18,0.109,0.154,0.104,0.143,0.1,0.098,0.11,0.088,0.088,0.088,0.093,0.087,0.087,0.087,0.088,0.088,0.092,0.088,0.087,0.087
,0:30:00,47.9,0.087,0.086,0.087,0.087,0.087,0.087,0.088,0.088,0.088,0.09,0.088,0.089,0.089,0.126,0.135,0.148,0.108,0.107,0.121,0.129,0.129,0.108,0.106,0.091,0.088,0.114,0.121,0.149,0.109,0.121,0.151,0.112,0.099,0.084,0.131,0.089,0.088,0.153,0.167,0.139,0.142,0.147,0.104,0.118,0.116,0.114,0.109,0.092,0.091,0.176,0.15,0.155,0.129,0.099,0.114,0.124,0.105,0.13,0.115,0.089,0.089,0.103,0.133,0.201,0.111,0.121,0.136,0.112,0.109,0.089,0.132,0.088,0.088,0.139,0.176,0.194,0.112,0.163,0.105,0.15,0.102,0.099,0.113,0.087,0.088,0.088,0.093,0.087,0.087,0.087,0.088,0.088,0.091,0.088,0.088,0.088
,0:35:00,48,0.087,0.087,0.087,0.087,0.087,0.087,0.089,0.088,0.088,0.09,0.088,0.089,0.089,0.128,0.138,0.151,0.11,0.109,0.124,0.132,0.133,0.109,0.107,0.091,0.088,0.115,0.123,0.151,0.112,0.122,0.156,0.112,0.1,0.085,0.134,0.089,0.088,0.156,0.172,0.142,0.146,0.151,0.105,0.121,0.118,0.112,0.111,0.092,0.09,0.19,0.159,0.166,0.135,0.099,0.117,0.129,0.106,0.134,0.119,0.089,0.089,0.104,0.138,0.216,0.115,0.126,0.142,0.116,0.111,0.088,0.137,0.088,0.088,0.144,0.189,0.209,0.115,0.173,0.107,0.158,0.103,0.101,0.116,0.088,0.088,0.088,0.093,0.087,0.087,0.087,0.088,0.088,0.092,0.088,0.087,0.087
,0:40:00,48,0.087,0.086,0.087,0.087,0.087,0.087,0.088,0.088,0.088,0.09,0.087,0.089,0.089,0.129,0.14,0.153,0.112,0.103,0.125,0.134,0.135,0.11,0.108,0.091,0.088,0.116,0.125,0.154,0.112,0.124,0.159,0.111,0.101,0.084,0.137,0.088,0.088,0.158,0.175,0.144,0.148,0.154,0.106,0.121,0.119,0.114,0.112,0.092,0.09,0.204,0.169,0.176,0.142,0.1,0.121,0.134,0.108,0.138,0.123,0.089,0.089,0.105,0.144,0.234,0.117,0.131,0.15,0.119,0.114,0.089,0.142,0.088,0.087,0.15,0.204,0.226,0.119,0.185,0.108,0.166,0.105,0.102,0.119,0.088,0.088,0.088,0.093,0.087,0.087,0.087,0.088,0.088,0.09,0.088,0.087,0.087
,0:45:00,48,0.086,0.086,0.087,0.087,0.087,0.087,0.088,0.088,0.088,0.089,0.087,0.089,0.088,0.13,0.141,0.155,0.112,0.105,0.126,0.136,0.135,0.11,0.108,0.09,0.088,0.116,0.125,0.155,0.113,0.124,0.16,0.113,0.101,0.084,0.139,0.088,0.088,0.159,0.177,0.145,0.149,0.155,0.105,0.123,0.12,0.112,0.112,0.092,0.091,0.219,0.18,0.187,0.149,0.1,0.124,0.139,0.11,0.142,0.126,0.089,0.089,0.106,0.15,0.25,0.121,0.137,0.157,0.122,0.117,0.088,0.148,0.088,0.087,0.156,0.219,0.245,0.123,0.197,0.109,0.175,0.106,0.103,0.123,0.088,0.088,0.088,0.093,0.086,0.087,0.087,0.087,0.088,0.09,0.088,0.087,0.087
,0:50:00,48,0.086,0.086,0.087,0.087,0.087,0.087,0.088,0.088,0.088,0.089,0.087,0.088,0.088,0.13,0.141,0.156,0.113,0.107,0.126,0.137,0.136,0.11,0.108,0.09,0.088,0.117,0.126,0.156,0.113,0.123,0.161,0.112,0.101,0.084,0.139,0.088,0.088,0.16,0.179,0.146,0.151,0.156,0.105,0.123,0.121,0.115,0.113,0.091,0.09,0.234,0.191,0.199,0.156,0.1,0.128,0.145,0.112,0.145,0.13,0.089,0.088,0.107,0.156,0.269,0.124,0.143,0.166,0.125,0.121,0.088,0.154,0.087,0.087,0.163,0.236,0.264,0.127,0.21,0.11,0.185,0.107,0.104,0.127,0.088,0.088,0.088,0.093,0.087,0.087,0.086,0.087,0.088,0.089,0.088,0.087,0.087
,0:55:00,48,0.087,0.086,0.087,0.087,0.087,0.087,0.089,0.088,0.088,0.089,0.087,0.089,0.089,0.131,0.142,0.157,0.113,0.105,0.127,0.138,0.137,0.111,0.109,0.091,0.088,0.117,0.126,0.157,0.114,0.124,0.162,0.112,0.102,0.084,0.14,0.088,0.088,0.161,0.18,0.147,0.152,0.158,0.106,0.125,0.121,0.113,0.113,0.092,0.09,0.248,0.204,0.212,0.164,0.102,0.133,0.152,0.114,0.151,0.136,0.089,0.089,0.109,0.163,0.285,0.128,0.149,0.175,0.129,0.125,0.088,0.161,0.088,0.088,0.171,0.25,0.278,0.132,0.225,0.112,0.196,0.109,0.105,0.131,0.088,0.088,0.088,0.093,0.087,0.087,0.087,0.087,0.088,0.088,0.088,0.087,0.087
,1:00:00,48,0.087,0.086,0.087,0.087,0.087,0.087,0.088,0.088,0.088,0.09,0.087,0.089,0.088,0.132,0.143,0.158,0.112,0.105,0.128,0.138,0.137,0.111,0.109,0.091,0.088,0.118,0.127,0.158,0.115,0.124,0.164,0.114,0.101,0.084,0.141,0.089,0.088,0.162,0.182,0.148,0.153,0.159,0.106,0.124,0.122,0.115,0.114,0.092,0.091,0.257,0.215,0.224,0.171,0.102,0.138,0.159,0.116,0.155,0.141,0.089,0.089,0.11,0.171,0.296,0.131,0.157,0.186,0.134,0.129,0.088,0.168,0.088,0.087,0.18,0.26,0.288,0.137,0.24,0.114,0.207,0.112,0.106,0.136,0.088,0.088,0.088,0.093,0.087,0.087,0.087,0.087,0.088,0.089,0.088,0.087,0.087
,1:05:00,47.9,0.087,0.086,0.087,0.087,0.087,0.087,0.089,0.088,0.088,0.09,0.087,0.089,0.089,0.132,0.144,0.159,0.114,0.106,0.128,0.139,0.138,0.111,0.11,0.09,0.088,0.119,0.127,0.159,0.115,0.125,0.164,0.113,0.102,0.084,0.142,0.089,0.088,0.162,0.183,0.149,0.154,0.16,0.106,0.125,0.122,0.116,0.114,0.092,0.089,0.263,0.224,0.234,0.18,0.102,0.142,0.165,0.118,0.159,0.145,0.089,0.089,0.111,0.178,0.304,0.136,0.164,0.195,0.138,0.134,0.088,0.177,0.087,0.088,0.19,0.27,0.299,0.143,0.25,0.115,0.219,0.114,0.107,0.142,0.088,0.088,0.088,0.093,0.087,0.087,0.087,0.087,0.088,0.089,0.088,0.087,0.087
,1:10:00,48,0.087,0.086,0.087,0.087,0.087,0.087,0.089,0.088,0.088,0.089,0.087,0.089,0.089,0.132,0.144,0.16,0.114,0.107,0.129,0.14,0.138,0.111,0.114,0.091,0.088,0.119,0.128,0.16,0.115,0.125,0.164,0.113,0.103,0.085,0.143,0.089,0.088,0.163,0.184,0.15,0.154,0.16,0.106,0.126,0.123,0.117,0.114,0.092,0.091,0.269,0.229,0.241,0.188,0.103,0.147,0.172,0.12,0.165,0.15,0.09,0.089,0.112,0.187,0.311,0.14,0.171,0.205,0.143,0.139,0.089,0.185,0.088,0.088,0.199,0.281,0.308,0.15,0.257,0.117,0.229,0.116,0.108,0.148,0.088,0.088,0.088,0.093,0.087,0.087,0.087,0.088,0.088,0.092,0.088,0.087,0.087
,1:15:00,48,0.087,0.086,0.088,0.087,0.087,0.087,0.088,0.088,0.088,0.089,0.087,0.089,0.089,0.133,0.144,0.16,0.115,0.11,0.129,0.139,0.138,0.111,0.115,0.09,0.088,0.119,0.128,0.16,0.115,0.125,0.165,0.114,0.102,0.085,0.143,0.089,0.088,0.163,0.185,0.15,0.155,0.161,0.107,0.126,0.123,0.116,0.114,0.092,0.089,0.275,0.234,0.246,0.196,0.103,0.151,0.179,0.123,0.168,0.158,0.089,0.089,0.113,0.195,0.318,0.145,0.179,0.215,0.149,0.144,0.088,0.195,0.087,0.088,0.209,0.291,0.316,0.156,0.265,0.118,0.239,0.118,0.11,0.154,0.088,0.088,0.088,0.094,0.087,0.087,0.087,0.088,0.088,0.088,0.088,0.087,0.087
,1:20:00,47.9,0.087,0.086,0.087,0.087,0.087,0.087,0.088,0.088,0.088,0.09,0.088,0.088,0.089,0.133,0.144,0.161,0.114,0.11,0.13,0.14,0.139,0.111,0.111,0.091,0.088,0.119,0.129,0.161,0.116,0.125,0.165,0.114,0.104,0.084,0.144,0.089,0.088,0.164,0.185,0.151,0.155,0.161,0.106,0.126,0.123,0.116,0.115,0.092,0.09,0.281,0.238,0.252,0.204,0.103,0.155,0.186,0.125,0.172,0.164,0.09,0.089,0.115,0.203,0.323,0.151,0.187,0.222,0.154,0.149,0.089,0.204,0.087,0.088,0.218,0.301,0.325,0.163,0.273,0.119,0.245,0.121,0.111,0.161,0.088,0.088,0.088,0.093,0.087,0.087,0.087,0.088,0.088,0.091,0.088,0.087,0.088
,1:25:00,47.9,0.087,0.086,0.087,0.087,0.087,0.087,0.088,0.088,0.088,0.089,0.087,0.088,0.088,0.133,0.144,0.161,0.115,0.111,0.129,0.14,0.139,0.112,0.115,0.09,0.088,0.12,0.129,0.161,0.116,0.125,0.165,0.114,0.105,0.084,0.144,0.088,0.088,0.164,0.186,0.151,0.155,0.161,0.106,0.126,0.123,0.117,0.115,0.092,0.091,0.287,0.243,0.257,0.211,0.103,0.159,0.192,0.128,0.176,0.169,0.089,0.089,0.116,0.209,0.328,0.155,0.193,0.226,0.159,0.154,0.088,0.213,0.087,0.088,0.226,0.309,0.332,0.169,0.28,0.12,0.251,0.124,0.113,0.168,0.088,0.088,0.088,0.093,0.087,0.087,0.087,0.088,0.089,0.092,0.088,0.087,0.087
,1:30:00,48,0.087,0.086,0.087,0.087,0.087,0.087,0.088,0.088,0.088,0.089,0.087,0.088,0.089,0.133,0.144,0.161,0.115,0.112,0.13,0.14,0.139,0.111,0.113,0.091,0.088,0.12,0.13,0.162,0.116,0.126,0.165,0.113,0.102,0.084,0.144,0.089,0.088,0.164,0.187,0.152,0.156,0.163,0.107,0.126,0.124,0.117,0.115,0.092,0.089,0.293,0.248,0.263,0.216,0.104,0.163,0.199,0.13,0.18,0.175,0.089,0.09,0.118,0.216,0.334,0.161,0.196,0.23,0.163,0.16,0.088,0.22,0.087,0.088,0.233,0.319,0.341,0.176,0.287,0.121,0.258,0.127,0.115,0.176,0.087,0.088,0.088,0.093,0.087,0.087,0.087,0.088,0.089,0.089,0.088,0.087,0.087
,1:35:00,48,0.086,0.086,0.088,0.087,0.087,0.087,0.088,0.088,0.088,0.089,0.087,0.088,0.088,0.133,0.144,0.162,0.115,0.111,0.13,0.14,0.139,0.111,0.112,0.09,0.088,0.12,0.13,0.162,0.115,0.126,0.166,0.113,0.103,0.084,0.144,0.089,0.088,0.164,0.186,0.152,0.156,0.162,0.107,0.126,0.124,0.117,0.115,0.092,0.089,0.299,0.253,0.268,0.219,0.104,0.167,0.204,0.132,0.183,0.179,0.089,0.089,0.119,0.221,0.339,0.165,0.2,0.234,0.169,0.164,0.088,0.223,0.088,0.088,0.238,0.328,0.349,0.18,0.294,0.121,0.264,0.13,0.117,0.184,0.088,0.088,0.087,0.093,0.087,0.087,0.087,0.087,0.088,0.091,0.088,0.087,0.087
,1:40:00,48,0.087,0.086,0.087,0.087,0.087,0.087,0.088,0.088,0.088,0.089,0.087,0.088,0.088,0.133,0.145,0.163,0.116,0.113,0.13,0.14,0.139,0.112,0.111,0.09,0.088,0.121,0.13,0.162,0.116,0.126,0.166,0.112,0.102,0.084,0.144,0.088,0.088,0.165,0.188,0.152,0.157,0.163,0.107,0.126,0.124,0.117,0.115,0.092,0.091,0.305,0.256,0.272,0.223,0.105,0.171,0.208,0.135,0.186,0.184,0.089,0.089,0.121,0.223,0.345,0.17,0.204,0.239,0.173,0.17,0.089,0.229,0.087,0.087,0.241,0.339,0.359,0.183,0.302,0.123,0.271,0.134,0.118,0.191,0.087,0.088,0.088,0.093,0.087,0.087,0.087,0.088,0.088,0.09,0.088,0.087,0.087
,1:45:00,48,0.087,0.086,0.087,0.087,0.087,0.087,0.088,0.088,0.088,0.089,0.087,0.088,0.088,0.133,0.144,0.162,0.116,0.113,0.13,0.14,0.139,0.111,0.115,0.09,0.088,0.121,0.131,0.162,0.116,0.126,0.166,0.112,0.103,0.084,0.144,0.088,0.088,0.165,0.188,0.152,0.156,0.163,0.107,0.126,0.124,0.119,0.116,0.092,0.09,0.312,0.261,0.277,0.225,0.105,0.174,0.209,0.137,0.189,0.184,0.089,0.089,0.122,0.225,0.349,0.176,0.208,0.243,0.177,0.174,0.088,0.234,0.087,0.088,0.245,0.349,0.367,0.184,0.308,0.123,0.277,0.137,0.12,0.197,0.088,0.088,0.088,0.093,0.087,0.087,0.086,0.087,0.088,0.092,0.088,0.087,0.087
,1:50:00,48,0.087,0.086,0.087,0.087,0.087,0.087,0.088,0.088,0.088,0.09,0.087,0.088,0.088,0.133,0.145,0.163,0.116,0.111,0.131,0.14,0.14,0.112,0.115,0.091,0.088,0.121,0.131,0.162,0.116,0.126,0.166,0.112,0.103,0.084,0.145,0.088,0.088,0.165,0.188,0.153,0.157,0.164,0.107,0.126,0.124,0.118,0.115,0.092,0.09,0.319,0.266,0.282,0.229,0.105,0.177,0.211,0.14,0.192,0.187,0.089,0.089,0.124,0.228,0.354,0.181,0.213,0.247,0.181,0.178,0.088,0.239,0.088,0.088,0.249,0.36,0.376,0.185,0.316,0.124,0.283,0.141,0.122,0.201,0.087,0.088,0.088,0.093,0.087,0.087,0.087,0.088,0.088,0.091,0.088,0.087,0.087
,1:55:00,48,0.087,0.086,0.087,0.087,0.087,0.087,0.088,0.088,0.088,0.089,0.087,0.088,0.089,0.133,0.145,0.163,0.116,0.113,0.131,0.14,0.14,0.111,0.116,0.09,0.088,0.121,0.131,0.162,0.116,0.126,0.166,0.112,0.104,0.084,0.145,0.088,0.088,0.165,0.188,0.153,0.157,0.164,0.106,0.127,0.125,0.119,0.116,0.092,0.09,0.326,0.271,0.287,0.232,0.105,0.18,0.212,0.143,0.193,0.191,0.089,0.089,0.126,0.23,0.36,0.184,0.218,0.251,0.184,0.179,0.088,0.245,0.087,0.088,0.251,0.37,0.383,0.188,0.324,0.125,0.29,0.145,0.123,0.204,0.088,0.088,0.087,0.093,0.087,0.087,0.087,0.087,0.088,0.091,0.088,0.087,0.087
,2:00:00,48,0.086,0.086,0.087,0.087,0.087,0.087,0.088,0.088,0.088,0.089,0.087,0.088,0.088,0.134,0.144,0.163,0.116,0.113,0.131,0.141,0.14,0.111,0.114,0.09,0.088,0.121,0.132,0.162,0.116,0.126,0.167,0.112,0.104,0.084,0.145,0.088,0.088,0.166,0.189,0.153,0.157,0.164,0.107,0.127,0.125,0.119,0.116,0.092,0.089,0.332,0.277,0.292,0.236,0.106,0.181,0.214,0.146,0.198,0.195,0.089,0.089,0.129,0.234,0.365,0.186,0.223,0.255,0.185,0.181,0.088,0.25,0.088,0.088,0.255,0.382,0.392,0.191,0.332,0.126,0.298,0.15,0.126,0.209,0.088,0.088,0.087,0.093,0.087,0.087,0.087,0.088,0.088,0.09,0.088,0.087,0.087
,2:05:00,47.9,0.088,0.087,0.088,0.088,0.088,0.087,0.089,0.088,0.088,0.09,0.088,0.088,0.089,0.134,0.145,0.163,0.116,0.114,0.131,0.141,0.141,0.112,0.115,0.091,0.088,0.122,0.132,0.162,0.117,0.126,0.167,0.113,0.103,0.085,0.146,0.089,0.089,0.166,0.19,0.153,0.158,0.165,0.107,0.127,0.126,0.119,0.117,0.092,0.091,0.34,0.283,0.297,0.239,0.106,0.183,0.217,0.149,0.203,0.198,0.09,0.089,0.13,0.238,0.37,0.189,0.228,0.259,0.188,0.183,0.089,0.256,0.088,0.089,0.259,0.393,0.4,0.195,0.34,0.127,0.307,0.156,0.129,0.215,0.088,0.088,0.088,0.094,0.088,0.087,0.087,0.088,0.088,0.09,0.088,0.088,0.088
,2:10:00,48,0.087,0.086,0.087,0.087,0.087,0.087,0.088,0.088,0.088,0.089,0.087,0.088,0.088,0.134,0.145,0.164,0.116,0.113,0.131,0.141,0.14,0.112,0.117,0.09,0.088,0.122,0.132,0.161,0.116,0.126,0.167,0.112,0.104,0.084,0.145,0.088,0.088,0.166,0.189,0.154,0.158,0.165,0.107,0.127,0.126,0.119,0.116,0.092,0.091,0.346,0.288,0.303,0.242,0.106,0.184,0.219,0.152,0.204,0.202,0.089,0.089,0.132,0.242,0.374,0.191,0.232,0.263,0.189,0.185,0.089,0.261,0.087,0.089,0.263,0.403,0.408,0.198,0.348,0.128,0.315,0.16,0.13,0.219,0.088,0.088,0.088,0.093,0.087,0.087,0.087,0.087,0.087,0.09,0.087,0.087,0.088
,2:15:00,47.9,0.086,0.086,0.087,0.087,0.087,0.086,0.088,0.087,0.088,0.089,0.087,0.088,0.088,0.133,0.145,0.163,0.116,0.113,0.131,0.14,0.141,0.111,0.116,0.09,0.087,0.122,0.132,0.161,0.116,0.126,0.167,0.112,0.104,0.084,0.145,0.088,0.088,0.166,0.19,0.153,0.158,0.165,0.107,0.127,0.125,0.118,0.116,0.091,0.09,0.353,0.294,0.307,0.245,0.105,0.185,0.22,0.154,0.206,0.205,0.089,0.089,0.133,0.243,0.38,0.195,0.236,0.267,0.19,0.187,0.088,0.265,0.087,0.088,0.265,0.412,0.415,0.201,0.356,0.128,0.323,0.166,0.132,0.225,0.087,0.087,0.087,0.093,0.087,0.086,0.087,0.087,0.087,0.09,0.087,0.087,0.087
,2:20:00,48,0.087,0.087,0.087,0.087,0.087,0.087,0.089,0.088,0.089,0.09,0.088,0.089,0.089,0.135,0.146,0.164,0.116,0.113,0.132,0.141,0.141,0.112,0.117,0.091,0.088,0.123,0.133,0.161,0.117,0.127,0.167,0.113,0.105,0.084,0.146,0.089,0.089,0.166,0.19,0.154,0.159,0.165,0.108,0.128,0.126,0.117,0.117,0.092,0.09,0.36,0.301,0.314,0.249,0.107,0.186,0.223,0.158,0.209,0.209,0.089,0.089,0.136,0.246,0.385,0.198,0.242,0.272,0.193,0.19,0.089,0.272,0.088,0.088,0.27,0.422,0.422,0.205,0.364,0.129,0.333,0.172,0.136,0.231,0.088,0.088,0.088,0.094,0.087,0.087,0.087,0.088,0.088,0.091,0.088,0.088,0.087
,2:25:00,48,0.086,0.086,0.087,0.087,0.087,0.087,0.088,0.088,0.088,0.089,0.087,0.089,0.088,0.134,0.145,0.164,0.116,0.113,0.131,0.141,0.141,0.111,0.117,0.09,0.088,0.122,0.133,0.161,0.116,0.127,0.167,0.112,0.103,0.084,0.146,0.088,0.088,0.166,0.19,0.153,0.158,0.165,0.108,0.127,0.126,0.119,0.116,0.092,0.091,0.366,0.306,0.318,0.251,0.106,0.187,0.224,0.16,0.211,0.213,0.089,0.089,0.137,0.25,0.389,0.201,0.246,0.277,0.194,0.191,0.088,0.277,0.088,0.088,0.273,0.431,0.428,0.207,0.371,0.129,0.341,0.177,0.137,0.236,0.087,0.087,0.087,0.093,0.087,0.087,0.086,0.087,0.088,0.09,0.088,0.087,0.087
,2:30:00,48,0.087,0.086,0.088,0.087,0.087,0.087,0.088,0.088,0.089,0.09,0.088,0.089,0.089,0.135,0.146,0.164,0.117,0.114,0.132,0.141,0.142,0.112,0.117,0.091,0.088,0.123,0.133,0.162,0.117,0.127,0.168,0.113,0.103,0.084,0.146,0.089,0.089,0.167,0.191,0.153,0.159,0.165,0.108,0.128,0.126,0.12,0.117,0.092,0.09,0.373,0.313,0.325,0.255,0.107,0.188,0.226,0.164,0.212,0.218,0.09,0.089,0.14,0.255,0.394,0.204,0.252,0.281,0.196,0.194,0.089,0.284,0.088,0.088,0.278,0.441,0.436,0.212,0.38,0.131,0.351,0.184,0.141,0.242,0.088,0.088,0.088,0.094,0.087,0.087,0.087,0.088,0.088,0.091,0.088,0.087,0.088
,2:35:00,48,0.087,0.086,0.087,0.086,0.087,0.086,0.088,0.088,0.088,0.089,0.087,0.088,0.088,0.134,0.145,0.165,0.117,0.113,0.132,0.141,0.141,0.111,0.117,0.09,0.088,0.122,0.133,0.161,0.116,0.126,0.167,0.113,0.102,0.084,0.146,0.088,0.088,0.166,0.191,0.153,0.159,0.165,0.108,0.127,0.126,0.119,0.117,0.092,0.09,0.379,0.32,0.329,0.257,0.107,0.188,0.228,0.166,0.213,0.219,0.089,0.089,0.141,0.259,0.398,0.206,0.257,0.286,0.197,0.196,0.088,0.289,0.088,0.088,0.28,0.451,0.443,0.214,0.386,0.131,0.36,0.189,0.143,0.246,0.088,0.087,0.087,0.093,0.086,0.086,0.086,0.087,0.088,0.091,0.088,0.087,0.087
,2:40:00,48,0.087,0.086,0.087,0.087,0.087,0.086,0.088,0.088,0.088,0.089,0.087,0.088,0.089,0.134,0.145,0.165,0.117,0.113,0.132,0.141,0.142,0.111,0.116,0.09,0.088,0.123,0.133,0.161,0.117,0.127,0.167,0.112,0.103,0.084,0.147,0.088,0.088,0.166,0.191,0.153,0.159,0.165,0.108,0.127,0.126,0.119,0.117,0.092,0.091,0.384,0.325,0.336,0.261,0.107,0.189,0.23,0.169,0.214,0.222,0.089,0.089,0.143,0.261,0.403,0.21,0.263,0.291,0.199,0.199,0.088,0.296,0.087,0.088,0.285,0.459,0.449,0.22,0.394,0.132,0.37,0.193,0.146,0.252,0.088,0.088,0.088,0.093,0.087,0.087,0.087,0.087,0.088,0.091,0.087,0.087,0.087
,2:45:00,48,0.087,0.086,0.087,0.087,0.087,0.087,0.088,0.088,0.088,0.089,0.088,0.088,0.089,0.135,0.145,0.165,0.116,0.112,0.132,0.141,0.142,0.111,0.116,0.09,0.088,0.123,0.133,0.161,0.116,0.127,0.168,0.113,0.105,0.084,0.147,0.089,0.088,0.166,0.191,0.153,0.159,0.166,0.108,0.127,0.126,0.119,0.117,0.092,0.09,0.389,0.331,0.341,0.265,0.107,0.191,0.232,0.171,0.221,0.228,0.089,0.089,0.144,0.266,0.407,0.213,0.269,0.296,0.201,0.201,0.088,0.302,0.087,0.088,0.287,0.468,0.455,0.223,0.4,0.132,0.379,0.194,0.149,0.258,0.088,0.088,0.087,0.093,0.087,0.087,0.087,0.087,0.087,0.091,0.088,0.087,0.087
,2:50:00,47.9,0.087,0.086,0.087,0.087,0.087,0.087,0.088,0.088,0.088,0.09,0.088,0.088,0.089,0.135,0.145,0.165,0.117,0.114,0.132,0.142,0.142,0.112,0.118,0.091,0.088,0.123,0.134,0.161,0.117,0.127,0.168,0.113,0.104,0.084,0.147,0.089,0.089,0.167,0.192,0.154,0.16,0.166,0.109,0.128,0.127,0.12,0.118,0.092,0.091,0.395,0.339,0.347,0.269,0.108,0.193,0.234,0.174,0.219,0.228,0.089,0.089,0.146,0.268,0.41,0.216,0.275,0.301,0.202,0.203,0.088,0.31,0.088,0.088,0.291,0.475,0.46,0.224,0.406,0.132,0.388,0.195,0.153,0.264,0.088,0.088,0.088,0.093,0.087,0.087,0.087,0.088,0.088,0.091,0.088,0.087,0.087
,2:55:00,48,0.087,0.086,0.087,0.086,0.087,0.087,0.088,0.087,0.088,0.089,0.087,0.088,0.088,0.135,0.145,0.166,0.117,0.113,0.132,0.141,0.143,0.111,0.117,0.09,0.088,0.123,0.134,0.161,0.116,0.127,0.168,0.112,0.103,0.084,0.147,0.088,0.088,0.167,0.192,0.153,0.16,0.166,0.108,0.128,0.127,0.118,0.117,0.092,0.09,0.4,0.344,0.352,0.273,0.107,0.194,0.237,0.175,0.219,0.234,0.089,0.089,0.146,0.268,0.415,0.218,0.281,0.305,0.202,0.205,0.088,0.317,0.087,0.088,0.293,0.483,0.464,0.226,0.412,0.132,0.397,0.197,0.155,0.27,0.088,0.088,0.087,0.093,0.087,0.087,0.087,0.087,0.087,0.09,0.088,0.087,0.087
,3:00:00,47.9,0.087,0.086,0.087,0.087,0.087,0.087,0.088,0.088,0.088,0.089,0.087,0.088,0.088,0.136,0.146,0.166,0.117,0.113,0.133,0.141,0.143,0.112,0.116,0.09,0.088,0.123,0.134,0.161,0.117,0.127,0.168,0.113,0.103,0.084,0.147,0.088,0.089,0.168,0.192,0.153,0.16,0.166,0.108,0.128,0.127,0.119,0.118,0.092,0.091,0.404,0.348,0.357,0.277,0.107,0.193,0.239,0.177,0.218,0.237,0.09,0.089,0.146,0.264,0.417,0.22,0.288,0.309,0.204,0.207,0.088,0.323,0.087,0.088,0.296,0.491,0.47,0.231,0.418,0.133,0.405,0.198,0.159,0.277,0.088,0.088,0.088,0.093,0.087,0.087,0.087,0.087,0.088,0.088,0.088,0.087,0.087
,3:05:00,47.9,0.087,0.086,0.087,0.086,0.087,0.087,0.088,0.088,0.088,0.089,0.087,0.088,0.089,0.135,0.146,0.167,0.117,0.113,0.133,0.142,0.143,0.112,0.117,0.091,0.088,0.124,0.135,0.161,0.117,0.127,0.169,0.113,0.104,0.084,0.148,0.088,0.088,0.167,0.192,0.153,0.161,0.167,0.109,0.129,0.128,0.12,0.118,0.092,0.091,0.409,0.357,0.363,0.28,0.107,0.197,0.242,0.178,0.225,0.239,0.09,0.089,0.147,0.268,0.421,0.222,0.294,0.314,0.205,0.209,0.088,0.331,0.088,0.089,0.298,0.498,0.474,0.232,0.424,0.133,0.412,0.201,0.162,0.284,0.088,0.088,0.088,0.093,0.087,0.087,0.087,0.088,0.087,0.087,0.088,0.087,0.087
,3:10:00,48,0.087,0.086,0.087,0.086,0.087,0.087,0.088,0.088,0.088,0.089,0.087,0.088,0.089,0.136,0.146,0.167,0.117,0.112,0.133,0.142,0.144,0.112,0.117,0.091,0.088,0.124,0.135,0.161,0.117,0.127,0.169,0.112,0.104,0.084,0.148,0.088,0.089,0.168,0.192,0.154,0.161,0.167,0.108,0.129,0.128,0.121,0.118,0.092,0.09,0.414,0.361,0.368,0.285,0.107,0.197,0.244,0.18,0.226,0.241,0.089,0.089,0.147,0.265,0.424,0.224,0.3,0.318,0.207,0.211,0.088,0.338,0.088,0.088,0.301,0.505,0.478,0.236,0.43,0.132,0.419,0.203,0.165,0.29,0.088,0.087,0.088,0.093,0.087,0.087,0.087,0.087,0.088,0.087,0.087,0.087,0.087
,3:15:00,48,0.087,0.086,0.087,0.087,0.087,0.087,0.088,0.088,0.088,0.09,0.087,0.088,0.089,0.136,0.146,0.167,0.117,0.113,0.133,0.142,0.144,0.112,0.117,0.09,0.088,0.124,0.136,0.162,0.118,0.128,0.169,0.113,0.104,0.085,0.148,0.089,0.089,0.168,0.192,0.153,0.161,0.167,0.109,0.129,0.128,0.12,0.118,0.092,0.09,0.417,0.364,0.372,0.288,0.108,0.198,0.247,0.182,0.228,0.246,0.089,0.089,0.147,0.263,0.426,0.226,0.307,0.322,0.208,0.213,0.089,0.344,0.088,0.088,0.304,0.511,0.482,0.241,0.436,0.132,0.427,0.206,0.169,0.297,0.088,0.088,0.088,0.093,0.087,0.087,0.087,0.087,0.087,0.087,0.088,0.088,0.087
,3:20:00,48,0.087,0.086,0.087,0.086,0.087,0.087,0.088,0.088,0.088,0.089,0.087,0.088,0.089,0.136,0.146,0.167,0.117,0.113,0.133,0.142,0.144,0.112,0.117,0.09,0.088,0.125,0.135,0.162,0.118,0.128,0.169,0.113,0.105,0.084,0.148,0.088,0.089,0.168,0.193,0.153,0.162,0.168,0.109,0.129,0.128,0.12,0.118,0.092,0.09,0.421,0.368,0.376,0.292,0.108,0.199,0.249,0.183,0.227,0.249,0.09,0.089,0.148,0.264,0.429,0.227,0.314,0.327,0.208,0.215,0.089,0.351,0.088,0.088,0.306,0.518,0.487,0.245,0.441,0.132,0.433,0.209,0.173,0.304,0.088,0.088,0.088,0.094,0.087,0.087,0.087,0.087,0.087,0.087,0.088,0.087,0.087
,3:25:00,47.9,0.087,0.086,0.087,0.087,0.087,0.087,0.088,0.088,0.088,0.09,0.088,0.088,0.088,0.136,0.146,0.167,0.118,0.113,0.133,0.142,0.145,0.112,0.117,0.09,0.088,0.125,0.136,0.162,0.118,0.128,0.169,0.113,0.104,0.084,0.149,0.089,0.089,0.168,0.193,0.154,0.162,0.168,0.109,0.129,0.128,0.12,0.118,0.092,0.09,0.425,0.369,0.382,0.295,0.107,0.199,0.251,0.185,0.227,0.252,0.09,0.089,0.148,0.265,0.432,0.232,0.32,0.33,0.209,0.218,0.089,0.359,0.088,0.088,0.309,0.525,0.492,0.249,0.448,0.134,0.441,0.212,0.176,0.311,0.088,0.088,0.088,0.094,0.087,0.087,0.087,0.087,0.088,0.087,0.088,0.087,0.087
,3:30:00,47.9,0.086,0.086,0.087,0.086,0.087,0.087,0.088,0.088,0.088,0.09,0.087,0.088,0.089,0.136,0.146,0.168,0.118,0.113,0.133,0.142,0.145,0.112,0.117,0.09,0.088,0.125,0.136,0.162,0.118,0.128,0.169,0.113,0.104,0.084,0.149,0.088,0.089,0.168,0.193,0.153,0.162,0.168,0.109,0.129,0.129,0.121,0.118,0.092,0.089,0.429,0.377,0.386,0.299,0.107,0.2,0.252,0.187,0.225,0.255,0.09,0.089,0.149,0.269,0.435,0.234,0.327,0.335,0.211,0.22,0.089,0.367,0.088,0.088,0.312,0.532,0.497,0.254,0.454,0.134,0.448,0.216,0.179,0.319,0.088,0.088,0.088,0.093,0.087,0.087,0.087,0.088,0.088,0.087,0.088,0.087,0.087
,3:35:00,47.9,0.087,0.086,0.087,0.087,0.087,0.087,0.088,0.088,0.088,0.089,0.087,0.088,0.088,0.136,0.146,0.168,0.118,0.113,0.133,0.143,0.145,0.112,0.116,0.09,0.088,0.125,0.137,0.161,0.118,0.128,0.169,0.113,0.104,0.084,0.149,0.088,0.089,0.169,0.193,0.153,0.162,0.168,0.109,0.129,0.129,0.121,0.118,0.092,0.09,0.433,0.38,0.391,0.304,0.108,0.201,0.256,0.189,0.229,0.261,0.089,0.089,0.149,0.27,0.439,0.238,0.336,0.34,0.212,0.223,0.089,0.373,0.088,0.089,0.315,0.538,0.502,0.258,0.459,0.134,0.454,0.22,0.183,0.326,0.088,0.088,0.088,0.093,0.086,0.087,0.087,0.087,0.088,0.087,0.088,0.087,0.087
,3:40:00,48,0.087,0.086,0.087,0.087,0.087,0.087,0.088,0.088,0.088,0.09,0.088,0.088,0.089,0.137,0.147,0.169,0.118,0.113,0.133,0.143,0.146,0.112,0.118,0.091,0.088,0.125,0.137,0.162,0.118,0.128,0.169,0.113,0.103,0.085,0.149,0.089,0.089,0.169,0.194,0.153,0.163,0.168,0.109,0.129,0.129,0.122,0.119,0.092,0.09,0.438,0.387,0.395,0.309,0.108,0.203,0.259,0.19,0.229,0.264,0.089,0.089,0.15,0.272,0.443,0.242,0.343,0.344,0.214,0.226,0.089,0.382,0.088,0.089,0.318,0.545,0.505,0.267,0.465,0.134,0.46,0.223,0.186,0.334,0.089,0.088,0.088,0.094,0.087,0.087,0.087,0.088,0.088,0.087,0.088,0.087,0.087
,3:45:00,48,0.086,0.086,0.087,0.086,0.087,0.087,0.088,0.087,0.088,0.09,0.087,0.089,0.088,0.137,0.146,0.168,0.118,0.112,0.133,0.142,0.146,0.112,0.114,0.09,0.088,0.125,0.137,0.162,0.118,0.128,0.169,0.114,0.104,0.084,0.148,0.088,0.089,0.169,0.194,0.153,0.162,0.168,0.108,0.129,0.129,0.121,0.119,0.092,0.09,0.441,0.386,0.399,0.313,0.108,0.202,0.259,0.192,0.219,0.267,0.089,0.089,0.149,0.272,0.445,0.244,0.35,0.347,0.214,0.227,0.089,0.385,0.088,0.089,0.32,0.551,0.51,0.276,0.471,0.134,0.467,0.228,0.189,0.342,0.088,0.087,0.088,0.093,0.087,0.087,0.087,0.087,0.087,0.087,0.088,0.087,0.087
,3:50:00,47.9,0.087,0.086,0.087,0.087,0.087,0.087,0.088,0.087,0.088,0.089,0.087,0.088,0.088,0.136,0.146,0.169,0.117,0.112,0.133,0.142,0.146,0.112,0.117,0.09,0.088,0.125,0.137,0.162,0.118,0.128,0.169,0.114,0.103,0.084,0.149,0.088,0.088,0.168,0.193,0.153,0.162,0.168,0.108,0.129,0.129,0.12,0.119,0.092,0.09,0.445,0.387,0.405,0.316,0.107,0.203,0.263,0.193,0.225,0.271,0.089,0.089,0.151,0.275,0.449,0.249,0.358,0.351,0.216,0.23,0.089,0.392,0.087,0.088,0.323,0.557,0.514,0.278,0.475,0.134,0.473,0.232,0.192,0.35,0.088,0.088,0.087,0.093,0.087,0.086,0.087,0.087,0.087,0.087,0.088,0.087,0.087
,3:55:00,47.9,0.087,0.086,0.087,0.086,0.087,0.087,0.088,0.088,0.088,0.09,0.087,0.089,0.088,0.137,0.147,0.169,0.118,0.112,0.133,0.143,0.146,0.112,0.118,0.091,0.088,0.126,0.137,0.162,0.118,0.129,0.17,0.113,0.103,0.084,0.15,0.088,0.089,0.169,0.194,0.153,0.163,0.169,0.108,0.13,0.129,0.119,0.119,0.092,0.091,0.45,0.4,0.409,0.32,0.108,0.204,0.266,0.196,0.226,0.275,0.089,0.089,0.151,0.28,0.451,0.253,0.364,0.356,0.217,0.234,0.089,0.4,0.088,0.089,0.327,0.563,0.518,0.286,0.482,0.135,0.478,0.237,0.196,0.358,0.088,0.088,0.087,0.093,0.087,0.087,0.087,0.087,0.088,0.087,0.088,0.087,0.087
,4:00:00,48,0.087,0.086,0.087,0.087,0.087,0.087,0.088,0.088,0.088,0.09,0.087,0.089,0.089,0.138,0.147,0.17,0.118,0.112,0.134,0.143,0.147,0.112,0.118,0.091,0.088,0.125,0.137,0.163,0.119,0.13,0.17,0.113,0.103,0.085,0.15,0.089,0.089,0.17,0.194,0.154,0.163,0.169,0.108,0.13,0.13,0.122,0.12,0.092,0.09,0.454,0.408,0.416,0.324,0.108,0.207,0.268,0.197,0.235,0.283,0.09,0.089,0.152,0.282,0.455,0.257,0.372,0.362,0.219,0.237,0.09,0.407,0.088,0.088,0.33,0.569,0.523,0.29,0.487,0.135,0.484,0.241,0.199,0.366,0.088,0.088,0.088,0.094,0.087,0.087,0.087,0.088,0.088,0.087,0.088,0.088,0.087
,4:05:00,48,0.087,0.086,0.087,0.087,0.087,0.087,0.088,0.088,0.088,0.09,0.087,0.089,0.089,0.138,0.147,0.17,0.118,0.112,0.134,0.143,0.147,0.112,0.117,0.091,0.088,0.126,0.137,0.162,0.118,0.129,0.17,0.113,0.103,0.084,0.15,0.089,0.089,0.169,0.195,0.154,0.163,0.169,0.108,0.13,0.13,0.121,0.12,0.092,0.089,0.459,0.415,0.419,0.327,0.108,0.209,0.27,0.2,0.241,0.289,0.09,0.089,0.152,0.283,0.457,0.257,0.377,0.365,0.221,0.241,0.089,0.414,0.088,0.088,0.332,0.574,0.526,0.296,0.491,0.135,0.489,0.245,0.203,0.373,0.088,0.088,0.088,0.093,0.087,0.087,0.087,0.088,0.088,0.087,0.088,0.087,0.087
,4:10:00,48,0.087,0.086,0.087,0.087,0.087,0.087,0.088,0.088,0.088,0.09,0.087,0.088,0.089,0.137,0.147,0.17,0.118,0.112,0.134,0.143,0.147,0.112,0.117,0.09,0.088,0.125,0.137,0.163,0.118,0.129,0.17,0.113,0.105,0.084,0.15,0.088,0.089,0.17,0.195,0.153,0.163,0.169,0.108,0.13,0.13,0.122,0.119,0.092,0.09,0.461,0.416,0.423,0.329,0.108,0.208,0.27,0.202,0.237,0.288,0.089,0.089,0.151,0.284,0.461,0.262,0.384,0.37,0.222,0.244,0.089,0.418,0.088,0.089,0.336,0.579,0.53,0.303,0.495,0.135,0.494,0.253,0.206,0.38,0.088,0.088,0.088,0.093,0.087,0.087,0.087,0.087,0.087,0.087,0.088,0.087,0.087
,4:15:00,47.9,0.086,0.086,0.087,0.086,0.087,0.087,0.088,0.087,0.088,0.09,0.087,0.088,0.089,0.137,0.147,0.17,0.117,0.112,0.134,0.143,0.147,0.112,0.116,0.09,0.088,0.125,0.137,0.162,0.119,0.13,0.17,0.113,0.104,0.084,0.15,0.088,0.089,0.17,0.195,0.154,0.163,0.169,0.108,0.13,0.13,0.121,0.12,0.092,0.09,0.462,0.413,0.428,0.335,0.108,0.211,0.276,0.204,0.232,0.295,0.09,0.089,0.151,0.283,0.463,0.264,0.389,0.37,0.223,0.244,0.089,0.422,0.088,0.088,0.337,0.582,0.534,0.31,0.5,0.135,0.499,0.257,0.21,0.387,0.088,0.088,0.088,0.093,0.086,0.087,0.087,0.087,0.088,0.087,0.088,0.087,0.087
,4:20:00,47.9,0.086,0.086,0.087,0.086,0.087,0.087,0.087,0.087,0.088,0.09,0.087,0.088,0.088,0.137,0.147,0.17,0.117,0.112,0.134,0.143,0.148,0.112,0.113,0.09,0.088,0.125,0.138,0.163,0.118,0.129,0.169,0.113,0.103,0.084,0.15,0.088,0.088,0.169,0.195,0.153,0.163,0.169,0.108,0.13,0.13,0.121,0.12,0.092,0.089,0.468,0.425,0.432,0.336,0.108,0.21,0.276,0.206,0.242,0.299,0.089,0.088,0.151,0.285,0.466,0.27,0.395,0.376,0.224,0.248,0.089,0.429,0.088,0.088,0.341,0.587,0.535,0.314,0.504,0.135,0.503,0.262,0.214,0.394,0.088,0.087,0.087,0.093,0.087,0.086,0.086,0.087,0.087,0.087,0.088,0.087,0.087
,4:25:00,48,0.087,0.086,0.087,0.087,0.087,0.087,0.088,0.088,0.088,0.09,0.087,0.088,0.088,0.137,0.147,0.171,0.118,0.112,0.134,0.143,0.148,0.112,0.114,0.09,0.088,0.126,0.138,0.163,0.118,0.129,0.17,0.113,0.103,0.085,0.15,0.089,0.089,0.17,0.195,0.154,0.164,0.169,0.108,0.131,0.13,0.121,0.12,0.092,0.091,0.471,0.427,0.437,0.34,0.108,0.213,0.281,0.209,0.241,0.304,0.089,0.089,0.151,0.289,0.469,0.276,0.401,0.381,0.227,0.253,0.089,0.435,0.088,0.088,0.344,0.591,0.539,0.317,0.508,0.135,0.507,0.27,0.219,0.401,0.087,0.088,0.088,0.093,0.086,0.087,0.087,0.087,0.087,0.087,0.088,0.087,0.087
,4:30:00,48,0.087,0.086,0.087,0.086,0.087,0.087,0.088,0.087,0.088,0.09,0.087,0.088,0.089,0.138,0.147,0.17,0.117,0.112,0.134,0.143,0.148,0.113,0.114,0.09,0.088,0.126,0.138,0.163,0.119,0.129,0.17,0.113,0.105,0.084,0.15,0.088,0.089,0.17,0.196,0.154,0.164,0.169,0.108,0.131,0.131,0.121,0.121,0.092,0.091,0.472,0.426,0.44,0.345,0.108,0.214,0.282,0.211,0.236,0.306,0.089,0.088,0.151,0.285,0.472,0.278,0.406,0.384,0.227,0.254,0.089,0.437,0.088,0.088,0.346,0.595,0.542,0.325,0.512,0.135,0.512,0.276,0.223,0.406,0.088,0.088,0.088,0.093,0.087,0.087,0.087,0.088,0.088,0.087,0.088,0.087,0.088
,4:35:00,48,0.087,0.086,0.087,0.088,0.087,0.087,0.088,0.087,0.088,0.09,0.087,0.088,0.089,0.138,0.147,0.171,0.117,0.112,0.134,0.143,0.148,0.113,0.115,0.09,0.088,0.126,0.138,0.163,0.118,0.129,0.17,0.113,0.103,0.084,0.15,0.088,0.088,0.17,0.196,0.154,0.164,0.169,0.108,0.13,0.13,0.122,0.119,0.092,0.09,0.477,0.434,0.444,0.347,0.108,0.214,0.284,0.213,0.24,0.312,0.089,0.089,0.15,0.289,0.475,0.279,0.409,0.387,0.229,0.259,0.089,0.442,0.088,0.087,0.348,0.598,0.545,0.328,0.515,0.135,0.515,0.281,0.228,0.411,0.087,0.088,0.087,0.093,0.087,0.087,0.086,0.087,0.087,0.087,0.088,0.087,0.087
,4:40:00,47.9,0.087,0.086,0.087,0.086,0.087,0.087,0.088,0.088,0.088,0.09,0.088,0.088,0.089,0.138,0.147,0.171,0.118,0.112,0.134,0.143,0.149,0.113,0.114,0.09,0.088,0.126,0.138,0.162,0.119,0.129,0.17,0.113,0.103,0.084,0.151,0.088,0.089,0.17,0.196,0.154,0.164,0.169,0.108,0.13,0.131,0.12,0.121,0.092,0.09,0.479,0.437,0.448,0.351,0.108,0.218,0.288,0.216,0.24,0.317,0.09,0.089,0.15,0.29,0.477,0.286,0.415,0.389,0.231,0.262,0.089,0.449,0.088,0.088,0.352,0.602,0.548,0.333,0.519,0.135,0.518,0.288,0.233,0.417,0.088,0.088,0.088,0.093,0.087,0.087,0.087,0.087,0.088,0.087,0.088,0.087,0.087
,4:45:00,47.9,0.087,0.086,0.087,0.087,0.087,0.087,0.088,0.088,0.088,0.09,0.088,0.088,0.089,0.138,0.147,0.171,0.118,0.112,0.134,0.143,0.149,0.112,0.114,0.091,0.088,0.126,0.138,0.163,0.119,0.13,0.17,0.113,0.104,0.084,0.15,0.089,0.089,0.17,0.197,0.154,0.164,0.169,0.108,0.13,0.131,0.122,0.121,0.092,0.091,0.481,0.433,0.45,0.354,0.108,0.218,0.288,0.218,0.236,0.32,0.09,0.089,0.151,0.29,0.48,0.285,0.418,0.393,0.233,0.264,0.089,0.45,0.088,0.088,0.354,0.605,0.551,0.34,0.523,0.135,0.522,0.296,0.238,0.422,0.088,0.088,0.088,0.094,0.087,0.087,0.087,0.088,0.088,0.087,0.088,0.087,0.087
,4:50:00,47.9,0.087,0.086,0.087,0.087,0.087,0.087,0.087,0.088,0.088,0.09,0.087,0.088,0.089,0.138,0.147,0.171,0.118,0.112,0.134,0.143,0.149,0.113,0.114,0.09,0.088,0.126,0.139,0.163,0.119,0.13,0.17,0.113,0.103,0.084,0.151,0.089,0.089,0.17,0.197,0.154,0.164,0.169,0.108,0.13,0.131,0.122,0.122,0.092,0.091,0.482,0.436,0.454,0.356,0.108,0.219,0.29,0.22,0.236,0.324,0.09,0.089,0.149,0.291,0.482,0.291,0.422,0.395,0.233,0.268,0.089,0.455,0.088,0.088,0.356,0.608,0.554,0.346,0.526,0.135,0.525,0.302,0.244,0.426,0.088,0.088,0.088,0.093,0.087,0.087,0.087,0.088,0.088,0.087,0.088,0.087,0.087
,4:55:00,47.9,0.087,0.086,0.087,0.086,0.087,0.087,0.088,0.088,0.088,0.09,0.087,0.088,0.089,0.139,0.147,0.172,0.117,0.112,0.134,0.143,0.149,0.113,0.116,0.09,0.088,0.126,0.138,0.163,0.119,0.13,0.169,0.113,0.105,0.084,0.151,0.088,0.09,0.17,0.197,0.155,0.165,0.169,0.108,0.131,0.131,0.121,0.121,0.092,0.091,0.486,0.443,0.458,0.358,0.108,0.22,0.292,0.224,0.247,0.338,0.09,0.089,0.149,0.293,0.484,0.295,0.428,0.398,0.236,0.273,0.089,0.462,0.088,0.088,0.359,0.609,0.557,0.349,0.529,0.135,0.529,0.308,0.25,0.43,0.088,0.088,0.088,0.093,0.087,0.087,0.087,0.087,0.088,0.087,0.088,0.088,0.087
,5:00:00,48,0.087,0.086,0.087,0.086,0.087,0.086,0.088,0.087,0.088,0.09,0.087,0.088,0.089,0.138,0.147,0.172,0.118,0.112,0.134,0.143,0.15,0.112,0.114,0.09,0.088,0.126,0.138,0.163,0.119,0.13,0.17,0.113,0.103,0.084,0.15,0.088,0.09,0.17,0.197,0.154,0.164,0.17,0.108,0.13,0.131,0.122,0.122,0.092,0.09,0.487,0.447,0.461,0.362,0.108,0.222,0.298,0.226,0.243,0.335,0.089,0.089,0.148,0.292,0.487,0.298,0.429,0.402,0.237,0.276,0.089,0.465,0.088,0.087,0.36,0.611,0.559,0.356,0.531,0.136,0.532,0.316,0.256,0.435,0.088,0.088,0.087,0.094,0.087,0.086,0.087,0.087,0.087,0.087,0.088,0.087,0.087
,5:05:00,48,0.087,0.086,0.087,0.086,0.087,0.087,0.088,0.087,0.088,0.09,0.087,0.088,0.088,0.138,0.147,0.172,0.118,0.112,0.134,0.143,0.15,0.113,0.114,0.091,0.088,0.126,0.139,0.163,0.119,0.129,0.17,0.113,0.102,0.084,0.151,0.088,0.089,0.17,0.197,0.155,0.165,0.169,0.108,0.131,0.131,0.122,0.122,0.091,0.089,0.49,0.447,0.464,0.364,0.108,0.223,0.297,0.23,0.249,0.344,0.089,0.089,0.148,0.294,0.488,0.303,0.434,0.404,0.24,0.281,0.089,0.47,0.088,0.088,0.362,0.614,0.561,0.356,0.534,0.135,0.534,0.321,0.263,0.439,0.088,0.088,0.088,0.093,0.087,0.087,0.087,0.087,0.088,0.087,0.088,0.087,0.087
,5:10:00,48,0.087,0.086,0.087,0.086,0.087,0.087,0.088,0.087,0.088,0.09,0.087,0.088,0.088,0.139,0.147,0.172,0.117,0.112,0.134,0.143,0.15,0.112,0.114,0.09,0.088,0.126,0.139,0.163,0.119,0.13,0.169,0.113,0.102,0.084,0.151,0.088,0.089,0.171,0.197,0.155,0.164,0.169,0.108,0.131,0.131,0.122,0.122,0.092,0.09,0.492,0.448,0.466,0.369,0.108,0.226,0.301,0.233,0.243,0.344,0.089,0.089,0.148,0.294,0.49,0.302,0.436,0.405,0.241,0.283,0.089,0.473,0.088,0.088,0.366,0.615,0.563,0.362,0.537,0.135,0.537,0.329,0.27,0.443,0.088,0.088,0.088,0.093,0.087,0.087,0.087,0.087,0.088,0.087,0.088,0.087,0.087
,5:15:00,48,0.087,0.086,0.087,0.086,0.087,0.087,0.088,0.088,0.088,0.09,0.087,0.088,0.088,0.139,0.147,0.172,0.118,0.112,0.134,0.143,0.15,0.112,0.114,0.09,0.088,0.126,0.139,0.163,0.119,0.13,0.17,0.113,0.104,0.084,0.151,0.088,0.089,0.171,0.197,0.155,0.165,0.169,0.108,0.131,0.131,0.122,0.123,0.092,0.09,0.494,0.452,0.468,0.373,0.108,0.228,0.305,0.235,0.245,0.348,0.09,0.089,0.146,0.294,0.492,0.306,0.441,0.408,0.243,0.289,0.089,0.479,0.088,0.088,0.367,0.617,0.566,0.367,0.538,0.135,0.539,0.336,0.278,0.447,0.088,0.088,0.088,0.093,0.087,0.087,0.087,0.087,0.088,0.087,0.088,0.087,0.087
,5:20:00,48,0.087,0.086,0.087,0.086,0.087,0.087,0.087,0.087,0.088,0.09,0.087,0.088,0.088,0.138,0.147,0.172,0.118,0.112,0.134,0.143,0.15,0.112,0.114,0.09,0.088,0.126,0.139,0.163,0.119,0.13,0.17,0.113,0.103,0.084,0.151,0.088,0.089,0.171,0.198,0.155,0.165,0.169,0.108,0.131,0.131,0.122,0.122,0.092,0.09,0.495,0.455,0.471,0.372,0.108,0.226,0.303,0.239,0.249,0.354,0.089,0.089,0.146,0.296,0.494,0.312,0.444,0.41,0.245,0.294,0.089,0.481,0.088,0.088,0.368,0.619,0.567,0.372,0.541,0.135,0.54,0.341,0.285,0.449,0.088,0.088,0.088,0.093,0.087,0.087,0.087,0.087,0.088,0.087,0.088,0.087,0.087
,5:25:00,48,0.087,0.086,0.087,0.086,0.087,0.087,0.088,0.087,0.088,0.09,0.087,0.088,0.089,0.138,0.147,0.172,0.118,0.112,0.134,0.143,0.151,0.113,0.116,0.09,0.088,0.126,0.139,0.163,0.119,0.13,0.169,0.113,0.103,0.084,0.151,0.088,0.089,0.171,0.198,0.155,0.165,0.17,0.108,0.131,0.131,0.122,0.123,0.092,0.09,0.497,0.457,0.474,0.377,0.108,0.228,0.306,0.243,0.246,0.355,0.089,0.089,0.145,0.296,0.497,0.315,0.446,0.413,0.246,0.298,0.089,0.483,0.088,0.088,0.37,0.621,0.569,0.373,0.543,0.135,0.543,0.35,0.292,0.453,0.088,0.088,0.087,0.093,0.087,0.087,0.087,0.087,0.088,0.087,0.088,0.087,0.087
,5:30:00,47.9,0.086,0.086,0.087,0.087,0.087,0.087,0.088,0.088,0.088,0.09,0.087,0.088,0.089,0.138,0.146,0.172,0.118,0.112,0.134,0.143,0.151,0.113,0.115,0.09,0.088,0.127,0.139,0.164,0.119,0.13,0.169,0.113,0.103,0.085,0.151,0.089,0.09,0.171,0.198,0.155,0.165,0.17,0.108,0.131,0.131,0.123,0.122,0.092,0.091,0.497,0.455,0.474,0.381,0.108,0.229,0.31,0.243,0.239,0.355,0.089,0.089,0.145,0.296,0.497,0.314,0.448,0.413,0.247,0.297,0.089,0.484,0.088,0.088,0.372,0.621,0.572,0.382,0.545,0.135,0.544,0.357,0.3,0.455,0.088,0.088,0.088,0.093,0.087,0.087,0.087,0.088,0.088,0.087,0.088,0.088,0.087
,5:35:00,47.9,0.086,0.086,0.087,0.087,0.087,0.087,0.087,0.088,0.088,0.09,0.087,0.088,0.088,0.139,0.146,0.172,0.118,0.112,0.134,0.143,0.151,0.112,0.114,0.09,0.088,0.126,0.139,0.163,0.119,0.13,0.169,0.113,0.103,0.084,0.151,0.088,0.089,0.171,0.199,0.155,0.164,0.169,0.108,0.131,0.131,0.122,0.122,0.092,0.09,0.499,0.46,0.478,0.383,0.108,0.233,0.312,0.25,0.252,0.372,0.089,0.089,0.143,0.296,0.499,0.319,0.451,0.415,0.249,0.305,0.089,0.488,0.088,0.088,0.373,0.623,0.573,0.378,0.546,0.135,0.545,0.357,0.305,0.459,0.088,0.088,0.087,0.093,0.087,0.087,0.087,0.087,0.087,0.087,0.088,0.087,0.087
,5:40:00,48,0.086,0.086,0.087,0.089,0.087,0.086,0.087,0.087,0.088,0.09,0.087,0.088,0.088,0.138,0.146,0.172,0.118,0.112,0.134,0.142,0.151,0.111,0.116,0.09,0.088,0.126,0.139,0.163,0.119,0.13,0.169,0.112,0.103,0.084,0.151,0.088,0.089,0.171,0.198,0.155,0.164,0.169,0.108,0.131,0.131,0.122,0.123,0.092,0.091,0.499,0.455,0.478,0.386,0.108,0.232,0.311,0.25,0.241,0.362,0.089,0.089,0.142,0.295,0.5,0.315,0.452,0.415,0.248,0.302,0.089,0.488,0.088,0.088,0.376,0.624,0.575,0.391,0.549,0.136,0.547,0.363,0.313,0.461,0.088,0.088,0.087,0.093,0.086,0.087,0.087,0.087,0.087,0.087,0.088,0.087,0.087
,5:45:00,48,0.086,0.086,0.087,0.086,0.087,0.087,0.087,0.087,0.088,0.09,0.087,0.088,0.088,0.138,0.146,0.173,0.118,0.112,0.134,0.143,0.151,0.112,0.115,0.09,0.088,0.127,0.139,0.163,0.119,0.13,0.169,0.113,0.102,0.084,0.151,0.088,0.089,0.171,0.199,0.155,0.165,0.17,0.108,0.131,0.131,0.123,0.123,0.092,0.091,0.499,0.456,0.482,0.388,0.108,0.237,0.319,0.255,0.25,0.374,0.089,0.089,0.142,0.295,0.501,0.318,0.455,0.417,0.25,0.308,0.089,0.492,0.087,0.088,0.377,0.624,0.578,0.389,0.55,0.135,0.549,0.367,0.319,0.463,0.088,0.087,0.088,0.093,0.087,0.087,0.087,0.087,0.087,0.087,0.088,0.087,0.087
,5:50:00,48,0.086,0.086,0.087,0.086,0.087,0.087,0.087,0.087,0.088,0.09,0.087,0.088,0.088,0.138,0.147,0.173,0.118,0.112,0.134,0.143,0.151,0.112,0.116,0.091,0.088,0.126,0.139,0.164,0.119,0.13,0.169,0.113,0.102,0.084,0.152,0.088,0.089,0.171,0.198,0.155,0.165,0.169,0.108,0.131,0.131,0.124,0.123,0.092,0.091,0.501,0.465,0.483,0.392,0.108,0.234,0.316,0.26,0.249,0.382,0.089,0.089,0.142,0.297,0.502,0.32,0.456,0.418,0.252,0.312,0.089,0.493,0.088,0.087,0.379,0.627,0.579,0.392,0.552,0.135,0.55,0.373,0.324,0.468,0.088,0.088,0.088,0.093,0.086,0.087,0.087,0.087,0.087,0.087,0.088,0.087,0.087
,5:55:00,48,0.087,0.086,0.086,0.087,0.087,0.087,0.088,0.088,0.088,0.09,0.087,0.088,0.089,0.139,0.146,0.174,0.118,0.112,0.134,0.143,0.151,0.113,0.118,0.09,0.088,0.127,0.139,0.164,0.119,0.131,0.169,0.113,0.103,0.085,0.151,0.088,0.089,0.171,0.199,0.155,0.165,0.169,0.108,0.131,0.132,0.122,0.123,0.092,0.091,0.502,0.469,0.485,0.395,0.108,0.238,0.319,0.263,0.249,0.385,0.089,0.089,0.141,0.298,0.503,0.322,0.46,0.421,0.255,0.317,0.089,0.498,0.088,0.088,0.381,0.627,0.581,0.392,0.553,0.135,0.551,0.376,0.332,0.47,0.088,0.088,0.088,0.093,0.087,0.087,0.087,0.088,0.088,0.087,0.088,0.087,0.087
,6:00:00,48,0.087,0.086,0.087,0.087,0.087,0.087,0.088,0.088,0.088,0.09,0.087,0.088,0.089,0.139,0.146,0.173,0.118,0.112,0.134,0.143,0.152,0.112,0.119,0.091,0.088,0.127,0.14,0.164,0.119,0.131,0.169,0.113,0.103,0.085,0.152,0.089,0.089,0.171,0.199,0.156,0.165,0.17,0.108,0.131,0.132,0.123,0.124,0.092,0.091,0.503,0.466,0.486,0.398,0.109,0.237,0.316,0.265,0.243,0.38,0.089,0.09,0.141,0.298,0.505,0.32,0.461,0.419,0.255,0.315,0.09,0.499,0.088,0.088,0.382,0.628,0.582,0.4,0.554,0.136,0.552,0.38,0.337,0.474,0.088,0.088,0.088,0.093,0.087,0.087,0.087,0.088,0.088,0.087,0.088,0.087,0.087
,6:05:00,47.9,0.087,0.086,0.087,0.086,0.087,0.087,0.087,0.087,0.088,0.091,0.087,0.088,0.088,0.139,0.146,0.173,0.118,0.112,0.134,0.143,0.151,0.112,0.117,0.09,0.088,0.127,0.139,0.163,0.119,0.131,0.169,0.113,0.102,0.084,0.151,0.088,0.089,0.171,0.199,0.155,0.165,0.17,0.108,0.131,0.131,0.123,0.122,0.092,0.09,0.502,0.46,0.486,0.399,0.108,0.238,0.318,0.266,0.242,0.378,0.089,0.089,0.14,0.296,0.505,0.319,0.461,0.419,0.255,0.314,0.089,0.5,0.088,0.088,0.384,0.629,0.584,0.401,0.555,0.135,0.552,0.384,0.343,0.475,0.088,0.088,0.087,0.093,0.087,0.087,0.087,0.087,0.088,0.087,0.088,0.087,0.087
,6:10:00,48,0.087,0.086,0.087,0.086,0.087,0.086,0.087,0.087,0.088,0.09,0.087,0.088,0.089,0.139,0.146,0.173,0.118,0.112,0.134,0.143,0.152,0.112,0.114,0.09,0.088,0.127,0.14,0.164,0.119,0.131,0.168,0.112,0.102,0.084,0.152,0.088,0.089,0.171,0.199,0.155,0.165,0.169,0.107,0.131,0.132,0.123,0.124,0.092,0.09,0.504,0.469,0.488,0.402,0.108,0.238,0.32,0.273,0.249,0.398,0.089,0.089,0.139,0.298,0.506,0.33,0.465,0.423,0.258,0.324,0.089,0.502,0.088,0.088,0.385,0.63,0.586,0.403,0.554,0.135,0.553,0.389,0.35,0.478,0.088,0.088,0.088,0.093,0.087,0.087,0.087,0.087,0.088,0.087,0.088,0.087,0.087
,6:15:00,48,0.086,0.086,0.087,0.086,0.087,0.087,0.087,0.087,0.088,0.09,0.087,0.087,0.088,0.139,0.146,0.173,0.118,0.112,0.134,0.142,0.152,0.112,0.115,0.09,0.088,0.127,0.139,0.164,0.119,0.131,0.168,0.112,0.102,0.084,0.151,0.088,0.088,0.171,0.199,0.156,0.165,0.17,0.107,0.131,0.132,0.122,0.123,0.091,0.09,0.505,0.468,0.489,0.405,0.108,0.241,0.324,0.273,0.245,0.392,0.089,0.088,0.138,0.298,0.508,0.33,0.467,0.424,0.259,0.324,0.089,0.505,0.088,0.087,0.387,0.631,0.587,0.409,0.556,0.135,0.554,0.397,0.356,0.48,0.088,0.088,0.087,0.093,0.086,0.087,0.087,0.087,0.087,0.086,0.088,0.087,0.087
,6:20:00,47.9,0.087,0.086,0.087,0.087,0.087,0.087,0.087,0.088,0.088,0.09,0.087,0.088,0.089,0.139,0.146,0.173,0.118,0.111,0.134,0.142,0.152,0.112,0.115,0.09,0.088,0.127,0.14,0.164,0.118,0.131,0.169,0.113,0.103,0.084,0.152,0.088,0.089,0.171,0.2,0.156,0.166,0.169,0.107,0.131,0.132,0.123,0.125,0.092,0.091,0.507,0.475,0.491,0.409,0.108,0.242,0.323,0.28,0.243,0.391,0.089,0.089,0.138,0.301,0.509,0.331,0.47,0.424,0.26,0.329,0.089,0.509,0.088,0.088,0.387,0.633,0.589,0.409,0.557,0.135,0.555,0.4,0.36,0.483,0.088,0.088,0.088,0.093,0.087,0.086,0.087,0.087,0.088,0.087,0.088,0.088,0.087
,6:25:00,47.9,0.087,0.086,0.087,0.087,0.087,0.087,0.087,0.088,0.088,0.09,0.087,0.088,0.089,0.139,0.146,0.174,0.118,0.112,0.134,0.143,0.153,0.112,0.115,0.09,0.088,0.127,0.141,0.164,0.119,0.131,0.169,0.113,0.103,0.084,0.152,0.088,0.089,0.171,0.2,0.156,0.166,0.17,0.108,0.131,0.132,0.123,0.124,0.092,0.091,0.508,0.477,0.494,0.41,0.109,0.244,0.328,0.283,0.253,0.41,0.089,0.089,0.137,0.3,0.509,0.333,0.471,0.426,0.262,0.335,0.09,0.506,0.088,0.088,0.389,0.633,0.589,0.409,0.558,0.135,0.556,0.406,0.367,0.484,0.088,0.088,0.088,0.093,0.087,0.087,0.087,0.087,0.087,0.087,0.088,0.087,0.088
,6:30:00,48,0.087,0.086,0.087,0.086,0.087,0.086,0.088,0.087,0.088,0.09,0.087,0.088,0.089,0.139,0.146,0.174,0.118,0.112,0.134,0.143,0.152,0.112,0.116,0.091,0.088,0.127,0.14,0.164,0.118,0.131,0.169,0.113,0.103,0.084,0.152,0.089,0.089,0.171,0.2,0.156,0.166,0.169,0.107,0.131,0.132,0.124,0.123,0.092,0.091,0.506,0.482,0.494,0.414,0.108,0.246,0.33,0.286,0.251,0.41,0.089,0.089,0.137,0.3,0.508,0.334,0.472,0.427,0.263,0.338,0.09,0.504,0.088,0.088,0.388,0.634,0.59,0.41,0.559,0.135,0.556,0.41,0.373,0.486,0.088,0.088,0.088,0.093,0.087,0.087,0.086,0.088,0.087,0.087,0.088,0.087,0.087
,6:35:00,48,0.087,0.086,0.087,0.086,0.087,0.087,0.087,0.087,0.088,0.09,0.087,0.088,0.089,0.139,0.145,0.173,0.118,0.111,0.133,0.142,0.153,0.112,0.115,0.09,0.088,0.127,0.14,0.164,0.118,0.131,0.168,0.112,0.102,0.084,0.152,0.088,0.089,0.171,0.2,0.156,0.165,0.17,0.107,0.131,0.132,0.124,0.124,0.092,0.09,0.506,0.478,0.493,0.412,0.108,0.244,0.329,0.286,0.246,0.412,0.09,0.089,0.136,0.298,0.509,0.335,0.472,0.426,0.264,0.338,0.089,0.508,0.088,0.088,0.391,0.634,0.59,0.415,0.56,0.135,0.556,0.413,0.377,0.486,0.088,0.088,0.087,0.093,0.086,0.087,0.086,0.087,0.088,0.087,0.088,0.087,0.087
,6:40:00,48,0.087,0.086,0.087,0.087,0.087,0.087,0.088,0.087,0.088,0.09,0.087,0.088,0.089,0.139,0.145,0.174,0.118,0.111,0.134,0.142,0.153,0.112,0.115,0.09,0.088,0.127,0.14,0.165,0.118,0.131,0.168,0.113,0.103,0.084,0.152,0.088,0.089,0.171,0.2,0.156,0.165,0.17,0.107,0.131,0.132,0.122,0.124,0.092,0.091,0.506,0.482,0.496,0.417,0.108,0.247,0.333,0.289,0.246,0.414,0.089,0.089,0.134,0.298,0.511,0.338,0.474,0.427,0.265,0.34,0.089,0.512,0.088,0.088,0.391,0.635,0.591,0.416,0.562,0.135,0.557,0.414,0.382,0.488,0.088,0.088,0.088,0.093,0.087,0.087,0.087,0.088,0.088,0.087,0.088,0.087,0.087
,6:45:00,47.9,0.087,0.086,0.087,0.087,0.087,0.087,0.087,0.087,0.088,0.09,0.087,0.088,0.088,0.139,0.146,0.174,0.118,0.112,0.133,0.142,0.153,0.112,0.118,0.091,0.088,0.127,0.14,0.165,0.119,0.131,0.168,0.112,0.103,0.084,0.152,0.088,0.089,0.171,0.2,0.156,0.166,0.169,0.107,0.131,0.132,0.124,0.123,0.092,0.09,0.507,0.481,0.498,0.418,0.108,0.245,0.332,0.291,0.245,0.412,0.089,0.091,0.134,0.297,0.511,0.34,0.475,0.429,0.267,0.343,0.089,0.51,0.088,0.088,0.393,0.636,0.592,0.422,0.564,0.135,0.556,0.42,0.387,0.488,0.088,0.088,0.088,0.093,0.087,0.087,0.087,0.088,0.087,0.087,0.088,0.087,0.087
,6:50:00,48,0.087,0.086,0.087,0.086,0.087,0.087,0.088,0.087,0.088,0.09,0.087,0.088,0.089,0.139,0.145,0.174,0.118,0.111,0.133,0.142,0.153,0.111,0.115,0.091,0.088,0.127,0.14,0.164,0.119,0.131,0.168,0.112,0.103,0.084,0.152,0.088,0.089,0.171,0.2,0.156,0.166,0.169,0.107,0.131,0.132,0.12,0.124,0.092,0.09,0.507,0.483,0.498,0.421,0.108,0.249,0.334,0.292,0.244,0.417,0.089,0.089,0.133,0.298,0.512,0.34,0.477,0.428,0.267,0.345,0.09,0.51,0.088,0.088,0.394,0.636,0.592,0.422,0.563,0.135,0.557,0.423,0.391,0.49,0.088,0.088,0.088,0.093,0.086,0.086,0.086,0.088,0.088,0.087,0.088,0.087,0.087
,6:55:00,47.9,0.087,0.086,0.087,0.086,0.087,0.087,0.088,0.087,0.088,0.09,0.087,0.089,0.089,0.139,0.145,0.174,0.118,0.111,0.133,0.142,0.153,0.112,0.115,0.09,0.088,0.127,0.14,0.164,0.118,0.131,0.168,0.113,0.103,0.084,0.152,0.089,0.089,0.171,0.2,0.156,0.166,0.169,0.107,0.132,0.132,0.123,0.124,0.092,0.091,0.506,0.481,0.499,0.423,0.109,0.251,0.336,0.295,0.248,0.419,0.09,0.089,0.133,0.298,0.512,0.343,0.477,0.429,0.267,0.343,0.09,0.51,0.088,0.088,0.394,0.636,0.592,0.431,0.564,0.135,0.556,0.427,0.396,0.489,0.088,0.088,0.088,0.093,0.087,0.087,0.087,0.087,0.088,0.087,0.088,0.087,0.087
,7:00:00,47.9,0.086,0.086,0.087,0.086,0.087,0.086,0.087,0.087,0.088,0.09,0.087,0.088,0.089,0.139,0.145,0.174,0.118,0.112,0.133,0.142,0.153,0.111,0.116,0.09,0.088,0.127,0.14,0.164,0.118,0.131,0.168,0.113,0.102,0.084,0.152,0.088,0.089,0.171,0.201,0.156,0.165,0.169,0.107,0.131,0.132,0.122,0.124,0.092,0.091,0.507,0.486,0.5,0.427,0.108,0.252,0.336,0.302,0.25,0.429,0.089,0.089,0.132,0.298,0.513,0.346,0.478,0.43,0.27,0.352,0.09,0.511,0.088,0.088,0.396,0.637,0.594,0.428,0.565,0.135,0.556,0.426,0.399,0.488,0.088,0.088,0.088,0.093,0.086,0.087,0.087,0.088,0.088,0.086,0.088,0.087,0.087
,7:05:00,47.9,0.086,0.086,0.087,0.089,0.087,0.086,0.087,0.087,0.088,0.09,0.087,0.088,0.088,0.139,0.144,0.174,0.118,0.111,0.133,0.142,0.153,0.11,0.116,0.09,0.088,0.127,0.14,0.164,0.118,0.131,0.167,0.112,0.102,0.084,0.152,0.088,0.089,0.171,0.2,0.156,0.166,0.169,0.107,0.131,0.132,0.121,0.124,0.092,0.091,0.507,0.482,0.501,0.425,0.108,0.251,0.336,0.299,0.242,0.424,0.089,0.089,0.131,0.299,0.513,0.346,0.48,0.429,0.27,0.351,0.089,0.513,0.088,0.088,0.397,0.636,0.594,0.43,0.566,0.134,0.556,0.427,0.403,0.488,0.088,0.088,0.088,0.092,0.087,0.086,0.086,0.087,0.087,0.087,0.088,0.087,0.087
,7:10:00,48,0.087,0.086,0.087,0.086,0.087,0.087,0.087,0.087,0.088,0.09,0.087,0.088,0.089,0.139,0.145,0.174,0.118,0.111,0.133,0.142,0.153,0.111,0.116,0.09,0.088,0.127,0.141,0.164,0.119,0.131,0.168,0.112,0.103,0.085,0.152,0.088,0.089,0.171,0.201,0.156,0.166,0.169,0.107,0.131,0.132,0.121,0.123,0.092,0.091,0.508,0.487,0.504,0.43,0.108,0.256,0.342,0.306,0.25,0.433,0.09,0.089,0.13,0.298,0.513,0.35,0.481,0.43,0.272,0.357,0.089,0.516,0.088,0.088,0.398,0.637,0.595,0.431,0.566,0.135,0.555,0.433,0.408,0.487,0.088,0.088,0.088,0.093,0.087,0.086,0.087,0.087,0.088,0.087,0.088,0.087,0.087
,7:15:00,48,0.086,0.086,0.087,0.086,0.087,0.086,0.088,0.087,0.088,0.09,0.087,0.089,0.088,0.139,0.144,0.174,0.118,0.111,0.133,0.141,0.154,0.111,0.115,0.09,0.088,0.127,0.14,0.164,0.118,0.131,0.167,0.112,0.102,0.084,0.152,0.088,0.09,0.171,0.2,0.156,0.166,0.169,0.107,0.131,0.131,0.123,0.124,0.092,0.091,0.508,0.491,0.504,0.432,0.108,0.255,0.342,0.309,0.254,0.424,0.09,0.088,0.13,0.298,0.513,0.352,0.482,0.428,0.273,0.36,0.089,0.513,0.088,0.088,0.399,0.637,0.594,0.434,0.565,0.134,0.555,0.439,0.414,0.487,0.088,0.087,0.088,0.093,0.086,0.086,0.086,0.088,0.088,0.087,0.088,0.087,0.087
,7:20:00,48,0.087,0.086,0.087,0.087,0.087,0.087,0.087,0.087,0.088,0.09,0.087,0.088,0.089,0.139,0.145,0.174,0.118,0.111,0.133,0.142,0.154,0.111,0.115,0.09,0.088,0.127,0.141,0.165,0.118,0.131,0.167,0.112,0.103,0.084,0.152,0.088,0.089,0.171,0.201,0.156,0.166,0.169,0.107,0.131,0.132,0.119,0.123,0.092,0.089,0.506,0.488,0.504,0.433,0.108,0.256,0.343,0.311,0.247,0.425,0.089,0.089,0.129,0.298,0.513,0.354,0.481,0.429,0.273,0.359,0.089,0.515,0.088,0.088,0.401,0.638,0.596,0.434,0.567,0.135,0.555,0.441,0.416,0.487,0.088,0.088,0.088,0.093,0.087,0.087,0.087,0.087,0.087,0.087,0.088,0.087,0.087
,7:25:00,48,0.086,0.086,0.087,0.086,0.087,0.086,0.087,0.087,0.088,0.089,0.087,0.088,0.089,0.139,0.144,0.174,0.118,0.111,0.133,0.141,0.154,0.111,0.116,0.09,0.088,0.127,0.141,0.164,0.118,0.131,0.167,0.112,0.102,0.084,0.152,0.089,0.089,0.171,0.201,0.156,0.166,0.169,0.107,0.131,0.132,0.122,0.123,0.092,0.089,0.506,0.487,0.503,0.434,0.108,0.256,0.344,0.313,0.248,0.427,0.089,0.089,0.128,0.298,0.514,0.354,0.484,0.429,0.273,0.359,0.09,0.518,0.088,0.087,0.4,0.638,0.595,0.437,0.567,0.135,0.554,0.446,0.42,0.487,0.087,0.088,0.088,0.093,0.087,0.086,0.087,0.087,0.087,0.087,0.088,0.087,0.087
,7:30:00,48,0.087,0.086,0.087,0.086,0.087,0.087,0.087,0.087,0.088,0.09,0.087,0.088,0.089,0.139,0.144,0.174,0.118,0.108,0.133,0.142,0.154,0.112,0.116,0.09,0.088,0.127,0.141,0.165,0.118,0.131,0.167,0.112,0.103,0.084,0.152,0.088,0.089,0.171,0.201,0.156,0.166,0.169,0.107,0.132,0.132,0.124,0.123,0.092,0.089,0.507,0.488,0.505,0.436,0.108,0.257,0.345,0.313,0.245,0.422,0.089,0.089,0.127,0.3,0.514,0.358,0.485,0.429,0.275,0.364,0.089,0.514,0.088,0.088,0.399,0.638,0.595,0.438,0.566,0.135,0.554,0.452,0.424,0.485,0.088,0.088,0.087,0.093,0.087,0.087,0.087,0.087,0.087,0.087,0.088,0.087,0.087
,7:35:00,48,0.086,0.086,0.087,0.086,0.087,0.087,0.087,0.087,0.088,0.09,0.087,0.088,0.088,0.139,0.144,0.174,0.117,0.111,0.133,0.141,0.154,0.112,0.116,0.09,0.088,0.127,0.141,0.164,0.118,0.131,0.167,0.112,0.102,0.084,0.152,0.088,0.09,0.171,0.201,0.156,0.166,0.169,0.107,0.132,0.132,0.123,0.123,0.092,0.089,0.506,0.49,0.506,0.438,0.108,0.259,0.347,0.315,0.246,0.417,0.089,0.089,0.127,0.299,0.513,0.362,0.486,0.429,0.276,0.368,0.089,0.513,0.088,0.088,0.399,0.638,0.595,0.442,0.565,0.135,0.553,0.463,0.429,0.482,0.088,0.088,0.087,0.093,0.087,0.087,0.087,0.087,0.087,0.087,0.088,0.087,0.087
,7:40:00,47.9,0.087,0.086,0.087,0.086,0.087,0.086,0.087,0.087,0.088,0.09,0.087,0.088,0.088,0.139,0.144,0.174,0.118,0.107,0.133,0.141,0.154,0.111,0.117,0.09,0.088,0.127,0.141,0.165,0.118,0.131,0.167,0.112,0.102,0.084,0.152,0.088,0.09,0.171,0.201,0.156,0.166,0.17,0.107,0.131,0.132,0.124,0.123,0.092,0.089,0.504,0.485,0.508,0.44,0.108,0.264,0.349,0.32,0.253,0.421,0.09,0.089,0.126,0.298,0.513,0.358,0.486,0.427,0.277,0.37,0.089,0.512,0.088,0.088,0.402,0.637,0.594,0.441,0.564,0.135,0.552,0.463,0.432,0.482,0.088,0.088,0.087,0.093,0.087,0.087,0.087,0.087,0.087,0.087,0.088,0.087,0.087
,7:45:00,48,0.086,0.086,0.086,0.086,0.087,0.086,0.087,0.087,0.088,0.089,0.087,0.088,0.088,0.138,0.144,0.174,0.116,0.107,0.133,0.141,0.154,0.111,0.116,0.09,0.088,0.127,0.14,0.164,0.119,0.13,0.166,0.112,0.102,0.084,0.152,0.088,0.089,0.171,0.201,0.156,0.166,0.169,0.107,0.131,0.131,0.122,0.123,0.091,0.089,0.503,0.487,0.508,0.443,0.108,0.262,0.351,0.321,0.249,0.423,0.089,0.088,0.125,0.296,0.513,0.362,0.486,0.427,0.278,0.37,0.089,0.515,0.088,0.087,0.402,0.637,0.594,0.442,0.564,0.135,0.551,0.465,0.436,0.481,0.088,0.087,0.087,0.093,0.086,0.086,0.087,0.087,0.087,0.086,0.088,0.087,0.086
,7:50:00,48,0.086,0.086,0.087,0.086,0.087,0.087,0.087,0.087,0.088,0.089,0.087,0.088,0.089,0.139,0.143,0.174,0.116,0.105,0.132,0.141,0.154,0.111,0.116,0.091,0.088,0.127,0.141,0.165,0.118,0.131,0.166,0.112,0.102,0.084,0.152,0.088,0.089,0.171,0.201,0.156,0.166,0.169,0.107,0.131,0.132,0.124,0.123,0.092,0.09,0.502,0.484,0.508,0.441,0.108,0.259,0.345,0.32,0.242,0.427,0.089,0.089,0.124,0.295,0.514,0.359,0.485,0.426,0.276,0.365,0.089,0.517,0.088,0.088,0.402,0.638,0.594,0.45,0.563,0.135,0.551,0.468,0.436,0.479,0.088,0.088,0.087,0.093,0.087,0.086,0.087,0.087,0.087,0.087,0.088,0.087,0.087
,7:55:00,48,0.087,0.087,0.087,0.087,0.087,0.087,0.088,0.088,0.088,0.09,0.088,0.089,0.089,0.139,0.144,0.175,0.117,0.108,0.133,0.142,0.155,0.111,0.116,0.091,0.089,0.128,0.141,0.165,0.119,0.132,0.167,0.113,0.103,0.085,0.153,0.089,0.09,0.171,0.202,0.157,0.166,0.17,0.107,0.132,0.132,0.123,0.125,0.092,0.09,0.503,0.481,0.509,0.445,0.109,0.265,0.353,0.328,0.252,0.429,0.09,0.089,0.125,0.296,0.514,0.362,0.486,0.427,0.28,0.376,0.09,0.517,0.088,0.088,0.403,0.639,0.595,0.448,0.563,0.136,0.551,0.471,0.442,0.481,0.088,0.088,0.088,0.094,0.087,0.087,0.087,0.088,0.088,0.087,0.088,0.088,0.087
,8:00:00,48,0.087,0.086,0.087,0.086,0.087,0.086,0.087,0.087,0.088,0.089,0.087,0.088,0.089,0.139,0.143,0.174,0.116,0.106,0.133,0.141,0.154,0.111,0.117,0.09,0.088,0.127,0.14,0.165,0.118,0.131,0.166,0.112,0.102,0.084,0.152,0.088,0.089,0.171,0.201,0.156,0.166,0.169,0.107,0.131,0.132,0.119,0.124,0.092,0.089,0.502,0.48,0.507,0.444,0.108,0.265,0.347,0.327,0.247,0.43,0.089,0.089,0.123,0.293,0.513,0.361,0.487,0.426,0.279,0.374,0.089,0.519,0.088,0.088,0.403,0.637,0.593,0.447,0.561,0.135,0.549,0.47,0.444,0.479,0.087,0.088,0.088,0.093,0.087,0.086,0.087,0.087,0.087,0.087,0.087,0.087,0.087
,8:05:00,48,0.086,0.086,0.087,0.086,0.087,0.086,0.087,0.087,0.088,0.089,0.087,0.088,0.089,0.139,0.143,0.175,0.116,0.108,0.132,0.141,0.154,0.11,0.116,0.09,0.088,0.127,0.14,0.164,0.117,0.131,0.166,0.112,0.102,0.084,0.152,0.088,0.09,0.171,0.201,0.156,0.166,0.169,0.107,0.131,0.132,0.121,0.124,0.092,0.09,0.499,0.476,0.506,0.446,0.108,0.264,0.349,0.329,0.247,0.433,0.089,0.089,0.123,0.293,0.514,0.36,0.486,0.424,0.279,0.375,0.089,0.518,0.088,0.087,0.403,0.637,0.593,0.455,0.561,0.135,0.549,0.466,0.446,0.478,0.088,0.088,0.087,0.093,0.086,0.086,0.086,0.087,0.087,0.086,0.087,0.087,0.087
,8:10:00,47.9,0.087,0.086,0.087,0.087,0.087,0.087,0.088,0.087,0.088,0.09,0.087,0.088,0.089,0.139,0.143,0.174,0.116,0.106,0.133,0.141,0.154,0.111,0.116,0.091,0.088,0.127,0.141,0.165,0.118,0.131,0.166,0.112,0.102,0.084,0.152,0.088,0.09,0.171,0.202,0.157,0.166,0.169,0.107,0.131,0.132,0.122,0.124,0.092,0.09,0.5,0.479,0.507,0.446,0.108,0.265,0.351,0.328,0.242,0.43,0.089,0.089,0.122,0.288,0.515,0.364,0.487,0.423,0.28,0.376,0.089,0.52,0.088,0.088,0.402,0.638,0.592,0.45,0.56,0.135,0.548,0.481,0.448,0.478,0.088,0.088,0.088,0.093,0.087,0.087,0.087,0.087,0.088,0.087,0.088,0.087,0.087
,8:15:00,47.9,0.087,0.086,0.087,0.087,0.087,0.087,0.087,0.087,0.088,0.09,0.087,0.089,0.089,0.139,0.142,0.174,0.117,0.11,0.132,0.141,0.155,0.111,0.117,0.091,0.088,0.127,0.14,0.165,0.118,0.131,0.166,0.112,0.102,0.084,0.152,0.088,0.09,0.171,0.201,0.157,0.166,0.169,0.107,0.132,0.131,0.124,0.124,0.092,0.09,0.499,0.483,0.507,0.451,0.109,0.267,0.354,0.33,0.246,0.429,0.089,0.089,0.122,0.286,0.514,0.368,0.487,0.42,0.281,0.377,0.089,0.519,0.088,0.088,0.402,0.637,0.591,0.455,0.558,0.135,0.547,0.482,0.451,0.478,0.088,0.088,0.088,0.093,0.087,0.086,0.087,0.087,0.088,0.087,0.088,0.087,0.087
,8:20:00,48,0.086,0.086,0.087,0.086,0.087,0.086,0.087,0.087,0.088,0.089,0.087,0.088,0.089,0.139,0.142,0.174,0.116,0.106,0.133,0.141,0.154,0.111,0.116,0.09,0.088,0.127,0.14,0.165,0.118,0.131,0.166,0.112,0.102,0.084,0.152,0.088,0.09,0.171,0.201,0.156,0.166,0.169,0.107,0.131,0.132,0.122,0.124,0.092,0.091,0.499,0.482,0.507,0.452,0.108,0.268,0.356,0.336,0.249,0.424,0.089,0.089,0.121,0.284,0.514,0.366,0.486,0.423,0.28,0.377,0.089,0.514,0.088,0.087,0.403,0.638,0.592,0.457,0.557,0.135,0.547,0.48,0.452,0.476,0.088,0.088,0.087,0.093,0.086,0.086,0.087,0.087,0.087,0.087,0.088,0.087,0.087
,8:25:00,47.9,0.087,0.086,0.087,0.086,0.087,0.086,0.088,0.087,0.088,0.09,0.087,0.088,0.089,0.139,0.142,0.175,0.116,0.106,0.133,0.141,0.155,0.111,0.119,0.091,0.088,0.128,0.141,0.165,0.118,0.131,0.166,0.112,0.102,0.085,0.152,0.089,0.09,0.171,0.202,0.157,0.166,0.169,0.107,0.132,0.132,0.123,0.123,0.092,0.091,0.499,0.482,0.505,0.452,0.109,0.266,0.353,0.336,0.247,0.426,0.089,0.089,0.12,0.283,0.515,0.366,0.486,0.42,0.28,0.376,0.089,0.511,0.088,0.088,0.402,0.637,0.59,0.457,0.555,0.135,0.547,0.486,0.454,0.477,0.088,0.088,0.088,0.093,0.087,0.087,0.087,0.087,0.088,0.087,0.088,0.087,0.087
,8:30:00,48,0.087,0.086,0.087,0.086,0.087,0.086,0.087,0.087,0.088,0.089,0.087,0.089,0.089,0.139,0.141,0.175,0.116,0.105,0.132,0.141,0.155,0.111,0.118,0.09,0.088,0.127,0.141,0.165,0.118,0.131,0.165,0.112,0.102,0.084,0.152,0.088,0.09,0.171,0.202,0.156,0.166,0.169,0.107,0.131,0.132,0.123,0.125,0.092,0.09,0.496,0.479,0.504,0.45,0.108,0.266,0.349,0.333,0.237,0.425,0.089,0.089,0.12,0.28,0.515,0.369,0.485,0.416,0.281,0.376,0.09,0.512,0.088,0.088,0.402,0.637,0.59,0.458,0.554,0.135,0.547,0.488,0.455,0.476,0.088,0.088,0.087,0.093,0.086,0.087,0.087,0.087,0.087,0.087,0.088,0.087,0.087
,8:35:00,48,0.087,0.086,0.087,0.087,0.087,0.087,0.087,0.087,0.088,0.089,0.087,0.088,0.089,0.139,0.141,0.175,0.116,0.106,0.132,0.141,0.155,0.111,0.12,0.09,0.088,0.127,0.141,0.165,0.118,0.131,0.165,0.112,0.102,0.085,0.152,0.089,0.09,0.171,0.202,0.157,0.166,0.169,0.107,0.131,0.132,0.123,0.123,0.092,0.09,0.496,0.481,0.504,0.454,0.109,0.269,0.354,0.338,0.245,0.426,0.09,0.089,0.12,0.279,0.517,0.367,0.485,0.415,0.282,0.377,0.089,0.51,0.088,0.088,0.403,0.638,0.589,0.455,0.553,0.135,0.547,0.486,0.454,0.474,0.088,0.088,0.088,0.093,0.087,0.087,0.087,0.087,0.087,0.086,0.088,0.087,0.087
,8:40:00,48,0.087,0.086,0.087,0.087,0.087,0.087,0.087,0.087,0.088,0.089,0.087,0.088,0.089,0.139,0.141,0.175,0.116,0.106,0.132,0.141,0.155,0.111,0.12,0.091,0.088,0.127,0.141,0.165,0.118,0.131,0.165,0.112,0.102,0.084,0.152,0.088,0.09,0.171,0.202,0.156,0.166,0.169,0.107,0.132,0.132,0.122,0.124,0.092,0.09,0.497,0.48,0.502,0.455,0.109,0.266,0.348,0.336,0.238,0.423,0.089,0.089,0.119,0.278,0.516,0.363,0.484,0.412,0.281,0.376,0.089,0.503,0.088,0.088,0.404,0.638,0.589,0.459,0.552,0.135,0.549,0.486,0.456,0.472,0.088,0.088,0.088,0.093,0.086,0.087,0.087,0.087,0.088,0.087,0.088,0.087,0.087
,8:45:00,48,0.087,0.086,0.087,0.087,0.087,0.087,0.087,0.087,0.088,0.089,0.087,0.088,0.089,0.139,0.141,0.174,0.116,0.105,0.132,0.141,0.155,0.11,0.119,0.09,0.088,0.127,0.142,0.165,0.118,0.131,0.165,0.112,0.102,0.084,0.152,0.088,0.09,0.171,0.202,0.156,0.166,0.169,0.107,0.131,0.132,0.123,0.124,0.092,0.089,0.495,0.476,0.501,0.453,0.108,0.266,0.347,0.338,0.238,0.426,0.089,0.089,0.118,0.274,0.517,0.363,0.485,0.413,0.281,0.376,0.089,0.505,0.088,0.088,0.404,0.638,0.588,0.458,0.549,0.135,0.55,0.49,0.457,0.471,0.088,0.088,0.088,0.093,0.086,0.087,0.087,0.087,0.088,0.087,0.088,0.087,0.087
,8:50:00,48,0.086,0.086,0.087,0.086,0.087,0.086,0.087,0.086,0.087,0.089,0.087,0.088,0.089,0.139,0.141,0.175,0.116,0.105,0.132,0.14,0.154,0.111,0.12,0.091,0.088,0.127,0.142,0.165,0.118,0.131,0.165,0.112,0.102,0.084,0.152,0.088,0.09,0.171,0.202,0.156,0.166,0.169,0.107,0.131,0.132,0.122,0.123,0.092,0.09,0.494,0.477,0.499,0.454,0.108,0.27,0.351,0.341,0.241,0.42,0.089,0.089,0.117,0.274,0.515,0.372,0.484,0.411,0.282,0.376,0.089,0.5,0.088,0.087,0.404,0.637,0.587,0.462,0.548,0.135,0.551,0.499,0.459,0.469,0.088,0.088,0.087,0.093,0.086,0.087,0.086,0.087,0.087,0.087,0.088,0.087,0.087
,8:55:00,48,0.087,0.087,0.086,0.087,0.086,0.086,0.087,0.087,0.088,0.089,0.087,0.087,0.088,0.139,0.141,0.174,0.116,0.106,0.132,0.141,0.155,0.11,0.119,0.091,0.088,0.127,0.142,0.164,0.117,0.131,0.165,0.111,0.102,0.084,0.152,0.088,0.09,0.171,0.201,0.157,0.166,0.169,0.107,0.131,0.131,0.123,0.123,0.092,0.09,0.493,0.475,0.5,0.458,0.108,0.272,0.353,0.34,0.241,0.424,0.089,0.089,0.117,0.272,0.515,0.37,0.483,0.409,0.282,0.375,0.089,0.498,0.088,0.087,0.404,0.636,0.586,0.462,0.546,0.135,0.551,0.495,0.459,0.467,0.088,0.088,0.087,0.093,0.086,0.086,0.086,0.087,0.087,0.086,0.088,0.087,0.087
,9:00:00,48,0.087,0.088,0.087,0.086,0.087,0.087,0.087,0.087,0.088,0.089,0.087,0.088,0.089,0.139,0.141,0.175,0.117,0.106,0.132,0.141,0.155,0.111,0.12,0.09,0.088,0.127,0.143,0.165,0.119,0.131,0.165,0.112,0.102,0.084,0.152,0.088,0.09,0.171,0.201,0.156,0.165,0.169,0.107,0.131,0.131,0.123,0.124,0.092,0.09,0.491,0.477,0.5,0.459,0.109,0.274,0.356,0.346,0.245,0.424,0.089,0.089,0.117,0.27,0.513,0.371,0.484,0.408,0.284,0.38,0.089,0.497,0.088,0.088,0.404,0.637,0.585,0.462,0.543,0.135,0.551,0.507,0.462,0.466,0.088,0.088,0.088,0.093,0.087,0.087,0.087,0.087,0.088,0.087,0.088,0.087,0.087
,9:05:00,48,0.086,0.086,0.087,0.086,0.087,0.087,0.087,0.087,0.088,0.089,0.087,0.088,0.088,0.138,0.14,0.175,0.116,0.106,0.132,0.141,0.155,0.11,0.12,0.09,0.088,0.127,0.142,0.165,0.118,0.131,0.165,0.112,0.102,0.084,0.151,0.088,0.09,0.171,0.201,0.156,0.165,0.169,0.106,0.131,0.131,0.123,0.124,0.091,0.09,0.492,0.48,0.499,0.457,0.109,0.274,0.352,0.345,0.243,0.421,0.089,0.089,0.116,0.27,0.513,0.366,0.482,0.404,0.282,0.375,0.089,0.495,0.088,0.088,0.403,0.637,0.584,0.464,0.541,0.134,0.551,0.5,0.461,0.462,0.088,0.088,0.087,0.093,0.087,0.087,0.087,0.087,0.088,0.087,0.088,0.087,0.087
,9:10:00,48,0.087,0.086,0.087,0.086,0.087,0.087,0.087,0.087,0.088,0.089,0.087,0.088,0.089,0.138,0.141,0.175,0.116,0.106,0.132,0.14,0.154,0.11,0.118,0.091,0.088,0.127,0.142,0.164,0.118,0.131,0.164,0.112,0.102,0.084,0.152,0.088,0.091,0.171,0.202,0.156,0.165,0.169,0.106,0.131,0.132,0.123,0.124,0.092,0.09,0.49,0.475,0.498,0.459,0.109,0.272,0.35,0.343,0.236,0.423,0.089,0.089,0.116,0.268,0.511,0.369,0.482,0.403,0.283,0.375,0.089,0.494,0.088,0.088,0.403,0.635,0.583,0.469,0.539,0.135,0.549,0.504,0.463,0.463,0.088,0.088,0.088,0.093,0.086,0.086,0.087,0.087,0.087,0.087,0.088,0.087,0.087
,9:15:00,48,0.087,0.086,0.087,0.086,0.087,0.086,0.087,0.087,0.088,0.089,0.087,0.088,0.089,0.138,0.14,0.174,0.116,0.106,0.132,0.14,0.155,0.111,0.12,0.09,0.088,0.127,0.142,0.164,0.118,0.131,0.164,0.112,0.102,0.084,0.152,0.088,0.09,0.171,0.202,0.157,0.166,0.169,0.106,0.131,0.131,0.121,0.123,0.092,0.09,0.488,0.476,0.496,0.458,0.109,0.271,0.349,0.343,0.235,0.419,0.089,0.089,0.115,0.267,0.51,0.371,0.481,0.401,0.282,0.375,0.089,0.492,0.088,0.088,0.403,0.634,0.581,0.47,0.537,0.135,0.55,0.505,0.461,0.459,0.087,0.088,0.087,0.093,0.086,0.087,0.086,0.087,0.087,0.087,0.088,0.087,0.086
,9:20:00,48,0.086,0.086,0.087,0.086,0.087,0.086,0.087,0.087,0.088,0.089,0.087,0.087,0.089,0.138,0.14,0.175,0.116,0.106,0.132,0.14,0.154,0.111,0.119,0.09,0.088,0.127,0.142,0.165,0.117,0.131,0.164,0.112,0.102,0.084,0.151,0.088,0.09,0.17,0.202,0.156,0.165,0.168,0.106,0.131,0.131,0.123,0.124,0.092,0.09,0.488,0.478,0.497,0.462,0.108,0.275,0.352,0.348,0.238,0.422,0.089,0.089,0.114,0.263,0.509,0.373,0.482,0.4,0.283,0.374,0.089,0.486,0.088,0.088,0.403,0.635,0.581,0.464,0.535,0.135,0.549,0.497,0.463,0.456,0.088,0.088,0.087,0.093,0.087,0.087,0.086,0.087,0.087,0.087,0.088,0.087,0.087
,9:25:00,48,0.087,0.086,0.087,0.089,0.087,0.087,0.087,0.087,0.088,0.089,0.087,0.087,0.089,0.138,0.139,0.175,0.116,0.106,0.132,0.14,0.155,0.11,0.12,0.09,0.088,0.127,0.143,0.164,0.118,0.131,0.164,0.112,0.102,0.084,0.151,0.088,0.09,0.171,0.202,0.156,0.166,0.169,0.106,0.131,0.131,0.122,0.123,0.092,0.09,0.487,0.477,0.496,0.461,0.109,0.276,0.352,0.35,0.24,0.423,0.089,0.089,0.114,0.263,0.508,0.375,0.481,0.397,0.283,0.374,0.089,0.486,0.088,0.088,0.403,0.634,0.579,0.466,0.532,0.134,0.548,0.496,0.464,0.456,0.088,0.088,0.087,0.093,0.087,0.086,0.087,0.087,0.087,0.087,0.088,0.087,0.087
,9:30:00,47.9,0.087,0.086,0.087,0.086,0.087,0.086,0.087,0.087,0.088,0.089,0.087,0.087,0.089,0.138,0.139,0.175,0.116,0.106,0.132,0.14,0.155,0.11,0.118,0.09,0.088,0.127,0.143,0.164,0.117,0.131,0.163,0.111,0.102,0.084,0.151,0.088,0.09,0.17,0.202,0.156,0.166,0.168,0.106,0.131,0.131,0.12,0.124,0.092,0.09,0.487,0.476,0.494,0.461,0.108,0.278,0.352,0.35,0.243,0.424,0.089,0.089,0.114,0.261,0.506,0.371,0.481,0.396,0.284,0.377,0.089,0.487,0.088,0.088,0.402,0.634,0.578,0.468,0.53,0.135,0.549,0.505,0.465,0.454,0.088,0.088,0.087,0.093,0.087,0.086,0.087,0.087,0.087,0.087,0.088,0.087,0.087
,9:35:00,48,0.086,0.086,0.087,0.086,0.087,0.086,0.087,0.087,0.087,0.089,0.087,0.087,0.089,0.138,0.139,0.174,0.116,0.106,0.132,0.14,0.154,0.11,0.12,0.09,0.088,0.127,0.142,0.164,0.117,0.131,0.163,0.111,0.102,0.084,0.151,0.088,0.09,0.17,0.201,0.156,0.166,0.168,0.106,0.13,0.131,0.122,0.124,0.092,0.09,0.486,0.479,0.493,0.461,0.108,0.277,0.351,0.351,0.239,0.423,0.09,0.089,0.113,0.259,0.505,0.375,0.481,0.394,0.283,0.373,0.089,0.482,0.088,0.087,0.402,0.632,0.576,0.471,0.527,0.135,0.547,0.495,0.466,0.449,0.087,0.088,0.087,0.093,0.086,0.086,0.086,0.087,0.087,0.087,0.088,0.087,0.086
,9:40:00,47.9,0.087,0.086,0.087,0.086,0.087,0.087,0.087,0.087,0.088,0.089,0.087,0.087,0.089,0.139,0.139,0.175,0.116,0.106,0.132,0.14,0.155,0.111,0.12,0.091,0.089,0.127,0.143,0.165,0.118,0.131,0.163,0.112,0.102,0.084,0.152,0.088,0.09,0.171,0.202,0.156,0.166,0.168,0.106,0.131,0.132,0.123,0.124,0.092,0.09,0.486,0.477,0.493,0.462,0.109,0.273,0.349,0.351,0.237,0.424,0.089,0.089,0.112,0.257,0.503,0.377,0.481,0.392,0.283,0.373,0.089,0.482,0.088,0.088,0.402,0.633,0.576,0.474,0.525,0.136,0.546,0.508,0.466,0.449,0.088,0.088,0.088,0.093,0.087,0.087,0.087,0.087,0.087,0.087,0.088,0.087,0.087
,9:45:00,47.9,0.087,0.086,0.087,0.087,0.087,0.087,0.088,0.087,0.088,0.089,0.087,0.088,0.089,0.138,0.139,0.175,0.116,0.106,0.132,0.14,0.155,0.11,0.12,0.091,0.089,0.127,0.143,0.165,0.118,0.131,0.163,0.111,0.102,0.085,0.152,0.089,0.09,0.171,0.202,0.156,0.166,0.168,0.107,0.131,0.132,0.121,0.124,0.092,0.09,0.484,0.476,0.492,0.462,0.109,0.279,0.35,0.353,0.24,0.424,0.089,0.089,0.112,0.255,0.503,0.371,0.481,0.389,0.283,0.379,0.089,0.479,0.088,0.088,0.401,0.632,0.574,0.473,0.523,0.135,0.545,0.503,0.466,0.446,0.088,0.088,0.088,0.093,0.087,0.087,0.087,0.087,0.088,0.087,0.088,0.087,0.087
,9:50:00,48,0.086,0.086,0.087,0.086,0.087,0.087,0.087,0.087,0.088,0.089,0.087,0.087,0.089,0.138,0.139,0.174,0.116,0.106,0.132,0.14,0.154,0.11,0.12,0.09,0.088,0.127,0.143,0.165,0.117,0.131,0.163,0.111,0.102,0.084,0.151,0.088,0.09,0.171,0.202,0.156,0.165,0.168,0.106,0.13,0.131,0.123,0.124,0.092,0.09,0.485,0.479,0.491,0.465,0.109,0.278,0.351,0.351,0.236,0.421,0.089,0.089,0.111,0.255,0.5,0.374,0.481,0.387,0.283,0.372,0.089,0.477,0.088,0.088,0.4,0.629,0.572,0.477,0.519,0.136,0.545,0.509,0.465,0.441,0.088,0.088,0.088,0.093,0.087,0.086,0.086,0.087,0.088,0.087,0.088,0.087,0.087
,9:55:00,48,0.087,0.086,0.086,0.086,0.087,0.086,0.087,0.087,0.088,0.089,0.087,0.087,0.089,0.138,0.138,0.174,0.116,0.106,0.132,0.14,0.154,0.11,0.119,0.091,0.088,0.127,0.142,0.164,0.117,0.131,0.163,0.111,0.102,0.084,0.151,0.088,0.09,0.17,0.201,0.156,0.165,0.168,0.106,0.131,0.131,0.122,0.124,0.092,0.09,0.485,0.481,0.489,0.467,0.109,0.277,0.349,0.353,0.233,0.422,0.089,0.089,0.112,0.253,0.499,0.381,0.481,0.386,0.282,0.372,0.089,0.473,0.088,0.088,0.399,0.629,0.57,0.475,0.516,0.135,0.543,0.497,0.465,0.437,0.088,0.088,0.087,0.093,0.086,0.087,0.087,0.087,0.088,0.087,0.088,0.087,0.087
,10:00:00,48,0.087,0.086,0.087,0.086,0.087,0.086,0.087,0.087,0.088,0.089,0.087,0.088,0.089,0.138,0.138,0.174,0.116,0.106,0.132,0.14,0.154,0.109,0.118,0.091,0.088,0.127,0.142,0.165,0.118,0.131,0.163,0.111,0.102,0.084,0.151,0.088,0.09,0.17,0.201,0.156,0.166,0.168,0.106,0.131,0.131,0.122,0.123,0.092,0.09,0.484,0.476,0.487,0.461,0.109,0.272,0.339,0.349,0.232,0.422,0.089,0.089,0.111,0.249,0.496,0.372,0.48,0.382,0.282,0.37,0.089,0.474,0.088,0.088,0.399,0.627,0.568,0.481,0.513,0.135,0.543,0.504,0.465,0.436,0.088,0.088,0.088,0.093,0.087,0.087,0.087,0.087,0.088,0.087,0.088,0.087,0.087
,10:05:00,48,0.087,0.086,0.086,0.086,0.087,0.086,0.087,0.087,0.088,0.089,0.087,0.087,0.089,0.138,0.138,0.175,0.116,0.106,0.131,0.14,0.154,0.11,0.119,0.09,0.088,0.127,0.143,0.165,0.117,0.131,0.162,0.111,0.102,0.084,0.151,0.088,0.09,0.171,0.201,0.156,0.165,0.168,0.106,0.131,0.131,0.123,0.123,0.092,0.09,0.484,0.478,0.486,0.462,0.109,0.275,0.344,0.353,0.233,0.423,0.089,0.089,0.11,0.251,0.494,0.377,0.479,0.381,0.282,0.367,0.089,0.473,0.088,0.088,0.398,0.626,0.566,0.48,0.511,0.135,0.541,0.498,0.465,0.433,0.088,0.088,0.087,0.093,0.086,0.086,0.086,0.087,0.087,0.087,0.088,0.087,0.087
,10:10:00,48,0.087,0.086,0.087,0.086,0.087,0.086,0.087,0.087,0.088,0.089,0.087,0.087,0.089,0.138,0.138,0.174,0.116,0.106,0.132,0.14,0.154,0.11,0.12,0.09,0.088,0.127,0.143,0.165,0.117,0.131,0.162,0.111,0.102,0.084,0.151,0.088,0.09,0.171,0.201,0.156,0.166,0.168,0.106,0.131,0.131,0.123,0.124,0.092,0.09,0.482,0.478,0.485,0.463,0.109,0.275,0.347,0.352,0.233,0.424,0.089,0.089,0.11,0.249,0.493,0.376,0.48,0.378,0.282,0.366,0.089,0.471,0.088,0.088,0.397,0.623,0.564,0.48,0.507,0.135,0.539,0.499,0.465,0.43,0.088,0.088,0.088,0.093,0.086,0.087,0.086,0.087,0.088,0.087,0.087,0.087,0.087
,10:15:00,47.9,0.087,0.086,0.087,0.086,0.087,0.086,0.087,0.087,0.088,0.089,0.087,0.087,0.089,0.138,0.137,0.174,0.116,0.106,0.132,0.14,0.154,0.11,0.12,0.091,0.088,0.127,0.143,0.165,0.117,0.131,0.162,0.111,0.102,0.084,0.151,0.088,0.089,0.17,0.201,0.156,0.166,0.167,0.106,0.131,0.131,0.122,0.123,0.092,0.09,0.48,0.476,0.485,0.463,0.109,0.281,0.348,0.355,0.235,0.424,0.089,0.089,0.109,0.249,0.492,0.38,0.479,0.377,0.282,0.368,0.089,0.469,0.088,0.088,0.395,0.622,0.562,0.48,0.504,0.135,0.539,0.496,0.466,0.426,0.088,0.088,0.087,0.093,0.086,0.086,0.086,0.087,0.087,0.087,0.088,0.087,0.087
,10:20:00,47.9,0.087,0.086,0.086,0.086,0.087,0.086,0.087,0.087,0.088,0.089,0.086,0.087,0.089,0.138,0.137,0.174,0.116,0.106,0.132,0.14,0.154,0.11,0.118,0.09,0.089,0.127,0.143,0.165,0.117,0.13,0.161,0.111,0.102,0.084,0.15,0.088,0.089,0.17,0.201,0.156,0.165,0.168,0.106,0.131,0.131,0.123,0.124,0.092,0.09,0.48,0.475,0.483,0.462,0.109,0.276,0.34,0.355,0.231,0.426,0.089,0.089,0.109,0.246,0.489,0.376,0.478,0.374,0.28,0.366,0.089,0.471,0.088,0.088,0.394,0.62,0.56,0.485,0.501,0.135,0.538,0.488,0.467,0.423,0.088,0.088,0.087,0.093,0.086,0.086,0.086,0.087,0.088,0.087,0.088,0.087,0.087
,10:25:00,48,0.087,0.086,0.087,0.086,0.087,0.087,0.087,0.087,0.088,0.089,0.087,0.087,0.089,0.138,0.137,0.174,0.116,0.106,0.132,0.14,0.154,0.108,0.118,0.09,0.088,0.127,0.143,0.164,0.117,0.13,0.161,0.111,0.102,0.084,0.15,0.088,0.09,0.17,0.202,0.156,0.165,0.167,0.106,0.13,0.131,0.122,0.122,0.092,0.09,0.48,0.472,0.481,0.461,0.109,0.28,0.341,0.356,0.231,0.427,0.089,0.089,0.109,0.243,0.488,0.375,0.477,0.372,0.282,0.368,0.089,0.468,0.088,0.088,0.394,0.619,0.558,0.484,0.498,0.136,0.537,0.502,0.466,0.421,0.088,0.088,0.087,0.093,0.086,0.086,0.087,0.087,0.088,0.087,0.088,0.087,0.087
,10:30:00,48,0.087,0.086,0.087,0.087,0.087,0.086,0.087,0.087,0.088,0.089,0.087,0.087,0.089,0.138,0.137,0.174,0.116,0.106,0.132,0.14,0.154,0.11,0.119,0.091,0.089,0.127,0.143,0.164,0.117,0.131,0.161,0.111,0.102,0.085,0.15,0.088,0.09,0.17,0.202,0.156,0.165,0.167,0.106,0.13,0.132,0.123,0.123,0.093,0.09,0.481,0.477,0.481,0.458,0.109,0.279,0.342,0.356,0.232,0.423,0.089,0.089,0.108,0.242,0.485,0.372,0.476,0.37,0.281,0.365,0.089,0.467,0.088,0.088,0.394,0.617,0.556,0.489,0.494,0.135,0.536,0.495,0.464,0.418,0.088,0.088,0.088,0.093,0.087,0.087,0.087,0.087,0.088,0.087,0.088,0.087,0.087
,10:35:00,48,0.087,0.086,0.087,0.086,0.087,0.086,0.087,0.087,0.088,0.089,0.087,0.087,0.089,0.138,0.136,0.174,0.116,0.106,0.132,0.14,0.154,0.109,0.119,0.091,0.088,0.127,0.143,0.164,0.117,0.131,0.161,0.111,0.102,0.084,0.15,0.089,0.09,0.17,0.201,0.156,0.165,0.167,0.106,0.13,0.131,0.123,0.124,0.092,0.09,0.478,0.476,0.478,0.46,0.109,0.273,0.336,0.352,0.227,0.425,0.089,0.089,0.108,0.241,0.483,0.372,0.475,0.368,0.279,0.359,0.089,0.467,0.088,0.088,0.393,0.616,0.553,0.489,0.493,0.136,0.535,0.497,0.465,0.414,0.088,0.088,0.087,0.093,0.086,0.087,0.087,0.087,0.088,0.087,0.088,0.087,0.087
,10:40:00,47.9,0.086,0.086,0.086,0.086,0.086,0.086,0.087,0.086,0.087,0.089,0.086,0.087,0.089,0.137,0.135,0.173,0.115,0.106,0.131,0.139,0.153,0.109,0.119,0.09,0.088,0.127,0.143,0.164,0.116,0.13,0.16,0.11,0.101,0.084,0.15,0.087,0.089,0.17,0.201,0.155,0.165,0.167,0.106,0.13,0.13,0.123,0.124,0.092,0.089,0.476,0.474,0.478,0.459,0.109,0.273,0.34,0.354,0.229,0.429,0.089,0.089,0.107,0.238,0.481,0.37,0.474,0.365,0.278,0.362,0.089,0.467,0.087,0.087,0.39,0.612,0.55,0.487,0.488,0.135,0.532,0.488,0.465,0.411,0.087,0.088,0.087,0.092,0.086,0.086,0.086,0.087,0.087,0.086,0.087,0.087,0.086
,10:45:00,48,0.086,0.086,0.086,0.086,0.086,0.086,0.087,0.087,0.087,0.089,0.086,0.087,0.089,0.137,0.135,0.173,0.115,0.105,0.131,0.14,0.153,0.108,0.118,0.09,0.088,0.127,0.143,0.164,0.117,0.13,0.16,0.111,0.101,0.084,0.15,0.088,0.089,0.17,0.201,0.155,0.165,0.166,0.105,0.13,0.13,0.122,0.122,0.092,0.089,0.474,0.473,0.477,0.458,0.109,0.275,0.339,0.357,0.231,0.427,0.089,0.089,0.106,0.234,0.478,0.367,0.472,0.363,0.279,0.364,0.089,0.467,0.087,0.087,0.389,0.61,0.548,0.487,0.485,0.135,0.532,0.485,0.465,0.409,0.087,0.088,0.087,0.092,0.086,0.086,0.086,0.087,0.087,0.086,0.087,0.087,0.086
,10:50:00,47.9,0.087,0.086,0.087,0.086,0.087,0.087,0.087,0.087,0.088,0.089,0.087,0.087,0.089,0.138,0.136,0.173,0.116,0.106,0.131,0.14,0.153,0.108,0.119,0.091,0.088,0.127,0.143,0.164,0.118,0.131,0.16,0.111,0.102,0.084,0.15,0.088,0.09,0.17,0.201,0.155,0.165,0.167,0.106,0.13,0.131,0.123,0.122,0.092,0.09,0.473,0.476,0.477,0.462,0.109,0.278,0.342,0.357,0.23,0.428,0.089,0.089,0.107,0.235,0.478,0.37,0.473,0.362,0.279,0.362,0.089,0.465,0.088,0.088,0.389,0.609,0.546,0.489,0.484,0.135,0.53,0.49,0.465,0.405,0.088,0.088,0.087,0.093,0.086,0.086,0.086,0.087,0.088,0.087,0.088,0.087,0.087
,10:55:00,47.9,0.087,0.086,0.087,0.086,0.087,0.086,0.087,0.087,0.088,0.089,0.087,0.087,0.089,0.138,0.135,0.173,0.116,0.106,0.131,0.14,0.154,0.11,0.119,0.091,0.088,0.127,0.143,0.164,0.117,0.13,0.16,0.111,0.102,0.085,0.15,0.089,0.09,0.17,0.201,0.156,0.165,0.167,0.106,0.13,0.131,0.123,0.124,0.092,0.09,0.473,0.474,0.475,0.457,0.109,0.276,0.337,0.355,0.23,0.429,0.089,0.089,0.106,0.232,0.475,0.38,0.47,0.359,0.279,0.361,0.089,0.466,0.088,0.088,0.387,0.607,0.544,0.494,0.48,0.135,0.529,0.494,0.465,0.403,0.088,0.088,0.088,0.093,0.087,0.087,0.087,0.087,0.088,0.087,0.088,0.087,0.087
,11:00:00,48,0.087,0.086,0.087,0.087,0.087,0.086,0.087,0.087,0.088,0.089,0.087,0.087,0.088,0.138,0.135,0.173,0.116,0.106,0.131,0.14,0.153,0.109,0.119,0.091,0.088,0.127,0.143,0.164,0.117,0.13,0.159,0.111,0.101,0.084,0.15,0.088,0.09,0.17,0.201,0.155,0.165,0.167,0.106,0.13,0.131,0.122,0.122,0.092,0.089,0.472,0.467,0.472,0.453,0.109,0.273,0.333,0.355,0.229,0.429,0.089,0.089,0.106,0.233,0.473,0.364,0.468,0.357,0.278,0.36,0.089,0.467,0.088,0.088,0.387,0.604,0.541,0.499,0.476,0.135,0.529,0.485,0.463,0.4,0.088,0.088,0.087,0.093,0.086,0.086,0.086,0.087,0.088,0.087,0.088,0.087,0.087
,11:05:00,47.9,0.086,0.086,0.086,0.086,0.087,0.086,0.087,0.086,0.087,0.088,0.087,0.087,0.088,0.137,0.135,0.173,0.115,0.106,0.131,0.14,0.153,0.109,0.118,0.09,0.088,0.127,0.143,0.164,0.117,0.13,0.159,0.111,0.101,0.084,0.149,0.088,0.09,0.169,0.201,0.155,0.165,0.166,0.106,0.13,0.13,0.122,0.123,0.092,0.09,0.47,0.475,0.471,0.455,0.109,0.274,0.334,0.356,0.229,0.425,0.089,0.089,0.106,0.23,0.471,0.365,0.467,0.355,0.278,0.36,0.089,0.469,0.087,0.087,0.385,0.601,0.538,0.492,0.473,0.134,0.527,0.485,0.462,0.398,0.088,0.088,0.087,0.092,0.086,0.086,0.086,0.087,0.088,0.086,0.088,0.087,0.086
,11:10:00,48,0.086,0.086,0.087,0.086,0.087,0.086,0.087,0.087,0.087,0.089,0.087,0.087,0.089,0.137,0.135,0.173,0.115,0.106,0.131,0.14,0.153,0.108,0.119,0.09,0.088,0.127,0.143,0.164,0.117,0.13,0.159,0.111,0.101,0.084,0.149,0.088,0.089,0.17,0.2,0.155,0.164,0.166,0.106,0.13,0.13,0.123,0.121,0.092,0.09,0.469,0.471,0.47,0.453,0.109,0.276,0.339,0.355,0.231,0.431,0.089,0.088,0.105,0.229,0.469,0.368,0.467,0.353,0.277,0.361,0.089,0.468,0.088,0.087,0.384,0.599,0.537,0.497,0.471,0.135,0.525,0.48,0.462,0.394,0.088,0.088,0.087,0.093,0.086,0.086,0.086,0.087,0.088,0.087,0.088,0.087,0.086
,11:15:00,47.9,0.087,0.086,0.087,0.087,0.087,0.087,0.088,0.087,0.088,0.089,0.087,0.087,0.089,0.138,0.135,0.174,0.116,0.107,0.132,0.14,0.154,0.109,0.12,0.091,0.089,0.128,0.143,0.164,0.117,0.131,0.159,0.111,0.102,0.085,0.15,0.089,0.09,0.17,0.201,0.156,0.165,0.167,0.107,0.131,0.131,0.123,0.124,0.092,0.09,0.467,0.473,0.468,0.454,0.11,0.278,0.338,0.359,0.231,0.432,0.09,0.089,0.106,0.226,0.467,0.365,0.466,0.351,0.278,0.361,0.089,0.466,0.088,0.088,0.383,0.598,0.535,0.494,0.467,0.136,0.525,0.479,0.462,0.392,0.088,0.088,0.088,0.093,0.087,0.087,0.087,0.088,0.088,0.088,0.088,0.088,0.087
,11:20:00,47.9,0.086,0.086,0.087,0.086,0.087,0.086,0.087,0.087,0.088,0.089,0.087,0.087,0.089,0.137,0.135,0.173,0.116,0.106,0.131,0.14,0.154,0.108,0.118,0.09,0.088,0.127,0.143,0.163,0.116,0.13,0.158,0.111,0.101,0.085,0.149,0.088,0.09,0.17,0.201,0.155,0.165,0.166,0.106,0.13,0.131,0.123,0.121,0.091,0.09,0.465,0.47,0.466,0.46,0.109,0.281,0.341,0.36,0.233,0.435,0.089,0.089,0.105,0.226,0.465,0.376,0.464,0.349,0.277,0.361,0.089,0.469,0.088,0.088,0.381,0.595,0.532,0.493,0.462,0.135,0.524,0.485,0.462,0.389,0.088,0.088,0.087,0.093,0.086,0.086,0.086,0.087,0.087,0.086,0.088,0.087,0.087
,11:25:00,48,0.087,0.086,0.087,0.086,0.087,0.086,0.087,0.087,0.087,0.089,0.087,0.088,0.089,0.137,0.134,0.173,0.116,0.106,0.131,0.14,0.153,0.109,0.119,0.09,0.088,0.127,0.143,0.164,0.116,0.13,0.158,0.11,0.101,0.084,0.149,0.088,0.089,0.169,0.2,0.155,0.164,0.166,0.106,0.13,0.13,0.121,0.123,0.092,0.09,0.465,0.473,0.464,0.456,0.109,0.281,0.337,0.36,0.233,0.432,0.09,0.089,0.104,0.224,0.463,0.368,0.462,0.347,0.276,0.362,0.089,0.472,0.088,0.088,0.379,0.593,0.529,0.495,0.46,0.135,0.522,0.483,0.463,0.387,0.088,0.088,0.088,0.093,0.087,0.086,0.086,0.087,0.087,0.087,0.088,0.087,0.087
,11:30:00,48,0.086,0.086,0.086,0.086,0.086,0.086,0.087,0.086,0.087,0.088,0.086,0.087,0.088,0.137,0.134,0.172,0.115,0.106,0.131,0.139,0.153,0.108,0.119,0.09,0.087,0.127,0.142,0.163,0.116,0.13,0.158,0.11,0.101,0.084,0.149,0.088,0.089,0.169,0.2,0.155,0.164,0.166,0.106,0.129,0.13,0.122,0.123,0.091,0.089,0.462,0.468,0.462,0.451,0.109,0.278,0.335,0.36,0.233,0.43,0.089,0.089,0.104,0.22,0.46,0.356,0.46,0.344,0.276,0.361,0.088,0.472,0.087,0.088,0.378,0.589,0.527,0.501,0.455,0.134,0.521,0.479,0.461,0.384,0.087,0.087,0.087,0.093,0.086,0.086,0.086,0.087,0.087,0.086,0.087,0.087,0.086
,11:35:00,48,0.087,0.086,0.087,0.086,0.086,0.086,0.087,0.087,0.087,0.088,0.086,0.088,0.089,0.137,0.134,0.173,0.115,0.106,0.131,0.14,0.153,0.109,0.119,0.09,0.088,0.127,0.143,0.164,0.116,0.13,0.157,0.111,0.101,0.084,0.149,0.088,0.09,0.17,0.2,0.155,0.165,0.165,0.106,0.13,0.13,0.122,0.123,0.092,0.09,0.463,0.47,0.46,0.452,0.109,0.277,0.336,0.357,0.232,0.431,0.089,0.089,0.104,0.22,0.458,0.369,0.461,0.343,0.275,0.36,0.089,0.469,0.088,0.088,0.377,0.589,0.525,0.501,0.453,0.135,0.519,0.481,0.46,0.381,0.088,0.088,0.087,0.093,0.086,0.086,0.086,0.087,0.087,0.087,0.088,0.087,0.087
,11:40:00,48,0.087,0.086,0.087,0.086,0.087,0.087,0.087,0.087,0.088,0.088,0.087,0.088,0.089,0.137,0.134,0.173,0.115,0.106,0.131,0.14,0.153,0.109,0.119,0.091,0.088,0.127,0.143,0.163,0.116,0.13,0.157,0.111,0.101,0.084,0.149,0.088,0.09,0.169,0.2,0.155,0.165,0.166,0.106,0.13,0.13,0.123,0.123,0.092,0.09,0.461,0.472,0.459,0.452,0.109,0.277,0.336,0.359,0.23,0.432,0.089,0.089,0.104,0.219,0.456,0.365,0.459,0.341,0.276,0.354,0.089,0.471,0.088,0.088,0.375,0.586,0.522,0.503,0.451,0.135,0.519,0.482,0.459,0.378,0.088,0.088,0.088,0.093,0.086,0.086,0.087,0.087,0.087,0.087,0.088,0.087,0.087
,11:45:00,47.9,0.086,0.086,0.087,0.086,0.086,0.086,0.087,0.087,0.087,0.089,0.086,0.088,0.088,0.137,0.134,0.172,0.115,0.106,0.131,0.14,0.152,0.109,0.117,0.09,0.088,0.127,0.142,0.163,0.116,0.13,0.157,0.11,0.101,0.084,0.148,0.088,0.09,0.169,0.2,0.154,0.164,0.165,0.106,0.13,0.13,0.122,0.123,0.091,0.09,0.46,0.469,0.456,0.45,0.109,0.271,0.329,0.357,0.227,0.436,0.089,0.089,0.103,0.215,0.454,0.36,0.457,0.339,0.274,0.357,0.089,0.471,0.088,0.088,0.374,0.584,0.52,0.501,0.447,0.135,0.518,0.478,0.458,0.376,0.088,0.088,0.088,0.093,0.087,0.086,0.086,0.087,0.087,0.087,0.088,0.087,0.087
,11:50:00,48,0.087,0.086,0.086,0.086,0.086,0.086,0.087,0.087,0.087,0.089,0.086,0.087,0.089,0.137,0.133,0.172,0.115,0.106,0.131,0.14,0.153,0.108,0.118,0.09,0.088,0.127,0.143,0.163,0.116,0.13,0.156,0.11,0.101,0.084,0.148,0.088,0.09,0.169,0.2,0.155,0.165,0.165,0.105,0.13,0.13,0.122,0.124,0.091,0.09,0.459,0.468,0.455,0.45,0.109,0.277,0.335,0.36,0.232,0.434,0.089,0.089,0.103,0.212,0.452,0.36,0.456,0.337,0.276,0.359,0.089,0.469,0.088,0.088,0.375,0.583,0.517,0.502,0.445,0.135,0.517,0.48,0.455,0.372,0.087,0.088,0.089,0.093,0.086,0.086,0.087,0.087,0.087,0.087,0.088,0.087,0.086
,11:55:00,48,0.086,0.086,0.087,0.086,0.087,0.086,0.087,0.087,0.088,0.089,0.086,0.088,0.089,0.137,0.133,0.172,0.115,0.106,0.131,0.139,0.153,0.11,0.119,0.09,0.088,0.127,0.143,0.163,0.116,0.13,0.156,0.11,0.101,0.084,0.148,0.088,0.09,0.169,0.2,0.154,0.164,0.165,0.105,0.129,0.13,0.121,0.124,0.091,0.09,0.459,0.471,0.453,0.446,0.11,0.276,0.331,0.358,0.23,0.438,0.089,0.089,0.103,0.211,0.449,0.359,0.453,0.335,0.277,0.361,0.089,0.471,0.088,0.088,0.374,0.58,0.515,0.508,0.441,0.135,0.515,0.479,0.454,0.371,0.088,0.088,0.088,0.093,0.086,0.086,0.086,0.087,0.087,0.086,0.088,0.087,0.087
,12:00:00,47.9,0.086,0.086,0.086,0.086,0.086,0.086,0.087,0.087,0.087,0.089,0.087,0.087,0.088,0.137,0.133,0.172,0.115,0.106,0.131,0.139,0.152,0.108,0.118,0.09,0.088,0.127,0.143,0.163,0.116,0.13,0.156,0.111,0.101,0.084,0.148,0.088,0.09,0.169,0.2,0.154,0.164,0.165,0.105,0.129,0.13,0.122,0.123,0.092,0.09,0.457,0.472,0.45,0.444,0.109,0.274,0.33,0.359,0.228,0.434,0.089,0.089,0.103,0.207,0.447,0.358,0.453,0.332,0.274,0.354,0.089,0.471,0.087,0.087,0.372,0.576,0.513,0.508,0.439,0.135,0.514,0.479,0.454,0.368,0.088,0.088,0.087,0.093,0.086,0.086,0.086,0.087,0.088,0.087,0.088,0.087,0.086
,12:05:00,48,0.087,0.086,0.087,0.086,0.087,0.086,0.087,0.087,0.087,0.089,0.087,0.088,0.089,0.137,0.133,0.172,0.115,0.106,0.131,0.139,0.152,0.109,0.119,0.09,0.088,0.127,0.143,0.163,0.116,0.13,0.155,0.111,0.101,0.084,0.148,0.088,0.09,0.169,0.2,0.154,0.164,0.165,0.106,0.13,0.13,0.122,0.123,0.092,0.09,0.456,0.468,0.448,0.445,0.11,0.272,0.327,0.359,0.229,0.439,0.089,0.089,0.103,0.208,0.445,0.356,0.451,0.33,0.274,0.355,0.089,0.473,0.088,0.088,0.371,0.575,0.511,0.503,0.436,0.135,0.513,0.476,0.453,0.365,0.087,0.088,0.088,0.093,0.087,0.087,0.086,0.087,0.087,0.087,0.088,0.087,0.086
,12:10:00,48,0.087,0.086,0.087,0.086,0.087,0.086,0.087,0.087,0.088,0.089,0.087,0.088,0.089,0.137,0.133,0.172,0.116,0.106,0.131,0.14,0.152,0.109,0.118,0.09,0.088,0.127,0.143,0.163,0.116,0.13,0.156,0.111,0.101,0.084,0.148,0.088,0.09,0.169,0.2,0.155,0.165,0.165,0.106,0.13,0.13,0.123,0.123,0.092,0.09,0.457,0.474,0.446,0.444,0.109,0.275,0.33,0.36,0.232,0.447,0.089,0.089,0.103,0.207,0.443,0.349,0.452,0.33,0.275,0.357,0.089,0.477,0.088,0.088,0.371,0.571,0.508,0.511,0.432,0.135,0.512,0.471,0.451,0.363,0.088,0.088,0.088,0.093,0.087,0.086,0.087,0.087,0.088,0.087,0.088,0.087,0.087
,12:15:00,48,0.087,0.086,0.087,0.086,0.087,0.086,0.087,0.087,0.087,0.088,0.087,0.087,0.089,0.137,0.133,0.172,0.115,0.106,0.131,0.139,0.152,0.109,0.118,0.09,0.088,0.127,0.143,0.163,0.116,0.129,0.155,0.11,0.101,0.084,0.148,0.088,0.09,0.168,0.199,0.155,0.164,0.164,0.106,0.129,0.13,0.123,0.122,0.092,0.09,0.456,0.475,0.446,0.449,0.109,0.28,0.335,0.361,0.23,0.448,0.089,0.089,0.102,0.205,0.441,0.358,0.45,0.328,0.274,0.358,0.089,0.472,0.087,0.088,0.369,0.569,0.506,0.509,0.429,0.135,0.511,0.476,0.452,0.36,0.088,0.088,0.087,0.093,0.086,0.086,0.086,0.087,0.087,0.087,0.088,0.087,0.086
,12:20:00,48,0.087,0.086,0.087,0.087,0.087,0.087,0.088,0.087,0.088,0.089,0.087,0.088,0.089,0.137,0.133,0.172,0.116,0.106,0.131,0.14,0.152,0.109,0.119,0.09,0.089,0.127,0.143,0.163,0.116,0.13,0.155,0.11,0.101,0.085,0.148,0.088,0.09,0.169,0.2,0.155,0.164,0.165,0.106,0.13,0.13,0.123,0.124,0.092,0.09,0.454,0.475,0.444,0.445,0.11,0.279,0.333,0.358,0.233,0.442,0.089,0.089,0.102,0.202,0.439,0.353,0.449,0.326,0.274,0.356,0.089,0.471,0.088,0.088,0.368,0.567,0.503,0.515,0.426,0.135,0.509,0.468,0.449,0.359,0.088,0.088,0.088,0.093,0.087,0.086,0.087,0.088,0.088,0.087,0.088,0.088,0.087
,12:25:00,48,0.086,0.086,0.087,0.086,0.087,0.086,0.087,0.086,0.087,0.088,0.086,0.087,0.089,0.136,0.132,0.172,0.115,0.106,0.131,0.139,0.152,0.108,0.118,0.09,0.089,0.126,0.143,0.163,0.116,0.129,0.154,0.11,0.101,0.084,0.148,0.088,0.089,0.169,0.199,0.154,0.164,0.164,0.106,0.129,0.13,0.122,0.123,0.091,0.09,0.453,0.471,0.441,0.444,0.109,0.276,0.332,0.359,0.231,0.441,0.089,0.089,0.102,0.201,0.437,0.353,0.447,0.324,0.273,0.353,0.089,0.471,0.088,0.088,0.366,0.564,0.502,0.508,0.424,0.135,0.509,0.471,0.447,0.355,0.087,0.088,0.087,0.093,0.086,0.086,0.087,0.087,0.088,0.087,0.088,0.087,0.086
,12:30:00,48,0.087,0.086,0.086,0.086,0.087,0.086,0.087,0.087,0.087,0.089,0.087,0.087,0.089,0.137,0.132,0.172,0.115,0.106,0.13,0.139,0.152,0.108,0.119,0.091,0.089,0.126,0.143,0.163,0.116,0.129,0.154,0.11,0.101,0.085,0.147,0.088,0.09,0.169,0.199,0.154,0.164,0.164,0.106,0.129,0.129,0.123,0.123,0.092,0.09,0.451,0.467,0.438,0.439,0.109,0.273,0.328,0.359,0.23,0.443,0.089,0.089,0.102,0.2,0.434,0.346,0.445,0.321,0.273,0.358,0.089,0.473,0.088,0.088,0.365,0.562,0.5,0.511,0.421,0.134,0.507,0.466,0.446,0.353,0.088,0.088,0.088,0.093,0.087,0.086,0.086,0.087,0.087,0.087,0.088,0.087,0.086
,12:35:00,48,0.087,0.086,0.087,0.086,0.087,0.086,0.087,0.087,0.087,0.089,0.086,0.087,0.089,0.137,0.132,0.172,0.115,0.106,0.131,0.139,0.152,0.107,0.118,0.09,0.089,0.127,0.143,0.163,0.116,0.13,0.154,0.11,0.101,0.084,0.148,0.088,0.09,0.169,0.199,0.154,0.164,0.164,0.106,0.129,0.13,0.123,0.123,0.092,0.09,0.449,0.468,0.437,0.442,0.11,0.276,0.332,0.359,0.231,0.444,0.089,0.089,0.102,0.197,0.433,0.357,0.445,0.32,0.272,0.355,0.089,0.47,0.088,0.088,0.363,0.559,0.497,0.508,0.418,0.135,0.507,0.465,0.444,0.351,0.088,0.088,0.088,0.093,0.086,0.086,0.087,0.087,0.087,0.087,0.088,0.087,0.087
,12:40:00,47.9,0.086,0.086,0.086,0.086,0.086,0.086,0.087,0.086,0.087,0.088,0.087,0.087,0.089,0.136,0.132,0.171,0.115,0.106,0.13,0.139,0.151,0.107,0.118,0.09,0.088,0.126,0.142,0.163,0.116,0.129,0.153,0.11,0.101,0.084,0.147,0.088,0.09,0.169,0.199,0.154,0.164,0.164,0.106,0.129,0.129,0.122,0.123,0.091,0.09,0.45,0.47,0.435,0.437,0.109,0.274,0.327,0.36,0.233,0.455,0.089,0.089,0.101,0.197,0.431,0.344,0.442,0.318,0.272,0.356,0.089,0.476,0.087,0.088,0.365,0.558,0.494,0.508,0.414,0.135,0.504,0.467,0.443,0.349,0.088,0.088,0.087,0.093,0.086,0.086,0.086,0.087,0.087,0.087,0.088,0.087,0.086
,12:45:00,48,0.086,0.086,0.087,0.087,0.086,0.087,0.088,0.087,0.088,0.088,0.087,0.087,0.089,0.136,0.132,0.171,0.115,0.106,0.131,0.139,0.152,0.107,0.118,0.09,0.089,0.127,0.143,0.163,0.116,0.13,0.153,0.11,0.101,0.084,0.147,0.088,0.09,0.169,0.199,0.154,0.164,0.164,0.106,0.129,0.13,0.122,0.123,0.092,0.09,0.449,0.47,0.432,0.435,0.11,0.268,0.321,0.359,0.233,0.442,0.089,0.089,0.101,0.195,0.428,0.338,0.439,0.316,0.27,0.355,0.089,0.473,0.088,0.088,0.362,0.556,0.492,0.511,0.412,0.135,0.504,0.464,0.442,0.347,0.087,0.088,0.088,0.093,0.086,0.087,0.087,0.087,0.087,0.087,0.088,0.087,0.086
,12:50:00,48,0.087,0.086,0.087,0.086,0.086,0.086,0.087,0.087,0.087,0.089,0.086,0.087,0.089,0.136,0.131,0.171,0.115,0.106,0.13,0.139,0.151,0.108,0.119,0.09,0.088,0.126,0.143,0.163,0.116,0.129,0.153,0.11,0.101,0.084,0.147,0.088,0.09,0.168,0.199,0.153,0.163,0.163,0.106,0.129,0.13,0.122,0.124,0.091,0.09,0.449,0.473,0.432,0.437,0.109,0.271,0.326,0.36,0.234,0.444,0.089,0.089,0.102,0.195,0.426,0.34,0.439,0.314,0.271,0.354,0.089,0.472,0.088,0.088,0.362,0.553,0.49,0.507,0.409,0.135,0.502,0.452,0.44,0.343,0.087,0.088,0.087,0.093,0.086,0.086,0.087,0.087,0.088,0.087,0.088,0.087,0.086
,12:55:00,48,0.087,0.086,0.087,0.086,0.087,0.087,0.087,0.087,0.087,0.089,0.086,0.087,0.089,0.136,0.131,0.171,0.115,0.106,0.13,0.139,0.152,0.108,0.119,0.09,0.089,0.126,0.143,0.163,0.116,0.129,0.153,0.11,0.101,0.084,0.147,0.088,0.09,0.168,0.199,0.153,0.164,0.164,0.106,0.129,0.13,0.122,0.123,0.092,0.089,0.446,0.47,0.429,0.434,0.109,0.271,0.323,0.36,0.232,0.442,0.089,0.089,0.101,0.192,0.424,0.341,0.439,0.313,0.27,0.355,0.089,0.471,0.087,0.088,0.359,0.552,0.488,0.51,0.407,0.134,0.501,0.464,0.437,0.342,0.088,0.088,0.087,0.093,0.086,0.086,0.087,0.087,0.087,0.087,0.088,0.087,0.086
,13:00:00,47.9,0.087,0.086,0.087,0.086,0.087,0.086,0.087,0.087,0.087,0.088,0.086,0.087,0.089,0.136,0.131,0.171,0.115,0.106,0.13,0.138,0.151,0.107,0.118,0.09,0.088,0.126,0.143,0.162,0.116,0.129,0.152,0.11,0.101,0.084,0.147,0.088,0.09,0.168,0.199,0.153,0.163,0.163,0.106,0.129,0.13,0.122,0.122,0.091,0.09,0.445,0.47,0.427,0.433,0.11,0.267,0.323,0.36,0.232,0.443,0.089,0.089,0.101,0.189,0.423,0.339,0.436,0.311,0.271,0.352,0.089,0.468,0.088,0.088,0.358,0.549,0.486,0.509,0.403,0.134,0.499,0.466,0.435,0.339,0.088,0.088,0.087,0.093,0.087,0.086,0.086,0.087,0.087,0.087,0.088,0.087,0.086
,13:05:00,48,0.086,0.086,0.086,0.086,0.087,0.086,0.087,0.087,0.087,0.088,0.087,0.087,0.089,0.136,0.131,0.17,0.115,0.106,0.13,0.139,0.151,0.109,0.117,0.09,0.088,0.126,0.142,0.162,0.115,0.129,0.152,0.11,0.101,0.084,0.147,0.088,0.089,0.168,0.199,0.153,0.163,0.163,0.106,0.129,0.129,0.121,0.123,0.092,0.09,0.445,0.47,0.425,0.433,0.109,0.272,0.329,0.359,0.234,0.445,0.09,0.089,0.1,0.19,0.42,0.339,0.435,0.308,0.27,0.355,0.089,0.466,0.088,0.088,0.358,0.546,0.484,0.507,0.4,0.134,0.498,0.459,0.433,0.337,0.088,0.088,0.087,0.093,0.086,0.086,0.086,0.087,0.087,0.087,0.088,0.087,0.086
,13:10:00,48,0.086,0.086,0.087,0.086,0.087,0.086,0.087,0.087,0.087,0.088,0.086,0.087,0.089,0.136,0.131,0.17,0.115,0.106,0.131,0.139,0.151,0.108,0.118,0.09,0.089,0.126,0.143,0.162,0.115,0.129,0.151,0.11,0.1,0.085,0.146,0.088,0.089,0.168,0.198,0.153,0.163,0.163,0.106,0.129,0.129,0.122,0.123,0.092,0.09,0.443,0.469,0.422,0.428,0.109,0.268,0.321,0.359,0.233,0.445,0.089,0.089,0.1,0.194,0.418,0.329,0.433,0.307,0.269,0.355,0.089,0.469,0.088,0.087,0.356,0.544,0.482,0.511,0.398,0.134,0.497,0.459,0.431,0.335,0.087,0.088,0.087,0.093,0.086,0.086,0.087,0.087,0.087,0.087,0.087,0.087,0.086
,13:15:00,48,0.087,0.086,0.087,0.086,0.087,0.087,0.087,0.087,0.087,0.089,0.086,0.086,0.089,0.136,0.131,0.17,0.115,0.106,0.13,0.139,0.151,0.108,0.118,0.09,0.088,0.126,0.143,0.163,0.116,0.129,0.152,0.11,0.101,0.084,0.147,0.088,0.09,0.168,0.198,0.153,0.163,0.163,0.106,0.129,0.13,0.121,0.123,0.091,0.09,0.443,0.468,0.423,0.434,0.11,0.27,0.326,0.36,0.233,0.444,0.089,0.089,0.101,0.193,0.416,0.342,0.433,0.307,0.269,0.353,0.089,0.465,0.088,0.088,0.357,0.543,0.48,0.51,0.395,0.135,0.496,0.454,0.429,0.333,0.088,0.088,0.088,0.093,0.086,0.086,0.087,0.087,0.087,0.087,0.088,0.087,0.086
,13:20:00,48,0.087,0.086,0.086,0.086,0.087,0.086,0.087,0.087,0.087,0.088,0.086,0.086,0.089,0.136,0.131,0.17,0.114,0.106,0.13,0.139,0.151,0.108,0.118,0.09,0.088,0.126,0.143,0.162,0.116,0.129,0.151,0.11,0.101,0.084,0.146,0.088,0.089,0.168,0.198,0.153,0.164,0.162,0.106,0.129,0.129,0.122,0.123,0.091,0.09,0.443,0.471,0.419,0.433,0.109,0.271,0.324,0.357,0.23,0.444,0.088,0.089,0.1,0.193,0.414,0.34,0.431,0.304,0.268,0.352,0.089,0.466,0.088,0.087,0.355,0.541,0.478,0.509,0.393,0.135,0.495,0.457,0.427,0.332,0.087,0.088,0.088,0.093,0.086,0.086,0.086,0.087,0.087,0.087,0.087,0.087,0.086
,13:25:00,48,0.087,0.086,0.087,0.086,0.086,0.087,0.087,0.087,0.087,0.088,0.086,0.086,0.089,0.136,0.131,0.17,0.115,0.105,0.131,0.138,0.15,0.109,0.118,0.09,0.089,0.126,0.143,0.162,0.116,0.129,0.151,0.11,0.1,0.085,0.146,0.088,0.09,0.168,0.198,0.153,0.163,0.162,0.106,0.129,0.129,0.122,0.122,0.091,0.09,0.442,0.469,0.418,0.428,0.11,0.269,0.321,0.357,0.236,0.453,0.089,0.089,0.101,0.188,0.412,0.335,0.429,0.302,0.268,0.354,0.089,0.47,0.087,0.088,0.354,0.538,0.475,0.508,0.39,0.135,0.495,0.46,0.427,0.33,0.088,0.088,0.087,0.093,0.086,0.086,0.086,0.087,0.087,0.087,0.088,0.087,0.086
,13:30:00,47.9,0.086,0.086,0.087,0.086,0.087,0.086,0.087,0.086,0.087,0.088,0.087,0.086,0.089,0.135,0.13,0.17,0.115,0.105,0.131,0.139,0.151,0.108,0.117,0.09,0.089,0.126,0.143,0.162,0.115,0.129,0.151,0.11,0.101,0.084,0.146,0.088,0.09,0.168,0.198,0.154,0.162,0.162,0.106,0.129,0.129,0.122,0.122,0.091,0.09,0.442,0.471,0.415,0.424,0.11,0.267,0.317,0.358,0.234,0.447,0.089,0.089,0.101,0.188,0.41,0.323,0.427,0.301,0.268,0.354,0.089,0.471,0.088,0.088,0.352,0.537,0.473,0.512,0.388,0.135,0.494,0.452,0.426,0.328,0.087,0.088,0.087,0.093,0.086,0.086,0.087,0.087,0.087,0.087,0.088,0.087,0.087
,13:35:00,48,0.087,0.086,0.087,0.086,0.087,0.086,0.087,0.087,0.087,0.088,0.086,0.086,0.089,0.136,0.13,0.17,0.114,0.105,0.13,0.139,0.15,0.11,0.118,0.09,0.088,0.126,0.143,0.162,0.115,0.129,0.15,0.11,0.101,0.084,0.146,0.088,0.089,0.169,0.198,0.153,0.163,0.162,0.106,0.129,0.129,0.122,0.123,0.091,0.09,0.441,0.47,0.413,0.425,0.11,0.267,0.322,0.359,0.235,0.451,0.089,0.089,0.1,0.188,0.408,0.326,0.427,0.299,0.268,0.357,0.089,0.47,0.088,0.088,0.352,0.534,0.471,0.515,0.386,0.135,0.491,0.45,0.424,0.326,0.088,0.088,0.087,0.093,0.086,0.086,0.087,0.087,0.088,0.087,0.088,0.087,0.086
,13:40:00,48,0.086,0.086,0.086,0.086,0.086,0.086,0.087,0.086,0.087,0.088,0.086,0.086,0.089,0.136,0.13,0.17,0.114,0.106,0.13,0.138,0.15,0.107,0.118,0.09,0.088,0.126,0.143,0.162,0.115,0.129,0.15,0.109,0.101,0.084,0.146,0.088,0.089,0.168,0.198,0.153,0.163,0.162,0.106,0.128,0.129,0.12,0.122,0.091,0.09,0.44,0.47,0.412,0.424,0.109,0.262,0.318,0.362,0.236,0.448,0.089,0.089,0.1,0.187,0.406,0.335,0.424,0.296,0.268,0.355,0.089,0.465,0.087,0.088,0.35,0.532,0.469,0.508,0.383,0.134,0.491,0.446,0.421,0.323,0.087,0.088,0.087,0.093,0.086,0.086,0.087,0.087,0.087,0.087,0.088,0.087,0.086
,13:45:00,48,0.087,0.086,0.087,0.086,0.087,0.086,0.087,0.087,0.087,0.088,0.086,0.086,0.089,0.136,0.129,0.17,0.115,0.105,0.13,0.138,0.151,0.107,0.118,0.09,0.088,0.126,0.143,0.162,0.115,0.129,0.15,0.109,0.101,0.084,0.147,0.088,0.09,0.168,0.198,0.153,0.163,0.162,0.106,0.129,0.129,0.122,0.123,0.091,0.09,0.439,0.468,0.41,0.424,0.11,0.263,0.319,0.355,0.235,0.447,0.089,0.089,0.101,0.185,0.404,0.32,0.423,0.296,0.266,0.353,0.089,0.467,0.087,0.088,0.347,0.53,0.467,0.506,0.381,0.134,0.49,0.446,0.417,0.321,0.087,0.087,0.089,0.092,0.086,0.086,0.086,0.087,0.087,0.087,0.088,0.087,0.086
,13:50:00,48,0.087,0.086,0.087,0.086,0.087,0.086,0.087,0.087,0.087,0.088,0.086,0.086,0.089,0.136,0.13,0.17,0.115,0.106,0.13,0.138,0.15,0.109,0.117,0.09,0.089,0.126,0.143,0.162,0.115,0.129,0.15,0.109,0.101,0.084,0.147,0.088,0.09,0.168,0.198,0.153,0.163,0.162,0.106,0.129,0.129,0.121,0.123,0.091,0.09,0.437,0.466,0.408,0.425,0.11,0.266,0.322,0.361,0.239,0.448,0.089,0.089,0.101,0.18,0.402,0.329,0.422,0.294,0.267,0.353,0.089,0.464,0.088,0.088,0.347,0.529,0.465,0.507,0.378,0.134,0.488,0.447,0.417,0.32,0.088,0.088,0.089,0.093,0.086,0.087,0.086,0.087,0.087,0.087,0.088,0.087,0.086
,13:55:00,48,0.086,0.086,0.086,0.086,0.086,0.086,0.087,0.086,0.087,0.088,0.086,0.086,0.089,0.136,0.129,0.169,0.115,0.106,0.13,0.138,0.15,0.109,0.117,0.09,0.088,0.126,0.143,0.162,0.115,0.128,0.149,0.109,0.101,0.085,0.146,0.088,0.089,0.167,0.197,0.152,0.163,0.162,0.105,0.129,0.129,0.121,0.123,0.092,0.09,0.438,0.468,0.405,0.418,0.11,0.264,0.317,0.357,0.235,0.454,0.089,0.089,0.1,0.182,0.4,0.313,0.421,0.293,0.268,0.357,0.089,0.466,0.088,0.088,0.347,0.526,0.463,0.509,0.376,0.135,0.487,0.445,0.415,0.317,0.087,0.088,0.087,0.092,0.086,0.086,0.086,0.087,0.087,0.086,0.087,0.087,0.086
,14:00:00,47.9,0.086,0.086,0.086,0.086,0.086,0.086,0.087,0.087,0.087,0.088,0.086,0.085,0.089,0.136,0.129,0.17,0.114,0.105,0.13,0.139,0.15,0.109,0.118,0.09,0.088,0.126,0.143,0.162,0.115,0.129,0.149,0.109,0.101,0.084,0.146,0.088,0.09,0.167,0.197,0.152,0.163,0.161,0.106,0.128,0.129,0.122,0.123,0.092,0.09,0.437,0.468,0.403,0.415,0.109,0.257,0.308,0.355,0.233,0.452,0.089,0.089,0.1,0.179,0.398,0.31,0.418,0.29,0.266,0.352,0.089,0.469,0.088,0.088,0.345,0.524,0.461,0.512,0.374,0.134,0.486,0.446,0.413,0.315,0.087,0.088,0.088,0.093,0.086,0.086,0.086,0.087,0.087,0.087,0.088,0.087,0.086
,14:05:00,48,0.087,0.086,0.087,0.086,0.087,0.086,0.087,0.087,0.087,0.088,0.086,0.086,0.089,0.136,0.129,0.17,0.114,0.105,0.13,0.139,0.15,0.108,0.118,0.09,0.088,0.126,0.143,0.162,0.115,0.129,0.148,0.11,0.1,0.084,0.146,0.088,0.09,0.168,0.198,0.152,0.163,0.162,0.106,0.129,0.129,0.121,0.123,0.091,0.09,0.437,0.471,0.402,0.418,0.11,0.262,0.316,0.357,0.234,0.455,0.088,0.089,0.1,0.18,0.396,0.324,0.418,0.289,0.265,0.353,0.089,0.469,0.088,0.088,0.345,0.522,0.459,0.511,0.371,0.135,0.485,0.444,0.411,0.314,0.087,0.088,0.087,0.093,0.086,0.086,0.086,0.088,0.087,0.087,0.087,0.087,0.086
,14:10:00,48,0.086,0.086,0.087,0.086,0.086,0.086,0.087,0.086,0.087,0.088,0.086,0.085,0.088,0.136,0.129,0.169,0.114,0.105,0.13,0.138,0.15,0.108,0.116,0.09,0.088,0.126,0.143,0.162,0.115,0.128,0.148,0.109,0.1,0.084,0.145,0.087,0.089,0.167,0.197,0.152,0.162,0.162,0.106,0.128,0.128,0.121,0.121,0.091,0.09,0.435,0.468,0.4,0.418,0.11,0.262,0.317,0.359,0.238,0.451,0.089,0.089,0.099,0.176,0.395,0.322,0.417,0.288,0.266,0.356,0.089,0.464,0.088,0.088,0.343,0.519,0.456,0.504,0.369,0.134,0.483,0.441,0.407,0.312,0.087,0.087,0.087,0.092,0.086,0.086,0.086,0.087,0.087,0.086,0.087,0.087,0.086
,14:15:00,48,0.086,0.086,0.087,0.086,0.087,0.086,0.087,0.086,0.087,0.088,0.086,0.086,0.088,0.136,0.129,0.169,0.114,0.106,0.13,0.139,0.149,0.108,0.118,0.09,0.088,0.126,0.143,0.162,0.115,0.128,0.148,0.109,0.1,0.085,0.146,0.087,0.09,0.168,0.197,0.152,0.162,0.161,0.106,0.128,0.129,0.121,0.122,0.091,0.09,0.434,0.464,0.398,0.416,0.11,0.257,0.314,0.352,0.234,0.446,0.089,0.089,0.1,0.173,0.394,0.314,0.415,0.285,0.264,0.349,0.089,0.463,0.088,0.088,0.342,0.518,0.454,0.503,0.367,0.134,0.482,0.441,0.407,0.31,0.088,0.088,0.087,0.093,0.086,0.086,0.086,0.087,0.087,0.087,0.088,0.087,0.086
,14:20:00,48,0.086,0.086,0.086,0.086,0.086,0.086,0.087,0.086,0.087,0.088,0.086,0.085,0.088,0.136,0.129,0.169,0.114,0.105,0.13,0.138,0.149,0.108,0.118,0.09,0.088,0.126,0.142,0.162,0.115,0.128,0.147,0.109,0.1,0.084,0.145,0.087,0.089,0.168,0.197,0.152,0.162,0.161,0.105,0.128,0.129,0.121,0.122,0.091,0.09,0.434,0.466,0.397,0.416,0.11,0.26,0.316,0.356,0.236,0.449,0.088,0.089,0.1,0.171,0.391,0.31,0.414,0.284,0.264,0.35,0.089,0.461,0.087,0.088,0.34,0.515,0.451,0.507,0.364,0.134,0.481,0.437,0.403,0.308,0.087,0.087,0.087,0.093,0.086,0.086,0.086,0.087,0.087,0.086,0.088,0.087,0.086
,14:25:00,48,0.087,0.086,0.087,0.086,0.087,0.086,0.087,0.087,0.087,0.088,0.086,0.085,0.089,0.136,0.129,0.169,0.115,0.105,0.13,0.138,0.15,0.108,0.118,0.089,0.088,0.126,0.143,0.162,0.115,0.128,0.148,0.109,0.101,0.085,0.146,0.088,0.09,0.167,0.197,0.152,0.162,0.161,0.106,0.129,0.129,0.122,0.123,0.092,0.09,0.433,0.464,0.394,0.41,0.11,0.257,0.307,0.352,0.235,0.448,0.089,0.089,0.1,0.17,0.39,0.306,0.411,0.283,0.263,0.348,0.089,0.463,0.088,0.088,0.341,0.514,0.451,0.502,0.363,0.134,0.481,0.433,0.401,0.307,0.087,0.088,0.088,0.093,0.087,0.086,0.087,0.088,0.087,0.087,0.088,0.087,0.086
,14:30:00,48,0.087,0.086,0.087,0.086,0.087,0.086,0.087,0.087,0.087,0.088,0.086,0.085,0.089,0.136,0.129,0.169,0.114,0.106,0.13,0.138,0.149,0.108,0.118,0.09,0.089,0.126,0.143,0.162,0.115,0.128,0.148,0.109,0.101,0.085,0.146,0.088,0.09,0.167,0.197,0.152,0.163,0.161,0.106,0.129,0.129,0.118,0.122,0.092,0.09,0.434,0.469,0.393,0.413,0.11,0.261,0.314,0.353,0.234,0.451,0.089,0.089,0.1,0.168,0.388,0.311,0.411,0.282,0.263,0.35,0.089,0.459,0.088,0.088,0.338,0.513,0.448,0.507,0.361,0.134,0.479,0.433,0.399,0.305,0.088,0.088,0.088,0.093,0.086,0.087,0.086,0.087,0.087,0.087,0.088,0.087,0.086
,14:35:00,48,0.087,0.086,0.087,0.086,0.087,0.086,0.087,0.087,0.087,0.088,0.086,0.085,0.089,0.136,0.129,0.169,0.114,0.106,0.13,0.138,0.15,0.109,0.118,0.09,0.089,0.126,0.143,0.162,0.115,0.128,0.147,0.11,0.101,0.085,0.145,0.088,0.09,0.168,0.198,0.153,0.162,0.161,0.105,0.129,0.129,0.121,0.123,0.092,0.09,0.432,0.465,0.391,0.409,0.11,0.257,0.312,0.351,0.23,0.451,0.09,0.089,0.1,0.167,0.386,0.312,0.41,0.28,0.263,0.351,0.09,0.462,0.088,0.088,0.338,0.51,0.447,0.511,0.358,0.134,0.479,0.435,0.397,0.303,0.088,0.088,0.088,0.093,0.086,0.086,0.087,0.087,0.088,0.087,0.088,0.087,0.086
,14:40:00,48,0.086,0.086,0.086,0.086,0.086,0.086,0.086,0.086,0.087,0.088,0.086,0.084,0.088,0.136,0.129,0.168,0.114,0.105,0.13,0.138,0.149,0.106,0.118,0.09,0.089,0.125,0.143,0.161,0.115,0.128,0.146,0.109,0.1,0.084,0.145,0.087,0.089,0.167,0.196,0.152,0.162,0.161,0.105,0.128,0.128,0.121,0.122,0.091,0.09,0.431,0.464,0.388,0.407,0.109,0.255,0.307,0.352,0.235,0.454,0.089,0.089,0.099,0.166,0.384,0.311,0.408,0.279,0.262,0.351,0.089,0.461,0.087,0.087,0.335,0.509,0.445,0.503,0.356,0.134,0.476,0.433,0.395,0.302,0.087,0.088,0.088,0.092,0.086,0.086,0.086,0.087,0.087,0.086,0.088,0.087,0.086
,14:45:00,48,0.086,0.086,0.086,0.086,0.086,0.086,0.087,0.086,0.087,0.088,0.086,0.085,0.088,0.136,0.128,0.168,0.114,0.106,0.13,0.138,0.149,0.108,0.117,0.09,0.088,0.126,0.143,0.161,0.115,0.128,0.146,0.109,0.1,0.084,0.145,0.087,0.089,0.167,0.197,0.152,0.162,0.161,0.105,0.128,0.128,0.121,0.123,0.091,0.09,0.43,0.461,0.388,0.41,0.11,0.257,0.313,0.351,0.233,0.442,0.089,0.089,0.099,0.165,0.383,0.313,0.407,0.278,0.262,0.347,0.089,0.456,0.088,0.088,0.335,0.506,0.442,0.504,0.354,0.134,0.475,0.428,0.392,0.299,0.087,0.087,0.087,0.093,0.086,0.086,0.086,0.087,0.087,0.087,0.088,0.087,0.086
,14:50:00,48,0.087,0.086,0.087,0.086,0.087,0.086,0.087,0.086,0.087,0.088,0.086,0.084,0.089,0.136,0.128,0.168,0.114,0.105,0.13,0.138,0.149,0.108,0.118,0.09,0.088,0.126,0.143,0.161,0.115,0.128,0.146,0.109,0.101,0.084,0.146,0.088,0.09,0.167,0.197,0.152,0.162,0.161,0.105,0.128,0.128,0.119,0.122,0.091,0.09,0.43,0.463,0.385,0.406,0.109,0.256,0.308,0.349,0.23,0.446,0.089,0.089,0.1,0.164,0.381,0.308,0.405,0.276,0.261,0.347,0.089,0.458,0.088,0.088,0.333,0.505,0.441,0.502,0.352,0.134,0.474,0.429,0.39,0.299,0.088,0.088,0.088,0.093,0.086,0.086,0.086,0.087,0.087,0.087,0.088,0.087,0.086
,14:55:00,48,0.086,0.085,0.087,0.086,0.086,0.086,0.087,0.086,0.086,0.088,0.086,0.084,0.088,0.136,0.128,0.168,0.114,0.105,0.129,0.138,0.148,0.108,0.117,0.09,0.088,0.125,0.143,0.161,0.114,0.128,0.146,0.109,0.1,0.084,0.145,0.087,0.089,0.167,0.196,0.151,0.162,0.16,0.105,0.128,0.128,0.121,0.122,0.091,0.09,0.429,0.461,0.383,0.403,0.11,0.254,0.306,0.348,0.23,0.451,0.088,0.089,0.099,0.161,0.379,0.302,0.403,0.275,0.26,0.35,0.089,0.459,0.087,0.087,0.333,0.503,0.439,0.505,0.35,0.134,0.473,0.426,0.389,0.297,0.087,0.087,0.088,0.092,0.086,0.086,0.086,0.087,0.087,0.086,0.087,0.087,0.086
,15:00:00,48,0.087,0.086,0.087,0.086,0.086,0.086,0.087,0.086,0.087,0.088,0.086,0.084,0.088,0.135,0.128,0.168,0.114,0.105,0.13,0.138,0.148,0.108,0.118,0.09,0.088,0.125,0.143,0.161,0.115,0.128,0.146,0.109,0.1,0.085,0.145,0.088,0.09,0.167,0.196,0.151,0.162,0.161,0.106,0.129,0.128,0.122,0.122,0.091,0.09,0.428,0.459,0.381,0.402,0.11,0.251,0.304,0.347,0.229,0.453,0.089,0.089,0.1,0.161,0.377,0.298,0.403,0.274,0.26,0.351,0.089,0.457,0.087,0.088,0.331,0.502,0.438,0.506,0.348,0.134,0.473,0.429,0.388,0.296,0.087,0.088,0.088,0.093,0.086,0.086,0.087,0.087,0.087,0.087,0.088,0.087,0.086
,15:05:00,48,0.087,0.086,0.086,0.086,0.086,0.086,0.087,0.087,0.087,0.088,0.086,0.084,0.089,0.136,0.128,0.168,0.114,0.106,0.13,0.138,0.149,0.107,0.117,0.09,0.089,0.125,0.143,0.161,0.115,0.129,0.145,0.109,0.1,0.084,0.145,0.088,0.089,0.167,0.196,0.151,0.162,0.161,0.105,0.128,0.128,0.121,0.122,0.091,0.09,0.428,0.463,0.38,0.403,0.11,0.255,0.309,0.349,0.228,0.449,0.089,0.089,0.099,0.158,0.376,0.305,0.402,0.272,0.26,0.348,0.089,0.456,0.088,0.088,0.332,0.5,0.436,0.506,0.346,0.134,0.472,0.427,0.383,0.293,0.087,0.088,0.087,0.093,0.086,0.086,0.087,0.087,0.088,0.087,0.088,0.087,0.086
,15:10:00,47.9,0.087,0.086,0.086,0.086,0.086,0.086,0.087,0.086,0.087,0.088,0.086,0.084,0.088,0.136,0.128,0.168,0.114,0.105,0.13,0.137,0.149,0.108,0.117,0.09,0.088,0.125,0.143,0.161,0.115,0.128,0.145,0.109,0.1,0.084,0.145,0.088,0.09,0.167,0.196,0.151,0.162,0.16,0.105,0.128,0.128,0.118,0.123,0.091,0.089,0.428,0.459,0.378,0.399,0.11,0.249,0.302,0.344,0.224,0.456,0.088,0.089,0.099,0.158,0.374,0.298,0.399,0.271,0.259,0.346,0.089,0.455,0.088,0.088,0.329,0.499,0.434,0.507,0.344,0.134,0.47,0.424,0.383,0.291,0.087,0.087,0.088,0.092,0.086,0.086,0.086,0.087,0.087,0.087,0.087,0.087,0.085
,15:15:00,48,0.087,0.085,0.086,0.086,0.086,0.086,0.087,0.086,0.087,0.088,0.086,0.084,0.088,0.136,0.128,0.168,0.114,0.105,0.13,0.137,0.149,0.108,0.118,0.09,0.088,0.125,0.143,0.161,0.114,0.128,0.144,0.109,0.1,0.084,0.144,0.087,0.089,0.167,0.196,0.151,0.162,0.16,0.105,0.128,0.128,0.117,0.122,0.091,0.09,0.426,0.456,0.375,0.397,0.11,0.247,0.299,0.344,0.228,0.453,0.088,0.088,0.1,0.157,0.372,0.287,0.397,0.27,0.259,0.349,0.089,0.452,0.087,0.087,0.329,0.496,0.432,0.5,0.343,0.134,0.468,0.427,0.38,0.29,0.087,0.087,0.087,0.092,0.086,0.086,0.086,0.087,0.087,0.086,0.087,0.087,0.085
,15:20:00,47.9,0.087,0.085,0.086,0.086,0.086,0.086,0.087,0.086,0.087,0.088,0.086,0.084,0.089,0.136,0.128,0.168,0.114,0.105,0.13,0.137,0.149,0.108,0.117,0.09,0.088,0.125,0.143,0.161,0.114,0.128,0.145,0.109,0.1,0.084,0.144,0.087,0.09,0.167,0.196,0.151,0.162,0.16,0.105,0.128,0.128,0.117,0.122,0.091,0.09,0.426,0.454,0.374,0.397,0.11,0.251,0.301,0.347,0.229,0.446,0.089,0.088,0.099,0.156,0.371,0.288,0.397,0.268,0.259,0.347,0.089,0.453,0.088,0.087,0.328,0.494,0.43,0.503,0.34,0.134,0.468,0.423,0.379,0.289,0.087,0.087,0.087,0.092,0.086,0.086,0.086,0.087,0.087,0.086,0.088,0.087,0.085
,15:25:00,47.9,0.086,0.086,0.086,0.086,0.086,0.086,0.087,0.086,0.087,0.087,0.086,0.083,0.089,0.135,0.128,0.167,0.114,0.105,0.129,0.137,0.148,0.108,0.116,0.089,0.088,0.125,0.143,0.161,0.115,0.128,0.144,0.109,0.1,0.084,0.144,0.087,0.089,0.167,0.196,0.151,0.161,0.16,0.105,0.128,0.128,0.12,0.122,0.091,0.089,0.426,0.458,0.372,0.396,0.109,0.248,0.303,0.343,0.228,0.443,0.089,0.089,0.099,0.154,0.37,0.295,0.396,0.267,0.258,0.344,0.089,0.453,0.087,0.087,0.327,0.492,0.428,0.505,0.338,0.134,0.467,0.42,0.377,0.287,0.087,0.087,0.087,0.092,0.086,0.086,0.087,0.087,0.087,0.086,0.088,0.087,0.085
,15:30:00,47.9,0.086,0.086,0.087,0.086,0.087,0.086,0.087,0.086,0.087,0.088,0.086,0.083,0.088,0.136,0.128,0.167,0.114,0.105,0.129,0.137,0.148,0.108,0.118,0.09,0.088,0.125,0.144,0.161,0.115,0.128,0.144,0.109,0.1,0.084,0.144,0.088,0.089,0.167,0.196,0.151,0.162,0.16,0.105,0.128,0.128,0.121,0.122,0.091,0.09,0.425,0.454,0.371,0.393,0.11,0.248,0.299,0.345,0.228,0.451,0.089,0.089,0.099,0.155,0.368,0.29,0.393,0.266,0.257,0.346,0.089,0.453,0.088,0.088,0.326,0.49,0.427,0.504,0.337,0.134,0.466,0.422,0.374,0.286,0.087,0.087,0.088,0.092,0.086,0.086,0.086,0.087,0.087,0.087,0.088,0.087,0.085
,15:35:00,47.9,0.086,0.086,0.087,0.086,0.087,0.086,0.087,0.086,0.087,0.088,0.086,0.084,0.088,0.136,0.128,0.167,0.114,0.105,0.129,0.138,0.148,0.108,0.118,0.09,0.088,0.126,0.144,0.161,0.115,0.128,0.144,0.109,0.1,0.085,0.144,0.088,0.09,0.167,0.196,0.151,0.162,0.16,0.106,0.128,0.128,0.122,0.122,0.091,0.09,0.426,0.453,0.37,0.395,0.11,0.248,0.3,0.342,0.227,0.444,0.088,0.089,0.099,0.153,0.367,0.29,0.393,0.265,0.257,0.345,0.089,0.451,0.088,0.088,0.326,0.489,0.425,0.502,0.336,0.134,0.465,0.417,0.373,0.284,0.087,0.088,0.087,0.093,0.086,0.086,0.087,0.088,0.087,0.087,0.087,0.087,0.086
,15:40:00,47.9,0.086,0.086,0.086,0.086,0.086,0.085,0.087,0.086,0.087,0.087,0.085,0.083,0.088,0.135,0.127,0.167,0.113,0.105,0.129,0.138,0.148,0.108,0.117,0.089,0.088,0.125,0.143,0.16,0.115,0.128,0.143,0.109,0.1,0.084,0.144,0.087,0.089,0.167,0.195,0.15,0.162,0.159,0.105,0.128,0.128,0.121,0.122,0.091,0.09,0.424,0.452,0.367,0.393,0.11,0.249,0.301,0.345,0.231,0.44,0.088,0.089,0.099,0.151,0.366,0.282,0.392,0.264,0.257,0.345,0.089,0.451,0.087,0.087,0.324,0.487,0.424,0.503,0.334,0.134,0.463,0.416,0.369,0.283,0.087,0.087,0.087,0.092,0.086,0.086,0.086,0.087,0.087,0.086,0.088,0.086,0.085
,15:45:00,47.9,0.086,0.086,0.087,0.086,0.086,0.086,0.087,0.086,0.087,0.087,0.086,0.082,0.089,0.135,0.127,0.167,0.114,0.105,0.13,0.137,0.148,0.108,0.117,0.09,0.088,0.125,0.143,0.161,0.115,0.128,0.144,0.109,0.1,0.084,0.144,0.088,0.089,0.167,0.195,0.151,0.161,0.16,0.105,0.128,0.128,0.12,0.123,0.091,0.09,0.424,0.453,0.367,0.398,0.11,0.247,0.305,0.342,0.228,0.439,0.089,0.089,0.099,0.151,0.365,0.289,0.392,0.263,0.256,0.342,0.089,0.449,0.087,0.088,0.324,0.485,0.422,0.506,0.332,0.134,0.463,0.416,0.366,0.282,0.087,0.087,0.088,0.092,0.086,0.086,0.086,0.087,0.087,0.087,0.088,0.087,0.086
,15:50:00,48,0.086,0.086,0.086,0.086,0.086,0.086,0.087,0.086,0.087,0.087,0.085,0.081,0.088,0.135,0.127,0.166,0.114,0.105,0.129,0.137,0.148,0.108,0.117,0.089,0.088,0.125,0.143,0.161,0.114,0.127,0.143,0.108,0.1,0.084,0.144,0.088,0.089,0.166,0.195,0.151,0.161,0.159,0.105,0.128,0.128,0.121,0.121,0.091,0.09,0.423,0.45,0.364,0.392,0.109,0.247,0.302,0.343,0.226,0.447,0.088,0.089,0.099,0.149,0.361,0.291,0.39,0.262,0.257,0.344,0.089,0.45,0.087,0.088,0.322,0.483,0.421,0.502,0.33,0.133,0.461,0.414,0.365,0.281,0.087,0.087,0.087,0.093,0.086,0.086,0.086,0.087,0.087,0.086,0.088,0.086,0.085
,15:55:00,48,0.087,0.086,0.086,0.086,0.086,0.086,0.087,0.087,0.087,0.088,0.086,0.081,0.089,0.135,0.127,0.167,0.114,0.105,0.13,0.137,0.149,0.108,0.117,0.09,0.088,0.125,0.144,0.161,0.115,0.128,0.143,0.109,0.1,0.085,0.144,0.087,0.09,0.166,0.196,0.151,0.162,0.161,0.106,0.128,0.128,0.12,0.122,0.092,0.09,0.423,0.448,0.364,0.392,0.11,0.25,0.303,0.341,0.226,0.45,0.089,0.089,0.099,0.148,0.362,0.29,0.39,0.26,0.256,0.346,0.089,0.448,0.088,0.088,0.323,0.481,0.42,0.507,0.329,0.134,0.461,0.414,0.363,0.279,0.087,0.087,0.087,0.093,0.086,0.086,0.086,0.087,0.088,0.087,0.088,0.087,0.086
,16:00:00,48,0.087,0.086,0.086,0.086,0.086,0.086,0.087,0.086,0.087,0.087,0.086,0.08,0.088,0.136,0.127,0.167,0.114,0.105,0.129,0.137,0.148,0.108,0.117,0.089,0.088,0.125,0.143,0.161,0.115,0.128,0.143,0.108,0.1,0.084,0.144,0.088,0.09,0.167,0.195,0.151,0.162,0.161,0.105,0.128,0.128,0.121,0.122,0.091,0.09,0.423,0.451,0.362,0.389,0.11,0.25,0.302,0.341,0.229,0.447,0.088,0.089,0.099,0.147,0.361,0.284,0.389,0.26,0.255,0.346,0.089,0.452,0.087,0.088,0.321,0.48,0.417,0.507,0.328,0.134,0.46,0.413,0.363,0.278,0.087,0.087,0.087,0.093,0.086,0.086,0.086,0.087,0.087,0.087,0.088,0.087,0.086
,16:05:00,48,0.086,0.086,0.086,0.086,0.086,0.086,0.087,0.086,0.087,0.087,0.085,0.08,0.088,0.135,0.127,0.166,0.114,0.105,0.129,0.137,0.148,0.108,0.117,0.09,0.088,0.125,0.143,0.16,0.114,0.128,0.142,0.109,0.1,0.084,0.144,0.087,0.089,0.166,0.195,0.15,0.162,0.161,0.105,0.128,0.128,0.118,0.122,0.091,0.09,0.422,0.447,0.36,0.387,0.11,0.247,0.298,0.34,0.226,0.443,0.089,0.088,0.099,0.147,0.359,0.277,0.386,0.259,0.254,0.344,0.089,0.449,0.087,0.088,0.321,0.479,0.416,0.499,0.326,0.133,0.459,0.409,0.36,0.276,0.087,0.087,0.088,0.092,0.086,0.086,0.086,0.087,0.087,0.087,0.088,0.086,0.085
,16:10:00,48,0.086,0.086,0.087,0.086,0.086,0.086,0.087,0.086,0.087,0.087,0.085,0.079,0.088,0.135,0.127,0.166,0.114,0.105,0.129,0.137,0.148,0.108,0.116,0.09,0.088,0.125,0.143,0.16,0.115,0.128,0.142,0.109,0.1,0.085,0.144,0.087,0.09,0.167,0.195,0.15,0.162,0.161,0.105,0.128,0.128,0.12,0.121,0.091,0.09,0.422,0.443,0.358,0.388,0.11,0.248,0.301,0.34,0.224,0.449,0.088,0.089,0.099,0.149,0.359,0.286,0.385,0.257,0.254,0.346,0.089,0.447,0.088,0.087,0.319,0.477,0.415,0.505,0.324,0.134,0.458,0.411,0.356,0.276,0.087,0.087,0.088,0.093,0.086,0.086,0.086,0.087,0.087,0.087,0.088,0.087,0.085
,16:15:00,48,0.087,0.086,0.086,0.086,0.086,0.086,0.087,0.086,0.087,0.087,0.086,0.079,0.088,0.135,0.127,0.166,0.114,0.105,0.129,0.138,0.148,0.109,0.117,0.09,0.088,0.125,0.143,0.16,0.115,0.128,0.142,0.108,0.1,0.085,0.144,0.087,0.09,0.166,0.195,0.15,0.162,0.161,0.105,0.127,0.128,0.117,0.122,0.091,0.09,0.421,0.444,0.357,0.388,0.11,0.248,0.302,0.338,0.227,0.442,0.088,0.089,0.099,0.148,0.357,0.288,0.384,0.256,0.254,0.342,0.089,0.447,0.087,0.088,0.318,0.475,0.414,0.501,0.323,0.133,0.457,0.41,0.355,0.273,0.087,0.088,0.087,0.093,0.086,0.086,0.086,0.087,0.087,0.087,0.088,0.087,0.086
,16:20:00,48,0.086,0.086,0.086,0.086,0.086,0.086,0.087,0.086,0.087,0.087,0.086,0.078,0.088,0.135,0.127,0.166,0.114,0.105,0.129,0.137,0.148,0.108,0.117,0.09,0.088,0.125,0.143,0.161,0.114,0.127,0.141,0.109,0.1,0.084,0.144,0.087,0.09,0.166,0.195,0.15,0.161,0.161,0.105,0.128,0.127,0.117,0.121,0.091,0.09,0.42,0.44,0.356,0.386,0.11,0.243,0.3,0.336,0.222,0.442,0.089,0.089,0.099,0.148,0.355,0.283,0.383,0.255,0.253,0.341,0.089,0.446,0.088,0.088,0.318,0.474,0.412,0.502,0.32,0.134,0.455,0.407,0.352,0.273,0.088,0.087,0.087,0.092,0.086,0.086,0.086,0.087,0.087,0.087,0.088,0.087,0.085
,16:25:00,48,0.086,0.086,0.086,0.086,0.086,0.086,0.087,0.086,0.087,0.087,0.085,0.077,0.088,0.135,0.127,0.166,0.113,0.104,0.129,0.137,0.147,0.107,0.117,0.09,0.088,0.125,0.143,0.16,0.114,0.127,0.141,0.108,0.099,0.084,0.144,0.087,0.089,0.166,0.195,0.15,0.161,0.161,0.105,0.127,0.127,0.115,0.121,0.091,0.09,0.419,0.439,0.354,0.386,0.11,0.244,0.301,0.337,0.223,0.445,0.089,0.088,0.099,0.146,0.354,0.281,0.381,0.254,0.253,0.341,0.089,0.445,0.087,0.087,0.316,0.473,0.411,0.505,0.319,0.133,0.455,0.408,0.35,0.271,0.087,0.087,0.087,0.092,0.086,0.086,0.086,0.087,0.087,0.086,0.087,0.087,0.085
,16:30:00,48,0.087,0.086,0.087,0.086,0.086,0.086,0.087,0.086,0.087,0.087,0.086,0.077,0.089,0.135,0.127,0.166,0.114,0.105,0.129,0.138,0.148,0.108,0.117,0.09,0.088,0.125,0.143,0.161,0.114,0.128,0.141,0.109,0.1,0.085,0.144,0.088,0.09,0.167,0.195,0.15,0.161,0.161,0.105,0.128,0.127,0.114,0.122,0.091,0.09,0.419,0.436,0.353,0.383,0.11,0.245,0.297,0.338,0.227,0.448,0.089,0.089,0.099,0.148,0.354,0.277,0.381,0.253,0.253,0.342,0.089,0.447,0.088,0.088,0.315,0.47,0.409,0.496,0.318,0.133,0.454,0.404,0.349,0.271,0.087,0.088,0.087,0.093,0.086,0.086,0.086,0.087,0.087,0.087,0.088,0.087,0.085
,16:35:00,48,0.086,0.086,0.086,0.086,0.086,0.086,0.086,0.086,0.086,0.087,0.085,0.077,0.089,0.135,0.126,0.165,0.113,0.105,0.129,0.137,0.147,0.108,0.116,0.089,0.088,0.125,0.144,0.16,0.114,0.127,0.14,0.108,0.1,0.084,0.143,0.087,0.089,0.166,0.194,0.15,0.161,0.161,0.105,0.127,0.127,0.113,0.121,0.091,0.09,0.419,0.434,0.351,0.38,0.109,0.243,0.295,0.336,0.226,0.442,0.088,0.089,0.099,0.145,0.352,0.274,0.378,0.252,0.252,0.338,0.089,0.445,0.087,0.087,0.314,0.469,0.408,0.497,0.316,0.133,0.452,0.401,0.348,0.269,0.087,0.087,0.087,0.092,0.086,0.086,0.086,0.087,0.087,0.086,0.087,0.087,0.085
,16:40:00,47.9,0.086,0.086,0.086,0.086,0.086,0.086,0.087,0.086,0.087,0.087,0.085,0.077,0.088,0.135,0.126,0.166,0.114,0.105,0.129,0.137,0.147,0.108,0.117,0.09,0.088,0.125,0.143,0.16,0.115,0.127,0.14,0.108,0.1,0.084,0.143,0.087,0.09,0.166,0.194,0.15,0.161,0.16,0.105,0.127,0.127,0.114,0.122,0.091,0.089,0.418,0.435,0.35,0.38,0.11,0.24,0.293,0.333,0.224,0.443,0.088,0.089,0.099,0.145,0.351,0.269,0.378,0.251,0.253,0.34,0.089,0.446,0.087,0.088,0.314,0.468,0.406,0.496,0.315,0.133,0.452,0.403,0.346,0.267,0.087,0.087,0.087,0.093,0.086,0.086,0.086,0.087,0.087,0.087,0.088,0.087,0.085
,16:45:00,47.9,0.086,0.086,0.086,0.086,0.086,0.086,0.086,0.086,0.086,0.087,0.085,0.076,0.088,0.135,0.126,0.165,0.113,0.105,0.129,0.137,0.147,0.107,0.117,0.089,0.088,0.125,0.143,0.16,0.114,0.127,0.14,0.108,0.1,0.084,0.143,0.087,0.089,0.166,0.194,0.15,0.161,0.16,0.105,0.127,0.127,0.113,0.121,0.091,0.09,0.418,0.432,0.348,0.378,0.11,0.238,0.292,0.333,0.222,0.445,0.088,0.089,0.099,0.143,0.35,0.266,0.377,0.25,0.252,0.336,0.089,0.442,0.087,0.088,0.313,0.466,0.405,0.497,0.314,0.133,0.451,0.402,0.344,0.267,0.087,0.087,0.087,0.092,0.086,0.086,0.086,0.087,0.087,0.087,0.088,0.087,0.085
,16:50:00,48,0.086,0.086,0.086,0.086,0.086,0.086,0.086,0.086,0.086,0.087,0.085,0.076,0.088,0.135,0.126,0.165,0.113,0.105,0.129,0.136,0.147,0.107,0.116,0.089,0.088,0.124,0.143,0.16,0.114,0.127,0.14,0.108,0.1,0.084,0.143,0.088,0.089,0.166,0.195,0.15,0.161,0.16,0.105,0.127,0.127,0.119,0.121,0.091,0.089,0.416,0.428,0.346,0.377,0.11,0.242,0.296,0.333,0.221,0.442,0.088,0.089,0.099,0.143,0.348,0.273,0.376,0.249,0.251,0.342,0.089,0.442,0.087,0.087,0.312,0.465,0.404,0.499,0.312,0.134,0.45,0.402,0.342,0.265,0.087,0.087,0.088,0.092,0.086,0.086,0.086,0.087,0.087,0.086,0.088,0.086,0.085
,16:55:00,47.9,0.086,0.085,0.086,0.086,0.086,0.086,0.087,0.086,0.086,0.087,0.085,0.076,0.088,0.135,0.126,0.165,0.113,0.105,0.129,0.137,0.147,0.107,0.116,0.089,0.088,0.125,0.143,0.16,0.114,0.127,0.14,0.108,0.099,0.084,0.143,0.087,0.089,0.166,0.194,0.149,0.161,0.16,0.105,0.127,0.127,0.116,0.12,0.091,0.09,0.417,0.428,0.345,0.378,0.11,0.242,0.296,0.333,0.22,0.437,0.088,0.088,0.099,0.141,0.347,0.271,0.375,0.248,0.252,0.339,0.089,0.439,0.087,0.087,0.311,0.463,0.402,0.499,0.31,0.134,0.448,0.399,0.339,0.263,0.087,0.087,0.087,0.092,0.086,0.086,0.086,0.087,0.087,0.086,0.088,0.087,0.085
,17:00:00,48,0.086,0.086,0.086,0.086,0.086,0.086,0.087,0.086,0.087,0.087,0.085,0.076,0.088,0.135,0.127,0.165,0.113,0.105,0.129,0.137,0.147,0.107,0.117,0.089,0.088,0.125,0.143,0.16,0.115,0.127,0.139,0.108,0.1,0.084,0.143,0.088,0.089,0.166,0.194,0.149,0.161,0.16,0.105,0.127,0.127,0.118,0.121,0.091,0.09,0.417,0.428,0.344,0.376,0.11,0.241,0.294,0.33,0.22,0.441,0.088,0.089,0.099,0.143,0.346,0.271,0.373,0.247,0.25,0.337,0.089,0.442,0.087,0.088,0.311,0.462,0.401,0.501,0.309,0.134,0.448,0.401,0.338,0.263,0.087,0.087,0.089,0.093,0.086,0.086,0.086,0.087,0.087,0.087,0.088,0.087,0.085
,17:05:00,48,0.086,0.086,0.086,0.086,0.086,0.086,0.087,0.086,0.087,0.087,0.085,0.076,0.088,0.135,0.126,0.165,0.113,0.105,0.129,0.137,0.147,0.108,0.117,0.089,0.088,0.125,0.143,0.16,0.114,0.127,0.139,0.108,0.1,0.085,0.143,0.088,0.09,0.165,0.194,0.15,0.161,0.16,0.105,0.127,0.127,0.118,0.122,0.091,0.09,0.416,0.423,0.342,0.374,0.11,0.238,0.29,0.329,0.22,0.441,0.088,0.089,0.099,0.141,0.346,0.264,0.372,0.246,0.251,0.335,0.089,0.441,0.087,0.088,0.311,0.46,0.401,0.49,0.308,0.133,0.447,0.398,0.336,0.262,0.087,0.087,0.087,0.093,0.086,0.086,0.086,0.087,0.087,0.087,0.087,0.087,0.085
,17:10:00,47.9,0.086,0.086,0.086,0.086,0.086,0.086,0.086,0.086,0.086,0.087,0.085,0.076,0.088,0.135,0.126,0.165,0.113,0.105,0.129,0.137,0.147,0.108,0.117,0.089,0.088,0.124,0.143,0.16,0.114,0.127,0.139,0.108,0.1,0.084,0.143,0.087,0.089,0.166,0.194,0.149,0.16,0.16,0.105,0.127,0.127,0.118,0.121,0.091,0.09,0.416,0.422,0.341,0.373,0.11,0.241,0.29,0.328,0.22,0.443,0.089,0.089,0.099,0.141,0.343,0.264,0.371,0.246,0.25,0.334,0.089,0.444,0.087,0.088,0.309,0.459,0.399,0.498,0.307,0.134,0.446,0.398,0.335,0.26,0.087,0.087,0.088,0.093,0.086,0.086,0.086,0.087,0.088,0.087,0.088,0.087,0.085
,17:15:00,48,0.086,0.086,0.086,0.086,0.086,0.086,0.087,0.086,0.087,0.087,0.085,0.076,0.088,0.135,0.126,0.165,0.113,0.105,0.129,0.137,0.147,0.108,0.117,0.089,0.088,0.124,0.143,0.16,0.114,0.127,0.139,0.108,0.099,0.084,0.142,0.087,0.089,0.166,0.194,0.15,0.16,0.16,0.105,0.127,0.127,0.115,0.12,0.091,0.09,0.415,0.42,0.339,0.374,0.11,0.242,0.293,0.331,0.225,0.44,0.088,0.089,0.099,0.14,0.343,0.26,0.37,0.244,0.249,0.336,0.089,0.441,0.087,0.088,0.309,0.458,0.398,0.495,0.305,0.133,0.446,0.394,0.333,0.259,0.087,0.087,0.088,0.093,0.086,0.086,0.086,0.087,0.087,0.086,0.088,0.087,0.085
,17:20:00,48,0.087,0.086,0.087,0.086,0.086,0.086,0.087,0.086,0.087,0.087,0.085,0.076,0.089,0.135,0.127,0.165,0.113,0.105,0.129,0.137,0.147,0.107,0.117,0.089,0.088,0.125,0.143,0.16,0.114,0.127,0.138,0.108,0.1,0.084,0.143,0.087,0.09,0.166,0.194,0.149,0.16,0.16,0.105,0.127,0.127,0.119,0.122,0.091,0.09,0.415,0.419,0.338,0.374,0.11,0.239,0.295,0.33,0.224,0.439,0.088,0.089,0.099,0.14,0.342,0.267,0.369,0.244,0.249,0.334,0.09,0.44,0.088,0.088,0.309,0.456,0.397,0.497,0.304,0.134,0.445,0.396,0.331,0.259,0.087,0.09,0.087,0.093,0.086,0.086,0.086,0.087,0.087,0.087,0.088,0.087,0.085
,17:25:00,48,0.086,0.086,0.087,0.086,0.087,0.086,0.087,0.086,0.087,0.087,0.085,0.076,0.089,0.135,0.126,0.165,0.113,0.105,0.129,0.137,0.147,0.107,0.117,0.089,0.088,0.125,0.144,0.16,0.114,0.127,0.138,0.108,0.1,0.085,0.142,0.088,0.09,0.166,0.194,0.15,0.16,0.162,0.105,0.127,0.127,0.118,0.121,0.091,0.09,0.415,0.419,0.336,0.37,0.11,0.231,0.287,0.323,0.217,0.443,0.089,0.089,0.099,0.139,0.341,0.264,0.368,0.243,0.248,0.331,0.09,0.44,0.087,0.088,0.309,0.455,0.396,0.495,0.304,0.134,0.444,0.393,0.33,0.258,0.087,0.087,0.088,0.094,0.086,0.086,0.086,0.088,0.087,0.087,0.088,0.087,0.085
,17:30:00,47.9,0.087,0.086,0.087,0.086,0.087,0.086,0.087,0.086,0.087,0.087,0.085,0.079,0.089,0.135,0.126,0.165,0.114,0.105,0.129,0.137,0.148,0.107,0.117,0.09,0.089,0.125,0.144,0.16,0.114,0.127,0.138,0.108,0.1,0.085,0.143,0.088,0.09,0.166,0.194,0.15,0.161,0.163,0.105,0.128,0.127,0.118,0.121,0.091,0.09,0.416,0.418,0.336,0.37,0.11,0.24,0.29,0.327,0.223,0.445,0.089,0.089,0.099,0.14,0.341,0.257,0.367,0.242,0.25,0.334,0.09,0.442,0.088,0.088,0.309,0.455,0.395,0.499,0.302,0.133,0.443,0.393,0.329,0.257,0.087,0.087,0.088,0.093,0.087,0.086,0.087,0.088,0.087,0.087,0.088,0.087,0.085
,17:35:00,48,0.087,0.086,0.087,0.086,0.087,0.086,0.087,0.086,0.087,0.087,0.085,0.077,0.089,0.135,0.126,0.164,0.113,0.105,0.129,0.137,0.147,0.108,0.117,0.089,0.088,0.125,0.143,0.16,0.114,0.127,0.138,0.108,0.1,0.085,0.142,0.088,0.09,0.166,0.194,0.15,0.16,0.162,0.105,0.127,0.127,0.117,0.12,0.091,0.09,0.416,0.417,0.334,0.369,0.11,0.237,0.288,0.325,0.221,0.443,0.089,0.089,0.099,0.139,0.339,0.262,0.366,0.241,0.248,0.333,0.089,0.439,0.088,0.088,0.308,0.453,0.394,0.503,0.3,0.134,0.442,0.394,0.328,0.255,0.087,0.088,0.088,0.093,0.086,0.086,0.086,0.087,0.088,0.087,0.088,0.086,0.085
,17:40:00,48,0.086,0.086,0.086,0.086,0.086,0.086,0.086,0.086,0.086,0.086,0.084,0.076,0.088,0.135,0.126,0.164,0.113,0.105,0.128,0.136,0.146,0.107,0.116,0.089,0.088,0.124,0.143,0.159,0.114,0.126,0.137,0.108,0.1,0.084,0.142,0.087,0.089,0.166,0.193,0.149,0.16,0.162,0.105,0.127,0.127,0.118,0.121,0.091,0.09,0.415,0.416,0.333,0.369,0.11,0.241,0.291,0.328,0.222,0.444,0.089,0.088,0.098,0.138,0.338,0.262,0.366,0.24,0.247,0.334,0.089,0.437,0.087,0.087,0.307,0.451,0.393,0.503,0.299,0.133,0.441,0.392,0.323,0.254,0.087,0.089,0.087,0.092,0.086,0.086,0.086,0.087,0.087,0.086,0.088,0.086,0.084
,17:45:00,47.9,0.086,0.086,0.086,0.086,0.086,0.086,0.087,0.086,0.087,0.087,0.085,0.075,0.088,0.135,0.126,0.164,0.113,0.105,0.129,0.136,0.147,0.107,0.117,0.089,0.088,0.124,0.143,0.159,0.114,0.127,0.137,0.108,0.099,0.084,0.142,0.087,0.089,0.165,0.193,0.149,0.16,0.163,0.105,0.127,0.127,0.118,0.122,0.091,0.09,0.414,0.413,0.331,0.367,0.11,0.233,0.285,0.322,0.218,0.438,0.088,0.089,0.099,0.136,0.337,0.255,0.363,0.239,0.246,0.327,0.089,0.436,0.087,0.088,0.307,0.45,0.392,0.498,0.297,0.133,0.44,0.388,0.323,0.253,0.087,0.086,0.088,0.093,0.086,0.086,0.086,0.087,0.088,0.087,0.087,0.087,0.085
,17:50:00,48,0.087,0.086,0.087,0.086,0.086,0.086,0.087,0.086,0.087,0.087,0.085,0.075,0.088,0.135,0.126,0.164,0.113,0.105,0.129,0.136,0.146,0.108,0.117,0.089,0.088,0.124,0.143,0.16,0.114,0.127,0.137,0.108,0.1,0.085,0.142,0.088,0.09,0.165,0.194,0.149,0.161,0.163,0.105,0.127,0.127,0.116,0.121,0.091,0.09,0.414,0.411,0.33,0.369,0.11,0.239,0.293,0.325,0.223,0.446,0.088,0.089,0.099,0.135,0.337,0.262,0.364,0.239,0.247,0.332,0.089,0.435,0.087,0.088,0.306,0.448,0.39,0.5,0.297,0.134,0.439,0.39,0.32,0.253,0.087,0.086,0.088,0.094,0.086,0.086,0.086,0.087,0.087,0.087,0.087,0.087,0.085
,17:55:00,47.9,0.086,0.086,0.086,0.086,0.086,0.086,0.086,0.086,0.086,0.086,0.085,0.075,0.088,0.135,0.125,0.163,0.113,0.105,0.129,0.136,0.146,0.107,0.116,0.089,0.088,0.124,0.143,0.159,0.114,0.126,0.136,0.107,0.099,0.084,0.142,0.087,0.089,0.165,0.193,0.148,0.16,0.163,0.104,0.127,0.126,0.115,0.121,0.091,0.09,0.413,0.409,0.328,0.363,0.11,0.233,0.283,0.323,0.221,0.444,0.088,0.088,0.099,0.135,0.335,0.248,0.361,0.236,0.247,0.33,0.089,0.436,0.087,0.087,0.304,0.447,0.39,0.495,0.295,0.133,0.438,0.386,0.319,0.251,0.087,0.086,0.087,0.093,0.086,0.086,0.086,0.087,0.087,0.086,0.087,0.087,0.084
,18:00:00,48,0.086,0.086,0.086,0.086,0.086,0.086,0.087,0.086,0.086,0.087,0.085,0.075,0.088,0.135,0.125,0.163,0.113,0.105,0.128,0.136,0.146,0.107,0.117,0.089,0.088,0.124,0.143,0.159,0.114,0.127,0.136,0.108,0.1,0.084,0.142,0.087,0.089,0.165,0.193,0.149,0.16,0.163,0.105,0.127,0.126,0.116,0.121,0.091,0.09,0.412,0.407,0.327,0.366,0.11,0.232,0.288,0.318,0.218,0.439,0.088,0.089,0.099,0.135,0.335,0.257,0.361,0.236,0.246,0.328,0.089,0.434,0.087,0.087,0.304,0.446,0.389,0.499,0.294,0.133,0.437,0.388,0.317,0.251,0.087,0.086,0.088,0.093,0.086,0.086,0.086,0.087,0.087,0.086,0.087,0.087,0.085
,18:05:00,48,0.087,0.086,0.087,0.086,0.086,0.086,0.087,0.086,0.086,0.087,0.085,0.075,0.088,0.136,0.126,0.164,0.113,0.105,0.129,0.136,0.146,0.108,0.117,0.089,0.088,0.124,0.143,0.159,0.114,0.127,0.136,0.108,0.1,0.085,0.142,0.087,0.09,0.166,0.193,0.149,0.16,0.164,0.105,0.127,0.126,0.116,0.122,0.091,0.09,0.412,0.405,0.326,0.364,0.11,0.238,0.286,0.323,0.224,0.44,0.088,0.089,0.099,0.135,0.334,0.248,0.36,0.236,0.247,0.33,0.089,0.436,0.087,0.088,0.303,0.445,0.387,0.493,0.293,0.134,0.437,0.385,0.317,0.249,0.087,0.087,0.088,0.093,0.086,0.086,0.086,0.087,0.088,0.086,0.088,0.087,0.085
,18:10:00,48,0.086,0.086,0.087,0.086,0.086,0.086,0.087,0.086,0.087,0.087,0.085,0.076,0.089,0.135,0.126,0.164,0.113,0.105,0.129,0.137,0.146,0.108,0.116,0.089,0.088,0.124,0.143,0.16,0.115,0.127,0.136,0.108,0.1,0.085,0.142,0.088,0.09,0.166,0.193,0.149,0.16,0.164,0.105,0.127,0.127,0.117,0.121,0.091,0.09,0.412,0.404,0.325,0.363,0.11,0.236,0.286,0.322,0.224,0.442,0.089,0.089,0.099,0.134,0.333,0.251,0.359,0.236,0.246,0.33,0.09,0.438,0.088,0.087,0.305,0.443,0.387,0.495,0.293,0.134,0.437,0.388,0.315,0.25,0.087,0.086,0.088,0.093,0.087,0.086,0.087,0.087,0.087,0.087,0.088,0.087,0.084
,18:15:00,48,0.086,0.086,0.087,0.086,0.086,0.086,0.086,0.086,0.086,0.087,0.085,0.076,0.088,0.135,0.126,0.163,0.113,0.105,0.129,0.136,0.146,0.108,0.117,0.089,0.088,0.124,0.143,0.159,0.114,0.127,0.136,0.108,0.1,0.084,0.142,0.087,0.09,0.165,0.193,0.149,0.16,0.163,0.105,0.127,0.126,0.118,0.122,0.091,0.09,0.413,0.403,0.323,0.361,0.11,0.234,0.285,0.321,0.223,0.445,0.088,0.089,0.099,0.134,0.332,0.251,0.357,0.235,0.246,0.328,0.089,0.438,0.087,0.087,0.305,0.443,0.385,0.497,0.291,0.133,0.435,0.385,0.314,0.248,0.087,0.086,0.089,0.093,0.086,0.086,0.086,0.087,0.087,0.087,0.087,0.087,0.084
,18:20:00,47.9,0.086,0.086,0.086,0.086,0.086,0.086,0.086,0.086,0.086,0.087,0.084,0.076,0.088,0.135,0.125,0.163,0.112,0.105,0.128,0.136,0.146,0.107,0.117,0.089,0.088,0.124,0.143,0.159,0.114,0.126,0.136,0.108,0.1,0.084,0.141,0.087,0.089,0.165,0.193,0.148,0.16,0.163,0.105,0.127,0.126,0.117,0.121,0.091,0.09,0.412,0.402,0.323,0.362,0.11,0.237,0.287,0.322,0.226,0.445,0.088,0.088,0.099,0.133,0.331,0.253,0.358,0.235,0.245,0.328,0.089,0.437,0.087,0.087,0.304,0.441,0.385,0.495,0.29,0.134,0.434,0.385,0.311,0.248,0.087,0.086,0.088,0.093,0.086,0.086,0.086,0.087,0.087,0.086,0.087,0.087,0.084
,18:25:00,47.9,0.087,0.086,0.087,0.086,0.086,0.086,0.086,0.086,0.086,0.087,0.085,0.077,0.089,0.135,0.126,0.163,0.113,0.105,0.129,0.136,0.146,0.107,0.117,0.089,0.088,0.124,0.144,0.159,0.114,0.126,0.135,0.108,0.1,0.085,0.141,0.087,0.089,0.165,0.192,0.149,0.16,0.164,0.105,0.127,0.126,0.117,0.122,0.091,0.09,0.41,0.4,0.321,0.358,0.11,0.233,0.283,0.321,0.223,0.442,0.089,0.089,0.099,0.133,0.33,0.246,0.356,0.235,0.245,0.328,0.089,0.434,0.087,0.087,0.303,0.44,0.384,0.497,0.289,0.134,0.434,0.383,0.311,0.246,0.087,0.086,0.088,0.093,0.086,0.086,0.086,0.087,0.087,0.087,0.088,0.087,0.084
,18:30:00,48,0.087,0.086,0.087,0.086,0.086,0.086,0.087,0.086,0.086,0.087,0.085,0.078,0.088,0.135,0.126,0.163,0.113,0.105,0.128,0.136,0.146,0.108,0.117,0.089,0.088,0.124,0.143,0.159,0.114,0.127,0.135,0.108,0.1,0.085,0.141,0.087,0.09,0.165,0.193,0.148,0.16,0.164,0.105,0.127,0.126,0.118,0.121,0.091,0.09,0.411,0.399,0.32,0.364,0.11,0.234,0.292,0.32,0.223,0.444,0.088,0.089,0.099,0.132,0.329,0.254,0.356,0.234,0.244,0.328,0.089,0.431,0.087,0.087,0.302,0.439,0.382,0.497,0.287,0.134,0.433,0.384,0.308,0.245,0.087,0.086,0.087,0.093,0.086,0.086,0.086,0.087,0.087,0.087,0.088,0.087,0.084
,18:35:00,48,0.086,0.086,0.086,0.086,0.086,0.086,0.086,0.086,0.086,0.086,0.084,0.078,0.088,0.135,0.125,0.163,0.113,0.105,0.128,0.136,0.146,0.107,0.117,0.089,0.088,0.124,0.143,0.159,0.114,0.126,0.135,0.107,0.1,0.085,0.141,0.087,0.09,0.165,0.193,0.148,0.16,0.164,0.105,0.127,0.126,0.118,0.12,0.091,0.09,0.41,0.397,0.318,0.357,0.11,0.232,0.281,0.315,0.221,0.45,0.088,0.089,0.099,0.132,0.329,0.244,0.354,0.233,0.243,0.325,0.089,0.436,0.087,0.088,0.302,0.437,0.381,0.499,0.286,0.134,0.432,0.385,0.307,0.244,0.087,0.086,0.088,0.093,0.086,0.086,0.087,0.087,0.087,0.087,0.088,0.087,0.084
,18:40:00,48,0.087,0.086,0.087,0.086,0.087,0.086,0.087,0.086,0.086,0.087,0.084,0.079,0.089,0.135,0.125,0.163,0.113,0.105,0.129,0.136,0.146,0.107,0.117,0.089,0.088,0.124,0.143,0.159,0.114,0.126,0.135,0.108,0.1,0.085,0.141,0.088,0.09,0.165,0.193,0.148,0.16,0.164,0.105,0.127,0.126,0.117,0.121,0.091,0.09,0.409,0.393,0.317,0.356,0.111,0.229,0.278,0.312,0.216,0.445,0.088,0.089,0.099,0.131,0.328,0.242,0.354,0.232,0.244,0.321,0.09,0.433,0.088,0.088,0.301,0.437,0.38,0.487,0.286,0.134,0.432,0.379,0.305,0.243,0.087,0.086,0.088,0.093,0.086,0.086,0.086,0.088,0.087,0.087,0.088,0.087,0.084
,18:45:00,48,0.086,0.086,0.087,0.086,0.086,0.086,0.086,0.086,0.086,0.086,0.084,0.079,0.088,0.135,0.125,0.163,0.113,0.105,0.128,0.136,0.146,0.107,0.116,0.089,0.088,0.124,0.143,0.159,0.114,0.126,0.134,0.108,0.1,0.084,0.141,0.087,0.089,0.165,0.193,0.148,0.16,0.164,0.104,0.126,0.126,0.118,0.12,0.091,0.09,0.409,0.389,0.317,0.356,0.11,0.23,0.282,0.314,0.22,0.434,0.088,0.089,0.099,0.129,0.328,0.245,0.352,0.232,0.244,0.32,0.089,0.433,0.087,0.087,0.301,0.435,0.378,0.489,0.283,0.134,0.43,0.378,0.303,0.243,0.087,0.086,0.088,0.093,0.086,0.086,0.087,0.088,0.087,0.087,0.088,0.087,0.084
,18:50:00,48,0.086,0.086,0.087,0.086,0.086,0.085,0.087,0.086,0.086,0.086,0.084,0.079,0.088,0.134,0.125,0.162,0.112,0.104,0.128,0.136,0.146,0.106,0.116,0.089,0.088,0.124,0.143,0.159,0.114,0.126,0.134,0.108,0.099,0.084,0.141,0.087,0.089,0.165,0.192,0.148,0.159,0.165,0.104,0.127,0.126,0.118,0.12,0.091,0.089,0.408,0.388,0.315,0.354,0.11,0.231,0.282,0.314,0.221,0.433,0.088,0.088,0.098,0.128,0.326,0.243,0.351,0.23,0.242,0.32,0.089,0.43,0.087,0.087,0.3,0.434,0.378,0.485,0.283,0.133,0.429,0.375,0.301,0.242,0.087,0.085,0.087,0.093,0.086,0.086,0.086,0.087,0.087,0.087,0.088,0.087,0.084
,18:55:00,48,0.086,0.086,0.086,0.086,0.086,0.086,0.087,0.086,0.086,0.086,0.084,0.079,0.089,0.134,0.125,0.162,0.113,0.105,0.128,0.136,0.145,0.108,0.116,0.089,0.088,0.123,0.143,0.159,0.114,0.126,0.134,0.108,0.1,0.084,0.141,0.087,0.089,0.165,0.192,0.148,0.16,0.165,0.104,0.126,0.126,0.117,0.12,0.091,0.09,0.408,0.389,0.314,0.356,0.11,0.231,0.284,0.313,0.222,0.436,0.088,0.089,0.099,0.129,0.325,0.248,0.351,0.23,0.242,0.32,0.089,0.43,0.087,0.087,0.299,0.433,0.377,0.492,0.283,0.133,0.429,0.377,0.3,0.241,0.087,0.085,0.088,0.093,0.086,0.086,0.086,0.087,0.087,0.087,0.087,0.087,0.084
,19:00:00,47.9,0.086,0.086,0.086,0.086,0.086,0.086,0.087,0.086,0.086,0.087,0.084,0.079,0.088,0.135,0.125,0.162,0.112,0.105,0.128,0.136,0.145,0.107,0.117,0.089,0.088,0.124,0.143,0.159,0.114,0.126,0.133,0.108,0.099,0.085,0.141,0.088,0.09,0.165,0.193,0.148,0.16,0.166,0.105,0.127,0.126,0.117,0.12,0.091,0.09,0.407,0.386,0.313,0.352,0.11,0.23,0.278,0.311,0.22,0.444,0.089,0.089,0.099,0.127,0.325,0.237,0.348,0.229,0.242,0.319,0.09,0.43,0.087,0.088,0.3,0.432,0.376,0.489,0.282,0.133,0.428,0.375,0.3,0.242,0.087,0.084,0.088,0.093,0.086,0.086,0.087,0.087,0.087,0.087,0.088,0.087,0.084
,19:05:00,48,0.087,0.086,0.087,0.086,0.086,0.086,0.087,0.086,0.086,0.087,0.084,0.079,0.089,0.135,0.125,0.163,0.113,0.105,0.129,0.136,0.146,0.107,0.116,0.089,0.088,0.124,0.143,0.159,0.114,0.126,0.134,0.108,0.099,0.085,0.141,0.087,0.09,0.165,0.193,0.148,0.16,0.167,0.105,0.127,0.126,0.118,0.121,0.091,0.09,0.407,0.383,0.312,0.351,0.111,0.227,0.277,0.31,0.217,0.435,0.088,0.089,0.099,0.128,0.324,0.234,0.348,0.228,0.241,0.317,0.09,0.431,0.087,0.088,0.299,0.431,0.375,0.483,0.282,0.134,0.428,0.374,0.297,0.24,0.087,0.084,0.088,0.093,0.086,0.086,0.086,0.088,0.088,0.087,0.088,0.087,0.084
,19:10:00,48,0.087,0.085,0.087,0.086,0.086,0.085,0.086,0.086,0.086,0.086,0.084,0.079,0.088,0.135,0.125,0.161,0.113,0.104,0.128,0.136,0.146,0.107,0.115,0.088,0.088,0.123,0.143,0.159,0.114,0.126,0.133,0.107,0.099,0.084,0.141,0.087,0.09,0.165,0.192,0.147,0.159,0.167,0.105,0.127,0.126,0.118,0.121,0.091,0.09,0.405,0.382,0.31,0.349,0.11,0.23,0.276,0.31,0.221,0.439,0.088,0.089,0.099,0.127,0.323,0.239,0.347,0.227,0.241,0.32,0.089,0.431,0.087,0.087,0.298,0.43,0.374,0.486,0.28,0.134,0.426,0.374,0.298,0.238,0.087,0.083,0.087,0.093,0.086,0.086,0.086,0.087,0.087,0.087,0.087,0.087,0.084
,19:15:00,48,0.086,0.086,0.087,0.086,0.086,0.086,0.086,0.086,0.086,0.086,0.084,0.078,0.089,0.135,0.124,0.162,0.113,0.105,0.128,0.136,0.145,0.107,0.114,0.088,0.088,0.124,0.143,0.158,0.114,0.126,0.133,0.108,0.099,0.084,0.141,0.087,0.09,0.165,0.192,0.148,0.159,0.167,0.105,0.127,0.126,0.117,0.12,0.091,0.089,0.406,0.382,0.309,0.35,0.11,0.232,0.28,0.311,0.222,0.439,0.088,0.088,0.099,0.126,0.323,0.238,0.346,0.227,0.241,0.319,0.089,0.43,0.087,0.087,0.299,0.429,0.374,0.49,0.278,0.134,0.425,0.371,0.295,0.238,0.087,0.083,0.088,0.093,0.086,0.086,0.086,0.087,0.087,0.087,0.087,0.087,0.084
,19:20:00,48,0.086,0.086,0.087,0.086,0.086,0.086,0.086,0.086,0.086,0.086,0.084,0.078,0.089,0.135,0.124,0.161,0.113,0.105,0.128,0.136,0.145,0.107,0.115,0.089,0.089,0.124,0.143,0.159,0.114,0.126,0.132,0.107,0.099,0.085,0.141,0.087,0.09,0.165,0.192,0.147,0.159,0.168,0.105,0.126,0.126,0.118,0.122,0.091,0.09,0.404,0.379,0.308,0.35,0.11,0.228,0.28,0.308,0.218,0.436,0.088,0.089,0.099,0.127,0.321,0.236,0.345,0.227,0.239,0.315,0.089,0.425,0.087,0.087,0.297,0.428,0.373,0.48,0.277,0.134,0.425,0.371,0.294,0.238,0.087,0.082,0.088,0.093,0.086,0.086,0.087,0.087,0.087,0.087,0.087,0.087,0.084
,19:25:00,48,0.086,0.086,0.086,0.086,0.086,0.086,0.086,0.086,0.086,0.086,0.084,0.078,0.088,0.135,0.124,0.162,0.112,0.105,0.128,0.136,0.145,0.107,0.117,0.088,0.088,0.124,0.143,0.158,0.114,0.126,0.132,0.107,0.099,0.085,0.14,0.087,0.09,0.165,0.192,0.147,0.159,0.169,0.105,0.126,0.126,0.118,0.121,0.091,0.09,0.404,0.381,0.307,0.348,0.11,0.229,0.276,0.306,0.219,0.438,0.088,0.089,0.099,0.125,0.32,0.237,0.344,0.225,0.239,0.316,0.089,0.427,0.087,0.087,0.297,0.426,0.371,0.485,0.277,0.133,0.424,0.368,0.292,0.236,0.087,0.081,0.088,0.093,0.086,0.086,0.086,0.087,0.087,0.086,0.088,0.087,0.083
,19:30:00,48,0.086,0.085,0.086,0.085,0.086,0.086,0.086,0.085,0.086,0.086,0.083,0.078,0.088,0.135,0.124,0.161,0.112,0.104,0.128,0.135,0.144,0.107,0.117,0.088,0.088,0.123,0.143,0.159,0.113,0.126,0.132,0.107,0.099,0.084,0.14,0.087,0.09,0.165,0.192,0.147,0.159,0.168,0.105,0.126,0.126,0.118,0.12,0.09,0.09,0.404,0.374,0.305,0.345,0.11,0.222,0.272,0.3,0.211,0.438,0.089,0.089,0.098,0.124,0.32,0.229,0.342,0.223,0.239,0.312,0.089,0.426,0.087,0.087,0.298,0.425,0.37,0.48,0.275,0.134,0.424,0.37,0.291,0.235,0.087,0.08,0.088,0.093,0.086,0.086,0.086,0.087,0.087,0.086,0.088,0.087,0.083
,19:35:00,47.9,0.086,0.086,0.087,0.086,0.086,0.085,0.087,0.086,0.086,0.086,0.084,0.077,0.089,0.135,0.124,0.161,0.113,0.105,0.128,0.136,0.145,0.107,0.116,0.088,0.088,0.123,0.143,0.158,0.114,0.126,0.132,0.107,0.099,0.085,0.14,0.087,0.09,0.165,0.192,0.147,0.159,0.169,0.104,0.127,0.126,0.117,0.121,0.091,0.09,0.402,0.376,0.304,0.345,0.111,0.228,0.274,0.304,0.214,0.436,0.088,0.088,0.099,0.123,0.32,0.233,0.342,0.224,0.239,0.312,0.089,0.424,0.087,0.087,0.296,0.425,0.369,0.484,0.275,0.134,0.423,0.367,0.29,0.235,0.087,0.08,0.088,0.093,0.086,0.086,0.087,0.087,0.087,0.087,0.088,0.087,0.084
,19:40:00,48,0.086,0.086,0.086,0.086,0.086,0.085,0.087,0.086,0.086,0.086,0.083,0.076,0.088,0.134,0.124,0.161,0.113,0.105,0.128,0.136,0.145,0.107,0.117,0.088,0.088,0.123,0.143,0.159,0.114,0.126,0.132,0.108,0.099,0.085,0.14,0.087,0.09,0.165,0.192,0.147,0.159,0.17,0.104,0.126,0.126,0.116,0.121,0.091,0.09,0.401,0.369,0.302,0.344,0.11,0.228,0.274,0.306,0.217,0.437,0.088,0.089,0.099,0.124,0.319,0.232,0.341,0.224,0.239,0.313,0.089,0.424,0.087,0.087,0.297,0.424,0.369,0.484,0.274,0.134,0.422,0.367,0.288,0.234,0.087,0.079,0.088,0.093,0.086,0.086,0.086,0.088,0.088,0.087,0.088,0.087,0.083
,19:45:00,48,0.086,0.086,0.086,0.086,0.086,0.086,0.086,0.086,0.086,0.086,0.083,0.075,0.088,0.135,0.124,0.161,0.112,0.104,0.128,0.135,0.145,0.107,0.116,0.089,0.088,0.123,0.143,0.158,0.113,0.125,0.131,0.107,0.099,0.085,0.14,0.087,0.089,0.165,0.192,0.147,0.159,0.17,0.105,0.126,0.126,0.117,0.121,0.091,0.09,0.401,0.371,0.302,0.343,0.11,0.224,0.273,0.3,0.214,0.434,0.088,0.089,0.099,0.122,0.318,0.231,0.34,0.222,0.238,0.309,0.089,0.422,0.087,0.087,0.295,0.422,0.367,0.473,0.273,0.133,0.421,0.361,0.287,0.234,0.087,0.079,0.088,0.093,0.087,0.086,0.087,0.087,0.087,0.087,0.088,0.087,0.083
,19:50:00,47.9,0.086,0.086,0.086,0.086,0.086,0.086,0.086,0.086,0.085,0.086,0.083,0.075,0.088,0.134,0.123,0.161,0.112,0.104,0.128,0.135,0.145,0.107,0.116,0.088,0.088,0.123,0.143,0.158,0.113,0.125,0.131,0.107,0.099,0.085,0.139,0.087,0.09,0.164,0.191,0.146,0.158,0.17,0.105,0.126,0.125,0.117,0.121,0.091,0.089,0.4,0.366,0.3,0.342,0.11,0.221,0.271,0.297,0.213,0.437,0.088,0.088,0.098,0.122,0.316,0.223,0.339,0.221,0.236,0.309,0.089,0.421,0.087,0.087,0.296,0.422,0.367,0.474,0.272,0.134,0.42,0.363,0.285,0.233,0.087,0.078,0.088,0.092,0.086,0.085,0.086,0.087,0.087,0.086,0.087,0.087,0.083
,19:55:00,47.9,0.086,0.085,0.086,0.085,0.086,0.085,0.086,0.085,0.086,0.086,0.082,0.074,0.088,0.134,0.123,0.161,0.112,0.105,0.128,0.135,0.145,0.107,0.115,0.088,0.088,0.123,0.143,0.158,0.113,0.126,0.131,0.107,0.099,0.084,0.139,0.087,0.09,0.164,0.191,0.147,0.159,0.171,0.104,0.126,0.125,0.117,0.121,0.091,0.089,0.4,0.364,0.299,0.34,0.11,0.225,0.27,0.3,0.214,0.436,0.088,0.088,0.099,0.122,0.316,0.224,0.338,0.221,0.237,0.307,0.089,0.42,0.087,0.087,0.294,0.421,0.365,0.472,0.271,0.134,0.419,0.361,0.284,0.232,0.087,0.078,0.088,0.093,0.086,0.086,0.086,0.087,0.087,0.087,0.088,0.087,0.083
,20:00:00,47.9,0.086,0.086,0.086,0.086,0.086,0.085,0.086,0.085,0.086,0.086,0.082,0.074,0.088,0.134,0.123,0.161,0.112,0.105,0.127,0.135,0.145,0.107,0.116,0.088,0.088,0.123,0.143,0.158,0.113,0.126,0.131,0.107,0.099,0.084,0.139,0.087,0.09,0.164,0.191,0.147,0.159,0.171,0.104,0.127,0.125,0.116,0.119,0.091,0.089,0.399,0.367,0.298,0.342,0.11,0.226,0.273,0.298,0.211,0.422,0.088,0.088,0.098,0.122,0.316,0.232,0.337,0.22,0.237,0.305,0.089,0.419,0.087,0.087,0.295,0.42,0.364,0.476,0.27,0.134,0.418,0.358,0.282,0.232,0.087,0.078,0.089,0.093,0.086,0.086,0.086,0.087,0.087,0.086,0.088,0.086,0.083
,20:05:00,48,0.086,0.086,0.086,0.086,0.086,0.086,0.086,0.086,0.086,0.085,0.082,0.074,0.088,0.134,0.123,0.16,0.112,0.105,0.128,0.135,0.144,0.107,0.116,0.088,0.088,0.123,0.143,0.158,0.113,0.126,0.131,0.107,0.099,0.084,0.14,0.087,0.09,0.165,0.191,0.147,0.159,0.172,0.104,0.126,0.125,0.118,0.121,0.09,0.089,0.398,0.364,0.297,0.339,0.11,0.224,0.269,0.296,0.212,0.433,0.088,0.089,0.098,0.122,0.315,0.225,0.336,0.219,0.236,0.306,0.089,0.419,0.087,0.087,0.294,0.419,0.363,0.474,0.27,0.133,0.418,0.357,0.281,0.23,0.087,0.078,0.088,0.093,0.086,0.086,0.087,0.087,0.088,0.086,0.088,0.087,0.083
,20:10:00,47.9,0.086,0.086,0.086,0.086,0.086,0.086,0.086,0.086,0.086,0.085,0.081,0.074,0.088,0.134,0.123,0.161,0.112,0.104,0.128,0.135,0.145,0.107,0.116,0.088,0.088,0.123,0.143,0.158,0.113,0.126,0.13,0.107,0.099,0.085,0.139,0.087,0.09,0.164,0.191,0.147,0.159,0.172,0.105,0.126,0.126,0.117,0.119,0.091,0.089,0.397,0.36,0.296,0.338,0.11,0.223,0.269,0.294,0.207,0.433,0.088,0.089,0.099,0.121,0.314,0.224,0.335,0.219,0.236,0.301,0.089,0.417,0.087,0.087,0.293,0.417,0.363,0.472,0.269,0.133,0.417,0.358,0.28,0.23,0.087,0.078,0.088,0.093,0.086,0.085,0.086,0.087,0.088,0.086,0.088,0.087,0.082
,20:15:00,48,0.086,0.085,0.086,0.086,0.086,0.085,0.086,0.086,0.085,0.085,0.081,0.074,0.088,0.134,0.123,0.16,0.112,0.104,0.127,0.134,0.144,0.107,0.116,0.088,0.088,0.123,0.143,0.158,0.114,0.125,0.13,0.107,0.099,0.084,0.139,0.087,0.09,0.163,0.191,0.146,0.159,0.173,0.104,0.126,0.125,0.118,0.12,0.09,0.089,0.396,0.357,0.295,0.336,0.11,0.226,0.269,0.297,0.213,0.435,0.088,0.088,0.099,0.12,0.313,0.222,0.334,0.219,0.236,0.304,0.089,0.414,0.087,0.087,0.293,0.417,0.362,0.475,0.268,0.134,0.417,0.355,0.279,0.23,0.086,0.077,0.088,0.093,0.086,0.086,0.086,0.088,0.087,0.086,0.087,0.086,0.082
,20:20:00,48,0.086,0.086,0.087,0.086,0.086,0.086,0.086,0.086,0.086,0.085,0.08,0.075,0.089,0.134,0.123,0.161,0.112,0.105,0.128,0.135,0.144,0.107,0.115,0.088,0.088,0.123,0.143,0.158,0.114,0.126,0.13,0.107,0.099,0.084,0.139,0.087,0.09,0.164,0.191,0.146,0.159,0.176,0.104,0.126,0.125,0.116,0.12,0.091,0.09,0.395,0.355,0.295,0.336,0.11,0.221,0.268,0.292,0.21,0.431,0.088,0.089,0.099,0.12,0.313,0.221,0.334,0.219,0.235,0.302,0.089,0.415,0.086,0.087,0.294,0.417,0.36,0.471,0.267,0.134,0.416,0.356,0.278,0.229,0.087,0.077,0.088,0.093,0.086,0.086,0.086,0.088,0.087,0.086,0.088,0.087,0.082
,20:25:00,47.9,0.086,0.086,0.086,0.086,0.086,0.086,0.086,0.085,0.085,0.085,0.079,0.077,0.088,0.134,0.123,0.16,0.112,0.104,0.128,0.135,0.144,0.107,0.116,0.088,0.088,0.123,0.142,0.158,0.113,0.126,0.13,0.107,0.099,0.084,0.139,0.087,0.09,0.164,0.191,0.146,0.158,0.177,0.104,0.126,0.125,0.117,0.12,0.091,0.09,0.393,0.356,0.293,0.335,0.11,0.223,0.268,0.294,0.208,0.43,0.088,0.089,0.099,0.12,0.312,0.224,0.333,0.218,0.235,0.304,0.089,0.416,0.087,0.087,0.294,0.415,0.36,0.471,0.267,0.134,0.416,0.355,0.276,0.229,0.087,0.077,0.088,0.093,0.086,0.086,0.086,0.087,0.087,0.086,0.087,0.086,0.081
,20:30:00,48,0.086,0.086,0.086,0.086,0.086,0.086,0.086,0.086,0.086,0.085,0.079,0.078,0.088,0.135,0.123,0.16,0.112,0.104,0.127,0.134,0.144,0.106,0.116,0.088,0.088,0.123,0.143,0.158,0.113,0.126,0.13,0.107,0.099,0.085,0.139,0.087,0.09,0.164,0.191,0.146,0.158,0.179,0.104,0.125,0.125,0.116,0.121,0.091,0.09,0.394,0.355,0.292,0.336,0.11,0.223,0.268,0.294,0.208,0.429,0.088,0.088,0.098,0.12,0.311,0.223,0.332,0.218,0.233,0.3,0.089,0.418,0.087,0.087,0.292,0.414,0.359,0.469,0.266,0.134,0.414,0.353,0.275,0.227,0.087,0.077,0.088,0.093,0.086,0.086,0.086,0.088,0.088,0.086,0.088,0.087,0.08
,20:35:00,48,0.086,0.085,0.086,0.085,0.086,0.085,0.086,0.085,0.085,0.085,0.078,0.079,0.088,0.134,0.123,0.16,0.112,0.104,0.127,0.135,0.144,0.107,0.116,0.088,0.088,0.122,0.143,0.158,0.113,0.125,0.129,0.107,0.099,0.085,0.139,0.087,0.09,0.164,0.191,0.145,0.158,0.179,0.105,0.126,0.125,0.117,0.12,0.091,0.089,0.393,0.35,0.291,0.333,0.11,0.223,0.266,0.293,0.207,0.431,0.088,0.089,0.099,0.118,0.31,0.217,0.331,0.218,0.234,0.3,0.089,0.417,0.087,0.087,0.292,0.413,0.358,0.463,0.265,0.133,0.413,0.352,0.275,0.227,0.087,0.077,0.088,0.093,0.086,0.086,0.086,0.088,0.087,0.087,0.087,0.086,0.08
,20:40:00,48,0.086,0.086,0.086,0.086,0.086,0.085,0.086,0.085,0.085,0.085,0.077,0.079,0.088,0.134,0.122,0.16,0.112,0.104,0.127,0.134,0.144,0.107,0.116,0.088,0.087,0.123,0.143,0.157,0.113,0.125,0.129,0.106,0.099,0.084,0.138,0.087,0.089,0.164,0.191,0.146,0.158,0.18,0.104,0.126,0.124,0.118,0.12,0.091,0.089,0.392,0.349,0.289,0.333,0.11,0.223,0.269,0.291,0.211,0.43,0.088,0.089,0.099,0.119,0.309,0.219,0.33,0.218,0.233,0.302,0.089,0.415,0.087,0.087,0.292,0.412,0.356,0.468,0.265,0.134,0.413,0.352,0.273,0.227,0.087,0.077,0.088,0.093,0.086,0.086,0.086,0.087,0.087,0.087,0.087,0.087,0.079
,20:45:00,47.9,0.086,0.085,0.086,0.086,0.086,0.085,0.086,0.085,0.085,0.085,0.077,0.079,0.088,0.135,0.122,0.159,0.112,0.104,0.127,0.134,0.143,0.106,0.114,0.087,0.088,0.123,0.142,0.157,0.113,0.125,0.129,0.106,0.099,0.084,0.138,0.087,0.089,0.164,0.19,0.146,0.158,0.182,0.104,0.126,0.125,0.117,0.121,0.09,0.089,0.391,0.346,0.288,0.33,0.11,0.219,0.265,0.286,0.209,0.427,0.088,0.088,0.098,0.118,0.309,0.212,0.328,0.218,0.233,0.298,0.089,0.416,0.087,0.087,0.292,0.411,0.356,0.463,0.264,0.133,0.412,0.352,0.272,0.226,0.086,0.076,0.088,0.093,0.085,0.086,0.086,0.087,0.087,0.086,0.087,0.086,0.078
,20:50:00,47.9,0.086,0.086,0.086,0.086,0.086,0.085,0.086,0.085,0.086,0.085,0.077,0.08,0.088,0.135,0.123,0.16,0.112,0.104,0.127,0.134,0.144,0.107,0.115,0.087,0.088,0.123,0.143,0.158,0.113,0.126,0.129,0.107,0.099,0.084,0.138,0.087,0.09,0.163,0.191,0.146,0.158,0.182,0.104,0.126,0.125,0.117,0.12,0.091,0.089,0.392,0.345,0.288,0.33,0.11,0.219,0.265,0.287,0.209,0.426,0.088,0.089,0.098,0.117,0.308,0.218,0.328,0.217,0.232,0.301,0.089,0.414,0.087,0.087,0.293,0.41,0.355,0.465,0.262,0.133,0.412,0.35,0.271,0.225,0.087,0.077,0.088,0.093,0.086,0.086,0.087,0.087,0.087,0.086,0.088,0.087,0.078
,20:55:00,47.9,0.086,0.086,0.086,0.086,0.086,0.086,0.086,0.086,0.085,0.085,0.076,0.08,0.088,0.135,0.123,0.159,0.112,0.104,0.128,0.134,0.144,0.107,0.116,0.087,0.088,0.122,0.143,0.157,0.113,0.125,0.128,0.107,0.099,0.084,0.138,0.087,0.09,0.163,0.191,0.146,0.158,0.183,0.104,0.125,0.125,0.118,0.12,0.091,0.089,0.391,0.344,0.286,0.33,0.11,0.223,0.266,0.291,0.21,0.427,0.088,0.088,0.099,0.117,0.308,0.213,0.328,0.216,0.232,0.298,0.089,0.414,0.087,0.087,0.294,0.409,0.354,0.467,0.262,0.133,0.412,0.349,0.27,0.226,0.087,0.076,0.088,0.093,0.086,0.086,0.087,0.088,0.087,0.086,0.087,0.087,0.078
,21:00:00,48,0.086,0.086,0.086,0.086,0.086,0.086,0.086,0.085,0.085,0.084,0.076,0.08,0.088,0.135,0.123,0.16,0.112,0.104,0.128,0.134,0.144,0.107,0.116,0.087,0.088,0.123,0.143,0.157,0.113,0.125,0.128,0.106,0.1,0.084,0.138,0.087,0.09,0.163,0.191,0.146,0.158,0.184,0.104,0.126,0.125,0.117,0.121,0.091,0.089,0.39,0.342,0.285,0.33,0.11,0.221,0.265,0.287,0.207,0.427,0.088,0.089,0.099,0.117,0.307,0.216,0.327,0.215,0.233,0.296,0.089,0.416,0.087,0.087,0.296,0.409,0.353,0.464,0.261,0.134,0.411,0.349,0.269,0.224,0.087,0.076,0.089,0.093,0.086,0.086,0.086,0.088,0.087,0.087,0.088,0.087,0.077
,21:05:00,48,0.086,0.086,0.087,0.085,0.086,0.085,0.086,0.085,0.085,0.084,0.076,0.08,0.088,0.135,0.123,0.159,0.112,0.104,0.128,0.134,0.143,0.107,0.115,0.087,0.088,0.123,0.143,0.157,0.113,0.125,0.128,0.107,0.099,0.084,0.138,0.086,0.09,0.164,0.19,0.145,0.158,0.184,0.104,0.125,0.125,0.117,0.12,0.091,0.09,0.389,0.34,0.284,0.328,0.11,0.223,0.263,0.288,0.206,0.424,0.088,0.088,0.099,0.116,0.306,0.216,0.326,0.215,0.231,0.295,0.089,0.416,0.087,0.087,0.299,0.407,0.352,0.462,0.26,0.134,0.41,0.347,0.269,0.223,0.087,0.077,0.088,0.093,0.086,0.086,0.086,0.088,0.087,0.087,0.087,0.086,0.077
,21:10:00,48,0.086,0.086,0.086,0.086,0.086,0.085,0.086,0.085,0.085,0.084,0.076,0.08,0.088,0.134,0.123,0.159,0.112,0.104,0.127,0.134,0.143,0.107,0.114,0.087,0.088,0.122,0.143,0.157,0.113,0.125,0.128,0.107,0.098,0.084,0.138,0.086,0.089,0.163,0.19,0.145,0.158,0.184,0.104,0.125,0.125,0.117,0.12,0.09,0.089,0.387,0.339,0.283,0.327,0.11,0.221,0.262,0.287,0.206,0.425,0.088,0.088,0.098,0.116,0.305,0.215,0.325,0.216,0.232,0.295,0.089,0.413,0.086,0.087,0.302,0.406,0.351,0.464,0.259,0.134,0.41,0.348,0.267,0.223,0.086,0.078,0.088,0.093,0.086,0.085,0.086,0.088,0.087,0.086,0.087,0.086,0.077
,21:15:00,48,0.086,0.086,0.086,0.086,0.086,0.085,0.086,0.085,0.085,0.084,0.076,0.08,0.089,0.135,0.123,0.159,0.112,0.105,0.128,0.134,0.144,0.107,0.116,0.087,0.088,0.122,0.144,0.157,0.114,0.125,0.128,0.107,0.099,0.085,0.138,0.087,0.09,0.163,0.19,0.146,0.158,0.186,0.104,0.126,0.125,0.117,0.121,0.091,0.09,0.387,0.337,0.283,0.326,0.11,0.222,0.263,0.286,0.208,0.427,0.088,0.089,0.099,0.116,0.305,0.209,0.325,0.219,0.231,0.295,0.089,0.412,0.087,0.087,0.303,0.405,0.351,0.46,0.26,0.133,0.409,0.346,0.266,0.223,0.087,0.079,0.089,0.093,0.087,0.086,0.086,0.088,0.087,0.087,0.088,0.087,0.077
,21:20:00,47.9,0.086,0.086,0.086,0.086,0.086,0.086,0.086,0.085,0.085,0.084,0.076,0.081,0.088,0.135,0.123,0.16,0.112,0.105,0.128,0.134,0.144,0.107,0.114,0.087,0.088,0.123,0.144,0.157,0.113,0.125,0.128,0.107,0.099,0.085,0.138,0.087,0.09,0.163,0.19,0.146,0.158,0.187,0.104,0.126,0.125,0.117,0.119,0.091,0.09,0.387,0.337,0.282,0.325,0.11,0.222,0.262,0.286,0.205,0.422,0.088,0.089,0.099,0.118,0.304,0.208,0.324,0.22,0.231,0.293,0.09,0.413,0.087,0.087,0.302,0.404,0.35,0.461,0.258,0.133,0.408,0.341,0.265,0.223,0.087,0.079,0.089,0.093,0.086,0.086,0.086,0.088,0.087,0.087,0.088,0.087,0.077
,21:25:00,48,0.086,0.086,0.086,0.086,0.086,0.085,0.086,0.085,0.085,0.083,0.075,0.08,0.088,0.135,0.123,0.159,0.111,0.104,0.127,0.134,0.143,0.107,0.113,0.087,0.087,0.122,0.143,0.157,0.113,0.125,0.127,0.106,0.099,0.084,0.138,0.086,0.09,0.163,0.19,0.146,0.158,0.187,0.104,0.126,0.125,0.117,0.121,0.091,0.089,0.387,0.333,0.28,0.325,0.11,0.218,0.261,0.283,0.207,0.425,0.088,0.089,0.099,0.116,0.303,0.212,0.324,0.225,0.23,0.294,0.089,0.414,0.086,0.087,0.302,0.403,0.348,0.461,0.258,0.133,0.407,0.345,0.265,0.221,0.087,0.079,0.089,0.094,0.086,0.086,0.086,0.088,0.087,0.086,0.087,0.086,0.076
,21:30:00,48,0.086,0.086,0.086,0.086,0.086,0.085,0.086,0.085,0.085,0.082,0.075,0.081,0.088,0.135,0.122,0.159,0.111,0.104,0.127,0.134,0.143,0.107,0.115,0.086,0.088,0.123,0.143,0.157,0.113,0.125,0.127,0.106,0.099,0.084,0.137,0.086,0.09,0.163,0.19,0.145,0.158,0.188,0.104,0.125,0.125,0.116,0.121,0.091,0.089,0.385,0.333,0.279,0.324,0.11,0.222,0.262,0.284,0.208,0.42,0.088,0.088,0.099,0.116,0.302,0.21,0.322,0.234,0.23,0.293,0.089,0.413,0.087,0.087,0.304,0.402,0.348,0.463,0.257,0.134,0.407,0.344,0.263,0.221,0.086,0.079,0.089,0.094,0.086,0.086,0.086,0.088,0.087,0.086,0.087,0.086,0.076
,21:35:00,48,0.086,0.086,0.086,0.087,0.086,0.085,0.086,0.085,0.085,0.082,0.075,0.081,0.088,0.135,0.123,0.158,0.112,0.105,0.127,0.134,0.143,0.107,0.114,0.087,0.088,0.122,0.144,0.157,0.113,0.125,0.127,0.107,0.099,0.085,0.137,0.087,0.09,0.163,0.19,0.145,0.158,0.188,0.104,0.126,0.125,0.118,0.121,0.09,0.09,0.385,0.331,0.278,0.322,0.11,0.219,0.26,0.281,0.206,0.421,0.088,0.088,0.099,0.117,0.301,0.205,0.321,0.242,0.229,0.293,0.089,0.414,0.087,0.087,0.304,0.402,0.347,0.456,0.256,0.133,0.407,0.344,0.263,0.221,0.086,0.079,0.089,0.093,0.086,0.086,0.086,0.088,0.088,0.087,0.088,0.087,0.076
,21:40:00,47.9,0.086,0.086,0.086,0.086,0.085,0.085,0.086,0.085,0.085,0.081,0.075,0.081,0.088,0.135,0.122,0.159,0.111,0.104,0.127,0.134,0.143,0.106,0.115,0.087,0.088,0.122,0.143,0.157,0.113,0.125,0.127,0.106,0.099,0.085,0.137,0.086,0.09,0.163,0.19,0.145,0.158,0.188,0.104,0.125,0.125,0.117,0.119,0.091,0.089,0.384,0.328,0.277,0.322,0.11,0.217,0.26,0.277,0.204,0.423,0.088,0.089,0.099,0.115,0.301,0.202,0.319,0.25,0.229,0.292,0.089,0.412,0.087,0.087,0.304,0.401,0.346,0.453,0.256,0.133,0.406,0.341,0.261,0.22,0.087,0.079,0.09,0.093,0.086,0.085,0.086,0.088,0.087,0.086,0.088,0.087,0.075
,21:45:00,48,0.086,0.085,0.087,0.086,0.086,0.085,0.086,0.085,0.085,0.081,0.074,0.081,0.088,0.135,0.122,0.158,0.112,0.104,0.127,0.134,0.143,0.106,0.115,0.086,0.088,0.122,0.143,0.157,0.113,0.125,0.127,0.106,0.099,0.084,0.138,0.087,0.09,0.163,0.19,0.145,0.158,0.189,0.104,0.126,0.125,0.118,0.12,0.09,0.09,0.384,0.326,0.276,0.32,0.11,0.217,0.259,0.279,0.204,0.423,0.088,0.089,0.098,0.115,0.3,0.204,0.32,0.256,0.229,0.29,0.089,0.411,0.087,0.087,0.304,0.4,0.345,0.454,0.255,0.133,0.406,0.341,0.261,0.22,0.087,0.079,0.089,0.093,0.086,0.086,0.086,0.088,0.087,0.086,0.087,0.087,0.076
,21:50:00,47.9,0.086,0.086,0.087,0.086,0.086,0.085,0.086,0.085,0.085,0.08,0.073,0.082,0.088,0.135,0.122,0.158,0.112,0.104,0.127,0.133,0.143,0.107,0.115,0.086,0.088,0.122,0.144,0.157,0.113,0.125,0.127,0.107,0.099,0.085,0.137,0.087,0.09,0.163,0.19,0.145,0.158,0.189,0.104,0.125,0.124,0.117,0.12,0.091,0.09,0.384,0.325,0.275,0.319,0.111,0.219,0.258,0.279,0.205,0.422,0.088,0.088,0.099,0.114,0.299,0.201,0.319,0.261,0.229,0.29,0.089,0.411,0.087,0.087,0.304,0.399,0.344,0.453,0.254,0.134,0.404,0.339,0.26,0.219,0.087,0.078,0.09,0.095,0.086,0.086,0.086,0.088,0.087,0.086,0.088,0.087,0.076
,21:55:00,48,0.086,0.086,0.087,0.086,0.086,0.086,0.086,0.085,0.085,0.08,0.072,0.081,0.089,0.135,0.122,0.158,0.111,0.104,0.127,0.134,0.143,0.107,0.115,0.086,0.088,0.123,0.143,0.157,0.113,0.125,0.126,0.107,0.099,0.085,0.137,0.087,0.09,0.163,0.19,0.145,0.158,0.19,0.104,0.125,0.125,0.117,0.12,0.09,0.089,0.383,0.323,0.274,0.318,0.11,0.219,0.257,0.279,0.204,0.417,0.088,0.088,0.099,0.114,0.299,0.204,0.318,0.266,0.227,0.289,0.089,0.409,0.087,0.087,0.305,0.399,0.344,0.455,0.254,0.133,0.405,0.339,0.258,0.219,0.087,0.078,0.09,0.093,0.086,0.086,0.087,0.088,0.087,0.086,0.087,0.087,0.076
,22:00:00,48,0.086,0.085,0.086,0.086,0.086,0.085,0.086,0.085,0.085,0.079,0.074,0.081,0.088,0.135,0.122,0.158,0.111,0.104,0.127,0.133,0.143,0.106,0.115,0.085,0.088,0.122,0.144,0.157,0.113,0.125,0.126,0.106,0.099,0.084,0.137,0.086,0.089,0.163,0.189,0.144,0.158,0.19,0.104,0.125,0.124,0.117,0.12,0.09,0.089,0.382,0.32,0.274,0.317,0.11,0.22,0.257,0.278,0.205,0.421,0.087,0.088,0.098,0.113,0.298,0.201,0.317,0.268,0.228,0.288,0.089,0.407,0.086,0.086,0.304,0.397,0.343,0.456,0.253,0.133,0.404,0.336,0.257,0.218,0.086,0.078,0.09,0.093,0.086,0.086,0.086,0.088,0.087,0.086,0.087,0.086,0.075
,,,,,,,,,,,,,,,,,,,,,,,,,,,,,,,,,,,,,,,,,,,,,,,,,,,,,,,,,,,,,,,,,,,,,,,,,,,,,,,,,,,,,,,,,,,,,,,,,,
Results,,,,,,,,,,,,,,,,,,,,,,,,,,,,,,,,,,,,,,,,,,,,,,,,,,,,,,,,,,,,,,,,,,,,,,,,,,,,,,,,,,,,,,,,,,,,,,,,,,
,,,,,,,,,,,,,,,,,,,,,,,,,,,,,,,,,,,,,,,,,,,,,,,,,,,,,,,,,,,,,,,,,,,,,,,,,,,,,,,,,,,,,,,,,,,,,,,,,,
,,1,2,3,4,5,6,7,8,9,10,11,12,,,,,,,,,,,,,,,,,,,,,,,,,,,,,,,,,,,,,,,,,,,,,,,,,,,,,,,,,,,,,,,,,,,,,,,,,,,,,,,,,,,,,
,A,-0.08,0.1,0.06,0.14,0.06,-0.06,0.06,-0.06,-0.06,-0.14,-0.16,0.26,Max V [600],,,,,,,,,,,,,,,,,,,,,,,,,,,,,,,,,,,,,,,,,,,,,,,,,,,,,,,,,,,,,,,,,,,,,,,,,,,,,,,,,,,,
,,0.571,0.781,0.75,0.817,0.75,0.75,0.75,0.75,0.75,0.942,0.941,0.983,R-Squared [600],,,,,,,,,,,,,,,,,,,,,,,,,,,,,,,,,,,,,,,,,,,,,,,,,,,,,,,,,,,,,,,,,,,,,,,,,,,,,,,,,,,,
,,2:15:00,8:50:00,21:40:00,5:30:00,12:50:00,6:55:00,19:30:00,14:35:00,10:35:00,21:30:00,21:45:00,20:25:00,t at Max V [600],,,,,,,,,,,,,,,,,,,,,,,,,,,,,,,,,,,,,,,,,,,,,,,,,,,,,,,,,,,,,,,,,,,,,,,,,,,,,,,,,,,,
,,2:12:30,8:44:00,21:50:00,5:30:00,13:00:00,6:48:20,19:56:40,14:11:40,10:28:20,20:35:43,20:16:15,21:12:42,Lagtime [600],,,,,,,,,,,,,,,,,,,,,,,,,,,,,,,,,,,,,,,,,,,,,,,,,,,,,,,,,,,,,,,,,,,,,,,,,,,,,,,,,,,,
,B,0.06,0.58,0.56,0.9,0.4,0.42,0.38,0.5,0.64,0.24,0.34,-0.08,Max V [600],,,,,,,,,,,,,,,,,,,,,,,,,,,,,,,,,,,,,,,,,,,,,,,,,,,,,,,,,,,,,,,,,,,,,,,,,,,,,,,,,,,,
,,0.75,0.992,0.995,0.997,1,0.75,0.97,0.989,0.992,0.973,0.87,0.8,R-Squared [600],,,,,,,,,,,,,,,,,,,,,,,,,,,,,,,,,,,,,,,,,,,,,,,,,,,,,,,,,,,,,,,,,,,,,,,,,,,,,,,,,,,,
,,14:25:00,0:20:00,0:15:00,0:20:00,0:30:00,0:15:00,0:30:00,0:35:00,0:25:00,0:10:00,1:05:00,21:50:00,t at Max V [600],,,,,,,,,,,,,,,,,,,,,,,,,,,,,,,,,,,,,,,,,,,,,,,,,,,,,,,,,,,,,,,,,,,,,,,,,,,,,,,,,,,,
,,14:15:00,0:03:06,0:03:56,0:04:53,0:07:30,0:05:00,0:02:38,0:02:12,0:05:38,0:00:50,0:31:28,20:47:30,Lagtime [600],,,,,,,,,,,,,,,,,,,,,,,,,,,,,,,,,,,,,,,,,,,,,,,,,,,,,,,,,,,,,,,,,,,,,,,,,,,,,,,,,,,,
,C,0.06,0.34,0.46,0.8,0.4,0.52,0.94,0.42,0.2,-0.12,0.6,0.06,Max V [600],,,,,,,,,,,,,,,,,,,,,,,,,,,,,,,,,,,,,,,,,,,,,,,,,,,,,,,,,,,,,,,,,,,,,,,,,,,,,,,,,,,,
,,0.75,0.99,0.994,1,0.971,0.994,0.999,0.896,1,0.9,1,0.75,R-Squared [600],,,,,,,,,,,,,,,,,,,,,,,,,,,,,,,,,,,,,,,,,,,,,,,,,,,,,,,,,,,,,,,,,,,,,,,,,,,,,,,,,,,,
,,14:30:00,0:20:00,0:30:00,0:20:00,0:25:00,0:20:00,0:25:00,0:20:00,0:10:00,0:15:00,0:25:00,17:20:00,t at Max V [600],,,,,,,,,,,,,,,,,,,,,,,,,,,,,,,,,,,,,,,,,,,,,,,,,,,,,,,,,,,,,,,,,,,,,,,,,,,,,,,,,,,,
,,14:20:00,0:01:11,0:09:08,0:03:45,0:06:30,0:04:37,0:06:17,0:04:17,0:00:00,0:15:00,0:03:20,17:46:40,Lagtime [600],,,,,,,,,,,,,,,,,,,,,,,,,,,,,,,,,,,,,,,,,,,,,,,,,,,,,,,,,,,,,,,,,,,,,,,,,,,,,,,,,,,,
,D,0.08,1.02,1.14,0.56,0.7,0.84,0.28,0.42,0.4,0.52,0.36,0.06,Max V [600],,,,,,,,,,,,,,,,,,,,,,,,,,,,,,,,,,,,,,,,,,,,,,,,,,,,,,,,,,,,,,,,,,,,,,,,,,,,,,,,,,,,
,,0.8,0.997,0.999,0.97,0.994,0.995,0.925,0.984,1,0.899,0.988,0.75,R-Squared [600],,,,,,,,,,,,,,,,,,,,,,,,,,,,,,,,,,,,,,,,,,,,,,,,,,,,,,,,,,,,,,,,,,,,,,,,,,,,,,,,,,,,
,,4:45:00,0:20:00,0:20:00,0:10:00,0:25:00,0:20:00,0:30:00,0:10:00,0:25:00,0:20:00,0:25:00,14:25:00,t at Max V [600],,,,,,,,,,,,,,,,,,,,,,,,,,,,,,,,,,,,,,,,,,,,,,,,,,,,,,,,,,,,,,,,,,,,,,,,,,,,,,,,,,,,
,,4:32:30,0:06:28,0:03:41,?????,0:05:34,0:05:00,0:07:09,0:00:00,0:05:00,0:07:18,0:05:00,14:15:00,Lagtime [600],,,,,,,,,,,,,,,,,,,,,,,,,,,,,,,,,,,,,,,,,,,,,,,,,,,,,,,,,,,,,,,,,,,,,,,,,,,,,,,,,,,,
,E,-0.12,2.92,2.32,2.42,1.64,0.14,0.94,1.36,0.82,1.08,1.24,-0.08,Max V [600],,,,,,,,,,,,,,,,,,,,,,,,,,,,,,,,,,,,,,,,,,,,,,,,,,,,,,,,,,,,,,,,,,,,,,,,,,,,,,,,,,,,
,,0.75,1,0.999,0.999,0.999,0.942,0.999,0.999,0.944,0.957,0.994,0.8,R-Squared [600],,,,,,,,,,,,,,,,,,,,,,,,,,,,,,,,,,,,,,,,,,,,,,,,,,,,,,,,,,,,,,,,,,,,,,,,,,,,,,,,,,,,
,,7:15:00,0:45:00,0:50:00,0:50:00,1:10:00,0:30:00,1:00:00,1:15:00,6:15:00,3:55:00,1:15:00,14:45:00,t at Max V [600],,,,,,,,,,,,,,,,,,,,,,,,,,,,,,,,,,,,,,,,,,,,,,,,,,,,,,,,,,,,,,,,,,,,,,,,,,,,,,,,,,,,
,,7:16:40,0:12:48,0:16:54,0:16:42,0:20:44,0:11:26,0:22:08,0:21:28,2:40:22,2:08:20,0:32:06,14:45:00,Lagtime [600],,,,,,,,,,,,,,,,,,,,,,,,,,,,,,,,,,,,,,,,,,,,,,,,,,,,,,,,,,,,,,,,,,,,,,,,,,,,,,,,,,,,
,F,0.08,0.42,1.62,3.46,-1.14,1.52,1.98,1.06,1.04,0.06,1.82,0.06,Max V [600],,,,,,,,,,,,,,,,,,,,,,,,,,,,,,,,,,,,,,,,,,,,,,,,,,,,,,,,,,,,,,,,,,,,,,,,,,,,,,,,,,,,
,,0.5,0.984,0.999,0.999,0.73,0.998,0.999,0.999,0.999,0.75,0.999,0.75,R-Squared [600],,,,,,,,,,,,,,,,,,,,,,,,,,,,,,,,,,,,,,,,,,,,,,,,,,,,,,,,,,,,,,,,,,,,,,,,,,,,,,,,,,,,
,,6:35:00,1:55:00,1:10:00,0:45:00,13:50:00,3:40:00,1:05:00,1:15:00,1:20:00,17:20:00,1:15:00,13:50:00,t at Max V [600],,,,,,,,,,,,,,,,,,,,,,,,,,,,,,,,,,,,,,,,,,,,,,,,,,,,,,,,,,,,,,,,,,,,,,,,,,,,,,,,,,,,
,,6:30:00,0:43:06,0:22:36,0:13:16,17:04:13,1:01:35,0:22:59,0:29:09,0:30:46,16:53:20,0:30:03,14:13:20,Lagtime [600],,,,,,,,,,,,,,,,,,,,,,,,,,,,,,,,,,,,,,,,,,,,,,,,,,,,,,,,,,,,,,,,,,,,,,,,,,,,,,,,,,,,
,G,0.06,1.9,3.08,3.52,1.34,2.76,0.34,2.22,1.4,1.48,1.6,-0.1,Max V [600],,,,,,,,,,,,,,,,,,,,,,,,,,,,,,,,,,,,,,,,,,,,,,,,,,,,,,,,,,,,,,,,,,,,,,,,,,,,,,,,,,,,
,,0.75,1,0.999,0.998,0.97,0.997,0.99,0.999,0.994,0.999,1,0.893,R-Squared [600],,,,,,,,,,,,,,,,,,,,,,,,,,,,,,,,,,,,,,,,,,,,,,,,,,,,,,,,,,,,,,,,,,,,,,,,,,,,,,,,,,,,
,,18:30:00,1:05:00,0:45:00,0:40:00,3:35:00,0:50:00,1:00:00,1:00:00,5:20:00,5:20:00,3:45:00,0:20:00,t at Max V [600],,,,,,,,,,,,,,,,,,,,,,,,,,,,,,,,,,,,,,,,,,,,,,,,,,,,,,,,,,,,,,,,,,,,,,,,,,,,,,,,,,,,
,,18:23:20,0:25:06,0:14:17,0:13:25,1:34:15,0:18:20,0:14:07,0:20:43,2:23:51,3:11:37,1:13:45,0:22:00,Lagtime [600],,,,,,,,,,,,,,,,,,,,,,,,,,,,,,,,,,,,,,,,,,,,,,,,,,,,,,,,,,,,,,,,,,,,,,,,,,,,,,,,,,,,
,H,-0.16,0.12,0.06,0.06,-0.06,-0.06,0.06,0.06,-0.22,0.06,0.06,-0.14,Max V [600],,,,,,,,,,,,,,,,,,,,,,,,,,,,,,,,,,,,,,,,,,,,,,,,,,,,,,,,,,,,,,,,,,,,,,,,,,,,,,,,,,,,
,,0.941,0.75,0.75,0.75,0.75,0.75,0.75,0.75,0.917,0.75,0.75,0.942,R-Squared [600],,,,,,,,,,,,,,,,,,,,,,,,,,,,,,,,,,,,,,,,,,,,,,,,,,,,,,,,,,,,,,,,,,,,,,,,,,,,,,,,,,,,
,,19:20:00,13:40:00,15:50:00,12:00:00,7:40:00,13:40:00,17:20:00,20:00:00,2:55:00,18:00:00,21:35:00,20:30:00,t at Max V [600],,,,,,,,,,,,,,,,,,,,,,,,,,,,,,,,,,,,,,,,,,,,,,,,,,,,,,,,,,,,,,,,,,,,,,,,,,,,,,,,,,,,
,,18:41:15,13:41:40,15:56:40,12:10:00,7:33:20,13:33:20,17:30:00,20:26:40,2:56:49,18:10:00,21:58:20,19:35:43,Lagtime [600],,,,,,,,,,,,,,,,,,,,,,,,,,,,,,,,,,,,,,,,,,,,,,,,,,,,,,,,,,,,,,,,,,,,,,,,,,,,,,,,,,,,
