Software Version,3.11.19,,,,,,,,,,,,,,,,,,,,,,,,,,,,,,,,,,,,,,,,,,,,,,,,,,,,,,,,,,,,,,,,,,,,,,,,,,,,,,,,,,,,,,,,,,,,,,,,,
,,,,,,,,,,,,,,,,,,,,,,,,,,,,,,,,,,,,,,,,,,,,,,,,,,,,,,,,,,,,,,,,,,,,,,,,,,,,,,,,,,,,,,,,,,,,,,,,,,
Experiment File Path:,C:\Users\jelab\Documents\Gen 5\Edward Liu\Experiment5.xpt,,,,,,,,,,,,,,,,,,,,,,,,,,,,,,,,,,,,,,,,,,,,,,,,,,,,,,,,,,,,,,,,,,,,,,,,,,,,,,,,,,,,,,,,,,,,,,,,,
Protocol File Path:,C:\Users\jelab\Documents\Gen 5\Edward Liu\synergyRIFRxT 45c .prt,,,,,,,,,,,,,,,,,,,,,,,,,,,,,,,,,,,,,,,,,,,,,,,,,,,,,,,,,,,,,,,,,,,,,,,,,,,,,,,,,,,,,,,,,,,,,,,,,
Plate Number,Plate 1,,,,,,,,,,,,,,,,,,,,,,,,,,,,,,,,,,,,,,,,,,,,,,,,,,,,,,,,,,,,,,,,,,,,,,,,,,,,,,,,,,,,,,,,,,,,,,,,,
Date,17/03/2026,,,,,,,,,,,,,,,,,,,,,,,,,,,,,,,,,,,,,,,,,,,,,,,,,,,,,,,,,,,,,,,,,,,,,,,,,,,,,,,,,,,,,,,,,,,,,,,,,
Time,10:58:15 AM,,,,,,,,,,,,,,,,,,,,,,,,,,,,,,,,,,,,,,,,,,,,,,,,,,,,,,,,,,,,,,,,,,,,,,,,,,,,,,,,,,,,,,,,,,,,,,,,,
Reader Type:,Synergy HT,,,,,,,,,,,,,,,,,,,,,,,,,,,,,,,,,,,,,,,,,,,,,,,,,,,,,,,,,,,,,,,,,,,,,,,,,,,,,,,,,,,,,,,,,,,,,,,,,
Reader Serial Number:,271552,,,,,,,,,,,,,,,,,,,,,,,,,,,,,,,,,,,,,,,,,,,,,,,,,,,,,,,,,,,,,,,,,,,,,,,,,,,,,,,,,,,,,,,,,,,,,,,,,
Reading Type,Reader,,,,,,,,,,,,,,,,,,,,,,,,,,,,,,,,,,,,,,,,,,,,,,,,,,,,,,,,,,,,,,,,,,,,,,,,,,,,,,,,,,,,,,,,,,,,,,,,,
,,,,,,,,,,,,,,,,,,,,,,,,,,,,,,,,,,,,,,,,,,,,,,,,,,,,,,,,,,,,,,,,,,,,,,,,,,,,,,,,,,,,,,,,,,,,,,,,,,
Procedure Details,,,,,,,,,,,,,,,,,,,,,,,,,,,,,,,,,,,,,,,,,,,,,,,,,,,,,,,,,,,,,,,,,,,,,,,,,,,,,,,,,,,,,,,,,,,,,,,,,,
Plate Type,96 WELL PLATE,,,,,,,,,,,,,,,,,,,,,,,,,,,,,,,,,,,,,,,,,,,,,,,,,,,,,,,,,,,,,,,,,,,,,,,,,,,,,,,,,,,,,,,,,,,,,,,,,
Set Temperature,Setpoint 45°C,,,,,,,,,,,,,,,,,,,,,,,,,,,,,,,,,,,,,,,,,,,,,,,,,,,,,,,,,,,,,,,,,,,,,,,,,,,,,,,,,,,,,,,,,,,,,,,,,
,Preheat before moving to next step,,,,,,,,,,,,,,,,,,,,,,,,,,,,,,,,,,,,,,,,,,,,,,,,,,,,,,,,,,,,,,,,,,,,,,,,,,,,,,,,,,,,,,,,,,,,,,,,,
Start Kinetic,"Runtime 22:00:00 (HH:MM:SS), Interval 0:05:00, 265 Reads",,,,,,,,,,,,,,,,,,,,,,,,,,,,,,,,,,,,,,,,,,,,,,,,,,,,,,,,,,,,,,,,,,,,,,,,,,,,,,,,,,,,,,,,,,,,,,,,,
    Shake,"Medium, Continuous",,,,,,,,,,,,,,,,,,,,,,,,,,,,,,,,,,,,,,,,,,,,,,,,,,,,,,,,,,,,,,,,,,,,,,,,,,,,,,,,,,,,,,,,,,,,,,,,,
    Read,Absorbance Endpoint,,,,,,,,,,,,,,,,,,,,,,,,,,,,,,,,,,,,,,,,,,,,,,,,,,,,,,,,,,,,,,,,,,,,,,,,,,,,,,,,,,,,,,,,,,,,,,,,,
,Full Plate,,,,,,,,,,,,,,,,,,,,,,,,,,,,,,,,,,,,,,,,,,,,,,,,,,,,,,,,,,,,,,,,,,,,,,,,,,,,,,,,,,,,,,,,,,,,,,,,,
,Wavelengths:  600,,,,,,,,,,,,,,,,,,,,,,,,,,,,,,,,,,,,,,,,,,,,,,,,,,,,,,,,,,,,,,,,,,,,,,,,,,,,,,,,,,,,,,,,,,,,,,,,,
,Read Speed: Normal,,,,,,,,,,,,,,,,,,,,,,,,,,,,,,,,,,,,,,,,,,,,,,,,,,,,,,,,,,,,,,,,,,,,,,,,,,,,,,,,,,,,,,,,,,,,,,,,,
End Kinetic,,,,,,,,,,,,,,,,,,,,,,,,,,,,,,,,,,,,,,,,,,,,,,,,,,,,,,,,,,,,,,,,,,,,,,,,,,,,,,,,,,,,,,,,,,,,,,,,,,
,,,,,,,,,,,,,,,,,,,,,,,,,,,,,,,,,,,,,,,,,,,,,,,,,,,,,,,,,,,,,,,,,,,,,,,,,,,,,,,,,,,,,,,,,,,,,,,,,,
600,,,,,,,,,,,,,,,,,,,,,,,,,,,,,,,,,,,,,,,,,,,,,,,,,,,,,,,,,,,,,,,,,,,,,,,,,,,,,,,,,,,,,,,,,,,,,,,,,,
,,,,,,,,,,,,,,,,,,,,,,,,,,,,,,,,,,,,,,,,,,,,,,,,,,,,,,,,,,,,,,,,,,,,,,,,,,,,,,,,,,,,,,,,,,,,,,,,,,
,Time,T° 600,A1,A2,A3,A4,A5,A6,A7,A8,A9,A10,A11,A12,B1,B2,B3,B4,B5,B6,B7,B8,B9,B10,B11,B12,C1,C2,C3,C4,C5,C6,C7,C8,C9,C10,C11,C12,D1,D2,D3,D4,D5,D6,D7,D8,D9,D10,D11,D12,E1,E2,E3,E4,E5,E6,E7,E8,E9,E10,E11,E12,F1,F2,F3,F4,F5,F6,F7,F8,F9,F10,F11,F12,G1,G2,G3,G4,G5,G6,G7,G8,G9,G10,G11,G12,H1,H2,H3,H4,H5,H6,H7,H8,H9,H10,H11,H12
,0:00:00,44.9,0.086,0.087,0.09,0.088,0.089,0.086,0.087,0.086,0.087,0.088,0.087,0.087,0.087,0.115,0.101,0.101,0.1,0.125,0.125,0.106,0.108,0.096,0.122,0.087,0.085,0.115,0.114,0.111,0.104,0.135,0.105,0.107,0.111,0.097,0.095,0.088,0.087,0.128,0.106,0.112,0.116,0.082,0.101,0.125,0.139,0.095,0.089,0.088,0.088,0.12,0.108,0.107,0.104,0.102,0.108,0.13,0.107,0.098,0.103,0.088,0.087,0.098,0.148,0.104,0.098,0.105,0.099,0.097,0.115,0.101,0.12,0.088,0.089,0.111,0.11,0.103,0.098,0.089,0.102,0.102,0.108,0.102,0.099,0.088,0.086,0.087,0.087,0.086,0.087,0.088,0.087,0.089,0.087,0.089,0.087,0.088
,0:05:00,44.9,0.086,0.088,0.091,0.088,0.089,0.086,0.087,0.086,0.087,0.087,0.087,0.087,0.087,0.116,0.101,0.102,0.101,0.126,0.125,0.107,0.109,0.096,0.124,0.087,0.086,0.115,0.115,0.112,0.104,0.136,0.106,0.108,0.112,0.098,0.095,0.087,0.087,0.13,0.107,0.114,0.117,0.083,0.102,0.127,0.142,0.096,0.089,0.087,0.088,0.122,0.111,0.108,0.105,0.103,0.11,0.132,0.107,0.098,0.104,0.088,0.087,0.099,0.153,0.105,0.098,0.107,0.099,0.097,0.116,0.101,0.12,0.088,0.089,0.112,0.111,0.104,0.098,0.089,0.102,0.104,0.109,0.102,0.1,0.088,0.087,0.087,0.088,0.086,0.087,0.088,0.087,0.089,0.087,0.089,0.087,0.089
,0:10:00,44.9,0.087,0.088,0.092,0.088,0.089,0.087,0.088,0.086,0.087,0.087,0.088,0.088,0.087,0.118,0.102,0.104,0.102,0.128,0.129,0.108,0.111,0.097,0.128,0.087,0.086,0.117,0.117,0.114,0.105,0.139,0.107,0.11,0.114,0.099,0.096,0.088,0.087,0.133,0.108,0.115,0.119,0.083,0.103,0.131,0.144,0.096,0.09,0.088,0.088,0.126,0.113,0.112,0.107,0.105,0.112,0.134,0.108,0.099,0.105,0.088,0.087,0.1,0.16,0.107,0.099,0.109,0.1,0.098,0.118,0.102,0.122,0.088,0.089,0.115,0.113,0.106,0.099,0.089,0.104,0.105,0.111,0.103,0.101,0.088,0.087,0.087,0.088,0.087,0.087,0.088,0.087,0.089,0.087,0.089,0.087,0.088
,0:15:00,45,0.087,0.088,0.092,0.088,0.089,0.087,0.087,0.086,0.087,0.087,0.088,0.087,0.087,0.12,0.103,0.104,0.103,0.131,0.13,0.111,0.113,0.098,0.133,0.088,0.086,0.119,0.119,0.115,0.106,0.142,0.111,0.112,0.116,0.1,0.096,0.087,0.087,0.137,0.109,0.117,0.12,0.083,0.104,0.134,0.148,0.098,0.09,0.087,0.088,0.13,0.116,0.112,0.108,0.106,0.115,0.138,0.11,0.1,0.106,0.087,0.087,0.1,0.17,0.108,0.1,0.111,0.1,0.099,0.12,0.103,0.124,0.088,0.089,0.118,0.115,0.108,0.099,0.089,0.106,0.107,0.114,0.104,0.101,0.088,0.087,0.087,0.087,0.087,0.087,0.088,0.087,0.089,0.087,0.089,0.087,0.088
,0:20:00,45,0.086,0.087,0.092,0.088,0.089,0.087,0.087,0.086,0.087,0.087,0.087,0.087,0.087,0.122,0.105,0.106,0.104,0.135,0.134,0.112,0.115,0.099,0.137,0.087,0.086,0.121,0.121,0.117,0.108,0.146,0.112,0.114,0.119,0.1,0.096,0.087,0.087,0.14,0.11,0.12,0.123,0.082,0.105,0.136,0.153,0.098,0.091,0.087,0.088,0.136,0.12,0.114,0.11,0.109,0.118,0.144,0.111,0.101,0.108,0.088,0.087,0.101,0.181,0.11,0.1,0.114,0.101,0.1,0.124,0.105,0.128,0.087,0.089,0.121,0.118,0.111,0.101,0.088,0.109,0.11,0.118,0.105,0.103,0.088,0.087,0.087,0.087,0.087,0.087,0.088,0.087,0.089,0.087,0.089,0.087,0.088
,0:25:00,44.9,0.086,0.087,0.092,0.088,0.088,0.087,0.088,0.086,0.086,0.087,0.087,0.087,0.087,0.126,0.107,0.107,0.105,0.139,0.139,0.115,0.118,0.1,0.14,0.087,0.086,0.123,0.124,0.119,0.11,0.15,0.111,0.116,0.121,0.101,0.097,0.087,0.087,0.143,0.112,0.122,0.126,0.082,0.107,0.139,0.158,0.099,0.092,0.087,0.088,0.141,0.124,0.118,0.113,0.112,0.123,0.15,0.114,0.103,0.111,0.088,0.087,0.102,0.194,0.113,0.101,0.118,0.102,0.102,0.128,0.107,0.132,0.087,0.089,0.124,0.121,0.114,0.102,0.088,0.112,0.113,0.122,0.107,0.104,0.088,0.087,0.087,0.088,0.087,0.087,0.088,0.087,0.089,0.086,0.089,0.087,0.088
,0:30:00,45,0.087,0.088,0.092,0.088,0.089,0.087,0.088,0.086,0.087,0.087,0.087,0.087,0.087,0.129,0.109,0.109,0.107,0.143,0.142,0.117,0.119,0.101,0.145,0.087,0.086,0.126,0.127,0.122,0.112,0.154,0.113,0.118,0.123,0.103,0.098,0.087,0.086,0.146,0.114,0.126,0.129,0.082,0.109,0.143,0.164,0.1,0.093,0.087,0.088,0.148,0.129,0.121,0.117,0.115,0.128,0.157,0.116,0.106,0.114,0.088,0.087,0.103,0.209,0.117,0.102,0.123,0.103,0.104,0.133,0.11,0.137,0.087,0.089,0.128,0.124,0.118,0.103,0.088,0.115,0.117,0.126,0.109,0.107,0.088,0.087,0.087,0.088,0.087,0.087,0.088,0.087,0.089,0.087,0.088,0.087,0.088
,0:35:00,44.9,0.087,0.087,0.092,0.088,0.089,0.087,0.088,0.086,0.086,0.087,0.087,0.087,0.087,0.133,0.111,0.111,0.108,0.148,0.148,0.119,0.121,0.102,0.15,0.087,0.086,0.129,0.13,0.125,0.114,0.159,0.115,0.122,0.126,0.104,0.098,0.087,0.086,0.149,0.115,0.129,0.133,0.082,0.112,0.147,0.17,0.102,0.094,0.087,0.088,0.157,0.135,0.126,0.121,0.119,0.135,0.166,0.12,0.109,0.118,0.087,0.087,0.105,0.225,0.12,0.104,0.128,0.104,0.106,0.137,0.113,0.142,0.088,0.089,0.131,0.129,0.122,0.105,0.089,0.119,0.122,0.131,0.111,0.109,0.088,0.087,0.087,0.087,0.086,0.087,0.087,0.087,0.089,0.086,0.089,0.087,0.088
,0:40:00,45,0.087,0.088,0.092,0.088,0.089,0.087,0.088,0.087,0.087,0.087,0.087,0.087,0.087,0.136,0.113,0.113,0.11,0.152,0.152,0.122,0.124,0.104,0.154,0.087,0.086,0.133,0.133,0.128,0.114,0.163,0.117,0.125,0.13,0.106,0.099,0.087,0.087,0.152,0.117,0.133,0.137,0.082,0.115,0.151,0.175,0.104,0.094,0.087,0.088,0.167,0.144,0.131,0.126,0.125,0.143,0.176,0.124,0.113,0.122,0.088,0.087,0.107,0.247,0.125,0.105,0.134,0.106,0.109,0.142,0.117,0.15,0.088,0.089,0.135,0.135,0.128,0.107,0.089,0.124,0.128,0.138,0.115,0.112,0.088,0.087,0.087,0.088,0.087,0.087,0.088,0.087,0.089,0.087,0.089,0.087,0.089
,0:45:00,45,0.086,0.087,0.092,0.088,0.088,0.086,0.087,0.086,0.086,0.086,0.087,0.087,0.086,0.139,0.114,0.115,0.11,0.155,0.158,0.124,0.125,0.105,0.157,0.087,0.085,0.135,0.135,0.13,0.117,0.167,0.118,0.127,0.133,0.107,0.099,0.087,0.086,0.154,0.118,0.135,0.14,0.082,0.116,0.154,0.181,0.104,0.094,0.087,0.087,0.179,0.154,0.136,0.131,0.131,0.151,0.187,0.128,0.116,0.127,0.087,0.087,0.109,0.273,0.129,0.106,0.141,0.107,0.112,0.146,0.121,0.156,0.087,0.089,0.139,0.141,0.135,0.108,0.088,0.131,0.134,0.145,0.117,0.115,0.087,0.086,0.086,0.087,0.086,0.087,0.087,0.086,0.089,0.086,0.088,0.086,0.087
,0:50:00,45,0.086,0.088,0.092,0.088,0.089,0.087,0.088,0.086,0.087,0.087,0.087,0.087,0.087,0.142,0.117,0.117,0.112,0.159,0.163,0.127,0.127,0.108,0.162,0.087,0.086,0.138,0.138,0.133,0.118,0.171,0.12,0.129,0.137,0.108,0.1,0.087,0.087,0.157,0.12,0.138,0.145,0.082,0.118,0.158,0.186,0.106,0.096,0.087,0.088,0.195,0.166,0.145,0.138,0.139,0.162,0.202,0.133,0.121,0.133,0.087,0.087,0.112,0.296,0.136,0.107,0.151,0.108,0.116,0.152,0.127,0.165,0.087,0.089,0.144,0.149,0.144,0.111,0.088,0.139,0.142,0.155,0.12,0.12,0.088,0.086,0.087,0.087,0.087,0.087,0.088,0.087,0.089,0.087,0.089,0.087,0.088
,0:55:00,44.9,0.087,0.088,0.092,0.089,0.089,0.087,0.088,0.087,0.087,0.087,0.088,0.087,0.087,0.146,0.119,0.12,0.114,0.163,0.168,0.13,0.13,0.108,0.166,0.087,0.086,0.142,0.141,0.136,0.12,0.175,0.122,0.131,0.14,0.11,0.101,0.088,0.087,0.161,0.123,0.141,0.15,0.083,0.12,0.162,0.192,0.108,0.097,0.087,0.088,0.214,0.182,0.154,0.146,0.148,0.175,0.219,0.14,0.127,0.141,0.088,0.088,0.116,0.315,0.145,0.109,0.163,0.111,0.121,0.158,0.135,0.176,0.088,0.089,0.15,0.16,0.156,0.115,0.088,0.149,0.152,0.168,0.126,0.126,0.088,0.087,0.087,0.088,0.087,0.087,0.088,0.087,0.089,0.087,0.089,0.087,0.088
,1:00:00,44.9,0.087,0.088,0.091,0.088,0.089,0.087,0.088,0.086,0.087,0.087,0.087,0.087,0.087,0.148,0.121,0.122,0.115,0.166,0.175,0.131,0.132,0.111,0.169,0.087,0.086,0.145,0.143,0.138,0.121,0.178,0.124,0.133,0.143,0.111,0.101,0.087,0.087,0.164,0.124,0.143,0.153,0.083,0.122,0.165,0.197,0.109,0.098,0.088,0.088,0.233,0.199,0.164,0.156,0.16,0.19,0.238,0.147,0.134,0.149,0.087,0.087,0.12,0.334,0.154,0.111,0.177,0.112,0.126,0.164,0.143,0.188,0.087,0.089,0.156,0.173,0.17,0.118,0.089,0.162,0.163,0.183,0.13,0.132,0.088,0.087,0.087,0.088,0.087,0.087,0.088,0.087,0.089,0.087,0.089,0.087,0.088
,1:05:00,45,0.086,0.088,0.091,0.088,0.089,0.087,0.088,0.086,0.087,0.087,0.087,0.087,0.087,0.151,0.122,0.123,0.116,0.17,0.18,0.134,0.133,0.11,0.173,0.087,0.086,0.147,0.145,0.139,0.122,0.181,0.125,0.135,0.146,0.111,0.102,0.087,0.087,0.166,0.125,0.145,0.157,0.082,0.123,0.168,0.201,0.109,0.098,0.087,0.088,0.246,0.218,0.177,0.167,0.174,0.207,0.26,0.155,0.142,0.159,0.087,0.087,0.125,0.355,0.164,0.112,0.194,0.115,0.132,0.171,0.153,0.203,0.087,0.089,0.163,0.189,0.187,0.123,0.088,0.177,0.178,0.2,0.137,0.14,0.088,0.086,0.087,0.087,0.087,0.087,0.088,0.087,0.089,0.087,0.089,0.087,0.088
,1:10:00,45,0.086,0.088,0.09,0.088,0.089,0.087,0.087,0.086,0.086,0.087,0.087,0.087,0.087,0.154,0.124,0.125,0.117,0.173,0.187,0.136,0.135,0.111,0.176,0.087,0.086,0.15,0.147,0.141,0.122,0.184,0.127,0.136,0.148,0.113,0.102,0.087,0.086,0.169,0.127,0.147,0.16,0.082,0.124,0.169,0.205,0.11,0.099,0.087,0.088,0.259,0.234,0.191,0.18,0.189,0.225,0.273,0.165,0.152,0.17,0.087,0.087,0.129,0.378,0.178,0.113,0.207,0.117,0.138,0.178,0.165,0.217,0.087,0.089,0.172,0.206,0.205,0.128,0.088,0.194,0.193,0.22,0.144,0.15,0.088,0.087,0.087,0.087,0.087,0.087,0.088,0.086,0.089,0.087,0.088,0.086,0.088
,1:15:00,45,0.087,0.088,0.091,0.088,0.09,0.087,0.088,0.086,0.087,0.087,0.088,0.087,0.087,0.157,0.125,0.128,0.118,0.177,0.193,0.138,0.138,0.112,0.18,0.087,0.086,0.154,0.149,0.144,0.125,0.187,0.129,0.14,0.151,0.113,0.103,0.087,0.087,0.173,0.128,0.15,0.164,0.083,0.126,0.173,0.21,0.111,0.1,0.087,0.089,0.278,0.246,0.208,0.197,0.208,0.237,0.29,0.177,0.163,0.184,0.088,0.087,0.136,0.401,0.193,0.116,0.217,0.121,0.147,0.187,0.18,0.233,0.088,0.089,0.181,0.227,0.217,0.134,0.089,0.212,0.211,0.235,0.154,0.163,0.088,0.087,0.088,0.088,0.087,0.087,0.088,0.087,0.09,0.087,0.089,0.087,0.088
,1:20:00,44.9,0.087,0.088,0.09,0.088,0.089,0.087,0.087,0.086,0.087,0.087,0.087,0.087,0.087,0.16,0.126,0.13,0.119,0.18,0.199,0.14,0.14,0.113,0.183,0.087,0.086,0.156,0.151,0.145,0.126,0.189,0.13,0.14,0.153,0.114,0.102,0.087,0.086,0.176,0.13,0.152,0.167,0.082,0.127,0.176,0.212,0.112,0.1,0.087,0.088,0.297,0.261,0.222,0.213,0.22,0.253,0.309,0.19,0.176,0.199,0.087,0.087,0.144,0.425,0.206,0.117,0.231,0.124,0.156,0.194,0.195,0.242,0.087,0.089,0.192,0.235,0.228,0.141,0.088,0.221,0.22,0.246,0.163,0.178,0.088,0.086,0.087,0.088,0.087,0.087,0.088,0.087,0.089,0.087,0.089,0.087,0.088
,1:25:00,45,0.087,0.088,0.09,0.088,0.089,0.087,0.088,0.086,0.087,0.087,0.087,0.087,0.087,0.163,0.128,0.132,0.12,0.183,0.206,0.143,0.142,0.114,0.188,0.087,0.086,0.159,0.153,0.148,0.127,0.19,0.132,0.143,0.156,0.115,0.103,0.087,0.087,0.178,0.131,0.154,0.171,0.082,0.129,0.178,0.214,0.113,0.101,0.087,0.088,0.317,0.281,0.232,0.223,0.23,0.272,0.331,0.205,0.191,0.212,0.088,0.087,0.153,0.451,0.214,0.12,0.25,0.128,0.167,0.202,0.203,0.253,0.087,0.089,0.203,0.249,0.249,0.149,0.088,0.235,0.232,0.264,0.175,0.193,0.088,0.086,0.087,0.087,0.087,0.087,0.088,0.087,0.089,0.087,0.089,0.087,0.088
,1:30:00,45,0.087,0.088,0.09,0.088,0.089,0.087,0.088,0.086,0.087,0.087,0.087,0.087,0.087,0.167,0.129,0.134,0.121,0.188,0.212,0.145,0.144,0.115,0.192,0.087,0.086,0.162,0.154,0.15,0.128,0.192,0.135,0.146,0.159,0.117,0.104,0.087,0.087,0.181,0.133,0.156,0.176,0.083,0.13,0.18,0.216,0.114,0.102,0.088,0.088,0.338,0.301,0.243,0.232,0.244,0.291,0.355,0.222,0.206,0.222,0.087,0.087,0.162,0.477,0.229,0.122,0.27,0.131,0.18,0.211,0.211,0.268,0.087,0.089,0.214,0.27,0.272,0.158,0.089,0.256,0.25,0.284,0.188,0.202,0.088,0.087,0.087,0.088,0.087,0.087,0.088,0.087,0.089,0.087,0.089,0.087,0.088
,1:35:00,45,0.087,0.088,0.09,0.088,0.089,0.087,0.088,0.086,0.087,0.087,0.087,0.087,0.087,0.17,0.13,0.137,0.121,0.191,0.216,0.148,0.147,0.117,0.197,0.087,0.086,0.165,0.155,0.152,0.129,0.193,0.135,0.146,0.161,0.117,0.103,0.087,0.087,0.185,0.133,0.158,0.18,0.083,0.131,0.183,0.217,0.115,0.102,0.087,0.088,0.361,0.323,0.258,0.245,0.264,0.311,0.38,0.24,0.215,0.238,0.088,0.087,0.174,0.503,0.247,0.125,0.289,0.136,0.192,0.219,0.227,0.285,0.088,0.089,0.226,0.292,0.293,0.169,0.089,0.277,0.268,0.304,0.2,0.211,0.088,0.087,0.087,0.088,0.087,0.087,0.088,0.087,0.089,0.087,0.089,0.087,0.088
,1:40:00,45,0.087,0.088,0.089,0.088,0.089,0.087,0.087,0.086,0.087,0.087,0.087,0.087,0.087,0.172,0.132,0.139,0.122,0.194,0.22,0.152,0.15,0.117,0.202,0.087,0.086,0.168,0.156,0.154,0.129,0.194,0.137,0.149,0.164,0.118,0.104,0.087,0.086,0.189,0.134,0.16,0.185,0.083,0.132,0.185,0.219,0.115,0.103,0.087,0.088,0.384,0.347,0.277,0.262,0.282,0.334,0.404,0.251,0.225,0.257,0.088,0.087,0.187,0.528,0.264,0.127,0.309,0.141,0.204,0.227,0.242,0.303,0.088,0.089,0.238,0.316,0.316,0.181,0.088,0.299,0.286,0.327,0.207,0.225,0.088,0.087,0.087,0.088,0.087,0.087,0.088,0.086,0.089,0.087,0.089,0.087,0.088
,1:45:00,44.9,0.087,0.088,0.089,0.088,0.088,0.087,0.088,0.086,0.087,0.087,0.087,0.087,0.087,0.175,0.132,0.141,0.122,0.196,0.224,0.155,0.153,0.118,0.207,0.087,0.086,0.171,0.156,0.156,0.13,0.195,0.139,0.151,0.167,0.118,0.104,0.087,0.087,0.191,0.135,0.16,0.19,0.082,0.133,0.188,0.22,0.115,0.103,0.087,0.088,0.407,0.374,0.292,0.28,0.302,0.357,0.431,0.264,0.238,0.274,0.087,0.087,0.2,0.552,0.282,0.13,0.332,0.148,0.213,0.231,0.257,0.32,0.087,0.089,0.249,0.341,0.341,0.194,0.088,0.322,0.304,0.352,0.215,0.244,0.088,0.087,0.087,0.088,0.086,0.087,0.088,0.087,0.089,0.087,0.089,0.086,0.088
,1:50:00,45,0.087,0.088,0.089,0.088,0.089,0.087,0.088,0.086,0.087,0.087,0.087,0.087,0.087,0.179,0.134,0.144,0.124,0.198,0.23,0.158,0.156,0.119,0.212,0.087,0.086,0.175,0.157,0.158,0.131,0.196,0.141,0.154,0.171,0.119,0.104,0.087,0.087,0.194,0.136,0.162,0.196,0.083,0.135,0.19,0.222,0.116,0.104,0.087,0.088,0.433,0.398,0.311,0.299,0.324,0.383,0.459,0.281,0.254,0.292,0.088,0.087,0.214,0.574,0.302,0.133,0.359,0.154,0.227,0.236,0.272,0.341,0.088,0.089,0.261,0.369,0.369,0.209,0.089,0.347,0.327,0.377,0.226,0.263,0.089,0.087,0.087,0.089,0.087,0.087,0.088,0.087,0.089,0.087,0.089,0.087,0.088
,1:55:00,45,0.087,0.087,0.088,0.088,0.089,0.087,0.087,0.086,0.087,0.087,0.087,0.087,0.086,0.181,0.134,0.146,0.124,0.2,0.234,0.161,0.159,0.119,0.215,0.087,0.086,0.179,0.157,0.16,0.13,0.197,0.143,0.156,0.174,0.119,0.104,0.087,0.087,0.197,0.137,0.162,0.201,0.083,0.135,0.192,0.223,0.117,0.104,0.087,0.088,0.459,0.424,0.332,0.321,0.348,0.406,0.485,0.299,0.271,0.313,0.087,0.087,0.224,0.595,0.326,0.137,0.385,0.161,0.243,0.239,0.287,0.362,0.087,0.089,0.275,0.4,0.399,0.222,0.088,0.374,0.348,0.401,0.24,0.281,0.088,0.087,0.087,0.089,0.086,0.087,0.088,0.087,0.089,0.087,0.089,0.087,0.088
,2:00:00,45,0.087,0.088,0.088,0.088,0.089,0.087,0.088,0.086,0.087,0.087,0.087,0.087,0.087,0.184,0.136,0.148,0.125,0.203,0.237,0.164,0.161,0.121,0.219,0.087,0.086,0.183,0.159,0.162,0.132,0.199,0.145,0.158,0.178,0.12,0.105,0.087,0.087,0.2,0.137,0.163,0.205,0.082,0.136,0.194,0.225,0.117,0.104,0.087,0.088,0.484,0.454,0.353,0.345,0.373,0.433,0.511,0.32,0.289,0.336,0.087,0.087,0.235,0.617,0.35,0.14,0.413,0.169,0.261,0.244,0.306,0.385,0.088,0.089,0.291,0.432,0.432,0.234,0.088,0.404,0.37,0.429,0.253,0.3,0.088,0.087,0.087,0.089,0.087,0.087,0.088,0.087,0.089,0.087,0.089,0.087,0.088
,2:05:00,45,0.087,0.088,0.088,0.089,0.089,0.087,0.088,0.087,0.087,0.087,0.087,0.087,0.087,0.186,0.136,0.15,0.126,0.205,0.24,0.167,0.164,0.122,0.224,0.087,0.086,0.187,0.159,0.163,0.134,0.2,0.147,0.161,0.182,0.121,0.105,0.088,0.087,0.203,0.139,0.165,0.21,0.083,0.136,0.196,0.226,0.117,0.105,0.088,0.088,0.506,0.484,0.375,0.37,0.398,0.462,0.535,0.341,0.31,0.362,0.088,0.087,0.25,0.637,0.374,0.144,0.442,0.179,0.278,0.25,0.326,0.407,0.088,0.089,0.307,0.465,0.464,0.25,0.089,0.436,0.394,0.458,0.269,0.323,0.088,0.087,0.087,0.09,0.087,0.087,0.088,0.087,0.089,0.087,0.089,0.087,0.088
,2:10:00,44.9,0.087,0.088,0.088,0.088,0.089,0.087,0.087,0.086,0.087,0.087,0.087,0.087,0.087,0.188,0.137,0.152,0.126,0.207,0.244,0.17,0.167,0.123,0.228,0.087,0.086,0.191,0.16,0.164,0.134,0.201,0.149,0.163,0.185,0.121,0.105,0.087,0.087,0.204,0.14,0.165,0.214,0.082,0.137,0.197,0.228,0.117,0.105,0.087,0.088,0.528,0.512,0.398,0.393,0.423,0.491,0.559,0.365,0.331,0.388,0.087,0.087,0.268,0.655,0.399,0.148,0.47,0.188,0.297,0.256,0.343,0.43,0.087,0.089,0.327,0.498,0.497,0.267,0.088,0.469,0.417,0.487,0.285,0.349,0.088,0.086,0.087,0.09,0.087,0.087,0.088,0.087,0.089,0.087,0.089,0.087,0.088
,2:15:00,45,0.087,0.088,0.088,0.088,0.089,0.087,0.088,0.086,0.087,0.087,0.087,0.087,0.087,0.19,0.138,0.153,0.127,0.21,0.25,0.173,0.17,0.124,0.233,0.087,0.086,0.196,0.16,0.166,0.134,0.201,0.15,0.164,0.19,0.12,0.105,0.087,0.087,0.207,0.141,0.166,0.218,0.082,0.138,0.199,0.229,0.118,0.105,0.088,0.088,0.548,0.539,0.42,0.419,0.451,0.519,0.58,0.389,0.355,0.412,0.087,0.087,0.287,0.674,0.426,0.153,0.497,0.198,0.321,0.265,0.364,0.453,0.087,0.089,0.345,0.527,0.527,0.286,0.088,0.503,0.44,0.515,0.303,0.373,0.088,0.087,0.087,0.09,0.086,0.087,0.088,0.087,0.089,0.087,0.089,0.087,0.088
,2:20:00,45,0.087,0.088,0.088,0.089,0.089,0.087,0.088,0.086,0.087,0.087,0.088,0.087,0.087,0.192,0.138,0.156,0.128,0.212,0.256,0.177,0.173,0.125,0.239,0.087,0.086,0.201,0.161,0.168,0.135,0.203,0.152,0.166,0.194,0.121,0.106,0.087,0.087,0.209,0.142,0.166,0.223,0.083,0.138,0.201,0.231,0.118,0.106,0.087,0.088,0.569,0.563,0.443,0.448,0.48,0.544,0.602,0.413,0.38,0.441,0.088,0.087,0.308,0.691,0.455,0.159,0.524,0.209,0.346,0.272,0.385,0.477,0.088,0.089,0.366,0.554,0.555,0.307,0.089,0.534,0.464,0.542,0.323,0.4,0.088,0.087,0.087,0.091,0.086,0.087,0.088,0.087,0.089,0.087,0.089,0.087,0.088
,2:25:00,45,0.087,0.088,0.088,0.088,0.089,0.087,0.088,0.087,0.087,0.087,0.088,0.087,0.087,0.195,0.138,0.158,0.129,0.215,0.262,0.181,0.177,0.126,0.245,0.087,0.086,0.204,0.162,0.169,0.136,0.203,0.153,0.168,0.197,0.121,0.106,0.087,0.087,0.211,0.143,0.167,0.228,0.083,0.139,0.203,0.232,0.119,0.106,0.087,0.088,0.589,0.587,0.468,0.477,0.506,0.567,0.624,0.44,0.405,0.469,0.088,0.087,0.329,0.707,0.483,0.164,0.549,0.22,0.372,0.282,0.408,0.501,0.088,0.089,0.387,0.58,0.582,0.328,0.088,0.561,0.486,0.568,0.34,0.43,0.088,0.087,0.087,0.092,0.087,0.087,0.088,0.087,0.089,0.087,0.089,0.087,0.088
,2:30:00,44.9,0.087,0.088,0.088,0.089,0.089,0.087,0.087,0.086,0.087,0.087,0.087,0.087,0.087,0.197,0.139,0.16,0.129,0.218,0.269,0.183,0.181,0.127,0.25,0.087,0.086,0.208,0.162,0.169,0.136,0.204,0.155,0.169,0.198,0.121,0.106,0.087,0.087,0.214,0.144,0.167,0.231,0.083,0.139,0.203,0.233,0.119,0.106,0.087,0.088,0.608,0.61,0.494,0.505,0.531,0.589,0.644,0.468,0.432,0.497,0.088,0.087,0.352,0.722,0.509,0.169,0.573,0.23,0.397,0.289,0.431,0.524,0.088,0.089,0.406,0.605,0.608,0.348,0.088,0.588,0.506,0.595,0.36,0.461,0.088,0.087,0.087,0.092,0.087,0.087,0.088,0.087,0.089,0.087,0.089,0.087,0.088
,2:35:00,45,0.087,0.088,0.088,0.088,0.089,0.087,0.087,0.086,0.087,0.087,0.087,0.087,0.087,0.199,0.139,0.161,0.13,0.22,0.277,0.185,0.184,0.127,0.257,0.087,0.086,0.212,0.162,0.17,0.137,0.204,0.156,0.171,0.2,0.12,0.106,0.087,0.087,0.215,0.144,0.168,0.236,0.083,0.139,0.205,0.234,0.119,0.106,0.087,0.088,0.627,0.632,0.519,0.531,0.554,0.611,0.664,0.495,0.46,0.523,0.087,0.087,0.375,0.737,0.534,0.175,0.596,0.242,0.424,0.297,0.453,0.547,0.087,0.089,0.428,0.628,0.632,0.371,0.088,0.613,0.525,0.619,0.38,0.489,0.088,0.086,0.087,0.092,0.086,0.087,0.088,0.087,0.089,0.087,0.088,0.087,0.088
,2:40:00,45,0.087,0.088,0.088,0.088,0.089,0.086,0.088,0.086,0.087,0.087,0.087,0.087,0.087,0.202,0.139,0.163,0.13,0.223,0.284,0.189,0.186,0.128,0.262,0.087,0.086,0.217,0.163,0.171,0.137,0.205,0.158,0.172,0.205,0.121,0.106,0.087,0.087,0.219,0.145,0.169,0.24,0.083,0.139,0.206,0.236,0.119,0.107,0.087,0.088,0.644,0.652,0.544,0.557,0.577,0.633,0.683,0.521,0.489,0.548,0.087,0.087,0.398,0.752,0.557,0.181,0.619,0.254,0.452,0.303,0.475,0.57,0.087,0.088,0.449,0.651,0.656,0.396,0.088,0.637,0.545,0.642,0.401,0.517,0.088,0.086,0.087,0.093,0.087,0.087,0.088,0.087,0.089,0.087,0.089,0.087,0.088
,2:45:00,45,0.087,0.088,0.088,0.088,0.089,0.087,0.088,0.087,0.087,0.087,0.087,0.087,0.087,0.205,0.14,0.166,0.131,0.226,0.293,0.193,0.19,0.129,0.265,0.087,0.086,0.221,0.164,0.173,0.139,0.206,0.159,0.175,0.209,0.121,0.106,0.088,0.087,0.221,0.146,0.17,0.246,0.085,0.14,0.208,0.238,0.119,0.107,0.088,0.089,0.661,0.673,0.569,0.581,0.6,0.654,0.702,0.547,0.517,0.573,0.087,0.087,0.424,0.767,0.579,0.188,0.641,0.268,0.482,0.31,0.495,0.591,0.088,0.089,0.471,0.672,0.679,0.422,0.088,0.661,0.562,0.665,0.424,0.542,0.088,0.087,0.087,0.095,0.087,0.087,0.088,0.087,0.089,0.087,0.089,0.087,0.088
,2:50:00,45,0.087,0.088,0.088,0.088,0.089,0.087,0.088,0.087,0.087,0.087,0.088,0.087,0.087,0.207,0.141,0.168,0.131,0.229,0.3,0.198,0.193,0.129,0.27,0.087,0.086,0.222,0.164,0.174,0.139,0.207,0.16,0.176,0.212,0.121,0.106,0.088,0.087,0.224,0.146,0.17,0.252,0.088,0.14,0.208,0.239,0.119,0.107,0.087,0.088,0.675,0.693,0.591,0.603,0.621,0.673,0.719,0.57,0.544,0.594,0.088,0.087,0.45,0.779,0.6,0.194,0.662,0.283,0.511,0.316,0.518,0.61,0.088,0.089,0.491,0.69,0.7,0.447,0.089,0.683,0.579,0.687,0.446,0.567,0.088,0.087,0.087,0.096,0.087,0.087,0.088,0.087,0.089,0.087,0.089,0.087,0.088
,2:55:00,44.9,0.087,0.088,0.088,0.088,0.089,0.087,0.088,0.086,0.087,0.087,0.087,0.087,0.087,0.21,0.141,0.17,0.132,0.233,0.307,0.202,0.197,0.131,0.277,0.087,0.086,0.226,0.164,0.174,0.14,0.208,0.162,0.178,0.215,0.125,0.106,0.087,0.087,0.227,0.147,0.171,0.258,0.088,0.141,0.21,0.24,0.12,0.107,0.087,0.088,0.69,0.711,0.613,0.625,0.642,0.692,0.736,0.591,0.57,0.617,0.088,0.087,0.475,0.79,0.62,0.2,0.681,0.297,0.539,0.322,0.537,0.63,0.087,0.089,0.512,0.707,0.721,0.473,0.088,0.705,0.596,0.709,0.469,0.592,0.088,0.087,0.087,0.097,0.087,0.087,0.088,0.087,0.089,0.087,0.089,0.087,0.088
,3:00:00,45,0.087,0.088,0.088,0.088,0.089,0.087,0.088,0.086,0.087,0.087,0.087,0.087,0.087,0.212,0.141,0.172,0.132,0.236,0.313,0.207,0.201,0.132,0.284,0.087,0.086,0.231,0.165,0.175,0.14,0.208,0.164,0.18,0.217,0.122,0.106,0.087,0.087,0.228,0.148,0.171,0.264,0.089,0.141,0.212,0.241,0.12,0.107,0.087,0.088,0.705,0.728,0.633,0.646,0.661,0.708,0.753,0.612,0.594,0.637,0.087,0.087,0.5,0.801,0.641,0.206,0.7,0.313,0.565,0.327,0.554,0.648,0.087,0.089,0.533,0.724,0.739,0.496,0.088,0.724,0.611,0.729,0.491,0.615,0.088,0.086,0.087,0.098,0.087,0.086,0.088,0.087,0.089,0.087,0.089,0.086,0.088
,3:05:00,45,0.087,0.088,0.088,0.088,0.089,0.087,0.088,0.086,0.087,0.087,0.088,0.087,0.087,0.216,0.142,0.175,0.133,0.24,0.319,0.212,0.206,0.133,0.292,0.087,0.086,0.236,0.166,0.177,0.141,0.209,0.166,0.181,0.219,0.121,0.107,0.087,0.087,0.231,0.149,0.172,0.271,0.091,0.141,0.213,0.243,0.12,0.108,0.087,0.088,0.718,0.744,0.653,0.668,0.68,0.726,0.768,0.633,0.618,0.657,0.088,0.087,0.525,0.814,0.662,0.213,0.72,0.332,0.59,0.334,0.571,0.666,0.088,0.089,0.549,0.74,0.757,0.519,0.088,0.742,0.626,0.747,0.514,0.637,0.088,0.087,0.087,0.1,0.087,0.087,0.088,0.087,0.089,0.087,0.089,0.087,0.088
,3:10:00,44.9,0.087,0.088,0.088,0.088,0.089,0.087,0.087,0.086,0.087,0.087,0.087,0.087,0.087,0.219,0.142,0.177,0.133,0.242,0.326,0.218,0.211,0.133,0.3,0.087,0.086,0.24,0.166,0.178,0.141,0.209,0.168,0.181,0.222,0.121,0.107,0.087,0.087,0.233,0.149,0.172,0.279,0.093,0.141,0.214,0.244,0.12,0.107,0.087,0.088,0.733,0.76,0.672,0.688,0.698,0.741,0.783,0.654,0.641,0.677,0.087,0.087,0.549,0.827,0.681,0.221,0.737,0.349,0.614,0.339,0.586,0.682,0.087,0.088,0.567,0.754,0.775,0.54,0.088,0.759,0.64,0.764,0.536,0.657,0.088,0.087,0.087,0.1,0.086,0.087,0.088,0.086,0.089,0.086,0.089,0.086,0.087
,3:15:00,44.9,0.087,0.088,0.088,0.088,0.089,0.087,0.087,0.086,0.087,0.087,0.087,0.087,0.087,0.222,0.142,0.18,0.133,0.244,0.333,0.224,0.216,0.134,0.31,0.087,0.086,0.245,0.167,0.179,0.142,0.21,0.17,0.183,0.224,0.122,0.107,0.087,0.086,0.237,0.15,0.173,0.286,0.093,0.142,0.216,0.245,0.12,0.108,0.087,0.09,0.745,0.774,0.691,0.707,0.715,0.756,0.796,0.674,0.662,0.696,0.087,0.087,0.572,0.838,0.699,0.229,0.753,0.369,0.635,0.344,0.603,0.699,0.088,0.089,0.582,0.77,0.793,0.561,0.088,0.776,0.652,0.781,0.556,0.676,0.088,0.087,0.087,0.102,0.086,0.087,0.088,0.087,0.089,0.087,0.089,0.087,0.087
,3:20:00,45,0.087,0.088,0.088,0.091,0.089,0.087,0.087,0.086,0.087,0.087,0.087,0.087,0.087,0.227,0.143,0.184,0.134,0.249,0.342,0.228,0.222,0.135,0.319,0.087,0.086,0.251,0.168,0.18,0.142,0.211,0.173,0.185,0.226,0.122,0.107,0.087,0.087,0.239,0.15,0.174,0.293,0.094,0.142,0.218,0.246,0.121,0.108,0.087,0.091,0.756,0.79,0.709,0.727,0.732,0.771,0.809,0.694,0.684,0.713,0.088,0.087,0.594,0.851,0.718,0.237,0.77,0.389,0.658,0.346,0.618,0.711,0.088,0.089,0.6,0.784,0.811,0.582,0.089,0.793,0.665,0.797,0.576,0.697,0.088,0.087,0.087,0.104,0.087,0.087,0.088,0.087,0.089,0.087,0.089,0.087,0.088
,3:25:00,45,0.087,0.088,0.088,0.088,0.089,0.087,0.088,0.086,0.087,0.087,0.087,0.087,0.087,0.23,0.144,0.186,0.135,0.253,0.349,0.231,0.228,0.137,0.324,0.087,0.086,0.256,0.168,0.181,0.143,0.211,0.175,0.187,0.228,0.122,0.107,0.087,0.087,0.241,0.151,0.174,0.3,0.096,0.142,0.219,0.248,0.121,0.108,0.087,0.089,0.764,0.804,0.726,0.745,0.747,0.785,0.822,0.713,0.705,0.729,0.087,0.087,0.615,0.859,0.734,0.245,0.785,0.409,0.679,0.349,0.631,0.725,0.087,0.089,0.613,0.798,0.827,0.602,0.088,0.809,0.678,0.813,0.597,0.713,0.088,0.087,0.087,0.106,0.087,0.087,0.088,0.087,0.089,0.087,0.089,0.087,0.088
,3:30:00,44.9,0.087,0.088,0.088,0.088,0.089,0.087,0.088,0.086,0.087,0.087,0.087,0.087,0.087,0.231,0.144,0.187,0.135,0.258,0.359,0.236,0.234,0.138,0.331,0.087,0.086,0.262,0.169,0.182,0.143,0.212,0.177,0.189,0.232,0.122,0.107,0.087,0.087,0.244,0.152,0.175,0.307,0.098,0.142,0.22,0.249,0.121,0.109,0.087,0.089,0.777,0.817,0.743,0.763,0.761,0.799,0.834,0.732,0.725,0.745,0.087,0.087,0.636,0.87,0.75,0.254,0.8,0.43,0.7,0.355,0.648,0.741,0.087,0.089,0.631,0.811,0.843,0.623,0.088,0.824,0.69,0.827,0.616,0.73,0.088,0.086,0.087,0.108,0.087,0.087,0.088,0.087,0.089,0.087,0.089,0.087,0.088
,3:35:00,45,0.087,0.088,0.088,0.088,0.089,0.087,0.088,0.087,0.087,0.087,0.088,0.087,0.087,0.234,0.144,0.19,0.135,0.264,0.369,0.242,0.24,0.139,0.338,0.087,0.086,0.268,0.17,0.183,0.144,0.214,0.18,0.191,0.233,0.123,0.107,0.087,0.087,0.247,0.152,0.175,0.315,0.098,0.143,0.221,0.25,0.121,0.109,0.087,0.091,0.788,0.829,0.758,0.78,0.776,0.812,0.845,0.75,0.743,0.761,0.087,0.088,0.656,0.88,0.766,0.263,0.815,0.45,0.72,0.362,0.661,0.754,0.088,0.089,0.649,0.824,0.857,0.642,0.089,0.837,0.708,0.841,0.635,0.746,0.088,0.087,0.087,0.11,0.087,0.087,0.088,0.086,0.09,0.087,0.089,0.087,0.088
,3:40:00,45,0.087,0.088,0.088,0.09,0.089,0.087,0.087,0.086,0.086,0.087,0.087,0.087,0.087,0.237,0.144,0.192,0.136,0.269,0.371,0.248,0.244,0.14,0.347,0.087,0.086,0.273,0.171,0.184,0.144,0.214,0.182,0.193,0.235,0.122,0.107,0.087,0.086,0.25,0.152,0.176,0.323,0.099,0.143,0.223,0.251,0.121,0.109,0.087,0.09,0.8,0.842,0.773,0.797,0.79,0.824,0.856,0.767,0.761,0.776,0.087,0.087,0.675,0.891,0.781,0.273,0.828,0.471,0.739,0.367,0.673,0.765,0.087,0.089,0.664,0.837,0.871,0.661,0.089,0.851,0.723,0.854,0.654,0.762,0.088,0.086,0.087,0.112,0.087,0.087,0.088,0.087,0.089,0.087,0.089,0.087,0.088
,3:45:00,45,0.087,0.088,0.088,0.088,0.089,0.087,0.088,0.086,0.086,0.087,0.087,0.087,0.087,0.242,0.145,0.195,0.136,0.275,0.375,0.255,0.247,0.14,0.358,0.086,0.086,0.279,0.171,0.185,0.145,0.215,0.185,0.196,0.237,0.122,0.107,0.087,0.087,0.254,0.153,0.176,0.328,0.1,0.144,0.225,0.253,0.121,0.109,0.087,0.09,0.811,0.853,0.788,0.81,0.805,0.836,0.865,0.784,0.778,0.789,0.087,0.087,0.694,0.903,0.795,0.284,0.841,0.493,0.757,0.371,0.685,0.778,0.087,0.089,0.681,0.849,0.883,0.679,0.088,0.863,0.735,0.867,0.672,0.777,0.087,0.086,0.087,0.115,0.087,0.087,0.087,0.087,0.089,0.087,0.089,0.087,0.088
,3:50:00,44.9,0.086,0.088,0.088,0.088,0.089,0.086,0.087,0.086,0.087,0.086,0.087,0.087,0.087,0.246,0.145,0.197,0.136,0.281,0.375,0.262,0.251,0.141,0.368,0.087,0.086,0.284,0.172,0.186,0.145,0.215,0.187,0.198,0.238,0.122,0.107,0.087,0.087,0.255,0.154,0.177,0.333,0.1,0.144,0.226,0.254,0.121,0.109,0.087,0.09,0.821,0.864,0.802,0.824,0.819,0.846,0.874,0.8,0.795,0.803,0.087,0.087,0.711,0.912,0.81,0.294,0.853,0.514,0.775,0.373,0.697,0.788,0.087,0.088,0.693,0.859,0.895,0.697,0.088,0.876,0.746,0.878,0.688,0.791,0.088,0.086,0.087,0.118,0.086,0.087,0.087,0.087,0.089,0.086,0.089,0.086,0.088
,3:55:00,45,0.086,0.088,0.088,0.088,0.089,0.086,0.087,0.086,0.087,0.086,0.087,0.086,0.087,0.25,0.146,0.201,0.137,0.288,0.38,0.269,0.255,0.142,0.379,0.087,0.086,0.291,0.173,0.188,0.146,0.216,0.19,0.2,0.241,0.123,0.108,0.087,0.087,0.259,0.154,0.177,0.338,0.102,0.144,0.228,0.255,0.121,0.109,0.087,0.088,0.831,0.874,0.815,0.837,0.832,0.857,0.881,0.815,0.81,0.817,0.087,0.087,0.729,0.921,0.822,0.305,0.864,0.536,0.791,0.378,0.708,0.797,0.087,0.088,0.71,0.87,0.904,0.713,0.088,0.887,0.754,0.89,0.705,0.806,0.088,0.086,0.087,0.121,0.087,0.087,0.088,0.086,0.089,0.087,0.089,0.087,0.088
,4:00:00,45,0.087,0.088,0.088,0.088,0.089,0.087,0.087,0.086,0.087,0.087,0.087,0.087,0.087,0.255,0.146,0.205,0.137,0.294,0.382,0.276,0.262,0.144,0.39,0.087,0.086,0.298,0.174,0.189,0.146,0.217,0.193,0.203,0.243,0.123,0.107,0.087,0.087,0.262,0.155,0.178,0.345,0.103,0.144,0.229,0.256,0.122,0.109,0.087,0.091,0.839,0.882,0.828,0.849,0.845,0.864,0.888,0.829,0.825,0.829,0.088,0.087,0.747,0.929,0.835,0.317,0.875,0.557,0.805,0.383,0.719,0.808,0.088,0.089,0.726,0.88,0.912,0.73,0.088,0.896,0.764,0.902,0.72,0.819,0.088,0.086,0.087,0.126,0.087,0.087,0.088,0.087,0.089,0.087,0.089,0.087,0.088
,4:05:00,45,0.087,0.088,0.088,0.088,0.089,0.087,0.088,0.086,0.087,0.087,0.087,0.087,0.087,0.26,0.146,0.209,0.138,0.297,0.387,0.281,0.268,0.145,0.401,0.087,0.086,0.304,0.175,0.19,0.146,0.217,0.196,0.205,0.243,0.124,0.108,0.087,0.087,0.264,0.156,0.178,0.351,0.106,0.145,0.229,0.257,0.122,0.109,0.087,0.089,0.846,0.889,0.839,0.86,0.857,0.872,0.893,0.841,0.838,0.841,0.087,0.087,0.762,0.935,0.847,0.329,0.882,0.578,0.82,0.38,0.728,0.815,0.087,0.089,0.74,0.888,0.92,0.746,0.088,0.903,0.77,0.911,0.735,0.833,0.088,0.087,0.087,0.13,0.087,0.087,0.088,0.087,0.089,0.087,0.089,0.087,0.088
,4:10:00,45,0.087,0.088,0.088,0.089,0.089,0.087,0.088,0.086,0.087,0.087,0.087,0.087,0.087,0.265,0.147,0.213,0.138,0.302,0.387,0.287,0.275,0.147,0.412,0.087,0.086,0.311,0.176,0.192,0.147,0.218,0.199,0.207,0.246,0.127,0.108,0.087,0.089,0.267,0.157,0.179,0.359,0.111,0.145,0.231,0.259,0.123,0.11,0.087,0.09,0.851,0.894,0.851,0.87,0.866,0.878,0.898,0.854,0.85,0.852,0.088,0.087,0.776,0.943,0.859,0.343,0.89,0.6,0.833,0.38,0.737,0.824,0.088,0.089,0.752,0.896,0.926,0.761,0.089,0.91,0.773,0.922,0.748,0.845,0.088,0.087,0.088,0.135,0.087,0.087,0.088,0.087,0.09,0.087,0.089,0.087,0.088
,4:15:00,44.9,0.087,0.088,0.088,0.088,0.089,0.087,0.088,0.086,0.087,0.087,0.088,0.087,0.087,0.269,0.147,0.217,0.139,0.306,0.391,0.292,0.281,0.148,0.42,0.087,0.086,0.316,0.177,0.193,0.148,0.219,0.202,0.21,0.249,0.123,0.108,0.087,0.087,0.271,0.157,0.179,0.367,0.113,0.146,0.233,0.26,0.123,0.11,0.087,0.089,0.854,0.899,0.861,0.881,0.876,0.886,0.903,0.865,0.861,0.862,0.088,0.088,0.788,0.946,0.868,0.356,0.896,0.619,0.844,0.382,0.743,0.83,0.088,0.089,0.765,0.903,0.931,0.777,0.088,0.915,0.774,0.931,0.761,0.854,0.088,0.087,0.087,0.141,0.087,0.087,0.088,0.087,0.089,0.087,0.089,0.086,0.088
,4:20:00,45,0.087,0.088,0.088,0.088,0.089,0.086,0.087,0.086,0.087,0.087,0.088,0.087,0.087,0.271,0.148,0.222,0.139,0.311,0.394,0.295,0.287,0.15,0.428,0.087,0.086,0.319,0.177,0.194,0.148,0.22,0.205,0.211,0.248,0.127,0.108,0.087,0.087,0.272,0.157,0.18,0.375,0.113,0.145,0.234,0.261,0.123,0.11,0.087,0.089,0.857,0.902,0.871,0.889,0.885,0.891,0.906,0.875,0.87,0.872,0.087,0.087,0.8,0.952,0.876,0.369,0.901,0.638,0.854,0.379,0.747,0.833,0.088,0.089,0.778,0.909,0.935,0.791,0.088,0.919,0.774,0.939,0.773,0.864,0.088,0.087,0.087,0.147,0.087,0.087,0.088,0.087,0.089,0.087,0.089,0.087,0.088
,4:25:00,45,0.087,0.088,0.088,0.088,0.09,0.087,0.088,0.087,0.087,0.087,0.088,0.087,0.087,0.275,0.148,0.227,0.139,0.318,0.395,0.298,0.294,0.152,0.434,0.087,0.087,0.323,0.178,0.195,0.149,0.221,0.209,0.214,0.25,0.124,0.109,0.087,0.087,0.277,0.158,0.18,0.383,0.113,0.146,0.236,0.263,0.123,0.11,0.088,0.091,0.862,0.906,0.881,0.896,0.893,0.895,0.91,0.885,0.881,0.88,0.088,0.088,0.814,0.957,0.884,0.384,0.907,0.658,0.864,0.381,0.752,0.839,0.088,0.089,0.791,0.915,0.939,0.806,0.089,0.923,0.776,0.947,0.784,0.872,0.088,0.087,0.087,0.155,0.087,0.087,0.088,0.087,0.09,0.087,0.089,0.087,0.088
,4:30:00,45,0.087,0.088,0.088,0.088,0.089,0.087,0.088,0.086,0.087,0.087,0.087,0.087,0.087,0.278,0.148,0.231,0.14,0.323,0.398,0.298,0.298,0.154,0.438,0.087,0.086,0.329,0.179,0.196,0.149,0.221,0.212,0.217,0.252,0.124,0.108,0.087,0.087,0.279,0.159,0.181,0.389,0.113,0.146,0.238,0.264,0.123,0.11,0.087,0.089,0.862,0.908,0.889,0.902,0.899,0.896,0.913,0.892,0.89,0.888,0.087,0.087,0.823,0.959,0.891,0.397,0.91,0.677,0.872,0.383,0.753,0.843,0.087,0.088,0.803,0.92,0.941,0.818,0.088,0.925,0.77,0.952,0.794,0.878,0.088,0.086,0.087,0.164,0.087,0.087,0.088,0.087,0.089,0.087,0.089,0.087,0.088
,4:35:00,45,0.087,0.088,0.088,0.088,0.089,0.087,0.087,0.086,0.086,0.087,0.087,0.087,0.087,0.282,0.148,0.234,0.14,0.33,0.399,0.3,0.3,0.155,0.441,0.087,0.086,0.336,0.18,0.198,0.149,0.222,0.216,0.219,0.254,0.123,0.108,0.087,0.087,0.281,0.159,0.181,0.396,0.113,0.146,0.24,0.265,0.123,0.11,0.087,0.089,0.861,0.911,0.896,0.906,0.905,0.898,0.915,0.898,0.899,0.894,0.087,0.087,0.832,0.961,0.898,0.412,0.913,0.695,0.879,0.386,0.749,0.844,0.087,0.089,0.814,0.924,0.943,0.831,0.088,0.927,0.767,0.956,0.804,0.882,0.088,0.087,0.087,0.171,0.087,0.087,0.088,0.087,0.089,0.087,0.089,0.087,0.088
,4:40:00,45,0.086,0.088,0.088,0.088,0.089,0.087,0.087,0.086,0.086,0.086,0.087,0.087,0.087,0.286,0.149,0.236,0.14,0.337,0.402,0.3,0.302,0.157,0.444,0.087,0.086,0.341,0.18,0.198,0.15,0.223,0.219,0.222,0.255,0.126,0.108,0.087,0.086,0.283,0.16,0.182,0.399,0.116,0.146,0.243,0.266,0.123,0.11,0.087,0.088,0.86,0.911,0.902,0.91,0.91,0.899,0.918,0.903,0.905,0.9,0.087,0.087,0.84,0.962,0.904,0.426,0.916,0.712,0.886,0.383,0.744,0.846,0.087,0.088,0.824,0.928,0.944,0.844,0.088,0.927,0.753,0.96,0.814,0.884,0.088,0.086,0.087,0.177,0.086,0.086,0.088,0.086,0.089,0.086,0.088,0.087,0.088
,4:45:00,45,0.087,0.088,0.088,0.088,0.089,0.087,0.088,0.086,0.087,0.087,0.087,0.087,0.087,0.292,0.149,0.24,0.141,0.343,0.404,0.302,0.304,0.159,0.447,0.087,0.086,0.348,0.182,0.199,0.15,0.223,0.223,0.225,0.256,0.126,0.108,0.087,0.087,0.286,0.16,0.182,0.402,0.116,0.147,0.245,0.267,0.124,0.111,0.087,0.088,0.859,0.912,0.908,0.913,0.915,0.9,0.919,0.907,0.912,0.905,0.088,0.087,0.848,0.964,0.909,0.441,0.919,0.729,0.892,0.386,0.736,0.848,0.087,0.088,0.831,0.932,0.945,0.857,0.088,0.927,0.744,0.965,0.823,0.887,0.088,0.087,0.087,0.187,0.087,0.086,0.088,0.087,0.089,0.087,0.089,0.087,0.088
,4:50:00,45,0.087,0.088,0.088,0.088,0.089,0.087,0.088,0.086,0.087,0.087,0.087,0.087,0.087,0.298,0.15,0.245,0.141,0.348,0.408,0.303,0.306,0.162,0.449,0.087,0.086,0.353,0.183,0.201,0.15,0.224,0.227,0.227,0.258,0.127,0.108,0.087,0.087,0.29,0.161,0.183,0.405,0.117,0.147,0.248,0.269,0.124,0.11,0.087,0.088,0.858,0.915,0.914,0.916,0.92,0.9,0.921,0.912,0.918,0.909,0.087,0.087,0.855,0.964,0.913,0.456,0.921,0.746,0.897,0.387,0.727,0.85,0.088,0.088,0.843,0.936,0.946,0.869,0.088,0.927,0.734,0.968,0.831,0.889,0.088,0.086,0.087,0.2,0.087,0.087,0.088,0.087,0.089,0.087,0.089,0.087,0.088
,4:55:00,44.9,0.087,0.088,0.088,0.088,0.089,0.087,0.087,0.086,0.086,0.087,0.087,0.087,0.087,0.303,0.15,0.249,0.141,0.353,0.403,0.304,0.307,0.164,0.452,0.087,0.086,0.359,0.184,0.202,0.151,0.225,0.23,0.229,0.259,0.128,0.108,0.087,0.087,0.293,0.162,0.183,0.408,0.117,0.147,0.249,0.271,0.124,0.111,0.087,0.088,0.854,0.915,0.918,0.918,0.922,0.901,0.923,0.916,0.922,0.914,0.088,0.087,0.86,0.964,0.917,0.471,0.922,0.763,0.901,0.386,0.715,0.848,0.088,0.088,0.848,0.938,0.946,0.879,0.088,0.927,0.722,0.97,0.839,0.89,0.088,0.086,0.087,0.215,0.087,0.087,0.087,0.087,0.089,0.086,0.089,0.087,0.088
,5:00:00,45,0.087,0.088,0.088,0.093,0.089,0.087,0.088,0.086,0.087,0.087,0.088,0.087,0.087,0.308,0.151,0.254,0.142,0.357,0.406,0.306,0.309,0.165,0.454,0.087,0.086,0.364,0.184,0.203,0.151,0.226,0.234,0.231,0.259,0.128,0.108,0.087,0.087,0.295,0.162,0.184,0.41,0.118,0.147,0.252,0.272,0.125,0.111,0.087,0.088,0.854,0.915,0.921,0.919,0.925,0.901,0.923,0.919,0.924,0.918,0.087,0.087,0.865,0.965,0.919,0.485,0.922,0.78,0.904,0.382,0.704,0.848,0.088,0.088,0.857,0.939,0.947,0.891,0.088,0.926,0.709,0.972,0.846,0.889,0.088,0.087,0.087,0.231,0.087,0.087,0.088,0.087,0.089,0.087,0.089,0.087,0.088
,5:05:00,45,0.087,0.088,0.088,0.088,0.089,0.087,0.087,0.086,0.086,0.086,0.087,0.087,0.087,0.313,0.151,0.256,0.142,0.359,0.408,0.306,0.31,0.166,0.456,0.087,0.086,0.368,0.185,0.205,0.152,0.226,0.238,0.234,0.26,0.128,0.108,0.087,0.087,0.298,0.163,0.184,0.412,0.116,0.148,0.254,0.273,0.124,0.111,0.087,0.088,0.85,0.914,0.924,0.919,0.927,0.901,0.923,0.921,0.927,0.921,0.087,0.087,0.868,0.963,0.921,0.5,0.923,0.794,0.906,0.391,0.692,0.847,0.088,0.088,0.862,0.94,0.947,0.9,0.088,0.925,0.691,0.972,0.852,0.888,0.087,0.086,0.087,0.249,0.087,0.087,0.088,0.087,0.089,0.086,0.089,0.087,0.088
,5:10:00,45,0.087,0.088,0.088,0.088,0.089,0.086,0.087,0.086,0.086,0.087,0.087,0.087,0.087,0.316,0.151,0.259,0.142,0.362,0.409,0.307,0.311,0.167,0.459,0.087,0.086,0.371,0.186,0.206,0.151,0.227,0.241,0.237,0.262,0.127,0.108,0.087,0.087,0.3,0.164,0.184,0.415,0.119,0.148,0.257,0.274,0.124,0.111,0.087,0.088,0.849,0.914,0.926,0.919,0.929,0.901,0.924,0.923,0.931,0.924,0.087,0.087,0.87,0.963,0.923,0.514,0.923,0.808,0.908,0.385,0.684,0.845,0.087,0.088,0.87,0.94,0.948,0.908,0.088,0.924,0.68,0.973,0.858,0.888,0.088,0.086,0.087,0.267,0.086,0.086,0.088,0.087,0.089,0.086,0.089,0.087,0.087
,5:15:00,44.9,0.087,0.088,0.088,0.088,0.089,0.087,0.087,0.086,0.087,0.087,0.087,0.087,0.087,0.321,0.151,0.261,0.143,0.364,0.41,0.308,0.313,0.17,0.461,0.087,0.086,0.374,0.186,0.208,0.152,0.228,0.244,0.24,0.261,0.127,0.108,0.087,0.088,0.302,0.164,0.185,0.417,0.12,0.148,0.259,0.276,0.125,0.111,0.087,0.088,0.846,0.912,0.929,0.919,0.929,0.902,0.924,0.925,0.932,0.926,0.087,0.087,0.873,0.964,0.925,0.528,0.924,0.822,0.91,0.382,0.673,0.844,0.087,0.088,0.878,0.94,0.946,0.917,0.088,0.922,0.666,0.973,0.862,0.886,0.088,0.087,0.087,0.293,0.087,0.087,0.088,0.087,0.089,0.086,0.089,0.087,0.088
,5:20:00,45,0.086,0.088,0.088,0.088,0.088,0.086,0.087,0.086,0.086,0.086,0.087,0.087,0.087,0.323,0.151,0.263,0.143,0.366,0.412,0.308,0.314,0.172,0.463,0.087,0.086,0.375,0.187,0.209,0.152,0.228,0.246,0.242,0.264,0.127,0.108,0.087,0.089,0.307,0.164,0.185,0.419,0.12,0.148,0.262,0.277,0.125,0.111,0.087,0.088,0.843,0.912,0.93,0.919,0.93,0.901,0.925,0.926,0.934,0.928,0.087,0.087,0.875,0.963,0.925,0.542,0.924,0.834,0.911,0.387,0.667,0.844,0.087,0.088,0.877,0.94,0.947,0.924,0.088,0.921,0.653,0.973,0.865,0.884,0.087,0.086,0.087,0.315,0.086,0.086,0.087,0.086,0.089,0.086,0.088,0.087,0.087
,5:25:00,45,0.087,0.088,0.088,0.088,0.089,0.087,0.087,0.086,0.087,0.087,0.087,0.087,0.087,0.326,0.152,0.265,0.144,0.369,0.414,0.31,0.315,0.176,0.465,0.087,0.086,0.378,0.188,0.212,0.153,0.23,0.25,0.246,0.264,0.128,0.109,0.087,0.087,0.31,0.166,0.186,0.422,0.12,0.149,0.265,0.279,0.125,0.111,0.087,0.088,0.841,0.912,0.932,0.92,0.932,0.9,0.926,0.927,0.937,0.93,0.088,0.087,0.876,0.964,0.927,0.557,0.924,0.847,0.912,0.387,0.659,0.842,0.088,0.088,0.888,0.94,0.945,0.932,0.088,0.92,0.643,0.974,0.869,0.884,0.088,0.086,0.087,0.332,0.087,0.087,0.088,0.087,0.089,0.086,0.089,0.087,0.088
,5:30:00,44.9,0.087,0.088,0.088,0.088,0.089,0.087,0.088,0.086,0.086,0.087,0.087,0.087,0.087,0.328,0.152,0.267,0.145,0.37,0.415,0.311,0.317,0.177,0.467,0.087,0.086,0.38,0.189,0.214,0.152,0.23,0.254,0.249,0.264,0.128,0.109,0.087,0.087,0.312,0.167,0.187,0.424,0.12,0.149,0.268,0.281,0.125,0.112,0.087,0.089,0.838,0.911,0.933,0.919,0.932,0.9,0.925,0.928,0.939,0.932,0.087,0.087,0.877,0.964,0.927,0.571,0.925,0.858,0.913,0.384,0.653,0.836,0.088,0.088,0.889,0.939,0.943,0.938,0.088,0.918,0.634,0.974,0.871,0.882,0.088,0.086,0.087,0.349,0.087,0.087,0.088,0.087,0.089,0.087,0.089,0.087,0.088
,5:35:00,45,0.087,0.088,0.088,0.088,0.089,0.087,0.088,0.086,0.087,0.087,0.088,0.087,0.087,0.33,0.153,0.27,0.145,0.374,0.417,0.312,0.318,0.18,0.47,0.087,0.086,0.382,0.191,0.216,0.153,0.231,0.258,0.252,0.266,0.129,0.109,0.087,0.088,0.317,0.167,0.187,0.426,0.12,0.15,0.271,0.282,0.126,0.112,0.087,0.089,0.836,0.911,0.934,0.919,0.933,0.898,0.925,0.93,0.94,0.933,0.087,0.087,0.877,0.964,0.927,0.584,0.925,0.87,0.914,0.386,0.643,0.835,0.088,0.088,0.901,0.94,0.942,0.945,0.089,0.916,0.624,0.973,0.873,0.879,0.088,0.087,0.088,0.364,0.087,0.087,0.088,0.087,0.089,0.087,0.089,0.087,0.088
,5:40:00,45,0.087,0.088,0.088,0.088,0.089,0.087,0.087,0.086,0.086,0.087,0.087,0.087,0.087,0.332,0.153,0.271,0.145,0.375,0.418,0.313,0.319,0.183,0.471,0.087,0.086,0.384,0.19,0.217,0.153,0.232,0.262,0.255,0.268,0.129,0.108,0.087,0.088,0.321,0.168,0.187,0.428,0.121,0.15,0.273,0.284,0.126,0.112,0.087,0.089,0.833,0.91,0.932,0.917,0.932,0.896,0.924,0.93,0.941,0.934,0.087,0.087,0.877,0.963,0.929,0.596,0.925,0.879,0.915,0.387,0.637,0.833,0.087,0.088,0.899,0.939,0.939,0.949,0.088,0.914,0.611,0.972,0.874,0.877,0.088,0.086,0.087,0.382,0.087,0.087,0.088,0.086,0.089,0.086,0.089,0.087,0.088
,5:45:00,45,0.087,0.088,0.088,0.088,0.089,0.087,0.087,0.086,0.086,0.087,0.087,0.087,0.087,0.333,0.153,0.274,0.145,0.377,0.419,0.313,0.32,0.185,0.473,0.087,0.086,0.386,0.192,0.219,0.154,0.233,0.265,0.258,0.265,0.129,0.108,0.087,0.09,0.321,0.169,0.188,0.43,0.121,0.15,0.276,0.285,0.126,0.112,0.087,0.09,0.831,0.91,0.934,0.917,0.931,0.896,0.925,0.932,0.944,0.935,0.087,0.087,0.877,0.963,0.928,0.61,0.925,0.888,0.916,0.38,0.629,0.826,0.088,0.088,0.892,0.937,0.938,0.952,0.088,0.911,0.602,0.971,0.876,0.874,0.088,0.086,0.087,0.404,0.087,0.087,0.088,0.087,0.089,0.086,0.089,0.087,0.088
,5:50:00,45,0.086,0.088,0.088,0.088,0.089,0.087,0.087,0.086,0.086,0.086,0.087,0.087,0.087,0.335,0.153,0.276,0.146,0.379,0.42,0.315,0.321,0.187,0.475,0.087,0.086,0.388,0.192,0.221,0.153,0.234,0.269,0.261,0.269,0.128,0.108,0.087,0.087,0.325,0.169,0.188,0.432,0.124,0.15,0.279,0.286,0.126,0.112,0.087,0.09,0.828,0.909,0.934,0.917,0.93,0.894,0.923,0.932,0.945,0.936,0.087,0.087,0.876,0.963,0.928,0.623,0.924,0.896,0.915,0.382,0.622,0.826,0.087,0.087,0.9,0.937,0.936,0.955,0.088,0.908,0.598,0.971,0.877,0.873,0.088,0.086,0.087,0.427,0.086,0.087,0.087,0.087,0.089,0.086,0.089,0.086,0.088
,5:55:00,45,0.087,0.088,0.088,0.088,0.089,0.087,0.087,0.086,0.086,0.087,0.087,0.087,0.087,0.337,0.154,0.277,0.146,0.381,0.422,0.315,0.322,0.19,0.477,0.087,0.086,0.389,0.193,0.223,0.154,0.235,0.272,0.264,0.269,0.129,0.109,0.087,0.087,0.329,0.17,0.189,0.434,0.124,0.151,0.282,0.288,0.126,0.112,0.087,0.089,0.826,0.908,0.933,0.917,0.929,0.893,0.922,0.933,0.945,0.936,0.087,0.087,0.874,0.964,0.928,0.636,0.923,0.904,0.917,0.381,0.607,0.822,0.088,0.088,0.899,0.936,0.934,0.959,0.089,0.905,0.588,0.968,0.878,0.871,0.088,0.086,0.087,0.452,0.087,0.087,0.088,0.087,0.089,0.087,0.089,0.087,0.088
,6:00:00,45,0.087,0.088,0.088,0.088,0.089,0.086,0.087,0.086,0.086,0.087,0.087,0.087,0.087,0.338,0.154,0.28,0.147,0.383,0.423,0.316,0.323,0.193,0.479,0.087,0.086,0.391,0.194,0.225,0.154,0.236,0.277,0.267,0.268,0.129,0.108,0.087,0.087,0.331,0.171,0.189,0.436,0.125,0.151,0.283,0.29,0.127,0.112,0.087,0.088,0.824,0.906,0.934,0.915,0.928,0.895,0.921,0.933,0.945,0.938,0.087,0.087,0.873,0.964,0.928,0.648,0.923,0.91,0.917,0.38,0.597,0.818,0.088,0.088,0.895,0.935,0.932,0.961,0.088,0.902,0.577,0.967,0.878,0.87,0.088,0.087,0.087,0.477,0.087,0.087,0.088,0.087,0.089,0.087,0.089,0.087,0.088
,6:05:00,45,0.086,0.088,0.088,0.088,0.089,0.087,0.087,0.086,0.086,0.087,0.087,0.087,0.087,0.339,0.154,0.282,0.147,0.385,0.424,0.317,0.324,0.194,0.481,0.087,0.086,0.393,0.193,0.227,0.154,0.237,0.279,0.27,0.272,0.129,0.109,0.087,0.087,0.338,0.172,0.19,0.438,0.127,0.151,0.286,0.292,0.127,0.112,0.087,0.088,0.822,0.906,0.932,0.913,0.926,0.894,0.92,0.932,0.944,0.937,0.088,0.087,0.871,0.966,0.926,0.66,0.921,0.916,0.916,0.381,0.581,0.817,0.087,0.088,0.901,0.934,0.931,0.962,0.088,0.9,0.568,0.965,0.877,0.868,0.088,0.086,0.087,0.504,0.086,0.087,0.087,0.087,0.089,0.086,0.089,0.087,0.088
,6:10:00,44.9,0.086,0.088,0.088,0.088,0.089,0.087,0.087,0.086,0.086,0.087,0.087,0.087,0.087,0.341,0.155,0.284,0.148,0.387,0.426,0.318,0.325,0.195,0.483,0.087,0.086,0.394,0.195,0.23,0.154,0.238,0.282,0.273,0.27,0.128,0.11,0.087,0.087,0.336,0.173,0.19,0.44,0.128,0.152,0.288,0.293,0.127,0.112,0.087,0.088,0.819,0.903,0.931,0.912,0.924,0.892,0.919,0.934,0.943,0.937,0.088,0.087,0.87,0.966,0.926,0.671,0.921,0.921,0.916,0.376,0.57,0.81,0.087,0.088,0.9,0.933,0.93,0.963,0.088,0.897,0.56,0.963,0.877,0.866,0.088,0.086,0.087,0.532,0.086,0.086,0.088,0.086,0.089,0.086,0.089,0.086,0.088
,6:15:00,45,0.086,0.088,0.088,0.088,0.089,0.087,0.087,0.086,0.087,0.087,0.087,0.087,0.087,0.343,0.155,0.286,0.148,0.389,0.427,0.319,0.326,0.197,0.485,0.087,0.086,0.397,0.195,0.233,0.155,0.238,0.285,0.275,0.272,0.128,0.11,0.087,0.087,0.341,0.173,0.191,0.441,0.127,0.152,0.291,0.295,0.127,0.113,0.087,0.088,0.818,0.903,0.93,0.909,0.923,0.891,0.918,0.933,0.941,0.936,0.087,0.087,0.868,0.964,0.925,0.682,0.919,0.925,0.914,0.376,0.556,0.808,0.087,0.088,0.9,0.931,0.929,0.964,0.088,0.894,0.552,0.962,0.878,0.865,0.088,0.086,0.087,0.554,0.087,0.086,0.087,0.087,0.089,0.086,0.089,0.087,0.088
,6:20:00,45,0.087,0.088,0.088,0.088,0.089,0.087,0.088,0.086,0.086,0.087,0.087,0.087,0.087,0.344,0.156,0.289,0.149,0.391,0.428,0.32,0.328,0.198,0.488,0.087,0.086,0.399,0.195,0.236,0.155,0.24,0.288,0.278,0.273,0.129,0.109,0.087,0.088,0.342,0.174,0.191,0.444,0.129,0.153,0.295,0.298,0.127,0.113,0.087,0.09,0.815,0.901,0.928,0.908,0.922,0.889,0.916,0.933,0.939,0.935,0.088,0.088,0.867,0.964,0.924,0.694,0.918,0.93,0.913,0.375,0.544,0.801,0.087,0.088,0.899,0.931,0.928,0.965,0.088,0.893,0.544,0.96,0.877,0.863,0.088,0.086,0.087,0.573,0.087,0.087,0.088,0.087,0.09,0.087,0.089,0.087,0.088
,6:25:00,45,0.087,0.088,0.088,0.088,0.089,0.087,0.088,0.086,0.086,0.086,0.087,0.087,0.087,0.345,0.156,0.29,0.149,0.393,0.429,0.321,0.328,0.199,0.489,0.087,0.086,0.4,0.196,0.238,0.155,0.241,0.29,0.281,0.273,0.128,0.109,0.087,0.087,0.346,0.175,0.192,0.445,0.129,0.152,0.298,0.299,0.128,0.113,0.087,0.089,0.813,0.901,0.928,0.905,0.919,0.887,0.913,0.932,0.937,0.934,0.087,0.087,0.865,0.963,0.924,0.703,0.917,0.933,0.912,0.371,0.53,0.795,0.088,0.088,0.899,0.929,0.926,0.964,0.088,0.89,0.537,0.96,0.876,0.862,0.088,0.086,0.087,0.59,0.086,0.087,0.088,0.087,0.089,0.086,0.089,0.087,0.088
,6:30:00,45,0.087,0.088,0.088,0.088,0.089,0.087,0.087,0.086,0.086,0.087,0.087,0.087,0.087,0.347,0.156,0.293,0.15,0.394,0.43,0.322,0.329,0.201,0.491,0.087,0.086,0.402,0.197,0.241,0.155,0.242,0.292,0.283,0.273,0.129,0.11,0.087,0.091,0.35,0.176,0.192,0.447,0.132,0.153,0.301,0.301,0.128,0.113,0.087,0.088,0.812,0.899,0.926,0.903,0.918,0.884,0.911,0.931,0.935,0.932,0.087,0.087,0.863,0.963,0.923,0.713,0.916,0.938,0.91,0.368,0.519,0.791,0.088,0.088,0.9,0.927,0.925,0.964,0.088,0.888,0.528,0.958,0.874,0.861,0.088,0.086,0.087,0.605,0.086,0.087,0.088,0.087,0.089,0.087,0.089,0.087,0.088
,6:35:00,45,0.087,0.088,0.088,0.088,0.089,0.087,0.087,0.086,0.086,0.087,0.087,0.087,0.087,0.348,0.156,0.295,0.15,0.396,0.432,0.323,0.33,0.201,0.492,0.087,0.086,0.404,0.196,0.243,0.155,0.243,0.293,0.284,0.272,0.129,0.109,0.087,0.087,0.352,0.177,0.192,0.448,0.132,0.153,0.303,0.302,0.128,0.113,0.087,0.088,0.81,0.898,0.925,0.9,0.916,0.88,0.908,0.93,0.931,0.93,0.087,0.087,0.86,0.962,0.921,0.723,0.914,0.941,0.907,0.366,0.505,0.787,0.087,0.088,0.895,0.927,0.922,0.964,0.088,0.885,0.519,0.957,0.87,0.859,0.088,0.086,0.087,0.619,0.087,0.087,0.087,0.087,0.089,0.087,0.089,0.087,0.088
,6:40:00,44.9,0.086,0.088,0.088,0.088,0.089,0.087,0.087,0.086,0.086,0.087,0.087,0.087,0.087,0.349,0.157,0.296,0.151,0.398,0.432,0.324,0.331,0.203,0.495,0.087,0.086,0.405,0.197,0.244,0.155,0.244,0.295,0.286,0.276,0.129,0.109,0.087,0.087,0.359,0.178,0.193,0.45,0.132,0.153,0.307,0.304,0.128,0.113,0.087,0.089,0.809,0.897,0.924,0.897,0.914,0.878,0.905,0.929,0.928,0.928,0.087,0.087,0.858,0.961,0.919,0.73,0.911,0.944,0.904,0.365,0.494,0.782,0.087,0.088,0.9,0.925,0.921,0.963,0.088,0.883,0.513,0.955,0.869,0.857,0.088,0.086,0.087,0.633,0.086,0.087,0.088,0.087,0.089,0.086,0.089,0.086,0.088
,6:45:00,45,0.087,0.088,0.088,0.088,0.089,0.086,0.087,0.086,0.087,0.087,0.087,0.087,0.087,0.35,0.157,0.299,0.152,0.4,0.434,0.324,0.332,0.204,0.497,0.087,0.086,0.406,0.2,0.247,0.155,0.246,0.297,0.288,0.273,0.129,0.108,0.087,0.089,0.36,0.179,0.194,0.452,0.132,0.154,0.31,0.305,0.128,0.113,0.087,0.089,0.808,0.896,0.924,0.895,0.913,0.875,0.902,0.928,0.926,0.927,0.088,0.087,0.856,0.961,0.918,0.739,0.909,0.948,0.903,0.361,0.485,0.776,0.088,0.088,0.897,0.926,0.919,0.963,0.088,0.881,0.503,0.953,0.868,0.856,0.088,0.086,0.087,0.647,0.087,0.087,0.088,0.087,0.09,0.087,0.089,0.087,0.088
,6:50:00,44.9,0.087,0.088,0.088,0.088,0.089,0.087,0.087,0.086,0.086,0.087,0.087,0.087,0.087,0.351,0.158,0.301,0.152,0.401,0.435,0.325,0.333,0.205,0.499,0.087,0.086,0.408,0.198,0.249,0.156,0.247,0.299,0.289,0.273,0.129,0.108,0.087,0.089,0.36,0.18,0.194,0.453,0.132,0.154,0.312,0.306,0.129,0.113,0.087,0.09,0.807,0.894,0.922,0.892,0.911,0.872,0.898,0.926,0.923,0.925,0.087,0.087,0.855,0.961,0.917,0.747,0.907,0.95,0.898,0.357,0.475,0.771,0.088,0.088,0.896,0.924,0.918,0.962,0.088,0.878,0.496,0.951,0.865,0.854,0.088,0.086,0.087,0.661,0.087,0.087,0.088,0.087,0.089,0.087,0.089,0.087,0.088
,6:55:00,45,0.087,0.088,0.088,0.088,0.088,0.087,0.087,0.086,0.088,0.087,0.087,0.087,0.087,0.353,0.158,0.303,0.153,0.403,0.436,0.326,0.334,0.206,0.5,0.087,0.086,0.409,0.2,0.252,0.156,0.248,0.301,0.29,0.276,0.128,0.108,0.087,0.088,0.366,0.181,0.194,0.455,0.133,0.154,0.316,0.309,0.129,0.114,0.087,0.088,0.806,0.893,0.921,0.888,0.908,0.869,0.895,0.925,0.92,0.923,0.088,0.087,0.852,0.96,0.916,0.755,0.905,0.953,0.896,0.357,0.465,0.766,0.088,0.088,0.9,0.923,0.916,0.96,0.088,0.876,0.487,0.95,0.863,0.853,0.088,0.086,0.087,0.675,0.087,0.087,0.088,0.087,0.089,0.087,0.089,0.087,0.088
,7:00:00,45,0.087,0.088,0.088,0.088,0.089,0.087,0.087,0.086,0.087,0.087,0.087,0.087,0.087,0.354,0.158,0.304,0.154,0.404,0.437,0.327,0.335,0.207,0.503,0.087,0.086,0.41,0.201,0.255,0.156,0.25,0.303,0.291,0.276,0.129,0.109,0.087,0.087,0.369,0.182,0.195,0.456,0.135,0.154,0.318,0.311,0.129,0.114,0.087,0.088,0.806,0.891,0.92,0.886,0.906,0.866,0.892,0.923,0.917,0.921,0.088,0.087,0.851,0.96,0.914,0.763,0.903,0.955,0.892,0.357,0.457,0.76,0.087,0.088,0.9,0.922,0.914,0.96,0.088,0.874,0.48,0.949,0.86,0.851,0.088,0.086,0.087,0.688,0.087,0.086,0.088,0.087,0.089,0.087,0.089,0.087,0.088
,7:05:00,44.9,0.087,0.088,0.088,0.088,0.089,0.087,0.087,0.086,0.086,0.087,0.087,0.087,0.087,0.355,0.159,0.306,0.154,0.406,0.438,0.328,0.335,0.21,0.503,0.087,0.086,0.412,0.201,0.257,0.156,0.251,0.305,0.292,0.277,0.129,0.11,0.087,0.088,0.372,0.183,0.195,0.458,0.132,0.155,0.321,0.313,0.129,0.114,0.087,0.088,0.803,0.888,0.918,0.882,0.903,0.862,0.888,0.92,0.913,0.918,0.088,0.087,0.849,0.958,0.912,0.769,0.9,0.956,0.888,0.356,0.45,0.754,0.087,0.088,0.898,0.921,0.911,0.959,0.088,0.871,0.473,0.947,0.857,0.848,0.088,0.086,0.087,0.701,0.086,0.087,0.088,0.087,0.089,0.087,0.089,0.087,0.088
,7:10:00,45,0.087,0.088,0.088,0.088,0.089,0.087,0.088,0.087,0.086,0.087,0.087,0.087,0.087,0.356,0.159,0.308,0.155,0.407,0.439,0.329,0.337,0.209,0.504,0.087,0.087,0.413,0.201,0.26,0.156,0.253,0.306,0.293,0.278,0.128,0.11,0.087,0.088,0.372,0.185,0.196,0.46,0.134,0.155,0.324,0.315,0.129,0.114,0.087,0.089,0.803,0.887,0.917,0.878,0.9,0.859,0.884,0.918,0.91,0.917,0.088,0.087,0.847,0.957,0.911,0.776,0.896,0.957,0.884,0.353,0.442,0.749,0.088,0.088,0.896,0.919,0.91,0.958,0.089,0.869,0.467,0.946,0.856,0.848,0.088,0.087,0.087,0.715,0.087,0.087,0.088,0.087,0.09,0.087,0.089,0.087,0.088
,7:15:00,45,0.087,0.088,0.088,0.088,0.089,0.087,0.088,0.086,0.086,0.087,0.087,0.087,0.087,0.357,0.16,0.31,0.155,0.409,0.44,0.33,0.337,0.211,0.504,0.087,0.086,0.414,0.202,0.262,0.156,0.253,0.308,0.294,0.275,0.13,0.109,0.087,0.088,0.376,0.185,0.196,0.461,0.132,0.155,0.325,0.317,0.129,0.114,0.087,0.088,0.801,0.885,0.915,0.874,0.897,0.855,0.879,0.916,0.906,0.913,0.088,0.087,0.846,0.957,0.908,0.781,0.893,0.958,0.88,0.348,0.433,0.742,0.088,0.088,0.892,0.917,0.909,0.957,0.089,0.867,0.458,0.944,0.854,0.847,0.088,0.086,0.087,0.728,0.087,0.087,0.087,0.087,0.09,0.087,0.089,0.087,0.088
,7:20:00,44.9,0.086,0.088,0.088,0.088,0.088,0.087,0.087,0.086,0.086,0.087,0.087,0.086,0.087,0.358,0.16,0.311,0.156,0.409,0.441,0.33,0.337,0.212,0.503,0.087,0.086,0.415,0.202,0.265,0.156,0.255,0.31,0.295,0.279,0.129,0.109,0.087,0.087,0.38,0.187,0.197,0.463,0.135,0.155,0.327,0.319,0.129,0.114,0.087,0.088,0.8,0.882,0.914,0.87,0.894,0.851,0.877,0.912,0.903,0.91,0.087,0.087,0.843,0.955,0.905,0.786,0.889,0.959,0.875,0.347,0.426,0.739,0.087,0.088,0.898,0.916,0.907,0.955,0.088,0.864,0.454,0.943,0.851,0.845,0.088,0.086,0.087,0.74,0.087,0.086,0.087,0.087,0.089,0.086,0.088,0.087,0.088
,7:25:00,45,0.087,0.088,0.088,0.088,0.089,0.087,0.087,0.086,0.086,0.087,0.087,0.087,0.087,0.359,0.16,0.313,0.156,0.411,0.442,0.331,0.338,0.214,0.503,0.087,0.086,0.416,0.203,0.268,0.156,0.257,0.31,0.296,0.278,0.128,0.109,0.087,0.088,0.381,0.188,0.197,0.464,0.135,0.155,0.328,0.321,0.129,0.114,0.087,0.088,0.799,0.879,0.912,0.866,0.89,0.848,0.873,0.909,0.899,0.907,0.087,0.087,0.841,0.954,0.904,0.791,0.886,0.96,0.872,0.346,0.419,0.732,0.087,0.088,0.895,0.913,0.904,0.956,0.088,0.862,0.446,0.941,0.849,0.846,0.088,0.087,0.087,0.753,0.086,0.087,0.088,0.086,0.09,0.086,0.089,0.087,0.088
,7:30:00,45,0.087,0.088,0.087,0.088,0.088,0.087,0.087,0.086,0.086,0.087,0.087,0.087,0.087,0.36,0.16,0.315,0.157,0.412,0.443,0.331,0.339,0.214,0.504,0.087,0.086,0.417,0.203,0.27,0.155,0.259,0.312,0.297,0.277,0.127,0.109,0.087,0.087,0.383,0.189,0.198,0.465,0.134,0.156,0.33,0.323,0.129,0.114,0.087,0.088,0.799,0.877,0.909,0.863,0.886,0.844,0.869,0.906,0.895,0.904,0.087,0.087,0.839,0.954,0.9,0.793,0.883,0.959,0.867,0.345,0.413,0.727,0.087,0.088,0.89,0.912,0.904,0.955,0.088,0.859,0.443,0.94,0.846,0.846,0.088,0.086,0.087,0.764,0.086,0.086,0.088,0.087,0.089,0.087,0.089,0.087,0.088
,7:35:00,44.9,0.087,0.088,0.088,0.089,0.088,0.087,0.087,0.086,0.086,0.087,0.087,0.087,0.087,0.36,0.161,0.316,0.158,0.414,0.444,0.332,0.34,0.217,0.503,0.086,0.086,0.418,0.204,0.272,0.155,0.26,0.314,0.298,0.281,0.125,0.108,0.088,0.088,0.384,0.191,0.198,0.465,0.135,0.156,0.331,0.326,0.13,0.114,0.087,0.088,0.798,0.874,0.905,0.859,0.883,0.841,0.866,0.903,0.891,0.901,0.087,0.087,0.836,0.952,0.898,0.795,0.879,0.959,0.863,0.345,0.406,0.724,0.088,0.088,0.885,0.91,0.902,0.955,0.089,0.855,0.436,0.938,0.844,0.844,0.088,0.086,0.087,0.776,0.086,0.087,0.088,0.087,0.089,0.086,0.089,0.087,0.088
,7:40:00,45,0.087,0.088,0.088,0.093,0.088,0.086,0.087,0.086,0.086,0.087,0.087,0.087,0.087,0.361,0.161,0.317,0.159,0.414,0.444,0.333,0.341,0.216,0.504,0.087,0.086,0.419,0.205,0.275,0.156,0.261,0.315,0.298,0.281,0.124,0.109,0.087,0.088,0.392,0.192,0.199,0.464,0.136,0.156,0.334,0.328,0.13,0.114,0.087,0.088,0.796,0.871,0.9,0.854,0.88,0.837,0.862,0.899,0.887,0.898,0.087,0.087,0.834,0.952,0.896,0.799,0.876,0.959,0.859,0.339,0.4,0.719,0.087,0.088,0.887,0.908,0.9,0.954,0.088,0.854,0.432,0.938,0.842,0.844,0.088,0.086,0.087,0.788,0.086,0.086,0.087,0.086,0.089,0.086,0.088,0.086,0.088
,7:45:00,45,0.087,0.088,0.088,0.088,0.089,0.087,0.088,0.086,0.087,0.087,0.087,0.087,0.087,0.362,0.161,0.319,0.16,0.416,0.446,0.334,0.341,0.216,0.503,0.087,0.086,0.42,0.205,0.277,0.156,0.262,0.317,0.3,0.279,0.125,0.109,0.087,0.088,0.388,0.193,0.2,0.464,0.138,0.156,0.334,0.33,0.13,0.114,0.087,0.088,0.796,0.869,0.897,0.85,0.875,0.834,0.858,0.896,0.883,0.893,0.087,0.087,0.832,0.951,0.893,0.802,0.873,0.96,0.855,0.34,0.395,0.712,0.088,0.088,0.88,0.906,0.9,0.953,0.088,0.851,0.426,0.934,0.84,0.842,0.088,0.086,0.087,0.798,0.086,0.087,0.088,0.087,0.089,0.086,0.089,0.087,0.088
,7:50:00,45,0.087,0.088,0.088,0.088,0.089,0.087,0.088,0.086,0.087,0.087,0.087,0.087,0.087,0.363,0.162,0.321,0.161,0.417,0.447,0.334,0.342,0.219,0.504,0.087,0.087,0.422,0.206,0.28,0.155,0.263,0.318,0.301,0.279,0.125,0.109,0.087,0.098,0.392,0.196,0.2,0.465,0.138,0.157,0.338,0.333,0.13,0.115,0.087,0.088,0.795,0.866,0.893,0.847,0.872,0.831,0.856,0.893,0.88,0.891,0.088,0.087,0.83,0.95,0.89,0.804,0.869,0.958,0.851,0.337,0.391,0.708,0.088,0.088,0.882,0.904,0.898,0.953,0.089,0.85,0.421,0.934,0.837,0.842,0.088,0.087,0.087,0.809,0.087,0.087,0.088,0.087,0.09,0.087,0.089,0.087,0.088
,7:55:00,45,0.087,0.088,0.088,0.091,0.089,0.087,0.087,0.086,0.086,0.087,0.087,0.087,0.087,0.363,0.162,0.322,0.162,0.418,0.447,0.335,0.342,0.217,0.503,0.087,0.086,0.422,0.206,0.281,0.155,0.264,0.319,0.301,0.281,0.125,0.108,0.087,0.088,0.393,0.197,0.2,0.466,0.138,0.157,0.338,0.335,0.13,0.114,0.087,0.088,0.795,0.862,0.89,0.843,0.867,0.828,0.852,0.889,0.875,0.887,0.088,0.087,0.827,0.95,0.889,0.806,0.865,0.957,0.846,0.334,0.385,0.701,0.088,0.088,0.88,0.902,0.896,0.952,0.088,0.847,0.417,0.931,0.834,0.84,0.088,0.086,0.087,0.82,0.087,0.087,0.088,0.087,0.089,0.087,0.089,0.087,0.088
,8:00:00,45,0.086,0.088,0.088,0.088,0.089,0.087,0.087,0.086,0.086,0.087,0.087,0.087,0.087,0.365,0.162,0.324,0.163,0.419,0.448,0.336,0.344,0.22,0.503,0.087,0.086,0.423,0.206,0.284,0.156,0.266,0.32,0.302,0.28,0.125,0.108,0.087,0.088,0.396,0.198,0.201,0.466,0.138,0.157,0.34,0.337,0.13,0.115,0.087,0.088,0.794,0.86,0.885,0.838,0.863,0.824,0.849,0.886,0.872,0.884,0.087,0.087,0.824,0.948,0.885,0.807,0.862,0.956,0.843,0.336,0.381,0.698,0.087,0.088,0.877,0.901,0.895,0.95,0.089,0.845,0.412,0.93,0.832,0.839,0.088,0.086,0.087,0.83,0.087,0.087,0.088,0.086,0.089,0.086,0.088,0.087,0.088
,8:05:00,44.9,0.086,0.088,0.088,0.088,0.088,0.086,0.088,0.086,0.086,0.087,0.087,0.087,0.087,0.365,0.163,0.324,0.164,0.42,0.449,0.336,0.344,0.221,0.503,0.087,0.086,0.424,0.206,0.286,0.156,0.267,0.322,0.302,0.283,0.125,0.108,0.087,0.088,0.396,0.199,0.201,0.466,0.138,0.157,0.341,0.34,0.13,0.114,0.087,0.088,0.793,0.856,0.881,0.835,0.859,0.821,0.846,0.882,0.868,0.88,0.087,0.087,0.821,0.947,0.883,0.805,0.858,0.955,0.838,0.335,0.375,0.692,0.087,0.087,0.875,0.898,0.894,0.949,0.088,0.842,0.407,0.927,0.829,0.838,0.088,0.087,0.087,0.839,0.086,0.086,0.088,0.087,0.089,0.086,0.089,0.086,0.088
,8:10:00,45,0.087,0.088,0.088,0.088,0.089,0.087,0.088,0.086,0.086,0.086,0.087,0.087,0.087,0.367,0.163,0.326,0.165,0.421,0.45,0.337,0.345,0.221,0.503,0.087,0.086,0.425,0.208,0.288,0.156,0.27,0.323,0.304,0.283,0.125,0.108,0.087,0.088,0.398,0.201,0.202,0.466,0.137,0.157,0.343,0.342,0.13,0.115,0.087,0.089,0.792,0.853,0.878,0.832,0.855,0.819,0.843,0.879,0.865,0.877,0.087,0.087,0.818,0.946,0.881,0.807,0.855,0.952,0.836,0.339,0.372,0.687,0.087,0.088,0.874,0.897,0.894,0.948,0.089,0.841,0.404,0.926,0.826,0.838,0.088,0.086,0.087,0.849,0.086,0.087,0.088,0.087,0.089,0.087,0.089,0.087,0.088
,8:15:00,44.9,0.087,0.088,0.088,0.088,0.088,0.086,0.087,0.086,0.086,0.087,0.087,0.086,0.087,0.366,0.163,0.327,0.165,0.422,0.45,0.338,0.345,0.221,0.503,0.087,0.086,0.425,0.208,0.29,0.154,0.271,0.324,0.304,0.279,0.124,0.108,0.087,0.088,0.395,0.201,0.202,0.467,0.139,0.157,0.343,0.345,0.13,0.114,0.087,0.088,0.792,0.85,0.874,0.828,0.851,0.816,0.84,0.875,0.86,0.873,0.088,0.087,0.816,0.945,0.878,0.807,0.852,0.948,0.832,0.337,0.368,0.681,0.087,0.087,0.868,0.896,0.891,0.946,0.088,0.838,0.399,0.922,0.823,0.837,0.088,0.086,0.087,0.858,0.087,0.087,0.087,0.086,0.089,0.086,0.089,0.087,0.087
,8:20:00,45,0.086,0.088,0.088,0.088,0.089,0.086,0.087,0.086,0.086,0.087,0.087,0.087,0.087,0.367,0.163,0.329,0.167,0.424,0.451,0.338,0.346,0.223,0.503,0.087,0.086,0.427,0.208,0.293,0.155,0.274,0.324,0.304,0.284,0.125,0.109,0.087,0.088,0.399,0.203,0.203,0.467,0.138,0.158,0.344,0.347,0.13,0.115,0.087,0.088,0.79,0.846,0.87,0.825,0.846,0.814,0.837,0.871,0.857,0.87,0.088,0.087,0.814,0.945,0.877,0.808,0.85,0.945,0.829,0.337,0.365,0.678,0.088,0.088,0.868,0.895,0.891,0.945,0.088,0.837,0.395,0.92,0.821,0.838,0.087,0.086,0.087,0.868,0.087,0.087,0.088,0.086,0.089,0.086,0.089,0.087,0.088
,8:25:00,45,0.087,0.088,0.088,0.088,0.088,0.087,0.087,0.086,0.086,0.087,0.087,0.087,0.087,0.368,0.164,0.33,0.168,0.424,0.45,0.339,0.346,0.224,0.503,0.087,0.086,0.428,0.208,0.295,0.155,0.275,0.326,0.306,0.283,0.124,0.108,0.087,0.088,0.399,0.204,0.204,0.467,0.142,0.158,0.345,0.35,0.131,0.115,0.087,0.089,0.79,0.843,0.867,0.823,0.841,0.81,0.835,0.868,0.853,0.866,0.088,0.087,0.81,0.943,0.874,0.806,0.846,0.944,0.825,0.336,0.361,0.672,0.088,0.087,0.865,0.894,0.89,0.943,0.088,0.834,0.392,0.919,0.818,0.838,0.088,0.086,0.087,0.877,0.087,0.086,0.088,0.087,0.089,0.087,0.089,0.087,0.088
,8:30:00,45,0.087,0.088,0.088,0.088,0.089,0.086,0.087,0.086,0.086,0.086,0.087,0.087,0.087,0.369,0.164,0.331,0.168,0.425,0.45,0.34,0.347,0.225,0.503,0.087,0.087,0.429,0.209,0.297,0.155,0.278,0.327,0.306,0.282,0.125,0.109,0.087,0.088,0.401,0.206,0.205,0.468,0.136,0.158,0.346,0.353,0.131,0.115,0.087,0.088,0.79,0.839,0.863,0.819,0.837,0.808,0.832,0.864,0.85,0.863,0.088,0.087,0.808,0.941,0.872,0.807,0.843,0.941,0.822,0.336,0.357,0.665,0.088,0.087,0.863,0.892,0.889,0.942,0.089,0.833,0.388,0.916,0.816,0.839,0.088,0.087,0.087,0.886,0.087,0.087,0.088,0.087,0.09,0.087,0.089,0.087,0.088
,8:35:00,45,0.087,0.088,0.088,0.088,0.088,0.087,0.087,0.086,0.086,0.086,0.087,0.087,0.087,0.369,0.164,0.332,0.17,0.427,0.45,0.34,0.346,0.225,0.503,0.087,0.086,0.429,0.209,0.298,0.155,0.28,0.328,0.307,0.284,0.124,0.108,0.087,0.088,0.401,0.207,0.205,0.468,0.142,0.158,0.346,0.356,0.131,0.115,0.087,0.089,0.791,0.836,0.859,0.816,0.833,0.806,0.829,0.861,0.847,0.859,0.087,0.087,0.806,0.94,0.871,0.804,0.841,0.94,0.819,0.339,0.354,0.663,0.088,0.087,0.858,0.891,0.888,0.94,0.088,0.831,0.385,0.914,0.814,0.838,0.088,0.086,0.087,0.894,0.086,0.086,0.088,0.087,0.089,0.086,0.088,0.087,0.088
,8:40:00,45,0.087,0.088,0.088,0.088,0.088,0.086,0.087,0.086,0.086,0.087,0.087,0.087,0.087,0.369,0.165,0.333,0.171,0.427,0.451,0.34,0.347,0.227,0.503,0.087,0.087,0.43,0.21,0.3,0.155,0.282,0.329,0.307,0.285,0.124,0.108,0.087,0.088,0.405,0.209,0.205,0.469,0.141,0.159,0.346,0.359,0.131,0.115,0.087,0.089,0.792,0.832,0.855,0.813,0.828,0.803,0.826,0.859,0.843,0.856,0.087,0.087,0.803,0.939,0.869,0.807,0.838,0.938,0.816,0.336,0.35,0.659,0.087,0.087,0.86,0.89,0.888,0.937,0.088,0.829,0.381,0.911,0.811,0.838,0.088,0.086,0.087,0.902,0.086,0.086,0.088,0.086,0.089,0.086,0.089,0.087,0.088
,8:45:00,45,0.087,0.088,0.088,0.088,0.088,0.087,0.087,0.086,0.086,0.086,0.087,0.087,0.087,0.37,0.165,0.335,0.172,0.428,0.451,0.341,0.346,0.226,0.503,0.087,0.086,0.431,0.21,0.302,0.155,0.285,0.329,0.308,0.286,0.124,0.108,0.087,0.088,0.405,0.21,0.206,0.468,0.143,0.158,0.346,0.361,0.131,0.115,0.087,0.088,0.792,0.829,0.851,0.809,0.824,0.801,0.824,0.854,0.839,0.852,0.087,0.087,0.8,0.938,0.867,0.804,0.836,0.934,0.813,0.336,0.347,0.653,0.087,0.087,0.853,0.889,0.886,0.935,0.088,0.828,0.379,0.908,0.81,0.837,0.088,0.086,0.087,0.91,0.086,0.086,0.088,0.087,0.089,0.086,0.089,0.086,0.088
,8:50:00,45,0.087,0.088,0.088,0.088,0.088,0.087,0.088,0.086,0.086,0.087,0.087,0.087,0.087,0.371,0.166,0.336,0.175,0.429,0.451,0.342,0.346,0.225,0.502,0.087,0.086,0.432,0.211,0.304,0.155,0.287,0.331,0.308,0.286,0.124,0.108,0.087,0.088,0.407,0.211,0.207,0.469,0.138,0.159,0.347,0.364,0.131,0.115,0.087,0.088,0.793,0.826,0.847,0.807,0.819,0.799,0.821,0.852,0.836,0.849,0.088,0.087,0.798,0.936,0.866,0.802,0.836,0.933,0.811,0.336,0.344,0.649,0.087,0.087,0.852,0.887,0.886,0.934,0.088,0.828,0.376,0.905,0.809,0.835,0.088,0.086,0.087,0.917,0.087,0.087,0.088,0.087,0.09,0.086,0.088,0.087,0.088
,8:55:00,45,0.086,0.088,0.088,0.088,0.088,0.086,0.087,0.086,0.086,0.086,0.087,0.086,0.088,0.371,0.165,0.337,0.175,0.43,0.451,0.342,0.346,0.226,0.502,0.087,0.086,0.433,0.211,0.305,0.155,0.29,0.331,0.309,0.285,0.125,0.107,0.087,0.094,0.407,0.212,0.206,0.469,0.148,0.159,0.347,0.366,0.131,0.115,0.087,0.088,0.794,0.823,0.844,0.804,0.815,0.797,0.818,0.847,0.832,0.844,0.087,0.087,0.796,0.936,0.864,0.804,0.832,0.93,0.807,0.334,0.341,0.643,0.087,0.087,0.845,0.886,0.885,0.931,0.088,0.826,0.372,0.902,0.808,0.834,0.088,0.086,0.087,0.925,0.086,0.086,0.088,0.086,0.09,0.086,0.089,0.086,0.088
,9:00:00,45,0.086,0.088,0.088,0.088,0.089,0.087,0.088,0.086,0.086,0.087,0.087,0.087,0.087,0.372,0.166,0.338,0.177,0.431,0.452,0.343,0.346,0.229,0.502,0.087,0.087,0.434,0.213,0.307,0.155,0.293,0.332,0.31,0.286,0.125,0.108,0.087,0.089,0.413,0.213,0.207,0.469,0.147,0.16,0.347,0.369,0.131,0.115,0.087,0.089,0.794,0.82,0.84,0.802,0.812,0.795,0.817,0.845,0.831,0.842,0.087,0.087,0.794,0.933,0.863,0.802,0.831,0.928,0.806,0.335,0.339,0.639,0.087,0.087,0.85,0.885,0.884,0.93,0.088,0.825,0.37,0.901,0.806,0.833,0.088,0.086,0.087,0.932,0.086,0.086,0.088,0.086,0.09,0.087,0.089,0.087,0.088
,9:05:00,45,0.087,0.088,0.088,0.088,0.089,0.087,0.087,0.086,0.086,0.087,0.087,0.087,0.087,0.372,0.166,0.339,0.178,0.432,0.452,0.344,0.347,0.227,0.503,0.087,0.087,0.434,0.214,0.308,0.155,0.296,0.333,0.311,0.287,0.125,0.108,0.088,0.088,0.415,0.214,0.208,0.47,0.147,0.159,0.348,0.372,0.131,0.116,0.088,0.091,0.794,0.817,0.836,0.799,0.807,0.794,0.814,0.842,0.828,0.839,0.088,0.088,0.793,0.932,0.862,0.807,0.83,0.926,0.803,0.333,0.337,0.634,0.088,0.087,0.848,0.884,0.883,0.928,0.089,0.824,0.367,0.899,0.804,0.833,0.088,0.086,0.087,0.939,0.087,0.087,0.088,0.087,0.09,0.087,0.089,0.087,0.088
,9:10:00,44.9,0.086,0.088,0.088,0.088,0.089,0.087,0.087,0.086,0.086,0.087,0.087,0.087,0.087,0.373,0.167,0.34,0.179,0.433,0.452,0.345,0.346,0.23,0.502,0.087,0.086,0.435,0.214,0.31,0.155,0.298,0.334,0.311,0.285,0.125,0.107,0.087,0.088,0.412,0.215,0.209,0.47,0.147,0.16,0.348,0.374,0.131,0.116,0.087,0.089,0.795,0.814,0.834,0.796,0.803,0.792,0.811,0.839,0.825,0.835,0.087,0.087,0.792,0.931,0.861,0.799,0.828,0.923,0.8,0.335,0.334,0.63,0.088,0.087,0.838,0.883,0.882,0.925,0.088,0.823,0.364,0.895,0.805,0.83,0.088,0.086,0.087,0.945,0.086,0.086,0.087,0.087,0.089,0.087,0.089,0.087,0.088
,9:15:00,45,0.087,0.088,0.088,0.088,0.089,0.086,0.088,0.086,0.086,0.087,0.087,0.087,0.088,0.373,0.167,0.341,0.182,0.434,0.452,0.345,0.346,0.23,0.502,0.087,0.086,0.436,0.214,0.311,0.155,0.301,0.335,0.312,0.289,0.125,0.108,0.087,0.089,0.414,0.216,0.209,0.47,0.144,0.16,0.348,0.376,0.132,0.115,0.087,0.088,0.794,0.81,0.831,0.794,0.798,0.792,0.809,0.836,0.823,0.833,0.088,0.087,0.791,0.927,0.859,0.8,0.825,0.922,0.797,0.333,0.331,0.627,0.088,0.087,0.844,0.882,0.882,0.923,0.088,0.822,0.361,0.894,0.805,0.83,0.088,0.087,0.087,0.952,0.087,0.087,0.088,0.087,0.09,0.086,0.089,0.087,0.088
,9:20:00,45,0.087,0.088,0.088,0.088,0.088,0.087,0.087,0.086,0.086,0.086,0.087,0.087,0.087,0.374,0.167,0.342,0.182,0.434,0.452,0.345,0.347,0.232,0.502,0.087,0.086,0.436,0.215,0.313,0.155,0.304,0.335,0.312,0.287,0.125,0.108,0.087,0.088,0.412,0.217,0.21,0.469,0.147,0.16,0.348,0.378,0.131,0.116,0.087,0.088,0.796,0.807,0.828,0.791,0.794,0.789,0.806,0.833,0.82,0.829,0.088,0.087,0.79,0.928,0.858,0.801,0.824,0.919,0.794,0.334,0.329,0.622,0.088,0.087,0.837,0.881,0.882,0.922,0.088,0.821,0.36,0.891,0.803,0.828,0.088,0.087,0.087,0.958,0.087,0.087,0.088,0.087,0.089,0.087,0.089,0.087,0.088
,9:25:00,45,0.087,0.088,0.088,0.088,0.088,0.087,0.087,0.086,0.086,0.086,0.087,0.087,0.087,0.375,0.167,0.343,0.184,0.435,0.452,0.346,0.346,0.231,0.501,0.087,0.087,0.437,0.215,0.315,0.155,0.307,0.336,0.313,0.29,0.124,0.107,0.087,0.089,0.417,0.218,0.21,0.47,0.142,0.16,0.347,0.381,0.132,0.115,0.087,0.09,0.793,0.804,0.824,0.789,0.79,0.788,0.804,0.83,0.817,0.827,0.087,0.087,0.788,0.925,0.856,0.792,0.822,0.916,0.792,0.332,0.326,0.62,0.088,0.087,0.839,0.88,0.881,0.921,0.088,0.82,0.358,0.889,0.803,0.828,0.088,0.086,0.087,0.963,0.086,0.086,0.088,0.086,0.089,0.087,0.088,0.087,0.088
,9:30:00,45,0.087,0.088,0.088,0.088,0.089,0.087,0.088,0.086,0.086,0.087,0.087,0.087,0.087,0.375,0.167,0.345,0.184,0.437,0.453,0.346,0.346,0.233,0.502,0.087,0.087,0.438,0.215,0.317,0.156,0.309,0.337,0.314,0.287,0.125,0.107,0.088,0.089,0.417,0.219,0.211,0.47,0.145,0.161,0.346,0.383,0.132,0.116,0.087,0.089,0.794,0.801,0.824,0.788,0.787,0.787,0.802,0.828,0.815,0.823,0.087,0.087,0.79,0.925,0.856,0.791,0.821,0.914,0.789,0.327,0.325,0.614,0.088,0.087,0.84,0.879,0.882,0.921,0.089,0.82,0.356,0.886,0.803,0.826,0.088,0.086,0.088,0.968,0.087,0.087,0.088,0.087,0.09,0.087,0.089,0.087,0.088
,9:35:00,45,0.087,0.088,0.088,0.088,0.088,0.087,0.087,0.086,0.087,0.086,0.087,0.086,0.087,0.375,0.168,0.344,0.185,0.437,0.453,0.347,0.346,0.234,0.501,0.087,0.086,0.439,0.215,0.317,0.155,0.312,0.338,0.313,0.287,0.124,0.107,0.087,0.089,0.416,0.22,0.211,0.469,0.147,0.16,0.345,0.386,0.131,0.115,0.087,0.088,0.793,0.798,0.822,0.785,0.783,0.784,0.799,0.824,0.811,0.82,0.087,0.087,0.787,0.923,0.855,0.789,0.82,0.912,0.786,0.328,0.323,0.611,0.087,0.087,0.836,0.877,0.881,0.919,0.088,0.819,0.353,0.885,0.803,0.825,0.088,0.086,0.087,0.974,0.086,0.086,0.088,0.086,0.089,0.086,0.088,0.086,0.088
,9:40:00,44.9,0.086,0.087,0.088,0.088,0.088,0.086,0.087,0.085,0.086,0.086,0.087,0.086,0.087,0.375,0.167,0.346,0.187,0.437,0.453,0.347,0.346,0.234,0.501,0.087,0.086,0.439,0.215,0.319,0.155,0.315,0.338,0.314,0.287,0.124,0.108,0.087,0.088,0.419,0.22,0.212,0.469,0.143,0.16,0.344,0.387,0.132,0.116,0.086,0.089,0.791,0.795,0.82,0.783,0.779,0.783,0.797,0.822,0.809,0.817,0.087,0.087,0.786,0.92,0.854,0.793,0.819,0.909,0.784,0.331,0.321,0.608,0.087,0.087,0.831,0.876,0.881,0.918,0.088,0.817,0.351,0.882,0.802,0.826,0.088,0.086,0.087,0.978,0.086,0.086,0.088,0.086,0.09,0.086,0.088,0.087,0.088
,9:45:00,45,0.087,0.088,0.088,0.088,0.089,0.087,0.087,0.086,0.086,0.087,0.087,0.087,0.087,0.376,0.168,0.347,0.189,0.439,0.453,0.348,0.346,0.235,0.501,0.087,0.087,0.44,0.217,0.321,0.156,0.318,0.339,0.315,0.29,0.125,0.107,0.087,0.093,0.419,0.221,0.213,0.469,0.148,0.161,0.344,0.39,0.132,0.116,0.087,0.09,0.792,0.794,0.82,0.782,0.777,0.783,0.795,0.82,0.807,0.815,0.087,0.087,0.784,0.919,0.853,0.787,0.817,0.906,0.781,0.333,0.318,0.604,0.087,0.087,0.831,0.875,0.881,0.918,0.088,0.817,0.35,0.881,0.804,0.825,0.088,0.087,0.087,0.984,0.087,0.086,0.087,0.087,0.09,0.087,0.089,0.086,0.088
,9:50:00,45,0.086,0.088,0.088,0.088,0.089,0.086,0.087,0.086,0.086,0.087,0.087,0.087,0.088,0.376,0.168,0.348,0.189,0.439,0.453,0.348,0.346,0.235,0.501,0.087,0.086,0.44,0.218,0.322,0.155,0.321,0.34,0.315,0.289,0.124,0.107,0.087,0.088,0.422,0.222,0.213,0.469,0.149,0.161,0.344,0.392,0.131,0.116,0.087,0.089,0.791,0.791,0.818,0.78,0.772,0.782,0.793,0.817,0.804,0.811,0.088,0.087,0.783,0.918,0.851,0.784,0.816,0.904,0.779,0.328,0.318,0.6,0.088,0.087,0.828,0.874,0.881,0.916,0.088,0.816,0.348,0.878,0.803,0.823,0.088,0.086,0.087,0.988,0.087,0.087,0.088,0.087,0.09,0.087,0.088,0.087,0.087
,9:55:00,45,0.087,0.088,0.088,0.088,0.089,0.087,0.087,0.086,0.086,0.087,0.087,0.087,0.087,0.377,0.169,0.349,0.191,0.441,0.453,0.349,0.346,0.236,0.501,0.087,0.086,0.441,0.218,0.324,0.156,0.324,0.341,0.316,0.289,0.125,0.108,0.087,0.089,0.42,0.223,0.215,0.469,0.145,0.161,0.343,0.394,0.132,0.116,0.087,0.089,0.791,0.789,0.815,0.78,0.77,0.781,0.791,0.815,0.803,0.81,0.088,0.087,0.782,0.918,0.851,0.781,0.818,0.902,0.777,0.329,0.316,0.596,0.087,0.087,0.824,0.873,0.881,0.916,0.088,0.816,0.346,0.878,0.803,0.821,0.088,0.087,0.087,0.993,0.087,0.087,0.088,0.087,0.089,0.087,0.089,0.087,0.088
,10:00:00,45,0.087,0.088,0.088,0.088,0.089,0.086,0.087,0.086,0.087,0.086,0.087,0.087,0.088,0.376,0.169,0.349,0.193,0.441,0.453,0.349,0.346,0.237,0.501,0.087,0.086,0.441,0.218,0.326,0.156,0.327,0.341,0.316,0.289,0.125,0.107,0.087,0.089,0.421,0.224,0.216,0.469,0.15,0.161,0.342,0.396,0.132,0.116,0.087,0.091,0.791,0.786,0.815,0.778,0.768,0.781,0.789,0.813,0.8,0.807,0.088,0.087,0.781,0.916,0.849,0.778,0.818,0.9,0.775,0.328,0.314,0.592,0.088,0.087,0.825,0.873,0.881,0.915,0.089,0.815,0.345,0.876,0.804,0.821,0.088,0.086,0.087,0.998,0.087,0.087,0.088,0.087,0.09,0.086,0.089,0.087,0.088
,10:05:00,44.9,0.087,0.088,0.088,0.088,0.088,0.087,0.087,0.086,0.086,0.087,0.087,0.086,0.087,0.377,0.169,0.351,0.194,0.442,0.453,0.35,0.346,0.237,0.501,0.087,0.087,0.442,0.218,0.327,0.156,0.329,0.342,0.316,0.292,0.125,0.106,0.087,0.088,0.425,0.224,0.216,0.469,0.15,0.161,0.341,0.398,0.132,0.116,0.087,0.09,0.789,0.783,0.813,0.776,0.764,0.778,0.787,0.811,0.797,0.804,0.088,0.087,0.781,0.915,0.848,0.776,0.818,0.897,0.773,0.324,0.313,0.588,0.088,0.087,0.824,0.871,0.882,0.914,0.088,0.813,0.343,0.874,0.803,0.819,0.088,0.086,0.087,1.001,0.087,0.086,0.088,0.086,0.09,0.086,0.089,0.087,0.088
,10:10:00,45,0.086,0.088,0.088,0.087,0.088,0.086,0.087,0.086,0.086,0.086,0.087,0.086,0.087,0.378,0.17,0.351,0.195,0.443,0.452,0.35,0.345,0.238,0.501,0.087,0.086,0.443,0.218,0.328,0.156,0.332,0.342,0.317,0.292,0.124,0.107,0.087,0.088,0.424,0.225,0.217,0.469,0.154,0.161,0.341,0.4,0.132,0.116,0.087,0.089,0.788,0.781,0.811,0.775,0.761,0.777,0.785,0.808,0.795,0.802,0.087,0.087,0.783,0.913,0.846,0.773,0.818,0.894,0.771,0.326,0.311,0.585,0.088,0.087,0.822,0.871,0.882,0.913,0.088,0.812,0.341,0.872,0.801,0.818,0.088,0.086,0.087,1.005,0.086,0.086,0.087,0.086,0.089,0.086,0.088,0.086,0.088
,10:15:00,45,0.086,0.088,0.088,0.088,0.088,0.087,0.087,0.086,0.086,0.086,0.087,0.086,0.087,0.378,0.17,0.352,0.196,0.443,0.453,0.35,0.346,0.238,0.501,0.087,0.086,0.443,0.22,0.33,0.156,0.335,0.343,0.317,0.293,0.124,0.108,0.087,0.089,0.427,0.226,0.218,0.468,0.146,0.162,0.34,0.401,0.132,0.116,0.087,0.09,0.786,0.779,0.81,0.774,0.759,0.777,0.783,0.806,0.793,0.799,0.088,0.087,0.784,0.912,0.845,0.769,0.819,0.892,0.771,0.326,0.309,0.583,0.088,0.087,0.819,0.87,0.882,0.911,0.089,0.812,0.34,0.869,0.801,0.817,0.088,0.086,0.087,1.01,0.086,0.086,0.087,0.087,0.09,0.087,0.088,0.087,0.088
,10:20:00,45,0.086,0.088,0.088,0.088,0.089,0.087,0.088,0.086,0.086,0.086,0.087,0.087,0.087,0.378,0.17,0.352,0.196,0.444,0.453,0.351,0.346,0.238,0.5,0.087,0.087,0.444,0.22,0.331,0.156,0.337,0.343,0.317,0.29,0.124,0.107,0.087,0.089,0.424,0.226,0.219,0.468,0.153,0.162,0.34,0.401,0.132,0.116,0.087,0.088,0.788,0.777,0.809,0.773,0.758,0.775,0.781,0.803,0.791,0.796,0.087,0.087,0.787,0.912,0.844,0.766,0.819,0.891,0.769,0.324,0.308,0.58,0.087,0.087,0.82,0.87,0.882,0.91,0.089,0.811,0.339,0.868,0.801,0.814,0.088,0.086,0.087,1.013,0.086,0.086,0.088,0.086,0.09,0.087,0.089,0.087,0.088
,10:25:00,45,0.086,0.088,0.088,0.088,0.088,0.087,0.087,0.086,0.086,0.087,0.087,0.087,0.087,0.378,0.17,0.353,0.198,0.445,0.453,0.352,0.345,0.239,0.5,0.087,0.086,0.445,0.22,0.332,0.156,0.34,0.344,0.318,0.293,0.124,0.109,0.087,0.095,0.423,0.227,0.22,0.468,0.151,0.161,0.34,0.402,0.132,0.116,0.087,0.088,0.785,0.775,0.806,0.772,0.758,0.774,0.779,0.802,0.79,0.794,0.087,0.087,0.788,0.91,0.843,0.764,0.82,0.889,0.767,0.324,0.308,0.577,0.087,0.087,0.817,0.869,0.883,0.91,0.088,0.809,0.337,0.867,0.8,0.814,0.088,0.086,0.087,1.016,0.086,0.087,0.088,0.087,0.089,0.086,0.089,0.087,0.088
,10:30:00,45,0.086,0.088,0.088,0.088,0.088,0.086,0.087,0.086,0.086,0.086,0.087,0.087,0.087,0.379,0.17,0.354,0.2,0.446,0.453,0.352,0.345,0.239,0.5,0.087,0.086,0.445,0.221,0.334,0.156,0.343,0.344,0.319,0.295,0.124,0.107,0.087,0.089,0.428,0.228,0.221,0.468,0.151,0.162,0.34,0.402,0.132,0.116,0.087,0.088,0.783,0.772,0.802,0.77,0.757,0.772,0.777,0.799,0.787,0.792,0.088,0.087,0.789,0.909,0.843,0.762,0.822,0.887,0.767,0.325,0.306,0.575,0.087,0.087,0.819,0.868,0.884,0.909,0.089,0.809,0.336,0.864,0.8,0.812,0.088,0.086,0.087,1.019,0.087,0.086,0.088,0.087,0.089,0.087,0.089,0.087,0.088
,10:35:00,45,0.087,0.088,0.088,0.094,0.089,0.087,0.088,0.086,0.086,0.087,0.087,0.087,0.087,0.379,0.17,0.355,0.201,0.447,0.453,0.353,0.345,0.24,0.5,0.087,0.087,0.446,0.221,0.335,0.156,0.345,0.345,0.319,0.292,0.125,0.11,0.087,0.089,0.425,0.228,0.222,0.468,0.153,0.162,0.339,0.403,0.132,0.116,0.087,0.088,0.783,0.772,0.801,0.769,0.757,0.773,0.775,0.797,0.786,0.79,0.088,0.088,0.79,0.908,0.842,0.758,0.823,0.886,0.766,0.322,0.306,0.573,0.088,0.087,0.817,0.868,0.885,0.908,0.089,0.809,0.335,0.861,0.801,0.811,0.088,0.086,0.087,1.022,0.087,0.087,0.088,0.087,0.09,0.086,0.089,0.087,0.088
,10:40:00,45,0.087,0.088,0.088,0.088,0.089,0.087,0.087,0.086,0.087,0.087,0.087,0.087,0.087,0.38,0.171,0.356,0.202,0.448,0.453,0.353,0.345,0.241,0.499,0.087,0.086,0.446,0.221,0.336,0.157,0.348,0.346,0.32,0.294,0.125,0.11,0.088,0.089,0.428,0.229,0.223,0.468,0.155,0.162,0.339,0.404,0.132,0.116,0.088,0.088,0.781,0.77,0.799,0.768,0.755,0.772,0.774,0.796,0.786,0.787,0.087,0.087,0.79,0.906,0.842,0.754,0.824,0.886,0.765,0.324,0.305,0.57,0.088,0.087,0.816,0.868,0.887,0.908,0.089,0.809,0.334,0.861,0.802,0.811,0.088,0.087,0.087,1.024,0.087,0.087,0.088,0.087,0.089,0.087,0.089,0.087,0.088
,10:45:00,45,0.086,0.088,0.088,0.088,0.088,0.087,0.087,0.086,0.086,0.086,0.087,0.086,0.087,0.38,0.171,0.356,0.203,0.447,0.453,0.354,0.345,0.242,0.499,0.087,0.087,0.446,0.221,0.337,0.156,0.35,0.346,0.32,0.295,0.124,0.109,0.087,0.089,0.43,0.23,0.224,0.468,0.152,0.162,0.338,0.404,0.132,0.116,0.087,0.088,0.781,0.768,0.796,0.766,0.754,0.773,0.772,0.793,0.784,0.785,0.087,0.087,0.79,0.905,0.841,0.751,0.825,0.885,0.762,0.322,0.303,0.568,0.087,0.087,0.816,0.867,0.887,0.908,0.088,0.809,0.332,0.86,0.799,0.809,0.087,0.086,0.087,1.026,0.086,0.086,0.088,0.087,0.09,0.086,0.088,0.087,0.088
,10:50:00,45,0.087,0.088,0.088,0.088,0.088,0.086,0.087,0.086,0.086,0.086,0.087,0.087,0.087,0.38,0.171,0.356,0.203,0.447,0.453,0.354,0.344,0.242,0.499,0.087,0.086,0.446,0.221,0.339,0.156,0.353,0.347,0.32,0.294,0.124,0.109,0.087,0.089,0.431,0.23,0.225,0.467,0.157,0.162,0.336,0.404,0.132,0.116,0.087,0.088,0.78,0.767,0.792,0.764,0.752,0.773,0.77,0.792,0.782,0.782,0.088,0.087,0.789,0.904,0.84,0.748,0.825,0.883,0.763,0.32,0.303,0.564,0.088,0.087,0.817,0.866,0.888,0.907,0.089,0.809,0.331,0.858,0.799,0.808,0.088,0.086,0.087,1.028,0.087,0.087,0.088,0.087,0.09,0.087,0.089,0.087,0.088
,10:55:00,44.9,0.087,0.088,0.088,0.088,0.088,0.087,0.087,0.086,0.086,0.086,0.087,0.087,0.088,0.38,0.171,0.357,0.204,0.447,0.454,0.355,0.344,0.242,0.499,0.087,0.087,0.444,0.221,0.339,0.157,0.355,0.347,0.32,0.293,0.125,0.108,0.087,0.089,0.431,0.231,0.226,0.468,0.154,0.163,0.336,0.406,0.132,0.116,0.087,0.088,0.78,0.765,0.793,0.763,0.751,0.773,0.769,0.79,0.781,0.781,0.088,0.087,0.789,0.903,0.839,0.745,0.827,0.883,0.762,0.318,0.302,0.562,0.088,0.087,0.816,0.866,0.888,0.907,0.089,0.81,0.33,0.858,0.8,0.807,0.088,0.086,0.087,1.03,0.087,0.086,0.088,0.087,0.09,0.087,0.089,0.09,0.088
,11:00:00,45,0.087,0.088,0.088,0.088,0.089,0.086,0.087,0.086,0.086,0.086,0.087,0.086,0.087,0.381,0.172,0.358,0.206,0.447,0.453,0.355,0.344,0.243,0.499,0.087,0.087,0.445,0.222,0.341,0.157,0.358,0.348,0.321,0.295,0.125,0.11,0.087,0.089,0.431,0.231,0.227,0.468,0.154,0.163,0.336,0.406,0.132,0.117,0.087,0.088,0.778,0.763,0.789,0.76,0.748,0.773,0.766,0.787,0.779,0.778,0.087,0.087,0.789,0.903,0.838,0.741,0.829,0.882,0.762,0.32,0.301,0.561,0.088,0.087,0.814,0.865,0.888,0.906,0.089,0.809,0.328,0.856,0.798,0.807,0.088,0.086,0.087,1.032,0.087,0.087,0.088,0.087,0.09,0.087,0.089,0.087,0.088
,11:05:00,44.9,0.087,0.088,0.088,0.088,0.089,0.087,0.087,0.086,0.086,0.086,0.087,0.086,0.087,0.381,0.172,0.358,0.207,0.447,0.454,0.356,0.344,0.243,0.499,0.087,0.087,0.444,0.222,0.342,0.157,0.36,0.348,0.321,0.294,0.124,0.107,0.087,0.089,0.429,0.232,0.227,0.467,0.152,0.163,0.335,0.407,0.132,0.116,0.087,0.088,0.778,0.763,0.786,0.76,0.747,0.775,0.765,0.786,0.779,0.776,0.088,0.088,0.788,0.902,0.838,0.739,0.83,0.88,0.763,0.319,0.3,0.558,0.087,0.087,0.81,0.866,0.888,0.907,0.089,0.81,0.327,0.856,0.798,0.807,0.088,0.086,0.087,1.034,0.086,0.087,0.088,0.087,0.09,0.087,0.089,0.087,0.088
,11:10:00,45,0.087,0.088,0.088,0.088,0.089,0.087,0.087,0.086,0.086,0.086,0.087,0.086,0.087,0.381,0.172,0.359,0.208,0.447,0.453,0.356,0.344,0.244,0.498,0.087,0.086,0.444,0.222,0.343,0.156,0.362,0.348,0.322,0.295,0.125,0.11,0.087,0.089,0.432,0.232,0.229,0.468,0.153,0.163,0.336,0.407,0.132,0.116,0.087,0.088,0.777,0.762,0.783,0.757,0.744,0.777,0.764,0.784,0.779,0.774,0.088,0.087,0.789,0.902,0.836,0.736,0.831,0.879,0.763,0.315,0.299,0.556,0.087,0.087,0.813,0.865,0.888,0.906,0.088,0.81,0.326,0.855,0.797,0.808,0.088,0.086,0.087,1.035,0.086,0.087,0.088,0.087,0.09,0.087,0.089,0.087,0.088
,11:15:00,44.9,0.087,0.088,0.088,0.088,0.089,0.087,0.087,0.086,0.086,0.086,0.087,0.086,0.087,0.381,0.172,0.36,0.209,0.447,0.453,0.357,0.343,0.244,0.498,0.087,0.087,0.444,0.222,0.344,0.156,0.363,0.349,0.322,0.292,0.125,0.106,0.087,0.089,0.428,0.232,0.229,0.467,0.155,0.163,0.334,0.407,0.132,0.117,0.087,0.088,0.776,0.761,0.782,0.756,0.742,0.778,0.761,0.782,0.778,0.772,0.088,0.087,0.788,0.901,0.836,0.733,0.833,0.878,0.763,0.315,0.298,0.553,0.087,0.087,0.814,0.865,0.888,0.907,0.088,0.808,0.326,0.854,0.797,0.808,0.088,0.086,0.087,1.037,0.087,0.086,0.088,0.087,0.09,0.087,0.089,0.087,0.088
,11:20:00,45,0.087,0.088,0.088,0.088,0.089,0.087,0.088,0.086,0.087,0.086,0.087,0.087,0.087,0.382,0.172,0.36,0.21,0.447,0.454,0.357,0.344,0.244,0.497,0.087,0.086,0.445,0.222,0.344,0.157,0.365,0.349,0.322,0.293,0.125,0.109,0.087,0.089,0.431,0.233,0.23,0.467,0.154,0.164,0.335,0.408,0.132,0.117,0.087,0.088,0.774,0.761,0.779,0.754,0.741,0.779,0.76,0.78,0.777,0.77,0.088,0.087,0.788,0.901,0.836,0.73,0.835,0.877,0.765,0.314,0.297,0.551,0.088,0.088,0.813,0.865,0.887,0.907,0.089,0.807,0.325,0.853,0.797,0.808,0.088,0.086,0.087,1.038,0.087,0.087,0.088,0.087,0.09,0.086,0.089,0.087,0.088
,11:25:00,45,0.087,0.088,0.088,0.088,0.089,0.087,0.087,0.086,0.086,0.087,0.087,0.086,0.087,0.382,0.172,0.361,0.212,0.447,0.453,0.357,0.344,0.244,0.497,0.087,0.086,0.444,0.222,0.346,0.157,0.367,0.35,0.323,0.296,0.125,0.107,0.087,0.089,0.431,0.234,0.231,0.466,0.156,0.163,0.334,0.409,0.132,0.117,0.087,0.088,0.774,0.761,0.776,0.753,0.739,0.779,0.759,0.778,0.776,0.769,0.088,0.088,0.788,0.9,0.835,0.727,0.836,0.875,0.765,0.312,0.297,0.551,0.087,0.087,0.816,0.864,0.886,0.906,0.089,0.808,0.324,0.852,0.796,0.809,0.088,0.086,0.087,1.039,0.087,0.087,0.088,0.087,0.09,0.087,0.089,0.087,0.088
,11:30:00,45,0.087,0.088,0.088,0.088,0.088,0.086,0.087,0.086,0.086,0.086,0.087,0.086,0.087,0.381,0.172,0.361,0.212,0.447,0.453,0.358,0.343,0.244,0.496,0.087,0.086,0.444,0.223,0.347,0.157,0.369,0.35,0.323,0.293,0.124,0.107,0.087,0.089,0.429,0.234,0.232,0.466,0.16,0.163,0.333,0.409,0.132,0.117,0.087,0.088,0.773,0.761,0.773,0.752,0.736,0.779,0.758,0.777,0.776,0.768,0.088,0.087,0.786,0.898,0.834,0.725,0.836,0.875,0.765,0.31,0.296,0.548,0.088,0.087,0.815,0.863,0.886,0.906,0.088,0.808,0.323,0.852,0.796,0.808,0.088,0.086,0.087,1.04,0.086,0.086,0.087,0.087,0.089,0.086,0.089,0.087,0.088
,11:35:00,44.9,0.087,0.088,0.088,0.088,0.088,0.087,0.087,0.086,0.087,0.086,0.087,0.086,0.087,0.382,0.173,0.362,0.212,0.448,0.453,0.359,0.343,0.246,0.497,0.087,0.087,0.444,0.223,0.348,0.157,0.371,0.351,0.323,0.293,0.124,0.106,0.087,0.089,0.429,0.234,0.233,0.467,0.154,0.163,0.332,0.409,0.132,0.116,0.087,0.088,0.773,0.763,0.771,0.75,0.733,0.78,0.755,0.775,0.775,0.765,0.088,0.087,0.786,0.898,0.833,0.721,0.837,0.874,0.766,0.31,0.296,0.546,0.088,0.088,0.813,0.863,0.884,0.906,0.088,0.806,0.322,0.85,0.795,0.808,0.088,0.086,0.087,1.042,0.087,0.086,0.088,0.087,0.089,0.087,0.089,0.087,0.088
,11:40:00,45,0.087,0.088,0.088,0.088,0.089,0.087,0.087,0.086,0.086,0.086,0.087,0.086,0.087,0.382,0.173,0.362,0.215,0.448,0.453,0.359,0.343,0.246,0.497,0.087,0.087,0.445,0.223,0.349,0.157,0.373,0.351,0.324,0.296,0.124,0.109,0.087,0.089,0.429,0.235,0.234,0.466,0.161,0.164,0.332,0.41,0.132,0.117,0.087,0.088,0.771,0.763,0.768,0.749,0.731,0.779,0.754,0.774,0.776,0.765,0.088,0.088,0.784,0.897,0.832,0.719,0.837,0.873,0.769,0.31,0.294,0.544,0.088,0.087,0.813,0.862,0.884,0.906,0.089,0.806,0.322,0.849,0.793,0.809,0.088,0.086,0.087,1.043,0.087,0.087,0.088,0.087,0.09,0.086,0.089,0.094,0.088
,11:45:00,44.9,0.087,0.088,0.088,0.088,0.089,0.087,0.087,0.086,0.086,0.086,0.087,0.087,0.087,0.382,0.173,0.363,0.217,0.448,0.454,0.36,0.343,0.246,0.497,0.087,0.087,0.445,0.223,0.35,0.157,0.375,0.352,0.324,0.298,0.124,0.108,0.087,0.089,0.43,0.235,0.235,0.466,0.162,0.165,0.332,0.411,0.132,0.117,0.088,0.088,0.771,0.763,0.765,0.749,0.729,0.779,0.754,0.773,0.775,0.764,0.087,0.087,0.784,0.897,0.832,0.716,0.838,0.872,0.769,0.31,0.294,0.543,0.088,0.088,0.814,0.862,0.884,0.906,0.089,0.807,0.32,0.849,0.794,0.809,0.088,0.086,0.087,1.044,0.087,0.087,0.088,0.087,0.089,0.087,0.089,0.087,0.088
,11:50:00,45,0.087,0.088,0.088,0.088,0.088,0.086,0.087,0.086,0.086,0.086,0.087,0.086,0.087,0.381,0.173,0.363,0.217,0.448,0.453,0.359,0.343,0.246,0.496,0.087,0.086,0.445,0.224,0.351,0.157,0.376,0.352,0.324,0.296,0.124,0.109,0.087,0.097,0.427,0.235,0.236,0.466,0.155,0.164,0.331,0.411,0.132,0.117,0.087,0.088,0.769,0.763,0.762,0.747,0.727,0.778,0.752,0.77,0.775,0.762,0.087,0.087,0.781,0.895,0.832,0.714,0.839,0.872,0.77,0.309,0.293,0.54,0.087,0.087,0.815,0.862,0.885,0.906,0.089,0.807,0.32,0.848,0.793,0.808,0.088,0.086,0.087,1.045,0.087,0.087,0.088,0.087,0.09,0.087,0.089,0.087,0.088
,11:55:00,45,0.087,0.088,0.087,0.088,0.088,0.087,0.087,0.086,0.086,0.086,0.087,0.086,0.087,0.38,0.173,0.364,0.217,0.448,0.453,0.361,0.342,0.247,0.496,0.087,0.086,0.445,0.224,0.352,0.157,0.378,0.352,0.325,0.295,0.124,0.106,0.087,0.089,0.428,0.236,0.237,0.465,0.164,0.164,0.331,0.412,0.132,0.117,0.087,0.088,0.769,0.764,0.76,0.746,0.724,0.778,0.751,0.769,0.775,0.76,0.088,0.087,0.78,0.894,0.831,0.711,0.839,0.871,0.771,0.306,0.293,0.539,0.088,0.087,0.817,0.862,0.886,0.905,0.089,0.808,0.319,0.846,0.793,0.809,0.088,0.086,0.087,1.046,0.087,0.087,0.088,0.086,0.09,0.086,0.089,0.087,0.088
,12:00:00,45,0.086,0.088,0.087,0.088,0.088,0.087,0.087,0.086,0.086,0.086,0.087,0.086,0.087,0.38,0.174,0.364,0.219,0.449,0.453,0.361,0.342,0.248,0.496,0.087,0.086,0.445,0.225,0.352,0.157,0.379,0.353,0.325,0.297,0.124,0.106,0.087,0.089,0.427,0.236,0.237,0.465,0.151,0.164,0.33,0.412,0.132,0.117,0.087,0.088,0.768,0.765,0.758,0.745,0.722,0.777,0.749,0.767,0.774,0.759,0.087,0.087,0.778,0.894,0.83,0.709,0.839,0.869,0.773,0.307,0.292,0.537,0.087,0.087,0.814,0.861,0.887,0.905,0.089,0.809,0.318,0.845,0.792,0.809,0.088,0.086,0.087,1.046,0.086,0.086,0.088,0.086,0.089,0.086,0.088,0.089,0.088
,12:05:00,44.9,0.087,0.088,0.088,0.088,0.089,0.087,0.088,0.086,0.086,0.086,0.087,0.087,0.088,0.379,0.174,0.365,0.22,0.449,0.453,0.361,0.342,0.248,0.497,0.087,0.087,0.446,0.225,0.353,0.157,0.381,0.353,0.325,0.296,0.124,0.106,0.087,0.089,0.429,0.237,0.238,0.466,0.158,0.164,0.33,0.413,0.132,0.117,0.088,0.088,0.767,0.764,0.754,0.745,0.72,0.777,0.749,0.767,0.773,0.758,0.087,0.087,0.777,0.892,0.83,0.707,0.84,0.87,0.774,0.304,0.292,0.536,0.088,0.088,0.818,0.861,0.889,0.905,0.089,0.811,0.318,0.844,0.791,0.809,0.088,0.086,0.087,1.048,0.087,0.087,0.088,0.087,0.09,0.087,0.089,0.088,0.088
,12:10:00,45,0.087,0.088,0.088,0.087,0.089,0.086,0.087,0.086,0.086,0.086,0.087,0.086,0.087,0.379,0.174,0.365,0.221,0.448,0.453,0.361,0.343,0.249,0.496,0.087,0.086,0.446,0.226,0.354,0.157,0.382,0.354,0.326,0.297,0.124,0.109,0.087,0.089,0.43,0.237,0.239,0.465,0.16,0.164,0.329,0.413,0.132,0.117,0.087,0.088,0.766,0.763,0.75,0.743,0.717,0.775,0.747,0.765,0.772,0.757,0.087,0.087,0.774,0.891,0.83,0.703,0.84,0.869,0.775,0.303,0.291,0.535,0.087,0.087,0.817,0.861,0.889,0.905,0.089,0.811,0.317,0.842,0.79,0.807,0.088,0.086,0.087,1.048,0.086,0.086,0.088,0.087,0.09,0.087,0.089,0.087,0.088
,12:15:00,44.9,0.087,0.088,0.088,0.088,0.088,0.087,0.087,0.086,0.087,0.086,0.087,0.086,0.087,0.38,0.174,0.365,0.222,0.448,0.453,0.362,0.342,0.249,0.496,0.087,0.086,0.447,0.226,0.355,0.157,0.383,0.354,0.326,0.298,0.124,0.106,0.087,0.089,0.429,0.237,0.24,0.465,0.159,0.164,0.329,0.414,0.132,0.117,0.087,0.088,0.765,0.762,0.748,0.744,0.714,0.774,0.746,0.763,0.772,0.755,0.088,0.087,0.772,0.891,0.829,0.702,0.84,0.869,0.777,0.3,0.291,0.534,0.088,0.087,0.819,0.861,0.89,0.905,0.089,0.811,0.315,0.84,0.789,0.808,0.088,0.086,0.087,1.048,0.087,0.087,0.088,0.087,0.09,0.087,0.089,0.09,0.088
,12:20:00,45,0.086,0.088,0.088,0.088,0.089,0.087,0.087,0.086,0.086,0.086,0.087,0.086,0.088,0.379,0.174,0.366,0.223,0.449,0.453,0.363,0.341,0.248,0.496,0.087,0.086,0.446,0.226,0.356,0.157,0.385,0.354,0.326,0.298,0.124,0.108,0.087,0.089,0.431,0.237,0.241,0.465,0.163,0.165,0.328,0.414,0.132,0.117,0.087,0.088,0.763,0.761,0.744,0.743,0.711,0.773,0.745,0.761,0.771,0.753,0.088,0.087,0.772,0.889,0.829,0.699,0.84,0.869,0.778,0.297,0.29,0.531,0.088,0.087,0.823,0.86,0.89,0.906,0.089,0.813,0.315,0.839,0.789,0.807,0.087,0.086,0.087,1.049,0.087,0.087,0.088,0.087,0.09,0.087,0.089,0.087,0.088
,12:25:00,45,0.087,0.088,0.088,0.088,0.089,0.087,0.088,0.086,0.087,0.086,0.087,0.086,0.088,0.379,0.175,0.367,0.224,0.449,0.453,0.363,0.342,0.249,0.496,0.087,0.087,0.447,0.226,0.356,0.158,0.386,0.355,0.327,0.299,0.124,0.109,0.087,0.089,0.43,0.238,0.242,0.465,0.159,0.165,0.328,0.415,0.132,0.117,0.087,0.088,0.763,0.76,0.742,0.743,0.709,0.773,0.745,0.76,0.772,0.753,0.088,0.088,0.77,0.89,0.829,0.697,0.842,0.869,0.78,0.299,0.29,0.531,0.088,0.087,0.819,0.861,0.89,0.906,0.089,0.814,0.315,0.838,0.787,0.807,0.088,0.086,0.087,1.05,0.087,0.086,0.088,0.087,0.09,0.087,0.089,0.09,0.088
,12:30:00,45,0.086,0.088,0.088,0.088,0.088,0.086,0.087,0.085,0.086,0.086,0.087,0.086,0.087,0.379,0.174,0.366,0.223,0.448,0.453,0.362,0.341,0.249,0.496,0.086,0.086,0.446,0.226,0.357,0.158,0.386,0.355,0.326,0.295,0.124,0.108,0.087,0.089,0.425,0.238,0.241,0.465,0.158,0.164,0.327,0.415,0.131,0.117,0.087,0.088,0.763,0.76,0.74,0.743,0.706,0.771,0.743,0.758,0.772,0.751,0.087,0.087,0.771,0.889,0.828,0.695,0.842,0.869,0.78,0.295,0.29,0.528,0.087,0.087,0.823,0.861,0.889,0.905,0.089,0.815,0.314,0.836,0.788,0.807,0.087,0.085,0.087,1.05,0.086,0.086,0.087,0.086,0.089,0.086,0.088,0.086,0.087
,12:35:00,45,0.087,0.088,0.088,0.088,0.089,0.087,0.088,0.086,0.087,0.086,0.087,0.086,0.087,0.379,0.175,0.368,0.226,0.449,0.453,0.362,0.342,0.25,0.496,0.087,0.087,0.448,0.227,0.358,0.158,0.388,0.355,0.327,0.298,0.124,0.109,0.087,0.089,0.432,0.238,0.243,0.465,0.156,0.165,0.326,0.416,0.132,0.117,0.087,0.088,0.761,0.759,0.737,0.743,0.705,0.77,0.742,0.757,0.771,0.751,0.088,0.087,0.769,0.888,0.828,0.693,0.842,0.869,0.782,0.294,0.29,0.528,0.088,0.088,0.824,0.862,0.889,0.905,0.089,0.817,0.314,0.834,0.786,0.806,0.088,0.086,0.087,1.052,0.086,0.087,0.088,0.087,0.09,0.087,0.089,0.087,0.088
,12:40:00,45,0.086,0.088,0.088,0.088,0.089,0.086,0.088,0.086,0.086,0.086,0.087,0.086,0.087,0.378,0.175,0.368,0.227,0.449,0.453,0.361,0.342,0.251,0.496,0.087,0.086,0.448,0.227,0.359,0.158,0.39,0.356,0.327,0.297,0.124,0.109,0.087,0.089,0.433,0.238,0.244,0.464,0.163,0.165,0.325,0.416,0.132,0.117,0.087,0.088,0.76,0.757,0.734,0.744,0.701,0.769,0.741,0.756,0.772,0.749,0.087,0.087,0.768,0.887,0.828,0.692,0.842,0.869,0.782,0.294,0.29,0.527,0.087,0.087,0.823,0.863,0.888,0.905,0.089,0.817,0.313,0.833,0.787,0.807,0.088,0.086,0.087,1.052,0.086,0.087,0.088,0.087,0.09,0.087,0.089,0.087,0.088
,12:45:00,45,0.086,0.088,0.087,0.088,0.088,0.087,0.087,0.086,0.087,0.086,0.087,0.086,0.087,0.378,0.175,0.368,0.227,0.449,0.452,0.361,0.341,0.25,0.496,0.087,0.086,0.448,0.227,0.359,0.158,0.39,0.356,0.328,0.297,0.124,0.107,0.087,0.088,0.429,0.239,0.244,0.463,0.155,0.165,0.326,0.416,0.132,0.117,0.087,0.088,0.759,0.756,0.731,0.743,0.699,0.769,0.74,0.754,0.772,0.749,0.087,0.087,0.766,0.885,0.828,0.691,0.844,0.869,0.784,0.294,0.29,0.526,0.087,0.087,0.825,0.863,0.889,0.905,0.089,0.818,0.313,0.832,0.785,0.807,0.087,0.086,0.087,1.052,0.086,0.086,0.087,0.087,0.09,0.086,0.088,0.087,0.088
,12:50:00,45,0.087,0.088,0.088,0.088,0.089,0.087,0.087,0.086,0.086,0.087,0.087,0.086,0.088,0.379,0.175,0.369,0.229,0.449,0.453,0.36,0.341,0.252,0.496,0.087,0.086,0.448,0.227,0.36,0.158,0.392,0.357,0.328,0.299,0.124,0.106,0.087,0.089,0.435,0.24,0.245,0.464,0.169,0.166,0.325,0.417,0.132,0.117,0.088,0.088,0.759,0.754,0.729,0.743,0.697,0.768,0.74,0.753,0.774,0.748,0.087,0.087,0.765,0.885,0.828,0.689,0.845,0.87,0.786,0.292,0.29,0.525,0.088,0.088,0.828,0.865,0.887,0.905,0.089,0.819,0.312,0.829,0.783,0.807,0.088,0.086,0.087,1.054,0.087,0.087,0.088,0.087,0.09,0.087,0.089,0.087,0.088
,12:55:00,45,0.087,0.088,0.088,0.088,0.089,0.087,0.087,0.086,0.086,0.086,0.087,0.086,0.087,0.379,0.175,0.369,0.229,0.449,0.452,0.36,0.341,0.251,0.496,0.087,0.087,0.449,0.227,0.361,0.159,0.393,0.357,0.328,0.298,0.124,0.109,0.087,0.089,0.435,0.239,0.245,0.463,0.161,0.165,0.324,0.416,0.132,0.117,0.087,0.088,0.757,0.753,0.726,0.744,0.693,0.766,0.739,0.752,0.773,0.747,0.088,0.087,0.764,0.884,0.827,0.687,0.845,0.87,0.785,0.289,0.289,0.524,0.088,0.088,0.832,0.866,0.887,0.904,0.089,0.819,0.312,0.827,0.783,0.806,0.088,0.086,0.087,1.053,0.086,0.087,0.087,0.087,0.089,0.087,0.089,0.087,0.088
,13:00:00,45,0.086,0.088,0.088,0.087,0.088,0.087,0.087,0.086,0.086,0.086,0.087,0.086,0.087,0.378,0.175,0.37,0.23,0.449,0.452,0.36,0.341,0.251,0.496,0.087,0.086,0.449,0.227,0.361,0.158,0.394,0.358,0.328,0.298,0.124,0.109,0.086,0.089,0.433,0.239,0.246,0.463,0.171,0.165,0.323,0.417,0.132,0.117,0.087,0.088,0.757,0.752,0.723,0.744,0.691,0.766,0.738,0.75,0.773,0.747,0.088,0.087,0.762,0.884,0.826,0.685,0.845,0.871,0.786,0.288,0.289,0.524,0.087,0.087,0.829,0.867,0.888,0.905,0.088,0.82,0.311,0.827,0.782,0.807,0.088,0.086,0.087,1.054,0.087,0.086,0.087,0.087,0.089,0.086,0.088,0.089,0.088
,13:05:00,45,0.087,0.088,0.088,0.088,0.088,0.087,0.087,0.086,0.086,0.086,0.087,0.086,0.087,0.379,0.176,0.37,0.231,0.449,0.453,0.36,0.341,0.251,0.496,0.087,0.086,0.449,0.227,0.362,0.159,0.395,0.358,0.329,0.298,0.124,0.109,0.087,0.09,0.433,0.24,0.247,0.463,0.159,0.165,0.323,0.417,0.132,0.118,0.087,0.088,0.756,0.751,0.719,0.744,0.688,0.764,0.737,0.749,0.773,0.746,0.088,0.087,0.763,0.883,0.827,0.685,0.847,0.873,0.788,0.287,0.289,0.523,0.088,0.087,0.833,0.869,0.889,0.904,0.089,0.821,0.311,0.824,0.78,0.806,0.088,0.086,0.087,1.055,0.086,0.086,0.088,0.086,0.09,0.087,0.088,0.087,0.088
,13:10:00,45,0.087,0.088,0.088,0.088,0.089,0.087,0.088,0.086,0.087,0.086,0.087,0.087,0.087,0.378,0.176,0.371,0.231,0.448,0.452,0.36,0.341,0.251,0.497,0.087,0.087,0.449,0.228,0.363,0.159,0.395,0.358,0.329,0.299,0.124,0.105,0.087,0.089,0.434,0.241,0.247,0.463,0.167,0.165,0.322,0.418,0.132,0.117,0.087,0.088,0.755,0.749,0.718,0.744,0.685,0.764,0.736,0.748,0.773,0.746,0.088,0.088,0.761,0.881,0.825,0.683,0.847,0.873,0.787,0.286,0.289,0.521,0.088,0.088,0.838,0.871,0.89,0.905,0.089,0.823,0.312,0.822,0.78,0.807,0.088,0.086,0.088,1.055,0.087,0.087,0.088,0.087,0.09,0.087,0.089,0.092,0.088
,13:15:00,45,0.087,0.088,0.088,0.088,0.088,0.087,0.087,0.086,0.086,0.086,0.087,0.086,0.087,0.378,0.175,0.371,0.232,0.449,0.452,0.36,0.341,0.252,0.496,0.087,0.086,0.449,0.228,0.363,0.159,0.396,0.358,0.329,0.298,0.124,0.106,0.087,0.088,0.431,0.241,0.248,0.462,0.161,0.165,0.322,0.418,0.132,0.117,0.087,0.088,0.754,0.749,0.714,0.744,0.683,0.762,0.736,0.747,0.773,0.745,0.087,0.087,0.761,0.88,0.825,0.681,0.848,0.875,0.788,0.285,0.289,0.521,0.087,0.087,0.838,0.872,0.89,0.904,0.088,0.823,0.311,0.819,0.779,0.805,0.088,0.085,0.087,1.056,0.087,0.086,0.088,0.087,0.09,0.086,0.089,0.087,0.088
,13:20:00,45,0.087,0.088,0.088,0.088,0.089,0.086,0.088,0.086,0.086,0.086,0.087,0.086,0.087,0.377,0.176,0.371,0.234,0.448,0.452,0.36,0.341,0.253,0.496,0.087,0.087,0.449,0.227,0.364,0.159,0.396,0.358,0.329,0.301,0.124,0.106,0.087,0.089,0.434,0.24,0.248,0.462,0.166,0.165,0.322,0.418,0.132,0.118,0.087,0.088,0.753,0.747,0.711,0.745,0.681,0.761,0.734,0.746,0.774,0.744,0.088,0.087,0.761,0.878,0.824,0.68,0.848,0.876,0.787,0.283,0.289,0.52,0.087,0.087,0.842,0.875,0.891,0.903,0.089,0.824,0.311,0.818,0.777,0.805,0.088,0.086,0.087,1.057,0.086,0.086,0.088,0.087,0.09,0.086,0.088,0.087,0.088
,13:25:00,45,0.087,0.088,0.088,0.088,0.088,0.087,0.087,0.086,0.087,0.086,0.087,0.086,0.087,0.377,0.176,0.372,0.233,0.448,0.452,0.36,0.341,0.252,0.496,0.087,0.086,0.45,0.227,0.365,0.159,0.398,0.358,0.33,0.299,0.124,0.108,0.087,0.089,0.429,0.241,0.249,0.462,0.166,0.166,0.32,0.419,0.131,0.117,0.087,0.088,0.753,0.746,0.71,0.744,0.678,0.76,0.734,0.745,0.773,0.743,0.087,0.087,0.761,0.878,0.824,0.678,0.848,0.877,0.787,0.283,0.289,0.519,0.087,0.087,0.841,0.877,0.893,0.905,0.089,0.823,0.31,0.817,0.776,0.806,0.088,0.085,0.086,1.058,0.086,0.087,0.088,0.086,0.09,0.086,0.089,0.086,0.088
,13:30:00,45,0.087,0.088,0.088,0.088,0.088,0.086,0.088,0.086,0.087,0.086,0.087,0.086,0.087,0.377,0.176,0.373,0.235,0.448,0.451,0.36,0.341,0.253,0.497,0.087,0.087,0.449,0.228,0.365,0.159,0.399,0.358,0.33,0.3,0.124,0.107,0.087,0.089,0.432,0.241,0.25,0.462,0.163,0.166,0.321,0.419,0.132,0.118,0.087,0.088,0.753,0.745,0.706,0.743,0.676,0.759,0.733,0.743,0.775,0.742,0.087,0.087,0.761,0.876,0.824,0.678,0.851,0.879,0.789,0.281,0.29,0.518,0.088,0.087,0.847,0.878,0.892,0.904,0.089,0.823,0.31,0.814,0.774,0.804,0.088,0.086,0.087,1.06,0.086,0.086,0.088,0.087,0.09,0.087,0.089,0.087,0.088
,13:35:00,44.9,0.086,0.087,0.087,0.087,0.088,0.086,0.087,0.086,0.086,0.086,0.087,0.086,0.087,0.377,0.176,0.373,0.236,0.448,0.452,0.36,0.34,0.253,0.497,0.087,0.086,0.45,0.227,0.366,0.159,0.399,0.358,0.329,0.301,0.123,0.106,0.087,0.088,0.433,0.241,0.25,0.461,0.165,0.166,0.32,0.419,0.132,0.117,0.087,0.088,0.751,0.742,0.702,0.743,0.672,0.757,0.733,0.744,0.775,0.742,0.087,0.087,0.759,0.874,0.822,0.676,0.85,0.879,0.789,0.28,0.289,0.517,0.087,0.087,0.849,0.881,0.895,0.903,0.088,0.822,0.31,0.812,0.773,0.804,0.087,0.086,0.087,1.061,0.086,0.086,0.087,0.086,0.089,0.086,0.088,0.088,0.087
,13:40:00,45,0.086,0.088,0.088,0.088,0.088,0.086,0.087,0.086,0.086,0.086,0.087,0.086,0.087,0.376,0.176,0.373,0.236,0.448,0.451,0.36,0.34,0.254,0.497,0.087,0.086,0.45,0.227,0.367,0.159,0.399,0.358,0.33,0.3,0.124,0.105,0.087,0.089,0.433,0.241,0.251,0.461,0.168,0.166,0.319,0.419,0.132,0.118,0.087,0.088,0.752,0.741,0.7,0.743,0.67,0.757,0.733,0.743,0.776,0.743,0.088,0.087,0.759,0.872,0.822,0.675,0.851,0.881,0.789,0.277,0.289,0.517,0.088,0.088,0.848,0.883,0.897,0.904,0.088,0.823,0.31,0.811,0.771,0.805,0.088,0.086,0.087,1.062,0.086,0.086,0.087,0.087,0.089,0.087,0.088,0.087,0.088
,13:45:00,45,0.087,0.088,0.088,0.088,0.088,0.086,0.087,0.086,0.086,0.086,0.087,0.086,0.088,0.376,0.176,0.373,0.234,0.448,0.451,0.361,0.34,0.254,0.497,0.087,0.086,0.45,0.228,0.367,0.159,0.401,0.358,0.331,0.296,0.124,0.109,0.087,0.089,0.429,0.242,0.251,0.462,0.167,0.166,0.319,0.42,0.132,0.118,0.087,0.088,0.751,0.74,0.699,0.742,0.667,0.755,0.733,0.743,0.778,0.741,0.088,0.087,0.761,0.873,0.822,0.674,0.853,0.882,0.789,0.277,0.29,0.516,0.087,0.087,0.85,0.886,0.9,0.904,0.089,0.823,0.311,0.811,0.772,0.804,0.088,0.086,0.087,1.065,0.087,0.086,0.088,0.087,0.09,0.087,0.089,0.087,0.088
,13:50:00,45,0.087,0.088,0.088,0.088,0.089,0.086,0.087,0.086,0.086,0.086,0.087,0.086,0.087,0.376,0.176,0.374,0.238,0.448,0.451,0.361,0.34,0.255,0.497,0.087,0.087,0.45,0.228,0.369,0.16,0.401,0.358,0.331,0.304,0.124,0.106,0.087,0.089,0.436,0.242,0.252,0.461,0.172,0.166,0.319,0.42,0.132,0.118,0.087,0.088,0.751,0.738,0.696,0.741,0.665,0.754,0.733,0.743,0.777,0.741,0.088,0.087,0.76,0.869,0.822,0.673,0.853,0.883,0.789,0.277,0.289,0.515,0.088,0.087,0.856,0.888,0.9,0.904,0.089,0.822,0.31,0.809,0.77,0.804,0.088,0.086,0.087,1.066,0.086,0.087,0.088,0.087,0.09,0.087,0.089,0.093,0.088
,13:55:00,45,0.087,0.088,0.088,0.088,0.088,0.086,0.087,0.086,0.086,0.086,0.087,0.086,0.087,0.375,0.176,0.374,0.239,0.447,0.451,0.36,0.34,0.254,0.497,0.087,0.087,0.45,0.228,0.368,0.159,0.403,0.358,0.33,0.301,0.124,0.107,0.087,0.089,0.435,0.242,0.251,0.461,0.165,0.166,0.317,0.421,0.131,0.118,0.087,0.089,0.751,0.737,0.692,0.741,0.662,0.753,0.733,0.743,0.778,0.741,0.088,0.087,0.761,0.868,0.822,0.672,0.853,0.884,0.789,0.274,0.289,0.515,0.087,0.087,0.854,0.89,0.9,0.905,0.088,0.823,0.31,0.808,0.77,0.804,0.088,0.086,0.087,1.069,0.086,0.086,0.088,0.087,0.089,0.087,0.089,0.087,0.088
,14:00:00,45,0.087,0.088,0.088,0.088,0.089,0.087,0.087,0.086,0.086,0.086,0.087,0.086,0.087,0.375,0.176,0.375,0.236,0.447,0.451,0.361,0.34,0.254,0.498,0.087,0.086,0.451,0.228,0.368,0.159,0.403,0.358,0.331,0.297,0.124,0.108,0.087,0.088,0.433,0.243,0.252,0.461,0.171,0.166,0.317,0.422,0.132,0.118,0.087,0.088,0.75,0.736,0.691,0.742,0.66,0.752,0.734,0.743,0.778,0.74,0.087,0.087,0.763,0.868,0.823,0.671,0.856,0.886,0.79,0.272,0.289,0.513,0.087,0.088,0.861,0.893,0.901,0.905,0.088,0.822,0.311,0.806,0.773,0.804,0.088,0.086,0.087,1.073,0.086,0.086,0.088,0.087,0.09,0.087,0.089,0.087,0.088
,14:05:00,45,0.086,0.088,0.088,0.087,0.088,0.086,0.087,0.086,0.086,0.086,0.087,0.086,0.087,0.375,0.177,0.374,0.241,0.447,0.451,0.361,0.34,0.255,0.498,0.087,0.086,0.45,0.228,0.369,0.159,0.403,0.358,0.33,0.305,0.124,0.108,0.087,0.089,0.435,0.243,0.253,0.46,0.167,0.166,0.316,0.421,0.131,0.118,0.087,0.088,0.748,0.734,0.688,0.742,0.658,0.75,0.733,0.743,0.778,0.739,0.087,0.087,0.764,0.865,0.823,0.671,0.857,0.887,0.789,0.274,0.289,0.513,0.087,0.087,0.865,0.896,0.901,0.906,0.088,0.822,0.31,0.805,0.774,0.801,0.088,0.086,0.087,1.076,0.086,0.086,0.087,0.087,0.09,0.086,0.089,0.087,0.088
,14:10:00,45,0.087,0.088,0.088,0.087,0.088,0.086,0.087,0.086,0.086,0.086,0.087,0.086,0.087,0.374,0.177,0.375,0.241,0.447,0.45,0.361,0.34,0.252,0.498,0.087,0.087,0.451,0.229,0.369,0.16,0.404,0.358,0.331,0.304,0.124,0.107,0.087,0.089,0.43,0.243,0.253,0.461,0.172,0.166,0.316,0.422,0.132,0.118,0.087,0.088,0.748,0.733,0.685,0.742,0.655,0.749,0.733,0.744,0.779,0.738,0.087,0.087,0.764,0.864,0.823,0.669,0.859,0.888,0.79,0.272,0.289,0.513,0.087,0.087,0.864,0.897,0.903,0.907,0.089,0.822,0.31,0.804,0.776,0.802,0.088,0.086,0.087,1.079,0.086,0.086,0.088,0.087,0.09,0.087,0.089,0.087,0.088
,14:15:00,45,0.087,0.088,0.088,0.088,0.088,0.087,0.087,0.086,0.086,0.086,0.087,0.086,0.087,0.374,0.177,0.376,0.241,0.447,0.45,0.361,0.34,0.252,0.498,0.087,0.086,0.451,0.228,0.369,0.16,0.404,0.358,0.332,0.303,0.124,0.107,0.087,0.089,0.429,0.243,0.254,0.46,0.161,0.166,0.316,0.423,0.131,0.118,0.087,0.088,0.747,0.732,0.682,0.743,0.653,0.749,0.733,0.744,0.779,0.737,0.088,0.087,0.764,0.864,0.823,0.668,0.86,0.89,0.79,0.271,0.289,0.513,0.087,0.087,0.869,0.9,0.903,0.909,0.088,0.821,0.309,0.803,0.775,0.801,0.087,0.086,0.087,1.082,0.086,0.086,0.088,0.086,0.089,0.086,0.089,0.089,0.088
,14:20:00,45,0.087,0.088,0.088,0.088,0.089,0.087,0.088,0.086,0.087,0.086,0.087,0.086,0.087,0.374,0.178,0.376,0.242,0.447,0.451,0.361,0.34,0.255,0.499,0.087,0.087,0.451,0.229,0.369,0.161,0.406,0.358,0.332,0.305,0.124,0.108,0.087,0.089,0.433,0.244,0.254,0.461,0.175,0.167,0.315,0.423,0.132,0.118,0.087,0.088,0.747,0.731,0.68,0.744,0.651,0.748,0.734,0.745,0.78,0.737,0.088,0.088,0.766,0.862,0.824,0.667,0.861,0.892,0.791,0.27,0.289,0.513,0.088,0.088,0.873,0.903,0.905,0.909,0.089,0.821,0.31,0.802,0.774,0.8,0.088,0.086,0.087,1.085,0.087,0.087,0.088,0.087,0.09,0.087,0.089,0.087,0.088
,14:25:00,45,0.087,0.088,0.088,0.088,0.089,0.087,0.087,0.086,0.086,0.086,0.087,0.086,0.087,0.374,0.177,0.377,0.242,0.447,0.45,0.36,0.34,0.256,0.499,0.087,0.086,0.452,0.229,0.37,0.161,0.406,0.358,0.332,0.304,0.124,0.105,0.087,0.089,0.436,0.244,0.254,0.46,0.169,0.166,0.315,0.423,0.132,0.118,0.087,0.088,0.746,0.728,0.678,0.745,0.648,0.747,0.734,0.746,0.78,0.736,0.088,0.087,0.768,0.861,0.823,0.667,0.862,0.893,0.791,0.267,0.289,0.512,0.087,0.087,0.876,0.905,0.904,0.908,0.089,0.82,0.309,0.799,0.773,0.8,0.087,0.086,0.087,1.087,0.087,0.087,0.088,0.087,0.09,0.087,0.089,0.087,0.088
,14:30:00,44.9,0.087,0.087,0.088,0.088,0.088,0.087,0.087,0.086,0.086,0.086,0.087,0.086,0.087,0.373,0.177,0.377,0.242,0.446,0.45,0.36,0.34,0.256,0.499,0.087,0.087,0.451,0.229,0.369,0.16,0.406,0.358,0.333,0.303,0.124,0.108,0.086,0.089,0.433,0.243,0.254,0.46,0.172,0.166,0.314,0.423,0.132,0.118,0.087,0.088,0.746,0.728,0.676,0.746,0.646,0.745,0.734,0.746,0.78,0.735,0.087,0.087,0.769,0.859,0.823,0.665,0.862,0.895,0.791,0.266,0.288,0.512,0.087,0.087,0.878,0.906,0.902,0.909,0.089,0.82,0.309,0.798,0.773,0.797,0.088,0.086,0.087,1.088,0.086,0.086,0.088,0.086,0.09,0.086,0.089,0.087,0.088
,14:35:00,44.9,0.086,0.088,0.088,0.088,0.088,0.087,0.087,0.086,0.086,0.086,0.087,0.086,0.087,0.373,0.177,0.377,0.244,0.446,0.45,0.36,0.34,0.257,0.499,0.087,0.086,0.451,0.229,0.37,0.161,0.406,0.357,0.333,0.306,0.124,0.105,0.087,0.089,0.431,0.244,0.255,0.459,0.166,0.167,0.314,0.423,0.132,0.118,0.087,0.09,0.744,0.727,0.673,0.748,0.644,0.744,0.734,0.747,0.781,0.734,0.087,0.087,0.768,0.858,0.823,0.664,0.863,0.897,0.792,0.266,0.289,0.511,0.088,0.087,0.883,0.908,0.902,0.911,0.089,0.821,0.309,0.796,0.772,0.795,0.088,0.086,0.087,1.091,0.087,0.086,0.088,0.087,0.09,0.087,0.089,0.09,0.088
,14:40:00,45,0.086,0.087,0.088,0.087,0.088,0.086,0.087,0.085,0.086,0.086,0.087,0.085,0.087,0.372,0.178,0.377,0.244,0.445,0.449,0.36,0.339,0.257,0.499,0.087,0.086,0.451,0.228,0.369,0.16,0.406,0.357,0.333,0.305,0.124,0.105,0.087,0.088,0.429,0.244,0.255,0.458,0.167,0.166,0.313,0.423,0.131,0.118,0.087,0.088,0.744,0.724,0.67,0.748,0.641,0.743,0.733,0.75,0.78,0.733,0.087,0.087,0.769,0.855,0.823,0.663,0.862,0.898,0.792,0.263,0.288,0.51,0.087,0.087,0.884,0.908,0.901,0.91,0.088,0.82,0.309,0.794,0.771,0.794,0.088,0.085,0.087,1.092,0.086,0.086,0.087,0.086,0.089,0.086,0.088,0.086,0.088
,14:45:00,45,0.087,0.088,0.088,0.088,0.088,0.086,0.087,0.086,0.086,0.086,0.087,0.086,0.087,0.372,0.177,0.377,0.244,0.445,0.449,0.36,0.339,0.257,0.5,0.087,0.086,0.451,0.229,0.37,0.161,0.407,0.357,0.334,0.302,0.124,0.105,0.087,0.088,0.427,0.244,0.256,0.459,0.173,0.166,0.312,0.424,0.131,0.118,0.087,0.088,0.745,0.724,0.67,0.75,0.638,0.742,0.733,0.751,0.781,0.732,0.088,0.087,0.771,0.856,0.824,0.663,0.864,0.901,0.793,0.261,0.288,0.51,0.087,0.088,0.888,0.912,0.902,0.912,0.088,0.82,0.309,0.792,0.769,0.792,0.088,0.086,0.087,1.095,0.086,0.086,0.088,0.086,0.09,0.086,0.089,0.087,0.088
,14:50:00,45,0.086,0.088,0.088,0.088,0.088,0.086,0.087,0.086,0.086,0.086,0.087,0.086,0.087,0.372,0.178,0.378,0.245,0.445,0.449,0.36,0.339,0.256,0.499,0.087,0.087,0.452,0.229,0.37,0.161,0.407,0.357,0.334,0.302,0.124,0.108,0.087,0.089,0.428,0.244,0.256,0.459,0.166,0.167,0.312,0.424,0.131,0.118,0.087,0.088,0.743,0.722,0.667,0.752,0.637,0.741,0.733,0.753,0.781,0.731,0.087,0.087,0.771,0.854,0.825,0.662,0.866,0.903,0.793,0.259,0.287,0.509,0.088,0.087,0.887,0.913,0.903,0.913,0.089,0.82,0.309,0.789,0.767,0.79,0.088,0.086,0.087,1.096,0.087,0.086,0.088,0.086,0.09,0.086,0.089,0.087,0.089
,14:55:00,45,0.087,0.088,0.088,0.088,0.088,0.087,0.087,0.086,0.086,0.086,0.087,0.085,0.087,0.372,0.177,0.379,0.246,0.445,0.449,0.36,0.339,0.254,0.5,0.087,0.086,0.451,0.229,0.37,0.161,0.407,0.357,0.334,0.304,0.124,0.106,0.087,0.089,0.432,0.245,0.256,0.458,0.167,0.167,0.311,0.424,0.131,0.118,0.087,0.088,0.743,0.721,0.665,0.754,0.635,0.741,0.733,0.755,0.781,0.731,0.088,0.087,0.775,0.851,0.826,0.661,0.866,0.905,0.794,0.26,0.288,0.509,0.088,0.087,0.887,0.914,0.903,0.914,0.089,0.821,0.309,0.786,0.768,0.789,0.088,0.086,0.087,1.096,0.086,0.086,0.087,0.087,0.09,0.086,0.089,0.087,0.088
,15:00:00,45,0.087,0.088,0.088,0.088,0.089,0.087,0.087,0.086,0.086,0.086,0.087,0.086,0.087,0.372,0.178,0.379,0.247,0.444,0.449,0.359,0.339,0.257,0.5,0.087,0.086,0.451,0.229,0.37,0.161,0.407,0.357,0.334,0.303,0.124,0.104,0.087,0.089,0.424,0.245,0.257,0.458,0.166,0.166,0.31,0.425,0.132,0.119,0.087,0.088,0.741,0.719,0.662,0.756,0.632,0.739,0.733,0.757,0.782,0.73,0.088,0.087,0.777,0.85,0.826,0.66,0.866,0.906,0.794,0.258,0.287,0.51,0.087,0.087,0.891,0.916,0.903,0.915,0.089,0.821,0.309,0.783,0.767,0.786,0.088,0.086,0.087,1.097,0.087,0.086,0.088,0.087,0.09,0.086,0.089,0.087,0.088
,15:05:00,45,0.086,0.088,0.088,0.088,0.089,0.087,0.088,0.086,0.086,0.086,0.087,0.086,0.087,0.371,0.178,0.379,0.246,0.444,0.448,0.359,0.339,0.258,0.5,0.087,0.086,0.451,0.229,0.37,0.161,0.407,0.356,0.333,0.302,0.124,0.107,0.087,0.088,0.43,0.245,0.257,0.458,0.17,0.167,0.31,0.425,0.131,0.118,0.087,0.088,0.741,0.718,0.659,0.757,0.63,0.738,0.733,0.759,0.783,0.73,0.088,0.087,0.778,0.849,0.825,0.66,0.868,0.907,0.795,0.257,0.287,0.509,0.087,0.087,0.893,0.918,0.906,0.916,0.089,0.82,0.309,0.781,0.764,0.786,0.088,0.086,0.087,1.097,0.087,0.086,0.088,0.086,0.09,0.086,0.089,0.086,0.088
,15:10:00,45,0.087,0.088,0.088,0.088,0.089,0.087,0.088,0.086,0.086,0.086,0.087,0.086,0.087,0.371,0.178,0.379,0.247,0.444,0.448,0.359,0.339,0.258,0.501,0.087,0.086,0.451,0.229,0.37,0.162,0.407,0.356,0.334,0.302,0.124,0.106,0.087,0.089,0.429,0.245,0.257,0.458,0.171,0.167,0.31,0.425,0.132,0.118,0.087,0.091,0.74,0.716,0.656,0.758,0.628,0.736,0.733,0.759,0.782,0.729,0.087,0.087,0.779,0.848,0.827,0.659,0.868,0.908,0.795,0.254,0.287,0.51,0.087,0.088,0.899,0.92,0.905,0.916,0.089,0.82,0.309,0.777,0.761,0.785,0.088,0.086,0.087,1.098,0.087,0.086,0.088,0.087,0.09,0.086,0.089,0.09,0.088
,15:15:00,44.9,0.086,0.087,0.088,0.088,0.088,0.086,0.087,0.086,0.086,0.085,0.086,0.085,0.087,0.37,0.178,0.379,0.248,0.443,0.448,0.358,0.338,0.254,0.5,0.087,0.086,0.451,0.229,0.37,0.161,0.406,0.356,0.333,0.303,0.124,0.105,0.087,0.088,0.429,0.245,0.258,0.457,0.164,0.167,0.309,0.425,0.131,0.118,0.087,0.088,0.739,0.715,0.654,0.759,0.626,0.735,0.733,0.761,0.782,0.73,0.087,0.086,0.779,0.846,0.827,0.658,0.867,0.908,0.795,0.253,0.288,0.508,0.087,0.087,0.901,0.922,0.904,0.917,0.088,0.821,0.308,0.774,0.759,0.781,0.088,0.085,0.087,1.098,0.086,0.086,0.087,0.086,0.089,0.086,0.088,0.086,0.088
,15:20:00,45,0.087,0.088,0.088,0.088,0.088,0.087,0.087,0.086,0.086,0.086,0.087,0.086,0.087,0.37,0.178,0.38,0.247,0.443,0.448,0.358,0.339,0.258,0.501,0.087,0.087,0.452,0.229,0.369,0.161,0.407,0.356,0.334,0.302,0.124,0.108,0.087,0.089,0.43,0.246,0.258,0.457,0.161,0.167,0.309,0.426,0.132,0.119,0.087,0.088,0.738,0.713,0.653,0.761,0.624,0.734,0.734,0.762,0.783,0.731,0.088,0.087,0.782,0.845,0.828,0.657,0.869,0.908,0.796,0.251,0.288,0.508,0.088,0.087,0.903,0.924,0.905,0.92,0.089,0.822,0.309,0.772,0.759,0.781,0.088,0.086,0.087,1.099,0.087,0.086,0.088,0.087,0.09,0.087,0.089,0.087,0.088
,15:25:00,45,0.086,0.088,0.088,0.088,0.088,0.087,0.087,0.086,0.086,0.086,0.087,0.085,0.087,0.37,0.178,0.379,0.249,0.443,0.448,0.358,0.339,0.256,0.501,0.087,0.087,0.452,0.229,0.37,0.162,0.407,0.356,0.334,0.303,0.124,0.105,0.087,0.088,0.429,0.246,0.258,0.457,0.158,0.167,0.308,0.427,0.131,0.118,0.087,0.088,0.737,0.711,0.65,0.761,0.622,0.732,0.736,0.761,0.783,0.731,0.088,0.087,0.783,0.845,0.829,0.657,0.87,0.909,0.796,0.25,0.288,0.507,0.088,0.087,0.903,0.926,0.906,0.92,0.088,0.823,0.309,0.768,0.757,0.777,0.088,0.086,0.087,1.099,0.086,0.086,0.088,0.087,0.09,0.086,0.089,0.086,0.088
,15:30:00,45,0.087,0.088,0.088,0.088,0.088,0.087,0.087,0.086,0.086,0.086,0.087,0.085,0.087,0.369,0.178,0.378,0.249,0.443,0.448,0.358,0.339,0.258,0.502,0.087,0.086,0.452,0.229,0.37,0.162,0.406,0.356,0.334,0.302,0.124,0.108,0.087,0.097,0.429,0.246,0.258,0.456,0.171,0.167,0.307,0.427,0.131,0.119,0.087,0.088,0.736,0.709,0.648,0.762,0.619,0.732,0.736,0.762,0.783,0.73,0.087,0.087,0.783,0.842,0.83,0.656,0.87,0.909,0.797,0.248,0.288,0.507,0.088,0.087,0.908,0.928,0.904,0.92,0.089,0.823,0.308,0.765,0.756,0.777,0.088,0.086,0.087,1.098,0.086,0.086,0.088,0.086,0.09,0.086,0.088,0.087,0.088
,15:35:00,45,0.086,0.088,0.088,0.087,0.088,0.087,0.087,0.086,0.086,0.086,0.086,0.085,0.087,0.369,0.178,0.377,0.25,0.442,0.447,0.357,0.338,0.255,0.502,0.087,0.087,0.452,0.229,0.369,0.162,0.406,0.356,0.334,0.301,0.124,0.107,0.087,0.089,0.429,0.246,0.259,0.456,0.17,0.167,0.307,0.427,0.131,0.119,0.087,0.088,0.735,0.708,0.646,0.762,0.617,0.73,0.735,0.762,0.784,0.73,0.088,0.087,0.784,0.841,0.831,0.655,0.87,0.909,0.797,0.248,0.288,0.508,0.088,0.087,0.912,0.929,0.904,0.921,0.088,0.824,0.309,0.761,0.754,0.773,0.087,0.085,0.087,1.098,0.086,0.086,0.087,0.087,0.09,0.086,0.089,0.091,0.088
,15:40:00,44.9,0.086,0.087,0.088,0.087,0.088,0.086,0.087,0.086,0.086,0.085,0.086,0.085,0.087,0.368,0.178,0.377,0.249,0.442,0.447,0.357,0.338,0.256,0.501,0.087,0.086,0.452,0.229,0.369,0.163,0.406,0.355,0.334,0.3,0.124,0.105,0.087,0.088,0.428,0.246,0.258,0.455,0.176,0.167,0.306,0.427,0.131,0.119,0.087,0.09,0.735,0.706,0.645,0.763,0.615,0.729,0.735,0.762,0.783,0.731,0.087,0.087,0.784,0.84,0.831,0.655,0.871,0.908,0.798,0.246,0.287,0.507,0.087,0.087,0.915,0.931,0.901,0.921,0.088,0.824,0.308,0.756,0.752,0.774,0.087,0.085,0.087,1.098,0.086,0.086,0.087,0.086,0.089,0.086,0.088,0.086,0.088
,15:45:00,45,0.086,0.088,0.088,0.088,0.088,0.086,0.087,0.086,0.086,0.086,0.087,0.085,0.087,0.367,0.178,0.377,0.25,0.442,0.447,0.357,0.338,0.26,0.502,0.087,0.087,0.452,0.229,0.369,0.163,0.406,0.355,0.334,0.3,0.124,0.108,0.087,0.089,0.429,0.246,0.259,0.455,0.174,0.167,0.305,0.427,0.131,0.119,0.087,0.088,0.734,0.704,0.643,0.763,0.613,0.727,0.736,0.762,0.785,0.731,0.088,0.087,0.783,0.839,0.833,0.654,0.872,0.909,0.798,0.244,0.288,0.506,0.087,0.087,0.913,0.933,0.899,0.922,0.089,0.824,0.309,0.753,0.75,0.771,0.088,0.086,0.087,1.098,0.086,0.086,0.088,0.086,0.089,0.086,0.088,0.087,0.088
,15:50:00,45,0.087,0.088,0.088,0.088,0.088,0.087,0.087,0.086,0.086,0.086,0.087,0.085,0.087,0.367,0.178,0.377,0.252,0.442,0.447,0.357,0.338,0.259,0.502,0.087,0.086,0.453,0.23,0.37,0.162,0.407,0.355,0.335,0.301,0.124,0.106,0.087,0.089,0.427,0.246,0.26,0.455,0.179,0.167,0.306,0.428,0.131,0.119,0.087,0.088,0.735,0.703,0.641,0.764,0.611,0.727,0.736,0.763,0.787,0.733,0.087,0.087,0.784,0.838,0.834,0.654,0.872,0.91,0.799,0.243,0.288,0.506,0.088,0.087,0.92,0.935,0.901,0.923,0.089,0.826,0.309,0.749,0.75,0.767,0.088,0.085,0.087,1.097,0.087,0.086,0.088,0.087,0.09,0.086,0.089,0.087,0.088
,15:55:00,45,0.086,0.088,0.088,0.088,0.088,0.087,0.087,0.086,0.086,0.086,0.087,0.085,0.087,0.367,0.178,0.376,0.252,0.442,0.447,0.357,0.338,0.259,0.502,0.087,0.087,0.452,0.23,0.369,0.163,0.406,0.355,0.334,0.302,0.124,0.108,0.087,0.089,0.428,0.247,0.26,0.455,0.156,0.167,0.305,0.428,0.131,0.119,0.087,0.088,0.734,0.702,0.64,0.764,0.609,0.726,0.737,0.763,0.79,0.734,0.088,0.087,0.784,0.836,0.837,0.654,0.872,0.909,0.8,0.242,0.288,0.505,0.088,0.087,0.918,0.937,0.899,0.923,0.089,0.825,0.309,0.745,0.746,0.769,0.088,0.086,0.087,1.098,0.086,0.086,0.088,0.087,0.089,0.087,0.089,0.087,0.088
,16:00:00,44.9,0.086,0.088,0.088,0.087,0.088,0.087,0.087,0.086,0.086,0.086,0.087,0.085,0.087,0.366,0.178,0.377,0.251,0.442,0.447,0.356,0.338,0.259,0.502,0.087,0.086,0.452,0.23,0.369,0.163,0.405,0.354,0.334,0.299,0.124,0.107,0.087,0.097,0.433,0.246,0.26,0.454,0.169,0.167,0.304,0.428,0.131,0.119,0.087,0.088,0.733,0.7,0.638,0.764,0.607,0.724,0.737,0.763,0.793,0.735,0.087,0.087,0.785,0.833,0.839,0.653,0.872,0.909,0.803,0.24,0.289,0.506,0.087,0.088,0.917,0.938,0.901,0.923,0.089,0.824,0.308,0.742,0.747,0.763,0.088,0.085,0.087,1.097,0.086,0.086,0.088,0.087,0.089,0.086,0.088,0.087,0.088
,16:05:00,45,0.087,0.088,0.088,0.087,0.088,0.087,0.087,0.086,0.086,0.086,0.087,0.085,0.087,0.366,0.178,0.376,0.251,0.441,0.447,0.356,0.338,0.256,0.502,0.087,0.086,0.453,0.23,0.369,0.163,0.406,0.354,0.334,0.299,0.124,0.107,0.087,0.089,0.427,0.246,0.26,0.454,0.175,0.167,0.303,0.429,0.131,0.119,0.087,0.088,0.733,0.698,0.637,0.764,0.605,0.722,0.737,0.763,0.797,0.737,0.087,0.087,0.785,0.833,0.842,0.653,0.872,0.909,0.802,0.239,0.289,0.505,0.087,0.087,0.928,0.94,0.9,0.924,0.088,0.826,0.308,0.74,0.745,0.764,0.088,0.086,0.087,1.096,0.086,0.087,0.088,0.086,0.089,0.086,0.088,0.087,0.088
,16:10:00,45,0.086,0.087,0.088,0.088,0.088,0.086,0.087,0.086,0.086,0.086,0.087,0.085,0.087,0.365,0.178,0.376,0.251,0.441,0.446,0.355,0.338,0.256,0.503,0.087,0.087,0.453,0.23,0.369,0.163,0.406,0.354,0.334,0.297,0.124,0.107,0.087,0.088,0.423,0.247,0.26,0.454,0.179,0.167,0.302,0.429,0.131,0.119,0.087,0.088,0.732,0.697,0.634,0.764,0.602,0.721,0.737,0.763,0.798,0.738,0.088,0.087,0.784,0.831,0.844,0.652,0.873,0.908,0.802,0.236,0.289,0.504,0.088,0.087,0.921,0.941,0.9,0.924,0.088,0.824,0.309,0.736,0.743,0.764,0.088,0.085,0.087,1.096,0.086,0.086,0.087,0.087,0.09,0.086,0.088,0.087,0.087
,16:15:00,44.9,0.087,0.088,0.088,0.088,0.089,0.087,0.088,0.086,0.087,0.086,0.087,0.085,0.088,0.366,0.179,0.377,0.253,0.441,0.447,0.356,0.339,0.26,0.504,0.087,0.087,0.454,0.231,0.369,0.164,0.406,0.354,0.334,0.301,0.125,0.107,0.088,0.089,0.423,0.248,0.261,0.453,0.171,0.168,0.303,0.43,0.131,0.119,0.087,0.088,0.731,0.696,0.632,0.764,0.601,0.721,0.738,0.763,0.798,0.74,0.088,0.088,0.785,0.83,0.848,0.652,0.873,0.909,0.803,0.236,0.289,0.505,0.088,0.088,0.924,0.943,0.903,0.925,0.089,0.824,0.309,0.733,0.742,0.759,0.088,0.086,0.088,1.097,0.087,0.087,0.088,0.087,0.09,0.087,0.089,0.087,0.088
,16:20:00,45,0.086,0.088,0.088,0.088,0.088,0.087,0.087,0.086,0.086,0.086,0.087,0.085,0.087,0.365,0.178,0.376,0.253,0.441,0.446,0.355,0.338,0.258,0.503,0.087,0.086,0.453,0.23,0.369,0.164,0.406,0.354,0.334,0.3,0.124,0.106,0.087,0.089,0.424,0.248,0.261,0.454,0.173,0.167,0.302,0.43,0.131,0.119,0.087,0.09,0.731,0.694,0.631,0.764,0.598,0.719,0.737,0.763,0.798,0.741,0.087,0.087,0.785,0.828,0.851,0.652,0.873,0.908,0.804,0.236,0.288,0.506,0.087,0.087,0.932,0.944,0.901,0.925,0.089,0.822,0.309,0.73,0.741,0.756,0.088,0.085,0.087,1.096,0.086,0.086,0.088,0.087,0.089,0.087,0.089,0.087,0.088
,16:25:00,44.9,0.087,0.088,0.088,0.088,0.089,0.087,0.087,0.086,0.086,0.086,0.087,0.085,0.087,0.365,0.179,0.376,0.254,0.441,0.447,0.355,0.338,0.26,0.504,0.087,0.087,0.454,0.231,0.369,0.164,0.406,0.354,0.334,0.299,0.125,0.107,0.087,0.089,0.425,0.248,0.262,0.454,0.178,0.168,0.302,0.431,0.132,0.119,0.087,0.09,0.73,0.693,0.629,0.765,0.596,0.718,0.737,0.763,0.797,0.742,0.088,0.087,0.786,0.828,0.854,0.651,0.873,0.908,0.804,0.234,0.289,0.506,0.088,0.087,0.935,0.945,0.905,0.925,0.089,0.819,0.309,0.726,0.741,0.755,0.088,0.086,0.087,1.096,0.087,0.087,0.088,0.087,0.09,0.087,0.089,0.087,0.088
,16:30:00,45,0.086,0.088,0.088,0.088,0.089,0.087,0.087,0.086,0.086,0.086,0.087,0.085,0.087,0.364,0.179,0.376,0.253,0.44,0.446,0.355,0.338,0.258,0.503,0.087,0.087,0.454,0.23,0.368,0.164,0.405,0.354,0.334,0.299,0.125,0.104,0.087,0.089,0.427,0.248,0.261,0.453,0.177,0.168,0.301,0.431,0.131,0.119,0.087,0.088,0.73,0.69,0.627,0.764,0.594,0.717,0.737,0.764,0.798,0.743,0.088,0.087,0.787,0.824,0.858,0.652,0.872,0.909,0.805,0.234,0.289,0.506,0.087,0.087,0.937,0.946,0.904,0.925,0.088,0.817,0.308,0.724,0.739,0.755,0.088,0.086,0.087,1.095,0.086,0.086,0.088,0.086,0.09,0.086,0.088,0.087,0.088
,16:35:00,45,0.086,0.088,0.088,0.088,0.089,0.087,0.087,0.086,0.086,0.086,0.087,0.085,0.087,0.363,0.179,0.376,0.255,0.44,0.446,0.355,0.338,0.26,0.503,0.087,0.086,0.455,0.231,0.369,0.164,0.406,0.354,0.334,0.301,0.125,0.106,0.087,0.089,0.429,0.248,0.262,0.453,0.171,0.168,0.301,0.431,0.131,0.119,0.087,0.088,0.729,0.689,0.625,0.764,0.593,0.717,0.737,0.763,0.797,0.745,0.088,0.087,0.787,0.823,0.86,0.652,0.873,0.909,0.806,0.232,0.289,0.508,0.088,0.087,0.943,0.948,0.909,0.926,0.089,0.815,0.309,0.721,0.737,0.752,0.088,0.086,0.087,1.095,0.087,0.087,0.088,0.087,0.09,0.086,0.089,0.091,0.088
,16:40:00,45,0.086,0.088,0.088,0.088,0.089,0.086,0.087,0.086,0.086,0.086,0.087,0.085,0.087,0.363,0.179,0.376,0.254,0.44,0.445,0.354,0.338,0.258,0.504,0.087,0.086,0.454,0.23,0.368,0.164,0.405,0.353,0.334,0.299,0.124,0.106,0.087,0.089,0.427,0.248,0.262,0.452,0.178,0.168,0.3,0.431,0.131,0.119,0.087,0.088,0.728,0.688,0.623,0.764,0.591,0.715,0.737,0.764,0.796,0.745,0.087,0.087,0.788,0.822,0.863,0.651,0.873,0.909,0.808,0.23,0.291,0.508,0.087,0.087,0.943,0.947,0.912,0.925,0.089,0.811,0.309,0.718,0.738,0.75,0.088,0.085,0.087,1.095,0.086,0.086,0.088,0.087,0.09,0.086,0.089,0.087,0.088
,16:45:00,45,0.087,0.088,0.088,0.088,0.089,0.087,0.087,0.086,0.086,0.086,0.087,0.085,0.087,0.363,0.178,0.376,0.254,0.439,0.445,0.354,0.337,0.259,0.504,0.087,0.087,0.454,0.231,0.368,0.164,0.405,0.353,0.334,0.299,0.125,0.107,0.087,0.089,0.43,0.248,0.263,0.452,0.17,0.168,0.3,0.431,0.131,0.119,0.087,0.088,0.726,0.686,0.622,0.764,0.588,0.714,0.738,0.764,0.796,0.746,0.088,0.088,0.787,0.821,0.867,0.651,0.873,0.909,0.809,0.23,0.289,0.509,0.088,0.087,0.941,0.95,0.912,0.925,0.089,0.809,0.308,0.715,0.736,0.748,0.088,0.086,0.087,1.095,0.086,0.087,0.088,0.087,0.09,0.087,0.089,0.087,0.088
,16:50:00,44.9,0.086,0.088,0.088,0.088,0.088,0.086,0.087,0.086,0.086,0.086,0.086,0.085,0.087,0.362,0.179,0.376,0.257,0.439,0.445,0.354,0.337,0.259,0.504,0.086,0.086,0.455,0.23,0.367,0.164,0.405,0.353,0.333,0.302,0.125,0.107,0.087,0.088,0.424,0.248,0.262,0.452,0.173,0.167,0.3,0.431,0.132,0.119,0.087,0.088,0.726,0.684,0.62,0.764,0.587,0.713,0.738,0.763,0.796,0.746,0.087,0.087,0.787,0.818,0.868,0.65,0.872,0.908,0.81,0.228,0.291,0.509,0.087,0.087,0.944,0.95,0.915,0.926,0.088,0.806,0.309,0.714,0.735,0.747,0.087,0.085,0.087,1.094,0.086,0.086,0.088,0.086,0.089,0.086,0.089,0.088,0.088
,16:55:00,45,0.086,0.087,0.088,0.087,0.088,0.086,0.087,0.086,0.086,0.085,0.086,0.085,0.087,0.361,0.179,0.375,0.256,0.438,0.444,0.353,0.337,0.26,0.504,0.087,0.086,0.454,0.231,0.367,0.165,0.405,0.352,0.333,0.3,0.124,0.104,0.087,0.088,0.422,0.248,0.262,0.451,0.178,0.167,0.298,0.432,0.131,0.119,0.087,0.088,0.725,0.683,0.619,0.763,0.584,0.711,0.737,0.764,0.795,0.746,0.087,0.087,0.787,0.817,0.871,0.65,0.873,0.908,0.811,0.225,0.29,0.511,0.087,0.087,0.948,0.951,0.918,0.925,0.088,0.804,0.309,0.713,0.735,0.744,0.088,0.085,0.087,1.094,0.086,0.086,0.087,0.086,0.089,0.086,0.088,0.086,0.087
,17:00:00,45,0.087,0.088,0.088,0.088,0.089,0.087,0.088,0.086,0.087,0.086,0.087,0.085,0.087,0.362,0.179,0.376,0.257,0.439,0.445,0.353,0.337,0.261,0.505,0.087,0.087,0.455,0.231,0.368,0.165,0.405,0.353,0.333,0.302,0.125,0.107,0.088,0.089,0.427,0.249,0.263,0.452,0.175,0.168,0.298,0.432,0.132,0.12,0.087,0.088,0.725,0.681,0.618,0.764,0.583,0.711,0.737,0.764,0.793,0.748,0.088,0.088,0.786,0.816,0.873,0.651,0.873,0.908,0.812,0.224,0.291,0.512,0.088,0.088,0.946,0.952,0.92,0.925,0.089,0.802,0.309,0.715,0.735,0.741,0.088,0.085,0.087,1.094,0.087,0.087,0.088,0.087,0.09,0.087,0.089,0.087,0.088
,17:05:00,45,0.086,0.088,0.088,0.088,0.088,0.086,0.087,0.086,0.086,0.086,0.086,0.085,0.087,0.362,0.179,0.375,0.256,0.438,0.445,0.353,0.337,0.261,0.505,0.087,0.087,0.456,0.231,0.366,0.165,0.405,0.352,0.333,0.3,0.124,0.106,0.087,0.088,0.43,0.249,0.262,0.451,0.183,0.168,0.298,0.431,0.131,0.119,0.087,0.088,0.724,0.68,0.616,0.762,0.581,0.709,0.737,0.764,0.794,0.749,0.087,0.087,0.786,0.813,0.872,0.65,0.872,0.91,0.813,0.223,0.291,0.512,0.087,0.087,0.95,0.952,0.919,0.925,0.088,0.8,0.309,0.712,0.735,0.741,0.088,0.085,0.087,1.093,0.086,0.086,0.088,0.086,0.089,0.086,0.088,0.091,0.087
,17:10:00,44.9,0.086,0.087,0.088,0.088,0.088,0.086,0.087,0.086,0.086,0.085,0.086,0.085,0.087,0.361,0.179,0.375,0.256,0.438,0.444,0.352,0.337,0.259,0.505,0.087,0.086,0.455,0.231,0.366,0.166,0.404,0.352,0.333,0.299,0.124,0.107,0.087,0.089,0.424,0.249,0.262,0.45,0.179,0.167,0.297,0.432,0.132,0.119,0.087,0.088,0.723,0.677,0.615,0.763,0.578,0.707,0.737,0.764,0.792,0.748,0.087,0.087,0.786,0.813,0.875,0.65,0.873,0.907,0.814,0.222,0.292,0.513,0.087,0.087,0.949,0.954,0.92,0.925,0.089,0.799,0.31,0.708,0.732,0.736,0.087,0.085,0.087,1.093,0.086,0.086,0.087,0.086,0.089,0.086,0.088,0.092,0.087
,17:15:00,45,0.086,0.088,0.088,0.087,0.088,0.087,0.087,0.086,0.086,0.086,0.086,0.085,0.087,0.361,0.179,0.375,0.256,0.438,0.445,0.352,0.337,0.26,0.505,0.087,0.086,0.455,0.23,0.367,0.166,0.405,0.352,0.332,0.3,0.124,0.104,0.087,0.089,0.432,0.248,0.263,0.451,0.177,0.168,0.297,0.432,0.131,0.119,0.087,0.088,0.722,0.676,0.612,0.763,0.577,0.706,0.736,0.763,0.79,0.749,0.087,0.087,0.786,0.811,0.877,0.651,0.874,0.909,0.814,0.221,0.293,0.513,0.087,0.087,0.956,0.954,0.922,0.924,0.088,0.797,0.31,0.709,0.732,0.734,0.088,0.085,0.087,1.093,0.086,0.086,0.087,0.086,0.09,0.086,0.089,0.087,0.087
,17:20:00,45,0.086,0.087,0.088,0.088,0.089,0.087,0.087,0.086,0.086,0.086,0.087,0.085,0.087,0.36,0.179,0.375,0.258,0.438,0.444,0.352,0.336,0.26,0.505,0.087,0.086,0.456,0.231,0.367,0.166,0.404,0.352,0.333,0.301,0.124,0.107,0.087,0.088,0.432,0.249,0.263,0.45,0.175,0.168,0.296,0.432,0.132,0.12,0.087,0.088,0.721,0.674,0.61,0.763,0.574,0.705,0.736,0.763,0.79,0.749,0.087,0.087,0.788,0.809,0.877,0.651,0.875,0.909,0.817,0.22,0.293,0.515,0.087,0.087,0.949,0.954,0.923,0.924,0.089,0.794,0.311,0.707,0.731,0.735,0.088,0.085,0.087,1.093,0.087,0.086,0.088,0.087,0.09,0.086,0.089,0.086,0.088
,17:25:00,44.9,0.086,0.088,0.088,0.088,0.088,0.087,0.087,0.086,0.086,0.086,0.087,0.085,0.087,0.36,0.179,0.374,0.256,0.438,0.444,0.352,0.336,0.26,0.505,0.087,0.086,0.456,0.23,0.367,0.166,0.405,0.352,0.333,0.297,0.124,0.106,0.087,0.089,0.424,0.249,0.263,0.451,0.173,0.168,0.296,0.434,0.131,0.12,0.087,0.088,0.72,0.673,0.611,0.763,0.574,0.704,0.736,0.764,0.787,0.75,0.088,0.087,0.786,0.808,0.877,0.652,0.873,0.908,0.817,0.217,0.294,0.515,0.088,0.087,0.947,0.955,0.924,0.924,0.089,0.792,0.312,0.704,0.731,0.73,0.088,0.085,0.087,1.092,0.087,0.086,0.088,0.087,0.089,0.087,0.089,0.087,0.088
,17:30:00,45,0.087,0.088,0.088,0.087,0.088,0.086,0.087,0.086,0.086,0.085,0.087,0.085,0.087,0.36,0.179,0.375,0.258,0.437,0.444,0.352,0.336,0.26,0.506,0.087,0.086,0.456,0.23,0.365,0.167,0.404,0.351,0.332,0.302,0.124,0.107,0.087,0.089,0.429,0.249,0.264,0.45,0.172,0.168,0.295,0.433,0.131,0.12,0.087,0.088,0.721,0.672,0.609,0.763,0.571,0.703,0.737,0.763,0.788,0.749,0.088,0.087,0.786,0.808,0.875,0.652,0.874,0.908,0.818,0.217,0.295,0.517,0.087,0.087,0.951,0.956,0.919,0.924,0.088,0.788,0.312,0.7,0.73,0.731,0.088,0.085,0.087,1.091,0.086,0.086,0.088,0.087,0.089,0.086,0.088,0.087,0.088
,17:35:00,45,0.086,0.087,0.088,0.087,0.088,0.086,0.087,0.086,0.086,0.086,0.086,0.085,0.087,0.36,0.179,0.374,0.259,0.437,0.444,0.352,0.336,0.259,0.505,0.087,0.086,0.456,0.23,0.365,0.167,0.404,0.352,0.331,0.301,0.124,0.107,0.087,0.088,0.432,0.249,0.263,0.45,0.172,0.168,0.294,0.434,0.131,0.12,0.087,0.088,0.72,0.67,0.606,0.762,0.57,0.702,0.737,0.763,0.787,0.75,0.087,0.087,0.786,0.805,0.875,0.652,0.874,0.908,0.818,0.216,0.296,0.518,0.088,0.087,0.957,0.957,0.924,0.924,0.088,0.789,0.314,0.702,0.731,0.73,0.088,0.085,0.087,1.091,0.086,0.086,0.088,0.086,0.089,0.086,0.089,0.086,0.088
,17:40:00,45,0.086,0.088,0.088,0.088,0.088,0.086,0.087,0.086,0.086,0.085,0.086,0.085,0.087,0.359,0.179,0.374,0.258,0.436,0.443,0.351,0.335,0.26,0.506,0.086,0.086,0.457,0.231,0.365,0.167,0.404,0.351,0.332,0.3,0.124,0.107,0.087,0.089,0.429,0.249,0.263,0.45,0.172,0.168,0.295,0.433,0.131,0.12,0.087,0.088,0.718,0.669,0.604,0.762,0.568,0.701,0.736,0.763,0.785,0.75,0.087,0.087,0.787,0.804,0.875,0.653,0.874,0.908,0.817,0.216,0.297,0.519,0.087,0.087,0.951,0.956,0.926,0.924,0.088,0.786,0.315,0.699,0.728,0.728,0.088,0.085,0.087,1.09,0.086,0.086,0.087,0.087,0.089,0.086,0.088,0.086,0.088
,17:45:00,45,0.086,0.088,0.088,0.088,0.088,0.086,0.087,0.086,0.086,0.085,0.086,0.085,0.087,0.359,0.179,0.374,0.258,0.436,0.443,0.351,0.336,0.26,0.506,0.087,0.086,0.456,0.231,0.365,0.167,0.404,0.351,0.331,0.3,0.124,0.106,0.087,0.089,0.425,0.25,0.264,0.45,0.164,0.167,0.293,0.434,0.131,0.12,0.087,0.088,0.719,0.667,0.602,0.762,0.566,0.699,0.737,0.763,0.783,0.75,0.087,0.087,0.787,0.802,0.873,0.654,0.873,0.908,0.82,0.214,0.299,0.52,0.087,0.087,0.951,0.958,0.924,0.924,0.089,0.784,0.317,0.696,0.727,0.722,0.088,0.085,0.087,1.091,0.086,0.086,0.088,0.086,0.089,0.087,0.088,0.093,0.088
,17:50:00,45,0.087,0.088,0.088,0.088,0.088,0.087,0.087,0.086,0.086,0.086,0.086,0.085,0.087,0.359,0.18,0.374,0.26,0.436,0.443,0.351,0.335,0.26,0.506,0.087,0.086,0.456,0.231,0.365,0.167,0.404,0.351,0.331,0.301,0.124,0.105,0.087,0.089,0.431,0.25,0.264,0.45,0.178,0.168,0.293,0.434,0.132,0.12,0.087,0.088,0.718,0.665,0.602,0.761,0.565,0.698,0.737,0.764,0.784,0.751,0.087,0.087,0.787,0.802,0.872,0.656,0.874,0.907,0.82,0.214,0.3,0.521,0.087,0.087,0.955,0.958,0.926,0.923,0.089,0.782,0.318,0.695,0.727,0.721,0.088,0.085,0.087,1.089,0.086,0.086,0.088,0.087,0.09,0.087,0.089,0.087,0.087
,17:55:00,45,0.086,0.087,0.088,0.088,0.088,0.086,0.087,0.086,0.086,0.085,0.086,0.085,0.087,0.359,0.18,0.374,0.259,0.436,0.443,0.351,0.335,0.26,0.506,0.087,0.086,0.457,0.231,0.364,0.167,0.404,0.351,0.331,0.3,0.124,0.107,0.087,0.089,0.435,0.249,0.264,0.449,0.177,0.168,0.293,0.434,0.131,0.12,0.087,0.09,0.717,0.663,0.599,0.761,0.562,0.698,0.737,0.763,0.785,0.75,0.087,0.087,0.786,0.799,0.87,0.657,0.875,0.907,0.82,0.212,0.301,0.522,0.087,0.087,0.959,0.958,0.923,0.923,0.089,0.78,0.32,0.694,0.724,0.722,0.088,0.085,0.087,1.09,0.086,0.086,0.087,0.086,0.09,0.086,0.088,0.092,0.088
,18:00:00,45,0.086,0.088,0.088,0.087,0.088,0.086,0.087,0.086,0.086,0.085,0.086,0.084,0.087,0.358,0.179,0.374,0.259,0.436,0.443,0.35,0.335,0.261,0.507,0.087,0.086,0.458,0.23,0.365,0.167,0.404,0.35,0.331,0.299,0.123,0.106,0.087,0.089,0.428,0.25,0.264,0.45,0.182,0.168,0.292,0.434,0.131,0.12,0.087,0.088,0.716,0.662,0.598,0.761,0.561,0.697,0.737,0.763,0.782,0.751,0.087,0.087,0.787,0.799,0.869,0.658,0.875,0.908,0.821,0.211,0.301,0.523,0.087,0.087,0.952,0.958,0.925,0.924,0.088,0.777,0.321,0.692,0.723,0.721,0.088,0.085,0.087,1.09,0.086,0.086,0.087,0.086,0.089,0.086,0.088,0.087,0.088
,18:05:00,45,0.087,0.088,0.088,0.088,0.088,0.087,0.088,0.086,0.086,0.086,0.086,0.085,0.087,0.358,0.179,0.374,0.26,0.436,0.443,0.351,0.335,0.26,0.507,0.087,0.087,0.459,0.231,0.365,0.167,0.404,0.351,0.331,0.298,0.123,0.106,0.087,0.089,0.427,0.25,0.265,0.449,0.178,0.168,0.292,0.435,0.131,0.121,0.087,0.088,0.714,0.661,0.596,0.761,0.56,0.696,0.738,0.764,0.781,0.751,0.087,0.087,0.787,0.797,0.869,0.659,0.876,0.908,0.822,0.21,0.304,0.524,0.088,0.087,0.948,0.959,0.927,0.923,0.088,0.776,0.324,0.691,0.722,0.72,0.088,0.085,0.087,1.088,0.086,0.087,0.087,0.087,0.09,0.086,0.089,0.087,0.088
,18:10:00,44.9,0.086,0.088,0.088,0.088,0.088,0.086,0.087,0.086,0.086,0.086,0.086,0.084,0.087,0.357,0.179,0.374,0.259,0.436,0.443,0.35,0.335,0.261,0.507,0.087,0.086,0.46,0.23,0.364,0.168,0.404,0.351,0.33,0.298,0.123,0.106,0.087,0.088,0.43,0.25,0.265,0.449,0.177,0.168,0.292,0.435,0.131,0.12,0.087,0.088,0.714,0.659,0.595,0.761,0.558,0.694,0.738,0.764,0.775,0.751,0.087,0.087,0.788,0.797,0.868,0.66,0.875,0.907,0.823,0.209,0.306,0.525,0.087,0.087,0.944,0.959,0.927,0.924,0.088,0.774,0.324,0.688,0.721,0.715,0.087,0.085,0.087,1.088,0.086,0.086,0.087,0.086,0.089,0.086,0.088,0.087,0.088
,18:15:00,45,0.087,0.087,0.088,0.088,0.088,0.086,0.087,0.086,0.086,0.086,0.086,0.085,0.087,0.357,0.179,0.373,0.26,0.436,0.443,0.35,0.335,0.261,0.507,0.087,0.087,0.46,0.23,0.364,0.169,0.404,0.35,0.33,0.3,0.124,0.106,0.087,0.089,0.43,0.251,0.265,0.449,0.181,0.168,0.291,0.435,0.131,0.12,0.087,0.089,0.714,0.658,0.593,0.76,0.556,0.693,0.737,0.764,0.777,0.751,0.087,0.087,0.788,0.794,0.867,0.661,0.875,0.908,0.823,0.208,0.307,0.527,0.088,0.087,0.954,0.959,0.927,0.923,0.088,0.774,0.326,0.688,0.72,0.717,0.088,0.085,0.087,1.088,0.086,0.086,0.087,0.086,0.089,0.087,0.088,0.089,0.088
,18:20:00,45,0.086,0.087,0.088,0.088,0.088,0.086,0.087,0.086,0.086,0.085,0.086,0.084,0.087,0.356,0.18,0.373,0.26,0.435,0.443,0.349,0.334,0.261,0.507,0.087,0.086,0.46,0.23,0.364,0.168,0.403,0.35,0.33,0.298,0.123,0.105,0.087,0.088,0.434,0.25,0.265,0.449,0.181,0.168,0.291,0.435,0.131,0.12,0.087,0.088,0.713,0.656,0.591,0.76,0.554,0.692,0.738,0.764,0.777,0.751,0.087,0.087,0.787,0.792,0.866,0.663,0.876,0.908,0.823,0.206,0.309,0.528,0.087,0.087,0.952,0.959,0.927,0.923,0.088,0.773,0.329,0.688,0.72,0.714,0.088,0.085,0.087,1.088,0.086,0.086,0.087,0.086,0.089,0.086,0.088,0.086,0.087
,18:25:00,45,0.086,0.088,0.088,0.088,0.089,0.087,0.087,0.085,0.086,0.086,0.086,0.084,0.087,0.356,0.179,0.373,0.26,0.435,0.443,0.349,0.334,0.262,0.507,0.087,0.087,0.461,0.23,0.364,0.169,0.404,0.35,0.33,0.299,0.123,0.105,0.087,0.089,0.425,0.251,0.265,0.449,0.17,0.168,0.29,0.435,0.131,0.12,0.087,0.088,0.712,0.654,0.59,0.759,0.552,0.691,0.738,0.764,0.778,0.751,0.087,0.087,0.788,0.792,0.863,0.664,0.875,0.907,0.824,0.204,0.31,0.528,0.087,0.087,0.947,0.96,0.924,0.923,0.089,0.771,0.331,0.686,0.718,0.713,0.087,0.085,0.087,1.087,0.086,0.086,0.088,0.086,0.09,0.086,0.089,0.086,0.088
,18:30:00,45,0.086,0.088,0.088,0.088,0.089,0.087,0.088,0.086,0.086,0.086,0.087,0.085,0.087,0.356,0.18,0.373,0.261,0.435,0.443,0.349,0.334,0.262,0.508,0.087,0.087,0.461,0.231,0.363,0.17,0.404,0.35,0.33,0.299,0.123,0.106,0.087,0.089,0.428,0.251,0.265,0.449,0.172,0.168,0.29,0.437,0.131,0.12,0.087,0.088,0.712,0.654,0.59,0.759,0.551,0.69,0.738,0.764,0.775,0.751,0.087,0.087,0.788,0.791,0.863,0.666,0.876,0.907,0.825,0.203,0.313,0.531,0.088,0.087,0.942,0.96,0.925,0.923,0.089,0.77,0.333,0.683,0.719,0.71,0.088,0.085,0.087,1.087,0.086,0.086,0.088,0.087,0.09,0.087,0.089,0.087,0.088
,18:35:00,45,0.086,0.087,0.087,0.088,0.088,0.086,0.087,0.086,0.086,0.085,0.086,0.084,0.087,0.354,0.179,0.373,0.261,0.434,0.442,0.349,0.334,0.261,0.507,0.086,0.086,0.46,0.23,0.363,0.169,0.403,0.349,0.33,0.3,0.123,0.105,0.087,0.089,0.432,0.25,0.265,0.448,0.152,0.168,0.289,0.436,0.131,0.12,0.087,0.088,0.711,0.652,0.587,0.759,0.549,0.689,0.737,0.764,0.772,0.751,0.087,0.087,0.787,0.787,0.861,0.666,0.875,0.906,0.824,0.202,0.314,0.531,0.087,0.087,0.942,0.958,0.923,0.921,0.088,0.768,0.334,0.683,0.716,0.709,0.087,0.085,0.087,1.085,0.086,0.086,0.087,0.086,0.089,0.086,0.088,0.087,0.087
,18:40:00,44.9,0.086,0.087,0.087,0.087,0.088,0.086,0.087,0.085,0.086,0.085,0.086,0.084,0.087,0.354,0.18,0.372,0.262,0.434,0.442,0.349,0.334,0.261,0.507,0.087,0.086,0.461,0.23,0.363,0.168,0.402,0.349,0.329,0.301,0.123,0.106,0.087,0.089,0.431,0.251,0.265,0.449,0.176,0.168,0.289,0.435,0.131,0.119,0.087,0.088,0.71,0.65,0.585,0.759,0.548,0.688,0.738,0.764,0.771,0.751,0.087,0.087,0.787,0.786,0.862,0.667,0.876,0.906,0.825,0.2,0.317,0.533,0.087,0.087,0.94,0.957,0.925,0.922,0.089,0.768,0.336,0.683,0.716,0.706,0.087,0.085,0.087,1.086,0.086,0.086,0.087,0.086,0.089,0.086,0.088,0.087,0.087
,18:45:00,45,0.086,0.087,0.088,0.088,0.088,0.086,0.087,0.086,0.086,0.086,0.086,0.084,0.087,0.354,0.179,0.372,0.26,0.434,0.442,0.349,0.334,0.262,0.508,0.087,0.087,0.461,0.231,0.363,0.17,0.403,0.35,0.33,0.298,0.123,0.106,0.087,0.092,0.426,0.251,0.266,0.448,0.177,0.168,0.289,0.436,0.131,0.12,0.087,0.088,0.711,0.648,0.585,0.758,0.546,0.687,0.738,0.765,0.77,0.751,0.087,0.087,0.788,0.785,0.86,0.669,0.876,0.907,0.826,0.199,0.318,0.532,0.087,0.087,0.942,0.958,0.924,0.925,0.088,0.767,0.337,0.68,0.716,0.702,0.088,0.085,0.087,1.085,0.086,0.086,0.088,0.086,0.089,0.086,0.088,0.087,0.088
,18:50:00,44.9,0.086,0.087,0.088,0.088,0.088,0.086,0.087,0.085,0.086,0.085,0.087,0.084,0.087,0.354,0.179,0.372,0.261,0.434,0.442,0.348,0.334,0.262,0.508,0.087,0.087,0.462,0.23,0.362,0.171,0.403,0.349,0.329,0.297,0.123,0.104,0.087,0.089,0.433,0.251,0.266,0.448,0.186,0.168,0.288,0.436,0.131,0.121,0.087,0.088,0.71,0.647,0.583,0.758,0.545,0.686,0.738,0.765,0.769,0.751,0.087,0.087,0.791,0.783,0.859,0.671,0.876,0.906,0.826,0.199,0.322,0.534,0.088,0.087,0.939,0.958,0.925,0.926,0.089,0.767,0.341,0.682,0.715,0.702,0.088,0.085,0.087,1.085,0.086,0.086,0.088,0.086,0.089,0.086,0.088,0.09,0.088
,18:55:00,45,0.086,0.087,0.088,0.088,0.088,0.086,0.087,0.086,0.086,0.085,0.086,0.084,0.087,0.354,0.18,0.372,0.262,0.434,0.442,0.348,0.334,0.262,0.508,0.087,0.087,0.462,0.231,0.362,0.171,0.404,0.349,0.33,0.298,0.123,0.104,0.087,0.097,0.433,0.251,0.266,0.448,0.147,0.168,0.288,0.436,0.131,0.12,0.087,0.088,0.711,0.647,0.582,0.758,0.544,0.685,0.738,0.764,0.768,0.752,0.087,0.087,0.792,0.782,0.856,0.672,0.876,0.906,0.828,0.198,0.324,0.537,0.087,0.087,0.94,0.957,0.923,0.927,0.089,0.765,0.342,0.679,0.715,0.704,0.087,0.085,0.087,1.085,0.086,0.086,0.087,0.086,0.089,0.086,0.088,0.087,0.087
,19:00:00,45,0.087,0.088,0.088,0.088,0.089,0.087,0.087,0.086,0.086,0.086,0.087,0.084,0.087,0.354,0.18,0.373,0.263,0.434,0.442,0.349,0.334,0.262,0.508,0.087,0.087,0.462,0.231,0.363,0.171,0.403,0.349,0.329,0.298,0.123,0.106,0.088,0.089,0.43,0.252,0.266,0.448,0.178,0.168,0.288,0.437,0.131,0.12,0.087,0.088,0.711,0.645,0.581,0.759,0.543,0.685,0.738,0.766,0.766,0.752,0.088,0.088,0.794,0.781,0.856,0.674,0.877,0.907,0.829,0.197,0.327,0.539,0.088,0.088,0.939,0.959,0.924,0.928,0.089,0.764,0.345,0.678,0.714,0.699,0.088,0.085,0.087,1.085,0.087,0.087,0.088,0.087,0.09,0.087,0.089,0.091,0.088
,19:05:00,44.9,0.086,0.087,0.088,0.088,0.088,0.086,0.087,0.086,0.086,0.085,0.086,0.084,0.087,0.352,0.18,0.372,0.262,0.434,0.441,0.348,0.334,0.262,0.508,0.086,0.086,0.463,0.23,0.362,0.171,0.403,0.348,0.329,0.299,0.123,0.106,0.087,0.095,0.427,0.251,0.266,0.448,0.174,0.168,0.287,0.437,0.131,0.12,0.087,0.088,0.711,0.643,0.578,0.758,0.542,0.684,0.738,0.765,0.766,0.752,0.087,0.087,0.794,0.778,0.857,0.675,0.877,0.907,0.83,0.195,0.329,0.539,0.087,0.087,0.945,0.957,0.924,0.929,0.089,0.765,0.348,0.677,0.712,0.7,0.087,0.085,0.087,1.084,0.086,0.086,0.087,0.086,0.089,0.086,0.088,0.086,0.087
,19:10:00,45,0.087,0.088,0.088,0.088,0.088,0.087,0.087,0.086,0.086,0.086,0.087,0.084,0.087,0.353,0.179,0.372,0.261,0.434,0.441,0.348,0.334,0.263,0.509,0.087,0.087,0.463,0.231,0.362,0.171,0.403,0.349,0.328,0.295,0.123,0.106,0.087,0.091,0.426,0.251,0.267,0.448,0.177,0.168,0.286,0.437,0.131,0.12,0.087,0.088,0.712,0.642,0.579,0.759,0.541,0.683,0.739,0.765,0.761,0.752,0.088,0.087,0.796,0.778,0.854,0.676,0.877,0.906,0.831,0.194,0.333,0.54,0.088,0.087,0.942,0.958,0.922,0.928,0.089,0.762,0.35,0.675,0.711,0.696,0.088,0.085,0.087,1.084,0.086,0.086,0.087,0.087,0.09,0.086,0.089,0.087,0.088
,19:15:00,45,0.087,0.088,0.088,0.088,0.089,0.087,0.087,0.086,0.086,0.086,0.087,0.084,0.087,0.353,0.18,0.373,0.263,0.434,0.441,0.348,0.334,0.264,0.509,0.087,0.087,0.463,0.231,0.362,0.172,0.403,0.349,0.329,0.299,0.123,0.105,0.087,0.101,0.429,0.252,0.267,0.448,0.174,0.169,0.287,0.438,0.131,0.121,0.087,0.088,0.712,0.641,0.576,0.758,0.54,0.682,0.738,0.765,0.76,0.753,0.088,0.088,0.799,0.776,0.855,0.679,0.878,0.906,0.832,0.194,0.337,0.544,0.088,0.087,0.937,0.958,0.921,0.928,0.089,0.762,0.352,0.674,0.709,0.696,0.088,0.085,0.087,1.083,0.087,0.087,0.088,0.086,0.09,0.087,0.089,0.087,0.088
,19:20:00,45,0.087,0.088,0.088,0.088,0.088,0.087,0.087,0.086,0.086,0.085,0.086,0.084,0.087,0.352,0.18,0.372,0.262,0.433,0.441,0.348,0.333,0.263,0.509,0.087,0.087,0.463,0.231,0.361,0.171,0.403,0.348,0.328,0.297,0.123,0.106,0.087,0.089,0.434,0.251,0.267,0.448,0.184,0.168,0.285,0.437,0.131,0.121,0.087,0.088,0.712,0.64,0.575,0.759,0.539,0.682,0.739,0.765,0.758,0.753,0.087,0.087,0.801,0.775,0.854,0.679,0.877,0.906,0.831,0.191,0.34,0.544,0.088,0.087,0.937,0.959,0.921,0.929,0.089,0.761,0.355,0.676,0.707,0.695,0.088,0.085,0.087,1.083,0.087,0.086,0.088,0.086,0.09,0.086,0.088,0.087,0.087
,19:25:00,44.9,0.086,0.088,0.088,0.088,0.088,0.087,0.087,0.086,0.086,0.085,0.086,0.084,0.087,0.351,0.18,0.372,0.262,0.433,0.441,0.347,0.334,0.263,0.509,0.087,0.087,0.463,0.231,0.361,0.172,0.402,0.348,0.328,0.298,0.123,0.106,0.087,0.089,0.429,0.252,0.267,0.448,0.187,0.168,0.284,0.438,0.131,0.121,0.087,0.088,0.712,0.638,0.574,0.756,0.538,0.681,0.737,0.765,0.757,0.753,0.087,0.087,0.803,0.773,0.852,0.679,0.878,0.904,0.832,0.191,0.342,0.545,0.087,0.087,0.931,0.959,0.921,0.928,0.088,0.758,0.358,0.668,0.707,0.689,0.088,0.085,0.087,1.081,0.086,0.086,0.088,0.087,0.09,0.086,0.088,0.088,0.088
,19:30:00,45,0.087,0.088,0.088,0.088,0.089,0.087,0.087,0.086,0.086,0.086,0.086,0.084,0.087,0.352,0.18,0.372,0.263,0.433,0.441,0.347,0.334,0.264,0.509,0.087,0.087,0.463,0.231,0.361,0.174,0.403,0.348,0.329,0.298,0.123,0.104,0.087,0.089,0.43,0.252,0.267,0.448,0.176,0.168,0.285,0.438,0.131,0.121,0.087,0.091,0.714,0.637,0.573,0.757,0.537,0.682,0.739,0.765,0.756,0.754,0.087,0.087,0.808,0.771,0.851,0.681,0.878,0.906,0.835,0.191,0.344,0.548,0.087,0.087,0.94,0.96,0.92,0.929,0.089,0.759,0.361,0.672,0.707,0.694,0.088,0.085,0.087,1.082,0.086,0.086,0.087,0.086,0.09,0.087,0.089,0.087,0.088
,19:35:00,45,0.086,0.087,0.088,0.087,0.088,0.086,0.087,0.086,0.086,0.085,0.087,0.084,0.087,0.35,0.18,0.372,0.264,0.432,0.44,0.347,0.333,0.263,0.51,0.086,0.087,0.463,0.231,0.361,0.173,0.402,0.348,0.328,0.298,0.122,0.106,0.087,0.088,0.432,0.252,0.267,0.447,0.168,0.168,0.284,0.438,0.131,0.121,0.087,0.088,0.712,0.636,0.57,0.757,0.536,0.681,0.737,0.765,0.758,0.752,0.087,0.087,0.809,0.769,0.849,0.683,0.879,0.905,0.835,0.189,0.346,0.549,0.087,0.087,0.937,0.959,0.916,0.928,0.089,0.759,0.362,0.671,0.706,0.691,0.088,0.085,0.087,1.081,0.086,0.086,0.087,0.086,0.09,0.086,0.089,0.091,0.088
,19:40:00,44.9,0.086,0.088,0.088,0.088,0.088,0.086,0.087,0.086,0.086,0.085,0.086,0.084,0.087,0.35,0.179,0.371,0.262,0.432,0.44,0.347,0.334,0.263,0.509,0.087,0.087,0.463,0.231,0.361,0.173,0.402,0.347,0.327,0.294,0.122,0.105,0.087,0.089,0.429,0.252,0.267,0.447,0.186,0.168,0.284,0.438,0.131,0.121,0.087,0.088,0.713,0.634,0.569,0.757,0.535,0.682,0.738,0.765,0.755,0.754,0.087,0.087,0.811,0.767,0.851,0.684,0.878,0.905,0.836,0.188,0.349,0.55,0.087,0.087,0.935,0.96,0.922,0.927,0.089,0.758,0.365,0.671,0.706,0.691,0.088,0.085,0.087,1.081,0.086,0.086,0.088,0.086,0.09,0.086,0.089,0.087,0.087
,19:45:00,44.9,0.087,0.088,0.088,0.088,0.089,0.087,0.087,0.086,0.086,0.086,0.086,0.084,0.087,0.35,0.18,0.371,0.263,0.432,0.44,0.347,0.334,0.264,0.51,0.087,0.087,0.463,0.231,0.361,0.174,0.403,0.347,0.328,0.295,0.122,0.106,0.087,0.089,0.426,0.253,0.267,0.448,0.169,0.169,0.283,0.438,0.131,0.121,0.088,0.09,0.715,0.633,0.57,0.756,0.535,0.683,0.739,0.765,0.754,0.754,0.087,0.088,0.81,0.766,0.848,0.685,0.88,0.905,0.838,0.188,0.352,0.551,0.088,0.088,0.936,0.961,0.917,0.928,0.089,0.759,0.37,0.67,0.703,0.686,0.088,0.085,0.087,1.08,0.087,0.086,0.088,0.087,0.09,0.087,0.089,0.087,0.087
,19:50:00,45,0.086,0.087,0.087,0.087,0.088,0.086,0.087,0.086,0.086,0.085,0.086,0.083,0.087,0.349,0.18,0.371,0.264,0.431,0.44,0.346,0.334,0.264,0.51,0.087,0.086,0.463,0.231,0.36,0.174,0.402,0.347,0.327,0.298,0.122,0.105,0.087,0.088,0.43,0.252,0.268,0.447,0.16,0.168,0.282,0.439,0.131,0.12,0.087,0.088,0.714,0.632,0.567,0.756,0.533,0.679,0.738,0.765,0.75,0.754,0.087,0.087,0.811,0.764,0.849,0.684,0.879,0.905,0.837,0.187,0.354,0.553,0.087,0.087,0.937,0.961,0.92,0.927,0.089,0.756,0.37,0.667,0.703,0.684,0.087,0.084,0.087,1.08,0.086,0.086,0.087,0.086,0.089,0.086,0.088,0.086,0.087
,19:55:00,45,0.086,0.087,0.087,0.087,0.088,0.086,0.087,0.085,0.085,0.085,0.086,0.083,0.086,0.349,0.18,0.37,0.263,0.431,0.44,0.346,0.333,0.264,0.509,0.087,0.086,0.463,0.23,0.359,0.173,0.402,0.346,0.327,0.294,0.122,0.105,0.086,0.088,0.43,0.252,0.268,0.447,0.175,0.167,0.282,0.438,0.131,0.12,0.087,0.088,0.714,0.63,0.566,0.756,0.532,0.68,0.738,0.764,0.749,0.754,0.087,0.087,0.811,0.763,0.847,0.686,0.88,0.904,0.838,0.185,0.356,0.554,0.087,0.087,0.932,0.962,0.919,0.927,0.088,0.756,0.371,0.666,0.7,0.682,0.087,0.084,0.086,1.079,0.085,0.086,0.087,0.086,0.089,0.086,0.088,0.086,0.087
,20:00:00,44.9,0.086,0.088,0.088,0.088,0.088,0.087,0.087,0.086,0.086,0.085,0.086,0.083,0.087,0.349,0.18,0.371,0.262,0.431,0.44,0.346,0.334,0.264,0.511,0.087,0.087,0.464,0.231,0.36,0.174,0.402,0.347,0.327,0.296,0.122,0.103,0.087,0.089,0.431,0.252,0.268,0.447,0.178,0.169,0.282,0.439,0.131,0.121,0.087,0.089,0.713,0.63,0.565,0.756,0.532,0.68,0.739,0.765,0.748,0.755,0.087,0.087,0.811,0.761,0.847,0.687,0.88,0.906,0.839,0.185,0.358,0.554,0.087,0.087,0.932,0.963,0.918,0.927,0.089,0.758,0.373,0.668,0.699,0.684,0.088,0.085,0.087,1.079,0.086,0.086,0.087,0.087,0.09,0.086,0.089,0.089,0.088
,20:05:00,45,0.086,0.087,0.088,0.087,0.088,0.086,0.087,0.086,0.086,0.085,0.086,0.083,0.087,0.349,0.18,0.371,0.264,0.431,0.44,0.346,0.334,0.264,0.511,0.087,0.086,0.463,0.231,0.359,0.175,0.402,0.346,0.327,0.296,0.122,0.104,0.087,0.088,0.43,0.252,0.268,0.447,0.181,0.169,0.281,0.439,0.131,0.121,0.087,0.088,0.713,0.627,0.563,0.756,0.531,0.677,0.739,0.765,0.747,0.755,0.087,0.087,0.812,0.759,0.847,0.688,0.88,0.906,0.84,0.183,0.36,0.555,0.088,0.087,0.929,0.963,0.919,0.927,0.089,0.755,0.376,0.663,0.7,0.679,0.088,0.084,0.087,1.078,0.086,0.086,0.087,0.086,0.089,0.086,0.088,0.089,0.087
,20:10:00,45,0.086,0.087,0.088,0.088,0.088,0.086,0.087,0.086,0.086,0.085,0.086,0.083,0.087,0.348,0.18,0.371,0.263,0.431,0.439,0.346,0.334,0.264,0.511,0.087,0.087,0.463,0.231,0.36,0.175,0.402,0.346,0.326,0.296,0.122,0.105,0.087,0.089,0.431,0.253,0.268,0.447,0.175,0.168,0.281,0.439,0.131,0.121,0.087,0.088,0.713,0.627,0.562,0.755,0.53,0.679,0.739,0.765,0.747,0.756,0.087,0.087,0.815,0.758,0.846,0.69,0.881,0.905,0.842,0.183,0.363,0.556,0.087,0.087,0.931,0.963,0.919,0.926,0.089,0.756,0.376,0.666,0.696,0.682,0.088,0.084,0.087,1.078,0.086,0.086,0.087,0.086,0.089,0.086,0.089,0.087,0.088
,20:15:00,45,0.086,0.088,0.088,0.088,0.088,0.087,0.087,0.086,0.086,0.085,0.086,0.083,0.087,0.348,0.18,0.37,0.263,0.431,0.439,0.346,0.334,0.265,0.511,0.087,0.086,0.463,0.231,0.359,0.176,0.402,0.346,0.326,0.295,0.121,0.105,0.087,0.089,0.43,0.252,0.269,0.447,0.176,0.168,0.28,0.439,0.132,0.121,0.087,0.089,0.714,0.626,0.562,0.755,0.529,0.678,0.739,0.764,0.747,0.756,0.088,0.087,0.816,0.756,0.845,0.691,0.882,0.905,0.843,0.182,0.364,0.556,0.087,0.087,0.928,0.963,0.918,0.926,0.089,0.756,0.378,0.662,0.695,0.679,0.088,0.085,0.087,1.077,0.086,0.086,0.087,0.086,0.09,0.086,0.089,0.087,0.088
,20:20:00,45,0.086,0.088,0.088,0.088,0.089,0.086,0.087,0.086,0.086,0.085,0.086,0.083,0.087,0.348,0.18,0.371,0.265,0.431,0.439,0.346,0.334,0.265,0.511,0.087,0.087,0.464,0.231,0.359,0.175,0.402,0.346,0.326,0.296,0.122,0.104,0.087,0.089,0.433,0.253,0.269,0.446,0.175,0.169,0.28,0.44,0.131,0.121,0.087,0.088,0.714,0.624,0.562,0.755,0.528,0.679,0.739,0.765,0.746,0.757,0.087,0.087,0.818,0.753,0.845,0.691,0.881,0.905,0.846,0.182,0.368,0.557,0.087,0.087,0.928,0.964,0.919,0.925,0.089,0.756,0.382,0.662,0.695,0.677,0.088,0.085,0.087,1.076,0.086,0.086,0.087,0.087,0.089,0.087,0.089,0.087,0.087
,20:25:00,45,0.086,0.088,0.088,0.088,0.088,0.087,0.088,0.086,0.086,0.086,0.086,0.083,0.087,0.348,0.18,0.371,0.265,0.43,0.439,0.346,0.334,0.265,0.511,0.087,0.087,0.464,0.231,0.359,0.176,0.402,0.346,0.326,0.296,0.122,0.103,0.087,0.089,0.432,0.254,0.269,0.446,0.162,0.169,0.279,0.44,0.131,0.121,0.087,0.089,0.715,0.623,0.56,0.755,0.528,0.676,0.74,0.764,0.748,0.757,0.087,0.087,0.821,0.753,0.842,0.693,0.883,0.905,0.847,0.181,0.369,0.558,0.087,0.087,0.929,0.964,0.919,0.925,0.089,0.757,0.384,0.662,0.693,0.679,0.088,0.085,0.087,1.076,0.086,0.086,0.087,0.087,0.09,0.086,0.089,0.086,0.088
,20:30:00,45,0.087,0.088,0.088,0.088,0.088,0.086,0.087,0.086,0.086,0.085,0.086,0.083,0.087,0.348,0.18,0.37,0.265,0.431,0.439,0.345,0.334,0.264,0.511,0.086,0.086,0.465,0.231,0.358,0.176,0.402,0.346,0.326,0.295,0.121,0.105,0.087,0.089,0.429,0.253,0.269,0.446,0.177,0.169,0.279,0.44,0.132,0.121,0.087,0.088,0.714,0.622,0.559,0.755,0.527,0.676,0.739,0.765,0.744,0.757,0.087,0.087,0.823,0.751,0.842,0.694,0.883,0.906,0.848,0.181,0.371,0.558,0.088,0.088,0.922,0.964,0.92,0.925,0.089,0.757,0.389,0.663,0.692,0.675,0.088,0.084,0.087,1.075,0.087,0.086,0.087,0.087,0.09,0.087,0.089,0.089,0.088
,20:35:00,45,0.086,0.088,0.088,0.088,0.088,0.086,0.087,0.085,0.086,0.085,0.086,0.083,0.087,0.347,0.18,0.37,0.264,0.43,0.439,0.345,0.334,0.265,0.512,0.087,0.086,0.464,0.231,0.359,0.178,0.402,0.345,0.325,0.295,0.121,0.104,0.087,0.089,0.431,0.254,0.269,0.446,0.174,0.168,0.278,0.44,0.131,0.121,0.087,0.088,0.714,0.62,0.558,0.753,0.527,0.675,0.739,0.765,0.744,0.757,0.087,0.087,0.825,0.75,0.842,0.697,0.884,0.905,0.85,0.179,0.372,0.557,0.087,0.087,0.93,0.965,0.919,0.925,0.088,0.757,0.392,0.661,0.69,0.672,0.088,0.084,0.087,1.075,0.086,0.085,0.088,0.086,0.09,0.086,0.088,0.087,0.087
,20:40:00,45,0.086,0.087,0.087,0.087,0.088,0.086,0.087,0.085,0.086,0.085,0.085,0.083,0.087,0.346,0.18,0.37,0.264,0.43,0.439,0.345,0.333,0.265,0.511,0.086,0.086,0.464,0.23,0.358,0.176,0.401,0.345,0.325,0.294,0.121,0.105,0.086,0.088,0.428,0.253,0.268,0.446,0.171,0.169,0.278,0.44,0.131,0.12,0.087,0.087,0.714,0.619,0.557,0.753,0.525,0.674,0.74,0.764,0.743,0.756,0.087,0.087,0.833,0.746,0.842,0.698,0.884,0.905,0.85,0.177,0.372,0.558,0.087,0.087,0.931,0.966,0.918,0.925,0.088,0.757,0.396,0.661,0.687,0.674,0.087,0.084,0.086,1.073,0.086,0.085,0.087,0.086,0.089,0.086,0.088,0.086,0.087
,20:45:00,45,0.086,0.088,0.088,0.087,0.088,0.086,0.087,0.086,0.086,0.085,0.086,0.083,0.087,0.346,0.18,0.37,0.264,0.43,0.438,0.345,0.334,0.265,0.512,0.087,0.087,0.464,0.231,0.358,0.177,0.402,0.345,0.325,0.294,0.121,0.104,0.086,0.089,0.432,0.253,0.27,0.446,0.172,0.168,0.278,0.44,0.131,0.121,0.087,0.088,0.715,0.618,0.557,0.754,0.525,0.674,0.74,0.764,0.743,0.757,0.087,0.087,0.841,0.746,0.841,0.7,0.884,0.905,0.852,0.177,0.375,0.557,0.087,0.087,0.933,0.968,0.919,0.925,0.088,0.762,0.399,0.661,0.686,0.671,0.087,0.084,0.087,1.073,0.086,0.086,0.087,0.086,0.089,0.086,0.088,0.087,0.087
,20:50:00,45,0.086,0.088,0.088,0.088,0.089,0.086,0.087,0.086,0.086,0.085,0.086,0.083,0.087,0.346,0.18,0.37,0.266,0.43,0.439,0.345,0.334,0.266,0.512,0.087,0.086,0.465,0.231,0.358,0.177,0.402,0.345,0.325,0.297,0.121,0.105,0.087,0.089,0.431,0.254,0.269,0.446,0.183,0.169,0.277,0.44,0.131,0.121,0.087,0.088,0.715,0.617,0.555,0.753,0.525,0.672,0.741,0.763,0.744,0.756,0.088,0.087,0.847,0.743,0.841,0.702,0.885,0.906,0.853,0.177,0.376,0.558,0.087,0.088,0.93,0.969,0.918,0.924,0.089,0.769,0.401,0.66,0.684,0.67,0.088,0.084,0.087,1.071,0.086,0.086,0.088,0.086,0.089,0.086,0.089,0.087,0.087
,20:55:00,45,0.086,0.088,0.088,0.088,0.088,0.087,0.087,0.086,0.086,0.085,0.086,0.083,0.087,0.346,0.18,0.37,0.263,0.43,0.439,0.345,0.334,0.266,0.512,0.087,0.087,0.465,0.231,0.358,0.178,0.402,0.345,0.325,0.293,0.121,0.105,0.087,0.089,0.428,0.254,0.27,0.446,0.178,0.169,0.277,0.44,0.131,0.121,0.087,0.088,0.715,0.615,0.554,0.752,0.523,0.672,0.741,0.764,0.741,0.758,0.087,0.087,0.85,0.742,0.84,0.704,0.885,0.905,0.854,0.176,0.378,0.558,0.087,0.087,0.929,0.97,0.917,0.924,0.089,0.777,0.404,0.66,0.684,0.67,0.088,0.084,0.087,1.071,0.086,0.086,0.087,0.086,0.089,0.086,0.088,0.087,0.088
,21:00:00,45,0.086,0.087,0.088,0.088,0.088,0.087,0.087,0.086,0.086,0.085,0.086,0.082,0.087,0.346,0.18,0.37,0.266,0.43,0.439,0.345,0.334,0.266,0.512,0.086,0.087,0.465,0.231,0.358,0.179,0.401,0.345,0.325,0.296,0.121,0.105,0.087,0.092,0.431,0.254,0.27,0.446,0.184,0.169,0.276,0.44,0.131,0.121,0.087,0.088,0.717,0.614,0.553,0.752,0.523,0.67,0.74,0.764,0.738,0.757,0.087,0.087,0.853,0.741,0.84,0.705,0.885,0.906,0.854,0.176,0.378,0.559,0.087,0.087,0.931,0.971,0.917,0.923,0.089,0.783,0.405,0.659,0.68,0.669,0.087,0.084,0.087,1.071,0.086,0.086,0.087,0.086,0.09,0.086,0.089,0.087,0.087
,21:05:00,45,0.086,0.087,0.087,0.087,0.088,0.086,0.087,0.085,0.086,0.085,0.085,0.082,0.087,0.346,0.18,0.369,0.264,0.429,0.438,0.344,0.333,0.265,0.512,0.087,0.086,0.465,0.231,0.357,0.179,0.401,0.344,0.325,0.295,0.121,0.105,0.087,0.088,0.431,0.254,0.269,0.445,0.172,0.169,0.276,0.44,0.131,0.121,0.087,0.088,0.715,0.614,0.551,0.751,0.518,0.669,0.741,0.764,0.74,0.757,0.087,0.087,0.854,0.738,0.837,0.707,0.885,0.906,0.856,0.174,0.379,0.559,0.087,0.087,0.928,0.971,0.914,0.922,0.088,0.787,0.406,0.658,0.68,0.668,0.087,0.084,0.086,1.07,0.086,0.086,0.087,0.086,0.089,0.086,0.088,0.087,0.087
,21:10:00,44.9,0.086,0.087,0.088,0.087,0.088,0.087,0.087,0.086,0.086,0.085,0.086,0.081,0.087,0.345,0.179,0.369,0.265,0.429,0.438,0.344,0.333,0.266,0.512,0.086,0.087,0.465,0.231,0.358,0.179,0.401,0.344,0.324,0.296,0.121,0.105,0.087,0.088,0.431,0.254,0.27,0.446,0.178,0.169,0.276,0.441,0.131,0.121,0.087,0.088,0.714,0.612,0.55,0.751,0.52,0.667,0.741,0.763,0.738,0.757,0.087,0.087,0.855,0.736,0.838,0.71,0.885,0.905,0.856,0.174,0.379,0.559,0.087,0.087,0.932,0.971,0.917,0.921,0.089,0.791,0.409,0.658,0.678,0.665,0.087,0.084,0.087,1.069,0.086,0.086,0.087,0.086,0.089,0.086,0.088,0.092,0.087
,21:15:00,45,0.086,0.087,0.088,0.088,0.088,0.086,0.087,0.086,0.086,0.085,0.086,0.081,0.087,0.345,0.18,0.369,0.265,0.428,0.438,0.344,0.334,0.266,0.513,0.086,0.086,0.465,0.231,0.357,0.18,0.401,0.344,0.324,0.294,0.121,0.105,0.087,0.089,0.429,0.254,0.27,0.445,0.173,0.169,0.275,0.441,0.131,0.121,0.087,0.088,0.715,0.611,0.549,0.749,0.517,0.665,0.74,0.764,0.736,0.756,0.087,0.087,0.856,0.733,0.838,0.712,0.887,0.905,0.857,0.172,0.378,0.558,0.087,0.087,0.934,0.971,0.915,0.921,0.089,0.796,0.41,0.656,0.675,0.663,0.087,0.084,0.087,1.069,0.086,0.086,0.087,0.086,0.089,0.086,0.088,0.086,0.087
,21:20:00,45,0.086,0.087,0.088,0.087,0.088,0.086,0.087,0.086,0.086,0.085,0.086,0.08,0.087,0.345,0.18,0.369,0.265,0.428,0.438,0.344,0.334,0.266,0.513,0.086,0.086,0.466,0.231,0.357,0.181,0.401,0.344,0.324,0.295,0.121,0.105,0.087,0.097,0.431,0.254,0.27,0.445,0.18,0.169,0.275,0.441,0.131,0.121,0.087,0.089,0.715,0.61,0.548,0.747,0.517,0.665,0.741,0.763,0.737,0.758,0.087,0.087,0.857,0.731,0.836,0.715,0.886,0.905,0.858,0.173,0.379,0.558,0.087,0.087,0.93,0.972,0.916,0.92,0.089,0.8,0.412,0.656,0.674,0.664,0.088,0.084,0.087,1.068,0.086,0.086,0.087,0.086,0.09,0.086,0.088,0.086,0.087
,21:25:00,45,0.086,0.087,0.087,0.087,0.088,0.086,0.087,0.086,0.086,0.085,0.086,0.08,0.087,0.344,0.18,0.369,0.266,0.428,0.437,0.344,0.334,0.266,0.513,0.086,0.086,0.465,0.23,0.357,0.181,0.401,0.344,0.324,0.296,0.12,0.105,0.087,0.088,0.433,0.254,0.27,0.445,0.18,0.169,0.275,0.441,0.131,0.121,0.087,0.088,0.714,0.609,0.547,0.748,0.516,0.664,0.741,0.763,0.733,0.757,0.087,0.087,0.859,0.731,0.835,0.717,0.887,0.905,0.858,0.172,0.379,0.558,0.087,0.087,0.927,0.972,0.914,0.92,0.088,0.803,0.413,0.654,0.671,0.662,0.087,0.084,0.086,1.067,0.086,0.086,0.087,0.086,0.089,0.086,0.088,0.086,0.087
,21:30:00,45,0.086,0.087,0.088,0.088,0.088,0.086,0.088,0.086,0.086,0.085,0.086,0.079,0.087,0.343,0.18,0.369,0.266,0.428,0.438,0.344,0.334,0.266,0.513,0.087,0.086,0.465,0.231,0.357,0.182,0.402,0.344,0.323,0.295,0.121,0.104,0.087,0.089,0.433,0.255,0.271,0.445,0.18,0.169,0.274,0.442,0.131,0.121,0.087,0.088,0.714,0.608,0.547,0.747,0.511,0.66,0.74,0.762,0.733,0.757,0.087,0.087,0.86,0.73,0.833,0.718,0.888,0.905,0.858,0.171,0.378,0.559,0.087,0.087,0.929,0.971,0.913,0.921,0.089,0.806,0.414,0.653,0.67,0.66,0.088,0.084,0.087,1.066,0.086,0.086,0.087,0.086,0.089,0.086,0.088,0.087,0.087
,21:35:00,45,0.086,0.088,0.088,0.088,0.088,0.086,0.087,0.086,0.086,0.085,0.086,0.079,0.087,0.344,0.18,0.368,0.266,0.429,0.437,0.344,0.334,0.266,0.514,0.086,0.086,0.465,0.231,0.356,0.182,0.402,0.343,0.323,0.295,0.121,0.105,0.087,0.089,0.432,0.255,0.27,0.445,0.178,0.169,0.274,0.441,0.131,0.121,0.087,0.088,0.713,0.606,0.546,0.747,0.511,0.66,0.74,0.763,0.733,0.757,0.087,0.087,0.859,0.728,0.834,0.721,0.888,0.904,0.86,0.17,0.379,0.559,0.088,0.087,0.924,0.971,0.914,0.92,0.089,0.809,0.414,0.655,0.67,0.661,0.088,0.084,0.087,1.066,0.086,0.086,0.087,0.086,0.09,0.086,0.088,0.087,0.087
,21:40:00,45,0.086,0.088,0.087,0.088,0.088,0.086,0.087,0.086,0.086,0.085,0.086,0.079,0.087,0.344,0.18,0.368,0.266,0.428,0.437,0.344,0.334,0.266,0.513,0.087,0.087,0.466,0.232,0.357,0.183,0.401,0.344,0.324,0.295,0.12,0.105,0.087,0.089,0.432,0.255,0.27,0.445,0.178,0.169,0.273,0.441,0.131,0.121,0.087,0.088,0.714,0.605,0.546,0.747,0.508,0.658,0.741,0.762,0.73,0.757,0.088,0.087,0.86,0.724,0.833,0.722,0.888,0.905,0.86,0.17,0.379,0.559,0.087,0.087,0.925,0.971,0.913,0.92,0.089,0.808,0.414,0.652,0.666,0.659,0.088,0.084,0.087,1.064,0.086,0.086,0.087,0.086,0.089,0.086,0.088,0.087,0.087
,21:45:00,45,0.086,0.088,0.088,0.088,0.088,0.086,0.087,0.086,0.086,0.085,0.086,0.078,0.087,0.343,0.18,0.368,0.267,0.428,0.437,0.344,0.335,0.267,0.514,0.087,0.087,0.466,0.231,0.356,0.184,0.401,0.343,0.323,0.295,0.12,0.104,0.087,0.089,0.431,0.255,0.27,0.445,0.16,0.169,0.273,0.442,0.131,0.121,0.087,0.089,0.714,0.605,0.544,0.745,0.507,0.658,0.741,0.762,0.732,0.759,0.087,0.087,0.86,0.721,0.833,0.723,0.888,0.905,0.861,0.168,0.379,0.558,0.088,0.087,0.925,0.971,0.913,0.919,0.089,0.814,0.416,0.654,0.664,0.656,0.088,0.084,0.087,1.064,0.086,0.086,0.087,0.086,0.089,0.086,0.088,0.087,0.087
,21:50:00,45,0.086,0.088,0.088,0.088,0.088,0.086,0.087,0.086,0.086,0.085,0.086,0.079,0.087,0.343,0.18,0.368,0.267,0.428,0.437,0.343,0.334,0.267,0.514,0.087,0.087,0.466,0.231,0.356,0.183,0.401,0.343,0.323,0.295,0.12,0.105,0.087,0.1,0.432,0.255,0.271,0.445,0.177,0.169,0.273,0.442,0.131,0.121,0.087,0.088,0.712,0.603,0.544,0.744,0.505,0.654,0.74,0.761,0.731,0.758,0.088,0.087,0.861,0.723,0.833,0.724,0.889,0.905,0.862,0.168,0.38,0.559,0.087,0.087,0.924,0.97,0.912,0.919,0.089,0.816,0.418,0.652,0.664,0.656,0.088,0.084,0.087,1.063,0.086,0.086,0.087,0.086,0.089,0.086,0.088,0.087,0.087
,21:55:00,45,0.086,0.088,0.087,0.088,0.088,0.086,0.087,0.086,0.086,0.085,0.086,0.078,0.087,0.343,0.18,0.368,0.266,0.427,0.437,0.344,0.335,0.266,0.514,0.087,0.086,0.466,0.231,0.356,0.184,0.401,0.343,0.323,0.293,0.12,0.104,0.087,0.099,0.433,0.255,0.271,0.445,0.178,0.169,0.272,0.442,0.131,0.121,0.087,0.088,0.714,0.603,0.543,0.744,0.504,0.655,0.74,0.76,0.729,0.756,0.087,0.087,0.86,0.721,0.835,0.725,0.889,0.904,0.862,0.167,0.381,0.558,0.088,0.087,0.93,0.97,0.914,0.921,0.089,0.817,0.419,0.652,0.663,0.657,0.088,0.084,0.087,1.062,0.086,0.086,0.087,0.086,0.09,0.086,0.089,0.09,0.087
,22:00:00,45,0.087,0.088,0.088,0.088,0.088,0.086,0.087,0.086,0.086,0.085,0.086,0.078,0.087,0.343,0.18,0.368,0.267,0.428,0.437,0.343,0.334,0.267,0.514,0.087,0.087,0.466,0.231,0.356,0.182,0.402,0.344,0.323,0.294,0.12,0.104,0.087,0.089,0.431,0.255,0.271,0.445,0.172,0.169,0.273,0.443,0.131,0.121,0.087,0.089,0.712,0.601,0.542,0.742,0.503,0.655,0.739,0.76,0.734,0.757,0.088,0.087,0.86,0.718,0.834,0.727,0.89,0.904,0.863,0.166,0.381,0.559,0.088,0.087,0.924,0.97,0.913,0.919,0.089,0.817,0.421,0.651,0.661,0.655,0.088,0.084,0.087,1.061,0.086,0.086,0.088,0.086,0.089,0.086,0.089,0.093,0.087
,,,,,,,,,,,,,,,,,,,,,,,,,,,,,,,,,,,,,,,,,,,,,,,,,,,,,,,,,,,,,,,,,,,,,,,,,,,,,,,,,,,,,,,,,,,,,,,,,,
Results,,,,,,,,,,,,,,,,,,,,,,,,,,,,,,,,,,,,,,,,,,,,,,,,,,,,,,,,,,,,,,,,,,,,,,,,,,,,,,,,,,,,,,,,,,,,,,,,,,
,,,,,,,,,,,,,,,,,,,,,,,,,,,,,,,,,,,,,,,,,,,,,,,,,,,,,,,,,,,,,,,,,,,,,,,,,,,,,,,,,,,,,,,,,,,,,,,,,,
,,1,2,3,4,5,6,7,8,9,10,11,12,,,,,,,,,,,,,,,,,,,,,,,,,,,,,,,,,,,,,,,,,,,,,,,,,,,,,,,,,,,,,,,,,,,,,,,,,,,,,,,,,,,,,
,A,-0.06,-0.06,0.1,0.24,0.06,-0.06,-0.06,0.06,-0.1,-0.06,-0.06,-0.1,Max V [600],,,,,,,,,,,,,,,,,,,,,,,,,,,,,,,,,,,,,,,,,,,,,,,,,,,,,,,,,,,,,,,,,,,,,,,,,,,,,,,,,,,,
,,0.75,0.75,0.781,0.5,0.75,0.75,0.75,0.75,0.781,0.75,0.75,0.893,R-Squared [600],,,,,,,,,,,,,,,,,,,,,,,,,,,,,,,,,,,,,,,,,,,,,,,,,,,,,,,,,,,,,,,,,,,,,,,,,,,,,,,,,,,,
,,13:30:00,18:10:00,0:10:00,10:25:00,15:00:00,14:35:00,12:45:00,2:40:00,7:05:00,3:45:00,15:30:00,21:00:00,t at Max V [600],,,,,,,,,,,,,,,,,,,,,,,,,,,,,,,,,,,,,,,,,,,,,,,,,,,,,,,,,,,,,,,,,,,,,,,,,,,,,,,,,,,,
,,13:40:00,18:20:00,?????,10:20:00,15:06:40,14:45:00,12:51:40,2:33:20,7:01:00,3:21:40,15:23:20,20:12:00,Lagtime [600],,,,,,,,,,,,,,,,,,,,,,,,,,,,,,,,,,,,,,,,,,,,,,,,,,,,,,,,,,,,,,,,,,,,,,,,,,,,,,,,,,,,
,B,-0.06,1.1,0.42,0.92,0.32,1.28,1.78,1.4,1.3,0.52,2.2,0.04,Max V [600],,,,,,,,,,,,,,,,,,,,,,,,,,,,,,,,,,,,,,,,,,,,,,,,,,,,,,,,,,,,,,,,,,,,,,,,,,,,,,,,,,,,
,,0.75,0.998,0.984,0.998,0.955,0.997,0.996,1,0.999,0.977,1,0.333,R-Squared [600],,,,,,,,,,,,,,,,,,,,,,,,,,,,,,,,,,,,,,,,,,,,,,,,,,,,,,,,,,,,,,,,,,,,,,,,,,,,,,,,,,,,
,,12:30:00,4:50:00,0:50:00,4:20:00,9:05:00,4:30:00,3:25:00,3:50:00,4:05:00,5:30:00,4:00:00,21:30:00,t at Max V [600],,,,,,,,,,,,,,,,,,,,,,,,,,,,,,,,,,,,,,,,,,,,,,,,,,,,,,,,,,,,,,,,,,,,,,,,,,,,,,,,,,,,
,,12:36:40,2:04:11,0:12:23,2:08:29,5:00:38,1:54:41,1:18:22,1:58:34,2:01:46,2:53:05,1:58:11,21:45:00,Lagtime [600],,,,,,,,,,,,,,,,,,,,,,,,,,,,,,,,,,,,,,,,,,,,,,,,,,,,,,,,,,,,,,,,,,,,,,,,,,,,,,,,,,,,
,C,0.06,1.34,0.6,0.56,0.4,0.86,0.8,0.64,0.8,0.3,-0.2,0.06,Max V [600],,,,,,,,,,,,,,,,,,,,,,,,,,,,,,,,,,,,,,,,,,,,,,,,,,,,,,,,,,,,,,,,,,,,,,,,,,,,,,,,,,,,
,,0.75,0.999,1,0.995,1,0.998,1,0.996,0.995,0.987,0.658,0.75,R-Squared [600],,,,,,,,,,,,,,,,,,,,,,,,,,,,,,,,,,,,,,,,,,,,,,,,,,,,,,,,,,,,,,,,,,,,,,,,,,,,,,,,,,,,
,,21:35:00,4:00:00,0:30:00,0:30:00,0:25:00,0:30:00,5:30:00,5:30:00,2:10:00,0:30:00,13:05:00,2:40:00,t at Max V [600],,,,,,,,,,,,,,,,,,,,,,,,,,,,,,,,,,,,,,,,,,,,,,,,,,,,,,,,,,,,,,,,,,,,,,,,,,,,,,,,,,,,
,,21:11:40,1:43:44,0:08:20,0:10:00,0:10:00,0:07:27,2:23:45,1:48:26,0:36:30,0:10:40,14:08:00,2:50:00,Lagtime [600],,,,,,,,,,,,,,,,,,,,,,,,,,,,,,,,,,,,,,,,,,,,,,,,,,,,,,,,,,,,,,,,,,,,,,,,,,,,,,,,,,,,
,D,0.62,0.8,0.38,0.66,1.6,-1.34,0.5,0.76,1.14,0.3,0.22,-0.04,Max V [600],,,,,,,,,,,,,,,,,,,,,,,,,,,,,,,,,,,,,,,,,,,,,,,,,,,,,,,,,,,,,,,,,,,,,,,,,,,,,,,,,,,,
,,0.724,0.971,0.97,0.99,1,0.798,0.989,0.997,0.999,0.97,0.945,0.5,R-Squared [600],,,,,,,,,,,,,,,,,,,,,,,,,,,,,,,,,,,,,,,,,,,,,,,,,,,,,,,,,,,,,,,,,,,,,,,,,,,,,,,,,,,,
,,21:45:00,6:30:00,0:45:00,0:30:00,4:15:00,18:25:00,0:30:00,0:35:00,0:35:00,0:30:00,0:50:00,19:55:00,t at Max V [600],,,,,,,,,,,,,,,,,,,,,,,,,,,,,,,,,,,,,,,,,,,,,,,,,,,,,,,,,,,,,,,,,,,,,,,,,,,,,,,,,,,,
,,21:35:00,1:52:45,0:11:51,0:08:47,1:38:08,19:31:34,0:12:48,0:06:19,0:08:09,0:11:20,0:19:05,19:35:00,Lagtime [600],,,,,,,,,,,,,,,,,,,,,,,,,,,,,,,,,,,,,,,,,,,,,,,,,,,,,,,,,,,,,,,,,,,,,,,,,,,,,,,,,,,,
,E,0.16,5.04,5.76,5.06,5.64,5.46,5.68,5.36,5.42,5.62,5.56,0.06,Max V [600],,,,,,,,,,,,,,,,,,,,,,,,,,,,,,,,,,,,,,,,,,,,,,,,,,,,,,,,,,,,,,,,,,,,,,,,,,,,,,,,,,,,
,,0.8,1,0.999,1,1,0.999,1,1,1,1,1,0.75,R-Squared [600],,,,,,,,,,,,,,,,,,,,,,,,,,,,,,,,,,,,,,,,,,,,,,,,,,,,,,,,,,,,,,,,,,,,,,,,,,,,,,,,,,,,
,,3:10:00,1:50:00,2:00:00,2:30:00,2:20:00,2:15:00,2:05:00,1:50:00,2:30:00,2:35:00,2:25:00,17:20:00,t at Max V [600],,,,,,,,,,,,,,,,,,,,,,,,,,,,,,,,,,,,,,,,,,,,,,,,,,,,,,,,,,,,,,,,,,,,,,,,,,,,,,,,,,,,
,,3:03:45,0:47:49,0:59:52,1:13:36,1:18:56,1:10:58,1:02:38,0:48:48,1:23:30,1:30:29,1:19:17,17:30:00,Lagtime [600],,,,,,,,,,,,,,,,,,,,,,,,,,,,,,,,,,,,,,,,,,,,,,,,,,,,,,,,,,,,,,,,,,,,,,,,,,,,,,,,,,,,
,F,-0.04,5.1,5.16,5.54,2.96,5.62,4.3,5.78,1.66,4.5,4.72,0.06,Max V [600],,,,,,,,,,,,,,,,,,,,,,,,,,,,,,,,,,,,,,,,,,,,,,,,,,,,,,,,,,,,,,,,,,,,,,,,,,,,,,,,,,,,
,,0.5,1,1,1,1,1,1,1,1,1,1,0.75,R-Squared [600],,,,,,,,,,,,,,,,,,,,,,,,,,,,,,,,,,,,,,,,,,,,,,,,,,,,,,,,,,,,,,,,,,,,,,,,,,,,,,,,,,,,
,,14:30:00,2:50:00,1:30:00,2:20:00,4:45:00,2:05:00,3:50:00,2:45:00,1:30:00,2:30:00,2:20:00,9:00:00,t at Max V [600],,,,,,,,,,,,,,,,,,,,,,,,,,,,,,,,,,,,,,,,,,,,,,,,,,,,,,,,,,,,,,,,,,,,,,,,,,,,,,,,,,,,
,,14:35:00,1:41:06,0:26:17,1:16:45,2:49:03,1:05:09,2:13:27,1:38:28,0:32:25,1:16:48,1:04:22,9:10:00,Lagtime [600],,,,,,,,,,,,,,,,,,,,,,,,,,,,,,,,,,,,,,,,,,,,,,,,,,,,,,,,,,,,,,,,,,,,,,,,,,,,,,,,,,,,
,G,0.06,4.26,6.46,6.42,5.1,0.06,6.54,4.68,5.72,4.5,5.86,-0.06,Max V [600],,,,,,,,,,,,,,,,,,,,,,,,,,,,,,,,,,,,,,,,,,,,,,,,,,,,,,,,,,,,,,,,,,,,,,,,,,,,,,,,,,,,
,,0.75,1,1,1,1,0.75,1,1,1,1,0.999,0.75,R-Squared [600],,,,,,,,,,,,,,,,,,,,,,,,,,,,,,,,,,,,,,,,,,,,,,,,,,,,,,,,,,,,,,,,,,,,,,,,,,,,,,,,,,,,
,,4:00:00,2:40:00,2:00:00,2:00:00,2:45:00,14:50:00,2:10:00,2:10:00,2:05:00,2:50:00,2:25:00,15:30:00,t at Max V [600],,,,,,,,,,,,,,,,,,,,,,,,,,,,,,,,,,,,,,,,,,,,,,,,,,,,,,,,,,,,,,,,,,,,,,,,,,,,,,,,,,,,
,,4:06:40,1:20:39,1:10:02,1:08:43,1:41:31,14:56:40,1:13:51,1:02:42,1:03:49,1:33:31,1:28:25,15:23:20,Lagtime [600],,,,,,,,,,,,,,,,,,,,,,,,,,,,,,,,,,,,,,,,,,,,,,,,,,,,,,,,,,,,,,,,,,,,,,,,,,,,,,,,,,,,
,H,-0.06,-0.06,5.24,-0.06,0.06,0.06,0.06,0.06,-0.06,0.06,0.3,0.06,Max V [600],,,,,,,,,,,,,,,,,,,,,,,,,,,,,,,,,,,,,,,,,,,,,,,,,,,,,,,,,,,,,,,,,,,,,,,,,,,,,,,,,,,,
,,0.75,0.45,0.999,0.75,0.75,0.75,0.75,0.75,0.75,0.75,0.781,0.75,R-Squared [600],,,,,,,,,,,,,,,,,,,,,,,,,,,,,,,,,,,,,,,,,,,,,,,,,,,,,,,,,,,,,,,,,,,,,,,,,,,,,,,,,,,,
,,15:30:00,13:15:00,6:00:00,7:20:00,9:45:00,18:20:00,20:15:00,13:05:00,16:25:00,13:45:00,21:50:00,17:15:00,t at Max V [600],,,,,,,,,,,,,,,,,,,,,,,,,,,,,,,,,,,,,,,,,,,,,,,,,,,,,,,,,,,,,,,,,,,,,,,,,,,,,,,,,,,,
,,15:23:20,13:15:00,4:45:18,7:30:00,9:55:00,18:30:00,20:25:00,12:55:00,16:18:20,13:51:40,21:44:00,17:25:00,Lagtime [600],,,,,,,,,,,,,,,,,,,,,,,,,,,,,,,,,,,,,,,,,,,,,,,,,,,,,,,,,,,,,,,,,,,,,,,,,,,,,,,,,,,,
