Software Version,3.11.19,,,,,,,,,,,,,,,,,,,,,,,,,,,,,,,,,,,,,,,,,,,,,,,,,,,,,,,,,,,,,,,,,,,,,,,,,,,,,,,,,,,,,,,,,,,,,,,,,
,,,,,,,,,,,,,,,,,,,,,,,,,,,,,,,,,,,,,,,,,,,,,,,,,,,,,,,,,,,,,,,,,,,,,,,,,,,,,,,,,,,,,,,,,,,,,,,,,,
Experiment File Path:,C:\Users\Public\Documents\Experiments\Experiment2.xpt,,,,,,,,,,,,,,,,,,,,,,,,,,,,,,,,,,,,,,,,,,,,,,,,,,,,,,,,,,,,,,,,,,,,,,,,,,,,,,,,,,,,,,,,,,,,,,,,,
Protocol File Path:,C:\Users\aljelab\Documents\Plate Reader Data\Edward Liu\PROT\RIFRxT 46c.prt,,,,,,,,,,,,,,,,,,,,,,,,,,,,,,,,,,,,,,,,,,,,,,,,,,,,,,,,,,,,,,,,,,,,,,,,,,,,,,,,,,,,,,,,,,,,,,,,,
Plate Number,Plate 3,,,,,,,,,,,,,,,,,,,,,,,,,,,,,,,,,,,,,,,,,,,,,,,,,,,,,,,,,,,,,,,,,,,,,,,,,,,,,,,,,,,,,,,,,,,,,,,,,
Date,4/06/2026,,,,,,,,,,,,,,,,,,,,,,,,,,,,,,,,,,,,,,,,,,,,,,,,,,,,,,,,,,,,,,,,,,,,,,,,,,,,,,,,,,,,,,,,,,,,,,,,,
Time,10:34:52 AM,,,,,,,,,,,,,,,,,,,,,,,,,,,,,,,,,,,,,,,,,,,,,,,,,,,,,,,,,,,,,,,,,,,,,,,,,,,,,,,,,,,,,,,,,,,,,,,,,
Reader Type:,Epoch 2,,,,,,,,,,,,,,,,,,,,,,,,,,,,,,,,,,,,,,,,,,,,,,,,,,,,,,,,,,,,,,,,,,,,,,,,,,,,,,,,,,,,,,,,,,,,,,,,,
Reader Serial Number:,1411241A,,,,,,,,,,,,,,,,,,,,,,,,,,,,,,,,,,,,,,,,,,,,,,,,,,,,,,,,,,,,,,,,,,,,,,,,,,,,,,,,,,,,,,,,,,,,,,,,,
Reading Type,Reader,,,,,,,,,,,,,,,,,,,,,,,,,,,,,,,,,,,,,,,,,,,,,,,,,,,,,,,,,,,,,,,,,,,,,,,,,,,,,,,,,,,,,,,,,,,,,,,,,
,,,,,,,,,,,,,,,,,,,,,,,,,,,,,,,,,,,,,,,,,,,,,,,,,,,,,,,,,,,,,,,,,,,,,,,,,,,,,,,,,,,,,,,,,,,,,,,,,,
Procedure Details,,,,,,,,,,,,,,,,,,,,,,,,,,,,,,,,,,,,,,,,,,,,,,,,,,,,,,,,,,,,,,,,,,,,,,,,,,,,,,,,,,,,,,,,,,,,,,,,,,
Plate Type,96 WELL PLATE (Use plate lid),,,,,,,,,,,,,,,,,,,,,,,,,,,,,,,,,,,,,,,,,,,,,,,,,,,,,,,,,,,,,,,,,,,,,,,,,,,,,,,,,,,,,,,,,,,,,,,,,
Eject plate on completion,,,,,,,,,,,,,,,,,,,,,,,,,,,,,,,,,,,,,,,,,,,,,,,,,,,,,,,,,,,,,,,,,,,,,,,,,,,,,,,,,,,,,,,,,,,,,,,,,,
Set Temperature,"Setpoint 46°C, Gradient 0 °C",,,,,,,,,,,,,,,,,,,,,,,,,,,,,,,,,,,,,,,,,,,,,,,,,,,,,,,,,,,,,,,,,,,,,,,,,,,,,,,,,,,,,,,,,,,,,,,,,
,Preheat before moving to next step,,,,,,,,,,,,,,,,,,,,,,,,,,,,,,,,,,,,,,,,,,,,,,,,,,,,,,,,,,,,,,,,,,,,,,,,,,,,,,,,,,,,,,,,,,,,,,,,,
Start Kinetic,"Runtime 22:00:00 (HH:MM:SS), Interval 0:05:00, 265 Reads",,,,,,,,,,,,,,,,,,,,,,,,,,,,,,,,,,,,,,,,,,,,,,,,,,,,,,,,,,,,,,,,,,,,,,,,,,,,,,,,,,,,,,,,,,,,,,,,,
    Shake,Linear: Continuous,,,,,,,,,,,,,,,,,,,,,,,,,,,,,,,,,,,,,,,,,,,,,,,,,,,,,,,,,,,,,,,,,,,,,,,,,,,,,,,,,,,,,,,,,,,,,,,,,
,Frequency: 567 cpm (3 mm),,,,,,,,,,,,,,,,,,,,,,,,,,,,,,,,,,,,,,,,,,,,,,,,,,,,,,,,,,,,,,,,,,,,,,,,,,,,,,,,,,,,,,,,,,,,,,,,,
    Read,Absorbance Endpoint,,,,,,,,,,,,,,,,,,,,,,,,,,,,,,,,,,,,,,,,,,,,,,,,,,,,,,,,,,,,,,,,,,,,,,,,,,,,,,,,,,,,,,,,,,,,,,,,,
,Full Plate,,,,,,,,,,,,,,,,,,,,,,,,,,,,,,,,,,,,,,,,,,,,,,,,,,,,,,,,,,,,,,,,,,,,,,,,,,,,,,,,,,,,,,,,,,,,,,,,,
,Wavelengths:  600,,,,,,,,,,,,,,,,,,,,,,,,,,,,,,,,,,,,,,,,,,,,,,,,,,,,,,,,,,,,,,,,,,,,,,,,,,,,,,,,,,,,,,,,,,,,,,,,,
,"Read Speed: Normal,  Delay: 100 msec,  Measurements/Data Point: 8",,,,,,,,,,,,,,,,,,,,,,,,,,,,,,,,,,,,,,,,,,,,,,,,,,,,,,,,,,,,,,,,,,,,,,,,,,,,,,,,,,,,,,,,,,,,,,,,,
End Kinetic,,,,,,,,,,,,,,,,,,,,,,,,,,,,,,,,,,,,,,,,,,,,,,,,,,,,,,,,,,,,,,,,,,,,,,,,,,,,,,,,,,,,,,,,,,,,,,,,,,
,,,,,,,,,,,,,,,,,,,,,,,,,,,,,,,,,,,,,,,,,,,,,,,,,,,,,,,,,,,,,,,,,,,,,,,,,,,,,,,,,,,,,,,,,,,,,,,,,,
600,,,,,,,,,,,,,,,,,,,,,,,,,,,,,,,,,,,,,,,,,,,,,,,,,,,,,,,,,,,,,,,,,,,,,,,,,,,,,,,,,,,,,,,,,,,,,,,,,,
,,,,,,,,,,,,,,,,,,,,,,,,,,,,,,,,,,,,,,,,,,,,,,,,,,,,,,,,,,,,,,,,,,,,,,,,,,,,,,,,,,,,,,,,,,,,,,,,,,
,Time,T° 600,A1,A2,A3,A4,A5,A6,A7,A8,A9,A10,A11,A12,B1,B2,B3,B4,B5,B6,B7,B8,B9,B10,B11,B12,C1,C2,C3,C4,C5,C6,C7,C8,C9,C10,C11,C12,D1,D2,D3,D4,D5,D6,D7,D8,D9,D10,D11,D12,E1,E2,E3,E4,E5,E6,E7,E8,E9,E10,E11,E12,F1,F2,F3,F4,F5,F6,F7,F8,F9,F10,F11,F12,G1,G2,G3,G4,G5,G6,G7,G8,G9,G10,G11,G12,H1,H2,H3,H4,H5,H6,H7,H8,H9,H10,H11,H12
,0:04:16,45.9,0.091,0.09,0.089,0.099,0.09,0.088,0.088,0.089,0.092,0.091,0.089,0.089,0.091,0.099,0.097,0.105,0.082,0.098,0.105,0.091,0.089,0.092,0.09,0.088,0.091,0.099,0.087,0.117,0.098,0.095,0.103,0.09,0.091,0.094,0.093,0.088,0.09,0.109,0.093,0.09,0.097,0.106,0.095,0.096,0.091,0.092,0.09,0.088,0.09,0.103,0.108,0.097,0.089,0.1,0.096,0.104,0.098,0.097,0.104,0.094,0.093,0.097,0.091,0.101,0.099,0.098,0.111,0.099,0.105,0.1,0.099,0.094,0.092,0.101,0.093,0.099,0.098,0.101,0.102,0.099,0.096,0.111,0.098,0.107,0.088,0.09,0.091,0.093,0.089,0.092,0.088,0.091,0.088,0.091,0.089,0.088
,0:09:16,46,0.091,0.089,0.089,0.098,0.089,0.088,0.088,0.089,0.092,0.091,0.089,0.089,0.09,0.099,0.097,0.106,0.082,0.097,0.106,0.09,0.09,0.092,0.09,0.088,0.091,0.097,0.087,0.117,0.098,0.092,0.101,0.09,0.09,0.094,0.094,0.088,0.09,0.108,0.093,0.089,0.096,0.107,0.095,0.096,0.091,0.092,0.09,0.088,0.09,0.103,0.108,0.096,0.089,0.1,0.096,0.103,0.098,0.097,0.103,0.093,0.093,0.097,0.091,0.101,0.099,0.098,0.105,0.098,0.103,0.1,0.099,0.094,0.092,0.101,0.093,0.098,0.098,0.1,0.102,0.099,0.095,0.111,0.098,0.108,0.087,0.09,0.09,0.093,0.089,0.091,0.088,0.091,0.088,0.091,0.088,0.088
,0:14:16,45.9,0.091,0.089,0.089,0.098,0.089,0.088,0.088,0.089,0.091,0.091,0.089,0.089,0.09,0.099,0.098,0.107,0.082,0.098,0.106,0.091,0.09,0.092,0.09,0.088,0.091,0.096,0.087,0.118,0.098,0.093,0.102,0.09,0.091,0.094,0.094,0.088,0.089,0.108,0.093,0.089,0.096,0.108,0.095,0.097,0.091,0.092,0.09,0.088,0.09,0.103,0.109,0.096,0.089,0.1,0.095,0.103,0.098,0.096,0.104,0.093,0.093,0.097,0.091,0.101,0.099,0.098,0.104,0.098,0.103,0.1,0.099,0.094,0.092,0.101,0.093,0.097,0.098,0.1,0.102,0.099,0.095,0.111,0.098,0.105,0.087,0.09,0.09,0.093,0.089,0.091,0.087,0.091,0.088,0.091,0.088,0.088
,0:19:16,45.9,0.09,0.089,0.088,0.097,0.089,0.088,0.088,0.089,0.092,0.091,0.089,0.089,0.09,0.1,0.099,0.109,0.081,0.099,0.108,0.091,0.09,0.093,0.09,0.088,0.091,0.096,0.087,0.12,0.1,0.093,0.102,0.09,0.091,0.095,0.093,0.088,0.09,0.109,0.093,0.089,0.098,0.109,0.096,0.097,0.091,0.093,0.09,0.088,0.09,0.103,0.111,0.096,0.089,0.101,0.096,0.104,0.099,0.097,0.105,0.093,0.092,0.097,0.091,0.102,0.099,0.099,0.105,0.099,0.104,0.1,0.1,0.094,0.092,0.101,0.093,0.097,0.098,0.1,0.102,0.1,0.096,0.113,0.098,0.115,0.087,0.089,0.09,0.093,0.089,0.091,0.088,0.091,0.088,0.091,0.088,0.089
,0:24:16,45.9,0.09,0.089,0.088,0.092,0.089,0.088,0.088,0.089,0.091,0.091,0.089,0.089,0.09,0.101,0.099,0.111,0.081,0.1,0.109,0.091,0.091,0.093,0.09,0.088,0.091,0.097,0.088,0.121,0.101,0.094,0.103,0.09,0.091,0.096,0.094,0.088,0.089,0.109,0.094,0.089,0.098,0.111,0.097,0.097,0.091,0.093,0.091,0.088,0.09,0.104,0.114,0.097,0.089,0.102,0.096,0.105,0.099,0.097,0.105,0.093,0.092,0.098,0.091,0.103,0.099,0.1,0.107,0.099,0.105,0.102,0.1,0.094,0.092,0.101,0.093,0.097,0.098,0.102,0.103,0.101,0.096,0.115,0.098,0.108,0.087,0.089,0.09,0.093,0.088,0.091,0.087,0.091,0.088,0.091,0.088,0.088
,0:29:16,46,0.09,0.089,0.088,0.092,0.089,0.088,0.088,0.089,0.092,0.091,0.089,0.089,0.09,0.102,0.1,0.113,0.081,0.101,0.11,0.092,0.093,0.094,0.091,0.088,0.09,0.098,0.088,0.124,0.102,0.095,0.105,0.09,0.092,0.098,0.094,0.088,0.089,0.11,0.094,0.09,0.099,0.113,0.097,0.098,0.092,0.093,0.091,0.088,0.09,0.104,0.116,0.097,0.089,0.103,0.096,0.106,0.099,0.097,0.107,0.093,0.092,0.098,0.092,0.105,0.1,0.101,0.109,0.099,0.106,0.103,0.101,0.094,0.092,0.101,0.093,0.099,0.099,0.102,0.105,0.102,0.096,0.118,0.099,0.117,0.087,0.089,0.09,0.093,0.088,0.091,0.087,0.091,0.088,0.091,0.088,0.089
,0:34:16,46,0.09,0.089,0.088,0.092,0.089,0.088,0.088,0.089,0.092,0.091,0.089,0.089,0.09,0.103,0.102,0.115,0.081,0.102,0.111,0.093,0.092,0.095,0.092,0.088,0.09,0.099,0.089,0.126,0.104,0.096,0.106,0.091,0.093,0.099,0.094,0.088,0.09,0.111,0.095,0.09,0.1,0.115,0.098,0.099,0.093,0.094,0.092,0.088,0.09,0.105,0.119,0.098,0.089,0.104,0.097,0.108,0.1,0.098,0.108,0.093,0.092,0.099,0.092,0.107,0.101,0.102,0.112,0.1,0.108,0.104,0.103,0.094,0.092,0.102,0.094,0.099,0.099,0.104,0.106,0.103,0.097,0.121,0.099,0.114,0.087,0.089,0.09,0.093,0.088,0.091,0.087,0.091,0.088,0.091,0.088,0.089
,0:39:16,46,0.09,0.089,0.088,0.091,0.089,0.087,0.088,0.089,0.091,0.09,0.089,0.089,0.09,0.104,0.103,0.117,0.082,0.103,0.113,0.093,0.092,0.095,0.092,0.088,0.09,0.1,0.088,0.129,0.105,0.097,0.107,0.091,0.094,0.1,0.095,0.088,0.089,0.112,0.095,0.09,0.101,0.117,0.099,0.1,0.093,0.095,0.093,0.088,0.09,0.106,0.122,0.099,0.088,0.106,0.097,0.109,0.1,0.098,0.11,0.093,0.092,0.099,0.092,0.11,0.102,0.104,0.115,0.101,0.109,0.106,0.103,0.094,0.092,0.102,0.094,0.1,0.1,0.105,0.108,0.104,0.098,0.124,0.1,0.117,0.088,0.089,0.09,0.093,0.088,0.091,0.087,0.091,0.087,0.091,0.088,0.088
,0:44:16,46,0.09,0.089,0.088,0.092,0.089,0.088,0.088,0.089,0.091,0.091,0.089,0.089,0.09,0.104,0.104,0.119,0.081,0.105,0.115,0.094,0.093,0.096,0.093,0.088,0.09,0.101,0.089,0.131,0.107,0.099,0.108,0.092,0.095,0.101,0.096,0.088,0.089,0.113,0.096,0.092,0.102,0.12,0.1,0.1,0.093,0.095,0.093,0.088,0.09,0.107,0.125,0.1,0.088,0.107,0.098,0.111,0.101,0.098,0.112,0.093,0.092,0.1,0.092,0.112,0.103,0.105,0.118,0.102,0.111,0.108,0.105,0.093,0.092,0.102,0.094,0.101,0.1,0.107,0.11,0.105,0.099,0.128,0.1,0.116,0.087,0.089,0.09,0.093,0.088,0.091,0.087,0.091,0.087,0.091,0.088,0.088
,0:49:16,46,0.09,0.089,0.088,0.092,0.089,0.088,0.088,0.089,0.092,0.091,0.089,0.089,0.09,0.105,0.105,0.121,0.083,0.107,0.117,0.094,0.094,0.096,0.093,0.088,0.09,0.101,0.091,0.133,0.108,0.1,0.11,0.092,0.095,0.103,0.097,0.088,0.089,0.113,0.096,0.091,0.102,0.122,0.101,0.101,0.094,0.096,0.094,0.088,0.09,0.108,0.13,0.101,0.088,0.11,0.099,0.113,0.102,0.099,0.115,0.093,0.092,0.101,0.093,0.116,0.105,0.108,0.122,0.102,0.113,0.111,0.106,0.094,0.092,0.102,0.095,0.102,0.101,0.11,0.112,0.107,0.1,0.134,0.101,0.117,0.087,0.089,0.09,0.093,0.089,0.091,0.087,0.091,0.088,0.091,0.088,0.089
,0:54:16,46,0.09,0.089,0.088,0.092,0.089,0.088,0.088,0.089,0.092,0.091,0.089,0.089,0.09,0.106,0.106,0.123,0.086,0.107,0.118,0.095,0.094,0.097,0.094,0.088,0.09,0.102,0.091,0.135,0.109,0.101,0.111,0.092,0.095,0.104,0.097,0.088,0.089,0.114,0.097,0.091,0.103,0.124,0.101,0.102,0.094,0.097,0.094,0.088,0.09,0.109,0.136,0.103,0.088,0.113,0.1,0.115,0.102,0.099,0.117,0.093,0.092,0.102,0.093,0.119,0.106,0.111,0.126,0.103,0.116,0.113,0.109,0.093,0.092,0.102,0.095,0.104,0.102,0.113,0.114,0.109,0.101,0.141,0.102,0.115,0.088,0.089,0.09,0.093,0.089,0.091,0.087,0.091,0.087,0.091,0.088,0.088
,0:59:16,46.1,0.09,0.089,0.088,0.092,0.089,0.088,0.088,0.089,0.091,0.091,0.089,0.089,0.09,0.106,0.106,0.125,0.082,0.108,0.119,0.095,0.095,0.098,0.094,0.088,0.09,0.102,0.092,0.137,0.11,0.102,0.112,0.093,0.095,0.105,0.098,0.088,0.089,0.114,0.097,0.092,0.103,0.126,0.101,0.102,0.095,0.097,0.095,0.088,0.09,0.111,0.142,0.104,0.088,0.116,0.101,0.117,0.103,0.099,0.121,0.093,0.092,0.103,0.094,0.124,0.108,0.114,0.132,0.104,0.119,0.117,0.111,0.093,0.092,0.103,0.096,0.106,0.103,0.116,0.116,0.112,0.102,0.148,0.103,0.108,0.087,0.089,0.09,0.093,0.088,0.091,0.087,0.091,0.088,0.091,0.088,0.088
,1:04:16,46,0.09,0.089,0.088,0.091,0.089,0.088,0.088,0.089,0.091,0.091,0.089,0.089,0.09,0.106,0.107,0.127,0.081,0.109,0.121,0.096,0.095,0.098,0.095,0.088,0.09,0.102,0.092,0.139,0.11,0.102,0.113,0.093,0.096,0.106,0.098,0.088,0.089,0.115,0.097,0.091,0.104,0.127,0.102,0.103,0.095,0.098,0.095,0.088,0.09,0.112,0.149,0.106,0.088,0.12,0.102,0.12,0.104,0.099,0.125,0.093,0.092,0.104,0.095,0.129,0.11,0.117,0.137,0.105,0.123,0.121,0.114,0.093,0.092,0.103,0.096,0.108,0.104,0.12,0.12,0.115,0.103,0.156,0.104,0.114,0.087,0.089,0.09,0.093,0.088,0.091,0.087,0.091,0.088,0.091,0.088,0.088
,1:09:16,46,0.09,0.089,0.088,0.092,0.089,0.087,0.088,0.089,0.091,0.091,0.089,0.089,0.09,0.107,0.108,0.128,0.083,0.11,0.121,0.096,0.095,0.099,0.096,0.088,0.09,0.103,0.092,0.139,0.111,0.103,0.114,0.093,0.096,0.107,0.099,0.088,0.089,0.115,0.098,0.091,0.104,0.128,0.102,0.103,0.095,0.099,0.096,0.088,0.09,0.114,0.157,0.109,0.088,0.124,0.103,0.123,0.106,0.1,0.129,0.093,0.092,0.105,0.096,0.134,0.113,0.122,0.144,0.106,0.128,0.126,0.117,0.094,0.091,0.103,0.096,0.11,0.105,0.124,0.123,0.118,0.105,0.165,0.105,0.113,0.087,0.089,0.09,0.093,0.088,0.091,0.087,0.091,0.088,0.091,0.088,0.088
,1:14:16,46,0.09,0.089,0.088,0.092,0.089,0.088,0.088,0.089,0.091,0.091,0.089,0.089,0.09,0.107,0.108,0.129,0.085,0.11,0.123,0.097,0.096,0.1,0.097,0.088,0.091,0.103,0.093,0.141,0.112,0.103,0.115,0.094,0.096,0.108,0.1,0.088,0.089,0.116,0.098,0.092,0.105,0.128,0.103,0.104,0.096,0.099,0.096,0.088,0.09,0.116,0.167,0.111,0.088,0.129,0.105,0.127,0.107,0.1,0.135,0.093,0.092,0.107,0.097,0.141,0.115,0.127,0.152,0.107,0.133,0.132,0.121,0.094,0.092,0.104,0.097,0.113,0.106,0.13,0.127,0.122,0.107,0.178,0.106,0.114,0.088,0.089,0.09,0.093,0.088,0.091,0.087,0.091,0.088,0.091,0.088,0.089
,1:19:16,45.9,0.09,0.089,0.088,0.092,0.089,0.088,0.088,0.089,0.091,0.091,0.089,0.089,0.09,0.107,0.109,0.13,0.081,0.11,0.124,0.097,0.096,0.1,0.097,0.088,0.09,0.103,0.093,0.142,0.112,0.103,0.115,0.093,0.096,0.108,0.1,0.088,0.089,0.116,0.098,0.092,0.105,0.129,0.103,0.104,0.096,0.099,0.097,0.088,0.09,0.119,0.178,0.114,0.088,0.136,0.107,0.13,0.109,0.1,0.141,0.093,0.092,0.109,0.098,0.15,0.118,0.133,0.16,0.108,0.139,0.139,0.126,0.093,0.092,0.104,0.097,0.116,0.108,0.136,0.132,0.126,0.109,0.192,0.108,0.109,0.087,0.089,0.09,0.093,0.088,0.091,0.087,0.091,0.087,0.091,0.088,0.089
,1:24:16,46,0.09,0.089,0.088,0.092,0.089,0.088,0.088,0.089,0.091,0.091,0.089,0.089,0.09,0.107,0.109,0.131,0.081,0.111,0.124,0.097,0.096,0.1,0.098,0.088,0.09,0.103,0.092,0.143,0.112,0.104,0.116,0.093,0.097,0.109,0.101,0.088,0.089,0.116,0.098,0.092,0.106,0.129,0.103,0.104,0.096,0.099,0.097,0.088,0.09,0.12,0.189,0.117,0.088,0.143,0.109,0.134,0.11,0.101,0.148,0.093,0.092,0.11,0.1,0.159,0.122,0.14,0.17,0.111,0.146,0.146,0.132,0.093,0.092,0.104,0.098,0.119,0.11,0.143,0.136,0.131,0.111,0.205,0.11,0.111,0.087,0.089,0.09,0.092,0.088,0.091,0.087,0.091,0.087,0.091,0.088,0.088
,1:29:16,46,0.09,0.089,0.089,0.092,0.089,0.088,0.088,0.089,0.092,0.091,0.089,0.089,0.09,0.107,0.11,0.132,0.082,0.111,0.125,0.098,0.097,0.101,0.099,0.088,0.091,0.104,0.092,0.144,0.112,0.104,0.116,0.094,0.097,0.11,0.101,0.088,0.089,0.116,0.098,0.092,0.106,0.129,0.103,0.104,0.096,0.099,0.098,0.088,0.09,0.123,0.202,0.121,0.088,0.151,0.112,0.139,0.113,0.102,0.157,0.093,0.092,0.112,0.102,0.168,0.126,0.148,0.181,0.112,0.155,0.155,0.138,0.093,0.092,0.104,0.098,0.124,0.112,0.151,0.142,0.137,0.114,0.213,0.112,0.116,0.088,0.089,0.09,0.093,0.089,0.091,0.087,0.091,0.088,0.091,0.088,0.089
,1:34:16,45.9,0.09,0.089,0.088,0.092,0.089,0.087,0.088,0.089,0.092,0.091,0.089,0.089,0.09,0.108,0.11,0.132,0.081,0.111,0.125,0.098,0.097,0.101,0.099,0.088,0.09,0.104,0.093,0.145,0.113,0.104,0.117,0.094,0.097,0.11,0.102,0.088,0.089,0.117,0.099,0.092,0.106,0.13,0.103,0.104,0.097,0.1,0.1,0.088,0.09,0.126,0.213,0.125,0.088,0.16,0.114,0.145,0.115,0.102,0.167,0.093,0.092,0.114,0.104,0.177,0.131,0.157,0.191,0.114,0.164,0.165,0.146,0.093,0.092,0.104,0.099,0.128,0.114,0.16,0.148,0.143,0.117,0.221,0.114,0.112,0.087,0.089,0.09,0.093,0.088,0.091,0.087,0.091,0.087,0.091,0.088,0.088
,1:39:16,46,0.09,0.089,0.088,0.092,0.089,0.088,0.088,0.089,0.091,0.091,0.089,0.089,0.09,0.108,0.111,0.133,0.086,0.111,0.126,0.098,0.097,0.102,0.1,0.088,0.09,0.105,0.092,0.145,0.113,0.104,0.117,0.094,0.097,0.111,0.102,0.088,0.089,0.117,0.099,0.092,0.106,0.13,0.103,0.104,0.097,0.101,0.098,0.088,0.09,0.129,0.219,0.129,0.088,0.17,0.118,0.15,0.117,0.101,0.178,0.093,0.092,0.116,0.106,0.182,0.136,0.168,0.2,0.115,0.175,0.176,0.155,0.094,0.092,0.105,0.1,0.133,0.117,0.17,0.154,0.151,0.121,0.233,0.117,0.103,0.088,0.09,0.09,0.093,0.088,0.091,0.087,0.091,0.088,0.091,0.088,0.088
,1:44:16,46,0.09,0.089,0.089,0.092,0.089,0.088,0.088,0.089,0.091,0.091,0.089,0.089,0.09,0.107,0.111,0.133,0.085,0.112,0.126,0.098,0.097,0.102,0.1,0.088,0.09,0.105,0.092,0.146,0.113,0.105,0.117,0.094,0.097,0.112,0.103,0.088,0.089,0.117,0.098,0.092,0.107,0.13,0.103,0.104,0.097,0.1,0.098,0.088,0.09,0.132,0.225,0.134,0.088,0.181,0.121,0.157,0.121,0.102,0.191,0.093,0.092,0.118,0.108,0.187,0.141,0.177,0.204,0.118,0.186,0.185,0.165,0.093,0.092,0.105,0.1,0.139,0.12,0.179,0.161,0.158,0.124,0.245,0.12,0.116,0.087,0.089,0.09,0.093,0.088,0.091,0.087,0.091,0.088,0.091,0.088,0.088
,1:49:16,45.9,0.09,0.089,0.088,0.092,0.089,0.088,0.088,0.089,0.091,0.091,0.089,0.089,0.09,0.107,0.111,0.134,0.082,0.112,0.127,0.098,0.097,0.102,0.101,0.088,0.09,0.105,0.092,0.147,0.113,0.105,0.117,0.094,0.097,0.112,0.103,0.087,0.089,0.117,0.099,0.092,0.107,0.13,0.104,0.104,0.097,0.1,0.099,0.087,0.09,0.135,0.232,0.14,0.088,0.188,0.126,0.164,0.124,0.103,0.203,0.093,0.092,0.121,0.111,0.193,0.148,0.186,0.212,0.12,0.195,0.191,0.176,0.093,0.092,0.106,0.101,0.145,0.123,0.184,0.168,0.167,0.129,0.26,0.123,0.116,0.087,0.089,0.09,0.093,0.088,0.091,0.087,0.091,0.087,0.091,0.088,0.088
,1:54:16,45.9,0.09,0.089,0.088,0.092,0.089,0.087,0.088,0.089,0.091,0.09,0.089,0.089,0.089,0.107,0.112,0.134,0.081,0.112,0.127,0.099,0.097,0.102,0.101,0.088,0.09,0.105,0.092,0.147,0.113,0.105,0.117,0.094,0.097,0.113,0.104,0.087,0.089,0.117,0.099,0.092,0.107,0.13,0.103,0.104,0.097,0.101,0.099,0.088,0.09,0.14,0.24,0.146,0.088,0.192,0.13,0.171,0.127,0.103,0.209,0.093,0.092,0.123,0.114,0.2,0.154,0.19,0.222,0.122,0.2,0.195,0.188,0.093,0.092,0.106,0.102,0.152,0.127,0.187,0.176,0.176,0.133,0.273,0.127,0.109,0.087,0.089,0.09,0.092,0.088,0.091,0.087,0.091,0.087,0.09,0.088,0.088
,1:59:16,46,0.09,0.089,0.088,0.092,0.089,0.088,0.088,0.089,0.091,0.091,0.089,0.091,0.09,0.108,0.112,0.135,0.081,0.112,0.128,0.098,0.097,0.102,0.102,0.088,0.09,0.106,0.092,0.148,0.113,0.105,0.118,0.094,0.097,0.113,0.104,0.088,0.089,0.117,0.099,0.092,0.107,0.13,0.103,0.104,0.097,0.101,0.099,0.088,0.09,0.144,0.249,0.153,0.088,0.198,0.135,0.179,0.13,0.103,0.215,0.093,0.092,0.126,0.118,0.208,0.161,0.195,0.232,0.126,0.207,0.203,0.195,0.093,0.092,0.106,0.103,0.159,0.131,0.192,0.18,0.185,0.138,0.289,0.131,0.109,0.087,0.089,0.09,0.092,0.088,0.091,0.087,0.091,0.087,0.091,0.088,0.088
,2:04:16,45.9,0.09,0.089,0.088,0.092,0.089,0.088,0.088,0.089,0.092,0.091,0.089,0.09,0.09,0.107,0.112,0.136,0.081,0.113,0.128,0.099,0.098,0.103,0.102,0.089,0.091,0.106,0.093,0.148,0.113,0.105,0.118,0.095,0.097,0.114,0.105,0.088,0.09,0.117,0.099,0.092,0.108,0.131,0.104,0.105,0.097,0.101,0.1,0.088,0.09,0.148,0.259,0.161,0.089,0.206,0.141,0.186,0.135,0.104,0.225,0.093,0.092,0.129,0.122,0.217,0.169,0.202,0.242,0.128,0.216,0.212,0.204,0.094,0.092,0.107,0.104,0.167,0.135,0.2,0.182,0.19,0.144,0.305,0.135,0.115,0.088,0.089,0.09,0.093,0.089,0.091,0.087,0.091,0.088,0.091,0.088,0.088
,2:09:16,46,0.09,0.089,0.089,0.092,0.089,0.088,0.088,0.089,0.092,0.091,0.089,0.09,0.09,0.108,0.112,0.136,0.081,0.113,0.128,0.099,0.098,0.103,0.103,0.088,0.09,0.107,0.092,0.149,0.113,0.105,0.118,0.095,0.097,0.114,0.105,0.088,0.09,0.117,0.099,0.092,0.107,0.131,0.104,0.105,0.098,0.102,0.102,0.088,0.09,0.153,0.267,0.168,0.089,0.214,0.147,0.192,0.139,0.103,0.236,0.093,0.092,0.131,0.126,0.227,0.174,0.21,0.254,0.132,0.227,0.224,0.217,0.093,0.092,0.107,0.105,0.173,0.141,0.207,0.185,0.194,0.151,0.322,0.14,0.112,0.088,0.089,0.09,0.093,0.088,0.091,0.087,0.091,0.088,0.091,0.088,0.089
,2:14:16,45.9,0.09,0.089,0.088,0.092,0.089,0.088,0.088,0.089,0.092,0.091,0.089,0.089,0.09,0.107,0.113,0.136,0.081,0.113,0.129,0.099,0.098,0.103,0.103,0.088,0.091,0.107,0.092,0.149,0.113,0.105,0.119,0.095,0.097,0.115,0.105,0.088,0.089,0.117,0.099,0.092,0.107,0.13,0.104,0.105,0.097,0.102,0.1,0.088,0.09,0.158,0.278,0.174,0.088,0.224,0.153,0.195,0.143,0.104,0.249,0.093,0.092,0.134,0.131,0.236,0.177,0.22,0.266,0.136,0.238,0.235,0.231,0.093,0.092,0.108,0.107,0.175,0.146,0.216,0.19,0.2,0.158,0.339,0.145,0.111,0.087,0.089,0.09,0.093,0.088,0.091,0.087,0.091,0.088,0.091,0.088,0.088
,2:19:16,45.9,0.09,0.089,0.088,0.092,0.089,0.088,0.088,0.089,0.091,0.09,0.089,0.089,0.09,0.108,0.113,0.137,0.081,0.113,0.129,0.1,0.098,0.103,0.104,0.088,0.09,0.107,0.093,0.15,0.113,0.105,0.119,0.095,0.097,0.115,0.105,0.088,0.089,0.117,0.099,0.092,0.108,0.13,0.104,0.105,0.098,0.102,0.1,0.088,0.09,0.164,0.29,0.178,0.089,0.233,0.16,0.197,0.148,0.104,0.263,0.093,0.092,0.136,0.137,0.244,0.179,0.229,0.279,0.139,0.248,0.247,0.245,0.093,0.092,0.108,0.107,0.177,0.153,0.224,0.196,0.206,0.165,0.357,0.151,0.111,0.088,0.089,0.09,0.093,0.088,0.091,0.087,0.091,0.088,0.091,0.088,0.088
,2:24:16,45.9,0.09,0.089,0.089,0.092,0.089,0.088,0.088,0.089,0.092,0.091,0.089,0.089,0.09,0.108,0.113,0.137,0.081,0.113,0.129,0.1,0.098,0.104,0.104,0.089,0.091,0.107,0.093,0.15,0.113,0.105,0.119,0.095,0.098,0.115,0.106,0.088,0.09,0.118,0.099,0.092,0.108,0.13,0.104,0.105,0.098,0.102,0.1,0.088,0.09,0.166,0.302,0.183,0.089,0.243,0.166,0.199,0.153,0.104,0.279,0.093,0.092,0.139,0.143,0.254,0.183,0.238,0.292,0.144,0.259,0.259,0.26,0.094,0.092,0.109,0.109,0.179,0.16,0.232,0.203,0.215,0.173,0.377,0.157,0.112,0.088,0.089,0.09,0.093,0.088,0.091,0.087,0.091,0.088,0.091,0.088,0.088
,2:29:16,46,0.09,0.089,0.088,0.092,0.089,0.088,0.088,0.089,0.092,0.091,0.089,0.089,0.09,0.108,0.113,0.137,0.081,0.113,0.129,0.1,0.098,0.104,0.105,0.088,0.091,0.107,0.093,0.15,0.113,0.105,0.119,0.095,0.098,0.115,0.106,0.088,0.089,0.118,0.099,0.093,0.108,0.13,0.104,0.105,0.098,0.102,0.1,0.088,0.09,0.166,0.315,0.19,0.089,0.252,0.168,0.202,0.158,0.104,0.295,0.093,0.092,0.141,0.149,0.264,0.189,0.247,0.306,0.148,0.27,0.272,0.274,0.093,0.092,0.109,0.11,0.185,0.167,0.24,0.209,0.222,0.181,0.397,0.163,0.111,0.087,0.089,0.09,0.093,0.088,0.091,0.087,0.091,0.087,0.091,0.088,0.088
,2:34:16,45.9,0.09,0.089,0.089,0.092,0.089,0.088,0.088,0.089,0.092,0.091,0.089,0.089,0.09,0.108,0.113,0.138,0.081,0.114,0.13,0.1,0.098,0.104,0.105,0.088,0.09,0.108,0.094,0.151,0.113,0.105,0.119,0.095,0.097,0.116,0.106,0.088,0.089,0.118,0.1,0.093,0.108,0.13,0.104,0.105,0.098,0.102,0.1,0.088,0.09,0.169,0.329,0.198,0.088,0.263,0.17,0.208,0.163,0.104,0.313,0.093,0.092,0.144,0.156,0.276,0.196,0.257,0.322,0.153,0.28,0.286,0.29,0.093,0.092,0.11,0.112,0.19,0.176,0.247,0.216,0.23,0.189,0.418,0.17,0.114,0.088,0.089,0.09,0.093,0.088,0.091,0.087,0.091,0.087,0.091,0.088,0.088
,2:39:16,46,0.09,0.089,0.088,0.092,0.089,0.088,0.088,0.089,0.092,0.091,0.089,0.089,0.09,0.108,0.113,0.138,0.081,0.113,0.13,0.1,0.098,0.104,0.106,0.088,0.09,0.107,0.093,0.151,0.113,0.105,0.119,0.095,0.097,0.116,0.106,0.088,0.09,0.118,0.1,0.092,0.108,0.13,0.104,0.105,0.098,0.102,0.101,0.088,0.09,0.169,0.343,0.207,0.088,0.274,0.174,0.213,0.167,0.104,0.331,0.093,0.092,0.146,0.161,0.288,0.202,0.267,0.337,0.158,0.292,0.301,0.307,0.093,0.092,0.11,0.113,0.196,0.184,0.256,0.223,0.237,0.195,0.436,0.176,0.113,0.087,0.089,0.09,0.093,0.088,0.091,0.087,0.091,0.088,0.091,0.088,0.088
,2:44:16,46,0.09,0.089,0.089,0.092,0.089,0.088,0.088,0.089,0.092,0.091,0.089,0.089,0.09,0.108,0.113,0.138,0.081,0.114,0.13,0.1,0.099,0.104,0.106,0.088,0.091,0.108,0.094,0.151,0.113,0.105,0.119,0.095,0.098,0.116,0.107,0.088,0.089,0.118,0.1,0.093,0.108,0.13,0.104,0.105,0.098,0.102,0.101,0.088,0.09,0.172,0.358,0.217,0.089,0.286,0.178,0.218,0.167,0.104,0.351,0.093,0.091,0.148,0.164,0.302,0.21,0.278,0.354,0.164,0.305,0.317,0.325,0.093,0.092,0.111,0.114,0.203,0.192,0.264,0.232,0.244,0.203,0.454,0.183,0.11,0.087,0.089,0.09,0.093,0.088,0.091,0.087,0.091,0.088,0.091,0.088,0.088
,2:49:16,46,0.09,0.089,0.088,0.092,0.089,0.088,0.088,0.089,0.091,0.091,0.089,0.089,0.09,0.108,0.114,0.139,0.081,0.113,0.13,0.1,0.099,0.104,0.107,0.088,0.09,0.108,0.093,0.151,0.113,0.106,0.12,0.095,0.098,0.117,0.107,0.087,0.09,0.118,0.1,0.093,0.108,0.13,0.104,0.105,0.098,0.102,0.101,0.088,0.09,0.177,0.373,0.225,0.088,0.298,0.183,0.224,0.168,0.104,0.373,0.093,0.092,0.15,0.168,0.317,0.217,0.289,0.37,0.17,0.318,0.335,0.344,0.094,0.092,0.111,0.116,0.21,0.197,0.273,0.24,0.251,0.212,0.471,0.19,0.112,0.088,0.089,0.09,0.093,0.088,0.091,0.087,0.091,0.087,0.091,0.088,0.088
,2:54:16,46.1,0.09,0.089,0.088,0.092,0.09,0.088,0.088,0.089,0.092,0.091,0.089,0.089,0.09,0.108,0.114,0.139,0.081,0.114,0.131,0.1,0.099,0.105,0.108,0.088,0.091,0.108,0.094,0.152,0.113,0.105,0.12,0.095,0.098,0.117,0.107,0.088,0.089,0.118,0.1,0.093,0.109,0.13,0.104,0.105,0.098,0.103,0.101,0.088,0.09,0.18,0.386,0.234,0.088,0.312,0.189,0.231,0.169,0.104,0.394,0.093,0.092,0.152,0.174,0.332,0.223,0.3,0.386,0.176,0.331,0.351,0.362,0.094,0.092,0.112,0.117,0.217,0.201,0.283,0.249,0.259,0.223,0.489,0.199,0.112,0.088,0.089,0.09,0.093,0.088,0.091,0.087,0.091,0.088,0.091,0.088,0.088
,2:59:16,46,0.09,0.089,0.089,0.092,0.09,0.088,0.088,0.089,0.092,0.091,0.089,0.089,0.09,0.108,0.114,0.139,0.086,0.114,0.131,0.101,0.099,0.105,0.108,0.089,0.09,0.108,0.093,0.152,0.113,0.106,0.12,0.095,0.098,0.117,0.108,0.088,0.09,0.118,0.1,0.093,0.109,0.13,0.104,0.105,0.098,0.103,0.101,0.088,0.09,0.185,0.401,0.242,0.089,0.326,0.195,0.237,0.171,0.104,0.416,0.093,0.092,0.154,0.182,0.347,0.231,0.314,0.403,0.183,0.346,0.369,0.381,0.094,0.092,0.113,0.118,0.225,0.206,0.292,0.258,0.267,0.233,0.507,0.208,0.11,0.088,0.089,0.09,0.093,0.089,0.091,0.087,0.091,0.088,0.091,0.088,0.088
,3:04:16,46,0.09,0.089,0.089,0.092,0.089,0.088,0.088,0.089,0.092,0.091,0.089,0.089,0.09,0.108,0.114,0.139,0.087,0.114,0.131,0.101,0.099,0.105,0.108,0.088,0.09,0.109,0.094,0.152,0.113,0.106,0.12,0.095,0.098,0.117,0.108,0.088,0.089,0.118,0.1,0.093,0.109,0.13,0.104,0.105,0.098,0.103,0.101,0.088,0.09,0.188,0.415,0.252,0.089,0.341,0.201,0.244,0.175,0.104,0.436,0.093,0.092,0.156,0.19,0.362,0.239,0.328,0.416,0.19,0.36,0.385,0.401,0.094,0.092,0.113,0.12,0.234,0.212,0.3,0.267,0.274,0.243,0.526,0.218,0.11,0.087,0.09,0.09,0.093,0.088,0.091,0.087,0.091,0.088,0.091,0.088,0.088
,3:09:16,45.9,0.09,0.089,0.089,0.092,0.089,0.088,0.088,0.089,0.092,0.091,0.089,0.089,0.09,0.108,0.114,0.14,0.086,0.114,0.132,0.101,0.099,0.105,0.108,0.088,0.091,0.109,0.093,0.152,0.112,0.106,0.121,0.095,0.098,0.117,0.108,0.088,0.09,0.118,0.101,0.093,0.109,0.13,0.104,0.106,0.098,0.103,0.102,0.088,0.09,0.194,0.43,0.264,0.089,0.356,0.206,0.253,0.18,0.104,0.456,0.093,0.092,0.157,0.198,0.376,0.248,0.341,0.428,0.197,0.373,0.402,0.42,0.094,0.092,0.114,0.122,0.244,0.22,0.311,0.276,0.281,0.252,0.543,0.229,0.111,0.088,0.089,0.09,0.093,0.089,0.091,0.087,0.091,0.088,0.091,0.088,0.088
,3:14:16,46,0.09,0.089,0.088,0.092,0.089,0.088,0.088,0.089,0.092,0.091,0.089,0.089,0.09,0.108,0.114,0.14,0.086,0.114,0.132,0.101,0.099,0.105,0.109,0.088,0.09,0.109,0.093,0.152,0.112,0.106,0.121,0.095,0.098,0.117,0.108,0.088,0.09,0.118,0.1,0.093,0.109,0.13,0.104,0.105,0.098,0.102,0.102,0.088,0.09,0.197,0.444,0.276,0.089,0.368,0.21,0.26,0.183,0.105,0.475,0.093,0.092,0.159,0.205,0.389,0.256,0.353,0.44,0.203,0.388,0.417,0.439,0.094,0.092,0.115,0.123,0.254,0.227,0.316,0.285,0.287,0.263,0.559,0.24,0.114,0.088,0.089,0.09,0.093,0.089,0.091,0.087,0.091,0.088,0.091,0.088,0.088
,3:19:16,46,0.09,0.089,0.088,0.092,0.089,0.088,0.088,0.089,0.092,0.091,0.089,0.089,0.09,0.108,0.114,0.14,0.086,0.114,0.132,0.101,0.099,0.105,0.109,0.088,0.09,0.109,0.094,0.152,0.112,0.106,0.121,0.095,0.098,0.117,0.108,0.088,0.089,0.118,0.101,0.093,0.109,0.13,0.104,0.105,0.098,0.103,0.102,0.088,0.09,0.202,0.458,0.288,0.088,0.382,0.216,0.267,0.189,0.104,0.495,0.093,0.092,0.161,0.211,0.401,0.265,0.364,0.452,0.21,0.401,0.434,0.459,0.093,0.092,0.115,0.124,0.265,0.235,0.324,0.294,0.293,0.273,0.575,0.252,0.107,0.087,0.089,0.09,0.093,0.088,0.091,0.087,0.091,0.087,0.091,0.088,0.088
,3:24:16,45.9,0.09,0.089,0.089,0.092,0.09,0.088,0.088,0.089,0.092,0.091,0.089,0.089,0.09,0.108,0.115,0.141,0.087,0.114,0.132,0.102,0.099,0.106,0.11,0.088,0.091,0.109,0.093,0.153,0.112,0.106,0.121,0.096,0.098,0.118,0.108,0.088,0.09,0.118,0.101,0.093,0.109,0.13,0.104,0.106,0.098,0.103,0.102,0.088,0.09,0.205,0.473,0.302,0.089,0.394,0.222,0.277,0.193,0.104,0.513,0.093,0.092,0.163,0.218,0.412,0.276,0.374,0.464,0.218,0.415,0.451,0.479,0.093,0.092,0.116,0.127,0.276,0.242,0.329,0.303,0.299,0.284,0.591,0.265,0.11,0.088,0.089,0.09,0.093,0.089,0.091,0.087,0.091,0.088,0.091,0.088,0.088
,3:29:16,46,0.09,0.089,0.088,0.092,0.089,0.088,0.088,0.089,0.092,0.091,0.089,0.089,0.09,0.108,0.115,0.141,0.087,0.115,0.132,0.101,0.099,0.105,0.11,0.088,0.09,0.109,0.093,0.153,0.112,0.106,0.121,0.096,0.098,0.118,0.108,0.088,0.089,0.118,0.101,0.093,0.11,0.13,0.105,0.106,0.098,0.103,0.102,0.088,0.09,0.209,0.486,0.317,0.088,0.406,0.227,0.286,0.198,0.104,0.532,0.093,0.092,0.164,0.226,0.423,0.286,0.385,0.476,0.226,0.428,0.468,0.498,0.093,0.092,0.117,0.128,0.289,0.252,0.335,0.312,0.304,0.295,0.606,0.278,0.113,0.088,0.089,0.09,0.093,0.088,0.091,0.087,0.091,0.087,0.091,0.088,0.088
,3:34:16,45.9,0.09,0.089,0.089,0.092,0.089,0.088,0.088,0.089,0.092,0.091,0.089,0.09,0.09,0.108,0.115,0.141,0.087,0.115,0.133,0.102,0.1,0.106,0.11,0.089,0.091,0.11,0.094,0.153,0.112,0.106,0.121,0.096,0.098,0.118,0.109,0.088,0.09,0.118,0.101,0.093,0.11,0.13,0.105,0.106,0.099,0.103,0.102,0.088,0.09,0.213,0.499,0.332,0.089,0.416,0.234,0.294,0.202,0.104,0.549,0.093,0.092,0.165,0.234,0.433,0.296,0.394,0.489,0.234,0.442,0.483,0.515,0.093,0.092,0.118,0.13,0.303,0.261,0.34,0.322,0.31,0.305,0.621,0.294,0.111,0.088,0.09,0.09,0.093,0.089,0.091,0.087,0.091,0.088,0.091,0.088,0.088
,3:39:16,46,0.09,0.089,0.089,0.092,0.09,0.088,0.088,0.089,0.092,0.091,0.089,0.089,0.09,0.108,0.115,0.142,0.087,0.115,0.133,0.102,0.099,0.106,0.111,0.088,0.091,0.11,0.095,0.153,0.112,0.107,0.121,0.096,0.098,0.118,0.109,0.088,0.09,0.118,0.101,0.093,0.11,0.13,0.105,0.106,0.099,0.103,0.102,0.088,0.09,0.217,0.512,0.347,0.089,0.428,0.239,0.302,0.208,0.104,0.565,0.093,0.092,0.166,0.242,0.445,0.304,0.404,0.502,0.243,0.454,0.497,0.534,0.094,0.092,0.118,0.131,0.317,0.27,0.346,0.331,0.315,0.316,0.636,0.31,0.108,0.088,0.089,0.09,0.093,0.088,0.091,0.087,0.091,0.088,0.091,0.088,0.088
,3:44:16,46,0.09,0.089,0.089,0.092,0.089,0.088,0.088,0.089,0.092,0.091,0.089,0.089,0.09,0.108,0.115,0.142,0.086,0.115,0.133,0.102,0.1,0.106,0.111,0.088,0.091,0.11,0.094,0.153,0.112,0.106,0.121,0.096,0.098,0.119,0.109,0.088,0.089,0.118,0.101,0.093,0.11,0.13,0.105,0.106,0.099,0.104,0.102,0.088,0.09,0.224,0.524,0.362,0.089,0.438,0.245,0.313,0.212,0.104,0.581,0.093,0.092,0.168,0.251,0.455,0.315,0.415,0.514,0.252,0.466,0.511,0.549,0.094,0.092,0.119,0.134,0.331,0.28,0.351,0.341,0.32,0.326,0.649,0.328,0.11,0.088,0.089,0.09,0.093,0.089,0.091,0.087,0.091,0.088,0.091,0.088,0.088
,3:49:16,45.9,0.09,0.089,0.088,0.092,0.089,0.088,0.088,0.089,0.092,0.091,0.089,0.089,0.09,0.108,0.115,0.142,0.087,0.115,0.133,0.102,0.1,0.106,0.112,0.088,0.09,0.11,0.094,0.154,0.112,0.106,0.122,0.096,0.098,0.119,0.109,0.088,0.09,0.118,0.101,0.093,0.11,0.13,0.105,0.106,0.099,0.103,0.102,0.088,0.09,0.227,0.537,0.375,0.089,0.449,0.249,0.322,0.218,0.103,0.596,0.093,0.092,0.168,0.259,0.465,0.326,0.424,0.527,0.262,0.477,0.525,0.566,0.093,0.092,0.12,0.135,0.345,0.291,0.356,0.35,0.324,0.336,0.662,0.346,0.112,0.088,0.089,0.09,0.093,0.089,0.091,0.087,0.091,0.088,0.091,0.088,0.088
,3:54:16,46,0.09,0.089,0.088,0.092,0.089,0.088,0.088,0.089,0.092,0.091,0.089,0.089,0.09,0.108,0.116,0.143,0.086,0.115,0.133,0.102,0.1,0.106,0.112,0.089,0.091,0.11,0.094,0.154,0.112,0.106,0.122,0.096,0.098,0.119,0.109,0.088,0.09,0.118,0.101,0.093,0.11,0.13,0.105,0.106,0.099,0.104,0.102,0.088,0.09,0.234,0.547,0.389,0.089,0.459,0.253,0.332,0.224,0.103,0.611,0.093,0.092,0.169,0.268,0.476,0.335,0.434,0.54,0.273,0.489,0.539,0.582,0.093,0.092,0.121,0.136,0.362,0.302,0.361,0.36,0.328,0.346,0.674,0.364,0.111,0.088,0.089,0.09,0.093,0.089,0.091,0.087,0.091,0.088,0.091,0.088,0.088
,3:59:16,46,0.09,0.089,0.089,0.092,0.089,0.088,0.088,0.089,0.092,0.091,0.089,0.089,0.09,0.108,0.116,0.143,0.085,0.115,0.134,0.102,0.1,0.106,0.112,0.088,0.091,0.111,0.094,0.154,0.112,0.106,0.122,0.096,0.099,0.119,0.109,0.088,0.09,0.119,0.102,0.093,0.11,0.129,0.105,0.106,0.099,0.104,0.102,0.088,0.09,0.239,0.558,0.402,0.089,0.47,0.258,0.341,0.229,0.104,0.626,0.093,0.092,0.171,0.278,0.486,0.345,0.444,0.553,0.283,0.498,0.551,0.598,0.093,0.092,0.122,0.137,0.377,0.314,0.365,0.368,0.333,0.354,0.685,0.381,0.112,0.088,0.089,0.09,0.093,0.089,0.091,0.087,0.091,0.088,0.091,0.088,0.088
,4:04:16,46,0.09,0.089,0.088,0.092,0.089,0.088,0.088,0.089,0.092,0.091,0.089,0.089,0.09,0.108,0.116,0.143,0.087,0.115,0.133,0.102,0.1,0.106,0.112,0.088,0.091,0.111,0.093,0.154,0.112,0.106,0.122,0.096,0.098,0.119,0.109,0.088,0.089,0.118,0.101,0.093,0.11,0.13,0.105,0.106,0.099,0.104,0.102,0.088,0.09,0.247,0.569,0.414,0.089,0.479,0.263,0.351,0.235,0.103,0.641,0.093,0.092,0.172,0.288,0.497,0.354,0.452,0.566,0.295,0.51,0.563,0.613,0.094,0.092,0.123,0.139,0.39,0.324,0.367,0.377,0.336,0.362,0.695,0.399,0.11,0.087,0.089,0.09,0.093,0.089,0.091,0.087,0.091,0.087,0.091,0.088,0.088
,4:09:16,46,0.09,0.089,0.088,0.092,0.089,0.088,0.088,0.089,0.092,0.091,0.089,0.089,0.09,0.107,0.116,0.143,0.085,0.115,0.134,0.102,0.1,0.106,0.113,0.089,0.091,0.11,0.094,0.155,0.111,0.106,0.122,0.096,0.098,0.119,0.109,0.088,0.09,0.118,0.102,0.093,0.11,0.129,0.105,0.106,0.099,0.104,0.103,0.088,0.09,0.252,0.58,0.425,0.089,0.489,0.266,0.36,0.241,0.104,0.656,0.093,0.092,0.173,0.298,0.508,0.361,0.461,0.577,0.306,0.52,0.575,0.629,0.093,0.092,0.124,0.14,0.4,0.335,0.374,0.385,0.341,0.369,0.706,0.418,0.111,0.088,0.089,0.09,0.093,0.089,0.091,0.087,0.091,0.087,0.091,0.088,0.088
,4:14:16,46,0.09,0.089,0.089,0.092,0.09,0.088,0.088,0.089,0.092,0.091,0.089,0.089,0.09,0.108,0.116,0.144,0.086,0.115,0.134,0.103,0.1,0.106,0.113,0.088,0.091,0.111,0.094,0.155,0.112,0.106,0.122,0.096,0.098,0.119,0.109,0.088,0.09,0.118,0.102,0.093,0.11,0.129,0.105,0.106,0.099,0.104,0.103,0.088,0.09,0.257,0.589,0.438,0.089,0.499,0.272,0.369,0.248,0.104,0.67,0.093,0.092,0.175,0.309,0.518,0.369,0.469,0.588,0.319,0.531,0.587,0.645,0.094,0.092,0.125,0.141,0.409,0.347,0.376,0.394,0.343,0.377,0.715,0.436,0.112,0.088,0.089,0.09,0.093,0.089,0.091,0.087,0.091,0.088,0.091,0.088,0.089
,4:19:16,46.1,0.09,0.089,0.088,0.092,0.089,0.088,0.088,0.089,0.092,0.091,0.089,0.089,0.09,0.107,0.116,0.144,0.087,0.115,0.134,0.103,0.1,0.106,0.114,0.088,0.091,0.111,0.093,0.155,0.111,0.106,0.122,0.096,0.098,0.119,0.109,0.088,0.09,0.118,0.102,0.093,0.111,0.129,0.105,0.106,0.099,0.104,0.103,0.088,0.09,0.264,0.599,0.45,0.089,0.509,0.275,0.381,0.257,0.103,0.684,0.093,0.091,0.176,0.319,0.529,0.377,0.479,0.598,0.332,0.54,0.597,0.662,0.093,0.092,0.126,0.142,0.42,0.357,0.382,0.401,0.346,0.385,0.725,0.455,0.11,0.088,0.089,0.09,0.093,0.088,0.091,0.087,0.091,0.087,0.091,0.088,0.088
,4:24:16,46,0.09,0.089,0.089,0.092,0.089,0.088,0.088,0.089,0.092,0.091,0.089,0.089,0.09,0.108,0.116,0.144,0.087,0.115,0.134,0.103,0.1,0.106,0.114,0.088,0.09,0.111,0.093,0.155,0.111,0.107,0.122,0.096,0.098,0.12,0.11,0.088,0.09,0.118,0.102,0.093,0.111,0.129,0.105,0.106,0.099,0.104,0.103,0.088,0.09,0.27,0.608,0.462,0.089,0.518,0.279,0.389,0.265,0.103,0.698,0.093,0.091,0.177,0.33,0.539,0.382,0.485,0.608,0.345,0.549,0.608,0.677,0.093,0.092,0.128,0.142,0.43,0.365,0.386,0.41,0.351,0.391,0.733,0.475,0.111,0.088,0.089,0.09,0.093,0.088,0.091,0.087,0.091,0.087,0.091,0.088,0.088
,4:29:16,46,0.09,0.089,0.088,0.092,0.089,0.088,0.088,0.089,0.092,0.091,0.089,0.089,0.09,0.108,0.116,0.144,0.087,0.115,0.134,0.103,0.1,0.106,0.114,0.088,0.091,0.111,0.094,0.156,0.111,0.106,0.123,0.096,0.099,0.12,0.11,0.088,0.089,0.118,0.102,0.093,0.111,0.129,0.105,0.106,0.099,0.104,0.103,0.088,0.09,0.279,0.616,0.473,0.089,0.527,0.283,0.395,0.271,0.103,0.712,0.093,0.091,0.179,0.341,0.548,0.386,0.492,0.616,0.358,0.557,0.616,0.691,0.093,0.092,0.129,0.143,0.438,0.375,0.392,0.417,0.353,0.398,0.74,0.493,0.114,0.087,0.089,0.09,0.093,0.088,0.091,0.087,0.091,0.088,0.091,0.088,0.088
,4:34:16,46,0.09,0.089,0.089,0.092,0.089,0.088,0.088,0.089,0.092,0.091,0.089,0.089,0.09,0.107,0.117,0.144,0.087,0.116,0.135,0.103,0.1,0.106,0.115,0.088,0.091,0.111,0.094,0.156,0.111,0.107,0.123,0.096,0.099,0.12,0.11,0.088,0.09,0.119,0.102,0.093,0.111,0.129,0.105,0.106,0.099,0.104,0.103,0.088,0.09,0.283,0.624,0.485,0.089,0.535,0.286,0.406,0.28,0.103,0.725,0.093,0.092,0.18,0.351,0.558,0.391,0.501,0.625,0.371,0.565,0.624,0.706,0.094,0.092,0.13,0.143,0.447,0.385,0.396,0.425,0.358,0.405,0.748,0.512,0.114,0.088,0.089,0.09,0.093,0.089,0.091,0.087,0.091,0.088,0.091,0.088,0.088
,4:39:16,46.1,0.09,0.089,0.088,0.092,0.09,0.088,0.088,0.089,0.092,0.091,0.089,0.089,0.09,0.107,0.117,0.145,0.087,0.116,0.135,0.103,0.1,0.106,0.115,0.088,0.091,0.111,0.094,0.156,0.111,0.107,0.123,0.096,0.099,0.12,0.11,0.088,0.09,0.119,0.102,0.093,0.111,0.129,0.105,0.106,0.099,0.104,0.103,0.088,0.09,0.293,0.63,0.496,0.089,0.542,0.289,0.416,0.286,0.103,0.738,0.093,0.092,0.181,0.363,0.567,0.395,0.51,0.633,0.386,0.573,0.633,0.72,0.093,0.092,0.131,0.144,0.456,0.395,0.402,0.431,0.36,0.411,0.755,0.531,0.112,0.088,0.089,0.09,0.093,0.088,0.091,0.087,0.091,0.087,0.091,0.088,0.088
,4:44:16,46,0.09,0.089,0.088,0.092,0.089,0.088,0.088,0.089,0.092,0.091,0.089,0.089,0.09,0.107,0.117,0.145,0.085,0.116,0.135,0.103,0.1,0.106,0.115,0.088,0.091,0.111,0.094,0.156,0.111,0.107,0.123,0.096,0.098,0.12,0.11,0.088,0.089,0.118,0.102,0.093,0.111,0.129,0.105,0.106,0.099,0.104,0.103,0.088,0.09,0.3,0.636,0.507,0.089,0.548,0.293,0.42,0.295,0.103,0.749,0.093,0.092,0.183,0.373,0.575,0.398,0.519,0.64,0.399,0.58,0.641,0.734,0.093,0.092,0.133,0.143,0.465,0.404,0.409,0.437,0.363,0.416,0.761,0.549,0.112,0.087,0.089,0.09,0.093,0.088,0.091,0.087,0.091,0.087,0.091,0.088,0.088
,4:49:16,46,0.09,0.089,0.088,0.092,0.089,0.088,0.088,0.089,0.092,0.091,0.089,0.089,0.09,0.107,0.117,0.145,0.087,0.116,0.135,0.103,0.1,0.106,0.116,0.089,0.09,0.111,0.094,0.157,0.11,0.107,0.123,0.096,0.098,0.121,0.11,0.088,0.09,0.119,0.102,0.093,0.111,0.128,0.105,0.106,0.099,0.104,0.103,0.088,0.09,0.308,0.642,0.517,0.089,0.555,0.295,0.431,0.305,0.103,0.759,0.093,0.091,0.184,0.383,0.581,0.404,0.526,0.647,0.412,0.585,0.648,0.745,0.093,0.092,0.134,0.143,0.475,0.412,0.412,0.443,0.367,0.423,0.769,0.567,0.113,0.088,0.089,0.09,0.093,0.089,0.091,0.087,0.091,0.087,0.091,0.088,0.088
,4:54:16,46,0.09,0.089,0.088,0.092,0.089,0.088,0.088,0.089,0.092,0.091,0.089,0.089,0.09,0.107,0.117,0.145,0.087,0.116,0.135,0.103,0.1,0.106,0.116,0.088,0.09,0.111,0.094,0.157,0.11,0.107,0.123,0.096,0.099,0.121,0.11,0.088,0.09,0.119,0.102,0.094,0.111,0.129,0.105,0.106,0.1,0.105,0.103,0.088,0.09,0.317,0.647,0.528,0.089,0.562,0.297,0.435,0.313,0.103,0.77,0.093,0.092,0.185,0.393,0.587,0.41,0.534,0.654,0.426,0.592,0.654,0.755,0.093,0.092,0.135,0.142,0.484,0.422,0.418,0.45,0.368,0.428,0.775,0.584,0.11,0.088,0.089,0.09,0.093,0.089,0.091,0.087,0.091,0.088,0.091,0.088,0.088
,4:59:16,46,0.09,0.089,0.088,0.092,0.09,0.088,0.088,0.089,0.092,0.091,0.089,0.089,0.09,0.107,0.117,0.145,0.083,0.116,0.135,0.103,0.1,0.106,0.117,0.088,0.091,0.111,0.095,0.157,0.11,0.107,0.123,0.096,0.099,0.121,0.11,0.088,0.09,0.118,0.102,0.093,0.111,0.128,0.105,0.106,0.1,0.105,0.103,0.088,0.09,0.326,0.651,0.537,0.089,0.567,0.299,0.444,0.319,0.103,0.782,0.093,0.092,0.186,0.402,0.594,0.418,0.539,0.661,0.44,0.598,0.659,0.767,0.093,0.092,0.137,0.141,0.489,0.431,0.421,0.454,0.371,0.433,0.782,0.602,0.109,0.088,0.089,0.09,0.093,0.089,0.091,0.087,0.091,0.088,0.091,0.088,0.088
,5:04:16,45.9,0.09,0.089,0.088,0.092,0.089,0.088,0.088,0.089,0.092,0.091,0.089,0.089,0.09,0.107,0.117,0.146,0.081,0.116,0.136,0.103,0.1,0.106,0.117,0.088,0.09,0.112,0.095,0.158,0.11,0.107,0.123,0.096,0.099,0.121,0.111,0.088,0.09,0.119,0.103,0.093,0.112,0.128,0.105,0.106,0.1,0.105,0.103,0.088,0.09,0.333,0.657,0.546,0.089,0.573,0.3,0.455,0.327,0.103,0.792,0.093,0.092,0.188,0.413,0.6,0.423,0.546,0.671,0.453,0.603,0.665,0.782,0.094,0.092,0.139,0.141,0.496,0.439,0.429,0.458,0.375,0.439,0.789,0.619,0.11,0.087,0.089,0.09,0.093,0.088,0.091,0.087,0.091,0.088,0.091,0.088,0.088
,5:09:16,46,0.09,0.089,0.088,0.092,0.089,0.088,0.088,0.089,0.092,0.091,0.089,0.089,0.09,0.107,0.117,0.146,0.083,0.116,0.135,0.103,0.1,0.106,0.118,0.088,0.09,0.112,0.094,0.158,0.11,0.107,0.123,0.096,0.099,0.121,0.111,0.088,0.09,0.119,0.103,0.093,0.112,0.128,0.105,0.106,0.1,0.105,0.103,0.088,0.09,0.342,0.661,0.555,0.089,0.58,0.304,0.464,0.335,0.103,0.803,0.093,0.092,0.189,0.422,0.605,0.429,0.552,0.679,0.465,0.609,0.672,0.791,0.093,0.092,0.141,0.14,0.506,0.449,0.439,0.462,0.377,0.444,0.796,0.635,0.111,0.088,0.089,0.09,0.093,0.088,0.091,0.087,0.091,0.088,0.091,0.088,0.088
,5:14:16,46,0.09,0.089,0.088,0.092,0.089,0.088,0.088,0.089,0.092,0.091,0.089,0.089,0.09,0.107,0.117,0.146,0.081,0.116,0.136,0.103,0.1,0.106,0.118,0.088,0.09,0.112,0.094,0.158,0.11,0.107,0.124,0.097,0.099,0.122,0.111,0.088,0.09,0.119,0.102,0.093,0.112,0.128,0.105,0.107,0.1,0.105,0.104,0.088,0.09,0.352,0.665,0.563,0.089,0.586,0.305,0.475,0.343,0.103,0.815,0.093,0.091,0.191,0.431,0.61,0.439,0.557,0.688,0.479,0.615,0.68,0.801,0.093,0.092,0.142,0.141,0.513,0.457,0.446,0.466,0.38,0.448,0.804,0.651,0.11,0.087,0.089,0.09,0.093,0.089,0.091,0.087,0.091,0.088,0.091,0.088,0.088
,5:19:16,45.9,0.09,0.089,0.088,0.092,0.089,0.088,0.088,0.089,0.092,0.091,0.089,0.089,0.09,0.107,0.118,0.146,0.083,0.116,0.136,0.103,0.1,0.106,0.119,0.088,0.091,0.112,0.094,0.158,0.11,0.107,0.123,0.097,0.099,0.122,0.111,0.088,0.089,0.119,0.103,0.093,0.111,0.128,0.105,0.106,0.1,0.105,0.104,0.088,0.09,0.362,0.671,0.571,0.088,0.592,0.306,0.48,0.35,0.103,0.826,0.093,0.092,0.193,0.44,0.614,0.443,0.562,0.693,0.491,0.62,0.692,0.806,0.093,0.092,0.144,0.14,0.515,0.465,0.459,0.469,0.383,0.453,0.812,0.666,0.11,0.088,0.089,0.09,0.093,0.089,0.091,0.087,0.091,0.087,0.091,0.088,0.088
,5:24:16,45.9,0.09,0.089,0.088,0.092,0.089,0.088,0.088,0.089,0.092,0.091,0.089,0.089,0.09,0.107,0.118,0.146,0.081,0.116,0.136,0.103,0.1,0.106,0.119,0.089,0.091,0.112,0.095,0.159,0.11,0.107,0.124,0.097,0.099,0.122,0.111,0.088,0.089,0.119,0.103,0.093,0.112,0.128,0.105,0.107,0.1,0.105,0.103,0.088,0.09,0.37,0.676,0.578,0.089,0.598,0.309,0.49,0.355,0.104,0.838,0.093,0.092,0.194,0.448,0.618,0.45,0.567,0.7,0.504,0.628,0.705,0.816,0.094,0.092,0.146,0.14,0.522,0.473,0.473,0.473,0.385,0.457,0.819,0.679,0.111,0.088,0.089,0.09,0.093,0.089,0.091,0.087,0.091,0.088,0.091,0.088,0.088
,5:29:16,46,0.09,0.089,0.089,0.092,0.09,0.088,0.088,0.089,0.092,0.091,0.089,0.089,0.09,0.107,0.118,0.147,0.081,0.116,0.136,0.103,0.1,0.106,0.12,0.088,0.091,0.112,0.095,0.159,0.11,0.107,0.124,0.097,0.099,0.122,0.111,0.088,0.09,0.119,0.103,0.093,0.112,0.127,0.105,0.107,0.1,0.105,0.104,0.088,0.09,0.379,0.682,0.584,0.089,0.603,0.309,0.493,0.359,0.103,0.851,0.093,0.092,0.195,0.456,0.621,0.458,0.571,0.707,0.515,0.634,0.716,0.82,0.093,0.092,0.148,0.14,0.529,0.482,0.488,0.476,0.387,0.461,0.826,0.693,0.109,0.088,0.09,0.09,0.093,0.089,0.091,0.087,0.091,0.088,0.091,0.088,0.088
,5:34:16,46,0.09,0.089,0.088,0.092,0.089,0.088,0.088,0.089,0.092,0.091,0.089,0.089,0.09,0.107,0.118,0.147,0.082,0.116,0.136,0.103,0.1,0.106,0.12,0.088,0.09,0.112,0.095,0.159,0.11,0.107,0.123,0.097,0.099,0.122,0.111,0.088,0.09,0.119,0.103,0.093,0.112,0.127,0.105,0.107,0.1,0.105,0.104,0.088,0.09,0.39,0.688,0.589,0.089,0.609,0.309,0.515,0.365,0.103,0.862,0.093,0.091,0.196,0.464,0.625,0.464,0.576,0.713,0.527,0.639,0.728,0.825,0.093,0.092,0.15,0.139,0.534,0.489,0.5,0.48,0.389,0.465,0.831,0.705,0.112,0.088,0.089,0.09,0.093,0.089,0.091,0.087,0.091,0.088,0.091,0.088,0.088
,5:39:16,45.9,0.09,0.089,0.088,0.092,0.089,0.088,0.088,0.089,0.092,0.091,0.089,0.089,0.09,0.107,0.118,0.147,0.082,0.117,0.136,0.104,0.1,0.106,0.121,0.088,0.091,0.112,0.094,0.159,0.109,0.107,0.124,0.096,0.099,0.122,0.111,0.088,0.09,0.119,0.103,0.093,0.112,0.127,0.105,0.107,0.1,0.105,0.104,0.088,0.09,0.398,0.694,0.596,0.089,0.612,0.311,0.528,0.37,0.103,0.871,0.093,0.092,0.197,0.471,0.629,0.473,0.582,0.719,0.538,0.643,0.737,0.836,0.093,0.092,0.152,0.138,0.539,0.496,0.514,0.486,0.392,0.469,0.835,0.716,0.111,0.088,0.089,0.09,0.093,0.089,0.091,0.087,0.091,0.088,0.091,0.088,0.088
,5:44:16,46,0.09,0.089,0.088,0.092,0.089,0.088,0.088,0.089,0.092,0.091,0.089,0.089,0.09,0.107,0.118,0.147,0.083,0.116,0.136,0.104,0.1,0.105,0.122,0.088,0.09,0.112,0.094,0.159,0.109,0.107,0.123,0.097,0.099,0.122,0.111,0.088,0.09,0.119,0.103,0.093,0.112,0.127,0.105,0.107,0.1,0.105,0.104,0.088,0.09,0.41,0.698,0.601,0.089,0.62,0.311,0.551,0.372,0.104,0.877,0.093,0.092,0.198,0.477,0.633,0.482,0.585,0.724,0.549,0.649,0.746,0.842,0.094,0.092,0.154,0.137,0.544,0.502,0.522,0.491,0.395,0.475,0.841,0.728,0.113,0.088,0.089,0.09,0.093,0.088,0.091,0.087,0.091,0.088,0.091,0.088,0.088
,5:49:16,46,0.09,0.089,0.088,0.092,0.089,0.088,0.088,0.089,0.092,0.091,0.089,0.089,0.09,0.107,0.118,0.147,0.083,0.117,0.137,0.104,0.1,0.106,0.122,0.088,0.09,0.112,0.094,0.159,0.109,0.107,0.124,0.097,0.099,0.122,0.112,0.088,0.09,0.119,0.103,0.094,0.112,0.127,0.105,0.107,0.1,0.105,0.104,0.088,0.09,0.42,0.705,0.607,0.089,0.625,0.313,0.578,0.38,0.103,0.884,0.093,0.091,0.199,0.484,0.636,0.496,0.59,0.731,0.558,0.655,0.754,0.847,0.093,0.092,0.156,0.138,0.552,0.509,0.527,0.501,0.397,0.477,0.845,0.738,0.113,0.088,0.089,0.09,0.093,0.089,0.091,0.087,0.091,0.087,0.091,0.088,0.088
,5:54:16,46,0.09,0.089,0.088,0.092,0.089,0.088,0.088,0.089,0.092,0.091,0.089,0.089,0.09,0.107,0.118,0.148,0.082,0.117,0.137,0.104,0.1,0.106,0.123,0.088,0.09,0.112,0.095,0.159,0.109,0.107,0.124,0.097,0.099,0.123,0.112,0.088,0.09,0.119,0.103,0.094,0.112,0.127,0.106,0.107,0.1,0.105,0.104,0.088,0.09,0.429,0.709,0.613,0.089,0.631,0.313,0.588,0.383,0.104,0.889,0.093,0.092,0.202,0.491,0.641,0.513,0.594,0.736,0.568,0.662,0.759,0.852,0.093,0.092,0.158,0.137,0.559,0.516,0.533,0.51,0.399,0.484,0.849,0.746,0.112,0.088,0.089,0.09,0.093,0.088,0.091,0.087,0.091,0.087,0.091,0.088,0.088
,5:59:16,46,0.09,0.089,0.088,0.092,0.089,0.088,0.088,0.089,0.092,0.091,0.089,0.089,0.09,0.107,0.118,0.148,0.084,0.117,0.137,0.104,0.1,0.106,0.124,0.088,0.091,0.112,0.095,0.16,0.109,0.107,0.124,0.097,0.099,0.123,0.112,0.088,0.09,0.119,0.103,0.093,0.113,0.126,0.105,0.107,0.101,0.105,0.104,0.088,0.09,0.437,0.714,0.619,0.089,0.635,0.316,0.605,0.386,0.104,0.894,0.093,0.092,0.202,0.495,0.644,0.526,0.601,0.741,0.577,0.667,0.765,0.857,0.094,0.092,0.16,0.137,0.569,0.522,0.561,0.525,0.401,0.488,0.852,0.755,0.112,0.088,0.089,0.09,0.093,0.089,0.091,0.087,0.091,0.088,0.091,0.088,0.088
,6:04:16,46,0.09,0.089,0.088,0.092,0.089,0.088,0.088,0.089,0.092,0.091,0.089,0.089,0.09,0.107,0.118,0.148,0.083,0.117,0.137,0.104,0.1,0.105,0.125,0.088,0.091,0.112,0.094,0.16,0.108,0.107,0.124,0.097,0.099,0.123,0.112,0.088,0.09,0.119,0.103,0.093,0.112,0.126,0.105,0.107,0.1,0.105,0.104,0.088,0.09,0.445,0.719,0.624,0.089,0.64,0.315,0.614,0.39,0.104,0.899,0.093,0.092,0.205,0.502,0.648,0.538,0.603,0.745,0.585,0.672,0.77,0.861,0.093,0.092,0.163,0.136,0.576,0.528,0.576,0.538,0.401,0.491,0.856,0.762,0.112,0.088,0.089,0.09,0.093,0.088,0.091,0.087,0.091,0.087,0.091,0.088,0.088
,6:09:16,45.9,0.09,0.089,0.088,0.092,0.089,0.088,0.088,0.089,0.092,0.091,0.089,0.089,0.09,0.106,0.118,0.148,0.084,0.117,0.137,0.104,0.1,0.106,0.125,0.088,0.091,0.112,0.094,0.161,0.108,0.107,0.124,0.097,0.099,0.123,0.112,0.088,0.09,0.119,0.103,0.093,0.112,0.126,0.105,0.107,0.1,0.105,0.104,0.088,0.09,0.458,0.724,0.63,0.089,0.646,0.315,0.627,0.394,0.104,0.904,0.093,0.092,0.205,0.509,0.652,0.55,0.608,0.75,0.593,0.677,0.775,0.864,0.093,0.092,0.166,0.136,0.584,0.535,0.586,0.551,0.404,0.497,0.859,0.773,0.111,0.088,0.09,0.09,0.093,0.089,0.091,0.087,0.091,0.088,0.091,0.088,0.088
,6:14:16,46,0.09,0.089,0.088,0.092,0.089,0.088,0.088,0.089,0.092,0.091,0.089,0.089,0.09,0.106,0.118,0.148,0.082,0.117,0.137,0.104,0.1,0.106,0.126,0.088,0.09,0.112,0.094,0.16,0.108,0.107,0.124,0.097,0.099,0.123,0.112,0.088,0.09,0.119,0.103,0.093,0.112,0.126,0.105,0.107,0.1,0.106,0.104,0.088,0.09,0.464,0.729,0.636,0.088,0.65,0.316,0.642,0.399,0.104,0.908,0.093,0.092,0.207,0.517,0.656,0.557,0.614,0.753,0.599,0.681,0.78,0.868,0.093,0.092,0.167,0.135,0.597,0.542,0.595,0.563,0.405,0.503,0.862,0.782,0.111,0.087,0.089,0.09,0.093,0.089,0.091,0.087,0.091,0.087,0.091,0.088,0.088
,6:19:16,46,0.09,0.089,0.089,0.092,0.089,0.088,0.088,0.089,0.092,0.091,0.089,0.089,0.09,0.106,0.119,0.148,0.084,0.117,0.138,0.104,0.1,0.106,0.127,0.088,0.091,0.112,0.095,0.16,0.108,0.107,0.124,0.097,0.099,0.123,0.112,0.088,0.09,0.119,0.103,0.093,0.112,0.126,0.105,0.107,0.1,0.106,0.104,0.088,0.09,0.473,0.733,0.64,0.089,0.654,0.318,0.649,0.401,0.104,0.914,0.093,0.092,0.207,0.526,0.663,0.565,0.617,0.757,0.606,0.685,0.785,0.872,0.093,0.092,0.169,0.135,0.606,0.548,0.602,0.571,0.407,0.508,0.865,0.791,0.111,0.088,0.09,0.09,0.093,0.089,0.091,0.087,0.091,0.088,0.091,0.088,0.088
,6:24:16,46.1,0.09,0.089,0.088,0.092,0.089,0.088,0.088,0.089,0.092,0.091,0.089,0.089,0.09,0.106,0.118,0.149,0.082,0.117,0.137,0.104,0.1,0.106,0.128,0.088,0.09,0.112,0.094,0.161,0.108,0.107,0.124,0.097,0.099,0.124,0.112,0.088,0.09,0.119,0.103,0.093,0.112,0.126,0.105,0.107,0.101,0.106,0.104,0.088,0.09,0.476,0.738,0.646,0.089,0.657,0.319,0.662,0.405,0.104,0.916,0.093,0.092,0.209,0.533,0.667,0.577,0.622,0.761,0.612,0.69,0.79,0.875,0.093,0.092,0.172,0.135,0.619,0.557,0.61,0.581,0.409,0.512,0.868,0.797,0.11,0.088,0.089,0.09,0.093,0.089,0.091,0.087,0.091,0.088,0.091,0.088,0.088
,6:29:16,46,0.09,0.089,0.089,0.092,0.089,0.088,0.088,0.089,0.092,0.091,0.089,0.089,0.09,0.106,0.119,0.149,0.083,0.117,0.137,0.104,0.1,0.106,0.128,0.089,0.091,0.112,0.095,0.161,0.108,0.107,0.125,0.097,0.099,0.124,0.112,0.088,0.09,0.119,0.103,0.093,0.113,0.125,0.105,0.107,0.101,0.106,0.104,0.088,0.09,0.48,0.742,0.651,0.089,0.663,0.318,0.665,0.411,0.104,0.919,0.093,0.092,0.21,0.536,0.673,0.586,0.628,0.764,0.619,0.697,0.792,0.878,0.094,0.092,0.175,0.134,0.637,0.565,0.616,0.592,0.412,0.52,0.871,0.802,0.111,0.088,0.089,0.09,0.093,0.089,0.091,0.087,0.091,0.088,0.091,0.088,0.088
,6:34:16,46,0.09,0.089,0.089,0.092,0.089,0.088,0.088,0.089,0.092,0.091,0.089,0.089,0.09,0.106,0.119,0.149,0.084,0.117,0.138,0.104,0.1,0.105,0.129,0.088,0.091,0.112,0.094,0.161,0.107,0.107,0.125,0.097,0.099,0.124,0.112,0.088,0.09,0.119,0.104,0.093,0.112,0.125,0.105,0.107,0.101,0.106,0.104,0.088,0.09,0.489,0.746,0.655,0.089,0.667,0.319,0.667,0.415,0.104,0.922,0.093,0.092,0.212,0.54,0.678,0.592,0.632,0.767,0.625,0.701,0.796,0.879,0.093,0.092,0.178,0.133,0.652,0.573,0.623,0.599,0.415,0.526,0.873,0.806,0.111,0.088,0.089,0.09,0.093,0.089,0.091,0.087,0.091,0.088,0.091,0.088,0.088
,6:39:16,46,0.09,0.089,0.088,0.092,0.089,0.088,0.088,0.089,0.092,0.091,0.089,0.089,0.09,0.106,0.119,0.149,0.082,0.117,0.137,0.104,0.1,0.105,0.129,0.088,0.09,0.112,0.095,0.161,0.107,0.106,0.124,0.097,0.099,0.123,0.112,0.088,0.09,0.119,0.103,0.093,0.113,0.125,0.105,0.107,0.101,0.106,0.104,0.088,0.09,0.487,0.75,0.66,0.088,0.672,0.318,0.674,0.413,0.104,0.926,0.092,0.091,0.212,0.545,0.683,0.603,0.638,0.77,0.633,0.709,0.799,0.883,0.093,0.091,0.18,0.131,0.663,0.582,0.627,0.606,0.416,0.533,0.875,0.813,0.111,0.087,0.089,0.09,0.093,0.088,0.091,0.087,0.091,0.087,0.091,0.088,0.088
,6:44:16,45.9,0.09,0.089,0.089,0.092,0.089,0.088,0.088,0.089,0.092,0.091,0.089,0.089,0.09,0.106,0.119,0.15,0.082,0.117,0.138,0.104,0.1,0.106,0.13,0.088,0.091,0.112,0.095,0.161,0.107,0.107,0.124,0.097,0.099,0.124,0.113,0.088,0.09,0.119,0.103,0.093,0.113,0.125,0.105,0.107,0.101,0.106,0.104,0.088,0.09,0.493,0.754,0.665,0.089,0.679,0.32,0.68,0.416,0.104,0.929,0.093,0.092,0.213,0.55,0.689,0.605,0.642,0.774,0.64,0.713,0.802,0.885,0.093,0.092,0.182,0.132,0.669,0.591,0.633,0.613,0.419,0.539,0.878,0.818,0.11,0.088,0.09,0.09,0.093,0.089,0.091,0.087,0.091,0.087,0.091,0.088,0.088
,6:49:16,46,0.09,0.089,0.089,0.092,0.09,0.088,0.088,0.089,0.092,0.091,0.089,0.089,0.09,0.106,0.119,0.15,0.082,0.117,0.138,0.104,0.1,0.105,0.131,0.088,0.091,0.112,0.094,0.161,0.106,0.107,0.124,0.097,0.099,0.124,0.113,0.088,0.09,0.119,0.103,0.093,0.113,0.124,0.105,0.107,0.101,0.106,0.104,0.088,0.09,0.495,0.757,0.67,0.089,0.681,0.32,0.69,0.425,0.104,0.931,0.093,0.092,0.215,0.553,0.695,0.611,0.646,0.777,0.646,0.718,0.805,0.887,0.093,0.092,0.185,0.131,0.675,0.601,0.636,0.619,0.421,0.545,0.881,0.823,0.11,0.088,0.089,0.09,0.093,0.089,0.091,0.087,0.091,0.088,0.091,0.088,0.088
,6:54:16,46,0.09,0.089,0.089,0.092,0.089,0.088,0.088,0.089,0.093,0.091,0.089,0.089,0.09,0.106,0.119,0.15,0.083,0.117,0.138,0.104,0.1,0.106,0.132,0.088,0.091,0.112,0.094,0.161,0.106,0.107,0.124,0.097,0.099,0.124,0.113,0.088,0.09,0.119,0.103,0.093,0.113,0.124,0.105,0.107,0.101,0.106,0.104,0.088,0.09,0.5,0.761,0.674,0.089,0.688,0.321,0.699,0.427,0.104,0.935,0.093,0.091,0.217,0.557,0.698,0.615,0.651,0.779,0.652,0.722,0.808,0.889,0.093,0.092,0.189,0.13,0.681,0.61,0.64,0.625,0.425,0.55,0.884,0.826,0.111,0.088,0.089,0.09,0.093,0.089,0.091,0.087,0.091,0.088,0.091,0.088,0.088
,6:59:16,46,0.09,0.089,0.089,0.092,0.089,0.088,0.088,0.089,0.092,0.091,0.089,0.089,0.09,0.106,0.119,0.15,0.081,0.117,0.138,0.104,0.1,0.105,0.132,0.088,0.091,0.112,0.094,0.162,0.106,0.107,0.124,0.097,0.099,0.124,0.113,0.088,0.09,0.119,0.103,0.093,0.113,0.124,0.105,0.107,0.101,0.106,0.104,0.088,0.09,0.5,0.764,0.678,0.089,0.691,0.321,0.701,0.429,0.104,0.937,0.093,0.092,0.217,0.56,0.704,0.623,0.655,0.781,0.656,0.725,0.811,0.892,0.093,0.092,0.19,0.13,0.69,0.622,0.644,0.63,0.428,0.555,0.886,0.828,0.112,0.088,0.089,0.09,0.093,0.089,0.091,0.087,0.091,0.088,0.091,0.088,0.088
,7:04:16,46,0.09,0.089,0.089,0.092,0.089,0.088,0.088,0.089,0.092,0.091,0.089,0.089,0.09,0.106,0.119,0.15,0.082,0.117,0.138,0.104,0.1,0.105,0.133,0.089,0.091,0.112,0.095,0.162,0.106,0.107,0.124,0.097,0.099,0.124,0.113,0.088,0.09,0.12,0.103,0.093,0.113,0.124,0.105,0.107,0.101,0.106,0.105,0.088,0.09,0.506,0.767,0.683,0.089,0.694,0.322,0.703,0.43,0.104,0.94,0.093,0.091,0.217,0.564,0.711,0.625,0.662,0.785,0.66,0.729,0.814,0.894,0.093,0.092,0.194,0.128,0.694,0.63,0.651,0.634,0.431,0.559,0.889,0.833,0.11,0.088,0.089,0.09,0.093,0.089,0.091,0.087,0.091,0.088,0.091,0.088,0.088
,7:09:16,46,0.09,0.089,0.088,0.092,0.089,0.088,0.088,0.089,0.092,0.091,0.089,0.089,0.09,0.106,0.119,0.15,0.081,0.117,0.138,0.104,0.1,0.105,0.134,0.088,0.091,0.112,0.094,0.162,0.106,0.106,0.125,0.097,0.099,0.124,0.113,0.088,0.09,0.119,0.104,0.093,0.113,0.124,0.105,0.107,0.101,0.106,0.104,0.088,0.09,0.515,0.77,0.687,0.089,0.697,0.323,0.715,0.434,0.105,0.943,0.093,0.092,0.22,0.566,0.715,0.633,0.674,0.787,0.664,0.732,0.817,0.896,0.093,0.092,0.197,0.128,0.699,0.64,0.661,0.639,0.439,0.561,0.892,0.833,0.11,0.088,0.089,0.09,0.093,0.089,0.091,0.087,0.091,0.088,0.091,0.088,0.088
,7:14:16,46,0.09,0.089,0.088,0.092,0.089,0.088,0.088,0.089,0.092,0.091,0.089,0.089,0.09,0.105,0.119,0.15,0.081,0.117,0.138,0.104,0.1,0.105,0.135,0.088,0.09,0.112,0.094,0.161,0.106,0.106,0.124,0.097,0.099,0.125,0.113,0.088,0.09,0.119,0.103,0.093,0.113,0.123,0.105,0.107,0.101,0.106,0.104,0.088,0.09,0.516,0.773,0.691,0.089,0.699,0.322,0.72,0.44,0.104,0.945,0.093,0.091,0.221,0.568,0.721,0.636,0.684,0.789,0.668,0.735,0.819,0.897,0.093,0.092,0.2,0.126,0.706,0.649,0.688,0.642,0.445,0.565,0.893,0.834,0.111,0.088,0.089,0.09,0.093,0.088,0.091,0.087,0.091,0.087,0.091,0.088,0.088
,7:19:16,46,0.09,0.089,0.088,0.092,0.089,0.088,0.088,0.089,0.092,0.091,0.089,0.089,0.09,0.105,0.119,0.15,0.081,0.117,0.138,0.104,0.1,0.105,0.135,0.088,0.091,0.112,0.094,0.162,0.106,0.106,0.125,0.097,0.099,0.125,0.113,0.088,0.089,0.119,0.104,0.093,0.113,0.123,0.105,0.107,0.101,0.106,0.104,0.088,0.09,0.523,0.776,0.695,0.089,0.703,0.325,0.722,0.444,0.105,0.948,0.093,0.091,0.221,0.57,0.725,0.639,0.695,0.791,0.672,0.738,0.822,0.899,0.093,0.092,0.203,0.125,0.713,0.655,0.699,0.647,0.452,0.569,0.897,0.836,0.11,0.088,0.089,0.09,0.093,0.089,0.091,0.087,0.091,0.087,0.091,0.088,0.088
,7:24:16,46,0.09,0.089,0.088,0.092,0.089,0.088,0.088,0.089,0.092,0.091,0.089,0.089,0.09,0.105,0.119,0.15,0.081,0.117,0.138,0.104,0.1,0.105,0.136,0.088,0.091,0.112,0.094,0.162,0.106,0.106,0.124,0.097,0.099,0.125,0.113,0.088,0.089,0.119,0.104,0.093,0.113,0.123,0.105,0.107,0.101,0.106,0.105,0.088,0.09,0.523,0.779,0.699,0.089,0.706,0.324,0.724,0.447,0.104,0.95,0.093,0.092,0.221,0.572,0.731,0.641,0.699,0.793,0.675,0.741,0.824,0.901,0.093,0.092,0.207,0.125,0.714,0.662,0.702,0.65,0.458,0.571,0.9,0.837,0.109,0.088,0.089,0.09,0.093,0.088,0.091,0.087,0.091,0.088,0.091,0.088,0.088
,7:29:16,46,0.09,0.089,0.089,0.092,0.089,0.088,0.088,0.089,0.092,0.091,0.089,0.089,0.09,0.105,0.119,0.15,0.081,0.118,0.138,0.104,0.1,0.105,0.137,0.088,0.091,0.112,0.095,0.162,0.105,0.106,0.125,0.097,0.099,0.125,0.113,0.088,0.09,0.12,0.104,0.093,0.113,0.123,0.105,0.107,0.101,0.107,0.105,0.088,0.09,0.536,0.781,0.703,0.089,0.708,0.324,0.723,0.46,0.105,0.952,0.093,0.091,0.223,0.576,0.736,0.646,0.704,0.795,0.678,0.743,0.827,0.902,0.093,0.092,0.211,0.123,0.724,0.665,0.704,0.654,0.464,0.574,0.903,0.838,0.109,0.088,0.089,0.09,0.093,0.088,0.091,0.087,0.091,0.087,0.091,0.088,0.088
,7:34:16,46,0.09,0.089,0.089,0.092,0.09,0.088,0.088,0.089,0.092,0.091,0.089,0.089,0.09,0.105,0.119,0.151,0.084,0.117,0.139,0.104,0.1,0.106,0.138,0.089,0.091,0.112,0.094,0.163,0.105,0.106,0.125,0.097,0.099,0.125,0.114,0.088,0.09,0.12,0.104,0.093,0.113,0.123,0.105,0.107,0.101,0.107,0.105,0.088,0.09,0.544,0.785,0.707,0.089,0.709,0.324,0.729,0.465,0.105,0.954,0.093,0.092,0.225,0.577,0.741,0.646,0.706,0.797,0.681,0.748,0.828,0.903,0.094,0.092,0.215,0.123,0.731,0.67,0.707,0.658,0.469,0.577,0.904,0.84,0.111,0.088,0.089,0.09,0.093,0.089,0.091,0.087,0.091,0.088,0.091,0.088,0.088
,7:39:16,46,0.09,0.089,0.088,0.092,0.089,0.088,0.088,0.089,0.092,0.091,0.089,0.089,0.09,0.105,0.119,0.15,0.081,0.117,0.139,0.104,0.1,0.105,0.139,0.088,0.091,0.112,0.095,0.162,0.105,0.106,0.125,0.097,0.099,0.125,0.113,0.088,0.09,0.12,0.104,0.093,0.113,0.123,0.105,0.107,0.101,0.107,0.105,0.088,0.09,0.548,0.786,0.709,0.089,0.712,0.325,0.733,0.471,0.105,0.957,0.093,0.092,0.224,0.579,0.745,0.649,0.71,0.799,0.685,0.753,0.83,0.905,0.093,0.092,0.217,0.122,0.734,0.674,0.71,0.66,0.474,0.579,0.905,0.84,0.112,0.088,0.089,0.09,0.093,0.089,0.091,0.087,0.091,0.088,0.091,0.088,0.088
,7:44:16,46,0.09,0.089,0.088,0.092,0.089,0.088,0.088,0.089,0.092,0.091,0.089,0.089,0.09,0.105,0.119,0.151,0.082,0.117,0.138,0.104,0.1,0.105,0.14,0.088,0.091,0.112,0.094,0.162,0.105,0.106,0.124,0.097,0.099,0.125,0.114,0.088,0.09,0.12,0.104,0.093,0.113,0.122,0.105,0.107,0.101,0.106,0.105,0.087,0.09,0.556,0.788,0.713,0.089,0.716,0.325,0.733,0.474,0.105,0.958,0.093,0.092,0.226,0.58,0.75,0.652,0.715,0.801,0.688,0.757,0.831,0.906,0.093,0.092,0.222,0.121,0.736,0.677,0.712,0.663,0.478,0.581,0.907,0.842,0.113,0.088,0.089,0.09,0.093,0.089,0.091,0.087,0.091,0.088,0.091,0.088,0.088
,7:49:16,45.9,0.09,0.089,0.088,0.092,0.089,0.088,0.088,0.089,0.092,0.091,0.089,0.089,0.09,0.104,0.119,0.151,0.082,0.117,0.138,0.104,0.1,0.105,0.141,0.088,0.091,0.112,0.094,0.162,0.104,0.106,0.125,0.097,0.099,0.125,0.114,0.088,0.089,0.12,0.104,0.093,0.113,0.122,0.105,0.107,0.101,0.106,0.105,0.088,0.09,0.566,0.791,0.717,0.088,0.72,0.325,0.729,0.483,0.104,0.961,0.093,0.091,0.226,0.583,0.754,0.654,0.721,0.802,0.69,0.758,0.832,0.907,0.093,0.092,0.227,0.119,0.742,0.682,0.714,0.665,0.483,0.584,0.908,0.843,0.112,0.088,0.089,0.09,0.093,0.088,0.091,0.087,0.091,0.087,0.091,0.088,0.088
,7:54:16,46,0.09,0.089,0.088,0.092,0.089,0.088,0.088,0.089,0.092,0.091,0.089,0.089,0.09,0.104,0.12,0.151,0.081,0.117,0.138,0.104,0.1,0.105,0.142,0.088,0.091,0.111,0.094,0.163,0.104,0.106,0.125,0.097,0.099,0.125,0.113,0.088,0.09,0.12,0.103,0.093,0.113,0.122,0.105,0.108,0.102,0.106,0.105,0.088,0.09,0.58,0.794,0.719,0.089,0.724,0.329,0.736,0.49,0.105,0.963,0.093,0.092,0.228,0.583,0.758,0.653,0.728,0.803,0.692,0.76,0.834,0.908,0.093,0.092,0.229,0.119,0.749,0.684,0.72,0.669,0.487,0.586,0.909,0.843,0.111,0.088,0.089,0.09,0.093,0.088,0.091,0.087,0.091,0.088,0.091,0.088,0.088
,7:59:16,46,0.09,0.089,0.088,0.092,0.089,0.088,0.088,0.089,0.092,0.091,0.089,0.089,0.09,0.105,0.12,0.151,0.081,0.117,0.139,0.104,0.1,0.106,0.143,0.088,0.091,0.112,0.094,0.163,0.104,0.106,0.125,0.097,0.099,0.125,0.114,0.088,0.09,0.12,0.104,0.093,0.113,0.122,0.105,0.108,0.102,0.107,0.105,0.088,0.09,0.58,0.796,0.723,0.089,0.728,0.331,0.736,0.494,0.105,0.964,0.093,0.092,0.228,0.584,0.76,0.655,0.733,0.805,0.695,0.762,0.835,0.909,0.094,0.092,0.234,0.118,0.752,0.688,0.719,0.671,0.493,0.588,0.911,0.845,0.11,0.088,0.09,0.09,0.093,0.089,0.091,0.087,0.091,0.087,0.091,0.088,0.088
,8:04:16,46,0.09,0.089,0.088,0.092,0.089,0.088,0.088,0.089,0.092,0.091,0.089,0.089,0.09,0.104,0.119,0.151,0.082,0.117,0.138,0.104,0.1,0.105,0.144,0.088,0.09,0.111,0.094,0.162,0.104,0.106,0.124,0.096,0.099,0.125,0.114,0.087,0.09,0.119,0.104,0.093,0.113,0.122,0.105,0.107,0.101,0.107,0.104,0.088,0.09,0.595,0.798,0.725,0.089,0.734,0.33,0.735,0.502,0.105,0.965,0.093,0.091,0.229,0.585,0.762,0.659,0.734,0.807,0.698,0.763,0.836,0.909,0.093,0.092,0.239,0.117,0.756,0.691,0.721,0.673,0.497,0.59,0.912,0.845,0.108,0.088,0.089,0.089,0.093,0.088,0.091,0.087,0.091,0.087,0.09,0.088,0.088
,8:09:16,45.9,0.09,0.089,0.089,0.092,0.09,0.088,0.088,0.089,0.092,0.091,0.089,0.089,0.09,0.105,0.12,0.151,0.082,0.118,0.139,0.104,0.1,0.106,0.145,0.088,0.091,0.112,0.094,0.163,0.104,0.106,0.125,0.097,0.099,0.125,0.114,0.088,0.09,0.12,0.104,0.093,0.113,0.121,0.105,0.108,0.101,0.107,0.105,0.088,0.09,0.598,0.8,0.729,0.089,0.738,0.334,0.737,0.512,0.105,0.966,0.093,0.092,0.23,0.586,0.765,0.662,0.738,0.807,0.7,0.765,0.837,0.909,0.094,0.092,0.244,0.117,0.76,0.693,0.721,0.676,0.501,0.592,0.914,0.846,0.11,0.088,0.09,0.09,0.093,0.089,0.091,0.087,0.091,0.088,0.091,0.088,0.088
,8:14:16,45.9,0.09,0.089,0.088,0.092,0.089,0.088,0.088,0.089,0.092,0.091,0.089,0.089,0.09,0.104,0.12,0.151,0.081,0.117,0.139,0.104,0.1,0.105,0.145,0.088,0.09,0.112,0.094,0.163,0.104,0.105,0.124,0.097,0.099,0.125,0.114,0.088,0.089,0.12,0.104,0.093,0.113,0.121,0.104,0.107,0.101,0.107,0.105,0.087,0.09,0.574,0.8,0.731,0.089,0.742,0.338,0.747,0.518,0.104,0.968,0.093,0.091,0.229,0.586,0.768,0.661,0.739,0.809,0.702,0.766,0.837,0.91,0.093,0.092,0.248,0.116,0.76,0.698,0.724,0.678,0.503,0.593,0.914,0.847,0.109,0.088,0.089,0.09,0.093,0.088,0.091,0.087,0.091,0.087,0.091,0.088,0.088
,8:19:16,45.9,0.09,0.089,0.089,0.092,0.09,0.088,0.088,0.089,0.092,0.091,0.089,0.089,0.09,0.104,0.12,0.151,0.081,0.117,0.139,0.104,0.1,0.105,0.147,0.088,0.091,0.112,0.095,0.163,0.104,0.106,0.124,0.097,0.099,0.126,0.115,0.088,0.09,0.12,0.104,0.093,0.114,0.121,0.105,0.108,0.101,0.107,0.105,0.088,0.09,0.589,0.803,0.734,0.089,0.75,0.341,0.738,0.533,0.105,0.968,0.093,0.092,0.231,0.587,0.771,0.665,0.741,0.81,0.704,0.769,0.839,0.911,0.094,0.092,0.251,0.115,0.761,0.704,0.727,0.68,0.508,0.594,0.915,0.848,0.11,0.088,0.09,0.09,0.093,0.089,0.091,0.087,0.091,0.088,0.091,0.088,0.088
,8:24:16,45.9,0.09,0.089,0.088,0.092,0.09,0.088,0.088,0.089,0.092,0.091,0.089,0.089,0.09,0.104,0.12,0.151,0.082,0.117,0.139,0.104,0.1,0.106,0.147,0.088,0.09,0.111,0.094,0.163,0.103,0.106,0.125,0.097,0.099,0.125,0.115,0.088,0.089,0.12,0.104,0.093,0.113,0.121,0.104,0.107,0.101,0.107,0.105,0.088,0.09,0.584,0.803,0.738,0.089,0.757,0.345,0.74,0.537,0.104,0.969,0.093,0.092,0.232,0.588,0.773,0.666,0.745,0.812,0.705,0.77,0.839,0.911,0.093,0.092,0.258,0.114,0.765,0.709,0.727,0.682,0.511,0.596,0.916,0.848,0.11,0.088,0.089,0.09,0.093,0.089,0.091,0.087,0.091,0.088,0.091,0.088,0.088
,8:29:16,45.9,0.09,0.089,0.088,0.092,0.089,0.088,0.088,0.089,0.092,0.091,0.089,0.089,0.09,0.104,0.12,0.151,0.082,0.117,0.139,0.104,0.1,0.106,0.147,0.088,0.091,0.112,0.094,0.163,0.103,0.106,0.125,0.097,0.099,0.126,0.114,0.088,0.09,0.12,0.104,0.093,0.113,0.121,0.104,0.107,0.101,0.107,0.105,0.088,0.09,0.597,0.804,0.744,0.089,0.764,0.348,0.744,0.538,0.104,0.97,0.093,0.092,0.232,0.588,0.776,0.666,0.746,0.812,0.707,0.771,0.839,0.912,0.093,0.092,0.263,0.113,0.766,0.71,0.727,0.684,0.514,0.598,0.916,0.849,0.109,0.088,0.089,0.09,0.093,0.089,0.091,0.088,0.091,0.087,0.091,0.088,0.088
,8:34:16,46,0.09,0.089,0.088,0.092,0.09,0.088,0.088,0.089,0.092,0.091,0.089,0.089,0.09,0.104,0.12,0.151,0.081,0.117,0.139,0.104,0.1,0.105,0.148,0.089,0.091,0.112,0.094,0.163,0.103,0.106,0.125,0.097,0.099,0.126,0.115,0.088,0.09,0.12,0.104,0.093,0.114,0.121,0.105,0.108,0.102,0.107,0.105,0.088,0.09,0.591,0.806,0.746,0.089,0.766,0.354,0.744,0.544,0.105,0.971,0.093,0.092,0.232,0.589,0.777,0.672,0.748,0.813,0.709,0.773,0.84,0.911,0.094,0.092,0.267,0.112,0.767,0.713,0.73,0.687,0.517,0.6,0.917,0.849,0.11,0.088,0.09,0.09,0.093,0.089,0.091,0.087,0.091,0.088,0.091,0.088,0.088
,8:39:16,45.9,0.09,0.089,0.089,0.092,0.089,0.088,0.088,0.089,0.092,0.091,0.089,0.089,0.09,0.104,0.12,0.151,0.081,0.117,0.139,0.104,0.1,0.106,0.149,0.088,0.091,0.112,0.094,0.163,0.103,0.105,0.125,0.096,0.099,0.126,0.115,0.088,0.09,0.12,0.104,0.093,0.113,0.12,0.104,0.107,0.101,0.107,0.105,0.088,0.09,0.603,0.807,0.747,0.089,0.768,0.361,0.745,0.551,0.104,0.971,0.093,0.092,0.232,0.588,0.78,0.672,0.747,0.814,0.709,0.773,0.84,0.911,0.093,0.092,0.27,0.112,0.766,0.713,0.733,0.687,0.52,0.601,0.917,0.849,0.11,0.088,0.089,0.09,0.093,0.088,0.091,0.087,0.091,0.088,0.091,0.088,0.088
,8:44:16,46,0.09,0.089,0.088,0.092,0.089,0.088,0.088,0.089,0.092,0.091,0.089,0.089,0.09,0.104,0.12,0.151,0.082,0.117,0.139,0.104,0.1,0.106,0.149,0.088,0.091,0.112,0.093,0.163,0.103,0.105,0.124,0.096,0.099,0.126,0.114,0.088,0.09,0.12,0.104,0.093,0.113,0.12,0.104,0.108,0.101,0.107,0.105,0.088,0.09,0.632,0.808,0.749,0.088,0.769,0.369,0.749,0.554,0.104,0.972,0.093,0.091,0.234,0.589,0.782,0.672,0.747,0.814,0.711,0.775,0.841,0.912,0.093,0.092,0.276,0.112,0.769,0.715,0.734,0.69,0.523,0.602,0.918,0.849,0.109,0.088,0.089,0.09,0.093,0.088,0.091,0.087,0.091,0.087,0.091,0.088,0.088
,8:49:16,46,0.09,0.089,0.089,0.092,0.09,0.088,0.088,0.089,0.092,0.091,0.089,0.089,0.09,0.104,0.12,0.151,0.081,0.118,0.139,0.104,0.1,0.106,0.15,0.089,0.091,0.112,0.095,0.163,0.103,0.106,0.125,0.097,0.099,0.126,0.115,0.088,0.09,0.12,0.104,0.093,0.114,0.12,0.104,0.108,0.102,0.107,0.105,0.088,0.09,0.635,0.808,0.75,0.089,0.771,0.378,0.749,0.558,0.105,0.972,0.093,0.092,0.232,0.589,0.785,0.671,0.751,0.816,0.712,0.776,0.841,0.912,0.094,0.092,0.279,0.111,0.77,0.716,0.738,0.691,0.526,0.606,0.918,0.85,0.112,0.088,0.09,0.09,0.093,0.089,0.091,0.087,0.091,0.088,0.091,0.088,0.088
,8:54:16,46,0.09,0.089,0.088,0.092,0.089,0.088,0.088,0.089,0.092,0.091,0.089,0.089,0.09,0.103,0.12,0.151,0.081,0.117,0.139,0.104,0.099,0.105,0.15,0.088,0.09,0.111,0.094,0.163,0.102,0.105,0.124,0.097,0.099,0.126,0.115,0.087,0.09,0.12,0.104,0.093,0.113,0.12,0.104,0.107,0.101,0.107,0.105,0.088,0.09,0.628,0.808,0.75,0.089,0.771,0.387,0.746,0.561,0.104,0.972,0.093,0.091,0.233,0.59,0.785,0.671,0.75,0.815,0.713,0.777,0.841,0.911,0.093,0.092,0.282,0.11,0.769,0.715,0.739,0.692,0.529,0.609,0.919,0.849,0.11,0.088,0.089,0.09,0.093,0.088,0.091,0.087,0.091,0.087,0.09,0.088,0.088
,8:59:16,46,0.09,0.089,0.088,0.092,0.09,0.088,0.088,0.089,0.092,0.091,0.089,0.089,0.09,0.104,0.12,0.151,0.081,0.117,0.14,0.104,0.1,0.106,0.151,0.088,0.091,0.112,0.093,0.164,0.102,0.105,0.125,0.096,0.099,0.126,0.115,0.088,0.09,0.12,0.104,0.093,0.113,0.119,0.104,0.108,0.101,0.107,0.105,0.088,0.09,0.643,0.81,0.75,0.089,0.772,0.4,0.753,0.56,0.105,0.973,0.093,0.092,0.232,0.592,0.787,0.671,0.751,0.817,0.714,0.778,0.842,0.911,0.094,0.092,0.29,0.109,0.769,0.715,0.741,0.693,0.533,0.61,0.919,0.851,0.112,0.088,0.089,0.09,0.093,0.089,0.091,0.087,0.091,0.088,0.091,0.088,0.088
,9:04:16,46,0.09,0.089,0.088,0.092,0.09,0.088,0.088,0.089,0.092,0.091,0.089,0.089,0.09,0.104,0.12,0.151,0.082,0.117,0.139,0.104,0.1,0.106,0.151,0.089,0.091,0.111,0.093,0.164,0.102,0.105,0.125,0.097,0.099,0.126,0.115,0.088,0.09,0.12,0.104,0.093,0.113,0.119,0.104,0.108,0.102,0.107,0.105,0.088,0.09,0.641,0.809,0.75,0.089,0.775,0.41,0.755,0.56,0.104,0.973,0.093,0.092,0.233,0.591,0.789,0.67,0.753,0.816,0.715,0.779,0.842,0.911,0.094,0.092,0.294,0.109,0.771,0.716,0.742,0.695,0.535,0.611,0.92,0.851,0.112,0.088,0.089,0.09,0.093,0.089,0.091,0.087,0.091,0.088,0.091,0.088,0.088
,9:09:16,46,0.09,0.089,0.088,0.092,0.089,0.088,0.088,0.089,0.092,0.091,0.089,0.089,0.09,0.103,0.12,0.151,0.081,0.117,0.139,0.104,0.1,0.105,0.152,0.088,0.091,0.111,0.095,0.163,0.102,0.105,0.124,0.096,0.099,0.126,0.116,0.088,0.09,0.12,0.104,0.093,0.113,0.119,0.104,0.108,0.102,0.107,0.105,0.088,0.09,0.647,0.809,0.75,0.089,0.777,0.419,0.755,0.565,0.104,0.973,0.093,0.091,0.232,0.591,0.79,0.668,0.754,0.817,0.716,0.779,0.843,0.912,0.093,0.092,0.298,0.108,0.769,0.715,0.744,0.695,0.536,0.613,0.919,0.851,0.111,0.088,0.089,0.09,0.093,0.089,0.091,0.087,0.091,0.087,0.091,0.088,0.088
,9:14:16,45.9,0.09,0.089,0.088,0.092,0.089,0.088,0.088,0.089,0.092,0.091,0.089,0.089,0.09,0.103,0.12,0.151,0.081,0.117,0.139,0.104,0.1,0.105,0.153,0.088,0.09,0.111,0.094,0.163,0.102,0.105,0.124,0.096,0.099,0.126,0.116,0.088,0.09,0.12,0.104,0.093,0.113,0.119,0.104,0.107,0.102,0.107,0.105,0.088,0.09,0.652,0.808,0.75,0.089,0.779,0.427,0.75,0.564,0.104,0.973,0.093,0.091,0.231,0.591,0.791,0.666,0.752,0.818,0.717,0.781,0.843,0.911,0.093,0.092,0.302,0.108,0.771,0.715,0.744,0.697,0.539,0.615,0.919,0.851,0.109,0.088,0.089,0.09,0.093,0.089,0.091,0.087,0.091,0.087,0.091,0.088,0.088
,9:19:16,45.9,0.09,0.089,0.089,0.092,0.089,0.088,0.088,0.089,0.092,0.091,0.089,0.089,0.09,0.103,0.121,0.151,0.082,0.117,0.14,0.104,0.1,0.106,0.153,0.088,0.091,0.111,0.093,0.164,0.102,0.105,0.124,0.097,0.099,0.126,0.116,0.088,0.09,0.12,0.104,0.093,0.113,0.119,0.104,0.108,0.102,0.107,0.105,0.088,0.09,0.657,0.807,0.75,0.089,0.779,0.439,0.75,0.572,0.104,0.975,0.093,0.092,0.233,0.592,0.792,0.665,0.752,0.818,0.717,0.784,0.844,0.911,0.093,0.092,0.309,0.108,0.768,0.716,0.745,0.698,0.541,0.614,0.92,0.852,0.11,0.088,0.09,0.09,0.093,0.089,0.091,0.087,0.091,0.088,0.091,0.088,0.088
,9:24:16,46,0.09,0.089,0.089,0.092,0.09,0.088,0.088,0.089,0.092,0.091,0.089,0.089,0.09,0.103,0.12,0.151,0.082,0.117,0.139,0.104,0.1,0.106,0.154,0.088,0.091,0.111,0.094,0.164,0.102,0.105,0.125,0.097,0.099,0.126,0.116,0.088,0.09,0.12,0.104,0.093,0.114,0.118,0.104,0.108,0.102,0.107,0.105,0.088,0.09,0.66,0.806,0.749,0.089,0.78,0.445,0.758,0.569,0.104,0.974,0.093,0.092,0.232,0.592,0.793,0.664,0.754,0.818,0.718,0.784,0.845,0.911,0.093,0.092,0.313,0.107,0.772,0.715,0.745,0.699,0.545,0.616,0.92,0.851,0.11,0.088,0.09,0.09,0.093,0.089,0.091,0.088,0.091,0.088,0.091,0.088,0.088
,9:29:16,46,0.09,0.089,0.088,0.092,0.089,0.088,0.088,0.089,0.092,0.091,0.089,0.089,0.09,0.103,0.121,0.151,0.082,0.117,0.139,0.104,0.1,0.106,0.154,0.088,0.091,0.111,0.094,0.164,0.102,0.105,0.124,0.096,0.099,0.126,0.116,0.088,0.09,0.12,0.104,0.093,0.113,0.118,0.104,0.108,0.101,0.107,0.105,0.088,0.09,0.666,0.804,0.75,0.089,0.781,0.454,0.756,0.573,0.104,0.974,0.093,0.092,0.23,0.591,0.796,0.66,0.754,0.819,0.718,0.786,0.845,0.911,0.093,0.092,0.317,0.107,0.772,0.715,0.746,0.7,0.545,0.616,0.92,0.851,0.11,0.088,0.089,0.09,0.093,0.089,0.091,0.087,0.091,0.087,0.091,0.088,0.088
,9:34:16,46,0.09,0.089,0.088,0.092,0.09,0.088,0.088,0.089,0.092,0.091,0.089,0.089,0.09,0.103,0.12,0.151,0.081,0.117,0.139,0.104,0.1,0.106,0.155,0.088,0.091,0.111,0.094,0.164,0.101,0.105,0.125,0.097,0.099,0.126,0.116,0.088,0.09,0.12,0.104,0.093,0.113,0.118,0.104,0.107,0.102,0.107,0.105,0.088,0.09,0.667,0.804,0.749,0.089,0.781,0.459,0.752,0.577,0.104,0.974,0.092,0.092,0.231,0.591,0.797,0.659,0.753,0.819,0.719,0.789,0.844,0.91,0.093,0.092,0.322,0.106,0.772,0.716,0.747,0.7,0.548,0.617,0.919,0.851,0.111,0.088,0.089,0.09,0.093,0.089,0.091,0.087,0.091,0.088,0.091,0.088,0.088
,9:39:16,45.9,0.09,0.089,0.088,0.092,0.089,0.088,0.088,0.089,0.092,0.091,0.089,0.089,0.09,0.102,0.12,0.151,0.081,0.117,0.139,0.104,0.1,0.106,0.155,0.088,0.09,0.111,0.093,0.164,0.101,0.105,0.124,0.096,0.099,0.126,0.116,0.087,0.089,0.12,0.104,0.093,0.113,0.118,0.104,0.107,0.101,0.107,0.105,0.088,0.09,0.669,0.802,0.749,0.089,0.781,0.465,0.758,0.574,0.104,0.973,0.093,0.091,0.232,0.591,0.796,0.656,0.754,0.819,0.718,0.79,0.844,0.909,0.093,0.092,0.325,0.106,0.77,0.715,0.747,0.7,0.548,0.617,0.919,0.851,0.109,0.088,0.089,0.09,0.093,0.089,0.091,0.087,0.091,0.087,0.091,0.088,0.088
,9:44:16,46,0.09,0.089,0.088,0.092,0.089,0.088,0.088,0.089,0.092,0.091,0.089,0.089,0.09,0.102,0.12,0.151,0.082,0.117,0.139,0.104,0.1,0.106,0.156,0.088,0.091,0.111,0.093,0.164,0.101,0.105,0.124,0.096,0.099,0.126,0.115,0.088,0.09,0.12,0.104,0.093,0.113,0.117,0.104,0.108,0.101,0.107,0.105,0.088,0.09,0.67,0.8,0.749,0.089,0.782,0.471,0.756,0.575,0.104,0.975,0.093,0.091,0.231,0.591,0.797,0.656,0.755,0.819,0.718,0.791,0.845,0.908,0.093,0.092,0.331,0.106,0.772,0.715,0.747,0.702,0.55,0.618,0.919,0.851,0.11,0.088,0.089,0.09,0.093,0.089,0.091,0.087,0.091,0.088,0.091,0.088,0.088
,9:49:16,46,0.09,0.089,0.089,0.092,0.09,0.088,0.088,0.089,0.092,0.091,0.089,0.089,0.09,0.103,0.12,0.151,0.082,0.117,0.139,0.104,0.1,0.106,0.157,0.088,0.091,0.111,0.094,0.164,0.101,0.105,0.124,0.096,0.099,0.126,0.116,0.088,0.09,0.12,0.104,0.093,0.113,0.118,0.104,0.108,0.102,0.108,0.105,0.088,0.09,0.677,0.798,0.748,0.089,0.783,0.476,0.76,0.573,0.104,0.974,0.093,0.092,0.23,0.592,0.799,0.655,0.754,0.819,0.718,0.793,0.845,0.909,0.093,0.092,0.336,0.105,0.772,0.715,0.748,0.702,0.552,0.618,0.919,0.851,0.11,0.088,0.089,0.09,0.093,0.089,0.091,0.087,0.091,0.088,0.091,0.088,0.088
,9:54:16,46,0.09,0.089,0.088,0.092,0.09,0.088,0.088,0.089,0.092,0.091,0.089,0.089,0.09,0.102,0.12,0.151,0.082,0.117,0.139,0.104,0.1,0.106,0.157,0.088,0.091,0.111,0.093,0.163,0.101,0.105,0.124,0.096,0.099,0.126,0.116,0.088,0.09,0.12,0.103,0.093,0.113,0.117,0.104,0.108,0.102,0.107,0.105,0.088,0.09,0.679,0.797,0.748,0.089,0.784,0.481,0.759,0.573,0.103,0.974,0.093,0.092,0.232,0.591,0.801,0.651,0.754,0.819,0.717,0.791,0.845,0.909,0.093,0.092,0.34,0.105,0.77,0.715,0.749,0.704,0.553,0.62,0.919,0.851,0.11,0.088,0.089,0.09,0.093,0.089,0.091,0.087,0.091,0.087,0.091,0.088,0.088
,9:59:16,46,0.09,0.089,0.088,0.092,0.089,0.088,0.088,0.089,0.092,0.091,0.089,0.089,0.09,0.102,0.12,0.151,0.082,0.117,0.139,0.104,0.1,0.106,0.157,0.088,0.091,0.111,0.093,0.164,0.101,0.104,0.124,0.096,0.099,0.126,0.116,0.088,0.09,0.12,0.104,0.093,0.113,0.117,0.104,0.108,0.101,0.108,0.105,0.088,0.09,0.686,0.796,0.748,0.089,0.786,0.487,0.759,0.578,0.104,0.974,0.093,0.092,0.231,0.592,0.801,0.649,0.753,0.82,0.717,0.793,0.846,0.907,0.093,0.092,0.344,0.105,0.774,0.714,0.749,0.705,0.554,0.619,0.919,0.85,0.108,0.088,0.089,0.09,0.093,0.089,0.091,0.087,0.091,0.088,0.091,0.088,0.088
,10:04:16,46,0.09,0.089,0.088,0.092,0.089,0.088,0.088,0.089,0.092,0.091,0.089,0.089,0.09,0.102,0.12,0.151,0.081,0.117,0.139,0.104,0.1,0.106,0.158,0.088,0.091,0.111,0.093,0.164,0.101,0.105,0.124,0.097,0.099,0.126,0.115,0.088,0.09,0.12,0.104,0.093,0.113,0.117,0.104,0.107,0.101,0.107,0.105,0.088,0.09,0.688,0.792,0.748,0.089,0.787,0.489,0.759,0.579,0.103,0.974,0.093,0.092,0.232,0.591,0.802,0.645,0.753,0.82,0.717,0.791,0.845,0.908,0.093,0.092,0.347,0.104,0.772,0.715,0.748,0.704,0.555,0.621,0.918,0.85,0.111,0.088,0.089,0.09,0.093,0.089,0.091,0.087,0.091,0.087,0.091,0.088,0.088
,10:09:16,46,0.09,0.089,0.089,0.092,0.09,0.088,0.088,0.089,0.092,0.091,0.089,0.089,0.09,0.102,0.12,0.151,0.081,0.117,0.139,0.104,0.1,0.106,0.158,0.088,0.091,0.111,0.093,0.164,0.101,0.105,0.124,0.097,0.099,0.126,0.117,0.088,0.09,0.12,0.104,0.093,0.113,0.116,0.104,0.108,0.101,0.107,0.105,0.088,0.09,0.694,0.792,0.747,0.089,0.787,0.493,0.764,0.58,0.104,0.974,0.092,0.092,0.231,0.592,0.803,0.645,0.753,0.819,0.717,0.791,0.846,0.907,0.093,0.092,0.354,0.104,0.773,0.715,0.747,0.704,0.556,0.621,0.918,0.851,0.11,0.088,0.09,0.09,0.093,0.089,0.091,0.087,0.091,0.087,0.091,0.088,0.088
,10:14:16,46,0.09,0.089,0.088,0.092,0.089,0.088,0.088,0.089,0.092,0.091,0.089,0.089,0.09,0.102,0.12,0.151,0.082,0.116,0.139,0.104,0.1,0.106,0.158,0.088,0.091,0.111,0.093,0.164,0.1,0.104,0.124,0.096,0.099,0.126,0.116,0.088,0.09,0.121,0.104,0.093,0.113,0.116,0.104,0.107,0.101,0.107,0.105,0.087,0.09,0.702,0.789,0.746,0.089,0.788,0.496,0.761,0.581,0.104,0.973,0.093,0.091,0.23,0.59,0.804,0.642,0.751,0.818,0.716,0.791,0.847,0.906,0.093,0.092,0.357,0.104,0.77,0.714,0.747,0.704,0.557,0.621,0.918,0.85,0.11,0.088,0.089,0.09,0.093,0.089,0.091,0.087,0.091,0.088,0.09,0.088,0.088
,10:19:16,45.9,0.09,0.088,0.088,0.091,0.089,0.087,0.088,0.089,0.091,0.091,0.089,0.089,0.09,0.102,0.12,0.151,0.081,0.116,0.139,0.103,0.099,0.106,0.159,0.088,0.09,0.11,0.092,0.164,0.1,0.104,0.124,0.096,0.099,0.126,0.116,0.087,0.089,0.12,0.103,0.093,0.112,0.116,0.103,0.107,0.101,0.107,0.105,0.087,0.09,0.702,0.789,0.747,0.088,0.786,0.499,0.756,0.578,0.103,0.974,0.092,0.091,0.231,0.59,0.805,0.64,0.751,0.819,0.717,0.789,0.845,0.906,0.093,0.091,0.361,0.104,0.772,0.714,0.745,0.705,0.559,0.621,0.917,0.85,0.11,0.087,0.089,0.09,0.092,0.088,0.091,0.087,0.091,0.087,0.09,0.088,0.088
,10:24:16,46,0.09,0.089,0.088,0.092,0.089,0.088,0.088,0.089,0.092,0.091,0.089,0.089,0.09,0.102,0.12,0.151,0.081,0.117,0.139,0.104,0.1,0.106,0.16,0.088,0.091,0.111,0.093,0.164,0.1,0.104,0.124,0.096,0.099,0.126,0.116,0.088,0.09,0.12,0.104,0.093,0.113,0.116,0.104,0.107,0.101,0.107,0.105,0.087,0.09,0.703,0.787,0.746,0.088,0.785,0.503,0.757,0.58,0.104,0.974,0.093,0.092,0.232,0.591,0.806,0.64,0.75,0.82,0.717,0.788,0.845,0.904,0.093,0.092,0.366,0.104,0.773,0.713,0.741,0.705,0.562,0.623,0.918,0.85,0.11,0.088,0.089,0.09,0.093,0.088,0.091,0.087,0.091,0.087,0.091,0.088,0.088
,10:29:16,46,0.09,0.089,0.088,0.092,0.089,0.088,0.088,0.089,0.092,0.091,0.089,0.089,0.09,0.102,0.12,0.151,0.082,0.116,0.14,0.104,0.1,0.106,0.16,0.088,0.091,0.111,0.093,0.164,0.1,0.104,0.124,0.096,0.099,0.126,0.116,0.088,0.09,0.12,0.103,0.093,0.113,0.115,0.104,0.108,0.102,0.107,0.105,0.088,0.09,0.71,0.784,0.745,0.089,0.786,0.505,0.765,0.583,0.103,0.974,0.093,0.092,0.231,0.59,0.806,0.639,0.749,0.819,0.716,0.788,0.845,0.904,0.093,0.092,0.373,0.103,0.774,0.714,0.742,0.706,0.562,0.622,0.917,0.85,0.111,0.088,0.089,0.09,0.093,0.089,0.091,0.087,0.091,0.088,0.091,0.088,0.088
,10:34:16,46,0.09,0.089,0.089,0.092,0.09,0.088,0.088,0.089,0.092,0.091,0.089,0.089,0.09,0.102,0.12,0.151,0.082,0.116,0.139,0.104,0.1,0.106,0.161,0.088,0.091,0.111,0.093,0.164,0.1,0.104,0.124,0.097,0.099,0.126,0.117,0.088,0.09,0.121,0.103,0.093,0.113,0.115,0.104,0.108,0.102,0.107,0.105,0.088,0.09,0.715,0.784,0.745,0.089,0.783,0.508,0.764,0.581,0.103,0.975,0.093,0.092,0.23,0.59,0.808,0.636,0.748,0.819,0.716,0.789,0.846,0.904,0.093,0.092,0.373,0.103,0.774,0.714,0.739,0.706,0.563,0.622,0.917,0.85,0.11,0.088,0.09,0.09,0.093,0.089,0.091,0.087,0.091,0.088,0.091,0.088,0.088
,10:39:16,46,0.09,0.089,0.088,0.091,0.089,0.088,0.088,0.089,0.092,0.091,0.089,0.089,0.09,0.101,0.12,0.151,0.081,0.116,0.139,0.104,0.099,0.106,0.161,0.088,0.09,0.111,0.093,0.163,0.099,0.104,0.124,0.096,0.098,0.126,0.117,0.087,0.09,0.121,0.103,0.092,0.113,0.115,0.104,0.107,0.102,0.107,0.105,0.088,0.09,0.71,0.78,0.744,0.089,0.783,0.508,0.76,0.584,0.103,0.974,0.093,0.091,0.231,0.589,0.808,0.632,0.746,0.821,0.715,0.787,0.845,0.904,0.093,0.092,0.378,0.103,0.774,0.713,0.737,0.706,0.563,0.623,0.916,0.85,0.111,0.087,0.089,0.09,0.093,0.089,0.091,0.087,0.091,0.087,0.091,0.088,0.088
,10:44:16,45.9,0.09,0.089,0.088,0.092,0.09,0.088,0.088,0.089,0.092,0.091,0.089,0.089,0.09,0.102,0.12,0.151,0.082,0.116,0.139,0.104,0.1,0.107,0.161,0.088,0.091,0.111,0.093,0.164,0.1,0.104,0.124,0.097,0.099,0.126,0.117,0.088,0.09,0.12,0.104,0.093,0.113,0.115,0.104,0.108,0.102,0.107,0.105,0.088,0.09,0.717,0.781,0.744,0.089,0.783,0.513,0.76,0.582,0.104,0.975,0.093,0.092,0.23,0.589,0.808,0.632,0.746,0.821,0.715,0.786,0.846,0.903,0.093,0.092,0.382,0.103,0.775,0.714,0.736,0.706,0.564,0.624,0.917,0.849,0.111,0.088,0.09,0.09,0.093,0.089,0.091,0.088,0.091,0.088,0.091,0.088,0.088
,10:49:16,46,0.09,0.089,0.088,0.092,0.09,0.088,0.088,0.089,0.092,0.091,0.089,0.089,0.09,0.102,0.12,0.152,0.081,0.116,0.139,0.104,0.1,0.106,0.162,0.088,0.091,0.111,0.092,0.164,0.1,0.104,0.124,0.096,0.099,0.126,0.117,0.088,0.09,0.12,0.103,0.093,0.113,0.115,0.104,0.108,0.101,0.107,0.105,0.088,0.09,0.718,0.78,0.744,0.089,0.782,0.515,0.764,0.58,0.103,0.975,0.093,0.092,0.23,0.589,0.81,0.629,0.745,0.821,0.715,0.785,0.845,0.902,0.093,0.092,0.384,0.103,0.774,0.713,0.732,0.708,0.564,0.625,0.916,0.849,0.11,0.088,0.089,0.09,0.093,0.088,0.091,0.087,0.091,0.088,0.091,0.088,0.088
,10:54:16,46,0.09,0.089,0.088,0.092,0.089,0.088,0.088,0.089,0.092,0.091,0.089,0.089,0.09,0.101,0.12,0.152,0.081,0.116,0.139,0.104,0.1,0.106,0.162,0.088,0.091,0.111,0.092,0.163,0.099,0.104,0.124,0.096,0.099,0.126,0.116,0.088,0.09,0.121,0.103,0.093,0.113,0.115,0.104,0.107,0.102,0.107,0.105,0.088,0.09,0.717,0.779,0.744,0.089,0.781,0.517,0.76,0.583,0.104,0.974,0.093,0.091,0.23,0.589,0.809,0.635,0.744,0.821,0.715,0.785,0.844,0.902,0.093,0.092,0.386,0.103,0.776,0.713,0.73,0.708,0.565,0.626,0.916,0.849,0.111,0.088,0.09,0.09,0.093,0.089,0.091,0.087,0.091,0.087,0.091,0.088,0.088
,10:59:16,46,0.09,0.089,0.089,0.092,0.09,0.088,0.088,0.089,0.092,0.091,0.089,0.089,0.09,0.101,0.12,0.151,0.082,0.116,0.139,0.104,0.1,0.106,0.163,0.088,0.091,0.111,0.092,0.164,0.099,0.104,0.124,0.096,0.099,0.127,0.117,0.088,0.09,0.121,0.104,0.093,0.113,0.115,0.104,0.108,0.102,0.108,0.105,0.088,0.09,0.723,0.777,0.743,0.089,0.778,0.521,0.761,0.585,0.104,0.974,0.093,0.092,0.231,0.589,0.811,0.63,0.743,0.821,0.714,0.784,0.845,0.902,0.093,0.092,0.392,0.103,0.772,0.713,0.729,0.707,0.565,0.626,0.916,0.849,0.11,0.088,0.089,0.09,0.093,0.089,0.091,0.088,0.091,0.088,0.091,0.088,0.088
,11:04:16,45.9,0.09,0.089,0.088,0.092,0.09,0.088,0.088,0.089,0.092,0.091,0.089,0.089,0.09,0.101,0.121,0.152,0.082,0.116,0.139,0.104,0.1,0.106,0.163,0.088,0.091,0.111,0.092,0.163,0.099,0.103,0.124,0.096,0.099,0.126,0.117,0.088,0.09,0.12,0.104,0.093,0.113,0.114,0.104,0.108,0.102,0.107,0.105,0.088,0.09,0.724,0.775,0.743,0.089,0.777,0.522,0.76,0.586,0.103,0.974,0.093,0.092,0.23,0.589,0.811,0.63,0.743,0.821,0.714,0.782,0.844,0.902,0.093,0.092,0.394,0.103,0.774,0.712,0.726,0.707,0.566,0.627,0.915,0.849,0.11,0.088,0.089,0.09,0.093,0.089,0.091,0.087,0.091,0.087,0.091,0.088,0.088
,11:09:16,46,0.09,0.089,0.088,0.092,0.089,0.088,0.088,0.089,0.092,0.091,0.089,0.089,0.09,0.101,0.12,0.151,0.081,0.116,0.139,0.104,0.1,0.107,0.163,0.088,0.09,0.111,0.092,0.163,0.099,0.103,0.124,0.096,0.098,0.126,0.116,0.088,0.09,0.12,0.103,0.092,0.113,0.114,0.103,0.107,0.102,0.107,0.105,0.088,0.09,0.731,0.774,0.742,0.089,0.776,0.524,0.763,0.582,0.103,0.974,0.093,0.091,0.229,0.588,0.811,0.632,0.74,0.821,0.714,0.782,0.844,0.901,0.093,0.092,0.4,0.103,0.774,0.712,0.724,0.708,0.566,0.627,0.915,0.849,0.111,0.088,0.089,0.09,0.093,0.088,0.091,0.087,0.091,0.087,0.091,0.088,0.088
,11:14:16,45.9,0.09,0.089,0.088,0.092,0.09,0.088,0.088,0.089,0.092,0.091,0.089,0.089,0.09,0.101,0.121,0.152,0.082,0.116,0.139,0.104,0.1,0.106,0.164,0.088,0.091,0.111,0.092,0.164,0.099,0.104,0.124,0.096,0.099,0.126,0.116,0.088,0.09,0.121,0.103,0.093,0.113,0.114,0.104,0.108,0.102,0.107,0.105,0.088,0.09,0.729,0.773,0.742,0.089,0.776,0.526,0.762,0.583,0.103,0.974,0.093,0.092,0.229,0.588,0.813,0.629,0.739,0.82,0.714,0.781,0.843,0.901,0.093,0.092,0.401,0.103,0.773,0.712,0.72,0.706,0.566,0.628,0.914,0.849,0.111,0.088,0.089,0.09,0.093,0.089,0.091,0.087,0.091,0.088,0.091,0.088,0.088
,11:19:16,45.9,0.09,0.089,0.088,0.092,0.089,0.088,0.088,0.089,0.092,0.091,0.089,0.089,0.09,0.101,0.12,0.151,0.081,0.116,0.139,0.104,0.1,0.106,0.164,0.088,0.091,0.111,0.092,0.164,0.099,0.103,0.124,0.096,0.098,0.126,0.117,0.087,0.09,0.121,0.103,0.093,0.113,0.114,0.104,0.107,0.102,0.107,0.105,0.088,0.09,0.733,0.772,0.742,0.089,0.773,0.53,0.759,0.589,0.103,0.974,0.092,0.091,0.227,0.587,0.813,0.626,0.739,0.82,0.714,0.78,0.841,0.902,0.093,0.092,0.405,0.102,0.773,0.711,0.719,0.707,0.566,0.628,0.914,0.848,0.111,0.088,0.089,0.09,0.093,0.089,0.091,0.087,0.091,0.087,0.091,0.088,0.088
,11:24:16,45.9,0.09,0.089,0.088,0.092,0.089,0.088,0.088,0.089,0.092,0.091,0.089,0.089,0.09,0.101,0.12,0.152,0.081,0.116,0.139,0.103,0.1,0.106,0.164,0.088,0.091,0.11,0.092,0.163,0.099,0.103,0.124,0.096,0.099,0.126,0.117,0.088,0.09,0.121,0.103,0.093,0.113,0.113,0.104,0.107,0.102,0.107,0.105,0.088,0.09,0.734,0.77,0.741,0.089,0.772,0.531,0.759,0.585,0.103,0.974,0.092,0.091,0.228,0.587,0.815,0.626,0.738,0.821,0.713,0.779,0.842,0.902,0.093,0.092,0.403,0.102,0.773,0.711,0.716,0.707,0.569,0.629,0.914,0.847,0.111,0.088,0.089,0.09,0.093,0.089,0.091,0.087,0.091,0.088,0.091,0.088,0.088
,11:29:16,46,0.09,0.089,0.089,0.092,0.089,0.088,0.088,0.089,0.092,0.091,0.089,0.089,0.09,0.101,0.12,0.151,0.081,0.116,0.139,0.104,0.1,0.106,0.165,0.088,0.091,0.11,0.092,0.164,0.099,0.103,0.124,0.096,0.099,0.127,0.117,0.088,0.09,0.121,0.103,0.093,0.113,0.113,0.104,0.107,0.102,0.107,0.105,0.088,0.09,0.734,0.769,0.741,0.089,0.771,0.534,0.758,0.583,0.103,0.974,0.093,0.092,0.228,0.589,0.817,0.625,0.736,0.82,0.713,0.779,0.841,0.903,0.093,0.092,0.408,0.102,0.774,0.711,0.714,0.707,0.566,0.629,0.914,0.847,0.112,0.088,0.089,0.09,0.093,0.089,0.091,0.087,0.091,0.088,0.091,0.088,0.088
,11:34:16,46,0.09,0.089,0.089,0.092,0.089,0.088,0.088,0.089,0.092,0.091,0.089,0.089,0.09,0.1,0.121,0.151,0.082,0.116,0.139,0.104,0.1,0.106,0.165,0.088,0.091,0.11,0.092,0.163,0.099,0.103,0.124,0.096,0.099,0.126,0.116,0.088,0.09,0.121,0.103,0.093,0.113,0.113,0.104,0.107,0.102,0.107,0.105,0.088,0.09,0.73,0.767,0.741,0.089,0.769,0.538,0.763,0.589,0.103,0.975,0.092,0.092,0.227,0.586,0.819,0.62,0.735,0.82,0.713,0.777,0.841,0.903,0.093,0.092,0.409,0.102,0.774,0.711,0.711,0.705,0.567,0.63,0.914,0.848,0.111,0.088,0.089,0.09,0.093,0.089,0.091,0.087,0.091,0.087,0.091,0.088,0.088
,11:39:16,46,0.09,0.089,0.088,0.092,0.089,0.088,0.088,0.089,0.092,0.091,0.089,0.089,0.09,0.101,0.12,0.151,0.081,0.116,0.139,0.103,0.1,0.106,0.165,0.088,0.091,0.111,0.092,0.164,0.098,0.103,0.124,0.096,0.099,0.126,0.117,0.088,0.09,0.121,0.103,0.093,0.113,0.113,0.104,0.108,0.102,0.107,0.105,0.088,0.09,0.736,0.766,0.741,0.089,0.767,0.541,0.761,0.591,0.103,0.975,0.093,0.091,0.227,0.586,0.821,0.62,0.733,0.821,0.712,0.777,0.84,0.902,0.093,0.092,0.414,0.102,0.775,0.71,0.708,0.706,0.562,0.63,0.914,0.847,0.11,0.088,0.09,0.09,0.093,0.089,0.091,0.087,0.091,0.087,0.091,0.088,0.088
,11:44:16,46,0.09,0.089,0.088,0.092,0.089,0.088,0.088,0.089,0.092,0.091,0.089,0.089,0.09,0.1,0.12,0.151,0.081,0.115,0.139,0.103,0.1,0.106,0.166,0.088,0.09,0.11,0.092,0.163,0.098,0.103,0.123,0.096,0.098,0.126,0.117,0.088,0.09,0.121,0.103,0.092,0.113,0.113,0.104,0.107,0.101,0.107,0.105,0.087,0.09,0.739,0.763,0.739,0.089,0.767,0.543,0.757,0.589,0.103,0.974,0.093,0.091,0.226,0.586,0.822,0.62,0.732,0.821,0.712,0.776,0.839,0.903,0.093,0.092,0.414,0.102,0.77,0.711,0.707,0.706,0.563,0.628,0.912,0.847,0.11,0.088,0.089,0.09,0.093,0.088,0.091,0.087,0.091,0.087,0.091,0.088,0.088
,11:49:16,46,0.09,0.089,0.088,0.092,0.089,0.088,0.088,0.089,0.092,0.091,0.089,0.089,0.09,0.1,0.12,0.151,0.082,0.115,0.139,0.103,0.099,0.106,0.166,0.088,0.091,0.11,0.092,0.163,0.098,0.103,0.124,0.096,0.098,0.126,0.117,0.088,0.09,0.121,0.103,0.092,0.113,0.112,0.104,0.108,0.101,0.107,0.105,0.088,0.09,0.74,0.762,0.739,0.089,0.765,0.546,0.762,0.59,0.103,0.974,0.092,0.091,0.225,0.584,0.823,0.616,0.73,0.82,0.712,0.775,0.839,0.903,0.093,0.092,0.417,0.102,0.773,0.71,0.705,0.705,0.56,0.63,0.912,0.847,0.112,0.088,0.089,0.09,0.093,0.088,0.091,0.087,0.091,0.087,0.091,0.088,0.088
,11:54:16,46,0.09,0.089,0.088,0.092,0.089,0.088,0.088,0.089,0.092,0.091,0.089,0.089,0.09,0.1,0.121,0.151,0.081,0.116,0.139,0.103,0.1,0.106,0.166,0.088,0.091,0.11,0.092,0.163,0.098,0.103,0.124,0.096,0.098,0.126,0.117,0.088,0.09,0.121,0.103,0.092,0.113,0.112,0.104,0.107,0.101,0.107,0.105,0.088,0.09,0.739,0.761,0.739,0.088,0.764,0.549,0.763,0.59,0.103,0.974,0.093,0.091,0.226,0.586,0.826,0.612,0.729,0.821,0.712,0.775,0.838,0.902,0.093,0.092,0.419,0.102,0.77,0.711,0.702,0.706,0.559,0.63,0.913,0.847,0.112,0.088,0.089,0.09,0.093,0.089,0.091,0.087,0.091,0.087,0.091,0.088,0.088
,11:59:16,46,0.09,0.089,0.088,0.092,0.09,0.088,0.088,0.089,0.092,0.091,0.089,0.089,0.09,0.1,0.12,0.152,0.082,0.116,0.139,0.104,0.1,0.106,0.166,0.088,0.091,0.11,0.092,0.163,0.098,0.103,0.124,0.096,0.099,0.126,0.117,0.088,0.09,0.121,0.103,0.093,0.113,0.112,0.104,0.107,0.102,0.107,0.105,0.088,0.09,0.738,0.759,0.738,0.089,0.763,0.549,0.764,0.587,0.103,0.974,0.093,0.091,0.225,0.586,0.826,0.61,0.727,0.82,0.712,0.774,0.837,0.903,0.093,0.092,0.419,0.102,0.77,0.71,0.7,0.705,0.557,0.629,0.913,0.847,0.111,0.088,0.09,0.09,0.093,0.089,0.091,0.087,0.091,0.088,0.091,0.088,0.088
,12:04:16,45.9,0.09,0.089,0.088,0.092,0.089,0.088,0.088,0.089,0.092,0.091,0.089,0.089,0.09,0.1,0.12,0.151,0.081,0.115,0.139,0.103,0.099,0.106,0.167,0.088,0.091,0.11,0.092,0.163,0.097,0.102,0.123,0.096,0.098,0.126,0.117,0.087,0.09,0.121,0.103,0.092,0.113,0.112,0.104,0.107,0.101,0.107,0.105,0.088,0.09,0.739,0.758,0.737,0.089,0.762,0.55,0.758,0.589,0.103,0.975,0.092,0.091,0.225,0.585,0.826,0.611,0.726,0.82,0.712,0.772,0.836,0.901,0.093,0.092,0.422,0.102,0.771,0.709,0.698,0.705,0.555,0.631,0.913,0.846,0.111,0.087,0.089,0.09,0.093,0.088,0.091,0.087,0.091,0.087,0.09,0.088,0.088
,12:09:16,45.9,0.09,0.089,0.088,0.092,0.089,0.088,0.088,0.089,0.092,0.091,0.089,0.089,0.09,0.1,0.121,0.151,0.083,0.115,0.139,0.104,0.099,0.106,0.167,0.088,0.091,0.11,0.092,0.163,0.098,0.103,0.123,0.096,0.098,0.126,0.117,0.088,0.09,0.121,0.103,0.093,0.113,0.112,0.103,0.107,0.102,0.107,0.105,0.088,0.09,0.743,0.758,0.737,0.089,0.761,0.55,0.76,0.589,0.103,0.975,0.093,0.092,0.225,0.585,0.827,0.607,0.725,0.82,0.712,0.771,0.835,0.902,0.093,0.092,0.424,0.102,0.772,0.709,0.697,0.705,0.554,0.631,0.912,0.846,0.111,0.088,0.089,0.09,0.093,0.089,0.091,0.087,0.091,0.087,0.091,0.088,0.088
,12:14:16,46,0.09,0.089,0.088,0.092,0.089,0.088,0.088,0.089,0.092,0.091,0.089,0.089,0.09,0.1,0.12,0.151,0.082,0.115,0.138,0.103,0.1,0.106,0.167,0.088,0.091,0.11,0.092,0.164,0.098,0.103,0.123,0.096,0.098,0.126,0.117,0.088,0.09,0.121,0.103,0.093,0.113,0.112,0.104,0.107,0.101,0.107,0.105,0.088,0.09,0.743,0.758,0.737,0.089,0.759,0.551,0.766,0.592,0.103,0.975,0.092,0.091,0.222,0.584,0.826,0.605,0.725,0.82,0.712,0.772,0.835,0.901,0.093,0.092,0.427,0.102,0.771,0.709,0.695,0.705,0.551,0.63,0.912,0.847,0.11,0.088,0.089,0.09,0.093,0.089,0.091,0.087,0.091,0.087,0.091,0.088,0.088
,12:19:16,46,0.09,0.089,0.088,0.092,0.09,0.088,0.088,0.089,0.092,0.091,0.089,0.089,0.09,0.1,0.12,0.151,0.082,0.115,0.139,0.104,0.1,0.106,0.168,0.088,0.091,0.11,0.091,0.163,0.098,0.102,0.123,0.096,0.099,0.126,0.117,0.088,0.09,0.121,0.103,0.093,0.113,0.111,0.104,0.108,0.102,0.108,0.105,0.088,0.09,0.741,0.754,0.737,0.089,0.756,0.551,0.761,0.592,0.103,0.974,0.092,0.092,0.222,0.584,0.826,0.604,0.723,0.82,0.712,0.769,0.834,0.9,0.093,0.092,0.429,0.102,0.77,0.708,0.691,0.703,0.549,0.632,0.913,0.846,0.11,0.088,0.09,0.09,0.093,0.089,0.091,0.087,0.091,0.088,0.091,0.088,0.088
,12:24:16,46,0.09,0.089,0.088,0.092,0.09,0.088,0.088,0.089,0.092,0.091,0.089,0.089,0.09,0.1,0.12,0.151,0.082,0.115,0.139,0.104,0.1,0.106,0.168,0.088,0.091,0.11,0.092,0.163,0.097,0.102,0.123,0.096,0.098,0.126,0.117,0.088,0.09,0.121,0.103,0.093,0.113,0.111,0.104,0.107,0.102,0.107,0.105,0.088,0.09,0.742,0.755,0.737,0.089,0.757,0.551,0.761,0.591,0.103,0.975,0.093,0.092,0.222,0.583,0.827,0.602,0.723,0.821,0.713,0.769,0.833,0.901,0.093,0.092,0.43,0.102,0.771,0.708,0.688,0.704,0.547,0.633,0.912,0.845,0.109,0.088,0.09,0.09,0.093,0.089,0.091,0.087,0.091,0.088,0.091,0.088,0.088
,12:29:16,46,0.09,0.088,0.088,0.092,0.09,0.088,0.088,0.089,0.092,0.091,0.089,0.089,0.09,0.1,0.12,0.151,0.083,0.115,0.139,0.103,0.099,0.106,0.168,0.088,0.091,0.11,0.091,0.163,0.097,0.102,0.123,0.096,0.098,0.126,0.117,0.088,0.09,0.121,0.103,0.092,0.113,0.111,0.103,0.107,0.101,0.107,0.105,0.088,0.09,0.74,0.751,0.737,0.089,0.756,0.552,0.763,0.59,0.102,0.975,0.092,0.091,0.222,0.583,0.827,0.599,0.722,0.82,0.712,0.769,0.831,0.898,0.093,0.092,0.436,0.102,0.769,0.708,0.686,0.703,0.545,0.634,0.911,0.846,0.11,0.088,0.089,0.09,0.093,0.089,0.091,0.087,0.091,0.087,0.091,0.088,0.087
,12:34:16,46,0.09,0.089,0.088,0.092,0.089,0.088,0.088,0.089,0.092,0.09,0.089,0.089,0.09,0.099,0.12,0.151,0.083,0.115,0.139,0.103,0.1,0.106,0.169,0.088,0.091,0.11,0.092,0.163,0.097,0.102,0.123,0.096,0.098,0.126,0.117,0.088,0.09,0.121,0.103,0.092,0.112,0.111,0.103,0.107,0.101,0.107,0.105,0.088,0.09,0.739,0.751,0.737,0.089,0.755,0.551,0.762,0.595,0.102,0.975,0.092,0.091,0.221,0.583,0.826,0.599,0.72,0.82,0.712,0.768,0.832,0.898,0.093,0.092,0.436,0.102,0.772,0.708,0.684,0.703,0.544,0.636,0.912,0.846,0.11,0.088,0.089,0.09,0.093,0.088,0.091,0.087,0.091,0.087,0.09,0.088,0.087
,12:39:16,46,0.09,0.089,0.089,0.092,0.09,0.088,0.088,0.089,0.092,0.091,0.089,0.089,0.09,0.1,0.12,0.152,0.083,0.115,0.139,0.103,0.099,0.106,0.169,0.088,0.091,0.11,0.092,0.163,0.097,0.102,0.123,0.096,0.098,0.126,0.118,0.088,0.09,0.121,0.103,0.093,0.113,0.11,0.104,0.107,0.102,0.108,0.105,0.088,0.09,0.744,0.747,0.736,0.089,0.752,0.553,0.761,0.593,0.103,0.975,0.093,0.092,0.222,0.582,0.827,0.598,0.717,0.819,0.712,0.768,0.83,0.898,0.093,0.092,0.437,0.102,0.77,0.709,0.68,0.701,0.543,0.636,0.911,0.846,0.11,0.088,0.09,0.09,0.093,0.089,0.091,0.087,0.091,0.088,0.091,0.088,0.088
,12:44:16,46,0.09,0.089,0.088,0.092,0.09,0.088,0.088,0.089,0.092,0.091,0.089,0.089,0.09,0.1,0.12,0.152,0.082,0.115,0.139,0.104,0.1,0.107,0.169,0.088,0.091,0.11,0.092,0.163,0.097,0.102,0.123,0.096,0.099,0.126,0.117,0.088,0.09,0.121,0.103,0.092,0.113,0.11,0.104,0.107,0.102,0.107,0.105,0.088,0.09,0.743,0.746,0.737,0.089,0.752,0.552,0.759,0.596,0.103,0.975,0.093,0.092,0.22,0.581,0.826,0.597,0.717,0.82,0.712,0.767,0.83,0.898,0.093,0.092,0.439,0.102,0.769,0.707,0.678,0.702,0.54,0.638,0.912,0.846,0.109,0.088,0.09,0.09,0.092,0.089,0.091,0.088,0.091,0.088,0.091,0.088,0.088
,12:49:16,46,0.09,0.089,0.088,0.092,0.089,0.088,0.088,0.089,0.092,0.091,0.089,0.089,0.09,0.1,0.12,0.151,0.082,0.115,0.138,0.104,0.1,0.106,0.169,0.088,0.091,0.11,0.091,0.163,0.097,0.102,0.123,0.096,0.098,0.126,0.117,0.087,0.09,0.121,0.103,0.093,0.113,0.111,0.104,0.107,0.101,0.107,0.105,0.088,0.09,0.746,0.744,0.736,0.089,0.75,0.55,0.765,0.597,0.102,0.975,0.093,0.091,0.22,0.582,0.826,0.594,0.716,0.82,0.712,0.766,0.829,0.897,0.093,0.092,0.441,0.102,0.77,0.707,0.677,0.701,0.539,0.636,0.911,0.846,0.11,0.088,0.09,0.09,0.093,0.089,0.091,0.087,0.091,0.087,0.091,0.088,0.088
,12:54:16,46,0.09,0.089,0.088,0.091,0.089,0.088,0.088,0.089,0.092,0.091,0.089,0.089,0.09,0.099,0.12,0.151,0.082,0.115,0.138,0.103,0.099,0.106,0.169,0.088,0.09,0.11,0.091,0.163,0.097,0.102,0.123,0.096,0.098,0.126,0.117,0.087,0.09,0.121,0.103,0.093,0.112,0.11,0.103,0.107,0.101,0.107,0.105,0.088,0.09,0.743,0.743,0.736,0.088,0.75,0.551,0.764,0.594,0.102,0.976,0.092,0.091,0.219,0.58,0.826,0.59,0.713,0.82,0.712,0.765,0.827,0.896,0.093,0.091,0.442,0.102,0.77,0.706,0.673,0.7,0.538,0.637,0.911,0.846,0.11,0.087,0.089,0.09,0.093,0.088,0.091,0.087,0.091,0.087,0.091,0.088,0.088
,12:59:16,45.9,0.09,0.089,0.088,0.092,0.089,0.088,0.088,0.089,0.092,0.091,0.089,0.089,0.09,0.099,0.12,0.151,0.083,0.115,0.138,0.104,0.099,0.107,0.17,0.088,0.091,0.11,0.092,0.163,0.097,0.102,0.123,0.096,0.098,0.126,0.117,0.087,0.09,0.121,0.103,0.093,0.113,0.11,0.103,0.107,0.101,0.107,0.104,0.088,0.09,0.748,0.743,0.735,0.089,0.748,0.55,0.764,0.587,0.102,0.975,0.093,0.091,0.219,0.58,0.826,0.59,0.711,0.82,0.712,0.764,0.826,0.896,0.093,0.092,0.445,0.102,0.771,0.706,0.672,0.701,0.536,0.637,0.91,0.846,0.11,0.088,0.089,0.09,0.093,0.089,0.091,0.087,0.091,0.087,0.091,0.088,0.088
,13:04:16,46,0.09,0.089,0.088,0.092,0.09,0.088,0.088,0.089,0.092,0.091,0.089,0.089,0.09,0.099,0.12,0.151,0.082,0.115,0.139,0.104,0.099,0.107,0.17,0.089,0.091,0.11,0.091,0.163,0.096,0.102,0.123,0.096,0.098,0.126,0.117,0.088,0.09,0.121,0.103,0.093,0.112,0.11,0.103,0.107,0.101,0.107,0.105,0.088,0.09,0.747,0.74,0.735,0.089,0.746,0.551,0.762,0.596,0.102,0.976,0.093,0.092,0.218,0.58,0.825,0.596,0.709,0.821,0.712,0.763,0.826,0.895,0.093,0.092,0.447,0.102,0.77,0.707,0.67,0.698,0.535,0.637,0.911,0.845,0.109,0.088,0.089,0.09,0.093,0.089,0.091,0.087,0.091,0.087,0.091,0.088,0.088
,13:09:16,46,0.09,0.089,0.089,0.092,0.09,0.088,0.088,0.089,0.092,0.091,0.089,0.089,0.09,0.099,0.12,0.152,0.082,0.115,0.139,0.104,0.1,0.107,0.171,0.089,0.091,0.11,0.092,0.163,0.097,0.102,0.123,0.096,0.098,0.126,0.117,0.088,0.09,0.121,0.103,0.093,0.113,0.11,0.104,0.107,0.101,0.107,0.105,0.088,0.09,0.746,0.737,0.735,0.089,0.746,0.551,0.759,0.595,0.103,0.976,0.093,0.092,0.216,0.58,0.826,0.596,0.712,0.821,0.712,0.762,0.825,0.894,0.093,0.092,0.449,0.102,0.77,0.706,0.667,0.699,0.535,0.636,0.911,0.846,0.111,0.088,0.089,0.09,0.093,0.089,0.091,0.088,0.091,0.088,0.091,0.088,0.088
,13:14:16,46,0.09,0.089,0.088,0.092,0.089,0.088,0.088,0.089,0.092,0.091,0.089,0.089,0.09,0.099,0.12,0.151,0.082,0.115,0.138,0.103,0.099,0.106,0.17,0.088,0.091,0.11,0.091,0.163,0.097,0.102,0.123,0.096,0.098,0.126,0.117,0.087,0.09,0.121,0.103,0.092,0.112,0.109,0.103,0.107,0.101,0.107,0.105,0.088,0.09,0.743,0.738,0.734,0.089,0.744,0.551,0.76,0.596,0.102,0.976,0.092,0.092,0.216,0.579,0.824,0.596,0.71,0.819,0.712,0.761,0.824,0.892,0.093,0.092,0.449,0.102,0.769,0.706,0.665,0.698,0.532,0.636,0.91,0.845,0.109,0.088,0.089,0.09,0.093,0.089,0.091,0.087,0.091,0.088,0.091,0.088,0.088
,13:19:16,45.9,0.09,0.089,0.088,0.092,0.089,0.088,0.088,0.089,0.092,0.091,0.089,0.089,0.09,0.099,0.12,0.151,0.082,0.114,0.138,0.103,0.099,0.107,0.171,0.088,0.091,0.11,0.091,0.163,0.096,0.102,0.123,0.096,0.098,0.126,0.117,0.088,0.09,0.121,0.103,0.092,0.112,0.109,0.103,0.107,0.101,0.107,0.105,0.088,0.09,0.746,0.735,0.733,0.089,0.742,0.551,0.76,0.595,0.102,0.976,0.092,0.091,0.216,0.579,0.825,0.594,0.708,0.82,0.712,0.76,0.823,0.892,0.093,0.092,0.45,0.102,0.769,0.707,0.663,0.697,0.532,0.636,0.911,0.845,0.109,0.087,0.089,0.09,0.093,0.089,0.091,0.087,0.091,0.087,0.091,0.088,0.088
,13:24:16,46,0.09,0.089,0.088,0.092,0.089,0.088,0.088,0.089,0.092,0.091,0.089,0.089,0.09,0.099,0.12,0.151,0.082,0.114,0.138,0.104,0.1,0.106,0.171,0.088,0.091,0.11,0.092,0.163,0.096,0.102,0.123,0.096,0.098,0.126,0.117,0.087,0.09,0.121,0.102,0.092,0.112,0.109,0.103,0.107,0.101,0.107,0.104,0.088,0.09,0.745,0.734,0.734,0.089,0.741,0.55,0.759,0.595,0.102,0.976,0.092,0.092,0.216,0.579,0.825,0.594,0.708,0.82,0.712,0.76,0.823,0.892,0.093,0.092,0.45,0.102,0.768,0.705,0.661,0.697,0.533,0.635,0.91,0.845,0.108,0.087,0.089,0.09,0.093,0.089,0.091,0.087,0.091,0.087,0.091,0.088,0.088
,13:29:16,46,0.09,0.089,0.088,0.092,0.089,0.088,0.088,0.089,0.092,0.091,0.089,0.089,0.09,0.099,0.12,0.151,0.082,0.114,0.138,0.104,0.099,0.107,0.171,0.088,0.091,0.11,0.092,0.163,0.096,0.102,0.123,0.096,0.098,0.126,0.117,0.088,0.09,0.121,0.103,0.092,0.112,0.109,0.103,0.107,0.101,0.107,0.105,0.088,0.09,0.749,0.732,0.734,0.089,0.739,0.55,0.758,0.597,0.102,0.976,0.092,0.092,0.214,0.578,0.824,0.593,0.707,0.82,0.712,0.76,0.821,0.892,0.093,0.092,0.454,0.102,0.769,0.706,0.657,0.697,0.526,0.633,0.91,0.845,0.109,0.088,0.089,0.09,0.093,0.089,0.091,0.087,0.091,0.088,0.091,0.088,0.088
,13:34:16,46.1,0.09,0.089,0.088,0.092,0.089,0.088,0.088,0.089,0.092,0.091,0.089,0.089,0.09,0.099,0.12,0.151,0.082,0.114,0.138,0.104,0.099,0.106,0.171,0.088,0.091,0.11,0.091,0.163,0.096,0.101,0.122,0.096,0.098,0.126,0.117,0.088,0.09,0.121,0.102,0.092,0.112,0.108,0.103,0.107,0.101,0.107,0.105,0.087,0.09,0.751,0.732,0.733,0.089,0.739,0.548,0.754,0.596,0.102,0.977,0.093,0.092,0.214,0.577,0.825,0.591,0.704,0.82,0.712,0.759,0.82,0.891,0.093,0.092,0.455,0.102,0.766,0.705,0.656,0.696,0.527,0.634,0.911,0.845,0.106,0.088,0.089,0.09,0.093,0.089,0.091,0.087,0.091,0.087,0.091,0.088,0.087
,13:39:16,46,0.09,0.089,0.088,0.092,0.09,0.088,0.088,0.089,0.092,0.091,0.089,0.089,0.09,0.099,0.12,0.151,0.083,0.114,0.139,0.103,0.1,0.107,0.172,0.088,0.091,0.11,0.092,0.163,0.096,0.102,0.123,0.096,0.098,0.126,0.117,0.088,0.09,0.121,0.103,0.093,0.112,0.109,0.103,0.107,0.102,0.107,0.105,0.088,0.09,0.744,0.731,0.732,0.089,0.738,0.55,0.761,0.597,0.103,0.977,0.093,0.092,0.214,0.576,0.825,0.597,0.705,0.821,0.713,0.758,0.818,0.891,0.093,0.092,0.455,0.102,0.769,0.704,0.654,0.696,0.527,0.633,0.91,0.846,0.107,0.088,0.089,0.09,0.093,0.089,0.091,0.087,0.091,0.088,0.091,0.088,0.088
,13:44:16,46,0.09,0.089,0.088,0.092,0.089,0.088,0.088,0.089,0.092,0.091,0.089,0.089,0.09,0.098,0.12,0.151,0.081,0.114,0.138,0.103,0.099,0.106,0.172,0.088,0.091,0.11,0.091,0.163,0.096,0.101,0.123,0.096,0.098,0.125,0.117,0.087,0.09,0.121,0.102,0.092,0.112,0.108,0.103,0.107,0.101,0.107,0.104,0.088,0.09,0.748,0.729,0.731,0.089,0.736,0.548,0.762,0.601,0.102,0.977,0.092,0.091,0.212,0.576,0.825,0.596,0.704,0.821,0.714,0.756,0.818,0.889,0.093,0.092,0.455,0.102,0.768,0.705,0.649,0.693,0.522,0.632,0.909,0.845,0.11,0.087,0.089,0.09,0.093,0.088,0.091,0.087,0.091,0.087,0.091,0.088,0.088
,13:49:16,46,0.09,0.089,0.088,0.092,0.089,0.088,0.088,0.089,0.092,0.091,0.089,0.089,0.09,0.099,0.12,0.151,0.082,0.114,0.138,0.103,0.099,0.106,0.172,0.088,0.091,0.11,0.091,0.163,0.096,0.101,0.123,0.096,0.098,0.126,0.117,0.088,0.09,0.121,0.102,0.092,0.112,0.108,0.103,0.107,0.101,0.107,0.105,0.088,0.09,0.748,0.727,0.731,0.089,0.734,0.548,0.759,0.599,0.102,0.976,0.093,0.092,0.213,0.575,0.825,0.594,0.706,0.82,0.713,0.756,0.817,0.889,0.093,0.092,0.452,0.102,0.765,0.705,0.648,0.694,0.523,0.632,0.91,0.845,0.11,0.087,0.089,0.09,0.093,0.089,0.091,0.087,0.091,0.087,0.091,0.088,0.088
,13:54:16,46,0.09,0.089,0.088,0.092,0.09,0.088,0.088,0.089,0.092,0.091,0.089,0.089,0.09,0.098,0.12,0.151,0.082,0.114,0.138,0.104,0.099,0.107,0.172,0.088,0.091,0.11,0.091,0.163,0.096,0.101,0.123,0.096,0.098,0.125,0.117,0.088,0.09,0.121,0.102,0.092,0.112,0.108,0.103,0.107,0.101,0.107,0.105,0.088,0.09,0.747,0.725,0.731,0.089,0.733,0.548,0.761,0.598,0.102,0.978,0.092,0.091,0.213,0.574,0.824,0.593,0.706,0.821,0.714,0.755,0.816,0.888,0.093,0.092,0.455,0.102,0.765,0.704,0.646,0.693,0.52,0.631,0.91,0.844,0.11,0.087,0.089,0.09,0.093,0.089,0.091,0.087,0.091,0.087,0.091,0.088,0.088
,13:59:16,45.9,0.09,0.089,0.088,0.092,0.089,0.088,0.088,0.089,0.092,0.091,0.089,0.088,0.09,0.099,0.12,0.151,0.081,0.114,0.138,0.104,0.1,0.107,0.172,0.088,0.091,0.11,0.091,0.163,0.096,0.101,0.123,0.096,0.098,0.126,0.117,0.088,0.09,0.121,0.102,0.093,0.112,0.108,0.103,0.107,0.101,0.107,0.105,0.088,0.09,0.749,0.723,0.731,0.089,0.734,0.55,0.756,0.599,0.102,0.978,0.092,0.092,0.212,0.575,0.824,0.591,0.706,0.821,0.714,0.755,0.815,0.888,0.093,0.092,0.454,0.102,0.766,0.703,0.644,0.692,0.521,0.632,0.91,0.845,0.109,0.087,0.089,0.09,0.093,0.089,0.091,0.087,0.091,0.088,0.091,0.088,0.087
,14:04:16,46,0.09,0.089,0.089,0.092,0.09,0.088,0.088,0.089,0.092,0.091,0.089,0.088,0.09,0.099,0.12,0.151,0.082,0.114,0.138,0.104,0.099,0.106,0.173,0.088,0.091,0.11,0.091,0.163,0.096,0.101,0.123,0.096,0.098,0.126,0.116,0.088,0.09,0.121,0.103,0.092,0.112,0.108,0.103,0.107,0.102,0.107,0.105,0.088,0.09,0.748,0.723,0.731,0.089,0.732,0.547,0.761,0.598,0.102,0.978,0.093,0.092,0.212,0.574,0.824,0.589,0.708,0.822,0.713,0.754,0.814,0.888,0.093,0.092,0.455,0.102,0.765,0.703,0.64,0.692,0.519,0.631,0.91,0.845,0.108,0.088,0.09,0.09,0.093,0.088,0.091,0.087,0.091,0.087,0.091,0.088,0.088
,14:09:16,46,0.09,0.089,0.088,0.092,0.089,0.088,0.088,0.089,0.092,0.091,0.089,0.089,0.09,0.099,0.12,0.151,0.082,0.114,0.138,0.103,0.099,0.106,0.173,0.088,0.091,0.11,0.091,0.163,0.096,0.101,0.123,0.096,0.097,0.125,0.117,0.088,0.09,0.121,0.102,0.093,0.112,0.107,0.103,0.107,0.101,0.107,0.105,0.088,0.09,0.752,0.722,0.73,0.089,0.731,0.547,0.757,0.601,0.102,0.978,0.092,0.092,0.212,0.574,0.824,0.587,0.707,0.821,0.714,0.753,0.813,0.886,0.093,0.092,0.455,0.102,0.766,0.704,0.639,0.69,0.518,0.63,0.909,0.846,0.109,0.087,0.09,0.09,0.093,0.089,0.091,0.087,0.091,0.088,0.091,0.088,0.087
,14:14:16,46,0.09,0.089,0.088,0.092,0.09,0.088,0.088,0.089,0.092,0.091,0.089,0.089,0.09,0.098,0.119,0.151,0.082,0.114,0.138,0.104,0.099,0.107,0.173,0.088,0.091,0.11,0.092,0.162,0.096,0.101,0.122,0.096,0.098,0.125,0.117,0.088,0.09,0.121,0.102,0.092,0.112,0.107,0.103,0.107,0.101,0.107,0.105,0.088,0.09,0.754,0.718,0.73,0.089,0.727,0.544,0.758,0.599,0.102,0.978,0.092,0.092,0.212,0.572,0.824,0.589,0.709,0.822,0.715,0.753,0.812,0.885,0.093,0.092,0.458,0.102,0.765,0.703,0.636,0.69,0.515,0.63,0.91,0.844,0.108,0.088,0.089,0.09,0.093,0.089,0.091,0.087,0.091,0.087,0.091,0.088,0.087
,14:19:16,46,0.09,0.089,0.088,0.092,0.089,0.088,0.088,0.089,0.092,0.091,0.089,0.089,0.09,0.098,0.12,0.151,0.081,0.114,0.138,0.103,0.099,0.106,0.173,0.088,0.091,0.11,0.092,0.163,0.096,0.101,0.122,0.096,0.098,0.126,0.117,0.087,0.09,0.121,0.102,0.092,0.112,0.107,0.103,0.107,0.101,0.107,0.104,0.087,0.09,0.746,0.719,0.729,0.089,0.727,0.544,0.755,0.594,0.102,0.978,0.092,0.092,0.211,0.573,0.824,0.587,0.706,0.821,0.715,0.752,0.81,0.885,0.093,0.092,0.455,0.102,0.765,0.702,0.633,0.689,0.515,0.629,0.909,0.845,0.108,0.088,0.089,0.09,0.093,0.089,0.091,0.087,0.091,0.087,0.091,0.088,0.087
,14:24:16,46,0.09,0.089,0.089,0.092,0.089,0.088,0.088,0.089,0.092,0.091,0.089,0.089,0.09,0.099,0.12,0.152,0.082,0.114,0.138,0.104,0.099,0.107,0.174,0.088,0.091,0.11,0.092,0.163,0.096,0.101,0.123,0.096,0.098,0.126,0.117,0.088,0.09,0.121,0.102,0.093,0.112,0.107,0.103,0.107,0.101,0.107,0.105,0.088,0.09,0.749,0.717,0.73,0.089,0.727,0.547,0.752,0.597,0.102,0.979,0.093,0.092,0.212,0.572,0.823,0.591,0.71,0.821,0.716,0.75,0.809,0.885,0.093,0.092,0.456,0.102,0.765,0.702,0.631,0.688,0.514,0.628,0.909,0.846,0.109,0.088,0.089,0.09,0.093,0.089,0.091,0.088,0.091,0.088,0.091,0.088,0.088
,14:29:16,46,0.09,0.089,0.089,0.092,0.09,0.088,0.088,0.089,0.092,0.091,0.089,0.089,0.09,0.098,0.12,0.151,0.081,0.114,0.138,0.104,0.099,0.107,0.173,0.088,0.091,0.11,0.091,0.163,0.095,0.101,0.122,0.096,0.098,0.125,0.117,0.088,0.09,0.121,0.102,0.092,0.112,0.107,0.103,0.107,0.101,0.107,0.105,0.088,0.09,0.749,0.714,0.729,0.089,0.726,0.544,0.753,0.599,0.102,0.978,0.092,0.092,0.211,0.572,0.824,0.598,0.707,0.821,0.716,0.749,0.807,0.884,0.093,0.092,0.455,0.102,0.764,0.702,0.627,0.688,0.513,0.629,0.909,0.846,0.109,0.088,0.09,0.09,0.093,0.089,0.091,0.087,0.091,0.088,0.091,0.088,0.088
,14:34:16,46,0.09,0.089,0.089,0.092,0.089,0.088,0.088,0.089,0.092,0.091,0.089,0.089,0.09,0.098,0.12,0.151,0.081,0.114,0.138,0.104,0.099,0.107,0.174,0.088,0.091,0.11,0.091,0.163,0.096,0.101,0.122,0.096,0.098,0.125,0.117,0.088,0.09,0.121,0.102,0.093,0.112,0.107,0.103,0.107,0.102,0.107,0.105,0.088,0.09,0.751,0.712,0.729,0.089,0.725,0.546,0.753,0.604,0.102,0.979,0.092,0.092,0.211,0.572,0.823,0.599,0.708,0.822,0.716,0.749,0.808,0.883,0.093,0.092,0.457,0.102,0.764,0.702,0.627,0.689,0.513,0.626,0.909,0.846,0.108,0.088,0.09,0.09,0.093,0.089,0.091,0.087,0.091,0.088,0.091,0.088,0.087
,14:39:16,46,0.09,0.089,0.088,0.092,0.09,0.088,0.088,0.089,0.092,0.091,0.089,0.089,0.09,0.098,0.12,0.151,0.081,0.113,0.138,0.104,0.099,0.106,0.174,0.088,0.091,0.11,0.091,0.163,0.095,0.1,0.122,0.096,0.098,0.126,0.118,0.088,0.09,0.121,0.102,0.092,0.112,0.106,0.103,0.107,0.101,0.107,0.105,0.088,0.09,0.748,0.711,0.729,0.089,0.722,0.546,0.757,0.597,0.102,0.979,0.092,0.092,0.21,0.57,0.824,0.601,0.706,0.821,0.716,0.748,0.806,0.882,0.093,0.092,0.457,0.102,0.764,0.701,0.624,0.686,0.511,0.624,0.909,0.845,0.107,0.088,0.09,0.09,0.093,0.089,0.091,0.087,0.091,0.088,0.091,0.088,0.087
,14:44:16,46,0.09,0.089,0.088,0.092,0.089,0.088,0.088,0.089,0.092,0.091,0.089,0.088,0.09,0.098,0.119,0.151,0.081,0.113,0.137,0.103,0.099,0.107,0.174,0.088,0.091,0.109,0.091,0.162,0.095,0.1,0.122,0.095,0.097,0.125,0.117,0.087,0.09,0.121,0.102,0.092,0.112,0.106,0.103,0.107,0.101,0.107,0.104,0.087,0.09,0.75,0.71,0.728,0.088,0.72,0.544,0.758,0.6,0.102,0.978,0.092,0.091,0.209,0.57,0.823,0.596,0.704,0.821,0.717,0.747,0.802,0.881,0.093,0.092,0.457,0.102,0.764,0.701,0.623,0.685,0.51,0.626,0.909,0.846,0.108,0.088,0.089,0.09,0.093,0.089,0.091,0.087,0.091,0.087,0.09,0.088,0.087
,14:49:16,46,0.09,0.089,0.088,0.092,0.089,0.088,0.088,0.089,0.092,0.091,0.089,0.089,0.09,0.098,0.119,0.151,0.081,0.113,0.138,0.104,0.099,0.106,0.174,0.088,0.091,0.11,0.092,0.163,0.095,0.101,0.122,0.096,0.098,0.125,0.117,0.088,0.09,0.121,0.102,0.092,0.112,0.106,0.103,0.107,0.101,0.107,0.104,0.088,0.09,0.751,0.708,0.728,0.089,0.719,0.544,0.755,0.598,0.102,0.98,0.092,0.092,0.21,0.569,0.823,0.594,0.704,0.82,0.717,0.747,0.802,0.881,0.093,0.092,0.458,0.102,0.764,0.701,0.621,0.683,0.508,0.624,0.909,0.846,0.108,0.088,0.09,0.09,0.093,0.089,0.091,0.087,0.091,0.087,0.091,0.088,0.087
,14:54:16,46,0.09,0.089,0.088,0.092,0.089,0.088,0.088,0.089,0.092,0.091,0.089,0.089,0.09,0.098,0.119,0.151,0.081,0.113,0.138,0.103,0.099,0.107,0.174,0.088,0.09,0.109,0.091,0.163,0.095,0.1,0.122,0.096,0.097,0.125,0.117,0.088,0.09,0.121,0.102,0.092,0.112,0.106,0.103,0.107,0.101,0.107,0.105,0.087,0.09,0.746,0.706,0.728,0.089,0.719,0.542,0.753,0.599,0.102,0.979,0.092,0.092,0.209,0.569,0.823,0.594,0.705,0.822,0.717,0.745,0.8,0.88,0.093,0.092,0.455,0.102,0.763,0.701,0.619,0.683,0.507,0.623,0.909,0.845,0.107,0.087,0.089,0.09,0.093,0.089,0.091,0.087,0.091,0.087,0.091,0.088,0.087
,14:59:16,46,0.09,0.089,0.088,0.092,0.089,0.088,0.088,0.089,0.092,0.091,0.089,0.088,0.09,0.098,0.119,0.151,0.082,0.113,0.137,0.103,0.099,0.106,0.175,0.088,0.091,0.11,0.091,0.163,0.095,0.1,0.122,0.096,0.098,0.125,0.118,0.088,0.09,0.121,0.102,0.092,0.112,0.106,0.103,0.107,0.101,0.107,0.104,0.088,0.09,0.75,0.707,0.728,0.089,0.718,0.542,0.758,0.594,0.102,0.979,0.092,0.091,0.209,0.568,0.823,0.591,0.703,0.821,0.718,0.745,0.8,0.879,0.093,0.092,0.457,0.102,0.763,0.702,0.615,0.682,0.506,0.623,0.908,0.846,0.108,0.087,0.089,0.09,0.093,0.089,0.091,0.087,0.091,0.087,0.091,0.088,0.087
,15:04:16,46,0.09,0.089,0.088,0.092,0.089,0.088,0.088,0.089,0.092,0.091,0.089,0.088,0.09,0.098,0.119,0.151,0.081,0.113,0.138,0.103,0.099,0.106,0.174,0.088,0.091,0.11,0.091,0.163,0.095,0.1,0.122,0.096,0.098,0.125,0.117,0.088,0.089,0.121,0.102,0.092,0.112,0.106,0.103,0.107,0.101,0.107,0.104,0.088,0.09,0.75,0.705,0.728,0.089,0.716,0.541,0.751,0.604,0.102,0.979,0.092,0.092,0.207,0.569,0.824,0.589,0.701,0.821,0.718,0.743,0.799,0.879,0.093,0.092,0.455,0.102,0.761,0.7,0.612,0.68,0.505,0.62,0.909,0.846,0.107,0.087,0.089,0.09,0.093,0.088,0.091,0.087,0.091,0.087,0.091,0.088,0.087
,15:09:16,46,0.09,0.089,0.088,0.092,0.089,0.087,0.088,0.089,0.092,0.091,0.089,0.088,0.09,0.098,0.119,0.151,0.081,0.113,0.137,0.103,0.099,0.106,0.175,0.088,0.091,0.109,0.092,0.162,0.095,0.1,0.122,0.095,0.097,0.125,0.116,0.087,0.089,0.121,0.102,0.092,0.112,0.105,0.102,0.107,0.101,0.107,0.104,0.087,0.09,0.75,0.703,0.727,0.088,0.716,0.541,0.753,0.597,0.102,0.979,0.092,0.091,0.207,0.568,0.823,0.59,0.7,0.822,0.718,0.742,0.798,0.877,0.093,0.091,0.457,0.102,0.761,0.7,0.61,0.678,0.504,0.621,0.908,0.846,0.107,0.087,0.089,0.09,0.092,0.088,0.091,0.087,0.091,0.087,0.09,0.088,0.087
,15:14:16,45.9,0.09,0.089,0.089,0.092,0.089,0.088,0.088,0.089,0.092,0.091,0.089,0.089,0.09,0.098,0.119,0.152,0.081,0.113,0.138,0.104,0.099,0.107,0.175,0.088,0.091,0.11,0.091,0.163,0.095,0.1,0.122,0.096,0.098,0.125,0.117,0.088,0.09,0.121,0.102,0.093,0.112,0.105,0.103,0.107,0.101,0.107,0.105,0.087,0.09,0.749,0.702,0.728,0.089,0.714,0.541,0.754,0.601,0.102,0.98,0.093,0.092,0.206,0.567,0.823,0.589,0.699,0.822,0.719,0.742,0.797,0.879,0.093,0.092,0.456,0.102,0.76,0.699,0.609,0.678,0.503,0.62,0.908,0.846,0.108,0.088,0.09,0.09,0.093,0.089,0.091,0.087,0.091,0.087,0.091,0.088,0.088
,15:19:16,46,0.09,0.089,0.088,0.092,0.089,0.088,0.088,0.089,0.092,0.091,0.089,0.088,0.09,0.098,0.119,0.151,0.082,0.113,0.138,0.103,0.099,0.107,0.176,0.088,0.091,0.109,0.091,0.163,0.095,0.1,0.122,0.096,0.097,0.125,0.117,0.088,0.09,0.121,0.102,0.093,0.112,0.105,0.103,0.107,0.101,0.107,0.105,0.088,0.09,0.749,0.701,0.727,0.089,0.712,0.539,0.75,0.594,0.102,0.979,0.092,0.092,0.207,0.567,0.822,0.587,0.698,0.822,0.719,0.741,0.795,0.878,0.093,0.092,0.457,0.102,0.762,0.699,0.607,0.678,0.501,0.619,0.907,0.846,0.108,0.087,0.089,0.09,0.093,0.089,0.091,0.087,0.091,0.087,0.091,0.088,0.087
,15:24:16,45.9,0.09,0.089,0.089,0.092,0.09,0.088,0.088,0.089,0.092,0.091,0.089,0.088,0.09,0.098,0.119,0.151,0.081,0.113,0.137,0.103,0.099,0.107,0.175,0.088,0.091,0.109,0.091,0.163,0.095,0.1,0.122,0.096,0.098,0.125,0.117,0.088,0.09,0.121,0.102,0.092,0.112,0.105,0.103,0.107,0.102,0.107,0.104,0.088,0.09,0.751,0.699,0.728,0.089,0.712,0.541,0.751,0.602,0.102,0.98,0.092,0.092,0.206,0.566,0.822,0.586,0.695,0.822,0.719,0.741,0.793,0.877,0.093,0.092,0.457,0.102,0.759,0.7,0.606,0.677,0.501,0.619,0.908,0.847,0.108,0.087,0.089,0.09,0.093,0.089,0.091,0.088,0.091,0.088,0.091,0.088,0.087
,15:29:16,46,0.09,0.089,0.088,0.092,0.089,0.088,0.088,0.089,0.092,0.091,0.089,0.088,0.09,0.098,0.119,0.151,0.081,0.113,0.137,0.103,0.099,0.107,0.176,0.088,0.091,0.109,0.091,0.163,0.094,0.1,0.122,0.095,0.097,0.125,0.117,0.087,0.09,0.121,0.102,0.092,0.112,0.105,0.103,0.107,0.101,0.107,0.104,0.087,0.09,0.748,0.697,0.726,0.089,0.711,0.539,0.754,0.601,0.102,0.98,0.092,0.092,0.205,0.566,0.823,0.584,0.695,0.821,0.719,0.739,0.793,0.877,0.093,0.092,0.458,0.102,0.76,0.699,0.602,0.674,0.5,0.619,0.908,0.846,0.108,0.087,0.089,0.09,0.093,0.089,0.091,0.087,0.091,0.087,0.091,0.088,0.087
,15:34:16,46,0.09,0.089,0.088,0.092,0.089,0.088,0.088,0.089,0.092,0.091,0.089,0.088,0.09,0.098,0.119,0.151,0.081,0.112,0.138,0.103,0.099,0.107,0.176,0.088,0.091,0.109,0.091,0.163,0.094,0.1,0.122,0.095,0.097,0.125,0.117,0.088,0.09,0.121,0.102,0.093,0.112,0.105,0.103,0.107,0.101,0.107,0.104,0.088,0.09,0.748,0.696,0.727,0.089,0.709,0.54,0.756,0.597,0.102,0.98,0.092,0.091,0.203,0.566,0.822,0.581,0.692,0.822,0.719,0.739,0.791,0.876,0.093,0.092,0.455,0.103,0.757,0.698,0.598,0.672,0.499,0.617,0.907,0.847,0.109,0.088,0.09,0.09,0.093,0.089,0.091,0.087,0.091,0.088,0.091,0.088,0.087
,15:39:16,45.9,0.09,0.089,0.088,0.092,0.089,0.088,0.088,0.089,0.092,0.09,0.089,0.088,0.09,0.097,0.119,0.151,0.081,0.113,0.137,0.103,0.099,0.107,0.175,0.088,0.09,0.109,0.091,0.162,0.094,0.099,0.121,0.095,0.097,0.125,0.117,0.087,0.089,0.12,0.102,0.092,0.112,0.104,0.103,0.107,0.101,0.106,0.104,0.087,0.09,0.748,0.694,0.727,0.088,0.709,0.538,0.752,0.601,0.102,0.98,0.092,0.091,0.203,0.564,0.821,0.578,0.692,0.821,0.719,0.737,0.791,0.875,0.093,0.091,0.456,0.103,0.758,0.698,0.597,0.673,0.498,0.616,0.908,0.847,0.11,0.087,0.089,0.09,0.093,0.088,0.091,0.087,0.091,0.087,0.09,0.088,0.087
,15:44:16,46,0.09,0.089,0.088,0.092,0.089,0.088,0.088,0.089,0.092,0.091,0.089,0.088,0.09,0.097,0.119,0.151,0.081,0.112,0.137,0.103,0.099,0.107,0.176,0.088,0.09,0.11,0.091,0.163,0.094,0.1,0.122,0.096,0.097,0.125,0.117,0.088,0.09,0.121,0.102,0.092,0.112,0.104,0.103,0.107,0.101,0.107,0.104,0.087,0.09,0.747,0.693,0.727,0.089,0.707,0.538,0.755,0.598,0.102,0.981,0.092,0.092,0.204,0.564,0.821,0.576,0.69,0.821,0.72,0.737,0.788,0.873,0.093,0.092,0.456,0.103,0.757,0.698,0.594,0.671,0.496,0.615,0.908,0.846,0.109,0.088,0.089,0.09,0.093,0.089,0.091,0.087,0.091,0.087,0.09,0.088,0.087
,15:49:16,46,0.09,0.089,0.088,0.092,0.09,0.088,0.088,0.089,0.092,0.091,0.089,0.088,0.09,0.098,0.119,0.151,0.081,0.112,0.138,0.104,0.099,0.107,0.176,0.088,0.091,0.11,0.091,0.163,0.094,0.1,0.121,0.096,0.098,0.125,0.117,0.088,0.09,0.121,0.102,0.093,0.112,0.105,0.103,0.107,0.101,0.107,0.104,0.088,0.09,0.748,0.691,0.729,0.089,0.706,0.538,0.75,0.601,0.102,0.98,0.092,0.092,0.204,0.564,0.821,0.573,0.688,0.822,0.72,0.736,0.788,0.872,0.093,0.092,0.456,0.103,0.758,0.698,0.594,0.67,0.495,0.614,0.907,0.847,0.109,0.088,0.09,0.09,0.093,0.089,0.091,0.088,0.091,0.088,0.091,0.088,0.087
,15:54:16,46,0.09,0.089,0.088,0.092,0.089,0.088,0.088,0.089,0.092,0.091,0.089,0.089,0.09,0.097,0.119,0.151,0.081,0.112,0.137,0.104,0.099,0.106,0.176,0.088,0.091,0.109,0.091,0.163,0.094,0.1,0.122,0.095,0.097,0.125,0.117,0.087,0.09,0.121,0.102,0.092,0.112,0.104,0.103,0.107,0.101,0.107,0.105,0.088,0.09,0.747,0.689,0.729,0.089,0.705,0.536,0.75,0.602,0.102,0.98,0.092,0.092,0.203,0.563,0.82,0.57,0.686,0.822,0.72,0.735,0.785,0.874,0.093,0.092,0.454,0.103,0.756,0.698,0.592,0.667,0.494,0.614,0.907,0.847,0.107,0.087,0.089,0.09,0.093,0.089,0.091,0.087,0.091,0.087,0.091,0.088,0.087
,15:59:16,46,0.09,0.089,0.089,0.092,0.089,0.088,0.088,0.089,0.092,0.091,0.089,0.089,0.09,0.097,0.119,0.151,0.081,0.112,0.137,0.103,0.099,0.107,0.176,0.088,0.091,0.11,0.091,0.163,0.094,0.1,0.122,0.095,0.097,0.125,0.117,0.088,0.09,0.121,0.102,0.093,0.112,0.104,0.103,0.107,0.101,0.107,0.105,0.088,0.09,0.75,0.688,0.727,0.089,0.703,0.536,0.748,0.598,0.102,0.981,0.092,0.092,0.202,0.564,0.821,0.576,0.683,0.822,0.72,0.735,0.784,0.872,0.093,0.092,0.452,0.103,0.757,0.697,0.589,0.668,0.494,0.616,0.907,0.848,0.108,0.088,0.09,0.09,0.093,0.089,0.091,0.087,0.091,0.088,0.091,0.088,0.087
,16:04:16,46,0.09,0.089,0.088,0.092,0.089,0.088,0.088,0.089,0.092,0.091,0.089,0.088,0.09,0.097,0.119,0.151,0.081,0.112,0.137,0.103,0.099,0.107,0.176,0.088,0.091,0.109,0.091,0.163,0.094,0.099,0.121,0.095,0.098,0.125,0.117,0.087,0.09,0.121,0.102,0.092,0.112,0.104,0.103,0.107,0.101,0.107,0.104,0.088,0.09,0.748,0.689,0.729,0.089,0.702,0.536,0.754,0.599,0.102,0.981,0.092,0.091,0.203,0.563,0.821,0.572,0.682,0.821,0.72,0.733,0.783,0.871,0.093,0.092,0.455,0.103,0.755,0.697,0.586,0.665,0.491,0.614,0.907,0.848,0.109,0.088,0.089,0.09,0.093,0.089,0.091,0.087,0.091,0.088,0.091,0.088,0.087
,16:09:16,45.9,0.09,0.089,0.088,0.092,0.089,0.088,0.088,0.089,0.092,0.091,0.089,0.088,0.09,0.097,0.119,0.151,0.081,0.112,0.137,0.103,0.099,0.107,0.176,0.088,0.091,0.109,0.091,0.163,0.094,0.099,0.121,0.095,0.097,0.124,0.117,0.087,0.09,0.121,0.102,0.092,0.112,0.104,0.103,0.106,0.101,0.107,0.104,0.088,0.09,0.747,0.684,0.728,0.089,0.701,0.535,0.749,0.603,0.102,0.98,0.092,0.091,0.201,0.564,0.82,0.57,0.681,0.821,0.721,0.732,0.781,0.871,0.093,0.092,0.454,0.103,0.755,0.696,0.586,0.665,0.491,0.614,0.906,0.847,0.109,0.087,0.089,0.09,0.093,0.089,0.091,0.087,0.091,0.087,0.091,0.088,0.087
,16:14:16,46,0.09,0.089,0.088,0.092,0.089,0.088,0.088,0.089,0.092,0.091,0.089,0.088,0.09,0.097,0.119,0.151,0.081,0.112,0.137,0.103,0.099,0.107,0.177,0.088,0.091,0.109,0.091,0.162,0.094,0.099,0.121,0.095,0.097,0.124,0.117,0.087,0.09,0.121,0.102,0.092,0.112,0.104,0.103,0.107,0.101,0.107,0.104,0.088,0.09,0.747,0.684,0.728,0.089,0.7,0.534,0.751,0.596,0.102,0.98,0.092,0.092,0.201,0.562,0.821,0.568,0.679,0.822,0.721,0.731,0.781,0.869,0.093,0.092,0.458,0.103,0.756,0.696,0.585,0.663,0.491,0.61,0.907,0.848,0.108,0.087,0.089,0.09,0.093,0.089,0.091,0.087,0.091,0.087,0.091,0.088,0.087
,16:19:16,45.9,0.09,0.089,0.088,0.092,0.089,0.088,0.088,0.089,0.092,0.091,0.089,0.088,0.09,0.097,0.119,0.151,0.081,0.112,0.137,0.103,0.099,0.107,0.177,0.088,0.091,0.109,0.091,0.163,0.094,0.099,0.121,0.095,0.097,0.124,0.117,0.088,0.09,0.121,0.102,0.092,0.112,0.104,0.103,0.107,0.101,0.107,0.104,0.088,0.09,0.749,0.683,0.729,0.089,0.7,0.535,0.748,0.604,0.102,0.981,0.092,0.092,0.202,0.562,0.82,0.568,0.679,0.821,0.721,0.73,0.779,0.87,0.093,0.092,0.453,0.103,0.755,0.695,0.582,0.662,0.489,0.61,0.906,0.849,0.108,0.088,0.089,0.09,0.093,0.089,0.091,0.087,0.091,0.088,0.091,0.088,0.087
,16:24:16,45.9,0.09,0.089,0.088,0.092,0.089,0.087,0.088,0.089,0.092,0.09,0.089,0.088,0.09,0.097,0.119,0.151,0.081,0.112,0.137,0.103,0.099,0.107,0.177,0.088,0.091,0.109,0.091,0.162,0.094,0.099,0.121,0.095,0.097,0.125,0.117,0.087,0.09,0.121,0.102,0.092,0.111,0.103,0.103,0.106,0.101,0.106,0.104,0.087,0.09,0.747,0.681,0.729,0.089,0.697,0.533,0.746,0.602,0.102,0.98,0.092,0.091,0.199,0.562,0.82,0.565,0.676,0.822,0.721,0.73,0.779,0.868,0.093,0.092,0.457,0.103,0.754,0.695,0.58,0.661,0.488,0.608,0.906,0.848,0.108,0.087,0.089,0.09,0.093,0.088,0.091,0.087,0.091,0.087,0.09,0.088,0.087
,16:29:16,46,0.09,0.089,0.088,0.092,0.089,0.088,0.088,0.089,0.092,0.091,0.089,0.088,0.09,0.097,0.119,0.151,0.081,0.112,0.137,0.103,0.099,0.107,0.177,0.088,0.091,0.109,0.091,0.163,0.094,0.099,0.121,0.095,0.097,0.125,0.117,0.087,0.09,0.121,0.102,0.092,0.112,0.103,0.103,0.107,0.101,0.106,0.104,0.087,0.09,0.748,0.68,0.728,0.089,0.697,0.533,0.743,0.6,0.102,0.981,0.092,0.091,0.201,0.561,0.82,0.563,0.674,0.822,0.72,0.729,0.776,0.867,0.093,0.092,0.454,0.103,0.754,0.695,0.579,0.66,0.488,0.608,0.907,0.848,0.109,0.088,0.089,0.09,0.093,0.089,0.091,0.087,0.091,0.087,0.091,0.088,0.087
,16:34:16,46,0.09,0.089,0.088,0.092,0.089,0.088,0.088,0.089,0.092,0.091,0.089,0.088,0.09,0.097,0.119,0.151,0.081,0.112,0.137,0.104,0.099,0.107,0.177,0.088,0.091,0.109,0.091,0.163,0.093,0.099,0.121,0.095,0.097,0.125,0.117,0.087,0.09,0.121,0.102,0.092,0.111,0.103,0.103,0.107,0.101,0.107,0.104,0.088,0.09,0.746,0.678,0.728,0.089,0.694,0.533,0.744,0.603,0.102,0.981,0.092,0.092,0.201,0.561,0.82,0.562,0.675,0.821,0.721,0.728,0.775,0.868,0.093,0.092,0.454,0.103,0.754,0.695,0.576,0.66,0.487,0.607,0.906,0.849,0.108,0.088,0.09,0.09,0.093,0.089,0.091,0.087,0.091,0.088,0.091,0.088,0.087
,16:39:16,46,0.09,0.089,0.088,0.091,0.089,0.088,0.088,0.089,0.091,0.091,0.089,0.088,0.09,0.097,0.119,0.151,0.081,0.111,0.137,0.103,0.099,0.107,0.177,0.088,0.09,0.109,0.091,0.162,0.093,0.098,0.121,0.095,0.097,0.124,0.117,0.087,0.09,0.121,0.102,0.092,0.111,0.103,0.103,0.106,0.101,0.106,0.104,0.087,0.09,0.75,0.676,0.728,0.089,0.693,0.532,0.745,0.6,0.102,0.981,0.092,0.091,0.201,0.56,0.82,0.56,0.671,0.821,0.721,0.727,0.774,0.865,0.093,0.092,0.454,0.103,0.755,0.695,0.573,0.656,0.486,0.608,0.905,0.849,0.108,0.087,0.089,0.09,0.092,0.089,0.091,0.087,0.091,0.087,0.091,0.088,0.087
,16:44:16,46,0.09,0.089,0.088,0.092,0.089,0.088,0.088,0.089,0.092,0.091,0.089,0.088,0.09,0.097,0.119,0.151,0.081,0.112,0.137,0.103,0.099,0.107,0.177,0.088,0.091,0.109,0.091,0.163,0.093,0.099,0.121,0.095,0.097,0.125,0.116,0.088,0.09,0.121,0.102,0.092,0.111,0.103,0.103,0.107,0.101,0.107,0.104,0.087,0.09,0.741,0.676,0.728,0.089,0.692,0.531,0.746,0.602,0.102,0.98,0.092,0.092,0.201,0.56,0.819,0.56,0.67,0.821,0.72,0.726,0.771,0.866,0.093,0.092,0.452,0.103,0.753,0.695,0.57,0.655,0.484,0.607,0.905,0.85,0.109,0.088,0.089,0.09,0.093,0.089,0.091,0.087,0.091,0.088,0.091,0.088,0.087
,16:49:16,46,0.09,0.089,0.088,0.092,0.089,0.087,0.088,0.089,0.092,0.091,0.089,0.088,0.09,0.097,0.119,0.151,0.081,0.111,0.137,0.103,0.099,0.107,0.177,0.088,0.091,0.109,0.091,0.162,0.093,0.099,0.121,0.095,0.097,0.125,0.116,0.088,0.089,0.121,0.101,0.092,0.112,0.103,0.103,0.106,0.101,0.106,0.104,0.087,0.09,0.742,0.675,0.728,0.088,0.691,0.532,0.743,0.605,0.102,0.981,0.092,0.091,0.2,0.56,0.819,0.558,0.668,0.821,0.721,0.725,0.77,0.865,0.093,0.092,0.456,0.103,0.751,0.694,0.569,0.656,0.483,0.607,0.905,0.849,0.11,0.087,0.089,0.09,0.092,0.089,0.091,0.087,0.091,0.087,0.091,0.088,0.087
,16:54:16,45.9,0.09,0.089,0.088,0.092,0.09,0.088,0.088,0.089,0.092,0.091,0.089,0.088,0.09,0.097,0.119,0.151,0.081,0.112,0.137,0.103,0.099,0.107,0.178,0.088,0.091,0.109,0.091,0.163,0.093,0.099,0.121,0.095,0.097,0.124,0.117,0.088,0.09,0.121,0.101,0.092,0.112,0.103,0.103,0.107,0.101,0.106,0.104,0.088,0.09,0.743,0.673,0.727,0.089,0.69,0.531,0.745,0.602,0.102,0.98,0.092,0.092,0.2,0.56,0.82,0.555,0.667,0.822,0.721,0.725,0.768,0.865,0.093,0.092,0.455,0.103,0.75,0.694,0.567,0.653,0.481,0.605,0.906,0.85,0.108,0.087,0.09,0.09,0.093,0.089,0.091,0.087,0.091,0.088,0.091,0.088,0.087
,16:59:16,46,0.09,0.089,0.088,0.092,0.089,0.088,0.088,0.089,0.092,0.091,0.089,0.088,0.09,0.097,0.119,0.151,0.081,0.111,0.137,0.104,0.099,0.107,0.178,0.088,0.091,0.109,0.091,0.163,0.093,0.099,0.121,0.095,0.097,0.125,0.117,0.087,0.09,0.121,0.102,0.092,0.112,0.103,0.103,0.107,0.101,0.107,0.104,0.088,0.09,0.743,0.671,0.728,0.089,0.689,0.53,0.745,0.599,0.102,0.981,0.092,0.092,0.2,0.56,0.82,0.553,0.665,0.822,0.722,0.725,0.768,0.863,0.093,0.092,0.453,0.103,0.75,0.694,0.565,0.651,0.481,0.605,0.906,0.85,0.109,0.088,0.09,0.09,0.093,0.089,0.091,0.087,0.091,0.087,0.091,0.088,0.087
,17:04:16,46,0.09,0.089,0.088,0.092,0.089,0.088,0.088,0.089,0.091,0.091,0.089,0.088,0.09,0.097,0.118,0.151,0.081,0.111,0.137,0.103,0.099,0.107,0.178,0.088,0.091,0.109,0.091,0.162,0.093,0.098,0.121,0.095,0.097,0.124,0.117,0.087,0.09,0.12,0.101,0.092,0.112,0.102,0.103,0.106,0.101,0.106,0.104,0.087,0.09,0.746,0.67,0.727,0.089,0.688,0.532,0.745,0.597,0.102,0.981,0.092,0.091,0.199,0.559,0.819,0.551,0.661,0.821,0.722,0.722,0.765,0.861,0.093,0.092,0.453,0.103,0.75,0.692,0.562,0.648,0.48,0.602,0.905,0.85,0.108,0.087,0.089,0.09,0.093,0.089,0.091,0.087,0.091,0.087,0.091,0.088,0.087
,17:09:16,46,0.09,0.089,0.089,0.092,0.089,0.088,0.088,0.089,0.092,0.091,0.089,0.088,0.09,0.097,0.119,0.151,0.081,0.111,0.137,0.103,0.099,0.107,0.178,0.088,0.091,0.109,0.091,0.162,0.093,0.098,0.121,0.095,0.097,0.124,0.117,0.088,0.09,0.121,0.101,0.092,0.112,0.102,0.103,0.107,0.101,0.106,0.104,0.087,0.09,0.743,0.669,0.727,0.089,0.686,0.53,0.745,0.599,0.102,0.981,0.092,0.091,0.199,0.558,0.818,0.549,0.661,0.821,0.722,0.721,0.765,0.861,0.093,0.092,0.451,0.103,0.749,0.692,0.559,0.649,0.478,0.6,0.905,0.851,0.109,0.088,0.089,0.09,0.093,0.089,0.091,0.087,0.091,0.088,0.091,0.088,0.087
,17:14:16,46,0.09,0.089,0.088,0.092,0.089,0.088,0.088,0.089,0.092,0.091,0.089,0.088,0.09,0.097,0.118,0.151,0.081,0.111,0.137,0.103,0.099,0.107,0.178,0.088,0.091,0.109,0.091,0.163,0.093,0.098,0.121,0.095,0.097,0.125,0.117,0.087,0.09,0.12,0.102,0.092,0.111,0.102,0.103,0.107,0.101,0.106,0.104,0.087,0.09,0.742,0.668,0.727,0.089,0.684,0.528,0.736,0.603,0.102,0.981,0.092,0.091,0.199,0.559,0.819,0.547,0.659,0.821,0.722,0.721,0.765,0.86,0.093,0.092,0.457,0.103,0.75,0.692,0.558,0.648,0.479,0.603,0.905,0.851,0.108,0.087,0.09,0.09,0.093,0.089,0.091,0.087,0.091,0.087,0.091,0.088,0.087
,17:19:16,46,0.09,0.089,0.088,0.092,0.089,0.088,0.088,0.089,0.092,0.091,0.089,0.088,0.09,0.097,0.119,0.151,0.081,0.111,0.137,0.103,0.099,0.107,0.178,0.088,0.091,0.109,0.091,0.163,0.093,0.099,0.121,0.095,0.097,0.125,0.117,0.088,0.09,0.121,0.102,0.092,0.112,0.102,0.103,0.107,0.101,0.106,0.104,0.088,0.09,0.742,0.665,0.728,0.089,0.685,0.528,0.741,0.601,0.102,0.98,0.092,0.092,0.198,0.558,0.818,0.546,0.658,0.822,0.722,0.72,0.762,0.861,0.093,0.092,0.455,0.103,0.75,0.692,0.556,0.648,0.475,0.601,0.905,0.851,0.108,0.087,0.089,0.09,0.093,0.089,0.091,0.087,0.091,0.088,0.091,0.088,0.087
,17:24:16,45.9,0.09,0.089,0.088,0.092,0.089,0.088,0.088,0.089,0.092,0.091,0.089,0.088,0.09,0.096,0.119,0.151,0.081,0.111,0.137,0.104,0.099,0.107,0.179,0.088,0.091,0.109,0.091,0.162,0.093,0.098,0.121,0.095,0.097,0.124,0.117,0.087,0.09,0.121,0.102,0.092,0.112,0.102,0.103,0.106,0.101,0.107,0.104,0.087,0.09,0.742,0.664,0.727,0.089,0.684,0.529,0.739,0.605,0.102,0.981,0.092,0.092,0.198,0.559,0.819,0.543,0.655,0.821,0.723,0.719,0.761,0.861,0.093,0.092,0.453,0.103,0.748,0.693,0.552,0.644,0.475,0.601,0.906,0.851,0.107,0.087,0.089,0.09,0.093,0.089,0.091,0.087,0.091,0.088,0.09,0.088,0.087
,17:29:16,46,0.09,0.089,0.088,0.092,0.089,0.088,0.088,0.089,0.092,0.091,0.089,0.088,0.09,0.096,0.119,0.151,0.081,0.111,0.137,0.103,0.099,0.107,0.178,0.088,0.091,0.109,0.091,0.162,0.093,0.098,0.121,0.095,0.097,0.124,0.116,0.087,0.09,0.121,0.102,0.092,0.111,0.102,0.103,0.107,0.101,0.106,0.104,0.087,0.09,0.743,0.664,0.728,0.088,0.682,0.527,0.735,0.605,0.102,0.981,0.092,0.092,0.197,0.558,0.818,0.541,0.653,0.822,0.722,0.718,0.76,0.86,0.093,0.092,0.454,0.102,0.749,0.69,0.551,0.644,0.473,0.599,0.906,0.851,0.107,0.087,0.09,0.09,0.093,0.089,0.091,0.087,0.091,0.087,0.091,0.088,0.087
,17:34:16,46,0.09,0.089,0.088,0.092,0.089,0.088,0.088,0.089,0.092,0.091,0.089,0.088,0.09,0.096,0.119,0.151,0.081,0.111,0.137,0.104,0.099,0.107,0.178,0.088,0.091,0.109,0.091,0.162,0.093,0.098,0.121,0.095,0.097,0.125,0.117,0.088,0.09,0.121,0.101,0.092,0.112,0.102,0.103,0.107,0.101,0.107,0.104,0.087,0.09,0.742,0.662,0.727,0.089,0.682,0.528,0.737,0.603,0.102,0.981,0.092,0.092,0.197,0.557,0.818,0.541,0.653,0.822,0.723,0.717,0.758,0.859,0.093,0.092,0.451,0.103,0.746,0.691,0.549,0.641,0.474,0.6,0.905,0.852,0.108,0.087,0.089,0.09,0.093,0.089,0.091,0.087,0.091,0.087,0.091,0.088,0.087
,17:39:16,46,0.09,0.089,0.088,0.091,0.089,0.088,0.088,0.089,0.092,0.091,0.089,0.088,0.09,0.096,0.118,0.151,0.081,0.111,0.137,0.103,0.099,0.107,0.179,0.088,0.091,0.109,0.091,0.162,0.093,0.098,0.121,0.095,0.097,0.124,0.117,0.087,0.09,0.12,0.102,0.092,0.111,0.102,0.103,0.106,0.101,0.106,0.104,0.088,0.09,0.737,0.661,0.727,0.089,0.68,0.527,0.735,0.602,0.102,0.981,0.092,0.091,0.196,0.558,0.818,0.545,0.653,0.822,0.723,0.717,0.759,0.859,0.093,0.092,0.455,0.102,0.747,0.691,0.547,0.641,0.473,0.599,0.905,0.853,0.107,0.087,0.089,0.09,0.093,0.089,0.091,0.087,0.091,0.088,0.091,0.088,0.087
,17:44:16,46,0.09,0.089,0.088,0.092,0.089,0.088,0.088,0.089,0.092,0.09,0.089,0.088,0.09,0.096,0.118,0.151,0.081,0.111,0.137,0.104,0.099,0.107,0.179,0.088,0.091,0.109,0.091,0.162,0.093,0.098,0.12,0.095,0.097,0.124,0.117,0.087,0.09,0.12,0.101,0.092,0.111,0.102,0.103,0.106,0.101,0.106,0.104,0.088,0.09,0.741,0.661,0.726,0.089,0.679,0.527,0.735,0.601,0.102,0.981,0.092,0.091,0.197,0.557,0.817,0.544,0.65,0.822,0.723,0.716,0.757,0.857,0.093,0.092,0.453,0.102,0.746,0.691,0.545,0.641,0.473,0.596,0.905,0.853,0.107,0.088,0.09,0.09,0.093,0.089,0.091,0.087,0.091,0.087,0.091,0.088,0.087
,17:49:16,46,0.09,0.089,0.088,0.092,0.089,0.088,0.088,0.089,0.092,0.091,0.089,0.088,0.09,0.096,0.118,0.151,0.081,0.111,0.137,0.103,0.099,0.107,0.179,0.088,0.091,0.109,0.091,0.162,0.093,0.098,0.12,0.095,0.097,0.124,0.117,0.087,0.09,0.12,0.101,0.092,0.111,0.101,0.103,0.106,0.101,0.106,0.104,0.087,0.09,0.737,0.66,0.726,0.089,0.678,0.527,0.735,0.605,0.102,0.981,0.092,0.091,0.196,0.558,0.817,0.542,0.649,0.822,0.723,0.714,0.753,0.857,0.093,0.092,0.456,0.102,0.746,0.691,0.542,0.639,0.472,0.597,0.905,0.853,0.109,0.087,0.089,0.09,0.093,0.088,0.091,0.087,0.091,0.087,0.091,0.088,0.087
,17:54:16,46,0.09,0.089,0.088,0.092,0.089,0.088,0.088,0.089,0.092,0.091,0.089,0.088,0.09,0.096,0.118,0.151,0.081,0.111,0.137,0.103,0.099,0.107,0.179,0.088,0.091,0.109,0.091,0.162,0.093,0.098,0.12,0.095,0.097,0.124,0.117,0.087,0.089,0.12,0.101,0.092,0.111,0.102,0.103,0.106,0.101,0.106,0.104,0.087,0.09,0.739,0.658,0.726,0.088,0.676,0.525,0.734,0.606,0.102,0.981,0.092,0.091,0.195,0.557,0.818,0.54,0.646,0.821,0.723,0.712,0.753,0.857,0.093,0.092,0.459,0.102,0.745,0.691,0.543,0.636,0.471,0.597,0.904,0.853,0.108,0.087,0.089,0.09,0.093,0.089,0.091,0.087,0.091,0.087,0.091,0.088,0.087
,17:59:16,45.9,0.09,0.089,0.088,0.092,0.089,0.088,0.088,0.089,0.092,0.091,0.089,0.088,0.09,0.096,0.119,0.151,0.081,0.111,0.136,0.103,0.099,0.107,0.179,0.088,0.091,0.109,0.091,0.162,0.093,0.098,0.12,0.095,0.097,0.124,0.117,0.087,0.09,0.12,0.101,0.092,0.111,0.101,0.103,0.106,0.101,0.106,0.104,0.087,0.09,0.74,0.657,0.727,0.089,0.676,0.525,0.734,0.599,0.102,0.98,0.092,0.091,0.194,0.557,0.817,0.54,0.646,0.821,0.723,0.713,0.751,0.856,0.093,0.092,0.455,0.102,0.745,0.689,0.539,0.637,0.47,0.596,0.904,0.853,0.108,0.087,0.089,0.09,0.093,0.089,0.091,0.087,0.091,0.088,0.091,0.088,0.087
,18:04:16,46,0.09,0.089,0.088,0.091,0.089,0.088,0.088,0.089,0.093,0.091,0.089,0.088,0.09,0.096,0.119,0.151,0.081,0.111,0.137,0.104,0.099,0.107,0.179,0.088,0.091,0.109,0.091,0.162,0.093,0.098,0.12,0.095,0.097,0.124,0.117,0.087,0.09,0.121,0.101,0.092,0.111,0.101,0.103,0.107,0.101,0.106,0.104,0.088,0.09,0.738,0.657,0.726,0.089,0.675,0.524,0.734,0.603,0.102,0.98,0.092,0.092,0.194,0.557,0.817,0.535,0.643,0.822,0.723,0.711,0.751,0.856,0.093,0.092,0.456,0.103,0.745,0.689,0.537,0.633,0.469,0.595,0.904,0.854,0.109,0.088,0.089,0.09,0.093,0.089,0.091,0.087,0.091,0.087,0.091,0.088,0.087
,18:09:16,46.1,0.09,0.089,0.088,0.092,0.089,0.088,0.088,0.089,0.091,0.091,0.089,0.088,0.09,0.096,0.118,0.151,0.081,0.11,0.136,0.103,0.099,0.107,0.179,0.088,0.09,0.109,0.091,0.162,0.093,0.098,0.12,0.095,0.097,0.124,0.116,0.087,0.09,0.12,0.101,0.092,0.111,0.101,0.103,0.107,0.101,0.106,0.104,0.087,0.09,0.739,0.654,0.726,0.088,0.675,0.523,0.734,0.602,0.102,0.981,0.092,0.091,0.194,0.557,0.816,0.536,0.642,0.821,0.724,0.711,0.75,0.855,0.093,0.091,0.453,0.102,0.746,0.69,0.534,0.632,0.468,0.593,0.904,0.854,0.109,0.087,0.089,0.09,0.093,0.088,0.091,0.087,0.091,0.087,0.091,0.088,0.087
,18:14:16,46,0.09,0.089,0.088,0.092,0.089,0.088,0.088,0.089,0.092,0.091,0.089,0.088,0.09,0.096,0.118,0.15,0.081,0.11,0.137,0.103,0.099,0.107,0.179,0.088,0.091,0.109,0.091,0.162,0.093,0.098,0.12,0.095,0.097,0.124,0.117,0.087,0.09,0.12,0.101,0.092,0.111,0.101,0.103,0.106,0.101,0.106,0.104,0.088,0.09,0.74,0.655,0.726,0.089,0.673,0.524,0.731,0.598,0.102,0.981,0.092,0.091,0.194,0.556,0.816,0.535,0.641,0.821,0.724,0.71,0.748,0.855,0.093,0.092,0.459,0.102,0.743,0.689,0.533,0.629,0.466,0.594,0.905,0.854,0.109,0.087,0.089,0.09,0.093,0.089,0.091,0.087,0.091,0.088,0.091,0.088,0.086
,18:19:16,46,0.089,0.089,0.088,0.091,0.089,0.087,0.088,0.089,0.091,0.091,0.089,0.088,0.09,0.096,0.118,0.15,0.081,0.11,0.136,0.103,0.099,0.107,0.18,0.088,0.091,0.109,0.09,0.162,0.092,0.097,0.12,0.095,0.097,0.124,0.116,0.087,0.089,0.12,0.101,0.092,0.111,0.101,0.103,0.106,0.101,0.106,0.104,0.087,0.09,0.74,0.653,0.725,0.089,0.671,0.523,0.732,0.599,0.102,0.981,0.092,0.091,0.192,0.556,0.816,0.532,0.637,0.821,0.724,0.71,0.748,0.853,0.093,0.091,0.456,0.102,0.742,0.688,0.53,0.629,0.466,0.593,0.904,0.853,0.108,0.087,0.089,0.09,0.092,0.088,0.091,0.087,0.091,0.087,0.091,0.088,0.086
,18:24:16,45.9,0.09,0.089,0.088,0.092,0.089,0.088,0.088,0.089,0.091,0.09,0.089,0.088,0.09,0.096,0.118,0.15,0.081,0.11,0.136,0.103,0.099,0.107,0.179,0.088,0.09,0.109,0.091,0.162,0.092,0.097,0.12,0.095,0.096,0.124,0.117,0.087,0.09,0.12,0.101,0.092,0.111,0.101,0.103,0.106,0.101,0.106,0.104,0.087,0.09,0.739,0.651,0.726,0.089,0.67,0.522,0.732,0.601,0.102,0.98,0.092,0.091,0.192,0.556,0.816,0.531,0.637,0.822,0.723,0.708,0.744,0.853,0.093,0.092,0.458,0.102,0.745,0.688,0.53,0.627,0.465,0.591,0.904,0.856,0.11,0.087,0.089,0.09,0.093,0.088,0.091,0.087,0.091,0.087,0.09,0.088,0.087
,18:29:16,46.1,0.09,0.088,0.088,0.091,0.089,0.087,0.088,0.089,0.092,0.091,0.089,0.088,0.09,0.096,0.118,0.15,0.081,0.11,0.136,0.103,0.099,0.107,0.18,0.088,0.091,0.109,0.091,0.162,0.092,0.097,0.12,0.095,0.097,0.124,0.117,0.087,0.09,0.12,0.101,0.092,0.111,0.101,0.103,0.106,0.101,0.106,0.104,0.087,0.09,0.737,0.65,0.725,0.089,0.669,0.522,0.731,0.601,0.102,0.981,0.092,0.091,0.192,0.556,0.816,0.529,0.635,0.821,0.723,0.708,0.743,0.853,0.093,0.092,0.457,0.102,0.742,0.687,0.527,0.628,0.464,0.59,0.904,0.856,0.109,0.087,0.089,0.09,0.093,0.089,0.091,0.087,0.091,0.087,0.091,0.088,0.086
,18:34:16,46,0.09,0.088,0.088,0.091,0.089,0.087,0.088,0.089,0.092,0.091,0.089,0.088,0.09,0.096,0.118,0.15,0.081,0.11,0.136,0.103,0.099,0.107,0.179,0.088,0.091,0.109,0.091,0.162,0.092,0.097,0.12,0.095,0.097,0.124,0.117,0.087,0.089,0.12,0.101,0.092,0.111,0.101,0.103,0.106,0.101,0.106,0.104,0.087,0.09,0.735,0.648,0.725,0.089,0.668,0.521,0.728,0.599,0.102,0.981,0.092,0.091,0.191,0.556,0.816,0.527,0.634,0.821,0.725,0.706,0.744,0.851,0.093,0.092,0.456,0.102,0.74,0.687,0.524,0.625,0.463,0.59,0.903,0.855,0.11,0.087,0.089,0.09,0.093,0.088,0.091,0.087,0.091,0.087,0.091,0.088,0.086
,18:39:16,46,0.089,0.088,0.088,0.091,0.089,0.087,0.088,0.089,0.092,0.091,0.089,0.088,0.09,0.096,0.118,0.15,0.081,0.11,0.136,0.103,0.099,0.107,0.18,0.088,0.091,0.109,0.091,0.162,0.092,0.097,0.12,0.095,0.097,0.124,0.117,0.087,0.09,0.12,0.101,0.092,0.111,0.101,0.103,0.106,0.101,0.106,0.103,0.087,0.09,0.738,0.649,0.725,0.089,0.667,0.521,0.734,0.604,0.102,0.981,0.092,0.091,0.191,0.555,0.816,0.525,0.633,0.821,0.725,0.705,0.742,0.851,0.093,0.092,0.455,0.102,0.741,0.687,0.524,0.623,0.462,0.589,0.904,0.856,0.108,0.087,0.089,0.09,0.093,0.089,0.091,0.087,0.091,0.087,0.09,0.088,0.086
,18:44:16,46,0.09,0.088,0.088,0.091,0.089,0.087,0.088,0.089,0.091,0.091,0.089,0.088,0.09,0.096,0.118,0.15,0.081,0.11,0.136,0.103,0.099,0.107,0.18,0.088,0.091,0.109,0.091,0.161,0.092,0.097,0.12,0.095,0.097,0.124,0.117,0.087,0.089,0.12,0.101,0.092,0.111,0.1,0.102,0.106,0.101,0.106,0.104,0.087,0.09,0.734,0.648,0.724,0.088,0.666,0.52,0.732,0.605,0.102,0.98,0.092,0.091,0.192,0.556,0.815,0.524,0.632,0.822,0.724,0.704,0.74,0.85,0.093,0.092,0.455,0.102,0.74,0.686,0.521,0.622,0.461,0.59,0.904,0.856,0.108,0.087,0.089,0.09,0.093,0.088,0.091,0.087,0.091,0.087,0.091,0.088,0.086
,18:49:16,46,0.089,0.089,0.088,0.091,0.089,0.088,0.088,0.089,0.092,0.091,0.089,0.088,0.09,0.096,0.118,0.151,0.081,0.11,0.137,0.103,0.099,0.107,0.18,0.088,0.091,0.109,0.091,0.162,0.092,0.097,0.12,0.095,0.097,0.124,0.116,0.087,0.09,0.12,0.101,0.092,0.111,0.101,0.103,0.106,0.101,0.106,0.104,0.087,0.09,0.738,0.645,0.725,0.089,0.665,0.519,0.728,0.601,0.102,0.98,0.092,0.092,0.191,0.556,0.816,0.524,0.63,0.822,0.724,0.703,0.739,0.849,0.093,0.092,0.456,0.102,0.74,0.687,0.519,0.62,0.461,0.587,0.904,0.858,0.108,0.087,0.089,0.09,0.093,0.089,0.091,0.087,0.091,0.088,0.091,0.088,0.087
,18:54:16,46,0.09,0.089,0.088,0.092,0.089,0.088,0.088,0.089,0.092,0.091,0.089,0.088,0.09,0.096,0.118,0.151,0.081,0.11,0.136,0.103,0.099,0.107,0.18,0.088,0.091,0.109,0.091,0.162,0.092,0.097,0.12,0.095,0.097,0.124,0.117,0.087,0.09,0.12,0.101,0.092,0.111,0.1,0.103,0.106,0.101,0.106,0.104,0.087,0.09,0.735,0.643,0.725,0.089,0.665,0.519,0.722,0.607,0.102,0.981,0.092,0.091,0.191,0.556,0.815,0.525,0.627,0.821,0.725,0.702,0.738,0.849,0.093,0.092,0.457,0.102,0.739,0.687,0.518,0.619,0.459,0.589,0.904,0.857,0.108,0.087,0.089,0.09,0.093,0.088,0.091,0.087,0.091,0.087,0.091,0.088,0.086
,18:59:16,45.9,0.089,0.089,0.088,0.092,0.089,0.088,0.088,0.089,0.092,0.091,0.089,0.088,0.09,0.096,0.118,0.151,0.081,0.11,0.136,0.104,0.099,0.107,0.181,0.088,0.091,0.109,0.091,0.162,0.092,0.097,0.12,0.095,0.097,0.124,0.116,0.088,0.09,0.12,0.101,0.092,0.111,0.1,0.103,0.107,0.101,0.106,0.104,0.088,0.09,0.738,0.642,0.724,0.089,0.664,0.519,0.728,0.603,0.102,0.981,0.092,0.092,0.19,0.556,0.815,0.527,0.626,0.822,0.725,0.701,0.738,0.85,0.093,0.092,0.461,0.102,0.738,0.686,0.517,0.618,0.459,0.586,0.905,0.858,0.109,0.088,0.089,0.09,0.093,0.089,0.091,0.088,0.091,0.087,0.091,0.088,0.087
,19:04:16,45.9,0.09,0.089,0.088,0.092,0.089,0.088,0.088,0.089,0.092,0.091,0.089,0.088,0.09,0.095,0.118,0.151,0.081,0.11,0.136,0.103,0.099,0.107,0.181,0.088,0.091,0.109,0.091,0.162,0.092,0.097,0.12,0.095,0.097,0.124,0.117,0.087,0.09,0.12,0.101,0.092,0.111,0.1,0.103,0.106,0.101,0.106,0.104,0.087,0.09,0.734,0.641,0.724,0.089,0.662,0.518,0.728,0.602,0.102,0.981,0.092,0.091,0.191,0.556,0.814,0.525,0.626,0.822,0.724,0.701,0.738,0.849,0.093,0.092,0.454,0.102,0.737,0.686,0.516,0.617,0.457,0.587,0.904,0.858,0.11,0.087,0.089,0.09,0.093,0.089,0.091,0.087,0.091,0.088,0.091,0.088,0.086
,19:09:16,46,0.09,0.089,0.088,0.091,0.089,0.088,0.088,0.089,0.092,0.09,0.089,0.088,0.09,0.096,0.118,0.151,0.081,0.11,0.136,0.103,0.099,0.107,0.181,0.088,0.091,0.109,0.091,0.162,0.092,0.097,0.12,0.095,0.097,0.124,0.117,0.087,0.09,0.12,0.101,0.092,0.111,0.1,0.103,0.106,0.101,0.106,0.104,0.087,0.09,0.736,0.64,0.725,0.089,0.662,0.516,0.725,0.6,0.103,0.981,0.092,0.091,0.191,0.556,0.813,0.523,0.624,0.822,0.724,0.699,0.736,0.849,0.093,0.092,0.455,0.102,0.739,0.686,0.513,0.615,0.458,0.586,0.904,0.858,0.11,0.087,0.089,0.09,0.093,0.089,0.091,0.087,0.091,0.088,0.091,0.088,0.087
,19:14:16,46,0.089,0.089,0.088,0.091,0.089,0.087,0.088,0.089,0.091,0.09,0.089,0.087,0.09,0.095,0.118,0.15,0.081,0.11,0.136,0.103,0.099,0.107,0.18,0.088,0.09,0.108,0.09,0.161,0.092,0.097,0.119,0.094,0.096,0.124,0.117,0.087,0.089,0.12,0.101,0.092,0.111,0.1,0.102,0.106,0.101,0.106,0.103,0.087,0.09,0.733,0.637,0.724,0.088,0.659,0.516,0.719,0.605,0.102,0.981,0.092,0.091,0.19,0.556,0.813,0.52,0.622,0.822,0.724,0.698,0.733,0.846,0.093,0.092,0.456,0.102,0.737,0.685,0.51,0.613,0.454,0.584,0.903,0.859,0.107,0.087,0.089,0.09,0.092,0.088,0.091,0.087,0.091,0.087,0.091,0.088,0.086
,19:19:16,46,0.09,0.089,0.088,0.092,0.089,0.088,0.088,0.089,0.092,0.091,0.089,0.088,0.09,0.095,0.118,0.15,0.081,0.11,0.136,0.104,0.099,0.107,0.181,0.088,0.091,0.109,0.091,0.161,0.092,0.097,0.12,0.095,0.097,0.124,0.117,0.088,0.09,0.12,0.101,0.092,0.111,0.1,0.103,0.106,0.101,0.106,0.104,0.087,0.09,0.733,0.638,0.724,0.089,0.659,0.516,0.724,0.605,0.103,0.98,0.092,0.092,0.19,0.556,0.814,0.517,0.623,0.822,0.725,0.698,0.733,0.848,0.093,0.092,0.456,0.102,0.736,0.685,0.509,0.612,0.455,0.585,0.904,0.859,0.109,0.088,0.09,0.09,0.093,0.089,0.091,0.087,0.091,0.088,0.091,0.088,0.087
,19:24:16,45.9,0.09,0.089,0.088,0.092,0.089,0.088,0.088,0.089,0.092,0.091,0.089,0.088,0.09,0.095,0.118,0.15,0.081,0.11,0.136,0.103,0.099,0.107,0.181,0.088,0.091,0.109,0.091,0.162,0.092,0.097,0.12,0.095,0.096,0.124,0.117,0.087,0.09,0.12,0.101,0.092,0.111,0.1,0.103,0.106,0.101,0.106,0.104,0.087,0.09,0.731,0.637,0.724,0.089,0.658,0.516,0.727,0.605,0.102,0.981,0.092,0.091,0.191,0.556,0.813,0.519,0.619,0.821,0.725,0.697,0.731,0.847,0.093,0.092,0.456,0.102,0.736,0.685,0.506,0.607,0.454,0.583,0.904,0.859,0.108,0.087,0.089,0.09,0.093,0.089,0.091,0.087,0.091,0.087,0.09,0.088,0.086
,19:29:16,46,0.089,0.089,0.088,0.091,0.089,0.087,0.088,0.089,0.091,0.091,0.089,0.088,0.09,0.095,0.118,0.15,0.081,0.11,0.136,0.103,0.099,0.107,0.181,0.088,0.091,0.109,0.091,0.162,0.092,0.097,0.12,0.095,0.096,0.124,0.117,0.087,0.09,0.12,0.101,0.092,0.111,0.1,0.102,0.106,0.101,0.106,0.104,0.087,0.09,0.733,0.636,0.723,0.089,0.657,0.516,0.719,0.605,0.102,0.98,0.092,0.091,0.191,0.555,0.814,0.516,0.617,0.822,0.724,0.696,0.732,0.846,0.093,0.092,0.457,0.102,0.735,0.684,0.504,0.609,0.454,0.583,0.904,0.859,0.109,0.087,0.089,0.09,0.093,0.089,0.091,0.087,0.091,0.087,0.091,0.088,0.086
,19:34:16,46,0.089,0.089,0.088,0.092,0.089,0.088,0.088,0.089,0.092,0.091,0.089,0.088,0.09,0.095,0.118,0.15,0.081,0.11,0.136,0.103,0.099,0.107,0.181,0.088,0.091,0.109,0.091,0.162,0.092,0.097,0.12,0.095,0.097,0.124,0.117,0.087,0.09,0.12,0.101,0.092,0.111,0.099,0.102,0.106,0.101,0.106,0.103,0.087,0.09,0.73,0.633,0.724,0.089,0.656,0.515,0.721,0.606,0.102,0.981,0.092,0.091,0.191,0.556,0.813,0.514,0.616,0.823,0.724,0.695,0.729,0.846,0.093,0.091,0.457,0.102,0.736,0.684,0.504,0.606,0.452,0.581,0.905,0.859,0.109,0.087,0.089,0.09,0.093,0.088,0.091,0.087,0.091,0.087,0.091,0.088,0.086
,19:39:16,46,0.09,0.089,0.088,0.092,0.089,0.088,0.088,0.089,0.091,0.091,0.089,0.088,0.09,0.095,0.118,0.151,0.081,0.11,0.136,0.103,0.099,0.107,0.181,0.088,0.091,0.109,0.091,0.161,0.092,0.097,0.12,0.095,0.096,0.124,0.116,0.087,0.09,0.12,0.101,0.092,0.111,0.099,0.103,0.106,0.101,0.106,0.104,0.088,0.09,0.729,0.632,0.723,0.089,0.655,0.514,0.72,0.602,0.102,0.981,0.092,0.091,0.189,0.556,0.812,0.513,0.616,0.822,0.725,0.695,0.73,0.846,0.093,0.092,0.456,0.102,0.734,0.684,0.503,0.606,0.452,0.58,0.905,0.861,0.109,0.088,0.089,0.09,0.093,0.089,0.091,0.087,0.091,0.087,0.091,0.088,0.086
,19:44:16,46,0.089,0.088,0.088,0.091,0.089,0.087,0.088,0.089,0.091,0.091,0.089,0.087,0.09,0.095,0.118,0.15,0.081,0.109,0.136,0.103,0.099,0.107,0.181,0.088,0.091,0.108,0.091,0.162,0.092,0.097,0.119,0.095,0.096,0.124,0.116,0.087,0.09,0.12,0.101,0.092,0.111,0.099,0.102,0.106,0.101,0.106,0.103,0.087,0.09,0.73,0.628,0.723,0.088,0.654,0.513,0.721,0.605,0.102,0.98,0.092,0.091,0.189,0.557,0.813,0.511,0.613,0.821,0.724,0.693,0.73,0.843,0.093,0.092,0.457,0.102,0.733,0.684,0.5,0.603,0.452,0.58,0.904,0.861,0.108,0.087,0.089,0.09,0.093,0.088,0.091,0.087,0.091,0.087,0.09,0.088,0.086
,19:49:16,46,0.089,0.088,0.088,0.092,0.089,0.088,0.088,0.089,0.092,0.091,0.089,0.087,0.09,0.095,0.118,0.15,0.081,0.109,0.136,0.103,0.099,0.107,0.181,0.088,0.091,0.108,0.091,0.161,0.092,0.096,0.119,0.095,0.097,0.124,0.117,0.087,0.09,0.12,0.101,0.092,0.111,0.099,0.103,0.106,0.101,0.106,0.104,0.087,0.09,0.729,0.63,0.722,0.089,0.653,0.514,0.718,0.602,0.102,0.98,0.092,0.091,0.189,0.556,0.814,0.509,0.611,0.822,0.724,0.693,0.727,0.845,0.093,0.092,0.456,0.102,0.732,0.683,0.498,0.602,0.45,0.58,0.904,0.861,0.109,0.087,0.089,0.09,0.093,0.089,0.091,0.087,0.091,0.087,0.091,0.088,0.086
,19:54:16,45.9,0.09,0.089,0.088,0.092,0.089,0.088,0.088,0.089,0.092,0.091,0.089,0.088,0.09,0.095,0.118,0.15,0.081,0.109,0.136,0.104,0.099,0.107,0.182,0.088,0.091,0.109,0.091,0.162,0.091,0.097,0.119,0.095,0.097,0.124,0.117,0.087,0.09,0.12,0.101,0.092,0.111,0.099,0.102,0.106,0.101,0.106,0.104,0.088,0.09,0.73,0.629,0.723,0.089,0.652,0.511,0.719,0.603,0.102,0.981,0.092,0.092,0.189,0.557,0.813,0.509,0.61,0.822,0.724,0.693,0.728,0.843,0.093,0.092,0.456,0.102,0.732,0.683,0.497,0.6,0.449,0.579,0.905,0.863,0.107,0.087,0.089,0.09,0.093,0.089,0.091,0.087,0.091,0.087,0.091,0.088,0.086
,19:59:16,46,0.09,0.089,0.088,0.091,0.089,0.088,0.088,0.089,0.091,0.091,0.089,0.087,0.09,0.095,0.118,0.15,0.081,0.109,0.136,0.103,0.099,0.107,0.181,0.088,0.091,0.109,0.091,0.161,0.091,0.096,0.119,0.095,0.096,0.124,0.117,0.087,0.09,0.12,0.101,0.092,0.11,0.099,0.102,0.106,0.101,0.106,0.104,0.087,0.09,0.731,0.629,0.723,0.089,0.65,0.513,0.716,0.602,0.102,0.98,0.092,0.091,0.19,0.556,0.812,0.508,0.609,0.822,0.723,0.691,0.727,0.842,0.093,0.092,0.456,0.102,0.731,0.683,0.494,0.598,0.447,0.579,0.904,0.863,0.107,0.087,0.089,0.09,0.093,0.088,0.091,0.087,0.091,0.087,0.09,0.088,0.086
,20:04:16,45.9,0.09,0.089,0.088,0.092,0.089,0.088,0.088,0.089,0.092,0.091,0.089,0.087,0.09,0.095,0.118,0.15,0.081,0.109,0.136,0.103,0.099,0.107,0.182,0.088,0.091,0.108,0.091,0.161,0.092,0.097,0.119,0.095,0.096,0.124,0.117,0.087,0.09,0.12,0.1,0.092,0.111,0.099,0.102,0.106,0.101,0.106,0.103,0.087,0.09,0.732,0.625,0.722,0.089,0.649,0.512,0.713,0.605,0.102,0.98,0.092,0.091,0.189,0.556,0.812,0.506,0.607,0.822,0.724,0.69,0.726,0.844,0.093,0.091,0.455,0.102,0.731,0.683,0.494,0.597,0.448,0.579,0.904,0.863,0.108,0.087,0.089,0.09,0.093,0.089,0.091,0.087,0.091,0.087,0.091,0.088,0.086
,20:09:16,46.1,0.089,0.089,0.088,0.091,0.089,0.088,0.088,0.089,0.092,0.091,0.089,0.087,0.09,0.095,0.118,0.15,0.081,0.109,0.136,0.103,0.099,0.107,0.182,0.088,0.091,0.109,0.091,0.161,0.091,0.096,0.119,0.095,0.096,0.124,0.117,0.087,0.09,0.12,0.101,0.092,0.111,0.099,0.103,0.106,0.101,0.106,0.104,0.087,0.09,0.731,0.624,0.722,0.089,0.649,0.511,0.718,0.607,0.102,0.98,0.092,0.091,0.189,0.556,0.811,0.504,0.605,0.821,0.724,0.69,0.723,0.843,0.093,0.091,0.456,0.102,0.73,0.681,0.491,0.598,0.446,0.577,0.905,0.862,0.109,0.087,0.089,0.09,0.093,0.089,0.091,0.087,0.091,0.087,0.091,0.088,0.086
,20:14:16,46,0.089,0.089,0.088,0.092,0.089,0.088,0.088,0.089,0.092,0.091,0.089,0.087,0.09,0.095,0.118,0.15,0.081,0.109,0.136,0.103,0.099,0.107,0.182,0.088,0.091,0.109,0.091,0.161,0.091,0.096,0.119,0.095,0.096,0.124,0.117,0.087,0.09,0.12,0.101,0.092,0.111,0.099,0.102,0.106,0.101,0.106,0.104,0.087,0.09,0.729,0.624,0.722,0.089,0.648,0.51,0.713,0.604,0.102,0.98,0.092,0.092,0.186,0.556,0.811,0.505,0.604,0.822,0.723,0.688,0.722,0.843,0.093,0.092,0.456,0.102,0.73,0.683,0.49,0.595,0.445,0.577,0.904,0.863,0.108,0.087,0.089,0.09,0.093,0.089,0.091,0.087,0.091,0.088,0.091,0.088,0.086
,20:19:16,46,0.09,0.089,0.088,0.092,0.089,0.088,0.088,0.089,0.092,0.091,0.089,0.087,0.09,0.095,0.118,0.15,0.081,0.109,0.136,0.103,0.099,0.107,0.182,0.088,0.091,0.108,0.091,0.161,0.091,0.096,0.119,0.095,0.096,0.124,0.117,0.087,0.09,0.12,0.101,0.092,0.111,0.099,0.103,0.106,0.101,0.106,0.104,0.087,0.09,0.726,0.625,0.723,0.089,0.647,0.51,0.72,0.604,0.103,0.98,0.092,0.091,0.186,0.557,0.811,0.502,0.603,0.821,0.724,0.688,0.722,0.841,0.093,0.092,0.455,0.102,0.729,0.682,0.488,0.592,0.446,0.576,0.904,0.864,0.11,0.087,0.089,0.09,0.093,0.089,0.091,0.087,0.091,0.088,0.091,0.088,0.086
,20:24:16,46,0.09,0.089,0.088,0.092,0.089,0.088,0.088,0.089,0.092,0.091,0.089,0.087,0.09,0.095,0.118,0.15,0.081,0.109,0.136,0.103,0.099,0.107,0.182,0.088,0.091,0.109,0.091,0.161,0.091,0.096,0.119,0.095,0.097,0.124,0.117,0.087,0.09,0.12,0.101,0.092,0.111,0.099,0.102,0.106,0.101,0.106,0.104,0.087,0.09,0.728,0.622,0.722,0.089,0.645,0.51,0.713,0.604,0.102,0.98,0.092,0.091,0.187,0.555,0.811,0.501,0.602,0.822,0.723,0.686,0.719,0.841,0.093,0.092,0.456,0.102,0.729,0.681,0.486,0.592,0.445,0.577,0.904,0.865,0.109,0.087,0.089,0.09,0.092,0.089,0.091,0.087,0.091,0.088,0.091,0.088,0.086
,20:29:16,46,0.09,0.089,0.088,0.092,0.089,0.088,0.088,0.089,0.092,0.091,0.089,0.087,0.09,0.095,0.117,0.15,0.081,0.109,0.136,0.103,0.099,0.107,0.182,0.088,0.091,0.109,0.091,0.162,0.091,0.096,0.119,0.095,0.096,0.124,0.117,0.087,0.09,0.12,0.1,0.092,0.111,0.099,0.103,0.106,0.101,0.106,0.103,0.087,0.09,0.728,0.62,0.722,0.089,0.645,0.509,0.717,0.605,0.102,0.98,0.092,0.091,0.186,0.556,0.81,0.5,0.6,0.822,0.723,0.685,0.72,0.841,0.093,0.092,0.454,0.102,0.728,0.681,0.485,0.591,0.444,0.576,0.904,0.864,0.108,0.087,0.09,0.09,0.093,0.089,0.091,0.087,0.091,0.088,0.091,0.088,0.086
,20:34:16,46,0.09,0.089,0.088,0.092,0.089,0.088,0.088,0.089,0.092,0.091,0.089,0.087,0.09,0.095,0.118,0.15,0.081,0.109,0.136,0.103,0.099,0.107,0.182,0.088,0.091,0.108,0.091,0.161,0.091,0.096,0.119,0.095,0.096,0.124,0.117,0.087,0.09,0.12,0.1,0.092,0.111,0.099,0.102,0.106,0.101,0.106,0.104,0.087,0.09,0.73,0.619,0.725,0.089,0.644,0.509,0.715,0.604,0.102,0.98,0.092,0.091,0.186,0.556,0.81,0.509,0.598,0.822,0.722,0.686,0.718,0.839,0.093,0.092,0.455,0.102,0.727,0.68,0.483,0.59,0.442,0.573,0.904,0.864,0.108,0.087,0.089,0.09,0.093,0.089,0.091,0.087,0.091,0.087,0.091,0.088,0.086
,20:39:16,46,0.09,0.089,0.088,0.092,0.089,0.087,0.088,0.089,0.092,0.091,0.089,0.087,0.09,0.095,0.117,0.15,0.081,0.109,0.136,0.103,0.099,0.107,0.182,0.088,0.091,0.108,0.091,0.161,0.091,0.096,0.119,0.095,0.096,0.123,0.117,0.087,0.09,0.12,0.1,0.092,0.111,0.098,0.102,0.106,0.101,0.106,0.103,0.087,0.09,0.726,0.618,0.724,0.089,0.642,0.509,0.713,0.608,0.102,0.98,0.092,0.092,0.186,0.557,0.81,0.51,0.597,0.822,0.723,0.684,0.718,0.84,0.092,0.092,0.456,0.102,0.729,0.68,0.482,0.587,0.441,0.573,0.905,0.865,0.108,0.087,0.089,0.09,0.093,0.089,0.091,0.087,0.091,0.087,0.091,0.088,0.086
,20:44:16,46,0.09,0.089,0.088,0.092,0.089,0.088,0.088,0.089,0.092,0.091,0.089,0.087,0.09,0.095,0.117,0.15,0.081,0.109,0.136,0.103,0.099,0.107,0.183,0.088,0.091,0.108,0.091,0.162,0.091,0.096,0.119,0.095,0.096,0.123,0.117,0.087,0.09,0.12,0.101,0.092,0.111,0.099,0.102,0.106,0.101,0.106,0.104,0.087,0.09,0.725,0.617,0.724,0.089,0.642,0.509,0.714,0.605,0.102,0.979,0.092,0.091,0.186,0.556,0.81,0.519,0.596,0.822,0.723,0.684,0.715,0.838,0.093,0.092,0.455,0.102,0.726,0.679,0.48,0.587,0.441,0.572,0.904,0.865,0.108,0.087,0.089,0.09,0.093,0.089,0.091,0.087,0.091,0.088,0.091,0.088,0.086
,20:49:16,45.9,0.089,0.088,0.088,0.091,0.089,0.087,0.088,0.089,0.092,0.091,0.089,0.087,0.09,0.095,0.117,0.15,0.081,0.109,0.136,0.103,0.099,0.107,0.182,0.088,0.091,0.108,0.091,0.161,0.091,0.096,0.119,0.095,0.096,0.124,0.117,0.087,0.09,0.12,0.1,0.092,0.11,0.098,0.102,0.106,0.101,0.106,0.103,0.087,0.09,0.723,0.617,0.724,0.088,0.641,0.508,0.711,0.604,0.102,0.979,0.092,0.091,0.186,0.557,0.81,0.523,0.594,0.822,0.722,0.681,0.714,0.839,0.092,0.092,0.457,0.102,0.725,0.679,0.48,0.587,0.44,0.571,0.905,0.866,0.106,0.087,0.089,0.09,0.092,0.089,0.091,0.087,0.091,0.087,0.09,0.088,0.086
,20:54:16,46,0.089,0.088,0.088,0.091,0.089,0.087,0.088,0.089,0.092,0.091,0.089,0.087,0.09,0.095,0.118,0.15,0.081,0.109,0.136,0.103,0.099,0.107,0.183,0.088,0.091,0.109,0.091,0.161,0.091,0.096,0.119,0.095,0.096,0.124,0.117,0.087,0.09,0.12,0.1,0.092,0.111,0.098,0.102,0.106,0.101,0.106,0.103,0.087,0.09,0.725,0.616,0.724,0.089,0.64,0.506,0.707,0.599,0.102,0.98,0.092,0.091,0.185,0.557,0.81,0.521,0.593,0.822,0.722,0.681,0.713,0.838,0.093,0.092,0.457,0.102,0.725,0.678,0.477,0.584,0.438,0.571,0.905,0.866,0.106,0.087,0.089,0.09,0.093,0.089,0.091,0.087,0.091,0.087,0.091,0.088,0.086
,20:59:16,46,0.089,0.089,0.088,0.091,0.089,0.087,0.088,0.089,0.091,0.09,0.089,0.087,0.09,0.095,0.117,0.15,0.081,0.109,0.135,0.103,0.099,0.107,0.183,0.088,0.091,0.108,0.091,0.161,0.091,0.096,0.119,0.095,0.096,0.123,0.117,0.087,0.089,0.12,0.1,0.092,0.11,0.098,0.102,0.106,0.101,0.106,0.103,0.087,0.09,0.732,0.615,0.723,0.088,0.639,0.507,0.712,0.603,0.102,0.979,0.092,0.091,0.184,0.557,0.809,0.522,0.591,0.822,0.722,0.68,0.711,0.835,0.092,0.091,0.455,0.102,0.725,0.679,0.474,0.581,0.439,0.571,0.904,0.866,0.109,0.087,0.089,0.09,0.093,0.089,0.091,0.087,0.091,0.087,0.09,0.088,0.086
,21:04:16,46,0.089,0.088,0.088,0.091,0.089,0.087,0.088,0.089,0.091,0.091,0.089,0.087,0.09,0.095,0.117,0.149,0.081,0.108,0.136,0.103,0.099,0.107,0.183,0.088,0.091,0.108,0.091,0.161,0.091,0.096,0.119,0.094,0.096,0.123,0.117,0.087,0.09,0.12,0.1,0.092,0.11,0.098,0.102,0.106,0.101,0.105,0.103,0.087,0.09,0.728,0.613,0.724,0.088,0.637,0.504,0.708,0.603,0.102,0.979,0.092,0.091,0.183,0.556,0.809,0.522,0.59,0.823,0.722,0.681,0.709,0.837,0.092,0.092,0.456,0.102,0.725,0.679,0.473,0.581,0.438,0.572,0.905,0.867,0.107,0.087,0.089,0.09,0.093,0.089,0.091,0.087,0.091,0.087,0.091,0.088,0.086
,21:09:16,46,0.089,0.089,0.088,0.091,0.089,0.088,0.088,0.089,0.092,0.091,0.089,0.087,0.09,0.095,0.118,0.15,0.081,0.108,0.136,0.103,0.099,0.107,0.183,0.088,0.091,0.108,0.091,0.161,0.091,0.096,0.119,0.095,0.096,0.124,0.117,0.087,0.09,0.12,0.1,0.092,0.11,0.098,0.102,0.106,0.101,0.106,0.103,0.087,0.09,0.728,0.613,0.724,0.089,0.637,0.505,0.713,0.604,0.102,0.979,0.092,0.092,0.185,0.557,0.809,0.521,0.589,0.822,0.722,0.68,0.709,0.837,0.092,0.092,0.456,0.102,0.724,0.677,0.473,0.579,0.436,0.569,0.905,0.867,0.109,0.087,0.089,0.09,0.093,0.089,0.091,0.087,0.091,0.088,0.091,0.088,0.086
,21:14:16,46,0.089,0.089,0.088,0.091,0.089,0.087,0.088,0.089,0.091,0.091,0.088,0.087,0.09,0.095,0.117,0.149,0.081,0.108,0.135,0.103,0.098,0.107,0.183,0.088,0.091,0.108,0.091,0.161,0.091,0.095,0.119,0.094,0.096,0.123,0.117,0.087,0.09,0.12,0.1,0.092,0.11,0.098,0.102,0.106,0.101,0.105,0.103,0.087,0.09,0.729,0.611,0.723,0.089,0.635,0.504,0.703,0.606,0.102,0.979,0.092,0.091,0.184,0.556,0.808,0.519,0.586,0.823,0.721,0.678,0.707,0.835,0.093,0.092,0.454,0.102,0.721,0.677,0.47,0.578,0.436,0.566,0.905,0.868,0.109,0.087,0.089,0.09,0.093,0.088,0.091,0.087,0.091,0.087,0.09,0.088,0.086
,21:19:16,46,0.089,0.089,0.088,0.092,0.089,0.088,0.088,0.089,0.092,0.091,0.089,0.087,0.09,0.095,0.118,0.15,0.081,0.109,0.136,0.103,0.099,0.107,0.183,0.088,0.091,0.109,0.091,0.161,0.091,0.096,0.119,0.095,0.096,0.123,0.117,0.087,0.09,0.12,0.101,0.092,0.111,0.098,0.102,0.106,0.101,0.106,0.104,0.087,0.09,0.73,0.612,0.724,0.089,0.635,0.506,0.704,0.601,0.102,0.979,0.092,0.092,0.184,0.557,0.808,0.52,0.585,0.821,0.722,0.677,0.708,0.835,0.093,0.092,0.455,0.102,0.722,0.677,0.471,0.576,0.436,0.569,0.905,0.868,0.108,0.087,0.09,0.09,0.093,0.089,0.091,0.087,0.091,0.087,0.091,0.088,0.086
,21:24:16,46,0.089,0.088,0.088,0.091,0.089,0.087,0.088,0.089,0.091,0.09,0.089,0.087,0.09,0.095,0.117,0.15,0.081,0.108,0.135,0.103,0.099,0.107,0.183,0.087,0.091,0.108,0.091,0.161,0.091,0.096,0.119,0.094,0.096,0.123,0.117,0.087,0.089,0.12,0.1,0.092,0.11,0.098,0.102,0.106,0.101,0.105,0.103,0.087,0.09,0.728,0.609,0.723,0.089,0.634,0.504,0.707,0.602,0.102,0.979,0.092,0.091,0.185,0.556,0.808,0.516,0.583,0.823,0.721,0.677,0.706,0.834,0.092,0.092,0.452,0.102,0.722,0.677,0.47,0.576,0.434,0.569,0.906,0.869,0.108,0.087,0.089,0.09,0.092,0.088,0.091,0.087,0.091,0.087,0.09,0.088,0.085
,21:29:16,46,0.089,0.089,0.088,0.092,0.089,0.088,0.088,0.089,0.091,0.091,0.089,0.087,0.09,0.095,0.118,0.15,0.081,0.109,0.136,0.103,0.099,0.107,0.183,0.088,0.091,0.108,0.091,0.161,0.091,0.096,0.119,0.095,0.096,0.123,0.117,0.087,0.09,0.12,0.1,0.092,0.11,0.098,0.102,0.106,0.101,0.106,0.103,0.087,0.09,0.729,0.609,0.724,0.089,0.632,0.503,0.701,0.605,0.102,0.979,0.092,0.092,0.184,0.557,0.808,0.515,0.583,0.823,0.722,0.676,0.706,0.835,0.092,0.092,0.454,0.102,0.72,0.678,0.469,0.574,0.434,0.567,0.906,0.869,0.107,0.087,0.089,0.09,0.093,0.089,0.091,0.087,0.091,0.087,0.091,0.088,0.086
,21:34:16,46,0.089,0.089,0.088,0.091,0.089,0.088,0.088,0.089,0.092,0.091,0.089,0.087,0.09,0.095,0.118,0.15,0.081,0.108,0.136,0.103,0.099,0.107,0.183,0.088,0.09,0.108,0.091,0.16,0.091,0.096,0.119,0.095,0.096,0.123,0.117,0.087,0.09,0.12,0.101,0.092,0.11,0.097,0.102,0.106,0.101,0.106,0.103,0.087,0.09,0.724,0.606,0.723,0.089,0.632,0.502,0.708,0.605,0.102,0.979,0.092,0.091,0.184,0.556,0.807,0.512,0.581,0.822,0.72,0.675,0.705,0.834,0.093,0.092,0.453,0.102,0.72,0.676,0.466,0.572,0.434,0.567,0.905,0.87,0.107,0.087,0.09,0.09,0.093,0.088,0.091,0.087,0.091,0.087,0.091,0.088,0.086
,21:39:16,45.9,0.089,0.089,0.088,0.092,0.089,0.088,0.088,0.089,0.092,0.091,0.089,0.087,0.09,0.095,0.117,0.15,0.081,0.108,0.136,0.103,0.099,0.107,0.183,0.088,0.091,0.108,0.091,0.161,0.091,0.096,0.119,0.095,0.096,0.123,0.117,0.087,0.09,0.12,0.1,0.092,0.11,0.097,0.102,0.106,0.101,0.105,0.103,0.087,0.09,0.728,0.607,0.722,0.089,0.631,0.502,0.702,0.605,0.102,0.978,0.092,0.091,0.182,0.557,0.807,0.511,0.58,0.822,0.72,0.675,0.704,0.832,0.092,0.092,0.456,0.102,0.72,0.676,0.464,0.571,0.43,0.566,0.905,0.87,0.109,0.087,0.089,0.09,0.093,0.089,0.091,0.087,0.091,0.087,0.091,0.088,0.085
,21:44:16,45.9,0.089,0.089,0.088,0.091,0.089,0.088,0.088,0.089,0.091,0.091,0.089,0.087,0.09,0.095,0.117,0.149,0.081,0.108,0.136,0.103,0.099,0.107,0.184,0.088,0.091,0.108,0.091,0.161,0.091,0.095,0.119,0.095,0.096,0.123,0.117,0.087,0.09,0.12,0.1,0.092,0.11,0.097,0.102,0.106,0.101,0.105,0.103,0.087,0.09,0.725,0.607,0.723,0.089,0.63,0.502,0.701,0.603,0.102,0.979,0.092,0.092,0.183,0.557,0.807,0.519,0.577,0.823,0.72,0.673,0.701,0.833,0.093,0.092,0.456,0.102,0.719,0.675,0.464,0.57,0.431,0.566,0.905,0.871,0.107,0.087,0.089,0.09,0.092,0.089,0.091,0.087,0.091,0.087,0.09,0.088,0.085
,21:49:16,45.9,0.089,0.088,0.088,0.091,0.089,0.087,0.088,0.089,0.091,0.091,0.089,0.087,0.09,0.095,0.117,0.15,0.081,0.108,0.135,0.103,0.099,0.107,0.183,0.088,0.09,0.108,0.09,0.161,0.091,0.095,0.118,0.094,0.096,0.123,0.117,0.087,0.089,0.12,0.1,0.092,0.11,0.097,0.102,0.106,0.1,0.106,0.103,0.087,0.09,0.724,0.604,0.722,0.088,0.63,0.501,0.705,0.604,0.102,0.979,0.092,0.091,0.181,0.556,0.806,0.518,0.577,0.822,0.72,0.673,0.702,0.831,0.092,0.092,0.453,0.102,0.72,0.676,0.462,0.568,0.432,0.566,0.905,0.871,0.105,0.087,0.089,0.09,0.092,0.088,0.091,0.087,0.091,0.087,0.09,0.088,0.085
,21:54:16,45.9,0.089,0.088,0.088,0.091,0.089,0.087,0.088,0.089,0.091,0.091,0.089,0.087,0.09,0.095,0.117,0.15,0.081,0.108,0.135,0.103,0.099,0.107,0.184,0.088,0.091,0.108,0.091,0.161,0.091,0.095,0.118,0.095,0.096,0.123,0.117,0.087,0.09,0.12,0.1,0.092,0.11,0.097,0.102,0.106,0.1,0.105,0.103,0.087,0.09,0.726,0.605,0.723,0.089,0.627,0.499,0.702,0.604,0.102,0.978,0.092,0.091,0.182,0.557,0.806,0.518,0.576,0.822,0.721,0.671,0.698,0.832,0.092,0.091,0.459,0.102,0.719,0.674,0.46,0.567,0.43,0.564,0.906,0.871,0.107,0.087,0.089,0.09,0.092,0.089,0.091,0.087,0.091,0.087,0.09,0.088,0.085
,21:59:16,46,0.089,0.088,0.088,0.091,0.089,0.087,0.088,0.089,0.091,0.09,0.089,0.087,0.09,0.094,0.117,0.15,0.081,0.108,0.136,0.103,0.098,0.107,0.183,0.088,0.091,0.108,0.091,0.161,0.091,0.095,0.118,0.094,0.096,0.123,0.117,0.087,0.09,0.12,0.1,0.092,0.11,0.097,0.102,0.106,0.1,0.105,0.103,0.087,0.09,0.725,0.603,0.721,0.088,0.627,0.501,0.7,0.603,0.102,0.979,0.092,0.091,0.181,0.556,0.805,0.517,0.574,0.823,0.72,0.67,0.699,0.829,0.093,0.092,0.455,0.102,0.716,0.674,0.459,0.566,0.429,0.565,0.906,0.872,0.106,0.087,0.089,0.09,0.093,0.088,0.091,0.087,0.091,0.087,0.09,0.088,0.085
,22:04:16,45.9,0.089,0.088,0.088,0.091,0.089,0.087,0.088,0.089,0.091,0.091,0.089,0.087,0.09,0.095,0.117,0.15,0.081,0.108,0.136,0.103,0.099,0.107,0.183,0.088,0.091,0.108,0.09,0.161,0.091,0.095,0.118,0.094,0.096,0.123,0.117,0.087,0.089,0.12,0.1,0.092,0.11,0.097,0.102,0.106,0.101,0.105,0.103,0.087,0.09,0.727,0.6,0.722,0.088,0.625,0.499,0.698,0.602,0.102,0.978,0.092,0.091,0.182,0.556,0.806,0.515,0.572,0.822,0.72,0.67,0.698,0.83,0.093,0.092,0.455,0.102,0.716,0.674,0.459,0.564,0.429,0.564,0.906,0.873,0.108,0.087,0.089,0.09,0.093,0.088,0.091,0.087,0.091,0.087,0.09,0.088,0.085
,,,,,,,,,,,,,,,,,,,,,,,,,,,,,,,,,,,,,,,,,,,,,,,,,,,,,,,,,,,,,,,,,,,,,,,,,,,,,,,,,,,,,,,,,,,,,,,,,,
Results,,,,,,,,,,,,,,,,,,,,,,,,,,,,,,,,,,,,,,,,,,,,,,,,,,,,,,,,,,,,,,,,,,,,,,,,,,,,,,,,,,,,,,,,,,,,,,,,,,
,,,,,,,,,,,,,,,,,,,,,,,,,,,,,,,,,,,,,,,,,,,,,,,,,,,,,,,,,,,,,,,,,,,,,,,,,,,,,,,,,,,,,,,,,,,,,,,,,,
,,1,2,3,4,5,6,7,8,9,10,11,12,,,,,,,,,,,,,,,,,,,,,,,,,,,,,,,,,,,,,,,,,,,,,,,,,,,,,,,,,,,,,,,,,,,,,,,,,,,,,,,,,,,,,
,A,0.058,-0.032,-0.03,-0.366,-0.026,0.026,-0.024,-0.02,-0.064,-0.028,-0.024,-0.052,Max V [600],,,,,,,,,,,,,,,,,,,,,,,,,,,,,,,,,,,,,,,,,,,,,,,,,,,,,,,,,,,,,,,,,,,,,,,,,,,,,,,,,,,,
,,0.964,0.914,0.781,0.862,0.768,0.445,0.75,0.431,0.661,0.925,0.9,0.671,R-Squared [600],,,,,,,,,,,,,,,,,,,,,,,,,,,,,,,,,,,,,,,,,,,,,,,,,,,,,,,,,,,,,,,,,,,,,,,,,,,,,,,,,,,,
,,19:54:16,0:14:16,0:14:16,0:19:16,1:49:16,10:29:16,11:39:16,6:39:16,7:04:16,14:34:16,14:34:16,2:09:16,t at Max V [600],,,,,,,,,,,,,,,,,,,,,,,,,,,,,,,,,,,,,,,,,,,,,,,,,,,,,,,,,,,,,,,,,,,,,,,,,,,,,,,,,,,,
,,20:19:26,?????,?????,0:10:51,1:22:21,10:36:58,11:40:56,6:27:16,7:07:42,14:36:25,14:42:36,2:17:21,Lagtime [600],,,,,,,,,,,,,,,,,,,,,,,,,,,,,,,,,,,,,,,,,,,,,,,,,,,,,,,,,,,,,,,,,,,,,,,,,,,,,,,,,,,,
,B,-0.036,0.196,0.222,0.448,0.318,0.278,0.34,0.11,0.174,0.132,0.216,-0.026,Max V [600],,,,,,,,,,,,,,,,,,,,,,,,,,,,,,,,,,,,,,,,,,,,,,,,,,,,,,,,,,,,,,,,,,,,,,,,,,,,,,,,,,,,
,,0.835,0.995,0.998,0.998,0.792,0.986,0.999,0.992,0.722,0.997,0.997,0.899,R-Squared [600],,,,,,,,,,,,,,,,,,,,,,,,,,,,,,,,,,,,,,,,,,,,,,,,,,,,,,,,,,,,,,,,,,,,,,,,,,,,,,,,,,,,
,,0:14:16,0:24:16,0:39:16,0:39:16,2:54:16,0:39:16,0:44:16,0:44:16,0:19:16,0:34:16,7:34:16,11:39:16,t at Max V [600],,,,,,,,,,,,,,,,,,,,,,,,,,,,,,,,,,,,,,,,,,,,,,,,,,,,,,,,,,,,,,,,,,,,,,,,,,,,,,,,,,,,
,,?????,0:12:20,0:14:30,0:13:33,2:50:41,0:19:03,0:16:27,0:16:49,0:12:15,0:17:45,3:51:07,11:34:39,Lagtime [600],,,,,,,,,,,,,,,,,,,,,,,,,,,,,,,,,,,,,,,,,,,,,,,,,,,,,,,,,,,,,,,,,,,,,,,,,,,,,,,,,,,,
,C,-0.026,0.166,0.184,0.468,0.28,0.234,0.28,0.078,0.194,0.28,0.144,0.026,Max V [600],,,,,,,,,,,,,,,,,,,,,,,,,,,,,,,,,,,,,,,,,,,,,,,,,,,,,,,,,,,,,,,,,,,,,,,,,,,,,,,,,,,,
,,0.671,0.991,0.895,0.998,0.995,0.997,0.989,0.98,0.973,0.996,0.988,0.797,R-Squared [600],,,,,,,,,,,,,,,,,,,,,,,,,,,,,,,,,,,,,,,,,,,,,,,,,,,,,,,,,,,,,,,,,,,,,,,,,,,,,,,,,,,,
,,0:14:16,0:34:16,0:49:16,0:34:16,0:24:16,0:39:16,0:49:16,0:34:16,0:34:16,0:49:16,0:39:16,12:59:16,t at Max V [600],,,,,,,,,,,,,,,,,,,,,,,,,,,,,,,,,,,,,,,,,,,,,,,,,,,,,,,,,,,,,,,,,,,,,,,,,,,,,,,,,,,,
,,?????,0:34:38,0:30:28,0:14:26,0:12:03,0:30:38,0:26:20,0:23:14,0:21:17,0:18:20,0:22:28,13:04:39,Lagtime [600],,,,,,,,,,,,,,,,,,,,,,,,,,,,,,,,,,,,,,,,,,,,,,,,,,,,,,,,,,,,,,,,,,,,,,,,,,,,,,,,,,,,
,D,-0.026,0.168,0.104,0.108,0.184,0.468,0.156,0.16,0.102,0.144,0.16,-0.026,Max V [600],,,,,,,,,,,,,,,,,,,,,,,,,,,,,,,,,,,,,,,,,,,,,,,,,,,,,,,,,,,,,,,,,,,,,,,,,,,,,,,,,,,,
,,0.983,0.998,0.991,0.761,0.948,0.999,0.995,0.998,0.956,0.995,0.846,0.728,R-Squared [600],,,,,,,,,,,,,,,,,,,,,,,,,,,,,,,,,,,,,,,,,,,,,,,,,,,,,,,,,,,,,,,,,,,,,,,,,,,,,,,,,,,,
,,7:14:16,0:34:16,0:29:16,0:34:16,0:24:16,0:44:16,0:39:16,0:44:16,0:49:16,0:49:16,1:24:16,15:29:16,t at Max V [600],,,,,,,,,,,,,,,,,,,,,,,,,,,,,,,,,,,,,,,,,,,,,,,,,,,,,,,,,,,,,,,,,,,,,,,,,,,,,,,,,,,,
,,7:04:16,0:21:39,0:18:53,0:30:12,0:14:55,0:15:56,0:11:19,0:18:54,0:26:43,0:23:43,0:38:31,15:19:16,Lagtime [600],,,,,,,,,,,,,,,,,,,,,,,,,,,,,,,,,,,,,,,,,,,,,,,,,,,,,,,,,,,,,,,,,,,,,,,,,,,,,,,,,,,,
,E,0.024,2.364,2.916,2.99,-0.028,2.898,2.096,4.144,1.846,0.082,4.262,-0.03,Max V [600],,,,,,,,,,,,,,,,,,,,,,,,,,,,,,,,,,,,,,,,,,,,,,,,,,,,,,,,,,,,,,,,,,,,,,,,,,,,,,,,,,,,
,,0.9,0.822,1,1,0.86,0.999,0.995,0.988,0.98,0.94,1,0.605,R-Squared [600],,,,,,,,,,,,,,,,,,,,,,,,,,,,,,,,,,,,,,,,,,,,,,,,,,,,,,,,,,,,,,,,,,,,,,,,,,,,,,,,,,,,
,,4:29:16,8:39:16,2:39:16,3:34:16,0:14:16,2:59:16,8:59:16,5:39:16,8:09:16,0:29:16,2:49:16,0:14:16,t at Max V [600],,,,,,,,,,,,,,,,,,,,,,,,,,,,,,,,,,,,,,,,,,,,,,,,,,,,,,,,,,,,,,,,,,,,,,,,,,,,,,,,,,,,
,,4:50:06,5:04:15,1:18:32,2:15:36,?????,1:41:01,6:34:47,3:55:46,4:25:14,0:23:25,1:46:11,?????,Lagtime [600],,,,,,,,,,,,,,,,,,,,,,,,,,,,,,,,,,,,,,,,,,,,,,,,,,,,,,,,,,,,,,,,,,,,,,,,,,,,,,,,,,,,
,F,-0.042,0.534,2.19,2.986,2.838,2.648,3.252,2.716,2.812,3.388,3.91,-0.022,Max V [600],,,,,,,,,,,,,,,,,,,,,,,,,,,,,,,,,,,,,,,,,,,,,,,,,,,,,,,,,,,,,,,,,,,,,,,,,,,,,,,,,,,,
,,0.896,0.997,1,1,0.995,0.999,1,1,0.999,1,1,0.796,R-Squared [600],,,,,,,,,,,,,,,,,,,,,,,,,,,,,,,,,,,,,,,,,,,,,,,,,,,,,,,,,,,,,,,,,,,,,,,,,,,,,,,,,,,,
,,0:19:16,2:24:16,4:29:16,2:54:16,5:54:16,3:04:16,2:49:16,4:49:16,3:04:16,2:54:16,3:19:16,9:29:16,t at Max V [600],,,,,,,,,,,,,,,,,,,,,,,,,,,,,,,,,,,,,,,,,,,,,,,,,,,,,,,,,,,,,,,,,,,,,,,,,,,,,,,,,,,,
,,?????,1:06:02,2:35:33,1:36:48,3:29:00,1:37:43,1:29:33,2:53:40,1:33:41,1:39:58,1:47:14,8:51:05,Lagtime [600],,,,,,,,,,,,,,,,,,,,,,,,,,,,,,,,,,,,,,,,,,,,,,,,,,,,,,,,,,,,,,,,,,,,,,,,,,,,,,,,,,,,
,G,-0.022,1.016,0.358,3.054,2.238,3.224,2.604,1.7,2.138,3.996,3.82,0.438,Max V [600],,,,,,,,,,,,,,,,,,,,,,,,,,,,,,,,,,,,,,,,,,,,,,,,,,,,,,,,,,,,,,,,,,,,,,,,,,,,,,,,,,,,
,,0.864,0.983,0.977,0.999,1,0.967,0.999,0.999,1,1,1,0.42,R-Squared [600],,,,,,,,,,,,,,,,,,,,,,,,,,,,,,,,,,,,,,,,,,,,,,,,,,,,,,,,,,,,,,,,,,,,,,,,,,,,,,,,,,,,
,,13:39:16,8:59:16,3:39:16,3:49:16,4:04:16,5:59:16,6:04:16,1:49:16,3:19:16,2:29:16,4:24:16,0:24:16,t at Max V [600],,,,,,,,,,,,,,,,,,,,,,,,,,,,,,,,,,,,,,,,,,,,,,,,,,,,,,,,,,,,,,,,,,,,,,,,,,,,,,,,,,,,
,,13:16:32,5:54:38,1:52:30,2:28:23,2:23:04,3:37:56,3:17:15,1:09:05,1:56:01,1:17:38,2:45:43,0:12:32,Lagtime [600],,,,,,,,,,,,,,,,,,,,,,,,,,,,,,,,,,,,,,,,,,,,,,,,,,,,,,,,,,,,,,,,,,,,,,,,,,,,,,,,,,,,
,H,0.026,-0.026,-0.036,-0.026,0.024,-0.032,0.032,-0.03,-0.026,0.028,0.024,-0.032,Max V [600],,,,,,,,,,,,,,,,,,,,,,,,,,,,,,,,,,,,,,,,,,,,,,,,,,,,,,,,,,,,,,,,,,,,,,,,,,,,,,,,,,,,
,,0.813,0.797,0.771,0.631,0.621,0.771,0.78,0.75,0.671,0.942,0.379,0.831,R-Squared [600],,,,,,,,,,,,,,,,,,,,,,,,,,,,,,,,,,,,,,,,,,,,,,,,,,,,,,,,,,,,,,,,,,,,,,,,,,,,,,,,,,,,
,,13:29:16,1:49:16,0:14:16,0:14:16,10:24:16,9:29:16,10:29:16,0:44:16,3:54:16,10:24:16,15:49:16,21:39:16,t at Max V [600],,,,,,,,,,,,,,,,,,,,,,,,,,,,,,,,,,,,,,,,,,,,,,,,,,,,,,,,,,,,,,,,,,,,,,,,,,,,,,,,,,,,
,,13:28:30,1:23:53,?????,?????,10:30:06,9:09:16,10:45:31,0:30:56,3:40:25,10:41:25,16:10:06,19:59:54,Lagtime [600],,,,,,,,,,,,,,,,,,,,,,,,,,,,,,,,,,,,,,,,,,,,,,,,,,,,,,,,,,,,,,,,,,,,,,,,,,,,,,,,,,,,
