Software Version,3.11.19,,,,,,,,,,,,,,,,,,,,,,,,,,,,,,,,,,,,,,,,,,,,,,,,,,,,,,,,,,,,,,,,,,,,,,,,,,,,,,,,,,,,,,,,,,,,,,,,,
,,,,,,,,,,,,,,,,,,,,,,,,,,,,,,,,,,,,,,,,,,,,,,,,,,,,,,,,,,,,,,,,,,,,,,,,,,,,,,,,,,,,,,,,,,,,,,,,,,
Experiment File Path:,C:\Users\jelab\Documents\Gen 5\Edward Liu\Experiment13.xpt,,,,,,,,,,,,,,,,,,,,,,,,,,,,,,,,,,,,,,,,,,,,,,,,,,,,,,,,,,,,,,,,,,,,,,,,,,,,,,,,,,,,,,,,,,,,,,,,,
Protocol File Path:,C:\Users\jelab\Documents\Gen 5\Edward Liu\epoch prot\RIFRxT 48c .prt,,,,,,,,,,,,,,,,,,,,,,,,,,,,,,,,,,,,,,,,,,,,,,,,,,,,,,,,,,,,,,,,,,,,,,,,,,,,,,,,,,,,,,,,,,,,,,,,,
Plate Number,Plate 1,,,,,,,,,,,,,,,,,,,,,,,,,,,,,,,,,,,,,,,,,,,,,,,,,,,,,,,,,,,,,,,,,,,,,,,,,,,,,,,,,,,,,,,,,,,,,,,,,
Date,24/03/2026,,,,,,,,,,,,,,,,,,,,,,,,,,,,,,,,,,,,,,,,,,,,,,,,,,,,,,,,,,,,,,,,,,,,,,,,,,,,,,,,,,,,,,,,,,,,,,,,,
Time,10:17:51 AM,,,,,,,,,,,,,,,,,,,,,,,,,,,,,,,,,,,,,,,,,,,,,,,,,,,,,,,,,,,,,,,,,,,,,,,,,,,,,,,,,,,,,,,,,,,,,,,,,
Reader Type:,Epoch 2,,,,,,,,,,,,,,,,,,,,,,,,,,,,,,,,,,,,,,,,,,,,,,,,,,,,,,,,,,,,,,,,,,,,,,,,,,,,,,,,,,,,,,,,,,,,,,,,,
Reader Serial Number:,23032330,,,,,,,,,,,,,,,,,,,,,,,,,,,,,,,,,,,,,,,,,,,,,,,,,,,,,,,,,,,,,,,,,,,,,,,,,,,,,,,,,,,,,,,,,,,,,,,,,
Reading Type,Reader,,,,,,,,,,,,,,,,,,,,,,,,,,,,,,,,,,,,,,,,,,,,,,,,,,,,,,,,,,,,,,,,,,,,,,,,,,,,,,,,,,,,,,,,,,,,,,,,,
,,,,,,,,,,,,,,,,,,,,,,,,,,,,,,,,,,,,,,,,,,,,,,,,,,,,,,,,,,,,,,,,,,,,,,,,,,,,,,,,,,,,,,,,,,,,,,,,,,
Procedure Details,,,,,,,,,,,,,,,,,,,,,,,,,,,,,,,,,,,,,,,,,,,,,,,,,,,,,,,,,,,,,,,,,,,,,,,,,,,,,,,,,,,,,,,,,,,,,,,,,,
Plate Type,96 WELL PLATE (Use plate lid),,,,,,,,,,,,,,,,,,,,,,,,,,,,,,,,,,,,,,,,,,,,,,,,,,,,,,,,,,,,,,,,,,,,,,,,,,,,,,,,,,,,,,,,,,,,,,,,,
Eject plate on completion,,,,,,,,,,,,,,,,,,,,,,,,,,,,,,,,,,,,,,,,,,,,,,,,,,,,,,,,,,,,,,,,,,,,,,,,,,,,,,,,,,,,,,,,,,,,,,,,,,
Set Temperature,"Setpoint 48°C, Gradient 0 °C",,,,,,,,,,,,,,,,,,,,,,,,,,,,,,,,,,,,,,,,,,,,,,,,,,,,,,,,,,,,,,,,,,,,,,,,,,,,,,,,,,,,,,,,,,,,,,,,,
,Preheat before moving to next step,,,,,,,,,,,,,,,,,,,,,,,,,,,,,,,,,,,,,,,,,,,,,,,,,,,,,,,,,,,,,,,,,,,,,,,,,,,,,,,,,,,,,,,,,,,,,,,,,
Start Kinetic,"Runtime 22:00:00 (HH:MM:SS), Interval 0:05:00, 265 Reads",,,,,,,,,,,,,,,,,,,,,,,,,,,,,,,,,,,,,,,,,,,,,,,,,,,,,,,,,,,,,,,,,,,,,,,,,,,,,,,,,,,,,,,,,,,,,,,,,
    Shake,Linear: Continuous,,,,,,,,,,,,,,,,,,,,,,,,,,,,,,,,,,,,,,,,,,,,,,,,,,,,,,,,,,,,,,,,,,,,,,,,,,,,,,,,,,,,,,,,,,,,,,,,,
,Frequency: 567 cpm (3 mm),,,,,,,,,,,,,,,,,,,,,,,,,,,,,,,,,,,,,,,,,,,,,,,,,,,,,,,,,,,,,,,,,,,,,,,,,,,,,,,,,,,,,,,,,,,,,,,,,
    Read,Absorbance Endpoint,,,,,,,,,,,,,,,,,,,,,,,,,,,,,,,,,,,,,,,,,,,,,,,,,,,,,,,,,,,,,,,,,,,,,,,,,,,,,,,,,,,,,,,,,,,,,,,,,
,Full Plate,,,,,,,,,,,,,,,,,,,,,,,,,,,,,,,,,,,,,,,,,,,,,,,,,,,,,,,,,,,,,,,,,,,,,,,,,,,,,,,,,,,,,,,,,,,,,,,,,
,Wavelengths:  600,,,,,,,,,,,,,,,,,,,,,,,,,,,,,,,,,,,,,,,,,,,,,,,,,,,,,,,,,,,,,,,,,,,,,,,,,,,,,,,,,,,,,,,,,,,,,,,,,
,"Read Speed: Normal,  Delay: 100 msec,  Measurements/Data Point: 8",,,,,,,,,,,,,,,,,,,,,,,,,,,,,,,,,,,,,,,,,,,,,,,,,,,,,,,,,,,,,,,,,,,,,,,,,,,,,,,,,,,,,,,,,,,,,,,,,
End Kinetic,,,,,,,,,,,,,,,,,,,,,,,,,,,,,,,,,,,,,,,,,,,,,,,,,,,,,,,,,,,,,,,,,,,,,,,,,,,,,,,,,,,,,,,,,,,,,,,,,,
,,,,,,,,,,,,,,,,,,,,,,,,,,,,,,,,,,,,,,,,,,,,,,,,,,,,,,,,,,,,,,,,,,,,,,,,,,,,,,,,,,,,,,,,,,,,,,,,,,
600,,,,,,,,,,,,,,,,,,,,,,,,,,,,,,,,,,,,,,,,,,,,,,,,,,,,,,,,,,,,,,,,,,,,,,,,,,,,,,,,,,,,,,,,,,,,,,,,,,
,,,,,,,,,,,,,,,,,,,,,,,,,,,,,,,,,,,,,,,,,,,,,,,,,,,,,,,,,,,,,,,,,,,,,,,,,,,,,,,,,,,,,,,,,,,,,,,,,,
,Time,T° 600,A1,A2,A3,A4,A5,A6,A7,A8,A9,A10,A11,A12,B1,B2,B3,B4,B5,B6,B7,B8,B9,B10,B11,B12,C1,C2,C3,C4,C5,C6,C7,C8,C9,C10,C11,C12,D1,D2,D3,D4,D5,D6,D7,D8,D9,D10,D11,D12,E1,E2,E3,E4,E5,E6,E7,E8,E9,E10,E11,E12,F1,F2,F3,F4,F5,F6,F7,F8,F9,F10,F11,F12,G1,G2,G3,G4,G5,G6,G7,G8,G9,G10,G11,G12,H1,H2,H3,H4,H5,H6,H7,H8,H9,H10,H11,H12
,0:04:16,48,0.0865,0.0865,0.087,0.0867,0.0881,0.0901,0.0866,0.086,0.0867,0.0858,0.0871,0.09,0.0916,0.1104,0.1197,0.1096,0.129,0.1207,0.1058,0.1091,0.0905,0.0871,0.0998,0.0857,0.0877,0.0811,0.1168,0.1214,0.1397,0.0962,0.1203,0.1181,0.1089,0.1256,0.0927,0.0851,0.0863,0.1124,0.0999,0.1546,0.1151,0.0977,0.0967,0.1072,0.1153,0.1192,0.1029,0.0855,0.086,0.1027,0.1081,0.1085,0.14,0.108,0.0993,0.0982,0.097,0.0917,0.0961,0.09,0.0858,0.0866,0.1009,0.1052,0.1361,0.0935,0.101,0.1044,0.102,0.1029,0.0961,0.0867,0.0891,0.1173,0.097,0.1033,0.1128,0.1038,0.095,0.1111,0.1034,0.1058,0.0958,0.0855,0.0876,0.0874,0.092,0.0853,0.0868,0.0869,0.0852,0.086,0.0851,0.0851,0.0868,0.0862
,0:09:16,48,0.0863,0.0861,0.0868,0.0869,0.0876,0.0878,0.0861,0.0854,0.0865,0.0856,0.0866,0.0885,0.0923,0.1108,0.12,0.1098,0.13,0.1221,0.1066,0.1095,0.0905,0.0868,0.1004,0.0852,0.0875,0.081,0.1181,0.1219,0.1425,0.0963,0.1212,0.1164,0.1095,0.1278,0.0932,0.085,0.0859,0.115,0.1004,0.1557,0.1157,0.0984,0.0972,0.1082,0.1162,0.1209,0.1039,0.0854,0.0859,0.1039,0.11,0.1089,0.1445,0.1091,0.0992,0.0986,0.0977,0.0913,0.0965,0.0897,0.0856,0.0865,0.1009,0.1065,0.14,0.0933,0.1028,0.1065,0.1027,0.1037,0.0964,0.0866,0.0888,0.1188,0.0976,0.1048,0.1133,0.1043,0.0956,0.113,0.1038,0.1063,0.0959,0.0856,0.087,0.087,0.0915,0.0852,0.0867,0.0864,0.0847,0.0853,0.0847,0.0847,0.0866,0.0857
,0:14:16,47.9,0.0861,0.0859,0.0865,0.0868,0.0874,0.0886,0.086,0.0854,0.0861,0.0855,0.0864,0.0886,0.0909,0.1118,0.1205,0.1115,0.131,0.1244,0.1078,0.1111,0.0909,0.0868,0.1018,0.0853,0.0873,0.0807,0.1199,0.1224,0.1465,0.0965,0.1234,0.1179,0.1097,0.1294,0.0937,0.0849,0.0856,0.1164,0.1013,0.1591,0.1165,0.0995,0.0979,0.1097,0.1184,0.1239,0.1052,0.0853,0.0856,0.1061,0.1129,0.1104,0.1519,0.1117,0.1001,0.0997,0.0977,0.0918,0.0967,0.0894,0.0857,0.0862,0.1023,0.1086,0.1467,0.094,0.1058,0.1063,0.1037,0.1056,0.097,0.0866,0.0885,0.1223,0.0983,0.1074,0.1161,0.1063,0.0966,0.1163,0.1058,0.1076,0.0969,0.0853,0.0868,0.0869,0.0909,0.0849,0.0865,0.0862,0.0847,0.0855,0.0848,0.0846,0.0868,0.0856
,0:19:16,47.9,0.0859,0.086,0.0867,0.0873,0.0877,0.0865,0.0859,0.0853,0.0863,0.0854,0.0864,0.0876,0.0931,0.1139,0.1226,0.1137,0.1336,0.1275,0.1098,0.1133,0.0914,0.0872,0.1031,0.0852,0.0874,0.0807,0.1225,0.1242,0.1509,0.0978,0.1263,0.1213,0.1113,0.1333,0.095,0.0852,0.0856,0.1183,0.1027,0.1647,0.1183,0.1007,0.0993,0.1122,0.1212,0.1269,0.1073,0.085,0.0857,0.1091,0.117,0.1133,0.1624,0.1151,0.1014,0.1012,0.0982,0.0926,0.0982,0.0892,0.0854,0.0863,0.1052,0.1128,0.1556,0.0945,0.1076,0.109,0.1053,0.1088,0.0984,0.0867,0.0887,0.1278,0.1005,0.1113,0.1203,0.1088,0.098,0.1221,0.1087,0.1099,0.0989,0.0856,0.0867,0.087,0.091,0.0851,0.0864,0.0862,0.0846,0.0855,0.0849,0.0847,0.0865,0.0857
,0:24:16,47.9,0.0861,0.0859,0.0868,0.0876,0.0876,0.0886,0.0862,0.0859,0.0863,0.0854,0.0867,0.0886,0.0904,0.1162,0.1247,0.1167,0.1375,0.131,0.112,0.1149,0.0922,0.0878,0.1043,0.0855,0.0875,0.0809,0.1243,0.1273,0.155,0.0987,0.1296,0.1234,0.1129,0.1365,0.0957,0.0848,0.0858,0.12,0.1039,0.1704,0.1201,0.1018,0.1008,0.1137,0.1243,0.1287,0.1092,0.0851,0.0858,0.1128,0.1222,0.1164,0.1737,0.1187,0.1031,0.1036,0.0993,0.0932,0.0999,0.0895,0.0857,0.0862,0.1077,0.1162,0.1657,0.0956,0.1116,0.1118,0.1073,0.1119,0.0997,0.0869,0.0888,0.133,0.1018,0.1157,0.1255,0.112,0.1004,0.1279,0.112,0.112,0.1007,0.0856,0.087,0.0867,0.0908,0.0848,0.0866,0.0868,0.0846,0.0854,0.085,0.0846,0.0868,0.0858
,0:29:16,47.9,0.086,0.0858,0.0864,0.0881,0.0875,0.0882,0.086,0.0855,0.0864,0.0853,0.0866,0.0884,0.0903,0.1189,0.1273,0.1189,0.1417,0.1338,0.1142,0.1171,0.0928,0.0879,0.1057,0.0852,0.0871,0.0806,0.127,0.1309,0.1591,0.0998,0.1329,0.1258,0.1148,0.1404,0.0968,0.0845,0.0856,0.1224,0.1051,0.1755,0.1218,0.103,0.1019,0.1168,0.1271,0.1315,0.1114,0.0852,0.0855,0.1164,0.1273,0.1202,0.1862,0.1225,0.1049,0.1056,0.1,0.0941,0.1019,0.0893,0.0857,0.0861,0.111,0.1195,0.1758,0.0962,0.1151,0.1154,0.1094,0.1156,0.1011,0.0868,0.0886,0.1389,0.1035,0.1196,0.1305,0.1155,0.1023,0.1339,0.116,0.1141,0.1023,0.0854,0.087,0.0866,0.0907,0.0851,0.0863,0.086,0.0847,0.0854,0.0848,0.0845,0.0867,0.0859
,0:34:16,47.9,0.0858,0.0861,0.0866,0.0886,0.0876,0.0889,0.0862,0.0857,0.0865,0.0856,0.0867,0.0887,0.0898,0.1215,0.1296,0.1215,0.1457,0.137,0.1161,0.1192,0.0933,0.0885,0.1076,0.0856,0.0873,0.0808,0.1298,0.1337,0.1642,0.101,0.1359,0.1283,0.1174,0.1447,0.0978,0.085,0.0857,0.1243,0.1064,0.1805,0.1237,0.1047,0.1035,0.1194,0.1302,0.1351,0.1131,0.085,0.0858,0.1208,0.1329,0.1247,0.1992,0.1266,0.1074,0.1086,0.101,0.0951,0.1037,0.0895,0.0858,0.0867,0.1141,0.1231,0.1857,0.0971,0.1189,0.1186,0.1114,0.1193,0.1026,0.087,0.0887,0.1455,0.1051,0.1244,0.136,0.119,0.1044,0.1389,0.1196,0.1161,0.1039,0.0857,0.087,0.0868,0.0908,0.0848,0.0865,0.0862,0.0847,0.0855,0.0848,0.0848,0.0869,0.086
,0:39:16,48,0.086,0.0859,0.0868,0.0898,0.0877,0.0877,0.086,0.0858,0.0865,0.0855,0.0866,0.0884,0.0903,0.1231,0.131,0.1235,0.1487,0.1388,0.118,0.121,0.0937,0.0887,0.1093,0.0855,0.0873,0.0807,0.1321,0.1368,0.1688,0.1017,0.1381,0.1301,0.1187,0.148,0.0985,0.085,0.0856,0.1258,0.1076,0.1842,0.1251,0.1056,0.1045,0.1211,0.1332,0.1369,0.1147,0.0852,0.0856,0.1248,0.1388,0.1291,0.2121,0.1306,0.1095,0.1114,0.1018,0.096,0.106,0.0895,0.0859,0.0865,0.1174,0.1273,0.1964,0.0979,0.1227,0.1221,0.1138,0.123,0.1039,0.087,0.0887,0.1531,0.1065,0.1291,0.1418,0.1224,0.1069,0.1456,0.1241,0.1176,0.106,0.0858,0.0869,0.0869,0.0908,0.085,0.0866,0.0864,0.0847,0.0855,0.0847,0.0846,0.0867,0.0861
,0:44:16,48,0.0859,0.086,0.0867,0.0901,0.0881,0.0886,0.0862,0.0857,0.0865,0.0854,0.0869,0.0884,0.0902,0.1241,0.1316,0.1242,0.1505,0.1402,0.1191,0.1222,0.0941,0.089,0.1111,0.0854,0.0875,0.0807,0.1336,0.1381,0.1717,0.1027,0.1394,0.1316,0.1198,0.1501,0.0987,0.0852,0.0858,0.1266,0.1081,0.1869,0.1259,0.1065,0.1047,0.1222,0.1348,0.1381,0.1158,0.0852,0.0857,0.1291,0.1467,0.1329,0.2265,0.1345,0.1119,0.1138,0.1026,0.0968,0.108,0.0894,0.0859,0.0865,0.1219,0.1316,0.2084,0.0988,0.1271,0.1261,0.117,0.1274,0.1051,0.0871,0.0889,0.1606,0.1084,0.1349,0.1484,0.1261,0.1098,0.1531,0.1285,0.1196,0.1081,0.0858,0.0869,0.0869,0.0908,0.0849,0.0865,0.0864,0.0849,0.0864,0.0851,0.0851,0.0868,0.086
,0:49:16,48,0.0858,0.0858,0.0867,0.0906,0.0884,0.0885,0.0861,0.0858,0.0866,0.0852,0.0867,0.0883,0.0904,0.1249,0.1325,0.1249,0.1521,0.1412,0.1197,0.1228,0.0942,0.0891,0.112,0.0852,0.0874,0.0806,0.1343,0.1392,0.1729,0.1029,0.1408,0.1324,0.1206,0.1514,0.0987,0.085,0.0856,0.1275,0.1087,0.189,0.1266,0.1068,0.1052,0.1225,0.1366,0.1387,0.116,0.085,0.0857,0.1342,0.153,0.1374,0.2417,0.1393,0.1136,0.1179,0.1033,0.0977,0.1106,0.0895,0.0856,0.0863,0.1257,0.1358,0.2209,0.0994,0.1315,0.1295,0.1195,0.1317,0.106,0.0868,0.0885,0.1684,0.1103,0.1408,0.1544,0.1295,0.1123,0.1599,0.1328,0.1207,0.1106,0.0857,0.087,0.0869,0.0908,0.0849,0.0868,0.0865,0.0846,0.0856,0.085,0.0848,0.0867,0.0861
,0:54:16,48,0.0859,0.0859,0.0867,0.0906,0.0878,0.0883,0.0866,0.0857,0.0864,0.0856,0.0867,0.0883,0.0905,0.1253,0.1329,0.1252,0.1531,0.1424,0.1201,0.1237,0.0941,0.0894,0.1129,0.0854,0.0875,0.0807,0.135,0.1396,0.1748,0.1044,0.141,0.1334,0.1213,0.1525,0.099,0.0849,0.0859,0.128,0.1092,0.1903,0.1272,0.1075,0.1052,0.1234,0.1376,0.1394,0.1165,0.0853,0.0857,0.1381,0.1609,0.1419,0.2554,0.1445,0.1161,0.121,0.1042,0.0987,0.1128,0.0897,0.086,0.0865,0.1307,0.1404,0.2338,0.1002,0.1364,0.1328,0.1224,0.1366,0.1073,0.0869,0.0886,0.1758,0.1123,0.146,0.1597,0.133,0.115,0.1676,0.1374,0.1223,0.1128,0.0858,0.0869,0.0868,0.0907,0.085,0.0867,0.0861,0.0848,0.0855,0.0849,0.0847,0.0868,0.0859
,0:59:16,47.9,0.0858,0.086,0.0864,0.0907,0.0881,0.0881,0.0865,0.0857,0.0862,0.0853,0.0866,0.0878,0.0903,0.1258,0.1327,0.1252,0.1538,0.143,0.12,0.1239,0.0942,0.0892,0.1133,0.0853,0.0871,0.0805,0.1352,0.14,0.1761,0.1046,0.1419,0.1338,0.1212,0.1528,0.0989,0.0848,0.0852,0.1282,0.1091,0.1912,0.1267,0.1077,0.1054,0.123,0.138,0.1392,0.1168,0.0849,0.0856,0.1431,0.1676,0.1457,0.2668,0.1489,0.1177,0.1238,0.1049,0.0995,0.1148,0.0895,0.0858,0.0862,0.1346,0.1444,0.2457,0.1005,0.1401,0.1365,0.1252,0.1407,0.1079,0.0867,0.0889,0.1836,0.1139,0.1515,0.1645,0.1361,0.1176,0.1746,0.1421,0.1232,0.1154,0.0855,0.0867,0.0867,0.0907,0.0848,0.0863,0.0861,0.0847,0.0856,0.0847,0.0844,0.0867,0.0858
,1:04:16,48,0.0857,0.0859,0.0868,0.0909,0.0883,0.0886,0.0867,0.0858,0.0863,0.0853,0.0866,0.0885,0.0899,0.1262,0.1333,0.1257,0.1546,0.1436,0.121,0.1243,0.0944,0.0893,0.1141,0.0855,0.0874,0.0805,0.1355,0.1407,0.1772,0.1035,0.1422,0.1344,0.1217,0.1536,0.099,0.0849,0.0855,0.1284,0.1098,0.1925,0.1273,0.1082,0.1052,0.1232,0.1386,0.1402,0.1169,0.0852,0.0857,0.1482,0.1757,0.1499,0.2732,0.1531,0.119,0.1267,0.1056,0.1007,0.1179,0.0892,0.0857,0.0863,0.139,0.1485,0.2562,0.1008,0.1445,0.1403,0.1283,0.1456,0.1093,0.0869,0.0886,0.192,0.1153,0.1575,0.1701,0.1407,0.1199,0.182,0.1473,0.1248,0.1183,0.0857,0.0866,0.0868,0.0908,0.085,0.0863,0.0862,0.0847,0.0856,0.0849,0.0862,0.0868,0.0861
,1:09:16,47.9,0.0857,0.0856,0.0868,0.091,0.0886,0.0883,0.0861,0.0858,0.0862,0.0855,0.0864,0.0878,0.0902,0.1266,0.1337,0.1256,0.1553,0.1442,0.1209,0.1245,0.0944,0.0895,0.1143,0.0855,0.0869,0.0806,0.1358,0.1411,0.1782,0.1036,0.1427,0.1348,0.1213,0.1542,0.099,0.0849,0.0856,0.1283,0.1104,0.1927,0.1275,0.1085,0.1053,0.1232,0.139,0.1398,0.1171,0.0851,0.0855,0.1524,0.1834,0.154,0.2784,0.1573,0.1216,0.1292,0.1062,0.1017,0.1209,0.0893,0.0855,0.0864,0.1433,0.1525,0.2615,0.1012,0.1488,0.1434,0.1312,0.1505,0.1103,0.0871,0.0888,0.1997,0.1174,0.1624,0.1736,0.1438,0.1229,0.189,0.1516,0.1259,0.1213,0.0857,0.0867,0.0865,0.0907,0.0847,0.0864,0.0861,0.0845,0.0855,0.0849,0.0871,0.0866,0.0859
,1:14:16,47.9,0.086,0.0859,0.0866,0.091,0.0881,0.0887,0.0861,0.0858,0.0865,0.0855,0.0867,0.0881,0.0903,0.1271,0.1336,0.126,0.1559,0.145,0.1214,0.1252,0.0949,0.0896,0.1149,0.0854,0.0872,0.0805,0.1356,0.1416,0.1792,0.1037,0.1434,0.135,0.1215,0.1548,0.0992,0.0849,0.0855,0.1287,0.11,0.1936,0.1277,0.1087,0.1054,0.1231,0.14,0.1407,0.1177,0.0852,0.0857,0.1572,0.1896,0.1578,0.2824,0.1616,0.1229,0.1316,0.107,0.1029,0.1235,0.0896,0.0858,0.0865,0.147,0.1564,0.2666,0.1016,0.1534,0.1473,0.134,0.155,0.1117,0.0868,0.0886,0.2071,0.1191,0.1684,0.1777,0.1479,0.125,0.1958,0.1568,0.1269,0.1245,0.0856,0.0864,0.0864,0.0906,0.0851,0.0863,0.0861,0.0844,0.0859,0.0848,0.0848,0.0867,0.0856
,1:19:16,48,0.0857,0.0857,0.0867,0.0911,0.0884,0.0883,0.0862,0.0858,0.0865,0.0854,0.0865,0.088,0.09,0.1268,0.1339,0.1263,0.1564,0.1453,0.1211,0.1253,0.0943,0.0895,0.1152,0.0855,0.0873,0.0807,0.1364,0.1423,0.1803,0.1046,0.1437,0.1359,0.122,0.1553,0.0989,0.085,0.0855,0.1285,0.1107,0.1938,0.1276,0.1088,0.1049,0.1231,0.1398,0.1409,0.1177,0.0852,0.0858,0.1621,0.1949,0.1617,0.2856,0.1653,0.1248,0.134,0.1081,0.1038,0.1263,0.0897,0.0857,0.0863,0.1517,0.1601,0.2706,0.1016,0.1571,0.1509,0.1369,0.161,0.1129,0.087,0.0886,0.2125,0.1213,0.1743,0.1816,0.152,0.127,0.2012,0.1614,0.1277,0.1282,0.0859,0.0869,0.0865,0.0906,0.0849,0.0863,0.0862,0.0847,0.0855,0.0849,0.0866,0.0869,0.0858
,1:24:16,48,0.0857,0.0857,0.0865,0.0908,0.0884,0.0876,0.0862,0.0858,0.0862,0.0852,0.0863,0.0879,0.0902,0.1275,0.134,0.1263,0.157,0.1454,0.1211,0.1254,0.0945,0.0893,0.1153,0.0865,0.0872,0.0805,0.137,0.1422,0.1801,0.1038,0.1436,0.1356,0.1216,0.1557,0.099,0.085,0.0853,0.1287,0.1108,0.1939,0.1278,0.1091,0.1052,0.1232,0.1397,0.1403,0.1178,0.0854,0.0857,0.1665,0.1965,0.1651,0.2888,0.1686,0.1261,0.1358,0.1086,0.1051,0.1288,0.0897,0.0859,0.0861,0.1559,0.1627,0.2742,0.1021,0.1609,0.1534,0.1398,0.1651,0.1135,0.0869,0.089,0.2155,0.1226,0.1787,0.1833,0.1552,0.1289,0.204,0.1658,0.129,0.131,0.0859,0.0868,0.0865,0.0906,0.0846,0.0864,0.0861,0.0846,0.0857,0.0849,0.0867,0.0866,0.0857
,1:29:16,47.9,0.0858,0.0857,0.0868,0.0911,0.0884,0.0879,0.0858,0.0858,0.0863,0.0855,0.0867,0.0881,0.0904,0.1277,0.1337,0.1261,0.1571,0.1458,0.1218,0.126,0.0947,0.0895,0.1155,0.0853,0.0873,0.0808,0.1375,0.1427,0.1814,0.104,0.144,0.1362,0.1218,0.156,0.099,0.0849,0.0857,0.129,0.1111,0.1945,0.1279,0.1094,0.1053,0.1229,0.1403,0.1412,0.1182,0.085,0.0856,0.1712,0.1976,0.1688,0.2906,0.1722,0.1283,0.1376,0.1093,0.1062,0.1314,0.0897,0.0856,0.0863,0.1592,0.1662,0.2777,0.1021,0.1638,0.1564,0.1431,0.1712,0.1152,0.0868,0.089,0.2176,0.1243,0.183,0.1845,0.1593,0.1315,0.2055,0.171,0.1296,0.135,0.0858,0.0865,0.0864,0.0905,0.085,0.0865,0.0862,0.0849,0.0856,0.085,0.0867,0.087,0.0859
,1:34:16,47.9,0.0861,0.0855,0.0866,0.0912,0.0884,0.0877,0.086,0.0858,0.0867,0.0852,0.0868,0.088,0.0905,0.1282,0.134,0.1271,0.1582,0.1465,0.1219,0.1261,0.0951,0.0897,0.1161,0.0856,0.0877,0.0808,0.1378,0.1428,0.1818,0.1054,0.1443,0.1366,0.1223,0.1564,0.099,0.0851,0.0857,0.1296,0.1114,0.1955,0.1283,0.1098,0.1053,0.1235,0.1409,0.1415,0.1179,0.0853,0.0859,0.1746,0.2001,0.1725,0.2928,0.1748,0.1299,0.1393,0.1103,0.1076,0.1345,0.0898,0.0861,0.0864,0.1631,0.1691,0.2813,0.1024,0.1666,0.1595,0.1467,0.1758,0.1161,0.0872,0.089,0.2201,0.1261,0.1851,0.1869,0.1628,0.1337,0.2073,0.1746,0.1303,0.1383,0.086,0.0869,0.0867,0.0906,0.0851,0.0866,0.0865,0.0849,0.0856,0.0853,0.0854,0.0868,0.0862
,1:39:16,47.9,0.0858,0.0859,0.0867,0.0912,0.0885,0.0878,0.0859,0.0859,0.0866,0.0854,0.0865,0.0875,0.0901,0.128,0.1335,0.127,0.1584,0.1469,0.1219,0.1266,0.0951,0.0897,0.1157,0.0854,0.0872,0.0806,0.138,0.1429,0.1819,0.1047,0.1447,0.1366,0.1221,0.1567,0.0994,0.0849,0.0857,0.1293,0.1116,0.1965,0.1285,0.1097,0.105,0.1228,0.1407,0.1415,0.1179,0.0852,0.0856,0.1764,0.2008,0.1754,0.2948,0.1775,0.1316,0.1404,0.1106,0.1086,0.1367,0.0894,0.086,0.0863,0.1663,0.1705,0.2843,0.1026,0.1687,0.1618,0.1488,0.1799,0.1169,0.0869,0.0886,0.2218,0.1275,0.1861,0.1884,0.1668,0.1355,0.2095,0.178,0.1306,0.1415,0.0858,0.0867,0.0867,0.0907,0.085,0.0865,0.0862,0.0848,0.0855,0.085,0.0857,0.0868,0.0858
,1:44:16,48,0.0858,0.0858,0.0866,0.0914,0.0879,0.0878,0.0861,0.0856,0.0864,0.0852,0.0868,0.0874,0.0902,0.1279,0.1334,0.1266,0.1583,0.1469,0.1222,0.1264,0.0946,0.0895,0.116,0.0853,0.0873,0.0806,0.1384,0.1429,0.1823,0.1051,0.1447,0.1363,0.1225,0.1566,0.099,0.085,0.0854,0.1296,0.1122,0.1973,0.1284,0.1097,0.1051,0.1227,0.1408,0.1411,0.1178,0.0852,0.0857,0.178,0.2035,0.1785,0.297,0.1799,0.133,0.1425,0.1109,0.1095,0.1393,0.0896,0.0856,0.0864,0.1693,0.172,0.288,0.1027,0.1701,0.1636,0.1518,0.1818,0.1181,0.0868,0.0888,0.2244,0.1285,0.1873,0.1893,0.1704,0.137,0.2109,0.1806,0.1312,0.1447,0.0857,0.0868,0.0869,0.0904,0.0847,0.0863,0.0863,0.0848,0.0853,0.0851,0.0852,0.0867,0.0859
,1:49:16,48,0.086,0.086,0.0867,0.0911,0.0883,0.0877,0.086,0.0858,0.0866,0.0857,0.0866,0.0877,0.0908,0.1285,0.133,0.1271,0.1588,0.1473,0.1225,0.1265,0.0952,0.0899,0.1161,0.0855,0.0875,0.0806,0.1384,0.1432,0.1827,0.1056,0.1449,0.137,0.1226,0.1573,0.0992,0.085,0.0859,0.1296,0.1119,0.1988,0.1284,0.1104,0.1053,0.1223,0.1409,0.1416,0.1184,0.0852,0.0859,0.1799,0.2055,0.1821,0.2991,0.1822,0.1339,0.1432,0.1117,0.1105,0.1418,0.0892,0.0857,0.0863,0.1727,0.1744,0.2904,0.1027,0.1713,0.1643,0.1552,0.1834,0.1194,0.0869,0.0887,0.2261,0.1304,0.1896,0.1909,0.1745,0.1392,0.2133,0.1822,0.132,0.1478,0.0859,0.0868,0.0867,0.0906,0.085,0.0862,0.0863,0.0847,0.0856,0.0851,0.0848,0.0867,0.0858
,1:54:16,47.9,0.086,0.0858,0.0868,0.0913,0.0878,0.0874,0.086,0.0862,0.0866,0.0849,0.0863,0.0876,0.0905,0.1282,0.1332,0.1267,0.1588,0.1472,0.1224,0.1267,0.0951,0.0891,0.1161,0.0853,0.087,0.0805,0.1391,0.1431,0.1826,0.1057,0.1445,0.137,0.1222,0.1572,0.0988,0.0847,0.0853,0.13,0.1125,0.1992,0.1293,0.1101,0.1049,0.1224,0.141,0.1415,0.1182,0.0848,0.0857,0.1822,0.2061,0.1841,0.3019,0.1846,0.1356,0.1446,0.1121,0.1115,0.1434,0.0892,0.0858,0.0865,0.1736,0.1758,0.2942,0.1028,0.1721,0.1651,0.1585,0.1851,0.1204,0.0868,0.0887,0.2287,0.1316,0.1918,0.192,0.177,0.1404,0.2143,0.1851,0.1317,0.1506,0.0856,0.0864,0.0865,0.0903,0.085,0.0864,0.0862,0.0845,0.0856,0.0849,0.0851,0.0865,0.0858
,1:59:16,48,0.0859,0.0859,0.0869,0.0914,0.0878,0.0877,0.086,0.086,0.087,0.0857,0.0866,0.0878,0.0908,0.1285,0.1332,0.1274,0.1595,0.1478,0.1228,0.1271,0.0952,0.0895,0.1164,0.0856,0.0873,0.081,0.1392,0.1438,0.1839,0.1056,0.145,0.1374,0.1223,0.1578,0.0994,0.0851,0.0856,0.1306,0.1129,0.2002,0.1291,0.1107,0.1052,0.1227,0.1414,0.1421,0.1184,0.0851,0.0858,0.1846,0.2078,0.1866,0.3048,0.1867,0.1371,0.1457,0.1124,0.1131,0.1464,0.0901,0.0857,0.0864,0.1754,0.1782,0.2975,0.1032,0.1725,0.1656,0.1612,0.1885,0.1219,0.0871,0.0888,0.2307,0.1328,0.1939,0.1947,0.1809,0.1424,0.2165,0.1875,0.1327,0.1529,0.086,0.0869,0.0868,0.0906,0.0851,0.0865,0.087,0.0847,0.0864,0.0851,0.0854,0.0869,0.0858
,2:04:16,48,0.086,0.0861,0.0867,0.0912,0.0879,0.0877,0.0862,0.0861,0.087,0.0855,0.0867,0.0877,0.0907,0.1286,0.133,0.127,0.1596,0.1474,0.1228,0.1268,0.0953,0.0893,0.1165,0.0854,0.0874,0.0806,0.1394,0.1439,0.1841,0.1059,0.1453,0.137,0.1222,0.158,0.0991,0.085,0.0858,0.1308,0.1129,0.2004,0.1284,0.1111,0.1053,0.1225,0.1418,0.1425,0.1187,0.0851,0.0858,0.187,0.2092,0.1892,0.3057,0.1876,0.1383,0.1466,0.1132,0.1144,0.1481,0.0898,0.0857,0.0865,0.1762,0.1789,0.3004,0.1033,0.1725,0.167,0.1631,0.1898,0.1222,0.087,0.0887,0.2331,0.1345,0.1955,0.1961,0.1841,0.1443,0.2169,0.1893,0.1326,0.1545,0.086,0.0866,0.087,0.0908,0.085,0.0865,0.0867,0.0849,0.0857,0.085,0.085,0.0867,0.0857
,2:09:16,47.9,0.0858,0.0858,0.0868,0.0911,0.0875,0.0876,0.0858,0.086,0.0865,0.0853,0.0866,0.088,0.0907,0.1287,0.1331,0.1275,0.1599,0.1472,0.1228,0.1273,0.0952,0.0896,0.1165,0.0855,0.0873,0.0804,0.1393,0.1436,0.1846,0.1061,0.1455,0.1372,0.1223,0.1577,0.0989,0.0848,0.0857,0.1311,0.1131,0.2009,0.1285,0.1108,0.1052,0.1221,0.1414,0.1429,0.1183,0.085,0.086,0.1889,0.2109,0.1905,0.3084,0.188,0.1399,0.1471,0.1136,0.116,0.1497,0.0894,0.0858,0.0866,0.1773,0.18,0.3027,0.1034,0.1727,0.168,0.1651,0.1916,0.1234,0.087,0.0888,0.236,0.135,0.1971,0.1962,0.1862,0.1462,0.2186,0.1919,0.1336,0.1552,0.086,0.0866,0.0868,0.0905,0.085,0.0862,0.0863,0.0846,0.0854,0.0851,0.0851,0.0866,0.0857
,2:14:16,47.9,0.0859,0.0857,0.0866,0.0911,0.0871,0.087,0.0859,0.0857,0.0861,0.0852,0.0862,0.0875,0.0909,0.1285,0.1325,0.1274,0.1602,0.1476,0.1229,0.1272,0.0956,0.0894,0.1165,0.0855,0.0869,0.0806,0.1391,0.1434,0.1844,0.1055,0.1448,0.1369,0.1225,0.1577,0.0993,0.0847,0.0855,0.1314,0.1137,0.2015,0.1283,0.1107,0.1049,0.1224,0.1416,0.1431,0.1181,0.085,0.0855,0.1913,0.212,0.1919,0.3105,0.1883,0.1412,0.1481,0.1141,0.1174,0.1514,0.0893,0.0858,0.0862,0.1781,0.1811,0.305,0.1036,0.1731,0.1693,0.1668,0.194,0.1241,0.0866,0.0886,0.2385,0.136,0.1991,0.1976,0.1886,0.1472,0.2204,0.1943,0.1335,0.1556,0.0857,0.0864,0.0867,0.0906,0.0849,0.0862,0.0859,0.0848,0.0854,0.085,0.0849,0.0866,0.0858
,2:19:16,48,0.0859,0.0857,0.0869,0.0913,0.0875,0.0879,0.086,0.0859,0.0865,0.0856,0.0867,0.0875,0.0912,0.1287,0.1328,0.128,0.1609,0.1478,0.1231,0.1274,0.0953,0.0896,0.117,0.0855,0.0875,0.0806,0.1398,0.1437,0.1854,0.1055,0.1454,0.1374,0.1226,0.1581,0.0997,0.0854,0.0858,0.1319,0.1144,0.2026,0.1289,0.1114,0.1055,0.1225,0.142,0.1431,0.119,0.0853,0.086,0.1939,0.2142,0.1942,0.3127,0.1898,0.1425,0.1485,0.1147,0.1203,0.153,0.0896,0.0861,0.0865,0.1797,0.1822,0.3076,0.1035,0.1742,0.1702,0.168,0.1967,0.1245,0.0871,0.0889,0.2411,0.1376,0.2008,0.1976,0.1902,0.1489,0.2209,0.1966,0.1333,0.1565,0.086,0.0867,0.0868,0.0909,0.0849,0.0867,0.0863,0.0849,0.0858,0.0853,0.0851,0.0868,0.0872
,2:24:16,48,0.0859,0.0859,0.0869,0.0914,0.0879,0.0881,0.0862,0.0864,0.0868,0.0855,0.0867,0.0877,0.0915,0.1294,0.1327,0.1282,0.1614,0.1476,0.1234,0.1282,0.0959,0.0901,0.1174,0.086,0.0873,0.0809,0.1404,0.1445,0.1857,0.1056,0.1456,0.1375,0.123,0.1589,0.0995,0.0851,0.0859,0.1319,0.1148,0.203,0.1282,0.1116,0.1056,0.1226,0.1423,0.1441,0.1192,0.0856,0.0863,0.1968,0.2162,0.197,0.3148,0.1896,0.144,0.1498,0.115,0.1206,0.1543,0.0898,0.086,0.0867,0.1815,0.1841,0.3101,0.1038,0.1744,0.1708,0.1688,0.1992,0.1258,0.0871,0.0889,0.2447,0.1382,0.2033,0.1985,0.1911,0.1505,0.2232,0.1993,0.1339,0.1575,0.0864,0.0868,0.0871,0.0909,0.0853,0.0869,0.0864,0.085,0.0858,0.0854,0.0848,0.0868,0.0862
,2:29:16,47.9,0.0856,0.0856,0.0864,0.091,0.0877,0.0871,0.0855,0.0856,0.086,0.0848,0.0861,0.0871,0.096,0.1284,0.1317,0.1274,0.1602,0.1468,0.1231,0.1274,0.095,0.0893,0.1168,0.086,0.0866,0.0801,0.1401,0.1434,0.1854,0.1046,0.1448,0.1367,0.1222,0.158,0.0988,0.0846,0.0856,0.132,0.1144,0.2032,0.128,0.111,0.105,0.1217,0.1418,0.1437,0.1184,0.0846,0.0852,0.1982,0.2172,0.1977,0.3163,0.19,0.1442,0.1483,0.1146,0.121,0.1537,0.0891,0.0853,0.0858,0.1816,0.1832,0.3115,0.1036,0.1743,0.1713,0.1686,0.2006,0.1257,0.0864,0.0882,0.2481,0.1392,0.2037,0.1986,0.1912,0.1513,0.2227,0.2001,0.1336,0.1584,0.0852,0.0863,0.0865,0.0901,0.0845,0.0857,0.0858,0.0845,0.0852,0.0843,0.0842,0.0859,0.0874
,2:34:16,48,0.086,0.086,0.0869,0.0913,0.0881,0.0875,0.0858,0.0861,0.0867,0.0854,0.0866,0.0881,0.0966,0.1293,0.1324,0.1281,0.1611,0.1471,0.1239,0.1279,0.0959,0.0895,0.1172,0.0855,0.0875,0.0805,0.1408,0.1443,0.1858,0.1049,0.1452,0.1372,0.1227,0.1587,0.0996,0.0853,0.0859,0.1323,0.1149,0.2041,0.1281,0.1119,0.1057,0.1224,0.1427,0.1439,0.1194,0.0853,0.0858,0.201,0.219,0.2001,0.3194,0.1905,0.1466,0.1491,0.1158,0.123,0.1548,0.0894,0.086,0.0865,0.1832,0.1828,0.3149,0.1037,0.1752,0.1741,0.1702,0.2029,0.1273,0.0869,0.0889,0.2532,0.1406,0.2067,0.1999,0.1925,0.1523,0.2255,0.2031,0.1337,0.1599,0.086,0.0867,0.0868,0.0908,0.0851,0.0864,0.0863,0.0848,0.0857,0.0854,0.0849,0.0866,0.086
,2:39:16,48,0.0862,0.0859,0.0873,0.0914,0.0886,0.088,0.0859,0.0863,0.0868,0.0856,0.0866,0.0879,0.0973,0.1289,0.1321,0.1284,0.1617,0.1467,0.1238,0.1282,0.0959,0.0894,0.1176,0.086,0.0876,0.0807,0.141,0.1441,0.1868,0.1054,0.1453,0.1375,0.1231,0.1589,0.0996,0.0852,0.086,0.1324,0.1154,0.2052,0.1283,0.1118,0.1057,0.1225,0.1427,0.1448,0.1193,0.0852,0.086,0.2031,0.2218,0.2012,0.3202,0.1905,0.1483,0.149,0.1166,0.1243,0.1553,0.0899,0.086,0.0863,0.1856,0.1834,0.3171,0.1042,0.1757,0.1753,0.1714,0.2057,0.1286,0.0871,0.0891,0.2581,0.1419,0.2091,0.2005,0.1931,0.1539,0.2256,0.205,0.1341,0.1608,0.086,0.087,0.0869,0.0905,0.0851,0.0866,0.0865,0.0851,0.0858,0.0855,0.0852,0.0868,0.0861
,2:44:16,47.9,0.0863,0.0861,0.0873,0.0915,0.0878,0.088,0.0863,0.0863,0.0868,0.0859,0.0868,0.0881,0.098,0.1296,0.1319,0.1289,0.1621,0.147,0.124,0.1286,0.0963,0.0899,0.1178,0.0858,0.0879,0.081,0.1417,0.1448,0.1868,0.1052,0.1455,0.1373,0.1233,0.159,0.1002,0.0856,0.0859,0.1333,0.1155,0.206,0.1284,0.1125,0.1059,0.1225,0.143,0.1451,0.1198,0.0854,0.0862,0.2055,0.2236,0.203,0.3225,0.1907,0.1495,0.1496,0.1171,0.1259,0.1562,0.09,0.0859,0.0868,0.1869,0.1847,0.3194,0.1045,0.1768,0.1765,0.1723,0.2079,0.129,0.0875,0.089,0.2636,0.1424,0.2112,0.2011,0.1945,0.1536,0.2276,0.2074,0.1341,0.1621,0.0861,0.0872,0.0871,0.0906,0.0854,0.0869,0.0867,0.0852,0.0859,0.0857,0.085,0.0872,0.0866
,2:49:16,47.9,0.086,0.0856,0.0866,0.0915,0.0873,0.0872,0.0865,0.0856,0.0865,0.0854,0.0866,0.0872,0.0972,0.1292,0.1317,0.1285,0.1616,0.1462,0.124,0.1281,0.0957,0.0893,0.1176,0.0855,0.0873,0.0803,0.1411,0.1445,0.1867,0.1049,0.1453,0.1365,0.1231,0.1592,0.0992,0.0849,0.0854,0.1327,0.1149,0.2057,0.1279,0.1119,0.1059,0.1222,0.1426,0.1444,0.1194,0.0851,0.0854,0.2079,0.2244,0.2031,0.3243,0.1912,0.1504,0.1486,0.1172,0.1261,0.1565,0.0895,0.0854,0.0863,0.1878,0.1842,0.3206,0.1042,0.176,0.1771,0.1728,0.2098,0.1291,0.0869,0.0884,0.269,0.1428,0.2131,0.2019,0.1956,0.1538,0.2282,0.2084,0.1342,0.1623,0.0856,0.0863,0.0868,0.0902,0.0849,0.0864,0.086,0.0847,0.0853,0.0851,0.0843,0.0863,0.0854
,2:54:16,48,0.0864,0.0859,0.0871,0.0912,0.0878,0.0874,0.0863,0.086,0.0868,0.0859,0.0867,0.0877,0.0983,0.1299,0.1315,0.1291,0.1624,0.1464,0.1243,0.1285,0.0961,0.0894,0.1181,0.0859,0.0878,0.0811,0.1415,0.1448,0.1877,0.1052,0.1454,0.1366,0.123,0.1597,0.0999,0.0851,0.086,0.1332,0.1157,0.2064,0.1283,0.1128,0.1056,0.1224,0.1433,0.1452,0.1195,0.0851,0.0858,0.2116,0.2276,0.2045,0.3259,0.1925,0.1519,0.1494,0.1176,0.1281,0.1592,0.0901,0.0859,0.0867,0.1889,0.1845,0.3223,0.104,0.1761,0.1795,0.1749,0.2122,0.1297,0.0872,0.0891,0.2734,0.1448,0.2161,0.2027,0.1969,0.1547,0.2305,0.2105,0.1355,0.1636,0.0861,0.0865,0.087,0.0907,0.0849,0.0865,0.0865,0.0848,0.0858,0.0853,0.0847,0.0868,0.0861
,2:59:16,47.9,0.0857,0.086,0.0868,0.0917,0.0877,0.0875,0.0858,0.0862,0.0869,0.0853,0.0865,0.0875,0.0982,0.1296,0.131,0.129,0.1627,0.1462,0.1243,0.1281,0.0963,0.0898,0.1177,0.0861,0.0872,0.0803,0.1416,0.1443,0.1875,0.1048,0.1447,0.1372,0.1231,0.1598,0.0998,0.0853,0.0858,0.133,0.1156,0.2064,0.1286,0.1126,0.1058,0.1219,0.1434,0.1453,0.1197,0.0851,0.0859,0.2156,0.2298,0.2054,0.3286,0.1918,0.1534,0.15,0.118,0.1289,0.16,0.0895,0.0859,0.0865,0.1889,0.1832,0.3235,0.1043,0.1761,0.1817,0.1755,0.2147,0.1302,0.0868,0.0888,0.2775,0.1453,0.2185,0.2026,0.1976,0.1555,0.2307,0.2128,0.1351,0.1648,0.0861,0.0865,0.0868,0.091,0.085,0.0863,0.0863,0.0849,0.0858,0.085,0.0848,0.0864,0.0857
,3:04:16,48,0.0861,0.0858,0.0866,0.0917,0.0875,0.0875,0.0858,0.0857,0.0864,0.0853,0.0866,0.0876,0.0986,0.1296,0.1309,0.1295,0.1627,0.1463,0.1246,0.1287,0.096,0.0895,0.1179,0.0864,0.0876,0.0809,0.1422,0.1452,0.1889,0.1049,0.1444,0.1369,0.1232,0.1596,0.0999,0.085,0.0856,0.1336,0.1158,0.2062,0.1284,0.1127,0.1059,0.1224,0.1434,0.1453,0.1197,0.0853,0.086,0.2197,0.2319,0.2063,0.3301,0.1923,0.1549,0.1496,0.1183,0.1304,0.1619,0.0899,0.0855,0.0862,0.1907,0.1838,0.3258,0.1044,0.1766,0.1836,0.1762,0.2172,0.1309,0.0871,0.089,0.2812,0.1465,0.2222,0.2022,0.1986,0.1555,0.2321,0.2151,0.1347,0.1659,0.0859,0.0867,0.0867,0.0905,0.085,0.0867,0.0863,0.0846,0.0855,0.085,0.0846,0.087,0.0856
,3:09:16,47.9,0.0857,0.086,0.0865,0.0914,0.0873,0.087,0.0858,0.0857,0.0863,0.085,0.0864,0.0872,0.0984,0.1295,0.1303,0.1294,0.1629,0.1464,0.1242,0.1286,0.0957,0.0893,0.1182,0.0855,0.0872,0.0805,0.1419,0.1444,0.1884,0.1051,0.144,0.1368,0.1231,0.1599,0.0997,0.0848,0.0857,0.1332,0.1159,0.2064,0.1274,0.1129,0.1053,0.1217,0.1433,0.1457,0.1194,0.085,0.0856,0.2236,0.2335,0.2076,0.3314,0.1931,0.156,0.1506,0.1179,0.131,0.1641,0.0894,0.086,0.0863,0.1919,0.1844,0.3277,0.1042,0.1769,0.1862,0.1775,0.2195,0.1313,0.0867,0.0885,0.2842,0.1473,0.2267,0.2034,0.1997,0.1556,0.2328,0.2162,0.1346,0.1665,0.0862,0.0863,0.0863,0.0905,0.0849,0.0864,0.0859,0.0846,0.0856,0.085,0.0848,0.0868,0.0857
,3:14:16,48,0.0857,0.0856,0.0866,0.0912,0.0881,0.087,0.0857,0.0858,0.0863,0.0855,0.0861,0.0875,0.0979,0.1294,0.1305,0.1295,0.1626,0.1459,0.124,0.1288,0.0962,0.0896,0.1182,0.0853,0.0869,0.0801,0.1418,0.1442,0.1884,0.1049,0.1439,0.1366,0.1235,0.1595,0.0996,0.0851,0.0855,0.1334,0.1161,0.2066,0.1276,0.1129,0.1055,0.1215,0.1434,0.1454,0.1198,0.085,0.0855,0.2275,0.2345,0.2076,0.3338,0.1933,0.1574,0.1487,0.1189,0.1313,0.1652,0.0895,0.0856,0.0861,0.193,0.184,0.3279,0.1038,0.1768,0.1891,0.1776,0.2215,0.1316,0.0872,0.0888,0.2867,0.1478,0.231,0.2042,0.2005,0.1562,0.2338,0.2195,0.1348,0.1669,0.0857,0.0864,0.0863,0.0905,0.0847,0.086,0.0863,0.0846,0.0854,0.0849,0.0847,0.0869,0.0858
,3:19:16,48,0.0857,0.086,0.0864,0.0915,0.0873,0.087,0.0863,0.0857,0.0864,0.0851,0.0866,0.0876,0.0978,0.1294,0.13,0.1292,0.1628,0.146,0.1248,0.1289,0.0961,0.0891,0.1177,0.0853,0.087,0.0801,0.1419,0.1445,0.1893,0.1045,0.1441,0.1364,0.1231,0.1602,0.0999,0.0847,0.0854,0.1332,0.116,0.2069,0.1274,0.113,0.1054,0.1217,0.1436,0.1456,0.1194,0.0848,0.086,0.23,0.2368,0.2092,0.335,0.1929,0.1582,0.1498,0.1188,0.1326,0.1669,0.0897,0.0857,0.0862,0.1942,0.1848,0.3302,0.1039,0.1774,0.1914,0.1788,0.2243,0.1322,0.0871,0.0888,0.2903,0.1486,0.2359,0.2042,0.2011,0.1564,0.2356,0.2213,0.1347,0.168,0.0857,0.086,0.0863,0.0905,0.0846,0.0862,0.086,0.0846,0.0855,0.0852,0.0843,0.0865,0.0857
,3:24:16,48,0.0859,0.0861,0.0867,0.0917,0.0882,0.0871,0.0861,0.0861,0.0866,0.0856,0.0867,0.0874,0.0978,0.1299,0.1304,0.1296,0.1637,0.146,0.1249,0.1288,0.0965,0.0893,0.1183,0.0856,0.0873,0.0807,0.1427,0.1448,0.1896,0.1049,0.144,0.1368,0.1234,0.1597,0.1,0.0851,0.0855,0.1339,0.1166,0.2067,0.1278,0.1136,0.1057,0.1218,0.1444,0.1462,0.1196,0.0851,0.0858,0.2326,0.2393,0.2102,0.3367,0.1934,0.1586,0.1508,0.1195,0.1333,0.1682,0.0895,0.0858,0.0863,0.1951,0.185,0.3311,0.1039,0.1768,0.1936,0.1801,0.227,0.1325,0.0869,0.0886,0.2923,0.1492,0.2397,0.2045,0.2028,0.1567,0.2358,0.2227,0.1353,0.1687,0.0859,0.0867,0.0867,0.0908,0.0849,0.0864,0.0862,0.0847,0.0856,0.0847,0.0847,0.0866,0.086
,3:29:16,47.9,0.0863,0.0861,0.0872,0.0916,0.0879,0.0913,0.086,0.0863,0.0868,0.0854,0.0868,0.0875,0.0993,0.1304,0.1305,0.1298,0.1637,0.1463,0.1256,0.1297,0.0968,0.0896,0.1183,0.0858,0.0875,0.0809,0.1431,0.1446,0.1899,0.1045,0.1441,0.1366,0.1236,0.1603,0.1004,0.0855,0.0856,0.1338,0.1167,0.2073,0.1272,0.1133,0.1059,0.1218,0.1443,0.1467,0.1203,0.0852,0.0862,0.2365,0.2422,0.2106,0.3381,0.194,0.16,0.151,0.1196,0.1342,0.1691,0.0899,0.0861,0.0864,0.1967,0.1857,0.3327,0.1045,0.1774,0.196,0.1809,0.2297,0.1332,0.0873,0.0889,0.2952,0.1509,0.2434,0.2058,0.2045,0.1559,0.2369,0.2255,0.1355,0.1691,0.0861,0.0868,0.0869,0.0907,0.0849,0.0865,0.0866,0.0849,0.0861,0.0852,0.0848,0.0872,0.0859
,3:34:16,48,0.0861,0.0862,0.0867,0.0916,0.0877,0.0867,0.0857,0.0863,0.0867,0.0855,0.0867,0.0875,0.0987,0.1304,0.1301,0.1302,0.1638,0.1466,0.1254,0.1293,0.0963,0.0896,0.1185,0.0856,0.0873,0.0805,0.1431,0.1449,0.1901,0.1045,0.1435,0.1366,0.1238,0.16,0.1001,0.0851,0.0859,0.1333,0.1174,0.2066,0.1268,0.1136,0.1058,0.1211,0.1442,0.1466,0.1201,0.0853,0.0859,0.2391,0.2437,0.2118,0.3398,0.1937,0.1606,0.1525,0.1191,0.1347,0.1703,0.0898,0.0856,0.0862,0.1968,0.1857,0.334,0.1041,0.1776,0.1975,0.1811,0.2316,0.1332,0.0871,0.0888,0.2972,0.1512,0.2459,0.2059,0.2053,0.1559,0.2384,0.2279,0.1357,0.1703,0.086,0.0864,0.0867,0.0903,0.085,0.0861,0.0863,0.0851,0.0855,0.0854,0.0847,0.0867,0.0856
,3:39:16,48,0.086,0.0856,0.0866,0.0913,0.0877,0.087,0.0859,0.086,0.0862,0.0852,0.0868,0.0874,0.0989,0.1304,0.13,0.1301,0.1638,0.1466,0.1254,0.1293,0.0967,0.0894,0.1188,0.0856,0.087,0.0807,0.143,0.1446,0.1903,0.1047,0.1438,0.137,0.1232,0.1602,0.1002,0.0851,0.0858,0.1337,0.1171,0.2068,0.1265,0.1136,0.106,0.1216,0.1445,0.1468,0.1203,0.0852,0.0859,0.2422,0.2451,0.2134,0.3413,0.1942,0.1613,0.1536,0.1195,0.1355,0.1707,0.0896,0.0859,0.0865,0.1981,0.1863,0.3347,0.1042,0.1774,0.1979,0.1825,0.2348,0.1345,0.0872,0.0889,0.3002,0.1522,0.2491,0.2078,0.2063,0.1568,0.2391,0.2306,0.1357,0.1709,0.0859,0.0865,0.0866,0.0903,0.0852,0.0863,0.0864,0.0848,0.0854,0.0852,0.0846,0.0867,0.086
,3:44:16,48,0.0859,0.0863,0.0874,0.0919,0.0876,0.0873,0.0864,0.0859,0.0869,0.0854,0.0866,0.0874,0.0988,0.1305,0.1299,0.1305,0.1643,0.1463,0.1258,0.1295,0.0969,0.0897,0.1189,0.086,0.0871,0.0806,0.1436,0.145,0.191,0.1049,0.1439,0.1373,0.1236,0.1612,0.1003,0.0854,0.0857,0.1336,0.1177,0.207,0.1269,0.1141,0.1058,0.1214,0.1447,0.1469,0.1203,0.0852,0.0861,0.2449,0.2466,0.2138,0.342,0.195,0.162,0.1541,0.12,0.1353,0.172,0.0902,0.086,0.0867,0.1993,0.187,0.3357,0.1041,0.1776,0.1997,0.1829,0.2371,0.135,0.0872,0.0891,0.3024,0.1521,0.2522,0.2088,0.2081,0.1568,0.2392,0.2323,0.136,0.1727,0.0859,0.0867,0.0867,0.0907,0.0851,0.0869,0.0867,0.085,0.086,0.0854,0.0847,0.0869,0.0859
,3:49:16,48,0.0861,0.0862,0.0867,0.0916,0.0874,0.0868,0.0859,0.0857,0.0866,0.0853,0.0865,0.087,0.0989,0.1311,0.1296,0.1304,0.1644,0.1461,0.1259,0.1296,0.0968,0.0893,0.1189,0.0864,0.0873,0.0807,0.1435,0.1454,0.1908,0.1045,0.143,0.137,0.1235,0.1605,0.1004,0.0851,0.0858,0.1337,0.1172,0.2064,0.1255,0.1142,0.1056,0.1214,0.1447,0.1468,0.1203,0.085,0.0857,0.2476,0.2469,0.2149,0.3435,0.1951,0.1629,0.1554,0.1193,0.1344,0.1718,0.0896,0.0857,0.0863,0.2002,0.187,0.336,0.1045,0.1777,0.2002,0.1836,0.2387,0.1345,0.0869,0.0885,0.3044,0.1527,0.2544,0.2083,0.209,0.1568,0.2396,0.2349,0.1363,0.1729,0.0856,0.0867,0.0866,0.0903,0.0853,0.0864,0.0858,0.0846,0.0853,0.0848,0.0848,0.0867,0.0857
,3:54:16,48,0.0862,0.0861,0.0871,0.0919,0.0877,0.0882,0.0865,0.0862,0.0867,0.0858,0.0869,0.0875,0.0994,0.1305,0.1295,0.1308,0.165,0.1463,0.126,0.13,0.0969,0.0918,0.1192,0.0857,0.0875,0.0808,0.1439,0.1446,0.1917,0.1046,0.1434,0.1372,0.124,0.1609,0.1007,0.0851,0.0858,0.1335,0.1178,0.2067,0.1264,0.1147,0.106,0.1211,0.1445,0.1472,0.1207,0.0854,0.086,0.2496,0.2489,0.2153,0.3439,0.1954,0.1636,0.1563,0.1205,0.1349,0.1732,0.0902,0.0859,0.0863,0.2011,0.1882,0.3365,0.1041,0.1781,0.2006,0.1846,0.2419,0.1359,0.0872,0.0889,0.3071,0.1536,0.256,0.2099,0.2108,0.1567,0.2405,0.2382,0.1362,0.1743,0.0861,0.0867,0.087,0.091,0.0849,0.0863,0.0869,0.0849,0.086,0.0855,0.0848,0.087,0.0861
,3:59:16,48,0.0855,0.086,0.0866,0.0913,0.0871,0.0872,0.0858,0.0857,0.0866,0.0849,0.0863,0.0871,0.0984,0.1308,0.1292,0.1302,0.164,0.146,0.1258,0.1299,0.0965,0.0894,0.119,0.0853,0.087,0.0804,0.1434,0.1438,0.1915,0.1043,0.143,0.1367,0.1237,0.1604,0.1004,0.0848,0.0854,0.1331,0.1175,0.2066,0.1262,0.1138,0.1056,0.1209,0.1443,0.1472,0.1199,0.0851,0.0856,0.2516,0.2502,0.2167,0.3434,0.1961,0.1639,0.1573,0.1202,0.1345,0.1737,0.0896,0.0857,0.0859,0.2013,0.1872,0.3368,0.1037,0.178,0.2021,0.185,0.2431,0.1348,0.0867,0.0888,0.3079,0.1533,0.2567,0.2093,0.2113,0.1575,0.2407,0.2401,0.136,0.1741,0.0859,0.0864,0.0866,0.0902,0.0847,0.0861,0.0861,0.0843,0.0854,0.0849,0.0845,0.0866,0.0855
,4:04:16,48,0.0858,0.086,0.0871,0.0914,0.0876,0.087,0.086,0.0862,0.0864,0.0853,0.0865,0.0875,0.099,0.1315,0.1293,0.1309,0.1648,0.1463,0.1259,0.13,0.0974,0.0894,0.119,0.0857,0.0873,0.0804,0.1443,0.1447,0.1924,0.1049,0.143,0.1369,0.1242,0.1611,0.1005,0.0851,0.0858,0.1332,0.1175,0.2074,0.1261,0.1144,0.1061,0.1207,0.1449,0.1473,0.1207,0.0849,0.086,0.2536,0.2518,0.2177,0.3455,0.1966,0.1644,0.1578,0.1206,0.1354,0.1746,0.0901,0.0859,0.0866,0.2029,0.1871,0.3371,0.1046,0.1784,0.2034,0.1856,0.2456,0.1351,0.087,0.0887,0.3097,0.1536,0.2593,0.2096,0.2133,0.1571,0.2416,0.2426,0.136,0.175,0.0865,0.0866,0.0866,0.0905,0.0851,0.0863,0.0865,0.0847,0.0859,0.0848,0.0849,0.0866,0.0857
,4:09:16,48,0.0857,0.0861,0.0863,0.0915,0.0874,0.0869,0.0859,0.0856,0.0862,0.0853,0.0867,0.0874,0.099,0.1309,0.1285,0.1307,0.1648,0.1458,0.1261,0.1294,0.0969,0.0893,0.119,0.0856,0.0868,0.0804,0.1436,0.1441,0.1918,0.1042,0.1422,0.1371,0.1238,0.1605,0.1004,0.085,0.0854,0.1335,0.1179,0.2069,0.1252,0.1144,0.1053,0.1208,0.1447,0.1474,0.1199,0.0848,0.0858,0.2543,0.2541,0.2183,0.3457,0.1962,0.1651,0.1582,0.1203,0.1347,0.1752,0.0895,0.0857,0.0862,0.2034,0.1884,0.3379,0.1036,0.1779,0.2038,0.1857,0.2471,0.1353,0.0869,0.0886,0.3116,0.1545,0.2615,0.2104,0.2142,0.1571,0.2399,0.2439,0.1356,0.1753,0.0857,0.0861,0.0866,0.0904,0.0849,0.0865,0.0861,0.0846,0.0854,0.0847,0.0848,0.0865,0.0855
,4:14:16,48,0.0858,0.0857,0.0868,0.0916,0.0875,0.0873,0.0859,0.0859,0.0866,0.0853,0.0866,0.0873,0.0993,0.131,0.1285,0.1311,0.1649,0.1455,0.1263,0.13,0.0968,0.0889,0.1192,0.0854,0.0872,0.0806,0.1438,0.1445,0.1927,0.1044,0.1426,0.137,0.1239,0.1604,0.1002,0.0852,0.0855,0.1329,0.1177,0.2072,0.125,0.1143,0.1055,0.1203,0.1446,0.147,0.1202,0.085,0.0856,0.2578,0.2549,0.2193,0.347,0.1964,0.166,0.1583,0.12,0.1348,0.1759,0.0896,0.0857,0.0867,0.205,0.1886,0.3389,0.1037,0.1781,0.2048,0.1872,0.2497,0.1349,0.087,0.0883,0.3126,0.1551,0.2631,0.2107,0.2148,0.1578,0.2415,0.2463,0.1362,0.1772,0.0858,0.0863,0.0866,0.0908,0.085,0.0864,0.0862,0.0848,0.0854,0.085,0.0847,0.0867,0.0853
,4:19:16,48,0.0856,0.0856,0.0866,0.0912,0.0876,0.0868,0.086,0.0857,0.0862,0.0853,0.0864,0.0874,0.0985,0.1313,0.1285,0.1308,0.1647,0.1457,0.1265,0.1299,0.097,0.0896,0.1191,0.0855,0.0873,0.0803,0.1441,0.1444,0.1924,0.1043,0.1426,0.1371,0.1233,0.1603,0.1006,0.0852,0.0849,0.133,0.1179,0.207,0.1251,0.1143,0.1055,0.1203,0.1445,0.1475,0.1201,0.0851,0.0857,0.2588,0.2559,0.2197,0.3479,0.1961,0.1666,0.1576,0.1202,0.1348,0.1775,0.0896,0.0859,0.0862,0.2059,0.189,0.3392,0.104,0.1779,0.2057,0.1878,0.2519,0.1349,0.087,0.0886,0.314,0.1547,0.2638,0.2104,0.2165,0.1573,0.242,0.249,0.1358,0.1774,0.0857,0.0863,0.0865,0.0904,0.0847,0.0862,0.0858,0.0848,0.0856,0.0849,0.0846,0.0865,0.0851
,4:24:16,47.9,0.0858,0.0859,0.087,0.0918,0.088,0.0869,0.0863,0.0863,0.0866,0.0858,0.0869,0.0877,0.0992,0.1317,0.1285,0.1315,0.1655,0.146,0.1269,0.1302,0.0974,0.0903,0.1196,0.0858,0.0877,0.0809,0.1449,0.1445,0.1926,0.1052,0.1428,0.1371,0.124,0.1612,0.101,0.0851,0.0862,0.1334,0.1185,0.207,0.1247,0.1145,0.1055,0.1204,0.145,0.1479,0.1206,0.0852,0.0862,0.2617,0.2562,0.2211,0.3481,0.1973,0.1675,0.1582,0.1204,0.1353,0.1775,0.0901,0.086,0.0866,0.2065,0.189,0.3404,0.1042,0.178,0.2069,0.1887,0.2542,0.1357,0.087,0.0886,0.315,0.1559,0.2657,0.2119,0.2175,0.1584,0.2424,0.2515,0.1364,0.1784,0.0859,0.0866,0.0868,0.0908,0.085,0.0865,0.0861,0.0849,0.0856,0.0854,0.0851,0.0868,0.0864
,4:29:16,48,0.086,0.0861,0.087,0.0918,0.088,0.0874,0.0862,0.086,0.0867,0.0857,0.0869,0.0879,0.0992,0.1321,0.1283,0.1317,0.1654,0.1462,0.1269,0.1304,0.0974,0.0916,0.1197,0.0863,0.0876,0.0809,0.1444,0.1447,0.1931,0.1048,0.1427,0.1375,0.1243,0.1609,0.1006,0.085,0.0859,0.1337,0.1186,0.2068,0.1246,0.1147,0.1059,0.1205,0.1451,0.1474,0.121,0.0855,0.086,0.2635,0.2587,0.2227,0.3489,0.198,0.1677,0.1575,0.1212,0.1358,0.1789,0.0902,0.0863,0.0869,0.2084,0.19,0.3406,0.1043,0.1784,0.2075,0.1894,0.255,0.1356,0.0872,0.089,0.3167,0.1563,0.2669,0.2128,0.2191,0.1579,0.2426,0.2539,0.1367,0.1795,0.086,0.0871,0.0869,0.0908,0.0854,0.0865,0.0864,0.085,0.0858,0.0852,0.0851,0.0869,0.0859
,4:34:16,48,0.086,0.086,0.0874,0.0916,0.0878,0.0948,0.0864,0.0865,0.0867,0.0859,0.087,0.0879,0.0999,0.1319,0.1283,0.1315,0.1658,0.1461,0.127,0.1305,0.0974,0.0901,0.1196,0.086,0.0877,0.081,0.1452,0.1448,0.1936,0.1049,0.143,0.1374,0.1241,0.1614,0.101,0.0854,0.0861,0.1334,0.1187,0.2072,0.1248,0.1148,0.106,0.1206,0.1456,0.1478,0.1211,0.0855,0.0861,0.2663,0.2598,0.2236,0.3503,0.1986,0.1681,0.1566,0.1209,0.1358,0.1806,0.09,0.0862,0.0868,0.2098,0.1896,0.3413,0.1042,0.1784,0.2081,0.1895,0.2587,0.1362,0.0874,0.0891,0.3162,0.1564,0.2684,0.2138,0.22,0.1587,0.2424,0.2558,0.1372,0.1818,0.0865,0.0871,0.0874,0.091,0.0854,0.0869,0.0863,0.085,0.0861,0.0854,0.0853,0.0871,0.0865
,4:39:16,48,0.086,0.0855,0.0865,0.0914,0.0876,0.0868,0.0858,0.086,0.086,0.0848,0.0869,0.0875,0.0994,0.1313,0.128,0.1315,0.1652,0.1457,0.1271,0.1302,0.0973,0.0891,0.1193,0.0856,0.0873,0.0808,0.145,0.1443,0.1933,0.1047,0.1422,0.1373,0.1236,0.1604,0.1002,0.0846,0.0855,0.133,0.1184,0.207,0.1242,0.1149,0.1053,0.1194,0.1442,0.1474,0.1208,0.085,0.0856,0.267,0.2609,0.2247,0.3499,0.1979,0.1681,0.1567,0.1205,0.1357,0.1808,0.0896,0.0857,0.0865,0.2098,0.1902,0.3415,0.1036,0.1789,0.2085,0.1896,0.2592,0.1361,0.087,0.0889,0.3181,0.1558,0.2692,0.2124,0.2214,0.1584,0.2423,0.2589,0.1367,0.1814,0.0859,0.0864,0.0865,0.0906,0.0851,0.0863,0.0862,0.0845,0.0854,0.0845,0.0845,0.0867,0.0859
,4:44:16,48,0.086,0.0864,0.0872,0.0919,0.0879,0.0871,0.0864,0.0864,0.0868,0.0856,0.0865,0.0877,0.0994,0.132,0.1279,0.1325,0.1657,0.146,0.1274,0.1309,0.0977,0.0892,0.1197,0.0856,0.0874,0.0811,0.1454,0.1444,0.193,0.1044,0.1428,0.1377,0.1238,0.1606,0.1008,0.0852,0.0859,0.1333,0.1193,0.2073,0.1243,0.1145,0.1063,0.1201,0.1452,0.1476,0.1206,0.0853,0.0859,0.2685,0.2627,0.225,0.3512,0.1986,0.1691,0.1566,0.1207,0.1356,0.1811,0.0899,0.086,0.0863,0.2116,0.1907,0.3429,0.1041,0.1791,0.2093,0.1899,0.2615,0.1365,0.0873,0.0891,0.3187,0.1567,0.2701,0.2135,0.2226,0.1586,0.2419,0.2611,0.1372,0.1823,0.0864,0.087,0.0869,0.0906,0.0854,0.0868,0.0867,0.0852,0.0861,0.0852,0.0852,0.0867,0.0862
,4:49:16,47.9,0.0852,0.0855,0.0864,0.0909,0.0871,0.0867,0.0863,0.0854,0.0858,0.0849,0.0861,0.0868,0.1004,0.1313,0.1274,0.1312,0.1657,0.145,0.1267,0.1299,0.097,0.0889,0.1186,0.0852,0.0871,0.0796,0.1443,0.143,0.1927,0.1042,0.1416,0.1373,0.1233,0.1602,0.1,0.0849,0.0852,0.1324,0.1181,0.2066,0.1235,0.1144,0.1052,0.1187,0.1444,0.147,0.1199,0.085,0.0856,0.2695,0.2631,0.2254,0.3512,0.1983,0.1685,0.1556,0.1197,0.1357,0.1824,0.0896,0.0854,0.086,0.2114,0.1901,0.3419,0.1037,0.1786,0.2096,0.1907,0.2619,0.1349,0.0864,0.0879,0.3186,0.1559,0.2706,0.2131,0.2237,0.1583,0.2419,0.2621,0.1368,0.1822,0.0857,0.0861,0.0864,0.0897,0.0845,0.0857,0.0857,0.0847,0.0851,0.0844,0.0841,0.0864,0.085
,4:54:16,48,0.0861,0.0863,0.0867,0.091,0.0873,0.0871,0.0864,0.0859,0.0862,0.0856,0.0865,0.0872,0.1007,0.132,0.1274,0.1319,0.1658,0.1453,0.1271,0.1303,0.0971,0.0905,0.1193,0.0859,0.0876,0.0807,0.1454,0.144,0.193,0.1045,0.1421,0.1371,0.1239,0.1607,0.1006,0.0852,0.0856,0.133,0.1183,0.207,0.1238,0.1146,0.1056,0.1191,0.1451,0.1469,0.1206,0.0853,0.0856,0.2728,0.2652,0.2268,0.3527,0.1985,0.1694,0.1556,0.1207,0.1362,0.183,0.0896,0.0856,0.0865,0.2135,0.1908,0.3438,0.1041,0.1791,0.2103,0.1908,0.2641,0.1358,0.0868,0.0887,0.3192,0.1569,0.2713,0.2139,0.2244,0.1584,0.2422,0.2652,0.1366,0.1837,0.086,0.0866,0.0866,0.0906,0.0848,0.0864,0.0863,0.0846,0.0857,0.085,0.0851,0.0868,0.0858
,4:59:16,47.9,0.086,0.0859,0.0869,0.0915,0.0879,0.0878,0.0863,0.086,0.0869,0.0851,0.0868,0.0877,0.1008,0.1319,0.127,0.132,0.1661,0.1455,0.1277,0.1303,0.0975,0.0894,0.1193,0.0857,0.0871,0.0805,0.1452,0.1437,0.1934,0.1042,0.142,0.1372,0.124,0.1606,0.1005,0.0855,0.0856,0.1333,0.1189,0.207,0.1243,0.1152,0.1055,0.1195,0.1453,0.1468,0.1211,0.0853,0.0862,0.2738,0.2663,0.2278,0.3531,0.1995,0.1698,0.1567,0.1201,0.1362,0.1844,0.0899,0.0858,0.0864,0.2141,0.191,0.3463,0.1039,0.1788,0.2121,0.1925,0.2651,0.1368,0.087,0.0888,0.3214,0.1569,0.272,0.214,0.2264,0.1585,0.2424,0.2673,0.1376,0.1856,0.0862,0.0866,0.0868,0.0907,0.0851,0.0866,0.0863,0.0848,0.0859,0.085,0.085,0.0869,0.0853
,5:04:16,48,0.0857,0.0862,0.0864,0.0909,0.0873,0.0869,0.0858,0.0861,0.0866,0.0855,0.0865,0.0872,0.1008,0.1318,0.1268,0.1318,0.1662,0.1446,0.1276,0.13,0.0968,0.089,0.119,0.0856,0.0869,0.0807,0.1447,0.1438,0.1931,0.1038,0.1411,0.1371,0.1227,0.1602,0.1001,0.0848,0.0854,0.1333,0.1183,0.2073,0.1235,0.1149,0.1049,0.1185,0.1451,0.1469,0.1201,0.0849,0.0857,0.2758,0.2671,0.2284,0.3539,0.1986,0.1696,0.1559,0.1198,0.1353,0.1852,0.0894,0.0852,0.0863,0.2152,0.1912,0.3464,0.1033,0.179,0.2127,0.1916,0.2672,0.1362,0.0869,0.0884,0.3218,0.1575,0.2732,0.2146,0.2271,0.1578,0.2419,0.2698,0.1368,0.1862,0.0861,0.0861,0.0862,0.0904,0.0846,0.0861,0.086,0.0846,0.0855,0.085,0.0847,0.0866,0.0857
,5:09:16,47.9,0.0861,0.0864,0.0868,0.092,0.0875,0.087,0.0864,0.086,0.0869,0.0854,0.0866,0.0879,0.1012,0.1323,0.1274,0.1332,0.1667,0.1455,0.1279,0.1304,0.0976,0.0896,0.1197,0.0856,0.0877,0.0806,0.1457,0.1438,0.1938,0.1048,0.1423,0.1379,0.1236,0.1606,0.1011,0.0856,0.0859,0.133,0.118,0.2073,0.1245,0.1149,0.1057,0.1191,0.1454,0.1473,0.1212,0.085,0.086,0.2787,0.2687,0.2298,0.3547,0.1997,0.17,0.1566,0.1208,0.1367,0.1866,0.0899,0.086,0.0868,0.2162,0.1912,0.3478,0.1038,0.1795,0.2129,0.1928,0.2687,0.1366,0.0872,0.089,0.3232,0.1572,0.2745,0.2154,0.2288,0.1589,0.2419,0.2718,0.1379,0.1879,0.086,0.0866,0.0873,0.0907,0.0851,0.0866,0.0864,0.0852,0.086,0.0852,0.0854,0.0869,0.0863
,5:14:16,47.9,0.0857,0.0862,0.0871,0.0914,0.0876,0.0867,0.086,0.086,0.0867,0.0857,0.0867,0.0873,0.1013,0.1324,0.1271,0.1323,0.1664,0.1455,0.128,0.1302,0.0975,0.0894,0.1195,0.0857,0.0875,0.0809,0.1458,0.1438,0.1938,0.1044,0.1419,0.1376,0.1232,0.1604,0.101,0.0852,0.0857,0.1327,0.1181,0.2073,0.1237,0.1148,0.1055,0.1188,0.1453,0.1474,0.1207,0.0855,0.0858,0.2804,0.2679,0.2301,0.3556,0.1993,0.1702,0.1559,0.1201,0.1354,0.1875,0.0897,0.0857,0.0864,0.2175,0.1915,0.349,0.1037,0.1793,0.2141,0.1935,0.2702,0.1364,0.0871,0.0886,0.322,0.158,0.2747,0.2149,0.2302,0.1582,0.2423,0.274,0.1379,0.1888,0.0864,0.0869,0.0866,0.0903,0.085,0.0866,0.0864,0.0853,0.0859,0.0853,0.0851,0.087,0.0857
,5:19:16,48,0.086,0.0861,0.0871,0.0915,0.0878,0.0875,0.0865,0.0862,0.0869,0.0857,0.0869,0.0875,0.1014,0.1324,0.1272,0.1329,0.1672,0.1455,0.1277,0.1302,0.0976,0.0897,0.1194,0.0862,0.0876,0.0808,0.1453,0.1441,0.1944,0.105,0.1419,0.1379,0.1236,0.1606,0.1012,0.0856,0.0862,0.1333,0.1189,0.2075,0.1241,0.1146,0.106,0.1191,0.1458,0.1471,0.1212,0.0854,0.0864,0.2819,0.2684,0.2323,0.3551,0.2001,0.1714,0.1559,0.1201,0.137,0.1892,0.0896,0.0861,0.0869,0.2187,0.1914,0.3502,0.104,0.1794,0.2143,0.1942,0.2714,0.1362,0.0876,0.0891,0.3237,0.1581,0.2769,0.2156,0.2318,0.1595,0.2413,0.2772,0.1376,0.1904,0.0862,0.0868,0.0869,0.0909,0.085,0.0866,0.0867,0.085,0.0861,0.0852,0.0853,0.0872,0.0866
,5:24:16,48,0.0858,0.0859,0.0872,0.0911,0.0875,0.087,0.0863,0.0866,0.0865,0.0854,0.0867,0.0876,0.1012,0.1321,0.1261,0.1327,0.1673,0.145,0.1279,0.1301,0.0975,0.0891,0.1195,0.086,0.0875,0.0808,0.1455,0.143,0.1938,0.1045,0.142,0.1379,0.1238,0.1607,0.1007,0.085,0.0859,0.1333,0.1183,0.2076,0.1231,0.1148,0.1054,0.1184,0.1452,0.1465,0.1208,0.085,0.086,0.282,0.268,0.2317,0.3568,0.1998,0.171,0.1554,0.1197,0.1364,0.1899,0.09,0.0857,0.0867,0.2192,0.1917,0.3503,0.1036,0.179,0.2158,0.1943,0.2724,0.1365,0.0874,0.0891,0.3233,0.1581,0.2776,0.2155,0.2328,0.1586,0.2417,0.2784,0.1382,0.1918,0.086,0.0862,0.0868,0.091,0.0851,0.0862,0.0865,0.085,0.0861,0.085,0.085,0.087,0.0858
,5:29:16,48,0.086,0.0855,0.0867,0.0915,0.0874,0.0868,0.0862,0.0862,0.0864,0.0851,0.0866,0.0872,0.1009,0.1323,0.1263,0.1325,0.1669,0.1448,0.1274,0.1301,0.0974,0.0904,0.119,0.0857,0.087,0.0806,0.1455,0.1432,0.1938,0.104,0.1414,0.1378,0.1233,0.1603,0.1002,0.0849,0.0853,0.1324,0.1185,0.2066,0.1227,0.1145,0.1053,0.1183,0.1448,0.1465,0.1204,0.0852,0.0858,0.2838,0.2694,0.2327,0.3559,0.1991,0.1718,0.1553,0.1199,0.1364,0.1905,0.0897,0.0861,0.0864,0.22,0.1918,0.3517,0.1037,0.179,0.216,0.1943,0.2741,0.1361,0.0868,0.0887,0.3246,0.1577,0.2781,0.2141,0.2346,0.1588,0.2418,0.2796,0.1371,0.1921,0.0856,0.0866,0.0868,0.0908,0.0848,0.0863,0.086,0.0845,0.0856,0.0848,0.0848,0.0866,0.0859
,5:34:16,48,0.0856,0.0858,0.087,0.0912,0.0876,0.0869,0.0862,0.086,0.0864,0.0849,0.0865,0.0875,0.1011,0.1322,0.1258,0.1326,0.1669,0.1449,0.1279,0.1302,0.0971,0.0892,0.1191,0.0853,0.087,0.0804,0.1454,0.1429,0.1944,0.104,0.1415,0.1376,0.1231,0.1599,0.1004,0.0854,0.0854,0.1325,0.1182,0.2073,0.1224,0.115,0.1057,0.1183,0.1453,0.1467,0.1205,0.0853,0.0858,0.2867,0.2699,0.2342,0.3576,0.1998,0.1714,0.155,0.1193,0.1354,0.1905,0.0898,0.086,0.0864,0.2223,0.1916,0.3547,0.1036,0.1793,0.2161,0.1943,0.2754,0.1363,0.087,0.0887,0.3249,0.1577,0.2788,0.2142,0.2363,0.1579,0.2417,0.282,0.1374,0.1927,0.0859,0.0866,0.0864,0.0908,0.0852,0.0861,0.0863,0.0848,0.0855,0.0848,0.0846,0.0864,0.0856
,5:39:16,47.9,0.086,0.0862,0.0869,0.0916,0.0876,0.0868,0.0861,0.0862,0.0868,0.0854,0.0869,0.0873,0.1012,0.1323,0.1257,0.1325,0.1672,0.1453,0.1281,0.1302,0.0972,0.0894,0.1193,0.0859,0.0877,0.0808,0.1454,0.1426,0.1946,0.1043,0.1414,0.1382,0.1231,0.1598,0.1007,0.0854,0.0857,0.133,0.1184,0.2075,0.1238,0.1148,0.1056,0.1174,0.1453,0.1463,0.1208,0.0854,0.0862,0.2877,0.2703,0.2343,0.3587,0.2001,0.1722,0.1545,0.1195,0.1355,0.1908,0.0902,0.0859,0.0867,0.2223,0.1925,0.3565,0.1038,0.1795,0.217,0.1952,0.2765,0.1363,0.0869,0.0889,0.3264,0.1584,0.2798,0.214,0.2379,0.1591,0.2409,0.2844,0.1378,0.1935,0.0861,0.0865,0.0867,0.0908,0.085,0.0866,0.0865,0.0847,0.0862,0.0851,0.0847,0.0867,0.0856
,5:44:16,48,0.0859,0.0857,0.0871,0.0917,0.0878,0.087,0.0861,0.0859,0.0866,0.085,0.0866,0.0876,0.1014,0.1324,0.1255,0.1327,0.1667,0.145,0.1274,0.1305,0.0975,0.0896,0.1193,0.0857,0.087,0.0806,0.1458,0.143,0.1946,0.1044,0.141,0.1383,0.1225,0.1598,0.1007,0.0852,0.086,0.1325,0.1181,0.2073,0.1227,0.1148,0.1052,0.1176,0.1453,0.147,0.1207,0.0852,0.086,0.2897,0.2709,0.2355,0.36,0.1999,0.1719,0.1539,0.1192,0.1353,0.1921,0.0898,0.0858,0.0862,0.2241,0.1921,0.3574,0.1036,0.179,0.2176,0.1953,0.2774,0.1357,0.0871,0.0888,0.3266,0.1589,0.2795,0.2138,0.2401,0.159,0.2411,0.2862,0.1383,0.1941,0.0864,0.0868,0.0869,0.0907,0.0847,0.0864,0.086,0.0849,0.086,0.0849,0.0848,0.0864,0.0854
,5:49:16,47.9,0.0863,0.0856,0.0869,0.0917,0.0877,0.0869,0.0859,0.0862,0.0863,0.0852,0.0866,0.0874,0.1013,0.1327,0.1258,0.1329,0.1667,0.1448,0.1277,0.1306,0.0976,0.0889,0.1189,0.0863,0.0873,0.0805,0.1454,0.143,0.1949,0.1042,0.1415,0.1377,0.1233,0.1602,0.1009,0.0856,0.0855,0.1326,0.1182,0.2069,0.1225,0.1147,0.1053,0.1175,0.1457,0.1465,0.1206,0.085,0.0858,0.2891,0.2716,0.2357,0.3597,0.2003,0.1723,0.1539,0.1184,0.1351,0.1924,0.0901,0.0863,0.0865,0.2253,0.1929,0.3588,0.1034,0.1785,0.2184,0.1951,0.2798,0.1355,0.0871,0.0886,0.3272,0.1585,0.2798,0.2138,0.242,0.1597,0.2415,0.2887,0.1382,0.1954,0.086,0.0863,0.0866,0.0909,0.0848,0.0865,0.0863,0.0848,0.0857,0.0851,0.0847,0.0868,0.0858
,5:54:16,48,0.0858,0.0861,0.087,0.0911,0.0874,0.0869,0.0857,0.0861,0.0862,0.0854,0.0865,0.0871,0.101,0.132,0.1247,0.1324,0.1666,0.1447,0.1276,0.1301,0.0971,0.0892,0.1189,0.0858,0.087,0.0804,0.1453,0.1434,0.1948,0.104,0.1412,0.1382,0.1225,0.1593,0.1007,0.0848,0.0854,0.1324,0.1183,0.2073,0.1227,0.1147,0.1053,0.1171,0.1452,0.1463,0.1205,0.0847,0.0854,0.2904,0.2694,0.237,0.361,0.1991,0.1725,0.1532,0.1182,0.1349,0.1926,0.0893,0.0857,0.0861,0.2255,0.1916,0.3586,0.1028,0.1785,0.217,0.1951,0.2794,0.1364,0.0867,0.0889,0.3287,0.1576,0.2811,0.2141,0.2433,0.1592,0.2418,0.2892,0.138,0.1963,0.0859,0.0864,0.0865,0.0905,0.0847,0.0861,0.086,0.085,0.0854,0.0847,0.0849,0.0865,0.086
,5:59:16,47.9,0.0855,0.0857,0.0866,0.0913,0.0875,0.0868,0.0859,0.0864,0.0863,0.0853,0.0865,0.087,0.101,0.1323,0.1246,0.1329,0.1673,0.1443,0.1278,0.1304,0.0972,0.0894,0.1191,0.0856,0.0873,0.0807,0.1451,0.1428,0.1953,0.1043,0.1417,0.138,0.1229,0.1599,0.1003,0.0848,0.0855,0.1323,0.118,0.2073,0.1225,0.1149,0.1051,0.1168,0.1462,0.1459,0.1204,0.0849,0.0857,0.2919,0.2719,0.237,0.362,0.2004,0.173,0.1527,0.118,0.1343,0.1935,0.0896,0.0856,0.0862,0.2263,0.1919,0.3617,0.1033,0.179,0.2183,0.195,0.2815,0.1359,0.087,0.0888,0.3296,0.159,0.2804,0.2136,0.245,0.1592,0.2416,0.2921,0.1381,0.1975,0.0857,0.0866,0.0867,0.0903,0.0848,0.0864,0.0863,0.0845,0.0857,0.0846,0.0847,0.0865,0.0855
,6:04:16,48,0.0858,0.0864,0.0873,0.0918,0.0879,0.0873,0.0864,0.0859,0.0869,0.0855,0.0869,0.0877,0.1012,0.1331,0.1253,0.133,0.1674,0.1447,0.1276,0.1303,0.0974,0.0898,0.1192,0.0864,0.0875,0.0803,0.1461,0.1426,0.1956,0.1046,0.1411,0.1387,0.1232,0.1605,0.1009,0.0854,0.0857,0.1325,0.1186,0.2077,0.122,0.1157,0.1054,0.1173,0.1452,0.147,0.1204,0.0855,0.0864,0.2919,0.2727,0.238,0.3632,0.201,0.1736,0.1529,0.1183,0.1347,0.1939,0.0896,0.086,0.0862,0.2275,0.1924,0.3634,0.1037,0.1796,0.2189,0.1952,0.2822,0.1362,0.0874,0.089,0.3302,0.1589,0.2818,0.2144,0.2487,0.1605,0.2425,0.2941,0.1387,0.1987,0.0862,0.0871,0.0869,0.0907,0.0851,0.0865,0.087,0.0855,0.0862,0.0852,0.0856,0.0874,0.0859
,6:09:16,47.9,0.0856,0.086,0.0869,0.0914,0.0876,0.0869,0.086,0.0856,0.0864,0.0853,0.086,0.0874,0.101,0.1327,0.1241,0.133,0.1668,0.1446,0.127,0.1299,0.0972,0.0892,0.119,0.0858,0.0873,0.0805,0.1453,0.1426,0.1957,0.104,0.1409,0.1384,0.1226,0.1597,0.1003,0.0848,0.0852,0.1324,0.1183,0.207,0.122,0.1149,0.1048,0.1166,0.1454,0.1454,0.1209,0.085,0.0856,0.2942,0.2724,0.2391,0.364,0.2004,0.1738,0.1524,0.1179,0.1337,0.1945,0.0898,0.0855,0.0862,0.2264,0.1914,0.3632,0.1035,0.1787,0.2183,0.195,0.2825,0.1362,0.0867,0.0887,0.3302,0.1584,0.2818,0.2123,0.2502,0.1595,0.2405,0.2952,0.138,0.199,0.0858,0.0866,0.0868,0.0905,0.0852,0.0861,0.0859,0.0848,0.0856,0.085,0.0846,0.0867,0.0855
,6:14:16,48,0.0855,0.0861,0.0869,0.0915,0.0875,0.0869,0.0862,0.0861,0.0865,0.0851,0.0864,0.0874,0.1011,0.1326,0.1246,0.1325,0.1675,0.1449,0.1279,0.1301,0.0973,0.0898,0.1186,0.0855,0.0871,0.0801,0.1455,0.1428,0.1956,0.1043,0.1403,0.1382,0.123,0.16,0.1006,0.0847,0.0856,0.1324,0.1183,0.2074,0.1216,0.1144,0.1046,0.1164,0.146,0.1457,0.1203,0.0853,0.0859,0.2956,0.2718,0.2396,0.3639,0.2016,0.1745,0.1528,0.1173,0.1341,0.1945,0.0898,0.0859,0.0863,0.2289,0.1931,0.3668,0.1034,0.1792,0.219,0.1954,0.2836,0.1359,0.0866,0.0887,0.3314,0.1583,0.2812,0.2128,0.2516,0.1602,0.2422,0.2976,0.1375,0.1999,0.0863,0.0867,0.0864,0.0906,0.0851,0.0863,0.086,0.0849,0.086,0.0849,0.0848,0.0866,0.0857
,6:19:16,47.9,0.0864,0.0862,0.0875,0.0916,0.0879,0.0869,0.0866,0.086,0.0872,0.085,0.0867,0.0877,0.1016,0.1332,0.1246,0.1335,0.1673,0.145,0.128,0.1301,0.0978,0.0899,0.1191,0.086,0.0875,0.0803,0.1456,0.1423,0.1959,0.1046,0.1409,0.1391,0.1227,0.1593,0.101,0.0852,0.086,0.1325,0.1187,0.2073,0.1225,0.1152,0.1057,0.1167,0.1456,0.1461,0.1207,0.0856,0.0861,0.296,0.2731,0.2404,0.3655,0.2018,0.1744,0.1532,0.1175,0.1339,0.196,0.0896,0.0861,0.0865,0.2312,0.1929,0.368,0.1038,0.1792,0.2189,0.1956,0.2851,0.1362,0.0875,0.0888,0.3324,0.1588,0.2824,0.214,0.2545,0.1606,0.2412,0.2997,0.1384,0.2008,0.0863,0.0866,0.0869,0.0906,0.0853,0.0866,0.0868,0.085,0.0861,0.0851,0.0852,0.087,0.0856
,6:24:16,48,0.0856,0.0861,0.0869,0.0915,0.0878,0.0871,0.0858,0.0862,0.0866,0.0857,0.0867,0.0872,0.1014,0.1329,0.1241,0.1331,0.1673,0.1449,0.1274,0.1302,0.0971,0.0887,0.119,0.0857,0.0872,0.0805,0.1451,0.1423,0.1961,0.1045,0.1408,0.1385,0.123,0.1596,0.1005,0.085,0.0855,0.1322,0.1185,0.2073,0.1218,0.1153,0.1049,0.1161,0.1453,0.1453,0.1202,0.085,0.086,0.2977,0.2728,0.2419,0.3664,0.2012,0.1747,0.1524,0.1171,0.1329,0.1961,0.0895,0.0858,0.0867,0.2306,0.1931,0.3702,0.1035,0.1783,0.22,0.1956,0.286,0.1365,0.0867,0.0886,0.3334,0.1594,0.2817,0.2113,0.2568,0.1605,0.2413,0.3005,0.1385,0.2011,0.0857,0.0868,0.0866,0.0907,0.0848,0.0863,0.0864,0.0846,0.0855,0.0851,0.0846,0.0867,0.0855
,6:29:16,47.9,0.0862,0.0862,0.0871,0.0918,0.0879,0.087,0.0861,0.0859,0.0866,0.0857,0.0868,0.0873,0.1013,0.1328,0.1236,0.1331,0.1671,0.1454,0.1276,0.13,0.0977,0.0893,0.1193,0.0859,0.0875,0.081,0.1455,0.1427,0.1956,0.1043,0.1409,0.139,0.1224,0.1596,0.1007,0.0855,0.0859,0.1328,0.118,0.2077,0.1221,0.1149,0.1053,0.1163,0.1455,0.1458,0.1209,0.085,0.0857,0.2983,0.2737,0.2422,0.3666,0.2009,0.1749,0.1528,0.1171,0.1333,0.1966,0.0897,0.086,0.0865,0.2319,0.1928,0.3707,0.1034,0.179,0.2196,0.1958,0.2859,0.1363,0.0871,0.0888,0.3341,0.1591,0.2822,0.212,0.2603,0.1598,0.2412,0.3015,0.1383,0.2034,0.0862,0.0865,0.0867,0.0909,0.0852,0.0867,0.0863,0.0848,0.0858,0.0849,0.0851,0.0872,0.0856
,6:34:16,48,0.0855,0.0858,0.0868,0.0914,0.0875,0.0862,0.0859,0.0859,0.0863,0.085,0.0866,0.0867,0.1009,0.1324,0.1237,0.1333,0.167,0.1446,0.1268,0.1303,0.0971,0.0893,0.1185,0.0855,0.0872,0.08,0.1451,0.1417,0.1959,0.1038,0.1401,0.1384,0.1222,0.1585,0.1,0.0847,0.085,0.1322,0.1178,0.2074,0.1211,0.1148,0.1047,0.1157,0.1451,0.1455,0.1201,0.0851,0.0858,0.2996,0.2741,0.2416,0.3673,0.2008,0.1747,0.1517,0.1159,0.1323,0.1974,0.0895,0.0856,0.0865,0.233,0.1927,0.3716,0.1031,0.1781,0.2187,0.1954,0.2859,0.1356,0.0864,0.0884,0.335,0.1591,0.2826,0.2104,0.2617,0.1595,0.2399,0.3034,0.138,0.2027,0.0862,0.0861,0.0867,0.0903,0.0847,0.0858,0.0861,0.0847,0.0856,0.0849,0.085,0.0866,0.0854
,6:39:16,48,0.0862,0.0865,0.0873,0.0916,0.0881,0.0869,0.0867,0.0863,0.0866,0.0854,0.0867,0.0873,0.1016,0.1332,0.1235,0.1336,0.1679,0.1453,0.1273,0.1307,0.0975,0.0892,0.1189,0.0859,0.0874,0.0809,0.1454,0.1419,0.1966,0.1046,0.1408,0.1386,0.1224,0.1598,0.1006,0.0858,0.0861,0.1322,0.1183,0.2082,0.121,0.1146,0.1049,0.1159,0.1459,0.146,0.1205,0.0854,0.0861,0.3003,0.2743,0.2433,0.3689,0.2006,0.1751,0.1525,0.1167,0.1322,0.198,0.0898,0.0862,0.0868,0.2339,0.1925,0.3735,0.1036,0.1787,0.2204,0.1952,0.2885,0.1363,0.0873,0.0893,0.3362,0.16,0.2832,0.211,0.2654,0.1603,0.2407,0.3051,0.1387,0.204,0.0864,0.0868,0.0874,0.0909,0.085,0.0867,0.0865,0.085,0.0865,0.0855,0.0849,0.0871,0.086
,6:44:16,47.9,0.0863,0.0863,0.0872,0.0916,0.0883,0.0872,0.0865,0.0864,0.087,0.0855,0.0873,0.0881,0.1019,0.1332,0.1235,0.1337,0.1678,0.1451,0.1281,0.1303,0.0977,0.0892,0.1194,0.0861,0.0879,0.0809,0.1455,0.1425,0.197,0.1048,0.1407,0.1395,0.1225,0.1589,0.1011,0.0852,0.0862,0.1327,0.1184,0.2079,0.1214,0.115,0.1057,0.1162,0.1464,0.146,0.1211,0.0856,0.086,0.301,0.2737,0.2447,0.3699,0.2016,0.1762,0.1523,0.1165,0.1314,0.1985,0.09,0.086,0.0869,0.2338,0.1928,0.3761,0.1035,0.1785,0.2208,0.1953,0.2882,0.1355,0.0874,0.0898,0.337,0.1597,0.2858,0.2101,0.267,0.1605,0.2411,0.3068,0.138,0.2051,0.0866,0.087,0.0873,0.0909,0.0855,0.0867,0.0865,0.0858,0.0864,0.0851,0.0852,0.087,0.0859
,6:49:16,48,0.0858,0.0858,0.0869,0.0908,0.0877,0.0865,0.0861,0.086,0.0862,0.0851,0.0865,0.0874,0.1013,0.1325,0.1231,0.1333,0.1675,0.1447,0.1269,0.1294,0.0971,0.0888,0.1187,0.0857,0.0871,0.0806,0.1454,0.1413,0.1965,0.1045,0.1401,0.1388,0.1223,0.1591,0.1003,0.085,0.085,0.1325,0.1176,0.2068,0.1204,0.1148,0.1044,0.115,0.1454,0.1456,0.1205,0.0851,0.0857,0.3025,0.2734,0.2445,0.3687,0.2019,0.1757,0.1519,0.1159,0.1312,0.1984,0.0894,0.0857,0.0865,0.2348,0.1923,0.3769,0.1033,0.1785,0.2212,0.1949,0.2894,0.1354,0.0872,0.0884,0.3386,0.1596,0.2834,0.21,0.2675,0.1598,0.2405,0.3066,0.1379,0.2061,0.0858,0.0863,0.0867,0.0904,0.0851,0.0863,0.0864,0.0845,0.0856,0.085,0.0849,0.0869,0.0858
,6:54:16,48,0.0856,0.0857,0.0868,0.0908,0.0868,0.0863,0.0859,0.0859,0.0861,0.085,0.0859,0.0874,0.1011,0.1325,0.1222,0.133,0.1671,0.1449,0.1268,0.1294,0.0967,0.0912,0.1182,0.0853,0.0865,0.0801,0.1451,0.1408,0.1962,0.1039,0.1399,0.1379,0.1215,0.1587,0.0999,0.0846,0.0853,0.1319,0.1177,0.2072,0.1199,0.1144,0.1041,0.1149,0.1455,0.1451,0.12,0.0847,0.0858,0.3031,0.2753,0.2439,0.3695,0.2007,0.1761,0.1511,0.1148,0.131,0.1985,0.0893,0.0858,0.0861,0.2355,0.192,0.378,0.1032,0.1778,0.2206,0.1943,0.2901,0.1354,0.0863,0.0886,0.3398,0.1589,0.285,0.2092,0.2696,0.1602,0.2406,0.3101,0.1371,0.2064,0.0857,0.0863,0.0867,0.0901,0.0852,0.0861,0.0859,0.0841,0.0854,0.0847,0.0846,0.0863,0.0855
,6:59:16,48,0.0858,0.0856,0.087,0.0915,0.0877,0.0871,0.0859,0.0855,0.0865,0.0849,0.0866,0.0873,0.1008,0.1323,0.1228,0.1332,0.167,0.1445,0.1271,0.1302,0.0969,0.0891,0.1185,0.0856,0.0873,0.0802,0.1451,0.1416,0.1967,0.1044,0.1397,0.1387,0.1216,0.159,0.1005,0.0853,0.0857,0.1318,0.1179,0.2073,0.1207,0.1144,0.1048,0.1152,0.1466,0.1453,0.1207,0.085,0.0858,0.305,0.2766,0.2456,0.3707,0.2011,0.1761,0.1518,0.115,0.1301,0.1986,0.0897,0.0856,0.0866,0.2367,0.1927,0.3804,0.103,0.1785,0.2231,0.1948,0.2912,0.135,0.0868,0.0884,0.3403,0.1593,0.2853,0.2096,0.2724,0.161,0.2396,0.3117,0.1378,0.2076,0.0859,0.0864,0.0866,0.0906,0.0846,0.0864,0.0861,0.0847,0.0854,0.0847,0.0848,0.0866,0.0856
,7:04:16,48,0.0864,0.0865,0.0874,0.0915,0.0879,0.0868,0.0862,0.0864,0.0865,0.0859,0.0868,0.0877,0.1012,0.1331,0.1225,0.1336,0.1675,0.1447,0.1272,0.1299,0.0975,0.0892,0.1192,0.0855,0.0877,0.0804,0.1458,0.1413,0.197,0.1042,0.1401,0.1387,0.1218,0.1594,0.1003,0.0855,0.086,0.1323,0.1182,0.2072,0.1207,0.1143,0.1046,0.115,0.1462,0.1449,0.1208,0.0852,0.0862,0.3056,0.2768,0.2465,0.3718,0.2006,0.1769,0.151,0.1151,0.1298,0.1998,0.0896,0.086,0.0868,0.2377,0.192,0.3823,0.1034,0.1785,0.2231,0.1939,0.2928,0.1357,0.0872,0.0887,0.3418,0.1598,0.2865,0.2073,0.273,0.1599,0.2396,0.3125,0.138,0.2086,0.0858,0.0869,0.0866,0.0909,0.0852,0.0862,0.0864,0.0853,0.0855,0.0855,0.0851,0.0863,0.0856
,7:09:16,48,0.0858,0.0865,0.0871,0.0916,0.088,0.0872,0.0863,0.0862,0.0867,0.0857,0.0869,0.0872,0.1012,0.133,0.1224,0.1337,0.1677,0.1447,0.1268,0.1301,0.0975,0.0894,0.1186,0.0859,0.0875,0.081,0.1457,0.1417,0.197,0.1041,0.1397,0.1389,0.1221,0.159,0.1005,0.0854,0.0863,0.1324,0.1178,0.2072,0.1203,0.1151,0.1047,0.1152,0.146,0.1453,0.1207,0.0852,0.086,0.3066,0.2793,0.2467,0.3713,0.2013,0.1769,0.1511,0.1144,0.1295,0.1991,0.0897,0.0861,0.0871,0.2386,0.1923,0.3857,0.1035,0.1773,0.2249,0.1945,0.2932,0.1357,0.0869,0.0891,0.3428,0.1598,0.2875,0.2098,0.2744,0.161,0.24,0.3147,0.1377,0.2091,0.0861,0.087,0.0867,0.0908,0.0855,0.0864,0.0867,0.0853,0.0859,0.085,0.0849,0.0866,0.0855
,7:14:16,47.9,0.086,0.0855,0.087,0.0911,0.0874,0.0868,0.0857,0.0858,0.0859,0.0853,0.0862,0.087,0.1011,0.1327,0.1221,0.1329,0.1671,0.1442,0.127,0.1297,0.0967,0.0886,0.1185,0.0856,0.0869,0.0803,0.1454,0.141,0.1966,0.1037,0.1395,0.1388,0.1216,0.1581,0.1,0.0846,0.085,0.1316,0.1173,0.2074,0.12,0.1146,0.1039,0.1145,0.1454,0.1448,0.1205,0.0849,0.0855,0.3077,0.2782,0.247,0.3721,0.2005,0.1773,0.1508,0.1142,0.1284,0.1993,0.0896,0.0856,0.0863,0.2387,0.1922,0.3875,0.1032,0.1768,0.2248,0.1945,0.2944,0.1353,0.087,0.0887,0.3415,0.1598,0.2875,0.2083,0.2743,0.1601,0.2397,0.3155,0.1371,0.2088,0.0857,0.0862,0.0867,0.0901,0.0847,0.0859,0.086,0.0849,0.0852,0.0845,0.0845,0.0859,0.0851
,7:19:16,48,0.0863,0.0864,0.0871,0.0915,0.0875,0.0869,0.0865,0.0861,0.0866,0.0853,0.0869,0.087,0.1012,0.1333,0.1218,0.1335,0.1669,0.1452,0.1268,0.1296,0.0969,0.089,0.1185,0.0858,0.088,0.0803,0.146,0.141,0.197,0.1043,0.1397,0.1397,0.1219,0.1584,0.1003,0.085,0.086,0.132,0.1176,0.2075,0.1205,0.1149,0.1047,0.1145,0.1456,0.1454,0.1205,0.0848,0.086,0.3094,0.2787,0.2477,0.3719,0.2012,0.1772,0.1508,0.1142,0.1292,0.2006,0.0899,0.086,0.0866,0.2399,0.1917,0.3928,0.1036,0.1772,0.2254,0.194,0.2942,0.1354,0.0869,0.0886,0.3427,0.1601,0.2895,0.2077,0.2768,0.1613,0.2413,0.3174,0.1378,0.2095,0.0862,0.0863,0.0868,0.0907,0.0847,0.0868,0.0865,0.0847,0.086,0.0852,0.0851,0.0867,0.0859
,7:24:16,48,0.0862,0.0858,0.0874,0.0914,0.0878,0.0871,0.0863,0.0863,0.0865,0.0854,0.0869,0.0874,0.1014,0.1333,0.122,0.1337,0.1675,0.145,0.1272,0.1303,0.0972,0.0892,0.1187,0.0859,0.0876,0.0805,0.1454,0.1409,0.1976,0.1041,0.1398,0.1398,0.1219,0.1588,0.1002,0.0856,0.0862,0.1322,0.1178,0.2079,0.1206,0.1153,0.1046,0.1149,0.1462,0.1443,0.1203,0.0852,0.0861,0.3108,0.2793,0.2477,0.3723,0.2011,0.178,0.1514,0.1142,0.128,0.2002,0.0905,0.0859,0.0865,0.2408,0.1919,0.3959,0.1037,0.1771,0.2262,0.1932,0.2944,0.1351,0.0873,0.0894,0.3449,0.1597,0.2905,0.2081,0.2787,0.161,0.2406,0.3196,0.1376,0.2099,0.086,0.0867,0.0871,0.0907,0.0852,0.0869,0.0866,0.085,0.0859,0.0854,0.0852,0.0869,0.0854
,7:29:16,47.9,0.0857,0.0858,0.087,0.0912,0.0876,0.0868,0.0861,0.086,0.0861,0.0852,0.0865,0.0871,0.1011,0.1334,0.1213,0.1336,0.1675,0.1453,0.1271,0.1301,0.0973,0.0887,0.119,0.0857,0.0872,0.0805,0.145,0.1404,0.197,0.1042,0.1397,0.1395,0.1219,0.1581,0.1002,0.085,0.0858,0.1324,0.1177,0.2081,0.1197,0.1147,0.1046,0.1141,0.146,0.1445,0.1205,0.0852,0.0859,0.3116,0.2802,0.2485,0.3735,0.2007,0.1776,0.1505,0.113,0.1265,0.2004,0.0899,0.0862,0.0866,0.2418,0.1921,0.3985,0.1033,0.1763,0.2282,0.1934,0.2959,0.1349,0.0867,0.089,0.3452,0.159,0.2915,0.2075,0.2783,0.1604,0.2401,0.3191,0.1378,0.2114,0.0856,0.0865,0.0864,0.0907,0.0853,0.0862,0.0863,0.0852,0.0857,0.0847,0.0848,0.0866,0.0857
,7:34:16,48,0.0858,0.0864,0.087,0.0915,0.0877,0.0872,0.0865,0.0861,0.0871,0.0857,0.0869,0.0876,0.1011,0.1329,0.1214,0.1335,0.1675,0.1449,0.1274,0.1297,0.0969,0.0888,0.1189,0.0857,0.0877,0.0806,0.1454,0.1407,0.197,0.1043,0.1399,0.1396,0.1216,0.1584,0.1003,0.0852,0.0862,0.1321,0.1181,0.2077,0.1196,0.115,0.1042,0.1138,0.146,0.1446,0.1206,0.0853,0.086,0.3151,0.2807,0.249,0.3728,0.2001,0.1784,0.1505,0.1134,0.1261,0.2002,0.0896,0.0857,0.0867,0.2428,0.1923,0.4028,0.1033,0.1762,0.2281,0.1927,0.2963,0.1352,0.0874,0.089,0.3466,0.16,0.2934,0.2068,0.2778,0.1603,0.2414,0.321,0.1373,0.2124,0.0857,0.0865,0.0868,0.0909,0.085,0.0868,0.0866,0.0851,0.0859,0.0851,0.0846,0.0871,0.0861
,7:39:16,47.9,0.0857,0.0856,0.0869,0.0918,0.0874,0.0868,0.0859,0.086,0.0864,0.0854,0.0865,0.0867,0.1013,0.1332,0.1213,0.1333,0.1672,0.1443,0.1266,0.1296,0.0967,0.0887,0.1184,0.0857,0.0872,0.0806,0.1453,0.1411,0.1972,0.1038,0.1391,0.14,0.1215,0.1573,0.1,0.0848,0.0852,0.1315,0.1176,0.2075,0.1201,0.115,0.1044,0.1136,0.146,0.1441,0.1204,0.0847,0.0858,0.3171,0.2815,0.2485,0.3726,0.2009,0.1787,0.1494,0.1134,0.1258,0.1998,0.09,0.0859,0.0864,0.243,0.1919,0.4043,0.1032,0.1762,0.2266,0.1927,0.2972,0.1344,0.0868,0.0888,0.3457,0.1594,0.2938,0.2059,0.2809,0.1606,0.2415,0.3222,0.1375,0.213,0.0857,0.0866,0.0864,0.0904,0.0846,0.0861,0.0859,0.0849,0.0859,0.0851,0.0846,0.0865,0.0857
,7:44:16,48,0.0859,0.0858,0.0871,0.0914,0.0873,0.0869,0.0859,0.0862,0.0865,0.0857,0.0867,0.087,0.1014,0.1338,0.1209,0.1337,0.1671,0.1447,0.1269,0.13,0.0969,0.0906,0.1182,0.0856,0.0874,0.081,0.1452,0.1403,0.1973,0.1041,0.1397,0.1399,0.1214,0.1577,0.1001,0.0851,0.0856,0.1316,0.1177,0.2078,0.1189,0.1153,0.1044,0.1133,0.1463,0.1445,0.1206,0.0854,0.0862,0.316,0.282,0.2495,0.3725,0.2003,0.1784,0.1504,0.1133,0.1255,0.2004,0.0898,0.0861,0.0865,0.2437,0.1912,0.4099,0.1032,0.176,0.2275,0.1923,0.2994,0.1354,0.087,0.0892,0.3477,0.1612,0.296,0.2071,0.2825,0.1618,0.2419,0.3254,0.1374,0.2138,0.0862,0.0864,0.0867,0.0907,0.0849,0.0869,0.0862,0.0847,0.0859,0.0854,0.0849,0.0871,0.0859
,7:49:16,48,0.0859,0.0863,0.0875,0.0919,0.0879,0.0871,0.0861,0.0864,0.0866,0.0854,0.0871,0.0871,0.1013,0.1332,0.1209,0.1338,0.1678,0.1447,0.1276,0.1302,0.0969,0.0893,0.1187,0.0858,0.0875,0.0805,0.1455,0.1405,0.1974,0.1046,0.1391,0.1394,0.121,0.1577,0.1003,0.0855,0.0857,0.1318,0.1178,0.2073,0.1198,0.1149,0.1045,0.1138,0.146,0.1447,0.1205,0.0853,0.086,0.3171,0.2815,0.2496,0.3738,0.2006,0.179,0.15,0.1131,0.1249,0.2,0.0899,0.0864,0.0866,0.2439,0.1922,0.4112,0.1034,0.1762,0.2276,0.1917,0.2996,0.1348,0.0874,0.0893,0.3496,0.161,0.2974,0.207,0.2832,0.1615,0.2413,0.3261,0.1378,0.2157,0.0863,0.0867,0.0872,0.0906,0.0852,0.0867,0.0864,0.0849,0.0858,0.0851,0.0849,0.0867,0.0861
,7:54:16,47.9,0.0855,0.0858,0.0868,0.0917,0.0879,0.0869,0.0862,0.0862,0.0863,0.0851,0.0865,0.087,0.1006,0.1331,0.1202,0.1338,0.1669,0.1451,0.1269,0.1291,0.097,0.0886,0.119,0.0855,0.0872,0.0807,0.1455,0.14,0.1975,0.1036,0.1392,0.1398,0.1212,0.1575,0.1003,0.0851,0.0853,0.1317,0.1173,0.2073,0.1186,0.1145,0.104,0.1133,0.1461,0.1445,0.1197,0.085,0.0855,0.3176,0.2815,0.2497,0.3727,0.2008,0.1787,0.1501,0.1121,0.124,0.1994,0.0895,0.0856,0.0866,0.2429,0.1917,0.4159,0.1033,0.1758,0.2259,0.1914,0.3011,0.1343,0.0871,0.0888,0.3515,0.1605,0.3001,0.2057,0.2823,0.1613,0.2405,0.3252,0.1377,0.2146,0.0861,0.0863,0.0866,0.0902,0.0849,0.0867,0.0861,0.0846,0.0855,0.0848,0.0845,0.0866,0.0859
,7:59:16,48,0.0857,0.0855,0.0873,0.0912,0.0875,0.0872,0.0861,0.086,0.0868,0.0853,0.0866,0.0869,0.1005,0.1333,0.1207,0.1331,0.1672,0.145,0.1267,0.1293,0.0966,0.0885,0.1183,0.0856,0.0871,0.0802,0.1451,0.1398,0.1971,0.1042,0.1388,0.1393,0.1207,0.1573,0.0999,0.0846,0.0859,0.1311,0.1174,0.2073,0.1182,0.1145,0.1041,0.1128,0.1456,0.1444,0.1201,0.0847,0.0856,0.3196,0.2823,0.2492,0.3728,0.2,0.1784,0.149,0.1121,0.1236,0.2,0.0895,0.0858,0.0861,0.2452,0.1907,0.4195,0.103,0.1755,0.2266,0.191,0.302,0.1343,0.0867,0.0889,0.3517,0.1607,0.3032,0.2051,0.2841,0.1611,0.2414,0.3269,0.137,0.2162,0.0857,0.0864,0.0867,0.0901,0.0852,0.086,0.0861,0.0844,0.0855,0.0853,0.0849,0.0864,0.0853
,8:04:16,47.9,0.086,0.086,0.0866,0.0914,0.0874,0.087,0.0864,0.0858,0.087,0.085,0.0864,0.0874,0.1006,0.1329,0.1199,0.1341,0.1676,0.1448,0.1271,0.1296,0.0968,0.0888,0.1181,0.0855,0.0876,0.0803,0.1452,0.1402,0.1979,0.1046,0.1387,0.1393,0.1211,0.1575,0.0995,0.0849,0.0859,0.1319,0.118,0.2078,0.1189,0.1148,0.1035,0.1128,0.1456,0.1444,0.1201,0.0849,0.0857,0.3214,0.2838,0.2501,0.3728,0.2001,0.1793,0.1491,0.1115,0.1235,0.2001,0.0898,0.0861,0.0866,0.2464,0.1912,0.4241,0.1031,0.1753,0.2269,0.191,0.3027,0.135,0.0867,0.0887,0.3534,0.1599,0.3057,0.2054,0.2855,0.161,0.2402,0.3285,0.1378,0.2177,0.0862,0.0863,0.0865,0.0901,0.0848,0.0862,0.0862,0.0844,0.0856,0.0848,0.085,0.0867,0.0854
,8:09:16,48,0.0856,0.0853,0.087,0.0916,0.0877,0.0867,0.0862,0.0859,0.0864,0.0852,0.0866,0.0867,0.1006,0.1331,0.12,0.1331,0.1667,0.1441,0.1264,0.1292,0.0967,0.088,0.1182,0.0852,0.0873,0.0801,0.1448,0.1394,0.1975,0.104,0.1385,0.1399,0.1211,0.1566,0.0999,0.0848,0.0851,0.1314,0.117,0.2075,0.1186,0.1148,0.1039,0.1121,0.1455,0.1438,0.1199,0.0846,0.0856,0.3221,0.2829,0.2504,0.3724,0.2002,0.1788,0.1483,0.1115,0.1221,0.1998,0.0894,0.0852,0.0861,0.246,0.19,0.4269,0.1027,0.1744,0.2268,0.1903,0.3038,0.1348,0.0871,0.0889,0.3547,0.16,0.3083,0.2042,0.2864,0.1604,0.24,0.3285,0.1373,0.2183,0.086,0.0862,0.0866,0.0902,0.0847,0.0861,0.0861,0.0845,0.0853,0.0846,0.0843,0.0864,0.0865
,8:14:16,47.9,0.0857,0.0861,0.0869,0.0916,0.0875,0.0868,0.0866,0.0862,0.0865,0.0851,0.0865,0.0867,0.1007,0.1333,0.1198,0.1333,0.1673,0.1448,0.1263,0.1293,0.0973,0.0889,0.1183,0.0858,0.0876,0.0809,0.1452,0.1394,0.198,0.1037,0.1387,0.1395,0.1209,0.1568,0.0995,0.0849,0.0856,0.1313,0.1175,0.2075,0.119,0.1146,0.1041,0.1124,0.1457,0.1441,0.1204,0.0853,0.0862,0.3244,0.2844,0.2504,0.373,0.2002,0.1797,0.1497,0.1113,0.1223,0.1995,0.09,0.0861,0.0863,0.2455,0.1904,0.4291,0.1032,0.1749,0.2262,0.1903,0.306,0.1349,0.0868,0.089,0.3575,0.1606,0.3106,0.2032,0.2878,0.1614,0.2387,0.3305,0.1372,0.2201,0.0861,0.0861,0.0868,0.0903,0.0852,0.0859,0.0867,0.0849,0.0858,0.085,0.0847,0.0866,0.0856
,8:19:16,48,0.0857,0.0862,0.0866,0.0916,0.0879,0.0871,0.0861,0.0866,0.0867,0.0851,0.0867,0.0873,0.1012,0.1334,0.1195,0.1333,0.1678,0.1448,0.1273,0.1294,0.0971,0.0917,0.1186,0.0857,0.0875,0.0806,0.1453,0.1395,0.1981,0.1036,0.1385,0.1405,0.1216,0.1574,0.1001,0.0846,0.0859,0.1314,0.1171,0.2076,0.1179,0.1151,0.1041,0.1124,0.1465,0.144,0.1202,0.0851,0.0859,0.3255,0.2826,0.252,0.3728,0.2001,0.1798,0.1493,0.1112,0.1217,0.1993,0.09,0.0865,0.0866,0.2473,0.1906,0.4316,0.1032,0.1744,0.2266,0.1895,0.3075,0.1341,0.0869,0.0888,0.3591,0.1603,0.3142,0.2037,0.2889,0.1609,0.2398,0.3327,0.1374,0.2209,0.0863,0.0868,0.0867,0.0904,0.0851,0.0866,0.0866,0.0847,0.0858,0.0854,0.0854,0.0867,0.0859
,8:24:16,47.9,0.0861,0.0862,0.087,0.0916,0.0879,0.0871,0.0865,0.0863,0.0867,0.0855,0.0869,0.0874,0.1013,0.1333,0.1196,0.1336,0.1672,0.1449,0.1267,0.1297,0.0971,0.0887,0.1184,0.0861,0.0873,0.0804,0.1454,0.1395,0.198,0.1045,0.1391,0.1403,0.1212,0.1567,0.1002,0.0852,0.0857,0.1313,0.1177,0.2078,0.1177,0.1149,0.1042,0.1125,0.146,0.1438,0.1206,0.0849,0.0857,0.3267,0.2827,0.2513,0.3727,0.1995,0.1801,0.1495,0.1116,0.1213,0.2,0.0901,0.0863,0.0866,0.2481,0.1902,0.4354,0.1033,0.1743,0.2263,0.1893,0.3076,0.1343,0.0869,0.0892,0.3625,0.1611,0.3141,0.203,0.289,0.1611,0.2387,0.3312,0.1371,0.2217,0.0863,0.087,0.087,0.0908,0.0849,0.0868,0.0865,0.0849,0.0859,0.0851,0.0854,0.0869,0.0859
,8:29:16,48,0.0867,0.0864,0.0878,0.0923,0.088,0.0874,0.087,0.0866,0.0865,0.0857,0.0872,0.087,0.1016,0.1334,0.1187,0.1339,0.1676,0.1448,0.1275,0.1299,0.0972,0.0888,0.119,0.0858,0.0876,0.0808,0.1459,0.1392,0.1977,0.1045,0.1388,0.1402,0.1209,0.1572,0.1002,0.0859,0.086,0.1317,0.1177,0.2072,0.1175,0.1152,0.1042,0.1129,0.1459,0.1447,0.12,0.0856,0.0866,0.3274,0.2838,0.2508,0.3732,0.1999,0.1805,0.1489,0.1116,0.1219,0.2006,0.0899,0.0863,0.0871,0.2487,0.1908,0.4371,0.1037,0.1744,0.2265,0.1897,0.3099,0.1341,0.0875,0.0891,0.3636,0.1611,0.3181,0.2025,0.2906,0.1615,0.2398,0.3327,0.1378,0.223,0.0865,0.0867,0.0868,0.0911,0.0853,0.0869,0.0869,0.0852,0.0861,0.0854,0.0851,0.0879,0.0861
,8:34:16,48,0.0856,0.0861,0.0872,0.0915,0.0882,0.0873,0.0863,0.0862,0.0866,0.0854,0.0869,0.0871,0.1009,0.1333,0.1191,0.1337,0.1669,0.1449,0.1266,0.1297,0.0975,0.0884,0.1186,0.086,0.0876,0.0809,0.1451,0.1395,0.1984,0.1037,0.1382,0.1401,0.121,0.1569,0.0998,0.0851,0.086,0.1316,0.1174,0.2071,0.1181,0.1146,0.1041,0.1122,0.1481,0.1439,0.1206,0.0853,0.0858,0.3281,0.2833,0.2513,0.3728,0.1997,0.1807,0.1487,0.1107,0.1206,0.2002,0.0898,0.0865,0.0866,0.2483,0.1902,0.4399,0.1035,0.1737,0.2259,0.189,0.3094,0.1343,0.0871,0.0891,0.3655,0.1613,0.3196,0.2033,0.2915,0.162,0.2401,0.336,0.1372,0.2251,0.0857,0.0866,0.0873,0.0907,0.0851,0.0869,0.0866,0.0856,0.0854,0.0856,0.0853,0.0866,0.0861
,8:39:16,48,0.0862,0.0865,0.0872,0.0918,0.0875,0.0874,0.0866,0.0865,0.0867,0.0854,0.0869,0.0872,0.1007,0.1328,0.1189,0.1337,0.1676,0.1447,0.1266,0.1299,0.0969,0.0891,0.1183,0.0861,0.0872,0.0806,0.1455,0.1397,0.1984,0.104,0.1379,0.1406,0.1206,0.1564,0.0993,0.0853,0.0854,0.1312,0.1172,0.2078,0.1181,0.1143,0.1037,0.1117,0.1459,0.1438,0.1199,0.0852,0.086,0.3303,0.2867,0.2517,0.3722,0.1993,0.1805,0.1487,0.1113,0.1203,0.1993,0.0894,0.0865,0.0865,0.249,0.1904,0.442,0.1034,0.1736,0.2264,0.1893,0.3093,0.1348,0.0871,0.0883,0.3672,0.1601,0.3221,0.2009,0.2916,0.1611,0.239,0.3349,0.1371,0.2251,0.0865,0.0863,0.0867,0.0907,0.0848,0.0863,0.0864,0.0847,0.0862,0.0848,0.0852,0.0867,0.0855
,8:44:16,48,0.0861,0.0861,0.0874,0.0916,0.0878,0.0873,0.0862,0.0864,0.0868,0.0854,0.0866,0.0875,0.1011,0.1333,0.1187,0.1336,0.1678,0.1446,0.1264,0.1292,0.0968,0.0887,0.1184,0.0862,0.0873,0.0811,0.145,0.1395,0.1984,0.1041,0.1378,0.1403,0.1206,0.1566,0.1,0.085,0.0856,0.1311,0.1172,0.2079,0.1174,0.1144,0.1036,0.1114,0.1457,0.1437,0.1202,0.0858,0.0862,0.3322,0.2873,0.2521,0.3722,0.1997,0.1802,0.1485,0.1103,0.1202,0.2009,0.0898,0.0863,0.0867,0.2499,0.1895,0.444,0.1033,0.1734,0.2259,0.1884,0.3112,0.1347,0.0869,0.089,0.3679,0.1606,0.3239,0.2004,0.2924,0.1614,0.2395,0.3369,0.137,0.2281,0.0859,0.0869,0.0867,0.0908,0.0849,0.0869,0.0864,0.0848,0.086,0.0851,0.0854,0.087,0.086
,8:49:16,47.9,0.0863,0.0864,0.0871,0.0914,0.0879,0.0873,0.0866,0.0862,0.0864,0.0856,0.0868,0.0875,0.1007,0.1331,0.1187,0.1338,0.1672,0.1442,0.1271,0.1296,0.0971,0.0884,0.1183,0.0859,0.0868,0.0806,0.1455,0.1391,0.1981,0.1037,0.1378,0.1398,0.1205,0.1561,0.1001,0.0848,0.0857,0.1311,0.1176,0.2075,0.1168,0.115,0.1039,0.1113,0.146,0.144,0.1204,0.085,0.086,0.332,0.2889,0.2518,0.3714,0.1991,0.1802,0.1482,0.1105,0.119,0.201,0.0903,0.0861,0.0866,0.2505,0.1899,0.4485,0.1034,0.1724,0.2275,0.1876,0.3108,0.1342,0.0873,0.0887,0.3699,0.1611,0.326,0.1996,0.2928,0.1619,0.2387,0.337,0.1376,0.229,0.086,0.0866,0.0869,0.0906,0.0854,0.0863,0.0868,0.0852,0.0862,0.0852,0.0849,0.0866,0.0857
,8:54:16,48,0.0857,0.0855,0.0869,0.0912,0.0876,0.0875,0.086,0.0865,0.0864,0.0852,0.0867,0.0867,0.1002,0.133,0.1181,0.1336,0.1663,0.1449,0.1267,0.1295,0.0966,0.0889,0.1183,0.0853,0.087,0.0807,0.1452,0.1388,0.198,0.104,0.1375,0.1401,0.121,0.156,0.0997,0.0847,0.0854,0.131,0.1176,0.2071,0.1161,0.1144,0.1035,0.1109,0.1463,0.1435,0.1201,0.0847,0.0856,0.3342,0.2874,0.2513,0.3713,0.1985,0.1812,0.1478,0.1094,0.1177,0.2006,0.0899,0.0859,0.0861,0.2503,0.1891,0.4486,0.1031,0.1721,0.2269,0.188,0.3138,0.134,0.0873,0.0889,0.371,0.1594,0.3274,0.2011,0.2932,0.1613,0.2413,0.3362,0.1373,0.2306,0.0859,0.0867,0.0867,0.0906,0.0851,0.0866,0.0863,0.0851,0.086,0.0854,0.0847,0.087,0.0855
,8:59:16,47.9,0.086,0.0861,0.0873,0.0914,0.088,0.0872,0.0865,0.0866,0.0868,0.0854,0.0865,0.0874,0.101,0.1334,0.1182,0.1338,0.1665,0.1446,0.1268,0.1292,0.0968,0.0889,0.1185,0.0857,0.0872,0.0806,0.1457,0.1389,0.1982,0.104,0.1379,0.1403,0.1205,0.1558,0.1001,0.0853,0.086,0.1313,0.1172,0.2071,0.1165,0.1143,0.104,0.1113,0.1462,0.1439,0.1204,0.085,0.0862,0.3384,0.2901,0.2523,0.3708,0.1991,0.1811,0.1482,0.1101,0.118,0.2013,0.0901,0.0866,0.0871,0.251,0.1894,0.4517,0.1032,0.1724,0.2263,0.1866,0.3163,0.1341,0.0868,0.0888,0.3716,0.1604,0.3296,0.2004,0.2941,0.1614,0.2395,0.3365,0.1378,0.2316,0.086,0.0865,0.0865,0.0907,0.0849,0.0862,0.0865,0.0849,0.0861,0.0856,0.0848,0.0868,0.0857
,9:04:16,48,0.0853,0.0858,0.0867,0.0916,0.087,0.0868,0.0857,0.0859,0.086,0.0848,0.0862,0.0869,0.1006,0.1323,0.1172,0.1333,0.1663,0.1435,0.1263,0.1289,0.0965,0.0881,0.1183,0.0852,0.0871,0.08,0.1445,0.1383,0.1976,0.103,0.1369,0.1403,0.1197,0.1555,0.0992,0.085,0.0855,0.1302,0.1176,0.2069,0.1156,0.1144,0.103,0.1108,0.1455,0.143,0.1198,0.0848,0.0857,0.3372,0.2875,0.2521,0.3699,0.1984,0.1808,0.1476,0.1087,0.1175,0.2006,0.0894,0.0855,0.0866,0.2503,0.1887,0.4516,0.1026,0.1713,0.227,0.1857,0.3169,0.1336,0.0863,0.0886,0.3718,0.1597,0.3326,0.1988,0.2935,0.1606,0.2394,0.3359,0.1371,0.2323,0.0858,0.0858,0.086,0.0904,0.085,0.0864,0.0862,0.085,0.0858,0.085,0.0847,0.086,0.0859
,9:09:16,47.9,0.0861,0.0864,0.0871,0.0917,0.0877,0.0873,0.0864,0.0864,0.0862,0.0858,0.0869,0.0877,0.1011,0.1326,0.1178,0.1338,0.1667,0.1445,0.1265,0.1294,0.0969,0.0886,0.1183,0.0864,0.0877,0.0808,0.1454,0.1386,0.1976,0.104,0.1369,0.1402,0.1205,0.1559,0.0996,0.0851,0.0855,0.131,0.1177,0.2073,0.1161,0.1142,0.104,0.1108,0.1456,0.1434,0.12,0.085,0.0859,0.3391,0.2889,0.2531,0.3698,0.1986,0.1818,0.1484,0.1085,0.1175,0.2022,0.0895,0.0858,0.0868,0.2517,0.1893,0.453,0.103,0.1717,0.2272,0.1864,0.3184,0.1343,0.0869,0.0887,0.3732,0.16,0.3345,0.1996,0.2934,0.1617,0.2414,0.3372,0.1375,0.2341,0.086,0.0867,0.0871,0.0908,0.0849,0.0865,0.0864,0.085,0.0855,0.0851,0.085,0.0869,0.0859
,9:14:16,47.9,0.0858,0.0855,0.0869,0.0913,0.0875,0.0865,0.0858,0.0861,0.0863,0.085,0.0864,0.0867,0.1008,0.1325,0.1171,0.1328,0.1665,0.1442,0.1266,0.1289,0.0965,0.088,0.1181,0.0858,0.087,0.0805,0.1446,0.1386,0.1979,0.1033,0.137,0.1397,0.12,0.1552,0.0996,0.0846,0.0853,0.1306,0.1173,0.2067,0.1155,0.1141,0.1034,0.1103,0.1455,0.1434,0.1194,0.0852,0.086,0.3421,0.2895,0.252,0.37,0.1984,0.1816,0.1484,0.1085,0.1164,0.2017,0.0896,0.0858,0.086,0.2514,0.1886,0.4547,0.1028,0.1713,0.2271,0.1848,0.3169,0.1335,0.0865,0.0886,0.3731,0.1587,0.3346,0.1973,0.2943,0.1617,0.2411,0.3361,0.1366,0.2361,0.0856,0.0861,0.0864,0.0904,0.0854,0.0861,0.0862,0.0848,0.0857,0.085,0.0848,0.0865,0.0856
,9:19:16,48,0.0858,0.0864,0.0874,0.0917,0.088,0.0873,0.0862,0.0867,0.0868,0.0856,0.0866,0.0873,0.101,0.133,0.1176,0.1339,0.1665,0.1441,0.1269,0.1294,0.0968,0.0888,0.1188,0.0858,0.0878,0.081,0.1455,0.1389,0.1976,0.1039,0.1374,0.1401,0.1199,0.1557,0.0993,0.0851,0.0855,0.1309,0.1176,0.2073,0.1161,0.1143,0.1038,0.1106,0.1463,0.1435,0.1203,0.0852,0.0861,0.3419,0.2892,0.2528,0.3698,0.1988,0.1826,0.1486,0.1093,0.117,0.201,0.0902,0.0861,0.0865,0.2535,0.1888,0.457,0.1037,0.1716,0.2271,0.186,0.3192,0.1332,0.0868,0.089,0.374,0.1594,0.3381,0.1969,0.2948,0.1611,0.2412,0.3366,0.137,0.2368,0.0863,0.0866,0.0869,0.0906,0.0853,0.0869,0.0863,0.0852,0.086,0.0855,0.0853,0.0866,0.0861
,9:24:16,48,0.086,0.086,0.0869,0.0918,0.0876,0.0868,0.0861,0.0863,0.0867,0.0852,0.0867,0.0868,0.1009,0.1328,0.117,0.1336,0.1667,0.1441,0.1265,0.1287,0.097,0.0885,0.1187,0.0852,0.0872,0.0806,0.1451,0.1381,0.1982,0.1035,0.1369,0.1399,0.1202,0.1553,0.0999,0.0853,0.0857,0.1309,0.1175,0.2071,0.1163,0.1141,0.1032,0.1108,0.1465,0.1433,0.1198,0.0854,0.0858,0.3443,0.2918,0.2516,0.3687,0.1979,0.1823,0.1482,0.1087,0.1164,0.2014,0.0899,0.0856,0.0864,0.2524,0.188,0.4547,0.1031,0.1709,0.2272,0.1847,0.3191,0.1336,0.0874,0.0891,0.3745,0.1588,0.3405,0.1957,0.2952,0.1613,0.2419,0.3384,0.1372,0.2381,0.0858,0.0866,0.0871,0.0905,0.085,0.0864,0.0863,0.0844,0.0858,0.0854,0.0851,0.0888,0.0856
,9:29:16,48,0.0856,0.086,0.0875,0.0921,0.088,0.0871,0.0866,0.0865,0.0871,0.0857,0.0869,0.0877,0.1011,0.133,0.1169,0.1335,0.167,0.1442,0.1265,0.1295,0.0968,0.0889,0.1183,0.0858,0.0878,0.0807,0.1452,0.1385,0.1972,0.1039,0.1371,0.1404,0.1203,0.1555,0.0994,0.0855,0.0862,0.1312,0.118,0.207,0.116,0.1145,0.1036,0.1109,0.1458,0.1437,0.1198,0.0856,0.0863,0.3447,0.2903,0.2527,0.3684,0.1976,0.1827,0.1474,0.1089,0.1163,0.2023,0.0899,0.0861,0.0869,0.2533,0.1882,0.4559,0.1036,0.1707,0.2266,0.1851,0.3206,0.1344,0.0872,0.0895,0.3756,0.1594,0.3421,0.1958,0.2961,0.1623,0.2422,0.3382,0.1375,0.241,0.0862,0.0865,0.0869,0.0906,0.0854,0.0871,0.0862,0.0849,0.0861,0.0854,0.0855,0.0872,0.0856
,9:34:16,48,0.0858,0.0861,0.0872,0.0911,0.0878,0.0871,0.0867,0.0867,0.0867,0.0853,0.087,0.0871,0.1009,0.1328,0.1166,0.1337,0.1669,0.1437,0.1268,0.1291,0.0972,0.0884,0.1189,0.0863,0.0874,0.0808,0.1452,0.1381,0.1978,0.1039,0.1366,0.1401,0.1197,0.1551,0.0992,0.0851,0.0857,0.1307,0.1172,0.2075,0.1161,0.1147,0.1035,0.1106,0.1492,0.1439,0.1198,0.0852,0.0859,0.3462,0.2882,0.2525,0.3686,0.1986,0.1828,0.1476,0.1084,0.1153,0.2018,0.0901,0.0858,0.0869,0.2538,0.188,0.4556,0.1033,0.1707,0.2267,0.1843,0.3204,0.1343,0.0871,0.089,0.3759,0.1585,0.3418,0.1961,0.2957,0.1619,0.2414,0.3372,0.1371,0.2422,0.0858,0.0871,0.0872,0.091,0.0853,0.0866,0.0861,0.0848,0.0863,0.0857,0.0852,0.0869,0.0858
,9:39:16,47.9,0.0858,0.086,0.0874,0.0912,0.0873,0.0871,0.0865,0.0865,0.0868,0.0855,0.0868,0.0868,0.1008,0.1331,0.1162,0.1342,0.1666,0.1435,0.1265,0.1294,0.0966,0.0883,0.1186,0.0861,0.0877,0.0806,0.1453,0.1377,0.197,0.1037,0.1368,0.1402,0.1199,0.1553,0.0998,0.0846,0.0855,0.1308,0.1173,0.207,0.1154,0.1145,0.1033,0.1101,0.1458,0.1434,0.1193,0.0848,0.0859,0.3486,0.2883,0.2519,0.3671,0.1977,0.1828,0.1478,0.1079,0.1152,0.2018,0.0901,0.086,0.0865,0.2546,0.1878,0.4556,0.1035,0.1699,0.2257,0.184,0.3216,0.1336,0.0871,0.0893,0.3761,0.1586,0.3437,0.1955,0.2957,0.1608,0.2409,0.3372,0.1366,0.2448,0.0859,0.0868,0.0867,0.0909,0.0848,0.0865,0.0861,0.0848,0.0856,0.0852,0.0848,0.0873,0.0854
,9:44:16,48,0.0854,0.0858,0.0866,0.0911,0.0869,0.0868,0.0863,0.0863,0.0864,0.0851,0.0865,0.0866,0.1012,0.1326,0.1164,0.1335,0.166,0.1438,0.1259,0.1289,0.0966,0.0882,0.1184,0.0854,0.0871,0.0806,0.1454,0.1369,0.1971,0.1037,0.1359,0.1397,0.1193,0.1545,0.099,0.0847,0.0858,0.13,0.1167,0.2063,0.1154,0.1139,0.1031,0.1093,0.145,0.1427,0.1196,0.0851,0.0855,0.3492,0.2874,0.2518,0.3665,0.1975,0.1833,0.1477,0.1074,0.1147,0.2022,0.0893,0.086,0.0865,0.2541,0.1868,0.4555,0.103,0.1692,0.2246,0.183,0.3208,0.1333,0.0869,0.089,0.3754,0.1584,0.3449,0.1962,0.2956,0.1613,0.2408,0.3363,0.1369,0.2473,0.0858,0.0866,0.0865,0.0903,0.0849,0.0864,0.0864,0.085,0.0855,0.0853,0.0849,0.0869,0.0855
,9:49:16,47.9,0.086,0.0862,0.0872,0.0915,0.0877,0.0872,0.0864,0.0862,0.0867,0.0855,0.0869,0.087,0.101,0.1333,0.1163,0.1336,0.1663,0.1432,0.1264,0.1288,0.0968,0.0886,0.1185,0.0853,0.0876,0.0805,0.1453,0.1373,0.1976,0.1035,0.1363,0.1402,0.1193,0.1546,0.0997,0.0853,0.0857,0.1308,0.1176,0.2065,0.1148,0.1142,0.1029,0.1097,0.1457,0.1433,0.1197,0.0851,0.0857,0.3466,0.2877,0.2521,0.3669,0.1977,0.183,0.1477,0.1079,0.114,0.2024,0.0899,0.0858,0.0863,0.2533,0.187,0.4556,0.1038,0.1694,0.2261,0.1827,0.3222,0.1337,0.0866,0.0891,0.3769,0.1578,0.3465,0.1943,0.2958,0.1616,0.2401,0.3363,0.1369,0.2511,0.0862,0.0861,0.0865,0.0909,0.0855,0.0871,0.0861,0.0852,0.0856,0.0853,0.0846,0.0869,0.0859
,9:54:16,48,0.0858,0.0856,0.0865,0.0913,0.0874,0.0865,0.0862,0.0858,0.0858,0.085,0.0863,0.0868,0.1005,0.1328,0.1157,0.1332,0.1659,0.1433,0.1259,0.1285,0.0963,0.088,0.1177,0.0854,0.0866,0.0805,0.1446,0.1371,0.1969,0.1033,0.136,0.1392,0.1192,0.1542,0.0987,0.0845,0.0852,0.1305,0.1172,0.2058,0.1146,0.1142,0.1025,0.1088,0.1452,0.1425,0.1191,0.0847,0.0855,0.3534,0.2883,0.2511,0.366,0.1965,0.1824,0.1474,0.1074,0.1131,0.2033,0.0891,0.0853,0.0861,0.2546,0.1865,0.4552,0.1027,0.1679,0.2246,0.1826,0.3216,0.1336,0.0866,0.0887,0.3773,0.1577,0.3468,0.1936,0.2958,0.1609,0.239,0.3368,0.1366,0.2531,0.0857,0.0861,0.0864,0.0899,0.085,0.0861,0.0861,0.0845,0.0852,0.0848,0.0844,0.0862,0.0849
,9:59:15,48,0.086,0.0859,0.0872,0.0916,0.0875,0.0877,0.0865,0.0859,0.087,0.0855,0.0864,0.0869,0.1006,0.1329,0.1158,0.1337,0.167,0.1437,0.1263,0.1287,0.0965,0.0884,0.1186,0.0858,0.0874,0.0806,0.1454,0.1373,0.1972,0.1034,0.1361,0.1397,0.1196,0.1544,0.0992,0.0847,0.0857,0.1305,0.1171,0.2068,0.1146,0.114,0.1031,0.1094,0.1456,0.1432,0.1198,0.0853,0.0859,0.3533,0.2899,0.2524,0.3661,0.1966,0.1837,0.1479,0.1075,0.114,0.2041,0.09,0.086,0.0864,0.2546,0.1861,0.4564,0.1029,0.1683,0.2263,0.1821,0.3223,0.1336,0.0866,0.0888,0.3777,0.1583,0.3478,0.194,0.2958,0.1615,0.2404,0.337,0.1369,0.2569,0.0858,0.0867,0.0866,0.0905,0.0853,0.0869,0.0865,0.0845,0.0855,0.0851,0.0845,0.0865,0.0858
,10:04:16,47.9,0.0859,0.0862,0.0872,0.0919,0.0876,0.0874,0.0865,0.0866,0.0866,0.0855,0.0869,0.0872,0.101,0.1331,0.1158,0.1338,0.1663,0.1434,0.1259,0.1289,0.0963,0.0886,0.1182,0.0859,0.0874,0.0807,0.145,0.1373,0.1975,0.1034,0.1362,0.1401,0.1197,0.1543,0.0999,0.0853,0.0856,0.1306,0.1173,0.2063,0.1143,0.1143,0.1033,0.109,0.1458,0.1424,0.1193,0.0851,0.0861,0.3546,0.2878,0.2524,0.3663,0.1971,0.184,0.1477,0.1075,0.1131,0.2045,0.0899,0.0858,0.0866,0.2557,0.1857,0.455,0.1036,0.1678,0.2254,0.1812,0.3224,0.1337,0.0874,0.0889,0.3795,0.1583,0.3489,0.1932,0.2953,0.1615,0.2393,0.3364,0.1375,0.2601,0.0864,0.0869,0.0874,0.0911,0.0852,0.0865,0.0869,0.0848,0.0859,0.0851,0.0853,0.0868,0.0859
,10:09:16,48,0.0856,0.0862,0.087,0.092,0.0872,0.0877,0.0866,0.0866,0.0868,0.0853,0.0868,0.087,0.1008,0.133,0.1157,0.1337,0.1661,0.1434,0.1261,0.1284,0.0966,0.0902,0.1182,0.0861,0.0873,0.0806,0.1451,0.1369,0.1972,0.1036,0.136,0.1397,0.1196,0.1538,0.0994,0.0851,0.0857,0.1308,0.1174,0.2058,0.1144,0.1144,0.1033,0.1094,0.1453,0.1425,0.1196,0.0853,0.0861,0.3553,0.2868,0.2513,0.3654,0.1962,0.1836,0.1473,0.107,0.1134,0.2041,0.0896,0.086,0.0865,0.2551,0.1862,0.4549,0.1032,0.1681,0.2242,0.1809,0.3219,0.1338,0.0873,0.0889,0.3795,0.1578,0.3501,0.194,0.2954,0.1615,0.2395,0.3351,0.1367,0.2621,0.0857,0.0866,0.0873,0.0905,0.085,0.0866,0.0865,0.0849,0.0856,0.0854,0.0849,0.0868,0.0854
,10:14:16,48,0.0856,0.0858,0.0865,0.0917,0.0874,0.0872,0.0864,0.0861,0.0866,0.0854,0.0868,0.0868,0.1008,0.1328,0.1149,0.1333,0.1662,0.143,0.1259,0.1286,0.0964,0.088,0.1182,0.0852,0.0869,0.0804,0.1449,0.1362,0.1967,0.1031,0.1357,0.1391,0.1189,0.1532,0.099,0.0845,0.0852,0.1298,0.1167,0.205,0.1141,0.1143,0.1028,0.1086,0.1452,0.1425,0.1193,0.0845,0.0854,0.3563,0.2866,0.2506,0.3648,0.1963,0.1832,0.1475,0.1067,0.1119,0.2039,0.0893,0.0854,0.0861,0.2557,0.1851,0.4533,0.1031,0.1671,0.2241,0.1808,0.3213,0.1334,0.0865,0.0884,0.3785,0.1576,0.3494,0.1917,0.2959,0.161,0.2395,0.336,0.1364,0.2612,0.0862,0.0865,0.0865,0.0902,0.0846,0.0861,0.0861,0.0844,0.0857,0.0848,0.0847,0.0862,0.0855
,10:19:16,48,0.0856,0.086,0.0871,0.0919,0.0879,0.0867,0.0866,0.086,0.0864,0.0849,0.0865,0.087,0.1009,0.1328,0.1146,0.1336,0.1663,0.1431,0.1264,0.1286,0.0964,0.0882,0.1184,0.086,0.0874,0.0804,0.1451,0.1366,0.1976,0.1034,0.1357,0.1399,0.1189,0.1533,0.0988,0.085,0.0852,0.1299,0.1172,0.2056,0.1136,0.1145,0.1029,0.1085,0.1455,0.1424,0.1197,0.085,0.0858,0.3561,0.2859,0.2513,0.3645,0.1954,0.183,0.1476,0.1058,0.1117,0.2042,0.0895,0.086,0.0864,0.256,0.1845,0.4543,0.1031,0.1668,0.2242,0.1793,0.3206,0.1336,0.0868,0.0885,0.3793,0.1574,0.3514,0.1919,0.2961,0.1612,0.2391,0.3357,0.1365,0.263,0.0855,0.0862,0.0866,0.0905,0.0849,0.0862,0.0862,0.0846,0.0856,0.0848,0.0846,0.0864,0.0855
,10:24:16,48,0.0858,0.0862,0.0871,0.0919,0.0876,0.0869,0.0865,0.0859,0.086,0.0848,0.0865,0.087,0.1007,0.1329,0.115,0.1335,0.1657,0.1428,0.1259,0.1286,0.097,0.0882,0.118,0.0856,0.0875,0.0804,0.1445,0.1364,0.1967,0.1037,0.1353,0.1393,0.1188,0.1534,0.0994,0.0851,0.0856,0.1305,0.1176,0.2051,0.1137,0.1139,0.103,0.1085,0.1454,0.142,0.1191,0.0851,0.0859,0.357,0.2851,0.2511,0.3639,0.195,0.184,0.1477,0.1064,0.112,0.2054,0.0897,0.0856,0.0861,0.2561,0.1847,0.4541,0.1033,0.1668,0.2249,0.1793,0.3186,0.1336,0.0867,0.0887,0.3793,0.1571,0.3526,0.1905,0.2957,0.161,0.2387,0.3362,0.1372,0.2631,0.0857,0.0866,0.0866,0.0905,0.085,0.0866,0.0859,0.0849,0.0856,0.085,0.085,0.0867,0.0856
,10:29:16,48,0.0855,0.0859,0.0868,0.0914,0.0874,0.0865,0.0858,0.0861,0.0862,0.0853,0.0863,0.0867,0.1006,0.1325,0.1144,0.1335,0.1657,0.1427,0.1254,0.1285,0.0965,0.0878,0.1183,0.0855,0.0871,0.0802,0.1439,0.1361,0.1962,0.1029,0.1349,0.1393,0.1183,0.1531,0.0991,0.0843,0.0856,0.13,0.1166,0.2053,0.1131,0.1134,0.1025,0.1081,0.1446,0.1424,0.119,0.0848,0.0855,0.3585,0.2842,0.2492,0.362,0.1944,0.1841,0.147,0.1059,0.1115,0.2057,0.0891,0.0855,0.0863,0.2566,0.1852,0.4528,0.103,0.166,0.2227,0.1789,0.3208,0.1335,0.0866,0.0888,0.3807,0.1568,0.3537,0.1889,0.2964,0.1609,0.2385,0.3358,0.1365,0.2653,0.0857,0.0859,0.0866,0.0901,0.0848,0.0859,0.0858,0.0846,0.0853,0.0851,0.0846,0.0862,0.0854
,10:34:16,47.9,0.0864,0.086,0.0872,0.092,0.0882,0.0874,0.0866,0.0866,0.087,0.0856,0.0866,0.0873,0.1012,0.1326,0.1146,0.1336,0.1661,0.1433,0.1264,0.1291,0.0969,0.0884,0.1189,0.0862,0.0879,0.0805,0.1448,0.1364,0.1971,0.1039,0.1353,0.1399,0.1196,0.1533,0.0991,0.0856,0.0862,0.1303,0.1171,0.2055,0.1134,0.1144,0.1031,0.1086,0.1449,0.1432,0.1195,0.0855,0.0861,0.3609,0.2849,0.2495,0.3631,0.1948,0.1839,0.1477,0.1068,0.1122,0.2055,0.0899,0.0866,0.0868,0.2561,0.185,0.4528,0.1038,0.1655,0.2228,0.179,0.3184,0.1339,0.0874,0.0892,0.3812,0.1577,0.3534,0.189,0.2958,0.1612,0.2386,0.3355,0.1367,0.2647,0.0863,0.0869,0.0872,0.0909,0.0853,0.0867,0.0864,0.0851,0.0861,0.0851,0.0852,0.0869,0.0859
,10:39:16,47.9,0.0859,0.0867,0.0872,0.092,0.0878,0.0877,0.0865,0.0867,0.0869,0.0855,0.087,0.0874,0.1009,0.133,0.115,0.1339,0.1668,0.1433,0.1265,0.1292,0.0968,0.0886,0.1185,0.0862,0.0877,0.0808,0.1448,0.1364,0.1972,0.104,0.1353,0.14,0.1191,0.1532,0.0993,0.0851,0.0861,0.1307,0.1176,0.2057,0.1138,0.1145,0.1033,0.1084,0.1456,0.1429,0.1197,0.0854,0.086,0.3614,0.2832,0.2504,0.3614,0.1948,0.1848,0.1486,0.1062,0.1117,0.2073,0.0899,0.0861,0.0871,0.2565,0.184,0.4527,0.1036,0.1656,0.2233,0.1785,0.3183,0.133,0.0869,0.089,0.382,0.157,0.3542,0.1876,0.2959,0.1615,0.238,0.3363,0.1372,0.2635,0.0861,0.0873,0.087,0.0909,0.0854,0.0868,0.0865,0.0852,0.0862,0.0854,0.0851,0.0866,0.0862
,10:44:16,48,0.0851,0.0852,0.0866,0.0907,0.0872,0.0862,0.0856,0.0854,0.0861,0.0846,0.0858,0.0864,0.0997,0.1322,0.1133,0.1328,0.1655,0.1424,0.1254,0.1277,0.0957,0.0875,0.1176,0.085,0.0865,0.0803,0.1441,0.1357,0.1962,0.1025,0.1346,0.1391,0.1181,0.1521,0.0987,0.0845,0.0855,0.1294,0.1166,0.2048,0.1126,0.1136,0.1024,0.1075,0.1443,0.1418,0.1192,0.0842,0.0852,0.3625,0.2832,0.2488,0.3604,0.1932,0.1842,0.1473,0.1053,0.1108,0.2069,0.0893,0.0857,0.086,0.2554,0.1827,0.4518,0.1029,0.1647,0.2213,0.1771,0.3174,0.1324,0.0863,0.0881,0.3809,0.1556,0.3538,0.187,0.2941,0.1605,0.2374,0.3326,0.1359,0.2633,0.0855,0.0857,0.0862,0.0901,0.084,0.0856,0.0853,0.0845,0.0853,0.0848,0.0847,0.0863,0.0852
,10:49:16,48,0.0859,0.0861,0.0868,0.0916,0.088,0.0873,0.0866,0.0864,0.0866,0.0853,0.0863,0.0874,0.101,0.1325,0.1136,0.1333,0.166,0.1428,0.1258,0.1286,0.0969,0.0881,0.1183,0.0859,0.0878,0.0809,0.1448,0.1359,0.1968,0.1035,0.1346,0.1396,0.1186,0.1526,0.0994,0.0852,0.0861,0.1297,0.1174,0.2052,0.1133,0.1141,0.1027,0.1078,0.1455,0.1429,0.1191,0.085,0.0859,0.3636,0.2816,0.2504,0.36,0.1943,0.1846,0.1482,0.106,0.1105,0.2079,0.0902,0.0858,0.0863,0.255,0.1839,0.4521,0.1034,0.165,0.2221,0.1766,0.3177,0.1328,0.0871,0.0888,0.3823,0.157,0.3536,0.1883,0.294,0.1614,0.2382,0.3336,0.1369,0.2654,0.086,0.0871,0.0868,0.0907,0.0855,0.0865,0.0861,0.0852,0.0859,0.0854,0.0851,0.0868,0.0853
,10:54:16,48,0.0856,0.086,0.0873,0.0918,0.0875,0.0874,0.0859,0.086,0.0867,0.0853,0.0864,0.0867,0.1007,0.1324,0.1138,0.1332,0.1658,0.1427,0.1262,0.1287,0.0967,0.0884,0.118,0.0857,0.0876,0.0808,0.1445,0.1357,0.1976,0.103,0.1349,0.1395,0.1183,0.1516,0.0992,0.0854,0.0857,0.1301,0.1169,0.2055,0.1129,0.1139,0.103,0.1072,0.145,0.1427,0.1192,0.0851,0.0859,0.3615,0.2824,0.2494,0.3594,0.1938,0.1855,0.1476,0.1052,0.1103,0.2088,0.0894,0.0858,0.0863,0.2563,0.1832,0.452,0.1034,0.1647,0.2225,0.1762,0.3174,0.133,0.0869,0.0887,0.3812,0.1559,0.3541,0.1884,0.2932,0.1608,0.2372,0.3331,0.1367,0.2662,0.0859,0.0864,0.0867,0.0905,0.0849,0.0863,0.0861,0.0847,0.0858,0.0852,0.085,0.0864,0.0853
,10:59:16,48,0.0864,0.0856,0.0871,0.0915,0.0877,0.087,0.086,0.0864,0.0869,0.0859,0.087,0.0866,0.1007,0.1324,0.1137,0.1334,0.1656,0.1429,0.1261,0.1287,0.0967,0.0885,0.1186,0.0857,0.0873,0.0804,0.1453,0.136,0.1973,0.1032,0.135,0.1395,0.1183,0.1525,0.0993,0.0854,0.0856,0.1305,0.1172,0.2051,0.113,0.1143,0.1028,0.1081,0.1449,0.143,0.1196,0.0853,0.086,0.3619,0.2811,0.2486,0.3584,0.1939,0.1847,0.1473,0.1059,0.1105,0.2091,0.0894,0.0859,0.0869,0.2567,0.1832,0.4509,0.1032,0.1642,0.2224,0.1762,0.3168,0.1329,0.0869,0.0893,0.3824,0.1562,0.3551,0.1873,0.2942,0.1608,0.2384,0.3344,0.1369,0.2672,0.0862,0.0863,0.0867,0.0909,0.0852,0.0865,0.0862,0.0851,0.0859,0.0853,0.0848,0.0871,0.0856
,11:04:16,48,0.086,0.0864,0.0874,0.0919,0.0881,0.0871,0.0869,0.0863,0.0867,0.0854,0.0868,0.0874,0.1007,0.1326,0.1139,0.1335,0.1661,0.1434,0.1261,0.1286,0.0968,0.0886,0.1185,0.086,0.0872,0.0813,0.1455,0.1358,0.1969,0.1036,0.1348,0.14,0.1187,0.1523,0.099,0.0854,0.0859,0.1304,0.1173,0.2048,0.1132,0.1144,0.1026,0.1071,0.1452,0.1432,0.1194,0.0851,0.0861,0.3624,0.2799,0.2473,0.3577,0.1933,0.1856,0.147,0.1052,0.1102,0.2077,0.0902,0.086,0.0869,0.2564,0.1825,0.4508,0.1036,0.1637,0.2219,0.1757,0.3171,0.1332,0.0872,0.089,0.3815,0.1559,0.3538,0.1873,0.2954,0.161,0.2385,0.333,0.1373,0.2661,0.0858,0.0868,0.0871,0.0909,0.0849,0.0867,0.0864,0.0853,0.086,0.0852,0.0853,0.0868,0.0853
,11:09:16,48,0.086,0.0862,0.0873,0.092,0.0879,0.0871,0.0866,0.0866,0.087,0.0859,0.0868,0.0872,0.1012,0.133,0.1139,0.1342,0.1659,0.1435,0.1262,0.1287,0.0968,0.0882,0.1187,0.0863,0.0874,0.0807,0.1452,0.1352,0.1962,0.1038,0.1349,0.1397,0.1185,0.1516,0.0995,0.0853,0.0863,0.1304,0.1176,0.2048,0.1127,0.1148,0.1025,0.1073,0.1454,0.1433,0.1197,0.085,0.0861,0.3609,0.281,0.2472,0.3568,0.1937,0.1862,0.1473,0.1057,0.1098,0.2087,0.0898,0.0861,0.0872,0.2554,0.1832,0.4516,0.1037,0.1632,0.2212,0.1754,0.318,0.1334,0.0867,0.0893,0.3818,0.1558,0.355,0.1867,0.2929,0.1611,0.2374,0.333,0.1368,0.2672,0.0867,0.0869,0.0871,0.0907,0.085,0.0869,0.0866,0.0854,0.086,0.0854,0.0851,0.0867,0.086
,11:14:16,48,0.0851,0.0857,0.0865,0.0912,0.0871,0.0866,0.0858,0.0859,0.0863,0.0852,0.0862,0.0866,0.1001,0.1326,0.1129,0.1334,0.1654,0.1422,0.1259,0.1277,0.0963,0.0881,0.1178,0.0856,0.087,0.0803,0.1441,0.1351,0.1957,0.1032,0.134,0.1389,0.118,0.1515,0.0986,0.0844,0.0853,0.1295,0.1167,0.2046,0.1118,0.1136,0.1025,0.107,0.1443,0.1426,0.1192,0.085,0.0861,0.36,0.279,0.2444,0.356,0.1921,0.1853,0.1469,0.1048,0.1086,0.2076,0.0894,0.0855,0.0864,0.2549,0.1813,0.4486,0.1033,0.163,0.2199,0.1742,0.3146,0.1334,0.0864,0.0888,0.3815,0.1551,0.3533,0.1838,0.2913,0.1609,0.2373,0.3327,0.1368,0.2665,0.0859,0.0861,0.0861,0.0907,0.0846,0.086,0.0861,0.0844,0.085,0.0847,0.0846,0.0872,0.0856
,11:19:16,48,0.0858,0.0863,0.0872,0.0912,0.0878,0.087,0.0865,0.0867,0.0869,0.0854,0.0865,0.087,0.1002,0.1324,0.113,0.1333,0.1655,0.1428,0.1262,0.1284,0.0967,0.0881,0.1185,0.0857,0.0876,0.0806,0.1449,0.1351,0.1957,0.1032,0.1341,0.1395,0.1184,0.1516,0.0991,0.0852,0.0857,0.1296,0.1168,0.2047,0.1119,0.1141,0.1026,0.1069,0.1447,0.1429,0.1189,0.085,0.0857,0.3597,0.2791,0.2452,0.3547,0.1917,0.1852,0.1476,0.1053,0.1087,0.2081,0.0896,0.086,0.0863,0.2556,0.1821,0.4504,0.1031,0.1629,0.2204,0.1744,0.3157,0.1336,0.0867,0.0891,0.3803,0.1546,0.3543,0.1842,0.2898,0.1613,0.2367,0.3319,0.1359,0.2661,0.0862,0.0865,0.0865,0.0905,0.085,0.0863,0.0862,0.0853,0.0853,0.085,0.0846,0.0877,0.0854
,11:24:16,47.9,0.0858,0.0862,0.0871,0.0917,0.0873,0.0875,0.0863,0.0863,0.0868,0.0853,0.087,0.0875,0.1005,0.133,0.1125,0.1337,0.1656,0.1427,0.126,0.1284,0.0969,0.0882,0.1183,0.0862,0.0877,0.0807,0.1451,0.1356,0.1967,0.1034,0.1341,0.1396,0.1181,0.1519,0.099,0.0851,0.0857,0.13,0.1175,0.2047,0.1121,0.1135,0.1023,0.1068,0.1449,0.1432,0.1192,0.085,0.086,0.3608,0.2777,0.2433,0.3544,0.1922,0.1858,0.1477,0.1047,0.1083,0.2084,0.0896,0.0863,0.0865,0.2553,0.1816,0.4498,0.1032,0.1621,0.2203,0.1736,0.3148,0.1335,0.0868,0.089,0.3812,0.1551,0.3533,0.1838,0.2905,0.1611,0.2358,0.3313,0.137,0.2677,0.0862,0.0867,0.0867,0.0908,0.0851,0.0869,0.0866,0.0848,0.0856,0.0849,0.085,0.0868,0.086
,11:29:16,48,0.0858,0.0862,0.087,0.0915,0.0874,0.087,0.0859,0.0857,0.0867,0.085,0.0863,0.0868,0.1002,0.132,0.1125,0.133,0.1653,0.1422,0.1257,0.128,0.0965,0.0882,0.118,0.0852,0.0869,0.0806,0.1444,0.1346,0.1958,0.103,0.1343,0.1383,0.1181,0.1508,0.0992,0.0846,0.0854,0.1298,0.1167,0.2043,0.1113,0.1137,0.1022,0.1063,0.1442,0.1429,0.1186,0.0847,0.0857,0.3532,0.2795,0.2422,0.3531,0.1909,0.1855,0.1466,0.1045,0.1078,0.2084,0.0894,0.0858,0.0866,0.2563,0.1812,0.4511,0.1033,0.1612,0.2201,0.1721,0.3157,0.1328,0.0865,0.0888,0.3801,0.1546,0.3535,0.1834,0.2889,0.1605,0.2344,0.3324,0.1357,0.2674,0.0861,0.0856,0.0868,0.0904,0.0851,0.0858,0.0862,0.0842,0.0854,0.0851,0.0848,0.0862,0.0856
,11:34:16,47.9,0.086,0.0865,0.0873,0.0916,0.088,0.0874,0.0867,0.0867,0.0868,0.0854,0.0869,0.0873,0.1008,0.1322,0.113,0.1336,0.165,0.1423,0.1267,0.1283,0.097,0.0882,0.1188,0.0858,0.0874,0.0808,0.1448,0.1346,0.1965,0.1032,0.134,0.1398,0.1179,0.1513,0.0992,0.0856,0.0861,0.13,0.1173,0.2048,0.1117,0.1139,0.1026,0.1068,0.1452,0.1434,0.119,0.0854,0.0857,0.3536,0.2797,0.2425,0.352,0.191,0.1852,0.148,0.1051,0.1081,0.2092,0.0897,0.0864,0.0872,0.2555,0.1808,0.4491,0.1038,0.1614,0.2199,0.1724,0.317,0.1334,0.0873,0.0891,0.3804,0.1548,0.3549,0.1823,0.289,0.1607,0.2366,0.3317,0.1367,0.2694,0.0863,0.0867,0.0869,0.0904,0.0854,0.0867,0.0866,0.0851,0.0856,0.0855,0.0852,0.087,0.0867
,11:39:16,48,0.0858,0.086,0.087,0.0913,0.0875,0.0872,0.0862,0.0861,0.0869,0.0853,0.0867,0.087,0.1006,0.1322,0.1128,0.1332,0.1657,0.1421,0.1264,0.1284,0.0966,0.0883,0.1184,0.0855,0.087,0.0807,0.1446,0.1342,0.1956,0.103,0.1337,0.1389,0.118,0.1504,0.0989,0.0852,0.0853,0.1297,0.117,0.2046,0.1119,0.1139,0.1024,0.1063,0.1447,0.1428,0.1191,0.0852,0.0857,0.3596,0.2805,0.2399,0.3511,0.1907,0.1856,0.1474,0.1045,0.1074,0.2089,0.09,0.0857,0.0868,0.2551,0.1807,0.4492,0.1034,0.1606,0.2193,0.1725,0.3168,0.1327,0.0871,0.0888,0.3799,0.1537,0.3538,0.1819,0.2888,0.1612,0.2369,0.3321,0.1364,0.27,0.0862,0.086,0.0868,0.091,0.0851,0.0867,0.0861,0.0848,0.0858,0.0849,0.0845,0.0868,0.0858
,11:44:16,48,0.0857,0.0865,0.0871,0.0919,0.0879,0.0872,0.0862,0.0865,0.0873,0.0854,0.0863,0.0873,0.1007,0.1327,0.1123,0.133,0.1653,0.143,0.126,0.1281,0.0963,0.0883,0.1182,0.086,0.0872,0.0808,0.1443,0.1344,0.1957,0.1031,0.1336,0.1389,0.1175,0.15,0.099,0.0848,0.0858,0.1295,0.1169,0.2047,0.1117,0.1134,0.1025,0.1063,0.1443,0.1428,0.1188,0.0853,0.0859,0.3644,0.2793,0.2394,0.3498,0.1908,0.1863,0.1478,0.1039,0.1075,0.2089,0.0896,0.0861,0.0865,0.2559,0.1805,0.4511,0.1033,0.1605,0.2199,0.1709,0.3174,0.1331,0.0869,0.0895,0.3787,0.1527,0.3525,0.182,0.2887,0.1603,0.2355,0.3326,0.1366,0.2703,0.086,0.0862,0.0867,0.0906,0.0852,0.0866,0.0862,0.0847,0.0859,0.0855,0.0848,0.0869,0.0851
,11:49:16,47.9,0.0859,0.0862,0.0872,0.0914,0.0881,0.0871,0.0866,0.0864,0.0865,0.0857,0.0865,0.0869,0.1003,0.1323,0.1121,0.1333,0.1648,0.1419,0.126,0.128,0.0964,0.0882,0.1187,0.0856,0.0872,0.0801,0.1442,0.1347,0.1951,0.1032,0.1337,0.1388,0.1175,0.1508,0.0986,0.0852,0.0856,0.1293,0.1168,0.2035,0.1112,0.1137,0.1024,0.1058,0.1443,0.1424,0.1188,0.0848,0.0857,0.3628,0.2786,0.238,0.3488,0.1899,0.186,0.1475,0.1042,0.1071,0.2074,0.0896,0.0855,0.0862,0.2535,0.1801,0.4476,0.1036,0.1598,0.2182,0.1706,0.3173,0.1326,0.0868,0.0887,0.3774,0.1529,0.3523,0.1818,0.2877,0.1603,0.235,0.333,0.1362,0.2692,0.0859,0.0862,0.0867,0.0903,0.0848,0.0868,0.0865,0.0845,0.0859,0.0847,0.0846,0.0866,0.0848
,11:54:16,47.9,0.0858,0.0858,0.0866,0.0911,0.0877,0.087,0.0863,0.0862,0.0868,0.0852,0.0864,0.0868,0.1009,0.1319,0.112,0.1331,0.1653,0.1421,0.1258,0.1276,0.0963,0.0877,0.118,0.0855,0.0868,0.0803,0.1444,0.1346,0.1948,0.1034,0.1338,0.1388,0.1178,0.1498,0.0986,0.085,0.0856,0.1297,0.1168,0.2041,0.1111,0.1133,0.1019,0.1057,0.1446,0.1431,0.1188,0.0851,0.0862,0.3611,0.2772,0.2384,0.3477,0.1891,0.1855,0.1473,0.1042,0.107,0.2071,0.0893,0.086,0.0863,0.2528,0.1793,0.45,0.1035,0.1594,0.2185,0.1697,0.3173,0.1327,0.0865,0.0888,0.3771,0.1531,0.3521,0.1812,0.2885,0.1607,0.2339,0.3323,0.1366,0.2693,0.0856,0.0866,0.0864,0.0905,0.0851,0.0862,0.086,0.0846,0.0856,0.0852,0.085,0.0864,0.0849
,11:59:16,48,0.0862,0.0864,0.0873,0.0918,0.0875,0.0874,0.0867,0.0865,0.087,0.0855,0.0868,0.0872,0.1009,0.1326,0.1121,0.1336,0.1656,0.1426,0.1259,0.1285,0.0966,0.0888,0.1187,0.086,0.0877,0.0809,0.1451,0.1347,0.1951,0.1036,0.1336,0.139,0.1179,0.1505,0.0991,0.0853,0.0864,0.1305,0.1169,0.2042,0.1113,0.1142,0.1028,0.106,0.1444,0.1433,0.1193,0.0852,0.0859,0.3619,0.2772,0.2375,0.3477,0.1895,0.1858,0.1481,0.1042,0.107,0.2078,0.09,0.0863,0.087,0.2533,0.18,0.4493,0.1039,0.16,0.2185,0.1697,0.3169,0.1338,0.0871,0.0891,0.3772,0.153,0.3526,0.1818,0.2889,0.1614,0.2345,0.3333,0.1366,0.2703,0.0865,0.0868,0.0867,0.0909,0.0852,0.0867,0.0868,0.0852,0.0862,0.0856,0.085,0.0868,0.086
,12:04:16,47.9,0.0852,0.0863,0.0868,0.0915,0.0875,0.0869,0.0861,0.086,0.0865,0.085,0.0863,0.087,0.1006,0.1324,0.1113,0.1326,0.1649,0.1423,0.1255,0.1277,0.0964,0.0881,0.1183,0.0855,0.0873,0.0806,0.1441,0.1336,0.1944,0.1029,0.1329,0.1389,0.117,0.1498,0.0984,0.085,0.0852,0.1295,0.1168,0.2033,0.1112,0.1134,0.1021,0.1061,0.144,0.1432,0.1181,0.0844,0.0856,0.3612,0.2755,0.2364,0.3458,0.1894,0.1858,0.1472,0.1032,0.106,0.2073,0.0897,0.0857,0.0862,0.2528,0.1786,0.4473,0.1031,0.1585,0.217,0.1686,0.3164,0.133,0.0868,0.0885,0.3759,0.1521,0.3509,0.1804,0.2849,0.1608,0.2334,0.3322,0.1361,0.2695,0.0859,0.0864,0.0867,0.0903,0.085,0.0864,0.0863,0.0849,0.0859,0.085,0.0849,0.0867,0.0862
,12:09:16,48,0.0859,0.0857,0.0871,0.0916,0.0876,0.0874,0.0863,0.0863,0.0867,0.0851,0.0863,0.0868,0.1007,0.132,0.1118,0.133,0.165,0.1421,0.1257,0.1283,0.0968,0.0878,0.1182,0.0857,0.0874,0.0805,0.1443,0.1338,0.1949,0.1034,0.1331,0.1387,0.1178,0.1497,0.0989,0.0851,0.0857,0.1295,0.117,0.2036,0.111,0.1138,0.1021,0.1058,0.1438,0.1431,0.1189,0.0852,0.0857,0.3606,0.2765,0.2364,0.3457,0.1892,0.1852,0.1469,0.1036,0.1062,0.2071,0.0896,0.0862,0.0862,0.2512,0.1783,0.4495,0.1034,0.159,0.2175,0.1679,0.3158,0.1325,0.0869,0.0886,0.3759,0.1521,0.3529,0.1808,0.286,0.1612,0.2322,0.3321,0.136,0.2688,0.086,0.0863,0.0871,0.0906,0.0849,0.0862,0.0864,0.0847,0.0856,0.085,0.0848,0.0862,0.0865
,12:14:16,47.9,0.0858,0.0862,0.0873,0.0918,0.0877,0.0869,0.0861,0.0863,0.0863,0.0854,0.0868,0.0866,0.1011,0.1321,0.1114,0.1327,0.1649,0.1418,0.1258,0.1281,0.0965,0.0884,0.1183,0.0853,0.0876,0.0803,0.1443,0.1342,0.1948,0.1033,0.133,0.1387,0.1172,0.1496,0.0986,0.0852,0.0856,0.1296,0.1168,0.2034,0.1108,0.1139,0.1025,0.1055,0.1438,0.1434,0.1183,0.0851,0.0859,0.358,0.2748,0.2361,0.344,0.1885,0.1854,0.1478,0.1037,0.1059,0.2059,0.0897,0.0862,0.0867,0.2522,0.1785,0.4486,0.1037,0.1584,0.2165,0.168,0.3156,0.133,0.0865,0.0887,0.375,0.152,0.3518,0.1816,0.2867,0.1601,0.2338,0.3346,0.1368,0.2691,0.0859,0.0866,0.0868,0.0909,0.0852,0.0866,0.0863,0.0851,0.0855,0.0849,0.0847,0.0867,0.0858
,12:19:16,48,0.0861,0.0863,0.0871,0.0919,0.0876,0.087,0.0865,0.0864,0.0868,0.0849,0.0863,0.0872,0.101,0.1321,0.1111,0.1332,0.1649,0.1424,0.1256,0.1275,0.0967,0.0879,0.1187,0.0853,0.0873,0.0804,0.1439,0.1336,0.195,0.1029,0.1327,0.1389,0.1171,0.1495,0.0988,0.0851,0.0859,0.13,0.1169,0.2032,0.1106,0.1139,0.1019,0.1055,0.1441,0.1436,0.119,0.0852,0.0861,0.3582,0.2753,0.2355,0.3434,0.1878,0.1853,0.1474,0.1035,0.106,0.2062,0.09,0.0862,0.0866,0.251,0.1781,0.4475,0.1032,0.1585,0.217,0.1676,0.3141,0.1329,0.087,0.0892,0.3736,0.1515,0.3519,0.1799,0.2853,0.1609,0.2318,0.3349,0.1366,0.2695,0.0863,0.0868,0.0868,0.0909,0.085,0.0865,0.0867,0.0851,0.086,0.0852,0.0849,0.0872,0.0855
,12:24:16,47.9,0.0859,0.0864,0.0868,0.0918,0.0877,0.0874,0.0861,0.0863,0.0867,0.0856,0.0864,0.0867,0.1005,0.132,0.1113,0.1335,0.1645,0.1419,0.1253,0.1276,0.0961,0.0883,0.1188,0.0855,0.0876,0.0804,0.1443,0.1338,0.1946,0.1029,0.1324,0.1384,0.117,0.1493,0.0986,0.0849,0.0852,0.1297,0.117,0.2027,0.1105,0.1136,0.1021,0.1054,0.1438,0.1434,0.1186,0.0853,0.0862,0.3586,0.2753,0.2353,0.342,0.1877,0.1849,0.1475,0.1031,0.1053,0.2053,0.0902,0.0861,0.0867,0.2517,0.178,0.4484,0.1034,0.1581,0.2167,0.1668,0.3139,0.1331,0.0868,0.089,0.3738,0.1512,0.3519,0.1802,0.2851,0.1604,0.2321,0.3335,0.1367,0.2685,0.0859,0.0866,0.0867,0.0905,0.0849,0.0865,0.0864,0.0851,0.0859,0.085,0.0847,0.0863,0.0854
,12:29:16,48,0.0858,0.0858,0.087,0.0916,0.0877,0.0874,0.0864,0.0862,0.0869,0.0851,0.0871,0.0868,0.1008,0.132,0.1114,0.1328,0.165,0.1419,0.1254,0.128,0.0963,0.0878,0.1182,0.0857,0.0874,0.0806,0.1443,0.1338,0.1942,0.1032,0.1327,0.1389,0.1167,0.1484,0.0991,0.0853,0.0854,0.1297,0.1165,0.2031,0.1104,0.1134,0.1016,0.1048,0.1437,0.1436,0.1182,0.085,0.0861,0.3558,0.2732,0.2346,0.3419,0.1876,0.1844,0.1473,0.1036,0.1051,0.2045,0.0901,0.0861,0.0866,0.2506,0.1772,0.4475,0.1031,0.1574,0.2148,0.1664,0.313,0.1329,0.0869,0.0891,0.3724,0.1512,0.3513,0.1782,0.2847,0.1605,0.2318,0.3334,0.1367,0.2681,0.0862,0.0867,0.0867,0.0905,0.0849,0.0865,0.086,0.0845,0.086,0.085,0.0849,0.0864,0.0854
,12:34:16,47.9,0.0856,0.0861,0.0867,0.0916,0.0876,0.0874,0.0865,0.0858,0.0865,0.0853,0.0862,0.0866,0.1008,0.1319,0.1107,0.1332,0.1646,0.142,0.1251,0.1277,0.0968,0.088,0.118,0.0854,0.0871,0.0805,0.1442,0.1336,0.194,0.1033,0.1322,0.1388,0.1174,0.1486,0.0987,0.0849,0.0856,0.1298,0.1167,0.2028,0.1104,0.1132,0.1017,0.1049,0.1437,0.1442,0.1181,0.0848,0.0861,0.356,0.2729,0.2346,0.3403,0.1869,0.1849,0.1471,0.103,0.105,0.2037,0.0898,0.086,0.0866,0.2503,0.177,0.4478,0.1035,0.1565,0.2148,0.1656,0.3131,0.1325,0.0867,0.0889,0.3714,0.1503,0.3503,0.1785,0.2836,0.16,0.2317,0.3332,0.1364,0.2689,0.0859,0.0866,0.0866,0.0907,0.0846,0.0863,0.0862,0.085,0.0858,0.0849,0.085,0.0869,0.0854
,12:39:16,48,0.0861,0.0865,0.0873,0.0922,0.0884,0.0874,0.0864,0.0867,0.0872,0.0852,0.0869,0.0876,0.1015,0.1328,0.1116,0.1332,0.1652,0.142,0.1261,0.1284,0.0966,0.0885,0.1189,0.0865,0.0872,0.0809,0.1444,0.1339,0.1944,0.1036,0.1327,0.1389,0.1174,0.1487,0.099,0.0853,0.0866,0.1301,0.1173,0.2032,0.1105,0.1136,0.1024,0.1049,0.1446,0.1434,0.1189,0.0853,0.086,0.3561,0.271,0.2337,0.3394,0.187,0.1848,0.1473,0.1031,0.1045,0.203,0.0906,0.0863,0.0873,0.2506,0.1769,0.4493,0.1035,0.1565,0.2161,0.1656,0.3133,0.1333,0.087,0.0894,0.3729,0.1495,0.3511,0.1789,0.2837,0.1607,0.2317,0.3339,0.1371,0.2699,0.0863,0.0869,0.087,0.0908,0.0854,0.087,0.0868,0.0852,0.0864,0.0856,0.0854,0.0906,0.086
,12:44:16,48,0.0858,0.0864,0.0872,0.0918,0.0879,0.0873,0.0866,0.0864,0.0865,0.0856,0.0866,0.0868,0.1007,0.1319,0.1107,0.1329,0.165,0.1421,0.1256,0.1275,0.0962,0.0883,0.1187,0.0857,0.0872,0.0809,0.1444,0.1337,0.1942,0.1029,0.132,0.1387,0.1166,0.1489,0.0989,0.0852,0.0857,0.1295,0.1177,0.2031,0.1102,0.1136,0.1024,0.1046,0.1436,0.1439,0.1186,0.0849,0.0865,0.3573,0.2721,0.2334,0.3389,0.1866,0.1849,0.1468,0.1028,0.1046,0.2024,0.09,0.086,0.0872,0.2496,0.1761,0.4488,0.104,0.1561,0.2145,0.1644,0.3119,0.1328,0.0871,0.0893,0.3711,0.1497,0.3507,0.1774,0.2824,0.1599,0.2303,0.3342,0.1365,0.2688,0.0859,0.0868,0.0868,0.0906,0.085,0.0867,0.0869,0.0849,0.086,0.0852,0.0851,0.0871,0.0856
,12:49:16,47.9,0.0858,0.0858,0.087,0.092,0.0878,0.0868,0.0861,0.0863,0.0868,0.0852,0.0867,0.0866,0.1011,0.1315,0.1106,0.1331,0.1643,0.1416,0.1258,0.1274,0.0962,0.0878,0.1185,0.0858,0.0876,0.0805,0.144,0.1334,0.1939,0.1029,0.1319,0.1386,0.1171,0.1481,0.099,0.0853,0.086,0.1294,0.1168,0.2015,0.1101,0.1133,0.1021,0.1044,0.1437,0.1435,0.1183,0.0852,0.0858,0.3564,0.2753,0.2329,0.3388,0.1863,0.1843,0.1473,0.1029,0.1041,0.2007,0.0901,0.0859,0.0862,0.2475,0.1753,0.4483,0.1035,0.1556,0.2142,0.1647,0.3103,0.1328,0.0869,0.0889,0.3715,0.1485,0.3515,0.177,0.2823,0.1594,0.2298,0.3324,0.1365,0.2682,0.0861,0.0865,0.0868,0.0911,0.0854,0.0862,0.0861,0.0849,0.0857,0.0849,0.0851,0.0877,0.0856
,12:54:16,47.9,0.0861,0.0863,0.0872,0.0919,0.0876,0.0877,0.0867,0.086,0.0868,0.0855,0.0868,0.0869,0.1012,0.1316,0.1104,0.1333,0.1642,0.142,0.1252,0.1281,0.0963,0.0879,0.1183,0.0858,0.0876,0.0806,0.1441,0.133,0.1934,0.1035,0.132,0.1377,0.1166,0.148,0.0987,0.085,0.0856,0.1293,0.1172,0.2026,0.11,0.1139,0.1021,0.1042,0.1432,0.1432,0.1186,0.0853,0.0859,0.3554,0.2733,0.2325,0.3378,0.1867,0.1841,0.1469,0.1027,0.1039,0.2008,0.0898,0.0858,0.0868,0.2495,0.1761,0.4481,0.1038,0.1553,0.2143,0.1639,0.3104,0.1326,0.087,0.0893,0.3696,0.1487,0.3531,0.177,0.2807,0.1595,0.2298,0.3344,0.1365,0.2696,0.0858,0.0868,0.0874,0.0905,0.0851,0.0862,0.0865,0.0852,0.0861,0.0852,0.0851,0.0872,0.0856
,12:59:16,48,0.0858,0.0859,0.087,0.092,0.0877,0.0875,0.086,0.0862,0.0863,0.0853,0.0868,0.087,0.1008,0.1315,0.1098,0.1327,0.1647,0.1412,0.1258,0.1274,0.0959,0.0883,0.1179,0.0858,0.0874,0.0804,0.1439,0.1327,0.1937,0.103,0.1319,0.1387,0.1163,0.1478,0.0988,0.085,0.0859,0.1292,0.1168,0.2022,0.11,0.1134,0.1021,0.104,0.1436,0.1429,0.1181,0.0851,0.0859,0.3551,0.2726,0.2312,0.3386,0.1852,0.1833,0.1469,0.1023,0.1034,0.1997,0.0896,0.0859,0.0868,0.2478,0.1751,0.4485,0.1034,0.1552,0.2143,0.1628,0.308,0.1326,0.0868,0.0892,0.3691,0.1484,0.3496,0.1773,0.2814,0.1599,0.2292,0.3318,0.1364,0.2677,0.0864,0.0869,0.0866,0.0904,0.0851,0.0864,0.0864,0.0844,0.0861,0.0855,0.0851,0.0867,0.0855
,13:04:16,48,0.0858,0.0864,0.0866,0.0918,0.0877,0.0873,0.0861,0.0862,0.0866,0.0852,0.0871,0.0868,0.1005,0.1316,0.11,0.1326,0.164,0.1415,0.1257,0.1272,0.0963,0.0878,0.1184,0.0854,0.0874,0.0802,0.1439,0.1321,0.1929,0.1028,0.132,0.1382,0.1167,0.1477,0.0985,0.0846,0.0856,0.1293,0.1168,0.2024,0.11,0.1134,0.1017,0.1039,0.1437,0.1433,0.118,0.0854,0.0857,0.3574,0.2728,0.2307,0.3361,0.1843,0.1833,0.1469,0.1025,0.1036,0.199,0.0897,0.0857,0.0867,0.2477,0.174,0.4472,0.1033,0.1544,0.2135,0.1624,0.3105,0.1326,0.087,0.089,0.3682,0.1474,0.3501,0.1762,0.2808,0.1595,0.229,0.3305,0.1367,0.2675,0.0861,0.0862,0.0867,0.0906,0.085,0.0864,0.0861,0.0848,0.0858,0.0852,0.0846,0.0866,0.0856
,13:09:16,48,0.0861,0.0863,0.0872,0.0919,0.0878,0.0874,0.0869,0.0863,0.0864,0.0853,0.087,0.0871,0.101,0.1317,0.1099,0.1329,0.1646,0.1419,0.1254,0.1278,0.0967,0.0881,0.1184,0.086,0.0872,0.0808,0.1439,0.133,0.1931,0.1032,0.1322,0.1388,0.116,0.1476,0.099,0.0852,0.0856,0.1294,0.1175,0.2022,0.1103,0.1136,0.1024,0.1045,0.1438,0.1429,0.1182,0.085,0.0864,0.3556,0.2696,0.23,0.3367,0.1847,0.1836,0.1471,0.1027,0.1034,0.1981,0.0899,0.0864,0.0867,0.2469,0.1736,0.4482,0.1042,0.1547,0.2141,0.1623,0.3104,0.133,0.0873,0.0893,0.3687,0.1472,0.3505,0.1765,0.2785,0.1595,0.2281,0.3334,0.1365,0.2671,0.086,0.0868,0.0871,0.0908,0.0849,0.0866,0.0866,0.0853,0.0857,0.0853,0.0853,0.0874,0.0857
,13:14:16,47.9,0.0857,0.0859,0.0868,0.0917,0.0874,0.0871,0.0859,0.0862,0.0865,0.0855,0.0863,0.0868,0.101,0.1312,0.1095,0.1321,0.164,0.1416,0.1256,0.1273,0.0964,0.0878,0.1182,0.0858,0.0872,0.0806,0.1438,0.1325,0.1925,0.1028,0.1314,0.1383,0.1161,0.1476,0.0986,0.0851,0.0856,0.1292,0.1168,0.2021,0.1097,0.1131,0.1015,0.104,0.1432,0.1423,0.1179,0.085,0.0857,0.3564,0.2708,0.2287,0.3361,0.1838,0.1837,0.1468,0.1025,0.103,0.1979,0.0895,0.086,0.0863,0.2463,0.1732,0.4481,0.1033,0.1541,0.2125,0.1608,0.3083,0.1324,0.0869,0.0887,0.3664,0.1472,0.3498,0.1749,0.2777,0.1596,0.2281,0.3369,0.1362,0.2671,0.0857,0.0867,0.0863,0.0904,0.0849,0.0862,0.0863,0.0848,0.0854,0.0849,0.085,0.0862,0.0853
,13:19:16,48,0.0863,0.086,0.0872,0.0915,0.0877,0.0875,0.0864,0.0863,0.0866,0.0854,0.0868,0.0867,0.0981,0.1318,0.1096,0.1327,0.164,0.1414,0.1259,0.1279,0.0964,0.0882,0.1186,0.0855,0.0872,0.081,0.1437,0.1328,0.1937,0.1031,0.132,0.1384,0.1164,0.1469,0.0985,0.0854,0.086,0.1291,0.1174,0.202,0.1091,0.1138,0.1018,0.1035,0.1434,0.1432,0.1179,0.0853,0.0863,0.3582,0.2723,0.2295,0.3343,0.1833,0.1836,0.1467,0.1023,0.1036,0.1966,0.0896,0.0863,0.0865,0.2452,0.1739,0.4492,0.104,0.1536,0.2126,0.1606,0.3103,0.1324,0.0869,0.089,0.3675,0.1463,0.3509,0.1753,0.2772,0.1596,0.2297,0.3381,0.1367,0.2676,0.0862,0.0864,0.0869,0.0908,0.0852,0.0869,0.0863,0.085,0.0861,0.0856,0.0852,0.087,0.085
,13:24:16,47.9,0.0858,0.0858,0.0872,0.0917,0.0877,0.0871,0.0865,0.0861,0.0864,0.0853,0.0868,0.0867,0.0973,0.1317,0.1099,0.1329,0.1647,0.1421,0.126,0.1279,0.0963,0.0885,0.1185,0.0854,0.0874,0.0803,0.1437,0.1325,0.1935,0.1031,0.1316,0.1378,0.1159,0.1473,0.0987,0.085,0.0856,0.1288,0.1173,0.202,0.1093,0.1135,0.102,0.1037,0.1435,0.1429,0.1178,0.0846,0.086,0.357,0.2653,0.2285,0.3324,0.183,0.184,0.1471,0.1021,0.1027,0.1955,0.09,0.0857,0.0866,0.245,0.1738,0.4498,0.1036,0.1532,0.2119,0.1609,0.3121,0.133,0.0872,0.0888,0.3668,0.1456,0.3503,0.1757,0.2777,0.1593,0.2294,0.3401,0.1365,0.2685,0.0861,0.0866,0.0872,0.0908,0.085,0.0864,0.0861,0.0847,0.086,0.0852,0.0852,0.0872,0.0854
,13:29:16,48,0.0859,0.0861,0.0872,0.0919,0.0877,0.0875,0.0864,0.0863,0.0872,0.0852,0.0866,0.0868,0.0974,0.1316,0.1094,0.1324,0.1644,0.1413,0.1249,0.1273,0.0965,0.0879,0.1185,0.0856,0.0876,0.0804,0.1441,0.1325,0.1931,0.103,0.1312,0.1384,0.1158,0.1472,0.0986,0.0853,0.0859,0.1292,0.1175,0.202,0.1091,0.1133,0.1018,0.1039,0.1433,0.1433,0.1184,0.0851,0.0862,0.3564,0.2653,0.2288,0.3329,0.1834,0.1847,0.1474,0.1017,0.1023,0.1953,0.0895,0.0864,0.0871,0.2445,0.1731,0.4496,0.1036,0.1527,0.2115,0.16,0.3122,0.1328,0.0872,0.089,0.3658,0.1457,0.3493,0.175,0.2762,0.1588,0.2282,0.3379,0.1375,0.2673,0.0862,0.0865,0.0867,0.0904,0.0851,0.0862,0.0864,0.0848,0.0859,0.0848,0.085,0.0869,0.0853
,13:34:16,48,0.0856,0.0857,0.0867,0.0913,0.0874,0.087,0.0863,0.0862,0.0866,0.0852,0.0863,0.0864,0.0969,0.1312,0.1089,0.1322,0.1636,0.1411,0.1253,0.1271,0.0959,0.0879,0.1181,0.0855,0.0871,0.0805,0.1437,0.132,0.1929,0.1025,0.1313,0.1381,0.1157,0.1462,0.0981,0.0849,0.0854,0.129,0.1168,0.2014,0.109,0.1127,0.1015,0.1028,0.1429,0.1428,0.1181,0.0849,0.0857,0.3562,0.2679,0.2282,0.3316,0.1818,0.1839,0.1474,0.1017,0.1023,0.1947,0.0894,0.0861,0.0863,0.2443,0.1725,0.4497,0.1034,0.1519,0.2106,0.1598,0.31,0.1323,0.0864,0.0891,0.3651,0.1449,0.3482,0.1745,0.2756,0.1589,0.2279,0.3394,0.1363,0.2688,0.0856,0.0865,0.0864,0.0901,0.0847,0.0863,0.0864,0.0848,0.0857,0.0848,0.085,0.0865,0.0849
,13:39:16,47.9,0.0863,0.0863,0.0872,0.092,0.0873,0.0873,0.0869,0.0866,0.0869,0.0856,0.0867,0.087,0.0972,0.1314,0.1091,0.1324,0.1639,0.1414,0.1258,0.1278,0.096,0.0883,0.1184,0.086,0.0876,0.0809,0.1437,0.1324,0.1921,0.1028,0.1316,0.1382,0.116,0.1461,0.0985,0.085,0.0858,0.1296,0.1174,0.2018,0.1091,0.1136,0.1017,0.1035,0.1432,0.143,0.118,0.085,0.0861,0.3558,0.2684,0.2272,0.3315,0.1818,0.1843,0.1473,0.1018,0.1027,0.1926,0.0899,0.0863,0.0872,0.2436,0.1722,0.4491,0.1041,0.1519,0.2108,0.1588,0.3103,0.1325,0.087,0.0891,0.3646,0.1445,0.3519,0.1749,0.2757,0.1594,0.2287,0.3411,0.1366,0.268,0.0863,0.0869,0.0866,0.0908,0.0851,0.0866,0.0867,0.085,0.0864,0.0853,0.0852,0.0866,0.0856
,13:44:16,48,0.0854,0.086,0.087,0.0917,0.0876,0.0872,0.0866,0.0862,0.0869,0.0852,0.0867,0.0869,0.0968,0.1314,0.1088,0.1328,0.1639,0.1415,0.1255,0.1274,0.0963,0.0884,0.1182,0.0855,0.0874,0.0808,0.1438,0.1321,0.193,0.1031,0.1309,0.1386,0.1162,0.1465,0.0984,0.0851,0.086,0.129,0.117,0.2014,0.109,0.1135,0.1019,0.1034,0.1428,0.1432,0.1179,0.0853,0.0866,0.3583,0.2681,0.2268,0.3317,0.1816,0.1844,0.1473,0.1021,0.102,0.193,0.0895,0.0861,0.0867,0.2431,0.172,0.4506,0.1034,0.1517,0.2108,0.1586,0.3108,0.1328,0.0869,0.089,0.3635,0.1445,0.3485,0.1747,0.2744,0.1593,0.2282,0.3397,0.1368,0.2682,0.0859,0.0868,0.0871,0.0909,0.0852,0.0868,0.0863,0.0848,0.0861,0.0855,0.0851,0.0867,0.0858
,13:49:16,47.9,0.086,0.0865,0.087,0.0917,0.0878,0.0874,0.0866,0.0861,0.0864,0.0855,0.0871,0.0869,0.0961,0.1313,0.1093,0.1327,0.1642,0.1415,0.1253,0.1272,0.0965,0.0879,0.1181,0.0857,0.0873,0.0807,0.1439,0.1315,0.1926,0.103,0.1314,0.1378,0.1157,0.1459,0.0984,0.085,0.0859,0.1295,0.1174,0.2015,0.1089,0.113,0.1016,0.1031,0.1431,0.1432,0.118,0.085,0.0861,0.355,0.2711,0.2256,0.3321,0.1817,0.1848,0.1472,0.102,0.1023,0.1921,0.0897,0.0865,0.0867,0.2427,0.1715,0.4503,0.1032,0.1511,0.2097,0.158,0.3099,0.1329,0.0867,0.0889,0.3637,0.1446,0.3474,0.1744,0.2757,0.1593,0.2274,0.3404,0.1367,0.2677,0.0859,0.0866,0.0868,0.0907,0.0851,0.0862,0.0861,0.0852,0.0856,0.0854,0.0847,0.0867,0.0855
,13:54:16,48,0.0861,0.0859,0.0875,0.0918,0.0879,0.0869,0.0865,0.0864,0.0866,0.0856,0.0869,0.0868,0.096,0.1313,0.1089,0.1324,0.1636,0.1415,0.1257,0.1274,0.0965,0.088,0.1184,0.0859,0.0873,0.0808,0.1435,0.1319,0.192,0.1032,0.1312,0.1384,0.1154,0.1458,0.098,0.085,0.0858,0.1292,0.1172,0.2015,0.1087,0.1135,0.1018,0.1033,0.1429,0.1434,0.1179,0.0852,0.0862,0.358,0.2709,0.2253,0.33,0.1808,0.1857,0.1471,0.1017,0.1021,0.1913,0.09,0.086,0.0866,0.242,0.1715,0.4515,0.1041,0.1505,0.2107,0.1579,0.3094,0.133,0.087,0.089,0.3631,0.1428,0.3491,0.1744,0.2734,0.1595,0.2283,0.3411,0.1371,0.268,0.0858,0.0863,0.0872,0.0908,0.0849,0.0866,0.0866,0.0847,0.0858,0.0851,0.0854,0.0869,0.0857
,13:59:16,47.9,0.0858,0.0854,0.0869,0.0912,0.0872,0.087,0.0858,0.0859,0.0867,0.0851,0.0866,0.0868,0.0954,0.1306,0.1086,0.1318,0.1634,0.1413,0.1249,0.127,0.0956,0.0877,0.1178,0.0854,0.0868,0.0803,0.1432,0.1317,0.1917,0.1026,0.1309,0.1376,0.1151,0.1456,0.0985,0.085,0.0855,0.1283,0.1167,0.2004,0.1083,0.1131,0.1017,0.103,0.1426,0.1431,0.1173,0.0845,0.0857,0.3566,0.2722,0.2241,0.3296,0.1804,0.1847,0.1469,0.1017,0.1015,0.1896,0.0894,0.0858,0.0862,0.2412,0.1702,0.451,0.1033,0.1501,0.2101,0.1575,0.3085,0.1326,0.0861,0.0888,0.3617,0.1424,0.3461,0.1736,0.2734,0.1582,0.228,0.3406,0.1365,0.2675,0.0854,0.0862,0.0864,0.0898,0.0848,0.0862,0.0859,0.0844,0.0856,0.0849,0.0848,0.0863,0.085
,14:04:16,48,0.0856,0.0861,0.0871,0.0917,0.088,0.0871,0.0863,0.0865,0.0867,0.0852,0.0871,0.0869,0.0959,0.1313,0.1089,0.1323,0.1637,0.1412,0.1254,0.1273,0.0963,0.088,0.1184,0.0858,0.0873,0.0806,0.1435,0.1316,0.1923,0.103,0.1307,0.1382,0.116,0.1457,0.098,0.0852,0.086,0.1293,0.1175,0.2015,0.109,0.1132,0.102,0.1029,0.1426,0.1434,0.1178,0.0848,0.0864,0.3558,0.2669,0.2244,0.3279,0.1792,0.1855,0.1474,0.1018,0.1016,0.1896,0.0897,0.0861,0.0864,0.2416,0.1696,0.4523,0.1034,0.1499,0.2103,0.1573,0.3091,0.1319,0.0875,0.0892,0.3606,0.1422,0.3455,0.1741,0.2737,0.1588,0.2279,0.3395,0.1367,0.2678,0.0862,0.0863,0.0865,0.0909,0.0851,0.0865,0.0866,0.0849,0.0859,0.0851,0.0851,0.0866,0.085
,14:09:16,48,0.0853,0.0859,0.0871,0.0915,0.0876,0.0869,0.086,0.0859,0.0866,0.0852,0.0865,0.0861,0.0953,0.1309,0.1079,0.1321,0.1628,0.1407,0.1254,0.1269,0.0958,0.087,0.1179,0.0853,0.087,0.0806,0.1434,0.1314,0.1915,0.1028,0.1299,0.1373,0.115,0.1452,0.098,0.0851,0.0856,0.1283,0.1171,0.201,0.1088,0.1127,0.1009,0.1019,0.1427,0.1432,0.1172,0.0846,0.0859,0.3553,0.2678,0.2256,0.3272,0.1785,0.1849,0.1467,0.1013,0.101,0.1889,0.0895,0.0859,0.0866,0.2399,0.1694,0.4516,0.1034,0.1493,0.2082,0.1558,0.3069,0.1327,0.0867,0.0886,0.3612,0.1414,0.345,0.1722,0.2723,0.159,0.2264,0.3406,0.1363,0.2675,0.0856,0.0866,0.0863,0.0907,0.0847,0.0865,0.0862,0.0844,0.0855,0.0847,0.0847,0.0864,0.085
,14:14:16,48,0.0857,0.0857,0.0866,0.0911,0.0876,0.0869,0.0863,0.0859,0.0865,0.0854,0.0863,0.086,0.0953,0.1311,0.108,0.1318,0.1639,0.1406,0.125,0.1265,0.0959,0.0873,0.1181,0.0857,0.0874,0.0802,0.1431,0.1309,0.1913,0.1028,0.13,0.1374,0.1149,0.1451,0.0975,0.0849,0.0857,0.1281,0.1164,0.2006,0.1084,0.1128,0.1014,0.1023,0.1427,0.1428,0.117,0.0849,0.0856,0.3557,0.2647,0.2253,0.3265,0.179,0.1853,0.1467,0.101,0.1008,0.1875,0.0893,0.086,0.0864,0.2402,0.1688,0.4528,0.1034,0.1492,0.2068,0.1555,0.3049,0.1324,0.0864,0.0887,0.3593,0.1408,0.3444,0.172,0.2701,0.1584,0.2255,0.3407,0.1365,0.2667,0.0858,0.0864,0.0865,0.0906,0.0849,0.0861,0.0861,0.0847,0.0857,0.085,0.0848,0.0866,0.0849
,14:19:16,47.9,0.0857,0.0862,0.0867,0.092,0.0874,0.0873,0.0861,0.0865,0.0868,0.0852,0.0866,0.0866,0.0957,0.1309,0.1082,0.132,0.1635,0.141,0.1251,0.127,0.096,0.0879,0.1186,0.0856,0.0875,0.0805,0.1433,0.1312,0.1917,0.1026,0.1303,0.1377,0.115,0.1449,0.0985,0.0854,0.086,0.129,0.1171,0.2011,0.1083,0.1129,0.1013,0.1024,0.1431,0.1435,0.1174,0.085,0.0861,0.3562,0.2684,0.2257,0.3269,0.1783,0.1855,0.1462,0.1011,0.101,0.1883,0.0895,0.0861,0.0866,0.2394,0.169,0.4515,0.1037,0.1492,0.2066,0.1557,0.3042,0.1327,0.0868,0.0892,0.3585,0.1411,0.3454,0.1719,0.2709,0.1581,0.2258,0.34,0.1367,0.2674,0.0861,0.0865,0.0866,0.0907,0.0847,0.0864,0.0864,0.085,0.0858,0.0853,0.0847,0.0866,0.085
,14:24:16,48,0.0857,0.0858,0.0867,0.0916,0.0875,0.0869,0.0863,0.086,0.0865,0.0851,0.0866,0.0863,0.0954,0.1307,0.1079,0.1323,0.1631,0.1407,0.1248,0.1268,0.0963,0.0875,0.1176,0.0855,0.0868,0.0808,0.1434,0.1307,0.1911,0.1026,0.1301,0.1379,0.1151,0.1447,0.0983,0.0848,0.0855,0.1287,0.1167,0.2003,0.1084,0.1128,0.1014,0.102,0.1425,0.1433,0.1177,0.0848,0.0861,0.3543,0.2683,0.2247,0.3256,0.1777,0.1856,0.1459,0.101,0.1009,0.1865,0.0897,0.086,0.0863,0.2387,0.1678,0.452,0.1035,0.1484,0.2073,0.155,0.3039,0.1315,0.087,0.0888,0.3594,0.1398,0.3459,0.1713,0.2705,0.1587,0.2255,0.3417,0.1368,0.2647,0.0858,0.0862,0.0867,0.0903,0.085,0.086,0.0861,0.085,0.0852,0.0852,0.0844,0.0867,0.085
,14:29:16,48,0.0857,0.0857,0.0869,0.0918,0.087,0.0868,0.0861,0.0859,0.0863,0.085,0.0866,0.0865,0.0952,0.1305,0.1073,0.1318,0.1635,0.1408,0.1246,0.1264,0.0959,0.0874,0.1178,0.0855,0.0871,0.0804,0.1431,0.1307,0.1906,0.1026,0.13,0.1375,0.1148,0.144,0.0985,0.0851,0.0856,0.1283,0.117,0.2009,0.1082,0.1124,0.1017,0.1019,0.1427,0.1432,0.117,0.0848,0.0857,0.3544,0.2661,0.224,0.327,0.1774,0.1863,0.1456,0.1007,0.1007,0.1866,0.0896,0.0854,0.0864,0.2376,0.1679,0.4524,0.1033,0.147,0.2062,0.155,0.3038,0.1325,0.0864,0.0887,0.3581,0.1403,0.3468,0.1713,0.2686,0.1583,0.2274,0.341,0.1368,0.2665,0.0857,0.0865,0.0867,0.0904,0.0844,0.0863,0.0863,0.0848,0.0858,0.0849,0.0845,0.0867,0.0849
,14:34:16,48,0.0862,0.0862,0.0875,0.0924,0.0878,0.0871,0.0865,0.0864,0.0868,0.0855,0.0868,0.0871,0.0951,0.1313,0.1079,0.1321,0.1634,0.1411,0.1255,0.1267,0.0964,0.0877,0.1183,0.0858,0.0879,0.0808,0.1434,0.1311,0.192,0.1027,0.1301,0.1383,0.1151,0.145,0.0983,0.0852,0.0862,0.129,0.1177,0.2005,0.1086,0.113,0.1019,0.1023,0.1431,0.1436,0.1177,0.0854,0.0863,0.355,0.2668,0.2236,0.3262,0.1778,0.1865,0.1463,0.1009,0.1012,0.1846,0.0904,0.086,0.0874,0.2378,0.1683,0.4516,0.1039,0.1477,0.2067,0.1543,0.3036,0.1326,0.0866,0.0897,0.3574,0.1396,0.3463,0.1714,0.2703,0.1582,0.2279,0.342,0.1368,0.2678,0.0864,0.087,0.0866,0.0905,0.0851,0.0867,0.0872,0.0852,0.0864,0.0853,0.0856,0.0865,0.0854
,14:39:16,48,0.086,0.086,0.0871,0.0913,0.0878,0.0879,0.0861,0.0862,0.087,0.0853,0.0865,0.0864,0.0956,0.131,0.1075,0.1327,0.163,0.1415,0.1248,0.1272,0.0961,0.0875,0.1181,0.0857,0.0874,0.0804,0.1431,0.131,0.191,0.1024,0.1301,0.1378,0.1145,0.1441,0.0981,0.0848,0.0855,0.1286,0.1168,0.2004,0.1081,0.1129,0.1015,0.1019,0.1433,0.1437,0.1176,0.0848,0.0862,0.3553,0.2657,0.2223,0.326,0.177,0.1864,0.1465,0.1008,0.1006,0.185,0.0896,0.0862,0.0871,0.2372,0.1674,0.4532,0.1038,0.1476,0.2073,0.1538,0.3028,0.1324,0.0866,0.0888,0.3574,0.1388,0.3462,0.1701,0.2667,0.1581,0.2283,0.3428,0.1372,0.2674,0.0862,0.0864,0.0868,0.0905,0.0852,0.0862,0.0869,0.0849,0.0858,0.0849,0.0851,0.0872,0.0856
,14:44:16,48,0.0859,0.0859,0.0873,0.0914,0.0878,0.0869,0.0862,0.0861,0.0864,0.0852,0.0866,0.0869,0.0945,0.1306,0.1069,0.1319,0.1634,0.1402,0.1251,0.1267,0.0962,0.0877,0.1177,0.0858,0.0869,0.0804,0.1428,0.1299,0.1904,0.1027,0.1297,0.1372,0.1144,0.1436,0.0983,0.0847,0.0856,0.1279,0.1172,0.2,0.1081,0.1128,0.1015,0.1019,0.1423,0.1434,0.1171,0.0848,0.0856,0.3558,0.2672,0.2215,0.3239,0.1755,0.1869,0.1464,0.1012,0.1002,0.1835,0.0895,0.0861,0.0865,0.2363,0.1675,0.4525,0.1029,0.1471,0.2069,0.1527,0.3036,0.1325,0.0866,0.0888,0.3561,0.1384,0.3457,0.1708,0.269,0.1578,0.228,0.3406,0.137,0.2688,0.0854,0.0866,0.0861,0.0903,0.0849,0.0864,0.0861,0.0847,0.0858,0.0853,0.085,0.0861,0.0848
,14:49:16,47.9,0.0858,0.0861,0.087,0.0916,0.0875,0.0872,0.0862,0.0861,0.0865,0.0854,0.0866,0.0864,0.0948,0.1307,0.1075,0.1318,0.1632,0.1408,0.1254,0.1265,0.0955,0.0875,0.1184,0.0854,0.0875,0.0808,0.1434,0.1305,0.1909,0.1026,0.1295,0.1374,0.1147,0.1435,0.0981,0.0849,0.0857,0.1282,0.1166,0.2003,0.1081,0.1128,0.1015,0.1017,0.1432,0.1432,0.1178,0.0853,0.0858,0.3538,0.2636,0.2207,0.3231,0.1754,0.1862,0.1462,0.1009,0.0998,0.1826,0.0893,0.0862,0.0866,0.235,0.1668,0.453,0.1034,0.1463,0.2072,0.1529,0.3034,0.1323,0.0868,0.0894,0.355,0.1381,0.3464,0.1709,0.2683,0.1583,0.2295,0.342,0.1368,0.2676,0.086,0.0867,0.0866,0.0907,0.0849,0.0866,0.0864,0.0848,0.0856,0.0853,0.0853,0.0867,0.0855
,14:54:16,48,0.0849,0.0854,0.0863,0.0908,0.0868,0.0868,0.0853,0.0857,0.0858,0.0842,0.0859,0.086,0.0944,0.1297,0.1066,0.1316,0.1626,0.1399,0.1241,0.1266,0.0956,0.087,0.1172,0.085,0.0868,0.08,0.1422,0.13,0.1896,0.1022,0.129,0.1364,0.1139,0.1431,0.0977,0.0844,0.0845,0.1277,0.1159,0.1988,0.1072,0.1123,0.1006,0.1006,0.1425,0.143,0.1166,0.0842,0.085,0.3537,0.2643,0.2189,0.3208,0.1748,0.1857,0.145,0.0999,0.0998,0.1828,0.0894,0.0851,0.086,0.2347,0.1654,0.4518,0.1029,0.1459,0.2045,0.1517,0.3026,0.1317,0.086,0.0882,0.3541,0.137,0.3447,0.1705,0.2661,0.1582,0.2271,0.3415,0.1364,0.2664,0.0848,0.0861,0.0861,0.09,0.0844,0.0858,0.0858,0.0842,0.0851,0.0843,0.0843,0.0858,0.0844
,14:59:16,48,0.0857,0.0861,0.0877,0.0915,0.0874,0.0871,0.0864,0.0863,0.0868,0.0858,0.087,0.0868,0.0958,0.1306,0.1067,0.1325,0.1627,0.1404,0.1253,0.1268,0.0962,0.088,0.1181,0.0862,0.0873,0.0804,0.1436,0.1301,0.1906,0.1031,0.1294,0.1376,0.1145,0.1437,0.0986,0.0851,0.0861,0.1289,0.117,0.2002,0.1078,0.1127,0.1014,0.1014,0.1433,0.1438,0.1173,0.0855,0.0858,0.3548,0.2629,0.2196,0.3214,0.1752,0.1867,0.1458,0.1006,0.0998,0.1819,0.09,0.086,0.087,0.2352,0.1664,0.453,0.1034,0.1461,0.2052,0.1521,0.304,0.1326,0.0867,0.0891,0.3541,0.1366,0.3454,0.1699,0.2661,0.1587,0.2277,0.3422,0.1373,0.2673,0.0859,0.0868,0.087,0.0909,0.0854,0.0862,0.0865,0.0853,0.0858,0.085,0.0852,0.0868,0.0849
,15:04:16,47.9,0.0859,0.0865,0.0874,0.0916,0.0876,0.0871,0.0863,0.0868,0.087,0.0854,0.087,0.0866,0.0957,0.1305,0.1069,0.1322,0.1631,0.1408,0.1256,0.1269,0.0959,0.0879,0.1177,0.0857,0.0877,0.0811,0.1432,0.1304,0.1902,0.103,0.1298,0.1371,0.1146,0.1435,0.0985,0.0853,0.0861,0.1283,0.1172,0.1994,0.108,0.1126,0.1015,0.1014,0.1427,0.1437,0.1174,0.0848,0.0862,0.3532,0.2657,0.2192,0.3205,0.1741,0.187,0.1467,0.1008,0.1002,0.1806,0.0898,0.0863,0.0867,0.2339,0.166,0.4523,0.1041,0.1457,0.2058,0.1518,0.3019,0.1326,0.0869,0.0891,0.3535,0.1355,0.345,0.1696,0.266,0.1584,0.2272,0.3429,0.1376,0.2677,0.0858,0.0865,0.0867,0.091,0.0854,0.0867,0.0864,0.0848,0.0862,0.0852,0.085,0.0867,0.0854
,15:09:16,48,0.0856,0.086,0.0869,0.0917,0.0878,0.0871,0.0865,0.086,0.0864,0.0855,0.0867,0.0865,0.0955,0.1306,0.1068,0.1314,0.1627,0.1403,0.1248,0.1266,0.0956,0.0874,0.1178,0.0854,0.0875,0.0806,0.1431,0.1301,0.1902,0.1027,0.1296,0.1371,0.1139,0.143,0.0984,0.0846,0.0858,0.1282,0.1167,0.1993,0.1075,0.1129,0.1013,0.1015,0.1431,0.1427,0.1171,0.085,0.0857,0.3532,0.2643,0.2194,0.3197,0.1742,0.1874,0.1462,0.101,0.1002,0.1802,0.0894,0.0857,0.0866,0.2339,0.1651,0.4547,0.1036,0.1451,0.2048,0.151,0.3022,0.1326,0.0866,0.0888,0.353,0.1357,0.3451,0.1681,0.265,0.1578,0.2275,0.3419,0.1373,0.2659,0.0859,0.0864,0.0865,0.0904,0.0853,0.086,0.0863,0.085,0.0856,0.0851,0.0848,0.0866,0.0852
,15:14:16,48,0.0857,0.0863,0.0868,0.0914,0.0876,0.0872,0.0863,0.0864,0.0867,0.085,0.0866,0.0865,0.0952,0.1304,0.1066,0.1322,0.1628,0.1407,0.1252,0.1265,0.096,0.0878,0.1175,0.0858,0.0877,0.0803,0.143,0.1298,0.1897,0.1025,0.1295,0.1367,0.1143,0.1426,0.0976,0.085,0.086,0.1282,0.1171,0.2,0.1075,0.1127,0.1013,0.1012,0.1424,0.1433,0.1173,0.0849,0.0856,0.3547,0.263,0.2184,0.32,0.1738,0.1864,0.146,0.1008,0.0999,0.1796,0.0896,0.0862,0.0867,0.2334,0.1651,0.4525,0.1035,0.1448,0.2045,0.1499,0.3011,0.1325,0.0864,0.0885,0.3524,0.1357,0.3449,0.1689,0.2645,0.1577,0.2273,0.3424,0.1372,0.2651,0.0856,0.0863,0.0869,0.0905,0.0854,0.0863,0.0863,0.085,0.0859,0.0851,0.0846,0.0866,0.0851
,15:19:16,48,0.0863,0.086,0.0875,0.0923,0.0881,0.0874,0.0868,0.0863,0.0869,0.0856,0.0871,0.087,0.0954,0.1307,0.1068,0.1323,0.1629,0.1407,0.1255,0.1273,0.0966,0.0882,0.1181,0.086,0.0874,0.0805,0.1429,0.1304,0.1903,0.1026,0.1293,0.1379,0.1144,0.1423,0.0982,0.0852,0.0859,0.1284,0.1171,0.1995,0.1077,0.113,0.1016,0.1018,0.1435,0.1435,0.1173,0.0848,0.0866,0.3535,0.2642,0.218,0.3185,0.1734,0.1861,0.1463,0.1009,0.1002,0.179,0.09,0.0862,0.0871,0.2322,0.1648,0.4524,0.1037,0.1459,0.2034,0.1507,0.2998,0.1324,0.0869,0.0892,0.3515,0.1342,0.3444,0.1689,0.2645,0.1579,0.2261,0.3449,0.1372,0.2652,0.0857,0.0871,0.087,0.0908,0.0855,0.0867,0.0867,0.0851,0.0861,0.0854,0.085,0.0867,0.0854
,15:24:16,47.9,0.086,0.0862,0.0874,0.0919,0.0874,0.0873,0.0866,0.0862,0.0869,0.0856,0.0864,0.0863,0.0952,0.1302,0.1065,0.1323,0.163,0.1404,0.125,0.1266,0.0957,0.0876,0.1179,0.0857,0.0877,0.0807,0.1426,0.1297,0.1893,0.1029,0.1292,0.1369,0.1138,0.1426,0.0984,0.0851,0.0859,0.1285,0.117,0.1994,0.1074,0.1124,0.1013,0.1011,0.1434,0.1437,0.1168,0.0848,0.0857,0.3527,0.2624,0.2182,0.3178,0.1728,0.1866,0.1456,0.1004,0.1,0.1781,0.0897,0.0854,0.0866,0.2323,0.1644,0.4532,0.1041,0.1443,0.2037,0.1502,0.2999,0.1323,0.0868,0.089,0.3511,0.1351,0.3451,0.1685,0.2629,0.1573,0.2267,0.3437,0.137,0.2654,0.0858,0.0866,0.0871,0.0907,0.0851,0.0864,0.0864,0.0853,0.0859,0.085,0.0853,0.0863,0.085
,15:29:16,48,0.0859,0.086,0.0871,0.0915,0.0879,0.087,0.0862,0.0864,0.0864,0.0852,0.0865,0.0865,0.0949,0.1298,0.1061,0.1318,0.1628,0.1402,0.1247,0.1269,0.0959,0.0876,0.1178,0.0856,0.0871,0.0804,0.1423,0.1291,0.1888,0.1027,0.1288,0.1366,0.114,0.1425,0.098,0.0847,0.0854,0.1279,0.1162,0.1991,0.1075,0.1124,0.1008,0.1005,0.143,0.1434,0.1174,0.085,0.0856,0.3517,0.2643,0.2171,0.3179,0.1717,0.1865,0.1453,0.0997,0.0999,0.1771,0.0897,0.0858,0.0865,0.2321,0.1637,0.4531,0.103,0.1441,0.2021,0.149,0.3009,0.1324,0.0865,0.0888,0.3508,0.1335,0.3435,0.1681,0.2633,0.1573,0.2267,0.3419,0.137,0.2665,0.0858,0.0864,0.0865,0.0902,0.085,0.0864,0.0862,0.0849,0.0855,0.0853,0.0847,0.0866,0.0844
,15:34:16,48,0.0852,0.0859,0.0872,0.0916,0.0876,0.0866,0.0864,0.086,0.0865,0.0853,0.0864,0.0863,0.0953,0.1298,0.1054,0.1312,0.1623,0.1399,0.1249,0.126,0.0956,0.0875,0.1173,0.0852,0.0872,0.0804,0.1426,0.1292,0.1886,0.1022,0.1285,0.1365,0.1139,0.1419,0.0977,0.0849,0.0855,0.1279,0.117,0.1983,0.1075,0.1117,0.1008,0.1001,0.1426,0.1432,0.1168,0.0848,0.0857,0.3531,0.2597,0.2164,0.317,0.1714,0.1857,0.1454,0.0999,0.0991,0.177,0.0896,0.0857,0.0865,0.2319,0.1642,0.4535,0.1034,0.144,0.2019,0.1491,0.2987,0.1323,0.0869,0.0883,0.3497,0.1327,0.3428,0.169,0.2626,0.1576,0.2255,0.3436,0.1366,0.2656,0.0855,0.0863,0.0863,0.0903,0.085,0.0861,0.0865,0.0848,0.0856,0.0848,0.0846,0.0863,0.0849
,15:39:16,47.9,0.0854,0.086,0.0867,0.0914,0.0872,0.087,0.0857,0.0862,0.0864,0.0851,0.0865,0.0864,0.0954,0.13,0.1058,0.1318,0.1629,0.1399,0.125,0.1267,0.0957,0.0877,0.1178,0.0854,0.087,0.0807,0.1423,0.1292,0.1886,0.1027,0.1288,0.1367,0.114,0.1418,0.0977,0.0849,0.0856,0.1282,0.1172,0.1984,0.1067,0.1126,0.1011,0.1011,0.1429,0.1431,0.1171,0.0847,0.0859,0.3511,0.2602,0.2167,0.3163,0.1714,0.1851,0.1461,0.0999,0.0997,0.176,0.0898,0.0857,0.0863,0.2303,0.1638,0.454,0.1037,0.1433,0.2016,0.1485,0.3005,0.1324,0.0867,0.0889,0.35,0.1326,0.3422,0.1676,0.261,0.1574,0.226,0.3442,0.1369,0.2662,0.0857,0.0863,0.0867,0.0902,0.0847,0.0864,0.0862,0.0849,0.0861,0.0856,0.085,0.0875,0.0848
,15:44:16,48,0.0856,0.0858,0.0868,0.0912,0.0876,0.0869,0.0861,0.0859,0.0866,0.0852,0.0865,0.0863,0.0953,0.1302,0.1061,0.1318,0.1622,0.1402,0.1252,0.1264,0.0963,0.0879,0.1177,0.0859,0.0875,0.0809,0.1425,0.1296,0.1886,0.1025,0.1286,0.1369,0.1137,0.1419,0.0981,0.0851,0.0856,0.1282,0.1171,0.1982,0.1069,0.1125,0.1011,0.1003,0.1427,0.1434,0.1168,0.0852,0.0856,0.352,0.2616,0.2157,0.3161,0.1708,0.1855,0.1456,0.1002,0.0996,0.1757,0.0895,0.0862,0.0869,0.2297,0.163,0.4521,0.1037,0.1429,0.2019,0.1487,0.2995,0.1328,0.0863,0.0885,0.349,0.1326,0.3437,0.1672,0.2625,0.157,0.2248,0.3432,0.1375,0.2653,0.0857,0.0867,0.0867,0.0904,0.0851,0.0859,0.0862,0.0848,0.0857,0.085,0.0848,0.0911,0.0849
,15:49:16,48,0.0859,0.0858,0.0871,0.0918,0.0875,0.0869,0.086,0.0861,0.0864,0.085,0.0865,0.0861,0.0954,0.1297,0.1059,0.1314,0.1621,0.1401,0.1249,0.1262,0.0958,0.0876,0.1175,0.0854,0.0874,0.0806,0.1423,0.129,0.1885,0.1021,0.1282,0.137,0.1137,0.142,0.0982,0.0848,0.0856,0.1277,0.1172,0.1981,0.1072,0.1124,0.1012,0.1004,0.1432,0.1432,0.1167,0.0847,0.0858,0.3515,0.2619,0.2157,0.315,0.1703,0.1853,0.1453,0.0997,0.0995,0.1745,0.0899,0.0856,0.0864,0.229,0.1628,0.4536,0.1034,0.1425,0.2009,0.1478,0.2981,0.1327,0.0871,0.0889,0.3484,0.1314,0.3428,0.1664,0.2597,0.1576,0.2247,0.3435,0.1375,0.2667,0.0857,0.0862,0.0869,0.0905,0.0849,0.0863,0.0861,0.0847,0.0854,0.085,0.0848,0.0869,0.0849
,15:54:16,48,0.0855,0.0859,0.0878,0.092,0.0877,0.0875,0.0866,0.0864,0.0865,0.086,0.0872,0.0866,0.0955,0.1304,0.1061,0.132,0.163,0.1402,0.1254,0.1265,0.0959,0.0882,0.1176,0.086,0.0877,0.0807,0.1422,0.1291,0.1884,0.1028,0.1286,0.1366,0.1139,0.1419,0.0981,0.0848,0.086,0.1283,0.1174,0.1982,0.1071,0.1122,0.1018,0.1007,0.1434,0.1433,0.117,0.0853,0.0857,0.3534,0.2551,0.2159,0.3151,0.1704,0.1852,0.1461,0.0996,0.0997,0.1754,0.0898,0.0861,0.0868,0.2307,0.1629,0.4535,0.1034,0.1423,0.2011,0.1478,0.2985,0.1327,0.0868,0.0893,0.3479,0.1319,0.3433,0.167,0.2608,0.1574,0.2242,0.3446,0.1372,0.2664,0.0862,0.0868,0.0872,0.0908,0.085,0.0866,0.087,0.0849,0.0859,0.0854,0.0856,0.0867,0.0851
,15:59:16,48,0.0853,0.0858,0.087,0.0914,0.0868,0.0869,0.0864,0.0861,0.0861,0.0847,0.0863,0.0861,0.0956,0.13,0.1056,0.1318,0.1624,0.1392,0.1245,0.126,0.0954,0.0873,0.1175,0.0849,0.0868,0.0806,0.1418,0.129,0.1877,0.1019,0.1281,0.1367,0.1133,0.1409,0.0976,0.085,0.0854,0.1276,0.116,0.1974,0.107,0.1125,0.1009,0.1005,0.1429,0.1429,0.1165,0.0847,0.0857,0.3528,0.2586,0.2149,0.3149,0.1694,0.1848,0.1456,0.0992,0.0994,0.1747,0.0898,0.0858,0.0866,0.2293,0.1618,0.451,0.1036,0.142,0.2,0.1474,0.2986,0.1319,0.0864,0.0888,0.347,0.1306,0.3427,0.1658,0.2599,0.1572,0.2227,0.3432,0.1366,0.2669,0.0857,0.086,0.0864,0.0903,0.085,0.0866,0.0863,0.0848,0.0854,0.0848,0.0848,0.0867,0.0845
,16:04:16,48,0.0858,0.086,0.0871,0.0918,0.0874,0.0872,0.0859,0.0861,0.0868,0.0848,0.0861,0.0862,0.0952,0.1298,0.1055,0.1313,0.1619,0.1398,0.1249,0.1269,0.0958,0.0875,0.1176,0.0856,0.0876,0.0799,0.142,0.129,0.1882,0.1018,0.1287,0.1368,0.113,0.141,0.0979,0.085,0.0858,0.1281,0.1172,0.198,0.1065,0.1118,0.101,0.1003,0.1431,0.1428,0.1168,0.0849,0.0862,0.3526,0.2566,0.2152,0.3136,0.1696,0.1852,0.1461,0.0998,0.0992,0.174,0.0897,0.086,0.0867,0.2283,0.1618,0.4527,0.1038,0.1424,0.1998,0.1468,0.2976,0.1324,0.0869,0.0886,0.3467,0.1305,0.3414,0.1656,0.2576,0.1571,0.2236,0.3454,0.1366,0.2685,0.0857,0.0861,0.0866,0.0906,0.0853,0.0861,0.086,0.0846,0.0857,0.0849,0.0848,0.0864,0.0847
,16:09:16,48,0.0857,0.0857,0.087,0.0917,0.0874,0.0872,0.0866,0.0859,0.0864,0.0857,0.0862,0.0866,0.0955,0.1299,0.1051,0.1317,0.1624,0.1401,0.1248,0.1263,0.0954,0.0877,0.1177,0.0856,0.0872,0.0808,0.1423,0.1289,0.1872,0.1024,0.1281,0.1365,0.113,0.1409,0.0979,0.0846,0.0856,0.1279,0.1164,0.1976,0.1071,0.1118,0.101,0.1001,0.1428,0.1427,0.1164,0.085,0.0858,0.3501,0.2559,0.2148,0.3126,0.1681,0.1847,0.1458,0.0996,0.0996,0.173,0.0895,0.0859,0.0867,0.2293,0.1622,0.4525,0.1037,0.1413,0.1994,0.147,0.2972,0.1322,0.0865,0.0886,0.3455,0.1304,0.341,0.1662,0.2572,0.1571,0.2229,0.3466,0.1373,0.267,0.0858,0.0863,0.0868,0.0908,0.0851,0.086,0.0861,0.0845,0.0856,0.0852,0.085,0.0867,0.0849
,16:14:16,48,0.0852,0.0856,0.0867,0.0912,0.0875,0.0867,0.0857,0.0862,0.0861,0.0851,0.0859,0.086,0.0952,0.1295,0.1054,0.1313,0.1619,0.1392,0.1247,0.1259,0.0957,0.0878,0.1176,0.085,0.0868,0.0801,0.1415,0.128,0.1868,0.1021,0.1275,0.1364,0.1125,0.1404,0.0974,0.0847,0.0851,0.1277,0.1166,0.1976,0.1066,0.1116,0.1009,0.0996,0.143,0.1429,0.1161,0.0845,0.0853,0.3501,0.2561,0.2144,0.3132,0.1677,0.185,0.145,0.0988,0.099,0.1716,0.0894,0.0858,0.0867,0.2279,0.1606,0.4516,0.1035,0.1407,0.1988,0.1457,0.2974,0.132,0.0862,0.0888,0.3453,0.1293,0.3409,0.1653,0.2569,0.1568,0.2209,0.3462,0.1366,0.2665,0.0855,0.0863,0.0865,0.0899,0.0846,0.086,0.0858,0.0845,0.0857,0.0844,0.0844,0.0861,0.0848
,16:19:16,47.9,0.0852,0.086,0.0872,0.0918,0.0879,0.0873,0.0865,0.0862,0.0866,0.0853,0.0866,0.0863,0.0951,0.1299,0.1052,0.1313,0.1623,0.1395,0.1251,0.1263,0.0958,0.0878,0.1178,0.0855,0.0875,0.0806,0.1421,0.1289,0.1871,0.1025,0.1282,0.1367,0.113,0.1409,0.098,0.085,0.0858,0.1279,0.1165,0.1974,0.1068,0.1122,0.1007,0.0998,0.1434,0.1428,0.117,0.0849,0.086,0.3505,0.2568,0.2145,0.3125,0.1688,0.1847,0.1453,0.0992,0.0989,0.1713,0.0895,0.0858,0.0867,0.2278,0.1608,0.4517,0.1031,0.1415,0.1986,0.1457,0.2967,0.1321,0.0867,0.0889,0.3456,0.1287,0.3408,0.1652,0.2567,0.1568,0.222,0.3449,0.1371,0.2667,0.0856,0.0863,0.0868,0.0904,0.0853,0.0867,0.0864,0.0853,0.0856,0.0851,0.0851,0.0867,0.0848
,16:24:16,48,0.0861,0.0863,0.0873,0.0918,0.0877,0.0874,0.087,0.0869,0.0867,0.0855,0.087,0.0867,0.0956,0.1302,0.1053,0.1322,0.1627,0.1403,0.1256,0.1265,0.0966,0.0882,0.1177,0.0858,0.0876,0.0809,0.1427,0.1291,0.1871,0.1028,0.1282,0.1369,0.1134,0.1407,0.098,0.0851,0.0862,0.1281,0.1166,0.1977,0.1072,0.1124,0.1016,0.1002,0.1434,0.1435,0.1168,0.0853,0.0864,0.3503,0.2573,0.2146,0.3119,0.1671,0.1849,0.1461,0.0997,0.0995,0.1715,0.0901,0.0865,0.0868,0.2276,0.1614,0.4532,0.1041,0.1412,0.1985,0.1464,0.2973,0.1329,0.0868,0.0893,0.3451,0.1288,0.3419,0.1657,0.2583,0.1573,0.2216,0.3462,0.1373,0.2657,0.086,0.0865,0.0869,0.091,0.0853,0.0867,0.0864,0.0852,0.086,0.0851,0.0851,0.0867,0.0852
,16:29:16,47.9,0.0851,0.0858,0.087,0.0917,0.0875,0.0868,0.086,0.086,0.0862,0.0849,0.0866,0.0857,0.0952,0.1289,0.1053,0.1312,0.162,0.14,0.1247,0.1263,0.0954,0.0881,0.1181,0.0852,0.087,0.0806,0.142,0.1284,0.1873,0.1023,0.1279,0.1363,0.1128,0.1404,0.0978,0.0849,0.0854,0.1272,0.1165,0.1971,0.1067,0.1121,0.1007,0.0992,0.1424,0.143,0.1168,0.0843,0.0856,0.3504,0.2561,0.2146,0.3115,0.1666,0.1834,0.146,0.099,0.099,0.1702,0.0895,0.0854,0.0863,0.2265,0.1611,0.4508,0.1032,0.1401,0.1972,0.1451,0.2971,0.1325,0.0867,0.0889,0.344,0.1277,0.3398,0.1649,0.255,0.1552,0.219,0.3463,0.1366,0.2654,0.0858,0.0865,0.0867,0.0908,0.0848,0.0863,0.0864,0.0843,0.0857,0.0854,0.0849,0.0867,0.0843
,16:34:16,48,0.0859,0.086,0.087,0.0915,0.0876,0.0869,0.0864,0.0862,0.0869,0.0851,0.0868,0.0861,0.0957,0.1293,0.1047,0.1315,0.162,0.1399,0.1247,0.126,0.0952,0.0875,0.1175,0.0852,0.0875,0.0803,0.1419,0.1282,0.1864,0.1021,0.1279,0.1363,0.1126,0.1403,0.0977,0.085,0.0857,0.1276,0.1167,0.1966,0.1063,0.1115,0.1015,0.0999,0.143,0.143,0.1166,0.085,0.0857,0.349,0.2566,0.2135,0.312,0.166,0.1847,0.1456,0.0994,0.0987,0.1703,0.0894,0.0859,0.0866,0.2257,0.16,0.4512,0.1032,0.14,0.1962,0.1446,0.2967,0.1319,0.0866,0.0887,0.3435,0.1281,0.3406,0.1655,0.2564,0.1568,0.2204,0.3468,0.137,0.2655,0.0856,0.0862,0.0866,0.0907,0.0845,0.0861,0.0864,0.0848,0.0855,0.0851,0.0847,0.0868,0.085
,16:39:16,48,0.0859,0.0861,0.0871,0.0916,0.088,0.0875,0.0863,0.0864,0.0866,0.0855,0.0869,0.0863,0.0958,0.1296,0.1045,0.1307,0.1617,0.1399,0.1247,0.1263,0.096,0.0877,0.1177,0.0856,0.0873,0.0808,0.1421,0.1285,0.1862,0.1026,0.1276,0.1371,0.1127,0.1398,0.0978,0.0849,0.0858,0.1276,0.117,0.1969,0.1065,0.1121,0.1009,0.0999,0.1432,0.1433,0.1168,0.0853,0.0858,0.3481,0.2538,0.2128,0.3107,0.166,0.1843,0.1459,0.0993,0.0991,0.1706,0.0893,0.0859,0.0869,0.2261,0.1598,0.4502,0.104,0.1397,0.1967,0.1447,0.2963,0.1322,0.0864,0.0892,0.3437,0.1272,0.3404,0.1654,0.255,0.1558,0.2201,0.3454,0.1374,0.2654,0.086,0.0868,0.0863,0.0904,0.0851,0.0863,0.0862,0.085,0.0858,0.0847,0.085,0.0869,0.085
,16:44:16,48,0.0855,0.0861,0.0871,0.0917,0.0873,0.0867,0.086,0.0861,0.0863,0.0852,0.0867,0.0864,0.0955,0.129,0.1043,0.1311,0.1615,0.1396,0.1244,0.1259,0.0953,0.0874,0.1171,0.0855,0.0869,0.0808,0.1418,0.1286,0.1853,0.1025,0.1278,0.1363,0.1128,0.1398,0.0974,0.0851,0.0856,0.1271,0.1166,0.1964,0.1062,0.1119,0.1006,0.0994,0.1426,0.143,0.1164,0.0846,0.0857,0.3502,0.2552,0.212,0.3091,0.1658,0.1837,0.1453,0.0993,0.0987,0.1689,0.0892,0.0857,0.0863,0.2253,0.1591,0.4508,0.1035,0.1389,0.1957,0.144,0.2957,0.1326,0.0869,0.0892,0.3423,0.1267,0.339,0.1642,0.2545,0.1559,0.2187,0.3458,0.1366,0.2659,0.0854,0.0857,0.0867,0.0908,0.0848,0.0861,0.0862,0.0846,0.0856,0.085,0.0848,0.0871,0.0848
,16:49:16,48,0.0856,0.0867,0.087,0.092,0.0877,0.0871,0.0865,0.0862,0.0869,0.085,0.0869,0.0862,0.0956,0.1296,0.1049,0.1312,0.1618,0.14,0.1246,0.1264,0.096,0.0877,0.1179,0.0857,0.0874,0.0806,0.142,0.1284,0.1856,0.1024,0.1281,0.1368,0.1127,0.1395,0.098,0.0846,0.0855,0.1274,0.1172,0.1966,0.1065,0.112,0.1012,0.0995,0.1428,0.143,0.1162,0.085,0.0859,0.349,0.2545,0.2121,0.3089,0.1656,0.1836,0.145,0.0991,0.0987,0.1686,0.0899,0.0862,0.0867,0.226,0.1599,0.4491,0.1037,0.1391,0.1951,0.1441,0.2945,0.1326,0.0865,0.0891,0.3416,0.1265,0.3398,0.1636,0.2535,0.1568,0.2188,0.3449,0.137,0.2651,0.0855,0.0864,0.0868,0.091,0.0849,0.0867,0.0861,0.0851,0.086,0.0851,0.0851,0.0867,0.0849
,16:54:16,48,0.0859,0.0857,0.0867,0.0913,0.0871,0.0869,0.0859,0.0855,0.0859,0.085,0.0862,0.0859,0.0949,0.1296,0.1042,0.131,0.1615,0.139,0.1245,0.1259,0.0954,0.0873,0.1174,0.0853,0.0873,0.0802,0.1414,0.1277,0.1849,0.1022,0.127,0.1364,0.112,0.1391,0.098,0.0849,0.0857,0.1275,0.1171,0.196,0.1063,0.1122,0.1009,0.0985,0.1426,0.1423,0.1158,0.0845,0.0856,0.3481,0.2548,0.212,0.3079,0.1649,0.1833,0.1451,0.0989,0.0985,0.1672,0.0894,0.0854,0.0864,0.2241,0.1582,0.4489,0.1034,0.138,0.1952,0.143,0.2942,0.1321,0.0865,0.0885,0.3408,0.1262,0.3395,0.1636,0.2516,0.1562,0.2172,0.3449,0.1364,0.2636,0.0856,0.0859,0.0864,0.09,0.0849,0.0861,0.0861,0.0846,0.086,0.0844,0.0847,0.0861,0.0846
,16:59:16,48,0.0856,0.0859,0.0868,0.0917,0.0876,0.0875,0.086,0.0863,0.0865,0.0851,0.0865,0.0859,0.0952,0.1292,0.1043,0.1313,0.1613,0.1398,0.1246,0.126,0.0952,0.0876,0.1181,0.0852,0.0873,0.0803,0.1417,0.1279,0.1849,0.1024,0.1276,0.1365,0.1127,0.1395,0.0979,0.0847,0.0855,0.1275,0.117,0.1963,0.1062,0.1121,0.1012,0.0988,0.1428,0.1432,0.1166,0.0851,0.086,0.3486,0.2539,0.2119,0.3082,0.1646,0.1838,0.1454,0.0992,0.0985,0.1682,0.0896,0.0862,0.0867,0.2249,0.1585,0.4485,0.1036,0.139,0.1938,0.1438,0.2931,0.1326,0.0869,0.089,0.3403,0.1257,0.3394,0.1636,0.2542,0.1562,0.2177,0.347,0.1371,0.2637,0.0858,0.0863,0.0863,0.0903,0.0853,0.0864,0.0862,0.0845,0.0857,0.0856,0.085,0.0868,0.0848
,17:04:16,47.9,0.0857,0.086,0.0872,0.0917,0.0878,0.0871,0.0863,0.0859,0.0867,0.0854,0.0868,0.086,0.0956,0.1291,0.1045,0.1306,0.1617,0.1399,0.1249,0.1261,0.0957,0.0877,0.1174,0.0858,0.0871,0.0804,0.1416,0.1277,0.185,0.1019,0.1276,0.1365,0.1125,0.1393,0.0975,0.0846,0.0855,0.1275,0.1169,0.1964,0.1061,0.1117,0.1011,0.0992,0.1431,0.1435,0.1164,0.0849,0.0859,0.3479,0.2517,0.211,0.3075,0.1641,0.1833,0.1453,0.0987,0.0987,0.1683,0.0894,0.0856,0.0865,0.2243,0.1584,0.4471,0.1035,0.1386,0.1937,0.1426,0.293,0.1323,0.0869,0.0887,0.3412,0.126,0.3387,0.1632,0.2534,0.157,0.2176,0.3474,0.1377,0.2637,0.0855,0.0859,0.0868,0.0908,0.0851,0.0865,0.0864,0.0852,0.0857,0.0851,0.0848,0.0868,0.0846
,17:09:16,48,0.0858,0.0863,0.0873,0.0921,0.0879,0.0876,0.0862,0.086,0.0867,0.0853,0.0871,0.0863,0.0959,0.1298,0.1041,0.131,0.1617,0.1393,0.1252,0.1258,0.0957,0.0879,0.1178,0.0857,0.0871,0.0806,0.142,0.1282,0.1844,0.1024,0.1273,0.1368,0.1124,0.1389,0.0979,0.0849,0.086,0.1272,0.1168,0.1957,0.1064,0.1118,0.1015,0.0995,0.1428,0.1429,0.1165,0.085,0.0862,0.3475,0.2496,0.2103,0.3067,0.1639,0.1846,0.146,0.099,0.0989,0.1669,0.09,0.0861,0.0865,0.2246,0.1582,0.4486,0.1039,0.1382,0.1933,0.1425,0.2946,0.1324,0.087,0.0887,0.3401,0.1252,0.34,0.1645,0.2512,0.1566,0.2174,0.3476,0.1373,0.2643,0.0861,0.0863,0.0868,0.0908,0.0852,0.0867,0.0865,0.085,0.0858,0.0847,0.0852,0.087,0.085
,17:14:16,47.9,0.0863,0.0865,0.0871,0.092,0.0879,0.0873,0.087,0.0866,0.0869,0.0858,0.0871,0.0868,0.0958,0.1303,0.1043,0.1312,0.1619,0.1402,0.1253,0.1262,0.0959,0.0877,0.1172,0.086,0.0876,0.0808,0.142,0.1279,0.1851,0.1032,0.127,0.1369,0.1129,0.1394,0.098,0.0852,0.0858,0.1282,0.1167,0.1964,0.1067,0.1126,0.1011,0.0994,0.1432,0.1436,0.1168,0.0853,0.0863,0.3471,0.2526,0.2109,0.3069,0.1634,0.184,0.1461,0.0991,0.0989,0.1673,0.0896,0.0866,0.0869,0.2239,0.1582,0.4472,0.1038,0.1384,0.1934,0.1431,0.2926,0.1323,0.0876,0.0894,0.3403,0.1255,0.3398,0.164,0.2499,0.156,0.2184,0.346,0.138,0.2639,0.0862,0.0868,0.0873,0.0911,0.0854,0.087,0.0867,0.0852,0.0861,0.0859,0.085,0.087,0.0848
,17:19:16,48,0.086,0.0863,0.0871,0.0922,0.0878,0.0875,0.0863,0.0862,0.0869,0.0853,0.0871,0.0864,0.0958,0.1293,0.1039,0.1308,0.1613,0.14,0.1245,0.1263,0.0958,0.0876,0.1179,0.0855,0.0877,0.0806,0.1413,0.1284,0.1843,0.1027,0.1274,0.1365,0.1128,0.1391,0.0978,0.0852,0.0859,0.1277,0.1167,0.196,0.1064,0.1118,0.101,0.0986,0.1431,0.1431,0.1165,0.085,0.086,0.3467,0.2498,0.2101,0.3069,0.163,0.1836,0.1455,0.0986,0.0987,0.1653,0.0896,0.0863,0.0865,0.2231,0.1579,0.4471,0.1037,0.1371,0.1934,0.1421,0.2923,0.1322,0.0866,0.0886,0.3397,0.1251,0.339,0.165,0.2501,0.1556,0.2161,0.3461,0.1371,0.263,0.0861,0.0869,0.0866,0.0905,0.085,0.0867,0.087,0.085,0.0859,0.085,0.0848,0.0869,0.085
,17:24:16,47.9,0.0863,0.0864,0.0878,0.0919,0.0883,0.0873,0.0869,0.0863,0.0869,0.0856,0.087,0.0866,0.0958,0.1293,0.1041,0.1315,0.1619,0.1396,0.1249,0.1263,0.0961,0.0881,0.118,0.0859,0.0877,0.0805,0.1412,0.1279,0.1839,0.1024,0.1272,0.1363,0.1126,0.1386,0.0984,0.0853,0.0861,0.1277,0.1172,0.196,0.1065,0.1121,0.1014,0.0992,0.1432,0.1434,0.1168,0.0855,0.0864,0.3463,0.248,0.2089,0.3057,0.1631,0.1836,0.1456,0.099,0.0989,0.1656,0.0903,0.0861,0.0871,0.2238,0.158,0.4482,0.1041,0.138,0.1918,0.1413,0.2921,0.133,0.0871,0.089,0.3386,0.1245,0.3381,0.1641,0.2511,0.1561,0.217,0.346,0.1376,0.264,0.0859,0.087,0.0869,0.0912,0.0857,0.0868,0.0871,0.0854,0.0862,0.0855,0.0855,0.0869,0.085
,17:29:16,48,0.0858,0.0861,0.087,0.0918,0.0873,0.0869,0.086,0.0861,0.0867,0.0851,0.0864,0.0861,0.0956,0.1291,0.1035,0.1306,0.1614,0.1395,0.1247,0.1257,0.0958,0.0878,0.1176,0.0852,0.0874,0.0808,0.1414,0.1274,0.1832,0.1022,0.1267,0.1363,0.112,0.1384,0.0976,0.0846,0.0856,0.1271,0.1165,0.1961,0.1061,0.1115,0.1007,0.0989,0.1427,0.1428,0.1161,0.0852,0.0861,0.3462,0.2479,0.2082,0.3049,0.1624,0.1828,0.1454,0.0985,0.0987,0.1654,0.0894,0.0861,0.0865,0.2227,0.1575,0.4473,0.1032,0.137,0.1905,0.1411,0.2911,0.1323,0.0867,0.089,0.3384,0.1242,0.3385,0.1628,0.2499,0.1554,0.2156,0.3456,0.1367,0.2642,0.0858,0.0863,0.0866,0.0905,0.0845,0.0865,0.0861,0.085,0.0856,0.0855,0.085,0.0864,0.0847
,17:34:16,48,0.0861,0.0859,0.0871,0.0921,0.0877,0.0874,0.0863,0.0863,0.0872,0.0858,0.0868,0.0862,0.0954,0.1289,0.1038,0.1311,0.1619,0.1398,0.1248,0.1262,0.0958,0.088,0.1179,0.0859,0.0876,0.081,0.1415,0.1278,0.1838,0.1026,0.1269,0.1364,0.1123,0.1386,0.0983,0.0851,0.0858,0.1281,0.1171,0.1953,0.106,0.1121,0.1008,0.0991,0.1423,0.1433,0.1164,0.085,0.0862,0.3459,0.2483,0.2085,0.3053,0.1618,0.182,0.145,0.0989,0.099,0.1656,0.0899,0.0859,0.0863,0.2213,0.1574,0.4475,0.104,0.1368,0.1911,0.1417,0.292,0.1326,0.087,0.0891,0.3386,0.1242,0.3376,0.1629,0.2499,0.1559,0.2159,0.3469,0.1374,0.2638,0.0859,0.0863,0.0868,0.0909,0.0856,0.0868,0.0865,0.0851,0.0861,0.0854,0.0851,0.0867,0.0852
,17:39:16,47.9,0.0861,0.0863,0.0875,0.092,0.0878,0.0875,0.0869,0.0864,0.0868,0.0857,0.0868,0.0868,0.0957,0.1293,0.1039,0.1308,0.1614,0.1395,0.1247,0.1255,0.0956,0.0879,0.1176,0.0861,0.0875,0.081,0.142,0.1272,0.1832,0.1027,0.1272,0.1367,0.1124,0.1385,0.0983,0.0854,0.0861,0.127,0.1169,0.196,0.1059,0.1121,0.1012,0.0985,0.1429,0.1435,0.1165,0.0853,0.0864,0.3463,0.2501,0.207,0.3036,0.1614,0.1827,0.1455,0.0986,0.0992,0.164,0.0901,0.086,0.0871,0.2212,0.1568,0.445,0.1038,0.1366,0.1913,0.1408,0.2914,0.133,0.0873,0.0891,0.3375,0.1238,0.3402,0.1632,0.2493,0.1561,0.215,0.3466,0.1382,0.2626,0.0864,0.0868,0.0872,0.0909,0.0849,0.0868,0.0866,0.0849,0.0863,0.0854,0.0851,0.0872,0.085
,17:44:16,48,0.0857,0.0854,0.0868,0.0917,0.0869,0.087,0.086,0.086,0.0864,0.0852,0.0865,0.0859,0.095,0.1288,0.1029,0.1304,0.1612,0.1393,0.1242,0.1255,0.095,0.0888,0.1171,0.0853,0.0873,0.0804,0.1408,0.1273,0.1823,0.1023,0.1263,0.1358,0.1117,0.1379,0.0974,0.0845,0.0856,0.1267,0.1164,0.195,0.1055,0.1111,0.1004,0.098,0.1422,0.1425,0.1156,0.0846,0.0859,0.344,0.247,0.2064,0.3032,0.161,0.1825,0.1455,0.0982,0.0981,0.1639,0.0891,0.0855,0.0865,0.2215,0.1557,0.4446,0.1034,0.1364,0.1897,0.1404,0.2919,0.1326,0.0864,0.0888,0.3359,0.1235,0.3373,0.1626,0.2486,0.1552,0.2146,0.3471,0.137,0.2626,0.0854,0.0862,0.0865,0.0904,0.0848,0.0861,0.0865,0.0846,0.0857,0.0849,0.085,0.0863,0.0846
,17:49:16,47.9,0.0854,0.086,0.0872,0.0918,0.0877,0.0873,0.0862,0.086,0.0863,0.0849,0.0866,0.0864,0.0951,0.1293,0.1034,0.1311,0.1612,0.1396,0.1247,0.1256,0.0956,0.0878,0.1172,0.0855,0.0872,0.0807,0.1413,0.1272,0.1825,0.1023,0.1262,0.1366,0.1121,0.1373,0.0974,0.0853,0.0857,0.127,0.1167,0.1956,0.106,0.1117,0.1007,0.0987,0.1428,0.1427,0.116,0.085,0.0863,0.3451,0.2444,0.2061,0.3025,0.1604,0.1818,0.1453,0.0984,0.0992,0.1639,0.0899,0.0862,0.0864,0.221,0.1559,0.4441,0.1035,0.1357,0.1899,0.1409,0.2907,0.1322,0.0865,0.0887,0.3363,0.1228,0.3383,0.1634,0.2492,0.1555,0.2142,0.3462,0.1378,0.2627,0.086,0.0868,0.0868,0.0909,0.0851,0.0867,0.0861,0.0849,0.0855,0.0853,0.085,0.0865,0.0848
,17:54:16,48,0.0854,0.0854,0.0864,0.0912,0.0873,0.0867,0.0856,0.0859,0.0864,0.0851,0.086,0.0857,0.0955,0.1281,0.1034,0.1303,0.1606,0.139,0.1242,0.1252,0.0953,0.0869,0.1167,0.0849,0.0871,0.0806,0.1413,0.1267,0.182,0.1018,0.1263,0.1356,0.1112,0.1368,0.0971,0.0845,0.085,0.1265,0.1163,0.1943,0.1053,0.1107,0.1002,0.0974,0.1421,0.1425,0.1151,0.0844,0.0854,0.3449,0.2461,0.2055,0.3014,0.1594,0.1816,0.1444,0.0979,0.0977,0.1623,0.0893,0.0855,0.0865,0.2207,0.156,0.4443,0.1035,0.1353,0.1876,0.1396,0.2899,0.1318,0.0866,0.0885,0.3359,0.1222,0.3374,0.1637,0.2484,0.1539,0.2128,0.3464,0.1372,0.262,0.0852,0.086,0.0864,0.0905,0.085,0.0863,0.086,0.0845,0.0853,0.0847,0.0847,0.0862,0.0845
,17:59:16,48,0.0859,0.086,0.0873,0.0918,0.0875,0.0871,0.0863,0.086,0.0864,0.0854,0.0866,0.086,0.0956,0.1291,0.1031,0.1303,0.1613,0.139,0.1245,0.1256,0.0957,0.0877,0.1174,0.0854,0.0874,0.0808,0.1408,0.1274,0.1819,0.1023,0.1259,0.1362,0.1117,0.1375,0.0973,0.085,0.0859,0.1269,0.1167,0.1946,0.1054,0.1116,0.1008,0.0981,0.1421,0.1423,0.1157,0.0854,0.0859,0.3446,0.2458,0.2061,0.3016,0.1596,0.1809,0.1453,0.0983,0.0984,0.1627,0.0895,0.0859,0.087,0.2198,0.1555,0.4434,0.1038,0.1354,0.1893,0.14,0.2892,0.1328,0.0866,0.0888,0.3359,0.1228,0.3369,0.1639,0.2462,0.1551,0.2138,0.347,0.137,0.2624,0.0858,0.0863,0.0869,0.0903,0.0854,0.0868,0.0864,0.0852,0.0856,0.0854,0.0849,0.0867,0.0846
,18:04:16,48,0.0856,0.086,0.0871,0.0915,0.0876,0.0874,0.0862,0.0864,0.0867,0.0854,0.0865,0.086,0.0957,0.1284,0.1031,0.1305,0.1606,0.1391,0.1246,0.126,0.0954,0.0887,0.1172,0.0855,0.0876,0.0807,0.1408,0.1275,0.1822,0.1023,0.126,0.1359,0.1116,0.1375,0.0977,0.0851,0.0857,0.1273,0.1165,0.1947,0.1054,0.1114,0.1006,0.0984,0.1425,0.1431,0.1158,0.085,0.0859,0.3437,0.2446,0.2053,0.3011,0.1599,0.1817,0.1451,0.0984,0.0982,0.1619,0.0898,0.086,0.0868,0.2191,0.1556,0.4426,0.1034,0.1355,0.1879,0.1393,0.2904,0.1324,0.0868,0.0887,0.3346,0.1223,0.3381,0.1636,0.2461,0.155,0.2134,0.3468,0.1374,0.2618,0.0858,0.0862,0.0869,0.0903,0.085,0.0867,0.0863,0.0847,0.0858,0.085,0.0847,0.0869,0.0845
,18:09:16,48,0.0857,0.0861,0.087,0.0917,0.0877,0.087,0.0863,0.0867,0.0869,0.0851,0.0869,0.0858,0.0954,0.1284,0.1032,0.1305,0.1609,0.1393,0.1241,0.1256,0.0955,0.0873,0.1176,0.0853,0.0876,0.0803,0.1408,0.1267,0.182,0.1024,0.1265,0.1361,0.1112,0.1373,0.0975,0.0846,0.0858,0.1268,0.1165,0.1943,0.1053,0.1118,0.1006,0.0981,0.1427,0.1425,0.1164,0.0847,0.086,0.3439,0.2416,0.2042,0.3013,0.1589,0.1812,0.145,0.0981,0.0978,0.1616,0.0899,0.086,0.0867,0.2203,0.1546,0.4413,0.1038,0.135,0.1873,0.1393,0.2887,0.1326,0.0864,0.0891,0.3357,0.1219,0.3386,0.1629,0.2468,0.1555,0.2122,0.3462,0.1372,0.2618,0.0859,0.0867,0.0872,0.0908,0.0851,0.0864,0.0865,0.0851,0.0859,0.0852,0.0847,0.087,0.0848
,18:14:16,47.9,0.0852,0.0857,0.0867,0.0911,0.0872,0.087,0.0859,0.0861,0.0864,0.0851,0.0864,0.0856,0.0952,0.1281,0.1024,0.1297,0.1608,0.1388,0.1242,0.1254,0.0953,0.0869,0.1168,0.0847,0.0871,0.0804,0.1403,0.1266,0.1812,0.102,0.1256,0.1354,0.111,0.137,0.097,0.0845,0.0853,0.1264,0.1164,0.1946,0.1052,0.111,0.1001,0.0979,0.1419,0.1427,0.1153,0.0842,0.0852,0.3433,0.2419,0.2035,0.3,0.1584,0.1803,0.1448,0.0974,0.0978,0.1608,0.089,0.0853,0.0865,0.2183,0.1543,0.4415,0.1028,0.1349,0.1866,0.1386,0.2879,0.1322,0.0862,0.0884,0.3338,0.1217,0.337,0.1624,0.2455,0.1545,0.2112,0.3453,0.1372,0.2605,0.0853,0.0861,0.0864,0.0898,0.085,0.0856,0.086,0.0846,0.0856,0.0848,0.0844,0.0866,0.0845
,18:19:16,48,0.0851,0.086,0.0865,0.0915,0.087,0.0868,0.0861,0.0857,0.0862,0.085,0.0861,0.0856,0.0951,0.1284,0.1025,0.1301,0.1607,0.1385,0.1242,0.125,0.0952,0.0874,0.1169,0.0848,0.0871,0.08,0.1404,0.1265,0.1811,0.1015,0.1254,0.1357,0.1108,0.1365,0.0975,0.0845,0.0857,0.1264,0.1167,0.1937,0.105,0.111,0.1006,0.0973,0.141,0.1427,0.1155,0.0842,0.0854,0.3411,0.2411,0.2034,0.2992,0.158,0.18,0.145,0.0975,0.098,0.1604,0.0893,0.0858,0.0865,0.2183,0.154,0.4399,0.1029,0.134,0.1856,0.1387,0.2875,0.1323,0.0861,0.0887,0.3336,0.1224,0.3366,0.1627,0.2441,0.1548,0.2118,0.3447,0.1366,0.2617,0.0851,0.0861,0.0866,0.09,0.0849,0.0859,0.0863,0.0845,0.0853,0.0852,0.0847,0.0864,0.0844
,18:24:16,48,0.0863,0.0861,0.0871,0.0917,0.0876,0.0873,0.0862,0.0864,0.0866,0.0856,0.0868,0.0863,0.0959,0.1286,0.103,0.1304,0.161,0.1387,0.124,0.1256,0.0954,0.0873,0.1171,0.0857,0.0873,0.0809,0.1412,0.127,0.1807,0.1023,0.126,0.1357,0.1111,0.1366,0.0978,0.0848,0.0858,0.1264,0.1166,0.1939,0.1056,0.1112,0.1004,0.0977,0.1418,0.1431,0.1159,0.0851,0.0862,0.3428,0.2406,0.2038,0.2994,0.1579,0.1798,0.1458,0.0984,0.0983,0.1602,0.0894,0.0863,0.0868,0.2187,0.154,0.4418,0.1035,0.134,0.1863,0.1383,0.2886,0.1325,0.0869,0.0893,0.3334,0.1219,0.3359,0.1627,0.2464,0.155,0.2102,0.3448,0.1375,0.2643,0.0859,0.0867,0.0869,0.0907,0.085,0.0869,0.0863,0.0849,0.0855,0.0853,0.0849,0.0866,0.0847
,18:29:16,47.9,0.0861,0.0865,0.0877,0.0922,0.0876,0.0873,0.0862,0.0865,0.0865,0.0853,0.0867,0.0861,0.0956,0.1288,0.1035,0.1303,0.161,0.1388,0.1242,0.1255,0.0955,0.0879,0.1173,0.0856,0.0878,0.0806,0.1406,0.1269,0.1803,0.1025,0.1258,0.1362,0.1112,0.1365,0.0975,0.0851,0.0855,0.1263,0.1164,0.1936,0.1052,0.1108,0.1005,0.0976,0.1417,0.1432,0.1161,0.0847,0.086,0.3431,0.2407,0.2036,0.2985,0.1577,0.1792,0.1455,0.0979,0.0982,0.1597,0.0898,0.0859,0.0869,0.2188,0.1539,0.4404,0.1035,0.1346,0.1862,0.1387,0.2874,0.1325,0.0864,0.0892,0.3337,0.1214,0.3364,0.1627,0.2437,0.1547,0.2102,0.3464,0.1379,0.2658,0.0859,0.0864,0.0867,0.0908,0.0853,0.087,0.0862,0.0852,0.0857,0.085,0.0851,0.0869,0.085
,18:34:16,48,0.0855,0.0857,0.0868,0.0917,0.0873,0.0867,0.0863,0.0859,0.0865,0.0855,0.0864,0.0856,0.0952,0.128,0.1025,0.1302,0.161,0.1384,0.1239,0.1251,0.0951,0.0873,0.1168,0.0856,0.0872,0.0803,0.1403,0.1263,0.1798,0.102,0.1257,0.1353,0.111,0.1358,0.0969,0.0848,0.0852,0.126,0.1161,0.1934,0.105,0.1112,0.1004,0.0971,0.1418,0.1423,0.1155,0.0846,0.0855,0.342,0.2382,0.2031,0.2977,0.1571,0.1788,0.1451,0.0973,0.0978,0.159,0.0897,0.0857,0.0864,0.2171,0.1532,0.4388,0.1037,0.1334,0.1848,0.1381,0.2872,0.1322,0.0862,0.0887,0.3319,0.1213,0.3352,0.1617,0.2434,0.1544,0.2094,0.3453,0.137,0.2649,0.0856,0.086,0.0862,0.0903,0.0848,0.0861,0.0866,0.0851,0.0853,0.0847,0.0843,0.0866,0.0843
,18:39:16,47.9,0.0856,0.0858,0.0871,0.0913,0.0874,0.0867,0.0864,0.0859,0.0865,0.0854,0.0864,0.086,0.0954,0.1281,0.1026,0.1299,0.1602,0.1387,0.1243,0.125,0.0951,0.0875,0.1168,0.0852,0.087,0.0804,0.1403,0.1259,0.18,0.1023,0.1252,0.1355,0.1111,0.1354,0.0974,0.0843,0.0852,0.1261,0.1165,0.1931,0.105,0.1106,0.1003,0.0967,0.1417,0.1422,0.1156,0.0844,0.0857,0.3421,0.2396,0.2023,0.2974,0.1571,0.179,0.1444,0.0976,0.0982,0.1591,0.0895,0.0857,0.0868,0.2169,0.1536,0.4369,0.1032,0.1331,0.1853,0.1377,0.2867,0.1322,0.0862,0.0887,0.3322,0.1212,0.3337,0.1615,0.242,0.1543,0.2095,0.3454,0.1368,0.2642,0.0853,0.0861,0.0864,0.0903,0.0851,0.0862,0.0859,0.0846,0.0855,0.0849,0.0846,0.0865,0.0844
,18:44:16,48,0.0851,0.0859,0.0868,0.0915,0.0875,0.0868,0.0856,0.0858,0.0865,0.0848,0.0863,0.0859,0.0948,0.1285,0.1025,0.1299,0.1605,0.1381,0.1242,0.1254,0.0956,0.0881,0.1171,0.085,0.0871,0.0805,0.1402,0.1264,0.1799,0.1022,0.1254,0.1353,0.1106,0.1357,0.0975,0.0846,0.0854,0.126,0.1162,0.193,0.1048,0.1105,0.1005,0.0976,0.1416,0.1426,0.1158,0.0844,0.0859,0.3412,0.2389,0.2023,0.2967,0.156,0.1789,0.1447,0.0972,0.0978,0.159,0.0896,0.0859,0.0868,0.2166,0.1531,0.4372,0.1038,0.1324,0.1843,0.1381,0.2873,0.1326,0.0863,0.0889,0.3321,0.1215,0.3348,0.1612,0.2421,0.1541,0.2086,0.3441,0.137,0.2643,0.0852,0.0864,0.0862,0.0905,0.0848,0.086,0.0862,0.0845,0.0861,0.0849,0.0845,0.086,0.0843
,18:49:16,47.9,0.0854,0.0858,0.087,0.0917,0.0879,0.0873,0.0863,0.0861,0.0869,0.0854,0.0868,0.0859,0.0952,0.1282,0.1024,0.1304,0.1605,0.1388,0.1241,0.1251,0.0954,0.0878,0.1173,0.0851,0.0874,0.0806,0.1403,0.1262,0.1795,0.1021,0.1255,0.1355,0.1114,0.136,0.0976,0.085,0.0857,0.1266,0.1168,0.1932,0.1048,0.1112,0.1002,0.0974,0.1418,0.1421,0.1154,0.0844,0.0858,0.3402,0.2367,0.2015,0.2959,0.1559,0.1787,0.145,0.0973,0.0978,0.1591,0.0896,0.0858,0.0868,0.2154,0.1534,0.4365,0.1034,0.1328,0.1848,0.1376,0.2863,0.1326,0.0865,0.0892,0.3306,0.1211,0.3347,0.1619,0.2416,0.1541,0.2089,0.3451,0.1375,0.2646,0.0852,0.0866,0.0866,0.0905,0.0849,0.0865,0.0864,0.0848,0.0855,0.0848,0.0851,0.0866,0.0842
,18:54:16,48,0.0853,0.0857,0.0877,0.0917,0.0878,0.0871,0.0866,0.0864,0.0867,0.0854,0.0869,0.0862,0.0951,0.1283,0.1025,0.1302,0.1607,0.1389,0.1244,0.1254,0.0955,0.0874,0.1171,0.0856,0.0879,0.0806,0.1406,0.1262,0.1791,0.1024,0.1256,0.1352,0.1114,0.1355,0.0977,0.0849,0.0858,0.1263,0.1169,0.1929,0.1051,0.1114,0.1006,0.0971,0.1423,0.1422,0.1158,0.0849,0.0857,0.3411,0.2373,0.2017,0.2962,0.1558,0.1787,0.145,0.0978,0.098,0.1587,0.0899,0.0858,0.087,0.2161,0.1524,0.4383,0.1038,0.1327,0.1836,0.1383,0.2861,0.1323,0.0864,0.0893,0.3316,0.1208,0.3347,0.1611,0.2429,0.1546,0.208,0.3452,0.1376,0.2642,0.0859,0.0867,0.0869,0.0907,0.0853,0.0865,0.0867,0.085,0.0863,0.0853,0.0851,0.0902,0.0843
,18:59:16,48,0.0853,0.0861,0.0874,0.0919,0.0875,0.0874,0.0864,0.0864,0.0866,0.0858,0.0867,0.0863,0.0955,0.1287,0.1024,0.1302,0.1602,0.1382,0.1238,0.1252,0.095,0.0873,0.1171,0.0854,0.0872,0.0807,0.1399,0.1263,0.1795,0.1026,0.1254,0.1356,0.111,0.1359,0.0981,0.0847,0.0861,0.1265,0.1164,0.1929,0.1046,0.1114,0.1008,0.0968,0.1415,0.1427,0.1154,0.0847,0.0858,0.341,0.2357,0.201,0.2955,0.1553,0.1786,0.145,0.0974,0.0978,0.1593,0.0891,0.0862,0.0871,0.2168,0.153,0.4358,0.1037,0.1325,0.1827,0.138,0.286,0.1326,0.0869,0.0893,0.3308,0.1207,0.3341,0.1613,0.2413,0.154,0.2084,0.3447,0.138,0.2626,0.0853,0.0861,0.087,0.0907,0.085,0.0865,0.0866,0.085,0.0861,0.0852,0.0854,0.0867,0.0842
,19:04:16,48,0.0855,0.0858,0.0871,0.0914,0.0877,0.0873,0.086,0.0864,0.0862,0.085,0.086,0.0855,0.0949,0.1279,0.1017,0.1305,0.1603,0.1383,0.124,0.1253,0.0949,0.0877,0.1172,0.0848,0.0872,0.0804,0.1402,0.1264,0.1788,0.1022,0.1251,0.135,0.1105,0.1346,0.0974,0.0848,0.0853,0.1262,0.1164,0.1931,0.1045,0.1108,0.0999,0.0972,0.1414,0.142,0.1152,0.0845,0.0856,0.3388,0.2343,0.2007,0.2943,0.1547,0.1779,0.145,0.0973,0.0978,0.1579,0.0893,0.0861,0.0865,0.216,0.1519,0.4335,0.1034,0.1321,0.1834,0.1377,0.2842,0.1322,0.0866,0.0887,0.3298,0.1199,0.3333,0.1603,0.2392,0.1537,0.2067,0.3448,0.1376,0.2643,0.0852,0.0863,0.0865,0.0903,0.0852,0.0861,0.0859,0.0849,0.0861,0.0854,0.0849,0.0862,0.0839
,19:09:16,48,0.0859,0.0861,0.0869,0.0919,0.0877,0.0875,0.086,0.0864,0.0863,0.0854,0.0868,0.0861,0.0956,0.1284,0.1022,0.1303,0.1609,0.1387,0.1246,0.1252,0.0956,0.0876,0.1172,0.0853,0.0872,0.0807,0.1401,0.1262,0.1793,0.1029,0.1258,0.1353,0.1107,0.1351,0.0971,0.0852,0.0858,0.1268,0.1165,0.1929,0.1053,0.1109,0.1003,0.0973,0.1419,0.1426,0.1154,0.0845,0.0858,0.3397,0.2343,0.1996,0.294,0.1546,0.1777,0.1447,0.0978,0.0983,0.157,0.0895,0.0861,0.0872,0.2152,0.1522,0.4352,0.1039,0.1324,0.1826,0.1369,0.2847,0.1329,0.0863,0.0889,0.329,0.1207,0.3331,0.16,0.2403,0.1538,0.2064,0.3434,0.1375,0.2642,0.0855,0.0865,0.0869,0.0907,0.0849,0.0864,0.0862,0.0849,0.0857,0.0853,0.0847,0.087,0.0845
,19:14:16,47.9,0.0857,0.0859,0.0868,0.0913,0.0878,0.0871,0.086,0.0861,0.0863,0.0851,0.0863,0.0861,0.0948,0.1279,0.102,0.1295,0.1597,0.1385,0.1239,0.1249,0.0949,0.0873,0.117,0.0851,0.0872,0.0806,0.1402,0.1255,0.1785,0.1018,0.1247,0.1355,0.1105,0.1343,0.0971,0.0847,0.0854,0.1258,0.1157,0.1926,0.1045,0.1106,0.0996,0.0967,0.1415,0.142,0.1152,0.0844,0.0859,0.3395,0.2356,0.1983,0.2933,0.1534,0.1773,0.1449,0.0975,0.0975,0.1564,0.0894,0.0856,0.0863,0.2161,0.1518,0.4345,0.1039,0.1318,0.182,0.1371,0.2847,0.1328,0.0865,0.0886,0.3285,0.1198,0.333,0.1599,0.2391,0.1531,0.2055,0.3439,0.1372,0.264,0.0849,0.0861,0.0863,0.0901,0.0848,0.0861,0.0863,0.0845,0.0857,0.0853,0.0849,0.0865,0.0839
,19:19:16,48,0.086,0.0858,0.087,0.0914,0.0876,0.0876,0.0864,0.086,0.0866,0.0852,0.0866,0.0859,0.0952,0.1282,0.1021,0.1296,0.16,0.1385,0.1245,0.1255,0.095,0.0874,0.1171,0.0853,0.0873,0.0805,0.1403,0.1262,0.1777,0.1024,0.1245,0.1352,0.1102,0.1345,0.0972,0.0848,0.0855,0.126,0.1165,0.1928,0.1051,0.1113,0.1006,0.0965,0.1415,0.1426,0.1154,0.0847,0.0859,0.3387,0.2338,0.1986,0.2931,0.1536,0.1775,0.1454,0.0973,0.098,0.157,0.0897,0.0861,0.0868,0.2157,0.1515,0.4345,0.1035,0.1316,0.1818,0.1369,0.2845,0.1328,0.0864,0.0889,0.3287,0.1205,0.3333,0.1595,0.2391,0.1532,0.2081,0.3436,0.1369,0.2647,0.0858,0.0861,0.0865,0.0906,0.0846,0.0862,0.0862,0.0847,0.0859,0.0852,0.0855,0.0864,0.0845
,19:24:16,47.9,0.0857,0.0863,0.0873,0.092,0.0875,0.0874,0.0866,0.0863,0.0865,0.0852,0.0868,0.0858,0.0949,0.1281,0.1021,0.1304,0.1601,0.1379,0.1245,0.1252,0.095,0.0876,0.1172,0.0856,0.0874,0.0809,0.1404,0.1262,0.1781,0.1022,0.125,0.1358,0.111,0.1347,0.0974,0.0851,0.0861,0.1264,0.1163,0.1928,0.105,0.1113,0.1013,0.0968,0.1413,0.143,0.1153,0.0851,0.0862,0.3395,0.2323,0.1988,0.2924,0.1537,0.1775,0.145,0.0979,0.0984,0.1567,0.0898,0.086,0.0872,0.2157,0.1513,0.4337,0.1036,0.1322,0.1813,0.1368,0.2844,0.1326,0.0866,0.0892,0.3286,0.1206,0.3327,0.1595,0.2396,0.1527,0.2087,0.344,0.138,0.2663,0.0859,0.0864,0.0868,0.0909,0.085,0.0866,0.0865,0.0853,0.0859,0.0853,0.0853,0.0869,0.0846
,19:29:16,48,0.086,0.086,0.0868,0.0917,0.0874,0.0873,0.086,0.086,0.0866,0.0853,0.0867,0.0857,0.095,0.1274,0.1017,0.1298,0.1599,0.1379,0.1242,0.1254,0.0953,0.0873,0.1169,0.0851,0.0872,0.0804,0.1399,0.1256,0.1773,0.1021,0.1247,0.1352,0.1105,0.1343,0.0973,0.0846,0.0857,0.1259,0.1163,0.1921,0.1043,0.1107,0.1004,0.0967,0.1412,0.1422,0.1154,0.0845,0.0859,0.3391,0.2326,0.1973,0.2916,0.153,0.1771,0.1451,0.0973,0.0977,0.1561,0.0893,0.0856,0.0866,0.2148,0.1515,0.4327,0.1035,0.131,0.1813,0.1357,0.283,0.1325,0.0866,0.0884,0.3281,0.1195,0.3331,0.1596,0.2381,0.1534,0.2077,0.3437,0.1371,0.2661,0.0853,0.0861,0.0864,0.0904,0.0852,0.0865,0.0862,0.0846,0.0855,0.085,0.0848,0.0864,0.0843
,19:34:16,48,0.0849,0.0858,0.0865,0.0908,0.0873,0.0868,0.0857,0.0858,0.086,0.0848,0.0861,0.0853,0.0948,0.1275,0.1012,0.1291,0.1599,0.1377,0.1233,0.1249,0.0951,0.087,0.1168,0.0848,0.0868,0.0801,0.1392,0.1252,0.177,0.1015,0.1244,0.1349,0.1098,0.1338,0.0968,0.0844,0.0854,0.1257,0.1157,0.1917,0.1041,0.1104,0.1,0.0963,0.1408,0.1422,0.1145,0.0843,0.0856,0.3379,0.2315,0.1965,0.2908,0.1523,0.1757,0.145,0.0968,0.0976,0.1548,0.0893,0.0861,0.0864,0.2143,0.1501,0.432,0.1028,0.1308,0.1807,0.1359,0.2822,0.1329,0.0862,0.0886,0.3273,0.1199,0.3313,0.1585,0.2378,0.1518,0.2074,0.3439,0.1372,0.265,0.0858,0.0851,0.0868,0.0903,0.0847,0.0859,0.086,0.0845,0.0854,0.0845,0.0846,0.0863,0.0841
,19:39:16,48,0.0854,0.0857,0.0867,0.0914,0.0874,0.0871,0.0863,0.086,0.0864,0.0853,0.0868,0.0861,0.0952,0.128,0.1017,0.1296,0.1602,0.138,0.1241,0.1247,0.0952,0.0876,0.1171,0.0855,0.0872,0.0805,0.14,0.125,0.1765,0.1019,0.1244,0.1355,0.1102,0.1341,0.0975,0.0845,0.0857,0.126,0.1166,0.1918,0.1049,0.1107,0.1002,0.0962,0.1408,0.1428,0.1154,0.0846,0.0859,0.3374,0.2306,0.1968,0.2906,0.1526,0.1762,0.1448,0.0973,0.0981,0.1546,0.0898,0.0858,0.0863,0.2148,0.1509,0.4317,0.1031,0.1306,0.1793,0.1363,0.2838,0.1325,0.086,0.0884,0.3264,0.1195,0.3309,0.1585,0.2356,0.1529,0.2067,0.3429,0.1373,0.2648,0.0857,0.0862,0.087,0.0906,0.0851,0.0865,0.0867,0.0845,0.0855,0.0854,0.0849,0.0866,0.084
,19:44:16,47.9,0.086,0.0863,0.0873,0.0919,0.0873,0.087,0.0864,0.0862,0.0867,0.0855,0.0865,0.086,0.0953,0.1278,0.1014,0.1297,0.1603,0.1381,0.1237,0.1252,0.0956,0.0873,0.117,0.0854,0.0877,0.0809,0.1401,0.1257,0.1775,0.1024,0.1245,0.1351,0.1103,0.1342,0.0978,0.085,0.0857,0.1258,0.116,0.1921,0.1043,0.1108,0.1007,0.0962,0.1409,0.1428,0.1154,0.0847,0.0856,0.3374,0.2321,0.1968,0.2901,0.1523,0.1768,0.1454,0.0973,0.0982,0.1556,0.0896,0.0858,0.0867,0.2151,0.1506,0.4322,0.1038,0.1313,0.1796,0.1372,0.2832,0.1327,0.0864,0.0895,0.327,0.1202,0.332,0.1593,0.2371,0.1533,0.2061,0.3438,0.1377,0.2635,0.0857,0.0862,0.087,0.0907,0.0852,0.0867,0.0864,0.0852,0.0857,0.0855,0.0849,0.0869,0.0842
,19:49:16,48,0.0857,0.0864,0.0873,0.0918,0.0878,0.0873,0.0864,0.0862,0.0866,0.0856,0.0869,0.0864,0.0951,0.1278,0.1013,0.1302,0.1605,0.1379,0.1243,0.1246,0.0954,0.0875,0.1168,0.0858,0.0876,0.0806,0.1399,0.1256,0.1764,0.1023,0.1245,0.1357,0.1101,0.1338,0.0972,0.0852,0.0856,0.126,0.1161,0.1918,0.1045,0.111,0.1007,0.0964,0.1415,0.143,0.1155,0.0851,0.0863,0.3374,0.2306,0.1968,0.29,0.1521,0.176,0.1455,0.0971,0.0983,0.1543,0.0903,0.0861,0.0871,0.2144,0.1506,0.4305,0.1037,0.1301,0.1797,0.138,0.2814,0.1331,0.0869,0.0891,0.3266,0.1197,0.3319,0.1591,0.2363,0.1527,0.2066,0.3435,0.1376,0.2649,0.0857,0.0863,0.087,0.0905,0.0852,0.0864,0.0872,0.0845,0.0861,0.085,0.085,0.0869,0.0844
,19:54:16,48,0.0852,0.0857,0.0865,0.0913,0.0873,0.0865,0.0861,0.0862,0.0863,0.0847,0.0862,0.0858,0.095,0.1276,0.101,0.1298,0.1592,0.1376,0.1233,0.1245,0.0948,0.0874,0.1163,0.085,0.0875,0.0807,0.1394,0.1256,0.176,0.1017,0.1243,0.1346,0.1102,0.1329,0.0968,0.085,0.0855,0.1255,0.1159,0.1914,0.1041,0.1109,0.1,0.096,0.1401,0.1418,0.1153,0.0845,0.0859,0.3367,0.2294,0.1951,0.2891,0.1515,0.1754,0.1442,0.0973,0.0977,0.1539,0.0892,0.0856,0.0865,0.2131,0.1497,0.4313,0.1031,0.1298,0.1792,0.1377,0.2805,0.1324,0.0861,0.0886,0.3251,0.1197,0.3302,0.1586,0.2351,0.1525,0.205,0.3445,0.1371,0.2639,0.0852,0.0863,0.0865,0.0904,0.0848,0.0862,0.0865,0.0843,0.0854,0.085,0.0849,0.0863,0.0839
,19:59:16,48,0.0853,0.0862,0.0874,0.0917,0.0871,0.087,0.0863,0.0861,0.0864,0.0849,0.0861,0.0858,0.0952,0.1282,0.101,0.1297,0.1605,0.1375,0.1236,0.1247,0.095,0.0877,0.1169,0.0852,0.0872,0.0803,0.14,0.1254,0.1761,0.1024,0.1241,0.135,0.1099,0.1335,0.097,0.0849,0.0855,0.1256,0.1165,0.1918,0.1042,0.1108,0.1003,0.0965,0.1412,0.1425,0.1152,0.0849,0.0858,0.3364,0.2262,0.1951,0.2885,0.1516,0.1756,0.1446,0.0968,0.0974,0.1531,0.0894,0.0859,0.0865,0.2143,0.1503,0.4306,0.1034,0.1298,0.1791,0.1374,0.2798,0.1327,0.0865,0.0891,0.325,0.1194,0.3301,0.1598,0.2359,0.1522,0.2049,0.3432,0.1373,0.2641,0.0857,0.0862,0.0868,0.0907,0.0845,0.0866,0.0858,0.085,0.0857,0.0852,0.0844,0.0868,0.0841
,20:04:16,48,0.0856,0.086,0.0869,0.0917,0.0872,0.0871,0.086,0.0863,0.0868,0.0851,0.0864,0.0858,0.0953,0.1276,0.1012,0.1294,0.1597,0.1374,0.1238,0.1241,0.0952,0.0874,0.1168,0.0853,0.0872,0.0805,0.1396,0.1254,0.1753,0.1021,0.1244,0.1351,0.1101,0.1335,0.0972,0.0849,0.0852,0.1258,0.1162,0.1917,0.1042,0.1104,0.1,0.0958,0.1409,0.1427,0.1147,0.0849,0.0859,0.3365,0.2255,0.1942,0.2882,0.1508,0.1744,0.1453,0.0966,0.0976,0.1532,0.0897,0.0861,0.0869,0.2135,0.1493,0.4293,0.1037,0.13,0.1784,0.1379,0.281,0.1328,0.0866,0.089,0.3242,0.1191,0.33,0.1598,0.234,0.1522,0.205,0.3428,0.1373,0.2646,0.0854,0.0857,0.0868,0.0907,0.0845,0.0864,0.0864,0.0847,0.0854,0.0853,0.0846,0.0867,0.0838
,20:09:16,48,0.0856,0.0858,0.0872,0.0916,0.0877,0.087,0.0862,0.0861,0.0873,0.0856,0.0865,0.0862,0.0954,0.1278,0.1011,0.1301,0.1597,0.1377,0.1239,0.1251,0.0956,0.0874,0.1168,0.0852,0.0869,0.0812,0.1395,0.1254,0.1758,0.1024,0.1242,0.1352,0.1101,0.1336,0.0969,0.0845,0.0858,0.1254,0.1164,0.1913,0.1044,0.111,0.1005,0.0959,0.1406,0.1422,0.1149,0.0848,0.0863,0.3366,0.2239,0.1939,0.2873,0.1514,0.1745,0.1445,0.097,0.0978,0.1536,0.0892,0.0859,0.0866,0.2133,0.1494,0.4286,0.1031,0.1296,0.1781,0.1373,0.2809,0.1328,0.0868,0.089,0.3228,0.1195,0.3294,0.1594,0.2344,0.1522,0.2049,0.3424,0.1373,0.2653,0.0861,0.0862,0.0873,0.0909,0.0849,0.0863,0.0862,0.0848,0.0858,0.085,0.0847,0.0869,0.0841
,20:14:16,48,0.0862,0.0862,0.0873,0.0921,0.0878,0.0869,0.0866,0.0865,0.0869,0.0853,0.0868,0.0861,0.0955,0.128,0.1016,0.1298,0.1601,0.1379,0.1243,0.1248,0.0954,0.0878,0.1168,0.0859,0.0876,0.0812,0.1401,0.125,0.1753,0.1027,0.1245,0.1354,0.1097,0.1336,0.0976,0.0849,0.0859,0.1259,0.116,0.191,0.1045,0.1108,0.1009,0.0956,0.1404,0.1432,0.1151,0.0849,0.0863,0.336,0.2255,0.1938,0.2879,0.1512,0.1746,0.1454,0.0971,0.0979,0.1525,0.0899,0.0865,0.0868,0.2129,0.1496,0.4295,0.1037,0.1293,0.1782,0.1374,0.2805,0.1329,0.0869,0.0895,0.3236,0.1191,0.3285,0.1601,0.2333,0.1533,0.2038,0.3431,0.1372,0.2654,0.0858,0.0864,0.0869,0.0908,0.0853,0.0865,0.0866,0.0853,0.0861,0.0852,0.0853,0.0867,0.0837
,20:19:16,47.9,0.0856,0.0862,0.0869,0.092,0.0874,0.087,0.0865,0.086,0.0865,0.0854,0.0865,0.0862,0.0953,0.1276,0.1008,0.1295,0.1596,0.1372,0.1239,0.1246,0.0951,0.0874,0.1171,0.085,0.0874,0.0808,0.1394,0.1248,0.175,0.1022,0.1237,0.1349,0.1093,0.133,0.0972,0.0853,0.0853,0.1256,0.1161,0.1912,0.1046,0.1105,0.1003,0.0958,0.1404,0.1422,0.1147,0.0849,0.0864,0.3347,0.2223,0.1929,0.2872,0.15,0.1736,0.1453,0.0972,0.0977,0.1523,0.0895,0.0862,0.0869,0.2124,0.1489,0.4279,0.1034,0.1294,0.1774,0.1368,0.2787,0.1328,0.0863,0.089,0.3226,0.1192,0.3288,0.1599,0.2333,0.152,0.2036,0.3413,0.137,0.2641,0.0858,0.0861,0.087,0.0904,0.0852,0.0868,0.0864,0.0852,0.086,0.0853,0.0852,0.0864,0.0838
,20:24:16,48,0.0855,0.0861,0.087,0.0916,0.0873,0.0872,0.0866,0.0858,0.0866,0.0849,0.0865,0.0864,0.0954,0.1276,0.1004,0.13,0.1592,0.1372,0.1235,0.1247,0.0953,0.0875,0.1162,0.085,0.0875,0.0806,0.1393,0.1249,0.1746,0.1023,0.1239,0.1347,0.1092,0.1325,0.0971,0.0847,0.0858,0.1256,0.116,0.1906,0.1044,0.1106,0.1001,0.0952,0.1409,0.1419,0.1149,0.0846,0.0861,0.3351,0.2231,0.192,0.2852,0.1494,0.1743,0.1453,0.0971,0.0977,0.1522,0.0895,0.0857,0.0869,0.2133,0.1485,0.4278,0.1037,0.1288,0.1775,0.1366,0.2799,0.1324,0.0861,0.0888,0.3215,0.1191,0.3279,0.1599,0.2325,0.1519,0.2024,0.3408,0.1372,0.2644,0.085,0.0859,0.0865,0.0905,0.0851,0.0863,0.0862,0.0849,0.0854,0.085,0.0849,0.0902,0.0836
,20:29:16,47.9,0.0859,0.0864,0.0875,0.0917,0.0872,0.0874,0.0867,0.0862,0.087,0.0852,0.0871,0.0862,0.0947,0.1275,0.101,0.13,0.1595,0.1374,0.1244,0.125,0.0954,0.0877,0.117,0.0857,0.087,0.0805,0.1397,0.1252,0.1745,0.1021,0.1242,0.1352,0.1093,0.1328,0.0975,0.085,0.0858,0.1254,0.116,0.1907,0.1046,0.1104,0.1006,0.0959,0.1408,0.1425,0.1149,0.0848,0.0863,0.3349,0.2235,0.1923,0.2854,0.1492,0.1737,0.1453,0.0972,0.0979,0.1519,0.0897,0.0859,0.0869,0.2128,0.1484,0.4279,0.1034,0.1291,0.177,0.1372,0.2789,0.1326,0.0868,0.0887,0.3218,0.1189,0.328,0.1599,0.2322,0.152,0.2016,0.3423,0.1367,0.2638,0.0856,0.0865,0.087,0.0907,0.0854,0.0864,0.0861,0.0851,0.0859,0.0855,0.0847,0.0868,0.0842
,20:34:16,48,0.085,0.0858,0.0868,0.0913,0.0871,0.0864,0.0861,0.0857,0.0861,0.0849,0.0861,0.0852,0.0943,0.1268,0.1002,0.1291,0.1592,0.1371,0.1234,0.1244,0.0947,0.0875,0.1161,0.0852,0.0867,0.0802,0.1398,0.1243,0.1736,0.1019,0.1233,0.1348,0.1089,0.1321,0.0969,0.0843,0.0853,0.125,0.1151,0.1899,0.1038,0.1099,0.0996,0.0951,0.1405,0.1417,0.1141,0.0846,0.0854,0.3333,0.221,0.1908,0.2853,0.149,0.1728,0.1447,0.0965,0.0972,0.1511,0.0889,0.0858,0.0862,0.2125,0.1482,0.427,0.103,0.1283,0.1766,0.1361,0.2773,0.1316,0.0864,0.0886,0.3206,0.1182,0.3273,0.1592,0.2307,0.1519,0.2009,0.3425,0.1369,0.2632,0.0847,0.086,0.0864,0.0904,0.0846,0.086,0.0857,0.0843,0.0853,0.0849,0.0848,0.0862,0.0837
,20:39:16,47.9,0.0853,0.0858,0.0867,0.091,0.0872,0.0868,0.0862,0.0858,0.0864,0.0846,0.0865,0.0853,0.0953,0.1269,0.1004,0.1292,0.1593,0.137,0.1234,0.1245,0.0945,0.0875,0.1165,0.0855,0.087,0.0801,0.1396,0.1248,0.1739,0.1015,0.1233,0.1345,0.1092,0.1317,0.0969,0.0844,0.0855,0.125,0.1156,0.1902,0.1038,0.1101,0.0997,0.0956,0.1404,0.142,0.1146,0.0845,0.0857,0.3346,0.2195,0.1913,0.2838,0.1485,0.1732,0.1446,0.0968,0.0977,0.1513,0.0894,0.0857,0.0866,0.2125,0.1474,0.4258,0.103,0.1287,0.1758,0.1363,0.2766,0.1321,0.0866,0.0888,0.3202,0.1184,0.3276,0.1585,0.2311,0.1516,0.2016,0.3396,0.1368,0.264,0.0851,0.0861,0.0865,0.0903,0.0846,0.0862,0.0864,0.0844,0.0855,0.085,0.0844,0.0865,0.0839
,20:44:16,48,0.0854,0.0862,0.0871,0.0916,0.0876,0.0873,0.0861,0.0864,0.087,0.0852,0.0866,0.0859,0.095,0.1277,0.1004,0.1293,0.1596,0.137,0.1235,0.1242,0.0947,0.0874,0.1165,0.0848,0.0872,0.0802,0.139,0.1247,0.1742,0.1017,0.1239,0.1352,0.1094,0.1322,0.097,0.0847,0.0855,0.1252,0.1159,0.19,0.104,0.1103,0.1003,0.0956,0.1402,0.1424,0.1151,0.0847,0.0858,0.3343,0.2247,0.1906,0.2843,0.149,0.1727,0.1451,0.0969,0.098,0.1512,0.0894,0.0855,0.0871,0.2127,0.1483,0.426,0.1036,0.1281,0.1755,0.1357,0.2775,0.1328,0.0863,0.0891,0.3207,0.1187,0.3263,0.1597,0.2299,0.1514,0.2013,0.341,0.1376,0.2649,0.0856,0.0858,0.0863,0.0905,0.085,0.0867,0.0864,0.0846,0.0857,0.085,0.085,0.0872,0.0836
,20:49:16,48,0.0861,0.0863,0.0875,0.0915,0.088,0.0877,0.0866,0.0863,0.087,0.0853,0.0868,0.0862,0.0956,0.1273,0.1012,0.13,0.1594,0.1374,0.1238,0.1248,0.0951,0.0877,0.1169,0.0857,0.0876,0.081,0.1402,0.1248,0.1741,0.1024,0.124,0.1356,0.1098,0.1321,0.0971,0.0849,0.0858,0.1254,0.1157,0.1899,0.1042,0.1107,0.1003,0.0955,0.1404,0.1422,0.1146,0.0851,0.0859,0.3329,0.2294,0.1902,0.2838,0.1487,0.1734,0.1456,0.0973,0.0979,0.1504,0.0896,0.0857,0.0869,0.212,0.1487,0.4254,0.1034,0.1285,0.1751,0.136,0.276,0.1329,0.0867,0.0893,0.3197,0.1189,0.3266,0.1592,0.2296,0.1526,0.1994,0.3414,0.1375,0.2626,0.0857,0.0864,0.0872,0.0904,0.0856,0.0868,0.0868,0.0851,0.0857,0.0855,0.0851,0.0869,0.0843
,20:54:16,48,0.0855,0.086,0.0869,0.0916,0.0877,0.0871,0.0862,0.0862,0.0863,0.0851,0.0868,0.0859,0.0951,0.1269,0.1006,0.1292,0.159,0.1368,0.1233,0.1246,0.0952,0.0876,0.1162,0.0851,0.087,0.08,0.1395,0.1244,0.1735,0.1018,0.1232,0.1348,0.1096,0.1322,0.0971,0.0844,0.0851,0.1252,0.1154,0.19,0.1038,0.1101,0.0996,0.0953,0.14,0.142,0.1146,0.0841,0.0859,0.3324,0.2279,0.1902,0.2835,0.1485,0.1724,0.1439,0.0974,0.0975,0.1502,0.0894,0.0859,0.087,0.2109,0.1478,0.4249,0.1033,0.1278,0.1749,0.1359,0.2761,0.133,0.0861,0.0887,0.3187,0.1177,0.3267,0.1586,0.2295,0.1517,0.1989,0.3403,0.1369,0.2628,0.085,0.0859,0.0869,0.0904,0.0851,0.0863,0.086,0.0846,0.0857,0.0846,0.0847,0.0869,0.0833
,20:59:16,48,0.0851,0.0854,0.0865,0.091,0.0869,0.0868,0.0859,0.086,0.0857,0.085,0.0866,0.0855,0.0948,0.1273,0.1003,0.1292,0.1589,0.1364,0.1233,0.124,0.0943,0.0871,0.1161,0.0849,0.087,0.0806,0.1392,0.1243,0.1738,0.1017,0.1231,0.1344,0.109,0.1316,0.0965,0.0843,0.0852,0.1247,0.1156,0.1891,0.1037,0.1098,0.0996,0.095,0.1402,0.1416,0.1143,0.0844,0.0854,0.3324,0.2386,0.1899,0.282,0.1481,0.1716,0.1446,0.0966,0.0974,0.1496,0.0889,0.0855,0.0864,0.2123,0.1473,0.4244,0.1028,0.1278,0.1746,0.135,0.2758,0.1324,0.0859,0.0887,0.3179,0.1179,0.3258,0.1588,0.2285,0.151,0.1981,0.3405,0.1374,0.263,0.0854,0.0859,0.0865,0.09,0.0846,0.0863,0.0862,0.0848,0.0854,0.0847,0.0843,0.0864,0.0831
,21:04:16,47.9,0.0855,0.0861,0.087,0.0915,0.0875,0.0881,0.0862,0.0863,0.0866,0.0851,0.0867,0.0857,0.0952,0.1274,0.1003,0.1291,0.1591,0.1371,0.1235,0.1247,0.095,0.0874,0.1169,0.0852,0.0873,0.0806,0.139,0.1245,0.1733,0.1022,0.1235,0.1349,0.1089,0.1319,0.0968,0.0849,0.0855,0.1249,0.1155,0.1899,0.104,0.1103,0.1005,0.0954,0.1405,0.1427,0.1144,0.0848,0.0864,0.3314,0.2402,0.1899,0.2821,0.148,0.1718,0.145,0.0966,0.0979,0.1493,0.0899,0.0858,0.0868,0.2111,0.1478,0.4236,0.1036,0.1284,0.1761,0.1356,0.2761,0.1328,0.0866,0.0887,0.3167,0.1182,0.3265,0.1599,0.2289,0.1513,0.1977,0.3408,0.137,0.2632,0.0856,0.0863,0.0868,0.0906,0.085,0.0865,0.0867,0.0848,0.0859,0.0851,0.0848,0.0865,0.0837
,21:09:16,48,0.0855,0.0862,0.0873,0.0917,0.0874,0.0879,0.0863,0.0861,0.0866,0.085,0.0865,0.0854,0.0949,0.127,0.1003,0.1293,0.1598,0.137,0.1235,0.1242,0.0951,0.0872,0.1168,0.0851,0.0876,0.081,0.1393,0.1246,0.1729,0.1016,0.1236,0.1346,0.1091,0.1317,0.0972,0.0851,0.0855,0.1251,0.1159,0.1896,0.1041,0.1105,0.0998,0.095,0.1399,0.1418,0.115,0.085,0.086,0.3319,0.239,0.1891,0.2818,0.1472,0.172,0.1449,0.0966,0.0976,0.1496,0.0896,0.0858,0.0871,0.2111,0.1473,0.4249,0.1039,0.1277,0.1745,0.1351,0.2745,0.1327,0.0867,0.0885,0.3168,0.1175,0.3257,0.1586,0.2275,0.1513,0.1976,0.3397,0.1373,0.2648,0.0859,0.0862,0.0868,0.0906,0.0852,0.0866,0.0861,0.0849,0.0859,0.0854,0.085,0.0871,0.0836
,21:14:16,48,0.0857,0.0863,0.0873,0.0915,0.0877,0.0877,0.0865,0.0863,0.0867,0.0855,0.0867,0.0865,0.0952,0.1273,0.1006,0.1293,0.1592,0.137,0.1236,0.1243,0.0951,0.0875,0.1171,0.0854,0.0877,0.0809,0.1393,0.1245,0.1727,0.1023,0.1233,0.1349,0.1095,0.1311,0.0973,0.0847,0.0856,0.125,0.1159,0.1899,0.1039,0.1104,0.1006,0.0956,0.1402,0.1418,0.1148,0.0852,0.0861,0.3325,0.2383,0.1886,0.2805,0.1474,0.1724,0.145,0.097,0.098,0.1493,0.0895,0.0865,0.0869,0.2114,0.1479,0.424,0.104,0.1275,0.1766,0.1348,0.2748,0.1331,0.0863,0.0892,0.3163,0.1182,0.3247,0.1576,0.2277,0.151,0.1976,0.3396,0.137,0.2633,0.0854,0.0858,0.0871,0.0909,0.0852,0.0865,0.0862,0.085,0.0859,0.0855,0.085,0.0868,0.0838
,21:19:16,48,0.0857,0.0859,0.0871,0.0912,0.0873,0.0875,0.0862,0.0859,0.086,0.0847,0.0867,0.0851,0.0947,0.1272,0.1001,0.1287,0.1589,0.1368,0.1234,0.1244,0.0948,0.087,0.1164,0.085,0.0872,0.0805,0.1394,0.1238,0.1724,0.1016,0.123,0.1344,0.1086,0.1312,0.0971,0.0842,0.0856,0.1247,0.1153,0.1889,0.1037,0.1097,0.0999,0.095,0.1394,0.1422,0.114,0.0848,0.0854,0.3308,0.2406,0.1887,0.28,0.1462,0.171,0.1445,0.0964,0.0972,0.1481,0.0896,0.0858,0.0863,0.2099,0.1465,0.4238,0.1034,0.1271,0.1736,0.1342,0.2735,0.1319,0.0863,0.0886,0.3166,0.1173,0.325,0.158,0.2271,0.1513,0.1969,0.3395,0.1366,0.2625,0.0851,0.0862,0.0862,0.0902,0.0849,0.0864,0.0861,0.0839,0.0857,0.0849,0.0849,0.0863,0.083
,21:24:16,48,0.0854,0.0861,0.0873,0.0912,0.0873,0.0873,0.0864,0.0863,0.0867,0.0851,0.0865,0.0857,0.0951,0.1272,0.1003,0.1292,0.1591,0.1367,0.123,0.124,0.095,0.087,0.1167,0.0853,0.0869,0.0807,0.139,0.1242,0.1724,0.1017,0.1234,0.1342,0.1086,0.1309,0.0968,0.0845,0.0854,0.1244,0.1154,0.1893,0.1036,0.1098,0.1002,0.0948,0.1399,0.1421,0.1144,0.0846,0.0862,0.3302,0.2395,0.1875,0.2801,0.1462,0.1712,0.1446,0.0964,0.0975,0.149,0.09,0.0858,0.0866,0.2098,0.1467,0.4227,0.1034,0.127,0.1748,0.1353,0.2733,0.1325,0.0863,0.0889,0.3149,0.1173,0.3238,0.1583,0.2252,0.1506,0.1962,0.339,0.1365,0.2633,0.0854,0.0865,0.0866,0.0901,0.0851,0.0864,0.0864,0.0849,0.0854,0.0851,0.0847,0.0864,0.083
,21:29:16,47.9,0.0855,0.0859,0.0871,0.0915,0.0877,0.0879,0.086,0.0859,0.0868,0.0855,0.0867,0.0859,0.0951,0.1271,0.1001,0.1292,0.1591,0.1369,0.1236,0.1243,0.095,0.0875,0.1167,0.0856,0.0873,0.081,0.1386,0.1243,0.172,0.1017,0.1233,0.1346,0.1089,0.1314,0.0971,0.0848,0.0856,0.1247,0.1151,0.1897,0.104,0.1105,0.1003,0.0952,0.1402,0.1424,0.1145,0.0848,0.0863,0.3309,0.2472,0.1879,0.2795,0.1468,0.171,0.1449,0.0969,0.0977,0.1497,0.0897,0.0863,0.0869,0.2107,0.1469,0.4221,0.104,0.1272,0.175,0.1353,0.2733,0.133,0.0864,0.0889,0.3139,0.1169,0.3229,0.1583,0.2253,0.1513,0.1963,0.3395,0.1371,0.2638,0.0854,0.086,0.0866,0.0905,0.0854,0.0867,0.0866,0.085,0.0859,0.0854,0.0852,0.0862,0.084
,21:34:16,48,0.0861,0.0864,0.0872,0.0919,0.0875,0.0874,0.0866,0.0867,0.0864,0.0854,0.087,0.0856,0.0951,0.1271,0.1005,0.1292,0.159,0.1366,0.1235,0.1245,0.0951,0.0876,0.1165,0.0855,0.0876,0.0807,0.1391,0.1241,0.1721,0.1016,0.1232,0.1346,0.1087,0.1309,0.0977,0.0847,0.0858,0.1248,0.1159,0.189,0.1039,0.1109,0.1003,0.095,0.1398,0.142,0.1145,0.0848,0.0862,0.3304,0.2486,0.1873,0.2794,0.1461,0.1711,0.1454,0.097,0.0978,0.1484,0.0898,0.0866,0.087,0.2101,0.1464,0.4231,0.104,0.1266,0.174,0.1345,0.2739,0.133,0.0869,0.0891,0.3149,0.1176,0.3229,0.1577,0.2258,0.1511,0.1953,0.3394,0.1371,0.262,0.0852,0.0864,0.0867,0.0905,0.0853,0.0862,0.086,0.0851,0.0857,0.0853,0.0852,0.0868,0.0836
,21:39:16,47.9,0.0857,0.0857,0.0871,0.0916,0.0873,0.0874,0.086,0.0862,0.0864,0.0847,0.0867,0.0852,0.0945,0.1271,0.0999,0.1291,0.1592,0.1365,0.1237,0.1237,0.0946,0.0869,0.1163,0.0857,0.0868,0.0806,0.139,0.1236,0.1716,0.1016,0.1225,0.1342,0.1082,0.1304,0.0972,0.0848,0.0853,0.1248,0.1154,0.1886,0.1033,0.1103,0.1,0.0948,0.1398,0.1421,0.1141,0.0844,0.0852,0.3296,0.2874,0.1858,0.2789,0.1454,0.1705,0.1446,0.0966,0.0972,0.1481,0.0892,0.0854,0.0864,0.2091,0.1461,0.4219,0.1032,0.1262,0.1742,0.1344,0.2722,0.1333,0.0862,0.0887,0.3133,0.1172,0.3229,0.1574,0.2253,0.151,0.1944,0.3399,0.137,0.2614,0.0851,0.0856,0.0865,0.0904,0.0848,0.0864,0.0859,0.0847,0.0855,0.0849,0.0846,0.0863,0.0827
,21:44:16,48,0.0857,0.0861,0.0873,0.0918,0.0876,0.0876,0.0867,0.0864,0.0871,0.0856,0.0867,0.0857,0.0954,0.1274,0.1004,0.1297,0.1595,0.1369,0.1237,0.1243,0.0949,0.0878,0.1167,0.0852,0.0879,0.0808,0.1392,0.1239,0.172,0.102,0.1233,0.1347,0.1089,0.1302,0.0969,0.0847,0.0856,0.1246,0.1156,0.1887,0.1033,0.1104,0.1,0.0953,0.1398,0.1425,0.1145,0.0849,0.086,0.3287,0.2627,0.1859,0.2788,0.146,0.1715,0.1447,0.0963,0.0976,0.1475,0.0894,0.0863,0.0871,0.2098,0.1464,0.4227,0.1035,0.1269,0.1743,0.1342,0.2727,0.1331,0.0867,0.089,0.3131,0.1175,0.3232,0.1581,0.2249,0.151,0.1947,0.3391,0.1374,0.2626,0.0857,0.0864,0.0871,0.0907,0.0855,0.0867,0.086,0.0851,0.0857,0.0851,0.0851,0.0871,0.083
,21:49:16,48,0.0852,0.0852,0.0863,0.0907,0.0867,0.0868,0.0857,0.0857,0.0861,0.0849,0.0861,0.0848,0.0945,0.1265,0.0995,0.1289,0.1588,0.1353,0.1226,0.1236,0.0946,0.0865,0.116,0.0845,0.0865,0.0805,0.1387,0.1235,0.1706,0.1014,0.1222,0.134,0.1082,0.1297,0.0964,0.0838,0.0851,0.1244,0.1151,0.1881,0.1033,0.1096,0.0997,0.0946,0.1391,0.1418,0.1141,0.0844,0.0856,0.3284,0.2581,0.1859,0.2777,0.1441,0.1705,0.1441,0.096,0.0976,0.1464,0.0891,0.0855,0.0865,0.2082,0.1446,0.4213,0.1035,0.1253,0.173,0.1335,0.2705,0.1322,0.0857,0.0883,0.3114,0.1167,0.3223,0.1573,0.2239,0.1503,0.1948,0.3378,0.1365,0.2612,0.0848,0.0857,0.0866,0.0901,0.0846,0.0859,0.0856,0.0843,0.0849,0.0846,0.0843,0.086,0.0826
,21:54:16,47.9,0.0852,0.0858,0.0866,0.0908,0.087,0.0869,0.0861,0.0855,0.0861,0.0848,0.0861,0.0852,0.0947,0.1261,0.0996,0.1288,0.1585,0.1362,0.1227,0.124,0.0941,0.0875,0.116,0.085,0.0871,0.0805,0.1387,0.1237,0.1706,0.1015,0.1229,0.1343,0.1085,0.1298,0.0967,0.0845,0.0854,0.1241,0.1147,0.1883,0.1031,0.1097,0.1001,0.0946,0.1391,0.1415,0.1137,0.0843,0.0859,0.329,0.2588,0.1851,0.2774,0.1446,0.1703,0.1445,0.0962,0.0972,0.1474,0.0888,0.0856,0.0868,0.2093,0.145,0.4199,0.1037,0.1254,0.1736,0.1331,0.27,0.1324,0.0859,0.0884,0.3115,0.1168,0.3226,0.1572,0.2229,0.1508,0.1944,0.3389,0.1367,0.2607,0.0855,0.086,0.0868,0.09,0.0846,0.086,0.0858,0.0841,0.0857,0.0847,0.0849,0.0858,0.0829
,21:59:16,48,0.0858,0.0859,0.0872,0.0915,0.0871,0.0874,0.0865,0.0859,0.0866,0.0855,0.0864,0.0856,0.0949,0.1266,0.0995,0.129,0.1591,0.1362,0.1237,0.1241,0.0946,0.0872,0.1164,0.0854,0.0875,0.0806,0.1384,0.1235,0.1708,0.1019,0.1231,0.1344,0.1083,0.1301,0.0969,0.085,0.0858,0.1245,0.1155,0.1886,0.1037,0.1101,0.0999,0.095,0.1397,0.1421,0.1141,0.0846,0.0863,0.3292,0.2564,0.1854,0.2773,0.1446,0.1701,0.1451,0.0969,0.0975,0.1474,0.0896,0.086,0.087,0.2091,0.1454,0.42,0.1036,0.1254,0.1726,0.1338,0.2708,0.1328,0.086,0.0887,0.3115,0.1171,0.3214,0.1575,0.2241,0.1509,0.1953,0.339,0.137,0.2631,0.0853,0.0862,0.0868,0.0904,0.0854,0.0864,0.0862,0.0849,0.0858,0.0848,0.0849,0.0915,0.0831
,22:04:16,48,0.0849,0.0858,0.0866,0.0912,0.0874,0.0872,0.086,0.0857,0.0861,0.0852,0.0866,0.0853,0.0948,0.1264,0.0995,0.1284,0.1588,0.136,0.1229,0.1236,0.0942,0.087,0.1163,0.0848,0.0869,0.0803,0.1383,0.1232,0.1702,0.1013,0.1225,0.1341,0.1079,0.1295,0.0964,0.0844,0.0858,0.1242,0.1147,0.1876,0.103,0.1093,0.1,0.0944,0.1389,0.1421,0.1139,0.0841,0.0858,0.3284,0.2562,0.1844,0.2769,0.1437,0.1695,0.1446,0.0957,0.0974,0.1471,0.0889,0.0858,0.0866,0.2093,0.1448,0.4201,0.1032,0.1254,0.1728,0.1332,0.2693,0.1324,0.086,0.0886,0.3108,0.116,0.3206,0.1567,0.2224,0.15,0.1945,0.3389,0.1361,0.2614,0.0848,0.0861,0.0866,0.0899,0.0844,0.0861,0.086,0.0848,0.0856,0.0849,0.0848,0.0862,0.0827
,,,,,,,,,,,,,,,,,,,,,,,,,,,,,,,,,,,,,,,,,,,,,,,,,,,,,,,,,,,,,,,,,,,,,,,,,,,,,,,,,,,,,,,,,,,,,,,,,,
Results,,,,,,,,,,,,,,,,,,,,,,,,,,,,,,,,,,,,,,,,,,,,,,,,,,,,,,,,,,,,,,,,,,,,,,,,,,,,,,,,,,,,,,,,,,,,,,,,,,
,,,,,,,,,,,,,,,,,,,,,,,,,,,,,,,,,,,,,,,,,,,,,,,,,,,,,,,,,,,,,,,,,,,,,,,,,,,,,,,,,,,,,,,,,,,,,,,,,,
,,1,2,3,4,5,6,7,8,9,10,11,12,,,,,,,,,,,,,,,,,,,,,,,,,,,,,,,,,,,,,,,,,,,,,,,,,,,,,,,,,,,,,,,,,,,,,,,,,,,,,,,,,,,,,
,A,-0.058,-0.048,-0.05,0.134,0.048,0.312,0.05,-0.058,0.052,-0.05,0.054,-0.074,Max V [600],,,,,,,,,,,,,,,,,,,,,,,,,,,,,,,,,,,,,,,,,,,,,,,,,,,,,,,,,,,,,,,,,,,,,,,,,,,,,,,,,,,,
,,0.906,0.917,0.751,0.965,0.809,0.51,0.977,0.858,0.744,0.564,0.836,0.464,R-Squared [600],,,,,,,,,,,,,,,,,,,,,,,,,,,,,,,,,,,,,,,,,,,,,,,,,,,,,,,,,,,,,,,,,,,,,,,,,,,,,,,,,,,,
,,18:34:16,6:49:16,14:44:16,0:34:16,2:29:16,4:24:16,2:39:16,21:44:16,4:59:16,14:44:16,10:54:16,0:14:16,t at Max V [600],,,,,,,,,,,,,,,,,,,,,,,,,,,,,,,,,,,,,,,,,,,,,,,,,,,,,,,,,,,,,,,,,,,,,,,,,,,,,,,,,,,,
,,18:20:49,6:38:26,14:45:04,0:18:18,2:32:11,4:28:57,2:51:16,21:45:59,5:03:30,14:30:40,11:06:07,?????,Lagtime [600],,,,,,,,,,,,,,,,,,,,,,,,,,,,,,,,,,,,,,,,,,,,,,,,,,,,,,,,,,,,,,,,,,,,,,,,,,,,,,,,,,,,
,B,0.346,0.488,0.458,0.504,0.768,0.63,0.42,0.4,0.124,0.13,0.344,-0.054,Max V [600],,,,,,,,,,,,,,,,,,,,,,,,,,,,,,,,,,,,,,,,,,,,,,,,,,,,,,,,,,,,,,,,,,,,,,,,,,,,,,,,,,,,
,,0.87,0.997,0.998,0.998,0.997,0.999,0.999,0.998,0.994,0.501,0.998,0.723,R-Squared [600],,,,,,,,,,,,,,,,,,,,,,,,,,,,,,,,,,,,,,,,,,,,,,,,,,,,,,,,,,,,,,,,,,,,,,,,,,,,,,,,,,,,
,,2:29:16,0:24:16,0:24:16,0:24:16,0:29:16,0:24:16,0:24:16,0:24:16,0:24:16,8:09:16,0:34:16,3:09:16,t at Max V [600],,,,,,,,,,,,,,,,,,,,,,,,,,,,,,,,,,,,,,,,,,,,,,,,,,,,,,,,,,,,,,,,,,,,,,,,,,,,,,,,,,,,
,,2:20:50,0:11:51,0:12:50,0:10:39,0:13:04,0:08:20,0:09:33,0:09:13,0:11:12,7:53:16,0:11:36,3:09:38,Lagtime [600],,,,,,,,,,,,,,,,,,,,,,,,,,,,,,,,,,,,,,,,,,,,,,,,,,,,,,,,,,,,,,,,,,,,,,,,,,,,,,,,,,,,
,C,0.044,-0.05,0.494,0.632,0.9,0.22,0.632,0.506,0.386,0.754,0.2,0.05,Max V [600],,,,,,,,,,,,,,,,,,,,,,,,,,,,,,,,,,,,,,,,,,,,,,,,,,,,,,,,,,,,,,,,,,,,,,,,,,,,,,,,,,,,
,,0.511,0.414,0.995,0.999,0.998,0.997,0.999,0.994,0.991,0.998,0.994,0.608,R-Squared [600],,,,,,,,,,,,,,,,,,,,,,,,,,,,,,,,,,,,,,,,,,,,,,,,,,,,,,,,,,,,,,,,,,,,,,,,,,,,,,,,,,,,
,,2:34:16,4:39:16,0:29:16,0:29:16,0:29:16,0:24:16,0:24:16,0:24:16,0:29:16,0:24:16,0:24:16,8:19:16,t at Max V [600],,,,,,,,,,,,,,,,,,,,,,,,,,,,,,,,,,,,,,,,,,,,,,,,,,,,,,,,,,,,,,,,,,,,,,,,,,,,,,,,,,,,
,,2:41:32,4:30:52,0:08:20,0:14:44,0:07:09,0:12:38,0:09:31,0:13:55,0:13:25,0:09:20,0:08:46,8:19:40,Lagtime [600],,,,,,,,,,,,,,,,,,,,,,,,,,,,,,,,,,,,,,,,,,,,,,,,,,,,,,,,,,,,,,,,,,,,,,,,,,,,,,,,,,,,
,D,0.066,0.398,0.252,1.072,0.358,0.254,0.276,0.48,0.598,0.54,0.398,-0.064,Max V [600],,,,,,,,,,,,,,,,,,,,,,,,,,,,,,,,,,,,,,,,,,,,,,,,,,,,,,,,,,,,,,,,,,,,,,,,,,,,,,,,,,,,
,,0.997,0.997,0.999,0.999,1,0.992,0.998,0.99,1,0.989,0.999,0.948,R-Squared [600],,,,,,,,,,,,,,,,,,,,,,,,,,,,,,,,,,,,,,,,,,,,,,,,,,,,,,,,,,,,,,,,,,,,,,,,,,,,,,,,,,,,
,,6:59:16,0:24:16,0:24:16,0:24:16,0:24:16,0:24:16,0:24:16,0:24:16,0:29:16,0:24:16,0:24:16,18:09:16,t at Max V [600],,,,,,,,,,,,,,,,,,,,,,,,,,,,,,,,,,,,,,,,,,,,,,,,,,,,,,,,,,,,,,,,,,,,,,,,,,,,,,,,,,,,
,,7:08:58,0:04:28,0:08:28,0:09:52,0:10:21,0:07:34,0:09:51,0:09:21,0:09:22,0:05:43,0:08:20,17:56:46,Lagtime [600],,,,,,,,,,,,,,,,,,,,,,,,,,,,,,,,,,,,,,,,,,,,,,,,,,,,,,,,,,,,,,,,,,,,,,,,,,,,,,,,,,,,
,E,-0.06,0.95,2.054,0.854,2.84,0.936,0.444,0.64,0.178,0.348,0.572,0.046,Max V [600],,,,,,,,,,,,,,,,,,,,,,,,,,,,,,,,,,,,,,,,,,,,,,,,,,,,,,,,,,,,,,,,,,,,,,,,,,,,,,,,,,,,
,,0.827,0.999,0.671,0.999,0.999,0.998,0.998,0.994,0.996,0.973,0.999,0.756,R-Squared [600],,,,,,,,,,,,,,,,,,,,,,,,,,,,,,,,,,,,,,,,,,,,,,,,,,,,,,,,,,,,,,,,,,,,,,,,,,,,,,,,,,,,
,,14:44:16,1:04:16,21:29:16,0:44:16,0:44:16,0:54:16,0:34:16,0:49:16,0:29:16,2:09:16,1:09:16,14:24:16,t at Max V [600],,,,,,,,,,,,,,,,,,,,,,,,,,,,,,,,,,,,,,,,,,,,,,,,,,,,,,,,,,,,,,,,,,,,,,,,,,,,,,,,,,,,
,,14:40:36,0:16:48,20:18:53,0:15:21,0:13:38,0:15:44,0:16:07,0:18:59,0:12:05,0:58:45,0:26:18,14:30:47,Lagtime [600],,,,,,,,,,,,,,,,,,,,,,,,,,,,,,,,,,,,,,,,,,,,,,,,,,,,,,,,,,,,,,,,,,,,,,,,,,,,,,,,,,,,
,F,0.048,-0.066,0.87,0.862,2.48,0.166,0.882,0.718,0.632,1.036,0.278,-0.05,Max V [600],,,,,,,,,,,,,,,,,,,,,,,,,,,,,,,,,,,,,,,,,,,,,,,,,,,,,,,,,,,,,,,,,,,,,,,,,,,,,,,,,,,,
,,0.55,0.917,0.999,1,1,0.994,0.999,0.999,0.998,0.997,0.999,0.596,R-Squared [600],,,,,,,,,,,,,,,,,,,,,,,,,,,,,,,,,,,,,,,,,,,,,,,,,,,,,,,,,,,,,,,,,,,,,,,,,,,,,,,,,,,,
,,8:19:16,14:44:16,0:59:16,0:44:16,0:49:16,0:29:16,0:49:16,1:04:16,1:24:16,1:24:16,0:24:16,21:44:16,t at Max V [600],,,,,,,,,,,,,,,,,,,,,,,,,,,,,,,,,,,,,,,,,,,,,,,,,,,,,,,,,,,,,,,,,,,,,,,,,,,,,,,,,,,,
,,8:13:26,14:46:05,0:20:28,0:13:36,0:15:01,0:12:38,0:14:37,0:14:36,0:23:59,0:23:44,0:11:06,21:35:52,Lagtime [600],,,,,,,,,,,,,,,,,,,,,,,,,,,,,,,,,,,,,,,,,,,,,,,,,,,,,,,,,,,,,,,,,,,,,,,,,,,,,,,,,,,,
,G,-0.06,1.576,0.374,1.13,1.204,0.78,0.532,1.452,0.966,0.424,0.688,-0.068,Max V [600],,,,,,,,,,,,,,,,,,,,,,,,,,,,,,,,,,,,,,,,,,,,,,,,,,,,,,,,,,,,,,,,,,,,,,,,,,,,,,,,,,,,
,,0.577,1,0.999,0.999,0.999,0.997,1,1,0.999,0.999,0.998,0.675,R-Squared [600],,,,,,,,,,,,,,,,,,,,,,,,,,,,,,,,,,,,,,,,,,,,,,,,,,,,,,,,,,,,,,,,,,,,,,,,,,,,,,,,,,,,
,,6:49:16,0:59:16,0:49:16,1:09:16,0:39:16,1:09:16,0:49:16,0:59:16,1:04:16,0:24:16,1:24:16,14:44:16,t at Max V [600],,,,,,,,,,,,,,,,,,,,,,,,,,,,,,,,,,,,,,,,,,,,,,,,,,,,,,,,,,,,,,,,,,,,,,,,,,,,,,,,,,,,
,,6:45:56,0:17:00,0:13:46,0:16:36,0:14:50,0:17:36,0:16:43,0:15:31,0:19:05,0:09:47,0:32:31,14:48:05,Lagtime [600],,,,,,,,,,,,,,,,,,,,,,,,,,,,,,,,,,,,,,,,,,,,,,,,,,,,,,,,,,,,,,,,,,,,,,,,,,,,,,,,,,,,
,H,0.056,0.052,-0.058,0.044,-0.058,-0.066,0.056,-0.064,0.05,0.122,0.21,0.094,Max V [600],,,,,,,,,,,,,,,,,,,,,,,,,,,,,,,,,,,,,,,,,,,,,,,,,,,,,,,,,,,,,,,,,,,,,,,,,,,,,,,,,,,,
,,0.903,0.758,0.831,0.852,0.787,0.833,0.721,0.859,0.959,0.693,0.663,0.91,R-Squared [600],,,,,,,,,,,,,,,,,,,,,,,,,,,,,,,,,,,,,,,,,,,,,,,,,,,,,,,,,,,,,,,,,,,,,,,,,,,,,,,,,,,,
,,17:14:16,9:59:16,0:14:16,20:09:16,18:09:16,14:44:16,6:59:16,6:49:16,21:04:16,0:59:16,15:34:16,11:59:16,t at Max V [600],,,,,,,,,,,,,,,,,,,,,,,,,,,,,,,,,,,,,,,,,,,,,,,,,,,,,,,,,,,,,,,,,,,,,,,,,,,,,,,,,,,,
,,17:32:29,10:10:02,?????,20:18:49,18:00:18,14:37:54,7:06:46,6:47:05,21:05:04,0:56:29,15:30:39,12:04:48,Lagtime [600],,,,,,,,,,,,,,,,,,,,,,,,,,,,,,,,,,,,,,,,,,,,,,,,,,,,,,,,,,,,,,,,,,,,,,,,,,,,,,,,,,,,
