Software Version,3.11.19,,,,,,,,,,,,,,,,,,,,,,,,,,,,,,,,,,,,,,,,,,,,,,,,,,,,,,,,,,,,,,,,,,,,,,,,,,,,,,,,,,,,,,,,,,,,,,,,,
,,,,,,,,,,,,,,,,,,,,,,,,,,,,,,,,,,,,,,,,,,,,,,,,,,,,,,,,,,,,,,,,,,,,,,,,,,,,,,,,,,,,,,,,,,,,,,,,,,
Experiment File Path:,C:\Users\jelab\Documents\Gen 5\Edward Liu\Experiment10.xpt,,,,,,,,,,,,,,,,,,,,,,,,,,,,,,,,,,,,,,,,,,,,,,,,,,,,,,,,,,,,,,,,,,,,,,,,,,,,,,,,,,,,,,,,,,,,,,,,,
Protocol File Path:,C:\Users\jelab\Documents\Gen 5\Edward Liu\synergy prot\synergyRIFRxT 48c.prt,,,,,,,,,,,,,,,,,,,,,,,,,,,,,,,,,,,,,,,,,,,,,,,,,,,,,,,,,,,,,,,,,,,,,,,,,,,,,,,,,,,,,,,,,,,,,,,,,
Plate Number,Plate 3,,,,,,,,,,,,,,,,,,,,,,,,,,,,,,,,,,,,,,,,,,,,,,,,,,,,,,,,,,,,,,,,,,,,,,,,,,,,,,,,,,,,,,,,,,,,,,,,,
Date,23/03/2026,,,,,,,,,,,,,,,,,,,,,,,,,,,,,,,,,,,,,,,,,,,,,,,,,,,,,,,,,,,,,,,,,,,,,,,,,,,,,,,,,,,,,,,,,,,,,,,,,
Time,10:29:43 AM,,,,,,,,,,,,,,,,,,,,,,,,,,,,,,,,,,,,,,,,,,,,,,,,,,,,,,,,,,,,,,,,,,,,,,,,,,,,,,,,,,,,,,,,,,,,,,,,,
Reader Type:,Synergy HT,,,,,,,,,,,,,,,,,,,,,,,,,,,,,,,,,,,,,,,,,,,,,,,,,,,,,,,,,,,,,,,,,,,,,,,,,,,,,,,,,,,,,,,,,,,,,,,,,
Reader Serial Number:,271552,,,,,,,,,,,,,,,,,,,,,,,,,,,,,,,,,,,,,,,,,,,,,,,,,,,,,,,,,,,,,,,,,,,,,,,,,,,,,,,,,,,,,,,,,,,,,,,,,
Reading Type,Reader,,,,,,,,,,,,,,,,,,,,,,,,,,,,,,,,,,,,,,,,,,,,,,,,,,,,,,,,,,,,,,,,,,,,,,,,,,,,,,,,,,,,,,,,,,,,,,,,,
,,,,,,,,,,,,,,,,,,,,,,,,,,,,,,,,,,,,,,,,,,,,,,,,,,,,,,,,,,,,,,,,,,,,,,,,,,,,,,,,,,,,,,,,,,,,,,,,,,
Procedure Details,,,,,,,,,,,,,,,,,,,,,,,,,,,,,,,,,,,,,,,,,,,,,,,,,,,,,,,,,,,,,,,,,,,,,,,,,,,,,,,,,,,,,,,,,,,,,,,,,,
Plate Type,96 WELL PLATE,,,,,,,,,,,,,,,,,,,,,,,,,,,,,,,,,,,,,,,,,,,,,,,,,,,,,,,,,,,,,,,,,,,,,,,,,,,,,,,,,,,,,,,,,,,,,,,,,
Set Temperature,Setpoint 48°C,,,,,,,,,,,,,,,,,,,,,,,,,,,,,,,,,,,,,,,,,,,,,,,,,,,,,,,,,,,,,,,,,,,,,,,,,,,,,,,,,,,,,,,,,,,,,,,,,
,Preheat before moving to next step,,,,,,,,,,,,,,,,,,,,,,,,,,,,,,,,,,,,,,,,,,,,,,,,,,,,,,,,,,,,,,,,,,,,,,,,,,,,,,,,,,,,,,,,,,,,,,,,,
Start Kinetic,"Runtime 22:00:00 (HH:MM:SS), Interval 0:05:00, 265 Reads",,,,,,,,,,,,,,,,,,,,,,,,,,,,,,,,,,,,,,,,,,,,,,,,,,,,,,,,,,,,,,,,,,,,,,,,,,,,,,,,,,,,,,,,,,,,,,,,,
    Shake,"Medium, Continuous",,,,,,,,,,,,,,,,,,,,,,,,,,,,,,,,,,,,,,,,,,,,,,,,,,,,,,,,,,,,,,,,,,,,,,,,,,,,,,,,,,,,,,,,,,,,,,,,,
    Read,Absorbance Endpoint,,,,,,,,,,,,,,,,,,,,,,,,,,,,,,,,,,,,,,,,,,,,,,,,,,,,,,,,,,,,,,,,,,,,,,,,,,,,,,,,,,,,,,,,,,,,,,,,,
,Full Plate,,,,,,,,,,,,,,,,,,,,,,,,,,,,,,,,,,,,,,,,,,,,,,,,,,,,,,,,,,,,,,,,,,,,,,,,,,,,,,,,,,,,,,,,,,,,,,,,,
,Wavelengths:  600,,,,,,,,,,,,,,,,,,,,,,,,,,,,,,,,,,,,,,,,,,,,,,,,,,,,,,,,,,,,,,,,,,,,,,,,,,,,,,,,,,,,,,,,,,,,,,,,,
,Read Speed: Normal,,,,,,,,,,,,,,,,,,,,,,,,,,,,,,,,,,,,,,,,,,,,,,,,,,,,,,,,,,,,,,,,,,,,,,,,,,,,,,,,,,,,,,,,,,,,,,,,,
End Kinetic,,,,,,,,,,,,,,,,,,,,,,,,,,,,,,,,,,,,,,,,,,,,,,,,,,,,,,,,,,,,,,,,,,,,,,,,,,,,,,,,,,,,,,,,,,,,,,,,,,
,,,,,,,,,,,,,,,,,,,,,,,,,,,,,,,,,,,,,,,,,,,,,,,,,,,,,,,,,,,,,,,,,,,,,,,,,,,,,,,,,,,,,,,,,,,,,,,,,,
600,,,,,,,,,,,,,,,,,,,,,,,,,,,,,,,,,,,,,,,,,,,,,,,,,,,,,,,,,,,,,,,,,,,,,,,,,,,,,,,,,,,,,,,,,,,,,,,,,,
,,,,,,,,,,,,,,,,,,,,,,,,,,,,,,,,,,,,,,,,,,,,,,,,,,,,,,,,,,,,,,,,,,,,,,,,,,,,,,,,,,,,,,,,,,,,,,,,,,
,Time,T° 600,A1,A2,A3,A4,A5,A6,A7,A8,A9,A10,A11,A12,B1,B2,B3,B4,B5,B6,B7,B8,B9,B10,B11,B12,C1,C2,C3,C4,C5,C6,C7,C8,C9,C10,C11,C12,D1,D2,D3,D4,D5,D6,D7,D8,D9,D10,D11,D12,E1,E2,E3,E4,E5,E6,E7,E8,E9,E10,E11,E12,F1,F2,F3,F4,F5,F6,F7,F8,F9,F10,F11,F12,G1,G2,G3,G4,G5,G6,G7,G8,G9,G10,G11,G12,H1,H2,H3,H4,H5,H6,H7,H8,H9,H10,H11,H12
,0:00:00,48,0.087,0.087,0.087,0.088,0.088,0.088,0.09,0.088,0.087,0.086,0.084,0.088,0.094,0.134,0.103,0.103,0.127,0.141,0.137,0.094,0.1,0.098,0.097,0.088,0.087,0.111,0.105,0.11,0.121,0.11,0.117,0.103,0.113,0.106,0.098,0.091,0.089,0.096,0.107,0.11,0.082,0.101,0.114,0.114,0.154,0.096,0.112,0.091,0.089,0.115,0.1,0.105,0.119,0.116,0.1,0.103,0.114,0.1,0.107,0.088,0.088,0.123,0.099,0.122,0.111,0.101,0.108,0.102,0.104,0.096,0.099,0.088,0.088,0.1,0.113,0.102,0.089,0.104,0.119,0.114,0.12,0.095,0.108,0.087,0.088,0.087,0.093,0.087,0.088,0.096,0.093,0.088,0.088,0.087,0.091,0.089
,0:05:00,47.9,0.086,0.086,0.087,0.087,0.087,0.088,0.089,0.088,0.087,0.085,0.083,0.087,0.096,0.135,0.103,0.103,0.128,0.143,0.14,0.094,0.1,0.098,0.097,0.087,0.087,0.112,0.106,0.112,0.122,0.11,0.119,0.103,0.113,0.106,0.098,0.091,0.089,0.096,0.108,0.111,0.082,0.102,0.115,0.115,0.156,0.096,0.112,0.09,0.089,0.116,0.1,0.106,0.12,0.117,0.099,0.103,0.114,0.099,0.108,0.087,0.088,0.124,0.099,0.123,0.112,0.1,0.108,0.103,0.1,0.098,0.099,0.087,0.088,0.1,0.113,0.102,0.089,0.105,0.12,0.115,0.121,0.095,0.108,0.087,0.088,0.087,0.091,0.087,0.088,0.095,0.092,0.088,0.089,0.087,0.09,0.089
,0:10:00,48,0.087,0.087,0.087,0.087,0.087,0.088,0.09,0.088,0.087,0.086,0.083,0.087,0.096,0.138,0.105,0.105,0.132,0.149,0.144,0.094,0.101,0.1,0.098,0.088,0.087,0.114,0.107,0.113,0.125,0.112,0.122,0.104,0.116,0.108,0.099,0.091,0.089,0.096,0.111,0.112,0.082,0.103,0.118,0.117,0.161,0.097,0.114,0.092,0.089,0.119,0.101,0.107,0.123,0.119,0.101,0.104,0.115,0.1,0.109,0.088,0.089,0.127,0.101,0.126,0.113,0.101,0.11,0.103,0.101,0.097,0.1,0.087,0.089,0.1,0.117,0.104,0.089,0.106,0.123,0.116,0.123,0.095,0.109,0.087,0.088,0.087,0.092,0.087,0.088,0.096,0.092,0.087,0.089,0.087,0.09,0.088
,0:15:00,48,0.087,0.087,0.087,0.088,0.087,0.088,0.089,0.088,0.086,0.086,0.083,0.087,0.097,0.14,0.107,0.107,0.135,0.152,0.149,0.095,0.102,0.101,0.099,0.088,0.087,0.116,0.109,0.116,0.128,0.114,0.124,0.106,0.119,0.11,0.101,0.091,0.089,0.097,0.113,0.114,0.082,0.105,0.121,0.119,0.169,0.098,0.117,0.091,0.089,0.124,0.102,0.108,0.127,0.123,0.102,0.105,0.116,0.102,0.111,0.088,0.088,0.131,0.102,0.128,0.115,0.101,0.112,0.105,0.106,0.098,0.102,0.087,0.089,0.101,0.12,0.105,0.09,0.108,0.128,0.118,0.127,0.097,0.111,0.087,0.088,0.087,0.091,0.087,0.088,0.095,0.092,0.087,0.089,0.087,0.091,0.088
,0:20:00,48,0.086,0.087,0.087,0.087,0.087,0.088,0.089,0.088,0.087,0.086,0.083,0.087,0.096,0.142,0.108,0.108,0.139,0.156,0.152,0.096,0.103,0.103,0.1,0.088,0.087,0.119,0.111,0.119,0.13,0.117,0.127,0.108,0.122,0.112,0.103,0.09,0.089,0.098,0.116,0.116,0.082,0.106,0.123,0.123,0.176,0.099,0.12,0.091,0.089,0.128,0.103,0.109,0.133,0.128,0.104,0.106,0.117,0.103,0.114,0.088,0.089,0.135,0.104,0.134,0.118,0.102,0.115,0.107,0.108,0.099,0.103,0.087,0.088,0.102,0.125,0.108,0.089,0.111,0.134,0.121,0.133,0.097,0.114,0.087,0.088,0.087,0.091,0.086,0.089,0.095,0.092,0.087,0.088,0.087,0.09,0.088
,0:25:00,48,0.087,0.087,0.087,0.088,0.087,0.088,0.089,0.088,0.086,0.085,0.083,0.087,0.097,0.145,0.109,0.109,0.143,0.162,0.157,0.097,0.105,0.104,0.101,0.088,0.087,0.122,0.113,0.121,0.134,0.119,0.13,0.109,0.124,0.115,0.103,0.091,0.089,0.099,0.118,0.119,0.083,0.108,0.126,0.125,0.183,0.1,0.123,0.091,0.089,0.134,0.104,0.112,0.138,0.135,0.107,0.108,0.119,0.106,0.117,0.088,0.089,0.14,0.106,0.141,0.122,0.104,0.118,0.109,0.107,0.101,0.105,0.088,0.089,0.103,0.13,0.111,0.089,0.114,0.141,0.124,0.14,0.098,0.117,0.087,0.088,0.087,0.091,0.087,0.088,0.095,0.092,0.087,0.088,0.087,0.09,0.088
,0:30:00,47.9,0.086,0.087,0.087,0.087,0.087,0.088,0.089,0.088,0.086,0.085,0.083,0.087,0.096,0.148,0.111,0.11,0.147,0.166,0.161,0.097,0.106,0.105,0.102,0.087,0.087,0.125,0.116,0.123,0.136,0.121,0.133,0.111,0.127,0.116,0.103,0.091,0.089,0.101,0.121,0.121,0.082,0.109,0.128,0.126,0.189,0.101,0.125,0.09,0.088,0.139,0.105,0.114,0.145,0.14,0.109,0.109,0.12,0.107,0.12,0.088,0.088,0.145,0.108,0.147,0.125,0.105,0.121,0.111,0.11,0.103,0.107,0.087,0.088,0.104,0.135,0.113,0.089,0.116,0.148,0.126,0.146,0.099,0.12,0.087,0.088,0.087,0.091,0.086,0.088,0.095,0.092,0.087,0.088,0.087,0.09,0.088
,0:35:00,48,0.086,0.087,0.087,0.087,0.087,0.088,0.089,0.088,0.086,0.085,0.082,0.087,0.096,0.149,0.112,0.111,0.151,0.169,0.164,0.098,0.107,0.105,0.103,0.087,0.087,0.128,0.118,0.126,0.138,0.122,0.136,0.112,0.129,0.118,0.105,0.09,0.089,0.101,0.123,0.122,0.084,0.111,0.132,0.128,0.195,0.102,0.127,0.09,0.088,0.145,0.106,0.117,0.151,0.147,0.111,0.111,0.122,0.11,0.124,0.088,0.088,0.15,0.11,0.155,0.128,0.106,0.125,0.113,0.112,0.104,0.109,0.087,0.088,0.106,0.14,0.115,0.089,0.12,0.157,0.129,0.152,0.101,0.123,0.087,0.088,0.087,0.091,0.086,0.088,0.094,0.092,0.087,0.088,0.087,0.09,0.088
,0:40:00,48,0.086,0.087,0.088,0.087,0.087,0.088,0.089,0.088,0.086,0.085,0.083,0.087,0.096,0.151,0.112,0.112,0.153,0.172,0.166,0.098,0.108,0.107,0.103,0.087,0.086,0.129,0.119,0.128,0.139,0.124,0.138,0.114,0.13,0.119,0.105,0.09,0.089,0.103,0.125,0.123,0.084,0.113,0.134,0.13,0.2,0.103,0.129,0.091,0.089,0.151,0.108,0.119,0.159,0.155,0.114,0.113,0.123,0.112,0.129,0.088,0.088,0.156,0.112,0.162,0.132,0.108,0.129,0.115,0.116,0.107,0.111,0.087,0.088,0.106,0.145,0.118,0.089,0.123,0.165,0.131,0.159,0.102,0.127,0.087,0.088,0.087,0.091,0.086,0.088,0.095,0.092,0.087,0.089,0.087,0.09,0.088
,0:45:00,47.9,0.086,0.087,0.087,0.088,0.087,0.088,0.089,0.088,0.086,0.086,0.083,0.087,0.096,0.152,0.114,0.113,0.155,0.174,0.169,0.099,0.109,0.107,0.103,0.088,0.087,0.13,0.12,0.13,0.14,0.126,0.14,0.115,0.131,0.121,0.106,0.091,0.089,0.102,0.126,0.125,0.084,0.116,0.135,0.131,0.204,0.103,0.13,0.091,0.089,0.159,0.109,0.121,0.168,0.163,0.118,0.114,0.125,0.115,0.133,0.088,0.088,0.162,0.115,0.171,0.136,0.11,0.134,0.118,0.119,0.109,0.114,0.087,0.088,0.107,0.151,0.122,0.09,0.127,0.175,0.133,0.167,0.104,0.13,0.087,0.088,0.087,0.091,0.086,0.088,0.095,0.092,0.088,0.088,0.087,0.09,0.088
,0:50:00,47.9,0.087,0.087,0.087,0.088,0.087,0.088,0.089,0.088,0.086,0.085,0.083,0.087,0.096,0.153,0.114,0.113,0.156,0.176,0.171,0.1,0.109,0.108,0.104,0.088,0.087,0.131,0.121,0.131,0.141,0.127,0.141,0.117,0.132,0.122,0.107,0.09,0.09,0.102,0.127,0.125,0.084,0.114,0.136,0.132,0.206,0.104,0.131,0.091,0.089,0.167,0.111,0.124,0.178,0.172,0.121,0.116,0.127,0.118,0.138,0.088,0.089,0.168,0.119,0.179,0.14,0.112,0.138,0.122,0.123,0.112,0.116,0.087,0.089,0.108,0.158,0.125,0.09,0.132,0.185,0.136,0.175,0.105,0.134,0.087,0.088,0.087,0.091,0.087,0.088,0.095,0.092,0.087,0.088,0.087,0.091,0.088
,0:55:00,47.9,0.086,0.087,0.087,0.087,0.087,0.088,0.089,0.088,0.085,0.085,0.083,0.087,0.098,0.153,0.114,0.113,0.156,0.177,0.172,0.099,0.109,0.107,0.104,0.088,0.087,0.131,0.121,0.132,0.141,0.127,0.141,0.115,0.132,0.122,0.107,0.09,0.089,0.102,0.127,0.126,0.084,0.117,0.138,0.131,0.208,0.103,0.131,0.091,0.088,0.175,0.112,0.126,0.187,0.18,0.125,0.118,0.128,0.12,0.143,0.087,0.088,0.174,0.122,0.189,0.143,0.113,0.143,0.124,0.126,0.115,0.119,0.087,0.088,0.109,0.166,0.129,0.089,0.137,0.195,0.138,0.184,0.106,0.138,0.087,0.088,0.086,0.091,0.087,0.088,0.094,0.092,0.087,0.089,0.086,0.09,0.087
,1:00:00,47.9,0.086,0.087,0.087,0.087,0.087,0.088,0.089,0.088,0.086,0.086,0.083,0.087,0.096,0.154,0.114,0.113,0.157,0.178,0.173,0.099,0.11,0.108,0.104,0.088,0.087,0.131,0.121,0.132,0.141,0.128,0.142,0.118,0.132,0.123,0.107,0.09,0.089,0.102,0.128,0.126,0.084,0.117,0.138,0.131,0.21,0.104,0.132,0.09,0.088,0.185,0.114,0.128,0.198,0.19,0.128,0.119,0.129,0.123,0.148,0.088,0.088,0.182,0.126,0.2,0.147,0.115,0.149,0.128,0.13,0.118,0.121,0.087,0.089,0.109,0.175,0.134,0.089,0.143,0.208,0.14,0.193,0.108,0.144,0.087,0.088,0.087,0.091,0.086,0.088,0.094,0.092,0.087,0.089,0.087,0.091,0.087
,1:05:00,48,0.086,0.087,0.087,0.087,0.087,0.088,0.089,0.088,0.086,0.085,0.083,0.087,0.097,0.154,0.115,0.113,0.158,0.179,0.174,0.1,0.11,0.107,0.104,0.088,0.087,0.131,0.121,0.132,0.141,0.128,0.142,0.117,0.132,0.123,0.107,0.09,0.089,0.103,0.128,0.127,0.083,0.117,0.138,0.132,0.211,0.11,0.132,0.091,0.089,0.195,0.116,0.13,0.208,0.199,0.132,0.12,0.131,0.125,0.154,0.088,0.088,0.191,0.13,0.21,0.151,0.118,0.156,0.131,0.135,0.121,0.124,0.087,0.088,0.111,0.185,0.139,0.089,0.149,0.221,0.142,0.204,0.11,0.149,0.087,0.088,0.086,0.091,0.086,0.088,0.094,0.092,0.087,0.088,0.087,0.09,0.088
,1:10:00,48,0.086,0.087,0.087,0.088,0.087,0.088,0.089,0.088,0.086,0.085,0.083,0.087,0.097,0.154,0.115,0.113,0.158,0.18,0.175,0.1,0.111,0.108,0.104,0.088,0.087,0.132,0.121,0.133,0.141,0.128,0.143,0.117,0.133,0.123,0.108,0.09,0.09,0.103,0.128,0.127,0.083,0.117,0.14,0.132,0.212,0.104,0.132,0.091,0.088,0.205,0.117,0.132,0.218,0.209,0.136,0.122,0.132,0.128,0.161,0.088,0.088,0.2,0.134,0.222,0.155,0.12,0.163,0.135,0.139,0.124,0.128,0.087,0.088,0.111,0.196,0.146,0.089,0.155,0.234,0.144,0.214,0.112,0.156,0.087,0.088,0.087,0.091,0.086,0.088,0.094,0.092,0.087,0.088,0.087,0.09,0.088
,1:15:00,48,0.087,0.087,0.088,0.088,0.087,0.088,0.089,0.088,0.086,0.086,0.083,0.087,0.097,0.155,0.115,0.113,0.159,0.182,0.176,0.1,0.112,0.108,0.104,0.088,0.087,0.132,0.121,0.133,0.142,0.129,0.143,0.117,0.133,0.123,0.107,0.09,0.09,0.104,0.129,0.128,0.084,0.117,0.14,0.132,0.213,0.104,0.132,0.091,0.089,0.215,0.12,0.135,0.229,0.215,0.141,0.124,0.134,0.132,0.169,0.088,0.089,0.21,0.139,0.233,0.159,0.123,0.169,0.14,0.144,0.128,0.132,0.087,0.088,0.112,0.207,0.153,0.089,0.163,0.247,0.146,0.224,0.113,0.162,0.087,0.088,0.087,0.091,0.087,0.088,0.094,0.092,0.087,0.088,0.087,0.091,0.088
,1:20:00,47.9,0.087,0.087,0.088,0.088,0.087,0.088,0.089,0.094,0.086,0.085,0.083,0.087,0.096,0.155,0.115,0.113,0.158,0.182,0.177,0.1,0.112,0.108,0.104,0.088,0.087,0.132,0.121,0.133,0.141,0.129,0.143,0.116,0.133,0.123,0.109,0.09,0.09,0.103,0.128,0.128,0.084,0.118,0.14,0.133,0.213,0.104,0.133,0.091,0.088,0.224,0.121,0.137,0.235,0.219,0.144,0.125,0.136,0.136,0.178,0.088,0.089,0.22,0.144,0.244,0.163,0.125,0.177,0.145,0.149,0.132,0.137,0.087,0.088,0.113,0.219,0.16,0.089,0.171,0.255,0.148,0.234,0.116,0.17,0.087,0.088,0.087,0.092,0.086,0.088,0.094,0.092,0.088,0.088,0.087,0.091,0.088
,1:25:00,48,0.086,0.087,0.087,0.088,0.087,0.088,0.089,0.088,0.086,0.085,0.083,0.087,0.096,0.155,0.115,0.113,0.159,0.182,0.177,0.1,0.112,0.108,0.104,0.088,0.087,0.132,0.121,0.133,0.141,0.129,0.144,0.117,0.134,0.123,0.107,0.09,0.092,0.103,0.129,0.128,0.084,0.118,0.14,0.133,0.214,0.105,0.133,0.091,0.089,0.228,0.123,0.139,0.24,0.225,0.148,0.128,0.137,0.139,0.187,0.088,0.089,0.231,0.148,0.249,0.167,0.128,0.184,0.149,0.154,0.137,0.141,0.087,0.088,0.114,0.231,0.168,0.089,0.18,0.263,0.149,0.24,0.117,0.178,0.087,0.088,0.087,0.092,0.086,0.088,0.094,0.092,0.087,0.088,0.087,0.091,0.087
,1:30:00,48,0.086,0.087,0.087,0.088,0.087,0.088,0.09,0.088,0.086,0.085,0.083,0.087,0.096,0.155,0.116,0.113,0.159,0.183,0.178,0.1,0.112,0.108,0.104,0.088,0.087,0.132,0.121,0.133,0.142,0.129,0.144,0.116,0.133,0.123,0.108,0.09,0.092,0.103,0.129,0.129,0.083,0.118,0.141,0.133,0.214,0.104,0.134,0.091,0.089,0.23,0.125,0.141,0.245,0.23,0.152,0.129,0.139,0.142,0.196,0.088,0.088,0.242,0.154,0.252,0.17,0.131,0.191,0.155,0.159,0.142,0.146,0.087,0.088,0.115,0.237,0.178,0.089,0.189,0.271,0.151,0.246,0.119,0.187,0.087,0.088,0.087,0.092,0.086,0.088,0.094,0.092,0.087,0.089,0.087,0.091,0.087
,1:35:00,48,0.087,0.087,0.087,0.087,0.087,0.088,0.089,0.088,0.086,0.085,0.083,0.086,0.096,0.156,0.116,0.114,0.159,0.183,0.177,0.1,0.113,0.108,0.104,0.088,0.087,0.132,0.122,0.133,0.141,0.129,0.144,0.118,0.133,0.123,0.107,0.09,0.09,0.103,0.129,0.129,0.083,0.118,0.141,0.133,0.214,0.104,0.134,0.091,0.088,0.234,0.127,0.143,0.249,0.236,0.156,0.13,0.141,0.146,0.204,0.088,0.089,0.253,0.159,0.255,0.173,0.135,0.198,0.16,0.165,0.147,0.151,0.087,0.088,0.115,0.245,0.188,0.089,0.199,0.278,0.152,0.253,0.121,0.196,0.086,0.088,0.087,0.091,0.086,0.088,0.094,0.091,0.087,0.088,0.087,0.09,0.087
,1:40:00,47.9,0.087,0.087,0.087,0.088,0.087,0.088,0.089,0.088,0.086,0.086,0.083,0.087,0.096,0.156,0.116,0.114,0.159,0.183,0.178,0.1,0.113,0.108,0.104,0.087,0.087,0.132,0.122,0.133,0.142,0.13,0.144,0.118,0.133,0.123,0.109,0.09,0.09,0.104,0.129,0.129,0.084,0.117,0.141,0.133,0.215,0.111,0.134,0.091,0.089,0.237,0.129,0.145,0.253,0.242,0.161,0.133,0.143,0.15,0.208,0.088,0.089,0.262,0.165,0.258,0.177,0.139,0.202,0.166,0.17,0.153,0.157,0.087,0.088,0.117,0.253,0.198,0.089,0.208,0.286,0.154,0.26,0.123,0.204,0.087,0.088,0.087,0.091,0.087,0.088,0.094,0.092,0.087,0.088,0.087,0.091,0.088
,1:45:00,48,0.087,0.086,0.087,0.087,0.087,0.088,0.089,0.088,0.086,0.085,0.083,0.087,0.097,0.156,0.116,0.113,0.16,0.183,0.179,0.1,0.113,0.108,0.105,0.088,0.087,0.132,0.122,0.133,0.142,0.13,0.144,0.118,0.133,0.123,0.107,0.09,0.089,0.103,0.13,0.129,0.085,0.118,0.14,0.133,0.215,0.104,0.133,0.091,0.088,0.241,0.131,0.148,0.257,0.247,0.164,0.135,0.145,0.153,0.212,0.088,0.088,0.269,0.169,0.262,0.178,0.142,0.204,0.172,0.175,0.158,0.164,0.087,0.088,0.118,0.261,0.207,0.089,0.214,0.293,0.155,0.266,0.125,0.21,0.087,0.088,0.087,0.091,0.086,0.088,0.094,0.092,0.087,0.088,0.087,0.09,0.087
,1:50:00,48,0.087,0.087,0.087,0.088,0.088,0.088,0.089,0.088,0.086,0.085,0.083,0.087,0.096,0.157,0.117,0.113,0.16,0.184,0.179,0.1,0.113,0.109,0.104,0.088,0.087,0.133,0.122,0.134,0.142,0.13,0.144,0.118,0.133,0.124,0.108,0.09,0.089,0.107,0.13,0.129,0.085,0.118,0.141,0.134,0.216,0.105,0.135,0.091,0.088,0.245,0.134,0.15,0.261,0.252,0.169,0.137,0.148,0.157,0.217,0.088,0.088,0.275,0.175,0.266,0.181,0.146,0.207,0.178,0.178,0.165,0.17,0.087,0.088,0.119,0.272,0.213,0.089,0.219,0.3,0.157,0.271,0.126,0.214,0.087,0.088,0.087,0.092,0.086,0.088,0.094,0.092,0.087,0.088,0.087,0.091,0.087
,1:55:00,48,0.086,0.087,0.087,0.088,0.087,0.088,0.089,0.088,0.086,0.085,0.083,0.087,0.097,0.157,0.116,0.114,0.16,0.185,0.179,0.101,0.113,0.109,0.105,0.088,0.087,0.133,0.122,0.134,0.142,0.13,0.145,0.118,0.133,0.123,0.108,0.09,0.09,0.107,0.13,0.13,0.085,0.117,0.142,0.134,0.216,0.104,0.135,0.091,0.088,0.249,0.135,0.152,0.265,0.257,0.171,0.139,0.15,0.16,0.222,0.087,0.088,0.281,0.18,0.271,0.182,0.15,0.211,0.184,0.179,0.17,0.176,0.087,0.088,0.12,0.283,0.218,0.09,0.224,0.309,0.158,0.278,0.128,0.219,0.087,0.088,0.087,0.091,0.086,0.088,0.094,0.092,0.087,0.089,0.087,0.09,0.087
,2:00:00,47.9,0.087,0.087,0.087,0.088,0.087,0.088,0.089,0.088,0.086,0.086,0.083,0.087,0.096,0.157,0.117,0.114,0.159,0.185,0.18,0.101,0.113,0.108,0.105,0.088,0.087,0.133,0.122,0.134,0.142,0.131,0.145,0.118,0.133,0.124,0.108,0.09,0.09,0.104,0.13,0.13,0.084,0.118,0.142,0.134,0.216,0.104,0.134,0.091,0.089,0.253,0.136,0.154,0.269,0.261,0.174,0.141,0.152,0.163,0.227,0.087,0.089,0.287,0.182,0.276,0.183,0.155,0.214,0.188,0.181,0.174,0.179,0.087,0.088,0.121,0.294,0.223,0.089,0.23,0.317,0.16,0.285,0.13,0.225,0.087,0.088,0.087,0.091,0.086,0.089,0.094,0.092,0.087,0.088,0.087,0.091,0.088
,2:05:00,47.9,0.087,0.087,0.087,0.088,0.087,0.088,0.089,0.093,0.086,0.085,0.083,0.087,0.096,0.158,0.117,0.114,0.16,0.185,0.18,0.101,0.114,0.108,0.105,0.087,0.087,0.133,0.122,0.134,0.143,0.131,0.145,0.117,0.133,0.123,0.108,0.09,0.09,0.104,0.13,0.13,0.084,0.119,0.142,0.135,0.217,0.105,0.135,0.091,0.089,0.258,0.139,0.156,0.273,0.266,0.176,0.143,0.155,0.165,0.233,0.088,0.089,0.292,0.183,0.282,0.185,0.16,0.217,0.19,0.183,0.176,0.182,0.087,0.088,0.122,0.309,0.23,0.089,0.235,0.326,0.161,0.293,0.132,0.231,0.087,0.088,0.087,0.092,0.087,0.088,0.094,0.092,0.088,0.089,0.086,0.091,0.088
,2:10:00,48,0.087,0.087,0.087,0.088,0.087,0.088,0.089,0.088,0.086,0.085,0.083,0.087,0.096,0.158,0.117,0.114,0.16,0.184,0.181,0.101,0.114,0.108,0.104,0.088,0.087,0.134,0.122,0.134,0.143,0.131,0.145,0.117,0.134,0.123,0.108,0.09,0.09,0.106,0.13,0.131,0.084,0.118,0.143,0.135,0.217,0.113,0.135,0.09,0.089,0.262,0.14,0.158,0.277,0.27,0.177,0.145,0.157,0.167,0.237,0.088,0.088,0.298,0.184,0.287,0.188,0.165,0.221,0.192,0.185,0.178,0.185,0.087,0.088,0.123,0.322,0.237,0.089,0.241,0.335,0.162,0.3,0.134,0.238,0.087,0.088,0.087,0.092,0.087,0.089,0.094,0.092,0.088,0.088,0.086,0.091,0.088
,2:15:00,48,0.087,0.086,0.087,0.087,0.087,0.088,0.089,0.088,0.086,0.085,0.083,0.087,0.096,0.157,0.117,0.114,0.16,0.185,0.18,0.101,0.114,0.108,0.104,0.088,0.087,0.133,0.122,0.134,0.141,0.131,0.144,0.117,0.133,0.123,0.108,0.09,0.089,0.106,0.13,0.13,0.083,0.118,0.143,0.135,0.217,0.106,0.135,0.09,0.089,0.266,0.142,0.16,0.28,0.275,0.178,0.147,0.159,0.168,0.242,0.087,0.088,0.305,0.185,0.293,0.19,0.17,0.225,0.195,0.188,0.181,0.189,0.087,0.088,0.124,0.337,0.244,0.089,0.248,0.344,0.163,0.308,0.135,0.243,0.087,0.088,0.086,0.091,0.086,0.088,0.094,0.092,0.087,0.089,0.087,0.091,0.087
,2:20:00,47.9,0.087,0.087,0.087,0.088,0.087,0.088,0.089,0.092,0.086,0.085,0.083,0.087,0.096,0.158,0.117,0.115,0.16,0.185,0.18,0.101,0.115,0.108,0.105,0.088,0.087,0.134,0.123,0.135,0.143,0.131,0.145,0.117,0.133,0.124,0.109,0.091,0.09,0.105,0.13,0.131,0.084,0.119,0.143,0.135,0.217,0.114,0.136,0.091,0.089,0.272,0.144,0.162,0.285,0.28,0.18,0.147,0.162,0.17,0.247,0.088,0.089,0.312,0.187,0.299,0.193,0.177,0.228,0.198,0.19,0.184,0.193,0.087,0.088,0.126,0.353,0.251,0.089,0.254,0.353,0.165,0.317,0.137,0.25,0.087,0.088,0.087,0.092,0.087,0.089,0.094,0.092,0.087,0.089,0.087,0.091,0.087
,2:25:00,48,0.087,0.087,0.088,0.088,0.088,0.088,0.089,0.088,0.086,0.085,0.083,0.087,0.096,0.158,0.118,0.114,0.161,0.185,0.181,0.101,0.115,0.109,0.105,0.088,0.087,0.134,0.123,0.135,0.143,0.132,0.146,0.117,0.133,0.123,0.109,0.09,0.09,0.105,0.131,0.131,0.085,0.119,0.143,0.136,0.218,0.105,0.136,0.091,0.089,0.277,0.146,0.164,0.289,0.285,0.182,0.15,0.165,0.171,0.252,0.088,0.089,0.32,0.189,0.306,0.195,0.183,0.231,0.202,0.193,0.188,0.198,0.088,0.088,0.127,0.369,0.259,0.089,0.26,0.362,0.167,0.325,0.139,0.256,0.087,0.088,0.087,0.092,0.087,0.089,0.094,0.092,0.088,0.089,0.087,0.091,0.088
,2:30:00,48,0.087,0.087,0.088,0.088,0.088,0.088,0.089,0.088,0.086,0.086,0.082,0.087,0.098,0.158,0.118,0.114,0.161,0.185,0.181,0.101,0.114,0.109,0.105,0.088,0.087,0.134,0.123,0.135,0.143,0.132,0.146,0.117,0.133,0.124,0.108,0.09,0.091,0.105,0.131,0.131,0.083,0.12,0.144,0.135,0.218,0.105,0.136,0.091,0.089,0.282,0.148,0.165,0.293,0.29,0.183,0.152,0.167,0.172,0.257,0.088,0.088,0.327,0.192,0.312,0.196,0.189,0.235,0.205,0.196,0.191,0.203,0.087,0.088,0.128,0.387,0.267,0.09,0.267,0.371,0.167,0.335,0.141,0.263,0.087,0.088,0.087,0.092,0.087,0.089,0.094,0.092,0.087,0.089,0.087,0.091,0.088
,2:35:00,48,0.086,0.087,0.087,0.087,0.088,0.088,0.089,0.088,0.087,0.085,0.083,0.087,0.097,0.158,0.118,0.114,0.16,0.185,0.181,0.101,0.114,0.108,0.105,0.088,0.087,0.134,0.123,0.135,0.143,0.132,0.146,0.117,0.133,0.123,0.108,0.09,0.091,0.105,0.131,0.131,0.084,0.119,0.144,0.136,0.218,0.105,0.136,0.09,0.089,0.287,0.15,0.167,0.298,0.295,0.185,0.155,0.17,0.175,0.262,0.088,0.088,0.334,0.194,0.318,0.199,0.195,0.239,0.209,0.198,0.195,0.207,0.087,0.088,0.129,0.404,0.275,0.089,0.274,0.381,0.168,0.344,0.143,0.27,0.087,0.088,0.087,0.091,0.086,0.089,0.094,0.092,0.087,0.089,0.087,0.091,0.088
,2:40:00,48,0.086,0.087,0.087,0.088,0.087,0.088,0.089,0.088,0.086,0.085,0.082,0.087,0.096,0.158,0.118,0.114,0.16,0.185,0.181,0.101,0.114,0.108,0.105,0.087,0.087,0.134,0.123,0.135,0.143,0.132,0.146,0.117,0.133,0.123,0.109,0.09,0.091,0.105,0.131,0.131,0.083,0.119,0.146,0.136,0.218,0.105,0.136,0.09,0.088,0.293,0.151,0.168,0.301,0.301,0.186,0.155,0.172,0.174,0.266,0.088,0.088,0.342,0.197,0.324,0.2,0.2,0.242,0.212,0.201,0.199,0.212,0.087,0.088,0.13,0.42,0.284,0.089,0.281,0.39,0.169,0.353,0.144,0.278,0.087,0.088,0.087,0.091,0.086,0.088,0.094,0.092,0.087,0.088,0.087,0.091,0.088
,2:45:00,47.9,0.087,0.087,0.087,0.088,0.087,0.088,0.089,0.088,0.086,0.085,0.083,0.087,0.096,0.159,0.118,0.114,0.16,0.185,0.181,0.101,0.114,0.108,0.105,0.088,0.087,0.134,0.123,0.135,0.143,0.132,0.146,0.117,0.133,0.123,0.11,0.09,0.09,0.104,0.132,0.131,0.084,0.119,0.146,0.136,0.219,0.105,0.136,0.09,0.089,0.298,0.152,0.17,0.306,0.305,0.188,0.157,0.175,0.176,0.272,0.088,0.089,0.349,0.199,0.331,0.202,0.202,0.246,0.216,0.204,0.202,0.217,0.087,0.088,0.132,0.436,0.292,0.089,0.289,0.399,0.171,0.363,0.145,0.285,0.087,0.088,0.087,0.091,0.087,0.088,0.094,0.092,0.088,0.089,0.087,0.09,0.087
,2:50:00,47.9,0.087,0.087,0.088,0.088,0.088,0.088,0.089,0.089,0.086,0.086,0.083,0.088,0.096,0.159,0.118,0.115,0.161,0.185,0.182,0.102,0.115,0.108,0.105,0.088,0.087,0.135,0.123,0.135,0.143,0.132,0.146,0.117,0.133,0.124,0.108,0.09,0.091,0.105,0.132,0.132,0.083,0.12,0.146,0.136,0.22,0.106,0.137,0.091,0.089,0.304,0.154,0.172,0.31,0.313,0.19,0.158,0.178,0.177,0.277,0.088,0.089,0.357,0.2,0.336,0.204,0.203,0.25,0.219,0.207,0.206,0.222,0.087,0.088,0.134,0.453,0.302,0.089,0.297,0.408,0.172,0.373,0.147,0.294,0.087,0.088,0.087,0.092,0.087,0.089,0.094,0.092,0.088,0.089,0.087,0.091,0.088
,2:55:00,47.9,0.087,0.087,0.087,0.087,0.087,0.088,0.089,0.088,0.086,0.085,0.082,0.087,0.096,0.159,0.118,0.114,0.161,0.185,0.182,0.101,0.114,0.108,0.105,0.088,0.086,0.135,0.123,0.135,0.143,0.132,0.146,0.117,0.133,0.124,0.108,0.09,0.09,0.105,0.131,0.131,0.083,0.12,0.148,0.136,0.219,0.105,0.136,0.09,0.088,0.308,0.155,0.173,0.314,0.316,0.191,0.159,0.18,0.178,0.283,0.088,0.088,0.363,0.202,0.342,0.205,0.204,0.254,0.222,0.209,0.209,0.227,0.087,0.088,0.134,0.468,0.31,0.089,0.304,0.416,0.172,0.382,0.148,0.302,0.087,0.088,0.087,0.091,0.086,0.088,0.094,0.092,0.087,0.088,0.087,0.091,0.087
,3:00:00,47.9,0.086,0.087,0.087,0.087,0.087,0.088,0.089,0.087,0.086,0.085,0.083,0.087,0.096,0.159,0.119,0.114,0.161,0.185,0.182,0.101,0.114,0.109,0.105,0.088,0.087,0.135,0.123,0.135,0.143,0.132,0.146,0.117,0.133,0.124,0.108,0.09,0.09,0.104,0.132,0.131,0.083,0.12,0.148,0.136,0.22,0.105,0.137,0.09,0.089,0.314,0.157,0.174,0.319,0.323,0.192,0.161,0.183,0.18,0.288,0.088,0.088,0.37,0.204,0.348,0.204,0.206,0.258,0.226,0.212,0.213,0.231,0.087,0.088,0.138,0.484,0.319,0.089,0.312,0.425,0.173,0.391,0.149,0.31,0.087,0.088,0.087,0.092,0.086,0.089,0.094,0.092,0.087,0.089,0.087,0.091,0.087
,3:05:00,48,0.086,0.087,0.087,0.087,0.087,0.088,0.089,0.088,0.086,0.085,0.083,0.087,0.096,0.159,0.118,0.114,0.161,0.185,0.182,0.101,0.115,0.108,0.105,0.088,0.087,0.135,0.123,0.135,0.142,0.133,0.146,0.117,0.133,0.124,0.108,0.09,0.09,0.107,0.132,0.131,0.083,0.12,0.149,0.136,0.22,0.111,0.137,0.09,0.089,0.32,0.158,0.175,0.321,0.328,0.194,0.162,0.186,0.18,0.293,0.087,0.088,0.377,0.206,0.354,0.207,0.209,0.262,0.228,0.213,0.216,0.236,0.087,0.088,0.138,0.5,0.328,0.089,0.32,0.433,0.174,0.4,0.15,0.319,0.087,0.088,0.087,0.091,0.087,0.088,0.094,0.091,0.088,0.088,0.087,0.09,0.087
,3:10:00,48,0.087,0.086,0.087,0.087,0.087,0.088,0.089,0.088,0.086,0.085,0.083,0.087,0.094,0.159,0.118,0.115,0.161,0.186,0.182,0.101,0.115,0.108,0.105,0.087,0.087,0.135,0.123,0.135,0.142,0.133,0.147,0.117,0.134,0.124,0.109,0.09,0.089,0.105,0.132,0.131,0.082,0.119,0.15,0.136,0.22,0.105,0.137,0.09,0.088,0.324,0.16,0.175,0.327,0.335,0.195,0.164,0.189,0.181,0.299,0.088,0.088,0.383,0.209,0.36,0.208,0.212,0.267,0.233,0.217,0.22,0.242,0.087,0.088,0.14,0.516,0.336,0.089,0.328,0.441,0.174,0.408,0.15,0.33,0.087,0.088,0.086,0.091,0.086,0.088,0.094,0.092,0.087,0.088,0.087,0.09,0.087
,3:15:00,47.9,0.086,0.086,0.087,0.087,0.087,0.088,0.089,0.088,0.086,0.085,0.082,0.087,0.096,0.159,0.119,0.115,0.161,0.186,0.182,0.101,0.115,0.108,0.105,0.087,0.087,0.136,0.123,0.136,0.143,0.133,0.147,0.117,0.134,0.124,0.11,0.09,0.09,0.105,0.132,0.131,0.082,0.119,0.149,0.136,0.221,0.105,0.137,0.09,0.089,0.328,0.161,0.176,0.33,0.34,0.197,0.164,0.191,0.182,0.305,0.088,0.088,0.39,0.21,0.366,0.21,0.214,0.271,0.236,0.22,0.224,0.248,0.087,0.088,0.141,0.533,0.345,0.089,0.337,0.449,0.174,0.416,0.152,0.339,0.087,0.088,0.087,0.091,0.086,0.088,0.094,0.092,0.087,0.089,0.087,0.091,0.087
,3:20:00,47.9,0.087,0.087,0.087,0.087,0.088,0.088,0.089,0.088,0.087,0.085,0.082,0.087,0.095,0.159,0.119,0.114,0.161,0.186,0.182,0.101,0.114,0.108,0.106,0.087,0.087,0.135,0.123,0.135,0.143,0.133,0.147,0.117,0.133,0.124,0.108,0.09,0.09,0.105,0.132,0.131,0.082,0.119,0.149,0.137,0.221,0.105,0.137,0.09,0.089,0.336,0.163,0.177,0.335,0.347,0.199,0.165,0.193,0.183,0.31,0.087,0.088,0.397,0.214,0.374,0.212,0.218,0.277,0.24,0.225,0.228,0.255,0.087,0.088,0.143,0.549,0.353,0.089,0.345,0.457,0.176,0.425,0.152,0.349,0.087,0.088,0.087,0.091,0.086,0.088,0.094,0.092,0.087,0.088,0.087,0.09,0.087
,3:25:00,47.9,0.086,0.086,0.087,0.088,0.087,0.088,0.089,0.088,0.086,0.085,0.083,0.087,0.096,0.159,0.119,0.115,0.161,0.186,0.182,0.102,0.114,0.108,0.106,0.087,0.087,0.136,0.123,0.135,0.143,0.133,0.147,0.117,0.133,0.124,0.112,0.09,0.09,0.104,0.133,0.131,0.082,0.119,0.151,0.137,0.221,0.106,0.137,0.09,0.089,0.344,0.165,0.178,0.34,0.354,0.2,0.166,0.196,0.184,0.317,0.088,0.089,0.403,0.217,0.38,0.215,0.222,0.282,0.244,0.23,0.233,0.261,0.087,0.088,0.145,0.565,0.363,0.089,0.354,0.465,0.177,0.433,0.152,0.358,0.087,0.088,0.087,0.091,0.086,0.089,0.093,0.092,0.087,0.088,0.087,0.09,0.088
,3:30:00,47.9,0.087,0.087,0.087,0.088,0.087,0.088,0.089,0.088,0.086,0.085,0.083,0.087,0.096,0.16,0.119,0.115,0.161,0.187,0.182,0.101,0.115,0.109,0.106,0.088,0.087,0.136,0.123,0.136,0.143,0.133,0.147,0.117,0.134,0.124,0.109,0.09,0.09,0.105,0.133,0.131,0.082,0.119,0.15,0.137,0.221,0.105,0.138,0.09,0.089,0.352,0.165,0.179,0.343,0.36,0.202,0.166,0.198,0.185,0.323,0.088,0.089,0.409,0.222,0.386,0.216,0.226,0.288,0.249,0.233,0.237,0.268,0.087,0.088,0.148,0.58,0.372,0.089,0.362,0.472,0.178,0.44,0.154,0.368,0.087,0.088,0.087,0.091,0.087,0.088,0.094,0.092,0.088,0.089,0.087,0.091,0.087
,3:35:00,48,0.087,0.087,0.087,0.088,0.087,0.088,0.089,0.088,0.086,0.085,0.083,0.087,0.095,0.159,0.119,0.115,0.161,0.186,0.182,0.102,0.115,0.109,0.106,0.088,0.087,0.136,0.123,0.136,0.144,0.134,0.147,0.117,0.134,0.125,0.11,0.09,0.09,0.104,0.133,0.131,0.082,0.12,0.149,0.137,0.222,0.105,0.137,0.09,0.089,0.359,0.168,0.18,0.348,0.365,0.202,0.166,0.2,0.185,0.328,0.088,0.089,0.416,0.224,0.392,0.219,0.231,0.292,0.254,0.238,0.241,0.275,0.087,0.088,0.149,0.593,0.38,0.089,0.37,0.479,0.178,0.447,0.154,0.377,0.087,0.087,0.087,0.091,0.087,0.088,0.094,0.092,0.087,0.089,0.087,0.091,0.087
,3:40:00,48,0.087,0.087,0.087,0.088,0.087,0.088,0.089,0.088,0.086,0.086,0.082,0.087,0.096,0.16,0.12,0.115,0.161,0.187,0.182,0.102,0.114,0.109,0.106,0.088,0.087,0.137,0.124,0.136,0.144,0.134,0.147,0.117,0.134,0.125,0.112,0.09,0.09,0.104,0.133,0.131,0.082,0.12,0.151,0.137,0.222,0.109,0.138,0.09,0.089,0.364,0.169,0.18,0.351,0.373,0.205,0.168,0.203,0.187,0.333,0.088,0.089,0.421,0.228,0.397,0.219,0.235,0.299,0.258,0.242,0.246,0.283,0.087,0.088,0.152,0.606,0.389,0.089,0.378,0.485,0.178,0.455,0.155,0.386,0.087,0.088,0.087,0.091,0.086,0.088,0.094,0.092,0.087,0.089,0.087,0.091,0.088
,3:45:00,47.9,0.086,0.087,0.087,0.088,0.087,0.088,0.089,0.088,0.086,0.085,0.082,0.087,0.096,0.159,0.119,0.115,0.161,0.187,0.182,0.102,0.113,0.109,0.105,0.087,0.087,0.137,0.123,0.136,0.143,0.134,0.147,0.118,0.133,0.125,0.111,0.092,0.089,0.105,0.133,0.131,0.081,0.12,0.15,0.137,0.222,0.105,0.138,0.09,0.089,0.366,0.169,0.18,0.354,0.376,0.206,0.169,0.204,0.188,0.338,0.088,0.088,0.427,0.23,0.403,0.219,0.238,0.303,0.261,0.247,0.25,0.29,0.087,0.088,0.153,0.618,0.396,0.089,0.385,0.491,0.178,0.46,0.156,0.394,0.087,0.088,0.087,0.091,0.086,0.088,0.094,0.092,0.088,0.088,0.087,0.091,0.088
,3:50:00,48,0.086,0.087,0.087,0.088,0.087,0.088,0.089,0.088,0.086,0.086,0.082,0.087,0.096,0.159,0.12,0.115,0.161,0.187,0.182,0.102,0.115,0.108,0.106,0.088,0.087,0.137,0.124,0.136,0.144,0.135,0.147,0.118,0.134,0.125,0.11,0.091,0.09,0.104,0.133,0.131,0.082,0.12,0.153,0.137,0.222,0.106,0.138,0.09,0.089,0.374,0.169,0.181,0.358,0.383,0.207,0.168,0.207,0.188,0.343,0.088,0.089,0.432,0.234,0.408,0.222,0.243,0.308,0.266,0.251,0.255,0.298,0.087,0.088,0.156,0.63,0.405,0.089,0.393,0.496,0.179,0.467,0.157,0.401,0.087,0.088,0.087,0.091,0.086,0.088,0.094,0.092,0.087,0.088,0.087,0.091,0.088
,3:55:00,48,0.087,0.087,0.087,0.087,0.087,0.088,0.089,0.088,0.085,0.086,0.082,0.087,0.095,0.16,0.12,0.115,0.162,0.187,0.182,0.102,0.113,0.109,0.106,0.088,0.087,0.137,0.123,0.136,0.144,0.134,0.147,0.118,0.134,0.125,0.112,0.09,0.089,0.104,0.133,0.131,0.082,0.12,0.149,0.137,0.223,0.106,0.138,0.09,0.089,0.377,0.17,0.181,0.362,0.386,0.208,0.169,0.209,0.189,0.349,0.088,0.089,0.437,0.236,0.413,0.222,0.247,0.313,0.269,0.255,0.259,0.305,0.087,0.088,0.158,0.639,0.413,0.089,0.4,0.502,0.179,0.473,0.157,0.408,0.087,0.088,0.087,0.091,0.086,0.089,0.094,0.092,0.087,0.089,0.087,0.09,0.087
,4:00:00,48,0.086,0.087,0.087,0.087,0.087,0.088,0.089,0.088,0.086,0.085,0.082,0.087,0.095,0.16,0.12,0.115,0.161,0.188,0.183,0.102,0.115,0.109,0.106,0.087,0.087,0.138,0.123,0.136,0.144,0.135,0.147,0.117,0.134,0.125,0.109,0.09,0.089,0.104,0.134,0.131,0.082,0.12,0.148,0.137,0.222,0.105,0.138,0.09,0.089,0.382,0.171,0.181,0.364,0.393,0.211,0.168,0.21,0.189,0.353,0.088,0.088,0.443,0.239,0.417,0.22,0.251,0.318,0.274,0.259,0.263,0.313,0.087,0.088,0.16,0.647,0.419,0.089,0.407,0.506,0.179,0.479,0.157,0.415,0.087,0.088,0.086,0.091,0.086,0.088,0.094,0.091,0.087,0.089,0.087,0.09,0.087
,4:05:00,48,0.086,0.087,0.087,0.087,0.087,0.088,0.089,0.088,0.086,0.086,0.082,0.087,0.095,0.16,0.12,0.115,0.162,0.188,0.183,0.102,0.115,0.109,0.106,0.088,0.087,0.138,0.124,0.136,0.143,0.135,0.148,0.118,0.134,0.126,0.11,0.09,0.09,0.104,0.134,0.131,0.082,0.12,0.15,0.137,0.223,0.107,0.139,0.09,0.089,0.379,0.169,0.182,0.369,0.395,0.212,0.169,0.213,0.19,0.358,0.088,0.089,0.448,0.242,0.42,0.217,0.254,0.322,0.276,0.263,0.267,0.32,0.087,0.088,0.162,0.655,0.425,0.089,0.414,0.51,0.178,0.484,0.158,0.422,0.087,0.088,0.087,0.091,0.087,0.089,0.094,0.092,0.088,0.089,0.087,0.091,0.088
,4:10:00,48,0.086,0.087,0.087,0.087,0.087,0.088,0.089,0.088,0.086,0.085,0.082,0.087,0.096,0.16,0.12,0.115,0.162,0.189,0.183,0.102,0.115,0.109,0.106,0.088,0.087,0.138,0.124,0.136,0.144,0.135,0.147,0.117,0.134,0.125,0.111,0.09,0.089,0.104,0.134,0.131,0.082,0.12,0.151,0.137,0.222,0.106,0.138,0.09,0.089,0.381,0.17,0.181,0.37,0.402,0.213,0.169,0.215,0.19,0.362,0.088,0.089,0.453,0.246,0.422,0.215,0.257,0.325,0.279,0.265,0.273,0.326,0.087,0.088,0.165,0.662,0.431,0.089,0.419,0.514,0.179,0.487,0.158,0.428,0.087,0.088,0.087,0.091,0.086,0.088,0.093,0.091,0.088,0.089,0.087,0.091,0.087
,4:15:00,48,0.086,0.087,0.087,0.087,0.087,0.088,0.089,0.088,0.086,0.085,0.082,0.087,0.096,0.16,0.12,0.115,0.162,0.188,0.183,0.102,0.114,0.109,0.106,0.088,0.087,0.138,0.124,0.136,0.143,0.135,0.147,0.117,0.134,0.125,0.11,0.09,0.089,0.105,0.134,0.131,0.082,0.121,0.15,0.137,0.223,0.106,0.138,0.09,0.089,0.384,0.171,0.182,0.373,0.406,0.215,0.168,0.217,0.192,0.367,0.088,0.089,0.457,0.248,0.425,0.215,0.262,0.328,0.282,0.268,0.276,0.334,0.087,0.088,0.167,0.669,0.437,0.089,0.425,0.518,0.179,0.492,0.159,0.432,0.087,0.088,0.087,0.091,0.086,0.088,0.094,0.091,0.087,0.089,0.086,0.09,0.087
,4:20:00,47.9,0.087,0.087,0.087,0.088,0.087,0.088,0.089,0.088,0.086,0.086,0.082,0.087,0.095,0.16,0.12,0.115,0.162,0.189,0.183,0.102,0.114,0.109,0.106,0.088,0.087,0.138,0.124,0.136,0.144,0.135,0.148,0.118,0.134,0.126,0.11,0.091,0.09,0.104,0.134,0.131,0.082,0.12,0.152,0.138,0.223,0.106,0.139,0.091,0.089,0.39,0.17,0.182,0.376,0.409,0.216,0.168,0.219,0.193,0.371,0.088,0.089,0.463,0.254,0.43,0.219,0.268,0.334,0.286,0.272,0.28,0.342,0.087,0.088,0.17,0.677,0.444,0.09,0.431,0.521,0.179,0.497,0.16,0.438,0.087,0.088,0.087,0.092,0.087,0.089,0.094,0.092,0.088,0.089,0.087,0.091,0.088
,4:25:00,47.9,0.087,0.087,0.087,0.087,0.087,0.088,0.089,0.088,0.086,0.086,0.082,0.087,0.095,0.16,0.121,0.115,0.163,0.19,0.183,0.102,0.115,0.109,0.107,0.088,0.087,0.138,0.124,0.136,0.143,0.136,0.147,0.118,0.134,0.126,0.11,0.09,0.089,0.105,0.134,0.131,0.082,0.121,0.15,0.137,0.224,0.106,0.139,0.09,0.089,0.399,0.172,0.182,0.38,0.417,0.218,0.169,0.221,0.194,0.376,0.088,0.089,0.468,0.256,0.434,0.218,0.272,0.34,0.29,0.276,0.284,0.35,0.087,0.088,0.172,0.683,0.448,0.089,0.437,0.525,0.179,0.501,0.16,0.444,0.087,0.088,0.087,0.092,0.086,0.088,0.094,0.092,0.087,0.089,0.087,0.091,0.087
,4:30:00,48,0.086,0.086,0.087,0.087,0.087,0.088,0.089,0.088,0.086,0.085,0.082,0.086,0.094,0.16,0.12,0.115,0.162,0.189,0.183,0.102,0.115,0.108,0.106,0.088,0.086,0.138,0.124,0.136,0.144,0.135,0.147,0.117,0.134,0.125,0.111,0.09,0.089,0.104,0.134,0.131,0.082,0.12,0.149,0.137,0.223,0.105,0.138,0.09,0.089,0.399,0.172,0.182,0.38,0.421,0.219,0.168,0.223,0.194,0.381,0.088,0.088,0.472,0.258,0.436,0.219,0.276,0.341,0.292,0.278,0.288,0.357,0.087,0.088,0.173,0.687,0.454,0.089,0.442,0.528,0.179,0.504,0.16,0.448,0.087,0.087,0.086,0.091,0.086,0.088,0.094,0.091,0.087,0.088,0.087,0.09,0.087
,4:35:00,48,0.086,0.087,0.087,0.087,0.087,0.088,0.089,0.088,0.087,0.085,0.081,0.086,0.095,0.16,0.12,0.115,0.162,0.19,0.183,0.102,0.117,0.109,0.107,0.088,0.086,0.138,0.124,0.137,0.144,0.136,0.147,0.118,0.133,0.126,0.111,0.09,0.089,0.104,0.134,0.131,0.082,0.12,0.152,0.137,0.224,0.11,0.139,0.09,0.089,0.399,0.172,0.183,0.383,0.421,0.221,0.168,0.226,0.194,0.386,0.088,0.089,0.477,0.263,0.438,0.219,0.281,0.345,0.295,0.281,0.291,0.363,0.087,0.088,0.176,0.693,0.459,0.089,0.448,0.531,0.179,0.508,0.16,0.452,0.087,0.088,0.087,0.092,0.086,0.088,0.094,0.092,0.087,0.089,0.087,0.09,0.088
,4:40:00,48,0.086,0.087,0.087,0.088,0.087,0.088,0.089,0.088,0.086,0.085,0.081,0.087,0.096,0.16,0.12,0.115,0.162,0.19,0.183,0.102,0.114,0.108,0.107,0.088,0.087,0.139,0.124,0.137,0.144,0.136,0.147,0.118,0.134,0.126,0.113,0.09,0.09,0.105,0.134,0.131,0.082,0.121,0.151,0.137,0.224,0.106,0.139,0.09,0.089,0.401,0.173,0.183,0.387,0.425,0.223,0.167,0.228,0.195,0.388,0.088,0.089,0.48,0.266,0.441,0.219,0.286,0.349,0.299,0.283,0.295,0.37,0.087,0.088,0.179,0.696,0.463,0.089,0.453,0.535,0.18,0.513,0.161,0.458,0.087,0.088,0.087,0.091,0.086,0.088,0.094,0.092,0.087,0.089,0.087,0.09,0.088
,4:45:00,48,0.087,0.087,0.088,0.088,0.087,0.088,0.089,0.088,0.087,0.086,0.081,0.087,0.096,0.16,0.121,0.115,0.162,0.191,0.183,0.103,0.115,0.109,0.107,0.088,0.087,0.139,0.124,0.137,0.145,0.136,0.148,0.117,0.135,0.126,0.112,0.09,0.09,0.104,0.134,0.131,0.082,0.121,0.151,0.138,0.224,0.106,0.139,0.09,0.089,0.405,0.172,0.184,0.388,0.431,0.225,0.168,0.231,0.196,0.394,0.088,0.089,0.486,0.272,0.445,0.221,0.293,0.355,0.303,0.286,0.3,0.376,0.087,0.088,0.182,0.702,0.468,0.09,0.458,0.538,0.181,0.517,0.162,0.463,0.087,0.088,0.087,0.091,0.087,0.088,0.094,0.092,0.088,0.089,0.087,0.091,0.088
,4:50:00,48,0.087,0.087,0.087,0.087,0.087,0.088,0.089,0.088,0.086,0.085,0.08,0.087,0.096,0.16,0.121,0.115,0.162,0.191,0.183,0.102,0.114,0.109,0.106,0.088,0.086,0.139,0.124,0.136,0.144,0.136,0.148,0.118,0.134,0.125,0.112,0.09,0.089,0.104,0.134,0.131,0.082,0.12,0.153,0.137,0.224,0.106,0.139,0.09,0.089,0.411,0.173,0.182,0.391,0.435,0.227,0.167,0.232,0.197,0.396,0.088,0.088,0.488,0.278,0.448,0.223,0.298,0.358,0.306,0.289,0.303,0.382,0.087,0.088,0.184,0.706,0.472,0.089,0.461,0.539,0.179,0.519,0.162,0.465,0.087,0.088,0.086,0.091,0.086,0.088,0.094,0.091,0.087,0.089,0.087,0.091,0.087
,4:55:00,47.9,0.086,0.086,0.087,0.087,0.087,0.088,0.089,0.087,0.086,0.085,0.079,0.087,0.095,0.16,0.121,0.115,0.162,0.191,0.183,0.102,0.114,0.108,0.106,0.087,0.086,0.139,0.123,0.136,0.143,0.136,0.147,0.117,0.134,0.125,0.112,0.09,0.089,0.104,0.134,0.131,0.082,0.12,0.152,0.137,0.223,0.106,0.139,0.09,0.088,0.418,0.173,0.183,0.393,0.441,0.228,0.167,0.234,0.197,0.4,0.087,0.088,0.492,0.282,0.449,0.225,0.305,0.361,0.309,0.295,0.306,0.388,0.087,0.088,0.187,0.71,0.475,0.089,0.465,0.541,0.179,0.522,0.162,0.468,0.086,0.087,0.086,0.091,0.086,0.088,0.093,0.091,0.087,0.088,0.086,0.09,0.087
,5:00:00,47.9,0.087,0.087,0.087,0.087,0.087,0.088,0.089,0.088,0.086,0.086,0.079,0.087,0.096,0.16,0.121,0.115,0.161,0.191,0.183,0.102,0.115,0.109,0.106,0.087,0.087,0.14,0.124,0.136,0.144,0.136,0.147,0.118,0.134,0.126,0.112,0.09,0.089,0.104,0.134,0.131,0.082,0.121,0.154,0.137,0.224,0.106,0.139,0.09,0.089,0.417,0.173,0.184,0.393,0.441,0.23,0.166,0.238,0.199,0.403,0.087,0.089,0.495,0.285,0.451,0.226,0.31,0.365,0.311,0.297,0.31,0.393,0.087,0.088,0.19,0.714,0.479,0.089,0.469,0.544,0.18,0.525,0.163,0.472,0.087,0.088,0.087,0.091,0.086,0.088,0.093,0.092,0.087,0.089,0.087,0.091,0.087
,5:05:00,48,0.087,0.087,0.088,0.087,0.087,0.088,0.089,0.088,0.086,0.086,0.078,0.087,0.097,0.16,0.121,0.115,0.162,0.192,0.184,0.102,0.116,0.109,0.107,0.088,0.087,0.14,0.124,0.137,0.144,0.137,0.148,0.118,0.134,0.126,0.111,0.09,0.09,0.104,0.134,0.131,0.082,0.121,0.155,0.137,0.224,0.106,0.139,0.09,0.089,0.424,0.174,0.185,0.396,0.444,0.232,0.166,0.241,0.199,0.406,0.088,0.089,0.498,0.291,0.453,0.228,0.315,0.368,0.314,0.299,0.314,0.399,0.087,0.088,0.193,0.717,0.481,0.089,0.474,0.545,0.18,0.528,0.164,0.477,0.087,0.088,0.087,0.092,0.087,0.088,0.094,0.091,0.087,0.089,0.087,0.091,0.088
,5:10:00,47.9,0.086,0.087,0.087,0.087,0.087,0.088,0.089,0.087,0.086,0.086,0.077,0.087,0.094,0.16,0.121,0.115,0.161,0.192,0.183,0.102,0.114,0.109,0.106,0.087,0.087,0.14,0.124,0.136,0.144,0.136,0.148,0.118,0.134,0.125,0.11,0.09,0.089,0.104,0.134,0.131,0.082,0.12,0.149,0.137,0.224,0.106,0.139,0.09,0.088,0.424,0.173,0.184,0.396,0.447,0.234,0.165,0.243,0.2,0.41,0.087,0.088,0.499,0.296,0.456,0.227,0.319,0.372,0.316,0.301,0.316,0.404,0.087,0.088,0.196,0.72,0.482,0.089,0.477,0.546,0.179,0.531,0.164,0.48,0.087,0.087,0.086,0.091,0.086,0.088,0.093,0.092,0.087,0.088,0.086,0.09,0.087
,5:15:00,47.9,0.086,0.086,0.087,0.087,0.087,0.088,0.089,0.088,0.086,0.085,0.077,0.087,0.095,0.16,0.121,0.115,0.162,0.192,0.184,0.102,0.115,0.109,0.106,0.088,0.087,0.14,0.124,0.136,0.143,0.137,0.147,0.118,0.134,0.126,0.112,0.09,0.09,0.104,0.134,0.131,0.082,0.121,0.149,0.137,0.225,0.106,0.139,0.09,0.089,0.428,0.174,0.184,0.399,0.456,0.236,0.166,0.247,0.201,0.414,0.088,0.089,0.501,0.297,0.456,0.227,0.324,0.375,0.319,0.305,0.321,0.408,0.087,0.088,0.199,0.723,0.483,0.089,0.479,0.548,0.18,0.533,0.164,0.481,0.087,0.088,0.086,0.091,0.086,0.088,0.094,0.092,0.087,0.089,0.087,0.091,0.088
,5:20:00,48,0.086,0.087,0.087,0.087,0.087,0.088,0.089,0.088,0.086,0.086,0.077,0.087,0.095,0.16,0.121,0.115,0.162,0.193,0.184,0.102,0.114,0.109,0.107,0.088,0.087,0.14,0.124,0.136,0.144,0.137,0.147,0.118,0.134,0.125,0.112,0.09,0.089,0.104,0.134,0.131,0.082,0.121,0.148,0.137,0.225,0.106,0.139,0.09,0.089,0.426,0.174,0.184,0.399,0.458,0.238,0.165,0.251,0.202,0.415,0.088,0.089,0.503,0.301,0.456,0.227,0.328,0.377,0.321,0.303,0.324,0.411,0.087,0.088,0.201,0.724,0.484,0.089,0.481,0.549,0.18,0.535,0.164,0.483,0.087,0.088,0.086,0.091,0.086,0.088,0.094,0.092,0.087,0.089,0.087,0.091,0.087
,5:25:00,47.9,0.087,0.087,0.087,0.088,0.087,0.088,0.089,0.088,0.086,0.086,0.076,0.087,0.095,0.16,0.121,0.115,0.162,0.192,0.184,0.102,0.114,0.109,0.106,0.088,0.087,0.14,0.124,0.136,0.144,0.137,0.147,0.117,0.134,0.126,0.113,0.09,0.09,0.104,0.134,0.131,0.082,0.121,0.152,0.137,0.225,0.106,0.139,0.09,0.089,0.428,0.173,0.185,0.401,0.461,0.24,0.165,0.253,0.203,0.418,0.087,0.089,0.504,0.304,0.459,0.228,0.332,0.378,0.321,0.305,0.327,0.415,0.087,0.088,0.204,0.724,0.484,0.089,0.482,0.55,0.179,0.537,0.164,0.484,0.087,0.087,0.087,0.091,0.086,0.088,0.094,0.091,0.087,0.089,0.087,0.091,0.087
,5:30:00,47.9,0.086,0.087,0.087,0.087,0.087,0.088,0.089,0.088,0.085,0.086,0.076,0.087,0.095,0.16,0.121,0.115,0.162,0.193,0.184,0.102,0.115,0.108,0.107,0.088,0.087,0.14,0.124,0.136,0.145,0.137,0.148,0.118,0.134,0.126,0.111,0.09,0.089,0.104,0.134,0.131,0.082,0.12,0.152,0.137,0.225,0.106,0.139,0.09,0.089,0.429,0.173,0.184,0.402,0.462,0.24,0.163,0.256,0.203,0.421,0.087,0.088,0.505,0.307,0.461,0.228,0.335,0.381,0.324,0.31,0.329,0.418,0.087,0.088,0.208,0.725,0.486,0.089,0.484,0.551,0.179,0.539,0.165,0.489,0.087,0.087,0.087,0.091,0.086,0.088,0.094,0.091,0.087,0.089,0.086,0.09,0.088
,5:35:00,48,0.086,0.086,0.087,0.088,0.087,0.088,0.089,0.088,0.086,0.085,0.076,0.087,0.095,0.16,0.121,0.115,0.162,0.193,0.184,0.103,0.116,0.109,0.106,0.088,0.087,0.141,0.124,0.136,0.145,0.137,0.148,0.118,0.134,0.125,0.112,0.09,0.089,0.104,0.134,0.131,0.082,0.121,0.153,0.138,0.225,0.106,0.139,0.09,0.089,0.431,0.172,0.184,0.406,0.467,0.243,0.164,0.259,0.205,0.426,0.088,0.089,0.506,0.309,0.463,0.229,0.34,0.384,0.327,0.315,0.331,0.423,0.087,0.088,0.211,0.724,0.486,0.089,0.485,0.552,0.179,0.541,0.165,0.491,0.087,0.087,0.086,0.091,0.086,0.088,0.093,0.092,0.087,0.089,0.087,0.091,0.087
,5:40:00,48,0.087,0.087,0.087,0.087,0.087,0.088,0.089,0.088,0.086,0.086,0.076,0.087,0.095,0.161,0.122,0.115,0.162,0.193,0.185,0.103,0.115,0.109,0.107,0.088,0.087,0.141,0.124,0.136,0.145,0.137,0.148,0.118,0.134,0.126,0.113,0.09,0.09,0.104,0.134,0.131,0.082,0.12,0.154,0.137,0.226,0.106,0.139,0.09,0.089,0.433,0.172,0.184,0.406,0.47,0.245,0.164,0.265,0.206,0.427,0.088,0.089,0.507,0.313,0.465,0.227,0.343,0.386,0.329,0.32,0.335,0.427,0.087,0.088,0.213,0.724,0.488,0.089,0.487,0.553,0.179,0.543,0.166,0.493,0.087,0.088,0.087,0.092,0.086,0.089,0.094,0.092,0.087,0.089,0.087,0.091,0.087
,5:45:00,48,0.087,0.087,0.087,0.087,0.087,0.088,0.089,0.088,0.086,0.086,0.076,0.087,0.096,0.16,0.121,0.115,0.162,0.194,0.184,0.103,0.114,0.109,0.107,0.088,0.087,0.141,0.124,0.136,0.144,0.137,0.148,0.118,0.134,0.126,0.113,0.09,0.089,0.104,0.134,0.131,0.082,0.12,0.15,0.137,0.226,0.106,0.139,0.09,0.089,0.431,0.172,0.185,0.41,0.471,0.247,0.163,0.267,0.206,0.428,0.088,0.089,0.509,0.312,0.467,0.229,0.346,0.387,0.331,0.317,0.337,0.428,0.087,0.088,0.218,0.724,0.489,0.089,0.487,0.554,0.179,0.545,0.167,0.494,0.087,0.088,0.087,0.091,0.086,0.088,0.094,0.092,0.087,0.089,0.087,0.091,0.088
,5:50:00,47.9,0.087,0.086,0.087,0.087,0.087,0.088,0.089,0.088,0.085,0.085,0.075,0.086,0.094,0.16,0.121,0.115,0.162,0.194,0.185,0.103,0.114,0.109,0.107,0.087,0.087,0.141,0.124,0.136,0.144,0.137,0.148,0.118,0.134,0.126,0.113,0.09,0.089,0.104,0.134,0.131,0.082,0.12,0.153,0.137,0.226,0.106,0.139,0.09,0.089,0.433,0.171,0.184,0.409,0.472,0.248,0.161,0.27,0.207,0.43,0.088,0.089,0.509,0.314,0.468,0.228,0.347,0.387,0.331,0.321,0.339,0.43,0.087,0.087,0.221,0.723,0.492,0.089,0.488,0.554,0.178,0.546,0.166,0.496,0.087,0.088,0.086,0.091,0.086,0.088,0.094,0.091,0.087,0.089,0.087,0.091,0.087
,5:55:00,48,0.086,0.087,0.087,0.088,0.087,0.088,0.089,0.088,0.086,0.086,0.075,0.087,0.095,0.16,0.121,0.115,0.161,0.194,0.185,0.102,0.116,0.109,0.107,0.088,0.087,0.14,0.124,0.136,0.145,0.137,0.147,0.118,0.133,0.125,0.113,0.09,0.09,0.104,0.134,0.131,0.082,0.121,0.156,0.137,0.226,0.106,0.139,0.09,0.089,0.434,0.173,0.184,0.413,0.471,0.25,0.161,0.271,0.206,0.43,0.087,0.088,0.51,0.32,0.471,0.229,0.352,0.389,0.333,0.318,0.341,0.431,0.087,0.088,0.225,0.722,0.492,0.089,0.49,0.555,0.179,0.548,0.167,0.497,0.087,0.087,0.087,0.091,0.087,0.088,0.094,0.092,0.087,0.089,0.087,0.09,0.087
,6:00:00,48,0.086,0.087,0.087,0.087,0.087,0.088,0.089,0.088,0.086,0.086,0.075,0.087,0.094,0.16,0.121,0.115,0.161,0.194,0.185,0.103,0.114,0.109,0.107,0.088,0.087,0.141,0.124,0.136,0.145,0.138,0.148,0.118,0.133,0.125,0.113,0.09,0.089,0.104,0.134,0.131,0.082,0.121,0.152,0.137,0.226,0.106,0.139,0.09,0.089,0.436,0.171,0.185,0.418,0.477,0.251,0.161,0.277,0.208,0.433,0.088,0.088,0.51,0.318,0.47,0.228,0.354,0.391,0.334,0.325,0.343,0.434,0.087,0.088,0.228,0.721,0.493,0.089,0.491,0.555,0.178,0.549,0.167,0.498,0.087,0.088,0.086,0.091,0.086,0.088,0.094,0.092,0.087,0.089,0.087,0.09,0.088
,6:05:00,47.9,0.086,0.087,0.087,0.087,0.087,0.088,0.089,0.088,0.086,0.085,0.074,0.086,0.097,0.16,0.121,0.115,0.161,0.194,0.185,0.102,0.114,0.109,0.107,0.087,0.087,0.141,0.124,0.136,0.144,0.137,0.147,0.117,0.134,0.126,0.113,0.09,0.09,0.104,0.134,0.131,0.082,0.12,0.156,0.137,0.226,0.106,0.139,0.09,0.089,0.436,0.171,0.184,0.421,0.478,0.253,0.159,0.279,0.209,0.437,0.087,0.089,0.51,0.323,0.472,0.228,0.358,0.394,0.335,0.328,0.347,0.437,0.087,0.088,0.232,0.72,0.494,0.089,0.492,0.555,0.178,0.551,0.167,0.5,0.087,0.087,0.086,0.091,0.086,0.088,0.093,0.091,0.087,0.089,0.087,0.09,0.087
,6:10:00,48,0.087,0.087,0.088,0.088,0.087,0.088,0.089,0.088,0.086,0.086,0.075,0.087,0.094,0.16,0.122,0.115,0.161,0.195,0.185,0.103,0.114,0.109,0.107,0.088,0.087,0.141,0.124,0.137,0.145,0.138,0.148,0.118,0.134,0.126,0.113,0.09,0.09,0.104,0.134,0.131,0.082,0.121,0.156,0.137,0.227,0.106,0.139,0.09,0.089,0.436,0.171,0.185,0.422,0.481,0.255,0.161,0.283,0.209,0.438,0.088,0.089,0.512,0.32,0.472,0.229,0.361,0.394,0.336,0.329,0.347,0.437,0.087,0.088,0.236,0.719,0.496,0.089,0.494,0.555,0.179,0.552,0.167,0.501,0.087,0.088,0.087,0.092,0.087,0.088,0.094,0.092,0.088,0.089,0.087,0.091,0.088
,6:15:00,47.9,0.087,0.087,0.087,0.088,0.087,0.088,0.089,0.088,0.086,0.086,0.074,0.087,0.096,0.16,0.121,0.115,0.161,0.194,0.185,0.103,0.114,0.109,0.107,0.088,0.087,0.141,0.124,0.136,0.145,0.137,0.147,0.118,0.134,0.126,0.113,0.09,0.089,0.105,0.134,0.131,0.082,0.121,0.151,0.137,0.227,0.106,0.139,0.09,0.089,0.437,0.171,0.184,0.42,0.481,0.256,0.159,0.282,0.209,0.438,0.087,0.089,0.511,0.327,0.474,0.229,0.364,0.396,0.338,0.332,0.349,0.438,0.087,0.088,0.241,0.717,0.497,0.089,0.495,0.555,0.178,0.553,0.169,0.503,0.087,0.087,0.087,0.091,0.086,0.088,0.094,0.092,0.087,0.089,0.086,0.091,0.087
,6:20:00,47.9,0.086,0.086,0.087,0.087,0.087,0.088,0.089,0.087,0.086,0.086,0.074,0.087,0.094,0.16,0.121,0.115,0.16,0.195,0.186,0.103,0.116,0.108,0.107,0.088,0.087,0.141,0.124,0.136,0.145,0.137,0.147,0.118,0.133,0.125,0.114,0.091,0.09,0.105,0.134,0.131,0.082,0.121,0.152,0.137,0.227,0.107,0.139,0.09,0.089,0.435,0.17,0.183,0.42,0.479,0.256,0.158,0.285,0.21,0.437,0.088,0.089,0.511,0.328,0.473,0.228,0.362,0.396,0.337,0.327,0.349,0.439,0.087,0.088,0.244,0.716,0.497,0.089,0.496,0.556,0.178,0.553,0.168,0.504,0.087,0.088,0.086,0.091,0.086,0.088,0.094,0.091,0.087,0.089,0.086,0.091,0.088
,6:25:00,48,0.086,0.087,0.087,0.088,0.087,0.088,0.089,0.088,0.085,0.085,0.074,0.087,0.096,0.16,0.121,0.115,0.161,0.195,0.185,0.103,0.114,0.109,0.107,0.088,0.087,0.141,0.124,0.136,0.144,0.138,0.147,0.117,0.133,0.125,0.113,0.09,0.09,0.104,0.134,0.131,0.082,0.121,0.153,0.137,0.227,0.106,0.139,0.09,0.089,0.436,0.17,0.184,0.42,0.48,0.257,0.157,0.29,0.211,0.44,0.088,0.088,0.512,0.328,0.474,0.227,0.364,0.398,0.339,0.334,0.351,0.441,0.087,0.088,0.248,0.713,0.497,0.089,0.496,0.556,0.177,0.555,0.169,0.506,0.087,0.087,0.086,0.091,0.086,0.088,0.094,0.091,0.087,0.089,0.087,0.091,0.087
,6:30:00,48,0.086,0.087,0.087,0.088,0.087,0.088,0.089,0.088,0.086,0.086,0.074,0.087,0.094,0.16,0.121,0.115,0.161,0.195,0.185,0.103,0.113,0.109,0.106,0.088,0.087,0.141,0.124,0.136,0.144,0.138,0.147,0.117,0.133,0.126,0.112,0.09,0.089,0.106,0.134,0.13,0.082,0.12,0.155,0.137,0.227,0.107,0.139,0.09,0.089,0.439,0.17,0.184,0.419,0.486,0.26,0.157,0.299,0.212,0.442,0.088,0.089,0.511,0.328,0.476,0.229,0.369,0.401,0.342,0.343,0.356,0.443,0.087,0.088,0.253,0.71,0.499,0.089,0.497,0.555,0.177,0.556,0.17,0.505,0.087,0.088,0.086,0.091,0.086,0.088,0.093,0.092,0.087,0.089,0.087,0.09,0.087
,6:35:00,48,0.087,0.087,0.087,0.087,0.087,0.088,0.089,0.088,0.086,0.086,0.074,0.087,0.097,0.16,0.121,0.115,0.161,0.195,0.185,0.103,0.113,0.109,0.106,0.088,0.087,0.141,0.124,0.136,0.145,0.138,0.147,0.117,0.133,0.125,0.112,0.09,0.09,0.104,0.134,0.131,0.082,0.121,0.152,0.137,0.227,0.106,0.139,0.09,0.089,0.441,0.17,0.185,0.419,0.488,0.261,0.156,0.301,0.212,0.443,0.088,0.088,0.511,0.331,0.475,0.23,0.373,0.404,0.342,0.345,0.358,0.446,0.086,0.088,0.257,0.709,0.5,0.089,0.498,0.554,0.177,0.557,0.171,0.507,0.087,0.087,0.086,0.091,0.086,0.088,0.094,0.091,0.087,0.089,0.087,0.09,0.087
,6:40:00,47.9,0.086,0.086,0.087,0.087,0.087,0.088,0.089,0.088,0.086,0.085,0.074,0.086,0.095,0.159,0.121,0.114,0.16,0.195,0.185,0.103,0.115,0.108,0.107,0.087,0.087,0.141,0.124,0.136,0.144,0.138,0.147,0.117,0.133,0.126,0.113,0.09,0.089,0.104,0.134,0.13,0.082,0.121,0.154,0.137,0.227,0.106,0.139,0.09,0.089,0.443,0.169,0.184,0.419,0.491,0.262,0.155,0.303,0.213,0.446,0.087,0.089,0.51,0.333,0.476,0.23,0.374,0.405,0.344,0.343,0.359,0.448,0.087,0.088,0.262,0.707,0.5,0.088,0.5,0.554,0.177,0.557,0.171,0.509,0.087,0.087,0.086,0.091,0.086,0.088,0.093,0.091,0.087,0.089,0.087,0.091,0.087
,6:45:00,48,0.086,0.086,0.087,0.087,0.087,0.088,0.089,0.088,0.087,0.085,0.074,0.087,0.095,0.159,0.121,0.115,0.16,0.195,0.185,0.102,0.115,0.108,0.107,0.088,0.087,0.142,0.124,0.136,0.143,0.138,0.147,0.117,0.133,0.125,0.112,0.09,0.089,0.104,0.134,0.13,0.082,0.121,0.154,0.137,0.227,0.107,0.139,0.09,0.088,0.444,0.17,0.184,0.418,0.487,0.263,0.155,0.301,0.214,0.446,0.087,0.089,0.51,0.34,0.477,0.229,0.376,0.408,0.344,0.34,0.36,0.45,0.087,0.088,0.267,0.705,0.499,0.089,0.502,0.554,0.177,0.559,0.171,0.514,0.087,0.087,0.086,0.091,0.086,0.088,0.093,0.092,0.087,0.089,0.086,0.09,0.087
,6:50:00,48,0.086,0.086,0.087,0.087,0.087,0.088,0.089,0.087,0.085,0.086,0.074,0.086,0.095,0.16,0.121,0.115,0.16,0.195,0.185,0.103,0.115,0.108,0.107,0.088,0.087,0.142,0.124,0.136,0.143,0.138,0.147,0.117,0.132,0.126,0.112,0.09,0.09,0.104,0.134,0.131,0.082,0.121,0.152,0.137,0.228,0.106,0.139,0.09,0.089,0.447,0.169,0.184,0.42,0.493,0.268,0.154,0.305,0.215,0.45,0.088,0.089,0.51,0.338,0.477,0.233,0.385,0.411,0.348,0.353,0.364,0.454,0.087,0.088,0.273,0.703,0.501,0.089,0.503,0.553,0.178,0.56,0.172,0.515,0.087,0.087,0.086,0.091,0.086,0.088,0.094,0.091,0.087,0.089,0.087,0.091,0.087
,6:55:00,48,0.087,0.087,0.087,0.088,0.087,0.088,0.089,0.088,0.086,0.086,0.074,0.087,0.097,0.16,0.121,0.115,0.16,0.196,0.185,0.103,0.116,0.108,0.107,0.088,0.087,0.141,0.124,0.136,0.143,0.138,0.147,0.117,0.133,0.126,0.114,0.09,0.09,0.104,0.134,0.13,0.082,0.121,0.156,0.137,0.228,0.108,0.139,0.09,0.089,0.45,0.168,0.184,0.417,0.495,0.268,0.155,0.312,0.216,0.452,0.088,0.089,0.51,0.339,0.477,0.231,0.383,0.41,0.347,0.351,0.368,0.455,0.087,0.088,0.278,0.701,0.5,0.089,0.503,0.554,0.177,0.56,0.172,0.515,0.087,0.087,0.087,0.091,0.086,0.088,0.094,0.092,0.087,0.089,0.086,0.091,0.087
,7:00:00,47.9,0.087,0.087,0.088,0.088,0.087,0.088,0.089,0.088,0.086,0.086,0.074,0.087,0.096,0.16,0.121,0.115,0.16,0.196,0.186,0.103,0.114,0.108,0.107,0.088,0.087,0.142,0.124,0.136,0.143,0.137,0.148,0.118,0.132,0.126,0.113,0.09,0.09,0.107,0.134,0.131,0.082,0.121,0.156,0.137,0.228,0.11,0.139,0.09,0.089,0.454,0.169,0.185,0.419,0.493,0.268,0.153,0.315,0.216,0.453,0.088,0.089,0.509,0.342,0.478,0.234,0.386,0.414,0.348,0.354,0.369,0.458,0.087,0.088,0.283,0.699,0.5,0.089,0.505,0.553,0.178,0.561,0.174,0.518,0.087,0.087,0.087,0.091,0.087,0.088,0.094,0.092,0.087,0.089,0.087,0.091,0.088
,7:05:00,48,0.087,0.087,0.088,0.088,0.087,0.088,0.089,0.088,0.086,0.086,0.072,0.087,0.096,0.16,0.122,0.115,0.16,0.197,0.185,0.103,0.114,0.108,0.108,0.088,0.087,0.142,0.124,0.136,0.144,0.138,0.147,0.117,0.133,0.126,0.113,0.091,0.09,0.104,0.134,0.13,0.082,0.121,0.157,0.137,0.228,0.106,0.139,0.09,0.089,0.452,0.168,0.185,0.418,0.498,0.271,0.154,0.319,0.218,0.453,0.088,0.089,0.508,0.343,0.477,0.235,0.389,0.414,0.35,0.359,0.371,0.459,0.087,0.088,0.288,0.696,0.499,0.089,0.505,0.552,0.177,0.562,0.174,0.519,0.087,0.087,0.087,0.092,0.086,0.088,0.094,0.092,0.087,0.089,0.087,0.091,0.088
,7:10:00,47.9,0.086,0.086,0.087,0.087,0.086,0.087,0.088,0.088,0.085,0.085,0.072,0.086,0.095,0.159,0.121,0.114,0.16,0.196,0.185,0.102,0.113,0.108,0.106,0.087,0.086,0.141,0.123,0.135,0.143,0.137,0.147,0.117,0.132,0.125,0.112,0.09,0.089,0.103,0.133,0.13,0.082,0.12,0.155,0.136,0.228,0.105,0.138,0.09,0.088,0.455,0.168,0.184,0.415,0.497,0.273,0.151,0.317,0.217,0.455,0.087,0.088,0.507,0.347,0.476,0.237,0.394,0.418,0.352,0.364,0.373,0.46,0.086,0.088,0.293,0.694,0.497,0.089,0.505,0.551,0.176,0.563,0.175,0.522,0.087,0.087,0.086,0.091,0.086,0.087,0.093,0.091,0.087,0.089,0.086,0.09,0.087
,7:15:00,47.9,0.086,0.087,0.087,0.087,0.087,0.087,0.089,0.088,0.086,0.085,0.071,0.087,0.095,0.159,0.121,0.115,0.159,0.196,0.185,0.103,0.115,0.108,0.107,0.088,0.087,0.142,0.124,0.136,0.143,0.138,0.147,0.117,0.132,0.125,0.114,0.09,0.09,0.104,0.134,0.13,0.082,0.121,0.156,0.137,0.228,0.106,0.139,0.09,0.089,0.456,0.168,0.185,0.418,0.498,0.272,0.152,0.325,0.218,0.456,0.088,0.088,0.508,0.349,0.479,0.239,0.395,0.42,0.355,0.372,0.374,0.465,0.087,0.088,0.301,0.691,0.497,0.089,0.507,0.551,0.176,0.563,0.176,0.523,0.087,0.087,0.086,0.091,0.086,0.088,0.094,0.091,0.087,0.089,0.087,0.09,0.087
,7:20:00,48,0.087,0.087,0.087,0.088,0.087,0.088,0.089,0.088,0.086,0.086,0.079,0.087,0.095,0.159,0.121,0.114,0.16,0.196,0.186,0.103,0.114,0.109,0.107,0.088,0.087,0.142,0.124,0.136,0.143,0.138,0.147,0.117,0.132,0.126,0.113,0.091,0.09,0.105,0.135,0.131,0.083,0.121,0.156,0.137,0.229,0.106,0.139,0.09,0.089,0.458,0.168,0.185,0.417,0.497,0.275,0.151,0.33,0.219,0.457,0.088,0.089,0.506,0.354,0.479,0.24,0.402,0.421,0.356,0.371,0.379,0.466,0.087,0.088,0.307,0.689,0.496,0.089,0.508,0.55,0.177,0.564,0.178,0.525,0.087,0.088,0.086,0.091,0.087,0.088,0.094,0.092,0.088,0.09,0.087,0.091,0.087
,7:25:00,48,0.087,0.087,0.087,0.087,0.087,0.088,0.089,0.087,0.085,0.086,0.073,0.087,0.094,0.159,0.121,0.114,0.159,0.196,0.185,0.102,0.115,0.108,0.107,0.087,0.087,0.142,0.124,0.135,0.143,0.138,0.147,0.117,0.132,0.125,0.112,0.09,0.09,0.104,0.134,0.13,0.083,0.119,0.156,0.137,0.229,0.109,0.139,0.09,0.089,0.463,0.167,0.184,0.415,0.502,0.276,0.15,0.333,0.219,0.458,0.087,0.089,0.506,0.353,0.477,0.24,0.404,0.423,0.358,0.372,0.38,0.469,0.087,0.088,0.309,0.687,0.494,0.089,0.507,0.549,0.176,0.564,0.178,0.527,0.087,0.087,0.086,0.091,0.086,0.088,0.094,0.091,0.087,0.089,0.086,0.09,0.087
,7:30:00,48,0.086,0.087,0.087,0.087,0.087,0.088,0.089,0.088,0.086,0.085,0.069,0.087,0.095,0.159,0.121,0.114,0.159,0.196,0.185,0.103,0.114,0.108,0.106,0.088,0.087,0.142,0.124,0.135,0.144,0.138,0.147,0.117,0.132,0.125,0.113,0.09,0.09,0.104,0.134,0.13,0.082,0.121,0.156,0.137,0.228,0.106,0.138,0.09,0.089,0.464,0.167,0.185,0.414,0.502,0.278,0.15,0.341,0.219,0.46,0.088,0.089,0.505,0.355,0.479,0.24,0.406,0.422,0.36,0.379,0.384,0.471,0.087,0.088,0.313,0.685,0.494,0.089,0.507,0.548,0.177,0.565,0.178,0.53,0.087,0.087,0.086,0.091,0.086,0.088,0.093,0.091,0.088,0.089,0.087,0.091,0.087
,7:35:00,48,0.087,0.087,0.087,0.087,0.087,0.088,0.089,0.088,0.086,0.085,0.068,0.087,0.094,0.159,0.121,0.115,0.159,0.196,0.185,0.102,0.114,0.108,0.106,0.088,0.087,0.142,0.123,0.135,0.143,0.138,0.147,0.117,0.132,0.125,0.113,0.09,0.09,0.104,0.134,0.131,0.082,0.121,0.152,0.137,0.228,0.106,0.138,0.09,0.089,0.467,0.166,0.185,0.414,0.508,0.279,0.149,0.337,0.22,0.458,0.088,0.089,0.505,0.362,0.479,0.243,0.411,0.425,0.363,0.384,0.386,0.471,0.087,0.088,0.321,0.683,0.494,0.089,0.508,0.548,0.176,0.566,0.18,0.529,0.087,0.087,0.086,0.091,0.086,0.088,0.093,0.091,0.087,0.089,0.087,0.091,0.087
,7:40:00,47.9,0.087,0.087,0.087,0.088,0.087,0.088,0.089,0.088,0.086,0.085,0.068,0.087,0.095,0.16,0.121,0.115,0.159,0.197,0.185,0.103,0.115,0.108,0.107,0.088,0.087,0.142,0.124,0.136,0.144,0.138,0.147,0.117,0.132,0.125,0.112,0.09,0.09,0.105,0.134,0.13,0.082,0.121,0.156,0.137,0.229,0.106,0.139,0.09,0.089,0.467,0.165,0.184,0.412,0.511,0.281,0.149,0.343,0.221,0.461,0.088,0.089,0.503,0.36,0.478,0.243,0.412,0.426,0.363,0.383,0.39,0.472,0.087,0.088,0.324,0.681,0.494,0.089,0.508,0.547,0.176,0.566,0.18,0.528,0.087,0.087,0.086,0.091,0.086,0.088,0.094,0.091,0.087,0.089,0.087,0.091,0.087
,7:45:00,48,0.086,0.087,0.087,0.087,0.087,0.088,0.089,0.087,0.085,0.086,0.069,0.086,0.096,0.159,0.121,0.114,0.158,0.197,0.186,0.103,0.113,0.108,0.107,0.088,0.087,0.142,0.123,0.135,0.142,0.137,0.147,0.117,0.131,0.125,0.11,0.09,0.09,0.104,0.134,0.131,0.083,0.119,0.157,0.137,0.228,0.106,0.138,0.09,0.089,0.465,0.164,0.185,0.411,0.513,0.282,0.148,0.349,0.222,0.461,0.088,0.088,0.503,0.361,0.476,0.244,0.412,0.425,0.363,0.39,0.391,0.469,0.087,0.088,0.329,0.679,0.493,0.089,0.508,0.545,0.176,0.566,0.183,0.531,0.087,0.087,0.086,0.091,0.086,0.088,0.093,0.092,0.087,0.088,0.086,0.09,0.087
,7:50:00,48,0.087,0.087,0.087,0.087,0.087,0.088,0.089,0.087,0.086,0.085,0.069,0.087,0.094,0.159,0.121,0.115,0.159,0.197,0.186,0.102,0.113,0.108,0.108,0.088,0.087,0.142,0.123,0.135,0.143,0.138,0.146,0.117,0.132,0.125,0.113,0.09,0.09,0.105,0.134,0.131,0.082,0.12,0.156,0.137,0.228,0.106,0.138,0.09,0.089,0.466,0.164,0.184,0.409,0.517,0.285,0.148,0.346,0.221,0.462,0.087,0.089,0.503,0.368,0.477,0.245,0.417,0.428,0.367,0.386,0.394,0.472,0.087,0.088,0.333,0.677,0.493,0.089,0.508,0.544,0.177,0.566,0.182,0.529,0.087,0.087,0.086,0.091,0.086,0.088,0.093,0.091,0.087,0.088,0.087,0.091,0.087
,7:55:00,47.9,0.087,0.087,0.088,0.087,0.087,0.088,0.089,0.088,0.086,0.086,0.07,0.087,0.095,0.159,0.121,0.114,0.158,0.197,0.185,0.102,0.115,0.108,0.107,0.088,0.087,0.142,0.124,0.135,0.144,0.138,0.147,0.117,0.132,0.125,0.114,0.091,0.09,0.104,0.134,0.131,0.082,0.121,0.156,0.137,0.228,0.114,0.139,0.09,0.089,0.47,0.163,0.185,0.411,0.512,0.282,0.147,0.349,0.222,0.46,0.088,0.089,0.501,0.368,0.477,0.246,0.418,0.428,0.365,0.392,0.396,0.474,0.087,0.088,0.338,0.675,0.493,0.089,0.508,0.544,0.177,0.566,0.184,0.528,0.087,0.087,0.086,0.091,0.086,0.088,0.094,0.091,0.087,0.088,0.087,0.091,0.087
,8:00:00,48,0.087,0.086,0.087,0.087,0.087,0.088,0.089,0.087,0.085,0.085,0.07,0.087,0.094,0.159,0.121,0.114,0.159,0.197,0.185,0.102,0.114,0.108,0.106,0.088,0.087,0.142,0.123,0.135,0.143,0.137,0.146,0.116,0.131,0.125,0.113,0.09,0.089,0.106,0.134,0.13,0.082,0.12,0.156,0.136,0.229,0.106,0.138,0.09,0.089,0.467,0.162,0.184,0.407,0.52,0.285,0.147,0.356,0.224,0.461,0.087,0.088,0.499,0.369,0.476,0.248,0.421,0.428,0.369,0.397,0.4,0.475,0.087,0.088,0.342,0.673,0.493,0.089,0.508,0.544,0.176,0.566,0.186,0.529,0.087,0.087,0.086,0.091,0.086,0.088,0.093,0.091,0.087,0.089,0.086,0.09,0.087
,8:05:00,48,0.086,0.086,0.087,0.088,0.087,0.088,0.089,0.087,0.085,0.085,0.071,0.087,0.095,0.159,0.121,0.114,0.158,0.197,0.185,0.102,0.113,0.108,0.106,0.088,0.087,0.142,0.123,0.135,0.144,0.138,0.147,0.117,0.131,0.125,0.113,0.09,0.09,0.104,0.134,0.131,0.083,0.12,0.156,0.136,0.228,0.106,0.138,0.09,0.089,0.462,0.163,0.184,0.405,0.517,0.287,0.146,0.357,0.223,0.458,0.088,0.089,0.5,0.365,0.475,0.249,0.422,0.429,0.37,0.395,0.4,0.475,0.087,0.088,0.347,0.671,0.492,0.089,0.507,0.542,0.176,0.566,0.186,0.528,0.087,0.087,0.086,0.091,0.086,0.088,0.093,0.091,0.087,0.089,0.086,0.09,0.087
,8:10:00,47.9,0.087,0.087,0.087,0.088,0.087,0.088,0.089,0.088,0.086,0.086,0.072,0.087,0.095,0.159,0.121,0.115,0.158,0.198,0.185,0.103,0.114,0.108,0.107,0.088,0.087,0.142,0.123,0.135,0.144,0.138,0.147,0.117,0.131,0.125,0.113,0.09,0.09,0.104,0.134,0.131,0.083,0.12,0.157,0.136,0.229,0.106,0.139,0.09,0.089,0.467,0.162,0.184,0.406,0.519,0.287,0.145,0.358,0.223,0.459,0.088,0.089,0.499,0.369,0.474,0.249,0.428,0.427,0.371,0.396,0.4,0.474,0.087,0.088,0.352,0.669,0.494,0.089,0.508,0.543,0.177,0.566,0.188,0.53,0.087,0.087,0.086,0.092,0.086,0.088,0.094,0.092,0.087,0.089,0.087,0.091,0.088
,8:15:00,48,0.087,0.086,0.087,0.087,0.087,0.088,0.089,0.087,0.085,0.085,0.073,0.087,0.094,0.159,0.121,0.114,0.158,0.197,0.186,0.102,0.113,0.107,0.107,0.088,0.087,0.142,0.123,0.135,0.143,0.138,0.147,0.117,0.131,0.125,0.112,0.09,0.09,0.105,0.134,0.13,0.082,0.119,0.157,0.136,0.228,0.106,0.138,0.09,0.089,0.469,0.16,0.185,0.403,0.525,0.291,0.145,0.355,0.223,0.458,0.087,0.088,0.498,0.373,0.473,0.252,0.429,0.429,0.372,0.397,0.404,0.471,0.087,0.088,0.354,0.667,0.494,0.089,0.507,0.542,0.177,0.565,0.189,0.524,0.087,0.087,0.086,0.091,0.086,0.088,0.093,0.091,0.087,0.089,0.086,0.091,0.087
,8:20:00,48,0.087,0.086,0.088,0.087,0.087,0.087,0.089,0.087,0.085,0.085,0.073,0.086,0.094,0.159,0.121,0.114,0.158,0.197,0.186,0.103,0.113,0.107,0.107,0.088,0.087,0.142,0.123,0.135,0.142,0.138,0.147,0.116,0.131,0.125,0.11,0.09,0.09,0.105,0.134,0.13,0.082,0.119,0.157,0.136,0.229,0.106,0.138,0.09,0.089,0.471,0.161,0.184,0.402,0.525,0.291,0.145,0.368,0.224,0.457,0.087,0.088,0.497,0.37,0.473,0.255,0.43,0.427,0.374,0.403,0.407,0.473,0.087,0.088,0.358,0.666,0.496,0.089,0.508,0.545,0.177,0.565,0.19,0.523,0.087,0.087,0.086,0.091,0.086,0.088,0.093,0.091,0.087,0.089,0.087,0.09,0.087
,8:25:00,48,0.086,0.087,0.087,0.087,0.087,0.088,0.089,0.088,0.085,0.085,0.074,0.087,0.095,0.158,0.121,0.114,0.158,0.197,0.186,0.103,0.116,0.108,0.106,0.088,0.087,0.142,0.124,0.135,0.142,0.138,0.146,0.116,0.131,0.125,0.111,0.09,0.09,0.104,0.133,0.131,0.082,0.12,0.156,0.136,0.229,0.106,0.138,0.09,0.089,0.466,0.16,0.184,0.402,0.522,0.288,0.144,0.366,0.224,0.456,0.087,0.089,0.495,0.375,0.472,0.254,0.441,0.43,0.373,0.407,0.406,0.473,0.087,0.088,0.361,0.665,0.499,0.089,0.508,0.546,0.176,0.565,0.19,0.522,0.087,0.087,0.086,0.091,0.086,0.088,0.093,0.091,0.087,0.089,0.086,0.09,0.087
,8:30:00,48,0.086,0.087,0.087,0.087,0.087,0.088,0.089,0.088,0.085,0.085,0.075,0.087,0.094,0.158,0.12,0.114,0.157,0.197,0.184,0.102,0.113,0.107,0.106,0.088,0.087,0.142,0.123,0.135,0.142,0.138,0.146,0.116,0.131,0.125,0.112,0.09,0.089,0.106,0.134,0.13,0.082,0.119,0.156,0.136,0.229,0.105,0.138,0.09,0.088,0.469,0.159,0.184,0.4,0.526,0.294,0.142,0.367,0.223,0.453,0.087,0.089,0.494,0.379,0.471,0.254,0.442,0.427,0.374,0.405,0.408,0.472,0.087,0.088,0.366,0.663,0.499,0.089,0.51,0.547,0.176,0.565,0.191,0.521,0.087,0.087,0.086,0.091,0.086,0.088,0.093,0.091,0.087,0.089,0.086,0.09,0.087
,8:35:00,47.9,0.087,0.087,0.087,0.088,0.087,0.088,0.088,0.088,0.085,0.086,0.075,0.087,0.094,0.159,0.121,0.114,0.158,0.197,0.186,0.103,0.114,0.107,0.106,0.088,0.087,0.143,0.123,0.135,0.142,0.138,0.146,0.116,0.131,0.125,0.111,0.091,0.09,0.106,0.134,0.13,0.082,0.121,0.157,0.136,0.229,0.106,0.138,0.091,0.089,0.471,0.158,0.184,0.399,0.525,0.293,0.144,0.375,0.223,0.452,0.087,0.089,0.495,0.377,0.469,0.256,0.443,0.43,0.374,0.407,0.41,0.473,0.087,0.088,0.369,0.662,0.501,0.09,0.511,0.547,0.177,0.565,0.193,0.52,0.087,0.087,0.086,0.091,0.087,0.088,0.093,0.091,0.087,0.089,0.086,0.091,0.087
,8:40:00,47.9,0.086,0.086,0.087,0.087,0.087,0.087,0.089,0.088,0.085,0.086,0.075,0.087,0.094,0.158,0.121,0.114,0.157,0.198,0.185,0.102,0.113,0.107,0.106,0.088,0.086,0.142,0.123,0.135,0.142,0.138,0.146,0.116,0.13,0.125,0.11,0.09,0.089,0.103,0.134,0.13,0.082,0.118,0.156,0.136,0.228,0.105,0.137,0.09,0.088,0.472,0.157,0.183,0.396,0.524,0.296,0.143,0.379,0.225,0.449,0.087,0.088,0.495,0.376,0.469,0.258,0.444,0.43,0.378,0.408,0.41,0.471,0.087,0.088,0.373,0.66,0.502,0.089,0.514,0.546,0.176,0.564,0.193,0.52,0.087,0.086,0.086,0.091,0.086,0.088,0.093,0.091,0.087,0.089,0.086,0.09,0.087
,8:45:00,47.9,0.086,0.087,0.087,0.087,0.087,0.088,0.089,0.087,0.085,0.085,0.076,0.088,0.095,0.158,0.121,0.113,0.157,0.197,0.185,0.102,0.113,0.107,0.106,0.087,0.087,0.142,0.123,0.134,0.142,0.137,0.146,0.116,0.13,0.125,0.113,0.09,0.089,0.106,0.133,0.13,0.083,0.119,0.157,0.136,0.228,0.107,0.138,0.09,0.088,0.467,0.157,0.184,0.395,0.527,0.295,0.142,0.381,0.224,0.448,0.088,0.088,0.497,0.375,0.469,0.257,0.44,0.427,0.378,0.409,0.412,0.47,0.087,0.088,0.375,0.66,0.503,0.089,0.513,0.545,0.176,0.565,0.193,0.516,0.087,0.086,0.086,0.091,0.086,0.088,0.093,0.091,0.087,0.088,0.086,0.09,0.087
,8:50:00,48,0.086,0.087,0.087,0.088,0.087,0.088,0.089,0.089,0.086,0.085,0.077,0.089,0.094,0.158,0.121,0.114,0.157,0.198,0.185,0.103,0.114,0.107,0.106,0.088,0.087,0.143,0.124,0.135,0.142,0.138,0.147,0.117,0.131,0.125,0.112,0.091,0.09,0.107,0.134,0.131,0.082,0.12,0.157,0.136,0.229,0.106,0.138,0.09,0.089,0.47,0.157,0.183,0.394,0.521,0.295,0.141,0.376,0.226,0.446,0.088,0.089,0.495,0.382,0.467,0.256,0.444,0.43,0.376,0.408,0.409,0.468,0.087,0.088,0.379,0.66,0.504,0.089,0.514,0.544,0.177,0.565,0.193,0.514,0.087,0.087,0.086,0.091,0.086,0.088,0.094,0.092,0.087,0.089,0.087,0.091,0.088
,8:55:00,47.9,0.086,0.086,0.087,0.088,0.087,0.087,0.088,0.088,0.085,0.085,0.077,0.088,0.094,0.158,0.12,0.114,0.157,0.197,0.185,0.102,0.116,0.107,0.106,0.088,0.087,0.142,0.123,0.135,0.141,0.137,0.146,0.116,0.13,0.124,0.111,0.09,0.09,0.105,0.133,0.13,0.082,0.121,0.157,0.136,0.229,0.105,0.138,0.09,0.088,0.471,0.155,0.183,0.393,0.523,0.297,0.14,0.38,0.224,0.444,0.088,0.089,0.495,0.383,0.466,0.257,0.443,0.428,0.376,0.406,0.411,0.468,0.087,0.088,0.381,0.659,0.504,0.089,0.514,0.543,0.177,0.565,0.194,0.511,0.087,0.087,0.086,0.091,0.086,0.087,0.093,0.091,0.087,0.089,0.086,0.091,0.087
,9:00:00,48,0.086,0.086,0.088,0.087,0.087,0.088,0.089,0.088,0.085,0.085,0.077,0.087,0.093,0.158,0.12,0.114,0.157,0.197,0.185,0.102,0.116,0.107,0.106,0.088,0.087,0.142,0.123,0.135,0.141,0.137,0.146,0.116,0.13,0.125,0.112,0.09,0.089,0.104,0.133,0.13,0.082,0.121,0.156,0.136,0.228,0.113,0.138,0.09,0.089,0.471,0.154,0.184,0.39,0.527,0.298,0.139,0.378,0.224,0.443,0.087,0.089,0.495,0.379,0.465,0.257,0.444,0.427,0.379,0.402,0.41,0.465,0.087,0.088,0.384,0.658,0.503,0.089,0.513,0.54,0.177,0.566,0.195,0.509,0.087,0.086,0.086,0.091,0.086,0.088,0.093,0.091,0.087,0.089,0.086,0.09,0.087
,9:05:00,48,0.087,0.087,0.087,0.087,0.087,0.088,0.089,0.088,0.085,0.085,0.078,0.088,0.093,0.158,0.121,0.114,0.157,0.198,0.185,0.102,0.115,0.107,0.106,0.088,0.087,0.143,0.123,0.135,0.141,0.138,0.146,0.116,0.13,0.124,0.113,0.09,0.09,0.104,0.133,0.13,0.082,0.119,0.157,0.136,0.228,0.106,0.138,0.09,0.089,0.474,0.154,0.183,0.387,0.515,0.296,0.139,0.375,0.224,0.442,0.088,0.088,0.496,0.384,0.464,0.258,0.44,0.429,0.377,0.403,0.408,0.464,0.087,0.088,0.388,0.658,0.503,0.089,0.513,0.539,0.177,0.566,0.194,0.506,0.087,0.087,0.086,0.091,0.086,0.088,0.093,0.091,0.087,0.089,0.087,0.091,0.088
,9:10:00,48,0.086,0.087,0.087,0.087,0.087,0.087,0.088,0.088,0.085,0.085,0.078,0.086,0.093,0.157,0.121,0.114,0.156,0.197,0.184,0.102,0.115,0.107,0.106,0.088,0.087,0.143,0.123,0.135,0.141,0.138,0.146,0.117,0.13,0.125,0.113,0.09,0.09,0.106,0.133,0.13,0.082,0.12,0.156,0.136,0.228,0.105,0.138,0.09,0.089,0.468,0.153,0.184,0.387,0.521,0.299,0.138,0.379,0.224,0.44,0.088,0.089,0.496,0.383,0.463,0.261,0.444,0.427,0.38,0.407,0.407,0.466,0.087,0.088,0.391,0.658,0.502,0.089,0.511,0.536,0.177,0.566,0.193,0.504,0.087,0.087,0.086,0.091,0.086,0.088,0.093,0.091,0.087,0.089,0.087,0.09,0.087
,9:15:00,48,0.087,0.087,0.087,0.088,0.087,0.088,0.089,0.088,0.085,0.085,0.078,0.087,0.094,0.158,0.121,0.114,0.156,0.198,0.184,0.103,0.114,0.107,0.106,0.088,0.087,0.142,0.123,0.134,0.142,0.138,0.146,0.116,0.13,0.125,0.11,0.091,0.09,0.106,0.133,0.13,0.084,0.12,0.157,0.136,0.229,0.106,0.138,0.09,0.089,0.468,0.152,0.184,0.385,0.525,0.301,0.138,0.385,0.226,0.439,0.087,0.089,0.497,0.384,0.463,0.264,0.443,0.429,0.381,0.407,0.412,0.462,0.087,0.088,0.395,0.658,0.5,0.089,0.508,0.533,0.177,0.568,0.194,0.501,0.087,0.087,0.086,0.091,0.086,0.088,0.094,0.091,0.087,0.089,0.087,0.091,0.087
,9:20:00,48,0.087,0.087,0.087,0.087,0.087,0.088,0.089,0.088,0.086,0.086,0.078,0.088,0.096,0.158,0.12,0.114,0.156,0.198,0.185,0.102,0.118,0.107,0.106,0.088,0.087,0.142,0.123,0.135,0.141,0.138,0.146,0.116,0.13,0.125,0.11,0.091,0.09,0.106,0.134,0.131,0.083,0.121,0.156,0.136,0.228,0.106,0.138,0.09,0.089,0.469,0.152,0.184,0.384,0.529,0.305,0.138,0.382,0.225,0.437,0.088,0.089,0.497,0.384,0.463,0.266,0.454,0.427,0.381,0.404,0.406,0.461,0.087,0.088,0.396,0.657,0.496,0.089,0.505,0.53,0.177,0.567,0.195,0.499,0.087,0.087,0.086,0.091,0.086,0.088,0.094,0.092,0.087,0.089,0.087,0.091,0.087
,9:25:00,48,0.086,0.086,0.087,0.087,0.087,0.088,0.089,0.087,0.085,0.085,0.078,0.087,0.093,0.158,0.121,0.113,0.156,0.198,0.184,0.102,0.114,0.107,0.106,0.088,0.087,0.142,0.123,0.134,0.141,0.138,0.146,0.115,0.129,0.124,0.113,0.09,0.089,0.104,0.133,0.13,0.082,0.121,0.156,0.136,0.228,0.105,0.137,0.09,0.089,0.47,0.151,0.184,0.382,0.518,0.296,0.137,0.38,0.225,0.437,0.087,0.089,0.497,0.385,0.462,0.264,0.446,0.428,0.377,0.404,0.408,0.459,0.087,0.088,0.399,0.658,0.493,0.089,0.502,0.525,0.177,0.565,0.194,0.495,0.087,0.086,0.086,0.091,0.086,0.088,0.093,0.091,0.087,0.088,0.087,0.091,0.087
,9:30:00,47.9,0.087,0.087,0.087,0.087,0.087,0.088,0.088,0.087,0.085,0.085,0.078,0.087,0.093,0.158,0.12,0.114,0.156,0.197,0.184,0.102,0.114,0.107,0.106,0.088,0.087,0.143,0.122,0.134,0.141,0.137,0.146,0.116,0.129,0.124,0.11,0.09,0.09,0.105,0.134,0.131,0.082,0.121,0.156,0.136,0.228,0.105,0.137,0.09,0.089,0.471,0.151,0.183,0.382,0.524,0.304,0.137,0.386,0.225,0.434,0.088,0.088,0.498,0.385,0.461,0.266,0.448,0.426,0.379,0.399,0.407,0.458,0.087,0.088,0.401,0.658,0.49,0.089,0.499,0.523,0.177,0.565,0.194,0.493,0.087,0.087,0.086,0.091,0.086,0.088,0.093,0.091,0.087,0.089,0.087,0.09,0.087
,9:35:00,47.9,0.086,0.086,0.087,0.087,0.087,0.088,0.088,0.087,0.085,0.084,0.078,0.09,0.093,0.157,0.12,0.113,0.155,0.197,0.184,0.102,0.115,0.107,0.106,0.088,0.086,0.142,0.123,0.134,0.14,0.137,0.146,0.116,0.129,0.124,0.111,0.09,0.089,0.104,0.133,0.13,0.082,0.12,0.156,0.135,0.228,0.105,0.137,0.09,0.088,0.468,0.149,0.183,0.381,0.523,0.304,0.136,0.386,0.224,0.434,0.087,0.088,0.498,0.384,0.459,0.263,0.447,0.425,0.38,0.393,0.407,0.458,0.087,0.088,0.402,0.659,0.486,0.089,0.494,0.52,0.177,0.564,0.194,0.492,0.087,0.086,0.086,0.09,0.086,0.088,0.093,0.091,0.087,0.089,0.086,0.09,0.087
,9:40:00,47.9,0.086,0.086,0.087,0.088,0.086,0.088,0.088,0.088,0.085,0.085,0.078,0.088,0.094,0.158,0.12,0.113,0.155,0.198,0.184,0.102,0.116,0.107,0.106,0.087,0.087,0.142,0.123,0.134,0.14,0.137,0.146,0.116,0.129,0.125,0.11,0.09,0.09,0.104,0.134,0.13,0.082,0.119,0.157,0.135,0.227,0.106,0.137,0.09,0.089,0.468,0.149,0.183,0.381,0.521,0.302,0.136,0.388,0.225,0.432,0.087,0.088,0.496,0.385,0.46,0.265,0.447,0.423,0.382,0.393,0.407,0.456,0.087,0.088,0.406,0.662,0.482,0.089,0.49,0.515,0.177,0.565,0.194,0.491,0.087,0.086,0.086,0.091,0.086,0.088,0.093,0.091,0.087,0.089,0.086,0.09,0.087
,9:45:00,48,0.086,0.087,0.087,0.087,0.087,0.088,0.089,0.088,0.085,0.084,0.078,0.092,0.094,0.157,0.12,0.114,0.155,0.198,0.184,0.102,0.116,0.107,0.106,0.088,0.087,0.142,0.123,0.134,0.141,0.137,0.146,0.116,0.129,0.125,0.113,0.09,0.089,0.107,0.134,0.13,0.083,0.119,0.157,0.136,0.229,0.109,0.137,0.09,0.089,0.459,0.148,0.183,0.379,0.524,0.301,0.136,0.387,0.225,0.43,0.088,0.089,0.498,0.383,0.459,0.263,0.448,0.422,0.383,0.396,0.405,0.455,0.087,0.088,0.408,0.662,0.476,0.089,0.486,0.513,0.178,0.563,0.194,0.488,0.087,0.086,0.086,0.091,0.086,0.088,0.094,0.091,0.087,0.089,0.086,0.09,0.087
,9:50:00,47.9,0.087,0.087,0.088,0.088,0.087,0.088,0.089,0.089,0.085,0.085,0.079,0.09,0.094,0.157,0.12,0.114,0.155,0.198,0.184,0.102,0.115,0.107,0.106,0.088,0.087,0.143,0.123,0.135,0.14,0.137,0.146,0.116,0.129,0.125,0.11,0.091,0.09,0.108,0.134,0.13,0.083,0.12,0.157,0.136,0.228,0.105,0.137,0.09,0.089,0.467,0.148,0.184,0.378,0.522,0.301,0.135,0.386,0.225,0.43,0.088,0.089,0.496,0.387,0.46,0.269,0.45,0.422,0.379,0.394,0.404,0.453,0.087,0.088,0.411,0.662,0.473,0.089,0.48,0.509,0.179,0.563,0.194,0.486,0.087,0.087,0.087,0.091,0.086,0.088,0.094,0.092,0.087,0.089,0.086,0.091,0.088
,9:55:00,47.9,0.086,0.087,0.087,0.087,0.087,0.088,0.089,0.087,0.085,0.085,0.079,0.09,0.094,0.157,0.12,0.113,0.154,0.198,0.183,0.102,0.117,0.107,0.106,0.088,0.087,0.142,0.123,0.134,0.141,0.137,0.146,0.116,0.129,0.125,0.112,0.09,0.09,0.107,0.134,0.13,0.084,0.12,0.157,0.136,0.228,0.105,0.137,0.09,0.089,0.466,0.147,0.183,0.375,0.52,0.3,0.134,0.385,0.226,0.43,0.088,0.089,0.496,0.386,0.459,0.265,0.451,0.421,0.375,0.392,0.407,0.454,0.087,0.088,0.41,0.663,0.468,0.089,0.475,0.506,0.178,0.562,0.195,0.486,0.087,0.087,0.086,0.091,0.086,0.088,0.094,0.091,0.087,0.088,0.086,0.09,0.088
,10:00:00,47.9,0.086,0.087,0.086,0.088,0.087,0.088,0.089,0.088,0.085,0.085,0.078,0.089,0.094,0.157,0.12,0.114,0.154,0.198,0.183,0.102,0.115,0.107,0.106,0.087,0.087,0.142,0.123,0.134,0.14,0.137,0.146,0.116,0.129,0.124,0.112,0.091,0.089,0.105,0.134,0.13,0.082,0.121,0.157,0.135,0.227,0.105,0.137,0.09,0.089,0.466,0.146,0.184,0.372,0.52,0.305,0.134,0.383,0.225,0.427,0.087,0.089,0.496,0.385,0.46,0.271,0.45,0.419,0.377,0.382,0.406,0.452,0.087,0.088,0.414,0.665,0.464,0.089,0.471,0.502,0.179,0.562,0.195,0.484,0.087,0.086,0.086,0.091,0.086,0.088,0.093,0.092,0.087,0.089,0.086,0.09,0.087
,10:05:00,48,0.086,0.087,0.087,0.087,0.087,0.088,0.089,0.087,0.085,0.085,0.079,0.089,0.094,0.157,0.12,0.113,0.155,0.198,0.184,0.102,0.117,0.107,0.106,0.088,0.087,0.142,0.123,0.134,0.14,0.137,0.146,0.115,0.128,0.124,0.113,0.09,0.09,0.107,0.133,0.13,0.084,0.122,0.156,0.136,0.228,0.105,0.136,0.09,0.089,0.463,0.145,0.183,0.371,0.519,0.303,0.133,0.389,0.226,0.426,0.088,0.089,0.495,0.387,0.459,0.271,0.451,0.419,0.376,0.385,0.403,0.45,0.087,0.088,0.417,0.665,0.459,0.089,0.467,0.498,0.178,0.56,0.195,0.482,0.087,0.087,0.086,0.091,0.086,0.088,0.093,0.091,0.087,0.089,0.086,0.09,0.087
,10:10:00,48,0.086,0.086,0.087,0.087,0.087,0.087,0.088,0.087,0.085,0.085,0.078,0.091,0.094,0.157,0.12,0.114,0.154,0.198,0.183,0.102,0.116,0.106,0.105,0.087,0.086,0.143,0.122,0.134,0.139,0.137,0.146,0.115,0.128,0.124,0.11,0.09,0.089,0.104,0.133,0.13,0.082,0.12,0.156,0.135,0.227,0.105,0.136,0.09,0.088,0.46,0.144,0.183,0.369,0.525,0.308,0.133,0.392,0.226,0.426,0.087,0.088,0.493,0.388,0.46,0.273,0.452,0.42,0.378,0.385,0.405,0.449,0.087,0.088,0.418,0.666,0.454,0.089,0.462,0.494,0.179,0.56,0.195,0.483,0.087,0.086,0.086,0.09,0.086,0.088,0.094,0.091,0.087,0.089,0.086,0.09,0.087
,10:15:00,48,0.086,0.087,0.087,0.087,0.087,0.088,0.089,0.089,0.085,0.085,0.078,0.088,0.094,0.157,0.12,0.113,0.154,0.197,0.183,0.102,0.118,0.107,0.106,0.087,0.087,0.143,0.122,0.134,0.14,0.137,0.145,0.115,0.129,0.124,0.112,0.09,0.09,0.108,0.133,0.13,0.082,0.12,0.156,0.136,0.228,0.105,0.136,0.09,0.089,0.459,0.143,0.183,0.367,0.523,0.305,0.132,0.386,0.225,0.425,0.087,0.089,0.492,0.385,0.459,0.272,0.451,0.417,0.38,0.38,0.404,0.448,0.087,0.088,0.418,0.666,0.448,0.089,0.456,0.49,0.179,0.559,0.195,0.48,0.087,0.086,0.086,0.091,0.086,0.088,0.093,0.091,0.087,0.089,0.086,0.091,0.087
,10:20:00,48,0.086,0.087,0.087,0.087,0.087,0.088,0.089,0.09,0.085,0.085,0.078,0.088,0.094,0.157,0.12,0.113,0.153,0.197,0.183,0.102,0.117,0.106,0.105,0.087,0.087,0.142,0.122,0.134,0.139,0.137,0.145,0.115,0.128,0.125,0.112,0.09,0.089,0.107,0.133,0.13,0.083,0.119,0.156,0.135,0.227,0.106,0.136,0.09,0.089,0.464,0.142,0.183,0.367,0.518,0.301,0.132,0.389,0.226,0.426,0.087,0.088,0.491,0.384,0.458,0.274,0.446,0.418,0.375,0.387,0.404,0.449,0.087,0.088,0.421,0.668,0.444,0.089,0.452,0.487,0.179,0.558,0.196,0.481,0.087,0.086,0.086,0.091,0.086,0.087,0.093,0.091,0.087,0.088,0.086,0.09,0.087
,10:25:00,48,0.086,0.087,0.087,0.087,0.087,0.088,0.089,0.088,0.085,0.085,0.078,0.086,0.094,0.157,0.12,0.113,0.154,0.198,0.183,0.102,0.117,0.106,0.106,0.088,0.087,0.142,0.122,0.134,0.139,0.137,0.146,0.116,0.128,0.124,0.112,0.09,0.09,0.105,0.133,0.13,0.083,0.119,0.157,0.135,0.228,0.109,0.137,0.09,0.089,0.461,0.141,0.183,0.366,0.523,0.305,0.132,0.391,0.226,0.423,0.088,0.089,0.49,0.386,0.458,0.273,0.444,0.419,0.376,0.393,0.404,0.447,0.087,0.089,0.421,0.669,0.441,0.089,0.448,0.483,0.178,0.557,0.195,0.48,0.087,0.086,0.086,0.091,0.086,0.088,0.094,0.091,0.087,0.089,0.087,0.091,0.087
,10:30:00,48,0.086,0.086,0.087,0.087,0.087,0.088,0.088,0.087,0.085,0.085,0.078,0.085,0.094,0.157,0.12,0.113,0.153,0.197,0.183,0.102,0.117,0.106,0.106,0.087,0.086,0.142,0.122,0.134,0.139,0.136,0.145,0.115,0.128,0.124,0.111,0.09,0.089,0.104,0.133,0.13,0.085,0.119,0.156,0.135,0.227,0.105,0.136,0.09,0.088,0.458,0.14,0.182,0.364,0.521,0.305,0.131,0.392,0.226,0.422,0.087,0.088,0.488,0.38,0.457,0.272,0.447,0.419,0.374,0.378,0.401,0.445,0.088,0.088,0.421,0.67,0.434,0.089,0.443,0.48,0.18,0.556,0.196,0.479,0.087,0.086,0.086,0.09,0.086,0.087,0.093,0.091,0.087,0.089,0.087,0.09,0.087
,10:35:00,48,0.087,0.086,0.087,0.087,0.087,0.088,0.088,0.088,0.085,0.085,0.078,0.087,0.095,0.157,0.12,0.113,0.153,0.197,0.183,0.102,0.116,0.106,0.105,0.088,0.087,0.143,0.122,0.134,0.139,0.136,0.145,0.115,0.128,0.124,0.111,0.09,0.089,0.105,0.133,0.13,0.082,0.12,0.156,0.135,0.227,0.105,0.136,0.09,0.089,0.459,0.139,0.183,0.363,0.521,0.305,0.13,0.389,0.226,0.42,0.088,0.088,0.486,0.385,0.457,0.273,0.452,0.417,0.372,0.385,0.402,0.445,0.087,0.088,0.424,0.673,0.43,0.089,0.439,0.477,0.179,0.555,0.195,0.479,0.087,0.086,0.086,0.09,0.086,0.088,0.093,0.091,0.087,0.089,0.087,0.09,0.087
,10:40:00,48,0.086,0.087,0.087,0.087,0.087,0.087,0.089,0.088,0.085,0.085,0.078,0.087,0.094,0.157,0.12,0.113,0.153,0.197,0.182,0.102,0.117,0.106,0.105,0.087,0.087,0.143,0.122,0.134,0.138,0.137,0.145,0.115,0.128,0.124,0.112,0.09,0.09,0.107,0.133,0.13,0.082,0.122,0.156,0.135,0.227,0.105,0.136,0.09,0.089,0.459,0.138,0.183,0.362,0.518,0.303,0.13,0.393,0.225,0.419,0.087,0.089,0.485,0.38,0.457,0.272,0.443,0.416,0.373,0.392,0.401,0.443,0.087,0.088,0.425,0.674,0.425,0.089,0.436,0.473,0.179,0.554,0.196,0.479,0.087,0.086,0.086,0.091,0.086,0.088,0.093,0.091,0.087,0.089,0.086,0.09,0.087
,10:45:00,48,0.086,0.087,0.087,0.087,0.087,0.088,0.089,0.088,0.085,0.085,0.078,0.09,0.094,0.157,0.12,0.113,0.153,0.197,0.182,0.102,0.115,0.106,0.105,0.088,0.087,0.142,0.122,0.134,0.138,0.137,0.145,0.116,0.128,0.124,0.113,0.09,0.089,0.108,0.133,0.13,0.085,0.12,0.156,0.135,0.228,0.105,0.136,0.09,0.089,0.454,0.137,0.183,0.361,0.519,0.306,0.13,0.398,0.226,0.419,0.087,0.089,0.484,0.38,0.457,0.274,0.449,0.415,0.369,0.387,0.404,0.444,0.087,0.088,0.426,0.677,0.423,0.089,0.43,0.468,0.179,0.553,0.197,0.48,0.087,0.086,0.086,0.091,0.086,0.087,0.093,0.091,0.087,0.089,0.086,0.091,0.087
,10:50:00,48,0.087,0.087,0.087,0.087,0.087,0.088,0.089,0.087,0.085,0.085,0.078,0.087,0.095,0.156,0.12,0.113,0.152,0.197,0.182,0.101,0.117,0.106,0.105,0.087,0.087,0.143,0.122,0.134,0.138,0.137,0.145,0.115,0.128,0.124,0.113,0.09,0.09,0.107,0.133,0.13,0.085,0.119,0.156,0.135,0.228,0.106,0.136,0.09,0.089,0.457,0.137,0.182,0.359,0.512,0.302,0.13,0.389,0.227,0.419,0.087,0.089,0.483,0.379,0.454,0.272,0.444,0.414,0.366,0.385,0.402,0.443,0.087,0.088,0.426,0.678,0.418,0.089,0.427,0.467,0.18,0.552,0.197,0.48,0.087,0.086,0.086,0.091,0.086,0.088,0.093,0.091,0.087,0.089,0.087,0.09,0.087
,10:55:00,48,0.087,0.086,0.087,0.087,0.087,0.088,0.089,0.087,0.085,0.084,0.078,0.086,0.094,0.157,0.12,0.113,0.153,0.197,0.181,0.101,0.116,0.106,0.105,0.087,0.087,0.142,0.122,0.134,0.138,0.137,0.145,0.115,0.127,0.124,0.112,0.09,0.09,0.106,0.133,0.13,0.082,0.119,0.156,0.135,0.227,0.106,0.136,0.09,0.089,0.457,0.135,0.182,0.358,0.514,0.302,0.129,0.391,0.226,0.418,0.088,0.089,0.48,0.381,0.454,0.278,0.44,0.413,0.369,0.382,0.4,0.442,0.087,0.088,0.428,0.68,0.414,0.089,0.423,0.462,0.18,0.551,0.196,0.48,0.087,0.086,0.086,0.091,0.086,0.087,0.093,0.091,0.087,0.088,0.086,0.09,0.087
,11:00:00,48,0.086,0.087,0.087,0.087,0.087,0.087,0.088,0.087,0.085,0.085,0.079,0.087,0.094,0.156,0.12,0.113,0.152,0.197,0.181,0.101,0.116,0.106,0.105,0.087,0.087,0.142,0.122,0.133,0.138,0.136,0.145,0.115,0.127,0.124,0.113,0.09,0.089,0.107,0.132,0.129,0.082,0.119,0.156,0.135,0.227,0.109,0.135,0.09,0.088,0.452,0.134,0.182,0.355,0.515,0.3,0.128,0.391,0.226,0.418,0.087,0.088,0.478,0.382,0.454,0.279,0.435,0.411,0.366,0.375,0.4,0.44,0.087,0.088,0.428,0.682,0.411,0.089,0.418,0.459,0.179,0.55,0.195,0.48,0.087,0.086,0.086,0.09,0.086,0.087,0.093,0.091,0.087,0.089,0.086,0.09,0.087
,11:05:00,48,0.086,0.087,0.087,0.087,0.087,0.088,0.089,0.09,0.085,0.084,0.079,0.088,0.094,0.157,0.119,0.113,0.152,0.197,0.181,0.101,0.117,0.106,0.105,0.088,0.087,0.143,0.122,0.133,0.139,0.137,0.145,0.115,0.128,0.124,0.113,0.09,0.089,0.104,0.132,0.13,0.084,0.119,0.156,0.135,0.228,0.105,0.136,0.09,0.089,0.452,0.134,0.182,0.355,0.516,0.302,0.128,0.393,0.226,0.417,0.088,0.089,0.476,0.381,0.453,0.275,0.444,0.412,0.367,0.378,0.4,0.44,0.087,0.088,0.43,0.685,0.404,0.089,0.413,0.456,0.18,0.549,0.197,0.482,0.087,0.086,0.086,0.09,0.086,0.088,0.093,0.091,0.087,0.089,0.086,0.091,0.087
,11:10:00,48,0.087,0.087,0.087,0.088,0.087,0.088,0.088,0.091,0.085,0.084,0.078,0.091,0.094,0.157,0.119,0.113,0.152,0.197,0.181,0.101,0.116,0.106,0.105,0.087,0.087,0.143,0.122,0.134,0.138,0.136,0.145,0.115,0.127,0.124,0.112,0.09,0.089,0.105,0.132,0.13,0.083,0.118,0.156,0.135,0.227,0.105,0.136,0.09,0.089,0.45,0.133,0.182,0.353,0.514,0.303,0.128,0.395,0.226,0.416,0.088,0.089,0.475,0.377,0.451,0.273,0.434,0.41,0.363,0.382,0.401,0.439,0.087,0.088,0.431,0.687,0.402,0.089,0.411,0.452,0.18,0.548,0.198,0.482,0.087,0.086,0.086,0.09,0.086,0.088,0.093,0.091,0.087,0.088,0.086,0.09,0.087
,11:15:00,48,0.086,0.087,0.087,0.087,0.087,0.088,0.089,0.088,0.085,0.084,0.078,0.089,0.094,0.157,0.119,0.113,0.152,0.197,0.181,0.101,0.115,0.106,0.105,0.087,0.087,0.142,0.122,0.133,0.138,0.136,0.145,0.115,0.127,0.124,0.111,0.09,0.09,0.106,0.132,0.129,0.085,0.119,0.156,0.135,0.227,0.105,0.135,0.09,0.089,0.448,0.132,0.182,0.353,0.519,0.303,0.127,0.402,0.227,0.418,0.087,0.089,0.474,0.379,0.451,0.269,0.445,0.408,0.365,0.391,0.402,0.439,0.087,0.088,0.432,0.69,0.399,0.089,0.407,0.449,0.179,0.547,0.199,0.485,0.087,0.086,0.086,0.091,0.086,0.088,0.093,0.091,0.087,0.088,0.086,0.09,0.087
,11:20:00,48,0.087,0.087,0.087,0.088,0.087,0.088,0.089,0.087,0.085,0.084,0.079,0.09,0.095,0.156,0.12,0.113,0.152,0.197,0.181,0.102,0.117,0.107,0.105,0.088,0.087,0.143,0.122,0.134,0.138,0.137,0.145,0.115,0.128,0.124,0.113,0.091,0.09,0.104,0.133,0.13,0.083,0.12,0.156,0.135,0.227,0.106,0.136,0.09,0.089,0.454,0.131,0.183,0.351,0.508,0.3,0.127,0.389,0.227,0.417,0.088,0.089,0.472,0.376,0.449,0.264,0.433,0.405,0.359,0.374,0.404,0.439,0.087,0.088,0.433,0.693,0.394,0.089,0.403,0.447,0.179,0.547,0.2,0.485,0.087,0.086,0.086,0.091,0.086,0.088,0.093,0.091,0.088,0.089,0.087,0.091,0.087
,11:25:00,48,0.086,0.086,0.086,0.087,0.087,0.088,0.088,0.087,0.085,0.084,0.078,0.091,0.094,0.156,0.119,0.113,0.151,0.196,0.18,0.101,0.116,0.105,0.104,0.087,0.086,0.142,0.122,0.133,0.137,0.136,0.144,0.114,0.127,0.123,0.111,0.09,0.089,0.103,0.132,0.13,0.083,0.119,0.155,0.135,0.227,0.112,0.135,0.089,0.089,0.449,0.13,0.182,0.349,0.513,0.302,0.126,0.395,0.226,0.414,0.087,0.088,0.469,0.377,0.449,0.264,0.434,0.406,0.361,0.388,0.401,0.437,0.087,0.088,0.434,0.696,0.39,0.089,0.398,0.444,0.18,0.545,0.198,0.482,0.086,0.086,0.086,0.09,0.085,0.087,0.093,0.091,0.087,0.089,0.086,0.09,0.087
,11:30:00,48,0.086,0.087,0.087,0.087,0.087,0.088,0.089,0.087,0.085,0.084,0.078,0.092,0.094,0.156,0.119,0.113,0.151,0.196,0.18,0.101,0.117,0.106,0.105,0.087,0.086,0.142,0.122,0.133,0.137,0.136,0.144,0.114,0.127,0.124,0.108,0.092,0.089,0.105,0.132,0.13,0.085,0.121,0.155,0.135,0.227,0.105,0.135,0.09,0.089,0.443,0.129,0.181,0.349,0.517,0.298,0.126,0.394,0.226,0.413,0.087,0.088,0.468,0.374,0.448,0.267,0.438,0.405,0.362,0.37,0.402,0.436,0.087,0.088,0.434,0.699,0.385,0.089,0.394,0.44,0.179,0.544,0.199,0.483,0.087,0.086,0.085,0.09,0.086,0.087,0.093,0.091,0.087,0.089,0.086,0.09,0.087
,11:35:00,48,0.086,0.087,0.087,0.087,0.086,0.088,0.088,0.087,0.085,0.083,0.078,0.09,0.094,0.156,0.119,0.113,0.151,0.196,0.18,0.101,0.117,0.105,0.105,0.087,0.087,0.142,0.122,0.133,0.137,0.135,0.144,0.114,0.127,0.124,0.109,0.09,0.089,0.107,0.132,0.13,0.082,0.119,0.155,0.135,0.227,0.112,0.136,0.09,0.089,0.442,0.128,0.182,0.347,0.515,0.302,0.126,0.393,0.227,0.412,0.087,0.088,0.466,0.374,0.447,0.267,0.435,0.403,0.357,0.373,0.401,0.435,0.087,0.088,0.433,0.701,0.383,0.089,0.391,0.437,0.18,0.543,0.198,0.484,0.087,0.085,0.085,0.09,0.086,0.087,0.093,0.091,0.087,0.088,0.086,0.09,0.087
,11:40:00,47.9,0.086,0.087,0.087,0.087,0.087,0.088,0.088,0.087,0.085,0.084,0.078,0.089,0.094,0.156,0.119,0.113,0.151,0.196,0.18,0.101,0.117,0.106,0.105,0.087,0.087,0.142,0.122,0.133,0.137,0.136,0.145,0.114,0.127,0.124,0.108,0.09,0.09,0.106,0.132,0.129,0.085,0.121,0.155,0.135,0.227,0.114,0.135,0.09,0.089,0.447,0.127,0.182,0.348,0.513,0.3,0.125,0.393,0.228,0.414,0.088,0.089,0.463,0.375,0.447,0.265,0.438,0.403,0.359,0.38,0.402,0.436,0.087,0.088,0.435,0.705,0.379,0.089,0.389,0.434,0.179,0.542,0.198,0.483,0.087,0.086,0.085,0.09,0.086,0.088,0.093,0.091,0.087,0.089,0.086,0.09,0.087
,11:45:00,47.9,0.086,0.087,0.087,0.087,0.087,0.088,0.088,0.087,0.085,0.083,0.079,0.088,0.095,0.156,0.119,0.112,0.151,0.196,0.18,0.101,0.116,0.106,0.104,0.087,0.087,0.142,0.121,0.133,0.136,0.136,0.144,0.114,0.126,0.124,0.108,0.089,0.09,0.107,0.132,0.129,0.085,0.12,0.155,0.135,0.227,0.105,0.135,0.09,0.089,0.441,0.127,0.182,0.346,0.512,0.302,0.125,0.403,0.228,0.411,0.087,0.088,0.461,0.372,0.445,0.261,0.431,0.402,0.354,0.377,0.402,0.433,0.087,0.088,0.436,0.709,0.374,0.089,0.384,0.431,0.179,0.541,0.2,0.483,0.087,0.086,0.085,0.09,0.085,0.088,0.093,0.091,0.087,0.088,0.086,0.09,0.087
,11:50:00,48,0.087,0.087,0.087,0.087,0.087,0.088,0.089,0.089,0.085,0.084,0.079,0.089,0.094,0.156,0.119,0.113,0.151,0.197,0.18,0.101,0.117,0.106,0.105,0.087,0.087,0.142,0.122,0.134,0.138,0.136,0.144,0.114,0.127,0.124,0.108,0.09,0.09,0.106,0.132,0.13,0.083,0.119,0.155,0.135,0.227,0.105,0.135,0.09,0.089,0.441,0.126,0.182,0.346,0.508,0.302,0.125,0.397,0.227,0.409,0.088,0.089,0.459,0.37,0.446,0.263,0.429,0.401,0.352,0.374,0.403,0.433,0.087,0.088,0.436,0.712,0.372,0.089,0.381,0.428,0.181,0.541,0.201,0.484,0.087,0.086,0.086,0.09,0.086,0.088,0.093,0.091,0.087,0.089,0.086,0.09,0.087
,11:55:00,48,0.086,0.086,0.087,0.087,0.087,0.088,0.088,0.087,0.085,0.083,0.078,0.09,0.095,0.155,0.119,0.112,0.15,0.195,0.18,0.101,0.116,0.105,0.104,0.087,0.086,0.142,0.122,0.133,0.136,0.136,0.144,0.114,0.126,0.123,0.108,0.089,0.089,0.105,0.131,0.129,0.083,0.119,0.155,0.135,0.226,0.105,0.135,0.09,0.089,0.443,0.125,0.181,0.343,0.507,0.299,0.124,0.398,0.227,0.409,0.087,0.088,0.457,0.372,0.443,0.261,0.43,0.398,0.352,0.382,0.403,0.432,0.087,0.088,0.437,0.715,0.366,0.089,0.378,0.426,0.179,0.539,0.2,0.481,0.086,0.086,0.085,0.09,0.086,0.087,0.093,0.091,0.087,0.088,0.086,0.09,0.087
,12:00:00,47.9,0.087,0.087,0.088,0.088,0.087,0.088,0.089,0.088,0.085,0.084,0.078,0.089,0.096,0.156,0.119,0.113,0.15,0.196,0.18,0.101,0.117,0.106,0.105,0.087,0.087,0.143,0.122,0.133,0.136,0.136,0.145,0.115,0.127,0.124,0.108,0.09,0.09,0.105,0.132,0.13,0.086,0.12,0.155,0.135,0.227,0.105,0.135,0.09,0.089,0.438,0.125,0.182,0.344,0.509,0.301,0.124,0.401,0.229,0.408,0.088,0.089,0.455,0.369,0.444,0.261,0.43,0.398,0.35,0.382,0.404,0.433,0.087,0.088,0.439,0.719,0.363,0.089,0.375,0.423,0.18,0.538,0.202,0.483,0.087,0.086,0.086,0.091,0.086,0.088,0.093,0.092,0.087,0.089,0.086,0.091,0.088
,12:05:00,48,0.087,0.087,0.087,0.087,0.087,0.088,0.089,0.088,0.085,0.084,0.079,0.085,0.094,0.156,0.119,0.113,0.15,0.195,0.18,0.101,0.117,0.105,0.105,0.087,0.087,0.142,0.122,0.133,0.137,0.136,0.144,0.114,0.126,0.124,0.108,0.09,0.09,0.105,0.132,0.13,0.085,0.12,0.155,0.135,0.226,0.105,0.135,0.09,0.089,0.44,0.124,0.182,0.343,0.512,0.298,0.123,0.4,0.228,0.408,0.088,0.089,0.453,0.369,0.443,0.26,0.427,0.397,0.351,0.384,0.403,0.431,0.087,0.088,0.44,0.721,0.36,0.089,0.372,0.42,0.18,0.537,0.202,0.481,0.086,0.086,0.086,0.091,0.086,0.088,0.093,0.091,0.087,0.089,0.086,0.091,0.087
,12:10:00,48,0.087,0.087,0.087,0.087,0.087,0.088,0.089,0.087,0.085,0.083,0.079,0.089,0.094,0.156,0.119,0.112,0.15,0.195,0.179,0.101,0.117,0.105,0.105,0.087,0.087,0.142,0.121,0.133,0.136,0.136,0.144,0.114,0.126,0.123,0.108,0.09,0.089,0.107,0.131,0.13,0.083,0.12,0.155,0.135,0.227,0.105,0.135,0.09,0.089,0.441,0.123,0.181,0.341,0.508,0.299,0.123,0.401,0.228,0.406,0.087,0.088,0.451,0.369,0.442,0.259,0.429,0.396,0.348,0.374,0.401,0.43,0.087,0.088,0.44,0.723,0.355,0.089,0.368,0.418,0.18,0.536,0.201,0.481,0.087,0.085,0.086,0.09,0.086,0.088,0.093,0.091,0.087,0.088,0.086,0.09,0.087
,12:15:00,48,0.087,0.087,0.087,0.088,0.087,0.088,0.089,0.087,0.085,0.083,0.079,0.085,0.096,0.155,0.119,0.113,0.15,0.196,0.179,0.101,0.117,0.105,0.105,0.087,0.087,0.142,0.122,0.133,0.136,0.135,0.144,0.114,0.126,0.124,0.108,0.09,0.089,0.105,0.132,0.13,0.083,0.119,0.155,0.135,0.226,0.105,0.135,0.09,0.089,0.438,0.122,0.182,0.34,0.506,0.298,0.122,0.401,0.228,0.405,0.087,0.088,0.449,0.365,0.442,0.262,0.422,0.394,0.347,0.381,0.404,0.43,0.087,0.088,0.44,0.726,0.354,0.089,0.365,0.414,0.18,0.535,0.202,0.481,0.087,0.086,0.085,0.09,0.086,0.087,0.093,0.091,0.087,0.088,0.086,0.09,0.087
,12:20:00,48,0.086,0.086,0.087,0.087,0.087,0.088,0.088,0.087,0.085,0.083,0.079,0.086,0.094,0.155,0.119,0.112,0.149,0.195,0.179,0.1,0.117,0.105,0.104,0.087,0.087,0.142,0.122,0.133,0.136,0.136,0.144,0.114,0.126,0.123,0.107,0.09,0.09,0.106,0.132,0.13,0.084,0.12,0.155,0.135,0.226,0.105,0.135,0.09,0.089,0.441,0.122,0.181,0.337,0.506,0.297,0.122,0.4,0.227,0.404,0.088,0.089,0.447,0.369,0.441,0.261,0.424,0.393,0.346,0.377,0.404,0.43,0.087,0.088,0.44,0.73,0.35,0.089,0.361,0.412,0.18,0.534,0.202,0.479,0.087,0.085,0.085,0.09,0.086,0.088,0.093,0.091,0.087,0.089,0.086,0.091,0.087
,12:25:00,48,0.087,0.087,0.087,0.087,0.087,0.087,0.088,0.087,0.085,0.083,0.079,0.089,0.095,0.155,0.119,0.112,0.149,0.196,0.179,0.101,0.117,0.105,0.105,0.087,0.087,0.142,0.121,0.133,0.136,0.135,0.144,0.114,0.126,0.123,0.108,0.09,0.09,0.107,0.131,0.13,0.084,0.121,0.155,0.135,0.226,0.105,0.135,0.09,0.089,0.438,0.121,0.181,0.337,0.502,0.298,0.122,0.401,0.228,0.405,0.087,0.088,0.445,0.364,0.44,0.261,0.425,0.393,0.343,0.379,0.405,0.429,0.087,0.088,0.441,0.731,0.346,0.089,0.359,0.409,0.18,0.533,0.202,0.482,0.087,0.085,0.085,0.09,0.086,0.087,0.093,0.091,0.087,0.089,0.086,0.09,0.087
,12:30:00,48,0.086,0.086,0.087,0.087,0.087,0.087,0.088,0.087,0.085,0.083,0.079,0.086,0.094,0.155,0.119,0.112,0.149,0.195,0.179,0.1,0.116,0.105,0.104,0.087,0.086,0.142,0.121,0.133,0.135,0.135,0.144,0.114,0.126,0.123,0.107,0.09,0.089,0.104,0.131,0.13,0.082,0.12,0.155,0.134,0.226,0.106,0.135,0.09,0.088,0.438,0.12,0.181,0.336,0.509,0.293,0.121,0.398,0.227,0.403,0.087,0.088,0.443,0.365,0.44,0.258,0.425,0.392,0.344,0.384,0.403,0.426,0.086,0.088,0.44,0.733,0.343,0.089,0.354,0.407,0.179,0.532,0.202,0.479,0.087,0.085,0.085,0.09,0.085,0.087,0.093,0.091,0.087,0.088,0.086,0.09,0.087
,12:35:00,48,0.087,0.087,0.087,0.087,0.087,0.087,0.088,0.088,0.085,0.083,0.079,0.085,0.095,0.155,0.119,0.112,0.149,0.195,0.178,0.101,0.116,0.105,0.104,0.087,0.087,0.142,0.121,0.133,0.136,0.135,0.143,0.114,0.126,0.123,0.108,0.09,0.09,0.107,0.131,0.13,0.084,0.12,0.155,0.135,0.227,0.104,0.135,0.09,0.089,0.435,0.119,0.181,0.334,0.503,0.296,0.121,0.402,0.228,0.402,0.088,0.088,0.441,0.364,0.439,0.263,0.418,0.39,0.339,0.373,0.403,0.427,0.087,0.088,0.441,0.735,0.34,0.089,0.352,0.404,0.18,0.531,0.203,0.479,0.087,0.085,0.085,0.09,0.086,0.087,0.093,0.091,0.087,0.089,0.086,0.091,0.087
,12:40:00,48,0.086,0.086,0.087,0.087,0.087,0.088,0.088,0.087,0.085,0.083,0.079,0.088,0.094,0.155,0.119,0.112,0.148,0.195,0.178,0.1,0.116,0.105,0.104,0.087,0.086,0.142,0.121,0.133,0.135,0.135,0.144,0.113,0.125,0.123,0.107,0.09,0.089,0.106,0.131,0.13,0.085,0.12,0.155,0.135,0.226,0.105,0.135,0.089,0.089,0.435,0.119,0.181,0.333,0.502,0.293,0.12,0.401,0.228,0.4,0.087,0.089,0.439,0.361,0.438,0.261,0.418,0.386,0.338,0.375,0.402,0.425,0.087,0.088,0.442,0.737,0.336,0.088,0.35,0.402,0.18,0.53,0.203,0.477,0.087,0.085,0.085,0.09,0.086,0.088,0.093,0.091,0.087,0.089,0.086,0.09,0.087
,12:45:00,47.9,0.087,0.087,0.087,0.088,0.087,0.088,0.089,0.087,0.085,0.083,0.079,0.084,0.094,0.156,0.119,0.112,0.148,0.196,0.179,0.101,0.117,0.105,0.105,0.087,0.087,0.142,0.122,0.133,0.136,0.135,0.144,0.114,0.126,0.123,0.108,0.09,0.09,0.104,0.131,0.13,0.086,0.12,0.155,0.135,0.226,0.108,0.135,0.09,0.089,0.435,0.119,0.182,0.331,0.504,0.293,0.121,0.405,0.227,0.399,0.088,0.089,0.438,0.363,0.438,0.256,0.424,0.389,0.339,0.383,0.404,0.425,0.087,0.088,0.443,0.739,0.336,0.089,0.347,0.4,0.18,0.529,0.203,0.477,0.087,0.086,0.086,0.091,0.086,0.088,0.094,0.091,0.087,0.089,0.086,0.091,0.087
,12:50:00,47.9,0.087,0.087,0.087,0.087,0.087,0.087,0.089,0.087,0.085,0.083,0.079,0.084,0.096,0.155,0.119,0.113,0.148,0.195,0.178,0.101,0.116,0.105,0.104,0.087,0.087,0.142,0.121,0.133,0.135,0.135,0.144,0.114,0.125,0.124,0.108,0.09,0.09,0.107,0.131,0.13,0.084,0.12,0.155,0.135,0.226,0.105,0.135,0.09,0.089,0.433,0.118,0.182,0.33,0.505,0.293,0.12,0.402,0.228,0.397,0.087,0.089,0.436,0.359,0.437,0.265,0.419,0.387,0.336,0.377,0.402,0.424,0.087,0.088,0.441,0.74,0.331,0.089,0.345,0.398,0.18,0.528,0.202,0.476,0.087,0.085,0.085,0.09,0.086,0.088,0.093,0.091,0.087,0.089,0.086,0.09,0.087
,12:55:00,48,0.087,0.087,0.087,0.087,0.087,0.088,0.089,0.088,0.085,0.083,0.079,0.084,0.095,0.155,0.119,0.112,0.148,0.195,0.178,0.1,0.114,0.105,0.104,0.087,0.087,0.142,0.121,0.133,0.136,0.135,0.144,0.114,0.126,0.123,0.108,0.09,0.09,0.105,0.131,0.13,0.083,0.119,0.155,0.135,0.226,0.105,0.135,0.09,0.089,0.429,0.118,0.181,0.329,0.506,0.292,0.12,0.405,0.228,0.398,0.088,0.089,0.434,0.361,0.437,0.257,0.42,0.387,0.336,0.381,0.404,0.424,0.087,0.088,0.443,0.741,0.328,0.089,0.342,0.395,0.18,0.527,0.204,0.476,0.087,0.085,0.086,0.091,0.086,0.088,0.093,0.091,0.087,0.089,0.086,0.091,0.087
,13:00:00,47.9,0.087,0.087,0.087,0.087,0.087,0.088,0.088,0.087,0.085,0.083,0.079,0.083,0.096,0.156,0.119,0.112,0.148,0.194,0.178,0.101,0.117,0.105,0.104,0.087,0.087,0.142,0.121,0.133,0.135,0.135,0.143,0.113,0.125,0.123,0.108,0.09,0.09,0.106,0.131,0.13,0.085,0.119,0.154,0.135,0.226,0.104,0.135,0.09,0.089,0.426,0.118,0.181,0.328,0.509,0.292,0.119,0.408,0.227,0.395,0.088,0.089,0.432,0.357,0.436,0.265,0.418,0.386,0.336,0.377,0.404,0.421,0.087,0.088,0.443,0.741,0.326,0.089,0.34,0.393,0.18,0.527,0.203,0.475,0.087,0.085,0.085,0.09,0.086,0.087,0.093,0.091,0.087,0.089,0.086,0.09,0.087
,13:05:00,47.9,0.087,0.086,0.087,0.088,0.087,0.088,0.088,0.087,0.085,0.083,0.079,0.083,0.094,0.155,0.119,0.112,0.148,0.195,0.177,0.1,0.116,0.105,0.104,0.087,0.087,0.142,0.121,0.133,0.134,0.135,0.143,0.113,0.126,0.123,0.108,0.09,0.09,0.104,0.131,0.129,0.082,0.119,0.155,0.135,0.226,0.105,0.134,0.09,0.089,0.431,0.117,0.18,0.326,0.502,0.294,0.119,0.406,0.228,0.396,0.088,0.089,0.429,0.363,0.436,0.263,0.418,0.384,0.334,0.38,0.408,0.424,0.087,0.088,0.443,0.741,0.323,0.089,0.336,0.39,0.18,0.525,0.203,0.476,0.087,0.085,0.085,0.09,0.086,0.087,0.093,0.091,0.087,0.089,0.086,0.091,0.087
,13:10:00,47.9,0.086,0.086,0.087,0.087,0.087,0.087,0.088,0.087,0.084,0.082,0.079,0.083,0.095,0.155,0.119,0.112,0.148,0.194,0.177,0.1,0.116,0.105,0.104,0.087,0.087,0.141,0.121,0.133,0.134,0.135,0.143,0.113,0.125,0.123,0.107,0.09,0.089,0.103,0.131,0.129,0.085,0.118,0.154,0.134,0.226,0.112,0.134,0.089,0.089,0.428,0.116,0.182,0.323,0.506,0.295,0.118,0.406,0.228,0.395,0.087,0.088,0.428,0.357,0.435,0.253,0.419,0.384,0.333,0.386,0.406,0.422,0.087,0.088,0.441,0.741,0.319,0.089,0.332,0.388,0.18,0.523,0.204,0.474,0.086,0.085,0.085,0.09,0.086,0.087,0.093,0.091,0.087,0.089,0.086,0.09,0.087
,13:15:00,48,0.087,0.086,0.087,0.087,0.087,0.088,0.088,0.087,0.084,0.082,0.079,0.084,0.094,0.156,0.119,0.112,0.147,0.195,0.177,0.1,0.115,0.105,0.104,0.087,0.086,0.142,0.121,0.133,0.135,0.134,0.143,0.113,0.125,0.123,0.107,0.09,0.09,0.105,0.131,0.129,0.084,0.119,0.154,0.135,0.226,0.107,0.134,0.089,0.089,0.424,0.116,0.181,0.322,0.502,0.294,0.119,0.408,0.228,0.393,0.087,0.089,0.427,0.355,0.434,0.257,0.411,0.381,0.33,0.376,0.406,0.421,0.087,0.088,0.442,0.743,0.317,0.089,0.331,0.386,0.18,0.522,0.204,0.475,0.087,0.085,0.086,0.09,0.085,0.087,0.093,0.091,0.087,0.089,0.086,0.09,0.087
,13:20:00,48,0.1,0.086,0.087,0.087,0.087,0.087,0.088,0.087,0.084,0.081,0.079,0.083,0.094,0.155,0.119,0.112,0.147,0.194,0.177,0.1,0.116,0.105,0.104,0.087,0.087,0.142,0.121,0.133,0.134,0.135,0.143,0.113,0.125,0.123,0.108,0.091,0.09,0.105,0.131,0.129,0.086,0.119,0.155,0.135,0.226,0.104,0.135,0.089,0.089,0.431,0.116,0.181,0.32,0.505,0.293,0.118,0.412,0.227,0.395,0.087,0.089,0.425,0.355,0.436,0.26,0.415,0.381,0.329,0.383,0.408,0.423,0.087,0.088,0.444,0.744,0.314,0.089,0.328,0.384,0.18,0.522,0.205,0.477,0.087,0.085,0.086,0.09,0.086,0.087,0.093,0.091,0.087,0.089,0.086,0.09,0.087
,13:25:00,48,0.097,0.087,0.087,0.087,0.087,0.087,0.088,0.087,0.084,0.08,0.079,0.083,0.094,0.155,0.119,0.112,0.147,0.194,0.177,0.1,0.117,0.105,0.104,0.087,0.087,0.142,0.121,0.133,0.134,0.135,0.143,0.113,0.125,0.123,0.107,0.09,0.09,0.107,0.131,0.129,0.086,0.118,0.155,0.134,0.226,0.104,0.134,0.089,0.089,0.423,0.115,0.181,0.318,0.499,0.293,0.118,0.407,0.227,0.392,0.087,0.088,0.423,0.352,0.434,0.252,0.412,0.38,0.326,0.372,0.405,0.42,0.087,0.088,0.442,0.743,0.313,0.089,0.324,0.38,0.179,0.521,0.203,0.474,0.087,0.085,0.085,0.09,0.086,0.087,0.093,0.091,0.087,0.089,0.086,0.09,0.087
,13:30:00,48,0.089,0.086,0.087,0.088,0.087,0.087,0.088,0.087,0.084,0.079,0.079,0.082,0.094,0.155,0.119,0.112,0.147,0.194,0.177,0.101,0.115,0.105,0.104,0.087,0.087,0.142,0.121,0.133,0.134,0.135,0.143,0.113,0.125,0.123,0.107,0.09,0.09,0.104,0.131,0.129,0.083,0.118,0.154,0.135,0.226,0.104,0.134,0.09,0.089,0.421,0.115,0.18,0.316,0.501,0.293,0.118,0.407,0.228,0.39,0.087,0.089,0.42,0.351,0.434,0.258,0.411,0.378,0.325,0.373,0.405,0.418,0.087,0.088,0.443,0.743,0.31,0.089,0.324,0.379,0.179,0.52,0.204,0.473,0.087,0.085,0.085,0.09,0.086,0.088,0.093,0.091,0.087,0.089,0.086,0.09,0.087
,13:35:00,48,0.086,0.087,0.087,0.087,0.087,0.087,0.088,0.089,0.085,0.079,0.079,0.081,0.094,0.155,0.118,0.112,0.147,0.194,0.177,0.1,0.117,0.105,0.103,0.087,0.087,0.141,0.121,0.133,0.134,0.135,0.143,0.113,0.125,0.123,0.107,0.09,0.09,0.104,0.131,0.129,0.082,0.118,0.154,0.135,0.226,0.104,0.134,0.089,0.089,0.425,0.115,0.181,0.315,0.499,0.29,0.117,0.406,0.227,0.391,0.087,0.088,0.419,0.352,0.433,0.252,0.412,0.377,0.325,0.382,0.409,0.421,0.087,0.088,0.442,0.744,0.308,0.089,0.321,0.378,0.179,0.519,0.203,0.474,0.087,0.085,0.085,0.09,0.085,0.087,0.093,0.091,0.087,0.089,0.086,0.091,0.087
,13:40:00,48,0.1,0.086,0.087,0.087,0.087,0.087,0.088,0.087,0.085,0.078,0.079,0.08,0.094,0.155,0.119,0.112,0.147,0.194,0.176,0.1,0.114,0.105,0.104,0.087,0.087,0.142,0.12,0.133,0.133,0.135,0.143,0.112,0.124,0.123,0.107,0.09,0.09,0.104,0.13,0.129,0.085,0.118,0.154,0.135,0.226,0.107,0.134,0.09,0.089,0.421,0.114,0.181,0.313,0.499,0.29,0.117,0.403,0.226,0.388,0.087,0.089,0.417,0.348,0.433,0.251,0.412,0.376,0.323,0.376,0.406,0.418,0.087,0.088,0.443,0.747,0.306,0.089,0.319,0.376,0.178,0.518,0.203,0.472,0.086,0.085,0.085,0.09,0.085,0.087,0.093,0.091,0.087,0.089,0.086,0.09,0.087
,13:45:00,47.9,0.099,0.087,0.087,0.087,0.087,0.087,0.088,0.087,0.084,0.078,0.079,0.079,0.094,0.155,0.118,0.112,0.146,0.194,0.176,0.1,0.116,0.105,0.104,0.087,0.087,0.141,0.12,0.133,0.133,0.135,0.143,0.113,0.124,0.123,0.107,0.09,0.089,0.107,0.13,0.129,0.085,0.118,0.154,0.134,0.225,0.104,0.134,0.089,0.089,0.425,0.114,0.181,0.312,0.499,0.289,0.117,0.408,0.227,0.388,0.087,0.088,0.415,0.35,0.432,0.254,0.409,0.376,0.321,0.373,0.407,0.42,0.087,0.088,0.444,0.747,0.304,0.089,0.317,0.373,0.178,0.518,0.204,0.474,0.087,0.085,0.085,0.09,0.085,0.088,0.093,0.091,0.087,0.088,0.086,0.091,0.087
,13:50:00,47.9,0.101,0.087,0.087,0.088,0.087,0.088,0.089,0.087,0.085,0.078,0.08,0.079,0.094,0.155,0.119,0.112,0.147,0.194,0.176,0.1,0.117,0.105,0.104,0.087,0.087,0.142,0.121,0.133,0.134,0.134,0.143,0.113,0.125,0.123,0.107,0.091,0.09,0.106,0.131,0.13,0.085,0.118,0.154,0.135,0.226,0.105,0.134,0.09,0.089,0.423,0.115,0.18,0.309,0.497,0.29,0.116,0.406,0.226,0.387,0.088,0.089,0.412,0.351,0.432,0.257,0.405,0.375,0.32,0.371,0.409,0.42,0.087,0.088,0.444,0.747,0.302,0.089,0.316,0.371,0.179,0.517,0.204,0.473,0.087,0.085,0.086,0.09,0.086,0.088,0.094,0.091,0.088,0.089,0.086,0.091,0.087
,13:55:00,48,0.087,0.087,0.087,0.088,0.087,0.087,0.088,0.087,0.084,0.077,0.08,0.078,0.094,0.155,0.118,0.112,0.146,0.194,0.176,0.1,0.114,0.105,0.104,0.087,0.086,0.141,0.121,0.133,0.134,0.134,0.143,0.113,0.124,0.123,0.108,0.09,0.09,0.104,0.13,0.129,0.086,0.118,0.153,0.134,0.225,0.104,0.134,0.089,0.089,0.422,0.114,0.181,0.308,0.503,0.286,0.116,0.405,0.226,0.384,0.087,0.089,0.412,0.346,0.432,0.255,0.408,0.375,0.32,0.38,0.407,0.417,0.087,0.088,0.445,0.748,0.3,0.089,0.312,0.37,0.178,0.515,0.203,0.47,0.087,0.085,0.085,0.09,0.086,0.088,0.093,0.091,0.087,0.089,0.086,0.091,0.087
,14:00:00,48,0.095,0.087,0.087,0.087,0.087,0.087,0.088,0.087,0.084,0.077,0.079,0.077,0.094,0.155,0.118,0.112,0.146,0.193,0.176,0.1,0.117,0.105,0.104,0.087,0.087,0.142,0.121,0.132,0.133,0.134,0.142,0.113,0.124,0.123,0.107,0.091,0.09,0.105,0.13,0.129,0.085,0.118,0.154,0.134,0.226,0.104,0.134,0.09,0.088,0.422,0.114,0.181,0.307,0.495,0.287,0.115,0.405,0.225,0.384,0.087,0.089,0.41,0.35,0.432,0.257,0.405,0.373,0.317,0.369,0.407,0.417,0.087,0.088,0.445,0.749,0.296,0.089,0.31,0.368,0.178,0.514,0.202,0.47,0.087,0.085,0.085,0.09,0.085,0.087,0.093,0.091,0.087,0.089,0.086,0.091,0.087
,14:05:00,48,0.087,0.087,0.087,0.088,0.087,0.088,0.088,0.087,0.084,0.077,0.08,0.077,0.094,0.154,0.118,0.112,0.146,0.193,0.176,0.1,0.115,0.105,0.104,0.087,0.087,0.141,0.121,0.132,0.133,0.134,0.143,0.113,0.125,0.123,0.107,0.09,0.09,0.107,0.13,0.129,0.086,0.118,0.154,0.134,0.226,0.104,0.134,0.09,0.089,0.419,0.114,0.18,0.305,0.496,0.285,0.115,0.401,0.226,0.383,0.087,0.089,0.409,0.345,0.431,0.256,0.403,0.372,0.316,0.368,0.406,0.417,0.087,0.088,0.444,0.75,0.295,0.089,0.308,0.367,0.178,0.513,0.202,0.469,0.087,0.085,0.085,0.09,0.086,0.088,0.093,0.091,0.087,0.089,0.086,0.091,0.087
,14:10:00,48,0.086,0.086,0.087,0.087,0.087,0.087,0.088,0.087,0.084,0.076,0.079,0.076,0.094,0.154,0.118,0.112,0.146,0.193,0.176,0.099,0.116,0.104,0.104,0.087,0.087,0.142,0.12,0.132,0.132,0.134,0.142,0.112,0.124,0.123,0.107,0.09,0.09,0.105,0.13,0.129,0.086,0.118,0.153,0.134,0.225,0.104,0.134,0.089,0.088,0.419,0.113,0.18,0.303,0.498,0.287,0.115,0.404,0.226,0.381,0.087,0.088,0.406,0.343,0.431,0.256,0.406,0.371,0.315,0.375,0.407,0.414,0.087,0.087,0.443,0.749,0.294,0.089,0.306,0.364,0.178,0.512,0.2,0.467,0.086,0.084,0.085,0.09,0.085,0.088,0.093,0.091,0.087,0.088,0.086,0.09,0.086
,14:15:00,48,0.087,0.087,0.087,0.088,0.087,0.088,0.089,0.087,0.085,0.076,0.08,0.076,0.095,0.155,0.119,0.112,0.146,0.193,0.176,0.1,0.117,0.105,0.104,0.087,0.087,0.142,0.121,0.132,0.133,0.135,0.143,0.112,0.124,0.123,0.107,0.091,0.09,0.107,0.13,0.129,0.085,0.118,0.154,0.134,0.226,0.104,0.134,0.09,0.089,0.418,0.113,0.181,0.301,0.5,0.287,0.115,0.41,0.226,0.381,0.088,0.089,0.406,0.343,0.432,0.253,0.404,0.372,0.316,0.375,0.409,0.415,0.087,0.088,0.445,0.749,0.291,0.09,0.305,0.363,0.178,0.511,0.202,0.468,0.087,0.085,0.085,0.09,0.086,0.088,0.093,0.091,0.087,0.089,0.086,0.091,0.087
,14:20:00,48,0.093,0.087,0.087,0.087,0.087,0.087,0.088,0.087,0.084,0.075,0.08,0.076,0.094,0.155,0.119,0.112,0.146,0.193,0.176,0.1,0.116,0.104,0.104,0.087,0.087,0.142,0.121,0.132,0.133,0.134,0.142,0.112,0.125,0.123,0.107,0.09,0.09,0.106,0.131,0.129,0.085,0.118,0.154,0.135,0.225,0.105,0.134,0.09,0.089,0.418,0.113,0.18,0.3,0.495,0.287,0.115,0.406,0.227,0.38,0.088,0.089,0.403,0.342,0.431,0.253,0.406,0.37,0.312,0.368,0.408,0.415,0.087,0.088,0.445,0.749,0.29,0.089,0.303,0.361,0.178,0.51,0.202,0.468,0.087,0.085,0.085,0.091,0.085,0.088,0.093,0.091,0.087,0.089,0.086,0.091,0.087
,14:25:00,48,0.1,0.087,0.087,0.087,0.087,0.087,0.088,0.087,0.084,0.075,0.08,0.076,0.094,0.154,0.118,0.112,0.145,0.193,0.175,0.1,0.113,0.105,0.103,0.087,0.087,0.141,0.12,0.132,0.133,0.134,0.142,0.112,0.124,0.123,0.107,0.09,0.09,0.106,0.13,0.129,0.086,0.118,0.153,0.134,0.225,0.111,0.134,0.09,0.089,0.415,0.113,0.18,0.298,0.488,0.283,0.113,0.392,0.223,0.377,0.087,0.088,0.4,0.34,0.428,0.25,0.399,0.366,0.305,0.359,0.404,0.412,0.087,0.088,0.441,0.75,0.288,0.089,0.3,0.358,0.177,0.509,0.199,0.466,0.087,0.084,0.085,0.09,0.085,0.087,0.093,0.091,0.087,0.089,0.086,0.09,0.086
,14:30:00,48,0.09,0.086,0.087,0.087,0.087,0.087,0.088,0.087,0.084,0.075,0.08,0.076,0.094,0.154,0.118,0.111,0.145,0.193,0.175,0.1,0.117,0.104,0.103,0.087,0.087,0.141,0.121,0.133,0.132,0.134,0.142,0.112,0.124,0.123,0.107,0.09,0.09,0.106,0.13,0.129,0.085,0.118,0.154,0.134,0.225,0.104,0.134,0.089,0.089,0.416,0.112,0.18,0.296,0.495,0.284,0.113,0.407,0.225,0.376,0.087,0.089,0.4,0.336,0.429,0.253,0.398,0.368,0.308,0.366,0.403,0.41,0.087,0.088,0.445,0.751,0.288,0.089,0.3,0.357,0.179,0.508,0.199,0.464,0.087,0.084,0.085,0.09,0.085,0.088,0.093,0.091,0.087,0.088,0.086,0.09,0.086
,14:35:00,48,0.096,0.087,0.087,0.087,0.087,0.087,0.089,0.087,0.084,0.075,0.08,0.076,0.094,0.155,0.118,0.111,0.145,0.193,0.175,0.099,0.116,0.104,0.103,0.087,0.087,0.141,0.12,0.132,0.132,0.134,0.142,0.112,0.124,0.123,0.107,0.09,0.09,0.104,0.13,0.129,0.086,0.118,0.153,0.134,0.225,0.104,0.133,0.089,0.089,0.415,0.112,0.181,0.295,0.492,0.284,0.113,0.403,0.225,0.374,0.087,0.088,0.397,0.338,0.429,0.26,0.401,0.367,0.307,0.364,0.404,0.41,0.087,0.088,0.442,0.75,0.285,0.089,0.298,0.356,0.178,0.508,0.198,0.464,0.087,0.084,0.085,0.09,0.085,0.088,0.093,0.091,0.087,0.088,0.086,0.091,0.086
,14:40:00,48,0.087,0.086,0.087,0.087,0.087,0.087,0.088,0.087,0.084,0.075,0.079,0.075,0.094,0.154,0.118,0.112,0.145,0.192,0.175,0.099,0.117,0.104,0.103,0.087,0.086,0.141,0.12,0.132,0.132,0.134,0.142,0.112,0.123,0.123,0.107,0.09,0.09,0.105,0.13,0.129,0.086,0.118,0.153,0.134,0.224,0.105,0.133,0.089,0.088,0.414,0.112,0.18,0.293,0.491,0.281,0.113,0.401,0.223,0.373,0.087,0.088,0.397,0.336,0.429,0.256,0.397,0.366,0.306,0.363,0.404,0.409,0.087,0.088,0.443,0.75,0.283,0.089,0.296,0.354,0.178,0.507,0.197,0.465,0.086,0.084,0.085,0.09,0.086,0.087,0.093,0.091,0.087,0.088,0.086,0.09,0.087
,14:45:00,48,0.087,0.087,0.087,0.087,0.087,0.087,0.088,0.087,0.084,0.075,0.08,0.076,0.095,0.154,0.119,0.112,0.145,0.193,0.175,0.1,0.115,0.104,0.103,0.087,0.087,0.141,0.12,0.132,0.132,0.133,0.142,0.112,0.124,0.122,0.107,0.091,0.089,0.105,0.13,0.129,0.084,0.118,0.154,0.134,0.224,0.104,0.133,0.09,0.089,0.414,0.112,0.18,0.292,0.492,0.283,0.112,0.402,0.224,0.372,0.087,0.089,0.395,0.336,0.43,0.258,0.397,0.365,0.305,0.368,0.405,0.408,0.087,0.088,0.443,0.751,0.283,0.089,0.295,0.352,0.178,0.506,0.196,0.461,0.087,0.084,0.085,0.09,0.085,0.087,0.093,0.091,0.087,0.088,0.086,0.09,0.086
,14:50:00,48,0.086,0.086,0.086,0.087,0.087,0.087,0.088,0.086,0.084,0.075,0.079,0.075,0.094,0.154,0.118,0.111,0.144,0.192,0.174,0.099,0.116,0.104,0.102,0.087,0.086,0.141,0.12,0.131,0.132,0.133,0.141,0.112,0.123,0.122,0.106,0.09,0.089,0.104,0.13,0.128,0.086,0.118,0.153,0.134,0.224,0.104,0.133,0.089,0.088,0.414,0.111,0.179,0.29,0.481,0.281,0.112,0.388,0.222,0.369,0.087,0.088,0.393,0.334,0.428,0.249,0.397,0.364,0.301,0.354,0.401,0.408,0.086,0.087,0.441,0.748,0.282,0.089,0.293,0.35,0.177,0.505,0.194,0.462,0.086,0.084,0.085,0.09,0.085,0.087,0.092,0.09,0.086,0.088,0.086,0.09,0.086
,14:55:00,48,0.087,0.087,0.087,0.087,0.087,0.087,0.088,0.087,0.084,0.075,0.08,0.076,0.095,0.154,0.118,0.112,0.145,0.192,0.175,0.1,0.117,0.104,0.103,0.087,0.087,0.141,0.12,0.132,0.133,0.133,0.142,0.112,0.124,0.123,0.107,0.09,0.09,0.106,0.13,0.129,0.086,0.119,0.153,0.134,0.224,0.107,0.134,0.09,0.089,0.413,0.112,0.18,0.289,0.494,0.281,0.112,0.397,0.223,0.369,0.087,0.089,0.391,0.336,0.429,0.26,0.395,0.365,0.304,0.359,0.402,0.406,0.087,0.088,0.441,0.75,0.283,0.09,0.292,0.349,0.178,0.505,0.194,0.46,0.087,0.084,0.085,0.09,0.085,0.088,0.093,0.091,0.087,0.089,0.086,0.09,0.087
,15:00:00,48,0.096,0.086,0.087,0.087,0.087,0.087,0.088,0.087,0.084,0.074,0.08,0.076,0.095,0.154,0.118,0.111,0.144,0.192,0.174,0.099,0.114,0.104,0.103,0.087,0.087,0.141,0.12,0.132,0.132,0.134,0.142,0.112,0.123,0.123,0.106,0.09,0.089,0.104,0.129,0.129,0.084,0.118,0.153,0.134,0.224,0.104,0.133,0.089,0.089,0.413,0.112,0.18,0.287,0.495,0.279,0.112,0.401,0.223,0.367,0.087,0.088,0.391,0.336,0.428,0.26,0.396,0.364,0.302,0.366,0.402,0.404,0.087,0.087,0.44,0.75,0.283,0.089,0.291,0.347,0.177,0.503,0.192,0.459,0.087,0.084,0.085,0.09,0.085,0.087,0.093,0.091,0.087,0.088,0.086,0.09,0.086
,15:05:00,48,0.088,0.086,0.087,0.087,0.087,0.087,0.088,0.087,0.084,0.076,0.08,0.076,0.094,0.154,0.118,0.112,0.145,0.192,0.175,0.1,0.116,0.104,0.103,0.087,0.087,0.141,0.12,0.132,0.131,0.133,0.142,0.112,0.124,0.123,0.107,0.091,0.09,0.105,0.13,0.128,0.085,0.119,0.153,0.134,0.224,0.111,0.133,0.09,0.089,0.411,0.112,0.18,0.286,0.487,0.28,0.112,0.393,0.222,0.368,0.088,0.089,0.389,0.332,0.428,0.249,0.396,0.363,0.299,0.359,0.404,0.405,0.087,0.088,0.442,0.75,0.281,0.089,0.289,0.345,0.177,0.503,0.191,0.46,0.087,0.084,0.085,0.09,0.086,0.088,0.093,0.091,0.087,0.089,0.086,0.09,0.087
,15:10:00,48,0.086,0.087,0.087,0.087,0.087,0.087,0.088,0.087,0.084,0.077,0.08,0.074,0.094,0.154,0.118,0.111,0.144,0.192,0.174,0.099,0.113,0.104,0.103,0.087,0.087,0.141,0.12,0.132,0.131,0.133,0.142,0.111,0.123,0.123,0.107,0.09,0.09,0.105,0.129,0.128,0.083,0.118,0.153,0.134,0.224,0.104,0.133,0.089,0.089,0.412,0.111,0.18,0.285,0.483,0.278,0.111,0.395,0.222,0.364,0.087,0.088,0.388,0.334,0.427,0.247,0.386,0.362,0.297,0.354,0.402,0.405,0.087,0.087,0.438,0.749,0.281,0.089,0.288,0.343,0.177,0.501,0.192,0.458,0.087,0.084,0.085,0.09,0.085,0.087,0.093,0.091,0.087,0.088,0.086,0.09,0.087
,15:15:00,48,0.087,0.087,0.087,0.087,0.087,0.087,0.088,0.087,0.084,0.074,0.08,0.075,0.094,0.154,0.118,0.111,0.144,0.192,0.174,0.1,0.116,0.104,0.103,0.087,0.087,0.141,0.12,0.132,0.131,0.133,0.142,0.112,0.123,0.122,0.107,0.09,0.09,0.107,0.13,0.129,0.086,0.119,0.153,0.135,0.224,0.104,0.134,0.09,0.089,0.407,0.111,0.18,0.283,0.49,0.277,0.111,0.399,0.222,0.364,0.087,0.088,0.387,0.329,0.427,0.255,0.394,0.361,0.297,0.357,0.401,0.403,0.087,0.088,0.437,0.75,0.281,0.089,0.287,0.342,0.177,0.502,0.19,0.459,0.087,0.084,0.085,0.09,0.085,0.087,0.093,0.091,0.087,0.089,0.086,0.09,0.087
,15:20:00,47.9,0.087,0.087,0.087,0.088,0.087,0.087,0.089,0.087,0.084,0.072,0.08,0.076,0.094,0.154,0.118,0.111,0.144,0.192,0.174,0.1,0.115,0.104,0.102,0.087,0.087,0.141,0.12,0.132,0.131,0.133,0.142,0.112,0.123,0.122,0.107,0.09,0.09,0.106,0.13,0.128,0.084,0.119,0.153,0.134,0.224,0.104,0.133,0.09,0.089,0.408,0.111,0.18,0.281,0.486,0.278,0.111,0.394,0.221,0.361,0.087,0.088,0.385,0.326,0.426,0.248,0.387,0.358,0.294,0.349,0.399,0.401,0.087,0.088,0.438,0.75,0.281,0.089,0.285,0.341,0.176,0.501,0.188,0.457,0.087,0.084,0.085,0.09,0.086,0.088,0.093,0.091,0.087,0.089,0.086,0.09,0.087
,15:25:00,47.9,0.095,0.087,0.086,0.087,0.087,0.088,0.088,0.087,0.084,0.074,0.08,0.076,0.095,0.154,0.118,0.112,0.143,0.192,0.173,0.1,0.11,0.104,0.103,0.087,0.087,0.141,0.12,0.132,0.132,0.133,0.142,0.112,0.123,0.123,0.107,0.09,0.09,0.105,0.129,0.129,0.086,0.119,0.153,0.134,0.224,0.104,0.133,0.089,0.089,0.406,0.111,0.18,0.281,0.49,0.276,0.11,0.4,0.221,0.361,0.087,0.089,0.383,0.324,0.426,0.248,0.391,0.36,0.296,0.357,0.401,0.4,0.087,0.088,0.439,0.75,0.288,0.089,0.284,0.339,0.176,0.5,0.187,0.456,0.087,0.084,0.085,0.09,0.086,0.087,0.093,0.091,0.087,0.088,0.086,0.09,0.087
,15:30:00,47.9,0.091,0.087,0.087,0.088,0.087,0.088,0.088,0.087,0.084,0.077,0.08,0.076,0.094,0.154,0.118,0.112,0.144,0.192,0.174,0.1,0.11,0.104,0.103,0.087,0.087,0.141,0.12,0.132,0.132,0.134,0.142,0.112,0.123,0.123,0.107,0.09,0.09,0.105,0.13,0.129,0.086,0.119,0.153,0.134,0.224,0.104,0.133,0.09,0.089,0.406,0.111,0.18,0.28,0.489,0.273,0.11,0.397,0.221,0.361,0.087,0.089,0.382,0.326,0.428,0.247,0.394,0.36,0.296,0.361,0.402,0.4,0.087,0.088,0.435,0.749,0.294,0.09,0.284,0.338,0.176,0.5,0.186,0.454,0.087,0.084,0.085,0.09,0.086,0.088,0.093,0.091,0.087,0.088,0.086,0.091,0.087
,15:35:00,48,0.09,0.086,0.087,0.087,0.087,0.087,0.088,0.087,0.084,0.078,0.08,0.076,0.094,0.154,0.118,0.111,0.143,0.191,0.174,0.099,0.111,0.104,0.102,0.087,0.087,0.141,0.12,0.132,0.132,0.133,0.141,0.112,0.123,0.123,0.106,0.09,0.09,0.105,0.129,0.128,0.085,0.119,0.153,0.134,0.223,0.104,0.133,0.09,0.089,0.403,0.111,0.18,0.277,0.483,0.275,0.11,0.395,0.221,0.359,0.087,0.088,0.38,0.32,0.426,0.25,0.387,0.358,0.291,0.349,0.398,0.4,0.087,0.088,0.434,0.75,0.297,0.089,0.282,0.335,0.175,0.497,0.186,0.455,0.087,0.083,0.085,0.09,0.085,0.088,0.093,0.091,0.087,0.089,0.086,0.09,0.086
,15:40:00,48,0.087,0.087,0.087,0.087,0.087,0.087,0.088,0.086,0.084,0.078,0.08,0.077,0.094,0.154,0.118,0.111,0.143,0.191,0.173,0.099,0.116,0.104,0.102,0.087,0.087,0.14,0.12,0.131,0.131,0.133,0.141,0.111,0.123,0.122,0.106,0.09,0.09,0.106,0.129,0.129,0.086,0.119,0.152,0.134,0.224,0.104,0.133,0.09,0.089,0.402,0.111,0.179,0.277,0.486,0.278,0.11,0.393,0.221,0.356,0.088,0.088,0.379,0.318,0.425,0.253,0.385,0.355,0.29,0.354,0.397,0.397,0.087,0.088,0.434,0.749,0.297,0.089,0.282,0.334,0.175,0.498,0.185,0.453,0.086,0.083,0.085,0.09,0.085,0.088,0.093,0.091,0.087,0.088,0.086,0.09,0.086
,15:45:00,47.9,0.099,0.086,0.086,0.087,0.087,0.087,0.088,0.087,0.083,0.078,0.079,0.077,0.094,0.154,0.118,0.111,0.142,0.191,0.173,0.099,0.111,0.103,0.102,0.086,0.087,0.14,0.119,0.131,0.13,0.133,0.141,0.111,0.122,0.122,0.106,0.09,0.089,0.106,0.129,0.128,0.087,0.119,0.152,0.134,0.224,0.104,0.133,0.089,0.088,0.402,0.111,0.179,0.275,0.485,0.273,0.109,0.392,0.22,0.354,0.087,0.088,0.378,0.317,0.426,0.247,0.382,0.356,0.289,0.353,0.396,0.397,0.087,0.087,0.433,0.749,0.297,0.089,0.281,0.333,0.174,0.496,0.184,0.451,0.086,0.082,0.085,0.09,0.085,0.087,0.093,0.09,0.087,0.088,0.086,0.09,0.086
,15:50:00,48,0.087,0.087,0.087,0.087,0.087,0.087,0.088,0.087,0.083,0.078,0.08,0.077,0.094,0.154,0.118,0.111,0.143,0.191,0.173,0.099,0.117,0.104,0.102,0.087,0.086,0.141,0.12,0.131,0.13,0.133,0.141,0.111,0.123,0.122,0.106,0.09,0.089,0.106,0.129,0.128,0.086,0.118,0.153,0.133,0.223,0.104,0.133,0.089,0.088,0.401,0.111,0.179,0.275,0.483,0.276,0.109,0.396,0.22,0.354,0.087,0.088,0.377,0.315,0.424,0.25,0.386,0.354,0.287,0.352,0.396,0.394,0.087,0.088,0.432,0.749,0.297,0.089,0.281,0.331,0.174,0.495,0.183,0.451,0.086,0.081,0.085,0.089,0.085,0.087,0.093,0.091,0.087,0.088,0.086,0.09,0.086
,15:55:00,48,0.086,0.086,0.086,0.088,0.087,0.087,0.088,0.087,0.083,0.078,0.08,0.078,0.094,0.154,0.118,0.111,0.142,0.191,0.173,0.099,0.112,0.104,0.102,0.086,0.087,0.141,0.12,0.131,0.13,0.133,0.141,0.111,0.122,0.122,0.107,0.09,0.089,0.105,0.129,0.128,0.087,0.119,0.153,0.134,0.224,0.104,0.133,0.089,0.089,0.405,0.111,0.18,0.273,0.478,0.275,0.109,0.393,0.22,0.353,0.087,0.088,0.375,0.317,0.425,0.249,0.382,0.354,0.285,0.345,0.397,0.396,0.087,0.087,0.43,0.75,0.296,0.089,0.28,0.33,0.174,0.494,0.182,0.451,0.087,0.081,0.085,0.09,0.085,0.088,0.093,0.091,0.087,0.088,0.085,0.09,0.086
,16:00:00,48,0.1,0.086,0.087,0.087,0.087,0.087,0.088,0.086,0.083,0.076,0.08,0.077,0.094,0.153,0.117,0.111,0.142,0.19,0.172,0.099,0.116,0.103,0.102,0.086,0.086,0.14,0.119,0.132,0.13,0.132,0.141,0.111,0.122,0.122,0.106,0.09,0.089,0.104,0.13,0.128,0.085,0.119,0.152,0.134,0.222,0.104,0.132,0.089,0.088,0.402,0.11,0.179,0.271,0.48,0.268,0.108,0.383,0.219,0.349,0.087,0.088,0.374,0.313,0.423,0.245,0.381,0.354,0.284,0.351,0.394,0.394,0.086,0.087,0.428,0.75,0.295,0.089,0.28,0.329,0.173,0.493,0.181,0.45,0.086,0.08,0.085,0.089,0.085,0.087,0.092,0.09,0.087,0.088,0.086,0.09,0.086
,16:05:00,47.9,0.087,0.086,0.087,0.087,0.087,0.087,0.088,0.087,0.083,0.076,0.08,0.077,0.094,0.153,0.117,0.111,0.142,0.191,0.173,0.099,0.116,0.103,0.101,0.087,0.087,0.141,0.119,0.131,0.13,0.132,0.14,0.111,0.122,0.122,0.106,0.09,0.089,0.104,0.129,0.128,0.086,0.119,0.153,0.134,0.223,0.104,0.133,0.089,0.088,0.402,0.111,0.179,0.271,0.477,0.271,0.109,0.39,0.219,0.349,0.087,0.088,0.373,0.314,0.423,0.251,0.383,0.354,0.285,0.358,0.396,0.391,0.087,0.087,0.427,0.749,0.297,0.09,0.28,0.328,0.174,0.493,0.181,0.448,0.086,0.079,0.085,0.09,0.085,0.087,0.093,0.091,0.087,0.088,0.086,0.09,0.086
,16:10:00,48,0.087,0.087,0.087,0.087,0.087,0.087,0.088,0.087,0.083,0.075,0.08,0.077,0.095,0.154,0.118,0.111,0.142,0.19,0.172,0.099,0.113,0.103,0.102,0.087,0.087,0.14,0.119,0.131,0.13,0.133,0.141,0.111,0.122,0.122,0.106,0.09,0.09,0.105,0.129,0.128,0.086,0.119,0.152,0.134,0.223,0.104,0.132,0.09,0.089,0.401,0.111,0.179,0.269,0.482,0.269,0.108,0.389,0.218,0.348,0.087,0.089,0.372,0.312,0.423,0.242,0.382,0.352,0.285,0.352,0.396,0.391,0.087,0.087,0.429,0.749,0.298,0.089,0.279,0.326,0.173,0.491,0.18,0.448,0.086,0.079,0.085,0.09,0.085,0.088,0.093,0.091,0.088,0.089,0.086,0.09,0.086
,16:15:00,47.9,0.086,0.087,0.087,0.087,0.087,0.087,0.088,0.087,0.083,0.074,0.08,0.077,0.094,0.153,0.117,0.111,0.141,0.191,0.172,0.099,0.11,0.104,0.102,0.086,0.087,0.14,0.12,0.131,0.13,0.132,0.141,0.11,0.122,0.122,0.106,0.09,0.089,0.103,0.129,0.128,0.086,0.119,0.152,0.134,0.223,0.104,0.133,0.089,0.089,0.402,0.11,0.179,0.268,0.477,0.271,0.108,0.388,0.218,0.346,0.087,0.088,0.371,0.312,0.422,0.244,0.379,0.35,0.282,0.345,0.394,0.39,0.087,0.088,0.429,0.749,0.299,0.089,0.277,0.324,0.173,0.49,0.179,0.447,0.086,0.078,0.085,0.09,0.085,0.087,0.093,0.091,0.087,0.088,0.086,0.09,0.086
,16:20:00,48,0.086,0.086,0.087,0.087,0.086,0.087,0.088,0.086,0.083,0.074,0.08,0.077,0.094,0.153,0.118,0.111,0.141,0.19,0.172,0.099,0.109,0.103,0.101,0.086,0.086,0.14,0.119,0.131,0.129,0.132,0.141,0.11,0.122,0.122,0.106,0.09,0.09,0.106,0.129,0.128,0.087,0.119,0.151,0.134,0.223,0.104,0.132,0.089,0.088,0.401,0.11,0.179,0.267,0.475,0.27,0.108,0.383,0.217,0.344,0.087,0.088,0.371,0.309,0.421,0.232,0.377,0.348,0.28,0.343,0.392,0.39,0.086,0.088,0.428,0.75,0.299,0.089,0.276,0.323,0.172,0.49,0.179,0.447,0.086,0.078,0.085,0.089,0.085,0.087,0.093,0.091,0.087,0.089,0.086,0.09,0.086
,16:25:00,48,0.087,0.087,0.087,0.088,0.087,0.087,0.088,0.087,0.083,0.073,0.08,0.077,0.094,0.153,0.118,0.111,0.141,0.191,0.172,0.099,0.11,0.103,0.102,0.086,0.087,0.141,0.119,0.131,0.129,0.133,0.141,0.111,0.122,0.122,0.107,0.09,0.09,0.103,0.129,0.128,0.086,0.119,0.152,0.134,0.223,0.106,0.133,0.09,0.089,0.402,0.11,0.179,0.266,0.474,0.271,0.108,0.385,0.218,0.344,0.087,0.089,0.37,0.311,0.42,0.246,0.377,0.349,0.279,0.343,0.393,0.388,0.087,0.088,0.426,0.749,0.296,0.089,0.276,0.322,0.172,0.489,0.179,0.446,0.087,0.078,0.085,0.09,0.085,0.088,0.093,0.091,0.087,0.088,0.086,0.09,0.086
,16:30:00,47.9,0.088,0.086,0.087,0.088,0.087,0.087,0.088,0.087,0.083,0.072,0.08,0.077,0.094,0.154,0.117,0.111,0.141,0.19,0.172,0.099,0.109,0.103,0.102,0.086,0.087,0.14,0.12,0.131,0.13,0.132,0.14,0.111,0.122,0.122,0.106,0.09,0.089,0.104,0.129,0.128,0.085,0.119,0.151,0.134,0.223,0.109,0.133,0.089,0.089,0.4,0.111,0.178,0.264,0.473,0.266,0.108,0.384,0.217,0.343,0.088,0.088,0.368,0.31,0.421,0.244,0.376,0.349,0.28,0.344,0.394,0.388,0.087,0.087,0.424,0.749,0.298,0.089,0.276,0.322,0.171,0.489,0.178,0.446,0.086,0.078,0.085,0.09,0.085,0.087,0.093,0.09,0.087,0.089,0.086,0.09,0.086
,16:35:00,47.9,0.089,0.086,0.087,0.087,0.086,0.087,0.088,0.087,0.083,0.072,0.08,0.077,0.094,0.154,0.117,0.111,0.141,0.19,0.172,0.099,0.11,0.103,0.101,0.086,0.087,0.14,0.119,0.131,0.129,0.132,0.141,0.111,0.122,0.122,0.106,0.09,0.089,0.107,0.128,0.128,0.087,0.119,0.151,0.134,0.223,0.105,0.132,0.089,0.088,0.402,0.11,0.179,0.264,0.468,0.271,0.107,0.382,0.217,0.341,0.087,0.088,0.367,0.309,0.42,0.24,0.376,0.346,0.276,0.34,0.393,0.386,0.087,0.087,0.426,0.75,0.297,0.089,0.275,0.32,0.172,0.487,0.178,0.444,0.086,0.077,0.084,0.09,0.085,0.088,0.093,0.091,0.087,0.089,0.086,0.09,0.086
,16:40:00,48,0.097,0.087,0.087,0.087,0.087,0.087,0.088,0.087,0.083,0.072,0.08,0.076,0.094,0.154,0.117,0.111,0.141,0.19,0.172,0.099,0.109,0.103,0.102,0.086,0.087,0.14,0.119,0.131,0.13,0.132,0.141,0.11,0.122,0.122,0.106,0.09,0.09,0.105,0.129,0.128,0.087,0.119,0.151,0.134,0.223,0.104,0.133,0.09,0.089,0.399,0.11,0.179,0.262,0.471,0.267,0.107,0.376,0.218,0.34,0.087,0.088,0.368,0.304,0.419,0.242,0.376,0.345,0.276,0.343,0.389,0.386,0.087,0.088,0.429,0.75,0.297,0.089,0.275,0.319,0.171,0.486,0.178,0.443,0.087,0.077,0.085,0.09,0.085,0.087,0.093,0.091,0.087,0.089,0.086,0.09,0.086
,16:45:00,48,0.094,0.086,0.087,0.088,0.087,0.087,0.088,0.086,0.083,0.072,0.08,0.076,0.095,0.154,0.118,0.111,0.141,0.19,0.172,0.099,0.109,0.103,0.102,0.086,0.087,0.14,0.119,0.131,0.13,0.132,0.141,0.111,0.122,0.122,0.107,0.09,0.089,0.104,0.129,0.128,0.085,0.12,0.151,0.134,0.223,0.104,0.132,0.09,0.089,0.399,0.11,0.178,0.262,0.474,0.267,0.107,0.381,0.217,0.338,0.088,0.089,0.367,0.303,0.42,0.24,0.375,0.346,0.275,0.345,0.389,0.384,0.087,0.088,0.426,0.749,0.298,0.089,0.275,0.317,0.171,0.486,0.178,0.442,0.086,0.077,0.085,0.09,0.085,0.088,0.093,0.091,0.087,0.089,0.086,0.09,0.086
,16:50:00,48,0.086,0.086,0.086,0.087,0.086,0.087,0.088,0.086,0.083,0.071,0.08,0.075,0.094,0.153,0.117,0.11,0.14,0.19,0.172,0.099,0.112,0.103,0.101,0.086,0.087,0.14,0.119,0.131,0.129,0.132,0.14,0.11,0.122,0.121,0.106,0.09,0.089,0.104,0.128,0.128,0.087,0.12,0.152,0.134,0.222,0.106,0.132,0.089,0.088,0.398,0.11,0.178,0.26,0.466,0.267,0.107,0.382,0.217,0.336,0.087,0.088,0.366,0.303,0.417,0.24,0.368,0.344,0.272,0.336,0.388,0.383,0.087,0.087,0.425,0.75,0.298,0.089,0.276,0.316,0.17,0.484,0.176,0.441,0.086,0.076,0.085,0.089,0.085,0.087,0.092,0.091,0.087,0.088,0.086,0.09,0.086
,16:55:00,47.9,0.087,0.087,0.087,0.087,0.086,0.087,0.088,0.087,0.083,0.071,0.081,0.074,0.094,0.153,0.117,0.111,0.14,0.19,0.171,0.099,0.115,0.103,0.101,0.086,0.087,0.14,0.119,0.131,0.13,0.132,0.14,0.11,0.122,0.122,0.106,0.09,0.09,0.104,0.129,0.128,0.084,0.12,0.151,0.133,0.222,0.105,0.133,0.09,0.089,0.399,0.11,0.178,0.259,0.467,0.264,0.107,0.384,0.215,0.336,0.087,0.089,0.365,0.304,0.418,0.242,0.376,0.344,0.273,0.342,0.391,0.383,0.087,0.088,0.425,0.75,0.297,0.089,0.275,0.315,0.17,0.484,0.176,0.441,0.087,0.077,0.085,0.09,0.085,0.087,0.093,0.091,0.087,0.088,0.086,0.09,0.086
,17:00:00,48,0.09,0.086,0.086,0.087,0.087,0.087,0.087,0.086,0.082,0.072,0.08,0.074,0.094,0.153,0.117,0.11,0.14,0.189,0.171,0.099,0.116,0.102,0.101,0.086,0.087,0.14,0.119,0.131,0.129,0.132,0.14,0.11,0.121,0.121,0.106,0.09,0.089,0.104,0.129,0.128,0.086,0.121,0.151,0.133,0.222,0.104,0.132,0.09,0.088,0.399,0.11,0.178,0.258,0.462,0.263,0.107,0.377,0.215,0.335,0.087,0.088,0.365,0.305,0.416,0.241,0.37,0.343,0.272,0.336,0.39,0.383,0.087,0.087,0.421,0.749,0.296,0.089,0.275,0.314,0.17,0.483,0.175,0.441,0.086,0.076,0.084,0.089,0.085,0.087,0.093,0.09,0.087,0.088,0.085,0.09,0.085
,17:05:00,48,0.086,0.087,0.086,0.087,0.087,0.087,0.088,0.086,0.082,0.071,0.08,0.074,0.094,0.153,0.117,0.111,0.14,0.189,0.171,0.098,0.114,0.103,0.101,0.086,0.086,0.14,0.119,0.131,0.13,0.132,0.14,0.11,0.122,0.121,0.106,0.09,0.089,0.105,0.129,0.127,0.086,0.121,0.15,0.133,0.221,0.106,0.132,0.09,0.088,0.4,0.109,0.178,0.257,0.459,0.267,0.107,0.37,0.215,0.332,0.087,0.088,0.363,0.304,0.416,0.238,0.366,0.338,0.268,0.331,0.387,0.38,0.086,0.088,0.423,0.75,0.297,0.089,0.275,0.313,0.169,0.483,0.174,0.44,0.086,0.076,0.084,0.089,0.085,0.088,0.093,0.09,0.087,0.088,0.086,0.09,0.086
,17:10:00,47.9,0.086,0.087,0.087,0.087,0.087,0.087,0.088,0.086,0.082,0.071,0.08,0.075,0.096,0.153,0.117,0.11,0.14,0.189,0.171,0.099,0.113,0.103,0.101,0.086,0.087,0.14,0.119,0.131,0.129,0.132,0.14,0.11,0.121,0.121,0.106,0.09,0.089,0.105,0.128,0.127,0.083,0.122,0.151,0.134,0.222,0.104,0.132,0.089,0.088,0.395,0.11,0.178,0.256,0.465,0.266,0.107,0.38,0.215,0.331,0.087,0.088,0.362,0.296,0.414,0.233,0.371,0.339,0.269,0.337,0.386,0.379,0.087,0.087,0.423,0.749,0.297,0.089,0.274,0.312,0.169,0.481,0.173,0.438,0.087,0.076,0.084,0.09,0.085,0.087,0.093,0.091,0.087,0.088,0.086,0.09,0.086
,17:15:00,47.9,0.086,0.086,0.086,0.087,0.086,0.087,0.088,0.086,0.082,0.071,0.08,0.076,0.094,0.153,0.117,0.111,0.139,0.189,0.171,0.098,0.112,0.103,0.101,0.086,0.086,0.139,0.118,0.13,0.129,0.131,0.14,0.11,0.121,0.121,0.106,0.09,0.089,0.105,0.128,0.127,0.083,0.122,0.151,0.133,0.222,0.104,0.132,0.089,0.088,0.396,0.11,0.177,0.256,0.459,0.265,0.106,0.378,0.215,0.331,0.087,0.088,0.361,0.297,0.415,0.243,0.367,0.34,0.268,0.333,0.388,0.378,0.086,0.087,0.423,0.75,0.296,0.089,0.275,0.31,0.169,0.48,0.175,0.439,0.086,0.076,0.084,0.089,0.085,0.087,0.093,0.09,0.087,0.088,0.086,0.09,0.086
,17:20:00,48,0.086,0.087,0.087,0.087,0.086,0.087,0.087,0.087,0.081,0.071,0.08,0.079,0.095,0.153,0.116,0.111,0.139,0.189,0.171,0.099,0.114,0.103,0.1,0.086,0.087,0.14,0.119,0.13,0.129,0.132,0.14,0.11,0.121,0.122,0.106,0.09,0.089,0.107,0.128,0.127,0.087,0.122,0.151,0.133,0.222,0.105,0.132,0.089,0.088,0.397,0.109,0.178,0.254,0.463,0.261,0.106,0.375,0.214,0.329,0.087,0.088,0.36,0.295,0.415,0.237,0.368,0.339,0.268,0.342,0.389,0.377,0.087,0.087,0.423,0.75,0.296,0.089,0.275,0.309,0.168,0.48,0.172,0.439,0.086,0.076,0.085,0.09,0.085,0.087,0.093,0.091,0.087,0.088,0.086,0.09,0.086
,17:25:00,47.9,0.097,0.086,0.087,0.087,0.087,0.087,0.088,0.087,0.08,0.071,0.081,0.08,0.094,0.153,0.117,0.111,0.139,0.189,0.171,0.099,0.116,0.103,0.1,0.086,0.087,0.14,0.119,0.131,0.129,0.132,0.14,0.11,0.121,0.122,0.106,0.09,0.09,0.107,0.129,0.127,0.083,0.122,0.15,0.134,0.222,0.103,0.132,0.089,0.089,0.395,0.109,0.177,0.253,0.461,0.263,0.106,0.378,0.214,0.329,0.087,0.089,0.362,0.294,0.413,0.236,0.366,0.336,0.265,0.335,0.387,0.378,0.087,0.087,0.424,0.749,0.296,0.089,0.274,0.309,0.168,0.479,0.172,0.438,0.086,0.076,0.085,0.089,0.085,0.087,0.093,0.091,0.087,0.088,0.086,0.091,0.086
,17:30:00,48,0.086,0.086,0.087,0.087,0.086,0.087,0.088,0.086,0.08,0.071,0.08,0.08,0.094,0.153,0.117,0.11,0.139,0.188,0.17,0.098,0.115,0.102,0.1,0.086,0.087,0.14,0.119,0.13,0.129,0.131,0.139,0.11,0.121,0.121,0.105,0.09,0.089,0.106,0.128,0.127,0.085,0.122,0.15,0.133,0.221,0.103,0.132,0.089,0.089,0.397,0.109,0.177,0.252,0.454,0.261,0.106,0.368,0.213,0.326,0.087,0.088,0.359,0.294,0.412,0.227,0.361,0.333,0.264,0.331,0.383,0.376,0.086,0.087,0.424,0.749,0.295,0.089,0.273,0.307,0.167,0.478,0.172,0.435,0.086,0.076,0.084,0.089,0.085,0.087,0.093,0.091,0.087,0.088,0.086,0.09,0.086
,17:35:00,48,0.086,0.086,0.087,0.087,0.087,0.087,0.088,0.086,0.079,0.071,0.08,0.08,0.094,0.153,0.117,0.11,0.139,0.189,0.17,0.099,0.11,0.102,0.1,0.086,0.087,0.14,0.119,0.131,0.129,0.131,0.14,0.11,0.121,0.121,0.105,0.09,0.089,0.105,0.128,0.127,0.084,0.122,0.151,0.133,0.221,0.104,0.132,0.089,0.089,0.393,0.109,0.178,0.251,0.457,0.258,0.106,0.377,0.213,0.324,0.087,0.088,0.358,0.291,0.411,0.231,0.363,0.335,0.263,0.334,0.386,0.376,0.086,0.087,0.422,0.749,0.295,0.089,0.273,0.307,0.167,0.477,0.172,0.436,0.086,0.076,0.084,0.089,0.085,0.087,0.093,0.091,0.087,0.088,0.086,0.09,0.086
,17:40:00,48,0.086,0.087,0.086,0.087,0.086,0.087,0.088,0.086,0.079,0.071,0.08,0.08,0.094,0.153,0.117,0.111,0.138,0.189,0.17,0.099,0.112,0.102,0.1,0.086,0.087,0.139,0.118,0.13,0.129,0.131,0.14,0.11,0.121,0.121,0.106,0.09,0.089,0.106,0.128,0.127,0.086,0.122,0.152,0.133,0.222,0.103,0.131,0.089,0.088,0.393,0.109,0.177,0.251,0.449,0.26,0.106,0.374,0.213,0.324,0.087,0.088,0.358,0.291,0.411,0.233,0.362,0.333,0.261,0.328,0.384,0.374,0.086,0.087,0.421,0.75,0.294,0.089,0.272,0.306,0.167,0.477,0.173,0.435,0.086,0.076,0.084,0.089,0.085,0.087,0.093,0.091,0.087,0.088,0.086,0.09,0.086
,17:45:00,48,0.087,0.086,0.087,0.087,0.087,0.087,0.088,0.086,0.078,0.071,0.08,0.081,0.094,0.153,0.117,0.111,0.139,0.188,0.17,0.098,0.112,0.102,0.1,0.086,0.087,0.14,0.119,0.13,0.129,0.131,0.14,0.11,0.121,0.122,0.106,0.09,0.09,0.106,0.128,0.127,0.087,0.122,0.149,0.134,0.221,0.104,0.131,0.09,0.088,0.393,0.109,0.177,0.25,0.453,0.26,0.106,0.373,0.213,0.323,0.087,0.089,0.356,0.287,0.41,0.232,0.358,0.331,0.261,0.331,0.384,0.372,0.087,0.088,0.424,0.75,0.294,0.089,0.273,0.304,0.167,0.475,0.171,0.434,0.087,0.077,0.085,0.09,0.086,0.088,0.093,0.091,0.087,0.088,0.086,0.09,0.086
,17:50:00,48,0.087,0.086,0.087,0.087,0.087,0.087,0.088,0.086,0.078,0.071,0.08,0.081,0.094,0.153,0.117,0.11,0.139,0.188,0.17,0.098,0.113,0.103,0.1,0.086,0.087,0.14,0.118,0.13,0.129,0.131,0.139,0.11,0.121,0.121,0.105,0.09,0.089,0.104,0.128,0.127,0.086,0.122,0.149,0.133,0.221,0.104,0.131,0.089,0.088,0.391,0.109,0.177,0.249,0.456,0.255,0.106,0.376,0.212,0.322,0.087,0.088,0.355,0.287,0.409,0.233,0.364,0.333,0.261,0.335,0.385,0.372,0.087,0.087,0.422,0.751,0.292,0.089,0.271,0.304,0.166,0.475,0.171,0.434,0.087,0.077,0.084,0.089,0.085,0.087,0.093,0.091,0.087,0.088,0.086,0.09,0.086
,17:55:00,47.9,0.088,0.086,0.087,0.087,0.087,0.087,0.088,0.086,0.078,0.071,0.08,0.08,0.095,0.153,0.117,0.11,0.139,0.188,0.17,0.098,0.111,0.102,0.1,0.086,0.087,0.139,0.119,0.13,0.129,0.131,0.139,0.11,0.121,0.121,0.106,0.089,0.089,0.106,0.128,0.127,0.086,0.122,0.15,0.133,0.221,0.103,0.131,0.089,0.088,0.394,0.109,0.177,0.248,0.445,0.258,0.106,0.364,0.213,0.32,0.087,0.088,0.355,0.288,0.409,0.228,0.359,0.33,0.259,0.323,0.382,0.372,0.086,0.087,0.421,0.749,0.292,0.09,0.271,0.303,0.166,0.474,0.171,0.433,0.086,0.077,0.084,0.089,0.085,0.087,0.092,0.091,0.087,0.089,0.086,0.09,0.086
,18:00:00,48,0.094,0.087,0.086,0.087,0.087,0.087,0.088,0.086,0.077,0.071,0.08,0.08,0.095,0.153,0.117,0.111,0.138,0.189,0.169,0.098,0.114,0.102,0.1,0.086,0.087,0.139,0.119,0.13,0.129,0.131,0.139,0.11,0.121,0.121,0.106,0.09,0.089,0.103,0.128,0.127,0.085,0.122,0.149,0.133,0.221,0.103,0.131,0.089,0.089,0.39,0.109,0.177,0.247,0.45,0.258,0.106,0.375,0.213,0.319,0.087,0.088,0.353,0.285,0.408,0.236,0.358,0.33,0.258,0.329,0.382,0.369,0.087,0.087,0.42,0.75,0.291,0.089,0.27,0.302,0.165,0.473,0.17,0.431,0.086,0.077,0.085,0.089,0.085,0.087,0.093,0.091,0.087,0.088,0.086,0.09,0.086
,18:05:00,48,0.099,0.087,0.087,0.087,0.087,0.087,0.088,0.086,0.077,0.071,0.08,0.081,0.095,0.153,0.117,0.11,0.138,0.188,0.169,0.098,0.112,0.102,0.1,0.086,0.087,0.139,0.119,0.13,0.129,0.131,0.139,0.11,0.121,0.121,0.105,0.09,0.089,0.104,0.128,0.127,0.087,0.122,0.15,0.133,0.221,0.104,0.131,0.089,0.089,0.391,0.109,0.177,0.247,0.442,0.257,0.105,0.365,0.212,0.318,0.087,0.088,0.353,0.287,0.407,0.227,0.354,0.327,0.256,0.319,0.379,0.369,0.086,0.087,0.422,0.75,0.292,0.089,0.271,0.302,0.165,0.473,0.169,0.432,0.086,0.076,0.084,0.089,0.085,0.087,0.093,0.091,0.087,0.089,0.086,0.091,0.086
,18:10:00,48,0.087,0.087,0.087,0.087,0.087,0.087,0.088,0.086,0.077,0.071,0.08,0.081,0.095,0.153,0.117,0.11,0.138,0.188,0.169,0.098,0.113,0.102,0.1,0.086,0.087,0.139,0.119,0.13,0.129,0.131,0.139,0.109,0.121,0.121,0.105,0.09,0.089,0.106,0.128,0.127,0.085,0.122,0.149,0.133,0.221,0.104,0.131,0.089,0.088,0.392,0.109,0.177,0.245,0.441,0.255,0.105,0.365,0.211,0.317,0.087,0.088,0.352,0.287,0.406,0.233,0.355,0.326,0.255,0.326,0.382,0.37,0.086,0.087,0.424,0.751,0.291,0.089,0.271,0.301,0.164,0.471,0.169,0.432,0.087,0.076,0.084,0.09,0.085,0.087,0.093,0.091,0.087,0.089,0.086,0.09,0.086
,18:15:00,48,0.087,0.087,0.087,0.087,0.087,0.087,0.088,0.086,0.076,0.071,0.08,0.081,0.095,0.153,0.117,0.11,0.138,0.188,0.169,0.098,0.115,0.102,0.1,0.086,0.087,0.139,0.119,0.13,0.129,0.131,0.139,0.109,0.121,0.121,0.105,0.09,0.09,0.105,0.128,0.127,0.086,0.122,0.15,0.134,0.221,0.103,0.131,0.089,0.089,0.392,0.109,0.177,0.245,0.442,0.256,0.105,0.366,0.211,0.314,0.087,0.088,0.35,0.285,0.404,0.226,0.354,0.325,0.252,0.323,0.38,0.367,0.086,0.087,0.42,0.751,0.291,0.089,0.271,0.3,0.165,0.471,0.168,0.429,0.086,0.076,0.084,0.09,0.085,0.087,0.093,0.091,0.087,0.088,0.086,0.09,0.086
,18:20:00,48,0.087,0.087,0.087,0.087,0.087,0.087,0.088,0.086,0.076,0.071,0.08,0.08,0.094,0.153,0.117,0.11,0.138,0.188,0.169,0.098,0.112,0.102,0.099,0.086,0.087,0.14,0.118,0.13,0.128,0.131,0.139,0.11,0.12,0.121,0.105,0.09,0.089,0.105,0.128,0.127,0.087,0.122,0.15,0.133,0.22,0.103,0.131,0.089,0.089,0.391,0.109,0.177,0.244,0.436,0.257,0.105,0.365,0.211,0.314,0.087,0.088,0.35,0.283,0.404,0.223,0.352,0.324,0.253,0.315,0.378,0.366,0.087,0.087,0.419,0.75,0.29,0.089,0.272,0.299,0.163,0.471,0.167,0.428,0.086,0.075,0.084,0.089,0.085,0.087,0.093,0.091,0.087,0.089,0.086,0.09,0.086
,18:25:00,48,0.087,0.087,0.087,0.087,0.087,0.087,0.088,0.086,0.076,0.071,0.081,0.081,0.095,0.153,0.117,0.11,0.137,0.188,0.169,0.098,0.116,0.102,0.1,0.086,0.087,0.139,0.119,0.13,0.128,0.131,0.139,0.11,0.12,0.121,0.105,0.09,0.089,0.104,0.128,0.127,0.084,0.122,0.148,0.133,0.22,0.104,0.131,0.089,0.089,0.389,0.109,0.177,0.243,0.438,0.255,0.105,0.367,0.21,0.314,0.087,0.088,0.348,0.28,0.403,0.225,0.354,0.324,0.252,0.32,0.378,0.365,0.086,0.087,0.418,0.749,0.29,0.09,0.272,0.299,0.164,0.47,0.171,0.429,0.087,0.075,0.084,0.089,0.085,0.087,0.093,0.091,0.087,0.089,0.086,0.091,0.086
,18:30:00,48,0.087,0.087,0.087,0.087,0.087,0.087,0.088,0.086,0.076,0.071,0.081,0.081,0.095,0.153,0.117,0.11,0.138,0.188,0.169,0.098,0.11,0.102,0.1,0.086,0.087,0.139,0.119,0.13,0.129,0.131,0.139,0.11,0.121,0.121,0.106,0.09,0.09,0.103,0.129,0.127,0.085,0.122,0.148,0.133,0.221,0.104,0.131,0.089,0.089,0.389,0.109,0.176,0.242,0.436,0.253,0.105,0.365,0.209,0.313,0.087,0.088,0.348,0.282,0.403,0.233,0.356,0.324,0.252,0.323,0.379,0.364,0.087,0.088,0.418,0.751,0.29,0.09,0.273,0.297,0.164,0.47,0.17,0.428,0.087,0.074,0.084,0.089,0.086,0.088,0.093,0.091,0.087,0.089,0.086,0.091,0.086
,18:35:00,47.9,0.087,0.087,0.087,0.087,0.087,0.087,0.088,0.086,0.076,0.071,0.08,0.081,0.094,0.153,0.117,0.11,0.137,0.187,0.169,0.098,0.111,0.102,0.1,0.086,0.087,0.139,0.118,0.13,0.128,0.131,0.139,0.11,0.12,0.121,0.105,0.09,0.09,0.104,0.128,0.126,0.087,0.122,0.149,0.133,0.22,0.103,0.131,0.089,0.089,0.39,0.109,0.176,0.241,0.431,0.256,0.105,0.359,0.21,0.311,0.087,0.088,0.346,0.282,0.401,0.228,0.349,0.321,0.25,0.317,0.377,0.363,0.086,0.087,0.418,0.749,0.29,0.09,0.274,0.296,0.163,0.468,0.168,0.427,0.086,0.074,0.084,0.089,0.085,0.088,0.092,0.091,0.087,0.089,0.086,0.09,0.086
,18:40:00,47.9,0.086,0.086,0.086,0.087,0.087,0.086,0.087,0.085,0.075,0.071,0.08,0.081,0.095,0.152,0.116,0.11,0.137,0.187,0.168,0.098,0.108,0.101,0.099,0.085,0.086,0.139,0.118,0.129,0.128,0.13,0.138,0.109,0.12,0.12,0.105,0.089,0.089,0.103,0.127,0.126,0.087,0.121,0.15,0.133,0.22,0.103,0.13,0.089,0.088,0.387,0.109,0.176,0.24,0.429,0.254,0.104,0.358,0.21,0.309,0.087,0.088,0.345,0.279,0.399,0.224,0.345,0.319,0.249,0.312,0.374,0.363,0.086,0.087,0.417,0.75,0.289,0.089,0.273,0.295,0.162,0.468,0.168,0.426,0.086,0.074,0.084,0.089,0.085,0.087,0.092,0.091,0.087,0.088,0.085,0.09,0.086
,18:45:00,47.9,0.086,0.087,0.087,0.088,0.087,0.087,0.088,0.086,0.076,0.071,0.081,0.081,0.094,0.153,0.117,0.11,0.137,0.187,0.169,0.098,0.109,0.102,0.099,0.086,0.087,0.139,0.119,0.13,0.128,0.131,0.139,0.109,0.12,0.121,0.106,0.09,0.09,0.103,0.128,0.127,0.088,0.122,0.151,0.134,0.22,0.103,0.131,0.089,0.089,0.386,0.109,0.176,0.24,0.431,0.252,0.105,0.359,0.21,0.308,0.088,0.088,0.345,0.276,0.399,0.223,0.348,0.319,0.249,0.314,0.377,0.363,0.087,0.088,0.419,0.75,0.29,0.089,0.275,0.295,0.163,0.467,0.169,0.426,0.087,0.074,0.084,0.09,0.085,0.087,0.093,0.091,0.087,0.089,0.086,0.09,0.086
,18:50:00,48,0.087,0.087,0.087,0.088,0.087,0.087,0.088,0.086,0.075,0.072,0.081,0.081,0.095,0.153,0.117,0.11,0.137,0.188,0.169,0.098,0.109,0.102,0.1,0.085,0.087,0.139,0.118,0.13,0.128,0.131,0.139,0.109,0.12,0.12,0.106,0.09,0.09,0.103,0.128,0.127,0.085,0.122,0.151,0.133,0.22,0.104,0.131,0.09,0.089,0.388,0.109,0.176,0.24,0.426,0.255,0.105,0.36,0.21,0.308,0.087,0.088,0.344,0.28,0.399,0.222,0.342,0.318,0.247,0.312,0.377,0.362,0.087,0.087,0.419,0.751,0.291,0.09,0.275,0.294,0.162,0.466,0.17,0.426,0.087,0.074,0.084,0.09,0.085,0.088,0.093,0.091,0.09,0.089,0.086,0.091,0.086
,18:55:00,47.9,0.086,0.086,0.086,0.087,0.087,0.087,0.087,0.086,0.075,0.072,0.08,0.081,0.094,0.152,0.117,0.11,0.136,0.187,0.168,0.098,0.108,0.102,0.099,0.085,0.087,0.139,0.118,0.13,0.128,0.13,0.138,0.109,0.12,0.121,0.105,0.09,0.089,0.105,0.127,0.126,0.085,0.122,0.149,0.133,0.22,0.103,0.131,0.089,0.088,0.388,0.108,0.175,0.239,0.431,0.25,0.104,0.355,0.209,0.307,0.087,0.088,0.343,0.274,0.397,0.228,0.348,0.317,0.246,0.317,0.375,0.361,0.086,0.087,0.418,0.75,0.29,0.089,0.275,0.294,0.162,0.464,0.169,0.426,0.087,0.074,0.084,0.089,0.085,0.087,0.093,0.091,0.087,0.089,0.086,0.09,0.085
,19:00:00,48,0.086,0.086,0.087,0.087,0.087,0.087,0.087,0.086,0.075,0.072,0.08,0.081,0.094,0.153,0.117,0.11,0.136,0.187,0.168,0.098,0.109,0.102,0.099,0.086,0.087,0.139,0.118,0.129,0.127,0.13,0.138,0.109,0.12,0.121,0.105,0.089,0.089,0.104,0.127,0.126,0.087,0.122,0.148,0.133,0.22,0.104,0.13,0.089,0.089,0.386,0.108,0.176,0.238,0.428,0.248,0.104,0.362,0.208,0.306,0.087,0.088,0.342,0.273,0.397,0.225,0.347,0.316,0.246,0.317,0.377,0.36,0.086,0.087,0.418,0.751,0.29,0.09,0.274,0.292,0.161,0.464,0.168,0.425,0.086,0.074,0.084,0.089,0.085,0.088,0.092,0.091,0.087,0.089,0.086,0.09,0.086
,19:05:00,47.9,0.087,0.087,0.086,0.087,0.087,0.087,0.088,0.086,0.075,0.072,0.08,0.081,0.095,0.152,0.116,0.11,0.137,0.187,0.168,0.098,0.108,0.102,0.099,0.085,0.087,0.139,0.118,0.129,0.128,0.13,0.139,0.109,0.12,0.121,0.105,0.09,0.09,0.103,0.128,0.126,0.087,0.122,0.148,0.133,0.22,0.103,0.131,0.089,0.089,0.387,0.108,0.175,0.238,0.423,0.251,0.104,0.356,0.208,0.304,0.087,0.088,0.341,0.275,0.396,0.222,0.344,0.315,0.244,0.306,0.374,0.358,0.087,0.087,0.416,0.752,0.29,0.09,0.275,0.293,0.161,0.463,0.169,0.424,0.087,0.074,0.084,0.089,0.085,0.088,0.093,0.091,0.087,0.089,0.086,0.09,0.086
,19:10:00,48,0.086,0.086,0.086,0.087,0.087,0.087,0.088,0.086,0.075,0.072,0.08,0.081,0.094,0.152,0.117,0.11,0.137,0.187,0.167,0.098,0.108,0.101,0.099,0.085,0.087,0.139,0.118,0.129,0.128,0.13,0.138,0.109,0.12,0.12,0.105,0.09,0.089,0.106,0.127,0.126,0.086,0.121,0.147,0.133,0.219,0.103,0.131,0.089,0.088,0.385,0.108,0.175,0.236,0.422,0.249,0.104,0.355,0.208,0.303,0.087,0.088,0.34,0.272,0.394,0.224,0.344,0.313,0.243,0.309,0.373,0.356,0.087,0.087,0.416,0.749,0.29,0.089,0.275,0.291,0.161,0.463,0.17,0.421,0.086,0.074,0.084,0.089,0.085,0.088,0.093,0.091,0.087,0.088,0.086,0.09,0.086
,19:15:00,48,0.094,0.086,0.086,0.087,0.087,0.087,0.087,0.086,0.075,0.072,0.08,0.081,0.094,0.152,0.116,0.11,0.136,0.187,0.168,0.098,0.109,0.101,0.099,0.085,0.087,0.139,0.118,0.129,0.128,0.13,0.138,0.109,0.12,0.121,0.105,0.09,0.089,0.104,0.127,0.126,0.085,0.122,0.147,0.133,0.22,0.103,0.131,0.089,0.088,0.384,0.108,0.176,0.236,0.42,0.25,0.104,0.355,0.208,0.302,0.087,0.088,0.34,0.272,0.394,0.222,0.342,0.313,0.242,0.305,0.371,0.356,0.086,0.087,0.415,0.75,0.29,0.09,0.275,0.291,0.16,0.462,0.167,0.422,0.086,0.074,0.084,0.089,0.085,0.088,0.093,0.091,0.087,0.088,0.086,0.09,0.086
,19:20:00,48,0.086,0.086,0.087,0.087,0.087,0.087,0.088,0.086,0.075,0.072,0.08,0.081,0.095,0.152,0.116,0.109,0.136,0.187,0.168,0.098,0.108,0.101,0.099,0.085,0.086,0.139,0.118,0.129,0.127,0.13,0.138,0.109,0.12,0.12,0.105,0.089,0.089,0.104,0.127,0.126,0.087,0.122,0.146,0.133,0.219,0.103,0.13,0.089,0.088,0.385,0.108,0.175,0.235,0.423,0.249,0.104,0.354,0.207,0.301,0.087,0.088,0.339,0.268,0.392,0.218,0.338,0.311,0.24,0.305,0.371,0.355,0.086,0.087,0.412,0.76,0.29,0.089,0.275,0.29,0.16,0.461,0.167,0.42,0.086,0.073,0.083,0.089,0.085,0.087,0.092,0.091,0.087,0.088,0.085,0.09,0.085
,19:25:00,48,0.089,0.087,0.087,0.087,0.087,0.087,0.088,0.086,0.075,0.073,0.08,0.082,0.095,0.152,0.116,0.11,0.136,0.186,0.168,0.098,0.108,0.101,0.099,0.085,0.087,0.139,0.118,0.129,0.127,0.131,0.138,0.109,0.12,0.121,0.105,0.09,0.09,0.106,0.127,0.126,0.087,0.122,0.146,0.133,0.219,0.103,0.131,0.089,0.088,0.385,0.108,0.175,0.235,0.422,0.249,0.104,0.355,0.208,0.3,0.087,0.088,0.342,0.267,0.391,0.219,0.339,0.311,0.24,0.305,0.37,0.355,0.087,0.087,0.414,0.749,0.29,0.089,0.275,0.29,0.159,0.461,0.167,0.423,0.087,0.074,0.083,0.09,0.085,0.088,0.093,0.091,0.087,0.089,0.086,0.091,0.086
,19:30:00,48,0.094,0.086,0.086,0.087,0.087,0.086,0.087,0.086,0.074,0.072,0.08,0.081,0.094,0.152,0.116,0.11,0.136,0.186,0.167,0.098,0.108,0.101,0.098,0.085,0.087,0.139,0.118,0.129,0.127,0.13,0.138,0.109,0.12,0.12,0.105,0.09,0.089,0.106,0.127,0.126,0.083,0.122,0.144,0.133,0.219,0.103,0.13,0.089,0.088,0.383,0.108,0.175,0.234,0.419,0.246,0.104,0.352,0.207,0.299,0.087,0.088,0.341,0.267,0.39,0.218,0.337,0.309,0.238,0.3,0.37,0.354,0.087,0.087,0.414,0.749,0.29,0.089,0.274,0.289,0.159,0.459,0.167,0.42,0.086,0.074,0.083,0.089,0.085,0.088,0.092,0.091,0.087,0.088,0.086,0.09,0.086
,19:35:00,48,0.095,0.087,0.087,0.087,0.087,0.087,0.088,0.086,0.075,0.073,0.081,0.082,0.094,0.152,0.117,0.11,0.136,0.186,0.167,0.098,0.108,0.101,0.099,0.085,0.087,0.139,0.118,0.129,0.127,0.13,0.138,0.109,0.119,0.12,0.105,0.089,0.09,0.106,0.127,0.126,0.087,0.123,0.144,0.133,0.219,0.103,0.13,0.089,0.088,0.386,0.108,0.175,0.233,0.416,0.245,0.104,0.352,0.206,0.299,0.087,0.088,0.344,0.27,0.391,0.222,0.337,0.31,0.239,0.305,0.37,0.353,0.086,0.087,0.412,0.75,0.29,0.089,0.274,0.288,0.159,0.46,0.167,0.421,0.087,0.074,0.084,0.09,0.085,0.088,0.092,0.091,0.087,0.089,0.086,0.09,0.086
,19:40:00,48,0.087,0.086,0.087,0.087,0.086,0.087,0.087,0.086,0.074,0.073,0.081,0.081,0.094,0.152,0.117,0.11,0.136,0.186,0.167,0.098,0.108,0.101,0.099,0.085,0.087,0.138,0.118,0.129,0.127,0.13,0.138,0.109,0.119,0.12,0.105,0.089,0.089,0.106,0.127,0.126,0.087,0.123,0.144,0.133,0.219,0.103,0.13,0.089,0.088,0.381,0.107,0.174,0.232,0.42,0.246,0.104,0.357,0.207,0.297,0.087,0.088,0.344,0.262,0.39,0.216,0.337,0.308,0.238,0.304,0.369,0.352,0.086,0.087,0.411,0.75,0.29,0.089,0.274,0.288,0.16,0.459,0.166,0.418,0.086,0.074,0.083,0.089,0.085,0.088,0.092,0.091,0.087,0.089,0.085,0.091,0.086
,19:45:00,48,0.087,0.086,0.087,0.087,0.087,0.087,0.088,0.086,0.074,0.073,0.08,0.081,0.094,0.152,0.116,0.109,0.136,0.186,0.167,0.097,0.108,0.101,0.098,0.085,0.087,0.139,0.118,0.129,0.126,0.13,0.138,0.108,0.119,0.12,0.105,0.089,0.089,0.105,0.127,0.126,0.085,0.123,0.143,0.133,0.219,0.103,0.13,0.089,0.089,0.384,0.108,0.175,0.232,0.414,0.244,0.104,0.342,0.206,0.295,0.087,0.088,0.344,0.266,0.387,0.214,0.332,0.305,0.236,0.295,0.364,0.351,0.086,0.087,0.411,0.758,0.289,0.089,0.274,0.288,0.159,0.457,0.165,0.418,0.086,0.074,0.083,0.089,0.085,0.087,0.092,0.09,0.087,0.088,0.086,0.093,0.086
,19:50:00,48,0.087,0.087,0.086,0.087,0.087,0.087,0.088,0.086,0.074,0.073,0.08,0.081,0.094,0.152,0.116,0.11,0.136,0.186,0.167,0.098,0.108,0.101,0.098,0.085,0.087,0.139,0.118,0.129,0.127,0.13,0.138,0.109,0.119,0.12,0.105,0.09,0.089,0.106,0.127,0.126,0.086,0.123,0.143,0.133,0.219,0.103,0.13,0.089,0.088,0.38,0.108,0.174,0.231,0.415,0.246,0.104,0.348,0.206,0.295,0.087,0.088,0.346,0.263,0.387,0.22,0.334,0.306,0.236,0.298,0.367,0.35,0.086,0.087,0.411,0.751,0.289,0.089,0.273,0.287,0.158,0.457,0.167,0.416,0.086,0.074,0.083,0.089,0.085,0.087,0.092,0.091,0.087,0.088,0.086,0.092,0.086
,19:55:00,48,0.098,0.087,0.087,0.087,0.087,0.087,0.088,0.086,0.075,0.072,0.08,0.081,0.094,0.152,0.116,0.109,0.136,0.186,0.167,0.098,0.108,0.101,0.098,0.085,0.087,0.138,0.118,0.129,0.127,0.13,0.138,0.109,0.119,0.12,0.105,0.089,0.089,0.106,0.127,0.126,0.087,0.123,0.143,0.133,0.219,0.103,0.13,0.089,0.088,0.383,0.108,0.174,0.23,0.408,0.245,0.104,0.346,0.206,0.293,0.087,0.088,0.348,0.265,0.386,0.216,0.329,0.305,0.234,0.291,0.364,0.348,0.086,0.087,0.413,0.75,0.289,0.089,0.273,0.286,0.159,0.457,0.166,0.415,0.086,0.074,0.083,0.089,0.085,0.088,0.092,0.09,0.087,0.088,0.086,0.092,0.085
,20:00:00,47.9,0.087,0.087,0.087,0.088,0.087,0.087,0.088,0.086,0.076,0.073,0.081,0.082,0.095,0.152,0.117,0.11,0.136,0.186,0.167,0.098,0.108,0.102,0.099,0.085,0.087,0.139,0.118,0.129,0.127,0.13,0.138,0.109,0.119,0.12,0.105,0.09,0.09,0.106,0.128,0.126,0.088,0.123,0.143,0.133,0.219,0.104,0.13,0.09,0.089,0.381,0.108,0.174,0.23,0.408,0.245,0.105,0.341,0.206,0.292,0.088,0.089,0.352,0.266,0.386,0.215,0.33,0.305,0.233,0.292,0.365,0.348,0.087,0.088,0.413,0.76,0.289,0.09,0.273,0.286,0.159,0.456,0.164,0.416,0.087,0.074,0.083,0.089,0.086,0.088,0.093,0.091,0.088,0.089,0.086,0.091,0.086
,20:05:00,48,0.086,0.086,0.087,0.087,0.087,0.087,0.088,0.086,0.074,0.073,0.081,0.082,0.094,0.152,0.116,0.109,0.136,0.186,0.166,0.098,0.108,0.101,0.098,0.085,0.087,0.138,0.117,0.129,0.126,0.13,0.138,0.108,0.119,0.12,0.105,0.089,0.089,0.105,0.127,0.126,0.086,0.123,0.142,0.133,0.218,0.104,0.13,0.089,0.089,0.379,0.108,0.174,0.229,0.418,0.242,0.104,0.355,0.205,0.292,0.087,0.088,0.354,0.259,0.386,0.223,0.335,0.303,0.234,0.301,0.368,0.349,0.086,0.087,0.413,0.764,0.289,0.089,0.273,0.285,0.159,0.454,0.166,0.42,0.086,0.076,0.083,0.09,0.085,0.088,0.092,0.09,0.087,0.089,0.086,0.09,0.085
,20:10:00,47.9,0.087,0.086,0.087,0.087,0.087,0.087,0.088,0.086,0.078,0.073,0.081,0.082,0.095,0.152,0.117,0.109,0.136,0.185,0.167,0.098,0.108,0.101,0.098,0.085,0.087,0.139,0.118,0.129,0.127,0.13,0.137,0.108,0.119,0.12,0.105,0.09,0.089,0.105,0.127,0.126,0.085,0.123,0.142,0.133,0.218,0.103,0.13,0.089,0.089,0.378,0.108,0.174,0.229,0.407,0.242,0.104,0.344,0.205,0.29,0.087,0.088,0.356,0.261,0.383,0.218,0.33,0.303,0.233,0.292,0.365,0.347,0.087,0.087,0.412,0.75,0.289,0.089,0.273,0.285,0.158,0.455,0.165,0.415,0.086,0.079,0.083,0.089,0.085,0.088,0.093,0.091,0.087,0.089,0.086,0.09,0.086
,20:15:00,48,0.086,0.087,0.087,0.087,0.087,0.087,0.088,0.086,0.073,0.073,0.081,0.082,0.094,0.152,0.116,0.109,0.136,0.185,0.166,0.097,0.108,0.101,0.098,0.084,0.087,0.138,0.118,0.129,0.126,0.129,0.137,0.108,0.119,0.12,0.105,0.089,0.089,0.105,0.127,0.126,0.087,0.122,0.142,0.133,0.218,0.103,0.13,0.089,0.089,0.378,0.108,0.174,0.228,0.414,0.241,0.104,0.348,0.205,0.29,0.087,0.088,0.356,0.258,0.383,0.211,0.329,0.301,0.231,0.296,0.364,0.347,0.086,0.087,0.41,0.75,0.289,0.089,0.273,0.284,0.157,0.453,0.166,0.419,0.086,0.079,0.082,0.089,0.085,0.088,0.092,0.09,0.087,0.089,0.086,0.09,0.085
,20:20:00,48,0.087,0.087,0.087,0.087,0.087,0.087,0.087,0.085,0.073,0.073,0.081,0.082,0.095,0.152,0.116,0.109,0.136,0.185,0.166,0.097,0.108,0.101,0.098,0.084,0.087,0.138,0.117,0.129,0.126,0.13,0.137,0.108,0.119,0.12,0.105,0.09,0.089,0.105,0.127,0.126,0.085,0.123,0.142,0.133,0.218,0.103,0.129,0.089,0.088,0.378,0.108,0.173,0.227,0.405,0.243,0.104,0.341,0.204,0.289,0.087,0.088,0.357,0.259,0.382,0.212,0.324,0.301,0.23,0.287,0.363,0.345,0.086,0.087,0.412,0.753,0.289,0.089,0.273,0.283,0.157,0.452,0.165,0.413,0.086,0.08,0.082,0.089,0.085,0.088,0.092,0.09,0.087,0.089,0.086,0.09,0.085
,20:25:00,48,0.086,0.087,0.086,0.087,0.087,0.087,0.087,0.086,0.072,0.073,0.08,0.082,0.094,0.152,0.116,0.109,0.136,0.185,0.166,0.097,0.108,0.101,0.098,0.084,0.087,0.138,0.117,0.129,0.126,0.13,0.137,0.108,0.119,0.12,0.105,0.09,0.09,0.105,0.127,0.126,0.088,0.122,0.142,0.133,0.218,0.103,0.129,0.089,0.089,0.377,0.108,0.174,0.227,0.405,0.242,0.104,0.339,0.204,0.287,0.087,0.088,0.356,0.257,0.382,0.21,0.324,0.3,0.229,0.288,0.361,0.345,0.086,0.087,0.412,0.75,0.288,0.089,0.272,0.283,0.157,0.451,0.165,0.412,0.086,0.08,0.082,0.089,0.085,0.088,0.092,0.091,0.087,0.089,0.085,0.09,0.085
,20:30:00,48,0.087,0.086,0.086,0.087,0.086,0.086,0.087,0.085,0.072,0.073,0.08,0.082,0.094,0.151,0.116,0.109,0.139,0.184,0.166,0.097,0.11,0.101,0.098,0.084,0.087,0.138,0.117,0.128,0.126,0.129,0.137,0.108,0.118,0.12,0.104,0.089,0.089,0.105,0.127,0.125,0.086,0.122,0.142,0.133,0.218,0.103,0.13,0.089,0.088,0.378,0.107,0.173,0.226,0.409,0.239,0.104,0.339,0.203,0.286,0.087,0.088,0.357,0.256,0.381,0.217,0.324,0.298,0.228,0.289,0.361,0.343,0.086,0.086,0.411,0.75,0.289,0.089,0.272,0.282,0.156,0.451,0.164,0.412,0.086,0.08,0.082,0.089,0.085,0.088,0.092,0.09,0.087,0.088,0.086,0.09,0.085
,20:35:00,48,0.097,0.086,0.086,0.087,0.087,0.087,0.087,0.085,0.073,0.073,0.081,0.082,0.095,0.152,0.116,0.109,0.138,0.185,0.165,0.097,0.111,0.101,0.098,0.084,0.087,0.138,0.117,0.128,0.126,0.13,0.137,0.108,0.118,0.12,0.105,0.09,0.089,0.105,0.127,0.125,0.086,0.122,0.142,0.133,0.217,0.103,0.129,0.089,0.088,0.376,0.108,0.173,0.226,0.402,0.241,0.104,0.342,0.203,0.285,0.087,0.088,0.357,0.256,0.38,0.213,0.323,0.298,0.228,0.281,0.361,0.343,0.086,0.086,0.41,0.75,0.289,0.089,0.272,0.282,0.156,0.451,0.165,0.411,0.086,0.08,0.081,0.089,0.085,0.087,0.092,0.091,0.087,0.089,0.086,0.09,0.085
,20:40:00,48,0.086,0.086,0.086,0.087,0.086,0.087,0.087,0.085,0.073,0.073,0.08,0.082,0.094,0.151,0.116,0.109,0.137,0.184,0.165,0.097,0.109,0.101,0.097,0.084,0.086,0.138,0.117,0.128,0.126,0.129,0.137,0.108,0.118,0.119,0.105,0.089,0.089,0.104,0.126,0.126,0.083,0.122,0.142,0.132,0.217,0.103,0.129,0.089,0.088,0.374,0.108,0.172,0.225,0.406,0.236,0.104,0.34,0.202,0.284,0.087,0.088,0.356,0.253,0.379,0.213,0.325,0.298,0.228,0.287,0.361,0.342,0.086,0.086,0.41,0.752,0.29,0.088,0.271,0.281,0.156,0.45,0.165,0.415,0.086,0.08,0.081,0.089,0.085,0.087,0.092,0.09,0.087,0.088,0.086,0.09,0.085
,20:45:00,48,0.087,0.086,0.086,0.087,0.087,0.087,0.088,0.085,0.074,0.073,0.081,0.082,0.096,0.151,0.116,0.109,0.137,0.185,0.166,0.097,0.111,0.101,0.097,0.084,0.086,0.138,0.117,0.128,0.125,0.129,0.136,0.108,0.119,0.12,0.104,0.089,0.089,0.105,0.127,0.126,0.088,0.122,0.142,0.132,0.217,0.103,0.129,0.089,0.088,0.372,0.108,0.172,0.224,0.404,0.24,0.104,0.341,0.203,0.283,0.087,0.088,0.357,0.252,0.379,0.211,0.323,0.296,0.226,0.283,0.36,0.342,0.086,0.086,0.41,0.75,0.289,0.089,0.272,0.281,0.156,0.449,0.163,0.41,0.086,0.081,0.08,0.089,0.084,0.087,0.092,0.09,0.087,0.088,0.085,0.09,0.085
,20:50:00,48,0.092,0.086,0.087,0.087,0.087,0.087,0.088,0.086,0.075,0.074,0.081,0.082,0.094,0.152,0.116,0.109,0.138,0.185,0.166,0.097,0.109,0.101,0.098,0.084,0.087,0.139,0.117,0.128,0.126,0.13,0.137,0.108,0.119,0.12,0.105,0.09,0.09,0.106,0.127,0.126,0.086,0.122,0.142,0.133,0.217,0.103,0.129,0.09,0.088,0.373,0.108,0.173,0.225,0.405,0.239,0.104,0.337,0.203,0.283,0.087,0.088,0.357,0.251,0.379,0.212,0.322,0.297,0.225,0.283,0.357,0.339,0.087,0.087,0.409,0.756,0.289,0.089,0.275,0.281,0.157,0.449,0.162,0.41,0.086,0.081,0.079,0.089,0.085,0.088,0.093,0.091,0.087,0.089,0.086,0.09,0.086
,20:55:00,48,0.086,0.087,0.087,0.087,0.087,0.087,0.088,0.086,0.075,0.074,0.081,0.082,0.095,0.152,0.116,0.109,0.138,0.185,0.166,0.097,0.109,0.101,0.098,0.084,0.087,0.138,0.118,0.128,0.126,0.13,0.137,0.108,0.118,0.12,0.105,0.089,0.089,0.106,0.127,0.126,0.084,0.122,0.142,0.133,0.218,0.103,0.129,0.09,0.088,0.373,0.107,0.173,0.223,0.405,0.237,0.104,0.338,0.203,0.282,0.087,0.089,0.357,0.25,0.378,0.212,0.322,0.296,0.226,0.287,0.358,0.339,0.086,0.087,0.41,0.751,0.289,0.089,0.281,0.281,0.157,0.448,0.164,0.408,0.087,0.081,0.079,0.089,0.085,0.088,0.092,0.091,0.087,0.089,0.086,0.09,0.085
,21:00:00,47.9,0.086,0.086,0.086,0.087,0.086,0.086,0.087,0.085,0.076,0.073,0.08,0.081,0.094,0.151,0.116,0.109,0.138,0.185,0.165,0.097,0.113,0.1,0.097,0.083,0.086,0.138,0.117,0.128,0.125,0.129,0.137,0.108,0.118,0.119,0.104,0.089,0.089,0.105,0.126,0.125,0.088,0.121,0.141,0.133,0.217,0.103,0.129,0.089,0.088,0.371,0.107,0.172,0.222,0.398,0.239,0.103,0.336,0.202,0.28,0.087,0.088,0.356,0.251,0.377,0.212,0.317,0.294,0.223,0.276,0.357,0.338,0.086,0.086,0.408,0.751,0.289,0.089,0.283,0.279,0.156,0.447,0.162,0.406,0.086,0.081,0.078,0.088,0.084,0.087,0.092,0.09,0.087,0.088,0.086,0.09,0.085
,21:05:00,48,0.101,0.087,0.087,0.087,0.087,0.087,0.088,0.086,0.076,0.074,0.081,0.082,0.094,0.151,0.116,0.109,0.138,0.185,0.165,0.097,0.113,0.1,0.097,0.084,0.087,0.138,0.117,0.128,0.125,0.129,0.137,0.108,0.118,0.12,0.105,0.09,0.09,0.105,0.127,0.125,0.085,0.122,0.142,0.133,0.217,0.103,0.129,0.089,0.088,0.372,0.107,0.172,0.222,0.404,0.235,0.104,0.34,0.202,0.28,0.087,0.088,0.356,0.246,0.376,0.212,0.322,0.295,0.224,0.284,0.357,0.338,0.087,0.086,0.408,0.752,0.291,0.089,0.29,0.279,0.156,0.447,0.163,0.408,0.086,0.081,0.078,0.089,0.085,0.088,0.092,0.091,0.087,0.088,0.086,0.09,0.085
,21:10:00,47.9,0.086,0.086,0.087,0.087,0.087,0.087,0.087,0.085,0.077,0.073,0.081,0.082,0.094,0.151,0.116,0.109,0.137,0.184,0.165,0.097,0.11,0.1,0.097,0.084,0.086,0.138,0.117,0.128,0.125,0.129,0.137,0.108,0.118,0.12,0.104,0.09,0.089,0.106,0.127,0.125,0.088,0.122,0.142,0.133,0.217,0.103,0.129,0.089,0.088,0.372,0.107,0.172,0.222,0.398,0.234,0.104,0.333,0.201,0.278,0.087,0.088,0.356,0.247,0.376,0.207,0.319,0.293,0.223,0.278,0.355,0.336,0.086,0.087,0.408,0.755,0.293,0.089,0.293,0.279,0.155,0.446,0.162,0.406,0.086,0.081,0.077,0.089,0.085,0.087,0.092,0.091,0.087,0.089,0.086,0.09,0.085
,21:15:00,47.9,0.088,0.086,0.086,0.087,0.087,0.087,0.087,0.085,0.077,0.073,0.081,0.082,0.094,0.151,0.116,0.109,0.137,0.184,0.165,0.097,0.112,0.1,0.097,0.083,0.087,0.138,0.117,0.128,0.125,0.129,0.136,0.108,0.118,0.119,0.104,0.089,0.09,0.106,0.127,0.125,0.088,0.122,0.142,0.133,0.217,0.103,0.129,0.089,0.088,0.37,0.108,0.172,0.221,0.399,0.237,0.104,0.332,0.202,0.277,0.087,0.088,0.356,0.246,0.375,0.208,0.318,0.293,0.222,0.276,0.353,0.335,0.086,0.087,0.408,0.751,0.293,0.089,0.296,0.278,0.156,0.445,0.162,0.404,0.086,0.081,0.077,0.089,0.085,0.087,0.092,0.09,0.087,0.088,0.086,0.09,0.085
,21:20:00,48,0.087,0.086,0.086,0.087,0.086,0.087,0.087,0.085,0.077,0.073,0.081,0.081,0.095,0.151,0.116,0.109,0.138,0.184,0.165,0.097,0.113,0.1,0.097,0.083,0.087,0.138,0.117,0.128,0.125,0.129,0.136,0.108,0.118,0.119,0.104,0.089,0.09,0.103,0.126,0.125,0.085,0.121,0.142,0.133,0.217,0.103,0.128,0.089,0.088,0.37,0.107,0.172,0.221,0.402,0.236,0.104,0.333,0.201,0.276,0.087,0.088,0.355,0.246,0.374,0.204,0.317,0.293,0.221,0.275,0.351,0.334,0.086,0.086,0.407,0.801,0.294,0.089,0.298,0.278,0.156,0.445,0.16,0.403,0.086,0.082,0.077,0.089,0.085,0.087,0.092,0.091,0.087,0.088,0.085,0.091,0.085
,21:25:00,48,0.087,0.087,0.086,0.087,0.087,0.087,0.088,0.085,0.078,0.074,0.081,0.082,0.094,0.151,0.116,0.109,0.138,0.184,0.164,0.097,0.111,0.1,0.097,0.084,0.087,0.138,0.117,0.128,0.125,0.129,0.137,0.108,0.118,0.12,0.104,0.089,0.089,0.105,0.127,0.125,0.086,0.122,0.142,0.132,0.217,0.103,0.129,0.089,0.088,0.371,0.107,0.172,0.221,0.396,0.235,0.104,0.331,0.202,0.276,0.087,0.088,0.356,0.246,0.374,0.208,0.317,0.291,0.22,0.273,0.352,0.334,0.086,0.086,0.407,0.752,0.294,0.089,0.3,0.278,0.155,0.445,0.162,0.405,0.086,0.082,0.076,0.089,0.085,0.087,0.093,0.09,0.088,0.089,0.086,0.091,0.085
,21:30:00,48,0.096,0.087,0.087,0.087,0.087,0.087,0.088,0.086,0.078,0.074,0.081,0.082,0.094,0.151,0.116,0.109,0.137,0.184,0.164,0.097,0.112,0.101,0.097,0.084,0.087,0.138,0.117,0.128,0.125,0.129,0.137,0.108,0.118,0.12,0.105,0.089,0.09,0.105,0.127,0.125,0.085,0.122,0.142,0.132,0.216,0.103,0.129,0.09,0.088,0.369,0.107,0.171,0.22,0.401,0.234,0.104,0.335,0.201,0.275,0.087,0.088,0.355,0.242,0.372,0.21,0.316,0.291,0.221,0.276,0.352,0.333,0.086,0.086,0.406,0.751,0.295,0.09,0.301,0.278,0.155,0.443,0.16,0.408,0.087,0.082,0.076,0.089,0.085,0.088,0.092,0.091,0.087,0.088,0.086,0.09,0.085
,21:35:00,48,0.087,0.087,0.087,0.087,0.087,0.087,0.088,0.085,0.078,0.074,0.081,0.082,0.094,0.151,0.116,0.109,0.137,0.184,0.164,0.097,0.113,0.1,0.097,0.083,0.087,0.139,0.117,0.128,0.125,0.129,0.137,0.108,0.118,0.119,0.104,0.089,0.089,0.104,0.127,0.126,0.084,0.122,0.142,0.133,0.216,0.102,0.129,0.089,0.088,0.372,0.108,0.171,0.22,0.392,0.231,0.104,0.328,0.199,0.273,0.087,0.088,0.354,0.246,0.374,0.206,0.316,0.291,0.219,0.274,0.352,0.33,0.087,0.086,0.41,0.818,0.295,0.09,0.302,0.277,0.155,0.443,0.161,0.4,0.086,0.082,0.076,0.089,0.085,0.087,0.092,0.09,0.087,0.089,0.086,0.09,0.085
,21:40:00,47.9,0.086,0.086,0.086,0.087,0.086,0.086,0.087,0.085,0.078,0.073,0.08,0.082,0.093,0.151,0.116,0.108,0.137,0.184,0.164,0.097,0.112,0.1,0.097,0.082,0.087,0.138,0.117,0.127,0.125,0.129,0.136,0.107,0.117,0.119,0.104,0.089,0.089,0.102,0.126,0.125,0.086,0.122,0.142,0.132,0.216,0.103,0.128,0.089,0.088,0.372,0.107,0.171,0.219,0.39,0.23,0.103,0.321,0.198,0.272,0.087,0.088,0.355,0.244,0.373,0.204,0.309,0.288,0.216,0.266,0.347,0.329,0.086,0.086,0.408,0.752,0.295,0.089,0.303,0.276,0.155,0.442,0.161,0.399,0.086,0.081,0.075,0.088,0.085,0.087,0.092,0.09,0.087,0.089,0.085,0.09,0.085
,21:45:00,48,0.087,0.087,0.087,0.087,0.087,0.087,0.088,0.085,0.079,0.074,0.081,0.082,0.094,0.152,0.116,0.109,0.138,0.185,0.164,0.098,0.113,0.101,0.097,0.082,0.087,0.138,0.117,0.128,0.125,0.129,0.136,0.108,0.118,0.119,0.105,0.089,0.09,0.104,0.127,0.126,0.084,0.122,0.142,0.133,0.216,0.103,0.128,0.09,0.089,0.374,0.108,0.172,0.219,0.397,0.233,0.104,0.329,0.2,0.271,0.087,0.088,0.356,0.242,0.374,0.207,0.315,0.29,0.218,0.271,0.348,0.328,0.087,0.087,0.405,0.769,0.295,0.09,0.305,0.276,0.155,0.442,0.16,0.399,0.087,0.082,0.076,0.089,0.085,0.088,0.093,0.091,0.087,0.089,0.086,0.091,0.085
,21:50:00,47.9,0.087,0.086,0.087,0.087,0.087,0.087,0.087,0.085,0.078,0.074,0.081,0.081,0.094,0.151,0.116,0.109,0.137,0.184,0.164,0.097,0.113,0.1,0.097,0.081,0.087,0.138,0.117,0.127,0.124,0.129,0.136,0.107,0.118,0.119,0.104,0.089,0.09,0.107,0.127,0.126,0.085,0.122,0.141,0.132,0.215,0.103,0.128,0.09,0.088,0.375,0.108,0.171,0.218,0.393,0.231,0.104,0.326,0.199,0.27,0.087,0.087,0.355,0.244,0.373,0.207,0.312,0.289,0.217,0.269,0.347,0.328,0.086,0.086,0.406,0.818,0.295,0.089,0.304,0.275,0.155,0.442,0.16,0.402,0.086,0.082,0.076,0.088,0.085,0.088,0.092,0.09,0.087,0.088,0.086,0.09,0.085
,21:55:00,47.9,0.087,0.087,0.087,0.087,0.087,0.087,0.088,0.085,0.079,0.074,0.081,0.082,0.094,0.151,0.116,0.109,0.137,0.184,0.164,0.097,0.114,0.101,0.097,0.081,0.087,0.138,0.117,0.128,0.125,0.129,0.137,0.108,0.118,0.12,0.105,0.09,0.09,0.103,0.127,0.126,0.088,0.122,0.142,0.132,0.216,0.103,0.128,0.089,0.089,0.374,0.108,0.17,0.221,0.393,0.23,0.104,0.324,0.2,0.27,0.087,0.088,0.356,0.242,0.373,0.205,0.312,0.288,0.216,0.266,0.347,0.327,0.087,0.086,0.407,0.827,0.295,0.089,0.305,0.276,0.155,0.441,0.16,0.4,0.086,0.082,0.077,0.088,0.085,0.088,0.092,0.091,0.088,0.089,0.086,0.09,0.085
,22:00:00,47.9,0.087,0.086,0.087,0.088,0.087,0.087,0.087,0.085,0.079,0.074,0.08,0.082,0.094,0.151,0.115,0.109,0.137,0.184,0.164,0.097,0.108,0.1,0.096,0.08,0.086,0.138,0.117,0.127,0.125,0.129,0.136,0.107,0.117,0.119,0.104,0.089,0.089,0.103,0.127,0.126,0.084,0.122,0.142,0.132,0.215,0.103,0.128,0.089,0.088,0.373,0.108,0.17,0.216,0.39,0.229,0.104,0.321,0.198,0.268,0.087,0.088,0.355,0.241,0.373,0.2,0.308,0.287,0.215,0.265,0.344,0.326,0.086,0.086,0.406,0.812,0.296,0.089,0.305,0.275,0.154,0.44,0.16,0.397,0.086,0.082,0.076,0.088,0.085,0.089,0.092,0.091,0.087,0.089,0.086,0.09,0.085
,,,,,,,,,,,,,,,,,,,,,,,,,,,,,,,,,,,,,,,,,,,,,,,,,,,,,,,,,,,,,,,,,,,,,,,,,,,,,,,,,,,,,,,,,,,,,,,,,,
Results,,,,,,,,,,,,,,,,,,,,,,,,,,,,,,,,,,,,,,,,,,,,,,,,,,,,,,,,,,,,,,,,,,,,,,,,,,,,,,,,,,,,,,,,,,,,,,,,,,
,,,,,,,,,,,,,,,,,,,,,,,,,,,,,,,,,,,,,,,,,,,,,,,,,,,,,,,,,,,,,,,,,,,,,,,,,,,,,,,,,,,,,,,,,,,,,,,,,,
,,1,2,3,4,5,6,7,8,9,10,11,12,,,,,,,,,,,,,,,,,,,,,,,,,,,,,,,,,,,,,,,,,,,,,,,,,,,,,,,,,,,,,,,,,,,,,,,,,,,,,,,,,,,,,
,A,0.74,0.06,0.06,0.06,0.06,-0.06,0.06,0.24,-0.26,0.32,-0.54,0.32,Max V [600],,,,,,,,,,,,,,,,,,,,,,,,,,,,,,,,,,,,,,,,,,,,,,,,,,,,,,,,,,,,,,,,,,,,,,,,,,,,,,,,,,,,
,,0.706,0.75,0.75,0.75,0.75,0.75,0.75,0.5,0.671,0.889,0.817,0.955,R-Squared [600],,,,,,,,,,,,,,,,,,,,,,,,,,,,,,,,,,,,,,,,,,,,,,,,,,,,,,,,,,,,,,,,,,,,,,,,,,,,,,,,,,,,
,,13:40:00,21:20:00,19:15:00,18:40:00,2:20:00,7:05:00,20:40:00,1:10:00,20:20:00,15:30:00,7:30:00,17:15:00,t at Max V [600],,,,,,,,,,,,,,,,,,,,,,,,,,,,,,,,,,,,,,,,,,,,,,,,,,,,,,,,,,,,,,,,,,,,,,,,,,,,,,,,,,,,
,,13:29:11,21:30:00,19:25:00,18:50:00,2:30:00,6:58:20,21:23:20,1:05:00,19:28:28,16:01:53,7:06:40,17:50:00,Lagtime [600],,,,,,,,,,,,,,,,,,,,,,,,,,,,,,,,,,,,,,,,,,,,,,,,,,,,,,,,,,,,,,,,,,,,,,,,,,,,,,,,,,,,
,B,0.14,0.5,0.3,0.3,0.8,0.9,0.84,0.16,-0.4,0.3,0.2,-0.14,Max V [600],,,,,,,,,,,,,,,,,,,,,,,,,,,,,,,,,,,,,,,,,,,,,,,,,,,,,,,,,,,,,,,,,,,,,,,,,,,,,,,,,,,,
,,0.721,0.989,0.97,0.97,1,0.987,0.995,0.941,0.935,0.987,1,0.942,R-Squared [600],,,,,,,,,,,,,,,,,,,,,,,,,,,,,,,,,,,,,,,,,,,,,,,,,,,,,,,,,,,,,,,,,,,,,,,,,,,,,,,,,,,,
,,9:10:00,0:20:00,0:15:00,0:15:00,0:25:00,0:15:00,0:15:00,0:15:00,16:10:00,0:15:00,0:15:00,21:40:00,t at Max V [600],,,,,,,,,,,,,,,,,,,,,,,,,,,,,,,,,,,,,,,,,,,,,,,,,,,,,,,,,,,,,,,,,,,,,,,,,,,,,,,,,,,,
,,9:11:26,0:02:48,0:03:40,0:03:40,0:05:00,0:02:20,0:01:26,0:07:30,16:42:00,0:04:20,0:05:00,21:00:00,Lagtime [600],,,,,,,,,,,,,,,,,,,,,,,,,,,,,,,,,,,,,,,,,,,,,,,,,,,,,,,,,,,,,,,,,,,,,,,,,,,,,,,,,,,,
,C,0.06,0.6,0.46,0.5,0.58,0.46,0.6,0.34,0.56,0.44,0.28,-0.1,Max V [600],,,,,,,,,,,,,,,,,,,,,,,,,,,,,,,,,,,,,,,,,,,,,,,,,,,,,,,,,,,,,,,,,,,,,,,,,,,,,,,,,,,,
,,0.75,1,0.994,0.989,0.992,0.994,1,0.99,0.995,0.992,0.942,0.781,R-Squared [600],,,,,,,,,,,,,,,,,,,,,,,,,,,,,,,,,,,,,,,,,,,,,,,,,,,,,,,,,,,,,,,,,,,,,,,,,,,,,,,,,,,,
,,11:35:00,0:25:00,0:25:00,0:20:00,0:15:00,0:20:00,0:25:00,0:20:00,0:15:00,0:15:00,0:15:00,3:55:00,t at Max V [600],,,,,,,,,,,,,,,,,,,,,,,,,,,,,,,,,,,,,,,,,,,,,,,,,,,,,,,,,,,,,,,,,,,,,,,,,,,,,,,,,,,,
,,11:41:40,0:06:40,0:06:44,0:03:12,0:03:17,0:05:39,0:03:20,0:06:28,0:04:39,0:05:27,0:05:00,3:51:00,Lagtime [600],,,,,,,,,,,,,,,,,,,,,,,,,,,,,,,,,,,,,,,,,,,,,,,,,,,,,,,,,,,,,,,,,,,,,,,,,,,,,,,,,,,,
,D,-0.16,0.24,0.5,0.46,0.2,0.4,0.56,0.52,1.4,-0.46,0.56,-0.08,Max V [600],,,,,,,,,,,,,,,,,,,,,,,,,,,,,,,,,,,,,,,,,,,,,,,,,,,,,,,,,,,,,,,,,,,,,,,,,,,,,,,,,,,,
,,0.889,0.973,0.995,0.994,0.926,0.971,0.99,0.983,0.998,0.671,0.995,0.8,R-Squared [600],,,,,,,,,,,,,,,,,,,,,,,,,,,,,,,,,,,,,,,,,,,,,,,,,,,,,,,,,,,,,,,,,,,,,,,,,,,,,,,,,,,,
,,1:35:00,0:20:00,0:20:00,0:20:00,18:35:00,0:35:00,0:30:00,0:15:00,0:20:00,11:45:00,0:20:00,0:20:00,t at Max V [600],,,,,,,,,,,,,,,,,,,,,,,,,,,,,,,,,,,,,,,,,,,,,,,,,,,,,,,,,,,,,,,,,,,,,,,,,,,,,,,,,,,,
,,1:45:00,0:10:50,0:02:24,0:06:05,18:14:00,0:09:00,0:03:56,0:03:51,0:04:34,12:11:31,0:06:04,0:20:00,Lagtime [600],,,,,,,,,,,,,,,,,,,,,,,,,,,,,,,,,,,,,,,,,,,,,,,,,,,,,,,,,,,,,,,,,,,,,,,,,,,,,,,,,,,,
,E,0.06,2,0.44,0.5,2.08,1.86,0.84,0.44,1.12,0.74,1.76,0.06,Max V [600],,,,,,,,,,,,,,,,,,,,,,,,,,,,,,,,,,,,,,,,,,,,,,,,,,,,,,,,,,,,,,,,,,,,,,,,,,,,,,,,,,,,
,,0.75,1,0.992,0.995,1,0.999,0.998,0.992,0.978,0.998,0.999,0.75,R-Squared [600],,,,,,,,,,,,,,,,,,,,,,,,,,,,,,,,,,,,,,,,,,,,,,,,,,,,,,,,,,,,,,,,,,,,,,,,,,,,,,,,,,,,
,,17:20:00,1:05:00,1:40:00,0:30:00,1:05:00,1:00:00,1:30:00,1:45:00,7:20:00,1:40:00,1:20:00,8:40:00,t at Max V [600],,,,,,,,,,,,,,,,,,,,,,,,,,,,,,,,,,,,,,,,,,,,,,,,,,,,,,,,,,,,,,,,,,,,,,,,,,,,,,,,,,,,
,,17:30:00,0:25:00,0:33:38,0:11:36,0:22:13,0:20:13,0:27:51,0:32:44,4:07:51,0:32:58,0:39:33,8:50:00,Lagtime [600],,,,,,,,,,,,,,,,,,,,,,,,,,,,,,,,,,,,,,,,,,,,,,,,,,,,,,,,,,,,,,,,,,,,,,,,,,,,,,,,,,,,
,F,0.06,2.16,1.06,2.22,0.8,1.24,1.44,1.2,1.06,1.16,1.56,-0.06,Max V [600],,,,,,,,,,,,,,,,,,,,,,,,,,,,,,,,,,,,,,,,,,,,,,,,,,,,,,,,,,,,,,,,,,,,,,,,,,,,,,,,,,,,
,,0.75,1,0.996,0.999,1,0.999,0.999,1,0.999,0.998,0.999,0.75,R-Squared [600],,,,,,,,,,,,,,,,,,,,,,,,,,,,,,,,,,,,,,,,,,,,,,,,,,,,,,,,,,,,,,,,,,,,,,,,,,,,,,,,,,,,
,,12:40:00,1:25:00,1:35:00,1:10:00,1:10:00,2:25:00,1:25:00,1:45:00,1:30:00,1:45:00,4:20:00,17:30:00,t at Max V [600],,,,,,,,,,,,,,,,,,,,,,,,,,,,,,,,,,,,,,,,,,,,,,,,,,,,,,,,,,,,,,,,,,,,,,,,,,,,,,,,,,,,
,,12:30:00,0:34:54,0:38:24,0:25:03,0:15:00,1:19:02,0:32:22,0:46:40,0:37:44,0:51:02,1:44:22,17:03:20,Lagtime [600],,,,,,,,,,,,,,,,,,,,,,,,,,,,,,,,,,,,,,,,,,,,,,,,,,,,,,,,,,,,,,,,,,,,,,,,,,,,,,,,,,,,
,G,0.06,1.22,3.56,1.96,0.06,1.86,2.6,0.54,2.04,0.4,1.96,-0.06,Max V [600],,,,,,,,,,,,,,,,,,,,,,,,,,,,,,,,,,,,,,,,,,,,,,,,,,,,,,,,,,,,,,,,,,,,,,,,,,,,,,,,,,,,
,,0.75,0.992,0.726,1,0.75,1,1,0.996,1,1,0.999,0.75,R-Squared [600],,,,,,,,,,,,,,,,,,,,,,,,,,,,,,,,,,,,,,,,,,,,,,,,,,,,,,,,,,,,,,,,,,,,,,,,,,,,,,,,,,,,
,,16:10:00,7:10:00,21:50:00,1:35:00,18:25:00,1:30:00,1:05:00,0:25:00,1:10:00,1:35:00,3:10:00,15:35:00,t at Max V [600],,,,,,,,,,,,,,,,,,,,,,,,,,,,,,,,,,,,,,,,,,,,,,,,,,,,,,,,,,,,,,,,,,,,,,,,,,,,,,,,,,,,
,,16:20:00,4:30:39,18:38:16,0:51:13,18:15:00,0:44:05,0:25:46,0:07:13,0:24:01,0:30:00,1:17:02,15:28:20,Lagtime [600],,,,,,,,,,,,,,,,,,,,,,,,,,,,,,,,,,,,,,,,,,,,,,,,,,,,,,,,,,,,,,,,,,,,,,,,,,,,,,,,,,,,
,H,0.3,-0.14,-0.08,-0.06,0.08,0.06,0.06,-0.12,0.06,0.06,0.14,0.06,Max V [600],,,,,,,,,,,,,,,,,,,,,,,,,,,,,,,,,,,,,,,,,,,,,,,,,,,,,,,,,,,,,,,,,,,,,,,,,,,,,,,,,,,,
,,0.893,0.942,0.5,0.75,0.8,0.75,0.75,0.5,0.75,0.75,0.721,0.75,R-Squared [600],,,,,,,,,,,,,,,,,,,,,,,,,,,,,,,,,,,,,,,,,,,,,,,,,,,,,,,,,,,,,,,,,,,,,,,,,,,,,,,,,,,,
,,20:05:00,20:40:00,0:10:00,15:30:00,21:50:00,18:45:00,5:35:00,19:00:00,19:55:00,10:20:00,19:40:00,9:45:00,t at Max V [600],,,,,,,,,,,,,,,,,,,,,,,,,,,,,,,,,,,,,,,,,,,,,,,,,,,,,,,,,,,,,,,,,,,,,,,,,,,,,,,,,,,,
,,20:43:40,19:54:17,?????,15:06:40,21:50:00,19:41:40,5:58:20,18:56:40,19:48:20,10:30:00,19:38:34,10:11:40,Lagtime [600],,,,,,,,,,,,,,,,,,,,,,,,,,,,,,,,,,,,,,,,,,,,,,,,,,,,,,,,,,,,,,,,,,,,,,,,,,,,,,,,,,,,
