Software Version,3.11.19,,,,,,,,,,,,,,,,,,,,,,,,,,,,,,,,,,,,,,,,,,,,,,,,,,,,,,,,,,,,,,,,,,,,,,,,,,,,,,,,,,,,,,,,,,,,,,,,,
,,,,,,,,,,,,,,,,,,,,,,,,,,,,,,,,,,,,,,,,,,,,,,,,,,,,,,,,,,,,,,,,,,,,,,,,,,,,,,,,,,,,,,,,,,,,,,,,,,
Experiment File Path:,C:\Users\Public\Documents\Experiments\Experiment1.xpt,,,,,,,,,,,,,,,,,,,,,,,,,,,,,,,,,,,,,,,,,,,,,,,,,,,,,,,,,,,,,,,,,,,,,,,,,,,,,,,,,,,,,,,,,,,,,,,,,
Protocol File Path:,C:\Users\aljelab\Documents\Plate Reader Data\Edward Liu\PROT\RIFRxT 40c.prt,,,,,,,,,,,,,,,,,,,,,,,,,,,,,,,,,,,,,,,,,,,,,,,,,,,,,,,,,,,,,,,,,,,,,,,,,,,,,,,,,,,,,,,,,,,,,,,,,
Plate Number,Plate 1,,,,,,,,,,,,,,,,,,,,,,,,,,,,,,,,,,,,,,,,,,,,,,,,,,,,,,,,,,,,,,,,,,,,,,,,,,,,,,,,,,,,,,,,,,,,,,,,,
Date,23/07/2026,,,,,,,,,,,,,,,,,,,,,,,,,,,,,,,,,,,,,,,,,,,,,,,,,,,,,,,,,,,,,,,,,,,,,,,,,,,,,,,,,,,,,,,,,,,,,,,,,
Time,11:34:02 AM,,,,,,,,,,,,,,,,,,,,,,,,,,,,,,,,,,,,,,,,,,,,,,,,,,,,,,,,,,,,,,,,,,,,,,,,,,,,,,,,,,,,,,,,,,,,,,,,,
Reader Type:,Epoch 2,,,,,,,,,,,,,,,,,,,,,,,,,,,,,,,,,,,,,,,,,,,,,,,,,,,,,,,,,,,,,,,,,,,,,,,,,,,,,,,,,,,,,,,,,,,,,,,,,
Reader Serial Number:,1411241A,,,,,,,,,,,,,,,,,,,,,,,,,,,,,,,,,,,,,,,,,,,,,,,,,,,,,,,,,,,,,,,,,,,,,,,,,,,,,,,,,,,,,,,,,,,,,,,,,
Reading Type,Reader,,,,,,,,,,,,,,,,,,,,,,,,,,,,,,,,,,,,,,,,,,,,,,,,,,,,,,,,,,,,,,,,,,,,,,,,,,,,,,,,,,,,,,,,,,,,,,,,,
,,,,,,,,,,,,,,,,,,,,,,,,,,,,,,,,,,,,,,,,,,,,,,,,,,,,,,,,,,,,,,,,,,,,,,,,,,,,,,,,,,,,,,,,,,,,,,,,,,
Procedure Details,,,,,,,,,,,,,,,,,,,,,,,,,,,,,,,,,,,,,,,,,,,,,,,,,,,,,,,,,,,,,,,,,,,,,,,,,,,,,,,,,,,,,,,,,,,,,,,,,,
Plate Type,96 WELL PLATE (Use plate lid),,,,,,,,,,,,,,,,,,,,,,,,,,,,,,,,,,,,,,,,,,,,,,,,,,,,,,,,,,,,,,,,,,,,,,,,,,,,,,,,,,,,,,,,,,,,,,,,,
Eject plate on completion,,,,,,,,,,,,,,,,,,,,,,,,,,,,,,,,,,,,,,,,,,,,,,,,,,,,,,,,,,,,,,,,,,,,,,,,,,,,,,,,,,,,,,,,,,,,,,,,,,
Set Temperature,"Setpoint 40°C, Gradient 0 °C",,,,,,,,,,,,,,,,,,,,,,,,,,,,,,,,,,,,,,,,,,,,,,,,,,,,,,,,,,,,,,,,,,,,,,,,,,,,,,,,,,,,,,,,,,,,,,,,,
,Preheat before moving to next step,,,,,,,,,,,,,,,,,,,,,,,,,,,,,,,,,,,,,,,,,,,,,,,,,,,,,,,,,,,,,,,,,,,,,,,,,,,,,,,,,,,,,,,,,,,,,,,,,
Start Kinetic,"Runtime 22:00:00 (HH:MM:SS), Interval 0:05:00, 265 Reads",,,,,,,,,,,,,,,,,,,,,,,,,,,,,,,,,,,,,,,,,,,,,,,,,,,,,,,,,,,,,,,,,,,,,,,,,,,,,,,,,,,,,,,,,,,,,,,,,
    Shake,Linear: Continuous,,,,,,,,,,,,,,,,,,,,,,,,,,,,,,,,,,,,,,,,,,,,,,,,,,,,,,,,,,,,,,,,,,,,,,,,,,,,,,,,,,,,,,,,,,,,,,,,,
,Frequency: 567 cpm (3 mm),,,,,,,,,,,,,,,,,,,,,,,,,,,,,,,,,,,,,,,,,,,,,,,,,,,,,,,,,,,,,,,,,,,,,,,,,,,,,,,,,,,,,,,,,,,,,,,,,
    Read,Absorbance Endpoint,,,,,,,,,,,,,,,,,,,,,,,,,,,,,,,,,,,,,,,,,,,,,,,,,,,,,,,,,,,,,,,,,,,,,,,,,,,,,,,,,,,,,,,,,,,,,,,,,
,Full Plate,,,,,,,,,,,,,,,,,,,,,,,,,,,,,,,,,,,,,,,,,,,,,,,,,,,,,,,,,,,,,,,,,,,,,,,,,,,,,,,,,,,,,,,,,,,,,,,,,
,Wavelengths:  600,,,,,,,,,,,,,,,,,,,,,,,,,,,,,,,,,,,,,,,,,,,,,,,,,,,,,,,,,,,,,,,,,,,,,,,,,,,,,,,,,,,,,,,,,,,,,,,,,
,"Read Speed: Normal,  Delay: 100 msec,  Measurements/Data Point: 8",,,,,,,,,,,,,,,,,,,,,,,,,,,,,,,,,,,,,,,,,,,,,,,,,,,,,,,,,,,,,,,,,,,,,,,,,,,,,,,,,,,,,,,,,,,,,,,,,
End Kinetic,,,,,,,,,,,,,,,,,,,,,,,,,,,,,,,,,,,,,,,,,,,,,,,,,,,,,,,,,,,,,,,,,,,,,,,,,,,,,,,,,,,,,,,,,,,,,,,,,,
,,,,,,,,,,,,,,,,,,,,,,,,,,,,,,,,,,,,,,,,,,,,,,,,,,,,,,,,,,,,,,,,,,,,,,,,,,,,,,,,,,,,,,,,,,,,,,,,,,
600,,,,,,,,,,,,,,,,,,,,,,,,,,,,,,,,,,,,,,,,,,,,,,,,,,,,,,,,,,,,,,,,,,,,,,,,,,,,,,,,,,,,,,,,,,,,,,,,,,
,,,,,,,,,,,,,,,,,,,,,,,,,,,,,,,,,,,,,,,,,,,,,,,,,,,,,,,,,,,,,,,,,,,,,,,,,,,,,,,,,,,,,,,,,,,,,,,,,,
,Time,T° 600,A1,A2,A3,A4,A5,A6,A7,A8,A9,A10,A11,A12,B1,B2,B3,B4,B5,B6,B7,B8,B9,B10,B11,B12,C1,C2,C3,C4,C5,C6,C7,C8,C9,C10,C11,C12,D1,D2,D3,D4,D5,D6,D7,D8,D9,D10,D11,D12,E1,E2,E3,E4,E5,E6,E7,E8,E9,E10,E11,E12,F1,F2,F3,F4,F5,F6,F7,F8,F9,F10,F11,F12,G1,G2,G3,G4,G5,G6,G7,G8,G9,G10,G11,G12,H1,H2,H3,H4,H5,H6,H7,H8,H9,H10,H11,H12
,0:04:16,39.9,0.091,0.088,0.087,0.088,0.092,0.09,0.088,0.09,0.092,0.088,0.089,0.089,0.09,0.099,0.129,0.098,0.095,0.091,0.09,0.11,0.1,0.088,0.088,0.089,0.088,0.088,0.082,0.089,0.09,0.094,0.093,0.085,0.088,0.09,0.089,0.091,0.089,0.089,0.096,0.097,0.094,0.093,0.09,0.097,0.087,0.085,0.087,0.092,0.089,0.095,0.099,0.095,0.095,0.093,0.099,0.103,0.099,0.095,0.095,0.089,0.089,0.097,0.088,0.094,0.092,0.096,0.091,0.09,0.093,0.096,0.091,0.103,0.09,0.093,0.094,0.096,0.094,0.095,0.098,0.096,0.095,0.096,0.096,0.09,0.087,0.087,0.088,0.09,0.087,0.087,0.087,0.089,0.087,0.086,0.087,0.088
,0:09:16,40,0.09,0.088,0.086,0.087,0.091,0.09,0.088,0.09,0.091,0.088,0.089,0.089,0.09,0.098,0.129,0.098,0.094,0.091,0.09,0.109,0.101,0.088,0.089,0.089,0.088,0.088,0.082,0.088,0.09,0.094,0.093,0.085,0.088,0.089,0.089,0.091,0.089,0.088,0.094,0.097,0.094,0.092,0.09,0.098,0.086,0.085,0.087,0.092,0.089,0.095,0.098,0.095,0.094,0.093,0.098,0.103,0.099,0.095,0.095,0.088,0.089,0.096,0.088,0.093,0.092,0.095,0.09,0.09,0.092,0.096,0.091,0.103,0.089,0.092,0.093,0.096,0.094,0.094,0.098,0.095,0.094,0.096,0.095,0.089,0.087,0.087,0.087,0.09,0.087,0.087,0.087,0.089,0.087,0.086,0.087,0.088
,0:14:16,40,0.09,0.088,0.086,0.087,0.091,0.09,0.088,0.09,0.091,0.087,0.089,0.089,0.09,0.098,0.124,0.099,0.095,0.092,0.09,0.109,0.101,0.088,0.089,0.089,0.088,0.088,0.082,0.089,0.09,0.095,0.093,0.085,0.088,0.09,0.089,0.091,0.089,0.089,0.094,0.097,0.094,0.092,0.09,0.098,0.087,0.085,0.087,0.092,0.089,0.095,0.098,0.095,0.095,0.093,0.099,0.103,0.099,0.095,0.095,0.088,0.089,0.096,0.087,0.094,0.092,0.095,0.09,0.09,0.092,0.096,0.091,0.103,0.089,0.092,0.093,0.096,0.094,0.094,0.098,0.095,0.094,0.096,0.095,0.089,0.087,0.087,0.087,0.09,0.087,0.087,0.087,0.089,0.087,0.086,0.087,0.088
,0:19:16,40,0.09,0.088,0.086,0.087,0.091,0.09,0.088,0.09,0.091,0.087,0.089,0.089,0.09,0.099,0.126,0.098,0.096,0.092,0.09,0.109,0.101,0.088,0.089,0.089,0.088,0.089,0.082,0.091,0.09,0.095,0.093,0.085,0.088,0.09,0.089,0.091,0.089,0.089,0.094,0.097,0.095,0.092,0.09,0.098,0.087,0.085,0.087,0.091,0.089,0.095,0.099,0.095,0.095,0.093,0.099,0.103,0.099,0.095,0.096,0.088,0.089,0.097,0.087,0.094,0.092,0.096,0.091,0.09,0.092,0.096,0.091,0.104,0.089,0.093,0.093,0.097,0.094,0.095,0.098,0.096,0.095,0.096,0.096,0.09,0.087,0.087,0.087,0.09,0.087,0.087,0.087,0.089,0.087,0.086,0.087,0.088
,0:24:16,39.9,0.09,0.088,0.086,0.087,0.091,0.09,0.088,0.09,0.091,0.087,0.089,0.089,0.09,0.1,0.127,0.099,0.097,0.092,0.09,0.11,0.101,0.087,0.089,0.089,0.088,0.089,0.082,0.088,0.09,0.095,0.097,0.085,0.088,0.09,0.09,0.091,0.089,0.089,0.094,0.098,0.095,0.093,0.091,0.099,0.087,0.085,0.087,0.091,0.089,0.095,0.1,0.095,0.095,0.093,0.1,0.104,0.099,0.095,0.096,0.088,0.089,0.097,0.087,0.094,0.093,0.096,0.091,0.09,0.092,0.096,0.091,0.103,0.089,0.093,0.094,0.097,0.094,0.095,0.098,0.096,0.095,0.096,0.096,0.089,0.087,0.087,0.087,0.089,0.087,0.086,0.086,0.089,0.086,0.086,0.087,0.088
,0:29:16,40,0.09,0.088,0.086,0.087,0.091,0.09,0.088,0.09,0.091,0.087,0.089,0.089,0.09,0.101,0.13,0.1,0.097,0.093,0.096,0.112,0.102,0.088,0.089,0.089,0.088,0.09,0.082,0.089,0.09,0.096,0.093,0.085,0.089,0.09,0.09,0.091,0.089,0.089,0.095,0.099,0.096,0.093,0.091,0.1,0.087,0.086,0.087,0.091,0.089,0.095,0.101,0.096,0.096,0.093,0.101,0.105,0.099,0.095,0.097,0.088,0.089,0.098,0.087,0.095,0.093,0.097,0.091,0.09,0.093,0.097,0.092,0.104,0.089,0.093,0.094,0.098,0.095,0.095,0.099,0.097,0.095,0.096,0.096,0.089,0.087,0.087,0.087,0.089,0.087,0.086,0.087,0.089,0.087,0.086,0.087,0.088
,0:34:16,40,0.09,0.087,0.086,0.087,0.091,0.089,0.087,0.09,0.091,0.087,0.089,0.089,0.09,0.102,0.133,0.1,0.098,0.093,0.091,0.112,0.102,0.088,0.09,0.089,0.088,0.09,0.082,0.089,0.091,0.097,0.093,0.087,0.089,0.09,0.09,0.091,0.089,0.089,0.096,0.099,0.096,0.095,0.091,0.101,0.087,0.086,0.087,0.091,0.089,0.096,0.102,0.097,0.097,0.094,0.102,0.107,0.1,0.096,0.097,0.088,0.089,0.106,0.087,0.095,0.093,0.098,0.092,0.09,0.093,0.097,0.092,0.104,0.089,0.094,0.095,0.098,0.096,0.096,0.1,0.098,0.096,0.097,0.097,0.089,0.087,0.087,0.087,0.089,0.087,0.086,0.087,0.089,0.087,0.086,0.087,0.088
,0:39:16,39.9,0.09,0.088,0.086,0.087,0.091,0.09,0.088,0.09,0.091,0.087,0.089,0.089,0.09,0.103,0.136,0.101,0.099,0.094,0.091,0.113,0.103,0.088,0.091,0.089,0.088,0.09,0.082,0.089,0.091,0.098,0.093,0.086,0.091,0.091,0.091,0.091,0.089,0.09,0.096,0.1,0.097,0.094,0.092,0.102,0.088,0.086,0.088,0.091,0.089,0.096,0.104,0.098,0.098,0.095,0.104,0.109,0.101,0.097,0.098,0.088,0.089,0.1,0.087,0.096,0.093,0.099,0.092,0.09,0.094,0.098,0.092,0.103,0.089,0.094,0.096,0.099,0.096,0.097,0.101,0.099,0.097,0.097,0.098,0.09,0.087,0.087,0.087,0.089,0.087,0.086,0.087,0.089,0.087,0.086,0.087,0.088
,0:44:16,40,0.089,0.088,0.086,0.087,0.091,0.089,0.087,0.09,0.09,0.087,0.088,0.089,0.09,0.104,0.14,0.102,0.099,0.095,0.097,0.115,0.104,0.088,0.091,0.088,0.088,0.091,0.082,0.089,0.091,0.099,0.093,0.086,0.089,0.091,0.092,0.091,0.089,0.09,0.097,0.101,0.098,0.095,0.092,0.103,0.088,0.086,0.088,0.091,0.089,0.096,0.105,0.099,0.099,0.096,0.105,0.111,0.101,0.098,0.099,0.088,0.089,0.101,0.087,0.096,0.093,0.101,0.093,0.09,0.094,0.098,0.093,0.103,0.089,0.095,0.096,0.1,0.097,0.098,0.103,0.1,0.098,0.098,0.099,0.089,0.086,0.087,0.087,0.09,0.087,0.086,0.087,0.089,0.086,0.086,0.087,0.088
,0:49:16,40,0.09,0.087,0.086,0.087,0.091,0.089,0.087,0.09,0.091,0.087,0.088,0.089,0.089,0.105,0.143,0.102,0.1,0.096,0.092,0.116,0.105,0.088,0.091,0.088,0.088,0.091,0.082,0.089,0.092,0.1,0.094,0.086,0.09,0.091,0.093,0.091,0.089,0.091,0.098,0.102,0.098,0.095,0.093,0.104,0.088,0.086,0.088,0.091,0.089,0.096,0.108,0.1,0.1,0.097,0.107,0.113,0.103,0.098,0.101,0.088,0.088,0.102,0.087,0.097,0.094,0.103,0.094,0.09,0.095,0.099,0.093,0.103,0.088,0.096,0.098,0.101,0.098,0.099,0.105,0.102,0.099,0.098,0.1,0.089,0.086,0.087,0.087,0.089,0.087,0.086,0.087,0.089,0.086,0.086,0.087,0.088
,0:54:16,40,0.09,0.087,0.086,0.087,0.09,0.089,0.087,0.09,0.09,0.087,0.089,0.089,0.09,0.105,0.147,0.103,0.101,0.097,0.092,0.117,0.105,0.088,0.092,0.088,0.088,0.091,0.082,0.09,0.092,0.102,0.094,0.086,0.089,0.091,0.093,0.091,0.089,0.091,0.098,0.103,0.099,0.096,0.093,0.106,0.088,0.087,0.088,0.091,0.089,0.097,0.111,0.101,0.101,0.098,0.11,0.116,0.104,0.1,0.102,0.088,0.088,0.104,0.087,0.099,0.095,0.105,0.094,0.091,0.096,0.099,0.094,0.103,0.088,0.097,0.099,0.102,0.1,0.1,0.107,0.104,0.101,0.099,0.101,0.089,0.086,0.087,0.087,0.089,0.086,0.086,0.087,0.088,0.086,0.086,0.087,0.088
,0:59:16,39.9,0.09,0.087,0.086,0.087,0.091,0.09,0.088,0.09,0.091,0.087,0.089,0.089,0.09,0.106,0.152,0.104,0.102,0.099,0.093,0.119,0.106,0.088,0.093,0.089,0.088,0.092,0.082,0.09,0.092,0.104,0.094,0.087,0.09,0.092,0.094,0.091,0.089,0.092,0.099,0.105,0.1,0.098,0.094,0.108,0.089,0.087,0.089,0.091,0.089,0.097,0.115,0.103,0.103,0.099,0.114,0.121,0.106,0.102,0.104,0.088,0.089,0.107,0.087,0.101,0.094,0.108,0.096,0.091,0.096,0.1,0.095,0.103,0.089,0.099,0.101,0.103,0.102,0.103,0.11,0.107,0.103,0.101,0.103,0.09,0.087,0.087,0.087,0.089,0.087,0.086,0.087,0.089,0.087,0.086,0.087,0.088
,1:04:16,40,0.09,0.088,0.086,0.087,0.091,0.089,0.088,0.09,0.091,0.087,0.089,0.089,0.09,0.107,0.157,0.105,0.103,0.1,0.093,0.121,0.107,0.088,0.094,0.089,0.088,0.093,0.082,0.09,0.093,0.105,0.095,0.087,0.091,0.092,0.095,0.091,0.089,0.092,0.101,0.107,0.101,0.099,0.094,0.11,0.089,0.087,0.09,0.091,0.089,0.098,0.119,0.104,0.106,0.101,0.118,0.126,0.108,0.103,0.107,0.088,0.089,0.11,0.087,0.103,0.095,0.112,0.098,0.091,0.097,0.101,0.096,0.103,0.089,0.1,0.103,0.105,0.104,0.105,0.114,0.11,0.106,0.102,0.105,0.089,0.087,0.087,0.087,0.089,0.087,0.086,0.087,0.089,0.087,0.086,0.087,0.088
,1:09:16,39.9,0.09,0.088,0.086,0.087,0.091,0.089,0.088,0.09,0.09,0.087,0.089,0.089,0.09,0.108,0.162,0.106,0.104,0.102,0.094,0.123,0.109,0.089,0.095,0.089,0.088,0.093,0.082,0.091,0.093,0.107,0.095,0.088,0.091,0.093,0.096,0.091,0.089,0.093,0.102,0.108,0.102,0.1,0.095,0.113,0.089,0.088,0.09,0.091,0.089,0.098,0.125,0.107,0.108,0.103,0.123,0.132,0.11,0.105,0.11,0.088,0.089,0.113,0.087,0.105,0.095,0.117,0.099,0.092,0.099,0.102,0.097,0.103,0.089,0.102,0.106,0.106,0.107,0.108,0.118,0.114,0.109,0.103,0.108,0.089,0.087,0.087,0.087,0.089,0.087,0.086,0.087,0.089,0.087,0.086,0.087,0.088
,1:14:16,40,0.09,0.088,0.086,0.087,0.091,0.09,0.088,0.09,0.091,0.087,0.088,0.089,0.09,0.11,0.168,0.107,0.105,0.103,0.094,0.126,0.11,0.089,0.096,0.089,0.088,0.094,0.082,0.091,0.094,0.109,0.096,0.088,0.092,0.093,0.097,0.091,0.089,0.094,0.103,0.111,0.103,0.101,0.096,0.115,0.09,0.088,0.091,0.092,0.089,0.1,0.133,0.11,0.112,0.106,0.13,0.139,0.114,0.108,0.113,0.088,0.089,0.117,0.087,0.108,0.096,0.123,0.102,0.092,0.101,0.103,0.099,0.103,0.089,0.105,0.109,0.108,0.11,0.112,0.123,0.119,0.112,0.106,0.112,0.089,0.086,0.087,0.087,0.091,0.087,0.086,0.087,0.089,0.087,0.086,0.087,0.088
,1:19:16,40,0.09,0.087,0.086,0.087,0.091,0.089,0.087,0.09,0.091,0.087,0.087,0.089,0.09,0.111,0.174,0.108,0.109,0.105,0.095,0.128,0.111,0.089,0.097,0.088,0.088,0.095,0.082,0.092,0.094,0.111,0.096,0.088,0.092,0.094,0.098,0.091,0.089,0.095,0.104,0.113,0.104,0.102,0.097,0.118,0.09,0.088,0.091,0.091,0.089,0.1,0.141,0.113,0.116,0.11,0.138,0.147,0.118,0.111,0.117,0.088,0.088,0.121,0.087,0.111,0.096,0.13,0.105,0.093,0.102,0.105,0.101,0.103,0.089,0.107,0.113,0.111,0.114,0.117,0.129,0.125,0.117,0.108,0.116,0.089,0.086,0.087,0.087,0.089,0.087,0.086,0.087,0.089,0.087,0.086,0.087,0.088
,1:24:16,40,0.089,0.088,0.086,0.087,0.091,0.089,0.087,0.09,0.09,0.087,0.087,0.089,0.089,0.112,0.18,0.109,0.109,0.107,0.096,0.131,0.113,0.089,0.098,0.089,0.088,0.096,0.082,0.092,0.094,0.114,0.097,0.089,0.093,0.094,0.1,0.091,0.089,0.096,0.105,0.116,0.105,0.104,0.098,0.121,0.091,0.089,0.092,0.091,0.089,0.102,0.151,0.117,0.12,0.113,0.147,0.158,0.123,0.115,0.123,0.088,0.089,0.127,0.087,0.116,0.097,0.138,0.109,0.094,0.104,0.107,0.104,0.103,0.089,0.111,0.118,0.113,0.119,0.123,0.137,0.133,0.123,0.112,0.12,0.089,0.087,0.087,0.087,0.089,0.087,0.086,0.087,0.089,0.086,0.086,0.087,0.088
,1:29:16,40.1,0.089,0.087,0.086,0.087,0.091,0.089,0.087,0.09,0.09,0.087,0.087,0.089,0.09,0.113,0.188,0.11,0.113,0.11,0.096,0.134,0.115,0.09,0.099,0.088,0.088,0.097,0.082,0.093,0.095,0.117,0.097,0.089,0.093,0.095,0.102,0.091,0.089,0.097,0.107,0.119,0.106,0.106,0.099,0.125,0.091,0.09,0.093,0.091,0.089,0.103,0.165,0.122,0.126,0.119,0.158,0.17,0.129,0.12,0.129,0.088,0.089,0.148,0.087,0.121,0.097,0.149,0.113,0.095,0.107,0.109,0.107,0.103,0.089,0.116,0.124,0.116,0.125,0.13,0.146,0.142,0.13,0.116,0.126,0.089,0.086,0.087,0.087,0.089,0.087,0.086,0.087,0.089,0.086,0.086,0.087,0.088
,1:34:16,40,0.09,0.087,0.086,0.087,0.091,0.089,0.087,0.09,0.091,0.088,0.087,0.089,0.09,0.115,0.194,0.111,0.112,0.113,0.097,0.138,0.117,0.09,0.101,0.089,0.088,0.098,0.082,0.094,0.095,0.122,0.098,0.09,0.094,0.096,0.103,0.09,0.089,0.099,0.108,0.123,0.108,0.108,0.1,0.129,0.092,0.091,0.094,0.091,0.089,0.104,0.181,0.127,0.133,0.125,0.173,0.184,0.136,0.125,0.136,0.088,0.088,0.143,0.087,0.127,0.098,0.162,0.119,0.096,0.111,0.111,0.111,0.103,0.088,0.121,0.131,0.119,0.132,0.139,0.158,0.153,0.139,0.121,0.133,0.089,0.087,0.087,0.087,0.089,0.087,0.086,0.087,0.089,0.086,0.086,0.087,0.088
,1:39:16,40,0.09,0.087,0.086,0.087,0.091,0.089,0.087,0.09,0.09,0.087,0.087,0.089,0.09,0.116,0.199,0.113,0.114,0.116,0.098,0.141,0.119,0.09,0.102,0.088,0.088,0.099,0.081,0.094,0.096,0.125,0.099,0.091,0.094,0.097,0.105,0.09,0.089,0.1,0.11,0.127,0.109,0.111,0.101,0.134,0.093,0.091,0.096,0.091,0.089,0.106,0.193,0.133,0.141,0.132,0.184,0.202,0.145,0.132,0.145,0.088,0.089,0.153,0.087,0.135,0.099,0.177,0.126,0.097,0.115,0.114,0.115,0.103,0.089,0.127,0.139,0.122,0.141,0.149,0.171,0.166,0.149,0.127,0.141,0.089,0.086,0.087,0.087,0.089,0.086,0.086,0.086,0.088,0.086,0.086,0.087,0.088
,1:44:16,40,0.089,0.087,0.086,0.087,0.091,0.089,0.087,0.09,0.09,0.087,0.087,0.089,0.089,0.118,0.204,0.114,0.117,0.118,0.099,0.146,0.121,0.091,0.104,0.088,0.088,0.1,0.082,0.095,0.096,0.126,0.1,0.092,0.095,0.097,0.108,0.09,0.089,0.102,0.112,0.131,0.111,0.113,0.102,0.139,0.094,0.093,0.097,0.091,0.089,0.108,0.201,0.141,0.151,0.141,0.192,0.21,0.157,0.14,0.155,0.088,0.088,0.165,0.087,0.144,0.1,0.185,0.134,0.099,0.119,0.117,0.12,0.103,0.088,0.135,0.15,0.127,0.151,0.161,0.188,0.18,0.161,0.133,0.15,0.089,0.086,0.087,0.087,0.089,0.086,0.086,0.086,0.088,0.086,0.086,0.087,0.088
,1:49:16,40,0.089,0.087,0.086,0.086,0.091,0.089,0.087,0.09,0.09,0.087,0.087,0.089,0.089,0.119,0.21,0.116,0.122,0.12,0.1,0.15,0.124,0.091,0.106,0.088,0.088,0.102,0.081,0.096,0.097,0.129,0.1,0.093,0.096,0.098,0.11,0.09,0.089,0.104,0.115,0.135,0.113,0.116,0.103,0.144,0.095,0.093,0.098,0.091,0.089,0.11,0.219,0.15,0.162,0.151,0.207,0.226,0.169,0.149,0.167,0.088,0.088,0.178,0.087,0.156,0.101,0.194,0.144,0.1,0.125,0.121,0.127,0.103,0.088,0.144,0.162,0.131,0.164,0.175,0.196,0.186,0.176,0.142,0.162,0.089,0.086,0.087,0.087,0.089,0.086,0.086,0.086,0.089,0.086,0.086,0.087,0.088
,1:54:16,39.9,0.089,0.087,0.086,0.086,0.091,0.089,0.087,0.09,0.09,0.087,0.087,0.089,0.089,0.121,0.216,0.117,0.122,0.123,0.101,0.152,0.127,0.092,0.108,0.088,0.088,0.104,0.081,0.097,0.097,0.131,0.102,0.094,0.097,0.101,0.112,0.09,0.089,0.105,0.117,0.14,0.115,0.119,0.105,0.149,0.096,0.094,0.1,0.091,0.089,0.112,0.244,0.16,0.175,0.164,0.229,0.248,0.181,0.16,0.181,0.088,0.088,0.193,0.087,0.169,0.102,0.212,0.157,0.102,0.131,0.125,0.135,0.103,0.088,0.155,0.176,0.137,0.177,0.181,0.206,0.198,0.183,0.153,0.176,0.089,0.086,0.087,0.087,0.089,0.086,0.086,0.086,0.089,0.086,0.086,0.087,0.088
,1:59:16,40,0.09,0.088,0.086,0.087,0.091,0.089,0.087,0.09,0.091,0.087,0.087,0.089,0.09,0.123,0.221,0.119,0.126,0.126,0.102,0.156,0.128,0.092,0.11,0.089,0.088,0.106,0.082,0.098,0.098,0.132,0.103,0.095,0.098,0.101,0.116,0.091,0.089,0.107,0.12,0.144,0.118,0.121,0.107,0.154,0.097,0.096,0.102,0.091,0.089,0.115,0.265,0.172,0.189,0.176,0.25,0.269,0.188,0.173,0.191,0.088,0.089,0.203,0.087,0.181,0.104,0.235,0.17,0.105,0.14,0.13,0.144,0.104,0.089,0.169,0.189,0.143,0.184,0.194,0.226,0.22,0.194,0.166,0.186,0.089,0.087,0.087,0.087,0.089,0.087,0.086,0.086,0.089,0.086,0.086,0.087,0.088
,2:04:16,40,0.09,0.088,0.086,0.087,0.091,0.089,0.087,0.09,0.091,0.087,0.087,0.089,0.09,0.125,0.225,0.121,0.129,0.129,0.104,0.16,0.13,0.093,0.112,0.089,0.088,0.108,0.082,0.099,0.098,0.134,0.104,0.097,0.1,0.101,0.119,0.091,0.089,0.109,0.123,0.147,0.12,0.122,0.109,0.156,0.098,0.096,0.103,0.091,0.089,0.118,0.285,0.184,0.196,0.183,0.269,0.289,0.201,0.188,0.204,0.088,0.089,0.221,0.087,0.186,0.105,0.253,0.176,0.108,0.149,0.136,0.155,0.104,0.089,0.179,0.197,0.149,0.195,0.214,0.25,0.242,0.212,0.177,0.195,0.089,0.087,0.087,0.087,0.089,0.087,0.086,0.087,0.089,0.086,0.086,0.087,0.088
,2:09:16,40,0.09,0.088,0.086,0.087,0.091,0.089,0.087,0.09,0.091,0.087,0.087,0.089,0.09,0.127,0.232,0.123,0.13,0.132,0.105,0.164,0.132,0.093,0.113,0.089,0.089,0.111,0.082,0.1,0.099,0.136,0.105,0.097,0.101,0.102,0.121,0.091,0.089,0.111,0.126,0.15,0.122,0.124,0.11,0.159,0.1,0.096,0.105,0.091,0.089,0.121,0.307,0.189,0.209,0.199,0.291,0.314,0.222,0.196,0.222,0.088,0.089,0.241,0.087,0.199,0.107,0.27,0.188,0.111,0.16,0.142,0.167,0.103,0.089,0.184,0.213,0.157,0.212,0.237,0.27,0.261,0.235,0.183,0.211,0.089,0.086,0.087,0.087,0.089,0.087,0.086,0.086,0.089,0.086,0.086,0.087,0.088
,2:14:16,40,0.09,0.088,0.086,0.087,0.091,0.089,0.087,0.09,0.091,0.087,0.087,0.089,0.09,0.13,0.24,0.125,0.132,0.135,0.106,0.168,0.135,0.094,0.115,0.089,0.088,0.112,0.082,0.101,0.099,0.138,0.105,0.099,0.102,0.104,0.122,0.091,0.089,0.113,0.129,0.154,0.124,0.126,0.112,0.163,0.101,0.098,0.105,0.091,0.089,0.124,0.333,0.196,0.23,0.217,0.317,0.34,0.245,0.207,0.243,0.088,0.089,0.26,0.087,0.218,0.109,0.29,0.207,0.116,0.172,0.149,0.173,0.103,0.089,0.196,0.234,0.164,0.233,0.256,0.291,0.28,0.257,0.198,0.231,0.09,0.087,0.087,0.087,0.089,0.087,0.086,0.086,0.089,0.087,0.086,0.087,0.088
,2:19:16,40,0.089,0.088,0.086,0.087,0.091,0.089,0.087,0.09,0.091,0.087,0.087,0.089,0.09,0.132,0.247,0.126,0.135,0.139,0.106,0.172,0.137,0.094,0.116,0.089,0.088,0.114,0.082,0.102,0.1,0.141,0.106,0.1,0.103,0.105,0.125,0.091,0.089,0.115,0.13,0.16,0.126,0.128,0.114,0.167,0.101,0.107,0.106,0.091,0.089,0.13,0.359,0.212,0.249,0.236,0.345,0.367,0.263,0.225,0.264,0.088,0.089,0.277,0.087,0.24,0.111,0.312,0.229,0.12,0.187,0.156,0.182,0.103,0.088,0.214,0.253,0.172,0.248,0.276,0.316,0.302,0.278,0.217,0.25,0.089,0.087,0.087,0.087,0.089,0.087,0.086,0.087,0.089,0.086,0.086,0.087,0.088
,2:24:16,40,0.089,0.087,0.086,0.087,0.091,0.089,0.087,0.09,0.09,0.087,0.087,0.089,0.09,0.134,0.257,0.127,0.137,0.142,0.108,0.177,0.14,0.095,0.118,0.088,0.088,0.116,0.082,0.103,0.1,0.143,0.107,0.101,0.104,0.106,0.128,0.091,0.089,0.117,0.132,0.166,0.127,0.131,0.115,0.172,0.102,0.1,0.108,0.091,0.089,0.134,0.387,0.228,0.271,0.256,0.372,0.396,0.281,0.246,0.285,0.088,0.088,0.298,0.087,0.259,0.113,0.335,0.248,0.126,0.199,0.165,0.198,0.104,0.088,0.233,0.271,0.179,0.268,0.299,0.342,0.326,0.3,0.238,0.271,0.089,0.087,0.087,0.087,0.089,0.09,0.086,0.087,0.088,0.086,0.086,0.087,0.088
,2:29:16,40,0.09,0.088,0.086,0.087,0.091,0.089,0.087,0.09,0.091,0.087,0.087,0.089,0.09,0.136,0.266,0.129,0.141,0.146,0.109,0.183,0.143,0.096,0.12,0.089,0.088,0.12,0.082,0.104,0.102,0.147,0.109,0.103,0.106,0.107,0.132,0.091,0.089,0.12,0.135,0.173,0.129,0.134,0.117,0.178,0.103,0.101,0.109,0.092,0.089,0.139,0.416,0.245,0.294,0.278,0.403,0.425,0.304,0.266,0.309,0.089,0.089,0.322,0.087,0.279,0.116,0.36,0.268,0.132,0.214,0.175,0.219,0.104,0.089,0.252,0.293,0.184,0.288,0.328,0.371,0.354,0.323,0.257,0.292,0.089,0.087,0.087,0.087,0.089,0.087,0.086,0.087,0.089,0.086,0.086,0.087,0.088
,2:34:16,40,0.09,0.088,0.086,0.087,0.091,0.089,0.088,0.09,0.091,0.087,0.087,0.089,0.09,0.138,0.274,0.131,0.144,0.149,0.109,0.188,0.146,0.097,0.123,0.089,0.088,0.119,0.082,0.105,0.102,0.15,0.11,0.105,0.107,0.108,0.136,0.091,0.089,0.121,0.138,0.18,0.13,0.137,0.118,0.182,0.105,0.101,0.111,0.091,0.089,0.145,0.443,0.264,0.32,0.301,0.434,0.453,0.333,0.287,0.337,0.088,0.088,0.347,0.087,0.3,0.118,0.385,0.289,0.14,0.233,0.186,0.239,0.103,0.089,0.268,0.316,0.192,0.309,0.357,0.402,0.385,0.353,0.277,0.318,0.089,0.086,0.087,0.087,0.09,0.087,0.086,0.087,0.089,0.086,0.086,0.087,0.088
,2:39:16,40,0.09,0.087,0.086,0.086,0.091,0.089,0.087,0.09,0.09,0.087,0.087,0.089,0.09,0.14,0.281,0.132,0.147,0.153,0.11,0.192,0.149,0.097,0.126,0.088,0.088,0.123,0.082,0.107,0.102,0.152,0.111,0.106,0.108,0.11,0.139,0.09,0.089,0.123,0.141,0.183,0.132,0.139,0.119,0.187,0.106,0.102,0.113,0.091,0.089,0.151,0.469,0.285,0.348,0.328,0.462,0.478,0.361,0.313,0.364,0.088,0.088,0.374,0.087,0.323,0.12,0.407,0.315,0.148,0.251,0.197,0.257,0.103,0.088,0.288,0.342,0.203,0.332,0.39,0.432,0.416,0.385,0.3,0.342,0.089,0.086,0.087,0.087,0.089,0.086,0.086,0.086,0.089,0.086,0.086,0.087,0.088
,2:44:16,40,0.089,0.087,0.086,0.086,0.09,0.089,0.087,0.09,0.09,0.087,0.087,0.089,0.09,0.142,0.292,0.133,0.15,0.158,0.111,0.197,0.151,0.097,0.128,0.088,0.088,0.128,0.082,0.107,0.103,0.155,0.112,0.108,0.11,0.112,0.143,0.09,0.089,0.125,0.144,0.187,0.135,0.141,0.121,0.193,0.107,0.108,0.115,0.091,0.089,0.157,0.492,0.307,0.376,0.354,0.488,0.502,0.391,0.338,0.394,0.088,0.088,0.402,0.087,0.349,0.124,0.429,0.341,0.158,0.27,0.208,0.275,0.103,0.088,0.312,0.37,0.213,0.358,0.425,0.461,0.447,0.416,0.324,0.371,0.089,0.086,0.087,0.087,0.089,0.086,0.086,0.086,0.088,0.086,0.086,0.087,0.088
,2:49:16,40.1,0.089,0.087,0.086,0.087,0.091,0.089,0.087,0.09,0.09,0.087,0.087,0.089,0.089,0.144,0.304,0.135,0.153,0.163,0.113,0.203,0.155,0.098,0.13,0.088,0.088,0.13,0.081,0.109,0.104,0.159,0.114,0.11,0.111,0.113,0.145,0.091,0.089,0.127,0.148,0.192,0.137,0.146,0.123,0.201,0.108,0.104,0.117,0.091,0.089,0.164,0.514,0.331,0.405,0.385,0.511,0.525,0.424,0.367,0.426,0.088,0.088,0.43,0.087,0.379,0.127,0.447,0.371,0.169,0.29,0.221,0.296,0.103,0.088,0.334,0.4,0.225,0.383,0.459,0.491,0.476,0.45,0.351,0.402,0.089,0.086,0.087,0.087,0.089,0.086,0.086,0.086,0.089,0.086,0.086,0.087,0.088
,2:54:16,40,0.09,0.087,0.086,0.087,0.091,0.089,0.087,0.09,0.09,0.087,0.087,0.089,0.089,0.146,0.316,0.137,0.156,0.168,0.114,0.209,0.159,0.099,0.133,0.088,0.088,0.131,0.082,0.112,0.105,0.163,0.115,0.112,0.113,0.116,0.149,0.09,0.089,0.131,0.152,0.199,0.14,0.149,0.126,0.208,0.109,0.106,0.119,0.091,0.089,0.173,0.534,0.357,0.433,0.415,0.534,0.547,0.457,0.397,0.457,0.088,0.088,0.456,0.087,0.408,0.131,0.464,0.401,0.18,0.312,0.235,0.322,0.103,0.088,0.359,0.428,0.236,0.407,0.491,0.518,0.503,0.48,0.381,0.434,0.089,0.086,0.087,0.087,0.089,0.087,0.086,0.086,0.088,0.086,0.086,0.087,0.088
,2:59:16,40,0.089,0.087,0.086,0.087,0.09,0.089,0.087,0.09,0.09,0.087,0.087,0.089,0.089,0.148,0.328,0.139,0.16,0.173,0.115,0.216,0.164,0.1,0.137,0.089,0.088,0.135,0.081,0.114,0.106,0.167,0.117,0.113,0.115,0.126,0.154,0.091,0.089,0.134,0.154,0.205,0.142,0.153,0.127,0.216,0.111,0.114,0.121,0.091,0.089,0.182,0.555,0.383,0.459,0.441,0.557,0.57,0.486,0.429,0.486,0.088,0.088,0.48,0.087,0.438,0.135,0.476,0.432,0.192,0.337,0.25,0.353,0.104,0.088,0.387,0.455,0.25,0.428,0.52,0.542,0.526,0.509,0.412,0.463,0.089,0.086,0.087,0.087,0.089,0.086,0.086,0.086,0.089,0.086,0.086,0.087,0.088
,3:04:16,40,0.089,0.088,0.086,0.086,0.091,0.089,0.087,0.09,0.09,0.087,0.087,0.089,0.09,0.15,0.34,0.14,0.164,0.176,0.117,0.223,0.169,0.101,0.14,0.089,0.088,0.137,0.082,0.116,0.107,0.171,0.118,0.116,0.116,0.119,0.159,0.091,0.089,0.137,0.157,0.212,0.144,0.157,0.13,0.223,0.113,0.109,0.124,0.091,0.089,0.19,0.574,0.41,0.484,0.468,0.578,0.588,0.512,0.459,0.515,0.088,0.088,0.502,0.087,0.467,0.14,0.488,0.459,0.206,0.361,0.265,0.383,0.103,0.088,0.415,0.478,0.266,0.446,0.545,0.565,0.55,0.533,0.442,0.492,0.089,0.086,0.087,0.087,0.089,0.087,0.086,0.086,0.088,0.086,0.086,0.087,0.088
,3:09:16,40,0.089,0.087,0.086,0.086,0.091,0.089,0.087,0.09,0.09,0.087,0.087,0.089,0.089,0.152,0.351,0.142,0.168,0.178,0.118,0.23,0.173,0.101,0.143,0.088,0.088,0.141,0.082,0.115,0.107,0.174,0.12,0.118,0.118,0.121,0.164,0.091,0.089,0.139,0.161,0.216,0.147,0.161,0.132,0.227,0.114,0.112,0.126,0.091,0.089,0.202,0.59,0.435,0.509,0.49,0.596,0.606,0.535,0.488,0.54,0.088,0.088,0.524,0.087,0.49,0.144,0.497,0.483,0.222,0.39,0.281,0.416,0.103,0.088,0.443,0.502,0.285,0.461,0.57,0.586,0.572,0.557,0.469,0.519,0.089,0.086,0.087,0.087,0.089,0.087,0.086,0.086,0.089,0.086,0.086,0.087,0.088
,3:14:16,40,0.089,0.088,0.086,0.087,0.091,0.089,0.087,0.09,0.091,0.087,0.087,0.089,0.09,0.154,0.36,0.143,0.173,0.181,0.12,0.236,0.177,0.102,0.147,0.088,0.088,0.146,0.082,0.117,0.108,0.177,0.122,0.12,0.12,0.123,0.169,0.09,0.089,0.142,0.166,0.219,0.15,0.163,0.135,0.23,0.116,0.112,0.129,0.092,0.089,0.21,0.605,0.46,0.533,0.515,0.613,0.623,0.56,0.514,0.566,0.088,0.088,0.547,0.087,0.513,0.15,0.503,0.505,0.239,0.419,0.299,0.455,0.103,0.089,0.469,0.525,0.306,0.477,0.596,0.604,0.591,0.581,0.496,0.545,0.089,0.086,0.087,0.087,0.089,0.087,0.086,0.087,0.089,0.086,0.086,0.087,0.088
,3:19:16,40.1,0.089,0.088,0.086,0.087,0.091,0.089,0.087,0.09,0.091,0.087,0.087,0.089,0.09,0.156,0.365,0.144,0.177,0.184,0.123,0.24,0.178,0.103,0.15,0.088,0.088,0.148,0.082,0.118,0.108,0.178,0.123,0.123,0.121,0.132,0.172,0.091,0.089,0.145,0.17,0.222,0.153,0.165,0.137,0.235,0.118,0.113,0.132,0.091,0.089,0.222,0.621,0.484,0.556,0.537,0.629,0.641,0.584,0.541,0.59,0.088,0.088,0.569,0.087,0.534,0.155,0.507,0.528,0.257,0.448,0.318,0.495,0.104,0.088,0.497,0.547,0.326,0.491,0.619,0.62,0.608,0.6,0.519,0.57,0.089,0.086,0.087,0.087,0.089,0.087,0.086,0.086,0.089,0.086,0.086,0.087,0.088
,3:24:16,40.1,0.09,0.088,0.086,0.087,0.091,0.089,0.087,0.09,0.091,0.087,0.087,0.089,0.09,0.159,0.369,0.145,0.182,0.188,0.124,0.243,0.18,0.104,0.153,0.089,0.088,0.149,0.082,0.12,0.11,0.178,0.124,0.124,0.123,0.133,0.177,0.091,0.089,0.149,0.175,0.225,0.156,0.167,0.14,0.24,0.119,0.116,0.134,0.091,0.089,0.235,0.636,0.502,0.577,0.56,0.646,0.657,0.606,0.564,0.613,0.088,0.089,0.586,0.087,0.555,0.161,0.51,0.548,0.275,0.474,0.339,0.53,0.104,0.089,0.52,0.569,0.344,0.503,0.638,0.635,0.626,0.62,0.544,0.592,0.09,0.086,0.087,0.087,0.089,0.087,0.086,0.087,0.089,0.087,0.086,0.087,0.088
,3:29:16,40,0.089,0.088,0.086,0.087,0.091,0.089,0.087,0.09,0.09,0.088,0.087,0.089,0.09,0.16,0.373,0.147,0.184,0.192,0.127,0.246,0.182,0.105,0.155,0.088,0.088,0.15,0.082,0.122,0.11,0.179,0.125,0.126,0.125,0.13,0.182,0.091,0.089,0.153,0.18,0.229,0.158,0.168,0.143,0.246,0.12,0.115,0.136,0.091,0.089,0.246,0.649,0.52,0.595,0.578,0.662,0.672,0.626,0.583,0.632,0.088,0.088,0.604,0.087,0.575,0.167,0.516,0.566,0.294,0.5,0.359,0.559,0.103,0.088,0.541,0.587,0.364,0.512,0.658,0.65,0.642,0.637,0.568,0.614,0.089,0.086,0.087,0.087,0.089,0.086,0.086,0.086,0.088,0.086,0.086,0.087,0.088
,3:34:16,40,0.089,0.088,0.086,0.087,0.091,0.089,0.087,0.09,0.09,0.087,0.087,0.089,0.09,0.163,0.377,0.149,0.187,0.197,0.129,0.248,0.183,0.106,0.157,0.089,0.088,0.152,0.082,0.124,0.111,0.179,0.126,0.129,0.127,0.137,0.186,0.091,0.089,0.158,0.183,0.233,0.161,0.17,0.146,0.253,0.121,0.115,0.138,0.091,0.089,0.262,0.662,0.539,0.613,0.595,0.677,0.685,0.645,0.6,0.65,0.088,0.089,0.619,0.087,0.592,0.172,0.515,0.581,0.316,0.524,0.381,0.586,0.104,0.088,0.563,0.603,0.386,0.518,0.677,0.665,0.658,0.655,0.59,0.632,0.089,0.086,0.087,0.087,0.089,0.087,0.086,0.086,0.089,0.086,0.086,0.087,0.088
,3:39:16,40,0.09,0.087,0.086,0.087,0.091,0.089,0.088,0.09,0.091,0.087,0.087,0.089,0.089,0.165,0.381,0.15,0.188,0.202,0.131,0.251,0.185,0.107,0.159,0.089,0.088,0.151,0.082,0.128,0.112,0.18,0.127,0.131,0.13,0.136,0.191,0.091,0.089,0.161,0.184,0.238,0.165,0.172,0.149,0.26,0.122,0.122,0.139,0.091,0.089,0.276,0.675,0.553,0.63,0.613,0.691,0.697,0.663,0.617,0.668,0.088,0.088,0.635,0.087,0.609,0.179,0.514,0.597,0.338,0.548,0.404,0.612,0.103,0.088,0.583,0.619,0.405,0.524,0.695,0.68,0.672,0.671,0.61,0.65,0.089,0.086,0.087,0.087,0.089,0.087,0.086,0.087,0.089,0.086,0.086,0.087,0.088
,3:44:16,40,0.089,0.088,0.086,0.087,0.091,0.089,0.087,0.09,0.09,0.087,0.087,0.089,0.09,0.167,0.386,0.152,0.19,0.207,0.134,0.254,0.188,0.108,0.161,0.089,0.088,0.152,0.082,0.127,0.113,0.181,0.128,0.134,0.132,0.137,0.197,0.091,0.089,0.165,0.186,0.243,0.167,0.175,0.151,0.268,0.124,0.117,0.141,0.091,0.089,0.293,0.69,0.568,0.646,0.63,0.702,0.711,0.681,0.632,0.686,0.088,0.089,0.649,0.087,0.626,0.187,0.515,0.611,0.362,0.572,0.426,0.636,0.104,0.089,0.601,0.634,0.426,0.526,0.713,0.695,0.687,0.688,0.628,0.67,0.089,0.086,0.087,0.087,0.089,0.086,0.086,0.087,0.089,0.087,0.086,0.087,0.088
,3:49:16,40,0.09,0.088,0.086,0.087,0.091,0.089,0.088,0.09,0.091,0.087,0.087,0.089,0.09,0.169,0.39,0.154,0.192,0.212,0.135,0.256,0.19,0.109,0.164,0.089,0.088,0.154,0.082,0.133,0.114,0.182,0.129,0.136,0.134,0.144,0.203,0.091,0.089,0.169,0.188,0.249,0.167,0.177,0.153,0.277,0.125,0.118,0.142,0.092,0.089,0.31,0.705,0.58,0.661,0.645,0.714,0.723,0.698,0.646,0.704,0.088,0.089,0.662,0.087,0.642,0.195,0.522,0.626,0.388,0.593,0.45,0.66,0.104,0.088,0.618,0.649,0.446,0.53,0.726,0.709,0.698,0.703,0.646,0.685,0.089,0.087,0.087,0.087,0.089,0.087,0.086,0.086,0.089,0.086,0.086,0.087,0.088
,3:54:16,40,0.089,0.088,0.086,0.087,0.091,0.089,0.087,0.09,0.09,0.087,0.087,0.089,0.089,0.17,0.394,0.155,0.193,0.216,0.136,0.259,0.193,0.11,0.166,0.088,0.088,0.155,0.082,0.131,0.115,0.183,0.13,0.139,0.136,0.142,0.208,0.09,0.089,0.172,0.189,0.256,0.168,0.18,0.155,0.286,0.127,0.119,0.144,0.091,0.089,0.329,0.721,0.59,0.676,0.661,0.726,0.738,0.714,0.662,0.717,0.088,0.088,0.676,0.087,0.657,0.203,0.517,0.637,0.413,0.612,0.471,0.682,0.103,0.088,0.634,0.66,0.463,0.526,0.74,0.721,0.709,0.715,0.663,0.697,0.089,0.086,0.086,0.087,0.089,0.086,0.086,0.086,0.088,0.086,0.086,0.087,0.088
,3:59:16,40,0.09,0.088,0.086,0.087,0.091,0.089,0.087,0.09,0.091,0.087,0.087,0.089,0.089,0.172,0.399,0.156,0.195,0.22,0.137,0.262,0.196,0.111,0.169,0.089,0.088,0.156,0.082,0.133,0.116,0.185,0.132,0.142,0.137,0.146,0.213,0.091,0.089,0.176,0.191,0.263,0.169,0.183,0.157,0.295,0.129,0.121,0.146,0.091,0.089,0.347,0.734,0.598,0.691,0.677,0.737,0.751,0.726,0.677,0.729,0.088,0.088,0.691,0.087,0.673,0.213,0.512,0.646,0.437,0.631,0.494,0.703,0.104,0.088,0.65,0.674,0.478,0.526,0.752,0.731,0.724,0.727,0.681,0.711,0.089,0.086,0.087,0.087,0.089,0.087,0.086,0.087,0.089,0.086,0.086,0.087,0.088
,4:04:16,40,0.09,0.088,0.086,0.087,0.091,0.089,0.087,0.09,0.091,0.087,0.087,0.089,0.09,0.175,0.405,0.159,0.197,0.225,0.138,0.265,0.2,0.112,0.172,0.089,0.088,0.158,0.082,0.136,0.117,0.186,0.134,0.144,0.138,0.15,0.218,0.091,0.089,0.18,0.193,0.271,0.17,0.187,0.158,0.304,0.131,0.122,0.148,0.091,0.089,0.364,0.746,0.61,0.706,0.689,0.745,0.764,0.738,0.692,0.743,0.088,0.088,0.706,0.087,0.685,0.223,0.51,0.657,0.463,0.65,0.514,0.722,0.104,0.088,0.665,0.689,0.495,0.529,0.763,0.745,0.736,0.742,0.697,0.728,0.089,0.087,0.087,0.087,0.09,0.087,0.086,0.086,0.089,0.086,0.086,0.087,0.088
,4:09:16,40,0.089,0.087,0.086,0.086,0.091,0.089,0.087,0.09,0.09,0.087,0.087,0.089,0.089,0.177,0.409,0.161,0.199,0.231,0.138,0.268,0.204,0.113,0.175,0.088,0.088,0.159,0.082,0.137,0.118,0.188,0.135,0.147,0.139,0.151,0.224,0.09,0.089,0.183,0.195,0.279,0.171,0.19,0.16,0.312,0.134,0.124,0.15,0.091,0.089,0.389,0.751,0.621,0.718,0.701,0.751,0.775,0.747,0.707,0.756,0.088,0.088,0.72,0.087,0.696,0.233,0.508,0.669,0.486,0.667,0.535,0.742,0.104,0.088,0.679,0.703,0.51,0.527,0.776,0.754,0.744,0.751,0.711,0.744,0.089,0.086,0.087,0.087,0.089,0.086,0.086,0.086,0.088,0.086,0.086,0.087,0.088
,4:14:16,40,0.09,0.088,0.086,0.087,0.091,0.089,0.087,0.09,0.091,0.087,0.087,0.089,0.09,0.18,0.414,0.163,0.201,0.235,0.139,0.272,0.209,0.114,0.178,0.089,0.088,0.164,0.082,0.14,0.12,0.189,0.137,0.15,0.141,0.154,0.229,0.091,0.089,0.187,0.197,0.286,0.171,0.195,0.162,0.322,0.136,0.126,0.152,0.092,0.089,0.407,0.757,0.629,0.73,0.714,0.757,0.784,0.753,0.721,0.769,0.088,0.088,0.733,0.087,0.71,0.244,0.504,0.682,0.509,0.683,0.555,0.764,0.104,0.089,0.694,0.717,0.525,0.529,0.787,0.762,0.751,0.759,0.721,0.759,0.09,0.087,0.087,0.087,0.09,0.087,0.086,0.087,0.089,0.086,0.086,0.087,0.088
,4:19:16,40,0.09,0.088,0.086,0.087,0.091,0.089,0.087,0.09,0.091,0.087,0.087,0.089,0.09,0.183,0.418,0.165,0.203,0.24,0.14,0.275,0.213,0.115,0.181,0.089,0.088,0.165,0.082,0.143,0.121,0.191,0.139,0.152,0.142,0.155,0.234,0.091,0.089,0.191,0.2,0.292,0.172,0.198,0.164,0.331,0.139,0.128,0.155,0.091,0.089,0.434,0.762,0.639,0.741,0.725,0.762,0.791,0.76,0.734,0.778,0.088,0.089,0.745,0.087,0.724,0.256,0.499,0.686,0.529,0.698,0.574,0.775,0.104,0.089,0.707,0.731,0.538,0.528,0.798,0.769,0.758,0.768,0.728,0.771,0.089,0.087,0.087,0.087,0.09,0.087,0.086,0.087,0.089,0.086,0.086,0.087,0.088
,4:24:16,40,0.089,0.088,0.086,0.087,0.091,0.089,0.087,0.09,0.09,0.087,0.087,0.089,0.089,0.185,0.424,0.167,0.205,0.245,0.141,0.279,0.218,0.116,0.184,0.089,0.088,0.168,0.082,0.145,0.122,0.192,0.141,0.156,0.144,0.161,0.239,0.091,0.089,0.194,0.202,0.3,0.172,0.203,0.167,0.34,0.141,0.13,0.157,0.091,0.089,0.452,0.767,0.65,0.751,0.733,0.767,0.797,0.766,0.745,0.786,0.088,0.089,0.757,0.087,0.737,0.268,0.495,0.694,0.549,0.711,0.592,0.784,0.104,0.088,0.72,0.743,0.556,0.523,0.809,0.774,0.766,0.778,0.734,0.78,0.089,0.086,0.087,0.087,0.09,0.086,0.086,0.086,0.089,0.086,0.086,0.087,0.088
,4:29:16,40,0.089,0.087,0.086,0.087,0.091,0.089,0.087,0.09,0.09,0.087,0.087,0.089,0.09,0.186,0.429,0.169,0.208,0.249,0.141,0.282,0.222,0.117,0.187,0.088,0.088,0.17,0.081,0.151,0.123,0.194,0.143,0.158,0.146,0.162,0.243,0.09,0.089,0.197,0.205,0.307,0.173,0.208,0.171,0.349,0.144,0.132,0.16,0.091,0.089,0.482,0.772,0.658,0.761,0.74,0.774,0.803,0.774,0.755,0.793,0.088,0.088,0.765,0.087,0.747,0.28,0.492,0.696,0.568,0.725,0.609,0.793,0.104,0.088,0.732,0.753,0.566,0.514,0.82,0.779,0.775,0.788,0.742,0.789,0.089,0.086,0.087,0.087,0.09,0.088,0.086,0.086,0.088,0.086,0.086,0.087,0.088
,4:34:16,40,0.089,0.087,0.086,0.087,0.091,0.089,0.087,0.09,0.09,0.087,0.087,0.089,0.09,0.188,0.435,0.171,0.211,0.254,0.143,0.286,0.226,0.119,0.19,0.089,0.088,0.175,0.082,0.15,0.125,0.196,0.145,0.161,0.148,0.162,0.249,0.09,0.089,0.201,0.208,0.315,0.174,0.212,0.174,0.357,0.146,0.135,0.163,0.091,0.089,0.503,0.779,0.667,0.769,0.748,0.781,0.809,0.785,0.765,0.799,0.088,0.088,0.772,0.087,0.754,0.293,0.489,0.698,0.586,0.739,0.626,0.804,0.104,0.088,0.741,0.76,0.578,0.509,0.831,0.784,0.784,0.798,0.75,0.798,0.089,0.086,0.087,0.087,0.09,0.086,0.086,0.086,0.089,0.086,0.086,0.087,0.088
,4:39:16,40,0.089,0.087,0.086,0.087,0.091,0.089,0.087,0.09,0.09,0.087,0.087,0.089,0.09,0.191,0.44,0.173,0.213,0.258,0.144,0.289,0.231,0.12,0.193,0.089,0.088,0.18,0.082,0.152,0.126,0.198,0.148,0.164,0.15,0.171,0.253,0.091,0.089,0.205,0.211,0.324,0.174,0.217,0.177,0.366,0.149,0.139,0.165,0.091,0.089,0.53,0.786,0.676,0.776,0.754,0.788,0.816,0.794,0.775,0.805,0.088,0.088,0.778,0.087,0.76,0.307,0.494,0.705,0.602,0.752,0.643,0.818,0.104,0.088,0.749,0.766,0.59,0.5,0.841,0.79,0.794,0.808,0.758,0.806,0.089,0.087,0.087,0.087,0.09,0.086,0.086,0.086,0.089,0.086,0.086,0.087,0.088
,4:44:16,40,0.089,0.088,0.086,0.087,0.091,0.089,0.087,0.09,0.091,0.087,0.087,0.089,0.09,0.195,0.446,0.175,0.216,0.263,0.145,0.293,0.236,0.121,0.196,0.089,0.088,0.182,0.082,0.155,0.127,0.2,0.15,0.167,0.152,0.176,0.257,0.091,0.089,0.208,0.215,0.333,0.175,0.223,0.18,0.374,0.152,0.138,0.167,0.091,0.089,0.548,0.795,0.68,0.781,0.76,0.797,0.824,0.805,0.783,0.811,0.088,0.088,0.784,0.087,0.767,0.321,0.504,0.709,0.617,0.766,0.654,0.829,0.104,0.088,0.759,0.771,0.602,0.491,0.852,0.796,0.804,0.817,0.768,0.814,0.089,0.086,0.087,0.087,0.091,0.087,0.086,0.086,0.089,0.086,0.086,0.087,0.088
,4:49:16,40,0.089,0.088,0.086,0.087,0.09,0.089,0.087,0.09,0.09,0.087,0.087,0.089,0.09,0.197,0.452,0.177,0.219,0.267,0.146,0.297,0.241,0.123,0.199,0.088,0.088,0.186,0.082,0.159,0.129,0.203,0.152,0.169,0.155,0.171,0.262,0.09,0.089,0.211,0.219,0.341,0.175,0.228,0.184,0.382,0.154,0.142,0.169,0.091,0.089,0.581,0.803,0.688,0.788,0.768,0.806,0.835,0.815,0.792,0.818,0.088,0.089,0.789,0.087,0.774,0.336,0.532,0.717,0.633,0.777,0.669,0.841,0.104,0.088,0.77,0.775,0.612,0.484,0.864,0.803,0.814,0.828,0.794,0.823,0.089,0.086,0.087,0.087,0.091,0.086,0.086,0.086,0.088,0.086,0.086,0.087,0.088
,4:54:16,40,0.09,0.088,0.086,0.087,0.091,0.089,0.088,0.09,0.091,0.087,0.087,0.089,0.09,0.2,0.458,0.179,0.223,0.271,0.147,0.301,0.246,0.124,0.203,0.089,0.089,0.189,0.082,0.164,0.13,0.205,0.155,0.172,0.158,0.174,0.266,0.091,0.089,0.214,0.223,0.349,0.176,0.233,0.188,0.39,0.157,0.148,0.171,0.092,0.089,0.604,0.812,0.692,0.797,0.776,0.817,0.845,0.826,0.802,0.825,0.088,0.088,0.795,0.087,0.784,0.351,0.573,0.721,0.648,0.79,0.688,0.854,0.104,0.088,0.78,0.781,0.622,0.481,0.875,0.81,0.825,0.838,0.822,0.834,0.089,0.087,0.087,0.087,0.091,0.087,0.086,0.086,0.089,0.086,0.086,0.087,0.088
,4:59:16,40,0.09,0.088,0.086,0.087,0.091,0.089,0.087,0.09,0.091,0.087,0.087,0.089,0.09,0.204,0.464,0.182,0.226,0.274,0.149,0.306,0.251,0.126,0.206,0.089,0.088,0.194,0.082,0.164,0.132,0.207,0.157,0.175,0.161,0.177,0.271,0.091,0.089,0.217,0.228,0.358,0.177,0.239,0.192,0.398,0.16,0.145,0.173,0.091,0.089,0.618,0.822,0.696,0.805,0.784,0.827,0.854,0.837,0.813,0.832,0.088,0.089,0.801,0.087,0.794,0.366,0.601,0.73,0.662,0.8,0.703,0.866,0.104,0.088,0.791,0.787,0.637,0.479,0.887,0.817,0.836,0.85,0.847,0.842,0.089,0.086,0.087,0.087,0.092,0.087,0.086,0.087,0.089,0.086,0.086,0.087,0.088
,5:04:16,40,0.089,0.088,0.086,0.087,0.091,0.089,0.087,0.09,0.09,0.087,0.087,0.089,0.09,0.206,0.47,0.184,0.229,0.278,0.15,0.31,0.255,0.127,0.21,0.089,0.088,0.195,0.082,0.164,0.133,0.209,0.159,0.177,0.163,0.181,0.274,0.09,0.089,0.22,0.232,0.366,0.178,0.244,0.196,0.406,0.163,0.148,0.175,0.091,0.089,0.647,0.831,0.703,0.812,0.791,0.836,0.863,0.848,0.823,0.839,0.088,0.088,0.806,0.087,0.802,0.382,0.636,0.736,0.676,0.808,0.716,0.878,0.104,0.088,0.801,0.791,0.648,0.473,0.897,0.824,0.847,0.86,0.863,0.851,0.089,0.086,0.087,0.087,0.092,0.086,0.086,0.086,0.089,0.086,0.086,0.087,0.088
,5:09:16,40,0.089,0.088,0.086,0.087,0.091,0.089,0.087,0.09,0.091,0.087,0.087,0.089,0.089,0.208,0.478,0.186,0.233,0.282,0.152,0.314,0.259,0.128,0.214,0.089,0.088,0.199,0.082,0.171,0.134,0.212,0.162,0.179,0.166,0.184,0.279,0.09,0.089,0.223,0.237,0.374,0.178,0.249,0.201,0.413,0.165,0.15,0.177,0.091,0.089,0.664,0.841,0.701,0.821,0.799,0.847,0.872,0.859,0.834,0.847,0.088,0.088,0.813,0.087,0.811,0.398,0.659,0.742,0.689,0.816,0.731,0.89,0.104,0.088,0.813,0.796,0.656,0.477,0.914,0.832,0.859,0.871,0.878,0.863,0.089,0.086,0.087,0.087,0.093,0.086,0.086,0.086,0.089,0.086,0.086,0.087,0.088
,5:14:16,40,0.089,0.088,0.086,0.087,0.091,0.089,0.087,0.09,0.091,0.087,0.087,0.089,0.09,0.212,0.486,0.189,0.236,0.286,0.154,0.318,0.264,0.13,0.218,0.088,0.088,0.203,0.082,0.169,0.136,0.215,0.164,0.182,0.169,0.187,0.282,0.091,0.089,0.226,0.241,0.382,0.18,0.254,0.205,0.42,0.168,0.154,0.18,0.091,0.089,0.675,0.852,0.702,0.831,0.814,0.86,0.88,0.873,0.847,0.856,0.088,0.088,0.82,0.087,0.825,0.414,0.688,0.756,0.721,0.825,0.741,0.902,0.104,0.088,0.824,0.802,0.668,0.488,0.933,0.841,0.871,0.883,0.896,0.877,0.089,0.086,0.087,0.087,0.094,0.086,0.086,0.086,0.089,0.086,0.086,0.087,0.088
,5:19:16,39.9,0.089,0.087,0.086,0.087,0.091,0.089,0.087,0.09,0.09,0.087,0.087,0.089,0.09,0.216,0.494,0.19,0.24,0.29,0.155,0.323,0.268,0.132,0.222,0.089,0.088,0.206,0.082,0.176,0.138,0.217,0.166,0.184,0.172,0.19,0.286,0.091,0.089,0.229,0.246,0.39,0.18,0.26,0.209,0.427,0.17,0.157,0.183,0.091,0.089,0.689,0.863,0.702,0.842,0.833,0.872,0.888,0.886,0.861,0.865,0.088,0.088,0.826,0.087,0.848,0.43,0.713,0.769,0.76,0.831,0.753,0.913,0.104,0.088,0.835,0.809,0.677,0.501,0.952,0.851,0.884,0.895,0.909,0.892,0.089,0.086,0.087,0.087,0.095,0.086,0.086,0.086,0.088,0.086,0.086,0.087,0.088
,5:24:16,40,0.089,0.088,0.086,0.087,0.091,0.089,0.087,0.09,0.09,0.087,0.087,0.089,0.09,0.218,0.5,0.191,0.244,0.293,0.157,0.328,0.273,0.133,0.226,0.088,0.088,0.21,0.082,0.173,0.139,0.22,0.169,0.187,0.175,0.194,0.29,0.091,0.089,0.231,0.251,0.398,0.181,0.265,0.213,0.434,0.173,0.156,0.186,0.091,0.089,0.701,0.873,0.702,0.855,0.857,0.883,0.897,0.898,0.876,0.876,0.088,0.088,0.833,0.087,0.877,0.446,0.742,0.788,0.786,0.839,0.766,0.931,0.104,0.088,0.845,0.815,0.686,0.515,0.973,0.863,0.897,0.908,0.923,0.906,0.089,0.086,0.087,0.087,0.097,0.086,0.086,0.086,0.089,0.086,0.086,0.087,0.088
,5:29:16,40,0.089,0.087,0.086,0.087,0.091,0.089,0.087,0.09,0.09,0.087,0.087,0.089,0.09,0.222,0.506,0.192,0.248,0.297,0.159,0.332,0.277,0.135,0.23,0.089,0.088,0.213,0.082,0.176,0.141,0.223,0.171,0.189,0.178,0.197,0.294,0.091,0.089,0.234,0.255,0.405,0.182,0.27,0.218,0.441,0.176,0.157,0.189,0.091,0.089,0.716,0.883,0.701,0.863,0.882,0.896,0.905,0.911,0.888,0.887,0.088,0.088,0.841,0.087,0.903,0.462,0.772,0.806,0.808,0.85,0.782,0.957,0.103,0.088,0.854,0.822,0.693,0.544,0.993,0.879,0.909,0.924,0.935,0.92,0.089,0.086,0.087,0.087,0.097,0.086,0.086,0.086,0.089,0.086,0.086,0.087,0.088
,5:34:16,40,0.089,0.088,0.086,0.087,0.091,0.089,0.087,0.09,0.09,0.087,0.087,0.089,0.09,0.225,0.515,0.193,0.252,0.3,0.162,0.336,0.281,0.137,0.234,0.088,0.088,0.218,0.082,0.18,0.143,0.226,0.173,0.192,0.181,0.201,0.298,0.091,0.089,0.236,0.26,0.411,0.183,0.275,0.222,0.447,0.178,0.162,0.193,0.091,0.089,0.727,0.895,0.697,0.872,0.907,0.909,0.914,0.924,0.903,0.898,0.088,0.089,0.852,0.087,0.929,0.476,0.802,0.83,0.827,0.868,0.795,0.987,0.103,0.088,0.864,0.83,0.699,0.577,1.015,0.891,0.924,0.944,0.947,0.935,0.089,0.087,0.087,0.087,0.099,0.086,0.086,0.087,0.089,0.086,0.086,0.087,0.088
,5:39:16,39.9,0.089,0.087,0.086,0.087,0.091,0.089,0.087,0.09,0.091,0.087,0.087,0.089,0.09,0.229,0.524,0.192,0.256,0.303,0.164,0.341,0.285,0.139,0.238,0.089,0.088,0.222,0.082,0.185,0.145,0.228,0.175,0.194,0.184,0.203,0.301,0.09,0.089,0.24,0.265,0.418,0.185,0.28,0.227,0.454,0.181,0.163,0.196,0.091,0.089,0.743,0.911,0.7,0.881,0.931,0.922,0.922,0.938,0.915,0.909,0.088,0.088,0.86,0.087,0.949,0.491,0.821,0.85,0.842,0.89,0.805,1.016,0.104,0.088,0.875,0.839,0.708,0.619,1.035,0.9,0.943,0.964,0.957,0.949,0.089,0.086,0.087,0.087,0.101,0.086,0.086,0.086,0.089,0.086,0.086,0.087,0.088
,5:44:16,39.9,0.089,0.088,0.086,0.087,0.091,0.089,0.087,0.09,0.091,0.087,0.087,0.089,0.09,0.232,0.532,0.193,0.26,0.307,0.166,0.345,0.289,0.141,0.242,0.088,0.088,0.225,0.082,0.182,0.146,0.23,0.178,0.196,0.187,0.207,0.305,0.091,0.089,0.242,0.27,0.425,0.185,0.285,0.231,0.46,0.184,0.165,0.2,0.091,0.089,0.755,0.92,0.702,0.891,0.957,0.935,0.929,0.953,0.928,0.921,0.088,0.088,0.868,0.087,0.967,0.505,0.836,0.867,0.856,0.911,0.809,1.04,0.104,0.088,0.883,0.858,0.715,0.651,1.051,0.91,0.954,0.99,0.967,0.962,0.089,0.086,0.087,0.087,0.103,0.086,0.086,0.087,0.089,0.086,0.086,0.087,0.088
,5:49:16,40,0.089,0.087,0.086,0.087,0.091,0.089,0.087,0.09,0.09,0.087,0.087,0.089,0.089,0.235,0.542,0.192,0.264,0.31,0.168,0.35,0.293,0.142,0.246,0.088,0.088,0.228,0.082,0.186,0.148,0.233,0.179,0.198,0.191,0.209,0.308,0.09,0.089,0.244,0.274,0.43,0.186,0.289,0.235,0.467,0.186,0.167,0.203,0.091,0.089,0.762,0.935,0.705,0.9,0.978,0.952,0.935,0.971,0.94,0.931,0.088,0.088,0.877,0.087,0.983,0.519,0.85,0.884,0.871,0.932,0.825,1.062,0.104,0.088,0.892,0.874,0.72,0.692,1.069,0.918,0.968,1.011,0.979,0.976,0.089,0.086,0.087,0.087,0.106,0.086,0.086,0.086,0.088,0.086,0.086,0.087,0.088
,5:54:16,40,0.089,0.088,0.086,0.087,0.091,0.089,0.087,0.09,0.09,0.087,0.087,0.089,0.089,0.238,0.549,0.193,0.268,0.313,0.17,0.355,0.297,0.145,0.25,0.089,0.088,0.232,0.081,0.186,0.15,0.234,0.182,0.2,0.194,0.214,0.312,0.09,0.089,0.247,0.279,0.436,0.187,0.294,0.239,0.473,0.188,0.17,0.206,0.091,0.089,0.778,0.949,0.713,0.907,0.996,0.965,0.943,0.985,0.951,0.941,0.088,0.088,0.886,0.087,0.999,0.534,0.865,0.896,0.883,0.949,0.833,1.079,0.104,0.088,0.9,0.891,0.73,0.723,1.083,0.926,0.982,1.036,0.99,0.988,0.089,0.086,0.087,0.087,0.11,0.086,0.086,0.086,0.089,0.086,0.086,0.087,0.088
,5:59:16,40,0.089,0.087,0.086,0.087,0.091,0.089,0.087,0.09,0.09,0.087,0.087,0.089,0.089,0.241,0.558,0.193,0.272,0.319,0.173,0.359,0.301,0.147,0.254,0.088,0.088,0.235,0.082,0.188,0.152,0.237,0.184,0.202,0.197,0.215,0.315,0.091,0.089,0.249,0.284,0.442,0.19,0.298,0.246,0.478,0.191,0.172,0.21,0.091,0.089,0.792,0.963,0.727,0.913,1.012,0.975,0.95,1,0.963,0.949,0.088,0.089,0.896,0.087,1.012,0.548,0.882,0.91,0.896,0.97,0.845,1.094,0.104,0.088,0.909,0.91,0.737,0.742,1.097,0.933,0.997,1.057,1,1,0.089,0.086,0.087,0.087,0.115,0.086,0.086,0.086,0.089,0.086,0.086,0.087,0.088
,6:04:16,40,0.089,0.087,0.086,0.087,0.091,0.089,0.087,0.09,0.09,0.087,0.087,0.089,0.089,0.244,0.568,0.193,0.276,0.318,0.175,0.364,0.305,0.149,0.258,0.088,0.088,0.237,0.082,0.19,0.154,0.239,0.186,0.204,0.2,0.219,0.318,0.09,0.089,0.252,0.288,0.446,0.191,0.302,0.248,0.485,0.193,0.174,0.213,0.091,0.089,0.792,0.979,0.744,0.92,1.027,0.984,0.957,1.017,0.976,0.957,0.088,0.089,0.906,0.087,1.023,0.561,0.894,0.924,0.908,0.987,0.853,1.107,0.104,0.088,0.917,0.931,0.744,0.765,1.11,0.941,1.011,1.079,1.01,1.012,0.089,0.086,0.087,0.087,0.12,0.086,0.086,0.086,0.089,0.086,0.086,0.087,0.088
,6:09:16,40,0.09,0.088,0.086,0.087,0.09,0.089,0.087,0.09,0.09,0.087,0.087,0.089,0.09,0.246,0.575,0.193,0.28,0.321,0.178,0.368,0.309,0.151,0.261,0.089,0.088,0.24,0.082,0.193,0.156,0.241,0.188,0.207,0.203,0.222,0.322,0.091,0.089,0.254,0.293,0.452,0.192,0.307,0.253,0.491,0.196,0.174,0.217,0.091,0.089,0.808,0.994,0.759,0.926,1.041,0.99,0.961,1.032,0.988,0.966,0.088,0.089,0.918,0.087,1.033,0.575,0.906,0.936,0.921,1.004,0.861,1.119,0.104,0.088,0.925,0.954,0.751,0.771,1.121,0.949,1.025,1.096,1.02,1.025,0.089,0.086,0.087,0.087,0.127,0.086,0.086,0.086,0.089,0.086,0.086,0.087,0.088
,6:14:16,39.9,0.089,0.087,0.086,0.087,0.091,0.089,0.087,0.09,0.09,0.087,0.087,0.089,0.089,0.247,0.581,0.193,0.284,0.324,0.18,0.372,0.313,0.153,0.265,0.088,0.088,0.243,0.081,0.195,0.158,0.243,0.189,0.209,0.205,0.224,0.325,0.09,0.089,0.257,0.297,0.457,0.194,0.311,0.257,0.497,0.198,0.178,0.22,0.091,0.089,0.821,1.009,0.774,0.93,1.055,0.996,0.966,1.05,0.998,0.973,0.088,0.088,0.928,0.087,1.042,0.588,0.916,0.946,0.932,1.02,0.87,1.129,0.104,0.088,0.933,0.977,0.76,0.78,1.132,0.955,1.038,1.111,1.03,1.037,0.089,0.086,0.087,0.087,0.134,0.086,0.086,0.086,0.089,0.086,0.086,0.087,0.088
,6:19:16,40,0.089,0.088,0.086,0.087,0.09,0.089,0.087,0.09,0.09,0.087,0.087,0.089,0.089,0.249,0.59,0.193,0.288,0.328,0.183,0.377,0.316,0.155,0.269,0.089,0.088,0.246,0.082,0.196,0.16,0.245,0.192,0.212,0.209,0.227,0.328,0.09,0.089,0.258,0.301,0.461,0.196,0.315,0.261,0.502,0.2,0.179,0.223,0.091,0.089,0.823,1.021,0.789,0.936,1.068,1.002,0.97,1.07,1.007,0.981,0.088,0.089,0.942,0.087,1.051,0.6,0.936,0.957,0.945,1.037,0.878,1.14,0.104,0.088,0.94,1.002,0.767,0.794,1.141,0.962,1.053,1.125,1.038,1.045,0.089,0.086,0.087,0.087,0.143,0.086,0.086,0.086,0.089,0.086,0.086,0.087,0.088
,6:24:16,40,0.089,0.087,0.086,0.087,0.091,0.089,0.087,0.09,0.09,0.087,0.087,0.089,0.09,0.251,0.598,0.193,0.292,0.33,0.186,0.382,0.32,0.158,0.273,0.089,0.088,0.249,0.082,0.199,0.162,0.247,0.194,0.215,0.211,0.23,0.332,0.091,0.089,0.261,0.305,0.465,0.197,0.319,0.264,0.508,0.203,0.183,0.227,0.091,0.089,0.837,1.03,0.802,0.944,1.081,1.009,0.975,1.089,1.015,0.99,0.088,0.089,0.955,0.087,1.061,0.613,0.947,0.968,0.957,1.052,0.889,1.15,0.104,0.088,0.948,1.028,0.776,0.804,1.152,0.968,1.067,1.137,1.047,1.054,0.089,0.087,0.087,0.087,0.154,0.086,0.086,0.086,0.089,0.086,0.086,0.087,0.088
,6:29:16,40,0.089,0.088,0.086,0.087,0.091,0.089,0.087,0.09,0.09,0.087,0.087,0.089,0.09,0.252,0.606,0.193,0.297,0.333,0.189,0.386,0.323,0.16,0.276,0.089,0.088,0.252,0.082,0.2,0.163,0.249,0.195,0.215,0.214,0.232,0.334,0.091,0.089,0.263,0.309,0.469,0.199,0.323,0.269,0.514,0.205,0.184,0.23,0.091,0.089,0.845,1.038,0.815,0.949,1.093,1.016,0.98,1.109,1.022,0.997,0.088,0.089,0.967,0.087,1.069,0.625,0.949,0.977,0.969,1.065,0.905,1.16,0.104,0.088,0.955,1.056,0.784,0.813,1.16,0.974,1.08,1.147,1.056,1.063,0.089,0.086,0.087,0.087,0.164,0.086,0.086,0.086,0.089,0.086,0.086,0.087,0.088
,6:34:16,40,0.089,0.087,0.086,0.087,0.09,0.089,0.087,0.09,0.09,0.087,0.087,0.089,0.09,0.253,0.612,0.193,0.3,0.336,0.191,0.391,0.327,0.162,0.279,0.089,0.088,0.255,0.082,0.202,0.164,0.25,0.197,0.218,0.216,0.234,0.338,0.09,0.089,0.265,0.313,0.473,0.2,0.327,0.272,0.519,0.207,0.186,0.233,0.091,0.089,0.852,1.047,0.824,0.955,1.104,1.024,0.985,1.126,1.029,1.004,0.088,0.089,0.982,0.087,1.078,0.637,0.951,0.985,0.982,1.08,0.92,1.168,0.104,0.088,0.963,1.078,0.79,0.824,1.168,0.981,1.09,1.158,1.064,1.073,0.089,0.086,0.087,0.087,0.169,0.086,0.086,0.086,0.088,0.086,0.086,0.087,0.088
,6:39:16,40,0.089,0.087,0.086,0.087,0.091,0.089,0.087,0.09,0.09,0.087,0.087,0.089,0.09,0.254,0.62,0.193,0.304,0.339,0.193,0.395,0.331,0.165,0.283,0.088,0.088,0.258,0.082,0.204,0.166,0.252,0.199,0.22,0.22,0.237,0.341,0.091,0.089,0.267,0.317,0.478,0.202,0.331,0.276,0.524,0.211,0.188,0.236,0.091,0.089,0.859,1.06,0.834,0.96,1.115,1.032,0.989,1.144,1.037,1.012,0.088,0.088,0.992,0.087,1.086,0.65,0.956,0.996,0.994,1.095,0.934,1.177,0.104,0.088,0.971,1.096,0.799,0.834,1.177,0.987,1.099,1.168,1.072,1.083,0.089,0.086,0.087,0.087,0.18,0.086,0.086,0.086,0.088,0.086,0.086,0.087,0.088
,6:44:16,40,0.089,0.088,0.086,0.087,0.09,0.089,0.087,0.09,0.09,0.087,0.087,0.089,0.089,0.256,0.627,0.193,0.309,0.341,0.196,0.399,0.334,0.167,0.286,0.088,0.088,0.261,0.081,0.206,0.167,0.254,0.201,0.222,0.222,0.239,0.343,0.09,0.089,0.269,0.322,0.481,0.203,0.336,0.279,0.53,0.212,0.189,0.239,0.091,0.089,0.862,1.073,0.847,0.964,1.125,1.041,0.992,1.162,1.044,1.019,0.088,0.088,1.001,0.087,1.094,0.662,0.959,1.004,1.006,1.109,0.948,1.185,0.103,0.088,0.983,1.111,0.807,0.842,1.185,0.993,1.109,1.177,1.08,1.093,0.089,0.086,0.086,0.087,0.197,0.086,0.086,0.086,0.088,0.086,0.086,0.087,0.088
,6:49:16,40,0.09,0.087,0.086,0.087,0.091,0.089,0.088,0.09,0.091,0.087,0.087,0.089,0.09,0.257,0.63,0.194,0.313,0.344,0.199,0.403,0.338,0.17,0.29,0.089,0.088,0.264,0.082,0.208,0.168,0.256,0.202,0.227,0.225,0.242,0.346,0.091,0.089,0.272,0.326,0.485,0.205,0.341,0.283,0.535,0.214,0.191,0.242,0.091,0.089,0.871,1.086,0.858,0.971,1.135,1.05,0.995,1.18,1.054,1.026,0.088,0.089,1.012,0.087,1.102,0.675,0.961,1.011,1.018,1.124,0.966,1.194,0.104,0.089,0.996,1.126,0.814,0.85,1.193,0.999,1.116,1.186,1.089,1.103,0.089,0.087,0.087,0.087,0.216,0.086,0.086,0.087,0.089,0.087,0.086,0.087,0.088
,6:54:16,40.1,0.089,0.087,0.086,0.087,0.091,0.089,0.087,0.09,0.09,0.087,0.087,0.089,0.09,0.258,0.632,0.193,0.317,0.347,0.202,0.407,0.341,0.172,0.294,0.088,0.088,0.266,0.082,0.211,0.169,0.258,0.204,0.231,0.228,0.244,0.349,0.09,0.089,0.274,0.329,0.488,0.207,0.344,0.289,0.54,0.216,0.193,0.245,0.091,0.089,0.888,1.099,0.864,0.975,1.143,1.058,0.996,1.196,1.062,1.033,0.088,0.088,1.018,0.087,1.108,0.687,0.965,1.019,1.028,1.137,0.982,1.2,0.104,0.088,1.008,1.141,0.822,0.858,1.199,1.002,1.124,1.194,1.097,1.113,0.089,0.086,0.087,0.087,0.234,0.087,0.086,0.086,0.088,0.086,0.086,0.087,0.088
,6:59:16,40,0.089,0.087,0.086,0.087,0.091,0.089,0.087,0.09,0.09,0.087,0.087,0.089,0.09,0.259,0.634,0.193,0.321,0.351,0.204,0.411,0.345,0.174,0.297,0.088,0.088,0.269,0.082,0.212,0.17,0.261,0.206,0.232,0.231,0.247,0.352,0.091,0.089,0.276,0.334,0.491,0.209,0.348,0.291,0.545,0.219,0.195,0.249,0.091,0.089,0.893,1.112,0.875,0.981,1.151,1.066,0.998,1.209,1.072,1.039,0.088,0.088,1.027,0.087,1.115,0.7,0.972,1.027,1.038,1.149,1,1.208,0.104,0.088,1.026,1.155,0.829,0.87,1.206,1.007,1.13,1.202,1.104,1.124,0.089,0.086,0.087,0.087,0.253,0.086,0.086,0.086,0.088,0.086,0.086,0.087,0.088
,7:04:16,40,0.089,0.088,0.086,0.087,0.091,0.089,0.087,0.09,0.09,0.087,0.087,0.089,0.09,0.26,0.636,0.194,0.325,0.353,0.208,0.415,0.347,0.176,0.3,0.089,0.088,0.272,0.082,0.216,0.172,0.262,0.208,0.23,0.233,0.249,0.355,0.091,0.089,0.277,0.337,0.495,0.211,0.353,0.294,0.55,0.223,0.196,0.252,0.091,0.089,0.904,1.127,0.883,0.986,1.159,1.075,0.999,1.221,1.081,1.048,0.088,0.088,1.035,0.087,1.121,0.712,0.975,1.034,1.048,1.161,1.019,1.215,0.104,0.088,1.043,1.165,0.839,0.878,1.214,1.011,1.137,1.209,1.11,1.134,0.089,0.086,0.087,0.087,0.275,0.087,0.086,0.086,0.089,0.087,0.086,0.087,0.088
,7:09:16,40,0.089,0.088,0.086,0.087,0.091,0.089,0.087,0.09,0.09,0.087,0.087,0.089,0.089,0.261,0.638,0.193,0.329,0.355,0.21,0.419,0.351,0.178,0.303,0.088,0.088,0.275,0.082,0.215,0.172,0.265,0.209,0.231,0.236,0.251,0.358,0.091,0.089,0.28,0.341,0.497,0.212,0.356,0.3,0.555,0.226,0.198,0.255,0.091,0.089,0.916,1.141,0.896,0.989,1.168,1.083,1,1.232,1.091,1.053,0.088,0.088,1.04,0.087,1.128,0.725,0.982,1.042,1.058,1.172,1.037,1.224,0.104,0.088,1.061,1.175,0.845,0.889,1.222,1.016,1.145,1.216,1.115,1.144,0.089,0.086,0.086,0.087,0.296,0.086,0.086,0.087,0.088,0.086,0.086,0.087,0.088
,7:14:16,40,0.089,0.088,0.086,0.087,0.091,0.089,0.088,0.09,0.09,0.087,0.087,0.089,0.09,0.262,0.639,0.193,0.333,0.357,0.213,0.423,0.354,0.181,0.307,0.089,0.088,0.277,0.082,0.218,0.173,0.264,0.213,0.238,0.238,0.254,0.361,0.091,0.089,0.282,0.345,0.499,0.213,0.36,0.302,0.56,0.227,0.2,0.258,0.091,0.089,0.929,1.155,0.906,0.995,1.177,1.092,1.002,1.242,1.102,1.058,0.088,0.088,1.046,0.087,1.133,0.738,0.99,1.049,1.069,1.183,1.055,1.234,0.104,0.088,1.076,1.185,0.848,0.891,1.229,1.021,1.153,1.223,1.122,1.155,0.089,0.086,0.087,0.087,0.322,0.087,0.086,0.086,0.089,0.086,0.086,0.087,0.088
,7:19:16,40,0.089,0.087,0.086,0.087,0.091,0.089,0.087,0.09,0.091,0.087,0.087,0.089,0.09,0.263,0.639,0.193,0.336,0.36,0.216,0.426,0.357,0.182,0.31,0.088,0.088,0.28,0.081,0.221,0.174,0.265,0.213,0.235,0.241,0.257,0.363,0.09,0.089,0.283,0.349,0.503,0.214,0.364,0.305,0.564,0.227,0.201,0.261,0.091,0.089,0.936,1.167,0.921,0.999,1.187,1.101,1.002,1.251,1.113,1.064,0.088,0.088,1.052,0.087,1.139,0.749,0.998,1.057,1.078,1.193,1.071,1.242,0.104,0.088,1.091,1.194,0.856,0.895,1.235,1.025,1.161,1.23,1.127,1.165,0.089,0.086,0.087,0.087,0.352,0.087,0.086,0.086,0.089,0.086,0.086,0.087,0.088
,7:24:16,40.1,0.09,0.087,0.086,0.087,0.091,0.089,0.087,0.09,0.09,0.087,0.087,0.089,0.09,0.264,0.642,0.193,0.34,0.362,0.219,0.43,0.361,0.185,0.314,0.088,0.088,0.282,0.082,0.224,0.176,0.267,0.214,0.237,0.244,0.259,0.366,0.091,0.089,0.285,0.352,0.506,0.216,0.368,0.31,0.569,0.23,0.203,0.264,0.091,0.089,0.952,1.181,0.934,1.003,1.198,1.11,1.002,1.259,1.124,1.069,0.088,0.088,1.059,0.087,1.147,0.762,1.017,1.065,1.088,1.204,1.084,1.25,0.104,0.088,1.106,1.202,0.868,0.909,1.242,1.03,1.171,1.238,1.131,1.175,0.089,0.086,0.087,0.086,0.372,0.086,0.086,0.086,0.089,0.086,0.086,0.087,0.088
,7:29:16,40,0.089,0.088,0.086,0.087,0.091,0.089,0.087,0.09,0.09,0.087,0.087,0.089,0.09,0.265,0.644,0.193,0.344,0.365,0.222,0.434,0.365,0.188,0.317,0.089,0.088,0.285,0.082,0.225,0.178,0.269,0.215,0.241,0.246,0.261,0.369,0.091,0.089,0.287,0.356,0.509,0.217,0.372,0.313,0.573,0.232,0.205,0.267,0.091,0.089,0.964,1.194,0.951,1.009,1.207,1.121,1.003,1.268,1.135,1.076,0.088,0.089,1.066,0.087,1.153,0.774,1.029,1.073,1.098,1.213,1.1,1.257,0.104,0.088,1.118,1.211,0.881,0.925,1.248,1.036,1.182,1.245,1.136,1.187,0.089,0.086,0.087,0.087,0.396,0.086,0.086,0.086,0.089,0.087,0.086,0.087,0.088
,7:34:16,39.9,0.089,0.088,0.086,0.087,0.091,0.089,0.087,0.09,0.09,0.087,0.087,0.089,0.09,0.265,0.646,0.193,0.347,0.368,0.224,0.438,0.368,0.19,0.32,0.089,0.088,0.287,0.082,0.225,0.179,0.27,0.217,0.24,0.248,0.264,0.371,0.091,0.089,0.289,0.36,0.511,0.219,0.375,0.316,0.58,0.235,0.206,0.27,0.091,0.089,0.973,1.205,0.961,1.014,1.214,1.13,1.003,1.277,1.15,1.081,0.088,0.088,1.071,0.087,1.159,0.786,1.041,1.08,1.106,1.222,1.114,1.262,0.104,0.088,1.128,1.219,0.893,0.933,1.254,1.041,1.191,1.251,1.142,1.199,0.089,0.086,0.087,0.087,0.419,0.087,0.086,0.086,0.089,0.086,0.086,0.087,0.088
,7:39:16,40,0.089,0.087,0.086,0.087,0.091,0.089,0.087,0.09,0.09,0.087,0.087,0.089,0.09,0.266,0.645,0.193,0.35,0.37,0.227,0.441,0.371,0.192,0.323,0.088,0.088,0.289,0.082,0.227,0.181,0.271,0.22,0.242,0.251,0.266,0.374,0.09,0.089,0.291,0.363,0.513,0.22,0.378,0.32,0.584,0.237,0.208,0.272,0.091,0.089,0.989,1.213,0.975,1.019,1.22,1.14,1.003,1.285,1.168,1.088,0.088,0.088,1.075,0.087,1.163,0.797,1.054,1.086,1.113,1.23,1.129,1.266,0.104,0.088,1.138,1.226,0.904,0.945,1.258,1.046,1.203,1.259,1.146,1.212,0.089,0.086,0.087,0.087,0.447,0.086,0.086,0.086,0.089,0.086,0.086,0.087,0.088
,7:44:16,40,0.089,0.088,0.086,0.087,0.091,0.089,0.087,0.09,0.091,0.087,0.087,0.089,0.09,0.267,0.646,0.192,0.354,0.372,0.23,0.445,0.374,0.194,0.327,0.088,0.088,0.292,0.082,0.229,0.183,0.273,0.22,0.248,0.254,0.268,0.377,0.09,0.089,0.292,0.367,0.514,0.222,0.382,0.324,0.588,0.239,0.21,0.275,0.091,0.089,1.007,1.22,0.985,1.024,1.227,1.152,1.004,1.292,1.182,1.094,0.088,0.088,1.081,0.087,1.17,0.808,1.063,1.093,1.121,1.24,1.145,1.271,0.104,0.088,1.147,1.235,0.92,0.955,1.264,1.052,1.218,1.266,1.15,1.224,0.089,0.086,0.087,0.087,0.468,0.086,0.086,0.086,0.089,0.086,0.086,0.087,0.088
,7:49:16,40,0.089,0.087,0.086,0.087,0.091,0.089,0.087,0.09,0.091,0.087,0.087,0.089,0.09,0.268,0.648,0.192,0.358,0.374,0.233,0.449,0.378,0.196,0.33,0.089,0.088,0.295,0.082,0.23,0.184,0.275,0.222,0.249,0.256,0.271,0.379,0.09,0.089,0.294,0.37,0.516,0.223,0.385,0.327,0.592,0.241,0.211,0.278,0.091,0.089,1.021,1.228,0.995,1.03,1.231,1.165,1.004,1.3,1.196,1.1,0.088,0.088,1.086,0.087,1.176,0.818,1.079,1.1,1.128,1.248,1.161,1.275,0.104,0.088,1.153,1.243,0.937,0.966,1.268,1.058,1.232,1.271,1.155,1.235,0.089,0.086,0.087,0.087,0.483,0.086,0.086,0.086,0.089,0.086,0.086,0.087,0.088
,7:54:16,40,0.089,0.088,0.086,0.087,0.09,0.089,0.087,0.09,0.09,0.087,0.087,0.089,0.09,0.269,0.65,0.194,0.361,0.377,0.236,0.453,0.379,0.198,0.333,0.088,0.088,0.297,0.082,0.232,0.186,0.277,0.223,0.247,0.258,0.273,0.381,0.091,0.089,0.296,0.373,0.517,0.223,0.389,0.331,0.597,0.243,0.213,0.281,0.091,0.089,1.035,1.238,1.007,1.035,1.236,1.177,1.004,1.307,1.21,1.106,0.088,0.088,1.092,0.087,1.181,0.828,1.097,1.105,1.135,1.257,1.177,1.279,0.104,0.088,1.158,1.252,0.951,0.977,1.272,1.064,1.244,1.276,1.159,1.245,0.089,0.086,0.087,0.087,0.496,0.086,0.086,0.086,0.089,0.086,0.086,0.087,0.088
,7:59:16,40,0.089,0.087,0.086,0.087,0.091,0.089,0.087,0.09,0.09,0.087,0.087,0.089,0.09,0.269,0.653,0.193,0.365,0.379,0.238,0.457,0.383,0.2,0.336,0.088,0.088,0.3,0.082,0.234,0.188,0.277,0.224,0.249,0.261,0.275,0.384,0.091,0.089,0.298,0.376,0.519,0.225,0.392,0.334,0.601,0.245,0.215,0.284,0.091,0.09,1.05,1.243,1.016,1.041,1.241,1.19,1.004,1.314,1.222,1.113,0.088,0.088,1.098,0.087,1.188,0.839,1.107,1.11,1.143,1.266,1.192,1.283,0.104,0.088,1.163,1.262,0.967,0.99,1.276,1.069,1.257,1.281,1.162,1.257,0.089,0.086,0.087,0.087,0.508,0.086,0.086,0.086,0.089,0.086,0.086,0.087,0.088
,8:04:16,40,0.089,0.088,0.086,0.087,0.091,0.089,0.088,0.09,0.091,0.087,0.087,0.089,0.09,0.27,0.657,0.193,0.368,0.382,0.241,0.462,0.386,0.202,0.34,0.089,0.088,0.302,0.082,0.235,0.19,0.279,0.226,0.251,0.263,0.277,0.386,0.091,0.089,0.299,0.38,0.521,0.227,0.395,0.337,0.602,0.247,0.216,0.286,0.091,0.089,1.062,1.248,1.027,1.046,1.245,1.2,1.004,1.321,1.234,1.12,0.088,0.088,1.104,0.087,1.194,0.851,1.122,1.116,1.15,1.275,1.207,1.287,0.104,0.088,1.167,1.269,0.983,1.001,1.28,1.075,1.27,1.286,1.166,1.269,0.089,0.086,0.087,0.087,0.518,0.086,0.086,0.086,0.089,0.086,0.086,0.087,0.088
,8:09:16,40,0.089,0.088,0.086,0.087,0.091,0.089,0.087,0.09,0.09,0.087,0.087,0.089,0.09,0.271,0.661,0.194,0.372,0.384,0.243,0.465,0.389,0.203,0.342,0.089,0.088,0.304,0.082,0.237,0.192,0.281,0.227,0.254,0.266,0.279,0.389,0.091,0.089,0.301,0.383,0.522,0.228,0.398,0.34,0.601,0.249,0.219,0.289,0.091,0.089,1.074,1.253,1.035,1.052,1.25,1.212,1.005,1.327,1.246,1.126,0.088,0.088,1.111,0.087,1.199,0.867,1.133,1.12,1.158,1.283,1.221,1.29,0.104,0.088,1.172,1.276,1.006,1.009,1.283,1.081,1.282,1.29,1.169,1.278,0.089,0.086,0.087,0.087,0.527,0.087,0.086,0.086,0.089,0.086,0.086,0.087,0.088
,8:14:16,40,0.089,0.088,0.086,0.087,0.091,0.089,0.087,0.09,0.091,0.087,0.087,0.089,0.09,0.272,0.665,0.194,0.376,0.386,0.246,0.469,0.392,0.206,0.345,0.089,0.089,0.307,0.082,0.239,0.194,0.283,0.228,0.255,0.269,0.281,0.391,0.091,0.089,0.303,0.387,0.524,0.23,0.402,0.343,0.601,0.251,0.22,0.292,0.091,0.089,1.085,1.259,1.047,1.058,1.254,1.226,1.005,1.333,1.257,1.133,0.088,0.089,1.117,0.087,1.203,0.878,1.128,1.123,1.165,1.29,1.234,1.294,0.104,0.088,1.177,1.282,1.026,1.017,1.287,1.089,1.292,1.294,1.171,1.287,0.089,0.086,0.087,0.087,0.535,0.086,0.086,0.086,0.089,0.087,0.086,0.087,0.088
,8:19:16,40,0.089,0.088,0.086,0.087,0.091,0.089,0.087,0.09,0.09,0.087,0.087,0.089,0.09,0.272,0.668,0.194,0.38,0.388,0.249,0.473,0.395,0.207,0.349,0.089,0.088,0.309,0.082,0.24,0.197,0.285,0.23,0.255,0.271,0.283,0.393,0.09,0.089,0.304,0.39,0.524,0.232,0.405,0.347,0.601,0.253,0.222,0.295,0.091,0.089,1.098,1.265,1.06,1.065,1.259,1.238,1.006,1.337,1.266,1.14,0.088,0.088,1.124,0.087,1.207,0.889,1.118,1.127,1.172,1.296,1.246,1.298,0.104,0.088,1.181,1.287,1.046,1.029,1.291,1.096,1.303,1.298,1.174,1.296,0.089,0.086,0.087,0.087,0.543,0.086,0.086,0.086,0.089,0.086,0.086,0.087,0.088
,8:24:16,40,0.089,0.088,0.086,0.087,0.091,0.089,0.087,0.09,0.09,0.087,0.087,0.089,0.09,0.272,0.672,0.194,0.383,0.39,0.252,0.477,0.397,0.209,0.352,0.089,0.088,0.311,0.082,0.242,0.199,0.286,0.232,0.257,0.273,0.286,0.396,0.09,0.089,0.306,0.393,0.525,0.233,0.408,0.35,0.602,0.255,0.223,0.297,0.091,0.089,1.108,1.27,1.073,1.072,1.263,1.246,1.006,1.341,1.276,1.148,0.088,0.088,1.131,0.087,1.21,0.902,1.104,1.13,1.178,1.3,1.258,1.301,0.104,0.088,1.184,1.291,1.065,1.042,1.294,1.104,1.313,1.301,1.177,1.303,0.089,0.086,0.087,0.087,0.554,0.086,0.086,0.086,0.089,0.086,0.086,0.087,0.088
,8:29:16,40.1,0.089,0.088,0.086,0.087,0.091,0.089,0.087,0.09,0.09,0.087,0.087,0.089,0.09,0.273,0.676,0.194,0.387,0.393,0.254,0.482,0.399,0.211,0.355,0.089,0.088,0.314,0.082,0.244,0.2,0.289,0.233,0.259,0.276,0.288,0.398,0.091,0.089,0.308,0.396,0.527,0.236,0.41,0.355,0.602,0.256,0.225,0.3,0.092,0.089,1.116,1.277,1.084,1.078,1.267,1.253,1.007,1.345,1.284,1.156,0.088,0.089,1.139,0.087,1.212,0.917,1.093,1.133,1.185,1.305,1.269,1.304,0.104,0.088,1.187,1.295,1.08,1.051,1.297,1.113,1.32,1.304,1.179,1.31,0.089,0.086,0.087,0.087,0.563,0.088,0.086,0.087,0.089,0.086,0.086,0.087,0.088
,8:34:16,40,0.089,0.088,0.086,0.087,0.091,0.089,0.087,0.09,0.09,0.087,0.087,0.089,0.09,0.274,0.68,0.194,0.39,0.395,0.257,0.486,0.402,0.213,0.358,0.089,0.088,0.315,0.082,0.245,0.203,0.29,0.234,0.26,0.278,0.29,0.4,0.09,0.089,0.309,0.398,0.527,0.237,0.414,0.357,0.603,0.258,0.226,0.303,0.091,0.089,1.125,1.281,1.092,1.086,1.271,1.26,1.007,1.349,1.292,1.166,0.088,0.088,1.147,0.087,1.216,0.93,1.084,1.135,1.19,1.31,1.28,1.308,0.104,0.088,1.19,1.299,1.094,1.056,1.3,1.123,1.325,1.308,1.182,1.317,0.089,0.086,0.087,0.087,0.572,0.086,0.086,0.086,0.089,0.086,0.086,0.087,0.088
,8:39:16,40,0.089,0.088,0.086,0.087,0.091,0.089,0.087,0.09,0.09,0.087,0.087,0.089,0.09,0.274,0.684,0.194,0.393,0.397,0.259,0.489,0.405,0.215,0.36,0.089,0.088,0.318,0.082,0.247,0.205,0.293,0.235,0.263,0.28,0.292,0.402,0.09,0.089,0.31,0.401,0.526,0.238,0.417,0.36,0.604,0.26,0.228,0.305,0.091,0.089,1.136,1.286,1.099,1.094,1.275,1.266,1.006,1.352,1.3,1.178,0.088,0.088,1.155,0.087,1.219,0.944,1.089,1.137,1.196,1.314,1.29,1.312,0.104,0.088,1.194,1.303,1.107,1.063,1.303,1.135,1.331,1.311,1.184,1.322,0.089,0.086,0.087,0.087,0.58,0.086,0.086,0.086,0.088,0.086,0.086,0.087,0.088
,8:44:16,39.9,0.089,0.088,0.086,0.087,0.091,0.089,0.087,0.09,0.091,0.087,0.087,0.089,0.09,0.275,0.688,0.195,0.397,0.398,0.262,0.493,0.407,0.216,0.363,0.089,0.088,0.32,0.082,0.248,0.207,0.295,0.237,0.265,0.283,0.294,0.405,0.09,0.089,0.311,0.405,0.525,0.241,0.42,0.363,0.604,0.261,0.229,0.308,0.091,0.089,1.143,1.29,1.105,1.103,1.278,1.274,1.008,1.355,1.306,1.189,0.088,0.088,1.164,0.087,1.221,0.959,1.099,1.14,1.2,1.317,1.301,1.315,0.104,0.088,1.196,1.306,1.117,1.068,1.305,1.145,1.337,1.314,1.186,1.327,0.089,0.086,0.087,0.087,0.588,0.086,0.086,0.086,0.089,0.086,0.086,0.087,0.088
,8:49:16,40,0.089,0.088,0.086,0.087,0.091,0.089,0.087,0.09,0.091,0.087,0.087,0.089,0.09,0.276,0.692,0.195,0.4,0.4,0.264,0.497,0.411,0.218,0.366,0.089,0.088,0.322,0.082,0.25,0.21,0.296,0.238,0.266,0.285,0.296,0.406,0.09,0.089,0.313,0.408,0.525,0.241,0.423,0.366,0.606,0.263,0.23,0.311,0.091,0.089,1.153,1.293,1.114,1.113,1.281,1.281,1.009,1.358,1.314,1.202,0.088,0.088,1.176,0.087,1.224,0.973,1.111,1.142,1.205,1.321,1.309,1.318,0.104,0.089,1.2,1.31,1.128,1.075,1.308,1.156,1.343,1.317,1.188,1.333,0.089,0.086,0.087,0.087,0.594,0.087,0.086,0.086,0.089,0.086,0.086,0.087,0.088
,8:54:16,40,0.089,0.087,0.086,0.087,0.091,0.089,0.087,0.09,0.09,0.087,0.087,0.089,0.089,0.276,0.696,0.195,0.403,0.403,0.267,0.501,0.413,0.22,0.369,0.088,0.088,0.325,0.082,0.251,0.213,0.298,0.239,0.268,0.287,0.298,0.409,0.09,0.089,0.314,0.411,0.526,0.242,0.426,0.37,0.606,0.265,0.232,0.314,0.091,0.089,1.161,1.296,1.121,1.122,1.285,1.288,1.009,1.361,1.321,1.213,0.088,0.088,1.186,0.087,1.226,0.985,1.124,1.144,1.209,1.324,1.317,1.321,0.104,0.088,1.202,1.313,1.139,1.087,1.311,1.166,1.349,1.321,1.191,1.338,0.089,0.086,0.087,0.087,0.599,0.086,0.086,0.086,0.089,0.086,0.086,0.087,0.088
,8:59:16,40,0.089,0.087,0.086,0.087,0.09,0.089,0.087,0.09,0.09,0.087,0.087,0.089,0.089,0.277,0.7,0.195,0.406,0.404,0.269,0.504,0.416,0.221,0.372,0.088,0.088,0.326,0.082,0.253,0.216,0.3,0.24,0.269,0.29,0.3,0.41,0.09,0.089,0.315,0.413,0.527,0.243,0.429,0.373,0.607,0.266,0.233,0.316,0.091,0.089,1.17,1.299,1.127,1.13,1.289,1.294,1.009,1.364,1.327,1.224,0.088,0.088,1.197,0.087,1.229,0.997,1.133,1.146,1.214,1.327,1.324,1.323,0.103,0.088,1.204,1.317,1.149,1.096,1.313,1.177,1.356,1.323,1.193,1.342,0.089,0.086,0.087,0.087,0.606,0.086,0.086,0.086,0.089,0.086,0.086,0.087,0.088
,9:04:16,40,0.089,0.087,0.086,0.087,0.091,0.089,0.087,0.09,0.09,0.087,0.087,0.089,0.09,0.278,0.703,0.195,0.409,0.406,0.272,0.507,0.418,0.222,0.375,0.088,0.088,0.328,0.082,0.254,0.219,0.301,0.241,0.27,0.292,0.302,0.413,0.09,0.089,0.318,0.416,0.526,0.244,0.432,0.376,0.608,0.267,0.235,0.319,0.091,0.089,1.179,1.302,1.131,1.138,1.292,1.301,1.009,1.366,1.332,1.236,0.088,0.088,1.208,0.087,1.232,1.008,1.135,1.147,1.217,1.33,1.331,1.326,0.104,0.088,1.206,1.32,1.157,1.099,1.315,1.187,1.361,1.326,1.194,1.347,0.089,0.086,0.087,0.087,0.613,0.086,0.086,0.086,0.089,0.086,0.086,0.087,0.088
,9:09:16,40,0.089,0.088,0.086,0.087,0.091,0.089,0.087,0.09,0.09,0.087,0.087,0.089,0.09,0.278,0.708,0.196,0.413,0.408,0.274,0.51,0.42,0.225,0.378,0.089,0.088,0.331,0.082,0.256,0.221,0.303,0.243,0.272,0.294,0.305,0.415,0.09,0.089,0.318,0.419,0.526,0.244,0.435,0.38,0.608,0.269,0.236,0.322,0.091,0.089,1.19,1.304,1.137,1.145,1.295,1.306,1.009,1.369,1.337,1.246,0.088,0.089,1.219,0.087,1.234,1.018,1.146,1.15,1.221,1.333,1.337,1.328,0.104,0.088,1.208,1.323,1.165,1.109,1.318,1.198,1.367,1.329,1.197,1.351,0.089,0.086,0.087,0.087,0.619,0.086,0.086,0.086,0.089,0.086,0.086,0.087,0.088
,9:14:16,40,0.089,0.087,0.086,0.086,0.091,0.089,0.087,0.09,0.09,0.087,0.087,0.088,0.089,0.278,0.711,0.197,0.416,0.41,0.276,0.514,0.423,0.226,0.381,0.088,0.088,0.333,0.082,0.257,0.225,0.305,0.243,0.274,0.297,0.307,0.416,0.09,0.089,0.319,0.423,0.526,0.246,0.438,0.383,0.608,0.27,0.238,0.324,0.091,0.089,1.197,1.306,1.142,1.153,1.298,1.311,1.009,1.371,1.343,1.257,0.088,0.088,1.229,0.087,1.236,1.028,1.157,1.152,1.226,1.336,1.343,1.33,0.104,0.088,1.209,1.325,1.171,1.113,1.32,1.209,1.372,1.332,1.198,1.355,0.089,0.086,0.086,0.087,0.626,0.086,0.086,0.086,0.089,0.086,0.086,0.087,0.088
,9:19:16,40,0.089,0.088,0.086,0.087,0.09,0.089,0.087,0.09,0.09,0.087,0.087,0.089,0.09,0.279,0.716,0.198,0.419,0.411,0.279,0.517,0.426,0.228,0.383,0.089,0.088,0.335,0.082,0.259,0.227,0.306,0.245,0.275,0.299,0.308,0.419,0.09,0.089,0.321,0.427,0.526,0.247,0.441,0.386,0.609,0.272,0.24,0.327,0.091,0.089,1.202,1.307,1.142,1.159,1.301,1.316,1.009,1.373,1.347,1.267,0.088,0.088,1.24,0.087,1.237,1.037,1.157,1.153,1.229,1.337,1.348,1.331,0.103,0.088,1.211,1.328,1.179,1.118,1.323,1.218,1.377,1.335,1.2,1.359,0.089,0.086,0.087,0.087,0.63,0.086,0.086,0.086,0.089,0.086,0.086,0.087,0.088
,9:24:16,40,0.089,0.088,0.086,0.087,0.091,0.089,0.087,0.09,0.091,0.087,0.087,0.089,0.09,0.28,0.72,0.198,0.423,0.413,0.282,0.52,0.428,0.229,0.385,0.089,0.088,0.337,0.082,0.26,0.231,0.309,0.247,0.277,0.301,0.311,0.421,0.091,0.089,0.322,0.429,0.526,0.248,0.444,0.39,0.61,0.273,0.241,0.329,0.091,0.089,1.208,1.31,1.146,1.167,1.303,1.321,1.01,1.376,1.352,1.278,0.088,0.088,1.25,0.087,1.239,1.047,1.161,1.155,1.233,1.34,1.353,1.333,0.104,0.088,1.212,1.331,1.183,1.123,1.325,1.23,1.382,1.337,1.201,1.362,0.089,0.086,0.087,0.087,0.641,0.086,0.086,0.086,0.089,0.086,0.086,0.087,0.088
,9:29:16,40,0.089,0.088,0.086,0.087,0.091,0.089,0.088,0.09,0.09,0.087,0.087,0.089,0.089,0.28,0.724,0.199,0.426,0.415,0.284,0.523,0.431,0.231,0.389,0.088,0.088,0.339,0.082,0.262,0.233,0.31,0.248,0.278,0.304,0.313,0.423,0.091,0.089,0.323,0.43,0.525,0.251,0.448,0.394,0.611,0.274,0.242,0.332,0.091,0.089,1.214,1.311,1.148,1.175,1.307,1.326,1.01,1.378,1.357,1.287,0.088,0.088,1.259,0.087,1.242,1.054,1.165,1.156,1.236,1.343,1.358,1.334,0.104,0.088,1.215,1.333,1.188,1.126,1.327,1.241,1.387,1.34,1.202,1.365,0.089,0.086,0.087,0.087,0.644,0.086,0.086,0.086,0.089,0.086,0.086,0.087,0.088
,9:34:16,40,0.089,0.087,0.086,0.087,0.09,0.089,0.087,0.09,0.09,0.087,0.087,0.089,0.089,0.281,0.728,0.2,0.429,0.418,0.286,0.526,0.433,0.232,0.391,0.088,0.088,0.341,0.082,0.263,0.237,0.311,0.248,0.28,0.306,0.315,0.424,0.091,0.089,0.324,0.433,0.525,0.253,0.45,0.397,0.611,0.275,0.243,0.334,0.091,0.089,1.22,1.313,1.15,1.185,1.31,1.33,1.012,1.381,1.361,1.295,0.088,0.088,1.268,0.087,1.243,1.062,1.172,1.157,1.238,1.344,1.362,1.335,0.104,0.088,1.216,1.335,1.192,1.13,1.329,1.249,1.392,1.342,1.203,1.367,0.089,0.086,0.087,0.087,0.65,0.086,0.086,0.086,0.089,0.086,0.086,0.087,0.088
,9:39:16,40,0.089,0.088,0.086,0.087,0.091,0.089,0.087,0.09,0.09,0.087,0.087,0.089,0.09,0.282,0.733,0.202,0.432,0.419,0.288,0.53,0.435,0.234,0.394,0.089,0.088,0.343,0.082,0.265,0.239,0.313,0.25,0.281,0.308,0.317,0.427,0.091,0.089,0.326,0.437,0.524,0.255,0.453,0.401,0.612,0.277,0.245,0.337,0.091,0.089,1.226,1.314,1.152,1.195,1.312,1.335,1.012,1.383,1.365,1.302,0.088,0.089,1.275,0.087,1.244,1.07,1.176,1.159,1.24,1.346,1.366,1.336,0.104,0.088,1.217,1.337,1.198,1.132,1.33,1.257,1.396,1.343,1.204,1.369,0.089,0.086,0.087,0.087,0.66,0.087,0.086,0.086,0.089,0.086,0.086,0.087,0.088
,9:44:16,40,0.089,0.088,0.086,0.087,0.091,0.089,0.087,0.09,0.09,0.087,0.087,0.089,0.089,0.282,0.736,0.203,0.435,0.42,0.29,0.532,0.437,0.234,0.396,0.088,0.088,0.344,0.082,0.265,0.242,0.316,0.251,0.282,0.31,0.319,0.428,0.09,0.089,0.326,0.441,0.524,0.258,0.455,0.404,0.613,0.277,0.245,0.34,0.091,0.089,1.232,1.315,1.153,1.205,1.314,1.339,1.012,1.385,1.368,1.309,0.088,0.088,1.28,0.087,1.246,1.076,1.18,1.159,1.243,1.348,1.37,1.337,0.104,0.088,1.22,1.339,1.201,1.133,1.332,1.262,1.401,1.345,1.205,1.371,0.089,0.086,0.087,0.087,0.664,0.086,0.086,0.086,0.089,0.086,0.086,0.087,0.088
,9:49:16,40,0.089,0.087,0.086,0.087,0.091,0.089,0.087,0.09,0.09,0.087,0.087,0.089,0.09,0.283,0.741,0.204,0.439,0.422,0.293,0.535,0.439,0.237,0.399,0.089,0.088,0.346,0.082,0.267,0.246,0.318,0.252,0.284,0.313,0.321,0.43,0.091,0.089,0.327,0.444,0.524,0.26,0.457,0.407,0.613,0.278,0.246,0.342,0.091,0.089,1.236,1.317,1.156,1.216,1.317,1.343,1.013,1.387,1.371,1.315,0.088,0.088,1.286,0.087,1.246,1.084,1.191,1.161,1.245,1.35,1.374,1.338,0.104,0.088,1.221,1.341,1.203,1.136,1.334,1.268,1.406,1.347,1.206,1.374,0.089,0.086,0.087,0.087,0.668,0.086,0.086,0.086,0.089,0.086,0.086,0.087,0.088
,9:54:16,40,0.089,0.088,0.086,0.087,0.091,0.089,0.087,0.09,0.091,0.087,0.087,0.089,0.09,0.283,0.745,0.206,0.441,0.425,0.295,0.538,0.442,0.238,0.402,0.089,0.089,0.348,0.082,0.268,0.249,0.32,0.255,0.285,0.315,0.323,0.432,0.091,0.089,0.328,0.448,0.523,0.263,0.461,0.411,0.615,0.28,0.248,0.344,0.091,0.089,1.241,1.318,1.156,1.228,1.319,1.347,1.014,1.389,1.374,1.322,0.088,0.089,1.294,0.087,1.249,1.092,1.194,1.162,1.248,1.352,1.379,1.339,0.104,0.088,1.223,1.343,1.204,1.138,1.335,1.273,1.41,1.349,1.208,1.376,0.089,0.086,0.087,0.087,0.678,0.087,0.086,0.086,0.089,0.086,0.086,0.087,0.088
,9:59:16,40,0.089,0.088,0.086,0.087,0.091,0.089,0.087,0.09,0.09,0.087,0.087,0.089,0.089,0.284,0.749,0.206,0.444,0.426,0.297,0.541,0.444,0.239,0.403,0.088,0.088,0.35,0.082,0.269,0.252,0.321,0.254,0.287,0.317,0.325,0.433,0.09,0.089,0.329,0.45,0.523,0.266,0.463,0.414,0.615,0.28,0.249,0.346,0.091,0.089,1.243,1.318,1.158,1.241,1.32,1.352,1.016,1.39,1.377,1.326,0.088,0.088,1.303,0.087,1.249,1.098,1.194,1.162,1.249,1.353,1.382,1.339,0.104,0.088,1.224,1.344,1.205,1.14,1.337,1.277,1.413,1.35,1.207,1.378,0.089,0.086,0.087,0.087,0.68,0.086,0.086,0.086,0.089,0.086,0.086,0.087,0.088
,10:04:16,40,0.089,0.087,0.086,0.086,0.09,0.089,0.087,0.09,0.09,0.087,0.087,0.088,0.089,0.284,0.753,0.208,0.447,0.427,0.299,0.539,0.446,0.24,0.405,0.088,0.088,0.351,0.082,0.27,0.255,0.322,0.254,0.288,0.319,0.326,0.435,0.09,0.089,0.33,0.452,0.523,0.268,0.466,0.417,0.616,0.281,0.25,0.349,0.091,0.089,1.247,1.318,1.158,1.25,1.321,1.355,1.017,1.391,1.379,1.331,0.088,0.088,1.311,0.087,1.25,1.104,1.198,1.163,1.25,1.355,1.386,1.339,0.103,0.088,1.224,1.345,1.205,1.142,1.337,1.282,1.415,1.351,1.208,1.379,0.089,0.086,0.086,0.087,0.685,0.086,0.086,0.086,0.089,0.086,0.086,0.087,0.088
,10:09:16,40,0.089,0.087,0.086,0.086,0.091,0.089,0.087,0.09,0.09,0.087,0.087,0.089,0.09,0.285,0.757,0.208,0.45,0.43,0.301,0.539,0.448,0.242,0.408,0.088,0.088,0.353,0.082,0.271,0.258,0.325,0.256,0.289,0.322,0.329,0.437,0.09,0.089,0.331,0.456,0.523,0.271,0.469,0.42,0.617,0.282,0.251,0.351,0.091,0.089,1.25,1.32,1.16,1.259,1.323,1.359,1.017,1.393,1.381,1.336,0.088,0.088,1.317,0.087,1.251,1.111,1.203,1.164,1.252,1.357,1.389,1.34,0.104,0.088,1.226,1.347,1.207,1.146,1.339,1.286,1.417,1.353,1.208,1.381,0.089,0.086,0.087,0.087,0.691,0.086,0.086,0.086,0.089,0.086,0.086,0.087,0.088
,10:14:16,40.1,0.089,0.088,0.086,0.087,0.091,0.089,0.087,0.09,0.09,0.087,0.087,0.089,0.09,0.285,0.762,0.208,0.453,0.431,0.304,0.538,0.45,0.243,0.41,0.088,0.089,0.354,0.082,0.272,0.261,0.327,0.257,0.29,0.324,0.331,0.439,0.091,0.089,0.332,0.459,0.523,0.275,0.472,0.424,0.618,0.283,0.252,0.355,0.091,0.089,1.253,1.321,1.163,1.264,1.324,1.361,1.02,1.394,1.383,1.34,0.088,0.088,1.323,0.087,1.252,1.118,1.207,1.164,1.254,1.359,1.392,1.341,0.104,0.088,1.226,1.348,1.208,1.148,1.341,1.29,1.419,1.353,1.209,1.382,0.089,0.086,0.087,0.087,0.696,0.086,0.086,0.086,0.089,0.086,0.086,0.087,0.088
,10:19:16,40,0.089,0.088,0.086,0.087,0.09,0.089,0.087,0.09,0.09,0.087,0.087,0.089,0.089,0.285,0.765,0.21,0.456,0.432,0.305,0.539,0.452,0.244,0.412,0.089,0.088,0.356,0.082,0.273,0.264,0.33,0.257,0.291,0.326,0.332,0.441,0.09,0.089,0.333,0.461,0.523,0.278,0.474,0.427,0.619,0.283,0.252,0.356,0.091,0.089,1.256,1.321,1.162,1.269,1.324,1.364,1.021,1.395,1.385,1.344,0.088,0.088,1.326,0.087,1.252,1.125,1.209,1.164,1.254,1.36,1.395,1.341,0.103,0.088,1.228,1.349,1.208,1.147,1.342,1.294,1.421,1.354,1.21,1.383,0.089,0.086,0.087,0.087,0.702,0.087,0.086,0.086,0.089,0.086,0.086,0.087,0.088
,10:24:16,40.1,0.089,0.088,0.086,0.087,0.091,0.089,0.087,0.09,0.09,0.087,0.087,0.089,0.09,0.286,0.769,0.21,0.459,0.434,0.308,0.538,0.454,0.245,0.414,0.089,0.088,0.358,0.082,0.274,0.268,0.333,0.258,0.293,0.328,0.334,0.443,0.09,0.089,0.333,0.463,0.523,0.281,0.477,0.43,0.621,0.284,0.253,0.359,0.091,0.089,1.261,1.322,1.165,1.274,1.326,1.367,1.022,1.395,1.386,1.348,0.088,0.089,1.331,0.087,1.252,1.131,1.211,1.165,1.256,1.362,1.397,1.341,0.104,0.088,1.228,1.35,1.209,1.148,1.343,1.299,1.423,1.355,1.211,1.385,0.089,0.087,0.087,0.087,0.707,0.087,0.086,0.087,0.089,0.087,0.086,0.087,0.088
,10:29:16,39.9,0.089,0.087,0.086,0.087,0.091,0.089,0.087,0.09,0.091,0.087,0.087,0.089,0.089,0.286,0.773,0.211,0.461,0.435,0.309,0.538,0.457,0.246,0.417,0.088,0.088,0.359,0.082,0.275,0.271,0.338,0.258,0.294,0.33,0.336,0.444,0.09,0.089,0.334,0.465,0.524,0.283,0.48,0.433,0.622,0.285,0.254,0.36,0.091,0.089,1.265,1.323,1.166,1.278,1.327,1.37,1.024,1.397,1.388,1.353,0.088,0.088,1.336,0.087,1.254,1.139,1.217,1.165,1.259,1.364,1.399,1.342,0.103,0.088,1.23,1.353,1.209,1.151,1.344,1.303,1.424,1.356,1.212,1.386,0.089,0.086,0.087,0.087,0.712,0.086,0.086,0.086,0.088,0.086,0.086,0.087,0.088
,10:34:16,40,0.089,0.087,0.086,0.086,0.09,0.089,0.087,0.09,0.09,0.087,0.087,0.089,0.089,0.286,0.776,0.212,0.464,0.436,0.312,0.538,0.458,0.247,0.419,0.088,0.088,0.361,0.082,0.275,0.274,0.344,0.26,0.295,0.332,0.338,0.445,0.09,0.089,0.334,0.469,0.523,0.285,0.482,0.436,0.624,0.285,0.255,0.363,0.091,0.089,1.268,1.323,1.172,1.282,1.327,1.372,1.026,1.397,1.39,1.358,0.088,0.088,1.339,0.087,1.254,1.146,1.216,1.165,1.26,1.365,1.401,1.342,0.104,0.088,1.23,1.354,1.209,1.153,1.345,1.306,1.425,1.357,1.211,1.388,0.089,0.086,0.087,0.087,0.72,0.086,0.086,0.086,0.089,0.086,0.086,0.087,0.088
,10:39:16,40,0.089,0.088,0.086,0.087,0.091,0.089,0.087,0.09,0.091,0.087,0.087,0.089,0.09,0.287,0.781,0.213,0.467,0.439,0.314,0.538,0.46,0.248,0.421,0.088,0.089,0.363,0.082,0.277,0.278,0.347,0.262,0.297,0.334,0.34,0.447,0.091,0.089,0.335,0.471,0.524,0.288,0.485,0.44,0.625,0.286,0.255,0.365,0.091,0.089,1.272,1.324,1.173,1.285,1.328,1.375,1.029,1.398,1.391,1.362,0.088,0.089,1.343,0.087,1.256,1.153,1.219,1.166,1.261,1.366,1.404,1.343,0.104,0.088,1.231,1.355,1.209,1.154,1.347,1.31,1.426,1.358,1.212,1.389,0.089,0.087,0.087,0.087,0.723,0.087,0.086,0.087,0.089,0.086,0.086,0.087,0.088
,10:44:16,40,0.089,0.087,0.086,0.087,0.091,0.089,0.087,0.09,0.09,0.087,0.087,0.089,0.09,0.287,0.784,0.213,0.47,0.439,0.316,0.538,0.462,0.249,0.422,0.088,0.088,0.364,0.082,0.278,0.28,0.35,0.263,0.298,0.337,0.341,0.449,0.09,0.089,0.335,0.473,0.524,0.291,0.488,0.442,0.626,0.286,0.257,0.368,0.091,0.089,1.273,1.324,1.176,1.289,1.329,1.376,1.031,1.398,1.393,1.365,0.088,0.088,1.347,0.087,1.256,1.16,1.22,1.165,1.261,1.366,1.405,1.343,0.103,0.088,1.232,1.356,1.21,1.154,1.347,1.314,1.427,1.358,1.212,1.39,0.089,0.086,0.087,0.087,0.729,0.086,0.086,0.086,0.089,0.086,0.086,0.087,0.088
,10:49:16,40,0.089,0.088,0.086,0.087,0.091,0.089,0.087,0.09,0.09,0.087,0.087,0.089,0.09,0.288,0.788,0.214,0.472,0.441,0.318,0.538,0.464,0.25,0.425,0.088,0.088,0.366,0.082,0.278,0.284,0.353,0.263,0.299,0.338,0.343,0.45,0.09,0.089,0.336,0.476,0.525,0.292,0.491,0.446,0.628,0.286,0.257,0.371,0.091,0.089,1.276,1.324,1.179,1.294,1.33,1.379,1.033,1.399,1.395,1.369,0.088,0.088,1.351,0.087,1.256,1.167,1.227,1.166,1.263,1.368,1.407,1.344,0.104,0.088,1.234,1.358,1.211,1.162,1.349,1.319,1.428,1.359,1.212,1.391,0.089,0.086,0.087,0.087,0.735,0.086,0.086,0.086,0.089,0.086,0.086,0.087,0.088
,10:54:16,40,0.089,0.088,0.086,0.087,0.091,0.089,0.087,0.09,0.09,0.087,0.087,0.089,0.09,0.289,0.792,0.215,0.475,0.443,0.32,0.539,0.466,0.251,0.426,0.089,0.088,0.368,0.082,0.279,0.287,0.355,0.264,0.3,0.341,0.345,0.452,0.09,0.089,0.336,0.479,0.525,0.294,0.493,0.449,0.63,0.287,0.257,0.373,0.091,0.089,1.278,1.324,1.181,1.297,1.331,1.381,1.036,1.399,1.396,1.372,0.088,0.088,1.354,0.087,1.257,1.174,1.226,1.165,1.265,1.369,1.409,1.345,0.104,0.088,1.235,1.358,1.211,1.161,1.349,1.321,1.429,1.36,1.213,1.392,0.089,0.086,0.087,0.087,0.739,0.087,0.086,0.087,0.089,0.086,0.086,0.087,0.088
,10:59:16,40,0.089,0.088,0.086,0.087,0.091,0.089,0.087,0.09,0.091,0.087,0.087,0.089,0.09,0.289,0.795,0.216,0.478,0.444,0.321,0.538,0.468,0.252,0.428,0.088,0.088,0.37,0.082,0.28,0.29,0.357,0.264,0.301,0.343,0.347,0.453,0.09,0.089,0.337,0.481,0.525,0.295,0.495,0.452,0.632,0.288,0.258,0.375,0.091,0.089,1.279,1.325,1.184,1.3,1.332,1.382,1.038,1.4,1.397,1.375,0.088,0.089,1.356,0.087,1.257,1.182,1.226,1.165,1.265,1.37,1.41,1.345,0.104,0.088,1.236,1.359,1.212,1.163,1.35,1.324,1.43,1.361,1.213,1.393,0.089,0.086,0.087,0.087,0.744,0.086,0.086,0.086,0.089,0.086,0.086,0.087,0.088
,11:04:16,40,0.089,0.088,0.086,0.087,0.091,0.089,0.088,0.09,0.09,0.087,0.087,0.089,0.09,0.29,0.799,0.218,0.48,0.446,0.324,0.539,0.47,0.253,0.429,0.089,0.089,0.373,0.082,0.281,0.294,0.36,0.265,0.301,0.345,0.349,0.455,0.091,0.089,0.337,0.484,0.526,0.297,0.498,0.455,0.633,0.288,0.259,0.377,0.091,0.089,1.282,1.325,1.186,1.304,1.333,1.385,1.041,1.401,1.399,1.378,0.088,0.089,1.359,0.087,1.258,1.189,1.227,1.165,1.267,1.371,1.412,1.346,0.104,0.088,1.237,1.36,1.212,1.165,1.352,1.328,1.43,1.362,1.213,1.395,0.089,0.087,0.087,0.087,0.749,0.087,0.086,0.087,0.089,0.086,0.086,0.087,0.088
,11:09:16,40,0.089,0.087,0.086,0.086,0.091,0.089,0.087,0.09,0.09,0.087,0.087,0.089,0.089,0.29,0.801,0.218,0.483,0.447,0.326,0.539,0.471,0.254,0.431,0.088,0.088,0.374,0.082,0.281,0.297,0.36,0.265,0.302,0.346,0.35,0.456,0.09,0.089,0.337,0.486,0.526,0.299,0.501,0.457,0.635,0.288,0.259,0.379,0.091,0.089,1.282,1.324,1.186,1.308,1.333,1.385,1.044,1.4,1.399,1.381,0.088,0.088,1.361,0.087,1.258,1.195,1.226,1.164,1.267,1.371,1.413,1.345,0.104,0.088,1.237,1.36,1.212,1.164,1.352,1.33,1.431,1.362,1.213,1.395,0.089,0.086,0.087,0.087,0.752,0.086,0.086,0.086,0.089,0.086,0.086,0.087,0.088
,11:14:16,40,0.089,0.087,0.086,0.087,0.09,0.089,0.087,0.09,0.09,0.087,0.087,0.089,0.089,0.29,0.805,0.22,0.485,0.449,0.327,0.539,0.473,0.254,0.433,0.088,0.088,0.376,0.082,0.281,0.3,0.358,0.265,0.304,0.348,0.352,0.458,0.09,0.089,0.338,0.488,0.527,0.301,0.498,0.46,0.637,0.288,0.259,0.381,0.091,0.089,1.282,1.324,1.187,1.312,1.334,1.387,1.047,1.4,1.401,1.384,0.088,0.088,1.363,0.087,1.258,1.202,1.228,1.164,1.267,1.372,1.414,1.346,0.103,0.088,1.237,1.36,1.212,1.165,1.352,1.333,1.431,1.362,1.213,1.396,0.089,0.086,0.087,0.087,0.755,0.087,0.086,0.086,0.089,0.086,0.086,0.087,0.088
,11:19:16,40,0.089,0.087,0.086,0.087,0.091,0.089,0.087,0.09,0.09,0.087,0.087,0.088,0.089,0.29,0.808,0.221,0.488,0.451,0.329,0.54,0.474,0.255,0.434,0.088,0.088,0.378,0.082,0.282,0.303,0.356,0.265,0.304,0.35,0.353,0.46,0.09,0.089,0.338,0.491,0.527,0.302,0.496,0.463,0.638,0.289,0.26,0.383,0.091,0.089,1.285,1.324,1.189,1.316,1.334,1.388,1.05,1.401,1.402,1.386,0.088,0.088,1.365,0.087,1.259,1.208,1.231,1.164,1.269,1.373,1.415,1.347,0.103,0.088,1.238,1.361,1.214,1.168,1.353,1.336,1.431,1.363,1.213,1.397,0.089,0.086,0.087,0.087,0.758,0.086,0.086,0.086,0.088,0.086,0.086,0.087,0.088
,11:24:16,40,0.089,0.088,0.086,0.087,0.091,0.089,0.087,0.09,0.09,0.087,0.087,0.089,0.09,0.291,0.811,0.222,0.491,0.449,0.331,0.54,0.477,0.256,0.436,0.089,0.088,0.379,0.082,0.282,0.306,0.357,0.268,0.305,0.352,0.356,0.461,0.09,0.089,0.339,0.493,0.528,0.303,0.495,0.466,0.641,0.289,0.26,0.386,0.091,0.089,1.285,1.323,1.189,1.319,1.335,1.389,1.053,1.402,1.403,1.388,0.088,0.088,1.367,0.087,1.26,1.215,1.23,1.163,1.27,1.373,1.416,1.347,0.104,0.088,1.238,1.361,1.214,1.168,1.353,1.338,1.431,1.363,1.214,1.398,0.089,0.086,0.087,0.087,0.762,0.087,0.086,0.086,0.089,0.086,0.086,0.087,0.088
,11:29:16,40,0.089,0.088,0.086,0.087,0.091,0.089,0.088,0.09,0.091,0.087,0.087,0.089,0.09,0.291,0.816,0.223,0.493,0.449,0.333,0.541,0.479,0.257,0.437,0.089,0.088,0.381,0.082,0.283,0.31,0.355,0.271,0.306,0.354,0.357,0.464,0.09,0.089,0.339,0.496,0.529,0.305,0.494,0.468,0.642,0.289,0.261,0.389,0.091,0.089,1.286,1.323,1.19,1.323,1.337,1.39,1.056,1.403,1.404,1.391,0.088,0.089,1.369,0.087,1.26,1.222,1.229,1.164,1.271,1.374,1.417,1.348,0.104,0.088,1.239,1.362,1.215,1.169,1.355,1.341,1.431,1.364,1.214,1.399,0.089,0.086,0.087,0.087,0.763,0.087,0.086,0.086,0.089,0.086,0.086,0.087,0.088
,11:34:16,40,0.089,0.087,0.086,0.087,0.091,0.089,0.087,0.09,0.09,0.087,0.087,0.089,0.09,0.292,0.819,0.225,0.495,0.449,0.334,0.541,0.48,0.257,0.439,0.088,0.088,0.382,0.082,0.284,0.313,0.355,0.271,0.306,0.355,0.359,0.463,0.09,0.089,0.339,0.498,0.53,0.307,0.493,0.47,0.645,0.29,0.262,0.391,0.091,0.089,1.29,1.324,1.192,1.327,1.338,1.391,1.061,1.404,1.405,1.393,0.088,0.088,1.372,0.087,1.261,1.227,1.232,1.163,1.272,1.375,1.419,1.349,0.104,0.088,1.24,1.362,1.216,1.178,1.355,1.343,1.431,1.365,1.215,1.399,0.089,0.086,0.087,0.087,0.762,0.087,0.086,0.086,0.089,0.086,0.086,0.087,0.088
,11:39:16,40,0.089,0.087,0.086,0.087,0.09,0.089,0.087,0.09,0.09,0.087,0.087,0.089,0.089,0.292,0.822,0.225,0.497,0.449,0.336,0.542,0.481,0.258,0.439,0.088,0.088,0.383,0.082,0.284,0.316,0.352,0.269,0.307,0.356,0.36,0.463,0.09,0.089,0.339,0.495,0.529,0.307,0.493,0.473,0.646,0.29,0.262,0.392,0.091,0.089,1.289,1.323,1.192,1.329,1.339,1.393,1.064,1.404,1.406,1.394,0.088,0.088,1.374,0.087,1.261,1.233,1.23,1.162,1.272,1.375,1.419,1.35,0.103,0.088,1.239,1.362,1.215,1.182,1.355,1.344,1.431,1.365,1.215,1.399,0.089,0.086,0.087,0.087,0.766,0.087,0.086,0.086,0.089,0.086,0.086,0.087,0.088
,11:44:16,40,0.089,0.087,0.086,0.087,0.091,0.089,0.087,0.09,0.091,0.087,0.087,0.089,0.09,0.292,0.826,0.227,0.501,0.449,0.338,0.543,0.483,0.258,0.441,0.089,0.088,0.385,0.082,0.285,0.321,0.351,0.268,0.308,0.358,0.362,0.463,0.091,0.089,0.339,0.494,0.53,0.309,0.493,0.475,0.649,0.29,0.263,0.394,0.091,0.089,1.29,1.323,1.193,1.333,1.34,1.393,1.069,1.404,1.407,1.396,0.088,0.089,1.376,0.087,1.262,1.239,1.231,1.162,1.274,1.376,1.421,1.351,0.104,0.088,1.24,1.363,1.216,1.183,1.356,1.346,1.431,1.367,1.216,1.4,0.089,0.086,0.087,0.087,0.769,0.087,0.086,0.086,0.089,0.087,0.086,0.087,0.088
,11:49:16,40,0.089,0.087,0.086,0.087,0.091,0.089,0.087,0.09,0.09,0.087,0.087,0.089,0.09,0.293,0.829,0.228,0.498,0.449,0.34,0.544,0.485,0.259,0.442,0.088,0.088,0.386,0.082,0.285,0.324,0.35,0.268,0.31,0.359,0.364,0.463,0.09,0.089,0.339,0.493,0.53,0.31,0.492,0.477,0.651,0.291,0.262,0.396,0.091,0.089,1.291,1.322,1.193,1.335,1.341,1.395,1.073,1.405,1.407,1.398,0.088,0.088,1.377,0.087,1.262,1.244,1.23,1.161,1.275,1.376,1.421,1.351,0.104,0.088,1.239,1.363,1.217,1.18,1.357,1.348,1.432,1.369,1.215,1.4,0.089,0.086,0.087,0.087,0.772,0.086,0.086,0.086,0.089,0.086,0.086,0.087,0.088
,11:54:16,40,0.089,0.088,0.086,0.087,0.091,0.089,0.088,0.09,0.091,0.087,0.087,0.089,0.09,0.294,0.832,0.23,0.497,0.449,0.342,0.545,0.487,0.26,0.443,0.089,0.089,0.387,0.082,0.286,0.327,0.35,0.268,0.31,0.361,0.366,0.463,0.091,0.089,0.34,0.493,0.532,0.31,0.491,0.48,0.653,0.291,0.263,0.399,0.091,0.089,1.293,1.323,1.195,1.339,1.342,1.397,1.079,1.406,1.409,1.4,0.088,0.089,1.379,0.088,1.262,1.25,1.235,1.161,1.276,1.377,1.422,1.352,0.104,0.089,1.24,1.364,1.218,1.184,1.359,1.351,1.432,1.372,1.216,1.402,0.089,0.087,0.087,0.087,0.776,0.087,0.086,0.087,0.089,0.087,0.086,0.087,0.088
,11:59:16,40,0.089,0.088,0.086,0.087,0.091,0.089,0.087,0.09,0.091,0.087,0.087,0.089,0.09,0.294,0.836,0.232,0.496,0.448,0.344,0.546,0.485,0.26,0.444,0.089,0.088,0.388,0.082,0.286,0.331,0.348,0.269,0.31,0.362,0.367,0.463,0.091,0.089,0.34,0.493,0.531,0.311,0.491,0.482,0.655,0.291,0.263,0.4,0.091,0.089,1.294,1.322,1.192,1.341,1.343,1.398,1.085,1.407,1.41,1.401,0.088,0.088,1.379,0.087,1.263,1.255,1.232,1.16,1.278,1.377,1.423,1.352,0.104,0.089,1.24,1.363,1.217,1.183,1.36,1.351,1.431,1.372,1.217,1.401,0.089,0.086,0.087,0.087,0.776,0.087,0.086,0.086,0.089,0.086,0.086,0.087,0.088
,12:04:16,40,0.089,0.088,0.086,0.087,0.09,0.089,0.087,0.09,0.09,0.087,0.087,0.089,0.09,0.294,0.838,0.233,0.495,0.448,0.344,0.547,0.484,0.261,0.446,0.088,0.088,0.39,0.082,0.286,0.334,0.347,0.269,0.311,0.364,0.369,0.463,0.091,0.089,0.34,0.492,0.532,0.311,0.49,0.485,0.657,0.291,0.264,0.403,0.091,0.089,1.296,1.321,1.193,1.344,1.345,1.398,1.091,1.409,1.411,1.402,0.088,0.088,1.381,0.087,1.263,1.259,1.233,1.159,1.279,1.378,1.423,1.353,0.103,0.088,1.24,1.364,1.218,1.184,1.361,1.353,1.431,1.373,1.217,1.402,0.089,0.086,0.087,0.087,0.778,0.087,0.086,0.086,0.089,0.086,0.086,0.087,0.088
,12:09:16,40,0.089,0.088,0.086,0.087,0.091,0.089,0.087,0.09,0.09,0.087,0.087,0.089,0.09,0.295,0.841,0.235,0.495,0.447,0.347,0.549,0.484,0.262,0.446,0.088,0.088,0.391,0.082,0.287,0.337,0.346,0.27,0.311,0.364,0.37,0.463,0.09,0.089,0.34,0.493,0.532,0.312,0.49,0.481,0.659,0.292,0.264,0.405,0.091,0.089,1.296,1.321,1.195,1.347,1.347,1.4,1.1,1.41,1.412,1.403,0.088,0.088,1.382,0.087,1.263,1.265,1.236,1.159,1.28,1.378,1.423,1.354,0.104,0.088,1.241,1.364,1.219,1.189,1.362,1.354,1.432,1.376,1.217,1.403,0.089,0.086,0.087,0.087,0.783,0.086,0.086,0.086,0.089,0.087,0.086,0.087,0.088
,12:14:16,40,0.089,0.088,0.086,0.087,0.091,0.089,0.087,0.09,0.09,0.087,0.087,0.089,0.09,0.295,0.844,0.236,0.494,0.447,0.348,0.55,0.483,0.262,0.447,0.088,0.088,0.392,0.082,0.287,0.341,0.345,0.271,0.312,0.365,0.371,0.464,0.09,0.089,0.34,0.493,0.533,0.313,0.49,0.48,0.661,0.292,0.264,0.407,0.091,0.089,1.297,1.32,1.195,1.349,1.349,1.4,1.113,1.411,1.412,1.405,0.088,0.088,1.383,0.087,1.263,1.269,1.245,1.157,1.28,1.378,1.424,1.355,0.104,0.088,1.24,1.365,1.219,1.192,1.363,1.355,1.432,1.377,1.218,1.404,0.089,0.086,0.087,0.087,0.788,0.086,0.086,0.086,0.089,0.086,0.086,0.087,0.088
,12:19:16,40,0.089,0.087,0.086,0.086,0.09,0.089,0.087,0.09,0.09,0.087,0.087,0.088,0.089,0.296,0.847,0.238,0.494,0.447,0.35,0.551,0.483,0.263,0.448,0.088,0.088,0.393,0.082,0.287,0.345,0.343,0.271,0.312,0.366,0.373,0.463,0.09,0.089,0.34,0.491,0.534,0.313,0.49,0.48,0.664,0.292,0.264,0.409,0.091,0.089,1.299,1.319,1.194,1.351,1.35,1.401,1.125,1.411,1.413,1.405,0.088,0.088,1.383,0.087,1.262,1.274,1.248,1.157,1.281,1.378,1.425,1.356,0.103,0.088,1.24,1.365,1.219,1.194,1.365,1.356,1.432,1.379,1.219,1.404,0.089,0.086,0.087,0.087,0.792,0.086,0.086,0.086,0.088,0.086,0.086,0.087,0.088
,12:24:16,40,0.089,0.088,0.086,0.087,0.091,0.089,0.087,0.09,0.091,0.087,0.087,0.089,0.09,0.296,0.851,0.24,0.493,0.447,0.352,0.552,0.483,0.263,0.449,0.089,0.089,0.394,0.082,0.288,0.348,0.342,0.271,0.313,0.367,0.375,0.464,0.091,0.089,0.34,0.491,0.535,0.315,0.488,0.48,0.667,0.292,0.265,0.411,0.091,0.089,1.301,1.32,1.196,1.355,1.352,1.402,1.135,1.412,1.414,1.406,0.088,0.088,1.384,0.087,1.262,1.28,1.25,1.157,1.282,1.379,1.425,1.358,0.104,0.088,1.241,1.365,1.22,1.195,1.367,1.358,1.433,1.381,1.219,1.405,0.089,0.086,0.087,0.087,0.797,0.087,0.086,0.087,0.089,0.087,0.086,0.087,0.088
,12:29:16,40,0.089,0.088,0.086,0.087,0.091,0.089,0.087,0.09,0.09,0.087,0.087,0.089,0.09,0.297,0.853,0.242,0.493,0.447,0.353,0.554,0.483,0.264,0.451,0.088,0.088,0.395,0.082,0.288,0.351,0.341,0.271,0.314,0.368,0.376,0.463,0.09,0.089,0.34,0.492,0.535,0.316,0.488,0.479,0.669,0.292,0.265,0.412,0.091,0.089,1.301,1.319,1.198,1.357,1.352,1.404,1.143,1.411,1.414,1.407,0.088,0.088,1.385,0.087,1.263,1.285,1.249,1.157,1.284,1.379,1.427,1.36,0.104,0.088,1.241,1.366,1.222,1.196,1.369,1.359,1.435,1.383,1.22,1.406,0.089,0.086,0.087,0.087,0.801,0.087,0.086,0.086,0.089,0.086,0.086,0.087,0.088
,12:34:16,40,0.089,0.087,0.086,0.086,0.09,0.089,0.087,0.09,0.09,0.087,0.087,0.088,0.089,0.297,0.855,0.244,0.493,0.447,0.354,0.555,0.482,0.265,0.451,0.088,0.088,0.396,0.082,0.288,0.355,0.339,0.271,0.314,0.369,0.377,0.464,0.09,0.089,0.34,0.492,0.536,0.314,0.487,0.478,0.671,0.292,0.265,0.414,0.091,0.089,1.302,1.318,1.196,1.358,1.353,1.406,1.149,1.409,1.414,1.407,0.088,0.088,1.385,0.087,1.263,1.288,1.25,1.156,1.285,1.379,1.428,1.361,0.103,0.088,1.242,1.366,1.222,1.196,1.371,1.359,1.436,1.383,1.22,1.407,0.089,0.086,0.087,0.087,0.806,0.086,0.086,0.086,0.089,0.086,0.086,0.087,0.087
,12:39:16,40,0.089,0.087,0.086,0.086,0.09,0.089,0.087,0.09,0.09,0.087,0.087,0.088,0.089,0.297,0.857,0.245,0.492,0.446,0.356,0.557,0.482,0.265,0.453,0.088,0.088,0.397,0.082,0.288,0.359,0.339,0.271,0.314,0.37,0.379,0.464,0.09,0.089,0.34,0.493,0.537,0.312,0.487,0.477,0.673,0.292,0.265,0.415,0.091,0.089,1.303,1.317,1.197,1.36,1.353,1.407,1.159,1.408,1.415,1.409,0.088,0.088,1.385,0.087,1.262,1.293,1.249,1.155,1.285,1.379,1.429,1.362,0.104,0.088,1.241,1.367,1.223,1.194,1.371,1.36,1.436,1.384,1.22,1.407,0.089,0.086,0.087,0.087,0.811,0.086,0.086,0.086,0.089,0.086,0.086,0.087,0.088
,12:44:16,40,0.089,0.088,0.086,0.087,0.091,0.089,0.087,0.09,0.091,0.087,0.087,0.089,0.09,0.298,0.861,0.248,0.492,0.446,0.357,0.558,0.482,0.266,0.454,0.088,0.088,0.399,0.082,0.289,0.363,0.338,0.271,0.315,0.372,0.38,0.465,0.091,0.089,0.34,0.493,0.537,0.31,0.487,0.477,0.676,0.293,0.266,0.417,0.091,0.089,1.304,1.317,1.196,1.362,1.352,1.409,1.168,1.408,1.417,1.409,0.088,0.088,1.386,0.087,1.262,1.297,1.249,1.155,1.287,1.379,1.431,1.362,0.104,0.088,1.241,1.367,1.223,1.193,1.373,1.361,1.437,1.384,1.221,1.409,0.089,0.086,0.087,0.087,0.815,0.087,0.086,0.087,0.089,0.086,0.086,0.087,0.088
,12:49:16,40,0.089,0.087,0.086,0.087,0.09,0.089,0.087,0.09,0.09,0.087,0.087,0.089,0.089,0.298,0.865,0.249,0.492,0.446,0.358,0.558,0.482,0.266,0.457,0.088,0.088,0.4,0.082,0.289,0.366,0.336,0.271,0.315,0.372,0.381,0.464,0.09,0.089,0.34,0.493,0.537,0.308,0.487,0.477,0.679,0.293,0.266,0.419,0.091,0.089,1.304,1.317,1.197,1.364,1.351,1.409,1.177,1.406,1.42,1.409,0.088,0.089,1.386,0.087,1.263,1.3,1.249,1.155,1.288,1.379,1.432,1.362,0.104,0.088,1.241,1.368,1.224,1.192,1.373,1.362,1.438,1.383,1.221,1.41,0.089,0.086,0.087,0.087,0.817,0.087,0.086,0.086,0.089,0.086,0.086,0.087,0.088
,12:54:16,40.1,0.09,0.088,0.086,0.087,0.091,0.089,0.087,0.09,0.091,0.087,0.087,0.089,0.09,0.299,0.867,0.251,0.493,0.446,0.36,0.561,0.482,0.267,0.458,0.088,0.089,0.401,0.082,0.29,0.37,0.335,0.271,0.316,0.373,0.383,0.465,0.091,0.089,0.34,0.493,0.539,0.306,0.487,0.477,0.681,0.293,0.265,0.421,0.091,0.089,1.304,1.317,1.196,1.366,1.352,1.41,1.186,1.406,1.423,1.41,0.088,0.089,1.387,0.087,1.263,1.303,1.252,1.155,1.289,1.379,1.432,1.361,0.104,0.089,1.242,1.37,1.223,1.189,1.374,1.363,1.44,1.383,1.222,1.411,0.09,0.086,0.087,0.087,0.823,0.087,0.086,0.087,0.089,0.087,0.086,0.087,0.088
,12:59:16,40,0.089,0.088,0.086,0.087,0.09,0.089,0.087,0.09,0.09,0.087,0.087,0.089,0.089,0.298,0.868,0.253,0.492,0.446,0.361,0.562,0.482,0.267,0.457,0.088,0.088,0.401,0.082,0.29,0.374,0.335,0.272,0.316,0.374,0.385,0.465,0.09,0.089,0.34,0.492,0.539,0.305,0.486,0.476,0.683,0.293,0.265,0.422,0.091,0.089,1.304,1.318,1.196,1.368,1.35,1.41,1.195,1.405,1.423,1.411,0.088,0.088,1.386,0.087,1.262,1.305,1.256,1.156,1.288,1.38,1.431,1.361,0.104,0.088,1.241,1.37,1.223,1.188,1.374,1.363,1.44,1.382,1.221,1.411,0.089,0.086,0.087,0.087,0.831,0.087,0.086,0.087,0.089,0.086,0.086,0.087,0.088
,13:04:16,40,0.089,0.088,0.086,0.087,0.091,0.089,0.087,0.09,0.09,0.087,0.087,0.089,0.09,0.3,0.871,0.255,0.492,0.446,0.363,0.563,0.482,0.268,0.456,0.088,0.088,0.403,0.082,0.29,0.378,0.333,0.271,0.317,0.375,0.386,0.465,0.09,0.089,0.34,0.492,0.54,0.304,0.487,0.475,0.686,0.294,0.266,0.425,0.091,0.089,1.305,1.318,1.197,1.37,1.35,1.409,1.202,1.404,1.423,1.411,0.088,0.088,1.386,0.087,1.263,1.308,1.266,1.157,1.29,1.38,1.43,1.36,0.104,0.088,1.242,1.371,1.224,1.187,1.374,1.363,1.442,1.381,1.221,1.412,0.089,0.086,0.087,0.087,0.838,0.087,0.086,0.086,0.089,0.086,0.086,0.087,0.088
,13:09:16,40,0.089,0.087,0.086,0.087,0.091,0.089,0.087,0.09,0.09,0.087,0.087,0.089,0.089,0.3,0.873,0.257,0.492,0.445,0.363,0.565,0.481,0.268,0.455,0.088,0.088,0.403,0.082,0.29,0.382,0.333,0.271,0.317,0.375,0.387,0.465,0.09,0.089,0.34,0.492,0.539,0.302,0.487,0.474,0.688,0.294,0.266,0.426,0.091,0.089,1.305,1.318,1.205,1.372,1.349,1.408,1.21,1.402,1.423,1.411,0.088,0.088,1.386,0.087,1.262,1.31,1.273,1.156,1.29,1.38,1.429,1.36,0.103,0.088,1.24,1.37,1.224,1.188,1.373,1.364,1.443,1.38,1.22,1.411,0.089,0.086,0.087,0.087,0.844,0.087,0.086,0.086,0.089,0.086,0.086,0.087,0.088
,13:14:16,40,0.089,0.088,0.086,0.087,0.091,0.089,0.087,0.09,0.09,0.087,0.087,0.089,0.09,0.3,0.875,0.259,0.491,0.445,0.366,0.566,0.48,0.268,0.455,0.089,0.088,0.404,0.082,0.29,0.386,0.332,0.271,0.318,0.376,0.388,0.466,0.09,0.089,0.34,0.492,0.541,0.301,0.487,0.475,0.691,0.294,0.266,0.428,0.091,0.089,1.306,1.319,1.206,1.374,1.349,1.407,1.216,1.402,1.421,1.411,0.088,0.088,1.386,0.087,1.264,1.312,1.273,1.158,1.29,1.381,1.428,1.359,0.104,0.088,1.242,1.373,1.224,1.19,1.374,1.364,1.443,1.38,1.22,1.411,0.089,0.086,0.087,0.087,0.85,0.087,0.086,0.086,0.089,0.086,0.086,0.087,0.088
,13:19:16,40,0.089,0.088,0.086,0.087,0.091,0.089,0.087,0.09,0.09,0.087,0.087,0.089,0.09,0.301,0.88,0.262,0.492,0.445,0.366,0.567,0.48,0.269,0.455,0.089,0.088,0.406,0.082,0.291,0.389,0.332,0.271,0.318,0.377,0.39,0.466,0.09,0.089,0.34,0.492,0.541,0.3,0.488,0.475,0.694,0.295,0.267,0.429,0.091,0.089,1.307,1.319,1.208,1.375,1.348,1.406,1.224,1.401,1.42,1.412,0.088,0.089,1.386,0.087,1.265,1.314,1.27,1.157,1.29,1.381,1.428,1.359,0.104,0.088,1.242,1.373,1.226,1.192,1.373,1.364,1.443,1.38,1.219,1.41,0.089,0.086,0.087,0.087,0.857,0.087,0.086,0.087,0.089,0.087,0.086,0.087,0.088
,13:24:16,40,0.089,0.088,0.086,0.087,0.091,0.089,0.087,0.09,0.091,0.087,0.087,0.089,0.09,0.301,0.883,0.264,0.491,0.445,0.368,0.569,0.48,0.269,0.454,0.088,0.088,0.406,0.082,0.291,0.393,0.33,0.271,0.318,0.378,0.391,0.466,0.09,0.089,0.34,0.492,0.542,0.299,0.487,0.475,0.696,0.294,0.266,0.43,0.091,0.089,1.306,1.319,1.207,1.376,1.347,1.405,1.23,1.4,1.419,1.412,0.088,0.089,1.386,0.087,1.265,1.316,1.268,1.158,1.29,1.382,1.426,1.358,0.104,0.088,1.242,1.375,1.226,1.192,1.371,1.364,1.442,1.379,1.218,1.41,0.089,0.086,0.087,0.087,0.859,0.087,0.086,0.087,0.089,0.086,0.086,0.087,0.088
,13:29:16,40.1,0.089,0.088,0.086,0.087,0.091,0.089,0.087,0.09,0.09,0.087,0.087,0.089,0.09,0.302,0.885,0.267,0.491,0.446,0.368,0.57,0.48,0.269,0.453,0.089,0.089,0.407,0.082,0.291,0.397,0.331,0.271,0.319,0.378,0.392,0.466,0.09,0.089,0.34,0.493,0.543,0.297,0.488,0.474,0.699,0.294,0.267,0.432,0.091,0.089,1.307,1.319,1.209,1.377,1.347,1.403,1.234,1.399,1.418,1.413,0.088,0.088,1.385,0.087,1.265,1.317,1.266,1.158,1.29,1.382,1.426,1.358,0.104,0.088,1.241,1.376,1.226,1.189,1.371,1.363,1.44,1.378,1.217,1.409,0.089,0.086,0.087,0.087,0.861,0.087,0.086,0.087,0.089,0.086,0.086,0.087,0.088
,13:34:16,40,0.089,0.087,0.086,0.087,0.09,0.089,0.087,0.09,0.09,0.087,0.087,0.089,0.09,0.302,0.887,0.269,0.492,0.445,0.369,0.572,0.48,0.27,0.453,0.088,0.088,0.407,0.082,0.292,0.401,0.329,0.271,0.319,0.379,0.394,0.466,0.09,0.089,0.34,0.493,0.543,0.296,0.488,0.474,0.702,0.294,0.267,0.433,0.091,0.089,1.307,1.317,1.208,1.379,1.346,1.402,1.239,1.398,1.417,1.413,0.088,0.088,1.384,0.087,1.266,1.319,1.262,1.158,1.29,1.383,1.425,1.357,0.104,0.088,1.241,1.377,1.225,1.188,1.37,1.363,1.44,1.378,1.216,1.407,0.089,0.086,0.087,0.087,0.86,0.087,0.086,0.087,0.089,0.086,0.086,0.087,0.088
,13:39:16,40,0.089,0.088,0.086,0.087,0.091,0.089,0.087,0.09,0.091,0.087,0.087,0.089,0.09,0.302,0.89,0.271,0.492,0.445,0.371,0.573,0.479,0.269,0.452,0.089,0.088,0.408,0.082,0.292,0.405,0.329,0.271,0.319,0.379,0.395,0.466,0.09,0.089,0.34,0.494,0.543,0.296,0.488,0.474,0.704,0.295,0.267,0.435,0.091,0.089,1.307,1.315,1.209,1.381,1.346,1.402,1.244,1.397,1.415,1.414,0.088,0.089,1.384,0.087,1.265,1.321,1.261,1.157,1.289,1.385,1.424,1.357,0.104,0.088,1.242,1.378,1.225,1.187,1.37,1.364,1.438,1.378,1.214,1.406,0.089,0.086,0.087,0.087,0.865,0.087,0.086,0.087,0.089,0.086,0.086,0.087,0.088
,13:44:16,40,0.089,0.087,0.086,0.087,0.09,0.089,0.087,0.09,0.09,0.087,0.087,0.088,0.09,0.303,0.892,0.274,0.493,0.445,0.372,0.575,0.479,0.27,0.452,0.089,0.088,0.408,0.082,0.292,0.408,0.327,0.271,0.32,0.38,0.396,0.466,0.09,0.089,0.34,0.493,0.544,0.295,0.489,0.474,0.707,0.295,0.267,0.436,0.091,0.089,1.308,1.314,1.209,1.382,1.345,1.401,1.249,1.397,1.414,1.414,0.088,0.089,1.383,0.087,1.266,1.323,1.259,1.157,1.289,1.386,1.423,1.357,0.104,0.088,1.242,1.379,1.226,1.184,1.369,1.364,1.438,1.378,1.213,1.405,0.089,0.086,0.087,0.087,0.872,0.086,0.086,0.086,0.089,0.086,0.086,0.087,0.088
,13:49:16,40,0.089,0.087,0.086,0.086,0.09,0.089,0.087,0.09,0.09,0.087,0.087,0.088,0.089,0.303,0.895,0.276,0.493,0.445,0.373,0.576,0.479,0.27,0.452,0.088,0.088,0.409,0.082,0.292,0.412,0.328,0.271,0.32,0.381,0.399,0.467,0.09,0.089,0.339,0.493,0.545,0.295,0.488,0.475,0.709,0.295,0.267,0.438,0.091,0.088,1.308,1.313,1.209,1.384,1.344,1.4,1.253,1.395,1.413,1.415,0.088,0.088,1.382,0.087,1.266,1.324,1.257,1.156,1.289,1.385,1.422,1.356,0.103,0.088,1.241,1.379,1.226,1.182,1.368,1.364,1.436,1.377,1.212,1.403,0.089,0.086,0.087,0.087,0.877,0.086,0.086,0.087,0.089,0.086,0.086,0.087,0.088
,13:54:16,40,0.089,0.087,0.086,0.087,0.091,0.089,0.087,0.09,0.09,0.087,0.087,0.089,0.09,0.303,0.897,0.279,0.493,0.446,0.373,0.577,0.479,0.271,0.451,0.088,0.088,0.409,0.081,0.292,0.416,0.327,0.271,0.32,0.382,0.399,0.467,0.09,0.089,0.34,0.494,0.545,0.294,0.489,0.475,0.712,0.295,0.267,0.44,0.091,0.089,1.31,1.311,1.208,1.385,1.343,1.399,1.258,1.394,1.412,1.415,0.088,0.088,1.382,0.087,1.266,1.326,1.254,1.155,1.288,1.386,1.421,1.355,0.104,0.088,1.241,1.379,1.225,1.18,1.368,1.364,1.436,1.377,1.211,1.402,0.089,0.086,0.087,0.087,0.876,0.086,0.086,0.086,0.089,0.086,0.086,0.087,0.088
,13:59:16,40.1,0.089,0.087,0.086,0.087,0.091,0.089,0.087,0.09,0.091,0.087,0.087,0.089,0.09,0.303,0.9,0.282,0.494,0.445,0.374,0.579,0.479,0.271,0.451,0.088,0.088,0.411,0.082,0.293,0.42,0.326,0.271,0.321,0.383,0.399,0.467,0.091,0.089,0.34,0.495,0.546,0.293,0.49,0.476,0.714,0.296,0.267,0.441,0.091,0.089,1.31,1.309,1.208,1.386,1.343,1.397,1.263,1.394,1.41,1.415,0.088,0.089,1.382,0.087,1.267,1.328,1.253,1.155,1.287,1.386,1.421,1.355,0.104,0.088,1.241,1.379,1.226,1.178,1.367,1.364,1.435,1.378,1.21,1.4,0.089,0.086,0.087,0.087,0.877,0.087,0.086,0.087,0.089,0.087,0.086,0.087,0.088
,14:04:16,40.1,0.089,0.087,0.086,0.086,0.091,0.089,0.087,0.09,0.09,0.087,0.087,0.089,0.09,0.303,0.903,0.286,0.494,0.446,0.376,0.581,0.479,0.271,0.451,0.088,0.088,0.411,0.082,0.293,0.424,0.325,0.271,0.321,0.383,0.399,0.467,0.09,0.089,0.34,0.495,0.547,0.293,0.49,0.476,0.718,0.296,0.267,0.442,0.091,0.089,1.311,1.307,1.207,1.387,1.343,1.397,1.269,1.393,1.409,1.415,0.088,0.088,1.382,0.087,1.268,1.33,1.249,1.154,1.288,1.386,1.42,1.355,0.104,0.088,1.241,1.379,1.226,1.175,1.367,1.364,1.434,1.377,1.208,1.398,0.089,0.086,0.087,0.087,0.882,0.087,0.086,0.087,0.089,0.087,0.086,0.087,0.088
,14:09:16,40,0.089,0.087,0.086,0.087,0.091,0.089,0.087,0.09,0.09,0.087,0.087,0.088,0.09,0.304,0.904,0.288,0.495,0.445,0.376,0.581,0.478,0.271,0.451,0.088,0.088,0.411,0.082,0.293,0.427,0.324,0.271,0.321,0.383,0.4,0.467,0.09,0.089,0.34,0.495,0.547,0.292,0.491,0.476,0.72,0.296,0.267,0.445,0.091,0.089,1.31,1.305,1.205,1.387,1.342,1.395,1.273,1.391,1.409,1.416,0.088,0.088,1.381,0.087,1.269,1.33,1.245,1.152,1.286,1.385,1.418,1.355,0.103,0.088,1.241,1.378,1.225,1.174,1.365,1.364,1.433,1.377,1.207,1.397,0.089,0.086,0.087,0.087,0.884,0.086,0.086,0.086,0.089,0.086,0.086,0.087,0.088
,14:14:16,40,0.089,0.088,0.086,0.087,0.091,0.089,0.087,0.09,0.091,0.087,0.087,0.088,0.09,0.305,0.908,0.292,0.495,0.446,0.377,0.584,0.479,0.271,0.452,0.089,0.089,0.412,0.082,0.294,0.431,0.324,0.272,0.322,0.385,0.4,0.468,0.09,0.089,0.34,0.496,0.548,0.292,0.491,0.477,0.723,0.296,0.267,0.443,0.091,0.089,1.312,1.304,1.204,1.389,1.343,1.395,1.277,1.391,1.408,1.417,0.088,0.088,1.38,0.087,1.271,1.332,1.245,1.151,1.286,1.385,1.417,1.355,0.104,0.089,1.241,1.378,1.227,1.171,1.366,1.365,1.432,1.377,1.206,1.396,0.089,0.086,0.087,0.087,0.889,0.087,0.086,0.087,0.089,0.087,0.086,0.087,0.088
,14:19:16,40,0.089,0.088,0.086,0.087,0.091,0.089,0.087,0.09,0.09,0.087,0.087,0.088,0.09,0.305,0.91,0.296,0.496,0.445,0.378,0.585,0.479,0.271,0.451,0.088,0.088,0.413,0.082,0.294,0.434,0.324,0.272,0.322,0.384,0.4,0.468,0.09,0.089,0.34,0.496,0.548,0.291,0.492,0.477,0.725,0.296,0.267,0.443,0.091,0.089,1.312,1.301,1.202,1.389,1.342,1.394,1.279,1.39,1.407,1.418,0.088,0.088,1.379,0.087,1.271,1.333,1.238,1.149,1.286,1.384,1.415,1.354,0.104,0.088,1.241,1.376,1.226,1.17,1.365,1.364,1.432,1.377,1.205,1.394,0.089,0.086,0.087,0.087,0.892,0.087,0.086,0.087,0.089,0.086,0.086,0.087,0.088
,14:24:16,40,0.089,0.088,0.086,0.087,0.091,0.089,0.087,0.09,0.09,0.087,0.087,0.089,0.09,0.304,0.912,0.3,0.497,0.446,0.379,0.586,0.479,0.271,0.452,0.088,0.088,0.412,0.082,0.294,0.438,0.322,0.272,0.322,0.385,0.4,0.468,0.09,0.089,0.34,0.497,0.549,0.291,0.493,0.479,0.728,0.296,0.267,0.442,0.091,0.089,1.311,1.3,1.205,1.391,1.341,1.393,1.282,1.389,1.406,1.419,0.088,0.088,1.379,0.087,1.272,1.335,1.239,1.148,1.285,1.384,1.413,1.353,0.104,0.089,1.241,1.376,1.226,1.167,1.364,1.365,1.431,1.377,1.203,1.392,0.089,0.086,0.087,0.087,0.894,0.087,0.086,0.087,0.089,0.087,0.086,0.087,0.088
,14:29:16,40,0.089,0.087,0.086,0.087,0.09,0.089,0.087,0.09,0.09,0.087,0.087,0.088,0.09,0.305,0.915,0.305,0.498,0.446,0.379,0.588,0.479,0.272,0.452,0.088,0.088,0.409,0.082,0.294,0.441,0.322,0.273,0.322,0.386,0.4,0.469,0.09,0.089,0.34,0.497,0.549,0.29,0.493,0.479,0.73,0.296,0.269,0.441,0.091,0.089,1.312,1.298,1.202,1.393,1.341,1.392,1.284,1.388,1.405,1.419,0.088,0.088,1.378,0.087,1.273,1.336,1.238,1.146,1.284,1.383,1.411,1.353,0.104,0.088,1.241,1.375,1.226,1.167,1.364,1.364,1.43,1.377,1.202,1.39,0.089,0.086,0.087,0.087,0.894,0.086,0.086,0.086,0.089,0.087,0.086,0.087,0.088
,14:34:16,40,0.089,0.088,0.086,0.087,0.091,0.089,0.087,0.09,0.09,0.087,0.087,0.089,0.09,0.306,0.917,0.31,0.499,0.447,0.381,0.59,0.479,0.272,0.452,0.089,0.089,0.409,0.082,0.295,0.446,0.321,0.274,0.323,0.386,0.4,0.468,0.09,0.089,0.34,0.498,0.55,0.289,0.494,0.479,0.733,0.297,0.268,0.44,0.091,0.089,1.313,1.296,1.2,1.394,1.341,1.391,1.287,1.387,1.404,1.421,0.088,0.089,1.378,0.087,1.274,1.337,1.233,1.144,1.284,1.382,1.409,1.353,0.104,0.088,1.241,1.374,1.226,1.163,1.363,1.364,1.429,1.377,1.2,1.389,0.089,0.086,0.087,0.087,0.895,0.087,0.086,0.087,0.089,0.086,0.086,0.087,0.088
,14:39:16,40,0.089,0.088,0.086,0.087,0.091,0.089,0.087,0.09,0.09,0.087,0.087,0.089,0.09,0.306,0.918,0.314,0.5,0.447,0.382,0.591,0.479,0.272,0.452,0.088,0.088,0.407,0.082,0.294,0.448,0.321,0.273,0.322,0.386,0.4,0.469,0.09,0.089,0.34,0.499,0.551,0.289,0.495,0.48,0.735,0.296,0.267,0.439,0.091,0.089,1.313,1.294,1.198,1.396,1.34,1.39,1.288,1.386,1.402,1.421,0.088,0.088,1.377,0.087,1.273,1.338,1.229,1.143,1.282,1.381,1.407,1.352,0.104,0.089,1.241,1.373,1.225,1.16,1.362,1.363,1.427,1.376,1.199,1.387,0.089,0.086,0.087,0.087,0.896,0.086,0.086,0.087,0.089,0.087,0.086,0.087,0.088
,14:44:16,40,0.089,0.088,0.086,0.087,0.091,0.089,0.087,0.09,0.09,0.087,0.087,0.088,0.09,0.306,0.922,0.318,0.5,0.447,0.382,0.593,0.479,0.271,0.453,0.088,0.088,0.407,0.082,0.294,0.448,0.321,0.274,0.322,0.387,0.399,0.47,0.091,0.089,0.339,0.499,0.551,0.289,0.495,0.48,0.738,0.297,0.267,0.438,0.091,0.089,1.314,1.292,1.196,1.397,1.34,1.389,1.29,1.384,1.401,1.421,0.088,0.089,1.377,0.087,1.274,1.34,1.228,1.141,1.282,1.381,1.404,1.351,0.104,0.088,1.242,1.372,1.227,1.159,1.362,1.363,1.427,1.376,1.198,1.385,0.089,0.086,0.087,0.087,0.898,0.087,0.086,0.087,0.089,0.087,0.086,0.087,0.088
,14:49:16,40,0.089,0.087,0.086,0.087,0.091,0.089,0.087,0.09,0.09,0.087,0.087,0.088,0.09,0.306,0.923,0.322,0.501,0.448,0.383,0.594,0.479,0.273,0.453,0.088,0.088,0.406,0.082,0.294,0.447,0.321,0.274,0.323,0.387,0.399,0.47,0.09,0.089,0.34,0.5,0.551,0.289,0.496,0.481,0.74,0.297,0.267,0.437,0.091,0.089,1.315,1.29,1.194,1.399,1.34,1.387,1.293,1.383,1.401,1.422,0.088,0.088,1.377,0.087,1.274,1.34,1.226,1.14,1.282,1.381,1.402,1.351,0.104,0.088,1.243,1.372,1.226,1.156,1.362,1.363,1.425,1.375,1.197,1.384,0.089,0.086,0.087,0.087,0.903,0.087,0.086,0.086,0.089,0.086,0.086,0.087,0.088
,14:54:16,40.1,0.089,0.087,0.086,0.087,0.091,0.089,0.087,0.09,0.09,0.087,0.087,0.088,0.09,0.306,0.925,0.327,0.501,0.448,0.384,0.595,0.479,0.272,0.452,0.088,0.088,0.406,0.082,0.294,0.447,0.32,0.274,0.323,0.387,0.399,0.47,0.09,0.089,0.339,0.501,0.552,0.288,0.496,0.482,0.743,0.297,0.267,0.437,0.091,0.089,1.314,1.288,1.191,1.401,1.339,1.387,1.294,1.382,1.399,1.421,0.088,0.089,1.376,0.087,1.273,1.342,1.222,1.137,1.28,1.38,1.398,1.35,0.104,0.088,1.243,1.37,1.226,1.152,1.362,1.362,1.424,1.374,1.196,1.383,0.089,0.086,0.087,0.087,0.905,0.087,0.086,0.087,0.089,0.086,0.086,0.087,0.088
,14:59:16,40,0.089,0.088,0.086,0.087,0.091,0.089,0.087,0.09,0.09,0.087,0.087,0.089,0.09,0.307,0.928,0.333,0.502,0.448,0.385,0.597,0.479,0.274,0.454,0.088,0.089,0.406,0.082,0.295,0.446,0.32,0.273,0.323,0.388,0.4,0.471,0.09,0.089,0.34,0.501,0.553,0.287,0.497,0.483,0.745,0.297,0.267,0.436,0.091,0.089,1.315,1.286,1.19,1.402,1.34,1.386,1.296,1.381,1.398,1.421,0.088,0.089,1.376,0.087,1.274,1.343,1.219,1.136,1.28,1.38,1.396,1.349,0.104,0.088,1.244,1.37,1.225,1.149,1.361,1.362,1.424,1.374,1.195,1.382,0.089,0.086,0.087,0.087,0.909,0.087,0.086,0.087,0.089,0.087,0.086,0.087,0.088
,15:04:16,40,0.089,0.087,0.086,0.086,0.091,0.089,0.087,0.09,0.09,0.087,0.087,0.088,0.09,0.308,0.93,0.337,0.504,0.449,0.386,0.599,0.48,0.274,0.454,0.088,0.088,0.405,0.082,0.295,0.445,0.319,0.273,0.324,0.388,0.399,0.471,0.09,0.089,0.339,0.502,0.553,0.288,0.498,0.484,0.747,0.297,0.267,0.436,0.091,0.089,1.314,1.285,1.187,1.401,1.34,1.384,1.298,1.379,1.397,1.42,0.088,0.089,1.375,0.087,1.272,1.343,1.218,1.134,1.28,1.38,1.392,1.349,0.104,0.088,1.244,1.369,1.226,1.148,1.36,1.362,1.422,1.373,1.193,1.38,0.089,0.086,0.087,0.087,0.911,0.087,0.086,0.087,0.089,0.086,0.086,0.087,0.088
,15:09:16,40,0.089,0.088,0.086,0.087,0.091,0.089,0.087,0.09,0.09,0.087,0.087,0.088,0.09,0.308,0.933,0.341,0.505,0.449,0.386,0.6,0.479,0.274,0.455,0.089,0.088,0.404,0.082,0.295,0.444,0.319,0.273,0.324,0.388,0.399,0.471,0.091,0.089,0.34,0.503,0.554,0.287,0.499,0.484,0.75,0.297,0.267,0.435,0.091,0.089,1.317,1.283,1.185,1.4,1.34,1.384,1.3,1.378,1.397,1.419,0.088,0.089,1.374,0.087,1.272,1.344,1.213,1.132,1.279,1.379,1.389,1.347,0.104,0.088,1.243,1.368,1.225,1.145,1.359,1.362,1.421,1.373,1.192,1.378,0.089,0.086,0.087,0.087,0.913,0.087,0.086,0.086,0.089,0.087,0.086,0.087,0.088
,15:14:16,40,0.089,0.088,0.086,0.087,0.091,0.089,0.087,0.09,0.09,0.087,0.087,0.089,0.09,0.308,0.935,0.345,0.506,0.45,0.387,0.602,0.48,0.275,0.456,0.088,0.089,0.405,0.082,0.295,0.444,0.319,0.272,0.324,0.389,0.399,0.472,0.09,0.089,0.34,0.504,0.554,0.288,0.5,0.486,0.752,0.298,0.267,0.435,0.091,0.089,1.318,1.282,1.184,1.399,1.341,1.382,1.3,1.376,1.395,1.417,0.088,0.089,1.374,0.087,1.27,1.345,1.212,1.131,1.278,1.379,1.386,1.347,0.104,0.089,1.243,1.367,1.224,1.143,1.359,1.362,1.42,1.372,1.19,1.377,0.089,0.086,0.087,0.087,0.915,0.087,0.086,0.087,0.089,0.086,0.086,0.087,0.088
,15:19:16,40,0.089,0.088,0.086,0.087,0.091,0.089,0.087,0.09,0.09,0.087,0.087,0.088,0.09,0.308,0.937,0.35,0.506,0.45,0.388,0.603,0.48,0.275,0.455,0.089,0.088,0.403,0.082,0.296,0.443,0.32,0.272,0.324,0.39,0.399,0.472,0.09,0.089,0.34,0.505,0.555,0.287,0.501,0.486,0.755,0.298,0.267,0.435,0.091,0.089,1.32,1.28,1.184,1.398,1.341,1.381,1.303,1.375,1.395,1.416,0.088,0.088,1.375,0.087,1.271,1.347,1.209,1.129,1.278,1.379,1.383,1.345,0.104,0.088,1.244,1.366,1.224,1.144,1.359,1.361,1.418,1.371,1.19,1.376,0.089,0.086,0.087,0.087,0.916,0.087,0.086,0.087,0.089,0.086,0.086,0.087,0.088
,15:24:16,40,0.089,0.088,0.086,0.087,0.091,0.089,0.087,0.09,0.09,0.087,0.087,0.089,0.09,0.309,0.939,0.361,0.508,0.45,0.388,0.605,0.48,0.275,0.456,0.088,0.089,0.403,0.082,0.296,0.442,0.319,0.271,0.324,0.39,0.399,0.473,0.09,0.089,0.34,0.506,0.556,0.287,0.502,0.488,0.757,0.298,0.267,0.434,0.091,0.089,1.324,1.278,1.183,1.397,1.342,1.381,1.304,1.374,1.393,1.415,0.088,0.089,1.373,0.087,1.27,1.348,1.206,1.127,1.278,1.378,1.38,1.345,0.104,0.088,1.245,1.365,1.224,1.143,1.358,1.362,1.417,1.37,1.188,1.374,0.089,0.086,0.087,0.087,0.917,0.087,0.086,0.087,0.089,0.087,0.086,0.087,0.088
,15:29:16,40,0.089,0.087,0.086,0.087,0.091,0.089,0.087,0.09,0.09,0.087,0.087,0.089,0.09,0.309,0.941,0.377,0.509,0.451,0.389,0.607,0.48,0.275,0.456,0.088,0.088,0.403,0.082,0.296,0.442,0.318,0.27,0.324,0.389,0.399,0.473,0.09,0.089,0.34,0.506,0.557,0.286,0.503,0.489,0.759,0.298,0.267,0.434,0.091,0.089,1.324,1.276,1.179,1.395,1.342,1.38,1.305,1.373,1.393,1.413,0.088,0.089,1.373,0.087,1.269,1.348,1.202,1.125,1.277,1.377,1.376,1.344,0.104,0.088,1.245,1.365,1.224,1.139,1.357,1.363,1.416,1.369,1.187,1.373,0.089,0.086,0.087,0.087,0.918,0.087,0.086,0.087,0.089,0.086,0.087,0.087,0.088
,15:34:16,40,0.089,0.088,0.086,0.087,0.091,0.089,0.087,0.09,0.09,0.087,0.087,0.088,0.09,0.309,0.942,0.376,0.511,0.452,0.389,0.609,0.48,0.276,0.457,0.088,0.088,0.402,0.082,0.296,0.442,0.317,0.269,0.324,0.388,0.398,0.473,0.09,0.089,0.34,0.508,0.557,0.287,0.504,0.49,0.761,0.299,0.267,0.434,0.091,0.089,1.325,1.274,1.177,1.394,1.341,1.379,1.306,1.37,1.391,1.412,0.088,0.089,1.372,0.087,1.267,1.349,1.2,1.124,1.275,1.376,1.374,1.343,0.104,0.088,1.246,1.363,1.223,1.136,1.357,1.363,1.414,1.368,1.185,1.372,0.089,0.086,0.087,0.087,0.921,0.086,0.086,0.086,0.089,0.086,0.086,0.087,0.088
,15:39:16,40.1,0.089,0.088,0.086,0.087,0.091,0.089,0.087,0.09,0.091,0.087,0.087,0.088,0.09,0.309,0.946,0.377,0.511,0.452,0.391,0.61,0.481,0.276,0.458,0.089,0.089,0.402,0.082,0.296,0.443,0.317,0.269,0.324,0.388,0.399,0.474,0.09,0.089,0.34,0.509,0.558,0.286,0.505,0.491,0.763,0.299,0.268,0.434,0.091,0.089,1.325,1.273,1.175,1.393,1.342,1.377,1.308,1.369,1.39,1.41,0.088,0.088,1.372,0.087,1.267,1.35,1.197,1.123,1.276,1.374,1.37,1.343,0.104,0.088,1.246,1.363,1.223,1.134,1.356,1.363,1.413,1.367,1.185,1.37,0.089,0.086,0.087,0.087,0.923,0.087,0.086,0.087,0.089,0.087,0.086,0.087,0.088
,15:44:16,40,0.089,0.087,0.086,0.087,0.091,0.089,0.087,0.09,0.09,0.087,0.087,0.088,0.09,0.309,0.948,0.375,0.512,0.453,0.391,0.612,0.481,0.276,0.458,0.088,0.088,0.402,0.082,0.296,0.443,0.317,0.268,0.325,0.388,0.399,0.474,0.09,0.089,0.34,0.51,0.558,0.286,0.506,0.492,0.765,0.299,0.267,0.433,0.091,0.089,1.323,1.271,1.171,1.391,1.341,1.376,1.309,1.367,1.389,1.408,0.088,0.089,1.371,0.087,1.266,1.351,1.194,1.121,1.275,1.373,1.367,1.342,0.104,0.088,1.245,1.362,1.221,1.13,1.355,1.362,1.411,1.365,1.183,1.369,0.089,0.086,0.087,0.087,0.922,0.087,0.086,0.086,0.089,0.086,0.086,0.087,0.088
,15:49:16,40,0.089,0.088,0.086,0.087,0.091,0.089,0.087,0.09,0.091,0.087,0.087,0.089,0.09,0.31,0.95,0.375,0.513,0.454,0.392,0.613,0.482,0.277,0.459,0.089,0.089,0.401,0.082,0.297,0.444,0.317,0.268,0.325,0.388,0.399,0.474,0.091,0.089,0.34,0.511,0.558,0.286,0.506,0.493,0.768,0.299,0.267,0.434,0.091,0.089,1.321,1.27,1.17,1.391,1.341,1.375,1.31,1.366,1.388,1.407,0.088,0.089,1.371,0.088,1.265,1.352,1.192,1.119,1.274,1.372,1.364,1.342,0.104,0.089,1.245,1.362,1.222,1.131,1.354,1.362,1.411,1.364,1.182,1.368,0.089,0.087,0.087,0.087,0.922,0.087,0.086,0.087,0.089,0.087,0.086,0.087,0.088
,15:54:16,40,0.089,0.088,0.086,0.087,0.091,0.089,0.087,0.09,0.091,0.087,0.087,0.088,0.09,0.311,0.952,0.374,0.514,0.454,0.393,0.615,0.482,0.277,0.459,0.088,0.089,0.4,0.082,0.297,0.445,0.317,0.268,0.325,0.388,0.399,0.475,0.09,0.089,0.341,0.512,0.559,0.287,0.508,0.494,0.77,0.299,0.267,0.434,0.091,0.089,1.322,1.268,1.167,1.389,1.341,1.374,1.311,1.364,1.387,1.405,0.088,0.088,1.371,0.087,1.265,1.353,1.188,1.117,1.274,1.37,1.361,1.341,0.104,0.088,1.244,1.36,1.221,1.125,1.354,1.361,1.409,1.363,1.181,1.367,0.089,0.086,0.087,0.087,0.923,0.087,0.086,0.087,0.089,0.087,0.086,0.087,0.088
,15:59:16,40,0.089,0.087,0.086,0.087,0.091,0.089,0.087,0.09,0.09,0.087,0.087,0.088,0.09,0.311,0.954,0.375,0.515,0.455,0.394,0.616,0.482,0.278,0.46,0.088,0.089,0.4,0.082,0.297,0.446,0.316,0.267,0.325,0.387,0.4,0.475,0.09,0.089,0.341,0.513,0.559,0.287,0.509,0.495,0.772,0.299,0.267,0.434,0.091,0.089,1.32,1.267,1.166,1.387,1.34,1.373,1.312,1.362,1.386,1.404,0.088,0.089,1.371,0.087,1.264,1.354,1.185,1.115,1.274,1.368,1.359,1.34,0.103,0.088,1.243,1.359,1.22,1.126,1.353,1.36,1.407,1.362,1.18,1.366,0.089,0.086,0.087,0.087,0.926,0.087,0.086,0.086,0.089,0.087,0.086,0.087,0.088
,16:04:16,40,0.089,0.088,0.086,0.087,0.091,0.089,0.087,0.09,0.091,0.087,0.087,0.088,0.09,0.311,0.955,0.374,0.516,0.455,0.394,0.618,0.483,0.278,0.461,0.089,0.089,0.4,0.082,0.297,0.448,0.316,0.267,0.325,0.386,0.4,0.476,0.091,0.089,0.34,0.514,0.56,0.286,0.51,0.496,0.774,0.299,0.267,0.434,0.091,0.089,1.318,1.265,1.164,1.386,1.339,1.372,1.313,1.36,1.385,1.402,0.088,0.089,1.37,0.087,1.264,1.355,1.183,1.114,1.274,1.366,1.356,1.339,0.104,0.089,1.242,1.359,1.22,1.126,1.352,1.359,1.406,1.361,1.179,1.365,0.089,0.086,0.087,0.087,0.925,0.087,0.086,0.087,0.089,0.087,0.086,0.087,0.088
,16:09:16,39.9,0.089,0.088,0.086,0.087,0.091,0.089,0.087,0.09,0.09,0.087,0.087,0.089,0.09,0.311,0.957,0.375,0.518,0.456,0.394,0.619,0.483,0.278,0.461,0.089,0.089,0.4,0.082,0.297,0.45,0.316,0.266,0.325,0.386,0.4,0.477,0.09,0.089,0.34,0.515,0.561,0.286,0.511,0.498,0.776,0.3,0.267,0.434,0.091,0.089,1.318,1.263,1.161,1.385,1.339,1.372,1.314,1.358,1.384,1.401,0.088,0.089,1.371,0.087,1.263,1.356,1.181,1.112,1.274,1.365,1.353,1.338,0.104,0.089,1.241,1.358,1.219,1.122,1.352,1.358,1.404,1.36,1.178,1.364,0.089,0.087,0.087,0.087,0.924,0.087,0.086,0.087,0.089,0.087,0.087,0.087,0.088
,16:14:16,40,0.089,0.088,0.086,0.087,0.091,0.089,0.087,0.09,0.09,0.087,0.087,0.088,0.09,0.311,0.96,0.375,0.519,0.457,0.395,0.621,0.483,0.277,0.462,0.089,0.089,0.399,0.082,0.298,0.451,0.316,0.265,0.325,0.385,0.4,0.477,0.091,0.089,0.34,0.516,0.56,0.286,0.512,0.499,0.778,0.3,0.267,0.435,0.091,0.089,1.317,1.262,1.159,1.383,1.338,1.37,1.315,1.356,1.382,1.399,0.088,0.089,1.371,0.087,1.263,1.357,1.177,1.111,1.274,1.362,1.351,1.336,0.104,0.088,1.239,1.357,1.219,1.121,1.352,1.356,1.402,1.358,1.176,1.363,0.089,0.086,0.087,0.087,0.926,0.087,0.086,0.087,0.089,0.087,0.086,0.087,0.088
,16:19:16,40.1,0.089,0.087,0.086,0.087,0.09,0.089,0.087,0.09,0.09,0.087,0.087,0.088,0.09,0.312,0.96,0.376,0.519,0.457,0.396,0.622,0.484,0.278,0.463,0.088,0.088,0.399,0.082,0.297,0.453,0.315,0.264,0.325,0.385,0.4,0.477,0.09,0.089,0.339,0.517,0.561,0.286,0.513,0.5,0.78,0.3,0.267,0.435,0.091,0.089,1.315,1.26,1.157,1.381,1.337,1.369,1.315,1.353,1.381,1.397,0.088,0.088,1.37,0.087,1.261,1.358,1.173,1.109,1.273,1.361,1.349,1.335,0.103,0.088,1.238,1.356,1.218,1.117,1.351,1.355,1.4,1.357,1.175,1.362,0.089,0.086,0.087,0.087,0.927,0.087,0.086,0.086,0.089,0.086,0.086,0.087,0.088
,16:24:16,40,0.089,0.088,0.086,0.087,0.091,0.089,0.087,0.09,0.091,0.087,0.087,0.089,0.09,0.313,0.962,0.377,0.521,0.458,0.397,0.624,0.484,0.277,0.463,0.089,0.089,0.398,0.082,0.298,0.454,0.314,0.264,0.325,0.385,0.401,0.478,0.09,0.089,0.339,0.517,0.562,0.286,0.514,0.501,0.783,0.301,0.267,0.435,0.091,0.089,1.313,1.259,1.154,1.381,1.337,1.368,1.316,1.352,1.38,1.396,0.088,0.089,1.37,0.087,1.261,1.359,1.171,1.108,1.273,1.359,1.347,1.333,0.104,0.089,1.238,1.356,1.217,1.115,1.351,1.354,1.399,1.355,1.175,1.361,0.089,0.087,0.087,0.087,0.928,0.09,0.086,0.087,0.089,0.087,0.086,0.087,0.088
,16:29:16,40,0.089,0.087,0.086,0.087,0.091,0.089,0.087,0.09,0.09,0.087,0.087,0.088,0.09,0.312,0.964,0.381,0.521,0.458,0.396,0.626,0.484,0.278,0.464,0.089,0.088,0.398,0.082,0.297,0.456,0.314,0.263,0.325,0.384,0.401,0.478,0.09,0.089,0.339,0.518,0.562,0.285,0.514,0.502,0.784,0.3,0.266,0.435,0.091,0.089,1.312,1.258,1.152,1.379,1.336,1.367,1.316,1.349,1.379,1.394,0.088,0.088,1.37,0.087,1.26,1.36,1.17,1.106,1.272,1.356,1.345,1.332,0.103,0.088,1.236,1.355,1.216,1.114,1.349,1.352,1.397,1.353,1.173,1.361,0.089,0.086,0.087,0.087,0.928,0.086,0.086,0.086,0.089,0.086,0.086,0.087,0.087
,16:34:16,40,0.089,0.088,0.086,0.087,0.091,0.089,0.087,0.09,0.091,0.087,0.087,0.088,0.09,0.312,0.966,0.382,0.522,0.46,0.398,0.627,0.485,0.279,0.464,0.089,0.089,0.398,0.082,0.298,0.458,0.314,0.263,0.326,0.384,0.401,0.479,0.09,0.089,0.339,0.519,0.563,0.285,0.516,0.503,0.786,0.3,0.267,0.436,0.091,0.089,1.312,1.256,1.15,1.378,1.336,1.366,1.317,1.348,1.378,1.393,0.088,0.089,1.369,0.087,1.26,1.361,1.17,1.105,1.274,1.354,1.343,1.331,0.104,0.088,1.236,1.355,1.216,1.11,1.35,1.351,1.394,1.352,1.172,1.36,0.089,0.087,0.087,0.087,0.93,0.087,0.086,0.087,0.089,0.086,0.086,0.087,0.088
,16:39:16,40,0.089,0.088,0.086,0.087,0.091,0.089,0.087,0.09,0.09,0.087,0.087,0.088,0.09,0.313,0.966,0.385,0.523,0.459,0.398,0.63,0.485,0.279,0.465,0.089,0.089,0.398,0.082,0.298,0.461,0.314,0.263,0.325,0.383,0.402,0.479,0.09,0.089,0.339,0.521,0.564,0.285,0.517,0.505,0.788,0.3,0.267,0.436,0.091,0.089,1.31,1.254,1.146,1.375,1.335,1.365,1.317,1.345,1.376,1.392,0.088,0.089,1.369,0.087,1.259,1.362,1.166,1.103,1.273,1.352,1.341,1.329,0.104,0.089,1.235,1.353,1.215,1.111,1.35,1.349,1.393,1.35,1.171,1.359,0.089,0.086,0.087,0.087,0.928,0.087,0.086,0.087,0.089,0.087,0.086,0.087,0.088
,16:44:16,40,0.089,0.088,0.086,0.087,0.091,0.089,0.087,0.09,0.091,0.087,0.087,0.088,0.09,0.313,0.969,0.388,0.524,0.461,0.399,0.63,0.486,0.28,0.466,0.088,0.089,0.398,0.082,0.298,0.463,0.314,0.262,0.326,0.383,0.402,0.48,0.09,0.089,0.339,0.521,0.564,0.285,0.518,0.506,0.79,0.301,0.265,0.437,0.091,0.089,1.31,1.253,1.145,1.375,1.334,1.364,1.318,1.343,1.375,1.391,0.088,0.088,1.369,0.087,1.26,1.364,1.166,1.101,1.273,1.35,1.339,1.329,0.104,0.088,1.234,1.353,1.215,1.108,1.352,1.348,1.391,1.349,1.17,1.358,0.089,0.087,0.087,0.087,0.931,0.087,0.086,0.087,0.089,0.087,0.086,0.087,0.088
,16:49:16,40,0.089,0.088,0.086,0.087,0.091,0.089,0.087,0.09,0.09,0.087,0.087,0.088,0.09,0.314,0.97,0.392,0.526,0.461,0.4,0.633,0.486,0.28,0.467,0.088,0.089,0.397,0.082,0.298,0.466,0.313,0.262,0.326,0.382,0.403,0.481,0.09,0.089,0.338,0.522,0.564,0.285,0.519,0.507,0.792,0.301,0.266,0.437,0.091,0.089,1.308,1.252,1.144,1.373,1.333,1.363,1.318,1.341,1.374,1.389,0.088,0.089,1.368,0.087,1.258,1.365,1.167,1.1,1.273,1.347,1.337,1.327,0.103,0.088,1.231,1.352,1.213,1.111,1.351,1.347,1.388,1.347,1.169,1.358,0.089,0.086,0.087,0.087,0.93,0.087,0.086,0.087,0.089,0.087,0.086,0.087,0.087
,16:54:16,40,0.089,0.087,0.086,0.086,0.091,0.089,0.087,0.09,0.09,0.087,0.087,0.088,0.089,0.314,0.972,0.395,0.527,0.461,0.4,0.634,0.487,0.28,0.467,0.088,0.088,0.397,0.082,0.298,0.467,0.313,0.261,0.326,0.382,0.403,0.481,0.09,0.089,0.338,0.523,0.565,0.285,0.52,0.508,0.793,0.301,0.265,0.437,0.091,0.089,1.306,1.25,1.141,1.372,1.333,1.362,1.317,1.339,1.372,1.388,0.088,0.088,1.367,0.087,1.258,1.365,1.167,1.098,1.273,1.345,1.336,1.325,0.103,0.088,1.229,1.351,1.212,1.108,1.351,1.345,1.385,1.345,1.168,1.357,0.089,0.086,0.087,0.087,0.931,0.086,0.086,0.086,0.089,0.086,0.086,0.087,0.087
,16:59:16,40,0.089,0.088,0.086,0.087,0.091,0.089,0.087,0.09,0.09,0.087,0.087,0.088,0.09,0.314,0.974,0.396,0.528,0.462,0.401,0.636,0.487,0.28,0.467,0.089,0.089,0.397,0.082,0.299,0.47,0.312,0.261,0.326,0.382,0.403,0.482,0.09,0.089,0.338,0.524,0.565,0.285,0.52,0.509,0.795,0.301,0.266,0.438,0.091,0.089,1.303,1.249,1.139,1.37,1.332,1.361,1.318,1.336,1.371,1.387,0.088,0.089,1.366,0.087,1.256,1.365,1.166,1.097,1.273,1.342,1.334,1.324,0.104,0.088,1.227,1.35,1.211,1.107,1.351,1.344,1.383,1.343,1.167,1.356,0.089,0.086,0.087,0.087,0.932,0.087,0.086,0.087,0.089,0.087,0.086,0.087,0.088
,17:04:16,40,0.089,0.088,0.086,0.087,0.091,0.089,0.087,0.09,0.09,0.087,0.087,0.088,0.09,0.314,0.976,0.399,0.529,0.463,0.403,0.637,0.488,0.28,0.469,0.088,0.088,0.397,0.082,0.298,0.472,0.312,0.261,0.327,0.382,0.404,0.482,0.09,0.089,0.338,0.524,0.566,0.285,0.522,0.511,0.798,0.302,0.266,0.438,0.091,0.089,1.303,1.248,1.137,1.369,1.331,1.36,1.319,1.334,1.37,1.386,0.088,0.088,1.365,0.087,1.256,1.365,1.163,1.096,1.273,1.341,1.333,1.323,0.104,0.088,1.225,1.35,1.211,1.107,1.351,1.343,1.381,1.342,1.166,1.356,0.089,0.086,0.087,0.087,0.931,0.087,0.086,0.087,0.089,0.087,0.086,0.087,0.088
,17:09:16,40,0.089,0.087,0.086,0.087,0.091,0.089,0.087,0.09,0.09,0.087,0.087,0.088,0.09,0.314,0.977,0.402,0.53,0.463,0.402,0.638,0.488,0.28,0.469,0.088,0.088,0.396,0.082,0.299,0.474,0.312,0.26,0.327,0.381,0.404,0.483,0.09,0.089,0.338,0.526,0.566,0.284,0.523,0.511,0.798,0.301,0.265,0.439,0.091,0.089,1.302,1.246,1.134,1.367,1.33,1.359,1.318,1.332,1.369,1.384,0.088,0.088,1.363,0.087,1.254,1.363,1.16,1.093,1.273,1.339,1.331,1.321,0.103,0.088,1.222,1.349,1.209,1.103,1.351,1.341,1.378,1.34,1.165,1.355,0.089,0.086,0.087,0.087,0.931,0.086,0.086,0.086,0.089,0.086,0.086,0.087,0.088
,17:14:16,40,0.089,0.087,0.086,0.087,0.091,0.089,0.087,0.09,0.09,0.087,0.087,0.088,0.09,0.315,0.979,0.405,0.531,0.464,0.401,0.64,0.488,0.28,0.47,0.088,0.089,0.396,0.082,0.299,0.477,0.311,0.26,0.326,0.381,0.405,0.483,0.09,0.089,0.338,0.527,0.567,0.285,0.524,0.512,0.801,0.302,0.266,0.439,0.091,0.089,1.301,1.245,1.131,1.366,1.329,1.358,1.319,1.329,1.368,1.383,0.088,0.088,1.363,0.087,1.253,1.363,1.156,1.092,1.273,1.337,1.331,1.32,0.104,0.089,1.22,1.348,1.208,1.102,1.352,1.34,1.375,1.338,1.164,1.354,0.089,0.087,0.087,0.087,0.932,0.087,0.086,0.087,0.089,0.087,0.086,0.087,0.088
,17:19:16,40,0.089,0.088,0.086,0.087,0.091,0.089,0.087,0.09,0.09,0.087,0.087,0.088,0.09,0.315,0.98,0.407,0.533,0.466,0.4,0.641,0.489,0.28,0.471,0.089,0.089,0.397,0.082,0.299,0.48,0.311,0.26,0.326,0.381,0.406,0.485,0.091,0.089,0.338,0.528,0.567,0.285,0.525,0.514,0.802,0.302,0.265,0.44,0.091,0.089,1.299,1.244,1.13,1.365,1.328,1.357,1.319,1.327,1.366,1.383,0.088,0.089,1.361,0.087,1.253,1.362,1.155,1.091,1.273,1.335,1.329,1.318,0.104,0.089,1.218,1.347,1.208,1.099,1.353,1.339,1.372,1.336,1.163,1.354,0.089,0.086,0.087,0.087,0.932,0.087,0.086,0.087,0.089,0.087,0.087,0.087,0.088
,17:24:16,40,0.089,0.087,0.086,0.087,0.091,0.089,0.087,0.09,0.091,0.087,0.087,0.088,0.09,0.315,0.982,0.411,0.533,0.466,0.4,0.643,0.49,0.281,0.471,0.088,0.089,0.396,0.082,0.299,0.483,0.311,0.259,0.326,0.381,0.406,0.485,0.09,0.089,0.338,0.528,0.567,0.285,0.526,0.515,0.804,0.302,0.266,0.44,0.091,0.089,1.299,1.243,1.128,1.364,1.327,1.356,1.319,1.325,1.365,1.382,0.088,0.089,1.359,0.087,1.252,1.361,1.153,1.089,1.274,1.333,1.328,1.317,0.104,0.088,1.217,1.347,1.207,1.098,1.353,1.338,1.37,1.334,1.162,1.353,0.089,0.086,0.087,0.087,0.933,0.087,0.086,0.087,0.089,0.087,0.086,0.087,0.088
,17:29:16,40,0.089,0.087,0.086,0.087,0.091,0.089,0.087,0.09,0.09,0.087,0.087,0.088,0.09,0.315,0.983,0.411,0.535,0.466,0.399,0.644,0.49,0.28,0.472,0.088,0.088,0.396,0.081,0.299,0.485,0.31,0.258,0.324,0.38,0.407,0.485,0.09,0.089,0.337,0.529,0.567,0.285,0.527,0.516,0.806,0.302,0.266,0.441,0.091,0.089,1.296,1.241,1.125,1.363,1.326,1.355,1.319,1.323,1.363,1.381,0.088,0.088,1.357,0.087,1.251,1.359,1.152,1.087,1.273,1.33,1.327,1.316,0.103,0.088,1.214,1.346,1.206,1.096,1.352,1.336,1.367,1.332,1.161,1.353,0.089,0.086,0.087,0.087,0.932,0.087,0.086,0.086,0.089,0.086,0.086,0.087,0.087
,17:34:16,40,0.089,0.088,0.086,0.087,0.091,0.089,0.087,0.09,0.09,0.087,0.087,0.088,0.09,0.316,0.986,0.415,0.536,0.468,0.399,0.647,0.49,0.28,0.473,0.089,0.088,0.396,0.082,0.3,0.488,0.309,0.258,0.325,0.38,0.407,0.486,0.09,0.089,0.337,0.53,0.568,0.286,0.528,0.517,0.808,0.303,0.266,0.441,0.091,0.089,1.294,1.24,1.123,1.361,1.325,1.354,1.319,1.32,1.362,1.38,0.088,0.089,1.356,0.087,1.25,1.358,1.149,1.089,1.273,1.328,1.325,1.315,0.103,0.088,1.212,1.345,1.205,1.092,1.352,1.335,1.365,1.33,1.161,1.352,0.089,0.086,0.087,0.087,0.932,0.087,0.086,0.087,0.089,0.087,0.086,0.087,0.088
,17:39:16,40,0.089,0.087,0.086,0.087,0.09,0.089,0.087,0.09,0.09,0.087,0.087,0.088,0.09,0.316,0.987,0.418,0.537,0.468,0.399,0.648,0.491,0.28,0.473,0.088,0.088,0.395,0.082,0.3,0.491,0.309,0.257,0.323,0.38,0.408,0.486,0.09,0.089,0.337,0.531,0.569,0.285,0.529,0.519,0.809,0.302,0.266,0.442,0.091,0.089,1.294,1.239,1.121,1.36,1.324,1.353,1.318,1.318,1.361,1.378,0.088,0.088,1.354,0.087,1.249,1.356,1.147,1.089,1.273,1.327,1.325,1.313,0.103,0.088,1.21,1.344,1.203,1.091,1.352,1.333,1.362,1.328,1.16,1.351,0.089,0.086,0.087,0.087,0.933,0.087,0.086,0.086,0.089,0.086,0.086,0.087,0.087
,17:44:16,40,0.089,0.088,0.087,0.087,0.091,0.089,0.087,0.09,0.09,0.087,0.087,0.088,0.09,0.316,0.988,0.421,0.538,0.469,0.399,0.65,0.491,0.28,0.474,0.088,0.089,0.395,0.082,0.3,0.494,0.31,0.256,0.323,0.38,0.409,0.488,0.09,0.089,0.336,0.532,0.569,0.286,0.529,0.519,0.811,0.303,0.266,0.443,0.091,0.089,1.293,1.238,1.12,1.359,1.322,1.352,1.318,1.316,1.359,1.378,0.088,0.089,1.353,0.087,1.248,1.354,1.149,1.087,1.272,1.324,1.324,1.313,0.103,0.088,1.209,1.344,1.203,1.092,1.353,1.332,1.359,1.326,1.159,1.351,0.089,0.086,0.087,0.087,0.934,0.087,0.086,0.087,0.089,0.086,0.086,0.087,0.088
,17:49:16,40,0.089,0.088,0.086,0.087,0.091,0.089,0.087,0.09,0.09,0.087,0.087,0.088,0.09,0.316,0.989,0.423,0.539,0.469,0.399,0.651,0.492,0.281,0.475,0.088,0.088,0.395,0.082,0.3,0.496,0.309,0.255,0.323,0.38,0.409,0.488,0.09,0.089,0.336,0.533,0.569,0.286,0.53,0.521,0.812,0.303,0.265,0.443,0.091,0.089,1.292,1.236,1.117,1.357,1.322,1.352,1.318,1.314,1.358,1.377,0.088,0.089,1.351,0.087,1.247,1.352,1.147,1.087,1.272,1.322,1.323,1.311,0.103,0.088,1.206,1.343,1.202,1.093,1.352,1.331,1.357,1.324,1.158,1.351,0.089,0.086,0.087,0.087,0.933,0.087,0.086,0.087,0.089,0.086,0.086,0.087,0.088
,17:54:16,40,0.089,0.087,0.086,0.087,0.091,0.089,0.087,0.09,0.09,0.087,0.087,0.088,0.09,0.316,0.991,0.425,0.541,0.47,0.398,0.653,0.492,0.28,0.475,0.088,0.089,0.395,0.082,0.3,0.499,0.309,0.255,0.322,0.38,0.41,0.489,0.09,0.089,0.336,0.534,0.57,0.285,0.531,0.521,0.814,0.303,0.265,0.444,0.091,0.089,1.289,1.234,1.115,1.356,1.321,1.35,1.317,1.312,1.357,1.376,0.088,0.089,1.35,0.087,1.246,1.351,1.144,1.086,1.272,1.32,1.322,1.31,0.103,0.088,1.204,1.342,1.2,1.091,1.352,1.33,1.354,1.321,1.157,1.35,0.089,0.086,0.087,0.087,0.932,0.087,0.086,0.087,0.089,0.086,0.086,0.087,0.088
,17:59:16,40.1,0.089,0.088,0.086,0.087,0.091,0.089,0.087,0.09,0.091,0.087,0.087,0.088,0.09,0.317,0.992,0.428,0.542,0.471,0.398,0.655,0.492,0.28,0.476,0.089,0.089,0.395,0.082,0.301,0.502,0.309,0.254,0.322,0.38,0.411,0.49,0.091,0.089,0.336,0.535,0.571,0.286,0.532,0.522,0.815,0.303,0.264,0.444,0.091,0.089,1.288,1.234,1.113,1.355,1.319,1.35,1.317,1.31,1.355,1.376,0.088,0.089,1.349,0.087,1.245,1.349,1.143,1.084,1.272,1.319,1.321,1.309,0.104,0.089,1.202,1.341,1.199,1.092,1.352,1.329,1.352,1.319,1.156,1.35,0.089,0.086,0.087,0.087,0.931,0.087,0.086,0.087,0.089,0.087,0.087,0.087,0.088
,18:04:16,40,0.089,0.088,0.086,0.087,0.091,0.089,0.087,0.09,0.09,0.087,0.087,0.088,0.09,0.317,0.993,0.43,0.543,0.471,0.398,0.656,0.493,0.281,0.478,0.088,0.088,0.395,0.082,0.301,0.505,0.309,0.253,0.321,0.381,0.411,0.49,0.09,0.089,0.336,0.536,0.57,0.285,0.533,0.523,0.817,0.303,0.265,0.445,0.091,0.089,1.288,1.232,1.111,1.353,1.319,1.349,1.317,1.308,1.353,1.375,0.088,0.089,1.347,0.087,1.244,1.346,1.143,1.083,1.272,1.317,1.32,1.308,0.103,0.088,1.2,1.34,1.198,1.087,1.352,1.327,1.349,1.317,1.155,1.349,0.089,0.086,0.087,0.087,0.932,0.087,0.086,0.087,0.089,0.086,0.086,0.087,0.087
,18:09:16,40,0.089,0.088,0.086,0.087,0.091,0.089,0.087,0.09,0.09,0.087,0.087,0.088,0.09,0.317,0.995,0.433,0.544,0.472,0.397,0.659,0.494,0.281,0.478,0.088,0.088,0.395,0.082,0.301,0.508,0.308,0.253,0.321,0.38,0.411,0.491,0.09,0.089,0.335,0.536,0.572,0.285,0.534,0.525,0.818,0.303,0.264,0.446,0.091,0.089,1.286,1.231,1.108,1.352,1.318,1.348,1.317,1.306,1.352,1.374,0.088,0.089,1.345,0.087,1.243,1.344,1.143,1.081,1.272,1.315,1.319,1.306,0.104,0.088,1.198,1.34,1.195,1.086,1.352,1.326,1.346,1.316,1.155,1.349,0.089,0.086,0.087,0.087,0.931,0.087,0.086,0.087,0.089,0.086,0.086,0.087,0.087
,18:14:16,40,0.089,0.087,0.086,0.087,0.09,0.089,0.087,0.09,0.09,0.087,0.087,0.088,0.089,0.317,0.996,0.435,0.545,0.473,0.397,0.659,0.494,0.281,0.479,0.088,0.088,0.394,0.082,0.301,0.51,0.308,0.252,0.32,0.38,0.412,0.491,0.09,0.089,0.335,0.538,0.571,0.286,0.535,0.525,0.82,0.303,0.264,0.446,0.091,0.089,1.285,1.229,1.106,1.351,1.317,1.346,1.316,1.304,1.351,1.373,0.088,0.088,1.344,0.087,1.241,1.342,1.14,1.08,1.271,1.313,1.319,1.305,0.103,0.088,1.195,1.339,1.194,1.084,1.351,1.324,1.344,1.313,1.154,1.349,0.089,0.086,0.087,0.087,0.929,0.087,0.086,0.087,0.089,0.087,0.086,0.087,0.088
,18:19:16,40,0.089,0.088,0.086,0.087,0.091,0.089,0.087,0.09,0.09,0.087,0.087,0.088,0.09,0.318,0.998,0.438,0.546,0.474,0.399,0.662,0.495,0.281,0.48,0.088,0.089,0.395,0.082,0.301,0.513,0.309,0.252,0.32,0.381,0.413,0.493,0.09,0.089,0.336,0.538,0.572,0.285,0.537,0.527,0.821,0.303,0.264,0.447,0.091,0.089,1.285,1.228,1.105,1.35,1.315,1.346,1.316,1.303,1.349,1.373,0.088,0.089,1.343,0.087,1.241,1.34,1.145,1.079,1.271,1.312,1.318,1.304,0.104,0.088,1.194,1.337,1.192,1.085,1.351,1.323,1.341,1.311,1.153,1.348,0.089,0.086,0.087,0.087,0.929,0.087,0.086,0.087,0.089,0.087,0.086,0.087,0.087
,18:24:16,40.1,0.089,0.087,0.086,0.087,0.09,0.089,0.087,0.09,0.09,0.087,0.087,0.088,0.09,0.318,0.999,0.44,0.547,0.475,0.397,0.663,0.495,0.281,0.48,0.088,0.089,0.395,0.082,0.301,0.516,0.308,0.251,0.32,0.38,0.414,0.493,0.09,0.089,0.335,0.54,0.572,0.286,0.537,0.528,0.823,0.303,0.264,0.447,0.091,0.089,1.282,1.226,1.102,1.348,1.314,1.344,1.315,1.301,1.348,1.372,0.088,0.088,1.341,0.087,1.239,1.337,1.142,1.078,1.27,1.31,1.317,1.303,0.103,0.088,1.191,1.337,1.19,1.082,1.351,1.322,1.339,1.308,1.152,1.348,0.089,0.086,0.087,0.087,0.928,0.087,0.086,0.087,0.089,0.086,0.086,0.087,0.087
,18:29:16,40,0.089,0.088,0.086,0.087,0.091,0.089,0.087,0.09,0.09,0.087,0.087,0.088,0.09,0.318,1,0.443,0.548,0.476,0.397,0.665,0.495,0.282,0.481,0.088,0.089,0.394,0.082,0.301,0.519,0.307,0.251,0.319,0.38,0.414,0.494,0.09,0.089,0.335,0.541,0.573,0.287,0.539,0.528,0.824,0.304,0.264,0.449,0.091,0.089,1.28,1.225,1.1,1.347,1.313,1.344,1.315,1.299,1.347,1.371,0.088,0.089,1.34,0.087,1.237,1.334,1.147,1.077,1.269,1.308,1.317,1.302,0.104,0.088,1.189,1.336,1.188,1.081,1.35,1.321,1.337,1.306,1.152,1.347,0.089,0.086,0.087,0.087,0.929,0.087,0.086,0.087,0.089,0.087,0.086,0.087,0.087
,18:34:16,40,0.089,0.088,0.086,0.087,0.091,0.089,0.087,0.09,0.091,0.087,0.087,0.088,0.09,0.317,1.002,0.445,0.55,0.476,0.397,0.667,0.496,0.283,0.482,0.089,0.089,0.395,0.082,0.301,0.522,0.307,0.25,0.319,0.38,0.415,0.495,0.091,0.089,0.335,0.542,0.573,0.287,0.539,0.53,0.825,0.304,0.263,0.45,0.091,0.089,1.28,1.224,1.098,1.346,1.311,1.343,1.314,1.298,1.345,1.37,0.088,0.089,1.339,0.087,1.236,1.331,1.144,1.076,1.269,1.307,1.316,1.301,0.103,0.088,1.187,1.335,1.186,1.081,1.35,1.319,1.335,1.304,1.151,1.347,0.089,0.086,0.087,0.087,0.928,0.087,0.086,0.087,0.089,0.087,0.086,0.087,0.087
,18:39:16,40,0.089,0.088,0.086,0.087,0.091,0.089,0.087,0.09,0.091,0.087,0.087,0.088,0.09,0.318,1.004,0.447,0.55,0.477,0.397,0.669,0.497,0.282,0.483,0.089,0.089,0.395,0.082,0.302,0.525,0.307,0.25,0.318,0.38,0.415,0.496,0.09,0.089,0.335,0.543,0.574,0.288,0.54,0.531,0.827,0.304,0.263,0.45,0.091,0.089,1.28,1.222,1.096,1.345,1.311,1.342,1.315,1.296,1.344,1.37,0.088,0.089,1.337,0.087,1.235,1.329,1.141,1.075,1.269,1.306,1.316,1.3,0.104,0.089,1.185,1.334,1.183,1.079,1.35,1.318,1.333,1.302,1.149,1.347,0.089,0.086,0.087,0.087,0.929,0.087,0.086,0.087,0.089,0.087,0.087,0.087,0.088
,18:44:16,40,0.089,0.087,0.086,0.087,0.091,0.089,0.087,0.09,0.09,0.087,0.087,0.088,0.089,0.319,1.005,0.45,0.551,0.478,0.396,0.67,0.497,0.282,0.483,0.088,0.089,0.395,0.082,0.302,0.528,0.307,0.249,0.318,0.38,0.415,0.496,0.09,0.089,0.334,0.543,0.574,0.287,0.541,0.532,0.829,0.304,0.262,0.45,0.091,0.089,1.278,1.22,1.093,1.343,1.309,1.341,1.313,1.294,1.342,1.37,0.088,0.089,1.336,0.087,1.233,1.325,1.137,1.074,1.268,1.304,1.315,1.299,0.104,0.088,1.182,1.333,1.18,1.074,1.349,1.316,1.331,1.3,1.149,1.346,0.089,0.087,0.087,0.087,0.929,0.087,0.086,0.086,0.089,0.087,0.086,0.087,0.087
,18:49:16,40,0.089,0.088,0.086,0.087,0.091,0.089,0.087,0.09,0.09,0.087,0.087,0.088,0.09,0.319,1.006,0.453,0.552,0.479,0.397,0.672,0.497,0.282,0.485,0.088,0.089,0.395,0.082,0.302,0.531,0.306,0.248,0.318,0.38,0.417,0.497,0.091,0.089,0.334,0.544,0.575,0.288,0.542,0.532,0.83,0.304,0.262,0.451,0.091,0.089,1.277,1.22,1.09,1.342,1.308,1.34,1.313,1.293,1.341,1.369,0.088,0.089,1.335,0.087,1.232,1.323,1.138,1.073,1.267,1.303,1.315,1.298,0.104,0.089,1.18,1.333,1.177,1.074,1.349,1.315,1.33,1.298,1.149,1.346,0.089,0.086,0.087,0.087,0.929,0.087,0.086,0.087,0.089,0.087,0.086,0.087,0.088
,18:54:16,40,0.089,0.088,0.086,0.087,0.091,0.089,0.087,0.09,0.09,0.087,0.087,0.088,0.089,0.319,1.008,0.454,0.554,0.48,0.397,0.673,0.498,0.282,0.486,0.088,0.089,0.394,0.082,0.302,0.535,0.306,0.247,0.318,0.38,0.417,0.498,0.09,0.089,0.333,0.546,0.575,0.288,0.543,0.533,0.831,0.305,0.263,0.452,0.091,0.089,1.275,1.218,1.089,1.341,1.306,1.339,1.313,1.292,1.339,1.369,0.088,0.089,1.333,0.087,1.23,1.319,1.135,1.071,1.267,1.302,1.314,1.297,0.103,0.088,1.177,1.331,1.173,1.073,1.348,1.313,1.328,1.296,1.148,1.345,0.089,0.086,0.087,0.087,0.929,0.087,0.086,0.087,0.089,0.087,0.086,0.087,0.087
,18:59:16,40,0.089,0.088,0.086,0.087,0.091,0.089,0.087,0.09,0.09,0.087,0.087,0.088,0.089,0.32,1.008,0.457,0.554,0.48,0.397,0.675,0.499,0.282,0.486,0.088,0.089,0.395,0.082,0.302,0.538,0.306,0.247,0.318,0.38,0.418,0.499,0.09,0.089,0.334,0.546,0.575,0.288,0.545,0.535,0.833,0.305,0.263,0.452,0.091,0.089,1.275,1.216,1.087,1.34,1.306,1.338,1.312,1.291,1.338,1.368,0.088,0.088,1.332,0.087,1.23,1.316,1.132,1.07,1.266,1.3,1.314,1.296,0.104,0.088,1.176,1.331,1.169,1.071,1.348,1.312,1.325,1.294,1.147,1.345,0.089,0.086,0.087,0.087,0.929,0.087,0.086,0.087,0.089,0.086,0.086,0.087,0.087
,19:04:16,40,0.089,0.088,0.086,0.087,0.091,0.089,0.087,0.09,0.091,0.087,0.087,0.088,0.089,0.319,1.01,0.461,0.556,0.481,0.398,0.677,0.499,0.282,0.487,0.088,0.089,0.395,0.082,0.303,0.541,0.305,0.246,0.317,0.38,0.418,0.499,0.09,0.089,0.333,0.547,0.576,0.289,0.546,0.535,0.834,0.305,0.263,0.454,0.091,0.089,1.273,1.215,1.085,1.339,1.304,1.337,1.311,1.289,1.337,1.367,0.088,0.089,1.33,0.087,1.228,1.313,1.13,1.069,1.265,1.299,1.313,1.296,0.104,0.088,1.174,1.33,1.165,1.069,1.347,1.311,1.323,1.292,1.146,1.345,0.089,0.086,0.087,0.087,0.93,0.087,0.086,0.087,0.089,0.086,0.086,0.087,0.088
,19:09:16,40,0.089,0.087,0.086,0.086,0.091,0.089,0.087,0.09,0.09,0.087,0.087,0.088,0.09,0.32,1.011,0.463,0.557,0.482,0.397,0.68,0.499,0.282,0.487,0.088,0.088,0.394,0.082,0.302,0.544,0.305,0.245,0.318,0.38,0.419,0.5,0.09,0.089,0.333,0.548,0.577,0.289,0.546,0.536,0.835,0.305,0.263,0.454,0.091,0.089,1.272,1.213,1.083,1.337,1.302,1.336,1.311,1.288,1.335,1.366,0.088,0.088,1.329,0.087,1.227,1.31,1.129,1.068,1.264,1.298,1.313,1.296,0.103,0.088,1.173,1.328,1.161,1.067,1.347,1.309,1.322,1.29,1.145,1.344,0.089,0.086,0.087,0.087,0.93,0.087,0.086,0.086,0.089,0.086,0.086,0.087,0.087
,19:14:16,40,0.089,0.088,0.086,0.087,0.09,0.089,0.087,0.09,0.09,0.087,0.087,0.088,0.089,0.319,1.013,0.466,0.557,0.483,0.397,0.682,0.5,0.283,0.488,0.088,0.089,0.394,0.082,0.303,0.547,0.304,0.245,0.317,0.381,0.42,0.501,0.09,0.089,0.333,0.549,0.577,0.29,0.548,0.537,0.836,0.305,0.263,0.455,0.091,0.089,1.272,1.212,1.081,1.337,1.301,1.335,1.31,1.286,1.334,1.366,0.088,0.089,1.328,0.087,1.224,1.307,1.126,1.067,1.263,1.297,1.313,1.295,0.103,0.088,1.172,1.327,1.157,1.063,1.347,1.308,1.321,1.288,1.145,1.343,0.089,0.086,0.087,0.087,0.931,0.087,0.086,0.086,0.089,0.086,0.086,0.087,0.087
,19:19:16,40,0.089,0.088,0.086,0.087,0.091,0.089,0.087,0.09,0.091,0.087,0.087,0.088,0.089,0.32,1.013,0.469,0.558,0.484,0.398,0.684,0.501,0.282,0.49,0.088,0.089,0.395,0.082,0.304,0.551,0.306,0.245,0.317,0.381,0.421,0.502,0.09,0.089,0.333,0.55,0.577,0.291,0.549,0.538,0.838,0.305,0.263,0.456,0.091,0.089,1.27,1.211,1.08,1.336,1.3,1.335,1.31,1.286,1.332,1.366,0.088,0.089,1.326,0.087,1.224,1.305,1.123,1.065,1.263,1.296,1.312,1.294,0.103,0.089,1.171,1.326,1.152,1.068,1.347,1.306,1.32,1.287,1.144,1.343,0.089,0.086,0.087,0.087,0.932,0.087,0.086,0.087,0.089,0.087,0.086,0.087,0.087
,19:24:16,40,0.089,0.088,0.086,0.087,0.091,0.089,0.087,0.09,0.09,0.087,0.087,0.088,0.09,0.32,1.015,0.471,0.56,0.485,0.399,0.685,0.501,0.284,0.49,0.088,0.089,0.395,0.082,0.303,0.554,0.305,0.244,0.317,0.381,0.422,0.503,0.09,0.089,0.333,0.551,0.578,0.291,0.55,0.539,0.839,0.305,0.263,0.457,0.091,0.089,1.27,1.21,1.078,1.335,1.299,1.334,1.309,1.285,1.331,1.365,0.088,0.089,1.326,0.087,1.223,1.303,1.123,1.064,1.263,1.295,1.312,1.294,0.104,0.088,1.169,1.325,1.148,1.064,1.346,1.305,1.319,1.284,1.143,1.343,0.089,0.086,0.087,0.087,0.933,0.087,0.086,0.087,0.089,0.086,0.086,0.087,0.088
,19:29:16,40,0.089,0.088,0.086,0.087,0.09,0.089,0.087,0.09,0.09,0.087,0.087,0.088,0.09,0.32,1.016,0.474,0.56,0.486,0.398,0.687,0.501,0.283,0.491,0.088,0.089,0.395,0.082,0.302,0.557,0.305,0.244,0.317,0.381,0.422,0.503,0.09,0.089,0.332,0.552,0.578,0.292,0.55,0.54,0.84,0.305,0.262,0.457,0.091,0.089,1.268,1.207,1.076,1.334,1.297,1.333,1.308,1.283,1.33,1.365,0.088,0.089,1.323,0.087,1.221,1.3,1.117,1.063,1.262,1.294,1.311,1.293,0.104,0.088,1.168,1.324,1.143,1.063,1.346,1.304,1.317,1.282,1.142,1.342,0.089,0.086,0.087,0.087,0.934,0.087,0.086,0.087,0.089,0.086,0.086,0.087,0.087
,19:34:16,40,0.089,0.088,0.086,0.087,0.091,0.089,0.087,0.09,0.09,0.087,0.087,0.088,0.09,0.321,1.016,0.477,0.562,0.486,0.398,0.689,0.501,0.284,0.493,0.088,0.088,0.395,0.082,0.302,0.561,0.304,0.243,0.317,0.382,0.423,0.504,0.09,0.089,0.332,0.553,0.579,0.292,0.552,0.541,0.842,0.305,0.263,0.458,0.091,0.089,1.268,1.206,1.074,1.333,1.296,1.332,1.307,1.283,1.328,1.364,0.088,0.088,1.322,0.087,1.22,1.298,1.116,1.062,1.261,1.293,1.31,1.292,0.103,0.089,1.166,1.322,1.139,1.06,1.345,1.302,1.316,1.281,1.142,1.342,0.089,0.086,0.087,0.087,0.936,0.087,0.086,0.087,0.089,0.086,0.086,0.087,0.087
,19:39:16,40,0.089,0.088,0.086,0.087,0.091,0.089,0.087,0.09,0.09,0.087,0.087,0.088,0.09,0.321,1.016,0.48,0.562,0.488,0.4,0.69,0.502,0.283,0.493,0.088,0.089,0.396,0.082,0.302,0.563,0.303,0.243,0.317,0.382,0.424,0.505,0.09,0.089,0.332,0.554,0.579,0.293,0.553,0.542,0.843,0.304,0.262,0.459,0.091,0.089,1.267,1.204,1.072,1.331,1.295,1.331,1.307,1.282,1.327,1.364,0.088,0.089,1.321,0.087,1.219,1.295,1.114,1.062,1.261,1.292,1.311,1.292,0.103,0.088,1.165,1.321,1.135,1.057,1.346,1.3,1.315,1.28,1.142,1.342,0.089,0.086,0.087,0.087,0.937,0.087,0.086,0.087,0.089,0.087,0.086,0.087,0.087
,19:44:16,40,0.089,0.087,0.086,0.087,0.091,0.089,0.087,0.09,0.09,0.087,0.087,0.088,0.09,0.321,1.016,0.485,0.563,0.488,0.399,0.693,0.503,0.284,0.494,0.088,0.089,0.395,0.082,0.301,0.567,0.304,0.243,0.317,0.382,0.424,0.506,0.09,0.089,0.331,0.555,0.58,0.293,0.553,0.543,0.844,0.304,0.261,0.46,0.091,0.089,1.267,1.203,1.072,1.331,1.294,1.33,1.307,1.281,1.325,1.363,0.088,0.088,1.32,0.087,1.217,1.292,1.111,1.061,1.259,1.291,1.31,1.291,0.103,0.088,1.164,1.32,1.131,1.056,1.345,1.299,1.315,1.278,1.141,1.341,0.089,0.086,0.087,0.087,0.937,0.087,0.086,0.087,0.089,0.086,0.086,0.087,0.087
,19:49:16,40,0.089,0.087,0.086,0.087,0.091,0.089,0.087,0.09,0.09,0.087,0.087,0.088,0.09,0.32,1.018,0.485,0.564,0.489,0.4,0.695,0.503,0.284,0.495,0.088,0.089,0.395,0.082,0.302,0.57,0.304,0.242,0.317,0.382,0.425,0.507,0.09,0.089,0.331,0.556,0.579,0.293,0.555,0.543,0.846,0.304,0.261,0.46,0.091,0.089,1.266,1.202,1.068,1.329,1.291,1.329,1.306,1.28,1.325,1.363,0.088,0.089,1.318,0.087,1.215,1.291,1.108,1.06,1.258,1.29,1.31,1.29,0.103,0.088,1.163,1.319,1.127,1.052,1.344,1.297,1.314,1.276,1.14,1.341,0.089,0.086,0.087,0.087,0.936,0.087,0.086,0.087,0.089,0.086,0.086,0.087,0.087
,19:54:16,40,0.089,0.087,0.086,0.087,0.091,0.089,0.087,0.09,0.09,0.087,0.087,0.088,0.09,0.322,1.02,0.487,0.566,0.491,0.401,0.697,0.504,0.284,0.496,0.088,0.089,0.395,0.082,0.301,0.573,0.303,0.242,0.318,0.382,0.426,0.508,0.09,0.089,0.331,0.557,0.58,0.295,0.556,0.544,0.846,0.303,0.26,0.462,0.091,0.089,1.266,1.201,1.067,1.328,1.29,1.328,1.305,1.28,1.323,1.363,0.088,0.089,1.316,0.087,1.214,1.29,1.106,1.059,1.257,1.29,1.31,1.289,0.103,0.089,1.162,1.317,1.124,1.054,1.344,1.296,1.313,1.275,1.14,1.34,0.089,0.086,0.087,0.087,0.94,0.087,0.086,0.087,0.089,0.087,0.086,0.087,0.087
,19:59:16,40,0.089,0.088,0.086,0.087,0.091,0.089,0.087,0.09,0.09,0.087,0.087,0.088,0.09,0.321,1.019,0.491,0.565,0.492,0.401,0.698,0.504,0.284,0.496,0.088,0.088,0.396,0.082,0.301,0.577,0.303,0.242,0.317,0.382,0.426,0.509,0.09,0.089,0.331,0.558,0.58,0.295,0.556,0.546,0.848,0.303,0.259,0.463,0.091,0.089,1.264,1.2,1.065,1.327,1.289,1.327,1.305,1.279,1.322,1.362,0.088,0.089,1.315,0.087,1.212,1.287,1.103,1.057,1.255,1.289,1.309,1.289,0.104,0.089,1.161,1.315,1.121,1.05,1.343,1.294,1.311,1.274,1.139,1.34,0.089,0.086,0.087,0.087,0.938,0.087,0.086,0.087,0.089,0.087,0.086,0.087,0.087
,20:04:16,40,0.089,0.087,0.086,0.087,0.09,0.089,0.087,0.09,0.09,0.087,0.087,0.088,0.09,0.321,1.021,0.493,0.567,0.492,0.402,0.701,0.505,0.284,0.497,0.088,0.088,0.396,0.082,0.301,0.579,0.303,0.241,0.317,0.382,0.427,0.509,0.09,0.089,0.331,0.558,0.581,0.295,0.557,0.546,0.849,0.303,0.258,0.463,0.091,0.089,1.264,1.198,1.062,1.326,1.287,1.326,1.304,1.278,1.32,1.361,0.088,0.088,1.313,0.087,1.211,1.286,1.099,1.056,1.254,1.288,1.309,1.288,0.103,0.088,1.159,1.314,1.118,1.047,1.343,1.292,1.31,1.272,1.138,1.339,0.089,0.086,0.087,0.087,0.938,0.087,0.086,0.086,0.089,0.086,0.086,0.087,0.087
,20:09:16,40,0.089,0.088,0.086,0.087,0.091,0.089,0.087,0.09,0.09,0.087,0.087,0.088,0.09,0.322,1.021,0.497,0.568,0.492,0.402,0.702,0.506,0.284,0.498,0.088,0.089,0.396,0.082,0.301,0.583,0.303,0.241,0.317,0.382,0.428,0.51,0.09,0.089,0.331,0.56,0.581,0.295,0.558,0.547,0.85,0.304,0.258,0.464,0.091,0.089,1.263,1.197,1.06,1.325,1.286,1.325,1.304,1.277,1.319,1.361,0.088,0.088,1.312,0.087,1.209,1.284,1.097,1.055,1.253,1.287,1.309,1.288,0.103,0.088,1.158,1.312,1.115,1.047,1.343,1.291,1.31,1.271,1.138,1.339,0.089,0.086,0.087,0.087,0.939,0.087,0.086,0.086,0.089,0.087,0.086,0.087,0.087
,20:14:16,40.1,0.089,0.088,0.086,0.087,0.091,0.089,0.087,0.09,0.09,0.087,0.087,0.088,0.09,0.323,1.025,0.5,0.569,0.494,0.403,0.704,0.506,0.284,0.5,0.088,0.089,0.396,0.082,0.301,0.586,0.303,0.24,0.317,0.383,0.429,0.511,0.09,0.089,0.331,0.56,0.582,0.297,0.559,0.548,0.851,0.303,0.257,0.465,0.091,0.089,1.263,1.196,1.06,1.324,1.285,1.324,1.303,1.277,1.318,1.36,0.088,0.089,1.31,0.087,1.208,1.283,1.093,1.054,1.252,1.287,1.309,1.287,0.104,0.088,1.158,1.311,1.112,1.046,1.343,1.29,1.309,1.269,1.138,1.338,0.089,0.086,0.087,0.087,0.94,0.087,0.086,0.087,0.089,0.086,0.086,0.087,0.087
,20:19:16,40,0.089,0.088,0.086,0.087,0.091,0.089,0.087,0.09,0.09,0.087,0.087,0.088,0.09,0.322,1.032,0.501,0.571,0.495,0.403,0.708,0.507,0.284,0.501,0.089,0.089,0.396,0.082,0.301,0.59,0.303,0.24,0.318,0.383,0.43,0.512,0.09,0.089,0.33,0.562,0.582,0.297,0.561,0.549,0.852,0.303,0.257,0.466,0.091,0.089,1.261,1.195,1.058,1.323,1.284,1.323,1.303,1.277,1.317,1.36,0.088,0.089,1.309,0.087,1.206,1.282,1.094,1.053,1.25,1.286,1.309,1.286,0.104,0.089,1.158,1.309,1.11,1.051,1.343,1.288,1.308,1.268,1.137,1.338,0.089,0.087,0.087,0.087,0.94,0.087,0.086,0.087,0.089,0.087,0.086,0.087,0.088
,20:24:16,40.1,0.089,0.088,0.086,0.087,0.091,0.089,0.087,0.09,0.091,0.087,0.087,0.088,0.09,0.323,1.034,0.504,0.57,0.496,0.403,0.709,0.507,0.284,0.501,0.088,0.088,0.396,0.082,0.301,0.592,0.302,0.239,0.317,0.383,0.431,0.513,0.09,0.089,0.33,0.563,0.582,0.298,0.561,0.55,0.853,0.303,0.256,0.467,0.091,0.089,1.261,1.194,1.056,1.322,1.282,1.322,1.302,1.275,1.316,1.359,0.088,0.089,1.306,0.087,1.204,1.28,1.091,1.052,1.248,1.286,1.309,1.286,0.103,0.088,1.158,1.307,1.107,1.04,1.342,1.286,1.307,1.267,1.136,1.337,0.089,0.086,0.087,0.087,0.94,0.087,0.086,0.087,0.089,0.086,0.086,0.087,0.087
,20:29:16,40,0.089,0.088,0.086,0.087,0.09,0.089,0.087,0.09,0.09,0.087,0.087,0.088,0.09,0.322,1.034,0.505,0.572,0.497,0.404,0.711,0.507,0.285,0.502,0.088,0.089,0.396,0.082,0.301,0.596,0.302,0.239,0.318,0.384,0.431,0.514,0.09,0.089,0.33,0.564,0.582,0.299,0.563,0.551,0.855,0.303,0.256,0.468,0.091,0.089,1.261,1.192,1.054,1.321,1.281,1.321,1.302,1.275,1.315,1.359,0.088,0.089,1.304,0.087,1.202,1.279,1.09,1.051,1.247,1.285,1.309,1.285,0.104,0.088,1.158,1.306,1.105,1.036,1.341,1.284,1.307,1.266,1.136,1.337,0.089,0.086,0.087,0.087,0.941,0.087,0.086,0.087,0.089,0.087,0.086,0.087,0.087
,20:34:16,40,0.089,0.088,0.086,0.087,0.091,0.089,0.087,0.09,0.09,0.087,0.087,0.088,0.09,0.323,1.033,0.51,0.573,0.498,0.405,0.713,0.509,0.285,0.503,0.088,0.089,0.397,0.082,0.301,0.599,0.302,0.239,0.317,0.384,0.432,0.514,0.09,0.089,0.33,0.565,0.582,0.3,0.564,0.552,0.856,0.303,0.257,0.469,0.091,0.089,1.26,1.191,1.053,1.321,1.28,1.32,1.301,1.275,1.314,1.358,0.088,0.089,1.303,0.087,1.201,1.279,1.085,1.051,1.246,1.284,1.309,1.284,0.103,0.088,1.158,1.304,1.103,1.037,1.341,1.282,1.306,1.265,1.135,1.337,0.089,0.086,0.087,0.087,0.942,0.088,0.086,0.087,0.089,0.087,0.086,0.087,0.087
,20:39:16,40,0.089,0.088,0.086,0.087,0.09,0.089,0.087,0.09,0.09,0.087,0.087,0.088,0.09,0.323,1.034,0.511,0.573,0.499,0.405,0.716,0.509,0.285,0.504,0.088,0.089,0.397,0.082,0.301,0.602,0.302,0.239,0.317,0.384,0.432,0.515,0.09,0.089,0.33,0.566,0.583,0.301,0.565,0.552,0.857,0.303,0.256,0.47,0.091,0.089,1.26,1.188,1.051,1.319,1.279,1.319,1.301,1.274,1.313,1.358,0.088,0.088,1.301,0.087,1.199,1.277,1.081,1.049,1.244,1.283,1.309,1.284,0.103,0.088,1.159,1.302,1.101,1.035,1.34,1.281,1.305,1.264,1.135,1.335,0.089,0.086,0.087,0.087,0.945,0.087,0.086,0.087,0.089,0.086,0.086,0.087,0.087
,20:44:16,40,0.089,0.088,0.086,0.087,0.091,0.089,0.088,0.09,0.091,0.088,0.087,0.088,0.09,0.323,1.035,0.513,0.574,0.5,0.406,0.717,0.509,0.286,0.506,0.089,0.089,0.397,0.082,0.301,0.605,0.303,0.24,0.318,0.385,0.434,0.516,0.091,0.089,0.33,0.568,0.583,0.301,0.566,0.553,0.858,0.303,0.256,0.471,0.091,0.089,1.259,1.188,1.05,1.318,1.278,1.318,1.302,1.274,1.312,1.357,0.088,0.089,1.299,0.088,1.198,1.277,1.079,1.048,1.243,1.283,1.309,1.283,0.104,0.089,1.158,1.301,1.1,1.034,1.34,1.279,1.305,1.263,1.135,1.336,0.089,0.087,0.087,0.087,0.948,0.087,0.086,0.087,0.089,0.087,0.087,0.087,0.088
,20:49:16,40.1,0.089,0.088,0.086,0.087,0.091,0.089,0.087,0.09,0.091,0.087,0.087,0.088,0.09,0.324,1.034,0.516,0.576,0.501,0.406,0.72,0.51,0.286,0.506,0.088,0.089,0.397,0.082,0.3,0.607,0.303,0.239,0.318,0.385,0.435,0.517,0.09,0.089,0.329,0.568,0.583,0.303,0.567,0.554,0.859,0.303,0.255,0.472,0.091,0.089,1.259,1.185,1.049,1.317,1.276,1.317,1.301,1.273,1.31,1.356,0.088,0.089,1.297,0.087,1.196,1.276,1.075,1.047,1.241,1.282,1.308,1.283,0.104,0.088,1.157,1.299,1.098,1.036,1.339,1.277,1.304,1.262,1.134,1.335,0.089,0.086,0.087,0.087,0.949,0.087,0.086,0.087,0.089,0.086,0.086,0.087,0.087
,20:54:16,40,0.089,0.088,0.086,0.087,0.091,0.089,0.087,0.09,0.091,0.087,0.087,0.088,0.09,0.323,1.036,0.515,0.577,0.502,0.407,0.722,0.511,0.285,0.506,0.088,0.089,0.397,0.082,0.3,0.611,0.302,0.238,0.318,0.385,0.435,0.518,0.09,0.089,0.33,0.569,0.584,0.303,0.568,0.554,0.86,0.303,0.255,0.473,0.091,0.089,1.257,1.185,1.047,1.316,1.275,1.316,1.3,1.273,1.309,1.355,0.088,0.089,1.294,0.088,1.195,1.276,1.071,1.046,1.24,1.282,1.308,1.282,0.104,0.088,1.157,1.297,1.096,1.034,1.338,1.276,1.304,1.261,1.133,1.334,0.089,0.086,0.087,0.087,0.951,0.087,0.086,0.087,0.089,0.087,0.086,0.087,0.087
,20:59:16,40.1,0.089,0.087,0.086,0.087,0.09,0.089,0.087,0.09,0.09,0.087,0.087,0.088,0.09,0.323,1.039,0.519,0.577,0.503,0.407,0.723,0.511,0.285,0.508,0.088,0.088,0.397,0.082,0.3,0.614,0.302,0.237,0.318,0.385,0.435,0.519,0.09,0.089,0.329,0.57,0.583,0.304,0.569,0.555,0.861,0.303,0.255,0.474,0.091,0.089,1.256,1.184,1.045,1.315,1.274,1.314,1.3,1.272,1.308,1.355,0.088,0.088,1.292,0.087,1.192,1.275,1.068,1.045,1.238,1.281,1.308,1.282,0.103,0.088,1.157,1.295,1.095,1.032,1.337,1.273,1.304,1.259,1.132,1.333,0.089,0.086,0.087,0.087,0.954,0.087,0.086,0.086,0.089,0.086,0.086,0.087,0.087
,21:04:16,40,0.089,0.087,0.086,0.087,0.09,0.089,0.087,0.09,0.09,0.087,0.087,0.088,0.09,0.323,1.04,0.521,0.578,0.504,0.408,0.725,0.511,0.285,0.508,0.088,0.088,0.398,0.082,0.3,0.617,0.302,0.237,0.318,0.385,0.437,0.52,0.09,0.089,0.33,0.571,0.583,0.305,0.57,0.556,0.862,0.303,0.254,0.475,0.091,0.089,1.257,1.182,1.042,1.314,1.272,1.313,1.299,1.272,1.306,1.354,0.088,0.088,1.289,0.087,1.19,1.274,1.063,1.044,1.236,1.28,1.307,1.281,0.103,0.088,1.157,1.293,1.093,1.031,1.336,1.271,1.303,1.259,1.132,1.332,0.089,0.086,0.087,0.087,0.954,0.087,0.086,0.087,0.089,0.087,0.086,0.087,0.087
,21:09:16,40,0.089,0.087,0.086,0.087,0.091,0.089,0.087,0.09,0.091,0.087,0.087,0.088,0.09,0.324,1.04,0.523,0.579,0.505,0.408,0.727,0.512,0.286,0.509,0.088,0.089,0.398,0.082,0.3,0.619,0.302,0.237,0.318,0.386,0.437,0.521,0.09,0.089,0.329,0.572,0.584,0.305,0.572,0.557,0.862,0.303,0.254,0.476,0.091,0.089,1.256,1.181,1.042,1.313,1.27,1.312,1.299,1.271,1.306,1.353,0.088,0.089,1.287,0.087,1.189,1.274,1.06,1.043,1.234,1.28,1.308,1.281,0.103,0.088,1.157,1.291,1.092,1.024,1.335,1.27,1.302,1.258,1.132,1.332,0.089,0.086,0.087,0.087,0.955,0.087,0.086,0.087,0.089,0.087,0.086,0.087,0.087
,21:14:16,40.1,0.089,0.087,0.086,0.086,0.09,0.089,0.087,0.09,0.09,0.087,0.087,0.088,0.089,0.324,1.04,0.526,0.579,0.506,0.409,0.73,0.512,0.285,0.51,0.088,0.088,0.398,0.082,0.3,0.622,0.302,0.237,0.318,0.386,0.438,0.521,0.09,0.089,0.329,0.573,0.584,0.306,0.572,0.558,0.864,0.303,0.254,0.477,0.091,0.089,1.255,1.179,1.04,1.312,1.269,1.311,1.298,1.271,1.305,1.353,0.088,0.088,1.285,0.087,1.188,1.274,1.058,1.041,1.234,1.28,1.307,1.28,0.103,0.088,1.156,1.29,1.091,1.024,1.335,1.268,1.302,1.257,1.131,1.331,0.089,0.086,0.087,0.087,0.957,0.087,0.086,0.086,0.089,0.086,0.086,0.087,0.087
,21:19:16,40,0.089,0.087,0.086,0.087,0.091,0.089,0.087,0.09,0.09,0.087,0.087,0.088,0.09,0.324,1.04,0.527,0.581,0.508,0.41,0.732,0.514,0.284,0.511,0.088,0.089,0.398,0.082,0.299,0.625,0.302,0.237,0.319,0.386,0.439,0.523,0.09,0.089,0.329,0.574,0.585,0.307,0.573,0.558,0.865,0.302,0.254,0.478,0.091,0.089,1.255,1.18,1.039,1.311,1.268,1.31,1.297,1.271,1.305,1.352,0.088,0.089,1.283,0.087,1.186,1.273,1.055,1.04,1.232,1.28,1.307,1.28,0.103,0.088,1.155,1.287,1.09,1.022,1.333,1.266,1.302,1.257,1.131,1.331,0.089,0.086,0.087,0.087,0.958,0.087,0.086,0.087,0.089,0.086,0.086,0.087,0.087
,21:24:16,40,0.089,0.088,0.086,0.087,0.091,0.089,0.087,0.09,0.09,0.087,0.087,0.088,0.089,0.324,1.041,0.529,0.58,0.508,0.41,0.734,0.514,0.284,0.513,0.088,0.089,0.398,0.082,0.299,0.629,0.302,0.237,0.319,0.386,0.439,0.523,0.09,0.089,0.329,0.575,0.585,0.308,0.574,0.559,0.866,0.303,0.253,0.479,0.091,0.089,1.254,1.181,1.037,1.31,1.266,1.308,1.297,1.27,1.304,1.351,0.088,0.089,1.28,0.087,1.184,1.273,1.051,1.039,1.23,1.279,1.307,1.279,0.103,0.088,1.155,1.286,1.088,1.017,1.332,1.265,1.301,1.256,1.13,1.329,0.089,0.086,0.087,0.087,0.96,0.087,0.086,0.087,0.089,0.086,0.086,0.087,0.087
,21:29:16,40,0.089,0.087,0.086,0.087,0.091,0.089,0.087,0.09,0.09,0.087,0.087,0.088,0.089,0.324,1.042,0.53,0.581,0.509,0.412,0.736,0.514,0.283,0.513,0.088,0.088,0.399,0.082,0.299,0.631,0.302,0.236,0.319,0.386,0.439,0.524,0.09,0.089,0.329,0.576,0.584,0.309,0.575,0.559,0.867,0.302,0.252,0.48,0.091,0.089,1.253,1.179,1.035,1.309,1.265,1.307,1.296,1.27,1.303,1.351,0.088,0.088,1.278,0.087,1.183,1.273,1.047,1.038,1.23,1.278,1.307,1.278,0.103,0.088,1.155,1.284,1.087,1.016,1.331,1.262,1.301,1.255,1.13,1.329,0.089,0.086,0.087,0.087,0.959,0.086,0.086,0.086,0.089,0.086,0.086,0.087,0.087
,21:34:16,40,0.089,0.088,0.086,0.087,0.091,0.089,0.087,0.09,0.09,0.087,0.087,0.088,0.09,0.325,1.042,0.531,0.583,0.51,0.413,0.739,0.516,0.283,0.514,0.088,0.089,0.4,0.082,0.299,0.634,0.303,0.236,0.32,0.387,0.441,0.526,0.09,0.089,0.328,0.577,0.585,0.31,0.577,0.56,0.868,0.302,0.252,0.481,0.091,0.089,1.254,1.178,1.034,1.308,1.264,1.306,1.296,1.27,1.302,1.351,0.088,0.089,1.276,0.087,1.182,1.272,1.047,1.037,1.228,1.278,1.307,1.278,0.104,0.089,1.155,1.282,1.086,1.011,1.33,1.262,1.301,1.254,1.129,1.328,0.089,0.086,0.087,0.087,0.961,0.087,0.086,0.087,0.089,0.087,0.086,0.087,0.087
,21:39:16,40,0.089,0.088,0.086,0.087,0.091,0.089,0.087,0.09,0.09,0.087,0.087,0.088,0.09,0.325,1.043,0.533,0.583,0.511,0.413,0.74,0.516,0.284,0.514,0.088,0.088,0.399,0.082,0.299,0.637,0.302,0.236,0.32,0.387,0.441,0.526,0.09,0.089,0.328,0.577,0.585,0.312,0.577,0.561,0.868,0.302,0.252,0.483,0.091,0.089,1.253,1.176,1.031,1.306,1.263,1.305,1.296,1.269,1.302,1.35,0.088,0.088,1.274,0.087,1.179,1.272,1.045,1.036,1.226,1.277,1.307,1.277,0.103,0.088,1.153,1.28,1.085,1.007,1.329,1.26,1.3,1.254,1.129,1.327,0.089,0.086,0.087,0.087,0.961,0.087,0.086,0.087,0.089,0.086,0.086,0.087,0.087
,21:44:16,40,0.089,0.088,0.086,0.087,0.091,0.089,0.087,0.09,0.09,0.087,0.087,0.088,0.09,0.325,1.044,0.537,0.585,0.512,0.414,0.743,0.516,0.283,0.516,0.088,0.089,0.4,0.082,0.299,0.639,0.302,0.235,0.32,0.387,0.442,0.527,0.09,0.089,0.328,0.579,0.585,0.313,0.578,0.562,0.869,0.302,0.251,0.483,0.091,0.089,1.255,1.175,1.03,1.305,1.261,1.304,1.295,1.269,1.301,1.349,0.088,0.089,1.271,0.087,1.178,1.272,1.04,1.034,1.224,1.277,1.307,1.277,0.103,0.089,1.153,1.278,1.085,1.008,1.327,1.258,1.3,1.252,1.128,1.326,0.089,0.086,0.087,0.087,0.965,0.087,0.086,0.087,0.089,0.086,0.086,0.087,0.087
,21:49:16,40,0.089,0.087,0.086,0.087,0.09,0.089,0.087,0.09,0.09,0.087,0.087,0.088,0.09,0.325,1.046,0.539,0.586,0.513,0.414,0.745,0.517,0.282,0.516,0.088,0.088,0.4,0.082,0.299,0.642,0.302,0.235,0.32,0.388,0.442,0.528,0.09,0.089,0.328,0.58,0.585,0.313,0.579,0.562,0.87,0.302,0.251,0.484,0.091,0.089,1.254,1.174,1.028,1.304,1.26,1.303,1.295,1.269,1.3,1.349,0.088,0.088,1.27,0.087,1.177,1.273,1.04,1.033,1.223,1.276,1.307,1.276,0.103,0.088,1.153,1.277,1.083,1.006,1.328,1.257,1.3,1.252,1.127,1.326,0.089,0.086,0.087,0.087,0.968,0.087,0.086,0.086,0.089,0.086,0.086,0.087,0.087
,21:54:16,40,0.089,0.088,0.086,0.087,0.091,0.089,0.087,0.09,0.091,0.087,0.087,0.088,0.09,0.326,1.046,0.541,0.586,0.515,0.416,0.747,0.517,0.282,0.517,0.088,0.089,0.4,0.082,0.299,0.645,0.303,0.235,0.321,0.388,0.444,0.529,0.09,0.089,0.329,0.581,0.586,0.315,0.581,0.563,0.872,0.303,0.251,0.486,0.091,0.089,1.254,1.173,1.027,1.303,1.259,1.302,1.294,1.269,1.3,1.348,0.088,0.089,1.268,0.087,1.176,1.272,1.037,1.033,1.221,1.277,1.307,1.276,0.103,0.088,1.153,1.276,1.083,1.003,1.327,1.256,1.299,1.252,1.127,1.325,0.089,0.086,0.087,0.087,0.97,0.087,0.086,0.087,0.089,0.087,0.086,0.087,0.087
,21:59:16,40,0.089,0.087,0.086,0.087,0.09,0.089,0.087,0.09,0.09,0.087,0.087,0.088,0.09,0.326,1.046,0.543,0.587,0.516,0.416,0.75,0.518,0.281,0.518,0.088,0.088,0.4,0.082,0.298,0.647,0.302,0.235,0.32,0.388,0.444,0.53,0.09,0.089,0.328,0.582,0.586,0.316,0.582,0.564,0.872,0.302,0.251,0.487,0.091,0.089,1.252,1.172,1.025,1.303,1.258,1.301,1.293,1.268,1.299,1.347,0.088,0.088,1.266,0.087,1.174,1.272,1.034,1.031,1.219,1.276,1.307,1.276,0.103,0.088,1.151,1.273,1.082,0.999,1.326,1.254,1.299,1.251,1.126,1.324,0.089,0.086,0.087,0.087,0.971,0.086,0.086,0.086,0.089,0.086,0.086,0.087,0.087
,22:04:16,40.1,0.089,0.087,0.086,0.087,0.091,0.089,0.087,0.09,0.09,0.087,0.087,0.088,0.09,0.326,1.046,0.543,0.588,0.517,0.418,0.752,0.519,0.281,0.519,0.088,0.089,0.401,0.082,0.298,0.65,0.303,0.235,0.321,0.389,0.445,0.531,0.09,0.089,0.328,0.583,0.586,0.317,0.583,0.565,0.873,0.302,0.25,0.488,0.091,0.089,1.252,1.171,1.024,1.302,1.256,1.3,1.293,1.268,1.298,1.346,0.088,0.089,1.264,0.087,1.174,1.273,1.032,1.03,1.218,1.276,1.307,1.276,0.103,0.088,1.151,1.272,1.082,0.995,1.325,1.253,1.299,1.251,1.127,1.323,0.089,0.086,0.087,0.087,0.974,0.087,0.086,0.087,0.089,0.087,0.086,0.087,0.087
,,,,,,,,,,,,,,,,,,,,,,,,,,,,,,,,,,,,,,,,,,,,,,,,,,,,,,,,,,,,,,,,,,,,,,,,,,,,,,,,,,,,,,,,,,,,,,,,,,
Results,,,,,,,,,,,,,,,,,,,,,,,,,,,,,,,,,,,,,,,,,,,,,,,,,,,,,,,,,,,,,,,,,,,,,,,,,,,,,,,,,,,,,,,,,,,,,,,,,,
,,,,,,,,,,,,,,,,,,,,,,,,,,,,,,,,,,,,,,,,,,,,,,,,,,,,,,,,,,,,,,,,,,,,,,,,,,,,,,,,,,,,,,,,,,,,,,,,,,
,,1,2,3,4,5,6,7,8,9,10,11,12,,,,,,,,,,,,,,,,,,,,,,,,,,,,,,,,,,,,,,,,,,,,,,,,,,,,,,,,,,,,,,,,,,,,,,,,,,,,,,,,,,,,,
,A,-0.034,0.026,0.022,-0.03,-0.03,-0.03,-0.028,-0.022,-0.048,0.032,-0.104,-0.026,Max V [600],,,,,,,,,,,,,,,,,,,,,,,,,,,,,,,,,,,,,,,,,,,,,,,,,,,,,,,,,,,,,,,,,,,,,,,,,,,,,,,,,,,,
,,0.85,0.797,0.917,0.574,0.771,0.97,0.942,0.55,0.941,0.853,0.827,0.899,R-Squared [600],,,,,,,,,,,,,,,,,,,,,,,,,,,,,,,,,,,,,,,,,,,,,,,,,,,,,,,,,,,,,,,,,,,,,,,,,,,,,,,,,,,,
,,0:14:16,12:44:16,12:44:16,0:14:16,0:44:16,0:24:16,0:24:16,7:14:16,0:14:16,12:44:16,1:19:16,20:54:16,t at Max V [600],,,,,,,,,,,,,,,,,,,,,,,,,,,,,,,,,,,,,,,,,,,,,,,,,,,,,,,,,,,,,,,,,,,,,,,,,,,,,,,,,,,,
,,?????,12:54:16,12:59:43,?????,0:22:16,0:06:16,0:05:42,6:56:05,0:04:41,13:06:09,1:07:32,20:12:44,Lagtime [600],,,,,,,,,,,,,,,,,,,,,,,,,,,,,,,,,,,,,,,,,,,,,,,,,,,,,,,,,,,,,,,,,,,,,,,,,,,,,,,,,,,,
,B,-0.022,0.668,2.396,1.784,0.886,1.014,0.594,1.32,0.974,0.482,0.804,-0.026,Max V [600],,,,,,,,,,,,,,,,,,,,,,,,,,,,,,,,,,,,,,,,,,,,,,,,,,,,,,,,,,,,,,,,,,,,,,,,,,,,,,,,,,,,
,,0.582,0.996,1,0.926,1,0.999,1,1,1,0.998,0.998,0.681,R-Squared [600],,,,,,,,,,,,,,,,,,,,,,,,,,,,,,,,,,,,,,,,,,,,,,,,,,,,,,,,,,,,,,,,,,,,,,,,,,,,,,,,,,,,
,,0:14:16,5:44:16,2:54:16,15:24:16,3:14:16,3:39:16,7:04:16,3:04:16,4:49:16,6:44:16,5:29:16,9:59:16,t at Max V [600],,,,,,,,,,,,,,,,,,,,,,,,,,,,,,,,,,,,,,,,,,,,,,,,,,,,,,,,,,,,,,,,,,,,,,,,,,,,,,,,,,,,
,,0:04:16,2:25:26,1:36:27,12:56:19,1:46:17,1:50:21,3:46:17,1:38:25,2:25:06,4:00:34,2:33:06,9:39:16,Lagtime [600],,,,,,,,,,,,,,,,,,,,,,,,,,,,,,,,,,,,,,,,,,,,,,,,,,,,,,,,,,,,,,,,,,,,,,,,,,,,,,,,,,,,
,C,-0.026,0.792,0.038,0.7,0.79,0.922,0.478,0.66,0.62,0.786,1.1,0.024,Max V [600],,,,,,,,,,,,,,,,,,,,,,,,,,,,,,,,,,,,,,,,,,,,,,,,,,,,,,,,,,,,,,,,,,,,,,,,,,,,,,,,,,,,
,,0.983,0.996,0.684,0.984,1,0.981,0.998,0.955,1,0.869,1,0.621,R-Squared [600],,,,,,,,,,,,,,,,,,,,,,,,,,,,,,,,,,,,,,,,,,,,,,,,,,,,,,,,,,,,,,,,,,,,,,,,,,,,,,,,,,,,
,,20:54:16,5:29:16,3:14:16,4:44:16,13:54:16,10:29:16,4:44:16,6:49:16,5:29:16,4:34:16,3:49:16,11:44:16,t at Max V [600],,,,,,,,,,,,,,,,,,,,,,,,,,,,,,,,,,,,,,,,,,,,,,,,,,,,,,,,,,,,,,,,,,,,,,,,,,,,,,,,,,,,
,,21:08:07,2:50:08,3:27:57,3:08:21,7:02:11,6:03:53,2:44:56,3:15:40,3:04:14,2:56:55,2:06:08,12:10:56,Lagtime [600],,,,,,,,,,,,,,,,,,,,,,,,,,,,,,,,,,,,,,,,,,,,,,,,,,,,,,,,,,,,,,,,,,,,,,,,,,,,,,,,,,,,
,D,-0.024,0.776,0.964,1.71,0.664,1.068,0.944,1.84,0.602,0.606,0.684,-0.022,Max V [600],,,,,,,,,,,,,,,,,,,,,,,,,,,,,,,,,,,,,,,,,,,,,,,,,,,,,,,,,,,,,,,,,,,,,,,,,,,,,,,,,,,,
,,0.9,0.999,1,1,0.996,1,0.986,0.999,0.988,0.992,1,0.703,R-Squared [600],,,,,,,,,,,,,,,,,,,,,,,,,,,,,,,,,,,,,,,,,,,,,,,,,,,,,,,,,,,,,,,,,,,,,,,,,,,,,,,,,,,,
,,2:39:16,3:29:16,5:29:16,4:39:16,10:14:16,4:49:16,5:49:16,4:19:16,6:59:16,5:09:16,5:59:16,0:14:16,t at Max V [600],,,,,,,,,,,,,,,,,,,,,,,,,,,,,,,,,,,,,,,,,,,,,,,,,,,,,,,,,,,,,,,,,,,,,,,,,,,,,,,,,,,,
,,2:22:36,2:06:06,2:43:24,2:26:40,5:42:04,2:42:32,3:15:16,2:12:29,3:18:10,3:21:09,2:59:27,?????,Lagtime [600],,,,,,,,,,,,,,,,,,,,,,,,,,,,,,,,,,,,,,,,,,,,,,,,,,,,,,,,,,,,,,,,,,,,,,,,,,,,,,,,,,,,
,E,-0.034,5.05,5.544,5.222,5.668,5.758,5.906,5.642,6.36,6.09,6.142,-0.026,Max V [600],,,,,,,,,,,,,,,,,,,,,,,,,,,,,,,,,,,,,,,,,,,,,,,,,,,,,,,,,,,,,,,,,,,,,,,,,,,,,,,,,,,,
,,0.543,0.995,1,1,1,0.999,1,1,1,1,1,0.797,R-Squared [600],,,,,,,,,,,,,,,,,,,,,,,,,,,,,,,,,,,,,,,,,,,,,,,,,,,,,,,,,,,,,,,,,,,,,,,,,,,,,,,,,,,,
,,8:09:16,4:44:16,2:24:16,2:59:16,2:44:16,2:49:16,2:29:16,2:24:16,2:49:16,2:54:16,2:49:16,2:39:16,t at Max V [600],,,,,,,,,,,,,,,,,,,,,,,,,,,,,,,,,,,,,,,,,,,,,,,,,,,,,,,,,,,,,,,,,,,,,,,,,,,,,,,,,,,,
,,8:02:12,3:13:28,1:32:07,2:04:05,1:54:36,1:58:36,1:37:40,1:32:21,1:58:12,2:04:29,1:55:31,2:30:02,Lagtime [600],,,,,,,,,,,,,,,,,,,,,,,,,,,,,,,,,,,,,,,,,,,,,,,,,,,,,,,,,,,,,,,,,,,,,,,,,,,,,,,,,,,,
,F,0.024,5.486,-0.032,5.866,3.208,6.644,5.938,6.086,5.66,4.52,7.448,-0.03,Max V [600],,,,,,,,,,,,,,,,,,,,,,,,,,,,,,,,,,,,,,,,,,,,,,,,,,,,,,,,,,,,,,,,,,,,,,,,,,,,,,,,,,,,
,,0.973,1,0.955,1,1,0.997,1,0.99,0.999,1,0.999,0.907,R-Squared [600],,,,,,,,,,,,,,,,,,,,,,,,,,,,,,,,,,,,,,,,,,,,,,,,,,,,,,,,,,,,,,,,,,,,,,,,,,,,,,,,,,,,
,,10:54:16,2:44:16,0:14:16,2:54:16,5:09:16,4:54:16,2:54:16,5:19:16,3:14:16,3:44:16,3:14:16,16:44:16,t at Max V [600],,,,,,,,,,,,,,,,,,,,,,,,,,,,,,,,,,,,,,,,,,,,,,,,,,,,,,,,,,,,,,,,,,,,,,,,,,,,,,,,,,,,
,,11:15:56,1:48:41,?????,2:00:43,3:33:52,3:42:58,2:02:00,3:30:23,2:16:43,2:31:14,2:25:21,16:46:56,Lagtime [600],,,,,,,,,,,,,,,,,,,,,,,,,,,,,,,,,,,,,,,,,,,,,,,,,,,,,,,,,,,,,,,,,,,,,,,,,,,,,,,,,,,,
,G,-0.032,5.522,5.69,4.104,7.408,6.744,6.004,6.116,6.406,5.934,6.082,0.022,Max V [600],,,,,,,,,,,,,,,,,,,,,,,,,,,,,,,,,,,,,,,,,,,,,,,,,,,,,,,,,,,,,,,,,,,,,,,,,,,,,,,,,,,,
,,0.8,1,1,0.999,0.998,1,1,1,1,1,1,0.703,R-Squared [600],,,,,,,,,,,,,,,,,,,,,,,,,,,,,,,,,,,,,,,,,,,,,,,,,,,,,,,,,,,,,,,,,,,,,,,,,,,,,,,,,,,,
,,0:14:16,3:04:16,2:49:16,8:14:16,5:39:16,2:44:16,2:34:16,2:39:16,2:44:16,2:59:16,2:49:16,12:44:16,t at Max V [600],,,,,,,,,,,,,,,,,,,,,,,,,,,,,,,,,,,,,,,,,,,,,,,,,,,,,,,,,,,,,,,,,,,,,,,,,,,,,,,,,,,,
,,?????,2:06:01,1:55:37,4:27:55,4:28:44,1:55:21,1:43:42,1:46:58,1:53:57,2:06:12,1:58:48,13:23:21,Lagtime [600],,,,,,,,,,,,,,,,,,,,,,,,,,,,,,,,,,,,,,,,,,,,,,,,,,,,,,,,,,,,,,,,,,,,,,,,,,,,,,,,,,,,
,H,-0.026,-0.024,0.028,5.022,-0.164,-0.04,-0.038,-0.024,-0.024,0.024,-0.024,-0.024,Max V [600],,,,,,,,,,,,,,,,,,,,,,,,,,,,,,,,,,,,,,,,,,,,,,,,,,,,,,,,,,,,,,,,,,,,,,,,,,,,,,,,,,,,
,,0.579,0.766,0.79,0.996,0.584,0.893,0.785,0.581,0.766,0.837,0.9,0.837,R-Squared [600],,,,,,,,,,,,,,,,,,,,,,,,,,,,,,,,,,,,,,,,,,,,,,,,,,,,,,,,,,,,,,,,,,,,,,,,,,,,,,,,,,,,
,,0:14:16,17:29:16,1:59:16,7:19:16,2:34:16,0:14:16,0:14:16,10:24:16,0:14:16,11:44:16,2:39:16,4:24:16,t at Max V [600],,,,,,,,,,,,,,,,,,,,,,,,,,,,,,,,,,,,,,,,,,,,,,,,,,,,,,,,,,,,,,,,,,,,,,,,,,,,,,,,,,,,
,,?????,17:09:16,2:27:07,6:28:00,2:35:22,0:04:46,?????,10:15:06,?????,11:54:16,2:26:46,4:14:16,Lagtime [600],,,,,,,,,,,,,,,,,,,,,,,,,,,,,,,,,,,,,,,,,,,,,,,,,,,,,,,,,,,,,,,,,,,,,,,,,,,,,,,,,,,,
