Software Version,3.11.19,,,,,,,,,,,,,,,,,,,,,,,,,,,,,,,,,,,,,,,,,,,,,,,,,,,,,,,,,,,,,,,,,,,,,,,,,,,,,,,,,,,,,,,,,,,,,,,,,
,,,,,,,,,,,,,,,,,,,,,,,,,,,,,,,,,,,,,,,,,,,,,,,,,,,,,,,,,,,,,,,,,,,,,,,,,,,,,,,,,,,,,,,,,,,,,,,,,,
Experiment File Path:,C:\Users\Public\Documents\Experiments\Experiment1.xpt,,,,,,,,,,,,,,,,,,,,,,,,,,,,,,,,,,,,,,,,,,,,,,,,,,,,,,,,,,,,,,,,,,,,,,,,,,,,,,,,,,,,,,,,,,,,,,,,,
Protocol File Path:,C:\Users\aljelab\Documents\Plate Reader Data\Edward Liu\PROT\RIFRxT 38c.prt,,,,,,,,,,,,,,,,,,,,,,,,,,,,,,,,,,,,,,,,,,,,,,,,,,,,,,,,,,,,,,,,,,,,,,,,,,,,,,,,,,,,,,,,,,,,,,,,,
Plate Number,Plate 1,,,,,,,,,,,,,,,,,,,,,,,,,,,,,,,,,,,,,,,,,,,,,,,,,,,,,,,,,,,,,,,,,,,,,,,,,,,,,,,,,,,,,,,,,,,,,,,,,
Date,26/05/2026,,,,,,,,,,,,,,,,,,,,,,,,,,,,,,,,,,,,,,,,,,,,,,,,,,,,,,,,,,,,,,,,,,,,,,,,,,,,,,,,,,,,,,,,,,,,,,,,,
Time,10:37:31 AM,,,,,,,,,,,,,,,,,,,,,,,,,,,,,,,,,,,,,,,,,,,,,,,,,,,,,,,,,,,,,,,,,,,,,,,,,,,,,,,,,,,,,,,,,,,,,,,,,
Reader Type:,Epoch 2,,,,,,,,,,,,,,,,,,,,,,,,,,,,,,,,,,,,,,,,,,,,,,,,,,,,,,,,,,,,,,,,,,,,,,,,,,,,,,,,,,,,,,,,,,,,,,,,,
Reader Serial Number:,1411241A,,,,,,,,,,,,,,,,,,,,,,,,,,,,,,,,,,,,,,,,,,,,,,,,,,,,,,,,,,,,,,,,,,,,,,,,,,,,,,,,,,,,,,,,,,,,,,,,,
Reading Type,Reader,,,,,,,,,,,,,,,,,,,,,,,,,,,,,,,,,,,,,,,,,,,,,,,,,,,,,,,,,,,,,,,,,,,,,,,,,,,,,,,,,,,,,,,,,,,,,,,,,
,,,,,,,,,,,,,,,,,,,,,,,,,,,,,,,,,,,,,,,,,,,,,,,,,,,,,,,,,,,,,,,,,,,,,,,,,,,,,,,,,,,,,,,,,,,,,,,,,,
Procedure Details,,,,,,,,,,,,,,,,,,,,,,,,,,,,,,,,,,,,,,,,,,,,,,,,,,,,,,,,,,,,,,,,,,,,,,,,,,,,,,,,,,,,,,,,,,,,,,,,,,
Plate Type,96 WELL PLATE (Use plate lid),,,,,,,,,,,,,,,,,,,,,,,,,,,,,,,,,,,,,,,,,,,,,,,,,,,,,,,,,,,,,,,,,,,,,,,,,,,,,,,,,,,,,,,,,,,,,,,,,
Eject plate on completion,,,,,,,,,,,,,,,,,,,,,,,,,,,,,,,,,,,,,,,,,,,,,,,,,,,,,,,,,,,,,,,,,,,,,,,,,,,,,,,,,,,,,,,,,,,,,,,,,,
Set Temperature,"Setpoint 38°C, Gradient 0 °C",,,,,,,,,,,,,,,,,,,,,,,,,,,,,,,,,,,,,,,,,,,,,,,,,,,,,,,,,,,,,,,,,,,,,,,,,,,,,,,,,,,,,,,,,,,,,,,,,
,Preheat before moving to next step,,,,,,,,,,,,,,,,,,,,,,,,,,,,,,,,,,,,,,,,,,,,,,,,,,,,,,,,,,,,,,,,,,,,,,,,,,,,,,,,,,,,,,,,,,,,,,,,,
Start Kinetic,"Runtime 22:00:00 (HH:MM:SS), Interval 0:05:00, 265 Reads",,,,,,,,,,,,,,,,,,,,,,,,,,,,,,,,,,,,,,,,,,,,,,,,,,,,,,,,,,,,,,,,,,,,,,,,,,,,,,,,,,,,,,,,,,,,,,,,,
    Shake,Linear: Continuous,,,,,,,,,,,,,,,,,,,,,,,,,,,,,,,,,,,,,,,,,,,,,,,,,,,,,,,,,,,,,,,,,,,,,,,,,,,,,,,,,,,,,,,,,,,,,,,,,
,Frequency: 567 cpm (3 mm),,,,,,,,,,,,,,,,,,,,,,,,,,,,,,,,,,,,,,,,,,,,,,,,,,,,,,,,,,,,,,,,,,,,,,,,,,,,,,,,,,,,,,,,,,,,,,,,,
    Read,Absorbance Endpoint,,,,,,,,,,,,,,,,,,,,,,,,,,,,,,,,,,,,,,,,,,,,,,,,,,,,,,,,,,,,,,,,,,,,,,,,,,,,,,,,,,,,,,,,,,,,,,,,,
,Full Plate,,,,,,,,,,,,,,,,,,,,,,,,,,,,,,,,,,,,,,,,,,,,,,,,,,,,,,,,,,,,,,,,,,,,,,,,,,,,,,,,,,,,,,,,,,,,,,,,,
,Wavelengths:  600,,,,,,,,,,,,,,,,,,,,,,,,,,,,,,,,,,,,,,,,,,,,,,,,,,,,,,,,,,,,,,,,,,,,,,,,,,,,,,,,,,,,,,,,,,,,,,,,,
,"Read Speed: Normal,  Delay: 100 msec,  Measurements/Data Point: 8",,,,,,,,,,,,,,,,,,,,,,,,,,,,,,,,,,,,,,,,,,,,,,,,,,,,,,,,,,,,,,,,,,,,,,,,,,,,,,,,,,,,,,,,,,,,,,,,,
End Kinetic,,,,,,,,,,,,,,,,,,,,,,,,,,,,,,,,,,,,,,,,,,,,,,,,,,,,,,,,,,,,,,,,,,,,,,,,,,,,,,,,,,,,,,,,,,,,,,,,,,
,,,,,,,,,,,,,,,,,,,,,,,,,,,,,,,,,,,,,,,,,,,,,,,,,,,,,,,,,,,,,,,,,,,,,,,,,,,,,,,,,,,,,,,,,,,,,,,,,,
600,,,,,,,,,,,,,,,,,,,,,,,,,,,,,,,,,,,,,,,,,,,,,,,,,,,,,,,,,,,,,,,,,,,,,,,,,,,,,,,,,,,,,,,,,,,,,,,,,,
,,,,,,,,,,,,,,,,,,,,,,,,,,,,,,,,,,,,,,,,,,,,,,,,,,,,,,,,,,,,,,,,,,,,,,,,,,,,,,,,,,,,,,,,,,,,,,,,,,
,Time,T° 600,A1,A2,A3,A4,A5,A6,A7,A8,A9,A10,A11,A12,B1,B2,B3,B4,B5,B6,B7,B8,B9,B10,B11,B12,C1,C2,C3,C4,C5,C6,C7,C8,C9,C10,C11,C12,D1,D2,D3,D4,D5,D6,D7,D8,D9,D10,D11,D12,E1,E2,E3,E4,E5,E6,E7,E8,E9,E10,E11,E12,F1,F2,F3,F4,F5,F6,F7,F8,F9,F10,F11,F12,G1,G2,G3,G4,G5,G6,G7,G8,G9,G10,G11,G12,H1,H2,H3,H4,H5,H6,H7,H8,H9,H10,H11,H12
,0:04:16,38,0.093,0.089,0.088,0.088,0.09,0.09,0.089,0.089,0.089,0.103,0.089,0.09,0.091,0.095,0.102,0.082,0.099,0.106,0.096,0.096,0.098,0.093,0.092,0.089,0.098,0.111,0.115,0.11,0.114,0.095,0.099,0.087,0.124,0.098,0.089,0.089,0.093,0.109,0.122,0.12,0.122,0.111,0.099,0.095,0.091,0.088,0.09,0.089,0.089,0.095,0.1,0.088,0.108,0.101,0.099,0.099,0.095,0.101,0.093,0.092,0.089,0.102,0.097,0.106,0.102,0.091,0.096,0.096,0.108,0.101,0.099,0.091,0.094,0.096,0.098,0.106,0.102,0.095,0.094,0.103,0.096,0.1,0.101,0.091,0.091,0.091,0.09,0.09,0.088,0.087,0.088,0.09,0.087,0.093,0.098,0.089
,0:09:16,38,0.093,0.089,0.088,0.088,0.089,0.089,0.089,0.089,0.089,0.103,0.089,0.09,0.09,0.095,0.1,0.081,0.099,0.106,0.095,0.096,0.097,0.093,0.092,0.089,0.097,0.11,0.111,0.11,0.111,0.093,0.097,0.087,0.122,0.097,0.089,0.089,0.092,0.108,0.122,0.115,0.114,0.108,0.1,0.095,0.091,0.088,0.09,0.089,0.089,0.095,0.099,0.088,0.104,0.099,0.098,0.098,0.094,0.101,0.093,0.091,0.089,0.101,0.097,0.106,0.101,0.09,0.095,0.095,0.107,0.1,0.099,0.09,0.093,0.096,0.098,0.105,0.102,0.093,0.093,0.102,0.096,0.099,0.1,0.091,0.09,0.091,0.089,0.09,0.088,0.087,0.088,0.09,0.087,0.093,0.098,0.088
,0:14:16,38,0.093,0.089,0.088,0.087,0.089,0.089,0.089,0.089,0.089,0.103,0.089,0.09,0.09,0.095,0.1,0.081,0.099,0.106,0.096,0.097,0.096,0.094,0.092,0.088,0.097,0.11,0.111,0.111,0.112,0.093,0.097,0.087,0.12,0.098,0.089,0.089,0.092,0.11,0.124,0.114,0.114,0.108,0.099,0.095,0.091,0.088,0.09,0.089,0.089,0.095,0.099,0.088,0.104,0.099,0.099,0.098,0.094,0.101,0.093,0.091,0.089,0.101,0.097,0.107,0.102,0.09,0.095,0.095,0.107,0.1,0.098,0.09,0.093,0.096,0.099,0.106,0.102,0.093,0.093,0.102,0.096,0.1,0.101,0.091,0.09,0.091,0.089,0.09,0.088,0.087,0.088,0.09,0.087,0.093,0.098,0.088
,0:19:16,38,0.093,0.089,0.088,0.087,0.089,0.089,0.089,0.089,0.089,0.103,0.089,0.09,0.09,0.095,0.101,0.081,0.1,0.107,0.096,0.097,0.097,0.094,0.092,0.089,0.097,0.111,0.11,0.112,0.113,0.093,0.098,0.088,0.121,0.098,0.089,0.089,0.092,0.11,0.125,0.116,0.116,0.109,0.1,0.097,0.092,0.088,0.09,0.089,0.089,0.095,0.1,0.088,0.105,0.1,0.099,0.098,0.095,0.102,0.093,0.091,0.089,0.102,0.098,0.108,0.102,0.09,0.095,0.095,0.108,0.101,0.098,0.091,0.093,0.096,0.098,0.107,0.103,0.093,0.094,0.102,0.096,0.1,0.101,0.091,0.091,0.091,0.089,0.09,0.088,0.087,0.089,0.09,0.087,0.093,0.098,0.088
,0:24:16,38,0.093,0.089,0.088,0.087,0.089,0.09,0.089,0.089,0.089,0.103,0.089,0.09,0.09,0.096,0.101,0.081,0.1,0.108,0.097,0.098,0.097,0.094,0.092,0.088,0.097,0.112,0.111,0.112,0.114,0.094,0.098,0.088,0.123,0.099,0.089,0.089,0.092,0.112,0.127,0.117,0.117,0.11,0.101,0.095,0.092,0.088,0.09,0.089,0.089,0.095,0.101,0.088,0.106,0.1,0.1,0.099,0.095,0.102,0.094,0.091,0.089,0.102,0.099,0.109,0.103,0.09,0.096,0.096,0.109,0.101,0.099,0.09,0.093,0.097,0.099,0.108,0.104,0.094,0.094,0.103,0.096,0.1,0.101,0.091,0.09,0.091,0.089,0.09,0.088,0.087,0.088,0.09,0.087,0.093,0.097,0.088
,0:29:16,38.1,0.093,0.089,0.088,0.087,0.089,0.09,0.089,0.089,0.089,0.103,0.089,0.09,0.09,0.096,0.102,0.081,0.101,0.109,0.097,0.1,0.098,0.095,0.094,0.088,0.097,0.113,0.112,0.113,0.116,0.095,0.099,0.088,0.125,0.1,0.09,0.089,0.092,0.113,0.129,0.118,0.118,0.111,0.101,0.095,0.092,0.088,0.091,0.089,0.089,0.095,0.102,0.088,0.108,0.1,0.1,0.099,0.095,0.102,0.094,0.091,0.089,0.103,0.1,0.111,0.104,0.09,0.096,0.096,0.11,0.101,0.099,0.09,0.093,0.097,0.099,0.109,0.105,0.094,0.094,0.103,0.097,0.1,0.101,0.091,0.09,0.091,0.089,0.09,0.088,0.087,0.089,0.09,0.087,0.093,0.097,0.088
,0:34:16,38,0.093,0.089,0.088,0.087,0.089,0.089,0.089,0.089,0.089,0.103,0.089,0.09,0.09,0.097,0.103,0.081,0.102,0.11,0.098,0.099,0.098,0.095,0.094,0.088,0.097,0.115,0.113,0.115,0.117,0.096,0.1,0.088,0.127,0.1,0.09,0.089,0.092,0.114,0.132,0.12,0.119,0.112,0.102,0.096,0.093,0.088,0.091,0.089,0.089,0.095,0.103,0.088,0.11,0.101,0.101,0.099,0.095,0.103,0.094,0.091,0.089,0.103,0.1,0.114,0.106,0.09,0.096,0.096,0.111,0.102,0.1,0.09,0.093,0.098,0.1,0.111,0.107,0.095,0.095,0.103,0.097,0.101,0.102,0.091,0.09,0.09,0.089,0.09,0.088,0.087,0.088,0.09,0.087,0.093,0.097,0.088
,0:39:16,38,0.093,0.089,0.088,0.088,0.089,0.09,0.089,0.089,0.089,0.103,0.089,0.09,0.09,0.098,0.104,0.081,0.104,0.112,0.099,0.1,0.099,0.096,0.095,0.088,0.097,0.116,0.116,0.117,0.119,0.097,0.1,0.088,0.129,0.101,0.091,0.089,0.092,0.116,0.135,0.122,0.121,0.115,0.103,0.097,0.093,0.088,0.092,0.089,0.089,0.095,0.105,0.088,0.113,0.102,0.102,0.1,0.095,0.104,0.094,0.091,0.089,0.104,0.102,0.117,0.108,0.09,0.097,0.097,0.112,0.102,0.101,0.09,0.093,0.098,0.101,0.114,0.109,0.095,0.095,0.104,0.098,0.101,0.102,0.091,0.09,0.091,0.089,0.09,0.088,0.087,0.088,0.09,0.087,0.093,0.097,0.088
,0:44:16,38,0.093,0.089,0.088,0.087,0.089,0.09,0.089,0.089,0.089,0.103,0.089,0.09,0.09,0.098,0.105,0.081,0.105,0.114,0.1,0.101,0.099,0.096,0.095,0.088,0.097,0.118,0.118,0.119,0.122,0.098,0.101,0.088,0.131,0.102,0.091,0.089,0.092,0.117,0.139,0.125,0.125,0.117,0.104,0.097,0.094,0.089,0.092,0.089,0.089,0.096,0.106,0.088,0.115,0.103,0.104,0.101,0.095,0.105,0.095,0.091,0.089,0.105,0.104,0.12,0.11,0.09,0.098,0.098,0.114,0.103,0.102,0.09,0.093,0.099,0.103,0.116,0.111,0.096,0.096,0.104,0.099,0.101,0.103,0.091,0.09,0.091,0.089,0.09,0.088,0.087,0.088,0.09,0.087,0.093,0.097,0.088
,0:49:16,38,0.093,0.089,0.088,0.087,0.089,0.09,0.089,0.089,0.089,0.103,0.089,0.09,0.09,0.099,0.106,0.081,0.107,0.115,0.101,0.102,0.1,0.097,0.096,0.088,0.097,0.12,0.12,0.121,0.125,0.098,0.102,0.089,0.134,0.103,0.092,0.089,0.092,0.119,0.142,0.128,0.127,0.119,0.105,0.098,0.095,0.089,0.092,0.089,0.089,0.096,0.109,0.088,0.119,0.104,0.106,0.101,0.095,0.107,0.095,0.091,0.089,0.106,0.106,0.125,0.112,0.091,0.099,0.099,0.116,0.105,0.104,0.09,0.093,0.1,0.103,0.12,0.114,0.097,0.097,0.105,0.1,0.102,0.104,0.091,0.09,0.091,0.089,0.09,0.088,0.087,0.089,0.09,0.087,0.093,0.097,0.088
,0:54:16,38,0.093,0.089,0.088,0.087,0.089,0.09,0.089,0.089,0.089,0.103,0.088,0.09,0.09,0.1,0.108,0.081,0.108,0.117,0.102,0.104,0.101,0.101,0.097,0.088,0.097,0.121,0.122,0.123,0.128,0.099,0.103,0.089,0.137,0.104,0.092,0.089,0.092,0.121,0.146,0.131,0.128,0.121,0.106,0.098,0.097,0.089,0.092,0.089,0.089,0.096,0.111,0.088,0.123,0.105,0.107,0.102,0.095,0.108,0.095,0.091,0.089,0.107,0.108,0.129,0.116,0.091,0.1,0.1,0.119,0.106,0.105,0.09,0.093,0.101,0.105,0.124,0.117,0.098,0.097,0.106,0.101,0.102,0.104,0.091,0.09,0.09,0.089,0.09,0.088,0.087,0.088,0.09,0.087,0.093,0.097,0.088
,0:59:16,38,0.093,0.089,0.088,0.087,0.089,0.09,0.089,0.089,0.089,0.103,0.089,0.09,0.09,0.1,0.109,0.081,0.111,0.119,0.103,0.105,0.103,0.098,0.098,0.088,0.097,0.122,0.126,0.126,0.131,0.099,0.104,0.089,0.14,0.105,0.093,0.089,0.092,0.122,0.151,0.134,0.131,0.124,0.108,0.099,0.096,0.089,0.093,0.089,0.089,0.097,0.114,0.088,0.128,0.107,0.11,0.104,0.096,0.111,0.096,0.091,0.089,0.109,0.111,0.136,0.12,0.091,0.101,0.101,0.122,0.107,0.108,0.09,0.093,0.103,0.107,0.129,0.121,0.1,0.098,0.107,0.102,0.103,0.106,0.091,0.09,0.091,0.089,0.09,0.088,0.087,0.089,0.09,0.087,0.093,0.097,0.088
,1:04:16,38,0.093,0.089,0.088,0.087,0.089,0.09,0.089,0.089,0.089,0.103,0.089,0.09,0.09,0.101,0.111,0.081,0.112,0.121,0.105,0.107,0.104,0.099,0.099,0.088,0.097,0.124,0.128,0.13,0.135,0.1,0.106,0.09,0.144,0.107,0.094,0.089,0.092,0.126,0.156,0.138,0.134,0.127,0.11,0.1,0.098,0.089,0.094,0.089,0.089,0.097,0.119,0.088,0.134,0.109,0.114,0.105,0.096,0.113,0.097,0.091,0.089,0.11,0.114,0.144,0.124,0.092,0.102,0.103,0.126,0.109,0.111,0.091,0.093,0.104,0.11,0.134,0.126,0.102,0.099,0.109,0.104,0.104,0.107,0.091,0.09,0.091,0.089,0.09,0.088,0.087,0.089,0.09,0.087,0.093,0.097,0.088
,1:09:16,38,0.093,0.089,0.088,0.087,0.089,0.09,0.089,0.089,0.089,0.103,0.089,0.09,0.09,0.102,0.113,0.081,0.115,0.124,0.106,0.108,0.106,0.099,0.101,0.088,0.097,0.125,0.132,0.133,0.139,0.101,0.108,0.093,0.147,0.108,0.094,0.089,0.092,0.127,0.162,0.142,0.137,0.13,0.112,0.1,0.098,0.089,0.094,0.089,0.089,0.097,0.123,0.088,0.142,0.112,0.117,0.107,0.096,0.116,0.098,0.091,0.089,0.112,0.117,0.152,0.13,0.092,0.104,0.104,0.131,0.111,0.114,0.09,0.093,0.106,0.113,0.141,0.131,0.104,0.101,0.11,0.106,0.105,0.109,0.091,0.09,0.091,0.089,0.09,0.088,0.087,0.089,0.09,0.087,0.093,0.097,0.088
,1:14:16,38,0.093,0.089,0.088,0.087,0.089,0.09,0.089,0.089,0.089,0.103,0.089,0.09,0.09,0.102,0.115,0.081,0.118,0.127,0.108,0.11,0.107,0.1,0.102,0.088,0.097,0.126,0.136,0.136,0.142,0.102,0.11,0.092,0.151,0.11,0.096,0.089,0.092,0.13,0.168,0.146,0.141,0.134,0.113,0.101,0.1,0.09,0.094,0.089,0.089,0.098,0.129,0.088,0.15,0.114,0.122,0.109,0.097,0.12,0.098,0.091,0.089,0.114,0.122,0.164,0.136,0.093,0.106,0.107,0.136,0.114,0.118,0.09,0.093,0.109,0.116,0.149,0.139,0.106,0.103,0.112,0.108,0.106,0.111,0.091,0.09,0.091,0.089,0.09,0.088,0.087,0.089,0.09,0.087,0.093,0.097,0.088
,1:19:16,38,0.093,0.089,0.088,0.087,0.089,0.09,0.089,0.089,0.089,0.103,0.089,0.09,0.09,0.103,0.118,0.081,0.122,0.13,0.11,0.113,0.11,0.101,0.104,0.088,0.097,0.128,0.141,0.14,0.147,0.102,0.112,0.091,0.156,0.112,0.097,0.089,0.092,0.132,0.175,0.152,0.145,0.138,0.116,0.102,0.101,0.09,0.095,0.089,0.089,0.098,0.137,0.088,0.162,0.117,0.128,0.112,0.098,0.124,0.1,0.091,0.089,0.116,0.128,0.178,0.145,0.093,0.108,0.11,0.143,0.118,0.123,0.09,0.093,0.112,0.121,0.159,0.147,0.11,0.105,0.115,0.111,0.107,0.114,0.091,0.09,0.091,0.089,0.09,0.088,0.087,0.089,0.09,0.087,0.093,0.097,0.088
,1:24:16,38.1,0.093,0.089,0.088,0.087,0.089,0.09,0.089,0.089,0.089,0.103,0.089,0.09,0.09,0.103,0.12,0.081,0.126,0.134,0.112,0.115,0.112,0.102,0.106,0.088,0.097,0.13,0.146,0.144,0.152,0.103,0.115,0.091,0.162,0.114,0.097,0.089,0.092,0.135,0.182,0.158,0.15,0.143,0.118,0.103,0.102,0.09,0.096,0.089,0.089,0.099,0.145,0.088,0.174,0.121,0.135,0.115,0.099,0.129,0.101,0.091,0.089,0.12,0.134,0.194,0.155,0.094,0.111,0.114,0.151,0.122,0.128,0.091,0.093,0.116,0.127,0.171,0.157,0.114,0.108,0.118,0.115,0.108,0.117,0.091,0.09,0.091,0.089,0.09,0.088,0.087,0.089,0.09,0.087,0.093,0.097,0.088
,1:29:16,38,0.093,0.089,0.088,0.087,0.09,0.09,0.089,0.089,0.089,0.103,0.089,0.09,0.09,0.104,0.123,0.081,0.131,0.139,0.114,0.118,0.115,0.103,0.108,0.088,0.097,0.132,0.152,0.149,0.158,0.104,0.117,0.092,0.167,0.116,0.099,0.089,0.092,0.138,0.19,0.164,0.155,0.148,0.12,0.104,0.104,0.09,0.097,0.089,0.089,0.1,0.156,0.088,0.191,0.126,0.143,0.119,0.1,0.136,0.103,0.091,0.089,0.123,0.141,0.213,0.167,0.095,0.114,0.118,0.161,0.126,0.135,0.09,0.093,0.12,0.133,0.185,0.169,0.119,0.111,0.12,0.12,0.11,0.121,0.091,0.09,0.091,0.089,0.09,0.088,0.087,0.089,0.09,0.087,0.093,0.097,0.088
,1:34:16,38,0.093,0.089,0.088,0.087,0.09,0.09,0.089,0.089,0.089,0.103,0.089,0.09,0.09,0.105,0.127,0.081,0.135,0.143,0.117,0.121,0.118,0.105,0.11,0.089,0.097,0.134,0.158,0.154,0.164,0.106,0.12,0.093,0.173,0.119,0.1,0.089,0.092,0.142,0.199,0.171,0.161,0.153,0.123,0.105,0.106,0.091,0.098,0.089,0.089,0.1,0.168,0.088,0.202,0.131,0.153,0.124,0.102,0.143,0.105,0.091,0.089,0.126,0.15,0.219,0.181,0.096,0.117,0.123,0.171,0.132,0.143,0.091,0.093,0.124,0.14,0.2,0.184,0.125,0.115,0.125,0.126,0.112,0.125,0.091,0.09,0.091,0.089,0.09,0.088,0.087,0.089,0.09,0.087,0.093,0.097,0.088
,1:39:16,38,0.093,0.089,0.088,0.087,0.089,0.09,0.089,0.089,0.089,0.103,0.089,0.09,0.09,0.106,0.129,0.081,0.139,0.148,0.119,0.124,0.121,0.106,0.113,0.088,0.097,0.136,0.164,0.158,0.167,0.107,0.124,0.093,0.18,0.122,0.102,0.089,0.092,0.145,0.207,0.177,0.165,0.158,0.126,0.106,0.107,0.091,0.098,0.089,0.089,0.101,0.182,0.088,0.208,0.137,0.164,0.128,0.103,0.151,0.107,0.091,0.089,0.13,0.16,0.234,0.196,0.097,0.121,0.129,0.184,0.138,0.153,0.09,0.093,0.129,0.149,0.206,0.194,0.132,0.119,0.129,0.132,0.114,0.13,0.091,0.09,0.09,0.089,0.09,0.088,0.087,0.089,0.09,0.087,0.093,0.097,0.088
,1:44:16,38.1,0.093,0.089,0.088,0.087,0.089,0.09,0.089,0.09,0.089,0.103,0.089,0.09,0.09,0.107,0.133,0.081,0.144,0.155,0.122,0.128,0.126,0.107,0.116,0.088,0.097,0.139,0.171,0.163,0.172,0.108,0.128,0.094,0.188,0.125,0.103,0.089,0.092,0.15,0.217,0.185,0.168,0.164,0.13,0.108,0.11,0.091,0.099,0.089,0.089,0.102,0.194,0.088,0.227,0.144,0.179,0.135,0.105,0.162,0.11,0.091,0.089,0.135,0.172,0.259,0.203,0.098,0.126,0.136,0.2,0.146,0.165,0.091,0.093,0.136,0.16,0.218,0.202,0.14,0.125,0.134,0.14,0.117,0.137,0.091,0.09,0.091,0.089,0.09,0.088,0.087,0.089,0.09,0.087,0.093,0.097,0.088
,1:49:16,38,0.093,0.088,0.088,0.087,0.089,0.089,0.088,0.089,0.089,0.103,0.089,0.09,0.09,0.108,0.137,0.081,0.149,0.162,0.125,0.132,0.129,0.108,0.118,0.088,0.097,0.14,0.177,0.167,0.176,0.11,0.133,0.095,0.197,0.128,0.105,0.089,0.092,0.155,0.225,0.19,0.171,0.169,0.134,0.109,0.111,0.091,0.1,0.089,0.089,0.102,0.199,0.088,0.248,0.151,0.19,0.142,0.107,0.174,0.114,0.091,0.089,0.14,0.185,0.282,0.213,0.099,0.131,0.145,0.212,0.155,0.179,0.09,0.092,0.143,0.172,0.238,0.217,0.15,0.131,0.14,0.148,0.12,0.144,0.091,0.09,0.091,0.089,0.09,0.088,0.087,0.089,0.09,0.087,0.092,0.097,0.088
,1:54:16,38,0.093,0.089,0.088,0.087,0.089,0.09,0.089,0.089,0.089,0.103,0.089,0.09,0.09,0.109,0.14,0.081,0.154,0.169,0.128,0.135,0.134,0.11,0.12,0.088,0.097,0.143,0.184,0.171,0.179,0.111,0.137,0.096,0.206,0.131,0.108,0.089,0.092,0.159,0.23,0.195,0.174,0.172,0.138,0.111,0.114,0.091,0.101,0.089,0.089,0.104,0.215,0.088,0.268,0.161,0.197,0.151,0.11,0.188,0.118,0.091,0.089,0.146,0.194,0.301,0.233,0.101,0.137,0.156,0.222,0.166,0.188,0.09,0.093,0.151,0.186,0.258,0.238,0.162,0.138,0.148,0.16,0.123,0.153,0.091,0.09,0.09,0.089,0.09,0.088,0.087,0.088,0.09,0.087,0.093,0.097,0.088
,1:59:16,38,0.093,0.089,0.088,0.087,0.089,0.09,0.089,0.089,0.089,0.103,0.088,0.09,0.09,0.11,0.143,0.081,0.159,0.173,0.131,0.138,0.137,0.111,0.122,0.088,0.097,0.146,0.19,0.175,0.183,0.113,0.142,0.097,0.21,0.135,0.11,0.089,0.092,0.165,0.234,0.2,0.177,0.175,0.142,0.113,0.115,0.092,0.103,0.089,0.089,0.105,0.237,0.088,0.286,0.171,0.213,0.162,0.113,0.199,0.123,0.091,0.089,0.153,0.205,0.321,0.253,0.102,0.145,0.168,0.24,0.178,0.194,0.09,0.093,0.161,0.19,0.279,0.258,0.175,0.148,0.156,0.173,0.127,0.164,0.091,0.09,0.091,0.089,0.09,0.088,0.087,0.089,0.09,0.087,0.093,0.097,0.088
,2:04:16,38,0.093,0.089,0.088,0.087,0.089,0.09,0.089,0.089,0.089,0.103,0.089,0.09,0.09,0.111,0.146,0.081,0.161,0.179,0.132,0.139,0.14,0.113,0.125,0.088,0.097,0.148,0.192,0.18,0.189,0.114,0.146,0.098,0.216,0.138,0.113,0.089,0.092,0.17,0.24,0.204,0.18,0.178,0.147,0.115,0.116,0.092,0.104,0.089,0.089,0.106,0.258,0.088,0.308,0.182,0.234,0.173,0.116,0.206,0.129,0.091,0.089,0.161,0.222,0.345,0.274,0.104,0.153,0.182,0.26,0.194,0.209,0.091,0.093,0.172,0.2,0.3,0.28,0.181,0.158,0.166,0.183,0.132,0.176,0.091,0.09,0.091,0.089,0.09,0.088,0.087,0.089,0.09,0.087,0.093,0.097,0.088
,2:09:16,38,0.093,0.089,0.088,0.087,0.089,0.09,0.089,0.089,0.089,0.103,0.089,0.09,0.09,0.112,0.149,0.081,0.164,0.187,0.134,0.142,0.144,0.115,0.128,0.088,0.097,0.151,0.196,0.182,0.195,0.116,0.15,0.099,0.222,0.142,0.114,0.089,0.092,0.175,0.247,0.207,0.184,0.182,0.151,0.117,0.118,0.092,0.105,0.089,0.089,0.107,0.279,0.088,0.333,0.196,0.254,0.184,0.12,0.222,0.136,0.091,0.089,0.17,0.24,0.372,0.294,0.106,0.161,0.192,0.28,0.203,0.23,0.09,0.093,0.184,0.218,0.322,0.302,0.191,0.169,0.177,0.188,0.136,0.19,0.091,0.09,0.091,0.089,0.09,0.088,0.087,0.089,0.09,0.087,0.093,0.097,0.088
,2:14:16,38,0.093,0.089,0.088,0.087,0.089,0.09,0.089,0.089,0.089,0.103,0.089,0.09,0.09,0.113,0.151,0.081,0.168,0.194,0.136,0.144,0.147,0.117,0.13,0.088,0.097,0.155,0.201,0.185,0.201,0.118,0.155,0.1,0.228,0.145,0.116,0.089,0.092,0.18,0.257,0.213,0.188,0.186,0.155,0.119,0.119,0.093,0.106,0.089,0.089,0.109,0.301,0.088,0.359,0.208,0.275,0.19,0.126,0.24,0.145,0.091,0.089,0.179,0.259,0.4,0.316,0.109,0.172,0.2,0.301,0.211,0.248,0.09,0.093,0.191,0.239,0.347,0.325,0.21,0.183,0.189,0.203,0.143,0.197,0.091,0.09,0.091,0.089,0.09,0.088,0.087,0.089,0.09,0.087,0.093,0.097,0.088
,2:19:16,38,0.093,0.089,0.088,0.087,0.089,0.09,0.089,0.089,0.089,0.103,0.089,0.09,0.09,0.114,0.153,0.081,0.173,0.201,0.138,0.147,0.151,0.118,0.133,0.088,0.097,0.158,0.207,0.191,0.208,0.12,0.16,0.101,0.236,0.149,0.118,0.089,0.092,0.183,0.266,0.218,0.192,0.191,0.157,0.121,0.121,0.093,0.108,0.089,0.089,0.111,0.327,0.088,0.387,0.222,0.296,0.202,0.132,0.258,0.154,0.091,0.089,0.189,0.279,0.427,0.341,0.112,0.181,0.217,0.326,0.227,0.269,0.09,0.093,0.201,0.258,0.375,0.351,0.229,0.193,0.203,0.222,0.149,0.207,0.091,0.09,0.09,0.089,0.09,0.088,0.087,0.088,0.09,0.087,0.093,0.097,0.088
,2:24:16,38,0.093,0.089,0.088,0.087,0.089,0.09,0.089,0.089,0.089,0.103,0.089,0.09,0.09,0.115,0.157,0.081,0.178,0.208,0.141,0.15,0.156,0.12,0.137,0.088,0.097,0.162,0.213,0.196,0.216,0.121,0.166,0.102,0.244,0.153,0.121,0.089,0.092,0.186,0.276,0.224,0.195,0.195,0.161,0.124,0.122,0.093,0.11,0.089,0.089,0.112,0.353,0.088,0.417,0.237,0.32,0.218,0.139,0.279,0.167,0.091,0.089,0.2,0.301,0.452,0.369,0.115,0.186,0.235,0.351,0.248,0.288,0.09,0.093,0.216,0.277,0.404,0.379,0.25,0.206,0.216,0.241,0.156,0.224,0.091,0.09,0.091,0.089,0.09,0.088,0.087,0.089,0.09,0.087,0.093,0.097,0.088
,2:29:16,38,0.093,0.089,0.088,0.087,0.089,0.09,0.089,0.089,0.089,0.103,0.089,0.09,0.09,0.116,0.161,0.081,0.183,0.216,0.143,0.153,0.16,0.121,0.14,0.088,0.097,0.166,0.22,0.202,0.224,0.123,0.174,0.103,0.252,0.157,0.124,0.089,0.092,0.191,0.287,0.23,0.197,0.2,0.165,0.126,0.124,0.094,0.111,0.089,0.089,0.114,0.381,0.088,0.449,0.254,0.347,0.235,0.148,0.3,0.176,0.091,0.089,0.211,0.323,0.476,0.399,0.118,0.196,0.255,0.378,0.266,0.31,0.09,0.093,0.233,0.298,0.434,0.41,0.271,0.225,0.233,0.261,0.164,0.245,0.091,0.09,0.091,0.089,0.09,0.088,0.087,0.089,0.09,0.087,0.093,0.097,0.088
,2:34:16,38,0.093,0.089,0.088,0.087,0.089,0.09,0.089,0.089,0.089,0.103,0.089,0.09,0.09,0.118,0.164,0.081,0.189,0.225,0.146,0.156,0.165,0.122,0.144,0.088,0.097,0.168,0.227,0.208,0.232,0.125,0.182,0.104,0.261,0.159,0.127,0.089,0.092,0.195,0.298,0.237,0.201,0.206,0.17,0.127,0.126,0.094,0.112,0.089,0.089,0.117,0.41,0.088,0.477,0.271,0.372,0.254,0.158,0.323,0.183,0.091,0.089,0.224,0.348,0.497,0.427,0.121,0.208,0.273,0.408,0.288,0.338,0.091,0.093,0.252,0.322,0.461,0.44,0.293,0.242,0.249,0.281,0.173,0.265,0.091,0.09,0.091,0.089,0.09,0.088,0.087,0.089,0.09,0.087,0.093,0.097,0.088
,2:39:16,38.1,0.093,0.088,0.088,0.087,0.089,0.09,0.089,0.089,0.089,0.102,0.088,0.09,0.09,0.119,0.168,0.081,0.193,0.235,0.149,0.16,0.169,0.123,0.148,0.088,0.097,0.171,0.235,0.214,0.238,0.127,0.188,0.105,0.27,0.162,0.13,0.089,0.092,0.2,0.31,0.243,0.206,0.211,0.174,0.129,0.128,0.095,0.113,0.089,0.089,0.119,0.44,0.088,0.502,0.289,0.4,0.275,0.168,0.347,0.197,0.091,0.089,0.236,0.373,0.517,0.455,0.125,0.223,0.295,0.437,0.31,0.365,0.09,0.093,0.272,0.347,0.486,0.466,0.316,0.261,0.266,0.303,0.182,0.287,0.091,0.09,0.09,0.089,0.09,0.088,0.087,0.088,0.09,0.087,0.093,0.097,0.088
,2:44:16,38,0.093,0.089,0.088,0.087,0.089,0.09,0.089,0.089,0.089,0.103,0.089,0.09,0.09,0.12,0.172,0.081,0.2,0.245,0.152,0.164,0.172,0.125,0.151,0.088,0.097,0.176,0.244,0.222,0.246,0.128,0.192,0.106,0.279,0.165,0.133,0.089,0.092,0.206,0.318,0.251,0.21,0.217,0.18,0.132,0.13,0.095,0.114,0.089,0.089,0.122,0.47,0.088,0.527,0.308,0.431,0.297,0.174,0.372,0.213,0.091,0.089,0.251,0.4,0.538,0.478,0.13,0.238,0.32,0.463,0.336,0.394,0.09,0.093,0.294,0.377,0.509,0.493,0.342,0.28,0.284,0.327,0.185,0.31,0.091,0.09,0.091,0.089,0.09,0.088,0.087,0.088,0.09,0.087,0.093,0.097,0.088
,2:49:16,38,0.093,0.088,0.088,0.087,0.089,0.09,0.089,0.089,0.089,0.103,0.089,0.09,0.09,0.122,0.176,0.081,0.208,0.256,0.155,0.169,0.178,0.126,0.155,0.088,0.097,0.179,0.252,0.227,0.256,0.13,0.198,0.108,0.288,0.168,0.135,0.089,0.092,0.211,0.329,0.257,0.215,0.222,0.187,0.134,0.132,0.095,0.115,0.089,0.089,0.124,0.493,0.088,0.55,0.329,0.46,0.321,0.179,0.398,0.232,0.091,0.089,0.265,0.424,0.557,0.5,0.134,0.252,0.344,0.488,0.362,0.426,0.091,0.092,0.317,0.406,0.532,0.516,0.369,0.301,0.303,0.351,0.192,0.336,0.091,0.09,0.09,0.089,0.09,0.088,0.087,0.089,0.09,0.087,0.093,0.097,0.088
,2:54:16,38,0.093,0.089,0.088,0.087,0.089,0.09,0.089,0.089,0.089,0.103,0.089,0.09,0.09,0.123,0.179,0.081,0.216,0.264,0.159,0.172,0.185,0.128,0.16,0.088,0.097,0.184,0.262,0.234,0.267,0.132,0.206,0.109,0.298,0.172,0.138,0.089,0.092,0.218,0.344,0.266,0.22,0.23,0.191,0.137,0.135,0.096,0.117,0.089,0.089,0.127,0.517,0.088,0.575,0.349,0.487,0.346,0.19,0.425,0.252,0.091,0.089,0.28,0.449,0.577,0.521,0.139,0.271,0.371,0.511,0.39,0.462,0.09,0.093,0.341,0.436,0.555,0.539,0.399,0.326,0.325,0.378,0.204,0.361,0.091,0.09,0.091,0.089,0.09,0.088,0.087,0.089,0.09,0.087,0.093,0.097,0.088
,2:59:16,38,0.093,0.089,0.088,0.087,0.089,0.09,0.089,0.089,0.089,0.103,0.089,0.09,0.09,0.125,0.185,0.081,0.225,0.274,0.163,0.177,0.192,0.13,0.165,0.088,0.097,0.189,0.272,0.243,0.279,0.134,0.214,0.111,0.309,0.175,0.142,0.089,0.092,0.223,0.36,0.276,0.225,0.237,0.197,0.139,0.137,0.096,0.119,0.089,0.089,0.131,0.542,0.088,0.597,0.37,0.511,0.371,0.207,0.45,0.276,0.091,0.089,0.296,0.471,0.595,0.542,0.146,0.293,0.4,0.535,0.421,0.492,0.09,0.093,0.366,0.465,0.578,0.562,0.429,0.351,0.345,0.406,0.219,0.39,0.091,0.09,0.09,0.089,0.09,0.088,0.087,0.088,0.09,0.087,0.093,0.097,0.088
,3:04:16,38,0.093,0.089,0.088,0.087,0.089,0.09,0.089,0.089,0.089,0.103,0.089,0.09,0.09,0.126,0.191,0.081,0.233,0.287,0.167,0.183,0.2,0.132,0.171,0.088,0.097,0.194,0.282,0.252,0.289,0.135,0.223,0.113,0.322,0.179,0.146,0.089,0.092,0.229,0.375,0.285,0.23,0.245,0.203,0.142,0.14,0.097,0.12,0.089,0.089,0.134,0.565,0.088,0.618,0.392,0.533,0.398,0.226,0.471,0.299,0.091,0.089,0.313,0.493,0.611,0.564,0.153,0.316,0.43,0.558,0.451,0.521,0.09,0.093,0.392,0.489,0.597,0.583,0.456,0.38,0.369,0.434,0.235,0.421,0.091,0.09,0.091,0.089,0.09,0.088,0.087,0.088,0.09,0.087,0.093,0.097,0.088
,3:09:16,38,0.093,0.089,0.088,0.087,0.089,0.09,0.089,0.089,0.089,0.103,0.089,0.09,0.09,0.127,0.196,0.081,0.238,0.3,0.171,0.188,0.207,0.134,0.177,0.088,0.097,0.199,0.293,0.261,0.297,0.137,0.23,0.114,0.333,0.184,0.151,0.089,0.092,0.236,0.391,0.295,0.236,0.253,0.211,0.145,0.144,0.097,0.122,0.089,0.089,0.138,0.586,0.088,0.638,0.416,0.555,0.426,0.243,0.492,0.326,0.091,0.089,0.33,0.515,0.627,0.583,0.158,0.338,0.455,0.581,0.48,0.548,0.09,0.093,0.419,0.511,0.616,0.602,0.482,0.411,0.395,0.459,0.255,0.454,0.091,0.09,0.09,0.089,0.09,0.088,0.087,0.089,0.09,0.087,0.093,0.097,0.088
,3:14:16,38.1,0.093,0.088,0.088,0.087,0.089,0.09,0.089,0.089,0.089,0.103,0.089,0.09,0.09,0.128,0.202,0.081,0.241,0.312,0.175,0.193,0.213,0.136,0.179,0.088,0.097,0.204,0.303,0.27,0.302,0.139,0.235,0.115,0.344,0.188,0.155,0.088,0.092,0.242,0.406,0.305,0.243,0.26,0.217,0.148,0.146,0.097,0.123,0.089,0.089,0.142,0.606,0.088,0.655,0.438,0.577,0.452,0.26,0.511,0.355,0.09,0.089,0.348,0.535,0.64,0.602,0.165,0.362,0.478,0.602,0.506,0.572,0.09,0.092,0.443,0.533,0.634,0.619,0.503,0.442,0.421,0.48,0.273,0.484,0.091,0.09,0.09,0.089,0.09,0.088,0.087,0.088,0.09,0.087,0.093,0.097,0.088
,3:19:16,38,0.093,0.088,0.088,0.087,0.089,0.09,0.089,0.089,0.089,0.102,0.088,0.09,0.09,0.13,0.208,0.081,0.244,0.324,0.179,0.198,0.221,0.138,0.181,0.088,0.097,0.21,0.314,0.28,0.307,0.141,0.241,0.117,0.356,0.192,0.159,0.089,0.092,0.249,0.418,0.314,0.251,0.268,0.225,0.152,0.148,0.098,0.126,0.089,0.089,0.146,0.625,0.088,0.674,0.462,0.595,0.479,0.279,0.53,0.384,0.091,0.089,0.366,0.553,0.657,0.619,0.172,0.386,0.502,0.619,0.532,0.597,0.09,0.092,0.468,0.555,0.651,0.636,0.527,0.47,0.446,0.5,0.293,0.512,0.091,0.09,0.09,0.089,0.09,0.088,0.087,0.089,0.09,0.087,0.093,0.097,0.088
,3:24:16,38,0.093,0.089,0.088,0.087,0.089,0.09,0.089,0.089,0.089,0.103,0.089,0.09,0.09,0.131,0.213,0.081,0.248,0.332,0.183,0.204,0.229,0.141,0.183,0.088,0.097,0.216,0.326,0.287,0.313,0.142,0.25,0.118,0.368,0.197,0.163,0.089,0.092,0.256,0.423,0.324,0.259,0.274,0.23,0.154,0.15,0.098,0.128,0.089,0.089,0.151,0.644,0.088,0.692,0.485,0.612,0.503,0.3,0.547,0.415,0.091,0.089,0.386,0.57,0.671,0.637,0.179,0.412,0.525,0.637,0.555,0.622,0.09,0.092,0.491,0.576,0.667,0.651,0.547,0.496,0.472,0.517,0.314,0.541,0.091,0.09,0.091,0.089,0.09,0.088,0.087,0.088,0.09,0.087,0.093,0.097,0.088
,3:29:16,38.1,0.093,0.089,0.088,0.087,0.089,0.09,0.089,0.089,0.089,0.103,0.089,0.09,0.09,0.133,0.216,0.081,0.251,0.34,0.185,0.209,0.238,0.143,0.185,0.088,0.097,0.221,0.334,0.293,0.32,0.144,0.259,0.121,0.378,0.204,0.167,0.089,0.092,0.263,0.429,0.331,0.266,0.278,0.233,0.156,0.151,0.099,0.13,0.089,0.089,0.157,0.659,0.088,0.71,0.507,0.628,0.526,0.325,0.562,0.448,0.091,0.089,0.403,0.586,0.684,0.653,0.189,0.437,0.547,0.654,0.58,0.643,0.09,0.092,0.512,0.594,0.683,0.668,0.569,0.521,0.496,0.536,0.338,0.568,0.091,0.09,0.09,0.089,0.09,0.088,0.087,0.089,0.09,0.087,0.093,0.097,0.088
,3:34:16,38.1,0.093,0.089,0.088,0.087,0.089,0.09,0.089,0.089,0.089,0.103,0.089,0.09,0.09,0.135,0.219,0.081,0.256,0.348,0.187,0.213,0.247,0.145,0.187,0.088,0.097,0.228,0.34,0.296,0.328,0.146,0.269,0.123,0.383,0.209,0.172,0.089,0.092,0.271,0.434,0.335,0.273,0.281,0.235,0.16,0.152,0.099,0.133,0.089,0.089,0.162,0.675,0.088,0.727,0.529,0.643,0.549,0.352,0.574,0.481,0.091,0.089,0.421,0.602,0.696,0.669,0.195,0.46,0.57,0.672,0.599,0.661,0.09,0.092,0.534,0.612,0.7,0.684,0.585,0.545,0.519,0.552,0.364,0.593,0.091,0.09,0.091,0.089,0.09,0.088,0.087,0.089,0.09,0.087,0.093,0.097,0.088
,3:39:16,38.1,0.093,0.089,0.088,0.087,0.089,0.09,0.089,0.089,0.089,0.103,0.089,0.09,0.09,0.136,0.221,0.081,0.263,0.358,0.189,0.216,0.255,0.148,0.19,0.088,0.097,0.235,0.345,0.3,0.337,0.148,0.28,0.124,0.387,0.215,0.177,0.089,0.092,0.278,0.44,0.339,0.282,0.283,0.238,0.163,0.153,0.1,0.135,0.089,0.089,0.167,0.693,0.088,0.74,0.549,0.659,0.57,0.378,0.582,0.507,0.091,0.089,0.439,0.616,0.71,0.684,0.203,0.481,0.591,0.689,0.615,0.684,0.09,0.093,0.552,0.629,0.714,0.699,0.603,0.569,0.541,0.564,0.385,0.618,0.091,0.09,0.091,0.089,0.09,0.088,0.087,0.089,0.09,0.087,0.093,0.097,0.088
,3:44:16,38,0.093,0.089,0.088,0.087,0.089,0.09,0.089,0.089,0.089,0.103,0.089,0.09,0.09,0.138,0.224,0.081,0.27,0.368,0.19,0.219,0.261,0.15,0.194,0.088,0.097,0.241,0.351,0.305,0.345,0.15,0.291,0.126,0.391,0.221,0.183,0.089,0.092,0.285,0.446,0.342,0.289,0.286,0.24,0.167,0.154,0.1,0.137,0.089,0.089,0.172,0.709,0.088,0.75,0.569,0.673,0.59,0.405,0.588,0.533,0.091,0.089,0.457,0.631,0.724,0.7,0.213,0.498,0.61,0.705,0.631,0.703,0.09,0.093,0.569,0.647,0.726,0.713,0.621,0.592,0.563,0.572,0.409,0.638,0.091,0.09,0.091,0.089,0.09,0.088,0.087,0.089,0.09,0.087,0.093,0.097,0.088
,3:49:16,38.1,0.093,0.089,0.088,0.087,0.089,0.09,0.089,0.089,0.089,0.103,0.089,0.09,0.09,0.14,0.228,0.081,0.278,0.379,0.192,0.221,0.266,0.152,0.199,0.088,0.097,0.248,0.357,0.31,0.353,0.151,0.301,0.127,0.396,0.228,0.188,0.089,0.092,0.291,0.452,0.346,0.297,0.288,0.242,0.172,0.155,0.1,0.14,0.089,0.089,0.178,0.724,0.088,0.76,0.586,0.686,0.605,0.438,0.595,0.558,0.091,0.089,0.473,0.645,0.738,0.715,0.224,0.517,0.626,0.722,0.647,0.722,0.09,0.093,0.584,0.662,0.74,0.728,0.635,0.613,0.584,0.582,0.437,0.657,0.091,0.09,0.09,0.089,0.09,0.088,0.087,0.089,0.09,0.087,0.093,0.097,0.088
,3:54:15,38,0.093,0.089,0.088,0.087,0.089,0.09,0.089,0.089,0.089,0.103,0.089,0.09,0.09,0.142,0.233,0.081,0.287,0.391,0.194,0.224,0.271,0.154,0.205,0.088,0.097,0.254,0.363,0.316,0.363,0.153,0.312,0.128,0.401,0.234,0.194,0.089,0.092,0.295,0.461,0.351,0.305,0.292,0.245,0.175,0.157,0.101,0.142,0.089,0.089,0.186,0.736,0.088,0.772,0.605,0.696,0.624,0.47,0.601,0.581,0.091,0.089,0.49,0.658,0.751,0.73,0.233,0.533,0.643,0.736,0.662,0.742,0.09,0.093,0.6,0.676,0.752,0.741,0.649,0.634,0.602,0.591,0.465,0.676,0.091,0.09,0.091,0.089,0.09,0.088,0.087,0.089,0.09,0.087,0.093,0.097,0.088
,3:59:16,38,0.093,0.089,0.088,0.087,0.089,0.09,0.089,0.089,0.089,0.103,0.089,0.09,0.09,0.144,0.238,0.081,0.296,0.402,0.196,0.227,0.278,0.156,0.211,0.088,0.097,0.262,0.37,0.323,0.372,0.155,0.321,0.129,0.406,0.24,0.199,0.089,0.092,0.298,0.469,0.356,0.31,0.296,0.248,0.179,0.158,0.101,0.144,0.089,0.089,0.194,0.743,0.088,0.784,0.621,0.702,0.64,0.501,0.603,0.606,0.091,0.089,0.505,0.672,0.757,0.738,0.243,0.549,0.66,0.747,0.677,0.758,0.09,0.093,0.614,0.692,0.761,0.749,0.664,0.65,0.62,0.599,0.49,0.693,0.091,0.09,0.09,0.089,0.09,0.088,0.087,0.089,0.09,0.087,0.093,0.097,0.088
,4:04:16,38,0.093,0.089,0.088,0.087,0.089,0.09,0.089,0.089,0.089,0.103,0.089,0.09,0.09,0.146,0.243,0.081,0.305,0.413,0.199,0.23,0.285,0.156,0.217,0.088,0.097,0.268,0.379,0.329,0.382,0.158,0.332,0.13,0.413,0.246,0.204,0.089,0.092,0.301,0.479,0.36,0.313,0.3,0.253,0.183,0.161,0.101,0.146,0.089,0.089,0.202,0.751,0.088,0.796,0.638,0.71,0.656,0.531,0.603,0.626,0.091,0.089,0.522,0.683,0.762,0.745,0.255,0.563,0.675,0.757,0.692,0.766,0.09,0.093,0.627,0.707,0.769,0.755,0.679,0.668,0.638,0.597,0.514,0.709,0.091,0.09,0.09,0.089,0.09,0.088,0.087,0.089,0.09,0.087,0.093,0.097,0.088
,4:09:16,38,0.093,0.088,0.088,0.087,0.089,0.09,0.089,0.089,0.089,0.103,0.089,0.09,0.09,0.148,0.249,0.081,0.314,0.424,0.202,0.233,0.293,0.157,0.221,0.088,0.097,0.276,0.386,0.336,0.391,0.16,0.34,0.131,0.419,0.251,0.21,0.089,0.092,0.303,0.49,0.367,0.316,0.305,0.258,0.185,0.164,0.102,0.147,0.089,0.089,0.209,0.76,0.088,0.807,0.654,0.717,0.672,0.557,0.602,0.642,0.091,0.089,0.538,0.694,0.766,0.754,0.267,0.576,0.688,0.771,0.706,0.775,0.09,0.093,0.639,0.722,0.779,0.76,0.693,0.686,0.655,0.597,0.536,0.725,0.091,0.09,0.09,0.089,0.09,0.088,0.087,0.088,0.09,0.087,0.093,0.097,0.088
,4:14:16,38,0.093,0.088,0.088,0.087,0.089,0.09,0.089,0.089,0.089,0.103,0.089,0.09,0.09,0.151,0.255,0.081,0.323,0.435,0.205,0.237,0.3,0.158,0.225,0.088,0.097,0.284,0.395,0.343,0.4,0.162,0.35,0.132,0.425,0.254,0.215,0.089,0.092,0.307,0.5,0.373,0.318,0.31,0.264,0.187,0.166,0.102,0.149,0.089,0.089,0.218,0.771,0.088,0.819,0.67,0.724,0.688,0.581,0.598,0.661,0.091,0.089,0.552,0.705,0.773,0.764,0.28,0.588,0.702,0.78,0.717,0.785,0.09,0.093,0.652,0.732,0.789,0.766,0.705,0.703,0.671,0.597,0.557,0.741,0.091,0.09,0.09,0.089,0.09,0.088,0.087,0.089,0.09,0.087,0.093,0.097,0.088
,4:19:16,38,0.093,0.089,0.088,0.087,0.089,0.09,0.089,0.089,0.089,0.103,0.089,0.09,0.09,0.153,0.262,0.081,0.332,0.445,0.209,0.241,0.307,0.159,0.23,0.088,0.097,0.292,0.406,0.351,0.408,0.164,0.359,0.133,0.433,0.258,0.221,0.089,0.092,0.311,0.51,0.381,0.321,0.316,0.27,0.189,0.171,0.103,0.15,0.089,0.089,0.228,0.782,0.088,0.83,0.684,0.733,0.703,0.604,0.593,0.68,0.091,0.089,0.566,0.716,0.781,0.774,0.293,0.598,0.718,0.785,0.729,0.797,0.09,0.093,0.666,0.737,0.799,0.773,0.715,0.717,0.688,0.592,0.575,0.753,0.091,0.09,0.091,0.089,0.09,0.088,0.087,0.089,0.09,0.087,0.093,0.097,0.088
,4:24:16,38,0.093,0.089,0.088,0.087,0.089,0.09,0.089,0.089,0.089,0.103,0.089,0.09,0.09,0.155,0.269,0.081,0.34,0.455,0.213,0.246,0.315,0.16,0.235,0.088,0.097,0.301,0.414,0.36,0.417,0.166,0.369,0.135,0.439,0.262,0.226,0.089,0.092,0.315,0.521,0.389,0.324,0.323,0.277,0.192,0.174,0.103,0.152,0.089,0.089,0.238,0.792,0.088,0.841,0.698,0.739,0.715,0.626,0.583,0.698,0.091,0.089,0.58,0.728,0.789,0.785,0.308,0.608,0.732,0.79,0.738,0.809,0.09,0.093,0.678,0.741,0.809,0.78,0.721,0.732,0.702,0.589,0.594,0.763,0.091,0.09,0.09,0.089,0.09,0.088,0.087,0.089,0.09,0.087,0.093,0.097,0.088
,4:29:16,38,0.093,0.089,0.088,0.087,0.089,0.09,0.089,0.089,0.089,0.103,0.089,0.09,0.09,0.158,0.276,0.081,0.348,0.465,0.218,0.251,0.321,0.162,0.241,0.088,0.097,0.311,0.423,0.368,0.426,0.168,0.378,0.137,0.447,0.267,0.231,0.089,0.092,0.32,0.532,0.396,0.327,0.33,0.284,0.195,0.176,0.104,0.154,0.089,0.089,0.249,0.802,0.088,0.852,0.713,0.742,0.726,0.646,0.574,0.715,0.091,0.089,0.594,0.739,0.798,0.796,0.322,0.621,0.744,0.794,0.748,0.822,0.09,0.093,0.689,0.746,0.818,0.788,0.728,0.748,0.716,0.587,0.611,0.77,0.091,0.09,0.091,0.089,0.09,0.088,0.087,0.089,0.09,0.087,0.093,0.097,0.088
,4:34:16,38,0.093,0.089,0.088,0.087,0.089,0.09,0.089,0.089,0.089,0.103,0.089,0.09,0.09,0.161,0.283,0.081,0.357,0.475,0.223,0.256,0.329,0.163,0.246,0.088,0.097,0.319,0.431,0.376,0.434,0.171,0.385,0.139,0.455,0.272,0.236,0.089,0.092,0.325,0.543,0.403,0.33,0.337,0.291,0.199,0.181,0.106,0.156,0.089,0.089,0.26,0.812,0.088,0.862,0.727,0.748,0.736,0.662,0.565,0.727,0.091,0.089,0.607,0.747,0.806,0.805,0.333,0.632,0.753,0.799,0.756,0.835,0.09,0.092,0.7,0.75,0.828,0.795,0.734,0.762,0.729,0.583,0.624,0.777,0.091,0.09,0.091,0.089,0.09,0.088,0.087,0.089,0.09,0.087,0.093,0.097,0.088
,4:39:16,38,0.093,0.088,0.088,0.087,0.089,0.09,0.089,0.089,0.089,0.103,0.089,0.09,0.09,0.163,0.29,0.081,0.364,0.485,0.228,0.262,0.335,0.164,0.252,0.088,0.097,0.324,0.439,0.384,0.442,0.174,0.394,0.142,0.463,0.278,0.242,0.089,0.092,0.331,0.554,0.412,0.333,0.343,0.3,0.203,0.184,0.105,0.158,0.089,0.089,0.272,0.823,0.088,0.874,0.742,0.751,0.745,0.682,0.558,0.736,0.091,0.089,0.619,0.753,0.815,0.815,0.352,0.645,0.76,0.802,0.765,0.848,0.091,0.093,0.713,0.757,0.839,0.803,0.741,0.776,0.743,0.579,0.635,0.785,0.091,0.09,0.091,0.089,0.09,0.088,0.087,0.089,0.09,0.087,0.093,0.097,0.088
,4:44:16,38.1,0.093,0.089,0.088,0.087,0.089,0.09,0.089,0.089,0.089,0.103,0.089,0.09,0.09,0.166,0.296,0.081,0.372,0.495,0.232,0.267,0.341,0.166,0.258,0.088,0.097,0.327,0.448,0.392,0.45,0.176,0.402,0.145,0.47,0.284,0.247,0.089,0.092,0.337,0.565,0.419,0.335,0.35,0.307,0.206,0.187,0.106,0.161,0.089,0.089,0.284,0.833,0.088,0.885,0.754,0.757,0.752,0.699,0.547,0.743,0.091,0.089,0.632,0.758,0.823,0.826,0.374,0.657,0.765,0.808,0.774,0.86,0.09,0.092,0.724,0.764,0.848,0.811,0.748,0.785,0.755,0.577,0.649,0.791,0.091,0.09,0.09,0.089,0.09,0.088,0.087,0.089,0.09,0.087,0.093,0.097,0.088
,4:49:16,38,0.093,0.089,0.088,0.087,0.089,0.09,0.089,0.089,0.089,0.103,0.089,0.09,0.09,0.168,0.303,0.081,0.38,0.504,0.237,0.272,0.347,0.168,0.263,0.088,0.097,0.333,0.456,0.399,0.458,0.179,0.409,0.147,0.479,0.29,0.252,0.089,0.092,0.343,0.575,0.428,0.339,0.358,0.313,0.211,0.191,0.106,0.164,0.089,0.089,0.295,0.842,0.088,0.897,0.763,0.759,0.759,0.715,0.538,0.755,0.091,0.089,0.643,0.762,0.832,0.836,0.39,0.663,0.771,0.814,0.781,0.874,0.09,0.093,0.733,0.772,0.858,0.819,0.754,0.792,0.767,0.57,0.657,0.796,0.091,0.09,0.091,0.089,0.09,0.088,0.087,0.089,0.09,0.087,0.093,0.097,0.088
,4:54:16,38.1,0.093,0.089,0.088,0.087,0.089,0.09,0.089,0.089,0.089,0.103,0.089,0.09,0.09,0.171,0.309,0.081,0.387,0.513,0.242,0.277,0.353,0.17,0.268,0.088,0.097,0.339,0.464,0.407,0.465,0.182,0.416,0.15,0.487,0.298,0.257,0.089,0.092,0.35,0.584,0.436,0.342,0.365,0.32,0.216,0.194,0.107,0.167,0.089,0.089,0.308,0.852,0.088,0.907,0.772,0.765,0.765,0.727,0.531,0.78,0.091,0.089,0.655,0.767,0.842,0.845,0.407,0.67,0.776,0.822,0.789,0.886,0.09,0.093,0.74,0.781,0.869,0.828,0.761,0.798,0.779,0.565,0.666,0.801,0.091,0.09,0.09,0.089,0.09,0.088,0.087,0.089,0.09,0.087,0.093,0.097,0.088
,4:59:16,38.1,0.093,0.089,0.088,0.087,0.089,0.09,0.089,0.089,0.089,0.103,0.089,0.09,0.09,0.174,0.316,0.081,0.394,0.522,0.247,0.28,0.359,0.172,0.273,0.088,0.097,0.345,0.472,0.415,0.472,0.185,0.423,0.153,0.495,0.304,0.262,0.088,0.092,0.356,0.595,0.444,0.346,0.373,0.327,0.221,0.197,0.108,0.171,0.089,0.089,0.322,0.863,0.088,0.919,0.78,0.771,0.773,0.739,0.527,0.809,0.09,0.089,0.666,0.771,0.851,0.856,0.439,0.679,0.782,0.832,0.797,0.899,0.09,0.093,0.749,0.791,0.879,0.838,0.767,0.804,0.791,0.564,0.679,0.808,0.091,0.09,0.09,0.089,0.09,0.088,0.087,0.089,0.09,0.087,0.093,0.097,0.088
,5:04:16,38,0.093,0.089,0.088,0.087,0.089,0.09,0.089,0.089,0.089,0.103,0.089,0.09,0.09,0.177,0.323,0.081,0.401,0.532,0.251,0.284,0.364,0.174,0.278,0.088,0.097,0.35,0.478,0.423,0.48,0.188,0.43,0.156,0.502,0.312,0.266,0.089,0.092,0.364,0.606,0.453,0.349,0.381,0.334,0.226,0.201,0.108,0.174,0.089,0.089,0.335,0.872,0.088,0.931,0.788,0.778,0.779,0.75,0.52,0.836,0.091,0.089,0.679,0.774,0.861,0.866,0.458,0.689,0.787,0.842,0.804,0.911,0.09,0.093,0.754,0.8,0.889,0.847,0.772,0.81,0.799,0.562,0.689,0.814,0.091,0.09,0.091,0.089,0.09,0.088,0.087,0.089,0.09,0.087,0.093,0.097,0.088
,5:09:16,38,0.093,0.089,0.088,0.087,0.089,0.09,0.089,0.089,0.089,0.102,0.089,0.09,0.09,0.18,0.329,0.081,0.407,0.541,0.255,0.287,0.37,0.175,0.283,0.088,0.097,0.358,0.484,0.431,0.487,0.191,0.436,0.159,0.51,0.32,0.27,0.089,0.092,0.371,0.616,0.461,0.353,0.389,0.341,0.232,0.203,0.109,0.178,0.089,0.089,0.348,0.883,0.088,0.945,0.796,0.782,0.786,0.76,0.524,0.856,0.091,0.089,0.691,0.778,0.871,0.876,0.477,0.698,0.793,0.854,0.812,0.923,0.09,0.092,0.759,0.809,0.9,0.858,0.778,0.816,0.807,0.56,0.697,0.819,0.091,0.09,0.09,0.089,0.09,0.088,0.087,0.088,0.09,0.088,0.093,0.097,0.088
,5:14:16,38.1,0.093,0.089,0.088,0.087,0.089,0.09,0.089,0.089,0.089,0.102,0.089,0.09,0.09,0.184,0.335,0.081,0.414,0.551,0.26,0.291,0.375,0.178,0.288,0.088,0.097,0.362,0.492,0.439,0.494,0.194,0.442,0.162,0.518,0.327,0.275,0.089,0.092,0.378,0.627,0.469,0.357,0.397,0.349,0.237,0.206,0.109,0.182,0.089,0.089,0.362,0.895,0.088,0.958,0.804,0.792,0.795,0.789,0.539,0.875,0.091,0.089,0.703,0.784,0.881,0.887,0.503,0.707,0.799,0.864,0.821,0.935,0.09,0.093,0.764,0.82,0.912,0.87,0.795,0.822,0.815,0.572,0.702,0.831,0.091,0.09,0.091,0.089,0.09,0.088,0.087,0.089,0.09,0.087,0.093,0.097,0.088
,5:19:16,38,0.093,0.089,0.088,0.087,0.089,0.09,0.089,0.089,0.089,0.102,0.089,0.09,0.09,0.187,0.341,0.081,0.42,0.56,0.264,0.296,0.38,0.18,0.292,0.088,0.097,0.369,0.501,0.446,0.501,0.197,0.449,0.164,0.525,0.334,0.279,0.089,0.092,0.385,0.638,0.478,0.361,0.403,0.355,0.243,0.208,0.11,0.186,0.089,0.089,0.374,0.905,0.088,0.973,0.811,0.801,0.804,0.83,0.552,0.893,0.091,0.089,0.715,0.791,0.892,0.898,0.525,0.717,0.805,0.877,0.829,0.947,0.09,0.093,0.766,0.83,0.923,0.88,0.814,0.828,0.82,0.583,0.704,0.851,0.091,0.09,0.09,0.089,0.09,0.088,0.087,0.089,0.09,0.088,0.093,0.097,0.088
,5:24:16,38.1,0.093,0.088,0.088,0.087,0.089,0.09,0.088,0.089,0.089,0.102,0.089,0.09,0.09,0.19,0.347,0.081,0.427,0.57,0.269,0.302,0.385,0.182,0.297,0.088,0.097,0.377,0.51,0.453,0.508,0.2,0.455,0.167,0.531,0.342,0.283,0.089,0.092,0.393,0.648,0.486,0.364,0.41,0.362,0.248,0.211,0.111,0.191,0.089,0.089,0.389,0.917,0.088,0.987,0.821,0.817,0.812,0.869,0.577,0.913,0.091,0.089,0.726,0.798,0.901,0.909,0.555,0.726,0.812,0.889,0.838,0.959,0.09,0.092,0.771,0.841,0.938,0.894,0.838,0.834,0.827,0.606,0.708,0.875,0.091,0.09,0.09,0.089,0.09,0.088,0.087,0.089,0.09,0.087,0.093,0.097,0.088
,5:29:16,38,0.093,0.089,0.088,0.087,0.089,0.09,0.089,0.089,0.089,0.102,0.089,0.09,0.09,0.193,0.353,0.081,0.433,0.579,0.273,0.307,0.389,0.185,0.301,0.088,0.097,0.385,0.519,0.461,0.514,0.202,0.46,0.17,0.539,0.349,0.287,0.089,0.092,0.4,0.659,0.495,0.369,0.417,0.368,0.254,0.214,0.112,0.195,0.089,0.089,0.402,0.929,0.088,1.001,0.829,0.832,0.823,0.898,0.605,0.93,0.091,0.089,0.738,0.805,0.911,0.921,0.58,0.737,0.819,0.901,0.847,0.972,0.09,0.093,0.775,0.853,0.95,0.906,0.859,0.841,0.833,0.632,0.71,0.895,0.091,0.09,0.09,0.089,0.09,0.088,0.087,0.089,0.09,0.088,0.093,0.097,0.088
,5:34:16,38.1,0.093,0.089,0.088,0.087,0.089,0.09,0.089,0.089,0.089,0.103,0.089,0.09,0.09,0.197,0.359,0.081,0.439,0.587,0.277,0.312,0.394,0.188,0.306,0.088,0.097,0.393,0.529,0.467,0.52,0.206,0.466,0.173,0.548,0.356,0.291,0.089,0.092,0.407,0.669,0.504,0.373,0.424,0.374,0.26,0.216,0.112,0.2,0.089,0.089,0.416,0.941,0.088,1.014,0.839,0.846,0.835,0.917,0.631,0.945,0.091,0.089,0.747,0.812,0.922,0.933,0.607,0.747,0.825,0.91,0.858,0.983,0.09,0.093,0.778,0.863,0.96,0.918,0.875,0.847,0.839,0.648,0.711,0.916,0.091,0.09,0.091,0.089,0.09,0.088,0.087,0.088,0.09,0.088,0.093,0.097,0.088
,5:39:16,38,0.093,0.088,0.088,0.087,0.089,0.09,0.089,0.089,0.089,0.102,0.089,0.09,0.09,0.201,0.364,0.081,0.445,0.595,0.28,0.319,0.399,0.191,0.31,0.088,0.097,0.4,0.538,0.474,0.526,0.208,0.472,0.176,0.556,0.364,0.295,0.089,0.092,0.414,0.679,0.512,0.376,0.43,0.381,0.266,0.218,0.113,0.204,0.089,0.089,0.429,0.952,0.088,1.027,0.849,0.864,0.846,0.932,0.666,0.958,0.091,0.089,0.756,0.82,0.935,0.945,0.631,0.757,0.832,0.92,0.869,0.995,0.09,0.092,0.78,0.874,0.971,0.93,0.888,0.854,0.844,0.66,0.725,0.935,0.091,0.09,0.09,0.089,0.09,0.088,0.087,0.089,0.09,0.088,0.093,0.097,0.088
,5:44:16,38.1,0.093,0.089,0.088,0.087,0.089,0.09,0.089,0.089,0.089,0.102,0.089,0.09,0.09,0.204,0.37,0.081,0.451,0.603,0.284,0.325,0.403,0.194,0.314,0.088,0.097,0.406,0.548,0.481,0.532,0.212,0.477,0.179,0.564,0.371,0.299,0.089,0.092,0.422,0.688,0.52,0.381,0.438,0.387,0.272,0.221,0.113,0.208,0.089,0.089,0.444,0.966,0.088,1.04,0.86,0.893,0.86,0.946,0.706,0.973,0.091,0.089,0.765,0.829,0.946,0.957,0.649,0.766,0.844,0.93,0.88,1.008,0.09,0.092,0.795,0.888,0.982,0.942,0.901,0.862,0.85,0.672,0.741,0.951,0.091,0.09,0.09,0.089,0.09,0.088,0.087,0.088,0.09,0.089,0.093,0.097,0.088
,5:49:16,38,0.093,0.088,0.088,0.087,0.089,0.09,0.089,0.089,0.089,0.102,0.089,0.09,0.09,0.208,0.375,0.081,0.457,0.611,0.288,0.331,0.407,0.196,0.319,0.088,0.097,0.415,0.557,0.487,0.539,0.215,0.482,0.182,0.572,0.378,0.303,0.089,0.092,0.43,0.698,0.528,0.385,0.445,0.393,0.278,0.223,0.114,0.213,0.089,0.089,0.456,0.979,0.088,1.052,0.87,0.921,0.875,0.959,0.73,0.986,0.09,0.089,0.774,0.838,0.958,0.969,0.671,0.776,0.854,0.939,0.891,1.019,0.09,0.092,0.806,0.9,0.994,0.956,0.913,0.869,0.858,0.673,0.752,0.965,0.091,0.09,0.09,0.089,0.09,0.088,0.087,0.088,0.09,0.089,0.093,0.097,0.088
,5:54:16,38,0.093,0.089,0.088,0.087,0.089,0.09,0.089,0.089,0.089,0.102,0.089,0.09,0.09,0.212,0.381,0.081,0.463,0.619,0.291,0.336,0.412,0.198,0.323,0.088,0.097,0.422,0.567,0.494,0.544,0.217,0.488,0.185,0.58,0.384,0.307,0.088,0.092,0.438,0.707,0.536,0.389,0.452,0.398,0.284,0.226,0.114,0.217,0.089,0.089,0.469,0.995,0.088,1.065,0.882,0.945,0.889,0.97,0.751,0.999,0.091,0.089,0.782,0.849,0.97,0.982,0.692,0.786,0.872,0.948,0.905,1.034,0.09,0.092,0.82,0.916,1.006,0.971,0.924,0.888,0.864,0.675,0.762,0.98,0.091,0.09,0.09,0.089,0.09,0.088,0.087,0.088,0.09,0.089,0.093,0.097,0.088
,5:59:16,38,0.093,0.088,0.088,0.087,0.089,0.09,0.089,0.089,0.089,0.103,0.089,0.09,0.09,0.216,0.387,0.081,0.468,0.626,0.295,0.343,0.416,0.201,0.327,0.088,0.097,0.429,0.576,0.5,0.55,0.219,0.493,0.187,0.589,0.392,0.31,0.089,0.092,0.446,0.717,0.543,0.394,0.458,0.404,0.29,0.228,0.115,0.222,0.089,0.089,0.481,1.007,0.088,1.08,0.894,0.961,0.906,0.982,0.763,1.011,0.091,0.089,0.789,0.862,0.982,0.995,0.709,0.796,0.892,0.957,0.919,1.045,0.09,0.093,0.836,0.929,1.02,0.983,0.935,0.907,0.868,0.675,0.771,0.994,0.091,0.09,0.09,0.089,0.09,0.088,0.087,0.088,0.09,0.09,0.093,0.097,0.088
,6:04:16,38.1,0.093,0.088,0.088,0.087,0.089,0.09,0.089,0.089,0.089,0.102,0.088,0.09,0.09,0.22,0.392,0.081,0.473,0.633,0.299,0.349,0.42,0.201,0.331,0.088,0.097,0.434,0.585,0.506,0.555,0.22,0.499,0.19,0.596,0.398,0.314,0.089,0.092,0.453,0.726,0.551,0.398,0.465,0.409,0.296,0.23,0.115,0.226,0.089,0.089,0.494,1.021,0.088,1.092,0.907,0.973,0.922,0.994,0.779,1.023,0.091,0.089,0.797,0.876,0.999,1.012,0.721,0.805,0.914,0.965,0.931,1.058,0.09,0.092,0.851,0.942,1.034,0.991,0.946,0.929,0.873,0.676,0.78,1.009,0.091,0.09,0.09,0.089,0.09,0.088,0.087,0.089,0.09,0.09,0.093,0.097,0.088
,6:09:16,38.1,0.093,0.088,0.088,0.087,0.089,0.09,0.089,0.089,0.089,0.103,0.089,0.09,0.09,0.224,0.397,0.081,0.479,0.641,0.302,0.355,0.425,0.204,0.335,0.088,0.097,0.443,0.595,0.512,0.561,0.222,0.504,0.193,0.604,0.405,0.318,0.089,0.092,0.46,0.734,0.559,0.404,0.472,0.415,0.302,0.232,0.115,0.231,0.089,0.089,0.507,1.034,0.088,1.102,0.922,0.985,0.943,1.005,0.79,1.034,0.091,0.089,0.803,0.887,1.014,1.027,0.733,0.814,0.937,0.973,0.94,1.071,0.09,0.093,0.864,0.956,1.046,0.999,0.957,0.951,0.877,0.674,0.786,1.022,0.091,0.09,0.091,0.089,0.09,0.088,0.087,0.089,0.09,0.091,0.093,0.097,0.088
,6:14:16,38,0.093,0.088,0.088,0.087,0.089,0.09,0.088,0.089,0.089,0.102,0.089,0.09,0.09,0.228,0.403,0.081,0.484,0.649,0.305,0.361,0.428,0.207,0.338,0.088,0.097,0.448,0.603,0.518,0.566,0.223,0.509,0.195,0.612,0.411,0.321,0.088,0.092,0.467,0.741,0.566,0.408,0.479,0.42,0.308,0.234,0.115,0.235,0.088,0.089,0.518,1.046,0.088,1.109,0.938,0.995,0.967,1.017,0.8,1.045,0.09,0.089,0.81,0.899,1.029,1.04,0.747,0.822,0.959,0.981,0.948,1.082,0.09,0.092,0.879,0.969,1.056,1.007,0.967,0.973,0.895,0.675,0.792,1.036,0.091,0.09,0.09,0.089,0.089,0.088,0.087,0.088,0.09,0.092,0.093,0.097,0.088
,6:19:16,38.1,0.093,0.088,0.088,0.087,0.089,0.09,0.089,0.089,0.089,0.103,0.089,0.09,0.09,0.233,0.408,0.081,0.489,0.657,0.309,0.367,0.432,0.209,0.343,0.088,0.097,0.456,0.612,0.524,0.572,0.224,0.515,0.199,0.62,0.417,0.325,0.089,0.092,0.474,0.743,0.574,0.414,0.486,0.425,0.315,0.236,0.116,0.24,0.089,0.089,0.531,1.058,0.088,1.119,0.951,1.004,0.993,1.028,0.806,1.055,0.091,0.089,0.818,0.909,1.044,1.055,0.759,0.831,0.984,0.987,0.957,1.096,0.09,0.093,0.894,0.983,1.065,1.015,0.977,0.996,0.914,0.679,0.8,1.05,0.091,0.09,0.091,0.089,0.09,0.088,0.087,0.089,0.09,0.093,0.093,0.097,0.088
,6:24:16,38,0.093,0.089,0.088,0.087,0.089,0.09,0.089,0.089,0.089,0.103,0.089,0.09,0.09,0.236,0.413,0.081,0.495,0.664,0.313,0.373,0.436,0.21,0.346,0.088,0.097,0.464,0.621,0.53,0.577,0.226,0.521,0.202,0.627,0.424,0.329,0.089,0.092,0.48,0.748,0.581,0.42,0.492,0.431,0.32,0.238,0.116,0.245,0.089,0.089,0.542,1.07,0.088,1.127,0.966,1.014,1.016,1.035,0.814,1.065,0.091,0.089,0.826,0.919,1.054,1.071,0.77,0.84,1.006,0.993,0.966,1.11,0.09,0.093,0.909,0.997,1.074,1.021,0.987,1.02,0.932,0.687,0.81,1.064,0.091,0.09,0.091,0.089,0.09,0.088,0.087,0.089,0.09,0.094,0.093,0.097,0.088
,6:29:16,38.1,0.093,0.088,0.088,0.087,0.089,0.09,0.089,0.089,0.089,0.103,0.089,0.09,0.09,0.241,0.418,0.081,0.499,0.672,0.316,0.378,0.44,0.214,0.35,0.088,0.097,0.471,0.63,0.535,0.582,0.227,0.526,0.204,0.634,0.43,0.332,0.089,0.092,0.487,0.752,0.588,0.426,0.499,0.436,0.327,0.24,0.117,0.249,0.089,0.089,0.552,1.08,0.088,1.134,0.983,1.02,1.041,1.044,0.823,1.075,0.091,0.089,0.832,0.929,1.064,1.079,0.783,0.848,1.027,0.998,0.973,1.123,0.09,0.093,0.928,1.011,1.082,1.027,0.996,1.04,0.946,0.69,0.819,1.077,0.091,0.09,0.091,0.089,0.09,0.088,0.087,0.089,0.09,0.096,0.093,0.097,0.088
,6:34:16,38,0.093,0.089,0.088,0.087,0.089,0.09,0.089,0.089,0.089,0.103,0.089,0.09,0.09,0.245,0.423,0.081,0.504,0.679,0.32,0.384,0.444,0.214,0.354,0.088,0.097,0.477,0.639,0.541,0.587,0.228,0.53,0.207,0.642,0.437,0.335,0.089,0.092,0.494,0.756,0.595,0.432,0.505,0.441,0.332,0.242,0.117,0.254,0.089,0.089,0.563,1.088,0.088,1.142,0.999,1.028,1.06,1.052,0.831,1.085,0.091,0.089,0.842,0.938,1.073,1.09,0.795,0.857,1.046,1.004,0.981,1.137,0.09,0.093,0.945,1.024,1.089,1.031,1.005,1.058,0.961,0.695,0.824,1.09,0.091,0.09,0.09,0.089,0.09,0.088,0.087,0.089,0.09,0.098,0.093,0.097,0.088
,6:39:16,38,0.093,0.089,0.088,0.087,0.089,0.09,0.089,0.089,0.089,0.103,0.089,0.09,0.09,0.247,0.428,0.081,0.509,0.683,0.324,0.389,0.447,0.216,0.358,0.088,0.097,0.485,0.647,0.546,0.592,0.229,0.534,0.209,0.649,0.442,0.338,0.089,0.092,0.5,0.759,0.602,0.437,0.513,0.445,0.338,0.244,0.117,0.258,0.089,0.089,0.574,1.097,0.088,1.149,1.012,1.035,1.079,1.06,0.839,1.095,0.091,0.089,0.851,0.946,1.082,1.102,0.806,0.866,1.064,1.009,0.988,1.146,0.09,0.092,0.962,1.04,1.096,1.035,1.014,1.077,0.974,0.704,0.832,1.102,0.091,0.09,0.09,0.089,0.09,0.088,0.087,0.089,0.09,0.1,0.093,0.097,0.088
,6:44:16,38,0.093,0.088,0.088,0.087,0.089,0.09,0.088,0.089,0.089,0.102,0.088,0.09,0.09,0.249,0.432,0.081,0.513,0.687,0.327,0.395,0.451,0.219,0.36,0.088,0.097,0.493,0.655,0.552,0.597,0.231,0.539,0.212,0.656,0.449,0.341,0.088,0.092,0.508,0.763,0.61,0.443,0.519,0.451,0.343,0.246,0.118,0.263,0.089,0.089,0.584,1.104,0.088,1.155,1.024,1.043,1.097,1.067,0.856,1.104,0.091,0.089,0.857,0.953,1.092,1.115,0.832,0.876,1.081,1.015,0.996,1.155,0.09,0.093,0.978,1.057,1.103,1.04,1.021,1.094,0.988,0.713,0.842,1.113,0.091,0.09,0.09,0.089,0.09,0.088,0.087,0.088,0.09,0.102,0.093,0.097,0.088
,6:49:16,38,0.093,0.089,0.088,0.087,0.089,0.09,0.089,0.089,0.089,0.103,0.089,0.09,0.09,0.251,0.438,0.081,0.518,0.69,0.329,0.4,0.454,0.221,0.364,0.088,0.097,0.499,0.664,0.558,0.602,0.232,0.543,0.214,0.663,0.455,0.344,0.089,0.092,0.515,0.766,0.616,0.45,0.527,0.455,0.349,0.247,0.118,0.267,0.089,0.089,0.595,1.111,0.088,1.162,1.036,1.048,1.113,1.074,0.864,1.113,0.091,0.089,0.864,0.959,1.1,1.133,0.86,0.884,1.098,1.021,1.003,1.165,0.09,0.092,0.993,1.078,1.109,1.044,1.028,1.109,1.004,0.721,0.855,1.124,0.091,0.09,0.091,0.089,0.09,0.088,0.087,0.088,0.09,0.105,0.093,0.097,0.088
,6:54:16,38,0.093,0.088,0.088,0.087,0.089,0.09,0.089,0.089,0.089,0.103,0.089,0.09,0.09,0.254,0.442,0.081,0.523,0.693,0.333,0.405,0.458,0.221,0.368,0.088,0.097,0.506,0.672,0.564,0.607,0.233,0.548,0.217,0.669,0.461,0.348,0.089,0.092,0.522,0.77,0.623,0.457,0.533,0.46,0.354,0.249,0.119,0.271,0.089,0.089,0.605,1.119,0.088,1.169,1.047,1.054,1.128,1.081,0.866,1.121,0.091,0.089,0.871,0.967,1.109,1.151,0.874,0.892,1.114,1.025,1.01,1.173,0.09,0.093,1.009,1.1,1.115,1.049,1.035,1.123,1.021,0.728,0.864,1.134,0.091,0.09,0.091,0.089,0.09,0.088,0.087,0.089,0.09,0.109,0.093,0.097,0.088
,6:59:16,38,0.093,0.089,0.088,0.087,0.089,0.09,0.089,0.089,0.089,0.102,0.089,0.09,0.09,0.256,0.447,0.081,0.53,0.696,0.335,0.411,0.46,0.224,0.371,0.088,0.097,0.513,0.68,0.568,0.611,0.234,0.553,0.22,0.676,0.467,0.351,0.089,0.092,0.528,0.773,0.629,0.464,0.539,0.464,0.36,0.251,0.12,0.276,0.089,0.089,0.615,1.127,0.088,1.175,1.057,1.057,1.141,1.087,0.872,1.13,0.091,0.089,0.878,0.972,1.116,1.171,0.888,0.901,1.127,1.029,1.016,1.181,0.09,0.092,1.023,1.122,1.119,1.055,1.042,1.137,1.039,0.733,0.876,1.143,0.091,0.09,0.09,0.089,0.089,0.088,0.087,0.089,0.09,0.114,0.093,0.097,0.088
,7:04:16,38,0.093,0.088,0.088,0.087,0.089,0.09,0.089,0.089,0.089,0.102,0.088,0.09,0.09,0.258,0.451,0.081,0.533,0.697,0.339,0.416,0.464,0.223,0.374,0.088,0.097,0.519,0.689,0.574,0.615,0.235,0.557,0.222,0.683,0.473,0.354,0.089,0.092,0.535,0.776,0.636,0.471,0.545,0.469,0.365,0.252,0.121,0.28,0.089,0.089,0.625,1.131,0.088,1.185,1.068,1.06,1.154,1.094,0.879,1.14,0.091,0.089,0.885,0.979,1.123,1.19,0.905,0.909,1.141,1.032,1.022,1.189,0.09,0.092,1.038,1.147,1.125,1.06,1.049,1.149,1.057,0.743,0.888,1.155,0.091,0.09,0.09,0.089,0.09,0.088,0.087,0.088,0.09,0.119,0.093,0.097,0.088
,7:09:16,38,0.093,0.089,0.088,0.087,0.089,0.09,0.089,0.089,0.089,0.102,0.089,0.09,0.09,0.261,0.456,0.081,0.536,0.699,0.342,0.422,0.468,0.225,0.377,0.088,0.097,0.525,0.69,0.579,0.62,0.237,0.561,0.224,0.685,0.479,0.357,0.089,0.092,0.542,0.78,0.643,0.478,0.551,0.474,0.371,0.254,0.121,0.284,0.089,0.089,0.635,1.135,0.088,1.191,1.078,1.061,1.167,1.101,0.882,1.15,0.091,0.089,0.893,0.986,1.13,1.21,0.92,0.918,1.154,1.036,1.028,1.197,0.09,0.093,1.053,1.168,1.13,1.066,1.056,1.162,1.073,0.756,0.904,1.165,0.091,0.09,0.09,0.089,0.09,0.088,0.087,0.089,0.09,0.125,0.093,0.097,0.088
,7:14:16,38,0.093,0.089,0.088,0.087,0.089,0.09,0.089,0.089,0.089,0.103,0.089,0.09,0.09,0.263,0.46,0.081,0.541,0.701,0.345,0.426,0.471,0.226,0.38,0.088,0.097,0.532,0.693,0.584,0.626,0.238,0.565,0.227,0.689,0.485,0.36,0.089,0.092,0.549,0.783,0.649,0.485,0.557,0.478,0.377,0.256,0.122,0.289,0.089,0.089,0.644,1.14,0.088,1.197,1.087,1.066,1.177,1.108,0.887,1.159,0.091,0.089,0.901,0.993,1.137,1.226,0.938,0.924,1.166,1.038,1.032,1.204,0.09,0.093,1.066,1.185,1.136,1.072,1.062,1.173,1.089,0.764,0.915,1.173,0.091,0.09,0.091,0.089,0.09,0.088,0.087,0.089,0.09,0.133,0.093,0.097,0.088
,7:19:16,38,0.093,0.088,0.088,0.087,0.089,0.09,0.089,0.089,0.089,0.102,0.089,0.09,0.09,0.266,0.464,0.081,0.545,0.703,0.348,0.431,0.474,0.228,0.383,0.088,0.097,0.537,0.696,0.59,0.629,0.239,0.569,0.229,0.692,0.49,0.363,0.089,0.092,0.555,0.787,0.655,0.492,0.563,0.483,0.382,0.257,0.123,0.292,0.089,0.089,0.653,1.145,0.088,1.201,1.095,1.069,1.189,1.116,0.893,1.167,0.091,0.089,0.912,0.999,1.142,1.239,0.949,0.935,1.177,1.04,1.038,1.212,0.09,0.092,1.079,1.2,1.143,1.078,1.068,1.184,1.106,0.772,0.926,1.18,0.091,0.09,0.091,0.089,0.09,0.088,0.087,0.088,0.09,0.142,0.093,0.097,0.088
,7:24:16,38.1,0.093,0.088,0.088,0.087,0.089,0.089,0.089,0.089,0.089,0.102,0.088,0.089,0.09,0.269,0.468,0.081,0.549,0.704,0.351,0.437,0.477,0.229,0.386,0.088,0.097,0.543,0.699,0.595,0.634,0.24,0.573,0.231,0.695,0.497,0.366,0.089,0.092,0.562,0.791,0.661,0.5,0.569,0.488,0.387,0.259,0.124,0.297,0.089,0.089,0.663,1.151,0.088,1.206,1.104,1.074,1.201,1.124,0.899,1.176,0.09,0.089,0.921,1.004,1.147,1.251,0.96,0.944,1.189,1.042,1.043,1.219,0.09,0.092,1.092,1.212,1.147,1.085,1.076,1.194,1.123,0.783,0.938,1.187,0.091,0.09,0.09,0.089,0.09,0.088,0.087,0.088,0.09,0.152,0.093,0.097,0.088
,7:29:16,38,0.093,0.089,0.088,0.087,0.089,0.09,0.089,0.09,0.089,0.103,0.089,0.09,0.09,0.273,0.473,0.081,0.553,0.706,0.354,0.442,0.48,0.231,0.389,0.088,0.097,0.55,0.701,0.601,0.639,0.241,0.578,0.234,0.698,0.502,0.369,0.089,0.092,0.569,0.795,0.667,0.508,0.575,0.493,0.393,0.26,0.125,0.301,0.089,0.089,0.673,1.157,0.088,1.21,1.113,1.077,1.211,1.131,0.898,1.185,0.091,0.089,0.928,1.009,1.153,1.262,0.972,0.956,1.2,1.044,1.049,1.226,0.09,0.093,1.105,1.223,1.152,1.092,1.081,1.202,1.14,0.792,0.951,1.193,0.091,0.09,0.091,0.089,0.09,0.088,0.087,0.089,0.09,0.161,0.093,0.097,0.088
,7:34:16,38.1,0.093,0.088,0.088,0.087,0.089,0.09,0.089,0.089,0.089,0.102,0.089,0.09,0.09,0.276,0.476,0.081,0.558,0.708,0.357,0.447,0.482,0.232,0.392,0.088,0.097,0.556,0.703,0.605,0.642,0.243,0.581,0.236,0.701,0.508,0.371,0.089,0.092,0.575,0.799,0.674,0.515,0.581,0.497,0.398,0.261,0.125,0.305,0.089,0.089,0.682,1.164,0.088,1.214,1.122,1.082,1.218,1.139,0.904,1.192,0.091,0.089,0.934,1.014,1.157,1.271,0.981,0.968,1.208,1.046,1.055,1.233,0.09,0.092,1.117,1.233,1.155,1.098,1.087,1.211,1.155,0.795,0.959,1.2,0.091,0.09,0.09,0.089,0.09,0.088,0.087,0.089,0.09,0.166,0.093,0.097,0.088
,7:39:16,38,0.093,0.088,0.088,0.087,0.089,0.09,0.089,0.089,0.089,0.102,0.088,0.09,0.09,0.279,0.48,0.081,0.563,0.711,0.36,0.452,0.485,0.234,0.395,0.088,0.097,0.562,0.706,0.611,0.641,0.244,0.586,0.239,0.704,0.514,0.374,0.089,0.092,0.581,0.804,0.676,0.523,0.585,0.502,0.404,0.262,0.126,0.31,0.089,0.089,0.692,1.171,0.088,1.218,1.132,1.085,1.225,1.146,0.912,1.199,0.091,0.089,0.941,1.019,1.162,1.279,0.99,0.98,1.217,1.048,1.06,1.24,0.09,0.092,1.128,1.242,1.159,1.106,1.093,1.218,1.171,0.804,0.972,1.206,0.091,0.09,0.09,0.089,0.09,0.088,0.087,0.089,0.09,0.177,0.093,0.097,0.088
,7:44:16,38,0.093,0.089,0.088,0.087,0.089,0.09,0.089,0.089,0.089,0.102,0.089,0.09,0.09,0.283,0.485,0.081,0.568,0.714,0.363,0.458,0.488,0.235,0.397,0.088,0.097,0.568,0.709,0.615,0.643,0.245,0.589,0.241,0.706,0.52,0.377,0.089,0.092,0.588,0.809,0.678,0.531,0.59,0.506,0.409,0.264,0.128,0.314,0.089,0.089,0.702,1.18,0.088,1.222,1.138,1.091,1.231,1.152,0.917,1.205,0.091,0.089,0.947,1.022,1.168,1.287,1.002,0.992,1.227,1.05,1.067,1.246,0.091,0.093,1.139,1.25,1.162,1.113,1.099,1.226,1.186,0.809,0.981,1.212,0.091,0.09,0.091,0.089,0.09,0.088,0.087,0.089,0.09,0.194,0.093,0.097,0.088
,7:49:15,38.1,0.093,0.088,0.088,0.087,0.089,0.09,0.089,0.089,0.089,0.102,0.089,0.09,0.09,0.287,0.489,0.081,0.572,0.717,0.366,0.463,0.491,0.236,0.4,0.088,0.097,0.575,0.713,0.62,0.644,0.247,0.593,0.243,0.71,0.526,0.38,0.089,0.092,0.593,0.813,0.682,0.539,0.596,0.51,0.415,0.265,0.129,0.318,0.089,0.089,0.712,1.189,0.088,1.225,1.145,1.095,1.238,1.157,0.923,1.21,0.091,0.089,0.954,1.025,1.173,1.295,1.01,1.006,1.234,1.051,1.073,1.252,0.09,0.092,1.149,1.258,1.166,1.12,1.105,1.233,1.2,0.813,0.986,1.219,0.091,0.09,0.091,0.089,0.09,0.088,0.087,0.089,0.09,0.212,0.093,0.097,0.088
,7:54:16,38.1,0.093,0.089,0.088,0.087,0.089,0.09,0.089,0.089,0.089,0.102,0.089,0.09,0.09,0.29,0.492,0.081,0.575,0.721,0.369,0.468,0.494,0.238,0.403,0.088,0.097,0.581,0.716,0.622,0.646,0.248,0.592,0.245,0.714,0.531,0.382,0.089,0.092,0.6,0.819,0.683,0.546,0.6,0.514,0.42,0.267,0.129,0.322,0.089,0.089,0.721,1.181,0.088,1.228,1.15,1.099,1.245,1.163,0.93,1.216,0.091,0.089,0.959,1.027,1.177,1.303,1.018,1.023,1.241,1.052,1.079,1.258,0.09,0.093,1.159,1.266,1.168,1.127,1.11,1.242,1.213,0.818,0.991,1.225,0.091,0.09,0.091,0.089,0.09,0.088,0.087,0.089,0.09,0.23,0.093,0.097,0.088
,7:59:16,37.9,0.093,0.088,0.088,0.087,0.089,0.09,0.089,0.089,0.089,0.102,0.089,0.09,0.09,0.295,0.496,0.081,0.579,0.724,0.373,0.473,0.496,0.239,0.406,0.088,0.097,0.587,0.721,0.622,0.648,0.25,0.593,0.248,0.718,0.537,0.385,0.089,0.092,0.606,0.824,0.687,0.554,0.606,0.518,0.425,0.268,0.131,0.327,0.089,0.089,0.731,1.191,0.088,1.231,1.155,1.105,1.253,1.168,0.946,1.222,0.091,0.089,0.966,1.03,1.18,1.31,1.024,1.039,1.249,1.053,1.085,1.264,0.09,0.092,1.167,1.274,1.171,1.135,1.115,1.249,1.226,0.826,0.999,1.231,0.091,0.09,0.09,0.089,0.09,0.088,0.087,0.089,0.09,0.25,0.093,0.097,0.088
,8:04:16,38.1,0.093,0.089,0.088,0.087,0.089,0.09,0.089,0.089,0.089,0.102,0.089,0.09,0.09,0.299,0.499,0.081,0.582,0.729,0.376,0.478,0.5,0.241,0.409,0.088,0.097,0.593,0.727,0.624,0.65,0.251,0.595,0.25,0.723,0.543,0.388,0.089,0.092,0.612,0.829,0.69,0.563,0.612,0.522,0.431,0.269,0.132,0.332,0.089,0.089,0.741,1.201,0.088,1.234,1.161,1.11,1.26,1.174,0.952,1.227,0.091,0.089,0.972,1.032,1.184,1.315,1.035,1.061,1.256,1.054,1.091,1.269,0.09,0.093,1.176,1.282,1.172,1.142,1.121,1.256,1.238,0.828,1.002,1.237,0.091,0.09,0.091,0.089,0.09,0.088,0.087,0.088,0.09,0.273,0.093,0.097,0.088
,8:09:16,38,0.093,0.088,0.088,0.087,0.089,0.09,0.089,0.089,0.089,0.102,0.089,0.09,0.09,0.304,0.503,0.081,0.584,0.732,0.378,0.483,0.502,0.242,0.411,0.088,0.097,0.599,0.732,0.625,0.652,0.253,0.596,0.252,0.727,0.549,0.39,0.089,0.092,0.617,0.834,0.692,0.57,0.617,0.526,0.435,0.271,0.132,0.335,0.089,0.089,0.75,1.213,0.088,1.237,1.165,1.115,1.267,1.18,0.96,1.232,0.091,0.089,0.979,1.035,1.187,1.32,1.044,1.076,1.263,1.054,1.097,1.276,0.09,0.092,1.184,1.287,1.173,1.148,1.127,1.264,1.25,0.832,1.008,1.243,0.091,0.09,0.09,0.089,0.09,0.088,0.087,0.088,0.09,0.296,0.093,0.097,0.088
,8:14:16,38.1,0.093,0.088,0.088,0.087,0.089,0.09,0.089,0.089,0.089,0.102,0.089,0.09,0.09,0.309,0.506,0.081,0.587,0.736,0.381,0.488,0.505,0.244,0.413,0.088,0.097,0.607,0.738,0.627,0.653,0.254,0.597,0.254,0.732,0.554,0.392,0.089,0.092,0.623,0.839,0.695,0.578,0.622,0.53,0.441,0.272,0.133,0.34,0.089,0.089,0.758,1.227,0.088,1.239,1.17,1.121,1.274,1.186,0.968,1.237,0.091,0.089,0.985,1.039,1.19,1.325,1.05,1.092,1.271,1.056,1.104,1.281,0.09,0.093,1.192,1.293,1.176,1.157,1.132,1.271,1.261,0.832,1.012,1.248,0.091,0.09,0.09,0.089,0.09,0.088,0.087,0.088,0.09,0.32,0.093,0.097,0.088
,8:19:16,38.1,0.093,0.089,0.088,0.087,0.089,0.09,0.089,0.089,0.089,0.102,0.089,0.09,0.09,0.313,0.51,0.081,0.591,0.741,0.383,0.494,0.507,0.247,0.416,0.088,0.097,0.611,0.744,0.628,0.656,0.255,0.599,0.257,0.738,0.559,0.395,0.089,0.092,0.629,0.845,0.698,0.586,0.621,0.535,0.447,0.274,0.135,0.344,0.089,0.089,0.773,1.243,0.088,1.242,1.174,1.128,1.281,1.191,0.974,1.242,0.091,0.089,0.992,1.042,1.193,1.331,1.058,1.108,1.277,1.058,1.111,1.286,0.09,0.093,1.201,1.298,1.178,1.165,1.137,1.279,1.272,0.837,1.02,1.254,0.091,0.09,0.091,0.089,0.09,0.088,0.087,0.089,0.09,0.351,0.093,0.097,0.088
,8:24:16,38,0.093,0.088,0.088,0.087,0.089,0.09,0.089,0.089,0.089,0.102,0.089,0.09,0.09,0.316,0.514,0.081,0.594,0.745,0.386,0.498,0.509,0.247,0.418,0.088,0.097,0.614,0.75,0.63,0.657,0.257,0.6,0.259,0.743,0.565,0.397,0.088,0.092,0.635,0.849,0.7,0.595,0.622,0.538,0.452,0.275,0.135,0.348,0.089,0.089,0.789,1.258,0.088,1.244,1.178,1.134,1.286,1.195,0.984,1.247,0.091,0.089,0.998,1.044,1.196,1.336,1.068,1.126,1.283,1.058,1.119,1.291,0.09,0.092,1.209,1.303,1.179,1.173,1.141,1.286,1.284,0.842,1.025,1.258,0.091,0.09,0.091,0.089,0.09,0.088,0.087,0.088,0.09,0.368,0.093,0.097,0.088
,8:29:16,38,0.093,0.088,0.088,0.087,0.089,0.09,0.089,0.089,0.089,0.102,0.089,0.09,0.09,0.32,0.516,0.081,0.598,0.75,0.389,0.503,0.512,0.248,0.42,0.088,0.097,0.616,0.756,0.631,0.658,0.259,0.6,0.261,0.749,0.57,0.399,0.089,0.092,0.639,0.855,0.702,0.603,0.623,0.543,0.457,0.275,0.137,0.353,0.089,0.089,0.805,1.274,0.088,1.246,1.182,1.139,1.292,1.199,0.991,1.251,0.09,0.089,1.005,1.047,1.198,1.342,1.076,1.143,1.289,1.059,1.127,1.296,0.09,0.092,1.216,1.308,1.181,1.183,1.145,1.292,1.295,0.841,1.03,1.263,0.091,0.09,0.09,0.089,0.09,0.088,0.087,0.089,0.09,0.391,0.093,0.097,0.088
,8:34:16,38,0.093,0.089,0.088,0.087,0.089,0.09,0.089,0.089,0.089,0.102,0.089,0.09,0.09,0.324,0.52,0.081,0.601,0.754,0.392,0.508,0.515,0.25,0.423,0.088,0.097,0.618,0.763,0.631,0.659,0.26,0.602,0.263,0.755,0.575,0.402,0.089,0.092,0.639,0.861,0.705,0.61,0.625,0.546,0.463,0.277,0.138,0.357,0.089,0.089,0.82,1.29,0.088,1.248,1.185,1.147,1.297,1.201,1.001,1.255,0.091,0.089,1.011,1.051,1.201,1.347,1.083,1.16,1.294,1.059,1.139,1.301,0.09,0.092,1.225,1.314,1.183,1.194,1.149,1.297,1.304,0.844,1.035,1.268,0.091,0.09,0.09,0.089,0.09,0.088,0.087,0.089,0.09,0.418,0.093,0.097,0.088
,8:39:16,38,0.093,0.089,0.088,0.087,0.089,0.09,0.089,0.089,0.089,0.103,0.089,0.09,0.09,0.329,0.524,0.081,0.604,0.759,0.394,0.513,0.518,0.253,0.425,0.088,0.097,0.62,0.769,0.631,0.661,0.262,0.602,0.265,0.76,0.579,0.405,0.089,0.092,0.64,0.866,0.708,0.619,0.627,0.55,0.467,0.279,0.138,0.361,0.089,0.089,0.835,1.304,0.088,1.25,1.189,1.157,1.301,1.205,1.012,1.259,0.091,0.089,1.017,1.054,1.203,1.353,1.092,1.175,1.3,1.06,1.152,1.308,0.09,0.093,1.233,1.32,1.186,1.206,1.152,1.303,1.311,0.845,1.04,1.274,0.091,0.09,0.091,0.089,0.09,0.088,0.087,0.089,0.09,0.455,0.093,0.097,0.088
,8:44:16,38,0.093,0.089,0.088,0.087,0.089,0.09,0.089,0.089,0.089,0.102,0.089,0.09,0.09,0.333,0.528,0.081,0.609,0.764,0.398,0.517,0.519,0.254,0.428,0.088,0.097,0.622,0.776,0.633,0.662,0.264,0.604,0.267,0.767,0.585,0.406,0.089,0.092,0.643,0.872,0.711,0.627,0.629,0.554,0.472,0.279,0.14,0.366,0.089,0.089,0.848,1.317,0.088,1.252,1.192,1.166,1.306,1.208,1.023,1.264,0.091,0.089,1.023,1.057,1.205,1.357,1.101,1.188,1.305,1.059,1.164,1.314,0.09,0.092,1.242,1.325,1.188,1.218,1.156,1.307,1.318,0.851,1.046,1.278,0.091,0.09,0.091,0.089,0.09,0.088,0.087,0.089,0.09,0.476,0.093,0.097,0.088
,8:49:16,38,0.093,0.089,0.088,0.087,0.089,0.09,0.089,0.089,0.089,0.102,0.089,0.09,0.09,0.34,0.532,0.081,0.607,0.768,0.4,0.522,0.522,0.256,0.43,0.088,0.097,0.623,0.782,0.634,0.663,0.265,0.604,0.269,0.773,0.59,0.409,0.089,0.092,0.644,0.877,0.713,0.628,0.63,0.558,0.477,0.281,0.142,0.37,0.089,0.089,0.86,1.331,0.088,1.253,1.195,1.176,1.31,1.21,1.034,1.266,0.091,0.089,1.029,1.061,1.208,1.361,1.11,1.2,1.309,1.06,1.176,1.321,0.09,0.093,1.248,1.33,1.19,1.23,1.159,1.311,1.324,0.852,1.048,1.283,0.091,0.09,0.091,0.089,0.09,0.088,0.087,0.089,0.09,0.491,0.093,0.097,0.088
,8:54:16,38,0.093,0.089,0.088,0.087,0.089,0.09,0.089,0.089,0.089,0.102,0.089,0.09,0.09,0.345,0.535,0.081,0.608,0.772,0.403,0.527,0.525,0.257,0.432,0.088,0.097,0.625,0.789,0.634,0.664,0.266,0.606,0.272,0.779,0.595,0.41,0.089,0.092,0.646,0.883,0.716,0.63,0.632,0.561,0.482,0.282,0.143,0.374,0.089,0.089,0.873,1.341,0.088,1.255,1.199,1.195,1.314,1.213,1.04,1.27,0.091,0.089,1.036,1.064,1.21,1.366,1.116,1.212,1.313,1.061,1.188,1.33,0.09,0.093,1.256,1.334,1.193,1.241,1.163,1.315,1.33,0.855,1.053,1.287,0.091,0.09,0.091,0.089,0.09,0.088,0.087,0.089,0.09,0.504,0.093,0.097,0.088
,8:59:16,38,0.093,0.088,0.088,0.087,0.089,0.09,0.089,0.089,0.089,0.102,0.089,0.09,0.09,0.35,0.538,0.081,0.607,0.776,0.406,0.532,0.527,0.259,0.435,0.088,0.097,0.626,0.795,0.635,0.666,0.268,0.606,0.273,0.785,0.6,0.413,0.089,0.092,0.647,0.889,0.719,0.633,0.634,0.565,0.487,0.283,0.144,0.378,0.089,0.089,0.884,1.348,0.088,1.256,1.202,1.208,1.318,1.215,1.037,1.273,0.091,0.089,1.042,1.067,1.211,1.37,1.123,1.221,1.318,1.061,1.2,1.338,0.09,0.093,1.262,1.338,1.195,1.255,1.166,1.319,1.336,0.855,1.056,1.291,0.091,0.09,0.09,0.089,0.09,0.088,0.087,0.089,0.09,0.516,0.093,0.097,0.088
,9:04:16,38.1,0.093,0.089,0.088,0.087,0.089,0.09,0.089,0.089,0.089,0.102,0.089,0.09,0.09,0.356,0.542,0.081,0.608,0.78,0.409,0.536,0.532,0.262,0.437,0.088,0.097,0.628,0.802,0.636,0.667,0.27,0.607,0.275,0.791,0.605,0.415,0.089,0.092,0.649,0.894,0.722,0.635,0.635,0.569,0.493,0.285,0.146,0.383,0.089,0.089,0.896,1.354,0.088,1.258,1.206,1.219,1.321,1.218,1.031,1.276,0.091,0.089,1.049,1.071,1.212,1.374,1.134,1.229,1.323,1.062,1.212,1.349,0.09,0.092,1.267,1.343,1.198,1.266,1.169,1.323,1.341,0.855,1.059,1.294,0.091,0.09,0.09,0.089,0.09,0.088,0.087,0.089,0.09,0.53,0.093,0.097,0.088
,9:09:16,38,0.093,0.089,0.088,0.087,0.089,0.09,0.089,0.089,0.089,0.102,0.089,0.09,0.09,0.361,0.544,0.081,0.609,0.786,0.412,0.541,0.532,0.263,0.44,0.088,0.097,0.631,0.809,0.637,0.669,0.272,0.608,0.277,0.797,0.609,0.417,0.089,0.092,0.65,0.899,0.725,0.636,0.637,0.573,0.498,0.287,0.146,0.389,0.089,0.089,0.906,1.359,0.088,1.259,1.21,1.235,1.326,1.22,1.032,1.278,0.091,0.089,1.056,1.074,1.214,1.377,1.141,1.235,1.327,1.062,1.224,1.362,0.09,0.093,1.272,1.347,1.201,1.274,1.172,1.327,1.346,0.855,1.063,1.298,0.091,0.09,0.091,0.089,0.09,0.088,0.087,0.089,0.09,0.542,0.093,0.097,0.088
,9:14:16,38,0.093,0.088,0.088,0.087,0.089,0.09,0.089,0.089,0.089,0.102,0.089,0.09,0.09,0.367,0.547,0.081,0.611,0.788,0.414,0.546,0.533,0.265,0.441,0.088,0.097,0.633,0.815,0.638,0.669,0.274,0.609,0.279,0.803,0.614,0.419,0.089,0.092,0.653,0.905,0.729,0.638,0.639,0.576,0.503,0.288,0.147,0.393,0.089,0.089,0.916,1.364,0.088,1.26,1.215,1.246,1.329,1.221,1.038,1.28,0.091,0.089,1.063,1.078,1.216,1.38,1.15,1.241,1.33,1.063,1.235,1.377,0.09,0.093,1.276,1.35,1.204,1.281,1.176,1.33,1.351,0.859,1.065,1.3,0.091,0.09,0.09,0.089,0.09,0.088,0.087,0.089,0.09,0.552,0.093,0.097,0.088
,9:19:16,38.1,0.093,0.089,0.088,0.087,0.089,0.09,0.089,0.089,0.089,0.103,0.089,0.09,0.09,0.373,0.55,0.081,0.612,0.792,0.418,0.55,0.536,0.267,0.444,0.088,0.097,0.637,0.822,0.639,0.671,0.276,0.61,0.281,0.809,0.616,0.421,0.089,0.092,0.655,0.911,0.733,0.64,0.641,0.58,0.508,0.291,0.149,0.398,0.089,0.089,0.925,1.369,0.088,1.262,1.219,1.25,1.332,1.224,1.044,1.283,0.091,0.089,1.07,1.081,1.218,1.383,1.158,1.247,1.335,1.065,1.249,1.396,0.09,0.093,1.28,1.354,1.207,1.288,1.179,1.335,1.356,0.86,1.068,1.304,0.091,0.09,0.091,0.089,0.09,0.088,0.087,0.089,0.09,0.562,0.093,0.097,0.088
,9:24:16,38,0.093,0.088,0.088,0.087,0.089,0.09,0.089,0.089,0.089,0.102,0.089,0.09,0.09,0.379,0.553,0.081,0.613,0.798,0.42,0.554,0.54,0.269,0.446,0.088,0.097,0.642,0.828,0.64,0.673,0.277,0.611,0.283,0.815,0.614,0.423,0.089,0.092,0.657,0.917,0.736,0.642,0.642,0.584,0.513,0.292,0.15,0.402,0.089,0.089,0.935,1.373,0.088,1.264,1.224,1.252,1.335,1.225,1.048,1.286,0.091,0.089,1.077,1.085,1.219,1.386,1.167,1.253,1.338,1.065,1.261,1.412,0.09,0.093,1.284,1.357,1.21,1.293,1.181,1.337,1.361,0.86,1.073,1.307,0.091,0.09,0.091,0.089,0.09,0.088,0.087,0.089,0.09,0.573,0.093,0.097,0.088
,9:29:16,38,0.093,0.088,0.088,0.087,0.089,0.09,0.089,0.089,0.089,0.102,0.088,0.09,0.09,0.384,0.556,0.081,0.615,0.801,0.423,0.558,0.542,0.272,0.448,0.088,0.097,0.646,0.835,0.642,0.675,0.279,0.613,0.285,0.821,0.614,0.425,0.089,0.092,0.66,0.923,0.739,0.643,0.643,0.586,0.518,0.293,0.15,0.407,0.089,0.089,0.945,1.377,0.088,1.265,1.228,1.254,1.338,1.226,1.061,1.288,0.091,0.089,1.085,1.089,1.219,1.388,1.175,1.257,1.341,1.067,1.27,1.424,0.09,0.093,1.288,1.361,1.213,1.3,1.183,1.342,1.365,0.863,1.073,1.31,0.091,0.09,0.09,0.089,0.09,0.088,0.087,0.089,0.09,0.582,0.093,0.097,0.088
,9:34:16,38.1,0.093,0.089,0.088,0.087,0.089,0.09,0.089,0.089,0.089,0.102,0.089,0.09,0.09,0.39,0.559,0.081,0.616,0.809,0.426,0.563,0.544,0.274,0.45,0.088,0.097,0.652,0.841,0.643,0.676,0.28,0.613,0.287,0.826,0.614,0.427,0.089,0.092,0.664,0.929,0.743,0.645,0.645,0.586,0.523,0.295,0.153,0.409,0.089,0.089,0.954,1.383,0.088,1.266,1.234,1.254,1.341,1.228,1.073,1.29,0.091,0.089,1.093,1.093,1.221,1.391,1.184,1.261,1.344,1.069,1.278,1.432,0.09,0.092,1.293,1.364,1.217,1.306,1.186,1.345,1.37,0.864,1.077,1.313,0.091,0.09,0.09,0.089,0.09,0.088,0.087,0.089,0.09,0.591,0.093,0.097,0.088
,9:39:16,38,0.093,0.089,0.088,0.087,0.089,0.09,0.089,0.089,0.089,0.102,0.089,0.09,0.09,0.396,0.561,0.081,0.617,0.811,0.429,0.568,0.545,0.276,0.452,0.088,0.097,0.657,0.848,0.644,0.678,0.282,0.615,0.289,0.832,0.615,0.428,0.089,0.092,0.668,0.935,0.747,0.648,0.647,0.587,0.528,0.296,0.153,0.411,0.089,0.089,0.962,1.387,0.088,1.267,1.238,1.255,1.343,1.23,1.083,1.292,0.091,0.089,1.103,1.096,1.222,1.393,1.194,1.265,1.348,1.07,1.286,1.437,0.09,0.092,1.296,1.367,1.22,1.312,1.189,1.348,1.374,0.863,1.078,1.315,0.091,0.09,0.09,0.089,0.09,0.088,0.087,0.088,0.09,0.598,0.093,0.097,0.088
,9:44:16,38,0.093,0.088,0.088,0.087,0.089,0.09,0.089,0.089,0.089,0.102,0.089,0.09,0.09,0.402,0.564,0.081,0.619,0.818,0.432,0.573,0.548,0.279,0.455,0.088,0.097,0.663,0.854,0.646,0.679,0.284,0.616,0.291,0.838,0.616,0.43,0.089,0.092,0.672,0.941,0.751,0.65,0.65,0.588,0.533,0.298,0.155,0.415,0.089,0.089,0.971,1.393,0.088,1.268,1.244,1.258,1.346,1.231,1.095,1.294,0.091,0.089,1.113,1.1,1.223,1.395,1.2,1.268,1.35,1.072,1.293,1.441,0.09,0.093,1.3,1.37,1.224,1.318,1.191,1.351,1.378,0.865,1.08,1.317,0.091,0.09,0.091,0.089,0.09,0.088,0.087,0.089,0.09,0.607,0.093,0.097,0.088
,9:49:16,38,0.093,0.088,0.088,0.087,0.089,0.09,0.089,0.089,0.089,0.102,0.089,0.09,0.09,0.408,0.566,0.081,0.62,0.821,0.435,0.576,0.549,0.281,0.456,0.088,0.097,0.669,0.86,0.647,0.681,0.286,0.617,0.292,0.843,0.616,0.433,0.089,0.092,0.676,0.947,0.755,0.654,0.651,0.59,0.538,0.3,0.155,0.419,0.089,0.089,0.979,1.398,0.088,1.269,1.249,1.261,1.349,1.234,1.105,1.296,0.091,0.089,1.124,1.104,1.224,1.398,1.204,1.272,1.354,1.073,1.299,1.446,0.09,0.092,1.303,1.374,1.227,1.325,1.193,1.355,1.382,0.864,1.081,1.32,0.091,0.09,0.091,0.089,0.09,0.088,0.087,0.089,0.09,0.614,0.093,0.097,0.088
,9:54:16,38.1,0.093,0.089,0.088,0.087,0.089,0.09,0.089,0.089,0.089,0.102,0.089,0.09,0.09,0.414,0.569,0.081,0.621,0.825,0.438,0.58,0.549,0.284,0.458,0.088,0.097,0.674,0.866,0.649,0.683,0.288,0.618,0.295,0.849,0.618,0.435,0.089,0.092,0.682,0.953,0.759,0.657,0.654,0.592,0.543,0.301,0.157,0.423,0.089,0.089,0.987,1.403,0.088,1.271,1.256,1.268,1.351,1.235,1.119,1.298,0.091,0.09,1.135,1.108,1.225,1.4,1.21,1.275,1.356,1.075,1.307,1.45,0.09,0.093,1.307,1.377,1.231,1.331,1.195,1.358,1.386,0.866,1.083,1.322,0.091,0.09,0.091,0.089,0.09,0.088,0.087,0.089,0.09,0.619,0.093,0.097,0.088
,9:59:16,38,0.093,0.088,0.088,0.087,0.089,0.09,0.089,0.089,0.089,0.102,0.089,0.09,0.09,0.419,0.572,0.081,0.622,0.83,0.44,0.585,0.55,0.286,0.46,0.088,0.097,0.68,0.871,0.65,0.685,0.289,0.619,0.296,0.854,0.617,0.436,0.088,0.092,0.687,0.959,0.762,0.66,0.656,0.592,0.548,0.302,0.159,0.429,0.089,0.089,0.995,1.407,0.088,1.272,1.263,1.272,1.353,1.236,1.125,1.299,0.091,0.089,1.147,1.113,1.226,1.402,1.212,1.277,1.358,1.077,1.313,1.455,0.09,0.092,1.309,1.38,1.235,1.337,1.196,1.36,1.389,0.865,1.085,1.323,0.091,0.09,0.091,0.089,0.09,0.088,0.087,0.089,0.09,0.621,0.093,0.097,0.088
,10:04:16,38,0.093,0.089,0.088,0.087,0.089,0.09,0.089,0.09,0.089,0.102,0.089,0.09,0.09,0.425,0.575,0.081,0.623,0.834,0.443,0.587,0.549,0.288,0.462,0.088,0.097,0.685,0.876,0.652,0.686,0.291,0.621,0.298,0.86,0.619,0.438,0.089,0.092,0.692,0.964,0.767,0.664,0.658,0.594,0.553,0.304,0.16,0.431,0.089,0.089,1.004,1.411,0.088,1.273,1.271,1.277,1.355,1.237,1.13,1.3,0.091,0.089,1.159,1.118,1.227,1.404,1.214,1.28,1.36,1.079,1.319,1.46,0.09,0.093,1.312,1.383,1.239,1.342,1.199,1.363,1.392,0.866,1.086,1.326,0.091,0.09,0.091,0.089,0.09,0.088,0.087,0.089,0.09,0.625,0.093,0.097,0.088
,10:09:16,38.1,0.093,0.089,0.088,0.087,0.089,0.09,0.089,0.089,0.089,0.102,0.089,0.09,0.09,0.431,0.572,0.081,0.625,0.839,0.447,0.587,0.55,0.291,0.464,0.088,0.097,0.69,0.881,0.655,0.689,0.294,0.622,0.3,0.864,0.619,0.44,0.089,0.092,0.697,0.969,0.771,0.667,0.66,0.596,0.559,0.306,0.161,0.435,0.089,0.089,1.012,1.415,0.088,1.274,1.282,1.284,1.357,1.238,1.139,1.303,0.091,0.089,1.169,1.125,1.228,1.407,1.218,1.282,1.362,1.081,1.325,1.463,0.09,0.092,1.315,1.386,1.243,1.347,1.199,1.365,1.395,0.867,1.085,1.327,0.091,0.09,0.09,0.089,0.09,0.088,0.087,0.089,0.09,0.626,0.093,0.097,0.088
,10:14:16,38,0.093,0.089,0.088,0.087,0.089,0.09,0.089,0.089,0.089,0.102,0.089,0.09,0.09,0.438,0.572,0.081,0.626,0.844,0.45,0.588,0.551,0.293,0.467,0.088,0.097,0.697,0.886,0.656,0.691,0.296,0.623,0.302,0.869,0.62,0.442,0.089,0.092,0.702,0.975,0.775,0.671,0.663,0.597,0.559,0.307,0.162,0.441,0.089,0.089,1.02,1.419,0.088,1.274,1.291,1.29,1.359,1.24,1.148,1.304,0.091,0.089,1.18,1.133,1.229,1.409,1.219,1.284,1.364,1.083,1.332,1.467,0.09,0.093,1.317,1.388,1.249,1.351,1.201,1.367,1.398,0.868,1.086,1.329,0.091,0.09,0.091,0.089,0.09,0.088,0.087,0.089,0.09,0.628,0.093,0.097,0.088
,10:19:16,38.1,0.093,0.089,0.088,0.087,0.089,0.09,0.089,0.089,0.089,0.102,0.089,0.09,0.09,0.443,0.572,0.081,0.627,0.849,0.455,0.589,0.551,0.296,0.469,0.088,0.097,0.702,0.89,0.658,0.693,0.299,0.625,0.304,0.873,0.621,0.444,0.089,0.092,0.707,0.98,0.779,0.674,0.666,0.599,0.559,0.309,0.163,0.443,0.089,0.089,1.028,1.423,0.088,1.275,1.3,1.295,1.36,1.24,1.153,1.305,0.091,0.089,1.19,1.143,1.229,1.411,1.222,1.286,1.365,1.085,1.339,1.47,0.09,0.093,1.32,1.389,1.256,1.355,1.202,1.369,1.4,0.869,1.088,1.331,0.091,0.09,0.09,0.089,0.09,0.088,0.087,0.089,0.09,0.631,0.093,0.097,0.088
,10:24:16,38,0.093,0.088,0.088,0.087,0.089,0.09,0.089,0.089,0.089,0.102,0.089,0.09,0.09,0.448,0.572,0.081,0.629,0.854,0.459,0.589,0.551,0.297,0.47,0.088,0.097,0.709,0.895,0.66,0.695,0.301,0.626,0.306,0.877,0.621,0.446,0.089,0.092,0.712,0.985,0.784,0.679,0.668,0.6,0.559,0.31,0.165,0.448,0.089,0.089,1.036,1.428,0.088,1.276,1.31,1.299,1.362,1.241,1.157,1.306,0.091,0.089,1.201,1.153,1.23,1.412,1.227,1.288,1.366,1.088,1.344,1.473,0.09,0.093,1.323,1.391,1.262,1.359,1.203,1.371,1.403,0.868,1.087,1.332,0.091,0.09,0.091,0.089,0.09,0.088,0.087,0.089,0.09,0.632,0.093,0.097,0.088
,10:29:16,38,0.093,0.088,0.088,0.087,0.089,0.09,0.089,0.089,0.089,0.102,0.089,0.09,0.09,0.454,0.572,0.081,0.63,0.859,0.463,0.59,0.551,0.299,0.472,0.088,0.097,0.714,0.899,0.662,0.698,0.303,0.627,0.307,0.882,0.622,0.448,0.089,0.092,0.717,0.99,0.788,0.683,0.671,0.602,0.56,0.312,0.167,0.452,0.089,0.089,1.044,1.432,0.088,1.277,1.321,1.304,1.364,1.241,1.165,1.308,0.091,0.089,1.212,1.162,1.232,1.413,1.23,1.29,1.368,1.09,1.35,1.477,0.09,0.093,1.327,1.394,1.268,1.364,1.204,1.372,1.406,0.868,1.089,1.334,0.091,0.09,0.091,0.089,0.09,0.088,0.087,0.089,0.09,0.634,0.093,0.097,0.088
,10:34:16,38,0.093,0.089,0.088,0.087,0.089,0.09,0.089,0.089,0.089,0.102,0.089,0.09,0.09,0.459,0.573,0.081,0.631,0.863,0.467,0.59,0.552,0.301,0.474,0.088,0.097,0.721,0.905,0.665,0.7,0.306,0.629,0.309,0.886,0.622,0.45,0.089,0.092,0.723,0.995,0.792,0.688,0.673,0.603,0.56,0.313,0.166,0.456,0.089,0.089,1.051,1.436,0.088,1.278,1.331,1.309,1.365,1.242,1.171,1.31,0.091,0.089,1.222,1.171,1.232,1.415,1.229,1.292,1.369,1.093,1.355,1.481,0.09,0.093,1.329,1.395,1.274,1.368,1.205,1.375,1.409,0.871,1.089,1.336,0.091,0.09,0.091,0.089,0.09,0.088,0.087,0.089,0.09,0.637,0.093,0.097,0.088
,10:39:16,38,0.093,0.089,0.088,0.087,0.089,0.09,0.089,0.089,0.089,0.102,0.089,0.09,0.09,0.466,0.573,0.081,0.633,0.868,0.471,0.59,0.553,0.302,0.476,0.088,0.097,0.727,0.908,0.666,0.703,0.309,0.63,0.311,0.889,0.623,0.452,0.089,0.092,0.728,1,0.797,0.692,0.676,0.604,0.561,0.315,0.169,0.461,0.089,0.089,1.058,1.439,0.088,1.279,1.34,1.313,1.366,1.243,1.175,1.311,0.091,0.089,1.233,1.181,1.233,1.415,1.234,1.294,1.37,1.095,1.36,1.484,0.09,0.093,1.331,1.397,1.282,1.371,1.206,1.376,1.411,0.87,1.09,1.337,0.091,0.09,0.091,0.089,0.09,0.088,0.087,0.089,0.09,0.641,0.093,0.097,0.088
,10:44:16,38.1,0.093,0.089,0.088,0.087,0.089,0.09,0.089,0.089,0.089,0.102,0.089,0.09,0.09,0.471,0.573,0.081,0.635,0.872,0.473,0.591,0.553,0.304,0.478,0.088,0.097,0.733,0.913,0.669,0.705,0.311,0.631,0.313,0.893,0.625,0.454,0.089,0.092,0.733,1.005,0.801,0.697,0.678,0.606,0.561,0.317,0.168,0.465,0.089,0.089,1.065,1.441,0.088,1.279,1.35,1.316,1.368,1.243,1.176,1.312,0.091,0.089,1.244,1.193,1.234,1.417,1.237,1.295,1.371,1.098,1.364,1.486,0.09,0.093,1.333,1.398,1.29,1.375,1.207,1.377,1.413,0.871,1.09,1.338,0.091,0.09,0.091,0.089,0.09,0.088,0.087,0.089,0.09,0.641,0.093,0.097,0.088
,10:49:16,38.1,0.093,0.088,0.088,0.087,0.089,0.09,0.089,0.089,0.089,0.102,0.088,0.09,0.09,0.477,0.574,0.081,0.636,0.876,0.476,0.592,0.553,0.306,0.479,0.088,0.097,0.739,0.917,0.671,0.707,0.314,0.633,0.315,0.897,0.625,0.457,0.089,0.092,0.739,1.01,0.805,0.703,0.681,0.607,0.561,0.319,0.17,0.469,0.089,0.089,1.071,1.444,0.088,1.281,1.359,1.321,1.369,1.244,1.184,1.313,0.091,0.089,1.253,1.203,1.234,1.417,1.239,1.297,1.372,1.101,1.368,1.49,0.09,0.092,1.336,1.4,1.303,1.38,1.207,1.378,1.416,0.872,1.091,1.34,0.091,0.09,0.09,0.089,0.09,0.088,0.087,0.089,0.09,0.646,0.093,0.097,0.088
,10:54:16,38.1,0.093,0.089,0.088,0.087,0.089,0.09,0.089,0.089,0.089,0.102,0.089,0.09,0.09,0.483,0.575,0.081,0.638,0.88,0.479,0.592,0.554,0.308,0.482,0.088,0.097,0.745,0.922,0.673,0.71,0.317,0.634,0.316,0.901,0.626,0.458,0.088,0.092,0.744,1.014,0.81,0.708,0.685,0.609,0.562,0.32,0.17,0.473,0.089,0.089,1.079,1.446,0.088,1.281,1.366,1.325,1.37,1.245,1.187,1.315,0.091,0.089,1.263,1.213,1.234,1.418,1.243,1.299,1.373,1.105,1.372,1.494,0.09,0.093,1.338,1.401,1.316,1.383,1.208,1.38,1.417,0.872,1.092,1.341,0.091,0.09,0.091,0.089,0.09,0.088,0.087,0.089,0.09,0.649,0.093,0.097,0.088
,10:59:16,38,0.093,0.088,0.088,0.087,0.089,0.089,0.089,0.089,0.089,0.102,0.089,0.089,0.09,0.489,0.574,0.081,0.639,0.884,0.481,0.593,0.554,0.309,0.483,0.088,0.097,0.75,0.927,0.675,0.712,0.32,0.635,0.318,0.904,0.627,0.461,0.089,0.092,0.748,1.018,0.814,0.713,0.686,0.61,0.563,0.322,0.172,0.477,0.089,0.089,1.085,1.448,0.088,1.282,1.372,1.328,1.371,1.244,1.188,1.316,0.091,0.089,1.273,1.223,1.235,1.419,1.246,1.3,1.374,1.108,1.376,1.495,0.09,0.092,1.339,1.402,1.326,1.386,1.209,1.381,1.419,0.872,1.093,1.341,0.091,0.09,0.091,0.089,0.09,0.088,0.087,0.089,0.09,0.652,0.093,0.097,0.088
,11:04:16,38,0.093,0.089,0.088,0.087,0.09,0.09,0.089,0.09,0.089,0.102,0.089,0.09,0.09,0.495,0.574,0.081,0.641,0.888,0.485,0.595,0.554,0.312,0.486,0.088,0.097,0.757,0.931,0.677,0.715,0.323,0.637,0.32,0.908,0.628,0.467,0.089,0.093,0.753,1.024,0.818,0.72,0.69,0.611,0.563,0.324,0.174,0.481,0.089,0.089,1.092,1.452,0.088,1.283,1.378,1.334,1.372,1.245,1.194,1.319,0.091,0.089,1.283,1.233,1.237,1.42,1.248,1.304,1.375,1.112,1.38,1.499,0.09,0.093,1.342,1.404,1.336,1.391,1.21,1.383,1.422,0.873,1.093,1.344,0.091,0.091,0.091,0.089,0.09,0.088,0.087,0.089,0.09,0.658,0.093,0.097,0.088
,11:09:16,38,0.093,0.088,0.088,0.087,0.089,0.09,0.089,0.089,0.089,0.102,0.089,0.09,0.09,0.501,0.575,0.081,0.642,0.892,0.488,0.596,0.555,0.313,0.487,0.088,0.097,0.762,0.936,0.68,0.718,0.326,0.638,0.322,0.913,0.629,0.466,0.089,0.092,0.759,1.03,0.822,0.725,0.693,0.614,0.564,0.325,0.175,0.484,0.089,0.089,1.098,1.454,0.088,1.284,1.384,1.337,1.373,1.245,1.197,1.321,0.091,0.089,1.291,1.244,1.236,1.421,1.251,1.306,1.375,1.116,1.383,1.501,0.09,0.093,1.344,1.404,1.345,1.394,1.21,1.383,1.423,0.875,1.093,1.345,0.091,0.09,0.091,0.089,0.09,0.088,0.087,0.089,0.09,0.663,0.093,0.097,0.088
,11:14:16,38,0.093,0.088,0.088,0.087,0.089,0.09,0.089,0.089,0.089,0.102,0.088,0.09,0.09,0.507,0.576,0.081,0.644,0.895,0.491,0.597,0.555,0.314,0.489,0.088,0.097,0.767,0.939,0.683,0.72,0.329,0.639,0.324,0.916,0.63,0.465,0.088,0.092,0.763,1.033,0.826,0.731,0.696,0.615,0.565,0.327,0.176,0.488,0.088,0.089,1.105,1.455,0.088,1.284,1.389,1.337,1.374,1.244,1.2,1.321,0.091,0.089,1.299,1.25,1.238,1.42,1.252,1.307,1.376,1.12,1.386,1.503,0.09,0.092,1.345,1.405,1.35,1.397,1.21,1.384,1.424,0.875,1.092,1.345,0.091,0.09,0.09,0.089,0.09,0.088,0.087,0.089,0.09,0.663,0.093,0.097,0.088
,11:19:16,38,0.093,0.089,0.088,0.087,0.089,0.09,0.089,0.089,0.089,0.102,0.089,0.09,0.09,0.513,0.576,0.081,0.645,0.899,0.495,0.599,0.555,0.315,0.493,0.088,0.097,0.774,0.945,0.685,0.723,0.332,0.641,0.325,0.921,0.632,0.466,0.089,0.092,0.767,1.036,0.83,0.736,0.699,0.617,0.566,0.329,0.177,0.492,0.089,0.089,1.111,1.458,0.088,1.285,1.394,1.341,1.375,1.245,1.201,1.323,0.091,0.089,1.307,1.254,1.237,1.422,1.255,1.308,1.377,1.124,1.389,1.504,0.09,0.093,1.348,1.406,1.353,1.4,1.212,1.385,1.426,0.875,1.092,1.346,0.091,0.09,0.091,0.089,0.09,0.088,0.087,0.089,0.09,0.665,0.093,0.097,0.088
,11:24:16,38,0.093,0.088,0.088,0.087,0.089,0.09,0.089,0.089,0.089,0.102,0.089,0.09,0.09,0.519,0.576,0.081,0.648,0.903,0.497,0.601,0.555,0.317,0.493,0.088,0.097,0.78,0.948,0.688,0.726,0.336,0.642,0.327,0.926,0.633,0.467,0.089,0.092,0.772,1.04,0.834,0.743,0.702,0.619,0.568,0.33,0.179,0.495,0.089,0.089,1.118,1.46,0.088,1.286,1.4,1.343,1.376,1.245,1.205,1.326,0.091,0.089,1.314,1.259,1.239,1.422,1.256,1.309,1.377,1.129,1.391,1.506,0.09,0.093,1.349,1.407,1.357,1.403,1.212,1.387,1.428,0.876,1.093,1.347,0.091,0.09,0.091,0.089,0.09,0.088,0.087,0.089,0.09,0.666,0.093,0.097,0.088
,11:29:16,38,0.093,0.089,0.088,0.087,0.089,0.09,0.089,0.089,0.089,0.102,0.089,0.09,0.09,0.524,0.576,0.081,0.648,0.906,0.499,0.602,0.555,0.319,0.493,0.088,0.097,0.785,0.953,0.69,0.728,0.339,0.643,0.329,0.93,0.635,0.47,0.089,0.092,0.776,1.044,0.839,0.749,0.705,0.621,0.569,0.333,0.18,0.498,0.089,0.089,1.124,1.462,0.088,1.286,1.405,1.347,1.377,1.245,1.209,1.329,0.091,0.089,1.321,1.263,1.24,1.422,1.26,1.311,1.378,1.135,1.393,1.506,0.09,0.093,1.351,1.408,1.361,1.407,1.212,1.387,1.429,0.876,1.091,1.348,0.091,0.09,0.091,0.089,0.09,0.088,0.087,0.089,0.09,0.665,0.093,0.097,0.088
,11:34:16,38,0.093,0.089,0.088,0.087,0.089,0.09,0.089,0.089,0.089,0.102,0.089,0.09,0.09,0.53,0.577,0.081,0.651,0.91,0.503,0.604,0.556,0.32,0.494,0.088,0.097,0.791,0.958,0.693,0.732,0.341,0.644,0.33,0.935,0.636,0.472,0.089,0.092,0.78,1.048,0.843,0.755,0.707,0.623,0.571,0.333,0.182,0.501,0.089,0.089,1.131,1.463,0.088,1.286,1.41,1.349,1.378,1.245,1.211,1.331,0.091,0.089,1.328,1.268,1.24,1.423,1.262,1.312,1.378,1.144,1.395,1.506,0.09,0.093,1.353,1.408,1.365,1.409,1.213,1.387,1.43,0.876,1.09,1.349,0.091,0.09,0.091,0.089,0.09,0.088,0.087,0.089,0.09,0.665,0.093,0.097,0.088
,11:39:16,38,0.093,0.088,0.088,0.087,0.089,0.09,0.089,0.089,0.089,0.102,0.089,0.09,0.09,0.536,0.577,0.081,0.653,0.913,0.502,0.607,0.556,0.322,0.494,0.088,0.097,0.796,0.963,0.696,0.734,0.344,0.646,0.332,0.939,0.639,0.472,0.089,0.092,0.785,1.054,0.847,0.762,0.711,0.625,0.573,0.336,0.183,0.504,0.089,0.089,1.138,1.465,0.088,1.286,1.414,1.353,1.379,1.246,1.217,1.334,0.091,0.089,1.334,1.274,1.241,1.423,1.264,1.313,1.379,1.152,1.398,1.507,0.09,0.092,1.355,1.409,1.37,1.412,1.214,1.389,1.431,0.876,1.092,1.351,0.091,0.09,0.091,0.089,0.09,0.088,0.087,0.089,0.09,0.668,0.093,0.097,0.088
,11:44:16,38,0.093,0.088,0.088,0.087,0.089,0.09,0.089,0.089,0.089,0.102,0.089,0.09,0.09,0.542,0.578,0.081,0.655,0.917,0.501,0.609,0.556,0.324,0.494,0.088,0.097,0.802,0.967,0.698,0.737,0.347,0.647,0.334,0.944,0.64,0.476,0.089,0.093,0.789,1.058,0.852,0.769,0.714,0.628,0.574,0.336,0.185,0.507,0.089,0.089,1.143,1.466,0.088,1.288,1.417,1.357,1.38,1.246,1.215,1.335,0.091,0.089,1.339,1.28,1.242,1.424,1.265,1.313,1.379,1.159,1.399,1.507,0.091,0.093,1.356,1.41,1.375,1.415,1.215,1.389,1.433,0.876,1.092,1.351,0.091,0.09,0.091,0.089,0.09,0.089,0.087,0.089,0.09,0.669,0.093,0.097,0.088
,11:49:16,38,0.093,0.088,0.088,0.087,0.089,0.09,0.089,0.089,0.089,0.102,0.089,0.09,0.09,0.548,0.578,0.081,0.657,0.92,0.5,0.611,0.556,0.325,0.494,0.088,0.097,0.807,0.972,0.701,0.74,0.35,0.648,0.335,0.949,0.642,0.475,0.089,0.092,0.793,1.061,0.856,0.775,0.718,0.63,0.577,0.338,0.186,0.509,0.089,0.089,1.149,1.467,0.088,1.288,1.42,1.358,1.381,1.246,1.216,1.336,0.091,0.089,1.345,1.285,1.243,1.424,1.268,1.314,1.379,1.168,1.401,1.507,0.09,0.093,1.358,1.41,1.382,1.418,1.214,1.39,1.434,0.877,1.091,1.352,0.091,0.09,0.091,0.089,0.09,0.088,0.087,0.089,0.09,0.67,0.093,0.097,0.088
,11:54:16,38,0.093,0.089,0.088,0.088,0.09,0.09,0.089,0.09,0.089,0.102,0.089,0.09,0.09,0.554,0.579,0.081,0.659,0.924,0.5,0.614,0.557,0.326,0.494,0.089,0.097,0.813,0.977,0.704,0.743,0.354,0.65,0.337,0.954,0.645,0.475,0.089,0.092,0.798,1.065,0.861,0.781,0.721,0.633,0.579,0.342,0.188,0.513,0.089,0.089,1.156,1.469,0.088,1.289,1.424,1.361,1.382,1.247,1.22,1.338,0.091,0.09,1.351,1.291,1.244,1.425,1.27,1.316,1.381,1.179,1.403,1.507,0.091,0.093,1.36,1.412,1.387,1.421,1.216,1.391,1.436,0.878,1.091,1.355,0.091,0.09,0.091,0.09,0.09,0.089,0.087,0.089,0.091,0.674,0.093,0.097,0.088
,11:59:16,38,0.093,0.088,0.088,0.087,0.089,0.09,0.089,0.089,0.089,0.102,0.089,0.09,0.09,0.557,0.579,0.081,0.66,0.927,0.499,0.616,0.557,0.328,0.494,0.088,0.097,0.818,0.981,0.707,0.746,0.357,0.652,0.338,0.958,0.647,0.476,0.089,0.092,0.802,1.07,0.865,0.787,0.725,0.635,0.581,0.342,0.189,0.515,0.089,0.089,1.162,1.47,0.088,1.29,1.427,1.362,1.382,1.246,1.223,1.338,0.091,0.089,1.358,1.297,1.244,1.426,1.271,1.317,1.381,1.187,1.405,1.507,0.091,0.093,1.362,1.413,1.395,1.423,1.215,1.391,1.436,0.879,1.091,1.355,0.091,0.09,0.091,0.089,0.09,0.088,0.087,0.089,0.09,0.677,0.093,0.097,0.088
,12:04:16,38.1,0.093,0.088,0.088,0.087,0.089,0.09,0.089,0.089,0.089,0.102,0.089,0.09,0.09,0.558,0.58,0.081,0.662,0.931,0.499,0.619,0.557,0.329,0.494,0.088,0.097,0.823,0.985,0.71,0.749,0.359,0.653,0.34,0.963,0.649,0.477,0.089,0.092,0.806,1.074,0.869,0.793,0.728,0.637,0.584,0.345,0.191,0.517,0.089,0.089,1.168,1.472,0.088,1.289,1.43,1.365,1.383,1.247,1.227,1.338,0.091,0.089,1.362,1.303,1.245,1.427,1.274,1.319,1.382,1.197,1.407,1.507,0.09,0.093,1.363,1.414,1.4,1.425,1.216,1.392,1.437,0.877,1.091,1.357,0.091,0.09,0.091,0.089,0.09,0.088,0.087,0.089,0.09,0.683,0.093,0.097,0.088
,12:09:16,38,0.093,0.089,0.088,0.087,0.089,0.09,0.089,0.089,0.089,0.102,0.089,0.09,0.09,0.559,0.581,0.081,0.665,0.934,0.499,0.622,0.557,0.33,0.494,0.088,0.097,0.829,0.99,0.713,0.752,0.363,0.654,0.341,0.967,0.652,0.478,0.089,0.092,0.81,1.078,0.873,0.8,0.731,0.64,0.587,0.347,0.193,0.519,0.089,0.089,1.173,1.473,0.088,1.29,1.431,1.364,1.384,1.246,1.227,1.338,0.091,0.089,1.368,1.308,1.246,1.428,1.276,1.319,1.382,1.207,1.408,1.507,0.09,0.093,1.364,1.416,1.404,1.427,1.216,1.392,1.438,0.878,1.09,1.357,0.091,0.09,0.091,0.089,0.09,0.088,0.087,0.089,0.09,0.686,0.093,0.097,0.088
,12:14:16,38,0.093,0.089,0.088,0.087,0.089,0.09,0.089,0.089,0.089,0.102,0.089,0.09,0.09,0.559,0.581,0.081,0.666,0.938,0.498,0.625,0.558,0.331,0.494,0.088,0.097,0.833,0.994,0.716,0.755,0.368,0.655,0.343,0.973,0.654,0.479,0.089,0.092,0.815,1.082,0.877,0.806,0.734,0.642,0.589,0.349,0.194,0.518,0.089,0.089,1.179,1.474,0.088,1.29,1.434,1.367,1.386,1.247,1.23,1.338,0.091,0.089,1.373,1.313,1.248,1.429,1.276,1.321,1.383,1.217,1.41,1.506,0.091,0.093,1.366,1.418,1.407,1.429,1.217,1.393,1.438,0.879,1.091,1.359,0.091,0.09,0.091,0.089,0.09,0.088,0.087,0.089,0.09,0.693,0.093,0.097,0.088
,12:19:16,38,0.093,0.089,0.088,0.087,0.089,0.09,0.089,0.089,0.089,0.102,0.089,0.09,0.09,0.559,0.581,0.081,0.668,0.94,0.498,0.627,0.558,0.331,0.494,0.088,0.097,0.838,0.998,0.719,0.758,0.371,0.656,0.344,0.977,0.657,0.481,0.088,0.092,0.818,1.086,0.881,0.811,0.738,0.645,0.592,0.351,0.195,0.517,0.089,0.089,1.183,1.475,0.088,1.291,1.435,1.367,1.386,1.246,1.231,1.337,0.091,0.089,1.378,1.317,1.249,1.431,1.279,1.321,1.383,1.225,1.411,1.505,0.09,0.093,1.367,1.419,1.41,1.43,1.217,1.392,1.439,0.88,1.09,1.358,0.091,0.09,0.091,0.089,0.09,0.088,0.087,0.089,0.09,0.694,0.093,0.097,0.088
,12:24:16,37.9,0.093,0.089,0.088,0.087,0.089,0.09,0.089,0.089,0.089,0.102,0.089,0.09,0.09,0.559,0.583,0.081,0.67,0.944,0.497,0.631,0.558,0.333,0.495,0.088,0.097,0.843,1.002,0.722,0.762,0.375,0.658,0.346,0.982,0.66,0.483,0.089,0.092,0.823,1.089,0.886,0.818,0.741,0.648,0.595,0.352,0.198,0.517,0.089,0.089,1.189,1.477,0.088,1.291,1.437,1.369,1.389,1.247,1.231,1.337,0.091,0.089,1.383,1.322,1.25,1.433,1.28,1.323,1.384,1.234,1.413,1.505,0.09,0.093,1.369,1.423,1.413,1.433,1.219,1.394,1.44,0.879,1.091,1.359,0.091,0.09,0.091,0.089,0.09,0.088,0.087,0.089,0.09,0.7,0.093,0.097,0.088
,12:29:16,38,0.093,0.089,0.088,0.087,0.089,0.09,0.089,0.089,0.089,0.102,0.089,0.09,0.09,0.559,0.583,0.081,0.673,0.947,0.497,0.633,0.558,0.334,0.494,0.088,0.097,0.847,1.007,0.725,0.764,0.379,0.659,0.348,0.986,0.662,0.482,0.089,0.092,0.827,1.093,0.89,0.824,0.744,0.65,0.599,0.355,0.198,0.516,0.089,0.089,1.194,1.478,0.088,1.292,1.438,1.369,1.39,1.247,1.233,1.336,0.091,0.089,1.387,1.326,1.251,1.434,1.282,1.324,1.384,1.242,1.414,1.504,0.09,0.093,1.37,1.424,1.416,1.436,1.219,1.394,1.441,0.878,1.089,1.359,0.091,0.09,0.091,0.089,0.09,0.088,0.087,0.089,0.09,0.706,0.093,0.097,0.088
,12:34:16,38,0.093,0.088,0.088,0.087,0.089,0.09,0.089,0.089,0.089,0.102,0.089,0.09,0.09,0.559,0.584,0.081,0.675,0.95,0.496,0.636,0.559,0.335,0.495,0.088,0.097,0.852,1.01,0.728,0.768,0.383,0.66,0.349,0.99,0.666,0.483,0.089,0.092,0.831,1.096,0.894,0.83,0.748,0.653,0.602,0.355,0.2,0.515,0.089,0.089,1.199,1.48,0.088,1.292,1.44,1.369,1.391,1.247,1.235,1.335,0.091,0.089,1.391,1.331,1.253,1.435,1.283,1.325,1.384,1.248,1.415,1.504,0.09,0.093,1.372,1.426,1.419,1.439,1.22,1.394,1.442,0.879,1.089,1.361,0.091,0.09,0.091,0.089,0.09,0.088,0.087,0.089,0.09,0.709,0.093,0.097,0.088
,12:39:16,38,0.093,0.088,0.088,0.087,0.089,0.09,0.089,0.089,0.089,0.102,0.089,0.09,0.09,0.56,0.585,0.081,0.677,0.953,0.496,0.639,0.559,0.336,0.494,0.088,0.097,0.856,1.015,0.731,0.771,0.387,0.662,0.35,0.995,0.668,0.482,0.089,0.092,0.835,1.099,0.898,0.835,0.751,0.655,0.606,0.357,0.202,0.515,0.089,0.089,1.204,1.482,0.088,1.292,1.441,1.369,1.392,1.248,1.236,1.334,0.091,0.089,1.393,1.335,1.254,1.437,1.285,1.325,1.384,1.255,1.416,1.504,0.09,0.093,1.373,1.427,1.422,1.441,1.221,1.394,1.443,0.879,1.088,1.361,0.091,0.09,0.091,0.089,0.09,0.088,0.087,0.089,0.09,0.712,0.093,0.097,0.088
,12:44:16,38,0.093,0.088,0.088,0.087,0.089,0.09,0.089,0.089,0.089,0.102,0.089,0.09,0.09,0.56,0.586,0.081,0.679,0.956,0.495,0.642,0.559,0.337,0.494,0.088,0.097,0.86,1.018,0.733,0.773,0.391,0.663,0.352,0.999,0.671,0.483,0.088,0.092,0.838,1.103,0.902,0.842,0.754,0.658,0.609,0.357,0.202,0.514,0.089,0.089,1.209,1.483,0.088,1.292,1.442,1.37,1.393,1.248,1.235,1.333,0.091,0.089,1.396,1.338,1.256,1.439,1.287,1.325,1.385,1.264,1.417,1.504,0.09,0.093,1.375,1.429,1.424,1.442,1.222,1.394,1.445,0.879,1.088,1.361,0.091,0.09,0.091,0.089,0.09,0.088,0.087,0.089,0.09,0.715,0.093,0.097,0.088
,12:49:16,38.1,0.093,0.088,0.088,0.087,0.089,0.09,0.089,0.089,0.089,0.102,0.089,0.09,0.09,0.561,0.586,0.081,0.681,0.96,0.495,0.645,0.559,0.337,0.494,0.088,0.097,0.864,1.023,0.735,0.777,0.395,0.664,0.353,1.003,0.675,0.483,0.089,0.092,0.843,1.107,0.906,0.848,0.758,0.661,0.613,0.355,0.204,0.515,0.089,0.089,1.214,1.486,0.088,1.294,1.444,1.37,1.393,1.248,1.235,1.333,0.091,0.089,1.4,1.341,1.257,1.441,1.287,1.325,1.385,1.272,1.418,1.504,0.091,0.093,1.377,1.432,1.427,1.445,1.222,1.395,1.446,0.88,1.087,1.362,0.091,0.09,0.09,0.089,0.09,0.088,0.087,0.089,0.09,0.719,0.093,0.097,0.088
,12:54:16,38.1,0.093,0.089,0.088,0.087,0.089,0.09,0.089,0.089,0.089,0.102,0.089,0.09,0.09,0.562,0.588,0.081,0.683,0.962,0.495,0.648,0.56,0.338,0.495,0.088,0.097,0.869,1.026,0.739,0.78,0.4,0.666,0.355,1.008,0.679,0.482,0.089,0.092,0.847,1.11,0.91,0.853,0.759,0.664,0.616,0.354,0.206,0.515,0.089,0.089,1.219,1.487,0.088,1.294,1.445,1.371,1.394,1.248,1.239,1.333,0.091,0.089,1.402,1.345,1.259,1.443,1.288,1.326,1.387,1.279,1.419,1.504,0.09,0.093,1.38,1.433,1.429,1.448,1.224,1.396,1.447,0.881,1.088,1.363,0.091,0.09,0.091,0.089,0.09,0.088,0.087,0.089,0.09,0.726,0.093,0.097,0.088
,12:59:16,38.1,0.093,0.088,0.088,0.087,0.089,0.09,0.089,0.089,0.089,0.102,0.089,0.09,0.09,0.564,0.588,0.081,0.685,0.965,0.494,0.651,0.56,0.339,0.495,0.088,0.097,0.873,1.03,0.741,0.782,0.404,0.667,0.356,1.011,0.681,0.482,0.089,0.092,0.851,1.113,0.914,0.859,0.763,0.667,0.62,0.352,0.207,0.514,0.089,0.089,1.224,1.489,0.088,1.294,1.446,1.369,1.393,1.248,1.242,1.332,0.091,0.089,1.405,1.349,1.26,1.443,1.291,1.326,1.387,1.285,1.42,1.504,0.09,0.093,1.381,1.435,1.432,1.449,1.224,1.396,1.447,0.879,1.087,1.364,0.091,0.09,0.09,0.089,0.09,0.088,0.087,0.089,0.09,0.729,0.093,0.097,0.088
,13:04:16,38,0.093,0.089,0.088,0.087,0.089,0.09,0.089,0.089,0.089,0.102,0.089,0.09,0.09,0.566,0.589,0.081,0.688,0.969,0.494,0.654,0.561,0.339,0.496,0.088,0.097,0.877,1.034,0.744,0.786,0.409,0.668,0.358,1.015,0.685,0.482,0.089,0.092,0.855,1.116,0.918,0.864,0.766,0.67,0.624,0.351,0.209,0.515,0.089,0.089,1.229,1.491,0.088,1.294,1.447,1.369,1.393,1.249,1.242,1.332,0.091,0.089,1.407,1.352,1.263,1.443,1.292,1.326,1.388,1.291,1.421,1.505,0.091,0.093,1.383,1.435,1.434,1.451,1.225,1.397,1.449,0.881,1.087,1.366,0.091,0.09,0.091,0.089,0.09,0.088,0.087,0.089,0.09,0.735,0.093,0.097,0.088
,13:09:16,38,0.093,0.089,0.088,0.087,0.089,0.09,0.089,0.089,0.089,0.102,0.089,0.09,0.09,0.568,0.59,0.081,0.69,0.972,0.494,0.657,0.561,0.34,0.496,0.088,0.097,0.881,1.037,0.746,0.788,0.413,0.669,0.36,1.019,0.688,0.482,0.089,0.092,0.859,1.12,0.923,0.869,0.768,0.673,0.629,0.351,0.211,0.516,0.089,0.089,1.234,1.494,0.088,1.295,1.448,1.369,1.393,1.249,1.242,1.331,0.091,0.089,1.409,1.354,1.265,1.444,1.293,1.326,1.387,1.296,1.422,1.506,0.09,0.093,1.384,1.435,1.436,1.452,1.226,1.397,1.45,0.88,1.088,1.366,0.091,0.09,0.091,0.089,0.09,0.088,0.087,0.089,0.09,0.738,0.093,0.097,0.088
,13:14:16,38.1,0.093,0.089,0.088,0.087,0.089,0.09,0.089,0.089,0.089,0.102,0.089,0.09,0.09,0.57,0.591,0.081,0.692,0.974,0.494,0.66,0.562,0.342,0.497,0.088,0.097,0.885,1.041,0.748,0.791,0.417,0.67,0.361,1.023,0.692,0.482,0.089,0.092,0.864,1.122,0.927,0.874,0.771,0.676,0.633,0.35,0.211,0.516,0.089,0.089,1.239,1.494,0.088,1.295,1.448,1.369,1.392,1.25,1.244,1.33,0.091,0.09,1.412,1.357,1.266,1.443,1.294,1.327,1.388,1.3,1.424,1.509,0.09,0.093,1.386,1.435,1.438,1.453,1.227,1.397,1.451,0.879,1.088,1.368,0.091,0.09,0.091,0.089,0.09,0.088,0.087,0.089,0.09,0.741,0.093,0.097,0.088
,13:19:16,38,0.093,0.088,0.088,0.087,0.089,0.089,0.089,0.089,0.089,0.102,0.088,0.089,0.09,0.572,0.593,0.081,0.695,0.978,0.493,0.663,0.562,0.342,0.497,0.088,0.097,0.889,1.043,0.752,0.795,0.422,0.671,0.362,1.026,0.695,0.482,0.088,0.092,0.868,1.125,0.931,0.878,0.774,0.679,0.636,0.348,0.214,0.517,0.089,0.089,1.243,1.495,0.088,1.295,1.449,1.369,1.392,1.251,1.247,1.33,0.091,0.089,1.414,1.36,1.269,1.442,1.294,1.327,1.388,1.305,1.426,1.51,0.09,0.092,1.388,1.435,1.44,1.453,1.228,1.397,1.453,0.879,1.088,1.369,0.091,0.09,0.091,0.089,0.09,0.088,0.087,0.089,0.09,0.747,0.093,0.097,0.088
,13:24:16,38,0.093,0.089,0.088,0.087,0.089,0.09,0.089,0.089,0.089,0.102,0.089,0.09,0.09,0.575,0.593,0.081,0.697,0.981,0.493,0.666,0.563,0.343,0.499,0.088,0.097,0.893,1.047,0.754,0.797,0.427,0.672,0.364,1.03,0.699,0.482,0.089,0.092,0.871,1.129,0.936,0.883,0.776,0.682,0.64,0.347,0.215,0.518,0.089,0.089,1.248,1.495,0.088,1.296,1.449,1.37,1.391,1.252,1.246,1.329,0.091,0.09,1.417,1.362,1.271,1.442,1.296,1.327,1.389,1.31,1.427,1.509,0.091,0.093,1.391,1.434,1.442,1.453,1.229,1.398,1.454,0.879,1.088,1.37,0.091,0.09,0.091,0.089,0.09,0.088,0.087,0.089,0.091,0.75,0.093,0.097,0.088
,13:29:16,38,0.093,0.089,0.088,0.087,0.089,0.09,0.089,0.089,0.089,0.102,0.089,0.09,0.09,0.577,0.594,0.081,0.699,0.984,0.493,0.67,0.564,0.343,0.499,0.088,0.097,0.897,1.051,0.758,0.801,0.431,0.673,0.366,1.033,0.702,0.482,0.089,0.093,0.875,1.132,0.939,0.888,0.779,0.685,0.644,0.347,0.217,0.52,0.089,0.089,1.252,1.496,0.088,1.296,1.449,1.37,1.39,1.253,1.248,1.329,0.091,0.089,1.419,1.365,1.274,1.442,1.296,1.327,1.39,1.314,1.428,1.509,0.091,0.093,1.392,1.433,1.444,1.452,1.23,1.399,1.456,0.879,1.087,1.371,0.091,0.09,0.091,0.09,0.09,0.089,0.088,0.089,0.09,0.752,0.094,0.097,0.088
,13:34:16,38,0.093,0.088,0.088,0.087,0.089,0.09,0.089,0.089,0.089,0.102,0.088,0.09,0.09,0.579,0.596,0.081,0.702,0.987,0.492,0.673,0.564,0.342,0.499,0.088,0.097,0.901,1.053,0.76,0.804,0.436,0.675,0.367,1.036,0.705,0.482,0.089,0.092,0.879,1.135,0.944,0.893,0.781,0.689,0.647,0.346,0.219,0.521,0.089,0.089,1.256,1.495,0.088,1.297,1.45,1.37,1.39,1.255,1.248,1.329,0.091,0.09,1.421,1.367,1.277,1.441,1.297,1.327,1.391,1.319,1.428,1.51,0.091,0.093,1.394,1.432,1.446,1.452,1.231,1.4,1.456,0.878,1.087,1.372,0.091,0.09,0.091,0.089,0.09,0.088,0.087,0.089,0.09,0.757,0.093,0.097,0.088
,13:39:16,38,0.093,0.088,0.088,0.087,0.089,0.09,0.089,0.089,0.089,0.102,0.088,0.089,0.09,0.582,0.597,0.081,0.704,0.989,0.493,0.676,0.565,0.34,0.5,0.088,0.097,0.904,1.056,0.762,0.807,0.44,0.675,0.368,1.04,0.708,0.482,0.088,0.092,0.882,1.137,0.948,0.897,0.785,0.691,0.651,0.345,0.22,0.522,0.089,0.089,1.262,1.494,0.088,1.297,1.45,1.37,1.389,1.255,1.25,1.328,0.091,0.089,1.423,1.369,1.28,1.44,1.297,1.328,1.392,1.324,1.429,1.51,0.09,0.093,1.395,1.431,1.448,1.45,1.23,1.4,1.456,0.875,1.086,1.374,0.091,0.09,0.09,0.089,0.09,0.088,0.087,0.089,0.09,0.758,0.093,0.097,0.088
,13:44:16,38,0.093,0.089,0.088,0.087,0.089,0.09,0.089,0.089,0.089,0.102,0.089,0.09,0.09,0.585,0.598,0.081,0.706,0.992,0.493,0.679,0.565,0.339,0.501,0.088,0.097,0.908,1.059,0.767,0.811,0.445,0.677,0.37,1.043,0.712,0.482,0.089,0.092,0.886,1.14,0.951,0.902,0.787,0.695,0.655,0.343,0.222,0.524,0.089,0.089,1.266,1.494,0.088,1.298,1.45,1.37,1.388,1.256,1.249,1.327,0.091,0.09,1.425,1.371,1.284,1.44,1.298,1.328,1.393,1.329,1.431,1.51,0.09,0.093,1.396,1.431,1.45,1.45,1.232,1.4,1.455,0.875,1.087,1.375,0.091,0.09,0.091,0.089,0.09,0.088,0.087,0.089,0.09,0.762,0.093,0.097,0.088
,13:49:16,38,0.093,0.088,0.088,0.087,0.089,0.09,0.089,0.089,0.089,0.102,0.088,0.09,0.09,0.588,0.599,0.081,0.708,0.995,0.493,0.682,0.566,0.338,0.502,0.088,0.097,0.912,1.061,0.769,0.813,0.449,0.678,0.37,1.046,0.715,0.482,0.089,0.092,0.89,1.142,0.955,0.907,0.79,0.698,0.658,0.343,0.223,0.526,0.089,0.089,1.269,1.493,0.088,1.298,1.45,1.37,1.388,1.257,1.25,1.327,0.091,0.089,1.427,1.372,1.288,1.439,1.299,1.328,1.393,1.332,1.433,1.51,0.091,0.093,1.397,1.43,1.452,1.448,1.23,1.401,1.454,0.877,1.087,1.377,0.091,0.09,0.091,0.089,0.09,0.088,0.087,0.089,0.09,0.765,0.093,0.097,0.088
,13:54:16,38,0.093,0.088,0.088,0.087,0.089,0.09,0.089,0.089,0.089,0.102,0.089,0.09,0.09,0.591,0.6,0.081,0.711,0.998,0.494,0.685,0.567,0.337,0.503,0.088,0.097,0.915,1.065,0.772,0.816,0.454,0.679,0.372,1.05,0.718,0.482,0.089,0.092,0.894,1.145,0.96,0.911,0.793,0.701,0.661,0.342,0.225,0.528,0.089,0.089,1.273,1.492,0.088,1.299,1.45,1.369,1.387,1.257,1.251,1.326,0.091,0.089,1.429,1.375,1.294,1.438,1.3,1.329,1.394,1.334,1.436,1.511,0.09,0.093,1.397,1.429,1.453,1.448,1.231,1.401,1.454,0.874,1.087,1.379,0.091,0.09,0.091,0.089,0.09,0.088,0.087,0.089,0.09,0.766,0.093,0.097,0.088
,13:59:16,38,0.093,0.088,0.088,0.087,0.089,0.09,0.089,0.089,0.089,0.102,0.089,0.09,0.09,0.594,0.601,0.081,0.713,1.001,0.494,0.689,0.568,0.336,0.504,0.088,0.097,0.918,1.067,0.775,0.82,0.459,0.68,0.373,1.053,0.721,0.483,0.089,0.092,0.897,1.149,0.964,0.915,0.796,0.705,0.665,0.342,0.227,0.53,0.089,0.089,1.276,1.492,0.088,1.298,1.45,1.367,1.387,1.257,1.252,1.325,0.09,0.089,1.432,1.377,1.302,1.438,1.3,1.329,1.395,1.337,1.44,1.51,0.091,0.093,1.397,1.428,1.454,1.447,1.23,1.403,1.452,0.873,1.087,1.38,0.091,0.09,0.091,0.089,0.09,0.088,0.087,0.089,0.09,0.769,0.093,0.097,0.088
,14:04:16,38,0.093,0.088,0.088,0.087,0.089,0.09,0.089,0.089,0.089,0.102,0.088,0.09,0.09,0.597,0.602,0.081,0.716,1.003,0.493,0.692,0.569,0.335,0.505,0.088,0.097,0.922,1.069,0.777,0.823,0.463,0.681,0.375,1.056,0.724,0.483,0.089,0.092,0.902,1.151,0.968,0.919,0.798,0.708,0.668,0.34,0.229,0.532,0.089,0.089,1.278,1.491,0.088,1.298,1.45,1.367,1.386,1.256,1.253,1.325,0.091,0.089,1.433,1.378,1.31,1.437,1.301,1.329,1.395,1.34,1.442,1.51,0.09,0.093,1.396,1.427,1.455,1.446,1.229,1.403,1.451,0.874,1.088,1.381,0.091,0.09,0.091,0.089,0.09,0.088,0.087,0.089,0.09,0.769,0.093,0.097,0.088
,14:09:16,38,0.093,0.088,0.088,0.087,0.089,0.09,0.089,0.089,0.089,0.102,0.089,0.09,0.09,0.6,0.604,0.081,0.719,1.006,0.493,0.695,0.569,0.334,0.507,0.088,0.097,0.926,1.073,0.78,0.827,0.468,0.682,0.376,1.059,0.727,0.482,0.088,0.092,0.905,1.154,0.971,0.924,0.802,0.712,0.672,0.34,0.231,0.534,0.089,0.089,1.282,1.49,0.088,1.299,1.45,1.365,1.385,1.256,1.257,1.325,0.091,0.089,1.435,1.38,1.32,1.436,1.3,1.331,1.396,1.342,1.442,1.51,0.09,0.093,1.396,1.427,1.456,1.445,1.229,1.405,1.45,0.872,1.086,1.384,0.091,0.09,0.091,0.089,0.09,0.088,0.087,0.089,0.09,0.777,0.093,0.097,0.087
,14:14:16,38.1,0.093,0.088,0.088,0.087,0.089,0.09,0.089,0.089,0.089,0.102,0.089,0.09,0.09,0.604,0.605,0.081,0.721,1.008,0.494,0.699,0.57,0.334,0.507,0.088,0.097,0.928,1.075,0.784,0.83,0.473,0.683,0.377,1.062,0.729,0.482,0.089,0.092,0.908,1.156,0.975,0.928,0.805,0.715,0.675,0.339,0.232,0.536,0.089,0.089,1.284,1.489,0.088,1.299,1.45,1.364,1.384,1.256,1.263,1.324,0.091,0.089,1.437,1.382,1.329,1.435,1.302,1.331,1.396,1.345,1.441,1.51,0.09,0.093,1.395,1.426,1.457,1.444,1.228,1.406,1.449,0.87,1.087,1.384,0.091,0.09,0.091,0.089,0.09,0.088,0.087,0.089,0.09,0.781,0.093,0.097,0.088
,14:19:16,38,0.093,0.088,0.088,0.087,0.089,0.09,0.089,0.089,0.089,0.102,0.089,0.089,0.09,0.607,0.606,0.081,0.723,1.011,0.494,0.702,0.57,0.333,0.508,0.088,0.097,0.931,1.076,0.786,0.832,0.477,0.683,0.378,1.064,0.732,0.482,0.088,0.092,0.911,1.158,0.979,0.933,0.807,0.718,0.679,0.338,0.235,0.539,0.089,0.089,1.286,1.487,0.088,1.299,1.45,1.362,1.384,1.255,1.265,1.323,0.091,0.089,1.438,1.382,1.336,1.435,1.301,1.33,1.396,1.347,1.44,1.509,0.09,0.093,1.394,1.425,1.458,1.443,1.227,1.407,1.448,0.868,1.088,1.385,0.091,0.09,0.091,0.089,0.09,0.088,0.087,0.089,0.09,0.783,0.093,0.097,0.088
,14:24:16,38,0.093,0.089,0.088,0.087,0.089,0.09,0.089,0.09,0.089,0.102,0.089,0.09,0.09,0.611,0.608,0.081,0.726,1.014,0.494,0.705,0.571,0.332,0.51,0.088,0.097,0.934,1.08,0.789,0.836,0.481,0.685,0.38,1.067,0.735,0.483,0.089,0.093,0.915,1.161,0.982,0.937,0.809,0.721,0.682,0.338,0.236,0.541,0.089,0.089,1.289,1.487,0.088,1.3,1.45,1.361,1.383,1.254,1.264,1.323,0.091,0.09,1.44,1.384,1.343,1.435,1.303,1.33,1.396,1.349,1.439,1.509,0.091,0.093,1.394,1.425,1.458,1.443,1.227,1.408,1.447,0.869,1.089,1.385,0.091,0.09,0.091,0.089,0.09,0.088,0.088,0.089,0.091,0.784,0.093,0.097,0.088
,14:29:16,38,0.093,0.088,0.088,0.087,0.089,0.09,0.089,0.089,0.089,0.102,0.089,0.09,0.09,0.614,0.609,0.081,0.728,1.017,0.495,0.709,0.572,0.332,0.511,0.088,0.097,0.937,1.081,0.792,0.84,0.483,0.686,0.381,1.069,0.738,0.483,0.089,0.092,0.918,1.162,0.986,0.942,0.813,0.724,0.685,0.337,0.238,0.543,0.089,0.089,1.29,1.486,0.088,1.3,1.45,1.358,1.383,1.253,1.264,1.322,0.091,0.089,1.442,1.385,1.347,1.434,1.302,1.331,1.396,1.351,1.437,1.508,0.09,0.093,1.394,1.423,1.459,1.442,1.225,1.409,1.446,0.869,1.087,1.385,0.091,0.09,0.091,0.089,0.09,0.088,0.087,0.089,0.09,0.787,0.093,0.097,0.088
,14:34:16,38,0.093,0.088,0.088,0.087,0.089,0.09,0.089,0.089,0.089,0.102,0.089,0.09,0.09,0.618,0.61,0.081,0.73,1.019,0.495,0.712,0.573,0.331,0.512,0.088,0.097,0.94,1.084,0.795,0.844,0.484,0.686,0.382,1.071,0.741,0.483,0.089,0.092,0.922,1.166,0.99,0.944,0.816,0.728,0.689,0.337,0.241,0.545,0.089,0.089,1.293,1.485,0.088,1.301,1.45,1.357,1.382,1.252,1.266,1.321,0.091,0.089,1.443,1.385,1.351,1.433,1.302,1.333,1.395,1.353,1.436,1.508,0.09,0.093,1.393,1.423,1.459,1.44,1.224,1.41,1.445,0.866,1.087,1.385,0.091,0.09,0.091,0.089,0.09,0.088,0.087,0.089,0.09,0.788,0.093,0.097,0.088
,14:39:16,38.1,0.093,0.089,0.088,0.087,0.089,0.09,0.089,0.089,0.089,0.102,0.089,0.089,0.09,0.622,0.612,0.081,0.733,1.021,0.496,0.716,0.574,0.331,0.512,0.088,0.097,0.943,1.086,0.798,0.847,0.485,0.687,0.384,1.074,0.744,0.484,0.089,0.092,0.925,1.168,0.994,0.948,0.818,0.732,0.693,0.336,0.242,0.548,0.089,0.089,1.295,1.484,0.088,1.302,1.451,1.355,1.381,1.251,1.263,1.321,0.091,0.09,1.444,1.386,1.353,1.432,1.304,1.334,1.395,1.356,1.435,1.507,0.091,0.093,1.393,1.422,1.46,1.44,1.224,1.409,1.444,0.865,1.087,1.384,0.091,0.09,0.091,0.089,0.09,0.089,0.087,0.089,0.09,0.788,0.093,0.097,0.088
,14:44:16,38.1,0.093,0.088,0.088,0.087,0.089,0.09,0.089,0.089,0.089,0.102,0.089,0.09,0.09,0.626,0.613,0.081,0.735,1.023,0.496,0.719,0.575,0.33,0.514,0.088,0.097,0.945,1.088,0.8,0.849,0.486,0.688,0.384,1.076,0.748,0.484,0.089,0.092,0.928,1.171,0.996,0.952,0.822,0.735,0.696,0.335,0.245,0.55,0.089,0.089,1.297,1.483,0.088,1.302,1.45,1.352,1.381,1.25,1.263,1.32,0.091,0.089,1.444,1.386,1.356,1.431,1.305,1.333,1.394,1.357,1.433,1.506,0.09,0.093,1.392,1.421,1.46,1.438,1.222,1.408,1.442,0.864,1.088,1.384,0.091,0.09,0.091,0.089,0.09,0.088,0.087,0.089,0.09,0.789,0.093,0.097,0.088
,14:49:16,38.1,0.093,0.088,0.088,0.087,0.089,0.09,0.089,0.089,0.089,0.102,0.089,0.089,0.09,0.63,0.615,0.081,0.738,1.026,0.496,0.722,0.577,0.329,0.514,0.088,0.097,0.948,1.089,0.803,0.852,0.486,0.689,0.386,1.079,0.749,0.483,0.089,0.092,0.931,1.173,1,0.956,0.823,0.737,0.699,0.335,0.246,0.553,0.089,0.089,1.3,1.483,0.088,1.302,1.45,1.35,1.38,1.249,1.262,1.32,0.091,0.089,1.446,1.386,1.357,1.431,1.304,1.334,1.393,1.359,1.431,1.505,0.09,0.093,1.392,1.42,1.46,1.438,1.221,1.408,1.441,0.863,1.087,1.383,0.091,0.09,0.091,0.089,0.09,0.088,0.087,0.089,0.09,0.793,0.093,0.097,0.088
,14:54:16,38.1,0.093,0.088,0.088,0.087,0.089,0.09,0.089,0.089,0.089,0.102,0.089,0.09,0.09,0.635,0.616,0.081,0.74,1.029,0.497,0.726,0.577,0.329,0.515,0.088,0.097,0.95,1.091,0.806,0.856,0.486,0.69,0.387,1.08,0.751,0.484,0.088,0.092,0.935,1.174,1.003,0.96,0.827,0.741,0.703,0.335,0.248,0.555,0.089,0.089,1.302,1.481,0.088,1.303,1.45,1.349,1.38,1.249,1.262,1.32,0.091,0.089,1.448,1.387,1.358,1.431,1.304,1.334,1.392,1.361,1.429,1.505,0.09,0.092,1.391,1.419,1.461,1.437,1.22,1.407,1.44,0.86,1.087,1.383,0.091,0.09,0.091,0.089,0.09,0.088,0.087,0.089,0.09,0.795,0.093,0.097,0.088
,14:59:16,38.1,0.093,0.088,0.088,0.087,0.089,0.09,0.089,0.089,0.089,0.102,0.089,0.09,0.09,0.639,0.617,0.081,0.743,1.032,0.497,0.729,0.578,0.33,0.517,0.088,0.097,0.953,1.093,0.809,0.859,0.486,0.69,0.388,1.082,0.754,0.484,0.089,0.092,0.937,1.176,1.007,0.963,0.83,0.743,0.707,0.334,0.251,0.558,0.089,0.089,1.304,1.48,0.088,1.304,1.45,1.346,1.379,1.247,1.26,1.319,0.091,0.089,1.448,1.387,1.361,1.429,1.306,1.334,1.391,1.363,1.429,1.504,0.09,0.093,1.391,1.418,1.462,1.436,1.22,1.406,1.439,0.86,1.086,1.382,0.091,0.09,0.091,0.089,0.09,0.088,0.087,0.089,0.09,0.797,0.093,0.097,0.088
,15:04:16,38,0.093,0.089,0.088,0.087,0.089,0.09,0.089,0.089,0.089,0.102,0.088,0.09,0.09,0.643,0.619,0.081,0.745,1.033,0.498,0.732,0.579,0.329,0.52,0.088,0.097,0.955,1.095,0.811,0.864,0.487,0.691,0.389,1.084,0.756,0.484,0.089,0.092,0.94,1.178,1.011,0.967,0.834,0.746,0.711,0.333,0.253,0.561,0.089,0.089,1.306,1.48,0.088,1.304,1.45,1.344,1.378,1.247,1.26,1.319,0.091,0.09,1.45,1.388,1.363,1.429,1.306,1.335,1.391,1.364,1.428,1.502,0.09,0.093,1.39,1.418,1.462,1.435,1.218,1.406,1.438,0.858,1.087,1.381,0.091,0.09,0.091,0.089,0.09,0.089,0.087,0.089,0.09,0.799,0.093,0.097,0.088
,15:09:16,38,0.093,0.089,0.088,0.087,0.089,0.09,0.089,0.089,0.089,0.102,0.089,0.09,0.09,0.648,0.621,0.081,0.748,1.036,0.498,0.736,0.58,0.329,0.521,0.088,0.097,0.958,1.096,0.814,0.867,0.486,0.692,0.39,1.086,0.759,0.484,0.089,0.092,0.943,1.181,1.015,0.971,0.835,0.75,0.714,0.334,0.255,0.564,0.089,0.089,1.309,1.479,0.088,1.305,1.45,1.342,1.377,1.246,1.26,1.319,0.091,0.089,1.451,1.388,1.366,1.428,1.307,1.336,1.39,1.366,1.426,1.501,0.09,0.093,1.39,1.417,1.462,1.435,1.218,1.406,1.437,0.857,1.085,1.381,0.091,0.09,0.091,0.089,0.09,0.088,0.087,0.089,0.09,0.809,0.093,0.097,0.088
,15:14:16,38,0.093,0.089,0.088,0.087,0.089,0.09,0.089,0.089,0.089,0.102,0.089,0.089,0.09,0.653,0.622,0.081,0.75,1.038,0.499,0.739,0.581,0.329,0.523,0.088,0.097,0.96,1.097,0.817,0.87,0.486,0.693,0.391,1.088,0.762,0.485,0.089,0.092,0.946,1.183,1.017,0.975,0.839,0.753,0.717,0.333,0.258,0.566,0.089,0.089,1.311,1.478,0.088,1.306,1.45,1.341,1.377,1.245,1.256,1.319,0.091,0.089,1.452,1.389,1.367,1.428,1.309,1.335,1.389,1.367,1.426,1.5,0.091,0.093,1.39,1.416,1.463,1.433,1.216,1.405,1.435,0.857,1.084,1.38,0.091,0.09,0.091,0.089,0.09,0.088,0.088,0.089,0.09,0.812,0.093,0.097,0.088
,15:19:16,37.9,0.093,0.088,0.088,0.087,0.089,0.09,0.089,0.089,0.089,0.102,0.088,0.089,0.09,0.658,0.624,0.081,0.752,1.041,0.499,0.742,0.582,0.329,0.523,0.088,0.097,0.961,1.1,0.819,0.873,0.486,0.694,0.392,1.09,0.764,0.485,0.088,0.092,0.949,1.185,1.02,0.979,0.841,0.755,0.721,0.333,0.26,0.568,0.089,0.089,1.313,1.477,0.088,1.306,1.45,1.339,1.377,1.244,1.254,1.318,0.091,0.089,1.453,1.389,1.37,1.427,1.309,1.335,1.388,1.369,1.424,1.498,0.09,0.093,1.389,1.416,1.464,1.433,1.215,1.404,1.434,0.855,1.083,1.379,0.091,0.09,0.091,0.089,0.09,0.088,0.087,0.089,0.09,0.813,0.093,0.097,0.088
,15:24:16,38.1,0.093,0.088,0.088,0.087,0.089,0.09,0.089,0.089,0.089,0.102,0.089,0.09,0.09,0.662,0.625,0.081,0.755,1.044,0.5,0.746,0.583,0.33,0.524,0.088,0.097,0.964,1.101,0.821,0.876,0.487,0.695,0.393,1.092,0.767,0.485,0.089,0.092,0.952,1.187,1.023,0.983,0.844,0.758,0.724,0.332,0.262,0.572,0.089,0.089,1.315,1.476,0.088,1.308,1.45,1.337,1.376,1.244,1.254,1.318,0.091,0.089,1.454,1.391,1.372,1.427,1.311,1.336,1.387,1.37,1.423,1.497,0.09,0.093,1.389,1.415,1.466,1.432,1.214,1.404,1.433,0.853,1.081,1.379,0.091,0.09,0.091,0.09,0.09,0.088,0.087,0.089,0.09,0.817,0.093,0.097,0.088
,15:29:16,38,0.093,0.088,0.088,0.087,0.089,0.09,0.089,0.089,0.089,0.102,0.088,0.089,0.09,0.668,0.626,0.081,0.757,1.047,0.5,0.749,0.584,0.33,0.525,0.088,0.097,0.965,1.103,0.824,0.88,0.488,0.695,0.393,1.094,0.769,0.485,0.089,0.092,0.954,1.19,1.027,0.986,0.847,0.76,0.728,0.332,0.265,0.573,0.089,0.089,1.317,1.475,0.088,1.309,1.45,1.335,1.375,1.242,1.25,1.318,0.091,0.089,1.455,1.391,1.374,1.426,1.311,1.336,1.385,1.371,1.422,1.495,0.09,0.093,1.388,1.415,1.465,1.43,1.213,1.403,1.431,0.852,1.079,1.378,0.091,0.09,0.091,0.089,0.09,0.088,0.087,0.089,0.09,0.822,0.093,0.097,0.088
,15:34:16,38,0.093,0.088,0.088,0.087,0.089,0.09,0.089,0.089,0.089,0.102,0.089,0.09,0.09,0.673,0.628,0.081,0.76,1.05,0.501,0.752,0.585,0.329,0.527,0.088,0.097,0.968,1.104,0.827,0.884,0.489,0.695,0.394,1.095,0.771,0.486,0.089,0.092,0.957,1.191,1.03,0.989,0.851,0.763,0.732,0.332,0.267,0.576,0.089,0.089,1.319,1.474,0.088,1.311,1.45,1.334,1.374,1.242,1.249,1.317,0.091,0.089,1.456,1.393,1.377,1.425,1.314,1.336,1.385,1.372,1.421,1.494,0.09,0.093,1.388,1.414,1.466,1.43,1.212,1.403,1.431,0.853,1.078,1.378,0.091,0.09,0.091,0.089,0.09,0.088,0.087,0.089,0.09,0.824,0.093,0.097,0.088
,15:39:16,38,0.093,0.088,0.088,0.087,0.089,0.09,0.089,0.089,0.089,0.102,0.089,0.09,0.09,0.678,0.63,0.081,0.762,1.052,0.502,0.756,0.586,0.331,0.528,0.088,0.097,0.969,1.105,0.83,0.887,0.49,0.696,0.395,1.097,0.774,0.487,0.089,0.092,0.959,1.192,1.034,0.992,0.852,0.766,0.735,0.332,0.27,0.579,0.089,0.089,1.321,1.474,0.088,1.311,1.45,1.331,1.373,1.24,1.247,1.316,0.091,0.089,1.457,1.393,1.378,1.424,1.316,1.335,1.383,1.373,1.42,1.492,0.09,0.093,1.388,1.414,1.466,1.429,1.212,1.402,1.429,0.851,1.076,1.377,0.091,0.09,0.091,0.089,0.09,0.089,0.087,0.089,0.09,0.823,0.094,0.097,0.088
,15:44:16,38,0.093,0.088,0.088,0.087,0.089,0.09,0.089,0.089,0.089,0.102,0.088,0.089,0.09,0.682,0.632,0.081,0.764,1.054,0.502,0.758,0.587,0.33,0.529,0.088,0.097,0.972,1.107,0.832,0.89,0.492,0.697,0.396,1.098,0.776,0.486,0.088,0.092,0.962,1.194,1.036,0.995,0.855,0.768,0.738,0.332,0.27,0.581,0.088,0.089,1.324,1.472,0.088,1.313,1.45,1.329,1.373,1.24,1.244,1.315,0.09,0.089,1.458,1.394,1.38,1.423,1.317,1.335,1.382,1.374,1.419,1.491,0.09,0.093,1.387,1.413,1.468,1.428,1.211,1.401,1.428,0.852,1.073,1.375,0.091,0.09,0.091,0.089,0.09,0.088,0.087,0.089,0.09,0.825,0.093,0.097,0.087
,15:49:16,38.1,0.093,0.088,0.088,0.087,0.089,0.09,0.089,0.089,0.089,0.102,0.089,0.09,0.09,0.687,0.634,0.081,0.766,1.057,0.503,0.761,0.588,0.33,0.531,0.088,0.097,0.973,1.108,0.834,0.893,0.493,0.697,0.396,1.1,0.779,0.487,0.088,0.092,0.965,1.196,1.04,0.999,0.858,0.771,0.742,0.332,0.275,0.584,0.089,0.089,1.325,1.472,0.088,1.314,1.45,1.327,1.372,1.239,1.249,1.315,0.091,0.089,1.46,1.394,1.381,1.423,1.318,1.335,1.382,1.375,1.419,1.49,0.09,0.093,1.386,1.411,1.468,1.428,1.21,1.4,1.427,0.851,1.072,1.375,0.091,0.09,0.091,0.089,0.09,0.088,0.087,0.089,0.09,0.827,0.093,0.097,0.088
,15:54:16,38,0.093,0.088,0.088,0.087,0.089,0.09,0.089,0.089,0.089,0.102,0.089,0.089,0.09,0.692,0.636,0.081,0.769,1.06,0.504,0.765,0.589,0.33,0.533,0.088,0.097,0.975,1.11,0.837,0.896,0.494,0.698,0.397,1.101,0.782,0.487,0.089,0.092,0.967,1.197,1.042,1.002,0.861,0.773,0.745,0.331,0.276,0.586,0.089,0.089,1.328,1.472,0.088,1.316,1.45,1.326,1.371,1.238,1.246,1.314,0.091,0.089,1.46,1.395,1.382,1.422,1.319,1.335,1.381,1.376,1.418,1.488,0.091,0.093,1.386,1.411,1.468,1.427,1.209,1.399,1.426,0.848,1.07,1.374,0.091,0.09,0.091,0.089,0.09,0.088,0.087,0.089,0.09,0.827,0.094,0.097,0.088
,15:59:16,38,0.093,0.089,0.088,0.087,0.089,0.09,0.089,0.09,0.089,0.102,0.089,0.09,0.09,0.698,0.637,0.081,0.771,1.064,0.504,0.769,0.591,0.331,0.534,0.088,0.097,0.977,1.11,0.839,0.899,0.496,0.699,0.398,1.102,0.785,0.488,0.089,0.092,0.97,1.2,1.045,1.005,0.865,0.775,0.749,0.331,0.282,0.589,0.089,0.089,1.329,1.47,0.088,1.317,1.45,1.324,1.371,1.237,1.244,1.314,0.091,0.09,1.462,1.395,1.383,1.422,1.319,1.334,1.38,1.377,1.417,1.486,0.09,0.093,1.386,1.41,1.469,1.426,1.208,1.398,1.425,0.847,1.068,1.373,0.091,0.09,0.091,0.09,0.09,0.089,0.088,0.089,0.09,0.829,0.094,0.097,0.088
,16:04:16,38,0.093,0.088,0.088,0.087,0.089,0.09,0.089,0.089,0.089,0.102,0.089,0.09,0.09,0.703,0.639,0.081,0.773,1.066,0.505,0.772,0.592,0.331,0.535,0.088,0.097,0.978,1.111,0.841,0.902,0.497,0.7,0.398,1.103,0.786,0.488,0.088,0.092,0.972,1.201,1.048,1.008,0.867,0.777,0.752,0.33,0.282,0.591,0.088,0.089,1.331,1.47,0.088,1.318,1.45,1.322,1.369,1.236,1.241,1.313,0.091,0.089,1.463,1.397,1.384,1.421,1.318,1.334,1.378,1.377,1.416,1.484,0.09,0.093,1.385,1.409,1.469,1.425,1.207,1.397,1.424,0.848,1.067,1.372,0.091,0.09,0.091,0.089,0.09,0.088,0.087,0.089,0.09,0.83,0.093,0.097,0.088
,16:09:16,38,0.093,0.088,0.088,0.087,0.089,0.09,0.089,0.089,0.089,0.102,0.089,0.09,0.09,0.708,0.641,0.081,0.775,1.069,0.507,0.775,0.594,0.331,0.537,0.088,0.097,0.98,1.112,0.844,0.905,0.499,0.7,0.399,1.104,0.789,0.489,0.089,0.092,0.974,1.203,1.051,1.01,0.87,0.78,0.755,0.331,0.286,0.594,0.089,0.089,1.333,1.47,0.088,1.32,1.451,1.32,1.369,1.235,1.243,1.312,0.091,0.089,1.464,1.398,1.386,1.421,1.316,1.334,1.378,1.378,1.416,1.483,0.09,0.093,1.384,1.409,1.469,1.425,1.207,1.397,1.423,0.845,1.065,1.372,0.091,0.09,0.091,0.089,0.09,0.088,0.087,0.089,0.09,0.833,0.093,0.097,0.088
,16:14:16,38,0.093,0.088,0.088,0.087,0.089,0.09,0.089,0.089,0.089,0.102,0.089,0.09,0.09,0.714,0.643,0.081,0.777,1.072,0.507,0.778,0.594,0.331,0.538,0.088,0.097,0.982,1.113,0.846,0.909,0.501,0.701,0.4,1.105,0.791,0.489,0.089,0.092,0.977,1.204,1.053,1.012,0.872,0.782,0.758,0.331,0.286,0.596,0.089,0.089,1.335,1.468,0.088,1.322,1.452,1.318,1.368,1.234,1.24,1.313,0.091,0.089,1.464,1.399,1.387,1.42,1.316,1.333,1.376,1.378,1.415,1.481,0.09,0.093,1.383,1.407,1.469,1.424,1.206,1.396,1.421,0.844,1.066,1.371,0.091,0.09,0.091,0.089,0.09,0.088,0.087,0.089,0.09,0.833,0.093,0.097,0.088
,16:19:16,38.1,0.093,0.088,0.088,0.087,0.089,0.09,0.089,0.089,0.089,0.102,0.089,0.089,0.09,0.719,0.644,0.081,0.78,1.074,0.507,0.781,0.595,0.332,0.539,0.088,0.097,0.982,1.114,0.849,0.911,0.503,0.702,0.401,1.107,0.793,0.49,0.089,0.092,0.979,1.205,1.056,1.016,0.875,0.784,0.762,0.33,0.291,0.599,0.089,0.089,1.337,1.467,0.088,1.323,1.452,1.316,1.367,1.233,1.238,1.313,0.091,0.089,1.464,1.4,1.388,1.419,1.315,1.333,1.376,1.378,1.414,1.48,0.09,0.093,1.383,1.406,1.468,1.423,1.205,1.394,1.421,0.844,1.064,1.371,0.091,0.09,0.091,0.089,0.09,0.088,0.087,0.089,0.09,0.834,0.093,0.097,0.088
,16:24:16,38,0.093,0.089,0.088,0.087,0.089,0.09,0.089,0.089,0.089,0.102,0.089,0.09,0.09,0.724,0.647,0.081,0.782,1.077,0.508,0.784,0.596,0.332,0.54,0.088,0.097,0.984,1.115,0.852,0.914,0.505,0.702,0.402,1.108,0.797,0.49,0.088,0.092,0.981,1.207,1.059,1.019,0.878,0.787,0.765,0.331,0.293,0.601,0.089,0.089,1.339,1.467,0.088,1.325,1.453,1.315,1.367,1.233,1.237,1.314,0.091,0.09,1.466,1.401,1.39,1.419,1.315,1.334,1.375,1.379,1.414,1.479,0.09,0.093,1.382,1.406,1.468,1.423,1.205,1.393,1.421,0.842,1.063,1.372,0.091,0.09,0.091,0.089,0.09,0.089,0.087,0.089,0.09,0.839,0.093,0.097,0.088
,16:29:16,38,0.093,0.088,0.088,0.087,0.089,0.09,0.089,0.089,0.089,0.102,0.089,0.09,0.09,0.729,0.649,0.081,0.784,1.08,0.509,0.787,0.597,0.333,0.542,0.088,0.097,0.985,1.116,0.853,0.917,0.507,0.703,0.402,1.109,0.799,0.491,0.089,0.092,0.983,1.208,1.062,1.022,0.88,0.789,0.768,0.331,0.297,0.604,0.089,0.089,1.342,1.467,0.088,1.327,1.454,1.313,1.366,1.232,1.235,1.312,0.091,0.09,1.466,1.402,1.39,1.418,1.315,1.333,1.374,1.379,1.413,1.477,0.091,0.093,1.382,1.406,1.467,1.422,1.204,1.393,1.419,0.841,1.062,1.37,0.091,0.09,0.091,0.089,0.09,0.088,0.087,0.089,0.09,0.842,0.093,0.097,0.088
,16:34:16,38.1,0.093,0.088,0.088,0.087,0.089,0.09,0.089,0.089,0.089,0.102,0.089,0.09,0.09,0.734,0.65,0.081,0.787,1.084,0.509,0.79,0.599,0.334,0.543,0.088,0.097,0.985,1.117,0.855,0.92,0.509,0.704,0.402,1.11,0.801,0.491,0.089,0.092,0.985,1.209,1.064,1.025,0.882,0.791,0.771,0.331,0.299,0.606,0.089,0.089,1.342,1.466,0.088,1.328,1.455,1.311,1.365,1.232,1.233,1.312,0.091,0.089,1.466,1.402,1.392,1.417,1.315,1.334,1.373,1.378,1.412,1.475,0.09,0.093,1.381,1.404,1.466,1.421,1.202,1.391,1.419,0.841,1.06,1.37,0.091,0.09,0.091,0.089,0.09,0.088,0.087,0.089,0.09,0.842,0.093,0.097,0.088
,16:39:16,38,0.093,0.088,0.088,0.087,0.089,0.09,0.089,0.089,0.089,0.102,0.089,0.089,0.09,0.739,0.652,0.081,0.789,1.087,0.509,0.794,0.6,0.333,0.544,0.088,0.097,0.986,1.118,0.857,0.922,0.511,0.704,0.403,1.111,0.804,0.492,0.089,0.092,0.987,1.21,1.066,1.026,0.886,0.793,0.773,0.331,0.303,0.609,0.089,0.089,1.344,1.465,0.088,1.328,1.455,1.31,1.364,1.23,1.23,1.311,0.091,0.089,1.467,1.402,1.393,1.416,1.315,1.334,1.373,1.377,1.411,1.474,0.09,0.093,1.38,1.403,1.464,1.42,1.202,1.391,1.417,0.837,1.058,1.369,0.091,0.09,0.09,0.089,0.09,0.088,0.087,0.089,0.09,0.841,0.093,0.097,0.087
,16:44:16,38,0.093,0.088,0.088,0.087,0.089,0.09,0.089,0.089,0.089,0.102,0.089,0.09,0.09,0.744,0.654,0.081,0.791,1.089,0.511,0.797,0.601,0.333,0.545,0.088,0.097,0.988,1.119,0.86,0.926,0.514,0.705,0.405,1.112,0.805,0.493,0.089,0.092,0.988,1.212,1.069,1.028,0.889,0.796,0.777,0.331,0.307,0.61,0.089,0.089,1.346,1.464,0.088,1.329,1.456,1.308,1.363,1.229,1.227,1.311,0.091,0.089,1.468,1.402,1.393,1.416,1.315,1.334,1.372,1.377,1.41,1.472,0.09,0.093,1.38,1.403,1.463,1.419,1.202,1.39,1.416,0.837,1.056,1.368,0.091,0.09,0.091,0.089,0.09,0.089,0.087,0.089,0.09,0.842,0.093,0.097,0.088
,16:49:16,38,0.093,0.089,0.088,0.087,0.089,0.09,0.089,0.089,0.089,0.102,0.089,0.09,0.09,0.749,0.655,0.081,0.794,1.092,0.51,0.799,0.602,0.334,0.547,0.088,0.097,0.988,1.119,0.862,0.928,0.516,0.706,0.405,1.113,0.807,0.493,0.089,0.092,0.99,1.213,1.071,1.03,0.892,0.798,0.78,0.331,0.31,0.614,0.089,0.089,1.347,1.464,0.088,1.33,1.456,1.305,1.362,1.228,1.224,1.31,0.091,0.089,1.469,1.402,1.394,1.415,1.314,1.334,1.371,1.377,1.409,1.47,0.09,0.093,1.379,1.401,1.462,1.419,1.2,1.389,1.416,0.836,1.054,1.367,0.091,0.09,0.091,0.089,0.09,0.089,0.088,0.089,0.09,0.844,0.093,0.097,0.088
,16:54:16,38,0.093,0.088,0.088,0.087,0.089,0.09,0.089,0.089,0.089,0.102,0.089,0.09,0.09,0.753,0.658,0.081,0.795,1.094,0.512,0.802,0.604,0.334,0.548,0.088,0.097,0.989,1.12,0.864,0.931,0.519,0.707,0.406,1.114,0.81,0.494,0.088,0.092,0.991,1.214,1.073,1.032,0.894,0.8,0.782,0.331,0.314,0.615,0.089,0.089,1.35,1.463,0.089,1.33,1.456,1.303,1.362,1.228,1.224,1.309,0.091,0.09,1.469,1.402,1.395,1.415,1.314,1.334,1.371,1.376,1.409,1.469,0.09,0.093,1.379,1.401,1.461,1.418,1.199,1.388,1.415,0.834,1.053,1.367,0.091,0.09,0.091,0.089,0.09,0.089,0.088,0.089,0.09,0.845,0.093,0.097,0.088
,16:59:16,38,0.093,0.089,0.088,0.087,0.089,0.09,0.089,0.089,0.089,0.102,0.089,0.09,0.09,0.758,0.659,0.081,0.797,1.099,0.512,0.806,0.605,0.335,0.549,0.088,0.097,0.992,1.121,0.867,0.933,0.521,0.707,0.405,1.115,0.811,0.495,0.089,0.092,0.994,1.215,1.076,1.035,0.897,0.802,0.786,0.332,0.318,0.618,0.089,0.089,1.352,1.462,0.088,1.33,1.456,1.302,1.361,1.227,1.219,1.308,0.091,0.09,1.468,1.401,1.397,1.414,1.314,1.335,1.37,1.376,1.407,1.466,0.09,0.093,1.378,1.4,1.459,1.417,1.198,1.388,1.414,0.834,1.05,1.366,0.091,0.09,0.091,0.09,0.09,0.089,0.088,0.089,0.09,0.846,0.093,0.097,0.088
,17:04:16,38.1,0.093,0.088,0.088,0.087,0.089,0.09,0.089,0.089,0.089,0.102,0.089,0.089,0.09,0.763,0.661,0.081,0.799,1.099,0.513,0.808,0.606,0.335,0.55,0.088,0.097,0.992,1.121,0.868,0.935,0.523,0.707,0.405,1.115,0.814,0.495,0.088,0.092,0.994,1.215,1.078,1.037,0.899,0.804,0.788,0.331,0.323,0.62,0.088,0.089,1.353,1.462,0.088,1.33,1.456,1.3,1.36,1.226,1.218,1.308,0.091,0.089,1.468,1.401,1.396,1.413,1.312,1.334,1.369,1.375,1.407,1.465,0.09,0.092,1.378,1.399,1.458,1.416,1.197,1.387,1.414,0.832,1.049,1.366,0.091,0.09,0.091,0.089,0.09,0.088,0.087,0.089,0.09,0.846,0.093,0.097,0.087
,17:09:16,38,0.093,0.088,0.088,0.087,0.089,0.09,0.089,0.089,0.089,0.102,0.088,0.089,0.09,0.766,0.663,0.081,0.802,1.104,0.513,0.81,0.607,0.336,0.552,0.088,0.097,0.993,1.122,0.871,0.938,0.526,0.708,0.406,1.116,0.816,0.496,0.089,0.092,0.996,1.216,1.08,1.04,0.902,0.806,0.791,0.332,0.325,0.622,0.089,0.089,1.355,1.461,0.088,1.329,1.455,1.299,1.36,1.226,1.216,1.307,0.091,0.09,1.467,1.4,1.397,1.413,1.312,1.334,1.369,1.375,1.405,1.462,0.09,0.093,1.377,1.398,1.457,1.416,1.196,1.385,1.413,0.832,1.047,1.366,0.091,0.09,0.091,0.089,0.09,0.088,0.088,0.089,0.09,0.847,0.093,0.097,0.088
,17:14:16,38,0.093,0.088,0.088,0.087,0.089,0.09,0.089,0.089,0.089,0.102,0.089,0.09,0.09,0.771,0.665,0.081,0.804,1.107,0.515,0.814,0.608,0.335,0.553,0.088,0.097,0.995,1.123,0.873,0.94,0.528,0.709,0.406,1.116,0.818,0.497,0.089,0.092,0.998,1.218,1.082,1.042,0.905,0.808,0.793,0.332,0.326,0.624,0.089,0.089,1.356,1.461,0.088,1.33,1.455,1.296,1.359,1.225,1.216,1.306,0.091,0.089,1.466,1.398,1.398,1.412,1.311,1.335,1.369,1.374,1.405,1.461,0.09,0.093,1.377,1.397,1.456,1.415,1.195,1.385,1.412,0.833,1.044,1.366,0.091,0.09,0.091,0.089,0.09,0.088,0.087,0.089,0.09,0.847,0.093,0.097,0.088
,17:19:16,38.1,0.093,0.088,0.088,0.087,0.089,0.09,0.089,0.089,0.089,0.102,0.089,0.089,0.09,0.775,0.667,0.081,0.806,1.109,0.515,0.817,0.61,0.336,0.554,0.088,0.097,0.996,1.123,0.875,0.943,0.531,0.709,0.405,1.117,0.821,0.497,0.089,0.092,0.999,1.217,1.084,1.043,0.907,0.81,0.796,0.332,0.325,0.627,0.089,0.089,1.358,1.46,0.088,1.331,1.454,1.296,1.357,1.224,1.213,1.305,0.091,0.089,1.465,1.397,1.399,1.411,1.31,1.334,1.367,1.373,1.403,1.458,0.09,0.093,1.376,1.396,1.454,1.414,1.195,1.384,1.411,0.831,1.043,1.366,0.091,0.09,0.091,0.089,0.09,0.088,0.087,0.089,0.09,0.849,0.093,0.097,0.087
,17:24:16,38,0.093,0.088,0.088,0.087,0.089,0.09,0.089,0.089,0.089,0.102,0.089,0.089,0.09,0.779,0.669,0.081,0.808,1.111,0.515,0.819,0.611,0.336,0.556,0.088,0.097,0.996,1.124,0.877,0.945,0.533,0.71,0.405,1.118,0.822,0.498,0.089,0.092,1,1.218,1.086,1.045,0.91,0.812,0.799,0.332,0.324,0.629,0.089,0.089,1.359,1.459,0.088,1.333,1.454,1.293,1.358,1.223,1.21,1.306,0.091,0.089,1.463,1.397,1.399,1.41,1.309,1.333,1.367,1.372,1.402,1.456,0.091,0.093,1.376,1.396,1.453,1.414,1.193,1.383,1.41,0.828,1.04,1.365,0.091,0.09,0.091,0.089,0.09,0.088,0.087,0.089,0.09,0.848,0.093,0.097,0.088
,17:29:16,38.1,0.093,0.088,0.088,0.087,0.089,0.09,0.089,0.089,0.089,0.102,0.089,0.089,0.09,0.783,0.671,0.081,0.81,1.112,0.516,0.821,0.611,0.337,0.557,0.088,0.097,0.996,1.124,0.879,0.947,0.536,0.711,0.405,1.118,0.824,0.499,0.088,0.092,1.001,1.219,1.087,1.046,0.913,0.814,0.8,0.331,0.324,0.631,0.089,0.089,1.361,1.458,0.088,1.338,1.453,1.291,1.357,1.222,1.208,1.306,0.091,0.089,1.462,1.395,1.399,1.41,1.308,1.333,1.367,1.371,1.401,1.453,0.09,0.092,1.375,1.394,1.452,1.412,1.192,1.384,1.41,0.826,1.038,1.364,0.091,0.09,0.091,0.089,0.09,0.088,0.087,0.089,0.09,0.849,0.093,0.097,0.088
,17:34:16,38,0.093,0.088,0.088,0.087,0.089,0.09,0.089,0.089,0.089,0.102,0.089,0.09,0.09,0.787,0.672,0.081,0.812,1.114,0.516,0.825,0.613,0.337,0.558,0.088,0.097,0.997,1.125,0.881,0.949,0.538,0.711,0.405,1.119,0.826,0.499,0.088,0.092,1.003,1.22,1.089,1.048,0.915,0.816,0.803,0.332,0.322,0.633,0.089,0.089,1.362,1.458,0.088,1.343,1.453,1.29,1.355,1.222,1.206,1.306,0.091,0.089,1.461,1.394,1.399,1.409,1.308,1.331,1.367,1.37,1.4,1.45,0.091,0.093,1.375,1.394,1.451,1.412,1.19,1.384,1.409,0.827,1.036,1.365,0.091,0.09,0.091,0.089,0.09,0.088,0.087,0.089,0.09,0.85,0.093,0.097,0.088
,17:39:16,38.1,0.093,0.088,0.088,0.087,0.089,0.09,0.089,0.089,0.089,0.102,0.089,0.09,0.09,0.791,0.674,0.081,0.814,1.117,0.517,0.828,0.614,0.338,0.559,0.088,0.097,0.998,1.126,0.883,0.951,0.54,0.712,0.405,1.119,0.828,0.5,0.089,0.092,1.004,1.221,1.091,1.05,0.917,0.818,0.806,0.332,0.32,0.636,0.089,0.089,1.363,1.457,0.088,1.356,1.452,1.287,1.355,1.22,1.202,1.305,0.091,0.09,1.46,1.392,1.399,1.408,1.306,1.329,1.366,1.37,1.399,1.447,0.091,0.093,1.374,1.394,1.45,1.41,1.189,1.383,1.409,0.828,1.034,1.364,0.091,0.09,0.091,0.089,0.09,0.088,0.087,0.089,0.09,0.85,0.093,0.097,0.088
,17:44:16,38,0.093,0.088,0.088,0.087,0.089,0.09,0.089,0.089,0.089,0.102,0.089,0.089,0.09,0.794,0.676,0.081,0.816,1.119,0.518,0.83,0.615,0.338,0.56,0.088,0.097,0.998,1.126,0.885,0.953,0.543,0.712,0.405,1.12,0.83,0.501,0.089,0.092,1.005,1.222,1.093,1.051,0.921,0.82,0.808,0.332,0.319,0.637,0.089,0.089,1.366,1.456,0.088,1.366,1.452,1.286,1.354,1.22,1.202,1.305,0.091,0.089,1.459,1.393,1.4,1.407,1.305,1.326,1.366,1.369,1.398,1.445,0.09,0.093,1.373,1.393,1.449,1.41,1.189,1.382,1.408,0.822,1.032,1.364,0.091,0.09,0.091,0.089,0.09,0.089,0.087,0.089,0.09,0.853,0.093,0.097,0.088
,17:49:16,38.1,0.093,0.088,0.088,0.087,0.089,0.09,0.089,0.089,0.089,0.102,0.088,0.089,0.09,0.798,0.678,0.081,0.818,1.121,0.518,0.834,0.616,0.338,0.561,0.088,0.097,0.999,1.126,0.886,0.955,0.544,0.713,0.405,1.121,0.832,0.502,0.088,0.092,1.006,1.222,1.094,1.053,0.923,0.821,0.81,0.332,0.319,0.64,0.089,0.089,1.366,1.455,0.088,1.373,1.45,1.284,1.353,1.219,1.2,1.303,0.091,0.089,1.457,1.391,1.4,1.407,1.304,1.323,1.365,1.368,1.396,1.442,0.09,0.092,1.373,1.392,1.448,1.409,1.187,1.382,1.407,0.822,1.03,1.362,0.091,0.09,0.091,0.089,0.09,0.088,0.087,0.089,0.09,0.852,0.093,0.097,0.088
,17:54:16,38,0.093,0.088,0.088,0.087,0.089,0.089,0.088,0.089,0.089,0.102,0.088,0.089,0.09,0.802,0.68,0.081,0.82,1.123,0.519,0.837,0.617,0.338,0.563,0.088,0.097,0.999,1.127,0.889,0.957,0.547,0.714,0.405,1.121,0.834,0.502,0.088,0.092,1.007,1.223,1.096,1.054,0.926,0.823,0.813,0.332,0.318,0.642,0.089,0.089,1.369,1.455,0.088,1.379,1.45,1.282,1.353,1.219,1.198,1.303,0.091,0.089,1.457,1.39,1.4,1.406,1.303,1.32,1.365,1.368,1.395,1.439,0.09,0.093,1.372,1.391,1.447,1.409,1.187,1.381,1.406,0.82,1.027,1.363,0.091,0.09,0.091,0.089,0.09,0.089,0.087,0.089,0.09,0.856,0.093,0.097,0.087
,17:59:16,38.1,0.093,0.088,0.088,0.087,0.089,0.09,0.089,0.089,0.089,0.102,0.089,0.089,0.09,0.806,0.682,0.081,0.822,1.125,0.52,0.839,0.619,0.338,0.563,0.088,0.097,0.999,1.127,0.891,0.959,0.549,0.714,0.405,1.121,0.836,0.504,0.089,0.092,1.008,1.223,1.098,1.055,0.927,0.825,0.815,0.332,0.316,0.644,0.089,0.089,1.37,1.454,0.088,1.384,1.45,1.28,1.352,1.218,1.199,1.302,0.091,0.089,1.456,1.389,1.4,1.406,1.302,1.317,1.364,1.366,1.393,1.435,0.09,0.092,1.372,1.391,1.446,1.408,1.185,1.381,1.406,0.818,1.025,1.362,0.091,0.09,0.091,0.089,0.09,0.089,0.088,0.089,0.09,0.859,0.093,0.097,0.088
,18:04:16,38,0.093,0.088,0.088,0.087,0.089,0.09,0.089,0.089,0.089,0.102,0.089,0.089,0.09,0.81,0.683,0.081,0.824,1.127,0.52,0.841,0.619,0.34,0.565,0.088,0.097,0.999,1.128,0.893,0.961,0.551,0.715,0.405,1.122,0.837,0.504,0.089,0.092,1.009,1.224,1.099,1.057,0.93,0.826,0.817,0.332,0.316,0.647,0.089,0.089,1.372,1.453,0.088,1.389,1.45,1.278,1.352,1.217,1.202,1.302,0.091,0.089,1.454,1.387,1.399,1.405,1.302,1.316,1.364,1.366,1.392,1.432,0.091,0.092,1.371,1.389,1.445,1.407,1.185,1.381,1.405,0.818,1.023,1.361,0.091,0.09,0.091,0.089,0.09,0.088,0.088,0.089,0.09,0.859,0.093,0.097,0.088
,18:09:16,38,0.093,0.089,0.088,0.087,0.089,0.09,0.089,0.089,0.089,0.102,0.089,0.089,0.09,0.813,0.686,0.081,0.826,1.128,0.521,0.845,0.621,0.34,0.566,0.088,0.097,0.999,1.128,0.895,0.963,0.554,0.716,0.405,1.123,0.839,0.506,0.089,0.092,1.01,1.225,1.101,1.058,0.933,0.829,0.82,0.333,0.317,0.649,0.089,0.089,1.375,1.453,0.088,1.393,1.449,1.276,1.351,1.217,1.199,1.302,0.091,0.089,1.454,1.387,1.399,1.405,1.302,1.313,1.364,1.365,1.391,1.429,0.09,0.093,1.371,1.389,1.444,1.407,1.184,1.381,1.404,0.816,1.021,1.361,0.091,0.09,0.091,0.089,0.09,0.089,0.087,0.089,0.09,0.863,0.093,0.097,0.088
,18:14:16,38.1,0.092,0.088,0.088,0.087,0.089,0.089,0.088,0.089,0.089,0.102,0.088,0.089,0.09,0.817,0.687,0.081,0.827,1.13,0.521,0.846,0.621,0.34,0.567,0.088,0.097,0.999,1.128,0.896,0.964,0.555,0.716,0.404,1.123,0.84,0.507,0.088,0.092,1.01,1.224,1.102,1.06,0.935,0.83,0.822,0.332,0.319,0.651,0.089,0.089,1.377,1.452,0.088,1.397,1.449,1.275,1.35,1.216,1.203,1.3,0.091,0.089,1.452,1.385,1.399,1.404,1.301,1.31,1.363,1.364,1.389,1.426,0.09,0.093,1.37,1.387,1.442,1.406,1.182,1.381,1.404,0.816,1.018,1.361,0.091,0.09,0.091,0.089,0.09,0.088,0.087,0.089,0.09,0.867,0.093,0.097,0.087
,18:19:16,38,0.093,0.088,0.088,0.087,0.089,0.09,0.089,0.089,0.089,0.102,0.089,0.09,0.09,0.822,0.69,0.081,0.83,1.131,0.521,0.85,0.623,0.341,0.568,0.088,0.097,0.999,1.128,0.898,0.966,0.558,0.718,0.405,1.124,0.843,0.507,0.089,0.092,1.012,1.226,1.104,1.06,0.938,0.832,0.824,0.332,0.321,0.652,0.089,0.089,1.379,1.451,0.089,1.4,1.449,1.274,1.349,1.216,1.206,1.3,0.091,0.09,1.452,1.384,1.398,1.403,1.3,1.306,1.363,1.363,1.389,1.423,0.09,0.093,1.369,1.387,1.442,1.405,1.182,1.381,1.403,0.814,1.017,1.361,0.091,0.09,0.091,0.09,0.09,0.089,0.088,0.089,0.09,0.868,0.094,0.097,0.088
,18:24:16,38.1,0.093,0.088,0.088,0.087,0.089,0.09,0.089,0.089,0.089,0.102,0.088,0.09,0.09,0.825,0.691,0.081,0.831,1.133,0.522,0.852,0.624,0.34,0.569,0.088,0.097,1,1.129,0.899,0.968,0.56,0.717,0.405,1.124,0.844,0.508,0.089,0.092,1.012,1.226,1.105,1.061,0.939,0.833,0.826,0.332,0.321,0.654,0.089,0.089,1.381,1.451,0.088,1.402,1.449,1.272,1.348,1.215,1.205,1.3,0.091,0.09,1.451,1.383,1.397,1.402,1.298,1.303,1.362,1.362,1.387,1.42,0.09,0.093,1.369,1.386,1.44,1.405,1.18,1.381,1.402,0.813,1.014,1.359,0.091,0.09,0.091,0.09,0.09,0.088,0.088,0.089,0.09,0.868,0.093,0.097,0.088
,18:29:16,38,0.093,0.088,0.088,0.087,0.089,0.089,0.089,0.089,0.089,0.102,0.089,0.089,0.09,0.828,0.693,0.081,0.833,1.134,0.523,0.854,0.624,0.341,0.57,0.088,0.097,0.999,1.128,0.901,0.969,0.561,0.718,0.404,1.124,0.845,0.509,0.088,0.092,1.013,1.226,1.106,1.063,0.941,0.835,0.828,0.332,0.322,0.657,0.089,0.089,1.382,1.45,0.088,1.405,1.449,1.27,1.348,1.214,1.203,1.299,0.091,0.089,1.45,1.382,1.396,1.402,1.297,1.299,1.361,1.362,1.385,1.417,0.09,0.093,1.368,1.386,1.439,1.403,1.18,1.38,1.401,0.813,1.012,1.359,0.091,0.09,0.091,0.089,0.09,0.088,0.087,0.089,0.09,0.869,0.093,0.097,0.087
,18:34:16,38.1,0.093,0.088,0.088,0.087,0.089,0.09,0.089,0.089,0.089,0.102,0.089,0.089,0.09,0.832,0.694,0.081,0.835,1.135,0.524,0.857,0.626,0.341,0.571,0.088,0.097,0.999,1.129,0.903,0.971,0.564,0.719,0.404,1.125,0.847,0.51,0.089,0.092,1.014,1.226,1.108,1.064,0.948,0.837,0.831,0.333,0.325,0.658,0.089,0.089,1.385,1.45,0.088,1.408,1.448,1.269,1.348,1.214,1.202,1.299,0.091,0.09,1.449,1.381,1.395,1.402,1.298,1.295,1.361,1.361,1.385,1.414,0.09,0.093,1.369,1.385,1.438,1.403,1.178,1.38,1.4,0.815,1.01,1.359,0.091,0.09,0.091,0.09,0.09,0.089,0.088,0.089,0.091,0.87,0.094,0.097,0.088
,18:39:16,38,0.092,0.088,0.088,0.087,0.089,0.089,0.088,0.089,0.089,0.102,0.088,0.089,0.09,0.836,0.696,0.081,0.836,1.136,0.524,0.859,0.627,0.341,0.572,0.088,0.097,0.999,1.128,0.905,0.973,0.566,0.719,0.404,1.125,0.849,0.511,0.088,0.092,1.014,1.226,1.109,1.065,0.95,0.838,0.832,0.332,0.326,0.66,0.088,0.089,1.387,1.449,0.088,1.411,1.448,1.267,1.346,1.212,1.199,1.298,0.09,0.089,1.448,1.379,1.395,1.4,1.296,1.291,1.36,1.36,1.383,1.411,0.09,0.093,1.367,1.384,1.436,1.402,1.177,1.38,1.399,0.815,1.008,1.359,0.091,0.09,0.09,0.089,0.09,0.088,0.087,0.089,0.09,0.871,0.093,0.097,0.087
,18:44:16,38,0.093,0.089,0.088,0.087,0.089,0.09,0.089,0.089,0.089,0.102,0.089,0.09,0.09,0.839,0.699,0.081,0.838,1.138,0.525,0.861,0.628,0.342,0.574,0.089,0.097,0.999,1.129,0.907,0.975,0.568,0.719,0.405,1.126,0.85,0.512,0.089,0.093,1.015,1.226,1.11,1.067,0.953,0.839,0.835,0.333,0.329,0.663,0.089,0.089,1.389,1.448,0.089,1.414,1.447,1.265,1.345,1.212,1.197,1.298,0.091,0.09,1.447,1.378,1.393,1.4,1.296,1.287,1.36,1.36,1.382,1.409,0.091,0.093,1.366,1.383,1.435,1.402,1.176,1.38,1.398,0.813,1.006,1.359,0.091,0.09,0.091,0.09,0.09,0.089,0.088,0.089,0.09,0.873,0.093,0.097,0.088
,18:49:16,38,0.093,0.089,0.088,0.087,0.089,0.09,0.089,0.089,0.089,0.102,0.089,0.089,0.09,0.842,0.699,0.081,0.84,1.139,0.525,0.865,0.629,0.343,0.575,0.088,0.097,0.998,1.129,0.908,0.976,0.57,0.72,0.405,1.127,0.851,0.513,0.089,0.092,1.015,1.226,1.111,1.067,0.956,0.841,0.837,0.332,0.331,0.665,0.089,0.089,1.391,1.448,0.088,1.417,1.447,1.264,1.345,1.212,1.196,1.297,0.091,0.09,1.446,1.378,1.393,1.4,1.296,1.284,1.359,1.359,1.38,1.406,0.091,0.093,1.366,1.383,1.434,1.401,1.174,1.38,1.398,0.813,1.004,1.359,0.091,0.09,0.091,0.09,0.09,0.088,0.088,0.089,0.09,0.875,0.093,0.097,0.088
,18:54:16,38,0.093,0.089,0.088,0.087,0.089,0.09,0.089,0.089,0.089,0.102,0.089,0.089,0.09,0.846,0.701,0.081,0.842,1.139,0.526,0.867,0.63,0.343,0.576,0.088,0.097,0.998,1.129,0.909,0.977,0.571,0.721,0.405,1.127,0.853,0.514,0.089,0.092,1.016,1.227,1.112,1.068,0.958,0.843,0.839,0.333,0.333,0.666,0.089,0.089,1.395,1.447,0.088,1.419,1.447,1.262,1.345,1.212,1.195,1.297,0.091,0.089,1.444,1.376,1.392,1.399,1.295,1.281,1.359,1.358,1.379,1.404,0.09,0.093,1.366,1.382,1.434,1.4,1.173,1.379,1.396,0.814,1.002,1.359,0.091,0.09,0.091,0.089,0.09,0.089,0.088,0.089,0.09,0.878,0.093,0.097,0.088
,18:59:16,38,0.093,0.088,0.088,0.087,0.089,0.09,0.089,0.089,0.089,0.102,0.089,0.089,0.09,0.848,0.703,0.081,0.844,1.14,0.526,0.869,0.631,0.343,0.577,0.088,0.097,0.997,1.129,0.911,0.979,0.573,0.721,0.405,1.128,0.854,0.514,0.088,0.092,1.016,1.226,1.113,1.067,0.96,0.844,0.841,0.332,0.335,0.668,0.089,0.089,1.396,1.446,0.088,1.421,1.446,1.259,1.344,1.21,1.192,1.296,0.091,0.089,1.444,1.375,1.39,1.398,1.293,1.278,1.357,1.357,1.377,1.401,0.09,0.093,1.365,1.381,1.432,1.4,1.173,1.379,1.395,0.814,1,1.357,0.091,0.09,0.091,0.089,0.09,0.088,0.087,0.089,0.09,0.877,0.093,0.097,0.087
,19:04:16,38.1,0.093,0.089,0.088,0.087,0.089,0.09,0.088,0.089,0.089,0.102,0.088,0.089,0.09,0.852,0.704,0.081,0.845,1.141,0.527,0.871,0.631,0.343,0.579,0.088,0.097,0.997,1.129,0.912,0.98,0.575,0.721,0.405,1.129,0.856,0.516,0.089,0.092,1.017,1.227,1.114,1.068,0.964,0.846,0.843,0.333,0.338,0.67,0.089,0.089,1.397,1.446,0.088,1.425,1.445,1.258,1.343,1.21,1.192,1.295,0.091,0.089,1.442,1.374,1.389,1.398,1.293,1.275,1.357,1.357,1.376,1.398,0.09,0.093,1.365,1.38,1.431,1.398,1.171,1.379,1.394,0.815,0.998,1.358,0.091,0.09,0.091,0.089,0.09,0.088,0.087,0.089,0.09,0.877,0.093,0.097,0.087
,19:09:16,38.1,0.093,0.089,0.088,0.087,0.089,0.09,0.089,0.089,0.089,0.102,0.088,0.089,0.09,0.855,0.705,0.081,0.847,1.143,0.528,0.874,0.632,0.344,0.58,0.088,0.097,0.997,1.13,0.914,0.982,0.577,0.722,0.405,1.129,0.857,0.517,0.089,0.092,1.017,1.227,1.115,1.069,0.966,0.847,0.846,0.332,0.341,0.672,0.089,0.089,1.398,1.446,0.089,1.429,1.445,1.258,1.343,1.21,1.188,1.295,0.091,0.09,1.442,1.373,1.389,1.397,1.292,1.272,1.356,1.356,1.375,1.396,0.09,0.093,1.365,1.38,1.429,1.398,1.17,1.379,1.393,0.813,0.996,1.358,0.091,0.09,0.091,0.089,0.09,0.088,0.088,0.089,0.09,0.883,0.093,0.097,0.088
,19:14:16,38,0.093,0.088,0.088,0.087,0.089,0.09,0.089,0.089,0.089,0.102,0.089,0.089,0.09,0.858,0.707,0.081,0.848,1.143,0.529,0.876,0.633,0.343,0.581,0.088,0.097,0.996,1.13,0.915,0.982,0.578,0.723,0.405,1.13,0.858,0.517,0.088,0.092,1.017,1.226,1.116,1.069,0.967,0.849,0.847,0.333,0.343,0.674,0.089,0.089,1.397,1.444,0.088,1.432,1.444,1.255,1.342,1.209,1.186,1.294,0.091,0.089,1.441,1.372,1.388,1.397,1.291,1.269,1.355,1.355,1.373,1.394,0.09,0.093,1.364,1.379,1.428,1.397,1.169,1.378,1.391,0.812,0.994,1.357,0.091,0.09,0.091,0.089,0.09,0.089,0.087,0.089,0.09,0.882,0.093,0.097,0.087
,19:19:16,38.1,0.092,0.088,0.088,0.087,0.089,0.09,0.089,0.089,0.089,0.102,0.088,0.089,0.09,0.861,0.709,0.081,0.85,1.144,0.529,0.878,0.634,0.344,0.582,0.088,0.097,0.996,1.131,0.917,0.984,0.579,0.723,0.406,1.131,0.86,0.518,0.089,0.092,1.017,1.226,1.117,1.069,0.969,0.85,0.85,0.333,0.345,0.675,0.088,0.089,1.397,1.444,0.088,1.435,1.444,1.253,1.341,1.209,1.185,1.294,0.091,0.089,1.44,1.371,1.387,1.396,1.29,1.266,1.354,1.354,1.372,1.391,0.09,0.093,1.364,1.378,1.427,1.396,1.168,1.378,1.389,0.813,0.99,1.357,0.091,0.09,0.091,0.089,0.09,0.088,0.087,0.089,0.09,0.886,0.093,0.097,0.088
,19:24:16,38,0.093,0.089,0.088,0.087,0.089,0.09,0.089,0.089,0.089,0.102,0.089,0.09,0.09,0.864,0.71,0.081,0.852,1.145,0.529,0.88,0.635,0.344,0.583,0.088,0.097,0.997,1.131,0.918,0.986,0.581,0.724,0.406,1.132,0.86,0.52,0.089,0.093,1.018,1.226,1.119,1.07,0.973,0.853,0.848,0.333,0.346,0.677,0.089,0.089,1.397,1.444,0.088,1.438,1.443,1.252,1.341,1.208,1.183,1.293,0.091,0.089,1.439,1.37,1.387,1.395,1.29,1.264,1.353,1.353,1.371,1.39,0.09,0.093,1.364,1.378,1.426,1.396,1.166,1.378,1.388,0.814,0.989,1.357,0.091,0.09,0.091,0.09,0.09,0.089,0.087,0.089,0.09,0.888,0.093,0.097,0.088
,19:29:16,38,0.093,0.088,0.088,0.087,0.089,0.09,0.089,0.089,0.089,0.102,0.089,0.089,0.09,0.867,0.712,0.081,0.853,1.146,0.53,0.883,0.636,0.344,0.584,0.088,0.097,0.996,1.13,0.919,0.987,0.582,0.724,0.406,1.133,0.862,0.521,0.088,0.092,1.019,1.226,1.119,1.069,0.975,0.855,0.848,0.333,0.35,0.679,0.089,0.089,1.396,1.443,0.088,1.441,1.442,1.25,1.34,1.208,1.182,1.293,0.091,0.09,1.438,1.369,1.385,1.395,1.289,1.262,1.352,1.353,1.369,1.388,0.09,0.093,1.363,1.377,1.425,1.396,1.166,1.377,1.387,0.812,0.987,1.358,0.091,0.09,0.091,0.09,0.09,0.089,0.087,0.089,0.09,0.891,0.093,0.097,0.088
,19:34:16,38.1,0.093,0.088,0.088,0.087,0.089,0.09,0.089,0.089,0.089,0.102,0.089,0.089,0.09,0.869,0.713,0.081,0.854,1.146,0.531,0.885,0.637,0.345,0.586,0.088,0.097,0.996,1.131,0.921,0.988,0.584,0.725,0.406,1.135,0.863,0.522,0.089,0.093,1.019,1.226,1.121,1.07,0.976,0.855,0.848,0.333,0.352,0.68,0.089,0.089,1.395,1.442,0.089,1.443,1.442,1.248,1.339,1.208,1.181,1.292,0.091,0.09,1.437,1.368,1.385,1.395,1.288,1.259,1.352,1.351,1.368,1.386,0.09,0.093,1.362,1.377,1.424,1.395,1.165,1.377,1.385,0.809,0.984,1.357,0.091,0.09,0.091,0.09,0.09,0.089,0.087,0.089,0.09,0.893,0.093,0.097,0.087
,19:39:16,38,0.093,0.088,0.088,0.087,0.089,0.09,0.089,0.089,0.089,0.102,0.089,0.089,0.09,0.872,0.715,0.081,0.856,1.147,0.531,0.886,0.637,0.345,0.587,0.088,0.097,0.996,1.131,0.921,0.99,0.585,0.725,0.406,1.135,0.864,0.522,0.088,0.092,1.019,1.225,1.121,1.07,0.98,0.857,0.849,0.333,0.354,0.682,0.089,0.089,1.394,1.441,0.088,1.446,1.441,1.247,1.339,1.206,1.179,1.292,0.091,0.089,1.436,1.367,1.383,1.394,1.29,1.257,1.35,1.351,1.366,1.383,0.09,0.093,1.361,1.376,1.423,1.394,1.163,1.377,1.383,0.809,0.983,1.357,0.091,0.09,0.091,0.09,0.09,0.089,0.087,0.089,0.09,0.894,0.093,0.097,0.088
,19:44:16,38.1,0.093,0.088,0.088,0.087,0.089,0.09,0.089,0.089,0.089,0.102,0.089,0.089,0.09,0.874,0.716,0.081,0.857,1.147,0.532,0.889,0.638,0.346,0.588,0.088,0.097,0.996,1.131,0.923,0.992,0.587,0.726,0.406,1.137,0.864,0.523,0.088,0.092,1.019,1.226,1.122,1.07,0.982,0.858,0.85,0.334,0.357,0.684,0.089,0.089,1.394,1.44,0.088,1.448,1.44,1.246,1.339,1.207,1.176,1.291,0.091,0.089,1.435,1.367,1.383,1.394,1.288,1.255,1.349,1.35,1.365,1.382,0.09,0.093,1.361,1.375,1.421,1.393,1.162,1.377,1.381,0.807,0.98,1.357,0.091,0.09,0.091,0.089,0.09,0.088,0.087,0.089,0.09,0.893,0.093,0.097,0.087
,19:49:16,38,0.093,0.088,0.088,0.087,0.089,0.09,0.089,0.089,0.089,0.102,0.088,0.089,0.09,0.877,0.717,0.081,0.859,1.147,0.532,0.891,0.639,0.346,0.589,0.088,0.097,0.996,1.131,0.924,0.992,0.588,0.726,0.406,1.137,0.866,0.524,0.088,0.092,1.02,1.226,1.123,1.07,0.983,0.86,0.849,0.333,0.359,0.687,0.089,0.089,1.393,1.44,0.088,1.449,1.44,1.244,1.338,1.206,1.174,1.291,0.09,0.089,1.434,1.365,1.381,1.393,1.287,1.253,1.348,1.35,1.363,1.381,0.09,0.093,1.36,1.375,1.42,1.392,1.161,1.376,1.379,0.806,0.979,1.357,0.091,0.09,0.091,0.089,0.09,0.088,0.087,0.089,0.09,0.897,0.093,0.097,0.088
,19:54:16,38.1,0.093,0.088,0.088,0.087,0.089,0.089,0.089,0.089,0.089,0.102,0.088,0.089,0.09,0.879,0.719,0.081,0.86,1.148,0.533,0.892,0.64,0.346,0.591,0.088,0.097,0.995,1.131,0.926,0.994,0.589,0.726,0.407,1.138,0.867,0.525,0.088,0.092,1.02,1.225,1.123,1.07,0.986,0.861,0.849,0.332,0.361,0.688,0.088,0.089,1.393,1.44,0.088,1.451,1.439,1.243,1.337,1.205,1.17,1.29,0.091,0.089,1.434,1.364,1.38,1.393,1.287,1.25,1.346,1.349,1.362,1.379,0.09,0.093,1.36,1.374,1.419,1.392,1.16,1.376,1.377,0.803,0.977,1.356,0.091,0.09,0.091,0.089,0.09,0.088,0.087,0.089,0.09,0.896,0.093,0.097,0.087
,19:59:16,38,0.093,0.088,0.088,0.087,0.089,0.09,0.089,0.089,0.089,0.102,0.088,0.089,0.09,0.882,0.721,0.081,0.862,1.148,0.533,0.894,0.641,0.346,0.592,0.088,0.097,0.995,1.132,0.928,0.995,0.591,0.727,0.407,1.139,0.869,0.526,0.089,0.092,1.021,1.225,1.124,1.07,0.988,0.862,0.848,0.334,0.364,0.688,0.089,0.089,1.393,1.44,0.088,1.452,1.438,1.242,1.337,1.206,1.17,1.29,0.091,0.09,1.433,1.364,1.38,1.393,1.286,1.248,1.345,1.349,1.36,1.377,0.091,0.093,1.36,1.374,1.419,1.391,1.159,1.376,1.375,0.803,0.975,1.357,0.091,0.09,0.091,0.089,0.09,0.089,0.087,0.089,0.09,0.903,0.093,0.097,0.088
,20:04:16,38.1,0.093,0.088,0.088,0.087,0.089,0.09,0.089,0.089,0.089,0.102,0.088,0.089,0.09,0.885,0.721,0.081,0.863,1.149,0.534,0.897,0.641,0.347,0.593,0.088,0.097,0.995,1.132,0.93,0.996,0.594,0.728,0.407,1.139,0.869,0.526,0.088,0.092,1.021,1.225,1.124,1.07,0.989,0.864,0.848,0.333,0.367,0.686,0.089,0.089,1.391,1.438,0.088,1.453,1.437,1.24,1.336,1.205,1.166,1.29,0.09,0.089,1.432,1.363,1.378,1.392,1.286,1.247,1.344,1.348,1.359,1.376,0.09,0.093,1.359,1.373,1.417,1.391,1.157,1.375,1.374,0.803,0.973,1.356,0.091,0.09,0.091,0.089,0.09,0.088,0.087,0.089,0.09,0.904,0.093,0.097,0.087
,20:09:16,38,0.093,0.088,0.088,0.087,0.089,0.09,0.089,0.089,0.089,0.102,0.089,0.089,0.09,0.888,0.723,0.081,0.865,1.149,0.535,0.899,0.642,0.348,0.594,0.088,0.097,0.995,1.132,0.93,0.998,0.594,0.728,0.408,1.14,0.87,0.528,0.088,0.092,1.022,1.225,1.125,1.07,0.992,0.865,0.848,0.333,0.369,0.685,0.089,0.089,1.391,1.438,0.089,1.454,1.437,1.239,1.336,1.204,1.165,1.289,0.091,0.089,1.431,1.362,1.377,1.393,1.286,1.245,1.343,1.348,1.357,1.375,0.09,0.093,1.359,1.373,1.416,1.39,1.157,1.375,1.371,0.8,0.972,1.356,0.091,0.09,0.091,0.089,0.09,0.089,0.087,0.089,0.09,0.906,0.093,0.097,0.088
,20:14:16,38,0.093,0.088,0.088,0.087,0.089,0.09,0.089,0.089,0.089,0.102,0.089,0.089,0.09,0.891,0.724,0.081,0.866,1.149,0.535,0.899,0.642,0.348,0.595,0.088,0.097,0.995,1.132,0.931,1,0.596,0.728,0.408,1.14,0.871,0.528,0.088,0.092,1.021,1.225,1.126,1.069,0.993,0.866,0.846,0.333,0.371,0.684,0.088,0.089,1.39,1.438,0.088,1.455,1.437,1.236,1.336,1.204,1.163,1.288,0.091,0.089,1.431,1.362,1.377,1.392,1.285,1.243,1.341,1.348,1.356,1.374,0.09,0.093,1.359,1.372,1.415,1.389,1.155,1.374,1.369,0.798,0.97,1.355,0.091,0.09,0.091,0.089,0.09,0.088,0.087,0.089,0.09,0.909,0.093,0.097,0.087
,20:19:16,38,0.093,0.088,0.088,0.087,0.089,0.089,0.089,0.089,0.089,0.102,0.088,0.089,0.09,0.893,0.726,0.081,0.867,1.15,0.536,0.9,0.643,0.348,0.596,0.088,0.097,0.995,1.132,0.933,1.002,0.596,0.729,0.408,1.14,0.872,0.529,0.088,0.092,1.022,1.224,1.126,1.07,0.996,0.867,0.846,0.333,0.374,0.683,0.088,0.089,1.389,1.437,0.088,1.456,1.435,1.236,1.334,1.203,1.161,1.288,0.09,0.089,1.43,1.361,1.376,1.391,1.285,1.241,1.339,1.349,1.355,1.373,0.09,0.093,1.358,1.371,1.414,1.389,1.153,1.374,1.367,0.798,0.967,1.355,0.091,0.09,0.091,0.089,0.09,0.088,0.087,0.089,0.09,0.908,0.093,0.097,0.087
,20:24:16,38,0.093,0.088,0.088,0.087,0.089,0.09,0.089,0.089,0.089,0.102,0.089,0.089,0.09,0.895,0.727,0.081,0.868,1.15,0.536,0.904,0.644,0.348,0.598,0.088,0.097,0.995,1.132,0.934,1.004,0.597,0.73,0.408,1.141,0.872,0.53,0.088,0.092,1.023,1.224,1.127,1.07,0.999,0.868,0.846,0.333,0.376,0.682,0.089,0.089,1.389,1.437,0.088,1.457,1.435,1.235,1.334,1.203,1.159,1.288,0.091,0.089,1.429,1.36,1.374,1.391,1.284,1.24,1.338,1.348,1.353,1.371,0.09,0.093,1.358,1.371,1.413,1.388,1.153,1.373,1.364,0.797,0.966,1.355,0.091,0.09,0.091,0.089,0.09,0.089,0.087,0.089,0.09,0.91,0.093,0.097,0.088
,20:29:16,38.1,0.093,0.088,0.088,0.087,0.089,0.089,0.089,0.089,0.089,0.102,0.089,0.089,0.09,0.897,0.728,0.081,0.869,1.15,0.537,0.905,0.644,0.348,0.599,0.088,0.097,0.995,1.132,0.935,1.005,0.598,0.73,0.409,1.141,0.873,0.531,0.088,0.092,1.023,1.224,1.127,1.069,1.001,0.869,0.846,0.333,0.378,0.681,0.089,0.089,1.388,1.435,0.088,1.457,1.434,1.233,1.334,1.202,1.157,1.287,0.09,0.089,1.429,1.359,1.373,1.391,1.283,1.238,1.336,1.348,1.351,1.37,0.09,0.093,1.358,1.371,1.412,1.387,1.152,1.373,1.362,0.797,0.964,1.355,0.091,0.09,0.091,0.089,0.09,0.088,0.087,0.089,0.09,0.912,0.093,0.097,0.087
,20:34:16,38,0.093,0.089,0.088,0.087,0.089,0.09,0.089,0.089,0.089,0.102,0.089,0.089,0.09,0.899,0.73,0.081,0.871,1.15,0.537,0.906,0.645,0.349,0.6,0.088,0.097,0.995,1.132,0.936,1.006,0.6,0.731,0.409,1.142,0.874,0.532,0.089,0.092,1.024,1.224,1.127,1.07,1.003,0.871,0.846,0.333,0.38,0.681,0.089,0.089,1.388,1.436,0.089,1.458,1.433,1.232,1.334,1.202,1.156,1.287,0.091,0.089,1.427,1.359,1.373,1.391,1.283,1.237,1.335,1.348,1.35,1.369,0.09,0.093,1.357,1.37,1.411,1.388,1.151,1.372,1.36,0.795,0.962,1.354,0.091,0.09,0.091,0.089,0.09,0.089,0.088,0.089,0.09,0.914,0.093,0.097,0.087
,20:39:16,38,0.093,0.088,0.088,0.087,0.089,0.09,0.089,0.089,0.089,0.102,0.088,0.089,0.09,0.901,0.731,0.081,0.871,1.151,0.538,0.908,0.645,0.349,0.601,0.088,0.097,0.995,1.132,0.937,1.006,0.601,0.731,0.409,1.143,0.875,0.532,0.088,0.092,1.024,1.224,1.127,1.069,1.006,0.871,0.846,0.332,0.383,0.68,0.089,0.089,1.387,1.434,0.088,1.459,1.432,1.231,1.333,1.202,1.154,1.286,0.091,0.089,1.427,1.358,1.371,1.391,1.282,1.234,1.333,1.348,1.348,1.369,0.09,0.093,1.357,1.369,1.41,1.387,1.149,1.371,1.357,0.793,0.962,1.354,0.091,0.09,0.091,0.089,0.09,0.088,0.087,0.089,0.09,0.916,0.093,0.097,0.088
,20:44:16,38.1,0.093,0.088,0.088,0.087,0.089,0.09,0.089,0.089,0.089,0.102,0.088,0.089,0.09,0.903,0.732,0.081,0.875,1.152,0.538,0.91,0.647,0.35,0.602,0.088,0.097,0.995,1.131,0.938,1.006,0.601,0.731,0.41,1.143,0.875,0.533,0.088,0.092,1.024,1.224,1.128,1.069,1.008,0.873,0.844,0.333,0.385,0.679,0.088,0.089,1.386,1.434,0.088,1.46,1.432,1.237,1.333,1.201,1.152,1.286,0.091,0.089,1.426,1.357,1.371,1.391,1.281,1.233,1.331,1.348,1.347,1.367,0.09,0.093,1.356,1.369,1.409,1.386,1.149,1.371,1.355,0.794,0.959,1.353,0.091,0.09,0.091,0.089,0.09,0.089,0.088,0.089,0.09,0.918,0.093,0.097,0.087
,20:49:16,38.1,0.093,0.088,0.088,0.087,0.089,0.09,0.089,0.089,0.089,0.102,0.089,0.089,0.09,0.906,0.733,0.081,0.875,1.152,0.539,0.912,0.647,0.35,0.603,0.088,0.097,0.996,1.132,0.939,1.008,0.602,0.731,0.41,1.143,0.876,0.534,0.088,0.092,1.025,1.223,1.128,1.069,1.01,0.874,0.844,0.334,0.388,0.678,0.089,0.089,1.386,1.433,0.088,1.461,1.431,1.237,1.331,1.202,1.151,1.286,0.091,0.089,1.425,1.356,1.37,1.39,1.28,1.232,1.329,1.348,1.345,1.366,0.09,0.093,1.356,1.369,1.409,1.385,1.147,1.37,1.352,0.793,0.958,1.353,0.091,0.09,0.091,0.089,0.09,0.089,0.087,0.089,0.09,0.919,0.093,0.097,0.087
,20:54:16,38,0.093,0.088,0.088,0.087,0.089,0.09,0.088,0.089,0.089,0.102,0.089,0.089,0.09,0.908,0.735,0.081,0.876,1.152,0.54,0.912,0.648,0.351,0.605,0.088,0.097,0.995,1.131,0.94,1.007,0.603,0.731,0.41,1.144,0.877,0.535,0.089,0.092,1.026,1.224,1.129,1.069,1.012,0.875,0.844,0.334,0.39,0.679,0.088,0.089,1.385,1.433,0.088,1.461,1.43,1.236,1.331,1.201,1.15,1.285,0.091,0.089,1.424,1.356,1.369,1.39,1.281,1.231,1.327,1.347,1.344,1.366,0.09,0.093,1.355,1.368,1.407,1.385,1.146,1.369,1.35,0.792,0.956,1.353,0.091,0.09,0.091,0.089,0.09,0.089,0.087,0.089,0.09,0.921,0.093,0.097,0.087
,20:59:16,38,0.093,0.088,0.088,0.087,0.089,0.089,0.089,0.089,0.089,0.102,0.089,0.089,0.09,0.909,0.736,0.081,0.879,1.153,0.541,0.913,0.648,0.35,0.606,0.088,0.097,0.996,1.131,0.941,1.009,0.603,0.733,0.411,1.144,0.877,0.536,0.088,0.092,1.026,1.223,1.129,1.069,1.015,0.876,0.844,0.334,0.392,0.677,0.089,0.089,1.385,1.433,0.088,1.462,1.429,1.235,1.331,1.201,1.148,1.285,0.091,0.089,1.424,1.355,1.368,1.39,1.28,1.229,1.326,1.346,1.342,1.365,0.09,0.093,1.355,1.368,1.406,1.384,1.145,1.368,1.348,0.791,0.953,1.353,0.091,0.09,0.091,0.089,0.09,0.088,0.087,0.089,0.09,0.923,0.093,0.097,0.087
,21:04:16,38,0.093,0.088,0.088,0.087,0.089,0.09,0.089,0.09,0.089,0.102,0.089,0.089,0.09,0.911,0.738,0.081,0.88,1.153,0.541,0.915,0.649,0.352,0.607,0.088,0.097,0.996,1.131,0.943,1.01,0.603,0.733,0.411,1.145,0.878,0.536,0.088,0.092,1.026,1.223,1.129,1.069,1.018,0.877,0.844,0.333,0.395,0.677,0.089,0.089,1.384,1.432,0.088,1.463,1.428,1.234,1.331,1.2,1.145,1.284,0.091,0.089,1.423,1.355,1.367,1.39,1.279,1.228,1.324,1.346,1.34,1.364,0.09,0.093,1.354,1.368,1.406,1.384,1.145,1.368,1.345,0.789,0.951,1.353,0.091,0.09,0.091,0.089,0.09,0.089,0.088,0.089,0.09,0.924,0.093,0.097,0.088
,21:09:16,38,0.093,0.088,0.088,0.087,0.089,0.09,0.089,0.089,0.089,0.102,0.089,0.089,0.09,0.912,0.738,0.081,0.881,1.153,0.542,0.917,0.649,0.351,0.608,0.088,0.097,0.995,1.131,0.944,1.01,0.605,0.733,0.411,1.145,0.878,0.537,0.088,0.092,1.027,1.223,1.129,1.068,1.021,0.878,0.844,0.334,0.396,0.676,0.088,0.089,1.384,1.431,0.088,1.463,1.427,1.238,1.33,1.2,1.144,1.284,0.09,0.089,1.423,1.353,1.365,1.389,1.278,1.227,1.323,1.345,1.339,1.364,0.09,0.093,1.353,1.367,1.405,1.384,1.143,1.366,1.343,0.793,0.949,1.353,0.091,0.09,0.091,0.089,0.09,0.089,0.087,0.089,0.09,0.928,0.093,0.097,0.087
,21:14:16,38,0.093,0.088,0.088,0.087,0.089,0.09,0.089,0.089,0.089,0.102,0.089,0.089,0.09,0.914,0.74,0.081,0.882,1.153,0.542,0.918,0.65,0.352,0.61,0.088,0.097,0.996,1.131,0.945,1.011,0.605,0.733,0.412,1.145,0.879,0.538,0.089,0.092,1.028,1.222,1.129,1.068,1.022,0.879,0.843,0.334,0.398,0.677,0.089,0.089,1.383,1.431,0.088,1.464,1.426,1.238,1.329,1.2,1.143,1.283,0.091,0.09,1.421,1.353,1.365,1.389,1.278,1.227,1.32,1.344,1.337,1.363,0.09,0.093,1.353,1.367,1.404,1.383,1.142,1.366,1.34,0.794,0.947,1.352,0.091,0.09,0.091,0.089,0.09,0.089,0.088,0.089,0.09,0.929,0.093,0.097,0.088
,21:19:16,38,0.093,0.088,0.088,0.087,0.089,0.09,0.089,0.089,0.089,0.102,0.089,0.089,0.09,0.916,0.741,0.081,0.884,1.154,0.543,0.919,0.65,0.352,0.611,0.088,0.097,0.996,1.13,0.947,1.012,0.606,0.734,0.412,1.145,0.879,0.539,0.088,0.093,1.028,1.222,1.13,1.068,1.023,0.88,0.843,0.334,0.399,0.676,0.089,0.089,1.383,1.43,0.088,1.466,1.425,1.238,1.329,1.2,1.141,1.284,0.091,0.09,1.42,1.353,1.364,1.389,1.278,1.225,1.319,1.343,1.336,1.362,0.09,0.093,1.353,1.367,1.403,1.383,1.141,1.365,1.339,0.796,0.946,1.352,0.091,0.09,0.091,0.089,0.09,0.088,0.087,0.089,0.09,0.933,0.093,0.097,0.088
,21:24:16,38,0.093,0.088,0.088,0.087,0.089,0.09,0.089,0.089,0.089,0.102,0.089,0.089,0.09,0.918,0.742,0.081,0.884,1.154,0.544,0.921,0.651,0.353,0.612,0.088,0.097,0.996,1.13,0.948,1.013,0.608,0.734,0.413,1.145,0.88,0.54,0.089,0.092,1.029,1.222,1.13,1.068,1.025,0.882,0.843,0.334,0.4,0.676,0.089,0.089,1.383,1.43,0.088,1.466,1.424,1.237,1.329,1.199,1.14,1.283,0.091,0.09,1.419,1.352,1.364,1.389,1.277,1.224,1.316,1.341,1.335,1.362,0.09,0.093,1.353,1.366,1.403,1.383,1.14,1.364,1.336,0.794,0.944,1.351,0.091,0.09,0.091,0.089,0.09,0.088,0.087,0.089,0.09,0.935,0.093,0.097,0.087
,21:29:16,38.1,0.093,0.088,0.088,0.087,0.089,0.09,0.089,0.089,0.089,0.102,0.088,0.089,0.09,0.918,0.743,0.081,0.886,1.154,0.544,0.922,0.651,0.352,0.613,0.088,0.097,0.996,1.13,0.95,1.012,0.608,0.734,0.413,1.146,0.881,0.54,0.088,0.092,1.029,1.222,1.13,1.067,1.026,0.882,0.843,0.334,0.399,0.677,0.089,0.089,1.382,1.43,0.088,1.466,1.423,1.235,1.328,1.199,1.138,1.282,0.091,0.09,1.418,1.351,1.363,1.388,1.277,1.224,1.315,1.34,1.333,1.361,0.09,0.093,1.352,1.366,1.401,1.381,1.139,1.363,1.333,0.794,0.942,1.351,0.091,0.09,0.091,0.089,0.09,0.088,0.087,0.089,0.09,0.936,0.093,0.097,0.087
,21:34:16,38,0.093,0.088,0.088,0.087,0.089,0.09,0.089,0.089,0.089,0.102,0.089,0.089,0.09,0.922,0.745,0.081,0.887,1.154,0.545,0.923,0.652,0.354,0.615,0.088,0.097,0.997,1.13,0.95,1.012,0.61,0.735,0.414,1.146,0.881,0.541,0.089,0.092,1.03,1.222,1.13,1.068,1.027,0.883,0.843,0.334,0.399,0.677,0.089,0.089,1.382,1.429,0.088,1.468,1.422,1.235,1.328,1.199,1.139,1.282,0.091,0.089,1.418,1.35,1.363,1.388,1.276,1.223,1.313,1.339,1.331,1.361,0.09,0.093,1.352,1.365,1.4,1.38,1.138,1.362,1.331,0.792,0.94,1.35,0.091,0.09,0.091,0.089,0.09,0.088,0.087,0.089,0.09,0.938,0.093,0.097,0.087
,21:39:16,38,0.093,0.088,0.088,0.087,0.089,0.09,0.089,0.089,0.089,0.102,0.088,0.089,0.09,0.923,0.746,0.081,0.888,1.154,0.546,0.924,0.652,0.354,0.616,0.088,0.097,0.997,1.129,0.95,1.013,0.611,0.736,0.414,1.146,0.881,0.542,0.088,0.092,1.03,1.221,1.131,1.067,1.029,0.885,0.842,0.335,0.399,0.678,0.089,0.089,1.381,1.429,0.088,1.469,1.42,1.234,1.327,1.198,1.137,1.282,0.091,0.089,1.416,1.35,1.362,1.388,1.275,1.223,1.31,1.337,1.329,1.36,0.09,0.093,1.351,1.365,1.4,1.38,1.137,1.361,1.329,0.79,0.938,1.351,0.091,0.09,0.091,0.089,0.09,0.088,0.087,0.089,0.09,0.94,0.093,0.097,0.088
,21:44:16,38,0.093,0.088,0.088,0.087,0.089,0.09,0.089,0.089,0.089,0.102,0.088,0.089,0.09,0.923,0.747,0.081,0.889,1.154,0.546,0.925,0.653,0.354,0.616,0.088,0.097,0.997,1.129,0.951,1.012,0.611,0.735,0.414,1.146,0.881,0.543,0.088,0.092,1.03,1.221,1.13,1.066,1.029,0.885,0.842,0.333,0.397,0.677,0.089,0.089,1.38,1.428,0.088,1.469,1.419,1.234,1.327,1.197,1.136,1.281,0.09,0.089,1.415,1.349,1.362,1.387,1.275,1.222,1.308,1.335,1.327,1.359,0.09,0.093,1.351,1.365,1.399,1.38,1.136,1.36,1.327,0.79,0.936,1.35,0.091,0.09,0.091,0.089,0.09,0.088,0.087,0.089,0.09,0.942,0.093,0.097,0.087
,21:49:16,38,0.093,0.088,0.088,0.087,0.089,0.09,0.089,0.089,0.089,0.102,0.088,0.089,0.09,0.925,0.748,0.081,0.889,1.154,0.547,0.927,0.653,0.354,0.618,0.088,0.097,0.998,1.129,0.952,1.013,0.611,0.736,0.415,1.146,0.882,0.543,0.089,0.092,1.032,1.221,1.131,1.066,1.03,0.886,0.842,0.334,0.397,0.677,0.089,0.089,1.38,1.427,0.088,1.47,1.418,1.234,1.327,1.197,1.134,1.281,0.091,0.089,1.413,1.348,1.361,1.387,1.275,1.221,1.306,1.334,1.326,1.359,0.09,0.093,1.35,1.364,1.398,1.38,1.134,1.358,1.325,0.788,0.934,1.349,0.091,0.09,0.091,0.089,0.09,0.088,0.087,0.089,0.09,0.942,0.093,0.097,0.087
,21:54:16,38,0.093,0.088,0.088,0.087,0.089,0.09,0.089,0.089,0.089,0.102,0.089,0.089,0.09,0.926,0.749,0.081,0.891,1.154,0.547,0.928,0.654,0.354,0.619,0.088,0.097,0.998,1.128,0.952,1.013,0.611,0.736,0.415,1.147,0.882,0.544,0.088,0.092,1.032,1.221,1.131,1.066,1.03,0.887,0.841,0.335,0.396,0.676,0.089,0.089,1.38,1.427,0.089,1.471,1.416,1.232,1.326,1.197,1.137,1.281,0.091,0.09,1.413,1.348,1.362,1.386,1.274,1.221,1.304,1.332,1.324,1.358,0.09,0.093,1.35,1.364,1.398,1.38,1.134,1.357,1.323,0.79,0.933,1.349,0.091,0.09,0.091,0.089,0.09,0.088,0.087,0.089,0.09,0.945,0.093,0.097,0.087
,21:59:16,38,0.093,0.088,0.088,0.087,0.089,0.09,0.089,0.089,0.089,0.102,0.088,0.089,0.09,0.927,0.75,0.081,0.892,1.154,0.547,0.929,0.654,0.355,0.621,0.088,0.097,0.998,1.128,0.954,1.013,0.611,0.736,0.416,1.146,0.883,0.544,0.088,0.092,1.033,1.22,1.131,1.066,1.031,0.888,0.841,0.334,0.394,0.676,0.088,0.089,1.379,1.427,0.088,1.471,1.415,1.23,1.326,1.197,1.133,1.28,0.091,0.09,1.411,1.346,1.362,1.386,1.273,1.22,1.302,1.33,1.322,1.357,0.09,0.093,1.349,1.363,1.397,1.379,1.133,1.355,1.322,0.787,0.931,1.348,0.091,0.09,0.091,0.089,0.09,0.088,0.087,0.089,0.09,0.945,0.093,0.097,0.088
,22:04:16,38,0.092,0.088,0.088,0.087,0.089,0.09,0.089,0.089,0.089,0.102,0.088,0.089,0.09,0.929,0.751,0.081,0.893,1.154,0.548,0.93,0.654,0.355,0.621,0.088,0.097,0.999,1.128,0.955,1.014,0.612,0.737,0.416,1.146,0.883,0.545,0.088,0.092,1.034,1.22,1.131,1.065,1.033,0.888,0.841,0.334,0.393,0.675,0.089,0.089,1.379,1.426,0.088,1.472,1.413,1.23,1.325,1.196,1.135,1.28,0.091,0.09,1.41,1.346,1.361,1.385,1.272,1.219,1.3,1.329,1.32,1.357,0.09,0.093,1.349,1.363,1.396,1.378,1.131,1.354,1.32,0.786,0.93,1.348,0.091,0.09,0.091,0.089,0.09,0.088,0.087,0.089,0.09,0.948,0.093,0.097,0.087
,,,,,,,,,,,,,,,,,,,,,,,,,,,,,,,,,,,,,,,,,,,,,,,,,,,,,,,,,,,,,,,,,,,,,,,,,,,,,,,,,,,,,,,,,,,,,,,,,,
Results,,,,,,,,,,,,,,,,,,,,,,,,,,,,,,,,,,,,,,,,,,,,,,,,,,,,,,,,,,,,,,,,,,,,,,,,,,,,,,,,,,,,,,,,,,,,,,,,,,
,,,,,,,,,,,,,,,,,,,,,,,,,,,,,,,,,,,,,,,,,,,,,,,,,,,,,,,,,,,,,,,,,,,,,,,,,,,,,,,,,,,,,,,,,,,,,,,,,,
,,1,2,3,4,5,6,7,8,9,10,11,12,,,,,,,,,,,,,,,,,,,,,,,,,,,,,,,,,,,,,,,,,,,,,,,,,,,,,,,,,,,,,,,,,,,,,,,,,,,,,,,,,,,,,
,A,-0.024,-0.028,0.022,-0.026,-0.024,-0.026,-0.034,0.022,-0.018,-0.038,-0.024,0.018,Max V [600],,,,,,,,,,,,,,,,,,,,,,,,,,,,,,,,,,,,,,,,,,,,,,,,,,,,,,,,,,,,,,,,,,,,,,,,,,,,,,,,,,,,
,,0.692,0.891,0.644,0.899,0.8,0.681,0.938,0.818,0.75,0.86,0.837,0.614,R-Squared [600],,,,,,,,,,,,,,,,,,,,,,,,,,,,,,,,,,,,,,,,,,,,,,,,,,,,,,,,,,,,,,,,,,,,,,,,,,,,,,,,,,,,
,,0:24:16,0:29:16,9:44:16,0:14:16,1:39:16,13:39:16,18:54:16,9:54:16,16:34:16,5:14:16,18:59:16,3:19:16,t at Max V [600],,,,,,,,,,,,,,,,,,,,,,,,,,,,,,,,,,,,,,,,,,,,,,,,,,,,,,,,,,,,,,,,,,,,,,,,,,,,,,,,,,,,
,,0:10:56,0:11:25,9:45:11,?????,1:22:36,13:47:44,18:53:41,10:02:27,16:29:49,4:47:57,18:35:56,3:38:09,Lagtime [600],,,,,,,,,,,,,,,,,,,,,,,,,,,,,,,,,,,,,,,,,,,,,,,,,,,,,,,,,,,,,,,,,,,,,,,,,,,,,,,,,,,,
,B,-0.024,1.204,1.408,-0.024,1.801,2.504,0.952,1.236,1.69,0.582,1.136,-0.026,Max V [600],,,,,,,,,,,,,,,,,,,,,,,,,,,,,,,,,,,,,,,,,,,,,,,,,,,,,,,,,,,,,,,,,,,,,,,,,,,,,,,,,,,,
,,0.837,0.999,1,0.692,1,1,0.999,0.997,0.999,0.996,0.998,0.549,R-Squared [600],,,,,,,,,,,,,,,,,,,,,,,,,,,,,,,,,,,,,,,,,,,,,,,,,,,,,,,,,,,,,,,,,,,,,,,,,,,,,,,,,,,,
,,16:54:16,10:59:16,4:24:16,0:14:16,3:59:16,3:09:16,4:34:16,5:39:16,3:24:16,5:34:16,3:54:16,18:54:16,t at Max V [600],,,,,,,,,,,,,,,,,,,,,,,,,,,,,,,,,,,,,,,,,,,,,,,,,,,,,,,,,,,,,,,,,,,,,,,,,,,,,,,,,,,,
,,16:26:46,5:32:12,2:25:47,?????,2:09:46,1:52:03,2:20:40,2:39:09,2:06:08,2:51:41,2:14:28,18:20:25,Lagtime [600],,,,,,,,,,,,,,,,,,,,,,,,,,,,,,,,,,,,,,,,,,,,,,,,,,,,,,,,,,,,,,,,,,,,,,,,,,,,,,,,,,,,
,C,-0.03,1.798,2.156,1.806,2.162,0.942,2.119,0.58,2.32,1.496,1.12,-0.02,Max V [600],,,,,,,,,,,,,,,,,,,,,,,,,,,,,,,,,,,,,,,,,,,,,,,,,,,,,,,,,,,,,,,,,,,,,,,,,,,,,,,,,,,,
,,0.731,0.999,1,1,0.999,0.999,1,1,1,1,1,0.439,R-Squared [600],,,,,,,,,,,,,,,,,,,,,,,,,,,,,,,,,,,,,,,,,,,,,,,,,,,,,,,,,,,,,,,,,,,,,,,,,,,,,,,,,,,,
,,0:14:16,4:24:16,3:14:16,3:09:16,2:54:16,14:04:16,3:44:16,5:04:16,3:04:16,5:24:16,4:09:16,0:14:16,t at Max V [600],,,,,,,,,,,,,,,,,,,,,,,,,,,,,,,,,,,,,,,,,,,,,,,,,,,,,,,,,,,,,,,,,,,,,,,,,,,,,,,,,,,,
,,?????,2:38:30,1:46:35,1:45:16,1:43:23,7:33:30,2:14:04,3:05:30,1:39:20,2:41:21,2:21:43,?????,Lagtime [600],,,,,,,,,,,,,,,,,,,,,,,,,,,,,,,,,,,,,,,,,,,,,,,,,,,,,,,,,,,,,,,,,,,,,,,,,,,,,,,,,,,,
,D,0.03,1.564,3.142,1.944,1.636,1.592,1.516,1.22,0.692,0.82,1.002,-0.024,Max V [600],,,,,,,,,,,,,,,,,,,,,,,,,,,,,,,,,,,,,,,,,,,,,,,,,,,,,,,,,,,,,,,,,,,,,,,,,,,,,,,,,,,,
,,0.84,1,1,1,1,0.999,0.998,1,0.998,0.993,0.998,0.621,R-Squared [600],,,,,,,,,,,,,,,,,,,,,,,,,,,,,,,,,,,,,,,,,,,,,,,,,,,,,,,,,,,,,,,,,,,,,,,,,,,,,,,,,,,,
,,21:09:16,5:49:16,3:04:16,3:14:16,8:19:16,5:04:16,4:34:16,5:49:16,4:39:16,16:54:16,9:09:16,0:14:16,t at Max V [600],,,,,,,,,,,,,,,,,,,,,,,,,,,,,,,,,,,,,,,,,,,,,,,,,,,,,,,,,,,,,,,,,,,,,,,,,,,,,,,,,,,,
,,21:29:56,2:24:13,1:43:47,1:39:05,3:35:10,2:14:54,2:27:09,3:18:43,2:26:05,12:18:16,4:11:30,?????,Lagtime [600],,,,,,,,,,,,,,,,,,,,,,,,,,,,,,,,,,,,,,,,,,,,,,,,,,,,,,,,,,,,,,,,,,,,,,,,,,,,,,,,,,,,
,E,0.026,3.146,5.842,0.028,5.958,4.628,5.81,5.36,7.094,6.484,6.352,-0.036,Max V [600],,,,,,,,,,,,,,,,,,,,,,,,,,,,,,,,,,,,,,,,,,,,,,,,,,,,,,,,,,,,,,,,,,,,,,,,,,,,,,,,,,,,
,,0.604,1,1,0.79,1,1,0.999,1,0.997,0.993,0.999,0.686,R-Squared [600],,,,,,,,,,,,,,,,,,,,,,,,,,,,,,,,,,,,,,,,,,,,,,,,,,,,,,,,,,,,,,,,,,,,,,,,,,,,,,,,,,,,
,,18:44:16,8:24:16,2:34:16,16:44:16,2:24:16,3:14:16,2:44:16,3:09:16,5:19:16,5:39:16,3:24:16,0:14:16,t at Max V [600],,,,,,,,,,,,,,,,,,,,,,,,,,,,,,,,,,,,,,,,,,,,,,,,,,,,,,,,,,,,,,,,,,,,,,,,,,,,,,,,,,,,
,,18:48:07,4:43:44,1:41:00,16:52:07,1:32:15,2:01:10,1:47:15,2:08:23,3:35:48,4:11:56,2:33:23,?????,Lagtime [600],,,,,,,,,,,,,,,,,,,,,,,,,,,,,,,,,,,,,,,,,,,,,,,,,,,,,,,,,,,,,,,,,,,,,,,,,,,,,,,,,,,,
,F,0.03,3.696,5.082,5.386,5.71,5.276,4.978,5.64,5.656,5.918,6.46,0.026,Max V [600],,,,,,,,,,,,,,,,,,,,,,,,,,,,,,,,,,,,,,,,,,,,,,,,,,,,,,,,,,,,,,,,,,,,,,,,,,,,,,,,,,,,
,,0.647,0.999,1,1,1,0.999,1,0.999,1,1,0.999,0.367,R-Squared [600],,,,,,,,,,,,,,,,,,,,,,,,,,,,,,,,,,,,,,,,,,,,,,,,,,,,,,,,,,,,,,,,,,,,,,,,,,,,,,,,,,,,
,,15:54:16,3:19:16,2:39:16,2:14:16,2:29:16,5:29:16,3:19:16,2:59:16,2:34:16,2:59:16,2:49:16,11:44:16,t at Max V [600],,,,,,,,,,,,,,,,,,,,,,,,,,,,,,,,,,,,,,,,,,,,,,,,,,,,,,,,,,,,,,,,,,,,,,,,,,,,,,,,,,,,
,,15:56:56,2:07:38,1:44:53,1:19:52,1:37:21,3:56:37,2:20:43,2:05:17,1:41:24,2:05:14,1:58:25,11:55:48,Lagtime [600],,,,,,,,,,,,,,,,,,,,,,,,,,,,,,,,,,,,,,,,,,,,,,,,,,,,,,,,,,,,,,,,,,,,,,,,,,,,,,,,,,,,
,G,-0.028,5.156,5.888,5.724,5.852,5.748,6.022,5.108,5.424,5.308,6.198,0.026,Max V [600],,,,,,,,,,,,,,,,,,,,,,,,,,,,,,,,,,,,,,,,,,,,,,,,,,,,,,,,,,,,,,,,,,,,,,,,,,,,,,,,,,,,
,,0.5,1,1,1,0.999,1,1,1,1,1,1,0.797,R-Squared [600],,,,,,,,,,,,,,,,,,,,,,,,,,,,,,,,,,,,,,,,,,,,,,,,,,,,,,,,,,,,,,,,,,,,,,,,,,,,,,,,,,,,
,,0:14:16,3:04:16,2:49:16,2:24:16,2:29:16,2:54:16,3:09:16,3:14:16,2:59:16,3:49:16,3:04:16,10:29:16,t at Max V [600],,,,,,,,,,,,,,,,,,,,,,,,,,,,,,,,,,,,,,,,,,,,,,,,,,,,,,,,,,,,,,,,,,,,,,,,,,,,,,,,,,,,
,,?????,2:06:53,1:56:56,1:32:11,1:36:44,2:01:21,2:16:36,2:12:04,2:02:12,2:45:41,2:12:25,10:46:58,Lagtime [600],,,,,,,,,,,,,,,,,,,,,,,,,,,,,,,,,,,,,,,,,,,,,,,,,,,,,,,,,,,,,,,,,,,,,,,,,,,,,,,,,,,,
,H,0.028,0.026,-0.024,-0.02,-0.022,0.026,-0.022,0.024,5.608,-0.036,-0.048,-0.022,Max V [600],,,,,,,,,,,,,,,,,,,,,,,,,,,,,,,,,,,,,,,,,,,,,,,,,,,,,,,,,,,,,,,,,,,,,,,,,,,,,,,,,,,,
,,0.731,0.813,0.973,0.781,0.818,0.845,0.796,0.632,0.992,0.786,0.862,0.796,R-Squared [600],,,,,,,,,,,,,,,,,,,,,,,,,,,,,,,,,,,,,,,,,,,,,,,,,,,,,,,,,,,,,,,,,,,,,,,,,,,,,,,,,,,,
,,10:54:16,13:24:16,12:34:16,19:34:16,21:19:16,3:24:16,14:49:16,11:44:16,8:34:16,1:39:16,0:14:16,13:39:16,t at Max V [600],,,,,,,,,,,,,,,,,,,,,,,,,,,,,,,,,,,,,,,,,,,,,,,,,,,,,,,,,,,,,,,,,,,,,,,,,,,,,,,,,,,,
,,11:16:25,13:31:11,12:16:46,19:38:16,21:32:00,3:28:07,15:09:16,11:55:56,7:34:40,1:35:23,?????,12:55:38,Lagtime [600],,,,,,,,,,,,,,,,,,,,,,,,,,,,,,,,,,,,,,,,,,,,,,,,,,,,,,,,,,,,,,,,,,,,,,,,,,,,,,,,,,,,
