Software Version,3.11.19,,,,,,,,,,,,,,,,,,,,,,,,,,,,,,,,,,,,,,,,,,,,,,,,,,,,,,,,,,,,,,,,,,,,,,,,,,,,,,,,,,,,,,,,,,,,,,,,,
,,,,,,,,,,,,,,,,,,,,,,,,,,,,,,,,,,,,,,,,,,,,,,,,,,,,,,,,,,,,,,,,,,,,,,,,,,,,,,,,,,,,,,,,,,,,,,,,,,
Experiment File Path:,C:\Users\Public\Documents\Experiments\Experiment1.xpt,,,,,,,,,,,,,,,,,,,,,,,,,,,,,,,,,,,,,,,,,,,,,,,,,,,,,,,,,,,,,,,,,,,,,,,,,,,,,,,,,,,,,,,,,,,,,,,,,
Protocol File Path:,C:\Users\aljelab\Documents\Plate Reader Data\Edward Liu\PROT\RIFRxT 36c.prt,,,,,,,,,,,,,,,,,,,,,,,,,,,,,,,,,,,,,,,,,,,,,,,,,,,,,,,,,,,,,,,,,,,,,,,,,,,,,,,,,,,,,,,,,,,,,,,,,
Plate Number,Plate 1,,,,,,,,,,,,,,,,,,,,,,,,,,,,,,,,,,,,,,,,,,,,,,,,,,,,,,,,,,,,,,,,,,,,,,,,,,,,,,,,,,,,,,,,,,,,,,,,,
Date,12/05/2026,,,,,,,,,,,,,,,,,,,,,,,,,,,,,,,,,,,,,,,,,,,,,,,,,,,,,,,,,,,,,,,,,,,,,,,,,,,,,,,,,,,,,,,,,,,,,,,,,
Time,10:42:25 AM,,,,,,,,,,,,,,,,,,,,,,,,,,,,,,,,,,,,,,,,,,,,,,,,,,,,,,,,,,,,,,,,,,,,,,,,,,,,,,,,,,,,,,,,,,,,,,,,,
Reader Type:,Epoch 2,,,,,,,,,,,,,,,,,,,,,,,,,,,,,,,,,,,,,,,,,,,,,,,,,,,,,,,,,,,,,,,,,,,,,,,,,,,,,,,,,,,,,,,,,,,,,,,,,
Reader Serial Number:,1411241A,,,,,,,,,,,,,,,,,,,,,,,,,,,,,,,,,,,,,,,,,,,,,,,,,,,,,,,,,,,,,,,,,,,,,,,,,,,,,,,,,,,,,,,,,,,,,,,,,
Reading Type,Reader,,,,,,,,,,,,,,,,,,,,,,,,,,,,,,,,,,,,,,,,,,,,,,,,,,,,,,,,,,,,,,,,,,,,,,,,,,,,,,,,,,,,,,,,,,,,,,,,,
,,,,,,,,,,,,,,,,,,,,,,,,,,,,,,,,,,,,,,,,,,,,,,,,,,,,,,,,,,,,,,,,,,,,,,,,,,,,,,,,,,,,,,,,,,,,,,,,,,
Procedure Details,,,,,,,,,,,,,,,,,,,,,,,,,,,,,,,,,,,,,,,,,,,,,,,,,,,,,,,,,,,,,,,,,,,,,,,,,,,,,,,,,,,,,,,,,,,,,,,,,,
Plate Type,96 WELL PLATE (Use plate lid),,,,,,,,,,,,,,,,,,,,,,,,,,,,,,,,,,,,,,,,,,,,,,,,,,,,,,,,,,,,,,,,,,,,,,,,,,,,,,,,,,,,,,,,,,,,,,,,,
Eject plate on completion,,,,,,,,,,,,,,,,,,,,,,,,,,,,,,,,,,,,,,,,,,,,,,,,,,,,,,,,,,,,,,,,,,,,,,,,,,,,,,,,,,,,,,,,,,,,,,,,,,
Set Temperature,"Setpoint 36°C, Gradient 0 °C",,,,,,,,,,,,,,,,,,,,,,,,,,,,,,,,,,,,,,,,,,,,,,,,,,,,,,,,,,,,,,,,,,,,,,,,,,,,,,,,,,,,,,,,,,,,,,,,,
,Preheat before moving to next step,,,,,,,,,,,,,,,,,,,,,,,,,,,,,,,,,,,,,,,,,,,,,,,,,,,,,,,,,,,,,,,,,,,,,,,,,,,,,,,,,,,,,,,,,,,,,,,,,
Start Kinetic,"Runtime 22:00:00 (HH:MM:SS), Interval 0:05:00, 265 Reads",,,,,,,,,,,,,,,,,,,,,,,,,,,,,,,,,,,,,,,,,,,,,,,,,,,,,,,,,,,,,,,,,,,,,,,,,,,,,,,,,,,,,,,,,,,,,,,,,
    Shake,Linear: Continuous,,,,,,,,,,,,,,,,,,,,,,,,,,,,,,,,,,,,,,,,,,,,,,,,,,,,,,,,,,,,,,,,,,,,,,,,,,,,,,,,,,,,,,,,,,,,,,,,,
,Frequency: 567 cpm (3 mm),,,,,,,,,,,,,,,,,,,,,,,,,,,,,,,,,,,,,,,,,,,,,,,,,,,,,,,,,,,,,,,,,,,,,,,,,,,,,,,,,,,,,,,,,,,,,,,,,
    Read,Absorbance Endpoint,,,,,,,,,,,,,,,,,,,,,,,,,,,,,,,,,,,,,,,,,,,,,,,,,,,,,,,,,,,,,,,,,,,,,,,,,,,,,,,,,,,,,,,,,,,,,,,,,
,Full Plate,,,,,,,,,,,,,,,,,,,,,,,,,,,,,,,,,,,,,,,,,,,,,,,,,,,,,,,,,,,,,,,,,,,,,,,,,,,,,,,,,,,,,,,,,,,,,,,,,
,Wavelengths:  600,,,,,,,,,,,,,,,,,,,,,,,,,,,,,,,,,,,,,,,,,,,,,,,,,,,,,,,,,,,,,,,,,,,,,,,,,,,,,,,,,,,,,,,,,,,,,,,,,
,"Read Speed: Normal,  Delay: 100 msec,  Measurements/Data Point: 8",,,,,,,,,,,,,,,,,,,,,,,,,,,,,,,,,,,,,,,,,,,,,,,,,,,,,,,,,,,,,,,,,,,,,,,,,,,,,,,,,,,,,,,,,,,,,,,,,
End Kinetic,,,,,,,,,,,,,,,,,,,,,,,,,,,,,,,,,,,,,,,,,,,,,,,,,,,,,,,,,,,,,,,,,,,,,,,,,,,,,,,,,,,,,,,,,,,,,,,,,,
,,,,,,,,,,,,,,,,,,,,,,,,,,,,,,,,,,,,,,,,,,,,,,,,,,,,,,,,,,,,,,,,,,,,,,,,,,,,,,,,,,,,,,,,,,,,,,,,,,
600,,,,,,,,,,,,,,,,,,,,,,,,,,,,,,,,,,,,,,,,,,,,,,,,,,,,,,,,,,,,,,,,,,,,,,,,,,,,,,,,,,,,,,,,,,,,,,,,,,
,,,,,,,,,,,,,,,,,,,,,,,,,,,,,,,,,,,,,,,,,,,,,,,,,,,,,,,,,,,,,,,,,,,,,,,,,,,,,,,,,,,,,,,,,,,,,,,,,,
,Time,T° 600,A1,A2,A3,A4,A5,A6,A7,A8,A9,A10,A11,A12,B1,B2,B3,B4,B5,B6,B7,B8,B9,B10,B11,B12,C1,C2,C3,C4,C5,C6,C7,C8,C9,C10,C11,C12,D1,D2,D3,D4,D5,D6,D7,D8,D9,D10,D11,D12,E1,E2,E3,E4,E5,E6,E7,E8,E9,E10,E11,E12,F1,F2,F3,F4,F5,F6,F7,F8,F9,F10,F11,F12,G1,G2,G3,G4,G5,G6,G7,G8,G9,G10,G11,G12,H1,H2,H3,H4,H5,H6,H7,H8,H9,H10,H11,H12
,0:04:16,36,0.091,0.088,0.087,0.088,0.089,0.089,0.09,0.089,0.089,0.088,0.088,0.089,0.09,0.105,0.101,0.111,0.107,0.106,0.163,0.113,0.088,0.107,0.09,0.089,0.092,0.1,0.091,0.107,0.089,0.104,0.126,0.097,0.112,0.09,0.111,0.091,0.09,0.141,0.113,0.099,0.087,0.119,0.103,0.1,0.086,0.093,0.089,0.09,0.091,0.098,0.095,0.1,0.113,0.097,0.105,0.096,0.093,0.114,0.098,0.089,0.088,0.103,0.107,0.098,0.097,0.124,0.093,0.091,0.121,0.104,0.1,0.09,0.089,0.098,0.106,0.098,0.088,0.097,0.099,0.098,0.099,0.104,0.094,0.091,0.088,0.088,0.09,0.09,0.087,0.088,0.087,0.089,0.087,0.087,0.089,0.093
,0:09:16,35.9,0.09,0.088,0.088,0.088,0.089,0.089,0.09,0.089,0.089,0.088,0.088,0.089,0.09,0.104,0.101,0.107,0.104,0.106,0.151,0.113,0.088,0.108,0.09,0.089,0.092,0.101,0.091,0.105,0.089,0.103,0.13,0.097,0.112,0.09,0.111,0.091,0.09,0.137,0.115,0.099,0.087,0.119,0.103,0.101,0.086,0.093,0.089,0.09,0.091,0.098,0.095,0.1,0.111,0.097,0.105,0.096,0.093,0.114,0.098,0.089,0.088,0.103,0.108,0.098,0.097,0.113,0.093,0.091,0.121,0.104,0.1,0.09,0.089,0.097,0.105,0.096,0.088,0.096,0.099,0.098,0.099,0.104,0.094,0.091,0.088,0.088,0.09,0.091,0.087,0.088,0.087,0.089,0.087,0.088,0.089,0.093
,0:14:16,36,0.09,0.088,0.087,0.088,0.089,0.088,0.09,0.089,0.089,0.088,0.088,0.089,0.089,0.103,0.1,0.107,0.103,0.106,0.152,0.113,0.088,0.108,0.09,0.089,0.092,0.101,0.091,0.105,0.088,0.103,0.13,0.097,0.112,0.09,0.111,0.091,0.09,0.126,0.117,0.1,0.086,0.121,0.103,0.101,0.086,0.093,0.09,0.09,0.091,0.098,0.094,0.1,0.109,0.097,0.106,0.096,0.093,0.115,0.098,0.089,0.088,0.104,0.108,0.098,0.096,0.113,0.092,0.091,0.121,0.104,0.1,0.09,0.088,0.096,0.106,0.096,0.088,0.097,0.099,0.099,0.099,0.104,0.094,0.09,0.088,0.088,0.089,0.09,0.087,0.088,0.087,0.089,0.087,0.087,0.089,0.093
,0:19:16,36,0.09,0.088,0.087,0.087,0.089,0.088,0.09,0.089,0.089,0.088,0.088,0.089,0.089,0.103,0.1,0.107,0.104,0.106,0.155,0.114,0.088,0.108,0.09,0.089,0.091,0.101,0.091,0.106,0.088,0.104,0.132,0.097,0.113,0.09,0.11,0.091,0.09,0.123,0.118,0.1,0.086,0.126,0.103,0.102,0.086,0.093,0.089,0.09,0.091,0.098,0.094,0.1,0.11,0.097,0.106,0.096,0.093,0.115,0.098,0.089,0.088,0.104,0.109,0.099,0.096,0.114,0.092,0.091,0.122,0.105,0.101,0.09,0.088,0.097,0.107,0.096,0.088,0.097,0.099,0.099,0.099,0.104,0.094,0.09,0.088,0.088,0.09,0.09,0.087,0.087,0.087,0.089,0.087,0.087,0.089,0.093
,0:24:16,36,0.09,0.088,0.087,0.087,0.089,0.088,0.09,0.089,0.089,0.088,0.087,0.089,0.089,0.103,0.101,0.108,0.105,0.107,0.156,0.116,0.088,0.11,0.09,0.089,0.091,0.101,0.091,0.107,0.089,0.105,0.134,0.098,0.114,0.09,0.111,0.091,0.09,0.123,0.118,0.101,0.086,0.126,0.104,0.104,0.086,0.093,0.089,0.089,0.091,0.098,0.095,0.101,0.111,0.097,0.107,0.096,0.093,0.117,0.099,0.089,0.088,0.105,0.11,0.099,0.097,0.116,0.093,0.092,0.124,0.106,0.101,0.09,0.088,0.098,0.108,0.096,0.088,0.098,0.1,0.1,0.1,0.104,0.094,0.091,0.088,0.088,0.09,0.091,0.087,0.088,0.087,0.089,0.087,0.087,0.089,0.093
,0:29:16,36,0.09,0.088,0.087,0.087,0.089,0.088,0.09,0.089,0.089,0.088,0.088,0.089,0.089,0.105,0.102,0.11,0.106,0.108,0.158,0.118,0.089,0.111,0.09,0.089,0.091,0.102,0.092,0.107,0.089,0.106,0.136,0.099,0.115,0.09,0.112,0.091,0.09,0.123,0.119,0.101,0.086,0.128,0.105,0.105,0.086,0.094,0.089,0.09,0.091,0.099,0.095,0.102,0.113,0.097,0.108,0.096,0.093,0.119,0.099,0.089,0.088,0.107,0.112,0.1,0.098,0.119,0.093,0.092,0.126,0.107,0.101,0.09,0.088,0.098,0.109,0.097,0.088,0.099,0.101,0.101,0.1,0.105,0.094,0.091,0.088,0.088,0.09,0.091,0.087,0.088,0.087,0.089,0.087,0.087,0.089,0.093
,0:34:16,36,0.09,0.088,0.087,0.087,0.088,0.088,0.089,0.089,0.089,0.088,0.087,0.089,0.089,0.106,0.102,0.111,0.107,0.11,0.161,0.12,0.088,0.111,0.09,0.088,0.091,0.103,0.092,0.108,0.089,0.107,0.138,0.099,0.116,0.09,0.112,0.091,0.09,0.124,0.121,0.102,0.086,0.129,0.105,0.106,0.086,0.094,0.089,0.089,0.09,0.099,0.095,0.103,0.114,0.097,0.109,0.096,0.093,0.12,0.099,0.089,0.088,0.108,0.114,0.1,0.098,0.122,0.093,0.092,0.127,0.108,0.101,0.09,0.088,0.099,0.111,0.097,0.088,0.099,0.101,0.102,0.1,0.106,0.094,0.09,0.088,0.088,0.089,0.09,0.087,0.088,0.087,0.089,0.087,0.087,0.089,0.093
,0:39:16,36,0.09,0.088,0.087,0.087,0.088,0.088,0.089,0.089,0.089,0.088,0.088,0.089,0.089,0.107,0.103,0.113,0.107,0.111,0.165,0.122,0.089,0.113,0.091,0.089,0.091,0.104,0.092,0.109,0.09,0.108,0.141,0.1,0.118,0.091,0.114,0.091,0.09,0.126,0.123,0.102,0.086,0.132,0.106,0.107,0.086,0.094,0.09,0.09,0.09,0.1,0.096,0.104,0.117,0.098,0.111,0.097,0.094,0.123,0.099,0.089,0.088,0.111,0.117,0.102,0.099,0.126,0.094,0.093,0.131,0.11,0.102,0.09,0.088,0.1,0.113,0.097,0.088,0.101,0.103,0.103,0.101,0.107,0.095,0.091,0.088,0.088,0.09,0.09,0.087,0.088,0.087,0.089,0.087,0.087,0.089,0.093
,0:44:16,36,0.09,0.088,0.087,0.087,0.088,0.088,0.09,0.089,0.089,0.088,0.088,0.089,0.089,0.108,0.104,0.114,0.109,0.112,0.169,0.123,0.089,0.114,0.091,0.089,0.091,0.107,0.093,0.11,0.09,0.11,0.144,0.101,0.119,0.091,0.115,0.091,0.09,0.127,0.125,0.103,0.086,0.136,0.107,0.108,0.087,0.095,0.09,0.089,0.09,0.101,0.097,0.105,0.12,0.098,0.112,0.097,0.094,0.126,0.1,0.089,0.088,0.113,0.119,0.103,0.099,0.13,0.094,0.093,0.134,0.112,0.102,0.09,0.088,0.101,0.115,0.097,0.088,0.102,0.104,0.104,0.102,0.108,0.095,0.09,0.088,0.087,0.09,0.091,0.087,0.088,0.087,0.089,0.087,0.087,0.089,0.093
,0:49:16,36,0.09,0.088,0.087,0.087,0.089,0.088,0.09,0.089,0.089,0.088,0.088,0.089,0.089,0.109,0.105,0.116,0.111,0.113,0.174,0.126,0.089,0.116,0.092,0.089,0.091,0.107,0.094,0.111,0.09,0.112,0.148,0.102,0.121,0.092,0.116,0.091,0.09,0.13,0.128,0.104,0.086,0.14,0.108,0.111,0.087,0.095,0.09,0.09,0.09,0.101,0.097,0.107,0.123,0.099,0.114,0.098,0.095,0.13,0.101,0.089,0.088,0.116,0.123,0.104,0.1,0.136,0.095,0.094,0.138,0.114,0.103,0.091,0.088,0.102,0.118,0.098,0.089,0.103,0.105,0.106,0.102,0.11,0.096,0.091,0.088,0.088,0.09,0.091,0.087,0.088,0.087,0.089,0.087,0.087,0.089,0.093
,0:54:16,36,0.09,0.088,0.087,0.087,0.088,0.088,0.09,0.089,0.089,0.088,0.087,0.089,0.089,0.11,0.106,0.118,0.113,0.114,0.181,0.129,0.09,0.117,0.092,0.088,0.091,0.108,0.095,0.111,0.09,0.114,0.152,0.102,0.123,0.092,0.116,0.091,0.09,0.132,0.13,0.104,0.086,0.144,0.109,0.113,0.087,0.095,0.09,0.09,0.09,0.102,0.098,0.109,0.127,0.1,0.116,0.099,0.095,0.135,0.101,0.089,0.088,0.12,0.127,0.106,0.101,0.142,0.096,0.095,0.142,0.117,0.104,0.09,0.088,0.104,0.122,0.098,0.088,0.105,0.107,0.108,0.103,0.112,0.096,0.09,0.088,0.088,0.09,0.091,0.087,0.088,0.087,0.089,0.087,0.087,0.089,0.093
,0:59:16,36.1,0.09,0.088,0.087,0.087,0.088,0.088,0.09,0.089,0.089,0.088,0.088,0.089,0.089,0.111,0.108,0.12,0.115,0.115,0.188,0.131,0.09,0.119,0.092,0.089,0.091,0.11,0.096,0.112,0.091,0.116,0.157,0.103,0.125,0.093,0.117,0.091,0.09,0.134,0.133,0.105,0.086,0.148,0.11,0.115,0.087,0.096,0.091,0.089,0.09,0.103,0.1,0.111,0.132,0.1,0.119,0.099,0.096,0.14,0.102,0.089,0.088,0.124,0.132,0.108,0.103,0.149,0.097,0.096,0.148,0.12,0.105,0.09,0.088,0.106,0.126,0.099,0.088,0.107,0.109,0.11,0.104,0.114,0.097,0.09,0.088,0.088,0.09,0.091,0.087,0.088,0.087,0.089,0.087,0.087,0.089,0.093
,1:04:16,36,0.09,0.088,0.087,0.087,0.088,0.088,0.089,0.089,0.089,0.088,0.087,0.089,0.089,0.112,0.11,0.122,0.117,0.115,0.196,0.134,0.09,0.121,0.093,0.089,0.091,0.111,0.097,0.114,0.091,0.118,0.162,0.104,0.127,0.094,0.118,0.091,0.09,0.138,0.136,0.106,0.086,0.152,0.112,0.118,0.087,0.096,0.091,0.089,0.09,0.104,0.101,0.114,0.137,0.101,0.122,0.1,0.097,0.146,0.103,0.089,0.088,0.128,0.136,0.11,0.104,0.157,0.098,0.097,0.154,0.124,0.106,0.09,0.088,0.108,0.13,0.099,0.088,0.109,0.111,0.113,0.106,0.117,0.098,0.09,0.088,0.087,0.09,0.09,0.087,0.088,0.087,0.089,0.087,0.087,0.089,0.093
,1:09:16,36,0.09,0.088,0.087,0.087,0.088,0.088,0.09,0.089,0.089,0.088,0.088,0.089,0.089,0.113,0.111,0.125,0.12,0.116,0.203,0.138,0.091,0.123,0.093,0.089,0.091,0.113,0.098,0.115,0.092,0.121,0.168,0.106,0.13,0.094,0.119,0.091,0.09,0.141,0.139,0.107,0.086,0.156,0.114,0.12,0.088,0.097,0.092,0.09,0.09,0.106,0.103,0.117,0.144,0.102,0.127,0.101,0.098,0.154,0.104,0.089,0.088,0.134,0.142,0.112,0.106,0.167,0.099,0.098,0.162,0.129,0.108,0.09,0.088,0.11,0.136,0.1,0.088,0.113,0.114,0.116,0.107,0.119,0.099,0.091,0.088,0.088,0.09,0.091,0.087,0.088,0.087,0.089,0.087,0.087,0.089,0.093
,1:14:16,36,0.09,0.088,0.087,0.087,0.088,0.088,0.089,0.089,0.089,0.088,0.088,0.089,0.089,0.114,0.114,0.128,0.123,0.117,0.211,0.141,0.091,0.126,0.094,0.088,0.091,0.115,0.099,0.116,0.092,0.123,0.174,0.107,0.132,0.095,0.121,0.091,0.09,0.143,0.143,0.108,0.086,0.161,0.115,0.123,0.088,0.098,0.092,0.089,0.09,0.107,0.105,0.122,0.152,0.103,0.131,0.102,0.099,0.162,0.105,0.089,0.088,0.14,0.149,0.115,0.108,0.179,0.101,0.099,0.171,0.135,0.109,0.09,0.088,0.113,0.142,0.1,0.088,0.116,0.118,0.12,0.109,0.123,0.1,0.09,0.088,0.087,0.09,0.091,0.087,0.088,0.087,0.089,0.087,0.087,0.089,0.093
,1:19:16,36,0.09,0.088,0.087,0.087,0.088,0.088,0.089,0.089,0.088,0.088,0.087,0.089,0.089,0.114,0.116,0.131,0.126,0.118,0.218,0.145,0.091,0.128,0.095,0.088,0.091,0.117,0.099,0.117,0.093,0.126,0.18,0.108,0.135,0.096,0.122,0.09,0.09,0.147,0.147,0.108,0.086,0.167,0.116,0.126,0.088,0.098,0.092,0.089,0.09,0.108,0.107,0.126,0.161,0.104,0.137,0.103,0.1,0.172,0.107,0.089,0.088,0.148,0.158,0.118,0.111,0.192,0.102,0.101,0.181,0.141,0.111,0.09,0.088,0.116,0.15,0.101,0.088,0.121,0.121,0.125,0.11,0.127,0.101,0.09,0.088,0.087,0.089,0.09,0.086,0.087,0.087,0.089,0.087,0.087,0.089,0.092
,1:24:16,36,0.09,0.088,0.087,0.087,0.088,0.088,0.09,0.089,0.089,0.088,0.087,0.089,0.089,0.116,0.118,0.134,0.129,0.12,0.227,0.15,0.092,0.131,0.096,0.089,0.091,0.12,0.101,0.118,0.093,0.13,0.187,0.109,0.139,0.097,0.124,0.091,0.09,0.151,0.152,0.109,0.086,0.174,0.118,0.13,0.089,0.099,0.094,0.089,0.09,0.11,0.11,0.132,0.172,0.106,0.144,0.105,0.102,0.183,0.108,0.089,0.088,0.157,0.168,0.122,0.115,0.208,0.105,0.103,0.193,0.149,0.113,0.09,0.088,0.12,0.16,0.102,0.088,0.126,0.126,0.13,0.113,0.133,0.103,0.091,0.088,0.088,0.09,0.09,0.087,0.087,0.087,0.089,0.087,0.087,0.089,0.093
,1:29:16,36,0.09,0.088,0.087,0.087,0.088,0.088,0.09,0.089,0.089,0.088,0.087,0.089,0.089,0.117,0.121,0.138,0.133,0.121,0.235,0.156,0.092,0.135,0.097,0.088,0.091,0.123,0.103,0.119,0.094,0.134,0.194,0.111,0.142,0.098,0.125,0.091,0.09,0.155,0.156,0.11,0.086,0.181,0.121,0.135,0.09,0.1,0.094,0.089,0.09,0.112,0.113,0.139,0.184,0.107,0.152,0.108,0.104,0.198,0.111,0.089,0.088,0.168,0.179,0.126,0.118,0.226,0.107,0.106,0.207,0.158,0.116,0.09,0.088,0.124,0.17,0.103,0.088,0.132,0.132,0.136,0.116,0.138,0.105,0.09,0.088,0.087,0.089,0.09,0.087,0.087,0.087,0.089,0.087,0.087,0.089,0.093
,1:34:16,36,0.09,0.088,0.087,0.087,0.088,0.088,0.09,0.089,0.089,0.088,0.087,0.089,0.089,0.118,0.124,0.141,0.137,0.123,0.245,0.162,0.093,0.138,0.098,0.088,0.091,0.126,0.104,0.121,0.095,0.138,0.202,0.113,0.146,0.099,0.127,0.091,0.09,0.159,0.161,0.111,0.086,0.189,0.123,0.14,0.09,0.101,0.095,0.089,0.09,0.115,0.118,0.147,0.201,0.109,0.162,0.11,0.107,0.215,0.113,0.089,0.088,0.18,0.191,0.131,0.123,0.232,0.111,0.109,0.224,0.169,0.12,0.09,0.088,0.13,0.183,0.104,0.088,0.139,0.139,0.145,0.119,0.146,0.108,0.09,0.088,0.088,0.09,0.09,0.087,0.088,0.087,0.089,0.087,0.087,0.089,0.092
,1:39:16,36,0.09,0.088,0.087,0.087,0.088,0.088,0.089,0.089,0.089,0.088,0.087,0.089,0.089,0.12,0.127,0.145,0.141,0.124,0.254,0.169,0.093,0.142,0.099,0.088,0.091,0.129,0.106,0.123,0.096,0.142,0.21,0.114,0.15,0.1,0.129,0.091,0.09,0.164,0.166,0.112,0.086,0.196,0.126,0.144,0.09,0.102,0.095,0.089,0.09,0.118,0.122,0.157,0.215,0.111,0.173,0.112,0.11,0.228,0.115,0.089,0.088,0.195,0.206,0.136,0.128,0.246,0.115,0.113,0.243,0.183,0.123,0.09,0.088,0.135,0.197,0.105,0.088,0.147,0.146,0.153,0.123,0.154,0.11,0.09,0.088,0.087,0.09,0.09,0.087,0.087,0.087,0.089,0.087,0.087,0.089,0.093
,1:44:16,36,0.09,0.088,0.087,0.087,0.089,0.088,0.089,0.089,0.089,0.088,0.088,0.089,0.089,0.121,0.131,0.149,0.146,0.126,0.266,0.176,0.094,0.146,0.101,0.088,0.091,0.132,0.108,0.124,0.097,0.146,0.219,0.117,0.155,0.102,0.131,0.091,0.09,0.169,0.172,0.113,0.086,0.203,0.129,0.149,0.091,0.103,0.097,0.089,0.09,0.121,0.128,0.168,0.22,0.114,0.187,0.115,0.113,0.236,0.118,0.089,0.088,0.21,0.22,0.142,0.134,0.269,0.12,0.117,0.253,0.198,0.128,0.09,0.088,0.141,0.211,0.106,0.088,0.157,0.155,0.164,0.127,0.164,0.114,0.09,0.088,0.088,0.09,0.09,0.087,0.088,0.087,0.089,0.087,0.087,0.089,0.093
,1:49:16,36,0.09,0.088,0.087,0.087,0.088,0.088,0.089,0.089,0.089,0.088,0.087,0.089,0.089,0.123,0.134,0.153,0.151,0.128,0.273,0.182,0.095,0.15,0.102,0.088,0.091,0.136,0.11,0.126,0.097,0.15,0.228,0.118,0.16,0.103,0.133,0.09,0.09,0.175,0.177,0.114,0.086,0.21,0.132,0.154,0.092,0.104,0.098,0.089,0.09,0.125,0.134,0.18,0.233,0.116,0.203,0.119,0.117,0.253,0.121,0.089,0.088,0.214,0.226,0.149,0.141,0.291,0.125,0.122,0.269,0.213,0.132,0.09,0.088,0.149,0.215,0.108,0.088,0.168,0.165,0.177,0.132,0.175,0.117,0.09,0.087,0.087,0.089,0.09,0.087,0.088,0.087,0.089,0.087,0.087,0.089,0.092
,1:54:16,36,0.09,0.088,0.087,0.087,0.088,0.088,0.089,0.089,0.089,0.088,0.087,0.089,0.089,0.124,0.138,0.157,0.156,0.13,0.281,0.19,0.095,0.152,0.103,0.088,0.091,0.139,0.113,0.128,0.098,0.155,0.236,0.121,0.165,0.104,0.136,0.091,0.09,0.181,0.18,0.115,0.086,0.218,0.135,0.16,0.092,0.105,0.099,0.089,0.09,0.129,0.142,0.194,0.256,0.119,0.211,0.123,0.121,0.276,0.125,0.089,0.088,0.228,0.24,0.157,0.149,0.311,0.132,0.128,0.291,0.217,0.138,0.09,0.088,0.157,0.231,0.109,0.088,0.182,0.176,0.191,0.137,0.188,0.122,0.09,0.087,0.087,0.09,0.09,0.087,0.087,0.087,0.089,0.087,0.087,0.089,0.092
,1:59:16,36.1,0.09,0.088,0.087,0.087,0.089,0.088,0.09,0.089,0.089,0.088,0.088,0.089,0.089,0.127,0.141,0.161,0.163,0.132,0.289,0.197,0.096,0.154,0.105,0.089,0.091,0.142,0.115,0.13,0.1,0.158,0.241,0.123,0.172,0.106,0.139,0.091,0.09,0.189,0.183,0.116,0.086,0.226,0.138,0.167,0.094,0.107,0.1,0.089,0.09,0.133,0.151,0.198,0.276,0.122,0.221,0.128,0.127,0.299,0.129,0.089,0.088,0.249,0.259,0.166,0.158,0.333,0.14,0.134,0.31,0.231,0.144,0.09,0.088,0.167,0.251,0.111,0.088,0.195,0.19,0.197,0.144,0.203,0.127,0.091,0.088,0.088,0.09,0.09,0.087,0.088,0.087,0.089,0.087,0.087,0.089,0.093
,2:04:16,36.1,0.09,0.088,0.087,0.087,0.088,0.088,0.09,0.089,0.089,0.088,0.087,0.089,0.089,0.128,0.143,0.164,0.169,0.134,0.298,0.205,0.097,0.156,0.107,0.089,0.091,0.146,0.117,0.132,0.101,0.161,0.245,0.126,0.178,0.108,0.141,0.091,0.09,0.195,0.186,0.117,0.086,0.231,0.141,0.173,0.094,0.108,0.102,0.089,0.09,0.138,0.162,0.21,0.293,0.126,0.239,0.134,0.133,0.321,0.134,0.089,0.088,0.271,0.278,0.175,0.17,0.356,0.149,0.142,0.331,0.252,0.152,0.09,0.088,0.177,0.271,0.112,0.088,0.201,0.206,0.206,0.151,0.214,0.133,0.091,0.088,0.087,0.09,0.09,0.087,0.087,0.087,0.089,0.087,0.087,0.089,0.093
,2:09:16,36,0.09,0.088,0.087,0.087,0.088,0.088,0.089,0.089,0.089,0.088,0.087,0.089,0.089,0.13,0.146,0.167,0.175,0.137,0.306,0.21,0.098,0.158,0.11,0.089,0.091,0.149,0.12,0.134,0.102,0.163,0.251,0.128,0.184,0.109,0.144,0.091,0.09,0.202,0.189,0.118,0.086,0.238,0.144,0.177,0.095,0.109,0.103,0.089,0.09,0.143,0.174,0.228,0.31,0.129,0.261,0.14,0.141,0.343,0.139,0.089,0.088,0.29,0.297,0.186,0.182,0.382,0.159,0.151,0.355,0.274,0.16,0.09,0.088,0.19,0.29,0.114,0.088,0.214,0.215,0.223,0.159,0.221,0.14,0.09,0.087,0.087,0.09,0.09,0.087,0.087,0.087,0.089,0.087,0.087,0.089,0.092
,2:14:16,36,0.09,0.088,0.087,0.087,0.088,0.088,0.089,0.089,0.089,0.088,0.087,0.089,0.089,0.132,0.149,0.171,0.179,0.139,0.315,0.214,0.098,0.161,0.112,0.089,0.091,0.152,0.121,0.136,0.103,0.166,0.259,0.131,0.187,0.109,0.147,0.091,0.09,0.209,0.191,0.119,0.086,0.242,0.147,0.182,0.097,0.11,0.105,0.089,0.09,0.15,0.186,0.247,0.332,0.134,0.282,0.148,0.15,0.367,0.146,0.089,0.088,0.312,0.318,0.199,0.195,0.409,0.172,0.161,0.381,0.296,0.17,0.09,0.088,0.2,0.31,0.116,0.088,0.235,0.223,0.244,0.168,0.237,0.148,0.09,0.088,0.088,0.089,0.09,0.087,0.087,0.087,0.089,0.087,0.087,0.089,0.093
,2:19:16,36.1,0.09,0.088,0.087,0.087,0.088,0.088,0.09,0.089,0.089,0.088,0.088,0.089,0.089,0.134,0.153,0.173,0.182,0.141,0.322,0.217,0.099,0.164,0.115,0.089,0.091,0.154,0.122,0.138,0.104,0.169,0.267,0.133,0.191,0.111,0.151,0.091,0.09,0.216,0.194,0.121,0.086,0.245,0.151,0.186,0.098,0.112,0.106,0.09,0.09,0.157,0.192,0.268,0.357,0.139,0.305,0.156,0.16,0.394,0.153,0.089,0.088,0.336,0.342,0.205,0.207,0.441,0.182,0.173,0.406,0.317,0.18,0.09,0.088,0.207,0.332,0.119,0.088,0.256,0.24,0.265,0.178,0.257,0.158,0.09,0.088,0.087,0.09,0.09,0.087,0.087,0.087,0.089,0.087,0.087,0.089,0.093
,2:24:16,36,0.09,0.088,0.087,0.087,0.089,0.088,0.089,0.089,0.089,0.088,0.087,0.089,0.089,0.136,0.156,0.176,0.187,0.144,0.328,0.222,0.1,0.166,0.118,0.089,0.091,0.156,0.124,0.139,0.106,0.172,0.275,0.135,0.195,0.113,0.155,0.091,0.09,0.224,0.198,0.122,0.086,0.251,0.155,0.189,0.099,0.113,0.107,0.089,0.09,0.164,0.206,0.289,0.381,0.144,0.326,0.165,0.171,0.42,0.161,0.089,0.088,0.359,0.364,0.209,0.221,0.471,0.186,0.184,0.433,0.34,0.193,0.09,0.088,0.221,0.354,0.121,0.088,0.277,0.26,0.286,0.189,0.279,0.17,0.09,0.088,0.088,0.09,0.09,0.087,0.088,0.087,0.089,0.087,0.087,0.089,0.093
,2:29:16,36,0.09,0.088,0.087,0.087,0.088,0.088,0.09,0.089,0.089,0.088,0.088,0.089,0.089,0.138,0.16,0.179,0.193,0.147,0.337,0.228,0.101,0.169,0.12,0.089,0.091,0.158,0.126,0.141,0.107,0.176,0.284,0.137,0.2,0.114,0.158,0.091,0.09,0.231,0.202,0.123,0.086,0.256,0.158,0.193,0.1,0.115,0.109,0.09,0.09,0.172,0.222,0.31,0.409,0.151,0.352,0.176,0.184,0.45,0.169,0.089,0.088,0.385,0.389,0.222,0.239,0.499,0.198,0.189,0.462,0.368,0.206,0.09,0.088,0.237,0.375,0.124,0.088,0.301,0.279,0.305,0.202,0.3,0.181,0.091,0.088,0.088,0.09,0.09,0.087,0.087,0.087,0.089,0.087,0.087,0.089,0.093
,2:34:16,36,0.09,0.088,0.087,0.087,0.088,0.088,0.089,0.089,0.089,0.088,0.087,0.089,0.089,0.141,0.164,0.183,0.199,0.15,0.348,0.233,0.102,0.172,0.123,0.089,0.091,0.161,0.128,0.142,0.109,0.179,0.293,0.139,0.205,0.116,0.162,0.091,0.09,0.237,0.205,0.125,0.086,0.263,0.161,0.198,0.101,0.117,0.111,0.089,0.09,0.181,0.24,0.335,0.437,0.156,0.379,0.186,0.195,0.479,0.179,0.089,0.088,0.412,0.415,0.235,0.258,0.525,0.216,0.201,0.49,0.394,0.22,0.09,0.088,0.256,0.399,0.127,0.088,0.324,0.3,0.329,0.213,0.323,0.186,0.09,0.088,0.088,0.09,0.09,0.087,0.087,0.087,0.089,0.087,0.087,0.089,0.092
,2:39:16,36.1,0.09,0.088,0.087,0.087,0.088,0.088,0.09,0.089,0.089,0.088,0.088,0.089,0.089,0.143,0.169,0.187,0.205,0.152,0.359,0.24,0.103,0.173,0.126,0.088,0.091,0.165,0.13,0.144,0.11,0.183,0.303,0.141,0.21,0.117,0.167,0.091,0.09,0.242,0.21,0.126,0.086,0.269,0.165,0.204,0.102,0.119,0.112,0.089,0.09,0.191,0.26,0.362,0.466,0.163,0.406,0.194,0.203,0.507,0.188,0.089,0.088,0.441,0.441,0.252,0.276,0.549,0.236,0.216,0.516,0.424,0.234,0.09,0.088,0.275,0.423,0.13,0.088,0.352,0.324,0.355,0.228,0.348,0.193,0.091,0.088,0.087,0.09,0.09,0.087,0.088,0.087,0.089,0.087,0.087,0.089,0.093
,2:44:16,36.1,0.09,0.088,0.087,0.087,0.088,0.088,0.089,0.089,0.088,0.088,0.087,0.089,0.089,0.146,0.174,0.192,0.212,0.155,0.369,0.247,0.104,0.175,0.128,0.089,0.091,0.167,0.132,0.145,0.111,0.187,0.313,0.142,0.216,0.119,0.17,0.091,0.09,0.245,0.214,0.128,0.086,0.276,0.168,0.209,0.104,0.12,0.114,0.089,0.09,0.202,0.281,0.389,0.492,0.172,0.434,0.206,0.219,0.534,0.193,0.089,0.088,0.468,0.468,0.272,0.295,0.573,0.255,0.233,0.541,0.455,0.252,0.09,0.088,0.295,0.446,0.133,0.088,0.379,0.35,0.381,0.243,0.376,0.205,0.091,0.088,0.087,0.089,0.09,0.087,0.087,0.087,0.089,0.087,0.087,0.089,0.092
,2:49:16,36,0.09,0.088,0.087,0.087,0.088,0.088,0.089,0.089,0.089,0.088,0.087,0.089,0.089,0.148,0.178,0.196,0.219,0.158,0.381,0.254,0.105,0.178,0.132,0.088,0.091,0.171,0.134,0.147,0.112,0.192,0.325,0.143,0.222,0.121,0.173,0.091,0.09,0.251,0.218,0.129,0.086,0.282,0.17,0.215,0.105,0.121,0.116,0.089,0.09,0.213,0.304,0.416,0.515,0.18,0.464,0.22,0.236,0.56,0.201,0.089,0.088,0.493,0.493,0.291,0.316,0.596,0.276,0.251,0.565,0.487,0.269,0.09,0.088,0.317,0.468,0.137,0.088,0.406,0.376,0.411,0.259,0.402,0.224,0.09,0.087,0.087,0.09,0.09,0.087,0.087,0.087,0.089,0.087,0.087,0.089,0.092
,2:54:16,36.1,0.09,0.088,0.087,0.087,0.088,0.088,0.089,0.089,0.089,0.088,0.087,0.089,0.089,0.149,0.184,0.201,0.228,0.16,0.393,0.263,0.106,0.181,0.136,0.088,0.091,0.174,0.136,0.148,0.113,0.197,0.335,0.145,0.229,0.123,0.176,0.091,0.09,0.258,0.223,0.131,0.086,0.29,0.173,0.223,0.107,0.122,0.118,0.089,0.09,0.224,0.329,0.445,0.539,0.19,0.492,0.238,0.255,0.583,0.213,0.089,0.088,0.517,0.517,0.312,0.341,0.621,0.298,0.272,0.59,0.518,0.286,0.09,0.088,0.343,0.486,0.141,0.088,0.436,0.402,0.442,0.275,0.431,0.244,0.091,0.088,0.087,0.09,0.09,0.087,0.087,0.087,0.089,0.087,0.087,0.089,0.092
,2:59:16,36.1,0.09,0.088,0.087,0.087,0.088,0.088,0.089,0.089,0.089,0.088,0.087,0.089,0.089,0.152,0.189,0.205,0.235,0.163,0.405,0.271,0.107,0.184,0.14,0.088,0.091,0.178,0.139,0.15,0.115,0.201,0.344,0.147,0.235,0.126,0.179,0.091,0.09,0.264,0.228,0.133,0.086,0.298,0.176,0.23,0.109,0.124,0.119,0.089,0.09,0.235,0.355,0.475,0.561,0.202,0.518,0.257,0.275,0.607,0.227,0.089,0.088,0.539,0.539,0.334,0.364,0.644,0.323,0.292,0.614,0.546,0.303,0.09,0.088,0.368,0.503,0.145,0.088,0.468,0.431,0.474,0.293,0.462,0.264,0.09,0.087,0.087,0.09,0.09,0.087,0.087,0.087,0.089,0.087,0.087,0.089,0.092
,3:04:16,36.1,0.09,0.088,0.087,0.087,0.088,0.088,0.089,0.089,0.089,0.088,0.087,0.089,0.089,0.155,0.194,0.21,0.243,0.166,0.419,0.281,0.108,0.187,0.144,0.088,0.091,0.181,0.142,0.152,0.117,0.206,0.357,0.149,0.242,0.127,0.181,0.091,0.09,0.271,0.233,0.134,0.086,0.306,0.18,0.236,0.11,0.125,0.121,0.089,0.09,0.25,0.38,0.502,0.582,0.209,0.543,0.276,0.295,0.629,0.241,0.089,0.088,0.56,0.561,0.357,0.39,0.665,0.35,0.314,0.637,0.571,0.322,0.09,0.088,0.392,0.521,0.15,0.088,0.497,0.46,0.504,0.311,0.494,0.283,0.09,0.087,0.087,0.09,0.09,0.087,0.087,0.087,0.089,0.087,0.087,0.089,0.093
,3:09:16,36.1,0.09,0.088,0.087,0.087,0.088,0.088,0.089,0.089,0.089,0.088,0.087,0.089,0.089,0.157,0.201,0.215,0.252,0.169,0.431,0.289,0.109,0.19,0.148,0.088,0.091,0.185,0.144,0.153,0.119,0.211,0.372,0.151,0.249,0.13,0.184,0.091,0.09,0.278,0.238,0.136,0.086,0.314,0.183,0.244,0.112,0.127,0.123,0.089,0.09,0.264,0.408,0.525,0.602,0.219,0.565,0.297,0.318,0.651,0.256,0.089,0.088,0.583,0.582,0.38,0.418,0.687,0.376,0.338,0.659,0.595,0.344,0.09,0.088,0.418,0.538,0.154,0.088,0.527,0.489,0.532,0.33,0.525,0.302,0.09,0.088,0.087,0.09,0.09,0.087,0.087,0.087,0.089,0.087,0.087,0.089,0.093
,3:14:16,36,0.09,0.088,0.087,0.087,0.088,0.088,0.089,0.089,0.089,0.088,0.088,0.089,0.089,0.16,0.208,0.221,0.263,0.171,0.443,0.299,0.11,0.194,0.151,0.089,0.091,0.189,0.147,0.155,0.121,0.218,0.387,0.154,0.256,0.133,0.188,0.091,0.09,0.285,0.244,0.137,0.086,0.322,0.186,0.254,0.114,0.129,0.126,0.089,0.09,0.278,0.436,0.548,0.624,0.23,0.586,0.319,0.344,0.67,0.271,0.089,0.088,0.604,0.603,0.404,0.448,0.708,0.404,0.361,0.678,0.619,0.368,0.09,0.088,0.444,0.554,0.159,0.088,0.553,0.516,0.559,0.352,0.555,0.327,0.09,0.088,0.087,0.09,0.09,0.087,0.087,0.087,0.089,0.087,0.087,0.089,0.093
,3:19:16,36.1,0.09,0.088,0.087,0.087,0.089,0.088,0.09,0.089,0.089,0.088,0.088,0.089,0.089,0.163,0.215,0.228,0.274,0.173,0.459,0.31,0.111,0.198,0.155,0.089,0.091,0.193,0.15,0.157,0.122,0.224,0.401,0.156,0.264,0.136,0.193,0.091,0.09,0.293,0.25,0.138,0.086,0.332,0.19,0.264,0.116,0.131,0.129,0.09,0.09,0.293,0.464,0.572,0.645,0.238,0.607,0.345,0.372,0.69,0.288,0.089,0.088,0.621,0.623,0.429,0.478,0.729,0.433,0.385,0.7,0.643,0.391,0.09,0.088,0.47,0.569,0.164,0.088,0.578,0.543,0.585,0.372,0.585,0.353,0.09,0.088,0.088,0.09,0.09,0.087,0.087,0.087,0.089,0.087,0.087,0.089,0.093
,3:24:16,36,0.09,0.088,0.087,0.087,0.088,0.088,0.089,0.089,0.089,0.088,0.088,0.089,0.089,0.167,0.221,0.235,0.285,0.176,0.475,0.322,0.112,0.202,0.16,0.089,0.091,0.198,0.154,0.158,0.124,0.231,0.414,0.158,0.273,0.139,0.196,0.091,0.09,0.301,0.256,0.14,0.086,0.343,0.194,0.274,0.117,0.132,0.132,0.089,0.09,0.308,0.489,0.595,0.664,0.258,0.628,0.372,0.401,0.708,0.309,0.089,0.088,0.639,0.641,0.456,0.502,0.75,0.464,0.412,0.718,0.666,0.415,0.09,0.088,0.494,0.583,0.17,0.088,0.601,0.57,0.608,0.394,0.613,0.379,0.09,0.088,0.087,0.09,0.09,0.087,0.087,0.087,0.089,0.087,0.087,0.089,0.093
,3:29:16,36,0.09,0.088,0.087,0.087,0.088,0.088,0.089,0.089,0.089,0.088,0.087,0.089,0.089,0.17,0.225,0.241,0.295,0.179,0.489,0.333,0.114,0.205,0.165,0.088,0.091,0.203,0.158,0.16,0.126,0.237,0.427,0.161,0.281,0.142,0.2,0.091,0.09,0.308,0.261,0.142,0.086,0.353,0.199,0.284,0.12,0.134,0.135,0.089,0.09,0.324,0.512,0.615,0.684,0.272,0.647,0.397,0.431,0.726,0.331,0.089,0.088,0.656,0.659,0.481,0.526,0.769,0.494,0.438,0.736,0.686,0.442,0.09,0.088,0.519,0.594,0.176,0.088,0.623,0.592,0.631,0.418,0.638,0.408,0.09,0.088,0.087,0.089,0.09,0.087,0.087,0.087,0.089,0.087,0.087,0.089,0.092
,3:34:16,36,0.09,0.088,0.087,0.087,0.088,0.088,0.089,0.089,0.089,0.088,0.088,0.089,0.089,0.173,0.228,0.248,0.302,0.181,0.504,0.344,0.115,0.21,0.17,0.088,0.091,0.208,0.161,0.161,0.129,0.243,0.435,0.163,0.289,0.144,0.205,0.091,0.09,0.317,0.267,0.143,0.086,0.363,0.203,0.292,0.122,0.136,0.139,0.09,0.09,0.342,0.535,0.636,0.704,0.288,0.665,0.424,0.467,0.744,0.354,0.089,0.088,0.674,0.678,0.503,0.55,0.784,0.521,0.461,0.754,0.708,0.469,0.09,0.088,0.542,0.607,0.181,0.088,0.644,0.617,0.654,0.442,0.664,0.44,0.09,0.088,0.087,0.09,0.09,0.087,0.087,0.087,0.089,0.087,0.087,0.089,0.092
,3:39:16,36,0.09,0.088,0.087,0.087,0.089,0.088,0.089,0.089,0.089,0.088,0.088,0.089,0.089,0.177,0.23,0.255,0.309,0.184,0.52,0.355,0.117,0.214,0.175,0.088,0.091,0.213,0.165,0.163,0.131,0.249,0.441,0.166,0.298,0.146,0.21,0.091,0.09,0.327,0.273,0.145,0.086,0.373,0.208,0.296,0.125,0.138,0.143,0.089,0.09,0.359,0.557,0.656,0.721,0.309,0.683,0.455,0.497,0.758,0.381,0.089,0.088,0.69,0.696,0.528,0.573,0.796,0.546,0.485,0.771,0.731,0.497,0.09,0.088,0.565,0.622,0.187,0.088,0.666,0.639,0.675,0.469,0.688,0.474,0.09,0.088,0.087,0.09,0.091,0.087,0.087,0.087,0.089,0.087,0.087,0.089,0.093
,3:44:16,36.1,0.09,0.088,0.087,0.087,0.088,0.088,0.089,0.089,0.089,0.088,0.087,0.089,0.089,0.181,0.232,0.26,0.316,0.187,0.534,0.365,0.117,0.219,0.18,0.088,0.091,0.219,0.169,0.165,0.133,0.252,0.445,0.169,0.306,0.148,0.215,0.091,0.09,0.336,0.278,0.147,0.086,0.384,0.212,0.299,0.127,0.14,0.147,0.089,0.09,0.376,0.577,0.677,0.738,0.325,0.699,0.486,0.523,0.767,0.407,0.089,0.088,0.707,0.715,0.547,0.595,0.804,0.568,0.504,0.787,0.753,0.523,0.09,0.088,0.587,0.631,0.195,0.088,0.683,0.658,0.695,0.493,0.709,0.507,0.09,0.087,0.088,0.089,0.09,0.087,0.087,0.087,0.089,0.087,0.087,0.089,0.092
,3:49:16,36.1,0.09,0.088,0.087,0.087,0.088,0.088,0.089,0.089,0.089,0.088,0.087,0.089,0.089,0.184,0.234,0.263,0.326,0.19,0.55,0.375,0.119,0.225,0.185,0.089,0.091,0.224,0.172,0.166,0.135,0.255,0.449,0.172,0.314,0.15,0.22,0.091,0.09,0.346,0.284,0.148,0.086,0.394,0.218,0.303,0.13,0.143,0.151,0.089,0.09,0.394,0.597,0.698,0.754,0.345,0.715,0.513,0.549,0.777,0.433,0.089,0.088,0.723,0.731,0.568,0.617,0.813,0.59,0.524,0.8,0.769,0.548,0.09,0.088,0.608,0.64,0.203,0.088,0.702,0.677,0.716,0.518,0.727,0.538,0.09,0.088,0.088,0.09,0.09,0.087,0.087,0.087,0.089,0.087,0.087,0.089,0.093
,3:54:16,36,0.09,0.088,0.087,0.087,0.088,0.088,0.089,0.089,0.089,0.088,0.088,0.089,0.089,0.189,0.236,0.266,0.336,0.193,0.564,0.383,0.121,0.231,0.191,0.088,0.091,0.229,0.176,0.168,0.136,0.258,0.453,0.175,0.322,0.153,0.225,0.091,0.09,0.356,0.288,0.15,0.086,0.404,0.224,0.306,0.131,0.145,0.155,0.089,0.09,0.413,0.615,0.718,0.767,0.361,0.731,0.538,0.574,0.786,0.459,0.089,0.088,0.737,0.748,0.586,0.639,0.825,0.611,0.543,0.808,0.783,0.573,0.09,0.088,0.628,0.638,0.21,0.088,0.72,0.696,0.734,0.543,0.741,0.569,0.09,0.088,0.087,0.09,0.09,0.087,0.087,0.087,0.089,0.087,0.087,0.089,0.092
,3:59:16,36.1,0.09,0.088,0.087,0.087,0.088,0.088,0.089,0.089,0.089,0.088,0.087,0.089,0.089,0.192,0.239,0.269,0.347,0.196,0.573,0.388,0.123,0.236,0.196,0.088,0.091,0.233,0.179,0.168,0.137,0.26,0.458,0.177,0.327,0.156,0.23,0.091,0.09,0.366,0.29,0.152,0.086,0.412,0.229,0.31,0.133,0.148,0.16,0.089,0.09,0.431,0.634,0.736,0.78,0.379,0.746,0.561,0.598,0.796,0.487,0.089,0.088,0.749,0.76,0.604,0.66,0.837,0.633,0.559,0.817,0.795,0.597,0.09,0.088,0.648,0.639,0.218,0.088,0.733,0.71,0.748,0.566,0.756,0.597,0.09,0.087,0.087,0.09,0.09,0.087,0.087,0.087,0.089,0.087,0.087,0.089,0.092
,4:04:16,36,0.09,0.088,0.087,0.087,0.088,0.088,0.089,0.089,0.089,0.088,0.087,0.089,0.089,0.197,0.241,0.271,0.358,0.198,0.58,0.393,0.124,0.242,0.202,0.088,0.091,0.236,0.181,0.169,0.138,0.262,0.463,0.18,0.332,0.159,0.235,0.091,0.09,0.376,0.292,0.154,0.086,0.416,0.235,0.314,0.136,0.15,0.164,0.089,0.09,0.45,0.651,0.748,0.789,0.398,0.757,0.583,0.623,0.804,0.511,0.089,0.088,0.757,0.766,0.621,0.679,0.848,0.652,0.575,0.826,0.807,0.62,0.09,0.088,0.665,0.639,0.227,0.088,0.745,0.722,0.761,0.589,0.77,0.618,0.09,0.088,0.087,0.09,0.09,0.087,0.087,0.087,0.089,0.087,0.087,0.089,0.093
,4:09:16,36,0.09,0.088,0.087,0.087,0.088,0.088,0.089,0.089,0.089,0.088,0.088,0.089,0.089,0.201,0.245,0.275,0.369,0.2,0.586,0.398,0.126,0.248,0.208,0.089,0.091,0.237,0.183,0.171,0.139,0.264,0.469,0.183,0.335,0.163,0.239,0.091,0.09,0.385,0.295,0.157,0.086,0.42,0.24,0.32,0.138,0.153,0.169,0.089,0.09,0.469,0.668,0.76,0.797,0.416,0.763,0.604,0.646,0.813,0.53,0.089,0.088,0.764,0.772,0.634,0.697,0.859,0.671,0.588,0.835,0.82,0.642,0.09,0.088,0.682,0.638,0.236,0.088,0.756,0.732,0.774,0.611,0.783,0.643,0.09,0.088,0.088,0.089,0.09,0.087,0.087,0.087,0.089,0.087,0.087,0.089,0.093
,4:14:16,36,0.09,0.088,0.087,0.087,0.088,0.088,0.089,0.089,0.088,0.088,0.087,0.089,0.089,0.205,0.248,0.279,0.38,0.202,0.593,0.403,0.128,0.254,0.215,0.088,0.091,0.239,0.185,0.173,0.139,0.266,0.475,0.185,0.338,0.167,0.244,0.091,0.09,0.396,0.298,0.159,0.086,0.423,0.246,0.326,0.14,0.155,0.175,0.089,0.09,0.487,0.686,0.774,0.807,0.434,0.771,0.626,0.67,0.821,0.552,0.089,0.088,0.768,0.778,0.647,0.715,0.871,0.69,0.6,0.844,0.831,0.663,0.09,0.088,0.698,0.632,0.246,0.088,0.768,0.743,0.788,0.633,0.796,0.666,0.09,0.087,0.087,0.089,0.09,0.087,0.087,0.087,0.089,0.087,0.087,0.089,0.092
,4:19:16,36,0.09,0.088,0.087,0.087,0.088,0.088,0.089,0.089,0.089,0.088,0.087,0.089,0.089,0.21,0.253,0.286,0.39,0.205,0.601,0.408,0.129,0.26,0.221,0.089,0.091,0.241,0.186,0.174,0.14,0.269,0.484,0.188,0.341,0.17,0.251,0.091,0.09,0.408,0.301,0.162,0.086,0.427,0.253,0.335,0.144,0.159,0.18,0.089,0.09,0.507,0.702,0.786,0.817,0.452,0.779,0.646,0.692,0.831,0.572,0.089,0.088,0.771,0.785,0.657,0.732,0.882,0.709,0.61,0.853,0.843,0.683,0.09,0.088,0.714,0.628,0.256,0.088,0.778,0.752,0.803,0.654,0.807,0.688,0.09,0.088,0.087,0.09,0.09,0.087,0.087,0.087,0.089,0.087,0.087,0.089,0.093
,4:24:16,36.1,0.09,0.088,0.087,0.087,0.088,0.088,0.09,0.089,0.089,0.088,0.088,0.089,0.089,0.215,0.26,0.292,0.399,0.209,0.61,0.414,0.131,0.266,0.228,0.089,0.091,0.243,0.188,0.176,0.141,0.273,0.495,0.19,0.347,0.174,0.257,0.091,0.09,0.418,0.306,0.164,0.086,0.433,0.258,0.346,0.146,0.161,0.186,0.089,0.09,0.526,0.717,0.799,0.827,0.47,0.789,0.663,0.713,0.84,0.591,0.089,0.088,0.78,0.792,0.67,0.749,0.893,0.721,0.622,0.861,0.854,0.702,0.09,0.088,0.728,0.622,0.267,0.088,0.789,0.762,0.817,0.674,0.818,0.708,0.09,0.088,0.087,0.09,0.09,0.087,0.087,0.087,0.089,0.087,0.087,0.089,0.093
,4:29:16,36,0.09,0.088,0.087,0.087,0.088,0.088,0.09,0.089,0.089,0.088,0.088,0.089,0.089,0.219,0.266,0.299,0.409,0.213,0.62,0.42,0.131,0.271,0.235,0.088,0.091,0.245,0.19,0.177,0.142,0.276,0.507,0.193,0.35,0.178,0.263,0.091,0.09,0.424,0.31,0.166,0.086,0.438,0.264,0.357,0.149,0.163,0.191,0.089,0.09,0.543,0.726,0.81,0.838,0.492,0.799,0.681,0.732,0.849,0.609,0.089,0.088,0.786,0.799,0.682,0.763,0.905,0.729,0.628,0.869,0.867,0.72,0.09,0.088,0.74,0.616,0.278,0.088,0.796,0.772,0.828,0.691,0.828,0.723,0.09,0.088,0.088,0.09,0.09,0.087,0.087,0.087,0.089,0.087,0.087,0.089,0.093
,4:34:16,36,0.09,0.088,0.087,0.087,0.088,0.088,0.089,0.089,0.089,0.088,0.088,0.089,0.089,0.225,0.273,0.306,0.419,0.216,0.633,0.428,0.132,0.275,0.242,0.089,0.091,0.247,0.192,0.179,0.143,0.28,0.519,0.193,0.353,0.182,0.27,0.091,0.09,0.43,0.314,0.169,0.086,0.445,0.269,0.369,0.152,0.165,0.197,0.089,0.09,0.561,0.734,0.821,0.847,0.516,0.81,0.698,0.751,0.859,0.629,0.089,0.088,0.791,0.808,0.692,0.775,0.917,0.739,0.635,0.878,0.88,0.739,0.09,0.088,0.75,0.61,0.288,0.088,0.806,0.782,0.839,0.711,0.838,0.736,0.09,0.088,0.088,0.09,0.09,0.087,0.087,0.087,0.089,0.087,0.087,0.089,0.093
,4:39:16,36.1,0.09,0.088,0.087,0.087,0.089,0.088,0.09,0.089,0.089,0.088,0.087,0.089,0.089,0.23,0.281,0.315,0.429,0.22,0.644,0.436,0.133,0.277,0.248,0.089,0.091,0.25,0.194,0.181,0.143,0.285,0.532,0.193,0.359,0.186,0.275,0.09,0.09,0.434,0.32,0.171,0.086,0.453,0.272,0.382,0.154,0.167,0.203,0.089,0.09,0.578,0.74,0.831,0.859,0.535,0.82,0.714,0.768,0.868,0.646,0.089,0.088,0.798,0.819,0.696,0.786,0.928,0.75,0.637,0.886,0.893,0.756,0.09,0.088,0.758,0.604,0.299,0.088,0.818,0.791,0.851,0.729,0.848,0.75,0.09,0.088,0.088,0.09,0.09,0.087,0.087,0.087,0.089,0.087,0.087,0.089,0.093
,4:44:16,36,0.09,0.088,0.087,0.087,0.088,0.088,0.089,0.089,0.089,0.088,0.088,0.089,0.089,0.235,0.287,0.323,0.438,0.224,0.655,0.444,0.134,0.279,0.256,0.088,0.091,0.253,0.196,0.182,0.144,0.291,0.544,0.197,0.365,0.19,0.282,0.091,0.09,0.438,0.325,0.174,0.087,0.462,0.275,0.393,0.157,0.168,0.208,0.089,0.09,0.596,0.747,0.843,0.869,0.553,0.83,0.73,0.779,0.878,0.658,0.089,0.088,0.805,0.83,0.696,0.793,0.941,0.761,0.635,0.893,0.905,0.772,0.09,0.088,0.765,0.599,0.311,0.088,0.829,0.799,0.864,0.746,0.857,0.764,0.09,0.087,0.087,0.089,0.09,0.087,0.087,0.087,0.089,0.087,0.087,0.089,0.093
,4:49:16,36.1,0.09,0.088,0.087,0.087,0.088,0.088,0.089,0.089,0.089,0.088,0.087,0.089,0.089,0.24,0.292,0.331,0.448,0.227,0.667,0.452,0.135,0.281,0.263,0.088,0.091,0.257,0.198,0.185,0.145,0.297,0.557,0.195,0.371,0.196,0.289,0.091,0.09,0.444,0.332,0.177,0.086,0.47,0.279,0.404,0.161,0.17,0.214,0.089,0.09,0.612,0.756,0.854,0.88,0.578,0.841,0.745,0.786,0.888,0.667,0.089,0.088,0.811,0.842,0.698,0.798,0.956,0.774,0.634,0.902,0.918,0.789,0.09,0.088,0.774,0.595,0.323,0.088,0.838,0.809,0.876,0.764,0.867,0.78,0.09,0.088,0.087,0.09,0.09,0.087,0.087,0.087,0.089,0.087,0.087,0.089,0.093
,4:54:16,36,0.09,0.088,0.087,0.087,0.088,0.088,0.089,0.089,0.088,0.088,0.087,0.089,0.089,0.246,0.299,0.339,0.457,0.23,0.679,0.461,0.136,0.283,0.269,0.088,0.091,0.261,0.2,0.187,0.146,0.303,0.57,0.197,0.377,0.198,0.294,0.09,0.09,0.448,0.338,0.18,0.086,0.48,0.282,0.415,0.163,0.171,0.22,0.089,0.09,0.626,0.766,0.865,0.891,0.598,0.851,0.76,0.792,0.897,0.673,0.089,0.088,0.816,0.854,0.699,0.804,0.965,0.785,0.627,0.912,0.93,0.803,0.09,0.088,0.78,0.587,0.336,0.088,0.847,0.818,0.887,0.78,0.876,0.796,0.09,0.087,0.087,0.089,0.09,0.087,0.087,0.087,0.089,0.087,0.087,0.089,0.092
,4:59:16,36.1,0.09,0.088,0.087,0.087,0.088,0.088,0.089,0.089,0.089,0.088,0.087,0.089,0.089,0.253,0.305,0.346,0.465,0.234,0.691,0.471,0.137,0.285,0.276,0.088,0.091,0.266,0.203,0.189,0.148,0.31,0.582,0.202,0.383,0.203,0.299,0.09,0.09,0.454,0.346,0.183,0.086,0.489,0.286,0.426,0.167,0.173,0.225,0.089,0.09,0.641,0.777,0.875,0.902,0.621,0.862,0.77,0.797,0.907,0.682,0.089,0.088,0.82,0.866,0.694,0.81,0.977,0.797,0.618,0.921,0.942,0.815,0.09,0.088,0.786,0.58,0.348,0.088,0.858,0.827,0.899,0.795,0.885,0.814,0.09,0.087,0.087,0.089,0.09,0.087,0.087,0.087,0.089,0.087,0.087,0.089,0.092
,5:04:16,36,0.09,0.088,0.087,0.087,0.088,0.088,0.089,0.089,0.089,0.088,0.087,0.089,0.089,0.258,0.313,0.354,0.473,0.238,0.702,0.48,0.139,0.288,0.283,0.088,0.091,0.271,0.206,0.191,0.15,0.318,0.592,0.202,0.389,0.208,0.301,0.09,0.09,0.46,0.352,0.186,0.086,0.499,0.291,0.438,0.17,0.174,0.23,0.089,0.09,0.656,0.789,0.885,0.914,0.643,0.871,0.775,0.803,0.918,0.693,0.089,0.088,0.826,0.879,0.694,0.816,0.989,0.808,0.611,0.931,0.953,0.824,0.09,0.088,0.792,0.576,0.361,0.088,0.866,0.835,0.91,0.806,0.895,0.83,0.09,0.087,0.087,0.09,0.09,0.087,0.087,0.087,0.089,0.087,0.087,0.089,0.092
,5:09:16,36,0.09,0.088,0.087,0.087,0.088,0.088,0.089,0.089,0.089,0.088,0.088,0.089,0.089,0.265,0.319,0.362,0.482,0.243,0.714,0.489,0.141,0.292,0.289,0.088,0.091,0.276,0.21,0.192,0.153,0.326,0.604,0.202,0.396,0.213,0.304,0.091,0.09,0.468,0.359,0.189,0.087,0.508,0.297,0.449,0.173,0.176,0.236,0.089,0.09,0.671,0.801,0.896,0.925,0.662,0.881,0.781,0.809,0.928,0.704,0.089,0.088,0.831,0.893,0.689,0.822,0.999,0.82,0.6,0.94,0.965,0.832,0.09,0.088,0.798,0.573,0.374,0.088,0.874,0.845,0.921,0.816,0.903,0.846,0.091,0.088,0.087,0.09,0.091,0.087,0.087,0.087,0.089,0.087,0.087,0.089,0.093
,5:14:16,36,0.09,0.088,0.087,0.087,0.088,0.088,0.089,0.089,0.089,0.088,0.088,0.089,0.089,0.271,0.325,0.369,0.489,0.248,0.726,0.499,0.143,0.294,0.295,0.089,0.091,0.282,0.213,0.194,0.156,0.333,0.617,0.207,0.402,0.214,0.307,0.091,0.09,0.474,0.366,0.192,0.087,0.518,0.302,0.458,0.176,0.178,0.241,0.089,0.09,0.684,0.811,0.905,0.935,0.679,0.892,0.785,0.816,0.938,0.717,0.089,0.088,0.834,0.906,0.685,0.829,1.009,0.829,0.589,0.95,0.976,0.839,0.09,0.088,0.804,0.568,0.387,0.088,0.878,0.853,0.933,0.825,0.913,0.863,0.09,0.088,0.087,0.09,0.09,0.087,0.087,0.087,0.089,0.087,0.087,0.089,0.093
,5:19:16,36,0.09,0.088,0.087,0.087,0.088,0.088,0.089,0.089,0.089,0.088,0.087,0.089,0.089,0.277,0.333,0.377,0.496,0.252,0.738,0.508,0.146,0.298,0.301,0.089,0.091,0.289,0.218,0.196,0.159,0.34,0.63,0.211,0.409,0.218,0.311,0.091,0.09,0.481,0.372,0.195,0.087,0.529,0.308,0.469,0.179,0.18,0.246,0.09,0.09,0.698,0.823,0.915,0.946,0.702,0.901,0.79,0.823,0.95,0.732,0.089,0.088,0.84,0.921,0.681,0.837,1.02,0.839,0.577,0.961,0.986,0.845,0.09,0.088,0.811,0.564,0.401,0.088,0.888,0.863,0.943,0.834,0.923,0.879,0.091,0.088,0.088,0.09,0.091,0.087,0.088,0.087,0.089,0.087,0.087,0.089,0.093
,5:24:16,36,0.09,0.088,0.087,0.087,0.088,0.088,0.089,0.089,0.089,0.088,0.088,0.089,0.089,0.28,0.338,0.384,0.504,0.256,0.748,0.516,0.148,0.302,0.307,0.089,0.091,0.295,0.221,0.197,0.161,0.346,0.641,0.21,0.417,0.221,0.315,0.091,0.09,0.488,0.378,0.199,0.087,0.542,0.315,0.478,0.182,0.182,0.252,0.089,0.09,0.712,0.834,0.925,0.958,0.721,0.911,0.794,0.83,0.96,0.745,0.089,0.088,0.844,0.935,0.679,0.844,1.032,0.849,0.569,0.969,0.997,0.852,0.09,0.088,0.817,0.564,0.415,0.088,0.897,0.871,0.953,0.845,0.931,0.894,0.09,0.088,0.087,0.09,0.09,0.087,0.087,0.087,0.089,0.087,0.087,0.089,0.093
,5:29:16,36,0.09,0.088,0.087,0.087,0.088,0.088,0.089,0.089,0.089,0.088,0.088,0.089,0.089,0.283,0.344,0.391,0.512,0.261,0.759,0.521,0.151,0.307,0.312,0.088,0.091,0.301,0.225,0.199,0.164,0.354,0.652,0.212,0.423,0.225,0.319,0.091,0.09,0.495,0.384,0.203,0.087,0.553,0.322,0.487,0.186,0.185,0.257,0.089,0.09,0.725,0.845,0.936,0.97,0.734,0.921,0.798,0.84,0.97,0.76,0.089,0.088,0.851,0.95,0.674,0.851,1.044,0.859,0.558,0.978,1.007,0.859,0.09,0.088,0.825,0.569,0.429,0.088,0.904,0.881,0.963,0.857,0.942,0.908,0.09,0.088,0.087,0.09,0.09,0.087,0.088,0.087,0.089,0.087,0.087,0.089,0.093
,5:34:16,36,0.09,0.088,0.087,0.087,0.088,0.088,0.089,0.089,0.089,0.088,0.087,0.089,0.089,0.287,0.35,0.398,0.518,0.266,0.77,0.529,0.153,0.31,0.318,0.089,0.091,0.306,0.228,0.2,0.168,0.36,0.664,0.215,0.43,0.229,0.323,0.091,0.09,0.504,0.39,0.209,0.087,0.563,0.329,0.496,0.189,0.187,0.262,0.089,0.09,0.738,0.856,0.946,0.98,0.743,0.929,0.802,0.854,0.98,0.775,0.089,0.088,0.855,0.963,0.67,0.859,1.055,0.872,0.548,0.987,1.018,0.866,0.09,0.088,0.832,0.588,0.443,0.088,0.911,0.889,0.974,0.87,0.952,0.922,0.09,0.088,0.087,0.089,0.09,0.087,0.087,0.087,0.089,0.087,0.087,0.089,0.092
,5:39:16,36,0.09,0.088,0.087,0.087,0.088,0.088,0.09,0.089,0.089,0.088,0.088,0.089,0.089,0.293,0.356,0.405,0.525,0.272,0.775,0.539,0.156,0.315,0.323,0.089,0.091,0.313,0.232,0.203,0.171,0.368,0.675,0.217,0.438,0.233,0.328,0.091,0.09,0.512,0.397,0.21,0.087,0.572,0.337,0.505,0.192,0.191,0.267,0.089,0.09,0.752,0.867,0.956,0.991,0.759,0.94,0.808,0.881,0.99,0.789,0.089,0.088,0.863,0.976,0.669,0.869,1.066,0.9,0.554,0.996,1.028,0.874,0.09,0.088,0.839,0.625,0.456,0.088,0.919,0.899,0.984,0.882,0.964,0.935,0.09,0.088,0.088,0.09,0.09,0.087,0.087,0.087,0.089,0.087,0.087,0.089,0.093
,5:44:16,36,0.09,0.088,0.087,0.087,0.088,0.088,0.09,0.089,0.089,0.088,0.088,0.089,0.089,0.297,0.362,0.412,0.532,0.276,0.781,0.549,0.158,0.321,0.328,0.089,0.091,0.319,0.236,0.204,0.174,0.374,0.686,0.221,0.443,0.237,0.334,0.091,0.09,0.52,0.405,0.214,0.087,0.584,0.343,0.513,0.195,0.194,0.272,0.089,0.09,0.764,0.878,0.965,1.002,0.772,0.947,0.816,0.909,1,0.805,0.089,0.088,0.871,0.988,0.666,0.877,1.075,0.93,0.558,1.004,1.038,0.881,0.09,0.088,0.846,0.661,0.467,0.088,0.924,0.907,0.993,0.895,0.975,0.947,0.09,0.088,0.087,0.09,0.09,0.087,0.088,0.087,0.089,0.087,0.087,0.089,0.093
,5:49:16,36.1,0.09,0.088,0.087,0.087,0.088,0.088,0.089,0.089,0.089,0.088,0.087,0.089,0.089,0.303,0.367,0.418,0.539,0.281,0.786,0.559,0.16,0.326,0.333,0.088,0.091,0.324,0.241,0.207,0.177,0.381,0.697,0.223,0.45,0.239,0.339,0.091,0.09,0.528,0.412,0.218,0.087,0.595,0.35,0.521,0.198,0.198,0.277,0.089,0.09,0.776,0.889,0.976,1.012,0.784,0.956,0.837,0.932,1.011,0.819,0.089,0.088,0.881,1,0.668,0.886,1.083,0.955,0.565,1.012,1.047,0.888,0.09,0.088,0.854,0.719,0.479,0.088,0.932,0.919,1.004,0.908,0.986,0.959,0.09,0.088,0.087,0.089,0.09,0.087,0.087,0.087,0.089,0.087,0.087,0.089,0.093
,5:54:16,36.1,0.09,0.088,0.087,0.087,0.088,0.088,0.09,0.089,0.089,0.088,0.088,0.089,0.089,0.308,0.373,0.424,0.545,0.286,0.792,0.571,0.163,0.331,0.338,0.089,0.091,0.33,0.245,0.209,0.181,0.387,0.707,0.227,0.457,0.242,0.345,0.091,0.09,0.536,0.422,0.222,0.087,0.607,0.358,0.53,0.202,0.201,0.281,0.089,0.09,0.787,0.898,0.986,1.023,0.786,0.965,0.859,0.952,1.022,0.833,0.089,0.088,0.892,1.012,0.675,0.896,1.091,0.979,0.578,1.02,1.058,0.897,0.09,0.088,0.862,0.765,0.492,0.088,0.94,0.929,1.015,0.921,0.996,0.97,0.091,0.088,0.088,0.09,0.09,0.087,0.087,0.087,0.089,0.087,0.087,0.089,0.093
,5:59:16,36,0.09,0.088,0.087,0.087,0.088,0.088,0.089,0.089,0.089,0.088,0.087,0.089,0.089,0.313,0.378,0.431,0.552,0.291,0.796,0.58,0.165,0.336,0.343,0.088,0.091,0.335,0.249,0.211,0.184,0.393,0.717,0.228,0.464,0.246,0.35,0.091,0.09,0.546,0.431,0.226,0.087,0.618,0.364,0.537,0.204,0.204,0.285,0.089,0.09,0.798,0.918,0.994,1.034,0.798,0.973,0.882,0.969,1.031,0.846,0.089,0.088,0.904,1.026,0.68,0.905,1.099,0.997,0.584,1.026,1.069,0.906,0.09,0.088,0.869,0.794,0.505,0.088,0.946,0.938,1.024,0.932,1.005,0.98,0.09,0.087,0.087,0.09,0.09,0.086,0.087,0.087,0.089,0.087,0.087,0.089,0.092
,6:04:16,36,0.09,0.088,0.087,0.087,0.088,0.088,0.089,0.089,0.089,0.088,0.087,0.089,0.089,0.319,0.383,0.437,0.558,0.296,0.801,0.592,0.167,0.342,0.347,0.088,0.091,0.34,0.254,0.213,0.187,0.4,0.728,0.232,0.471,0.249,0.357,0.091,0.09,0.554,0.44,0.23,0.087,0.63,0.372,0.545,0.207,0.208,0.29,0.089,0.09,0.807,0.943,1.002,1.045,0.81,0.983,0.902,0.985,1.041,0.86,0.089,0.088,0.918,1.037,0.692,0.916,1.106,1.011,0.589,1.034,1.079,0.915,0.09,0.088,0.879,0.819,0.518,0.088,0.953,0.951,1.039,0.945,1.014,0.991,0.09,0.087,0.087,0.09,0.09,0.087,0.087,0.087,0.089,0.087,0.087,0.089,0.093
,6:09:16,36.1,0.09,0.088,0.087,0.087,0.088,0.088,0.089,0.089,0.089,0.088,0.087,0.089,0.089,0.325,0.388,0.443,0.565,0.301,0.808,0.603,0.17,0.348,0.352,0.089,0.091,0.345,0.258,0.215,0.19,0.405,0.739,0.233,0.479,0.253,0.363,0.091,0.09,0.564,0.45,0.235,0.088,0.64,0.379,0.553,0.21,0.212,0.295,0.089,0.09,0.817,0.968,1.016,1.056,0.82,0.995,0.92,1.002,1.048,0.873,0.089,0.088,0.934,1.046,0.707,0.927,1.112,1.024,0.592,1.04,1.091,0.922,0.09,0.088,0.891,0.846,0.531,0.088,0.962,0.962,1.045,0.956,1.022,1.001,0.091,0.088,0.088,0.09,0.09,0.087,0.087,0.087,0.089,0.087,0.087,0.089,0.093
,6:14:16,36,0.09,0.088,0.087,0.087,0.088,0.088,0.089,0.089,0.088,0.088,0.087,0.089,0.089,0.331,0.393,0.449,0.571,0.306,0.814,0.614,0.172,0.354,0.356,0.088,0.091,0.35,0.262,0.218,0.194,0.411,0.744,0.236,0.485,0.257,0.37,0.09,0.09,0.572,0.46,0.239,0.087,0.651,0.386,0.56,0.213,0.216,0.299,0.089,0.09,0.825,0.989,1.026,1.067,0.83,1.003,0.937,1.016,1.055,0.885,0.089,0.088,0.949,1.054,0.722,0.938,1.118,1.036,0.594,1.045,1.101,0.93,0.09,0.088,0.901,0.88,0.543,0.088,0.971,0.971,1.055,0.966,1.03,1.009,0.09,0.087,0.087,0.089,0.09,0.087,0.087,0.087,0.089,0.087,0.087,0.089,0.092
,6:19:16,36.1,0.09,0.088,0.087,0.087,0.089,0.088,0.089,0.089,0.089,0.088,0.088,0.089,0.089,0.337,0.398,0.456,0.578,0.31,0.823,0.625,0.175,0.36,0.361,0.088,0.091,0.355,0.267,0.22,0.197,0.417,0.75,0.24,0.492,0.26,0.377,0.091,0.09,0.58,0.472,0.243,0.088,0.662,0.392,0.568,0.216,0.22,0.304,0.089,0.09,0.834,1.008,1.034,1.077,0.837,1.011,0.953,1.031,1.062,0.897,0.089,0.088,0.969,1.063,0.735,0.948,1.125,1.048,0.594,1.051,1.11,0.938,0.09,0.088,0.914,0.909,0.556,0.088,0.986,0.984,1.063,0.977,1.039,1.019,0.09,0.087,0.087,0.089,0.09,0.087,0.087,0.087,0.089,0.087,0.087,0.089,0.092
,6:24:16,36,0.09,0.088,0.087,0.087,0.088,0.088,0.089,0.089,0.089,0.088,0.088,0.089,0.089,0.344,0.403,0.462,0.584,0.315,0.83,0.635,0.178,0.366,0.365,0.088,0.091,0.36,0.272,0.223,0.2,0.422,0.754,0.242,0.499,0.263,0.385,0.091,0.09,0.589,0.489,0.248,0.088,0.671,0.4,0.575,0.219,0.224,0.308,0.089,0.09,0.842,1.025,1.043,1.088,0.849,1.022,0.969,1.045,1.069,0.909,0.089,0.088,0.988,1.071,0.753,0.959,1.13,1.058,0.591,1.057,1.122,0.946,0.09,0.088,0.928,0.924,0.569,0.088,1.005,0.992,1.072,0.987,1.046,1.028,0.09,0.088,0.088,0.089,0.09,0.087,0.087,0.087,0.089,0.087,0.087,0.089,0.092
,6:29:16,36,0.09,0.088,0.087,0.087,0.089,0.088,0.089,0.089,0.089,0.088,0.087,0.089,0.089,0.349,0.408,0.468,0.59,0.317,0.837,0.646,0.181,0.372,0.369,0.088,0.091,0.365,0.276,0.225,0.203,0.428,0.758,0.245,0.507,0.267,0.39,0.091,0.09,0.598,0.502,0.253,0.088,0.681,0.406,0.583,0.222,0.227,0.312,0.089,0.09,0.851,1.043,1.051,1.098,0.859,1.032,0.985,1.06,1.075,0.921,0.089,0.088,1.008,1.078,0.764,0.969,1.136,1.069,0.589,1.061,1.133,0.953,0.09,0.088,0.935,0.938,0.581,0.088,1.023,0.999,1.082,0.998,1.053,1.036,0.09,0.088,0.087,0.09,0.09,0.087,0.087,0.087,0.089,0.087,0.087,0.089,0.092
,6:34:16,36,0.09,0.088,0.087,0.087,0.089,0.088,0.089,0.089,0.089,0.088,0.087,0.089,0.089,0.353,0.413,0.474,0.595,0.319,0.846,0.657,0.184,0.379,0.373,0.089,0.091,0.37,0.281,0.227,0.206,0.433,0.762,0.247,0.514,0.27,0.396,0.091,0.09,0.607,0.514,0.257,0.089,0.689,0.412,0.59,0.225,0.231,0.317,0.09,0.09,0.859,1.059,1.06,1.11,0.868,1.041,1,1.074,1.081,0.932,0.089,0.088,1.021,1.085,0.775,0.98,1.14,1.079,0.587,1.068,1.141,0.962,0.09,0.088,0.943,0.95,0.592,0.088,1.032,1.007,1.095,1.009,1.058,1.042,0.091,0.088,0.088,0.09,0.09,0.087,0.087,0.087,0.089,0.087,0.087,0.089,0.093
,6:39:16,36,0.09,0.088,0.087,0.087,0.088,0.088,0.089,0.089,0.089,0.088,0.087,0.089,0.089,0.359,0.417,0.48,0.601,0.321,0.854,0.667,0.186,0.386,0.377,0.088,0.091,0.375,0.285,0.228,0.21,0.44,0.764,0.252,0.521,0.274,0.402,0.091,0.09,0.616,0.52,0.262,0.089,0.699,0.419,0.597,0.228,0.235,0.32,0.089,0.09,0.867,1.069,1.068,1.119,0.879,1.052,1.015,1.087,1.087,0.943,0.089,0.088,1.028,1.091,0.786,0.996,1.145,1.089,0.584,1.073,1.149,0.97,0.09,0.088,0.949,0.958,0.603,0.088,1.039,1.014,1.109,1.02,1.064,1.058,0.091,0.088,0.087,0.089,0.09,0.087,0.087,0.087,0.089,0.087,0.087,0.089,0.092
,6:44:16,36,0.09,0.088,0.087,0.087,0.088,0.088,0.089,0.089,0.089,0.088,0.088,0.089,0.089,0.365,0.422,0.486,0.606,0.323,0.862,0.678,0.189,0.392,0.382,0.088,0.091,0.379,0.289,0.229,0.212,0.445,0.767,0.252,0.528,0.276,0.409,0.091,0.09,0.625,0.53,0.266,0.089,0.709,0.425,0.606,0.231,0.239,0.324,0.089,0.09,0.874,1.084,1.078,1.129,0.891,1.063,1.028,1.099,1.091,0.953,0.089,0.088,1.036,1.097,0.792,1.015,1.15,1.099,0.581,1.078,1.157,0.978,0.09,0.088,0.957,0.972,0.615,0.088,1.048,1.02,1.118,1.031,1.069,1.078,0.09,0.088,0.087,0.09,0.09,0.087,0.087,0.087,0.089,0.087,0.087,0.089,0.092
,6:49:16,36,0.09,0.088,0.087,0.087,0.088,0.088,0.089,0.089,0.089,0.088,0.087,0.089,0.089,0.371,0.427,0.492,0.612,0.325,0.871,0.688,0.192,0.399,0.385,0.088,0.091,0.383,0.293,0.231,0.216,0.45,0.77,0.255,0.535,0.279,0.415,0.091,0.09,0.633,0.539,0.271,0.089,0.714,0.432,0.615,0.233,0.243,0.328,0.089,0.09,0.882,1.099,1.089,1.138,0.899,1.08,1.043,1.112,1.096,0.963,0.089,0.088,1.046,1.102,0.798,1.036,1.154,1.109,0.583,1.082,1.164,0.986,0.09,0.088,0.962,0.982,0.625,0.088,1.055,1.025,1.125,1.041,1.075,1.099,0.09,0.087,0.087,0.089,0.09,0.087,0.087,0.087,0.089,0.087,0.087,0.089,0.092
,6:54:16,36,0.09,0.088,0.087,0.087,0.089,0.088,0.089,0.089,0.089,0.088,0.087,0.089,0.089,0.376,0.432,0.497,0.618,0.327,0.88,0.698,0.195,0.406,0.389,0.088,0.091,0.389,0.297,0.232,0.219,0.455,0.773,0.258,0.543,0.282,0.422,0.091,0.09,0.643,0.545,0.276,0.089,0.72,0.438,0.621,0.236,0.246,0.332,0.089,0.09,0.891,1.113,1.1,1.148,0.91,1.096,1.056,1.124,1.101,0.975,0.089,0.088,1.055,1.107,0.804,1.056,1.159,1.118,0.586,1.085,1.172,0.994,0.09,0.088,0.968,0.991,0.637,0.088,1.063,1.031,1.132,1.052,1.081,1.122,0.09,0.088,0.087,0.09,0.09,0.087,0.087,0.087,0.089,0.087,0.087,0.089,0.093
,6:59:16,36.1,0.09,0.088,0.087,0.087,0.088,0.088,0.089,0.089,0.089,0.088,0.088,0.089,0.089,0.382,0.436,0.502,0.624,0.329,0.888,0.704,0.198,0.413,0.393,0.088,0.091,0.394,0.302,0.232,0.222,0.463,0.776,0.26,0.55,0.287,0.428,0.091,0.09,0.653,0.558,0.281,0.089,0.723,0.444,0.628,0.239,0.25,0.335,0.089,0.09,0.899,1.124,1.106,1.156,0.918,1.105,1.07,1.136,1.106,0.986,0.089,0.088,1.061,1.114,0.806,1.075,1.164,1.127,0.584,1.089,1.178,1.001,0.09,0.088,0.97,1.002,0.648,0.088,1.07,1.036,1.139,1.062,1.085,1.142,0.09,0.088,0.088,0.09,0.091,0.087,0.087,0.087,0.089,0.087,0.087,0.089,0.092
,7:04:16,36,0.09,0.088,0.087,0.087,0.088,0.088,0.089,0.089,0.089,0.088,0.087,0.089,0.089,0.388,0.44,0.507,0.629,0.331,0.897,0.709,0.201,0.42,0.397,0.088,0.091,0.398,0.306,0.233,0.226,0.466,0.78,0.263,0.556,0.288,0.435,0.091,0.09,0.66,0.569,0.284,0.089,0.726,0.45,0.635,0.242,0.254,0.339,0.089,0.09,0.907,1.135,1.111,1.165,0.929,1.112,1.083,1.147,1.111,0.995,0.089,0.088,1.067,1.12,0.811,1.091,1.169,1.135,0.588,1.092,1.185,1.007,0.09,0.088,0.976,1.008,0.657,0.088,1.08,1.041,1.146,1.072,1.09,1.159,0.09,0.088,0.087,0.09,0.09,0.087,0.087,0.087,0.089,0.087,0.087,0.089,0.093
,7:09:16,36,0.09,0.088,0.087,0.087,0.088,0.088,0.089,0.089,0.089,0.088,0.087,0.089,0.089,0.394,0.446,0.513,0.634,0.334,0.904,0.713,0.203,0.427,0.4,0.088,0.091,0.404,0.311,0.234,0.229,0.471,0.785,0.266,0.564,0.292,0.442,0.091,0.09,0.672,0.583,0.287,0.09,0.729,0.457,0.642,0.244,0.257,0.343,0.089,0.09,0.913,1.145,1.117,1.172,0.939,1.118,1.095,1.158,1.115,1.004,0.089,0.088,1.072,1.125,0.817,1.108,1.172,1.143,0.587,1.095,1.19,1.014,0.09,0.088,0.982,1.012,0.667,0.088,1.089,1.045,1.153,1.082,1.093,1.174,0.09,0.088,0.087,0.09,0.09,0.087,0.087,0.087,0.089,0.087,0.087,0.089,0.092
,7:14:16,36,0.09,0.088,0.087,0.087,0.088,0.088,0.089,0.089,0.089,0.088,0.087,0.089,0.089,0.399,0.45,0.518,0.639,0.337,0.913,0.716,0.206,0.434,0.404,0.088,0.091,0.408,0.315,0.235,0.232,0.476,0.789,0.268,0.571,0.295,0.449,0.091,0.09,0.678,0.588,0.289,0.09,0.732,0.463,0.65,0.247,0.261,0.346,0.089,0.09,0.923,1.155,1.125,1.179,0.949,1.124,1.107,1.168,1.119,1.014,0.089,0.088,1.078,1.129,0.819,1.127,1.175,1.149,0.59,1.098,1.197,1.024,0.09,0.088,0.989,1.017,0.678,0.088,1.1,1.05,1.16,1.092,1.096,1.187,0.09,0.088,0.087,0.09,0.09,0.087,0.087,0.087,0.089,0.087,0.087,0.089,0.092
,7:19:16,36,0.09,0.088,0.087,0.087,0.088,0.088,0.089,0.089,0.089,0.088,0.088,0.089,0.089,0.405,0.454,0.524,0.644,0.339,0.92,0.718,0.209,0.441,0.407,0.089,0.091,0.413,0.319,0.235,0.235,0.481,0.793,0.272,0.578,0.298,0.456,0.091,0.09,0.686,0.597,0.291,0.09,0.736,0.469,0.657,0.25,0.264,0.349,0.089,0.09,0.928,1.164,1.134,1.185,0.96,1.127,1.117,1.178,1.123,1.023,0.089,0.088,1.081,1.133,0.822,1.15,1.178,1.156,0.595,1.101,1.202,1.033,0.09,0.088,0.995,1.02,0.688,0.088,1.112,1.055,1.166,1.1,1.099,1.197,0.09,0.088,0.087,0.09,0.091,0.087,0.087,0.087,0.089,0.087,0.087,0.089,0.092
,7:24:16,36,0.09,0.088,0.087,0.087,0.088,0.088,0.089,0.089,0.089,0.088,0.087,0.089,0.089,0.412,0.459,0.529,0.65,0.342,0.928,0.721,0.211,0.448,0.411,0.088,0.091,0.418,0.323,0.236,0.238,0.486,0.799,0.275,0.585,0.301,0.463,0.091,0.09,0.695,0.6,0.294,0.09,0.739,0.476,0.664,0.252,0.268,0.353,0.089,0.09,0.935,1.172,1.144,1.191,0.969,1.13,1.128,1.187,1.126,1.03,0.089,0.088,1.088,1.137,0.827,1.168,1.181,1.163,0.599,1.103,1.207,1.041,0.09,0.088,1.001,1.028,0.698,0.088,1.122,1.059,1.172,1.109,1.104,1.206,0.09,0.088,0.087,0.09,0.091,0.087,0.087,0.087,0.089,0.087,0.087,0.089,0.092
,7:29:16,36,0.09,0.088,0.087,0.087,0.088,0.088,0.089,0.089,0.089,0.088,0.087,0.089,0.089,0.417,0.463,0.535,0.655,0.345,0.936,0.725,0.214,0.455,0.414,0.088,0.091,0.424,0.327,0.238,0.241,0.491,0.806,0.279,0.592,0.304,0.47,0.091,0.09,0.699,0.607,0.298,0.09,0.742,0.482,0.67,0.254,0.272,0.356,0.089,0.09,0.942,1.181,1.155,1.196,0.973,1.136,1.139,1.197,1.128,1.039,0.089,0.088,1.092,1.14,0.828,1.185,1.184,1.169,0.604,1.105,1.212,1.049,0.09,0.088,1.006,1.037,0.708,0.088,1.134,1.062,1.178,1.118,1.108,1.215,0.09,0.088,0.087,0.09,0.091,0.087,0.087,0.087,0.089,0.087,0.087,0.089,0.092
,7:34:16,36,0.09,0.088,0.087,0.087,0.089,0.088,0.09,0.089,0.089,0.088,0.088,0.089,0.089,0.424,0.468,0.54,0.66,0.349,0.943,0.73,0.217,0.462,0.419,0.089,0.091,0.428,0.331,0.24,0.245,0.497,0.811,0.281,0.599,0.307,0.477,0.091,0.09,0.706,0.613,0.302,0.091,0.746,0.489,0.676,0.257,0.276,0.36,0.09,0.09,0.949,1.19,1.167,1.202,0.982,1.142,1.148,1.207,1.132,1.048,0.089,0.088,1.098,1.143,0.831,1.2,1.187,1.175,0.61,1.107,1.218,1.058,0.09,0.088,1.013,1.04,0.718,0.088,1.147,1.066,1.184,1.125,1.112,1.223,0.091,0.088,0.088,0.09,0.091,0.087,0.088,0.087,0.089,0.087,0.088,0.089,0.093
,7:39:16,36,0.09,0.088,0.087,0.087,0.088,0.088,0.089,0.089,0.089,0.088,0.087,0.089,0.089,0.43,0.471,0.546,0.661,0.352,0.949,0.735,0.22,0.469,0.422,0.088,0.091,0.432,0.336,0.242,0.248,0.502,0.818,0.283,0.605,0.31,0.484,0.091,0.09,0.708,0.615,0.305,0.09,0.75,0.495,0.677,0.26,0.279,0.362,0.089,0.09,0.954,1.198,1.18,1.206,0.991,1.148,1.157,1.216,1.134,1.058,0.089,0.088,1.102,1.146,0.835,1.214,1.189,1.182,0.619,1.108,1.222,1.067,0.09,0.088,1.018,1.045,0.727,0.088,1.158,1.069,1.191,1.132,1.116,1.23,0.09,0.087,0.087,0.089,0.09,0.087,0.087,0.087,0.089,0.087,0.087,0.089,0.092
,7:44:16,36.1,0.09,0.088,0.087,0.087,0.088,0.088,0.089,0.089,0.089,0.088,0.088,0.089,0.089,0.436,0.476,0.551,0.663,0.357,0.956,0.742,0.223,0.476,0.425,0.089,0.091,0.437,0.34,0.244,0.251,0.508,0.825,0.284,0.612,0.312,0.491,0.091,0.09,0.712,0.621,0.31,0.091,0.756,0.501,0.68,0.262,0.283,0.366,0.089,0.09,0.961,1.206,1.194,1.212,0.999,1.155,1.167,1.224,1.137,1.066,0.089,0.088,1.104,1.149,0.839,1.227,1.191,1.189,0.624,1.111,1.228,1.075,0.09,0.088,1.023,1.049,0.736,0.088,1.168,1.072,1.197,1.138,1.12,1.236,0.091,0.088,0.088,0.09,0.091,0.087,0.087,0.087,0.089,0.087,0.087,0.089,0.092
,7:49:16,36,0.09,0.088,0.087,0.087,0.088,0.088,0.089,0.089,0.089,0.088,0.088,0.089,0.089,0.442,0.48,0.557,0.666,0.359,0.963,0.749,0.225,0.483,0.428,0.089,0.091,0.443,0.344,0.246,0.254,0.514,0.831,0.288,0.619,0.315,0.498,0.091,0.09,0.714,0.621,0.313,0.091,0.761,0.508,0.683,0.265,0.287,0.369,0.09,0.09,0.967,1.213,1.208,1.217,1.007,1.162,1.176,1.231,1.139,1.075,0.089,0.088,1.107,1.151,0.842,1.239,1.194,1.196,0.633,1.113,1.233,1.083,0.09,0.088,1.029,1.051,0.747,0.088,1.181,1.075,1.202,1.146,1.123,1.243,0.09,0.088,0.088,0.089,0.091,0.087,0.087,0.087,0.089,0.087,0.087,0.089,0.092
,7:54:16,36,0.09,0.088,0.087,0.087,0.088,0.088,0.089,0.089,0.089,0.088,0.087,0.089,0.089,0.448,0.484,0.562,0.668,0.363,0.97,0.756,0.228,0.491,0.431,0.088,0.091,0.447,0.348,0.249,0.257,0.519,0.838,0.291,0.625,0.318,0.504,0.091,0.09,0.717,0.62,0.318,0.091,0.766,0.514,0.685,0.267,0.29,0.372,0.089,0.09,0.974,1.22,1.219,1.222,1.013,1.169,1.185,1.239,1.141,1.085,0.089,0.088,1.11,1.154,0.844,1.252,1.195,1.203,0.642,1.114,1.237,1.092,0.09,0.088,1.034,1.053,0.755,0.088,1.194,1.077,1.205,1.154,1.126,1.249,0.09,0.087,0.087,0.09,0.09,0.087,0.087,0.087,0.089,0.087,0.087,0.089,0.092
,7:59:16,36.1,0.09,0.088,0.087,0.087,0.088,0.088,0.089,0.089,0.089,0.088,0.088,0.089,0.089,0.454,0.488,0.567,0.67,0.366,0.975,0.763,0.231,0.498,0.434,0.088,0.091,0.453,0.352,0.251,0.26,0.525,0.844,0.294,0.631,0.321,0.512,0.091,0.09,0.72,0.621,0.323,0.091,0.771,0.52,0.689,0.27,0.294,0.375,0.089,0.09,0.98,1.228,1.232,1.228,1.022,1.178,1.191,1.245,1.143,1.097,0.089,0.088,1.113,1.157,0.845,1.264,1.198,1.21,0.651,1.115,1.24,1.103,0.09,0.088,1.038,1.057,0.764,0.088,1.207,1.08,1.207,1.161,1.129,1.256,0.09,0.088,0.087,0.09,0.09,0.087,0.087,0.087,0.089,0.087,0.087,0.089,0.092
,8:04:16,36.1,0.09,0.088,0.087,0.087,0.089,0.088,0.089,0.089,0.089,0.088,0.088,0.089,0.089,0.46,0.492,0.572,0.672,0.37,0.982,0.77,0.233,0.505,0.437,0.089,0.091,0.458,0.359,0.253,0.263,0.531,0.851,0.298,0.638,0.324,0.519,0.091,0.09,0.725,0.626,0.328,0.091,0.776,0.527,0.691,0.272,0.298,0.378,0.089,0.09,0.985,1.235,1.246,1.234,1.032,1.187,1.197,1.251,1.145,1.112,0.089,0.088,1.114,1.159,0.847,1.275,1.2,1.215,0.657,1.116,1.242,1.113,0.09,0.088,1.043,1.059,0.774,0.088,1.22,1.082,1.209,1.167,1.131,1.261,0.09,0.088,0.088,0.09,0.09,0.087,0.087,0.087,0.089,0.087,0.087,0.089,0.093
,8:09:16,36,0.09,0.089,0.087,0.087,0.088,0.088,0.089,0.089,0.089,0.088,0.088,0.089,0.089,0.467,0.495,0.577,0.675,0.374,0.988,0.778,0.236,0.513,0.441,0.089,0.091,0.463,0.363,0.256,0.266,0.537,0.858,0.303,0.646,0.326,0.527,0.091,0.09,0.73,0.625,0.333,0.091,0.781,0.534,0.694,0.275,0.302,0.381,0.089,0.091,0.991,1.242,1.26,1.239,1.037,1.197,1.204,1.259,1.147,1.127,0.089,0.088,1.117,1.161,0.85,1.286,1.202,1.221,0.664,1.118,1.245,1.125,0.09,0.088,1.048,1.061,0.784,0.088,1.23,1.083,1.212,1.172,1.133,1.266,0.091,0.088,0.088,0.09,0.091,0.087,0.087,0.087,0.089,0.087,0.087,0.089,0.093
,8:14:16,36.1,0.09,0.088,0.087,0.087,0.088,0.088,0.089,0.089,0.089,0.088,0.087,0.089,0.089,0.474,0.499,0.582,0.677,0.377,0.994,0.785,0.238,0.521,0.444,0.088,0.091,0.468,0.366,0.258,0.268,0.542,0.865,0.307,0.647,0.329,0.534,0.091,0.09,0.736,0.627,0.337,0.091,0.786,0.54,0.697,0.278,0.305,0.384,0.089,0.09,0.997,1.249,1.273,1.243,1.045,1.208,1.21,1.266,1.149,1.142,0.089,0.088,1.118,1.163,0.851,1.295,1.203,1.226,0.673,1.118,1.246,1.135,0.09,0.088,1.052,1.064,0.794,0.088,1.238,1.086,1.215,1.177,1.136,1.271,0.09,0.087,0.087,0.09,0.09,0.087,0.087,0.087,0.089,0.087,0.087,0.089,0.092
,8:19:16,36.1,0.09,0.088,0.087,0.087,0.088,0.088,0.089,0.089,0.089,0.088,0.087,0.089,0.089,0.481,0.503,0.587,0.68,0.382,1,0.793,0.241,0.528,0.447,0.088,0.091,0.474,0.371,0.262,0.271,0.549,0.872,0.311,0.65,0.331,0.542,0.091,0.09,0.743,0.628,0.343,0.091,0.791,0.547,0.7,0.279,0.308,0.387,0.089,0.09,1.003,1.256,1.285,1.247,1.052,1.218,1.216,1.274,1.15,1.157,0.089,0.088,1.12,1.164,0.852,1.304,1.204,1.233,0.683,1.119,1.249,1.148,0.09,0.088,1.059,1.066,0.803,0.088,1.246,1.088,1.219,1.181,1.138,1.276,0.09,0.088,0.087,0.09,0.09,0.087,0.087,0.087,0.089,0.087,0.087,0.089,0.092
,8:24:16,36,0.09,0.088,0.087,0.087,0.088,0.088,0.09,0.089,0.089,0.088,0.087,0.089,0.089,0.487,0.507,0.592,0.681,0.385,1.006,0.801,0.244,0.536,0.449,0.089,0.091,0.481,0.374,0.265,0.274,0.554,0.879,0.316,0.652,0.333,0.549,0.091,0.09,0.75,0.63,0.349,0.091,0.797,0.553,0.702,0.281,0.313,0.389,0.089,0.09,1.009,1.262,1.296,1.251,1.056,1.231,1.222,1.281,1.152,1.173,0.089,0.088,1.123,1.166,0.854,1.313,1.206,1.237,0.693,1.12,1.252,1.16,0.09,0.088,1.065,1.069,0.81,0.088,1.255,1.09,1.222,1.185,1.141,1.281,0.09,0.088,0.088,0.09,0.09,0.087,0.087,0.087,0.089,0.087,0.087,0.089,0.092
,8:29:16,36,0.09,0.088,0.087,0.087,0.088,0.088,0.089,0.089,0.089,0.088,0.087,0.089,0.089,0.493,0.511,0.598,0.684,0.389,1.011,0.808,0.246,0.544,0.452,0.088,0.091,0.486,0.379,0.267,0.277,0.56,0.886,0.321,0.654,0.336,0.556,0.091,0.09,0.757,0.632,0.354,0.091,0.803,0.559,0.705,0.284,0.317,0.392,0.089,0.09,1.015,1.268,1.306,1.255,1.063,1.242,1.228,1.288,1.154,1.189,0.089,0.088,1.124,1.168,0.856,1.32,1.207,1.243,0.703,1.121,1.256,1.173,0.09,0.088,1.071,1.07,0.819,0.088,1.265,1.091,1.227,1.189,1.143,1.286,0.09,0.088,0.087,0.089,0.09,0.087,0.087,0.087,0.089,0.087,0.087,0.089,0.092
,8:34:16,36,0.09,0.088,0.087,0.087,0.088,0.088,0.089,0.089,0.089,0.088,0.087,0.089,0.089,0.499,0.517,0.604,0.686,0.393,1.017,0.817,0.248,0.552,0.455,0.088,0.091,0.492,0.383,0.271,0.279,0.565,0.893,0.326,0.656,0.339,0.564,0.091,0.09,0.764,0.635,0.36,0.092,0.809,0.566,0.708,0.287,0.32,0.395,0.089,0.09,1.021,1.275,1.316,1.259,1.067,1.253,1.234,1.294,1.155,1.205,0.089,0.088,1.126,1.169,0.857,1.327,1.209,1.248,0.713,1.122,1.259,1.184,0.09,0.088,1.077,1.071,0.828,0.088,1.274,1.092,1.231,1.194,1.147,1.29,0.09,0.088,0.088,0.09,0.09,0.087,0.087,0.087,0.089,0.087,0.087,0.089,0.092
,8:39:16,36.1,0.09,0.088,0.087,0.087,0.088,0.088,0.089,0.089,0.089,0.088,0.087,0.089,0.089,0.504,0.518,0.609,0.688,0.398,1.022,0.825,0.251,0.561,0.457,0.088,0.091,0.496,0.387,0.274,0.282,0.571,0.9,0.332,0.658,0.341,0.571,0.091,0.09,0.771,0.638,0.363,0.092,0.817,0.572,0.71,0.289,0.324,0.397,0.089,0.09,1.028,1.281,1.326,1.262,1.073,1.265,1.24,1.3,1.156,1.219,0.089,0.088,1.128,1.171,0.858,1.333,1.21,1.252,0.719,1.122,1.262,1.196,0.09,0.088,1.083,1.074,0.835,0.088,1.281,1.094,1.235,1.198,1.149,1.294,0.09,0.088,0.087,0.089,0.09,0.087,0.087,0.087,0.089,0.087,0.087,0.089,0.092
,8:44:16,36.1,0.09,0.088,0.087,0.087,0.088,0.088,0.089,0.089,0.089,0.088,0.088,0.089,0.089,0.51,0.524,0.613,0.69,0.402,1.028,0.833,0.254,0.569,0.46,0.089,0.091,0.502,0.391,0.277,0.285,0.576,0.907,0.337,0.66,0.344,0.579,0.091,0.09,0.779,0.641,0.367,0.092,0.823,0.578,0.714,0.292,0.328,0.4,0.089,0.09,1.035,1.287,1.335,1.265,1.078,1.278,1.246,1.306,1.158,1.232,0.089,0.088,1.128,1.172,0.859,1.339,1.211,1.257,0.726,1.124,1.266,1.207,0.09,0.088,1.089,1.075,0.842,0.088,1.287,1.095,1.24,1.202,1.152,1.299,0.091,0.088,0.087,0.09,0.09,0.087,0.087,0.087,0.089,0.087,0.087,0.089,0.092
,8:49:16,36.1,0.09,0.088,0.087,0.087,0.088,0.088,0.089,0.089,0.089,0.088,0.088,0.089,0.089,0.517,0.526,0.619,0.693,0.406,1.034,0.841,0.256,0.577,0.463,0.089,0.091,0.507,0.395,0.281,0.287,0.583,0.914,0.342,0.664,0.346,0.587,0.091,0.09,0.786,0.643,0.372,0.092,0.83,0.584,0.716,0.293,0.332,0.403,0.089,0.09,1.042,1.293,1.342,1.268,1.084,1.292,1.252,1.311,1.159,1.245,0.089,0.088,1.13,1.173,0.862,1.346,1.213,1.261,0.734,1.124,1.27,1.217,0.09,0.088,1.095,1.077,0.85,0.088,1.293,1.096,1.244,1.206,1.155,1.304,0.09,0.088,0.087,0.089,0.09,0.087,0.087,0.087,0.089,0.087,0.087,0.089,0.093
,8:54:16,36,0.09,0.088,0.087,0.087,0.088,0.088,0.089,0.089,0.089,0.088,0.088,0.089,0.089,0.522,0.53,0.624,0.694,0.411,1.038,0.848,0.259,0.586,0.466,0.089,0.091,0.512,0.399,0.284,0.29,0.587,0.922,0.347,0.664,0.349,0.594,0.091,0.09,0.793,0.645,0.379,0.092,0.836,0.592,0.719,0.296,0.335,0.405,0.089,0.091,1.049,1.298,1.347,1.271,1.089,1.305,1.258,1.316,1.16,1.255,0.089,0.088,1.132,1.174,0.862,1.353,1.214,1.265,0.739,1.123,1.274,1.227,0.09,0.088,1.103,1.078,0.854,0.088,1.3,1.097,1.25,1.211,1.158,1.309,0.09,0.088,0.088,0.09,0.09,0.087,0.087,0.087,0.089,0.087,0.087,0.089,0.092
,8:59:16,36.1,0.09,0.088,0.087,0.087,0.088,0.088,0.089,0.089,0.089,0.088,0.087,0.089,0.089,0.528,0.534,0.623,0.697,0.415,1.044,0.856,0.261,0.594,0.468,0.088,0.091,0.518,0.403,0.287,0.292,0.593,0.929,0.352,0.667,0.351,0.602,0.091,0.09,0.801,0.648,0.384,0.092,0.842,0.598,0.722,0.298,0.339,0.407,0.089,0.09,1.056,1.303,1.353,1.274,1.096,1.314,1.264,1.321,1.161,1.264,0.089,0.088,1.133,1.176,0.866,1.36,1.214,1.27,0.745,1.124,1.278,1.237,0.09,0.088,1.11,1.079,0.861,0.088,1.306,1.099,1.255,1.215,1.161,1.313,0.09,0.088,0.087,0.09,0.09,0.087,0.087,0.087,0.089,0.087,0.087,0.089,0.092
,9:04:16,36,0.09,0.088,0.087,0.087,0.089,0.088,0.089,0.089,0.089,0.088,0.088,0.089,0.089,0.535,0.538,0.625,0.699,0.421,1.049,0.862,0.264,0.602,0.47,0.089,0.091,0.524,0.406,0.29,0.295,0.597,0.936,0.356,0.67,0.353,0.609,0.091,0.09,0.808,0.651,0.39,0.092,0.849,0.605,0.725,0.3,0.343,0.41,0.09,0.09,1.063,1.308,1.358,1.277,1.105,1.322,1.27,1.326,1.163,1.27,0.089,0.088,1.134,1.177,0.866,1.366,1.216,1.273,0.754,1.124,1.283,1.248,0.09,0.088,1.117,1.081,0.868,0.088,1.312,1.099,1.26,1.22,1.165,1.317,0.09,0.088,0.087,0.09,0.091,0.087,0.087,0.087,0.089,0.087,0.087,0.089,0.092
,9:09:16,36,0.09,0.088,0.087,0.087,0.088,0.088,0.089,0.089,0.089,0.088,0.087,0.089,0.089,0.541,0.54,0.626,0.7,0.425,1.055,0.869,0.267,0.609,0.472,0.088,0.091,0.531,0.41,0.293,0.298,0.604,0.943,0.361,0.674,0.355,0.617,0.09,0.09,0.814,0.653,0.396,0.092,0.855,0.611,0.728,0.301,0.348,0.413,0.089,0.09,1.069,1.312,1.363,1.279,1.107,1.328,1.275,1.33,1.163,1.276,0.089,0.088,1.134,1.177,0.867,1.371,1.217,1.277,0.762,1.124,1.287,1.259,0.09,0.088,1.124,1.082,0.875,0.088,1.318,1.098,1.265,1.226,1.167,1.32,0.09,0.087,0.087,0.089,0.09,0.087,0.087,0.087,0.089,0.087,0.087,0.089,0.092
,9:14:16,36,0.09,0.088,0.087,0.087,0.088,0.088,0.089,0.089,0.089,0.088,0.088,0.089,0.089,0.547,0.543,0.629,0.702,0.43,1.06,0.876,0.269,0.618,0.475,0.088,0.091,0.536,0.413,0.297,0.3,0.607,0.949,0.365,0.677,0.358,0.621,0.091,0.09,0.821,0.656,0.402,0.092,0.862,0.616,0.731,0.304,0.351,0.415,0.089,0.09,1.075,1.317,1.369,1.282,1.114,1.334,1.279,1.333,1.164,1.282,0.089,0.088,1.135,1.178,0.868,1.376,1.218,1.28,0.767,1.124,1.292,1.27,0.09,0.088,1.13,1.083,0.881,0.088,1.323,1.099,1.272,1.23,1.17,1.323,0.09,0.088,0.087,0.089,0.09,0.087,0.087,0.087,0.089,0.087,0.087,0.089,0.092
,9:19:16,36,0.09,0.088,0.087,0.087,0.088,0.088,0.089,0.089,0.089,0.088,0.088,0.089,0.089,0.553,0.546,0.628,0.704,0.434,1.064,0.882,0.271,0.625,0.477,0.088,0.091,0.541,0.418,0.3,0.303,0.612,0.956,0.37,0.682,0.361,0.624,0.091,0.09,0.827,0.658,0.409,0.092,0.868,0.616,0.734,0.306,0.355,0.418,0.089,0.09,1.082,1.321,1.375,1.284,1.112,1.339,1.284,1.338,1.165,1.287,0.089,0.088,1.136,1.179,0.871,1.381,1.219,1.284,0.775,1.124,1.296,1.282,0.09,0.088,1.138,1.084,0.887,0.088,1.328,1.099,1.277,1.237,1.173,1.326,0.09,0.088,0.087,0.09,0.09,0.087,0.087,0.087,0.089,0.087,0.087,0.089,0.092
,9:24:16,36,0.09,0.088,0.087,0.087,0.088,0.088,0.089,0.089,0.089,0.088,0.087,0.089,0.089,0.559,0.549,0.631,0.706,0.44,1.068,0.888,0.274,0.625,0.479,0.088,0.091,0.546,0.421,0.303,0.306,0.617,0.962,0.374,0.686,0.363,0.627,0.09,0.09,0.833,0.659,0.415,0.092,0.874,0.618,0.737,0.309,0.359,0.419,0.089,0.09,1.09,1.324,1.38,1.286,1.118,1.344,1.288,1.341,1.165,1.291,0.089,0.088,1.137,1.179,0.871,1.385,1.22,1.287,0.779,1.125,1.301,1.292,0.09,0.088,1.145,1.085,0.892,0.088,1.333,1.099,1.283,1.242,1.177,1.329,0.09,0.087,0.087,0.089,0.09,0.086,0.087,0.087,0.089,0.087,0.087,0.088,0.092
,9:29:16,36,0.09,0.088,0.087,0.087,0.088,0.088,0.089,0.089,0.089,0.088,0.087,0.089,0.089,0.565,0.553,0.632,0.709,0.446,1.073,0.895,0.276,0.627,0.482,0.088,0.091,0.551,0.425,0.306,0.308,0.617,0.968,0.379,0.692,0.365,0.629,0.091,0.09,0.839,0.66,0.422,0.092,0.88,0.621,0.741,0.311,0.363,0.422,0.089,0.09,1.097,1.328,1.387,1.288,1.125,1.349,1.293,1.345,1.167,1.296,0.089,0.088,1.138,1.181,0.872,1.39,1.22,1.29,0.785,1.125,1.307,1.304,0.09,0.088,1.155,1.085,0.898,0.088,1.338,1.1,1.29,1.248,1.18,1.332,0.09,0.088,0.088,0.09,0.091,0.087,0.088,0.087,0.089,0.087,0.087,0.089,0.092
,9:34:16,36,0.09,0.088,0.087,0.087,0.088,0.088,0.089,0.089,0.089,0.088,0.087,0.089,0.089,0.571,0.556,0.634,0.711,0.451,1.079,0.901,0.279,0.629,0.484,0.088,0.091,0.555,0.429,0.311,0.311,0.618,0.974,0.384,0.696,0.367,0.631,0.091,0.09,0.845,0.66,0.428,0.092,0.886,0.622,0.744,0.312,0.367,0.424,0.089,0.09,1.105,1.332,1.392,1.291,1.13,1.354,1.297,1.348,1.168,1.3,0.089,0.088,1.138,1.182,0.87,1.394,1.221,1.293,0.79,1.125,1.311,1.316,0.09,0.088,1.164,1.086,0.902,0.088,1.341,1.1,1.296,1.253,1.183,1.335,0.091,0.088,0.087,0.089,0.09,0.087,0.087,0.087,0.089,0.087,0.087,0.089,0.092
,9:39:16,36,0.09,0.088,0.087,0.087,0.088,0.088,0.089,0.089,0.089,0.088,0.087,0.089,0.089,0.576,0.559,0.636,0.714,0.456,1.084,0.908,0.282,0.631,0.486,0.088,0.091,0.56,0.432,0.315,0.314,0.62,0.98,0.389,0.702,0.37,0.632,0.091,0.09,0.851,0.661,0.435,0.093,0.893,0.624,0.748,0.315,0.373,0.427,0.089,0.09,1.113,1.336,1.398,1.292,1.137,1.36,1.3,1.351,1.168,1.305,0.089,0.088,1.139,1.183,0.869,1.399,1.222,1.296,0.793,1.125,1.317,1.331,0.09,0.088,1.175,1.087,0.907,0.088,1.347,1.101,1.302,1.259,1.186,1.339,0.091,0.088,0.088,0.09,0.09,0.087,0.087,0.087,0.089,0.087,0.087,0.089,0.092
,9:44:16,36.1,0.09,0.088,0.087,0.087,0.088,0.088,0.09,0.089,0.089,0.088,0.087,0.089,0.089,0.583,0.563,0.636,0.716,0.462,1.088,0.914,0.284,0.632,0.488,0.088,0.091,0.565,0.436,0.32,0.316,0.621,0.986,0.394,0.708,0.372,0.634,0.091,0.09,0.856,0.661,0.442,0.093,0.899,0.626,0.751,0.317,0.377,0.429,0.089,0.09,1.122,1.339,1.402,1.294,1.145,1.365,1.303,1.354,1.169,1.309,0.089,0.088,1.14,1.183,0.873,1.402,1.222,1.299,0.797,1.125,1.322,1.343,0.09,0.088,1.186,1.087,0.911,0.088,1.35,1.101,1.309,1.265,1.19,1.341,0.091,0.088,0.087,0.09,0.09,0.087,0.087,0.087,0.089,0.087,0.087,0.089,0.092
,9:49:16,36,0.09,0.088,0.087,0.087,0.088,0.088,0.089,0.089,0.088,0.088,0.087,0.089,0.089,0.589,0.565,0.637,0.718,0.467,1.092,0.92,0.287,0.633,0.49,0.088,0.091,0.569,0.439,0.324,0.318,0.623,0.992,0.398,0.714,0.374,0.636,0.091,0.09,0.862,0.664,0.448,0.092,0.905,0.627,0.755,0.319,0.383,0.431,0.089,0.09,1.131,1.342,1.406,1.296,1.154,1.372,1.307,1.357,1.17,1.316,0.089,0.088,1.141,1.184,0.873,1.405,1.223,1.301,0.8,1.124,1.328,1.354,0.09,0.088,1.195,1.087,0.912,0.088,1.356,1.101,1.319,1.27,1.192,1.343,0.09,0.087,0.088,0.09,0.09,0.087,0.087,0.087,0.089,0.087,0.087,0.089,0.092
,9:54:16,36,0.09,0.088,0.087,0.087,0.088,0.088,0.089,0.089,0.089,0.088,0.087,0.089,0.089,0.591,0.568,0.638,0.72,0.473,1.096,0.926,0.289,0.634,0.491,0.088,0.091,0.573,0.443,0.327,0.321,0.624,0.997,0.401,0.719,0.376,0.637,0.091,0.09,0.866,0.663,0.455,0.093,0.911,0.628,0.758,0.322,0.385,0.433,0.089,0.09,1.142,1.345,1.409,1.298,1.159,1.378,1.31,1.36,1.171,1.32,0.089,0.088,1.141,1.184,0.874,1.409,1.224,1.304,0.802,1.124,1.334,1.363,0.09,0.088,1.206,1.088,0.918,0.088,1.359,1.102,1.329,1.276,1.196,1.345,0.09,0.088,0.087,0.09,0.09,0.087,0.087,0.087,0.089,0.087,0.087,0.089,0.092
,9:59:16,36,0.09,0.088,0.087,0.087,0.088,0.088,0.089,0.089,0.089,0.088,0.087,0.089,0.089,0.594,0.571,0.639,0.723,0.478,1.099,0.932,0.292,0.635,0.494,0.088,0.091,0.578,0.448,0.332,0.324,0.627,1.003,0.408,0.725,0.378,0.639,0.091,0.09,0.873,0.664,0.461,0.093,0.916,0.63,0.762,0.325,0.391,0.435,0.089,0.09,1.155,1.348,1.413,1.299,1.165,1.384,1.314,1.363,1.172,1.324,0.089,0.088,1.141,1.185,0.874,1.413,1.225,1.306,0.805,1.125,1.342,1.372,0.09,0.088,1.215,1.09,0.923,0.088,1.364,1.103,1.341,1.282,1.199,1.347,0.091,0.088,0.087,0.09,0.09,0.087,0.087,0.087,0.089,0.087,0.087,0.089,0.092
,10:04:16,36.1,0.09,0.088,0.087,0.087,0.088,0.088,0.089,0.089,0.089,0.088,0.087,0.089,0.089,0.595,0.571,0.641,0.726,0.484,1.104,0.939,0.295,0.637,0.495,0.088,0.091,0.579,0.452,0.336,0.326,0.627,1.009,0.412,0.731,0.38,0.642,0.091,0.09,0.878,0.664,0.468,0.093,0.922,0.632,0.766,0.327,0.394,0.437,0.089,0.09,1.167,1.351,1.416,1.301,1.173,1.39,1.317,1.367,1.172,1.328,0.089,0.088,1.142,1.185,0.876,1.416,1.226,1.309,0.809,1.124,1.352,1.379,0.09,0.088,1.223,1.09,0.928,0.088,1.367,1.103,1.353,1.289,1.203,1.35,0.09,0.087,0.087,0.09,0.09,0.087,0.087,0.087,0.089,0.087,0.087,0.089,0.092
,10:09:16,36,0.09,0.088,0.087,0.087,0.089,0.088,0.089,0.089,0.089,0.088,0.088,0.089,0.089,0.597,0.572,0.642,0.728,0.489,1.11,0.945,0.297,0.639,0.498,0.088,0.091,0.579,0.456,0.34,0.329,0.628,1.015,0.417,0.737,0.382,0.645,0.091,0.09,0.884,0.667,0.475,0.093,0.928,0.634,0.77,0.329,0.405,0.439,0.089,0.09,1.182,1.355,1.42,1.303,1.182,1.397,1.32,1.369,1.173,1.331,0.089,0.088,1.142,1.187,0.876,1.419,1.226,1.311,0.811,1.124,1.365,1.385,0.09,0.088,1.232,1.09,0.933,0.088,1.371,1.104,1.366,1.296,1.206,1.351,0.091,0.088,0.087,0.09,0.09,0.087,0.087,0.087,0.089,0.087,0.087,0.089,0.093
,10:14:16,36,0.09,0.088,0.087,0.087,0.089,0.088,0.09,0.089,0.089,0.088,0.088,0.089,0.089,0.598,0.573,0.643,0.731,0.495,1.116,0.951,0.3,0.641,0.5,0.089,0.091,0.579,0.46,0.344,0.332,0.63,1.02,0.42,0.743,0.384,0.649,0.091,0.09,0.89,0.668,0.482,0.093,0.933,0.637,0.774,0.331,0.41,0.442,0.089,0.09,1.196,1.357,1.423,1.304,1.191,1.4,1.322,1.372,1.174,1.335,0.089,0.088,1.142,1.187,0.878,1.422,1.227,1.313,0.815,1.124,1.38,1.389,0.09,0.088,1.242,1.091,0.938,0.088,1.375,1.105,1.379,1.304,1.209,1.353,0.09,0.088,0.088,0.09,0.091,0.087,0.087,0.087,0.089,0.087,0.087,0.089,0.093
,10:19:16,36,0.09,0.088,0.087,0.087,0.088,0.088,0.089,0.089,0.089,0.088,0.088,0.089,0.089,0.598,0.574,0.644,0.734,0.5,1.119,0.957,0.302,0.643,0.502,0.088,0.091,0.58,0.463,0.348,0.334,0.632,1.025,0.425,0.748,0.386,0.651,0.091,0.09,0.896,0.67,0.487,0.093,0.939,0.639,0.778,0.332,0.413,0.443,0.089,0.09,1.21,1.36,1.425,1.305,1.2,1.403,1.324,1.374,1.175,1.338,0.089,0.088,1.143,1.187,0.878,1.425,1.228,1.315,0.817,1.124,1.394,1.392,0.09,0.088,1.25,1.091,0.941,0.088,1.378,1.106,1.389,1.313,1.212,1.355,0.09,0.088,0.087,0.09,0.091,0.087,0.087,0.087,0.089,0.087,0.087,0.089,0.093
,10:24:16,36.1,0.09,0.088,0.087,0.087,0.088,0.088,0.09,0.089,0.089,0.088,0.088,0.089,0.089,0.599,0.575,0.645,0.737,0.506,1.123,0.963,0.305,0.645,0.504,0.088,0.091,0.58,0.467,0.353,0.336,0.633,1.031,0.43,0.754,0.389,0.655,0.091,0.09,0.902,0.673,0.495,0.093,0.944,0.643,0.782,0.334,0.421,0.445,0.09,0.09,1.222,1.362,1.428,1.307,1.212,1.406,1.327,1.377,1.175,1.341,0.089,0.088,1.143,1.188,0.88,1.429,1.229,1.317,0.82,1.124,1.406,1.397,0.09,0.088,1.259,1.091,0.946,0.088,1.382,1.107,1.395,1.324,1.215,1.357,0.091,0.088,0.087,0.09,0.09,0.087,0.087,0.087,0.089,0.087,0.087,0.089,0.092
,10:29:16,36,0.09,0.088,0.087,0.087,0.088,0.088,0.089,0.089,0.089,0.088,0.087,0.089,0.089,0.601,0.576,0.647,0.74,0.512,1.126,0.969,0.308,0.648,0.505,0.089,0.091,0.581,0.472,0.356,0.339,0.635,1.037,0.43,0.761,0.391,0.658,0.091,0.09,0.908,0.674,0.501,0.093,0.949,0.646,0.786,0.337,0.422,0.447,0.089,0.09,1.233,1.364,1.431,1.308,1.224,1.41,1.33,1.379,1.176,1.345,0.089,0.088,1.143,1.188,0.881,1.431,1.229,1.32,0.822,1.124,1.416,1.4,0.09,0.088,1.268,1.092,0.95,0.088,1.387,1.108,1.401,1.335,1.218,1.359,0.091,0.088,0.087,0.089,0.091,0.087,0.087,0.087,0.089,0.087,0.087,0.089,0.093
,10:34:16,36.1,0.09,0.088,0.087,0.087,0.088,0.088,0.089,0.089,0.089,0.088,0.087,0.089,0.089,0.6,0.577,0.648,0.743,0.519,1.13,0.975,0.31,0.651,0.506,0.089,0.091,0.581,0.476,0.36,0.341,0.635,1.041,0.428,0.767,0.393,0.663,0.091,0.09,0.913,0.678,0.507,0.093,0.954,0.649,0.79,0.339,0.427,0.449,0.089,0.09,1.244,1.366,1.434,1.309,1.238,1.412,1.331,1.38,1.176,1.347,0.089,0.088,1.143,1.189,0.885,1.433,1.229,1.32,0.825,1.124,1.422,1.403,0.09,0.088,1.279,1.091,0.955,0.088,1.39,1.109,1.407,1.346,1.222,1.361,0.09,0.088,0.088,0.089,0.09,0.087,0.087,0.087,0.089,0.087,0.087,0.089,0.092
,10:39:16,36,0.09,0.088,0.087,0.087,0.088,0.088,0.089,0.089,0.089,0.088,0.088,0.089,0.089,0.602,0.578,0.65,0.746,0.524,1.134,0.98,0.313,0.654,0.507,0.088,0.091,0.582,0.48,0.364,0.344,0.637,1.046,0.429,0.773,0.395,0.667,0.091,0.09,0.919,0.681,0.513,0.093,0.959,0.653,0.793,0.341,0.431,0.451,0.089,0.09,1.256,1.368,1.437,1.31,1.251,1.415,1.334,1.382,1.176,1.35,0.089,0.088,1.143,1.189,0.885,1.436,1.23,1.322,0.827,1.123,1.427,1.407,0.09,0.088,1.29,1.093,0.961,0.088,1.393,1.11,1.411,1.358,1.225,1.362,0.09,0.088,0.087,0.09,0.09,0.087,0.087,0.087,0.089,0.087,0.087,0.089,0.092
,10:44:16,36.1,0.09,0.088,0.087,0.087,0.088,0.088,0.089,0.089,0.089,0.088,0.088,0.089,0.089,0.603,0.58,0.651,0.748,0.531,1.139,0.986,0.315,0.657,0.509,0.088,0.091,0.583,0.484,0.369,0.345,0.639,1.051,0.429,0.778,0.397,0.672,0.091,0.09,0.926,0.683,0.52,0.093,0.965,0.657,0.798,0.343,0.435,0.453,0.089,0.09,1.267,1.37,1.44,1.312,1.263,1.417,1.336,1.385,1.177,1.352,0.089,0.088,1.143,1.189,0.885,1.439,1.231,1.324,0.828,1.123,1.433,1.41,0.09,0.088,1.299,1.093,0.967,0.088,1.396,1.111,1.415,1.371,1.229,1.363,0.091,0.088,0.087,0.09,0.09,0.087,0.087,0.087,0.089,0.087,0.087,0.089,0.092
,10:49:16,36.1,0.09,0.088,0.087,0.087,0.088,0.088,0.089,0.089,0.089,0.088,0.087,0.089,0.089,0.604,0.582,0.653,0.752,0.537,1.144,0.992,0.318,0.66,0.51,0.088,0.091,0.584,0.488,0.373,0.348,0.64,1.056,0.427,0.784,0.399,0.676,0.091,0.09,0.932,0.683,0.527,0.093,0.969,0.662,0.801,0.346,0.438,0.455,0.089,0.09,1.278,1.371,1.444,1.313,1.274,1.42,1.337,1.387,1.177,1.356,0.089,0.088,1.144,1.19,0.887,1.441,1.232,1.326,0.832,1.123,1.437,1.413,0.09,0.088,1.306,1.092,0.973,0.088,1.397,1.112,1.42,1.381,1.232,1.365,0.09,0.087,0.087,0.089,0.09,0.087,0.087,0.087,0.089,0.087,0.087,0.089,0.092
,10:54:16,36,0.09,0.088,0.087,0.087,0.088,0.088,0.089,0.089,0.089,0.088,0.088,0.089,0.089,0.607,0.583,0.655,0.755,0.543,1.148,0.998,0.32,0.663,0.51,0.088,0.091,0.584,0.491,0.379,0.35,0.642,1.061,0.426,0.791,0.401,0.682,0.091,0.09,0.939,0.685,0.534,0.093,0.975,0.666,0.806,0.347,0.441,0.456,0.089,0.09,1.288,1.373,1.446,1.314,1.286,1.422,1.339,1.388,1.177,1.359,0.089,0.088,1.143,1.19,0.889,1.443,1.231,1.327,0.833,1.123,1.442,1.417,0.09,0.088,1.314,1.091,0.979,0.088,1.4,1.114,1.427,1.389,1.237,1.366,0.09,0.087,0.087,0.09,0.09,0.087,0.087,0.087,0.089,0.087,0.087,0.089,0.092
,10:59:16,36,0.09,0.088,0.087,0.087,0.088,0.088,0.089,0.089,0.089,0.088,0.088,0.089,0.089,0.609,0.585,0.656,0.758,0.549,1.152,1.004,0.323,0.667,0.51,0.088,0.091,0.585,0.495,0.384,0.353,0.643,1.066,0.426,0.797,0.403,0.688,0.091,0.09,0.945,0.687,0.54,0.093,0.979,0.671,0.81,0.348,0.448,0.458,0.089,0.09,1.298,1.375,1.449,1.315,1.295,1.424,1.341,1.389,1.178,1.363,0.089,0.088,1.143,1.191,0.889,1.446,1.232,1.329,0.835,1.123,1.448,1.42,0.09,0.088,1.321,1.091,0.985,0.088,1.401,1.116,1.433,1.397,1.242,1.367,0.09,0.088,0.087,0.089,0.091,0.087,0.087,0.087,0.089,0.087,0.087,0.089,0.092
,11:04:16,36,0.09,0.088,0.087,0.087,0.088,0.088,0.089,0.089,0.089,0.088,0.087,0.089,0.089,0.612,0.586,0.659,0.761,0.556,1.155,1.009,0.325,0.671,0.511,0.088,0.091,0.586,0.499,0.388,0.355,0.644,1.071,0.424,0.802,0.406,0.693,0.091,0.09,0.952,0.689,0.546,0.093,0.984,0.677,0.814,0.35,0.451,0.46,0.089,0.09,1.308,1.377,1.451,1.317,1.303,1.426,1.343,1.391,1.178,1.364,0.089,0.088,1.144,1.191,0.893,1.448,1.232,1.331,0.837,1.123,1.455,1.423,0.09,0.088,1.329,1.092,0.99,0.088,1.404,1.117,1.44,1.403,1.248,1.368,0.091,0.088,0.087,0.089,0.091,0.087,0.087,0.087,0.089,0.087,0.087,0.089,0.092
,11:09:16,36,0.09,0.088,0.087,0.087,0.088,0.088,0.089,0.089,0.089,0.088,0.087,0.089,0.089,0.615,0.588,0.66,0.764,0.562,1.159,1.014,0.328,0.675,0.511,0.088,0.091,0.587,0.503,0.393,0.357,0.646,1.075,0.425,0.808,0.408,0.699,0.091,0.09,0.958,0.692,0.552,0.093,0.989,0.683,0.818,0.351,0.454,0.461,0.089,0.09,1.317,1.378,1.453,1.317,1.309,1.428,1.344,1.393,1.178,1.367,0.089,0.088,1.143,1.191,0.894,1.45,1.233,1.332,0.839,1.122,1.461,1.427,0.09,0.088,1.336,1.092,0.996,0.088,1.406,1.119,1.445,1.409,1.254,1.369,0.09,0.087,0.087,0.09,0.09,0.087,0.087,0.087,0.089,0.087,0.087,0.089,0.092
,11:14:16,36.1,0.09,0.088,0.087,0.087,0.088,0.088,0.089,0.089,0.088,0.088,0.087,0.089,0.089,0.618,0.589,0.663,0.768,0.569,1.163,1.02,0.33,0.679,0.512,0.088,0.091,0.587,0.507,0.397,0.359,0.648,1.079,0.425,0.814,0.41,0.704,0.091,0.09,0.965,0.694,0.559,0.093,0.994,0.688,0.823,0.354,0.459,0.463,0.089,0.09,1.326,1.38,1.455,1.319,1.317,1.431,1.346,1.395,1.179,1.369,0.089,0.088,1.143,1.191,0.898,1.451,1.234,1.333,0.842,1.122,1.465,1.43,0.09,0.088,1.343,1.091,1.003,0.088,1.408,1.12,1.448,1.415,1.261,1.37,0.09,0.087,0.087,0.09,0.09,0.087,0.087,0.087,0.089,0.087,0.087,0.089,0.092
,11:19:16,36,0.09,0.088,0.087,0.087,0.088,0.088,0.089,0.089,0.089,0.088,0.087,0.089,0.089,0.622,0.591,0.665,0.771,0.575,1.167,1.025,0.333,0.683,0.512,0.088,0.091,0.589,0.511,0.402,0.361,0.65,1.083,0.427,0.819,0.412,0.71,0.091,0.09,0.971,0.696,0.565,0.093,0.998,0.695,0.827,0.356,0.463,0.465,0.089,0.09,1.336,1.381,1.456,1.32,1.324,1.433,1.347,1.396,1.179,1.371,0.089,0.088,1.143,1.192,0.898,1.453,1.234,1.335,0.844,1.122,1.469,1.433,0.09,0.088,1.351,1.091,1.01,0.088,1.409,1.121,1.452,1.422,1.269,1.371,0.09,0.088,0.087,0.089,0.09,0.087,0.087,0.087,0.089,0.087,0.087,0.089,0.092
,11:24:16,36,0.09,0.088,0.087,0.087,0.088,0.088,0.089,0.089,0.089,0.088,0.088,0.089,0.089,0.625,0.591,0.668,0.775,0.582,1.171,1.031,0.335,0.688,0.513,0.089,0.091,0.589,0.515,0.407,0.364,0.651,1.089,0.427,0.824,0.414,0.716,0.091,0.09,0.979,0.698,0.572,0.093,1.002,0.701,0.832,0.358,0.468,0.466,0.089,0.09,1.344,1.384,1.459,1.322,1.332,1.435,1.35,1.398,1.179,1.373,0.089,0.088,1.143,1.191,0.899,1.456,1.234,1.337,0.846,1.121,1.472,1.437,0.09,0.088,1.359,1.092,1.018,0.088,1.411,1.123,1.454,1.428,1.278,1.373,0.09,0.088,0.087,0.09,0.09,0.087,0.087,0.087,0.089,0.087,0.087,0.089,0.092
,11:29:16,36,0.09,0.088,0.087,0.087,0.089,0.088,0.089,0.089,0.089,0.088,0.087,0.089,0.089,0.629,0.592,0.67,0.778,0.589,1.175,1.037,0.338,0.693,0.514,0.088,0.091,0.591,0.518,0.415,0.366,0.654,1.094,0.428,0.83,0.416,0.722,0.091,0.09,0.985,0.699,0.574,0.094,1.007,0.707,0.837,0.36,0.473,0.469,0.09,0.09,1.353,1.384,1.46,1.323,1.338,1.438,1.351,1.399,1.18,1.376,0.089,0.088,1.143,1.192,0.902,1.457,1.235,1.338,0.849,1.122,1.476,1.441,0.09,0.088,1.365,1.092,1.027,0.088,1.414,1.125,1.458,1.433,1.291,1.374,0.091,0.088,0.088,0.09,0.09,0.087,0.087,0.087,0.089,0.087,0.087,0.089,0.092
,11:34:16,36,0.09,0.088,0.087,0.087,0.088,0.088,0.089,0.089,0.089,0.088,0.087,0.089,0.089,0.633,0.594,0.673,0.782,0.595,1.179,1.042,0.34,0.697,0.514,0.088,0.091,0.591,0.521,0.42,0.368,0.656,1.097,0.429,0.835,0.419,0.727,0.091,0.09,0.99,0.701,0.575,0.094,1.012,0.714,0.841,0.362,0.477,0.47,0.089,0.09,1.361,1.386,1.462,1.323,1.343,1.439,1.352,1.4,1.18,1.377,0.089,0.088,1.142,1.191,0.903,1.458,1.235,1.339,0.851,1.121,1.477,1.443,0.09,0.088,1.37,1.092,1.035,0.088,1.414,1.127,1.46,1.437,1.3,1.374,0.09,0.088,0.087,0.09,0.09,0.087,0.087,0.087,0.089,0.087,0.087,0.089,0.092
,11:39:16,36.1,0.09,0.088,0.087,0.087,0.089,0.088,0.09,0.089,0.089,0.088,0.088,0.089,0.089,0.637,0.597,0.675,0.785,0.6,1.183,1.047,0.343,0.703,0.515,0.089,0.091,0.593,0.526,0.425,0.371,0.657,1.102,0.431,0.84,0.42,0.733,0.091,0.09,0.996,0.703,0.576,0.094,1.017,0.72,0.846,0.363,0.481,0.472,0.09,0.09,1.368,1.386,1.464,1.325,1.349,1.441,1.354,1.401,1.18,1.379,0.089,0.088,1.144,1.192,0.905,1.46,1.235,1.34,0.852,1.121,1.479,1.446,0.09,0.088,1.375,1.092,1.044,0.088,1.417,1.129,1.462,1.44,1.307,1.375,0.091,0.088,0.088,0.09,0.09,0.087,0.087,0.087,0.089,0.088,0.087,0.089,0.093
,11:44:16,36,0.09,0.088,0.087,0.087,0.088,0.088,0.089,0.089,0.089,0.088,0.087,0.089,0.089,0.641,0.597,0.678,0.789,0.601,1.186,1.052,0.345,0.707,0.515,0.088,0.091,0.594,0.53,0.429,0.373,0.66,1.105,0.432,0.845,0.422,0.739,0.091,0.09,1.002,0.705,0.576,0.094,1.022,0.728,0.851,0.365,0.486,0.474,0.09,0.09,1.375,1.388,1.465,1.325,1.354,1.442,1.355,1.402,1.181,1.38,0.089,0.088,1.143,1.192,0.906,1.462,1.236,1.341,0.855,1.121,1.482,1.449,0.09,0.088,1.38,1.093,1.054,0.088,1.417,1.131,1.465,1.444,1.314,1.376,0.09,0.088,0.087,0.089,0.09,0.087,0.088,0.087,0.089,0.087,0.087,0.089,0.092
,11:49:16,36,0.09,0.088,0.087,0.087,0.088,0.088,0.089,0.089,0.089,0.088,0.087,0.089,0.089,0.646,0.599,0.679,0.792,0.602,1.19,1.057,0.347,0.713,0.515,0.088,0.091,0.595,0.534,0.434,0.376,0.661,1.109,0.433,0.85,0.423,0.744,0.091,0.09,1.007,0.707,0.576,0.094,1.026,0.734,0.856,0.366,0.491,0.475,0.089,0.09,1.381,1.39,1.467,1.327,1.357,1.443,1.357,1.404,1.181,1.382,0.089,0.088,1.142,1.192,0.909,1.463,1.237,1.342,0.858,1.121,1.483,1.452,0.09,0.088,1.383,1.093,1.065,0.088,1.419,1.132,1.467,1.448,1.321,1.377,0.09,0.088,0.087,0.089,0.09,0.087,0.087,0.087,0.089,0.087,0.087,0.089,0.092
,11:54:16,36,0.09,0.088,0.087,0.087,0.088,0.088,0.089,0.089,0.088,0.088,0.087,0.089,0.089,0.65,0.6,0.681,0.796,0.603,1.194,1.063,0.35,0.717,0.516,0.088,0.091,0.596,0.537,0.441,0.378,0.663,1.113,0.436,0.855,0.425,0.749,0.091,0.09,1.012,0.708,0.575,0.093,1.029,0.741,0.86,0.368,0.496,0.476,0.089,0.09,1.387,1.391,1.469,1.328,1.364,1.444,1.358,1.404,1.181,1.383,0.089,0.088,1.141,1.192,0.912,1.464,1.237,1.343,0.859,1.12,1.485,1.455,0.09,0.088,1.387,1.092,1.075,0.088,1.42,1.134,1.47,1.451,1.328,1.377,0.09,0.088,0.088,0.089,0.09,0.087,0.087,0.087,0.089,0.087,0.087,0.089,0.092
,11:59:16,36,0.09,0.088,0.087,0.087,0.088,0.088,0.089,0.089,0.089,0.088,0.087,0.089,0.089,0.654,0.602,0.684,0.8,0.604,1.197,1.068,0.352,0.723,0.516,0.088,0.091,0.598,0.541,0.444,0.379,0.666,1.117,0.439,0.86,0.427,0.754,0.091,0.09,1.018,0.71,0.575,0.094,1.034,0.747,0.865,0.37,0.501,0.476,0.089,0.09,1.392,1.392,1.47,1.33,1.367,1.445,1.359,1.406,1.181,1.384,0.089,0.088,1.141,1.193,0.911,1.466,1.237,1.344,0.862,1.12,1.487,1.458,0.09,0.088,1.39,1.092,1.084,0.088,1.421,1.136,1.472,1.453,1.334,1.378,0.09,0.088,0.087,0.089,0.09,0.087,0.087,0.087,0.089,0.087,0.087,0.089,0.092
,12:04:16,36,0.09,0.088,0.087,0.087,0.088,0.088,0.089,0.089,0.089,0.088,0.087,0.089,0.089,0.658,0.603,0.686,0.803,0.604,1.2,1.072,0.355,0.729,0.517,0.088,0.091,0.599,0.544,0.45,0.382,0.668,1.121,0.44,0.865,0.428,0.76,0.091,0.09,1.024,0.711,0.575,0.093,1.039,0.754,0.87,0.373,0.506,0.477,0.089,0.09,1.397,1.393,1.472,1.33,1.372,1.446,1.361,1.407,1.181,1.385,0.089,0.088,1.142,1.192,0.914,1.467,1.238,1.345,0.863,1.12,1.489,1.46,0.09,0.088,1.393,1.092,1.093,0.088,1.421,1.138,1.475,1.456,1.34,1.379,0.09,0.087,0.087,0.089,0.09,0.087,0.087,0.087,0.089,0.087,0.087,0.089,0.092
,12:09:16,36,0.09,0.088,0.087,0.087,0.088,0.088,0.089,0.089,0.089,0.088,0.087,0.089,0.089,0.662,0.605,0.689,0.807,0.605,1.205,1.077,0.357,0.734,0.517,0.088,0.091,0.601,0.548,0.457,0.384,0.671,1.124,0.443,0.87,0.429,0.765,0.091,0.09,1.029,0.715,0.576,0.094,1.044,0.76,0.875,0.375,0.51,0.478,0.089,0.09,1.402,1.395,1.475,1.332,1.376,1.446,1.362,1.408,1.181,1.387,0.089,0.088,1.141,1.193,0.917,1.469,1.238,1.347,0.867,1.12,1.492,1.464,0.09,0.088,1.397,1.093,1.101,0.088,1.423,1.14,1.479,1.458,1.346,1.38,0.09,0.088,0.087,0.09,0.091,0.087,0.087,0.087,0.089,0.087,0.087,0.089,0.092
,12:14:16,36,0.09,0.088,0.087,0.087,0.088,0.088,0.089,0.089,0.089,0.088,0.087,0.089,0.089,0.667,0.607,0.692,0.811,0.606,1.208,1.081,0.36,0.739,0.518,0.088,0.091,0.601,0.551,0.462,0.386,0.673,1.128,0.446,0.875,0.431,0.771,0.091,0.09,1.034,0.716,0.576,0.094,1.048,0.766,0.879,0.378,0.515,0.478,0.089,0.09,1.407,1.396,1.476,1.333,1.38,1.446,1.363,1.408,1.181,1.387,0.089,0.088,1.141,1.192,0.918,1.47,1.239,1.348,0.868,1.119,1.494,1.466,0.09,0.088,1.399,1.094,1.107,0.088,1.424,1.142,1.481,1.46,1.352,1.38,0.09,0.088,0.087,0.09,0.09,0.087,0.087,0.087,0.089,0.087,0.087,0.089,0.092
,12:19:16,36,0.09,0.088,0.087,0.087,0.088,0.088,0.089,0.089,0.089,0.088,0.087,0.089,0.089,0.672,0.609,0.695,0.815,0.606,1.211,1.085,0.362,0.745,0.519,0.088,0.091,0.603,0.551,0.467,0.388,0.676,1.131,0.449,0.88,0.433,0.776,0.091,0.09,1.038,0.718,0.577,0.094,1.052,0.773,0.884,0.379,0.519,0.478,0.09,0.09,1.413,1.398,1.48,1.334,1.383,1.447,1.364,1.409,1.181,1.387,0.089,0.088,1.141,1.192,0.921,1.472,1.239,1.349,0.87,1.119,1.496,1.469,0.09,0.088,1.402,1.094,1.114,0.088,1.426,1.144,1.483,1.462,1.357,1.381,0.091,0.088,0.088,0.09,0.09,0.087,0.087,0.087,0.089,0.087,0.087,0.089,0.092
,12:24:16,36,0.09,0.088,0.087,0.087,0.088,0.088,0.089,0.089,0.089,0.088,0.087,0.089,0.089,0.677,0.611,0.697,0.818,0.607,1.215,1.09,0.364,0.75,0.519,0.088,0.091,0.606,0.551,0.474,0.39,0.678,1.135,0.452,0.885,0.434,0.781,0.091,0.09,1.043,0.719,0.578,0.094,1.057,0.78,0.889,0.381,0.526,0.479,0.089,0.09,1.418,1.4,1.482,1.335,1.388,1.447,1.366,1.41,1.181,1.389,0.089,0.088,1.141,1.192,0.921,1.473,1.24,1.35,0.873,1.119,1.499,1.471,0.09,0.088,1.405,1.095,1.119,0.088,1.427,1.147,1.487,1.464,1.364,1.382,0.09,0.087,0.087,0.09,0.09,0.087,0.087,0.087,0.089,0.087,0.087,0.089,0.092
,12:29:16,36,0.09,0.088,0.087,0.087,0.088,0.088,0.089,0.089,0.089,0.088,0.088,0.089,0.089,0.682,0.614,0.7,0.821,0.609,1.218,1.095,0.366,0.755,0.519,0.089,0.091,0.607,0.55,0.478,0.393,0.681,1.137,0.454,0.89,0.436,0.787,0.091,0.09,1.047,0.721,0.58,0.094,1.06,0.787,0.895,0.382,0.529,0.479,0.089,0.09,1.423,1.402,1.486,1.336,1.391,1.448,1.367,1.411,1.182,1.39,0.089,0.088,1.14,1.192,0.935,1.474,1.24,1.351,0.875,1.119,1.501,1.473,0.09,0.088,1.408,1.096,1.125,0.088,1.428,1.148,1.488,1.467,1.369,1.382,0.091,0.088,0.087,0.09,0.091,0.087,0.087,0.087,0.089,0.087,0.087,0.089,0.092
,12:34:16,36,0.09,0.088,0.087,0.087,0.088,0.088,0.089,0.089,0.088,0.088,0.087,0.089,0.089,0.686,0.616,0.703,0.825,0.61,1.221,1.099,0.369,0.761,0.52,0.088,0.091,0.607,0.551,0.485,0.395,0.683,1.141,0.458,0.894,0.437,0.792,0.091,0.09,1.051,0.724,0.581,0.094,1.064,0.793,0.9,0.384,0.531,0.479,0.089,0.09,1.426,1.403,1.488,1.337,1.393,1.448,1.368,1.411,1.182,1.391,0.089,0.088,1.14,1.192,0.938,1.475,1.24,1.353,0.877,1.118,1.502,1.476,0.09,0.088,1.41,1.097,1.131,0.088,1.429,1.151,1.49,1.468,1.374,1.383,0.09,0.087,0.087,0.09,0.09,0.087,0.087,0.087,0.089,0.087,0.087,0.089,0.092
,12:39:16,36,0.09,0.088,0.087,0.087,0.088,0.088,0.089,0.089,0.089,0.088,0.088,0.089,0.089,0.692,0.619,0.706,0.83,0.613,1.224,1.103,0.371,0.766,0.52,0.089,0.091,0.61,0.552,0.493,0.397,0.686,1.144,0.462,0.899,0.439,0.797,0.091,0.09,1.056,0.726,0.583,0.094,1.068,0.799,0.904,0.385,0.532,0.48,0.09,0.09,1.43,1.405,1.491,1.338,1.397,1.448,1.369,1.413,1.183,1.392,0.089,0.088,1.14,1.192,0.95,1.476,1.24,1.354,0.878,1.119,1.505,1.478,0.09,0.088,1.414,1.096,1.137,0.088,1.43,1.153,1.492,1.471,1.381,1.384,0.09,0.088,0.087,0.09,0.09,0.087,0.087,0.087,0.089,0.087,0.087,0.089,0.092
,12:44:16,36.1,0.09,0.088,0.087,0.087,0.088,0.088,0.089,0.089,0.089,0.088,0.087,0.089,0.089,0.697,0.621,0.71,0.833,0.617,1.227,1.106,0.373,0.772,0.521,0.088,0.091,0.612,0.551,0.493,0.399,0.688,1.147,0.464,0.904,0.441,0.802,0.091,0.09,1.059,0.729,0.585,0.093,1.073,0.806,0.909,0.387,0.532,0.48,0.089,0.09,1.434,1.407,1.493,1.339,1.401,1.448,1.371,1.413,1.182,1.392,0.089,0.088,1.139,1.192,0.963,1.477,1.24,1.355,0.881,1.118,1.506,1.48,0.09,0.088,1.416,1.098,1.143,0.088,1.431,1.155,1.493,1.473,1.385,1.385,0.09,0.088,0.087,0.09,0.09,0.087,0.087,0.087,0.089,0.087,0.087,0.089,0.092
,12:49:16,36,0.09,0.088,0.087,0.087,0.088,0.088,0.089,0.089,0.089,0.088,0.088,0.089,0.089,0.702,0.624,0.712,0.836,0.621,1.231,1.109,0.375,0.777,0.522,0.088,0.091,0.613,0.552,0.495,0.401,0.691,1.15,0.47,0.91,0.442,0.807,0.091,0.09,1.063,0.732,0.587,0.094,1.078,0.812,0.914,0.39,0.532,0.48,0.089,0.09,1.437,1.409,1.493,1.34,1.403,1.448,1.372,1.413,1.183,1.394,0.089,0.088,1.14,1.192,0.967,1.478,1.241,1.356,0.882,1.118,1.508,1.482,0.09,0.088,1.419,1.099,1.149,0.088,1.431,1.157,1.495,1.475,1.389,1.385,0.09,0.087,0.087,0.089,0.09,0.087,0.087,0.087,0.089,0.087,0.087,0.089,0.092
,12:54:16,36,0.09,0.088,0.087,0.087,0.088,0.088,0.089,0.089,0.089,0.088,0.088,0.089,0.089,0.707,0.627,0.715,0.84,0.625,1.234,1.113,0.378,0.783,0.522,0.088,0.091,0.616,0.553,0.495,0.403,0.694,1.153,0.472,0.913,0.443,0.812,0.091,0.09,1.067,0.733,0.589,0.094,1.082,0.819,0.92,0.392,0.533,0.481,0.089,0.09,1.44,1.411,1.494,1.341,1.406,1.448,1.373,1.414,1.183,1.394,0.089,0.088,1.14,1.192,0.971,1.48,1.241,1.357,0.885,1.118,1.508,1.483,0.09,0.088,1.421,1.098,1.156,0.088,1.43,1.159,1.496,1.477,1.393,1.386,0.09,0.087,0.087,0.089,0.09,0.087,0.087,0.087,0.089,0.087,0.087,0.089,0.092
,12:59:16,36.1,0.09,0.088,0.087,0.087,0.088,0.088,0.089,0.089,0.089,0.088,0.088,0.089,0.089,0.713,0.63,0.718,0.843,0.629,1.236,1.117,0.379,0.789,0.523,0.088,0.091,0.618,0.553,0.494,0.406,0.697,1.155,0.476,0.918,0.445,0.818,0.091,0.09,1.071,0.735,0.592,0.094,1.086,0.824,0.924,0.394,0.532,0.481,0.089,0.09,1.443,1.413,1.494,1.342,1.409,1.448,1.373,1.415,1.183,1.394,0.089,0.088,1.14,1.192,0.973,1.481,1.242,1.359,0.888,1.117,1.51,1.485,0.09,0.088,1.425,1.099,1.163,0.088,1.43,1.161,1.497,1.478,1.396,1.387,0.09,0.087,0.087,0.09,0.09,0.087,0.087,0.087,0.089,0.087,0.087,0.089,0.092
,13:04:16,36.1,0.09,0.088,0.087,0.087,0.088,0.088,0.089,0.089,0.089,0.088,0.087,0.089,0.089,0.717,0.632,0.721,0.847,0.633,1.239,1.121,0.382,0.795,0.523,0.088,0.091,0.62,0.554,0.493,0.408,0.7,1.157,0.48,0.923,0.447,0.823,0.091,0.09,1.074,0.738,0.594,0.094,1.089,0.83,0.929,0.394,0.533,0.481,0.089,0.09,1.445,1.415,1.495,1.343,1.413,1.448,1.374,1.415,1.183,1.395,0.089,0.088,1.14,1.192,0.982,1.483,1.242,1.36,0.889,1.117,1.511,1.487,0.09,0.088,1.429,1.101,1.17,0.088,1.429,1.164,1.498,1.48,1.399,1.387,0.09,0.088,0.087,0.09,0.09,0.087,0.087,0.087,0.089,0.087,0.087,0.089,0.092
,13:09:16,36.1,0.09,0.088,0.087,0.087,0.088,0.088,0.089,0.089,0.089,0.088,0.087,0.089,0.089,0.724,0.635,0.725,0.852,0.637,1.243,1.124,0.384,0.801,0.524,0.089,0.091,0.621,0.555,0.489,0.41,0.703,1.161,0.484,0.928,0.448,0.827,0.091,0.09,1.078,0.741,0.597,0.094,1.093,0.837,0.934,0.396,0.533,0.482,0.089,0.09,1.448,1.418,1.495,1.344,1.415,1.449,1.375,1.416,1.183,1.396,0.089,0.088,1.139,1.192,0.985,1.484,1.243,1.363,0.89,1.117,1.511,1.489,0.09,0.088,1.433,1.101,1.179,0.088,1.428,1.166,1.499,1.48,1.402,1.388,0.091,0.087,0.088,0.09,0.09,0.087,0.087,0.087,0.089,0.087,0.087,0.089,0.092
,13:14:16,36,0.09,0.088,0.087,0.087,0.088,0.088,0.089,0.089,0.089,0.088,0.087,0.089,0.089,0.729,0.638,0.728,0.856,0.642,1.244,1.127,0.386,0.807,0.525,0.088,0.091,0.623,0.556,0.489,0.412,0.706,1.163,0.488,0.932,0.449,0.832,0.091,0.09,1.081,0.745,0.599,0.094,1.095,0.842,0.939,0.397,0.534,0.481,0.089,0.09,1.451,1.417,1.494,1.345,1.418,1.45,1.375,1.417,1.184,1.397,0.089,0.088,1.14,1.192,0.989,1.485,1.243,1.365,0.892,1.117,1.512,1.49,0.09,0.088,1.435,1.101,1.187,0.088,1.427,1.168,1.501,1.48,1.405,1.388,0.09,0.088,0.088,0.09,0.091,0.087,0.087,0.087,0.089,0.087,0.087,0.089,0.092
,13:19:16,36.1,0.09,0.088,0.087,0.087,0.088,0.088,0.089,0.089,0.089,0.088,0.088,0.089,0.089,0.733,0.64,0.732,0.858,0.647,1.246,1.13,0.388,0.813,0.526,0.088,0.091,0.626,0.558,0.489,0.414,0.709,1.166,0.491,0.937,0.45,0.837,0.091,0.09,1.085,0.748,0.603,0.094,1.099,0.848,0.944,0.399,0.535,0.481,0.09,0.09,1.453,1.418,1.493,1.346,1.419,1.451,1.376,1.417,1.184,1.396,0.089,0.088,1.139,1.192,0.989,1.486,1.244,1.366,0.893,1.116,1.512,1.492,0.09,0.088,1.438,1.102,1.194,0.088,1.425,1.17,1.502,1.48,1.407,1.389,0.09,0.088,0.088,0.09,0.09,0.087,0.087,0.087,0.089,0.087,0.087,0.089,0.092
,13:24:16,36,0.09,0.088,0.087,0.087,0.088,0.088,0.089,0.089,0.089,0.088,0.087,0.089,0.089,0.739,0.643,0.735,0.861,0.653,1.251,1.131,0.39,0.819,0.526,0.088,0.091,0.628,0.559,0.49,0.416,0.712,1.168,0.495,0.942,0.452,0.842,0.091,0.09,1.088,0.75,0.605,0.094,1.102,0.853,0.949,0.4,0.536,0.482,0.089,0.09,1.456,1.419,1.493,1.347,1.421,1.452,1.377,1.418,1.184,1.398,0.089,0.088,1.139,1.192,0.992,1.488,1.244,1.368,0.895,1.116,1.513,1.494,0.09,0.088,1.441,1.105,1.202,0.088,1.425,1.172,1.503,1.481,1.409,1.39,0.09,0.087,0.087,0.089,0.09,0.087,0.087,0.087,0.089,0.087,0.087,0.089,0.092
,13:29:16,36,0.09,0.089,0.087,0.087,0.089,0.088,0.089,0.089,0.089,0.088,0.088,0.089,0.089,0.744,0.646,0.739,0.866,0.659,1.253,1.135,0.392,0.825,0.527,0.088,0.091,0.63,0.56,0.49,0.418,0.715,1.171,0.498,0.946,0.453,0.847,0.091,0.09,1.091,0.753,0.609,0.094,1.107,0.859,0.954,0.403,0.537,0.482,0.09,0.09,1.459,1.419,1.493,1.348,1.423,1.452,1.378,1.418,1.184,1.397,0.089,0.088,1.141,1.192,0.995,1.488,1.244,1.369,0.897,1.117,1.513,1.496,0.09,0.088,1.443,1.105,1.211,0.088,1.423,1.175,1.504,1.481,1.412,1.39,0.091,0.088,0.088,0.09,0.091,0.087,0.087,0.087,0.089,0.088,0.087,0.089,0.093
,13:34:16,36,0.09,0.088,0.087,0.087,0.088,0.088,0.089,0.089,0.089,0.088,0.087,0.089,0.089,0.75,0.649,0.743,0.87,0.664,1.257,1.137,0.394,0.831,0.527,0.088,0.091,0.633,0.562,0.491,0.42,0.719,1.173,0.5,0.95,0.452,0.851,0.091,0.09,1.094,0.757,0.613,0.094,1.111,0.865,0.958,0.404,0.538,0.482,0.089,0.09,1.461,1.419,1.493,1.349,1.424,1.454,1.379,1.42,1.185,1.398,0.089,0.088,1.14,1.191,1.001,1.489,1.245,1.37,0.899,1.117,1.513,1.498,0.09,0.088,1.448,1.107,1.219,0.088,1.422,1.178,1.506,1.481,1.415,1.391,0.091,0.088,0.088,0.09,0.09,0.087,0.087,0.087,0.089,0.087,0.087,0.089,0.092
,13:39:16,36,0.09,0.088,0.087,0.087,0.088,0.088,0.089,0.089,0.089,0.088,0.087,0.089,0.089,0.756,0.652,0.746,0.873,0.67,1.259,1.14,0.396,0.836,0.529,0.088,0.091,0.635,0.563,0.487,0.422,0.722,1.175,0.503,0.954,0.453,0.856,0.091,0.09,1.097,0.761,0.616,0.094,1.116,0.869,0.962,0.407,0.54,0.482,0.089,0.09,1.464,1.419,1.492,1.35,1.427,1.454,1.38,1.421,1.185,1.399,0.089,0.088,1.141,1.191,1.006,1.489,1.245,1.37,0.901,1.116,1.514,1.5,0.09,0.088,1.451,1.108,1.227,0.088,1.42,1.18,1.506,1.482,1.417,1.391,0.09,0.088,0.087,0.09,0.09,0.087,0.088,0.087,0.089,0.087,0.087,0.089,0.092
,13:44:16,36,0.09,0.088,0.087,0.087,0.088,0.088,0.089,0.089,0.089,0.088,0.087,0.089,0.089,0.761,0.655,0.75,0.878,0.675,1.262,1.143,0.398,0.842,0.529,0.088,0.091,0.637,0.565,0.488,0.424,0.725,1.177,0.505,0.959,0.453,0.86,0.091,0.09,1.099,0.764,0.619,0.094,1.118,0.875,0.966,0.407,0.542,0.482,0.089,0.09,1.466,1.419,1.491,1.351,1.427,1.454,1.382,1.422,1.185,1.399,0.089,0.088,1.141,1.191,1.014,1.489,1.245,1.37,0.901,1.116,1.514,1.5,0.09,0.088,1.453,1.109,1.235,0.088,1.418,1.183,1.507,1.482,1.42,1.392,0.09,0.088,0.087,0.089,0.09,0.087,0.087,0.087,0.089,0.087,0.087,0.089,0.092
,13:49:16,36,0.09,0.088,0.087,0.087,0.088,0.088,0.089,0.089,0.089,0.088,0.087,0.088,0.089,0.766,0.658,0.753,0.88,0.681,1.264,1.145,0.4,0.847,0.53,0.088,0.091,0.64,0.568,0.489,0.426,0.727,1.179,0.51,0.964,0.453,0.864,0.091,0.09,1.101,0.769,0.623,0.094,1.12,0.879,0.97,0.409,0.544,0.482,0.09,0.09,1.469,1.417,1.491,1.352,1.43,1.455,1.384,1.424,1.185,1.399,0.089,0.088,1.141,1.191,1.021,1.489,1.245,1.37,0.903,1.115,1.515,1.502,0.09,0.088,1.455,1.111,1.243,0.088,1.417,1.187,1.508,1.482,1.423,1.393,0.09,0.088,0.087,0.09,0.09,0.087,0.087,0.087,0.089,0.087,0.087,0.089,0.092
,13:54:16,36,0.09,0.088,0.087,0.087,0.088,0.088,0.089,0.089,0.089,0.088,0.088,0.089,0.089,0.772,0.66,0.757,0.884,0.687,1.266,1.147,0.402,0.852,0.531,0.088,0.091,0.642,0.57,0.49,0.428,0.731,1.181,0.511,0.968,0.453,0.869,0.091,0.09,1.104,0.77,0.627,0.094,1.124,0.884,0.975,0.411,0.546,0.483,0.089,0.09,1.471,1.418,1.49,1.353,1.43,1.454,1.386,1.425,1.185,1.401,0.089,0.088,1.142,1.191,1.029,1.489,1.246,1.37,0.906,1.116,1.516,1.503,0.09,0.088,1.457,1.112,1.252,0.088,1.416,1.194,1.509,1.483,1.427,1.393,0.091,0.088,0.087,0.09,0.09,0.087,0.087,0.087,0.089,0.087,0.087,0.089,0.092
,13:59:16,36.1,0.09,0.088,0.087,0.087,0.088,0.088,0.089,0.089,0.089,0.088,0.088,0.089,0.089,0.776,0.664,0.761,0.888,0.694,1.268,1.148,0.403,0.857,0.532,0.088,0.091,0.644,0.572,0.49,0.43,0.735,1.183,0.516,0.972,0.454,0.872,0.091,0.09,1.106,0.773,0.631,0.094,1.126,0.889,0.98,0.412,0.549,0.483,0.089,0.09,1.473,1.417,1.49,1.353,1.432,1.453,1.387,1.426,1.185,1.401,0.089,0.088,1.142,1.191,1.039,1.488,1.246,1.37,0.907,1.115,1.515,1.504,0.09,0.088,1.459,1.112,1.26,0.088,1.414,1.202,1.511,1.483,1.429,1.394,0.09,0.088,0.088,0.089,0.09,0.087,0.087,0.087,0.089,0.087,0.087,0.089,0.092
,14:04:16,36.1,0.09,0.088,0.087,0.087,0.088,0.088,0.089,0.089,0.089,0.088,0.087,0.089,0.089,0.783,0.666,0.765,0.892,0.699,1.269,1.15,0.405,0.862,0.533,0.088,0.091,0.646,0.574,0.493,0.432,0.738,1.186,0.518,0.976,0.454,0.876,0.091,0.09,1.109,0.776,0.636,0.094,1.129,0.894,0.985,0.414,0.551,0.483,0.089,0.09,1.475,1.417,1.489,1.354,1.433,1.453,1.388,1.427,1.186,1.401,0.089,0.088,1.142,1.191,1.051,1.487,1.247,1.369,0.907,1.115,1.516,1.506,0.09,0.088,1.461,1.113,1.267,0.088,1.413,1.209,1.512,1.484,1.431,1.395,0.09,0.088,0.087,0.09,0.09,0.087,0.087,0.087,0.089,0.087,0.087,0.089,0.092
,14:09:16,36,0.09,0.088,0.087,0.087,0.088,0.088,0.089,0.089,0.089,0.088,0.088,0.089,0.089,0.787,0.67,0.768,0.896,0.705,1.273,1.151,0.407,0.868,0.534,0.089,0.091,0.649,0.576,0.491,0.434,0.741,1.188,0.522,0.98,0.454,0.881,0.091,0.09,1.111,0.78,0.641,0.094,1.133,0.899,0.989,0.416,0.554,0.484,0.09,0.09,1.478,1.417,1.488,1.355,1.435,1.452,1.389,1.428,1.186,1.402,0.089,0.088,1.143,1.191,1.056,1.487,1.247,1.369,0.907,1.114,1.517,1.508,0.09,0.088,1.464,1.115,1.275,0.088,1.412,1.214,1.514,1.484,1.435,1.396,0.091,0.088,0.088,0.09,0.09,0.087,0.087,0.087,0.089,0.087,0.087,0.089,0.092
,14:14:16,36,0.09,0.088,0.087,0.087,0.088,0.088,0.089,0.089,0.089,0.088,0.087,0.089,0.089,0.793,0.673,0.772,0.898,0.711,1.276,1.153,0.409,0.872,0.535,0.088,0.091,0.652,0.58,0.492,0.436,0.744,1.189,0.526,0.983,0.454,0.884,0.091,0.09,1.113,0.783,0.645,0.093,1.136,0.903,0.992,0.417,0.556,0.484,0.089,0.09,1.48,1.417,1.487,1.356,1.436,1.451,1.391,1.43,1.186,1.403,0.089,0.088,1.143,1.19,1.067,1.486,1.247,1.369,0.908,1.114,1.518,1.509,0.09,0.088,1.466,1.116,1.282,0.088,1.41,1.219,1.515,1.485,1.437,1.397,0.091,0.087,0.088,0.09,0.09,0.087,0.087,0.087,0.089,0.087,0.087,0.089,0.092
,14:19:16,36,0.09,0.088,0.087,0.087,0.088,0.088,0.089,0.089,0.089,0.088,0.087,0.089,0.089,0.797,0.675,0.775,0.902,0.717,1.278,1.155,0.411,0.877,0.536,0.088,0.091,0.654,0.581,0.496,0.437,0.747,1.19,0.529,0.986,0.455,0.888,0.091,0.09,1.115,0.784,0.65,0.094,1.139,0.908,0.996,0.419,0.559,0.484,0.089,0.09,1.482,1.417,1.487,1.357,1.438,1.45,1.392,1.43,1.186,1.402,0.089,0.088,1.143,1.19,1.076,1.485,1.248,1.368,0.91,1.114,1.518,1.511,0.09,0.088,1.468,1.117,1.289,0.088,1.409,1.227,1.516,1.484,1.44,1.397,0.09,0.088,0.087,0.09,0.09,0.087,0.088,0.087,0.089,0.087,0.087,0.089,0.092
,14:24:16,36,0.09,0.088,0.087,0.087,0.089,0.088,0.09,0.089,0.089,0.088,0.088,0.089,0.089,0.803,0.679,0.78,0.907,0.723,1.279,1.156,0.413,0.882,0.537,0.089,0.091,0.657,0.585,0.496,0.44,0.752,1.192,0.532,0.991,0.456,0.891,0.091,0.09,1.117,0.791,0.655,0.094,1.141,0.912,0.999,0.421,0.563,0.485,0.09,0.09,1.485,1.417,1.487,1.358,1.44,1.449,1.393,1.432,1.186,1.403,0.089,0.088,1.144,1.19,1.08,1.484,1.248,1.369,0.909,1.113,1.519,1.513,0.09,0.088,1.47,1.121,1.296,0.088,1.408,1.236,1.517,1.485,1.442,1.399,0.091,0.088,0.088,0.09,0.09,0.087,0.087,0.087,0.089,0.087,0.087,0.089,0.092
,14:29:16,36,0.09,0.088,0.087,0.087,0.089,0.088,0.09,0.089,0.089,0.088,0.087,0.089,0.089,0.808,0.682,0.783,0.91,0.73,1.28,1.157,0.415,0.887,0.538,0.089,0.091,0.659,0.587,0.499,0.442,0.754,1.194,0.533,0.994,0.456,0.896,0.091,0.09,1.119,0.797,0.659,0.094,1.142,0.917,1.003,0.423,0.566,0.485,0.089,0.09,1.487,1.416,1.486,1.358,1.442,1.447,1.393,1.432,1.187,1.403,0.089,0.088,1.145,1.19,1.074,1.483,1.248,1.368,0.91,1.113,1.519,1.515,0.09,0.088,1.472,1.12,1.302,0.088,1.407,1.245,1.518,1.485,1.444,1.401,0.091,0.088,0.088,0.09,0.09,0.087,0.087,0.087,0.089,0.087,0.087,0.089,0.092
,14:34:16,36,0.09,0.088,0.087,0.087,0.088,0.088,0.089,0.089,0.089,0.088,0.087,0.089,0.089,0.811,0.685,0.787,0.913,0.735,1.282,1.158,0.416,0.892,0.539,0.088,0.091,0.661,0.589,0.5,0.444,0.757,1.195,0.537,0.998,0.457,0.899,0.091,0.09,1.12,0.801,0.664,0.094,1.144,0.92,1.006,0.425,0.569,0.486,0.089,0.09,1.488,1.416,1.485,1.359,1.445,1.446,1.393,1.432,1.187,1.403,0.089,0.088,1.145,1.19,1.072,1.482,1.248,1.367,0.909,1.115,1.519,1.516,0.09,0.088,1.473,1.122,1.308,0.088,1.405,1.253,1.52,1.485,1.446,1.401,0.091,0.088,0.088,0.09,0.09,0.087,0.087,0.087,0.089,0.087,0.087,0.089,0.092
,14:39:16,36,0.09,0.088,0.087,0.087,0.089,0.088,0.089,0.089,0.089,0.088,0.087,0.089,0.089,0.817,0.689,0.79,0.917,0.741,1.283,1.159,0.418,0.896,0.54,0.088,0.091,0.663,0.592,0.501,0.445,0.761,1.197,0.539,1.002,0.458,0.902,0.091,0.09,1.122,0.806,0.67,0.094,1.147,0.925,1.011,0.425,0.573,0.486,0.089,0.09,1.49,1.416,1.485,1.36,1.446,1.445,1.393,1.433,1.188,1.405,0.089,0.088,1.145,1.19,1.068,1.482,1.249,1.367,0.909,1.113,1.52,1.518,0.09,0.088,1.476,1.124,1.315,0.088,1.404,1.26,1.521,1.486,1.448,1.404,0.091,0.088,0.088,0.09,0.091,0.087,0.087,0.087,0.089,0.087,0.087,0.089,0.092
,14:44:16,36,0.09,0.088,0.087,0.087,0.088,0.088,0.089,0.089,0.089,0.088,0.088,0.089,0.089,0.821,0.692,0.794,0.921,0.747,1.284,1.16,0.419,0.901,0.541,0.088,0.091,0.666,0.595,0.504,0.447,0.764,1.199,0.541,1.005,0.458,0.906,0.091,0.09,1.123,0.808,0.674,0.093,1.149,0.928,1.015,0.425,0.576,0.486,0.089,0.09,1.492,1.415,1.484,1.361,1.447,1.443,1.393,1.432,1.188,1.404,0.089,0.088,1.147,1.189,1.068,1.48,1.249,1.366,0.909,1.112,1.52,1.52,0.09,0.088,1.478,1.124,1.322,0.088,1.403,1.268,1.522,1.486,1.45,1.405,0.091,0.088,0.087,0.09,0.09,0.087,0.087,0.087,0.089,0.087,0.087,0.089,0.092
,14:49:16,36,0.09,0.088,0.087,0.087,0.088,0.088,0.089,0.089,0.089,0.088,0.087,0.089,0.089,0.825,0.694,0.798,0.924,0.753,1.286,1.161,0.421,0.906,0.542,0.089,0.091,0.668,0.598,0.507,0.449,0.767,1.2,0.545,1.007,0.459,0.909,0.091,0.09,1.125,0.809,0.679,0.094,1.152,0.931,1.019,0.426,0.58,0.487,0.089,0.09,1.494,1.414,1.484,1.361,1.449,1.442,1.393,1.432,1.189,1.405,0.089,0.088,1.148,1.189,1.067,1.48,1.25,1.365,0.908,1.112,1.521,1.52,0.09,0.088,1.479,1.127,1.328,0.088,1.401,1.274,1.523,1.486,1.452,1.407,0.091,0.088,0.088,0.09,0.09,0.087,0.087,0.087,0.089,0.087,0.087,0.089,0.092
,14:54:16,36,0.09,0.088,0.087,0.087,0.088,0.088,0.089,0.089,0.089,0.088,0.087,0.089,0.089,0.829,0.698,0.802,0.927,0.759,1.287,1.162,0.423,0.91,0.542,0.088,0.091,0.671,0.601,0.509,0.451,0.771,1.202,0.547,1.01,0.459,0.912,0.091,0.09,1.126,0.812,0.684,0.094,1.154,0.935,1.022,0.426,0.586,0.487,0.089,0.09,1.495,1.414,1.483,1.362,1.45,1.44,1.393,1.432,1.189,1.405,0.089,0.088,1.148,1.189,1.07,1.479,1.25,1.365,0.907,1.113,1.521,1.521,0.09,0.088,1.482,1.128,1.334,0.088,1.4,1.281,1.524,1.486,1.453,1.408,0.091,0.088,0.087,0.09,0.09,0.087,0.087,0.087,0.089,0.087,0.087,0.089,0.092
,14:59:16,36,0.09,0.088,0.087,0.087,0.088,0.088,0.089,0.089,0.089,0.088,0.087,0.089,0.089,0.834,0.701,0.806,0.93,0.764,1.288,1.162,0.425,0.915,0.544,0.088,0.091,0.673,0.604,0.511,0.453,0.774,1.203,0.549,1.013,0.46,0.915,0.091,0.09,1.127,0.816,0.689,0.094,1.156,0.939,1.025,0.426,0.588,0.488,0.089,0.09,1.497,1.414,1.483,1.362,1.453,1.439,1.392,1.432,1.189,1.406,0.089,0.088,1.149,1.189,1.073,1.478,1.25,1.365,0.907,1.111,1.522,1.52,0.09,0.088,1.483,1.128,1.339,0.088,1.399,1.287,1.524,1.487,1.455,1.41,0.09,0.087,0.088,0.09,0.09,0.087,0.087,0.087,0.089,0.087,0.087,0.089,0.092
,15:04:16,36,0.09,0.088,0.087,0.087,0.088,0.088,0.089,0.089,0.089,0.088,0.087,0.089,0.089,0.838,0.704,0.81,0.933,0.769,1.289,1.163,0.426,0.919,0.545,0.088,0.091,0.676,0.608,0.514,0.456,0.778,1.204,0.554,1.016,0.461,0.918,0.091,0.09,1.128,0.82,0.694,0.094,1.159,0.943,1.028,0.427,0.592,0.489,0.089,0.09,1.499,1.413,1.482,1.363,1.458,1.438,1.393,1.431,1.19,1.406,0.089,0.088,1.15,1.189,1.071,1.477,1.251,1.364,0.906,1.111,1.523,1.52,0.09,0.088,1.484,1.132,1.344,0.088,1.398,1.297,1.525,1.488,1.456,1.412,0.091,0.088,0.088,0.09,0.09,0.087,0.087,0.087,0.089,0.087,0.087,0.089,0.092
,15:09:16,36,0.09,0.088,0.087,0.087,0.088,0.088,0.089,0.089,0.089,0.088,0.087,0.088,0.089,0.842,0.707,0.814,0.937,0.775,1.289,1.164,0.428,0.923,0.546,0.088,0.091,0.677,0.611,0.515,0.457,0.781,1.206,0.556,1.019,0.462,0.921,0.091,0.09,1.129,0.829,0.699,0.093,1.162,0.946,1.031,0.427,0.596,0.489,0.089,0.09,1.5,1.412,1.482,1.364,1.461,1.437,1.392,1.43,1.191,1.406,0.089,0.088,1.151,1.189,1.077,1.476,1.251,1.363,0.905,1.111,1.523,1.519,0.09,0.088,1.484,1.134,1.347,0.088,1.396,1.305,1.524,1.488,1.458,1.413,0.09,0.087,0.087,0.089,0.09,0.087,0.087,0.087,0.089,0.087,0.087,0.089,0.092
,15:14:16,36,0.09,0.088,0.087,0.087,0.088,0.088,0.089,0.089,0.088,0.088,0.087,0.089,0.089,0.847,0.71,0.818,0.94,0.78,1.29,1.164,0.429,0.928,0.546,0.088,0.091,0.68,0.614,0.519,0.455,0.784,1.207,0.558,1.021,0.463,0.924,0.091,0.09,1.131,0.84,0.705,0.093,1.163,0.949,1.034,0.428,0.6,0.49,0.089,0.09,1.501,1.413,1.482,1.365,1.462,1.435,1.392,1.43,1.192,1.407,0.089,0.088,1.152,1.189,1.087,1.476,1.252,1.363,0.903,1.111,1.523,1.518,0.09,0.088,1.485,1.135,1.351,0.088,1.395,1.312,1.525,1.488,1.46,1.414,0.091,0.088,0.087,0.09,0.09,0.087,0.087,0.087,0.089,0.087,0.087,0.089,0.092
,15:19:16,36,0.09,0.088,0.087,0.087,0.088,0.088,0.09,0.089,0.089,0.088,0.088,0.089,0.089,0.851,0.713,0.822,0.943,0.786,1.29,1.165,0.432,0.932,0.548,0.089,0.091,0.682,0.617,0.52,0.456,0.787,1.208,0.561,1.025,0.463,0.927,0.091,0.09,1.132,0.845,0.711,0.094,1.166,0.952,1.037,0.428,0.605,0.491,0.089,0.09,1.503,1.413,1.481,1.366,1.462,1.434,1.392,1.43,1.192,1.407,0.089,0.088,1.153,1.189,1.101,1.475,1.251,1.363,0.902,1.112,1.523,1.518,0.09,0.088,1.485,1.136,1.355,0.088,1.394,1.318,1.525,1.49,1.461,1.416,0.091,0.088,0.088,0.09,0.09,0.087,0.088,0.087,0.09,0.088,0.087,0.089,0.092
,15:24:16,36,0.09,0.088,0.087,0.087,0.088,0.088,0.089,0.089,0.089,0.088,0.087,0.089,0.089,0.856,0.716,0.825,0.947,0.791,1.291,1.164,0.433,0.935,0.549,0.088,0.091,0.685,0.621,0.522,0.455,0.79,1.209,0.564,1.027,0.464,0.93,0.091,0.09,1.133,0.848,0.716,0.093,1.168,0.955,1.041,0.428,0.608,0.491,0.089,0.09,1.504,1.412,1.481,1.366,1.461,1.433,1.392,1.429,1.192,1.407,0.089,0.088,1.153,1.188,1.115,1.474,1.252,1.362,0.901,1.11,1.523,1.516,0.09,0.088,1.484,1.14,1.359,0.088,1.392,1.323,1.525,1.489,1.463,1.417,0.09,0.088,0.087,0.09,0.09,0.087,0.087,0.087,0.089,0.087,0.087,0.089,0.092
,15:29:16,36,0.09,0.088,0.087,0.087,0.088,0.088,0.089,0.089,0.089,0.088,0.087,0.089,0.089,0.86,0.719,0.829,0.949,0.796,1.292,1.165,0.434,0.94,0.55,0.088,0.091,0.686,0.624,0.525,0.455,0.793,1.21,0.565,1.029,0.465,0.932,0.091,0.09,1.134,0.851,0.721,0.093,1.17,0.958,1.045,0.429,0.613,0.492,0.089,0.09,1.505,1.411,1.48,1.367,1.459,1.431,1.391,1.428,1.194,1.407,0.089,0.088,1.154,1.188,1.125,1.473,1.252,1.362,0.899,1.109,1.522,1.515,0.09,0.088,1.484,1.142,1.362,0.088,1.391,1.329,1.524,1.49,1.464,1.418,0.091,0.088,0.087,0.09,0.09,0.087,0.087,0.087,0.089,0.087,0.087,0.089,0.092
,15:34:16,36,0.09,0.088,0.087,0.087,0.088,0.088,0.089,0.089,0.089,0.088,0.087,0.089,0.089,0.863,0.722,0.833,0.952,0.801,1.292,1.165,0.435,0.944,0.551,0.088,0.091,0.689,0.627,0.529,0.456,0.797,1.212,0.569,1.031,0.465,0.935,0.091,0.09,1.135,0.854,0.726,0.093,1.173,0.961,1.047,0.43,0.616,0.493,0.089,0.09,1.507,1.411,1.48,1.368,1.459,1.43,1.391,1.428,1.194,1.408,0.089,0.088,1.155,1.188,1.138,1.472,1.253,1.361,0.896,1.109,1.522,1.514,0.09,0.088,1.484,1.159,1.366,0.088,1.391,1.335,1.524,1.491,1.466,1.419,0.09,0.087,0.087,0.089,0.09,0.087,0.087,0.087,0.089,0.087,0.087,0.089,0.092
,15:39:16,36,0.09,0.088,0.087,0.087,0.088,0.088,0.089,0.089,0.089,0.088,0.088,0.089,0.089,0.867,0.725,0.837,0.954,0.807,1.293,1.165,0.437,0.948,0.552,0.088,0.091,0.691,0.631,0.53,0.456,0.8,1.213,0.572,1.033,0.466,0.937,0.091,0.09,1.136,0.857,0.731,0.093,1.175,0.964,1.05,0.431,0.622,0.494,0.089,0.09,1.508,1.411,1.479,1.368,1.458,1.429,1.391,1.428,1.196,1.408,0.089,0.088,1.156,1.188,1.145,1.471,1.253,1.361,0.896,1.11,1.521,1.513,0.09,0.088,1.483,1.165,1.369,0.088,1.389,1.34,1.524,1.491,1.467,1.419,0.09,0.088,0.087,0.09,0.09,0.087,0.087,0.087,0.089,0.088,0.087,0.089,0.092
,15:44:16,36.1,0.09,0.088,0.087,0.087,0.088,0.088,0.089,0.089,0.089,0.088,0.087,0.089,0.089,0.872,0.727,0.841,0.957,0.811,1.293,1.166,0.439,0.951,0.553,0.088,0.091,0.694,0.634,0.533,0.456,0.803,1.213,0.573,1.036,0.467,0.94,0.09,0.09,1.137,0.862,0.737,0.093,1.177,0.967,1.053,0.431,0.626,0.494,0.089,0.09,1.51,1.411,1.479,1.369,1.456,1.427,1.391,1.428,1.197,1.408,0.089,0.088,1.156,1.188,1.151,1.471,1.254,1.361,0.894,1.109,1.521,1.512,0.09,0.088,1.483,1.167,1.372,0.088,1.388,1.347,1.523,1.492,1.468,1.419,0.09,0.088,0.087,0.089,0.09,0.087,0.087,0.087,0.089,0.087,0.087,0.089,0.092
,15:49:16,36,0.09,0.088,0.087,0.087,0.089,0.088,0.089,0.089,0.089,0.088,0.088,0.089,0.089,0.876,0.731,0.846,0.96,0.816,1.294,1.166,0.44,0.955,0.554,0.089,0.091,0.696,0.638,0.536,0.457,0.806,1.214,0.576,1.038,0.468,0.942,0.091,0.09,1.137,0.864,0.743,0.093,1.179,0.969,1.055,0.432,0.63,0.496,0.089,0.09,1.512,1.41,1.479,1.37,1.456,1.426,1.391,1.427,1.198,1.41,0.089,0.088,1.157,1.188,1.157,1.47,1.254,1.361,0.892,1.109,1.519,1.511,0.09,0.088,1.483,1.172,1.376,0.088,1.387,1.353,1.522,1.493,1.47,1.419,0.091,0.088,0.088,0.09,0.09,0.087,0.087,0.087,0.089,0.088,0.087,0.089,0.092
,15:54:16,36,0.09,0.088,0.087,0.087,0.088,0.088,0.089,0.089,0.089,0.088,0.088,0.089,0.089,0.879,0.733,0.849,0.963,0.822,1.294,1.166,0.442,0.958,0.555,0.088,0.091,0.699,0.641,0.541,0.457,0.809,1.215,0.579,1.04,0.468,0.945,0.091,0.09,1.139,0.867,0.748,0.093,1.18,0.971,1.057,0.433,0.634,0.496,0.089,0.09,1.513,1.409,1.478,1.371,1.455,1.425,1.391,1.427,1.199,1.411,0.089,0.088,1.158,1.188,1.163,1.469,1.254,1.359,0.891,1.108,1.519,1.509,0.09,0.088,1.484,1.18,1.379,0.088,1.386,1.358,1.521,1.493,1.471,1.419,0.091,0.087,0.087,0.09,0.09,0.087,0.087,0.087,0.089,0.087,0.087,0.089,0.092
,15:59:16,36,0.09,0.088,0.087,0.087,0.088,0.088,0.089,0.089,0.089,0.088,0.087,0.089,0.089,0.883,0.736,0.853,0.966,0.825,1.295,1.166,0.445,0.963,0.556,0.088,0.091,0.701,0.644,0.543,0.457,0.813,1.215,0.581,1.042,0.469,0.946,0.091,0.09,1.139,0.87,0.753,0.093,1.181,0.972,1.06,0.434,0.639,0.497,0.089,0.09,1.514,1.41,1.478,1.371,1.453,1.424,1.39,1.426,1.2,1.411,0.089,0.088,1.158,1.188,1.163,1.468,1.255,1.359,0.889,1.108,1.517,1.508,0.09,0.088,1.484,1.185,1.383,0.088,1.385,1.362,1.52,1.494,1.472,1.417,0.09,0.088,0.088,0.09,0.09,0.087,0.087,0.087,0.089,0.087,0.087,0.089,0.092
,16:04:16,36,0.09,0.088,0.087,0.087,0.088,0.088,0.089,0.089,0.089,0.088,0.087,0.089,0.089,0.886,0.739,0.856,0.968,0.83,1.295,1.166,0.444,0.966,0.557,0.088,0.091,0.702,0.648,0.546,0.458,0.816,1.217,0.583,1.044,0.47,0.949,0.091,0.09,1.14,0.872,0.759,0.093,1.182,0.977,1.063,0.435,0.643,0.498,0.09,0.09,1.515,1.409,1.478,1.372,1.452,1.423,1.39,1.427,1.201,1.411,0.089,0.088,1.16,1.188,1.167,1.468,1.255,1.36,0.888,1.108,1.516,1.508,0.09,0.088,1.483,1.209,1.386,0.088,1.383,1.369,1.519,1.495,1.474,1.417,0.09,0.088,0.087,0.09,0.09,0.087,0.087,0.087,0.089,0.087,0.087,0.089,0.092
,16:09:16,36.1,0.09,0.089,0.087,0.087,0.089,0.088,0.089,0.089,0.089,0.088,0.088,0.089,0.089,0.891,0.742,0.86,0.972,0.834,1.296,1.167,0.445,0.97,0.558,0.089,0.091,0.707,0.651,0.552,0.457,0.819,1.217,0.585,1.046,0.472,0.951,0.091,0.091,1.141,0.876,0.764,0.093,1.184,0.98,1.067,0.436,0.648,0.5,0.09,0.09,1.516,1.409,1.478,1.372,1.452,1.422,1.39,1.426,1.202,1.412,0.089,0.088,1.16,1.188,1.173,1.467,1.255,1.36,0.887,1.107,1.515,1.506,0.09,0.088,1.483,1.226,1.389,0.088,1.383,1.371,1.519,1.496,1.474,1.417,0.091,0.088,0.088,0.09,0.09,0.087,0.088,0.087,0.089,0.087,0.087,0.089,0.092
,16:14:16,36,0.09,0.088,0.087,0.087,0.088,0.088,0.089,0.089,0.089,0.088,0.088,0.089,0.089,0.893,0.744,0.864,0.973,0.838,1.296,1.167,0.444,0.973,0.559,0.088,0.091,0.708,0.655,0.554,0.458,0.822,1.218,0.587,1.047,0.472,0.953,0.091,0.09,1.141,0.877,0.769,0.093,1.186,0.981,1.069,0.437,0.652,0.5,0.089,0.09,1.517,1.409,1.477,1.373,1.451,1.42,1.389,1.425,1.204,1.412,0.089,0.088,1.161,1.188,1.171,1.466,1.256,1.359,0.885,1.106,1.514,1.504,0.09,0.088,1.482,1.244,1.392,0.088,1.382,1.373,1.518,1.496,1.475,1.416,0.09,0.088,0.088,0.09,0.091,0.087,0.087,0.087,0.089,0.087,0.087,0.089,0.092
,16:19:16,36,0.09,0.088,0.087,0.087,0.088,0.088,0.089,0.089,0.089,0.088,0.087,0.089,0.089,0.896,0.747,0.868,0.976,0.842,1.296,1.167,0.445,0.976,0.559,0.088,0.091,0.71,0.658,0.556,0.458,0.826,1.218,0.589,1.048,0.473,0.955,0.091,0.09,1.142,0.879,0.775,0.093,1.187,0.984,1.072,0.438,0.657,0.501,0.089,0.09,1.518,1.409,1.476,1.374,1.45,1.419,1.389,1.425,1.205,1.412,0.089,0.088,1.161,1.187,1.172,1.465,1.256,1.359,0.883,1.106,1.513,1.503,0.09,0.088,1.481,1.269,1.395,0.088,1.381,1.376,1.516,1.497,1.475,1.415,0.091,0.088,0.087,0.09,0.09,0.087,0.087,0.087,0.089,0.087,0.087,0.089,0.092
,16:24:16,36,0.09,0.088,0.087,0.087,0.088,0.088,0.089,0.089,0.088,0.088,0.088,0.089,0.089,0.9,0.75,0.872,0.978,0.846,1.296,1.167,0.444,0.979,0.561,0.088,0.091,0.713,0.662,0.56,0.459,0.829,1.219,0.592,1.05,0.474,0.957,0.091,0.09,1.142,0.881,0.78,0.093,1.188,0.986,1.073,0.439,0.661,0.502,0.089,0.09,1.519,1.408,1.476,1.375,1.449,1.418,1.389,1.424,1.206,1.412,0.089,0.088,1.172,1.187,1.173,1.465,1.256,1.358,0.882,1.106,1.512,1.502,0.09,0.088,1.48,1.28,1.398,0.088,1.379,1.378,1.516,1.497,1.476,1.414,0.09,0.088,0.087,0.09,0.09,0.087,0.087,0.087,0.089,0.087,0.087,0.089,0.092
,16:29:16,36,0.09,0.088,0.087,0.087,0.088,0.088,0.089,0.089,0.089,0.088,0.087,0.089,0.089,0.904,0.753,0.875,0.98,0.85,1.297,1.167,0.445,0.983,0.561,0.088,0.091,0.714,0.665,0.563,0.459,0.831,1.219,0.592,1.052,0.475,0.959,0.091,0.09,1.143,0.884,0.786,0.093,1.189,0.988,1.076,0.441,0.665,0.503,0.089,0.09,1.521,1.408,1.476,1.375,1.447,1.417,1.389,1.425,1.207,1.413,0.089,0.088,1.174,1.187,1.173,1.464,1.257,1.358,0.88,1.106,1.511,1.501,0.09,0.088,1.48,1.288,1.401,0.088,1.378,1.381,1.515,1.497,1.477,1.413,0.091,0.088,0.087,0.09,0.09,0.087,0.087,0.087,0.089,0.087,0.087,0.089,0.092
,16:34:16,36,0.09,0.088,0.087,0.087,0.088,0.088,0.089,0.089,0.089,0.088,0.087,0.089,0.089,0.908,0.755,0.878,0.982,0.854,1.297,1.167,0.444,0.985,0.562,0.088,0.091,0.717,0.668,0.565,0.459,0.834,1.22,0.595,1.054,0.476,0.961,0.09,0.09,1.143,0.886,0.791,0.093,1.19,0.99,1.078,0.442,0.669,0.504,0.089,0.09,1.522,1.408,1.475,1.376,1.446,1.415,1.388,1.424,1.208,1.413,0.089,0.088,1.175,1.187,1.173,1.463,1.257,1.357,0.879,1.105,1.51,1.499,0.09,0.088,1.478,1.292,1.403,0.088,1.377,1.383,1.514,1.497,1.478,1.413,0.091,0.087,0.087,0.09,0.09,0.087,0.087,0.087,0.089,0.087,0.087,0.089,0.092
,16:39:16,36,0.09,0.088,0.087,0.087,0.088,0.088,0.089,0.089,0.089,0.088,0.087,0.089,0.089,0.909,0.758,0.881,0.985,0.858,1.298,1.167,0.444,0.988,0.563,0.088,0.091,0.718,0.671,0.568,0.46,0.838,1.22,0.598,1.055,0.477,0.962,0.091,0.09,1.144,0.889,0.796,0.093,1.192,0.993,1.078,0.443,0.674,0.505,0.089,0.09,1.523,1.407,1.475,1.376,1.446,1.414,1.387,1.424,1.21,1.413,0.089,0.088,1.177,1.188,1.173,1.463,1.257,1.357,0.877,1.105,1.508,1.498,0.09,0.088,1.478,1.289,1.406,0.088,1.376,1.386,1.512,1.496,1.479,1.411,0.09,0.087,0.087,0.09,0.09,0.087,0.087,0.087,0.089,0.087,0.087,0.089,0.092
,16:44:16,36,0.09,0.088,0.087,0.087,0.088,0.088,0.089,0.089,0.089,0.088,0.087,0.089,0.089,0.913,0.761,0.884,0.988,0.861,1.298,1.167,0.445,0.992,0.563,0.088,0.091,0.721,0.675,0.571,0.461,0.84,1.221,0.6,1.056,0.479,0.964,0.091,0.09,1.144,0.893,0.802,0.093,1.193,0.994,1.082,0.445,0.678,0.506,0.089,0.09,1.524,1.407,1.475,1.376,1.445,1.413,1.387,1.424,1.21,1.414,0.089,0.088,1.178,1.189,1.175,1.462,1.258,1.357,0.876,1.105,1.508,1.497,0.09,0.088,1.477,1.282,1.409,0.088,1.375,1.389,1.512,1.496,1.48,1.412,0.091,0.088,0.087,0.09,0.09,0.087,0.087,0.087,0.089,0.088,0.087,0.089,0.092
,16:49:16,36.1,0.09,0.088,0.087,0.087,0.088,0.088,0.089,0.089,0.089,0.088,0.087,0.089,0.089,0.916,0.764,0.888,0.99,0.865,1.299,1.167,0.444,0.995,0.565,0.088,0.091,0.723,0.679,0.573,0.462,0.843,1.221,0.601,1.058,0.48,0.966,0.091,0.09,1.145,0.896,0.806,0.093,1.193,0.996,1.086,0.446,0.684,0.507,0.089,0.091,1.526,1.407,1.475,1.377,1.444,1.412,1.387,1.424,1.212,1.414,0.089,0.088,1.18,1.189,1.174,1.461,1.258,1.357,0.874,1.104,1.507,1.496,0.09,0.088,1.476,1.278,1.411,0.088,1.374,1.391,1.511,1.495,1.482,1.411,0.091,0.088,0.088,0.09,0.09,0.087,0.087,0.087,0.089,0.087,0.088,0.089,0.092
,16:54:16,36,0.09,0.088,0.087,0.087,0.088,0.088,0.089,0.089,0.089,0.088,0.087,0.089,0.089,0.918,0.766,0.891,0.992,0.868,1.3,1.167,0.445,0.998,0.565,0.088,0.091,0.726,0.682,0.575,0.462,0.847,1.221,0.602,1.059,0.481,0.968,0.091,0.09,1.146,0.898,0.812,0.093,1.195,0.998,1.087,0.448,0.688,0.508,0.089,0.09,1.526,1.407,1.475,1.378,1.444,1.411,1.387,1.425,1.213,1.414,0.089,0.088,1.181,1.189,1.176,1.461,1.259,1.356,0.872,1.104,1.505,1.494,0.09,0.088,1.475,1.27,1.414,0.088,1.374,1.394,1.51,1.495,1.483,1.41,0.091,0.088,0.087,0.09,0.09,0.087,0.087,0.087,0.089,0.087,0.087,0.089,0.092
,16:59:16,36,0.09,0.088,0.087,0.087,0.088,0.088,0.089,0.089,0.089,0.088,0.087,0.089,0.089,0.921,0.769,0.895,0.995,0.871,1.3,1.167,0.445,1.001,0.566,0.088,0.091,0.728,0.685,0.58,0.463,0.85,1.221,0.604,1.06,0.482,0.969,0.091,0.09,1.146,0.9,0.817,0.093,1.196,0.999,1.088,0.449,0.692,0.509,0.089,0.09,1.526,1.406,1.474,1.378,1.442,1.41,1.386,1.424,1.214,1.413,0.089,0.088,1.182,1.189,1.176,1.46,1.259,1.355,0.871,1.103,1.504,1.494,0.09,0.088,1.474,1.267,1.416,0.088,1.372,1.395,1.509,1.494,1.484,1.409,0.091,0.088,0.087,0.09,0.09,0.087,0.087,0.087,0.089,0.087,0.087,0.089,0.092
,17:04:16,36.1,0.09,0.088,0.087,0.087,0.088,0.088,0.089,0.089,0.089,0.088,0.087,0.089,0.089,0.923,0.772,0.898,0.996,0.875,1.299,1.167,0.445,1.004,0.567,0.088,0.091,0.73,0.688,0.581,0.464,0.852,1.222,0.605,1.061,0.483,0.971,0.091,0.09,1.146,0.901,0.822,0.093,1.197,1,1.092,0.451,0.696,0.51,0.089,0.09,1.526,1.406,1.474,1.379,1.442,1.409,1.386,1.425,1.214,1.414,0.089,0.088,1.183,1.19,1.176,1.46,1.259,1.355,0.869,1.102,1.503,1.492,0.09,0.088,1.473,1.264,1.419,0.088,1.371,1.397,1.507,1.493,1.486,1.409,0.09,0.087,0.087,0.09,0.09,0.087,0.087,0.087,0.089,0.087,0.087,0.089,0.092
,17:09:16,36,0.09,0.088,0.087,0.087,0.088,0.088,0.089,0.089,0.089,0.088,0.087,0.089,0.089,0.927,0.774,0.902,0.998,0.877,1.3,1.167,0.445,1.006,0.568,0.088,0.091,0.732,0.692,0.584,0.464,0.856,1.222,0.608,1.062,0.484,0.972,0.091,0.09,1.147,0.904,0.827,0.093,1.198,1.003,1.093,0.453,0.701,0.511,0.089,0.09,1.525,1.406,1.474,1.379,1.441,1.408,1.386,1.425,1.215,1.415,0.089,0.088,1.185,1.191,1.178,1.459,1.26,1.355,0.868,1.102,1.501,1.491,0.09,0.088,1.473,1.261,1.421,0.088,1.37,1.4,1.506,1.492,1.486,1.408,0.09,0.087,0.088,0.09,0.09,0.087,0.087,0.087,0.089,0.087,0.087,0.089,0.092
,17:14:16,36,0.09,0.088,0.087,0.087,0.089,0.088,0.089,0.089,0.089,0.088,0.087,0.089,0.089,0.929,0.777,0.904,1,0.881,1.301,1.167,0.446,1.009,0.569,0.088,0.091,0.734,0.695,0.587,0.466,0.859,1.222,0.609,1.063,0.485,0.974,0.091,0.09,1.147,0.906,0.832,0.093,1.199,1.004,1.095,0.455,0.705,0.512,0.089,0.09,1.525,1.405,1.474,1.38,1.44,1.407,1.385,1.425,1.215,1.415,0.089,0.088,1.194,1.191,1.179,1.458,1.26,1.354,0.867,1.102,1.5,1.49,0.09,0.088,1.472,1.258,1.424,0.088,1.369,1.402,1.505,1.491,1.488,1.407,0.091,0.088,0.088,0.09,0.091,0.087,0.087,0.087,0.089,0.087,0.087,0.089,0.092
,17:19:16,36,0.09,0.088,0.087,0.087,0.088,0.088,0.089,0.089,0.089,0.088,0.087,0.089,0.089,0.931,0.78,0.907,1.002,0.884,1.302,1.167,0.446,1.012,0.569,0.088,0.091,0.736,0.698,0.589,0.467,0.861,1.222,0.611,1.064,0.486,0.975,0.091,0.09,1.147,0.909,0.837,0.092,1.201,1.006,1.095,0.456,0.709,0.513,0.089,0.09,1.524,1.405,1.473,1.38,1.439,1.406,1.386,1.425,1.215,1.415,0.089,0.088,1.202,1.191,1.181,1.457,1.261,1.354,0.864,1.102,1.499,1.489,0.09,0.088,1.471,1.255,1.426,0.088,1.368,1.403,1.504,1.49,1.488,1.407,0.091,0.087,0.088,0.09,0.09,0.087,0.087,0.087,0.089,0.087,0.087,0.089,0.092
,17:24:16,36,0.09,0.088,0.087,0.087,0.088,0.088,0.089,0.089,0.088,0.088,0.087,0.089,0.089,0.934,0.782,0.909,1.004,0.887,1.302,1.167,0.446,1.014,0.57,0.088,0.091,0.739,0.701,0.593,0.467,0.865,1.222,0.612,1.065,0.488,0.976,0.09,0.09,1.148,0.912,0.841,0.092,1.202,1.007,1.098,0.458,0.713,0.514,0.089,0.09,1.523,1.405,1.473,1.38,1.438,1.405,1.386,1.424,1.215,1.416,0.089,0.088,1.215,1.191,1.181,1.457,1.261,1.354,0.863,1.102,1.497,1.487,0.09,0.088,1.47,1.252,1.429,0.088,1.367,1.405,1.504,1.489,1.488,1.405,0.09,0.087,0.087,0.09,0.09,0.087,0.087,0.087,0.089,0.087,0.087,0.089,0.092
,17:29:16,36,0.09,0.088,0.087,0.087,0.088,0.088,0.089,0.089,0.089,0.088,0.087,0.089,0.089,0.936,0.785,0.911,1.006,0.89,1.302,1.167,0.446,1.017,0.571,0.088,0.091,0.741,0.704,0.596,0.468,0.868,1.222,0.614,1.066,0.489,0.977,0.091,0.09,1.148,0.915,0.846,0.092,1.202,1.008,1.099,0.46,0.718,0.515,0.089,0.09,1.523,1.404,1.473,1.381,1.437,1.404,1.386,1.424,1.216,1.417,0.089,0.088,1.222,1.192,1.183,1.456,1.262,1.353,0.86,1.101,1.496,1.486,0.09,0.088,1.47,1.247,1.432,0.088,1.366,1.407,1.503,1.489,1.487,1.405,0.09,0.087,0.088,0.09,0.09,0.087,0.087,0.087,0.089,0.087,0.087,0.089,0.092
,17:34:16,36,0.09,0.088,0.087,0.087,0.088,0.088,0.089,0.089,0.089,0.088,0.087,0.089,0.089,0.939,0.788,0.916,1.007,0.893,1.302,1.167,0.446,1.02,0.571,0.088,0.091,0.743,0.707,0.598,0.469,0.87,1.222,0.615,1.067,0.49,0.978,0.091,0.09,1.148,0.916,0.851,0.092,1.203,1.01,1.102,0.462,0.722,0.516,0.089,0.09,1.522,1.404,1.472,1.381,1.436,1.403,1.386,1.423,1.216,1.417,0.089,0.088,1.231,1.192,1.183,1.456,1.262,1.353,0.859,1.101,1.495,1.485,0.09,0.088,1.47,1.244,1.434,0.088,1.365,1.408,1.502,1.488,1.486,1.404,0.091,0.087,0.088,0.089,0.09,0.087,0.087,0.087,0.089,0.087,0.087,0.089,0.092
,17:39:16,36,0.09,0.088,0.087,0.087,0.088,0.088,0.089,0.089,0.089,0.088,0.087,0.089,0.089,0.941,0.79,0.919,1.009,0.895,1.303,1.168,0.447,1.023,0.572,0.088,0.091,0.746,0.71,0.599,0.471,0.873,1.222,0.617,1.067,0.491,0.979,0.09,0.09,1.149,0.918,0.856,0.092,1.204,1.012,1.103,0.464,0.726,0.517,0.089,0.09,1.522,1.404,1.472,1.382,1.435,1.402,1.387,1.423,1.216,1.418,0.089,0.088,1.238,1.192,1.184,1.455,1.262,1.354,0.858,1.101,1.494,1.484,0.09,0.088,1.468,1.24,1.437,0.088,1.364,1.409,1.501,1.488,1.485,1.404,0.091,0.088,0.087,0.09,0.09,0.087,0.087,0.087,0.089,0.087,0.087,0.089,0.092
,17:44:16,36.1,0.09,0.088,0.087,0.087,0.088,0.088,0.089,0.089,0.089,0.088,0.087,0.089,0.089,0.944,0.793,0.921,1.011,0.897,1.304,1.168,0.448,1.025,0.572,0.088,0.091,0.748,0.713,0.603,0.472,0.876,1.222,0.619,1.068,0.493,0.981,0.091,0.09,1.149,0.921,0.86,0.092,1.205,1.013,1.105,0.466,0.73,0.518,0.089,0.09,1.521,1.404,1.472,1.382,1.434,1.402,1.388,1.423,1.219,1.419,0.089,0.088,1.245,1.193,1.185,1.454,1.262,1.354,0.856,1.1,1.492,1.482,0.09,0.088,1.468,1.238,1.441,0.088,1.364,1.411,1.501,1.488,1.484,1.403,0.09,0.087,0.087,0.089,0.09,0.087,0.087,0.087,0.089,0.087,0.087,0.089,0.092
,17:49:16,36.1,0.09,0.088,0.087,0.087,0.088,0.088,0.089,0.089,0.088,0.088,0.087,0.089,0.089,0.945,0.796,0.924,1.012,0.9,1.305,1.168,0.448,1.027,0.573,0.088,0.091,0.75,0.717,0.606,0.473,0.878,1.222,0.619,1.069,0.494,0.981,0.09,0.09,1.15,0.924,0.865,0.092,1.206,1.013,1.106,0.468,0.734,0.519,0.089,0.09,1.52,1.404,1.472,1.382,1.434,1.401,1.388,1.422,1.223,1.419,0.089,0.088,1.266,1.193,1.187,1.453,1.263,1.353,0.855,1.1,1.491,1.481,0.09,0.088,1.467,1.233,1.445,0.088,1.363,1.413,1.501,1.487,1.483,1.403,0.09,0.088,0.087,0.09,0.09,0.087,0.087,0.087,0.089,0.087,0.087,0.089,0.092
,17:54:16,36,0.09,0.088,0.087,0.087,0.089,0.088,0.089,0.089,0.089,0.088,0.087,0.088,0.089,0.948,0.798,0.927,1.014,0.902,1.306,1.167,0.449,1.029,0.573,0.088,0.091,0.751,0.72,0.609,0.475,0.881,1.222,0.62,1.069,0.496,0.982,0.091,0.09,1.151,0.93,0.869,0.092,1.207,1.015,1.107,0.47,0.738,0.521,0.089,0.09,1.52,1.404,1.472,1.383,1.433,1.401,1.387,1.422,1.228,1.419,0.089,0.088,1.279,1.193,1.189,1.453,1.264,1.354,0.854,1.1,1.49,1.48,0.09,0.088,1.466,1.233,1.449,0.088,1.362,1.414,1.501,1.486,1.481,1.402,0.091,0.088,0.088,0.089,0.091,0.087,0.087,0.087,0.089,0.088,0.087,0.089,0.092
,17:59:16,36.1,0.09,0.088,0.087,0.087,0.088,0.088,0.089,0.089,0.089,0.088,0.087,0.089,0.089,0.95,0.8,0.929,1.015,0.904,1.306,1.168,0.45,1.03,0.575,0.088,0.091,0.753,0.722,0.612,0.476,0.884,1.222,0.622,1.07,0.497,0.983,0.09,0.09,1.151,0.936,0.873,0.092,1.208,1.016,1.109,0.472,0.741,0.522,0.089,0.09,1.518,1.404,1.472,1.383,1.431,1.4,1.387,1.421,1.233,1.421,0.089,0.088,1.29,1.193,1.189,1.453,1.264,1.354,0.852,1.099,1.488,1.479,0.09,0.088,1.466,1.236,1.454,0.088,1.36,1.415,1.5,1.485,1.48,1.402,0.09,0.087,0.087,0.089,0.09,0.087,0.087,0.087,0.089,0.087,0.087,0.089,0.092
,18:04:16,36.1,0.09,0.088,0.087,0.087,0.088,0.088,0.089,0.089,0.089,0.088,0.088,0.089,0.089,0.952,0.804,0.931,1.017,0.907,1.307,1.168,0.451,1.033,0.575,0.088,0.091,0.756,0.726,0.615,0.478,0.887,1.222,0.624,1.07,0.499,0.984,0.091,0.09,1.152,0.946,0.877,0.092,1.209,1.017,1.11,0.475,0.746,0.522,0.089,0.09,1.518,1.404,1.472,1.383,1.431,1.399,1.386,1.42,1.238,1.422,0.089,0.088,1.3,1.193,1.192,1.452,1.265,1.353,0.851,1.098,1.487,1.478,0.09,0.088,1.466,1.238,1.457,0.088,1.36,1.416,1.5,1.485,1.478,1.402,0.09,0.088,0.087,0.089,0.09,0.087,0.088,0.087,0.089,0.087,0.087,0.089,0.092
,18:09:16,36,0.09,0.088,0.087,0.087,0.088,0.088,0.089,0.089,0.089,0.088,0.087,0.089,0.089,0.954,0.806,0.934,1.018,0.908,1.307,1.168,0.452,1.035,0.576,0.088,0.091,0.757,0.728,0.619,0.48,0.889,1.222,0.624,1.071,0.501,0.985,0.091,0.09,1.152,0.956,0.881,0.092,1.21,1.018,1.111,0.477,0.749,0.523,0.089,0.09,1.517,1.403,1.471,1.384,1.43,1.398,1.386,1.42,1.244,1.423,0.089,0.088,1.308,1.194,1.193,1.451,1.265,1.353,0.849,1.099,1.486,1.476,0.09,0.088,1.465,1.245,1.46,0.088,1.359,1.417,1.5,1.485,1.477,1.401,0.09,0.088,0.088,0.09,0.09,0.087,0.087,0.087,0.089,0.087,0.087,0.089,0.092
,18:14:16,36,0.09,0.088,0.087,0.087,0.088,0.088,0.089,0.089,0.089,0.088,0.087,0.089,0.089,0.956,0.809,0.936,1.02,0.91,1.307,1.168,0.453,1.037,0.577,0.088,0.091,0.76,0.732,0.621,0.481,0.892,1.222,0.625,1.071,0.502,0.986,0.091,0.09,1.153,0.963,0.886,0.092,1.21,1.02,1.113,0.479,0.752,0.525,0.089,0.09,1.517,1.405,1.472,1.384,1.428,1.397,1.386,1.419,1.252,1.424,0.089,0.088,1.313,1.194,1.194,1.451,1.265,1.352,0.849,1.098,1.484,1.476,0.09,0.088,1.464,1.253,1.462,0.088,1.359,1.418,1.499,1.483,1.475,1.402,0.09,0.088,0.087,0.089,0.09,0.087,0.087,0.087,0.089,0.087,0.087,0.089,0.092
,18:19:16,36,0.09,0.088,0.087,0.087,0.088,0.088,0.089,0.089,0.089,0.088,0.087,0.089,0.089,0.958,0.811,0.939,1.022,0.912,1.308,1.168,0.454,1.04,0.577,0.088,0.091,0.761,0.735,0.624,0.483,0.895,1.222,0.626,1.072,0.503,0.986,0.091,0.09,1.153,0.969,0.889,0.092,1.211,1.021,1.114,0.481,0.757,0.525,0.089,0.09,1.516,1.404,1.472,1.385,1.429,1.397,1.386,1.419,1.261,1.425,0.089,0.088,1.313,1.194,1.195,1.451,1.265,1.353,0.846,1.098,1.483,1.474,0.09,0.088,1.464,1.261,1.463,0.088,1.357,1.42,1.499,1.484,1.473,1.401,0.091,0.087,0.088,0.09,0.09,0.087,0.087,0.087,0.089,0.087,0.087,0.089,0.092
,18:24:16,36,0.09,0.088,0.087,0.087,0.088,0.088,0.089,0.089,0.089,0.088,0.087,0.088,0.089,0.96,0.814,0.942,1.023,0.914,1.308,1.168,0.454,1.042,0.578,0.088,0.091,0.763,0.737,0.627,0.484,0.897,1.222,0.628,1.072,0.505,0.986,0.091,0.09,1.154,0.98,0.893,0.091,1.211,1.021,1.114,0.483,0.76,0.527,0.089,0.09,1.516,1.404,1.471,1.385,1.427,1.396,1.385,1.418,1.269,1.426,0.089,0.088,1.315,1.194,1.198,1.45,1.265,1.352,0.845,1.098,1.482,1.473,0.09,0.088,1.462,1.268,1.463,0.088,1.357,1.421,1.498,1.482,1.471,1.4,0.09,0.087,0.087,0.09,0.09,0.087,0.087,0.087,0.089,0.087,0.087,0.089,0.092
,18:29:16,36,0.09,0.088,0.087,0.087,0.088,0.088,0.089,0.089,0.089,0.088,0.088,0.089,0.089,0.962,0.817,0.945,1.024,0.916,1.308,1.168,0.455,1.043,0.579,0.088,0.091,0.765,0.741,0.63,0.486,0.9,1.222,0.629,1.073,0.506,0.987,0.091,0.09,1.155,0.989,0.897,0.092,1.212,1.023,1.115,0.485,0.764,0.528,0.089,0.09,1.515,1.405,1.471,1.386,1.426,1.395,1.385,1.418,1.278,1.427,0.089,0.088,1.315,1.194,1.2,1.45,1.266,1.352,0.844,1.097,1.48,1.472,0.09,0.088,1.462,1.277,1.463,0.088,1.356,1.421,1.497,1.483,1.469,1.4,0.09,0.088,0.087,0.09,0.09,0.087,0.087,0.087,0.089,0.087,0.087,0.089,0.092
,18:34:16,36,0.09,0.088,0.087,0.087,0.088,0.088,0.089,0.089,0.089,0.088,0.088,0.089,0.089,0.964,0.819,0.948,1.026,0.918,1.309,1.168,0.456,1.044,0.579,0.088,0.091,0.768,0.744,0.633,0.488,0.902,1.222,0.63,1.073,0.509,0.988,0.091,0.09,1.157,0.993,0.901,0.091,1.213,1.024,1.116,0.487,0.767,0.529,0.09,0.091,1.515,1.405,1.471,1.386,1.426,1.394,1.384,1.418,1.287,1.427,0.089,0.088,1.316,1.195,1.201,1.449,1.266,1.351,0.844,1.097,1.48,1.471,0.09,0.088,1.462,1.284,1.462,0.088,1.355,1.423,1.497,1.482,1.468,1.4,0.091,0.088,0.088,0.09,0.091,0.087,0.087,0.087,0.089,0.087,0.087,0.089,0.092
,18:39:16,36,0.09,0.088,0.087,0.087,0.088,0.088,0.089,0.089,0.089,0.088,0.087,0.089,0.089,0.965,0.822,0.95,1.027,0.919,1.308,1.167,0.457,1.045,0.58,0.088,0.091,0.77,0.747,0.638,0.489,0.905,1.221,0.63,1.073,0.51,0.988,0.091,0.09,1.158,0.997,0.904,0.091,1.214,1.025,1.117,0.489,0.771,0.53,0.089,0.09,1.514,1.404,1.471,1.386,1.425,1.394,1.383,1.417,1.298,1.426,0.089,0.088,1.317,1.195,1.203,1.448,1.266,1.35,0.842,1.097,1.478,1.47,0.09,0.088,1.462,1.29,1.461,0.088,1.354,1.423,1.496,1.482,1.466,1.399,0.091,0.088,0.087,0.09,0.09,0.087,0.087,0.087,0.089,0.087,0.087,0.089,0.092
,18:44:16,36,0.09,0.088,0.087,0.087,0.088,0.088,0.089,0.089,0.089,0.088,0.087,0.089,0.089,0.967,0.824,0.951,1.027,0.921,1.308,1.168,0.459,1.046,0.58,0.088,0.091,0.772,0.749,0.64,0.492,0.908,1.221,0.632,1.073,0.512,0.988,0.091,0.09,1.158,1,0.908,0.091,1.214,1.026,1.119,0.492,0.774,0.532,0.09,0.09,1.514,1.405,1.471,1.386,1.425,1.393,1.383,1.417,1.309,1.426,0.089,0.088,1.318,1.195,1.204,1.448,1.266,1.35,0.841,1.096,1.477,1.469,0.09,0.088,1.462,1.295,1.461,0.088,1.354,1.424,1.495,1.482,1.464,1.399,0.09,0.088,0.088,0.09,0.09,0.087,0.087,0.087,0.089,0.087,0.087,0.089,0.092
,18:49:16,36,0.09,0.088,0.087,0.087,0.088,0.088,0.089,0.089,0.089,0.088,0.087,0.089,0.089,0.968,0.827,0.953,1.029,0.923,1.308,1.167,0.461,1.048,0.581,0.089,0.091,0.774,0.752,0.644,0.494,0.91,1.22,0.633,1.074,0.513,0.989,0.091,0.09,1.16,1.003,0.912,0.091,1.216,1.027,1.119,0.494,0.777,0.532,0.089,0.091,1.513,1.405,1.471,1.387,1.423,1.391,1.383,1.416,1.317,1.426,0.089,0.088,1.319,1.195,1.205,1.447,1.267,1.35,0.84,1.096,1.476,1.468,0.09,0.088,1.461,1.3,1.46,0.088,1.353,1.425,1.494,1.481,1.463,1.398,0.091,0.088,0.087,0.09,0.09,0.087,0.087,0.087,0.089,0.088,0.087,0.089,0.092
,18:54:16,36,0.09,0.088,0.087,0.087,0.088,0.088,0.089,0.089,0.089,0.088,0.087,0.089,0.089,0.97,0.829,0.955,1.03,0.925,1.308,1.167,0.462,1.05,0.582,0.088,0.091,0.776,0.755,0.647,0.495,0.912,1.22,0.634,1.073,0.515,0.99,0.091,0.09,1.16,1.004,0.915,0.091,1.216,1.028,1.12,0.496,0.781,0.533,0.089,0.09,1.512,1.404,1.471,1.387,1.423,1.391,1.382,1.415,1.324,1.424,0.089,0.088,1.319,1.196,1.206,1.446,1.267,1.349,0.839,1.096,1.475,1.467,0.09,0.088,1.46,1.3,1.459,0.088,1.352,1.425,1.493,1.481,1.461,1.398,0.091,0.088,0.088,0.09,0.09,0.087,0.087,0.087,0.089,0.087,0.087,0.089,0.092
,18:59:16,36,0.09,0.088,0.087,0.087,0.088,0.088,0.089,0.089,0.089,0.088,0.087,0.089,0.089,0.971,0.832,0.957,1.031,0.927,1.309,1.167,0.463,1.052,0.582,0.089,0.091,0.778,0.758,0.651,0.497,0.915,1.22,0.635,1.074,0.517,0.989,0.091,0.09,1.161,1.006,0.919,0.091,1.216,1.028,1.12,0.498,0.784,0.534,0.089,0.09,1.512,1.404,1.47,1.387,1.423,1.39,1.381,1.415,1.329,1.424,0.089,0.088,1.321,1.195,1.209,1.446,1.268,1.348,0.838,1.096,1.474,1.466,0.09,0.088,1.46,1.306,1.458,0.088,1.353,1.426,1.493,1.481,1.46,1.397,0.091,0.088,0.088,0.09,0.091,0.087,0.088,0.087,0.089,0.087,0.087,0.089,0.092
,19:04:16,36,0.09,0.088,0.087,0.087,0.088,0.088,0.089,0.089,0.089,0.088,0.088,0.089,0.089,0.972,0.834,0.959,1.032,0.928,1.308,1.167,0.464,1.053,0.583,0.088,0.091,0.779,0.76,0.654,0.499,0.917,1.22,0.636,1.074,0.519,0.99,0.091,0.09,1.162,1.007,0.922,0.091,1.217,1.029,1.122,0.501,0.787,0.536,0.09,0.09,1.511,1.404,1.471,1.388,1.42,1.389,1.381,1.414,1.334,1.423,0.089,0.088,1.321,1.195,1.21,1.446,1.268,1.348,0.836,1.095,1.473,1.465,0.09,0.088,1.46,1.309,1.457,0.088,1.352,1.426,1.492,1.48,1.458,1.397,0.091,0.088,0.088,0.09,0.091,0.087,0.087,0.087,0.089,0.087,0.087,0.089,0.092
,19:09:16,36,0.09,0.088,0.087,0.087,0.089,0.088,0.09,0.089,0.089,0.088,0.088,0.089,0.089,0.974,0.837,0.962,1.033,0.93,1.309,1.167,0.465,1.055,0.583,0.089,0.091,0.782,0.764,0.657,0.501,0.92,1.219,0.636,1.074,0.521,0.99,0.091,0.09,1.163,1.01,0.925,0.091,1.217,1.03,1.122,0.503,0.79,0.537,0.089,0.09,1.51,1.404,1.471,1.388,1.42,1.388,1.38,1.413,1.339,1.422,0.089,0.088,1.321,1.196,1.212,1.445,1.269,1.348,0.835,1.095,1.472,1.464,0.09,0.088,1.459,1.312,1.457,0.088,1.351,1.427,1.491,1.48,1.456,1.397,0.091,0.088,0.088,0.09,0.09,0.087,0.088,0.087,0.089,0.087,0.087,0.089,0.092
,19:14:16,36,0.09,0.088,0.087,0.087,0.088,0.088,0.089,0.089,0.089,0.088,0.087,0.089,0.089,0.974,0.839,0.964,1.034,0.932,1.31,1.167,0.466,1.056,0.584,0.088,0.091,0.784,0.766,0.663,0.503,0.922,1.219,0.638,1.074,0.522,0.99,0.091,0.09,1.163,1.011,0.928,0.091,1.218,1.031,1.122,0.504,0.794,0.537,0.089,0.09,1.51,1.403,1.471,1.387,1.42,1.387,1.38,1.413,1.344,1.422,0.089,0.088,1.321,1.195,1.213,1.444,1.27,1.347,0.834,1.095,1.47,1.463,0.09,0.088,1.458,1.315,1.456,0.088,1.351,1.428,1.49,1.479,1.455,1.395,0.091,0.088,0.087,0.09,0.09,0.087,0.087,0.087,0.089,0.087,0.087,0.089,0.092
,19:19:16,36,0.09,0.088,0.087,0.087,0.088,0.088,0.089,0.089,0.089,0.088,0.087,0.089,0.089,0.976,0.842,0.966,1.035,0.934,1.309,1.167,0.468,1.057,0.585,0.088,0.091,0.785,0.77,0.666,0.505,0.924,1.219,0.638,1.075,0.524,0.99,0.091,0.09,1.164,1.012,0.931,0.091,1.218,1.031,1.123,0.507,0.797,0.539,0.089,0.09,1.508,1.403,1.471,1.387,1.419,1.386,1.379,1.412,1.348,1.42,0.089,0.088,1.322,1.195,1.212,1.444,1.27,1.346,0.835,1.095,1.47,1.462,0.09,0.088,1.458,1.313,1.454,0.088,1.35,1.428,1.49,1.479,1.453,1.395,0.091,0.088,0.088,0.09,0.091,0.087,0.087,0.087,0.089,0.088,0.087,0.089,0.092
,19:24:16,36.1,0.09,0.088,0.087,0.087,0.088,0.088,0.089,0.089,0.089,0.088,0.087,0.089,0.089,0.977,0.844,0.97,1.036,0.936,1.31,1.167,0.469,1.057,0.586,0.088,0.091,0.787,0.772,0.668,0.507,0.926,1.218,0.638,1.074,0.525,0.991,0.091,0.09,1.164,1.012,0.934,0.091,1.219,1.032,1.124,0.508,0.8,0.54,0.089,0.09,1.508,1.403,1.472,1.388,1.418,1.385,1.378,1.411,1.35,1.42,0.089,0.088,1.321,1.196,1.212,1.443,1.271,1.345,0.834,1.094,1.468,1.461,0.09,0.088,1.457,1.312,1.453,0.088,1.349,1.428,1.489,1.478,1.451,1.394,0.091,0.088,0.088,0.09,0.091,0.087,0.087,0.087,0.089,0.087,0.087,0.089,0.092
,19:29:16,36,0.09,0.088,0.087,0.087,0.088,0.088,0.089,0.089,0.089,0.088,0.087,0.089,0.089,0.978,0.846,0.971,1.037,0.938,1.31,1.167,0.47,1.058,0.586,0.088,0.091,0.789,0.775,0.671,0.508,0.929,1.218,0.639,1.075,0.527,0.991,0.091,0.09,1.165,1.014,0.937,0.09,1.219,1.033,1.125,0.511,0.803,0.541,0.089,0.09,1.507,1.403,1.472,1.388,1.417,1.384,1.379,1.411,1.354,1.419,0.089,0.088,1.321,1.196,1.211,1.443,1.272,1.346,0.831,1.094,1.467,1.46,0.09,0.088,1.457,1.316,1.452,0.088,1.348,1.429,1.488,1.478,1.449,1.394,0.09,0.087,0.088,0.09,0.09,0.087,0.087,0.087,0.089,0.087,0.087,0.089,0.092
,19:34:16,36,0.09,0.088,0.087,0.087,0.088,0.088,0.089,0.089,0.089,0.088,0.087,0.089,0.089,0.979,0.849,0.972,1.038,0.94,1.31,1.167,0.471,1.059,0.587,0.088,0.091,0.791,0.777,0.675,0.51,0.931,1.218,0.642,1.075,0.528,0.991,0.09,0.09,1.165,1.017,0.941,0.09,1.221,1.034,1.125,0.513,0.806,0.542,0.089,0.09,1.506,1.403,1.472,1.389,1.417,1.383,1.378,1.411,1.358,1.419,0.089,0.088,1.323,1.196,1.212,1.442,1.273,1.345,0.83,1.094,1.466,1.459,0.09,0.088,1.456,1.32,1.451,0.088,1.348,1.43,1.487,1.477,1.448,1.393,0.09,0.088,0.088,0.09,0.09,0.087,0.087,0.087,0.089,0.087,0.087,0.089,0.092
,19:39:16,36,0.09,0.088,0.087,0.087,0.088,0.088,0.089,0.089,0.089,0.088,0.087,0.089,0.089,0.98,0.851,0.973,1.038,0.942,1.31,1.166,0.472,1.06,0.587,0.088,0.091,0.793,0.78,0.679,0.512,0.933,1.217,0.642,1.075,0.531,0.991,0.091,0.09,1.165,1.018,0.943,0.09,1.221,1.034,1.125,0.515,0.809,0.543,0.089,0.09,1.505,1.402,1.472,1.389,1.415,1.382,1.378,1.41,1.361,1.417,0.089,0.088,1.324,1.196,1.212,1.442,1.274,1.344,0.829,1.093,1.465,1.458,0.09,0.088,1.456,1.319,1.45,0.088,1.347,1.43,1.486,1.476,1.446,1.392,0.09,0.087,0.088,0.09,0.091,0.087,0.087,0.087,0.089,0.087,0.087,0.089,0.092
,19:44:16,36.1,0.09,0.088,0.087,0.087,0.088,0.088,0.089,0.089,0.089,0.088,0.088,0.089,0.089,0.981,0.853,0.975,1.039,0.943,1.31,1.166,0.474,1.061,0.588,0.088,0.091,0.795,0.782,0.681,0.513,0.935,1.217,0.642,1.076,0.533,0.991,0.091,0.091,1.166,1.02,0.946,0.09,1.221,1.034,1.125,0.518,0.812,0.544,0.089,0.09,1.504,1.402,1.472,1.39,1.415,1.382,1.377,1.41,1.366,1.416,0.089,0.088,1.325,1.197,1.212,1.442,1.274,1.343,0.827,1.093,1.464,1.458,0.09,0.088,1.455,1.319,1.449,0.088,1.346,1.43,1.486,1.476,1.444,1.392,0.091,0.088,0.088,0.09,0.091,0.087,0.087,0.087,0.089,0.087,0.087,0.089,0.092
,19:49:16,36,0.09,0.088,0.087,0.087,0.088,0.088,0.089,0.089,0.089,0.088,0.087,0.089,0.089,0.982,0.856,0.976,1.039,0.945,1.31,1.166,0.475,1.062,0.588,0.088,0.091,0.797,0.785,0.683,0.516,0.937,1.217,0.643,1.075,0.534,0.991,0.091,0.09,1.167,1.021,0.949,0.09,1.222,1.035,1.126,0.52,0.815,0.546,0.089,0.09,1.503,1.402,1.472,1.391,1.414,1.38,1.377,1.409,1.369,1.415,0.089,0.088,1.326,1.197,1.213,1.442,1.275,1.343,0.827,1.093,1.464,1.456,0.09,0.088,1.454,1.321,1.448,0.088,1.346,1.431,1.485,1.476,1.443,1.392,0.091,0.088,0.088,0.09,0.091,0.087,0.087,0.087,0.089,0.088,0.087,0.089,0.092
,19:54:16,36,0.09,0.088,0.087,0.087,0.089,0.088,0.09,0.089,0.089,0.088,0.088,0.089,0.089,0.983,0.858,0.978,1.04,0.946,1.31,1.166,0.476,1.063,0.589,0.088,0.091,0.799,0.788,0.685,0.518,0.94,1.216,0.644,1.076,0.536,0.991,0.091,0.091,1.167,1.022,0.952,0.09,1.223,1.036,1.126,0.521,0.818,0.546,0.09,0.091,1.502,1.402,1.473,1.392,1.413,1.379,1.377,1.408,1.373,1.414,0.089,0.088,1.328,1.198,1.212,1.442,1.276,1.342,0.825,1.093,1.463,1.455,0.09,0.088,1.454,1.32,1.447,0.088,1.345,1.431,1.484,1.475,1.441,1.391,0.091,0.088,0.088,0.09,0.091,0.087,0.087,0.087,0.09,0.088,0.087,0.089,0.092
,19:59:16,36.1,0.09,0.088,0.087,0.087,0.088,0.088,0.089,0.089,0.089,0.088,0.087,0.089,0.089,0.983,0.86,0.979,1.041,0.948,1.31,1.165,0.477,1.064,0.589,0.088,0.091,0.8,0.79,0.688,0.519,0.942,1.216,0.645,1.076,0.538,0.991,0.091,0.09,1.168,1.022,0.954,0.089,1.223,1.036,1.126,0.524,0.82,0.547,0.089,0.09,1.501,1.401,1.472,1.392,1.412,1.379,1.376,1.407,1.377,1.413,0.089,0.088,1.331,1.198,1.211,1.442,1.278,1.341,0.823,1.092,1.462,1.454,0.09,0.088,1.453,1.32,1.446,0.088,1.344,1.431,1.483,1.474,1.44,1.39,0.09,0.088,0.088,0.09,0.09,0.087,0.087,0.087,0.089,0.088,0.088,0.089,0.092
,20:04:16,36,0.09,0.088,0.087,0.087,0.088,0.088,0.089,0.089,0.089,0.088,0.087,0.089,0.089,0.984,0.863,0.981,1.041,0.947,1.311,1.165,0.479,1.065,0.59,0.088,0.091,0.803,0.793,0.694,0.521,0.944,1.215,0.646,1.077,0.539,0.991,0.091,0.09,1.169,1.023,0.956,0.089,1.223,1.037,1.126,0.526,0.824,0.548,0.089,0.09,1.501,1.401,1.472,1.393,1.411,1.378,1.375,1.407,1.381,1.412,0.089,0.088,1.334,1.198,1.211,1.441,1.278,1.341,0.821,1.092,1.46,1.454,0.09,0.088,1.452,1.322,1.444,0.088,1.343,1.431,1.483,1.474,1.439,1.39,0.09,0.088,0.088,0.09,0.09,0.087,0.087,0.087,0.089,0.087,0.087,0.089,0.092
,20:09:16,36,0.09,0.088,0.087,0.087,0.088,0.088,0.089,0.089,0.089,0.088,0.087,0.089,0.089,0.984,0.864,0.983,1.041,0.95,1.311,1.165,0.48,1.065,0.59,0.088,0.091,0.804,0.796,0.695,0.523,0.946,1.215,0.645,1.077,0.541,0.991,0.091,0.09,1.169,1.022,0.96,0.089,1.224,1.037,1.126,0.528,0.826,0.549,0.089,0.09,1.5,1.4,1.472,1.393,1.41,1.377,1.375,1.406,1.385,1.411,0.089,0.088,1.335,1.199,1.212,1.44,1.279,1.339,0.821,1.092,1.46,1.453,0.09,0.088,1.451,1.321,1.443,0.088,1.342,1.432,1.482,1.473,1.437,1.389,0.09,0.088,0.088,0.09,0.091,0.087,0.087,0.087,0.089,0.087,0.087,0.089,0.092
,20:14:16,36,0.09,0.088,0.087,0.087,0.088,0.088,0.089,0.089,0.089,0.088,0.088,0.089,0.089,0.985,0.867,0.985,1.042,0.951,1.31,1.165,0.481,1.067,0.59,0.088,0.091,0.807,0.798,0.699,0.524,0.948,1.214,0.646,1.079,0.543,0.991,0.091,0.091,1.169,1.024,0.962,0.089,1.224,1.038,1.126,0.53,0.829,0.55,0.089,0.09,1.5,1.4,1.472,1.394,1.411,1.376,1.374,1.406,1.391,1.411,0.089,0.088,1.339,1.199,1.211,1.44,1.281,1.339,0.818,1.092,1.46,1.452,0.09,0.088,1.451,1.323,1.442,0.089,1.341,1.433,1.481,1.473,1.436,1.389,0.091,0.088,0.088,0.09,0.091,0.087,0.088,0.087,0.089,0.088,0.087,0.089,0.092
,20:19:16,36.1,0.09,0.088,0.087,0.087,0.088,0.088,0.089,0.089,0.089,0.088,0.088,0.089,0.089,0.985,0.869,0.986,1.042,0.952,1.31,1.165,0.482,1.067,0.592,0.088,0.091,0.808,0.8,0.7,0.526,0.95,1.214,0.646,1.079,0.544,0.991,0.091,0.09,1.169,1.024,0.964,0.089,1.224,1.038,1.126,0.532,0.831,0.55,0.089,0.09,1.499,1.4,1.472,1.395,1.409,1.376,1.373,1.405,1.398,1.41,0.089,0.088,1.343,1.199,1.21,1.44,1.282,1.338,0.817,1.091,1.458,1.451,0.09,0.088,1.45,1.324,1.441,0.088,1.34,1.433,1.48,1.472,1.434,1.389,0.09,0.088,0.088,0.09,0.091,0.087,0.087,0.087,0.089,0.087,0.087,0.089,0.092
,20:24:16,36,0.09,0.088,0.087,0.087,0.088,0.088,0.089,0.089,0.089,0.088,0.088,0.089,0.09,0.985,0.871,0.988,1.042,0.953,1.31,1.164,0.484,1.068,0.592,0.088,0.091,0.81,0.803,0.704,0.528,0.952,1.213,0.647,1.08,0.546,0.991,0.091,0.091,1.17,1.027,0.966,0.089,1.225,1.039,1.127,0.534,0.833,0.552,0.089,0.09,1.498,1.4,1.472,1.395,1.409,1.375,1.374,1.405,1.403,1.41,0.089,0.088,1.347,1.2,1.209,1.439,1.283,1.338,0.816,1.092,1.458,1.45,0.09,0.088,1.45,1.326,1.44,0.088,1.34,1.434,1.48,1.472,1.433,1.389,0.091,0.088,0.088,0.09,0.091,0.087,0.088,0.087,0.089,0.088,0.087,0.089,0.092
,20:29:16,36,0.09,0.088,0.087,0.087,0.088,0.088,0.089,0.089,0.089,0.088,0.087,0.089,0.089,0.986,0.873,0.988,1.043,0.955,1.31,1.164,0.485,1.069,0.593,0.088,0.091,0.812,0.806,0.707,0.529,0.953,1.213,0.648,1.08,0.547,0.991,0.091,0.09,1.17,1.029,0.969,0.089,1.225,1.039,1.126,0.535,0.833,0.553,0.089,0.09,1.498,1.399,1.473,1.396,1.408,1.374,1.374,1.405,1.407,1.409,0.089,0.088,1.351,1.2,1.208,1.438,1.285,1.338,0.814,1.092,1.457,1.45,0.09,0.088,1.449,1.329,1.439,0.088,1.339,1.435,1.479,1.471,1.432,1.389,0.09,0.088,0.088,0.09,0.091,0.087,0.087,0.087,0.089,0.088,0.087,0.089,0.092
,20:34:16,36,0.09,0.088,0.087,0.087,0.088,0.088,0.089,0.089,0.089,0.088,0.087,0.089,0.089,0.986,0.875,0.989,1.042,0.955,1.31,1.164,0.486,1.07,0.593,0.088,0.091,0.813,0.808,0.706,0.531,0.955,1.212,0.649,1.08,0.549,0.99,0.091,0.09,1.17,1.032,0.971,0.089,1.226,1.04,1.126,0.538,0.833,0.553,0.09,0.09,1.497,1.399,1.473,1.397,1.407,1.373,1.374,1.403,1.411,1.408,0.089,0.088,1.353,1.2,1.207,1.438,1.286,1.337,0.813,1.091,1.456,1.448,0.09,0.088,1.449,1.327,1.438,0.088,1.337,1.434,1.479,1.471,1.43,1.388,0.091,0.088,0.088,0.09,0.091,0.087,0.088,0.087,0.089,0.088,0.087,0.089,0.092
,20:39:16,36,0.09,0.088,0.087,0.087,0.088,0.088,0.089,0.089,0.089,0.088,0.087,0.089,0.089,0.986,0.877,0.991,1.043,0.956,1.31,1.163,0.488,1.071,0.594,0.088,0.091,0.814,0.811,0.715,0.533,0.957,1.212,0.65,1.081,0.551,0.991,0.091,0.091,1.171,1.033,0.973,0.088,1.226,1.04,1.127,0.54,0.832,0.554,0.089,0.09,1.496,1.399,1.472,1.398,1.406,1.372,1.374,1.402,1.414,1.406,0.089,0.088,1.356,1.2,1.206,1.437,1.288,1.336,0.812,1.091,1.456,1.447,0.09,0.088,1.448,1.327,1.437,0.088,1.337,1.435,1.478,1.47,1.429,1.387,0.091,0.088,0.088,0.09,0.091,0.087,0.087,0.087,0.09,0.088,0.088,0.089,0.092
,20:44:16,36.1,0.09,0.088,0.087,0.087,0.088,0.088,0.089,0.089,0.089,0.088,0.087,0.089,0.089,0.986,0.879,0.992,1.043,0.956,1.309,1.163,0.489,1.071,0.594,0.088,0.091,0.816,0.813,0.717,0.534,0.959,1.212,0.649,1.082,0.552,0.99,0.091,0.09,1.171,1.036,0.975,0.088,1.226,1.04,1.126,0.542,0.831,0.554,0.089,0.09,1.495,1.398,1.472,1.399,1.405,1.371,1.373,1.402,1.417,1.405,0.089,0.088,1.357,1.201,1.203,1.436,1.289,1.335,0.81,1.091,1.455,1.447,0.09,0.088,1.447,1.327,1.436,0.088,1.336,1.435,1.477,1.47,1.428,1.387,0.09,0.088,0.088,0.09,0.09,0.087,0.087,0.087,0.089,0.088,0.087,0.089,0.092
,20:49:16,36.1,0.09,0.088,0.087,0.087,0.088,0.088,0.089,0.089,0.089,0.088,0.087,0.089,0.089,0.986,0.882,0.993,1.043,0.957,1.31,1.163,0.491,1.072,0.595,0.088,0.091,0.82,0.815,0.722,0.535,0.96,1.211,0.65,1.082,0.554,0.99,0.091,0.091,1.171,1.037,0.978,0.088,1.226,1.04,1.126,0.544,0.83,0.556,0.089,0.09,1.494,1.398,1.472,1.4,1.405,1.371,1.373,1.402,1.42,1.405,0.089,0.088,1.36,1.201,1.202,1.436,1.291,1.336,0.808,1.091,1.454,1.446,0.09,0.088,1.446,1.33,1.434,0.088,1.336,1.438,1.477,1.469,1.427,1.388,0.09,0.088,0.087,0.09,0.091,0.087,0.087,0.087,0.089,0.087,0.087,0.089,0.092
,20:54:16,36,0.09,0.088,0.087,0.087,0.088,0.088,0.089,0.089,0.088,0.088,0.087,0.088,0.089,0.986,0.883,0.994,1.043,0.958,1.309,1.163,0.492,1.072,0.595,0.088,0.091,0.823,0.817,0.731,0.537,0.962,1.211,0.65,1.083,0.556,0.99,0.091,0.09,1.171,1.038,0.98,0.088,1.227,1.04,1.126,0.546,0.83,0.557,0.089,0.09,1.494,1.398,1.472,1.401,1.405,1.37,1.372,1.401,1.423,1.404,0.089,0.088,1.362,1.201,1.2,1.436,1.292,1.335,0.806,1.091,1.454,1.445,0.09,0.088,1.446,1.331,1.434,0.088,1.335,1.438,1.476,1.468,1.425,1.386,0.09,0.087,0.088,0.09,0.091,0.087,0.087,0.087,0.089,0.087,0.087,0.089,0.092
,20:59:16,36,0.09,0.088,0.087,0.087,0.088,0.088,0.089,0.089,0.088,0.088,0.087,0.088,0.089,0.986,0.885,0.995,1.043,0.96,1.309,1.162,0.493,1.072,0.595,0.088,0.091,0.825,0.82,0.734,0.539,0.963,1.211,0.651,1.083,0.557,0.989,0.091,0.09,1.171,1.039,0.981,0.088,1.227,1.042,1.126,0.547,0.829,0.557,0.089,0.09,1.492,1.397,1.472,1.402,1.405,1.369,1.372,1.401,1.426,1.402,0.089,0.088,1.363,1.202,1.197,1.435,1.294,1.334,0.806,1.091,1.452,1.444,0.09,0.088,1.445,1.332,1.432,0.088,1.334,1.438,1.475,1.468,1.424,1.385,0.09,0.087,0.088,0.09,0.091,0.087,0.087,0.087,0.089,0.087,0.087,0.089,0.092
,21:04:16,36,0.089,0.088,0.087,0.087,0.088,0.088,0.089,0.089,0.089,0.088,0.087,0.088,0.089,0.986,0.887,0.997,1.043,0.961,1.308,1.162,0.495,1.073,0.596,0.088,0.091,0.826,0.821,0.736,0.541,0.965,1.21,0.65,1.083,0.558,0.989,0.091,0.09,1.171,1.041,0.983,0.088,1.228,1.042,1.125,0.549,0.828,0.557,0.089,0.09,1.492,1.397,1.472,1.403,1.403,1.368,1.372,1.4,1.429,1.402,0.089,0.088,1.365,1.203,1.196,1.434,1.296,1.333,0.805,1.09,1.452,1.443,0.09,0.088,1.445,1.334,1.431,0.088,1.333,1.438,1.474,1.467,1.423,1.386,0.09,0.087,0.087,0.09,0.09,0.087,0.087,0.087,0.089,0.087,0.087,0.089,0.092
,21:09:16,36,0.09,0.088,0.087,0.087,0.088,0.088,0.089,0.089,0.089,0.088,0.087,0.088,0.089,0.986,0.889,0.998,1.043,0.962,1.309,1.162,0.496,1.073,0.597,0.088,0.091,0.829,0.823,0.738,0.542,0.967,1.21,0.649,1.084,0.56,0.989,0.09,0.09,1.172,1.041,0.985,0.088,1.228,1.042,1.125,0.551,0.828,0.559,0.089,0.09,1.492,1.397,1.472,1.404,1.403,1.367,1.371,1.4,1.431,1.401,0.089,0.088,1.366,1.203,1.194,1.433,1.298,1.333,0.802,1.09,1.452,1.442,0.09,0.088,1.444,1.334,1.43,0.088,1.332,1.44,1.474,1.467,1.422,1.386,0.091,0.088,0.088,0.09,0.091,0.087,0.087,0.087,0.089,0.087,0.087,0.089,0.092
,21:14:16,36,0.09,0.088,0.087,0.087,0.088,0.088,0.089,0.089,0.089,0.088,0.087,0.089,0.089,0.987,0.891,0.999,1.043,0.964,1.308,1.161,0.498,1.073,0.597,0.088,0.091,0.831,0.826,0.741,0.544,0.968,1.209,0.649,1.084,0.562,0.989,0.091,0.09,1.171,1.043,0.986,0.088,1.229,1.042,1.125,0.553,0.828,0.56,0.089,0.09,1.491,1.396,1.472,1.405,1.402,1.367,1.371,1.399,1.433,1.4,0.089,0.088,1.367,1.204,1.192,1.433,1.3,1.333,0.802,1.09,1.452,1.442,0.09,0.088,1.443,1.333,1.429,0.088,1.331,1.44,1.473,1.466,1.421,1.385,0.091,0.088,0.088,0.09,0.091,0.087,0.087,0.087,0.09,0.087,0.088,0.089,0.092
,21:19:16,36,0.09,0.088,0.087,0.087,0.088,0.088,0.089,0.089,0.089,0.088,0.087,0.089,0.089,0.986,0.893,1,1.043,0.963,1.307,1.161,0.499,1.073,0.598,0.088,0.091,0.836,0.829,0.743,0.546,0.97,1.209,0.649,1.085,0.563,0.989,0.091,0.09,1.172,1.044,0.989,0.088,1.23,1.042,1.125,0.555,0.83,0.56,0.089,0.09,1.49,1.397,1.472,1.405,1.402,1.366,1.37,1.398,1.437,1.399,0.089,0.088,1.367,1.205,1.19,1.432,1.302,1.332,0.799,1.09,1.451,1.441,0.09,0.088,1.443,1.334,1.428,0.088,1.331,1.44,1.473,1.466,1.42,1.385,0.091,0.088,0.088,0.09,0.091,0.087,0.087,0.087,0.089,0.087,0.087,0.089,0.092
,21:24:16,36,0.09,0.088,0.087,0.087,0.088,0.088,0.089,0.089,0.089,0.088,0.088,0.089,0.089,0.986,0.895,1.001,1.043,0.964,1.308,1.161,0.5,1.073,0.598,0.088,0.091,0.844,0.83,0.745,0.547,0.971,1.208,0.65,1.086,0.565,0.989,0.091,0.09,1.171,1.045,0.99,0.088,1.23,1.043,1.125,0.557,0.832,0.56,0.089,0.09,1.489,1.396,1.472,1.406,1.402,1.365,1.371,1.399,1.44,1.399,0.089,0.088,1.369,1.205,1.189,1.432,1.304,1.332,0.798,1.089,1.451,1.44,0.09,0.088,1.442,1.338,1.427,0.088,1.33,1.442,1.472,1.465,1.419,1.385,0.09,0.088,0.088,0.09,0.091,0.087,0.087,0.087,0.089,0.088,0.087,0.089,0.092
,21:29:16,36,0.09,0.088,0.087,0.087,0.088,0.088,0.089,0.089,0.089,0.088,0.088,0.088,0.089,0.987,0.897,1.001,1.042,0.964,1.307,1.16,0.502,1.074,0.599,0.088,0.091,0.845,0.832,0.748,0.549,0.973,1.208,0.651,1.087,0.566,0.989,0.091,0.09,1.171,1.045,0.992,0.088,1.231,1.043,1.125,0.559,0.832,0.562,0.089,0.09,1.488,1.395,1.472,1.407,1.402,1.364,1.37,1.398,1.442,1.398,0.089,0.088,1.369,1.206,1.187,1.431,1.306,1.331,0.797,1.089,1.45,1.439,0.09,0.088,1.441,1.339,1.425,0.088,1.329,1.443,1.472,1.464,1.417,1.384,0.091,0.088,0.088,0.09,0.091,0.087,0.088,0.087,0.089,0.087,0.087,0.089,0.092
,21:34:16,36.1,0.09,0.088,0.087,0.087,0.088,0.088,0.089,0.089,0.089,0.088,0.087,0.089,0.089,0.986,0.899,1.002,1.042,0.965,1.307,1.16,0.503,1.074,0.599,0.088,0.091,0.846,0.835,0.749,0.55,0.974,1.208,0.651,1.087,0.568,0.99,0.091,0.09,1.171,1.045,0.993,0.088,1.231,1.043,1.125,0.561,0.833,0.561,0.089,0.091,1.487,1.396,1.472,1.408,1.401,1.363,1.369,1.398,1.444,1.397,0.089,0.088,1.37,1.208,1.184,1.431,1.308,1.332,0.796,1.089,1.45,1.438,0.09,0.088,1.44,1.34,1.424,0.088,1.329,1.445,1.471,1.464,1.416,1.384,0.091,0.088,0.088,0.09,0.091,0.087,0.087,0.087,0.089,0.088,0.087,0.089,0.092
,21:39:16,36,0.09,0.088,0.087,0.087,0.088,0.088,0.089,0.089,0.089,0.088,0.087,0.089,0.089,0.986,0.901,1.003,1.042,0.965,1.307,1.159,0.505,1.073,0.6,0.088,0.091,0.847,0.836,0.752,0.551,0.975,1.207,0.651,1.088,0.569,0.99,0.091,0.09,1.172,1.047,0.994,0.088,1.231,1.043,1.125,0.562,0.832,0.563,0.089,0.09,1.486,1.395,1.472,1.409,1.4,1.363,1.369,1.397,1.446,1.396,0.089,0.088,1.371,1.208,1.181,1.43,1.311,1.331,0.793,1.089,1.449,1.438,0.09,0.088,1.44,1.34,1.423,0.089,1.328,1.446,1.47,1.464,1.415,1.384,0.091,0.088,0.087,0.09,0.091,0.087,0.087,0.087,0.089,0.088,0.087,0.089,0.092
,21:44:16,36,0.09,0.088,0.087,0.087,0.088,0.088,0.089,0.089,0.089,0.088,0.087,0.088,0.089,0.986,0.902,1.004,1.041,0.966,1.306,1.158,0.505,1.074,0.601,0.088,0.091,0.85,0.838,0.756,0.553,0.977,1.207,0.652,1.09,0.571,0.99,0.091,0.09,1.171,1.047,0.996,0.088,1.232,1.044,1.125,0.564,0.831,0.564,0.089,0.09,1.486,1.395,1.471,1.41,1.4,1.363,1.369,1.396,1.449,1.395,0.089,0.088,1.371,1.209,1.181,1.429,1.313,1.331,0.793,1.09,1.449,1.437,0.09,0.088,1.439,1.343,1.423,0.088,1.327,1.449,1.47,1.463,1.414,1.384,0.09,0.088,0.088,0.09,0.091,0.087,0.087,0.087,0.089,0.087,0.087,0.089,0.092
,21:49:16,36,0.09,0.088,0.087,0.087,0.088,0.088,0.089,0.089,0.089,0.088,0.087,0.089,0.089,0.985,0.904,1.005,1.041,0.966,1.306,1.158,0.507,1.074,0.601,0.088,0.091,0.851,0.84,0.758,0.555,0.978,1.206,0.652,1.09,0.573,0.99,0.091,0.09,1.171,1.047,0.997,0.087,1.232,1.044,1.125,0.566,0.83,0.563,0.089,0.09,1.485,1.395,1.471,1.41,1.4,1.362,1.369,1.395,1.451,1.394,0.089,0.088,1.371,1.21,1.177,1.429,1.315,1.33,0.792,1.089,1.448,1.436,0.09,0.088,1.438,1.342,1.421,0.088,1.326,1.451,1.469,1.462,1.413,1.383,0.09,0.088,0.087,0.09,0.091,0.087,0.087,0.087,0.089,0.087,0.087,0.089,0.092
,21:54:16,36,0.09,0.088,0.087,0.087,0.088,0.088,0.089,0.089,0.089,0.088,0.087,0.089,0.089,0.986,0.906,1.005,1.041,0.966,1.306,1.158,0.508,1.075,0.601,0.088,0.091,0.853,0.842,0.76,0.557,0.979,1.206,0.654,1.091,0.574,0.991,0.091,0.091,1.171,1.048,0.999,0.088,1.233,1.045,1.124,0.568,0.83,0.565,0.089,0.09,1.484,1.395,1.472,1.411,1.398,1.361,1.368,1.395,1.453,1.393,0.089,0.088,1.373,1.21,1.174,1.428,1.318,1.331,0.791,1.089,1.448,1.436,0.09,0.088,1.438,1.344,1.42,0.088,1.325,1.453,1.469,1.462,1.412,1.383,0.091,0.088,0.088,0.09,0.091,0.087,0.087,0.087,0.09,0.087,0.087,0.089,0.092
,21:59:16,36.1,0.09,0.088,0.087,0.087,0.088,0.088,0.089,0.089,0.089,0.088,0.087,0.089,0.089,0.986,0.908,1.006,1.041,0.968,1.306,1.158,0.51,1.076,0.602,0.088,0.091,0.855,0.844,0.761,0.558,0.981,1.206,0.655,1.091,0.575,0.992,0.091,0.09,1.171,1.049,1,0.088,1.234,1.045,1.124,0.57,0.829,0.565,0.089,0.09,1.484,1.394,1.471,1.412,1.398,1.36,1.367,1.394,1.454,1.392,0.089,0.088,1.374,1.212,1.174,1.427,1.323,1.33,0.789,1.09,1.448,1.435,0.09,0.088,1.438,1.346,1.419,0.088,1.325,1.455,1.468,1.462,1.411,1.383,0.09,0.088,0.087,0.09,0.091,0.087,0.087,0.087,0.089,0.087,0.088,0.089,0.092
,22:04:16,36,0.09,0.088,0.087,0.087,0.088,0.088,0.089,0.089,0.089,0.088,0.087,0.088,0.089,0.985,0.909,1.005,1.04,0.968,1.305,1.157,0.511,1.076,0.603,0.088,0.091,0.855,0.845,0.763,0.558,0.982,1.206,0.654,1.091,0.577,0.992,0.091,0.09,1.171,1.049,1.001,0.087,1.234,1.045,1.124,0.572,0.828,0.566,0.089,0.09,1.483,1.394,1.471,1.413,1.397,1.359,1.367,1.393,1.455,1.391,0.089,0.088,1.374,1.212,1.172,1.427,1.328,1.329,0.789,1.089,1.446,1.434,0.09,0.088,1.437,1.347,1.418,0.088,1.323,1.456,1.467,1.46,1.41,1.383,0.09,0.087,0.087,0.09,0.091,0.087,0.087,0.087,0.089,0.087,0.087,0.089,0.092
,,,,,,,,,,,,,,,,,,,,,,,,,,,,,,,,,,,,,,,,,,,,,,,,,,,,,,,,,,,,,,,,,,,,,,,,,,,,,,,,,,,,,,,,,,,,,,,,,,
Results,,,,,,,,,,,,,,,,,,,,,,,,,,,,,,,,,,,,,,,,,,,,,,,,,,,,,,,,,,,,,,,,,,,,,,,,,,,,,,,,,,,,,,,,,,,,,,,,,,
,,,,,,,,,,,,,,,,,,,,,,,,,,,,,,,,,,,,,,,,,,,,,,,,,,,,,,,,,,,,,,,,,,,,,,,,,,,,,,,,,,,,,,,,,,,,,,,,,,
,,1,2,3,4,5,6,7,8,9,10,11,12,,,,,,,,,,,,,,,,,,,,,,,,,,,,,,,,,,,,,,,,,,,,,,,,,,,,,,,,,,,,,,,,,,,,,,,,,,,,,,,,,,,,,
,A,-0.026,0.026,-0.02,0.024,-0.024,-0.022,-0.02,-0.02,0.02,0.022,-0.016,-0.022,Max V [600],,,,,,,,,,,,,,,,,,,,,,,,,,,,,,,,,,,,,,,,,,,,,,,,,,,,,,,,,,,,,,,,,,,,,,,,,,,,,,,,,,,,
,,0.768,0.671,0.781,0.973,0.857,0.703,0.625,0.893,0.926,0.703,0.889,0.55,R-Squared [600],,,,,,,,,,,,,,,,,,,,,,,,,,,,,,,,,,,,,,,,,,,,,,,,,,,,,,,,,,,,,,,,,,,,,,,,,,,,,,,,,,,,
,,0:14:16,7:59:16,5:49:16,19:44:16,13:39:16,0:14:16,14:34:16,0:14:16,16:04:16,14:19:16,0:14:16,20:54:16,t at Max V [600],,,,,,,,,,,,,,,,,,,,,,,,,,,,,,,,,,,,,,,,,,,,,,,,,,,,,,,,,,,,,,,,,,,,,,,,,,,,,,,,,,,,
,,?????,8:12:21,5:28:16,20:08:26,13:30:06,0:07:00,14:19:16,0:06:16,16:15:16,14:26:32,0:05:31,20:31:32,Lagtime [600],,,,,,,,,,,,,,,,,,,,,,,,,,,,,,,,,,,,,,,,,,,,,,,,,,,,,,,,,,,,,,,,,,,,,,,,,,,,,,,,,,,,
,B,-0.024,1.382,1.4,1.66,2.182,1.33,3.07,2.214,0.58,1.676,1.376,-0.022,Max V [600],,,,,,,,,,,,,,,,,,,,,,,,,,,,,,,,,,,,,,,,,,,,,,,,,,,,,,,,,,,,,,,,,,,,,,,,,,,,,,,,,,,,
,,0.6,1,1,1,0.999,0.999,0.999,1,1,1,1,0.917,R-Squared [600],,,,,,,,,,,,,,,,,,,,,,,,,,,,,,,,,,,,,,,,,,,,,,,,,,,,,,,,,,,,,,,,,,,,,,,,,,,,,,,,,,,,
,,0:14:16,8:14:16,4:34:16,4:44:16,3:19:16,11:19:16,3:24:16,6:09:16,6:59:16,8:44:16,4:34:16,14:34:16,t at Max V [600],,,,,,,,,,,,,,,,,,,,,,,,,,,,,,,,,,,,,,,,,,,,,,,,,,,,,,,,,,,,,,,,,,,,,,,,,,,,,,,,,,,,
,,0:05:56,3:47:56,2:31:06,2:36:22,2:02:53,5:26:07,1:42:44,2:27:58,3:50:35,4:08:54,2:43:56,14:22:27,Lagtime [600],,,,,,,,,,,,,,,,,,,,,,,,,,,,,,,,,,,,,,,,,,,,,,,,,,,,,,,,,,,,,,,,,,,,,,,,,,,,,,,,,,,,
,C,-0.046,1.262,0.986,1.262,0.662,1.482,2.844,1.042,1.686,0.898,1.544,-0.022,Max V [600],,,,,,,,,,,,,,,,,,,,,,,,,,,,,,,,,,,,,,,,,,,,,,,,,,,,,,,,,,,,,,,,,,,,,,,,,,,,,,,,,,,,
,,0.912,0.999,0.992,0.987,0.999,0.999,1,0.999,1,0.995,1,0.571,R-Squared [600],,,,,,,,,,,,,,,,,,,,,,,,,,,,,,,,,,,,,,,,,,,,,,,,,,,,,,,,,,,,,,,,,,,,,,,,,,,,,,,,,,,,
,,0:14:16,5:19:16,7:59:16,12:29:16,6:54:16,5:04:16,3:14:16,8:39:16,3:24:16,4:39:16,8:49:16,11:49:16,t at Max V [600],,,,,,,,,,,,,,,,,,,,,,,,,,,,,,,,,,,,,,,,,,,,,,,,,,,,,,,,,,,,,,,,,,,,,,,,,,,,,,,,,,,,
,,0:05:34,2:49:53,3:33:49,7:33:58,3:37:14,2:39:52,1:42:52,4:54:17,1:48:36,2:51:35,3:40:55,11:29:16,Lagtime [600],,,,,,,,,,,,,,,,,,,,,,,,,,,,,,,,,,,,,,,,,,,,,,,,,,,,,,,,,,,,,,,,,,,,,,,,,,,,,,,,,,,,
,D,-0.032,2.158,2.74,1.35,0.058,2.312,1.444,2.368,0.64,1.278,1.132,0.024,Max V [600],,,,,,,,,,,,,,,,,,,,,,,,,,,,,,,,,,,,,,,,,,,,,,,,,,,,,,,,,,,,,,,,,,,,,,,,,,,,,,,,,,,,
,,0.889,0.999,0.996,1,0.978,1,1,0.999,1,0.975,0.999,0.9,R-Squared [600],,,,,,,,,,,,,,,,,,,,,,,,,,,,,,,,,,,,,,,,,,,,,,,,,,,,,,,,,,,,,,,,,,,,,,,,,,,,,,,,,,,,
,,4:49:16,4:14:16,6:24:16,10:04:16,6:24:16,5:54:16,5:59:16,4:34:16,5:19:16,10:04:16,4:39:16,19:44:16,t at Max V [600],,,,,,,,,,,,,,,,,,,,,,,,,,,,,,,,,,,,,,,,,,,,,,,,,,,,,,,,,,,,,,,,,,,,,,,,,,,,,,,,,,,,
,,4:42:24,2:15:36,4:07:34,5:30:38,5:58:24,2:23:27,2:58:09,2:40:32,2:53:54,6:06:42,2:58:49,20:00:56,Lagtime [600],,,,,,,,,,,,,,,,,,,,,,,,,,,,,,,,,,,,,,,,,,,,,,,,,,,,,,,,,,,,,,,,,,,,,,,,,,,,,,,,,,,,
,E,0.02,3.824,5.492,5.72,5.56,4.454,5.684,5.86,6.308,5.722,5.298,0.018,Max V [600],,,,,,,,,,,,,,,,,,,,,,,,,,,,,,,,,,,,,,,,,,,,,,,,,,,,,,,,,,,,,,,,,,,,,,,,,,,,,,,,,,,,
,,0.893,1,1,1,1,0.999,1,0.999,0.999,1,1,0.349,R-Squared [600],,,,,,,,,,,,,,,,,,,,,,,,,,,,,,,,,,,,,,,,,,,,,,,,,,,,,,,,,,,,,,,,,,,,,,,,,,,,,,,,,,,,
,,3:54:16,4:09:16,3:14:16,2:54:16,2:34:16,4:54:16,2:44:16,3:39:16,3:29:16,2:29:16,3:49:16,5:09:16,t at Max V [600],,,,,,,,,,,,,,,,,,,,,,,,,,,,,,,,,,,,,,,,,,,,,,,,,,,,,,,,,,,,,,,,,,,,,,,,,,,,,,,,,,,,
,,4:27:16,2:32:19,2:12:22,1:53:54,1:35:55,3:01:34,1:46:17,2:38:00,2:35:14,1:30:33,2:46:00,5:28:09,Lagtime [600],,,,,,,,,,,,,,,,,,,,,,,,,,,,,,,,,,,,,,,,,,,,,,,,,,,,,,,,,,,,,,,,,,,,,,,,,,,,,,,,,,,,
,F,-0.026,5.5,5.214,5.084,5.71,5.934,5.924,5.08,5.534,6.202,5.418,-0.042,Max V [600],,,,,,,,,,,,,,,,,,,,,,,,,,,,,,,,,,,,,,,,,,,,,,,,,,,,,,,,,,,,,,,,,,,,,,,,,,,,,,,,,,,,
,,0.983,1,1,1,0.999,0.999,1,0.999,1,1,1,0.602,R-Squared [600],,,,,,,,,,,,,,,,,,,,,,,,,,,,,,,,,,,,,,,,,,,,,,,,,,,,,,,,,,,,,,,,,,,,,,,,,,,,,,,,,,,,
,,13:39:16,2:34:16,2:39:16,3:19:16,3:09:16,2:19:16,3:19:16,3:24:16,2:29:16,2:44:16,3:34:16,0:59:16,t at Max V [600],,,,,,,,,,,,,,,,,,,,,,,,,,,,,,,,,,,,,,,,,,,,,,,,,,,,,,,,,,,,,,,,,,,,,,,,,,,,,,,,,,,,
,,13:26:11,1:37:56,1:35:15,2:13:55,2:12:44,1:25:51,2:21:45,2:21:13,1:27:43,1:47:34,2:26:09,0:57:50,Lagtime [600],,,,,,,,,,,,,,,,,,,,,,,,,,,,,,,,,,,,,,,,,,,,,,,,,,,,,,,,,,,,,,,,,,,,,,,,,,,,,,,,,,,,
,G,-0.032,5.15,8.94,2.77,-0.024,6.074,5.742,6.178,5.03,6.21,6.56,0.034,Max V [600],,,,,,,,,,,,,,,,,,,,,,,,,,,,,,,,,,,,,,,,,,,,,,,,,,,,,,,,,,,,,,,,,,,,,,,,,,,,,,,,,,,,
,,0.941,1,0.992,1,0.9,1,1,1,1,1,1,0.505,R-Squared [600],,,,,,,,,,,,,,,,,,,,,,,,,,,,,,,,,,,,,,,,,,,,,,,,,,,,,,,,,,,,,,,,,,,,,,,,,,,,,,,,,,,,
,,0:14:16,3:14:16,5:44:16,5:24:16,13:39:16,2:59:16,3:04:16,2:54:16,3:39:16,2:59:16,3:39:16,1:49:16,t at Max V [600],,,,,,,,,,,,,,,,,,,,,,,,,,,,,,,,,,,,,,,,,,,,,,,,,,,,,,,,,,,,,,,,,,,,,,,,,,,,,,,,,,,,
,,0:06:46,2:07:09,4:40:59,3:29:47,13:30:56,1:58:24,2:01:22,1:58:33,2:25:54,2:01:22,2:41:26,1:56:55,Lagtime [600],,,,,,,,,,,,,,,,,,,,,,,,,,,,,,,,,,,,,,,,,,,,,,,,,,,,,,,,,,,,,,,,,,,,,,,,,,,,,,,,,,,,
,H,-0.026,-0.044,-0.02,0.022,-0.026,-0.028,0.026,0.022,0.024,0.02,-0.022,-0.022,Max V [600],,,,,,,,,,,,,,,,,,,,,,,,,,,,,,,,,,,,,,,,,,,,,,,,,,,,,,,,,,,,,,,,,,,,,,,,,,,,,,,,,,,,
,,0.741,0.917,0.926,0.644,0.797,0.721,0.899,0.756,0.6,0.658,0.672,0.55,R-Squared [600],,,,,,,,,,,,,,,,,,,,,,,,,,,,,,,,,,,,,,,,,,,,,,,,,,,,,,,,,,,,,,,,,,,,,,,,,,,,,,,,,,,,
,,0:14:16,0:14:16,6:14:16,4:59:16,1:09:16,0:14:16,6:24:16,6:24:16,6:24:16,16:44:16,0:14:16,1:09:16,t at Max V [600],,,,,,,,,,,,,,,,,,,,,,,,,,,,,,,,,,,,,,,,,,,,,,,,,,,,,,,,,,,,,,,,,,,,,,,,,,,,,,,,,,,,
,,?????,0:04:43,5:58:16,5:00:11,0:59:16,0:05:42,6:35:02,6:28:49,6:32:36,16:52:16,0:05:11,0:51:05,Lagtime [600],,,,,,,,,,,,,,,,,,,,,,,,,,,,,,,,,,,,,,,,,,,,,,,,,,,,,,,,,,,,,,,,,,,,,,,,,,,,,,,,,,,,
