Software Version,3.11.19,,,,,,,,,,,,,,,,,,,,,,,,,,,,,,,,,,,,,,,,,,,,,,,,,,,,,,,,,,,,,,,,,,,,,,,,,,,,,,,,,,,,,,,,,,,,,,,,,
,,,,,,,,,,,,,,,,,,,,,,,,,,,,,,,,,,,,,,,,,,,,,,,,,,,,,,,,,,,,,,,,,,,,,,,,,,,,,,,,,,,,,,,,,,,,,,,,,,
Experiment File Path:,C:\Users\jelab\Documents\Gen 5\Edward Liu\Experiment13.xpt,,,,,,,,,,,,,,,,,,,,,,,,,,,,,,,,,,,,,,,,,,,,,,,,,,,,,,,,,,,,,,,,,,,,,,,,,,,,,,,,,,,,,,,,,,,,,,,,,
Protocol File Path:,C:\Users\jelab\Documents\Gen 5\Edward Liu\epoch prot\RIFRxT 48c .prt,,,,,,,,,,,,,,,,,,,,,,,,,,,,,,,,,,,,,,,,,,,,,,,,,,,,,,,,,,,,,,,,,,,,,,,,,,,,,,,,,,,,,,,,,,,,,,,,,
Plate Number,Plate 2,,,,,,,,,,,,,,,,,,,,,,,,,,,,,,,,,,,,,,,,,,,,,,,,,,,,,,,,,,,,,,,,,,,,,,,,,,,,,,,,,,,,,,,,,,,,,,,,,
Date,25/03/2026,,,,,,,,,,,,,,,,,,,,,,,,,,,,,,,,,,,,,,,,,,,,,,,,,,,,,,,,,,,,,,,,,,,,,,,,,,,,,,,,,,,,,,,,,,,,,,,,,
Time,10:07:03 AM,,,,,,,,,,,,,,,,,,,,,,,,,,,,,,,,,,,,,,,,,,,,,,,,,,,,,,,,,,,,,,,,,,,,,,,,,,,,,,,,,,,,,,,,,,,,,,,,,
Reader Type:,Epoch 2,,,,,,,,,,,,,,,,,,,,,,,,,,,,,,,,,,,,,,,,,,,,,,,,,,,,,,,,,,,,,,,,,,,,,,,,,,,,,,,,,,,,,,,,,,,,,,,,,
Reader Serial Number:,23032330,,,,,,,,,,,,,,,,,,,,,,,,,,,,,,,,,,,,,,,,,,,,,,,,,,,,,,,,,,,,,,,,,,,,,,,,,,,,,,,,,,,,,,,,,,,,,,,,,
Reading Type,Reader,,,,,,,,,,,,,,,,,,,,,,,,,,,,,,,,,,,,,,,,,,,,,,,,,,,,,,,,,,,,,,,,,,,,,,,,,,,,,,,,,,,,,,,,,,,,,,,,,
,,,,,,,,,,,,,,,,,,,,,,,,,,,,,,,,,,,,,,,,,,,,,,,,,,,,,,,,,,,,,,,,,,,,,,,,,,,,,,,,,,,,,,,,,,,,,,,,,,
Procedure Details,,,,,,,,,,,,,,,,,,,,,,,,,,,,,,,,,,,,,,,,,,,,,,,,,,,,,,,,,,,,,,,,,,,,,,,,,,,,,,,,,,,,,,,,,,,,,,,,,,
Plate Type,96 WELL PLATE (Use plate lid),,,,,,,,,,,,,,,,,,,,,,,,,,,,,,,,,,,,,,,,,,,,,,,,,,,,,,,,,,,,,,,,,,,,,,,,,,,,,,,,,,,,,,,,,,,,,,,,,
Eject plate on completion,,,,,,,,,,,,,,,,,,,,,,,,,,,,,,,,,,,,,,,,,,,,,,,,,,,,,,,,,,,,,,,,,,,,,,,,,,,,,,,,,,,,,,,,,,,,,,,,,,
Set Temperature,"Setpoint 48°C, Gradient 0 °C",,,,,,,,,,,,,,,,,,,,,,,,,,,,,,,,,,,,,,,,,,,,,,,,,,,,,,,,,,,,,,,,,,,,,,,,,,,,,,,,,,,,,,,,,,,,,,,,,
,Preheat before moving to next step,,,,,,,,,,,,,,,,,,,,,,,,,,,,,,,,,,,,,,,,,,,,,,,,,,,,,,,,,,,,,,,,,,,,,,,,,,,,,,,,,,,,,,,,,,,,,,,,,
Start Kinetic,"Runtime 22:00:00 (HH:MM:SS), Interval 0:05:00, 265 Reads",,,,,,,,,,,,,,,,,,,,,,,,,,,,,,,,,,,,,,,,,,,,,,,,,,,,,,,,,,,,,,,,,,,,,,,,,,,,,,,,,,,,,,,,,,,,,,,,,
    Shake,Linear: Continuous,,,,,,,,,,,,,,,,,,,,,,,,,,,,,,,,,,,,,,,,,,,,,,,,,,,,,,,,,,,,,,,,,,,,,,,,,,,,,,,,,,,,,,,,,,,,,,,,,
,Frequency: 567 cpm (3 mm),,,,,,,,,,,,,,,,,,,,,,,,,,,,,,,,,,,,,,,,,,,,,,,,,,,,,,,,,,,,,,,,,,,,,,,,,,,,,,,,,,,,,,,,,,,,,,,,,
    Read,Absorbance Endpoint,,,,,,,,,,,,,,,,,,,,,,,,,,,,,,,,,,,,,,,,,,,,,,,,,,,,,,,,,,,,,,,,,,,,,,,,,,,,,,,,,,,,,,,,,,,,,,,,,
,Full Plate,,,,,,,,,,,,,,,,,,,,,,,,,,,,,,,,,,,,,,,,,,,,,,,,,,,,,,,,,,,,,,,,,,,,,,,,,,,,,,,,,,,,,,,,,,,,,,,,,
,Wavelengths:  600,,,,,,,,,,,,,,,,,,,,,,,,,,,,,,,,,,,,,,,,,,,,,,,,,,,,,,,,,,,,,,,,,,,,,,,,,,,,,,,,,,,,,,,,,,,,,,,,,
,"Read Speed: Normal,  Delay: 100 msec,  Measurements/Data Point: 8",,,,,,,,,,,,,,,,,,,,,,,,,,,,,,,,,,,,,,,,,,,,,,,,,,,,,,,,,,,,,,,,,,,,,,,,,,,,,,,,,,,,,,,,,,,,,,,,,
End Kinetic,,,,,,,,,,,,,,,,,,,,,,,,,,,,,,,,,,,,,,,,,,,,,,,,,,,,,,,,,,,,,,,,,,,,,,,,,,,,,,,,,,,,,,,,,,,,,,,,,,
,,,,,,,,,,,,,,,,,,,,,,,,,,,,,,,,,,,,,,,,,,,,,,,,,,,,,,,,,,,,,,,,,,,,,,,,,,,,,,,,,,,,,,,,,,,,,,,,,,
600,,,,,,,,,,,,,,,,,,,,,,,,,,,,,,,,,,,,,,,,,,,,,,,,,,,,,,,,,,,,,,,,,,,,,,,,,,,,,,,,,,,,,,,,,,,,,,,,,,
,,,,,,,,,,,,,,,,,,,,,,,,,,,,,,,,,,,,,,,,,,,,,,,,,,,,,,,,,,,,,,,,,,,,,,,,,,,,,,,,,,,,,,,,,,,,,,,,,,
,Time,T° 600,A1,A2,A3,A4,A5,A6,A7,A8,A9,A10,A11,A12,B1,B2,B3,B4,B5,B6,B7,B8,B9,B10,B11,B12,C1,C2,C3,C4,C5,C6,C7,C8,C9,C10,C11,C12,D1,D2,D3,D4,D5,D6,D7,D8,D9,D10,D11,D12,E1,E2,E3,E4,E5,E6,E7,E8,E9,E10,E11,E12,F1,F2,F3,F4,F5,F6,F7,F8,F9,F10,F11,F12,G1,G2,G3,G4,G5,G6,G7,G8,G9,G10,G11,G12,H1,H2,H3,H4,H5,H6,H7,H8,H9,H10,H11,H12
,0:04:16,48,0.0872,0.0869,0.0857,0.0863,0.0859,0.0859,0.0861,0.0868,0.0871,0.086,0.0873,0.0871,0.0905,0.0828,0.0868,0.082,0.085,0.0823,0.0831,0.0826,0.0841,0.0829,0.0851,0.086,0.0879,0.0814,0.0835,0.0839,0.0826,0.0813,0.0815,0.085,0.0848,0.0836,0.0814,0.087,0.0871,0.0825,0.0822,0.0837,0.0902,0.0819,0.0838,0.0902,0.0854,0.083,0.0822,0.0851,0.0905,0.0878,0.0877,0.0962,0.0895,0.0875,0.0878,0.0893,0.086,0.0862,0.0883,0.0868,0.0869,0.085,0.087,0.0883,0.0928,0.0865,0.0865,0.088,0.089,0.0901,0.0858,0.0881,0.0879,0.0914,0.0871,0.0882,0.0867,0.0889,0.0886,0.1157,0.0906,0.0888,0.0909,0.0852,0.0862,0.0868,0.092,0.0847,0.087,0.0853,0.0849,0.0866,0.0857,0.0841,0.0855,0.0844
,0:09:16,48,0.087,0.086,0.0853,0.086,0.0856,0.0853,0.0858,0.0852,0.0867,0.0855,0.0868,0.0865,0.0897,0.0815,0.0859,0.0815,0.0844,0.0821,0.0825,0.082,0.0836,0.0825,0.0843,0.0854,0.0876,0.0807,0.0832,0.084,0.0811,0.0809,0.0814,0.0843,0.0845,0.0829,0.0808,0.086,0.0866,0.0823,0.0817,0.0828,0.0858,0.0818,0.0835,0.0878,0.0835,0.082,0.0815,0.0847,0.092,0.0872,0.0871,0.0961,0.0891,0.0871,0.0874,0.0885,0.086,0.0859,0.0877,0.0859,0.0861,0.0847,0.0867,0.0882,0.0916,0.0858,0.0859,0.0872,0.0886,0.0888,0.0853,0.0871,0.0877,0.0909,0.0864,0.0872,0.086,0.0884,0.0878,0.1082,0.0896,0.0886,0.0903,0.0848,0.0861,0.0864,0.0919,0.0847,0.0866,0.085,0.0841,0.0864,0.0848,0.084,0.085,0.0837
,0:14:16,48,0.0863,0.0857,0.0847,0.0853,0.0848,0.0848,0.0854,0.0851,0.0856,0.085,0.0863,0.0853,0.0895,0.0806,0.0851,0.0806,0.0841,0.0817,0.0827,0.0807,0.0828,0.082,0.0831,0.0853,0.087,0.0806,0.0825,0.0832,0.0804,0.0805,0.0808,0.0838,0.0835,0.0826,0.0804,0.0854,0.0859,0.0816,0.0813,0.0819,0.0839,0.0812,0.0832,0.0866,0.0825,0.0812,0.0802,0.0841,0.0925,0.0868,0.0861,0.0961,0.0888,0.0863,0.0875,0.088,0.0855,0.0856,0.0878,0.0853,0.0862,0.0844,0.0862,0.0876,0.0908,0.0859,0.0855,0.0868,0.0877,0.0885,0.0851,0.0857,0.0868,0.0902,0.0861,0.0869,0.0863,0.0874,0.0867,0.1059,0.0887,0.088,0.0903,0.0847,0.0854,0.086,0.0912,0.0841,0.0857,0.0845,0.0835,0.0859,0.0851,0.0837,0.0847,0.0834
,0:19:16,47.9,0.0861,0.0857,0.0847,0.0854,0.0849,0.0849,0.0853,0.0851,0.0862,0.0848,0.0863,0.0859,0.0894,0.081,0.0848,0.0803,0.0835,0.0812,0.0824,0.0809,0.0831,0.0821,0.0824,0.0851,0.0869,0.0803,0.0823,0.0835,0.0804,0.0808,0.0807,0.0838,0.084,0.0825,0.0799,0.0856,0.0861,0.0814,0.0816,0.0822,0.0841,0.0813,0.083,0.0861,0.0826,0.081,0.0802,0.0842,0.0947,0.0867,0.0863,0.0947,0.0883,0.0866,0.087,0.0874,0.0862,0.0856,0.087,0.085,0.0854,0.0845,0.086,0.0875,0.0914,0.0859,0.0851,0.0867,0.0876,0.0887,0.085,0.0858,0.0869,0.0903,0.0855,0.0873,0.0862,0.0878,0.0866,0.1055,0.0892,0.0878,0.0889,0.085,0.0853,0.0854,0.0917,0.0836,0.0861,0.0846,0.0839,0.086,0.0848,0.0838,0.084,0.0836
,0:24:16,47.9,0.0869,0.0866,0.0853,0.0858,0.0857,0.085,0.0853,0.0854,0.0861,0.0853,0.0864,0.0858,0.0895,0.0805,0.0852,0.0808,0.0834,0.0813,0.083,0.0813,0.0833,0.0828,0.0834,0.0858,0.0866,0.0804,0.0825,0.0836,0.0805,0.0803,0.0813,0.0841,0.0841,0.0829,0.0803,0.086,0.0862,0.0816,0.0815,0.082,0.0841,0.0813,0.0837,0.086,0.0831,0.0818,0.0802,0.0848,0.0964,0.087,0.0868,0.0948,0.0885,0.0869,0.0873,0.0877,0.0858,0.0858,0.0879,0.0851,0.0861,0.0849,0.0865,0.0877,0.0906,0.0858,0.0856,0.0868,0.0882,0.0886,0.0851,0.0854,0.0871,0.0906,0.0861,0.0875,0.0864,0.0879,0.0866,0.1052,0.0893,0.0882,0.0892,0.0857,0.0858,0.0858,0.0913,0.0841,0.0865,0.0847,0.0841,0.0866,0.0855,0.0841,0.0849,0.0834
,0:29:16,48,0.0865,0.0861,0.0854,0.0855,0.0856,0.0849,0.0856,0.0852,0.0862,0.0851,0.0867,0.086,0.0896,0.0807,0.085,0.0809,0.0831,0.0817,0.0823,0.081,0.0835,0.0828,0.0828,0.0853,0.0869,0.0803,0.0827,0.0834,0.0807,0.0805,0.0811,0.0837,0.0837,0.0827,0.08,0.0859,0.0863,0.0818,0.0822,0.0824,0.0847,0.0814,0.083,0.0858,0.0829,0.0818,0.0805,0.0843,0.0971,0.0871,0.0866,0.0947,0.0887,0.0866,0.0875,0.0879,0.0862,0.086,0.0877,0.0852,0.0865,0.085,0.0865,0.0879,0.091,0.0863,0.0853,0.0866,0.0887,0.0888,0.0854,0.0854,0.0875,0.0903,0.0864,0.0875,0.0867,0.0877,0.0866,0.1047,0.0896,0.0881,0.0889,0.0864,0.0857,0.0859,0.0915,0.0843,0.0865,0.0851,0.084,0.0866,0.0851,0.0843,0.0847,0.0841
,0:34:16,48,0.0876,0.0857,0.0851,0.085,0.0847,0.085,0.0848,0.0852,0.0856,0.0841,0.0866,0.0853,0.0896,0.0806,0.0848,0.0808,0.0828,0.0811,0.0818,0.0807,0.0828,0.0821,0.0829,0.0851,0.0869,0.0801,0.0823,0.0831,0.0801,0.0805,0.0808,0.0837,0.0833,0.0823,0.0804,0.0854,0.0864,0.0815,0.0812,0.0819,0.0837,0.0811,0.0832,0.0858,0.0826,0.0811,0.0801,0.0842,0.0973,0.0869,0.0867,0.0952,0.0884,0.0865,0.0872,0.0874,0.0858,0.0857,0.0876,0.0844,0.0861,0.0847,0.0861,0.0874,0.0906,0.0861,0.0849,0.0865,0.0878,0.0888,0.0848,0.0853,0.0871,0.0904,0.086,0.0871,0.0863,0.0873,0.086,0.1046,0.0888,0.0878,0.0885,0.0869,0.0855,0.0854,0.0912,0.0837,0.0858,0.0845,0.0835,0.0861,0.0852,0.0839,0.0846,0.0836
,0:39:16,48,0.0865,0.0858,0.0849,0.0852,0.0852,0.0849,0.085,0.0852,0.0858,0.0848,0.0867,0.0857,0.0902,0.0806,0.0847,0.0806,0.0828,0.0814,0.0825,0.0809,0.0832,0.0826,0.0828,0.0854,0.0865,0.0807,0.0823,0.0834,0.08,0.0803,0.0804,0.0841,0.0839,0.0827,0.0799,0.0858,0.0862,0.0817,0.0814,0.0821,0.0842,0.0813,0.0827,0.0859,0.0825,0.0812,0.0799,0.0846,0.0986,0.0871,0.0864,0.0941,0.0878,0.0864,0.0872,0.0875,0.0861,0.0857,0.0873,0.0844,0.0867,0.0847,0.0864,0.0875,0.0907,0.0857,0.0856,0.0867,0.088,0.0886,0.0851,0.0852,0.0871,0.0904,0.087,0.0869,0.0872,0.0883,0.0863,0.1053,0.0892,0.088,0.0886,0.0867,0.0856,0.0857,0.0911,0.084,0.0861,0.0847,0.0838,0.0863,0.0849,0.084,0.0846,0.0837
,0:44:16,48,0.0871,0.0851,0.085,0.0849,0.086,0.0846,0.0848,0.0853,0.0852,0.0842,0.0862,0.0853,0.0893,0.0805,0.0847,0.0806,0.083,0.0811,0.0824,0.0811,0.0827,0.0822,0.0821,0.085,0.0862,0.0795,0.0819,0.0831,0.0797,0.0796,0.0805,0.0834,0.0836,0.082,0.0796,0.0849,0.0855,0.0809,0.0814,0.082,0.0834,0.0809,0.0826,0.085,0.0825,0.0811,0.0802,0.0844,0.0989,0.0863,0.0861,0.0934,0.0876,0.086,0.0867,0.0867,0.0857,0.0851,0.0875,0.0842,0.0857,0.0843,0.0859,0.0874,0.09,0.0857,0.0851,0.0862,0.0879,0.0882,0.0847,0.0851,0.0868,0.0897,0.0855,0.0868,0.0867,0.0872,0.0862,0.1045,0.0889,0.0878,0.0886,0.0888,0.0854,0.0853,0.0912,0.0837,0.086,0.0847,0.0837,0.0862,0.0851,0.0838,0.0846,0.0829
,0:49:16,47.9,0.0867,0.0857,0.085,0.0854,0.087,0.0849,0.0851,0.0867,0.086,0.0851,0.0863,0.0852,0.09,0.0805,0.0848,0.0806,0.0833,0.0815,0.0827,0.0809,0.083,0.0825,0.0824,0.0853,0.0868,0.0804,0.0825,0.083,0.0804,0.0804,0.0807,0.0837,0.084,0.0822,0.0799,0.0856,0.0864,0.0816,0.0814,0.0824,0.0838,0.0818,0.0828,0.0859,0.0827,0.0814,0.0804,0.0845,0.1,0.0868,0.0867,0.0937,0.0882,0.0867,0.0869,0.0878,0.086,0.0858,0.0878,0.0845,0.0864,0.0847,0.0866,0.0875,0.0905,0.0858,0.0851,0.0866,0.0882,0.0886,0.085,0.0852,0.0874,0.0899,0.0865,0.0875,0.0873,0.0879,0.0863,0.1045,0.0897,0.0881,0.089,0.0855,0.0858,0.086,0.0917,0.0845,0.0868,0.0852,0.0842,0.0866,0.085,0.0845,0.0849,0.084
,0:54:16,47.9,0.0867,0.0857,0.0853,0.0856,0.0862,0.0851,0.0851,0.0862,0.0861,0.0848,0.0868,0.0855,0.0896,0.0805,0.0848,0.0805,0.0832,0.0814,0.0822,0.0809,0.0835,0.082,0.0824,0.0857,0.0864,0.0804,0.0824,0.0831,0.08,0.0805,0.0804,0.0835,0.0837,0.082,0.0797,0.0856,0.0863,0.0815,0.0812,0.0823,0.084,0.0816,0.0829,0.0853,0.0828,0.081,0.0804,0.0845,0.1002,0.0868,0.0869,0.0929,0.0882,0.0862,0.0867,0.0872,0.086,0.086,0.0873,0.0846,0.0862,0.0845,0.0861,0.0878,0.0905,0.0858,0.0855,0.0865,0.0882,0.0889,0.0849,0.0855,0.0871,0.0901,0.0861,0.0873,0.0866,0.0875,0.0863,0.1044,0.0891,0.0878,0.0885,0.0879,0.0858,0.0857,0.0914,0.0843,0.0859,0.0851,0.084,0.0862,0.0853,0.0845,0.0847,0.0835
,0:59:16,48,0.0865,0.0857,0.0849,0.0853,0.0865,0.0845,0.0853,0.0854,0.0856,0.0847,0.0865,0.0859,0.0895,0.0808,0.0848,0.0804,0.083,0.0816,0.0825,0.081,0.0829,0.0824,0.0826,0.0858,0.0865,0.0802,0.0826,0.0829,0.0801,0.0802,0.0807,0.0837,0.0836,0.0823,0.08,0.0852,0.0856,0.0815,0.0812,0.0825,0.0836,0.0815,0.0827,0.0851,0.0826,0.0812,0.0798,0.0845,0.1006,0.0874,0.0863,0.0928,0.0882,0.0863,0.0872,0.0878,0.086,0.0857,0.0875,0.0847,0.086,0.0845,0.0865,0.0876,0.09,0.0861,0.0849,0.0865,0.088,0.0881,0.0849,0.0853,0.0874,0.0902,0.0858,0.0869,0.0868,0.0876,0.0865,0.1041,0.0891,0.088,0.0885,0.0853,0.0859,0.086,0.0913,0.0842,0.0865,0.0852,0.0837,0.0862,0.0848,0.0847,0.0846,0.0837
,1:04:16,48,0.0859,0.0855,0.0853,0.0853,0.0865,0.0848,0.0853,0.0853,0.0856,0.0846,0.0859,0.0855,0.0895,0.0805,0.0845,0.0805,0.0833,0.0812,0.0818,0.0809,0.0834,0.0826,0.0823,0.0851,0.0864,0.0801,0.0818,0.0828,0.0801,0.0801,0.0806,0.0832,0.0833,0.082,0.0799,0.0851,0.0859,0.0812,0.0814,0.0817,0.0836,0.0813,0.0826,0.0849,0.0824,0.0812,0.0799,0.0843,0.1005,0.0863,0.0865,0.0932,0.0881,0.0863,0.0867,0.0874,0.0861,0.0856,0.0875,0.0842,0.0857,0.0844,0.0857,0.0875,0.0903,0.0856,0.085,0.0864,0.088,0.0886,0.085,0.0848,0.0871,0.09,0.0863,0.0869,0.0863,0.0873,0.0857,0.1039,0.0891,0.0876,0.0888,0.0877,0.0855,0.0859,0.0912,0.0839,0.0861,0.0849,0.0837,0.0864,0.0846,0.0844,0.0847,0.0837
,1:09:16,47.9,0.0868,0.0865,0.0856,0.0855,0.0864,0.0851,0.0856,0.0859,0.0859,0.0853,0.0869,0.086,0.0901,0.0807,0.085,0.081,0.0834,0.0815,0.0826,0.081,0.0836,0.0828,0.0828,0.0857,0.0867,0.0808,0.0825,0.0833,0.0803,0.0808,0.0808,0.0839,0.0842,0.0831,0.0806,0.0857,0.0865,0.0822,0.0815,0.0824,0.0841,0.082,0.0834,0.0857,0.0832,0.0817,0.0801,0.0847,0.1017,0.0866,0.087,0.0935,0.0885,0.0868,0.0873,0.0877,0.0864,0.086,0.088,0.0847,0.0867,0.0854,0.0867,0.0881,0.0908,0.0863,0.0857,0.087,0.0889,0.0885,0.0854,0.0857,0.0875,0.0905,0.0865,0.088,0.0866,0.0878,0.0867,0.1044,0.0895,0.0881,0.0892,0.0853,0.0862,0.0862,0.0914,0.0849,0.0867,0.0854,0.0842,0.0866,0.0857,0.0848,0.0855,0.084
,1:14:16,47.9,0.0865,0.0858,0.0854,0.0857,0.086,0.085,0.0853,0.0853,0.0859,0.0848,0.0863,0.0859,0.0896,0.0807,0.0847,0.0809,0.0835,0.0814,0.0826,0.081,0.0833,0.0823,0.0826,0.0856,0.0863,0.0801,0.0824,0.0833,0.0807,0.0803,0.0808,0.0839,0.0838,0.0822,0.0799,0.0851,0.0857,0.0814,0.0817,0.0824,0.0836,0.0817,0.0829,0.0854,0.0833,0.082,0.0804,0.085,0.1014,0.0867,0.0864,0.0927,0.0881,0.0876,0.0869,0.0875,0.0861,0.0858,0.0876,0.0843,0.0863,0.0847,0.0864,0.0873,0.0902,0.0859,0.0854,0.0871,0.0886,0.0885,0.0847,0.0851,0.0871,0.0903,0.0863,0.0874,0.0864,0.088,0.086,0.1043,0.0895,0.0884,0.0891,0.0854,0.0862,0.0861,0.0914,0.0844,0.0863,0.0852,0.0842,0.0864,0.0854,0.0846,0.0847,0.0838
,1:19:16,48,0.0865,0.0859,0.0851,0.0854,0.0862,0.0846,0.0855,0.0858,0.0859,0.0847,0.0866,0.0855,0.0897,0.0804,0.0845,0.0809,0.0837,0.0816,0.0817,0.0809,0.0837,0.0828,0.0823,0.0865,0.0863,0.0803,0.0825,0.0829,0.0802,0.0805,0.0807,0.0839,0.0834,0.0821,0.0803,0.0853,0.086,0.0816,0.0815,0.0822,0.0835,0.0812,0.0826,0.0855,0.0831,0.0812,0.0803,0.0845,0.1013,0.0872,0.0867,0.0966,0.0881,0.0867,0.0867,0.0872,0.0859,0.0857,0.0884,0.0843,0.086,0.0843,0.0863,0.0878,0.09,0.0858,0.0853,0.0866,0.088,0.089,0.0852,0.0851,0.0874,0.0901,0.0862,0.0872,0.0865,0.0874,0.0862,0.104,0.0893,0.0876,0.0884,0.0854,0.0855,0.086,0.0912,0.0839,0.0861,0.085,0.084,0.0865,0.0851,0.0849,0.0847,0.084
,1:24:16,47.9,0.0863,0.086,0.0851,0.0857,0.0866,0.0846,0.0854,0.0857,0.0862,0.0848,0.0867,0.0854,0.0894,0.0806,0.0848,0.0808,0.0836,0.0814,0.0823,0.0813,0.0831,0.0823,0.0826,0.0856,0.0867,0.0804,0.0824,0.0833,0.0807,0.0804,0.0806,0.0839,0.0837,0.0822,0.0801,0.0853,0.086,0.0817,0.0821,0.0823,0.0837,0.0819,0.083,0.0852,0.0831,0.0817,0.0807,0.0849,0.1011,0.0868,0.0861,0.0926,0.0882,0.0868,0.0872,0.0874,0.0862,0.0859,0.0876,0.0848,0.0866,0.0849,0.0867,0.0878,0.0906,0.0861,0.0851,0.0865,0.0885,0.0886,0.0855,0.0855,0.0875,0.0903,0.0862,0.0876,0.0866,0.0877,0.0866,0.1039,0.0895,0.088,0.0886,0.0853,0.0861,0.086,0.0913,0.0842,0.0867,0.0854,0.0842,0.0862,0.0857,0.0853,0.0849,0.0837
,1:29:16,48,0.0865,0.086,0.0851,0.0854,0.0865,0.0846,0.0849,0.0855,0.0853,0.0847,0.0864,0.0854,0.0895,0.0803,0.0847,0.0802,0.083,0.0812,0.0825,0.0807,0.0829,0.0824,0.0824,0.0854,0.0865,0.0801,0.0823,0.083,0.0806,0.0804,0.0798,0.0838,0.0833,0.0821,0.0799,0.0854,0.0861,0.0814,0.0813,0.0823,0.084,0.0816,0.0827,0.0855,0.0826,0.081,0.0801,0.0849,0.101,0.0863,0.0864,0.0954,0.088,0.0867,0.0869,0.0875,0.0861,0.0853,0.0872,0.085,0.0861,0.0844,0.0862,0.0875,0.0904,0.0853,0.0853,0.0865,0.0883,0.0888,0.0846,0.0848,0.0873,0.0903,0.0863,0.0873,0.0862,0.0876,0.0861,0.1042,0.0894,0.0877,0.0883,0.085,0.0857,0.0858,0.0912,0.0845,0.0865,0.0853,0.0843,0.0863,0.0852,0.0843,0.0849,0.0844
,1:34:16,47.9,0.0865,0.0857,0.0855,0.0855,0.0864,0.0847,0.0854,0.0855,0.0861,0.0849,0.0865,0.0854,0.0892,0.0808,0.0845,0.0806,0.0835,0.0814,0.082,0.0811,0.0836,0.0823,0.0825,0.0854,0.0862,0.0803,0.0824,0.0834,0.0803,0.0802,0.081,0.084,0.0838,0.0822,0.0798,0.0856,0.0861,0.0812,0.0818,0.0823,0.0841,0.0816,0.0826,0.0855,0.0827,0.0815,0.0801,0.0843,0.1013,0.0868,0.0867,0.0938,0.0882,0.0865,0.0875,0.0876,0.086,0.0856,0.0876,0.0844,0.086,0.0849,0.0865,0.0873,0.0903,0.0856,0.0854,0.0864,0.0879,0.0891,0.085,0.0853,0.0868,0.09,0.0861,0.0873,0.0865,0.0873,0.0862,0.1038,0.0894,0.0878,0.0886,0.0852,0.086,0.0859,0.0915,0.0842,0.0864,0.0849,0.0839,0.0864,0.0852,0.0848,0.0849,0.0842
,1:39:16,47.9,0.0862,0.0855,0.0851,0.0854,0.0859,0.0845,0.0855,0.0852,0.0853,0.0845,0.0862,0.0854,0.0894,0.0801,0.0849,0.0808,0.0834,0.0814,0.0818,0.0808,0.083,0.0823,0.0825,0.0864,0.0863,0.0799,0.0822,0.0828,0.0801,0.0801,0.0804,0.0839,0.0837,0.0819,0.08,0.0853,0.0857,0.0814,0.0813,0.0817,0.0838,0.0816,0.0826,0.0852,0.083,0.0813,0.0799,0.0844,0.1007,0.0865,0.0861,0.0925,0.0879,0.0863,0.0866,0.087,0.0859,0.0856,0.0877,0.0842,0.0862,0.0845,0.086,0.0875,0.0901,0.0854,0.0852,0.0863,0.0881,0.0886,0.0847,0.085,0.0868,0.0901,0.0862,0.0869,0.086,0.0875,0.086,0.1034,0.089,0.0878,0.0884,0.085,0.086,0.0854,0.0913,0.0837,0.0859,0.085,0.0837,0.0862,0.0848,0.0847,0.0845,0.084
,1:44:16,48,0.086,0.0849,0.0845,0.0852,0.0859,0.0843,0.0848,0.085,0.0848,0.0841,0.0858,0.0848,0.0887,0.0799,0.0843,0.08,0.0832,0.0808,0.0812,0.0806,0.0824,0.082,0.0817,0.0849,0.0858,0.0797,0.0819,0.0826,0.0799,0.0796,0.0801,0.083,0.0829,0.0815,0.0793,0.0849,0.0856,0.0808,0.0807,0.082,0.0831,0.0811,0.0818,0.0848,0.082,0.0807,0.0799,0.0839,0.1001,0.0857,0.0859,0.0924,0.0875,0.086,0.0865,0.0871,0.0857,0.0851,0.0869,0.0842,0.0854,0.0842,0.0858,0.0867,0.089,0.0851,0.0849,0.0858,0.0878,0.0878,0.0841,0.0843,0.0865,0.0897,0.0853,0.0865,0.0857,0.087,0.0853,0.1031,0.0882,0.0876,0.088,0.0841,0.0854,0.0854,0.0907,0.0836,0.0858,0.0844,0.0838,0.0859,0.0846,0.0844,0.0843,0.0835
,1:49:16,48,0.0864,0.0853,0.085,0.0849,0.0865,0.0842,0.0851,0.0854,0.0856,0.0842,0.0863,0.0855,0.0888,0.08,0.0842,0.0804,0.083,0.0808,0.0816,0.0806,0.083,0.0818,0.0823,0.0852,0.0865,0.0798,0.0818,0.0826,0.08,0.08,0.0801,0.0834,0.0835,0.0818,0.0796,0.0853,0.0857,0.0809,0.0813,0.0819,0.0836,0.0811,0.0826,0.0851,0.0824,0.0806,0.0795,0.0841,0.1003,0.0861,0.0865,0.092,0.0876,0.0861,0.0866,0.087,0.0855,0.0853,0.0873,0.0839,0.086,0.0851,0.0858,0.0873,0.0907,0.0855,0.0849,0.0859,0.0878,0.088,0.0846,0.0847,0.0864,0.0896,0.0855,0.0871,0.086,0.087,0.0859,0.1042,0.0888,0.0877,0.0882,0.0849,0.0855,0.0861,0.0911,0.0835,0.086,0.0851,0.0835,0.0861,0.0851,0.0845,0.0843,0.0835
,1:54:16,47.9,0.0857,0.0852,0.0847,0.0847,0.0852,0.0845,0.0853,0.0856,0.0853,0.0842,0.0864,0.0852,0.0893,0.0797,0.0843,0.0802,0.0835,0.0807,0.0821,0.0805,0.0827,0.0817,0.0823,0.0864,0.0862,0.0801,0.0817,0.0826,0.0798,0.0799,0.0802,0.0832,0.0833,0.0816,0.0794,0.085,0.0853,0.0811,0.0811,0.0817,0.0835,0.0812,0.0823,0.0843,0.0824,0.0809,0.0796,0.0842,0.1001,0.0864,0.0865,0.092,0.0876,0.0862,0.0867,0.0871,0.086,0.0851,0.0871,0.0838,0.0856,0.0846,0.0857,0.087,0.0897,0.0857,0.0847,0.0859,0.0876,0.0883,0.0913,0.0846,0.0868,0.0899,0.0857,0.087,0.0862,0.0871,0.0855,0.1036,0.0884,0.0876,0.0879,0.0849,0.0854,0.0853,0.0907,0.0837,0.0859,0.0847,0.0841,0.0859,0.085,0.0846,0.0846,0.0838
,1:59:16,48,0.0865,0.0861,0.0851,0.085,0.0852,0.0851,0.0856,0.0861,0.086,0.0846,0.0866,0.0857,0.0896,0.0807,0.0848,0.0805,0.0838,0.0813,0.0819,0.0807,0.0835,0.0823,0.0823,0.0858,0.0865,0.0801,0.0821,0.0833,0.0806,0.0806,0.0802,0.0838,0.0836,0.0824,0.0801,0.0851,0.0859,0.0816,0.0817,0.082,0.0837,0.082,0.0827,0.0857,0.083,0.0816,0.0803,0.0848,0.1002,0.0866,0.0867,0.0921,0.088,0.0866,0.0871,0.0871,0.0861,0.0855,0.0878,0.0849,0.086,0.0849,0.0867,0.0877,0.0901,0.0864,0.0852,0.0865,0.0884,0.0892,0.0852,0.0849,0.0872,0.0903,0.086,0.0875,0.0867,0.0876,0.0862,0.1044,0.089,0.0882,0.0882,0.0851,0.086,0.0859,0.0914,0.0841,0.0864,0.0855,0.0843,0.0867,0.0853,0.0844,0.0849,0.0842
,2:04:16,48,0.0867,0.0861,0.0862,0.0852,0.0854,0.0847,0.0853,0.0863,0.086,0.0849,0.0869,0.0859,0.0896,0.0808,0.0848,0.0807,0.0841,0.0811,0.0821,0.0809,0.0837,0.0824,0.0824,0.0862,0.0866,0.0804,0.0827,0.0834,0.0807,0.0804,0.0805,0.0841,0.0836,0.0824,0.0803,0.0855,0.0857,0.0816,0.0816,0.0818,0.0842,0.0818,0.0825,0.0857,0.0829,0.0819,0.0807,0.0848,0.1003,0.0869,0.087,0.0937,0.0883,0.0866,0.0869,0.0875,0.0864,0.0861,0.0881,0.0847,0.086,0.0849,0.0867,0.088,0.0903,0.0863,0.0851,0.0863,0.0887,0.0892,0.0852,0.0853,0.0873,0.0906,0.0864,0.0875,0.0867,0.0877,0.0865,0.1043,0.0887,0.0881,0.0889,0.0858,0.0864,0.0862,0.0916,0.0845,0.0864,0.085,0.0844,0.0867,0.0859,0.0852,0.0848,0.0844
,2:09:16,47.9,0.0862,0.0852,0.085,0.0854,0.0855,0.0847,0.085,0.0855,0.0855,0.0846,0.0867,0.0857,0.0895,0.0802,0.0846,0.0808,0.0833,0.0811,0.0816,0.0808,0.0835,0.082,0.0829,0.0859,0.0866,0.08,0.0822,0.0832,0.0805,0.0802,0.0806,0.0836,0.0832,0.0818,0.0797,0.0859,0.086,0.0812,0.0814,0.0817,0.0834,0.0814,0.0827,0.0851,0.0827,0.0815,0.0802,0.0845,0.0996,0.0863,0.0866,0.0925,0.0879,0.0868,0.0867,0.0871,0.0858,0.0856,0.0874,0.0844,0.0861,0.0848,0.0861,0.0875,0.0899,0.0861,0.0847,0.0865,0.0877,0.0887,0.0848,0.0846,0.0872,0.09,0.086,0.0871,0.0864,0.0869,0.0863,0.104,0.0889,0.088,0.0885,0.0852,0.0856,0.086,0.0912,0.0843,0.0857,0.0853,0.0838,0.0863,0.0856,0.0848,0.0846,0.0841
,2:14:16,48,0.0866,0.0855,0.0848,0.085,0.0859,0.0845,0.085,0.0851,0.0853,0.0845,0.0862,0.0854,0.0889,0.0802,0.0843,0.0801,0.0826,0.0808,0.082,0.0809,0.083,0.0821,0.0822,0.0859,0.0864,0.0797,0.0818,0.0826,0.0798,0.0797,0.0805,0.0832,0.0833,0.0814,0.0796,0.0853,0.0852,0.0813,0.0812,0.0815,0.0833,0.0814,0.0824,0.0852,0.0824,0.0808,0.08,0.0843,0.0994,0.086,0.0865,0.092,0.0877,0.0864,0.0866,0.0873,0.0857,0.0854,0.0868,0.0846,0.0855,0.0844,0.0862,0.0877,0.0898,0.0855,0.0848,0.0859,0.0881,0.0881,0.0842,0.0848,0.087,0.0901,0.0858,0.0871,0.0862,0.087,0.0857,0.1038,0.0889,0.0877,0.0881,0.0851,0.0857,0.0855,0.0913,0.0839,0.0858,0.0846,0.084,0.0864,0.0853,0.0843,0.0844,0.0838
,2:19:16,48,0.0861,0.085,0.085,0.085,0.0847,0.0845,0.085,0.0857,0.0856,0.0846,0.0866,0.0854,0.0892,0.0799,0.0846,0.0802,0.0831,0.0819,0.0816,0.0806,0.0831,0.0821,0.0822,0.0859,0.0862,0.0796,0.0822,0.0835,0.0801,0.0801,0.0802,0.0834,0.0833,0.0814,0.08,0.0851,0.0859,0.0815,0.0812,0.0817,0.0836,0.0816,0.0825,0.0852,0.0826,0.0812,0.0798,0.0844,0.0992,0.0863,0.086,0.0917,0.0877,0.0861,0.0868,0.0871,0.0859,0.0853,0.0873,0.0846,0.0858,0.0842,0.086,0.0877,0.0898,0.0856,0.085,0.0862,0.0879,0.0882,0.0843,0.085,0.0872,0.0897,0.086,0.0868,0.0856,0.0871,0.0857,0.1039,0.0888,0.0878,0.0884,0.085,0.0855,0.0855,0.0912,0.0839,0.0863,0.085,0.0841,0.0861,0.0852,0.0846,0.0843,0.084
,2:24:16,47.9,0.0868,0.0859,0.0854,0.0853,0.0852,0.085,0.0856,0.0856,0.0856,0.0845,0.0865,0.0856,0.0893,0.081,0.0848,0.0809,0.0834,0.0815,0.0822,0.0811,0.0835,0.082,0.0827,0.0857,0.0862,0.0807,0.0825,0.0826,0.0804,0.0805,0.0811,0.0841,0.0837,0.0823,0.0801,0.0856,0.0861,0.0815,0.0815,0.0821,0.0838,0.0814,0.0828,0.0853,0.083,0.0815,0.0803,0.0849,0.0993,0.0866,0.0866,0.0926,0.0886,0.0864,0.0872,0.0874,0.0862,0.0856,0.0872,0.0849,0.0861,0.0851,0.0861,0.0876,0.0904,0.0858,0.085,0.0866,0.0883,0.089,0.085,0.0854,0.0873,0.0903,0.0863,0.0871,0.0861,0.087,0.086,0.1038,0.089,0.0884,0.0887,0.0851,0.0862,0.0858,0.0913,0.0849,0.0864,0.085,0.0843,0.0871,0.0855,0.0848,0.0849,0.0842
,2:29:16,48,0.0863,0.0852,0.0852,0.085,0.0845,0.0844,0.0847,0.0856,0.0856,0.0841,0.0865,0.0854,0.0889,0.0799,0.0844,0.0805,0.0827,0.0817,0.0816,0.0809,0.0827,0.0822,0.082,0.0858,0.0862,0.0794,0.0819,0.083,0.0803,0.0798,0.0802,0.0833,0.0838,0.0817,0.0794,0.0851,0.0855,0.081,0.081,0.0814,0.0836,0.0814,0.0825,0.0852,0.0823,0.0807,0.0797,0.0842,0.0986,0.0865,0.086,0.0916,0.0879,0.0861,0.0865,0.0873,0.0857,0.0853,0.0873,0.084,0.0856,0.0845,0.0858,0.0874,0.0896,0.0859,0.0846,0.0857,0.0878,0.088,0.0844,0.0848,0.0869,0.0897,0.0857,0.0868,0.0858,0.0869,0.0854,0.1038,0.0886,0.0876,0.0882,0.0847,0.0854,0.0853,0.0908,0.0836,0.0858,0.0847,0.0837,0.0863,0.085,0.0842,0.0844,0.0839
,2:34:16,47.9,0.0871,0.0858,0.0857,0.0856,0.0852,0.0847,0.0852,0.0856,0.0864,0.0846,0.0869,0.0858,0.0894,0.0805,0.0847,0.0807,0.084,0.0815,0.0819,0.0811,0.0837,0.0824,0.0827,0.0867,0.0863,0.0804,0.0823,0.0828,0.0801,0.0803,0.0813,0.084,0.0837,0.0825,0.0799,0.0856,0.0861,0.0816,0.0815,0.0823,0.0835,0.082,0.0827,0.0856,0.0831,0.0814,0.0804,0.0848,0.0986,0.0867,0.0864,0.0927,0.0881,0.0871,0.0872,0.0877,0.0862,0.0858,0.0874,0.0845,0.0862,0.0847,0.0865,0.0879,0.0901,0.086,0.0854,0.0864,0.0884,0.0888,0.0847,0.0853,0.0875,0.0904,0.086,0.087,0.0867,0.0875,0.0863,0.1042,0.0891,0.088,0.0887,0.0858,0.0861,0.0859,0.0918,0.0843,0.0864,0.0853,0.0846,0.0867,0.0861,0.0852,0.0853,0.0844
,2:39:16,47.9,0.0871,0.086,0.0857,0.0858,0.0855,0.0845,0.0857,0.0859,0.0861,0.0849,0.0871,0.0864,0.0895,0.0804,0.0843,0.081,0.0838,0.0812,0.0821,0.0811,0.0837,0.0825,0.0827,0.086,0.0865,0.0803,0.083,0.0828,0.0804,0.0804,0.0817,0.0839,0.0842,0.0822,0.08,0.0859,0.0863,0.0816,0.0816,0.0823,0.0839,0.0818,0.0831,0.0859,0.0832,0.0819,0.0806,0.0845,0.0985,0.0868,0.0868,0.0927,0.0882,0.0865,0.0869,0.0875,0.0861,0.0857,0.0877,0.0846,0.0867,0.0851,0.0869,0.0879,0.0901,0.0861,0.0854,0.0867,0.0884,0.0888,0.0848,0.0849,0.0874,0.0908,0.0868,0.0875,0.0861,0.0877,0.0862,0.1043,0.0891,0.0882,0.0888,0.0854,0.0857,0.0863,0.0917,0.0844,0.0866,0.0857,0.0845,0.0871,0.0856,0.085,0.085,0.0847
,2:44:16,48,0.0861,0.0851,0.0849,0.0849,0.085,0.0848,0.0848,0.0853,0.0855,0.0844,0.0866,0.0851,0.0887,0.0802,0.0842,0.0803,0.0836,0.0812,0.082,0.0807,0.0831,0.0817,0.0822,0.0864,0.0861,0.0801,0.0822,0.0825,0.0799,0.0795,0.0803,0.0836,0.0831,0.0816,0.0798,0.0852,0.0856,0.0809,0.0813,0.0818,0.0831,0.0812,0.0824,0.0846,0.0827,0.0812,0.0802,0.0844,0.0975,0.0863,0.0862,0.0917,0.0877,0.0864,0.0863,0.0871,0.0852,0.0853,0.0872,0.0843,0.086,0.0845,0.0858,0.0874,0.0896,0.0854,0.0848,0.0862,0.0878,0.0883,0.0847,0.085,0.0867,0.0899,0.0858,0.0868,0.0865,0.0867,0.0859,0.1041,0.0887,0.0876,0.0884,0.0849,0.0856,0.086,0.0913,0.0836,0.0858,0.0846,0.084,0.0864,0.0853,0.0846,0.0845,0.0839
,2:49:16,48,0.0863,0.0854,0.0849,0.0853,0.0848,0.0844,0.085,0.0857,0.0851,0.0846,0.0866,0.0854,0.0893,0.08,0.0841,0.0804,0.0836,0.0816,0.0815,0.0809,0.0828,0.0815,0.0823,0.0861,0.0859,0.0801,0.0823,0.0828,0.08,0.08,0.0804,0.0837,0.0832,0.0818,0.0792,0.0854,0.0857,0.0809,0.0811,0.0815,0.0832,0.0814,0.0824,0.0852,0.0824,0.081,0.08,0.0843,0.0972,0.0866,0.0862,0.0923,0.0871,0.0863,0.0866,0.0872,0.0862,0.0851,0.0872,0.0841,0.086,0.0844,0.0857,0.0875,0.0894,0.0857,0.0851,0.0864,0.0878,0.0887,0.0846,0.0844,0.0873,0.0901,0.0858,0.0868,0.0859,0.0868,0.0856,0.1039,0.0889,0.0873,0.0881,0.0849,0.0856,0.0857,0.0911,0.0839,0.0858,0.0855,0.0837,0.0859,0.0852,0.0847,0.0846,0.0837
,2:54:16,48,0.0868,0.0854,0.0855,0.086,0.0849,0.085,0.0855,0.0855,0.086,0.0847,0.0866,0.0859,0.0896,0.0807,0.0848,0.0804,0.0839,0.0818,0.0823,0.0814,0.0834,0.0819,0.0828,0.0867,0.0866,0.08,0.0829,0.0828,0.0801,0.08,0.0808,0.0838,0.0837,0.0827,0.0801,0.086,0.086,0.0818,0.0814,0.0822,0.0835,0.0818,0.0825,0.0855,0.083,0.0815,0.0802,0.0849,0.097,0.0866,0.0864,0.0925,0.0881,0.087,0.0868,0.087,0.0865,0.0855,0.0881,0.0847,0.0861,0.0848,0.0864,0.0881,0.09,0.0861,0.0851,0.0861,0.0882,0.0885,0.0851,0.0851,0.0875,0.0903,0.0862,0.0867,0.0862,0.0873,0.0863,0.1046,0.0887,0.0883,0.0885,0.0855,0.0861,0.086,0.0914,0.0846,0.0866,0.085,0.0843,0.0867,0.0854,0.0853,0.0852,0.0847
,2:59:16,48,0.0863,0.0854,0.0847,0.085,0.0854,0.0841,0.0853,0.0857,0.0853,0.0844,0.0863,0.0854,0.0892,0.0801,0.0842,0.0797,0.0836,0.0813,0.0816,0.0803,0.0829,0.0816,0.0822,0.086,0.0859,0.0797,0.0823,0.0828,0.0801,0.0801,0.0804,0.0833,0.0835,0.0817,0.0798,0.0852,0.0858,0.0811,0.0815,0.0815,0.0831,0.0814,0.0825,0.0848,0.0825,0.0811,0.0798,0.0841,0.0963,0.0863,0.0861,0.0916,0.0876,0.0866,0.0864,0.0869,0.0857,0.0857,0.0871,0.0843,0.0855,0.0843,0.0858,0.0874,0.0897,0.086,0.0846,0.0859,0.0881,0.0884,0.0843,0.0852,0.0869,0.0897,0.0855,0.0871,0.0857,0.0869,0.0855,0.1039,0.0891,0.0876,0.0882,0.0847,0.0858,0.0857,0.0906,0.0839,0.086,0.0847,0.0839,0.0858,0.0849,0.0843,0.0846,0.0838
,3:04:16,47.9,0.0865,0.0859,0.0853,0.0854,0.0878,0.0847,0.0854,0.0858,0.0858,0.0851,0.0868,0.0855,0.0891,0.0805,0.0843,0.0808,0.0831,0.0818,0.0822,0.081,0.0837,0.0823,0.0826,0.0857,0.0861,0.08,0.082,0.0832,0.0806,0.0802,0.0806,0.0838,0.0835,0.0821,0.0803,0.0859,0.0861,0.0815,0.0815,0.0819,0.0836,0.0816,0.0827,0.0851,0.0829,0.0811,0.0802,0.0843,0.0967,0.0866,0.0867,0.0919,0.0877,0.0863,0.0867,0.0873,0.086,0.0857,0.0877,0.0847,0.0864,0.0846,0.0864,0.0878,0.0897,0.086,0.0851,0.0861,0.0882,0.0885,0.085,0.0853,0.0873,0.0903,0.0861,0.0871,0.0864,0.0873,0.0859,0.104,0.0891,0.088,0.0889,0.0854,0.0859,0.086,0.0917,0.0839,0.0861,0.0854,0.0842,0.0865,0.0855,0.0848,0.0849,0.0845
,3:09:16,48,0.0862,0.0854,0.0846,0.0849,0.0849,0.0843,0.0852,0.0854,0.0852,0.0845,0.0863,0.0853,0.089,0.0802,0.0845,0.0805,0.0834,0.0815,0.0816,0.0804,0.0829,0.0822,0.0829,0.0857,0.086,0.0797,0.0818,0.0827,0.0795,0.0801,0.0805,0.0831,0.0831,0.0817,0.0793,0.0852,0.0854,0.0813,0.081,0.0814,0.0835,0.0814,0.0825,0.085,0.0825,0.0809,0.0795,0.0846,0.0954,0.0861,0.0865,0.0918,0.0878,0.0862,0.0863,0.0872,0.0852,0.0851,0.0872,0.0845,0.0854,0.0846,0.0861,0.0873,0.0901,0.0854,0.0848,0.0857,0.0877,0.0885,0.0846,0.0847,0.0867,0.0902,0.0856,0.0873,0.0859,0.087,0.0858,0.1045,0.0886,0.0873,0.088,0.085,0.0852,0.0854,0.0915,0.0838,0.0862,0.0849,0.084,0.0862,0.0848,0.0847,0.0844,0.0838
,3:14:16,48,0.0858,0.0857,0.0849,0.0858,0.0844,0.0848,0.085,0.087,0.0853,0.0846,0.0866,0.0857,0.0887,0.0801,0.0844,0.0806,0.0837,0.0819,0.0817,0.0811,0.0829,0.0821,0.0822,0.0862,0.0862,0.0798,0.0819,0.0828,0.0802,0.0802,0.0803,0.0832,0.0833,0.0823,0.08,0.0851,0.0857,0.0819,0.0811,0.0817,0.0834,0.0813,0.0827,0.0853,0.0825,0.0817,0.0798,0.0842,0.0954,0.0863,0.0862,0.0921,0.0877,0.0864,0.0867,0.0875,0.086,0.0854,0.0874,0.0848,0.086,0.0843,0.0862,0.0876,0.0898,0.0858,0.0851,0.0863,0.0878,0.089,0.0849,0.0849,0.0867,0.0898,0.0858,0.0867,0.0862,0.0873,0.0856,0.104,0.0889,0.088,0.0881,0.0851,0.0856,0.086,0.0913,0.0847,0.0862,0.0852,0.0839,0.0868,0.0855,0.0848,0.0843,0.0842
,3:19:16,47.9,0.0868,0.0853,0.0858,0.0854,0.0848,0.0845,0.0855,0.086,0.0861,0.085,0.0872,0.0861,0.089,0.0805,0.0849,0.0809,0.0832,0.0817,0.0817,0.0807,0.0841,0.0827,0.083,0.0859,0.0867,0.0805,0.0828,0.0828,0.0805,0.0802,0.0805,0.084,0.0838,0.0822,0.0805,0.0855,0.086,0.0817,0.0816,0.0819,0.0838,0.082,0.0826,0.0855,0.0824,0.0815,0.0806,0.0848,0.0952,0.0863,0.0866,0.0924,0.0876,0.0866,0.0866,0.0877,0.0865,0.0855,0.0878,0.0846,0.0863,0.0847,0.0863,0.0881,0.0901,0.0861,0.0853,0.0865,0.0881,0.0886,0.0847,0.0851,0.0873,0.0898,0.0859,0.0872,0.0865,0.0874,0.0861,0.1044,0.0887,0.0874,0.0883,0.0851,0.0859,0.086,0.0917,0.0844,0.086,0.0855,0.0842,0.0865,0.0854,0.085,0.0849,0.0843
,3:24:16,48,0.087,0.0855,0.0852,0.0858,0.0846,0.0864,0.0853,0.0861,0.0859,0.0849,0.0867,0.0862,0.0894,0.0804,0.0846,0.0809,0.0832,0.0813,0.0819,0.081,0.0837,0.0827,0.0824,0.0859,0.0862,0.0804,0.0829,0.0833,0.0801,0.0804,0.0807,0.0835,0.0834,0.0822,0.08,0.0856,0.0857,0.0813,0.0819,0.082,0.0838,0.0815,0.0828,0.085,0.0827,0.0816,0.0805,0.0845,0.0949,0.0866,0.0866,0.0915,0.088,0.0869,0.087,0.0873,0.086,0.0856,0.0876,0.0848,0.0863,0.0847,0.0862,0.088,0.09,0.0861,0.0852,0.0867,0.088,0.089,0.0849,0.0848,0.0874,0.0902,0.0861,0.0874,0.0867,0.0877,0.0859,0.1044,0.0887,0.0881,0.0886,0.0856,0.0858,0.086,0.0915,0.0842,0.0862,0.085,0.084,0.0865,0.0855,0.085,0.0846,0.0846
,3:29:16,48,0.0862,0.0851,0.0851,0.0853,0.0846,0.0845,0.085,0.0857,0.0855,0.0845,0.0865,0.0856,0.0893,0.0798,0.0846,0.0803,0.0834,0.0821,0.0815,0.0812,0.0832,0.0822,0.083,0.0858,0.0862,0.0798,0.0823,0.0828,0.0801,0.0796,0.0803,0.0839,0.0834,0.0818,0.08,0.0852,0.0855,0.0814,0.0815,0.0816,0.0833,0.0816,0.0825,0.0851,0.0824,0.0814,0.0801,0.0846,0.0938,0.0861,0.0866,0.0911,0.0876,0.0864,0.0867,0.0871,0.0858,0.0856,0.0874,0.0843,0.0861,0.0847,0.0863,0.0874,0.09,0.0855,0.0846,0.0862,0.088,0.0886,0.0845,0.0851,0.0866,0.09,0.0856,0.0871,0.0856,0.0866,0.0854,0.104,0.0887,0.0878,0.0885,0.085,0.0858,0.0855,0.0912,0.084,0.0863,0.0846,0.084,0.086,0.085,0.0846,0.0844,0.0841
,3:34:16,48,0.0865,0.0857,0.0855,0.0851,0.085,0.0846,0.0849,0.0853,0.0856,0.0849,0.0865,0.0856,0.0891,0.0809,0.0845,0.0804,0.0834,0.0816,0.0816,0.0806,0.0834,0.0823,0.0826,0.0858,0.0861,0.0802,0.082,0.0827,0.08,0.0802,0.0804,0.0835,0.0837,0.082,0.0802,0.0852,0.0852,0.0811,0.0814,0.0817,0.0835,0.081,0.0827,0.0851,0.0826,0.0809,0.0797,0.0851,0.0937,0.0861,0.0865,0.0916,0.088,0.0864,0.0866,0.0872,0.0862,0.0854,0.0875,0.0845,0.0861,0.0844,0.0867,0.0879,0.0897,0.0861,0.085,0.0861,0.088,0.0886,0.0852,0.0852,0.087,0.0901,0.0861,0.087,0.0861,0.0872,0.0856,0.1044,0.089,0.0877,0.0885,0.0856,0.0858,0.0861,0.0914,0.0841,0.0856,0.0851,0.0842,0.0863,0.0853,0.0846,0.0846,0.084
,3:39:16,48,0.0861,0.0852,0.0851,0.0849,0.0842,0.084,0.0846,0.0852,0.0852,0.0845,0.086,0.0852,0.0887,0.08,0.084,0.0805,0.0831,0.0811,0.0814,0.0802,0.0825,0.0816,0.0823,0.0858,0.086,0.0794,0.0817,0.0827,0.0793,0.0795,0.0804,0.0832,0.0824,0.0812,0.0795,0.0851,0.0853,0.0809,0.0813,0.0817,0.0831,0.0811,0.0824,0.0843,0.0819,0.0806,0.0793,0.0845,0.093,0.0858,0.0855,0.0911,0.0869,0.0858,0.0862,0.087,0.0853,0.0852,0.0869,0.084,0.0854,0.0846,0.0853,0.0872,0.089,0.0853,0.0842,0.086,0.0871,0.088,0.0843,0.0841,0.0867,0.0899,0.0861,0.0867,0.0852,0.0866,0.0853,0.1036,0.0883,0.0871,0.0878,0.0848,0.0854,0.0854,0.0908,0.084,0.0855,0.085,0.084,0.0859,0.085,0.0844,0.0844,0.084
,3:44:16,48,0.0866,0.0857,0.0851,0.0857,0.0847,0.0851,0.0854,0.0857,0.086,0.0852,0.0868,0.0859,0.0897,0.0808,0.0844,0.0805,0.0832,0.082,0.082,0.0808,0.0833,0.0824,0.0831,0.0865,0.0867,0.0803,0.0824,0.0828,0.0802,0.0802,0.0811,0.0842,0.0838,0.082,0.0801,0.0853,0.0863,0.0814,0.0815,0.0815,0.0838,0.0822,0.0825,0.0852,0.0828,0.0814,0.0802,0.085,0.0931,0.0868,0.0865,0.0913,0.0879,0.0865,0.0868,0.0876,0.0856,0.0855,0.0875,0.0849,0.0861,0.0849,0.0861,0.088,0.0898,0.0861,0.0853,0.0865,0.0884,0.0887,0.0852,0.085,0.0875,0.0905,0.0861,0.0869,0.0862,0.0872,0.0861,0.1043,0.0886,0.0878,0.0884,0.0854,0.086,0.0861,0.0915,0.0842,0.0865,0.0853,0.0843,0.0864,0.0857,0.0854,0.085,0.0843
,3:49:16,48,0.0871,0.0855,0.0848,0.0852,0.0845,0.0846,0.0848,0.0856,0.086,0.0847,0.0866,0.0856,0.0889,0.0805,0.0844,0.0805,0.0833,0.082,0.0821,0.0807,0.0831,0.0824,0.0822,0.0858,0.0859,0.0798,0.0822,0.083,0.0805,0.0804,0.0806,0.0834,0.0835,0.0817,0.0799,0.0855,0.0857,0.0811,0.0808,0.0818,0.0834,0.0814,0.0822,0.0852,0.0824,0.0812,0.0799,0.0847,0.0928,0.0866,0.0862,0.0916,0.0876,0.0863,0.0869,0.0879,0.086,0.0856,0.0869,0.0844,0.086,0.0849,0.0863,0.0873,0.0896,0.0859,0.0854,0.0865,0.0879,0.0892,0.0848,0.0848,0.087,0.0903,0.0865,0.0869,0.086,0.087,0.0859,0.1039,0.0889,0.0878,0.0878,0.0855,0.0859,0.0864,0.0913,0.0842,0.0861,0.0848,0.0839,0.0868,0.0857,0.0846,0.0845,0.0843
,3:54:16,48,0.0865,0.0854,0.0853,0.0854,0.0851,0.085,0.0847,0.0853,0.0856,0.0843,0.0866,0.0859,0.0892,0.081,0.0844,0.0805,0.0836,0.0814,0.0819,0.0807,0.0833,0.082,0.0827,0.0854,0.0863,0.08,0.0821,0.0829,0.0798,0.08,0.0806,0.0833,0.083,0.0821,0.0796,0.0852,0.0856,0.0808,0.0817,0.0817,0.0839,0.0815,0.0828,0.0854,0.0829,0.0812,0.0802,0.0846,0.0919,0.0861,0.0858,0.0916,0.0879,0.086,0.0867,0.0871,0.0859,0.0851,0.0875,0.0844,0.086,0.0845,0.0863,0.0866,0.0896,0.0858,0.0846,0.0861,0.0879,0.0881,0.085,0.0847,0.0871,0.0897,0.086,0.0865,0.0863,0.0873,0.0855,0.104,0.0883,0.088,0.088,0.0847,0.0853,0.0857,0.0912,0.0842,0.0863,0.0855,0.0839,0.0866,0.0853,0.0848,0.0845,0.0844
,3:59:16,47.9,0.0862,0.0854,0.0854,0.085,0.0843,0.0844,0.0854,0.0857,0.0855,0.0844,0.0867,0.0852,0.0889,0.0805,0.084,0.0803,0.0833,0.0812,0.0815,0.08,0.0826,0.0818,0.0829,0.0857,0.0858,0.0798,0.0818,0.0827,0.0802,0.08,0.0803,0.0833,0.0832,0.0815,0.0796,0.0851,0.0854,0.081,0.0811,0.0816,0.083,0.0813,0.0828,0.0849,0.0822,0.0809,0.0798,0.0845,0.0918,0.0857,0.0861,0.0911,0.0878,0.0863,0.0864,0.0868,0.0861,0.085,0.0872,0.0842,0.0857,0.0847,0.0859,0.087,0.0892,0.0858,0.0848,0.0864,0.0876,0.0882,0.0842,0.0843,0.0871,0.0899,0.0859,0.0866,0.0857,0.0866,0.0854,0.1038,0.0885,0.0875,0.088,0.0849,0.0856,0.0855,0.0908,0.0841,0.0859,0.0845,0.0836,0.086,0.0852,0.0847,0.0848,0.0841
,4:04:16,48,0.0865,0.0855,0.0852,0.0851,0.0848,0.0847,0.0852,0.0856,0.0855,0.0845,0.0866,0.0856,0.0889,0.0805,0.0846,0.0804,0.0833,0.0819,0.0818,0.081,0.0829,0.0819,0.0828,0.086,0.0861,0.0798,0.0822,0.0826,0.08,0.0799,0.0804,0.0833,0.0839,0.0819,0.0791,0.0852,0.0857,0.081,0.0807,0.0821,0.083,0.082,0.0822,0.085,0.0825,0.0811,0.0797,0.0842,0.0908,0.086,0.086,0.0913,0.0878,0.0862,0.0867,0.0871,0.0861,0.0856,0.0876,0.0848,0.086,0.0841,0.0861,0.0877,0.0896,0.0859,0.0848,0.0864,0.0879,0.088,0.0846,0.0845,0.0865,0.0899,0.0858,0.0866,0.0858,0.0873,0.0856,0.1035,0.0883,0.0876,0.0883,0.085,0.0856,0.0859,0.091,0.084,0.0861,0.0849,0.0837,0.0863,0.0853,0.0849,0.0844,0.0842
,4:09:16,48,0.0863,0.0854,0.0848,0.0853,0.0845,0.0847,0.0848,0.0854,0.0857,0.0844,0.0867,0.0855,0.0891,0.0808,0.0846,0.0806,0.0838,0.0817,0.0821,0.0812,0.0831,0.0822,0.0827,0.0859,0.0863,0.0797,0.0822,0.0831,0.0802,0.08,0.0805,0.0838,0.0832,0.082,0.08,0.0853,0.0856,0.0812,0.0815,0.0819,0.0839,0.0819,0.0828,0.0851,0.0831,0.0816,0.0799,0.0847,0.0912,0.0865,0.0861,0.0918,0.0879,0.0865,0.087,0.0873,0.0858,0.0857,0.0872,0.0845,0.0863,0.0849,0.0859,0.0878,0.0902,0.086,0.0849,0.0861,0.088,0.0894,0.085,0.0848,0.0871,0.0901,0.0862,0.0867,0.0859,0.0875,0.0856,0.1038,0.089,0.0879,0.088,0.0851,0.0859,0.0857,0.0915,0.0842,0.086,0.085,0.0839,0.0865,0.0856,0.0852,0.0847,0.0843
,4:14:16,48,0.0866,0.0858,0.085,0.086,0.0862,0.0847,0.0854,0.0865,0.0861,0.0851,0.0871,0.0859,0.0893,0.0808,0.0845,0.0806,0.0842,0.0817,0.0818,0.0811,0.0831,0.082,0.0828,0.0855,0.0865,0.0803,0.0819,0.0826,0.0804,0.0803,0.0803,0.0839,0.0834,0.0819,0.08,0.0858,0.0858,0.0817,0.0813,0.0817,0.0834,0.0818,0.083,0.0851,0.0827,0.0812,0.0803,0.0847,0.0905,0.0863,0.0864,0.0916,0.0878,0.0868,0.0869,0.0874,0.0857,0.0857,0.0877,0.0848,0.0861,0.0845,0.0861,0.0875,0.09,0.0861,0.0853,0.0865,0.088,0.0883,0.0852,0.085,0.0873,0.0898,0.0859,0.087,0.0864,0.0869,0.0863,0.1044,0.0887,0.0877,0.0886,0.0851,0.0859,0.0858,0.0914,0.0841,0.0863,0.0853,0.084,0.0865,0.0856,0.0847,0.085,0.0844
,4:19:16,48,0.0864,0.0852,0.085,0.0854,0.0847,0.0843,0.0849,0.0857,0.0855,0.0846,0.0864,0.0857,0.0889,0.0801,0.084,0.0799,0.0831,0.0819,0.0815,0.0807,0.0828,0.082,0.083,0.0856,0.0862,0.0797,0.0817,0.0822,0.0798,0.0798,0.0803,0.0838,0.0831,0.0816,0.0794,0.0851,0.0853,0.0814,0.0811,0.0816,0.083,0.0813,0.0824,0.0852,0.0825,0.0807,0.0798,0.0843,0.0895,0.086,0.0863,0.091,0.0868,0.0859,0.0867,0.0868,0.0855,0.0855,0.0871,0.0842,0.0856,0.0841,0.0857,0.087,0.0894,0.086,0.0847,0.0861,0.0878,0.0879,0.0841,0.0845,0.0862,0.0903,0.0858,0.0866,0.0857,0.0869,0.0854,0.1035,0.0884,0.0875,0.0879,0.0852,0.0855,0.0853,0.0911,0.0841,0.0858,0.0848,0.0842,0.0864,0.0852,0.0847,0.0848,0.0838
,4:24:16,48,0.0865,0.0856,0.0851,0.0851,0.0847,0.0845,0.0853,0.0861,0.0861,0.0845,0.0872,0.086,0.089,0.0811,0.0845,0.0803,0.0838,0.0823,0.0816,0.0809,0.0834,0.0823,0.0834,0.0853,0.0865,0.08,0.0818,0.083,0.0796,0.0799,0.0806,0.0835,0.0837,0.0816,0.0802,0.0853,0.0855,0.0812,0.0811,0.082,0.0834,0.0815,0.0827,0.0853,0.0828,0.0812,0.0801,0.0847,0.0897,0.0862,0.0861,0.0919,0.0879,0.0865,0.0867,0.0873,0.0859,0.0855,0.0871,0.0843,0.0861,0.0844,0.086,0.0879,0.0902,0.0856,0.0848,0.0861,0.0881,0.0881,0.0847,0.0846,0.0872,0.0902,0.0862,0.087,0.0864,0.087,0.0857,0.1036,0.0887,0.0875,0.0885,0.085,0.0858,0.0856,0.0911,0.0842,0.0862,0.0853,0.0843,0.086,0.0855,0.085,0.0849,0.0846
,4:29:16,48,0.0865,0.0855,0.0849,0.0858,0.0873,0.085,0.0852,0.0863,0.086,0.0851,0.0874,0.0861,0.0895,0.081,0.0844,0.0805,0.084,0.0822,0.0822,0.0808,0.0828,0.0822,0.0829,0.0858,0.0866,0.0798,0.082,0.0829,0.0803,0.0801,0.0805,0.0835,0.0836,0.0817,0.0797,0.0854,0.0855,0.0814,0.0816,0.0817,0.0833,0.0815,0.0831,0.0854,0.083,0.082,0.0803,0.0849,0.0895,0.0866,0.0866,0.0914,0.0879,0.0864,0.0867,0.0875,0.086,0.0857,0.0879,0.0845,0.0861,0.0849,0.086,0.0876,0.0902,0.0861,0.0847,0.086,0.0878,0.0888,0.0852,0.0853,0.0872,0.0902,0.086,0.0871,0.0865,0.0869,0.0858,0.1038,0.089,0.0879,0.0883,0.0851,0.0858,0.0864,0.0916,0.0844,0.0865,0.0856,0.0844,0.0868,0.0856,0.0853,0.085,0.0844
,4:34:16,47.9,0.0863,0.0856,0.085,0.085,0.0849,0.0843,0.0852,0.0863,0.086,0.0847,0.0862,0.086,0.0891,0.0803,0.0842,0.0804,0.0834,0.082,0.0818,0.0809,0.0828,0.0821,0.0827,0.0854,0.086,0.0798,0.0818,0.0828,0.0797,0.0798,0.0806,0.0835,0.083,0.0817,0.0797,0.0849,0.0853,0.081,0.0809,0.0814,0.0832,0.0814,0.0825,0.0848,0.0831,0.0808,0.08,0.0844,0.0891,0.0862,0.0865,0.0913,0.0872,0.0864,0.0867,0.087,0.0859,0.0855,0.0872,0.0844,0.0859,0.085,0.086,0.0874,0.0893,0.086,0.0848,0.0859,0.0875,0.088,0.0847,0.085,0.0867,0.0901,0.0861,0.0866,0.0863,0.0868,0.0854,0.1034,0.0881,0.0875,0.088,0.0849,0.0858,0.0856,0.0909,0.0838,0.0865,0.0849,0.0838,0.0862,0.0854,0.0848,0.0848,0.0847
,4:39:16,48,0.0861,0.0854,0.085,0.0854,0.0848,0.0845,0.0854,0.0861,0.086,0.0847,0.0869,0.0859,0.089,0.0807,0.0846,0.0802,0.0832,0.0815,0.0816,0.0801,0.0832,0.0823,0.083,0.0858,0.086,0.0794,0.0821,0.0827,0.0799,0.0797,0.0805,0.0831,0.0835,0.0818,0.08,0.0851,0.0856,0.0809,0.0811,0.0816,0.0832,0.0817,0.0827,0.0849,0.0832,0.0813,0.08,0.0843,0.0881,0.0861,0.0861,0.0913,0.0876,0.086,0.0871,0.087,0.0859,0.0856,0.0871,0.0844,0.0857,0.0846,0.0861,0.0877,0.0896,0.0859,0.0848,0.0861,0.0881,0.088,0.0845,0.0854,0.0871,0.0903,0.0861,0.0864,0.0862,0.087,0.086,0.1033,0.0887,0.0875,0.0879,0.0853,0.0854,0.0859,0.0912,0.0837,0.0858,0.0848,0.084,0.0862,0.0853,0.085,0.0844,0.0843
,4:44:16,47.9,0.0866,0.0857,0.085,0.0855,0.0848,0.0851,0.0856,0.0862,0.0856,0.0848,0.0866,0.0859,0.0896,0.0806,0.0844,0.081,0.0838,0.0821,0.0823,0.081,0.083,0.0824,0.0834,0.0867,0.0865,0.0799,0.0829,0.0831,0.08,0.0803,0.0805,0.0836,0.0836,0.082,0.0799,0.0856,0.0858,0.0814,0.0815,0.082,0.084,0.0816,0.0831,0.0853,0.0831,0.0817,0.0802,0.0848,0.088,0.0864,0.0865,0.0913,0.0876,0.0868,0.0866,0.0874,0.0859,0.0858,0.0871,0.0847,0.0858,0.085,0.0863,0.088,0.0897,0.0862,0.0851,0.0858,0.0884,0.0882,0.0851,0.0847,0.0871,0.0904,0.0861,0.0872,0.086,0.0872,0.0856,0.1036,0.0885,0.0882,0.0885,0.0854,0.0858,0.0858,0.0915,0.0844,0.0866,0.0852,0.0842,0.0869,0.0858,0.0851,0.0851,0.0844
,4:49:16,48,0.0864,0.0851,0.085,0.0852,0.0857,0.085,0.0852,0.0859,0.0852,0.0846,0.0863,0.0858,0.0892,0.0804,0.0843,0.0804,0.0838,0.0821,0.0817,0.0807,0.0833,0.0823,0.0834,0.0858,0.0865,0.08,0.0817,0.0827,0.0797,0.0794,0.0803,0.0837,0.0833,0.082,0.0804,0.085,0.0857,0.0809,0.0811,0.0818,0.0837,0.0817,0.0824,0.0853,0.0822,0.081,0.08,0.0841,0.0872,0.0863,0.0859,0.0907,0.0876,0.0864,0.0864,0.0876,0.0858,0.0856,0.0875,0.0847,0.0855,0.0845,0.0859,0.0876,0.09,0.0858,0.085,0.0862,0.088,0.0879,0.0849,0.0848,0.0869,0.0901,0.0859,0.0867,0.086,0.0868,0.0857,0.1039,0.0883,0.0876,0.0882,0.0855,0.0857,0.0857,0.0914,0.084,0.0863,0.0847,0.0846,0.0863,0.0851,0.0847,0.0849,0.084
,4:54:16,48,0.0866,0.0858,0.0855,0.0854,0.0847,0.0847,0.0857,0.0857,0.0859,0.0847,0.0872,0.086,0.0894,0.0812,0.0846,0.0806,0.0842,0.0819,0.0821,0.0811,0.0835,0.0822,0.083,0.0859,0.0861,0.0799,0.0824,0.0832,0.08,0.0799,0.0804,0.0836,0.0837,0.0821,0.08,0.0854,0.0856,0.0817,0.0813,0.0822,0.0836,0.0822,0.0829,0.085,0.0828,0.0814,0.0802,0.0849,0.0868,0.0867,0.0864,0.0914,0.0878,0.0867,0.0873,0.0874,0.0864,0.0855,0.0879,0.0846,0.0862,0.0852,0.0864,0.0879,0.0901,0.086,0.0851,0.0863,0.0881,0.0882,0.0849,0.0848,0.0873,0.0903,0.0864,0.0869,0.0863,0.0871,0.086,0.1037,0.0887,0.0881,0.0886,0.0855,0.0861,0.086,0.0916,0.084,0.0864,0.0854,0.0844,0.0868,0.086,0.0848,0.0848,0.0847
,4:59:16,48,0.0864,0.0857,0.0852,0.0853,0.0848,0.0851,0.0849,0.086,0.0862,0.0847,0.0871,0.0861,0.0892,0.0809,0.0846,0.08,0.0839,0.0821,0.0819,0.0804,0.0832,0.082,0.0826,0.0874,0.0864,0.0802,0.0818,0.0831,0.08,0.0805,0.0805,0.0837,0.0839,0.082,0.0807,0.0853,0.086,0.0815,0.0815,0.0819,0.0837,0.082,0.0828,0.085,0.0828,0.0811,0.0801,0.0848,0.086,0.0864,0.0862,0.0915,0.0879,0.0865,0.0868,0.0872,0.086,0.0859,0.0875,0.0847,0.0861,0.0848,0.0863,0.0874,0.09,0.0861,0.085,0.0864,0.0881,0.0882,0.0851,0.0856,0.0872,0.0903,0.0865,0.0868,0.0864,0.0874,0.0857,0.1042,0.089,0.0878,0.0881,0.0851,0.0858,0.0856,0.0917,0.0842,0.0865,0.0856,0.0844,0.0866,0.0857,0.085,0.0851,0.084
,5:04:16,47.9,0.087,0.0853,0.0854,0.0855,0.0854,0.0848,0.0852,0.0856,0.086,0.0846,0.0873,0.086,0.0896,0.0811,0.0845,0.0802,0.0838,0.0822,0.082,0.0811,0.0832,0.0827,0.0838,0.0861,0.0863,0.0801,0.082,0.0833,0.0802,0.0803,0.0804,0.0841,0.0838,0.082,0.0803,0.0854,0.0857,0.0816,0.0815,0.0822,0.0839,0.082,0.0825,0.0853,0.0828,0.0813,0.0799,0.085,0.0852,0.0866,0.0863,0.0915,0.0876,0.087,0.0869,0.0872,0.086,0.0858,0.0876,0.0845,0.0864,0.0848,0.0865,0.0876,0.0896,0.0861,0.085,0.0859,0.0881,0.0882,0.085,0.0852,0.0871,0.0904,0.0865,0.0869,0.0862,0.0872,0.0855,0.1037,0.0887,0.0882,0.0887,0.0855,0.0861,0.0863,0.0916,0.084,0.0864,0.0851,0.0841,0.087,0.0857,0.0853,0.0852,0.0846
,5:09:16,48,0.086,0.0847,0.0849,0.0848,0.0841,0.0843,0.0847,0.0859,0.085,0.0846,0.0864,0.0858,0.0889,0.0804,0.0841,0.0802,0.0826,0.0815,0.0814,0.0804,0.0827,0.0817,0.0828,0.0856,0.0858,0.0793,0.0812,0.0827,0.0797,0.0798,0.0802,0.0829,0.083,0.0815,0.0792,0.0848,0.0853,0.081,0.0811,0.0818,0.0832,0.0811,0.0824,0.0847,0.0822,0.0812,0.0795,0.0843,0.0849,0.0857,0.086,0.091,0.0875,0.0858,0.0863,0.0868,0.0852,0.0852,0.0865,0.0845,0.0856,0.0844,0.0856,0.0872,0.0891,0.0851,0.0842,0.0858,0.0876,0.0878,0.0846,0.0848,0.0863,0.0896,0.0858,0.0863,0.0855,0.0866,0.0852,0.1034,0.088,0.0873,0.0877,0.0845,0.0854,0.0858,0.0911,0.0837,0.0857,0.0849,0.0837,0.0862,0.0851,0.0847,0.0843,0.084
,5:14:16,47.9,0.0862,0.0855,0.0852,0.0851,0.0845,0.0846,0.0856,0.0856,0.0859,0.0846,0.0868,0.0857,0.089,0.0809,0.0841,0.0805,0.0831,0.0822,0.0816,0.0809,0.0826,0.0818,0.0828,0.0864,0.0861,0.08,0.0824,0.0837,0.0799,0.0801,0.0805,0.0837,0.0835,0.082,0.0801,0.0855,0.0858,0.0809,0.0813,0.082,0.0837,0.0816,0.0829,0.0853,0.0825,0.0812,0.0799,0.0848,0.0847,0.0864,0.0862,0.0912,0.0877,0.0865,0.0867,0.0873,0.0857,0.086,0.0869,0.085,0.0857,0.0847,0.0861,0.0873,0.0895,0.0857,0.0847,0.0859,0.088,0.0882,0.0843,0.085,0.0866,0.09,0.086,0.0868,0.0861,0.0869,0.0858,0.1037,0.0888,0.088,0.0886,0.085,0.0857,0.0855,0.0911,0.0841,0.0863,0.0853,0.0839,0.0869,0.0858,0.085,0.0849,0.0842
,5:19:16,48,0.0864,0.0852,0.085,0.0854,0.0848,0.0848,0.0852,0.0857,0.0852,0.0841,0.0869,0.086,0.0891,0.0804,0.0843,0.0799,0.0837,0.0817,0.0818,0.0809,0.0829,0.0822,0.0825,0.0857,0.0858,0.0795,0.082,0.0826,0.08,0.0798,0.0808,0.0833,0.0836,0.082,0.08,0.0856,0.0857,0.0811,0.0814,0.0813,0.0836,0.0813,0.0824,0.0849,0.0824,0.0816,0.08,0.0844,0.085,0.086,0.0861,0.0909,0.0875,0.0864,0.0867,0.0876,0.0858,0.0858,0.0873,0.0846,0.0861,0.0845,0.0856,0.0869,0.0894,0.0858,0.0851,0.086,0.0877,0.0886,0.0846,0.0852,0.0872,0.09,0.0862,0.0861,0.0859,0.0867,0.0855,0.103,0.0883,0.0878,0.0882,0.0852,0.0859,0.0861,0.0911,0.0838,0.0863,0.0856,0.0838,0.0864,0.0852,0.0851,0.0849,0.0843
,5:24:16,48,0.087,0.0859,0.0854,0.0857,0.0845,0.0847,0.0857,0.0859,0.0861,0.0849,0.0871,0.0863,0.0896,0.0813,0.0847,0.0805,0.0832,0.0818,0.0819,0.081,0.0834,0.0821,0.0829,0.0864,0.0863,0.0804,0.0822,0.0831,0.08,0.0798,0.0803,0.0837,0.0834,0.0822,0.0805,0.0857,0.0854,0.0815,0.0817,0.082,0.0841,0.0815,0.083,0.0854,0.0831,0.0813,0.0805,0.0852,0.0852,0.0867,0.087,0.0916,0.0883,0.0869,0.0868,0.0874,0.0867,0.0858,0.0875,0.0849,0.0864,0.0846,0.0865,0.0879,0.0904,0.0861,0.0853,0.0862,0.0881,0.0883,0.085,0.0855,0.087,0.0901,0.086,0.0868,0.0859,0.087,0.086,0.1036,0.0888,0.0876,0.0884,0.0851,0.086,0.0858,0.0914,0.0845,0.0865,0.0856,0.0842,0.087,0.086,0.0851,0.085,0.0849
,5:29:16,47.9,0.0862,0.0855,0.0851,0.0854,0.0843,0.0842,0.0847,0.0857,0.0855,0.0841,0.0867,0.0858,0.0885,0.0803,0.084,0.0804,0.0827,0.0816,0.0815,0.0809,0.0828,0.0822,0.0828,0.0866,0.086,0.0801,0.0821,0.0824,0.0796,0.0798,0.0803,0.0836,0.0833,0.0817,0.0794,0.0848,0.0852,0.0808,0.0811,0.0814,0.0831,0.0813,0.0826,0.0847,0.0825,0.0808,0.0796,0.0845,0.0847,0.0857,0.0853,0.0907,0.0877,0.0861,0.0865,0.0873,0.0855,0.0855,0.087,0.0843,0.0858,0.0844,0.0863,0.0871,0.0893,0.0858,0.0845,0.086,0.0875,0.088,0.0844,0.0846,0.0869,0.0902,0.0855,0.0864,0.0857,0.0869,0.0851,0.1027,0.0884,0.0875,0.0877,0.0848,0.0854,0.0857,0.091,0.0839,0.086,0.085,0.0844,0.0861,0.0853,0.0848,0.0849,0.0843
,5:34:16,48,0.0865,0.0855,0.0851,0.0853,0.0851,0.0853,0.0854,0.0861,0.0863,0.085,0.0872,0.0863,0.0893,0.0805,0.0846,0.0804,0.0834,0.0824,0.0822,0.0803,0.0827,0.0823,0.0827,0.0863,0.0861,0.0802,0.0817,0.0837,0.0799,0.0803,0.0807,0.0838,0.0834,0.082,0.0801,0.0855,0.0861,0.0815,0.0811,0.0818,0.084,0.0818,0.0827,0.0855,0.0826,0.0811,0.08,0.0845,0.085,0.0864,0.0865,0.0916,0.088,0.0868,0.0867,0.0875,0.0858,0.0857,0.0874,0.0848,0.086,0.0845,0.0859,0.0878,0.0899,0.0859,0.085,0.0865,0.0878,0.0882,0.0849,0.0851,0.0866,0.0902,0.086,0.0868,0.0859,0.087,0.0857,0.1031,0.0883,0.0877,0.0882,0.0852,0.086,0.0862,0.0913,0.0844,0.0861,0.0854,0.0842,0.0869,0.0856,0.0851,0.0851,0.0842
,5:39:16,48,0.0862,0.0854,0.0844,0.0849,0.085,0.0846,0.085,0.0849,0.0854,0.084,0.0866,0.0853,0.089,0.0804,0.0842,0.0807,0.0833,0.0817,0.0816,0.0806,0.0827,0.0819,0.0827,0.0861,0.0854,0.0794,0.0813,0.0824,0.0797,0.0801,0.0801,0.0836,0.0833,0.0816,0.0796,0.085,0.0852,0.0805,0.0811,0.0813,0.083,0.081,0.0824,0.0847,0.0819,0.0807,0.0802,0.0844,0.0847,0.0854,0.0861,0.0906,0.0871,0.0865,0.0861,0.0864,0.0853,0.0855,0.0871,0.0842,0.0853,0.0845,0.086,0.0868,0.0886,0.0856,0.0844,0.0861,0.0878,0.0877,0.084,0.0844,0.0867,0.0895,0.0856,0.0868,0.0857,0.0865,0.0849,0.1031,0.0883,0.0874,0.0878,0.0847,0.0852,0.0851,0.0911,0.0839,0.0859,0.085,0.0842,0.0862,0.085,0.0844,0.0844,0.0838
,5:44:16,47.9,0.0865,0.086,0.0858,0.0856,0.0849,0.0847,0.0856,0.0865,0.0856,0.0846,0.0872,0.0859,0.0894,0.081,0.085,0.0806,0.0839,0.0821,0.0823,0.0807,0.0834,0.0822,0.0827,0.0858,0.0863,0.0798,0.082,0.0835,0.08,0.0806,0.0809,0.0837,0.0841,0.0819,0.0803,0.0856,0.0857,0.0816,0.0817,0.0818,0.0836,0.0813,0.0831,0.085,0.0828,0.0813,0.0803,0.0852,0.0856,0.0863,0.086,0.0918,0.088,0.087,0.0866,0.0874,0.0867,0.0858,0.0876,0.0853,0.0861,0.0856,0.0864,0.0876,0.0902,0.0863,0.0852,0.0865,0.0883,0.0885,0.0848,0.0852,0.0874,0.0901,0.0868,0.087,0.0864,0.0867,0.0854,0.1034,0.0889,0.088,0.0884,0.0854,0.0859,0.0861,0.0913,0.0848,0.0864,0.0852,0.0847,0.0865,0.0854,0.0849,0.0853,0.0846
,5:49:16,48,0.0871,0.0862,0.0862,0.0861,0.0852,0.0857,0.0863,0.0866,0.0867,0.0857,0.0875,0.0867,0.0895,0.0811,0.0849,0.0812,0.0839,0.0826,0.0823,0.0812,0.0835,0.0827,0.0839,0.0866,0.0868,0.0803,0.0826,0.0833,0.0801,0.0807,0.0811,0.0843,0.0839,0.0824,0.081,0.0862,0.0863,0.0817,0.0823,0.0828,0.0843,0.0821,0.083,0.0862,0.0834,0.0821,0.0806,0.0852,0.0857,0.0865,0.0871,0.0914,0.0883,0.0866,0.0875,0.0879,0.0869,0.0858,0.0881,0.0853,0.0869,0.0857,0.0865,0.0882,0.0903,0.0865,0.0856,0.0866,0.0883,0.0888,0.0854,0.0853,0.0877,0.0905,0.0867,0.0876,0.0867,0.0873,0.0863,0.1039,0.0891,0.0887,0.0889,0.086,0.0861,0.0864,0.0917,0.085,0.0868,0.086,0.0852,0.087,0.0859,0.0856,0.086,0.0849
,5:54:16,47.9,0.0868,0.0858,0.0852,0.085,0.0848,0.0851,0.0854,0.0861,0.0855,0.0846,0.0868,0.086,0.0891,0.0802,0.0844,0.0802,0.0842,0.0825,0.0815,0.0808,0.0829,0.082,0.083,0.0862,0.0862,0.08,0.082,0.0826,0.08,0.0801,0.0806,0.0836,0.0838,0.0818,0.0803,0.0859,0.0855,0.0813,0.0813,0.0818,0.0833,0.0815,0.0825,0.0851,0.0825,0.0814,0.08,0.0846,0.0853,0.0862,0.0861,0.0906,0.0875,0.0863,0.0868,0.0872,0.0857,0.0856,0.0871,0.085,0.0862,0.0848,0.086,0.0873,0.0898,0.0857,0.085,0.086,0.0878,0.0886,0.0845,0.0853,0.0872,0.0899,0.0859,0.0869,0.0861,0.0869,0.086,0.1033,0.0883,0.0878,0.0882,0.0851,0.0857,0.0859,0.0913,0.0839,0.0865,0.0852,0.0842,0.0867,0.0854,0.0845,0.0848,0.0848
,5:59:16,47.9,0.0864,0.0855,0.0853,0.085,0.0844,0.0844,0.0851,0.0858,0.0859,0.0847,0.0866,0.0856,0.0888,0.0808,0.0843,0.0807,0.0839,0.0819,0.0817,0.0803,0.0828,0.082,0.0826,0.0861,0.086,0.0796,0.082,0.0829,0.08,0.0801,0.0806,0.0839,0.0838,0.0818,0.0801,0.0855,0.085,0.0812,0.0811,0.0817,0.0833,0.081,0.0829,0.0851,0.0827,0.0812,0.0801,0.0849,0.0851,0.0859,0.0859,0.0907,0.0874,0.0862,0.0863,0.0873,0.0859,0.0858,0.0872,0.0846,0.0855,0.0843,0.0856,0.0874,0.0893,0.0859,0.0847,0.0865,0.0878,0.0882,0.0846,0.085,0.087,0.0904,0.0863,0.0863,0.0861,0.087,0.0856,0.1028,0.0883,0.0877,0.0881,0.0849,0.0861,0.086,0.0913,0.0841,0.0864,0.085,0.0838,0.0865,0.0852,0.0844,0.0851,0.0843
,6:04:16,48,0.0869,0.0858,0.0857,0.0853,0.0856,0.0851,0.0858,0.0866,0.0863,0.0849,0.0872,0.0864,0.0896,0.0809,0.0848,0.0808,0.0839,0.0817,0.0818,0.0811,0.0835,0.0824,0.0834,0.0862,0.0861,0.08,0.082,0.0833,0.0798,0.08,0.081,0.084,0.0836,0.0823,0.0803,0.0851,0.0862,0.0815,0.0814,0.082,0.0842,0.0815,0.0834,0.0859,0.083,0.0816,0.0801,0.0847,0.0854,0.0868,0.0864,0.0914,0.0875,0.0864,0.0863,0.0872,0.0862,0.0857,0.0875,0.0849,0.0864,0.0853,0.0865,0.0881,0.0901,0.0861,0.0851,0.0861,0.0883,0.0888,0.085,0.0854,0.0871,0.09,0.0862,0.0866,0.086,0.0875,0.0859,0.103,0.0886,0.0881,0.0884,0.0852,0.0864,0.0864,0.0917,0.0846,0.0864,0.0856,0.0848,0.0867,0.0856,0.0847,0.0851,0.0844
,6:09:16,47.9,0.0865,0.0855,0.0854,0.0853,0.0847,0.085,0.0852,0.0858,0.0859,0.0844,0.0869,0.0863,0.0886,0.0806,0.0842,0.0805,0.0834,0.0806,0.0818,0.0804,0.0829,0.0817,0.0833,0.0858,0.0858,0.0797,0.082,0.0831,0.0796,0.0797,0.0803,0.0833,0.0832,0.0817,0.0801,0.0851,0.0856,0.0813,0.0814,0.0814,0.0835,0.0815,0.0826,0.0849,0.0826,0.0809,0.0801,0.0845,0.085,0.0862,0.0857,0.0909,0.0878,0.0865,0.0866,0.0872,0.0859,0.0858,0.0874,0.0845,0.0858,0.0844,0.0856,0.0874,0.0901,0.0859,0.0849,0.0863,0.0879,0.0878,0.0848,0.0852,0.0869,0.0895,0.0858,0.0864,0.0861,0.0868,0.0852,0.1024,0.0882,0.0877,0.0878,0.0854,0.0855,0.0857,0.0911,0.0843,0.0861,0.0853,0.0842,0.0864,0.0851,0.0843,0.0848,0.0845
,6:14:16,47.9,0.0866,0.0862,0.0857,0.0855,0.0892,0.0869,0.0855,0.0862,0.0858,0.085,0.0873,0.0863,0.0893,0.0812,0.0844,0.0807,0.084,0.082,0.0822,0.0813,0.083,0.0828,0.0829,0.0861,0.0865,0.0805,0.082,0.0834,0.0798,0.0805,0.0811,0.084,0.0841,0.0823,0.0804,0.086,0.0856,0.0813,0.0818,0.0816,0.0838,0.0821,0.0831,0.0857,0.0831,0.0814,0.0807,0.0846,0.0851,0.0868,0.0865,0.0914,0.0881,0.0869,0.0874,0.0876,0.0863,0.0856,0.0876,0.085,0.0863,0.085,0.0861,0.0876,0.0893,0.0858,0.0852,0.0863,0.088,0.0886,0.0851,0.0855,0.0874,0.0904,0.0866,0.087,0.0863,0.0871,0.0858,0.1033,0.0887,0.0882,0.0883,0.0856,0.0862,0.0867,0.0914,0.0847,0.0868,0.0855,0.0843,0.087,0.0852,0.0852,0.0854,0.085
,6:19:16,48,0.0862,0.0849,0.085,0.0853,0.0846,0.0851,0.0855,0.0854,0.0858,0.0849,0.0866,0.0863,0.0889,0.0805,0.0843,0.0803,0.0836,0.0811,0.0814,0.0806,0.0828,0.0823,0.0831,0.0855,0.0857,0.0794,0.0817,0.083,0.0801,0.0798,0.0803,0.0836,0.0833,0.0823,0.0798,0.0852,0.0853,0.0808,0.0814,0.0817,0.0833,0.0812,0.0825,0.0853,0.0821,0.0814,0.0802,0.0848,0.0855,0.0862,0.0859,0.0908,0.0877,0.0865,0.0867,0.0872,0.0861,0.0852,0.0873,0.0847,0.086,0.085,0.0859,0.0873,0.0895,0.0861,0.0848,0.0861,0.0879,0.0878,0.0847,0.085,0.0868,0.0897,0.0858,0.0872,0.0861,0.0865,0.0856,0.1025,0.0884,0.0875,0.088,0.0853,0.0854,0.0858,0.091,0.0837,0.0864,0.085,0.084,0.0867,0.085,0.0846,0.0845,0.0845
,6:24:16,47.9,0.0868,0.0856,0.0847,0.0853,0.0842,0.085,0.0859,0.0859,0.0855,0.0846,0.0868,0.0864,0.0891,0.0806,0.0842,0.0804,0.0829,0.0812,0.0818,0.0804,0.0829,0.0821,0.083,0.0858,0.0856,0.08,0.0821,0.0827,0.08,0.0799,0.0802,0.0834,0.0835,0.0816,0.0798,0.0854,0.0856,0.0808,0.0811,0.0813,0.0836,0.0818,0.0825,0.0848,0.0825,0.0811,0.0803,0.0845,0.085,0.0863,0.086,0.0915,0.0871,0.0861,0.0868,0.0872,0.086,0.0854,0.0869,0.0845,0.0859,0.0847,0.0857,0.0872,0.0894,0.0864,0.0848,0.0858,0.0877,0.0876,0.0846,0.0851,0.0871,0.0898,0.0859,0.0866,0.0863,0.0867,0.0852,0.1026,0.0887,0.0877,0.0873,0.085,0.0858,0.0856,0.0913,0.0846,0.0861,0.0855,0.0844,0.0863,0.0854,0.0845,0.0849,0.0845
,6:29:16,48,0.0867,0.0855,0.0853,0.0853,0.0844,0.0872,0.0855,0.0858,0.0857,0.0849,0.0871,0.0858,0.0889,0.0805,0.0841,0.081,0.083,0.0815,0.0816,0.0806,0.0832,0.0821,0.0834,0.0863,0.0858,0.0802,0.0823,0.0829,0.0797,0.0799,0.0805,0.0835,0.0833,0.0815,0.0802,0.0853,0.0854,0.0807,0.0811,0.0819,0.0838,0.0817,0.0826,0.0852,0.0823,0.081,0.0799,0.0844,0.0854,0.0858,0.086,0.091,0.0877,0.0863,0.0868,0.0875,0.0858,0.0856,0.0876,0.0851,0.0862,0.0846,0.0866,0.0876,0.0898,0.0862,0.0849,0.0856,0.0877,0.0877,0.0847,0.0854,0.0868,0.0898,0.0864,0.0867,0.0862,0.0865,0.0859,0.1029,0.0884,0.0878,0.0879,0.0849,0.086,0.0859,0.0911,0.0846,0.0862,0.0853,0.0845,0.087,0.0853,0.0847,0.0852,0.0841
,6:34:16,47.9,0.0865,0.085,0.0848,0.0854,0.0841,0.0846,0.0852,0.0859,0.0859,0.0847,0.0867,0.0858,0.0892,0.0802,0.0841,0.0799,0.083,0.0807,0.0817,0.0802,0.0825,0.0819,0.0828,0.086,0.0854,0.0796,0.0817,0.0834,0.0798,0.0799,0.0804,0.0835,0.0833,0.0817,0.0799,0.0853,0.0853,0.0807,0.0811,0.0809,0.0831,0.081,0.0826,0.0851,0.0823,0.081,0.0801,0.0843,0.0846,0.0858,0.0856,0.0903,0.0875,0.0856,0.0862,0.0873,0.0856,0.0852,0.0871,0.0843,0.0857,0.0842,0.0862,0.0874,0.0894,0.0857,0.0847,0.0855,0.0877,0.088,0.0844,0.0847,0.0868,0.0897,0.0858,0.0867,0.0858,0.0869,0.0853,0.1024,0.0883,0.0877,0.088,0.0852,0.0852,0.0858,0.0909,0.0838,0.0862,0.085,0.0839,0.086,0.0853,0.0848,0.0844,0.084
,6:39:15,48,0.0867,0.0858,0.0857,0.0854,0.0849,0.0849,0.0853,0.0873,0.0859,0.0847,0.087,0.0859,0.0891,0.0814,0.084,0.0802,0.0835,0.0811,0.0816,0.0809,0.0832,0.0822,0.0829,0.0862,0.0858,0.0799,0.0823,0.083,0.0798,0.0798,0.0804,0.0838,0.0838,0.0819,0.0799,0.0858,0.0856,0.0815,0.0816,0.0813,0.0838,0.0819,0.083,0.0849,0.0827,0.0808,0.0805,0.0847,0.0852,0.0861,0.0865,0.0913,0.0873,0.0865,0.0867,0.0871,0.0861,0.0861,0.0875,0.0848,0.086,0.0848,0.0858,0.088,0.0902,0.086,0.0851,0.0866,0.0878,0.0882,0.0848,0.0852,0.0869,0.0896,0.0861,0.0869,0.0859,0.0873,0.0856,0.1029,0.0886,0.0877,0.0881,0.0854,0.0858,0.0858,0.0911,0.084,0.0868,0.0854,0.0843,0.0867,0.0855,0.0847,0.0849,0.0849
,6:44:16,48,0.0871,0.0861,0.0856,0.0865,0.0853,0.0852,0.0857,0.0863,0.0859,0.0854,0.0876,0.0861,0.0899,0.0816,0.0848,0.0805,0.0843,0.0817,0.0824,0.0814,0.0837,0.0824,0.0834,0.0864,0.087,0.0806,0.0824,0.0836,0.0807,0.0806,0.0813,0.084,0.084,0.0824,0.0807,0.0859,0.0858,0.0821,0.0822,0.0821,0.0842,0.082,0.0832,0.0856,0.0834,0.0816,0.0809,0.0848,0.0857,0.0871,0.0867,0.0914,0.0884,0.0868,0.087,0.0878,0.0865,0.0862,0.0875,0.0852,0.086,0.0854,0.0864,0.0877,0.0907,0.0866,0.0854,0.0868,0.0888,0.0888,0.0855,0.0857,0.0876,0.0902,0.0866,0.0869,0.0866,0.0873,0.0862,0.103,0.089,0.0883,0.0887,0.086,0.0866,0.0866,0.0919,0.0849,0.0872,0.0857,0.0852,0.0874,0.0857,0.0847,0.0852,0.0845
,6:49:16,47.9,0.0863,0.0852,0.085,0.0849,0.0881,0.0844,0.0845,0.0856,0.0857,0.0849,0.0872,0.0855,0.0887,0.0807,0.0836,0.08,0.0831,0.0816,0.0815,0.0807,0.0829,0.0819,0.0822,0.0854,0.0859,0.0796,0.0816,0.0826,0.0798,0.0794,0.0807,0.0831,0.0829,0.0815,0.0793,0.085,0.0853,0.0814,0.0812,0.0816,0.0831,0.0812,0.082,0.0851,0.0828,0.0811,0.0799,0.0847,0.0849,0.0857,0.0852,0.0908,0.0869,0.0861,0.0863,0.087,0.0858,0.085,0.0866,0.0848,0.0856,0.0843,0.0859,0.0871,0.0892,0.0855,0.0845,0.0858,0.0878,0.0876,0.0841,0.0845,0.0866,0.0899,0.0855,0.0863,0.0856,0.0864,0.0852,0.1022,0.0884,0.0873,0.0879,0.0849,0.0855,0.086,0.0908,0.0839,0.0864,0.0853,0.0838,0.0866,0.0853,0.0841,0.0847,0.0844
,6:54:16,48,0.0861,0.0858,0.0851,0.0853,0.0859,0.0847,0.0859,0.0857,0.086,0.0849,0.0869,0.0858,0.0888,0.0804,0.0844,0.0801,0.0839,0.081,0.0821,0.0811,0.083,0.082,0.083,0.0859,0.0861,0.0794,0.0824,0.083,0.0802,0.0799,0.0807,0.0838,0.0836,0.0816,0.0805,0.0855,0.0856,0.0817,0.0811,0.0818,0.0839,0.0821,0.0826,0.085,0.0826,0.0815,0.0801,0.0845,0.0851,0.0858,0.0865,0.0914,0.0879,0.0865,0.0866,0.0873,0.0859,0.0857,0.0872,0.0846,0.0861,0.0844,0.0864,0.0877,0.0896,0.0858,0.0846,0.0863,0.088,0.0881,0.0844,0.0852,0.0875,0.0902,0.0862,0.0865,0.086,0.0868,0.0857,0.1025,0.0886,0.0878,0.0881,0.0854,0.086,0.0864,0.0918,0.0841,0.0865,0.0857,0.0842,0.0863,0.0859,0.0852,0.0851,0.0843
,6:59:16,48,0.0865,0.0857,0.0854,0.0859,0.0845,0.0852,0.0855,0.0863,0.0859,0.0854,0.0873,0.086,0.089,0.0807,0.085,0.0809,0.0835,0.0814,0.0819,0.0812,0.0833,0.0823,0.0831,0.0857,0.0859,0.0799,0.0822,0.0831,0.0799,0.0802,0.0804,0.0831,0.0834,0.0819,0.0805,0.0854,0.0857,0.0816,0.0813,0.0822,0.0836,0.082,0.0831,0.0847,0.083,0.081,0.0801,0.0849,0.0854,0.086,0.0862,0.0911,0.0874,0.0866,0.0871,0.0876,0.0861,0.0855,0.0873,0.0851,0.0863,0.085,0.0864,0.0873,0.0904,0.086,0.0849,0.0862,0.0883,0.0879,0.085,0.0852,0.0874,0.0899,0.0862,0.0864,0.0858,0.0867,0.0859,0.1028,0.0885,0.088,0.0882,0.0853,0.0861,0.0861,0.0913,0.0844,0.0863,0.0855,0.0845,0.0871,0.0855,0.0849,0.0855,0.0849
,7:04:16,47.9,0.0866,0.0849,0.0854,0.0852,0.0844,0.0844,0.0857,0.0859,0.0859,0.0844,0.0863,0.0863,0.0889,0.0807,0.0842,0.0807,0.0832,0.0809,0.0816,0.0803,0.0831,0.0818,0.0823,0.0858,0.0862,0.0797,0.0823,0.0821,0.0796,0.0795,0.0807,0.0834,0.0837,0.0815,0.08,0.0848,0.0854,0.081,0.0806,0.0815,0.0836,0.0817,0.0827,0.0848,0.0823,0.0809,0.08,0.0841,0.0844,0.0861,0.0857,0.091,0.0872,0.0864,0.0867,0.0869,0.0859,0.0854,0.0874,0.085,0.0856,0.0843,0.0858,0.0869,0.0901,0.086,0.0847,0.0856,0.0878,0.0878,0.0849,0.0843,0.0867,0.0894,0.086,0.0864,0.0857,0.0863,0.0858,0.102,0.088,0.0878,0.0881,0.0848,0.0857,0.0856,0.0911,0.0843,0.086,0.0853,0.0845,0.0864,0.0854,0.0844,0.0845,0.0842
,7:09:16,48,0.0866,0.0859,0.0852,0.0851,0.0843,0.0851,0.085,0.0861,0.0857,0.0847,0.0866,0.0855,0.0893,0.0811,0.0844,0.0798,0.0841,0.0807,0.0816,0.0803,0.0831,0.0823,0.0824,0.0855,0.0858,0.0797,0.0817,0.0826,0.0798,0.0797,0.0803,0.0832,0.0837,0.0816,0.0799,0.0849,0.085,0.0812,0.081,0.0814,0.0832,0.0814,0.0831,0.0843,0.0823,0.0807,0.0799,0.0849,0.0848,0.0856,0.0858,0.0908,0.0877,0.0864,0.0867,0.0873,0.086,0.0855,0.0869,0.0842,0.0856,0.0843,0.086,0.0874,0.0894,0.0857,0.0847,0.0863,0.0876,0.0878,0.0845,0.0851,0.0871,0.0902,0.0859,0.0865,0.0859,0.0868,0.0854,0.1021,0.088,0.0873,0.0879,0.0855,0.0855,0.0855,0.0914,0.0842,0.0859,0.0851,0.0844,0.0862,0.0854,0.085,0.0847,0.0842
,7:14:16,47.9,0.0865,0.086,0.0855,0.0856,0.0846,0.0869,0.0856,0.0861,0.0858,0.0853,0.0878,0.0864,0.0896,0.0811,0.0846,0.081,0.084,0.0819,0.0819,0.081,0.083,0.0825,0.0835,0.086,0.0863,0.0803,0.0818,0.0834,0.0802,0.0802,0.0806,0.0838,0.0835,0.0825,0.0803,0.0856,0.0857,0.0813,0.0817,0.0819,0.0836,0.0816,0.0828,0.0848,0.0829,0.0815,0.0805,0.0851,0.0849,0.0867,0.0866,0.0914,0.0877,0.0858,0.0871,0.0873,0.0862,0.086,0.0876,0.085,0.0863,0.0852,0.0867,0.0879,0.09,0.0864,0.0846,0.0861,0.088,0.0886,0.0851,0.0855,0.0872,0.0905,0.0866,0.0867,0.0864,0.087,0.0862,0.1025,0.0891,0.0881,0.0885,0.0856,0.0862,0.0864,0.0918,0.0849,0.0869,0.0853,0.0845,0.087,0.0857,0.0851,0.0852,0.0851
,7:19:16,48,0.0865,0.0858,0.0851,0.0853,0.085,0.085,0.0852,0.0863,0.086,0.0851,0.0871,0.0857,0.0892,0.0807,0.0844,0.0808,0.0834,0.0805,0.0819,0.081,0.0828,0.082,0.083,0.0859,0.0859,0.0801,0.0817,0.0828,0.0797,0.0801,0.0805,0.0838,0.0835,0.0821,0.0798,0.0855,0.0852,0.0808,0.0816,0.0819,0.0832,0.0814,0.0827,0.0849,0.0825,0.0809,0.0798,0.0848,0.0849,0.0862,0.0864,0.0908,0.0875,0.0863,0.0872,0.0869,0.0864,0.0858,0.0871,0.0848,0.0859,0.0849,0.0858,0.0874,0.0894,0.0862,0.085,0.0858,0.0883,0.088,0.0846,0.0852,0.0869,0.0896,0.0864,0.0862,0.0861,0.0866,0.0855,0.1023,0.088,0.0878,0.0883,0.0852,0.0859,0.0856,0.0914,0.0843,0.0861,0.085,0.084,0.0868,0.0855,0.0848,0.0846,0.0843
,7:24:16,47.9,0.087,0.086,0.0859,0.0864,0.0885,0.0859,0.0856,0.0864,0.0867,0.0853,0.0876,0.0862,0.0899,0.0816,0.0851,0.0805,0.0843,0.0815,0.0825,0.081,0.0837,0.0825,0.0834,0.0865,0.0865,0.0804,0.0819,0.0836,0.08,0.0804,0.0807,0.0843,0.0838,0.0821,0.0809,0.0858,0.086,0.0813,0.082,0.0823,0.084,0.0822,0.0835,0.085,0.0828,0.0817,0.0806,0.0852,0.0856,0.0864,0.0866,0.0914,0.0884,0.0868,0.0868,0.0876,0.0865,0.0863,0.0873,0.0851,0.0868,0.0849,0.0866,0.0876,0.0903,0.0866,0.0852,0.0863,0.0883,0.0881,0.0855,0.086,0.0875,0.0902,0.0865,0.087,0.0863,0.0873,0.0858,0.1021,0.0886,0.0881,0.0882,0.0858,0.0864,0.0865,0.0918,0.0844,0.0869,0.086,0.0845,0.087,0.0859,0.0853,0.0851,0.0848
,7:29:16,48,0.0865,0.0853,0.0848,0.0856,0.0845,0.085,0.0848,0.0857,0.0859,0.0844,0.0868,0.0857,0.0888,0.081,0.0842,0.0806,0.083,0.0811,0.0814,0.0801,0.0828,0.0821,0.0828,0.0859,0.0856,0.0798,0.0819,0.0827,0.0796,0.0796,0.0808,0.0836,0.0832,0.0815,0.0795,0.0851,0.0853,0.0813,0.0809,0.0815,0.0837,0.0814,0.082,0.0845,0.0822,0.0811,0.0803,0.0841,0.0849,0.0854,0.0857,0.0906,0.0872,0.0863,0.0865,0.0872,0.0859,0.0859,0.0868,0.0844,0.0854,0.0846,0.0859,0.0872,0.0891,0.0858,0.0847,0.0857,0.0877,0.0877,0.0845,0.0849,0.0868,0.0893,0.0859,0.0863,0.0858,0.0865,0.0853,0.1018,0.0881,0.0875,0.0878,0.0848,0.0854,0.0858,0.091,0.084,0.0862,0.0851,0.0842,0.0863,0.0853,0.0847,0.0845,0.084
,7:34:16,48,0.0868,0.0852,0.0852,0.0859,0.0847,0.0848,0.0854,0.0859,0.0858,0.0852,0.0868,0.0854,0.0889,0.0809,0.0843,0.0806,0.0834,0.081,0.0816,0.0808,0.0823,0.0821,0.0832,0.0859,0.0857,0.0804,0.0821,0.0828,0.0802,0.08,0.0805,0.0839,0.083,0.0816,0.0802,0.0853,0.0856,0.0809,0.0817,0.0815,0.0832,0.0818,0.0823,0.0853,0.0823,0.0815,0.08,0.0847,0.0847,0.0863,0.0858,0.0911,0.0874,0.0857,0.0864,0.0875,0.0859,0.0851,0.0871,0.0845,0.0861,0.0846,0.086,0.0877,0.0895,0.0857,0.0848,0.086,0.088,0.088,0.0848,0.0848,0.0872,0.0896,0.0861,0.0861,0.0859,0.0865,0.0855,0.1023,0.0886,0.0876,0.0884,0.0852,0.0857,0.0862,0.091,0.084,0.0867,0.0855,0.0844,0.0867,0.0858,0.0845,0.0851,0.0843
,7:39:16,48,0.0858,0.085,0.085,0.0854,0.0846,0.0849,0.0851,0.0858,0.0853,0.0845,0.0863,0.086,0.0885,0.0812,0.0837,0.0801,0.0832,0.0807,0.0817,0.0805,0.0825,0.0825,0.0827,0.0858,0.0858,0.0797,0.0815,0.0829,0.0795,0.0796,0.0808,0.0838,0.0832,0.0818,0.0793,0.0855,0.0854,0.0809,0.0807,0.0812,0.0833,0.0811,0.0824,0.0848,0.0824,0.0808,0.0803,0.0843,0.0846,0.086,0.0859,0.0909,0.0869,0.0857,0.0864,0.0868,0.0858,0.0858,0.0868,0.0848,0.0852,0.0847,0.0854,0.0874,0.0898,0.0859,0.0849,0.0861,0.0874,0.088,0.0842,0.0849,0.087,0.0896,0.0857,0.0863,0.0855,0.0865,0.0855,0.1012,0.0879,0.0873,0.0876,0.0849,0.0854,0.0856,0.091,0.0838,0.0863,0.0849,0.0843,0.0862,0.0854,0.0844,0.0848,0.0838
,7:44:16,48,0.0863,0.0854,0.0854,0.0859,0.0848,0.0851,0.0855,0.0864,0.0859,0.0853,0.0874,0.0856,0.0891,0.0809,0.0843,0.0801,0.0836,0.0808,0.0821,0.0806,0.0829,0.0827,0.083,0.0867,0.0861,0.0801,0.082,0.0832,0.0797,0.0801,0.0803,0.084,0.0835,0.0818,0.0801,0.0854,0.0854,0.0811,0.0814,0.0816,0.0838,0.0814,0.0827,0.085,0.0823,0.0812,0.0805,0.085,0.085,0.0862,0.0865,0.091,0.0874,0.0868,0.0869,0.0876,0.0862,0.0855,0.0878,0.0851,0.0861,0.0845,0.0858,0.0871,0.0894,0.0864,0.0848,0.0861,0.0878,0.0884,0.0846,0.085,0.0867,0.0894,0.0861,0.0862,0.0862,0.0866,0.0853,0.1018,0.0883,0.0882,0.088,0.0852,0.086,0.0855,0.0912,0.0843,0.0864,0.0855,0.0847,0.0866,0.0852,0.0852,0.0852,0.0843
,7:49:16,48,0.0859,0.0847,0.0849,0.0854,0.0867,0.0843,0.0851,0.0857,0.0853,0.0844,0.0867,0.0854,0.0887,0.0805,0.084,0.0798,0.083,0.0809,0.0809,0.0805,0.0823,0.0814,0.0828,0.0856,0.0858,0.0796,0.081,0.0827,0.0791,0.0795,0.0797,0.083,0.083,0.0815,0.0792,0.0849,0.0853,0.0806,0.0805,0.0812,0.083,0.0812,0.0823,0.0843,0.0821,0.0807,0.0795,0.0843,0.0846,0.0856,0.0861,0.0907,0.0871,0.0859,0.0864,0.0868,0.0853,0.0851,0.087,0.0843,0.085,0.0837,0.0861,0.0871,0.089,0.0854,0.0848,0.0856,0.0873,0.0874,0.0845,0.0849,0.0863,0.0894,0.0853,0.0863,0.0853,0.0863,0.0856,0.1016,0.0876,0.0873,0.0876,0.0848,0.0854,0.0854,0.0909,0.0836,0.086,0.0847,0.0838,0.0864,0.085,0.0841,0.0845,0.0844
,7:54:16,47.9,0.0864,0.0856,0.0857,0.0858,0.088,0.0852,0.086,0.0863,0.0865,0.0854,0.0871,0.0864,0.0889,0.081,0.0844,0.0806,0.0836,0.0812,0.0819,0.0805,0.083,0.0825,0.0827,0.086,0.0862,0.0796,0.0816,0.0832,0.0799,0.0801,0.0812,0.084,0.0836,0.0821,0.08,0.0854,0.0856,0.0817,0.0809,0.0813,0.0835,0.0819,0.0827,0.0853,0.0826,0.0815,0.0805,0.0847,0.0852,0.0862,0.0861,0.0912,0.0875,0.0869,0.0867,0.0872,0.0862,0.0857,0.0875,0.0849,0.0862,0.085,0.0863,0.0872,0.0895,0.0861,0.0848,0.0866,0.0879,0.0881,0.0847,0.0847,0.0874,0.0899,0.086,0.0867,0.0863,0.0867,0.0854,0.1016,0.0885,0.0878,0.088,0.0855,0.0856,0.0855,0.0915,0.0844,0.0862,0.0853,0.0848,0.0868,0.0855,0.0848,0.0854,0.0843
,7:59:16,48,0.0873,0.0859,0.0858,0.0887,0.0847,0.0855,0.0864,0.0867,0.0865,0.0856,0.0874,0.0863,0.0896,0.0814,0.0847,0.081,0.0838,0.0818,0.082,0.0814,0.0835,0.083,0.0835,0.0864,0.0866,0.0806,0.082,0.0838,0.0806,0.0801,0.081,0.0848,0.0838,0.0823,0.0801,0.0858,0.0854,0.0818,0.0819,0.0819,0.0836,0.082,0.0831,0.0855,0.0834,0.0818,0.0805,0.0855,0.0855,0.0862,0.0869,0.0916,0.0882,0.0867,0.0875,0.0877,0.0871,0.0862,0.0881,0.0854,0.0871,0.0854,0.0866,0.0881,0.0897,0.0866,0.0851,0.0868,0.0886,0.0881,0.0854,0.0856,0.0876,0.09,0.0863,0.0868,0.0865,0.0871,0.0861,0.1028,0.0892,0.0883,0.0885,0.0856,0.0862,0.0861,0.0919,0.0846,0.087,0.086,0.0844,0.087,0.0859,0.0854,0.0855,0.0848
,8:04:16,48,0.0866,0.0854,0.0855,0.0856,0.0852,0.085,0.0859,0.0859,0.086,0.0851,0.0872,0.0857,0.0892,0.0808,0.0846,0.0803,0.0834,0.0811,0.0817,0.0809,0.0829,0.0826,0.0824,0.086,0.0864,0.0799,0.0818,0.0827,0.08,0.0799,0.0808,0.0836,0.0834,0.0817,0.0807,0.0858,0.0856,0.0811,0.0815,0.0813,0.0839,0.0813,0.083,0.0851,0.0824,0.0813,0.0803,0.0847,0.0855,0.0863,0.0858,0.0905,0.0871,0.0866,0.0867,0.0867,0.086,0.0856,0.0874,0.0849,0.0862,0.0843,0.0862,0.0878,0.0896,0.0857,0.0847,0.0862,0.0877,0.0877,0.0844,0.0849,0.0871,0.0899,0.086,0.087,0.0859,0.0866,0.0858,0.1019,0.0884,0.0879,0.0883,0.0847,0.0856,0.0861,0.0909,0.0847,0.086,0.0855,0.0843,0.0865,0.0858,0.0852,0.0852,0.0847
,8:09:16,48,0.0865,0.0854,0.085,0.0853,0.0856,0.0847,0.0852,0.0862,0.0859,0.0854,0.0874,0.0861,0.0892,0.0807,0.0848,0.0806,0.0837,0.0812,0.0818,0.0803,0.0824,0.0825,0.0828,0.0862,0.0858,0.08,0.0815,0.0839,0.0801,0.08,0.0805,0.084,0.0834,0.0819,0.0797,0.0856,0.0856,0.0815,0.0815,0.0814,0.0837,0.0815,0.083,0.0851,0.0835,0.0813,0.0801,0.0845,0.0854,0.0859,0.0862,0.0908,0.0874,0.0866,0.0872,0.0873,0.0858,0.0856,0.0871,0.0849,0.0858,0.085,0.086,0.0876,0.0893,0.0858,0.0847,0.0862,0.0876,0.0876,0.0847,0.0853,0.0875,0.0898,0.0862,0.0866,0.0857,0.0868,0.0856,0.1016,0.0888,0.0873,0.0884,0.0857,0.0861,0.0862,0.0914,0.0838,0.0867,0.0848,0.0842,0.0863,0.0854,0.0851,0.0847,0.0849
,8:14:16,48,0.0867,0.0859,0.0857,0.0857,0.0853,0.085,0.0857,0.0867,0.0861,0.0856,0.0874,0.0866,0.0891,0.0814,0.0848,0.0802,0.0836,0.0821,0.0822,0.0804,0.0835,0.0824,0.0835,0.0866,0.0861,0.0804,0.0826,0.0833,0.0802,0.0801,0.0814,0.0839,0.0835,0.0822,0.0802,0.0856,0.0856,0.0818,0.0815,0.082,0.0838,0.0821,0.0829,0.0853,0.0832,0.0815,0.0803,0.0848,0.0855,0.086,0.0867,0.0906,0.0878,0.0869,0.0869,0.0873,0.0864,0.0858,0.0874,0.0848,0.0863,0.0852,0.0862,0.0877,0.0898,0.0862,0.0846,0.0866,0.088,0.0882,0.0853,0.0853,0.0869,0.0897,0.0865,0.0865,0.0865,0.0869,0.0857,0.102,0.0886,0.0879,0.0881,0.0852,0.0858,0.0865,0.0917,0.0843,0.0864,0.0852,0.0843,0.0869,0.0857,0.0852,0.0853,0.0848
,8:19:16,47.9,0.0865,0.0856,0.0854,0.0857,0.0844,0.0844,0.0854,0.0859,0.0858,0.0851,0.0868,0.0862,0.0891,0.0805,0.0841,0.0799,0.0837,0.0811,0.0814,0.0806,0.0827,0.0818,0.0821,0.0862,0.0859,0.0801,0.0815,0.083,0.0797,0.0801,0.0804,0.0832,0.0837,0.0813,0.0797,0.0853,0.0854,0.0811,0.0818,0.0818,0.0833,0.0813,0.0827,0.0845,0.0824,0.0817,0.08,0.0846,0.0847,0.0857,0.0856,0.0905,0.0874,0.0861,0.0867,0.0866,0.0859,0.0854,0.0869,0.0847,0.0859,0.0845,0.0858,0.087,0.0904,0.0859,0.0849,0.0861,0.0878,0.0874,0.085,0.0853,0.0876,0.0895,0.0857,0.0863,0.0859,0.0865,0.0852,0.1018,0.0882,0.0876,0.0878,0.0851,0.0858,0.086,0.0914,0.0841,0.0866,0.0847,0.0839,0.0865,0.0855,0.0846,0.0853,0.0845
,8:24:16,48,0.0867,0.0861,0.0854,0.0856,0.0847,0.0863,0.0858,0.0864,0.0859,0.0855,0.0872,0.0867,0.0892,0.0808,0.0845,0.0804,0.0843,0.0815,0.0817,0.0811,0.083,0.0819,0.0827,0.0862,0.0864,0.0804,0.0822,0.0833,0.0799,0.08,0.0808,0.0837,0.0835,0.0817,0.0799,0.0853,0.086,0.0809,0.0814,0.0823,0.0838,0.082,0.0825,0.0847,0.0827,0.0816,0.0804,0.0846,0.085,0.0862,0.0864,0.0911,0.0874,0.0865,0.0867,0.0875,0.0864,0.0858,0.0876,0.0849,0.0863,0.0848,0.0866,0.0872,0.0894,0.0863,0.0849,0.0862,0.0883,0.0881,0.0849,0.0855,0.0871,0.0898,0.086,0.0863,0.0857,0.0871,0.0852,0.1019,0.0887,0.0878,0.0885,0.0854,0.0856,0.0863,0.0913,0.0846,0.0861,0.0853,0.0846,0.0864,0.0856,0.0847,0.085,0.0846
,8:29:16,48,0.0859,0.0848,0.0848,0.085,0.0839,0.0846,0.0852,0.0859,0.0852,0.0847,0.0867,0.0859,0.0887,0.0805,0.0843,0.0798,0.0833,0.0811,0.0815,0.0802,0.0821,0.0816,0.0822,0.0861,0.0859,0.0797,0.0813,0.0827,0.0791,0.0797,0.0798,0.0833,0.083,0.0817,0.0796,0.0848,0.0855,0.0807,0.0807,0.0814,0.083,0.0813,0.0823,0.0848,0.0822,0.0805,0.0796,0.0841,0.0848,0.0853,0.0852,0.0902,0.0872,0.0865,0.0863,0.0866,0.0857,0.0852,0.0871,0.0846,0.086,0.0845,0.0856,0.0868,0.0889,0.0853,0.0842,0.0858,0.0877,0.0872,0.0842,0.0848,0.0864,0.0892,0.0853,0.0859,0.0854,0.0863,0.0853,0.1012,0.0877,0.0871,0.0874,0.0847,0.0854,0.0857,0.0909,0.0835,0.0858,0.0847,0.0838,0.0864,0.0849,0.0843,0.0847,0.0839
,8:34:16,48,0.0872,0.0863,0.0856,0.0861,0.0858,0.0852,0.0862,0.0867,0.0872,0.0854,0.0873,0.0866,0.0898,0.0818,0.0853,0.0811,0.0841,0.0817,0.0819,0.081,0.0835,0.0828,0.0838,0.0867,0.0865,0.0806,0.0825,0.0838,0.0806,0.0807,0.0804,0.0842,0.0842,0.0824,0.0802,0.086,0.0862,0.0821,0.0819,0.0825,0.0842,0.0826,0.0835,0.0857,0.0833,0.0819,0.0806,0.0857,0.0853,0.0865,0.0866,0.0916,0.0883,0.0872,0.0875,0.0877,0.087,0.0861,0.0884,0.0856,0.0866,0.0854,0.0869,0.0876,0.0901,0.0864,0.0857,0.0867,0.0886,0.0882,0.0853,0.0856,0.0876,0.0904,0.0865,0.087,0.0868,0.0872,0.086,0.1021,0.0892,0.0882,0.0889,0.0857,0.0866,0.0864,0.092,0.0849,0.0871,0.0861,0.0853,0.0878,0.0865,0.0853,0.0859,0.0851
,8:39:16,47.9,0.0871,0.0859,0.0858,0.0856,0.0849,0.0851,0.0856,0.0863,0.0864,0.085,0.0873,0.0861,0.0895,0.0814,0.0848,0.081,0.0834,0.0819,0.0823,0.0813,0.0836,0.0827,0.0831,0.086,0.0866,0.0796,0.0823,0.0843,0.0801,0.0801,0.0808,0.0839,0.0837,0.0823,0.0804,0.0861,0.0857,0.0815,0.0815,0.082,0.0836,0.082,0.083,0.0854,0.0827,0.0815,0.0808,0.085,0.0856,0.0864,0.0863,0.0914,0.0876,0.0871,0.087,0.0876,0.0863,0.0863,0.088,0.0856,0.0865,0.0851,0.0868,0.0874,0.0897,0.086,0.085,0.0862,0.0885,0.0877,0.0847,0.0853,0.0874,0.0898,0.0869,0.0867,0.0861,0.0874,0.0853,0.1021,0.0886,0.0881,0.0882,0.0853,0.0857,0.0863,0.0917,0.0848,0.0864,0.0856,0.0846,0.0865,0.0857,0.0855,0.0855,0.0851
,8:44:16,48,0.0865,0.0855,0.0853,0.0855,0.0848,0.0846,0.0857,0.0857,0.086,0.0849,0.0871,0.0858,0.0889,0.0808,0.0842,0.0801,0.0829,0.0814,0.0815,0.0803,0.0827,0.0821,0.0824,0.0856,0.0857,0.0797,0.0819,0.0837,0.0793,0.0798,0.0802,0.0837,0.0835,0.0815,0.0799,0.0853,0.0853,0.0809,0.081,0.0815,0.0836,0.0816,0.0829,0.0851,0.0825,0.0813,0.0799,0.0843,0.085,0.0857,0.086,0.0906,0.0871,0.0858,0.0865,0.0871,0.0856,0.086,0.0872,0.0847,0.0863,0.085,0.0857,0.0876,0.0892,0.0859,0.0847,0.0861,0.0876,0.0875,0.085,0.0848,0.0871,0.0897,0.0859,0.0865,0.0857,0.0866,0.0858,0.1017,0.0883,0.0881,0.088,0.0849,0.0861,0.0857,0.0911,0.0844,0.0862,0.0854,0.0845,0.0861,0.0852,0.0849,0.0845,0.0841
,8:49:16,48,0.0863,0.0854,0.0852,0.0849,0.0844,0.0847,0.0853,0.0858,0.086,0.085,0.0872,0.0856,0.0893,0.0811,0.0842,0.0803,0.083,0.0815,0.0811,0.0802,0.083,0.0819,0.0823,0.0856,0.0859,0.08,0.0823,0.0828,0.0799,0.0805,0.0802,0.0836,0.0836,0.0815,0.0797,0.0852,0.0853,0.0812,0.0812,0.0813,0.0835,0.0811,0.0824,0.0843,0.0823,0.0808,0.08,0.0849,0.0849,0.0859,0.0865,0.0911,0.0872,0.0864,0.0867,0.0871,0.0863,0.085,0.0872,0.085,0.0861,0.0849,0.086,0.0872,0.0894,0.0859,0.085,0.0859,0.0874,0.0875,0.0847,0.0846,0.0868,0.0893,0.0862,0.0868,0.0857,0.0866,0.0853,0.1013,0.088,0.0878,0.0879,0.0851,0.0854,0.0858,0.091,0.0842,0.0863,0.0853,0.0845,0.0867,0.0853,0.0845,0.0854,0.0841
,8:54:16,47.9,0.0859,0.0855,0.0855,0.0848,0.0843,0.0851,0.086,0.0858,0.086,0.0846,0.0871,0.0856,0.089,0.0808,0.0843,0.0801,0.0831,0.0815,0.0813,0.0805,0.0828,0.0825,0.0826,0.0863,0.0857,0.0799,0.0814,0.0832,0.0802,0.0799,0.0805,0.0834,0.0834,0.0817,0.0802,0.0856,0.0853,0.0808,0.0812,0.0814,0.0831,0.0816,0.0827,0.085,0.0828,0.0817,0.0803,0.0846,0.0851,0.0858,0.0857,0.0907,0.0874,0.0864,0.0865,0.087,0.0859,0.0855,0.0875,0.0852,0.0859,0.0851,0.0859,0.0874,0.0891,0.0862,0.0845,0.0863,0.0874,0.0876,0.0845,0.0848,0.0865,0.0891,0.0856,0.086,0.0859,0.0868,0.0853,0.1011,0.088,0.0877,0.0877,0.0849,0.0854,0.0855,0.0915,0.0841,0.086,0.0852,0.0844,0.0866,0.0858,0.0852,0.0852,0.0842
,8:59:16,48,0.0868,0.0861,0.0851,0.0856,0.0849,0.0851,0.0852,0.0863,0.0867,0.0852,0.0873,0.0858,0.0892,0.0808,0.0848,0.0806,0.0841,0.082,0.0818,0.081,0.0829,0.0826,0.0824,0.086,0.086,0.0802,0.0818,0.0832,0.0804,0.0804,0.0811,0.0838,0.0833,0.0821,0.0801,0.0854,0.0859,0.0816,0.0815,0.0817,0.0841,0.0816,0.0829,0.085,0.0831,0.0812,0.0804,0.0847,0.0854,0.0861,0.0862,0.091,0.0875,0.0866,0.0868,0.0874,0.0863,0.0858,0.0873,0.085,0.0863,0.0845,0.0862,0.0876,0.0898,0.0858,0.085,0.0863,0.0883,0.0878,0.0852,0.0853,0.087,0.0891,0.0858,0.0863,0.086,0.0871,0.0859,0.1016,0.0882,0.0884,0.088,0.0857,0.0858,0.0862,0.0912,0.0844,0.087,0.0854,0.0847,0.087,0.0856,0.085,0.0854,0.0844
,9:04:16,47.9,0.0864,0.0849,0.0852,0.0854,0.0847,0.0848,0.0857,0.0856,0.0856,0.0849,0.0867,0.0859,0.0887,0.0803,0.0843,0.0803,0.0834,0.0813,0.0815,0.0805,0.0832,0.0823,0.0828,0.0857,0.0861,0.0801,0.0824,0.0826,0.0796,0.0798,0.0804,0.0828,0.0836,0.0816,0.08,0.0852,0.0858,0.0812,0.0812,0.0811,0.0832,0.0817,0.083,0.0845,0.0825,0.0813,0.0796,0.0846,0.085,0.0855,0.0861,0.0909,0.0875,0.0862,0.0868,0.0869,0.0859,0.0855,0.0873,0.0848,0.0862,0.0849,0.0857,0.0874,0.089,0.0862,0.085,0.0859,0.0879,0.0877,0.0851,0.0854,0.0871,0.0892,0.0856,0.0862,0.086,0.0862,0.0855,0.1016,0.0883,0.0876,0.0878,0.0848,0.0861,0.086,0.0911,0.0841,0.0865,0.0851,0.0838,0.0867,0.0851,0.0846,0.0854,0.0843
,9:09:16,48,0.0861,0.0857,0.0851,0.0854,0.0853,0.0849,0.0857,0.0862,0.0862,0.0853,0.0869,0.0859,0.0888,0.0809,0.0844,0.0805,0.0834,0.0814,0.0817,0.0809,0.0829,0.0823,0.0826,0.0858,0.086,0.0803,0.0819,0.0827,0.0799,0.08,0.081,0.0834,0.0839,0.082,0.08,0.0855,0.0854,0.0813,0.0813,0.0815,0.0838,0.0812,0.0831,0.085,0.0823,0.0811,0.0798,0.0849,0.0849,0.0853,0.0863,0.0911,0.0875,0.0861,0.0868,0.087,0.0864,0.0859,0.0873,0.0847,0.0863,0.0849,0.0861,0.088,0.0909,0.0857,0.0847,0.0862,0.0881,0.0878,0.085,0.0853,0.0867,0.0896,0.086,0.0867,0.086,0.0868,0.0857,0.1011,0.0885,0.0879,0.0883,0.0854,0.0856,0.0859,0.0913,0.0844,0.0863,0.0856,0.0843,0.0866,0.0855,0.085,0.0849,0.0844
,9:14:16,47.9,0.0871,0.0861,0.0856,0.0859,0.0848,0.0853,0.0856,0.0864,0.086,0.0856,0.0871,0.0864,0.0892,0.0807,0.0844,0.0809,0.084,0.081,0.0819,0.0809,0.0835,0.0824,0.0827,0.0868,0.0864,0.0803,0.0821,0.0834,0.0803,0.0803,0.0808,0.084,0.0843,0.0818,0.0803,0.0856,0.0856,0.0812,0.0819,0.0822,0.0842,0.0819,0.0829,0.0854,0.0826,0.0817,0.0806,0.0846,0.0853,0.0861,0.0862,0.0919,0.0879,0.0866,0.0869,0.0874,0.0859,0.0862,0.0874,0.0855,0.0865,0.0849,0.0864,0.0876,0.0896,0.0858,0.0853,0.0867,0.0886,0.0881,0.0847,0.0852,0.0874,0.0899,0.0861,0.0867,0.0865,0.0872,0.086,0.1017,0.0886,0.088,0.0882,0.0855,0.0864,0.0862,0.0914,0.0845,0.087,0.0855,0.0847,0.0873,0.0857,0.0853,0.085,0.0848
,9:19:16,48,0.0867,0.0858,0.0856,0.0858,0.085,0.0852,0.0858,0.0867,0.0861,0.0854,0.0874,0.0864,0.0893,0.0811,0.0846,0.0806,0.0835,0.0817,0.0819,0.0807,0.0834,0.0826,0.0829,0.0864,0.0863,0.0802,0.0821,0.0841,0.0801,0.0803,0.0809,0.0845,0.0835,0.0825,0.0802,0.0857,0.0861,0.0817,0.0813,0.0818,0.0833,0.0822,0.0828,0.0857,0.0829,0.0818,0.0801,0.0846,0.0853,0.0859,0.0869,0.0913,0.0878,0.0869,0.0872,0.0879,0.0859,0.0859,0.0878,0.0853,0.0859,0.0847,0.0861,0.0878,0.0901,0.0859,0.0853,0.0867,0.0883,0.0883,0.0853,0.0852,0.0875,0.0897,0.0863,0.0867,0.0862,0.0871,0.0858,0.1014,0.0888,0.0881,0.0888,0.0856,0.0857,0.0867,0.092,0.0845,0.0867,0.0857,0.0845,0.0872,0.0857,0.085,0.0862,0.0843
,9:24:16,48,0.0861,0.0854,0.0851,0.0854,0.0845,0.0848,0.0853,0.0861,0.0855,0.0852,0.0869,0.086,0.089,0.0806,0.0842,0.0805,0.0824,0.0805,0.0817,0.0805,0.0824,0.0821,0.0822,0.086,0.0862,0.0798,0.0816,0.0838,0.0798,0.0802,0.0802,0.0836,0.0833,0.0817,0.0797,0.0852,0.0854,0.0809,0.0809,0.0817,0.0834,0.0813,0.0825,0.0848,0.0826,0.0813,0.0801,0.0841,0.085,0.0854,0.086,0.0908,0.0868,0.0865,0.0867,0.0874,0.086,0.0857,0.0872,0.0848,0.086,0.085,0.0859,0.0875,0.089,0.0857,0.0848,0.0857,0.0879,0.0874,0.0849,0.0853,0.0872,0.0891,0.0864,0.0863,0.0852,0.0866,0.0854,0.1008,0.0882,0.0874,0.0877,0.0852,0.0856,0.0862,0.0914,0.0839,0.0864,0.0851,0.0844,0.0867,0.0857,0.0847,0.0851,0.0842
,9:29:16,48,0.0861,0.0857,0.0851,0.0855,0.0851,0.0849,0.0858,0.0863,0.0855,0.0852,0.0871,0.0858,0.0892,0.0796,0.0844,0.0804,0.0837,0.0813,0.0815,0.0804,0.0835,0.0817,0.0822,0.0861,0.0861,0.0801,0.0816,0.0838,0.0795,0.0797,0.0807,0.0839,0.0835,0.0819,0.0799,0.0854,0.0852,0.0812,0.0812,0.0817,0.0839,0.0815,0.083,0.0851,0.0823,0.0814,0.0803,0.0846,0.0849,0.0859,0.0858,0.091,0.0875,0.0862,0.0865,0.0875,0.0854,0.0857,0.0873,0.0849,0.086,0.0849,0.0861,0.0871,0.0899,0.0861,0.0848,0.0858,0.0875,0.0874,0.085,0.0852,0.0872,0.0894,0.0861,0.086,0.0854,0.0867,0.0852,0.1014,0.0884,0.0878,0.0875,0.0853,0.0856,0.0863,0.0913,0.0844,0.0868,0.0853,0.0845,0.0868,0.0851,0.0843,0.0848,0.0841
,9:34:16,48,0.0864,0.0861,0.0858,0.0862,0.0847,0.085,0.0863,0.086,0.0866,0.0856,0.0875,0.0862,0.0896,0.0804,0.0848,0.0811,0.0835,0.082,0.082,0.0806,0.0836,0.0824,0.0824,0.0862,0.0863,0.0804,0.082,0.0832,0.0801,0.0808,0.0811,0.0834,0.0838,0.0825,0.0804,0.0856,0.0863,0.0812,0.0815,0.0817,0.0839,0.0822,0.083,0.0854,0.0833,0.0817,0.0801,0.0851,0.0853,0.0861,0.0866,0.091,0.0876,0.0864,0.0872,0.0877,0.0863,0.0858,0.0875,0.0854,0.0866,0.0848,0.0862,0.0877,0.0899,0.0865,0.0847,0.0867,0.0885,0.0879,0.0852,0.0856,0.087,0.0898,0.0862,0.0866,0.0864,0.0871,0.0861,0.1017,0.0892,0.0884,0.0884,0.0861,0.0861,0.0866,0.0917,0.0849,0.0869,0.0858,0.0846,0.087,0.0859,0.085,0.0855,0.0847
,9:39:16,48,0.0865,0.0858,0.0855,0.0853,0.0847,0.0853,0.0856,0.086,0.0857,0.0852,0.0867,0.0857,0.0891,0.08,0.0844,0.0807,0.0828,0.0814,0.082,0.0807,0.0831,0.0821,0.0824,0.0862,0.086,0.0799,0.0819,0.0831,0.0797,0.0796,0.0806,0.0837,0.0836,0.0817,0.08,0.0855,0.0856,0.0809,0.0814,0.0814,0.0839,0.0818,0.0828,0.085,0.0825,0.0816,0.0805,0.0846,0.0854,0.0861,0.0862,0.0912,0.0874,0.0867,0.0864,0.0872,0.086,0.0854,0.0872,0.0846,0.0857,0.0851,0.0859,0.0873,0.0894,0.086,0.0848,0.086,0.0877,0.0876,0.0844,0.0854,0.0869,0.0894,0.0863,0.0861,0.086,0.0866,0.0851,0.1009,0.0884,0.088,0.0881,0.0851,0.0854,0.0861,0.0913,0.0842,0.0868,0.0853,0.0841,0.0868,0.0855,0.0847,0.0852,0.0847
,9:44:16,48,0.0867,0.0861,0.0853,0.0859,0.0849,0.0849,0.0863,0.0866,0.0863,0.0853,0.0874,0.0861,0.09,0.0803,0.0847,0.0807,0.0829,0.0813,0.0821,0.081,0.0827,0.0822,0.0825,0.0866,0.0866,0.0804,0.0818,0.0832,0.0802,0.0799,0.0804,0.0839,0.0844,0.0818,0.0806,0.0852,0.0854,0.0813,0.0814,0.0814,0.0837,0.0817,0.0828,0.0851,0.0827,0.0813,0.0805,0.0852,0.0852,0.0858,0.0859,0.0911,0.0878,0.0868,0.087,0.0876,0.0863,0.0855,0.0878,0.0854,0.0859,0.0851,0.0861,0.0878,0.0894,0.0864,0.0848,0.0864,0.0882,0.0874,0.0849,0.0853,0.0875,0.0896,0.0866,0.0864,0.0862,0.0871,0.0854,0.1012,0.0883,0.0884,0.0883,0.0853,0.0862,0.0862,0.0911,0.0842,0.0868,0.0854,0.0842,0.0873,0.0862,0.0849,0.0852,0.0843
,9:49:16,48,0.0861,0.085,0.0851,0.085,0.0845,0.0849,0.0857,0.0857,0.0857,0.0846,0.0867,0.0855,0.0888,0.0793,0.0836,0.0799,0.0828,0.0813,0.0813,0.0806,0.0825,0.0819,0.0819,0.0857,0.086,0.0792,0.0818,0.0827,0.0798,0.0797,0.0801,0.0834,0.0834,0.0815,0.0793,0.0854,0.0858,0.0808,0.0807,0.0813,0.0834,0.0815,0.0821,0.0844,0.0821,0.0805,0.0799,0.0845,0.085,0.0858,0.0854,0.0905,0.0874,0.0857,0.0864,0.0869,0.0852,0.085,0.0872,0.0842,0.0855,0.0839,0.0857,0.0873,0.0895,0.0858,0.0847,0.0859,0.0877,0.0876,0.0845,0.0846,0.0869,0.0888,0.0856,0.0858,0.085,0.0863,0.0851,0.1008,0.0881,0.0872,0.0872,0.0849,0.0854,0.0855,0.0908,0.0838,0.0859,0.0847,0.084,0.0865,0.0849,0.0849,0.0846,0.0838
,9:54:16,48,0.0862,0.0854,0.0849,0.0852,0.0847,0.0843,0.0851,0.0859,0.0854,0.0843,0.0867,0.0855,0.0886,0.08,0.0838,0.0802,0.0826,0.0808,0.0818,0.0803,0.0828,0.0819,0.082,0.0861,0.0859,0.0799,0.0816,0.0826,0.0801,0.0801,0.0802,0.083,0.0829,0.0812,0.0798,0.0848,0.0854,0.0812,0.0811,0.081,0.0837,0.0816,0.0823,0.0846,0.0825,0.0811,0.0798,0.0846,0.0851,0.0855,0.0861,0.0908,0.0876,0.0861,0.0865,0.0871,0.0856,0.0852,0.0872,0.0847,0.0857,0.0846,0.0859,0.0872,0.0889,0.0855,0.0842,0.0857,0.0873,0.087,0.0847,0.085,0.087,0.0893,0.0858,0.086,0.0855,0.0866,0.0853,0.1009,0.0881,0.0873,0.0876,0.085,0.086,0.0856,0.0907,0.0842,0.0862,0.0852,0.0844,0.0865,0.0856,0.0849,0.0853,0.0843
,9:59:16,47.9,0.0864,0.0857,0.0856,0.0863,0.0847,0.0855,0.0858,0.0859,0.0863,0.0856,0.0874,0.0864,0.0892,0.0803,0.0844,0.0808,0.083,0.0815,0.0821,0.0808,0.0831,0.0824,0.0819,0.086,0.086,0.0803,0.0822,0.0836,0.0799,0.0798,0.081,0.0835,0.0839,0.082,0.0798,0.0852,0.0855,0.0815,0.0815,0.0818,0.0838,0.0819,0.0829,0.0851,0.0826,0.081,0.0807,0.085,0.0855,0.0858,0.0864,0.0907,0.0877,0.087,0.0868,0.0876,0.0865,0.0854,0.0873,0.085,0.0861,0.0848,0.0862,0.0878,0.0894,0.0865,0.0848,0.086,0.0883,0.0876,0.0849,0.085,0.0875,0.0894,0.0859,0.0867,0.0859,0.0872,0.0858,0.1011,0.0886,0.088,0.0883,0.085,0.086,0.086,0.0913,0.0843,0.0868,0.0855,0.0846,0.0867,0.086,0.0853,0.0854,0.0845
,10:04:16,48,0.0866,0.0854,0.0855,0.0859,0.0849,0.0848,0.0855,0.0863,0.086,0.085,0.0873,0.0864,0.0894,0.0804,0.084,0.0806,0.0837,0.0811,0.0818,0.0805,0.0827,0.0829,0.0825,0.0863,0.0861,0.0798,0.0819,0.0832,0.08,0.0799,0.081,0.0836,0.0836,0.0817,0.0802,0.0852,0.0858,0.0816,0.0813,0.0821,0.0836,0.0819,0.0829,0.0853,0.0826,0.0817,0.0805,0.0847,0.0851,0.0858,0.0862,0.0905,0.0877,0.0864,0.0863,0.0875,0.0862,0.0856,0.0878,0.0853,0.0858,0.0849,0.0861,0.0876,0.0897,0.0865,0.0848,0.0862,0.0884,0.0877,0.0848,0.0854,0.0874,0.0897,0.086,0.0863,0.0862,0.0868,0.0852,0.101,0.0884,0.0879,0.0883,0.0856,0.0857,0.086,0.0912,0.085,0.0869,0.0852,0.0845,0.0866,0.0855,0.0849,0.0852,0.0849
,10:09:16,47.9,0.0862,0.0854,0.0855,0.0855,0.0847,0.0848,0.0855,0.0867,0.0859,0.0851,0.0871,0.0861,0.0887,0.08,0.0842,0.0798,0.0842,0.081,0.0818,0.08,0.083,0.0818,0.082,0.0859,0.0858,0.0801,0.0816,0.0833,0.0802,0.0799,0.0806,0.0833,0.0837,0.0818,0.0798,0.0853,0.0855,0.0809,0.0813,0.0814,0.0832,0.0817,0.0825,0.0855,0.0826,0.0808,0.08,0.0845,0.0853,0.0862,0.0864,0.0906,0.0875,0.0861,0.0868,0.0874,0.086,0.0857,0.0876,0.0846,0.0855,0.0846,0.086,0.0879,0.0891,0.0862,0.0847,0.0858,0.0877,0.0875,0.0847,0.085,0.0866,0.0891,0.086,0.0862,0.086,0.0865,0.0853,0.1011,0.0883,0.0874,0.0883,0.0851,0.0859,0.0862,0.0912,0.0844,0.0865,0.0859,0.0844,0.0869,0.0853,0.0852,0.0853,0.0843
,10:14:16,48,0.0866,0.086,0.0859,0.0851,0.085,0.0852,0.0858,0.0862,0.086,0.0855,0.0869,0.0857,0.0892,0.0803,0.0848,0.0807,0.0829,0.0816,0.0816,0.0815,0.0829,0.0821,0.0823,0.0856,0.0863,0.0801,0.0822,0.0833,0.08,0.0804,0.0807,0.0833,0.0837,0.0818,0.0801,0.0856,0.0853,0.0811,0.0818,0.0817,0.0839,0.0819,0.0827,0.0845,0.0831,0.0813,0.0805,0.0844,0.0855,0.0858,0.0862,0.0906,0.088,0.0862,0.0865,0.0876,0.0865,0.0858,0.0872,0.0853,0.0862,0.0851,0.0857,0.0872,0.0897,0.0856,0.0849,0.0861,0.088,0.0883,0.0848,0.0853,0.0873,0.0891,0.0863,0.0865,0.0856,0.0871,0.0858,0.1012,0.0887,0.0875,0.088,0.0854,0.0861,0.0859,0.0912,0.084,0.0869,0.0856,0.0848,0.0868,0.0853,0.0851,0.085,0.0843
,10:19:16,48,0.0859,0.0849,0.0845,0.0847,0.084,0.0847,0.0849,0.0857,0.0851,0.0846,0.0869,0.0853,0.0881,0.0796,0.0835,0.0801,0.0818,0.0801,0.0806,0.0799,0.0825,0.0819,0.0815,0.0854,0.0858,0.0791,0.0808,0.0828,0.0794,0.0792,0.08,0.0838,0.0831,0.0815,0.079,0.0849,0.0852,0.0802,0.0805,0.0812,0.0827,0.0811,0.0823,0.084,0.082,0.0804,0.0796,0.0843,0.0846,0.0852,0.0854,0.0902,0.0865,0.0856,0.0861,0.0864,0.0851,0.085,0.087,0.0843,0.0856,0.0847,0.0857,0.0865,0.0886,0.0855,0.0843,0.0856,0.0875,0.087,0.0851,0.0844,0.0866,0.0885,0.0853,0.0861,0.0852,0.086,0.0849,0.1004,0.0879,0.0871,0.0875,0.0851,0.085,0.085,0.0907,0.0839,0.0858,0.0849,0.0838,0.0862,0.0849,0.0841,0.0848,0.0836
,10:24:16,47.9,0.0861,0.0854,0.0853,0.085,0.085,0.0846,0.0856,0.086,0.0857,0.085,0.0874,0.0861,0.0887,0.0798,0.0843,0.0808,0.0834,0.0811,0.0821,0.0807,0.0829,0.0824,0.0824,0.086,0.0858,0.0796,0.0819,0.0839,0.0798,0.0798,0.0808,0.0831,0.0832,0.0818,0.0798,0.0851,0.0854,0.0807,0.0813,0.0812,0.0836,0.0815,0.0825,0.0847,0.0821,0.0811,0.0801,0.0847,0.0851,0.0857,0.0858,0.0907,0.0871,0.0863,0.0865,0.0871,0.0855,0.0855,0.0875,0.0845,0.0858,0.0844,0.0862,0.0871,0.0893,0.0862,0.0844,0.0859,0.0876,0.0877,0.0852,0.0852,0.087,0.0894,0.0856,0.0864,0.0858,0.0865,0.0854,0.1006,0.0879,0.0879,0.0876,0.0851,0.0853,0.0862,0.0912,0.0844,0.0865,0.0855,0.0844,0.0867,0.0857,0.0851,0.0851,0.0842
,10:29:16,48,0.0864,0.0856,0.0852,0.0855,0.0853,0.0849,0.0862,0.0868,0.0864,0.0856,0.0873,0.0861,0.0894,0.0803,0.0844,0.0809,0.0831,0.081,0.0818,0.0808,0.0831,0.082,0.0829,0.0865,0.086,0.0801,0.0822,0.0841,0.0798,0.0802,0.0804,0.0841,0.0838,0.0815,0.0805,0.0862,0.0856,0.0815,0.0818,0.0821,0.0844,0.0818,0.0832,0.0847,0.0833,0.0815,0.0803,0.0847,0.0852,0.0867,0.0865,0.091,0.0877,0.0864,0.0873,0.0871,0.086,0.0858,0.0878,0.0853,0.0863,0.0849,0.0863,0.088,0.0894,0.0861,0.085,0.0864,0.0878,0.0877,0.0849,0.0858,0.0874,0.0899,0.086,0.0864,0.0861,0.0868,0.0858,0.1008,0.0887,0.088,0.0884,0.0852,0.0862,0.0861,0.0914,0.0843,0.0863,0.0859,0.0844,0.0876,0.0857,0.0849,0.0854,0.0845
,10:34:16,47.9,0.0868,0.0857,0.085,0.0851,0.0845,0.0847,0.0857,0.086,0.086,0.0849,0.0868,0.0855,0.0894,0.0798,0.084,0.0806,0.0826,0.0809,0.0816,0.0809,0.0827,0.0825,0.0823,0.0863,0.0858,0.0799,0.0816,0.0831,0.0797,0.0797,0.08,0.0839,0.0831,0.0819,0.0799,0.0854,0.0853,0.0814,0.0813,0.0811,0.0834,0.0818,0.0825,0.0848,0.0825,0.0811,0.0801,0.0844,0.0851,0.086,0.0861,0.0907,0.0868,0.0857,0.0864,0.0874,0.0859,0.0854,0.0873,0.0847,0.0855,0.0845,0.0859,0.0875,0.0892,0.0857,0.0851,0.0864,0.0878,0.0872,0.0844,0.085,0.0871,0.0895,0.0859,0.086,0.0858,0.0868,0.085,0.1006,0.0882,0.0875,0.088,0.0852,0.0855,0.0862,0.0911,0.0846,0.0861,0.0855,0.0841,0.0865,0.0858,0.0848,0.0851,0.0845
,10:39:16,48,0.0871,0.0859,0.0859,0.0857,0.0852,0.0851,0.086,0.0861,0.0866,0.0853,0.0875,0.0866,0.0896,0.0799,0.0849,0.0806,0.0829,0.0811,0.0817,0.0809,0.0835,0.0822,0.0824,0.0864,0.086,0.08,0.0824,0.0846,0.08,0.0802,0.0812,0.0838,0.0841,0.0818,0.0803,0.0855,0.0858,0.082,0.0815,0.0819,0.0835,0.0822,0.0832,0.0856,0.0829,0.0817,0.0806,0.0851,0.0858,0.0859,0.086,0.091,0.0874,0.0869,0.087,0.0877,0.0863,0.086,0.0873,0.0854,0.086,0.0846,0.0866,0.0877,0.0904,0.0863,0.0853,0.0865,0.0883,0.088,0.085,0.0858,0.0876,0.0897,0.086,0.0868,0.0861,0.0867,0.0857,0.1015,0.0887,0.0875,0.0885,0.085,0.086,0.086,0.092,0.0847,0.0869,0.0854,0.0846,0.087,0.0863,0.0854,0.0852,0.0845
,10:44:16,47.9,0.0863,0.0859,0.0859,0.0855,0.085,0.0852,0.0861,0.0859,0.0864,0.085,0.0878,0.0859,0.0897,0.0807,0.0844,0.0805,0.0829,0.0809,0.0815,0.081,0.0832,0.082,0.0824,0.0859,0.0859,0.0802,0.0817,0.0837,0.0802,0.0798,0.0808,0.0836,0.0834,0.0819,0.0799,0.0852,0.0853,0.0814,0.0812,0.0815,0.0834,0.0818,0.083,0.0846,0.0826,0.0812,0.0803,0.0845,0.0852,0.0856,0.0865,0.0907,0.0875,0.0867,0.0867,0.0875,0.0859,0.0857,0.087,0.0847,0.0859,0.0847,0.0861,0.0871,0.09,0.0861,0.0849,0.0863,0.0882,0.0878,0.0853,0.0854,0.0867,0.0894,0.0858,0.0863,0.0859,0.0864,0.0853,0.1009,0.0886,0.0881,0.0881,0.0851,0.0861,0.0859,0.0911,0.0843,0.0864,0.0855,0.0846,0.0868,0.0856,0.0847,0.0852,0.0849
,10:49:16,48,0.0867,0.0854,0.0856,0.0858,0.0848,0.0853,0.086,0.0862,0.0862,0.0853,0.0869,0.086,0.0891,0.0801,0.0843,0.0809,0.0838,0.0816,0.0819,0.0809,0.0833,0.0822,0.0824,0.0864,0.0863,0.0802,0.0822,0.0836,0.0799,0.08,0.0809,0.0836,0.0835,0.0816,0.08,0.0853,0.086,0.0816,0.0813,0.0815,0.0839,0.0817,0.0827,0.0854,0.0828,0.0815,0.0806,0.0848,0.0849,0.086,0.0865,0.0908,0.0877,0.0862,0.0867,0.0875,0.0858,0.0856,0.0875,0.0851,0.0862,0.0849,0.0864,0.0875,0.0898,0.0859,0.0852,0.0859,0.088,0.0874,0.0846,0.0851,0.0867,0.089,0.0865,0.0863,0.086,0.0868,0.0853,0.1012,0.0878,0.0882,0.0879,0.0856,0.086,0.0864,0.0911,0.0842,0.0859,0.0856,0.0846,0.0864,0.0856,0.085,0.0849,0.0844
,10:54:16,48,0.0863,0.0858,0.0859,0.086,0.0846,0.0852,0.0855,0.0867,0.0863,0.0854,0.0879,0.0863,0.0891,0.0806,0.0844,0.0808,0.0841,0.0816,0.0816,0.0808,0.0834,0.0822,0.0824,0.0863,0.0861,0.0802,0.0822,0.0832,0.08,0.0804,0.0806,0.0838,0.084,0.0818,0.0803,0.0853,0.0855,0.0819,0.0816,0.0821,0.0842,0.0822,0.0831,0.0852,0.0825,0.0821,0.0808,0.0853,0.0852,0.0861,0.086,0.0912,0.0878,0.0866,0.0867,0.0875,0.0861,0.0856,0.0877,0.0853,0.0861,0.0852,0.0859,0.088,0.0897,0.0864,0.085,0.0865,0.0881,0.0878,0.085,0.0856,0.0874,0.0897,0.0861,0.0868,0.0861,0.0864,0.0858,0.1007,0.0883,0.0881,0.0882,0.0855,0.0861,0.0861,0.0912,0.0843,0.0868,0.0852,0.0848,0.0873,0.0862,0.0847,0.0856,0.0842
,10:59:16,48,0.0861,0.0853,0.0857,0.0857,0.0848,0.0846,0.0861,0.0861,0.0864,0.0852,0.0872,0.0863,0.0892,0.0805,0.0842,0.0806,0.0832,0.0816,0.0817,0.0804,0.0828,0.0821,0.0821,0.0861,0.0867,0.0797,0.0821,0.0833,0.0801,0.0806,0.0808,0.0838,0.0839,0.0819,0.0802,0.0856,0.0854,0.0814,0.0813,0.0816,0.0835,0.0817,0.0829,0.085,0.0825,0.0818,0.0806,0.0848,0.0854,0.086,0.0864,0.0912,0.0875,0.087,0.0868,0.0878,0.0861,0.0855,0.0877,0.085,0.0859,0.0853,0.0862,0.0876,0.0895,0.0862,0.0851,0.0866,0.088,0.0878,0.0847,0.0852,0.0875,0.0894,0.0862,0.0869,0.086,0.087,0.0853,0.1008,0.0881,0.0879,0.0881,0.0852,0.0855,0.0866,0.0918,0.0841,0.0865,0.0854,0.0844,0.0866,0.0858,0.085,0.0854,0.0851
,11:04:16,48,0.0865,0.0856,0.0856,0.0856,0.0845,0.0853,0.0859,0.0865,0.0863,0.0852,0.0874,0.0858,0.0892,0.0804,0.0845,0.0801,0.0833,0.0809,0.0814,0.0804,0.0831,0.0823,0.0822,0.0859,0.0861,0.0795,0.0828,0.0834,0.0798,0.0798,0.0807,0.0838,0.0832,0.0819,0.0801,0.0852,0.0853,0.0812,0.0812,0.082,0.0838,0.0812,0.083,0.0851,0.0828,0.0809,0.08,0.0851,0.0849,0.0857,0.0861,0.0912,0.0876,0.0866,0.0866,0.0869,0.086,0.0856,0.0872,0.0845,0.086,0.0849,0.0859,0.0872,0.0894,0.0857,0.0854,0.0861,0.0877,0.0874,0.0842,0.0852,0.0874,0.0892,0.0858,0.0862,0.0856,0.087,0.0858,0.1008,0.0886,0.0878,0.0878,0.0854,0.0859,0.0865,0.0916,0.0844,0.0864,0.0855,0.0848,0.0867,0.0857,0.085,0.0852,0.0842
,11:09:16,47.9,0.0864,0.0859,0.0853,0.0856,0.0852,0.0849,0.0859,0.0861,0.0861,0.0851,0.0869,0.0858,0.0891,0.0803,0.0844,0.0802,0.0835,0.0822,0.0818,0.0809,0.0831,0.0828,0.0823,0.0864,0.086,0.0799,0.0827,0.0831,0.0802,0.0802,0.0805,0.0843,0.0838,0.0822,0.0799,0.0853,0.0855,0.0817,0.0813,0.0821,0.0837,0.0819,0.0828,0.0851,0.0831,0.0808,0.0804,0.0846,0.0847,0.0856,0.0863,0.0908,0.0875,0.0867,0.0868,0.0873,0.0859,0.0858,0.0871,0.0846,0.0861,0.0848,0.0858,0.0874,0.0892,0.0864,0.0848,0.0863,0.0878,0.0876,0.0851,0.085,0.0872,0.0893,0.0863,0.0867,0.0859,0.0868,0.086,0.101,0.0887,0.088,0.0878,0.0856,0.0853,0.0858,0.0914,0.0843,0.0868,0.085,0.0845,0.0865,0.0859,0.0848,0.0855,0.0847
,11:14:16,48,0.0867,0.0859,0.085,0.0857,0.0844,0.0853,0.0859,0.0862,0.086,0.0851,0.0874,0.0863,0.0891,0.08,0.0845,0.0807,0.083,0.0811,0.0812,0.0806,0.083,0.0825,0.0818,0.0861,0.086,0.0796,0.082,0.0842,0.0801,0.0798,0.0805,0.0834,0.0833,0.082,0.0802,0.0855,0.0852,0.0811,0.0818,0.0815,0.0837,0.0818,0.0827,0.0847,0.0827,0.0815,0.0801,0.0848,0.0851,0.0859,0.0861,0.0901,0.0875,0.0865,0.0865,0.0869,0.0858,0.0857,0.0868,0.0847,0.0857,0.0848,0.086,0.0877,0.0892,0.0859,0.0846,0.0859,0.0879,0.0874,0.085,0.085,0.087,0.0888,0.0861,0.0865,0.0862,0.0866,0.0851,0.1008,0.0885,0.0872,0.0882,0.0849,0.0857,0.0857,0.0911,0.0839,0.0864,0.0848,0.0839,0.0867,0.0853,0.085,0.0855,0.084
,11:19:16,47.9,0.0858,0.0857,0.0854,0.0858,0.0853,0.0847,0.0859,0.0865,0.0865,0.0851,0.0875,0.0859,0.0887,0.0798,0.084,0.0807,0.0824,0.0811,0.0818,0.0806,0.083,0.082,0.0825,0.0867,0.0863,0.08,0.0813,0.0832,0.0794,0.0801,0.0801,0.084,0.0834,0.082,0.0801,0.0852,0.0857,0.0811,0.0811,0.0815,0.0837,0.0813,0.0825,0.0847,0.0826,0.0808,0.0801,0.0838,0.0851,0.0856,0.0861,0.0905,0.0873,0.0866,0.0869,0.0871,0.086,0.0854,0.0875,0.0846,0.0862,0.0845,0.0863,0.0872,0.0891,0.0855,0.0847,0.086,0.0878,0.0877,0.0847,0.0848,0.087,0.0889,0.0859,0.0858,0.0856,0.087,0.0852,0.1005,0.0887,0.0875,0.0875,0.0853,0.0855,0.0862,0.0911,0.0848,0.0863,0.085,0.0841,0.0866,0.086,0.0848,0.0849,0.0844
,11:24:16,48,0.0863,0.0848,0.0845,0.085,0.0838,0.0845,0.0851,0.0858,0.0857,0.0844,0.0864,0.0855,0.0887,0.0796,0.0838,0.08,0.0837,0.0803,0.0816,0.0799,0.0821,0.0813,0.0818,0.0854,0.086,0.0793,0.0812,0.084,0.0795,0.0796,0.0799,0.0831,0.0831,0.0812,0.0796,0.0851,0.0848,0.081,0.0808,0.0813,0.0829,0.0811,0.0824,0.084,0.0819,0.0806,0.0803,0.0839,0.0845,0.0848,0.0853,0.0897,0.0868,0.0859,0.0867,0.0865,0.0854,0.0852,0.0867,0.0844,0.0856,0.0838,0.0857,0.0873,0.089,0.0854,0.0843,0.0853,0.0873,0.0869,0.0839,0.0847,0.0868,0.0889,0.0856,0.0858,0.0852,0.0861,0.085,0.0999,0.0872,0.0869,0.0875,0.0844,0.0851,0.0857,0.0908,0.0839,0.0857,0.0852,0.0838,0.086,0.085,0.0846,0.0846,0.0837
,11:29:16,48,0.0859,0.085,0.0851,0.0847,0.0843,0.0848,0.0858,0.0856,0.086,0.0849,0.0869,0.0858,0.0882,0.0796,0.0842,0.0803,0.0838,0.0807,0.0816,0.0803,0.0827,0.0816,0.0818,0.0861,0.0854,0.0793,0.0814,0.0835,0.0793,0.079,0.0805,0.0835,0.0832,0.0812,0.08,0.0851,0.0851,0.0808,0.0809,0.0815,0.0835,0.0814,0.0822,0.0845,0.0823,0.0807,0.0795,0.0844,0.0846,0.0858,0.0859,0.0901,0.0869,0.0863,0.0866,0.0871,0.0858,0.0849,0.0875,0.0847,0.0856,0.0847,0.0855,0.0873,0.0894,0.0857,0.0844,0.0857,0.0876,0.0873,0.0846,0.0847,0.0864,0.089,0.0853,0.0858,0.0856,0.0867,0.0853,0.1006,0.0881,0.0871,0.0873,0.0846,0.0858,0.086,0.0909,0.0838,0.0862,0.0847,0.0838,0.0862,0.0854,0.0842,0.085,0.0837
,11:34:16,47.9,0.0857,0.085,0.0851,0.085,0.0843,0.0847,0.0852,0.0858,0.0856,0.0848,0.0867,0.0859,0.0892,0.0798,0.0842,0.0799,0.0829,0.0811,0.0809,0.0802,0.0822,0.0814,0.0819,0.0855,0.0859,0.0795,0.0817,0.083,0.0792,0.0796,0.0806,0.0831,0.0824,0.0815,0.0793,0.0853,0.0852,0.081,0.0812,0.0808,0.0834,0.0813,0.082,0.0847,0.082,0.081,0.0797,0.0844,0.0854,0.0851,0.0856,0.09,0.0867,0.0859,0.0863,0.0869,0.0857,0.0855,0.0866,0.0847,0.0853,0.0843,0.0859,0.0868,0.0891,0.0853,0.0845,0.0857,0.0873,0.0876,0.0844,0.0849,0.0866,0.0886,0.0859,0.0855,0.0854,0.0863,0.0851,0.1002,0.0875,0.0875,0.088,0.0846,0.0856,0.0856,0.0905,0.0836,0.0859,0.085,0.0846,0.0862,0.0851,0.0847,0.0846,0.0841
,11:39:16,48,0.0864,0.0853,0.0852,0.0857,0.0842,0.0848,0.0856,0.0864,0.0863,0.0851,0.087,0.0858,0.0886,0.0801,0.0838,0.0799,0.0837,0.0816,0.0817,0.0808,0.0822,0.0821,0.0824,0.086,0.0859,0.08,0.0814,0.0827,0.0797,0.0796,0.0804,0.0835,0.0831,0.082,0.0803,0.0852,0.0853,0.0811,0.0807,0.0811,0.0835,0.0814,0.0827,0.0847,0.0823,0.0814,0.0802,0.0843,0.0849,0.0855,0.0858,0.0901,0.0872,0.0864,0.0866,0.0869,0.0853,0.0853,0.0869,0.0845,0.086,0.0848,0.0861,0.0869,0.089,0.0859,0.0846,0.0858,0.0873,0.0876,0.0847,0.0846,0.0869,0.0887,0.0856,0.0862,0.0859,0.0864,0.0852,0.1002,0.0882,0.0875,0.0879,0.0851,0.0859,0.0855,0.0914,0.0839,0.0865,0.0852,0.0844,0.0863,0.0853,0.0848,0.0851,0.0846
,11:44:16,48,0.0867,0.0859,0.0854,0.086,0.0851,0.0852,0.0858,0.0865,0.0863,0.0852,0.0875,0.0862,0.0892,0.0805,0.0848,0.0805,0.083,0.0813,0.0817,0.0805,0.0832,0.0831,0.0825,0.0861,0.0862,0.0799,0.0827,0.083,0.0799,0.0805,0.0802,0.0838,0.0839,0.0821,0.0807,0.0857,0.0859,0.0816,0.0816,0.0819,0.0837,0.0817,0.083,0.0849,0.0829,0.0816,0.0808,0.085,0.0853,0.0858,0.0863,0.0909,0.0875,0.0866,0.0865,0.0873,0.0859,0.0863,0.0872,0.0854,0.0864,0.0853,0.0862,0.088,0.0898,0.0864,0.0851,0.0866,0.0882,0.0877,0.085,0.0849,0.0874,0.0888,0.0865,0.0869,0.086,0.087,0.0856,0.1011,0.0884,0.0878,0.0887,0.0849,0.086,0.0868,0.0915,0.0846,0.0868,0.0858,0.0845,0.087,0.0857,0.0854,0.0855,0.0846
,11:49:16,48,0.0866,0.0859,0.0853,0.0857,0.0848,0.0851,0.0862,0.0868,0.0859,0.0852,0.0872,0.086,0.0895,0.0804,0.0841,0.0808,0.0826,0.0812,0.0816,0.0811,0.083,0.0826,0.0826,0.0861,0.0864,0.0802,0.0822,0.0836,0.0798,0.08,0.0809,0.0839,0.0833,0.0822,0.0807,0.0852,0.0857,0.0812,0.0816,0.0816,0.0838,0.0821,0.0827,0.0851,0.0827,0.0813,0.0804,0.0849,0.0855,0.0861,0.0866,0.0907,0.0876,0.0867,0.0866,0.0876,0.086,0.086,0.0876,0.085,0.086,0.0852,0.0861,0.0873,0.0895,0.0862,0.0851,0.0865,0.0877,0.0886,0.085,0.0851,0.0872,0.089,0.0862,0.0863,0.0859,0.0868,0.0859,0.1006,0.0889,0.0876,0.0879,0.0853,0.0862,0.086,0.0912,0.0845,0.0865,0.0859,0.0847,0.0868,0.0857,0.0852,0.0854,0.0845
,11:54:16,47.9,0.0855,0.0849,0.0846,0.0846,0.0844,0.0842,0.0851,0.0859,0.0861,0.0846,0.0863,0.0853,0.0885,0.08,0.0841,0.0802,0.0829,0.0804,0.0808,0.0801,0.0827,0.0814,0.0814,0.0852,0.0859,0.0793,0.0817,0.0828,0.0791,0.0794,0.0802,0.0829,0.0836,0.0808,0.0791,0.0848,0.0851,0.0808,0.081,0.0813,0.0827,0.0808,0.0822,0.0848,0.0824,0.0807,0.08,0.0838,0.0847,0.0855,0.0856,0.0899,0.0871,0.0859,0.086,0.0868,0.0854,0.0852,0.0866,0.0839,0.0858,0.0844,0.0852,0.0868,0.0888,0.0856,0.0846,0.0855,0.0879,0.0875,0.084,0.0844,0.0867,0.0889,0.0857,0.0859,0.0851,0.0864,0.0849,0.0998,0.088,0.0874,0.0879,0.0846,0.0848,0.0852,0.0905,0.0839,0.0861,0.0846,0.0832,0.0863,0.0854,0.0842,0.0846,0.0838
,11:59:16,48,0.0864,0.0857,0.0851,0.0859,0.0846,0.0851,0.086,0.0866,0.086,0.0852,0.0874,0.0862,0.0891,0.0803,0.0839,0.0807,0.0837,0.081,0.0814,0.0803,0.0832,0.0819,0.0821,0.086,0.0859,0.0799,0.0817,0.0831,0.0803,0.0802,0.081,0.0837,0.0839,0.0815,0.0804,0.0855,0.0849,0.0808,0.0814,0.0814,0.0837,0.0817,0.0825,0.085,0.0827,0.0809,0.0802,0.0846,0.0848,0.0853,0.0867,0.0899,0.0872,0.0865,0.0871,0.0876,0.086,0.0855,0.0876,0.085,0.0861,0.0848,0.0854,0.0872,0.089,0.0861,0.0847,0.0859,0.0879,0.0874,0.0846,0.0849,0.0871,0.0892,0.0861,0.0865,0.0862,0.0865,0.0856,0.1009,0.0881,0.088,0.0877,0.0852,0.0854,0.0856,0.0908,0.0841,0.0868,0.0856,0.0846,0.0867,0.0855,0.0851,0.0846,0.0842
,12:04:16,48,0.0867,0.0858,0.0853,0.0856,0.0847,0.0853,0.0857,0.0861,0.0857,0.0853,0.0876,0.0856,0.0891,0.0806,0.0843,0.0805,0.084,0.0819,0.0816,0.0805,0.083,0.082,0.0821,0.0867,0.0861,0.0798,0.0821,0.0833,0.0803,0.08,0.0806,0.0834,0.0838,0.0819,0.0798,0.0849,0.0854,0.0812,0.0817,0.0817,0.0839,0.0814,0.0827,0.0846,0.0823,0.0815,0.0801,0.0847,0.0855,0.0861,0.0861,0.09,0.0875,0.0867,0.0868,0.0874,0.0862,0.0856,0.087,0.0849,0.0856,0.0844,0.086,0.0869,0.0893,0.0857,0.0849,0.0858,0.0881,0.088,0.0849,0.0853,0.087,0.0893,0.0863,0.0864,0.0858,0.0867,0.0854,0.1003,0.089,0.0878,0.0878,0.0853,0.0853,0.0864,0.0912,0.0843,0.0866,0.0858,0.0844,0.0869,0.086,0.0848,0.0851,0.0847
,12:09:16,48,0.0864,0.0854,0.0853,0.0853,0.0844,0.0853,0.0857,0.0864,0.0864,0.0854,0.0867,0.0862,0.0888,0.0799,0.084,0.0805,0.0829,0.0812,0.0813,0.0803,0.083,0.0819,0.082,0.0855,0.0854,0.0797,0.0823,0.0834,0.0803,0.0795,0.0803,0.0835,0.0834,0.0815,0.0798,0.0857,0.0849,0.0811,0.0809,0.0814,0.0829,0.0815,0.0822,0.0849,0.0825,0.0811,0.0802,0.0845,0.085,0.086,0.0864,0.0901,0.0872,0.0864,0.0869,0.0871,0.0859,0.0855,0.0872,0.0848,0.0857,0.0848,0.0856,0.0873,0.0888,0.0855,0.0845,0.0855,0.0877,0.0876,0.0844,0.0852,0.0873,0.0888,0.0861,0.0864,0.0856,0.0866,0.0857,0.1001,0.0879,0.0878,0.0878,0.0849,0.0855,0.0857,0.0913,0.0845,0.0867,0.0853,0.0841,0.0865,0.0854,0.085,0.0848,0.0842
,12:14:16,47.9,0.0867,0.0858,0.0859,0.0859,0.0847,0.0851,0.086,0.0863,0.0865,0.0855,0.0873,0.0859,0.0894,0.0802,0.0848,0.0804,0.0824,0.081,0.0815,0.0806,0.0831,0.0821,0.0823,0.0861,0.0865,0.0798,0.0816,0.0836,0.0797,0.0801,0.0805,0.0836,0.0834,0.0817,0.0802,0.0858,0.0855,0.0814,0.0817,0.0816,0.0833,0.0817,0.0832,0.0854,0.0824,0.0815,0.0806,0.0848,0.0853,0.0858,0.0865,0.0903,0.0872,0.0865,0.0869,0.0873,0.0861,0.0854,0.0873,0.0855,0.086,0.0844,0.0859,0.0876,0.0897,0.0856,0.0849,0.0859,0.0878,0.0884,0.0845,0.0857,0.0872,0.0893,0.0861,0.0865,0.0855,0.0868,0.0858,0.1004,0.0886,0.0882,0.0878,0.0854,0.086,0.0865,0.0912,0.0846,0.0866,0.0853,0.0845,0.0867,0.0854,0.0849,0.0854,0.0844
,12:19:16,48,0.0866,0.0857,0.0853,0.0856,0.0851,0.0851,0.0861,0.086,0.0862,0.0854,0.0874,0.0859,0.0891,0.0801,0.0845,0.0805,0.0827,0.0814,0.0815,0.0809,0.0826,0.082,0.0829,0.0863,0.0861,0.0798,0.0817,0.0838,0.0799,0.0797,0.081,0.0836,0.0834,0.0816,0.0805,0.0853,0.0851,0.0815,0.0813,0.0819,0.0837,0.082,0.0824,0.085,0.0822,0.0814,0.0802,0.0847,0.085,0.0865,0.0858,0.0906,0.0873,0.0865,0.0864,0.0872,0.0865,0.0854,0.0871,0.0853,0.0859,0.0847,0.086,0.0875,0.0893,0.0863,0.0848,0.0861,0.088,0.088,0.0849,0.0851,0.0875,0.0887,0.0863,0.0859,0.0864,0.0871,0.0856,0.1007,0.0883,0.0878,0.0882,0.085,0.0861,0.0859,0.0915,0.0844,0.0864,0.0852,0.0841,0.0866,0.086,0.0851,0.0849,0.0847
,12:24:16,48,0.0867,0.0856,0.0854,0.0859,0.0853,0.085,0.0855,0.0866,0.086,0.0851,0.0873,0.0861,0.0889,0.0799,0.0842,0.0805,0.0824,0.0821,0.0817,0.0807,0.0832,0.0825,0.0828,0.0861,0.086,0.0799,0.082,0.0834,0.0802,0.0799,0.0804,0.0834,0.0835,0.0814,0.0799,0.0853,0.0857,0.0814,0.0815,0.0818,0.0838,0.0813,0.0824,0.085,0.083,0.081,0.0806,0.0849,0.0849,0.0859,0.086,0.0907,0.0874,0.087,0.0867,0.0874,0.0864,0.0856,0.0876,0.0845,0.0858,0.0847,0.0862,0.0874,0.0898,0.0862,0.0853,0.0866,0.0876,0.0882,0.0852,0.0855,0.087,0.0895,0.0861,0.0864,0.0862,0.0872,0.0857,0.1,0.0883,0.0881,0.0881,0.0852,0.0857,0.0862,0.0914,0.0844,0.0867,0.0852,0.0844,0.0868,0.0858,0.085,0.0848,0.0843
,12:29:16,48,0.0862,0.086,0.0857,0.0857,0.0849,0.0851,0.0861,0.0867,0.0862,0.0856,0.0872,0.0861,0.0891,0.0804,0.0844,0.0802,0.0828,0.0815,0.0818,0.0807,0.0833,0.0822,0.0823,0.086,0.0864,0.0798,0.082,0.0836,0.0802,0.0805,0.0804,0.084,0.0837,0.0815,0.08,0.0853,0.0856,0.081,0.0814,0.0815,0.0833,0.0819,0.0822,0.0846,0.0833,0.0815,0.0807,0.0855,0.0856,0.0859,0.0867,0.0907,0.0876,0.0862,0.0872,0.088,0.0865,0.0857,0.0877,0.0849,0.0862,0.0846,0.0863,0.0878,0.0894,0.086,0.085,0.0859,0.0878,0.0883,0.0855,0.0856,0.0868,0.0893,0.0859,0.087,0.0861,0.0869,0.0853,0.1004,0.0887,0.0878,0.0882,0.0853,0.0855,0.0863,0.0916,0.084,0.0868,0.0853,0.0845,0.0871,0.0859,0.0847,0.0851,0.0846
,12:34:16,48,0.0862,0.0858,0.0858,0.0859,0.0852,0.0857,0.0862,0.0867,0.086,0.086,0.0875,0.0866,0.0894,0.0807,0.0845,0.0805,0.083,0.0816,0.0818,0.0812,0.0832,0.0831,0.0827,0.0862,0.0867,0.0799,0.0821,0.084,0.0799,0.0802,0.0803,0.0835,0.0841,0.0819,0.0802,0.086,0.0858,0.0814,0.0814,0.0819,0.0844,0.0821,0.0828,0.0857,0.0827,0.0814,0.0801,0.0852,0.0852,0.0861,0.0866,0.091,0.0874,0.0862,0.0869,0.0873,0.0866,0.0857,0.0876,0.0855,0.0867,0.0853,0.0863,0.0879,0.0895,0.0867,0.085,0.0866,0.0884,0.0884,0.0854,0.0857,0.0874,0.0896,0.0861,0.0866,0.0866,0.0871,0.0856,0.1005,0.0888,0.0882,0.0879,0.0853,0.086,0.0865,0.0919,0.084,0.0871,0.0858,0.0849,0.0872,0.0859,0.0853,0.085,0.0847
,12:39:16,47.9,0.086,0.0856,0.0847,0.0853,0.0849,0.085,0.0857,0.0865,0.0866,0.0858,0.087,0.086,0.089,0.08,0.0844,0.0801,0.0824,0.0811,0.0817,0.0809,0.0826,0.0825,0.0828,0.086,0.0863,0.0803,0.0823,0.083,0.0795,0.0802,0.0804,0.0837,0.0838,0.0818,0.0805,0.085,0.0855,0.0812,0.0814,0.0814,0.0839,0.0814,0.0827,0.0845,0.0824,0.0816,0.0802,0.0843,0.0855,0.0854,0.0861,0.0906,0.0878,0.0866,0.0867,0.0868,0.0863,0.0855,0.087,0.0849,0.0861,0.0848,0.0863,0.0873,0.0894,0.0857,0.0851,0.0861,0.0881,0.0881,0.085,0.0857,0.0875,0.0888,0.0865,0.0858,0.0856,0.0867,0.0853,0.1001,0.0885,0.0876,0.0878,0.0853,0.0854,0.0865,0.0913,0.0842,0.0864,0.0851,0.0846,0.0862,0.0858,0.0855,0.0853,0.0842
,12:44:16,48,0.0862,0.0854,0.0856,0.0855,0.0852,0.0855,0.086,0.0863,0.0861,0.0849,0.087,0.0859,0.0891,0.0804,0.084,0.0802,0.082,0.0815,0.0816,0.0807,0.0827,0.0821,0.0822,0.0856,0.0861,0.0802,0.0824,0.084,0.08,0.0799,0.0811,0.0832,0.0836,0.0815,0.0804,0.0851,0.0851,0.0814,0.0814,0.081,0.0835,0.0817,0.083,0.0847,0.0825,0.0816,0.0808,0.0848,0.0849,0.0856,0.0859,0.091,0.0872,0.0865,0.0862,0.0868,0.086,0.0853,0.0872,0.0846,0.086,0.0848,0.0863,0.0876,0.0892,0.0859,0.0843,0.0859,0.0879,0.0875,0.0849,0.0853,0.0872,0.0892,0.0863,0.0864,0.0862,0.0867,0.0855,0.1006,0.0884,0.088,0.0876,0.0853,0.0857,0.0865,0.0914,0.0838,0.0867,0.0852,0.085,0.0872,0.0852,0.085,0.0853,0.084
,12:49:16,47.9,0.0865,0.0855,0.0856,0.0856,0.0853,0.0852,0.086,0.0864,0.0857,0.0858,0.0876,0.0862,0.0895,0.0809,0.0849,0.0809,0.0843,0.0813,0.0821,0.0809,0.083,0.0824,0.0825,0.0865,0.0862,0.0802,0.0816,0.0843,0.0797,0.0804,0.0813,0.0838,0.0835,0.0821,0.0804,0.0858,0.0862,0.0816,0.082,0.0814,0.0842,0.0816,0.0831,0.0851,0.0831,0.0821,0.0805,0.0848,0.0854,0.0858,0.0866,0.091,0.0878,0.0866,0.0869,0.0873,0.0867,0.0862,0.0878,0.0851,0.0862,0.0853,0.0864,0.0877,0.0896,0.0861,0.0853,0.0863,0.0884,0.0879,0.085,0.085,0.0875,0.0896,0.086,0.0868,0.0859,0.0868,0.0854,0.1003,0.0886,0.088,0.0882,0.0856,0.0862,0.0864,0.0913,0.0846,0.0868,0.0855,0.0846,0.0873,0.0859,0.085,0.0856,0.0844
,12:54:16,48,0.0865,0.0853,0.0854,0.0852,0.0849,0.0842,0.0848,0.0858,0.0855,0.0848,0.0868,0.0859,0.0887,0.0795,0.084,0.0797,0.0819,0.0809,0.0809,0.0804,0.0824,0.082,0.0817,0.0856,0.0857,0.0798,0.0812,0.0836,0.0789,0.0795,0.0805,0.083,0.0828,0.0816,0.0796,0.085,0.0854,0.0809,0.0809,0.0815,0.0839,0.0814,0.0822,0.0841,0.0823,0.0811,0.0799,0.084,0.085,0.0856,0.0861,0.0899,0.0866,0.0864,0.0863,0.0869,0.0855,0.0848,0.0868,0.0847,0.0854,0.0841,0.0855,0.0873,0.0889,0.0853,0.0845,0.0861,0.0872,0.0875,0.0843,0.0848,0.0865,0.0889,0.0853,0.0856,0.0851,0.0859,0.0852,0.0996,0.088,0.0872,0.0875,0.0844,0.0853,0.0856,0.0909,0.0844,0.0858,0.0847,0.0833,0.0863,0.085,0.0845,0.0851,0.0839
,12:59:16,48,0.087,0.0861,0.0859,0.0857,0.0858,0.0853,0.0866,0.0867,0.0867,0.0857,0.0875,0.0861,0.0898,0.0806,0.0846,0.081,0.0827,0.0811,0.0818,0.0814,0.0838,0.0828,0.0827,0.0864,0.0864,0.0807,0.0824,0.0839,0.0801,0.0808,0.0814,0.0837,0.0837,0.0818,0.0811,0.0858,0.0859,0.0819,0.0822,0.0818,0.0839,0.0824,0.083,0.0849,0.0831,0.0813,0.0807,0.085,0.0854,0.0861,0.0864,0.0907,0.0874,0.0865,0.0873,0.0881,0.0862,0.0861,0.0875,0.0852,0.0866,0.0853,0.0869,0.0882,0.0902,0.0866,0.0851,0.0864,0.0884,0.0889,0.0854,0.0855,0.088,0.0893,0.0865,0.0866,0.0869,0.0869,0.0855,0.1003,0.0886,0.0885,0.0882,0.0853,0.0859,0.0868,0.0917,0.0852,0.0867,0.0857,0.0846,0.0877,0.086,0.0857,0.0857,0.0842
,13:04:16,47.9,0.0865,0.0853,0.0854,0.0858,0.0851,0.0852,0.086,0.0866,0.0864,0.0856,0.0878,0.086,0.0891,0.0801,0.0846,0.0809,0.0825,0.0811,0.0816,0.0807,0.0832,0.0821,0.0821,0.0862,0.0865,0.0801,0.0821,0.0841,0.0801,0.0803,0.081,0.0835,0.0839,0.082,0.0806,0.0854,0.0855,0.0812,0.0812,0.0815,0.0837,0.082,0.0823,0.0849,0.0823,0.0813,0.0805,0.0847,0.0856,0.0857,0.0861,0.0909,0.0873,0.0861,0.0873,0.0873,0.086,0.0855,0.0875,0.0849,0.0857,0.0844,0.0861,0.088,0.0893,0.0862,0.0851,0.0858,0.0877,0.0877,0.085,0.0846,0.0869,0.0893,0.0861,0.0865,0.0856,0.0866,0.0853,0.1006,0.0884,0.0881,0.0879,0.0855,0.0855,0.0868,0.0917,0.0847,0.0863,0.0852,0.0845,0.0867,0.0854,0.0852,0.0853,0.0841
,13:09:16,48,0.0862,0.0858,0.0856,0.0857,0.0851,0.0854,0.0863,0.0868,0.086,0.0856,0.0873,0.0862,0.0895,0.0798,0.0846,0.0805,0.0827,0.0819,0.0818,0.0813,0.0826,0.0833,0.0826,0.0864,0.0863,0.0803,0.0818,0.0848,0.0798,0.0804,0.081,0.0841,0.0844,0.0823,0.0798,0.086,0.0854,0.0812,0.0815,0.0824,0.0838,0.0814,0.0834,0.0848,0.083,0.0814,0.0803,0.0848,0.0853,0.0857,0.0864,0.0902,0.0876,0.0866,0.0866,0.0875,0.0864,0.0859,0.0877,0.0849,0.0862,0.0849,0.0863,0.0878,0.0898,0.0865,0.0851,0.0863,0.0881,0.0881,0.0851,0.0856,0.0873,0.0897,0.0863,0.0865,0.086,0.0866,0.0859,0.0998,0.0886,0.0875,0.0881,0.0853,0.0857,0.0865,0.0914,0.0847,0.0868,0.0857,0.0846,0.0865,0.0855,0.085,0.0854,0.0843
,13:14:16,48,0.0867,0.0857,0.0857,0.086,0.0853,0.0858,0.0861,0.0867,0.0862,0.0855,0.0878,0.0858,0.0897,0.0803,0.0844,0.0804,0.083,0.0812,0.0821,0.0805,0.0827,0.0822,0.0824,0.0867,0.0867,0.08,0.0819,0.0846,0.0804,0.0806,0.0812,0.0839,0.0839,0.0822,0.0801,0.0856,0.0855,0.0814,0.0814,0.0818,0.0839,0.0822,0.0825,0.0851,0.0832,0.0816,0.081,0.0844,0.0855,0.0854,0.0858,0.0907,0.0873,0.0865,0.0869,0.087,0.0861,0.0858,0.0875,0.0849,0.0858,0.0852,0.0864,0.0878,0.0899,0.086,0.085,0.0864,0.0878,0.0885,0.0857,0.0856,0.087,0.0898,0.0865,0.0869,0.0859,0.0868,0.0855,0.1005,0.0887,0.0878,0.0879,0.0856,0.0861,0.0858,0.0911,0.0841,0.0871,0.0857,0.0844,0.0873,0.0858,0.0853,0.0853,0.0843
,13:19:16,48,0.0863,0.0862,0.0851,0.0851,0.0844,0.0852,0.0852,0.0858,0.0862,0.0857,0.087,0.0861,0.0892,0.0801,0.0839,0.0808,0.0823,0.081,0.0813,0.0809,0.0829,0.0824,0.0824,0.0859,0.0858,0.0797,0.0821,0.0836,0.0798,0.08,0.0802,0.0838,0.0835,0.0817,0.0802,0.0849,0.0857,0.0813,0.0814,0.0818,0.0835,0.0811,0.0828,0.0847,0.0825,0.0812,0.0804,0.0843,0.0854,0.0859,0.0858,0.0903,0.0875,0.0867,0.0861,0.0867,0.0864,0.0852,0.0876,0.085,0.0859,0.0847,0.0859,0.0871,0.0894,0.086,0.0848,0.0863,0.0877,0.0879,0.0849,0.0851,0.0871,0.089,0.0863,0.0864,0.0855,0.0869,0.0855,0.1003,0.0882,0.0879,0.0879,0.0853,0.0856,0.0858,0.0912,0.0838,0.0866,0.0854,0.0847,0.0872,0.0856,0.0849,0.0852,0.0838
,13:24:16,48,0.0869,0.086,0.0855,0.0857,0.0852,0.0852,0.0862,0.0863,0.0864,0.086,0.0877,0.0867,0.0891,0.0802,0.0843,0.0805,0.0828,0.0816,0.0819,0.0807,0.0833,0.0828,0.083,0.0867,0.086,0.0801,0.0817,0.0839,0.08,0.0804,0.0805,0.084,0.0835,0.082,0.0812,0.0856,0.0858,0.0818,0.0817,0.0814,0.0837,0.0818,0.083,0.0854,0.0823,0.0811,0.0807,0.0848,0.0854,0.0862,0.0859,0.0905,0.0876,0.0866,0.0867,0.0877,0.0862,0.086,0.0878,0.0851,0.0866,0.0851,0.0866,0.0874,0.09,0.0858,0.0851,0.0867,0.0879,0.0886,0.0856,0.0857,0.0873,0.0894,0.0865,0.087,0.086,0.0868,0.0862,0.1001,0.0889,0.088,0.0884,0.0849,0.0859,0.0865,0.0913,0.0847,0.0866,0.0859,0.0844,0.0871,0.0859,0.085,0.0852,0.0842
,13:29:16,47.9,0.0863,0.086,0.0852,0.0854,0.0846,0.0852,0.0859,0.0862,0.086,0.0853,0.0872,0.086,0.0888,0.0798,0.0846,0.0802,0.0822,0.0806,0.0811,0.0807,0.083,0.0822,0.0825,0.0858,0.086,0.0796,0.0823,0.0834,0.0798,0.0797,0.0807,0.084,0.0839,0.0814,0.08,0.0851,0.085,0.0812,0.0816,0.0817,0.0835,0.0815,0.083,0.0849,0.0828,0.0807,0.0798,0.0843,0.085,0.0855,0.0857,0.0902,0.0874,0.0868,0.0865,0.0871,0.086,0.0859,0.0873,0.0851,0.0858,0.0845,0.0862,0.0873,0.0896,0.0857,0.0852,0.086,0.0879,0.0882,0.0845,0.0849,0.0866,0.0891,0.0856,0.086,0.0859,0.0866,0.0857,0.1,0.0883,0.0877,0.0878,0.0847,0.0856,0.0857,0.0912,0.0841,0.0867,0.0851,0.0845,0.0866,0.0857,0.0849,0.0854,0.0845
,13:34:16,48,0.0866,0.0852,0.0853,0.0855,0.0845,0.0848,0.0859,0.0861,0.086,0.0856,0.087,0.0857,0.092,0.0799,0.084,0.0803,0.0824,0.0804,0.0815,0.0808,0.0832,0.0818,0.0825,0.0863,0.0858,0.0795,0.0818,0.0832,0.0799,0.0805,0.0802,0.0834,0.0837,0.0818,0.0802,0.0851,0.0858,0.0812,0.0816,0.0816,0.0836,0.0812,0.0829,0.0849,0.0827,0.0809,0.0802,0.0843,0.085,0.0858,0.0857,0.0903,0.0874,0.0864,0.0867,0.0872,0.0861,0.0858,0.0874,0.0845,0.0858,0.0845,0.0857,0.0875,0.0894,0.0862,0.0847,0.0862,0.0877,0.0878,0.085,0.0854,0.0872,0.0884,0.086,0.0862,0.0854,0.0864,0.0857,0.1001,0.0881,0.0883,0.0876,0.0846,0.0861,0.0865,0.0911,0.0842,0.0866,0.0853,0.0844,0.0872,0.0859,0.0848,0.0857,0.084
,13:39:16,48,0.086,0.0853,0.0849,0.0857,0.0846,0.085,0.0857,0.0862,0.0862,0.0851,0.0867,0.0861,0.0888,0.0802,0.0845,0.08,0.0821,0.0809,0.0815,0.081,0.0825,0.0823,0.0825,0.0858,0.086,0.0798,0.0819,0.0832,0.0801,0.0801,0.0802,0.0831,0.0833,0.0814,0.0804,0.0851,0.0852,0.0807,0.0814,0.0814,0.0832,0.0818,0.0827,0.0845,0.0825,0.0813,0.08,0.0845,0.085,0.0857,0.0859,0.0906,0.0872,0.0865,0.0865,0.0875,0.0861,0.0853,0.0874,0.085,0.086,0.084,0.0862,0.0875,0.0895,0.086,0.0847,0.0858,0.0875,0.0878,0.0849,0.0847,0.0871,0.0894,0.0859,0.0865,0.086,0.0864,0.0854,0.0996,0.0882,0.0873,0.0878,0.0854,0.0858,0.0858,0.0906,0.0841,0.0866,0.0854,0.0845,0.0864,0.0857,0.0847,0.085,0.0842
,13:44:16,48,0.0862,0.0862,0.0854,0.0862,0.085,0.0856,0.0861,0.0864,0.0864,0.0858,0.0873,0.0863,0.0895,0.0799,0.0846,0.0806,0.083,0.0817,0.0819,0.0809,0.0832,0.0825,0.0824,0.0868,0.0862,0.0806,0.0818,0.0837,0.0794,0.0806,0.0812,0.0838,0.0833,0.0821,0.0801,0.0849,0.0863,0.0817,0.0815,0.0815,0.0835,0.0822,0.083,0.0849,0.0826,0.0814,0.0803,0.0848,0.0853,0.086,0.0864,0.0909,0.0881,0.0866,0.0869,0.0876,0.0865,0.0859,0.0876,0.0849,0.0865,0.0853,0.0866,0.0876,0.0896,0.0866,0.085,0.0864,0.0884,0.0879,0.0851,0.0854,0.0869,0.0891,0.0867,0.0868,0.0865,0.0867,0.0851,0.1005,0.0889,0.0879,0.088,0.0856,0.0862,0.0866,0.0912,0.085,0.0873,0.0858,0.0845,0.0872,0.0857,0.0851,0.0852,0.0842
,13:49:16,48,0.0869,0.0857,0.0854,0.0858,0.085,0.0858,0.0862,0.0867,0.0866,0.0857,0.0872,0.0864,0.0894,0.0807,0.0846,0.0811,0.0826,0.0813,0.0823,0.0808,0.0834,0.0826,0.0827,0.0868,0.0865,0.0805,0.0821,0.084,0.0803,0.0803,0.0812,0.0843,0.0839,0.0821,0.0808,0.0855,0.0862,0.0817,0.0817,0.0818,0.0836,0.0825,0.0829,0.0852,0.0829,0.0815,0.0807,0.0851,0.0858,0.086,0.0862,0.0904,0.088,0.0865,0.0873,0.0881,0.0862,0.0857,0.0875,0.0858,0.0863,0.0852,0.0863,0.0879,0.0899,0.0864,0.085,0.0862,0.088,0.0885,0.0853,0.0852,0.0875,0.0893,0.0857,0.0873,0.0862,0.0869,0.086,0.1002,0.0888,0.0883,0.0885,0.0856,0.086,0.0864,0.0915,0.085,0.0865,0.0857,0.0851,0.0869,0.0859,0.0853,0.0853,0.0844
,13:54:16,48,0.0861,0.0853,0.0853,0.0856,0.0844,0.0851,0.0854,0.0859,0.0855,0.0847,0.0872,0.0854,0.0888,0.0794,0.0838,0.0798,0.0826,0.0805,0.0811,0.0807,0.0822,0.082,0.0819,0.086,0.0858,0.0796,0.0814,0.0839,0.0796,0.0797,0.0804,0.0831,0.0832,0.0813,0.0798,0.0848,0.0852,0.0807,0.0815,0.0808,0.0837,0.0818,0.0827,0.0844,0.0824,0.0807,0.0797,0.0844,0.0847,0.0856,0.0858,0.0899,0.0875,0.0858,0.0867,0.0866,0.0854,0.0855,0.0873,0.0844,0.0861,0.0843,0.086,0.0873,0.0894,0.0859,0.0846,0.0857,0.0876,0.0875,0.0846,0.0849,0.0868,0.0889,0.0858,0.0863,0.0855,0.0862,0.0846,0.0994,0.088,0.0873,0.0873,0.085,0.0856,0.0859,0.091,0.0843,0.0864,0.085,0.0846,0.0863,0.0857,0.0851,0.0851,0.0842
,13:59:16,47.9,0.0872,0.0859,0.0863,0.0858,0.0854,0.0859,0.0861,0.087,0.0872,0.0858,0.0878,0.0864,0.0898,0.0804,0.0852,0.0809,0.083,0.0813,0.082,0.0808,0.0835,0.0825,0.0831,0.0866,0.087,0.0799,0.082,0.0837,0.08,0.0806,0.081,0.084,0.0846,0.0818,0.0811,0.0862,0.0855,0.0817,0.0821,0.0821,0.0839,0.0819,0.0833,0.0856,0.0828,0.0816,0.0807,0.0847,0.0858,0.0862,0.087,0.0907,0.0877,0.0871,0.0868,0.0878,0.0867,0.0861,0.0876,0.0853,0.0861,0.0858,0.0865,0.0878,0.0897,0.0861,0.0852,0.0861,0.0882,0.0888,0.0853,0.0857,0.0876,0.0895,0.0862,0.087,0.0861,0.0873,0.0859,0.1004,0.0884,0.0886,0.0886,0.0853,0.0861,0.0868,0.0914,0.0853,0.0868,0.0858,0.085,0.0871,0.0856,0.0851,0.0854,0.0846
,14:04:16,48,0.0863,0.085,0.0853,0.0852,0.0843,0.085,0.085,0.0859,0.0855,0.0852,0.0868,0.086,0.0883,0.0797,0.0839,0.0799,0.0831,0.0803,0.0812,0.0807,0.0825,0.0822,0.0819,0.086,0.0856,0.08,0.0817,0.0833,0.0795,0.0802,0.0804,0.083,0.083,0.0816,0.0793,0.0851,0.0851,0.08,0.0808,0.0813,0.0833,0.0811,0.0823,0.084,0.0825,0.081,0.0797,0.0847,0.0849,0.0853,0.0855,0.0897,0.0868,0.086,0.0864,0.0864,0.0856,0.0854,0.0869,0.0844,0.0852,0.0842,0.0861,0.0869,0.0892,0.0857,0.0841,0.0861,0.0882,0.0879,0.0844,0.0851,0.0869,0.0884,0.0861,0.0859,0.0855,0.0861,0.0858,0.0992,0.0879,0.0872,0.0872,0.0854,0.0852,0.0855,0.0907,0.0845,0.0865,0.0844,0.0841,0.0871,0.0855,0.0849,0.0845,0.0842
,14:09:16,47.9,0.0859,0.0852,0.0854,0.0854,0.0843,0.0847,0.0861,0.0862,0.0863,0.0844,0.0866,0.0855,0.0888,0.0802,0.084,0.0802,0.082,0.0813,0.0809,0.0807,0.0827,0.0821,0.0825,0.0862,0.0857,0.0797,0.0815,0.0829,0.0792,0.0796,0.0806,0.0832,0.0831,0.0816,0.08,0.0857,0.0849,0.0808,0.0808,0.0813,0.0835,0.0817,0.0826,0.0842,0.0825,0.0811,0.0798,0.0842,0.0848,0.0856,0.086,0.0899,0.0873,0.0859,0.0862,0.0868,0.0861,0.0856,0.087,0.0848,0.086,0.0847,0.0856,0.0872,0.0892,0.0857,0.0845,0.0862,0.0875,0.0882,0.0846,0.0848,0.0871,0.0884,0.0856,0.0862,0.0859,0.0861,0.0853,0.0995,0.0878,0.0874,0.0875,0.0846,0.085,0.0861,0.0908,0.0837,0.0865,0.0852,0.0841,0.0865,0.0855,0.0847,0.0852,0.084
,14:14:16,48,0.0861,0.0852,0.0854,0.0857,0.0849,0.0849,0.0858,0.0858,0.0861,0.0855,0.0869,0.0856,0.0893,0.0801,0.0841,0.0804,0.0823,0.0806,0.0815,0.0805,0.0823,0.0821,0.0824,0.0865,0.0855,0.0803,0.0815,0.0832,0.0793,0.0796,0.0814,0.0831,0.0833,0.0812,0.0801,0.0855,0.0856,0.0812,0.081,0.0812,0.0834,0.0817,0.0825,0.0847,0.0826,0.0811,0.0805,0.0844,0.0853,0.086,0.0858,0.0902,0.0875,0.0859,0.0864,0.0866,0.0862,0.0859,0.0873,0.0844,0.0857,0.0843,0.0858,0.087,0.089,0.0859,0.0846,0.0858,0.0877,0.0877,0.0847,0.0849,0.0867,0.0894,0.0858,0.0868,0.0858,0.0864,0.0853,0.1,0.0878,0.0876,0.0873,0.0848,0.0857,0.0862,0.0914,0.084,0.0868,0.085,0.0841,0.0865,0.0854,0.0849,0.0846,0.0845
,14:19:16,48,0.0858,0.0856,0.0854,0.0856,0.0849,0.0847,0.0856,0.0867,0.0865,0.0856,0.0871,0.086,0.0886,0.0797,0.0841,0.0801,0.082,0.0808,0.0814,0.0801,0.0825,0.082,0.0819,0.0857,0.0866,0.0796,0.0815,0.0829,0.08,0.0797,0.0804,0.0834,0.0833,0.0815,0.0805,0.085,0.0855,0.081,0.0815,0.0813,0.0837,0.0813,0.0819,0.0851,0.0823,0.081,0.0797,0.0844,0.0853,0.0857,0.0857,0.0901,0.0874,0.0867,0.0867,0.0873,0.0859,0.0857,0.0871,0.0847,0.086,0.0848,0.0859,0.0878,0.0889,0.0856,0.0846,0.0866,0.0882,0.0878,0.0849,0.0848,0.0872,0.0891,0.0859,0.0858,0.0857,0.0861,0.0855,0.0997,0.0879,0.0881,0.0881,0.0852,0.085,0.0863,0.0909,0.0847,0.0865,0.0855,0.0844,0.0867,0.0857,0.085,0.0851,0.0842
,14:24:16,47.9,0.086,0.0861,0.0856,0.0856,0.0849,0.0851,0.0859,0.0862,0.0864,0.0854,0.0871,0.0857,0.089,0.0801,0.0842,0.0806,0.0826,0.081,0.0817,0.0806,0.0828,0.0825,0.0828,0.0861,0.0862,0.0802,0.0818,0.0836,0.0798,0.0803,0.0808,0.0835,0.0836,0.0817,0.0807,0.0855,0.0853,0.0818,0.0814,0.0817,0.0843,0.0821,0.0825,0.0846,0.083,0.081,0.0804,0.0844,0.0852,0.0862,0.0859,0.0905,0.0876,0.0868,0.0868,0.0871,0.0858,0.0856,0.087,0.0845,0.0861,0.085,0.0859,0.0875,0.0896,0.0865,0.0847,0.086,0.0884,0.0879,0.0849,0.0848,0.0873,0.0891,0.086,0.0861,0.0864,0.0866,0.0851,0.0996,0.0881,0.0874,0.0884,0.0854,0.0857,0.0863,0.0914,0.085,0.0864,0.0853,0.0841,0.0867,0.0857,0.0851,0.0851,0.0841
,14:29:16,48,0.0868,0.0856,0.0856,0.0861,0.0846,0.0855,0.0863,0.0864,0.0865,0.0852,0.0874,0.0865,0.0896,0.0804,0.085,0.0809,0.0827,0.0811,0.0819,0.0809,0.0832,0.0824,0.0831,0.0867,0.0864,0.0798,0.0822,0.083,0.0798,0.0803,0.0811,0.0839,0.0844,0.0817,0.0803,0.0853,0.0854,0.0813,0.0816,0.0817,0.084,0.0817,0.083,0.0852,0.0828,0.0818,0.0805,0.085,0.0857,0.0859,0.0864,0.0912,0.0873,0.087,0.0866,0.0876,0.0865,0.0857,0.0879,0.0851,0.0862,0.0848,0.0864,0.0875,0.0893,0.0865,0.085,0.0861,0.0885,0.0881,0.0854,0.0857,0.0872,0.0892,0.0866,0.0869,0.0867,0.0868,0.0857,0.1001,0.0888,0.0885,0.0879,0.0853,0.0854,0.0866,0.0914,0.0844,0.0873,0.0857,0.0849,0.0867,0.0859,0.0857,0.0854,0.0847
,14:34:16,47.9,0.0864,0.0853,0.085,0.0855,0.0844,0.085,0.0856,0.0863,0.0858,0.0854,0.0869,0.0859,0.0891,0.0802,0.0839,0.0803,0.0828,0.0804,0.0817,0.0805,0.0833,0.0818,0.0825,0.0858,0.086,0.0796,0.0818,0.0832,0.0802,0.0801,0.0799,0.083,0.0837,0.0817,0.0803,0.0849,0.085,0.0807,0.081,0.0816,0.0834,0.0818,0.0823,0.0848,0.0821,0.0815,0.0803,0.0848,0.0846,0.0856,0.0854,0.0904,0.0872,0.0865,0.0864,0.0872,0.0856,0.0856,0.0873,0.0851,0.0861,0.0844,0.0857,0.0874,0.0889,0.0857,0.0847,0.0863,0.088,0.0878,0.0848,0.0852,0.0869,0.0889,0.0857,0.0858,0.0858,0.0863,0.0852,0.0994,0.0878,0.0874,0.088,0.0854,0.0855,0.0859,0.091,0.0845,0.086,0.0849,0.084,0.0866,0.086,0.0847,0.085,0.0839
,14:39:16,48,0.0868,0.0859,0.0857,0.0861,0.0847,0.0846,0.0857,0.0866,0.0866,0.0853,0.0875,0.0866,0.0895,0.08,0.0845,0.0808,0.0826,0.081,0.082,0.0808,0.0825,0.0824,0.0823,0.0859,0.0866,0.0801,0.0817,0.0838,0.0802,0.0799,0.0802,0.0836,0.0829,0.0817,0.0804,0.0851,0.0852,0.0807,0.0812,0.0812,0.0833,0.0821,0.0828,0.0851,0.0825,0.0817,0.0803,0.0847,0.0855,0.086,0.0864,0.0905,0.0874,0.087,0.0868,0.0874,0.0862,0.0855,0.0876,0.0849,0.086,0.085,0.0862,0.0876,0.0896,0.0858,0.0849,0.0859,0.088,0.0878,0.0847,0.0851,0.0869,0.0893,0.0862,0.0864,0.0862,0.0867,0.0854,0.0995,0.0884,0.0882,0.0881,0.0853,0.0859,0.0865,0.0914,0.0845,0.0869,0.0854,0.0847,0.0872,0.0859,0.0853,0.0852,0.0842
,14:44:16,48,0.0861,0.085,0.0852,0.0853,0.0848,0.085,0.0861,0.0858,0.0853,0.0851,0.0868,0.0854,0.0887,0.0798,0.0838,0.0798,0.0827,0.0815,0.0816,0.0808,0.0832,0.082,0.0826,0.0855,0.0859,0.0796,0.0813,0.0831,0.0793,0.0795,0.08,0.0832,0.0835,0.0816,0.0799,0.0853,0.0851,0.0813,0.0812,0.0813,0.083,0.0817,0.0827,0.0847,0.0823,0.0814,0.0798,0.0843,0.085,0.0852,0.0858,0.0901,0.0875,0.0866,0.0866,0.0868,0.0858,0.0853,0.0869,0.0841,0.086,0.0845,0.0857,0.087,0.0897,0.0857,0.0845,0.0859,0.0881,0.0872,0.0851,0.085,0.0868,0.0889,0.0855,0.0867,0.0856,0.0868,0.0854,0.0995,0.0878,0.0878,0.0878,0.0852,0.0857,0.086,0.0907,0.0842,0.0862,0.0856,0.0844,0.0862,0.0853,0.0852,0.0846,0.0839
,14:49:16,48,0.0859,0.0856,0.0853,0.0853,0.0845,0.0851,0.0857,0.0858,0.0857,0.0853,0.0872,0.0853,0.0887,0.0799,0.0847,0.08,0.0817,0.0809,0.081,0.0803,0.0829,0.0824,0.0824,0.0861,0.0854,0.0798,0.0814,0.0831,0.08,0.0796,0.0801,0.0833,0.0833,0.0815,0.0799,0.0853,0.085,0.0806,0.0808,0.0809,0.0833,0.0817,0.0827,0.0849,0.0822,0.0811,0.0801,0.0845,0.0849,0.0858,0.0855,0.09,0.0869,0.0863,0.087,0.0867,0.0857,0.085,0.0868,0.0843,0.0855,0.0847,0.0857,0.087,0.0888,0.0858,0.0849,0.0856,0.0875,0.0875,0.0845,0.0852,0.0866,0.0882,0.0858,0.0864,0.0858,0.0865,0.0848,0.0995,0.0881,0.0876,0.0875,0.0853,0.0857,0.0854,0.0906,0.0846,0.086,0.0854,0.0841,0.0869,0.0852,0.0847,0.0847,0.0837
,14:54:16,48,0.0865,0.086,0.0853,0.0858,0.0853,0.0853,0.086,0.0862,0.0861,0.0859,0.0875,0.0859,0.089,0.0804,0.0845,0.0803,0.0826,0.0812,0.0821,0.0811,0.0833,0.0825,0.083,0.0861,0.0864,0.0801,0.0815,0.0833,0.0798,0.0807,0.0809,0.0837,0.0837,0.0823,0.0802,0.0858,0.0862,0.0811,0.0815,0.0813,0.0836,0.0819,0.0832,0.0852,0.0827,0.0815,0.0807,0.0852,0.0859,0.0861,0.0866,0.0903,0.0879,0.0871,0.0864,0.0872,0.086,0.0863,0.0873,0.0853,0.0862,0.0849,0.0862,0.0877,0.09,0.0867,0.0847,0.0863,0.0882,0.0884,0.085,0.0855,0.0874,0.0891,0.0866,0.0863,0.0863,0.0872,0.0853,0.1,0.0882,0.0883,0.0879,0.0859,0.0858,0.0865,0.0914,0.0849,0.0867,0.0851,0.0847,0.0869,0.0855,0.0853,0.0852,0.0844
,14:59:16,48,0.087,0.0864,0.086,0.0862,0.0851,0.0854,0.0862,0.0864,0.0869,0.0853,0.0879,0.0861,0.0898,0.0804,0.0846,0.0814,0.0832,0.0816,0.082,0.0808,0.0836,0.0829,0.0827,0.0866,0.0862,0.0804,0.0821,0.0849,0.0804,0.0808,0.0806,0.0841,0.0838,0.0821,0.0803,0.0857,0.0859,0.0814,0.0821,0.0816,0.084,0.0824,0.0829,0.0854,0.0834,0.0819,0.0805,0.0849,0.0857,0.0859,0.0862,0.0906,0.0874,0.0867,0.0867,0.0877,0.0862,0.0862,0.0872,0.085,0.0861,0.0852,0.0862,0.0876,0.0896,0.0863,0.0854,0.0867,0.0882,0.0881,0.0854,0.0862,0.0877,0.0891,0.0864,0.0868,0.0863,0.087,0.0857,0.1004,0.0888,0.0878,0.0881,0.0855,0.0858,0.0867,0.0916,0.0846,0.0869,0.0855,0.0848,0.0875,0.0863,0.0855,0.0857,0.0844
,15:04:16,47.9,0.0862,0.0852,0.0851,0.0854,0.0844,0.0847,0.0855,0.0859,0.0861,0.0857,0.0867,0.0858,0.0889,0.0801,0.0839,0.08,0.0825,0.0815,0.0814,0.0803,0.0827,0.0821,0.0824,0.086,0.0862,0.0796,0.0815,0.0836,0.0793,0.08,0.081,0.0837,0.0836,0.0814,0.0799,0.0847,0.0852,0.0807,0.0815,0.0811,0.0839,0.0816,0.0826,0.0845,0.0823,0.0809,0.0803,0.0841,0.0854,0.0855,0.0858,0.0903,0.087,0.0863,0.0863,0.087,0.0862,0.086,0.0868,0.085,0.086,0.085,0.0858,0.0871,0.0896,0.0856,0.0845,0.0861,0.0877,0.0876,0.0852,0.0855,0.0871,0.0892,0.086,0.0864,0.0858,0.0866,0.085,0.0998,0.0883,0.0875,0.0883,0.0852,0.0858,0.0866,0.0909,0.0846,0.0866,0.0853,0.0844,0.0866,0.0856,0.0851,0.0849,0.084
,15:09:16,48,0.0861,0.0857,0.0859,0.086,0.0855,0.0847,0.0858,0.0864,0.0861,0.0858,0.0874,0.0861,0.0887,0.0804,0.0845,0.0803,0.0835,0.0815,0.0816,0.0813,0.0832,0.0829,0.0826,0.0865,0.0863,0.0799,0.0824,0.0832,0.08,0.0802,0.081,0.0839,0.0838,0.0821,0.0804,0.0857,0.0855,0.081,0.0817,0.082,0.0835,0.0823,0.0827,0.0848,0.0827,0.0812,0.0803,0.0843,0.0859,0.0858,0.086,0.0909,0.0879,0.0866,0.0868,0.0876,0.0862,0.0857,0.0876,0.0847,0.086,0.0851,0.0862,0.0876,0.09,0.0861,0.0851,0.0867,0.0879,0.0878,0.0845,0.0857,0.0875,0.0889,0.0864,0.0864,0.0861,0.0871,0.0856,0.1001,0.0883,0.0877,0.0883,0.0854,0.086,0.0859,0.0907,0.0852,0.0864,0.0857,0.0841,0.0869,0.0859,0.0853,0.0857,0.0845
,15:14:16,47.9,0.0871,0.0861,0.086,0.0859,0.0857,0.086,0.0862,0.0868,0.0865,0.0861,0.0879,0.0863,0.0894,0.0806,0.0845,0.0805,0.0832,0.0813,0.0819,0.0812,0.0833,0.083,0.0828,0.0866,0.0867,0.0805,0.0818,0.0842,0.08,0.081,0.0814,0.0837,0.0836,0.0819,0.081,0.0861,0.0862,0.0815,0.0818,0.0818,0.084,0.0826,0.0833,0.0852,0.0828,0.0821,0.0805,0.085,0.0859,0.086,0.0871,0.0906,0.0876,0.0872,0.0868,0.0876,0.0863,0.0865,0.0879,0.0854,0.087,0.0853,0.0864,0.0882,0.0898,0.087,0.0852,0.0864,0.0886,0.088,0.0853,0.0855,0.0872,0.0894,0.0864,0.087,0.086,0.0869,0.0864,0.1001,0.0891,0.0886,0.0889,0.0852,0.0861,0.0871,0.0919,0.0851,0.0868,0.0857,0.085,0.0876,0.0862,0.0852,0.0859,0.0844
,15:19:16,48,0.0864,0.0862,0.0857,0.0854,0.0847,0.0854,0.0857,0.0864,0.0865,0.0851,0.0876,0.0864,0.0889,0.0802,0.0846,0.0804,0.0823,0.0811,0.0817,0.08,0.0826,0.0827,0.0824,0.0866,0.0858,0.0803,0.0819,0.0835,0.08,0.0805,0.0805,0.0833,0.0835,0.0821,0.08,0.0852,0.0854,0.0814,0.0817,0.0817,0.0835,0.0819,0.0826,0.0848,0.0829,0.0811,0.0804,0.0852,0.085,0.0862,0.0865,0.0904,0.0871,0.0864,0.0867,0.0876,0.086,0.0855,0.0873,0.0853,0.0862,0.0848,0.0865,0.0878,0.0897,0.0855,0.085,0.0863,0.0878,0.0875,0.0848,0.0852,0.0874,0.0888,0.0864,0.0861,0.086,0.0867,0.0857,0.1,0.0885,0.0881,0.0879,0.0848,0.0858,0.0862,0.0913,0.0845,0.0863,0.0852,0.0847,0.0866,0.0855,0.085,0.0851,0.0845
,15:24:16,47.9,0.0871,0.086,0.0853,0.0856,0.0852,0.0856,0.0865,0.0863,0.0868,0.0855,0.0874,0.0864,0.0891,0.0798,0.0844,0.0812,0.0831,0.0813,0.0821,0.0813,0.0835,0.0831,0.0827,0.0864,0.0867,0.0801,0.0819,0.0844,0.0802,0.0807,0.0811,0.0842,0.0835,0.0821,0.0802,0.0855,0.0857,0.0819,0.0816,0.0815,0.0837,0.0816,0.0834,0.0854,0.0824,0.0819,0.0809,0.0846,0.0853,0.0859,0.0868,0.0906,0.0877,0.0864,0.0869,0.0873,0.0863,0.0866,0.0875,0.0853,0.0864,0.0852,0.0862,0.0875,0.0895,0.086,0.0851,0.0864,0.0883,0.088,0.0853,0.0854,0.0877,0.0895,0.0866,0.0866,0.0866,0.0868,0.0859,0.0999,0.0882,0.0883,0.0886,0.0858,0.0859,0.0864,0.0913,0.0844,0.0862,0.0858,0.0848,0.0871,0.0859,0.0849,0.0851,0.0847
,15:29:16,48,0.0866,0.0851,0.085,0.0852,0.0849,0.0847,0.0854,0.0859,0.0859,0.0853,0.087,0.0857,0.0894,0.0795,0.0841,0.0807,0.0834,0.0808,0.0814,0.0804,0.0826,0.0819,0.0818,0.0857,0.0862,0.0799,0.0819,0.083,0.0797,0.0793,0.0804,0.0836,0.0835,0.0819,0.0802,0.085,0.0851,0.0812,0.0808,0.0812,0.083,0.0814,0.0823,0.0846,0.0821,0.0815,0.0802,0.0846,0.0852,0.0853,0.0864,0.0897,0.0872,0.0863,0.0867,0.0866,0.0861,0.0857,0.0874,0.0846,0.0858,0.0844,0.0861,0.0876,0.0893,0.0856,0.0846,0.0857,0.0879,0.0872,0.0845,0.0847,0.0863,0.0883,0.0856,0.0867,0.0857,0.0863,0.0848,0.0994,0.088,0.0879,0.0873,0.0853,0.0857,0.0863,0.091,0.0846,0.0863,0.0853,0.0845,0.0869,0.0851,0.0847,0.0852,0.0837
,15:34:16,47.9,0.0868,0.0859,0.0859,0.0859,0.0857,0.0854,0.0862,0.0864,0.0863,0.0858,0.0884,0.0864,0.0899,0.08,0.0851,0.0811,0.0831,0.0814,0.0819,0.081,0.0838,0.0826,0.0827,0.0864,0.0865,0.0799,0.0824,0.0841,0.0804,0.0806,0.0811,0.0844,0.0843,0.0826,0.0807,0.0857,0.0857,0.0819,0.0819,0.0819,0.0839,0.0822,0.0832,0.0851,0.0832,0.0819,0.0809,0.0852,0.0859,0.0861,0.0866,0.0908,0.0884,0.087,0.0874,0.088,0.0864,0.0863,0.0877,0.085,0.0864,0.0854,0.0864,0.0876,0.0898,0.0866,0.0859,0.0869,0.0886,0.0882,0.085,0.0858,0.0878,0.0895,0.0867,0.0863,0.0861,0.0869,0.0858,0.0999,0.0886,0.0882,0.0887,0.0858,0.0862,0.0866,0.0915,0.0848,0.0871,0.0854,0.0848,0.0867,0.0867,0.0853,0.0857,0.0847
,15:39:16,48,0.087,0.0865,0.0859,0.0861,0.0853,0.0858,0.0866,0.0871,0.0864,0.0858,0.0877,0.0863,0.0896,0.08,0.085,0.0811,0.0831,0.082,0.0825,0.0809,0.0832,0.0824,0.0827,0.0868,0.0867,0.0802,0.0823,0.0836,0.08,0.0808,0.0807,0.0848,0.0839,0.0827,0.0805,0.0858,0.0858,0.0817,0.0817,0.0822,0.0844,0.0822,0.0829,0.0858,0.0833,0.0816,0.0808,0.0855,0.0855,0.0867,0.0865,0.091,0.0879,0.0869,0.0869,0.0878,0.087,0.0861,0.0874,0.0852,0.0864,0.0853,0.0865,0.0877,0.0899,0.0867,0.0849,0.0868,0.0881,0.0881,0.0856,0.0852,0.088,0.089,0.0866,0.0865,0.0866,0.0869,0.0862,0.0998,0.0892,0.0883,0.0884,0.0854,0.0855,0.0864,0.0916,0.0853,0.0873,0.0863,0.0847,0.0874,0.0858,0.0853,0.0857,0.0844
,15:44:16,48,0.0857,0.0851,0.085,0.0856,0.0847,0.0847,0.0854,0.086,0.0859,0.086,0.0876,0.0855,0.0886,0.0801,0.0843,0.0806,0.0827,0.0804,0.0819,0.0801,0.0827,0.082,0.0821,0.0859,0.0859,0.0796,0.0814,0.0831,0.0797,0.0801,0.08,0.0838,0.0837,0.0813,0.0805,0.0851,0.0853,0.0814,0.0814,0.0813,0.0833,0.0815,0.0827,0.0846,0.0824,0.0816,0.0803,0.0844,0.0846,0.0856,0.0856,0.0904,0.0875,0.0862,0.0863,0.0874,0.0863,0.086,0.0875,0.0841,0.0857,0.0847,0.086,0.087,0.0891,0.0856,0.0847,0.0861,0.0875,0.0876,0.0849,0.0853,0.0865,0.0891,0.0858,0.0863,0.086,0.0864,0.0853,0.0994,0.0879,0.087,0.0876,0.0854,0.0854,0.0862,0.0913,0.0842,0.0865,0.085,0.0843,0.0867,0.0858,0.0843,0.0851,0.0835
,15:49:16,48,0.0869,0.0861,0.0863,0.0858,0.0857,0.0857,0.0864,0.087,0.0865,0.0858,0.0874,0.0864,0.0892,0.0808,0.0848,0.0809,0.0829,0.0818,0.0821,0.0812,0.0835,0.0827,0.0831,0.0868,0.0866,0.08,0.0826,0.0836,0.0804,0.0806,0.0813,0.0844,0.0835,0.0826,0.0808,0.0862,0.0856,0.0818,0.082,0.082,0.0844,0.0827,0.083,0.0857,0.0832,0.082,0.0804,0.0854,0.0853,0.0861,0.086,0.0912,0.0879,0.0869,0.0876,0.0879,0.0864,0.0861,0.0881,0.0856,0.0866,0.0853,0.0864,0.0875,0.0894,0.0866,0.0852,0.0867,0.0884,0.0882,0.0855,0.0861,0.0874,0.0897,0.0863,0.087,0.0862,0.0874,0.0857,0.1001,0.0885,0.088,0.0883,0.0856,0.0863,0.0867,0.0918,0.0851,0.0873,0.0863,0.0852,0.087,0.0864,0.0854,0.0856,0.0845
,15:54:16,48,0.0867,0.0863,0.0855,0.0865,0.0854,0.0851,0.086,0.0865,0.0863,0.0857,0.0874,0.0858,0.089,0.0801,0.0847,0.0803,0.0829,0.0809,0.082,0.0806,0.0831,0.0824,0.0823,0.0863,0.0867,0.0803,0.082,0.0837,0.08,0.0805,0.0811,0.0838,0.0838,0.0822,0.0808,0.0856,0.0863,0.0811,0.0811,0.0815,0.0836,0.0822,0.083,0.085,0.083,0.0815,0.0802,0.0847,0.0852,0.0859,0.0867,0.0913,0.0873,0.0868,0.0868,0.0879,0.0858,0.0856,0.0879,0.0848,0.0868,0.0849,0.0868,0.0878,0.0899,0.0862,0.0847,0.0862,0.0884,0.0878,0.0857,0.0859,0.0872,0.0892,0.0857,0.0863,0.0855,0.0866,0.0857,0.0996,0.0886,0.0877,0.0884,0.0854,0.0863,0.0862,0.0916,0.0848,0.0867,0.0855,0.0845,0.0866,0.0858,0.0853,0.0855,0.0844
,15:59:16,48,0.0866,0.0856,0.0853,0.0858,0.0849,0.0851,0.086,0.0863,0.0864,0.0854,0.087,0.0859,0.0895,0.0801,0.0846,0.081,0.0823,0.0814,0.0819,0.0803,0.0827,0.0826,0.0826,0.0862,0.0857,0.0804,0.0824,0.0844,0.0799,0.0805,0.0811,0.0838,0.0835,0.0815,0.0801,0.0855,0.0853,0.0812,0.0815,0.0818,0.0837,0.0825,0.0825,0.0846,0.0828,0.0813,0.0807,0.0845,0.0851,0.0857,0.0862,0.0904,0.0878,0.0867,0.0871,0.0872,0.086,0.086,0.0873,0.0852,0.0859,0.0847,0.086,0.0875,0.089,0.0862,0.0851,0.086,0.0884,0.0878,0.0852,0.0852,0.0878,0.0893,0.086,0.0863,0.0861,0.0865,0.085,0.1,0.088,0.0878,0.0885,0.0856,0.086,0.0861,0.0917,0.0851,0.0872,0.0854,0.085,0.0866,0.0855,0.085,0.0857,0.084
,16:04:16,48,0.087,0.0862,0.0862,0.0857,0.085,0.0855,0.0862,0.0866,0.0867,0.0855,0.0872,0.0867,0.0896,0.0805,0.0848,0.0807,0.0833,0.0813,0.0822,0.0806,0.0834,0.0829,0.0822,0.0864,0.086,0.0807,0.0826,0.0844,0.0804,0.0801,0.0813,0.0844,0.0836,0.0822,0.0805,0.0855,0.0857,0.0817,0.0819,0.0819,0.0839,0.0822,0.0829,0.0852,0.0826,0.0815,0.0807,0.0849,0.0859,0.0864,0.0863,0.0906,0.0875,0.0869,0.0867,0.0871,0.0862,0.0863,0.0879,0.0849,0.0866,0.0851,0.0863,0.0875,0.0901,0.0863,0.0857,0.0861,0.0882,0.0879,0.0853,0.0856,0.0876,0.0888,0.0866,0.0866,0.0861,0.0873,0.0856,0.0996,0.0888,0.0877,0.0881,0.0857,0.0859,0.0866,0.0916,0.0849,0.0866,0.0859,0.0846,0.0872,0.0858,0.0856,0.0853,0.0846
,16:09:16,48,0.087,0.0859,0.086,0.086,0.0855,0.0851,0.086,0.0864,0.0866,0.0853,0.0876,0.0862,0.0892,0.0801,0.0848,0.081,0.0827,0.0816,0.0822,0.0806,0.0831,0.0829,0.0827,0.087,0.0864,0.08,0.0819,0.085,0.0803,0.0807,0.0808,0.0839,0.0842,0.0821,0.0803,0.0856,0.0853,0.0813,0.0818,0.0817,0.0843,0.0819,0.0831,0.0855,0.0833,0.0818,0.0807,0.085,0.086,0.0861,0.0865,0.0911,0.0877,0.0871,0.0871,0.088,0.0868,0.0862,0.0876,0.0851,0.0867,0.0851,0.0862,0.0882,0.0896,0.0861,0.085,0.0863,0.0881,0.0881,0.0856,0.0855,0.0874,0.0896,0.0862,0.0864,0.0857,0.0869,0.0857,0.1004,0.0887,0.0882,0.0879,0.0853,0.0862,0.0868,0.0918,0.0849,0.0862,0.086,0.0852,0.0872,0.0865,0.0853,0.0854,0.0846
,16:14:16,48,0.087,0.0858,0.0859,0.0861,0.0853,0.0855,0.0862,0.0866,0.0867,0.0855,0.0879,0.0863,0.0892,0.0806,0.0849,0.0804,0.0824,0.0814,0.0823,0.0809,0.0831,0.0829,0.0825,0.0866,0.0863,0.0804,0.0825,0.0838,0.08,0.0802,0.0809,0.0844,0.0845,0.0824,0.0809,0.0856,0.0855,0.0814,0.0818,0.0817,0.0844,0.0827,0.0831,0.0849,0.083,0.0822,0.0806,0.0854,0.0857,0.0861,0.0863,0.0909,0.0879,0.0871,0.0873,0.0879,0.0863,0.0863,0.0877,0.0855,0.0866,0.0854,0.0864,0.0883,0.0897,0.0867,0.0856,0.0865,0.0881,0.0878,0.0854,0.0859,0.0873,0.089,0.0859,0.0868,0.086,0.0876,0.0857,0.0997,0.0886,0.0881,0.0882,0.0858,0.0856,0.0862,0.0911,0.0848,0.0871,0.086,0.0848,0.0871,0.0861,0.0856,0.0859,0.0843
,16:19:16,48,0.0861,0.0854,0.0851,0.0853,0.0849,0.0849,0.0858,0.0858,0.0865,0.0854,0.087,0.086,0.0889,0.0803,0.0841,0.0801,0.0826,0.0817,0.0815,0.0804,0.0829,0.0821,0.0826,0.0861,0.0859,0.0801,0.0818,0.083,0.0796,0.0805,0.0807,0.0841,0.0838,0.0815,0.0805,0.0852,0.0856,0.0807,0.0816,0.0816,0.0833,0.0819,0.0826,0.085,0.0827,0.0815,0.0804,0.0848,0.0853,0.0857,0.0859,0.0901,0.0877,0.0862,0.0869,0.0876,0.0864,0.0853,0.0872,0.0847,0.0857,0.0844,0.0861,0.0874,0.089,0.0865,0.0849,0.0864,0.0877,0.0876,0.0849,0.0855,0.0867,0.0892,0.0861,0.086,0.0858,0.0864,0.0855,0.0992,0.0883,0.0878,0.0884,0.0848,0.0855,0.086,0.0909,0.0849,0.0867,0.085,0.0848,0.0867,0.0857,0.0846,0.085,0.0839
,16:24:16,48,0.0857,0.0853,0.0855,0.0845,0.0838,0.0847,0.0851,0.0859,0.0853,0.0851,0.0866,0.0851,0.0887,0.0794,0.0839,0.0798,0.0823,0.0806,0.0813,0.0799,0.0827,0.0817,0.082,0.086,0.0856,0.0799,0.0809,0.0828,0.079,0.0799,0.0798,0.0829,0.0829,0.081,0.0797,0.0853,0.085,0.0804,0.081,0.0812,0.0837,0.081,0.0826,0.0845,0.0825,0.0812,0.08,0.0837,0.0844,0.0856,0.0852,0.0899,0.0868,0.0862,0.0857,0.0873,0.0858,0.0853,0.0867,0.084,0.0857,0.0849,0.0856,0.0866,0.0888,0.0856,0.0842,0.0857,0.0875,0.0879,0.0847,0.0848,0.0867,0.0886,0.086,0.0859,0.0851,0.0862,0.0851,0.0987,0.0878,0.0874,0.0877,0.0847,0.0851,0.086,0.091,0.0836,0.0858,0.0851,0.0843,0.0859,0.0854,0.0844,0.0851,0.0834
,16:29:16,48,0.0863,0.0853,0.0854,0.0851,0.0845,0.0852,0.0856,0.0859,0.0859,0.0851,0.0872,0.0852,0.0887,0.0797,0.0838,0.0802,0.0821,0.0805,0.0818,0.0806,0.0828,0.0822,0.082,0.0856,0.0859,0.0802,0.0813,0.0834,0.0798,0.0805,0.0807,0.0834,0.0838,0.0817,0.0802,0.085,0.0849,0.0809,0.0812,0.0811,0.0833,0.0813,0.0826,0.0849,0.0822,0.081,0.0804,0.0844,0.085,0.0852,0.0862,0.0901,0.087,0.086,0.087,0.087,0.0861,0.086,0.087,0.0846,0.0856,0.0846,0.0856,0.0875,0.089,0.0858,0.0849,0.0854,0.0876,0.0879,0.0847,0.0852,0.0866,0.089,0.0859,0.0866,0.0857,0.0863,0.0851,0.0996,0.0875,0.0872,0.0877,0.0846,0.0851,0.0854,0.0909,0.0841,0.086,0.0847,0.0843,0.087,0.0854,0.085,0.0849,0.0838
,16:34:16,47.9,0.0859,0.085,0.0854,0.0851,0.0847,0.0847,0.0851,0.086,0.0861,0.0854,0.087,0.0859,0.0892,0.0798,0.0837,0.0799,0.082,0.0809,0.0817,0.0799,0.0825,0.082,0.0823,0.0859,0.0855,0.0796,0.0816,0.084,0.0797,0.0798,0.0805,0.0834,0.0832,0.0815,0.0802,0.085,0.086,0.0806,0.0807,0.0812,0.0834,0.0819,0.0827,0.0844,0.0822,0.0813,0.0802,0.0848,0.0845,0.0851,0.0863,0.0898,0.0875,0.0862,0.087,0.0871,0.0857,0.0853,0.0869,0.0844,0.086,0.085,0.0857,0.0874,0.0886,0.0861,0.0844,0.0857,0.0879,0.0875,0.085,0.0849,0.0866,0.0883,0.0857,0.0858,0.0856,0.0862,0.0849,0.0989,0.0881,0.0881,0.0882,0.0855,0.0852,0.0862,0.0909,0.0837,0.0857,0.0851,0.0838,0.0869,0.085,0.0846,0.0851,0.084
,16:39:16,48,0.0861,0.0862,0.0858,0.0857,0.0847,0.0856,0.0861,0.0867,0.0861,0.0854,0.0875,0.0855,0.0896,0.0803,0.0841,0.0801,0.0829,0.0812,0.0816,0.0806,0.0831,0.0823,0.0825,0.0862,0.0863,0.0802,0.0822,0.0842,0.0802,0.08,0.0803,0.0836,0.0837,0.0821,0.0805,0.0858,0.0858,0.0812,0.0813,0.0817,0.0837,0.0818,0.0827,0.0847,0.0825,0.0819,0.0801,0.085,0.0852,0.0864,0.0862,0.0905,0.0877,0.0867,0.0872,0.0871,0.0859,0.0859,0.0872,0.0851,0.0857,0.0847,0.0865,0.0879,0.0895,0.086,0.0847,0.0858,0.0877,0.0877,0.0849,0.0851,0.0872,0.0892,0.0862,0.0863,0.0861,0.0866,0.0852,0.0998,0.089,0.0878,0.0877,0.085,0.0858,0.0866,0.0917,0.084,0.0871,0.0855,0.0841,0.0867,0.0855,0.0848,0.0852,0.0839
,16:44:16,47.9,0.0866,0.0851,0.085,0.0856,0.0847,0.0846,0.086,0.0864,0.0857,0.0854,0.0867,0.0863,0.0891,0.0797,0.0842,0.0803,0.0825,0.0811,0.0816,0.0801,0.0829,0.0822,0.0819,0.0856,0.0864,0.0803,0.0812,0.085,0.0793,0.0802,0.0808,0.0835,0.0833,0.0818,0.0803,0.0849,0.0852,0.0812,0.0812,0.0812,0.0834,0.0818,0.0826,0.0847,0.0824,0.0811,0.0805,0.0841,0.0848,0.0854,0.0861,0.0903,0.0868,0.0862,0.0868,0.0876,0.0857,0.0853,0.087,0.0849,0.0863,0.0849,0.0861,0.087,0.0897,0.0856,0.0848,0.0858,0.0881,0.0875,0.0848,0.085,0.0867,0.0885,0.0864,0.0862,0.0857,0.0865,0.0849,0.0995,0.0883,0.0875,0.0872,0.0853,0.0855,0.0856,0.0915,0.0842,0.0864,0.0849,0.0843,0.0865,0.0855,0.0852,0.0852,0.0841
,16:49:16,48,0.0866,0.086,0.086,0.0857,0.0849,0.0853,0.0861,0.0862,0.0863,0.0856,0.0875,0.0865,0.0893,0.0803,0.0845,0.081,0.083,0.0814,0.0824,0.081,0.0831,0.0827,0.0829,0.0866,0.0865,0.08,0.0823,0.0851,0.0803,0.0804,0.0809,0.0838,0.0841,0.0818,0.0804,0.0857,0.0855,0.0819,0.082,0.0822,0.084,0.0816,0.0827,0.085,0.0833,0.0815,0.0809,0.0847,0.0851,0.0858,0.0859,0.0905,0.0877,0.0867,0.0871,0.0872,0.0865,0.0856,0.0877,0.0855,0.0864,0.085,0.0863,0.0875,0.0896,0.0862,0.0847,0.0863,0.0881,0.0879,0.0853,0.0848,0.0874,0.089,0.0868,0.0866,0.0862,0.0871,0.0855,0.0996,0.089,0.0882,0.0879,0.0852,0.0854,0.0864,0.0916,0.0849,0.0864,0.086,0.0845,0.0868,0.0857,0.0852,0.0856,0.0848
,16:54:16,47.9,0.0859,0.0851,0.085,0.0854,0.0843,0.0846,0.0861,0.0857,0.0861,0.0856,0.0877,0.0856,0.0887,0.0797,0.0843,0.0805,0.082,0.0806,0.0814,0.0806,0.0824,0.082,0.0823,0.0859,0.0856,0.08,0.0822,0.084,0.0795,0.0801,0.08,0.0834,0.0837,0.0813,0.08,0.085,0.0849,0.0808,0.0816,0.0812,0.0836,0.0813,0.0824,0.0843,0.0827,0.0813,0.0799,0.0844,0.0849,0.0857,0.0864,0.0903,0.0874,0.0863,0.0863,0.0867,0.0857,0.0855,0.0874,0.0845,0.0854,0.0849,0.0861,0.0869,0.0895,0.0862,0.0849,0.0862,0.0881,0.0878,0.0846,0.0852,0.0867,0.0887,0.0865,0.0861,0.0855,0.0866,0.0846,0.0985,0.0879,0.0873,0.0879,0.0848,0.085,0.0862,0.0911,0.0839,0.0865,0.0847,0.0845,0.0867,0.0857,0.0847,0.0846,0.0841
,16:59:16,48,0.0859,0.0848,0.0847,0.0853,0.0845,0.0847,0.0852,0.0859,0.0857,0.0857,0.087,0.0854,0.0886,0.0798,0.0839,0.0796,0.0822,0.0808,0.0811,0.0804,0.0826,0.0825,0.0821,0.0859,0.0859,0.0796,0.0815,0.0835,0.0792,0.0797,0.0799,0.0833,0.0832,0.0811,0.0803,0.0849,0.0851,0.0808,0.0808,0.0814,0.083,0.081,0.0825,0.0846,0.0827,0.0805,0.0803,0.0843,0.0849,0.0856,0.0856,0.0894,0.087,0.0863,0.0863,0.0868,0.0855,0.0853,0.0875,0.0851,0.0857,0.0846,0.086,0.0875,0.0891,0.0854,0.0845,0.0858,0.0874,0.0872,0.0849,0.0854,0.0864,0.0888,0.0859,0.0862,0.0853,0.0865,0.0854,0.099,0.0879,0.0879,0.0873,0.0852,0.0852,0.0856,0.0907,0.0841,0.0859,0.0845,0.084,0.0866,0.0849,0.0845,0.085,0.0834
,17:04:16,48,0.0869,0.0855,0.0857,0.0862,0.0849,0.0855,0.0857,0.0864,0.086,0.0856,0.0872,0.086,0.0888,0.0802,0.0848,0.0804,0.0826,0.0812,0.0817,0.0806,0.083,0.0831,0.0828,0.0861,0.0865,0.0798,0.082,0.0834,0.0802,0.0805,0.0819,0.0841,0.0837,0.0817,0.0807,0.0855,0.0856,0.0817,0.0815,0.0817,0.0836,0.0818,0.0828,0.0848,0.0824,0.0812,0.0806,0.085,0.0852,0.0857,0.0868,0.0898,0.0877,0.0866,0.0869,0.0873,0.0865,0.0859,0.087,0.0853,0.0862,0.0852,0.0868,0.0879,0.0899,0.0865,0.0848,0.0858,0.0878,0.0877,0.0854,0.0848,0.0877,0.089,0.0871,0.0866,0.0864,0.0866,0.0852,0.0999,0.0888,0.0878,0.0878,0.0852,0.0861,0.0862,0.0915,0.0843,0.0867,0.0847,0.0848,0.0864,0.0857,0.0851,0.0857,0.0845
,17:09:16,48,0.0861,0.0857,0.0849,0.0858,0.0849,0.0848,0.0862,0.0861,0.0862,0.0857,0.0871,0.0859,0.0893,0.0799,0.0842,0.0806,0.0827,0.0811,0.0818,0.0808,0.0832,0.0824,0.0822,0.0865,0.0863,0.0802,0.0816,0.0845,0.0795,0.0805,0.0806,0.0835,0.0839,0.0815,0.0801,0.0852,0.0856,0.0811,0.0815,0.0813,0.0834,0.0817,0.0829,0.0848,0.0825,0.0815,0.0801,0.0841,0.0852,0.086,0.0861,0.09,0.0877,0.0864,0.0868,0.0868,0.086,0.0855,0.0871,0.0848,0.0856,0.0846,0.0859,0.0876,0.0888,0.0861,0.0849,0.0866,0.0878,0.0878,0.0856,0.0855,0.0871,0.0888,0.0869,0.0866,0.0858,0.0863,0.0851,0.0993,0.0878,0.0877,0.0881,0.0851,0.0852,0.0863,0.0912,0.0841,0.0866,0.0852,0.0845,0.0871,0.0856,0.0849,0.0853,0.0836
,17:14:16,47.9,0.0859,0.0855,0.0848,0.0857,0.0843,0.0845,0.0858,0.0862,0.0854,0.085,0.0871,0.0856,0.0884,0.0795,0.0836,0.0796,0.0818,0.0805,0.0814,0.0807,0.0825,0.0816,0.0817,0.0857,0.086,0.0795,0.0817,0.084,0.0797,0.0794,0.0803,0.0835,0.0828,0.0815,0.0802,0.0848,0.085,0.0804,0.0814,0.0813,0.0835,0.0814,0.0827,0.085,0.0822,0.081,0.0799,0.0843,0.0843,0.085,0.0858,0.0898,0.0869,0.0864,0.0864,0.0868,0.0854,0.0853,0.0867,0.0844,0.0858,0.084,0.0856,0.0868,0.0892,0.0855,0.0839,0.0859,0.0878,0.0865,0.0843,0.0849,0.0864,0.0887,0.0864,0.086,0.0856,0.0865,0.0852,0.0988,0.0878,0.0871,0.0876,0.0844,0.0849,0.0859,0.0909,0.0843,0.0861,0.0851,0.084,0.0865,0.0855,0.0849,0.0851,0.0835
,17:19:16,48,0.0863,0.085,0.0851,0.0858,0.0847,0.0846,0.0859,0.0859,0.0859,0.0848,0.087,0.0853,0.0885,0.0796,0.0838,0.0801,0.0825,0.081,0.0815,0.0805,0.0822,0.082,0.0818,0.0856,0.0856,0.0798,0.0818,0.0829,0.0801,0.0799,0.0807,0.0833,0.0831,0.0815,0.0798,0.0848,0.0856,0.0809,0.0814,0.0814,0.0834,0.0817,0.0823,0.0848,0.0828,0.0811,0.08,0.0843,0.0851,0.0855,0.0855,0.0898,0.0872,0.0859,0.0862,0.0867,0.0855,0.0854,0.0874,0.0846,0.0854,0.0842,0.0861,0.0871,0.0892,0.0855,0.0842,0.0858,0.0877,0.0873,0.0845,0.0843,0.0866,0.0886,0.0864,0.0857,0.0853,0.0862,0.0848,0.0991,0.0882,0.0872,0.0881,0.0853,0.0849,0.0861,0.0908,0.0841,0.0863,0.0849,0.0838,0.0865,0.0857,0.0844,0.0849,0.0837
,17:24:16,48,0.086,0.0858,0.0855,0.0854,0.0846,0.085,0.086,0.0866,0.0865,0.0857,0.0874,0.0861,0.0888,0.08,0.0842,0.0808,0.0827,0.0817,0.0817,0.0805,0.083,0.0822,0.0822,0.0863,0.0859,0.0804,0.083,0.084,0.0801,0.0799,0.0806,0.0832,0.0837,0.0818,0.0807,0.0854,0.0856,0.081,0.082,0.0815,0.0837,0.0817,0.0832,0.0853,0.0829,0.0814,0.0801,0.0847,0.0856,0.0853,0.086,0.0907,0.0878,0.087,0.0865,0.0871,0.0862,0.0858,0.0872,0.0847,0.0858,0.0849,0.0862,0.0875,0.0893,0.086,0.0851,0.0864,0.0885,0.0875,0.085,0.0857,0.087,0.089,0.0869,0.0862,0.0863,0.0867,0.0854,0.0992,0.0884,0.088,0.0877,0.0852,0.0857,0.0862,0.0912,0.0851,0.0864,0.0859,0.0853,0.0865,0.0863,0.0852,0.085,0.0839
,17:29:16,48,0.0863,0.0855,0.0854,0.0859,0.0848,0.0852,0.0863,0.0866,0.0862,0.0851,0.0868,0.0857,0.0894,0.08,0.0842,0.0808,0.0824,0.0808,0.0814,0.0804,0.0827,0.0824,0.0825,0.0861,0.0859,0.0804,0.0822,0.0842,0.08,0.0802,0.0806,0.084,0.0834,0.0821,0.0804,0.0857,0.0857,0.0809,0.0813,0.0818,0.0839,0.0817,0.083,0.0849,0.0829,0.0814,0.0809,0.0848,0.0853,0.0856,0.0863,0.0909,0.0876,0.0867,0.0867,0.0872,0.086,0.0856,0.0869,0.0852,0.0856,0.0849,0.0862,0.0874,0.0889,0.0854,0.0849,0.0865,0.088,0.0874,0.0851,0.0851,0.0876,0.0889,0.087,0.0862,0.0861,0.0869,0.0851,0.0992,0.0888,0.0882,0.0873,0.0855,0.0856,0.0858,0.0913,0.0846,0.0867,0.0849,0.0847,0.0868,0.0859,0.0852,0.0854,0.0834
,17:34:16,48,0.0863,0.0856,0.0854,0.0858,0.085,0.0853,0.0857,0.0858,0.0867,0.0852,0.0875,0.0857,0.0885,0.0795,0.084,0.0802,0.0828,0.0803,0.081,0.0801,0.0831,0.0826,0.0822,0.0863,0.0858,0.08,0.0821,0.0836,0.0798,0.0799,0.0808,0.0831,0.0834,0.0817,0.0803,0.0849,0.0856,0.0803,0.0814,0.0815,0.0835,0.0816,0.0825,0.0849,0.0825,0.0814,0.0805,0.0839,0.0856,0.0853,0.0861,0.0905,0.0868,0.0861,0.0863,0.087,0.0864,0.0854,0.0876,0.085,0.0856,0.0846,0.0858,0.0873,0.0889,0.0857,0.0852,0.0858,0.0875,0.0872,0.0851,0.0851,0.0868,0.0889,0.0865,0.0863,0.086,0.0867,0.0851,0.0994,0.0883,0.0878,0.0875,0.0852,0.0853,0.086,0.0909,0.0846,0.0865,0.0851,0.0841,0.087,0.085,0.0849,0.0847,0.0835
,17:39:16,48,0.0863,0.0851,0.0857,0.0859,0.0851,0.0848,0.0859,0.0859,0.0864,0.0856,0.0876,0.086,0.089,0.0804,0.0841,0.0806,0.0828,0.0812,0.0817,0.0809,0.0829,0.0825,0.0827,0.0865,0.0864,0.0799,0.0818,0.0831,0.0802,0.0801,0.0818,0.0839,0.0833,0.082,0.0802,0.085,0.0854,0.0809,0.0815,0.0817,0.0832,0.0816,0.0827,0.0848,0.0826,0.0814,0.0802,0.0846,0.0849,0.086,0.0865,0.0907,0.0868,0.0864,0.0869,0.0871,0.0862,0.0861,0.087,0.0848,0.0858,0.0851,0.0861,0.0873,0.0894,0.0859,0.0848,0.0862,0.0876,0.0873,0.0848,0.0852,0.0872,0.0891,0.0864,0.0865,0.0858,0.0868,0.0855,0.099,0.088,0.0877,0.0882,0.0848,0.0853,0.0862,0.0909,0.0843,0.0867,0.0854,0.0839,0.0867,0.0855,0.0855,0.085,0.0845
,17:44:16,48,0.0869,0.0861,0.0851,0.0853,0.0853,0.0855,0.086,0.0862,0.0865,0.0856,0.0881,0.0867,0.0894,0.0805,0.0846,0.0806,0.0823,0.0816,0.0823,0.0807,0.0831,0.083,0.0829,0.0862,0.086,0.0808,0.0823,0.0838,0.0799,0.0805,0.081,0.084,0.0838,0.0821,0.0808,0.086,0.0862,0.0811,0.0815,0.0816,0.0838,0.0827,0.0827,0.0849,0.0831,0.0812,0.0808,0.085,0.0856,0.0859,0.0864,0.0908,0.0874,0.0868,0.0868,0.0875,0.0863,0.0859,0.0877,0.0851,0.0861,0.085,0.0863,0.0875,0.0897,0.0862,0.0853,0.0865,0.0882,0.0877,0.0848,0.0854,0.0874,0.089,0.0863,0.0863,0.086,0.0868,0.0856,0.0999,0.0885,0.0877,0.0885,0.0855,0.0861,0.086,0.0917,0.084,0.0867,0.0854,0.0849,0.0869,0.0858,0.0853,0.0859,0.0845
,17:49:16,47.9,0.0865,0.0858,0.0854,0.0857,0.085,0.0849,0.0859,0.0868,0.0864,0.0858,0.0878,0.0862,0.0895,0.0806,0.0847,0.0807,0.0829,0.0811,0.0818,0.081,0.0831,0.083,0.0826,0.0863,0.0864,0.0807,0.0816,0.0844,0.0804,0.0808,0.0808,0.0838,0.0835,0.0818,0.0802,0.0858,0.0856,0.0813,0.0817,0.0815,0.0839,0.0817,0.083,0.0854,0.083,0.0814,0.0806,0.0847,0.0854,0.0862,0.0863,0.0904,0.0879,0.0861,0.0866,0.087,0.0861,0.0859,0.0877,0.0848,0.086,0.0849,0.0865,0.0879,0.0899,0.086,0.0849,0.0858,0.0882,0.0883,0.0847,0.0856,0.087,0.0889,0.0865,0.0867,0.0862,0.0869,0.0851,0.0993,0.0885,0.0882,0.0882,0.0856,0.0856,0.0864,0.0918,0.0851,0.0867,0.0854,0.0852,0.0871,0.0856,0.0848,0.0853,0.084
,17:54:16,48,0.0864,0.0859,0.0866,0.0866,0.0853,0.0857,0.0863,0.0863,0.0872,0.0859,0.0881,0.0861,0.0895,0.0806,0.0848,0.0809,0.083,0.081,0.082,0.0814,0.083,0.0826,0.0828,0.0864,0.0868,0.0803,0.0826,0.0842,0.0806,0.0807,0.0806,0.0843,0.0836,0.0826,0.0805,0.0862,0.0863,0.0816,0.0819,0.0818,0.0844,0.0821,0.0835,0.0851,0.0832,0.0821,0.0812,0.0855,0.0859,0.086,0.087,0.0904,0.0883,0.0872,0.087,0.0879,0.0867,0.0863,0.0878,0.0851,0.0869,0.0853,0.0868,0.088,0.0899,0.086,0.0854,0.0865,0.0883,0.0879,0.0853,0.0851,0.0876,0.0896,0.0865,0.0867,0.0866,0.0873,0.0857,0.0994,0.089,0.0886,0.0884,0.0861,0.0859,0.0862,0.0913,0.0852,0.087,0.0856,0.0854,0.0873,0.0862,0.0858,0.0857,0.0846
,17:59:16,48,0.0862,0.0856,0.0853,0.0858,0.0851,0.0848,0.0864,0.0858,0.0861,0.0858,0.0868,0.0856,0.0894,0.0802,0.0844,0.08,0.0827,0.0808,0.0813,0.0807,0.0831,0.0824,0.0823,0.0866,0.086,0.0798,0.0821,0.0849,0.08,0.0803,0.0811,0.0836,0.0835,0.082,0.0803,0.085,0.0854,0.0809,0.0819,0.0815,0.0832,0.082,0.0831,0.0848,0.0829,0.0811,0.0805,0.0851,0.0848,0.0856,0.0861,0.0901,0.0874,0.0862,0.0869,0.0877,0.0861,0.0856,0.0872,0.0847,0.0861,0.0848,0.0859,0.0876,0.0888,0.0859,0.085,0.086,0.0877,0.0874,0.085,0.0853,0.0872,0.0889,0.0858,0.0861,0.0864,0.0867,0.0852,0.0994,0.0885,0.0879,0.088,0.085,0.0856,0.086,0.091,0.0842,0.0867,0.0852,0.0848,0.0865,0.0859,0.0851,0.0852,0.0842
,18:04:16,47.9,0.0862,0.0861,0.0859,0.0858,0.0852,0.0849,0.0861,0.0865,0.0865,0.0857,0.0879,0.086,0.0895,0.0798,0.0848,0.0803,0.0829,0.0808,0.082,0.0806,0.0829,0.0832,0.0826,0.0862,0.0861,0.0802,0.082,0.0834,0.0803,0.0804,0.0804,0.0846,0.084,0.0823,0.0805,0.0859,0.0862,0.0814,0.082,0.0818,0.0835,0.0822,0.0831,0.0854,0.0832,0.0822,0.0806,0.0845,0.086,0.0862,0.0863,0.0906,0.0876,0.0863,0.0868,0.0873,0.0863,0.0864,0.0879,0.0851,0.086,0.0849,0.0865,0.0877,0.0896,0.0863,0.0849,0.0864,0.0883,0.0879,0.0855,0.0858,0.0876,0.0889,0.086,0.0864,0.0855,0.0873,0.0862,0.0994,0.0882,0.0883,0.0886,0.0852,0.0857,0.086,0.0915,0.0844,0.0868,0.0857,0.085,0.0874,0.0862,0.0853,0.0859,0.0839
,18:09:16,48,0.0869,0.0854,0.0859,0.0855,0.0846,0.0849,0.0853,0.0863,0.086,0.0854,0.0875,0.086,0.0894,0.0799,0.0842,0.0804,0.0827,0.0809,0.0819,0.0803,0.083,0.0826,0.0826,0.0863,0.0865,0.0802,0.0824,0.0841,0.0795,0.0802,0.0805,0.084,0.0831,0.0815,0.0798,0.0855,0.0857,0.0811,0.081,0.0816,0.0838,0.0821,0.0828,0.0855,0.0825,0.0815,0.0803,0.0845,0.0854,0.0859,0.0862,0.0905,0.0877,0.0867,0.0869,0.0875,0.0866,0.0856,0.0878,0.085,0.0861,0.0848,0.0866,0.0873,0.0887,0.0865,0.0851,0.0862,0.088,0.088,0.0846,0.0855,0.087,0.0894,0.0861,0.0859,0.0857,0.0864,0.0854,0.0989,0.0885,0.088,0.0879,0.0849,0.0855,0.086,0.0912,0.0845,0.0867,0.0854,0.0845,0.0866,0.0853,0.0852,0.0852,0.0836
,18:14:16,48,0.0862,0.0861,0.0853,0.0855,0.0852,0.085,0.0859,0.0864,0.0862,0.0862,0.0873,0.0855,0.0889,0.08,0.0847,0.0811,0.0829,0.0815,0.0814,0.0806,0.0827,0.0824,0.0823,0.0864,0.0866,0.0802,0.0819,0.0836,0.0799,0.0805,0.0817,0.0834,0.0842,0.0816,0.0805,0.0851,0.0854,0.0817,0.0812,0.0822,0.084,0.0819,0.0829,0.085,0.0826,0.0812,0.0802,0.0847,0.085,0.0857,0.0868,0.0903,0.0874,0.0863,0.0864,0.0875,0.0862,0.0861,0.0873,0.0857,0.0863,0.0847,0.0858,0.0876,0.0892,0.0865,0.0853,0.0859,0.0883,0.0881,0.085,0.0852,0.0873,0.0896,0.0865,0.0861,0.0856,0.0864,0.0859,0.0991,0.0885,0.088,0.0879,0.0852,0.0856,0.0865,0.0912,0.0846,0.0863,0.0852,0.0844,0.0867,0.0859,0.0847,0.0848,0.084
,18:19:16,48,0.0859,0.0848,0.0848,0.0848,0.0842,0.0845,0.0852,0.0856,0.0854,0.0857,0.0865,0.0856,0.0889,0.0794,0.0836,0.0798,0.0822,0.0802,0.0812,0.0801,0.0824,0.0819,0.082,0.086,0.0858,0.0798,0.0807,0.0824,0.0793,0.0801,0.0802,0.0833,0.0832,0.0815,0.0796,0.0849,0.0851,0.081,0.0813,0.0814,0.0829,0.0817,0.0821,0.0843,0.0823,0.0811,0.0799,0.0844,0.0847,0.0851,0.0861,0.0895,0.0868,0.0858,0.0862,0.0862,0.0854,0.085,0.0873,0.0842,0.0854,0.0843,0.0852,0.0865,0.0889,0.0855,0.0846,0.0855,0.088,0.087,0.0841,0.0843,0.0859,0.0879,0.0855,0.0861,0.0854,0.0864,0.0844,0.0987,0.0882,0.0876,0.0872,0.0851,0.0849,0.0859,0.0908,0.0842,0.0856,0.0848,0.0836,0.0864,0.0849,0.0852,0.0851,0.0835
,18:24:16,48,0.0862,0.0859,0.0858,0.0858,0.085,0.0854,0.0862,0.0864,0.0856,0.0856,0.0873,0.0858,0.0887,0.0804,0.0845,0.0805,0.0831,0.0807,0.0812,0.0806,0.0827,0.0825,0.0824,0.0864,0.0865,0.0798,0.0818,0.0849,0.0798,0.08,0.0806,0.0841,0.0832,0.0818,0.0799,0.0851,0.0856,0.0811,0.0812,0.0817,0.0841,0.0818,0.083,0.0847,0.0829,0.0812,0.0802,0.0844,0.0855,0.0857,0.0863,0.0899,0.0873,0.0867,0.0867,0.0874,0.0861,0.0854,0.0873,0.0846,0.086,0.0849,0.0863,0.0874,0.0895,0.0865,0.085,0.086,0.0883,0.0872,0.0842,0.0848,0.0872,0.0892,0.0863,0.086,0.0856,0.0863,0.0855,0.0989,0.0888,0.0878,0.088,0.0852,0.0853,0.0863,0.0916,0.0846,0.0867,0.0852,0.085,0.0871,0.086,0.0852,0.0852,0.0839
,18:29:16,48,0.0859,0.0853,0.0851,0.0852,0.0844,0.085,0.086,0.0865,0.0853,0.0857,0.0875,0.0861,0.0888,0.0797,0.0844,0.0798,0.0825,0.0809,0.0814,0.0806,0.0826,0.0823,0.0819,0.0862,0.0858,0.0798,0.0814,0.0846,0.0802,0.0801,0.0802,0.083,0.0834,0.0811,0.0806,0.0852,0.0851,0.0806,0.0813,0.0815,0.0837,0.0815,0.0826,0.0849,0.0823,0.0807,0.0798,0.0847,0.085,0.0856,0.0865,0.0898,0.0876,0.0858,0.0869,0.0871,0.086,0.0858,0.0871,0.0848,0.0859,0.0845,0.0861,0.0871,0.0895,0.0861,0.0844,0.0862,0.0875,0.0873,0.0845,0.0846,0.0872,0.0886,0.0859,0.0866,0.0852,0.0864,0.0854,0.0988,0.0882,0.0874,0.0875,0.085,0.0849,0.0861,0.0915,0.0846,0.0864,0.0852,0.0845,0.0866,0.0849,0.0848,0.0851,0.0836
,18:34:16,47.9,0.0865,0.085,0.0854,0.085,0.0851,0.0851,0.0854,0.0864,0.086,0.0857,0.0874,0.0855,0.0888,0.0797,0.0844,0.0799,0.0827,0.081,0.0816,0.0799,0.0821,0.0822,0.0819,0.086,0.0857,0.0801,0.0811,0.0846,0.0797,0.0801,0.0804,0.0837,0.0836,0.0818,0.08,0.0849,0.0853,0.081,0.0815,0.081,0.0834,0.0808,0.0826,0.0843,0.0825,0.0815,0.0797,0.0843,0.0848,0.0856,0.0858,0.09,0.0868,0.0862,0.0869,0.0871,0.0857,0.0854,0.087,0.085,0.0857,0.0841,0.086,0.0869,0.0893,0.0855,0.0845,0.0856,0.0883,0.0875,0.0849,0.0844,0.0868,0.0888,0.0856,0.0862,0.0852,0.0864,0.0852,0.0991,0.0877,0.0871,0.0875,0.0853,0.0853,0.0854,0.0905,0.0842,0.0864,0.085,0.0841,0.0866,0.0851,0.085,0.0849,0.084
,18:39:16,48,0.0862,0.0858,0.0856,0.086,0.0852,0.0851,0.0865,0.0861,0.086,0.0856,0.0878,0.086,0.0894,0.0802,0.0848,0.0804,0.0829,0.0808,0.0817,0.081,0.0833,0.0826,0.0825,0.0861,0.0863,0.0805,0.0821,0.0842,0.0802,0.0802,0.0814,0.0838,0.0836,0.0817,0.0805,0.0857,0.0855,0.0818,0.0815,0.0821,0.0841,0.082,0.0836,0.0847,0.0826,0.0819,0.0805,0.0851,0.0852,0.086,0.0862,0.0906,0.087,0.0868,0.0871,0.0877,0.0865,0.0857,0.0877,0.0855,0.0863,0.0851,0.0865,0.0878,0.0896,0.0864,0.0849,0.0861,0.088,0.0873,0.0852,0.0855,0.0869,0.0887,0.0866,0.087,0.0858,0.0865,0.0853,0.0997,0.0888,0.0881,0.0878,0.0858,0.0852,0.086,0.0913,0.0845,0.0869,0.0854,0.0849,0.0867,0.0854,0.0851,0.0856,0.0837
,18:44:16,47.9,0.0857,0.0855,0.0848,0.0856,0.0841,0.0845,0.0855,0.0857,0.0861,0.0856,0.0871,0.0856,0.089,0.0795,0.0843,0.0801,0.0822,0.0807,0.0817,0.08,0.0824,0.0818,0.0823,0.0856,0.0855,0.0799,0.0818,0.0839,0.0793,0.08,0.0801,0.0842,0.0833,0.0816,0.0803,0.0848,0.085,0.081,0.0814,0.0816,0.0832,0.082,0.0825,0.0846,0.0825,0.0809,0.0798,0.0843,0.0853,0.085,0.086,0.0901,0.0868,0.0864,0.0868,0.087,0.0853,0.0854,0.087,0.0845,0.0858,0.0844,0.0855,0.0873,0.0891,0.0858,0.0841,0.0863,0.0879,0.0871,0.0845,0.0847,0.0873,0.0885,0.0858,0.0856,0.0855,0.0867,0.085,0.0986,0.0881,0.0874,0.0878,0.0845,0.0854,0.0857,0.0909,0.0843,0.0861,0.0848,0.084,0.0867,0.0856,0.0848,0.085,0.0833
,18:49:16,48,0.0865,0.0858,0.0859,0.0862,0.0855,0.0855,0.0862,0.087,0.0865,0.0856,0.0874,0.0864,0.0895,0.0809,0.085,0.0811,0.0827,0.0811,0.0819,0.0808,0.0834,0.0826,0.0831,0.0868,0.0869,0.0805,0.0821,0.0835,0.0803,0.0806,0.0814,0.084,0.0839,0.0823,0.0804,0.086,0.0863,0.0818,0.082,0.0817,0.0842,0.082,0.0836,0.0852,0.0829,0.0815,0.0804,0.0852,0.0857,0.0859,0.0869,0.0905,0.0882,0.0868,0.0869,0.0874,0.0874,0.0862,0.0877,0.0851,0.0864,0.0853,0.0864,0.0883,0.0896,0.0867,0.0853,0.0865,0.0889,0.0874,0.0852,0.0852,0.0876,0.0891,0.0858,0.0865,0.0863,0.0871,0.0857,0.0995,0.0889,0.0884,0.0881,0.0859,0.0858,0.0863,0.0916,0.0849,0.0873,0.0855,0.0847,0.0867,0.0864,0.0857,0.086,0.084
,18:54:16,48,0.0862,0.0855,0.0855,0.086,0.0847,0.0852,0.0858,0.0866,0.0866,0.0855,0.0875,0.0859,0.089,0.0797,0.0841,0.0805,0.0825,0.0809,0.0817,0.0807,0.0833,0.0821,0.0821,0.0861,0.0856,0.08,0.0817,0.0837,0.0795,0.0803,0.0808,0.0839,0.0833,0.0818,0.0801,0.0851,0.0858,0.0817,0.0815,0.0817,0.0834,0.0814,0.0827,0.0846,0.0827,0.0809,0.08,0.0847,0.0855,0.0857,0.0864,0.0905,0.0875,0.0863,0.0867,0.0871,0.0868,0.086,0.0876,0.0847,0.0859,0.085,0.0862,0.087,0.089,0.0858,0.0848,0.0862,0.0878,0.0871,0.0848,0.0849,0.0869,0.0886,0.0861,0.0857,0.0859,0.0863,0.0851,0.0991,0.0883,0.088,0.0878,0.0854,0.0854,0.0861,0.0909,0.0842,0.0866,0.0856,0.0843,0.0868,0.0859,0.0851,0.085,0.0839
,18:59:16,47.9,0.0854,0.0852,0.085,0.0853,0.0843,0.085,0.0853,0.0859,0.0857,0.0853,0.087,0.0853,0.0882,0.0796,0.0838,0.0797,0.0821,0.0806,0.081,0.0802,0.0824,0.0818,0.0816,0.0856,0.086,0.0799,0.0818,0.0833,0.0796,0.0796,0.0805,0.0834,0.0836,0.0816,0.0799,0.085,0.085,0.0808,0.0808,0.0808,0.0829,0.0811,0.0826,0.0852,0.0819,0.0812,0.0801,0.0845,0.0844,0.0854,0.0861,0.0896,0.0867,0.0861,0.0862,0.0866,0.0869,0.085,0.0868,0.0842,0.0855,0.0842,0.0859,0.0869,0.0892,0.0859,0.0842,0.0856,0.087,0.0872,0.0841,0.0841,0.0869,0.0885,0.0858,0.0857,0.0855,0.0863,0.0849,0.0988,0.0875,0.0875,0.0878,0.0847,0.0849,0.0857,0.0912,0.084,0.0865,0.0854,0.0838,0.0865,0.0851,0.0843,0.0849,0.0835
,19:04:16,48,0.0865,0.0853,0.0854,0.0858,0.085,0.0847,0.0856,0.0857,0.086,0.0858,0.0872,0.0856,0.0889,0.0796,0.0841,0.0799,0.0821,0.0809,0.0813,0.0802,0.0825,0.0823,0.0826,0.0855,0.0859,0.0798,0.0812,0.083,0.0796,0.0801,0.0807,0.0836,0.0833,0.0816,0.0805,0.0851,0.0849,0.081,0.0812,0.0816,0.0833,0.0819,0.0829,0.085,0.082,0.0809,0.0803,0.0849,0.0849,0.0851,0.0859,0.0897,0.0871,0.0861,0.0869,0.0869,0.0866,0.0856,0.0874,0.0844,0.0859,0.0848,0.086,0.0875,0.0891,0.0859,0.0843,0.086,0.0875,0.0871,0.0847,0.085,0.0868,0.0887,0.0857,0.0861,0.0852,0.0863,0.085,0.0991,0.0878,0.0873,0.0879,0.0851,0.0851,0.0864,0.0913,0.0838,0.0862,0.0852,0.0844,0.0867,0.0851,0.0849,0.0846,0.0841
,19:09:16,47.9,0.0864,0.086,0.0854,0.0854,0.0848,0.0848,0.0861,0.0861,0.0862,0.0855,0.0873,0.0856,0.0891,0.08,0.0847,0.0804,0.0824,0.081,0.0816,0.0806,0.0831,0.082,0.0827,0.0861,0.0862,0.0802,0.0818,0.083,0.0798,0.0803,0.0809,0.0841,0.0834,0.0819,0.0799,0.0852,0.0851,0.0809,0.0816,0.0813,0.0834,0.0822,0.0829,0.0847,0.0827,0.0816,0.0804,0.0843,0.0853,0.0853,0.0864,0.0898,0.0873,0.0868,0.0869,0.0873,0.0863,0.0859,0.0871,0.0845,0.0862,0.0854,0.0864,0.0879,0.0892,0.0857,0.0843,0.0862,0.0878,0.0872,0.085,0.085,0.0875,0.0891,0.0863,0.0864,0.0856,0.0867,0.0853,0.099,0.0884,0.0875,0.0883,0.0853,0.0853,0.086,0.0912,0.0847,0.086,0.0851,0.0841,0.0864,0.086,0.0853,0.0849,0.0838
,19:14:16,48,0.0861,0.0857,0.0856,0.0856,0.0847,0.0854,0.0856,0.0861,0.086,0.0853,0.0876,0.0857,0.0887,0.0806,0.0842,0.0803,0.0827,0.0813,0.0816,0.0802,0.0831,0.0824,0.0823,0.0863,0.0857,0.0802,0.082,0.0837,0.0792,0.0803,0.08,0.083,0.0836,0.0816,0.0803,0.0856,0.0849,0.0815,0.0813,0.081,0.0838,0.0817,0.0828,0.0847,0.0825,0.0809,0.0804,0.0847,0.0854,0.0856,0.086,0.0902,0.0874,0.0862,0.0866,0.0869,0.0862,0.0859,0.0878,0.0846,0.0859,0.085,0.0858,0.0875,0.0893,0.0856,0.0845,0.0861,0.0878,0.0877,0.0847,0.0851,0.087,0.0883,0.086,0.0866,0.0859,0.0865,0.0856,0.0987,0.0882,0.0876,0.0875,0.0852,0.0851,0.0865,0.0915,0.0841,0.0865,0.0853,0.0847,0.0868,0.0858,0.0847,0.0847,0.0835
,19:19:16,47.9,0.0866,0.0858,0.0858,0.0862,0.0853,0.0857,0.0863,0.0868,0.0862,0.086,0.088,0.086,0.0898,0.0805,0.0848,0.0811,0.0833,0.0812,0.0818,0.0809,0.0836,0.0827,0.083,0.0861,0.0866,0.0807,0.0825,0.0833,0.0804,0.0806,0.081,0.0839,0.0843,0.0818,0.0806,0.0859,0.0855,0.0818,0.0822,0.082,0.0838,0.0818,0.0831,0.0851,0.0826,0.0818,0.0805,0.0845,0.0863,0.0863,0.0863,0.0908,0.0877,0.0872,0.0871,0.0875,0.0865,0.086,0.0879,0.0851,0.0862,0.0852,0.0864,0.088,0.0894,0.087,0.085,0.0869,0.0886,0.0884,0.085,0.0853,0.0872,0.0892,0.0869,0.0865,0.0859,0.0873,0.0862,0.0993,0.0888,0.0878,0.0883,0.0858,0.0855,0.0862,0.0914,0.0844,0.0868,0.0854,0.0849,0.0873,0.0863,0.0855,0.0851,0.084
,19:24:16,48,0.0856,0.0855,0.0852,0.0852,0.0841,0.0844,0.0862,0.0854,0.086,0.0858,0.0871,0.0851,0.0887,0.0797,0.0843,0.0796,0.0822,0.0801,0.0812,0.0802,0.0825,0.0821,0.0825,0.0855,0.0861,0.0799,0.0813,0.0828,0.0794,0.0797,0.0804,0.0834,0.0835,0.0812,0.0796,0.085,0.0853,0.0807,0.081,0.081,0.0831,0.0817,0.0821,0.0846,0.0825,0.0813,0.0799,0.0842,0.0855,0.0856,0.0854,0.0907,0.0875,0.0863,0.0863,0.0873,0.0863,0.0856,0.0873,0.0843,0.0857,0.0846,0.0857,0.0869,0.0891,0.0858,0.0846,0.0862,0.0878,0.0871,0.0845,0.0852,0.0866,0.0879,0.0858,0.0856,0.0859,0.0866,0.0851,0.0988,0.0878,0.0878,0.0878,0.085,0.0851,0.0856,0.0907,0.0843,0.0863,0.085,0.0846,0.0861,0.0854,0.0848,0.0852,0.0838
,19:29:16,47.9,0.0861,0.0856,0.0854,0.0856,0.0852,0.0851,0.0862,0.0862,0.0862,0.0856,0.0874,0.0858,0.0895,0.0804,0.0845,0.0808,0.0819,0.0811,0.0817,0.0802,0.0832,0.0827,0.0826,0.0859,0.0858,0.0801,0.0817,0.0837,0.0801,0.0805,0.0809,0.0838,0.0837,0.0821,0.0803,0.0852,0.0853,0.0812,0.0808,0.0816,0.0836,0.0814,0.0824,0.085,0.083,0.081,0.0804,0.0845,0.0853,0.0858,0.0858,0.0902,0.0871,0.0863,0.0863,0.0869,0.0858,0.0862,0.0874,0.0844,0.0865,0.0844,0.0861,0.087,0.089,0.0862,0.085,0.0858,0.0883,0.0881,0.0851,0.0847,0.0872,0.0888,0.0866,0.0862,0.0859,0.0869,0.0852,0.0987,0.0887,0.0879,0.0877,0.0853,0.0848,0.0862,0.0912,0.084,0.086,0.0852,0.0841,0.0871,0.0854,0.0852,0.0854,0.0835
,19:34:16,48,0.0861,0.085,0.0845,0.0849,0.0839,0.0849,0.0851,0.0852,0.086,0.0855,0.0866,0.0854,0.0884,0.0801,0.0838,0.0801,0.082,0.0803,0.0813,0.0804,0.0826,0.0815,0.0821,0.0856,0.0856,0.0798,0.0809,0.0836,0.0792,0.0794,0.0806,0.0835,0.0828,0.0815,0.0795,0.0851,0.0854,0.0807,0.0811,0.0807,0.0836,0.0812,0.0825,0.0841,0.0819,0.0811,0.0803,0.0843,0.0847,0.0854,0.0853,0.0902,0.0871,0.0862,0.0865,0.0874,0.0861,0.0852,0.0866,0.0842,0.0857,0.0843,0.086,0.087,0.0883,0.0861,0.0842,0.0851,0.088,0.087,0.0845,0.0842,0.0867,0.0886,0.0863,0.0856,0.0854,0.0862,0.0844,0.098,0.088,0.0872,0.0875,0.0848,0.0848,0.0862,0.0907,0.0843,0.086,0.0855,0.0839,0.0866,0.0853,0.0846,0.0849,0.0831
,19:39:16,47.9,0.0859,0.0854,0.0854,0.0857,0.085,0.0851,0.0857,0.0862,0.0863,0.0856,0.0874,0.0853,0.0885,0.0808,0.0845,0.0805,0.0826,0.0808,0.0818,0.0812,0.083,0.0821,0.082,0.0861,0.0864,0.0799,0.082,0.0836,0.0802,0.0803,0.0807,0.0839,0.0837,0.082,0.0804,0.0851,0.0855,0.0816,0.0814,0.0817,0.0839,0.0816,0.0829,0.0852,0.0827,0.0813,0.0811,0.0849,0.085,0.0859,0.0866,0.0901,0.0877,0.0869,0.087,0.0875,0.0857,0.0856,0.0875,0.0843,0.0858,0.0847,0.0861,0.087,0.0895,0.0861,0.0845,0.0862,0.0883,0.0875,0.0853,0.0847,0.0869,0.0888,0.0864,0.0867,0.0861,0.0866,0.0855,0.0993,0.0884,0.0879,0.0879,0.0852,0.0855,0.0862,0.0913,0.0845,0.0868,0.0854,0.0843,0.087,0.086,0.0852,0.0851,0.0834
,19:44:16,48,0.0866,0.0859,0.0857,0.0856,0.0847,0.0855,0.0857,0.0861,0.0864,0.0858,0.0877,0.086,0.0894,0.0802,0.0849,0.0804,0.0832,0.0809,0.0817,0.0802,0.0832,0.0821,0.0828,0.086,0.0861,0.0801,0.0816,0.0832,0.0803,0.0802,0.0808,0.0836,0.0832,0.082,0.08,0.0854,0.0853,0.0811,0.0815,0.0814,0.0836,0.0821,0.0825,0.0851,0.0826,0.0809,0.0807,0.0843,0.0855,0.0853,0.0863,0.0903,0.087,0.0866,0.0865,0.0868,0.0859,0.0856,0.0874,0.0847,0.0861,0.0848,0.0863,0.0874,0.0894,0.0869,0.0849,0.0862,0.0881,0.0876,0.0853,0.085,0.0868,0.0891,0.0872,0.0862,0.0859,0.0867,0.0855,0.0985,0.0887,0.0879,0.0876,0.0851,0.085,0.0865,0.0916,0.0849,0.0864,0.0852,0.0841,0.0864,0.0856,0.0847,0.0848,0.084
,19:49:16,47.9,0.086,0.0853,0.0849,0.0853,0.0843,0.0848,0.0855,0.0864,0.0859,0.0849,0.0868,0.0858,0.0888,0.0798,0.084,0.0808,0.0826,0.0803,0.0815,0.0803,0.0825,0.0816,0.0825,0.0862,0.0853,0.0797,0.0817,0.0834,0.0801,0.0798,0.0803,0.0829,0.0834,0.0814,0.0796,0.0847,0.0854,0.0812,0.0813,0.081,0.0831,0.0818,0.083,0.0846,0.0828,0.0815,0.08,0.0841,0.0846,0.0856,0.0856,0.0908,0.087,0.0862,0.0863,0.0871,0.0857,0.0857,0.0874,0.0843,0.0858,0.0842,0.0861,0.0874,0.0888,0.0854,0.0848,0.0854,0.0877,0.0869,0.085,0.0846,0.0874,0.0884,0.0859,0.0861,0.0858,0.0862,0.0849,0.0987,0.0875,0.0879,0.0878,0.0849,0.0848,0.0856,0.0908,0.0842,0.0865,0.0851,0.0839,0.0863,0.085,0.0849,0.0853,0.0838
,19:54:16,48,0.0866,0.0858,0.0856,0.0857,0.0851,0.0854,0.0861,0.0869,0.0863,0.0855,0.0875,0.086,0.0896,0.0802,0.0845,0.0803,0.0833,0.0809,0.0819,0.0808,0.0833,0.0824,0.0828,0.0861,0.086,0.08,0.0821,0.0831,0.0803,0.0802,0.0803,0.0841,0.0837,0.0821,0.0807,0.0854,0.0855,0.0815,0.0813,0.0821,0.0842,0.0816,0.0829,0.0848,0.0824,0.0817,0.0805,0.0851,0.0853,0.0862,0.0864,0.0906,0.0875,0.0868,0.0866,0.0875,0.0862,0.0856,0.0875,0.0849,0.086,0.0847,0.0858,0.0878,0.0897,0.0867,0.0852,0.0866,0.0883,0.0878,0.0852,0.085,0.0871,0.0886,0.0868,0.0864,0.0865,0.0867,0.0853,0.0993,0.0885,0.0878,0.0879,0.0854,0.0856,0.0865,0.0915,0.0849,0.0867,0.0857,0.0845,0.0872,0.086,0.0848,0.0855,0.0834
,19:59:16,48,0.0861,0.0857,0.0852,0.0859,0.0849,0.085,0.0859,0.0864,0.0861,0.0855,0.0871,0.0852,0.0894,0.0803,0.0843,0.0802,0.0825,0.0807,0.0814,0.0807,0.0827,0.0823,0.0824,0.0855,0.0861,0.0801,0.0822,0.083,0.0797,0.0804,0.0805,0.084,0.0838,0.0815,0.0801,0.0851,0.0857,0.0807,0.0813,0.0816,0.0836,0.0814,0.0821,0.0845,0.0828,0.0808,0.0808,0.0844,0.0852,0.0858,0.0857,0.0909,0.0876,0.086,0.087,0.0867,0.0864,0.0854,0.0872,0.0849,0.0859,0.0854,0.0861,0.0872,0.0895,0.0857,0.0845,0.0859,0.0878,0.0877,0.0847,0.0848,0.0875,0.0883,0.0866,0.0861,0.0858,0.0865,0.0853,0.0984,0.0887,0.0879,0.0879,0.0847,0.0854,0.0861,0.0914,0.0843,0.0861,0.0857,0.0849,0.087,0.0856,0.0847,0.0856,0.0839
,20:04:16,48,0.0863,0.0857,0.085,0.0855,0.0844,0.085,0.0862,0.0856,0.0864,0.0855,0.0868,0.0856,0.0894,0.0799,0.0842,0.0802,0.0828,0.081,0.0814,0.0804,0.083,0.0824,0.0825,0.0859,0.0858,0.0798,0.082,0.0836,0.0801,0.0798,0.0805,0.0833,0.0834,0.0816,0.08,0.0857,0.0851,0.0811,0.0811,0.0813,0.0838,0.0814,0.0828,0.0846,0.0827,0.081,0.0805,0.0843,0.0848,0.0857,0.0857,0.0907,0.0873,0.0866,0.0865,0.0874,0.0856,0.0857,0.087,0.0843,0.0859,0.0848,0.0855,0.0872,0.0895,0.0859,0.0849,0.0855,0.088,0.0873,0.0849,0.0848,0.0871,0.0888,0.0866,0.0864,0.0852,0.0864,0.0857,0.099,0.0883,0.0877,0.0877,0.0854,0.0848,0.0857,0.0909,0.0845,0.0864,0.0857,0.0841,0.0868,0.0858,0.0845,0.0846,0.0835
,20:09:16,47.9,0.0863,0.0855,0.0857,0.0852,0.085,0.0853,0.0858,0.0864,0.0864,0.0853,0.087,0.0857,0.0888,0.08,0.0844,0.0809,0.0825,0.0812,0.0813,0.0802,0.0826,0.0826,0.0824,0.0859,0.0861,0.08,0.0816,0.0841,0.08,0.0802,0.0809,0.0843,0.0835,0.0822,0.0802,0.085,0.0857,0.081,0.082,0.0812,0.0839,0.0816,0.0827,0.0853,0.0821,0.0813,0.0804,0.0847,0.0856,0.086,0.0859,0.0903,0.0871,0.0863,0.087,0.0873,0.0861,0.0858,0.088,0.0849,0.0866,0.0854,0.0863,0.0875,0.0894,0.0865,0.0847,0.086,0.0877,0.0874,0.0846,0.0854,0.087,0.0893,0.0865,0.0862,0.0862,0.0866,0.086,0.0993,0.0881,0.0875,0.0875,0.0851,0.0852,0.0864,0.0916,0.0849,0.0869,0.0854,0.0844,0.0866,0.0863,0.0853,0.0849,0.0836
,20:14:16,48,0.086,0.0856,0.0857,0.0852,0.0849,0.0849,0.086,0.0859,0.086,0.0855,0.0874,0.0854,0.0892,0.0809,0.0843,0.0807,0.0828,0.0807,0.0816,0.0807,0.0828,0.0828,0.0819,0.0862,0.0861,0.0799,0.0824,0.0855,0.0799,0.0801,0.0811,0.0834,0.0836,0.0821,0.0808,0.0852,0.0855,0.0811,0.0814,0.0812,0.0835,0.0817,0.0829,0.0846,0.0832,0.0815,0.0805,0.0841,0.0853,0.0861,0.0864,0.0904,0.0876,0.0869,0.0871,0.0875,0.0864,0.0858,0.0879,0.085,0.0863,0.0851,0.086,0.0879,0.0892,0.0865,0.0851,0.0863,0.0879,0.0874,0.0852,0.0847,0.0868,0.0889,0.0867,0.0866,0.0858,0.0869,0.0851,0.0995,0.0881,0.0878,0.0873,0.0854,0.0848,0.0862,0.0909,0.0844,0.0871,0.0851,0.0851,0.0866,0.0857,0.0855,0.0855,0.0837
,20:19:16,48,0.0857,0.0855,0.0847,0.0852,0.0846,0.0848,0.0854,0.0859,0.0864,0.0856,0.0871,0.0856,0.0924,0.0803,0.0839,0.0803,0.0828,0.0807,0.0812,0.0807,0.0831,0.082,0.0821,0.0858,0.0864,0.0801,0.0817,0.0835,0.0801,0.0801,0.0805,0.0839,0.0831,0.0814,0.0806,0.0855,0.0856,0.0809,0.0814,0.0814,0.0834,0.0818,0.0824,0.0845,0.0824,0.081,0.0803,0.0845,0.0848,0.0857,0.086,0.0897,0.087,0.086,0.087,0.0874,0.0861,0.0854,0.0868,0.0849,0.0861,0.0851,0.0859,0.0869,0.089,0.0859,0.0845,0.0857,0.0876,0.0876,0.085,0.0846,0.0872,0.0885,0.0865,0.0859,0.0859,0.0863,0.085,0.0982,0.0881,0.088,0.0883,0.0853,0.0852,0.0863,0.091,0.0839,0.0866,0.0852,0.0845,0.0868,0.0858,0.0853,0.085,0.0831
,20:24:16,47.9,0.0862,0.0858,0.0861,0.0854,0.0848,0.0854,0.0861,0.0863,0.0868,0.0861,0.0876,0.0856,0.0892,0.0806,0.0844,0.0806,0.0827,0.0813,0.082,0.0808,0.0833,0.0827,0.0824,0.0863,0.0861,0.0798,0.0819,0.0849,0.0804,0.0805,0.0806,0.0839,0.0842,0.082,0.0803,0.0856,0.086,0.0819,0.0813,0.0815,0.084,0.0824,0.0833,0.0855,0.0828,0.082,0.0805,0.0846,0.0853,0.0861,0.0867,0.0902,0.0881,0.087,0.0871,0.0874,0.0858,0.0857,0.0881,0.0851,0.086,0.085,0.0867,0.0878,0.0899,0.0865,0.0851,0.0862,0.0883,0.0877,0.0851,0.0858,0.0873,0.0888,0.0865,0.0865,0.0862,0.0872,0.0856,0.0991,0.0887,0.0881,0.0884,0.0853,0.0856,0.0867,0.0911,0.0851,0.0867,0.0855,0.0847,0.0866,0.0856,0.086,0.0858,0.0839
,20:29:16,48,0.0864,0.0862,0.0859,0.0862,0.0849,0.0855,0.0865,0.0863,0.0871,0.0861,0.0873,0.0864,0.0895,0.0806,0.0849,0.0809,0.0833,0.0817,0.0823,0.0808,0.0833,0.0827,0.0827,0.0864,0.0865,0.0804,0.082,0.0845,0.0804,0.0806,0.0811,0.0843,0.0837,0.0818,0.0804,0.0858,0.0857,0.0815,0.0822,0.0817,0.0838,0.0823,0.0834,0.0853,0.0834,0.0815,0.0809,0.0849,0.0859,0.0862,0.0864,0.0905,0.0882,0.0869,0.0872,0.0873,0.0866,0.0862,0.0881,0.0855,0.0865,0.0852,0.0865,0.0876,0.0897,0.0866,0.0854,0.0864,0.0881,0.0879,0.085,0.0858,0.0877,0.0888,0.0869,0.0868,0.0863,0.0873,0.0856,0.0994,0.0888,0.0884,0.0882,0.0852,0.0855,0.0863,0.0918,0.0849,0.0872,0.0861,0.0849,0.0873,0.0863,0.0856,0.086,0.0842
,20:34:16,48,0.0857,0.0851,0.0855,0.0852,0.0844,0.085,0.0855,0.086,0.0856,0.0859,0.0876,0.0853,0.0889,0.0798,0.0842,0.0804,0.0827,0.0807,0.0813,0.08,0.0826,0.0824,0.0818,0.0859,0.0858,0.0796,0.0819,0.0842,0.0794,0.0803,0.0803,0.0832,0.0831,0.0817,0.0804,0.0852,0.0855,0.0813,0.0815,0.0814,0.0831,0.0815,0.0823,0.0848,0.0821,0.0813,0.0803,0.084,0.0852,0.0855,0.0857,0.09,0.0875,0.0866,0.0867,0.0873,0.0861,0.0861,0.0869,0.0846,0.0856,0.0842,0.0862,0.0875,0.0894,0.0856,0.0847,0.0856,0.0879,0.0874,0.0846,0.0848,0.0872,0.0886,0.0866,0.0861,0.086,0.0869,0.0854,0.0989,0.0879,0.0877,0.0879,0.0847,0.0852,0.0857,0.0916,0.0847,0.0866,0.0856,0.0844,0.0866,0.0853,0.085,0.0854,0.0835
,20:39:16,47.9,0.0861,0.0853,0.0856,0.0852,0.085,0.0849,0.0857,0.0867,0.0863,0.0852,0.0871,0.0854,0.0888,0.08,0.084,0.0808,0.0826,0.0811,0.0816,0.0809,0.083,0.0825,0.0822,0.0859,0.0857,0.0798,0.0819,0.084,0.0797,0.0797,0.0807,0.0837,0.0835,0.0814,0.0799,0.0854,0.0855,0.0816,0.0812,0.0814,0.0838,0.0811,0.0823,0.0852,0.0822,0.0808,0.08,0.0844,0.0849,0.0852,0.0865,0.0902,0.0875,0.0862,0.0867,0.0871,0.0857,0.0853,0.0879,0.0844,0.0862,0.0845,0.0862,0.0878,0.0892,0.0861,0.0847,0.0858,0.0879,0.0872,0.0848,0.0847,0.087,0.089,0.0864,0.0858,0.0854,0.0866,0.0857,0.0988,0.0887,0.0876,0.0881,0.0855,0.0857,0.0861,0.0912,0.0845,0.0865,0.0852,0.0848,0.0868,0.0852,0.0849,0.0847,0.083
,20:44:16,48,0.0864,0.0862,0.0862,0.0859,0.0852,0.0852,0.0865,0.0863,0.0866,0.086,0.0874,0.086,0.0894,0.0806,0.0849,0.0809,0.0831,0.0808,0.0818,0.0807,0.0828,0.0822,0.0825,0.0861,0.0864,0.0801,0.0825,0.0843,0.0805,0.0804,0.0804,0.0836,0.0843,0.0821,0.0802,0.086,0.0858,0.082,0.0816,0.0818,0.0842,0.0824,0.0833,0.0851,0.0829,0.0816,0.0807,0.0849,0.0854,0.0855,0.0867,0.091,0.0881,0.0868,0.0872,0.0874,0.086,0.0855,0.0875,0.0851,0.0864,0.0853,0.0863,0.0878,0.0898,0.0863,0.0847,0.0863,0.0883,0.0883,0.0858,0.0856,0.087,0.0888,0.0865,0.0865,0.0859,0.087,0.0852,0.0991,0.0887,0.0882,0.0882,0.0852,0.0851,0.0869,0.0915,0.0852,0.0863,0.0854,0.0846,0.0869,0.0859,0.0855,0.0856,0.0837
,20:49:16,48,0.0865,0.0861,0.0858,0.086,0.0852,0.0852,0.0868,0.0863,0.0864,0.086,0.088,0.0858,0.0893,0.0798,0.0849,0.0807,0.0829,0.0811,0.0818,0.0808,0.0836,0.0829,0.0827,0.0863,0.0864,0.0804,0.0824,0.0846,0.0802,0.0803,0.0809,0.0842,0.084,0.0819,0.0805,0.0861,0.0858,0.0816,0.082,0.0817,0.084,0.0819,0.0833,0.0853,0.0828,0.0826,0.0811,0.0847,0.0861,0.0859,0.0862,0.091,0.0883,0.0869,0.0878,0.0876,0.0867,0.0859,0.0878,0.0851,0.0866,0.0853,0.0864,0.0882,0.0896,0.0865,0.0854,0.0865,0.0885,0.0883,0.0852,0.0853,0.0878,0.0893,0.0872,0.0865,0.0864,0.0869,0.0861,0.0992,0.089,0.0882,0.0879,0.0857,0.0854,0.0867,0.0922,0.0845,0.087,0.086,0.0851,0.0871,0.0861,0.0857,0.0852,0.0842
,20:54:16,48,0.0862,0.0854,0.0858,0.0853,0.0844,0.0847,0.0858,0.0858,0.086,0.0855,0.0871,0.0851,0.0889,0.0797,0.0843,0.0806,0.0822,0.0808,0.0817,0.0802,0.0827,0.082,0.0824,0.0858,0.0854,0.0802,0.0812,0.0828,0.0795,0.0799,0.0808,0.0835,0.0835,0.0818,0.0801,0.0852,0.0851,0.0808,0.0811,0.0816,0.0837,0.0814,0.0825,0.0848,0.0824,0.0807,0.0805,0.0847,0.0852,0.0858,0.0861,0.0902,0.0872,0.086,0.0865,0.0871,0.0861,0.0858,0.0867,0.0845,0.0857,0.085,0.0856,0.0871,0.0893,0.0854,0.0849,0.086,0.0875,0.0875,0.0846,0.0846,0.0866,0.0885,0.086,0.0861,0.0858,0.0865,0.0845,0.0985,0.0885,0.0874,0.0875,0.0851,0.0845,0.0859,0.091,0.0846,0.0861,0.0849,0.0846,0.0865,0.0854,0.0847,0.0854,0.0834
,20:59:16,47.9,0.0867,0.0861,0.0854,0.086,0.0849,0.0856,0.086,0.0864,0.0871,0.0859,0.0876,0.0859,0.0906,0.0798,0.0849,0.0804,0.083,0.081,0.0816,0.0805,0.0832,0.0826,0.0827,0.0868,0.086,0.0801,0.0828,0.0829,0.0798,0.0802,0.0805,0.0837,0.0842,0.0818,0.0807,0.0856,0.0861,0.0813,0.0814,0.0819,0.0835,0.0817,0.0831,0.0849,0.083,0.0818,0.0805,0.0846,0.0859,0.0858,0.0867,0.0907,0.0872,0.0872,0.0868,0.0871,0.0864,0.0855,0.0872,0.0853,0.086,0.0852,0.0865,0.0881,0.0895,0.0863,0.0848,0.0861,0.0884,0.0882,0.0858,0.0856,0.0874,0.0891,0.0867,0.0862,0.0862,0.0869,0.0858,0.0993,0.0885,0.0877,0.0881,0.085,0.085,0.0864,0.0914,0.0849,0.0862,0.0852,0.0847,0.0867,0.086,0.0858,0.085,0.0834
,21:04:16,48,0.0865,0.0857,0.0861,0.0857,0.0853,0.0853,0.0865,0.0862,0.0863,0.0858,0.0876,0.0857,0.0888,0.0805,0.0846,0.0808,0.0833,0.0808,0.082,0.081,0.0832,0.0822,0.0827,0.0863,0.0863,0.0805,0.0818,0.083,0.0799,0.0808,0.0811,0.0838,0.0835,0.0819,0.0809,0.0858,0.0861,0.0819,0.0819,0.0814,0.0838,0.0822,0.0831,0.0854,0.083,0.0813,0.0807,0.0846,0.0855,0.0861,0.0865,0.0908,0.0877,0.0867,0.0869,0.0876,0.0864,0.0858,0.0879,0.0849,0.0866,0.085,0.0865,0.0879,0.0893,0.0866,0.0849,0.0864,0.088,0.0878,0.0855,0.0855,0.0877,0.0887,0.087,0.0864,0.0863,0.0869,0.0859,0.0992,0.0882,0.0883,0.0887,0.0851,0.0852,0.0866,0.0913,0.0847,0.0866,0.0853,0.0846,0.0872,0.0856,0.0853,0.0853,0.0838
,21:09:16,48,0.0863,0.0858,0.085,0.0857,0.0842,0.0849,0.0854,0.0859,0.0857,0.085,0.0868,0.0854,0.0884,0.0801,0.0848,0.0806,0.0821,0.0804,0.0813,0.0802,0.0826,0.0818,0.0825,0.086,0.0855,0.0802,0.0812,0.083,0.0798,0.0802,0.0803,0.0837,0.0834,0.0819,0.0802,0.085,0.0858,0.0814,0.081,0.081,0.0833,0.0814,0.0823,0.0846,0.0826,0.0813,0.0806,0.0842,0.0849,0.0853,0.0857,0.0905,0.0868,0.0862,0.0864,0.0873,0.0853,0.0857,0.0874,0.0848,0.0858,0.0846,0.0866,0.087,0.0895,0.0858,0.0842,0.0854,0.0875,0.0875,0.0849,0.0848,0.0867,0.0883,0.0864,0.0857,0.0853,0.087,0.0853,0.0984,0.0878,0.0872,0.0881,0.0847,0.0849,0.0859,0.091,0.0846,0.0865,0.085,0.0842,0.0867,0.0853,0.0852,0.0849,0.0829
,21:14:16,47.9,0.0865,0.0856,0.0861,0.0858,0.0852,0.0855,0.0862,0.0864,0.0866,0.0856,0.0876,0.0854,0.0914,0.0802,0.0848,0.0805,0.083,0.0809,0.082,0.0811,0.0835,0.0826,0.0824,0.0864,0.0858,0.0802,0.0821,0.0832,0.0802,0.0803,0.0809,0.0842,0.0842,0.0822,0.0802,0.0854,0.0857,0.0814,0.0813,0.0817,0.0834,0.0816,0.0833,0.085,0.0826,0.0815,0.0803,0.0844,0.0854,0.0861,0.0863,0.091,0.0876,0.0869,0.0868,0.087,0.086,0.0859,0.0877,0.0847,0.0862,0.0849,0.0865,0.0875,0.0892,0.0857,0.0847,0.0864,0.0879,0.0877,0.0854,0.0855,0.0871,0.0887,0.0868,0.0862,0.086,0.0871,0.0854,0.0992,0.0884,0.088,0.0882,0.085,0.0849,0.0865,0.0914,0.0847,0.0864,0.0857,0.0847,0.0868,0.086,0.0853,0.0852,0.0834
,21:19:16,48,0.0862,0.0854,0.0853,0.085,0.0842,0.0849,0.0857,0.0855,0.0862,0.0851,0.0872,0.0855,0.0883,0.08,0.084,0.0799,0.0821,0.0801,0.081,0.0798,0.0828,0.0818,0.0825,0.0854,0.086,0.0794,0.0814,0.0827,0.0798,0.0799,0.08,0.084,0.0831,0.0817,0.0797,0.085,0.0849,0.0809,0.081,0.0815,0.0829,0.0816,0.083,0.0845,0.082,0.0815,0.0804,0.0843,0.0853,0.0852,0.0856,0.0905,0.0873,0.0863,0.0861,0.0871,0.086,0.0856,0.0868,0.0848,0.0856,0.0849,0.0855,0.0873,0.0892,0.0857,0.0847,0.0853,0.0872,0.0871,0.0848,0.0849,0.0869,0.089,0.0862,0.0862,0.0856,0.0861,0.0849,0.0987,0.0876,0.0878,0.0876,0.0844,0.0849,0.086,0.0913,0.0841,0.0867,0.0849,0.0847,0.087,0.085,0.0846,0.0848,0.0828
,21:24:16,47.9,0.0859,0.0852,0.085,0.0857,0.0849,0.0849,0.0854,0.0863,0.0861,0.0851,0.0872,0.085,0.0892,0.079,0.0843,0.0797,0.082,0.0805,0.0814,0.0803,0.0822,0.0823,0.0823,0.0859,0.0854,0.0799,0.0816,0.0833,0.0798,0.0797,0.0806,0.0839,0.0832,0.0811,0.0806,0.0852,0.0855,0.0812,0.0812,0.0809,0.0835,0.0814,0.0823,0.085,0.0823,0.0811,0.0805,0.0839,0.085,0.0853,0.0858,0.0906,0.0873,0.0861,0.0863,0.0875,0.0855,0.0856,0.0868,0.0841,0.0859,0.0845,0.0862,0.087,0.0896,0.0858,0.0844,0.0859,0.0876,0.0873,0.0848,0.0844,0.0861,0.0887,0.086,0.086,0.0861,0.0865,0.0849,0.0982,0.0884,0.0876,0.0877,0.0848,0.0844,0.0858,0.0909,0.0839,0.0864,0.0849,0.0842,0.0866,0.0851,0.0849,0.0849,0.0827
,21:29:16,48,0.0862,0.0853,0.0855,0.086,0.0849,0.0849,0.0858,0.0865,0.0866,0.0859,0.0878,0.0857,0.0972,0.0799,0.0842,0.081,0.0824,0.0812,0.0818,0.0807,0.0827,0.0826,0.0821,0.086,0.0865,0.0802,0.0822,0.0841,0.0797,0.0803,0.0802,0.0838,0.0838,0.0819,0.0804,0.0853,0.0855,0.0817,0.0815,0.082,0.0836,0.0821,0.0832,0.0856,0.0829,0.0808,0.0805,0.0845,0.0853,0.0857,0.0862,0.0908,0.0876,0.0866,0.087,0.0872,0.0865,0.0862,0.0875,0.0852,0.0862,0.0852,0.0866,0.0878,0.0893,0.0861,0.0849,0.0865,0.0881,0.0876,0.0846,0.085,0.087,0.0891,0.086,0.0862,0.0857,0.0865,0.0853,0.0992,0.0886,0.0878,0.0878,0.0853,0.0848,0.0867,0.0914,0.0847,0.0866,0.0859,0.0851,0.0872,0.0863,0.0853,0.0857,0.0836
,21:34:16,47.9,0.086,0.0861,0.0852,0.0853,0.0848,0.0854,0.086,0.0863,0.0858,0.0861,0.087,0.0855,0.0893,0.0802,0.0843,0.0802,0.0824,0.081,0.0815,0.0801,0.083,0.0817,0.0825,0.0862,0.086,0.0805,0.0814,0.0836,0.0796,0.0798,0.0816,0.0834,0.0838,0.0821,0.0807,0.0859,0.086,0.0809,0.0817,0.0813,0.0835,0.0815,0.0826,0.0851,0.0826,0.0815,0.0808,0.0845,0.0848,0.0856,0.0861,0.0905,0.0873,0.0866,0.0868,0.0875,0.0861,0.0858,0.0872,0.0847,0.0858,0.0846,0.0862,0.0875,0.0894,0.086,0.0849,0.0863,0.0878,0.0878,0.0851,0.0854,0.0871,0.0888,0.0863,0.0859,0.0859,0.0868,0.0858,0.0986,0.0878,0.0879,0.0879,0.0852,0.0847,0.0856,0.0912,0.0843,0.0874,0.0858,0.0844,0.0867,0.0857,0.0851,0.0848,0.0832
,21:39:16,48,0.0865,0.0863,0.0852,0.0858,0.0847,0.0851,0.086,0.0864,0.0867,0.0862,0.0872,0.0862,0.0892,0.0803,0.0846,0.0806,0.0829,0.0812,0.0819,0.0811,0.0828,0.0834,0.0823,0.0861,0.0864,0.0807,0.0826,0.0847,0.0803,0.0801,0.0809,0.0839,0.0835,0.0815,0.0809,0.0858,0.0858,0.0812,0.0814,0.0817,0.0838,0.0822,0.0833,0.0847,0.0829,0.0812,0.0809,0.0843,0.0851,0.0853,0.0862,0.0911,0.0871,0.0868,0.0866,0.0879,0.0859,0.086,0.0874,0.0852,0.0862,0.0857,0.0866,0.0875,0.0891,0.0859,0.0852,0.0864,0.0887,0.0876,0.0853,0.0848,0.0875,0.089,0.0864,0.0864,0.0861,0.087,0.0859,0.099,0.0889,0.0881,0.0885,0.0855,0.0856,0.0869,0.0916,0.085,0.0866,0.0862,0.0844,0.087,0.0862,0.0854,0.0852,0.0834
,21:44:16,47.9,0.0852,0.0855,0.0854,0.0861,0.0848,0.085,0.0854,0.0864,0.086,0.0856,0.0871,0.085,0.0885,0.0798,0.0844,0.0806,0.0823,0.0805,0.0817,0.0802,0.0828,0.0826,0.0827,0.0859,0.0857,0.0797,0.082,0.0837,0.0797,0.0802,0.0801,0.0836,0.083,0.0816,0.0804,0.0851,0.0857,0.0809,0.0815,0.0815,0.084,0.0814,0.0831,0.0847,0.0821,0.0809,0.0802,0.0847,0.0853,0.0853,0.0856,0.0904,0.0872,0.0866,0.086,0.0867,0.0862,0.0857,0.0871,0.085,0.086,0.085,0.0862,0.087,0.089,0.0857,0.0847,0.0863,0.0879,0.0877,0.0849,0.0848,0.0868,0.0889,0.086,0.0859,0.0854,0.086,0.0849,0.0988,0.0882,0.0879,0.0876,0.0854,0.0847,0.0855,0.0905,0.0842,0.0862,0.0851,0.0841,0.0861,0.0858,0.0851,0.085,0.0831
,21:49:16,48,0.0858,0.0859,0.0854,0.0856,0.0852,0.085,0.086,0.0864,0.0864,0.0858,0.0871,0.0853,0.0893,0.0799,0.0843,0.0807,0.0823,0.081,0.0816,0.0809,0.0826,0.0824,0.0824,0.0865,0.0859,0.0802,0.0816,0.084,0.0798,0.0801,0.0806,0.0836,0.0836,0.0816,0.0803,0.0856,0.0858,0.0816,0.0817,0.0818,0.0837,0.0817,0.083,0.0847,0.0827,0.0811,0.0806,0.0848,0.085,0.0856,0.0864,0.0909,0.0875,0.0866,0.0868,0.0873,0.0864,0.0861,0.0877,0.0853,0.0859,0.0845,0.0863,0.0878,0.089,0.086,0.0847,0.0867,0.0882,0.0874,0.085,0.085,0.0871,0.0886,0.0859,0.0868,0.0862,0.0867,0.0857,0.0991,0.0879,0.0882,0.088,0.0855,0.0853,0.0862,0.0914,0.0846,0.0871,0.085,0.0844,0.0873,0.0861,0.0853,0.0854,0.0839
,21:54:16,47.9,0.0853,0.0856,0.0856,0.0854,0.0848,0.0851,0.0857,0.0856,0.0862,0.0852,0.0871,0.0852,0.089,0.0801,0.084,0.0801,0.0823,0.0813,0.0817,0.0804,0.0829,0.0817,0.0819,0.0859,0.0857,0.0794,0.0822,0.0826,0.0793,0.0801,0.0814,0.0829,0.0833,0.081,0.0798,0.0853,0.0855,0.0814,0.0806,0.081,0.0836,0.0816,0.0828,0.0848,0.0824,0.0815,0.0802,0.0844,0.0849,0.0856,0.0858,0.0901,0.087,0.0859,0.0862,0.087,0.0854,0.0856,0.0871,0.0845,0.0855,0.0845,0.0859,0.0875,0.0888,0.0854,0.0844,0.0859,0.0876,0.0869,0.0848,0.0849,0.0863,0.0885,0.0858,0.0858,0.0857,0.0866,0.0852,0.0984,0.088,0.0874,0.0878,0.0844,0.0846,0.0856,0.0913,0.0841,0.0862,0.0854,0.084,0.0863,0.0853,0.0843,0.0849,0.0827
,21:59:16,48,0.0857,0.0855,0.0857,0.0853,0.0852,0.0855,0.0854,0.0865,0.0859,0.0857,0.0867,0.0848,0.089,0.0803,0.0845,0.0801,0.0827,0.0811,0.0817,0.0807,0.0829,0.0828,0.0821,0.0863,0.0858,0.0798,0.0814,0.0843,0.0798,0.0806,0.0815,0.0834,0.0834,0.0818,0.0806,0.085,0.0853,0.0812,0.0817,0.0816,0.0835,0.0816,0.0826,0.0846,0.0821,0.0816,0.0807,0.0844,0.0855,0.0854,0.0862,0.0903,0.0872,0.0868,0.0864,0.0875,0.086,0.0854,0.0871,0.085,0.0857,0.0854,0.086,0.0876,0.0897,0.0861,0.0846,0.0859,0.0881,0.0876,0.0851,0.0852,0.087,0.0889,0.0863,0.0865,0.0856,0.0863,0.0858,0.0987,0.0883,0.0875,0.088,0.0849,0.0847,0.0859,0.0908,0.084,0.0864,0.0855,0.0843,0.0871,0.0856,0.0846,0.0848,0.0828
,22:04:16,48,0.0869,0.0857,0.0854,0.0861,0.0847,0.0853,0.0858,0.0864,0.086,0.0861,0.0877,0.0862,0.0894,0.08,0.0849,0.081,0.0834,0.0819,0.0822,0.0807,0.0835,0.0829,0.0826,0.0867,0.0868,0.0806,0.0819,0.0846,0.0799,0.0806,0.0815,0.0843,0.0836,0.0822,0.0807,0.0859,0.0857,0.0814,0.0816,0.0816,0.0834,0.0823,0.0832,0.0847,0.0826,0.0812,0.0805,0.0849,0.0853,0.0855,0.0863,0.0909,0.0874,0.0872,0.0873,0.0874,0.0862,0.0862,0.0876,0.0856,0.0862,0.0848,0.0864,0.0876,0.0895,0.0868,0.0848,0.0862,0.0883,0.0874,0.085,0.0852,0.0876,0.0891,0.0865,0.0864,0.0864,0.0873,0.0854,0.0986,0.0884,0.0884,0.0877,0.0853,0.0859,0.0861,0.0917,0.0845,0.0866,0.0852,0.0852,0.0871,0.0856,0.0852,0.0855,0.0834
,,,,,,,,,,,,,,,,,,,,,,,,,,,,,,,,,,,,,,,,,,,,,,,,,,,,,,,,,,,,,,,,,,,,,,,,,,,,,,,,,,,,,,,,,,,,,,,,,,
Results,,,,,,,,,,,,,,,,,,,,,,,,,,,,,,,,,,,,,,,,,,,,,,,,,,,,,,,,,,,,,,,,,,,,,,,,,,,,,,,,,,,,,,,,,,,,,,,,,,
,,,,,,,,,,,,,,,,,,,,,,,,,,,,,,,,,,,,,,,,,,,,,,,,,,,,,,,,,,,,,,,,,,,,,,,,,,,,,,,,,,,,,,,,,,,,,,,,,,
,,1,2,3,4,5,6,7,8,9,10,11,12,,,,,,,,,,,,,,,,,,,,,,,,,,,,,,,,,,,,,,,,,,,,,,,,,,,,,,,,,,,,,,,,,,,,,,,,,,,,,,,,,,,,,
,A,-0.07,-0.066,0.07,0.13,-0.208,-0.1,0.068,0.076,0.066,-0.064,0.062,-0.068,Max V [600],,,,,,,,,,,,,,,,,,,,,,,,,,,,,,,,,,,,,,,,,,,,,,,,,,,,,,,,,,,,,,,,,,,,,,,,,,,,,,,,,,,,
,,0.8,0.899,0.704,0.544,0.565,0.493,0.771,0.69,0.771,0.898,0.59,0.819,R-Squared [600],,,,,,,,,,,,,,,,,,,,,,,,,,,,,,,,,,,,,,,,,,,,,,,,,,,,,,,,,,,,,,,,,,,,,,,,,,,,,,,,,,,,
,,16:14:16,0:34:16,1:54:16,7:49:16,6:24:16,6:39:16,5:39:16,6:29:16,10:29:16,9:44:16,7:14:16,16:14:16,t at Max V [600],,,,,,,,,,,,,,,,,,,,,,,,,,,,,,,,,,,,,,,,,,,,,,,,,,,,,,,,,,,,,,,,,,,,,,,,,,,,,,,,,,,,
,,16:05:07,0:18:31,2:02:50,7:49:44,6:21:23,6:32:52,5:49:34,6:39:00,10:46:32,9:28:39,7:17:49,15:58:58,Lagtime [600],,,,,,,,,,,,,,,,,,,,,,,,,,,,,,,,,,,,,,,,,,,,,,,,,,,,,,,,,,,,,,,,,,,,,,,,,,,,,,,,,,,,
,B,-0.332,-0.102,-0.086,-0.072,-0.082,-0.096,-0.064,-0.074,-0.07,0.082,-0.106,-0.068,Max V [600],,,,,,,,,,,,,,,,,,,,,,,,,,,,,,,,,,,,,,,,,,,,,,,,,,,,,,,,,,,,,,,,,,,,,,,,,,,,,,,,,,,,
,,0.517,0.741,0.719,0.671,0.962,0.896,0.771,0.548,0.858,0.771,0.631,0.97,R-Squared [600],,,,,,,,,,,,,,,,,,,,,,,,,,,,,,,,,,,,,,,,,,,,,,,,,,,,,,,,,,,,,,,,,,,,,,,,,,,,,,,,,,,,
,,21:39:16,0:14:16,0:14:16,0:14:16,0:14:16,5:59:16,10:09:16,0:14:16,3:29:16,11:34:16,0:14:16,16:19:16,t at Max V [600],,,,,,,,,,,,,,,,,,,,,,,,,,,,,,,,,,,,,,,,,,,,,,,,,,,,,,,,,,,,,,,,,,,,,,,,,,,,,,,,,,,,
,,21:39:52,?????,?????,?????,?????,5:54:41,9:45:31,?????,3:18:59,11:46:28,?????,16:23:05,Lagtime [600],,,,,,,,,,,,,,,,,,,,,,,,,,,,,,,,,,,,,,,,,,,,,,,,,,,,,,,,,,,,,,,,,,,,,,,,,,,,,,,,,,,,
,C,-0.066,0.064,-0.092,0.118,-0.098,0.06,0.074,0.064,0.058,-0.06,0.068,0.068,Max V [600],,,,,,,,,,,,,,,,,,,,,,,,,,,,,,,,,,,,,,,,,,,,,,,,,,,,,,,,,,,,,,,,,,,,,,,,,,,,,,,,,,,,
,,0.955,0.973,0.936,0.842,0.678,0.6,0.841,0.696,0.613,0.893,0.728,0.821,R-Squared [600],,,,,,,,,,,,,,,,,,,,,,,,,,,,,,,,,,,,,,,,,,,,,,,,,,,,,,,,,,,,,,,,,,,,,,,,,,,,,,,,,,,,
,,0:14:16,21:29:16,11:14:16,20:04:16,0:14:16,14:49:16,21:54:16,15:29:16,12:59:16,2:09:16,5:39:16,17:44:16,t at Max V [600],,,,,,,,,,,,,,,,,,,,,,,,,,,,,,,,,,,,,,,,,,,,,,,,,,,,,,,,,,,,,,,,,,,,,,,,,,,,,,,,,,,,
,,?????,21:48:57,10:57:58,20:04:36,?????,15:09:16,22:00:45,15:43:57,13:18:55,1:40:36,5:58:41,18:05:09,Lagtime [600],,,,,,,,,,,,,,,,,,,,,,,,,,,,,,,,,,,,,,,,,,,,,,,,,,,,,,,,,,,,,,,,,,,,,,,,,,,,,,,,,,,,
,D,-0.066,0.086,0.068,-0.08,-0.278,0.06,0.052,-0.202,-0.11,-0.068,-0.106,0.066,Max V [600],,,,,,,,,,,,,,,,,,,,,,,,,,,,,,,,,,,,,,,,,,,,,,,,,,,,,,,,,,,,,,,,,,,,,,,,,,,,,,,,,,,,
,,0.742,0.919,0.898,0.718,0.676,0.824,0.542,0.831,0.545,0.466,0.8,0.794,R-Squared [600],,,,,,,,,,,,,,,,,,,,,,,,,,,,,,,,,,,,,,,,,,,,,,,,,,,,,,,,,,,,,,,,,,,,,,,,,,,,,,,,,,,,
,,18:59:16,10:29:16,7:14:16,0:14:16,0:14:16,13:39:16,18:29:16,0:14:16,0:14:16,0:14:16,0:14:16,17:44:16,t at Max V [600],,,,,,,,,,,,,,,,,,,,,,,,,,,,,,,,,,,,,,,,,,,,,,,,,,,,,,,,,,,,,,,,,,,,,,,,,,,,,,,,,,,,
,,18:33:49,10:44:51,7:26:20,?????,?????,13:40:16,18:48:53,?????,?????,?????,?????,17:49:43,Lagtime [600],,,,,,,,,,,,,,,,,,,,,,,,,,,,,,,,,,,,,,,,,,,,,,,,,,,,,,,,,,,,,,,,,,,,,,,,,,,,,,,,,,,,
,E,0.29,0.058,0.062,-0.164,0.082,0.066,-0.056,-0.086,0.074,0.06,0.06,-0.086,Max V [600],,,,,,,,,,,,,,,,,,,,,,,,,,,,,,,,,,,,,,,,,,,,,,,,,,,,,,,,,,,,,,,,,,,,,,,,,,,,,,,,,,,,
,,0.969,0.987,0.546,0.866,0.949,0.794,0.76,0.83,0.661,0.726,0.584,0.83,R-Squared [600],,,,,,,,,,,,,,,,,,,,,,,,,,,,,,,,,,,,,,,,,,,,,,,,,,,,,,,,,,,,,,,,,,,,,,,,,,,,,,,,,,,,
,,0:14:16,1:54:16,5:39:16,1:39:16,17:44:16,1:04:16,13:09:16,0:14:16,5:39:16,11:39:16,8:29:16,0:14:16,t at Max V [600],,,,,,,,,,,,,,,,,,,,,,,,,,,,,,,,,,,,,,,,,,,,,,,,,,,,,,,,,,,,,,,,,,,,,,,,,,,,,,,,,,,,
,,0:04:53,2:19:26,6:03:28,1:21:06,18:09:23,1:17:18,12:52:07,?????,5:38:44,11:49:16,8:40:56,?????,Lagtime [600],,,,,,,,,,,,,,,,,,,,,,,,,,,,,,,,,,,,,,,,,,,,,,,,,,,,,,,,,,,,,,,,,,,,,,,,,,,,,,,,,,,,
,F,0.078,0.074,0.058,-0.062,-0.092,0.066,0.066,-0.062,0.07,0.08,-0.292,-0.134,Max V [600],,,,,,,,,,,,,,,,,,,,,,,,,,,,,,,,,,,,,,,,,,,,,,,,,,,,,,,,,,,,,,,,,,,,,,,,,,,,,,,,,,,,
,,0.53,0.809,0.987,0.506,0.707,0.908,0.818,0.563,0.906,0.909,0.628,0.859,R-Squared [600],,,,,,,,,,,,,,,,,,,,,,,,,,,,,,,,,,,,,,,,,,,,,,,,,,,,,,,,,,,,,,,,,,,,,,,,,,,,,,,,,,,,
,,7:49:16,5:39:16,7:49:16,16:19:16,0:14:16,1:54:16,17:24:16,19:24:16,19:09:16,1:54:16,2:04:16,0:14:16,t at Max V [600],,,,,,,,,,,,,,,,,,,,,,,,,,,,,,,,,,,,,,,,,,,,,,,,,,,,,,,,,,,,,,,,,,,,,,,,,,,,,,,,,,,,
,,8:01:50,5:40:05,8:05:49,16:07:59,?????,2:04:52,17:52:09,18:52:20,19:27:16,2:14:16,2:05:26,?????,Lagtime [600],,,,,,,,,,,,,,,,,,,,,,,,,,,,,,,,,,,,,,,,,,,,,,,,,,,,,,,,,,,,,,,,,,,,,,,,,,,,,,,,,,,,
,G,-0.06,-0.062,0.064,0.064,-0.064,-0.058,-0.104,-0.474,-0.064,-0.06,-0.096,0.13,Max V [600],,,,,,,,,,,,,,,,,,,,,,,,,,,,,,,,,,,,,,,,,,,,,,,,,,,,,,,,,,,,,,,,,,,,,,,,,,,,,,,,,,,,
,,0.662,0.95,0.698,0.973,0.661,0.587,0.826,0.722,0.959,0.666,0.821,0.791,R-Squared [600],,,,,,,,,,,,,,,,,,,,,,,,,,,,,,,,,,,,,,,,,,,,,,,,,,,,,,,,,,,,,,,,,,,,,,,,,,,,,,,,,,,,
,,21:14:16,8:44:16,5:39:16,13:39:16,3:29:16,16:24:16,0:14:16,0:14:16,16:19:16,9:44:16,0:14:16,0:34:16,t at Max V [600],,,,,,,,,,,,,,,,,,,,,,,,,,,,,,,,,,,,,,,,,,,,,,,,,,,,,,,,,,,,,,,,,,,,,,,,,,,,,,,,,,,,
,,20:57:36,8:16:12,5:54:35,14:04:54,3:18:39,15:43:35,?????,?????,15:41:27,9:28:36,?????,0:21:11,Lagtime [600],,,,,,,,,,,,,,,,,,,,,,,,,,,,,,,,,,,,,,,,,,,,,,,,,,,,,,,,,,,,,,,,,,,,,,,,,,,,,,,,,,,,
,H,-0.054,-0.06,-0.05,-0.068,-0.07,-0.07,0.078,-0.062,0.07,-0.062,-0.052,-0.062,Max V [600],,,,,,,,,,,,,,,,,,,,,,,,,,,,,,,,,,,,,,,,,,,,,,,,,,,,,,,,,,,,,,,,,,,,,,,,,,,,,,,,,,,,
,,0.693,0.893,0.965,0.948,0.821,0.844,0.854,0.783,0.909,0.751,0.589,0.913,R-Squared [600],,,,,,,,,,,,,,,,,,,,,,,,,,,,,,,,,,,,,,,,,,,,,,,,,,,,,,,,,,,,,,,,,,,,,,,,,,,,,,,,,,,,
,,8:44:16,16:19:16,9:44:16,13:09:16,16:24:16,16:19:16,17:44:16,16:14:16,18:39:16,16:14:16,18:59:16,16:14:16,t at Max V [600],,,,,,,,,,,,,,,,,,,,,,,,,,,,,,,,,,,,,,,,,,,,,,,,,,,,,,,,,,,,,,,,,,,,,,,,,,,,,,,,,,,,
,,8:37:36,16:07:16,9:26:40,13:06:20,16:13:42,16:20:07,17:46:50,16:17:49,18:42:25,16:30:24,18:51:11,16:10:24,Lagtime [600],,,,,,,,,,,,,,,,,,,,,,,,,,,,,,,,,,,,,,,,,,,,,,,,,,,,,,,,,,,,,,,,,,,,,,,,,,,,,,,,,,,,
