Software Version,3.11.19,,,,,,,,,,,,,,,,,,,,,,,,,,,,,,,,,,,,,,,,,,,,,,,,,,,,,,,,,,,,,,,,,,,,,,,,,,,,,,,,,,,,,,,,,,,,,,,,,
,,,,,,,,,,,,,,,,,,,,,,,,,,,,,,,,,,,,,,,,,,,,,,,,,,,,,,,,,,,,,,,,,,,,,,,,,,,,,,,,,,,,,,,,,,,,,,,,,,
Experiment File Path:,C:\Users\jelab\Documents\Gen 5\Edward Liu\Experiment10.xpt,,,,,,,,,,,,,,,,,,,,,,,,,,,,,,,,,,,,,,,,,,,,,,,,,,,,,,,,,,,,,,,,,,,,,,,,,,,,,,,,,,,,,,,,,,,,,,,,,
Protocol File Path:,C:\Users\jelab\Documents\Gen 5\Edward Liu\synergy prot\synergyRIFRxT 48c.prt,,,,,,,,,,,,,,,,,,,,,,,,,,,,,,,,,,,,,,,,,,,,,,,,,,,,,,,,,,,,,,,,,,,,,,,,,,,,,,,,,,,,,,,,,,,,,,,,,
Plate Number,Plate 4,,,,,,,,,,,,,,,,,,,,,,,,,,,,,,,,,,,,,,,,,,,,,,,,,,,,,,,,,,,,,,,,,,,,,,,,,,,,,,,,,,,,,,,,,,,,,,,,,
Date,24/03/2026,,,,,,,,,,,,,,,,,,,,,,,,,,,,,,,,,,,,,,,,,,,,,,,,,,,,,,,,,,,,,,,,,,,,,,,,,,,,,,,,,,,,,,,,,,,,,,,,,
Time,9:51:28 AM,,,,,,,,,,,,,,,,,,,,,,,,,,,,,,,,,,,,,,,,,,,,,,,,,,,,,,,,,,,,,,,,,,,,,,,,,,,,,,,,,,,,,,,,,,,,,,,,,
Reader Type:,Synergy HT,,,,,,,,,,,,,,,,,,,,,,,,,,,,,,,,,,,,,,,,,,,,,,,,,,,,,,,,,,,,,,,,,,,,,,,,,,,,,,,,,,,,,,,,,,,,,,,,,
Reader Serial Number:,271552,,,,,,,,,,,,,,,,,,,,,,,,,,,,,,,,,,,,,,,,,,,,,,,,,,,,,,,,,,,,,,,,,,,,,,,,,,,,,,,,,,,,,,,,,,,,,,,,,
Reading Type,Reader,,,,,,,,,,,,,,,,,,,,,,,,,,,,,,,,,,,,,,,,,,,,,,,,,,,,,,,,,,,,,,,,,,,,,,,,,,,,,,,,,,,,,,,,,,,,,,,,,
,,,,,,,,,,,,,,,,,,,,,,,,,,,,,,,,,,,,,,,,,,,,,,,,,,,,,,,,,,,,,,,,,,,,,,,,,,,,,,,,,,,,,,,,,,,,,,,,,,
Procedure Details,,,,,,,,,,,,,,,,,,,,,,,,,,,,,,,,,,,,,,,,,,,,,,,,,,,,,,,,,,,,,,,,,,,,,,,,,,,,,,,,,,,,,,,,,,,,,,,,,,
Plate Type,96 WELL PLATE,,,,,,,,,,,,,,,,,,,,,,,,,,,,,,,,,,,,,,,,,,,,,,,,,,,,,,,,,,,,,,,,,,,,,,,,,,,,,,,,,,,,,,,,,,,,,,,,,
Set Temperature,Setpoint 48°C,,,,,,,,,,,,,,,,,,,,,,,,,,,,,,,,,,,,,,,,,,,,,,,,,,,,,,,,,,,,,,,,,,,,,,,,,,,,,,,,,,,,,,,,,,,,,,,,,
,Preheat before moving to next step,,,,,,,,,,,,,,,,,,,,,,,,,,,,,,,,,,,,,,,,,,,,,,,,,,,,,,,,,,,,,,,,,,,,,,,,,,,,,,,,,,,,,,,,,,,,,,,,,
Start Kinetic,"Runtime 22:00:00 (HH:MM:SS), Interval 0:05:00, 265 Reads",,,,,,,,,,,,,,,,,,,,,,,,,,,,,,,,,,,,,,,,,,,,,,,,,,,,,,,,,,,,,,,,,,,,,,,,,,,,,,,,,,,,,,,,,,,,,,,,,
    Shake,"Medium, Continuous",,,,,,,,,,,,,,,,,,,,,,,,,,,,,,,,,,,,,,,,,,,,,,,,,,,,,,,,,,,,,,,,,,,,,,,,,,,,,,,,,,,,,,,,,,,,,,,,,
    Read,Absorbance Endpoint,,,,,,,,,,,,,,,,,,,,,,,,,,,,,,,,,,,,,,,,,,,,,,,,,,,,,,,,,,,,,,,,,,,,,,,,,,,,,,,,,,,,,,,,,,,,,,,,,
,Full Plate,,,,,,,,,,,,,,,,,,,,,,,,,,,,,,,,,,,,,,,,,,,,,,,,,,,,,,,,,,,,,,,,,,,,,,,,,,,,,,,,,,,,,,,,,,,,,,,,,
,Wavelengths:  600,,,,,,,,,,,,,,,,,,,,,,,,,,,,,,,,,,,,,,,,,,,,,,,,,,,,,,,,,,,,,,,,,,,,,,,,,,,,,,,,,,,,,,,,,,,,,,,,,
,Read Speed: Normal,,,,,,,,,,,,,,,,,,,,,,,,,,,,,,,,,,,,,,,,,,,,,,,,,,,,,,,,,,,,,,,,,,,,,,,,,,,,,,,,,,,,,,,,,,,,,,,,,
End Kinetic,,,,,,,,,,,,,,,,,,,,,,,,,,,,,,,,,,,,,,,,,,,,,,,,,,,,,,,,,,,,,,,,,,,,,,,,,,,,,,,,,,,,,,,,,,,,,,,,,,
,,,,,,,,,,,,,,,,,,,,,,,,,,,,,,,,,,,,,,,,,,,,,,,,,,,,,,,,,,,,,,,,,,,,,,,,,,,,,,,,,,,,,,,,,,,,,,,,,,
600,,,,,,,,,,,,,,,,,,,,,,,,,,,,,,,,,,,,,,,,,,,,,,,,,,,,,,,,,,,,,,,,,,,,,,,,,,,,,,,,,,,,,,,,,,,,,,,,,,
,,,,,,,,,,,,,,,,,,,,,,,,,,,,,,,,,,,,,,,,,,,,,,,,,,,,,,,,,,,,,,,,,,,,,,,,,,,,,,,,,,,,,,,,,,,,,,,,,,
,Time,T° 600,A1,A2,A3,A4,A5,A6,A7,A8,A9,A10,A11,A12,B1,B2,B3,B4,B5,B6,B7,B8,B9,B10,B11,B12,C1,C2,C3,C4,C5,C6,C7,C8,C9,C10,C11,C12,D1,D2,D3,D4,D5,D6,D7,D8,D9,D10,D11,D12,E1,E2,E3,E4,E5,E6,E7,E8,E9,E10,E11,E12,F1,F2,F3,F4,F5,F6,F7,F8,F9,F10,F11,F12,G1,G2,G3,G4,G5,G6,G7,G8,G9,G10,G11,G12,H1,H2,H3,H4,H5,H6,H7,H8,H9,H10,H11,H12
,0:00:00,47.9,0.088,0.087,0.089,0.087,0.088,0.088,0.088,0.087,0.087,0.088,0.087,0.088,0.087,0.084,0.084,0.084,0.086,0.088,0.085,0.083,0.084,0.082,0.086,0.087,0.089,0.088,0.091,0.084,0.086,0.083,0.084,0.084,0.084,0.084,0.084,0.089,0.088,0.086,0.086,0.084,0.084,0.083,0.083,0.084,0.087,0.085,0.085,0.092,0.088,0.093,0.093,0.09,0.098,0.091,0.091,0.089,0.093,0.091,0.092,0.09,0.088,0.093,0.093,0.097,0.093,0.09,0.091,0.093,0.09,0.092,0.092,0.088,0.087,0.094,0.116,0.094,0.089,0.091,0.089,0.089,0.094,0.089,0.094,0.089,0.088,0.087,0.09,0.09,0.086,0.089,0.087,0.089,0.092,0.089,0.089,0.087
,0:05:00,47.9,0.087,0.087,0.089,0.086,0.087,0.087,0.087,0.087,0.087,0.088,0.087,0.088,0.086,0.084,0.083,0.083,0.085,0.093,0.084,0.082,0.084,0.082,0.084,0.086,0.088,0.087,0.097,0.083,0.086,0.083,0.083,0.083,0.083,0.084,0.083,0.088,0.088,0.086,0.086,0.084,0.084,0.083,0.083,0.083,0.085,0.085,0.084,0.091,0.087,0.094,0.092,0.09,0.092,0.091,0.091,0.088,0.092,0.091,0.091,0.089,0.088,0.092,0.093,0.096,0.092,0.09,0.09,0.093,0.089,0.091,0.091,0.087,0.087,0.093,0.112,0.094,0.088,0.091,0.088,0.088,0.093,0.089,0.093,0.089,0.087,0.086,0.089,0.089,0.086,0.088,0.086,0.089,0.092,0.088,0.089,0.087
,0:10:00,47.9,0.087,0.087,0.086,0.086,0.087,0.087,0.087,0.087,0.086,0.087,0.087,0.088,0.086,0.084,0.083,0.083,0.085,0.09,0.084,0.082,0.084,0.081,0.084,0.086,0.088,0.087,0.098,0.084,0.085,0.082,0.083,0.084,0.083,0.083,0.083,0.088,0.088,0.086,0.086,0.084,0.084,0.083,0.083,0.083,0.085,0.085,0.084,0.091,0.087,0.093,0.092,0.089,0.09,0.091,0.09,0.088,0.093,0.09,0.091,0.089,0.088,0.092,0.093,0.096,0.091,0.09,0.09,0.092,0.089,0.091,0.091,0.087,0.087,0.093,0.098,0.093,0.089,0.091,0.088,0.088,0.093,0.089,0.092,0.089,0.087,0.087,0.089,0.088,0.087,0.088,0.086,0.088,0.092,0.088,0.089,0.087
,0:15:00,47.9,0.087,0.087,0.086,0.086,0.087,0.087,0.088,0.087,0.087,0.087,0.086,0.088,0.087,0.084,0.083,0.084,0.086,0.094,0.084,0.082,0.084,0.082,0.084,0.086,0.088,0.087,0.099,0.083,0.086,0.082,0.083,0.083,0.083,0.083,0.084,0.088,0.088,0.086,0.088,0.084,0.084,0.083,0.083,0.083,0.085,0.085,0.084,0.091,0.088,0.093,0.092,0.09,0.09,0.091,0.09,0.089,0.095,0.091,0.091,0.089,0.088,0.092,0.093,0.096,0.092,0.09,0.091,0.093,0.089,0.091,0.091,0.088,0.087,0.093,0.098,0.093,0.088,0.091,0.088,0.088,0.093,0.089,0.093,0.089,0.087,0.087,0.09,0.088,0.087,0.088,0.086,0.089,0.093,0.09,0.089,0.09
,0:20:00,48,0.087,0.087,0.088,0.086,0.087,0.088,0.087,0.086,0.087,0.087,0.087,0.088,0.087,0.087,0.083,0.083,0.086,0.094,0.084,0.082,0.083,0.081,0.083,0.086,0.088,0.087,0.098,0.086,0.086,0.082,0.083,0.084,0.083,0.083,0.084,0.088,0.088,0.086,0.086,0.084,0.083,0.083,0.083,0.083,0.085,0.085,0.084,0.091,0.088,0.092,0.092,0.09,0.09,0.09,0.09,0.088,0.092,0.091,0.091,0.089,0.088,0.092,0.093,0.096,0.092,0.09,0.09,0.092,0.09,0.091,0.09,0.088,0.087,0.094,0.098,0.093,0.088,0.091,0.088,0.088,0.093,0.089,0.092,0.089,0.087,0.086,0.089,0.089,0.087,0.088,0.086,0.089,0.093,0.094,0.088,0.089
,0:25:00,48,0.087,0.088,0.086,0.086,0.087,0.087,0.087,0.087,0.087,0.087,0.087,0.088,0.086,0.083,0.084,0.083,0.085,0.094,0.084,0.082,0.083,0.081,0.083,0.086,0.088,0.088,0.099,0.085,0.085,0.082,0.083,0.083,0.083,0.083,0.083,0.089,0.088,0.086,0.087,0.084,0.084,0.083,0.083,0.083,0.085,0.085,0.084,0.091,0.088,0.092,0.092,0.09,0.09,0.091,0.09,0.089,0.091,0.09,0.092,0.089,0.088,0.091,0.093,0.096,0.092,0.09,0.09,0.093,0.09,0.091,0.09,0.087,0.087,0.094,0.098,0.093,0.088,0.091,0.088,0.088,0.093,0.089,0.093,0.088,0.088,0.087,0.089,0.089,0.086,0.088,0.086,0.089,0.093,0.088,0.089,0.089
,0:30:00,48,0.087,0.087,0.086,0.086,0.087,0.087,0.087,0.087,0.087,0.087,0.086,0.088,0.087,0.084,0.083,0.083,0.085,0.094,0.084,0.082,0.083,0.081,0.083,0.087,0.088,0.087,0.098,0.085,0.085,0.082,0.083,0.083,0.083,0.083,0.084,0.088,0.088,0.086,0.086,0.084,0.084,0.083,0.083,0.083,0.085,0.085,0.084,0.091,0.088,0.092,0.092,0.089,0.093,0.09,0.09,0.088,0.091,0.09,0.091,0.089,0.088,0.091,0.092,0.096,0.091,0.09,0.09,0.093,0.089,0.091,0.09,0.087,0.087,0.093,0.097,0.094,0.088,0.091,0.088,0.088,0.093,0.089,0.092,0.089,0.087,0.087,0.089,0.089,0.086,0.088,0.086,0.089,0.093,0.091,0.089,0.089
,0:35:00,48,0.087,0.087,0.086,0.086,0.087,0.087,0.088,0.087,0.087,0.087,0.086,0.088,0.086,0.087,0.083,0.083,0.085,0.095,0.084,0.084,0.083,0.082,0.083,0.086,0.087,0.087,0.099,0.088,0.087,0.082,0.083,0.084,0.083,0.083,0.083,0.088,0.088,0.085,0.088,0.083,0.084,0.083,0.083,0.083,0.085,0.085,0.084,0.091,0.087,0.095,0.092,0.089,0.09,0.09,0.09,0.088,0.092,0.09,0.091,0.089,0.088,0.092,0.093,0.097,0.092,0.09,0.09,0.093,0.09,0.091,0.09,0.087,0.087,0.093,0.098,0.093,0.088,0.091,0.088,0.088,0.093,0.089,0.092,0.089,0.088,0.086,0.089,0.089,0.087,0.088,0.086,0.088,0.093,0.093,0.089,0.089
,0:40:00,48,0.086,0.087,0.086,0.086,0.087,0.087,0.087,0.087,0.086,0.087,0.087,0.088,0.086,0.083,0.083,0.083,0.086,0.094,0.084,0.082,0.083,0.081,0.083,0.086,0.088,0.089,0.098,0.086,0.085,0.082,0.083,0.082,0.083,0.083,0.083,0.088,0.088,0.086,0.087,0.084,0.083,0.083,0.083,0.083,0.085,0.085,0.084,0.091,0.088,0.092,0.091,0.089,0.093,0.09,0.09,0.088,0.093,0.09,0.091,0.089,0.088,0.092,0.092,0.095,0.091,0.089,0.09,0.093,0.09,0.091,0.09,0.087,0.087,0.093,0.098,0.093,0.089,0.09,0.088,0.088,0.093,0.089,0.092,0.089,0.087,0.086,0.089,0.088,0.087,0.088,0.086,0.088,0.093,0.092,0.089,0.088
,0:45:00,48,0.086,0.087,0.088,0.086,0.086,0.087,0.087,0.086,0.086,0.087,0.086,0.087,0.086,0.083,0.083,0.083,0.085,0.094,0.083,0.082,0.082,0.081,0.083,0.086,0.087,0.087,0.098,0.083,0.085,0.082,0.082,0.083,0.083,0.083,0.083,0.087,0.088,0.085,0.086,0.084,0.083,0.082,0.082,0.082,0.085,0.085,0.084,0.09,0.087,0.093,0.092,0.089,0.09,0.09,0.09,0.088,0.091,0.09,0.091,0.089,0.087,0.091,0.092,0.095,0.091,0.089,0.09,0.093,0.089,0.09,0.09,0.087,0.086,0.093,0.1,0.093,0.088,0.09,0.088,0.088,0.093,0.088,0.092,0.088,0.088,0.086,0.089,0.088,0.086,0.088,0.086,0.088,0.092,0.087,0.088,0.088
,0:50:00,47.9,0.087,0.087,0.086,0.086,0.087,0.087,0.088,0.087,0.086,0.087,0.087,0.088,0.088,0.083,0.083,0.083,0.085,0.095,0.083,0.082,0.083,0.081,0.083,0.086,0.088,0.088,0.099,0.085,0.085,0.082,0.083,0.083,0.083,0.083,0.084,0.088,0.088,0.086,0.086,0.084,0.084,0.083,0.083,0.083,0.085,0.085,0.084,0.091,0.088,0.094,0.092,0.089,0.091,0.09,0.09,0.088,0.092,0.09,0.092,0.089,0.088,0.092,0.092,0.096,0.091,0.089,0.09,0.093,0.09,0.091,0.09,0.088,0.087,0.093,0.098,0.093,0.088,0.091,0.088,0.088,0.093,0.089,0.092,0.089,0.088,0.086,0.09,0.089,0.086,0.089,0.086,0.089,0.093,0.088,0.089,0.089
,0:55:00,47.9,0.087,0.087,0.088,0.086,0.087,0.087,0.087,0.087,0.086,0.088,0.086,0.088,0.086,0.084,0.084,0.083,0.085,0.094,0.084,0.083,0.083,0.081,0.083,0.086,0.088,0.087,0.098,0.086,0.085,0.082,0.082,0.084,0.083,0.083,0.083,0.088,0.088,0.085,0.087,0.084,0.083,0.084,0.083,0.083,0.085,0.085,0.084,0.091,0.087,0.095,0.091,0.089,0.092,0.09,0.09,0.088,0.091,0.09,0.091,0.089,0.088,0.092,0.093,0.095,0.091,0.089,0.09,0.093,0.09,0.091,0.09,0.087,0.087,0.093,0.098,0.094,0.088,0.09,0.088,0.088,0.093,0.089,0.092,0.089,0.088,0.087,0.09,0.088,0.086,0.088,0.087,0.088,0.093,0.087,0.089,0.089
,1:00:00,48,0.087,0.088,0.087,0.086,0.087,0.087,0.088,0.087,0.086,0.088,0.087,0.088,0.086,0.084,0.084,0.083,0.085,0.094,0.084,0.082,0.084,0.081,0.083,0.087,0.088,0.087,0.099,0.086,0.085,0.082,0.083,0.083,0.083,0.083,0.083,0.088,0.088,0.086,0.088,0.085,0.084,0.083,0.083,0.083,0.085,0.085,0.084,0.091,0.088,0.092,0.092,0.089,0.091,0.091,0.09,0.088,0.091,0.09,0.091,0.089,0.088,0.092,0.092,0.096,0.092,0.09,0.09,0.093,0.09,0.09,0.09,0.087,0.087,0.093,0.113,0.094,0.088,0.09,0.089,0.089,0.093,0.089,0.093,0.089,0.088,0.087,0.09,0.089,0.087,0.089,0.086,0.089,0.093,0.088,0.089,0.089
,1:05:00,48,0.086,0.087,0.086,0.086,0.087,0.087,0.087,0.087,0.086,0.087,0.086,0.088,0.087,0.083,0.083,0.083,0.085,0.094,0.084,0.082,0.083,0.081,0.083,0.086,0.088,0.087,0.098,0.083,0.086,0.082,0.082,0.083,0.083,0.083,0.083,0.088,0.088,0.086,0.086,0.084,0.083,0.083,0.083,0.083,0.085,0.085,0.084,0.091,0.088,0.093,0.091,0.089,0.092,0.09,0.09,0.088,0.092,0.09,0.091,0.089,0.088,0.091,0.093,0.095,0.091,0.089,0.09,0.092,0.09,0.091,0.09,0.087,0.087,0.093,0.099,0.093,0.088,0.09,0.088,0.088,0.093,0.088,0.093,0.089,0.088,0.086,0.089,0.089,0.087,0.088,0.086,0.088,0.093,0.088,0.088,0.089
,1:10:00,48,0.087,0.088,0.088,0.087,0.087,0.087,0.087,0.087,0.087,0.087,0.087,0.088,0.087,0.088,0.083,0.083,0.085,0.094,0.084,0.082,0.083,0.081,0.084,0.086,0.088,0.087,0.099,0.084,0.086,0.082,0.083,0.083,0.083,0.083,0.083,0.088,0.088,0.086,0.087,0.084,0.084,0.084,0.084,0.083,0.085,0.085,0.084,0.091,0.088,0.092,0.092,0.089,0.091,0.09,0.091,0.088,0.091,0.09,0.091,0.089,0.088,0.092,0.094,0.095,0.091,0.089,0.09,0.092,0.09,0.091,0.09,0.087,0.087,0.093,0.098,0.093,0.088,0.09,0.088,0.088,0.093,0.089,0.092,0.089,0.088,0.087,0.09,0.089,0.087,0.089,0.086,0.089,0.093,0.088,0.089,0.088
,1:15:00,47.9,0.087,0.087,0.088,0.086,0.087,0.087,0.087,0.087,0.086,0.087,0.086,0.087,0.086,0.09,0.083,0.085,0.085,0.094,0.084,0.082,0.083,0.081,0.083,0.085,0.088,0.087,0.098,0.085,0.086,0.082,0.083,0.084,0.082,0.083,0.083,0.088,0.088,0.085,0.087,0.086,0.083,0.083,0.083,0.083,0.085,0.085,0.084,0.091,0.087,0.094,0.091,0.089,0.092,0.09,0.09,0.088,0.091,0.09,0.091,0.089,0.088,0.092,0.093,0.095,0.091,0.089,0.09,0.093,0.089,0.091,0.09,0.087,0.087,0.093,0.099,0.093,0.088,0.091,0.088,0.088,0.092,0.089,0.092,0.088,0.087,0.086,0.09,0.089,0.086,0.088,0.086,0.088,0.092,0.088,0.088,0.087
,1:20:00,47.9,0.087,0.087,0.089,0.086,0.087,0.087,0.087,0.087,0.087,0.088,0.086,0.088,0.087,0.083,0.083,0.083,0.085,0.094,0.084,0.082,0.083,0.082,0.083,0.086,0.088,0.087,0.099,0.084,0.086,0.082,0.083,0.083,0.083,0.083,0.083,0.088,0.088,0.086,0.088,0.085,0.084,0.083,0.084,0.083,0.085,0.085,0.084,0.091,0.088,0.092,0.092,0.09,0.09,0.09,0.09,0.089,0.092,0.09,0.091,0.089,0.088,0.092,0.093,0.095,0.091,0.09,0.09,0.092,0.09,0.091,0.09,0.087,0.087,0.093,0.099,0.093,0.088,0.091,0.088,0.088,0.093,0.089,0.093,0.089,0.088,0.087,0.089,0.089,0.087,0.089,0.087,0.089,0.092,0.088,0.088,0.089
,1:25:00,48,0.086,0.087,0.089,0.087,0.087,0.087,0.087,0.087,0.086,0.087,0.086,0.088,0.087,0.084,0.083,0.083,0.085,0.094,0.084,0.082,0.083,0.081,0.083,0.086,0.088,0.086,0.098,0.085,0.086,0.082,0.083,0.083,0.083,0.083,0.084,0.088,0.088,0.086,0.087,0.085,0.083,0.083,0.083,0.083,0.085,0.085,0.084,0.09,0.088,0.092,0.092,0.089,0.09,0.09,0.09,0.088,0.091,0.09,0.091,0.089,0.087,0.092,0.093,0.095,0.091,0.089,0.09,0.091,0.089,0.09,0.09,0.087,0.087,0.093,0.1,0.093,0.088,0.089,0.088,0.087,0.093,0.088,0.094,0.089,0.088,0.087,0.089,0.088,0.086,0.088,0.086,0.088,0.092,0.088,0.088,0.089
,1:30:00,48,0.087,0.088,0.089,0.087,0.087,0.087,0.087,0.087,0.087,0.088,0.087,0.088,0.086,0.083,0.083,0.083,0.085,0.094,0.084,0.082,0.083,0.082,0.084,0.086,0.089,0.087,0.099,0.087,0.085,0.082,0.083,0.083,0.083,0.083,0.083,0.088,0.088,0.086,0.087,0.084,0.083,0.084,0.084,0.083,0.085,0.085,0.084,0.091,0.088,0.094,0.092,0.089,0.091,0.09,0.09,0.088,0.091,0.09,0.091,0.09,0.088,0.092,0.093,0.096,0.091,0.089,0.09,0.092,0.089,0.091,0.09,0.087,0.087,0.093,0.112,0.094,0.088,0.09,0.089,0.088,0.093,0.088,0.093,0.088,0.088,0.087,0.09,0.089,0.086,0.089,0.087,0.089,0.093,0.088,0.089,0.088
,1:35:00,48,0.086,0.087,0.088,0.086,0.087,0.086,0.087,0.086,0.086,0.087,0.086,0.088,0.086,0.088,0.084,0.083,0.085,0.095,0.083,0.084,0.083,0.081,0.083,0.086,0.088,0.086,0.098,0.086,0.086,0.082,0.082,0.083,0.083,0.083,0.083,0.088,0.088,0.085,0.087,0.084,0.083,0.083,0.084,0.083,0.085,0.085,0.084,0.091,0.087,0.093,0.092,0.089,0.09,0.09,0.09,0.088,0.091,0.09,0.091,0.089,0.088,0.092,0.093,0.095,0.091,0.089,0.09,0.092,0.089,0.09,0.09,0.087,0.087,0.093,0.106,0.094,0.088,0.09,0.088,0.088,0.093,0.088,0.092,0.089,0.087,0.086,0.089,0.089,0.086,0.088,0.086,0.088,0.092,0.087,0.088,0.087
,1:40:00,48,0.087,0.087,0.089,0.086,0.087,0.087,0.087,0.087,0.086,0.087,0.086,0.088,0.087,0.084,0.084,0.083,0.085,0.095,0.084,0.082,0.083,0.081,0.083,0.086,0.088,0.087,0.099,0.086,0.085,0.082,0.083,0.083,0.083,0.083,0.083,0.088,0.088,0.085,0.087,0.084,0.084,0.083,0.085,0.083,0.085,0.085,0.084,0.091,0.088,0.094,0.092,0.089,0.09,0.091,0.09,0.088,0.091,0.09,0.092,0.089,0.088,0.092,0.093,0.096,0.091,0.089,0.09,0.092,0.089,0.091,0.09,0.087,0.087,0.093,0.114,0.093,0.088,0.091,0.088,0.088,0.093,0.088,0.092,0.089,0.087,0.086,0.09,0.089,0.086,0.088,0.087,0.088,0.092,0.088,0.089,0.087
,1:45:00,48,0.086,0.088,0.089,0.086,0.087,0.087,0.087,0.087,0.087,0.087,0.087,0.088,0.086,0.084,0.083,0.083,0.085,0.094,0.084,0.082,0.083,0.081,0.083,0.086,0.088,0.086,0.098,0.084,0.086,0.082,0.083,0.083,0.083,0.083,0.083,0.088,0.089,0.086,0.087,0.083,0.084,0.084,0.084,0.083,0.085,0.085,0.084,0.091,0.088,0.092,0.091,0.089,0.09,0.09,0.09,0.088,0.091,0.09,0.091,0.089,0.088,0.092,0.093,0.095,0.091,0.089,0.09,0.091,0.089,0.091,0.09,0.087,0.087,0.093,0.103,0.093,0.09,0.09,0.088,0.088,0.093,0.088,0.092,0.089,0.088,0.087,0.09,0.088,0.086,0.088,0.087,0.088,0.092,0.088,0.088,0.088
,1:50:00,48,0.086,0.087,0.089,0.087,0.087,0.087,0.087,0.086,0.086,0.087,0.086,0.088,0.087,0.083,0.083,0.083,0.085,0.094,0.084,0.084,0.083,0.081,0.083,0.086,0.088,0.086,0.099,0.083,0.085,0.082,0.083,0.083,0.083,0.083,0.083,0.088,0.088,0.086,0.087,0.087,0.083,0.084,0.084,0.083,0.085,0.085,0.084,0.09,0.087,0.091,0.091,0.089,0.091,0.09,0.09,0.088,0.091,0.09,0.091,0.089,0.088,0.092,0.093,0.095,0.091,0.089,0.09,0.092,0.089,0.09,0.09,0.087,0.086,0.093,0.112,0.094,0.088,0.09,0.088,0.088,0.093,0.088,0.092,0.089,0.088,0.086,0.09,0.088,0.086,0.088,0.086,0.089,0.092,0.088,0.088,0.087
,1:55:00,48,0.087,0.088,0.088,0.087,0.087,0.087,0.088,0.087,0.087,0.087,0.087,0.088,0.087,0.083,0.084,0.084,0.085,0.095,0.083,0.083,0.083,0.081,0.084,0.086,0.088,0.087,0.099,0.086,0.085,0.083,0.083,0.083,0.082,0.083,0.083,0.089,0.089,0.086,0.088,0.087,0.084,0.084,0.084,0.083,0.085,0.085,0.084,0.091,0.088,0.095,0.092,0.09,0.091,0.091,0.09,0.088,0.092,0.09,0.091,0.09,0.088,0.092,0.093,0.095,0.092,0.089,0.09,0.093,0.089,0.091,0.09,0.088,0.087,0.093,0.115,0.094,0.088,0.09,0.088,0.088,0.093,0.089,0.093,0.089,0.088,0.087,0.09,0.089,0.087,0.088,0.086,0.089,0.092,0.088,0.089,0.087
,2:00:00,48,0.087,0.087,0.088,0.086,0.087,0.087,0.087,0.087,0.086,0.087,0.087,0.088,0.087,0.083,0.084,0.083,0.085,0.094,0.084,0.082,0.083,0.081,0.083,0.086,0.088,0.086,0.099,0.083,0.086,0.082,0.083,0.083,0.083,0.083,0.083,0.088,0.088,0.085,0.087,0.085,0.084,0.084,0.084,0.083,0.085,0.085,0.084,0.091,0.087,0.092,0.091,0.089,0.09,0.09,0.09,0.088,0.091,0.09,0.091,0.089,0.088,0.093,0.093,0.095,0.091,0.089,0.09,0.092,0.09,0.091,0.09,0.087,0.087,0.093,0.101,0.094,0.088,0.09,0.088,0.088,0.093,0.089,0.092,0.089,0.087,0.086,0.089,0.089,0.086,0.088,0.086,0.088,0.092,0.088,0.089,0.087
,2:05:00,47.9,0.087,0.087,0.088,0.086,0.087,0.086,0.087,0.087,0.086,0.087,0.086,0.088,0.087,0.083,0.084,0.083,0.085,0.094,0.084,0.081,0.083,0.081,0.083,0.086,0.088,0.087,0.098,0.086,0.086,0.082,0.083,0.083,0.083,0.083,0.083,0.088,0.088,0.086,0.087,0.085,0.084,0.084,0.084,0.083,0.085,0.085,0.084,0.091,0.088,0.091,0.092,0.089,0.09,0.09,0.09,0.088,0.091,0.09,0.091,0.089,0.088,0.092,0.093,0.095,0.091,0.089,0.09,0.093,0.089,0.09,0.09,0.087,0.087,0.093,0.101,0.094,0.089,0.09,0.088,0.088,0.093,0.089,0.092,0.089,0.088,0.087,0.089,0.089,0.086,0.088,0.086,0.088,0.092,0.088,0.089,0.087
,2:10:00,47.9,0.086,0.088,0.088,0.086,0.087,0.087,0.087,0.086,0.087,0.087,0.086,0.087,0.086,0.083,0.083,0.082,0.085,0.094,0.083,0.083,0.082,0.081,0.083,0.086,0.088,0.086,0.098,0.085,0.085,0.082,0.082,0.083,0.082,0.083,0.083,0.088,0.088,0.085,0.087,0.083,0.083,0.084,0.084,0.083,0.085,0.085,0.084,0.09,0.087,0.091,0.091,0.089,0.089,0.09,0.09,0.088,0.091,0.089,0.091,0.089,0.087,0.092,0.092,0.098,0.091,0.089,0.089,0.091,0.089,0.09,0.09,0.087,0.086,0.092,0.112,0.093,0.088,0.09,0.088,0.087,0.093,0.088,0.092,0.088,0.087,0.087,0.089,0.088,0.086,0.088,0.086,0.088,0.092,0.087,0.089,0.087
,2:15:00,47.9,0.086,0.088,0.089,0.087,0.087,0.087,0.087,0.087,0.086,0.087,0.086,0.088,0.086,0.084,0.083,0.083,0.085,0.094,0.084,0.082,0.083,0.081,0.083,0.086,0.088,0.086,0.098,0.085,0.085,0.082,0.082,0.084,0.082,0.083,0.083,0.088,0.088,0.085,0.087,0.084,0.084,0.084,0.084,0.083,0.085,0.085,0.084,0.09,0.087,0.093,0.092,0.089,0.09,0.09,0.09,0.088,0.091,0.09,0.091,0.089,0.087,0.092,0.093,0.095,0.091,0.089,0.09,0.092,0.088,0.09,0.09,0.087,0.087,0.093,0.111,0.094,0.088,0.09,0.088,0.088,0.093,0.088,0.093,0.088,0.088,0.087,0.09,0.089,0.086,0.088,0.086,0.088,0.092,0.088,0.088,0.086
,2:20:00,48,0.087,0.088,0.089,0.087,0.087,0.087,0.088,0.087,0.086,0.087,0.087,0.088,0.088,0.084,0.084,0.083,0.085,0.095,0.084,0.082,0.083,0.081,0.083,0.086,0.088,0.088,0.099,0.086,0.086,0.083,0.083,0.084,0.083,0.083,0.083,0.088,0.088,0.086,0.086,0.084,0.084,0.084,0.083,0.083,0.085,0.085,0.084,0.091,0.088,0.092,0.091,0.089,0.091,0.091,0.09,0.088,0.092,0.09,0.091,0.089,0.088,0.093,0.094,0.095,0.091,0.089,0.09,0.091,0.089,0.091,0.091,0.087,0.087,0.093,0.105,0.094,0.089,0.09,0.088,0.088,0.093,0.088,0.093,0.089,0.088,0.087,0.089,0.089,0.086,0.089,0.087,0.089,0.092,0.088,0.089,0.087
,2:25:00,48,0.086,0.088,0.088,0.086,0.087,0.087,0.087,0.087,0.086,0.087,0.087,0.088,0.087,0.083,0.084,0.083,0.085,0.094,0.083,0.082,0.083,0.081,0.083,0.086,0.088,0.086,0.098,0.085,0.085,0.082,0.083,0.084,0.083,0.083,0.084,0.088,0.088,0.085,0.087,0.087,0.084,0.084,0.083,0.083,0.085,0.085,0.084,0.09,0.088,0.091,0.092,0.089,0.09,0.09,0.09,0.088,0.091,0.089,0.091,0.089,0.088,0.093,0.093,0.095,0.091,0.089,0.09,0.091,0.088,0.09,0.09,0.087,0.087,0.093,0.116,0.094,0.088,0.09,0.088,0.088,0.093,0.088,0.092,0.088,0.087,0.086,0.089,0.089,0.086,0.088,0.086,0.088,0.092,0.088,0.088,0.087
,2:30:00,48,0.087,0.088,0.087,0.086,0.087,0.087,0.087,0.087,0.086,0.088,0.086,0.088,0.086,0.085,0.083,0.083,0.086,0.094,0.084,0.082,0.083,0.081,0.083,0.087,0.088,0.087,0.098,0.086,0.086,0.082,0.083,0.084,0.083,0.083,0.084,0.088,0.088,0.086,0.086,0.085,0.084,0.084,0.084,0.083,0.085,0.085,0.084,0.091,0.088,0.091,0.092,0.089,0.09,0.09,0.09,0.088,0.091,0.09,0.091,0.089,0.088,0.093,0.093,0.095,0.091,0.089,0.09,0.091,0.089,0.09,0.09,0.087,0.087,0.093,0.113,0.094,0.089,0.09,0.088,0.088,0.093,0.089,0.093,0.089,0.087,0.086,0.09,0.089,0.086,0.088,0.086,0.089,0.092,0.088,0.089,0.087
,2:35:00,48,0.086,0.088,0.089,0.087,0.087,0.087,0.087,0.087,0.087,0.088,0.086,0.088,0.087,0.083,0.083,0.083,0.085,0.094,0.083,0.082,0.083,0.081,0.083,0.087,0.088,0.086,0.098,0.086,0.086,0.082,0.083,0.083,0.083,0.083,0.083,0.088,0.089,0.086,0.086,0.084,0.084,0.084,0.084,0.083,0.085,0.085,0.084,0.091,0.088,0.091,0.091,0.089,0.094,0.09,0.09,0.088,0.091,0.09,0.091,0.089,0.088,0.093,0.093,0.095,0.092,0.089,0.09,0.091,0.089,0.091,0.09,0.087,0.087,0.093,0.117,0.094,0.088,0.09,0.089,0.088,0.093,0.088,0.093,0.089,0.088,0.087,0.089,0.089,0.086,0.088,0.087,0.089,0.092,0.088,0.088,0.087
,2:40:00,48,0.086,0.088,0.086,0.086,0.087,0.086,0.087,0.086,0.086,0.087,0.086,0.088,0.086,0.084,0.083,0.083,0.085,0.094,0.084,0.082,0.083,0.081,0.083,0.086,0.088,0.086,0.098,0.083,0.087,0.082,0.083,0.083,0.082,0.083,0.083,0.088,0.088,0.085,0.087,0.087,0.084,0.083,0.084,0.083,0.085,0.085,0.084,0.091,0.087,0.091,0.091,0.089,0.09,0.09,0.09,0.088,0.091,0.09,0.091,0.089,0.088,0.093,0.093,0.095,0.091,0.089,0.09,0.092,0.089,0.09,0.09,0.087,0.087,0.093,0.116,0.094,0.088,0.09,0.088,0.088,0.093,0.088,0.092,0.088,0.088,0.086,0.089,0.089,0.086,0.088,0.086,0.088,0.092,0.088,0.089,0.087
,2:45:00,48,0.086,0.088,0.089,0.087,0.087,0.087,0.087,0.087,0.087,0.087,0.086,0.088,0.086,0.085,0.083,0.083,0.085,0.094,0.083,0.084,0.083,0.081,0.083,0.086,0.088,0.086,0.098,0.086,0.086,0.082,0.083,0.083,0.083,0.083,0.083,0.088,0.088,0.085,0.088,0.083,0.083,0.083,0.084,0.083,0.085,0.085,0.084,0.091,0.087,0.091,0.092,0.089,0.09,0.09,0.091,0.088,0.091,0.09,0.091,0.089,0.088,0.093,0.093,0.095,0.091,0.089,0.09,0.092,0.089,0.09,0.09,0.087,0.087,0.093,0.117,0.095,0.088,0.09,0.088,0.088,0.093,0.088,0.092,0.089,0.087,0.086,0.089,0.088,0.086,0.088,0.086,0.088,0.092,0.088,0.088,0.088
,2:50:00,47.9,0.086,0.088,0.088,0.086,0.086,0.087,0.086,0.086,0.086,0.087,0.086,0.088,0.086,0.088,0.083,0.083,0.084,0.094,0.083,0.082,0.082,0.081,0.083,0.086,0.088,0.086,0.098,0.086,0.085,0.082,0.083,0.082,0.082,0.083,0.083,0.088,0.088,0.085,0.087,0.083,0.084,0.083,0.083,0.083,0.084,0.084,0.084,0.09,0.088,0.091,0.092,0.089,0.09,0.09,0.09,0.088,0.091,0.09,0.091,0.089,0.088,0.093,0.093,0.095,0.091,0.089,0.09,0.091,0.089,0.09,0.09,0.087,0.087,0.093,0.113,0.094,0.088,0.089,0.088,0.088,0.093,0.088,0.092,0.088,0.087,0.086,0.089,0.088,0.086,0.088,0.086,0.088,0.092,0.088,0.089,0.087
,2:55:00,48,0.086,0.087,0.085,0.086,0.086,0.086,0.087,0.086,0.086,0.087,0.086,0.087,0.086,0.083,0.083,0.082,0.084,0.094,0.083,0.081,0.083,0.081,0.083,0.086,0.088,0.086,0.098,0.083,0.084,0.082,0.082,0.082,0.082,0.082,0.083,0.087,0.088,0.085,0.085,0.083,0.083,0.083,0.083,0.083,0.084,0.084,0.084,0.09,0.087,0.102,0.091,0.089,0.089,0.09,0.09,0.087,0.092,0.089,0.09,0.089,0.087,0.092,0.093,0.095,0.091,0.089,0.089,0.09,0.089,0.09,0.09,0.086,0.087,0.092,0.107,0.093,0.088,0.089,0.088,0.087,0.093,0.088,0.092,0.088,0.087,0.086,0.089,0.088,0.086,0.087,0.086,0.088,0.092,0.087,0.088,0.087
,3:00:00,48,0.086,0.088,0.088,0.086,0.087,0.086,0.087,0.086,0.086,0.087,0.086,0.088,0.086,0.083,0.083,0.083,0.084,0.094,0.083,0.082,0.082,0.081,0.083,0.086,0.087,0.086,0.098,0.084,0.085,0.082,0.083,0.082,0.082,0.083,0.083,0.088,0.088,0.085,0.087,0.083,0.084,0.083,0.083,0.083,0.084,0.085,0.083,0.091,0.087,0.1,0.091,0.089,0.09,0.09,0.09,0.088,0.091,0.09,0.091,0.089,0.087,0.093,0.093,0.095,0.091,0.089,0.09,0.091,0.089,0.09,0.09,0.087,0.087,0.093,0.105,0.094,0.088,0.09,0.088,0.088,0.093,0.088,0.092,0.089,0.087,0.086,0.089,0.088,0.086,0.087,0.086,0.088,0.092,0.087,0.088,0.086
,3:05:00,48,0.087,0.088,0.086,0.086,0.087,0.087,0.087,0.086,0.086,0.088,0.086,0.088,0.086,0.085,0.083,0.083,0.085,0.094,0.083,0.083,0.083,0.081,0.083,0.086,0.088,0.086,0.098,0.086,0.086,0.082,0.082,0.084,0.083,0.083,0.083,0.088,0.088,0.085,0.088,0.086,0.084,0.083,0.083,0.083,0.085,0.085,0.084,0.091,0.088,0.1,0.09,0.089,0.09,0.09,0.09,0.088,0.092,0.09,0.091,0.089,0.088,0.093,0.093,0.095,0.091,0.089,0.09,0.091,0.089,0.09,0.09,0.088,0.087,0.093,0.104,0.095,0.089,0.09,0.088,0.088,0.093,0.089,0.093,0.089,0.087,0.087,0.089,0.089,0.086,0.088,0.086,0.088,0.092,0.088,0.088,0.087
,3:10:00,47.9,0.087,0.088,0.087,0.087,0.087,0.087,0.088,0.087,0.087,0.088,0.087,0.088,0.087,0.088,0.084,0.083,0.085,0.094,0.084,0.082,0.083,0.082,0.084,0.087,0.089,0.087,0.099,0.087,0.085,0.082,0.083,0.083,0.083,0.083,0.084,0.088,0.089,0.086,0.088,0.085,0.084,0.084,0.083,0.083,0.085,0.086,0.084,0.091,0.088,0.1,0.092,0.09,0.09,0.091,0.09,0.089,0.092,0.09,0.091,0.09,0.088,0.093,0.093,0.095,0.092,0.09,0.09,0.091,0.089,0.091,0.091,0.088,0.087,0.093,0.104,0.095,0.089,0.09,0.089,0.088,0.093,0.089,0.093,0.089,0.088,0.087,0.09,0.089,0.087,0.088,0.087,0.089,0.092,0.088,0.089,0.087
,3:15:00,47.9,0.086,0.088,0.086,0.086,0.087,0.087,0.087,0.086,0.086,0.087,0.086,0.088,0.086,0.083,0.084,0.083,0.084,0.094,0.083,0.082,0.082,0.081,0.083,0.086,0.088,0.086,0.098,0.085,0.086,0.082,0.082,0.083,0.082,0.083,0.083,0.088,0.088,0.085,0.086,0.083,0.083,0.083,0.083,0.083,0.085,0.085,0.084,0.091,0.087,0.1,0.09,0.089,0.09,0.09,0.09,0.088,0.091,0.089,0.091,0.089,0.088,0.093,0.093,0.095,0.091,0.089,0.089,0.091,0.089,0.09,0.09,0.087,0.087,0.093,0.104,0.094,0.089,0.09,0.088,0.088,0.093,0.088,0.092,0.088,0.087,0.086,0.09,0.088,0.086,0.088,0.086,0.088,0.092,0.088,0.089,0.086
,3:20:00,48,0.086,0.088,0.086,0.086,0.087,0.086,0.087,0.086,0.086,0.087,0.086,0.087,0.086,0.083,0.084,0.083,0.084,0.094,0.084,0.084,0.082,0.081,0.083,0.086,0.088,0.086,0.098,0.086,0.085,0.082,0.082,0.083,0.083,0.083,0.083,0.087,0.088,0.085,0.087,0.084,0.083,0.083,0.083,0.083,0.085,0.085,0.084,0.09,0.087,0.1,0.091,0.089,0.091,0.09,0.09,0.088,0.091,0.089,0.091,0.089,0.088,0.092,0.093,0.095,0.091,0.089,0.09,0.09,0.089,0.09,0.09,0.087,0.087,0.093,0.103,0.094,0.089,0.09,0.088,0.088,0.093,0.088,0.092,0.089,0.087,0.086,0.089,0.088,0.086,0.088,0.086,0.088,0.092,0.088,0.088,0.086
,3:25:00,47.9,0.087,0.088,0.089,0.087,0.087,0.087,0.087,0.087,0.086,0.087,0.086,0.088,0.086,0.084,0.083,0.083,0.085,0.094,0.084,0.082,0.083,0.081,0.083,0.086,0.088,0.086,0.098,0.086,0.086,0.082,0.083,0.084,0.083,0.083,0.084,0.088,0.088,0.085,0.087,0.084,0.084,0.083,0.084,0.083,0.085,0.085,0.084,0.091,0.088,0.1,0.091,0.089,0.09,0.09,0.09,0.088,0.092,0.09,0.091,0.09,0.087,0.093,0.093,0.095,0.091,0.089,0.09,0.091,0.089,0.09,0.09,0.087,0.087,0.093,0.103,0.094,0.09,0.09,0.088,0.088,0.094,0.089,0.092,0.089,0.088,0.087,0.089,0.089,0.086,0.088,0.086,0.089,0.092,0.088,0.089,0.089
,3:30:00,47.9,0.087,0.088,0.089,0.087,0.087,0.087,0.087,0.087,0.087,0.088,0.086,0.088,0.087,0.084,0.084,0.083,0.085,0.094,0.084,0.082,0.083,0.081,0.084,0.086,0.089,0.086,0.099,0.086,0.087,0.082,0.083,0.084,0.083,0.083,0.083,0.088,0.088,0.086,0.087,0.085,0.084,0.083,0.084,0.083,0.085,0.085,0.084,0.091,0.087,0.1,0.091,0.09,0.09,0.09,0.09,0.088,0.092,0.09,0.091,0.089,0.088,0.093,0.094,0.095,0.091,0.089,0.09,0.091,0.089,0.09,0.091,0.087,0.087,0.093,0.103,0.094,0.089,0.09,0.089,0.088,0.093,0.089,0.092,0.089,0.088,0.087,0.09,0.089,0.086,0.088,0.087,0.088,0.093,0.087,0.089,0.087
,3:35:00,47.9,0.087,0.088,0.088,0.087,0.087,0.087,0.087,0.087,0.087,0.088,0.087,0.088,0.086,0.083,0.084,0.084,0.085,0.094,0.084,0.083,0.083,0.081,0.083,0.087,0.088,0.087,0.099,0.087,0.086,0.083,0.083,0.083,0.083,0.083,0.084,0.088,0.089,0.086,0.086,0.086,0.084,0.083,0.084,0.083,0.085,0.085,0.084,0.091,0.088,0.1,0.092,0.09,0.09,0.09,0.09,0.088,0.091,0.09,0.091,0.089,0.088,0.093,0.093,0.095,0.091,0.089,0.09,0.091,0.089,0.09,0.09,0.088,0.087,0.093,0.102,0.094,0.089,0.09,0.089,0.088,0.093,0.089,0.093,0.089,0.088,0.087,0.09,0.089,0.086,0.088,0.086,0.088,0.092,0.088,0.089,0.087
,3:40:00,48,0.087,0.088,0.086,0.086,0.087,0.087,0.087,0.087,0.086,0.087,0.086,0.088,0.086,0.09,0.084,0.083,0.086,0.094,0.083,0.083,0.083,0.081,0.083,0.086,0.088,0.086,0.098,0.085,0.086,0.082,0.082,0.083,0.083,0.083,0.083,0.088,0.088,0.085,0.087,0.086,0.083,0.083,0.084,0.083,0.085,0.085,0.084,0.091,0.088,0.1,0.09,0.089,0.09,0.09,0.09,0.088,0.091,0.09,0.09,0.089,0.088,0.093,0.093,0.095,0.091,0.089,0.09,0.091,0.089,0.09,0.09,0.087,0.087,0.093,0.102,0.094,0.089,0.09,0.089,0.088,0.093,0.088,0.092,0.089,0.087,0.087,0.089,0.088,0.086,0.088,0.086,0.088,0.092,0.087,0.089,0.087
,3:45:00,47.9,0.086,0.088,0.086,0.086,0.087,0.086,0.087,0.086,0.086,0.087,0.086,0.087,0.086,0.087,0.084,0.083,0.085,0.094,0.083,0.082,0.083,0.081,0.083,0.086,0.088,0.086,0.098,0.087,0.085,0.082,0.082,0.083,0.082,0.083,0.083,0.088,0.088,0.085,0.087,0.087,0.083,0.083,0.083,0.083,0.084,0.085,0.083,0.09,0.087,0.099,0.091,0.089,0.09,0.09,0.09,0.088,0.091,0.09,0.09,0.089,0.088,0.092,0.093,0.095,0.091,0.089,0.089,0.091,0.089,0.09,0.09,0.087,0.087,0.093,0.101,0.094,0.09,0.09,0.088,0.088,0.093,0.088,0.092,0.088,0.087,0.086,0.089,0.088,0.086,0.087,0.086,0.088,0.092,0.088,0.088,0.089
,3:50:00,48,0.087,0.088,0.086,0.086,0.087,0.087,0.087,0.086,0.086,0.087,0.086,0.088,0.086,0.086,0.084,0.083,0.085,0.094,0.084,0.082,0.083,0.081,0.083,0.087,0.088,0.086,0.098,0.085,0.086,0.082,0.083,0.084,0.083,0.083,0.083,0.088,0.088,0.085,0.087,0.083,0.083,0.084,0.084,0.083,0.086,0.085,0.084,0.091,0.088,0.1,0.092,0.089,0.09,0.09,0.09,0.089,0.091,0.09,0.09,0.089,0.088,0.093,0.093,0.095,0.091,0.089,0.09,0.091,0.089,0.09,0.09,0.087,0.087,0.093,0.101,0.094,0.089,0.09,0.089,0.088,0.093,0.088,0.092,0.089,0.088,0.087,0.089,0.088,0.086,0.088,0.087,0.088,0.092,0.088,0.088,0.089
,3:55:00,48,0.086,0.089,0.086,0.086,0.087,0.087,0.087,0.086,0.086,0.087,0.086,0.088,0.087,0.083,0.083,0.083,0.084,0.094,0.083,0.084,0.082,0.081,0.083,0.086,0.088,0.086,0.098,0.086,0.085,0.082,0.082,0.083,0.083,0.083,0.084,0.088,0.088,0.085,0.087,0.088,0.083,0.083,0.083,0.083,0.085,0.085,0.084,0.09,0.087,0.1,0.092,0.089,0.09,0.09,0.09,0.088,0.094,0.089,0.091,0.09,0.088,0.092,0.093,0.095,0.091,0.089,0.09,0.091,0.089,0.09,0.09,0.087,0.087,0.093,0.101,0.094,0.088,0.09,0.088,0.088,0.093,0.088,0.092,0.089,0.087,0.087,0.089,0.088,0.086,0.088,0.086,0.088,0.092,0.088,0.089,0.088
,4:00:00,48,0.086,0.088,0.086,0.086,0.087,0.087,0.087,0.087,0.086,0.087,0.086,0.088,0.086,0.089,0.083,0.083,0.085,0.094,0.083,0.082,0.083,0.081,0.083,0.086,0.087,0.086,0.098,0.086,0.085,0.082,0.083,0.084,0.083,0.083,0.083,0.088,0.088,0.085,0.087,0.083,0.083,0.083,0.084,0.083,0.085,0.085,0.084,0.091,0.087,0.1,0.091,0.089,0.09,0.09,0.09,0.088,0.091,0.09,0.091,0.089,0.088,0.092,0.094,0.095,0.091,0.089,0.089,0.091,0.089,0.09,0.09,0.087,0.087,0.093,0.1,0.094,0.088,0.09,0.088,0.088,0.094,0.088,0.092,0.089,0.087,0.087,0.089,0.088,0.086,0.088,0.086,0.088,0.092,0.088,0.089,0.087
,4:05:00,48,0.086,0.088,0.088,0.086,0.087,0.086,0.086,0.086,0.086,0.087,0.086,0.088,0.086,0.083,0.084,0.083,0.085,0.094,0.083,0.082,0.083,0.081,0.083,0.086,0.088,0.086,0.098,0.085,0.086,0.082,0.082,0.083,0.083,0.083,0.083,0.088,0.088,0.085,0.087,0.083,0.084,0.083,0.083,0.083,0.085,0.085,0.083,0.091,0.088,0.1,0.092,0.089,0.09,0.09,0.09,0.088,0.091,0.09,0.091,0.089,0.088,0.092,0.093,0.095,0.091,0.089,0.09,0.091,0.089,0.09,0.09,0.087,0.087,0.093,0.1,0.094,0.089,0.09,0.088,0.088,0.093,0.088,0.092,0.088,0.087,0.087,0.089,0.088,0.086,0.088,0.087,0.088,0.092,0.088,0.089,0.087
,4:10:00,47.9,0.087,0.088,0.089,0.086,0.087,0.087,0.087,0.087,0.086,0.087,0.087,0.088,0.086,0.083,0.083,0.083,0.085,0.094,0.084,0.083,0.083,0.081,0.083,0.086,0.089,0.086,0.099,0.086,0.085,0.082,0.083,0.083,0.083,0.083,0.083,0.088,0.088,0.085,0.087,0.087,0.083,0.083,0.083,0.083,0.085,0.085,0.084,0.091,0.088,0.1,0.092,0.089,0.09,0.09,0.09,0.088,0.091,0.09,0.09,0.089,0.088,0.092,0.093,0.095,0.091,0.089,0.09,0.091,0.089,0.09,0.09,0.087,0.087,0.093,0.1,0.094,0.089,0.09,0.089,0.088,0.093,0.088,0.092,0.088,0.087,0.086,0.09,0.088,0.086,0.088,0.087,0.088,0.092,0.088,0.089,0.087
,4:15:00,48,0.087,0.089,0.089,0.087,0.088,0.087,0.087,0.087,0.087,0.088,0.087,0.088,0.087,0.084,0.084,0.083,0.085,0.095,0.084,0.083,0.083,0.081,0.084,0.087,0.088,0.087,0.099,0.088,0.086,0.083,0.083,0.084,0.083,0.084,0.084,0.089,0.089,0.086,0.087,0.085,0.084,0.084,0.085,0.083,0.085,0.085,0.085,0.091,0.088,0.101,0.092,0.09,0.09,0.091,0.09,0.089,0.092,0.091,0.091,0.09,0.088,0.093,0.094,0.095,0.092,0.09,0.09,0.092,0.09,0.091,0.091,0.088,0.087,0.094,0.099,0.094,0.089,0.09,0.089,0.088,0.094,0.089,0.093,0.089,0.088,0.087,0.091,0.089,0.087,0.088,0.087,0.089,0.092,0.089,0.089,0.087
,4:20:00,48,0.086,0.088,0.089,0.086,0.087,0.086,0.087,0.087,0.087,0.087,0.086,0.088,0.086,0.084,0.084,0.083,0.085,0.094,0.083,0.082,0.083,0.081,0.084,0.086,0.088,0.086,0.099,0.085,0.085,0.082,0.083,0.084,0.083,0.083,0.083,0.088,0.088,0.086,0.086,0.085,0.084,0.084,0.084,0.082,0.085,0.085,0.084,0.091,0.088,0.1,0.091,0.089,0.09,0.09,0.09,0.088,0.091,0.09,0.09,0.089,0.088,0.092,0.093,0.095,0.091,0.089,0.09,0.091,0.089,0.09,0.09,0.087,0.087,0.093,0.098,0.094,0.088,0.09,0.088,0.088,0.094,0.088,0.092,0.088,0.088,0.087,0.09,0.089,0.086,0.088,0.086,0.088,0.092,0.088,0.089,0.087
,4:25:00,48,0.087,0.088,0.089,0.086,0.087,0.087,0.086,0.087,0.086,0.087,0.086,0.088,0.086,0.089,0.085,0.083,0.085,0.094,0.084,0.082,0.083,0.081,0.084,0.086,0.088,0.086,0.099,0.086,0.087,0.083,0.083,0.084,0.083,0.083,0.083,0.088,0.088,0.085,0.087,0.085,0.084,0.083,0.084,0.083,0.085,0.085,0.084,0.09,0.088,0.1,0.092,0.089,0.092,0.09,0.09,0.088,0.091,0.09,0.091,0.089,0.088,0.093,0.093,0.095,0.091,0.089,0.09,0.091,0.089,0.09,0.09,0.087,0.088,0.093,0.098,0.094,0.088,0.09,0.089,0.088,0.093,0.088,0.092,0.089,0.087,0.087,0.09,0.089,0.086,0.088,0.087,0.088,0.092,0.088,0.089,0.087
,4:30:00,47.9,0.087,0.088,0.089,0.086,0.087,0.087,0.087,0.086,0.086,0.087,0.086,0.088,0.086,0.083,0.083,0.083,0.085,0.094,0.083,0.084,0.083,0.081,0.083,0.086,0.088,0.086,0.098,0.086,0.086,0.082,0.082,0.083,0.082,0.083,0.083,0.088,0.088,0.085,0.087,0.085,0.083,0.083,0.084,0.083,0.084,0.085,0.084,0.091,0.088,0.1,0.091,0.089,0.092,0.09,0.09,0.088,0.091,0.09,0.09,0.089,0.088,0.092,0.093,0.095,0.091,0.089,0.09,0.091,0.088,0.09,0.09,0.088,0.087,0.093,0.098,0.094,0.088,0.09,0.088,0.088,0.094,0.088,0.092,0.089,0.087,0.086,0.089,0.088,0.086,0.087,0.086,0.088,0.092,0.088,0.089,0.087
,4:35:00,47.9,0.087,0.088,0.088,0.086,0.087,0.087,0.087,0.086,0.086,0.087,0.086,0.088,0.086,0.083,0.084,0.083,0.085,0.094,0.083,0.084,0.083,0.081,0.083,0.086,0.088,0.086,0.098,0.087,0.086,0.082,0.083,0.083,0.083,0.083,0.083,0.088,0.088,0.085,0.086,0.083,0.083,0.083,0.084,0.083,0.085,0.085,0.084,0.091,0.088,0.1,0.092,0.089,0.093,0.09,0.09,0.088,0.091,0.09,0.09,0.089,0.088,0.092,0.094,0.095,0.091,0.089,0.089,0.091,0.089,0.09,0.09,0.087,0.087,0.093,0.098,0.094,0.09,0.09,0.088,0.088,0.093,0.088,0.092,0.089,0.087,0.086,0.089,0.088,0.086,0.088,0.086,0.088,0.092,0.088,0.088,0.087
,4:40:00,48,0.087,0.088,0.086,0.086,0.087,0.087,0.087,0.087,0.087,0.088,0.087,0.088,0.087,0.094,0.084,0.085,0.085,0.095,0.084,0.084,0.083,0.081,0.084,0.087,0.088,0.087,0.099,0.087,0.086,0.083,0.083,0.084,0.083,0.084,0.083,0.088,0.088,0.086,0.086,0.085,0.084,0.083,0.084,0.083,0.085,0.085,0.084,0.091,0.088,0.101,0.092,0.089,0.094,0.09,0.09,0.088,0.091,0.09,0.09,0.09,0.088,0.092,0.094,0.095,0.092,0.089,0.09,0.091,0.089,0.09,0.09,0.087,0.087,0.093,0.098,0.094,0.089,0.09,0.089,0.088,0.094,0.089,0.092,0.089,0.088,0.087,0.09,0.089,0.086,0.088,0.086,0.088,0.092,0.088,0.089,0.089
,4:45:00,48,0.086,0.088,0.086,0.086,0.087,0.087,0.087,0.087,0.086,0.087,0.086,0.088,0.086,0.083,0.084,0.083,0.085,0.094,0.083,0.082,0.083,0.081,0.083,0.086,0.088,0.086,0.098,0.087,0.087,0.082,0.082,0.083,0.083,0.083,0.083,0.088,0.088,0.085,0.087,0.085,0.084,0.083,0.084,0.083,0.085,0.085,0.084,0.091,0.088,0.1,0.091,0.089,0.095,0.09,0.09,0.088,0.091,0.09,0.09,0.089,0.088,0.092,0.093,0.095,0.091,0.089,0.089,0.091,0.089,0.09,0.09,0.087,0.087,0.093,0.097,0.094,0.089,0.09,0.088,0.088,0.093,0.088,0.092,0.089,0.087,0.087,0.089,0.088,0.086,0.088,0.086,0.088,0.092,0.088,0.088,0.089
,4:50:00,47.9,0.087,0.088,0.086,0.087,0.087,0.087,0.087,0.087,0.086,0.087,0.087,0.088,0.086,0.095,0.084,0.086,0.085,0.095,0.084,0.082,0.083,0.081,0.084,0.086,0.088,0.086,0.099,0.087,0.086,0.083,0.083,0.083,0.083,0.083,0.083,0.088,0.088,0.086,0.087,0.084,0.084,0.083,0.084,0.083,0.085,0.085,0.084,0.091,0.088,0.101,0.091,0.089,0.093,0.09,0.09,0.088,0.091,0.09,0.09,0.089,0.088,0.092,0.094,0.096,0.091,0.089,0.09,0.091,0.089,0.09,0.09,0.087,0.087,0.093,0.097,0.094,0.09,0.09,0.089,0.088,0.094,0.089,0.092,0.089,0.088,0.087,0.089,0.088,0.086,0.088,0.087,0.088,0.093,0.088,0.089,0.088
,4:55:00,48,0.086,0.089,0.086,0.086,0.087,0.087,0.087,0.086,0.086,0.087,0.086,0.088,0.086,0.083,0.084,0.084,0.084,0.094,0.084,0.082,0.083,0.081,0.083,0.086,0.088,0.086,0.098,0.086,0.086,0.082,0.083,0.083,0.083,0.083,0.083,0.088,0.088,0.085,0.087,0.084,0.083,0.083,0.083,0.083,0.085,0.085,0.084,0.091,0.088,0.1,0.091,0.089,0.093,0.09,0.09,0.088,0.091,0.09,0.09,0.089,0.088,0.092,0.093,0.095,0.091,0.089,0.09,0.091,0.089,0.09,0.09,0.087,0.087,0.093,0.096,0.094,0.089,0.09,0.088,0.088,0.093,0.088,0.092,0.089,0.087,0.086,0.089,0.088,0.086,0.088,0.086,0.088,0.092,0.088,0.089,0.087
,5:00:00,48,0.087,0.089,0.086,0.087,0.087,0.087,0.087,0.087,0.086,0.088,0.087,0.088,0.087,0.09,0.084,0.083,0.085,0.094,0.084,0.084,0.084,0.082,0.083,0.087,0.088,0.087,0.099,0.087,0.086,0.083,0.083,0.083,0.083,0.083,0.084,0.088,0.088,0.086,0.086,0.084,0.084,0.084,0.083,0.083,0.085,0.085,0.085,0.091,0.088,0.101,0.09,0.09,0.092,0.09,0.09,0.088,0.091,0.09,0.09,0.089,0.088,0.092,0.093,0.095,0.091,0.089,0.09,0.091,0.089,0.09,0.09,0.088,0.087,0.094,0.096,0.094,0.09,0.09,0.089,0.088,0.094,0.089,0.092,0.089,0.088,0.086,0.09,0.089,0.086,0.088,0.087,0.089,0.092,0.088,0.088,0.089
,5:05:00,48,0.086,0.088,0.086,0.086,0.087,0.086,0.087,0.086,0.086,0.087,0.086,0.088,0.086,0.084,0.086,0.083,0.085,0.094,0.083,0.084,0.083,0.081,0.083,0.086,0.088,0.086,0.098,0.087,0.085,0.082,0.082,0.083,0.082,0.083,0.083,0.088,0.088,0.086,0.086,0.085,0.084,0.083,0.083,0.083,0.09,0.085,0.084,0.091,0.088,0.1,0.09,0.089,0.095,0.09,0.09,0.088,0.092,0.09,0.09,0.089,0.088,0.091,0.093,0.095,0.091,0.089,0.089,0.091,0.089,0.09,0.09,0.087,0.087,0.093,0.096,0.093,0.089,0.09,0.088,0.088,0.093,0.088,0.092,0.088,0.087,0.086,0.089,0.088,0.086,0.088,0.086,0.088,0.092,0.087,0.089,0.088
,5:10:00,47.9,0.086,0.088,0.086,0.086,0.086,0.086,0.086,0.086,0.086,0.087,0.086,0.087,0.086,0.083,0.083,0.082,0.084,0.094,0.083,0.083,0.082,0.081,0.083,0.086,0.088,0.086,0.098,0.086,0.086,0.082,0.082,0.082,0.082,0.083,0.083,0.088,0.088,0.085,0.087,0.083,0.083,0.083,0.083,0.083,0.084,0.085,0.083,0.09,0.087,0.101,0.09,0.089,0.092,0.09,0.09,0.088,0.091,0.089,0.09,0.089,0.088,0.091,0.093,0.094,0.09,0.089,0.089,0.091,0.088,0.089,0.09,0.087,0.087,0.093,0.095,0.093,0.09,0.089,0.088,0.087,0.093,0.088,0.091,0.088,0.087,0.086,0.089,0.088,0.086,0.087,0.086,0.088,0.092,0.087,0.088,0.087
,5:15:00,47.9,0.086,0.088,0.087,0.086,0.087,0.087,0.087,0.086,0.086,0.087,0.086,0.088,0.086,0.083,0.085,0.083,0.084,0.094,0.083,0.082,0.083,0.081,0.083,0.086,0.088,0.086,0.098,0.086,0.085,0.082,0.083,0.084,0.083,0.083,0.083,0.088,0.088,0.085,0.088,0.087,0.083,0.083,0.084,0.083,0.084,0.085,0.083,0.091,0.088,0.101,0.092,0.089,0.096,0.09,0.089,0.088,0.091,0.089,0.09,0.089,0.088,0.092,0.093,0.095,0.091,0.089,0.09,0.091,0.089,0.09,0.09,0.087,0.087,0.093,0.096,0.094,0.089,0.09,0.088,0.088,0.093,0.088,0.092,0.089,0.087,0.086,0.089,0.088,0.086,0.088,0.086,0.088,0.092,0.088,0.089,0.087
,5:20:00,47.9,0.086,0.088,0.089,0.086,0.087,0.086,0.087,0.086,0.086,0.087,0.086,0.087,0.086,0.083,0.083,0.086,0.084,0.094,0.083,0.082,0.083,0.081,0.083,0.086,0.088,0.086,0.098,0.086,0.085,0.082,0.082,0.084,0.082,0.083,0.083,0.088,0.088,0.085,0.086,0.083,0.084,0.083,0.084,0.083,0.084,0.085,0.084,0.09,0.087,0.1,0.09,0.089,0.094,0.089,0.09,0.088,0.091,0.09,0.09,0.089,0.088,0.091,0.093,0.094,0.091,0.089,0.089,0.09,0.089,0.09,0.09,0.087,0.087,0.093,0.095,0.093,0.088,0.089,0.088,0.088,0.093,0.088,0.091,0.089,0.087,0.086,0.089,0.088,0.086,0.088,0.086,0.088,0.092,0.088,0.089,0.087
,5:25:00,47.9,0.087,0.089,0.088,0.087,0.087,0.087,0.087,0.086,0.086,0.087,0.086,0.088,0.087,0.084,0.084,0.087,0.084,0.095,0.083,0.082,0.083,0.081,0.084,0.086,0.088,0.086,0.099,0.087,0.086,0.083,0.083,0.084,0.083,0.083,0.083,0.088,0.088,0.086,0.087,0.085,0.084,0.083,0.083,0.083,0.085,0.085,0.084,0.09,0.088,0.101,0.092,0.089,0.09,0.09,0.09,0.088,0.091,0.09,0.09,0.09,0.088,0.092,0.094,0.095,0.091,0.089,0.09,0.091,0.089,0.09,0.09,0.087,0.087,0.093,0.096,0.094,0.089,0.09,0.089,0.088,0.093,0.088,0.092,0.089,0.087,0.087,0.089,0.088,0.086,0.088,0.086,0.088,0.092,0.088,0.09,0.087
,5:30:00,48,0.086,0.088,0.085,0.086,0.086,0.086,0.086,0.086,0.086,0.087,0.086,0.088,0.086,0.083,0.083,0.083,0.084,0.094,0.083,0.082,0.083,0.081,0.084,0.086,0.088,0.087,0.098,0.087,0.085,0.082,0.083,0.084,0.083,0.083,0.083,0.088,0.088,0.085,0.086,0.086,0.084,0.083,0.083,0.083,0.085,0.085,0.084,0.091,0.087,0.101,0.092,0.089,0.093,0.09,0.09,0.088,0.09,0.089,0.09,0.089,0.088,0.091,0.094,0.095,0.091,0.089,0.09,0.091,0.088,0.09,0.089,0.087,0.087,0.093,0.095,0.093,0.088,0.09,0.088,0.088,0.093,0.088,0.092,0.089,0.087,0.086,0.089,0.089,0.086,0.088,0.086,0.088,0.092,0.087,0.088,0.086
,5:35:00,48,0.087,0.088,0.087,0.087,0.087,0.087,0.087,0.086,0.087,0.087,0.087,0.088,0.086,0.083,0.084,0.083,0.085,0.094,0.084,0.082,0.083,0.081,0.084,0.086,0.088,0.087,0.099,0.087,0.085,0.082,0.083,0.084,0.083,0.083,0.083,0.088,0.088,0.085,0.087,0.084,0.084,0.083,0.085,0.083,0.085,0.085,0.084,0.091,0.088,0.101,0.092,0.089,0.09,0.09,0.09,0.088,0.091,0.09,0.09,0.089,0.088,0.092,0.093,0.095,0.091,0.089,0.089,0.091,0.089,0.09,0.09,0.087,0.087,0.093,0.095,0.093,0.09,0.09,0.088,0.088,0.094,0.088,0.092,0.089,0.087,0.087,0.089,0.088,0.086,0.088,0.086,0.088,0.092,0.088,0.089,0.087
,5:40:00,48,0.086,0.088,0.086,0.086,0.087,0.086,0.087,0.086,0.086,0.087,0.086,0.087,0.086,0.083,0.083,0.083,0.084,0.094,0.083,0.082,0.082,0.081,0.083,0.086,0.088,0.086,0.098,0.087,0.085,0.082,0.082,0.083,0.083,0.082,0.083,0.088,0.088,0.085,0.086,0.083,0.083,0.083,0.084,0.083,0.084,0.085,0.084,0.091,0.088,0.1,0.091,0.089,0.089,0.09,0.09,0.088,0.091,0.089,0.09,0.089,0.088,0.091,0.093,0.095,0.091,0.089,0.089,0.091,0.088,0.089,0.09,0.087,0.087,0.093,0.095,0.093,0.088,0.09,0.088,0.088,0.093,0.088,0.091,0.089,0.087,0.086,0.089,0.088,0.086,0.087,0.086,0.088,0.092,0.088,0.089,0.086
,5:45:00,47.9,0.086,0.088,0.086,0.086,0.087,0.086,0.087,0.086,0.086,0.087,0.086,0.088,0.086,0.09,0.084,0.083,0.084,0.094,0.084,0.082,0.083,0.081,0.083,0.086,0.088,0.086,0.099,0.086,0.085,0.082,0.083,0.084,0.083,0.083,0.083,0.088,0.088,0.086,0.086,0.083,0.084,0.083,0.084,0.083,0.085,0.085,0.084,0.09,0.088,0.1,0.09,0.089,0.091,0.09,0.089,0.088,0.091,0.09,0.09,0.089,0.088,0.091,0.093,0.094,0.091,0.088,0.089,0.091,0.089,0.09,0.09,0.087,0.087,0.093,0.094,0.093,0.089,0.09,0.088,0.088,0.093,0.088,0.092,0.088,0.087,0.086,0.089,0.088,0.086,0.088,0.086,0.088,0.092,0.088,0.088,0.087
,5:50:00,48,0.087,0.089,0.086,0.087,0.087,0.087,0.087,0.087,0.086,0.087,0.087,0.088,0.087,0.096,0.086,0.084,0.084,0.094,0.083,0.082,0.083,0.081,0.084,0.086,0.089,0.086,0.099,0.087,0.085,0.083,0.083,0.083,0.082,0.083,0.083,0.088,0.089,0.085,0.087,0.084,0.084,0.085,0.083,0.083,0.085,0.085,0.084,0.091,0.088,0.101,0.09,0.089,0.091,0.09,0.09,0.088,0.091,0.09,0.09,0.089,0.088,0.091,0.093,0.094,0.092,0.089,0.09,0.091,0.089,0.09,0.09,0.087,0.087,0.093,0.095,0.094,0.088,0.09,0.089,0.088,0.093,0.088,0.092,0.089,0.087,0.086,0.089,0.089,0.086,0.088,0.086,0.088,0.092,0.088,0.088,0.087
,5:55:00,47.9,0.087,0.088,0.086,0.086,0.087,0.087,0.086,0.086,0.086,0.087,0.086,0.088,0.086,0.084,0.083,0.083,0.085,0.094,0.083,0.082,0.083,0.081,0.083,0.086,0.088,0.086,0.099,0.086,0.086,0.082,0.082,0.084,0.082,0.083,0.083,0.088,0.088,0.085,0.087,0.084,0.084,0.089,0.084,0.083,0.084,0.085,0.084,0.091,0.087,0.1,0.09,0.089,0.093,0.09,0.09,0.088,0.091,0.089,0.09,0.089,0.088,0.091,0.093,0.095,0.091,0.089,0.089,0.091,0.088,0.09,0.09,0.087,0.087,0.093,0.095,0.093,0.089,0.09,0.088,0.088,0.093,0.089,0.091,0.089,0.087,0.086,0.089,0.088,0.086,0.088,0.086,0.088,0.092,0.087,0.088,0.086
,6:00:00,48,0.087,0.088,0.089,0.086,0.087,0.087,0.087,0.087,0.087,0.087,0.086,0.088,0.087,0.083,0.083,0.086,0.084,0.094,0.083,0.082,0.083,0.081,0.084,0.086,0.089,0.086,0.099,0.088,0.086,0.082,0.082,0.084,0.083,0.083,0.083,0.088,0.088,0.086,0.087,0.086,0.084,0.091,0.084,0.083,0.085,0.085,0.084,0.091,0.088,0.101,0.09,0.089,0.089,0.09,0.09,0.088,0.093,0.09,0.09,0.089,0.088,0.091,0.093,0.095,0.091,0.089,0.09,0.091,0.089,0.09,0.09,0.087,0.087,0.093,0.094,0.093,0.088,0.09,0.088,0.088,0.093,0.088,0.092,0.089,0.087,0.086,0.089,0.089,0.086,0.088,0.086,0.088,0.092,0.088,0.088,0.087
,6:05:00,47.9,0.086,0.088,0.087,0.086,0.087,0.086,0.087,0.086,0.086,0.087,0.086,0.087,0.087,0.086,0.083,0.083,0.085,0.095,0.083,0.082,0.083,0.081,0.083,0.086,0.088,0.086,0.099,0.085,0.086,0.082,0.082,0.083,0.082,0.083,0.083,0.088,0.088,0.086,0.086,0.084,0.083,0.095,0.084,0.083,0.084,0.085,0.084,0.09,0.088,0.101,0.09,0.089,0.092,0.09,0.09,0.088,0.091,0.09,0.09,0.089,0.088,0.092,0.092,0.095,0.091,0.089,0.089,0.091,0.089,0.089,0.09,0.087,0.087,0.093,0.094,0.093,0.088,0.09,0.088,0.088,0.093,0.088,0.091,0.089,0.087,0.086,0.089,0.088,0.086,0.087,0.086,0.088,0.092,0.088,0.088,0.087
,6:10:00,47.9,0.086,0.088,0.087,0.086,0.087,0.086,0.087,0.087,0.086,0.087,0.086,0.088,0.087,0.084,0.083,0.083,0.084,0.095,0.084,0.082,0.083,0.081,0.084,0.086,0.088,0.086,0.099,0.087,0.086,0.082,0.082,0.083,0.083,0.083,0.083,0.088,0.088,0.085,0.085,0.087,0.083,0.098,0.083,0.083,0.085,0.085,0.084,0.09,0.088,0.101,0.091,0.089,0.094,0.09,0.09,0.088,0.091,0.09,0.09,0.089,0.088,0.091,0.093,0.095,0.091,0.089,0.09,0.091,0.089,0.09,0.09,0.087,0.087,0.093,0.094,0.093,0.088,0.09,0.088,0.088,0.093,0.088,0.091,0.088,0.087,0.086,0.089,0.089,0.086,0.088,0.086,0.088,0.092,0.087,0.089,0.087
,6:15:00,48,0.087,0.089,0.087,0.086,0.087,0.087,0.087,0.087,0.086,0.087,0.086,0.088,0.087,0.084,0.084,0.083,0.084,0.095,0.084,0.082,0.083,0.081,0.084,0.086,0.089,0.087,0.099,0.087,0.087,0.082,0.083,0.083,0.083,0.083,0.083,0.088,0.088,0.086,0.087,0.086,0.084,0.099,0.083,0.083,0.085,0.085,0.084,0.091,0.088,0.101,0.09,0.089,0.094,0.09,0.09,0.088,0.091,0.09,0.09,0.089,0.088,0.091,0.093,0.095,0.091,0.089,0.09,0.091,0.088,0.09,0.09,0.088,0.087,0.093,0.094,0.094,0.089,0.09,0.088,0.088,0.093,0.088,0.092,0.089,0.087,0.086,0.089,0.089,0.086,0.088,0.086,0.088,0.092,0.088,0.089,0.087
,6:20:00,48,0.087,0.088,0.086,0.086,0.087,0.087,0.087,0.087,0.086,0.087,0.086,0.087,0.086,0.097,0.083,0.083,0.085,0.094,0.084,0.082,0.083,0.081,0.084,0.086,0.089,0.086,0.099,0.087,0.086,0.082,0.082,0.084,0.083,0.083,0.083,0.088,0.088,0.085,0.086,0.086,0.084,0.103,0.083,0.083,0.086,0.085,0.084,0.09,0.087,0.101,0.09,0.089,0.09,0.09,0.09,0.088,0.091,0.089,0.09,0.089,0.088,0.091,0.093,0.095,0.091,0.089,0.089,0.091,0.089,0.09,0.09,0.087,0.087,0.093,0.094,0.093,0.088,0.09,0.088,0.088,0.093,0.088,0.091,0.089,0.087,0.086,0.089,0.088,0.086,0.088,0.086,0.088,0.092,0.088,0.088,0.087
,6:25:00,47.9,0.086,0.088,0.086,0.086,0.087,0.086,0.087,0.087,0.086,0.087,0.086,0.088,0.086,0.093,0.084,0.083,0.084,0.094,0.083,0.082,0.084,0.081,0.083,0.086,0.088,0.089,0.099,0.087,0.085,0.082,0.082,0.084,0.082,0.083,0.083,0.088,0.088,0.085,0.087,0.086,0.083,0.106,0.083,0.083,0.084,0.085,0.084,0.091,0.088,0.101,0.09,0.089,0.09,0.09,0.09,0.088,0.091,0.09,0.09,0.089,0.088,0.091,0.093,0.095,0.091,0.089,0.089,0.091,0.089,0.09,0.09,0.087,0.087,0.093,0.094,0.093,0.088,0.09,0.088,0.088,0.093,0.088,0.091,0.089,0.087,0.086,0.089,0.088,0.086,0.087,0.086,0.088,0.092,0.088,0.088,0.088
,6:30:00,47.9,0.086,0.088,0.086,0.086,0.087,0.087,0.087,0.087,0.086,0.087,0.086,0.088,0.086,0.093,0.084,0.083,0.084,0.094,0.083,0.082,0.083,0.081,0.083,0.086,0.089,0.086,0.099,0.087,0.085,0.082,0.083,0.083,0.082,0.083,0.084,0.088,0.088,0.086,0.087,0.084,0.083,0.111,0.084,0.083,0.084,0.085,0.084,0.09,0.088,0.101,0.09,0.089,0.095,0.09,0.09,0.088,0.091,0.09,0.089,0.089,0.088,0.091,0.093,0.095,0.091,0.089,0.089,0.091,0.088,0.09,0.09,0.087,0.087,0.093,0.094,0.093,0.088,0.09,0.088,0.088,0.093,0.088,0.091,0.089,0.087,0.086,0.09,0.088,0.086,0.088,0.086,0.089,0.092,0.088,0.088,0.087
,6:35:00,48,0.086,0.088,0.086,0.086,0.087,0.087,0.087,0.086,0.086,0.087,0.086,0.087,0.086,0.084,0.083,0.083,0.085,0.094,0.084,0.082,0.083,0.081,0.084,0.086,0.088,0.086,0.099,0.087,0.085,0.082,0.082,0.084,0.082,0.083,0.083,0.088,0.088,0.086,0.087,0.088,0.084,0.113,0.084,0.083,0.087,0.085,0.084,0.09,0.087,0.1,0.09,0.089,0.091,0.09,0.09,0.088,0.091,0.09,0.09,0.089,0.088,0.091,0.092,0.095,0.091,0.089,0.09,0.091,0.089,0.09,0.09,0.087,0.087,0.093,0.094,0.093,0.088,0.09,0.088,0.088,0.093,0.088,0.091,0.089,0.087,0.086,0.089,0.089,0.086,0.088,0.086,0.088,0.092,0.088,0.089,0.089
,6:40:00,48,0.086,0.088,0.088,0.086,0.087,0.086,0.086,0.086,0.086,0.087,0.086,0.087,0.086,0.083,0.083,0.083,0.084,0.094,0.083,0.081,0.083,0.081,0.083,0.086,0.088,0.086,0.098,0.086,0.086,0.082,0.082,0.084,0.082,0.083,0.083,0.088,0.088,0.085,0.087,0.086,0.083,0.114,0.084,0.083,0.084,0.085,0.084,0.091,0.087,0.101,0.09,0.089,0.091,0.09,0.09,0.088,0.091,0.089,0.09,0.088,0.088,0.091,0.092,0.094,0.091,0.089,0.089,0.091,0.088,0.089,0.09,0.087,0.087,0.093,0.094,0.093,0.088,0.09,0.088,0.088,0.093,0.088,0.091,0.089,0.087,0.086,0.089,0.088,0.086,0.087,0.086,0.088,0.091,0.087,0.089,0.088
,6:45:00,48,0.086,0.088,0.089,0.086,0.087,0.087,0.087,0.086,0.086,0.087,0.086,0.088,0.087,0.083,0.083,0.087,0.084,0.094,0.083,0.082,0.084,0.081,0.084,0.086,0.088,0.086,0.099,0.087,0.085,0.082,0.083,0.083,0.083,0.083,0.083,0.088,0.088,0.085,0.087,0.084,0.084,0.116,0.083,0.083,0.085,0.085,0.084,0.09,0.088,0.1,0.09,0.089,0.092,0.09,0.09,0.088,0.091,0.09,0.09,0.089,0.088,0.091,0.093,0.095,0.091,0.09,0.09,0.091,0.089,0.09,0.09,0.087,0.088,0.093,0.094,0.093,0.089,0.09,0.088,0.088,0.093,0.088,0.091,0.089,0.087,0.086,0.089,0.088,0.086,0.088,0.086,0.088,0.092,0.088,0.088,0.087
,6:50:00,48,0.086,0.088,0.089,0.086,0.087,0.087,0.086,0.087,0.086,0.087,0.086,0.087,0.086,0.1,0.083,0.083,0.084,0.094,0.083,0.082,0.083,0.081,0.083,0.086,0.088,0.087,0.098,0.087,0.086,0.082,0.083,0.083,0.083,0.083,0.084,0.088,0.088,0.085,0.086,0.084,0.084,0.118,0.083,0.083,0.084,0.085,0.084,0.091,0.088,0.1,0.09,0.089,0.09,0.09,0.09,0.088,0.091,0.09,0.09,0.089,0.088,0.091,0.092,0.095,0.091,0.089,0.09,0.091,0.088,0.089,0.09,0.087,0.087,0.093,0.094,0.093,0.088,0.09,0.088,0.088,0.093,0.088,0.091,0.089,0.087,0.086,0.089,0.088,0.086,0.087,0.086,0.088,0.092,0.088,0.089,0.088
,6:55:00,48,0.087,0.089,0.086,0.087,0.087,0.087,0.087,0.087,0.087,0.087,0.086,0.088,0.087,0.084,0.084,0.083,0.085,0.095,0.084,0.082,0.084,0.081,0.084,0.086,0.089,0.086,0.099,0.087,0.086,0.082,0.083,0.084,0.083,0.083,0.084,0.088,0.088,0.086,0.088,0.086,0.084,0.12,0.084,0.083,0.085,0.085,0.084,0.091,0.088,0.101,0.09,0.089,0.09,0.09,0.09,0.088,0.093,0.09,0.09,0.089,0.088,0.091,0.093,0.095,0.091,0.089,0.09,0.091,0.089,0.09,0.09,0.087,0.087,0.094,0.094,0.094,0.089,0.09,0.088,0.088,0.093,0.088,0.091,0.089,0.087,0.086,0.089,0.088,0.086,0.088,0.086,0.089,0.092,0.088,0.089,0.088
,7:00:00,48,0.087,0.088,0.086,0.086,0.087,0.086,0.086,0.086,0.086,0.087,0.086,0.087,0.086,0.086,0.083,0.083,0.085,0.094,0.083,0.082,0.083,0.081,0.083,0.086,0.089,0.086,0.099,0.087,0.085,0.082,0.083,0.083,0.082,0.083,0.083,0.088,0.088,0.085,0.087,0.088,0.084,0.121,0.084,0.082,0.085,0.085,0.084,0.09,0.087,0.1,0.09,0.089,0.09,0.09,0.09,0.088,0.091,0.089,0.09,0.089,0.088,0.091,0.092,0.095,0.091,0.089,0.089,0.091,0.088,0.09,0.09,0.087,0.087,0.093,0.093,0.093,0.088,0.09,0.088,0.087,0.093,0.088,0.091,0.089,0.087,0.086,0.089,0.088,0.086,0.088,0.086,0.088,0.092,0.087,0.089,0.086
,7:05:00,48,0.087,0.089,0.086,0.086,0.087,0.087,0.087,0.087,0.087,0.087,0.086,0.087,0.087,0.083,0.084,0.083,0.084,0.094,0.084,0.082,0.083,0.081,0.084,0.086,0.089,0.086,0.099,0.087,0.086,0.082,0.083,0.083,0.083,0.083,0.083,0.088,0.089,0.085,0.087,0.084,0.084,0.126,0.084,0.083,0.085,0.085,0.084,0.091,0.088,0.101,0.09,0.089,0.09,0.091,0.09,0.088,0.091,0.09,0.09,0.089,0.088,0.091,0.093,0.095,0.091,0.089,0.09,0.091,0.089,0.09,0.09,0.087,0.087,0.093,0.094,0.094,0.089,0.09,0.088,0.088,0.093,0.088,0.091,0.089,0.087,0.087,0.089,0.088,0.086,0.088,0.086,0.088,0.092,0.088,0.09,0.087
,7:10:00,48,0.087,0.088,0.086,0.087,0.087,0.086,0.087,0.086,0.086,0.087,0.086,0.087,0.087,0.083,0.084,0.085,0.084,0.094,0.084,0.082,0.084,0.081,0.084,0.086,0.088,0.086,0.098,0.087,0.085,0.082,0.083,0.084,0.083,0.083,0.083,0.087,0.088,0.085,0.088,0.087,0.084,0.131,0.084,0.083,0.085,0.085,0.084,0.091,0.088,0.101,0.09,0.089,0.09,0.09,0.09,0.088,0.091,0.09,0.09,0.089,0.088,0.091,0.092,0.096,0.091,0.089,0.09,0.091,0.089,0.089,0.09,0.087,0.087,0.093,0.094,0.093,0.089,0.089,0.088,0.088,0.093,0.088,0.091,0.089,0.087,0.086,0.089,0.088,0.086,0.087,0.086,0.088,0.092,0.088,0.088,0.087
,7:15:00,48,0.086,0.088,0.086,0.086,0.087,0.086,0.087,0.086,0.086,0.087,0.086,0.087,0.086,0.096,0.083,0.083,0.084,0.094,0.083,0.082,0.083,0.081,0.083,0.086,0.088,0.086,0.098,0.087,0.085,0.082,0.083,0.083,0.082,0.083,0.084,0.088,0.088,0.085,0.087,0.086,0.083,0.131,0.083,0.083,0.084,0.085,0.084,0.09,0.088,0.1,0.09,0.089,0.092,0.09,0.089,0.088,0.09,0.09,0.089,0.089,0.088,0.091,0.093,0.094,0.091,0.089,0.089,0.091,0.089,0.089,0.09,0.087,0.087,0.094,0.093,0.093,0.088,0.089,0.088,0.088,0.093,0.088,0.091,0.089,0.087,0.086,0.089,0.088,0.086,0.087,0.086,0.088,0.092,0.087,0.088,0.087
,7:20:00,47.9,0.087,0.089,0.086,0.087,0.087,0.087,0.087,0.087,0.087,0.087,0.086,0.087,0.087,0.1,0.084,0.083,0.085,0.094,0.083,0.082,0.083,0.081,0.084,0.086,0.088,0.086,0.099,0.087,0.085,0.082,0.083,0.083,0.083,0.083,0.083,0.088,0.088,0.086,0.087,0.086,0.084,0.136,0.084,0.083,0.085,0.085,0.084,0.091,0.088,0.101,0.09,0.089,0.094,0.09,0.09,0.088,0.091,0.09,0.09,0.089,0.088,0.091,0.092,0.095,0.091,0.089,0.09,0.091,0.089,0.09,0.09,0.087,0.087,0.093,0.094,0.094,0.089,0.09,0.088,0.088,0.093,0.088,0.092,0.089,0.087,0.086,0.089,0.089,0.086,0.088,0.086,0.089,0.092,0.088,0.089,0.086
,7:25:00,48,0.087,0.088,0.086,0.086,0.087,0.086,0.087,0.086,0.086,0.088,0.086,0.087,0.086,0.084,0.084,0.083,0.084,0.094,0.083,0.082,0.083,0.081,0.083,0.086,0.088,0.086,0.098,0.086,0.085,0.082,0.083,0.084,0.083,0.083,0.083,0.088,0.088,0.085,0.088,0.084,0.084,0.139,0.084,0.083,0.085,0.085,0.084,0.091,0.087,0.101,0.09,0.089,0.09,0.09,0.09,0.088,0.091,0.09,0.089,0.089,0.088,0.091,0.093,0.098,0.091,0.089,0.09,0.091,0.088,0.09,0.09,0.087,0.087,0.093,0.093,0.093,0.09,0.09,0.088,0.088,0.093,0.088,0.091,0.089,0.087,0.086,0.089,0.088,0.086,0.087,0.086,0.088,0.092,0.087,0.088,0.088
,7:30:00,48,0.087,0.088,0.086,0.086,0.087,0.087,0.087,0.087,0.086,0.087,0.086,0.087,0.086,0.092,0.084,0.083,0.084,0.094,0.084,0.082,0.083,0.081,0.084,0.086,0.088,0.086,0.099,0.087,0.087,0.082,0.083,0.083,0.083,0.083,0.083,0.088,0.088,0.086,0.086,0.089,0.084,0.137,0.084,0.083,0.084,0.085,0.084,0.091,0.088,0.101,0.09,0.089,0.094,0.09,0.09,0.088,0.091,0.09,0.09,0.089,0.088,0.091,0.093,0.095,0.091,0.089,0.09,0.091,0.089,0.09,0.09,0.087,0.088,0.093,0.094,0.093,0.09,0.09,0.088,0.088,0.093,0.088,0.091,0.089,0.087,0.086,0.089,0.089,0.086,0.087,0.086,0.088,0.092,0.088,0.088,0.088
,7:35:00,48,0.086,0.089,0.086,0.086,0.087,0.086,0.087,0.086,0.086,0.087,0.086,0.087,0.086,0.087,0.083,0.083,0.084,0.094,0.083,0.082,0.083,0.081,0.083,0.086,0.088,0.086,0.098,0.087,0.085,0.082,0.082,0.083,0.083,0.083,0.083,0.088,0.088,0.085,0.086,0.089,0.083,0.142,0.083,0.083,0.084,0.085,0.084,0.09,0.087,0.1,0.09,0.089,0.09,0.09,0.089,0.088,0.09,0.09,0.09,0.089,0.088,0.091,0.092,0.095,0.091,0.089,0.09,0.091,0.088,0.09,0.09,0.087,0.087,0.093,0.093,0.093,0.089,0.09,0.088,0.088,0.093,0.088,0.091,0.089,0.087,0.086,0.089,0.088,0.086,0.087,0.086,0.088,0.092,0.088,0.088,0.088
,7:40:00,47.9,0.086,0.088,0.086,0.087,0.087,0.087,0.087,0.087,0.087,0.087,0.086,0.088,0.087,0.084,0.084,0.084,0.085,0.094,0.083,0.082,0.084,0.081,0.084,0.086,0.089,0.086,0.099,0.087,0.086,0.082,0.082,0.083,0.083,0.083,0.084,0.088,0.088,0.085,0.087,0.088,0.084,0.149,0.084,0.083,0.085,0.085,0.084,0.09,0.088,0.101,0.091,0.089,0.091,0.091,0.09,0.088,0.091,0.09,0.09,0.089,0.088,0.091,0.094,0.095,0.091,0.089,0.09,0.091,0.089,0.089,0.09,0.087,0.087,0.093,0.093,0.093,0.088,0.09,0.088,0.088,0.093,0.088,0.091,0.089,0.087,0.086,0.089,0.088,0.086,0.088,0.086,0.088,0.092,0.087,0.088,0.088
,7:45:00,48,0.086,0.088,0.088,0.086,0.087,0.087,0.086,0.086,0.086,0.087,0.086,0.087,0.086,0.083,0.083,0.083,0.084,0.094,0.083,0.082,0.083,0.081,0.083,0.086,0.088,0.086,0.098,0.086,0.085,0.082,0.082,0.083,0.083,0.083,0.083,0.088,0.088,0.085,0.087,0.088,0.084,0.153,0.083,0.083,0.084,0.085,0.084,0.09,0.087,0.101,0.09,0.089,0.095,0.09,0.09,0.088,0.091,0.089,0.09,0.089,0.088,0.09,0.094,0.095,0.091,0.089,0.089,0.091,0.088,0.089,0.089,0.087,0.087,0.093,0.093,0.094,0.09,0.089,0.088,0.088,0.093,0.088,0.091,0.089,0.087,0.086,0.089,0.088,0.086,0.087,0.086,0.088,0.091,0.087,0.088,0.088
,7:50:00,48,0.086,0.088,0.089,0.086,0.087,0.086,0.087,0.086,0.086,0.087,0.086,0.087,0.086,0.084,0.083,0.087,0.084,0.094,0.083,0.082,0.082,0.081,0.083,0.086,0.088,0.086,0.099,0.086,0.086,0.082,0.083,0.083,0.082,0.083,0.084,0.087,0.088,0.085,0.087,0.088,0.083,0.154,0.083,0.083,0.084,0.085,0.083,0.09,0.087,0.101,0.09,0.089,0.089,0.09,0.09,0.088,0.09,0.09,0.09,0.088,0.088,0.091,0.093,0.095,0.091,0.089,0.089,0.091,0.088,0.089,0.089,0.087,0.087,0.093,0.093,0.093,0.09,0.09,0.087,0.088,0.092,0.088,0.091,0.089,0.087,0.086,0.089,0.088,0.085,0.087,0.086,0.088,0.091,0.087,0.088,0.087
,7:55:00,48,0.087,0.088,0.088,0.086,0.087,0.087,0.087,0.086,0.086,0.087,0.086,0.087,0.086,0.088,0.084,0.084,0.084,0.094,0.084,0.082,0.083,0.081,0.084,0.086,0.088,0.089,0.099,0.086,0.086,0.082,0.083,0.084,0.083,0.083,0.083,0.088,0.088,0.086,0.088,0.085,0.084,0.155,0.083,0.083,0.085,0.085,0.084,0.091,0.088,0.101,0.09,0.089,0.09,0.091,0.09,0.088,0.091,0.09,0.09,0.089,0.088,0.091,0.093,0.095,0.091,0.089,0.089,0.091,0.089,0.09,0.09,0.087,0.087,0.093,0.093,0.093,0.09,0.09,0.088,0.088,0.093,0.088,0.091,0.089,0.087,0.086,0.089,0.088,0.086,0.088,0.086,0.088,0.092,0.088,0.088,0.089
,8:00:00,48,0.087,0.089,0.087,0.086,0.087,0.086,0.087,0.086,0.087,0.087,0.086,0.087,0.086,0.088,0.084,0.083,0.085,0.094,0.084,0.084,0.083,0.081,0.083,0.086,0.088,0.086,0.099,0.087,0.086,0.082,0.083,0.083,0.083,0.083,0.083,0.088,0.088,0.086,0.087,0.084,0.084,0.16,0.083,0.083,0.085,0.085,0.084,0.091,0.088,0.101,0.09,0.089,0.095,0.091,0.09,0.088,0.091,0.09,0.091,0.089,0.088,0.091,0.094,0.095,0.091,0.089,0.089,0.091,0.089,0.09,0.09,0.087,0.087,0.094,0.093,0.094,0.089,0.09,0.088,0.088,0.093,0.088,0.092,0.089,0.087,0.086,0.089,0.088,0.086,0.088,0.086,0.089,0.092,0.088,0.088,0.087
,8:05:00,48,0.087,0.088,0.086,0.086,0.087,0.086,0.087,0.086,0.086,0.087,0.086,0.087,0.087,0.084,0.083,0.083,0.084,0.094,0.083,0.082,0.083,0.081,0.083,0.086,0.088,0.086,0.099,0.087,0.086,0.082,0.082,0.084,0.082,0.083,0.083,0.088,0.088,0.085,0.087,0.083,0.084,0.164,0.084,0.083,0.084,0.085,0.084,0.09,0.088,0.101,0.09,0.089,0.095,0.091,0.09,0.088,0.091,0.09,0.091,0.089,0.088,0.09,0.092,0.094,0.091,0.089,0.09,0.091,0.088,0.09,0.089,0.087,0.087,0.093,0.093,0.093,0.09,0.09,0.088,0.088,0.093,0.088,0.092,0.089,0.087,0.086,0.089,0.088,0.086,0.087,0.086,0.088,0.092,0.088,0.088,0.087
,8:10:00,47.9,0.087,0.089,0.086,0.087,0.087,0.087,0.087,0.087,0.086,0.088,0.086,0.087,0.086,0.084,0.083,0.083,0.084,0.094,0.083,0.082,0.084,0.081,0.084,0.086,0.088,0.086,0.099,0.087,0.086,0.082,0.083,0.083,0.082,0.083,0.083,0.088,0.088,0.086,0.087,0.085,0.084,0.167,0.084,0.083,0.084,0.085,0.084,0.09,0.087,0.101,0.09,0.09,0.09,0.091,0.09,0.088,0.091,0.09,0.091,0.089,0.088,0.091,0.094,0.095,0.091,0.089,0.09,0.091,0.089,0.09,0.09,0.087,0.087,0.093,0.093,0.094,0.09,0.09,0.088,0.088,0.093,0.088,0.091,0.089,0.087,0.086,0.089,0.089,0.086,0.088,0.086,0.088,0.092,0.088,0.088,0.089
,8:15:00,47.9,0.087,0.088,0.087,0.086,0.087,0.086,0.087,0.086,0.086,0.087,0.086,0.087,0.086,0.1,0.084,0.083,0.084,0.094,0.083,0.082,0.083,0.081,0.083,0.086,0.088,0.086,0.099,0.085,0.085,0.082,0.082,0.083,0.082,0.083,0.083,0.088,0.088,0.085,0.087,0.084,0.084,0.16,0.084,0.083,0.084,0.085,0.084,0.09,0.087,0.101,0.09,0.089,0.089,0.091,0.089,0.088,0.09,0.09,0.091,0.089,0.088,0.091,0.093,0.095,0.09,0.089,0.089,0.091,0.088,0.089,0.09,0.087,0.087,0.093,0.093,0.093,0.089,0.09,0.088,0.088,0.092,0.088,0.091,0.089,0.087,0.086,0.089,0.088,0.086,0.087,0.086,0.088,0.092,0.088,0.088,0.089
,8:20:00,48,0.087,0.088,0.088,0.086,0.087,0.086,0.087,0.086,0.086,0.087,0.086,0.087,0.087,0.091,0.084,0.083,0.085,0.094,0.084,0.082,0.083,0.081,0.083,0.086,0.088,0.086,0.099,0.086,0.085,0.082,0.082,0.084,0.082,0.083,0.084,0.088,0.089,0.085,0.087,0.084,0.084,0.176,0.084,0.083,0.085,0.085,0.084,0.091,0.087,0.101,0.091,0.089,0.09,0.091,0.09,0.088,0.091,0.09,0.091,0.089,0.088,0.091,0.093,0.095,0.091,0.089,0.09,0.091,0.089,0.09,0.09,0.087,0.087,0.093,0.093,0.094,0.088,0.09,0.088,0.088,0.093,0.088,0.091,0.089,0.087,0.086,0.089,0.088,0.086,0.088,0.086,0.088,0.092,0.088,0.088,0.087
,8:25:00,48,0.087,0.088,0.088,0.086,0.087,0.087,0.087,0.086,0.086,0.087,0.086,0.087,0.086,0.083,0.083,0.083,0.085,0.094,0.083,0.082,0.083,0.081,0.083,0.086,0.088,0.087,0.099,0.087,0.085,0.082,0.082,0.083,0.082,0.083,0.083,0.088,0.088,0.085,0.087,0.084,0.083,0.179,0.082,0.083,0.084,0.085,0.084,0.09,0.088,0.101,0.09,0.089,0.089,0.091,0.09,0.088,0.09,0.089,0.09,0.089,0.088,0.091,0.093,0.095,0.091,0.089,0.089,0.091,0.089,0.09,0.089,0.087,0.087,0.093,0.093,0.094,0.09,0.09,0.088,0.088,0.092,0.088,0.091,0.088,0.087,0.086,0.089,0.088,0.086,0.087,0.086,0.088,0.091,0.087,0.088,0.087
,8:30:00,48,0.087,0.089,0.088,0.087,0.087,0.087,0.087,0.087,0.086,0.087,0.086,0.087,0.086,0.084,0.084,0.086,0.084,0.094,0.084,0.082,0.083,0.081,0.084,0.086,0.088,0.086,0.099,0.087,0.085,0.082,0.083,0.083,0.083,0.083,0.083,0.088,0.088,0.086,0.087,0.088,0.084,0.182,0.084,0.083,0.085,0.085,0.084,0.09,0.088,0.101,0.09,0.089,0.09,0.092,0.09,0.088,0.091,0.09,0.09,0.089,0.088,0.091,0.093,0.095,0.091,0.089,0.09,0.091,0.089,0.09,0.09,0.087,0.087,0.093,0.094,0.094,0.09,0.09,0.088,0.088,0.093,0.089,0.091,0.089,0.087,0.086,0.089,0.088,0.086,0.087,0.087,0.088,0.092,0.088,0.088,0.089
,8:35:00,48,0.086,0.088,0.088,0.086,0.087,0.086,0.087,0.086,0.086,0.087,0.086,0.087,0.087,0.089,0.083,0.085,0.084,0.094,0.083,0.082,0.082,0.081,0.083,0.085,0.088,0.086,0.099,0.087,0.085,0.082,0.083,0.083,0.082,0.083,0.083,0.088,0.088,0.085,0.085,0.086,0.084,0.18,0.083,0.085,0.084,0.085,0.084,0.09,0.087,0.101,0.09,0.089,0.09,0.092,0.089,0.088,0.09,0.089,0.09,0.088,0.088,0.091,0.092,0.095,0.091,0.089,0.089,0.091,0.088,0.09,0.09,0.087,0.087,0.093,0.093,0.094,0.09,0.09,0.088,0.088,0.092,0.088,0.091,0.089,0.086,0.086,0.089,0.088,0.086,0.087,0.086,0.088,0.092,0.087,0.088,0.088
,8:40:00,48,0.087,0.088,0.089,0.086,0.087,0.087,0.087,0.087,0.086,0.087,0.086,0.087,0.087,0.098,0.085,0.088,0.084,0.095,0.084,0.082,0.083,0.081,0.084,0.086,0.088,0.087,0.099,0.087,0.086,0.082,0.083,0.084,0.083,0.083,0.083,0.088,0.089,0.085,0.088,0.086,0.084,0.175,0.084,0.084,0.085,0.085,0.084,0.091,0.088,0.101,0.09,0.089,0.09,0.092,0.09,0.088,0.091,0.09,0.09,0.089,0.088,0.091,0.093,0.095,0.091,0.089,0.09,0.091,0.089,0.09,0.09,0.087,0.087,0.093,0.093,0.094,0.09,0.09,0.088,0.088,0.093,0.088,0.091,0.089,0.087,0.086,0.089,0.088,0.086,0.087,0.086,0.088,0.092,0.088,0.088,0.088
,8:45:00,47.9,0.087,0.088,0.087,0.086,0.087,0.087,0.087,0.086,0.086,0.087,0.086,0.087,0.087,0.083,0.084,0.083,0.084,0.094,0.083,0.082,0.083,0.081,0.083,0.086,0.089,0.086,0.099,0.087,0.086,0.082,0.082,0.083,0.083,0.083,0.083,0.088,0.088,0.086,0.088,0.089,0.084,0.187,0.083,0.083,0.085,0.085,0.083,0.09,0.087,0.101,0.09,0.089,0.09,0.092,0.09,0.088,0.091,0.09,0.091,0.089,0.088,0.091,0.092,0.095,0.092,0.089,0.089,0.091,0.089,0.09,0.09,0.087,0.087,0.093,0.093,0.093,0.09,0.09,0.088,0.088,0.093,0.088,0.091,0.089,0.087,0.086,0.089,0.088,0.086,0.087,0.086,0.088,0.092,0.088,0.088,0.088
,8:50:00,47.9,0.087,0.089,0.087,0.087,0.086,0.087,0.087,0.086,0.086,0.087,0.086,0.086,0.086,0.084,0.083,0.083,0.084,0.094,0.083,0.082,0.083,0.081,0.084,0.086,0.089,0.086,0.099,0.087,0.085,0.082,0.082,0.084,0.083,0.083,0.083,0.088,0.088,0.085,0.087,0.089,0.084,0.182,0.084,0.084,0.085,0.085,0.084,0.09,0.087,0.101,0.09,0.089,0.09,0.092,0.09,0.088,0.091,0.09,0.09,0.089,0.088,0.09,0.094,0.094,0.091,0.089,0.09,0.091,0.089,0.09,0.09,0.087,0.087,0.093,0.093,0.094,0.09,0.09,0.088,0.088,0.093,0.088,0.091,0.089,0.087,0.086,0.089,0.088,0.086,0.088,0.086,0.088,0.092,0.088,0.088,0.088
,8:55:00,47.9,0.087,0.089,0.088,0.087,0.087,0.087,0.087,0.087,0.086,0.087,0.086,0.087,0.087,0.1,0.084,0.087,0.085,0.094,0.084,0.082,0.083,0.081,0.084,0.086,0.089,0.086,0.1,0.087,0.088,0.082,0.083,0.083,0.083,0.083,0.083,0.088,0.088,0.086,0.087,0.089,0.085,0.185,0.084,0.083,0.085,0.085,0.084,0.09,0.088,0.101,0.09,0.089,0.095,0.093,0.09,0.088,0.091,0.09,0.09,0.089,0.088,0.091,0.092,0.095,0.091,0.089,0.089,0.091,0.089,0.089,0.09,0.087,0.087,0.093,0.093,0.094,0.089,0.09,0.088,0.088,0.093,0.088,0.091,0.089,0.087,0.086,0.089,0.088,0.086,0.088,0.086,0.088,0.092,0.088,0.088,0.087
,9:00:00,47.9,0.086,0.088,0.086,0.086,0.087,0.087,0.086,0.086,0.086,0.087,0.086,0.087,0.086,0.096,0.084,0.083,0.085,0.094,0.083,0.082,0.083,0.081,0.083,0.085,0.088,0.086,0.099,0.087,0.085,0.082,0.082,0.083,0.083,0.083,0.083,0.088,0.088,0.085,0.086,0.09,0.084,0.186,0.084,0.083,0.085,0.085,0.084,0.09,0.087,0.101,0.09,0.089,0.09,0.092,0.089,0.088,0.091,0.09,0.09,0.089,0.088,0.09,0.093,0.095,0.091,0.089,0.089,0.091,0.088,0.089,0.09,0.087,0.087,0.093,0.093,0.093,0.089,0.09,0.088,0.088,0.092,0.088,0.091,0.089,0.087,0.086,0.089,0.088,0.086,0.087,0.086,0.088,0.092,0.088,0.088,0.088
,9:05:00,48,0.086,0.088,0.086,0.086,0.086,0.086,0.087,0.086,0.086,0.087,0.086,0.086,0.086,0.083,0.085,0.087,0.084,0.094,0.083,0.082,0.082,0.081,0.083,0.085,0.088,0.086,0.099,0.086,0.085,0.081,0.082,0.082,0.082,0.083,0.083,0.087,0.088,0.085,0.087,0.083,0.084,0.196,0.083,0.087,0.085,0.085,0.083,0.09,0.087,0.101,0.09,0.089,0.094,0.092,0.09,0.087,0.09,0.089,0.09,0.088,0.088,0.09,0.093,0.095,0.091,0.089,0.089,0.091,0.088,0.089,0.089,0.087,0.087,0.093,0.093,0.094,0.089,0.089,0.088,0.088,0.092,0.088,0.091,0.088,0.087,0.086,0.089,0.088,0.085,0.087,0.086,0.088,0.091,0.087,0.088,0.088
,9:10:00,48,0.086,0.088,0.087,0.086,0.086,0.086,0.086,0.086,0.086,0.086,0.085,0.086,0.086,0.083,0.083,0.083,0.084,0.093,0.083,0.082,0.082,0.081,0.083,0.085,0.088,0.086,0.099,0.083,0.085,0.082,0.082,0.082,0.082,0.083,0.083,0.088,0.087,0.085,0.087,0.084,0.083,0.211,0.083,0.085,0.084,0.084,0.083,0.09,0.087,0.1,0.09,0.089,0.093,0.092,0.09,0.088,0.09,0.09,0.09,0.088,0.087,0.09,0.092,0.094,0.091,0.089,0.089,0.09,0.088,0.089,0.089,0.087,0.086,0.093,0.092,0.094,0.089,0.089,0.088,0.087,0.092,0.087,0.091,0.088,0.086,0.086,0.088,0.088,0.086,0.087,0.086,0.088,0.091,0.087,0.088,0.089
,9:15:00,47.9,0.087,0.089,0.089,0.087,0.087,0.087,0.087,0.087,0.086,0.087,0.086,0.087,0.087,0.083,0.084,0.087,0.084,0.094,0.084,0.082,0.083,0.081,0.084,0.086,0.088,0.086,0.1,0.087,0.088,0.082,0.082,0.084,0.083,0.083,0.083,0.088,0.088,0.087,0.088,0.087,0.084,0.204,0.083,0.084,0.085,0.085,0.084,0.09,0.088,0.101,0.09,0.089,0.094,0.093,0.09,0.088,0.091,0.09,0.091,0.089,0.088,0.091,0.093,0.095,0.091,0.089,0.09,0.091,0.089,0.09,0.09,0.087,0.087,0.093,0.093,0.094,0.089,0.09,0.088,0.088,0.093,0.088,0.091,0.089,0.087,0.086,0.089,0.088,0.086,0.087,0.086,0.088,0.092,0.088,0.088,0.088
,9:20:00,47.9,0.087,0.088,0.088,0.086,0.087,0.087,0.087,0.087,0.086,0.087,0.086,0.087,0.086,0.087,0.085,0.083,0.085,0.094,0.083,0.082,0.083,0.081,0.084,0.086,0.088,0.086,0.099,0.087,0.086,0.082,0.083,0.084,0.083,0.083,0.083,0.088,0.088,0.085,0.088,0.083,0.085,0.194,0.084,0.085,0.085,0.085,0.084,0.09,0.088,0.101,0.09,0.089,0.09,0.093,0.09,0.088,0.091,0.09,0.091,0.089,0.088,0.091,0.093,0.095,0.091,0.089,0.09,0.091,0.089,0.09,0.09,0.087,0.087,0.094,0.093,0.094,0.089,0.09,0.088,0.088,0.092,0.088,0.091,0.089,0.086,0.086,0.089,0.088,0.086,0.088,0.087,0.088,0.092,0.087,0.088,0.089
,9:25:00,48,0.086,0.088,0.087,0.086,0.087,0.086,0.087,0.086,0.086,0.087,0.086,0.086,0.086,0.083,0.084,0.083,0.084,0.094,0.083,0.082,0.082,0.081,0.083,0.086,0.088,0.086,0.099,0.087,0.085,0.082,0.082,0.083,0.083,0.083,0.083,0.087,0.088,0.085,0.087,0.085,0.084,0.21,0.083,0.089,0.084,0.085,0.084,0.09,0.087,0.101,0.09,0.089,0.089,0.093,0.09,0.088,0.09,0.09,0.09,0.089,0.088,0.091,0.093,0.095,0.091,0.089,0.09,0.091,0.089,0.089,0.09,0.086,0.087,0.093,0.093,0.093,0.089,0.089,0.088,0.088,0.092,0.088,0.091,0.089,0.087,0.086,0.089,0.088,0.085,0.087,0.086,0.088,0.091,0.087,0.088,0.089
,9:30:00,48,0.086,0.088,0.089,0.086,0.087,0.086,0.086,0.086,0.086,0.087,0.085,0.086,0.086,0.083,0.086,0.083,0.084,0.094,0.083,0.082,0.083,0.081,0.083,0.086,0.088,0.086,0.099,0.087,0.086,0.082,0.082,0.083,0.082,0.083,0.083,0.088,0.088,0.085,0.087,0.083,0.084,0.196,0.083,0.083,0.084,0.085,0.084,0.09,0.087,0.101,0.09,0.089,0.089,0.093,0.09,0.088,0.091,0.09,0.09,0.088,0.088,0.09,0.092,0.095,0.091,0.089,0.089,0.091,0.088,0.09,0.089,0.087,0.087,0.093,0.093,0.094,0.088,0.089,0.088,0.088,0.092,0.088,0.091,0.088,0.087,0.086,0.089,0.088,0.086,0.087,0.086,0.088,0.092,0.088,0.088,0.089
,9:35:00,48,0.086,0.089,0.087,0.086,0.086,0.087,0.087,0.086,0.086,0.087,0.086,0.086,0.086,0.083,0.084,0.083,0.084,0.094,0.083,0.082,0.083,0.081,0.083,0.085,0.088,0.086,0.1,0.085,0.085,0.082,0.082,0.083,0.082,0.083,0.083,0.087,0.088,0.085,0.086,0.089,0.084,0.221,0.083,0.083,0.085,0.085,0.084,0.09,0.087,0.101,0.09,0.089,0.092,0.092,0.089,0.088,0.091,0.09,0.091,0.088,0.088,0.09,0.093,0.095,0.091,0.089,0.089,0.091,0.088,0.09,0.089,0.087,0.087,0.093,0.093,0.094,0.088,0.09,0.088,0.088,0.092,0.088,0.091,0.089,0.087,0.086,0.089,0.088,0.086,0.087,0.086,0.088,0.092,0.088,0.088,0.088
,9:40:00,47.9,0.087,0.088,0.088,0.087,0.087,0.087,0.087,0.087,0.086,0.087,0.086,0.086,0.086,0.083,0.086,0.083,0.084,0.094,0.083,0.082,0.083,0.081,0.084,0.086,0.088,0.086,0.099,0.087,0.086,0.082,0.083,0.084,0.083,0.083,0.083,0.088,0.088,0.086,0.087,0.089,0.084,0.231,0.084,0.083,0.085,0.085,0.084,0.09,0.088,0.101,0.09,0.09,0.09,0.093,0.09,0.088,0.091,0.09,0.091,0.089,0.088,0.091,0.092,0.095,0.091,0.089,0.09,0.091,0.089,0.09,0.09,0.087,0.087,0.093,0.093,0.094,0.088,0.09,0.088,0.088,0.093,0.088,0.091,0.089,0.087,0.086,0.089,0.088,0.086,0.088,0.086,0.088,0.092,0.088,0.088,0.089
,9:45:00,48,0.086,0.088,0.087,0.086,0.086,0.086,0.087,0.086,0.086,0.087,0.086,0.086,0.086,0.083,0.083,0.083,0.084,0.094,0.083,0.082,0.083,0.081,0.083,0.085,0.088,0.086,0.099,0.086,0.085,0.082,0.082,0.083,0.082,0.083,0.083,0.088,0.088,0.085,0.087,0.084,0.084,0.235,0.083,0.083,0.085,0.085,0.084,0.09,0.087,0.101,0.09,0.089,0.095,0.093,0.09,0.088,0.09,0.09,0.091,0.088,0.088,0.09,0.093,0.094,0.091,0.089,0.089,0.091,0.088,0.089,0.09,0.087,0.087,0.093,0.093,0.094,0.088,0.089,0.088,0.088,0.092,0.088,0.091,0.088,0.086,0.086,0.089,0.088,0.085,0.087,0.086,0.088,0.092,0.087,0.088,0.089
,9:50:00,48,0.087,0.088,0.089,0.086,0.087,0.087,0.087,0.086,0.086,0.087,0.086,0.086,0.086,0.098,0.085,0.083,0.084,0.094,0.083,0.084,0.083,0.081,0.083,0.086,0.088,0.086,0.099,0.087,0.086,0.082,0.082,0.083,0.082,0.083,0.083,0.088,0.088,0.085,0.086,0.09,0.084,0.211,0.083,0.09,0.085,0.085,0.084,0.09,0.087,0.101,0.09,0.089,0.09,0.093,0.09,0.088,0.091,0.09,0.091,0.088,0.088,0.09,0.093,0.095,0.091,0.089,0.089,0.091,0.088,0.09,0.089,0.087,0.087,0.093,0.093,0.094,0.088,0.09,0.088,0.088,0.092,0.088,0.091,0.089,0.086,0.086,0.089,0.088,0.086,0.087,0.086,0.088,0.092,0.088,0.088,0.088
,9:55:00,48,0.087,0.088,0.086,0.086,0.087,0.086,0.087,0.086,0.086,0.087,0.086,0.086,0.086,0.083,0.083,0.084,0.084,0.094,0.083,0.083,0.083,0.081,0.083,0.086,0.088,0.086,0.099,0.087,0.086,0.082,0.082,0.084,0.082,0.083,0.083,0.087,0.088,0.085,0.087,0.088,0.084,0.209,0.083,0.085,0.085,0.085,0.084,0.09,0.087,0.101,0.09,0.089,0.09,0.093,0.089,0.088,0.09,0.09,0.091,0.089,0.088,0.09,0.093,0.095,0.091,0.089,0.089,0.091,0.089,0.089,0.089,0.087,0.087,0.093,0.093,0.094,0.088,0.09,0.088,0.087,0.092,0.088,0.091,0.088,0.087,0.086,0.089,0.088,0.086,0.087,0.086,0.088,0.092,0.088,0.088,0.088
,10:00:00,48,0.087,0.088,0.088,0.086,0.087,0.087,0.087,0.086,0.086,0.087,0.086,0.086,0.086,0.096,0.084,0.085,0.084,0.094,0.083,0.082,0.083,0.081,0.083,0.086,0.088,0.086,0.099,0.087,0.086,0.082,0.083,0.083,0.082,0.083,0.083,0.088,0.088,0.085,0.086,0.089,0.085,0.23,0.084,0.088,0.084,0.085,0.084,0.09,0.087,0.101,0.09,0.089,0.094,0.094,0.09,0.088,0.091,0.09,0.091,0.089,0.088,0.09,0.093,0.095,0.091,0.089,0.089,0.091,0.088,0.09,0.09,0.087,0.087,0.093,0.093,0.094,0.088,0.09,0.088,0.088,0.093,0.088,0.091,0.089,0.087,0.086,0.089,0.088,0.086,0.087,0.086,0.088,0.092,0.087,0.089,0.088
,10:05:00,48,0.087,0.088,0.089,0.086,0.087,0.086,0.086,0.086,0.086,0.087,0.085,0.086,0.086,0.083,0.083,0.083,0.084,0.094,0.083,0.082,0.083,0.081,0.083,0.085,0.088,0.086,0.099,0.087,0.085,0.082,0.083,0.084,0.082,0.083,0.083,0.087,0.088,0.085,0.087,0.089,0.084,0.241,0.084,0.086,0.085,0.085,0.084,0.09,0.087,0.101,0.09,0.089,0.09,0.094,0.09,0.088,0.091,0.09,0.091,0.088,0.087,0.09,0.093,0.095,0.091,0.089,0.089,0.091,0.089,0.09,0.089,0.087,0.087,0.093,0.093,0.094,0.088,0.09,0.087,0.088,0.092,0.088,0.091,0.089,0.086,0.086,0.089,0.088,0.086,0.088,0.086,0.088,0.092,0.088,0.089,0.089
,10:10:00,47.9,0.086,0.088,0.088,0.086,0.087,0.086,0.087,0.086,0.086,0.087,0.086,0.086,0.086,0.099,0.083,0.088,0.084,0.094,0.083,0.082,0.083,0.081,0.083,0.085,0.088,0.086,0.099,0.087,0.085,0.082,0.082,0.083,0.082,0.083,0.083,0.088,0.088,0.085,0.087,0.088,0.084,0.234,0.083,0.083,0.085,0.085,0.084,0.09,0.087,0.101,0.09,0.089,0.09,0.095,0.09,0.088,0.09,0.09,0.091,0.088,0.088,0.09,0.092,0.094,0.091,0.088,0.089,0.091,0.088,0.089,0.09,0.087,0.087,0.093,0.093,0.095,0.088,0.09,0.088,0.088,0.092,0.088,0.091,0.089,0.086,0.086,0.089,0.088,0.085,0.088,0.086,0.088,0.092,0.088,0.088,0.088
,10:15:00,47.9,0.086,0.088,0.086,0.086,0.087,0.086,0.086,0.086,0.086,0.087,0.085,0.086,0.086,0.083,0.083,0.087,0.084,0.094,0.083,0.082,0.083,0.081,0.083,0.085,0.088,0.086,0.099,0.087,0.085,0.082,0.082,0.083,0.082,0.083,0.083,0.087,0.088,0.085,0.087,0.083,0.085,0.235,0.084,0.086,0.084,0.085,0.084,0.09,0.088,0.1,0.09,0.089,0.091,0.094,0.09,0.088,0.09,0.09,0.091,0.088,0.087,0.09,0.093,0.094,0.091,0.089,0.089,0.091,0.088,0.089,0.089,0.087,0.087,0.093,0.093,0.094,0.088,0.089,0.087,0.088,0.092,0.088,0.091,0.089,0.086,0.086,0.089,0.088,0.086,0.088,0.086,0.088,0.092,0.087,0.088,0.089
,10:20:00,48,0.086,0.088,0.087,0.086,0.086,0.087,0.087,0.086,0.086,0.087,0.086,0.086,0.086,0.083,0.083,0.088,0.084,0.094,0.083,0.082,0.083,0.081,0.083,0.085,0.088,0.086,0.099,0.087,0.086,0.082,0.082,0.083,0.082,0.083,0.083,0.087,0.088,0.085,0.086,0.089,0.084,0.228,0.083,0.091,0.085,0.085,0.084,0.09,0.087,0.101,0.09,0.089,0.09,0.095,0.09,0.088,0.091,0.089,0.091,0.088,0.088,0.09,0.093,0.094,0.091,0.089,0.089,0.091,0.088,0.09,0.089,0.087,0.087,0.093,0.093,0.094,0.088,0.089,0.088,0.088,0.093,0.088,0.091,0.088,0.086,0.086,0.089,0.088,0.086,0.087,0.086,0.088,0.092,0.087,0.088,0.088
,10:25:00,48,0.087,0.088,0.088,0.086,0.087,0.086,0.087,0.086,0.086,0.087,0.086,0.085,0.086,0.083,0.086,0.086,0.084,0.094,0.083,0.083,0.083,0.081,0.083,0.085,0.088,0.086,0.099,0.087,0.085,0.082,0.083,0.084,0.082,0.083,0.083,0.087,0.088,0.085,0.086,0.089,0.084,0.253,0.084,0.083,0.085,0.085,0.084,0.09,0.087,0.101,0.09,0.089,0.089,0.094,0.09,0.088,0.09,0.09,0.091,0.088,0.087,0.09,0.092,0.095,0.091,0.089,0.09,0.091,0.088,0.09,0.09,0.087,0.087,0.093,0.093,0.094,0.088,0.09,0.088,0.087,0.092,0.088,0.091,0.089,0.086,0.086,0.089,0.088,0.086,0.087,0.086,0.088,0.092,0.087,0.088,0.088
,10:30:00,48,0.087,0.089,0.089,0.087,0.087,0.087,0.087,0.087,0.086,0.087,0.086,0.086,0.087,0.095,0.084,0.084,0.085,0.094,0.084,0.082,0.083,0.081,0.084,0.085,0.088,0.087,0.1,0.087,0.086,0.082,0.082,0.084,0.083,0.083,0.084,0.088,0.088,0.086,0.088,0.084,0.084,0.223,0.084,0.09,0.085,0.085,0.084,0.09,0.088,0.101,0.09,0.089,0.091,0.095,0.09,0.088,0.091,0.09,0.091,0.089,0.088,0.091,0.092,0.095,0.092,0.089,0.09,0.091,0.089,0.09,0.09,0.087,0.088,0.094,0.093,0.094,0.088,0.09,0.088,0.088,0.093,0.088,0.091,0.089,0.086,0.086,0.089,0.088,0.086,0.088,0.086,0.088,0.092,0.088,0.088,0.089
,10:35:00,48,0.086,0.089,0.087,0.086,0.087,0.086,0.087,0.086,0.086,0.087,0.086,0.085,0.086,0.095,0.084,0.083,0.084,0.094,0.083,0.082,0.083,0.081,0.083,0.085,0.088,0.086,0.1,0.087,0.086,0.082,0.082,0.084,0.082,0.083,0.083,0.088,0.088,0.085,0.088,0.085,0.084,0.242,0.083,0.091,0.084,0.085,0.084,0.09,0.087,0.101,0.09,0.089,0.09,0.095,0.09,0.088,0.09,0.09,0.091,0.089,0.088,0.09,0.093,0.094,0.091,0.089,0.09,0.091,0.088,0.09,0.09,0.087,0.087,0.093,0.093,0.094,0.088,0.09,0.088,0.088,0.092,0.088,0.091,0.089,0.086,0.086,0.089,0.088,0.086,0.087,0.086,0.088,0.092,0.087,0.088,0.088
,10:40:00,48,0.087,0.089,0.089,0.086,0.087,0.087,0.087,0.086,0.086,0.087,0.086,0.085,0.086,0.083,0.084,0.083,0.084,0.094,0.083,0.082,0.083,0.081,0.084,0.085,0.088,0.086,0.1,0.087,0.086,0.082,0.083,0.084,0.083,0.083,0.083,0.088,0.088,0.085,0.087,0.089,0.084,0.268,0.084,0.086,0.085,0.085,0.084,0.09,0.087,0.101,0.09,0.089,0.095,0.096,0.09,0.088,0.091,0.09,0.091,0.089,0.088,0.091,0.093,0.095,0.091,0.089,0.089,0.091,0.089,0.09,0.089,0.087,0.087,0.093,0.093,0.094,0.089,0.09,0.088,0.088,0.092,0.088,0.091,0.089,0.087,0.086,0.089,0.088,0.086,0.088,0.086,0.088,0.092,0.088,0.089,0.087
,10:45:00,48,0.087,0.089,0.086,0.086,0.087,0.086,0.087,0.086,0.086,0.087,0.086,0.085,0.087,0.083,0.084,0.083,0.084,0.094,0.083,0.082,0.083,0.081,0.084,0.085,0.088,0.086,0.1,0.086,0.086,0.082,0.083,0.083,0.083,0.083,0.083,0.088,0.088,0.086,0.087,0.09,0.085,0.257,0.083,0.085,0.09,0.085,0.084,0.09,0.087,0.101,0.09,0.089,0.091,0.095,0.089,0.088,0.091,0.09,0.091,0.089,0.088,0.091,0.092,0.095,0.091,0.089,0.09,0.091,0.088,0.09,0.09,0.087,0.087,0.093,0.093,0.094,0.088,0.09,0.088,0.088,0.092,0.088,0.091,0.089,0.086,0.086,0.089,0.088,0.086,0.087,0.086,0.088,0.092,0.088,0.088,0.089
,10:50:00,48,0.087,0.088,0.086,0.086,0.087,0.087,0.087,0.086,0.086,0.087,0.085,0.085,0.086,0.083,0.084,0.087,0.084,0.094,0.083,0.082,0.083,0.081,0.083,0.085,0.088,0.087,0.1,0.088,0.085,0.082,0.083,0.084,0.082,0.083,0.083,0.087,0.088,0.085,0.087,0.089,0.085,0.255,0.085,0.092,0.085,0.085,0.085,0.09,0.087,0.101,0.09,0.089,0.089,0.096,0.09,0.088,0.091,0.09,0.091,0.088,0.088,0.091,0.093,0.095,0.091,0.089,0.09,0.091,0.089,0.089,0.09,0.087,0.087,0.093,0.092,0.094,0.088,0.09,0.088,0.088,0.092,0.088,0.091,0.088,0.086,0.086,0.089,0.088,0.086,0.088,0.086,0.088,0.092,0.087,0.088,0.089
,10:55:00,48,0.087,0.089,0.086,0.086,0.087,0.086,0.087,0.086,0.086,0.087,0.086,0.085,0.086,0.085,0.083,0.087,0.084,0.095,0.083,0.082,0.083,0.081,0.083,0.085,0.088,0.086,0.1,0.087,0.085,0.082,0.082,0.083,0.083,0.083,0.083,0.087,0.088,0.085,0.086,0.084,0.085,0.251,0.085,0.094,0.085,0.085,0.084,0.09,0.087,0.101,0.09,0.089,0.09,0.096,0.09,0.088,0.09,0.09,0.091,0.089,0.088,0.09,0.093,0.095,0.091,0.089,0.089,0.091,0.088,0.09,0.09,0.087,0.087,0.093,0.093,0.094,0.088,0.09,0.088,0.087,0.092,0.088,0.091,0.089,0.086,0.086,0.088,0.088,0.086,0.087,0.086,0.088,0.092,0.088,0.088,0.089
,11:00:00,48,0.087,0.089,0.089,0.087,0.087,0.087,0.087,0.087,0.087,0.087,0.086,0.085,0.087,0.095,0.084,0.084,0.085,0.094,0.084,0.082,0.084,0.081,0.084,0.085,0.088,0.086,0.1,0.087,0.086,0.083,0.083,0.083,0.083,0.083,0.083,0.087,0.089,0.086,0.088,0.089,0.085,0.25,0.085,0.083,0.085,0.085,0.084,0.09,0.088,0.101,0.09,0.089,0.091,0.097,0.091,0.088,0.091,0.09,0.091,0.089,0.088,0.091,0.092,0.095,0.091,0.089,0.09,0.091,0.089,0.09,0.09,0.087,0.088,0.093,0.093,0.095,0.089,0.09,0.088,0.088,0.093,0.088,0.091,0.089,0.086,0.086,0.089,0.088,0.086,0.088,0.086,0.088,0.092,0.088,0.089,0.089
,11:05:00,48,0.086,0.088,0.086,0.086,0.086,0.086,0.087,0.086,0.086,0.087,0.085,0.084,0.086,0.083,0.083,0.083,0.084,0.094,0.083,0.083,0.083,0.081,0.083,0.085,0.088,0.087,0.1,0.087,0.085,0.082,0.082,0.083,0.082,0.083,0.083,0.087,0.088,0.085,0.087,0.084,0.085,0.224,0.085,0.086,0.085,0.085,0.086,0.09,0.087,0.101,0.09,0.089,0.09,0.098,0.09,0.088,0.09,0.09,0.091,0.088,0.088,0.09,0.093,0.095,0.091,0.089,0.089,0.091,0.088,0.089,0.09,0.086,0.087,0.093,0.093,0.094,0.088,0.09,0.087,0.088,0.092,0.088,0.091,0.088,0.086,0.086,0.089,0.088,0.085,0.087,0.086,0.088,0.092,0.087,0.088,0.089
,11:10:00,48,0.087,0.089,0.086,0.086,0.086,0.086,0.087,0.086,0.086,0.087,0.085,0.085,0.086,0.094,0.084,0.083,0.084,0.094,0.083,0.082,0.083,0.081,0.083,0.085,0.088,0.086,0.1,0.087,0.086,0.082,0.082,0.084,0.082,0.083,0.083,0.087,0.089,0.085,0.088,0.084,0.085,0.26,0.085,0.083,0.085,0.085,0.086,0.09,0.088,0.101,0.09,0.089,0.09,0.097,0.09,0.088,0.091,0.09,0.091,0.088,0.088,0.09,0.092,0.095,0.091,0.089,0.09,0.091,0.089,0.09,0.09,0.087,0.087,0.093,0.093,0.094,0.088,0.09,0.088,0.088,0.092,0.088,0.091,0.089,0.086,0.086,0.089,0.088,0.086,0.088,0.086,0.088,0.092,0.087,0.089,0.089
,11:15:00,48,0.087,0.088,0.086,0.086,0.087,0.087,0.087,0.087,0.086,0.087,0.085,0.085,0.086,0.097,0.083,0.083,0.084,0.094,0.083,0.082,0.083,0.081,0.083,0.085,0.088,0.086,0.1,0.087,0.086,0.082,0.082,0.085,0.082,0.083,0.083,0.087,0.088,0.085,0.088,0.084,0.085,0.26,0.085,0.083,0.085,0.085,0.084,0.09,0.088,0.101,0.09,0.089,0.09,0.096,0.09,0.088,0.091,0.09,0.091,0.089,0.088,0.09,0.092,0.094,0.091,0.089,0.09,0.091,0.088,0.09,0.089,0.087,0.087,0.094,0.093,0.094,0.088,0.09,0.088,0.088,0.092,0.088,0.091,0.088,0.086,0.086,0.089,0.088,0.086,0.087,0.086,0.088,0.092,0.088,0.089,0.089
,11:20:00,48,0.086,0.088,0.085,0.086,0.087,0.086,0.086,0.086,0.086,0.087,0.085,0.084,0.086,0.084,0.083,0.083,0.084,0.094,0.083,0.083,0.083,0.081,0.083,0.084,0.088,0.086,0.1,0.086,0.086,0.082,0.083,0.082,0.082,0.083,0.083,0.086,0.088,0.085,0.087,0.083,0.084,0.27,0.084,0.086,0.085,0.085,0.087,0.09,0.087,0.101,0.09,0.089,0.09,0.097,0.09,0.088,0.09,0.09,0.091,0.088,0.087,0.09,0.092,0.094,0.091,0.088,0.089,0.091,0.088,0.09,0.09,0.086,0.087,0.093,0.093,0.094,0.088,0.09,0.087,0.087,0.092,0.088,0.091,0.088,0.086,0.086,0.088,0.088,0.085,0.087,0.086,0.088,0.092,0.087,0.089,0.088
,11:25:00,48,0.086,0.088,0.086,0.086,0.086,0.086,0.086,0.086,0.086,0.087,0.085,0.084,0.086,0.089,0.083,0.083,0.084,0.094,0.083,0.081,0.083,0.081,0.083,0.084,0.088,0.088,0.099,0.086,0.085,0.082,0.082,0.083,0.083,0.083,0.083,0.086,0.088,0.085,0.085,0.084,0.084,0.27,0.085,0.083,0.085,0.085,0.088,0.089,0.087,0.1,0.09,0.089,0.09,0.097,0.09,0.088,0.09,0.09,0.091,0.088,0.087,0.09,0.092,0.094,0.091,0.089,0.089,0.09,0.088,0.089,0.09,0.086,0.086,0.093,0.092,0.094,0.088,0.089,0.087,0.088,0.092,0.088,0.091,0.088,0.086,0.086,0.088,0.088,0.085,0.088,0.086,0.088,0.092,0.087,0.088,0.089
,11:30:00,48,0.087,0.089,0.086,0.086,0.087,0.087,0.086,0.086,0.086,0.087,0.085,0.084,0.086,0.083,0.083,0.083,0.084,0.094,0.083,0.082,0.083,0.081,0.083,0.084,0.088,0.086,0.1,0.087,0.086,0.082,0.083,0.084,0.083,0.083,0.083,0.087,0.088,0.086,0.086,0.084,0.085,0.257,0.085,0.083,0.085,0.085,0.087,0.09,0.087,0.101,0.09,0.089,0.09,0.097,0.09,0.088,0.09,0.09,0.092,0.088,0.088,0.09,0.092,0.094,0.091,0.089,0.09,0.091,0.089,0.09,0.089,0.087,0.087,0.093,0.093,0.094,0.088,0.09,0.088,0.088,0.092,0.088,0.091,0.088,0.086,0.086,0.089,0.088,0.086,0.087,0.086,0.088,0.092,0.088,0.089,0.09
,11:35:00,47.9,0.087,0.089,0.086,0.087,0.087,0.087,0.087,0.086,0.086,0.087,0.085,0.084,0.086,0.099,0.083,0.083,0.084,0.094,0.084,0.083,0.084,0.081,0.084,0.085,0.089,0.087,0.1,0.087,0.086,0.083,0.083,0.083,0.083,0.084,0.083,0.087,0.088,0.087,0.087,0.084,0.085,0.271,0.085,0.083,0.085,0.086,0.088,0.09,0.088,0.101,0.09,0.089,0.09,0.097,0.09,0.088,0.091,0.09,0.092,0.088,0.088,0.091,0.093,0.095,0.091,0.089,0.09,0.091,0.089,0.09,0.09,0.087,0.087,0.093,0.093,0.094,0.089,0.09,0.088,0.088,0.092,0.088,0.091,0.089,0.086,0.086,0.089,0.088,0.086,0.087,0.086,0.089,0.092,0.088,0.089,0.089
,11:40:00,48,0.087,0.089,0.087,0.087,0.087,0.087,0.087,0.086,0.086,0.087,0.085,0.082,0.086,0.088,0.083,0.083,0.084,0.094,0.084,0.083,0.083,0.081,0.084,0.085,0.088,0.087,0.1,0.087,0.087,0.082,0.083,0.085,0.083,0.083,0.083,0.087,0.089,0.085,0.088,0.085,0.085,0.278,0.085,0.088,0.085,0.087,0.092,0.09,0.087,0.101,0.09,0.089,0.09,0.097,0.089,0.088,0.091,0.09,0.092,0.088,0.088,0.09,0.093,0.095,0.091,0.089,0.089,0.091,0.088,0.09,0.09,0.087,0.087,0.093,0.093,0.094,0.088,0.09,0.088,0.088,0.092,0.088,0.091,0.089,0.086,0.086,0.089,0.088,0.086,0.088,0.086,0.088,0.092,0.087,0.088,0.088
,11:45:00,48,0.087,0.089,0.086,0.086,0.087,0.087,0.087,0.086,0.086,0.087,0.085,0.081,0.086,0.083,0.085,0.084,0.084,0.094,0.083,0.083,0.083,0.081,0.083,0.085,0.088,0.086,0.1,0.087,0.086,0.082,0.083,0.083,0.082,0.083,0.083,0.087,0.088,0.085,0.087,0.084,0.085,0.288,0.085,0.086,0.085,0.088,0.092,0.09,0.087,0.101,0.09,0.089,0.092,0.098,0.089,0.088,0.091,0.09,0.091,0.088,0.088,0.091,0.093,0.095,0.091,0.089,0.089,0.091,0.089,0.09,0.09,0.087,0.087,0.093,0.093,0.094,0.088,0.09,0.088,0.088,0.092,0.088,0.091,0.089,0.086,0.086,0.089,0.088,0.086,0.087,0.086,0.088,0.092,0.088,0.088,0.089
,11:50:00,48,0.087,0.088,0.087,0.086,0.087,0.086,0.087,0.086,0.086,0.087,0.085,0.08,0.086,0.083,0.085,0.083,0.084,0.094,0.083,0.082,0.083,0.081,0.083,0.084,0.088,0.087,0.1,0.087,0.085,0.082,0.082,0.083,0.082,0.084,0.083,0.087,0.088,0.085,0.086,0.084,0.086,0.287,0.085,0.087,0.085,0.086,0.089,0.089,0.087,0.101,0.09,0.089,0.09,0.097,0.09,0.088,0.09,0.09,0.091,0.088,0.088,0.09,0.093,0.095,0.091,0.089,0.089,0.091,0.088,0.09,0.089,0.086,0.087,0.093,0.093,0.094,0.088,0.09,0.088,0.088,0.092,0.088,0.091,0.088,0.086,0.086,0.088,0.088,0.086,0.087,0.086,0.088,0.092,0.087,0.089,0.087
,11:55:00,47.9,0.087,0.089,0.086,0.086,0.087,0.086,0.087,0.086,0.086,0.087,0.085,0.08,0.086,0.085,0.085,0.086,0.084,0.094,0.084,0.082,0.083,0.081,0.084,0.084,0.088,0.086,0.1,0.087,0.086,0.082,0.083,0.083,0.082,0.083,0.083,0.087,0.088,0.086,0.086,0.084,0.085,0.238,0.085,0.084,0.085,0.088,0.091,0.089,0.088,0.101,0.09,0.089,0.09,0.098,0.09,0.088,0.09,0.09,0.091,0.088,0.088,0.09,0.092,0.095,0.091,0.089,0.089,0.091,0.089,0.09,0.09,0.087,0.087,0.093,0.093,0.094,0.088,0.09,0.088,0.088,0.092,0.088,0.091,0.088,0.086,0.086,0.088,0.088,0.086,0.088,0.086,0.088,0.092,0.088,0.089,0.088
,12:00:00,47.9,0.086,0.089,0.086,0.086,0.087,0.086,0.086,0.086,0.086,0.087,0.085,0.079,0.086,0.098,0.085,0.087,0.084,0.094,0.083,0.082,0.083,0.081,0.083,0.085,0.088,0.086,0.1,0.087,0.085,0.082,0.082,0.083,0.082,0.083,0.083,0.087,0.088,0.086,0.087,0.085,0.085,0.239,0.085,0.094,0.091,0.087,0.092,0.089,0.087,0.101,0.09,0.089,0.092,0.097,0.09,0.088,0.091,0.09,0.092,0.088,0.088,0.09,0.093,0.095,0.091,0.089,0.089,0.09,0.088,0.09,0.09,0.087,0.087,0.093,0.093,0.095,0.088,0.089,0.088,0.088,0.092,0.088,0.091,0.088,0.086,0.086,0.089,0.088,0.086,0.087,0.086,0.088,0.092,0.087,0.089,0.088
,12:05:00,48,0.087,0.089,0.086,0.087,0.087,0.087,0.087,0.086,0.086,0.087,0.085,0.078,0.086,0.087,0.084,0.083,0.084,0.094,0.083,0.083,0.083,0.081,0.083,0.084,0.088,0.086,0.1,0.087,0.087,0.082,0.083,0.083,0.082,0.083,0.083,0.087,0.088,0.087,0.086,0.084,0.085,0.258,0.085,0.083,0.085,0.088,0.092,0.089,0.088,0.101,0.09,0.089,0.091,0.097,0.09,0.088,0.091,0.09,0.091,0.088,0.088,0.09,0.093,0.095,0.091,0.089,0.089,0.091,0.089,0.09,0.09,0.086,0.087,0.093,0.093,0.094,0.088,0.09,0.088,0.088,0.092,0.088,0.091,0.088,0.086,0.086,0.089,0.088,0.086,0.087,0.086,0.088,0.092,0.088,0.089,0.087
,12:10:00,48,0.086,0.088,0.086,0.086,0.087,0.086,0.087,0.086,0.086,0.087,0.085,0.078,0.086,0.083,0.084,0.083,0.084,0.094,0.084,0.082,0.083,0.081,0.083,0.084,0.088,0.086,0.1,0.087,0.085,0.082,0.083,0.083,0.082,0.083,0.083,0.087,0.088,0.086,0.087,0.088,0.085,0.279,0.085,0.092,0.085,0.085,0.095,0.089,0.087,0.101,0.09,0.089,0.09,0.098,0.089,0.088,0.09,0.09,0.092,0.088,0.088,0.091,0.092,0.095,0.091,0.089,0.09,0.091,0.088,0.09,0.09,0.086,0.087,0.093,0.093,0.094,0.088,0.089,0.088,0.088,0.092,0.088,0.091,0.088,0.086,0.086,0.089,0.088,0.086,0.088,0.086,0.088,0.092,0.088,0.089,0.088
,12:15:00,48,0.086,0.088,0.086,0.086,0.087,0.086,0.087,0.086,0.086,0.087,0.085,0.077,0.086,0.085,0.084,0.083,0.084,0.094,0.083,0.082,0.083,0.081,0.083,0.084,0.089,0.087,0.1,0.087,0.085,0.083,0.083,0.083,0.082,0.083,0.083,0.087,0.088,0.086,0.086,0.084,0.085,0.282,0.085,0.083,0.085,0.089,0.095,0.089,0.088,0.101,0.09,0.089,0.09,0.098,0.089,0.088,0.09,0.09,0.092,0.088,0.087,0.09,0.093,0.095,0.091,0.089,0.09,0.091,0.088,0.09,0.09,0.086,0.087,0.093,0.092,0.094,0.088,0.089,0.088,0.088,0.092,0.088,0.091,0.088,0.086,0.086,0.089,0.088,0.086,0.087,0.086,0.088,0.092,0.087,0.089,0.088
,12:20:00,48,0.087,0.088,0.086,0.087,0.087,0.087,0.087,0.086,0.086,0.087,0.085,0.077,0.086,0.083,0.083,0.085,0.084,0.094,0.083,0.082,0.083,0.081,0.084,0.084,0.088,0.086,0.1,0.087,0.086,0.082,0.083,0.084,0.082,0.083,0.083,0.087,0.088,0.086,0.086,0.084,0.085,0.282,0.086,0.083,0.085,0.088,0.096,0.089,0.088,0.1,0.091,0.089,0.09,0.098,0.089,0.088,0.091,0.09,0.091,0.088,0.088,0.09,0.093,0.095,0.091,0.089,0.09,0.091,0.089,0.09,0.09,0.086,0.087,0.093,0.093,0.094,0.088,0.09,0.088,0.088,0.092,0.089,0.091,0.088,0.086,0.086,0.089,0.088,0.086,0.087,0.086,0.088,0.092,0.088,0.089,0.088
,12:25:00,47.9,0.087,0.089,0.086,0.087,0.087,0.086,0.087,0.086,0.086,0.087,0.085,0.077,0.086,0.085,0.083,0.083,0.084,0.095,0.083,0.084,0.083,0.081,0.083,0.084,0.088,0.086,0.1,0.087,0.086,0.082,0.083,0.084,0.083,0.083,0.083,0.087,0.088,0.086,0.087,0.085,0.085,0.261,0.085,0.083,0.085,0.088,0.096,0.09,0.087,0.101,0.09,0.089,0.09,0.098,0.09,0.088,0.091,0.09,0.092,0.088,0.088,0.091,0.093,0.095,0.091,0.089,0.09,0.091,0.089,0.09,0.09,0.087,0.087,0.093,0.093,0.095,0.088,0.09,0.088,0.088,0.092,0.089,0.091,0.088,0.086,0.086,0.089,0.088,0.085,0.088,0.086,0.088,0.092,0.088,0.09,0.089
,12:30:00,48,0.087,0.088,0.086,0.086,0.087,0.086,0.087,0.086,0.086,0.087,0.085,0.077,0.086,0.094,0.084,0.085,0.084,0.094,0.083,0.082,0.083,0.081,0.084,0.084,0.088,0.086,0.1,0.087,0.085,0.082,0.083,0.083,0.082,0.083,0.083,0.087,0.088,0.086,0.088,0.086,0.085,0.284,0.085,0.083,0.085,0.089,0.096,0.089,0.088,0.101,0.09,0.089,0.09,0.098,0.09,0.088,0.091,0.09,0.091,0.088,0.088,0.09,0.092,0.096,0.091,0.089,0.089,0.091,0.088,0.09,0.09,0.086,0.087,0.093,0.092,0.094,0.088,0.09,0.088,0.088,0.092,0.089,0.091,0.089,0.086,0.086,0.089,0.088,0.086,0.087,0.086,0.088,0.092,0.087,0.089,0.089
,12:35:00,48,0.086,0.088,0.086,0.086,0.087,0.086,0.087,0.086,0.086,0.086,0.085,0.077,0.086,0.083,0.084,0.084,0.084,0.094,0.083,0.082,0.083,0.081,0.083,0.084,0.088,0.086,0.084,0.087,0.086,0.082,0.083,0.083,0.082,0.084,0.083,0.087,0.088,0.085,0.087,0.085,0.084,0.27,0.084,0.098,0.085,0.089,0.097,0.089,0.087,0.101,0.09,0.089,0.091,0.097,0.09,0.088,0.091,0.09,0.092,0.088,0.087,0.09,0.092,0.095,0.091,0.089,0.089,0.091,0.088,0.089,0.09,0.086,0.087,0.093,0.092,0.094,0.088,0.089,0.088,0.088,0.092,0.088,0.091,0.088,0.085,0.085,0.088,0.087,0.085,0.088,0.086,0.088,0.092,0.088,0.089,0.088
,12:40:00,48,0.087,0.088,0.086,0.087,0.087,0.087,0.087,0.086,0.086,0.087,0.085,0.076,0.086,0.083,0.083,0.083,0.084,0.095,0.083,0.082,0.082,0.081,0.083,0.084,0.088,0.087,0.1,0.087,0.085,0.082,0.082,0.083,0.083,0.085,0.083,0.087,0.088,0.085,0.088,0.084,0.085,0.268,0.085,0.084,0.085,0.089,0.099,0.089,0.088,0.101,0.09,0.089,0.09,0.098,0.09,0.088,0.09,0.09,0.092,0.088,0.088,0.09,0.093,0.095,0.091,0.089,0.09,0.091,0.088,0.09,0.09,0.086,0.087,0.093,0.093,0.094,0.088,0.09,0.088,0.088,0.092,0.088,0.091,0.088,0.086,0.086,0.089,0.088,0.086,0.087,0.086,0.088,0.092,0.088,0.089,0.088
,12:45:00,47.9,0.087,0.088,0.086,0.087,0.087,0.086,0.087,0.086,0.086,0.087,0.085,0.078,0.086,0.089,0.083,0.083,0.084,0.094,0.083,0.082,0.083,0.081,0.084,0.084,0.088,0.086,0.099,0.086,0.087,0.082,0.083,0.085,0.082,0.084,0.083,0.087,0.088,0.086,0.087,0.089,0.085,0.284,0.084,0.094,0.085,0.089,0.098,0.089,0.087,0.101,0.09,0.089,0.09,0.098,0.089,0.088,0.09,0.09,0.092,0.088,0.088,0.09,0.092,0.095,0.091,0.089,0.09,0.091,0.088,0.09,0.09,0.087,0.087,0.093,0.093,0.094,0.088,0.089,0.088,0.088,0.092,0.088,0.091,0.088,0.086,0.086,0.089,0.088,0.086,0.087,0.086,0.088,0.092,0.088,0.089,0.089
,12:50:00,48,0.087,0.089,0.086,0.086,0.087,0.086,0.087,0.086,0.086,0.087,0.085,0.076,0.086,0.083,0.084,0.083,0.084,0.094,0.083,0.082,0.083,0.081,0.083,0.084,0.088,0.086,0.1,0.086,0.087,0.082,0.082,0.084,0.082,0.083,0.083,0.087,0.088,0.086,0.088,0.085,0.085,0.287,0.086,0.083,0.088,0.089,0.098,0.089,0.087,0.101,0.091,0.089,0.09,0.099,0.09,0.088,0.091,0.091,0.092,0.088,0.088,0.09,0.093,0.095,0.091,0.089,0.089,0.091,0.089,0.09,0.09,0.086,0.087,0.093,0.093,0.094,0.088,0.09,0.088,0.088,0.092,0.089,0.091,0.089,0.086,0.086,0.089,0.088,0.086,0.088,0.086,0.088,0.092,0.088,0.09,0.087
,12:55:00,47.9,0.087,0.088,0.086,0.086,0.087,0.087,0.086,0.086,0.086,0.087,0.085,0.077,0.086,0.083,0.083,0.083,0.084,0.094,0.083,0.082,0.083,0.081,0.083,0.084,0.089,0.086,0.099,0.087,0.086,0.082,0.082,0.084,0.083,0.085,0.083,0.086,0.088,0.085,0.087,0.087,0.087,0.267,0.085,0.083,0.084,0.088,0.098,0.089,0.087,0.101,0.09,0.089,0.09,0.098,0.089,0.088,0.09,0.09,0.091,0.088,0.087,0.09,0.093,0.095,0.091,0.089,0.089,0.091,0.088,0.09,0.09,0.086,0.087,0.093,0.093,0.094,0.088,0.089,0.088,0.088,0.092,0.088,0.091,0.088,0.085,0.085,0.088,0.088,0.086,0.087,0.086,0.088,0.092,0.087,0.089,0.088
,13:00:00,48,0.087,0.089,0.086,0.086,0.087,0.086,0.087,0.086,0.086,0.087,0.085,0.075,0.087,0.083,0.083,0.087,0.084,0.094,0.083,0.082,0.083,0.081,0.084,0.083,0.089,0.086,0.1,0.087,0.085,0.082,0.082,0.085,0.083,0.083,0.083,0.087,0.088,0.088,0.087,0.084,0.086,0.278,0.086,0.083,0.085,0.089,0.099,0.089,0.088,0.101,0.09,0.089,0.09,0.099,0.09,0.088,0.091,0.091,0.092,0.088,0.088,0.09,0.092,0.095,0.091,0.089,0.09,0.09,0.089,0.09,0.09,0.087,0.087,0.093,0.093,0.094,0.088,0.09,0.088,0.088,0.092,0.089,0.091,0.088,0.086,0.085,0.089,0.088,0.086,0.087,0.086,0.088,0.092,0.087,0.09,0.088
,13:05:00,48,0.086,0.089,0.086,0.086,0.087,0.086,0.086,0.086,0.086,0.087,0.085,0.076,0.086,0.092,0.084,0.087,0.084,0.094,0.083,0.082,0.082,0.081,0.083,0.083,0.088,0.086,0.1,0.087,0.085,0.082,0.082,0.082,0.082,0.083,0.083,0.087,0.088,0.085,0.087,0.084,0.085,0.251,0.086,0.098,0.085,0.089,0.099,0.089,0.087,0.101,0.09,0.089,0.09,0.099,0.089,0.088,0.091,0.09,0.091,0.088,0.088,0.09,0.093,0.094,0.091,0.088,0.09,0.091,0.088,0.09,0.09,0.087,0.087,0.093,0.093,0.094,0.088,0.09,0.088,0.088,0.093,0.089,0.091,0.088,0.086,0.086,0.089,0.088,0.085,0.087,0.086,0.088,0.092,0.088,0.09,0.088
,13:10:00,47.9,0.087,0.089,0.086,0.087,0.087,0.086,0.087,0.087,0.086,0.087,0.085,0.077,0.086,0.084,0.083,0.083,0.084,0.094,0.084,0.082,0.083,0.081,0.084,0.084,0.088,0.086,0.1,0.087,0.086,0.083,0.083,0.083,0.083,0.083,0.083,0.087,0.088,0.086,0.087,0.085,0.085,0.277,0.086,0.093,0.085,0.089,0.1,0.089,0.087,0.101,0.09,0.089,0.09,0.1,0.09,0.088,0.091,0.091,0.092,0.088,0.088,0.09,0.093,0.095,0.091,0.089,0.09,0.091,0.089,0.09,0.09,0.087,0.087,0.093,0.093,0.095,0.089,0.09,0.088,0.088,0.092,0.089,0.091,0.088,0.086,0.086,0.089,0.088,0.086,0.088,0.086,0.088,0.092,0.088,0.089,0.088
,13:15:00,47.9,0.087,0.088,0.086,0.086,0.087,0.086,0.087,0.086,0.086,0.087,0.084,0.077,0.086,0.099,0.083,0.083,0.084,0.094,0.083,0.082,0.083,0.081,0.083,0.083,0.089,0.086,0.1,0.086,0.085,0.082,0.082,0.084,0.083,0.084,0.083,0.086,0.088,0.085,0.087,0.084,0.085,0.265,0.085,0.083,0.085,0.09,0.099,0.089,0.087,0.101,0.09,0.089,0.09,0.101,0.089,0.088,0.09,0.091,0.092,0.088,0.088,0.09,0.092,0.095,0.091,0.089,0.089,0.091,0.088,0.09,0.09,0.086,0.087,0.093,0.093,0.094,0.088,0.089,0.088,0.088,0.092,0.088,0.091,0.088,0.085,0.086,0.088,0.088,0.085,0.087,0.086,0.088,0.092,0.088,0.089,0.089
,13:20:00,48,0.087,0.088,0.086,0.086,0.087,0.086,0.087,0.086,0.086,0.087,0.085,0.076,0.086,0.083,0.084,0.083,0.084,0.094,0.083,0.082,0.083,0.081,0.083,0.083,0.088,0.086,0.1,0.087,0.086,0.082,0.083,0.083,0.083,0.083,0.083,0.086,0.088,0.085,0.087,0.084,0.085,0.275,0.086,0.086,0.085,0.09,0.103,0.089,0.087,0.101,0.09,0.089,0.09,0.099,0.089,0.088,0.091,0.09,0.092,0.088,0.088,0.09,0.092,0.095,0.091,0.089,0.09,0.091,0.088,0.09,0.09,0.086,0.087,0.093,0.093,0.094,0.088,0.089,0.088,0.088,0.092,0.088,0.091,0.088,0.085,0.085,0.088,0.088,0.085,0.087,0.086,0.088,0.092,0.088,0.089,0.088
,13:25:00,48,0.087,0.089,0.086,0.087,0.087,0.086,0.087,0.086,0.086,0.086,0.085,0.076,0.086,0.084,0.084,0.083,0.084,0.094,0.083,0.082,0.083,0.081,0.084,0.083,0.089,0.086,0.1,0.087,0.085,0.082,0.082,0.085,0.083,0.086,0.083,0.086,0.088,0.086,0.087,0.085,0.088,0.26,0.086,0.084,0.085,0.091,0.104,0.089,0.088,0.101,0.091,0.089,0.091,0.099,0.089,0.088,0.091,0.091,0.092,0.088,0.088,0.09,0.093,0.094,0.091,0.089,0.09,0.091,0.088,0.09,0.09,0.086,0.087,0.093,0.092,0.094,0.088,0.09,0.088,0.088,0.092,0.089,0.091,0.088,0.086,0.085,0.088,0.087,0.086,0.087,0.086,0.088,0.092,0.088,0.089,0.088
,13:30:00,48,0.086,0.089,0.086,0.086,0.087,0.087,0.086,0.086,0.086,0.086,0.085,0.076,0.086,0.099,0.083,0.083,0.084,0.094,0.083,0.082,0.083,0.081,0.083,0.083,0.088,0.086,0.1,0.087,0.085,0.082,0.082,0.083,0.082,0.083,0.083,0.086,0.088,0.086,0.085,0.084,0.085,0.299,0.085,0.097,0.084,0.09,0.103,0.089,0.087,0.101,0.09,0.089,0.09,0.099,0.089,0.088,0.091,0.091,0.093,0.088,0.088,0.09,0.093,0.094,0.091,0.088,0.09,0.091,0.088,0.09,0.09,0.086,0.087,0.093,0.093,0.094,0.088,0.09,0.087,0.088,0.092,0.089,0.091,0.088,0.085,0.086,0.088,0.088,0.085,0.087,0.085,0.088,0.092,0.088,0.089,0.089
,13:35:00,48,0.087,0.088,0.086,0.087,0.087,0.087,0.087,0.086,0.086,0.087,0.085,0.077,0.086,0.083,0.083,0.083,0.084,0.094,0.083,0.082,0.083,0.081,0.083,0.083,0.088,0.086,0.1,0.087,0.086,0.082,0.082,0.083,0.083,0.085,0.083,0.086,0.088,0.086,0.088,0.086,0.084,0.293,0.086,0.083,0.085,0.09,0.103,0.089,0.087,0.101,0.09,0.089,0.09,0.1,0.089,0.088,0.091,0.09,0.093,0.088,0.088,0.09,0.093,0.094,0.091,0.089,0.089,0.091,0.089,0.09,0.09,0.086,0.087,0.093,0.093,0.095,0.088,0.09,0.087,0.088,0.092,0.089,0.091,0.088,0.085,0.086,0.088,0.087,0.085,0.087,0.086,0.088,0.092,0.088,0.089,0.088
,13:40:00,48,0.087,0.088,0.086,0.086,0.087,0.086,0.086,0.086,0.085,0.087,0.084,0.077,0.086,0.097,0.083,0.083,0.084,0.094,0.083,0.082,0.083,0.081,0.083,0.082,0.088,0.086,0.1,0.087,0.085,0.082,0.082,0.083,0.082,0.083,0.083,0.086,0.088,0.085,0.085,0.084,0.085,0.246,0.085,0.1,0.085,0.09,0.103,0.089,0.087,0.101,0.09,0.089,0.089,0.099,0.089,0.088,0.09,0.09,0.092,0.087,0.087,0.09,0.092,0.095,0.091,0.089,0.089,0.091,0.088,0.09,0.09,0.086,0.087,0.093,0.092,0.094,0.088,0.089,0.087,0.087,0.092,0.088,0.091,0.088,0.085,0.085,0.088,0.087,0.085,0.087,0.086,0.087,0.091,0.087,0.089,0.088
,13:45:00,47.9,0.087,0.088,0.086,0.087,0.087,0.086,0.087,0.086,0.086,0.087,0.085,0.077,0.087,0.084,0.084,0.084,0.084,0.094,0.083,0.082,0.084,0.081,0.084,0.082,0.089,0.086,0.1,0.087,0.085,0.082,0.082,0.083,0.082,0.086,0.083,0.086,0.088,0.086,0.088,0.084,0.085,0.271,0.086,0.092,0.085,0.091,0.103,0.089,0.088,0.101,0.09,0.089,0.09,0.101,0.089,0.088,0.091,0.091,0.092,0.088,0.088,0.09,0.093,0.095,0.091,0.089,0.09,0.091,0.088,0.09,0.09,0.086,0.087,0.093,0.093,0.094,0.088,0.09,0.088,0.088,0.092,0.089,0.091,0.088,0.085,0.085,0.089,0.087,0.086,0.088,0.086,0.088,0.092,0.088,0.088,0.088
,13:50:00,47.9,0.086,0.088,0.086,0.086,0.086,0.086,0.086,0.086,0.086,0.086,0.084,0.076,0.086,0.098,0.083,0.083,0.083,0.094,0.083,0.083,0.083,0.081,0.083,0.082,0.089,0.086,0.1,0.087,0.085,0.082,0.082,0.082,0.082,0.084,0.083,0.086,0.088,0.085,0.086,0.084,0.084,0.274,0.085,0.083,0.092,0.091,0.103,0.088,0.087,0.1,0.09,0.089,0.091,0.099,0.089,0.088,0.091,0.09,0.092,0.087,0.087,0.09,0.092,0.094,0.091,0.088,0.089,0.09,0.088,0.09,0.09,0.086,0.086,0.093,0.092,0.094,0.088,0.089,0.087,0.087,0.092,0.088,0.091,0.088,0.085,0.085,0.088,0.087,0.085,0.087,0.085,0.088,0.091,0.087,0.089,0.087
,13:55:00,48,0.086,0.088,0.086,0.087,0.087,0.086,0.087,0.086,0.086,0.086,0.084,0.077,0.086,0.083,0.083,0.083,0.084,0.094,0.083,0.082,0.084,0.081,0.084,0.082,0.089,0.086,0.1,0.087,0.087,0.082,0.082,0.083,0.082,0.083,0.083,0.086,0.088,0.085,0.088,0.084,0.085,0.283,0.086,0.083,0.085,0.091,0.104,0.089,0.087,0.101,0.09,0.089,0.091,0.101,0.089,0.088,0.091,0.091,0.092,0.088,0.088,0.09,0.092,0.095,0.091,0.089,0.09,0.091,0.088,0.09,0.09,0.086,0.087,0.093,0.093,0.094,0.088,0.09,0.088,0.088,0.092,0.088,0.091,0.088,0.085,0.086,0.088,0.088,0.085,0.088,0.086,0.088,0.092,0.088,0.089,0.088
,14:00:00,48,0.087,0.088,0.086,0.086,0.087,0.086,0.086,0.086,0.086,0.086,0.084,0.077,0.086,0.083,0.083,0.083,0.084,0.094,0.083,0.082,0.083,0.081,0.083,0.081,0.088,0.086,0.1,0.087,0.085,0.082,0.082,0.082,0.082,0.086,0.083,0.086,0.088,0.085,0.086,0.083,0.085,0.296,0.086,0.1,0.084,0.091,0.104,0.088,0.087,0.101,0.09,0.089,0.09,0.102,0.089,0.088,0.09,0.091,0.092,0.088,0.088,0.09,0.093,0.095,0.091,0.089,0.09,0.091,0.088,0.09,0.09,0.086,0.087,0.093,0.092,0.094,0.088,0.09,0.088,0.088,0.092,0.088,0.091,0.088,0.085,0.085,0.088,0.087,0.085,0.087,0.086,0.088,0.092,0.087,0.089,0.084
,14:05:00,48,0.086,0.088,0.086,0.086,0.087,0.086,0.086,0.086,0.086,0.086,0.084,0.077,0.086,0.086,0.083,0.085,0.084,0.094,0.083,0.082,0.083,0.081,0.083,0.08,0.088,0.087,0.1,0.087,0.085,0.082,0.082,0.084,0.083,0.086,0.083,0.086,0.089,0.085,0.088,0.085,0.084,0.26,0.085,0.088,0.084,0.092,0.105,0.089,0.087,0.101,0.09,0.089,0.09,0.101,0.089,0.088,0.091,0.091,0.092,0.088,0.088,0.09,0.092,0.095,0.091,0.089,0.09,0.091,0.088,0.09,0.09,0.086,0.087,0.093,0.093,0.094,0.088,0.09,0.088,0.088,0.092,0.088,0.092,0.088,0.085,0.086,0.089,0.088,0.085,0.087,0.086,0.088,0.092,0.088,0.089,0.085
,14:10:00,48,0.087,0.088,0.086,0.086,0.087,0.086,0.086,0.086,0.086,0.086,0.084,0.076,0.086,0.086,0.085,0.083,0.084,0.094,0.083,0.082,0.083,0.081,0.083,0.079,0.088,0.086,0.1,0.083,0.085,0.082,0.082,0.083,0.083,0.084,0.083,0.086,0.088,0.086,0.087,0.084,0.089,0.278,0.086,0.088,0.084,0.091,0.105,0.088,0.087,0.101,0.09,0.089,0.09,0.1,0.089,0.088,0.091,0.091,0.092,0.087,0.088,0.09,0.093,0.094,0.091,0.089,0.09,0.091,0.088,0.09,0.09,0.086,0.087,0.093,0.092,0.094,0.088,0.089,0.088,0.088,0.092,0.089,0.091,0.088,0.085,0.085,0.088,0.088,0.085,0.087,0.086,0.088,0.092,0.088,0.089,0.086
,14:15:00,48,0.087,0.088,0.086,0.086,0.087,0.086,0.086,0.086,0.086,0.086,0.084,0.076,0.086,0.093,0.084,0.083,0.084,0.094,0.083,0.082,0.083,0.081,0.083,0.079,0.088,0.086,0.1,0.087,0.088,0.082,0.082,0.085,0.082,0.083,0.082,0.086,0.088,0.086,0.088,0.085,0.085,0.301,0.085,0.1,0.084,0.092,0.105,0.088,0.087,0.101,0.09,0.089,0.09,0.101,0.09,0.088,0.091,0.091,0.093,0.088,0.088,0.09,0.093,0.094,0.091,0.089,0.089,0.091,0.088,0.09,0.09,0.086,0.087,0.093,0.093,0.094,0.088,0.09,0.088,0.088,0.092,0.089,0.092,0.088,0.085,0.085,0.088,0.088,0.085,0.087,0.086,0.088,0.092,0.088,0.089,0.085
,14:20:00,47.9,0.087,0.089,0.086,0.087,0.087,0.086,0.087,0.086,0.086,0.087,0.084,0.081,0.086,0.087,0.084,0.083,0.084,0.095,0.083,0.082,0.083,0.081,0.084,0.078,0.088,0.087,0.1,0.087,0.086,0.082,0.083,0.085,0.082,0.083,0.083,0.086,0.089,0.086,0.088,0.088,0.089,0.271,0.086,0.1,0.085,0.092,0.107,0.089,0.088,0.101,0.09,0.089,0.09,0.101,0.09,0.088,0.091,0.091,0.094,0.088,0.088,0.09,0.092,0.095,0.091,0.089,0.09,0.091,0.089,0.09,0.091,0.086,0.087,0.093,0.093,0.095,0.089,0.09,0.088,0.088,0.092,0.089,0.092,0.088,0.085,0.086,0.088,0.088,0.086,0.087,0.086,0.088,0.092,0.088,0.089,0.085
,14:25:00,47.9,0.087,0.088,0.086,0.087,0.087,0.086,0.086,0.086,0.085,0.086,0.084,0.082,0.086,0.083,0.083,0.088,0.084,0.094,0.083,0.084,0.083,0.081,0.083,0.077,0.088,0.086,0.1,0.087,0.085,0.082,0.082,0.083,0.082,0.086,0.083,0.085,0.088,0.086,0.088,0.084,0.085,0.256,0.086,0.097,0.087,0.091,0.107,0.089,0.087,0.101,0.09,0.089,0.09,0.101,0.09,0.088,0.09,0.091,0.093,0.087,0.088,0.09,0.092,0.095,0.091,0.089,0.09,0.091,0.088,0.09,0.09,0.086,0.087,0.093,0.092,0.094,0.088,0.089,0.088,0.088,0.092,0.089,0.092,0.088,0.085,0.085,0.088,0.088,0.085,0.087,0.086,0.088,0.092,0.088,0.089,0.084
,14:30:00,48,0.086,0.088,0.086,0.086,0.086,0.086,0.086,0.086,0.085,0.086,0.084,0.083,0.086,0.083,0.083,0.084,0.084,0.094,0.083,0.082,0.083,0.081,0.083,0.077,0.088,0.086,0.1,0.087,0.086,0.082,0.082,0.083,0.082,0.083,0.083,0.085,0.088,0.085,0.088,0.087,0.085,0.27,0.085,0.097,0.085,0.092,0.107,0.088,0.087,0.1,0.09,0.089,0.09,0.102,0.089,0.088,0.091,0.091,0.093,0.087,0.087,0.09,0.093,0.095,0.091,0.089,0.09,0.091,0.088,0.09,0.09,0.086,0.087,0.093,0.092,0.094,0.088,0.089,0.088,0.088,0.092,0.089,0.092,0.088,0.085,0.085,0.088,0.087,0.085,0.087,0.086,0.088,0.092,0.088,0.088,0.083
,14:35:00,47.9,0.086,0.088,0.085,0.086,0.086,0.086,0.086,0.085,0.085,0.086,0.083,0.083,0.086,0.083,0.083,0.082,0.084,0.094,0.083,0.082,0.083,0.08,0.083,0.076,0.088,0.086,0.1,0.086,0.085,0.082,0.082,0.084,0.082,0.086,0.083,0.085,0.088,0.085,0.086,0.084,0.086,0.243,0.086,0.083,0.084,0.092,0.108,0.088,0.087,0.1,0.09,0.089,0.09,0.101,0.089,0.088,0.09,0.09,0.092,0.087,0.087,0.09,0.092,0.094,0.09,0.088,0.089,0.09,0.088,0.089,0.09,0.086,0.086,0.092,0.092,0.094,0.088,0.089,0.087,0.088,0.092,0.088,0.091,0.088,0.084,0.085,0.088,0.087,0.085,0.087,0.085,0.087,0.091,0.087,0.087,0.083
,14:40:00,47.9,0.087,0.088,0.086,0.086,0.087,0.086,0.086,0.086,0.086,0.086,0.084,0.083,0.086,0.083,0.083,0.083,0.084,0.095,0.083,0.082,0.083,0.081,0.083,0.076,0.088,0.086,0.1,0.087,0.085,0.082,0.082,0.085,0.082,0.085,0.083,0.085,0.088,0.086,0.087,0.086,0.089,0.265,0.085,0.085,0.084,0.092,0.109,0.088,0.087,0.1,0.09,0.089,0.09,0.101,0.089,0.088,0.091,0.091,0.093,0.087,0.088,0.09,0.093,0.095,0.091,0.089,0.09,0.091,0.088,0.09,0.09,0.086,0.087,0.093,0.093,0.094,0.088,0.09,0.088,0.088,0.092,0.088,0.092,0.088,0.085,0.085,0.088,0.087,0.085,0.087,0.086,0.088,0.092,0.088,0.088,0.084
,14:45:00,48,0.087,0.089,0.086,0.087,0.087,0.087,0.087,0.086,0.086,0.086,0.084,0.084,0.086,0.098,0.083,0.083,0.084,0.095,0.084,0.082,0.084,0.081,0.084,0.076,0.089,0.086,0.1,0.087,0.086,0.082,0.083,0.085,0.083,0.086,0.083,0.086,0.089,0.088,0.088,0.085,0.086,0.283,0.086,0.086,0.089,0.093,0.109,0.089,0.087,0.101,0.091,0.09,0.09,0.103,0.09,0.088,0.091,0.091,0.094,0.088,0.088,0.09,0.093,0.095,0.091,0.089,0.09,0.091,0.089,0.09,0.09,0.086,0.087,0.093,0.093,0.095,0.089,0.09,0.088,0.088,0.093,0.089,0.092,0.088,0.085,0.086,0.089,0.088,0.086,0.088,0.087,0.088,0.092,0.088,0.089,0.084
,14:50:00,48,0.087,0.088,0.086,0.086,0.087,0.086,0.086,0.086,0.086,0.086,0.084,0.084,0.086,0.083,0.083,0.083,0.084,0.094,0.083,0.082,0.083,0.081,0.084,0.075,0.088,0.086,0.1,0.086,0.086,0.082,0.082,0.084,0.082,0.084,0.083,0.085,0.089,0.085,0.087,0.088,0.085,0.285,0.086,0.083,0.085,0.092,0.11,0.088,0.087,0.101,0.09,0.089,0.09,0.102,0.089,0.088,0.091,0.091,0.093,0.087,0.088,0.09,0.093,0.094,0.091,0.089,0.09,0.091,0.088,0.09,0.09,0.086,0.087,0.093,0.092,0.094,0.088,0.089,0.087,0.088,0.092,0.089,0.092,0.088,0.085,0.086,0.088,0.087,0.085,0.087,0.086,0.088,0.092,0.088,0.089,0.083
,14:55:00,47.9,0.086,0.089,0.085,0.086,0.087,0.086,0.086,0.086,0.085,0.086,0.083,0.083,0.086,0.101,0.083,0.083,0.083,0.094,0.083,0.082,0.083,0.081,0.083,0.075,0.088,0.086,0.1,0.087,0.085,0.082,0.082,0.085,0.082,0.083,0.083,0.085,0.089,0.089,0.086,0.086,0.086,0.267,0.086,0.093,0.084,0.092,0.11,0.088,0.087,0.1,0.09,0.089,0.09,0.101,0.089,0.088,0.091,0.091,0.094,0.087,0.088,0.09,0.093,0.094,0.091,0.089,0.09,0.091,0.088,0.09,0.09,0.086,0.087,0.093,0.092,0.094,0.088,0.089,0.088,0.088,0.092,0.088,0.092,0.088,0.084,0.085,0.088,0.087,0.085,0.087,0.086,0.087,0.092,0.088,0.089,0.084
,15:00:00,48,0.086,0.089,0.086,0.086,0.086,0.086,0.086,0.086,0.085,0.086,0.083,0.084,0.086,0.096,0.083,0.085,0.084,0.095,0.083,0.082,0.083,0.081,0.083,0.075,0.088,0.086,0.1,0.083,0.085,0.082,0.083,0.083,0.082,0.083,0.083,0.085,0.088,0.089,0.087,0.084,0.085,0.299,0.086,0.1,0.084,0.091,0.11,0.088,0.087,0.101,0.09,0.089,0.09,0.101,0.089,0.088,0.091,0.091,0.093,0.087,0.088,0.09,0.092,0.095,0.091,0.089,0.09,0.091,0.088,0.09,0.09,0.086,0.087,0.093,0.092,0.094,0.088,0.09,0.088,0.088,0.092,0.088,0.092,0.088,0.085,0.085,0.088,0.087,0.085,0.087,0.086,0.088,0.092,0.088,0.089,0.083
,15:05:00,48,0.086,0.089,0.086,0.086,0.087,0.086,0.087,0.086,0.086,0.086,0.084,0.084,0.086,0.098,0.083,0.085,0.084,0.094,0.083,0.082,0.083,0.081,0.084,0.075,0.088,0.086,0.1,0.087,0.085,0.082,0.083,0.084,0.082,0.087,0.083,0.085,0.088,0.09,0.086,0.084,0.085,0.266,0.086,0.098,0.085,0.092,0.112,0.088,0.088,0.101,0.09,0.089,0.09,0.102,0.09,0.088,0.091,0.092,0.093,0.087,0.088,0.09,0.093,0.095,0.091,0.089,0.09,0.091,0.088,0.09,0.09,0.086,0.087,0.093,0.093,0.094,0.089,0.09,0.088,0.088,0.092,0.089,0.092,0.088,0.085,0.085,0.089,0.088,0.085,0.088,0.086,0.089,0.092,0.088,0.089,0.084
,15:10:00,48,0.087,0.089,0.086,0.087,0.087,0.086,0.087,0.086,0.086,0.086,0.083,0.084,0.086,0.092,0.085,0.083,0.084,0.095,0.084,0.082,0.083,0.081,0.084,0.075,0.088,0.086,0.1,0.086,0.085,0.082,0.083,0.085,0.082,0.085,0.083,0.085,0.088,0.088,0.088,0.087,0.089,0.267,0.087,0.083,0.085,0.092,0.111,0.088,0.087,0.101,0.09,0.089,0.09,0.103,0.089,0.088,0.093,0.091,0.093,0.087,0.088,0.09,0.092,0.095,0.091,0.089,0.09,0.091,0.088,0.09,0.09,0.086,0.087,0.093,0.093,0.094,0.088,0.09,0.088,0.088,0.092,0.089,0.093,0.088,0.084,0.086,0.088,0.088,0.085,0.087,0.086,0.088,0.092,0.088,0.088,0.083
,15:15:00,48,0.086,0.088,0.086,0.086,0.087,0.086,0.087,0.086,0.085,0.086,0.083,0.084,0.086,0.085,0.083,0.088,0.084,0.094,0.083,0.082,0.082,0.081,0.084,0.074,0.088,0.086,0.1,0.086,0.085,0.082,0.082,0.084,0.082,0.083,0.083,0.085,0.088,0.086,0.088,0.087,0.085,0.26,0.087,0.101,0.084,0.092,0.111,0.088,0.087,0.101,0.09,0.089,0.09,0.101,0.089,0.088,0.09,0.091,0.093,0.087,0.088,0.09,0.093,0.095,0.091,0.089,0.09,0.091,0.088,0.09,0.09,0.085,0.087,0.093,0.093,0.094,0.088,0.089,0.088,0.087,0.092,0.089,0.092,0.088,0.084,0.085,0.088,0.088,0.085,0.087,0.086,0.088,0.092,0.088,0.088,0.083
,15:20:00,48,0.087,0.088,0.086,0.086,0.087,0.086,0.086,0.086,0.086,0.086,0.083,0.084,0.086,0.095,0.083,0.083,0.083,0.094,0.083,0.082,0.083,0.081,0.083,0.075,0.088,0.086,0.1,0.087,0.085,0.082,0.082,0.083,0.083,0.086,0.083,0.085,0.089,0.086,0.087,0.089,0.087,0.259,0.086,0.094,0.085,0.093,0.112,0.088,0.087,0.1,0.09,0.089,0.091,0.102,0.089,0.088,0.091,0.091,0.094,0.087,0.088,0.09,0.092,0.095,0.091,0.089,0.09,0.091,0.088,0.089,0.09,0.086,0.087,0.093,0.093,0.094,0.088,0.09,0.088,0.088,0.092,0.089,0.093,0.089,0.085,0.085,0.088,0.088,0.085,0.087,0.086,0.088,0.092,0.088,0.088,0.083
,15:25:00,47.9,0.086,0.088,0.086,0.086,0.087,0.086,0.086,0.085,0.085,0.086,0.083,0.084,0.086,0.083,0.083,0.085,0.084,0.094,0.083,0.082,0.082,0.081,0.083,0.076,0.088,0.086,0.1,0.087,0.085,0.082,0.082,0.083,0.082,0.084,0.083,0.084,0.089,0.086,0.086,0.087,0.085,0.262,0.086,0.098,0.084,0.092,0.112,0.088,0.087,0.101,0.09,0.089,0.09,0.102,0.089,0.088,0.09,0.091,0.093,0.087,0.088,0.09,0.093,0.095,0.091,0.089,0.09,0.09,0.088,0.09,0.09,0.086,0.086,0.093,0.092,0.094,0.088,0.089,0.088,0.088,0.092,0.089,0.092,0.088,0.084,0.085,0.088,0.087,0.085,0.087,0.086,0.088,0.092,0.088,0.089,0.082
,15:30:00,48,0.087,0.088,0.086,0.086,0.087,0.086,0.086,0.086,0.085,0.086,0.083,0.084,0.086,0.086,0.083,0.083,0.084,0.094,0.083,0.082,0.083,0.081,0.084,0.074,0.088,0.086,0.1,0.087,0.086,0.082,0.082,0.085,0.082,0.086,0.083,0.084,0.088,0.086,0.086,0.085,0.085,0.213,0.086,0.086,0.084,0.093,0.112,0.088,0.087,0.101,0.091,0.089,0.09,0.102,0.09,0.088,0.091,0.091,0.093,0.087,0.088,0.09,0.093,0.094,0.091,0.089,0.09,0.091,0.089,0.09,0.09,0.086,0.087,0.093,0.093,0.094,0.088,0.09,0.088,0.088,0.092,0.088,0.092,0.088,0.084,0.085,0.088,0.088,0.085,0.087,0.086,0.088,0.092,0.088,0.088,0.084
,15:35:00,48,0.086,0.088,0.086,0.086,0.087,0.086,0.086,0.086,0.085,0.086,0.083,0.084,0.086,0.083,0.083,0.083,0.084,0.094,0.083,0.082,0.083,0.081,0.083,0.073,0.088,0.086,0.1,0.087,0.087,0.082,0.083,0.084,0.082,0.083,0.083,0.084,0.089,0.085,0.087,0.085,0.084,0.285,0.086,0.083,0.085,0.092,0.112,0.088,0.087,0.101,0.09,0.089,0.09,0.102,0.09,0.088,0.091,0.091,0.093,0.087,0.088,0.09,0.093,0.095,0.091,0.089,0.09,0.091,0.089,0.09,0.09,0.086,0.087,0.093,0.092,0.094,0.088,0.09,0.088,0.088,0.092,0.089,0.092,0.088,0.084,0.085,0.088,0.087,0.085,0.087,0.086,0.088,0.092,0.088,0.089,0.082
,15:40:00,47.9,0.087,0.088,0.086,0.087,0.087,0.086,0.087,0.086,0.085,0.086,0.083,0.084,0.086,0.092,0.083,0.084,0.084,0.094,0.083,0.082,0.083,0.081,0.084,0.073,0.088,0.086,0.1,0.087,0.085,0.083,0.083,0.086,0.083,0.086,0.083,0.084,0.088,0.086,0.087,0.085,0.088,0.28,0.087,0.1,0.085,0.093,0.112,0.088,0.087,0.101,0.09,0.089,0.09,0.102,0.089,0.088,0.091,0.091,0.093,0.087,0.088,0.09,0.092,0.094,0.091,0.089,0.09,0.091,0.088,0.09,0.09,0.086,0.087,0.093,0.093,0.094,0.088,0.089,0.088,0.088,0.092,0.089,0.092,0.088,0.084,0.085,0.088,0.088,0.085,0.087,0.086,0.088,0.092,0.088,0.089,0.083
,15:45:00,47.9,0.087,0.088,0.086,0.086,0.087,0.086,0.086,0.086,0.085,0.086,0.082,0.084,0.086,0.083,0.085,0.083,0.083,0.094,0.083,0.082,0.083,0.081,0.083,0.074,0.088,0.086,0.1,0.087,0.085,0.082,0.082,0.084,0.082,0.086,0.083,0.084,0.088,0.085,0.086,0.088,0.085,0.282,0.086,0.085,0.085,0.092,0.113,0.087,0.087,0.101,0.09,0.089,0.09,0.104,0.089,0.088,0.091,0.092,0.093,0.087,0.088,0.09,0.093,0.095,0.091,0.089,0.09,0.091,0.088,0.09,0.09,0.086,0.086,0.093,0.092,0.094,0.088,0.09,0.088,0.088,0.092,0.089,0.092,0.088,0.084,0.085,0.088,0.087,0.085,0.087,0.086,0.088,0.092,0.088,0.089,0.081
,15:50:00,48,0.087,0.089,0.086,0.087,0.087,0.087,0.087,0.086,0.086,0.086,0.083,0.084,0.087,0.09,0.084,0.083,0.084,0.095,0.084,0.082,0.083,0.081,0.084,0.075,0.089,0.086,0.1,0.088,0.086,0.083,0.083,0.083,0.083,0.087,0.084,0.084,0.089,0.088,0.088,0.087,0.085,0.27,0.087,0.086,0.085,0.093,0.114,0.088,0.088,0.101,0.09,0.089,0.09,0.104,0.09,0.088,0.092,0.092,0.093,0.087,0.088,0.091,0.093,0.095,0.091,0.089,0.09,0.091,0.089,0.09,0.091,0.086,0.087,0.093,0.093,0.094,0.089,0.09,0.088,0.088,0.092,0.089,0.092,0.088,0.084,0.086,0.089,0.088,0.085,0.088,0.086,0.088,0.092,0.088,0.089,0.081
,15:55:00,47.9,0.087,0.089,0.086,0.086,0.087,0.086,0.087,0.086,0.085,0.086,0.082,0.084,0.086,0.084,0.086,0.083,0.084,0.095,0.083,0.082,0.083,0.081,0.084,0.075,0.089,0.089,0.1,0.087,0.085,0.082,0.083,0.085,0.083,0.084,0.083,0.084,0.088,0.086,0.087,0.09,0.085,0.234,0.087,0.083,0.085,0.093,0.115,0.088,0.088,0.101,0.09,0.089,0.09,0.105,0.09,0.088,0.091,0.092,0.093,0.087,0.088,0.091,0.093,0.095,0.091,0.089,0.09,0.091,0.089,0.09,0.091,0.086,0.087,0.093,0.093,0.094,0.088,0.09,0.088,0.088,0.092,0.089,0.092,0.088,0.084,0.085,0.089,0.088,0.085,0.088,0.086,0.088,0.093,0.088,0.09,0.08
,16:00:00,48,0.087,0.089,0.086,0.086,0.087,0.086,0.087,0.086,0.086,0.086,0.082,0.085,0.087,0.083,0.084,0.083,0.084,0.094,0.083,0.082,0.083,0.081,0.084,0.076,0.089,0.086,0.1,0.085,0.085,0.083,0.083,0.083,0.083,0.084,0.083,0.083,0.088,0.086,0.087,0.085,0.085,0.226,0.087,0.087,0.085,0.093,0.113,0.088,0.088,0.101,0.09,0.089,0.09,0.103,0.09,0.088,0.091,0.091,0.093,0.087,0.088,0.09,0.092,0.095,0.091,0.089,0.09,0.091,0.088,0.09,0.091,0.086,0.087,0.093,0.093,0.094,0.088,0.09,0.088,0.088,0.092,0.089,0.092,0.088,0.084,0.087,0.088,0.088,0.085,0.087,0.086,0.088,0.092,0.088,0.09,0.08
,16:05:00,48,0.086,0.088,0.086,0.086,0.087,0.086,0.086,0.085,0.085,0.085,0.081,0.084,0.086,0.092,0.083,0.084,0.083,0.094,0.083,0.082,0.083,0.081,0.083,0.076,0.088,0.086,0.099,0.087,0.086,0.082,0.082,0.084,0.082,0.087,0.083,0.082,0.088,0.087,0.086,0.086,0.084,0.259,0.086,0.096,0.084,0.092,0.113,0.087,0.087,0.1,0.09,0.089,0.089,0.104,0.089,0.088,0.091,0.091,0.092,0.086,0.088,0.09,0.093,0.094,0.091,0.089,0.09,0.09,0.088,0.089,0.089,0.085,0.086,0.092,0.092,0.094,0.088,0.089,0.087,0.088,0.092,0.088,0.091,0.087,0.083,0.085,0.088,0.087,0.085,0.087,0.086,0.088,0.092,0.088,0.089,0.078
,16:10:00,48,0.087,0.089,0.086,0.086,0.087,0.086,0.087,0.086,0.085,0.086,0.08,0.084,0.086,0.083,0.084,0.086,0.086,0.095,0.083,0.082,0.083,0.081,0.083,0.076,0.088,0.087,0.1,0.086,0.085,0.082,0.083,0.085,0.082,0.085,0.084,0.082,0.088,0.085,0.088,0.086,0.085,0.265,0.086,0.102,0.085,0.093,0.115,0.087,0.088,0.101,0.09,0.089,0.09,0.105,0.089,0.088,0.091,0.092,0.094,0.086,0.088,0.09,0.093,0.095,0.091,0.088,0.09,0.091,0.088,0.09,0.09,0.086,0.087,0.093,0.093,0.094,0.088,0.09,0.088,0.088,0.092,0.089,0.092,0.088,0.084,0.085,0.088,0.087,0.085,0.087,0.086,0.088,0.092,0.088,0.089,0.079
,16:15:00,47.9,0.087,0.089,0.086,0.087,0.087,0.087,0.087,0.086,0.086,0.086,0.08,0.085,0.087,0.102,0.084,0.089,0.084,0.095,0.084,0.082,0.084,0.082,0.085,0.077,0.089,0.088,0.101,0.086,0.086,0.083,0.083,0.084,0.083,0.083,0.084,0.082,0.088,0.09,0.088,0.085,0.085,0.251,0.087,0.089,0.085,0.093,0.117,0.088,0.088,0.102,0.091,0.09,0.091,0.104,0.09,0.089,0.091,0.092,0.093,0.087,0.088,0.091,0.094,0.095,0.092,0.089,0.09,0.091,0.089,0.091,0.091,0.086,0.087,0.093,0.093,0.095,0.089,0.09,0.088,0.088,0.092,0.089,0.093,0.088,0.084,0.086,0.089,0.088,0.086,0.088,0.087,0.088,0.093,0.089,0.09,0.078
,16:20:00,47.9,0.087,0.088,0.086,0.087,0.086,0.086,0.086,0.086,0.085,0.086,0.078,0.084,0.086,0.083,0.083,0.084,0.083,0.094,0.083,0.082,0.083,0.081,0.084,0.077,0.088,0.086,0.1,0.087,0.085,0.082,0.082,0.086,0.082,0.087,0.083,0.08,0.088,0.085,0.087,0.084,0.085,0.208,0.087,0.085,0.084,0.092,0.114,0.087,0.087,0.101,0.09,0.089,0.09,0.104,0.089,0.088,0.091,0.092,0.093,0.086,0.088,0.09,0.093,0.095,0.091,0.089,0.09,0.091,0.088,0.09,0.09,0.086,0.087,0.093,0.092,0.094,0.088,0.09,0.088,0.088,0.092,0.089,0.092,0.088,0.083,0.085,0.088,0.087,0.085,0.088,0.086,0.088,0.092,0.088,0.089,0.077
,16:25:00,47.9,0.087,0.089,0.086,0.086,0.087,0.086,0.087,0.086,0.086,0.086,0.078,0.085,0.086,0.083,0.083,0.083,0.084,0.094,0.084,0.082,0.084,0.081,0.084,0.077,0.089,0.086,0.1,0.087,0.086,0.082,0.083,0.085,0.082,0.085,0.083,0.08,0.088,0.086,0.087,0.087,0.087,0.258,0.087,0.099,0.085,0.093,0.115,0.087,0.087,0.101,0.09,0.089,0.09,0.105,0.09,0.088,0.091,0.092,0.093,0.087,0.088,0.09,0.093,0.095,0.091,0.089,0.09,0.091,0.088,0.09,0.091,0.086,0.087,0.093,0.093,0.094,0.089,0.09,0.088,0.088,0.092,0.089,0.092,0.088,0.083,0.085,0.088,0.087,0.085,0.087,0.086,0.088,0.092,0.089,0.09,0.078
,16:30:00,48,0.087,0.088,0.086,0.086,0.087,0.086,0.086,0.086,0.085,0.085,0.077,0.085,0.086,0.089,0.084,0.088,0.084,0.094,0.083,0.082,0.083,0.081,0.084,0.077,0.088,0.086,0.1,0.086,0.085,0.082,0.082,0.086,0.083,0.083,0.083,0.079,0.089,0.086,0.088,0.084,0.086,0.291,0.087,0.083,0.085,0.093,0.116,0.087,0.087,0.101,0.09,0.089,0.09,0.105,0.089,0.088,0.093,0.092,0.094,0.086,0.088,0.09,0.093,0.095,0.091,0.089,0.09,0.091,0.089,0.09,0.09,0.086,0.087,0.093,0.093,0.094,0.088,0.089,0.088,0.088,0.092,0.089,0.092,0.088,0.082,0.085,0.088,0.087,0.085,0.088,0.086,0.088,0.092,0.089,0.089,0.077
,16:35:00,48,0.086,0.088,0.086,0.086,0.087,0.086,0.086,0.086,0.085,0.085,0.076,0.084,0.086,0.094,0.084,0.085,0.083,0.094,0.083,0.082,0.082,0.081,0.084,0.077,0.089,0.086,0.1,0.087,0.085,0.082,0.082,0.085,0.082,0.087,0.083,0.079,0.088,0.089,0.088,0.086,0.088,0.251,0.086,0.087,0.084,0.093,0.115,0.087,0.087,0.101,0.091,0.089,0.09,0.105,0.089,0.088,0.091,0.092,0.093,0.086,0.088,0.09,0.093,0.095,0.091,0.089,0.09,0.091,0.089,0.09,0.09,0.086,0.086,0.093,0.093,0.094,0.088,0.09,0.088,0.087,0.092,0.088,0.092,0.088,0.082,0.085,0.088,0.087,0.085,0.087,0.086,0.088,0.092,0.089,0.089,0.077
,16:40:00,48,0.087,0.089,0.086,0.086,0.087,0.086,0.086,0.086,0.085,0.085,0.076,0.085,0.086,0.089,0.084,0.084,0.084,0.094,0.083,0.082,0.083,0.081,0.084,0.077,0.088,0.089,0.1,0.087,0.085,0.082,0.082,0.086,0.082,0.084,0.083,0.078,0.088,0.086,0.086,0.087,0.085,0.216,0.086,0.104,0.084,0.093,0.118,0.087,0.087,0.101,0.09,0.089,0.09,0.105,0.09,0.088,0.091,0.092,0.094,0.086,0.087,0.09,0.093,0.095,0.091,0.089,0.09,0.091,0.089,0.09,0.09,0.086,0.087,0.093,0.092,0.094,0.088,0.09,0.088,0.088,0.092,0.089,0.092,0.087,0.081,0.085,0.088,0.088,0.085,0.088,0.086,0.088,0.092,0.089,0.089,0.077
,16:45:00,48,0.086,0.088,0.085,0.086,0.086,0.086,0.086,0.085,0.085,0.085,0.075,0.084,0.086,0.082,0.083,0.083,0.083,0.094,0.083,0.081,0.083,0.081,0.083,0.077,0.088,0.086,0.1,0.087,0.085,0.082,0.082,0.085,0.082,0.086,0.083,0.078,0.088,0.085,0.087,0.084,0.084,0.257,0.087,0.1,0.084,0.093,0.116,0.086,0.087,0.1,0.09,0.089,0.09,0.104,0.089,0.087,0.09,0.092,0.093,0.086,0.087,0.09,0.092,0.094,0.091,0.088,0.09,0.09,0.088,0.089,0.09,0.085,0.086,0.093,0.092,0.094,0.088,0.09,0.087,0.087,0.091,0.088,0.092,0.087,0.08,0.085,0.087,0.087,0.084,0.087,0.086,0.087,0.092,0.088,0.089,0.076
,16:50:00,48,0.087,0.088,0.086,0.086,0.087,0.086,0.086,0.086,0.085,0.086,0.075,0.085,0.086,0.084,0.083,0.083,0.084,0.095,0.083,0.083,0.083,0.081,0.083,0.077,0.088,0.086,0.1,0.087,0.085,0.082,0.082,0.084,0.083,0.086,0.083,0.077,0.088,0.086,0.088,0.086,0.085,0.238,0.087,0.084,0.084,0.093,0.118,0.087,0.087,0.101,0.09,0.09,0.091,0.104,0.089,0.088,0.091,0.092,0.094,0.086,0.088,0.09,0.092,0.095,0.091,0.089,0.09,0.091,0.088,0.09,0.09,0.085,0.087,0.093,0.093,0.094,0.088,0.089,0.088,0.088,0.092,0.089,0.092,0.088,0.08,0.085,0.088,0.087,0.085,0.087,0.086,0.088,0.093,0.089,0.09,0.076
,16:55:00,47.9,0.086,0.088,0.086,0.086,0.087,0.086,0.086,0.085,0.085,0.085,0.075,0.085,0.086,0.094,0.083,0.084,0.083,0.094,0.083,0.082,0.083,0.081,0.084,0.078,0.088,0.086,0.1,0.087,0.085,0.082,0.082,0.083,0.082,0.083,0.083,0.077,0.088,0.085,0.087,0.085,0.085,0.289,0.087,0.084,0.085,0.094,0.117,0.086,0.088,0.1,0.091,0.089,0.09,0.105,0.09,0.088,0.09,0.092,0.093,0.086,0.087,0.09,0.092,0.094,0.091,0.089,0.09,0.091,0.088,0.09,0.091,0.085,0.087,0.093,0.092,0.094,0.088,0.089,0.088,0.088,0.092,0.089,0.092,0.087,0.079,0.085,0.088,0.087,0.085,0.087,0.086,0.088,0.092,0.089,0.089,0.076
,17:00:00,48,0.086,0.088,0.086,0.087,0.087,0.086,0.086,0.085,0.085,0.085,0.075,0.085,0.086,0.084,0.086,0.083,0.084,0.094,0.083,0.082,0.083,0.081,0.084,0.077,0.088,0.088,0.1,0.087,0.086,0.082,0.082,0.085,0.082,0.086,0.083,0.077,0.088,0.086,0.088,0.085,0.085,0.292,0.087,0.101,0.085,0.094,0.118,0.087,0.087,0.101,0.09,0.089,0.09,0.104,0.09,0.088,0.09,0.092,0.094,0.086,0.088,0.09,0.093,0.094,0.091,0.089,0.09,0.091,0.088,0.09,0.09,0.085,0.087,0.093,0.092,0.094,0.088,0.089,0.088,0.088,0.092,0.089,0.092,0.087,0.079,0.085,0.088,0.087,0.085,0.088,0.086,0.088,0.092,0.089,0.089,0.076
,17:05:00,48,0.087,0.088,0.086,0.086,0.087,0.086,0.086,0.086,0.085,0.085,0.075,0.085,0.086,0.083,0.083,0.083,0.083,0.094,0.083,0.082,0.083,0.081,0.084,0.076,0.088,0.086,0.1,0.085,0.086,0.082,0.082,0.084,0.082,0.086,0.083,0.077,0.088,0.086,0.087,0.084,0.09,0.291,0.087,0.083,0.084,0.093,0.117,0.086,0.087,0.101,0.09,0.089,0.09,0.105,0.091,0.088,0.091,0.092,0.094,0.086,0.088,0.09,0.092,0.094,0.091,0.089,0.09,0.091,0.088,0.09,0.09,0.086,0.086,0.093,0.093,0.094,0.088,0.09,0.088,0.088,0.092,0.089,0.092,0.088,0.079,0.085,0.088,0.087,0.085,0.087,0.086,0.088,0.092,0.089,0.09,0.076
,17:10:00,47.9,0.086,0.088,0.086,0.086,0.087,0.086,0.086,0.085,0.085,0.085,0.075,0.085,0.086,0.086,0.083,0.083,0.083,0.094,0.083,0.082,0.083,0.081,0.085,0.076,0.089,0.089,0.1,0.084,0.085,0.082,0.082,0.085,0.083,0.084,0.083,0.077,0.088,0.085,0.088,0.085,0.085,0.268,0.087,0.103,0.084,0.093,0.119,0.086,0.087,0.101,0.09,0.089,0.09,0.104,0.09,0.088,0.09,0.092,0.094,0.086,0.087,0.09,0.092,0.095,0.091,0.088,0.089,0.091,0.088,0.09,0.09,0.085,0.086,0.092,0.093,0.094,0.088,0.089,0.088,0.088,0.092,0.089,0.092,0.087,0.078,0.085,0.088,0.087,0.085,0.087,0.086,0.088,0.092,0.089,0.088,0.076
,17:15:00,48,0.087,0.088,0.086,0.086,0.087,0.086,0.086,0.086,0.085,0.085,0.075,0.085,0.087,0.083,0.084,0.085,0.084,0.094,0.084,0.082,0.083,0.081,0.085,0.077,0.089,0.086,0.1,0.087,0.085,0.083,0.083,0.084,0.082,0.083,0.083,0.077,0.088,0.086,0.087,0.085,0.085,0.22,0.087,0.098,0.085,0.094,0.12,0.086,0.088,0.101,0.09,0.089,0.09,0.105,0.09,0.088,0.091,0.092,0.094,0.086,0.088,0.09,0.091,0.095,0.091,0.089,0.09,0.091,0.089,0.09,0.09,0.085,0.087,0.093,0.093,0.094,0.088,0.09,0.088,0.088,0.092,0.089,0.092,0.088,0.078,0.085,0.088,0.087,0.085,0.088,0.086,0.088,0.092,0.089,0.088,0.076
,17:20:00,48,0.086,0.089,0.086,0.087,0.087,0.086,0.086,0.086,0.085,0.085,0.075,0.085,0.087,0.096,0.084,0.083,0.084,0.094,0.084,0.082,0.083,0.081,0.084,0.076,0.089,0.088,0.1,0.084,0.085,0.083,0.082,0.085,0.082,0.087,0.083,0.076,0.088,0.086,0.087,0.084,0.085,0.208,0.087,0.102,0.085,0.094,0.12,0.086,0.088,0.101,0.09,0.089,0.09,0.105,0.09,0.088,0.091,0.092,0.094,0.086,0.088,0.09,0.092,0.095,0.091,0.089,0.09,0.091,0.089,0.09,0.091,0.086,0.087,0.093,0.093,0.094,0.088,0.09,0.088,0.088,0.092,0.089,0.092,0.088,0.078,0.086,0.088,0.087,0.085,0.088,0.086,0.088,0.093,0.089,0.088,0.076
,17:25:00,48,0.087,0.088,0.086,0.086,0.087,0.086,0.086,0.085,0.085,0.085,0.075,0.085,0.086,0.1,0.085,0.083,0.083,0.095,0.083,0.082,0.083,0.081,0.085,0.075,0.088,0.087,0.1,0.087,0.085,0.082,0.082,0.086,0.082,0.084,0.083,0.076,0.088,0.085,0.087,0.084,0.086,0.242,0.087,0.092,0.085,0.094,0.12,0.085,0.087,0.101,0.09,0.089,0.09,0.106,0.089,0.088,0.091,0.092,0.094,0.086,0.088,0.09,0.093,0.094,0.091,0.089,0.09,0.091,0.088,0.09,0.09,0.085,0.087,0.093,0.092,0.094,0.088,0.09,0.088,0.088,0.092,0.089,0.092,0.087,0.077,0.085,0.088,0.087,0.085,0.087,0.086,0.088,0.092,0.089,0.088,0.076
,17:30:00,48,0.087,0.088,0.086,0.086,0.087,0.086,0.086,0.086,0.085,0.085,0.074,0.085,0.087,0.084,0.083,0.087,0.084,0.095,0.083,0.083,0.083,0.081,0.085,0.077,0.089,0.086,0.1,0.086,0.085,0.082,0.083,0.085,0.083,0.083,0.083,0.076,0.089,0.087,0.086,0.084,0.086,0.295,0.087,0.104,0.085,0.094,0.119,0.085,0.088,0.101,0.091,0.089,0.09,0.104,0.092,0.088,0.095,0.092,0.094,0.086,0.088,0.09,0.093,0.095,0.091,0.089,0.089,0.091,0.088,0.09,0.091,0.085,0.087,0.093,0.093,0.094,0.088,0.09,0.088,0.088,0.092,0.089,0.092,0.088,0.077,0.086,0.088,0.087,0.085,0.087,0.086,0.088,0.092,0.089,0.088,0.076
,17:35:00,47.9,0.087,0.088,0.086,0.086,0.087,0.086,0.086,0.085,0.085,0.085,0.073,0.085,0.087,0.083,0.083,0.083,0.084,0.094,0.083,0.082,0.084,0.081,0.085,0.079,0.088,0.086,0.1,0.087,0.085,0.082,0.083,0.083,0.082,0.086,0.083,0.076,0.088,0.09,0.086,0.091,0.087,0.258,0.087,0.083,0.085,0.094,0.121,0.084,0.087,0.101,0.09,0.089,0.09,0.105,0.09,0.088,0.091,0.092,0.094,0.085,0.088,0.09,0.093,0.095,0.091,0.089,0.089,0.091,0.088,0.09,0.091,0.085,0.087,0.092,0.093,0.094,0.088,0.09,0.088,0.088,0.092,0.089,0.092,0.087,0.077,0.086,0.088,0.087,0.085,0.087,0.086,0.088,0.092,0.089,0.088,0.076
,17:40:00,47.9,0.087,0.088,0.086,0.086,0.087,0.086,0.086,0.086,0.085,0.085,0.074,0.085,0.087,0.083,0.083,0.087,0.084,0.094,0.083,0.082,0.083,0.081,0.085,0.079,0.088,0.087,0.1,0.087,0.085,0.082,0.083,0.084,0.083,0.086,0.083,0.076,0.088,0.086,0.088,0.085,0.085,0.239,0.087,0.089,0.084,0.094,0.123,0.084,0.088,0.101,0.091,0.089,0.09,0.105,0.09,0.088,0.094,0.092,0.094,0.086,0.087,0.09,0.093,0.095,0.091,0.089,0.09,0.091,0.088,0.09,0.091,0.085,0.087,0.093,0.092,0.094,0.088,0.09,0.088,0.088,0.092,0.089,0.092,0.087,0.077,0.085,0.088,0.087,0.085,0.087,0.086,0.088,0.092,0.089,0.088,0.076
,17:45:00,48,0.086,0.088,0.086,0.086,0.087,0.086,0.086,0.085,0.085,0.085,0.073,0.085,0.086,0.083,0.083,0.083,0.083,0.094,0.083,0.082,0.083,0.081,0.084,0.079,0.089,0.086,0.1,0.087,0.085,0.082,0.082,0.085,0.082,0.087,0.084,0.076,0.088,0.086,0.088,0.088,0.085,0.259,0.087,0.085,0.084,0.094,0.121,0.084,0.088,0.101,0.09,0.089,0.09,0.105,0.091,0.088,0.091,0.092,0.094,0.085,0.088,0.09,0.093,0.094,0.091,0.089,0.09,0.091,0.089,0.09,0.091,0.085,0.086,0.093,0.093,0.094,0.088,0.09,0.088,0.088,0.092,0.089,0.092,0.087,0.077,0.085,0.088,0.087,0.085,0.088,0.086,0.088,0.092,0.089,0.089,0.075
,17:50:00,48,0.086,0.088,0.086,0.086,0.086,0.086,0.086,0.086,0.085,0.084,0.074,0.085,0.086,0.089,0.083,0.083,0.084,0.094,0.083,0.082,0.083,0.081,0.084,0.08,0.088,0.086,0.1,0.087,0.085,0.082,0.082,0.085,0.082,0.086,0.083,0.075,0.088,0.085,0.087,0.084,0.088,0.266,0.087,0.091,0.085,0.094,0.121,0.083,0.087,0.101,0.09,0.089,0.091,0.105,0.09,0.087,0.091,0.092,0.094,0.085,0.088,0.09,0.092,0.095,0.091,0.089,0.09,0.091,0.088,0.09,0.09,0.085,0.087,0.093,0.093,0.094,0.088,0.09,0.088,0.088,0.092,0.089,0.092,0.087,0.076,0.086,0.088,0.087,0.085,0.088,0.086,0.088,0.092,0.09,0.088,0.075
,17:55:00,47.9,0.087,0.088,0.086,0.086,0.087,0.086,0.086,0.085,0.085,0.085,0.074,0.086,0.086,0.09,0.083,0.083,0.083,0.095,0.083,0.082,0.083,0.081,0.085,0.08,0.088,0.086,0.1,0.086,0.086,0.082,0.082,0.084,0.083,0.086,0.085,0.077,0.088,0.087,0.086,0.086,0.088,0.262,0.087,0.086,0.085,0.094,0.122,0.083,0.087,0.101,0.091,0.089,0.09,0.107,0.09,0.088,0.091,0.093,0.094,0.085,0.088,0.09,0.093,0.095,0.091,0.089,0.09,0.091,0.088,0.09,0.091,0.085,0.087,0.092,0.093,0.094,0.088,0.09,0.088,0.088,0.092,0.089,0.092,0.087,0.076,0.085,0.088,0.087,0.085,0.088,0.086,0.087,0.092,0.089,0.088,0.077
,18:00:00,48,0.087,0.089,0.086,0.087,0.087,0.086,0.086,0.086,0.085,0.084,0.075,0.085,0.086,0.099,0.083,0.085,0.084,0.094,0.083,0.082,0.083,0.081,0.085,0.08,0.088,0.086,0.1,0.088,0.086,0.082,0.082,0.085,0.082,0.085,0.083,0.078,0.088,0.087,0.088,0.085,0.088,0.269,0.087,0.086,0.084,0.094,0.122,0.083,0.087,0.101,0.091,0.089,0.09,0.108,0.09,0.088,0.091,0.092,0.094,0.085,0.088,0.09,0.093,0.095,0.091,0.089,0.09,0.091,0.089,0.09,0.091,0.085,0.087,0.093,0.093,0.094,0.089,0.09,0.088,0.088,0.092,0.089,0.092,0.087,0.077,0.086,0.088,0.087,0.085,0.088,0.086,0.088,0.092,0.09,0.088,0.075
,18:05:00,48,0.086,0.089,0.086,0.086,0.087,0.086,0.086,0.085,0.085,0.084,0.075,0.085,0.086,0.083,0.083,0.083,0.083,0.094,0.083,0.082,0.083,0.081,0.085,0.08,0.088,0.086,0.1,0.087,0.086,0.083,0.082,0.083,0.082,0.083,0.084,0.076,0.088,0.091,0.087,0.087,0.084,0.257,0.087,0.083,0.084,0.094,0.121,0.082,0.087,0.101,0.09,0.089,0.09,0.106,0.09,0.088,0.091,0.093,0.093,0.085,0.088,0.09,0.092,0.095,0.091,0.089,0.09,0.091,0.088,0.09,0.091,0.085,0.086,0.093,0.093,0.094,0.088,0.09,0.088,0.088,0.092,0.089,0.092,0.087,0.076,0.085,0.088,0.087,0.085,0.087,0.086,0.088,0.092,0.089,0.087,0.075
,18:10:00,48,0.087,0.088,0.086,0.086,0.086,0.086,0.086,0.085,0.085,0.084,0.076,0.085,0.086,0.084,0.083,0.083,0.083,0.094,0.083,0.082,0.083,0.081,0.083,0.08,0.089,0.088,0.1,0.087,0.085,0.082,0.082,0.085,0.082,0.087,0.083,0.076,0.088,0.086,0.086,0.089,0.087,0.257,0.087,0.086,0.085,0.094,0.123,0.082,0.087,0.101,0.09,0.089,0.091,0.105,0.09,0.088,0.091,0.092,0.094,0.085,0.088,0.09,0.092,0.095,0.091,0.089,0.09,0.091,0.088,0.09,0.091,0.085,0.087,0.093,0.092,0.095,0.088,0.09,0.088,0.088,0.092,0.089,0.092,0.087,0.076,0.086,0.088,0.087,0.085,0.088,0.086,0.088,0.092,0.089,0.088,0.075
,18:15:00,48,0.086,0.088,0.086,0.086,0.087,0.086,0.086,0.085,0.085,0.084,0.076,0.085,0.086,0.083,0.083,0.083,0.083,0.094,0.083,0.082,0.083,0.081,0.083,0.08,0.088,0.086,0.1,0.086,0.085,0.082,0.083,0.085,0.082,0.086,0.083,0.076,0.088,0.085,0.086,0.084,0.085,0.278,0.087,0.097,0.085,0.095,0.121,0.082,0.087,0.101,0.09,0.089,0.091,0.106,0.09,0.088,0.09,0.092,0.094,0.085,0.087,0.09,0.092,0.094,0.09,0.089,0.09,0.091,0.088,0.09,0.091,0.085,0.086,0.092,0.092,0.094,0.088,0.09,0.087,0.088,0.091,0.089,0.092,0.087,0.076,0.085,0.088,0.087,0.085,0.088,0.086,0.088,0.092,0.089,0.088,0.075
,18:20:00,48,0.087,0.088,0.086,0.086,0.087,0.086,0.086,0.085,0.085,0.084,0.077,0.085,0.086,0.093,0.084,0.083,0.084,0.094,0.083,0.082,0.083,0.081,0.084,0.08,0.089,0.089,0.1,0.087,0.085,0.082,0.082,0.084,0.082,0.083,0.084,0.076,0.089,0.087,0.088,0.084,0.086,0.182,0.087,0.087,0.084,0.095,0.122,0.082,0.088,0.101,0.091,0.09,0.09,0.107,0.089,0.088,0.091,0.093,0.094,0.085,0.088,0.09,0.093,0.095,0.091,0.089,0.09,0.091,0.089,0.09,0.091,0.085,0.087,0.093,0.093,0.094,0.088,0.09,0.088,0.088,0.092,0.089,0.092,0.087,0.076,0.086,0.088,0.087,0.085,0.088,0.086,0.088,0.092,0.09,0.088,0.076
,18:25:00,47.9,0.087,0.088,0.086,0.086,0.087,0.086,0.086,0.085,0.085,0.084,0.077,0.085,0.086,0.099,0.083,0.087,0.083,0.094,0.084,0.082,0.083,0.081,0.083,0.08,0.088,0.086,0.1,0.086,0.085,0.082,0.082,0.085,0.082,0.086,0.084,0.075,0.088,0.092,0.086,0.087,0.087,0.274,0.087,0.084,0.084,0.094,0.122,0.081,0.087,0.101,0.091,0.089,0.09,0.106,0.089,0.088,0.09,0.092,0.094,0.085,0.088,0.09,0.093,0.094,0.091,0.089,0.09,0.091,0.089,0.09,0.091,0.085,0.087,0.093,0.092,0.094,0.088,0.09,0.088,0.088,0.092,0.089,0.092,0.087,0.075,0.086,0.088,0.087,0.085,0.087,0.086,0.088,0.092,0.09,0.089,0.076
,18:30:00,48,0.086,0.088,0.086,0.086,0.087,0.086,0.086,0.085,0.085,0.083,0.076,0.085,0.087,0.099,0.083,0.086,0.083,0.094,0.083,0.082,0.083,0.081,0.083,0.081,0.088,0.086,0.1,0.087,0.085,0.082,0.082,0.086,0.083,0.084,0.085,0.075,0.088,0.085,0.085,0.084,0.086,0.276,0.087,0.084,0.085,0.094,0.122,0.081,0.088,0.101,0.09,0.089,0.091,0.106,0.089,0.088,0.09,0.092,0.094,0.084,0.087,0.09,0.093,0.094,0.091,0.088,0.09,0.09,0.088,0.09,0.091,0.085,0.086,0.092,0.092,0.094,0.088,0.09,0.088,0.087,0.092,0.089,0.092,0.087,0.076,0.085,0.088,0.087,0.085,0.088,0.086,0.088,0.092,0.09,0.089,0.076
,18:35:00,48,0.086,0.088,0.085,0.086,0.087,0.086,0.086,0.085,0.085,0.083,0.077,0.085,0.086,0.083,0.084,0.083,0.083,0.094,0.083,0.082,0.083,0.081,0.083,0.08,0.089,0.086,0.1,0.087,0.086,0.082,0.082,0.085,0.082,0.086,0.084,0.075,0.088,0.085,0.087,0.085,0.085,0.268,0.087,0.092,0.084,0.095,0.124,0.081,0.087,0.1,0.091,0.089,0.09,0.106,0.09,0.088,0.091,0.092,0.094,0.084,0.088,0.09,0.093,0.094,0.091,0.089,0.09,0.09,0.088,0.09,0.09,0.085,0.086,0.093,0.092,0.094,0.088,0.09,0.088,0.088,0.092,0.089,0.092,0.087,0.075,0.085,0.088,0.087,0.084,0.088,0.086,0.087,0.092,0.089,0.09,0.076
,18:40:00,48,0.087,0.088,0.086,0.086,0.087,0.086,0.086,0.085,0.085,0.083,0.077,0.085,0.086,0.096,0.083,0.083,0.083,0.094,0.083,0.081,0.083,0.081,0.083,0.081,0.089,0.086,0.1,0.087,0.086,0.083,0.083,0.085,0.082,0.085,0.084,0.075,0.088,0.088,0.088,0.085,0.085,0.27,0.087,0.084,0.085,0.095,0.124,0.081,0.087,0.101,0.091,0.089,0.091,0.107,0.09,0.088,0.091,0.092,0.094,0.083,0.088,0.09,0.093,0.095,0.091,0.089,0.089,0.091,0.088,0.09,0.091,0.085,0.086,0.093,0.092,0.094,0.088,0.09,0.088,0.088,0.091,0.089,0.092,0.087,0.076,0.087,0.088,0.087,0.085,0.088,0.086,0.088,0.092,0.09,0.09,0.076
,18:45:00,48,0.087,0.088,0.086,0.086,0.087,0.086,0.086,0.086,0.085,0.083,0.077,0.086,0.087,0.096,0.083,0.083,0.084,0.094,0.084,0.082,0.083,0.081,0.083,0.081,0.089,0.09,0.1,0.087,0.088,0.083,0.082,0.086,0.083,0.085,0.084,0.076,0.088,0.086,0.088,0.084,0.085,0.275,0.087,0.084,0.085,0.095,0.125,0.081,0.088,0.101,0.091,0.089,0.09,0.106,0.09,0.088,0.091,0.092,0.094,0.082,0.088,0.09,0.093,0.095,0.091,0.089,0.09,0.091,0.089,0.09,0.091,0.085,0.087,0.093,0.093,0.094,0.088,0.09,0.088,0.088,0.092,0.089,0.092,0.087,0.075,0.086,0.088,0.087,0.085,0.088,0.087,0.088,0.092,0.09,0.09,0.077
,18:50:00,48,0.086,0.089,0.086,0.086,0.087,0.086,0.086,0.085,0.085,0.082,0.077,0.086,0.086,0.082,0.083,0.083,0.083,0.094,0.083,0.082,0.083,0.081,0.083,0.081,0.089,0.088,0.1,0.087,0.085,0.083,0.082,0.084,0.083,0.083,0.086,0.076,0.088,0.091,0.087,0.085,0.085,0.247,0.088,0.092,0.085,0.094,0.126,0.081,0.087,0.101,0.091,0.089,0.09,0.107,0.09,0.088,0.091,0.092,0.094,0.082,0.088,0.09,0.093,0.095,0.091,0.089,0.09,0.091,0.089,0.09,0.091,0.085,0.087,0.093,0.092,0.094,0.088,0.09,0.088,0.088,0.092,0.089,0.092,0.087,0.077,0.085,0.088,0.087,0.085,0.088,0.088,0.088,0.092,0.09,0.09,0.076
,18:55:00,48,0.087,0.088,0.086,0.086,0.087,0.086,0.086,0.085,0.085,0.081,0.077,0.085,0.086,0.083,0.083,0.083,0.083,0.094,0.083,0.082,0.083,0.081,0.083,0.081,0.089,0.088,0.1,0.087,0.086,0.083,0.082,0.086,0.083,0.085,0.084,0.077,0.088,0.086,0.087,0.085,0.089,0.282,0.088,0.087,0.084,0.095,0.126,0.081,0.087,0.101,0.09,0.089,0.091,0.106,0.09,0.088,0.092,0.092,0.094,0.081,0.088,0.09,0.093,0.095,0.091,0.089,0.09,0.09,0.088,0.09,0.091,0.085,0.087,0.093,0.092,0.094,0.088,0.09,0.088,0.088,0.092,0.089,0.092,0.086,0.077,0.086,0.088,0.087,0.085,0.088,0.087,0.088,0.092,0.09,0.09,0.076
,19:00:00,48,0.087,0.088,0.086,0.086,0.087,0.086,0.086,0.085,0.084,0.081,0.077,0.085,0.087,0.083,0.083,0.083,0.083,0.095,0.083,0.082,0.083,0.081,0.084,0.081,0.089,0.086,0.1,0.087,0.085,0.083,0.082,0.084,0.083,0.087,0.083,0.077,0.088,0.086,0.087,0.084,0.091,0.265,0.088,0.084,0.085,0.095,0.125,0.08,0.087,0.101,0.09,0.089,0.091,0.107,0.09,0.088,0.091,0.092,0.094,0.081,0.088,0.09,0.093,0.095,0.091,0.089,0.09,0.091,0.088,0.09,0.091,0.085,0.087,0.093,0.092,0.094,0.088,0.09,0.088,0.088,0.092,0.089,0.092,0.087,0.077,0.085,0.088,0.087,0.085,0.087,0.086,0.088,0.092,0.09,0.09,0.076
,19:05:00,48,0.087,0.088,0.086,0.086,0.087,0.086,0.086,0.085,0.085,0.08,0.077,0.085,0.086,0.095,0.083,0.083,0.084,0.094,0.083,0.082,0.083,0.081,0.083,0.081,0.089,0.089,0.1,0.087,0.085,0.083,0.082,0.085,0.083,0.086,0.086,0.077,0.089,0.086,0.088,0.085,0.086,0.247,0.087,0.084,0.085,0.096,0.125,0.081,0.088,0.101,0.091,0.089,0.091,0.107,0.09,0.088,0.091,0.092,0.094,0.08,0.088,0.09,0.092,0.095,0.091,0.089,0.09,0.091,0.088,0.09,0.091,0.085,0.087,0.093,0.093,0.094,0.088,0.09,0.088,0.088,0.092,0.089,0.092,0.087,0.078,0.085,0.088,0.087,0.085,0.088,0.087,0.087,0.093,0.09,0.089,0.076
,19:10:00,48,0.087,0.088,0.086,0.086,0.087,0.086,0.086,0.085,0.084,0.079,0.076,0.085,0.088,0.083,0.084,0.083,0.083,0.094,0.083,0.082,0.083,0.081,0.083,0.081,0.089,0.086,0.1,0.087,0.085,0.083,0.083,0.084,0.083,0.083,0.086,0.076,0.088,0.086,0.086,0.085,0.086,0.236,0.087,0.084,0.087,0.096,0.129,0.08,0.087,0.101,0.091,0.089,0.09,0.107,0.092,0.088,0.09,0.092,0.094,0.08,0.088,0.09,0.093,0.095,0.091,0.089,0.09,0.091,0.089,0.09,0.09,0.085,0.087,0.093,0.092,0.094,0.088,0.09,0.088,0.088,0.092,0.089,0.092,0.087,0.078,0.085,0.088,0.087,0.085,0.088,0.086,0.088,0.092,0.09,0.09,0.076
,19:15:00,48,0.086,0.088,0.085,0.086,0.086,0.086,0.086,0.085,0.084,0.078,0.076,0.085,0.086,0.082,0.083,0.082,0.083,0.094,0.083,0.082,0.083,0.081,0.083,0.08,0.088,0.086,0.1,0.087,0.085,0.082,0.082,0.086,0.082,0.085,0.084,0.076,0.088,0.086,0.086,0.09,0.086,0.227,0.087,0.097,0.092,0.095,0.128,0.079,0.087,0.1,0.09,0.088,0.09,0.107,0.089,0.088,0.09,0.092,0.093,0.08,0.087,0.09,0.092,0.094,0.09,0.089,0.089,0.09,0.088,0.089,0.09,0.084,0.086,0.092,0.092,0.093,0.088,0.09,0.088,0.087,0.091,0.089,0.092,0.086,0.077,0.084,0.087,0.087,0.084,0.087,0.086,0.087,0.092,0.09,0.089,0.075
,19:20:00,48,0.087,0.089,0.086,0.087,0.087,0.086,0.086,0.085,0.085,0.079,0.076,0.085,0.086,0.084,0.084,0.083,0.084,0.095,0.083,0.084,0.083,0.081,0.083,0.081,0.089,0.089,0.101,0.087,0.086,0.084,0.083,0.084,0.083,0.084,0.087,0.078,0.088,0.086,0.088,0.087,0.086,0.246,0.087,0.089,0.085,0.096,0.128,0.08,0.088,0.101,0.091,0.089,0.091,0.108,0.09,0.088,0.095,0.092,0.094,0.08,0.088,0.091,0.092,0.095,0.091,0.089,0.09,0.091,0.089,0.09,0.091,0.085,0.087,0.093,0.093,0.094,0.088,0.09,0.089,0.088,0.092,0.089,0.092,0.087,0.077,0.085,0.088,0.087,0.085,0.088,0.087,0.088,0.093,0.09,0.09,0.076
,19:25:00,48,0.087,0.088,0.086,0.087,0.087,0.086,0.086,0.085,0.084,0.078,0.076,0.085,0.086,0.1,0.083,0.087,0.083,0.094,0.083,0.082,0.083,0.081,0.084,0.081,0.089,0.087,0.101,0.087,0.086,0.082,0.083,0.085,0.083,0.084,0.084,0.078,0.089,0.091,0.087,0.09,0.087,0.286,0.087,0.101,0.085,0.096,0.128,0.08,0.088,0.101,0.091,0.089,0.092,0.108,0.09,0.088,0.091,0.092,0.094,0.079,0.088,0.09,0.092,0.095,0.091,0.089,0.09,0.091,0.089,0.09,0.091,0.085,0.086,0.093,0.093,0.094,0.088,0.09,0.088,0.088,0.092,0.089,0.092,0.087,0.077,0.085,0.088,0.087,0.085,0.088,0.086,0.088,0.092,0.09,0.09,0.076
,19:30:00,48,0.086,0.089,0.086,0.086,0.087,0.086,0.086,0.085,0.084,0.078,0.078,0.086,0.087,0.083,0.083,0.083,0.083,0.094,0.083,0.082,0.083,0.081,0.083,0.082,0.088,0.086,0.1,0.087,0.085,0.082,0.083,0.084,0.084,0.084,0.086,0.078,0.089,0.086,0.086,0.084,0.085,0.263,0.087,0.1,0.085,0.097,0.131,0.08,0.087,0.101,0.091,0.089,0.091,0.107,0.09,0.088,0.09,0.092,0.094,0.079,0.087,0.09,0.093,0.095,0.091,0.089,0.09,0.091,0.088,0.09,0.091,0.084,0.087,0.093,0.093,0.093,0.088,0.09,0.089,0.088,0.092,0.089,0.092,0.087,0.077,0.086,0.088,0.087,0.085,0.088,0.087,0.088,0.092,0.09,0.09,0.076
,19:35:00,48,0.087,0.089,0.086,0.086,0.087,0.086,0.086,0.085,0.084,0.077,0.079,0.085,0.086,0.083,0.083,0.083,0.083,0.094,0.083,0.084,0.083,0.081,0.083,0.081,0.088,0.086,0.1,0.087,0.085,0.082,0.082,0.086,0.082,0.083,0.086,0.079,0.088,0.086,0.087,0.09,0.086,0.237,0.087,0.089,0.086,0.096,0.13,0.079,0.087,0.101,0.091,0.089,0.09,0.109,0.091,0.088,0.091,0.092,0.093,0.079,0.088,0.09,0.093,0.095,0.091,0.089,0.09,0.091,0.089,0.09,0.091,0.084,0.086,0.093,0.092,0.094,0.088,0.09,0.089,0.087,0.092,0.089,0.093,0.087,0.076,0.084,0.088,0.087,0.085,0.088,0.087,0.088,0.092,0.09,0.089,0.075
,19:40:00,48,0.087,0.088,0.085,0.086,0.086,0.086,0.086,0.085,0.084,0.077,0.08,0.085,0.086,0.094,0.086,0.083,0.083,0.094,0.083,0.083,0.083,0.081,0.083,0.081,0.088,0.086,0.1,0.084,0.088,0.082,0.082,0.083,0.082,0.083,0.085,0.079,0.088,0.087,0.087,0.086,0.085,0.291,0.087,0.084,0.085,0.097,0.131,0.077,0.087,0.101,0.091,0.089,0.091,0.107,0.09,0.088,0.091,0.092,0.094,0.078,0.087,0.09,0.092,0.095,0.091,0.089,0.09,0.091,0.088,0.09,0.091,0.084,0.086,0.093,0.092,0.093,0.088,0.09,0.088,0.087,0.092,0.089,0.092,0.087,0.076,0.088,0.088,0.087,0.085,0.088,0.086,0.088,0.092,0.09,0.089,0.075
,19:45:00,48,0.086,0.088,0.086,0.086,0.087,0.086,0.086,0.085,0.084,0.076,0.08,0.086,0.086,0.083,0.083,0.088,0.083,0.095,0.083,0.082,0.084,0.081,0.083,0.081,0.089,0.09,0.101,0.087,0.085,0.082,0.083,0.085,0.083,0.087,0.086,0.079,0.088,0.087,0.087,0.084,0.085,0.265,0.087,0.087,0.085,0.097,0.131,0.077,0.088,0.101,0.091,0.089,0.092,0.107,0.09,0.088,0.091,0.092,0.094,0.078,0.088,0.09,0.093,0.095,0.091,0.089,0.09,0.091,0.088,0.09,0.091,0.084,0.087,0.093,0.093,0.094,0.088,0.091,0.088,0.088,0.092,0.089,0.092,0.087,0.076,0.085,0.088,0.087,0.085,0.088,0.086,0.088,0.092,0.09,0.089,0.075
,19:50:00,48,0.087,0.088,0.086,0.086,0.087,0.086,0.086,0.085,0.084,0.076,0.08,0.085,0.086,0.099,0.083,0.083,0.083,0.094,0.083,0.082,0.083,0.081,0.083,0.081,0.088,0.09,0.1,0.087,0.085,0.082,0.082,0.083,0.082,0.086,0.086,0.078,0.088,0.085,0.087,0.087,0.085,0.276,0.087,0.105,0.084,0.097,0.129,0.079,0.087,0.101,0.091,0.089,0.09,0.108,0.09,0.088,0.091,0.092,0.094,0.078,0.088,0.09,0.092,0.095,0.091,0.089,0.09,0.091,0.088,0.09,0.091,0.084,0.086,0.093,0.092,0.094,0.088,0.09,0.088,0.087,0.092,0.089,0.092,0.087,0.075,0.084,0.088,0.087,0.085,0.088,0.086,0.087,0.092,0.09,0.09,0.075
,19:55:00,47.9,0.087,0.088,0.086,0.087,0.087,0.086,0.086,0.085,0.084,0.076,0.08,0.085,0.087,0.083,0.083,0.083,0.084,0.094,0.084,0.082,0.083,0.081,0.084,0.082,0.089,0.09,0.1,0.088,0.085,0.082,0.082,0.085,0.083,0.085,0.085,0.078,0.088,0.086,0.088,0.084,0.085,0.264,0.087,0.09,0.085,0.097,0.131,0.078,0.088,0.101,0.091,0.089,0.091,0.108,0.09,0.088,0.091,0.092,0.094,0.078,0.088,0.09,0.092,0.095,0.091,0.089,0.09,0.091,0.089,0.089,0.091,0.084,0.087,0.093,0.093,0.094,0.089,0.091,0.089,0.088,0.092,0.089,0.092,0.087,0.075,0.085,0.088,0.087,0.085,0.088,0.087,0.088,0.093,0.09,0.09,0.075
,20:00:00,48,0.086,0.088,0.085,0.086,0.087,0.086,0.086,0.085,0.084,0.076,0.081,0.085,0.086,0.088,0.083,0.083,0.083,0.095,0.083,0.083,0.083,0.081,0.083,0.081,0.088,0.086,0.1,0.087,0.087,0.082,0.082,0.085,0.082,0.085,0.084,0.078,0.088,0.088,0.088,0.085,0.086,0.25,0.087,0.098,0.086,0.097,0.13,0.079,0.087,0.101,0.091,0.089,0.09,0.108,0.09,0.088,0.094,0.092,0.093,0.078,0.088,0.09,0.093,0.095,0.091,0.089,0.09,0.091,0.088,0.09,0.091,0.084,0.086,0.093,0.092,0.093,0.088,0.09,0.088,0.088,0.092,0.089,0.092,0.087,0.075,0.086,0.088,0.087,0.085,0.088,0.086,0.088,0.092,0.09,0.089,0.075
,20:05:00,48,0.087,0.088,0.086,0.086,0.087,0.086,0.086,0.085,0.084,0.075,0.081,0.086,0.086,0.093,0.083,0.083,0.083,0.095,0.083,0.084,0.083,0.081,0.084,0.081,0.089,0.087,0.1,0.087,0.085,0.082,0.082,0.086,0.082,0.084,0.087,0.078,0.088,0.092,0.089,0.084,0.087,0.2,0.087,0.083,0.084,0.097,0.133,0.08,0.087,0.101,0.091,0.089,0.091,0.107,0.089,0.088,0.091,0.092,0.093,0.078,0.088,0.09,0.093,0.094,0.091,0.089,0.09,0.091,0.088,0.09,0.091,0.084,0.086,0.093,0.092,0.094,0.088,0.09,0.088,0.088,0.092,0.089,0.092,0.087,0.075,0.085,0.088,0.087,0.085,0.088,0.086,0.088,0.092,0.09,0.09,0.075
,20:10:00,48,0.087,0.088,0.086,0.086,0.087,0.086,0.086,0.085,0.084,0.076,0.081,0.086,0.086,0.083,0.084,0.083,0.084,0.095,0.084,0.083,0.084,0.081,0.083,0.082,0.089,0.087,0.1,0.087,0.087,0.082,0.082,0.087,0.083,0.087,0.087,0.077,0.089,0.092,0.086,0.085,0.087,0.269,0.088,0.1,0.085,0.097,0.134,0.081,0.088,0.101,0.091,0.089,0.091,0.109,0.091,0.088,0.091,0.092,0.094,0.078,0.088,0.09,0.094,0.095,0.091,0.089,0.09,0.092,0.089,0.09,0.091,0.084,0.087,0.093,0.093,0.094,0.088,0.091,0.089,0.088,0.092,0.089,0.092,0.086,0.076,0.087,0.088,0.087,0.085,0.089,0.087,0.088,0.092,0.09,0.09,0.074
,20:15:00,47.9,0.087,0.089,0.086,0.086,0.087,0.086,0.086,0.085,0.084,0.076,0.081,0.086,0.086,0.091,0.084,0.083,0.084,0.095,0.083,0.082,0.084,0.081,0.083,0.082,0.089,0.086,0.1,0.087,0.086,0.082,0.083,0.083,0.083,0.084,0.086,0.077,0.089,0.086,0.086,0.085,0.091,0.258,0.087,0.088,0.085,0.097,0.134,0.082,0.088,0.102,0.091,0.09,0.093,0.108,0.09,0.088,0.091,0.093,0.094,0.077,0.088,0.09,0.093,0.095,0.091,0.089,0.09,0.091,0.089,0.09,0.091,0.084,0.087,0.093,0.093,0.094,0.088,0.091,0.089,0.088,0.092,0.09,0.093,0.087,0.076,0.086,0.088,0.087,0.085,0.088,0.087,0.088,0.092,0.09,0.09,0.075
,20:20:00,47.9,0.087,0.089,0.086,0.087,0.087,0.086,0.086,0.085,0.084,0.075,0.081,0.086,0.086,0.092,0.083,0.083,0.084,0.095,0.083,0.082,0.083,0.081,0.083,0.081,0.089,0.086,0.1,0.088,0.086,0.082,0.082,0.084,0.083,0.083,0.086,0.076,0.089,0.086,0.088,0.089,0.087,0.273,0.087,0.084,0.084,0.097,0.134,0.082,0.088,0.101,0.091,0.089,0.091,0.109,0.09,0.088,0.091,0.092,0.094,0.078,0.088,0.09,0.093,0.095,0.091,0.089,0.09,0.091,0.089,0.09,0.091,0.084,0.086,0.094,0.093,0.094,0.088,0.09,0.089,0.088,0.092,0.089,0.093,0.087,0.076,0.085,0.088,0.087,0.085,0.089,0.086,0.088,0.093,0.091,0.09,0.074
,20:25:00,48,0.086,0.089,0.086,0.086,0.087,0.086,0.086,0.085,0.084,0.077,0.081,0.086,0.086,0.083,0.083,0.088,0.083,0.095,0.083,0.084,0.083,0.081,0.083,0.081,0.088,0.086,0.1,0.087,0.088,0.082,0.082,0.085,0.082,0.087,0.087,0.075,0.088,0.085,0.085,0.084,0.085,0.263,0.087,0.084,0.084,0.097,0.134,0.083,0.087,0.101,0.091,0.089,0.091,0.108,0.091,0.088,0.091,0.092,0.093,0.077,0.088,0.09,0.093,0.094,0.091,0.089,0.09,0.091,0.089,0.09,0.091,0.084,0.086,0.093,0.093,0.094,0.088,0.091,0.088,0.088,0.092,0.089,0.092,0.086,0.075,0.089,0.088,0.087,0.085,0.088,0.086,0.088,0.092,0.09,0.09,0.074
,20:30:00,47.9,0.086,0.088,0.086,0.086,0.087,0.086,0.086,0.085,0.084,0.078,0.081,0.085,0.086,0.096,0.083,0.083,0.083,0.095,0.084,0.082,0.083,0.081,0.083,0.081,0.088,0.086,0.1,0.086,0.085,0.082,0.083,0.086,0.082,0.083,0.087,0.074,0.088,0.087,0.088,0.088,0.086,0.204,0.087,0.083,0.084,0.097,0.134,0.083,0.087,0.101,0.091,0.089,0.091,0.11,0.09,0.088,0.091,0.092,0.094,0.077,0.088,0.09,0.093,0.095,0.091,0.089,0.09,0.091,0.088,0.09,0.091,0.084,0.086,0.093,0.092,0.094,0.088,0.09,0.088,0.088,0.092,0.089,0.092,0.087,0.075,0.088,0.088,0.087,0.085,0.088,0.086,0.088,0.092,0.09,0.09,0.074
,20:35:00,48,0.087,0.088,0.086,0.087,0.087,0.086,0.086,0.085,0.084,0.074,0.081,0.085,0.087,0.084,0.086,0.083,0.084,0.094,0.083,0.084,0.083,0.081,0.083,0.082,0.089,0.087,0.1,0.087,0.085,0.083,0.083,0.084,0.083,0.087,0.087,0.074,0.089,0.086,0.088,0.09,0.089,0.227,0.087,0.084,0.085,0.097,0.133,0.083,0.088,0.101,0.091,0.09,0.092,0.109,0.09,0.088,0.091,0.092,0.094,0.078,0.088,0.091,0.093,0.095,0.091,0.089,0.09,0.091,0.089,0.09,0.091,0.084,0.086,0.093,0.093,0.094,0.088,0.09,0.088,0.088,0.092,0.09,0.092,0.086,0.075,0.085,0.088,0.087,0.085,0.089,0.086,0.088,0.092,0.091,0.089,0.074
,20:40:00,48,0.087,0.088,0.086,0.086,0.087,0.086,0.086,0.085,0.084,0.075,0.081,0.086,0.086,0.086,0.083,0.083,0.084,0.094,0.084,0.082,0.083,0.081,0.083,0.081,0.088,0.086,0.1,0.087,0.085,0.083,0.082,0.084,0.082,0.086,0.087,0.073,0.089,0.086,0.087,0.084,0.086,0.273,0.087,0.084,0.084,0.097,0.134,0.083,0.087,0.101,0.091,0.089,0.09,0.109,0.09,0.088,0.092,0.092,0.094,0.077,0.087,0.09,0.093,0.095,0.091,0.089,0.09,0.091,0.088,0.09,0.091,0.084,0.086,0.093,0.092,0.094,0.089,0.09,0.089,0.088,0.092,0.089,0.092,0.086,0.075,0.086,0.088,0.087,0.085,0.088,0.086,0.088,0.092,0.091,0.09,0.074
,20:45:00,48,0.086,0.088,0.085,0.086,0.086,0.086,0.086,0.085,0.084,0.074,0.081,0.085,0.086,0.083,0.083,0.082,0.083,0.094,0.083,0.083,0.083,0.081,0.083,0.081,0.088,0.086,0.1,0.087,0.085,0.082,0.082,0.086,0.082,0.087,0.087,0.073,0.088,0.086,0.087,0.091,0.086,0.3,0.087,0.1,0.085,0.096,0.134,0.083,0.087,0.101,0.091,0.089,0.091,0.11,0.09,0.088,0.09,0.092,0.094,0.077,0.088,0.09,0.092,0.094,0.091,0.089,0.09,0.091,0.088,0.09,0.091,0.084,0.086,0.093,0.092,0.094,0.088,0.09,0.088,0.088,0.092,0.089,0.092,0.086,0.075,0.086,0.087,0.087,0.084,0.088,0.086,0.087,0.092,0.09,0.089,0.074
,20:50:00,48,0.087,0.088,0.086,0.086,0.087,0.086,0.086,0.085,0.084,0.074,0.081,0.085,0.087,0.083,0.083,0.088,0.083,0.094,0.083,0.083,0.084,0.081,0.083,0.081,0.088,0.086,0.1,0.086,0.086,0.082,0.082,0.085,0.082,0.088,0.086,0.073,0.088,0.086,0.087,0.089,0.086,0.303,0.087,0.084,0.092,0.097,0.134,0.083,0.087,0.101,0.091,0.089,0.091,0.111,0.09,0.088,0.091,0.092,0.094,0.078,0.088,0.09,0.092,0.095,0.091,0.089,0.09,0.091,0.088,0.09,0.091,0.084,0.086,0.093,0.093,0.094,0.088,0.09,0.089,0.088,0.092,0.089,0.093,0.086,0.075,0.085,0.088,0.087,0.085,0.088,0.086,0.088,0.092,0.091,0.09,0.074
,20:55:00,48,0.086,0.088,0.086,0.086,0.086,0.086,0.085,0.084,0.083,0.074,0.081,0.085,0.085,0.095,0.083,0.083,0.083,0.094,0.083,0.082,0.083,0.081,0.083,0.081,0.088,0.088,0.1,0.087,0.085,0.082,0.082,0.085,0.083,0.085,0.083,0.073,0.088,0.086,0.087,0.084,0.088,0.29,0.087,0.089,0.084,0.097,0.135,0.083,0.087,0.101,0.09,0.089,0.09,0.115,0.09,0.088,0.091,0.092,0.094,0.078,0.087,0.09,0.092,0.095,0.09,0.089,0.089,0.091,0.088,0.09,0.091,0.083,0.086,0.093,0.092,0.093,0.088,0.09,0.088,0.087,0.092,0.089,0.092,0.086,0.075,0.088,0.087,0.087,0.085,0.088,0.086,0.088,0.092,0.09,0.089,0.073
,21:00:00,48,0.086,0.088,0.085,0.086,0.086,0.086,0.086,0.085,0.083,0.075,0.081,0.085,0.086,0.083,0.084,0.086,0.083,0.094,0.083,0.082,0.083,0.081,0.083,0.082,0.088,0.089,0.1,0.087,0.085,0.082,0.082,0.086,0.083,0.087,0.087,0.072,0.088,0.085,0.087,0.089,0.086,0.231,0.087,0.083,0.088,0.097,0.135,0.083,0.088,0.101,0.091,0.089,0.091,0.111,0.091,0.088,0.091,0.092,0.094,0.077,0.087,0.09,0.093,0.095,0.091,0.089,0.09,0.091,0.089,0.089,0.091,0.083,0.086,0.093,0.093,0.094,0.088,0.09,0.088,0.088,0.092,0.089,0.092,0.086,0.075,0.086,0.087,0.087,0.085,0.088,0.086,0.088,0.092,0.09,0.09,0.074
,21:05:00,48,0.086,0.088,0.085,0.086,0.087,0.086,0.086,0.084,0.083,0.075,0.081,0.085,0.086,0.083,0.084,0.084,0.083,0.094,0.083,0.083,0.082,0.081,0.083,0.081,0.088,0.089,0.1,0.087,0.085,0.082,0.082,0.084,0.082,0.083,0.087,0.073,0.088,0.092,0.086,0.088,0.088,0.238,0.087,0.098,0.084,0.097,0.136,0.082,0.087,0.101,0.091,0.089,0.09,0.112,0.09,0.088,0.09,0.092,0.093,0.075,0.087,0.09,0.092,0.094,0.091,0.089,0.089,0.09,0.088,0.09,0.091,0.083,0.086,0.093,0.092,0.094,0.088,0.09,0.088,0.087,0.092,0.089,0.092,0.085,0.075,0.087,0.088,0.086,0.085,0.088,0.086,0.088,0.092,0.09,0.089,0.073
,21:10:00,48,0.086,0.088,0.086,0.086,0.087,0.086,0.086,0.085,0.083,0.076,0.081,0.086,0.086,0.083,0.083,0.083,0.083,0.095,0.083,0.082,0.083,0.081,0.083,0.081,0.088,0.086,0.1,0.087,0.085,0.082,0.082,0.084,0.082,0.083,0.087,0.073,0.088,0.087,0.087,0.084,0.085,0.303,0.087,0.083,0.084,0.097,0.136,0.083,0.087,0.101,0.091,0.089,0.091,0.111,0.091,0.088,0.091,0.092,0.094,0.077,0.088,0.09,0.092,0.094,0.091,0.089,0.09,0.091,0.088,0.09,0.091,0.083,0.086,0.093,0.092,0.094,0.088,0.091,0.088,0.088,0.092,0.089,0.092,0.087,0.075,0.089,0.088,0.087,0.085,0.088,0.086,0.088,0.092,0.09,0.089,0.074
,21:15:00,48,0.087,0.088,0.086,0.086,0.087,0.086,0.086,0.085,0.083,0.077,0.081,0.085,0.086,0.083,0.084,0.083,0.083,0.095,0.083,0.082,0.084,0.081,0.083,0.082,0.089,0.088,0.1,0.087,0.085,0.083,0.083,0.084,0.083,0.088,0.087,0.073,0.089,0.086,0.087,0.089,0.089,0.272,0.087,0.087,0.084,0.096,0.137,0.082,0.087,0.101,0.091,0.089,0.091,0.11,0.09,0.088,0.091,0.092,0.093,0.076,0.087,0.09,0.092,0.095,0.091,0.089,0.09,0.091,0.088,0.09,0.091,0.083,0.086,0.093,0.092,0.093,0.088,0.09,0.089,0.088,0.091,0.09,0.092,0.086,0.075,0.085,0.088,0.087,0.085,0.088,0.086,0.088,0.092,0.09,0.089,0.074
,21:20:00,47.9,0.086,0.088,0.086,0.086,0.087,0.086,0.086,0.084,0.083,0.077,0.081,0.085,0.086,0.083,0.083,0.083,0.083,0.094,0.083,0.082,0.083,0.081,0.083,0.081,0.088,0.086,0.1,0.087,0.088,0.082,0.082,0.084,0.082,0.084,0.086,0.073,0.088,0.086,0.085,0.085,0.085,0.27,0.087,0.084,0.091,0.097,0.136,0.082,0.087,0.101,0.091,0.089,0.091,0.111,0.09,0.088,0.091,0.092,0.093,0.077,0.087,0.09,0.092,0.095,0.09,0.089,0.09,0.091,0.088,0.09,0.091,0.083,0.086,0.093,0.092,0.094,0.088,0.09,0.088,0.088,0.092,0.089,0.092,0.085,0.076,0.088,0.087,0.086,0.085,0.088,0.087,0.088,0.092,0.09,0.09,0.074
,21:25:00,47.9,0.086,0.088,0.086,0.086,0.086,0.086,0.085,0.084,0.084,0.077,0.081,0.085,0.086,0.083,0.085,0.083,0.083,0.094,0.083,0.082,0.082,0.081,0.083,0.081,0.088,0.086,0.1,0.087,0.085,0.082,0.082,0.087,0.083,0.087,0.087,0.073,0.088,0.086,0.087,0.088,0.087,0.25,0.087,0.084,0.084,0.097,0.136,0.081,0.087,0.1,0.091,0.089,0.092,0.112,0.09,0.088,0.09,0.092,0.093,0.077,0.087,0.09,0.092,0.094,0.091,0.088,0.09,0.09,0.088,0.09,0.091,0.083,0.086,0.093,0.092,0.094,0.088,0.09,0.088,0.088,0.092,0.089,0.092,0.086,0.078,0.084,0.087,0.086,0.085,0.088,0.086,0.087,0.092,0.09,0.089,0.073
,21:30:00,47.9,0.087,0.088,0.086,0.086,0.086,0.086,0.086,0.084,0.083,0.077,0.081,0.085,0.086,0.085,0.084,0.083,0.083,0.094,0.083,0.082,0.083,0.081,0.083,0.081,0.088,0.087,0.1,0.085,0.085,0.082,0.083,0.084,0.082,0.087,0.087,0.073,0.088,0.088,0.086,0.085,0.087,0.282,0.087,0.085,0.084,0.097,0.133,0.081,0.087,0.101,0.091,0.089,0.091,0.11,0.091,0.088,0.091,0.092,0.094,0.078,0.087,0.09,0.092,0.095,0.091,0.089,0.09,0.091,0.088,0.09,0.091,0.082,0.086,0.093,0.092,0.094,0.088,0.09,0.088,0.087,0.092,0.09,0.092,0.085,0.079,0.084,0.087,0.087,0.084,0.088,0.086,0.088,0.092,0.09,0.089,0.074
,21:35:00,47.9,0.086,0.088,0.086,0.087,0.086,0.086,0.086,0.085,0.083,0.078,0.081,0.085,0.086,0.098,0.084,0.083,0.084,0.095,0.083,0.082,0.083,0.081,0.083,0.082,0.089,0.09,0.1,0.087,0.085,0.083,0.083,0.085,0.082,0.087,0.088,0.073,0.089,0.087,0.086,0.084,0.085,0.249,0.088,0.084,0.085,0.098,0.134,0.081,0.087,0.101,0.091,0.089,0.091,0.112,0.091,0.088,0.091,0.092,0.094,0.077,0.088,0.09,0.093,0.095,0.091,0.089,0.09,0.091,0.088,0.09,0.091,0.082,0.086,0.093,0.092,0.094,0.088,0.09,0.089,0.088,0.092,0.089,0.092,0.086,0.08,0.086,0.088,0.087,0.085,0.089,0.087,0.088,0.093,0.091,0.09,0.074
,21:40:00,48,0.086,0.088,0.086,0.087,0.086,0.086,0.086,0.085,0.083,0.078,0.081,0.085,0.086,0.096,0.084,0.083,0.083,0.095,0.083,0.082,0.083,0.081,0.083,0.081,0.088,0.087,0.1,0.087,0.086,0.083,0.082,0.086,0.083,0.087,0.087,0.073,0.088,0.09,0.087,0.084,0.085,0.284,0.088,0.099,0.086,0.1,0.136,0.081,0.088,0.101,0.091,0.089,0.091,0.11,0.091,0.088,0.091,0.092,0.094,0.077,0.088,0.09,0.092,0.095,0.091,0.089,0.09,0.091,0.088,0.09,0.091,0.082,0.087,0.093,0.092,0.094,0.088,0.09,0.089,0.088,0.092,0.089,0.092,0.085,0.08,0.084,0.088,0.087,0.084,0.089,0.087,0.088,0.092,0.09,0.089,0.074
,21:45:00,48,0.086,0.088,0.086,0.086,0.087,0.086,0.085,0.084,0.083,0.077,0.081,0.085,0.086,0.095,0.085,0.083,0.083,0.094,0.083,0.082,0.083,0.081,0.083,0.081,0.088,0.087,0.1,0.087,0.085,0.083,0.082,0.085,0.083,0.085,0.088,0.072,0.088,0.085,0.086,0.084,0.089,0.261,0.088,0.084,0.084,0.101,0.134,0.08,0.087,0.101,0.091,0.089,0.091,0.111,0.09,0.088,0.091,0.092,0.093,0.078,0.087,0.09,0.091,0.095,0.091,0.089,0.09,0.091,0.089,0.09,0.091,0.081,0.086,0.093,0.092,0.094,0.088,0.09,0.089,0.088,0.092,0.089,0.092,0.085,0.08,0.086,0.089,0.086,0.085,0.088,0.087,0.087,0.092,0.091,0.09,0.074
,21:50:00,48,0.086,0.088,0.085,0.086,0.087,0.086,0.086,0.084,0.083,0.077,0.081,0.086,0.086,0.083,0.083,0.083,0.083,0.094,0.083,0.082,0.083,0.081,0.083,0.081,0.088,0.091,0.1,0.087,0.085,0.082,0.083,0.085,0.082,0.088,0.088,0.073,0.088,0.091,0.085,0.091,0.087,0.276,0.088,0.094,0.085,0.1,0.135,0.08,0.087,0.101,0.091,0.089,0.091,0.11,0.091,0.088,0.091,0.092,0.094,0.078,0.087,0.09,0.092,0.095,0.091,0.089,0.09,0.091,0.088,0.09,0.091,0.08,0.086,0.093,0.092,0.094,0.088,0.09,0.089,0.088,0.092,0.089,0.092,0.085,0.08,0.084,0.088,0.087,0.085,0.088,0.086,0.088,0.092,0.091,0.089,0.074
,21:55:00,48,0.087,0.088,0.086,0.087,0.087,0.086,0.086,0.085,0.083,0.078,0.081,0.086,0.086,0.083,0.085,0.083,0.083,0.094,0.084,0.082,0.083,0.081,0.083,0.082,0.088,0.086,0.101,0.087,0.086,0.083,0.083,0.084,0.083,0.087,0.088,0.073,0.089,0.087,0.086,0.088,0.09,0.228,0.088,0.092,0.085,0.1,0.135,0.08,0.087,0.101,0.091,0.089,0.091,0.111,0.09,0.088,0.091,0.093,0.094,0.078,0.088,0.09,0.092,0.095,0.091,0.089,0.09,0.091,0.089,0.09,0.092,0.08,0.086,0.093,0.093,0.094,0.088,0.09,0.089,0.088,0.092,0.089,0.092,0.085,0.081,0.084,0.088,0.087,0.085,0.089,0.086,0.088,0.092,0.091,0.09,0.074
,22:00:00,47.9,0.086,0.088,0.086,0.086,0.086,0.086,0.086,0.084,0.083,0.078,0.081,0.086,0.086,0.083,0.083,0.085,0.083,0.095,0.083,0.082,0.083,0.081,0.083,0.081,0.089,0.089,0.101,0.087,0.088,0.082,0.083,0.087,0.082,0.084,0.088,0.073,0.088,0.088,0.087,0.085,0.086,0.276,0.088,0.093,0.085,0.1,0.134,0.079,0.087,0.101,0.091,0.089,0.091,0.112,0.09,0.088,0.091,0.092,0.094,0.079,0.087,0.09,0.092,0.095,0.091,0.089,0.09,0.091,0.088,0.089,0.092,0.079,0.086,0.093,0.092,0.094,0.088,0.091,0.088,0.088,0.092,0.09,0.092,0.085,0.08,0.09,0.088,0.087,0.084,0.089,0.087,0.088,0.092,0.091,0.089,0.074
,,,,,,,,,,,,,,,,,,,,,,,,,,,,,,,,,,,,,,,,,,,,,,,,,,,,,,,,,,,,,,,,,,,,,,,,,,,,,,,,,,,,,,,,,,,,,,,,,,
Results,,,,,,,,,,,,,,,,,,,,,,,,,,,,,,,,,,,,,,,,,,,,,,,,,,,,,,,,,,,,,,,,,,,,,,,,,,,,,,,,,,,,,,,,,,,,,,,,,,
,,,,,,,,,,,,,,,,,,,,,,,,,,,,,,,,,,,,,,,,,,,,,,,,,,,,,,,,,,,,,,,,,,,,,,,,,,,,,,,,,,,,,,,,,,,,,,,,,,
,,1,2,3,4,5,6,7,8,9,10,11,12,,,,,,,,,,,,,,,,,,,,,,,,,,,,,,,,,,,,,,,,,,,,,,,,,,,,,,,,,,,,,,,,,,,,,,,,,,,,,,,,,,,,,
,A,-0.06,0.06,0.18,0.06,0.06,0.06,0.08,-0.06,-0.06,-0.18,0.22,0.4,Max V [600],,,,,,,,,,,,,,,,,,,,,,,,,,,,,,,,,,,,,,,,,,,,,,,,,,,,,,,,,,,,,,,,,,,,,,,,,,,,,,,,,,,,
,,0.75,0.75,0.88,0.75,0.75,0.75,0.8,0.75,0.75,0.614,0.945,0.885,R-Squared [600],,,,,,,,,,,,,,,,,,,,,,,,,,,,,,,,,,,,,,,,,,,,,,,,,,,,,,,,,,,,,,,,,,,,,,,,,,,,,,,,,,,,
,,13:45:00,15:50:00,6:40:00,11:30:00,21:40:00,11:30:00,3:00:00,3:40:00,14:20:00,20:35:00,19:30:00,14:20:00,t at Max V [600],,,,,,,,,,,,,,,,,,,,,,,,,,,,,,,,,,,,,,,,,,,,,,,,,,,,,,,,,,,,,,,,,,,,,,,,,,,,,,,,,,,,
,,13:21:40,15:23:20,6:47:47,11:40:00,?????,11:53:20,3:12:30,3:33:20,13:56:40,19:26:07,20:11:49,14:41:00,Lagtime [600],,,,,,,,,,,,,,,,,,,,,,,,,,,,,,,,,,,,,,,,,,,,,,,,,,,,,,,,,,,,,,,,,,,,,,,,,,,,,,,,,,,,
,B,-0.08,-0.94,0.14,0.3,-0.08,0.26,-0.06,-0.12,-0.08,-0.04,-0.12,0.2,Max V [600],,,,,,,,,,,,,,,,,,,,,,,,,,,,,,,,,,,,,,,,,,,,,,,,,,,,,,,,,,,,,,,,,,,,,,,,,,,,,,,,,,,,
,,0.571,0.795,0.721,0.865,0.333,0.587,0.75,0.75,0.571,0.5,0.75,0.781,R-Squared [600],,,,,,,,,,,,,,,,,,,,,,,,,,,,,,,,,,,,,,,,,,,,,,,,,,,,,,,,,,,,,,,,,,,,,,,,,,,,,,,,,,,,
,,2:30:00,9:05:00,15:45:00,16:05:00,16:20:00,0:10:00,5:00:00,4:40:00,16:25:00,16:25:00,18:05:00,17:30:00,t at Max V [600],,,,,,,,,,,,,,,,,,,,,,,,,,,,,,,,,,,,,,,,,,,,,,,,,,,,,,,,,,,,,,,,,,,,,,,,,,,,,,,,,,,,
,,2:27:30,9:10:19,15:43:34,16:01:40,15:57:30,?????,4:36:40,4:41:40,16:15:00,16:05:00,17:50:00,18:19:00,Lagtime [600],,,,,,,,,,,,,,,,,,,,,,,,,,,,,,,,,,,,,,,,,,,,,,,,,,,,,,,,,,,,,,,,,,,,,,,,,,,,,,,,,,,,
,C,0.06,0.24,-0.64,-0.2,0.14,-0.08,-0.06,0.18,-0.06,-0.24,-0.18,-0.16,Max V [600],,,,,,,,,,,,,,,,,,,,,,,,,,,,,,,,,,,,,,,,,,,,,,,,,,,,,,,,,,,,,,,,,,,,,,,,,,,,,,,,,,,,
,,0.75,0.75,0.5,0.926,0.817,0.5,0.75,0.92,0.321,0.692,0.675,0.889,R-Squared [600],,,,,,,,,,,,,,,,,,,,,,,,,,,,,,,,,,,,,,,,,,,,,,,,,,,,,,,,,,,,,,,,,,,,,,,,,,,,,,,,,,,,
,,13:45:00,19:40:00,12:25:00,1:40:00,18:35:00,19:30:00,19:30:00,20:00:00,19:30:00,21:00:00,20:45:00,16:20:00,t at Max V [600],,,,,,,,,,,,,,,,,,,,,,,,,,,,,,,,,,,,,,,,,,,,,,,,,,,,,,,,,,,,,,,,,,,,,,,,,,,,,,,,,,,,
,,13:51:40,19:41:40,12:34:04,1:46:00,18:35:00,19:22:30,19:06:40,19:53:20,19:10:00,21:05:00,20:56:07,15:27:30,Lagtime [600],,,,,,,,,,,,,,,,,,,,,,,,,,,,,,,,,,,,,,,,,,,,,,,,,,,,,,,,,,,,,,,,,,,,,,,,,,,,,,,,,,,,
,D,0.06,0.4,0.14,-0.32,0.32,5.42,0.1,0.9,0.36,0.22,0.26,0.2,Max V [600],,,,,,,,,,,,,,,,,,,,,,,,,,,,,,,,,,,,,,,,,,,,,,,,,,,,,,,,,,,,,,,,,,,,,,,,,,,,,,,,,,,,
,,0.75,0.926,0.721,0.61,0.8,0.938,0.625,0.807,0.786,0.917,0.728,1,R-Squared [600],,,,,,,,,,,,,,,,,,,,,,,,,,,,,,,,,,,,,,,,,,,,,,,,,,,,,,,,,,,,,,,,,,,,,,,,,,,,,,,,,,,,
,,14:45:00,20:00:00,18:35:00,9:00:00,18:50:00,20:40:00,10:45:00,16:00:00,19:05:00,21:35:00,11:35:00,20:05:00,t at Max V [600],,,,,,,,,,,,,,,,,,,,,,,,,,,,,,,,,,,,,,,,,,,,,,,,,,,,,,,,,,,,,,,,,,,,,,,,,,,,,,,,,,,,
,,14:35:00,19:53:30,18:29:17,9:09:23,18:40:38,20:07:05,10:35:00,15:52:27,19:06:07,20:33:11,11:18:05,21:05:00,Lagtime [600],,,,,,,,,,,,,,,,,,,,,,,,,,,,,,,,,,,,,,,,,,,,,,,,,,,,,,,,,,,,,,,,,,,,,,,,,,,,,,,,,,,,
,E,0.06,0.58,-0.12,-0.06,-0.36,0.28,0.1,0.06,0.2,0.08,0.1,-0.14,Max V [600],,,,,,,,,,,,,,,,,,,,,,,,,,,,,,,,,,,,,,,,,,,,,,,,,,,,,,,,,,,,,,,,,,,,,,,,,,,,,,,,,,,,
,,0.75,0.689,0.9,0.75,0.675,0.79,0.893,0.45,0.658,0.8,0.781,0.942,R-Squared [600],,,,,,,,,,,,,,,,,,,,,,,,,,,,,,,,,,,,,,,,,,,,,,,,,,,,,,,,,,,,,,,,,,,,,,,,,,,,,,,,,,,,
,,17:10:00,2:50:00,5:40:00,0:30:00,0:10:00,20:45:00,16:55:00,3:00:00,17:20:00,4:05:00,14:10:00,18:35:00,t at Max V [600],,,,,,,,,,,,,,,,,,,,,,,,,,,,,,,,,,,,,,,,,,,,,,,,,,,,,,,,,,,,,,,,,,,,,,,,,,,,,,,,,,,,
,,17:20:00,2:46:33,5:23:20,0:20:00,?????,19:34:17,17:07:00,3:16:40,17:27:00,4:17:30,14:04:00,17:49:17,Lagtime [600],,,,,,,,,,,,,,,,,,,,,,,,,,,,,,,,,,,,,,,,,,,,,,,,,,,,,,,,,,,,,,,,,,,,,,,,,,,,,,,,,,,,
,F,-0.06,0.06,0.1,0.12,0.04,-0.06,0.06,0.08,0.06,0.06,0.08,-0.14,Max V [600],,,,,,,,,,,,,,,,,,,,,,,,,,,,,,,,,,,,,,,,,,,,,,,,,,,,,,,,,,,,,,,,,,,,,,,,,,,,,,,,,,,,
,,0.75,0.75,0.781,0.5,0.5,0.75,0.75,0.571,0.75,0.75,0.571,0.942,R-Squared [600],,,,,,,,,,,,,,,,,,,,,,,,,,,,,,,,,,,,,,,,,,,,,,,,,,,,,,,,,,,,,,,,,,,,,,,,,,,,,,,,,,,,
,,14:25:00,9:15:00,17:25:00,2:00:00,16:05:00,0:35:00,17:40:00,1:55:00,16:30:00,7:20:00,16:15:00,21:50:00,t at Max V [600],,,,,,,,,,,,,,,,,,,,,,,,,,,,,,,,,,,,,,,,,,,,,,,,,,,,,,,,,,,,,,,,,,,,,,,,,,,,,,,,,,,,
,,14:18:20,9:55:00,17:31:00,2:11:40,16:50:00,0:28:20,18:03:20,2:05:00,16:53:20,8:00:00,16:37:30,20:55:43,Lagtime [600],,,,,,,,,,,,,,,,,,,,,,,,,,,,,,,,,,,,,,,,,,,,,,,,,,,,,,,,,,,,,,,,,,,,,,,,,,,,,,,,,,,,
,G,0.06,0.06,-1,0.08,0.08,0.06,-0.06,-0.06,-0.06,0.06,-0.1,-0.08,Max V [600],,,,,,,,,,,,,,,,,,,,,,,,,,,,,,,,,,,,,,,,,,,,,,,,,,,,,,,,,,,,,,,,,,,,,,,,,,,,,,,,,,,,
,,0.75,0.75,0.793,0.571,0.571,0.75,0.75,0.75,0.75,0.75,0.781,0.571,R-Squared [600],,,,,,,,,,,,,,,,,,,,,,,,,,,,,,,,,,,,,,,,,,,,,,,,,,,,,,,,,,,,,,,,,,,,,,,,,,,,,,,,,,,,
,,18:40:00,0:15:00,0:10:00,3:00:00,7:20:00,13:25:00,13:25:00,19:30:00,9:00:00,13:25:00,1:35:00,21:20:00,t at Max V [600],,,,,,,,,,,,,,,,,,,,,,,,,,,,,,,,,,,,,,,,,,,,,,,,,,,,,,,,,,,,,,,,,,,,,,,,,,,,,,,,,,,,
,,18:50:00,0:25:00,?????,2:57:30,7:17:30,13:48:20,13:01:40,19:06:40,8:33:20,13:31:40,1:21:00,20:40:00,Lagtime [600],,,,,,,,,,,,,,,,,,,,,,,,,,,,,,,,,,,,,,,,,,,,,,,,,,,,,,,,,,,,,,,,,,,,,,,,,,,,,,,,,,,,
,H,0.26,-0.22,0.1,-0.06,0.06,0.06,0.1,0.06,0.06,-0.32,0.1,-0.18,Max V [600],,,,,,,,,,,,,,,,,,,,,,,,,,,,,,,,,,,,,,,,,,,,,,,,,,,,,,,,,,,,,,,,,,,,,,,,,,,,,,,,,,,,
,,0.983,0.55,0.893,0.75,0.75,0.75,0.781,0.75,0.75,0.771,0.893,0.614,R-Squared [600],,,,,,,,,,,,,,,,,,,,,,,,,,,,,,,,,,,,,,,,,,,,,,,,,,,,,,,,,,,,,,,,,,,,,,,,,,,,,,,,,,,,
,,21:25:00,21:20:00,21:35:00,14:25:00,11:30:00,17:40:00,18:40:00,1:45:00,7:55:00,0:45:00,18:25:00,13:55:00,t at Max V [600],,,,,,,,,,,,,,,,,,,,,,,,,,,,,,,,,,,,,,,,,,,,,,,,,,,,,,,,,,,,,,,,,,,,,,,,,,,,,,,,,,,,
,,?????,21:15:27,21:57:00,13:45:00,11:36:40,18:06:40,18:44:00,1:55:00,8:01:40,0:46:15,18:27:00,13:51:40,Lagtime [600],,,,,,,,,,,,,,,,,,,,,,,,,,,,,,,,,,,,,,,,,,,,,,,,,,,,,,,,,,,,,,,,,,,,,,,,,,,,,,,,,,,,
