Software Version,3.11.19,,,,,,,,,,,,,,,,,,,,,,,,,,,,,,,,,,,,,,,,,,,,,,,,,,,,,,,,,,,,,,,,,,,,,,,,,,,,,,,,,,,,,,,,,,,,,,,,,
,,,,,,,,,,,,,,,,,,,,,,,,,,,,,,,,,,,,,,,,,,,,,,,,,,,,,,,,,,,,,,,,,,,,,,,,,,,,,,,,,,,,,,,,,,,,,,,,,,
Experiment File Path:,C:\Users\Public\Documents\Experiments\Experiment1.xpt,,,,,,,,,,,,,,,,,,,,,,,,,,,,,,,,,,,,,,,,,,,,,,,,,,,,,,,,,,,,,,,,,,,,,,,,,,,,,,,,,,,,,,,,,,,,,,,,,
Protocol File Path:,C:\Users\aljelab\Documents\Plate Reader Data\Edward Liu\PROT\RIFRxT 40c.prt,,,,,,,,,,,,,,,,,,,,,,,,,,,,,,,,,,,,,,,,,,,,,,,,,,,,,,,,,,,,,,,,,,,,,,,,,,,,,,,,,,,,,,,,,,,,,,,,,
Plate Number,Plate 2,,,,,,,,,,,,,,,,,,,,,,,,,,,,,,,,,,,,,,,,,,,,,,,,,,,,,,,,,,,,,,,,,,,,,,,,,,,,,,,,,,,,,,,,,,,,,,,,,
Date,24/07/2026,,,,,,,,,,,,,,,,,,,,,,,,,,,,,,,,,,,,,,,,,,,,,,,,,,,,,,,,,,,,,,,,,,,,,,,,,,,,,,,,,,,,,,,,,,,,,,,,,
Time,10:35:07 AM,,,,,,,,,,,,,,,,,,,,,,,,,,,,,,,,,,,,,,,,,,,,,,,,,,,,,,,,,,,,,,,,,,,,,,,,,,,,,,,,,,,,,,,,,,,,,,,,,
Reader Type:,Epoch 2,,,,,,,,,,,,,,,,,,,,,,,,,,,,,,,,,,,,,,,,,,,,,,,,,,,,,,,,,,,,,,,,,,,,,,,,,,,,,,,,,,,,,,,,,,,,,,,,,
Reader Serial Number:,1411241A,,,,,,,,,,,,,,,,,,,,,,,,,,,,,,,,,,,,,,,,,,,,,,,,,,,,,,,,,,,,,,,,,,,,,,,,,,,,,,,,,,,,,,,,,,,,,,,,,
Reading Type,Reader,,,,,,,,,,,,,,,,,,,,,,,,,,,,,,,,,,,,,,,,,,,,,,,,,,,,,,,,,,,,,,,,,,,,,,,,,,,,,,,,,,,,,,,,,,,,,,,,,
Plate Type,96 WELL PLATE (Use plate lid),,,,,,,,,,,,,,,,,,,,,,,,,,,,,,,,,,,,,,,,,,,,,,,,,,,,,,,,,,,,,,,,,,,,,,,,,,,,,,,,,,,,,,,,,,,,,,,,,
Eject plate on completion,,,,,,,,,,,,,,,,,,,,,,,,,,,,,,,,,,,,,,,,,,,,,,,,,,,,,,,,,,,,,,,,,,,,,,,,,,,,,,,,,,,,,,,,,,,,,,,,,,
Set Temperature,"Setpoint 40°C, Gradient 0 °C",,,,,,,,,,,,,,,,,,,,,,,,,,,,,,,,,,,,,,,,,,,,,,,,,,,,,,,,,,,,,,,,,,,,,,,,,,,,,,,,,,,,,,,,,,,,,,,,,
,Preheat before moving to next step,,,,,,,,,,,,,,,,,,,,,,,,,,,,,,,,,,,,,,,,,,,,,,,,,,,,,,,,,,,,,,,,,,,,,,,,,,,,,,,,,,,,,,,,,,,,,,,,,
Start Kinetic,"Runtime 22:00:00 (HH:MM:SS), Interval 0:05:00, 265 Reads",,,,,,,,,,,,,,,,,,,,,,,,,,,,,,,,,,,,,,,,,,,,,,,,,,,,,,,,,,,,,,,,,,,,,,,,,,,,,,,,,,,,,,,,,,,,,,,,,
    Shake,Linear: Continuous,,,,,,,,,,,,,,,,,,,,,,,,,,,,,,,,,,,,,,,,,,,,,,,,,,,,,,,,,,,,,,,,,,,,,,,,,,,,,,,,,,,,,,,,,,,,,,,,,
,Frequency: 567 cpm (3 mm),,,,,,,,,,,,,,,,,,,,,,,,,,,,,,,,,,,,,,,,,,,,,,,,,,,,,,,,,,,,,,,,,,,,,,,,,,,,,,,,,,,,,,,,,,,,,,,,,
    Read,Absorbance Endpoint,,,,,,,,,,,,,,,,,,,,,,,,,,,,,,,,,,,,,,,,,,,,,,,,,,,,,,,,,,,,,,,,,,,,,,,,,,,,,,,,,,,,,,,,,,,,,,,,,
,Full Plate,,,,,,,,,,,,,,,,,,,,,,,,,,,,,,,,,,,,,,,,,,,,,,,,,,,,,,,,,,,,,,,,,,,,,,,,,,,,,,,,,,,,,,,,,,,,,,,,,
,Wavelengths:  600,,,,,,,,,,,,,,,,,,,,,,,,,,,,,,,,,,,,,,,,,,,,,,,,,,,,,,,,,,,,,,,,,,,,,,,,,,,,,,,,,,,,,,,,,,,,,,,,,
,"Read Speed: Normal,  Delay: 100 msec,  Measurements/Data Point: 8",,,,,,,,,,,,,,,,,,,,,,,,,,,,,,,,,,,,,,,,,,,,,,,,,,,,,,,,,,,,,,,,,,,,,,,,,,,,,,,,,,,,,,,,,,,,,,,,,
End Kinetic,,,,,,,,,,,,,,,,,,,,,,,,,,,,,,,,,,,,,,,,,,,,,,,,,,,,,,,,,,,,,,,,,,,,,,,,,,,,,,,,,,,,,,,,,,,,,,,,,,
,,,,,,,,,,,,,,,,,,,,,,,,,,,,,,,,,,,,,,,,,,,,,,,,,,,,,,,,,,,,,,,,,,,,,,,,,,,,,,,,,,,,,,,,,,,,,,,,,,
600,,,,,,,,,,,,,,,,,,,,,,,,,,,,,,,,,,,,,,,,,,,,,,,,,,,,,,,,,,,,,,,,,,,,,,,,,,,,,,,,,,,,,,,,,,,,,,,,,,
,,,,,,,,,,,,,,,,,,,,,,,,,,,,,,,,,,,,,,,,,,,,,,,,,,,,,,,,,,,,,,,,,,,,,,,,,,,,,,,,,,,,,,,,,,,,,,,,,,
,Time,T° 600,A1,A2,A3,A4,A5,A6,A7,A8,A9,A10,A11,A12,B1,B2,B3,B4,B5,B6,B7,B8,B9,B10,B11,B12,C1,C2,C3,C4,C5,C6,C7,C8,C9,C10,C11,C12,D1,D2,D3,D4,D5,D6,D7,D8,D9,D10,D11,D12,E1,E2,E3,E4,E5,E6,E7,E8,E9,E10,E11,E12,F1,F2,F3,F4,F5,F6,F7,F8,F9,F10,F11,F12,G1,G2,G3,G4,G5,G6,G7,G8,G9,G10,G11,G12,H1,H2,H3,H4,H5,H6,H7,H8,H9,H10,H11,H12
,0:04:16,40,0.09,0.089,0.086,0.086,0.087,0.087,0.086,0.087,0.088,0.088,0.086,0.089,0.086,0.085,0.091,0.083,0.084,0.084,0.082,0.085,0.084,0.083,0.082,0.088,0.087,0.088,0.084,0.085,0.086,0.085,0.084,0.087,0.087,0.088,0.09,0.089,0.088,0.088,0.097,0.091,0.201,0.091,0.09,0.097,0.085,0.087,0.088,0.088,0.087,0.107,0.106,0.099,0.11,0.114,0.106,0.11,0.11,0.109,0.113,0.09,0.087,0.109,0.086,0.108,0.108,0.104,0.099,0.107,0.109,0.108,0.109,0.092,0.088,0.102,0.106,0.104,0.123,0.116,0.106,0.107,0.108,0.112,0.108,0.088,0.087,0.086,0.086,0.087,0.088,0.087,0.085,0.089,0.085,0.086,0.086,0.085
,0:09:16,40,0.09,0.088,0.086,0.087,0.087,0.087,0.087,0.087,0.088,0.087,0.087,0.089,0.087,0.085,0.086,0.084,0.084,0.085,0.082,0.085,0.084,0.083,0.082,0.089,0.087,0.088,0.085,0.085,0.087,0.086,0.084,0.086,0.087,0.089,0.09,0.088,0.088,0.089,0.1,0.092,0.116,0.093,0.091,0.098,0.086,0.087,0.088,0.088,0.088,0.106,0.107,0.099,0.109,0.107,0.107,0.11,0.111,0.109,0.113,0.091,0.088,0.109,0.087,0.109,0.107,0.106,0.102,0.106,0.11,0.107,0.109,0.089,0.089,0.102,0.106,0.104,0.106,0.111,0.107,0.109,0.109,0.105,0.109,0.091,0.087,0.087,0.087,0.088,0.088,0.087,0.086,0.088,0.086,0.087,0.087,0.086
,0:14:16,40,0.09,0.087,0.086,0.086,0.087,0.087,0.087,0.087,0.088,0.087,0.087,0.089,0.086,0.084,0.091,0.083,0.083,0.083,0.082,0.084,0.084,0.083,0.082,0.088,0.087,0.088,0.084,0.085,0.086,0.086,0.084,0.086,0.087,0.088,0.089,0.088,0.088,0.089,0.097,0.092,0.105,0.09,0.09,0.097,0.085,0.086,0.088,0.088,0.087,0.105,0.106,0.098,0.108,0.106,0.105,0.108,0.111,0.109,0.113,0.09,0.087,0.108,0.086,0.108,0.107,0.106,0.099,0.105,0.109,0.109,0.108,0.089,0.088,0.102,0.105,0.103,0.105,0.109,0.106,0.108,0.109,0.102,0.108,0.091,0.087,0.086,0.086,0.088,0.088,0.087,0.086,0.087,0.086,0.086,0.087,0.086
,0:19:16,40,0.089,0.087,0.085,0.086,0.086,0.086,0.086,0.087,0.088,0.086,0.086,0.088,0.086,0.084,0.085,0.082,0.083,0.083,0.081,0.084,0.084,0.082,0.082,0.087,0.086,0.087,0.084,0.085,0.086,0.086,0.083,0.086,0.086,0.087,0.089,0.087,0.087,0.087,0.094,0.091,0.101,0.089,0.09,0.096,0.085,0.086,0.087,0.087,0.087,0.105,0.105,0.097,0.107,0.105,0.104,0.107,0.11,0.108,0.112,0.09,0.087,0.107,0.086,0.107,0.106,0.106,0.097,0.104,0.109,0.107,0.107,0.089,0.088,0.1,0.104,0.103,0.105,0.108,0.105,0.108,0.108,0.101,0.107,0.09,0.086,0.086,0.086,0.087,0.087,0.086,0.085,0.087,0.085,0.086,0.086,0.085
,0:24:16,40,0.089,0.087,0.085,0.086,0.086,0.086,0.086,0.087,0.088,0.086,0.086,0.088,0.086,0.084,0.085,0.082,0.083,0.082,0.081,0.085,0.083,0.082,0.082,0.087,0.087,0.088,0.084,0.085,0.088,0.085,0.084,0.086,0.086,0.088,0.088,0.087,0.087,0.087,0.093,0.09,0.102,0.088,0.089,0.095,0.085,0.085,0.087,0.088,0.087,0.106,0.104,0.097,0.106,0.105,0.104,0.107,0.11,0.107,0.109,0.09,0.087,0.107,0.086,0.106,0.108,0.111,0.097,0.104,0.109,0.107,0.107,0.089,0.088,0.101,0.103,0.103,0.107,0.108,0.104,0.107,0.108,0.101,0.106,0.09,0.086,0.086,0.086,0.087,0.087,0.087,0.085,0.087,0.085,0.086,0.087,0.086
,0:29:16,40,0.09,0.087,0.086,0.086,0.087,0.087,0.087,0.087,0.088,0.087,0.087,0.089,0.087,0.084,0.085,0.083,0.083,0.082,0.082,0.085,0.084,0.083,0.082,0.088,0.087,0.088,0.084,0.085,0.087,0.085,0.084,0.086,0.087,0.088,0.089,0.088,0.088,0.087,0.092,0.09,0.104,0.088,0.09,0.095,0.085,0.086,0.087,0.088,0.087,0.106,0.103,0.097,0.106,0.104,0.104,0.108,0.109,0.107,0.11,0.09,0.087,0.107,0.086,0.106,0.106,0.112,0.097,0.104,0.11,0.107,0.108,0.089,0.088,0.101,0.103,0.103,0.108,0.11,0.104,0.108,0.108,0.102,0.105,0.091,0.087,0.086,0.086,0.087,0.088,0.087,0.086,0.087,0.086,0.086,0.087,0.086
,0:34:16,40,0.089,0.087,0.086,0.086,0.087,0.087,0.086,0.087,0.088,0.087,0.087,0.089,0.086,0.084,0.085,0.083,0.083,0.082,0.081,0.086,0.083,0.083,0.082,0.088,0.087,0.088,0.084,0.085,0.087,0.085,0.083,0.086,0.087,0.088,0.088,0.087,0.088,0.087,0.092,0.09,0.105,0.088,0.09,0.095,0.085,0.086,0.087,0.088,0.087,0.107,0.103,0.097,0.106,0.103,0.104,0.11,0.11,0.107,0.107,0.09,0.087,0.106,0.086,0.105,0.106,0.112,0.098,0.104,0.109,0.108,0.107,0.089,0.088,0.101,0.102,0.102,0.108,0.107,0.104,0.108,0.107,0.103,0.104,0.09,0.086,0.086,0.086,0.087,0.088,0.087,0.086,0.087,0.085,0.086,0.087,0.086
,0:39:16,40,0.09,0.088,0.086,0.086,0.087,0.087,0.087,0.088,0.088,0.087,0.087,0.089,0.088,0.084,0.086,0.084,0.085,0.082,0.082,0.088,0.084,0.083,0.082,0.088,0.087,0.09,0.084,0.085,0.09,0.087,0.084,0.087,0.087,0.088,0.089,0.088,0.088,0.087,0.092,0.09,0.106,0.088,0.09,0.096,0.086,0.086,0.087,0.088,0.087,0.107,0.103,0.097,0.106,0.104,0.104,0.112,0.111,0.107,0.107,0.09,0.087,0.106,0.086,0.105,0.107,0.112,0.099,0.104,0.109,0.108,0.106,0.089,0.088,0.101,0.102,0.103,0.11,0.108,0.104,0.108,0.107,0.105,0.105,0.091,0.087,0.086,0.086,0.088,0.088,0.087,0.086,0.088,0.086,0.086,0.087,0.086
,0:44:16,40,0.09,0.088,0.086,0.086,0.087,0.087,0.087,0.088,0.088,0.087,0.087,0.089,0.087,0.084,0.087,0.085,0.083,0.082,0.082,0.088,0.083,0.083,0.082,0.088,0.087,0.088,0.084,0.085,0.087,0.086,0.084,0.087,0.087,0.088,0.089,0.088,0.088,0.087,0.092,0.09,0.106,0.088,0.09,0.095,0.086,0.086,0.087,0.088,0.087,0.108,0.104,0.098,0.106,0.106,0.104,0.114,0.11,0.107,0.106,0.09,0.087,0.106,0.086,0.105,0.107,0.113,0.1,0.105,0.109,0.108,0.105,0.089,0.088,0.101,0.102,0.103,0.111,0.109,0.103,0.107,0.108,0.107,0.104,0.091,0.086,0.086,0.086,0.087,0.088,0.087,0.086,0.088,0.086,0.086,0.087,0.086
,0:49:16,40,0.089,0.087,0.086,0.086,0.087,0.087,0.087,0.087,0.088,0.086,0.087,0.088,0.086,0.084,0.086,0.085,0.083,0.081,0.081,0.088,0.083,0.082,0.082,0.087,0.087,0.088,0.084,0.085,0.089,0.084,0.083,0.087,0.087,0.089,0.089,0.087,0.088,0.088,0.092,0.09,0.107,0.088,0.09,0.096,0.085,0.086,0.087,0.088,0.087,0.108,0.103,0.098,0.106,0.104,0.105,0.118,0.11,0.106,0.107,0.09,0.087,0.106,0.086,0.105,0.108,0.113,0.101,0.104,0.109,0.109,0.106,0.089,0.088,0.1,0.102,0.103,0.113,0.11,0.104,0.107,0.107,0.109,0.104,0.09,0.086,0.086,0.086,0.087,0.088,0.087,0.085,0.087,0.085,0.086,0.087,0.086
,0:54:16,40,0.089,0.087,0.086,0.086,0.087,0.087,0.087,0.087,0.088,0.087,0.086,0.088,0.086,0.084,0.089,0.087,0.083,0.081,0.081,0.089,0.083,0.082,0.082,0.087,0.087,0.088,0.084,0.085,0.09,0.084,0.084,0.087,0.087,0.088,0.089,0.087,0.088,0.087,0.092,0.09,0.106,0.088,0.09,0.096,0.085,0.086,0.087,0.088,0.087,0.107,0.103,0.099,0.107,0.106,0.106,0.122,0.11,0.106,0.106,0.09,0.087,0.106,0.086,0.106,0.108,0.113,0.102,0.107,0.109,0.108,0.106,0.089,0.088,0.1,0.102,0.103,0.115,0.111,0.103,0.107,0.107,0.112,0.105,0.09,0.086,0.086,0.086,0.087,0.088,0.087,0.085,0.087,0.085,0.086,0.087,0.086
,0:59:16,40,0.089,0.087,0.086,0.086,0.087,0.087,0.087,0.087,0.088,0.087,0.087,0.088,0.087,0.084,0.099,0.088,0.085,0.081,0.081,0.09,0.083,0.082,0.082,0.087,0.087,0.088,0.084,0.085,0.09,0.085,0.084,0.087,0.087,0.089,0.089,0.087,0.088,0.087,0.093,0.09,0.107,0.088,0.09,0.097,0.086,0.086,0.087,0.088,0.087,0.107,0.103,0.099,0.107,0.107,0.106,0.127,0.11,0.106,0.106,0.09,0.087,0.106,0.086,0.106,0.109,0.114,0.105,0.105,0.109,0.108,0.106,0.089,0.088,0.1,0.103,0.103,0.118,0.114,0.104,0.107,0.108,0.116,0.105,0.091,0.086,0.086,0.086,0.087,0.088,0.087,0.085,0.087,0.085,0.086,0.087,0.086
,1:04:16,40,0.089,0.087,0.086,0.086,0.087,0.086,0.086,0.086,0.087,0.086,0.086,0.088,0.086,0.083,0.086,0.087,0.083,0.08,0.081,0.089,0.082,0.082,0.081,0.087,0.086,0.087,0.083,0.084,0.089,0.084,0.083,0.086,0.086,0.089,0.089,0.086,0.087,0.087,0.091,0.089,0.107,0.088,0.089,0.096,0.085,0.085,0.087,0.087,0.086,0.107,0.103,0.099,0.107,0.112,0.106,0.132,0.108,0.106,0.105,0.089,0.086,0.105,0.085,0.106,0.109,0.114,0.106,0.106,0.108,0.109,0.105,0.088,0.088,0.099,0.104,0.102,0.12,0.115,0.103,0.106,0.108,0.119,0.104,0.091,0.086,0.085,0.085,0.087,0.087,0.086,0.085,0.087,0.085,0.086,0.086,0.085
,1:09:16,40,0.089,0.087,0.086,0.086,0.087,0.087,0.087,0.087,0.088,0.087,0.086,0.088,0.086,0.084,0.098,0.089,0.085,0.082,0.081,0.091,0.083,0.083,0.082,0.087,0.087,0.088,0.084,0.085,0.092,0.085,0.084,0.087,0.087,0.089,0.089,0.088,0.088,0.088,0.093,0.09,0.108,0.088,0.091,0.098,0.085,0.086,0.088,0.088,0.087,0.108,0.103,0.101,0.109,0.117,0.108,0.141,0.109,0.107,0.106,0.09,0.087,0.106,0.086,0.107,0.11,0.115,0.11,0.107,0.109,0.108,0.106,0.089,0.088,0.1,0.103,0.103,0.124,0.119,0.104,0.107,0.109,0.125,0.105,0.09,0.086,0.086,0.086,0.087,0.088,0.087,0.086,0.087,0.086,0.086,0.087,0.086
,1:14:16,40,0.089,0.087,0.086,0.086,0.087,0.087,0.087,0.087,0.088,0.087,0.087,0.088,0.087,0.084,0.101,0.089,0.087,0.081,0.081,0.092,0.083,0.083,0.082,0.087,0.087,0.089,0.084,0.085,0.092,0.087,0.084,0.087,0.087,0.091,0.09,0.087,0.088,0.087,0.094,0.09,0.108,0.089,0.091,0.098,0.085,0.086,0.088,0.088,0.087,0.108,0.103,0.103,0.11,0.119,0.109,0.149,0.109,0.106,0.106,0.09,0.087,0.106,0.086,0.108,0.11,0.117,0.114,0.109,0.11,0.109,0.107,0.089,0.088,0.1,0.103,0.103,0.129,0.123,0.104,0.107,0.109,0.132,0.105,0.091,0.087,0.086,0.086,0.087,0.088,0.087,0.086,0.088,0.086,0.086,0.087,0.086
,1:19:16,40,0.089,0.087,0.086,0.086,0.087,0.087,0.087,0.087,0.088,0.087,0.087,0.088,0.087,0.084,0.099,0.091,0.088,0.081,0.082,0.09,0.083,0.083,0.082,0.087,0.087,0.089,0.084,0.085,0.094,0.087,0.084,0.087,0.087,0.09,0.09,0.087,0.088,0.087,0.097,0.09,0.108,0.089,0.091,0.102,0.085,0.086,0.088,0.088,0.087,0.108,0.103,0.104,0.112,0.121,0.11,0.16,0.109,0.106,0.106,0.09,0.087,0.106,0.086,0.109,0.111,0.117,0.118,0.11,0.11,0.108,0.107,0.089,0.088,0.1,0.103,0.103,0.135,0.127,0.104,0.107,0.11,0.141,0.105,0.09,0.086,0.086,0.086,0.087,0.088,0.087,0.086,0.087,0.086,0.086,0.087,0.086
,1:24:16,40,0.089,0.087,0.086,0.086,0.087,0.087,0.087,0.087,0.088,0.087,0.087,0.088,0.087,0.084,0.1,0.091,0.086,0.082,0.081,0.091,0.083,0.083,0.082,0.087,0.087,0.089,0.084,0.085,0.093,0.087,0.084,0.087,0.087,0.092,0.09,0.088,0.088,0.087,0.095,0.09,0.109,0.089,0.091,0.103,0.085,0.086,0.088,0.088,0.087,0.109,0.103,0.106,0.113,0.123,0.112,0.173,0.109,0.107,0.106,0.09,0.087,0.106,0.086,0.11,0.111,0.12,0.124,0.111,0.11,0.11,0.107,0.089,0.089,0.1,0.104,0.102,0.137,0.133,0.105,0.107,0.111,0.149,0.105,0.091,0.086,0.086,0.086,0.087,0.088,0.087,0.085,0.087,0.086,0.086,0.087,0.086
,1:29:16,40,0.089,0.088,0.086,0.086,0.087,0.087,0.087,0.087,0.088,0.087,0.087,0.088,0.087,0.084,0.101,0.091,0.086,0.081,0.082,0.092,0.083,0.083,0.082,0.087,0.087,0.089,0.084,0.086,0.093,0.088,0.084,0.087,0.087,0.091,0.09,0.088,0.088,0.087,0.094,0.09,0.11,0.089,0.092,0.102,0.085,0.086,0.088,0.088,0.087,0.109,0.103,0.108,0.115,0.126,0.114,0.189,0.109,0.107,0.106,0.09,0.087,0.106,0.086,0.112,0.113,0.121,0.131,0.112,0.111,0.109,0.108,0.089,0.089,0.1,0.104,0.103,0.15,0.14,0.105,0.107,0.112,0.162,0.105,0.091,0.086,0.086,0.086,0.087,0.088,0.087,0.086,0.087,0.086,0.086,0.087,0.086
,1:34:16,40,0.09,0.088,0.086,0.086,0.087,0.087,0.087,0.087,0.088,0.087,0.087,0.088,0.087,0.084,0.101,0.09,0.086,0.082,0.081,0.092,0.083,0.083,0.082,0.087,0.087,0.089,0.084,0.085,0.091,0.089,0.084,0.087,0.087,0.091,0.09,0.087,0.088,0.087,0.095,0.09,0.11,0.089,0.092,0.103,0.085,0.086,0.088,0.088,0.087,0.11,0.104,0.112,0.117,0.129,0.116,0.202,0.109,0.107,0.107,0.09,0.087,0.106,0.086,0.114,0.113,0.124,0.14,0.115,0.111,0.108,0.108,0.089,0.088,0.1,0.105,0.103,0.154,0.149,0.106,0.107,0.114,0.179,0.105,0.091,0.086,0.086,0.086,0.087,0.088,0.087,0.086,0.087,0.086,0.086,0.087,0.086
,1:39:16,40,0.089,0.088,0.086,0.086,0.087,0.087,0.086,0.087,0.088,0.087,0.087,0.088,0.086,0.084,0.101,0.09,0.087,0.083,0.081,0.091,0.083,0.082,0.082,0.087,0.087,0.092,0.084,0.085,0.094,0.089,0.084,0.087,0.087,0.09,0.091,0.087,0.087,0.087,0.096,0.09,0.111,0.089,0.091,0.104,0.085,0.086,0.088,0.088,0.087,0.11,0.104,0.115,0.12,0.134,0.119,0.213,0.109,0.107,0.107,0.09,0.087,0.105,0.086,0.116,0.114,0.126,0.155,0.117,0.112,0.109,0.108,0.089,0.088,0.1,0.106,0.103,0.165,0.158,0.106,0.108,0.115,0.189,0.105,0.09,0.086,0.086,0.086,0.087,0.088,0.087,0.086,0.087,0.086,0.086,0.087,0.086
,1:44:16,40,0.089,0.087,0.086,0.086,0.087,0.087,0.087,0.087,0.088,0.087,0.087,0.088,0.086,0.084,0.099,0.091,0.088,0.084,0.081,0.092,0.083,0.082,0.082,0.087,0.087,0.089,0.084,0.085,0.092,0.092,0.084,0.087,0.087,0.092,0.092,0.087,0.087,0.089,0.096,0.09,0.111,0.09,0.093,0.105,0.085,0.085,0.088,0.088,0.087,0.111,0.104,0.119,0.123,0.14,0.122,0.232,0.109,0.108,0.107,0.09,0.087,0.106,0.086,0.119,0.117,0.13,0.165,0.146,0.112,0.109,0.109,0.089,0.088,0.1,0.107,0.103,0.184,0.17,0.107,0.108,0.117,0.199,0.105,0.091,0.087,0.086,0.086,0.087,0.088,0.087,0.086,0.087,0.086,0.086,0.087,0.086
,1:49:16,40,0.089,0.087,0.086,0.086,0.087,0.086,0.087,0.087,0.088,0.087,0.086,0.088,0.086,0.084,0.101,0.092,0.087,0.083,0.081,0.092,0.083,0.082,0.082,0.087,0.087,0.089,0.084,0.085,0.099,0.091,0.084,0.087,0.087,0.091,0.09,0.087,0.088,0.088,0.096,0.09,0.112,0.089,0.093,0.104,0.085,0.086,0.088,0.088,0.087,0.112,0.105,0.123,0.127,0.147,0.126,0.253,0.109,0.108,0.108,0.09,0.087,0.105,0.086,0.122,0.116,0.135,0.176,0.124,0.113,0.111,0.109,0.089,0.089,0.101,0.108,0.102,0.192,0.184,0.108,0.108,0.119,0.218,0.106,0.09,0.086,0.086,0.086,0.087,0.087,0.087,0.085,0.087,0.086,0.086,0.087,0.086
,1:54:16,40,0.089,0.087,0.086,0.086,0.087,0.087,0.087,0.087,0.088,0.087,0.086,0.088,0.086,0.084,0.1,0.09,0.088,0.083,0.081,0.091,0.083,0.083,0.082,0.087,0.087,0.089,0.084,0.085,0.092,0.09,0.084,0.087,0.087,0.091,0.091,0.087,0.088,0.087,0.095,0.09,0.111,0.09,0.092,0.105,0.085,0.086,0.088,0.088,0.087,0.113,0.105,0.129,0.132,0.155,0.132,0.278,0.109,0.109,0.108,0.09,0.087,0.106,0.086,0.128,0.118,0.141,0.185,0.129,0.114,0.109,0.11,0.089,0.088,0.101,0.11,0.103,0.202,0.192,0.109,0.109,0.122,0.243,0.106,0.091,0.086,0.086,0.086,0.087,0.088,0.087,0.086,0.087,0.086,0.086,0.087,0.086
,1:59:16,40,0.089,0.088,0.086,0.086,0.087,0.087,0.087,0.088,0.088,0.087,0.087,0.088,0.087,0.084,0.101,0.09,0.085,0.084,0.081,0.093,0.083,0.083,0.082,0.088,0.087,0.089,0.084,0.085,0.097,0.093,0.084,0.087,0.087,0.09,0.091,0.087,0.088,0.088,0.096,0.09,0.113,0.09,0.094,0.105,0.085,0.086,0.088,0.088,0.087,0.115,0.106,0.135,0.138,0.165,0.138,0.305,0.11,0.11,0.109,0.09,0.087,0.106,0.086,0.134,0.12,0.147,0.204,0.138,0.116,0.11,0.11,0.089,0.088,0.101,0.112,0.103,0.22,0.203,0.11,0.109,0.126,0.267,0.107,0.091,0.086,0.086,0.086,0.088,0.088,0.087,0.086,0.087,0.086,0.086,0.087,0.086
,2:04:16,40,0.089,0.087,0.086,0.086,0.087,0.087,0.087,0.088,0.088,0.087,0.087,0.089,0.086,0.084,0.101,0.09,0.086,0.084,0.081,0.092,0.083,0.083,0.082,0.087,0.087,0.089,0.084,0.085,0.091,0.093,0.084,0.087,0.088,0.092,0.091,0.088,0.088,0.087,0.096,0.09,0.112,0.09,0.093,0.105,0.085,0.086,0.088,0.088,0.087,0.116,0.107,0.144,0.145,0.178,0.146,0.322,0.11,0.111,0.11,0.09,0.087,0.106,0.086,0.141,0.122,0.156,0.228,0.143,0.117,0.109,0.111,0.089,0.089,0.102,0.115,0.103,0.234,0.223,0.112,0.11,0.13,0.293,0.108,0.091,0.086,0.086,0.086,0.087,0.088,0.087,0.086,0.087,0.086,0.086,0.087,0.086
,2:09:16,40.1,0.09,0.088,0.086,0.086,0.087,0.087,0.087,0.087,0.088,0.087,0.087,0.088,0.087,0.084,0.098,0.091,0.086,0.084,0.082,0.092,0.083,0.083,0.082,0.087,0.087,0.089,0.084,0.086,0.094,0.093,0.084,0.087,0.087,0.09,0.092,0.088,0.088,0.087,0.096,0.09,0.113,0.09,0.094,0.105,0.085,0.086,0.088,0.088,0.087,0.117,0.108,0.152,0.153,0.191,0.155,0.343,0.11,0.112,0.111,0.09,0.087,0.107,0.086,0.15,0.123,0.165,0.248,0.156,0.119,0.11,0.112,0.089,0.089,0.102,0.117,0.103,0.254,0.244,0.114,0.111,0.136,0.322,0.108,0.09,0.087,0.086,0.086,0.087,0.088,0.087,0.086,0.087,0.086,0.086,0.087,0.086
,2:14:16,40,0.089,0.088,0.086,0.086,0.087,0.087,0.087,0.088,0.088,0.087,0.087,0.088,0.087,0.084,0.097,0.09,0.086,0.084,0.082,0.091,0.083,0.083,0.082,0.087,0.087,0.089,0.084,0.085,0.097,0.092,0.084,0.088,0.088,0.09,0.092,0.087,0.088,0.087,0.097,0.09,0.115,0.091,0.093,0.104,0.085,0.086,0.089,0.088,0.087,0.119,0.11,0.163,0.163,0.204,0.167,0.364,0.111,0.113,0.112,0.09,0.087,0.107,0.086,0.161,0.127,0.173,0.276,0.173,0.121,0.109,0.113,0.089,0.088,0.102,0.121,0.103,0.281,0.266,0.116,0.112,0.143,0.343,0.109,0.091,0.086,0.086,0.086,0.087,0.088,0.087,0.086,0.087,0.086,0.086,0.087,0.086
,2:19:16,40,0.089,0.087,0.086,0.086,0.087,0.087,0.087,0.087,0.088,0.087,0.087,0.089,0.087,0.084,0.1,0.09,0.087,0.083,0.082,0.092,0.083,0.083,0.082,0.088,0.087,0.089,0.084,0.086,0.094,0.093,0.084,0.088,0.087,0.09,0.093,0.088,0.088,0.087,0.096,0.09,0.116,0.09,0.093,0.106,0.085,0.086,0.089,0.088,0.087,0.121,0.111,0.174,0.173,0.214,0.178,0.389,0.111,0.114,0.114,0.09,0.087,0.107,0.086,0.172,0.128,0.179,0.304,0.178,0.124,0.113,0.114,0.089,0.089,0.103,0.125,0.103,0.3,0.296,0.119,0.113,0.151,0.364,0.111,0.091,0.087,0.086,0.086,0.087,0.088,0.087,0.086,0.088,0.086,0.086,0.087,0.086
,2:24:16,40,0.09,0.088,0.086,0.086,0.087,0.087,0.087,0.087,0.088,0.087,0.087,0.088,0.087,0.084,0.1,0.09,0.086,0.084,0.082,0.092,0.083,0.083,0.082,0.087,0.087,0.089,0.084,0.086,0.094,0.094,0.084,0.087,0.088,0.091,0.092,0.087,0.088,0.087,0.095,0.09,0.114,0.09,0.094,0.106,0.085,0.085,0.089,0.088,0.087,0.123,0.113,0.178,0.186,0.226,0.183,0.416,0.112,0.116,0.115,0.09,0.087,0.108,0.086,0.178,0.132,0.192,0.323,0.188,0.127,0.11,0.116,0.09,0.088,0.104,0.131,0.104,0.316,0.316,0.122,0.114,0.16,0.394,0.112,0.091,0.086,0.086,0.086,0.087,0.088,0.087,0.086,0.087,0.086,0.086,0.087,0.086
,2:29:16,40,0.09,0.088,0.086,0.086,0.087,0.087,0.087,0.088,0.088,0.087,0.087,0.088,0.087,0.084,0.095,0.091,0.086,0.084,0.081,0.092,0.083,0.083,0.082,0.087,0.087,0.089,0.084,0.086,0.093,0.094,0.084,0.087,0.088,0.091,0.092,0.087,0.088,0.087,0.098,0.09,0.115,0.09,0.094,0.105,0.085,0.086,0.089,0.088,0.087,0.126,0.115,0.188,0.194,0.241,0.195,0.445,0.113,0.118,0.117,0.09,0.087,0.108,0.086,0.189,0.135,0.208,0.348,0.199,0.132,0.111,0.119,0.089,0.088,0.105,0.138,0.104,0.329,0.337,0.127,0.116,0.17,0.426,0.114,0.091,0.086,0.086,0.086,0.087,0.088,0.087,0.086,0.088,0.086,0.086,0.087,0.086
,2:34:16,40,0.089,0.088,0.086,0.086,0.087,0.087,0.087,0.087,0.088,0.087,0.087,0.088,0.087,0.084,0.097,0.091,0.085,0.084,0.081,0.094,0.083,0.083,0.082,0.087,0.087,0.09,0.084,0.085,0.097,0.095,0.084,0.087,0.087,0.095,0.093,0.088,0.088,0.087,0.099,0.09,0.116,0.09,0.095,0.107,0.085,0.086,0.089,0.088,0.087,0.129,0.118,0.204,0.205,0.259,0.212,0.478,0.114,0.121,0.12,0.09,0.087,0.109,0.086,0.207,0.137,0.223,0.374,0.215,0.135,0.113,0.121,0.089,0.088,0.106,0.146,0.104,0.345,0.358,0.132,0.118,0.175,0.461,0.116,0.091,0.086,0.086,0.086,0.087,0.088,0.087,0.086,0.088,0.086,0.086,0.087,0.086
,2:39:16,40,0.089,0.087,0.086,0.086,0.087,0.087,0.087,0.088,0.088,0.087,0.087,0.088,0.087,0.084,0.096,0.091,0.087,0.085,0.081,0.09,0.083,0.083,0.082,0.087,0.087,0.09,0.084,0.085,0.098,0.095,0.084,0.088,0.088,0.089,0.092,0.087,0.088,0.087,0.1,0.09,0.116,0.091,0.095,0.104,0.085,0.086,0.089,0.088,0.087,0.132,0.122,0.22,0.22,0.277,0.231,0.503,0.116,0.124,0.123,0.09,0.087,0.11,0.086,0.227,0.14,0.24,0.404,0.232,0.141,0.112,0.124,0.089,0.088,0.107,0.156,0.104,0.365,0.385,0.139,0.12,0.186,0.503,0.119,0.09,0.086,0.086,0.086,0.087,0.088,0.087,0.086,0.087,0.086,0.086,0.087,0.086
,2:44:16,40,0.089,0.087,0.086,0.086,0.087,0.087,0.087,0.088,0.088,0.087,0.087,0.088,0.086,0.084,0.095,0.091,0.087,0.084,0.081,0.09,0.083,0.082,0.082,0.087,0.087,0.09,0.084,0.086,0.094,0.096,0.084,0.088,0.088,0.09,0.093,0.087,0.088,0.087,0.1,0.09,0.118,0.091,0.095,0.106,0.085,0.086,0.089,0.088,0.087,0.135,0.126,0.237,0.238,0.299,0.25,0.528,0.117,0.127,0.127,0.09,0.087,0.111,0.086,0.246,0.144,0.259,0.441,0.252,0.147,0.114,0.128,0.089,0.088,0.109,0.167,0.105,0.389,0.413,0.146,0.123,0.202,0.535,0.122,0.09,0.086,0.086,0.086,0.087,0.088,0.087,0.086,0.087,0.086,0.086,0.087,0.086
,2:49:16,40,0.09,0.088,0.086,0.086,0.087,0.087,0.087,0.087,0.088,0.087,0.087,0.088,0.087,0.084,0.095,0.091,0.089,0.085,0.081,0.092,0.083,0.083,0.082,0.087,0.087,0.089,0.084,0.086,0.096,0.097,0.084,0.088,0.088,0.091,0.094,0.087,0.088,0.088,0.096,0.09,0.117,0.091,0.095,0.107,0.085,0.085,0.09,0.088,0.087,0.14,0.131,0.258,0.259,0.324,0.272,0.548,0.119,0.132,0.131,0.09,0.087,0.112,0.086,0.269,0.149,0.271,0.486,0.277,0.156,0.115,0.133,0.089,0.088,0.111,0.18,0.105,0.416,0.441,0.155,0.126,0.222,0.554,0.126,0.091,0.086,0.086,0.086,0.087,0.088,0.087,0.086,0.087,0.086,0.086,0.087,0.086
,2:54:16,40,0.089,0.088,0.086,0.086,0.087,0.087,0.087,0.088,0.088,0.087,0.087,0.088,0.087,0.084,0.094,0.091,0.086,0.086,0.082,0.09,0.083,0.083,0.082,0.087,0.087,0.09,0.084,0.086,0.093,0.096,0.084,0.088,0.088,0.091,0.095,0.088,0.088,0.088,0.099,0.09,0.118,0.091,0.094,0.106,0.085,0.086,0.09,0.088,0.087,0.144,0.138,0.284,0.286,0.347,0.3,0.565,0.122,0.137,0.136,0.09,0.087,0.113,0.086,0.299,0.153,0.286,0.509,0.298,0.165,0.113,0.138,0.089,0.088,0.113,0.187,0.106,0.44,0.474,0.166,0.131,0.241,0.579,0.131,0.09,0.086,0.086,0.086,0.087,0.088,0.087,0.086,0.088,0.086,0.086,0.087,0.086
,2:59:16,40,0.089,0.088,0.086,0.086,0.087,0.087,0.087,0.088,0.088,0.087,0.087,0.088,0.087,0.084,0.095,0.091,0.086,0.085,0.082,0.091,0.083,0.083,0.082,0.087,0.087,0.09,0.084,0.086,0.095,0.096,0.084,0.088,0.088,0.091,0.094,0.088,0.088,0.088,0.1,0.091,0.118,0.091,0.095,0.107,0.085,0.086,0.09,0.088,0.087,0.15,0.146,0.299,0.302,0.369,0.319,0.582,0.125,0.143,0.143,0.09,0.087,0.115,0.086,0.319,0.158,0.304,0.534,0.315,0.174,0.113,0.145,0.089,0.089,0.115,0.2,0.106,0.457,0.505,0.178,0.136,0.262,0.591,0.137,0.09,0.087,0.086,0.086,0.087,0.088,0.087,0.086,0.088,0.086,0.086,0.087,0.086
,3:04:16,40,0.089,0.087,0.086,0.086,0.087,0.087,0.087,0.088,0.088,0.087,0.087,0.088,0.087,0.085,0.094,0.092,0.089,0.086,0.082,0.091,0.083,0.082,0.082,0.087,0.087,0.09,0.084,0.085,0.094,0.096,0.084,0.088,0.088,0.09,0.096,0.088,0.088,0.087,0.102,0.091,0.12,0.092,0.098,0.106,0.086,0.086,0.091,0.088,0.087,0.155,0.155,0.315,0.32,0.393,0.339,0.599,0.128,0.151,0.15,0.09,0.087,0.117,0.086,0.339,0.162,0.321,0.553,0.334,0.185,0.115,0.152,0.089,0.088,0.118,0.218,0.107,0.472,0.53,0.183,0.142,0.286,0.622,0.143,0.09,0.086,0.086,0.086,0.087,0.088,0.087,0.086,0.088,0.086,0.086,0.087,0.086
,3:09:16,40.1,0.089,0.088,0.086,0.086,0.087,0.087,0.087,0.088,0.088,0.087,0.087,0.088,0.087,0.084,0.096,0.092,0.088,0.085,0.082,0.091,0.083,0.083,0.082,0.087,0.087,0.09,0.084,0.086,0.095,0.098,0.084,0.088,0.088,0.09,0.096,0.088,0.088,0.087,0.101,0.091,0.121,0.092,0.097,0.106,0.085,0.085,0.091,0.088,0.087,0.16,0.166,0.336,0.341,0.419,0.36,0.617,0.133,0.158,0.159,0.09,0.087,0.12,0.086,0.36,0.167,0.341,0.569,0.354,0.198,0.117,0.162,0.089,0.088,0.121,0.237,0.107,0.488,0.55,0.195,0.149,0.321,0.628,0.152,0.09,0.086,0.086,0.086,0.088,0.088,0.087,0.086,0.087,0.086,0.086,0.087,0.086
,3:14:16,40.1,0.09,0.088,0.086,0.086,0.087,0.087,0.087,0.088,0.088,0.087,0.086,0.089,0.087,0.084,0.095,0.092,0.086,0.086,0.081,0.093,0.083,0.082,0.082,0.087,0.087,0.09,0.084,0.086,0.098,0.097,0.084,0.088,0.088,0.091,0.094,0.087,0.088,0.088,0.099,0.091,0.121,0.092,0.097,0.108,0.085,0.085,0.091,0.088,0.087,0.168,0.173,0.358,0.362,0.448,0.385,0.636,0.138,0.168,0.169,0.09,0.087,0.122,0.086,0.385,0.174,0.361,0.585,0.374,0.211,0.117,0.167,0.089,0.088,0.125,0.256,0.108,0.5,0.567,0.212,0.157,0.345,0.645,0.161,0.091,0.086,0.086,0.086,0.087,0.088,0.087,0.086,0.088,0.086,0.086,0.087,0.086
,3:19:16,40,0.09,0.088,0.086,0.086,0.087,0.087,0.087,0.088,0.088,0.087,0.087,0.089,0.087,0.085,0.096,0.092,0.09,0.086,0.082,0.091,0.084,0.083,0.082,0.087,0.087,0.09,0.084,0.086,0.094,0.097,0.084,0.088,0.088,0.09,0.096,0.087,0.088,0.087,0.101,0.091,0.123,0.093,0.098,0.106,0.086,0.086,0.091,0.088,0.087,0.176,0.18,0.38,0.388,0.485,0.414,0.653,0.144,0.177,0.181,0.09,0.087,0.127,0.086,0.414,0.18,0.384,0.603,0.398,0.227,0.118,0.174,0.089,0.088,0.13,0.279,0.109,0.511,0.583,0.233,0.168,0.366,0.671,0.172,0.091,0.086,0.086,0.086,0.087,0.088,0.087,0.086,0.087,0.086,0.086,0.087,0.086
,3:24:16,40,0.089,0.087,0.086,0.086,0.087,0.087,0.087,0.088,0.088,0.087,0.087,0.088,0.087,0.084,0.091,0.091,0.086,0.084,0.082,0.091,0.083,0.083,0.082,0.087,0.087,0.09,0.084,0.086,0.096,0.097,0.084,0.088,0.088,0.092,0.095,0.087,0.088,0.09,0.1,0.091,0.122,0.092,0.094,0.107,0.085,0.086,0.091,0.088,0.087,0.185,0.193,0.408,0.414,0.517,0.443,0.671,0.152,0.184,0.19,0.09,0.087,0.131,0.086,0.443,0.185,0.408,0.621,0.424,0.243,0.121,0.184,0.089,0.088,0.135,0.31,0.11,0.519,0.599,0.254,0.172,0.391,0.685,0.181,0.091,0.086,0.086,0.086,0.087,0.088,0.087,0.086,0.088,0.086,0.086,0.087,0.086
,3:29:16,40,0.089,0.087,0.086,0.086,0.087,0.087,0.087,0.087,0.088,0.087,0.087,0.088,0.087,0.084,0.092,0.09,0.089,0.084,0.082,0.091,0.083,0.082,0.082,0.087,0.087,0.09,0.085,0.086,0.097,0.097,0.084,0.088,0.088,0.091,0.095,0.087,0.088,0.087,0.098,0.09,0.124,0.092,0.097,0.107,0.085,0.085,0.091,0.088,0.087,0.193,0.21,0.431,0.446,0.537,0.477,0.687,0.161,0.195,0.2,0.09,0.087,0.137,0.086,0.481,0.191,0.421,0.641,0.456,0.263,0.121,0.198,0.089,0.088,0.14,0.335,0.111,0.53,0.616,0.274,0.181,0.422,0.707,0.188,0.09,0.086,0.086,0.086,0.087,0.088,0.087,0.086,0.087,0.086,0.086,0.087,0.086
,3:34:16,40,0.09,0.088,0.086,0.086,0.087,0.087,0.087,0.087,0.088,0.087,0.087,0.089,0.087,0.084,0.091,0.091,0.087,0.085,0.082,0.093,0.083,0.083,0.082,0.087,0.087,0.09,0.086,0.086,0.1,0.099,0.084,0.088,0.088,0.091,0.095,0.087,0.088,0.087,0.103,0.091,0.125,0.093,0.097,0.108,0.086,0.086,0.092,0.088,0.087,0.203,0.229,0.461,0.473,0.555,0.503,0.703,0.171,0.211,0.217,0.09,0.087,0.143,0.087,0.506,0.2,0.434,0.659,0.483,0.282,0.123,0.214,0.089,0.088,0.147,0.356,0.112,0.54,0.632,0.303,0.196,0.456,0.719,0.202,0.091,0.086,0.086,0.086,0.088,0.088,0.087,0.086,0.088,0.086,0.087,0.087,0.086
,3:39:16,40,0.09,0.088,0.086,0.086,0.087,0.087,0.087,0.087,0.088,0.087,0.087,0.088,0.087,0.085,0.092,0.092,0.089,0.085,0.082,0.092,0.083,0.083,0.082,0.087,0.087,0.09,0.085,0.086,0.098,0.099,0.084,0.088,0.088,0.091,0.098,0.087,0.088,0.087,0.104,0.091,0.125,0.093,0.098,0.107,0.085,0.086,0.092,0.088,0.087,0.212,0.247,0.482,0.494,0.574,0.526,0.72,0.175,0.227,0.236,0.09,0.087,0.151,0.086,0.529,0.207,0.448,0.674,0.502,0.304,0.125,0.23,0.089,0.088,0.155,0.379,0.113,0.547,0.647,0.322,0.213,0.5,0.734,0.219,0.09,0.086,0.086,0.086,0.087,0.088,0.087,0.086,0.087,0.086,0.086,0.087,0.086
,3:44:16,40,0.089,0.088,0.086,0.086,0.087,0.087,0.087,0.087,0.088,0.087,0.087,0.088,0.087,0.085,0.09,0.089,0.088,0.085,0.082,0.09,0.083,0.082,0.082,0.087,0.087,0.09,0.086,0.086,0.099,0.099,0.084,0.088,0.088,0.09,0.097,0.087,0.088,0.087,0.104,0.091,0.126,0.093,0.098,0.107,0.086,0.085,0.093,0.088,0.087,0.224,0.269,0.501,0.513,0.59,0.545,0.736,0.184,0.247,0.255,0.09,0.087,0.16,0.086,0.551,0.217,0.462,0.69,0.52,0.335,0.127,0.246,0.089,0.088,0.162,0.405,0.114,0.554,0.662,0.343,0.231,0.534,0.755,0.237,0.09,0.086,0.086,0.086,0.087,0.088,0.087,0.086,0.087,0.086,0.086,0.087,0.086
,3:49:16,40,0.089,0.087,0.086,0.086,0.087,0.087,0.087,0.087,0.088,0.087,0.087,0.088,0.087,0.084,0.091,0.091,0.086,0.085,0.081,0.092,0.083,0.082,0.082,0.087,0.087,0.09,0.085,0.086,0.099,0.1,0.084,0.088,0.088,0.091,0.098,0.087,0.088,0.087,0.102,0.09,0.127,0.093,0.097,0.108,0.085,0.086,0.092,0.088,0.087,0.236,0.291,0.522,0.534,0.605,0.563,0.751,0.199,0.27,0.276,0.09,0.087,0.17,0.086,0.569,0.225,0.474,0.708,0.536,0.361,0.13,0.265,0.089,0.088,0.166,0.434,0.116,0.559,0.677,0.364,0.251,0.556,0.766,0.256,0.09,0.086,0.086,0.086,0.087,0.088,0.087,0.086,0.088,0.086,0.086,0.087,0.086
,3:54:16,40,0.089,0.088,0.086,0.086,0.087,0.087,0.087,0.087,0.088,0.087,0.087,0.089,0.087,0.084,0.091,0.092,0.087,0.086,0.082,0.092,0.083,0.083,0.082,0.087,0.087,0.091,0.085,0.086,0.096,0.101,0.084,0.089,0.088,0.09,0.099,0.087,0.088,0.088,0.104,0.091,0.128,0.094,0.098,0.108,0.085,0.086,0.093,0.088,0.087,0.25,0.319,0.541,0.553,0.623,0.58,0.767,0.216,0.294,0.303,0.09,0.087,0.182,0.086,0.588,0.233,0.482,0.723,0.552,0.386,0.134,0.289,0.089,0.088,0.172,0.468,0.117,0.566,0.693,0.391,0.273,0.577,0.786,0.278,0.09,0.086,0.086,0.086,0.088,0.088,0.087,0.086,0.088,0.086,0.086,0.087,0.086
,3:59:16,40,0.09,0.087,0.086,0.086,0.087,0.087,0.087,0.088,0.088,0.087,0.087,0.089,0.087,0.084,0.09,0.092,0.088,0.085,0.082,0.093,0.083,0.083,0.082,0.087,0.087,0.09,0.085,0.086,0.099,0.101,0.084,0.089,0.088,0.09,0.1,0.088,0.088,0.088,0.103,0.091,0.128,0.096,0.097,0.108,0.086,0.086,0.094,0.088,0.087,0.264,0.339,0.561,0.573,0.638,0.596,0.782,0.234,0.308,0.328,0.09,0.087,0.191,0.086,0.604,0.241,0.488,0.74,0.569,0.41,0.139,0.315,0.089,0.088,0.183,0.491,0.119,0.573,0.708,0.421,0.299,0.597,0.8,0.307,0.09,0.086,0.086,0.086,0.088,0.088,0.087,0.086,0.088,0.086,0.087,0.087,0.086
,4:04:16,40,0.09,0.088,0.086,0.087,0.087,0.087,0.087,0.087,0.088,0.087,0.087,0.089,0.087,0.084,0.091,0.092,0.088,0.085,0.082,0.091,0.084,0.083,0.082,0.088,0.088,0.09,0.085,0.086,0.103,0.101,0.084,0.089,0.088,0.091,0.099,0.088,0.088,0.087,0.102,0.091,0.129,0.095,0.097,0.108,0.086,0.086,0.093,0.088,0.087,0.276,0.36,0.577,0.587,0.654,0.611,0.797,0.253,0.324,0.349,0.09,0.087,0.203,0.086,0.617,0.249,0.497,0.755,0.585,0.439,0.142,0.333,0.089,0.088,0.196,0.512,0.12,0.579,0.722,0.453,0.328,0.615,0.819,0.328,0.091,0.086,0.086,0.086,0.088,0.088,0.087,0.086,0.088,0.086,0.087,0.087,0.086
,4:09:16,40,0.089,0.088,0.086,0.086,0.087,0.087,0.087,0.088,0.088,0.087,0.087,0.088,0.087,0.084,0.092,0.092,0.089,0.086,0.081,0.094,0.083,0.083,0.082,0.087,0.087,0.091,0.085,0.086,0.103,0.102,0.084,0.089,0.088,0.091,0.101,0.087,0.088,0.087,0.105,0.091,0.131,0.096,0.098,0.108,0.086,0.086,0.094,0.088,0.087,0.286,0.383,0.595,0.603,0.668,0.626,0.811,0.274,0.348,0.372,0.09,0.087,0.22,0.086,0.63,0.258,0.504,0.771,0.602,0.474,0.145,0.357,0.089,0.088,0.21,0.535,0.123,0.584,0.736,0.485,0.349,0.633,0.837,0.348,0.09,0.086,0.086,0.086,0.087,0.088,0.087,0.086,0.088,0.086,0.086,0.087,0.086
,4:14:16,40,0.092,0.088,0.086,0.087,0.087,0.087,0.087,0.087,0.088,0.087,0.087,0.089,0.087,0.084,0.092,0.092,0.089,0.085,0.082,0.093,0.083,0.083,0.082,0.088,0.087,0.091,0.085,0.086,0.102,0.102,0.085,0.089,0.088,0.09,0.101,0.088,0.088,0.088,0.105,0.091,0.132,0.096,0.101,0.108,0.086,0.086,0.095,0.088,0.087,0.298,0.407,0.606,0.618,0.683,0.641,0.826,0.298,0.373,0.398,0.09,0.088,0.238,0.086,0.643,0.268,0.511,0.787,0.619,0.503,0.15,0.379,0.089,0.088,0.225,0.557,0.125,0.588,0.751,0.508,0.369,0.65,0.847,0.369,0.091,0.087,0.086,0.086,0.088,0.088,0.087,0.086,0.088,0.086,0.087,0.087,0.086
,4:19:16,40,0.09,0.087,0.086,0.086,0.087,0.087,0.087,0.087,0.088,0.087,0.087,0.088,0.087,0.084,0.091,0.091,0.088,0.085,0.081,0.092,0.083,0.083,0.082,0.087,0.087,0.09,0.085,0.086,0.102,0.103,0.084,0.089,0.088,0.091,0.101,0.087,0.088,0.087,0.105,0.091,0.133,0.095,0.098,0.109,0.085,0.086,0.093,0.088,0.087,0.314,0.432,0.618,0.632,0.698,0.657,0.84,0.329,0.398,0.425,0.09,0.087,0.255,0.086,0.654,0.278,0.518,0.802,0.635,0.534,0.158,0.406,0.089,0.088,0.24,0.574,0.126,0.593,0.764,0.533,0.395,0.666,0.861,0.394,0.09,0.086,0.086,0.086,0.087,0.088,0.087,0.085,0.087,0.086,0.086,0.087,0.086
,4:24:16,40.1,0.089,0.087,0.086,0.086,0.087,0.087,0.087,0.088,0.088,0.087,0.087,0.089,0.087,0.084,0.092,0.092,0.088,0.086,0.082,0.094,0.084,0.083,0.082,0.087,0.087,0.091,0.084,0.086,0.107,0.102,0.084,0.089,0.088,0.091,0.104,0.088,0.088,0.087,0.105,0.091,0.134,0.097,0.099,0.108,0.086,0.086,0.095,0.088,0.087,0.328,0.466,0.634,0.647,0.712,0.671,0.854,0.354,0.429,0.455,0.09,0.087,0.275,0.086,0.668,0.289,0.526,0.817,0.653,0.558,0.164,0.442,0.089,0.089,0.258,0.592,0.129,0.598,0.778,0.556,0.425,0.683,0.878,0.422,0.091,0.086,0.086,0.086,0.087,0.088,0.087,0.086,0.087,0.086,0.086,0.087,0.086
,4:29:16,40,0.089,0.087,0.086,0.086,0.087,0.087,0.087,0.087,0.088,0.087,0.087,0.088,0.087,0.084,0.093,0.093,0.086,0.085,0.082,0.095,0.083,0.082,0.082,0.087,0.087,0.091,0.085,0.086,0.104,0.103,0.084,0.089,0.088,0.09,0.102,0.087,0.088,0.087,0.108,0.092,0.136,0.097,0.1,0.109,0.085,0.086,0.095,0.088,0.087,0.345,0.489,0.646,0.662,0.727,0.686,0.867,0.378,0.468,0.491,0.09,0.087,0.297,0.086,0.679,0.301,0.53,0.834,0.67,0.581,0.17,0.485,0.089,0.088,0.28,0.608,0.131,0.602,0.791,0.575,0.455,0.698,0.89,0.451,0.09,0.086,0.086,0.086,0.087,0.088,0.087,0.086,0.088,0.086,0.086,0.087,0.086
,4:34:16,40,0.089,0.087,0.086,0.086,0.087,0.087,0.087,0.087,0.088,0.087,0.087,0.088,0.087,0.084,0.092,0.092,0.089,0.086,0.082,0.094,0.083,0.083,0.082,0.087,0.087,0.091,0.085,0.086,0.108,0.104,0.084,0.089,0.088,0.091,0.103,0.088,0.088,0.087,0.109,0.092,0.136,0.097,0.1,0.11,0.085,0.086,0.097,0.088,0.087,0.364,0.509,0.66,0.676,0.741,0.7,0.881,0.403,0.493,0.526,0.09,0.087,0.32,0.086,0.692,0.314,0.537,0.849,0.687,0.603,0.178,0.518,0.089,0.088,0.293,0.623,0.133,0.609,0.805,0.593,0.492,0.714,0.903,0.484,0.09,0.086,0.086,0.086,0.087,0.088,0.087,0.085,0.087,0.086,0.086,0.087,0.086
,4:39:16,39.9,0.089,0.088,0.086,0.086,0.087,0.087,0.087,0.087,0.088,0.087,0.087,0.088,0.087,0.084,0.092,0.093,0.09,0.086,0.082,0.095,0.083,0.083,0.082,0.087,0.087,0.091,0.084,0.086,0.106,0.104,0.084,0.089,0.088,0.091,0.106,0.088,0.088,0.087,0.109,0.092,0.138,0.099,0.1,0.108,0.086,0.086,0.098,0.088,0.087,0.38,0.531,0.671,0.69,0.755,0.715,0.894,0.433,0.514,0.55,0.09,0.087,0.354,0.086,0.705,0.328,0.543,0.863,0.705,0.624,0.183,0.539,0.089,0.088,0.305,0.639,0.135,0.616,0.818,0.611,0.52,0.731,0.917,0.521,0.091,0.086,0.086,0.086,0.087,0.088,0.087,0.086,0.088,0.086,0.086,0.087,0.086
,4:44:16,40.1,0.09,0.088,0.086,0.086,0.087,0.087,0.087,0.087,0.088,0.087,0.087,0.089,0.087,0.085,0.092,0.093,0.089,0.086,0.082,0.096,0.083,0.083,0.082,0.087,0.087,0.091,0.085,0.086,0.105,0.103,0.084,0.089,0.088,0.091,0.105,0.088,0.088,0.087,0.109,0.092,0.139,0.099,0.101,0.111,0.086,0.086,0.098,0.088,0.087,0.4,0.548,0.685,0.703,0.77,0.728,0.908,0.471,0.536,0.571,0.09,0.087,0.378,0.086,0.715,0.343,0.55,0.876,0.721,0.643,0.194,0.559,0.089,0.088,0.32,0.654,0.137,0.619,0.832,0.628,0.545,0.746,0.931,0.544,0.09,0.086,0.086,0.086,0.087,0.088,0.087,0.086,0.088,0.086,0.086,0.087,0.086
,4:49:16,40,0.09,0.088,0.086,0.086,0.087,0.087,0.087,0.088,0.088,0.087,0.087,0.088,0.087,0.084,0.094,0.092,0.088,0.086,0.082,0.095,0.083,0.083,0.082,0.087,0.087,0.091,0.085,0.086,0.109,0.105,0.084,0.089,0.088,0.091,0.106,0.088,0.088,0.088,0.109,0.092,0.14,0.099,0.1,0.11,0.086,0.086,0.097,0.088,0.087,0.427,0.562,0.696,0.717,0.783,0.741,0.921,0.502,0.561,0.589,0.09,0.087,0.401,0.086,0.727,0.359,0.555,0.89,0.736,0.663,0.203,0.577,0.089,0.089,0.339,0.67,0.14,0.625,0.845,0.643,0.565,0.761,0.945,0.564,0.091,0.086,0.086,0.086,0.087,0.088,0.087,0.086,0.088,0.086,0.086,0.087,0.086
,4:54:16,40,0.089,0.088,0.086,0.086,0.087,0.087,0.087,0.087,0.088,0.087,0.087,0.089,0.086,0.084,0.093,0.092,0.089,0.085,0.082,0.096,0.083,0.082,0.082,0.087,0.087,0.091,0.084,0.087,0.111,0.105,0.084,0.089,0.088,0.091,0.108,0.087,0.088,0.087,0.111,0.092,0.141,0.099,0.101,0.11,0.086,0.086,0.097,0.088,0.087,0.441,0.578,0.708,0.731,0.797,0.755,0.933,0.533,0.586,0.608,0.09,0.087,0.425,0.086,0.739,0.374,0.558,0.903,0.752,0.683,0.214,0.596,0.089,0.088,0.356,0.685,0.142,0.631,0.859,0.659,0.584,0.775,0.958,0.582,0.09,0.086,0.086,0.086,0.087,0.088,0.087,0.086,0.088,0.086,0.086,0.087,0.086
,4:59:16,40,0.09,0.088,0.086,0.086,0.087,0.087,0.087,0.087,0.088,0.087,0.087,0.088,0.087,0.084,0.093,0.093,0.089,0.087,0.082,0.096,0.084,0.083,0.083,0.087,0.087,0.092,0.086,0.086,0.11,0.106,0.084,0.09,0.088,0.092,0.111,0.088,0.088,0.087,0.11,0.092,0.143,0.101,0.101,0.111,0.086,0.086,0.099,0.088,0.087,0.465,0.589,0.721,0.743,0.812,0.769,0.945,0.556,0.605,0.628,0.09,0.087,0.459,0.086,0.75,0.39,0.567,0.917,0.767,0.703,0.227,0.613,0.089,0.088,0.377,0.7,0.146,0.637,0.872,0.675,0.601,0.791,0.973,0.599,0.09,0.086,0.086,0.086,0.088,0.088,0.087,0.086,0.088,0.086,0.086,0.087,0.086
,5:04:16,40,0.09,0.088,0.086,0.086,0.087,0.087,0.087,0.087,0.088,0.087,0.087,0.089,0.087,0.084,0.093,0.092,0.088,0.088,0.082,0.096,0.083,0.083,0.082,0.087,0.087,0.092,0.086,0.086,0.108,0.105,0.085,0.09,0.088,0.092,0.111,0.088,0.088,0.088,0.11,0.092,0.144,0.102,0.101,0.111,0.086,0.086,0.1,0.088,0.087,0.49,0.602,0.731,0.756,0.826,0.781,0.957,0.576,0.622,0.645,0.09,0.087,0.482,0.086,0.761,0.405,0.573,0.929,0.782,0.723,0.241,0.629,0.089,0.088,0.4,0.714,0.148,0.642,0.885,0.69,0.618,0.805,0.986,0.616,0.091,0.086,0.086,0.086,0.087,0.088,0.087,0.086,0.088,0.086,0.086,0.087,0.086
,5:09:16,40,0.09,0.088,0.086,0.086,0.087,0.087,0.087,0.087,0.088,0.087,0.087,0.088,0.087,0.084,0.093,0.093,0.088,0.086,0.082,0.096,0.083,0.083,0.083,0.087,0.087,0.092,0.087,0.086,0.106,0.106,0.084,0.09,0.088,0.091,0.114,0.088,0.088,0.088,0.112,0.092,0.145,0.102,0.1,0.112,0.086,0.086,0.101,0.088,0.087,0.511,0.616,0.743,0.769,0.839,0.795,0.968,0.596,0.639,0.663,0.09,0.087,0.501,0.086,0.773,0.42,0.577,0.941,0.797,0.743,0.254,0.644,0.089,0.088,0.426,0.728,0.151,0.649,0.897,0.706,0.634,0.821,0.998,0.634,0.09,0.086,0.086,0.086,0.087,0.088,0.087,0.086,0.088,0.086,0.086,0.087,0.086
,5:14:16,40,0.09,0.088,0.086,0.086,0.087,0.087,0.087,0.088,0.088,0.087,0.087,0.089,0.087,0.084,0.095,0.093,0.087,0.085,0.082,0.097,0.084,0.083,0.083,0.087,0.087,0.092,0.086,0.087,0.11,0.107,0.085,0.09,0.089,0.092,0.113,0.088,0.088,0.088,0.112,0.092,0.146,0.102,0.099,0.112,0.086,0.086,0.1,0.088,0.087,0.541,0.628,0.753,0.781,0.852,0.807,0.978,0.616,0.654,0.681,0.09,0.087,0.52,0.086,0.784,0.435,0.583,0.952,0.812,0.761,0.27,0.66,0.089,0.088,0.455,0.743,0.154,0.654,0.909,0.72,0.648,0.835,1.009,0.654,0.091,0.086,0.086,0.086,0.088,0.088,0.087,0.086,0.088,0.086,0.087,0.087,0.086
,5:19:16,40,0.089,0.087,0.086,0.086,0.087,0.087,0.087,0.087,0.088,0.087,0.086,0.088,0.086,0.084,0.093,0.093,0.088,0.086,0.081,0.098,0.083,0.082,0.082,0.087,0.087,0.092,0.086,0.086,0.105,0.107,0.084,0.09,0.088,0.092,0.115,0.087,0.087,0.087,0.112,0.092,0.147,0.103,0.101,0.113,0.086,0.086,0.101,0.088,0.087,0.555,0.641,0.764,0.794,0.865,0.82,0.989,0.632,0.669,0.698,0.09,0.087,0.538,0.086,0.794,0.45,0.59,0.964,0.828,0.779,0.287,0.677,0.088,0.088,0.477,0.756,0.158,0.659,0.922,0.734,0.664,0.849,1.02,0.674,0.09,0.086,0.086,0.086,0.087,0.088,0.087,0.085,0.087,0.086,0.086,0.087,0.086
,5:24:16,40,0.089,0.087,0.086,0.086,0.087,0.087,0.087,0.087,0.088,0.087,0.087,0.088,0.087,0.084,0.095,0.094,0.088,0.087,0.082,0.098,0.084,0.083,0.083,0.087,0.087,0.092,0.086,0.087,0.103,0.108,0.085,0.09,0.088,0.092,0.114,0.088,0.088,0.088,0.113,0.093,0.148,0.105,0.101,0.11,0.086,0.086,0.102,0.088,0.087,0.573,0.653,0.775,0.806,0.877,0.833,0.998,0.649,0.685,0.716,0.09,0.087,0.556,0.086,0.805,0.466,0.594,0.975,0.842,0.797,0.302,0.693,0.089,0.088,0.497,0.77,0.162,0.663,0.934,0.75,0.68,0.864,1.03,0.692,0.09,0.086,0.086,0.086,0.088,0.088,0.087,0.086,0.088,0.086,0.086,0.087,0.086
,5:29:16,40,0.09,0.088,0.086,0.086,0.087,0.087,0.087,0.088,0.088,0.087,0.087,0.088,0.087,0.084,0.095,0.093,0.088,0.086,0.082,0.097,0.084,0.083,0.083,0.087,0.087,0.093,0.085,0.087,0.104,0.106,0.085,0.091,0.088,0.093,0.114,0.088,0.088,0.088,0.112,0.093,0.149,0.106,0.1,0.11,0.086,0.086,0.101,0.088,0.087,0.596,0.664,0.784,0.819,0.889,0.846,1.008,0.666,0.701,0.734,0.09,0.087,0.575,0.086,0.816,0.48,0.602,0.985,0.856,0.814,0.319,0.707,0.089,0.088,0.516,0.785,0.165,0.669,0.946,0.764,0.695,0.877,1.039,0.712,0.09,0.086,0.086,0.086,0.087,0.088,0.087,0.086,0.088,0.086,0.087,0.087,0.086
,5:34:16,40,0.089,0.087,0.086,0.086,0.087,0.087,0.087,0.087,0.088,0.087,0.086,0.088,0.086,0.084,0.095,0.096,0.087,0.087,0.082,0.099,0.083,0.083,0.082,0.087,0.087,0.092,0.086,0.086,0.105,0.11,0.084,0.091,0.088,0.094,0.115,0.087,0.088,0.088,0.113,0.093,0.15,0.105,0.102,0.113,0.086,0.086,0.102,0.088,0.087,0.61,0.676,0.793,0.831,0.901,0.859,1.016,0.682,0.716,0.752,0.09,0.087,0.593,0.086,0.827,0.495,0.606,0.995,0.87,0.833,0.337,0.722,0.089,0.088,0.535,0.799,0.17,0.672,0.957,0.778,0.71,0.89,1.048,0.729,0.09,0.086,0.086,0.086,0.087,0.088,0.087,0.085,0.087,0.086,0.086,0.087,0.086
,5:39:16,40,0.09,0.088,0.086,0.087,0.087,0.087,0.087,0.088,0.089,0.088,0.087,0.089,0.087,0.084,0.096,0.095,0.09,0.087,0.082,0.099,0.084,0.083,0.083,0.088,0.087,0.093,0.086,0.087,0.107,0.109,0.085,0.091,0.089,0.093,0.118,0.088,0.088,0.088,0.115,0.094,0.152,0.109,0.103,0.114,0.086,0.086,0.104,0.088,0.087,0.621,0.69,0.806,0.844,0.915,0.874,1.026,0.7,0.732,0.768,0.09,0.087,0.608,0.086,0.841,0.51,0.614,1.005,0.884,0.85,0.355,0.737,0.089,0.088,0.553,0.813,0.177,0.677,0.968,0.792,0.726,0.904,1.057,0.747,0.091,0.087,0.086,0.086,0.088,0.088,0.087,0.086,0.088,0.086,0.087,0.087,0.086
,5:44:16,40,0.09,0.087,0.086,0.086,0.087,0.087,0.087,0.087,0.088,0.087,0.087,0.089,0.087,0.084,0.096,0.094,0.089,0.086,0.082,0.099,0.083,0.083,0.083,0.087,0.087,0.093,0.085,0.087,0.106,0.112,0.085,0.091,0.088,0.093,0.119,0.087,0.088,0.088,0.116,0.093,0.153,0.109,0.102,0.114,0.086,0.086,0.104,0.088,0.087,0.636,0.7,0.814,0.856,0.926,0.887,1.033,0.715,0.747,0.784,0.09,0.087,0.621,0.086,0.851,0.524,0.617,1.013,0.896,0.866,0.374,0.752,0.089,0.088,0.568,0.826,0.18,0.682,0.978,0.805,0.741,0.916,1.064,0.763,0.091,0.086,0.086,0.086,0.087,0.088,0.087,0.085,0.087,0.086,0.086,0.087,0.086
,5:49:16,40,0.09,0.088,0.086,0.086,0.087,0.087,0.087,0.087,0.088,0.087,0.087,0.088,0.087,0.084,0.095,0.094,0.09,0.086,0.082,0.099,0.084,0.083,0.083,0.087,0.087,0.093,0.085,0.087,0.107,0.112,0.085,0.092,0.088,0.093,0.12,0.088,0.088,0.088,0.115,0.092,0.154,0.11,0.102,0.114,0.086,0.086,0.105,0.088,0.087,0.646,0.711,0.823,0.868,0.937,0.9,1.042,0.731,0.761,0.8,0.09,0.087,0.635,0.086,0.862,0.539,0.623,1.02,0.909,0.881,0.398,0.766,0.089,0.089,0.583,0.839,0.186,0.686,0.988,0.819,0.755,0.929,1.072,0.78,0.09,0.086,0.086,0.086,0.087,0.088,0.087,0.086,0.088,0.086,0.086,0.087,0.086
,5:54:16,40,0.09,0.088,0.086,0.086,0.087,0.087,0.087,0.088,0.088,0.087,0.087,0.089,0.087,0.084,0.097,0.095,0.088,0.087,0.082,0.101,0.084,0.083,0.083,0.087,0.087,0.094,0.085,0.088,0.106,0.112,0.085,0.092,0.089,0.094,0.122,0.088,0.088,0.088,0.117,0.092,0.155,0.112,0.101,0.116,0.086,0.086,0.106,0.088,0.087,0.662,0.722,0.834,0.88,0.948,0.912,1.05,0.747,0.775,0.816,0.09,0.087,0.649,0.086,0.872,0.553,0.626,1.028,0.921,0.896,0.427,0.779,0.089,0.088,0.597,0.852,0.194,0.692,0.997,0.833,0.77,0.941,1.081,0.797,0.091,0.086,0.086,0.086,0.088,0.088,0.087,0.086,0.088,0.086,0.086,0.087,0.086
,5:59:16,40,0.09,0.088,0.086,0.086,0.087,0.087,0.087,0.087,0.088,0.087,0.087,0.088,0.087,0.084,0.098,0.095,0.087,0.087,0.082,0.101,0.084,0.083,0.083,0.087,0.087,0.093,0.086,0.087,0.107,0.112,0.085,0.092,0.088,0.094,0.121,0.088,0.088,0.088,0.117,0.092,0.156,0.112,0.103,0.115,0.086,0.086,0.108,0.088,0.087,0.673,0.733,0.843,0.891,0.958,0.923,1.057,0.763,0.79,0.831,0.09,0.087,0.662,0.086,0.884,0.566,0.631,1.035,0.933,0.91,0.449,0.793,0.089,0.088,0.606,0.863,0.197,0.697,1.006,0.846,0.784,0.954,1.09,0.814,0.09,0.086,0.086,0.086,0.087,0.088,0.087,0.086,0.088,0.086,0.086,0.087,0.086
,6:04:16,40,0.089,0.087,0.086,0.086,0.087,0.087,0.087,0.087,0.088,0.087,0.087,0.088,0.087,0.085,0.097,0.095,0.091,0.087,0.082,0.102,0.084,0.083,0.083,0.087,0.087,0.094,0.085,0.087,0.109,0.112,0.085,0.092,0.088,0.094,0.121,0.087,0.088,0.088,0.118,0.092,0.157,0.112,0.103,0.114,0.086,0.086,0.11,0.088,0.087,0.68,0.744,0.854,0.903,0.968,0.935,1.065,0.779,0.804,0.848,0.09,0.087,0.676,0.086,0.896,0.58,0.635,1.042,0.945,0.924,0.47,0.808,0.089,0.088,0.619,0.876,0.203,0.701,1.014,0.861,0.798,0.966,1.098,0.831,0.09,0.086,0.086,0.086,0.087,0.088,0.087,0.086,0.087,0.086,0.086,0.087,0.086
,6:09:16,40.1,0.089,0.088,0.086,0.086,0.087,0.087,0.087,0.088,0.088,0.087,0.087,0.088,0.087,0.085,0.099,0.096,0.087,0.086,0.082,0.103,0.084,0.083,0.083,0.087,0.087,0.094,0.084,0.088,0.108,0.114,0.085,0.093,0.088,0.096,0.126,0.088,0.088,0.09,0.12,0.092,0.158,0.115,0.103,0.118,0.086,0.087,0.11,0.088,0.087,0.697,0.755,0.862,0.915,0.979,0.947,1.072,0.793,0.819,0.864,0.09,0.087,0.69,0.086,0.907,0.592,0.642,1.049,0.958,0.937,0.491,0.824,0.089,0.088,0.629,0.889,0.209,0.704,1.022,0.875,0.813,0.978,1.106,0.847,0.09,0.086,0.086,0.086,0.087,0.088,0.087,0.086,0.088,0.086,0.086,0.087,0.086
,6:14:16,40,0.089,0.087,0.086,0.086,0.087,0.087,0.087,0.087,0.088,0.087,0.087,0.088,0.087,0.084,0.101,0.095,0.087,0.085,0.082,0.102,0.084,0.082,0.083,0.087,0.087,0.094,0.086,0.088,0.11,0.115,0.085,0.093,0.089,0.095,0.127,0.088,0.087,0.088,0.118,0.092,0.159,0.115,0.102,0.116,0.086,0.086,0.11,0.088,0.087,0.715,0.765,0.868,0.925,0.989,0.957,1.079,0.808,0.833,0.878,0.09,0.087,0.702,0.086,0.915,0.604,0.644,1.056,0.967,0.95,0.509,0.837,0.089,0.088,0.639,0.9,0.214,0.707,1.03,0.887,0.827,0.989,1.113,0.861,0.09,0.086,0.086,0.086,0.087,0.088,0.087,0.086,0.088,0.086,0.086,0.087,0.086
,6:19:16,40,0.089,0.088,0.086,0.086,0.087,0.087,0.087,0.087,0.088,0.087,0.087,0.089,0.087,0.084,0.099,0.096,0.088,0.086,0.082,0.104,0.084,0.083,0.083,0.087,0.087,0.095,0.086,0.088,0.109,0.114,0.085,0.093,0.089,0.096,0.127,0.088,0.088,0.088,0.12,0.092,0.16,0.112,0.103,0.119,0.086,0.087,0.113,0.088,0.087,0.722,0.776,0.878,0.936,1.001,0.968,1.087,0.825,0.846,0.893,0.09,0.087,0.715,0.086,0.926,0.616,0.649,1.063,0.98,0.963,0.529,0.851,0.089,0.088,0.648,0.912,0.221,0.712,1.037,0.901,0.841,0.999,1.121,0.877,0.091,0.086,0.086,0.086,0.087,0.088,0.087,0.086,0.088,0.086,0.087,0.087,0.086
,6:24:16,40,0.089,0.088,0.086,0.086,0.087,0.087,0.087,0.087,0.088,0.087,0.087,0.088,0.087,0.084,0.1,0.096,0.087,0.086,0.082,0.104,0.084,0.083,0.083,0.087,0.087,0.095,0.085,0.088,0.11,0.115,0.085,0.093,0.089,0.096,0.128,0.087,0.088,0.088,0.12,0.092,0.161,0.115,0.103,0.118,0.086,0.086,0.113,0.088,0.087,0.737,0.785,0.885,0.946,1.01,0.978,1.093,0.838,0.86,0.907,0.09,0.087,0.728,0.086,0.935,0.628,0.654,1.069,0.99,0.974,0.546,0.862,0.089,0.088,0.658,0.922,0.228,0.716,1.044,0.912,0.855,1.009,1.127,0.891,0.091,0.086,0.086,0.086,0.087,0.088,0.087,0.085,0.088,0.086,0.086,0.087,0.086
,6:29:16,40,0.09,0.088,0.086,0.087,0.087,0.087,0.087,0.087,0.088,0.087,0.087,0.089,0.087,0.084,0.101,0.097,0.087,0.086,0.082,0.105,0.084,0.083,0.084,0.088,0.087,0.095,0.084,0.09,0.111,0.118,0.085,0.094,0.089,0.097,0.131,0.088,0.088,0.088,0.122,0.092,0.162,0.116,0.104,0.121,0.087,0.087,0.115,0.088,0.087,0.742,0.797,0.894,0.958,1.022,0.989,1.101,0.854,0.873,0.923,0.09,0.087,0.741,0.086,0.947,0.641,0.659,1.076,1.003,0.986,0.564,0.877,0.089,0.088,0.669,0.935,0.235,0.721,1.053,0.926,0.869,1.02,1.135,0.906,0.091,0.086,0.086,0.086,0.088,0.088,0.087,0.086,0.088,0.086,0.087,0.087,0.086
,6:34:16,40,0.089,0.088,0.086,0.086,0.087,0.087,0.087,0.087,0.088,0.087,0.087,0.089,0.087,0.084,0.101,0.096,0.088,0.085,0.082,0.105,0.084,0.083,0.083,0.087,0.087,0.095,0.086,0.088,0.111,0.117,0.085,0.094,0.089,0.097,0.131,0.088,0.088,0.088,0.123,0.092,0.163,0.118,0.104,0.12,0.087,0.087,0.114,0.088,0.087,0.756,0.806,0.9,0.967,1.032,0.999,1.108,0.868,0.884,0.937,0.09,0.087,0.753,0.086,0.955,0.653,0.66,1.082,1.013,0.997,0.582,0.889,0.089,0.088,0.677,0.945,0.244,0.724,1.061,0.938,0.881,1.029,1.141,0.921,0.091,0.086,0.086,0.086,0.087,0.088,0.087,0.086,0.087,0.086,0.086,0.087,0.086
,6:39:16,40,0.089,0.088,0.086,0.086,0.087,0.087,0.087,0.088,0.088,0.087,0.087,0.088,0.087,0.084,0.103,0.096,0.089,0.086,0.082,0.106,0.084,0.083,0.083,0.087,0.087,0.096,0.085,0.088,0.112,0.117,0.085,0.095,0.089,0.097,0.131,0.088,0.088,0.088,0.123,0.092,0.164,0.119,0.105,0.12,0.087,0.087,0.116,0.088,0.087,0.767,0.817,0.908,0.976,1.041,1.008,1.115,0.882,0.897,0.951,0.09,0.087,0.766,0.086,0.964,0.666,0.665,1.088,1.024,1.008,0.598,0.902,0.089,0.088,0.687,0.956,0.255,0.729,1.068,0.949,0.895,1.039,1.147,0.935,0.09,0.086,0.086,0.086,0.088,0.088,0.087,0.086,0.088,0.086,0.086,0.087,0.086
,6:44:16,40,0.089,0.087,0.086,0.086,0.087,0.087,0.087,0.087,0.088,0.087,0.087,0.088,0.087,0.084,0.103,0.097,0.089,0.086,0.082,0.106,0.084,0.083,0.083,0.087,0.087,0.096,0.085,0.089,0.112,0.117,0.085,0.095,0.089,0.098,0.133,0.088,0.088,0.088,0.125,0.092,0.165,0.119,0.104,0.122,0.087,0.087,0.116,0.088,0.087,0.78,0.826,0.915,0.985,1.049,1.016,1.12,0.895,0.908,0.963,0.09,0.087,0.779,0.086,0.971,0.679,0.67,1.094,1.034,1.017,0.614,0.912,0.089,0.088,0.697,0.965,0.266,0.734,1.074,0.96,0.906,1.048,1.153,0.949,0.09,0.086,0.086,0.086,0.087,0.088,0.087,0.086,0.087,0.086,0.086,0.087,0.086
,6:49:16,40,0.09,0.088,0.086,0.086,0.087,0.087,0.087,0.087,0.088,0.087,0.087,0.088,0.087,0.084,0.104,0.098,0.089,0.086,0.082,0.106,0.084,0.083,0.083,0.087,0.087,0.096,0.085,0.089,0.113,0.119,0.086,0.096,0.089,0.098,0.133,0.087,0.088,0.089,0.124,0.092,0.166,0.12,0.104,0.122,0.087,0.087,0.116,0.088,0.087,0.788,0.836,0.921,0.993,1.058,1.025,1.127,0.908,0.919,0.977,0.09,0.087,0.792,0.086,0.98,0.692,0.671,1.099,1.044,1.028,0.629,0.923,0.089,0.088,0.706,0.976,0.279,0.739,1.081,0.971,0.919,1.059,1.159,0.963,0.091,0.086,0.086,0.086,0.088,0.088,0.087,0.086,0.088,0.086,0.086,0.087,0.086
,6:54:16,40,0.089,0.088,0.086,0.086,0.087,0.087,0.087,0.087,0.088,0.087,0.087,0.088,0.087,0.084,0.106,0.098,0.087,0.088,0.082,0.108,0.084,0.083,0.084,0.087,0.087,0.097,0.084,0.092,0.114,0.12,0.086,0.096,0.089,0.098,0.136,0.087,0.088,0.088,0.124,0.092,0.167,0.122,0.104,0.123,0.087,0.087,0.117,0.088,0.087,0.799,0.846,0.927,1.002,1.066,1.034,1.132,0.922,0.93,0.99,0.09,0.087,0.806,0.086,0.99,0.705,0.677,1.104,1.053,1.038,0.646,0.937,0.089,0.088,0.716,0.985,0.293,0.741,1.087,0.981,0.931,1.067,1.164,0.976,0.09,0.086,0.086,0.086,0.087,0.088,0.087,0.086,0.088,0.086,0.086,0.087,0.086
,6:59:16,40,0.09,0.088,0.086,0.086,0.087,0.087,0.087,0.087,0.088,0.087,0.087,0.089,0.087,0.084,0.107,0.098,0.088,0.086,0.082,0.108,0.084,0.083,0.084,0.087,0.087,0.098,0.086,0.09,0.115,0.12,0.086,0.097,0.089,0.099,0.138,0.088,0.088,0.089,0.127,0.093,0.168,0.123,0.105,0.124,0.087,0.087,0.121,0.088,0.087,0.814,0.853,0.932,1.009,1.074,1.042,1.137,0.934,0.94,1.002,0.09,0.087,0.818,0.086,0.998,0.718,0.68,1.109,1.061,1.05,0.662,0.95,0.089,0.088,0.727,0.994,0.31,0.747,1.092,0.991,0.942,1.075,1.169,0.989,0.09,0.086,0.086,0.086,0.088,0.088,0.087,0.086,0.088,0.086,0.086,0.087,0.086
,7:04:16,40,0.09,0.088,0.086,0.086,0.087,0.087,0.087,0.088,0.088,0.087,0.087,0.088,0.087,0.084,0.107,0.098,0.09,0.087,0.082,0.11,0.085,0.083,0.084,0.088,0.087,0.098,0.084,0.09,0.115,0.121,0.086,0.097,0.089,0.1,0.137,0.088,0.088,0.089,0.127,0.093,0.169,0.123,0.104,0.123,0.087,0.087,0.116,0.088,0.087,0.814,0.863,0.941,1.018,1.082,1.051,1.142,0.947,0.951,1.013,0.09,0.087,0.831,0.086,1.009,0.732,0.684,1.114,1.073,1.061,0.677,0.963,0.089,0.088,0.737,1.003,0.329,0.752,1.099,1.001,0.953,1.085,1.174,1.002,0.091,0.086,0.086,0.086,0.088,0.088,0.087,0.086,0.088,0.086,0.086,0.087,0.086
,7:09:16,40,0.09,0.088,0.086,0.087,0.087,0.087,0.087,0.087,0.088,0.087,0.087,0.088,0.087,0.084,0.109,0.099,0.085,0.086,0.082,0.109,0.084,0.083,0.084,0.088,0.087,0.099,0.086,0.09,0.116,0.123,0.086,0.098,0.089,0.1,0.139,0.087,0.088,0.089,0.128,0.093,0.17,0.124,0.105,0.126,0.087,0.088,0.118,0.088,0.087,0.83,0.872,0.945,1.026,1.089,1.057,1.147,0.959,0.962,1.025,0.09,0.087,0.843,0.086,1.016,0.744,0.687,1.12,1.08,1.072,0.693,0.974,0.089,0.088,0.745,1.011,0.347,0.754,1.104,1.01,0.963,1.092,1.178,1.014,0.091,0.086,0.086,0.086,0.087,0.088,0.087,0.086,0.088,0.086,0.087,0.087,0.086
,7:14:16,40,0.09,0.088,0.086,0.087,0.087,0.087,0.087,0.088,0.088,0.087,0.087,0.089,0.087,0.084,0.11,0.099,0.088,0.087,0.083,0.111,0.084,0.083,0.084,0.087,0.087,0.099,0.086,0.09,0.117,0.122,0.086,0.098,0.089,0.101,0.141,0.088,0.088,0.089,0.13,0.093,0.171,0.126,0.107,0.128,0.087,0.088,0.122,0.088,0.087,0.842,0.881,0.953,1.034,1.097,1.064,1.151,0.971,0.972,1.037,0.09,0.087,0.856,0.086,1.025,0.758,0.691,1.126,1.088,1.082,0.709,0.986,0.089,0.088,0.755,1.02,0.373,0.759,1.11,1.019,0.973,1.1,1.185,1.027,0.091,0.086,0.086,0.086,0.088,0.088,0.087,0.086,0.088,0.086,0.087,0.087,0.086
,7:19:16,40,0.089,0.087,0.086,0.086,0.087,0.087,0.087,0.087,0.088,0.087,0.087,0.088,0.086,0.084,0.111,0.099,0.09,0.088,0.082,0.111,0.084,0.083,0.084,0.087,0.087,0.1,0.084,0.09,0.117,0.123,0.086,0.099,0.089,0.101,0.141,0.087,0.088,0.089,0.13,0.092,0.172,0.125,0.106,0.126,0.087,0.087,0.122,0.088,0.087,0.85,0.89,0.956,1.041,1.103,1.07,1.155,0.982,0.983,1.047,0.09,0.087,0.867,0.086,1.032,0.769,0.695,1.129,1.094,1.091,0.726,0.997,0.089,0.088,0.764,1.029,0.395,0.762,1.115,1.027,0.982,1.106,1.189,1.038,0.09,0.086,0.086,0.086,0.087,0.088,0.087,0.085,0.087,0.086,0.086,0.087,0.086
,7:24:16,40,0.089,0.087,0.086,0.086,0.087,0.087,0.087,0.087,0.088,0.087,0.087,0.088,0.087,0.084,0.112,0.099,0.088,0.087,0.082,0.113,0.084,0.083,0.084,0.087,0.087,0.1,0.084,0.09,0.118,0.124,0.086,0.099,0.089,0.102,0.141,0.087,0.088,0.089,0.131,0.093,0.173,0.127,0.106,0.127,0.087,0.087,0.12,0.088,0.087,0.854,0.897,0.964,1.05,1.109,1.076,1.159,0.992,0.994,1.058,0.09,0.087,0.881,0.086,1.042,0.783,0.7,1.133,1.101,1.101,0.743,1.008,0.089,0.088,0.775,1.039,0.411,0.766,1.121,1.036,0.993,1.114,1.194,1.049,0.09,0.086,0.086,0.086,0.087,0.088,0.087,0.086,0.088,0.086,0.086,0.087,0.086
,7:29:16,40,0.089,0.088,0.086,0.086,0.087,0.087,0.087,0.087,0.088,0.087,0.087,0.088,0.087,0.084,0.114,0.1,0.088,0.088,0.082,0.114,0.085,0.083,0.084,0.087,0.087,0.101,0.084,0.091,0.119,0.125,0.086,0.1,0.089,0.103,0.143,0.088,0.088,0.089,0.132,0.093,0.173,0.128,0.107,0.129,0.087,0.088,0.121,0.088,0.087,0.866,0.904,0.97,1.057,1.116,1.081,1.163,1.002,1.004,1.069,0.09,0.087,0.892,0.086,1.048,0.796,0.704,1.137,1.106,1.11,0.759,1.018,0.089,0.088,0.786,1.047,0.424,0.769,1.125,1.043,1.003,1.12,1.198,1.06,0.09,0.086,0.086,0.086,0.087,0.088,0.087,0.086,0.087,0.086,0.087,0.087,0.086
,7:34:16,40,0.089,0.087,0.086,0.087,0.087,0.087,0.087,0.087,0.088,0.087,0.087,0.088,0.087,0.084,0.115,0.1,0.092,0.09,0.083,0.114,0.085,0.083,0.085,0.087,0.087,0.102,0.084,0.091,0.12,0.125,0.087,0.101,0.089,0.103,0.145,0.088,0.088,0.089,0.134,0.093,0.175,0.129,0.107,0.131,0.088,0.088,0.123,0.088,0.087,0.877,0.912,0.974,1.063,1.123,1.087,1.167,1.012,1.014,1.078,0.09,0.087,0.902,0.087,1.055,0.808,0.707,1.14,1.109,1.119,0.775,1.027,0.089,0.088,0.795,1.055,0.44,0.772,1.13,1.051,1.013,1.126,1.201,1.07,0.09,0.086,0.086,0.086,0.087,0.088,0.087,0.086,0.087,0.086,0.086,0.087,0.086
,7:39:16,40,0.09,0.088,0.086,0.086,0.087,0.087,0.087,0.087,0.088,0.087,0.087,0.089,0.087,0.084,0.117,0.1,0.09,0.089,0.083,0.115,0.085,0.083,0.084,0.087,0.087,0.102,0.084,0.091,0.121,0.126,0.087,0.102,0.089,0.104,0.145,0.088,0.088,0.089,0.133,0.093,0.176,0.129,0.107,0.131,0.088,0.088,0.124,0.088,0.087,0.884,0.919,0.979,1.07,1.129,1.093,1.169,1.022,1.024,1.088,0.09,0.087,0.913,0.086,1.063,0.821,0.712,1.144,1.115,1.127,0.791,1.036,0.089,0.088,0.804,1.063,0.453,0.777,1.134,1.058,1.022,1.132,1.205,1.08,0.091,0.086,0.086,0.086,0.087,0.088,0.087,0.086,0.088,0.086,0.086,0.087,0.086
,7:44:16,40,0.09,0.088,0.086,0.087,0.087,0.087,0.087,0.087,0.088,0.087,0.087,0.089,0.087,0.085,0.118,0.101,0.091,0.089,0.083,0.116,0.085,0.083,0.085,0.087,0.087,0.103,0.084,0.092,0.121,0.127,0.087,0.102,0.089,0.105,0.146,0.088,0.088,0.09,0.135,0.093,0.177,0.13,0.107,0.131,0.088,0.088,0.125,0.088,0.087,0.887,0.927,0.986,1.078,1.135,1.098,1.175,1.032,1.034,1.097,0.09,0.087,0.924,0.087,1.071,0.833,0.717,1.147,1.119,1.135,0.806,1.046,0.089,0.088,0.814,1.072,0.471,0.782,1.139,1.066,1.032,1.138,1.209,1.09,0.091,0.086,0.086,0.086,0.088,0.088,0.087,0.086,0.088,0.086,0.086,0.087,0.086
,7:49:16,39.9,0.089,0.088,0.086,0.086,0.087,0.087,0.087,0.087,0.088,0.087,0.086,0.088,0.087,0.084,0.119,0.101,0.09,0.089,0.082,0.117,0.084,0.083,0.085,0.087,0.087,0.105,0.084,0.092,0.122,0.128,0.087,0.103,0.089,0.105,0.147,0.087,0.088,0.09,0.135,0.093,0.177,0.132,0.108,0.132,0.088,0.089,0.126,0.088,0.087,0.895,0.933,0.99,1.084,1.139,1.104,1.18,1.042,1.044,1.107,0.09,0.087,0.933,0.086,1.079,0.845,0.714,1.151,1.123,1.143,0.821,1.054,0.089,0.088,0.822,1.079,0.487,0.785,1.144,1.073,1.041,1.145,1.212,1.099,0.09,0.086,0.086,0.086,0.087,0.088,0.087,0.086,0.087,0.086,0.086,0.087,0.086
,7:54:16,40,0.089,0.087,0.086,0.086,0.087,0.087,0.087,0.087,0.088,0.087,0.087,0.088,0.087,0.084,0.12,0.101,0.088,0.09,0.082,0.118,0.085,0.083,0.085,0.087,0.087,0.104,0.084,0.093,0.123,0.128,0.087,0.104,0.089,0.106,0.148,0.087,0.088,0.09,0.137,0.093,0.178,0.133,0.107,0.134,0.088,0.089,0.127,0.088,0.087,0.911,0.939,0.994,1.088,1.143,1.109,1.183,1.052,1.052,1.117,0.09,0.087,0.941,0.087,1.086,0.856,0.718,1.154,1.126,1.149,0.835,1.062,0.089,0.088,0.831,1.085,0.504,0.79,1.148,1.08,1.048,1.151,1.216,1.107,0.09,0.086,0.086,0.086,0.088,0.088,0.087,0.086,0.088,0.086,0.087,0.087,0.086
,7:59:16,40,0.089,0.088,0.086,0.086,0.087,0.087,0.087,0.087,0.088,0.087,0.087,0.089,0.087,0.085,0.121,0.102,0.09,0.089,0.083,0.119,0.085,0.083,0.085,0.087,0.087,0.108,0.084,0.093,0.123,0.13,0.087,0.105,0.089,0.107,0.148,0.087,0.088,0.09,0.136,0.093,0.179,0.132,0.106,0.133,0.089,0.089,0.13,0.088,0.087,0.911,0.946,1.002,1.095,1.148,1.115,1.188,1.062,1.061,1.127,0.09,0.087,0.951,0.086,1.093,0.868,0.72,1.157,1.129,1.156,0.85,1.072,0.089,0.088,0.839,1.093,0.527,0.795,1.154,1.087,1.057,1.156,1.22,1.117,0.09,0.086,0.086,0.086,0.088,0.088,0.087,0.086,0.088,0.086,0.086,0.087,0.086
,8:04:16,40,0.089,0.088,0.087,0.086,0.087,0.087,0.087,0.087,0.088,0.087,0.087,0.088,0.087,0.084,0.121,0.102,0.087,0.091,0.083,0.119,0.085,0.083,0.086,0.087,0.087,0.106,0.084,0.093,0.124,0.13,0.088,0.105,0.089,0.108,0.15,0.088,0.088,0.09,0.14,0.093,0.18,0.135,0.109,0.136,0.089,0.089,0.131,0.088,0.087,0.926,0.951,1.004,1.099,1.151,1.12,1.191,1.07,1.069,1.136,0.09,0.087,0.957,0.086,1.098,0.879,0.724,1.158,1.131,1.163,0.864,1.079,0.089,0.088,0.847,1.099,0.541,0.796,1.158,1.093,1.064,1.16,1.223,1.125,0.09,0.086,0.086,0.086,0.088,0.088,0.087,0.086,0.088,0.086,0.087,0.087,0.086
,8:09:16,40,0.089,0.088,0.086,0.086,0.087,0.087,0.087,0.087,0.088,0.087,0.087,0.088,0.087,0.084,0.122,0.102,0.091,0.092,0.083,0.119,0.085,0.083,0.087,0.087,0.087,0.11,0.084,0.094,0.125,0.13,0.088,0.106,0.089,0.109,0.151,0.087,0.088,0.09,0.138,0.093,0.181,0.135,0.108,0.137,0.089,0.089,0.133,0.088,0.087,0.935,0.958,1.009,1.104,1.155,1.125,1.194,1.079,1.077,1.144,0.09,0.087,0.966,0.086,1.102,0.89,0.726,1.16,1.134,1.17,0.877,1.089,0.089,0.088,0.856,1.105,0.554,0.799,1.161,1.099,1.071,1.163,1.226,1.132,0.09,0.086,0.086,0.086,0.088,0.088,0.087,0.086,0.087,0.086,0.086,0.087,0.086
,8:14:16,40,0.089,0.088,0.086,0.086,0.087,0.087,0.087,0.087,0.088,0.087,0.087,0.088,0.087,0.084,0.123,0.102,0.09,0.092,0.083,0.121,0.085,0.083,0.087,0.087,0.087,0.109,0.084,0.094,0.126,0.132,0.088,0.107,0.09,0.11,0.151,0.087,0.088,0.09,0.14,0.093,0.182,0.136,0.108,0.138,0.089,0.09,0.136,0.088,0.087,0.943,0.963,1.012,1.108,1.157,1.13,1.196,1.086,1.085,1.152,0.09,0.087,0.975,0.086,1.106,0.9,0.73,1.163,1.137,1.176,0.891,1.097,0.089,0.088,0.866,1.112,0.566,0.805,1.165,1.105,1.078,1.166,1.228,1.141,0.09,0.086,0.086,0.086,0.087,0.088,0.087,0.086,0.087,0.086,0.086,0.087,0.086
,8:19:16,40,0.09,0.088,0.086,0.087,0.087,0.087,0.087,0.087,0.088,0.087,0.087,0.089,0.087,0.084,0.124,0.103,0.09,0.091,0.083,0.121,0.085,0.083,0.087,0.087,0.087,0.112,0.084,0.095,0.127,0.132,0.088,0.108,0.09,0.111,0.152,0.088,0.088,0.091,0.14,0.093,0.183,0.137,0.109,0.138,0.089,0.09,0.137,0.088,0.087,0.949,0.969,1.017,1.114,1.161,1.136,1.199,1.094,1.092,1.16,0.09,0.087,0.984,0.086,1.109,0.912,0.735,1.165,1.14,1.182,0.904,1.105,0.089,0.088,0.875,1.118,0.579,0.81,1.169,1.113,1.085,1.17,1.232,1.148,0.09,0.086,0.086,0.086,0.088,0.088,0.087,0.086,0.088,0.086,0.087,0.087,0.086
,8:24:16,40,0.09,0.088,0.086,0.087,0.087,0.087,0.087,0.088,0.089,0.087,0.087,0.088,0.087,0.084,0.125,0.104,0.089,0.092,0.083,0.122,0.085,0.083,0.087,0.088,0.087,0.11,0.084,0.096,0.128,0.133,0.088,0.109,0.09,0.112,0.153,0.088,0.088,0.091,0.141,0.093,0.184,0.139,0.109,0.14,0.09,0.091,0.14,0.088,0.087,0.959,0.977,1.021,1.117,1.163,1.141,1.201,1.102,1.097,1.168,0.09,0.087,0.994,0.087,1.113,0.923,0.738,1.166,1.143,1.186,0.916,1.112,0.089,0.088,0.886,1.124,0.591,0.813,1.172,1.119,1.091,1.173,1.234,1.157,0.09,0.086,0.086,0.087,0.088,0.088,0.087,0.086,0.088,0.086,0.087,0.087,0.086
,8:29:16,40,0.089,0.088,0.086,0.086,0.087,0.087,0.087,0.088,0.088,0.087,0.087,0.088,0.087,0.084,0.126,0.104,0.089,0.093,0.083,0.122,0.086,0.083,0.088,0.087,0.087,0.112,0.085,0.096,0.129,0.134,0.089,0.11,0.09,0.113,0.154,0.088,0.088,0.091,0.142,0.093,0.185,0.139,0.109,0.142,0.09,0.091,0.141,0.088,0.087,0.969,0.984,1.024,1.122,1.166,1.146,1.203,1.109,1.101,1.176,0.09,0.087,1.001,0.086,1.116,0.933,0.74,1.167,1.144,1.19,0.928,1.118,0.089,0.088,0.894,1.13,0.603,0.816,1.174,1.124,1.097,1.176,1.236,1.165,0.09,0.086,0.086,0.086,0.088,0.088,0.087,0.086,0.088,0.086,0.086,0.087,0.086
,8:34:16,40,0.09,0.088,0.086,0.087,0.087,0.087,0.087,0.088,0.088,0.087,0.087,0.088,0.087,0.084,0.127,0.104,0.089,0.092,0.084,0.123,0.085,0.083,0.087,0.087,0.087,0.114,0.084,0.097,0.13,0.133,0.089,0.111,0.09,0.114,0.154,0.088,0.088,0.091,0.143,0.093,0.186,0.14,0.11,0.142,0.09,0.091,0.141,0.088,0.087,0.973,0.992,1.028,1.127,1.168,1.151,1.206,1.119,1.105,1.183,0.09,0.087,1.01,0.087,1.119,0.943,0.741,1.17,1.147,1.194,0.94,1.124,0.089,0.088,0.902,1.135,0.615,0.82,1.178,1.129,1.104,1.179,1.239,1.173,0.091,0.086,0.086,0.086,0.088,0.088,0.087,0.086,0.088,0.086,0.087,0.087,0.086
,8:39:16,40,0.089,0.088,0.086,0.086,0.087,0.087,0.087,0.087,0.088,0.087,0.086,0.088,0.087,0.084,0.128,0.105,0.088,0.092,0.083,0.124,0.086,0.083,0.088,0.087,0.087,0.112,0.085,0.097,0.131,0.135,0.089,0.112,0.09,0.114,0.155,0.087,0.088,0.091,0.144,0.093,0.186,0.141,0.111,0.144,0.09,0.091,0.142,0.088,0.087,0.982,0.997,1.031,1.13,1.17,1.154,1.206,1.125,1.109,1.188,0.09,0.087,1.017,0.086,1.12,0.953,0.745,1.17,1.148,1.197,0.951,1.129,0.089,0.088,0.909,1.139,0.625,0.821,1.18,1.133,1.108,1.182,1.241,1.179,0.09,0.086,0.086,0.086,0.087,0.088,0.087,0.085,0.088,0.086,0.086,0.087,0.086
,8:44:16,40,0.09,0.088,0.086,0.086,0.087,0.087,0.087,0.087,0.088,0.087,0.087,0.088,0.087,0.084,0.13,0.106,0.088,0.093,0.083,0.126,0.086,0.083,0.088,0.087,0.087,0.114,0.085,0.101,0.132,0.136,0.089,0.113,0.09,0.116,0.155,0.088,0.088,0.092,0.146,0.093,0.187,0.141,0.111,0.145,0.09,0.092,0.143,0.088,0.087,0.987,1.002,1.034,1.135,1.172,1.159,1.209,1.131,1.113,1.193,0.09,0.087,1.026,0.087,1.123,0.962,0.746,1.172,1.15,1.2,0.962,1.135,0.089,0.088,0.916,1.144,0.636,0.825,1.183,1.136,1.114,1.185,1.242,1.184,0.09,0.086,0.086,0.086,0.088,0.088,0.087,0.086,0.088,0.086,0.086,0.087,0.086
,8:49:16,40,0.089,0.088,0.086,0.086,0.087,0.087,0.087,0.088,0.088,0.087,0.087,0.088,0.087,0.084,0.131,0.107,0.091,0.09,0.084,0.127,0.085,0.083,0.088,0.087,0.087,0.114,0.085,0.099,0.132,0.136,0.09,0.114,0.09,0.117,0.157,0.087,0.088,0.092,0.145,0.093,0.188,0.143,0.111,0.146,0.091,0.093,0.146,0.088,0.087,0.992,1.008,1.04,1.139,1.175,1.164,1.212,1.137,1.117,1.197,0.09,0.087,1.035,0.086,1.127,0.972,0.75,1.173,1.154,1.204,0.974,1.139,0.089,0.088,0.925,1.15,0.648,0.827,1.188,1.141,1.121,1.189,1.244,1.189,0.09,0.086,0.086,0.086,0.087,0.088,0.087,0.086,0.088,0.086,0.087,0.087,0.086
,8:54:16,40,0.089,0.088,0.086,0.087,0.087,0.087,0.087,0.087,0.088,0.087,0.087,0.088,0.087,0.084,0.132,0.107,0.09,0.092,0.084,0.127,0.086,0.083,0.089,0.087,0.087,0.117,0.085,0.099,0.134,0.136,0.09,0.115,0.09,0.118,0.157,0.087,0.088,0.092,0.146,0.093,0.189,0.142,0.113,0.147,0.091,0.093,0.146,0.088,0.087,1.002,1.011,1.042,1.143,1.176,1.167,1.214,1.142,1.12,1.202,0.09,0.087,1.04,0.086,1.128,0.981,0.752,1.173,1.155,1.206,0.985,1.143,0.089,0.088,0.93,1.153,0.657,0.829,1.189,1.144,1.129,1.192,1.245,1.193,0.09,0.086,0.086,0.086,0.088,0.088,0.087,0.086,0.087,0.086,0.086,0.087,0.086
,8:59:16,39.9,0.089,0.088,0.086,0.086,0.087,0.087,0.087,0.087,0.088,0.087,0.087,0.088,0.087,0.084,0.133,0.107,0.089,0.093,0.084,0.128,0.086,0.083,0.09,0.087,0.087,0.118,0.085,0.1,0.134,0.137,0.091,0.116,0.09,0.119,0.158,0.087,0.088,0.093,0.146,0.094,0.19,0.143,0.111,0.147,0.091,0.093,0.147,0.088,0.087,1.006,1.015,1.046,1.146,1.178,1.171,1.216,1.146,1.124,1.205,0.09,0.087,1.048,0.086,1.131,0.989,0.754,1.174,1.159,1.209,0.997,1.147,0.089,0.088,0.938,1.157,0.668,0.83,1.192,1.147,1.135,1.196,1.246,1.198,0.09,0.086,0.086,0.086,0.087,0.088,0.087,0.086,0.088,0.086,0.086,0.087,0.086
,9:04:16,40,0.089,0.088,0.086,0.086,0.087,0.087,0.087,0.087,0.088,0.087,0.087,0.088,0.087,0.084,0.133,0.108,0.089,0.094,0.084,0.131,0.086,0.083,0.089,0.087,0.087,0.117,0.085,0.1,0.135,0.137,0.091,0.117,0.09,0.12,0.158,0.087,0.088,0.093,0.148,0.093,0.19,0.144,0.112,0.148,0.092,0.093,0.146,0.088,0.087,1.007,1.018,1.049,1.149,1.181,1.175,1.219,1.15,1.127,1.209,0.09,0.087,1.054,0.087,1.133,0.998,0.758,1.175,1.16,1.212,1.007,1.151,0.089,0.088,0.944,1.162,0.678,0.831,1.195,1.15,1.139,1.199,1.247,1.201,0.09,0.086,0.086,0.086,0.087,0.088,0.087,0.086,0.088,0.086,0.086,0.087,0.086
,9:09:16,40,0.09,0.088,0.086,0.086,0.087,0.087,0.087,0.088,0.089,0.087,0.087,0.089,0.087,0.084,0.133,0.109,0.093,0.095,0.084,0.13,0.087,0.083,0.09,0.087,0.087,0.122,0.084,0.101,0.135,0.139,0.091,0.118,0.09,0.122,0.159,0.088,0.088,0.093,0.151,0.094,0.191,0.146,0.113,0.149,0.092,0.094,0.149,0.088,0.087,1.018,1.023,1.051,1.152,1.183,1.178,1.22,1.154,1.13,1.212,0.09,0.087,1.061,0.087,1.134,1.005,0.759,1.175,1.162,1.215,1.019,1.153,0.089,0.088,0.95,1.167,0.686,0.834,1.197,1.152,1.144,1.201,1.248,1.205,0.09,0.086,0.086,0.086,0.088,0.088,0.087,0.086,0.088,0.086,0.087,0.087,0.086
,9:14:16,39.9,0.089,0.088,0.086,0.086,0.087,0.087,0.087,0.087,0.088,0.087,0.087,0.088,0.087,0.084,0.136,0.11,0.092,0.095,0.084,0.131,0.087,0.083,0.091,0.087,0.087,0.122,0.084,0.102,0.136,0.139,0.092,0.119,0.09,0.122,0.16,0.087,0.088,0.094,0.15,0.094,0.192,0.146,0.112,0.15,0.093,0.094,0.148,0.088,0.087,1.023,1.026,1.054,1.154,1.186,1.182,1.223,1.157,1.132,1.216,0.09,0.087,1.067,0.087,1.137,1.012,0.764,1.175,1.163,1.218,1.03,1.157,0.089,0.088,0.957,1.171,0.695,0.834,1.199,1.155,1.146,1.204,1.249,1.208,0.09,0.086,0.086,0.086,0.087,0.088,0.087,0.086,0.087,0.086,0.086,0.087,0.086
,9:19:16,40,0.089,0.088,0.086,0.087,0.087,0.087,0.087,0.087,0.088,0.087,0.087,0.088,0.087,0.084,0.135,0.111,0.092,0.096,0.084,0.132,0.087,0.083,0.09,0.087,0.087,0.122,0.084,0.103,0.137,0.14,0.092,0.12,0.091,0.124,0.16,0.087,0.088,0.094,0.152,0.094,0.193,0.147,0.115,0.152,0.093,0.095,0.149,0.088,0.087,1.03,1.029,1.055,1.156,1.188,1.184,1.224,1.161,1.135,1.219,0.09,0.087,1.072,0.087,1.138,1.019,0.765,1.175,1.163,1.22,1.04,1.159,0.089,0.088,0.962,1.175,0.704,0.834,1.201,1.157,1.149,1.206,1.249,1.211,0.09,0.086,0.086,0.086,0.088,0.088,0.087,0.086,0.087,0.086,0.087,0.087,0.086
,9:24:16,40,0.089,0.088,0.086,0.086,0.087,0.087,0.087,0.087,0.088,0.087,0.087,0.088,0.087,0.084,0.137,0.111,0.091,0.097,0.084,0.133,0.088,0.083,0.09,0.087,0.087,0.123,0.084,0.104,0.138,0.14,0.093,0.122,0.091,0.125,0.161,0.087,0.088,0.094,0.152,0.094,0.194,0.147,0.113,0.152,0.094,0.096,0.152,0.088,0.087,1.033,1.032,1.058,1.158,1.189,1.187,1.226,1.164,1.138,1.221,0.09,0.087,1.077,0.086,1.139,1.026,0.766,1.175,1.165,1.222,1.05,1.161,0.089,0.088,0.967,1.178,0.712,0.835,1.203,1.159,1.152,1.208,1.249,1.215,0.09,0.086,0.086,0.086,0.087,0.088,0.087,0.086,0.087,0.086,0.086,0.087,0.086
,9:29:16,40,0.09,0.088,0.086,0.086,0.087,0.087,0.087,0.087,0.088,0.087,0.087,0.088,0.087,0.084,0.138,0.113,0.091,0.097,0.085,0.133,0.088,0.083,0.092,0.087,0.087,0.124,0.084,0.105,0.138,0.14,0.093,0.123,0.091,0.126,0.16,0.088,0.088,0.095,0.152,0.094,0.195,0.148,0.114,0.153,0.094,0.096,0.151,0.088,0.087,1.04,1.035,1.06,1.161,1.191,1.189,1.227,1.167,1.14,1.225,0.09,0.087,1.084,0.086,1.142,1.033,0.767,1.175,1.168,1.226,1.06,1.164,0.089,0.088,0.975,1.181,0.721,0.836,1.205,1.161,1.154,1.211,1.25,1.219,0.091,0.086,0.086,0.086,0.088,0.088,0.087,0.086,0.088,0.086,0.087,0.087,0.086
,9:34:16,40,0.089,0.088,0.086,0.086,0.087,0.087,0.087,0.087,0.088,0.087,0.087,0.088,0.087,0.084,0.139,0.113,0.092,0.098,0.085,0.135,0.088,0.083,0.091,0.087,0.087,0.126,0.085,0.105,0.139,0.139,0.094,0.124,0.091,0.128,0.161,0.088,0.088,0.096,0.153,0.094,0.195,0.149,0.116,0.154,0.094,0.096,0.152,0.088,0.087,1.046,1.038,1.06,1.162,1.192,1.191,1.228,1.17,1.142,1.227,0.09,0.087,1.088,0.086,1.142,1.04,0.768,1.174,1.17,1.228,1.069,1.166,0.089,0.088,0.98,1.183,0.729,0.835,1.207,1.163,1.156,1.212,1.25,1.222,0.09,0.086,0.086,0.086,0.087,0.088,0.087,0.086,0.088,0.086,0.087,0.087,0.086
,9:39:16,40,0.09,0.088,0.086,0.086,0.087,0.087,0.087,0.088,0.088,0.087,0.087,0.088,0.087,0.084,0.138,0.114,0.091,0.099,0.085,0.136,0.088,0.083,0.092,0.087,0.087,0.126,0.085,0.108,0.139,0.139,0.095,0.126,0.091,0.129,0.162,0.088,0.088,0.096,0.153,0.094,0.196,0.15,0.116,0.154,0.095,0.097,0.153,0.088,0.087,1.048,1.041,1.063,1.165,1.194,1.194,1.229,1.172,1.144,1.23,0.09,0.087,1.093,0.087,1.144,1.047,0.77,1.174,1.173,1.229,1.08,1.169,0.089,0.088,0.986,1.187,0.737,0.836,1.208,1.166,1.159,1.214,1.251,1.226,0.09,0.086,0.086,0.086,0.088,0.088,0.087,0.086,0.088,0.086,0.087,0.087,0.086
,9:44:16,40,0.089,0.088,0.086,0.086,0.087,0.087,0.087,0.087,0.088,0.087,0.087,0.088,0.087,0.084,0.14,0.115,0.087,0.099,0.085,0.136,0.088,0.083,0.092,0.087,0.087,0.129,0.084,0.107,0.14,0.138,0.095,0.126,0.091,0.13,0.163,0.087,0.088,0.096,0.154,0.094,0.197,0.151,0.116,0.156,0.095,0.098,0.154,0.088,0.087,1.052,1.043,1.063,1.167,1.194,1.197,1.23,1.175,1.146,1.233,0.09,0.087,1.098,0.087,1.146,1.054,0.771,1.173,1.174,1.23,1.089,1.17,0.089,0.088,0.992,1.189,0.745,0.835,1.211,1.168,1.159,1.215,1.25,1.229,0.09,0.086,0.086,0.086,0.088,0.088,0.087,0.086,0.087,0.086,0.086,0.087,0.086
,9:49:16,39.9,0.089,0.088,0.086,0.086,0.087,0.087,0.087,0.087,0.088,0.087,0.087,0.088,0.087,0.084,0.14,0.116,0.092,0.1,0.086,0.137,0.089,0.083,0.092,0.087,0.087,0.13,0.085,0.108,0.14,0.139,0.096,0.127,0.091,0.131,0.162,0.088,0.088,0.097,0.154,0.094,0.197,0.151,0.117,0.156,0.096,0.098,0.155,0.088,0.087,1.056,1.046,1.066,1.169,1.196,1.199,1.23,1.177,1.148,1.236,0.09,0.087,1.104,0.086,1.147,1.061,0.771,1.173,1.175,1.232,1.098,1.173,0.089,0.088,0.998,1.191,0.754,0.836,1.212,1.17,1.161,1.215,1.251,1.233,0.09,0.086,0.086,0.086,0.088,0.088,0.087,0.086,0.088,0.086,0.087,0.087,0.086
,9:54:16,40,0.09,0.088,0.086,0.087,0.087,0.087,0.087,0.088,0.088,0.087,0.087,0.089,0.087,0.084,0.141,0.118,0.092,0.1,0.086,0.138,0.089,0.084,0.093,0.087,0.087,0.131,0.085,0.109,0.141,0.139,0.096,0.129,0.091,0.133,0.164,0.087,0.088,0.098,0.157,0.094,0.194,0.153,0.119,0.158,0.097,0.1,0.157,0.088,0.087,1.062,1.048,1.066,1.171,1.196,1.201,1.231,1.18,1.151,1.239,0.09,0.087,1.109,0.087,1.149,1.066,0.77,1.173,1.174,1.234,1.105,1.175,0.089,0.088,1.005,1.194,0.759,0.835,1.213,1.172,1.163,1.215,1.251,1.236,0.09,0.086,0.086,0.086,0.087,0.088,0.087,0.086,0.088,0.086,0.087,0.087,0.086
,9:59:16,40,0.089,0.087,0.086,0.086,0.087,0.087,0.087,0.087,0.088,0.087,0.086,0.088,0.087,0.084,0.141,0.117,0.091,0.101,0.086,0.138,0.09,0.083,0.093,0.087,0.087,0.131,0.084,0.11,0.141,0.14,0.097,0.13,0.092,0.134,0.163,0.088,0.088,0.098,0.154,0.094,0.195,0.153,0.118,0.158,0.098,0.1,0.158,0.088,0.087,1.061,1.05,1.067,1.174,1.197,1.205,1.231,1.184,1.152,1.242,0.09,0.087,1.113,0.086,1.151,1.073,0.772,1.172,1.175,1.236,1.111,1.177,0.089,0.088,1.01,1.198,0.768,0.835,1.215,1.174,1.165,1.216,1.251,1.238,0.09,0.086,0.086,0.086,0.088,0.088,0.087,0.086,0.087,0.086,0.087,0.087,0.086
,10:04:16,40,0.089,0.088,0.086,0.086,0.087,0.087,0.087,0.087,0.088,0.087,0.087,0.088,0.087,0.084,0.141,0.118,0.091,0.101,0.086,0.14,0.09,0.083,0.095,0.087,0.087,0.132,0.084,0.111,0.142,0.14,0.098,0.131,0.092,0.135,0.163,0.088,0.088,0.099,0.155,0.094,0.198,0.152,0.117,0.158,0.098,0.1,0.159,0.088,0.087,1.065,1.051,1.068,1.176,1.197,1.207,1.232,1.186,1.154,1.245,0.09,0.087,1.118,0.086,1.152,1.078,0.771,1.172,1.175,1.238,1.117,1.179,0.089,0.088,1.015,1.199,0.774,0.835,1.216,1.176,1.167,1.217,1.251,1.241,0.09,0.086,0.086,0.086,0.088,0.088,0.087,0.086,0.088,0.086,0.087,0.087,0.086
,10:09:16,40,0.09,0.088,0.086,0.087,0.087,0.087,0.087,0.088,0.088,0.087,0.087,0.089,0.087,0.085,0.142,0.118,0.092,0.102,0.087,0.14,0.09,0.084,0.095,0.088,0.087,0.134,0.085,0.112,0.142,0.141,0.099,0.132,0.092,0.137,0.164,0.088,0.088,0.1,0.156,0.094,0.195,0.155,0.121,0.16,0.099,0.102,0.16,0.088,0.087,1.071,1.052,1.069,1.178,1.198,1.21,1.232,1.188,1.156,1.248,0.09,0.087,1.123,0.087,1.153,1.084,0.765,1.171,1.174,1.239,1.124,1.181,0.089,0.088,1.02,1.2,0.782,0.834,1.216,1.178,1.168,1.217,1.252,1.244,0.09,0.087,0.086,0.086,0.088,0.088,0.087,0.086,0.088,0.086,0.087,0.087,0.086
,10:14:16,40,0.09,0.088,0.086,0.087,0.087,0.087,0.087,0.088,0.088,0.087,0.087,0.089,0.087,0.084,0.142,0.119,0.094,0.103,0.087,0.142,0.091,0.084,0.096,0.088,0.087,0.138,0.085,0.113,0.143,0.141,0.099,0.134,0.092,0.137,0.164,0.088,0.088,0.1,0.156,0.094,0.198,0.156,0.12,0.161,0.1,0.102,0.161,0.088,0.087,1.073,1.054,1.071,1.181,1.2,1.212,1.232,1.19,1.158,1.251,0.09,0.087,1.128,0.087,1.155,1.089,0.765,1.171,1.173,1.24,1.129,1.183,0.089,0.088,1.024,1.202,0.792,0.833,1.217,1.18,1.17,1.217,1.251,1.245,0.09,0.087,0.086,0.086,0.088,0.088,0.087,0.086,0.088,0.086,0.087,0.087,0.086
,10:19:16,40,0.089,0.088,0.086,0.086,0.087,0.087,0.087,0.087,0.088,0.087,0.087,0.088,0.087,0.084,0.143,0.12,0.093,0.104,0.087,0.143,0.091,0.084,0.096,0.087,0.087,0.138,0.085,0.114,0.143,0.142,0.101,0.135,0.092,0.137,0.164,0.087,0.088,0.101,0.157,0.094,0.199,0.156,0.121,0.163,0.1,0.103,0.162,0.088,0.087,1.075,1.054,1.073,1.182,1.202,1.214,1.232,1.19,1.159,1.252,0.09,0.087,1.132,0.086,1.157,1.094,0.766,1.17,1.173,1.24,1.134,1.183,0.089,0.088,1.029,1.204,0.801,0.832,1.218,1.183,1.171,1.217,1.251,1.247,0.09,0.086,0.086,0.086,0.087,0.088,0.087,0.086,0.088,0.086,0.087,0.087,0.086
,10:24:16,40,0.09,0.088,0.086,0.087,0.087,0.087,0.087,0.088,0.088,0.087,0.087,0.088,0.087,0.084,0.143,0.12,0.093,0.105,0.088,0.144,0.092,0.084,0.097,0.088,0.087,0.137,0.085,0.116,0.144,0.143,0.101,0.138,0.093,0.139,0.164,0.087,0.088,0.102,0.158,0.094,0.198,0.157,0.124,0.163,0.101,0.103,0.164,0.088,0.087,1.081,1.055,1.073,1.184,1.204,1.217,1.233,1.192,1.161,1.254,0.09,0.087,1.136,0.087,1.157,1.099,0.764,1.17,1.171,1.24,1.138,1.184,0.089,0.088,1.032,1.206,0.808,0.832,1.218,1.184,1.172,1.217,1.251,1.25,0.09,0.086,0.086,0.086,0.087,0.088,0.087,0.086,0.088,0.086,0.087,0.087,0.086
,10:29:16,40,0.09,0.088,0.086,0.087,0.087,0.087,0.087,0.088,0.089,0.087,0.087,0.088,0.087,0.084,0.143,0.121,0.095,0.105,0.088,0.145,0.092,0.084,0.098,0.087,0.087,0.137,0.085,0.117,0.145,0.142,0.101,0.139,0.093,0.14,0.164,0.088,0.088,0.103,0.158,0.095,0.199,0.158,0.122,0.165,0.102,0.105,0.165,0.088,0.087,1.083,1.056,1.075,1.186,1.206,1.219,1.233,1.193,1.163,1.257,0.09,0.087,1.14,0.087,1.158,1.104,0.761,1.169,1.17,1.242,1.143,1.185,0.089,0.088,1.035,1.208,0.817,0.831,1.219,1.186,1.174,1.218,1.251,1.251,0.091,0.086,0.086,0.086,0.088,0.088,0.088,0.086,0.088,0.086,0.087,0.087,0.086
,10:34:16,40,0.089,0.087,0.086,0.087,0.087,0.087,0.087,0.087,0.088,0.087,0.087,0.088,0.087,0.084,0.144,0.122,0.092,0.106,0.087,0.146,0.093,0.084,0.098,0.087,0.087,0.138,0.084,0.117,0.146,0.14,0.104,0.14,0.093,0.141,0.164,0.087,0.088,0.103,0.157,0.094,0.2,0.158,0.119,0.164,0.102,0.105,0.166,0.088,0.087,1.084,1.056,1.077,1.187,1.207,1.222,1.233,1.194,1.165,1.258,0.09,0.087,1.144,0.086,1.159,1.108,0.761,1.168,1.168,1.242,1.147,1.186,0.089,0.088,1.039,1.209,0.826,0.83,1.219,1.187,1.175,1.217,1.25,1.253,0.09,0.086,0.086,0.086,0.087,0.088,0.087,0.086,0.087,0.086,0.087,0.087,0.086
,10:39:16,40,0.089,0.088,0.086,0.086,0.087,0.087,0.087,0.087,0.088,0.087,0.087,0.088,0.087,0.084,0.144,0.123,0.095,0.107,0.088,0.147,0.092,0.084,0.097,0.087,0.087,0.139,0.084,0.118,0.146,0.14,0.104,0.143,0.093,0.143,0.166,0.087,0.088,0.104,0.161,0.094,0.199,0.158,0.127,0.167,0.104,0.106,0.169,0.088,0.087,1.09,1.056,1.077,1.188,1.208,1.223,1.232,1.196,1.167,1.26,0.09,0.087,1.147,0.086,1.159,1.113,0.757,1.167,1.165,1.242,1.15,1.187,0.091,0.088,1.04,1.21,0.829,0.828,1.218,1.188,1.175,1.217,1.25,1.255,0.09,0.086,0.086,0.086,0.088,0.088,0.087,0.086,0.087,0.086,0.086,0.087,0.086
,10:44:16,40,0.089,0.087,0.086,0.086,0.087,0.087,0.087,0.087,0.088,0.087,0.087,0.088,0.087,0.084,0.145,0.124,0.093,0.107,0.089,0.148,0.094,0.084,0.1,0.087,0.087,0.14,0.084,0.119,0.148,0.143,0.103,0.146,0.093,0.144,0.165,0.088,0.088,0.105,0.16,0.094,0.2,0.162,0.126,0.165,0.104,0.107,0.168,0.088,0.087,1.092,1.058,1.08,1.19,1.208,1.226,1.233,1.198,1.17,1.262,0.09,0.087,1.153,0.086,1.161,1.121,0.756,1.167,1.165,1.242,1.154,1.188,0.089,0.088,1.044,1.213,0.841,0.827,1.22,1.189,1.178,1.218,1.25,1.258,0.09,0.086,0.086,0.086,0.088,0.088,0.087,0.086,0.088,0.086,0.086,0.087,0.086
,10:49:16,40,0.089,0.088,0.086,0.086,0.087,0.087,0.087,0.087,0.088,0.087,0.087,0.088,0.087,0.084,0.146,0.125,0.093,0.108,0.089,0.149,0.094,0.084,0.1,0.087,0.087,0.141,0.084,0.12,0.148,0.143,0.107,0.148,0.093,0.144,0.165,0.087,0.088,0.106,0.163,0.094,0.202,0.161,0.127,0.166,0.105,0.108,0.169,0.088,0.087,1.093,1.058,1.079,1.191,1.207,1.227,1.233,1.199,1.173,1.263,0.09,0.087,1.156,0.086,1.162,1.126,0.755,1.165,1.163,1.242,1.157,1.19,0.089,0.088,1.046,1.214,0.846,0.826,1.221,1.191,1.179,1.219,1.249,1.259,0.09,0.086,0.086,0.086,0.087,0.088,0.087,0.086,0.088,0.086,0.087,0.087,0.086
,10:54:16,40,0.09,0.088,0.086,0.086,0.087,0.087,0.087,0.087,0.088,0.087,0.087,0.088,0.087,0.084,0.146,0.126,0.094,0.11,0.089,0.15,0.095,0.084,0.102,0.087,0.087,0.141,0.084,0.121,0.149,0.144,0.11,0.147,0.094,0.146,0.165,0.088,0.088,0.107,0.161,0.094,0.203,0.162,0.128,0.166,0.106,0.109,0.17,0.088,0.087,1.097,1.058,1.081,1.193,1.206,1.228,1.233,1.201,1.175,1.266,0.09,0.087,1.159,0.086,1.163,1.134,0.753,1.164,1.162,1.243,1.161,1.191,0.089,0.088,1.049,1.215,0.853,0.825,1.22,1.193,1.181,1.221,1.249,1.261,0.09,0.086,0.086,0.086,0.087,0.088,0.087,0.086,0.088,0.086,0.087,0.087,0.086
,10:59:16,40,0.09,0.088,0.086,0.087,0.087,0.087,0.087,0.087,0.088,0.087,0.087,0.088,0.087,0.084,0.147,0.126,0.094,0.11,0.09,0.151,0.096,0.084,0.103,0.087,0.087,0.142,0.084,0.122,0.15,0.147,0.109,0.15,0.094,0.148,0.165,0.088,0.088,0.108,0.161,0.095,0.2,0.162,0.129,0.167,0.107,0.111,0.171,0.088,0.087,1.1,1.059,1.082,1.195,1.205,1.229,1.232,1.203,1.175,1.268,0.09,0.087,1.161,0.086,1.165,1.14,0.752,1.163,1.16,1.243,1.164,1.193,0.089,0.088,1.052,1.215,0.861,0.824,1.221,1.194,1.183,1.222,1.248,1.262,0.09,0.087,0.086,0.086,0.088,0.088,0.087,0.086,0.088,0.086,0.086,0.087,0.086
,11:04:16,40,0.089,0.088,0.086,0.087,0.087,0.087,0.087,0.087,0.088,0.087,0.087,0.088,0.087,0.084,0.147,0.127,0.094,0.11,0.09,0.151,0.097,0.084,0.103,0.087,0.087,0.144,0.084,0.124,0.151,0.148,0.109,0.148,0.095,0.156,0.166,0.088,0.088,0.109,0.162,0.094,0.204,0.162,0.128,0.168,0.108,0.11,0.172,0.088,0.087,1.101,1.059,1.082,1.197,1.204,1.23,1.232,1.204,1.176,1.271,0.09,0.087,1.163,0.086,1.166,1.145,0.75,1.161,1.159,1.242,1.166,1.194,0.089,0.088,1.054,1.216,0.867,0.824,1.22,1.196,1.183,1.222,1.248,1.263,0.09,0.086,0.086,0.086,0.088,0.088,0.087,0.086,0.087,0.086,0.086,0.087,0.086
,11:09:16,40.1,0.09,0.088,0.086,0.087,0.087,0.087,0.087,0.087,0.088,0.087,0.087,0.088,0.087,0.084,0.148,0.128,0.096,0.112,0.091,0.152,0.097,0.084,0.104,0.087,0.087,0.144,0.085,0.125,0.152,0.149,0.111,0.151,0.095,0.157,0.166,0.088,0.088,0.11,0.162,0.094,0.205,0.161,0.132,0.167,0.11,0.112,0.173,0.088,0.087,1.107,1.059,1.083,1.199,1.202,1.232,1.232,1.208,1.179,1.274,0.09,0.087,1.165,0.087,1.167,1.149,0.747,1.16,1.157,1.243,1.17,1.196,0.089,0.088,1.056,1.218,0.872,0.821,1.222,1.197,1.184,1.224,1.247,1.264,0.09,0.086,0.086,0.086,0.088,0.088,0.087,0.086,0.088,0.086,0.087,0.087,0.086
,11:14:16,40,0.09,0.088,0.086,0.087,0.087,0.087,0.087,0.087,0.088,0.087,0.087,0.088,0.087,0.085,0.148,0.13,0.095,0.113,0.092,0.152,0.1,0.084,0.106,0.088,0.087,0.144,0.085,0.126,0.153,0.15,0.115,0.15,0.095,0.152,0.166,0.088,0.088,0.11,0.162,0.094,0.205,0.161,0.131,0.169,0.11,0.113,0.174,0.088,0.087,1.107,1.06,1.085,1.2,1.201,1.232,1.231,1.208,1.182,1.275,0.09,0.087,1.167,0.087,1.169,1.153,0.746,1.158,1.155,1.242,1.173,1.197,0.089,0.088,1.06,1.218,0.883,0.821,1.222,1.199,1.185,1.224,1.246,1.264,0.09,0.086,0.086,0.086,0.088,0.088,0.087,0.086,0.087,0.086,0.087,0.087,0.086
,11:19:16,40,0.089,0.088,0.086,0.086,0.087,0.087,0.087,0.087,0.088,0.087,0.087,0.088,0.087,0.084,0.149,0.132,0.096,0.113,0.092,0.153,0.1,0.084,0.105,0.087,0.087,0.146,0.084,0.127,0.153,0.15,0.111,0.151,0.095,0.153,0.166,0.088,0.088,0.112,0.162,0.094,0.204,0.162,0.132,0.168,0.111,0.113,0.174,0.088,0.087,1.109,1.06,1.083,1.202,1.199,1.233,1.231,1.209,1.185,1.276,0.09,0.087,1.167,0.087,1.169,1.155,0.743,1.157,1.153,1.241,1.177,1.197,0.089,0.088,1.061,1.218,0.886,0.82,1.221,1.2,1.185,1.224,1.246,1.264,0.09,0.086,0.086,0.086,0.088,0.088,0.087,0.086,0.088,0.086,0.086,0.087,0.086
,11:24:16,40,0.089,0.087,0.086,0.086,0.087,0.087,0.087,0.087,0.088,0.087,0.087,0.088,0.087,0.084,0.149,0.131,0.096,0.113,0.092,0.153,0.101,0.084,0.107,0.087,0.087,0.147,0.084,0.129,0.154,0.151,0.113,0.151,0.096,0.159,0.167,0.087,0.088,0.112,0.164,0.094,0.207,0.159,0.132,0.168,0.112,0.113,0.175,0.088,0.087,1.112,1.061,1.084,1.204,1.197,1.234,1.231,1.21,1.189,1.277,0.09,0.087,1.169,0.087,1.17,1.157,0.742,1.155,1.152,1.24,1.181,1.197,0.089,0.088,1.065,1.218,0.891,0.818,1.222,1.202,1.186,1.224,1.245,1.265,0.09,0.086,0.086,0.086,0.087,0.088,0.087,0.086,0.088,0.086,0.086,0.087,0.086
,11:29:16,40,0.089,0.088,0.086,0.086,0.087,0.087,0.087,0.088,0.088,0.087,0.087,0.088,0.087,0.084,0.15,0.131,0.093,0.114,0.094,0.154,0.102,0.084,0.108,0.087,0.087,0.148,0.084,0.132,0.156,0.151,0.115,0.153,0.097,0.156,0.167,0.087,0.088,0.113,0.164,0.095,0.206,0.162,0.134,0.169,0.113,0.114,0.176,0.088,0.087,1.118,1.061,1.084,1.205,1.195,1.234,1.229,1.21,1.191,1.278,0.09,0.087,1.171,0.087,1.17,1.158,0.74,1.154,1.15,1.24,1.184,1.197,0.089,0.088,1.067,1.218,0.895,0.817,1.221,1.203,1.187,1.224,1.244,1.265,0.09,0.086,0.086,0.086,0.088,0.088,0.087,0.086,0.088,0.086,0.087,0.087,0.086
,11:34:16,40,0.089,0.088,0.086,0.087,0.087,0.087,0.087,0.087,0.088,0.087,0.087,0.088,0.087,0.084,0.15,0.131,0.097,0.116,0.094,0.154,0.104,0.084,0.108,0.087,0.087,0.149,0.084,0.132,0.157,0.151,0.118,0.152,0.096,0.157,0.167,0.088,0.088,0.115,0.163,0.095,0.206,0.159,0.134,0.17,0.114,0.116,0.177,0.088,0.087,1.117,1.061,1.084,1.206,1.193,1.234,1.229,1.21,1.19,1.278,0.09,0.087,1.172,0.086,1.17,1.159,0.738,1.153,1.148,1.239,1.189,1.197,0.089,0.088,1.068,1.218,0.899,0.816,1.22,1.204,1.188,1.224,1.243,1.266,0.09,0.086,0.086,0.086,0.088,0.088,0.087,0.086,0.088,0.086,0.087,0.087,0.086
,11:39:16,39.9,0.089,0.087,0.086,0.086,0.087,0.087,0.087,0.087,0.088,0.087,0.087,0.088,0.087,0.083,0.151,0.136,0.097,0.118,0.094,0.155,0.103,0.084,0.108,0.087,0.087,0.149,0.084,0.134,0.157,0.151,0.117,0.154,0.097,0.16,0.168,0.088,0.088,0.116,0.162,0.094,0.206,0.162,0.136,0.171,0.116,0.117,0.178,0.088,0.087,1.119,1.061,1.082,1.207,1.192,1.235,1.229,1.21,1.189,1.279,0.09,0.087,1.173,0.086,1.171,1.16,0.736,1.151,1.146,1.237,1.192,1.195,0.089,0.088,1.068,1.219,0.901,0.815,1.221,1.205,1.189,1.224,1.242,1.265,0.09,0.086,0.086,0.086,0.087,0.088,0.087,0.086,0.088,0.086,0.086,0.087,0.086
,11:44:16,40,0.089,0.088,0.086,0.087,0.087,0.087,0.087,0.088,0.088,0.087,0.087,0.088,0.087,0.084,0.151,0.133,0.098,0.117,0.095,0.156,0.104,0.084,0.111,0.087,0.087,0.15,0.084,0.135,0.158,0.153,0.118,0.154,0.097,0.16,0.168,0.088,0.088,0.117,0.168,0.095,0.209,0.159,0.137,0.169,0.117,0.118,0.179,0.088,0.087,1.124,1.061,1.082,1.209,1.19,1.236,1.229,1.211,1.188,1.279,0.09,0.087,1.175,0.087,1.172,1.16,0.735,1.149,1.145,1.237,1.195,1.195,0.089,0.088,1.069,1.22,0.905,0.814,1.222,1.206,1.192,1.223,1.241,1.266,0.09,0.086,0.086,0.086,0.088,0.088,0.087,0.086,0.088,0.086,0.087,0.087,0.086
,11:49:16,40,0.09,0.088,0.086,0.087,0.087,0.087,0.087,0.087,0.088,0.087,0.087,0.088,0.087,0.084,0.152,0.134,0.098,0.118,0.096,0.156,0.106,0.084,0.111,0.087,0.087,0.151,0.084,0.139,0.159,0.153,0.119,0.153,0.098,0.162,0.168,0.088,0.088,0.118,0.166,0.095,0.21,0.16,0.137,0.169,0.117,0.12,0.18,0.088,0.087,1.124,1.063,1.083,1.209,1.189,1.235,1.228,1.21,1.186,1.279,0.09,0.087,1.176,0.087,1.172,1.162,0.734,1.148,1.144,1.236,1.197,1.195,0.089,0.088,1.071,1.219,0.91,0.813,1.221,1.206,1.193,1.223,1.24,1.266,0.09,0.086,0.086,0.086,0.088,0.088,0.088,0.086,0.088,0.086,0.087,0.087,0.086
,11:54:16,40,0.09,0.088,0.086,0.086,0.087,0.087,0.087,0.087,0.088,0.087,0.087,0.088,0.087,0.084,0.152,0.134,0.098,0.12,0.097,0.156,0.107,0.085,0.111,0.087,0.087,0.151,0.084,0.139,0.16,0.154,0.122,0.154,0.098,0.166,0.169,0.088,0.088,0.118,0.165,0.095,0.209,0.16,0.138,0.171,0.119,0.122,0.181,0.088,0.087,1.126,1.062,1.082,1.209,1.187,1.235,1.226,1.209,1.184,1.279,0.09,0.087,1.177,0.087,1.171,1.163,0.732,1.146,1.141,1.234,1.199,1.193,0.089,0.088,1.072,1.219,0.912,0.812,1.22,1.206,1.193,1.222,1.239,1.265,0.09,0.086,0.086,0.086,0.088,0.088,0.087,0.086,0.088,0.086,0.087,0.087,0.086
,11:59:16,40.1,0.089,0.088,0.086,0.087,0.087,0.087,0.087,0.087,0.088,0.087,0.087,0.088,0.087,0.084,0.153,0.136,0.098,0.121,0.097,0.157,0.108,0.085,0.114,0.087,0.087,0.152,0.084,0.137,0.16,0.154,0.123,0.156,0.099,0.166,0.169,0.087,0.088,0.119,0.166,0.095,0.209,0.161,0.138,0.172,0.12,0.122,0.182,0.088,0.087,1.13,1.062,1.081,1.21,1.185,1.236,1.226,1.209,1.183,1.279,0.09,0.087,1.179,0.087,1.173,1.164,0.73,1.144,1.141,1.234,1.201,1.192,0.089,0.088,1.073,1.22,0.917,0.809,1.221,1.207,1.195,1.221,1.238,1.266,0.09,0.086,0.086,0.086,0.088,0.088,0.087,0.086,0.088,0.086,0.087,0.087,0.086
,12:04:16,40,0.09,0.088,0.086,0.086,0.087,0.087,0.087,0.087,0.088,0.087,0.087,0.088,0.087,0.084,0.153,0.139,0.101,0.12,0.098,0.158,0.11,0.085,0.115,0.087,0.087,0.153,0.084,0.141,0.162,0.154,0.124,0.156,0.099,0.167,0.169,0.088,0.088,0.121,0.17,0.095,0.21,0.161,0.14,0.173,0.121,0.123,0.183,0.088,0.087,1.132,1.062,1.082,1.21,1.184,1.236,1.225,1.208,1.182,1.279,0.09,0.087,1.18,0.087,1.173,1.163,0.73,1.142,1.139,1.232,1.202,1.191,0.089,0.088,1.073,1.219,0.918,0.808,1.22,1.207,1.195,1.22,1.237,1.266,0.09,0.086,0.086,0.086,0.088,0.088,0.087,0.086,0.088,0.086,0.087,0.087,0.086
,12:09:16,40,0.09,0.088,0.086,0.087,0.087,0.087,0.087,0.087,0.088,0.087,0.087,0.089,0.087,0.084,0.154,0.138,0.098,0.122,0.1,0.158,0.112,0.085,0.115,0.087,0.087,0.154,0.084,0.141,0.162,0.154,0.125,0.155,0.1,0.169,0.169,0.088,0.088,0.121,0.165,0.095,0.211,0.162,0.141,0.173,0.121,0.125,0.183,0.088,0.087,1.134,1.062,1.081,1.21,1.181,1.236,1.225,1.208,1.18,1.279,0.09,0.088,1.18,0.087,1.174,1.162,0.726,1.141,1.137,1.231,1.202,1.19,0.089,0.088,1.074,1.219,0.922,0.807,1.22,1.207,1.196,1.219,1.236,1.265,0.09,0.086,0.086,0.086,0.088,0.088,0.087,0.086,0.088,0.086,0.087,0.087,0.086
,12:14:16,40,0.089,0.088,0.086,0.086,0.087,0.087,0.087,0.087,0.088,0.087,0.087,0.088,0.087,0.084,0.155,0.139,0.1,0.123,0.1,0.159,0.112,0.085,0.117,0.087,0.087,0.154,0.084,0.14,0.163,0.155,0.126,0.157,0.1,0.169,0.17,0.088,0.088,0.123,0.168,0.095,0.212,0.162,0.141,0.172,0.122,0.126,0.184,0.088,0.087,1.135,1.062,1.079,1.209,1.18,1.235,1.224,1.207,1.179,1.278,0.09,0.087,1.181,0.087,1.174,1.161,0.724,1.139,1.136,1.23,1.203,1.189,0.089,0.088,1.075,1.22,0.925,0.805,1.219,1.207,1.195,1.219,1.235,1.265,0.09,0.086,0.086,0.086,0.088,0.088,0.087,0.086,0.088,0.086,0.087,0.087,0.086
,12:19:16,40,0.089,0.088,0.086,0.086,0.087,0.087,0.087,0.087,0.088,0.087,0.087,0.088,0.087,0.084,0.155,0.141,0.101,0.124,0.101,0.159,0.113,0.085,0.117,0.087,0.087,0.158,0.084,0.139,0.164,0.155,0.127,0.162,0.1,0.171,0.17,0.087,0.088,0.124,0.169,0.095,0.213,0.163,0.142,0.174,0.125,0.128,0.185,0.088,0.087,1.139,1.062,1.08,1.211,1.179,1.236,1.223,1.207,1.177,1.277,0.09,0.087,1.182,0.087,1.174,1.16,0.722,1.137,1.135,1.228,1.203,1.187,0.089,0.088,1.075,1.22,0.928,0.804,1.219,1.207,1.194,1.218,1.233,1.265,0.09,0.086,0.086,0.086,0.087,0.088,0.087,0.086,0.088,0.086,0.087,0.087,0.086
,12:24:16,40,0.089,0.088,0.086,0.086,0.087,0.087,0.087,0.087,0.088,0.087,0.087,0.088,0.087,0.084,0.156,0.142,0.101,0.124,0.102,0.159,0.116,0.085,0.118,0.087,0.087,0.156,0.084,0.142,0.165,0.155,0.128,0.155,0.101,0.173,0.17,0.088,0.088,0.124,0.17,0.095,0.214,0.162,0.142,0.174,0.125,0.131,0.185,0.088,0.087,1.14,1.062,1.077,1.209,1.177,1.235,1.223,1.206,1.176,1.277,0.09,0.087,1.182,0.087,1.173,1.159,0.719,1.136,1.133,1.227,1.203,1.186,0.089,0.088,1.075,1.219,0.929,0.802,1.218,1.207,1.194,1.216,1.232,1.264,0.09,0.086,0.086,0.086,0.088,0.088,0.087,0.086,0.088,0.086,0.086,0.087,0.086
,12:29:16,40,0.089,0.087,0.086,0.086,0.087,0.087,0.087,0.087,0.088,0.087,0.087,0.088,0.086,0.084,0.156,0.142,0.101,0.127,0.102,0.16,0.117,0.085,0.12,0.087,0.087,0.155,0.084,0.146,0.166,0.155,0.129,0.156,0.102,0.173,0.17,0.087,0.088,0.125,0.165,0.095,0.215,0.162,0.144,0.171,0.125,0.128,0.186,0.088,0.087,1.138,1.062,1.078,1.209,1.175,1.236,1.223,1.205,1.176,1.276,0.09,0.087,1.184,0.086,1.173,1.158,0.716,1.134,1.132,1.226,1.202,1.185,0.089,0.088,1.077,1.22,0.934,0.801,1.218,1.206,1.193,1.216,1.231,1.264,0.09,0.086,0.086,0.086,0.087,0.088,0.087,0.086,0.088,0.086,0.086,0.087,0.086
,12:34:16,40,0.089,0.088,0.086,0.086,0.087,0.087,0.087,0.088,0.088,0.087,0.087,0.088,0.087,0.084,0.157,0.144,0.099,0.128,0.104,0.161,0.118,0.085,0.12,0.087,0.087,0.157,0.084,0.145,0.167,0.155,0.129,0.16,0.102,0.174,0.171,0.088,0.088,0.126,0.167,0.095,0.217,0.164,0.145,0.172,0.127,0.13,0.188,0.088,0.087,1.145,1.06,1.075,1.208,1.174,1.235,1.222,1.205,1.175,1.276,0.09,0.087,1.184,0.087,1.172,1.158,0.714,1.133,1.13,1.226,1.202,1.184,0.089,0.088,1.076,1.22,0.935,0.799,1.217,1.206,1.192,1.214,1.23,1.264,0.09,0.086,0.086,0.086,0.088,0.088,0.087,0.086,0.088,0.086,0.087,0.087,0.086
,12:39:16,40.1,0.089,0.088,0.086,0.086,0.087,0.087,0.087,0.087,0.088,0.087,0.087,0.088,0.087,0.084,0.157,0.144,0.103,0.128,0.105,0.161,0.12,0.085,0.123,0.087,0.087,0.158,0.084,0.148,0.168,0.155,0.13,0.158,0.103,0.174,0.171,0.087,0.088,0.127,0.171,0.095,0.218,0.163,0.146,0.174,0.127,0.133,0.188,0.088,0.087,1.148,1.06,1.076,1.208,1.173,1.234,1.221,1.204,1.173,1.274,0.09,0.087,1.185,0.087,1.171,1.156,0.714,1.131,1.128,1.224,1.201,1.182,0.089,0.088,1.076,1.22,0.937,0.796,1.216,1.205,1.191,1.213,1.229,1.263,0.09,0.086,0.086,0.086,0.088,0.088,0.087,0.086,0.088,0.086,0.087,0.087,0.086
,12:44:16,40,0.09,0.088,0.086,0.087,0.087,0.087,0.087,0.087,0.088,0.087,0.087,0.088,0.087,0.084,0.158,0.145,0.103,0.13,0.106,0.161,0.122,0.085,0.124,0.087,0.087,0.157,0.084,0.145,0.168,0.156,0.131,0.158,0.105,0.175,0.171,0.088,0.088,0.128,0.17,0.095,0.219,0.164,0.146,0.174,0.128,0.134,0.189,0.088,0.087,1.147,1.058,1.075,1.207,1.171,1.234,1.22,1.203,1.172,1.274,0.09,0.087,1.186,0.087,1.171,1.155,0.711,1.129,1.127,1.223,1.2,1.181,0.089,0.088,1.077,1.22,0.939,0.795,1.216,1.205,1.189,1.213,1.228,1.264,0.09,0.087,0.086,0.086,0.088,0.088,0.087,0.086,0.088,0.086,0.087,0.087,0.086
,12:49:16,40,0.089,0.088,0.086,0.087,0.087,0.087,0.087,0.087,0.088,0.087,0.087,0.088,0.087,0.084,0.159,0.146,0.104,0.131,0.108,0.162,0.123,0.086,0.124,0.087,0.087,0.16,0.084,0.147,0.17,0.156,0.131,0.158,0.104,0.176,0.172,0.088,0.088,0.129,0.167,0.095,0.22,0.164,0.147,0.175,0.129,0.134,0.19,0.088,0.087,1.151,1.057,1.073,1.206,1.169,1.233,1.22,1.203,1.17,1.273,0.09,0.087,1.188,0.087,1.17,1.154,0.71,1.127,1.126,1.222,1.199,1.179,0.089,0.088,1.077,1.22,0.94,0.793,1.215,1.203,1.188,1.212,1.227,1.263,0.09,0.086,0.086,0.086,0.088,0.088,0.087,0.086,0.088,0.086,0.087,0.087,0.086
,12:54:16,40,0.089,0.088,0.086,0.087,0.087,0.087,0.087,0.087,0.088,0.087,0.087,0.088,0.087,0.084,0.159,0.147,0.105,0.133,0.109,0.162,0.125,0.086,0.124,0.088,0.087,0.16,0.084,0.149,0.171,0.156,0.133,0.159,0.107,0.177,0.171,0.088,0.088,0.13,0.166,0.096,0.222,0.164,0.148,0.175,0.13,0.134,0.191,0.088,0.087,1.155,1.057,1.073,1.206,1.168,1.233,1.219,1.202,1.169,1.272,0.09,0.087,1.189,0.087,1.17,1.153,0.708,1.126,1.125,1.22,1.198,1.178,0.089,0.088,1.077,1.22,0.943,0.792,1.215,1.203,1.187,1.211,1.226,1.263,0.09,0.087,0.086,0.086,0.088,0.088,0.087,0.086,0.088,0.086,0.087,0.087,0.086
,12:59:16,40,0.089,0.087,0.086,0.086,0.087,0.087,0.087,0.087,0.088,0.087,0.087,0.088,0.087,0.085,0.16,0.147,0.104,0.133,0.11,0.163,0.126,0.085,0.123,0.087,0.087,0.16,0.084,0.15,0.171,0.156,0.133,0.16,0.106,0.176,0.172,0.088,0.088,0.13,0.167,0.095,0.223,0.164,0.149,0.175,0.131,0.132,0.191,0.088,0.087,1.159,1.054,1.072,1.205,1.167,1.232,1.218,1.202,1.168,1.272,0.09,0.087,1.19,0.087,1.169,1.151,0.705,1.124,1.124,1.218,1.196,1.176,0.089,0.088,1.076,1.22,0.943,0.79,1.214,1.203,1.185,1.209,1.224,1.262,0.09,0.086,0.086,0.086,0.087,0.088,0.087,0.086,0.088,0.086,0.086,0.087,0.086
,13:04:16,40,0.089,0.088,0.086,0.087,0.087,0.087,0.087,0.087,0.088,0.087,0.087,0.088,0.087,0.084,0.16,0.148,0.106,0.134,0.111,0.163,0.128,0.086,0.124,0.087,0.087,0.16,0.084,0.151,0.172,0.157,0.134,0.16,0.109,0.178,0.172,0.087,0.088,0.132,0.169,0.096,0.225,0.165,0.149,0.175,0.133,0.134,0.192,0.088,0.087,1.161,1.054,1.071,1.205,1.166,1.231,1.217,1.201,1.165,1.27,0.09,0.087,1.19,0.087,1.168,1.15,0.703,1.123,1.121,1.217,1.195,1.175,0.089,0.088,1.076,1.219,0.944,0.787,1.213,1.202,1.184,1.21,1.223,1.263,0.09,0.086,0.086,0.086,0.088,0.088,0.087,0.086,0.088,0.086,0.087,0.087,0.086
,13:09:16,40,0.089,0.088,0.086,0.087,0.087,0.087,0.087,0.087,0.088,0.087,0.087,0.088,0.087,0.084,0.161,0.149,0.107,0.135,0.113,0.164,0.129,0.086,0.124,0.088,0.087,0.163,0.084,0.148,0.173,0.157,0.135,0.163,0.11,0.179,0.172,0.088,0.088,0.133,0.174,0.096,0.226,0.166,0.151,0.176,0.133,0.137,0.193,0.088,0.087,1.165,1.053,1.068,1.204,1.164,1.231,1.216,1.2,1.164,1.269,0.09,0.088,1.19,0.087,1.167,1.148,0.7,1.121,1.121,1.216,1.194,1.173,0.089,0.088,1.076,1.22,0.946,0.787,1.212,1.201,1.183,1.21,1.222,1.262,0.091,0.087,0.086,0.086,0.088,0.088,0.088,0.086,0.088,0.086,0.087,0.087,0.086
,13:14:16,40,0.089,0.088,0.086,0.087,0.087,0.087,0.087,0.088,0.088,0.087,0.087,0.088,0.087,0.084,0.161,0.152,0.107,0.137,0.114,0.165,0.13,0.086,0.126,0.087,0.087,0.162,0.084,0.151,0.174,0.157,0.135,0.161,0.109,0.179,0.173,0.087,0.088,0.134,0.164,0.096,0.228,0.166,0.151,0.174,0.133,0.13,0.193,0.088,0.087,1.166,1.051,1.065,1.203,1.163,1.232,1.216,1.2,1.165,1.268,0.09,0.087,1.191,0.086,1.166,1.148,0.697,1.12,1.119,1.214,1.192,1.173,0.089,0.088,1.076,1.219,0.947,0.785,1.212,1.201,1.182,1.209,1.22,1.262,0.09,0.086,0.086,0.086,0.088,0.088,0.087,0.086,0.088,0.086,0.087,0.087,0.086
,13:19:16,40.1,0.089,0.087,0.086,0.086,0.087,0.087,0.087,0.087,0.088,0.087,0.087,0.088,0.087,0.084,0.162,0.151,0.11,0.136,0.114,0.165,0.132,0.086,0.126,0.087,0.087,0.161,0.084,0.153,0.175,0.157,0.136,0.161,0.11,0.179,0.173,0.087,0.088,0.134,0.168,0.096,0.235,0.166,0.152,0.176,0.137,0.135,0.194,0.088,0.087,1.176,1.05,1.065,1.204,1.162,1.231,1.215,1.2,1.163,1.267,0.09,0.087,1.191,0.087,1.166,1.146,0.696,1.117,1.118,1.213,1.191,1.171,0.089,0.088,1.077,1.22,0.948,0.783,1.211,1.2,1.181,1.208,1.22,1.262,0.09,0.086,0.086,0.086,0.088,0.088,0.087,0.086,0.088,0.086,0.086,0.087,0.086
,13:24:16,40,0.089,0.088,0.086,0.087,0.087,0.087,0.087,0.087,0.088,0.087,0.087,0.088,0.087,0.084,0.163,0.151,0.11,0.137,0.116,0.165,0.132,0.087,0.128,0.087,0.087,0.163,0.084,0.152,0.176,0.157,0.137,0.162,0.111,0.18,0.173,0.088,0.088,0.136,0.165,0.096,0.233,0.166,0.153,0.176,0.136,0.133,0.195,0.088,0.087,1.179,1.049,1.063,1.201,1.16,1.23,1.215,1.199,1.162,1.267,0.09,0.087,1.19,0.087,1.165,1.145,0.692,1.116,1.117,1.211,1.19,1.169,0.089,0.088,1.075,1.219,0.947,0.78,1.21,1.199,1.18,1.208,1.219,1.261,0.09,0.086,0.086,0.086,0.088,0.088,0.087,0.086,0.088,0.086,0.087,0.087,0.086
,13:29:16,40,0.089,0.088,0.086,0.087,0.087,0.087,0.087,0.087,0.088,0.087,0.087,0.088,0.087,0.084,0.162,0.152,0.111,0.138,0.117,0.166,0.133,0.087,0.129,0.087,0.087,0.163,0.084,0.15,0.176,0.157,0.137,0.162,0.112,0.181,0.173,0.087,0.088,0.139,0.167,0.096,0.232,0.166,0.154,0.176,0.136,0.131,0.196,0.088,0.087,1.179,1.047,1.06,1.2,1.159,1.229,1.214,1.198,1.161,1.266,0.09,0.087,1.189,0.086,1.163,1.144,0.69,1.114,1.116,1.21,1.188,1.168,0.089,0.088,1.075,1.219,0.947,0.779,1.209,1.198,1.18,1.207,1.217,1.26,0.09,0.086,0.086,0.086,0.088,0.088,0.087,0.086,0.088,0.086,0.087,0.087,0.086
,13:34:16,40,0.09,0.088,0.086,0.086,0.087,0.087,0.087,0.087,0.088,0.087,0.087,0.088,0.087,0.085,0.163,0.152,0.111,0.139,0.12,0.167,0.134,0.086,0.132,0.087,0.087,0.164,0.084,0.151,0.178,0.157,0.137,0.163,0.115,0.182,0.174,0.088,0.088,0.138,0.167,0.096,0.236,0.166,0.155,0.176,0.136,0.131,0.196,0.088,0.087,1.177,1.045,1.059,1.2,1.158,1.229,1.215,1.197,1.16,1.265,0.09,0.087,1.189,0.087,1.163,1.143,0.688,1.113,1.115,1.209,1.187,1.167,0.089,0.088,1.075,1.219,0.948,0.776,1.209,1.198,1.179,1.208,1.216,1.26,0.09,0.086,0.086,0.086,0.088,0.088,0.087,0.086,0.088,0.086,0.087,0.087,0.086
,13:39:16,40,0.09,0.088,0.086,0.086,0.087,0.087,0.087,0.088,0.088,0.087,0.087,0.088,0.087,0.084,0.164,0.153,0.113,0.139,0.121,0.167,0.135,0.087,0.134,0.087,0.087,0.165,0.084,0.151,0.179,0.158,0.138,0.163,0.115,0.183,0.174,0.088,0.088,0.14,0.167,0.096,0.238,0.166,0.156,0.175,0.137,0.131,0.197,0.088,0.087,1.173,1.044,1.057,1.2,1.156,1.229,1.214,1.196,1.16,1.264,0.09,0.087,1.189,0.087,1.162,1.142,0.686,1.112,1.113,1.208,1.185,1.166,0.089,0.088,1.075,1.219,0.948,0.776,1.209,1.197,1.179,1.207,1.215,1.26,0.09,0.086,0.086,0.086,0.088,0.088,0.087,0.086,0.088,0.086,0.086,0.087,0.086
,13:44:16,40,0.089,0.088,0.086,0.087,0.087,0.087,0.087,0.088,0.088,0.087,0.087,0.088,0.087,0.084,0.164,0.156,0.113,0.141,0.122,0.168,0.137,0.087,0.136,0.087,0.087,0.165,0.084,0.153,0.18,0.158,0.139,0.164,0.115,0.184,0.174,0.088,0.088,0.143,0.172,0.096,0.242,0.167,0.155,0.177,0.138,0.132,0.198,0.088,0.087,1.174,1.041,1.055,1.198,1.155,1.228,1.213,1.195,1.158,1.263,0.09,0.087,1.187,0.087,1.16,1.14,0.684,1.11,1.111,1.206,1.184,1.164,0.089,0.088,1.075,1.219,0.946,0.772,1.207,1.196,1.178,1.206,1.214,1.259,0.09,0.086,0.086,0.086,0.088,0.088,0.087,0.086,0.088,0.086,0.087,0.087,0.086
,13:49:16,40,0.089,0.088,0.086,0.087,0.087,0.087,0.087,0.087,0.089,0.087,0.087,0.088,0.087,0.084,0.165,0.155,0.114,0.142,0.125,0.168,0.137,0.087,0.135,0.087,0.087,0.167,0.084,0.154,0.181,0.158,0.139,0.164,0.118,0.185,0.174,0.088,0.088,0.144,0.169,0.096,0.245,0.167,0.156,0.176,0.138,0.132,0.198,0.088,0.087,1.173,1.041,1.053,1.197,1.154,1.227,1.213,1.195,1.157,1.262,0.09,0.087,1.187,0.087,1.16,1.139,0.681,1.108,1.111,1.205,1.183,1.163,0.089,0.088,1.075,1.219,0.947,0.771,1.207,1.196,1.178,1.206,1.214,1.259,0.09,0.087,0.086,0.086,0.088,0.088,0.087,0.086,0.088,0.086,0.087,0.087,0.086
,13:54:16,39.9,0.09,0.088,0.086,0.086,0.087,0.087,0.087,0.087,0.088,0.087,0.087,0.088,0.087,0.084,0.165,0.155,0.115,0.143,0.127,0.169,0.138,0.087,0.135,0.087,0.087,0.166,0.084,0.153,0.182,0.158,0.14,0.165,0.119,0.186,0.175,0.088,0.088,0.144,0.166,0.096,0.247,0.167,0.156,0.177,0.139,0.133,0.199,0.088,0.087,1.171,1.038,1.05,1.196,1.153,1.227,1.212,1.195,1.157,1.261,0.09,0.087,1.185,0.087,1.159,1.138,0.678,1.107,1.108,1.204,1.181,1.161,0.089,0.088,1.075,1.218,0.946,0.77,1.206,1.195,1.177,1.205,1.212,1.258,0.09,0.086,0.086,0.086,0.088,0.088,0.087,0.086,0.088,0.086,0.087,0.087,0.086
,13:59:16,40,0.089,0.088,0.086,0.087,0.087,0.087,0.087,0.087,0.089,0.087,0.087,0.088,0.087,0.084,0.166,0.156,0.115,0.143,0.129,0.169,0.138,0.088,0.136,0.087,0.087,0.168,0.084,0.155,0.184,0.158,0.14,0.165,0.119,0.187,0.174,0.087,0.088,0.145,0.169,0.096,0.248,0.168,0.158,0.176,0.139,0.134,0.2,0.088,0.088,1.168,1.038,1.05,1.196,1.152,1.226,1.212,1.194,1.156,1.26,0.09,0.087,1.186,0.087,1.159,1.137,0.677,1.106,1.109,1.203,1.18,1.161,0.089,0.088,1.077,1.218,0.947,0.767,1.207,1.195,1.176,1.204,1.211,1.258,0.09,0.086,0.086,0.086,0.088,0.088,0.088,0.086,0.088,0.086,0.087,0.088,0.086
,14:04:16,40,0.09,0.088,0.086,0.087,0.087,0.087,0.087,0.087,0.088,0.087,0.087,0.088,0.087,0.084,0.166,0.157,0.116,0.143,0.131,0.17,0.139,0.088,0.137,0.087,0.087,0.168,0.084,0.154,0.185,0.159,0.141,0.166,0.122,0.187,0.175,0.088,0.088,0.145,0.168,0.097,0.246,0.168,0.161,0.178,0.14,0.133,0.2,0.088,0.087,1.169,1.036,1.047,1.194,1.151,1.225,1.211,1.194,1.155,1.26,0.09,0.087,1.184,0.087,1.157,1.136,0.673,1.104,1.106,1.201,1.179,1.159,0.089,0.088,1.077,1.217,0.945,0.765,1.205,1.193,1.175,1.203,1.21,1.257,0.091,0.086,0.086,0.086,0.088,0.088,0.088,0.086,0.088,0.086,0.087,0.087,0.086
,14:09:16,40,0.089,0.088,0.086,0.086,0.087,0.087,0.087,0.087,0.088,0.087,0.087,0.088,0.087,0.084,0.167,0.158,0.116,0.144,0.132,0.17,0.139,0.088,0.138,0.087,0.087,0.168,0.084,0.154,0.186,0.159,0.142,0.166,0.121,0.188,0.176,0.088,0.088,0.144,0.169,0.097,0.248,0.168,0.159,0.176,0.14,0.134,0.201,0.088,0.087,1.167,1.034,1.045,1.194,1.149,1.225,1.211,1.194,1.155,1.258,0.09,0.087,1.183,0.086,1.156,1.135,0.671,1.103,1.106,1.2,1.177,1.157,0.089,0.088,1.079,1.217,0.946,0.763,1.205,1.193,1.174,1.202,1.209,1.257,0.09,0.086,0.086,0.086,0.088,0.088,0.087,0.086,0.088,0.086,0.087,0.087,0.086
,14:14:16,40,0.09,0.088,0.086,0.087,0.087,0.087,0.087,0.088,0.088,0.087,0.087,0.088,0.087,0.084,0.167,0.159,0.118,0.145,0.132,0.171,0.139,0.088,0.139,0.087,0.087,0.169,0.084,0.157,0.188,0.159,0.142,0.167,0.122,0.189,0.176,0.088,0.088,0.142,0.173,0.097,0.251,0.168,0.159,0.178,0.141,0.136,0.203,0.088,0.088,1.167,1.032,1.044,1.194,1.149,1.224,1.21,1.193,1.154,1.258,0.09,0.088,1.183,0.087,1.156,1.133,0.669,1.101,1.105,1.199,1.176,1.157,0.089,0.088,1.082,1.217,0.945,0.761,1.204,1.192,1.175,1.2,1.207,1.256,0.09,0.087,0.086,0.086,0.088,0.088,0.088,0.086,0.088,0.086,0.087,0.087,0.086
,14:19:16,40,0.089,0.088,0.086,0.087,0.087,0.087,0.087,0.087,0.088,0.087,0.087,0.088,0.087,0.084,0.167,0.159,0.119,0.145,0.134,0.17,0.14,0.089,0.14,0.087,0.087,0.168,0.084,0.155,0.189,0.159,0.142,0.167,0.124,0.19,0.175,0.087,0.088,0.147,0.17,0.097,0.254,0.168,0.16,0.178,0.141,0.135,0.203,0.088,0.087,1.166,1.03,1.042,1.193,1.147,1.223,1.209,1.192,1.152,1.256,0.09,0.087,1.182,0.087,1.155,1.133,0.667,1.099,1.103,1.198,1.175,1.155,0.089,0.088,1.083,1.215,0.945,0.758,1.203,1.192,1.174,1.2,1.207,1.256,0.09,0.086,0.086,0.086,0.088,0.088,0.087,0.086,0.088,0.086,0.086,0.087,0.086
,14:24:16,40,0.089,0.088,0.086,0.086,0.087,0.087,0.087,0.087,0.088,0.087,0.087,0.088,0.087,0.084,0.167,0.16,0.119,0.145,0.133,0.171,0.141,0.089,0.141,0.087,0.087,0.167,0.084,0.155,0.19,0.159,0.143,0.167,0.123,0.191,0.176,0.088,0.088,0.147,0.165,0.097,0.256,0.168,0.165,0.177,0.141,0.135,0.203,0.088,0.087,1.164,1.028,1.04,1.192,1.146,1.224,1.209,1.19,1.152,1.256,0.09,0.087,1.181,0.087,1.153,1.132,0.664,1.098,1.103,1.197,1.173,1.154,0.089,0.088,1.084,1.215,0.944,0.759,1.203,1.191,1.173,1.199,1.205,1.255,0.09,0.086,0.086,0.086,0.088,0.088,0.087,0.086,0.088,0.086,0.087,0.087,0.086
,14:29:16,40,0.089,0.088,0.086,0.086,0.087,0.087,0.087,0.087,0.088,0.087,0.087,0.088,0.087,0.084,0.168,0.161,0.12,0.146,0.137,0.171,0.141,0.089,0.142,0.087,0.087,0.168,0.084,0.155,0.192,0.159,0.144,0.168,0.126,0.191,0.176,0.087,0.088,0.144,0.172,0.097,0.259,0.169,0.163,0.178,0.142,0.136,0.205,0.088,0.087,1.165,1.026,1.036,1.191,1.145,1.223,1.209,1.189,1.152,1.255,0.09,0.087,1.18,0.087,1.152,1.13,0.661,1.097,1.1,1.195,1.172,1.153,0.089,0.088,1.083,1.214,0.943,0.754,1.203,1.191,1.172,1.198,1.205,1.254,0.09,0.086,0.086,0.086,0.088,0.088,0.087,0.086,0.088,0.086,0.087,0.087,0.086
,14:34:16,40,0.089,0.088,0.086,0.087,0.087,0.087,0.087,0.087,0.088,0.087,0.087,0.088,0.087,0.084,0.168,0.162,0.119,0.147,0.136,0.17,0.141,0.09,0.143,0.087,0.087,0.17,0.084,0.155,0.193,0.159,0.145,0.168,0.127,0.192,0.178,0.088,0.088,0.148,0.17,0.097,0.261,0.169,0.163,0.177,0.142,0.137,0.204,0.088,0.087,1.164,1.025,1.038,1.19,1.145,1.222,1.208,1.189,1.151,1.254,0.09,0.087,1.18,0.086,1.152,1.13,0.66,1.095,1.099,1.194,1.171,1.151,0.089,0.088,1.084,1.214,0.944,0.753,1.202,1.189,1.172,1.198,1.203,1.254,0.09,0.086,0.086,0.086,0.088,0.088,0.088,0.086,0.088,0.086,0.087,0.087,0.086
,14:39:16,40,0.089,0.088,0.086,0.086,0.087,0.087,0.087,0.087,0.088,0.087,0.087,0.088,0.087,0.084,0.168,0.164,0.121,0.146,0.137,0.17,0.143,0.09,0.144,0.087,0.087,0.17,0.084,0.156,0.195,0.159,0.146,0.168,0.128,0.193,0.177,0.088,0.088,0.148,0.167,0.097,0.259,0.169,0.162,0.178,0.143,0.137,0.205,0.088,0.087,1.163,1.023,1.034,1.189,1.144,1.222,1.207,1.187,1.151,1.254,0.09,0.087,1.179,0.087,1.151,1.128,0.659,1.093,1.098,1.193,1.169,1.151,0.089,0.088,1.083,1.213,0.944,0.751,1.201,1.189,1.171,1.197,1.203,1.253,0.09,0.086,0.086,0.086,0.088,0.088,0.087,0.086,0.088,0.086,0.087,0.087,0.086
,14:44:16,40,0.089,0.088,0.086,0.087,0.087,0.087,0.087,0.087,0.088,0.087,0.087,0.088,0.087,0.084,0.169,0.166,0.12,0.146,0.135,0.17,0.143,0.09,0.145,0.087,0.087,0.171,0.084,0.155,0.196,0.16,0.146,0.169,0.128,0.194,0.177,0.088,0.088,0.148,0.167,0.098,0.267,0.169,0.163,0.178,0.143,0.138,0.206,0.088,0.087,1.16,1.021,1.032,1.189,1.143,1.222,1.207,1.187,1.15,1.254,0.09,0.087,1.179,0.087,1.15,1.127,0.656,1.093,1.097,1.192,1.168,1.15,0.089,0.088,1.081,1.212,0.945,0.751,1.201,1.189,1.17,1.196,1.202,1.252,0.09,0.086,0.086,0.086,0.088,0.088,0.087,0.086,0.088,0.086,0.087,0.087,0.086
,14:49:16,40,0.089,0.088,0.086,0.087,0.087,0.087,0.087,0.087,0.088,0.087,0.087,0.088,0.087,0.084,0.169,0.168,0.124,0.147,0.141,0.172,0.144,0.091,0.146,0.087,0.087,0.171,0.084,0.157,0.198,0.16,0.147,0.169,0.129,0.195,0.177,0.088,0.088,0.149,0.173,0.098,0.267,0.17,0.166,0.179,0.144,0.139,0.207,0.088,0.087,1.161,1.018,1.03,1.189,1.142,1.22,1.206,1.185,1.149,1.252,0.09,0.087,1.177,0.087,1.149,1.125,0.654,1.091,1.096,1.191,1.167,1.149,0.089,0.088,1.08,1.212,0.943,0.747,1.2,1.188,1.169,1.195,1.201,1.252,0.09,0.086,0.086,0.086,0.088,0.088,0.087,0.086,0.088,0.086,0.087,0.087,0.086
,14:54:16,40,0.089,0.088,0.086,0.087,0.087,0.087,0.087,0.087,0.088,0.087,0.087,0.088,0.087,0.084,0.169,0.17,0.122,0.147,0.139,0.173,0.144,0.091,0.147,0.087,0.087,0.172,0.084,0.157,0.199,0.16,0.148,0.17,0.132,0.195,0.176,0.087,0.088,0.148,0.17,0.098,0.272,0.17,0.165,0.179,0.144,0.139,0.207,0.088,0.087,1.16,1.016,1.028,1.187,1.142,1.22,1.206,1.184,1.149,1.252,0.09,0.087,1.175,0.087,1.147,1.124,0.651,1.09,1.094,1.19,1.165,1.148,0.089,0.088,1.077,1.21,0.943,0.746,1.199,1.187,1.169,1.194,1.2,1.251,0.09,0.086,0.086,0.086,0.088,0.088,0.087,0.086,0.088,0.086,0.087,0.087,0.086
,14:59:16,39.9,0.089,0.088,0.086,0.087,0.087,0.087,0.087,0.087,0.088,0.087,0.087,0.088,0.087,0.084,0.169,0.171,0.123,0.147,0.138,0.173,0.146,0.091,0.148,0.087,0.087,0.172,0.084,0.158,0.201,0.16,0.147,0.17,0.133,0.196,0.178,0.088,0.088,0.15,0.171,0.098,0.274,0.17,0.164,0.178,0.144,0.139,0.209,0.088,0.087,1.158,1.014,1.025,1.186,1.14,1.22,1.205,1.183,1.148,1.251,0.09,0.088,1.175,0.087,1.146,1.123,0.648,1.088,1.093,1.189,1.164,1.147,0.089,0.088,1.075,1.21,0.942,0.746,1.199,1.187,1.168,1.193,1.198,1.25,0.09,0.086,0.086,0.086,0.088,0.088,0.087,0.086,0.088,0.086,0.087,0.087,0.086
,15:04:16,40,0.09,0.088,0.086,0.087,0.087,0.087,0.087,0.087,0.088,0.087,0.087,0.088,0.087,0.084,0.17,0.172,0.122,0.147,0.139,0.174,0.146,0.091,0.149,0.087,0.087,0.174,0.084,0.157,0.203,0.16,0.148,0.17,0.132,0.196,0.178,0.087,0.088,0.149,0.167,0.098,0.275,0.17,0.165,0.178,0.144,0.14,0.209,0.088,0.087,1.153,1.01,1.023,1.185,1.139,1.22,1.205,1.182,1.148,1.25,0.09,0.087,1.174,0.087,1.146,1.123,0.648,1.087,1.092,1.188,1.162,1.146,0.089,0.088,1.074,1.21,0.942,0.743,1.199,1.187,1.167,1.192,1.198,1.249,0.09,0.086,0.086,0.086,0.088,0.088,0.087,0.086,0.088,0.086,0.087,0.087,0.086
,15:09:16,40,0.089,0.087,0.086,0.086,0.087,0.087,0.087,0.087,0.088,0.087,0.087,0.088,0.087,0.085,0.169,0.175,0.124,0.147,0.14,0.175,0.146,0.091,0.15,0.087,0.087,0.174,0.084,0.159,0.204,0.16,0.148,0.171,0.134,0.197,0.177,0.087,0.088,0.15,0.171,0.098,0.278,0.17,0.164,0.178,0.144,0.141,0.209,0.088,0.087,1.155,1.008,1.021,1.185,1.139,1.218,1.204,1.181,1.147,1.249,0.09,0.087,1.173,0.086,1.145,1.121,0.644,1.085,1.091,1.186,1.16,1.145,0.089,0.088,1.074,1.208,0.943,0.741,1.198,1.186,1.166,1.192,1.197,1.249,0.09,0.086,0.086,0.086,0.088,0.088,0.087,0.086,0.088,0.086,0.087,0.087,0.086
,15:14:16,40,0.089,0.088,0.086,0.086,0.087,0.087,0.087,0.087,0.088,0.087,0.087,0.088,0.087,0.084,0.169,0.175,0.126,0.147,0.141,0.176,0.147,0.092,0.151,0.087,0.087,0.177,0.084,0.158,0.206,0.16,0.149,0.171,0.135,0.198,0.178,0.087,0.088,0.15,0.168,0.098,0.282,0.17,0.163,0.179,0.145,0.141,0.211,0.088,0.087,1.156,1.006,1.02,1.184,1.138,1.218,1.204,1.18,1.146,1.249,0.09,0.087,1.172,0.086,1.143,1.12,0.642,1.084,1.089,1.185,1.159,1.144,0.089,0.088,1.072,1.207,0.94,0.739,1.197,1.185,1.164,1.19,1.196,1.248,0.09,0.086,0.086,0.086,0.088,0.088,0.087,0.086,0.088,0.086,0.086,0.087,0.086
,15:19:16,40,0.089,0.088,0.086,0.086,0.087,0.087,0.087,0.087,0.088,0.087,0.087,0.088,0.087,0.084,0.17,0.177,0.126,0.147,0.143,0.177,0.147,0.092,0.152,0.087,0.087,0.175,0.084,0.157,0.208,0.16,0.149,0.171,0.136,0.199,0.178,0.088,0.088,0.15,0.17,0.099,0.284,0.17,0.164,0.179,0.145,0.141,0.211,0.088,0.087,1.152,1.004,1.018,1.183,1.137,1.217,1.204,1.178,1.146,1.248,0.09,0.087,1.171,0.087,1.142,1.118,0.64,1.083,1.087,1.185,1.157,1.143,0.089,0.088,1.071,1.206,0.941,0.738,1.196,1.185,1.163,1.19,1.195,1.247,0.09,0.086,0.086,0.086,0.088,0.088,0.087,0.086,0.088,0.086,0.087,0.087,0.086
,15:24:16,40,0.09,0.088,0.086,0.087,0.087,0.087,0.087,0.087,0.088,0.087,0.087,0.088,0.087,0.084,0.17,0.178,0.128,0.148,0.144,0.178,0.148,0.092,0.153,0.087,0.087,0.174,0.084,0.158,0.21,0.16,0.15,0.172,0.138,0.2,0.178,0.088,0.088,0.15,0.172,0.099,0.288,0.171,0.165,0.18,0.145,0.142,0.213,0.088,0.087,1.152,1.002,1.015,1.183,1.136,1.218,1.203,1.177,1.145,1.247,0.09,0.087,1.17,0.087,1.141,1.117,0.639,1.082,1.086,1.184,1.155,1.142,0.089,0.088,1.069,1.205,0.94,0.737,1.196,1.185,1.163,1.189,1.194,1.247,0.09,0.086,0.087,0.086,0.088,0.088,0.087,0.086,0.088,0.086,0.087,0.087,0.086
,15:29:16,40,0.089,0.088,0.086,0.087,0.087,0.087,0.087,0.087,0.088,0.087,0.087,0.088,0.087,0.084,0.169,0.18,0.129,0.147,0.145,0.179,0.148,0.093,0.154,0.087,0.087,0.181,0.084,0.158,0.212,0.16,0.15,0.172,0.139,0.2,0.179,0.088,0.088,0.151,0.174,0.099,0.29,0.171,0.164,0.179,0.146,0.143,0.213,0.088,0.087,1.152,1,1.013,1.182,1.136,1.216,1.202,1.177,1.145,1.247,0.09,0.087,1.169,0.087,1.141,1.115,0.637,1.081,1.084,1.183,1.153,1.142,0.089,0.088,1.068,1.205,0.941,0.735,1.195,1.184,1.162,1.189,1.193,1.246,0.09,0.086,0.086,0.086,0.088,0.088,0.087,0.086,0.088,0.086,0.087,0.087,0.086
,15:34:16,40,0.09,0.088,0.086,0.087,0.087,0.087,0.087,0.087,0.088,0.087,0.087,0.088,0.087,0.084,0.169,0.182,0.131,0.146,0.146,0.179,0.149,0.094,0.155,0.087,0.087,0.178,0.084,0.159,0.214,0.16,0.15,0.172,0.14,0.201,0.179,0.088,0.088,0.151,0.174,0.099,0.293,0.171,0.165,0.179,0.146,0.143,0.214,0.088,0.087,1.151,0.998,1.012,1.181,1.136,1.216,1.202,1.175,1.144,1.245,0.09,0.087,1.168,0.087,1.14,1.114,0.636,1.08,1.083,1.182,1.151,1.14,0.089,0.088,1.068,1.204,0.94,0.731,1.195,1.184,1.161,1.188,1.192,1.245,0.09,0.086,0.086,0.086,0.088,0.088,0.087,0.086,0.088,0.086,0.087,0.087,0.086
,15:39:16,40,0.089,0.088,0.086,0.086,0.087,0.087,0.087,0.087,0.088,0.087,0.087,0.088,0.087,0.084,0.169,0.183,0.133,0.147,0.147,0.18,0.15,0.094,0.155,0.087,0.087,0.175,0.084,0.159,0.215,0.161,0.151,0.173,0.14,0.202,0.18,0.087,0.088,0.151,0.168,0.099,0.296,0.171,0.165,0.18,0.147,0.144,0.214,0.088,0.087,1.149,0.996,1.009,1.18,1.135,1.215,1.201,1.174,1.143,1.245,0.09,0.087,1.167,0.086,1.138,1.112,0.635,1.078,1.081,1.181,1.149,1.14,0.089,0.088,1.068,1.203,0.938,0.731,1.194,1.183,1.16,1.188,1.191,1.244,0.09,0.086,0.086,0.086,0.088,0.088,0.087,0.086,0.088,0.086,0.087,0.087,0.086
,15:44:16,40.1,0.089,0.088,0.086,0.087,0.087,0.087,0.087,0.087,0.088,0.087,0.087,0.088,0.087,0.084,0.169,0.185,0.133,0.147,0.147,0.181,0.149,0.094,0.157,0.087,0.087,0.175,0.084,0.159,0.218,0.16,0.151,0.173,0.142,0.203,0.18,0.088,0.088,0.151,0.168,0.1,0.298,0.171,0.165,0.18,0.147,0.144,0.215,0.088,0.087,1.148,0.994,1.008,1.181,1.135,1.216,1.201,1.173,1.144,1.245,0.09,0.087,1.166,0.087,1.137,1.111,0.632,1.077,1.079,1.181,1.147,1.139,0.089,0.088,1.067,1.202,0.937,0.729,1.194,1.184,1.159,1.186,1.19,1.244,0.09,0.086,0.086,0.086,0.088,0.088,0.087,0.086,0.088,0.086,0.087,0.087,0.086
,15:49:16,40,0.089,0.088,0.086,0.087,0.087,0.087,0.087,0.087,0.088,0.087,0.087,0.088,0.087,0.084,0.167,0.186,0.134,0.146,0.149,0.181,0.151,0.095,0.157,0.087,0.087,0.174,0.084,0.159,0.22,0.16,0.151,0.173,0.142,0.203,0.179,0.087,0.088,0.151,0.171,0.1,0.302,0.172,0.166,0.179,0.147,0.145,0.216,0.088,0.087,1.149,0.992,1.006,1.18,1.136,1.214,1.2,1.173,1.143,1.244,0.09,0.087,1.166,0.087,1.137,1.109,0.631,1.076,1.079,1.179,1.145,1.138,0.089,0.088,1.067,1.202,0.939,0.726,1.193,1.183,1.158,1.186,1.189,1.243,0.09,0.086,0.086,0.086,0.088,0.088,0.087,0.086,0.088,0.086,0.087,0.087,0.086
,15:54:16,40,0.089,0.088,0.086,0.086,0.087,0.087,0.087,0.087,0.088,0.087,0.087,0.088,0.087,0.084,0.165,0.188,0.136,0.147,0.149,0.183,0.151,0.096,0.158,0.087,0.087,0.181,0.084,0.159,0.222,0.16,0.152,0.174,0.142,0.204,0.179,0.088,0.088,0.152,0.173,0.1,0.304,0.171,0.165,0.18,0.146,0.145,0.217,0.088,0.087,1.149,0.989,1.003,1.179,1.136,1.213,1.2,1.171,1.143,1.242,0.09,0.087,1.164,0.087,1.136,1.107,0.628,1.074,1.076,1.178,1.143,1.138,0.089,0.088,1.066,1.2,0.937,0.726,1.192,1.183,1.157,1.185,1.188,1.242,0.09,0.086,0.086,0.086,0.088,0.088,0.087,0.086,0.088,0.086,0.087,0.087,0.086
,15:59:16,40,0.089,0.087,0.086,0.086,0.087,0.087,0.087,0.087,0.088,0.087,0.087,0.088,0.087,0.084,0.164,0.19,0.137,0.146,0.15,0.183,0.151,0.096,0.159,0.087,0.087,0.175,0.084,0.16,0.225,0.16,0.151,0.174,0.143,0.205,0.18,0.088,0.088,0.152,0.172,0.101,0.306,0.171,0.166,0.179,0.147,0.145,0.217,0.088,0.087,1.147,0.987,1.002,1.179,1.135,1.213,1.2,1.171,1.142,1.242,0.09,0.087,1.163,0.087,1.135,1.105,0.626,1.073,1.075,1.177,1.141,1.137,0.089,0.088,1.066,1.2,0.938,0.725,1.192,1.183,1.157,1.184,1.188,1.242,0.09,0.086,0.086,0.086,0.088,0.088,0.087,0.086,0.088,0.086,0.086,0.087,0.086
,16:04:16,40,0.089,0.088,0.086,0.087,0.087,0.087,0.087,0.087,0.088,0.087,0.087,0.088,0.087,0.084,0.164,0.192,0.138,0.147,0.152,0.184,0.152,0.096,0.16,0.087,0.087,0.176,0.084,0.16,0.227,0.161,0.152,0.174,0.144,0.206,0.181,0.088,0.088,0.151,0.169,0.101,0.306,0.172,0.166,0.18,0.148,0.145,0.219,0.088,0.087,1.147,0.985,0.998,1.178,1.134,1.212,1.199,1.17,1.141,1.241,0.09,0.087,1.163,0.087,1.134,1.103,0.625,1.072,1.073,1.176,1.14,1.136,0.089,0.088,1.065,1.199,0.936,0.721,1.191,1.183,1.156,1.184,1.187,1.241,0.09,0.087,0.086,0.086,0.088,0.088,0.087,0.086,0.088,0.086,0.087,0.087,0.086
,16:09:16,40,0.089,0.088,0.086,0.086,0.087,0.087,0.087,0.087,0.088,0.087,0.087,0.088,0.087,0.084,0.163,0.194,0.139,0.147,0.152,0.184,0.153,0.096,0.161,0.087,0.087,0.175,0.084,0.159,0.229,0.16,0.152,0.174,0.144,0.207,0.18,0.088,0.088,0.151,0.168,0.101,0.304,0.172,0.167,0.179,0.147,0.147,0.219,0.088,0.087,1.145,0.983,0.998,1.178,1.134,1.212,1.199,1.169,1.141,1.241,0.09,0.087,1.162,0.087,1.133,1.101,0.623,1.071,1.072,1.174,1.137,1.135,0.089,0.088,1.064,1.198,0.937,0.72,1.192,1.183,1.155,1.183,1.186,1.24,0.09,0.086,0.086,0.086,0.088,0.088,0.087,0.086,0.088,0.086,0.087,0.087,0.086
,16:14:16,40,0.089,0.088,0.086,0.087,0.087,0.087,0.087,0.087,0.088,0.087,0.087,0.088,0.087,0.084,0.163,0.196,0.139,0.148,0.154,0.186,0.153,0.098,0.162,0.087,0.087,0.176,0.084,0.16,0.231,0.161,0.152,0.174,0.145,0.208,0.181,0.088,0.088,0.152,0.171,0.101,0.304,0.172,0.167,0.181,0.148,0.147,0.22,0.088,0.087,1.145,0.981,0.995,1.177,1.132,1.211,1.198,1.168,1.14,1.24,0.09,0.087,1.161,0.087,1.132,1.098,0.622,1.07,1.069,1.174,1.135,1.135,0.089,0.088,1.063,1.197,0.936,0.72,1.19,1.183,1.154,1.183,1.185,1.24,0.09,0.086,0.086,0.086,0.088,0.088,0.088,0.086,0.088,0.086,0.087,0.087,0.086
,16:19:16,40,0.089,0.088,0.086,0.087,0.087,0.087,0.087,0.087,0.088,0.087,0.087,0.088,0.087,0.084,0.164,0.197,0.14,0.147,0.153,0.186,0.152,0.097,0.163,0.087,0.087,0.176,0.084,0.161,0.233,0.16,0.153,0.175,0.146,0.208,0.181,0.087,0.088,0.152,0.167,0.102,0.303,0.172,0.168,0.181,0.148,0.146,0.221,0.088,0.087,1.143,0.98,0.994,1.177,1.132,1.213,1.198,1.167,1.141,1.24,0.09,0.087,1.16,0.087,1.132,1.097,0.618,1.069,1.069,1.173,1.134,1.134,0.089,0.088,1.062,1.198,0.937,0.717,1.191,1.183,1.153,1.182,1.184,1.239,0.09,0.086,0.086,0.086,0.088,0.088,0.087,0.086,0.088,0.086,0.087,0.087,0.086
,16:24:16,40,0.089,0.088,0.086,0.087,0.087,0.087,0.087,0.088,0.088,0.087,0.087,0.088,0.087,0.084,0.164,0.199,0.141,0.147,0.156,0.187,0.154,0.099,0.163,0.087,0.087,0.18,0.084,0.16,0.236,0.161,0.153,0.175,0.148,0.209,0.181,0.088,0.088,0.153,0.17,0.102,0.302,0.172,0.168,0.18,0.148,0.147,0.221,0.088,0.087,1.145,0.977,0.992,1.177,1.131,1.211,1.197,1.167,1.14,1.239,0.09,0.087,1.159,0.087,1.13,1.095,0.615,1.068,1.067,1.171,1.132,1.133,0.089,0.088,1.061,1.196,0.936,0.715,1.19,1.183,1.153,1.182,1.184,1.238,0.09,0.086,0.086,0.086,0.088,0.088,0.088,0.086,0.088,0.086,0.087,0.087,0.086
,16:29:16,40,0.089,0.088,0.086,0.087,0.087,0.087,0.087,0.088,0.088,0.087,0.087,0.088,0.087,0.084,0.165,0.201,0.141,0.147,0.155,0.187,0.154,0.099,0.164,0.087,0.087,0.177,0.084,0.162,0.239,0.161,0.152,0.175,0.148,0.209,0.181,0.088,0.088,0.152,0.167,0.102,0.301,0.172,0.166,0.18,0.148,0.148,0.222,0.088,0.087,1.143,0.975,0.99,1.177,1.131,1.211,1.196,1.166,1.141,1.238,0.09,0.088,1.159,0.087,1.13,1.092,0.613,1.066,1.065,1.17,1.13,1.132,0.089,0.088,1.06,1.196,0.937,0.715,1.19,1.183,1.152,1.181,1.183,1.238,0.09,0.086,0.086,0.086,0.088,0.088,0.087,0.086,0.088,0.086,0.087,0.087,0.086
,16:34:16,40,0.089,0.088,0.086,0.087,0.087,0.087,0.087,0.087,0.088,0.087,0.087,0.088,0.087,0.084,0.165,0.202,0.142,0.148,0.157,0.188,0.155,0.1,0.165,0.087,0.087,0.177,0.084,0.161,0.241,0.161,0.151,0.175,0.15,0.21,0.181,0.087,0.088,0.152,0.171,0.103,0.301,0.172,0.166,0.181,0.148,0.148,0.222,0.088,0.087,1.143,0.973,0.987,1.175,1.13,1.211,1.195,1.164,1.14,1.238,0.09,0.087,1.157,0.087,1.128,1.089,0.611,1.065,1.063,1.169,1.128,1.131,0.089,0.088,1.059,1.194,0.936,0.712,1.189,1.183,1.151,1.18,1.182,1.237,0.09,0.086,0.086,0.086,0.088,0.088,0.087,0.086,0.088,0.086,0.087,0.087,0.086
,16:39:16,40,0.09,0.088,0.086,0.087,0.087,0.087,0.087,0.087,0.088,0.087,0.087,0.088,0.087,0.084,0.167,0.206,0.142,0.148,0.158,0.188,0.155,0.101,0.166,0.087,0.087,0.178,0.084,0.161,0.243,0.161,0.152,0.175,0.15,0.21,0.181,0.088,0.088,0.153,0.173,0.104,0.3,0.173,0.165,0.181,0.148,0.149,0.223,0.088,0.087,1.142,0.972,0.986,1.175,1.129,1.21,1.195,1.164,1.139,1.237,0.09,0.087,1.156,0.087,1.128,1.087,0.611,1.065,1.062,1.168,1.126,1.131,0.089,0.088,1.058,1.194,0.936,0.711,1.188,1.183,1.151,1.179,1.181,1.236,0.09,0.086,0.086,0.086,0.088,0.088,0.087,0.086,0.088,0.086,0.087,0.087,0.086
,16:44:16,40,0.089,0.087,0.086,0.086,0.087,0.087,0.087,0.087,0.088,0.087,0.087,0.088,0.087,0.084,0.169,0.207,0.143,0.148,0.159,0.189,0.155,0.101,0.166,0.087,0.087,0.177,0.084,0.16,0.246,0.161,0.151,0.176,0.151,0.211,0.181,0.087,0.088,0.152,0.171,0.104,0.3,0.173,0.164,0.18,0.148,0.149,0.224,0.088,0.087,1.141,0.969,0.984,1.175,1.128,1.21,1.195,1.163,1.139,1.237,0.09,0.087,1.155,0.086,1.127,1.085,0.608,1.063,1.059,1.167,1.124,1.129,0.089,0.088,1.056,1.193,0.936,0.711,1.188,1.183,1.15,1.179,1.181,1.236,0.09,0.086,0.086,0.086,0.088,0.088,0.087,0.086,0.087,0.086,0.086,0.087,0.085
,16:49:16,40,0.089,0.088,0.086,0.087,0.087,0.087,0.087,0.087,0.088,0.087,0.087,0.088,0.087,0.084,0.169,0.21,0.144,0.147,0.159,0.189,0.156,0.102,0.167,0.087,0.087,0.177,0.084,0.16,0.249,0.161,0.151,0.175,0.151,0.211,0.181,0.088,0.088,0.151,0.171,0.105,0.299,0.172,0.164,0.18,0.148,0.149,0.225,0.088,0.087,1.135,0.967,0.983,1.174,1.127,1.209,1.195,1.162,1.139,1.236,0.09,0.087,1.155,0.087,1.127,1.083,0.607,1.063,1.059,1.166,1.123,1.129,0.089,0.088,1.056,1.193,0.938,0.711,1.188,1.184,1.15,1.179,1.18,1.235,0.09,0.086,0.086,0.086,0.088,0.088,0.087,0.086,0.088,0.086,0.087,0.087,0.086
,16:54:16,40,0.089,0.088,0.086,0.086,0.087,0.087,0.087,0.087,0.088,0.087,0.087,0.088,0.087,0.084,0.17,0.212,0.145,0.148,0.161,0.191,0.157,0.103,0.168,0.087,0.087,0.178,0.084,0.162,0.252,0.162,0.153,0.176,0.154,0.212,0.182,0.087,0.088,0.153,0.171,0.105,0.299,0.173,0.165,0.181,0.148,0.15,0.226,0.088,0.087,1.141,0.966,0.981,1.174,1.126,1.208,1.194,1.162,1.138,1.236,0.09,0.088,1.154,0.087,1.127,1.081,0.607,1.061,1.057,1.165,1.121,1.128,0.089,0.088,1.055,1.191,0.937,0.708,1.187,1.183,1.149,1.178,1.179,1.234,0.09,0.086,0.086,0.086,0.088,0.088,0.087,0.086,0.088,0.086,0.087,0.087,0.086
,16:59:16,40,0.089,0.088,0.086,0.087,0.087,0.087,0.087,0.087,0.088,0.087,0.087,0.088,0.087,0.084,0.17,0.214,0.145,0.148,0.162,0.191,0.158,0.103,0.169,0.087,0.087,0.178,0.084,0.162,0.254,0.162,0.152,0.176,0.151,0.213,0.181,0.087,0.088,0.153,0.169,0.106,0.298,0.173,0.166,0.181,0.149,0.149,0.226,0.088,0.087,1.141,0.963,0.979,1.173,1.125,1.208,1.193,1.161,1.138,1.234,0.09,0.087,1.153,0.087,1.124,1.078,0.605,1.06,1.054,1.164,1.119,1.127,0.089,0.088,1.053,1.19,0.936,0.707,1.186,1.183,1.148,1.177,1.178,1.234,0.09,0.086,0.086,0.086,0.088,0.088,0.087,0.086,0.088,0.086,0.087,0.087,0.086
,17:04:16,40,0.089,0.088,0.086,0.086,0.087,0.087,0.087,0.087,0.088,0.087,0.087,0.088,0.087,0.084,0.171,0.217,0.146,0.148,0.162,0.192,0.156,0.104,0.17,0.087,0.087,0.178,0.084,0.162,0.257,0.162,0.152,0.176,0.155,0.213,0.182,0.087,0.088,0.153,0.169,0.107,0.298,0.173,0.167,0.181,0.149,0.15,0.227,0.088,0.087,1.14,0.962,0.976,1.172,1.124,1.208,1.193,1.16,1.138,1.234,0.09,0.087,1.152,0.087,1.124,1.076,0.603,1.059,1.053,1.163,1.118,1.126,0.089,0.088,1.052,1.19,0.935,0.707,1.187,1.182,1.147,1.177,1.177,1.233,0.09,0.086,0.086,0.086,0.088,0.088,0.087,0.086,0.088,0.086,0.087,0.087,0.086
,17:09:16,40,0.09,0.088,0.086,0.087,0.087,0.087,0.087,0.088,0.088,0.087,0.087,0.088,0.087,0.085,0.17,0.219,0.147,0.148,0.162,0.193,0.157,0.105,0.171,0.087,0.087,0.178,0.084,0.163,0.26,0.162,0.151,0.176,0.153,0.214,0.183,0.088,0.088,0.153,0.174,0.107,0.298,0.174,0.167,0.181,0.149,0.15,0.228,0.088,0.088,1.139,0.959,0.974,1.172,1.124,1.208,1.193,1.16,1.138,1.234,0.09,0.087,1.151,0.087,1.123,1.074,0.601,1.058,1.051,1.162,1.117,1.125,0.089,0.088,1.05,1.19,0.936,0.704,1.187,1.183,1.147,1.176,1.177,1.232,0.09,0.087,0.086,0.086,0.088,0.088,0.088,0.086,0.088,0.086,0.087,0.087,0.086
,17:14:16,40,0.089,0.088,0.086,0.086,0.087,0.087,0.087,0.087,0.088,0.087,0.087,0.088,0.087,0.084,0.172,0.221,0.147,0.148,0.165,0.194,0.158,0.106,0.171,0.087,0.087,0.178,0.084,0.162,0.263,0.162,0.151,0.176,0.152,0.214,0.182,0.087,0.088,0.152,0.174,0.107,0.297,0.173,0.165,0.181,0.148,0.151,0.229,0.088,0.087,1.138,0.958,0.974,1.171,1.123,1.207,1.192,1.159,1.137,1.233,0.09,0.087,1.15,0.087,1.123,1.071,0.601,1.057,1.05,1.16,1.115,1.125,0.089,0.088,1.05,1.189,0.938,0.704,1.186,1.182,1.146,1.175,1.176,1.231,0.09,0.086,0.086,0.086,0.088,0.088,0.087,0.086,0.088,0.086,0.087,0.087,0.086
,17:19:16,40,0.09,0.088,0.086,0.086,0.087,0.087,0.087,0.087,0.088,0.087,0.087,0.088,0.087,0.084,0.172,0.223,0.148,0.148,0.167,0.194,0.158,0.107,0.172,0.087,0.087,0.178,0.084,0.162,0.266,0.162,0.151,0.177,0.153,0.215,0.182,0.088,0.088,0.154,0.174,0.108,0.297,0.174,0.166,0.181,0.149,0.15,0.229,0.088,0.087,1.137,0.955,0.971,1.171,1.122,1.207,1.191,1.158,1.137,1.232,0.09,0.087,1.149,0.087,1.121,1.069,0.597,1.056,1.048,1.159,1.114,1.124,0.089,0.088,1.048,1.188,0.936,0.703,1.186,1.183,1.145,1.175,1.175,1.231,0.09,0.086,0.086,0.087,0.088,0.088,0.087,0.086,0.088,0.086,0.087,0.087,0.086
,17:24:16,40,0.09,0.088,0.086,0.087,0.087,0.087,0.087,0.087,0.089,0.087,0.087,0.088,0.087,0.085,0.173,0.226,0.149,0.149,0.167,0.194,0.159,0.108,0.173,0.087,0.087,0.178,0.084,0.162,0.269,0.162,0.151,0.177,0.153,0.214,0.182,0.088,0.088,0.152,0.171,0.109,0.297,0.173,0.167,0.181,0.149,0.15,0.23,0.088,0.087,1.136,0.954,0.969,1.171,1.121,1.207,1.191,1.158,1.137,1.232,0.09,0.087,1.148,0.087,1.121,1.067,0.596,1.055,1.047,1.158,1.112,1.123,0.089,0.088,1.048,1.188,0.937,0.701,1.186,1.183,1.145,1.175,1.175,1.23,0.09,0.086,0.086,0.086,0.088,0.088,0.088,0.086,0.088,0.086,0.087,0.087,0.086
,17:29:16,40,0.089,0.088,0.086,0.087,0.087,0.087,0.087,0.087,0.088,0.087,0.087,0.088,0.087,0.084,0.173,0.229,0.149,0.149,0.169,0.195,0.16,0.109,0.173,0.087,0.087,0.178,0.084,0.164,0.271,0.163,0.152,0.176,0.154,0.215,0.183,0.087,0.088,0.153,0.175,0.109,0.296,0.174,0.166,0.181,0.149,0.151,0.231,0.088,0.087,1.136,0.952,0.968,1.169,1.12,1.206,1.191,1.157,1.135,1.232,0.09,0.087,1.147,0.087,1.12,1.065,0.595,1.054,1.044,1.157,1.111,1.123,0.089,0.088,1.046,1.187,0.937,0.701,1.184,1.182,1.144,1.174,1.174,1.23,0.09,0.086,0.086,0.086,0.088,0.088,0.087,0.086,0.088,0.086,0.087,0.087,0.086
,17:34:16,40,0.09,0.088,0.086,0.086,0.087,0.087,0.087,0.087,0.088,0.087,0.087,0.088,0.087,0.084,0.173,0.231,0.15,0.149,0.169,0.195,0.159,0.11,0.174,0.087,0.087,0.178,0.084,0.161,0.275,0.162,0.152,0.177,0.154,0.215,0.183,0.088,0.088,0.153,0.176,0.11,0.296,0.174,0.167,0.18,0.149,0.152,0.232,0.088,0.087,1.134,0.95,0.966,1.17,1.119,1.207,1.191,1.156,1.136,1.231,0.09,0.087,1.146,0.087,1.12,1.062,0.594,1.053,1.043,1.156,1.109,1.122,0.089,0.088,1.045,1.187,0.937,0.7,1.184,1.183,1.143,1.173,1.173,1.229,0.09,0.086,0.086,0.086,0.088,0.088,0.087,0.086,0.088,0.086,0.087,0.087,0.086
,17:39:16,40,0.089,0.088,0.086,0.086,0.087,0.087,0.087,0.087,0.088,0.087,0.087,0.088,0.087,0.084,0.172,0.234,0.15,0.149,0.168,0.196,0.159,0.11,0.175,0.087,0.087,0.179,0.084,0.162,0.278,0.163,0.152,0.177,0.158,0.216,0.184,0.087,0.088,0.155,0.175,0.111,0.296,0.174,0.169,0.181,0.15,0.15,0.232,0.088,0.087,1.136,0.949,0.964,1.17,1.118,1.206,1.19,1.156,1.135,1.231,0.09,0.087,1.145,0.087,1.119,1.061,0.593,1.052,1.041,1.155,1.107,1.122,0.089,0.088,1.044,1.186,0.939,0.697,1.185,1.184,1.143,1.173,1.173,1.228,0.09,0.086,0.086,0.086,0.088,0.088,0.087,0.086,0.088,0.086,0.087,0.087,0.086
,17:44:16,40,0.09,0.088,0.086,0.087,0.087,0.087,0.087,0.087,0.088,0.087,0.087,0.088,0.087,0.084,0.174,0.236,0.151,0.15,0.17,0.196,0.16,0.113,0.176,0.087,0.087,0.178,0.084,0.163,0.282,0.163,0.152,0.177,0.156,0.216,0.183,0.087,0.088,0.154,0.174,0.111,0.296,0.174,0.167,0.182,0.149,0.152,0.234,0.088,0.087,1.135,0.947,0.961,1.169,1.117,1.206,1.19,1.155,1.135,1.229,0.09,0.087,1.143,0.087,1.118,1.059,0.591,1.051,1.039,1.155,1.106,1.121,0.089,0.088,1.043,1.185,0.938,0.697,1.184,1.184,1.143,1.173,1.172,1.227,0.09,0.086,0.086,0.086,0.088,0.088,0.087,0.086,0.088,0.086,0.087,0.087,0.086
,17:49:16,40,0.089,0.088,0.086,0.086,0.087,0.087,0.087,0.087,0.088,0.087,0.087,0.088,0.087,0.084,0.174,0.239,0.151,0.15,0.172,0.197,0.161,0.115,0.176,0.087,0.087,0.178,0.084,0.163,0.284,0.163,0.153,0.177,0.157,0.217,0.183,0.087,0.088,0.153,0.175,0.112,0.295,0.174,0.167,0.182,0.149,0.151,0.234,0.088,0.087,1.134,0.945,0.961,1.168,1.116,1.205,1.189,1.154,1.134,1.229,0.09,0.087,1.143,0.087,1.117,1.057,0.59,1.05,1.038,1.153,1.105,1.121,0.089,0.088,1.042,1.186,0.94,0.697,1.184,1.184,1.142,1.172,1.171,1.227,0.09,0.086,0.086,0.086,0.088,0.088,0.087,0.086,0.088,0.086,0.087,0.087,0.086
,17:54:16,39.9,0.089,0.088,0.086,0.086,0.087,0.087,0.087,0.087,0.088,0.087,0.087,0.088,0.087,0.084,0.175,0.242,0.152,0.15,0.172,0.197,0.161,0.116,0.177,0.087,0.087,0.178,0.084,0.162,0.288,0.164,0.153,0.177,0.157,0.217,0.184,0.088,0.088,0.154,0.174,0.113,0.295,0.174,0.167,0.181,0.149,0.153,0.235,0.088,0.087,1.133,0.943,0.958,1.168,1.115,1.205,1.189,1.153,1.135,1.228,0.09,0.087,1.142,0.086,1.116,1.055,0.589,1.05,1.036,1.152,1.104,1.12,0.089,0.088,1.04,1.185,0.94,0.695,1.184,1.184,1.141,1.171,1.17,1.226,0.09,0.086,0.086,0.086,0.088,0.088,0.087,0.086,0.088,0.086,0.087,0.087,0.086
,17:59:16,40,0.089,0.088,0.086,0.086,0.087,0.087,0.087,0.087,0.088,0.087,0.087,0.088,0.087,0.084,0.176,0.245,0.152,0.15,0.174,0.198,0.161,0.117,0.178,0.087,0.087,0.179,0.084,0.163,0.291,0.164,0.153,0.177,0.157,0.218,0.184,0.087,0.088,0.154,0.176,0.114,0.295,0.174,0.168,0.182,0.149,0.152,0.235,0.088,0.087,1.133,0.942,0.956,1.167,1.114,1.204,1.189,1.153,1.135,1.229,0.09,0.087,1.141,0.086,1.116,1.053,0.587,1.048,1.034,1.151,1.102,1.119,0.089,0.088,1.039,1.185,0.941,0.694,1.184,1.185,1.141,1.171,1.17,1.226,0.09,0.086,0.086,0.086,0.088,0.088,0.087,0.086,0.088,0.086,0.086,0.087,0.085
,18:04:16,40,0.09,0.088,0.086,0.087,0.087,0.087,0.087,0.087,0.088,0.087,0.087,0.088,0.087,0.084,0.176,0.248,0.153,0.151,0.175,0.199,0.162,0.119,0.179,0.087,0.087,0.178,0.084,0.164,0.295,0.164,0.153,0.177,0.158,0.218,0.185,0.088,0.088,0.155,0.17,0.115,0.295,0.175,0.168,0.182,0.149,0.153,0.236,0.088,0.087,1.135,0.94,0.954,1.167,1.114,1.204,1.189,1.152,1.133,1.228,0.09,0.087,1.139,0.087,1.115,1.051,0.586,1.048,1.033,1.15,1.101,1.119,0.089,0.088,1.039,1.185,0.942,0.692,1.183,1.185,1.141,1.171,1.169,1.225,0.09,0.086,0.086,0.086,0.088,0.088,0.087,0.086,0.088,0.086,0.087,0.087,0.086
,18:09:16,40,0.089,0.088,0.086,0.087,0.087,0.087,0.087,0.088,0.088,0.087,0.087,0.088,0.087,0.084,0.176,0.252,0.153,0.151,0.175,0.2,0.162,0.121,0.18,0.087,0.087,0.178,0.084,0.162,0.298,0.164,0.153,0.177,0.159,0.218,0.185,0.087,0.088,0.154,0.174,0.116,0.295,0.175,0.168,0.182,0.149,0.153,0.237,0.088,0.087,1.131,0.938,0.952,1.167,1.112,1.204,1.188,1.151,1.134,1.228,0.09,0.087,1.139,0.087,1.115,1.049,0.585,1.047,1.032,1.149,1.099,1.119,0.089,0.088,1.038,1.185,0.944,0.692,1.184,1.185,1.14,1.17,1.169,1.225,0.09,0.086,0.086,0.086,0.088,0.088,0.087,0.086,0.088,0.086,0.087,0.087,0.086
,18:14:16,40,0.09,0.088,0.087,0.087,0.087,0.087,0.087,0.088,0.088,0.087,0.087,0.088,0.087,0.084,0.177,0.254,0.153,0.151,0.176,0.2,0.162,0.122,0.181,0.087,0.087,0.179,0.084,0.164,0.301,0.165,0.154,0.178,0.16,0.219,0.185,0.088,0.088,0.154,0.176,0.117,0.294,0.175,0.168,0.182,0.15,0.153,0.238,0.088,0.087,1.13,0.937,0.95,1.166,1.112,1.204,1.188,1.151,1.134,1.227,0.09,0.087,1.138,0.087,1.114,1.048,0.583,1.046,1.03,1.148,1.098,1.118,0.089,0.088,1.037,1.184,0.945,0.691,1.184,1.186,1.139,1.17,1.167,1.224,0.09,0.087,0.086,0.087,0.088,0.088,0.088,0.086,0.088,0.086,0.087,0.087,0.086
,18:19:16,40,0.089,0.088,0.086,0.086,0.087,0.087,0.087,0.087,0.088,0.087,0.087,0.088,0.087,0.085,0.177,0.258,0.154,0.151,0.177,0.201,0.163,0.123,0.181,0.087,0.087,0.178,0.084,0.163,0.305,0.165,0.154,0.178,0.16,0.219,0.185,0.087,0.088,0.154,0.174,0.118,0.294,0.175,0.169,0.182,0.149,0.153,0.239,0.088,0.087,1.129,0.934,0.949,1.166,1.111,1.204,1.188,1.151,1.133,1.226,0.09,0.087,1.136,0.087,1.113,1.046,0.582,1.045,1.028,1.146,1.097,1.118,0.089,0.088,1.035,1.183,0.944,0.691,1.183,1.186,1.139,1.17,1.167,1.224,0.09,0.086,0.086,0.086,0.088,0.088,0.087,0.086,0.088,0.086,0.087,0.087,0.086
,18:24:16,40.1,0.089,0.088,0.086,0.087,0.087,0.087,0.087,0.087,0.088,0.087,0.087,0.088,0.087,0.084,0.178,0.26,0.154,0.152,0.176,0.201,0.163,0.127,0.182,0.087,0.087,0.178,0.084,0.162,0.308,0.165,0.154,0.178,0.161,0.219,0.186,0.087,0.088,0.153,0.174,0.119,0.294,0.175,0.169,0.182,0.15,0.152,0.24,0.088,0.087,1.125,0.933,0.947,1.166,1.11,1.203,1.187,1.15,1.134,1.226,0.09,0.088,1.136,0.087,1.113,1.044,0.58,1.044,1.026,1.145,1.095,1.117,0.089,0.088,1.035,1.184,0.945,0.688,1.183,1.186,1.138,1.169,1.167,1.223,0.09,0.086,0.086,0.086,0.088,0.088,0.087,0.086,0.088,0.086,0.087,0.087,0.086
,18:29:16,39.9,0.089,0.088,0.086,0.086,0.087,0.087,0.087,0.087,0.088,0.087,0.087,0.088,0.087,0.084,0.178,0.264,0.154,0.152,0.179,0.202,0.164,0.129,0.183,0.087,0.087,0.178,0.084,0.164,0.311,0.165,0.154,0.177,0.161,0.22,0.186,0.087,0.088,0.155,0.175,0.12,0.293,0.175,0.169,0.182,0.15,0.152,0.241,0.088,0.087,1.13,0.93,0.945,1.165,1.109,1.203,1.187,1.149,1.133,1.225,0.09,0.087,1.134,0.086,1.111,1.043,0.578,1.043,1.024,1.144,1.094,1.117,0.089,0.088,1.033,1.181,0.943,0.687,1.182,1.186,1.138,1.168,1.166,1.222,0.09,0.086,0.086,0.086,0.088,0.088,0.087,0.086,0.088,0.086,0.087,0.087,0.085
,18:34:16,39.9,0.09,0.088,0.086,0.087,0.087,0.087,0.087,0.087,0.088,0.087,0.087,0.088,0.087,0.085,0.179,0.267,0.155,0.153,0.178,0.203,0.164,0.132,0.184,0.087,0.087,0.179,0.084,0.163,0.315,0.166,0.154,0.178,0.162,0.22,0.186,0.088,0.088,0.155,0.173,0.121,0.293,0.176,0.17,0.182,0.151,0.152,0.242,0.088,0.087,1.129,0.93,0.944,1.166,1.108,1.203,1.187,1.149,1.133,1.225,0.09,0.087,1.134,0.087,1.111,1.042,0.578,1.041,1.023,1.143,1.093,1.117,0.089,0.088,1.032,1.181,0.944,0.686,1.183,1.186,1.138,1.168,1.165,1.222,0.09,0.086,0.086,0.086,0.088,0.088,0.087,0.086,0.088,0.086,0.087,0.087,0.086
,18:39:16,40,0.089,0.088,0.086,0.087,0.087,0.087,0.087,0.088,0.088,0.087,0.087,0.088,0.087,0.084,0.18,0.27,0.155,0.153,0.178,0.203,0.165,0.133,0.185,0.087,0.087,0.179,0.084,0.162,0.319,0.166,0.154,0.178,0.163,0.22,0.186,0.088,0.088,0.152,0.174,0.122,0.293,0.176,0.17,0.182,0.15,0.153,0.243,0.088,0.087,1.125,0.928,0.942,1.165,1.107,1.203,1.187,1.148,1.133,1.225,0.09,0.087,1.133,0.087,1.111,1.041,0.576,1.041,1.022,1.143,1.092,1.116,0.089,0.088,1.031,1.181,0.944,0.686,1.183,1.186,1.137,1.167,1.165,1.222,0.09,0.086,0.086,0.087,0.088,0.088,0.087,0.086,0.088,0.086,0.087,0.087,0.086
,18:44:16,40,0.089,0.088,0.086,0.086,0.087,0.087,0.087,0.087,0.088,0.087,0.087,0.088,0.087,0.085,0.18,0.274,0.155,0.152,0.18,0.204,0.165,0.134,0.185,0.087,0.087,0.179,0.084,0.164,0.322,0.166,0.153,0.178,0.163,0.22,0.187,0.088,0.088,0.154,0.177,0.123,0.293,0.176,0.169,0.182,0.15,0.152,0.244,0.088,0.087,1.127,0.926,0.94,1.165,1.106,1.203,1.186,1.147,1.133,1.224,0.09,0.087,1.132,0.086,1.11,1.039,0.575,1.04,1.021,1.142,1.09,1.116,0.089,0.088,1.031,1.18,0.942,0.685,1.183,1.186,1.137,1.167,1.163,1.221,0.09,0.086,0.086,0.086,0.088,0.088,0.087,0.086,0.088,0.086,0.087,0.087,0.086
,18:49:16,40,0.089,0.088,0.086,0.086,0.087,0.087,0.087,0.087,0.088,0.087,0.087,0.088,0.087,0.086,0.18,0.277,0.156,0.153,0.181,0.205,0.166,0.135,0.186,0.087,0.087,0.178,0.084,0.164,0.325,0.166,0.153,0.178,0.164,0.221,0.186,0.087,0.088,0.155,0.176,0.124,0.292,0.176,0.17,0.183,0.15,0.152,0.245,0.088,0.087,1.129,0.924,0.938,1.164,1.105,1.203,1.186,1.147,1.132,1.223,0.09,0.087,1.131,0.087,1.109,1.038,0.573,1.039,1.018,1.14,1.089,1.115,0.089,0.088,1.029,1.179,0.94,0.683,1.182,1.185,1.136,1.167,1.163,1.22,0.09,0.086,0.086,0.086,0.088,0.088,0.087,0.086,0.088,0.086,0.086,0.087,0.085
,18:54:16,40,0.089,0.088,0.086,0.086,0.087,0.087,0.087,0.087,0.088,0.087,0.087,0.088,0.087,0.084,0.18,0.281,0.156,0.153,0.182,0.205,0.166,0.135,0.187,0.087,0.087,0.178,0.084,0.163,0.329,0.166,0.153,0.178,0.164,0.221,0.188,0.087,0.088,0.154,0.175,0.125,0.292,0.176,0.17,0.183,0.15,0.151,0.246,0.088,0.087,1.128,0.922,0.936,1.163,1.104,1.202,1.186,1.147,1.131,1.223,0.09,0.087,1.129,0.086,1.108,1.036,0.571,1.038,1.017,1.139,1.088,1.114,0.088,0.088,1.028,1.178,0.939,0.682,1.181,1.185,1.135,1.166,1.163,1.22,0.09,0.086,0.086,0.086,0.087,0.088,0.087,0.086,0.088,0.086,0.086,0.087,0.085
,18:59:16,40.1,0.089,0.087,0.086,0.086,0.087,0.087,0.087,0.087,0.088,0.087,0.087,0.088,0.087,0.084,0.181,0.284,0.157,0.153,0.182,0.206,0.166,0.137,0.188,0.087,0.087,0.179,0.084,0.164,0.332,0.167,0.157,0.178,0.164,0.222,0.188,0.087,0.088,0.154,0.176,0.126,0.292,0.176,0.17,0.182,0.15,0.153,0.248,0.088,0.087,1.126,0.921,0.933,1.164,1.103,1.202,1.186,1.147,1.132,1.222,0.09,0.087,1.129,0.087,1.108,1.036,0.57,1.038,1.016,1.139,1.087,1.114,0.089,0.088,1.027,1.178,0.939,0.682,1.182,1.185,1.135,1.166,1.162,1.22,0.09,0.086,0.086,0.086,0.088,0.088,0.087,0.086,0.088,0.086,0.086,0.087,0.086
,19:04:16,40,0.09,0.088,0.086,0.087,0.087,0.087,0.087,0.087,0.089,0.087,0.087,0.088,0.087,0.085,0.182,0.289,0.157,0.154,0.184,0.207,0.168,0.139,0.189,0.087,0.087,0.178,0.084,0.165,0.337,0.168,0.156,0.178,0.165,0.222,0.189,0.088,0.088,0.155,0.178,0.127,0.292,0.177,0.17,0.183,0.151,0.153,0.249,0.088,0.087,1.126,0.92,0.934,1.163,1.103,1.202,1.186,1.146,1.131,1.222,0.09,0.087,1.129,0.087,1.108,1.034,0.57,1.037,1.015,1.138,1.087,1.113,0.089,0.088,1.027,1.178,0.939,0.681,1.182,1.185,1.135,1.166,1.162,1.22,0.09,0.086,0.086,0.086,0.088,0.088,0.088,0.086,0.088,0.086,0.087,0.088,0.086
,19:09:16,40,0.089,0.088,0.086,0.087,0.087,0.087,0.087,0.087,0.088,0.087,0.087,0.088,0.087,0.085,0.182,0.294,0.157,0.154,0.185,0.208,0.168,0.14,0.19,0.087,0.087,0.177,0.084,0.163,0.339,0.168,0.156,0.178,0.166,0.222,0.188,0.088,0.088,0.154,0.176,0.128,0.292,0.177,0.17,0.183,0.151,0.154,0.249,0.088,0.087,1.126,0.918,0.932,1.162,1.102,1.202,1.186,1.145,1.13,1.222,0.09,0.087,1.127,0.087,1.107,1.033,0.568,1.036,1.013,1.137,1.085,1.113,0.089,0.088,1.026,1.177,0.936,0.68,1.181,1.184,1.135,1.165,1.161,1.219,0.09,0.086,0.086,0.086,0.088,0.088,0.087,0.086,0.088,0.086,0.087,0.087,0.086
,19:14:16,40,0.089,0.088,0.086,0.086,0.087,0.087,0.087,0.087,0.088,0.087,0.087,0.088,0.087,0.084,0.183,0.297,0.157,0.155,0.185,0.208,0.168,0.141,0.19,0.087,0.087,0.178,0.084,0.164,0.343,0.168,0.158,0.178,0.166,0.222,0.188,0.087,0.088,0.154,0.176,0.129,0.292,0.177,0.17,0.183,0.151,0.152,0.251,0.088,0.087,1.122,0.916,0.929,1.163,1.1,1.202,1.186,1.145,1.131,1.221,0.09,0.087,1.126,0.087,1.107,1.032,0.567,1.035,1.012,1.135,1.084,1.112,0.089,0.088,1.025,1.177,0.936,0.679,1.182,1.184,1.134,1.165,1.161,1.218,0.09,0.086,0.086,0.086,0.088,0.088,0.087,0.086,0.088,0.086,0.087,0.087,0.085
,19:19:16,40,0.09,0.088,0.086,0.087,0.087,0.087,0.087,0.087,0.088,0.087,0.087,0.088,0.087,0.086,0.183,0.301,0.158,0.155,0.186,0.209,0.169,0.142,0.191,0.087,0.087,0.178,0.084,0.163,0.347,0.169,0.156,0.178,0.166,0.223,0.189,0.087,0.088,0.155,0.176,0.13,0.291,0.176,0.171,0.183,0.151,0.153,0.252,0.088,0.087,1.124,0.915,0.928,1.162,1.1,1.2,1.186,1.145,1.131,1.221,0.09,0.087,1.125,0.086,1.107,1.031,0.565,1.034,1.011,1.135,1.083,1.112,0.089,0.088,1.025,1.176,0.935,0.677,1.182,1.184,1.133,1.164,1.16,1.218,0.09,0.086,0.086,0.086,0.088,0.088,0.087,0.086,0.088,0.086,0.087,0.087,0.085
,19:24:16,40,0.089,0.088,0.086,0.086,0.087,0.087,0.087,0.087,0.088,0.087,0.087,0.088,0.087,0.084,0.184,0.304,0.158,0.155,0.188,0.21,0.169,0.144,0.192,0.087,0.087,0.179,0.084,0.164,0.35,0.168,0.155,0.178,0.167,0.222,0.19,0.087,0.088,0.155,0.178,0.131,0.291,0.177,0.171,0.183,0.151,0.153,0.253,0.088,0.087,1.122,0.912,0.926,1.161,1.099,1.201,1.187,1.144,1.13,1.221,0.09,0.087,1.123,0.087,1.105,1.03,0.565,1.034,1.009,1.133,1.083,1.111,0.089,0.088,1.022,1.175,0.933,0.676,1.181,1.184,1.133,1.164,1.159,1.217,0.09,0.086,0.086,0.086,0.088,0.088,0.087,0.086,0.088,0.086,0.087,0.087,0.086
,19:29:16,40,0.089,0.088,0.086,0.087,0.087,0.087,0.087,0.087,0.088,0.087,0.087,0.088,0.087,0.084,0.184,0.309,0.159,0.155,0.189,0.211,0.17,0.145,0.193,0.087,0.087,0.178,0.084,0.164,0.354,0.169,0.157,0.178,0.167,0.223,0.191,0.087,0.088,0.155,0.177,0.132,0.291,0.177,0.171,0.183,0.151,0.152,0.254,0.088,0.087,1.124,0.912,0.925,1.161,1.098,1.2,1.186,1.143,1.129,1.22,0.09,0.087,1.124,0.087,1.105,1.029,0.565,1.033,1.009,1.133,1.081,1.112,0.089,0.088,1.023,1.175,0.934,0.676,1.181,1.183,1.133,1.164,1.159,1.216,0.09,0.086,0.086,0.086,0.088,0.088,0.087,0.086,0.088,0.086,0.087,0.087,0.085
,19:34:16,40,0.089,0.088,0.086,0.087,0.087,0.087,0.087,0.087,0.088,0.087,0.087,0.088,0.087,0.085,0.185,0.312,0.159,0.156,0.189,0.212,0.17,0.147,0.194,0.087,0.087,0.178,0.084,0.165,0.357,0.169,0.156,0.178,0.168,0.224,0.19,0.087,0.088,0.155,0.176,0.133,0.291,0.177,0.171,0.183,0.151,0.152,0.256,0.088,0.087,1.121,0.909,0.922,1.161,1.097,1.201,1.188,1.143,1.129,1.22,0.09,0.087,1.121,0.086,1.104,1.029,0.562,1.032,1.007,1.132,1.08,1.11,0.089,0.088,1.021,1.175,0.932,0.674,1.182,1.183,1.132,1.163,1.158,1.216,0.09,0.086,0.086,0.086,0.088,0.088,0.087,0.086,0.088,0.086,0.087,0.087,0.085
,19:39:16,40,0.089,0.088,0.086,0.086,0.087,0.087,0.087,0.087,0.088,0.087,0.087,0.088,0.087,0.085,0.185,0.316,0.159,0.156,0.19,0.213,0.171,0.149,0.195,0.087,0.087,0.178,0.084,0.166,0.361,0.17,0.157,0.178,0.168,0.224,0.192,0.087,0.088,0.154,0.177,0.135,0.291,0.178,0.171,0.184,0.151,0.153,0.257,0.088,0.087,1.122,0.908,0.921,1.16,1.096,1.201,1.188,1.142,1.129,1.22,0.09,0.087,1.121,0.087,1.103,1.028,0.564,1.031,1.006,1.131,1.079,1.11,0.089,0.088,1.02,1.175,0.932,0.673,1.182,1.182,1.132,1.163,1.158,1.215,0.09,0.086,0.086,0.086,0.088,0.088,0.087,0.086,0.088,0.086,0.086,0.087,0.086
,19:44:16,40,0.089,0.088,0.086,0.086,0.087,0.087,0.087,0.087,0.088,0.087,0.087,0.088,0.087,0.085,0.186,0.321,0.159,0.156,0.191,0.214,0.172,0.151,0.196,0.087,0.087,0.178,0.084,0.163,0.365,0.171,0.159,0.178,0.169,0.224,0.192,0.087,0.088,0.154,0.177,0.136,0.29,0.177,0.171,0.184,0.151,0.152,0.258,0.088,0.087,1.122,0.907,0.919,1.16,1.095,1.201,1.189,1.142,1.129,1.219,0.09,0.087,1.12,0.087,1.102,1.027,0.561,1.031,1.005,1.131,1.079,1.109,0.089,0.088,1.019,1.175,0.931,0.672,1.182,1.182,1.131,1.163,1.157,1.215,0.09,0.086,0.086,0.086,0.088,0.088,0.087,0.086,0.088,0.086,0.087,0.087,0.086
,19:49:16,40,0.089,0.088,0.086,0.086,0.087,0.087,0.087,0.087,0.088,0.087,0.086,0.087,0.087,0.085,0.187,0.324,0.159,0.156,0.192,0.215,0.171,0.154,0.197,0.087,0.087,0.179,0.084,0.166,0.363,0.171,0.157,0.178,0.169,0.224,0.192,0.087,0.088,0.155,0.177,0.137,0.29,0.177,0.171,0.184,0.152,0.153,0.26,0.088,0.087,1.12,0.905,0.916,1.159,1.094,1.201,1.19,1.141,1.129,1.218,0.09,0.087,1.119,0.087,1.102,1.026,0.561,1.029,1.003,1.13,1.077,1.109,0.089,0.088,1.018,1.176,0.93,0.669,1.182,1.182,1.131,1.162,1.157,1.215,0.09,0.086,0.086,0.086,0.087,0.088,0.087,0.086,0.088,0.086,0.087,0.087,0.085
,19:54:16,40,0.089,0.088,0.086,0.087,0.087,0.087,0.087,0.087,0.088,0.087,0.087,0.088,0.087,0.085,0.187,0.331,0.16,0.157,0.193,0.216,0.173,0.156,0.198,0.087,0.087,0.178,0.084,0.165,0.364,0.171,0.159,0.178,0.17,0.224,0.192,0.088,0.088,0.154,0.178,0.139,0.29,0.178,0.171,0.184,0.152,0.153,0.261,0.088,0.087,1.121,0.904,0.917,1.159,1.093,1.2,1.19,1.141,1.129,1.218,0.09,0.087,1.119,0.087,1.102,1.026,0.559,1.029,1.002,1.129,1.077,1.108,0.089,0.088,1.018,1.177,0.93,0.669,1.182,1.182,1.131,1.162,1.157,1.214,0.09,0.086,0.086,0.086,0.088,0.088,0.087,0.086,0.088,0.086,0.087,0.087,0.085
,19:59:16,40,0.089,0.088,0.086,0.087,0.087,0.087,0.087,0.087,0.088,0.087,0.087,0.088,0.087,0.084,0.188,0.334,0.16,0.157,0.194,0.217,0.173,0.159,0.199,0.087,0.087,0.179,0.084,0.165,0.363,0.172,0.159,0.178,0.17,0.225,0.193,0.087,0.088,0.155,0.177,0.14,0.29,0.178,0.171,0.183,0.152,0.153,0.263,0.088,0.087,1.119,0.902,0.914,1.159,1.091,1.2,1.19,1.141,1.128,1.218,0.09,0.087,1.118,0.087,1.101,1.025,0.558,1.028,1.001,1.127,1.076,1.108,0.089,0.088,1.016,1.18,0.929,0.669,1.182,1.182,1.13,1.161,1.156,1.215,0.09,0.086,0.086,0.086,0.088,0.088,0.087,0.086,0.088,0.086,0.087,0.087,0.085
,20:04:16,40,0.089,0.088,0.086,0.087,0.087,0.087,0.087,0.087,0.088,0.087,0.087,0.088,0.087,0.085,0.188,0.339,0.16,0.157,0.195,0.219,0.173,0.162,0.2,0.087,0.087,0.179,0.084,0.164,0.363,0.172,0.159,0.178,0.17,0.225,0.194,0.087,0.088,0.155,0.178,0.141,0.29,0.178,0.172,0.185,0.152,0.152,0.264,0.088,0.087,1.119,0.9,0.911,1.158,1.091,1.2,1.189,1.141,1.129,1.218,0.09,0.087,1.117,0.087,1.1,1.024,0.557,1.027,1,1.127,1.075,1.107,0.089,0.088,1.016,1.18,0.929,0.668,1.182,1.181,1.129,1.161,1.155,1.214,0.09,0.086,0.086,0.086,0.088,0.088,0.087,0.086,0.088,0.086,0.087,0.087,0.085
,20:09:16,40,0.089,0.088,0.086,0.087,0.087,0.087,0.087,0.087,0.088,0.087,0.087,0.088,0.087,0.086,0.189,0.343,0.161,0.157,0.196,0.221,0.174,0.164,0.201,0.087,0.087,0.179,0.084,0.164,0.363,0.173,0.16,0.178,0.171,0.226,0.194,0.087,0.088,0.154,0.179,0.142,0.29,0.179,0.171,0.184,0.152,0.154,0.266,0.088,0.087,1.118,0.899,0.911,1.158,1.09,1.2,1.189,1.14,1.128,1.217,0.09,0.087,1.116,0.087,1.1,1.024,0.557,1.026,0.999,1.126,1.074,1.107,0.089,0.088,1.015,1.18,0.928,0.666,1.183,1.181,1.13,1.161,1.155,1.214,0.09,0.086,0.086,0.086,0.088,0.088,0.087,0.086,0.088,0.086,0.087,0.087,0.085
,20:14:16,40,0.089,0.088,0.086,0.087,0.087,0.087,0.087,0.087,0.088,0.087,0.087,0.088,0.087,0.085,0.19,0.348,0.161,0.157,0.198,0.222,0.175,0.166,0.202,0.087,0.087,0.179,0.084,0.165,0.361,0.174,0.159,0.178,0.171,0.225,0.197,0.087,0.088,0.154,0.18,0.144,0.289,0.179,0.171,0.184,0.152,0.153,0.268,0.088,0.087,1.119,0.898,0.909,1.158,1.089,1.2,1.189,1.139,1.127,1.217,0.09,0.087,1.115,0.086,1.1,1.023,0.556,1.025,0.997,1.125,1.073,1.107,0.089,0.088,1.015,1.179,0.928,0.665,1.183,1.18,1.129,1.161,1.154,1.213,0.09,0.086,0.086,0.086,0.088,0.088,0.087,0.086,0.088,0.086,0.086,0.087,0.085
,20:19:16,40,0.089,0.087,0.086,0.086,0.087,0.087,0.087,0.087,0.088,0.087,0.087,0.087,0.087,0.084,0.19,0.352,0.161,0.158,0.199,0.223,0.175,0.167,0.203,0.087,0.087,0.179,0.084,0.166,0.361,0.174,0.158,0.178,0.171,0.225,0.195,0.087,0.088,0.155,0.178,0.145,0.289,0.179,0.171,0.184,0.152,0.153,0.269,0.088,0.087,1.117,0.896,0.908,1.158,1.087,1.201,1.188,1.139,1.128,1.216,0.09,0.087,1.114,0.086,1.099,1.023,0.554,1.024,0.996,1.124,1.072,1.106,0.089,0.088,1.013,1.179,0.927,0.664,1.183,1.181,1.128,1.16,1.153,1.212,0.09,0.086,0.086,0.086,0.087,0.088,0.087,0.086,0.088,0.086,0.086,0.087,0.085
,20:24:16,40,0.089,0.088,0.086,0.086,0.087,0.087,0.087,0.087,0.088,0.087,0.087,0.088,0.087,0.085,0.191,0.356,0.161,0.158,0.199,0.224,0.175,0.169,0.204,0.087,0.087,0.18,0.084,0.165,0.36,0.175,0.159,0.178,0.172,0.226,0.196,0.087,0.088,0.155,0.18,0.146,0.289,0.179,0.171,0.184,0.152,0.154,0.271,0.088,0.087,1.118,0.895,0.905,1.157,1.086,1.201,1.188,1.139,1.128,1.216,0.09,0.087,1.113,0.086,1.098,1.023,0.552,1.024,0.995,1.124,1.072,1.106,0.089,0.088,1.012,1.179,0.926,0.662,1.183,1.181,1.128,1.16,1.153,1.212,0.09,0.086,0.086,0.086,0.088,0.088,0.087,0.086,0.088,0.086,0.087,0.087,0.085
,20:29:16,40,0.089,0.088,0.086,0.086,0.087,0.087,0.087,0.087,0.088,0.087,0.087,0.087,0.087,0.085,0.192,0.361,0.162,0.158,0.2,0.227,0.176,0.171,0.205,0.087,0.087,0.179,0.084,0.165,0.359,0.175,0.16,0.178,0.172,0.225,0.196,0.087,0.088,0.154,0.181,0.147,0.289,0.179,0.172,0.185,0.152,0.154,0.273,0.088,0.087,1.116,0.894,0.903,1.158,1.086,1.201,1.188,1.138,1.128,1.216,0.09,0.087,1.113,0.086,1.098,1.022,0.554,1.023,0.994,1.123,1.071,1.104,0.088,0.088,1.012,1.178,0.925,0.661,1.184,1.18,1.127,1.159,1.153,1.211,0.09,0.086,0.086,0.086,0.088,0.088,0.087,0.086,0.087,0.086,0.086,0.087,0.085
,20:34:16,40.1,0.089,0.088,0.086,0.086,0.087,0.087,0.087,0.087,0.088,0.087,0.087,0.087,0.087,0.085,0.193,0.366,0.162,0.158,0.203,0.228,0.177,0.172,0.206,0.087,0.087,0.18,0.084,0.165,0.359,0.176,0.16,0.178,0.172,0.227,0.196,0.087,0.088,0.155,0.18,0.149,0.289,0.18,0.172,0.184,0.152,0.153,0.275,0.088,0.087,1.117,0.892,0.903,1.157,1.086,1.201,1.188,1.138,1.128,1.215,0.09,0.087,1.111,0.087,1.097,1.022,0.552,1.022,0.993,1.122,1.071,1.104,0.088,0.088,1.011,1.177,0.924,0.66,1.183,1.18,1.127,1.159,1.153,1.211,0.09,0.086,0.086,0.086,0.088,0.088,0.087,0.086,0.087,0.086,0.087,0.087,0.085
,20:39:16,40.1,0.089,0.088,0.086,0.087,0.087,0.087,0.087,0.087,0.088,0.087,0.087,0.088,0.087,0.086,0.194,0.369,0.162,0.158,0.203,0.229,0.178,0.173,0.208,0.087,0.087,0.18,0.084,0.168,0.358,0.177,0.16,0.178,0.173,0.227,0.198,0.087,0.088,0.154,0.18,0.15,0.288,0.18,0.172,0.184,0.152,0.153,0.276,0.088,0.087,1.116,0.891,0.9,1.157,1.084,1.201,1.188,1.138,1.128,1.215,0.09,0.087,1.11,0.087,1.097,1.021,0.55,1.021,0.992,1.122,1.07,1.104,0.089,0.088,1.01,1.176,0.924,0.661,1.184,1.179,1.127,1.159,1.152,1.211,0.09,0.086,0.086,0.086,0.088,0.088,0.087,0.086,0.088,0.086,0.086,0.087,0.085
,20:44:16,39.9,0.089,0.088,0.086,0.087,0.087,0.087,0.087,0.087,0.088,0.087,0.087,0.088,0.087,0.085,0.194,0.374,0.162,0.158,0.204,0.231,0.179,0.175,0.209,0.087,0.087,0.18,0.084,0.166,0.358,0.177,0.161,0.178,0.174,0.227,0.198,0.088,0.088,0.155,0.179,0.151,0.288,0.18,0.172,0.185,0.153,0.153,0.278,0.088,0.087,1.117,0.89,0.898,1.157,1.083,1.201,1.187,1.137,1.127,1.215,0.09,0.087,1.11,0.087,1.097,1.021,0.55,1.02,0.991,1.122,1.069,1.104,0.089,0.088,1.01,1.176,0.924,0.658,1.184,1.179,1.127,1.158,1.152,1.21,0.09,0.086,0.086,0.086,0.088,0.088,0.087,0.086,0.088,0.086,0.087,0.087,0.085
,20:49:16,39.9,0.089,0.088,0.086,0.086,0.087,0.087,0.087,0.087,0.088,0.087,0.087,0.088,0.087,0.085,0.195,0.378,0.163,0.159,0.206,0.234,0.179,0.177,0.21,0.087,0.087,0.181,0.084,0.166,0.358,0.178,0.161,0.178,0.174,0.228,0.199,0.088,0.088,0.155,0.18,0.152,0.289,0.18,0.172,0.185,0.152,0.153,0.28,0.088,0.087,1.116,0.889,0.898,1.156,1.083,1.201,1.187,1.136,1.127,1.215,0.09,0.087,1.109,0.086,1.096,1.021,0.546,1.02,0.99,1.121,1.069,1.103,0.089,0.088,1.009,1.175,0.924,0.657,1.184,1.179,1.126,1.159,1.151,1.21,0.09,0.086,0.086,0.086,0.088,0.089,0.088,0.086,0.088,0.086,0.086,0.087,0.085
,20:54:16,40,0.089,0.088,0.086,0.087,0.087,0.087,0.087,0.087,0.088,0.087,0.087,0.087,0.087,0.085,0.195,0.382,0.163,0.159,0.208,0.235,0.18,0.179,0.211,0.087,0.087,0.181,0.084,0.165,0.357,0.178,0.161,0.178,0.174,0.229,0.2,0.087,0.088,0.154,0.18,0.153,0.288,0.18,0.172,0.185,0.153,0.153,0.282,0.088,0.087,1.116,0.887,0.896,1.156,1.081,1.2,1.187,1.136,1.127,1.214,0.09,0.087,1.108,0.086,1.095,1.02,0.547,1.019,0.989,1.121,1.068,1.102,0.089,0.088,1.008,1.175,0.923,0.657,1.184,1.179,1.126,1.158,1.151,1.209,0.09,0.086,0.086,0.086,0.088,0.088,0.087,0.086,0.088,0.086,0.087,0.087,0.085
,20:59:16,40,0.089,0.088,0.086,0.086,0.087,0.087,0.087,0.087,0.088,0.087,0.087,0.088,0.087,0.085,0.196,0.386,0.164,0.159,0.209,0.238,0.18,0.179,0.212,0.087,0.087,0.18,0.084,0.166,0.357,0.178,0.161,0.178,0.174,0.228,0.199,0.087,0.088,0.155,0.18,0.154,0.288,0.181,0.172,0.185,0.152,0.153,0.283,0.087,0.087,1.116,0.885,0.894,1.156,1.08,1.2,1.186,1.135,1.127,1.214,0.09,0.087,1.107,0.087,1.095,1.02,0.546,1.018,0.988,1.12,1.067,1.102,0.089,0.088,1.008,1.174,0.923,0.656,1.184,1.179,1.125,1.157,1.151,1.208,0.09,0.086,0.086,0.086,0.087,0.088,0.087,0.086,0.088,0.086,0.087,0.087,0.085
,21:04:16,40,0.089,0.088,0.086,0.087,0.087,0.087,0.087,0.087,0.088,0.087,0.087,0.088,0.087,0.086,0.198,0.39,0.164,0.159,0.21,0.239,0.181,0.181,0.214,0.087,0.087,0.181,0.084,0.165,0.356,0.179,0.161,0.178,0.175,0.229,0.201,0.087,0.088,0.154,0.18,0.157,0.288,0.181,0.172,0.185,0.153,0.154,0.286,0.088,0.087,1.114,0.884,0.893,1.155,1.079,1.2,1.185,1.135,1.127,1.214,0.09,0.087,1.107,0.086,1.095,1.02,0.544,1.018,0.987,1.119,1.067,1.102,0.089,0.088,1.007,1.173,0.923,0.654,1.184,1.18,1.125,1.157,1.15,1.208,0.09,0.086,0.086,0.086,0.088,0.088,0.087,0.086,0.088,0.086,0.087,0.087,0.085
,21:09:16,40.1,0.089,0.088,0.086,0.086,0.087,0.087,0.087,0.087,0.088,0.087,0.087,0.087,0.087,0.085,0.199,0.394,0.164,0.159,0.213,0.24,0.181,0.183,0.214,0.087,0.087,0.181,0.084,0.167,0.356,0.18,0.162,0.178,0.176,0.229,0.201,0.087,0.088,0.155,0.181,0.159,0.288,0.181,0.172,0.186,0.153,0.154,0.288,0.088,0.087,1.114,0.883,0.892,1.155,1.079,1.2,1.185,1.135,1.126,1.213,0.09,0.087,1.105,0.086,1.094,1.019,0.545,1.017,0.986,1.119,1.066,1.101,0.088,0.088,1.005,1.173,0.923,0.654,1.185,1.181,1.125,1.157,1.15,1.208,0.09,0.086,0.086,0.086,0.088,0.088,0.087,0.086,0.088,0.086,0.087,0.087,0.085
,21:14:16,40,0.089,0.088,0.086,0.087,0.087,0.087,0.087,0.087,0.088,0.087,0.087,0.088,0.087,0.085,0.199,0.396,0.164,0.159,0.214,0.245,0.182,0.185,0.216,0.087,0.087,0.182,0.084,0.166,0.356,0.181,0.162,0.178,0.176,0.23,0.201,0.088,0.088,0.156,0.181,0.162,0.288,0.182,0.172,0.186,0.153,0.154,0.29,0.088,0.087,1.115,0.882,0.89,1.155,1.078,1.2,1.186,1.135,1.126,1.213,0.09,0.087,1.104,0.087,1.093,1.019,0.544,1.016,0.985,1.118,1.066,1.101,0.089,0.088,1.005,1.172,0.923,0.652,1.186,1.181,1.125,1.157,1.149,1.208,0.09,0.087,0.086,0.086,0.088,0.088,0.087,0.086,0.088,0.086,0.087,0.087,0.085
,21:19:16,40,0.089,0.088,0.086,0.086,0.087,0.087,0.087,0.087,0.088,0.087,0.087,0.087,0.087,0.085,0.2,0.396,0.164,0.159,0.215,0.244,0.183,0.186,0.217,0.087,0.087,0.182,0.084,0.166,0.356,0.181,0.161,0.178,0.176,0.229,0.202,0.087,0.088,0.154,0.182,0.16,0.287,0.181,0.172,0.186,0.154,0.154,0.292,0.088,0.087,1.111,0.881,0.888,1.155,1.076,1.2,1.185,1.134,1.126,1.212,0.09,0.087,1.104,0.087,1.092,1.018,0.541,1.015,0.985,1.118,1.065,1.101,0.088,0.088,1.004,1.172,0.922,0.652,1.186,1.18,1.124,1.156,1.149,1.207,0.09,0.086,0.086,0.086,0.088,0.088,0.087,0.086,0.087,0.086,0.087,0.087,0.085
,21:24:16,40,0.089,0.088,0.086,0.087,0.087,0.087,0.087,0.087,0.088,0.087,0.087,0.088,0.087,0.085,0.202,0.396,0.165,0.16,0.219,0.248,0.183,0.188,0.218,0.087,0.087,0.183,0.084,0.167,0.355,0.182,0.162,0.178,0.177,0.231,0.203,0.088,0.088,0.155,0.183,0.161,0.287,0.182,0.173,0.186,0.153,0.154,0.294,0.088,0.087,1.115,0.879,0.886,1.154,1.075,1.199,1.185,1.134,1.125,1.212,0.09,0.087,1.103,0.087,1.092,1.018,0.541,1.014,0.983,1.117,1.064,1.1,0.089,0.088,1.004,1.171,0.921,0.65,1.186,1.18,1.124,1.156,1.149,1.207,0.09,0.086,0.086,0.086,0.088,0.088,0.087,0.086,0.088,0.086,0.087,0.087,0.085
,21:29:16,40,0.089,0.088,0.086,0.087,0.087,0.087,0.087,0.087,0.088,0.087,0.087,0.088,0.087,0.086,0.202,0.396,0.165,0.159,0.22,0.25,0.184,0.19,0.22,0.087,0.087,0.183,0.084,0.168,0.355,0.182,0.162,0.178,0.177,0.23,0.203,0.087,0.088,0.154,0.183,0.16,0.287,0.182,0.172,0.186,0.153,0.154,0.296,0.088,0.087,1.115,0.878,0.885,1.154,1.075,1.199,1.184,1.133,1.125,1.212,0.09,0.087,1.103,0.087,1.091,1.018,0.541,1.014,0.982,1.116,1.064,1.099,0.089,0.088,1.003,1.171,0.92,0.65,1.186,1.179,1.123,1.155,1.148,1.206,0.09,0.086,0.086,0.086,0.088,0.088,0.087,0.086,0.088,0.086,0.086,0.087,0.085
,21:34:16,40,0.089,0.088,0.086,0.087,0.087,0.087,0.087,0.087,0.088,0.087,0.087,0.088,0.087,0.085,0.203,0.395,0.165,0.16,0.222,0.252,0.185,0.192,0.222,0.087,0.087,0.184,0.084,0.167,0.355,0.183,0.162,0.178,0.177,0.231,0.204,0.087,0.088,0.154,0.185,0.164,0.287,0.183,0.172,0.187,0.153,0.155,0.299,0.088,0.087,1.113,0.876,0.883,1.153,1.074,1.199,1.184,1.133,1.125,1.212,0.09,0.087,1.102,0.087,1.091,1.017,0.54,1.014,0.981,1.116,1.063,1.099,0.089,0.088,1.002,1.17,0.92,0.65,1.187,1.179,1.123,1.155,1.147,1.206,0.09,0.086,0.086,0.086,0.088,0.088,0.087,0.086,0.088,0.086,0.087,0.087,0.085
,21:39:16,40,0.089,0.088,0.086,0.087,0.087,0.087,0.087,0.088,0.089,0.087,0.087,0.088,0.087,0.085,0.204,0.395,0.166,0.16,0.226,0.256,0.185,0.193,0.223,0.087,0.087,0.183,0.084,0.167,0.355,0.184,0.162,0.178,0.178,0.231,0.203,0.087,0.088,0.155,0.184,0.161,0.287,0.183,0.172,0.187,0.154,0.154,0.301,0.088,0.087,1.111,0.876,0.883,1.153,1.073,1.199,1.184,1.133,1.124,1.212,0.09,0.087,1.101,0.086,1.091,1.017,0.538,1.013,0.981,1.115,1.063,1.099,0.089,0.088,1.002,1.171,0.921,0.647,1.187,1.179,1.122,1.155,1.147,1.206,0.09,0.086,0.086,0.086,0.088,0.088,0.087,0.086,0.088,0.086,0.087,0.087,0.086
,21:44:16,40,0.089,0.088,0.086,0.086,0.087,0.087,0.087,0.087,0.088,0.087,0.087,0.087,0.087,0.086,0.205,0.394,0.166,0.16,0.225,0.258,0.186,0.195,0.225,0.087,0.087,0.184,0.084,0.167,0.355,0.184,0.162,0.178,0.178,0.23,0.205,0.087,0.088,0.155,0.185,0.163,0.287,0.183,0.173,0.187,0.153,0.156,0.303,0.087,0.087,1.111,0.874,0.88,1.153,1.071,1.199,1.183,1.132,1.125,1.212,0.09,0.087,1.099,0.087,1.09,1.017,0.539,1.011,0.98,1.115,1.062,1.098,0.089,0.088,1.001,1.17,0.92,0.645,1.187,1.178,1.122,1.155,1.147,1.205,0.09,0.086,0.086,0.086,0.088,0.088,0.087,0.086,0.088,0.086,0.087,0.087,0.085
,21:49:16,40,0.089,0.088,0.086,0.087,0.087,0.087,0.087,0.087,0.088,0.087,0.087,0.087,0.087,0.085,0.206,0.392,0.166,0.16,0.227,0.261,0.187,0.197,0.226,0.087,0.087,0.185,0.084,0.168,0.354,0.185,0.162,0.178,0.178,0.232,0.206,0.087,0.088,0.155,0.189,0.162,0.287,0.184,0.173,0.188,0.153,0.156,0.305,0.088,0.087,1.112,0.873,0.879,1.153,1.071,1.199,1.183,1.132,1.124,1.211,0.09,0.087,1.099,0.087,1.089,1.016,0.537,1.011,0.978,1.114,1.061,1.098,0.089,0.088,0.999,1.169,0.918,0.645,1.187,1.178,1.122,1.155,1.146,1.204,0.09,0.086,0.086,0.086,0.088,0.088,0.087,0.086,0.088,0.086,0.087,0.087,0.085
,21:54:16,40,0.089,0.088,0.086,0.086,0.087,0.087,0.087,0.087,0.088,0.087,0.087,0.087,0.087,0.085,0.207,0.393,0.166,0.16,0.229,0.264,0.188,0.199,0.228,0.087,0.087,0.185,0.084,0.168,0.354,0.186,0.162,0.178,0.179,0.23,0.206,0.087,0.088,0.156,0.185,0.163,0.287,0.184,0.172,0.188,0.153,0.156,0.307,0.088,0.087,1.111,0.872,0.878,1.152,1.07,1.198,1.183,1.131,1.124,1.211,0.09,0.087,1.098,0.087,1.089,1.016,0.536,1.01,0.978,1.113,1.061,1.097,0.088,0.088,0.999,1.168,0.918,0.644,1.187,1.178,1.122,1.154,1.146,1.204,0.09,0.086,0.086,0.086,0.087,0.088,0.087,0.086,0.087,0.086,0.086,0.087,0.085
,21:59:16,40,0.089,0.088,0.087,0.087,0.087,0.087,0.087,0.088,0.088,0.087,0.087,0.088,0.087,0.085,0.208,0.391,0.167,0.161,0.231,0.267,0.188,0.2,0.23,0.087,0.087,0.185,0.084,0.167,0.355,0.188,0.162,0.178,0.179,0.232,0.207,0.088,0.088,0.155,0.187,0.164,0.287,0.184,0.173,0.188,0.154,0.156,0.31,0.088,0.087,1.109,0.871,0.876,1.153,1.069,1.199,1.183,1.131,1.124,1.211,0.09,0.088,1.098,0.087,1.089,1.016,0.537,1.009,0.977,1.113,1.06,1.097,0.089,0.088,0.999,1.169,0.919,0.644,1.187,1.178,1.122,1.155,1.146,1.204,0.09,0.086,0.086,0.086,0.088,0.088,0.087,0.086,0.088,0.086,0.087,0.087,0.085
,22:04:16,40,0.089,0.088,0.086,0.087,0.087,0.087,0.087,0.087,0.088,0.087,0.087,0.087,0.087,0.085,0.209,0.391,0.167,0.161,0.233,0.27,0.189,0.201,0.231,0.087,0.087,0.185,0.084,0.167,0.354,0.188,0.162,0.178,0.18,0.232,0.207,0.087,0.088,0.155,0.186,0.165,0.286,0.185,0.173,0.188,0.154,0.156,0.313,0.088,0.087,1.111,0.87,0.875,1.152,1.068,1.198,1.183,1.13,1.123,1.21,0.09,0.087,1.097,0.087,1.088,1.015,0.534,1.009,0.976,1.112,1.06,1.097,0.089,0.088,0.998,1.168,0.917,0.643,1.186,1.177,1.121,1.153,1.145,1.204,0.09,0.086,0.086,0.086,0.088,0.088,0.087,0.086,0.088,0.086,0.086,0.087,0.085
,,,,,,,,,,,,,,,,,,,,,,,,,,,,,,,,,,,,,,,,,,,,,,,,,,,,,,,,,,,,,,,,,,,,,,,,,,,,,,,,,,,,,,,,,,,,,,,,,,
Results,,,,,,,,,,,,,,,,,,,,,,,,,,,,,,,,,,,,,,,,,,,,,,,,,,,,,,,,,,,,,,,,,,,,,,,,,,,,,,,,,,,,,,,,,,,,,,,,,,
,,,,,,,,,,,,,,,,,,,,,,,,,,,,,,,,,,,,,,,,,,,,,,,,,,,,,,,,,,,,,,,,,,,,,,,,,,,,,,,,,,,,,,,,,,,,,,,,,,
,,1,2,3,4,5,6,7,8,9,10,11,12,,,,,,,,,,,,,,,,,,,,,,,,,,,,,,,,,,,,,,,,,,,,,,,,,,,,,,,,,,,,,,,,,,,,,,,,,,,,,,,,,,,,,
,A,-0.092,-0.096,0.044,-0.034,0.036,-0.04,0.036,-0.048,-0.044,-0.078,-0.05,-0.038,Max V [600],,,,,,,,,,,,,,,,,,,,,,,,,,,,,,,,,,,,,,,,,,,,,,,,,,,,,,,,,,,,,,,,,,,,,,,,,,,,,,,,,,,,
,,0.568,0.725,0.992,0.675,0.92,0.787,0.633,0.595,0.582,0.891,0.618,0.921,R-Squared [600],,,,,,,,,,,,,,,,,,,,,,,,,,,,,,,,,,,,,,,,,,,,,,,,,,,,,,,,,,,,,,,,,,,,,,,,,,,,,,,,,,,,
,,4:24:16,0:14:16,0:29:16,0:19:16,0:29:16,0:14:16,0:29:16,0:54:16,0:54:16,0:14:16,0:54:16,0:44:16,t at Max V [600],,,,,,,,,,,,,,,,,,,,,,,,,,,,,,,,,,,,,,,,,,,,,,,,,,,,,,,,,,,,,,,,,,,,,,,,,,,,,,,,,,,,
,,4:28:24,?????,0:28:49,0:15:44,0:33:09,0:07:16,0:25:23,0:58:51,0:55:38,?????,0:57:28,0:45:19,Lagtime [600],,,,,,,,,,,,,,,,,,,,,,,,,,,,,,,,,,,,,,,,,,,,,,,,,,,,,,,,,,,,,,,,,,,,,,,,,,,,,,,,,,,,
,B,0.072,0.074,0.596,0.936,0.334,0.258,0.484,0.592,0.352,0.53,0.43,-0.068,Max V [600],,,,,,,,,,,,,,,,,,,,,,,,,,,,,,,,,,,,,,,,,,,,,,,,,,,,,,,,,,,,,,,,,,,,,,,,,,,,,,,,,,,,
,,0.733,0.525,0.615,1,0.987,0.926,0.963,0.998,0.972,0.999,0.993,0.767,R-Squared [600],,,,,,,,,,,,,,,,,,,,,,,,,,,,,,,,,,,,,,,,,,,,,,,,,,,,,,,,,,,,,,,,,,,,,,,,,,,,,,,,,,,,
,,0:29:16,19:09:16,1:14:16,20:09:16,15:29:16,12:24:16,21:29:16,21:54:16,12:29:16,19:54:16,13:34:16,0:14:16,t at Max V [600],,,,,,,,,,,,,,,,,,,,,,,,,,,,,,,,,,,,,,,,,,,,,,,,,,,,,,,,,,,,,,,,,,,,,,,,,,,,,,,,,,,,
,,0:21:13,19:03:35,1:05:08,15:30:48,13:11:47,9:44:11,16:43:44,16:51:10,10:56:32,17:35:22,11:38:55,0:06:37,Lagtime [600],,,,,,,,,,,,,,,,,,,,,,,,,,,,,,,,,,,,,,,,,,,,,,,,,,,,,,,,,,,,,,,,,,,,,,,,,,,,,,,,,,,,
,C,-0.044,0.386,0.114,0.446,0.742,0.314,0.344,0.468,0.304,0.698,0.344,-0.068,Max V [600],,,,,,,,,,,,,,,,,,,,,,,,,,,,,,,,,,,,,,,,,,,,,,,,,,,,,,,,,,,,,,,,,,,,,,,,,,,,,,,,,,,,
,,0.654,0.899,0.77,0.873,1,0.983,0.781,0.963,0.834,0.911,0.944,0.938,R-Squared [600],,,,,,,,,,,,,,,,,,,,,,,,,,,,,,,,,,,,,,,,,,,,,,,,,,,,,,,,,,,,,,,,,,,,,,,,,,,,,,,,,,,,
,,0:54:16,10:09:16,3:24:16,12:29:16,19:34:16,10:59:16,10:44:16,10:39:16,13:54:16,10:59:16,4:59:16,0:14:16,t at Max V [600],,,,,,,,,,,,,,,,,,,,,,,,,,,,,,,,,,,,,,,,,,,,,,,,,,,,,,,,,,,,,,,,,,,,,,,,,,,,,,,,,,,,
,,0:42:54,8:08:04,3:23:23,10:17:26,13:28:48,7:42:31,9:41:46,8:38:32,12:08:29,9:30:25,4:00:22,0:04:51,Lagtime [600],,,,,,,,,,,,,,,,,,,,,,,,,,,,,,,,,,,,,,,,,,,,,,,,,,,,,,,,,,,,,,,,,,,,,,,,,,,,,,,,,,,,
,D,-0.036,0.336,-0.38,0.446,-4.258,0.348,0.364,0.352,0.254,0.352,0.476,-0.046,Max V [600],,,,,,,,,,,,,,,,,,,,,,,,,,,,,,,,,,,,,,,,,,,,,,,,,,,,,,,,,,,,,,,,,,,,,,,,,,,,,,,,,,,,
,,0.523,0.947,0.894,0.967,0.617,0.952,0.573,0.935,0.919,0.954,0.995,0.588,R-Squared [600],,,,,,,,,,,,,,,,,,,,,,,,,,,,,,,,,,,,,,,,,,,,,,,,,,,,,,,,,,,,,,,,,,,,,,,,,,,,,,,,,,,,
,,0:54:16,13:44:16,0:19:16,21:04:16,0:14:16,6:29:16,10:44:16,1:14:16,12:09:16,12:14:16,21:54:16,0:14:16,t at Max V [600],,,,,,,,,,,,,,,,,,,,,,,,,,,,,,,,,,,,,,,,,,,,,,,,,,,,,,,,,,,,,,,,,,,,,,,,,,,,,,,,,,,,
,,0:51:29,11:04:30,0:13:51,18:35:37,?????,5:16:10,9:06:58,1:07:47,9:45:29,10:23:01,14:12:50,0:09:55,Lagtime [600],,,,,,,,,,,,,,,,,,,,,,,,,,,,,,,,,,,,,,,,,,,,,,,,,,,,,,,,,,,,,,,,,,,,,,,,,,,,,,,,,,,,
,E,-0.04,4.918,5.438,5.138,5.61,6.306,5.966,5.776,6.592,6.204,6.438,-0.042,Max V [600],,,,,,,,,,,,,,,,,,,,,,,,,,,,,,,,,,,,,,,,,,,,,,,,,,,,,,,,,,,,,,,,,,,,,,,,,,,,,,,,,,,,
,,0.526,0.997,0.996,0.997,0.999,0.995,0.999,0.998,0.998,0.995,0.997,0.56,R-Squared [600],,,,,,,,,,,,,,,,,,,,,,,,,,,,,,,,,,,,,,,,,,,,,,,,,,,,,,,,,,,,,,,,,,,,,,,,,,,,,,,,,,,,
,,0:14:16,5:04:16,4:19:16,3:24:16,3:24:16,3:14:16,3:24:16,2:29:16,4:44:16,4:24:16,4:24:16,0:54:16,t at Max V [600],,,,,,,,,,,,,,,,,,,,,,,,,,,,,,,,,,,,,,,,,,,,,,,,,,,,,,,,,,,,,,,,,,,,,,,,,,,,,,,,,,,,
,,0:11:46,3:46:33,3:18:47,2:24:10,2:29:34,2:20:37,2:27:37,1:31:00,3:49:47,3:32:08,3:30:31,0:49:59,Lagtime [600],,,,,,,,,,,,,,,,,,,,,,,,,,,,,,,,,,,,,,,,,,,,,,,,,,,,,,,,,,,,,,,,,,,,,,,,,,,,,,,,,,,,
,F,-0.046,5.33,-0.038,6.16,3.11,4.37,7.062,5.532,6.214,4.878,7.158,-0.146,Max V [600],,,,,,,,,,,,,,,,,,,,,,,,,,,,,,,,,,,,,,,,,,,,,,,,,,,,,,,,,,,,,,,,,,,,,,,,,,,,,,,,,,,,
,,0.792,0.996,0.631,0.997,1,0.998,0.992,0.998,0.999,0.997,0.995,0.637,R-Squared [600],,,,,,,,,,,,,,,,,,,,,,,,,,,,,,,,,,,,,,,,,,,,,,,,,,,,,,,,,,,,,,,,,,,,,,,,,,,,,,,,,,,,
,,0:54:16,4:54:16,0:54:16,3:24:16,4:49:16,3:14:16,2:44:16,3:24:16,4:09:16,5:54:16,4:24:16,0:14:16,t at Max V [600],,,,,,,,,,,,,,,,,,,,,,,,,,,,,,,,,,,,,,,,,,,,,,,,,,,,,,,,,,,,,,,,,,,,,,,,,,,,,,,,,,,,
,,0:52:32,3:54:15,0:55:19,2:29:31,3:28:32,2:14:54,1:55:32,2:26:23,3:10:53,4:49:34,3:37:10,?????,Lagtime [600],,,,,,,,,,,,,,,,,,,,,,,,,,,,,,,,,,,,,,,,,,,,,,,,,,,,,,,,,,,,,,,,,,,,,,,,,,,,,,,,,,,,
,G,0.06,5.11,5.734,4.266,4.79,6.03,6.068,6.342,7.256,7.184,6.352,0.052,Max V [600],,,,,,,,,,,,,,,,,,,,,,,,,,,,,,,,,,,,,,,,,,,,,,,,,,,,,,,,,,,,,,,,,,,,,,,,,,,,,,,,,,,,
,,0.771,0.998,0.997,0.994,0.998,0.999,0.999,0.998,0.997,0.998,0.997,0.122,R-Squared [600],,,,,,,,,,,,,,,,,,,,,,,,,,,,,,,,,,,,,,,,,,,,,,,,,,,,,,,,,,,,,,,,,,,,,,,,,,,,,,,,,,,,
,,1:19:16,5:09:16,3:49:16,7:09:16,2:44:16,2:49:16,3:59:16,4:29:16,3:34:16,2:34:16,4:29:16,0:14:16,t at Max V [600],,,,,,,,,,,,,,,,,,,,,,,,,,,,,,,,,,,,,,,,,,,,,,,,,,,,,,,,,,,,,,,,,,,,,,,,,,,,,,,,,,,,
,,1:15:36,4:05:43,2:51:45,6:11:22,1:48:25,1:55:00,3:07:03,3:34:07,2:45:37,1:45:22,3:34:47,?????,Lagtime [600],,,,,,,,,,,,,,,,,,,,,,,,,,,,,,,,,,,,,,,,,,,,,,,,,,,,,,,,,,,,,,,,,,,,,,,,,,,,,,,,,,,,
,H,0.032,-0.056,-0.042,-0.034,0.042,-0.038,-0.038,-0.098,0.034,-0.034,0.038,-0.034,Max V [600],,,,,,,,,,,,,,,,,,,,,,,,,,,,,,,,,,,,,,,,,,,,,,,,,,,,,,,,,,,,,,,,,,,,,,,,,,,,,,,,,,,,
,,0.571,0.463,0.676,0.391,0.689,0.61,0.771,0.762,0.587,0.569,0.885,0.675,R-Squared [600],,,,,,,,,,,,,,,,,,,,,,,,,,,,,,,,,,,,,,,,,,,,,,,,,,,,,,,,,,,,,,,,,,,,,,,,,,,,,,,,,,,,
,,0:29:16,0:19:16,0:54:16,0:19:16,1:14:16,0:54:16,0:54:16,0:14:16,0:29:16,0:54:16,0:29:16,0:54:16,t at Max V [600],,,,,,,,,,,,,,,,,,,,,,,,,,,,,,,,,,,,,,,,,,,,,,,,,,,,,,,,,,,,,,,,,,,,,,,,,,,,,,,,,,,,
,,0:36:09,0:25:20,0:48:33,0:22:12,1:21:25,0:53:13,0:51:07,?????,0:24:34,0:53:41,0:10:19,1:17:12,Lagtime [600],,,,,,,,,,,,,,,,,,,,,,,,,,,,,,,,,,,,,,,,,,,,,,,,,,,,,,,,,,,,,,,,,,,,,,,,,,,,,,,,,,,,
