Software Version,3.11.19,,,,,,,,,,,,,,,,,,,,,,,,,,,,,,,,,,,,,,,,,,,,,,,,,,,,,,,,,,,,,,,,,,,,,,,,,,,,,,,,,,,,,,,,,,,,,,,,,
,,,,,,,,,,,,,,,,,,,,,,,,,,,,,,,,,,,,,,,,,,,,,,,,,,,,,,,,,,,,,,,,,,,,,,,,,,,,,,,,,,,,,,,,,,,,,,,,,,
Experiment File Path:,C:\Users\Public\Documents\Experiments\Experiment1.xpt,,,,,,,,,,,,,,,,,,,,,,,,,,,,,,,,,,,,,,,,,,,,,,,,,,,,,,,,,,,,,,,,,,,,,,,,,,,,,,,,,,,,,,,,,,,,,,,,,
Protocol File Path:,C:\Users\aljelab\Documents\Plate Reader Data\Edward Liu\PROT\RIFRxT 36c.prt,,,,,,,,,,,,,,,,,,,,,,,,,,,,,,,,,,,,,,,,,,,,,,,,,,,,,,,,,,,,,,,,,,,,,,,,,,,,,,,,,,,,,,,,,,,,,,,,,
Plate Number,Plate 4,,,,,,,,,,,,,,,,,,,,,,,,,,,,,,,,,,,,,,,,,,,,,,,,,,,,,,,,,,,,,,,,,,,,,,,,,,,,,,,,,,,,,,,,,,,,,,,,,
Date,15/05/2026,,,,,,,,,,,,,,,,,,,,,,,,,,,,,,,,,,,,,,,,,,,,,,,,,,,,,,,,,,,,,,,,,,,,,,,,,,,,,,,,,,,,,,,,,,,,,,,,,
Time,9:43:51 AM,,,,,,,,,,,,,,,,,,,,,,,,,,,,,,,,,,,,,,,,,,,,,,,,,,,,,,,,,,,,,,,,,,,,,,,,,,,,,,,,,,,,,,,,,,,,,,,,,
Reader Type:,Epoch 2,,,,,,,,,,,,,,,,,,,,,,,,,,,,,,,,,,,,,,,,,,,,,,,,,,,,,,,,,,,,,,,,,,,,,,,,,,,,,,,,,,,,,,,,,,,,,,,,,
Reader Serial Number:,1411241A,,,,,,,,,,,,,,,,,,,,,,,,,,,,,,,,,,,,,,,,,,,,,,,,,,,,,,,,,,,,,,,,,,,,,,,,,,,,,,,,,,,,,,,,,,,,,,,,,
Reading Type,Reader,,,,,,,,,,,,,,,,,,,,,,,,,,,,,,,,,,,,,,,,,,,,,,,,,,,,,,,,,,,,,,,,,,,,,,,,,,,,,,,,,,,,,,,,,,,,,,,,,
,,,,,,,,,,,,,,,,,,,,,,,,,,,,,,,,,,,,,,,,,,,,,,,,,,,,,,,,,,,,,,,,,,,,,,,,,,,,,,,,,,,,,,,,,,,,,,,,,,
Procedure Details,,,,,,,,,,,,,,,,,,,,,,,,,,,,,,,,,,,,,,,,,,,,,,,,,,,,,,,,,,,,,,,,,,,,,,,,,,,,,,,,,,,,,,,,,,,,,,,,,,
Plate Type,96 WELL PLATE (Use plate lid),,,,,,,,,,,,,,,,,,,,,,,,,,,,,,,,,,,,,,,,,,,,,,,,,,,,,,,,,,,,,,,,,,,,,,,,,,,,,,,,,,,,,,,,,,,,,,,,,
Eject plate on completion,,,,,,,,,,,,,,,,,,,,,,,,,,,,,,,,,,,,,,,,,,,,,,,,,,,,,,,,,,,,,,,,,,,,,,,,,,,,,,,,,,,,,,,,,,,,,,,,,,
Set Temperature,"Setpoint 36°C, Gradient 0 °C",,,,,,,,,,,,,,,,,,,,,,,,,,,,,,,,,,,,,,,,,,,,,,,,,,,,,,,,,,,,,,,,,,,,,,,,,,,,,,,,,,,,,,,,,,,,,,,,,
,Preheat before moving to next step,,,,,,,,,,,,,,,,,,,,,,,,,,,,,,,,,,,,,,,,,,,,,,,,,,,,,,,,,,,,,,,,,,,,,,,,,,,,,,,,,,,,,,,,,,,,,,,,,
Start Kinetic,"Runtime 22:00:00 (HH:MM:SS), Interval 0:05:00, 265 Reads",,,,,,,,,,,,,,,,,,,,,,,,,,,,,,,,,,,,,,,,,,,,,,,,,,,,,,,,,,,,,,,,,,,,,,,,,,,,,,,,,,,,,,,,,,,,,,,,,
    Shake,Linear: Continuous,,,,,,,,,,,,,,,,,,,,,,,,,,,,,,,,,,,,,,,,,,,,,,,,,,,,,,,,,,,,,,,,,,,,,,,,,,,,,,,,,,,,,,,,,,,,,,,,,
,Frequency: 567 cpm (3 mm),,,,,,,,,,,,,,,,,,,,,,,,,,,,,,,,,,,,,,,,,,,,,,,,,,,,,,,,,,,,,,,,,,,,,,,,,,,,,,,,,,,,,,,,,,,,,,,,,
    Read,Absorbance Endpoint,,,,,,,,,,,,,,,,,,,,,,,,,,,,,,,,,,,,,,,,,,,,,,,,,,,,,,,,,,,,,,,,,,,,,,,,,,,,,,,,,,,,,,,,,,,,,,,,,
,Full Plate,,,,,,,,,,,,,,,,,,,,,,,,,,,,,,,,,,,,,,,,,,,,,,,,,,,,,,,,,,,,,,,,,,,,,,,,,,,,,,,,,,,,,,,,,,,,,,,,,
,Wavelengths:  600,,,,,,,,,,,,,,,,,,,,,,,,,,,,,,,,,,,,,,,,,,,,,,,,,,,,,,,,,,,,,,,,,,,,,,,,,,,,,,,,,,,,,,,,,,,,,,,,,
,"Read Speed: Normal,  Delay: 100 msec,  Measurements/Data Point: 8",,,,,,,,,,,,,,,,,,,,,,,,,,,,,,,,,,,,,,,,,,,,,,,,,,,,,,,,,,,,,,,,,,,,,,,,,,,,,,,,,,,,,,,,,,,,,,,,,
End Kinetic,,,,,,,,,,,,,,,,,,,,,,,,,,,,,,,,,,,,,,,,,,,,,,,,,,,,,,,,,,,,,,,,,,,,,,,,,,,,,,,,,,,,,,,,,,,,,,,,,,
,,,,,,,,,,,,,,,,,,,,,,,,,,,,,,,,,,,,,,,,,,,,,,,,,,,,,,,,,,,,,,,,,,,,,,,,,,,,,,,,,,,,,,,,,,,,,,,,,,
600,,,,,,,,,,,,,,,,,,,,,,,,,,,,,,,,,,,,,,,,,,,,,,,,,,,,,,,,,,,,,,,,,,,,,,,,,,,,,,,,,,,,,,,,,,,,,,,,,,
,,,,,,,,,,,,,,,,,,,,,,,,,,,,,,,,,,,,,,,,,,,,,,,,,,,,,,,,,,,,,,,,,,,,,,,,,,,,,,,,,,,,,,,,,,,,,,,,,,
,Time,T° 600,A1,A2,A3,A4,A5,A6,A7,A8,A9,A10,A11,A12,B1,B2,B3,B4,B5,B6,B7,B8,B9,B10,B11,B12,C1,C2,C3,C4,C5,C6,C7,C8,C9,C10,C11,C12,D1,D2,D3,D4,D5,D6,D7,D8,D9,D10,D11,D12,E1,E2,E3,E4,E5,E6,E7,E8,E9,E10,E11,E12,F1,F2,F3,F4,F5,F6,F7,F8,F9,F10,F11,F12,G1,G2,G3,G4,G5,G6,G7,G8,G9,G10,G11,G12,H1,H2,H3,H4,H5,H6,H7,H8,H9,H10,H11,H12
,0:04:16,36,0.09,0.088,0.088,0.09,0.088,0.088,0.087,0.088,0.089,0.088,0.088,0.088,0.089,0.093,0.093,0.094,0.104,0.094,0.091,0.105,0.095,0.132,0.09,0.088,0.09,0.093,0.096,0.126,0.107,0.097,0.102,0.092,0.096,0.081,0.091,0.088,0.089,0.101,0.095,0.104,0.096,0.087,0.11,0.095,0.102,0.089,0.1,0.088,0.089,0.118,0.128,0.116,0.124,0.102,0.116,0.113,0.114,0.106,0.113,0.089,0.09,0.114,0.108,0.112,0.12,0.112,0.112,0.114,0.114,0.091,0.113,0.09,0.09,0.111,0.119,0.109,0.119,0.111,0.114,0.113,0.112,0.118,0.112,0.09,0.09,0.091,0.088,0.092,0.087,0.087,0.088,0.089,0.086,0.087,0.089,0.087
,0:09:16,36.1,0.09,0.088,0.088,0.089,0.088,0.088,0.087,0.088,0.089,0.088,0.087,0.088,0.089,0.092,0.094,0.095,0.107,0.094,0.091,0.107,0.095,0.096,0.091,0.088,0.089,0.094,0.101,0.116,0.108,0.098,0.102,0.092,0.098,0.081,0.09,0.088,0.089,0.101,0.095,0.105,0.096,0.087,0.108,0.094,0.1,0.088,0.099,0.088,0.089,0.111,0.119,0.115,0.114,0.102,0.11,0.112,0.113,0.105,0.112,0.088,0.089,0.115,0.108,0.111,0.12,0.111,0.112,0.111,0.117,0.091,0.113,0.089,0.089,0.111,0.114,0.109,0.118,0.11,0.112,0.111,0.111,0.117,0.114,0.089,0.09,0.091,0.088,0.091,0.087,0.087,0.087,0.088,0.086,0.086,0.089,0.087
,0:14:16,36,0.09,0.088,0.088,0.089,0.088,0.088,0.087,0.088,0.089,0.088,0.088,0.088,0.089,0.093,0.094,0.095,0.109,0.097,0.091,0.107,0.096,0.098,0.091,0.088,0.089,0.094,0.097,0.115,0.111,0.1,0.102,0.092,0.097,0.082,0.091,0.087,0.089,0.1,0.096,0.105,0.098,0.088,0.105,0.094,0.101,0.089,0.1,0.088,0.089,0.11,0.116,0.114,0.117,0.103,0.11,0.113,0.112,0.107,0.111,0.089,0.09,0.115,0.109,0.11,0.115,0.111,0.111,0.11,0.113,0.091,0.112,0.089,0.089,0.111,0.113,0.109,0.117,0.11,0.112,0.111,0.111,0.117,0.113,0.089,0.09,0.091,0.088,0.091,0.087,0.087,0.087,0.088,0.086,0.086,0.089,0.087
,0:19:16,36,0.09,0.088,0.088,0.09,0.088,0.088,0.087,0.089,0.089,0.088,0.088,0.088,0.089,0.094,0.095,0.095,0.11,0.101,0.092,0.108,0.096,0.098,0.091,0.088,0.09,0.095,0.097,0.113,0.112,0.101,0.103,0.092,0.099,0.082,0.091,0.088,0.089,0.099,0.096,0.104,0.099,0.088,0.102,0.094,0.101,0.089,0.102,0.088,0.089,0.11,0.115,0.114,0.113,0.103,0.11,0.114,0.112,0.11,0.112,0.089,0.09,0.115,0.11,0.111,0.112,0.109,0.111,0.109,0.113,0.091,0.113,0.089,0.089,0.112,0.114,0.11,0.117,0.11,0.112,0.11,0.112,0.116,0.113,0.09,0.09,0.091,0.088,0.092,0.087,0.087,0.087,0.089,0.086,0.087,0.089,0.087
,0:24:16,36,0.09,0.088,0.088,0.09,0.088,0.088,0.087,0.088,0.089,0.088,0.088,0.088,0.089,0.094,0.095,0.095,0.111,0.104,0.091,0.109,0.095,0.1,0.091,0.088,0.09,0.095,0.097,0.114,0.112,0.102,0.104,0.092,0.095,0.082,0.091,0.088,0.089,0.099,0.096,0.105,0.097,0.088,0.104,0.094,0.101,0.089,0.103,0.088,0.089,0.11,0.116,0.114,0.113,0.104,0.109,0.114,0.112,0.112,0.111,0.088,0.089,0.115,0.11,0.112,0.112,0.109,0.11,0.109,0.113,0.091,0.113,0.089,0.089,0.113,0.114,0.111,0.118,0.11,0.112,0.11,0.112,0.116,0.113,0.09,0.089,0.091,0.088,0.091,0.087,0.087,0.087,0.088,0.086,0.087,0.089,0.087
,0:29:16,36,0.09,0.088,0.089,0.09,0.088,0.088,0.087,0.088,0.089,0.088,0.088,0.088,0.089,0.096,0.095,0.095,0.112,0.106,0.091,0.108,0.095,0.098,0.091,0.088,0.089,0.096,0.098,0.113,0.113,0.101,0.105,0.092,0.096,0.082,0.091,0.088,0.089,0.099,0.096,0.106,0.099,0.088,0.106,0.094,0.101,0.089,0.103,0.088,0.089,0.11,0.116,0.115,0.114,0.104,0.11,0.116,0.113,0.113,0.112,0.089,0.089,0.116,0.111,0.109,0.114,0.11,0.111,0.109,0.114,0.091,0.114,0.089,0.089,0.116,0.116,0.113,0.119,0.111,0.113,0.11,0.114,0.116,0.114,0.09,0.09,0.091,0.088,0.091,0.087,0.087,0.087,0.088,0.086,0.087,0.089,0.087
,0:34:16,36,0.09,0.088,0.088,0.09,0.088,0.088,0.087,0.088,0.089,0.088,0.088,0.088,0.089,0.097,0.095,0.095,0.112,0.105,0.093,0.108,0.095,0.098,0.091,0.089,0.089,0.096,0.096,0.113,0.111,0.101,0.105,0.092,0.094,0.082,0.091,0.087,0.089,0.099,0.096,0.108,0.1,0.088,0.106,0.094,0.101,0.089,0.101,0.088,0.089,0.111,0.118,0.116,0.114,0.105,0.11,0.117,0.114,0.114,0.112,0.088,0.089,0.118,0.112,0.11,0.114,0.11,0.112,0.11,0.115,0.091,0.115,0.089,0.089,0.119,0.118,0.115,0.12,0.111,0.114,0.11,0.116,0.117,0.114,0.089,0.089,0.091,0.088,0.091,0.087,0.087,0.087,0.088,0.086,0.086,0.089,0.087
,0:39:16,36,0.09,0.088,0.088,0.09,0.088,0.088,0.087,0.088,0.088,0.088,0.088,0.088,0.089,0.099,0.094,0.095,0.113,0.107,0.09,0.109,0.095,0.099,0.091,0.088,0.089,0.096,0.098,0.113,0.112,0.106,0.104,0.092,0.094,0.082,0.091,0.087,0.089,0.099,0.096,0.109,0.101,0.088,0.107,0.094,0.101,0.089,0.101,0.088,0.089,0.112,0.121,0.118,0.115,0.106,0.111,0.119,0.116,0.116,0.112,0.088,0.089,0.12,0.113,0.111,0.116,0.11,0.113,0.111,0.116,0.091,0.116,0.089,0.089,0.123,0.121,0.117,0.122,0.113,0.116,0.112,0.119,0.117,0.115,0.089,0.089,0.09,0.088,0.092,0.087,0.086,0.087,0.088,0.086,0.086,0.089,0.087
,0:44:16,36.1,0.089,0.088,0.088,0.09,0.088,0.087,0.087,0.088,0.089,0.088,0.087,0.088,0.089,0.099,0.094,0.096,0.112,0.106,0.091,0.109,0.095,0.099,0.091,0.088,0.089,0.096,0.098,0.114,0.112,0.101,0.105,0.092,0.094,0.082,0.091,0.087,0.089,0.1,0.101,0.109,0.101,0.089,0.105,0.094,0.101,0.089,0.099,0.088,0.089,0.113,0.123,0.12,0.117,0.108,0.112,0.122,0.119,0.117,0.113,0.088,0.089,0.123,0.115,0.113,0.118,0.111,0.115,0.111,0.118,0.09,0.118,0.089,0.089,0.127,0.123,0.12,0.124,0.114,0.118,0.113,0.122,0.118,0.116,0.089,0.089,0.09,0.088,0.091,0.087,0.087,0.087,0.088,0.086,0.086,0.089,0.087
,0:49:16,36.1,0.09,0.088,0.088,0.09,0.088,0.087,0.087,0.088,0.089,0.088,0.087,0.088,0.089,0.1,0.095,0.096,0.11,0.106,0.091,0.11,0.095,0.1,0.091,0.088,0.089,0.096,0.1,0.115,0.11,0.101,0.105,0.092,0.094,0.082,0.091,0.088,0.089,0.099,0.103,0.108,0.1,0.089,0.105,0.095,0.101,0.089,0.102,0.088,0.089,0.115,0.131,0.123,0.119,0.11,0.113,0.126,0.122,0.12,0.114,0.088,0.089,0.127,0.117,0.116,0.122,0.113,0.117,0.113,0.121,0.091,0.12,0.089,0.089,0.133,0.126,0.124,0.128,0.116,0.123,0.114,0.126,0.119,0.117,0.089,0.089,0.091,0.088,0.092,0.087,0.087,0.087,0.088,0.086,0.087,0.089,0.087
,0:54:16,36,0.09,0.088,0.088,0.09,0.088,0.088,0.087,0.088,0.088,0.088,0.087,0.088,0.089,0.1,0.095,0.096,0.11,0.108,0.091,0.109,0.095,0.099,0.091,0.088,0.089,0.096,0.102,0.115,0.111,0.1,0.104,0.092,0.094,0.082,0.092,0.088,0.089,0.1,0.103,0.109,0.1,0.088,0.105,0.095,0.101,0.089,0.101,0.088,0.089,0.117,0.132,0.126,0.122,0.113,0.114,0.131,0.126,0.123,0.115,0.089,0.089,0.131,0.119,0.119,0.126,0.114,0.12,0.115,0.123,0.091,0.123,0.089,0.089,0.139,0.13,0.128,0.131,0.117,0.125,0.116,0.131,0.12,0.118,0.089,0.089,0.09,0.088,0.091,0.087,0.087,0.087,0.088,0.086,0.086,0.089,0.087
,0:59:16,36.1,0.09,0.088,0.088,0.09,0.088,0.088,0.087,0.088,0.088,0.088,0.087,0.088,0.089,0.1,0.095,0.096,0.111,0.108,0.091,0.11,0.095,0.1,0.091,0.088,0.089,0.096,0.104,0.115,0.113,0.1,0.104,0.092,0.094,0.082,0.091,0.087,0.089,0.102,0.103,0.109,0.1,0.089,0.105,0.098,0.102,0.09,0.102,0.088,0.089,0.12,0.137,0.131,0.126,0.116,0.115,0.137,0.13,0.126,0.117,0.088,0.09,0.136,0.122,0.124,0.132,0.116,0.123,0.117,0.127,0.091,0.127,0.089,0.089,0.146,0.134,0.133,0.137,0.12,0.13,0.118,0.137,0.122,0.119,0.089,0.089,0.09,0.088,0.091,0.087,0.087,0.087,0.088,0.086,0.086,0.089,0.087
,1:04:16,36,0.09,0.088,0.088,0.09,0.088,0.087,0.087,0.089,0.089,0.088,0.087,0.088,0.089,0.101,0.095,0.096,0.111,0.108,0.091,0.11,0.095,0.1,0.092,0.088,0.089,0.096,0.104,0.116,0.112,0.099,0.104,0.093,0.094,0.082,0.092,0.087,0.089,0.103,0.103,0.108,0.1,0.089,0.104,0.095,0.102,0.09,0.102,0.088,0.089,0.123,0.143,0.135,0.13,0.12,0.117,0.144,0.134,0.131,0.119,0.089,0.089,0.143,0.125,0.127,0.136,0.119,0.128,0.12,0.131,0.091,0.131,0.089,0.089,0.155,0.14,0.14,0.142,0.122,0.135,0.121,0.142,0.123,0.12,0.089,0.089,0.091,0.088,0.091,0.087,0.087,0.087,0.088,0.086,0.086,0.089,0.087
,1:09:16,36,0.09,0.088,0.088,0.09,0.088,0.088,0.087,0.088,0.089,0.088,0.087,0.088,0.089,0.101,0.095,0.096,0.111,0.109,0.091,0.111,0.095,0.101,0.092,0.088,0.089,0.097,0.104,0.117,0.113,0.103,0.104,0.093,0.095,0.082,0.092,0.087,0.089,0.105,0.103,0.109,0.101,0.089,0.104,0.095,0.102,0.09,0.103,0.088,0.089,0.127,0.152,0.139,0.135,0.125,0.118,0.151,0.14,0.135,0.121,0.088,0.09,0.15,0.129,0.133,0.141,0.121,0.132,0.123,0.135,0.091,0.137,0.089,0.089,0.164,0.145,0.147,0.149,0.125,0.141,0.124,0.151,0.125,0.122,0.09,0.089,0.091,0.088,0.091,0.087,0.087,0.087,0.089,0.086,0.087,0.089,0.088
,1:14:16,36,0.09,0.088,0.088,0.09,0.089,0.088,0.087,0.089,0.089,0.088,0.088,0.088,0.089,0.101,0.096,0.097,0.11,0.111,0.092,0.111,0.097,0.101,0.092,0.089,0.09,0.097,0.101,0.117,0.113,0.102,0.104,0.093,0.095,0.082,0.092,0.088,0.089,0.107,0.103,0.109,0.101,0.089,0.105,0.096,0.102,0.09,0.102,0.088,0.089,0.134,0.16,0.145,0.141,0.132,0.12,0.162,0.146,0.141,0.125,0.089,0.09,0.158,0.132,0.139,0.148,0.125,0.138,0.128,0.14,0.091,0.143,0.089,0.089,0.177,0.154,0.155,0.157,0.128,0.148,0.128,0.16,0.128,0.124,0.09,0.09,0.091,0.088,0.092,0.087,0.087,0.087,0.088,0.086,0.087,0.089,0.088
,1:19:16,36,0.09,0.088,0.088,0.09,0.088,0.087,0.087,0.088,0.089,0.088,0.087,0.088,0.089,0.101,0.096,0.097,0.11,0.11,0.092,0.11,0.097,0.102,0.092,0.088,0.089,0.097,0.103,0.117,0.113,0.101,0.105,0.093,0.095,0.081,0.092,0.087,0.089,0.106,0.103,0.109,0.101,0.089,0.106,0.095,0.102,0.09,0.103,0.088,0.089,0.138,0.171,0.151,0.148,0.14,0.122,0.174,0.154,0.147,0.128,0.088,0.089,0.167,0.137,0.145,0.156,0.129,0.145,0.132,0.146,0.091,0.15,0.089,0.089,0.19,0.163,0.164,0.165,0.13,0.156,0.132,0.17,0.13,0.126,0.089,0.089,0.091,0.088,0.091,0.087,0.086,0.087,0.088,0.086,0.086,0.089,0.087
,1:24:16,36,0.09,0.088,0.088,0.09,0.088,0.087,0.087,0.088,0.089,0.088,0.087,0.088,0.089,0.101,0.096,0.097,0.11,0.111,0.092,0.111,0.098,0.102,0.092,0.088,0.089,0.097,0.102,0.118,0.114,0.101,0.104,0.093,0.095,0.082,0.093,0.087,0.089,0.108,0.102,0.109,0.101,0.089,0.106,0.096,0.102,0.09,0.102,0.088,0.089,0.148,0.181,0.158,0.157,0.148,0.125,0.189,0.162,0.156,0.133,0.088,0.09,0.179,0.142,0.154,0.167,0.134,0.153,0.138,0.153,0.091,0.158,0.089,0.089,0.207,0.174,0.176,0.175,0.134,0.166,0.137,0.182,0.134,0.129,0.089,0.089,0.09,0.088,0.091,0.087,0.087,0.087,0.088,0.086,0.087,0.089,0.088
,1:29:16,36,0.09,0.088,0.088,0.09,0.088,0.087,0.087,0.088,0.088,0.088,0.087,0.088,0.089,0.101,0.096,0.098,0.11,0.111,0.092,0.111,0.098,0.102,0.092,0.088,0.089,0.097,0.105,0.118,0.114,0.101,0.104,0.094,0.095,0.082,0.093,0.087,0.089,0.107,0.102,0.11,0.101,0.089,0.104,0.097,0.102,0.09,0.103,0.088,0.089,0.152,0.197,0.167,0.168,0.159,0.128,0.205,0.174,0.165,0.138,0.088,0.09,0.192,0.149,0.164,0.179,0.139,0.163,0.145,0.163,0.091,0.168,0.089,0.089,0.215,0.186,0.188,0.187,0.138,0.178,0.144,0.195,0.137,0.132,0.089,0.089,0.091,0.088,0.091,0.087,0.087,0.087,0.088,0.086,0.087,0.089,0.087
,1:34:16,36,0.09,0.088,0.088,0.09,0.088,0.088,0.087,0.089,0.088,0.088,0.087,0.088,0.089,0.101,0.096,0.099,0.111,0.111,0.092,0.112,0.1,0.103,0.093,0.088,0.089,0.098,0.099,0.119,0.115,0.103,0.105,0.094,0.096,0.082,0.093,0.088,0.089,0.108,0.102,0.11,0.101,0.09,0.106,0.097,0.103,0.09,0.102,0.088,0.089,0.164,0.212,0.176,0.179,0.171,0.13,0.217,0.186,0.176,0.144,0.089,0.09,0.208,0.156,0.176,0.192,0.146,0.174,0.153,0.172,0.091,0.179,0.089,0.089,0.226,0.202,0.202,0.201,0.141,0.192,0.149,0.211,0.143,0.135,0.09,0.089,0.091,0.088,0.091,0.087,0.087,0.087,0.089,0.086,0.086,0.089,0.087
,1:39:16,36.1,0.089,0.088,0.088,0.09,0.088,0.087,0.087,0.088,0.088,0.088,0.087,0.088,0.089,0.101,0.096,0.098,0.111,0.113,0.092,0.112,0.101,0.103,0.093,0.088,0.089,0.098,0.104,0.12,0.115,0.102,0.106,0.094,0.097,0.081,0.093,0.087,0.089,0.109,0.102,0.111,0.101,0.09,0.106,0.097,0.103,0.09,0.103,0.088,0.089,0.175,0.22,0.185,0.195,0.184,0.133,0.229,0.198,0.187,0.151,0.088,0.089,0.224,0.165,0.189,0.209,0.154,0.186,0.162,0.185,0.091,0.191,0.089,0.089,0.242,0.211,0.21,0.217,0.146,0.206,0.157,0.224,0.147,0.139,0.09,0.089,0.09,0.088,0.091,0.087,0.086,0.087,0.088,0.086,0.086,0.089,0.087
,1:44:16,36.1,0.09,0.088,0.088,0.09,0.088,0.087,0.087,0.089,0.089,0.088,0.087,0.088,0.089,0.101,0.097,0.1,0.112,0.113,0.093,0.113,0.1,0.104,0.093,0.088,0.089,0.098,0.109,0.121,0.116,0.102,0.107,0.095,0.097,0.083,0.094,0.088,0.089,0.11,0.103,0.111,0.101,0.09,0.105,0.098,0.104,0.091,0.102,0.088,0.089,0.186,0.235,0.197,0.21,0.195,0.137,0.248,0.215,0.206,0.16,0.089,0.089,0.232,0.175,0.209,0.218,0.163,0.202,0.173,0.2,0.091,0.205,0.089,0.089,0.265,0.221,0.22,0.23,0.151,0.222,0.167,0.236,0.153,0.144,0.09,0.089,0.091,0.088,0.092,0.087,0.087,0.087,0.088,0.086,0.087,0.089,0.087
,1:49:16,36,0.09,0.088,0.088,0.09,0.088,0.087,0.087,0.088,0.089,0.088,0.088,0.088,0.089,0.102,0.097,0.099,0.112,0.114,0.093,0.113,0.101,0.105,0.094,0.088,0.089,0.099,0.104,0.121,0.114,0.103,0.108,0.095,0.097,0.082,0.094,0.088,0.089,0.11,0.103,0.112,0.102,0.09,0.105,0.098,0.104,0.091,0.103,0.088,0.089,0.197,0.256,0.211,0.233,0.208,0.141,0.273,0.225,0.22,0.169,0.089,0.09,0.247,0.186,0.222,0.229,0.173,0.219,0.187,0.216,0.091,0.222,0.089,0.089,0.288,0.239,0.237,0.236,0.158,0.228,0.178,0.253,0.161,0.148,0.089,0.089,0.091,0.088,0.091,0.087,0.087,0.087,0.089,0.086,0.086,0.089,0.087
,1:54:16,36.1,0.09,0.088,0.088,0.09,0.088,0.087,0.087,0.088,0.089,0.088,0.088,0.088,0.089,0.102,0.098,0.1,0.113,0.115,0.093,0.113,0.101,0.105,0.094,0.088,0.089,0.099,0.112,0.123,0.119,0.102,0.108,0.095,0.097,0.081,0.094,0.088,0.089,0.11,0.104,0.113,0.102,0.09,0.107,0.099,0.104,0.091,0.102,0.088,0.089,0.214,0.279,0.222,0.239,0.226,0.146,0.298,0.236,0.232,0.18,0.088,0.089,0.267,0.2,0.226,0.249,0.186,0.225,0.202,0.227,0.091,0.234,0.089,0.089,0.319,0.261,0.257,0.252,0.164,0.244,0.19,0.274,0.169,0.154,0.09,0.089,0.091,0.088,0.091,0.087,0.087,0.087,0.089,0.086,0.087,0.089,0.087
,1:59:16,36,0.09,0.088,0.088,0.09,0.088,0.087,0.087,0.088,0.088,0.088,0.088,0.088,0.089,0.102,0.098,0.101,0.113,0.116,0.093,0.114,0.102,0.106,0.094,0.088,0.089,0.099,0.107,0.123,0.119,0.105,0.11,0.095,0.099,0.082,0.095,0.088,0.089,0.111,0.104,0.114,0.103,0.09,0.107,0.099,0.104,0.091,0.103,0.088,0.089,0.229,0.301,0.231,0.251,0.247,0.15,0.307,0.253,0.239,0.192,0.088,0.089,0.288,0.213,0.244,0.273,0.199,0.238,0.214,0.235,0.091,0.245,0.089,0.089,0.331,0.283,0.282,0.273,0.172,0.266,0.205,0.3,0.178,0.16,0.09,0.089,0.09,0.088,0.091,0.087,0.087,0.087,0.088,0.086,0.086,0.089,0.087
,2:04:16,36,0.089,0.088,0.088,0.09,0.088,0.087,0.087,0.088,0.089,0.088,0.087,0.088,0.089,0.103,0.099,0.1,0.114,0.116,0.094,0.114,0.101,0.107,0.095,0.088,0.089,0.1,0.111,0.124,0.119,0.103,0.111,0.096,0.098,0.081,0.095,0.088,0.089,0.112,0.105,0.114,0.104,0.09,0.107,0.101,0.105,0.091,0.103,0.088,0.089,0.243,0.314,0.244,0.27,0.272,0.155,0.321,0.274,0.251,0.207,0.088,0.09,0.318,0.226,0.268,0.299,0.215,0.26,0.223,0.255,0.091,0.263,0.089,0.089,0.345,0.311,0.307,0.296,0.18,0.29,0.217,0.325,0.19,0.167,0.09,0.089,0.09,0.088,0.091,0.087,0.087,0.087,0.088,0.086,0.087,0.089,0.088
,2:09:16,36,0.09,0.088,0.088,0.09,0.088,0.088,0.087,0.088,0.089,0.088,0.087,0.088,0.089,0.103,0.099,0.103,0.115,0.117,0.094,0.115,0.103,0.107,0.095,0.088,0.089,0.1,0.113,0.126,0.115,0.103,0.112,0.096,0.1,0.081,0.095,0.087,0.089,0.113,0.106,0.115,0.104,0.09,0.107,0.102,0.105,0.092,0.104,0.088,0.089,0.263,0.33,0.262,0.294,0.283,0.161,0.336,0.304,0.268,0.222,0.088,0.09,0.334,0.242,0.291,0.328,0.231,0.282,0.238,0.277,0.091,0.284,0.089,0.089,0.362,0.332,0.32,0.324,0.189,0.323,0.223,0.338,0.203,0.175,0.089,0.089,0.091,0.088,0.091,0.087,0.086,0.087,0.088,0.086,0.087,0.089,0.087
,2:14:16,36,0.089,0.088,0.088,0.09,0.088,0.088,0.087,0.088,0.088,0.088,0.087,0.088,0.089,0.104,0.1,0.101,0.115,0.119,0.094,0.116,0.103,0.107,0.095,0.088,0.089,0.101,0.109,0.127,0.117,0.106,0.113,0.097,0.1,0.081,0.095,0.088,0.089,0.113,0.107,0.117,0.105,0.09,0.107,0.103,0.106,0.092,0.103,0.088,0.089,0.282,0.35,0.288,0.332,0.295,0.168,0.356,0.321,0.292,0.232,0.088,0.09,0.353,0.262,0.322,0.344,0.246,0.311,0.258,0.303,0.091,0.315,0.089,0.089,0.382,0.347,0.335,0.337,0.201,0.337,0.235,0.356,0.218,0.183,0.09,0.089,0.091,0.088,0.091,0.087,0.087,0.087,0.088,0.086,0.086,0.089,0.087
,2:19:16,36,0.089,0.088,0.087,0.09,0.088,0.087,0.087,0.088,0.088,0.088,0.087,0.088,0.089,0.104,0.1,0.101,0.115,0.118,0.094,0.116,0.104,0.108,0.096,0.088,0.089,0.101,0.111,0.128,0.12,0.104,0.113,0.097,0.101,0.081,0.096,0.087,0.089,0.114,0.107,0.117,0.106,0.09,0.107,0.103,0.106,0.092,0.104,0.088,0.088,0.311,0.371,0.296,0.343,0.309,0.174,0.373,0.332,0.316,0.246,0.088,0.089,0.37,0.283,0.338,0.365,0.263,0.335,0.278,0.331,0.09,0.336,0.089,0.089,0.406,0.366,0.354,0.351,0.212,0.351,0.254,0.376,0.226,0.193,0.089,0.089,0.09,0.088,0.091,0.087,0.086,0.087,0.088,0.086,0.086,0.089,0.087
,2:24:16,36,0.089,0.088,0.087,0.09,0.088,0.087,0.087,0.088,0.088,0.088,0.087,0.088,0.089,0.105,0.101,0.102,0.117,0.119,0.095,0.118,0.104,0.109,0.096,0.088,0.089,0.102,0.117,0.13,0.12,0.106,0.114,0.097,0.103,0.081,0.096,0.087,0.089,0.115,0.108,0.118,0.106,0.09,0.108,0.104,0.107,0.092,0.104,0.088,0.088,0.331,0.392,0.302,0.359,0.326,0.181,0.394,0.348,0.332,0.266,0.088,0.09,0.39,0.296,0.356,0.384,0.281,0.35,0.308,0.346,0.091,0.349,0.089,0.089,0.43,0.386,0.371,0.368,0.221,0.368,0.274,0.396,0.239,0.203,0.089,0.089,0.09,0.088,0.091,0.087,0.086,0.087,0.088,0.086,0.086,0.089,0.087
,2:29:16,36,0.09,0.088,0.088,0.09,0.088,0.087,0.087,0.088,0.088,0.088,0.087,0.088,0.089,0.105,0.102,0.103,0.118,0.121,0.095,0.118,0.104,0.109,0.097,0.088,0.089,0.102,0.112,0.131,0.13,0.106,0.115,0.098,0.104,0.081,0.097,0.088,0.089,0.116,0.109,0.12,0.107,0.091,0.109,0.106,0.107,0.092,0.104,0.088,0.089,0.351,0.417,0.312,0.38,0.347,0.188,0.415,0.368,0.348,0.286,0.088,0.089,0.413,0.313,0.377,0.409,0.31,0.37,0.323,0.364,0.091,0.366,0.089,0.089,0.456,0.411,0.395,0.389,0.234,0.388,0.298,0.421,0.257,0.215,0.089,0.089,0.091,0.088,0.091,0.087,0.087,0.087,0.088,0.086,0.086,0.089,0.087
,2:34:16,36,0.089,0.088,0.088,0.09,0.088,0.087,0.087,0.089,0.089,0.088,0.088,0.088,0.089,0.106,0.103,0.104,0.117,0.122,0.095,0.119,0.106,0.11,0.097,0.088,0.089,0.103,0.11,0.133,0.13,0.106,0.116,0.098,0.104,0.082,0.097,0.087,0.089,0.117,0.11,0.121,0.108,0.091,0.11,0.107,0.108,0.093,0.105,0.088,0.088,0.37,0.447,0.321,0.405,0.364,0.197,0.446,0.389,0.366,0.313,0.089,0.089,0.437,0.329,0.397,0.436,0.327,0.39,0.338,0.384,0.091,0.388,0.089,0.089,0.482,0.438,0.419,0.412,0.247,0.412,0.319,0.447,0.277,0.226,0.089,0.089,0.091,0.088,0.092,0.087,0.087,0.087,0.088,0.086,0.086,0.089,0.088
,2:39:16,36,0.09,0.088,0.088,0.09,0.088,0.087,0.087,0.088,0.089,0.088,0.087,0.088,0.089,0.106,0.103,0.108,0.119,0.123,0.095,0.122,0.106,0.11,0.098,0.088,0.089,0.104,0.119,0.135,0.132,0.107,0.117,0.099,0.105,0.082,0.097,0.087,0.089,0.118,0.111,0.123,0.109,0.091,0.111,0.109,0.109,0.093,0.104,0.088,0.089,0.391,0.477,0.336,0.432,0.385,0.204,0.467,0.411,0.387,0.334,0.089,0.089,0.467,0.346,0.422,0.466,0.344,0.416,0.357,0.408,0.091,0.408,0.089,0.089,0.517,0.466,0.447,0.437,0.264,0.438,0.334,0.479,0.303,0.239,0.09,0.089,0.09,0.088,0.091,0.087,0.087,0.087,0.088,0.086,0.086,0.089,0.087
,2:44:16,36,0.09,0.088,0.088,0.09,0.088,0.087,0.087,0.089,0.089,0.088,0.088,0.088,0.089,0.107,0.104,0.109,0.121,0.124,0.096,0.122,0.107,0.111,0.098,0.088,0.089,0.105,0.116,0.137,0.135,0.109,0.118,0.1,0.107,0.081,0.098,0.087,0.089,0.119,0.112,0.124,0.11,0.091,0.113,0.11,0.11,0.094,0.105,0.088,0.089,0.416,0.498,0.353,0.468,0.406,0.212,0.482,0.437,0.407,0.348,0.088,0.089,0.495,0.363,0.448,0.511,0.362,0.444,0.376,0.435,0.091,0.432,0.089,0.089,0.543,0.492,0.478,0.463,0.284,0.465,0.347,0.515,0.328,0.252,0.09,0.089,0.091,0.088,0.091,0.087,0.087,0.087,0.089,0.086,0.087,0.089,0.088
,2:49:16,36,0.09,0.088,0.088,0.09,0.088,0.087,0.087,0.088,0.089,0.088,0.087,0.088,0.089,0.107,0.106,0.108,0.121,0.125,0.096,0.123,0.108,0.112,0.099,0.088,0.089,0.105,0.116,0.139,0.137,0.109,0.12,0.1,0.107,0.082,0.099,0.088,0.089,0.121,0.114,0.125,0.112,0.091,0.113,0.112,0.111,0.094,0.106,0.088,0.089,0.441,0.517,0.371,0.496,0.433,0.221,0.495,0.465,0.432,0.367,0.089,0.09,0.517,0.379,0.477,0.536,0.377,0.474,0.398,0.464,0.091,0.458,0.089,0.089,0.564,0.524,0.513,0.498,0.298,0.501,0.364,0.541,0.341,0.264,0.09,0.089,0.09,0.088,0.091,0.087,0.087,0.087,0.088,0.086,0.087,0.089,0.087
,2:54:16,36,0.09,0.088,0.088,0.09,0.088,0.088,0.087,0.089,0.088,0.088,0.087,0.088,0.089,0.108,0.107,0.109,0.122,0.126,0.096,0.125,0.108,0.113,0.1,0.088,0.089,0.106,0.117,0.141,0.138,0.109,0.121,0.101,0.109,0.082,0.099,0.087,0.089,0.122,0.115,0.127,0.113,0.091,0.115,0.114,0.112,0.094,0.106,0.088,0.089,0.476,0.536,0.39,0.519,0.452,0.231,0.511,0.499,0.455,0.387,0.088,0.09,0.538,0.396,0.511,0.555,0.398,0.508,0.421,0.501,0.091,0.486,0.089,0.089,0.583,0.555,0.538,0.528,0.312,0.535,0.385,0.562,0.358,0.279,0.089,0.089,0.09,0.088,0.091,0.087,0.087,0.087,0.088,0.086,0.086,0.089,0.087
,2:59:16,36,0.09,0.088,0.088,0.09,0.088,0.088,0.087,0.089,0.089,0.088,0.087,0.088,0.089,0.109,0.107,0.112,0.124,0.128,0.097,0.126,0.109,0.113,0.1,0.088,0.089,0.107,0.125,0.144,0.141,0.11,0.123,0.102,0.109,0.081,0.1,0.087,0.089,0.124,0.116,0.128,0.114,0.091,0.117,0.115,0.112,0.095,0.106,0.088,0.089,0.503,0.558,0.416,0.538,0.467,0.241,0.529,0.526,0.485,0.408,0.089,0.09,0.561,0.415,0.542,0.576,0.42,0.539,0.446,0.537,0.091,0.522,0.089,0.089,0.602,0.577,0.556,0.547,0.324,0.558,0.41,0.583,0.375,0.293,0.09,0.09,0.091,0.088,0.091,0.087,0.087,0.087,0.088,0.086,0.087,0.089,0.087
,3:04:16,36,0.09,0.088,0.088,0.09,0.088,0.088,0.087,0.088,0.089,0.088,0.088,0.088,0.089,0.109,0.109,0.112,0.126,0.129,0.097,0.127,0.11,0.114,0.101,0.088,0.089,0.108,0.12,0.146,0.144,0.111,0.125,0.102,0.112,0.082,0.101,0.088,0.089,0.126,0.117,0.13,0.115,0.091,0.118,0.118,0.113,0.095,0.107,0.088,0.089,0.522,0.583,0.446,0.559,0.481,0.252,0.545,0.551,0.509,0.432,0.089,0.089,0.58,0.439,0.565,0.596,0.446,0.56,0.472,0.561,0.091,0.553,0.089,0.089,0.62,0.597,0.575,0.565,0.339,0.577,0.437,0.604,0.398,0.308,0.09,0.089,0.091,0.088,0.091,0.087,0.087,0.087,0.088,0.086,0.086,0.089,0.088
,3:09:16,36,0.089,0.088,0.088,0.09,0.088,0.087,0.087,0.088,0.088,0.088,0.087,0.088,0.089,0.109,0.111,0.114,0.129,0.13,0.097,0.129,0.111,0.114,0.102,0.088,0.089,0.109,0.122,0.148,0.144,0.111,0.126,0.103,0.113,0.081,0.101,0.087,0.089,0.127,0.118,0.132,0.116,0.092,0.119,0.12,0.114,0.095,0.107,0.088,0.089,0.542,0.6,0.467,0.58,0.495,0.263,0.556,0.572,0.529,0.458,0.088,0.089,0.599,0.461,0.583,0.617,0.476,0.579,0.507,0.58,0.091,0.58,0.09,0.089,0.638,0.618,0.592,0.583,0.353,0.596,0.472,0.622,0.423,0.317,0.089,0.089,0.09,0.088,0.091,0.087,0.086,0.087,0.088,0.086,0.086,0.089,0.087
,3:14:16,36,0.089,0.088,0.088,0.09,0.088,0.088,0.087,0.089,0.088,0.088,0.087,0.088,0.089,0.111,0.115,0.116,0.13,0.131,0.098,0.131,0.111,0.116,0.103,0.088,0.089,0.111,0.127,0.151,0.146,0.112,0.129,0.104,0.114,0.081,0.102,0.087,0.089,0.129,0.12,0.133,0.118,0.092,0.121,0.123,0.115,0.096,0.106,0.088,0.089,0.566,0.618,0.483,0.599,0.51,0.274,0.568,0.592,0.552,0.491,0.088,0.09,0.616,0.486,0.602,0.632,0.502,0.602,0.539,0.6,0.091,0.601,0.089,0.089,0.657,0.638,0.611,0.6,0.36,0.616,0.502,0.641,0.449,0.331,0.089,0.089,0.09,0.088,0.091,0.087,0.087,0.087,0.088,0.086,0.086,0.089,0.087
,3:19:16,36,0.09,0.088,0.088,0.09,0.088,0.088,0.087,0.088,0.088,0.088,0.087,0.088,0.089,0.111,0.116,0.121,0.132,0.133,0.098,0.131,0.112,0.117,0.103,0.088,0.089,0.112,0.129,0.153,0.149,0.113,0.131,0.105,0.117,0.081,0.102,0.087,0.089,0.131,0.121,0.135,0.12,0.092,0.123,0.125,0.116,0.096,0.108,0.088,0.088,0.588,0.633,0.498,0.617,0.528,0.284,0.578,0.612,0.574,0.524,0.088,0.089,0.634,0.511,0.619,0.649,0.528,0.619,0.56,0.618,0.091,0.624,0.089,0.089,0.672,0.654,0.629,0.617,0.381,0.633,0.53,0.659,0.48,0.346,0.089,0.089,0.09,0.088,0.091,0.087,0.087,0.087,0.088,0.086,0.086,0.089,0.087
,3:24:16,36.1,0.089,0.088,0.088,0.09,0.088,0.088,0.087,0.089,0.089,0.088,0.088,0.088,0.089,0.112,0.118,0.119,0.135,0.136,0.099,0.134,0.113,0.116,0.104,0.088,0.089,0.113,0.129,0.156,0.152,0.115,0.133,0.106,0.119,0.082,0.103,0.088,0.089,0.132,0.123,0.137,0.122,0.092,0.127,0.127,0.117,0.097,0.108,0.088,0.089,0.607,0.648,0.52,0.636,0.541,0.296,0.591,0.635,0.591,0.557,0.088,0.09,0.653,0.529,0.635,0.677,0.553,0.636,0.577,0.636,0.091,0.645,0.089,0.089,0.69,0.67,0.647,0.632,0.402,0.651,0.551,0.678,0.511,0.361,0.09,0.09,0.091,0.088,0.092,0.087,0.086,0.087,0.089,0.086,0.087,0.089,0.088
,3:29:16,36,0.09,0.088,0.088,0.09,0.088,0.088,0.087,0.089,0.089,0.088,0.088,0.088,0.089,0.114,0.121,0.121,0.137,0.137,0.099,0.136,0.113,0.117,0.105,0.089,0.089,0.114,0.13,0.159,0.152,0.115,0.135,0.107,0.121,0.082,0.104,0.088,0.089,0.134,0.125,0.139,0.124,0.092,0.129,0.131,0.119,0.098,0.109,0.088,0.089,0.623,0.664,0.539,0.654,0.554,0.306,0.603,0.656,0.606,0.579,0.088,0.09,0.67,0.548,0.65,0.7,0.576,0.653,0.594,0.652,0.091,0.666,0.089,0.089,0.706,0.684,0.663,0.646,0.421,0.668,0.569,0.696,0.538,0.377,0.09,0.089,0.091,0.088,0.091,0.087,0.087,0.087,0.089,0.086,0.087,0.089,0.088
,3:34:16,36,0.09,0.088,0.088,0.09,0.088,0.087,0.087,0.089,0.089,0.088,0.087,0.088,0.089,0.115,0.122,0.123,0.14,0.139,0.099,0.138,0.115,0.118,0.106,0.088,0.089,0.115,0.132,0.161,0.154,0.116,0.137,0.108,0.123,0.082,0.105,0.087,0.089,0.137,0.127,0.141,0.126,0.092,0.131,0.133,0.12,0.098,0.11,0.088,0.089,0.64,0.681,0.556,0.672,0.564,0.317,0.614,0.673,0.623,0.599,0.089,0.09,0.686,0.567,0.663,0.711,0.596,0.67,0.61,0.667,0.091,0.681,0.089,0.089,0.721,0.698,0.678,0.66,0.439,0.685,0.587,0.713,0.563,0.394,0.09,0.089,0.091,0.088,0.092,0.087,0.087,0.087,0.089,0.086,0.087,0.089,0.088
,3:39:16,36,0.09,0.088,0.088,0.09,0.088,0.088,0.087,0.089,0.088,0.088,0.088,0.088,0.089,0.116,0.125,0.129,0.142,0.141,0.1,0.14,0.115,0.118,0.107,0.088,0.089,0.117,0.132,0.164,0.157,0.117,0.14,0.108,0.126,0.082,0.106,0.088,0.089,0.138,0.129,0.143,0.128,0.092,0.134,0.136,0.121,0.099,0.11,0.088,0.089,0.659,0.696,0.574,0.69,0.574,0.329,0.626,0.69,0.638,0.618,0.089,0.09,0.702,0.584,0.678,0.722,0.616,0.689,0.626,0.684,0.091,0.701,0.089,0.089,0.737,0.713,0.695,0.678,0.461,0.704,0.606,0.732,0.584,0.414,0.09,0.09,0.091,0.088,0.091,0.087,0.087,0.087,0.088,0.086,0.087,0.089,0.087
,3:44:16,36,0.089,0.088,0.088,0.09,0.088,0.087,0.087,0.088,0.089,0.088,0.087,0.088,0.089,0.117,0.127,0.128,0.144,0.142,0.1,0.142,0.116,0.119,0.108,0.088,0.089,0.118,0.136,0.166,0.16,0.119,0.143,0.11,0.127,0.081,0.107,0.087,0.089,0.141,0.131,0.145,0.13,0.092,0.137,0.139,0.122,0.099,0.111,0.088,0.088,0.676,0.711,0.587,0.704,0.582,0.342,0.635,0.706,0.649,0.636,0.088,0.09,0.718,0.599,0.695,0.732,0.634,0.706,0.643,0.702,0.091,0.718,0.089,0.089,0.751,0.727,0.71,0.695,0.48,0.721,0.625,0.752,0.605,0.44,0.09,0.089,0.09,0.088,0.091,0.087,0.086,0.087,0.088,0.086,0.086,0.089,0.087
,3:49:16,36,0.09,0.088,0.088,0.09,0.088,0.087,0.087,0.088,0.088,0.088,0.088,0.088,0.089,0.118,0.129,0.13,0.145,0.144,0.101,0.143,0.118,0.12,0.109,0.088,0.089,0.12,0.138,0.169,0.165,0.119,0.145,0.111,0.13,0.081,0.108,0.087,0.089,0.143,0.133,0.148,0.132,0.093,0.139,0.143,0.124,0.1,0.111,0.088,0.089,0.692,0.727,0.602,0.722,0.593,0.356,0.645,0.723,0.663,0.654,0.088,0.089,0.734,0.614,0.711,0.747,0.651,0.722,0.66,0.72,0.091,0.738,0.089,0.089,0.766,0.743,0.726,0.71,0.5,0.739,0.644,0.77,0.626,0.465,0.09,0.089,0.09,0.088,0.091,0.087,0.087,0.087,0.088,0.086,0.086,0.089,0.087
,3:54:16,36,0.09,0.088,0.088,0.09,0.088,0.088,0.087,0.089,0.089,0.088,0.087,0.088,0.089,0.12,0.126,0.133,0.148,0.146,0.102,0.145,0.119,0.121,0.11,0.088,0.09,0.122,0.14,0.172,0.165,0.121,0.148,0.112,0.131,0.081,0.109,0.088,0.089,0.146,0.135,0.15,0.135,0.093,0.142,0.151,0.125,0.101,0.112,0.088,0.089,0.708,0.741,0.615,0.738,0.6,0.369,0.657,0.742,0.678,0.671,0.089,0.09,0.749,0.63,0.726,0.763,0.67,0.738,0.678,0.737,0.091,0.757,0.089,0.089,0.781,0.755,0.742,0.725,0.527,0.755,0.661,0.786,0.645,0.486,0.09,0.09,0.091,0.088,0.091,0.087,0.087,0.087,0.088,0.086,0.087,0.089,0.088
,3:59:16,36.1,0.09,0.088,0.088,0.09,0.088,0.087,0.087,0.089,0.088,0.088,0.088,0.088,0.089,0.121,0.134,0.136,0.151,0.148,0.102,0.147,0.119,0.122,0.111,0.088,0.089,0.123,0.142,0.175,0.168,0.123,0.151,0.113,0.134,0.081,0.11,0.088,0.089,0.148,0.137,0.152,0.137,0.093,0.144,0.15,0.127,0.102,0.112,0.088,0.089,0.724,0.756,0.63,0.756,0.613,0.383,0.671,0.758,0.692,0.689,0.088,0.09,0.766,0.648,0.74,0.781,0.688,0.753,0.696,0.754,0.091,0.777,0.089,0.089,0.797,0.77,0.758,0.739,0.541,0.772,0.679,0.802,0.663,0.508,0.09,0.089,0.091,0.088,0.091,0.087,0.087,0.087,0.088,0.086,0.087,0.089,0.088
,4:04:16,36.1,0.09,0.088,0.088,0.09,0.088,0.087,0.087,0.088,0.088,0.088,0.087,0.088,0.089,0.122,0.136,0.139,0.153,0.15,0.102,0.149,0.121,0.123,0.112,0.088,0.089,0.125,0.145,0.177,0.172,0.122,0.154,0.115,0.137,0.082,0.111,0.087,0.089,0.15,0.139,0.155,0.14,0.093,0.147,0.154,0.129,0.102,0.113,0.088,0.089,0.739,0.77,0.644,0.771,0.626,0.398,0.679,0.774,0.706,0.709,0.088,0.089,0.781,0.665,0.755,0.796,0.705,0.769,0.715,0.771,0.091,0.795,0.089,0.089,0.812,0.783,0.773,0.753,0.562,0.789,0.696,0.816,0.682,0.535,0.089,0.089,0.09,0.088,0.091,0.087,0.087,0.087,0.088,0.086,0.087,0.089,0.087
,4:09:16,36,0.09,0.088,0.088,0.09,0.088,0.088,0.087,0.089,0.088,0.088,0.088,0.088,0.089,0.124,0.138,0.142,0.156,0.152,0.103,0.151,0.122,0.123,0.114,0.088,0.089,0.127,0.148,0.18,0.174,0.125,0.157,0.116,0.139,0.081,0.113,0.088,0.089,0.153,0.141,0.158,0.143,0.093,0.148,0.159,0.13,0.103,0.114,0.088,0.089,0.756,0.786,0.659,0.788,0.635,0.411,0.691,0.791,0.72,0.73,0.088,0.09,0.797,0.683,0.77,0.812,0.723,0.788,0.733,0.789,0.091,0.812,0.089,0.089,0.828,0.799,0.788,0.768,0.584,0.805,0.712,0.833,0.702,0.545,0.09,0.09,0.091,0.088,0.091,0.087,0.087,0.087,0.089,0.086,0.087,0.089,0.087
,4:14:16,36.1,0.09,0.088,0.088,0.09,0.088,0.088,0.087,0.088,0.088,0.088,0.087,0.088,0.089,0.125,0.141,0.145,0.158,0.154,0.103,0.153,0.123,0.124,0.115,0.088,0.089,0.129,0.151,0.183,0.178,0.126,0.159,0.117,0.142,0.082,0.114,0.087,0.089,0.155,0.143,0.159,0.145,0.093,0.154,0.164,0.132,0.103,0.115,0.088,0.089,0.772,0.8,0.674,0.802,0.644,0.423,0.699,0.806,0.733,0.749,0.088,0.089,0.81,0.698,0.784,0.826,0.739,0.803,0.751,0.805,0.091,0.829,0.089,0.089,0.84,0.814,0.801,0.781,0.595,0.82,0.727,0.847,0.72,0.565,0.09,0.09,0.091,0.088,0.091,0.087,0.086,0.087,0.088,0.086,0.087,0.089,0.087
,4:19:16,36,0.09,0.088,0.088,0.09,0.088,0.088,0.087,0.089,0.088,0.088,0.087,0.088,0.089,0.126,0.143,0.148,0.161,0.156,0.104,0.155,0.124,0.124,0.116,0.088,0.089,0.131,0.153,0.185,0.181,0.128,0.162,0.119,0.144,0.082,0.115,0.087,0.089,0.158,0.146,0.162,0.148,0.093,0.157,0.168,0.138,0.105,0.115,0.088,0.089,0.787,0.812,0.688,0.817,0.655,0.44,0.709,0.822,0.743,0.768,0.088,0.09,0.824,0.713,0.798,0.84,0.757,0.819,0.768,0.82,0.091,0.844,0.089,0.089,0.854,0.829,0.815,0.796,0.608,0.835,0.742,0.861,0.737,0.584,0.09,0.09,0.09,0.088,0.092,0.087,0.087,0.087,0.088,0.086,0.087,0.089,0.087
,4:24:16,36.1,0.09,0.088,0.088,0.09,0.088,0.088,0.087,0.089,0.089,0.088,0.088,0.088,0.089,0.128,0.145,0.153,0.164,0.158,0.105,0.157,0.126,0.125,0.118,0.088,0.089,0.134,0.154,0.188,0.183,0.129,0.164,0.12,0.147,0.082,0.117,0.088,0.089,0.161,0.148,0.165,0.151,0.093,0.159,0.171,0.135,0.105,0.116,0.088,0.089,0.803,0.827,0.704,0.832,0.668,0.454,0.717,0.837,0.754,0.786,0.088,0.089,0.838,0.728,0.812,0.855,0.774,0.833,0.784,0.835,0.091,0.86,0.089,0.089,0.869,0.845,0.829,0.811,0.632,0.849,0.757,0.874,0.756,0.601,0.09,0.09,0.091,0.088,0.092,0.087,0.087,0.087,0.089,0.086,0.087,0.089,0.088
,4:29:16,36,0.09,0.088,0.088,0.09,0.088,0.087,0.087,0.088,0.088,0.088,0.087,0.088,0.089,0.131,0.147,0.155,0.166,0.16,0.106,0.159,0.128,0.126,0.119,0.088,0.089,0.136,0.16,0.19,0.186,0.132,0.167,0.122,0.149,0.081,0.118,0.088,0.089,0.163,0.151,0.167,0.154,0.093,0.163,0.18,0.138,0.106,0.117,0.088,0.089,0.816,0.838,0.717,0.845,0.677,0.465,0.724,0.85,0.767,0.803,0.088,0.089,0.852,0.744,0.827,0.869,0.79,0.847,0.799,0.85,0.091,0.875,0.089,0.089,0.88,0.858,0.842,0.825,0.641,0.863,0.775,0.888,0.775,0.622,0.09,0.089,0.091,0.088,0.091,0.087,0.087,0.087,0.088,0.086,0.087,0.089,0.087
,4:34:16,36,0.09,0.088,0.088,0.09,0.088,0.087,0.087,0.088,0.088,0.088,0.087,0.088,0.089,0.132,0.149,0.158,0.169,0.161,0.106,0.161,0.129,0.127,0.12,0.088,0.089,0.137,0.159,0.193,0.189,0.132,0.17,0.124,0.152,0.081,0.119,0.087,0.089,0.166,0.153,0.17,0.157,0.094,0.165,0.178,0.141,0.107,0.118,0.088,0.089,0.83,0.852,0.73,0.859,0.684,0.482,0.73,0.865,0.778,0.82,0.088,0.089,0.865,0.76,0.841,0.883,0.805,0.862,0.815,0.864,0.091,0.89,0.089,0.089,0.894,0.871,0.856,0.838,0.65,0.877,0.789,0.901,0.792,0.649,0.089,0.089,0.091,0.088,0.091,0.087,0.086,0.087,0.088,0.086,0.086,0.089,0.088
,4:39:16,36.1,0.089,0.088,0.088,0.09,0.088,0.087,0.087,0.088,0.089,0.088,0.087,0.088,0.089,0.134,0.152,0.162,0.172,0.164,0.109,0.163,0.13,0.128,0.122,0.088,0.089,0.14,0.164,0.195,0.192,0.133,0.172,0.126,0.155,0.081,0.121,0.087,0.089,0.169,0.155,0.172,0.16,0.094,0.169,0.184,0.141,0.108,0.119,0.088,0.089,0.844,0.864,0.745,0.874,0.696,0.495,0.738,0.878,0.789,0.835,0.088,0.089,0.878,0.776,0.854,0.897,0.82,0.876,0.83,0.878,0.091,0.904,0.089,0.089,0.907,0.884,0.87,0.85,0.663,0.891,0.804,0.915,0.809,0.666,0.09,0.089,0.091,0.088,0.091,0.087,0.087,0.087,0.088,0.086,0.087,0.089,0.087
,4:44:16,36.1,0.09,0.088,0.088,0.09,0.088,0.087,0.087,0.089,0.088,0.088,0.087,0.088,0.089,0.137,0.154,0.165,0.174,0.165,0.109,0.165,0.132,0.129,0.124,0.088,0.089,0.142,0.167,0.198,0.195,0.136,0.175,0.128,0.158,0.081,0.122,0.088,0.089,0.171,0.158,0.175,0.163,0.094,0.171,0.193,0.144,0.109,0.12,0.088,0.089,0.858,0.875,0.759,0.887,0.708,0.507,0.747,0.891,0.799,0.851,0.089,0.09,0.89,0.79,0.869,0.91,0.835,0.889,0.845,0.892,0.091,0.918,0.089,0.089,0.92,0.898,0.882,0.863,0.681,0.905,0.82,0.927,0.825,0.676,0.089,0.089,0.091,0.088,0.091,0.087,0.087,0.087,0.088,0.086,0.087,0.089,0.087
,4:49:16,36,0.09,0.088,0.088,0.09,0.088,0.088,0.087,0.089,0.088,0.088,0.088,0.088,0.089,0.139,0.156,0.169,0.177,0.167,0.11,0.167,0.134,0.13,0.126,0.088,0.089,0.144,0.166,0.2,0.197,0.136,0.178,0.13,0.161,0.081,0.124,0.087,0.089,0.174,0.161,0.177,0.166,0.094,0.174,0.191,0.145,0.111,0.121,0.088,0.089,0.87,0.886,0.771,0.901,0.713,0.523,0.753,0.904,0.81,0.867,0.088,0.09,0.902,0.804,0.882,0.924,0.849,0.903,0.86,0.906,0.091,0.933,0.089,0.089,0.933,0.907,0.896,0.876,0.691,0.918,0.834,0.938,0.841,0.693,0.09,0.09,0.091,0.088,0.091,0.087,0.086,0.087,0.088,0.086,0.086,0.089,0.087
,4:54:16,36.1,0.09,0.088,0.088,0.09,0.088,0.088,0.087,0.088,0.089,0.088,0.087,0.088,0.089,0.142,0.159,0.173,0.181,0.168,0.111,0.169,0.135,0.131,0.127,0.088,0.089,0.149,0.17,0.203,0.2,0.138,0.18,0.131,0.164,0.081,0.126,0.087,0.089,0.176,0.163,0.18,0.169,0.094,0.177,0.2,0.149,0.112,0.123,0.088,0.089,0.882,0.898,0.785,0.914,0.724,0.535,0.761,0.915,0.822,0.882,0.088,0.089,0.915,0.818,0.893,0.936,0.863,0.917,0.874,0.918,0.091,0.945,0.089,0.089,0.946,0.919,0.906,0.888,0.706,0.931,0.848,0.952,0.856,0.705,0.09,0.089,0.091,0.088,0.091,0.087,0.086,0.087,0.088,0.086,0.086,0.089,0.087
,4:59:16,36,0.09,0.088,0.088,0.09,0.088,0.088,0.087,0.088,0.089,0.088,0.088,0.088,0.089,0.144,0.162,0.177,0.183,0.171,0.112,0.17,0.137,0.131,0.129,0.088,0.089,0.15,0.175,0.206,0.203,0.141,0.183,0.133,0.167,0.081,0.128,0.088,0.089,0.178,0.165,0.182,0.171,0.094,0.18,0.205,0.149,0.113,0.124,0.088,0.088,0.895,0.908,0.796,0.926,0.732,0.548,0.765,0.927,0.83,0.896,0.089,0.089,0.926,0.832,0.904,0.949,0.875,0.93,0.888,0.931,0.091,0.959,0.089,0.089,0.957,0.929,0.917,0.9,0.721,0.943,0.86,0.964,0.871,0.721,0.09,0.089,0.091,0.088,0.091,0.087,0.087,0.087,0.088,0.086,0.087,0.089,0.087
,5:04:16,36,0.089,0.088,0.088,0.09,0.088,0.087,0.087,0.088,0.088,0.088,0.087,0.088,0.089,0.146,0.164,0.18,0.186,0.171,0.113,0.172,0.139,0.133,0.131,0.088,0.089,0.152,0.178,0.209,0.205,0.141,0.186,0.136,0.17,0.082,0.129,0.088,0.089,0.181,0.168,0.185,0.175,0.094,0.183,0.206,0.15,0.114,0.125,0.088,0.089,0.907,0.919,0.808,0.938,0.74,0.561,0.773,0.938,0.836,0.91,0.089,0.09,0.938,0.845,0.916,0.96,0.889,0.943,0.901,0.944,0.091,0.972,0.089,0.089,0.969,0.94,0.93,0.912,0.735,0.955,0.872,0.974,0.885,0.737,0.09,0.089,0.091,0.088,0.091,0.087,0.087,0.087,0.088,0.086,0.087,0.089,0.087
,5:09:16,36,0.09,0.088,0.088,0.09,0.089,0.088,0.087,0.089,0.089,0.088,0.088,0.088,0.089,0.149,0.167,0.184,0.189,0.171,0.114,0.175,0.141,0.134,0.133,0.088,0.09,0.154,0.179,0.211,0.209,0.145,0.189,0.139,0.172,0.082,0.131,0.088,0.089,0.184,0.171,0.188,0.178,0.094,0.186,0.212,0.154,0.116,0.127,0.089,0.089,0.918,0.928,0.82,0.95,0.745,0.573,0.78,0.949,0.842,0.925,0.089,0.09,0.949,0.858,0.928,0.97,0.901,0.955,0.915,0.957,0.091,0.985,0.089,0.089,0.978,0.949,0.939,0.923,0.748,0.966,0.884,0.986,0.899,0.761,0.09,0.09,0.091,0.088,0.092,0.087,0.087,0.087,0.089,0.086,0.087,0.089,0.088
,5:14:16,36.1,0.09,0.088,0.088,0.09,0.088,0.088,0.087,0.089,0.088,0.088,0.088,0.088,0.089,0.152,0.169,0.188,0.192,0.172,0.116,0.176,0.142,0.135,0.134,0.088,0.09,0.159,0.183,0.214,0.211,0.147,0.19,0.14,0.175,0.082,0.133,0.088,0.089,0.186,0.173,0.19,0.18,0.094,0.189,0.217,0.154,0.117,0.128,0.088,0.089,0.929,0.937,0.831,0.961,0.75,0.585,0.785,0.961,0.847,0.939,0.089,0.09,0.96,0.872,0.939,0.98,0.914,0.966,0.928,0.967,0.091,0.998,0.089,0.089,0.99,0.96,0.951,0.934,0.769,0.977,0.894,0.997,0.912,0.781,0.09,0.089,0.091,0.088,0.091,0.087,0.087,0.087,0.089,0.086,0.086,0.089,0.087
,5:19:16,36.1,0.09,0.088,0.088,0.09,0.088,0.088,0.087,0.088,0.088,0.088,0.088,0.088,0.089,0.154,0.171,0.192,0.195,0.175,0.116,0.177,0.144,0.135,0.136,0.088,0.089,0.162,0.186,0.216,0.214,0.147,0.193,0.142,0.178,0.081,0.134,0.087,0.089,0.188,0.174,0.193,0.184,0.095,0.191,0.22,0.157,0.118,0.129,0.088,0.089,0.939,0.945,0.841,0.973,0.757,0.596,0.79,0.972,0.851,0.952,0.089,0.089,0.97,0.884,0.949,0.99,0.926,0.975,0.942,0.977,0.091,1.01,0.089,0.089,1,0.968,0.962,0.944,0.782,0.988,0.906,1.005,0.925,0.795,0.09,0.089,0.091,0.088,0.091,0.087,0.086,0.087,0.088,0.086,0.087,0.089,0.087
,5:24:16,36.1,0.089,0.088,0.088,0.09,0.088,0.087,0.086,0.088,0.088,0.087,0.088,0.088,0.089,0.156,0.173,0.197,0.197,0.18,0.116,0.18,0.146,0.136,0.138,0.088,0.089,0.165,0.187,0.219,0.217,0.149,0.195,0.145,0.18,0.082,0.136,0.088,0.089,0.19,0.177,0.195,0.186,0.095,0.195,0.223,0.158,0.12,0.131,0.088,0.089,0.951,0.953,0.851,0.984,0.764,0.612,0.792,0.985,0.855,0.965,0.088,0.089,0.98,0.897,0.958,1.001,0.936,0.984,0.954,0.987,0.091,1.022,0.089,0.089,1.01,0.976,0.973,0.954,0.796,0.998,0.916,1.014,0.938,0.809,0.09,0.089,0.091,0.088,0.091,0.087,0.087,0.087,0.088,0.086,0.086,0.089,0.087
,5:29:16,36,0.09,0.088,0.088,0.09,0.088,0.088,0.087,0.089,0.089,0.088,0.087,0.088,0.089,0.159,0.175,0.207,0.201,0.183,0.118,0.182,0.148,0.137,0.14,0.088,0.089,0.166,0.191,0.222,0.219,0.152,0.199,0.149,0.183,0.081,0.138,0.088,0.089,0.193,0.179,0.197,0.189,0.095,0.197,0.225,0.16,0.122,0.133,0.088,0.089,0.961,0.96,0.862,0.995,0.768,0.626,0.796,0.998,0.858,0.979,0.089,0.09,0.99,0.909,0.968,1.011,0.948,0.994,0.967,0.997,0.091,1.036,0.089,0.089,1.019,0.983,0.984,0.964,0.804,1.009,0.927,1.026,0.95,0.818,0.09,0.09,0.091,0.088,0.091,0.087,0.087,0.087,0.089,0.086,0.087,0.089,0.087
,5:34:16,36,0.09,0.088,0.088,0.09,0.088,0.088,0.087,0.088,0.088,0.088,0.087,0.088,0.089,0.161,0.173,0.204,0.204,0.184,0.119,0.183,0.15,0.138,0.143,0.089,0.089,0.168,0.193,0.225,0.221,0.153,0.201,0.149,0.185,0.081,0.14,0.087,0.089,0.194,0.181,0.199,0.191,0.095,0.2,0.228,0.162,0.123,0.133,0.088,0.089,0.971,0.967,0.874,1.006,0.775,0.639,0.8,1.009,0.862,0.992,0.089,0.089,1,0.921,0.976,1.021,0.958,1.002,0.98,1.006,0.091,1.047,0.089,0.089,1.028,0.992,0.996,0.974,0.823,1.02,0.937,1.035,0.962,0.827,0.089,0.089,0.09,0.088,0.091,0.087,0.086,0.087,0.088,0.086,0.087,0.089,0.087
,5:39:16,36,0.09,0.088,0.088,0.09,0.088,0.088,0.087,0.089,0.088,0.088,0.087,0.088,0.089,0.164,0.177,0.207,0.205,0.186,0.12,0.185,0.151,0.138,0.144,0.088,0.089,0.173,0.197,0.228,0.224,0.156,0.202,0.151,0.187,0.081,0.142,0.088,0.089,0.197,0.183,0.203,0.194,0.095,0.203,0.233,0.164,0.125,0.136,0.088,0.089,0.981,0.974,0.886,1.015,0.78,0.653,0.804,1.021,0.865,1.004,0.088,0.09,1.008,0.932,0.985,1.031,0.969,1.011,0.991,1.016,0.091,1.058,0.089,0.089,1.035,0.998,1.007,0.985,0.836,1.03,0.948,1.045,0.973,0.841,0.09,0.089,0.091,0.088,0.091,0.087,0.087,0.087,0.089,0.086,0.086,0.089,0.087
,5:44:16,36,0.089,0.088,0.088,0.09,0.088,0.088,0.087,0.089,0.089,0.088,0.087,0.088,0.089,0.167,0.18,0.209,0.208,0.187,0.12,0.187,0.153,0.139,0.146,0.088,0.09,0.176,0.198,0.23,0.226,0.157,0.204,0.154,0.19,0.081,0.144,0.088,0.089,0.2,0.187,0.205,0.195,0.095,0.205,0.235,0.165,0.127,0.137,0.088,0.089,0.991,0.981,0.897,1.024,0.784,0.667,0.807,1.032,0.868,1.015,0.089,0.09,1.018,0.942,0.993,1.04,0.978,1.02,1.002,1.025,0.091,1.068,0.089,0.089,1.043,1.004,1.016,0.994,0.847,1.04,0.958,1.054,0.983,0.854,0.09,0.089,0.091,0.088,0.091,0.087,0.087,0.087,0.088,0.087,0.086,0.089,0.087
,5:49:16,36,0.09,0.088,0.088,0.09,0.088,0.088,0.087,0.088,0.089,0.088,0.088,0.088,0.089,0.168,0.182,0.214,0.21,0.189,0.122,0.189,0.156,0.14,0.149,0.088,0.09,0.177,0.201,0.233,0.228,0.16,0.207,0.158,0.192,0.081,0.147,0.088,0.089,0.199,0.188,0.208,0.2,0.096,0.208,0.237,0.167,0.129,0.139,0.088,0.089,1.002,0.989,0.909,1.033,0.791,0.68,0.812,1.043,0.87,1.026,0.089,0.09,1.027,0.952,1.002,1.05,0.988,1.03,1.012,1.035,0.091,1.079,0.089,0.089,1.051,1.012,1.027,1.004,0.856,1.049,0.97,1.063,0.995,0.869,0.09,0.089,0.091,0.088,0.092,0.087,0.086,0.087,0.088,0.086,0.087,0.089,0.088
,5:54:16,36.1,0.09,0.088,0.088,0.09,0.088,0.088,0.087,0.088,0.089,0.088,0.088,0.088,0.089,0.171,0.183,0.218,0.213,0.19,0.123,0.191,0.158,0.142,0.151,0.088,0.089,0.18,0.202,0.236,0.232,0.161,0.21,0.16,0.195,0.082,0.149,0.088,0.089,0.201,0.191,0.21,0.202,0.096,0.211,0.239,0.169,0.13,0.141,0.088,0.089,1.012,0.997,0.919,1.042,0.796,0.693,0.815,1.053,0.876,1.036,0.088,0.09,1.036,0.96,1.011,1.059,0.998,1.04,1.02,1.045,0.091,1.089,0.089,0.089,1.059,1.018,1.037,1.01,0.868,1.058,0.98,1.071,1.006,0.892,0.09,0.089,0.091,0.088,0.092,0.087,0.087,0.087,0.089,0.087,0.087,0.089,0.088
,5:59:16,36,0.089,0.088,0.088,0.09,0.088,0.087,0.087,0.088,0.088,0.088,0.087,0.088,0.089,0.173,0.185,0.22,0.215,0.192,0.124,0.192,0.16,0.142,0.153,0.088,0.089,0.182,0.204,0.238,0.233,0.164,0.213,0.162,0.197,0.081,0.151,0.087,0.089,0.204,0.192,0.212,0.201,0.096,0.214,0.244,0.171,0.131,0.142,0.088,0.088,1.022,1.003,0.929,1.05,0.799,0.705,0.819,1.063,0.881,1.047,0.089,0.089,1.045,0.969,1.02,1.068,1.009,1.05,1.028,1.055,0.091,1.098,0.089,0.089,1.066,1.027,1.046,1.018,0.884,1.067,0.991,1.078,1.017,0.906,0.09,0.089,0.091,0.088,0.091,0.087,0.087,0.087,0.088,0.086,0.086,0.089,0.087
,6:04:16,36,0.09,0.088,0.088,0.09,0.088,0.088,0.087,0.089,0.089,0.088,0.087,0.088,0.089,0.175,0.187,0.228,0.218,0.194,0.126,0.194,0.163,0.143,0.155,0.088,0.089,0.184,0.207,0.241,0.235,0.165,0.216,0.165,0.2,0.082,0.153,0.088,0.089,0.206,0.195,0.215,0.202,0.096,0.216,0.245,0.173,0.134,0.146,0.088,0.089,1.032,1.011,0.938,1.058,0.804,0.719,0.822,1.072,0.885,1.057,0.089,0.09,1.054,0.98,1.029,1.077,1.02,1.061,1.037,1.065,0.091,1.109,0.089,0.089,1.074,1.033,1.056,1.026,0.889,1.075,1.001,1.086,1.029,0.916,0.09,0.089,0.091,0.088,0.091,0.087,0.087,0.087,0.089,0.086,0.087,0.089,0.088
,6:09:16,36,0.09,0.088,0.088,0.09,0.088,0.088,0.087,0.088,0.089,0.088,0.088,0.088,0.089,0.178,0.189,0.235,0.221,0.195,0.128,0.196,0.165,0.145,0.157,0.088,0.089,0.186,0.21,0.243,0.238,0.167,0.219,0.168,0.202,0.081,0.157,0.088,0.089,0.204,0.198,0.217,0.204,0.096,0.22,0.25,0.175,0.136,0.146,0.088,0.089,1.042,1.019,0.948,1.067,0.808,0.732,0.825,1.08,0.892,1.067,0.089,0.09,1.064,0.99,1.037,1.086,1.031,1.071,1.046,1.075,0.091,1.118,0.089,0.089,1.084,1.041,1.065,1.034,0.901,1.084,1.01,1.095,1.042,0.921,0.09,0.089,0.091,0.088,0.091,0.087,0.087,0.087,0.088,0.086,0.087,0.089,0.087
,6:14:16,36,0.09,0.088,0.088,0.09,0.088,0.087,0.087,0.089,0.088,0.088,0.087,0.088,0.089,0.18,0.19,0.234,0.223,0.196,0.129,0.197,0.166,0.146,0.16,0.088,0.089,0.188,0.21,0.245,0.24,0.171,0.221,0.171,0.204,0.081,0.158,0.087,0.089,0.211,0.198,0.219,0.206,0.096,0.223,0.252,0.177,0.137,0.147,0.088,0.089,1.052,1.028,0.957,1.075,0.813,0.742,0.83,1.088,0.901,1.077,0.088,0.09,1.072,0.999,1.045,1.096,1.042,1.08,1.054,1.085,0.091,1.125,0.089,0.089,1.091,1.048,1.075,1.042,0.92,1.092,1.019,1.103,1.053,0.929,0.09,0.089,0.091,0.088,0.091,0.087,0.087,0.087,0.088,0.086,0.086,0.089,0.087
,6:19:16,36,0.09,0.088,0.088,0.09,0.088,0.088,0.087,0.089,0.089,0.088,0.088,0.088,0.089,0.184,0.193,0.235,0.226,0.197,0.13,0.199,0.169,0.148,0.162,0.088,0.089,0.189,0.214,0.248,0.243,0.172,0.224,0.173,0.207,0.082,0.161,0.088,0.089,0.214,0.201,0.222,0.21,0.096,0.227,0.256,0.179,0.14,0.15,0.088,0.089,1.06,1.035,0.966,1.082,0.816,0.755,0.833,1.096,0.909,1.088,0.089,0.09,1.081,1.009,1.054,1.105,1.054,1.089,1.063,1.096,0.091,1.132,0.089,0.089,1.099,1.056,1.082,1.05,0.931,1.101,1.028,1.111,1.064,0.948,0.09,0.09,0.091,0.088,0.091,0.087,0.087,0.087,0.089,0.086,0.087,0.089,0.088
,6:24:16,36.1,0.09,0.088,0.088,0.09,0.088,0.088,0.087,0.089,0.089,0.088,0.088,0.088,0.089,0.185,0.195,0.238,0.228,0.199,0.132,0.2,0.172,0.148,0.165,0.088,0.089,0.191,0.215,0.251,0.245,0.173,0.227,0.176,0.21,0.081,0.163,0.088,0.089,0.213,0.202,0.224,0.213,0.097,0.231,0.26,0.181,0.141,0.152,0.088,0.089,1.069,1.04,0.974,1.09,0.819,0.766,0.838,1.103,0.917,1.098,0.088,0.09,1.089,1.018,1.062,1.115,1.064,1.098,1.071,1.105,0.091,1.139,0.089,0.089,1.107,1.064,1.091,1.057,0.934,1.109,1.036,1.118,1.074,0.968,0.09,0.089,0.091,0.088,0.091,0.087,0.087,0.087,0.088,0.086,0.087,0.089,0.087
,6:29:15,36,0.09,0.088,0.088,0.09,0.088,0.088,0.087,0.088,0.089,0.088,0.087,0.088,0.089,0.189,0.197,0.247,0.23,0.2,0.133,0.202,0.174,0.149,0.167,0.088,0.089,0.193,0.217,0.253,0.248,0.176,0.23,0.178,0.213,0.082,0.166,0.088,0.089,0.216,0.204,0.227,0.214,0.097,0.235,0.264,0.183,0.143,0.154,0.088,0.089,1.078,1.048,0.983,1.098,0.822,0.777,0.841,1.109,0.923,1.108,0.089,0.09,1.097,1.027,1.07,1.124,1.074,1.108,1.08,1.115,0.091,1.146,0.089,0.089,1.115,1.071,1.099,1.066,0.949,1.117,1.044,1.125,1.084,0.98,0.09,0.09,0.091,0.088,0.091,0.087,0.087,0.087,0.088,0.086,0.087,0.089,0.088
,6:34:16,36.1,0.089,0.088,0.088,0.09,0.088,0.088,0.087,0.088,0.089,0.088,0.087,0.088,0.089,0.189,0.198,0.243,0.232,0.201,0.134,0.204,0.177,0.151,0.169,0.088,0.089,0.195,0.219,0.255,0.251,0.178,0.232,0.18,0.215,0.081,0.168,0.087,0.089,0.221,0.206,0.229,0.216,0.097,0.239,0.268,0.186,0.145,0.156,0.088,0.089,1.085,1.054,0.99,1.105,0.825,0.789,0.844,1.115,0.93,1.118,0.088,0.09,1.105,1.036,1.079,1.133,1.083,1.117,1.089,1.125,0.091,1.153,0.089,0.089,1.12,1.076,1.107,1.073,0.95,1.124,1.052,1.132,1.093,0.989,0.09,0.089,0.091,0.088,0.091,0.087,0.087,0.087,0.089,0.086,0.086,0.089,0.087
,6:39:16,36.1,0.089,0.088,0.088,0.09,0.088,0.087,0.087,0.088,0.088,0.088,0.087,0.088,0.089,0.192,0.2,0.248,0.233,0.202,0.136,0.205,0.178,0.152,0.171,0.088,0.089,0.196,0.221,0.257,0.253,0.18,0.235,0.183,0.218,0.081,0.17,0.087,0.089,0.222,0.207,0.232,0.22,0.097,0.242,0.271,0.187,0.147,0.159,0.088,0.089,1.093,1.061,0.999,1.113,0.826,0.8,0.848,1.122,0.937,1.126,0.088,0.09,1.114,1.045,1.087,1.141,1.092,1.126,1.098,1.134,0.091,1.159,0.089,0.089,1.128,1.083,1.115,1.081,0.961,1.133,1.058,1.139,1.102,0.995,0.089,0.089,0.09,0.088,0.091,0.087,0.086,0.087,0.088,0.086,0.086,0.089,0.087
,6:44:16,36,0.09,0.088,0.088,0.09,0.088,0.088,0.087,0.089,0.088,0.088,0.088,0.088,0.089,0.195,0.202,0.248,0.234,0.204,0.138,0.207,0.182,0.153,0.173,0.088,0.089,0.198,0.223,0.259,0.257,0.182,0.238,0.185,0.221,0.082,0.173,0.088,0.089,0.223,0.209,0.235,0.222,0.097,0.246,0.274,0.189,0.148,0.161,0.088,0.089,1.101,1.066,1.007,1.121,0.828,0.809,0.85,1.128,0.943,1.134,0.089,0.09,1.121,1.054,1.097,1.149,1.101,1.135,1.108,1.145,0.091,1.166,0.09,0.089,1.135,1.089,1.123,1.089,0.977,1.139,1.065,1.145,1.109,1.006,0.09,0.09,0.091,0.088,0.091,0.087,0.087,0.087,0.089,0.086,0.087,0.089,0.088
,6:49:16,36,0.09,0.088,0.088,0.09,0.088,0.088,0.087,0.089,0.089,0.088,0.087,0.088,0.089,0.193,0.204,0.255,0.235,0.205,0.139,0.209,0.185,0.155,0.175,0.088,0.089,0.2,0.225,0.262,0.259,0.183,0.24,0.188,0.223,0.081,0.176,0.088,0.089,0.226,0.211,0.237,0.228,0.097,0.249,0.277,0.191,0.151,0.163,0.088,0.089,1.109,1.073,1.015,1.129,0.832,0.821,0.852,1.134,0.949,1.142,0.089,0.09,1.127,1.063,1.107,1.156,1.108,1.143,1.117,1.152,0.091,1.172,0.089,0.089,1.141,1.095,1.13,1.097,0.979,1.147,1.071,1.151,1.116,1.025,0.09,0.09,0.091,0.088,0.091,0.087,0.087,0.087,0.089,0.086,0.087,0.089,0.087
,6:54:16,36.1,0.09,0.089,0.088,0.09,0.089,0.088,0.087,0.089,0.089,0.088,0.088,0.088,0.089,0.199,0.206,0.253,0.236,0.207,0.14,0.21,0.187,0.156,0.178,0.088,0.089,0.203,0.227,0.264,0.262,0.186,0.243,0.191,0.226,0.082,0.178,0.088,0.089,0.23,0.213,0.24,0.234,0.097,0.251,0.28,0.194,0.153,0.166,0.088,0.089,1.117,1.078,1.023,1.136,0.835,0.829,0.855,1.14,0.954,1.149,0.089,0.09,1.134,1.072,1.116,1.163,1.116,1.15,1.125,1.161,0.091,1.178,0.09,0.089,1.147,1.1,1.14,1.105,0.99,1.153,1.078,1.157,1.123,1.043,0.09,0.09,0.091,0.088,0.092,0.087,0.087,0.087,0.089,0.086,0.087,0.089,0.088
,6:59:16,36,0.089,0.088,0.088,0.09,0.088,0.087,0.087,0.088,0.088,0.088,0.087,0.088,0.089,0.194,0.207,0.256,0.235,0.208,0.142,0.21,0.19,0.157,0.18,0.088,0.089,0.204,0.229,0.266,0.264,0.188,0.245,0.192,0.228,0.081,0.18,0.087,0.089,0.237,0.215,0.242,0.234,0.097,0.254,0.282,0.198,0.155,0.168,0.088,0.089,1.123,1.082,1.03,1.142,0.835,0.84,0.856,1.145,0.959,1.156,0.089,0.09,1.139,1.079,1.122,1.17,1.123,1.157,1.133,1.166,0.091,1.184,0.089,0.089,1.151,1.105,1.146,1.11,1,1.159,1.083,1.163,1.13,1.053,0.09,0.089,0.09,0.088,0.091,0.087,0.087,0.087,0.088,0.086,0.087,0.089,0.087
,7:04:16,36,0.09,0.088,0.088,0.09,0.088,0.088,0.087,0.088,0.089,0.088,0.088,0.088,0.09,0.195,0.209,0.258,0.238,0.21,0.143,0.212,0.193,0.159,0.183,0.088,0.09,0.206,0.231,0.266,0.266,0.19,0.248,0.195,0.231,0.082,0.183,0.088,0.089,0.233,0.217,0.245,0.235,0.098,0.257,0.285,0.198,0.157,0.174,0.089,0.089,1.131,1.086,1.039,1.15,0.839,0.849,0.856,1.152,0.963,1.162,0.089,0.09,1.146,1.088,1.129,1.176,1.13,1.165,1.14,1.172,0.091,1.19,0.09,0.089,1.159,1.11,1.154,1.119,1.01,1.165,1.089,1.169,1.137,1.062,0.09,0.09,0.091,0.088,0.092,0.087,0.087,0.087,0.089,0.086,0.087,0.089,0.088
,7:09:16,36,0.089,0.088,0.088,0.09,0.088,0.088,0.087,0.089,0.088,0.088,0.087,0.088,0.089,0.197,0.211,0.26,0.241,0.211,0.144,0.214,0.195,0.16,0.185,0.088,0.089,0.209,0.232,0.263,0.268,0.192,0.25,0.197,0.233,0.081,0.186,0.087,0.089,0.235,0.218,0.248,0.24,0.098,0.259,0.287,0.202,0.159,0.173,0.088,0.089,1.137,1.091,1.046,1.155,0.84,0.859,0.856,1.157,0.969,1.169,0.088,0.089,1.151,1.093,1.135,1.182,1.136,1.171,1.147,1.177,0.091,1.195,0.089,0.089,1.163,1.114,1.161,1.127,1.013,1.17,1.096,1.174,1.143,1.067,0.09,0.089,0.091,0.088,0.091,0.087,0.087,0.087,0.088,0.086,0.087,0.089,0.087
,7:14:16,36,0.09,0.088,0.088,0.09,0.088,0.088,0.087,0.088,0.088,0.088,0.087,0.088,0.089,0.199,0.212,0.265,0.243,0.213,0.146,0.215,0.197,0.161,0.187,0.088,0.089,0.21,0.234,0.265,0.269,0.194,0.253,0.199,0.235,0.082,0.188,0.087,0.089,0.237,0.22,0.251,0.241,0.098,0.261,0.289,0.204,0.161,0.176,0.088,0.089,1.143,1.095,1.053,1.161,0.842,0.869,0.857,1.164,0.973,1.175,0.088,0.09,1.155,1.1,1.139,1.187,1.142,1.178,1.154,1.182,0.091,1.201,0.089,0.089,1.167,1.119,1.169,1.134,1.024,1.176,1.102,1.18,1.149,1.076,0.09,0.089,0.09,0.088,0.091,0.087,0.087,0.087,0.088,0.086,0.087,0.089,0.087
,7:19:16,36,0.09,0.088,0.088,0.09,0.088,0.087,0.087,0.088,0.088,0.088,0.087,0.088,0.089,0.199,0.214,0.266,0.245,0.214,0.147,0.216,0.199,0.163,0.19,0.088,0.089,0.212,0.236,0.267,0.271,0.197,0.255,0.201,0.237,0.082,0.19,0.088,0.089,0.24,0.222,0.254,0.242,0.098,0.263,0.291,0.204,0.163,0.178,0.088,0.089,1.15,1.099,1.06,1.168,0.844,0.878,0.857,1.169,0.978,1.181,0.089,0.09,1.16,1.106,1.145,1.193,1.148,1.186,1.161,1.187,0.091,1.206,0.089,0.089,1.173,1.123,1.175,1.14,1.029,1.181,1.108,1.185,1.155,1.09,0.09,0.089,0.091,0.088,0.091,0.087,0.087,0.087,0.089,0.086,0.087,0.089,0.087
,7:24:16,36,0.09,0.088,0.088,0.09,0.088,0.088,0.087,0.089,0.088,0.088,0.088,0.088,0.089,0.2,0.216,0.268,0.246,0.215,0.149,0.218,0.202,0.164,0.192,0.088,0.089,0.214,0.238,0.269,0.272,0.198,0.258,0.203,0.24,0.081,0.193,0.088,0.089,0.241,0.225,0.257,0.246,0.098,0.265,0.293,0.206,0.165,0.18,0.088,0.089,1.155,1.103,1.067,1.175,0.846,0.888,0.858,1.174,0.984,1.186,0.089,0.09,1.165,1.112,1.149,1.198,1.154,1.193,1.167,1.191,0.091,1.211,0.089,0.089,1.178,1.127,1.181,1.145,1.038,1.186,1.114,1.19,1.161,1.108,0.09,0.089,0.091,0.088,0.091,0.087,0.087,0.087,0.089,0.086,0.087,0.089,0.087
,7:29:16,36.1,0.09,0.088,0.088,0.09,0.088,0.088,0.087,0.088,0.089,0.088,0.087,0.088,0.089,0.201,0.218,0.274,0.248,0.216,0.151,0.219,0.204,0.166,0.194,0.088,0.089,0.215,0.241,0.271,0.275,0.2,0.26,0.206,0.242,0.081,0.195,0.088,0.089,0.242,0.227,0.259,0.243,0.099,0.267,0.295,0.208,0.167,0.183,0.088,0.089,1.16,1.107,1.073,1.182,0.848,0.897,0.859,1.178,0.988,1.192,0.089,0.09,1.17,1.118,1.154,1.203,1.159,1.198,1.173,1.196,0.091,1.216,0.089,0.089,1.183,1.131,1.188,1.15,1.045,1.191,1.12,1.195,1.167,1.118,0.09,0.089,0.091,0.088,0.092,0.087,0.087,0.087,0.089,0.086,0.087,0.089,0.088
,7:34:16,36,0.09,0.088,0.088,0.09,0.088,0.087,0.087,0.088,0.089,0.088,0.087,0.088,0.089,0.205,0.219,0.274,0.25,0.218,0.152,0.22,0.206,0.167,0.198,0.089,0.089,0.216,0.242,0.275,0.276,0.202,0.263,0.208,0.244,0.081,0.198,0.088,0.089,0.247,0.228,0.262,0.249,0.099,0.268,0.297,0.211,0.168,0.186,0.088,0.089,1.164,1.11,1.078,1.187,0.849,0.908,0.858,1.183,0.99,1.197,0.088,0.09,1.174,1.122,1.158,1.208,1.165,1.203,1.178,1.2,0.091,1.221,0.089,0.089,1.188,1.134,1.194,1.154,1.051,1.195,1.126,1.2,1.173,1.125,0.09,0.089,0.091,0.088,0.091,0.087,0.087,0.087,0.088,0.086,0.086,0.089,0.087
,7:39:16,36.1,0.09,0.088,0.088,0.09,0.088,0.088,0.087,0.089,0.089,0.088,0.087,0.088,0.089,0.206,0.221,0.276,0.252,0.22,0.154,0.221,0.208,0.169,0.2,0.088,0.089,0.218,0.243,0.277,0.278,0.204,0.265,0.21,0.246,0.082,0.2,0.087,0.089,0.249,0.231,0.266,0.245,0.099,0.271,0.299,0.212,0.171,0.188,0.088,0.089,1.169,1.114,1.084,1.193,0.851,0.918,0.858,1.187,0.992,1.202,0.089,0.089,1.178,1.128,1.162,1.213,1.17,1.208,1.183,1.204,0.091,1.226,0.089,0.089,1.192,1.137,1.199,1.158,1.056,1.2,1.131,1.204,1.178,1.131,0.09,0.089,0.091,0.088,0.091,0.087,0.087,0.087,0.089,0.086,0.087,0.089,0.087
,7:44:16,36,0.09,0.088,0.088,0.09,0.088,0.088,0.087,0.089,0.088,0.088,0.087,0.088,0.089,0.208,0.223,0.278,0.254,0.221,0.155,0.223,0.21,0.171,0.202,0.088,0.089,0.219,0.246,0.278,0.28,0.206,0.268,0.213,0.248,0.082,0.202,0.087,0.089,0.251,0.232,0.268,0.253,0.099,0.272,0.301,0.215,0.172,0.191,0.088,0.089,1.173,1.118,1.09,1.198,0.852,0.927,0.858,1.191,0.996,1.208,0.089,0.09,1.183,1.133,1.165,1.22,1.174,1.212,1.189,1.208,0.091,1.231,0.089,0.089,1.196,1.141,1.205,1.162,1.066,1.204,1.139,1.209,1.183,1.135,0.09,0.089,0.091,0.088,0.091,0.087,0.087,0.087,0.089,0.086,0.086,0.089,0.088
,7:49:16,36,0.09,0.088,0.088,0.09,0.089,0.088,0.087,0.089,0.089,0.088,0.088,0.088,0.089,0.21,0.225,0.28,0.256,0.222,0.158,0.224,0.212,0.172,0.204,0.088,0.089,0.22,0.246,0.28,0.281,0.207,0.27,0.215,0.25,0.081,0.204,0.087,0.089,0.256,0.234,0.271,0.25,0.099,0.275,0.303,0.218,0.175,0.193,0.088,0.089,1.177,1.121,1.094,1.202,0.854,0.937,0.858,1.195,0.998,1.214,0.089,0.09,1.186,1.14,1.169,1.225,1.179,1.216,1.194,1.213,0.091,1.237,0.089,0.089,1.201,1.143,1.211,1.165,1.068,1.208,1.145,1.213,1.188,1.141,0.09,0.089,0.091,0.088,0.091,0.088,0.087,0.087,0.088,0.086,0.087,0.089,0.088
,7:54:16,36,0.09,0.088,0.088,0.09,0.088,0.088,0.087,0.089,0.089,0.088,0.088,0.088,0.089,0.212,0.226,0.283,0.257,0.224,0.16,0.225,0.214,0.174,0.206,0.089,0.089,0.221,0.246,0.282,0.283,0.209,0.273,0.218,0.252,0.082,0.206,0.088,0.089,0.255,0.236,0.274,0.257,0.1,0.276,0.305,0.221,0.177,0.196,0.088,0.089,1.18,1.124,1.1,1.206,0.856,0.947,0.858,1.198,0.999,1.219,0.089,0.09,1.19,1.145,1.173,1.229,1.184,1.22,1.198,1.215,0.091,1.242,0.089,0.089,1.204,1.147,1.217,1.169,1.076,1.213,1.15,1.217,1.193,1.152,0.09,0.09,0.091,0.088,0.092,0.087,0.087,0.087,0.089,0.086,0.087,0.089,0.088
,7:59:16,36,0.089,0.088,0.088,0.09,0.088,0.088,0.087,0.088,0.088,0.088,0.087,0.088,0.089,0.214,0.228,0.285,0.258,0.226,0.161,0.226,0.216,0.175,0.208,0.088,0.089,0.223,0.246,0.283,0.284,0.211,0.275,0.22,0.254,0.081,0.208,0.087,0.089,0.257,0.238,0.277,0.253,0.1,0.278,0.306,0.223,0.179,0.198,0.088,0.089,1.183,1.126,1.103,1.209,0.857,0.956,0.858,1.201,1,1.224,0.089,0.09,1.194,1.149,1.177,1.232,1.188,1.224,1.202,1.218,0.091,1.247,0.089,0.089,1.208,1.149,1.221,1.172,1.083,1.216,1.154,1.221,1.198,1.166,0.09,0.089,0.091,0.088,0.091,0.087,0.087,0.087,0.088,0.086,0.087,0.089,0.087
,8:04:16,36.1,0.09,0.088,0.088,0.09,0.088,0.088,0.087,0.089,0.088,0.088,0.088,0.088,0.089,0.215,0.23,0.286,0.26,0.228,0.164,0.227,0.218,0.177,0.21,0.088,0.089,0.225,0.248,0.287,0.286,0.213,0.277,0.222,0.256,0.081,0.211,0.088,0.089,0.259,0.24,0.28,0.257,0.1,0.28,0.308,0.225,0.181,0.201,0.088,0.089,1.187,1.129,1.107,1.212,0.859,0.966,0.857,1.204,1.003,1.229,0.089,0.09,1.197,1.152,1.18,1.236,1.192,1.227,1.208,1.221,0.091,1.251,0.089,0.089,1.211,1.152,1.226,1.175,1.088,1.222,1.158,1.226,1.202,1.17,0.09,0.09,0.091,0.088,0.092,0.087,0.087,0.087,0.088,0.086,0.087,0.089,0.087
,8:09:16,36,0.09,0.088,0.088,0.09,0.088,0.088,0.087,0.088,0.088,0.088,0.087,0.088,0.089,0.217,0.231,0.289,0.262,0.229,0.165,0.228,0.22,0.178,0.214,0.088,0.089,0.225,0.251,0.288,0.289,0.215,0.279,0.224,0.258,0.081,0.214,0.088,0.089,0.261,0.241,0.283,0.257,0.1,0.282,0.31,0.224,0.183,0.202,0.088,0.089,1.19,1.133,1.111,1.216,0.859,0.976,0.855,1.208,1.005,1.233,0.088,0.09,1.201,1.155,1.184,1.239,1.196,1.23,1.214,1.224,0.091,1.255,0.089,0.089,1.215,1.155,1.23,1.179,1.091,1.226,1.162,1.23,1.208,1.176,0.09,0.089,0.091,0.088,0.091,0.087,0.086,0.087,0.088,0.086,0.087,0.089,0.087
,8:14:16,36,0.09,0.088,0.088,0.09,0.088,0.088,0.087,0.088,0.089,0.088,0.088,0.088,0.089,0.219,0.233,0.291,0.264,0.23,0.167,0.229,0.222,0.18,0.215,0.088,0.09,0.227,0.251,0.29,0.291,0.216,0.281,0.227,0.26,0.081,0.216,0.088,0.089,0.261,0.242,0.287,0.259,0.101,0.283,0.312,0.227,0.184,0.205,0.088,0.089,1.194,1.135,1.115,1.22,0.862,0.985,0.854,1.211,1.007,1.238,0.089,0.09,1.204,1.158,1.187,1.242,1.2,1.233,1.219,1.227,0.091,1.259,0.089,0.089,1.219,1.157,1.234,1.182,1.099,1.23,1.165,1.234,1.213,1.181,0.09,0.089,0.091,0.088,0.091,0.087,0.087,0.087,0.089,0.086,0.087,0.089,0.087
,8:19:16,36.1,0.09,0.088,0.088,0.09,0.088,0.088,0.087,0.089,0.089,0.088,0.088,0.088,0.089,0.221,0.234,0.294,0.266,0.232,0.169,0.23,0.224,0.18,0.216,0.088,0.09,0.229,0.252,0.291,0.292,0.218,0.284,0.229,0.262,0.082,0.218,0.088,0.089,0.265,0.244,0.289,0.261,0.101,0.286,0.314,0.232,0.186,0.208,0.088,0.089,1.197,1.137,1.119,1.222,0.861,0.996,0.852,1.214,1.008,1.242,0.089,0.09,1.207,1.16,1.19,1.245,1.204,1.236,1.223,1.23,0.091,1.262,0.09,0.089,1.222,1.159,1.238,1.184,1.107,1.233,1.169,1.237,1.217,1.183,0.09,0.09,0.091,0.088,0.092,0.087,0.087,0.087,0.089,0.086,0.087,0.089,0.088
,8:24:16,36.1,0.09,0.088,0.088,0.09,0.088,0.088,0.087,0.089,0.089,0.088,0.088,0.088,0.089,0.223,0.236,0.296,0.268,0.234,0.173,0.231,0.226,0.182,0.218,0.088,0.089,0.23,0.254,0.293,0.295,0.22,0.286,0.231,0.264,0.082,0.22,0.088,0.089,0.266,0.246,0.292,0.263,0.101,0.288,0.316,0.234,0.188,0.21,0.088,0.089,1.2,1.14,1.122,1.225,0.861,1.006,0.852,1.216,1.01,1.247,0.089,0.09,1.211,1.163,1.192,1.248,1.206,1.24,1.228,1.234,0.091,1.266,0.089,0.089,1.226,1.161,1.242,1.187,1.112,1.236,1.172,1.241,1.221,1.191,0.09,0.09,0.091,0.088,0.092,0.087,0.087,0.087,0.089,0.086,0.087,0.089,0.088
,8:29:16,36.1,0.09,0.088,0.088,0.09,0.089,0.088,0.087,0.089,0.089,0.088,0.088,0.088,0.089,0.224,0.237,0.298,0.27,0.235,0.173,0.232,0.229,0.184,0.221,0.088,0.09,0.232,0.256,0.295,0.297,0.222,0.288,0.233,0.265,0.082,0.223,0.088,0.089,0.267,0.247,0.295,0.269,0.101,0.289,0.318,0.234,0.19,0.212,0.088,0.089,1.204,1.143,1.125,1.228,0.861,1.015,0.853,1.219,1.012,1.251,0.089,0.09,1.214,1.165,1.195,1.251,1.21,1.243,1.232,1.236,0.091,1.269,0.089,0.089,1.229,1.163,1.246,1.19,1.117,1.239,1.175,1.244,1.226,1.205,0.09,0.09,0.091,0.088,0.092,0.087,0.087,0.087,0.089,0.086,0.087,0.089,0.088
,8:34:16,36.1,0.09,0.088,0.088,0.09,0.088,0.088,0.087,0.088,0.088,0.088,0.087,0.088,0.089,0.226,0.238,0.301,0.271,0.237,0.175,0.233,0.232,0.185,0.223,0.088,0.089,0.235,0.258,0.298,0.298,0.224,0.291,0.235,0.267,0.082,0.224,0.088,0.089,0.269,0.249,0.298,0.267,0.102,0.291,0.319,0.237,0.192,0.215,0.088,0.089,1.206,1.144,1.127,1.23,0.862,1.026,0.851,1.221,1.013,1.255,0.089,0.09,1.217,1.167,1.198,1.254,1.213,1.245,1.235,1.238,0.091,1.272,0.089,0.089,1.232,1.165,1.249,1.192,1.123,1.242,1.177,1.248,1.231,1.21,0.09,0.089,0.091,0.088,0.092,0.087,0.087,0.087,0.089,0.086,0.087,0.089,0.088
,8:39:16,36.1,0.09,0.088,0.088,0.09,0.088,0.088,0.087,0.089,0.089,0.088,0.088,0.088,0.089,0.227,0.24,0.303,0.272,0.238,0.176,0.234,0.233,0.186,0.226,0.088,0.09,0.236,0.26,0.299,0.3,0.225,0.293,0.237,0.269,0.081,0.227,0.088,0.089,0.271,0.252,0.301,0.268,0.102,0.294,0.321,0.24,0.195,0.217,0.088,0.089,1.21,1.147,1.13,1.233,0.86,1.034,0.85,1.223,1.015,1.26,0.089,0.09,1.22,1.169,1.2,1.257,1.216,1.248,1.238,1.241,0.091,1.276,0.089,0.089,1.235,1.166,1.252,1.195,1.124,1.244,1.18,1.251,1.235,1.214,0.09,0.089,0.091,0.088,0.092,0.087,0.087,0.087,0.089,0.086,0.087,0.089,0.088
,8:44:16,36,0.09,0.088,0.088,0.09,0.088,0.087,0.087,0.088,0.088,0.088,0.088,0.088,0.089,0.229,0.241,0.304,0.274,0.24,0.178,0.234,0.236,0.187,0.228,0.088,0.089,0.237,0.262,0.301,0.302,0.227,0.295,0.239,0.27,0.081,0.23,0.087,0.089,0.272,0.253,0.303,0.273,0.102,0.294,0.323,0.241,0.197,0.219,0.088,0.089,1.213,1.148,1.132,1.235,0.862,1.044,0.849,1.225,1.017,1.264,0.089,0.09,1.223,1.172,1.202,1.26,1.219,1.251,1.242,1.244,0.091,1.278,0.089,0.089,1.238,1.168,1.256,1.197,1.131,1.246,1.182,1.254,1.239,1.216,0.09,0.09,0.091,0.088,0.091,0.087,0.087,0.087,0.089,0.086,0.087,0.089,0.087
,8:49:16,36,0.09,0.088,0.087,0.09,0.088,0.087,0.087,0.088,0.089,0.088,0.087,0.088,0.089,0.231,0.242,0.306,0.276,0.242,0.18,0.236,0.237,0.189,0.23,0.088,0.089,0.239,0.264,0.303,0.304,0.229,0.296,0.241,0.272,0.082,0.232,0.088,0.089,0.274,0.255,0.306,0.272,0.102,0.297,0.325,0.243,0.199,0.221,0.088,0.089,1.216,1.151,1.135,1.238,0.861,1.052,0.85,1.227,1.02,1.268,0.088,0.09,1.226,1.175,1.204,1.263,1.223,1.254,1.244,1.246,0.091,1.282,0.089,0.089,1.241,1.171,1.259,1.2,1.136,1.249,1.185,1.258,1.244,1.218,0.09,0.089,0.091,0.088,0.092,0.087,0.087,0.087,0.089,0.086,0.087,0.089,0.087
,8:54:16,36.1,0.09,0.088,0.088,0.09,0.088,0.087,0.087,0.088,0.088,0.089,0.087,0.088,0.089,0.232,0.244,0.308,0.277,0.244,0.182,0.237,0.24,0.19,0.232,0.088,0.089,0.241,0.265,0.305,0.305,0.231,0.298,0.243,0.274,0.082,0.234,0.087,0.089,0.275,0.255,0.309,0.276,0.102,0.297,0.326,0.245,0.202,0.223,0.088,0.089,1.22,1.154,1.137,1.242,0.862,1.061,0.85,1.229,1.022,1.272,0.089,0.09,1.229,1.178,1.207,1.266,1.226,1.258,1.247,1.249,0.091,1.285,0.089,0.089,1.245,1.175,1.263,1.203,1.141,1.252,1.187,1.263,1.249,1.223,0.09,0.089,0.091,0.088,0.091,0.087,0.087,0.087,0.089,0.086,0.087,0.089,0.087
,8:59:16,36.1,0.09,0.088,0.088,0.09,0.089,0.088,0.087,0.089,0.089,0.088,0.087,0.088,0.089,0.234,0.245,0.311,0.28,0.245,0.184,0.238,0.242,0.192,0.235,0.088,0.09,0.242,0.266,0.307,0.307,0.233,0.3,0.245,0.276,0.082,0.236,0.088,0.089,0.277,0.256,0.312,0.28,0.103,0.299,0.328,0.248,0.204,0.226,0.088,0.089,1.222,1.156,1.14,1.243,0.862,1.069,0.849,1.231,1.024,1.275,0.089,0.09,1.232,1.18,1.209,1.268,1.23,1.26,1.249,1.251,0.091,1.288,0.09,0.089,1.247,1.177,1.266,1.205,1.144,1.253,1.189,1.267,1.253,1.229,0.09,0.09,0.091,0.088,0.092,0.087,0.087,0.087,0.089,0.086,0.087,0.089,0.087
,9:04:16,36,0.09,0.088,0.088,0.09,0.088,0.088,0.087,0.089,0.088,0.088,0.088,0.088,0.089,0.236,0.246,0.313,0.281,0.247,0.186,0.238,0.244,0.194,0.237,0.088,0.089,0.244,0.268,0.308,0.309,0.234,0.302,0.247,0.277,0.081,0.238,0.087,0.089,0.278,0.258,0.315,0.279,0.103,0.301,0.33,0.249,0.206,0.228,0.088,0.089,1.225,1.158,1.14,1.244,0.862,1.077,0.847,1.232,1.025,1.278,0.089,0.09,1.234,1.181,1.211,1.27,1.232,1.262,1.251,1.253,0.091,1.291,0.089,0.089,1.251,1.179,1.269,1.206,1.148,1.255,1.19,1.272,1.257,1.239,0.09,0.089,0.09,0.088,0.091,0.087,0.086,0.087,0.089,0.086,0.087,0.089,0.088
,9:09:16,36,0.09,0.088,0.088,0.09,0.089,0.088,0.087,0.089,0.089,0.088,0.087,0.088,0.089,0.237,0.248,0.315,0.283,0.249,0.188,0.24,0.245,0.195,0.24,0.088,0.09,0.246,0.27,0.309,0.311,0.237,0.304,0.248,0.279,0.082,0.239,0.088,0.089,0.28,0.259,0.318,0.281,0.103,0.302,0.331,0.251,0.208,0.23,0.088,0.089,1.229,1.16,1.143,1.249,0.863,1.082,0.846,1.234,1.027,1.28,0.089,0.09,1.239,1.185,1.214,1.273,1.235,1.265,1.253,1.256,0.091,1.294,0.09,0.089,1.256,1.182,1.272,1.209,1.152,1.258,1.192,1.275,1.261,1.242,0.09,0.09,0.091,0.088,0.092,0.088,0.087,0.087,0.089,0.086,0.087,0.089,0.088
,9:14:16,36,0.09,0.088,0.088,0.09,0.089,0.088,0.087,0.089,0.089,0.088,0.087,0.088,0.089,0.239,0.249,0.318,0.285,0.251,0.19,0.241,0.249,0.198,0.242,0.088,0.09,0.247,0.271,0.311,0.313,0.237,0.307,0.251,0.281,0.081,0.242,0.088,0.089,0.283,0.26,0.321,0.28,0.103,0.304,0.333,0.254,0.211,0.232,0.088,0.089,1.231,1.161,1.144,1.25,0.863,1.09,0.847,1.236,1.03,1.284,0.089,0.09,1.242,1.187,1.216,1.275,1.236,1.268,1.256,1.258,0.091,1.297,0.09,0.089,1.259,1.182,1.275,1.211,1.154,1.26,1.194,1.279,1.265,1.245,0.09,0.09,0.091,0.088,0.092,0.088,0.087,0.087,0.089,0.086,0.087,0.089,0.088
,9:19:16,36,0.09,0.088,0.088,0.09,0.089,0.088,0.087,0.089,0.088,0.088,0.088,0.088,0.089,0.24,0.25,0.32,0.286,0.253,0.193,0.241,0.253,0.198,0.244,0.088,0.09,0.249,0.273,0.312,0.315,0.238,0.309,0.253,0.282,0.082,0.245,0.088,0.089,0.284,0.261,0.324,0.282,0.104,0.305,0.335,0.255,0.213,0.237,0.088,0.089,1.233,1.162,1.146,1.252,0.863,1.096,0.846,1.238,1.031,1.286,0.089,0.09,1.245,1.19,1.218,1.278,1.239,1.27,1.258,1.26,0.091,1.299,0.09,0.089,1.262,1.183,1.277,1.213,1.158,1.261,1.195,1.281,1.268,1.246,0.09,0.09,0.091,0.088,0.092,0.087,0.087,0.087,0.089,0.087,0.087,0.089,0.087
,9:24:16,36,0.09,0.088,0.088,0.09,0.089,0.088,0.087,0.089,0.088,0.088,0.088,0.088,0.089,0.242,0.251,0.322,0.288,0.254,0.194,0.242,0.253,0.2,0.247,0.088,0.089,0.251,0.275,0.314,0.316,0.241,0.311,0.254,0.283,0.082,0.247,0.088,0.089,0.285,0.263,0.326,0.284,0.104,0.307,0.336,0.259,0.215,0.236,0.088,0.089,1.237,1.163,1.147,1.254,0.864,1.102,0.846,1.24,1.032,1.289,0.089,0.09,1.248,1.192,1.219,1.279,1.24,1.271,1.26,1.261,0.091,1.302,0.09,0.089,1.267,1.184,1.28,1.215,1.161,1.264,1.196,1.284,1.271,1.25,0.09,0.09,0.091,0.088,0.092,0.087,0.087,0.087,0.089,0.086,0.087,0.089,0.088
,9:29:16,36,0.09,0.089,0.088,0.09,0.089,0.088,0.087,0.089,0.089,0.088,0.088,0.088,0.09,0.244,0.253,0.323,0.29,0.256,0.197,0.243,0.255,0.202,0.249,0.089,0.09,0.253,0.277,0.317,0.318,0.242,0.313,0.256,0.285,0.082,0.251,0.088,0.089,0.287,0.265,0.33,0.286,0.104,0.309,0.338,0.261,0.218,0.239,0.088,0.089,1.24,1.165,1.148,1.256,0.862,1.107,0.846,1.243,1.033,1.292,0.089,0.09,1.251,1.195,1.222,1.283,1.242,1.274,1.262,1.263,0.091,1.304,0.09,0.089,1.269,1.185,1.283,1.217,1.164,1.267,1.198,1.287,1.275,1.252,0.09,0.09,0.091,0.088,0.092,0.088,0.087,0.087,0.089,0.086,0.087,0.089,0.088
,9:34:16,36.1,0.09,0.089,0.088,0.09,0.089,0.088,0.087,0.089,0.089,0.088,0.088,0.089,0.09,0.245,0.254,0.325,0.292,0.258,0.199,0.243,0.258,0.203,0.252,0.089,0.09,0.255,0.278,0.318,0.319,0.244,0.314,0.258,0.288,0.082,0.253,0.088,0.089,0.289,0.266,0.332,0.288,0.105,0.31,0.341,0.262,0.22,0.242,0.088,0.089,1.244,1.167,1.149,1.257,0.863,1.114,0.847,1.244,1.036,1.295,0.089,0.09,1.252,1.196,1.224,1.285,1.244,1.276,1.264,1.264,0.092,1.306,0.09,0.089,1.272,1.185,1.285,1.219,1.171,1.268,1.199,1.29,1.278,1.263,0.09,0.09,0.091,0.088,0.092,0.088,0.087,0.087,0.089,0.086,0.087,0.089,0.088
,9:39:16,36,0.09,0.088,0.088,0.09,0.088,0.088,0.087,0.089,0.088,0.088,0.087,0.088,0.089,0.247,0.255,0.326,0.294,0.26,0.2,0.244,0.26,0.204,0.254,0.088,0.089,0.256,0.279,0.319,0.321,0.246,0.316,0.259,0.29,0.081,0.255,0.088,0.089,0.29,0.266,0.334,0.29,0.105,0.312,0.342,0.265,0.222,0.244,0.088,0.089,1.247,1.167,1.149,1.259,0.862,1.119,0.846,1.246,1.038,1.298,0.089,0.09,1.254,1.199,1.225,1.288,1.246,1.278,1.266,1.266,0.091,1.309,0.089,0.089,1.274,1.186,1.288,1.222,1.17,1.27,1.2,1.292,1.281,1.266,0.09,0.089,0.091,0.088,0.092,0.087,0.087,0.087,0.089,0.086,0.087,0.089,0.088
,9:44:16,36,0.09,0.088,0.088,0.09,0.088,0.088,0.087,0.089,0.089,0.088,0.088,0.088,0.089,0.248,0.256,0.328,0.295,0.262,0.203,0.245,0.263,0.206,0.256,0.088,0.09,0.258,0.281,0.32,0.323,0.249,0.318,0.261,0.289,0.081,0.258,0.087,0.089,0.292,0.269,0.337,0.295,0.105,0.314,0.344,0.266,0.224,0.246,0.088,0.089,1.25,1.167,1.15,1.261,0.863,1.124,0.846,1.247,1.039,1.3,0.089,0.09,1.256,1.201,1.227,1.29,1.247,1.279,1.267,1.268,0.091,1.31,0.09,0.089,1.276,1.186,1.291,1.224,1.175,1.272,1.201,1.294,1.285,1.267,0.09,0.089,0.091,0.088,0.092,0.087,0.087,0.087,0.089,0.086,0.087,0.089,0.088
,9:49:16,36,0.09,0.088,0.088,0.09,0.089,0.088,0.087,0.089,0.089,0.088,0.087,0.088,0.089,0.251,0.257,0.33,0.297,0.264,0.204,0.246,0.264,0.207,0.258,0.088,0.09,0.259,0.282,0.321,0.324,0.252,0.319,0.263,0.291,0.082,0.259,0.088,0.089,0.294,0.269,0.34,0.293,0.105,0.315,0.345,0.268,0.226,0.253,0.088,0.089,1.252,1.168,1.152,1.264,0.863,1.129,0.845,1.248,1.04,1.302,0.089,0.09,1.258,1.202,1.229,1.293,1.249,1.281,1.269,1.27,0.091,1.312,0.09,0.089,1.279,1.188,1.293,1.227,1.179,1.273,1.202,1.297,1.289,1.267,0.09,0.09,0.091,0.088,0.092,0.088,0.087,0.087,0.089,0.086,0.087,0.089,0.088
,9:54:16,36.1,0.089,0.088,0.088,0.09,0.088,0.087,0.087,0.088,0.088,0.088,0.087,0.088,0.089,0.252,0.258,0.332,0.299,0.266,0.206,0.246,0.266,0.209,0.26,0.088,0.089,0.261,0.284,0.322,0.326,0.254,0.321,0.265,0.292,0.081,0.262,0.087,0.089,0.295,0.271,0.343,0.293,0.105,0.316,0.346,0.27,0.228,0.251,0.088,0.089,1.255,1.169,1.152,1.267,0.864,1.133,0.845,1.251,1.042,1.303,0.089,0.09,1.26,1.203,1.231,1.294,1.251,1.283,1.27,1.272,0.091,1.313,0.089,0.089,1.281,1.189,1.296,1.229,1.181,1.274,1.203,1.299,1.291,1.277,0.09,0.089,0.091,0.088,0.091,0.087,0.087,0.087,0.089,0.086,0.087,0.089,0.087
,9:59:16,36,0.09,0.088,0.088,0.09,0.088,0.087,0.087,0.089,0.088,0.088,0.088,0.088,0.089,0.254,0.259,0.334,0.301,0.268,0.208,0.247,0.269,0.212,0.263,0.088,0.089,0.262,0.285,0.323,0.329,0.256,0.324,0.267,0.294,0.081,0.264,0.088,0.089,0.297,0.272,0.345,0.295,0.106,0.319,0.349,0.273,0.23,0.254,0.088,0.089,1.257,1.169,1.152,1.269,0.865,1.138,0.842,1.254,1.043,1.306,0.089,0.09,1.261,1.204,1.232,1.296,1.253,1.285,1.272,1.275,0.091,1.316,0.09,0.089,1.283,1.19,1.298,1.231,1.184,1.276,1.204,1.3,1.295,1.284,0.09,0.09,0.091,0.088,0.092,0.087,0.087,0.087,0.089,0.086,0.087,0.089,0.088
,10:04:16,36,0.09,0.088,0.088,0.09,0.089,0.088,0.087,0.088,0.089,0.088,0.088,0.088,0.089,0.255,0.261,0.337,0.303,0.271,0.21,0.248,0.27,0.213,0.265,0.088,0.089,0.264,0.287,0.326,0.33,0.259,0.326,0.268,0.296,0.082,0.266,0.088,0.089,0.299,0.273,0.348,0.297,0.107,0.32,0.351,0.275,0.233,0.256,0.088,0.089,1.258,1.17,1.153,1.27,0.864,1.143,0.842,1.258,1.044,1.308,0.089,0.09,1.263,1.205,1.233,1.296,1.254,1.288,1.273,1.278,0.091,1.318,0.089,0.089,1.285,1.19,1.299,1.232,1.188,1.278,1.205,1.302,1.297,1.293,0.09,0.09,0.091,0.088,0.092,0.088,0.087,0.087,0.089,0.087,0.087,0.089,0.088
,10:09:16,36,0.09,0.088,0.088,0.09,0.088,0.088,0.087,0.088,0.088,0.088,0.087,0.088,0.089,0.257,0.262,0.338,0.304,0.271,0.212,0.248,0.271,0.215,0.267,0.088,0.09,0.266,0.289,0.327,0.331,0.261,0.326,0.27,0.297,0.081,0.268,0.088,0.089,0.3,0.276,0.35,0.303,0.107,0.321,0.352,0.276,0.234,0.257,0.088,0.089,1.261,1.171,1.154,1.272,0.868,1.147,0.839,1.26,1.047,1.309,0.089,0.09,1.264,1.207,1.235,1.298,1.256,1.289,1.274,1.279,0.091,1.319,0.09,0.089,1.287,1.191,1.302,1.234,1.193,1.279,1.206,1.303,1.302,1.294,0.09,0.09,0.091,0.088,0.091,0.087,0.087,0.087,0.089,0.086,0.087,0.089,0.088
,10:14:16,36,0.089,0.088,0.088,0.09,0.088,0.087,0.087,0.089,0.088,0.088,0.087,0.088,0.089,0.258,0.262,0.341,0.305,0.274,0.214,0.249,0.274,0.216,0.269,0.088,0.089,0.267,0.291,0.328,0.332,0.263,0.329,0.271,0.298,0.081,0.271,0.088,0.089,0.301,0.276,0.352,0.302,0.107,0.324,0.355,0.278,0.237,0.26,0.088,0.089,1.262,1.171,1.153,1.272,0.866,1.151,0.837,1.261,1.047,1.313,0.089,0.09,1.265,1.208,1.237,1.298,1.257,1.292,1.277,1.28,0.091,1.322,0.089,0.089,1.288,1.191,1.303,1.236,1.192,1.281,1.207,1.304,1.305,1.295,0.09,0.089,0.091,0.088,0.092,0.087,0.087,0.087,0.089,0.086,0.087,0.089,0.088
,10:19:16,36.1,0.089,0.088,0.088,0.09,0.088,0.088,0.087,0.089,0.089,0.088,0.088,0.088,0.089,0.26,0.263,0.342,0.307,0.276,0.216,0.249,0.276,0.218,0.271,0.088,0.09,0.269,0.292,0.329,0.333,0.266,0.328,0.273,0.299,0.082,0.273,0.088,0.089,0.303,0.276,0.355,0.301,0.108,0.325,0.356,0.28,0.24,0.262,0.088,0.089,1.264,1.171,1.154,1.272,0.868,1.156,0.835,1.261,1.048,1.314,0.089,0.09,1.267,1.21,1.238,1.299,1.258,1.293,1.277,1.282,0.091,1.323,0.089,0.089,1.29,1.191,1.305,1.238,1.198,1.282,1.208,1.304,1.31,1.295,0.09,0.089,0.091,0.088,0.092,0.087,0.087,0.087,0.089,0.086,0.087,0.089,0.088
,10:24:16,36.1,0.09,0.088,0.088,0.09,0.089,0.088,0.087,0.088,0.089,0.088,0.087,0.088,0.089,0.262,0.264,0.343,0.309,0.279,0.218,0.25,0.278,0.22,0.274,0.088,0.09,0.27,0.293,0.332,0.335,0.268,0.332,0.274,0.301,0.081,0.276,0.088,0.089,0.304,0.277,0.357,0.303,0.108,0.327,0.358,0.282,0.242,0.265,0.088,0.089,1.264,1.171,1.154,1.27,0.866,1.16,0.827,1.259,1.049,1.316,0.089,0.09,1.268,1.211,1.24,1.299,1.26,1.294,1.278,1.282,0.092,1.325,0.089,0.089,1.29,1.191,1.306,1.24,1.2,1.284,1.209,1.304,1.313,1.295,0.09,0.09,0.091,0.088,0.092,0.087,0.087,0.087,0.089,0.086,0.087,0.089,0.088
,10:29:16,36,0.09,0.088,0.088,0.09,0.088,0.088,0.087,0.089,0.088,0.088,0.087,0.088,0.089,0.263,0.265,0.345,0.311,0.281,0.22,0.25,0.28,0.222,0.276,0.088,0.089,0.272,0.294,0.332,0.336,0.27,0.332,0.277,0.302,0.081,0.278,0.088,0.089,0.305,0.278,0.36,0.303,0.108,0.329,0.359,0.284,0.244,0.267,0.088,0.089,1.267,1.171,1.155,1.27,0.865,1.163,0.826,1.258,1.049,1.318,0.089,0.09,1.27,1.213,1.241,1.299,1.261,1.295,1.278,1.281,0.091,1.326,0.089,0.089,1.292,1.191,1.308,1.242,1.203,1.285,1.211,1.304,1.315,1.305,0.09,0.09,0.091,0.088,0.092,0.087,0.087,0.087,0.089,0.086,0.087,0.089,0.087
,10:34:16,36,0.09,0.088,0.088,0.09,0.088,0.088,0.087,0.089,0.088,0.088,0.088,0.088,0.089,0.265,0.267,0.347,0.313,0.283,0.223,0.251,0.282,0.224,0.278,0.088,0.09,0.273,0.295,0.333,0.338,0.272,0.333,0.279,0.304,0.082,0.281,0.088,0.089,0.307,0.28,0.362,0.308,0.109,0.33,0.361,0.287,0.247,0.269,0.088,0.089,1.268,1.171,1.156,1.269,0.866,1.167,0.824,1.256,1.049,1.321,0.089,0.09,1.271,1.216,1.243,1.298,1.263,1.296,1.279,1.281,0.091,1.328,0.09,0.089,1.293,1.191,1.31,1.244,1.209,1.287,1.212,1.304,1.317,1.304,0.09,0.089,0.091,0.088,0.092,0.087,0.087,0.087,0.089,0.086,0.087,0.089,0.088
,10:39:16,36,0.09,0.088,0.088,0.09,0.089,0.088,0.087,0.089,0.088,0.088,0.088,0.088,0.089,0.267,0.268,0.349,0.316,0.286,0.225,0.252,0.284,0.226,0.28,0.088,0.09,0.275,0.297,0.334,0.339,0.275,0.337,0.28,0.305,0.082,0.282,0.088,0.089,0.309,0.281,0.364,0.307,0.109,0.332,0.363,0.288,0.249,0.272,0.088,0.089,1.269,1.17,1.156,1.267,0.865,1.171,0.823,1.254,1.049,1.322,0.089,0.09,1.273,1.217,1.243,1.299,1.265,1.295,1.28,1.279,0.091,1.329,0.09,0.089,1.294,1.19,1.31,1.246,1.212,1.287,1.214,1.304,1.317,1.303,0.09,0.09,0.091,0.088,0.092,0.088,0.087,0.087,0.089,0.086,0.087,0.089,0.088
,10:44:16,36,0.09,0.089,0.088,0.09,0.088,0.088,0.087,0.089,0.089,0.088,0.088,0.088,0.089,0.268,0.269,0.351,0.317,0.288,0.228,0.252,0.285,0.228,0.282,0.088,0.09,0.277,0.299,0.336,0.341,0.277,0.337,0.282,0.307,0.081,0.286,0.088,0.089,0.31,0.282,0.366,0.308,0.11,0.334,0.365,0.291,0.251,0.274,0.088,0.089,1.271,1.169,1.157,1.266,0.865,1.174,0.82,1.252,1.05,1.325,0.089,0.09,1.274,1.218,1.245,1.299,1.267,1.295,1.28,1.278,0.091,1.33,0.089,0.089,1.295,1.191,1.311,1.247,1.215,1.288,1.215,1.303,1.318,1.301,0.09,0.09,0.091,0.088,0.092,0.088,0.087,0.087,0.089,0.086,0.087,0.089,0.088
,10:49:16,36,0.09,0.088,0.088,0.09,0.089,0.088,0.087,0.089,0.089,0.088,0.088,0.088,0.089,0.27,0.27,0.353,0.319,0.291,0.23,0.252,0.287,0.23,0.284,0.088,0.09,0.277,0.3,0.337,0.343,0.279,0.341,0.283,0.309,0.082,0.287,0.088,0.089,0.311,0.283,0.368,0.31,0.11,0.335,0.366,0.292,0.254,0.276,0.088,0.089,1.272,1.168,1.157,1.266,0.863,1.178,0.816,1.251,1.049,1.327,0.089,0.09,1.275,1.218,1.245,1.298,1.27,1.295,1.281,1.276,0.091,1.331,0.09,0.089,1.296,1.19,1.312,1.248,1.217,1.287,1.217,1.303,1.318,1.299,0.09,0.09,0.091,0.088,0.092,0.087,0.087,0.087,0.089,0.086,0.087,0.089,0.088
,10:54:16,36,0.09,0.089,0.088,0.09,0.088,0.088,0.087,0.089,0.088,0.088,0.088,0.088,0.089,0.271,0.27,0.354,0.32,0.293,0.232,0.253,0.289,0.232,0.287,0.088,0.09,0.279,0.302,0.338,0.344,0.282,0.341,0.284,0.31,0.081,0.29,0.088,0.089,0.313,0.284,0.37,0.311,0.11,0.336,0.368,0.294,0.256,0.279,0.088,0.089,1.274,1.167,1.157,1.263,0.862,1.182,0.811,1.249,1.049,1.327,0.089,0.09,1.277,1.218,1.245,1.298,1.272,1.294,1.282,1.275,0.091,1.331,0.09,0.089,1.296,1.189,1.312,1.248,1.222,1.287,1.219,1.302,1.318,1.302,0.09,0.09,0.091,0.088,0.092,0.087,0.087,0.087,0.089,0.086,0.087,0.089,0.088
,10:59:16,36,0.09,0.088,0.088,0.09,0.089,0.088,0.087,0.088,0.089,0.088,0.088,0.088,0.089,0.273,0.271,0.356,0.321,0.296,0.234,0.253,0.29,0.234,0.289,0.088,0.089,0.281,0.304,0.337,0.345,0.284,0.341,0.286,0.312,0.081,0.292,0.088,0.089,0.314,0.285,0.372,0.315,0.111,0.339,0.37,0.296,0.258,0.281,0.088,0.089,1.276,1.166,1.158,1.262,0.861,1.185,0.808,1.247,1.048,1.328,0.089,0.09,1.278,1.217,1.244,1.297,1.273,1.292,1.281,1.273,0.091,1.33,0.089,0.089,1.296,1.188,1.312,1.248,1.225,1.286,1.222,1.301,1.318,1.306,0.09,0.09,0.091,0.088,0.092,0.088,0.087,0.087,0.089,0.086,0.087,0.089,0.088
,11:04:16,36,0.09,0.088,0.088,0.09,0.088,0.088,0.087,0.089,0.089,0.088,0.088,0.088,0.089,0.275,0.272,0.357,0.324,0.299,0.236,0.253,0.291,0.237,0.29,0.089,0.09,0.282,0.305,0.339,0.346,0.286,0.345,0.287,0.312,0.081,0.293,0.088,0.089,0.315,0.287,0.374,0.316,0.112,0.34,0.371,0.297,0.261,0.284,0.088,0.089,1.278,1.166,1.159,1.262,0.862,1.189,0.806,1.246,1.049,1.328,0.089,0.09,1.279,1.216,1.244,1.296,1.273,1.291,1.282,1.272,0.091,1.33,0.09,0.089,1.297,1.187,1.313,1.247,1.235,1.285,1.224,1.3,1.317,1.304,0.09,0.09,0.091,0.088,0.092,0.088,0.087,0.087,0.089,0.086,0.087,0.089,0.088
,11:09:16,36,0.09,0.088,0.088,0.09,0.088,0.088,0.087,0.088,0.088,0.088,0.087,0.088,0.089,0.276,0.273,0.357,0.325,0.302,0.239,0.254,0.293,0.239,0.293,0.088,0.089,0.284,0.306,0.34,0.347,0.288,0.343,0.289,0.313,0.082,0.294,0.088,0.089,0.316,0.287,0.376,0.315,0.112,0.341,0.373,0.299,0.263,0.287,0.088,0.089,1.279,1.164,1.158,1.26,0.858,1.195,0.802,1.244,1.048,1.328,0.089,0.09,1.28,1.215,1.244,1.296,1.273,1.29,1.282,1.271,0.091,1.33,0.089,0.089,1.296,1.186,1.313,1.246,1.237,1.284,1.226,1.299,1.316,1.302,0.09,0.09,0.091,0.088,0.092,0.087,0.087,0.087,0.089,0.086,0.087,0.089,0.088
,11:14:16,36,0.09,0.088,0.088,0.09,0.088,0.088,0.087,0.088,0.089,0.088,0.087,0.088,0.089,0.277,0.274,0.358,0.327,0.304,0.241,0.254,0.293,0.241,0.295,0.088,0.089,0.285,0.307,0.342,0.348,0.29,0.345,0.29,0.314,0.081,0.296,0.087,0.089,0.318,0.289,0.378,0.317,0.112,0.344,0.374,0.301,0.265,0.29,0.088,0.089,1.28,1.162,1.159,1.26,0.856,1.201,0.799,1.242,1.047,1.328,0.089,0.09,1.281,1.214,1.242,1.296,1.272,1.289,1.282,1.27,0.091,1.33,0.089,0.089,1.296,1.185,1.313,1.244,1.239,1.283,1.228,1.298,1.316,1.299,0.09,0.089,0.091,0.088,0.092,0.087,0.087,0.087,0.089,0.086,0.087,0.089,0.088
,11:19:16,36,0.09,0.088,0.088,0.09,0.088,0.088,0.087,0.088,0.089,0.088,0.087,0.088,0.089,0.279,0.275,0.359,0.329,0.308,0.244,0.254,0.296,0.244,0.297,0.088,0.089,0.287,0.309,0.342,0.349,0.292,0.349,0.292,0.315,0.082,0.299,0.087,0.089,0.318,0.29,0.379,0.318,0.113,0.344,0.376,0.303,0.267,0.293,0.088,0.089,1.282,1.161,1.159,1.258,0.857,1.208,0.797,1.241,1.046,1.327,0.089,0.09,1.282,1.213,1.241,1.295,1.271,1.288,1.282,1.268,0.091,1.33,0.089,0.089,1.296,1.183,1.313,1.244,1.243,1.282,1.227,1.297,1.315,1.296,0.09,0.09,0.091,0.088,0.092,0.087,0.087,0.087,0.089,0.086,0.087,0.089,0.088
,11:24:16,36.1,0.09,0.088,0.088,0.09,0.088,0.087,0.087,0.088,0.088,0.088,0.088,0.088,0.089,0.281,0.275,0.359,0.331,0.311,0.247,0.255,0.297,0.246,0.3,0.088,0.09,0.288,0.31,0.343,0.35,0.294,0.35,0.294,0.318,0.081,0.301,0.087,0.089,0.319,0.29,0.381,0.32,0.113,0.345,0.378,0.305,0.269,0.295,0.088,0.089,1.283,1.159,1.159,1.256,0.854,1.214,0.794,1.24,1.046,1.328,0.089,0.09,1.282,1.21,1.24,1.294,1.27,1.287,1.282,1.266,0.091,1.33,0.09,0.089,1.295,1.181,1.312,1.242,1.24,1.281,1.226,1.296,1.314,1.296,0.09,0.089,0.091,0.088,0.092,0.087,0.087,0.087,0.089,0.086,0.087,0.089,0.088
,11:29:16,36.1,0.09,0.088,0.088,0.09,0.089,0.088,0.087,0.089,0.089,0.088,0.087,0.088,0.09,0.282,0.276,0.36,0.333,0.313,0.25,0.255,0.298,0.249,0.301,0.088,0.089,0.29,0.312,0.345,0.351,0.296,0.348,0.296,0.317,0.082,0.302,0.088,0.089,0.32,0.292,0.383,0.32,0.114,0.347,0.379,0.307,0.271,0.298,0.088,0.089,1.285,1.157,1.161,1.256,0.851,1.217,0.791,1.238,1.045,1.327,0.089,0.09,1.283,1.21,1.239,1.294,1.268,1.286,1.282,1.265,0.091,1.33,0.09,0.089,1.296,1.18,1.313,1.241,1.239,1.28,1.225,1.296,1.314,1.303,0.09,0.09,0.091,0.088,0.092,0.088,0.087,0.087,0.089,0.086,0.087,0.089,0.088
,11:34:16,36.1,0.09,0.088,0.088,0.09,0.088,0.087,0.087,0.089,0.089,0.088,0.087,0.088,0.089,0.284,0.277,0.361,0.334,0.315,0.252,0.255,0.3,0.251,0.303,0.088,0.09,0.291,0.313,0.345,0.352,0.298,0.352,0.297,0.319,0.081,0.304,0.088,0.089,0.321,0.292,0.384,0.321,0.114,0.348,0.381,0.309,0.273,0.302,0.088,0.089,1.285,1.156,1.16,1.255,0.851,1.222,0.787,1.237,1.045,1.327,0.089,0.09,1.282,1.207,1.237,1.293,1.267,1.285,1.281,1.264,0.091,1.33,0.089,0.089,1.295,1.179,1.313,1.24,1.238,1.278,1.223,1.295,1.313,1.301,0.09,0.09,0.091,0.088,0.092,0.087,0.087,0.087,0.089,0.086,0.087,0.089,0.088
,11:39:16,36.1,0.09,0.088,0.088,0.09,0.088,0.088,0.087,0.088,0.089,0.088,0.087,0.088,0.089,0.285,0.277,0.362,0.335,0.317,0.255,0.256,0.299,0.254,0.305,0.088,0.09,0.293,0.315,0.348,0.353,0.301,0.352,0.298,0.319,0.081,0.305,0.088,0.089,0.323,0.293,0.386,0.323,0.115,0.349,0.382,0.31,0.275,0.305,0.088,0.089,1.287,1.154,1.162,1.255,0.849,1.224,0.785,1.235,1.043,1.326,0.089,0.09,1.284,1.207,1.236,1.292,1.265,1.283,1.28,1.262,0.091,1.33,0.089,0.089,1.295,1.178,1.313,1.239,1.237,1.278,1.222,1.293,1.312,1.3,0.09,0.09,0.091,0.088,0.092,0.087,0.087,0.087,0.089,0.086,0.087,0.09,0.088
,11:44:16,36,0.09,0.088,0.088,0.09,0.089,0.088,0.087,0.089,0.089,0.088,0.088,0.088,0.089,0.287,0.278,0.362,0.337,0.319,0.258,0.256,0.302,0.256,0.307,0.088,0.09,0.294,0.317,0.349,0.354,0.303,0.352,0.299,0.321,0.082,0.308,0.088,0.089,0.323,0.294,0.388,0.326,0.115,0.35,0.384,0.312,0.277,0.308,0.088,0.089,1.286,1.152,1.162,1.252,0.847,1.227,0.781,1.234,1.043,1.326,0.089,0.09,1.283,1.205,1.235,1.292,1.264,1.282,1.28,1.261,0.091,1.329,0.09,0.089,1.294,1.175,1.313,1.237,1.236,1.276,1.22,1.292,1.311,1.294,0.09,0.09,0.091,0.088,0.092,0.088,0.087,0.087,0.089,0.087,0.087,0.089,0.088
,11:49:16,36,0.09,0.088,0.088,0.09,0.088,0.088,0.087,0.089,0.089,0.088,0.088,0.088,0.089,0.289,0.278,0.361,0.338,0.321,0.261,0.257,0.303,0.258,0.31,0.088,0.09,0.296,0.318,0.351,0.355,0.304,0.355,0.3,0.322,0.082,0.308,0.088,0.089,0.324,0.295,0.39,0.325,0.116,0.351,0.385,0.313,0.279,0.311,0.088,0.089,1.287,1.151,1.163,1.253,0.843,1.228,0.779,1.232,1.041,1.324,0.089,0.09,1.283,1.204,1.234,1.291,1.262,1.281,1.279,1.259,0.091,1.329,0.09,0.09,1.294,1.173,1.312,1.236,1.232,1.276,1.218,1.291,1.31,1.295,0.09,0.09,0.091,0.088,0.092,0.087,0.087,0.087,0.089,0.087,0.087,0.09,0.088
,11:54:16,36,0.09,0.089,0.088,0.09,0.089,0.088,0.087,0.089,0.089,0.088,0.088,0.088,0.089,0.29,0.279,0.361,0.34,0.323,0.264,0.256,0.303,0.261,0.311,0.088,0.09,0.297,0.319,0.352,0.356,0.306,0.354,0.302,0.322,0.082,0.311,0.088,0.089,0.325,0.296,0.392,0.327,0.117,0.352,0.387,0.315,0.281,0.315,0.088,0.089,1.287,1.15,1.164,1.252,0.843,1.229,0.776,1.232,1.042,1.324,0.089,0.09,1.282,1.203,1.232,1.291,1.261,1.28,1.279,1.258,0.091,1.329,0.09,0.089,1.295,1.172,1.312,1.235,1.235,1.274,1.217,1.29,1.309,1.292,0.09,0.09,0.091,0.088,0.092,0.088,0.087,0.087,0.089,0.087,0.087,0.09,0.088
,11:59:16,36.1,0.09,0.088,0.088,0.09,0.088,0.088,0.087,0.088,0.089,0.088,0.087,0.088,0.089,0.291,0.28,0.361,0.341,0.324,0.266,0.257,0.304,0.264,0.312,0.088,0.089,0.299,0.32,0.35,0.356,0.308,0.354,0.303,0.323,0.081,0.311,0.088,0.089,0.326,0.296,0.393,0.327,0.117,0.353,0.388,0.316,0.283,0.318,0.088,0.089,1.287,1.148,1.164,1.251,0.841,1.229,0.774,1.229,1.04,1.323,0.089,0.09,1.281,1.201,1.231,1.289,1.259,1.278,1.278,1.256,0.091,1.328,0.09,0.089,1.294,1.17,1.312,1.234,1.233,1.273,1.215,1.289,1.307,1.294,0.09,0.089,0.091,0.088,0.092,0.087,0.087,0.087,0.089,0.086,0.087,0.089,0.088
,12:04:16,36,0.09,0.088,0.088,0.09,0.088,0.088,0.087,0.088,0.088,0.088,0.087,0.088,0.089,0.293,0.28,0.361,0.343,0.327,0.27,0.257,0.307,0.267,0.315,0.088,0.089,0.3,0.321,0.349,0.357,0.31,0.356,0.305,0.325,0.081,0.313,0.088,0.089,0.327,0.297,0.395,0.333,0.118,0.354,0.388,0.318,0.284,0.321,0.088,0.089,1.286,1.145,1.164,1.25,0.837,1.228,0.77,1.228,1.039,1.322,0.089,0.09,1.28,1.199,1.23,1.289,1.257,1.278,1.277,1.256,0.091,1.328,0.09,0.089,1.294,1.168,1.312,1.232,1.23,1.272,1.214,1.288,1.306,1.297,0.09,0.09,0.091,0.088,0.092,0.087,0.087,0.087,0.089,0.086,0.087,0.089,0.088
,12:09:16,36.1,0.09,0.088,0.088,0.09,0.089,0.088,0.087,0.089,0.089,0.088,0.088,0.088,0.09,0.295,0.281,0.362,0.344,0.329,0.273,0.258,0.306,0.27,0.318,0.089,0.09,0.302,0.323,0.35,0.357,0.312,0.358,0.306,0.324,0.082,0.315,0.088,0.09,0.328,0.298,0.397,0.331,0.118,0.355,0.388,0.319,0.286,0.325,0.088,0.089,1.286,1.143,1.166,1.25,0.838,1.227,0.769,1.227,1.038,1.322,0.089,0.09,1.28,1.199,1.229,1.288,1.256,1.276,1.277,1.255,0.092,1.328,0.09,0.09,1.294,1.167,1.312,1.231,1.23,1.271,1.213,1.287,1.306,1.295,0.09,0.09,0.091,0.088,0.092,0.088,0.087,0.088,0.089,0.086,0.087,0.09,0.088
,12:14:16,36,0.09,0.088,0.088,0.09,0.088,0.087,0.087,0.088,0.089,0.088,0.087,0.088,0.089,0.296,0.281,0.363,0.346,0.33,0.276,0.257,0.309,0.273,0.319,0.088,0.09,0.302,0.324,0.352,0.358,0.313,0.358,0.307,0.325,0.081,0.316,0.088,0.089,0.328,0.298,0.398,0.331,0.118,0.356,0.388,0.321,0.289,0.329,0.088,0.089,1.285,1.143,1.166,1.248,0.834,1.226,0.764,1.225,1.036,1.32,0.089,0.09,1.279,1.197,1.227,1.287,1.254,1.275,1.276,1.253,0.091,1.327,0.09,0.089,1.293,1.164,1.311,1.23,1.229,1.27,1.21,1.286,1.304,1.292,0.09,0.089,0.091,0.088,0.092,0.087,0.087,0.087,0.089,0.087,0.087,0.089,0.088
,12:19:16,36,0.089,0.088,0.088,0.09,0.088,0.088,0.087,0.088,0.089,0.088,0.087,0.088,0.089,0.297,0.282,0.363,0.346,0.332,0.28,0.258,0.309,0.276,0.32,0.088,0.089,0.304,0.325,0.352,0.359,0.316,0.359,0.309,0.326,0.081,0.319,0.087,0.089,0.329,0.299,0.4,0.337,0.119,0.357,0.388,0.322,0.289,0.331,0.088,0.089,1.284,1.14,1.167,1.247,0.832,1.226,0.761,1.224,1.034,1.321,0.089,0.09,1.277,1.195,1.225,1.287,1.253,1.274,1.276,1.252,0.091,1.327,0.089,0.089,1.292,1.162,1.31,1.229,1.226,1.269,1.21,1.284,1.303,1.289,0.09,0.09,0.091,0.088,0.092,0.087,0.087,0.087,0.089,0.086,0.087,0.089,0.088
,12:24:16,36.1,0.09,0.088,0.088,0.09,0.088,0.088,0.087,0.089,0.088,0.088,0.087,0.088,0.089,0.299,0.283,0.364,0.347,0.335,0.283,0.258,0.31,0.279,0.322,0.088,0.09,0.305,0.327,0.352,0.36,0.318,0.361,0.31,0.326,0.081,0.318,0.088,0.089,0.33,0.301,0.402,0.334,0.12,0.358,0.388,0.323,0.291,0.334,0.088,0.089,1.284,1.139,1.167,1.247,0.83,1.224,0.758,1.222,1.034,1.32,0.089,0.09,1.277,1.194,1.224,1.286,1.251,1.272,1.275,1.25,0.091,1.326,0.09,0.089,1.292,1.161,1.31,1.227,1.225,1.267,1.208,1.283,1.302,1.289,0.09,0.09,0.091,0.088,0.092,0.087,0.087,0.087,0.089,0.086,0.087,0.089,0.088
,12:29:16,36,0.09,0.088,0.088,0.09,0.088,0.088,0.087,0.089,0.088,0.088,0.087,0.088,0.089,0.3,0.283,0.364,0.349,0.336,0.287,0.258,0.311,0.281,0.323,0.088,0.089,0.306,0.329,0.355,0.36,0.319,0.36,0.311,0.327,0.081,0.32,0.088,0.089,0.331,0.301,0.403,0.334,0.121,0.359,0.388,0.325,0.293,0.338,0.088,0.089,1.282,1.136,1.167,1.246,0.829,1.223,0.755,1.221,1.032,1.318,0.089,0.09,1.276,1.193,1.223,1.285,1.25,1.272,1.274,1.249,0.091,1.325,0.09,0.089,1.292,1.159,1.31,1.226,1.225,1.266,1.207,1.282,1.301,1.285,0.09,0.09,0.091,0.088,0.092,0.088,0.087,0.087,0.089,0.086,0.087,0.089,0.088
,12:34:16,36,0.09,0.088,0.088,0.09,0.088,0.088,0.087,0.089,0.089,0.088,0.087,0.088,0.089,0.302,0.284,0.365,0.35,0.339,0.291,0.258,0.313,0.285,0.325,0.088,0.089,0.308,0.33,0.357,0.361,0.321,0.361,0.313,0.329,0.081,0.322,0.088,0.089,0.331,0.302,0.405,0.341,0.121,0.36,0.388,0.326,0.294,0.342,0.088,0.089,1.281,1.134,1.166,1.245,0.823,1.221,0.752,1.22,1.031,1.319,0.089,0.09,1.274,1.192,1.222,1.285,1.248,1.27,1.273,1.248,0.091,1.325,0.09,0.089,1.292,1.156,1.31,1.225,1.222,1.266,1.206,1.281,1.3,1.29,0.09,0.09,0.091,0.088,0.092,0.088,0.087,0.087,0.089,0.087,0.087,0.089,0.088
,12:39:16,36,0.09,0.088,0.088,0.09,0.089,0.088,0.087,0.089,0.089,0.088,0.088,0.088,0.09,0.303,0.284,0.366,0.351,0.341,0.293,0.259,0.311,0.288,0.327,0.088,0.09,0.309,0.332,0.357,0.361,0.323,0.362,0.314,0.328,0.082,0.322,0.088,0.089,0.332,0.303,0.407,0.336,0.122,0.36,0.388,0.328,0.296,0.346,0.088,0.089,1.281,1.134,1.166,1.245,0.822,1.22,0.75,1.219,1.03,1.318,0.089,0.09,1.274,1.191,1.22,1.284,1.247,1.269,1.273,1.247,0.091,1.325,0.09,0.089,1.291,1.155,1.309,1.224,1.222,1.264,1.204,1.28,1.299,1.29,0.09,0.09,0.091,0.088,0.092,0.088,0.087,0.087,0.089,0.087,0.087,0.09,0.088
,12:44:16,36.1,0.09,0.088,0.088,0.09,0.088,0.087,0.087,0.089,0.088,0.088,0.087,0.088,0.089,0.305,0.285,0.367,0.353,0.343,0.297,0.259,0.314,0.291,0.328,0.088,0.089,0.31,0.332,0.357,0.362,0.324,0.363,0.315,0.33,0.081,0.324,0.088,0.089,0.332,0.303,0.408,0.337,0.122,0.361,0.388,0.329,0.297,0.348,0.088,0.089,1.28,1.133,1.163,1.245,0.821,1.22,0.747,1.217,1.028,1.317,0.089,0.09,1.273,1.19,1.219,1.283,1.245,1.268,1.272,1.246,0.091,1.324,0.09,0.089,1.291,1.153,1.309,1.222,1.222,1.263,1.203,1.279,1.298,1.288,0.09,0.089,0.091,0.088,0.092,0.087,0.087,0.087,0.089,0.086,0.087,0.089,0.088
,12:49:16,36,0.09,0.089,0.088,0.09,0.089,0.088,0.087,0.089,0.089,0.088,0.088,0.088,0.089,0.306,0.285,0.368,0.354,0.345,0.301,0.259,0.314,0.294,0.33,0.088,0.09,0.311,0.333,0.354,0.363,0.326,0.364,0.316,0.33,0.081,0.326,0.088,0.089,0.333,0.303,0.411,0.338,0.123,0.362,0.388,0.33,0.299,0.351,0.088,0.089,1.279,1.13,1.162,1.244,0.817,1.217,0.744,1.216,1.027,1.316,0.089,0.09,1.272,1.188,1.217,1.282,1.244,1.267,1.271,1.245,0.091,1.323,0.09,0.09,1.291,1.151,1.308,1.222,1.219,1.262,1.202,1.278,1.296,1.286,0.09,0.09,0.091,0.088,0.092,0.088,0.087,0.087,0.089,0.086,0.087,0.089,0.088
,12:54:16,36,0.09,0.088,0.088,0.09,0.088,0.087,0.087,0.089,0.088,0.088,0.087,0.088,0.089,0.307,0.286,0.369,0.356,0.345,0.304,0.259,0.317,0.297,0.332,0.088,0.089,0.312,0.334,0.355,0.363,0.327,0.365,0.317,0.333,0.082,0.328,0.088,0.089,0.334,0.304,0.412,0.339,0.124,0.362,0.388,0.331,0.3,0.354,0.088,0.089,1.278,1.127,1.161,1.243,0.816,1.216,0.74,1.215,1.026,1.315,0.089,0.09,1.27,1.187,1.215,1.281,1.242,1.266,1.27,1.243,0.091,1.323,0.09,0.089,1.29,1.148,1.308,1.221,1.217,1.261,1.201,1.276,1.295,1.284,0.09,0.089,0.091,0.088,0.092,0.087,0.087,0.087,0.089,0.086,0.087,0.089,0.087
,12:59:16,36,0.09,0.089,0.088,0.09,0.089,0.088,0.087,0.089,0.089,0.088,0.088,0.088,0.089,0.308,0.287,0.37,0.356,0.345,0.307,0.259,0.317,0.3,0.333,0.088,0.09,0.314,0.335,0.358,0.364,0.329,0.366,0.318,0.331,0.082,0.328,0.088,0.089,0.335,0.304,0.414,0.34,0.125,0.363,0.388,0.332,0.302,0.357,0.088,0.089,1.277,1.126,1.159,1.241,0.813,1.215,0.738,1.213,1.025,1.314,0.089,0.09,1.269,1.186,1.214,1.281,1.241,1.264,1.27,1.242,0.091,1.322,0.09,0.089,1.29,1.147,1.307,1.219,1.216,1.26,1.2,1.276,1.294,1.282,0.09,0.09,0.091,0.088,0.092,0.088,0.087,0.087,0.089,0.087,0.087,0.089,0.088
,13:04:16,36,0.09,0.088,0.088,0.09,0.089,0.088,0.087,0.089,0.089,0.088,0.088,0.088,0.089,0.31,0.287,0.37,0.358,0.344,0.311,0.259,0.318,0.304,0.335,0.089,0.09,0.315,0.337,0.357,0.364,0.331,0.366,0.319,0.332,0.082,0.33,0.088,0.089,0.335,0.305,0.416,0.341,0.126,0.368,0.388,0.334,0.303,0.361,0.088,0.089,1.276,1.123,1.157,1.24,0.81,1.214,0.736,1.212,1.024,1.313,0.089,0.09,1.268,1.185,1.213,1.28,1.24,1.263,1.268,1.241,0.092,1.322,0.09,0.089,1.29,1.145,1.307,1.218,1.216,1.259,1.198,1.274,1.293,1.28,0.09,0.09,0.091,0.088,0.092,0.088,0.087,0.088,0.089,0.087,0.087,0.09,0.088
,13:09:16,36,0.09,0.089,0.088,0.09,0.089,0.088,0.087,0.089,0.089,0.088,0.088,0.088,0.089,0.311,0.288,0.371,0.359,0.343,0.315,0.26,0.318,0.307,0.336,0.088,0.09,0.316,0.338,0.358,0.365,0.332,0.367,0.321,0.332,0.082,0.332,0.088,0.089,0.336,0.307,0.418,0.342,0.127,0.365,0.387,0.335,0.305,0.364,0.088,0.089,1.275,1.121,1.156,1.239,0.806,1.212,0.732,1.211,1.021,1.313,0.089,0.09,1.267,1.183,1.212,1.28,1.239,1.262,1.268,1.24,0.092,1.321,0.09,0.09,1.289,1.143,1.306,1.217,1.213,1.258,1.198,1.274,1.292,1.282,0.09,0.09,0.091,0.088,0.092,0.088,0.087,0.087,0.089,0.087,0.087,0.09,0.088
,13:14:16,36,0.09,0.088,0.088,0.09,0.089,0.088,0.087,0.089,0.089,0.088,0.087,0.088,0.089,0.313,0.289,0.372,0.36,0.341,0.318,0.26,0.318,0.31,0.338,0.088,0.089,0.317,0.34,0.36,0.365,0.334,0.368,0.322,0.333,0.082,0.333,0.088,0.089,0.337,0.307,0.42,0.343,0.128,0.366,0.387,0.336,0.306,0.366,0.088,0.089,1.274,1.12,1.154,1.238,0.805,1.211,0.73,1.21,1.02,1.312,0.089,0.09,1.266,1.182,1.21,1.278,1.237,1.261,1.268,1.239,0.092,1.32,0.09,0.089,1.289,1.141,1.306,1.216,1.213,1.257,1.196,1.273,1.291,1.284,0.09,0.089,0.091,0.088,0.092,0.088,0.087,0.087,0.089,0.087,0.087,0.09,0.088
,13:19:16,36.1,0.09,0.089,0.088,0.09,0.088,0.088,0.087,0.089,0.089,0.088,0.088,0.088,0.089,0.314,0.289,0.372,0.361,0.34,0.322,0.26,0.321,0.313,0.339,0.089,0.09,0.318,0.341,0.361,0.366,0.336,0.368,0.323,0.335,0.082,0.335,0.088,0.089,0.337,0.307,0.422,0.344,0.128,0.366,0.386,0.337,0.308,0.369,0.089,0.089,1.272,1.118,1.152,1.236,0.799,1.21,0.725,1.208,1.019,1.312,0.089,0.09,1.264,1.181,1.208,1.278,1.236,1.26,1.267,1.238,0.092,1.32,0.09,0.09,1.288,1.138,1.305,1.215,1.211,1.256,1.196,1.272,1.289,1.282,0.09,0.09,0.091,0.088,0.092,0.088,0.087,0.088,0.089,0.087,0.087,0.09,0.088
,13:24:16,36,0.09,0.088,0.088,0.09,0.088,0.088,0.087,0.089,0.088,0.088,0.088,0.088,0.089,0.315,0.289,0.373,0.362,0.339,0.326,0.26,0.322,0.316,0.341,0.088,0.09,0.319,0.342,0.36,0.366,0.337,0.368,0.324,0.335,0.081,0.336,0.088,0.089,0.338,0.307,0.423,0.345,0.129,0.366,0.385,0.337,0.309,0.371,0.088,0.089,1.272,1.116,1.151,1.236,0.797,1.208,0.722,1.207,1.017,1.311,0.089,0.09,1.264,1.181,1.207,1.277,1.235,1.259,1.266,1.237,0.091,1.32,0.09,0.089,1.288,1.137,1.305,1.214,1.21,1.255,1.194,1.27,1.289,1.281,0.09,0.09,0.091,0.088,0.092,0.088,0.087,0.087,0.089,0.086,0.087,0.09,0.088
,13:29:16,36.1,0.09,0.088,0.088,0.09,0.089,0.088,0.087,0.089,0.089,0.088,0.087,0.088,0.089,0.316,0.29,0.373,0.363,0.338,0.33,0.26,0.321,0.32,0.342,0.088,0.09,0.32,0.343,0.359,0.366,0.338,0.369,0.324,0.334,0.082,0.337,0.088,0.089,0.339,0.308,0.423,0.346,0.13,0.367,0.384,0.339,0.31,0.374,0.088,0.089,1.271,1.115,1.15,1.235,0.795,1.206,0.719,1.206,1.016,1.31,0.089,0.09,1.263,1.18,1.206,1.276,1.233,1.258,1.265,1.236,0.092,1.319,0.09,0.089,1.288,1.135,1.304,1.213,1.208,1.254,1.193,1.27,1.287,1.28,0.09,0.09,0.091,0.088,0.092,0.088,0.087,0.087,0.089,0.086,0.087,0.09,0.088
,13:34:16,36,0.09,0.089,0.088,0.09,0.089,0.088,0.087,0.089,0.089,0.088,0.088,0.088,0.09,0.318,0.291,0.374,0.364,0.337,0.335,0.261,0.323,0.324,0.344,0.089,0.09,0.321,0.344,0.36,0.368,0.34,0.37,0.326,0.338,0.082,0.339,0.088,0.089,0.34,0.309,0.423,0.346,0.131,0.373,0.384,0.34,0.311,0.378,0.089,0.089,1.27,1.113,1.149,1.233,0.791,1.206,0.717,1.206,1.015,1.31,0.089,0.09,1.262,1.18,1.205,1.276,1.232,1.257,1.264,1.235,0.092,1.32,0.09,0.09,1.287,1.134,1.304,1.212,1.207,1.253,1.193,1.269,1.286,1.277,0.09,0.09,0.091,0.089,0.092,0.088,0.087,0.088,0.089,0.087,0.087,0.09,0.088
,13:39:16,36,0.09,0.089,0.088,0.09,0.089,0.088,0.087,0.089,0.088,0.088,0.088,0.088,0.089,0.318,0.291,0.374,0.365,0.335,0.336,0.26,0.321,0.326,0.345,0.088,0.09,0.321,0.344,0.359,0.367,0.341,0.37,0.327,0.336,0.081,0.34,0.088,0.089,0.34,0.309,0.421,0.346,0.132,0.369,0.383,0.341,0.313,0.38,0.088,0.089,1.269,1.11,1.147,1.233,0.79,1.204,0.715,1.204,1.014,1.309,0.089,0.09,1.26,1.179,1.204,1.275,1.231,1.256,1.263,1.234,0.091,1.319,0.09,0.089,1.287,1.131,1.304,1.211,1.207,1.252,1.191,1.268,1.286,1.276,0.09,0.09,0.091,0.088,0.092,0.088,0.087,0.088,0.089,0.087,0.087,0.09,0.088
,13:44:16,36.1,0.09,0.089,0.088,0.09,0.089,0.088,0.087,0.089,0.089,0.088,0.088,0.088,0.09,0.319,0.291,0.375,0.366,0.334,0.343,0.261,0.325,0.33,0.346,0.088,0.09,0.322,0.345,0.36,0.368,0.342,0.37,0.328,0.336,0.082,0.341,0.088,0.089,0.341,0.31,0.421,0.347,0.133,0.369,0.383,0.341,0.314,0.383,0.088,0.089,1.268,1.109,1.145,1.231,0.787,1.203,0.713,1.203,1.012,1.308,0.089,0.09,1.26,1.179,1.202,1.274,1.23,1.255,1.262,1.232,0.092,1.318,0.09,0.089,1.286,1.129,1.303,1.209,1.206,1.251,1.19,1.266,1.284,1.273,0.09,0.09,0.091,0.088,0.092,0.088,0.087,0.087,0.089,0.087,0.087,0.09,0.088
,13:49:16,36,0.09,0.088,0.088,0.09,0.089,0.088,0.087,0.088,0.089,0.088,0.088,0.088,0.089,0.321,0.292,0.375,0.367,0.334,0.343,0.261,0.325,0.333,0.347,0.088,0.09,0.324,0.347,0.362,0.369,0.343,0.371,0.329,0.336,0.081,0.342,0.088,0.089,0.342,0.31,0.42,0.348,0.134,0.37,0.382,0.342,0.315,0.385,0.088,0.089,1.267,1.107,1.145,1.23,0.785,1.202,0.71,1.202,1.011,1.308,0.089,0.09,1.258,1.178,1.2,1.273,1.228,1.254,1.261,1.231,0.091,1.317,0.09,0.089,1.286,1.127,1.302,1.209,1.203,1.25,1.189,1.265,1.283,1.278,0.09,0.09,0.091,0.088,0.092,0.088,0.087,0.087,0.089,0.086,0.087,0.089,0.088
,13:54:16,36,0.09,0.088,0.088,0.09,0.089,0.088,0.087,0.089,0.089,0.088,0.088,0.088,0.089,0.321,0.292,0.376,0.367,0.333,0.347,0.261,0.324,0.336,0.349,0.088,0.09,0.324,0.347,0.362,0.369,0.345,0.372,0.33,0.337,0.081,0.344,0.088,0.089,0.342,0.311,0.418,0.353,0.135,0.372,0.381,0.343,0.317,0.387,0.088,0.089,1.266,1.104,1.144,1.23,0.78,1.2,0.708,1.2,1.01,1.307,0.089,0.09,1.258,1.178,1.199,1.273,1.227,1.253,1.26,1.23,0.091,1.317,0.09,0.089,1.286,1.125,1.302,1.208,1.202,1.249,1.189,1.264,1.282,1.278,0.09,0.09,0.091,0.088,0.092,0.088,0.087,0.088,0.089,0.086,0.087,0.09,0.088
,13:59:16,36,0.09,0.089,0.088,0.09,0.089,0.088,0.087,0.089,0.089,0.088,0.088,0.088,0.09,0.322,0.293,0.378,0.368,0.332,0.351,0.261,0.324,0.339,0.351,0.089,0.09,0.325,0.349,0.361,0.369,0.346,0.373,0.331,0.337,0.082,0.343,0.088,0.089,0.343,0.311,0.418,0.349,0.136,0.371,0.381,0.344,0.318,0.39,0.088,0.089,1.266,1.103,1.143,1.229,0.78,1.199,0.706,1.199,1.008,1.306,0.089,0.09,1.257,1.177,1.198,1.272,1.226,1.251,1.259,1.229,0.092,1.315,0.09,0.089,1.285,1.124,1.301,1.207,1.202,1.248,1.188,1.263,1.282,1.277,0.09,0.09,0.091,0.088,0.092,0.088,0.087,0.088,0.089,0.087,0.087,0.09,0.088
,14:04:16,36.1,0.09,0.088,0.088,0.09,0.089,0.088,0.087,0.089,0.089,0.088,0.088,0.088,0.089,0.323,0.293,0.377,0.37,0.332,0.362,0.261,0.326,0.342,0.352,0.088,0.09,0.326,0.35,0.36,0.369,0.347,0.373,0.332,0.339,0.082,0.346,0.088,0.089,0.344,0.311,0.417,0.349,0.137,0.371,0.38,0.344,0.319,0.392,0.088,0.089,1.264,1.1,1.141,1.227,0.776,1.197,0.703,1.199,1.007,1.306,0.089,0.09,1.256,1.175,1.197,1.271,1.225,1.25,1.259,1.228,0.092,1.315,0.09,0.089,1.285,1.122,1.301,1.206,1.2,1.247,1.187,1.262,1.28,1.276,0.09,0.09,0.091,0.089,0.092,0.088,0.087,0.088,0.089,0.087,0.087,0.09,0.088
,14:09:16,36.1,0.09,0.088,0.088,0.09,0.089,0.088,0.087,0.089,0.089,0.088,0.088,0.088,0.089,0.324,0.293,0.379,0.37,0.33,0.361,0.261,0.326,0.345,0.353,0.088,0.09,0.327,0.351,0.358,0.37,0.348,0.373,0.333,0.338,0.082,0.346,0.088,0.089,0.344,0.312,0.416,0.354,0.138,0.371,0.38,0.345,0.32,0.395,0.088,0.089,1.263,1.098,1.14,1.227,0.774,1.196,0.702,1.197,1.006,1.305,0.089,0.09,1.255,1.174,1.195,1.271,1.224,1.249,1.257,1.227,0.092,1.315,0.09,0.09,1.284,1.12,1.3,1.205,1.2,1.246,1.186,1.261,1.28,1.274,0.09,0.09,0.091,0.088,0.092,0.088,0.087,0.087,0.089,0.087,0.087,0.09,0.088
,14:14:16,36,0.09,0.088,0.088,0.09,0.088,0.088,0.086,0.089,0.089,0.088,0.087,0.088,0.089,0.325,0.294,0.378,0.371,0.329,0.368,0.261,0.328,0.347,0.354,0.088,0.09,0.327,0.352,0.359,0.37,0.349,0.374,0.334,0.34,0.082,0.348,0.088,0.089,0.345,0.312,0.416,0.352,0.139,0.372,0.38,0.346,0.321,0.398,0.088,0.089,1.262,1.096,1.139,1.226,0.771,1.195,0.699,1.196,1.004,1.304,0.089,0.09,1.254,1.173,1.194,1.27,1.223,1.248,1.257,1.226,0.092,1.313,0.09,0.09,1.284,1.118,1.3,1.204,1.198,1.245,1.185,1.261,1.279,1.271,0.09,0.09,0.091,0.088,0.092,0.088,0.087,0.087,0.089,0.086,0.087,0.09,0.088
,14:19:16,36,0.09,0.088,0.088,0.09,0.088,0.088,0.087,0.089,0.089,0.088,0.088,0.088,0.089,0.326,0.294,0.379,0.372,0.329,0.365,0.261,0.328,0.35,0.356,0.088,0.09,0.328,0.352,0.358,0.37,0.351,0.374,0.335,0.34,0.081,0.35,0.088,0.089,0.345,0.312,0.415,0.352,0.14,0.373,0.378,0.347,0.322,0.4,0.088,0.089,1.262,1.094,1.138,1.225,0.77,1.193,0.697,1.195,1.003,1.304,0.089,0.09,1.252,1.172,1.193,1.269,1.222,1.247,1.255,1.225,0.091,1.313,0.09,0.089,1.283,1.115,1.299,1.203,1.195,1.244,1.183,1.26,1.277,1.271,0.09,0.09,0.091,0.088,0.092,0.088,0.087,0.087,0.089,0.086,0.087,0.09,0.088
,14:24:16,36.1,0.09,0.088,0.088,0.09,0.089,0.088,0.087,0.089,0.089,0.088,0.088,0.088,0.089,0.327,0.295,0.379,0.372,0.326,0.369,0.261,0.327,0.352,0.357,0.088,0.09,0.329,0.353,0.357,0.371,0.351,0.375,0.336,0.339,0.082,0.351,0.088,0.089,0.345,0.313,0.415,0.351,0.141,0.374,0.378,0.347,0.323,0.402,0.088,0.089,1.261,1.093,1.137,1.224,0.768,1.192,0.695,1.194,1.002,1.303,0.089,0.09,1.252,1.171,1.191,1.268,1.22,1.246,1.254,1.224,0.092,1.312,0.09,0.089,1.283,1.114,1.298,1.202,1.196,1.243,1.183,1.258,1.276,1.27,0.09,0.09,0.091,0.088,0.092,0.088,0.087,0.088,0.089,0.087,0.087,0.089,0.088
,14:29:16,36.1,0.09,0.088,0.088,0.09,0.089,0.088,0.087,0.089,0.089,0.088,0.088,0.088,0.089,0.329,0.295,0.379,0.373,0.326,0.377,0.262,0.329,0.356,0.358,0.088,0.09,0.33,0.354,0.357,0.371,0.353,0.375,0.337,0.342,0.082,0.352,0.088,0.089,0.346,0.313,0.414,0.353,0.143,0.373,0.378,0.348,0.324,0.404,0.089,0.089,1.259,1.09,1.136,1.223,0.764,1.191,0.693,1.192,1.001,1.302,0.089,0.09,1.25,1.17,1.19,1.268,1.219,1.245,1.254,1.224,0.092,1.312,0.09,0.09,1.283,1.112,1.298,1.201,1.194,1.242,1.182,1.258,1.275,1.266,0.09,0.09,0.091,0.088,0.092,0.088,0.087,0.088,0.089,0.087,0.087,0.09,0.088
,14:34:16,36,0.09,0.089,0.088,0.09,0.089,0.088,0.087,0.089,0.089,0.088,0.088,0.088,0.089,0.329,0.296,0.379,0.374,0.326,0.377,0.261,0.329,0.358,0.359,0.088,0.09,0.33,0.355,0.357,0.372,0.354,0.376,0.339,0.341,0.082,0.354,0.088,0.089,0.347,0.314,0.414,0.353,0.143,0.374,0.377,0.349,0.325,0.406,0.088,0.089,1.259,1.089,1.135,1.222,0.762,1.19,0.69,1.192,1,1.302,0.089,0.09,1.249,1.169,1.189,1.267,1.218,1.244,1.253,1.222,0.091,1.311,0.09,0.089,1.282,1.11,1.297,1.2,1.194,1.242,1.181,1.257,1.274,1.272,0.09,0.09,0.091,0.088,0.092,0.088,0.087,0.088,0.089,0.087,0.087,0.09,0.088
,14:39:16,36,0.09,0.088,0.088,0.09,0.089,0.088,0.087,0.089,0.089,0.088,0.087,0.088,0.089,0.33,0.296,0.38,0.374,0.325,0.386,0.262,0.33,0.36,0.36,0.088,0.09,0.331,0.356,0.356,0.371,0.354,0.377,0.339,0.34,0.082,0.352,0.088,0.089,0.347,0.314,0.414,0.353,0.145,0.374,0.377,0.349,0.327,0.409,0.088,0.089,1.258,1.087,1.133,1.222,0.761,1.189,0.688,1.19,0.999,1.3,0.089,0.09,1.249,1.169,1.188,1.266,1.217,1.243,1.252,1.222,0.092,1.31,0.09,0.09,1.282,1.108,1.296,1.199,1.192,1.24,1.18,1.256,1.273,1.271,0.09,0.09,0.091,0.088,0.092,0.088,0.087,0.087,0.089,0.086,0.087,0.089,0.088
,14:44:16,36,0.09,0.088,0.088,0.09,0.089,0.088,0.087,0.089,0.089,0.088,0.088,0.088,0.089,0.33,0.296,0.38,0.375,0.326,0.39,0.262,0.331,0.363,0.362,0.088,0.09,0.332,0.358,0.356,0.373,0.355,0.377,0.34,0.341,0.082,0.355,0.088,0.089,0.348,0.314,0.413,0.353,0.146,0.375,0.376,0.35,0.328,0.411,0.088,0.089,1.257,1.085,1.132,1.221,0.759,1.187,0.686,1.189,0.998,1.3,0.089,0.09,1.248,1.167,1.187,1.266,1.216,1.242,1.251,1.221,0.092,1.31,0.09,0.089,1.282,1.106,1.296,1.198,1.19,1.239,1.18,1.255,1.272,1.27,0.09,0.09,0.091,0.089,0.092,0.088,0.087,0.088,0.089,0.087,0.087,0.09,0.087
,14:49:16,36,0.09,0.089,0.088,0.09,0.089,0.088,0.087,0.089,0.089,0.088,0.088,0.088,0.09,0.331,0.297,0.382,0.375,0.325,0.388,0.262,0.331,0.365,0.363,0.089,0.09,0.332,0.357,0.356,0.372,0.356,0.377,0.342,0.341,0.082,0.356,0.088,0.089,0.348,0.315,0.414,0.359,0.147,0.375,0.376,0.35,0.328,0.413,0.088,0.09,1.256,1.083,1.131,1.221,0.756,1.186,0.684,1.188,0.996,1.299,0.089,0.09,1.246,1.166,1.186,1.265,1.215,1.241,1.25,1.22,0.092,1.309,0.09,0.09,1.281,1.104,1.295,1.197,1.191,1.238,1.178,1.254,1.271,1.268,0.09,0.09,0.091,0.088,0.092,0.088,0.087,0.088,0.089,0.087,0.087,0.09,0.088
,14:54:16,36,0.09,0.088,0.088,0.09,0.089,0.088,0.087,0.089,0.089,0.088,0.088,0.088,0.089,0.332,0.297,0.381,0.376,0.326,0.403,0.262,0.332,0.366,0.364,0.088,0.09,0.333,0.359,0.356,0.373,0.357,0.378,0.343,0.342,0.082,0.357,0.088,0.089,0.349,0.315,0.413,0.355,0.149,0.377,0.376,0.351,0.33,0.416,0.088,0.089,1.255,1.081,1.13,1.219,0.756,1.185,0.682,1.187,0.995,1.299,0.089,0.09,1.246,1.165,1.184,1.265,1.214,1.24,1.249,1.219,0.092,1.308,0.09,0.09,1.28,1.103,1.295,1.197,1.189,1.238,1.178,1.254,1.27,1.266,0.09,0.09,0.091,0.088,0.092,0.088,0.087,0.088,0.089,0.087,0.087,0.09,0.088
,14:59:16,36.1,0.09,0.089,0.088,0.09,0.089,0.088,0.087,0.089,0.089,0.088,0.088,0.088,0.089,0.333,0.297,0.382,0.377,0.324,0.396,0.262,0.332,0.366,0.366,0.089,0.09,0.334,0.359,0.355,0.373,0.358,0.378,0.344,0.343,0.082,0.358,0.088,0.089,0.349,0.316,0.413,0.356,0.15,0.375,0.375,0.352,0.331,0.418,0.088,0.089,1.254,1.079,1.129,1.219,0.752,1.184,0.68,1.186,0.994,1.298,0.089,0.09,1.245,1.164,1.183,1.264,1.214,1.239,1.248,1.218,0.092,1.308,0.09,0.09,1.28,1.101,1.294,1.195,1.187,1.236,1.177,1.254,1.27,1.264,0.09,0.09,0.091,0.088,0.092,0.088,0.087,0.088,0.089,0.087,0.087,0.09,0.088
,15:04:16,36.1,0.09,0.089,0.088,0.09,0.089,0.088,0.087,0.089,0.089,0.088,0.088,0.088,0.09,0.334,0.298,0.382,0.377,0.324,0.4,0.262,0.333,0.365,0.367,0.088,0.09,0.334,0.361,0.355,0.374,0.359,0.379,0.344,0.342,0.082,0.36,0.088,0.089,0.351,0.316,0.413,0.356,0.151,0.384,0.375,0.353,0.332,0.42,0.088,0.089,1.253,1.077,1.128,1.218,0.751,1.183,0.677,1.185,0.992,1.298,0.089,0.09,1.243,1.163,1.182,1.263,1.212,1.238,1.247,1.217,0.092,1.307,0.09,0.09,1.279,1.099,1.293,1.194,1.185,1.235,1.176,1.253,1.268,1.264,0.09,0.09,0.091,0.088,0.092,0.088,0.087,0.088,0.089,0.087,0.087,0.09,0.088
,15:09:16,36,0.09,0.088,0.088,0.09,0.088,0.088,0.087,0.089,0.089,0.088,0.087,0.088,0.089,0.334,0.298,0.382,0.378,0.323,0.403,0.262,0.332,0.363,0.368,0.088,0.09,0.335,0.36,0.354,0.373,0.359,0.379,0.345,0.343,0.082,0.359,0.088,0.089,0.35,0.316,0.413,0.356,0.153,0.376,0.375,0.353,0.333,0.422,0.089,0.089,1.252,1.077,1.127,1.218,0.747,1.182,0.676,1.184,0.99,1.297,0.089,0.09,1.242,1.163,1.18,1.262,1.211,1.237,1.246,1.216,0.092,1.306,0.09,0.09,1.279,1.097,1.293,1.193,1.186,1.234,1.175,1.252,1.267,1.262,0.09,0.09,0.091,0.088,0.092,0.088,0.087,0.087,0.089,0.087,0.087,0.09,0.088
,15:14:16,36.1,0.09,0.088,0.088,0.09,0.089,0.088,0.087,0.089,0.089,0.088,0.088,0.088,0.089,0.335,0.298,0.383,0.378,0.322,0.407,0.262,0.335,0.363,0.369,0.088,0.09,0.335,0.361,0.353,0.374,0.36,0.379,0.346,0.343,0.082,0.361,0.088,0.089,0.351,0.316,0.413,0.356,0.154,0.383,0.374,0.354,0.334,0.424,0.088,0.089,1.251,1.075,1.126,1.216,0.745,1.181,0.674,1.183,0.991,1.296,0.089,0.09,1.241,1.162,1.179,1.262,1.21,1.236,1.246,1.216,0.092,1.306,0.09,0.09,1.279,1.095,1.292,1.192,1.184,1.234,1.175,1.251,1.266,1.262,0.09,0.09,0.091,0.088,0.092,0.088,0.087,0.088,0.089,0.087,0.087,0.09,0.088
,15:19:16,36,0.09,0.088,0.088,0.09,0.088,0.088,0.087,0.089,0.089,0.088,0.088,0.088,0.089,0.335,0.298,0.383,0.379,0.322,0.411,0.262,0.336,0.361,0.37,0.088,0.09,0.336,0.362,0.352,0.373,0.361,0.378,0.347,0.345,0.082,0.362,0.088,0.089,0.351,0.317,0.413,0.36,0.155,0.377,0.374,0.355,0.335,0.425,0.088,0.089,1.25,1.072,1.125,1.215,0.743,1.179,0.672,1.182,0.989,1.295,0.089,0.09,1.24,1.161,1.178,1.261,1.209,1.235,1.245,1.215,0.091,1.305,0.09,0.09,1.278,1.093,1.292,1.191,1.183,1.232,1.173,1.25,1.265,1.265,0.09,0.09,0.091,0.088,0.092,0.088,0.087,0.088,0.089,0.087,0.087,0.09,0.088
,15:24:16,36.1,0.09,0.088,0.088,0.09,0.089,0.088,0.087,0.089,0.089,0.088,0.088,0.088,0.09,0.335,0.299,0.383,0.379,0.321,0.427,0.263,0.336,0.359,0.372,0.089,0.09,0.337,0.363,0.352,0.373,0.362,0.378,0.348,0.342,0.082,0.364,0.088,0.09,0.352,0.317,0.413,0.358,0.157,0.378,0.373,0.355,0.336,0.428,0.089,0.089,1.249,1.07,1.124,1.215,0.74,1.178,0.669,1.181,0.988,1.295,0.089,0.09,1.239,1.16,1.177,1.26,1.208,1.235,1.244,1.215,0.092,1.305,0.09,0.09,1.278,1.091,1.292,1.191,1.181,1.232,1.173,1.249,1.264,1.265,0.09,0.09,0.091,0.088,0.092,0.088,0.087,0.088,0.089,0.087,0.087,0.09,0.088
,15:29:16,36.1,0.09,0.088,0.088,0.09,0.089,0.088,0.087,0.089,0.089,0.088,0.088,0.088,0.089,0.337,0.299,0.384,0.379,0.32,0.419,0.263,0.335,0.357,0.372,0.088,0.09,0.336,0.365,0.351,0.373,0.362,0.377,0.349,0.344,0.082,0.364,0.088,0.089,0.352,0.317,0.413,0.358,0.159,0.378,0.373,0.356,0.337,0.43,0.088,0.089,1.248,1.069,1.123,1.214,0.738,1.177,0.667,1.179,0.987,1.294,0.089,0.09,1.238,1.159,1.176,1.26,1.207,1.234,1.243,1.214,0.091,1.303,0.09,0.09,1.277,1.089,1.291,1.19,1.181,1.231,1.172,1.248,1.263,1.262,0.09,0.09,0.091,0.088,0.092,0.088,0.087,0.087,0.089,0.087,0.087,0.09,0.088
,15:34:16,36,0.09,0.089,0.088,0.09,0.088,0.088,0.087,0.089,0.089,0.088,0.088,0.088,0.09,0.337,0.3,0.384,0.38,0.32,0.422,0.263,0.336,0.356,0.374,0.088,0.09,0.337,0.365,0.351,0.372,0.363,0.377,0.35,0.345,0.082,0.364,0.088,0.089,0.353,0.317,0.413,0.358,0.16,0.378,0.373,0.356,0.338,0.43,0.089,0.089,1.248,1.068,1.122,1.214,0.739,1.176,0.665,1.178,0.985,1.293,0.089,0.09,1.238,1.159,1.174,1.259,1.206,1.233,1.242,1.214,0.092,1.303,0.09,0.09,1.277,1.088,1.291,1.189,1.18,1.23,1.171,1.247,1.263,1.26,0.09,0.09,0.091,0.088,0.092,0.088,0.087,0.088,0.089,0.087,0.087,0.09,0.088
,15:39:16,36.1,0.09,0.088,0.088,0.09,0.089,0.088,0.087,0.089,0.089,0.088,0.088,0.088,0.09,0.337,0.3,0.384,0.38,0.319,0.426,0.263,0.337,0.355,0.375,0.089,0.09,0.338,0.365,0.35,0.372,0.364,0.377,0.351,0.345,0.081,0.368,0.088,0.09,0.353,0.318,0.413,0.358,0.162,0.379,0.373,0.357,0.339,0.43,0.089,0.089,1.247,1.065,1.122,1.213,0.735,1.174,0.663,1.177,0.984,1.293,0.089,0.09,1.237,1.158,1.173,1.259,1.205,1.232,1.241,1.213,0.092,1.302,0.09,0.09,1.276,1.086,1.291,1.188,1.178,1.23,1.17,1.246,1.261,1.261,0.09,0.09,0.091,0.088,0.092,0.088,0.087,0.088,0.089,0.087,0.087,0.09,0.088
,15:44:16,36,0.09,0.089,0.088,0.09,0.089,0.088,0.087,0.089,0.089,0.088,0.087,0.088,0.09,0.338,0.3,0.383,0.381,0.319,0.429,0.263,0.337,0.353,0.376,0.088,0.09,0.338,0.366,0.35,0.371,0.364,0.376,0.351,0.346,0.081,0.365,0.088,0.089,0.354,0.318,0.413,0.359,0.163,0.378,0.372,0.358,0.34,0.43,0.088,0.089,1.246,1.063,1.121,1.212,0.734,1.173,0.661,1.176,0.983,1.292,0.089,0.09,1.236,1.157,1.173,1.258,1.204,1.231,1.241,1.212,0.092,1.301,0.09,0.09,1.276,1.083,1.29,1.187,1.179,1.229,1.169,1.245,1.261,1.259,0.09,0.09,0.091,0.088,0.092,0.088,0.087,0.088,0.089,0.087,0.087,0.09,0.088
,15:49:16,36,0.09,0.088,0.088,0.09,0.088,0.088,0.087,0.089,0.089,0.088,0.088,0.088,0.089,0.338,0.3,0.383,0.381,0.318,0.432,0.263,0.339,0.352,0.377,0.088,0.09,0.339,0.366,0.349,0.371,0.365,0.376,0.352,0.348,0.082,0.367,0.088,0.089,0.354,0.319,0.412,0.359,0.164,0.379,0.372,0.358,0.341,0.43,0.088,0.089,1.245,1.063,1.12,1.211,0.732,1.173,0.659,1.176,0.982,1.292,0.089,0.09,1.235,1.156,1.171,1.257,1.203,1.23,1.24,1.212,0.092,1.301,0.09,0.09,1.275,1.082,1.29,1.186,1.177,1.228,1.168,1.245,1.259,1.257,0.09,0.09,0.091,0.088,0.092,0.088,0.087,0.087,0.089,0.087,0.087,0.09,0.088
,15:54:16,36.1,0.09,0.088,0.088,0.09,0.089,0.088,0.087,0.089,0.089,0.088,0.088,0.088,0.089,0.339,0.3,0.383,0.381,0.317,0.437,0.263,0.339,0.351,0.378,0.088,0.09,0.339,0.367,0.348,0.371,0.366,0.376,0.353,0.348,0.082,0.369,0.088,0.089,0.355,0.318,0.412,0.359,0.166,0.379,0.372,0.359,0.342,0.43,0.089,0.089,1.245,1.06,1.119,1.211,0.727,1.171,0.657,1.175,0.981,1.292,0.089,0.09,1.234,1.155,1.17,1.257,1.202,1.23,1.239,1.212,0.092,1.301,0.09,0.09,1.275,1.08,1.29,1.185,1.175,1.227,1.168,1.243,1.258,1.257,0.09,0.09,0.091,0.089,0.092,0.088,0.087,0.088,0.089,0.087,0.087,0.09,0.088
,15:59:16,36,0.09,0.089,0.088,0.09,0.088,0.088,0.087,0.089,0.089,0.088,0.088,0.088,0.09,0.34,0.301,0.383,0.382,0.318,0.44,0.264,0.339,0.35,0.379,0.088,0.09,0.34,0.367,0.348,0.371,0.366,0.376,0.354,0.347,0.082,0.368,0.088,0.089,0.355,0.318,0.412,0.361,0.168,0.381,0.371,0.36,0.344,0.429,0.089,0.089,1.244,1.059,1.118,1.21,0.729,1.17,0.656,1.174,0.98,1.29,0.089,0.09,1.233,1.155,1.169,1.257,1.201,1.229,1.238,1.212,0.092,1.301,0.09,0.09,1.274,1.078,1.29,1.185,1.174,1.226,1.167,1.243,1.258,1.254,0.09,0.09,0.091,0.088,0.092,0.088,0.087,0.088,0.089,0.087,0.087,0.09,0.088
,16:04:16,36,0.09,0.088,0.088,0.09,0.089,0.088,0.087,0.089,0.088,0.088,0.088,0.088,0.089,0.34,0.301,0.383,0.383,0.317,0.444,0.263,0.34,0.349,0.38,0.088,0.09,0.34,0.368,0.347,0.371,0.366,0.375,0.355,0.345,0.082,0.37,0.088,0.089,0.355,0.319,0.412,0.36,0.169,0.381,0.371,0.361,0.345,0.429,0.088,0.089,1.242,1.057,1.117,1.209,0.725,1.169,0.655,1.173,0.979,1.29,0.089,0.09,1.232,1.154,1.168,1.256,1.2,1.228,1.237,1.211,0.091,1.3,0.09,0.089,1.274,1.077,1.289,1.184,1.174,1.225,1.166,1.242,1.256,1.257,0.09,0.09,0.091,0.088,0.092,0.088,0.087,0.087,0.089,0.087,0.087,0.09,0.088
,16:09:16,36,0.09,0.089,0.088,0.09,0.089,0.088,0.087,0.089,0.089,0.088,0.088,0.088,0.089,0.34,0.301,0.382,0.383,0.317,0.447,0.263,0.341,0.348,0.381,0.089,0.09,0.341,0.369,0.347,0.37,0.367,0.376,0.356,0.348,0.082,0.368,0.088,0.089,0.356,0.319,0.412,0.361,0.17,0.379,0.371,0.361,0.346,0.428,0.089,0.089,1.242,1.055,1.116,1.208,0.721,1.168,0.653,1.172,0.979,1.29,0.089,0.09,1.231,1.153,1.166,1.256,1.199,1.228,1.237,1.21,0.092,1.299,0.09,0.089,1.274,1.075,1.288,1.183,1.172,1.224,1.166,1.241,1.256,1.26,0.09,0.09,0.091,0.088,0.092,0.088,0.087,0.088,0.089,0.087,0.087,0.09,0.088
,16:14:16,36,0.09,0.088,0.088,0.09,0.089,0.088,0.087,0.089,0.089,0.088,0.088,0.088,0.09,0.341,0.302,0.382,0.383,0.316,0.447,0.263,0.343,0.347,0.382,0.089,0.09,0.341,0.369,0.346,0.37,0.367,0.375,0.357,0.347,0.082,0.371,0.088,0.089,0.356,0.319,0.413,0.361,0.172,0.38,0.371,0.361,0.347,0.428,0.089,0.089,1.241,1.053,1.115,1.208,0.72,1.167,0.652,1.171,0.977,1.289,0.089,0.09,1.231,1.152,1.166,1.255,1.198,1.228,1.236,1.21,0.092,1.298,0.09,0.09,1.273,1.073,1.288,1.182,1.172,1.223,1.165,1.24,1.255,1.258,0.09,0.09,0.091,0.089,0.092,0.088,0.087,0.088,0.089,0.087,0.087,0.09,0.088
,16:19:16,36,0.09,0.089,0.088,0.09,0.089,0.088,0.087,0.089,0.089,0.088,0.088,0.088,0.089,0.341,0.302,0.381,0.384,0.316,0.447,0.263,0.342,0.346,0.383,0.088,0.09,0.341,0.37,0.346,0.37,0.368,0.375,0.357,0.349,0.081,0.371,0.088,0.09,0.356,0.32,0.412,0.361,0.173,0.379,0.371,0.361,0.348,0.427,0.089,0.089,1.24,1.052,1.115,1.207,0.718,1.165,0.65,1.17,0.976,1.288,0.089,0.09,1.229,1.152,1.165,1.254,1.197,1.228,1.235,1.209,0.092,1.297,0.09,0.09,1.272,1.071,1.287,1.181,1.172,1.223,1.164,1.239,1.254,1.256,0.09,0.09,0.091,0.088,0.092,0.088,0.087,0.088,0.089,0.087,0.087,0.09,0.088
,16:24:16,36,0.09,0.089,0.088,0.09,0.089,0.088,0.087,0.089,0.089,0.088,0.088,0.088,0.09,0.342,0.302,0.38,0.386,0.315,0.447,0.262,0.343,0.345,0.384,0.089,0.09,0.342,0.371,0.345,0.37,0.369,0.375,0.358,0.347,0.082,0.372,0.088,0.089,0.357,0.32,0.413,0.361,0.175,0.379,0.371,0.361,0.348,0.427,0.089,0.089,1.24,1.051,1.114,1.207,0.716,1.165,0.648,1.169,0.974,1.288,0.089,0.09,1.228,1.151,1.164,1.254,1.197,1.227,1.235,1.208,0.092,1.297,0.09,0.09,1.272,1.07,1.286,1.181,1.17,1.222,1.163,1.238,1.253,1.255,0.09,0.09,0.091,0.089,0.092,0.088,0.087,0.088,0.089,0.087,0.087,0.09,0.088
,16:29:16,36.1,0.09,0.089,0.088,0.09,0.089,0.088,0.087,0.089,0.089,0.088,0.088,0.088,0.09,0.342,0.302,0.38,0.386,0.315,0.445,0.262,0.344,0.345,0.386,0.089,0.09,0.342,0.372,0.345,0.37,0.37,0.374,0.359,0.345,0.082,0.374,0.088,0.09,0.359,0.32,0.412,0.361,0.176,0.379,0.37,0.361,0.35,0.426,0.089,0.09,1.239,1.048,1.113,1.205,0.715,1.163,0.646,1.168,0.974,1.288,0.089,0.09,1.227,1.15,1.162,1.254,1.196,1.227,1.235,1.208,0.092,1.297,0.09,0.09,1.271,1.068,1.286,1.179,1.167,1.222,1.162,1.238,1.252,1.255,0.09,0.09,0.091,0.089,0.092,0.088,0.087,0.088,0.089,0.087,0.087,0.09,0.088
,16:34:16,36.1,0.09,0.089,0.088,0.09,0.089,0.088,0.087,0.089,0.089,0.088,0.088,0.088,0.089,0.343,0.302,0.379,0.386,0.314,0.444,0.262,0.344,0.344,0.387,0.088,0.09,0.343,0.372,0.345,0.37,0.369,0.374,0.359,0.345,0.081,0.373,0.088,0.09,0.358,0.32,0.412,0.36,0.177,0.379,0.37,0.36,0.35,0.425,0.089,0.09,1.238,1.048,1.112,1.207,0.712,1.162,0.645,1.167,0.972,1.287,0.089,0.09,1.226,1.149,1.161,1.254,1.194,1.226,1.234,1.207,0.092,1.295,0.09,0.09,1.271,1.067,1.285,1.179,1.168,1.221,1.162,1.237,1.251,1.253,0.09,0.09,0.091,0.088,0.092,0.088,0.087,0.088,0.089,0.087,0.087,0.09,0.088
,16:39:16,36.1,0.09,0.088,0.088,0.09,0.089,0.088,0.087,0.089,0.089,0.088,0.088,0.088,0.089,0.343,0.302,0.379,0.387,0.314,0.443,0.261,0.344,0.344,0.387,0.089,0.09,0.342,0.373,0.344,0.369,0.37,0.374,0.36,0.347,0.082,0.374,0.088,0.089,0.359,0.32,0.412,0.363,0.178,0.379,0.37,0.36,0.351,0.425,0.089,0.089,1.237,1.045,1.111,1.206,0.71,1.161,0.642,1.166,0.971,1.286,0.089,0.09,1.226,1.148,1.16,1.253,1.193,1.225,1.234,1.206,0.092,1.296,0.09,0.09,1.271,1.064,1.284,1.178,1.165,1.22,1.161,1.236,1.25,1.251,0.09,0.09,0.091,0.088,0.092,0.088,0.087,0.088,0.089,0.087,0.087,0.09,0.088
,16:44:16,36,0.09,0.089,0.088,0.09,0.089,0.088,0.087,0.089,0.089,0.088,0.088,0.088,0.089,0.343,0.302,0.379,0.387,0.314,0.443,0.261,0.345,0.343,0.388,0.089,0.09,0.343,0.373,0.344,0.369,0.371,0.374,0.361,0.345,0.081,0.374,0.088,0.09,0.359,0.32,0.412,0.362,0.18,0.379,0.37,0.361,0.352,0.424,0.089,0.089,1.237,1.044,1.11,1.206,0.711,1.16,0.641,1.165,0.97,1.285,0.089,0.09,1.225,1.148,1.159,1.252,1.192,1.224,1.233,1.205,0.092,1.295,0.09,0.09,1.27,1.062,1.284,1.177,1.165,1.219,1.161,1.236,1.249,1.251,0.09,0.09,0.091,0.088,0.092,0.088,0.087,0.088,0.089,0.087,0.087,0.09,0.088
,16:49:16,36.1,0.09,0.089,0.088,0.09,0.089,0.088,0.087,0.089,0.089,0.088,0.088,0.088,0.09,0.344,0.303,0.378,0.387,0.314,0.442,0.261,0.345,0.342,0.389,0.089,0.09,0.344,0.373,0.343,0.368,0.371,0.373,0.362,0.345,0.082,0.374,0.088,0.089,0.358,0.32,0.412,0.361,0.181,0.378,0.369,0.36,0.353,0.423,0.089,0.089,1.236,1.043,1.109,1.205,0.707,1.158,0.639,1.164,0.969,1.285,0.089,0.09,1.224,1.147,1.158,1.252,1.191,1.223,1.232,1.204,0.092,1.294,0.09,0.09,1.27,1.061,1.284,1.177,1.164,1.218,1.159,1.235,1.248,1.25,0.09,0.09,0.091,0.088,0.092,0.088,0.087,0.088,0.089,0.087,0.087,0.09,0.088
,16:54:16,36,0.09,0.089,0.088,0.09,0.089,0.088,0.087,0.089,0.089,0.088,0.088,0.088,0.089,0.344,0.303,0.378,0.387,0.313,0.441,0.261,0.346,0.342,0.391,0.089,0.09,0.344,0.373,0.343,0.368,0.372,0.373,0.362,0.346,0.082,0.376,0.088,0.089,0.359,0.321,0.412,0.36,0.183,0.378,0.369,0.36,0.354,0.423,0.089,0.089,1.235,1.04,1.108,1.204,0.707,1.157,0.638,1.164,0.969,1.284,0.089,0.09,1.222,1.146,1.157,1.252,1.19,1.222,1.231,1.203,0.092,1.293,0.09,0.09,1.269,1.059,1.282,1.175,1.162,1.217,1.159,1.234,1.248,1.248,0.09,0.09,0.091,0.088,0.092,0.088,0.087,0.088,0.089,0.087,0.087,0.09,0.088
,16:59:16,36,0.09,0.089,0.088,0.09,0.089,0.088,0.087,0.089,0.089,0.088,0.088,0.088,0.09,0.345,0.303,0.377,0.387,0.313,0.441,0.261,0.347,0.341,0.392,0.089,0.09,0.344,0.373,0.343,0.368,0.373,0.373,0.364,0.344,0.082,0.376,0.088,0.09,0.359,0.321,0.412,0.36,0.184,0.381,0.37,0.359,0.356,0.422,0.089,0.089,1.235,1.039,1.107,1.204,0.705,1.156,0.636,1.163,0.967,1.284,0.089,0.09,1.222,1.145,1.156,1.251,1.189,1.222,1.23,1.203,0.092,1.292,0.09,0.09,1.269,1.058,1.282,1.175,1.162,1.216,1.158,1.232,1.247,1.25,0.09,0.09,0.092,0.089,0.092,0.088,0.087,0.088,0.089,0.087,0.087,0.09,0.088
,17:04:16,36,0.09,0.089,0.088,0.09,0.089,0.088,0.087,0.089,0.089,0.088,0.088,0.088,0.09,0.345,0.304,0.376,0.387,0.313,0.44,0.261,0.348,0.341,0.393,0.089,0.09,0.345,0.373,0.342,0.368,0.375,0.373,0.365,0.344,0.082,0.376,0.088,0.09,0.359,0.321,0.412,0.36,0.185,0.382,0.37,0.359,0.357,0.422,0.089,0.09,1.234,1.038,1.107,1.203,0.702,1.155,0.635,1.162,0.967,1.284,0.089,0.091,1.222,1.145,1.155,1.251,1.188,1.221,1.23,1.202,0.092,1.292,0.09,0.09,1.269,1.056,1.282,1.175,1.161,1.216,1.157,1.232,1.246,1.254,0.091,0.09,0.091,0.089,0.092,0.088,0.087,0.088,0.089,0.087,0.087,0.09,0.088
,17:09:16,36.1,0.09,0.089,0.088,0.09,0.089,0.088,0.087,0.089,0.089,0.088,0.088,0.088,0.09,0.345,0.304,0.376,0.386,0.312,0.439,0.26,0.348,0.34,0.393,0.089,0.09,0.345,0.373,0.342,0.367,0.375,0.372,0.366,0.345,0.081,0.379,0.088,0.089,0.359,0.321,0.412,0.36,0.186,0.38,0.369,0.358,0.357,0.422,0.088,0.089,1.234,1.036,1.106,1.202,0.701,1.153,0.634,1.161,0.965,1.282,0.089,0.09,1.22,1.144,1.154,1.25,1.187,1.22,1.229,1.201,0.092,1.291,0.09,0.09,1.268,1.054,1.281,1.174,1.16,1.215,1.157,1.23,1.245,1.252,0.09,0.09,0.091,0.088,0.092,0.088,0.087,0.088,0.089,0.087,0.087,0.09,0.088
,17:14:16,36,0.09,0.089,0.088,0.09,0.089,0.088,0.087,0.089,0.089,0.088,0.088,0.088,0.089,0.345,0.304,0.375,0.386,0.313,0.438,0.26,0.349,0.34,0.395,0.089,0.09,0.345,0.373,0.341,0.367,0.376,0.372,0.366,0.344,0.082,0.378,0.088,0.089,0.359,0.321,0.412,0.359,0.188,0.378,0.369,0.357,0.359,0.421,0.089,0.09,1.233,1.034,1.105,1.201,0.7,1.152,0.632,1.16,0.964,1.282,0.089,0.09,1.22,1.143,1.153,1.25,1.185,1.219,1.228,1.2,0.092,1.291,0.09,0.09,1.268,1.052,1.28,1.173,1.159,1.214,1.157,1.23,1.244,1.25,0.09,0.09,0.091,0.089,0.092,0.088,0.087,0.088,0.089,0.087,0.088,0.09,0.088
,17:19:16,36,0.09,0.088,0.088,0.09,0.088,0.088,0.087,0.089,0.088,0.088,0.088,0.088,0.089,0.346,0.304,0.375,0.386,0.312,0.438,0.26,0.349,0.339,0.397,0.088,0.09,0.346,0.373,0.34,0.367,0.376,0.372,0.365,0.344,0.081,0.377,0.087,0.089,0.358,0.321,0.412,0.359,0.189,0.378,0.369,0.356,0.359,0.421,0.088,0.09,1.233,1.033,1.104,1.201,0.698,1.15,0.63,1.159,0.963,1.281,0.089,0.09,1.219,1.142,1.152,1.249,1.184,1.218,1.227,1.199,0.091,1.289,0.09,0.089,1.267,1.05,1.28,1.172,1.158,1.213,1.155,1.228,1.243,1.248,0.09,0.09,0.091,0.088,0.092,0.087,0.087,0.087,0.089,0.087,0.087,0.089,0.088
,17:24:16,36.1,0.09,0.089,0.088,0.09,0.089,0.088,0.087,0.089,0.089,0.088,0.088,0.088,0.09,0.346,0.304,0.375,0.386,0.312,0.438,0.259,0.35,0.339,0.397,0.089,0.09,0.346,0.374,0.34,0.366,0.377,0.371,0.365,0.344,0.082,0.378,0.088,0.09,0.359,0.321,0.412,0.361,0.19,0.378,0.369,0.356,0.361,0.42,0.089,0.09,1.232,1.032,1.104,1.2,0.695,1.149,0.629,1.159,0.962,1.281,0.089,0.09,1.218,1.141,1.151,1.249,1.183,1.218,1.227,1.199,0.092,1.289,0.09,0.09,1.267,1.049,1.279,1.171,1.157,1.212,1.155,1.228,1.242,1.248,0.09,0.09,0.091,0.089,0.092,0.088,0.087,0.088,0.089,0.087,0.087,0.09,0.088
,17:29:16,36,0.09,0.089,0.088,0.09,0.089,0.088,0.087,0.089,0.089,0.088,0.088,0.088,0.089,0.347,0.305,0.375,0.386,0.311,0.437,0.259,0.35,0.338,0.396,0.089,0.09,0.346,0.374,0.34,0.366,0.376,0.371,0.365,0.344,0.082,0.375,0.088,0.09,0.359,0.32,0.412,0.361,0.191,0.378,0.368,0.356,0.362,0.42,0.089,0.089,1.232,1.029,1.103,1.198,0.693,1.148,0.628,1.157,0.961,1.28,0.089,0.09,1.217,1.14,1.151,1.248,1.182,1.217,1.226,1.198,0.092,1.288,0.09,0.09,1.266,1.047,1.278,1.171,1.157,1.212,1.154,1.227,1.242,1.246,0.09,0.09,0.091,0.089,0.092,0.088,0.087,0.088,0.089,0.087,0.087,0.09,0.088
,17:34:16,36,0.09,0.089,0.088,0.09,0.089,0.088,0.087,0.089,0.089,0.088,0.088,0.088,0.09,0.347,0.305,0.374,0.385,0.311,0.437,0.259,0.351,0.337,0.395,0.089,0.09,0.347,0.374,0.34,0.366,0.377,0.371,0.364,0.344,0.082,0.372,0.088,0.089,0.358,0.321,0.412,0.359,0.193,0.378,0.369,0.355,0.363,0.42,0.089,0.09,1.232,1.028,1.102,1.198,0.692,1.146,0.627,1.156,0.96,1.279,0.089,0.09,1.216,1.14,1.15,1.248,1.181,1.216,1.225,1.197,0.092,1.288,0.09,0.09,1.266,1.046,1.278,1.171,1.156,1.211,1.153,1.226,1.241,1.245,0.09,0.09,0.091,0.088,0.092,0.088,0.087,0.088,0.089,0.087,0.087,0.09,0.088
,17:39:16,36,0.09,0.089,0.088,0.09,0.089,0.088,0.087,0.089,0.089,0.088,0.088,0.088,0.09,0.348,0.305,0.374,0.386,0.311,0.437,0.259,0.352,0.337,0.394,0.089,0.09,0.347,0.374,0.339,0.366,0.377,0.371,0.364,0.344,0.082,0.376,0.088,0.09,0.358,0.32,0.412,0.359,0.193,0.377,0.368,0.355,0.364,0.419,0.089,0.089,1.231,1.026,1.101,1.197,0.691,1.145,0.625,1.156,0.96,1.279,0.089,0.09,1.215,1.139,1.149,1.248,1.18,1.216,1.225,1.196,0.092,1.288,0.09,0.09,1.265,1.044,1.278,1.169,1.154,1.211,1.153,1.225,1.24,1.244,0.09,0.09,0.091,0.089,0.092,0.088,0.087,0.088,0.089,0.087,0.088,0.09,0.088
,17:44:16,36,0.09,0.088,0.088,0.09,0.088,0.088,0.087,0.089,0.089,0.088,0.088,0.088,0.089,0.347,0.305,0.373,0.385,0.31,0.436,0.259,0.352,0.337,0.394,0.088,0.09,0.347,0.373,0.338,0.365,0.377,0.37,0.363,0.344,0.081,0.374,0.088,0.089,0.357,0.32,0.412,0.359,0.194,0.376,0.368,0.354,0.365,0.419,0.089,0.089,1.231,1.024,1.1,1.196,0.689,1.143,0.622,1.155,0.958,1.279,0.089,0.09,1.214,1.137,1.147,1.248,1.179,1.215,1.224,1.195,0.092,1.287,0.09,0.09,1.264,1.043,1.276,1.169,1.154,1.21,1.152,1.225,1.238,1.244,0.09,0.09,0.091,0.088,0.092,0.088,0.087,0.088,0.089,0.087,0.087,0.09,0.088
,17:49:16,36,0.09,0.089,0.088,0.09,0.089,0.088,0.087,0.089,0.089,0.088,0.088,0.088,0.09,0.348,0.305,0.373,0.385,0.31,0.436,0.258,0.353,0.336,0.393,0.089,0.09,0.348,0.374,0.339,0.366,0.378,0.371,0.363,0.343,0.082,0.374,0.088,0.09,0.357,0.32,0.412,0.359,0.195,0.376,0.369,0.354,0.366,0.419,0.089,0.09,1.231,1.023,1.101,1.196,0.687,1.142,0.622,1.154,0.958,1.278,0.089,0.091,1.214,1.137,1.146,1.248,1.177,1.214,1.223,1.195,0.092,1.287,0.09,0.09,1.265,1.041,1.276,1.168,1.153,1.21,1.151,1.224,1.239,1.244,0.09,0.09,0.091,0.089,0.092,0.088,0.087,0.088,0.089,0.087,0.087,0.09,0.088
,17:54:16,36,0.09,0.089,0.088,0.09,0.089,0.088,0.087,0.089,0.089,0.088,0.088,0.088,0.089,0.348,0.305,0.372,0.386,0.31,0.436,0.258,0.353,0.336,0.392,0.089,0.09,0.348,0.374,0.338,0.365,0.377,0.37,0.362,0.343,0.081,0.372,0.088,0.089,0.357,0.319,0.412,0.358,0.196,0.383,0.368,0.354,0.367,0.419,0.089,0.09,1.231,1.021,1.099,1.195,0.686,1.14,0.62,1.153,0.956,1.277,0.089,0.091,1.213,1.136,1.146,1.247,1.176,1.213,1.222,1.194,0.092,1.286,0.09,0.09,1.264,1.039,1.276,1.167,1.153,1.209,1.151,1.222,1.238,1.242,0.09,0.09,0.091,0.088,0.092,0.088,0.087,0.088,0.089,0.087,0.087,0.09,0.088
,17:59:16,36,0.09,0.089,0.088,0.09,0.089,0.088,0.087,0.089,0.089,0.088,0.088,0.088,0.09,0.348,0.304,0.372,0.385,0.31,0.436,0.257,0.353,0.336,0.391,0.089,0.09,0.348,0.373,0.338,0.364,0.377,0.37,0.361,0.343,0.081,0.372,0.088,0.089,0.357,0.32,0.411,0.358,0.197,0.376,0.368,0.353,0.368,0.418,0.089,0.089,1.232,1.02,1.099,1.195,0.686,1.139,0.62,1.153,0.956,1.277,0.089,0.09,1.212,1.135,1.145,1.247,1.174,1.213,1.222,1.193,0.092,1.285,0.09,0.09,1.264,1.037,1.275,1.167,1.151,1.208,1.15,1.222,1.236,1.24,0.09,0.09,0.091,0.088,0.092,0.088,0.087,0.088,0.089,0.087,0.087,0.09,0.088
,18:04:16,36,0.09,0.089,0.088,0.09,0.089,0.088,0.087,0.089,0.089,0.088,0.088,0.088,0.09,0.349,0.304,0.372,0.384,0.309,0.436,0.257,0.353,0.335,0.391,0.089,0.09,0.349,0.373,0.337,0.364,0.377,0.37,0.361,0.343,0.082,0.371,0.088,0.089,0.356,0.319,0.412,0.358,0.198,0.376,0.368,0.353,0.369,0.418,0.089,0.09,1.232,1.019,1.098,1.194,0.684,1.138,0.618,1.152,0.955,1.276,0.089,0.09,1.212,1.134,1.144,1.246,1.173,1.212,1.221,1.193,0.092,1.285,0.09,0.09,1.263,1.036,1.275,1.166,1.151,1.208,1.149,1.221,1.235,1.245,0.091,0.09,0.091,0.088,0.092,0.088,0.087,0.088,0.089,0.087,0.087,0.09,0.088
,18:09:16,36,0.09,0.089,0.088,0.091,0.089,0.088,0.087,0.089,0.089,0.088,0.088,0.088,0.09,0.349,0.304,0.371,0.384,0.31,0.436,0.257,0.353,0.336,0.39,0.089,0.09,0.349,0.372,0.337,0.365,0.377,0.37,0.361,0.343,0.082,0.37,0.088,0.09,0.356,0.319,0.411,0.357,0.199,0.376,0.368,0.353,0.37,0.418,0.089,0.09,1.23,1.015,1.097,1.192,0.682,1.136,0.617,1.151,0.954,1.276,0.089,0.091,1.21,1.133,1.143,1.246,1.172,1.211,1.22,1.192,0.092,1.284,0.09,0.09,1.263,1.033,1.274,1.166,1.149,1.208,1.149,1.22,1.235,1.244,0.091,0.09,0.092,0.089,0.092,0.088,0.087,0.088,0.089,0.087,0.088,0.09,0.088
,18:14:16,36.1,0.09,0.089,0.088,0.09,0.089,0.088,0.087,0.089,0.089,0.088,0.088,0.088,0.09,0.349,0.303,0.371,0.384,0.309,0.436,0.256,0.352,0.335,0.389,0.089,0.09,0.349,0.372,0.337,0.364,0.377,0.37,0.36,0.343,0.082,0.369,0.088,0.09,0.356,0.318,0.412,0.357,0.2,0.376,0.368,0.352,0.371,0.418,0.089,0.09,1.23,1.015,1.096,1.192,0.681,1.135,0.616,1.151,0.954,1.275,0.09,0.09,1.21,1.133,1.143,1.246,1.171,1.211,1.22,1.191,0.092,1.283,0.09,0.09,1.262,1.032,1.274,1.166,1.148,1.207,1.148,1.219,1.234,1.242,0.091,0.09,0.092,0.089,0.092,0.088,0.087,0.088,0.089,0.087,0.088,0.09,0.088
,18:19:16,36,0.09,0.088,0.088,0.09,0.089,0.088,0.087,0.089,0.089,0.088,0.088,0.088,0.089,0.35,0.303,0.37,0.383,0.309,0.436,0.256,0.352,0.334,0.388,0.089,0.09,0.349,0.371,0.336,0.363,0.377,0.37,0.359,0.342,0.081,0.369,0.088,0.089,0.356,0.318,0.412,0.356,0.201,0.375,0.367,0.352,0.37,0.417,0.088,0.089,1.23,1.013,1.095,1.191,0.678,1.133,0.614,1.149,0.952,1.275,0.089,0.09,1.209,1.132,1.141,1.245,1.169,1.21,1.219,1.191,0.092,1.283,0.09,0.09,1.262,1.03,1.273,1.165,1.146,1.207,1.147,1.218,1.233,1.24,0.09,0.09,0.091,0.089,0.092,0.088,0.087,0.088,0.089,0.087,0.087,0.09,0.088
,18:24:16,36,0.09,0.089,0.088,0.09,0.089,0.088,0.087,0.089,0.089,0.088,0.088,0.088,0.09,0.349,0.303,0.37,0.383,0.308,0.435,0.255,0.351,0.334,0.387,0.089,0.09,0.349,0.37,0.335,0.363,0.377,0.37,0.359,0.342,0.082,0.369,0.088,0.09,0.355,0.318,0.412,0.357,0.202,0.375,0.367,0.351,0.37,0.417,0.089,0.09,1.228,1.011,1.095,1.19,0.677,1.132,0.612,1.149,0.951,1.275,0.09,0.09,1.208,1.131,1.14,1.246,1.167,1.209,1.218,1.19,0.092,1.283,0.09,0.09,1.261,1.029,1.273,1.165,1.146,1.206,1.147,1.217,1.232,1.24,0.09,0.09,0.091,0.088,0.092,0.088,0.087,0.088,0.089,0.087,0.087,0.09,0.088
,18:29:16,36,0.09,0.089,0.088,0.09,0.089,0.088,0.087,0.089,0.089,0.088,0.088,0.088,0.09,0.35,0.303,0.369,0.383,0.309,0.435,0.255,0.35,0.333,0.386,0.089,0.09,0.35,0.37,0.335,0.363,0.377,0.37,0.359,0.342,0.082,0.366,0.088,0.089,0.355,0.317,0.412,0.358,0.203,0.375,0.368,0.351,0.37,0.417,0.089,0.09,1.228,1.011,1.094,1.19,0.676,1.131,0.611,1.148,0.95,1.275,0.089,0.09,1.208,1.13,1.139,1.246,1.166,1.208,1.218,1.189,0.092,1.282,0.09,0.09,1.26,1.028,1.272,1.164,1.145,1.206,1.146,1.216,1.231,1.238,0.09,0.09,0.091,0.089,0.092,0.088,0.087,0.088,0.089,0.087,0.087,0.09,0.088
,18:34:16,36.1,0.09,0.089,0.088,0.09,0.089,0.088,0.087,0.089,0.089,0.088,0.088,0.088,0.089,0.35,0.302,0.369,0.382,0.308,0.435,0.255,0.35,0.333,0.386,0.089,0.09,0.351,0.37,0.335,0.363,0.376,0.369,0.358,0.342,0.082,0.366,0.088,0.09,0.355,0.317,0.411,0.357,0.204,0.375,0.368,0.35,0.369,0.417,0.089,0.09,1.227,1.008,1.094,1.188,0.676,1.129,0.61,1.147,0.95,1.274,0.089,0.09,1.207,1.129,1.138,1.245,1.165,1.208,1.217,1.189,0.092,1.282,0.09,0.09,1.26,1.026,1.272,1.164,1.143,1.206,1.145,1.215,1.23,1.238,0.091,0.09,0.092,0.089,0.092,0.088,0.087,0.088,0.089,0.087,0.087,0.09,0.088
,18:39:16,36.1,0.09,0.089,0.088,0.09,0.089,0.088,0.087,0.089,0.089,0.088,0.088,0.088,0.09,0.351,0.302,0.369,0.382,0.308,0.435,0.255,0.348,0.332,0.385,0.089,0.09,0.352,0.369,0.335,0.363,0.376,0.369,0.357,0.341,0.082,0.364,0.088,0.089,0.355,0.316,0.412,0.356,0.205,0.377,0.367,0.35,0.368,0.417,0.089,0.09,1.227,1.007,1.093,1.188,0.675,1.127,0.609,1.146,0.949,1.274,0.089,0.09,1.206,1.128,1.137,1.245,1.163,1.207,1.216,1.187,0.092,1.281,0.09,0.09,1.26,1.024,1.271,1.164,1.144,1.205,1.144,1.215,1.229,1.236,0.09,0.09,0.091,0.089,0.092,0.088,0.087,0.088,0.089,0.087,0.087,0.09,0.088
,18:44:16,36,0.09,0.089,0.088,0.091,0.089,0.088,0.087,0.089,0.089,0.088,0.088,0.088,0.09,0.353,0.302,0.368,0.382,0.307,0.435,0.254,0.348,0.333,0.384,0.089,0.09,0.352,0.368,0.334,0.363,0.376,0.369,0.357,0.341,0.082,0.364,0.088,0.09,0.354,0.316,0.412,0.356,0.207,0.375,0.367,0.35,0.368,0.417,0.089,0.09,1.226,1.005,1.092,1.187,0.674,1.127,0.607,1.146,0.947,1.273,0.089,0.091,1.206,1.127,1.137,1.245,1.162,1.206,1.215,1.187,0.092,1.282,0.091,0.09,1.259,1.022,1.27,1.164,1.142,1.204,1.144,1.214,1.228,1.236,0.091,0.09,0.092,0.089,0.092,0.088,0.087,0.088,0.089,0.087,0.088,0.09,0.088
,18:49:16,36,0.09,0.089,0.088,0.091,0.089,0.088,0.087,0.089,0.089,0.088,0.088,0.088,0.09,0.353,0.302,0.368,0.38,0.307,0.435,0.254,0.347,0.332,0.384,0.089,0.09,0.353,0.368,0.334,0.363,0.375,0.369,0.357,0.341,0.082,0.364,0.088,0.09,0.354,0.316,0.411,0.356,0.207,0.376,0.367,0.35,0.367,0.416,0.089,0.09,1.226,1.004,1.092,1.187,0.676,1.124,0.606,1.145,0.946,1.273,0.089,0.09,1.205,1.127,1.135,1.245,1.16,1.206,1.215,1.186,0.092,1.281,0.09,0.09,1.259,1.021,1.27,1.163,1.143,1.203,1.143,1.213,1.228,1.236,0.091,0.09,0.092,0.088,0.092,0.088,0.087,0.088,0.089,0.087,0.088,0.09,0.088
,18:54:16,36,0.09,0.089,0.088,0.09,0.089,0.088,0.087,0.089,0.089,0.088,0.088,0.088,0.09,0.354,0.301,0.368,0.381,0.307,0.435,0.254,0.347,0.332,0.383,0.089,0.09,0.353,0.368,0.333,0.362,0.375,0.369,0.356,0.341,0.082,0.363,0.088,0.09,0.354,0.315,0.412,0.355,0.208,0.376,0.367,0.349,0.366,0.416,0.089,0.09,1.225,1.002,1.091,1.185,0.676,1.123,0.604,1.145,0.946,1.272,0.09,0.091,1.204,1.125,1.135,1.244,1.159,1.205,1.214,1.186,0.092,1.28,0.09,0.09,1.259,1.019,1.269,1.163,1.141,1.203,1.143,1.212,1.227,1.234,0.091,0.09,0.092,0.089,0.092,0.088,0.087,0.088,0.089,0.087,0.088,0.09,0.088
,18:59:16,36.1,0.09,0.089,0.088,0.09,0.089,0.088,0.087,0.089,0.089,0.088,0.088,0.088,0.09,0.354,0.301,0.368,0.381,0.306,0.434,0.253,0.346,0.332,0.383,0.089,0.09,0.354,0.367,0.333,0.362,0.374,0.369,0.356,0.341,0.082,0.363,0.088,0.09,0.354,0.315,0.412,0.356,0.209,0.374,0.367,0.349,0.365,0.416,0.089,0.09,1.224,1,1.091,1.185,0.673,1.122,0.603,1.143,0.946,1.271,0.089,0.09,1.204,1.124,1.134,1.244,1.157,1.204,1.214,1.185,0.092,1.279,0.09,0.09,1.258,1.018,1.269,1.163,1.14,1.202,1.142,1.211,1.226,1.233,0.091,0.09,0.091,0.089,0.092,0.088,0.087,0.088,0.089,0.087,0.087,0.09,0.088
,19:04:16,36,0.09,0.089,0.088,0.09,0.089,0.088,0.087,0.089,0.089,0.088,0.088,0.088,0.09,0.354,0.301,0.367,0.38,0.307,0.434,0.253,0.346,0.332,0.382,0.089,0.09,0.354,0.366,0.333,0.362,0.374,0.369,0.356,0.34,0.082,0.362,0.088,0.09,0.354,0.315,0.412,0.355,0.211,0.375,0.367,0.349,0.365,0.415,0.089,0.09,1.223,0.999,1.09,1.184,0.674,1.12,0.601,1.143,0.945,1.272,0.09,0.091,1.204,1.123,1.133,1.243,1.156,1.204,1.213,1.185,0.092,1.278,0.09,0.09,1.258,1.017,1.269,1.163,1.138,1.202,1.141,1.211,1.225,1.236,0.09,0.09,0.092,0.089,0.092,0.088,0.087,0.088,0.089,0.087,0.088,0.09,0.088
,19:09:16,36,0.09,0.089,0.088,0.09,0.089,0.088,0.087,0.089,0.089,0.088,0.088,0.088,0.09,0.354,0.3,0.367,0.379,0.306,0.434,0.253,0.345,0.331,0.382,0.089,0.09,0.354,0.366,0.332,0.362,0.373,0.368,0.355,0.341,0.082,0.362,0.088,0.09,0.353,0.314,0.412,0.354,0.211,0.374,0.367,0.348,0.363,0.415,0.089,0.09,1.223,0.997,1.089,1.183,0.672,1.119,0.599,1.142,0.944,1.27,0.09,0.09,1.202,1.122,1.132,1.242,1.154,1.203,1.212,1.183,0.092,1.277,0.09,0.09,1.257,1.015,1.268,1.162,1.137,1.201,1.14,1.21,1.225,1.236,0.091,0.09,0.091,0.089,0.092,0.088,0.087,0.088,0.089,0.087,0.087,0.09,0.088
,19:14:16,36,0.09,0.089,0.088,0.09,0.089,0.088,0.087,0.089,0.089,0.088,0.088,0.088,0.09,0.354,0.3,0.366,0.38,0.306,0.433,0.253,0.345,0.331,0.381,0.089,0.09,0.354,0.365,0.332,0.362,0.373,0.369,0.355,0.34,0.082,0.361,0.088,0.09,0.353,0.313,0.412,0.354,0.213,0.374,0.367,0.348,0.362,0.415,0.089,0.089,1.222,0.995,1.089,1.183,0.67,1.117,0.599,1.141,0.943,1.27,0.089,0.09,1.202,1.121,1.131,1.242,1.153,1.202,1.212,1.183,0.092,1.277,0.09,0.09,1.257,1.013,1.267,1.161,1.136,1.2,1.139,1.209,1.224,1.235,0.09,0.09,0.091,0.089,0.092,0.088,0.087,0.088,0.089,0.087,0.088,0.09,0.088
,19:19:16,36,0.09,0.089,0.088,0.09,0.089,0.088,0.087,0.089,0.089,0.088,0.088,0.088,0.09,0.354,0.299,0.366,0.379,0.306,0.433,0.253,0.344,0.33,0.381,0.088,0.09,0.354,0.365,0.332,0.362,0.373,0.369,0.354,0.34,0.082,0.36,0.088,0.09,0.353,0.314,0.412,0.354,0.214,0.374,0.367,0.348,0.362,0.415,0.089,0.09,1.222,0.995,1.088,1.182,0.672,1.115,0.597,1.141,0.943,1.27,0.089,0.091,1.201,1.12,1.131,1.243,1.152,1.202,1.211,1.182,0.092,1.276,0.09,0.09,1.256,1.012,1.266,1.161,1.137,1.2,1.139,1.208,1.223,1.233,0.091,0.09,0.091,0.089,0.092,0.088,0.087,0.088,0.089,0.087,0.087,0.09,0.088
,19:24:16,36,0.09,0.089,0.088,0.09,0.089,0.088,0.087,0.089,0.089,0.088,0.088,0.088,0.09,0.354,0.299,0.366,0.379,0.306,0.433,0.253,0.343,0.331,0.38,0.089,0.09,0.354,0.365,0.331,0.361,0.372,0.369,0.354,0.34,0.082,0.36,0.088,0.09,0.353,0.313,0.412,0.354,0.215,0.374,0.366,0.348,0.362,0.415,0.089,0.09,1.221,0.993,1.088,1.181,0.671,1.115,0.595,1.14,0.942,1.269,0.09,0.091,1.201,1.119,1.129,1.242,1.15,1.201,1.21,1.182,0.092,1.276,0.09,0.09,1.256,1.01,1.266,1.161,1.135,1.199,1.138,1.208,1.222,1.232,0.091,0.09,0.091,0.089,0.092,0.088,0.087,0.088,0.089,0.087,0.088,0.09,0.088
,19:29:16,36.1,0.09,0.089,0.088,0.09,0.089,0.088,0.087,0.089,0.089,0.088,0.088,0.088,0.09,0.354,0.299,0.366,0.379,0.305,0.433,0.252,0.343,0.33,0.38,0.089,0.09,0.354,0.365,0.331,0.361,0.372,0.368,0.354,0.34,0.082,0.359,0.088,0.09,0.353,0.313,0.412,0.354,0.216,0.374,0.367,0.348,0.361,0.415,0.089,0.09,1.222,0.992,1.087,1.181,0.67,1.113,0.595,1.139,0.942,1.268,0.09,0.091,1.2,1.119,1.128,1.242,1.148,1.2,1.21,1.181,0.092,1.276,0.091,0.09,1.256,1.009,1.266,1.16,1.134,1.199,1.137,1.207,1.221,1.23,0.091,0.09,0.092,0.089,0.092,0.088,0.087,0.088,0.089,0.087,0.088,0.09,0.088
,19:34:16,36,0.09,0.089,0.089,0.091,0.089,0.088,0.087,0.089,0.089,0.088,0.088,0.088,0.09,0.354,0.298,0.366,0.378,0.305,0.433,0.252,0.343,0.33,0.38,0.089,0.09,0.354,0.364,0.331,0.361,0.372,0.368,0.354,0.34,0.082,0.359,0.088,0.09,0.353,0.312,0.412,0.353,0.217,0.374,0.367,0.348,0.36,0.415,0.089,0.09,1.22,0.99,1.086,1.179,0.67,1.112,0.593,1.139,0.941,1.268,0.09,0.091,1.199,1.117,1.128,1.242,1.147,1.2,1.21,1.18,0.092,1.276,0.091,0.09,1.255,1.007,1.265,1.16,1.133,1.198,1.137,1.206,1.22,1.231,0.091,0.09,0.092,0.089,0.092,0.088,0.087,0.088,0.09,0.087,0.088,0.09,0.088
,19:39:16,36,0.09,0.089,0.088,0.09,0.089,0.088,0.087,0.089,0.089,0.088,0.088,0.088,0.09,0.354,0.298,0.365,0.378,0.305,0.433,0.252,0.342,0.329,0.38,0.089,0.09,0.354,0.364,0.331,0.361,0.371,0.368,0.354,0.34,0.082,0.359,0.088,0.09,0.353,0.312,0.412,0.353,0.218,0.374,0.367,0.348,0.359,0.415,0.089,0.09,1.22,0.989,1.086,1.179,0.669,1.11,0.592,1.138,0.94,1.267,0.09,0.091,1.198,1.116,1.127,1.241,1.146,1.199,1.209,1.18,0.092,1.274,0.09,0.09,1.255,1.006,1.265,1.159,1.133,1.198,1.136,1.204,1.22,1.231,0.091,0.09,0.091,0.089,0.092,0.088,0.087,0.088,0.089,0.087,0.088,0.091,0.088
,19:44:16,36,0.09,0.089,0.088,0.09,0.089,0.088,0.087,0.089,0.089,0.088,0.088,0.088,0.09,0.354,0.297,0.365,0.378,0.305,0.433,0.252,0.342,0.329,0.379,0.089,0.09,0.354,0.363,0.33,0.361,0.371,0.368,0.353,0.34,0.082,0.358,0.088,0.09,0.353,0.312,0.412,0.353,0.22,0.373,0.367,0.348,0.358,0.415,0.089,0.09,1.22,0.987,1.085,1.178,0.667,1.109,0.59,1.137,0.939,1.267,0.09,0.091,1.198,1.115,1.126,1.24,1.144,1.198,1.208,1.179,0.092,1.273,0.091,0.09,1.255,1.004,1.264,1.159,1.131,1.197,1.136,1.204,1.219,1.23,0.091,0.09,0.092,0.089,0.092,0.088,0.087,0.088,0.089,0.087,0.088,0.09,0.088
,19:49:16,36,0.09,0.089,0.088,0.09,0.089,0.088,0.087,0.089,0.089,0.088,0.088,0.088,0.09,0.354,0.297,0.365,0.379,0.305,0.433,0.251,0.341,0.329,0.378,0.089,0.09,0.354,0.363,0.33,0.361,0.371,0.368,0.353,0.34,0.082,0.358,0.088,0.09,0.353,0.312,0.412,0.353,0.221,0.383,0.366,0.347,0.358,0.415,0.089,0.09,1.22,0.986,1.085,1.178,0.668,1.107,0.589,1.137,0.939,1.266,0.09,0.09,1.197,1.114,1.126,1.24,1.142,1.198,1.207,1.179,0.092,1.273,0.091,0.09,1.254,1.002,1.264,1.158,1.131,1.197,1.135,1.203,1.218,1.228,0.091,0.09,0.092,0.089,0.092,0.088,0.087,0.088,0.09,0.087,0.088,0.091,0.088
,19:54:16,36,0.09,0.089,0.088,0.091,0.089,0.088,0.087,0.089,0.089,0.088,0.088,0.088,0.09,0.354,0.297,0.365,0.377,0.305,0.433,0.251,0.341,0.329,0.379,0.089,0.09,0.354,0.363,0.33,0.361,0.371,0.368,0.353,0.339,0.082,0.358,0.088,0.09,0.353,0.311,0.412,0.353,0.222,0.374,0.366,0.347,0.358,0.414,0.089,0.09,1.219,0.985,1.085,1.177,0.671,1.106,0.588,1.136,0.938,1.266,0.09,0.091,1.197,1.113,1.125,1.24,1.141,1.197,1.207,1.177,0.092,1.272,0.091,0.09,1.254,1.001,1.263,1.158,1.131,1.196,1.135,1.203,1.218,1.227,0.091,0.09,0.092,0.089,0.092,0.088,0.087,0.088,0.089,0.087,0.088,0.09,0.088
,19:59:16,36,0.09,0.089,0.088,0.09,0.089,0.088,0.087,0.089,0.089,0.088,0.088,0.088,0.09,0.354,0.296,0.364,0.376,0.304,0.433,0.251,0.341,0.329,0.378,0.089,0.09,0.353,0.362,0.329,0.36,0.37,0.368,0.353,0.34,0.082,0.358,0.088,0.09,0.353,0.311,0.412,0.352,0.224,0.373,0.366,0.347,0.357,0.414,0.089,0.09,1.219,0.983,1.084,1.176,0.666,1.104,0.587,1.135,0.937,1.266,0.09,0.09,1.196,1.111,1.124,1.239,1.139,1.196,1.206,1.177,0.092,1.272,0.09,0.09,1.253,1,1.263,1.158,1.129,1.195,1.135,1.202,1.216,1.225,0.091,0.09,0.092,0.089,0.092,0.088,0.087,0.088,0.089,0.087,0.088,0.09,0.088
,20:04:16,36.1,0.09,0.089,0.089,0.091,0.089,0.088,0.087,0.089,0.089,0.088,0.088,0.088,0.09,0.354,0.296,0.364,0.377,0.304,0.433,0.251,0.341,0.329,0.378,0.089,0.09,0.354,0.362,0.329,0.36,0.37,0.368,0.353,0.34,0.082,0.357,0.088,0.09,0.352,0.311,0.412,0.352,0.226,0.374,0.366,0.347,0.356,0.414,0.089,0.09,1.218,0.982,1.083,1.175,0.665,1.103,0.587,1.135,0.936,1.265,0.09,0.091,1.195,1.11,1.123,1.239,1.138,1.196,1.206,1.177,0.092,1.271,0.091,0.09,1.253,0.998,1.262,1.158,1.128,1.194,1.134,1.201,1.216,1.224,0.091,0.09,0.092,0.089,0.092,0.088,0.087,0.088,0.089,0.087,0.088,0.09,0.088
,20:09:16,36.1,0.09,0.089,0.088,0.09,0.089,0.088,0.087,0.089,0.089,0.088,0.088,0.088,0.09,0.353,0.296,0.364,0.378,0.304,0.432,0.25,0.34,0.328,0.378,0.089,0.09,0.353,0.362,0.328,0.36,0.37,0.368,0.353,0.34,0.082,0.357,0.088,0.09,0.352,0.311,0.412,0.352,0.227,0.373,0.366,0.347,0.356,0.414,0.089,0.09,1.218,0.98,1.083,1.174,0.664,1.102,0.585,1.134,0.936,1.264,0.09,0.091,1.194,1.109,1.122,1.238,1.136,1.195,1.205,1.175,0.092,1.27,0.09,0.09,1.253,0.997,1.261,1.157,1.127,1.194,1.134,1.2,1.215,1.225,0.091,0.09,0.092,0.088,0.092,0.088,0.087,0.088,0.089,0.087,0.088,0.09,0.088
,20:14:16,36,0.09,0.089,0.088,0.09,0.089,0.088,0.087,0.089,0.089,0.088,0.088,0.088,0.09,0.353,0.296,0.364,0.377,0.304,0.433,0.251,0.34,0.328,0.377,0.089,0.09,0.353,0.362,0.328,0.36,0.37,0.367,0.352,0.339,0.082,0.356,0.088,0.09,0.352,0.31,0.412,0.352,0.229,0.373,0.366,0.346,0.355,0.414,0.089,0.09,1.218,0.979,1.083,1.174,0.667,1.101,0.584,1.133,0.934,1.264,0.09,0.091,1.194,1.108,1.121,1.238,1.135,1.194,1.205,1.175,0.092,1.27,0.091,0.09,1.252,0.995,1.261,1.156,1.128,1.193,1.133,1.199,1.215,1.228,0.091,0.09,0.091,0.089,0.092,0.088,0.087,0.088,0.089,0.087,0.088,0.09,0.088
,20:19:16,36,0.09,0.089,0.088,0.09,0.089,0.088,0.087,0.089,0.089,0.088,0.088,0.088,0.089,0.353,0.296,0.363,0.375,0.303,0.432,0.25,0.339,0.328,0.377,0.089,0.09,0.353,0.361,0.328,0.36,0.369,0.367,0.352,0.339,0.081,0.356,0.088,0.09,0.352,0.31,0.412,0.352,0.23,0.373,0.366,0.346,0.354,0.413,0.089,0.09,1.218,0.976,1.082,1.172,0.664,1.099,0.583,1.133,0.934,1.263,0.09,0.091,1.193,1.107,1.121,1.237,1.133,1.194,1.204,1.174,0.092,1.269,0.091,0.09,1.252,0.993,1.26,1.156,1.125,1.192,1.133,1.199,1.214,1.227,0.091,0.09,0.091,0.089,0.092,0.088,0.087,0.088,0.089,0.087,0.088,0.09,0.088
,20:24:16,36,0.09,0.089,0.088,0.09,0.089,0.088,0.087,0.089,0.089,0.088,0.088,0.088,0.09,0.353,0.295,0.363,0.375,0.303,0.433,0.25,0.339,0.328,0.377,0.089,0.09,0.352,0.361,0.328,0.36,0.369,0.368,0.352,0.339,0.082,0.356,0.088,0.09,0.352,0.31,0.413,0.351,0.232,0.373,0.366,0.347,0.354,0.414,0.089,0.09,1.218,0.975,1.082,1.172,0.664,1.098,0.582,1.132,0.933,1.263,0.09,0.091,1.192,1.106,1.12,1.237,1.132,1.193,1.203,1.174,0.092,1.269,0.091,0.09,1.252,0.992,1.26,1.155,1.124,1.192,1.132,1.198,1.213,1.225,0.091,0.09,0.092,0.089,0.092,0.088,0.087,0.088,0.089,0.087,0.088,0.09,0.088
,20:29:16,36.1,0.09,0.089,0.089,0.09,0.089,0.088,0.087,0.089,0.089,0.088,0.088,0.088,0.09,0.352,0.295,0.363,0.374,0.304,0.433,0.25,0.339,0.328,0.377,0.089,0.09,0.352,0.361,0.327,0.36,0.369,0.368,0.352,0.34,0.082,0.356,0.088,0.09,0.352,0.31,0.413,0.352,0.234,0.373,0.366,0.346,0.354,0.413,0.089,0.09,1.218,0.975,1.082,1.171,0.666,1.097,0.582,1.132,0.933,1.263,0.09,0.091,1.192,1.105,1.119,1.236,1.131,1.192,1.203,1.173,0.092,1.268,0.091,0.09,1.251,0.99,1.259,1.154,1.124,1.192,1.132,1.198,1.212,1.224,0.091,0.09,0.091,0.089,0.092,0.088,0.087,0.088,0.089,0.087,0.088,0.091,0.088
,20:34:16,36.1,0.09,0.089,0.088,0.09,0.089,0.088,0.087,0.089,0.089,0.088,0.088,0.088,0.09,0.352,0.295,0.362,0.374,0.303,0.432,0.25,0.339,0.328,0.376,0.089,0.09,0.352,0.361,0.327,0.359,0.369,0.368,0.352,0.339,0.081,0.356,0.088,0.089,0.352,0.309,0.413,0.351,0.236,0.373,0.366,0.346,0.353,0.413,0.089,0.09,1.216,0.973,1.08,1.169,0.663,1.095,0.581,1.132,0.931,1.262,0.09,0.09,1.191,1.103,1.118,1.236,1.129,1.192,1.202,1.172,0.092,1.268,0.091,0.09,1.25,0.989,1.259,1.153,1.123,1.19,1.131,1.197,1.211,1.223,0.091,0.09,0.092,0.089,0.092,0.088,0.087,0.088,0.089,0.087,0.088,0.09,0.088
,20:39:16,36,0.09,0.089,0.089,0.091,0.089,0.088,0.088,0.089,0.089,0.088,0.088,0.088,0.09,0.352,0.295,0.363,0.375,0.303,0.433,0.25,0.339,0.327,0.377,0.089,0.09,0.352,0.36,0.327,0.359,0.369,0.368,0.352,0.339,0.082,0.356,0.088,0.09,0.352,0.31,0.413,0.351,0.238,0.373,0.366,0.346,0.354,0.414,0.089,0.09,1.217,0.972,1.081,1.17,0.661,1.094,0.58,1.132,0.932,1.261,0.09,0.091,1.191,1.103,1.118,1.235,1.128,1.192,1.202,1.172,0.092,1.268,0.091,0.09,1.25,0.988,1.258,1.153,1.123,1.19,1.131,1.196,1.211,1.222,0.091,0.09,0.092,0.089,0.093,0.088,0.087,0.088,0.09,0.087,0.088,0.091,0.089
,20:44:16,36,0.09,0.089,0.089,0.091,0.089,0.088,0.087,0.089,0.089,0.088,0.088,0.088,0.09,0.351,0.294,0.362,0.375,0.302,0.432,0.25,0.338,0.327,0.376,0.089,0.09,0.352,0.36,0.326,0.359,0.368,0.368,0.352,0.339,0.082,0.355,0.088,0.09,0.352,0.31,0.413,0.351,0.239,0.373,0.366,0.346,0.353,0.413,0.089,0.09,1.216,0.97,1.079,1.169,0.661,1.093,0.579,1.131,0.93,1.261,0.09,0.091,1.19,1.101,1.117,1.235,1.126,1.19,1.201,1.171,0.092,1.267,0.091,0.09,1.25,0.987,1.258,1.152,1.121,1.19,1.131,1.195,1.21,1.223,0.091,0.09,0.092,0.089,0.092,0.088,0.087,0.088,0.089,0.087,0.088,0.091,0.088
,20:49:16,36,0.09,0.089,0.088,0.09,0.089,0.088,0.087,0.089,0.089,0.088,0.088,0.088,0.09,0.351,0.294,0.362,0.373,0.303,0.432,0.249,0.338,0.327,0.376,0.089,0.09,0.351,0.36,0.326,0.359,0.368,0.367,0.351,0.339,0.082,0.355,0.088,0.09,0.351,0.308,0.413,0.351,0.242,0.373,0.365,0.345,0.352,0.413,0.089,0.09,1.215,0.969,1.078,1.168,0.659,1.092,0.578,1.131,0.93,1.261,0.09,0.091,1.19,1.1,1.116,1.235,1.125,1.19,1.201,1.171,0.092,1.266,0.091,0.09,1.249,0.985,1.258,1.151,1.121,1.189,1.13,1.194,1.209,1.221,0.091,0.09,0.092,0.089,0.092,0.088,0.087,0.088,0.09,0.087,0.088,0.091,0.088
,20:54:16,36.1,0.09,0.089,0.088,0.09,0.089,0.088,0.087,0.089,0.089,0.088,0.088,0.088,0.09,0.351,0.294,0.362,0.373,0.302,0.433,0.249,0.338,0.327,0.376,0.089,0.09,0.351,0.36,0.326,0.358,0.368,0.367,0.352,0.339,0.081,0.355,0.088,0.09,0.352,0.309,0.413,0.351,0.243,0.373,0.366,0.346,0.352,0.413,0.089,0.09,1.215,0.967,1.078,1.167,0.661,1.091,0.577,1.131,0.929,1.26,0.09,0.091,1.189,1.099,1.115,1.234,1.123,1.189,1.2,1.169,0.092,1.265,0.091,0.09,1.249,0.983,1.257,1.15,1.121,1.188,1.129,1.194,1.208,1.219,0.091,0.09,0.092,0.089,0.092,0.088,0.087,0.088,0.089,0.087,0.088,0.091,0.088
,20:59:16,36,0.09,0.089,0.088,0.091,0.089,0.088,0.087,0.089,0.089,0.088,0.088,0.088,0.09,0.351,0.294,0.362,0.373,0.302,0.433,0.249,0.338,0.327,0.376,0.089,0.09,0.351,0.359,0.326,0.358,0.367,0.367,0.351,0.339,0.082,0.355,0.088,0.09,0.351,0.308,0.413,0.352,0.245,0.372,0.366,0.346,0.352,0.413,0.089,0.09,1.214,0.965,1.077,1.166,0.659,1.089,0.576,1.131,0.929,1.259,0.09,0.091,1.188,1.098,1.115,1.234,1.121,1.188,1.2,1.168,0.092,1.265,0.091,0.09,1.248,0.982,1.257,1.149,1.119,1.188,1.129,1.193,1.207,1.219,0.091,0.09,0.091,0.089,0.092,0.088,0.087,0.088,0.089,0.087,0.088,0.091,0.088
,21:04:16,36.1,0.09,0.089,0.088,0.09,0.089,0.088,0.087,0.089,0.089,0.088,0.088,0.088,0.09,0.351,0.294,0.361,0.373,0.302,0.433,0.249,0.338,0.327,0.376,0.089,0.09,0.35,0.359,0.325,0.358,0.367,0.367,0.351,0.339,0.081,0.355,0.088,0.09,0.351,0.308,0.413,0.351,0.247,0.372,0.366,0.346,0.351,0.412,0.089,0.09,1.214,0.963,1.077,1.164,0.657,1.088,0.575,1.13,0.928,1.259,0.09,0.091,1.188,1.097,1.114,1.233,1.12,1.188,1.199,1.168,0.092,1.264,0.091,0.09,1.248,0.98,1.256,1.149,1.118,1.187,1.128,1.192,1.207,1.219,0.091,0.09,0.091,0.089,0.092,0.088,0.087,0.088,0.089,0.087,0.088,0.091,0.088
,21:09:16,36,0.09,0.089,0.089,0.091,0.089,0.088,0.088,0.089,0.089,0.088,0.088,0.088,0.09,0.35,0.294,0.362,0.373,0.302,0.433,0.249,0.337,0.327,0.376,0.089,0.09,0.35,0.359,0.325,0.358,0.367,0.367,0.352,0.339,0.082,0.355,0.088,0.09,0.352,0.309,0.413,0.351,0.249,0.373,0.366,0.345,0.351,0.413,0.089,0.09,1.216,0.963,1.077,1.164,0.659,1.086,0.574,1.131,0.928,1.258,0.09,0.091,1.187,1.097,1.113,1.233,1.119,1.187,1.198,1.168,0.092,1.264,0.091,0.09,1.248,0.979,1.256,1.148,1.119,1.187,1.128,1.191,1.206,1.218,0.091,0.09,0.092,0.089,0.093,0.088,0.087,0.088,0.09,0.087,0.088,0.091,0.088
,21:14:16,36,0.09,0.089,0.089,0.091,0.089,0.088,0.087,0.089,0.089,0.088,0.088,0.088,0.09,0.35,0.294,0.362,0.372,0.302,0.433,0.249,0.338,0.326,0.376,0.089,0.09,0.351,0.358,0.325,0.358,0.367,0.366,0.351,0.339,0.082,0.355,0.088,0.09,0.352,0.308,0.413,0.351,0.251,0.373,0.366,0.345,0.351,0.413,0.089,0.09,1.216,0.961,1.077,1.164,0.654,1.086,0.573,1.131,0.926,1.258,0.09,0.091,1.187,1.095,1.112,1.232,1.118,1.186,1.198,1.167,0.092,1.263,0.091,0.09,1.248,0.978,1.255,1.147,1.116,1.186,1.127,1.191,1.206,1.215,0.091,0.09,0.092,0.089,0.092,0.088,0.087,0.088,0.09,0.087,0.088,0.091,0.088
,21:19:16,36.1,0.09,0.089,0.089,0.091,0.089,0.088,0.087,0.089,0.089,0.088,0.088,0.088,0.09,0.349,0.294,0.361,0.371,0.302,0.433,0.249,0.337,0.326,0.375,0.089,0.09,0.35,0.358,0.324,0.357,0.367,0.366,0.351,0.338,0.082,0.355,0.088,0.09,0.351,0.308,0.413,0.351,0.253,0.373,0.366,0.345,0.351,0.412,0.089,0.09,1.216,0.96,1.076,1.163,0.657,1.085,0.573,1.131,0.926,1.258,0.09,0.091,1.186,1.095,1.111,1.232,1.116,1.185,1.197,1.167,0.092,1.263,0.091,0.09,1.247,0.977,1.254,1.146,1.115,1.185,1.126,1.19,1.205,1.214,0.091,0.09,0.091,0.089,0.092,0.088,0.087,0.088,0.09,0.087,0.088,0.091,0.088
,21:24:16,36,0.09,0.089,0.088,0.091,0.089,0.088,0.087,0.089,0.089,0.088,0.088,0.088,0.09,0.349,0.293,0.361,0.371,0.301,0.433,0.248,0.337,0.326,0.376,0.089,0.09,0.35,0.358,0.324,0.357,0.367,0.366,0.351,0.338,0.082,0.355,0.088,0.09,0.351,0.308,0.413,0.351,0.256,0.373,0.365,0.345,0.35,0.412,0.089,0.09,1.215,0.958,1.075,1.162,0.654,1.084,0.572,1.131,0.924,1.257,0.09,0.091,1.186,1.093,1.111,1.232,1.115,1.185,1.197,1.166,0.092,1.263,0.091,0.09,1.246,0.976,1.254,1.145,1.115,1.185,1.126,1.189,1.204,1.217,0.091,0.09,0.092,0.089,0.092,0.088,0.087,0.088,0.089,0.087,0.088,0.091,0.088
,21:29:16,36.1,0.09,0.089,0.089,0.091,0.089,0.088,0.087,0.089,0.089,0.088,0.088,0.088,0.09,0.349,0.293,0.361,0.371,0.302,0.433,0.249,0.337,0.326,0.375,0.089,0.09,0.349,0.357,0.324,0.357,0.367,0.366,0.351,0.339,0.082,0.355,0.088,0.09,0.351,0.308,0.413,0.35,0.258,0.373,0.366,0.346,0.35,0.412,0.089,0.09,1.215,0.957,1.075,1.161,0.654,1.083,0.571,1.13,0.924,1.258,0.09,0.091,1.185,1.093,1.11,1.231,1.114,1.185,1.196,1.165,0.092,1.262,0.091,0.09,1.246,0.974,1.253,1.143,1.114,1.184,1.125,1.188,1.203,1.218,0.091,0.09,0.092,0.089,0.092,0.088,0.087,0.088,0.089,0.087,0.088,0.091,0.088
,21:34:16,36,0.09,0.089,0.088,0.091,0.089,0.088,0.087,0.089,0.089,0.088,0.088,0.088,0.09,0.348,0.293,0.361,0.371,0.3,0.433,0.248,0.337,0.325,0.375,0.089,0.09,0.35,0.357,0.324,0.357,0.366,0.366,0.351,0.338,0.082,0.355,0.088,0.09,0.351,0.307,0.413,0.35,0.26,0.372,0.365,0.345,0.35,0.412,0.089,0.09,1.214,0.956,1.074,1.159,0.654,1.081,0.57,1.129,0.923,1.257,0.09,0.091,1.185,1.092,1.109,1.231,1.112,1.184,1.196,1.165,0.092,1.261,0.091,0.09,1.246,0.972,1.253,1.142,1.111,1.183,1.125,1.188,1.202,1.216,0.091,0.09,0.092,0.089,0.092,0.088,0.087,0.088,0.089,0.087,0.088,0.091,0.088
,21:39:16,36,0.09,0.089,0.089,0.091,0.089,0.088,0.088,0.089,0.089,0.088,0.088,0.088,0.09,0.349,0.293,0.361,0.371,0.301,0.434,0.248,0.337,0.325,0.375,0.089,0.09,0.349,0.357,0.324,0.357,0.367,0.365,0.351,0.338,0.082,0.355,0.088,0.09,0.351,0.308,0.414,0.35,0.262,0.372,0.365,0.345,0.35,0.412,0.089,0.09,1.214,0.954,1.074,1.159,0.65,1.08,0.569,1.129,0.923,1.257,0.09,0.091,1.184,1.092,1.108,1.23,1.111,1.183,1.195,1.164,0.092,1.262,0.091,0.09,1.246,0.971,1.252,1.141,1.113,1.183,1.125,1.187,1.202,1.215,0.091,0.09,0.092,0.089,0.092,0.088,0.087,0.088,0.089,0.087,0.088,0.091,0.088
,21:44:16,36,0.09,0.089,0.089,0.091,0.089,0.088,0.087,0.089,0.089,0.088,0.088,0.088,0.09,0.349,0.293,0.361,0.372,0.301,0.434,0.248,0.337,0.325,0.375,0.089,0.09,0.349,0.356,0.323,0.357,0.367,0.365,0.351,0.339,0.082,0.355,0.088,0.09,0.351,0.307,0.414,0.35,0.265,0.374,0.366,0.346,0.35,0.412,0.089,0.09,1.214,0.954,1.074,1.159,0.653,1.079,0.568,1.129,0.923,1.256,0.09,0.091,1.183,1.091,1.107,1.23,1.11,1.183,1.195,1.163,0.092,1.261,0.091,0.09,1.245,0.97,1.252,1.14,1.111,1.182,1.125,1.187,1.202,1.215,0.091,0.09,0.092,0.089,0.092,0.088,0.088,0.088,0.09,0.088,0.088,0.091,0.089
,21:49:16,36,0.09,0.089,0.089,0.091,0.089,0.088,0.087,0.089,0.089,0.088,0.088,0.088,0.09,0.347,0.293,0.36,0.371,0.301,0.434,0.248,0.337,0.325,0.375,0.089,0.09,0.349,0.356,0.323,0.356,0.366,0.365,0.351,0.339,0.082,0.354,0.088,0.09,0.351,0.307,0.413,0.35,0.267,0.375,0.365,0.345,0.349,0.411,0.089,0.09,1.213,0.952,1.073,1.157,0.649,1.078,0.567,1.128,0.921,1.256,0.09,0.091,1.183,1.09,1.107,1.23,1.108,1.182,1.194,1.163,0.092,1.26,0.091,0.09,1.245,0.968,1.251,1.139,1.11,1.182,1.125,1.186,1.2,1.213,0.091,0.09,0.092,0.089,0.093,0.088,0.087,0.088,0.089,0.087,0.088,0.091,0.088
,21:54:16,36.1,0.09,0.089,0.088,0.091,0.089,0.088,0.087,0.089,0.089,0.088,0.088,0.088,0.09,0.347,0.293,0.36,0.37,0.3,0.434,0.248,0.337,0.325,0.375,0.089,0.09,0.348,0.356,0.323,0.356,0.366,0.365,0.351,0.338,0.081,0.355,0.088,0.09,0.351,0.307,0.414,0.35,0.27,0.373,0.365,0.345,0.349,0.412,0.089,0.09,1.212,0.951,1.072,1.157,0.677,1.077,0.567,1.128,0.921,1.256,0.09,0.091,1.183,1.089,1.106,1.229,1.107,1.181,1.193,1.162,0.092,1.259,0.091,0.09,1.244,0.967,1.251,1.138,1.108,1.181,1.124,1.185,1.2,1.212,0.091,0.09,0.092,0.089,0.092,0.088,0.087,0.088,0.089,0.087,0.088,0.091,0.088
,21:59:16,36.1,0.09,0.089,0.089,0.091,0.089,0.088,0.087,0.089,0.089,0.088,0.088,0.088,0.09,0.347,0.293,0.361,0.37,0.301,0.434,0.248,0.337,0.325,0.375,0.089,0.09,0.349,0.355,0.323,0.356,0.366,0.365,0.35,0.338,0.082,0.355,0.088,0.09,0.351,0.307,0.414,0.35,0.273,0.372,0.365,0.345,0.349,0.412,0.089,0.09,1.211,0.95,1.072,1.156,0.653,1.076,0.566,1.128,0.921,1.255,0.09,0.091,1.182,1.087,1.105,1.229,1.106,1.18,1.193,1.161,0.092,1.259,0.091,0.09,1.244,0.966,1.25,1.137,1.109,1.18,1.125,1.184,1.199,1.213,0.091,0.09,0.092,0.089,0.092,0.088,0.087,0.088,0.09,0.088,0.088,0.091,0.089
,22:04:16,36,0.09,0.089,0.089,0.091,0.089,0.088,0.087,0.089,0.089,0.088,0.088,0.088,0.09,0.347,0.293,0.36,0.369,0.3,0.434,0.247,0.337,0.325,0.374,0.089,0.09,0.348,0.355,0.322,0.356,0.366,0.364,0.35,0.338,0.081,0.355,0.088,0.09,0.351,0.306,0.414,0.349,0.275,0.373,0.365,0.345,0.348,0.411,0.089,0.09,1.211,0.948,1.071,1.155,0.639,1.075,0.564,1.127,0.92,1.255,0.09,0.091,1.181,1.086,1.104,1.228,1.105,1.18,1.192,1.16,0.092,1.258,0.091,0.09,1.243,0.964,1.25,1.136,1.108,1.179,1.124,1.183,1.199,1.212,0.091,0.09,0.092,0.089,0.092,0.088,0.087,0.088,0.09,0.087,0.088,0.091,0.088
,,,,,,,,,,,,,,,,,,,,,,,,,,,,,,,,,,,,,,,,,,,,,,,,,,,,,,,,,,,,,,,,,,,,,,,,,,,,,,,,,,,,,,,,,,,,,,,,,,
Results,,,,,,,,,,,,,,,,,,,,,,,,,,,,,,,,,,,,,,,,,,,,,,,,,,,,,,,,,,,,,,,,,,,,,,,,,,,,,,,,,,,,,,,,,,,,,,,,,,
,,,,,,,,,,,,,,,,,,,,,,,,,,,,,,,,,,,,,,,,,,,,,,,,,,,,,,,,,,,,,,,,,,,,,,,,,,,,,,,,,,,,,,,,,,,,,,,,,,
,,1,2,3,4,5,6,7,8,9,10,11,12,,,,,,,,,,,,,,,,,,,,,,,,,,,,,,,,,,,,,,,,,,,,,,,,,,,,,,,,,,,,,,,,,,,,,,,,,,,,,,,,,,,,,
,A,-0.04,-0.03,-0.038,-0.026,-0.02,0.024,0.028,0.024,-0.024,-0.064,0.02,-0.022,Max V [600],,,,,,,,,,,,,,,,,,,,,,,,,,,,,,,,,,,,,,,,,,,,,,,,,,,,,,,,,,,,,,,,,,,,,,,,,,,,,,,,,,,,
,,0.758,0.987,0.771,0.939,0.5,0.857,0.458,0.857,0.973,0.519,0.893,0.796,R-Squared [600],,,,,,,,,,,,,,,,,,,,,,,,,,,,,,,,,,,,,,,,,,,,,,,,,,,,,,,,,,,,,,,,,,,,,,,,,,,,,,,,,,,,
,,0:34:16,1:59:16,0:39:16,17:09:16,12:19:16,18:04:16,3:44:16,8:19:16,0:29:16,9:04:16,19:24:16,14:09:16,t at Max V [600],,,,,,,,,,,,,,,,,,,,,,,,,,,,,,,,,,,,,,,,,,,,,,,,,,,,,,,,,,,,,,,,,,,,,,,,,,,,,,,,,,,,
,,0:23:46,1:59:56,0:29:16,17:36:11,12:34:16,17:55:06,3:57:50,8:14:16,0:13:26,9:02:05,19:17:16,13:58:21,Lagtime [600],,,,,,,,,,,,,,,,,,,,,,,,,,,,,,,,,,,,,,,,,,,,,,,,,,,,,,,,,,,,,,,,,,,,,,,,,,,,,,,,,,,,
,B,-0.022,0.544,0.66,1.078,0.6,0.648,1.234,0.436,0.558,-1.23,0.54,-0.04,Max V [600],,,,,,,,,,,,,,,,,,,,,,,,,,,,,,,,,,,,,,,,,,,,,,,,,,,,,,,,,,,,,,,,,,,,,,,,,,,,,,,,,,,,
,,0.55,0.964,0.914,0.959,0.99,0.969,0.875,0.983,0.982,0.414,0.977,0.518,R-Squared [600],,,,,,,,,,,,,,,,,,,,,,,,,,,,,,,,,,,,,,,,,,,,,,,,,,,,,,,,,,,,,,,,,,,,,,,,,,,,,,,,,,,,
,,7:14:16,6:19:16,4:04:16,5:19:16,5:24:16,5:24:16,15:14:16,3:29:16,6:49:16,0:14:16,7:24:16,0:44:16,t at Max V [600],,,,,,,,,,,,,,,,,,,,,,,,,,,,,,,,,,,,,,,,,,,,,,,,,,,,,,,,,,,,,,,,,,,,,,,,,,,,,,,,,,,,
,,7:00:38,3:33:07,3:01:31,3:47:07,2:48:40,3:13:07,10:55:45,2:18:48,4:09:10,?????,4:14:52,0:42:46,Lagtime [600],,,,,,,,,,,,,,,,,,,,,,,,,,,,,,,,,,,,,,,,,,,,,,,,,,,,,,,,,,,,,,,,,,,,,,,,,,,,,,,,,,,,
,C,-0.02,0.676,0.682,0.552,0.722,0.51,0.576,0.582,0.58,-0.044,0.554,-0.028,Max V [600],,,,,,,,,,,,,,,,,,,,,,,,,,,,,,,,,,,,,,,,,,,,,,,,,,,,,,,,,,,,,,,,,,,,,,,,,,,,,,,,,,,,
,,1,0.992,0.965,0.998,0.88,0.985,1,0.991,1,0.543,0.997,0.79,R-Squared [600],,,,,,,,,,,,,,,,,,,,,,,,,,,,,,,,,,,,,,,,,,,,,,,,,,,,,,,,,,,,,,,,,,,,,,,,,,,,,,,,,,,,
,,0:29:16,5:14:16,4:59:16,5:54:16,2:24:16,9:44:16,4:39:16,5:44:16,4:44:16,1:54:16,9:19:16,17:09:16,t at Max V [600],,,,,,,,,,,,,,,,,,,,,,,,,,,,,,,,,,,,,,,,,,,,,,,,,,,,,,,,,,,,,,,,,,,,,,,,,,,,,,,,,,,,
,,0:19:16,3:37:26,3:05:57,2:35:26,2:01:30,4:46:02,2:36:13,3:57:42,2:58:08,2:02:27,4:42:09,17:15:42,Lagtime [600],,,,,,,,,,,,,,,,,,,,,,,,,,,,,,,,,,,,,,,,,,,,,,,,,,,,,,,,,,,,,,,,,,,,,,,,,,,,,,,,,,,,
,D,0.026,0.742,0.496,0.62,0.866,0.514,0.796,1.012,0.54,0.5,0.728,-0.024,Max V [600],,,,,,,,,,,,,,,,,,,,,,,,,,,,,,,,,,,,,,,,,,,,,,,,,,,,,,,,,,,,,,,,,,,,,,,,,,,,,,,,,,,,
,,0.797,0.923,1,0.999,0.96,0.998,0.999,0.892,0.919,0.996,0.998,0.655,R-Squared [600],,,,,,,,,,,,,,,,,,,,,,,,,,,,,,,,,,,,,,,,,,,,,,,,,,,,,,,,,,,,,,,,,,,,,,,,,,,,,,,,,,,,
,,18:04:16,6:49:16,4:24:16,8:04:16,6:44:16,21:49:16,6:24:16,4:44:16,8:19:16,10:39:16,12:29:16,6:29:16,t at Max V [600],,,,,,,,,,,,,,,,,,,,,,,,,,,,,,,,,,,,,,,,,,,,,,,,,,,,,,,,,,,,,,,,,,,,,,,,,,,,,,,,,,,,
,,17:58:07,3:58:47,2:37:13,3:19:55,4:16:46,15:58:34,3:51:53,3:11:04,4:21:07,5:18:47,7:02:17,6:29:16,Lagtime [600],,,,,,,,,,,,,,,,,,,,,,,,,,,,,,,,,,,,,,,,,,,,,,,,,,,,,,,,,,,,,,,,,,,,,,,,,,,,,,,,,,,,
,E,0.022,5.666,5.436,4.966,5.898,4.492,2.852,4.802,5.816,5.116,6.336,0.026,Max V [600],,,,,,,,,,,,,,,,,,,,,,,,,,,,,,,,,,,,,,,,,,,,,,,,,,,,,,,,,,,,,,,,,,,,,,,,,,,,,,,,,,,,
,,0.818,0.995,0.997,0.995,0.996,0.997,0.997,0.994,0.998,0.998,0.998,0.797,R-Squared [600],,,,,,,,,,,,,,,,,,,,,,,,,,,,,,,,,,,,,,,,,,,,,,,,,,,,,,,,,,,,,,,,,,,,,,,,,,,,,,,,,,,,
,,19:24:16,2:49:16,2:34:16,2:59:16,2:39:16,2:44:16,4:24:16,2:29:16,2:49:16,2:54:16,3:14:16,19:24:16,t at Max V [600],,,,,,,,,,,,,,,,,,,,,,,,,,,,,,,,,,,,,,,,,,,,,,,,,,,,,,,,,,,,,,,,,,,,,,,,,,,,,,,,,,,,
,,18:39:43,1:51:33,1:35:44,1:58:19,1:46:17,1:36:06,2:26:12,1:25:28,1:48:22,1:45:28,2:14:20,18:51:58,Lagtime [600],,,,,,,,,,,,,,,,,,,,,,,,,,,,,,,,,,,,,,,,,,,,,,,,,,,,,,,,,,,,,,,,,,,,,,,,,,,,,,,,,,,,
,F,-0.022,5.322,4.74,6.062,6.576,5.43,6.174,5.956,6.488,-0.024,6.218,0.026,Max V [600],,,,,,,,,,,,,,,,,,,,,,,,,,,,,,,,,,,,,,,,,,,,,,,,,,,,,,,,,,,,,,,,,,,,,,,,,,,,,,,,,,,,
,,0.403,0.998,0.999,0.998,0.992,0.999,0.999,0.995,0.995,0.857,0.998,0.983,R-Squared [600],,,,,,,,,,,,,,,,,,,,,,,,,,,,,,,,,,,,,,,,,,,,,,,,,,,,,,,,,,,,,,,,,,,,,,,,,,,,,,,,,,,,
,,0:14:16,2:39:16,3:09:16,2:49:16,2:39:16,3:09:16,2:49:16,3:04:16,2:54:16,17:09:16,2:59:16,2:39:16,t at Max V [600],,,,,,,,,,,,,,,,,,,,,,,,,,,,,,,,,,,,,,,,,,,,,,,,,,,,,,,,,,,,,,,,,,,,,,,,,,,,,,,,,,,,
,,?????,1:33:10,1:54:26,1:48:28,1:45:48,2:02:26,1:50:20,2:03:18,1:54:53,17:35:06,1:53:49,2:56:58,Lagtime [600],,,,,,,,,,,,,,,,,,,,,,,,,,,,,,,,,,,,,,,,,,,,,,,,,,,,,,,,,,,,,,,,,,,,,,,,,,,,,,,,,,,,
,G,-0.024,5.744,5.846,6.042,5.872,4.324,6.212,6.074,6.17,5.818,4.692,0.024,Max V [600],,,,,,,,,,,,,,,,,,,,,,,,,,,,,,,,,,,,,,,,,,,,,,,,,,,,,,,,,,,,,,,,,,,,,,,,,,,,,,,,,,,,
,,0.693,0.997,0.999,0.998,0.996,0.996,0.995,0.999,0.997,0.999,0.998,0.8,R-Squared [600],,,,,,,,,,,,,,,,,,,,,,,,,,,,,,,,,,,,,,,,,,,,,,,,,,,,,,,,,,,,,,,,,,,,,,,,,,,,,,,,,,,,
,,6:29:16,2:34:16,2:44:16,2:44:16,2:44:16,3:44:16,2:44:16,3:09:16,2:39:16,3:19:16,3:49:16,21:34:16,t at Max V [600],,,,,,,,,,,,,,,,,,,,,,,,,,,,,,,,,,,,,,,,,,,,,,,,,,,,,,,,,,,,,,,,,,,,,,,,,,,,,,,,,,,,
,,6:09:16,1:29:08,1:39:57,1:43:05,1:44:58,2:18:28,1:46:54,2:10:26,1:39:34,2:17:02,2:34:38,20:31:46,Lagtime [600],,,,,,,,,,,,,,,,,,,,,,,,,,,,,,,,,,,,,,,,,,,,,,,,,,,,,,,,,,,,,,,,,,,,,,,,,,,,,,,,,,,,
,H,0.03,0.022,0.028,0.026,0.022,-0.03,-0.024,0.02,0.032,0.024,0.026,-0.03,Max V [600],,,,,,,,,,,,,,,,,,,,,,,,,,,,,,,,,,,,,,,,,,,,,,,,,,,,,,,,,,,,,,,,,,,,,,,,,,,,,,,,,,,,
,,0.84,0.945,0.628,0.845,0.756,0.489,0.947,0.758,0.571,0.837,0.671,0.647,R-Squared [600],,,,,,,,,,,,,,,,,,,,,,,,,,,,,,,,,,,,,,,,,,,,,,,,,,,,,,,,,,,,,,,,,,,,,,,,,,,,,,,,,,,,
,,6:44:16,19:24:16,20:29:16,4:14:16,17:29:16,0:14:16,0:29:16,3:24:16,5:44:16,20:29:16,17:29:16,2:14:16,t at Max V [600],,,,,,,,,,,,,,,,,,,,,,,,,,,,,,,,,,,,,,,,,,,,,,,,,,,,,,,,,,,,,,,,,,,,,,,,,,,,,,,,,,,,
,,7:01:36,19:16:05,20:13:33,4:25:48,17:15:38,?????,0:10:06,3:27:16,5:46:46,19:49:16,17:04:39,2:11:36,Lagtime [600],,,,,,,,,,,,,,,,,,,,,,,,,,,,,,,,,,,,,,,,,,,,,,,,,,,,,,,,,,,,,,,,,,,,,,,,,,,,,,,,,,,,
