Software Version,3.11.19,,,,,,,,,,,,,,,,,,,,,,,,,,,,,,,,,,,,,,,,,,,,,,,,,,,,,,,,,,,,,,,,,,,,,,,,,,,,,,,,,,,,,,,,,,,,,,,,,
,,,,,,,,,,,,,,,,,,,,,,,,,,,,,,,,,,,,,,,,,,,,,,,,,,,,,,,,,,,,,,,,,,,,,,,,,,,,,,,,,,,,,,,,,,,,,,,,,,
Experiment File Path:,C:\Users\jelab\Documents\Gen 5\Experiment1.xpt,,,,,,,,,,,,,,,,,,,,,,,,,,,,,,,,,,,,,,,,,,,,,,,,,,,,,,,,,,,,,,,,,,,,,,,,,,,,,,,,,,,,,,,,,,,,,,,,,
Protocol File Path:,C:\Users\jelab\Documents\Gen 5\Edward Liu\16-03-26 RIFRxT 45c .prt,,,,,,,,,,,,,,,,,,,,,,,,,,,,,,,,,,,,,,,,,,,,,,,,,,,,,,,,,,,,,,,,,,,,,,,,,,,,,,,,,,,,,,,,,,,,,,,,,
Plate Number,Plate 3,,,,,,,,,,,,,,,,,,,,,,,,,,,,,,,,,,,,,,,,,,,,,,,,,,,,,,,,,,,,,,,,,,,,,,,,,,,,,,,,,,,,,,,,,,,,,,,,,
Date,18/03/2026,,,,,,,,,,,,,,,,,,,,,,,,,,,,,,,,,,,,,,,,,,,,,,,,,,,,,,,,,,,,,,,,,,,,,,,,,,,,,,,,,,,,,,,,,,,,,,,,,
Time,10:03:09 AM,,,,,,,,,,,,,,,,,,,,,,,,,,,,,,,,,,,,,,,,,,,,,,,,,,,,,,,,,,,,,,,,,,,,,,,,,,,,,,,,,,,,,,,,,,,,,,,,,
Reader Type:,Epoch 2,,,,,,,,,,,,,,,,,,,,,,,,,,,,,,,,,,,,,,,,,,,,,,,,,,,,,,,,,,,,,,,,,,,,,,,,,,,,,,,,,,,,,,,,,,,,,,,,,
Reader Serial Number:,23032330,,,,,,,,,,,,,,,,,,,,,,,,,,,,,,,,,,,,,,,,,,,,,,,,,,,,,,,,,,,,,,,,,,,,,,,,,,,,,,,,,,,,,,,,,,,,,,,,,
Reading Type,Reader,,,,,,,,,,,,,,,,,,,,,,,,,,,,,,,,,,,,,,,,,,,,,,,,,,,,,,,,,,,,,,,,,,,,,,,,,,,,,,,,,,,,,,,,,,,,,,,,,
,,,,,,,,,,,,,,,,,,,,,,,,,,,,,,,,,,,,,,,,,,,,,,,,,,,,,,,,,,,,,,,,,,,,,,,,,,,,,,,,,,,,,,,,,,,,,,,,,,
Procedure Details,,,,,,,,,,,,,,,,,,,,,,,,,,,,,,,,,,,,,,,,,,,,,,,,,,,,,,,,,,,,,,,,,,,,,,,,,,,,,,,,,,,,,,,,,,,,,,,,,,
Plate Type,96 WELL PLATE (Use plate lid),,,,,,,,,,,,,,,,,,,,,,,,,,,,,,,,,,,,,,,,,,,,,,,,,,,,,,,,,,,,,,,,,,,,,,,,,,,,,,,,,,,,,,,,,,,,,,,,,
Eject plate on completion,,,,,,,,,,,,,,,,,,,,,,,,,,,,,,,,,,,,,,,,,,,,,,,,,,,,,,,,,,,,,,,,,,,,,,,,,,,,,,,,,,,,,,,,,,,,,,,,,,
Set Temperature,"Setpoint 45°C, Gradient 0 °C",,,,,,,,,,,,,,,,,,,,,,,,,,,,,,,,,,,,,,,,,,,,,,,,,,,,,,,,,,,,,,,,,,,,,,,,,,,,,,,,,,,,,,,,,,,,,,,,,
,Preheat before moving to next step,,,,,,,,,,,,,,,,,,,,,,,,,,,,,,,,,,,,,,,,,,,,,,,,,,,,,,,,,,,,,,,,,,,,,,,,,,,,,,,,,,,,,,,,,,,,,,,,,
Start Kinetic,"Runtime 22:00:00 (HH:MM:SS), Interval 0:05:00, 265 Reads",,,,,,,,,,,,,,,,,,,,,,,,,,,,,,,,,,,,,,,,,,,,,,,,,,,,,,,,,,,,,,,,,,,,,,,,,,,,,,,,,,,,,,,,,,,,,,,,,
    Shake,Linear: Continuous,,,,,,,,,,,,,,,,,,,,,,,,,,,,,,,,,,,,,,,,,,,,,,,,,,,,,,,,,,,,,,,,,,,,,,,,,,,,,,,,,,,,,,,,,,,,,,,,,
,Frequency: 567 cpm (3 mm),,,,,,,,,,,,,,,,,,,,,,,,,,,,,,,,,,,,,,,,,,,,,,,,,,,,,,,,,,,,,,,,,,,,,,,,,,,,,,,,,,,,,,,,,,,,,,,,,
    Read,Absorbance Endpoint,,,,,,,,,,,,,,,,,,,,,,,,,,,,,,,,,,,,,,,,,,,,,,,,,,,,,,,,,,,,,,,,,,,,,,,,,,,,,,,,,,,,,,,,,,,,,,,,,
,Full Plate,,,,,,,,,,,,,,,,,,,,,,,,,,,,,,,,,,,,,,,,,,,,,,,,,,,,,,,,,,,,,,,,,,,,,,,,,,,,,,,,,,,,,,,,,,,,,,,,,
,Wavelengths:  600,,,,,,,,,,,,,,,,,,,,,,,,,,,,,,,,,,,,,,,,,,,,,,,,,,,,,,,,,,,,,,,,,,,,,,,,,,,,,,,,,,,,,,,,,,,,,,,,,
,"Read Speed: Normal,  Delay: 100 msec,  Measurements/Data Point: 8",,,,,,,,,,,,,,,,,,,,,,,,,,,,,,,,,,,,,,,,,,,,,,,,,,,,,,,,,,,,,,,,,,,,,,,,,,,,,,,,,,,,,,,,,,,,,,,,,
End Kinetic,,,,,,,,,,,,,,,,,,,,,,,,,,,,,,,,,,,,,,,,,,,,,,,,,,,,,,,,,,,,,,,,,,,,,,,,,,,,,,,,,,,,,,,,,,,,,,,,,,
,,,,,,,,,,,,,,,,,,,,,,,,,,,,,,,,,,,,,,,,,,,,,,,,,,,,,,,,,,,,,,,,,,,,,,,,,,,,,,,,,,,,,,,,,,,,,,,,,,
600,,,,,,,,,,,,,,,,,,,,,,,,,,,,,,,,,,,,,,,,,,,,,,,,,,,,,,,,,,,,,,,,,,,,,,,,,,,,,,,,,,,,,,,,,,,,,,,,,,
,,,,,,,,,,,,,,,,,,,,,,,,,,,,,,,,,,,,,,,,,,,,,,,,,,,,,,,,,,,,,,,,,,,,,,,,,,,,,,,,,,,,,,,,,,,,,,,,,,
,Time,T° 600,A1,A2,A3,A4,A5,A6,A7,A8,A9,A10,A11,A12,B1,B2,B3,B4,B5,B6,B7,B8,B9,B10,B11,B12,C1,C2,C3,C4,C5,C6,C7,C8,C9,C10,C11,C12,D1,D2,D3,D4,D5,D6,D7,D8,D9,D10,D11,D12,E1,E2,E3,E4,E5,E6,E7,E8,E9,E10,E11,E12,F1,F2,F3,F4,F5,F6,F7,F8,F9,F10,F11,F12,G1,G2,G3,G4,G5,G6,G7,G8,G9,G10,G11,G12,H1,H2,H3,H4,H5,H6,H7,H8,H9,H10,H11,H12
,0:04:16,44.9,0.0886,0.0874,0.087,0.0866,0.0863,0.0851,0.0865,0.0873,0.0849,0.0951,0.0887,0.0854,0.0887,0.0844,0.0845,0.0856,0.0849,0.09,0.1031,0.0909,0.0917,0.0892,0.0978,0.0857,0.0871,0.0892,0.089,0.0906,0.0831,0.0857,0.09,0.0909,0.0902,0.0859,0.0869,0.0869,0.0867,0.0889,0.0843,0.0857,0.0871,0.0822,0.084,0.0875,0.089,0.0854,0.0818,0.0862,0.0852,0.1983,0.1548,0.1285,0.095,0.1048,0.0986,0.0939,0.1022,0.0972,0.0948,0.0912,0.0863,0.0998,0.1251,0.1055,0.1051,0.0976,0.0938,0.0981,0.0871,0.0896,0.0909,0.0866,0.0869,0.0896,0.1028,0.0989,0.098,0.0854,0.1053,0.104,0.1016,0.0951,0.1023,0.0859,0.0865,0.0874,0.0909,0.0864,0.0866,0.0872,0.0855,0.0861,0.0863,0.0862,0.0856,0.0848
,0:09:16,44.9,0.0889,0.0872,0.0868,0.087,0.0864,0.0854,0.0869,0.087,0.0851,0.0955,0.0894,0.0856,0.0883,0.0851,0.085,0.0862,0.0853,0.0919,0.1027,0.0875,0.0883,0.0874,0.0966,0.0861,0.0876,0.0906,0.0862,0.0901,0.0824,0.086,0.0883,0.0947,0.0911,0.087,0.0873,0.0869,0.0867,0.0897,0.0845,0.0869,0.0875,0.0818,0.0839,0.0873,0.0889,0.0853,0.0816,0.0863,0.0857,0.219,0.1783,0.1418,0.0952,0.1063,0.0989,0.0933,0.1063,0.0975,0.0944,0.0911,0.0859,0.1013,0.1295,0.1067,0.1037,0.0995,0.0945,0.0986,0.087,0.0899,0.0913,0.087,0.0867,0.0899,0.1013,0.1003,0.0979,0.0861,0.1068,0.1013,0.1016,0.0944,0.1007,0.0858,0.0865,0.0876,0.0911,0.0859,0.0861,0.0874,0.0853,0.0864,0.0863,0.0861,0.086,0.0851
,0:14:16,45,0.0881,0.0865,0.0858,0.0867,0.0858,0.0845,0.0862,0.0871,0.0845,0.0943,0.0893,0.0852,0.088,0.0841,0.0845,0.0848,0.0843,0.0879,0.0937,0.0846,0.0875,0.0865,0.0908,0.0854,0.0865,0.0902,0.084,0.0885,0.0816,0.0852,0.0857,0.0897,0.0897,0.0865,0.0865,0.0859,0.086,0.0878,0.0833,0.0978,0.0867,0.0819,0.0831,0.0866,0.0884,0.085,0.0812,0.0854,0.0851,0.2105,0.2173,0.149,0.0944,0.1065,0.0979,0.0929,0.1095,0.096,0.0943,0.0904,0.0853,0.1008,0.1259,0.1078,0.1027,0.0989,0.0937,0.0983,0.0862,0.0891,0.0901,0.0865,0.0865,0.0891,0.1041,0.1013,0.0998,0.0849,0.1059,0.0982,0.1009,0.0935,0.1006,0.0852,0.0858,0.087,0.0903,0.0863,0.0857,0.0869,0.085,0.0856,0.0859,0.0854,0.0857,0.0855
,0:19:16,45,0.088,0.0868,0.0862,0.0868,0.0862,0.0849,0.0864,0.0869,0.0849,0.0946,0.0889,0.0853,0.0878,0.0849,0.0844,0.0845,0.0841,0.0871,0.0907,0.0841,0.0878,0.0865,0.0896,0.0858,0.0872,0.0878,0.1163,0.0874,0.0818,0.0874,0.086,0.0872,0.0899,0.0846,0.0868,0.086,0.0859,0.1078,0.0855,0.0847,0.0867,0.0852,0.0831,0.0866,0.0884,0.0846,0.0807,0.0856,0.0851,0.1816,0.1921,0.1575,0.0944,0.1071,0.0978,0.0928,0.1084,0.0962,0.0944,0.0901,0.0852,0.1011,0.1243,0.1087,0.1026,0.0986,0.0948,0.0981,0.0866,0.0902,0.0906,0.0861,0.0862,0.0894,0.1049,0.1013,0.0971,0.0854,0.1056,0.0966,0.1012,0.0933,0.1001,0.0853,0.086,0.0871,0.0903,0.0856,0.0857,0.0865,0.0851,0.0861,0.0858,0.086,0.0857,0.0868
,0:24:16,45,0.0884,0.0869,0.0865,0.0868,0.0861,0.0854,0.0862,0.0867,0.085,0.0949,0.0892,0.0853,0.088,0.0851,0.0847,0.0836,0.0838,0.0866,0.0912,0.0845,0.0876,0.0869,0.089,0.0855,0.0869,0.0875,0.0841,0.087,0.082,0.0882,0.0855,0.0861,0.0897,0.0846,0.0868,0.0859,0.0859,0.0943,0.0843,0.0885,0.0868,0.0936,0.0829,0.0863,0.0882,0.0857,0.0806,0.0861,0.0851,0.1577,0.1691,0.1602,0.0948,0.1078,0.0982,0.0933,0.1079,0.0962,0.0947,0.0901,0.0854,0.1012,0.1238,0.1084,0.1028,0.0984,0.0937,0.0981,0.0861,0.0896,0.0904,0.0865,0.0868,0.0898,0.1009,0.1013,0.0974,0.0857,0.1125,0.0966,0.1009,0.0935,0.0996,0.0852,0.0857,0.087,0.0909,0.0862,0.0859,0.087,0.085,0.0854,0.0863,0.0862,0.0856,0.0866
,0:29:16,45,0.0882,0.0872,0.0889,0.0868,0.086,0.0848,0.0867,0.0866,0.0854,0.095,0.0892,0.0852,0.0877,0.0839,0.0846,0.0841,0.0841,0.0865,0.0891,0.0841,0.0874,0.0866,0.0896,0.0853,0.0874,0.0889,0.105,0.0872,0.0817,0.085,0.0842,0.0859,0.0891,0.0844,0.0867,0.086,0.086,0.1077,0.0831,0.0847,0.0864,0.0984,0.0837,0.0862,0.0885,0.0852,0.0805,0.0854,0.0848,0.1522,0.1668,0.1623,0.0946,0.1087,0.0979,0.0925,0.1081,0.0961,0.0941,0.0902,0.0853,0.1015,0.1245,0.1089,0.1031,0.0985,0.0945,0.0978,0.0865,0.0898,0.0907,0.086,0.0866,0.0896,0.1023,0.1017,0.0974,0.0855,0.1057,0.0962,0.101,0.0938,0.1002,0.0854,0.0855,0.0866,0.0906,0.086,0.086,0.0868,0.0854,0.0857,0.0857,0.0864,0.0857,0.0869
,0:34:16,44.9,0.0879,0.0871,0.0888,0.0865,0.086,0.0851,0.0863,0.0866,0.0848,0.0941,0.0892,0.0851,0.0877,0.0829,0.0839,0.0848,0.0845,0.0857,0.0901,0.0842,0.0877,0.0869,0.0891,0.0859,0.0864,0.0868,0.1082,0.087,0.0814,0.0883,0.0864,0.0864,0.089,0.0844,0.0875,0.0859,0.0859,0.0952,0.086,0.0898,0.0864,0.0972,0.0856,0.0862,0.0884,0.0863,0.081,0.0851,0.0851,0.1505,0.1677,0.1636,0.0949,0.1105,0.0983,0.0928,0.1085,0.0953,0.0951,0.0905,0.0857,0.1026,0.1256,0.1086,0.1034,0.0988,0.0941,0.0979,0.0864,0.0901,0.0906,0.0859,0.0863,0.09,0.1015,0.1018,0.0989,0.085,0.1101,0.0962,0.1014,0.0937,0.1016,0.0851,0.086,0.0872,0.0902,0.0857,0.0858,0.087,0.0849,0.0857,0.0863,0.0859,0.0855,0.0865
,0:39:16,44.9,0.0881,0.0865,0.0874,0.0861,0.0855,0.0852,0.086,0.0865,0.0851,0.0941,0.0892,0.0853,0.0872,0.0835,0.0834,0.0835,0.0833,0.0857,0.0902,0.0841,0.0875,0.0865,0.089,0.0852,0.0867,0.0869,0.0834,0.0868,0.0817,0.0846,0.0837,0.085,0.0886,0.0841,0.0872,0.086,0.0859,0.0884,0.0891,0.0834,0.0857,0.0895,0.0854,0.0864,0.0885,0.0857,0.0804,0.0852,0.0845,0.1524,0.1708,0.1653,0.0962,0.1118,0.098,0.0929,0.1094,0.0956,0.0952,0.0901,0.0857,0.1031,0.1272,0.1088,0.1035,0.0984,0.0941,0.098,0.0863,0.0902,0.0939,0.086,0.0864,0.0902,0.1031,0.1007,0.0975,0.0853,0.1047,0.0958,0.1004,0.0935,0.1024,0.0853,0.0853,0.0862,0.0905,0.0859,0.0857,0.0869,0.0847,0.0858,0.086,0.0857,0.0855,0.0863
,0:44:16,45,0.0878,0.0866,0.0885,0.0868,0.0858,0.0851,0.0864,0.0868,0.0849,0.0942,0.0899,0.0856,0.0876,0.0849,0.0837,0.084,0.0835,0.0858,0.0899,0.0845,0.0873,0.0867,0.0902,0.0855,0.0865,0.0875,0.0833,0.0863,0.0818,0.0845,0.0842,0.0856,0.0887,0.0844,0.0868,0.086,0.0857,0.0987,0.0829,0.0836,0.086,0.0861,0.0847,0.0857,0.0885,0.0863,0.0806,0.0853,0.0849,0.1553,0.1756,0.168,0.0955,0.1144,0.0983,0.0935,0.1104,0.0955,0.0955,0.0904,0.0854,0.1045,0.1295,0.1095,0.1039,0.0988,0.095,0.0982,0.0866,0.0901,0.091,0.0858,0.0865,0.0903,0.1032,0.1015,0.1002,0.0849,0.1046,0.0961,0.1012,0.0939,0.1038,0.0856,0.0851,0.0867,0.0906,0.086,0.0861,0.0872,0.0855,0.0859,0.0862,0.0859,0.0857,0.0862
,0:49:16,45.1,0.0876,0.0877,0.0871,0.0865,0.0906,0.085,0.0865,0.087,0.0853,0.0943,0.09,0.0851,0.0881,0.0837,0.0836,0.0837,0.0839,0.087,0.0924,0.0846,0.0884,0.0868,0.0904,0.0858,0.0867,0.0877,0.0834,0.0871,0.0819,0.087,0.0853,0.0856,0.0888,0.0841,0.0874,0.0859,0.0866,0.0909,0.0931,0.0849,0.0861,0.0882,0.0871,0.086,0.0889,0.0854,0.0811,0.0858,0.085,0.16,0.1818,0.172,0.0966,0.1171,0.0983,0.0937,0.112,0.0965,0.0967,0.0895,0.0854,0.1066,0.1333,0.1101,0.1048,0.1012,0.0956,0.0987,0.0866,0.0908,0.0918,0.0863,0.0869,0.0907,0.1051,0.1033,0.0994,0.0853,0.1048,0.0974,0.1016,0.0941,0.1062,0.0856,0.0858,0.0867,0.0908,0.0857,0.0862,0.0873,0.0854,0.0863,0.0865,0.0864,0.0863,0.0856
,0:54:16,45,0.0875,0.0865,0.0887,0.0862,0.0915,0.085,0.0858,0.0862,0.0845,0.0939,0.089,0.0847,0.0877,0.0943,0.0835,0.0838,0.085,0.0862,0.0892,0.0837,0.0878,0.0861,0.0895,0.0854,0.0862,0.0912,0.0829,0.0863,0.0816,0.0862,0.0835,0.0855,0.0886,0.084,0.0869,0.0851,0.0855,0.1151,0.0901,0.0845,0.0858,0.0927,0.0865,0.0856,0.0882,0.0852,0.0806,0.0849,0.0845,0.1639,0.1874,0.1746,0.0968,0.1198,0.0983,0.096,0.114,0.0958,0.0971,0.0898,0.0854,0.1077,0.1364,0.11,0.1046,0.0989,0.0962,0.0995,0.0865,0.0907,0.0917,0.0853,0.0859,0.0903,0.1062,0.1046,0.1001,0.085,0.1046,0.0972,0.1012,0.0939,0.1075,0.0852,0.085,0.0865,0.0901,0.0853,0.0856,0.0873,0.0844,0.0855,0.085,0.0853,0.085,0.0858
,0:59:16,45,0.0876,0.0872,0.0867,0.0864,0.0895,0.0849,0.0865,0.087,0.085,0.0939,0.0895,0.0858,0.0877,0.0834,0.0837,0.0838,0.0832,0.0858,0.0912,0.0842,0.0878,0.0866,0.0899,0.0857,0.0868,0.087,0.0869,0.0866,0.0819,0.0867,0.0849,0.0858,0.089,0.0843,0.0869,0.0859,0.0859,0.0979,0.0838,0.0859,0.0863,0.0898,0.0862,0.0863,0.089,0.0848,0.0815,0.0853,0.0846,0.1641,0.1955,0.1781,0.0983,0.1236,0.0995,0.0947,0.1171,0.096,0.0979,0.0898,0.0851,0.1088,0.1416,0.111,0.1058,0.0999,0.0975,0.0997,0.086,0.0913,0.0934,0.0861,0.0865,0.0899,0.1088,0.1074,0.1014,0.0853,0.1049,0.099,0.1017,0.0946,0.1105,0.0858,0.0856,0.0871,0.0908,0.0856,0.086,0.0874,0.0846,0.086,0.0863,0.0857,0.0855,0.0875
,1:04:16,45.1,0.0873,0.0866,0.087,0.0861,0.0871,0.0848,0.0858,0.0868,0.0852,0.0936,0.0895,0.0849,0.0876,0.0846,0.0834,0.0834,0.0831,0.0858,0.0893,0.0843,0.0873,0.0866,0.0923,0.0851,0.0867,0.089,0.0828,0.0866,0.0809,0.0855,0.0833,0.0861,0.0892,0.0838,0.0873,0.0847,0.0856,0.107,0.0854,0.0835,0.0858,0.0873,0.0861,0.0859,0.0882,0.0858,0.0803,0.0849,0.0845,0.1611,0.2044,0.183,0.0989,0.1284,0.0993,0.0964,0.119,0.096,0.0987,0.0895,0.0853,0.1104,0.1459,0.1115,0.106,0.1008,0.0973,0.1008,0.0856,0.0919,0.0936,0.0852,0.0861,0.0898,0.1105,0.1102,0.1026,0.0848,0.105,0.0991,0.102,0.0948,0.1126,0.0853,0.0855,0.0867,0.0901,0.0852,0.0856,0.0864,0.0849,0.0858,0.0858,0.0857,0.0855,0.0863
,1:09:16,44.9,0.0878,0.087,0.0879,0.0862,0.0883,0.0846,0.0865,0.087,0.0849,0.0941,0.0898,0.0856,0.0879,0.0833,0.0859,0.0841,0.0833,0.0863,0.0922,0.0843,0.0875,0.0865,0.0915,0.0856,0.0867,0.0867,0.1037,0.0864,0.0816,0.0912,0.0886,0.0921,0.0884,0.0843,0.0869,0.0859,0.0859,0.1118,0.0869,0.0851,0.0863,0.0913,0.0868,0.0858,0.0882,0.0853,0.0807,0.0855,0.0848,0.1668,0.2143,0.1886,0.1005,0.1344,0.1004,0.0965,0.1228,0.0969,0.1001,0.09,0.0853,0.1131,0.1523,0.1132,0.1071,0.1026,0.0994,0.1021,0.0865,0.0929,0.0947,0.0857,0.0863,0.0899,0.113,0.1125,0.104,0.0853,0.1052,0.1009,0.103,0.096,0.1155,0.0855,0.0854,0.0869,0.0906,0.0856,0.0855,0.0873,0.0855,0.0859,0.0859,0.0857,0.0852,0.087
,1:14:16,45,0.0874,0.0868,0.0885,0.0859,0.0892,0.0848,0.0865,0.0865,0.0856,0.0936,0.0896,0.086,0.0878,0.0856,0.084,0.0849,0.0829,0.0862,0.0907,0.0842,0.0876,0.0862,0.0908,0.0851,0.0864,0.0868,0.0829,0.0861,0.0811,0.0871,0.0874,0.0861,0.0884,0.0837,0.0873,0.0852,0.0851,0.1015,0.0874,0.0879,0.0867,0.0924,0.087,0.086,0.0882,0.0847,0.082,0.0849,0.0846,0.1649,0.2214,0.1941,0.1018,0.1394,0.1004,0.0976,0.1256,0.0969,0.1024,0.0898,0.0855,0.1143,0.1574,0.1143,0.1075,0.1045,0.1003,0.1027,0.0863,0.0931,0.0939,0.0855,0.0862,0.0899,0.1156,0.1154,0.1065,0.085,0.1051,0.1019,0.1034,0.0985,0.1194,0.0847,0.0854,0.0862,0.0899,0.0856,0.0852,0.0874,0.0849,0.0857,0.0855,0.0856,0.0855,0.0871
,1:19:16,45,0.0885,0.087,0.088,0.0865,0.0898,0.0856,0.0862,0.0867,0.0851,0.0943,0.0897,0.086,0.0881,0.0847,0.0833,0.0842,0.0836,0.0862,0.0907,0.0852,0.088,0.0867,0.0903,0.0856,0.0871,0.0876,0.1086,0.0871,0.0822,0.0871,0.0851,0.0857,0.0891,0.0844,0.0874,0.0859,0.0858,0.1014,0.0892,0.0843,0.0871,0.0898,0.0859,0.0866,0.0884,0.0855,0.0809,0.0852,0.0854,0.1669,0.2307,0.201,0.1042,0.1466,0.1023,0.0993,0.1303,0.0982,0.1039,0.0897,0.0857,0.1171,0.1641,0.1152,0.108,0.1067,0.1019,0.1042,0.0867,0.0941,0.0953,0.0859,0.0863,0.0905,0.1196,0.1192,0.1082,0.0851,0.1054,0.1032,0.1044,0.0963,0.1227,0.0854,0.0861,0.0868,0.0905,0.0863,0.0859,0.0872,0.0853,0.0861,0.0864,0.0862,0.0856,0.088
,1:24:16,45.1,0.0884,0.0872,0.0856,0.0864,0.0916,0.0849,0.0867,0.0867,0.0848,0.0945,0.0898,0.0852,0.0878,0.0957,0.0839,0.0841,0.0834,0.0864,0.0911,0.0845,0.0882,0.0866,0.0905,0.0853,0.0867,0.087,0.0885,0.0865,0.0816,0.0876,0.0853,0.0857,0.089,0.0846,0.0878,0.0856,0.0858,0.0948,0.0928,0.0849,0.0864,0.0969,0.0861,0.0863,0.0881,0.0843,0.0812,0.0852,0.0847,0.1757,0.2381,0.2054,0.1063,0.1539,0.1028,0.1003,0.1345,0.0986,0.1064,0.0898,0.0861,0.12,0.168,0.1173,0.1094,0.1082,0.103,0.1048,0.0861,0.0952,0.0981,0.086,0.0862,0.0905,0.1227,0.1235,0.11,0.085,0.1059,0.1053,0.1055,0.0972,0.1267,0.0858,0.0859,0.0864,0.0907,0.0858,0.0859,0.0871,0.085,0.0855,0.0864,0.0858,0.0854,0.0852
,1:29:16,44.9,0.0876,0.0873,0.0867,0.0861,0.0921,0.0847,0.0867,0.0867,0.0846,0.094,0.0894,0.0857,0.0874,0.0833,0.0838,0.0863,0.0836,0.086,0.0909,0.0845,0.088,0.086,0.0911,0.0854,0.0864,0.0865,0.0936,0.0869,0.0819,0.0874,0.0859,0.0856,0.09,0.0839,0.0867,0.0851,0.0861,0.0965,0.0894,0.0842,0.0869,0.0877,0.0847,0.0862,0.0882,0.0842,0.0802,0.0852,0.0843,0.1838,0.2467,0.211,0.1085,0.1614,0.1041,0.103,0.1385,0.099,0.1089,0.0897,0.0854,0.1229,0.1721,0.1188,0.1091,0.1109,0.1054,0.1068,0.086,0.0967,0.0966,0.0859,0.0859,0.0907,0.1258,0.128,0.1128,0.0847,0.1062,0.1073,0.1064,0.0974,0.1315,0.0858,0.0855,0.0863,0.0901,0.0861,0.086,0.0877,0.0847,0.086,0.0861,0.086,0.0856,0.0862
,1:34:16,45,0.0886,0.0873,0.0881,0.0868,0.0878,0.085,0.0866,0.0864,0.0851,0.0936,0.0902,0.0859,0.0881,0.0831,0.0832,0.0843,0.0834,0.0866,0.0915,0.0851,0.088,0.0867,0.0909,0.0857,0.0869,0.0871,0.1132,0.0866,0.0825,0.0868,0.0863,0.0863,0.0888,0.0846,0.087,0.0855,0.0855,0.1173,0.0949,0.0847,0.0878,0.0951,0.0852,0.0865,0.0888,0.0847,0.0809,0.0853,0.0851,0.1925,0.2514,0.2168,0.1116,0.1708,0.1053,0.1036,0.1426,0.1002,0.1123,0.0897,0.0858,0.1264,0.176,0.1212,0.1103,0.1112,0.1072,0.1088,0.0862,0.099,0.0986,0.086,0.086,0.0975,0.1308,0.1332,0.1152,0.0859,0.1067,0.1096,0.1073,0.098,0.1378,0.0857,0.0855,0.0873,0.0907,0.0863,0.086,0.0877,0.0848,0.0864,0.0862,0.0863,0.0857,0.0853
,1:39:16,45.1,0.0876,0.0873,0.0863,0.087,0.0884,0.0857,0.087,0.0871,0.0855,0.0946,0.0905,0.0857,0.0879,0.0835,0.0841,0.0846,0.0853,0.0871,0.0909,0.0855,0.0881,0.0867,0.0913,0.0862,0.0876,0.0879,0.1082,0.0875,0.0824,0.0869,0.0864,0.0861,0.0891,0.086,0.0882,0.0861,0.0858,0.1193,0.0947,0.0851,0.0872,0.0902,0.0853,0.0868,0.0887,0.0853,0.0809,0.0859,0.0853,0.1958,0.2552,0.2231,0.1178,0.179,0.1075,0.1059,0.1473,0.1015,0.1161,0.0909,0.0863,0.1301,0.1783,0.124,0.1114,0.1147,0.1091,0.1102,0.0868,0.1012,0.1007,0.0862,0.0864,0.0916,0.1359,0.1386,0.1187,0.0861,0.1078,0.1135,0.1092,0.0984,0.1433,0.0861,0.0863,0.0878,0.0908,0.0863,0.0865,0.0879,0.0856,0.0864,0.0872,0.0867,0.0866,0.0881
,1:44:16,44.9,0.0876,0.0874,0.086,0.0871,0.0863,0.0851,0.0863,0.087,0.0856,0.0936,0.0905,0.0856,0.0871,0.0832,0.0842,0.0838,0.0862,0.0881,0.0889,0.0847,0.0878,0.0872,0.0909,0.0857,0.0869,0.0872,0.1013,0.0869,0.0816,0.0851,0.0858,0.0858,0.089,0.0847,0.0878,0.0857,0.0857,0.1181,0.0941,0.0863,0.087,0.1004,0.0851,0.0862,0.0889,0.0846,0.0802,0.0852,0.0849,0.2007,0.2608,0.2278,0.1183,0.1838,0.1084,0.1078,0.1527,0.1017,0.1189,0.0898,0.0855,0.1329,0.1808,0.1274,0.1122,0.1171,0.1117,0.1119,0.0866,0.1031,0.1021,0.0858,0.0863,0.0908,0.1417,0.1447,0.1211,0.0854,0.1076,0.1166,0.1104,0.0987,0.1494,0.0855,0.086,0.0868,0.0908,0.086,0.0858,0.0875,0.0855,0.0858,0.0867,0.0856,0.0851,0.0862
,1:49:16,44.9,0.0876,0.0868,0.087,0.0862,0.0915,0.0849,0.0863,0.0862,0.0848,0.0938,0.0901,0.0852,0.0874,0.0947,0.0835,0.0874,0.0837,0.0862,0.0899,0.0847,0.0876,0.0867,0.0908,0.0854,0.0867,0.0904,0.0954,0.0864,0.0824,0.0852,0.085,0.0859,0.0887,0.0868,0.0874,0.0855,0.0852,0.1128,0.0893,0.0865,0.0865,0.116,0.0852,0.0858,0.0883,0.0837,0.0804,0.0853,0.085,0.2089,0.2683,0.2294,0.1227,0.1858,0.1101,0.1101,0.1577,0.1031,0.1252,0.0908,0.0853,0.1371,0.1844,0.1303,0.1133,0.121,0.1138,0.1143,0.0861,0.1048,0.1051,0.0857,0.0864,0.0903,0.147,0.1506,0.1248,0.0852,0.1083,0.1202,0.1115,0.0994,0.1558,0.0856,0.0854,0.0869,0.0898,0.0856,0.0859,0.0873,0.0851,0.0862,0.0856,0.0851,0.0859,0.0849
,1:54:16,45,0.0883,0.0875,0.0879,0.0867,0.0878,0.0848,0.0866,0.0865,0.0855,0.0941,0.0902,0.0854,0.0875,0.0832,0.0839,0.0837,0.084,0.0865,0.092,0.0849,0.0883,0.0863,0.0911,0.086,0.0864,0.0875,0.0891,0.0868,0.0827,0.0888,0.0867,0.0853,0.0884,0.0864,0.0877,0.0859,0.0856,0.1098,0.0927,0.0844,0.0875,0.0817,0.0848,0.0868,0.0886,0.0842,0.0808,0.0852,0.0851,0.2187,0.2746,0.2314,0.1288,0.1922,0.1124,0.1135,0.1642,0.1045,0.1285,0.09,0.0857,0.1407,0.1866,0.1353,0.1143,0.125,0.1173,0.1168,0.0862,0.1084,0.1051,0.0864,0.0868,0.0908,0.1541,0.1598,0.1295,0.0857,0.1093,0.1249,0.1134,0.1,0.1644,0.0856,0.0854,0.0869,0.0906,0.0861,0.086,0.0878,0.0856,0.0864,0.0863,0.0861,0.086,0.0858
,1:59:16,44.9,0.0881,0.0874,0.087,0.0871,0.0899,0.0854,0.0871,0.0871,0.0856,0.0938,0.0901,0.0857,0.088,0.0922,0.0832,0.0846,0.0841,0.0881,0.094,0.0852,0.0882,0.0871,0.0909,0.0856,0.0867,0.0887,0.0832,0.0874,0.0825,0.0867,0.0855,0.086,0.0888,0.0848,0.0878,0.0859,0.086,0.0904,0.0907,0.0854,0.0882,0.0884,0.0846,0.0863,0.0889,0.0844,0.0804,0.0853,0.0852,0.2284,0.2793,0.2344,0.1328,0.197,0.1153,0.1173,0.1711,0.1061,0.1344,0.0895,0.0857,0.1451,0.1894,0.1408,0.116,0.1302,0.1208,0.1191,0.0868,0.1115,0.1071,0.0864,0.0869,0.0911,0.1607,0.1655,0.1339,0.0856,0.1101,0.1307,0.1152,0.101,0.1701,0.0857,0.0856,0.087,0.0908,0.0863,0.0861,0.0873,0.0852,0.0863,0.0863,0.086,0.0859,0.0853
,2:04:16,45,0.0871,0.0871,0.0875,0.0866,0.0918,0.0849,0.0863,0.0866,0.0853,0.0936,0.0901,0.0859,0.0879,0.0927,0.0834,0.0872,0.0842,0.0869,0.0911,0.0846,0.0897,0.0867,0.091,0.0857,0.0865,0.0876,0.0849,0.0867,0.0817,0.0944,0.0857,0.0854,0.0886,0.0842,0.0869,0.0857,0.0857,0.0918,0.0941,0.0849,0.0872,0.0949,0.0837,0.0865,0.0884,0.0843,0.0798,0.0853,0.0849,0.2436,0.2861,0.2413,0.1379,0.2051,0.1167,0.1203,0.1785,0.1077,0.1406,0.0896,0.0857,0.1494,0.1938,0.1465,0.117,0.135,0.1237,0.1215,0.0868,0.1145,0.1096,0.0859,0.0863,0.0912,0.1668,0.1691,0.1388,0.0852,0.1103,0.1365,0.1172,0.1009,0.1733,0.0854,0.0858,0.0869,0.0903,0.0857,0.086,0.0876,0.0848,0.0861,0.0857,0.0859,0.0855,0.0851
,2:09:16,45,0.0874,0.0868,0.0852,0.0862,0.0916,0.0847,0.0865,0.0863,0.0846,0.0936,0.09,0.0851,0.0871,0.0852,0.084,0.0837,0.0841,0.0886,0.0919,0.0846,0.0874,0.0862,0.0906,0.0855,0.0867,0.0874,0.0829,0.0861,0.0817,0.0915,0.0852,0.0861,0.088,0.0857,0.0882,0.0856,0.0856,0.1203,0.0945,0.0851,0.0876,0.0965,0.0852,0.0864,0.0884,0.084,0.0804,0.0851,0.0847,0.2585,0.292,0.2463,0.1432,0.2111,0.1195,0.1244,0.1868,0.1088,0.1487,0.0895,0.0855,0.1531,0.1999,0.1549,0.1174,0.1398,0.1272,0.1243,0.0861,0.1177,0.1123,0.0854,0.0859,0.0907,0.1696,0.1722,0.1449,0.085,0.1107,0.1427,0.1192,0.101,0.1794,0.0856,0.0851,0.0862,0.09,0.0858,0.0853,0.0871,0.0849,0.0857,0.086,0.0858,0.0851,0.0849
,2:14:16,44.9,0.0876,0.0876,0.0888,0.087,0.0893,0.0852,0.0872,0.0869,0.0851,0.0949,0.0908,0.0861,0.0879,0.0976,0.084,0.0839,0.0839,0.0872,0.0911,0.0846,0.0884,0.0872,0.0911,0.0854,0.0871,0.0881,0.0869,0.087,0.0821,0.087,0.0857,0.0856,0.0888,0.0859,0.0882,0.0853,0.0857,0.0928,0.0935,0.0856,0.0878,0.0911,0.0839,0.0863,0.0882,0.0844,0.0803,0.0855,0.0854,0.2698,0.3018,0.2519,0.1501,0.2182,0.1231,0.1297,0.1954,0.1119,0.1578,0.0896,0.0856,0.1593,0.2079,0.1637,0.1202,0.1471,0.1325,0.1278,0.0868,0.1227,0.1158,0.0862,0.0861,0.0909,0.1736,0.1789,0.1513,0.0852,0.1129,0.1495,0.1218,0.1028,0.188,0.0862,0.0855,0.0871,0.0909,0.0864,0.0864,0.0872,0.0852,0.0865,0.086,0.0862,0.0856,0.0853
,2:19:16,45,0.088,0.0871,0.0863,0.0864,0.0863,0.0848,0.0866,0.0873,0.086,0.0939,0.0905,0.0863,0.0876,0.0884,0.0837,0.0917,0.0836,0.0878,0.0919,0.0854,0.0881,0.0868,0.0915,0.0861,0.0868,0.0878,0.0944,0.0868,0.0826,0.0886,0.0876,0.0857,0.0886,0.0856,0.0882,0.0857,0.0862,0.1073,0.0968,0.0855,0.0879,0.0844,0.0844,0.0867,0.089,0.084,0.0808,0.0852,0.0852,0.278,0.3111,0.2578,0.1613,0.2251,0.1263,0.1347,0.2002,0.1133,0.1641,0.09,0.0857,0.1625,0.2155,0.1711,0.1212,0.1534,0.1374,0.1316,0.0863,0.1271,0.1202,0.0861,0.0862,0.091,0.1786,0.1872,0.1577,0.0855,0.1135,0.156,0.1238,0.1034,0.1975,0.0856,0.0855,0.0876,0.0907,0.0857,0.0864,0.0874,0.0855,0.0865,0.0865,0.0864,0.0853,0.0854
,2:24:16,45.1,0.0878,0.0873,0.0887,0.0867,0.0862,0.0853,0.0866,0.087,0.0854,0.0937,0.0907,0.0859,0.088,0.0884,0.0844,0.0847,0.0842,0.0877,0.0936,0.0853,0.0887,0.0865,0.0916,0.0859,0.0871,0.0874,0.0907,0.087,0.082,0.0984,0.0869,0.0863,0.0891,0.0867,0.0885,0.0858,0.0862,0.0992,0.0954,0.0864,0.0877,0.1044,0.0847,0.0866,0.089,0.0842,0.0808,0.0858,0.0849,0.2889,0.3222,0.2634,0.1636,0.232,0.1299,0.1403,0.2064,0.1156,0.17,0.0896,0.086,0.1671,0.2258,0.1778,0.1223,0.1585,0.1425,0.1349,0.0868,0.1319,0.1225,0.0862,0.0863,0.0905,0.1863,0.1959,0.1655,0.0853,0.1146,0.1623,0.126,0.1047,0.2079,0.0863,0.0856,0.0869,0.0908,0.0861,0.0864,0.088,0.0856,0.0866,0.0864,0.0865,0.086,0.085
,2:29:16,45.1,0.088,0.0871,0.087,0.0868,0.0861,0.0849,0.0862,0.0864,0.0852,0.0935,0.0901,0.0858,0.0876,0.0836,0.0834,0.092,0.0841,0.087,0.0937,0.0849,0.0878,0.0865,0.0915,0.0855,0.0867,0.0875,0.0875,0.0867,0.0825,0.0909,0.0867,0.0854,0.0881,0.0855,0.0886,0.0855,0.0858,0.0923,0.0968,0.0858,0.088,0.0842,0.0856,0.0869,0.0889,0.0839,0.0809,0.0857,0.0849,0.2994,0.3339,0.268,0.1735,0.2378,0.1334,0.1466,0.2149,0.1181,0.1782,0.0895,0.0853,0.1706,0.2362,0.1847,0.1238,0.1624,0.1474,0.1384,0.0864,0.1369,0.1273,0.0858,0.0865,0.0902,0.1951,0.2052,0.1716,0.0854,0.1158,0.1683,0.1284,0.1045,0.2197,0.0857,0.0855,0.0869,0.0903,0.0857,0.0864,0.0873,0.0854,0.0859,0.0863,0.0864,0.0861,0.085
,2:34:16,45.1,0.0873,0.0873,0.0859,0.0863,0.0857,0.0851,0.0862,0.0869,0.0852,0.0936,0.0898,0.086,0.0872,0.0828,0.0839,0.0839,0.0836,0.0876,0.0934,0.0853,0.088,0.0865,0.0915,0.0859,0.0864,0.0875,0.0939,0.0869,0.082,0.0975,0.0885,0.0849,0.0881,0.085,0.0882,0.0852,0.0853,0.0997,0.0971,0.0872,0.0878,0.1079,0.0844,0.0865,0.0883,0.084,0.081,0.085,0.0845,0.31,0.3471,0.2733,0.175,0.2447,0.1368,0.1527,0.2242,0.1213,0.1878,0.0894,0.0854,0.1772,0.2471,0.1961,0.1254,0.1658,0.1538,0.1423,0.0864,0.1409,0.1323,0.0862,0.0864,0.0901,0.2051,0.2136,0.1797,0.0852,0.1168,0.1738,0.1309,0.1048,0.2327,0.0853,0.0851,0.0871,0.0906,0.0856,0.0855,0.0871,0.0852,0.0861,0.0863,0.0863,0.0852,0.0849
,2:39:16,45,0.0881,0.0876,0.0879,0.0863,0.0857,0.0852,0.0864,0.0864,0.0854,0.0939,0.09,0.0858,0.0877,0.0882,0.0843,0.084,0.0841,0.0882,0.0907,0.0847,0.091,0.087,0.0913,0.0856,0.0871,0.0877,0.0907,0.0868,0.0822,0.0924,0.09,0.0859,0.0888,0.085,0.0881,0.0858,0.0854,0.1007,0.0986,0.0856,0.0889,0.0824,0.0844,0.0861,0.089,0.0843,0.0801,0.0848,0.0848,0.3234,0.3604,0.2781,0.1779,0.2528,0.1409,0.1595,0.2321,0.1231,0.2012,0.09,0.0856,0.1833,0.2628,0.2083,0.1263,0.1697,0.1605,0.1469,0.0863,0.1463,0.1379,0.0861,0.0862,0.0905,0.217,0.2225,0.187,0.0857,0.1188,0.1814,0.1337,0.1063,0.2447,0.0857,0.0854,0.0875,0.0905,0.0858,0.0862,0.0877,0.0847,0.0863,0.0864,0.0864,0.0852,0.0853
,2:44:16,45.1,0.0875,0.087,0.0869,0.0864,0.0856,0.0852,0.0866,0.0864,0.0852,0.0937,0.0897,0.0869,0.0879,0.0869,0.083,0.0842,0.0857,0.0878,0.0933,0.0843,0.088,0.0864,0.0917,0.086,0.0864,0.0874,0.0919,0.0863,0.082,0.0931,0.0871,0.0851,0.0881,0.0843,0.0867,0.0853,0.0853,0.1073,0.0941,0.0846,0.0877,0.0908,0.0833,0.0862,0.0884,0.0843,0.0798,0.0851,0.0847,0.3342,0.375,0.283,0.1815,0.2611,0.1444,0.1654,0.2377,0.126,0.214,0.0895,0.0852,0.19,0.2779,0.2219,0.1283,0.1762,0.1674,0.1507,0.0864,0.1506,0.1422,0.0855,0.0862,0.0902,0.2254,0.2295,0.1954,0.0852,0.1204,0.1906,0.1363,0.1063,0.2554,0.0853,0.0854,0.0864,0.0906,0.0855,0.0855,0.0869,0.0852,0.0861,0.0865,0.0857,0.0855,0.0848
,2:49:16,45,0.0873,0.0876,0.086,0.0871,0.0854,0.085,0.0866,0.0871,0.0852,0.0941,0.0904,0.0855,0.088,0.0833,0.0835,0.0843,0.0839,0.0881,0.0916,0.085,0.0881,0.0867,0.0914,0.0859,0.0864,0.0871,0.0924,0.0869,0.0817,0.088,0.0854,0.0858,0.0885,0.0844,0.0884,0.0855,0.086,0.0957,0.0956,0.0857,0.0883,0.1081,0.0844,0.0869,0.0892,0.0846,0.0804,0.0857,0.0852,0.348,0.3888,0.2874,0.1838,0.2709,0.1487,0.1707,0.2444,0.1289,0.2273,0.0895,0.0859,0.1973,0.2895,0.236,0.1299,0.1831,0.175,0.1566,0.086,0.1539,0.1471,0.0859,0.0864,0.0908,0.2354,0.237,0.2036,0.0857,0.1219,0.2003,0.1389,0.1066,0.2663,0.0859,0.086,0.0871,0.0915,0.0862,0.0859,0.0875,0.0848,0.0858,0.0866,0.0859,0.0859,0.0855
,2:54:16,45.1,0.0875,0.0878,0.0883,0.0863,0.0855,0.0857,0.0869,0.0872,0.0856,0.094,0.0907,0.0859,0.0878,0.0853,0.084,0.0847,0.0848,0.0877,0.0947,0.0853,0.0886,0.0865,0.0921,0.0859,0.0875,0.0876,0.0916,0.0871,0.0821,0.0876,0.0862,0.0857,0.0884,0.0864,0.0884,0.0854,0.0857,0.0953,0.0953,0.0856,0.0888,0.0825,0.0833,0.0865,0.0891,0.0846,0.0808,0.086,0.0856,0.3616,0.4026,0.2927,0.1888,0.2798,0.1537,0.1762,0.2525,0.1308,0.2439,0.0893,0.0863,0.2045,0.2996,0.2471,0.131,0.1904,0.1827,0.1612,0.0868,0.1569,0.1486,0.0863,0.0862,0.0905,0.2466,0.2448,0.2119,0.0856,0.1239,0.2112,0.1427,0.1069,0.2793,0.0857,0.0856,0.0874,0.091,0.0862,0.0866,0.0875,0.0858,0.0859,0.0862,0.0867,0.0854,0.0858
,2:59:16,44.9,0.0872,0.0871,0.0869,0.0865,0.0862,0.0854,0.0863,0.0867,0.0856,0.0938,0.0904,0.0863,0.0878,0.0871,0.0837,0.0852,0.0847,0.089,0.0948,0.0851,0.0889,0.0863,0.0922,0.0857,0.0869,0.0877,0.0898,0.0867,0.0817,0.0874,0.0872,0.0859,0.0888,0.0847,0.088,0.0859,0.0863,0.0893,0.0949,0.0851,0.0893,0.0823,0.0838,0.0862,0.0892,0.0846,0.0806,0.0855,0.0844,0.376,0.4177,0.2969,0.1939,0.2896,0.1572,0.1824,0.2623,0.1348,0.2568,0.0897,0.0859,0.2109,0.3091,0.2588,0.1332,0.1979,0.1901,0.1667,0.0866,0.1603,0.1493,0.0865,0.0866,0.0904,0.2569,0.253,0.2185,0.0848,0.1257,0.2215,0.145,0.1075,0.2934,0.0853,0.0854,0.0869,0.0908,0.0863,0.0859,0.0874,0.0854,0.086,0.0861,0.0862,0.0853,0.0857
,3:04:16,45,0.0881,0.0874,0.0884,0.0868,0.0858,0.0851,0.0862,0.0869,0.085,0.0939,0.0899,0.0867,0.0878,0.0903,0.0852,0.0847,0.0841,0.087,0.0918,0.0848,0.0895,0.0867,0.0926,0.0856,0.0866,0.0871,0.0938,0.0869,0.0826,0.087,0.0882,0.0859,0.0885,0.0844,0.0884,0.0858,0.0858,0.09,0.0936,0.0851,0.0886,0.0859,0.0823,0.0867,0.0888,0.0838,0.0803,0.0853,0.0848,0.389,0.4328,0.3015,0.1978,0.2985,0.1613,0.1913,0.2735,0.1367,0.2707,0.0894,0.0853,0.2176,0.3187,0.2687,0.1352,0.2064,0.1982,0.1726,0.0865,0.1646,0.1518,0.0863,0.0859,0.0903,0.2693,0.2641,0.2247,0.0855,0.127,0.2309,0.1479,0.1081,0.308,0.0857,0.0855,0.0871,0.0903,0.0862,0.0864,0.0878,0.0851,0.0866,0.0861,0.086,0.0852,0.0854
,3:09:16,45,0.088,0.0873,0.0887,0.0869,0.0863,0.085,0.0864,0.0867,0.0855,0.0939,0.0905,0.0864,0.0876,0.0908,0.0838,0.0851,0.0858,0.0885,0.0966,0.0856,0.0887,0.0867,0.0917,0.0865,0.0872,0.0879,0.0913,0.0868,0.0827,0.0885,0.0863,0.0867,0.0886,0.0865,0.0882,0.0858,0.0863,0.1046,0.0949,0.0848,0.0887,0.0938,0.0833,0.0869,0.089,0.0848,0.0806,0.0858,0.0853,0.3995,0.4465,0.3071,0.2008,0.3087,0.1654,0.1999,0.2859,0.1411,0.2857,0.0899,0.0858,0.2257,0.3283,0.2799,0.1377,0.2138,0.2093,0.1796,0.0862,0.17,0.1563,0.0865,0.0865,0.0908,0.2837,0.2757,0.2307,0.0857,0.1294,0.2419,0.1523,0.1071,0.3233,0.0858,0.0859,0.0871,0.0908,0.0861,0.0863,0.0875,0.0856,0.0868,0.0865,0.0864,0.0855,0.0859
,3:14:16,45,0.0889,0.0881,0.0889,0.0869,0.087,0.0858,0.0875,0.0877,0.0859,0.0942,0.0908,0.0865,0.0883,0.0923,0.0842,0.0883,0.085,0.089,0.0949,0.0855,0.0889,0.0868,0.092,0.0867,0.0876,0.0875,0.0909,0.0868,0.0832,0.0886,0.0888,0.0861,0.0884,0.0857,0.0886,0.0865,0.0861,0.1175,0.0977,0.0858,0.0891,0.0883,0.0832,0.0869,0.0898,0.0847,0.0807,0.0859,0.0858,0.4066,0.4585,0.3132,0.2081,0.3206,0.1687,0.2091,0.2995,0.1443,0.3002,0.0906,0.0857,0.2348,0.3385,0.2899,0.1398,0.2212,0.2191,0.1865,0.0868,0.1743,0.1613,0.0863,0.0868,0.0906,0.2982,0.2886,0.2377,0.0857,0.1312,0.2503,0.1535,0.1079,0.3395,0.0864,0.0859,0.0875,0.0909,0.0864,0.0869,0.0881,0.0862,0.0868,0.0863,0.0864,0.0862,0.086
,3:19:16,45.1,0.0876,0.0876,0.0858,0.0865,0.0865,0.085,0.0865,0.0871,0.0857,0.0944,0.0907,0.0859,0.0878,0.0965,0.0839,0.085,0.0847,0.0893,0.0977,0.0854,0.0885,0.0866,0.0919,0.0861,0.0871,0.0873,0.0932,0.0868,0.0828,0.0933,0.0897,0.0861,0.0886,0.0846,0.0886,0.0857,0.0863,0.0916,0.0982,0.0858,0.0887,0.0895,0.0836,0.0864,0.0893,0.084,0.0806,0.0854,0.0851,0.4127,0.467,0.3174,0.2084,0.3315,0.1719,0.2165,0.3136,0.1462,0.3151,0.0897,0.0863,0.2443,0.3478,0.3005,0.1413,0.2281,0.2272,0.1935,0.0864,0.1799,0.1667,0.0862,0.0861,0.0897,0.3133,0.3016,0.2445,0.0849,0.1329,0.2595,0.157,0.1069,0.3551,0.0854,0.0859,0.0869,0.0906,0.0863,0.0858,0.0879,0.0854,0.0863,0.0868,0.0862,0.0852,0.0854
,3:24:16,44.9,0.088,0.0874,0.0868,0.0867,0.0863,0.086,0.0869,0.0869,0.0853,0.0941,0.0911,0.0862,0.0879,0.0865,0.0843,0.0848,0.0844,0.0896,0.0969,0.0853,0.0884,0.0867,0.0922,0.0857,0.0868,0.0875,0.0861,0.0868,0.0824,0.0885,0.0856,0.0868,0.0889,0.0853,0.0879,0.0856,0.0858,0.1145,0.097,0.086,0.0894,0.0832,0.0836,0.0866,0.0892,0.0847,0.0803,0.0855,0.0853,0.4208,0.4767,0.3224,0.2114,0.3426,0.1742,0.2271,0.3284,0.1502,0.331,0.0897,0.0855,0.2551,0.3581,0.3125,0.1442,0.2343,0.2364,0.2025,0.0866,0.1851,0.1711,0.0866,0.0866,0.0895,0.33,0.3148,0.2524,0.0862,0.1346,0.2695,0.158,0.1078,0.3742,0.0859,0.0855,0.087,0.0908,0.0863,0.0869,0.088,0.0853,0.0866,0.0866,0.0867,0.0858,0.086
,3:29:16,45.1,0.088,0.0879,0.0862,0.0871,0.0865,0.0857,0.0869,0.087,0.0859,0.0947,0.0903,0.0863,0.0883,0.0834,0.0842,0.0888,0.0842,0.0892,0.0963,0.0851,0.0886,0.0873,0.0928,0.0859,0.0871,0.0875,0.091,0.0873,0.0835,0.088,0.0923,0.0891,0.0885,0.086,0.0884,0.086,0.0865,0.0956,0.0959,0.0864,0.0917,0.1011,0.084,0.0867,0.0896,0.085,0.081,0.0856,0.0856,0.4279,0.4847,0.328,0.2124,0.3547,0.1789,0.2361,0.3435,0.1519,0.347,0.0898,0.086,0.2655,0.3686,0.3246,0.1472,0.2417,0.2459,0.211,0.087,0.1896,0.1768,0.0867,0.087,0.09,0.3477,0.3278,0.26,0.0859,0.1367,0.2798,0.1603,0.1072,0.3919,0.0857,0.0858,0.0875,0.0906,0.0867,0.0861,0.0876,0.085,0.0869,0.0864,0.0863,0.0855,0.0871
,3:34:16,44.9,0.0881,0.0882,0.0887,0.0869,0.0862,0.0853,0.0866,0.0868,0.0853,0.094,0.0909,0.0866,0.0883,0.0957,0.0837,0.0863,0.0844,0.0895,0.099,0.0851,0.0884,0.0868,0.0925,0.0865,0.087,0.088,0.0863,0.0868,0.0827,0.0887,0.087,0.0865,0.089,0.0847,0.0873,0.0858,0.086,0.0935,0.0967,0.0858,0.089,0.0855,0.0832,0.0866,0.0893,0.0846,0.0808,0.0859,0.0856,0.436,0.4969,0.333,0.2166,0.3666,0.1817,0.2473,0.3585,0.1542,0.3643,0.0899,0.0867,0.278,0.3782,0.3356,0.149,0.2507,0.2559,0.2189,0.0867,0.1948,0.1828,0.0865,0.0864,0.0901,0.3655,0.3415,0.2681,0.0859,0.1395,0.2928,0.1621,0.1073,0.4106,0.086,0.0856,0.0874,0.0912,0.0857,0.0862,0.0878,0.0848,0.0859,0.0864,0.0864,0.0861,0.086
,3:39:16,45,0.0876,0.0872,0.0859,0.0865,0.0865,0.0854,0.087,0.0872,0.0853,0.094,0.0901,0.0858,0.0875,0.0903,0.0841,0.0862,0.0839,0.0886,0.0985,0.0868,0.0887,0.0871,0.0924,0.0859,0.0869,0.0875,0.0933,0.087,0.0823,0.0877,0.0894,0.0863,0.0882,0.0847,0.0874,0.0857,0.0856,0.0955,0.0942,0.086,0.0902,0.0909,0.0831,0.0869,0.0896,0.0849,0.0805,0.0856,0.0849,0.4433,0.5126,0.3396,0.2208,0.3776,0.1847,0.2577,0.3732,0.1574,0.3821,0.0894,0.0857,0.2898,0.3875,0.347,0.1522,0.26,0.2655,0.2268,0.0861,0.1982,0.1889,0.0863,0.0864,0.0899,0.384,0.356,0.2772,0.0859,0.1419,0.3042,0.1644,0.1068,0.4297,0.0863,0.0855,0.0873,0.0909,0.0857,0.0866,0.0879,0.0855,0.0866,0.0868,0.0862,0.0854,0.0862
,3:44:16,45.1,0.0872,0.0867,0.0874,0.0856,0.0852,0.0843,0.0855,0.0869,0.0845,0.0935,0.0897,0.0854,0.0876,0.096,0.084,0.0859,0.0846,0.0876,0.097,0.0853,0.0918,0.086,0.0909,0.0852,0.0864,0.0866,0.0923,0.086,0.0821,0.0872,0.0879,0.0974,0.0876,0.0857,0.0874,0.0854,0.0851,0.0869,0.0942,0.0858,0.0887,0.109,0.0835,0.086,0.0888,0.0841,0.0798,0.0851,0.0847,0.4511,0.522,0.3442,0.2232,0.3867,0.1863,0.2665,0.3891,0.159,0.3996,0.0885,0.0852,0.303,0.3967,0.3585,0.154,0.2692,0.2745,0.2333,0.0857,0.2026,0.1955,0.0854,0.0857,0.0886,0.3991,0.3711,0.2852,0.0851,0.1433,0.3148,0.1663,0.1051,0.4435,0.0856,0.085,0.0867,0.0902,0.0853,0.0852,0.0869,0.0846,0.0861,0.0854,0.0858,0.0851,0.0851
,3:49:16,45,0.0871,0.087,0.0863,0.0858,0.0857,0.0849,0.0862,0.0865,0.0847,0.0934,0.0905,0.0859,0.0871,0.0959,0.0845,0.0852,0.0841,0.088,0.0982,0.0858,0.0885,0.0864,0.0914,0.0858,0.0864,0.088,0.0929,0.0866,0.0812,0.0875,0.085,0.0853,0.0877,0.0864,0.0877,0.0857,0.0855,0.0869,0.0972,0.0855,0.0884,0.089,0.0839,0.0859,0.0891,0.0841,0.0801,0.0857,0.0848,0.464,0.5332,0.3498,0.2249,0.3977,0.1894,0.2772,0.4056,0.1624,0.4171,0.0891,0.0852,0.3169,0.4062,0.3722,0.1576,0.2806,0.2846,0.2436,0.0864,0.207,0.2038,0.0857,0.0862,0.0892,0.4132,0.3854,0.2942,0.0848,0.1453,0.327,0.1695,0.1063,0.4567,0.0857,0.0855,0.0866,0.0902,0.0858,0.086,0.0872,0.0848,0.0857,0.0858,0.0857,0.0853,0.0856
,3:54:16,45.1,0.087,0.0872,0.0857,0.0863,0.09,0.0852,0.0862,0.0869,0.0851,0.0932,0.0902,0.0859,0.0877,0.096,0.0839,0.087,0.0838,0.0876,0.1003,0.0867,0.0895,0.0866,0.0917,0.0859,0.0867,0.0868,0.0917,0.0868,0.0821,0.0979,0.0859,0.0862,0.0882,0.0851,0.0875,0.0854,0.086,0.0905,0.0954,0.086,0.0882,0.1118,0.0833,0.0864,0.0892,0.0844,0.0805,0.0855,0.0847,0.4767,0.5429,0.3558,0.2305,0.4078,0.1923,0.2869,0.421,0.1646,0.435,0.0888,0.0856,0.3309,0.4153,0.3842,0.1598,0.293,0.2944,0.2528,0.0866,0.2094,0.2114,0.0859,0.0859,0.0895,0.425,0.4019,0.3039,0.0849,0.1478,0.3393,0.1722,0.1057,0.4691,0.0857,0.0857,0.0868,0.0902,0.0857,0.0857,0.0876,0.0844,0.0861,0.0862,0.0857,0.0853,0.0856
,3:59:16,45,0.0878,0.0877,0.0863,0.0868,0.0892,0.0856,0.0866,0.0864,0.0852,0.0938,0.0903,0.0861,0.088,0.0852,0.0838,0.084,0.0841,0.0884,0.1023,0.0878,0.0882,0.0867,0.0923,0.0862,0.0867,0.087,0.0909,0.0867,0.0824,0.0887,0.0927,0.0855,0.0885,0.0854,0.0877,0.0855,0.0857,0.0878,0.095,0.0855,0.0885,0.0882,0.0828,0.0864,0.0894,0.0847,0.0808,0.0856,0.0853,0.4879,0.5521,0.3617,0.2347,0.4197,0.1956,0.2966,0.4363,0.1667,0.4559,0.0894,0.0854,0.3451,0.4247,0.3972,0.1631,0.3061,0.3063,0.2641,0.0862,0.2155,0.2197,0.0861,0.0866,0.0899,0.4376,0.4171,0.3137,0.0852,0.1501,0.3536,0.175,0.1055,0.4806,0.086,0.0857,0.0868,0.0906,0.0859,0.0858,0.0876,0.0853,0.0864,0.0864,0.086,0.0857,0.0859
,4:04:16,45.1,0.0869,0.0875,0.0854,0.0866,0.0869,0.0851,0.0864,0.0868,0.0846,0.0938,0.0897,0.0856,0.0874,0.0959,0.0832,0.0894,0.0855,0.0908,0.0998,0.085,0.0879,0.0862,0.0923,0.0854,0.0866,0.0867,0.0937,0.0863,0.0816,0.0961,0.0893,0.0855,0.088,0.0853,0.0864,0.0853,0.0851,0.1162,0.0938,0.0848,0.0886,0.1036,0.0821,0.086,0.089,0.0838,0.0801,0.0849,0.0843,0.4965,0.5608,0.3666,0.2379,0.4298,0.1959,0.3057,0.4491,0.1689,0.4731,0.089,0.0851,0.3606,0.4329,0.4094,0.1669,0.3191,0.3173,0.2745,0.0861,0.22,0.2282,0.0861,0.086,0.0891,0.449,0.4296,0.3225,0.0852,0.1515,0.3659,0.1778,0.105,0.4934,0.0853,0.0857,0.0864,0.0898,0.086,0.0855,0.0872,0.085,0.0858,0.0855,0.0861,0.0851,0.0853
,4:09:16,44.9,0.0875,0.0876,0.086,0.0866,0.0861,0.0857,0.087,0.0874,0.0854,0.0936,0.0901,0.0861,0.0879,0.0914,0.084,0.0847,0.0862,0.0881,0.0995,0.0852,0.0884,0.0864,0.0922,0.0861,0.0872,0.0872,0.0928,0.0869,0.082,0.0958,0.0863,0.0859,0.0882,0.0848,0.0886,0.0858,0.0857,0.0873,0.0941,0.0857,0.089,0.1023,0.0838,0.0865,0.0896,0.0842,0.0804,0.0859,0.0851,0.5031,0.5684,0.3731,0.244,0.4423,0.1993,0.3184,0.4608,0.1712,0.489,0.089,0.086,0.3745,0.4414,0.422,0.1714,0.3334,0.3291,0.288,0.087,0.2253,0.2398,0.0863,0.0866,0.089,0.4616,0.4421,0.3324,0.0854,0.1536,0.3783,0.1814,0.1049,0.5074,0.086,0.0859,0.0874,0.0905,0.0874,0.0866,0.0878,0.085,0.0864,0.0865,0.0862,0.0855,0.0855
,4:14:16,45,0.0868,0.087,0.0851,0.0864,0.0858,0.0853,0.0861,0.0865,0.0851,0.0937,0.0899,0.086,0.0874,0.0989,0.0835,0.0918,0.0839,0.0876,0.0997,0.0845,0.0926,0.0866,0.0919,0.0853,0.0863,0.0868,0.092,0.0862,0.0819,0.0865,0.0899,0.0854,0.0883,0.0854,0.0877,0.0858,0.0853,0.0866,0.0964,0.0854,0.0881,0.1019,0.0831,0.0859,0.0889,0.0839,0.08,0.0854,0.0845,0.5103,0.5761,0.3796,0.2508,0.4533,0.2004,0.3312,0.474,0.1725,0.5015,0.0891,0.0848,0.3894,0.4496,0.4325,0.1751,0.3462,0.3406,0.3004,0.0857,0.2303,0.2509,0.0858,0.086,0.0888,0.4729,0.4526,0.3422,0.085,0.1557,0.3904,0.1832,0.1052,0.5189,0.0854,0.0848,0.0866,0.0905,0.086,0.0859,0.0869,0.0845,0.0859,0.0859,0.086,0.085,0.0852
,4:19:16,45,0.0867,0.0868,0.0848,0.086,0.0886,0.0849,0.0859,0.086,0.0849,0.0935,0.09,0.0857,0.0871,0.0867,0.0835,0.0845,0.0839,0.0888,0.1057,0.0848,0.0878,0.0858,0.0916,0.0854,0.0862,0.0864,0.0926,0.0863,0.0816,0.088,0.0902,0.0846,0.0878,0.0858,0.0873,0.085,0.0852,0.087,0.096,0.0855,0.0883,0.085,0.0835,0.0861,0.089,0.0838,0.0801,0.0856,0.0843,0.5175,0.5829,0.3843,0.2557,0.4668,0.2021,0.3433,0.4887,0.1738,0.5121,0.0892,0.0848,0.403,0.4572,0.4427,0.1778,0.3585,0.3531,0.3131,0.0853,0.2348,0.2593,0.0856,0.0856,0.0889,0.4857,0.4621,0.3517,0.085,0.1581,0.3998,0.1848,0.1048,0.5284,0.0856,0.0848,0.0862,0.0905,0.0852,0.0858,0.0873,0.0846,0.0861,0.0855,0.0859,0.0853,0.0845
,4:24:16,45,0.0871,0.0871,0.086,0.0866,0.0912,0.085,0.0866,0.0868,0.0852,0.0938,0.0907,0.0856,0.0879,0.1004,0.0835,0.0866,0.0839,0.0901,0.1048,0.0865,0.0903,0.0866,0.0925,0.0856,0.0868,0.0872,0.0922,0.0868,0.0822,0.0885,0.0881,0.0862,0.0884,0.0852,0.0879,0.0859,0.0855,0.0872,0.0956,0.0855,0.089,0.0849,0.0838,0.0871,0.0893,0.0846,0.0807,0.0855,0.0852,0.5238,0.592,0.3919,0.2626,0.4786,0.2045,0.3571,0.5021,0.1771,0.5241,0.0892,0.0855,0.4187,0.466,0.4527,0.1816,0.3714,0.3662,0.3264,0.0865,0.2415,0.269,0.0863,0.0858,0.0888,0.4994,0.4757,0.3633,0.0853,0.1609,0.4113,0.1886,0.1053,0.5411,0.0857,0.0854,0.0871,0.0904,0.0862,0.0862,0.0875,0.0847,0.0862,0.0864,0.0862,0.0853,0.0855
,4:29:16,45,0.0869,0.0872,0.0869,0.0865,0.0874,0.0849,0.0861,0.0865,0.0851,0.0932,0.0903,0.0857,0.0873,0.0864,0.0841,0.0876,0.0835,0.0878,0.1019,0.0873,0.0883,0.0867,0.0922,0.0856,0.087,0.0904,0.0917,0.0861,0.0824,0.0871,0.0879,0.0865,0.0879,0.0844,0.0876,0.0854,0.086,0.0869,0.0938,0.0854,0.0881,0.0804,0.0828,0.0867,0.0894,0.0845,0.0799,0.0851,0.085,0.5286,0.5998,0.3978,0.2696,0.4879,0.2049,0.3724,0.5129,0.1788,0.5338,0.0884,0.0858,0.4304,0.4752,0.4613,0.1859,0.3838,0.3795,0.3389,0.0859,0.2477,0.2767,0.0863,0.086,0.089,0.511,0.4879,0.3724,0.0854,0.1644,0.4197,0.1912,0.1043,0.5504,0.0859,0.0853,0.0873,0.0908,0.0854,0.0855,0.0874,0.0853,0.086,0.0861,0.086,0.0851,0.0851
,4:34:16,45,0.0871,0.0874,0.0853,0.086,0.0856,0.0853,0.0863,0.0861,0.0853,0.0931,0.0902,0.0859,0.0874,0.0895,0.084,0.0863,0.0853,0.0877,0.1037,0.0873,0.0884,0.0861,0.0919,0.0857,0.0866,0.0863,0.0951,0.0862,0.0817,0.089,0.0875,0.0855,0.0884,0.0841,0.0876,0.0855,0.085,0.0867,0.0956,0.0853,0.0884,0.0848,0.0829,0.0864,0.0891,0.0838,0.0799,0.0853,0.0848,0.5324,0.6053,0.4023,0.2764,0.4957,0.2063,0.3854,0.5223,0.1792,0.5436,0.0888,0.0859,0.4422,0.4837,0.4708,0.1877,0.3984,0.3931,0.3541,0.0859,0.2539,0.2858,0.0857,0.086,0.0898,0.5215,0.4985,0.3814,0.0849,0.1678,0.4283,0.1935,0.1038,0.5608,0.0854,0.0855,0.0867,0.0907,0.0856,0.0856,0.0871,0.0847,0.0859,0.0862,0.0855,0.0849,0.0852
,4:39:16,45,0.0881,0.0879,0.086,0.0869,0.0899,0.0853,0.0867,0.0873,0.0865,0.0944,0.0906,0.0865,0.0887,0.0928,0.0837,0.0861,0.0845,0.0906,0.1021,0.0868,0.0886,0.0867,0.0932,0.0862,0.0869,0.0885,0.0917,0.0876,0.0844,0.0892,0.0863,0.0863,0.0887,0.0851,0.0878,0.0858,0.0867,0.0879,0.097,0.0859,0.0894,0.1012,0.0838,0.0871,0.0898,0.0844,0.0809,0.0861,0.0854,0.5381,0.6147,0.4098,0.285,0.505,0.2075,0.4006,0.5325,0.1815,0.5551,0.0892,0.0865,0.4564,0.4965,0.4844,0.1916,0.4163,0.4071,0.369,0.0862,0.2616,0.2967,0.0865,0.0863,0.0894,0.5331,0.5095,0.3909,0.0858,0.1724,0.4388,0.1967,0.1046,0.5732,0.0864,0.0858,0.0878,0.0909,0.0867,0.0866,0.0883,0.0853,0.0866,0.0871,0.0862,0.0861,0.0855
,4:44:16,45.1,0.0878,0.0878,0.0858,0.0865,0.0877,0.0853,0.0863,0.0866,0.0855,0.0939,0.0905,0.0864,0.0878,0.0957,0.0837,0.0858,0.0853,0.0878,0.1004,0.0848,0.0887,0.0867,0.0924,0.0856,0.0867,0.0869,0.0921,0.0869,0.0823,0.0877,0.0856,0.0854,0.0884,0.0846,0.0879,0.0857,0.086,0.0872,0.0961,0.0848,0.0883,0.0928,0.0835,0.0866,0.0895,0.0846,0.0802,0.0861,0.0846,0.5406,0.6212,0.416,0.2928,0.5124,0.2084,0.4144,0.5413,0.1833,0.5643,0.089,0.0857,0.4679,0.5079,0.4959,0.1942,0.4307,0.4199,0.3848,0.0866,0.2684,0.3072,0.0861,0.0861,0.0888,0.5436,0.5194,0.3997,0.0855,0.1761,0.4459,0.1984,0.104,0.5827,0.0859,0.085,0.0867,0.0905,0.086,0.0857,0.0874,0.0849,0.0866,0.0862,0.0858,0.0857,0.0851
,4:49:16,44.9,0.0873,0.0876,0.0857,0.0871,0.0854,0.0855,0.0864,0.0871,0.0852,0.0931,0.0911,0.0855,0.0876,0.0969,0.0835,0.0903,0.084,0.0884,0.0993,0.0858,0.0884,0.086,0.0922,0.0857,0.0868,0.0873,0.092,0.0866,0.0822,0.0868,0.0881,0.0859,0.0885,0.0859,0.0872,0.0856,0.086,0.0867,0.0923,0.0856,0.0888,0.082,0.0826,0.0864,0.0894,0.0842,0.0803,0.0861,0.0844,0.5441,0.6275,0.4231,0.3029,0.5202,0.21,0.4285,0.5505,0.1846,0.5746,0.0883,0.0852,0.4797,0.5178,0.505,0.1968,0.4426,0.4335,0.3994,0.0862,0.2745,0.3191,0.0863,0.0859,0.089,0.5548,0.5289,0.4075,0.0849,0.1795,0.4544,0.2011,0.1041,0.5922,0.0857,0.0856,0.0869,0.0901,0.0855,0.086,0.0877,0.0851,0.0863,0.0858,0.0861,0.0853,0.0854
,4:54:16,45,0.0881,0.0868,0.0862,0.0861,0.087,0.0846,0.0859,0.0866,0.085,0.094,0.0902,0.0854,0.0876,0.0879,0.0838,0.0848,0.0836,0.0877,0.0996,0.0851,0.0885,0.0857,0.0918,0.0859,0.0864,0.0864,0.0925,0.086,0.0823,0.095,0.0914,0.0857,0.0882,0.0841,0.0876,0.085,0.0858,0.0865,0.0963,0.0845,0.0886,0.1025,0.0828,0.0862,0.0894,0.0841,0.0798,0.0851,0.0847,0.5471,0.6332,0.4302,0.3119,0.5266,0.2111,0.4431,0.5587,0.1863,0.5854,0.0882,0.0852,0.4941,0.5256,0.5136,0.2003,0.4534,0.4489,0.4149,0.0858,0.2828,0.3304,0.0861,0.0862,0.0887,0.564,0.5381,0.4154,0.0855,0.1835,0.4628,0.2028,0.1029,0.6031,0.0861,0.0852,0.0867,0.0907,0.0859,0.086,0.0869,0.0844,0.0856,0.0862,0.0861,0.0849,0.085
,4:59:16,45,0.0867,0.0874,0.0852,0.0861,0.0883,0.0852,0.0865,0.0865,0.0851,0.093,0.0901,0.0858,0.0874,0.1009,0.0833,0.0894,0.0864,0.0873,0.1027,0.0844,0.0885,0.0865,0.0928,0.0854,0.0861,0.0871,0.0919,0.0865,0.0815,0.0906,0.087,0.0852,0.0883,0.0844,0.0872,0.0853,0.0853,0.0863,0.0939,0.0851,0.0897,0.0998,0.0828,0.0858,0.0891,0.084,0.0801,0.0855,0.0845,0.5498,0.6401,0.4364,0.3237,0.5323,0.2128,0.4553,0.5678,0.1875,0.5949,0.0882,0.0853,0.508,0.5329,0.5226,0.2036,0.4634,0.4635,0.431,0.0857,0.2897,0.3428,0.0861,0.0856,0.0887,0.5733,0.5473,0.4237,0.0846,0.1864,0.4684,0.206,0.1029,0.6115,0.0851,0.085,0.0864,0.09,0.0854,0.0856,0.0873,0.0845,0.0859,0.0862,0.0853,0.0853,0.085
,5:04:16,45,0.09,0.087,0.0882,0.087,0.0858,0.0851,0.0866,0.0865,0.0853,0.0943,0.0902,0.0859,0.0875,0.0884,0.0841,0.0859,0.0839,0.0899,0.1022,0.0858,0.0907,0.0864,0.0934,0.0857,0.0871,0.0873,0.0933,0.0868,0.0831,0.0883,0.0905,0.086,0.088,0.0864,0.0878,0.0858,0.0862,0.0871,0.0947,0.0861,0.0887,0.0982,0.0832,0.0865,0.0897,0.0846,0.0802,0.0858,0.085,0.5533,0.6472,0.4429,0.3335,0.54,0.213,0.4683,0.5768,0.189,0.6055,0.0886,0.0855,0.5221,0.5413,0.5305,0.2067,0.474,0.4769,0.4446,0.0863,0.2969,0.3545,0.0863,0.0864,0.0895,0.5837,0.5569,0.432,0.0857,0.19,0.4745,0.2086,0.1031,0.6208,0.086,0.0854,0.087,0.0907,0.0859,0.0858,0.0878,0.085,0.0861,0.0867,0.086,0.0859,0.0857
,5:09:16,44.9,0.0876,0.0876,0.0876,0.0868,0.0867,0.0854,0.0869,0.0869,0.0854,0.0934,0.0904,0.0862,0.0877,0.0966,0.0846,0.0885,0.0848,0.0882,0.1031,0.0865,0.0891,0.0867,0.0945,0.0862,0.0875,0.0874,0.0944,0.0869,0.0824,0.0885,0.0873,0.0855,0.089,0.0852,0.0886,0.0862,0.0861,0.0872,0.0959,0.0861,0.0897,0.0906,0.0836,0.0867,0.0895,0.0845,0.0805,0.0862,0.0853,0.5551,0.6524,0.4509,0.3473,0.546,0.2169,0.4801,0.5867,0.1908,0.6153,0.0889,0.0857,0.5353,0.5494,0.5378,0.2095,0.4846,0.4895,0.4581,0.0863,0.3066,0.3663,0.0865,0.0866,0.0896,0.5917,0.5663,0.4408,0.0855,0.1945,0.4794,0.2125,0.1038,0.6285,0.0864,0.0857,0.0871,0.0904,0.086,0.0861,0.0881,0.0853,0.0863,0.0862,0.0861,0.0862,0.0857
,5:14:16,44.9,0.0875,0.0871,0.0856,0.0867,0.092,0.0851,0.0865,0.0867,0.0851,0.094,0.0898,0.0859,0.0873,0.0873,0.0836,0.0849,0.0846,0.09,0.1011,0.0857,0.0883,0.0867,0.0941,0.0859,0.0864,0.0886,0.0927,0.0869,0.0823,0.0949,0.0908,0.0856,0.0885,0.0845,0.0874,0.0859,0.0859,0.0874,0.093,0.0859,0.0892,0.0812,0.0834,0.0862,0.0896,0.084,0.0806,0.0853,0.0847,0.5562,0.6582,0.4564,0.3573,0.5509,0.2176,0.4923,0.5944,0.1916,0.6238,0.0889,0.0858,0.5465,0.5568,0.5459,0.213,0.4937,0.5013,0.4671,0.0865,0.3145,0.3791,0.0863,0.0862,0.0888,0.6013,0.5751,0.4489,0.0858,0.1979,0.4856,0.2135,0.1024,0.6376,0.0855,0.0854,0.0867,0.0902,0.0859,0.0859,0.0873,0.0852,0.0863,0.086,0.0859,0.0855,0.0854
,5:19:16,45,0.0876,0.0878,0.086,0.0875,0.0861,0.0858,0.0869,0.0869,0.0859,0.0939,0.0906,0.0864,0.0881,0.0948,0.0838,0.0903,0.0851,0.0907,0.1015,0.0857,0.089,0.0867,0.093,0.0864,0.0871,0.0869,0.0934,0.087,0.0825,0.089,0.0935,0.086,0.0886,0.0858,0.088,0.086,0.0865,0.0875,0.0965,0.0863,0.0894,0.0847,0.0835,0.0866,0.0895,0.0849,0.081,0.0861,0.0852,0.5593,0.664,0.4629,0.37,0.557,0.2205,0.5058,0.6035,0.193,0.6335,0.0887,0.0857,0.5593,0.5628,0.5541,0.2171,0.5028,0.5134,0.4781,0.0865,0.3249,0.3973,0.0867,0.0866,0.0896,0.6114,0.5848,0.458,0.0856,0.2027,0.4932,0.2175,0.1033,0.6463,0.0864,0.0858,0.0872,0.0915,0.0864,0.0862,0.0881,0.0856,0.0867,0.0862,0.0863,0.0858,0.0856
,5:24:16,45,0.0876,0.0876,0.0858,0.0868,0.0865,0.0851,0.0869,0.0873,0.0858,0.094,0.0904,0.0863,0.088,0.0863,0.0841,0.0861,0.085,0.0907,0.1018,0.0855,0.0884,0.0865,0.0931,0.0862,0.0869,0.089,0.093,0.0874,0.0828,0.0874,0.0889,0.0924,0.0883,0.0853,0.088,0.0861,0.0863,0.0869,0.0972,0.0862,0.09,0.102,0.0838,0.0866,0.0896,0.0848,0.0803,0.0865,0.085,0.5611,0.6696,0.4705,0.3823,0.5612,0.2228,0.5167,0.6111,0.1946,0.6429,0.089,0.0859,0.5705,0.5687,0.5628,0.22,0.5112,0.5247,0.487,0.0867,0.3338,0.4138,0.0866,0.086,0.0893,0.6191,0.5928,0.4661,0.0858,0.2071,0.4982,0.2201,0.1031,0.6552,0.0861,0.0854,0.0869,0.0909,0.0863,0.0857,0.0877,0.0856,0.0863,0.0868,0.0864,0.0858,0.0856
,5:29:16,44.9,0.087,0.0871,0.0854,0.0862,0.0912,0.0849,0.0864,0.0866,0.0851,0.0936,0.0899,0.0867,0.0874,0.1004,0.0832,0.0863,0.0833,0.0884,0.1024,0.0858,0.0907,0.086,0.0937,0.0856,0.0863,0.0868,0.0918,0.0864,0.0821,0.0879,0.0881,0.0856,0.0877,0.084,0.0874,0.0853,0.0853,0.0868,0.0968,0.085,0.0887,0.0812,0.0825,0.086,0.0893,0.084,0.0802,0.0853,0.0847,0.5621,0.6745,0.4788,0.3941,0.566,0.2249,0.526,0.62,0.1956,0.6525,0.0879,0.0851,0.5801,0.5729,0.5691,0.2231,0.5203,0.5343,0.4941,0.0862,0.3414,0.4255,0.0861,0.0859,0.0892,0.6276,0.6013,0.4765,0.0846,0.21,0.5021,0.2231,0.1023,0.6643,0.086,0.0847,0.0865,0.0903,0.0855,0.0859,0.0873,0.085,0.0857,0.086,0.0856,0.0854,0.085
,5:34:16,45,0.0873,0.0877,0.0869,0.0869,0.086,0.0856,0.0868,0.0872,0.0857,0.094,0.0901,0.0861,0.0875,0.1017,0.0841,0.0851,0.0839,0.0898,0.1011,0.0862,0.0887,0.0867,0.0933,0.0859,0.0871,0.0868,0.0928,0.0872,0.0823,0.0935,0.0866,0.0861,0.0881,0.0847,0.0879,0.0859,0.0859,0.0873,0.0945,0.0863,0.0897,0.0819,0.0829,0.0869,0.09,0.0847,0.0808,0.086,0.0849,0.5634,0.6797,0.4864,0.4069,0.5712,0.2276,0.5348,0.6285,0.1986,0.6609,0.0883,0.0859,0.5902,0.5784,0.5775,0.2289,0.5295,0.545,0.5032,0.0862,0.3512,0.4403,0.0868,0.0862,0.0892,0.6377,0.6094,0.4881,0.085,0.2152,0.5092,0.2277,0.1029,0.6729,0.0857,0.0854,0.087,0.0908,0.0862,0.0865,0.0877,0.0853,0.0861,0.0864,0.0859,0.0859,0.0858
,5:39:16,45.1,0.0872,0.0878,0.0885,0.0863,0.087,0.0856,0.0866,0.0868,0.0851,0.0941,0.0898,0.0862,0.0876,0.087,0.0838,0.0853,0.0843,0.0886,0.1008,0.0857,0.09,0.0865,0.0947,0.0859,0.0867,0.0874,0.0928,0.087,0.0824,0.0897,0.0928,0.0855,0.0882,0.0855,0.0884,0.0857,0.0855,0.0868,0.0986,0.0874,0.0894,0.0992,0.0826,0.087,0.0894,0.0842,0.0803,0.0855,0.0852,0.5646,0.684,0.4923,0.4165,0.5755,0.2296,0.5436,0.6362,0.2005,0.6702,0.0882,0.0861,0.5984,0.5823,0.5855,0.2321,0.5379,0.5546,0.5112,0.0865,0.3575,0.4537,0.0865,0.0861,0.0897,0.6454,0.6176,0.4974,0.0856,0.2203,0.5121,0.2312,0.1025,0.6809,0.0859,0.0855,0.087,0.0908,0.0862,0.0864,0.0871,0.0853,0.0861,0.0864,0.0864,0.0851,0.0856
,5:44:16,45,0.0872,0.0877,0.0859,0.0862,0.0874,0.0855,0.0867,0.0866,0.0849,0.0938,0.0901,0.0861,0.0876,0.0871,0.0839,0.0907,0.0851,0.0891,0.1018,0.0866,0.0885,0.0867,0.0949,0.0856,0.087,0.0872,0.0924,0.0864,0.0822,0.0887,0.0871,0.0852,0.088,0.0851,0.0885,0.0854,0.0856,0.0867,0.0964,0.0854,0.0901,0.1047,0.0841,0.0861,0.089,0.0842,0.0798,0.0855,0.085,0.5644,0.6878,0.4966,0.4255,0.5796,0.2333,0.552,0.6434,0.202,0.6791,0.0884,0.0856,0.6085,0.5858,0.5939,0.2357,0.5464,0.5636,0.5187,0.0857,0.3648,0.4636,0.0861,0.0859,0.0892,0.6538,0.6247,0.5044,0.0849,0.2247,0.5161,0.2345,0.1025,0.689,0.0859,0.0857,0.0868,0.0909,0.0857,0.0859,0.0875,0.0847,0.0864,0.0866,0.0859,0.0856,0.0853
,5:49:16,45,0.0879,0.088,0.0885,0.0872,0.0868,0.0857,0.0867,0.0874,0.0856,0.0938,0.0905,0.0862,0.088,0.0866,0.0841,0.085,0.085,0.0907,0.1015,0.0858,0.0903,0.0871,0.094,0.0859,0.0875,0.0875,0.0934,0.0873,0.0831,0.0896,0.0866,0.0872,0.0888,0.0858,0.0884,0.0862,0.0862,0.0873,0.0956,0.0859,0.0896,0.0819,0.0833,0.0872,0.0898,0.085,0.081,0.0859,0.0853,0.5677,0.6931,0.5016,0.4376,0.5843,0.2375,0.5624,0.6515,0.204,0.688,0.0888,0.086,0.6185,0.5907,0.6045,0.241,0.5561,0.5736,0.5276,0.0867,0.3744,0.4741,0.0865,0.0865,0.0896,0.6659,0.6326,0.5128,0.0855,0.2308,0.521,0.2403,0.103,0.6969,0.0863,0.0858,0.0875,0.0905,0.0866,0.0867,0.0878,0.0852,0.0869,0.0863,0.0866,0.0857,0.086
,5:54:16,45,0.0875,0.0879,0.0861,0.0872,0.0921,0.0854,0.0868,0.0869,0.0862,0.0939,0.0904,0.0858,0.0878,0.0869,0.0841,0.0872,0.0843,0.0883,0.1002,0.0875,0.0909,0.087,0.093,0.0865,0.0873,0.0873,0.0902,0.0865,0.0831,0.0921,0.0875,0.0863,0.0885,0.0853,0.088,0.0861,0.0857,0.087,0.0931,0.0859,0.0896,0.0826,0.0838,0.0875,0.0896,0.0841,0.0804,0.0858,0.0852,0.5677,0.6955,0.5044,0.4494,0.5873,0.24,0.57,0.6581,0.2063,0.6968,0.0882,0.0853,0.6286,0.5924,0.6136,0.2457,0.5651,0.582,0.535,0.0866,0.3843,0.4851,0.0862,0.0867,0.0892,0.6767,0.6402,0.519,0.086,0.2363,0.5273,0.2429,0.1029,0.7044,0.0861,0.0855,0.0867,0.0907,0.0859,0.0865,0.0879,0.0858,0.0865,0.0862,0.0867,0.0856,0.0856
,5:59:16,45,0.0873,0.0873,0.0855,0.0867,0.0861,0.0848,0.086,0.0868,0.0848,0.0935,0.0902,0.0857,0.0872,0.0875,0.0838,0.0871,0.0849,0.0892,0.1013,0.0855,0.0885,0.0861,0.0942,0.0856,0.0867,0.0869,0.0937,0.0868,0.0822,0.0974,0.0912,0.0858,0.0882,0.0847,0.0886,0.0854,0.0854,0.0864,0.0968,0.0904,0.0893,0.107,0.0829,0.0864,0.0895,0.084,0.0803,0.0852,0.0848,0.5676,0.699,0.5073,0.4629,0.5895,0.2428,0.5789,0.6656,0.2084,0.7058,0.0877,0.0858,0.6383,0.5948,0.6215,0.2496,0.5725,0.59,0.5426,0.0862,0.3924,0.4899,0.0862,0.0855,0.0889,0.6853,0.6462,0.5262,0.085,0.2425,0.5305,0.2483,0.1023,0.7128,0.0862,0.0849,0.0867,0.0901,0.0858,0.0858,0.0874,0.0844,0.086,0.0865,0.0856,0.0856,0.0854
,6:04:16,44.9,0.0873,0.0874,0.0859,0.0867,0.0859,0.0852,0.0865,0.0869,0.0851,0.0934,0.0906,0.0861,0.0881,0.0872,0.0838,0.0866,0.0862,0.0879,0.1013,0.0875,0.0889,0.0864,0.0945,0.0859,0.0869,0.0873,0.0937,0.087,0.0821,0.0888,0.0943,0.0858,0.0881,0.0845,0.0882,0.0855,0.0856,0.0872,0.0976,0.0884,0.0905,0.1009,0.0844,0.0871,0.089,0.0844,0.0811,0.086,0.0851,0.569,0.7025,0.5096,0.4778,0.5938,0.2472,0.5881,0.6718,0.2116,0.7137,0.0879,0.0855,0.6485,0.5989,0.6275,0.255,0.5828,0.5987,0.551,0.0868,0.3979,0.4985,0.0863,0.0863,0.0893,0.6934,0.6536,0.5331,0.0854,0.2485,0.5365,0.2532,0.1023,0.7183,0.0863,0.0854,0.0875,0.0908,0.0859,0.0867,0.0874,0.0853,0.0867,0.0866,0.0858,0.0853,0.0858
,6:09:16,45,0.0875,0.0877,0.0856,0.0865,0.0861,0.0853,0.087,0.0869,0.0854,0.0937,0.0905,0.0866,0.0874,0.0874,0.0836,0.0867,0.0844,0.0907,0.1038,0.0856,0.0881,0.0866,0.0945,0.0861,0.0867,0.0869,0.094,0.0866,0.0827,0.0887,0.0894,0.0865,0.088,0.085,0.0882,0.0862,0.0859,0.0871,0.0969,0.0872,0.0896,0.1071,0.0838,0.0865,0.0893,0.0842,0.0806,0.0857,0.0851,0.5695,0.7058,0.5124,0.4894,0.5973,0.251,0.5971,0.6794,0.2138,0.723,0.0881,0.086,0.6576,0.6006,0.6331,0.26,0.5911,0.6069,0.559,0.0863,0.402,0.5037,0.0865,0.0863,0.0893,0.7008,0.6599,0.5394,0.0856,0.2566,0.5421,0.2584,0.102,0.7258,0.0859,0.0855,0.087,0.091,0.0864,0.086,0.0877,0.0854,0.0864,0.0863,0.086,0.0851,0.0858
,6:14:16,44.9,0.0867,0.0872,0.085,0.0865,0.091,0.0847,0.0862,0.0862,0.0851,0.0935,0.0897,0.0854,0.0878,0.0869,0.0836,0.0861,0.0838,0.0908,0.1018,0.0851,0.0883,0.0864,0.0937,0.0853,0.0862,0.0865,0.0912,0.0866,0.0819,0.095,0.0908,0.0848,0.088,0.0851,0.0872,0.0854,0.0855,0.0862,0.0961,0.0856,0.0894,0.0957,0.0833,0.0859,0.0893,0.0839,0.0803,0.0857,0.0844,0.57,0.709,0.5146,0.4999,0.6001,0.2549,0.6054,0.6862,0.2154,0.7312,0.0871,0.0848,0.6661,0.6037,0.6388,0.265,0.5992,0.6146,0.5668,0.0856,0.4069,0.5111,0.0858,0.086,0.0889,0.7071,0.6658,0.545,0.0849,0.2639,0.5443,0.2633,0.1016,0.7316,0.0858,0.0854,0.0869,0.0903,0.0856,0.0859,0.0868,0.0849,0.0859,0.0858,0.0861,0.0853,0.0854
,6:19:16,45,0.0871,0.0872,0.0853,0.0866,0.0853,0.0854,0.0862,0.0867,0.0851,0.0929,0.0905,0.0855,0.0874,0.087,0.0834,0.0869,0.0841,0.0902,0.1048,0.0858,0.0881,0.0865,0.0925,0.0858,0.0867,0.0865,0.0969,0.086,0.0817,0.0967,0.0885,0.0853,0.0879,0.0846,0.0873,0.0853,0.0856,0.0868,0.0977,0.0863,0.0891,0.0929,0.0844,0.0865,0.0891,0.0839,0.0805,0.0851,0.0847,0.57,0.7111,0.5164,0.5095,0.6029,0.2586,0.6135,0.6923,0.2187,0.74,0.0877,0.0853,0.6751,0.6052,0.6425,0.2707,0.6073,0.6222,0.5751,0.0862,0.4103,0.5184,0.0861,0.0853,0.0888,0.7131,0.673,0.5504,0.0852,0.2714,0.5468,0.2697,0.1022,0.7378,0.0854,0.0854,0.0865,0.0898,0.0859,0.0856,0.0878,0.085,0.0859,0.086,0.0858,0.0852,0.0852
,6:24:16,45,0.0873,0.0874,0.0857,0.0868,0.0862,0.0851,0.0868,0.087,0.0852,0.0939,0.0908,0.086,0.088,0.0867,0.0841,0.0892,0.0842,0.089,0.1023,0.0863,0.089,0.0869,0.0954,0.0859,0.087,0.0868,0.0957,0.0869,0.0829,0.0885,0.089,0.0863,0.0883,0.0864,0.0876,0.0857,0.0857,0.0865,0.0968,0.0869,0.0899,0.1139,0.0847,0.0866,0.0896,0.0845,0.0806,0.0867,0.085,0.5714,0.7135,0.5188,0.5193,0.6054,0.2636,0.6219,0.6988,0.2219,0.7491,0.088,0.0859,0.6838,0.6076,0.6477,0.2761,0.6156,0.6294,0.5828,0.0863,0.4108,0.5286,0.0866,0.0863,0.0892,0.7204,0.6797,0.5563,0.0858,0.2793,0.5529,0.2763,0.1019,0.7441,0.0865,0.0856,0.0865,0.0904,0.0859,0.0864,0.0875,0.0855,0.0865,0.0863,0.0859,0.0857,0.0853
,6:29:16,45,0.0881,0.0875,0.0861,0.0871,0.0861,0.0858,0.087,0.0872,0.0853,0.0936,0.0908,0.0864,0.0876,0.0867,0.0845,0.0884,0.0847,0.0908,0.1017,0.0863,0.0892,0.0865,0.0935,0.0859,0.0871,0.0873,0.093,0.0875,0.0833,0.0884,0.0865,0.0867,0.0891,0.0856,0.0871,0.0863,0.086,0.087,0.0928,0.0854,0.0894,0.083,0.0833,0.0868,0.0897,0.0844,0.0805,0.0859,0.0856,0.5715,0.7166,0.5212,0.5302,0.6083,0.2699,0.6301,0.705,0.2263,0.7566,0.0882,0.0862,0.6924,0.6102,0.6521,0.2825,0.6247,0.6384,0.5905,0.0865,0.4169,0.5369,0.0864,0.0865,0.0892,0.7264,0.6862,0.5627,0.0855,0.2872,0.558,0.2834,0.1021,0.75,0.0862,0.0853,0.0871,0.091,0.0865,0.0864,0.0877,0.0854,0.0864,0.0862,0.086,0.0856,0.0853
,6:34:16,45,0.0876,0.0874,0.0865,0.0869,0.0878,0.0857,0.0868,0.0866,0.0855,0.0941,0.0909,0.0867,0.0883,0.0877,0.0841,0.0872,0.0846,0.0906,0.1021,0.0858,0.089,0.0868,0.0929,0.0862,0.0868,0.087,0.0951,0.087,0.0824,0.0874,0.0899,0.0856,0.0886,0.0852,0.0878,0.086,0.0859,0.0868,0.0953,0.0858,0.0903,0.0942,0.0837,0.0866,0.0894,0.0851,0.0808,0.0861,0.0852,0.5706,0.7188,0.5227,0.5389,0.6095,0.2744,0.6383,0.7099,0.229,0.7632,0.0875,0.0862,0.7001,0.6124,0.6564,0.288,0.6321,0.645,0.598,0.0868,0.4195,0.5457,0.0863,0.0863,0.0891,0.7319,0.6923,0.5677,0.086,0.297,0.5625,0.2894,0.1022,0.7558,0.0859,0.0856,0.087,0.0905,0.0861,0.0868,0.0878,0.0848,0.0863,0.0866,0.0863,0.0861,0.0856
,6:39:16,44.9,0.0874,0.0874,0.0856,0.0868,0.0856,0.0854,0.0865,0.0868,0.0852,0.0937,0.0901,0.0859,0.0881,0.0867,0.084,0.0875,0.0856,0.091,0.1014,0.0857,0.0885,0.0864,0.0925,0.086,0.0866,0.0871,0.0963,0.0867,0.082,0.0917,0.0939,0.0854,0.0884,0.0856,0.0878,0.0862,0.0861,0.0868,0.097,0.0904,0.0897,0.0998,0.0835,0.0869,0.0893,0.0841,0.08,0.0856,0.085,0.5704,0.7205,0.5232,0.5481,0.6118,0.2797,0.6461,0.7155,0.2325,0.7716,0.0874,0.0859,0.7051,0.6126,0.6597,0.2936,0.6404,0.6506,0.6048,0.0856,0.4222,0.554,0.0866,0.0858,0.0887,0.7361,0.6975,0.5735,0.085,0.3054,0.5645,0.2948,0.1015,0.7606,0.0864,0.0854,0.0869,0.091,0.0863,0.0859,0.0874,0.0848,0.0866,0.0863,0.0864,0.0852,0.0853
,6:44:16,45,0.0876,0.0877,0.0858,0.0869,0.0863,0.0857,0.0868,0.0873,0.0854,0.094,0.0904,0.0861,0.0879,0.0866,0.0841,0.0848,0.0841,0.0886,0.1011,0.0875,0.089,0.0867,0.0938,0.0861,0.0873,0.0868,0.0952,0.0874,0.0832,0.0874,0.0869,0.0859,0.0884,0.088,0.0885,0.0866,0.0859,0.0872,0.0925,0.0866,0.0903,0.1078,0.0831,0.087,0.0895,0.084,0.0806,0.0858,0.0853,0.5693,0.7229,0.5255,0.5577,0.6132,0.285,0.6542,0.7208,0.236,0.7797,0.0876,0.0855,0.7121,0.6152,0.6648,0.2999,0.6493,0.6574,0.612,0.0863,0.4237,0.5629,0.0866,0.0862,0.0893,0.7411,0.7027,0.5794,0.0857,0.3145,0.5718,0.3033,0.1019,0.767,0.0866,0.086,0.087,0.0911,0.0862,0.0857,0.088,0.0855,0.0868,0.087,0.0863,0.0857,0.0857
,6:49:16,45,0.0876,0.0884,0.0858,0.0874,0.0868,0.0857,0.0869,0.0868,0.0858,0.0944,0.0904,0.087,0.088,0.0867,0.085,0.0883,0.0845,0.0899,0.1013,0.0853,0.0897,0.0874,0.093,0.0862,0.0872,0.0892,0.0941,0.0869,0.0827,0.0875,0.0925,0.0864,0.0887,0.0865,0.0881,0.0864,0.0865,0.0878,0.096,0.0868,0.0897,0.083,0.0845,0.0872,0.0904,0.0845,0.0806,0.086,0.0855,0.5703,0.7255,0.5263,0.5668,0.6161,0.2913,0.6616,0.7254,0.2401,0.7861,0.088,0.0864,0.7181,0.6165,0.6672,0.3066,0.6587,0.6639,0.6201,0.0865,0.4248,0.5704,0.0864,0.0864,0.0892,0.7469,0.7087,0.584,0.0862,0.3255,0.5745,0.3098,0.102,0.7717,0.0866,0.086,0.0875,0.091,0.0864,0.0866,0.0878,0.086,0.087,0.0865,0.0861,0.0858,0.0856
,6:54:16,45,0.0872,0.0871,0.0851,0.0866,0.0855,0.0851,0.086,0.0863,0.0853,0.0928,0.0902,0.086,0.0874,0.0862,0.0844,0.0886,0.0844,0.09,0.1005,0.0859,0.0901,0.086,0.0928,0.0857,0.0865,0.087,0.0927,0.086,0.0827,0.0881,0.0857,0.0859,0.0878,0.0874,0.0876,0.0853,0.0852,0.0864,0.0965,0.086,0.0891,0.0989,0.083,0.0859,0.0899,0.0837,0.0803,0.0855,0.085,0.5695,0.7258,0.528,0.5754,0.6161,0.2988,0.6678,0.7303,0.2442,0.7931,0.0867,0.0851,0.7226,0.617,0.671,0.3125,0.6663,0.6695,0.6261,0.086,0.4283,0.58,0.0859,0.0854,0.0884,0.7507,0.712,0.5884,0.0849,0.3352,0.5794,0.3178,0.1017,0.7751,0.0857,0.0846,0.087,0.0905,0.0856,0.086,0.0878,0.0848,0.0859,0.086,0.0853,0.0853,0.0854
,6:59:16,45,0.0871,0.0874,0.0857,0.0865,0.0903,0.0851,0.0865,0.0867,0.0854,0.0936,0.0901,0.0858,0.0881,0.087,0.0835,0.0849,0.0841,0.0889,0.1027,0.0859,0.0887,0.0859,0.0929,0.0861,0.0869,0.0869,0.0955,0.0865,0.0823,0.0894,0.0892,0.0857,0.0884,0.0859,0.0879,0.0856,0.0852,0.0865,0.0953,0.0858,0.0894,0.0964,0.0837,0.0864,0.0898,0.0839,0.0804,0.0856,0.0851,0.5687,0.7277,0.529,0.5838,0.6188,0.305,0.6759,0.7345,0.2492,0.7989,0.0871,0.0857,0.7287,0.6182,0.6736,0.3204,0.6743,0.6756,0.6329,0.086,0.4294,0.5871,0.0861,0.0861,0.0886,0.7557,0.7164,0.5927,0.0855,0.3457,0.5823,0.3265,0.1012,0.7796,0.0861,0.0853,0.0869,0.0904,0.0859,0.0864,0.0878,0.085,0.0862,0.0861,0.086,0.0852,0.085
,7:04:16,45,0.0875,0.0877,0.0858,0.0871,0.0862,0.0856,0.0867,0.0869,0.0854,0.0937,0.0905,0.086,0.0877,0.0867,0.0842,0.0854,0.0842,0.0896,0.1064,0.0877,0.0892,0.087,0.0924,0.0858,0.0871,0.0869,0.0959,0.0867,0.0829,0.0949,0.0881,0.0862,0.0885,0.0871,0.0875,0.0858,0.0861,0.0873,0.0959,0.0866,0.0895,0.1115,0.0845,0.0865,0.0897,0.0842,0.0804,0.0856,0.0848,0.5676,0.7298,0.5293,0.5935,0.6192,0.3133,0.683,0.7388,0.2544,0.8061,0.0869,0.0856,0.7337,0.6186,0.6758,0.3264,0.6828,0.6817,0.6396,0.0865,0.4338,0.5954,0.0864,0.086,0.0892,0.7614,0.7209,0.5984,0.0854,0.3571,0.5847,0.3346,0.1019,0.7848,0.0858,0.0858,0.0869,0.0911,0.0861,0.0865,0.0878,0.0848,0.0863,0.0861,0.0862,0.0854,0.0857
,7:09:16,45,0.0878,0.0877,0.0859,0.0866,0.0859,0.0856,0.0869,0.0871,0.0855,0.0939,0.0903,0.0859,0.0878,0.0876,0.0839,0.0863,0.0843,0.0892,0.1036,0.0872,0.0904,0.0868,0.0926,0.0861,0.0871,0.0882,0.0954,0.087,0.0832,0.0885,0.0919,0.0863,0.0887,0.0849,0.0881,0.0863,0.0862,0.0867,0.0963,0.0866,0.0896,0.0846,0.0835,0.0871,0.0903,0.0846,0.0805,0.0861,0.0851,0.5674,0.7311,0.5308,0.6017,0.6207,0.3199,0.6895,0.744,0.259,0.8111,0.0868,0.0855,0.7393,0.6206,0.6781,0.3339,0.6891,0.6875,0.6462,0.0863,0.4372,0.6046,0.0863,0.0861,0.0894,0.7645,0.7246,0.6037,0.0857,0.3678,0.5843,0.342,0.1014,0.7886,0.086,0.0857,0.0871,0.0905,0.0861,0.0865,0.0878,0.0851,0.0861,0.0864,0.0862,0.0852,0.0851
,7:14:16,45,0.0874,0.0874,0.086,0.0869,0.0859,0.085,0.0869,0.0866,0.0854,0.0939,0.0899,0.0861,0.0875,0.0871,0.0841,0.0852,0.0844,0.0904,0.1034,0.0861,0.0929,0.0866,0.0923,0.086,0.087,0.0866,0.0956,0.087,0.0824,0.0893,0.0873,0.086,0.088,0.085,0.0879,0.0861,0.0855,0.0868,0.0948,0.0859,0.0899,0.0953,0.0837,0.0863,0.089,0.084,0.0803,0.0859,0.085,0.5662,0.7318,0.53,0.6104,0.6212,0.327,0.6962,0.7477,0.2637,0.8165,0.0871,0.0854,0.7428,0.6204,0.6807,0.3406,0.6956,0.6922,0.6521,0.0863,0.4392,0.6105,0.0861,0.0858,0.0893,0.7691,0.7279,0.6069,0.0853,0.3769,0.5873,0.3516,0.1015,0.7908,0.0858,0.0851,0.0873,0.091,0.0856,0.0864,0.0879,0.0849,0.0862,0.0862,0.0863,0.0853,0.0856
,7:19:16,45,0.0875,0.088,0.0856,0.0866,0.0884,0.0855,0.0868,0.0865,0.0854,0.094,0.0907,0.0861,0.088,0.0873,0.0846,0.0873,0.0844,0.0917,0.1037,0.0859,0.0901,0.0869,0.0934,0.0858,0.0871,0.0869,0.0953,0.0875,0.0825,0.0889,0.095,0.0923,0.0884,0.0868,0.088,0.0862,0.0862,0.0866,0.0972,0.088,0.0902,0.0878,0.0845,0.0866,0.0903,0.0847,0.0805,0.086,0.0853,0.5647,0.7343,0.5316,0.6214,0.6225,0.335,0.7035,0.7519,0.2695,0.821,0.0871,0.0863,0.7483,0.6217,0.6824,0.3472,0.7013,0.6975,0.6579,0.086,0.4425,0.6182,0.0867,0.0865,0.0891,0.7742,0.7313,0.6121,0.0854,0.3886,0.5904,0.3616,0.1016,0.7958,0.0868,0.0856,0.0874,0.0906,0.0859,0.0866,0.0881,0.0856,0.0866,0.0869,0.0864,0.0861,0.0854
,7:24:16,44.9,0.0879,0.0876,0.0864,0.0871,0.0863,0.0854,0.0866,0.0872,0.0855,0.0936,0.0908,0.0868,0.0881,0.0873,0.0841,0.0862,0.0853,0.0892,0.1028,0.0884,0.0883,0.0868,0.0934,0.0861,0.0871,0.0877,0.0963,0.0873,0.0825,0.089,0.0906,0.0854,0.0887,0.0868,0.0887,0.0865,0.0867,0.0871,0.0969,0.0876,0.0902,0.0995,0.0847,0.0868,0.0895,0.0846,0.0806,0.0862,0.085,0.5638,0.735,0.5313,0.6308,0.623,0.3445,0.7095,0.7558,0.2761,0.8246,0.0876,0.0857,0.7526,0.622,0.6847,0.3562,0.7065,0.7029,0.6637,0.0863,0.4438,0.6263,0.0866,0.0864,0.0894,0.7775,0.7344,0.6164,0.0859,0.3995,0.5915,0.3702,0.1022,0.7986,0.0862,0.0857,0.0875,0.0908,0.0863,0.0864,0.0879,0.0853,0.087,0.087,0.0865,0.0861,0.0854
,7:29:16,45.1,0.0876,0.0878,0.0857,0.087,0.0863,0.0856,0.0866,0.0865,0.0855,0.0937,0.0909,0.0859,0.0874,0.0864,0.0845,0.0864,0.0844,0.0886,0.1033,0.088,0.089,0.0863,0.0947,0.0857,0.087,0.0868,0.0945,0.0869,0.0828,0.0944,0.0897,0.086,0.0884,0.0863,0.0881,0.0859,0.0856,0.087,0.0965,0.087,0.0898,0.0931,0.0845,0.0871,0.093,0.0846,0.081,0.0862,0.0849,0.5634,0.7362,0.5314,0.6384,0.6234,0.3535,0.7156,0.7591,0.2815,0.829,0.0871,0.0859,0.7555,0.6222,0.6868,0.3626,0.7123,0.7073,0.6684,0.0864,0.4465,0.6305,0.0863,0.0862,0.089,0.7808,0.7367,0.6198,0.085,0.4086,0.5929,0.3801,0.1017,0.8015,0.0862,0.085,0.0874,0.0907,0.0861,0.0864,0.0874,0.0848,0.0867,0.0862,0.0862,0.086,0.0856
,7:34:16,45,0.0874,0.0873,0.0861,0.0868,0.0856,0.085,0.0864,0.0869,0.0855,0.0933,0.0906,0.0857,0.0875,0.0858,0.0838,0.0858,0.0848,0.0919,0.1055,0.0857,0.089,0.0862,0.0947,0.086,0.0869,0.0867,0.093,0.0867,0.0821,0.0892,0.0887,0.0895,0.0885,0.0858,0.0883,0.0859,0.0857,0.0864,0.0952,0.0874,0.09,0.1034,0.0839,0.0867,0.0896,0.0843,0.0802,0.0858,0.0852,0.5612,0.7363,0.5307,0.6438,0.6242,0.3626,0.7206,0.7618,0.2877,0.8319,0.087,0.086,0.7598,0.6216,0.6868,0.3699,0.7172,0.7119,0.6737,0.0863,0.4489,0.64,0.0859,0.0862,0.0891,0.7843,0.7382,0.623,0.0856,0.4201,0.5935,0.3887,0.1011,0.8043,0.0861,0.0852,0.0869,0.0905,0.0859,0.0861,0.0876,0.0853,0.0864,0.0865,0.0864,0.0857,0.0854
,7:39:16,45.1,0.0874,0.0879,0.0857,0.0865,0.0857,0.0857,0.0863,0.0867,0.0855,0.0935,0.09,0.0861,0.0876,0.0857,0.0845,0.0863,0.0842,0.089,0.1054,0.0883,0.0883,0.0865,0.0934,0.0857,0.087,0.0878,0.0938,0.0864,0.0819,0.0974,0.089,0.085,0.0886,0.0863,0.0885,0.0858,0.086,0.0863,0.0967,0.0873,0.0896,0.1012,0.0839,0.0861,0.0912,0.0848,0.0808,0.0859,0.0852,0.5602,0.7369,0.531,0.6489,0.6243,0.3714,0.7267,0.7652,0.2952,0.8351,0.0865,0.0857,0.7634,0.6215,0.688,0.3772,0.7213,0.7162,0.6794,0.0858,0.4494,0.6478,0.0862,0.0863,0.0887,0.7886,0.742,0.6265,0.0849,0.4307,0.5929,0.3971,0.101,0.8071,0.0858,0.0852,0.0869,0.0906,0.0859,0.086,0.0872,0.0848,0.0864,0.0862,0.0863,0.0853,0.0854
,7:44:16,45,0.087,0.0876,0.0858,0.0864,0.0857,0.0854,0.0865,0.0863,0.085,0.0934,0.0901,0.0859,0.0877,0.0858,0.0833,0.088,0.0839,0.0906,0.1035,0.0882,0.0887,0.0864,0.0942,0.0853,0.0869,0.0865,0.0917,0.0859,0.0818,0.089,0.089,0.0854,0.0879,0.0884,0.0868,0.0852,0.0853,0.086,0.0956,0.0874,0.0899,0.092,0.083,0.0861,0.0936,0.0835,0.0801,0.0852,0.0846,0.559,0.7382,0.5311,0.6539,0.6246,0.3803,0.7316,0.7677,0.3016,0.8371,0.0865,0.085,0.7655,0.6208,0.6893,0.3856,0.7265,0.7205,0.6849,0.0858,0.45,0.6532,0.086,0.0855,0.0886,0.7911,0.7443,0.6306,0.0854,0.4408,0.5951,0.4045,0.1008,0.8095,0.0858,0.0848,0.0863,0.09,0.0855,0.0858,0.0874,0.0846,0.0861,0.0862,0.0861,0.0849,0.0849
,7:49:16,45,0.0871,0.0875,0.0861,0.0868,0.0858,0.0854,0.0868,0.0869,0.0859,0.0934,0.0907,0.0868,0.0879,0.0856,0.0839,0.086,0.0843,0.0912,0.1048,0.0873,0.0889,0.0867,0.0927,0.0859,0.087,0.0872,0.0934,0.0869,0.0827,0.0896,0.0891,0.0857,0.0883,0.0867,0.0882,0.0863,0.0856,0.0872,0.096,0.0869,0.0917,0.0968,0.0836,0.0869,0.0896,0.084,0.0822,0.0859,0.0851,0.5582,0.739,0.5314,0.657,0.6255,0.3894,0.738,0.7701,0.3101,0.8403,0.0867,0.0855,0.7692,0.6212,0.6906,0.395,0.7325,0.7263,0.6894,0.0867,0.4524,0.6598,0.0866,0.0863,0.0894,0.7956,0.747,0.6343,0.0853,0.4511,0.5951,0.413,0.1009,0.8124,0.086,0.0859,0.0871,0.0909,0.0863,0.0864,0.0879,0.0849,0.0864,0.0864,0.0862,0.0858,0.0857
,7:54:16,44.9,0.0876,0.0874,0.0856,0.0864,0.086,0.0857,0.0867,0.0865,0.085,0.0933,0.0904,0.0858,0.0874,0.0861,0.0845,0.0903,0.0854,0.091,0.1067,0.0859,0.0904,0.0866,0.0925,0.086,0.0869,0.0866,0.0938,0.0865,0.0825,0.0914,0.0904,0.0859,0.0882,0.0862,0.0875,0.0859,0.0861,0.0868,0.0968,0.087,0.0896,0.0967,0.0834,0.0869,0.0901,0.0838,0.0802,0.0858,0.0848,0.5568,0.7386,0.5315,0.663,0.6248,0.3976,0.7441,0.7727,0.3187,0.8419,0.0867,0.0858,0.7724,0.6208,0.6914,0.4015,0.7365,0.7309,0.6937,0.0862,0.4548,0.6627,0.086,0.086,0.0891,0.7982,0.7489,0.6372,0.0861,0.4657,0.5973,0.4217,0.101,0.8146,0.0865,0.0857,0.0867,0.0906,0.0864,0.0866,0.088,0.085,0.0863,0.0859,0.0857,0.0852,0.0852
,7:59:16,45,0.0874,0.0872,0.0855,0.0869,0.0856,0.0856,0.0864,0.0864,0.0857,0.0935,0.0902,0.0855,0.0874,0.0863,0.0836,0.092,0.0847,0.0894,0.1078,0.0855,0.0888,0.0862,0.0919,0.0855,0.0866,0.0868,0.093,0.0863,0.0824,0.0959,0.0906,0.0856,0.0876,0.0858,0.0873,0.0857,0.0851,0.0864,0.094,0.0858,0.09,0.084,0.0825,0.0865,0.0891,0.0844,0.08,0.0854,0.0849,0.5556,0.7406,0.5308,0.6681,0.6249,0.4079,0.7491,0.7745,0.3265,0.8444,0.0869,0.0855,0.7738,0.6213,0.6923,0.4092,0.7419,0.7345,0.6982,0.0862,0.4559,0.6656,0.0864,0.0861,0.0891,0.8008,0.7513,0.6414,0.085,0.4778,0.5972,0.4359,0.1003,0.8167,0.0859,0.0849,0.0868,0.09,0.0862,0.0864,0.0879,0.0849,0.0859,0.0862,0.0858,0.0852,0.0855
,8:04:16,45,0.0874,0.087,0.0859,0.0864,0.0856,0.0853,0.0862,0.0866,0.0854,0.0932,0.0907,0.0859,0.0874,0.0861,0.0835,0.0858,0.0843,0.0913,0.1025,0.0859,0.0884,0.0865,0.0927,0.086,0.0867,0.0872,0.095,0.0867,0.0826,0.0945,0.089,0.0865,0.088,0.0868,0.088,0.086,0.0859,0.0868,0.0966,0.0879,0.0899,0.1088,0.083,0.0867,0.0891,0.0842,0.0812,0.0862,0.085,0.5537,0.7399,0.5305,0.6713,0.625,0.417,0.7543,0.7769,0.3361,0.8466,0.0868,0.0855,0.776,0.6199,0.6931,0.415,0.7457,0.7383,0.7029,0.086,0.4585,0.671,0.0863,0.0862,0.0893,0.8027,0.7523,0.6442,0.0854,0.4888,0.5992,0.4459,0.1007,0.8181,0.0862,0.0856,0.0872,0.0905,0.0858,0.0859,0.0877,0.0845,0.0866,0.086,0.0865,0.0856,0.0852
,8:09:16,44.9,0.0871,0.0875,0.086,0.0865,0.0856,0.0853,0.0862,0.0868,0.0853,0.0932,0.0903,0.0856,0.0872,0.0861,0.0836,0.0879,0.0873,0.0885,0.1035,0.0858,0.0886,0.0863,0.0925,0.086,0.0863,0.0864,0.0923,0.0864,0.0823,0.0924,0.0882,0.086,0.088,0.0854,0.0868,0.0858,0.0853,0.0864,0.0965,0.0865,0.0903,0.0835,0.0834,0.0866,0.0888,0.0839,0.0804,0.0854,0.0854,0.5515,0.7399,0.5298,0.6741,0.6242,0.4265,0.7597,0.7778,0.3449,0.8483,0.0865,0.0851,0.776,0.6183,0.6928,0.4227,0.75,0.7428,0.7067,0.086,0.4589,0.6748,0.0863,0.0858,0.0888,0.8057,0.7534,0.6473,0.0854,0.4984,0.5971,0.4547,0.101,0.8199,0.0861,0.0849,0.0864,0.0901,0.0859,0.0861,0.0874,0.0847,0.0861,0.0859,0.0861,0.0858,0.0851
,8:14:16,45.1,0.0877,0.0874,0.0862,0.0871,0.0862,0.0857,0.0866,0.0871,0.0855,0.0939,0.0908,0.0863,0.0879,0.0872,0.0841,0.0893,0.0844,0.0903,0.1029,0.0861,0.0928,0.0868,0.0926,0.0862,0.0873,0.0875,0.0945,0.0869,0.0834,0.0934,0.0903,0.0858,0.0888,0.0884,0.0885,0.0863,0.0859,0.0867,0.0959,0.088,0.0904,0.0989,0.0838,0.0871,0.0896,0.0848,0.0808,0.0857,0.0853,0.5511,0.7416,0.5306,0.6794,0.6253,0.4384,0.765,0.7796,0.3538,0.8502,0.0871,0.0859,0.778,0.6185,0.6942,0.4308,0.7548,0.7476,0.7112,0.0864,0.4608,0.6782,0.0864,0.0861,0.0895,0.8097,0.755,0.6505,0.0855,0.5082,0.6008,0.4626,0.101,0.8224,0.0868,0.0861,0.0873,0.091,0.0859,0.0863,0.0879,0.0853,0.0868,0.0868,0.0865,0.0859,0.0855
,8:19:16,45,0.0868,0.0873,0.0856,0.0865,0.0859,0.0858,0.0864,0.0869,0.0855,0.0933,0.0906,0.0862,0.0877,0.0863,0.0842,0.0872,0.0844,0.0895,0.1056,0.0873,0.0895,0.0865,0.093,0.0864,0.0866,0.0872,0.0922,0.0872,0.082,0.0895,0.0905,0.0859,0.0882,0.086,0.0886,0.0859,0.086,0.0865,0.0964,0.0867,0.0898,0.0849,0.0839,0.0868,0.0902,0.0846,0.0802,0.0862,0.0849,0.5481,0.741,0.5284,0.6825,0.6241,0.4458,0.7697,0.7801,0.3633,0.8512,0.086,0.0853,0.7786,0.6175,0.6931,0.4365,0.7569,0.75,0.7141,0.0859,0.4619,0.6793,0.0865,0.0861,0.0892,0.8114,0.7565,0.6524,0.0853,0.5167,0.5985,0.4681,0.1006,0.8228,0.086,0.0851,0.0867,0.0907,0.0859,0.0866,0.0877,0.0851,0.0861,0.0863,0.0863,0.0857,0.0851
,8:24:16,45,0.0872,0.0875,0.0858,0.0869,0.0857,0.0853,0.0866,0.0866,0.0854,0.0935,0.09,0.0856,0.0873,0.0861,0.0839,0.0876,0.0848,0.089,0.1013,0.0855,0.0885,0.0863,0.0926,0.0861,0.0869,0.088,0.0939,0.0866,0.0823,0.0891,0.0906,0.0858,0.0881,0.0857,0.0878,0.0861,0.0858,0.0868,0.0949,0.0862,0.0897,0.0995,0.0836,0.0868,0.0894,0.0838,0.0799,0.0853,0.0849,0.5473,0.7405,0.5284,0.6855,0.6232,0.4535,0.7739,0.7802,0.3734,0.8517,0.086,0.0855,0.7771,0.6165,0.6927,0.4406,0.7614,0.7543,0.7173,0.0865,0.4638,0.682,0.0859,0.0856,0.0886,0.8144,0.757,0.654,0.0856,0.5241,0.5975,0.4745,0.1003,0.8245,0.0865,0.0856,0.0871,0.0906,0.0858,0.086,0.0876,0.0852,0.086,0.0867,0.0858,0.0854,0.0853
,8:29:16,45,0.0877,0.0877,0.0864,0.0876,0.0862,0.0855,0.0872,0.0876,0.0858,0.0941,0.0903,0.0866,0.0886,0.0861,0.0847,0.0857,0.0849,0.0901,0.1024,0.0868,0.0893,0.0867,0.0927,0.0864,0.0873,0.0876,0.0952,0.087,0.0829,0.0959,0.0902,0.0866,0.0885,0.0869,0.0885,0.0862,0.0865,0.087,0.094,0.0871,0.0902,0.0886,0.0841,0.0869,0.0898,0.0847,0.0809,0.0863,0.0858,0.5467,0.7406,0.5277,0.69,0.6236,0.4606,0.7784,0.7825,0.3834,0.8535,0.0871,0.0861,0.7788,0.6162,0.6934,0.448,0.7644,0.7575,0.7217,0.0863,0.4617,0.6856,0.0865,0.0866,0.0898,0.8171,0.7594,0.6584,0.0859,0.5314,0.5988,0.4809,0.1007,0.8269,0.0866,0.0857,0.0878,0.0913,0.0862,0.0871,0.0877,0.0857,0.0872,0.0869,0.0863,0.0861,0.0857
,8:34:16,45,0.0871,0.0873,0.0856,0.0864,0.0856,0.0856,0.086,0.0868,0.0856,0.0934,0.0905,0.0855,0.0874,0.0862,0.0837,0.0848,0.0853,0.0897,0.1025,0.0864,0.0885,0.0864,0.092,0.0859,0.0865,0.086,0.0935,0.0869,0.0827,0.0925,0.0867,0.0856,0.0881,0.0863,0.088,0.0859,0.0856,0.0861,0.0942,0.086,0.09,0.0821,0.0828,0.0865,0.0894,0.0843,0.0799,0.0857,0.0849,0.5439,0.7405,0.5264,0.6921,0.6226,0.4674,0.7806,0.7831,0.3923,0.8548,0.086,0.0852,0.7768,0.6148,0.6932,0.4539,0.7683,0.7603,0.7233,0.0858,0.463,0.6887,0.0863,0.0856,0.0892,0.8181,0.759,0.6592,0.0852,0.5394,0.5951,0.4868,0.101,0.8273,0.0857,0.0851,0.0867,0.0907,0.0859,0.0861,0.0874,0.085,0.0864,0.0866,0.0859,0.085,0.0853
,8:39:16,45,0.0874,0.0877,0.0854,0.0868,0.0862,0.0855,0.0863,0.0871,0.0852,0.0939,0.09,0.0859,0.0879,0.0858,0.0835,0.0871,0.0847,0.0898,0.1038,0.0875,0.0924,0.0866,0.0924,0.0856,0.0864,0.0866,0.0924,0.0866,0.0829,0.097,0.0874,0.0865,0.0879,0.0856,0.0878,0.0858,0.0854,0.0862,0.095,0.0876,0.0902,0.0868,0.0834,0.0867,0.0891,0.0851,0.0803,0.0858,0.0849,0.5425,0.7399,0.5253,0.6956,0.6232,0.4732,0.7836,0.7834,0.4029,0.8556,0.0859,0.0859,0.7776,0.6142,0.6915,0.461,0.7706,0.7641,0.7269,0.0864,0.464,0.6886,0.0862,0.0857,0.0893,0.8204,0.7609,0.6614,0.0848,0.5464,0.5979,0.4914,0.1008,0.8283,0.0863,0.0854,0.0866,0.0902,0.0858,0.0857,0.087,0.0852,0.0863,0.0865,0.0859,0.0849,0.0853
,8:44:16,45,0.0872,0.0872,0.0855,0.087,0.0856,0.085,0.0863,0.0867,0.0854,0.0933,0.0902,0.0857,0.0875,0.0861,0.0839,0.0866,0.0845,0.0915,0.1031,0.086,0.0912,0.0868,0.092,0.0864,0.0867,0.0865,0.0955,0.0867,0.0826,0.0901,0.091,0.0859,0.0882,0.0864,0.0882,0.0861,0.0853,0.0868,0.0965,0.0895,0.0896,0.1015,0.0834,0.0868,0.0898,0.0848,0.0804,0.0861,0.0852,0.5404,0.7402,0.525,0.6986,0.6213,0.479,0.7866,0.7843,0.414,0.8563,0.086,0.0861,0.777,0.6133,0.6917,0.4652,0.773,0.7681,0.7289,0.0865,0.4629,0.693,0.0861,0.0857,0.0893,0.8222,0.761,0.6617,0.0855,0.5527,0.5967,0.4957,0.1004,0.829,0.0859,0.0857,0.0871,0.0906,0.0863,0.0859,0.0878,0.0852,0.0865,0.0867,0.0858,0.0854,0.085
,8:49:16,45,0.0867,0.0875,0.0853,0.0868,0.0858,0.0853,0.0859,0.0866,0.0848,0.0932,0.09,0.0856,0.0877,0.086,0.0836,0.085,0.0861,0.0906,0.1012,0.0865,0.0887,0.0866,0.0921,0.0858,0.0869,0.0863,0.093,0.0863,0.0823,0.0968,0.0862,0.0857,0.0882,0.0857,0.0875,0.0858,0.086,0.0868,0.0936,0.0871,0.0896,0.0885,0.0829,0.0862,0.091,0.0841,0.0804,0.0856,0.0852,0.5396,0.7401,0.5245,0.7026,0.6221,0.4861,0.7901,0.7843,0.4248,0.8562,0.0861,0.0854,0.7777,0.6122,0.6914,0.4699,0.7764,0.7709,0.7323,0.0859,0.4637,0.6965,0.0862,0.0861,0.0894,0.824,0.7618,0.664,0.0858,0.5607,0.5962,0.5013,0.1001,0.8302,0.0862,0.085,0.0869,0.0901,0.0857,0.0861,0.0875,0.0852,0.0856,0.0863,0.0858,0.085,0.0857
,8:54:16,45,0.0873,0.087,0.0854,0.0867,0.0856,0.085,0.0863,0.0864,0.0854,0.0934,0.0899,0.0857,0.0879,0.0857,0.0838,0.0905,0.0845,0.089,0.1069,0.0851,0.0887,0.0865,0.0923,0.0859,0.0866,0.0862,0.0937,0.0866,0.0824,0.0971,0.0899,0.0857,0.0882,0.0854,0.0877,0.0858,0.0857,0.0863,0.0972,0.0862,0.0897,0.0866,0.0832,0.0861,0.0926,0.0843,0.0802,0.0854,0.0844,0.5376,0.7397,0.5228,0.706,0.6208,0.4914,0.7912,0.7838,0.4345,0.8564,0.086,0.0856,0.7778,0.6106,0.6907,0.4763,0.7792,0.7745,0.7341,0.0862,0.4666,0.7024,0.0864,0.086,0.0887,0.8256,0.7627,0.6658,0.0856,0.5664,0.5959,0.5064,0.0997,0.8307,0.0857,0.0852,0.0865,0.0907,0.0861,0.0865,0.0872,0.0851,0.0864,0.0864,0.0858,0.0855,0.0855
,8:59:16,44.9,0.0877,0.0878,0.0861,0.0872,0.086,0.0853,0.0865,0.0875,0.0855,0.0935,0.0908,0.0865,0.0879,0.0865,0.0844,0.0853,0.0846,0.0896,0.1031,0.0874,0.0891,0.0867,0.0926,0.0859,0.0868,0.0869,0.094,0.0871,0.0825,0.0898,0.0896,0.086,0.0887,0.087,0.0886,0.0859,0.0863,0.0863,0.0974,0.0882,0.0908,0.0998,0.0848,0.0867,0.0942,0.0843,0.0807,0.0862,0.0848,0.536,0.7397,0.5227,0.7088,0.6202,0.4977,0.7941,0.7844,0.444,0.8568,0.0864,0.0865,0.7773,0.6096,0.6911,0.484,0.7817,0.7786,0.7365,0.0867,0.4659,0.7057,0.0868,0.0866,0.0898,0.828,0.7629,0.6673,0.0856,0.5745,0.5944,0.5131,0.1011,0.8344,0.0864,0.0855,0.0876,0.091,0.0864,0.0861,0.088,0.0853,0.0873,0.0862,0.0866,0.0858,0.0856
,9:04:16,45.1,0.0876,0.0874,0.0859,0.0869,0.0857,0.0853,0.0867,0.0866,0.0856,0.0938,0.0907,0.0863,0.0877,0.0855,0.0837,0.0866,0.0852,0.0892,0.1066,0.0867,0.0886,0.0865,0.0931,0.0864,0.0864,0.0865,0.0939,0.0867,0.0822,0.0891,0.0915,0.0851,0.0885,0.086,0.0882,0.0861,0.0856,0.0865,0.0966,0.0864,0.0901,0.0874,0.0822,0.0867,0.0895,0.0843,0.0807,0.0857,0.0849,0.534,0.7395,0.5218,0.7109,0.6189,0.5025,0.797,0.784,0.452,0.8559,0.0858,0.0856,0.7749,0.6081,0.6888,0.4878,0.7834,0.7796,0.7376,0.0865,0.4659,0.7047,0.0864,0.086,0.0898,0.8287,0.763,0.6672,0.0852,0.5796,0.593,0.5175,0.1006,0.8333,0.0864,0.0852,0.0869,0.091,0.0859,0.086,0.0879,0.0852,0.0866,0.0864,0.0858,0.0856,0.0853
,9:09:16,45,0.0868,0.0874,0.0857,0.0864,0.0857,0.0859,0.0866,0.0866,0.0851,0.0935,0.0905,0.0859,0.0879,0.086,0.0842,0.0853,0.0866,0.0896,0.1032,0.0868,0.0889,0.0867,0.0923,0.0859,0.0868,0.0862,0.0931,0.0863,0.0827,0.088,0.0895,0.0852,0.0883,0.0865,0.0876,0.0856,0.0859,0.0865,0.0972,0.0864,0.09,0.1016,0.0824,0.0867,0.0901,0.0855,0.0801,0.086,0.085,0.5321,0.7384,0.521,0.7144,0.6185,0.5079,0.7981,0.7846,0.4588,0.8557,0.0862,0.0854,0.7738,0.6075,0.6884,0.4925,0.7854,0.7828,0.739,0.0862,0.4656,0.706,0.0868,0.0859,0.0891,0.8304,0.7635,0.6689,0.0852,0.5857,0.5917,0.5225,0.1001,0.833,0.0856,0.0858,0.0872,0.0905,0.0859,0.086,0.0874,0.0853,0.0863,0.0859,0.0862,0.0855,0.0854
,9:14:16,45,0.0871,0.0878,0.0861,0.0869,0.0859,0.0853,0.0868,0.0864,0.0859,0.0936,0.0903,0.0863,0.0877,0.0859,0.0842,0.0857,0.085,0.0902,0.1043,0.0858,0.0928,0.0868,0.0927,0.0858,0.087,0.0863,0.0944,0.087,0.0819,0.0958,0.0917,0.0864,0.0885,0.0867,0.088,0.0862,0.0863,0.0867,0.0972,0.0879,0.0905,0.0908,0.0847,0.0869,0.0896,0.0841,0.0805,0.0859,0.085,0.531,0.7384,0.5201,0.717,0.6188,0.5139,0.8003,0.7844,0.4682,0.8553,0.0857,0.0855,0.7732,0.6055,0.6876,0.5013,0.7883,0.785,0.7405,0.0861,0.4654,0.7057,0.0864,0.0863,0.0893,0.8323,0.7644,0.6699,0.0853,0.5912,0.5899,0.5278,0.1006,0.8342,0.0867,0.0858,0.0869,0.0905,0.0863,0.0863,0.0876,0.0853,0.0865,0.0863,0.0859,0.0856,0.0856
,9:19:16,45,0.0875,0.0874,0.0854,0.0865,0.0868,0.0856,0.0864,0.0869,0.0859,0.0933,0.0902,0.0858,0.0878,0.0859,0.084,0.0907,0.0842,0.0906,0.1024,0.0858,0.0885,0.0864,0.0928,0.0855,0.0869,0.0977,0.093,0.0865,0.0818,0.0958,0.0899,0.0852,0.0879,0.0863,0.0879,0.0857,0.0856,0.0864,0.097,0.0894,0.0899,0.1002,0.0842,0.0867,0.0897,0.0844,0.0803,0.0857,0.0852,0.529,0.737,0.5186,0.7177,0.6162,0.5167,0.8015,0.7836,0.4766,0.8545,0.0856,0.0854,0.7706,0.6046,0.6862,0.5031,0.7892,0.7876,0.7405,0.0854,0.4635,0.7125,0.0863,0.0862,0.0893,0.8322,0.7633,0.6697,0.0853,0.5968,0.5882,0.5315,0.1003,0.8347,0.0859,0.0854,0.0866,0.0909,0.0859,0.0862,0.0873,0.0851,0.0863,0.0865,0.0863,0.0854,0.0855
,9:24:16,45.1,0.0869,0.088,0.0854,0.0862,0.0865,0.0858,0.0871,0.0864,0.0852,0.0932,0.0902,0.0862,0.0875,0.085,0.0843,0.0864,0.0849,0.0913,0.1058,0.085,0.0896,0.0866,0.0923,0.0855,0.0869,0.0865,0.0928,0.0864,0.082,0.0955,0.0908,0.0856,0.0879,0.0864,0.088,0.0858,0.0855,0.0861,0.0934,0.0859,0.0904,0.091,0.083,0.087,0.0893,0.0843,0.0805,0.0857,0.0854,0.527,0.7362,0.5174,0.7207,0.6158,0.5227,0.8034,0.7832,0.4835,0.8532,0.0852,0.0856,0.7689,0.6024,0.6845,0.5101,0.7917,0.79,0.7407,0.0865,0.463,0.7138,0.0867,0.0861,0.0894,0.8342,0.7643,0.6718,0.0852,0.6024,0.5888,0.5351,0.1001,0.8348,0.0863,0.0853,0.0874,0.0905,0.0865,0.0863,0.0873,0.0854,0.0861,0.0866,0.0863,0.0854,0.0857
,9:29:16,44.9,0.0876,0.0875,0.0856,0.0866,0.0858,0.0857,0.0866,0.087,0.0855,0.0935,0.0906,0.0875,0.0875,0.0865,0.0842,0.0912,0.0841,0.0901,0.1045,0.0858,0.0886,0.0868,0.0923,0.0862,0.0869,0.0878,0.0937,0.0871,0.0826,0.0935,0.0934,0.0937,0.0878,0.0869,0.0878,0.0857,0.086,0.0865,0.0971,0.0909,0.09,0.1037,0.0824,0.0868,0.0896,0.0844,0.0803,0.0861,0.0848,0.5248,0.7363,0.516,0.7223,0.6155,0.5269,0.8039,0.7829,0.4902,0.8527,0.0862,0.0856,0.7663,0.6017,0.6841,0.5145,0.793,0.7921,0.7424,0.0858,0.4633,0.7142,0.0863,0.0861,0.0895,0.8349,0.7649,0.6715,0.0856,0.6081,0.5863,0.54,0.0999,0.836,0.0861,0.0849,0.087,0.0912,0.0861,0.0861,0.0877,0.085,0.0864,0.086,0.0859,0.0859,0.0857
,9:34:16,45.1,0.0873,0.0874,0.0857,0.0865,0.0899,0.0851,0.0863,0.0866,0.0855,0.0935,0.0906,0.0857,0.0875,0.0854,0.0839,0.0856,0.0842,0.0888,0.1068,0.0883,0.0908,0.0865,0.0928,0.0856,0.0865,0.0886,0.0948,0.0868,0.082,0.0915,0.0912,0.0853,0.0881,0.0861,0.0882,0.0865,0.0858,0.0868,0.0973,0.0927,0.0904,0.0982,0.0849,0.0865,0.091,0.0841,0.0814,0.0854,0.0847,0.5241,0.7357,0.5155,0.7228,0.6146,0.5291,0.8048,0.7823,0.4984,0.8516,0.0859,0.0853,0.7624,0.6005,0.6837,0.5156,0.7944,0.7939,0.7426,0.0858,0.4642,0.7169,0.0865,0.0862,0.0888,0.8362,0.7639,0.6722,0.0857,0.6122,0.5853,0.5427,0.1,0.8345,0.086,0.0851,0.0875,0.0907,0.0862,0.0868,0.0878,0.085,0.0862,0.0861,0.0858,0.0852,0.0855
,9:39:16,45.1,0.0872,0.0874,0.0855,0.0865,0.0857,0.0855,0.0862,0.0868,0.0854,0.0932,0.0902,0.0857,0.0875,0.0858,0.084,0.0865,0.0851,0.0896,0.1023,0.0856,0.093,0.086,0.092,0.0856,0.0867,0.0865,0.0957,0.0864,0.0821,0.097,0.0917,0.0851,0.0878,0.0871,0.0881,0.0853,0.0853,0.0865,0.0973,0.0919,0.0905,0.1002,0.0818,0.0863,0.0893,0.084,0.0799,0.0854,0.0851,0.5212,0.7345,0.5145,0.724,0.6134,0.5346,0.8058,0.7815,0.5047,0.8503,0.0857,0.0851,0.761,0.598,0.6817,0.5249,0.7952,0.7956,0.7426,0.0864,0.4626,0.7223,0.0863,0.086,0.0891,0.8368,0.7641,0.6726,0.0856,0.6176,0.5844,0.5459,0.0999,0.8351,0.0857,0.085,0.0871,0.0906,0.0862,0.0863,0.0874,0.0851,0.0865,0.0861,0.0863,0.0854,0.0851
,9:44:16,45,0.0881,0.0877,0.086,0.0874,0.0865,0.0856,0.0867,0.0872,0.0859,0.0936,0.091,0.0864,0.0883,0.0844,0.0848,0.0858,0.0868,0.0898,0.1043,0.088,0.09,0.0872,0.0933,0.0863,0.0869,0.0872,0.0957,0.087,0.0831,0.0954,0.0943,0.0866,0.0886,0.0882,0.0886,0.0868,0.0858,0.0876,0.0967,0.0881,0.0905,0.0992,0.0843,0.0871,0.0894,0.0847,0.0809,0.0867,0.0856,0.5208,0.7349,0.5142,0.727,0.6137,0.5401,0.8079,0.7819,0.5117,0.8487,0.0862,0.0868,0.7613,0.5985,0.6821,0.5366,0.7985,0.7989,0.7437,0.0868,0.4646,0.7236,0.087,0.0862,0.0902,0.8383,0.7654,0.6735,0.0858,0.6235,0.5829,0.5502,0.1011,0.8374,0.0866,0.086,0.0879,0.091,0.0869,0.087,0.088,0.0854,0.0872,0.0872,0.0868,0.0858,0.0862
,9:49:16,44.9,0.0873,0.0876,0.0859,0.0872,0.0861,0.0856,0.087,0.0872,0.0864,0.0938,0.0906,0.0859,0.0876,0.0866,0.0836,0.0871,0.0849,0.0901,0.1061,0.0861,0.0891,0.0869,0.093,0.0868,0.087,0.0868,0.0959,0.0872,0.0828,0.0904,0.0902,0.0856,0.0884,0.0873,0.0881,0.086,0.086,0.0871,0.0965,0.0876,0.0907,0.0905,0.0842,0.0869,0.0899,0.0846,0.0809,0.0859,0.085,0.5189,0.7338,0.5124,0.7274,0.6109,0.5423,0.8082,0.7812,0.5189,0.8473,0.0865,0.0858,0.759,0.5966,0.6801,0.5349,0.7987,0.7992,0.7436,0.087,0.4624,0.7255,0.0868,0.0862,0.0898,0.8383,0.7648,0.6743,0.0855,0.6257,0.5826,0.5527,0.1008,0.8355,0.0869,0.0855,0.0877,0.0912,0.0868,0.0867,0.0885,0.0853,0.0865,0.0869,0.0861,0.0859,0.0861
,9:54:16,45,0.0866,0.0866,0.085,0.0862,0.0851,0.0843,0.0856,0.0858,0.0846,0.0926,0.09,0.0853,0.0873,0.0856,0.0828,0.0858,0.0836,0.0886,0.1021,0.0848,0.0891,0.0855,0.0919,0.0852,0.0866,0.0861,0.0934,0.0857,0.0822,0.0878,0.0894,0.0852,0.0875,0.0862,0.0872,0.0855,0.0852,0.0859,0.0938,0.0865,0.0899,0.0842,0.0819,0.086,0.0887,0.084,0.0802,0.0849,0.0847,0.5144,0.7319,0.5104,0.727,0.6096,0.5449,0.8083,0.779,0.5227,0.8449,0.085,0.0853,0.7542,0.5935,0.6772,0.5361,0.7985,0.7997,0.7421,0.0854,0.4601,0.7253,0.0861,0.0855,0.0885,0.8384,0.7625,0.6725,0.0848,0.6297,0.5787,0.5553,0.0996,0.8331,0.0854,0.0848,0.0866,0.0903,0.0852,0.0857,0.0869,0.0843,0.0858,0.0854,0.0855,0.0848,0.085
,9:59:16,44.9,0.0875,0.0877,0.0861,0.0872,0.0862,0.0855,0.0868,0.0868,0.0861,0.0935,0.0909,0.0862,0.0877,0.0867,0.0842,0.0895,0.0845,0.0911,0.1079,0.0866,0.0888,0.0865,0.0927,0.0863,0.0874,0.0865,0.0959,0.0871,0.0832,0.0948,0.0965,0.0858,0.0898,0.0871,0.0886,0.0861,0.0862,0.087,0.0979,0.0873,0.0909,0.105,0.0848,0.0868,0.0894,0.0844,0.0809,0.0859,0.0856,0.515,0.7328,0.5106,0.73,0.61,0.5507,0.8094,0.78,0.5311,0.8442,0.0859,0.0863,0.7535,0.5929,0.6774,0.5464,0.8014,0.8008,0.743,0.0865,0.46,0.7246,0.0868,0.0863,0.0894,0.8394,0.763,0.6735,0.0863,0.6347,0.5805,0.5598,0.1009,0.8352,0.0863,0.0858,0.0871,0.0911,0.0863,0.0867,0.0882,0.085,0.0865,0.087,0.0862,0.0857,0.0858
,10:04:16,45.1,0.0875,0.088,0.0859,0.0875,0.0858,0.0851,0.0866,0.0869,0.0856,0.0933,0.0904,0.0859,0.0876,0.0861,0.0837,0.0857,0.0848,0.0892,0.1027,0.0875,0.0903,0.0868,0.0926,0.0861,0.0872,0.0869,0.0954,0.0862,0.0821,0.0953,0.0898,0.086,0.0884,0.0866,0.0874,0.0862,0.0857,0.0864,0.0949,0.0885,0.0906,0.0847,0.0831,0.0865,0.0899,0.0845,0.0808,0.0859,0.0856,0.5132,0.7306,0.5083,0.7287,0.608,0.5533,0.8107,0.779,0.5372,0.8424,0.0855,0.0857,0.7508,0.5921,0.6771,0.5469,0.8017,0.8017,0.7427,0.0869,0.4573,0.722,0.0867,0.086,0.0897,0.8398,0.763,0.6732,0.0859,0.6378,0.5758,0.5622,0.0997,0.8346,0.0862,0.0854,0.0872,0.0908,0.086,0.0862,0.0874,0.0853,0.0865,0.0867,0.0865,0.0851,0.0859
,10:09:16,45,0.0869,0.0875,0.0852,0.0862,0.0861,0.0849,0.0863,0.0868,0.0851,0.0928,0.0906,0.0859,0.0875,0.0865,0.0835,0.089,0.086,0.0902,0.1032,0.086,0.0889,0.0862,0.0924,0.086,0.0867,0.0862,0.0957,0.0863,0.0822,0.0901,0.0913,0.0858,0.0882,0.0868,0.0875,0.0857,0.0859,0.0864,0.0958,0.0859,0.0902,0.0864,0.0828,0.0862,0.0905,0.0842,0.0804,0.0858,0.0848,0.511,0.73,0.5068,0.7301,0.6074,0.5571,0.81,0.7779,0.5433,0.8409,0.0856,0.0855,0.7478,0.5904,0.675,0.5531,0.8032,0.8022,0.7417,0.0864,0.4566,0.7234,0.0867,0.0855,0.0896,0.8411,0.763,0.6735,0.0851,0.642,0.5771,0.5652,0.1,0.8346,0.0858,0.0849,0.0866,0.0902,0.0861,0.0862,0.0877,0.0852,0.0867,0.0866,0.0865,0.0849,0.0863
,10:14:16,44.9,0.0878,0.088,0.0862,0.087,0.0865,0.0858,0.0867,0.0874,0.0857,0.0935,0.0909,0.0864,0.0879,0.0861,0.0839,0.09,0.0871,0.0912,0.1078,0.0871,0.0897,0.0866,0.0934,0.0866,0.087,0.087,0.0949,0.0872,0.0828,0.0969,0.0925,0.0857,0.0886,0.0874,0.088,0.0858,0.0864,0.0869,0.0979,0.0946,0.0915,0.0832,0.0831,0.0867,0.0899,0.0846,0.0808,0.0864,0.085,0.5082,0.7294,0.506,0.7306,0.6066,0.5596,0.8094,0.7778,0.548,0.8393,0.0859,0.0862,0.7451,0.588,0.6729,0.5527,0.8032,0.8025,0.7416,0.0864,0.4577,0.723,0.0868,0.0864,0.0897,0.8416,0.762,0.6738,0.0859,0.6453,0.5743,0.5679,0.1001,0.8329,0.0868,0.0854,0.0873,0.0908,0.0861,0.0864,0.0882,0.0855,0.087,0.0871,0.0868,0.0857,0.0857
,10:19:16,45,0.0872,0.0877,0.0862,0.087,0.0866,0.0859,0.087,0.0873,0.0859,0.0937,0.0909,0.0867,0.0875,0.0922,0.0846,0.0866,0.0848,0.0909,0.1059,0.0872,0.0894,0.0869,0.095,0.0862,0.0874,0.0869,0.0938,0.0872,0.0829,0.0939,0.0911,0.086,0.0886,0.0865,0.0889,0.0862,0.0857,0.0866,0.0971,0.0863,0.0907,0.0847,0.0838,0.0871,0.0898,0.0844,0.0811,0.086,0.0855,0.5071,0.7293,0.5065,0.7318,0.6057,0.5636,0.8111,0.7766,0.5564,0.8375,0.0862,0.0862,0.7444,0.5861,0.6721,0.5683,0.804,0.8043,0.741,0.0865,0.4569,0.7219,0.0868,0.0862,0.0894,0.8421,0.7626,0.6734,0.086,0.6476,0.5716,0.5723,0.1004,0.8347,0.0862,0.0859,0.0872,0.0912,0.0862,0.0864,0.0886,0.0855,0.087,0.0869,0.0869,0.0853,0.086
,10:24:16,45,0.0874,0.0876,0.0855,0.0871,0.086,0.0851,0.0866,0.0871,0.0852,0.093,0.0905,0.0864,0.088,0.0855,0.0837,0.0861,0.0844,0.0893,0.1067,0.0875,0.0888,0.087,0.0935,0.086,0.0872,0.0866,0.0935,0.0868,0.082,0.0902,0.0913,0.0856,0.0882,0.0867,0.0882,0.0862,0.0858,0.0868,0.0975,0.0868,0.0913,0.084,0.0838,0.0864,0.0897,0.0846,0.0802,0.0861,0.0854,0.5054,0.7276,0.5042,0.7308,0.6041,0.5657,0.809,0.775,0.5604,0.8359,0.0862,0.0858,0.7416,0.5851,0.6704,0.5693,0.8047,0.8045,0.7404,0.0864,0.4568,0.7214,0.0859,0.086,0.0895,0.8421,0.7617,0.6733,0.0853,0.6505,0.5689,0.5752,0.0999,0.8343,0.0861,0.0853,0.0871,0.0908,0.0859,0.0863,0.0878,0.0849,0.0862,0.0861,0.0862,0.0855,0.0855
,10:29:16,45,0.0872,0.0872,0.086,0.0868,0.0856,0.0852,0.0867,0.0866,0.0853,0.0925,0.0909,0.0858,0.0876,0.0869,0.0836,0.0867,0.0854,0.0896,0.1049,0.0872,0.0886,0.0866,0.0956,0.0859,0.0866,0.0867,0.0957,0.0868,0.0824,0.0938,0.0937,0.0861,0.0881,0.0871,0.0871,0.0861,0.0857,0.0864,0.0974,0.0877,0.0902,0.0847,0.0829,0.0871,0.0905,0.0847,0.0809,0.0861,0.0853,0.5031,0.7266,0.503,0.7309,0.6024,0.569,0.8072,0.7735,0.5638,0.8335,0.0858,0.0853,0.7404,0.584,0.6691,0.5732,0.8054,0.8039,0.7401,0.0861,0.4551,0.72,0.0864,0.086,0.0893,0.8426,0.7614,0.6723,0.0851,0.654,0.5641,0.5779,0.1005,0.8335,0.0858,0.0855,0.0869,0.0904,0.0859,0.0865,0.0877,0.0852,0.0862,0.0863,0.086,0.0852,0.0855
,10:34:16,45,0.0874,0.0874,0.0855,0.0871,0.0863,0.0851,0.0865,0.0864,0.0852,0.0924,0.0904,0.0859,0.0876,0.0852,0.0835,0.0938,0.0874,0.0914,0.1044,0.0876,0.0915,0.0867,0.0925,0.0857,0.0865,0.0863,0.0956,0.0866,0.0819,0.0941,0.0924,0.0858,0.0879,0.0866,0.0876,0.0862,0.0857,0.0867,0.0973,0.0865,0.0901,0.0842,0.0846,0.0866,0.09,0.0841,0.0801,0.086,0.0851,0.5017,0.7257,0.5014,0.729,0.6019,0.5699,0.8057,0.7726,0.5679,0.832,0.0859,0.0863,0.7351,0.5817,0.6673,0.5694,0.8062,0.8042,0.7385,0.0862,0.4533,0.7193,0.0868,0.0864,0.0892,0.8435,0.7602,0.6717,0.0856,0.6567,0.5641,0.5793,0.1001,0.8318,0.0859,0.0855,0.0869,0.0909,0.0858,0.0863,0.0878,0.0855,0.0863,0.0861,0.0863,0.0852,0.0856
,10:39:16,45,0.0872,0.0874,0.0854,0.0868,0.0856,0.0854,0.086,0.0868,0.0855,0.0933,0.0904,0.0863,0.0877,0.086,0.0831,0.0855,0.0845,0.0891,0.1045,0.0869,0.0884,0.0869,0.0927,0.0863,0.0869,0.0866,0.0948,0.0863,0.082,0.0911,0.0908,0.0897,0.0878,0.0859,0.0877,0.0862,0.0858,0.0861,0.0974,0.0905,0.0904,0.0898,0.0841,0.0867,0.0911,0.0842,0.0809,0.0858,0.0849,0.5,0.7244,0.5009,0.7296,0.6007,0.5733,0.8049,0.7716,0.5712,0.8314,0.0856,0.0856,0.7329,0.5794,0.6656,0.5769,0.8071,0.804,0.7377,0.0858,0.4518,0.719,0.0866,0.0858,0.0895,0.8438,0.7598,0.6714,0.0855,0.6603,0.5617,0.5809,0.1001,0.832,0.0857,0.0851,0.0871,0.0907,0.0862,0.0862,0.0876,0.0853,0.0865,0.0864,0.086,0.0855,0.0856
,10:44:16,45,0.0872,0.0876,0.0859,0.0869,0.0862,0.0854,0.0863,0.0869,0.086,0.0933,0.0909,0.086,0.0881,0.0862,0.0841,0.0875,0.0846,0.089,0.1035,0.0874,0.0923,0.0869,0.0926,0.0862,0.0865,0.0867,0.0946,0.0867,0.0831,0.0889,0.0897,0.0855,0.0882,0.0859,0.0879,0.086,0.0856,0.0866,0.0939,0.0857,0.0904,0.0906,0.0837,0.0867,0.0891,0.0841,0.0802,0.0863,0.0853,0.4987,0.7239,0.4988,0.7308,0.5994,0.5763,0.8039,0.771,0.575,0.8288,0.0857,0.0859,0.7315,0.579,0.6642,0.5824,0.8073,0.8042,0.7364,0.0863,0.4506,0.7179,0.0863,0.0865,0.0895,0.8449,0.7598,0.672,0.0856,0.664,0.5603,0.5837,0.0998,0.8328,0.0864,0.0855,0.0876,0.0914,0.0865,0.0862,0.0882,0.0848,0.087,0.0862,0.0866,0.0857,0.0856
,10:49:16,45,0.0875,0.0872,0.0857,0.0865,0.0859,0.0857,0.0866,0.0868,0.0856,0.0933,0.0908,0.0858,0.0879,0.0872,0.0835,0.0878,0.0856,0.0893,0.1035,0.087,0.0919,0.0869,0.0929,0.0857,0.0872,0.0866,0.0939,0.0873,0.0827,0.091,0.0912,0.0949,0.0885,0.0861,0.0875,0.0864,0.0858,0.0865,0.0976,0.0916,0.0905,0.112,0.0846,0.0865,0.0905,0.084,0.0809,0.0861,0.0851,0.496,0.7229,0.4987,0.7274,0.5985,0.5782,0.802,0.7697,0.5777,0.827,0.086,0.0861,0.728,0.5766,0.6625,0.5786,0.8076,0.8039,0.7353,0.0861,0.4492,0.7158,0.0861,0.0865,0.0892,0.844,0.7586,0.6705,0.0852,0.6656,0.559,0.5854,0.0996,0.8305,0.0861,0.0856,0.0866,0.0909,0.0863,0.0863,0.088,0.0853,0.0868,0.0866,0.0861,0.0858,0.0858
,10:54:16,45,0.0879,0.0881,0.0865,0.0872,0.0865,0.0862,0.0873,0.0878,0.0861,0.0935,0.0916,0.0868,0.0884,0.0877,0.0843,0.0944,0.0855,0.0909,0.1048,0.0873,0.0894,0.0873,0.0932,0.0867,0.0874,0.0871,0.0946,0.0875,0.083,0.0907,0.092,0.0862,0.0883,0.0876,0.0884,0.0868,0.0861,0.0868,0.0975,0.0872,0.0911,0.0958,0.0846,0.0877,0.0902,0.0848,0.0809,0.0866,0.0856,0.4956,0.722,0.4971,0.7269,0.5981,0.5805,0.8011,0.7679,0.5812,0.8255,0.0862,0.086,0.7245,0.5751,0.6626,0.5805,0.8085,0.805,0.7347,0.0865,0.4486,0.7166,0.087,0.0867,0.0897,0.8451,0.758,0.6702,0.0858,0.6694,0.5592,0.5876,0.1005,0.8309,0.0867,0.0861,0.0878,0.0912,0.0868,0.0866,0.0881,0.0858,0.0869,0.0868,0.0867,0.086,0.0858
,10:59:16,44.9,0.0871,0.0876,0.0859,0.0872,0.0862,0.0858,0.0864,0.0869,0.0858,0.0931,0.0906,0.0858,0.0876,0.0866,0.0839,0.0907,0.0852,0.091,0.1033,0.0873,0.0886,0.0865,0.0928,0.0858,0.087,0.0862,0.0917,0.0864,0.0828,0.092,0.0891,0.0854,0.0886,0.0888,0.088,0.0859,0.0859,0.0866,0.0957,0.0868,0.0902,0.1104,0.0839,0.0868,0.0899,0.0842,0.0803,0.0863,0.0853,0.4924,0.7212,0.4961,0.726,0.5962,0.5816,0.7989,0.7657,0.5836,0.824,0.0858,0.0855,0.7217,0.5734,0.6588,0.5812,0.8075,0.8047,0.7327,0.0868,0.4471,0.7137,0.0862,0.086,0.0897,0.8448,0.7566,0.6696,0.0858,0.6717,0.5547,0.5896,0.1004,0.8291,0.0862,0.0856,0.0871,0.0908,0.0861,0.0865,0.0877,0.0853,0.0868,0.0866,0.0866,0.0853,0.0857
,11:04:16,45,0.0874,0.0872,0.0858,0.087,0.0858,0.0852,0.086,0.0867,0.0853,0.0934,0.0904,0.0858,0.0878,0.087,0.0832,0.0859,0.084,0.0892,0.1055,0.087,0.0888,0.0866,0.0927,0.0856,0.0868,0.0869,0.0943,0.0866,0.0822,0.0891,0.09,0.0852,0.088,0.0859,0.0871,0.0861,0.0857,0.0864,0.096,0.0863,0.0907,0.0839,0.0827,0.087,0.0895,0.0844,0.0807,0.0858,0.0847,0.491,0.7202,0.4946,0.7252,0.5955,0.5833,0.7974,0.7653,0.5865,0.8211,0.0855,0.0856,0.7183,0.5714,0.658,0.5838,0.8077,0.8034,0.7315,0.0862,0.4414,0.712,0.0864,0.086,0.0897,0.8453,0.7562,0.6688,0.0853,0.6733,0.5521,0.5909,0.0997,0.8287,0.086,0.0855,0.0869,0.0906,0.0862,0.0865,0.0876,0.0845,0.0864,0.0864,0.0856,0.0857,0.0852
,11:09:16,45,0.0872,0.0879,0.0853,0.0868,0.0862,0.0857,0.0863,0.0863,0.0855,0.0935,0.0904,0.086,0.0875,0.0861,0.0834,0.0868,0.0843,0.0884,0.1064,0.0869,0.0898,0.0866,0.0926,0.0859,0.0866,0.0866,0.0934,0.0861,0.0824,0.0939,0.0879,0.0882,0.0882,0.0856,0.0881,0.0858,0.0858,0.0868,0.0956,0.0881,0.0905,0.0884,0.0837,0.0866,0.0889,0.0845,0.0802,0.0859,0.085,0.4891,0.7188,0.4932,0.7247,0.5942,0.5855,0.7965,0.7637,0.5878,0.8194,0.0856,0.0863,0.7171,0.5706,0.6567,0.5914,0.8085,0.8041,0.7303,0.0865,0.436,0.7117,0.0868,0.0862,0.09,0.8448,0.7569,0.6686,0.0858,0.6748,0.5514,0.5936,0.1003,0.829,0.0861,0.0855,0.0866,0.0905,0.0861,0.0866,0.0879,0.0848,0.0861,0.0861,0.0863,0.0852,0.0854
,11:14:16,44.9,0.0876,0.0871,0.0862,0.0872,0.0858,0.0854,0.0866,0.0871,0.0857,0.0937,0.0906,0.086,0.0873,0.0866,0.084,0.0852,0.0849,0.0883,0.102,0.0869,0.0892,0.0867,0.0932,0.0862,0.0871,0.0867,0.0948,0.0872,0.0831,0.0897,0.0885,0.0854,0.0885,0.0867,0.0882,0.0858,0.0856,0.0868,0.0968,0.0876,0.0907,0.0941,0.0847,0.0865,0.0894,0.0845,0.0806,0.0862,0.0852,0.4867,0.7175,0.4921,0.7229,0.5919,0.5868,0.7937,0.7609,0.5913,0.8177,0.0855,0.086,0.7125,0.568,0.6553,0.5882,0.8091,0.8035,0.7285,0.0858,0.4356,0.7143,0.0861,0.0863,0.0901,0.8458,0.7558,0.6673,0.0856,0.6775,0.5499,0.5962,0.1009,0.8288,0.0863,0.0853,0.0871,0.091,0.0861,0.0861,0.0882,0.0851,0.087,0.0866,0.0862,0.0853,0.0859
,11:19:16,44.9,0.0873,0.0876,0.0859,0.0868,0.0858,0.0859,0.0869,0.0864,0.0856,0.0936,0.0906,0.0866,0.0881,0.0857,0.0839,0.0879,0.0844,0.0922,0.1038,0.0872,0.0895,0.0868,0.0921,0.0858,0.0874,0.0862,0.0946,0.0867,0.0821,0.0978,0.0916,0.0875,0.088,0.0861,0.0882,0.0863,0.0858,0.0869,0.0954,0.0881,0.0903,0.0832,0.0839,0.087,0.0892,0.0843,0.0807,0.0861,0.0851,0.4856,0.7173,0.491,0.7222,0.5922,0.588,0.7922,0.7596,0.5927,0.8159,0.0856,0.086,0.7108,0.5673,0.6534,0.592,0.8096,0.8036,0.7276,0.0862,0.4351,0.7118,0.0864,0.0865,0.0896,0.8458,0.7552,0.667,0.0862,0.6789,0.5465,0.5977,0.1005,0.8285,0.086,0.0856,0.0875,0.0914,0.0861,0.0864,0.0879,0.0856,0.0865,0.0863,0.0867,0.0855,0.0854
,11:24:16,45,0.0879,0.0879,0.0861,0.0869,0.0865,0.0861,0.0868,0.0876,0.0856,0.0939,0.0906,0.0861,0.0885,0.0873,0.084,0.085,0.085,0.0898,0.1041,0.0875,0.0891,0.0866,0.0929,0.0864,0.0874,0.0872,0.0952,0.0874,0.0823,0.0915,0.0905,0.0861,0.0885,0.0875,0.0887,0.0865,0.0864,0.0869,0.0971,0.0911,0.0908,0.0904,0.085,0.087,0.0907,0.0849,0.0811,0.086,0.0856,0.4845,0.716,0.4893,0.7207,0.5916,0.5888,0.79,0.758,0.5947,0.8148,0.0867,0.0861,0.7075,0.5659,0.6518,0.5906,0.81,0.8027,0.7262,0.0866,0.433,0.7113,0.0866,0.0864,0.0901,0.8451,0.7542,0.6657,0.0861,0.6815,0.545,0.5996,0.101,0.8286,0.0863,0.0859,0.0873,0.091,0.0866,0.087,0.088,0.0854,0.087,0.0865,0.087,0.0862,0.0859
,11:29:16,45,0.0875,0.0879,0.0862,0.0874,0.0866,0.0866,0.0868,0.0873,0.0861,0.0938,0.091,0.0861,0.0881,0.0863,0.0843,0.0855,0.0851,0.0894,0.1073,0.0878,0.0893,0.087,0.0929,0.0861,0.0873,0.0862,0.0957,0.0868,0.0832,0.0965,0.0895,0.0938,0.0888,0.0867,0.0881,0.0865,0.0862,0.0871,0.0986,0.0909,0.0911,0.1113,0.0851,0.0873,0.0903,0.0843,0.0812,0.0862,0.0856,0.4827,0.7145,0.4891,0.7189,0.5902,0.591,0.7895,0.7564,0.5979,0.8129,0.0864,0.0859,0.7054,0.5644,0.6506,0.5911,0.8107,0.8027,0.7258,0.0866,0.4333,0.7095,0.0865,0.0862,0.09,0.8457,0.7542,0.6654,0.0864,0.6822,0.5438,0.6011,0.1007,0.8273,0.0868,0.0857,0.0879,0.0912,0.0867,0.0867,0.088,0.0856,0.087,0.0869,0.0866,0.086,0.0858
,11:34:16,44.9,0.087,0.0871,0.086,0.0869,0.0863,0.0851,0.0866,0.0867,0.0854,0.0931,0.0902,0.086,0.088,0.0865,0.0839,0.0873,0.0851,0.0885,0.1041,0.0874,0.0884,0.0864,0.095,0.0859,0.0868,0.0862,0.094,0.0865,0.0822,0.0918,0.0912,0.0879,0.0879,0.0862,0.0875,0.0855,0.0857,0.0865,0.0947,0.088,0.0905,0.0897,0.0841,0.0866,0.09,0.0842,0.0808,0.0856,0.0848,0.4809,0.7132,0.4867,0.7158,0.5883,0.5902,0.7865,0.753,0.5987,0.8107,0.0855,0.0859,0.7015,0.5617,0.6485,0.5868,0.8089,0.8018,0.7237,0.0861,0.4317,0.7089,0.0862,0.0858,0.0891,0.8449,0.7525,0.6636,0.0854,0.6825,0.5404,0.6019,0.1002,0.8258,0.0862,0.0849,0.0869,0.0901,0.0859,0.0861,0.0875,0.0852,0.0864,0.0859,0.0861,0.085,0.085
,11:39:16,45,0.0875,0.0881,0.086,0.0868,0.086,0.086,0.0867,0.087,0.0861,0.093,0.0911,0.0858,0.0879,0.0873,0.0836,0.0862,0.0847,0.0889,0.1055,0.0873,0.0892,0.0867,0.0929,0.0863,0.0873,0.0867,0.0921,0.0871,0.0829,0.0943,0.0911,0.0868,0.0883,0.0863,0.0885,0.0863,0.0857,0.0871,0.0964,0.0858,0.0909,0.1055,0.0842,0.0868,0.0898,0.0846,0.081,0.0861,0.085,0.4778,0.713,0.4862,0.7151,0.5876,0.5905,0.7851,0.7528,0.601,0.8091,0.0856,0.0862,0.7012,0.5607,0.6475,0.5856,0.8096,0.7999,0.7212,0.087,0.4295,0.708,0.0868,0.0863,0.0897,0.8455,0.7516,0.6627,0.086,0.6848,0.5404,0.6041,0.1005,0.8241,0.0861,0.0856,0.0873,0.0908,0.0865,0.0863,0.0876,0.0852,0.0871,0.0866,0.0866,0.0854,0.0858
,11:44:16,45,0.0873,0.0877,0.0858,0.0868,0.086,0.0854,0.0866,0.0868,0.0856,0.0931,0.0904,0.0863,0.088,0.0872,0.0839,0.0863,0.0867,0.0924,0.1055,0.0881,0.0889,0.0869,0.0956,0.086,0.0869,0.0867,0.0932,0.0868,0.0825,0.092,0.0938,0.0857,0.088,0.0867,0.0881,0.0862,0.0859,0.0865,0.0981,0.0902,0.0908,0.1166,0.0855,0.0871,0.0896,0.0841,0.0812,0.0856,0.0849,0.4777,0.7105,0.4851,0.7133,0.5855,0.5913,0.7828,0.75,0.6018,0.8065,0.0858,0.0858,0.6993,0.5595,0.6459,0.5843,0.8085,0.7983,0.72,0.0863,0.4274,0.7074,0.0862,0.0859,0.089,0.8453,0.7502,0.6607,0.0857,0.6848,0.538,0.6055,0.1004,0.8225,0.0862,0.086,0.0871,0.0908,0.086,0.0865,0.0878,0.0848,0.0866,0.0863,0.0865,0.0857,0.0853
,11:49:16,45,0.0879,0.0875,0.0859,0.0871,0.0858,0.0857,0.0862,0.0871,0.0852,0.0933,0.0904,0.0859,0.0881,0.0865,0.0839,0.0858,0.0857,0.0891,0.1038,0.0863,0.0888,0.0866,0.0928,0.0865,0.0866,0.0867,0.0939,0.0869,0.083,0.0917,0.0888,0.0954,0.0884,0.0865,0.0882,0.0864,0.086,0.0865,0.0973,0.091,0.0901,0.0926,0.0825,0.0867,0.0918,0.0847,0.0803,0.0862,0.0854,0.475,0.7097,0.483,0.7118,0.5852,0.5917,0.7813,0.7474,0.603,0.8047,0.086,0.0856,0.697,0.5575,0.6435,0.5819,0.8098,0.7974,0.7184,0.0864,0.424,0.709,0.0862,0.0858,0.0896,0.8457,0.7499,0.66,0.0859,0.6843,0.5361,0.6075,0.1005,0.8235,0.0866,0.0851,0.0874,0.0907,0.0866,0.0867,0.0881,0.0854,0.0866,0.0864,0.0861,0.0859,0.0856
,11:54:16,45,0.0876,0.0881,0.0866,0.0873,0.0863,0.086,0.0866,0.0876,0.0864,0.0939,0.0909,0.0864,0.0882,0.0876,0.0844,0.0881,0.0855,0.0888,0.1098,0.0872,0.0918,0.0868,0.0935,0.0866,0.0868,0.0869,0.0957,0.0872,0.0826,0.0919,0.092,0.087,0.0888,0.0891,0.0887,0.0863,0.0861,0.0869,0.0987,0.0932,0.0911,0.104,0.0854,0.0875,0.0894,0.0853,0.0814,0.0863,0.0856,0.4743,0.7094,0.4824,0.7115,0.5843,0.5927,0.7799,0.7461,0.6047,0.8036,0.0861,0.0861,0.6951,0.557,0.6419,0.5834,0.8093,0.7958,0.7161,0.0865,0.4238,0.7084,0.0868,0.0868,0.0899,0.8453,0.7484,0.6597,0.0858,0.6855,0.5351,0.6088,0.1014,0.8232,0.0867,0.0856,0.0873,0.091,0.0865,0.0866,0.0883,0.0857,0.0869,0.087,0.0867,0.0861,0.0857
,11:59:16,45,0.087,0.0877,0.0858,0.0871,0.0858,0.0855,0.0863,0.087,0.0857,0.0931,0.0908,0.0861,0.0878,0.0837,0.0837,0.0898,0.0843,0.0888,0.1037,0.0869,0.0889,0.087,0.0926,0.086,0.087,0.0862,0.0937,0.0866,0.0825,0.0901,0.0919,0.0862,0.0879,0.0865,0.0882,0.0859,0.0858,0.0868,0.0975,0.0875,0.091,0.1094,0.083,0.0871,0.089,0.0842,0.0814,0.0856,0.0851,0.4726,0.7078,0.4812,0.7079,0.5825,0.5921,0.7766,0.7437,0.606,0.801,0.0857,0.0861,0.6911,0.5534,0.6406,0.5825,0.8087,0.7949,0.7145,0.0864,0.4233,0.7052,0.0862,0.0864,0.0896,0.845,0.7475,0.657,0.0855,0.6858,0.5312,0.6083,0.1006,0.8212,0.0861,0.0854,0.0873,0.091,0.0858,0.0861,0.0879,0.0853,0.0866,0.0862,0.0866,0.0854,0.0857
,12:04:16,44.9,0.087,0.0872,0.0855,0.0872,0.0855,0.0855,0.0863,0.0863,0.0848,0.0934,0.0904,0.0856,0.0874,0.0869,0.0833,0.0874,0.0855,0.089,0.1098,0.0875,0.0884,0.0865,0.0923,0.0858,0.0864,0.0864,0.094,0.086,0.0819,0.0907,0.0904,0.0853,0.0882,0.0864,0.0882,0.0855,0.0855,0.0868,0.0977,0.0968,0.0906,0.0912,0.0847,0.0865,0.0893,0.0841,0.0814,0.0855,0.0848,0.4707,0.7061,0.4789,0.7071,0.5808,0.5917,0.7757,0.7419,0.6075,0.7999,0.0856,0.0859,0.6869,0.5523,0.6389,0.5789,0.8077,0.793,0.7128,0.0862,0.4215,0.7025,0.0863,0.0857,0.0894,0.8441,0.7467,0.6564,0.0851,0.686,0.5307,0.6088,0.1003,0.8203,0.0858,0.0852,0.0871,0.0905,0.0862,0.0862,0.088,0.085,0.0869,0.0865,0.0862,0.0854,0.0849
,12:09:16,45.1,0.0872,0.0874,0.086,0.087,0.086,0.0858,0.0865,0.0868,0.0858,0.0929,0.0904,0.0858,0.0877,0.0867,0.0836,0.0865,0.0845,0.0896,0.1029,0.0883,0.0896,0.0863,0.0921,0.0859,0.0866,0.0863,0.0943,0.0866,0.0826,0.0937,0.0891,0.0859,0.0882,0.0864,0.088,0.0864,0.0856,0.0865,0.096,0.0863,0.0907,0.0857,0.0834,0.0867,0.0895,0.0842,0.0815,0.0859,0.0852,0.4689,0.7059,0.4785,0.7051,0.5797,0.5925,0.7737,0.7393,0.6079,0.7979,0.0861,0.0853,0.6858,0.551,0.6381,0.5804,0.8075,0.7911,0.711,0.0864,0.4186,0.7032,0.0867,0.0859,0.0892,0.843,0.7457,0.6566,0.0857,0.6873,0.5274,0.6097,0.1008,0.8206,0.0863,0.0849,0.0872,0.0911,0.0865,0.0863,0.0879,0.0852,0.0868,0.0862,0.0864,0.0851,0.0852
,12:14:16,44.9,0.0871,0.0875,0.0856,0.0868,0.0858,0.0853,0.0867,0.0865,0.0853,0.0934,0.0907,0.0858,0.0874,0.0866,0.0831,0.0856,0.0845,0.089,0.1075,0.0867,0.0889,0.087,0.0922,0.086,0.0873,0.0866,0.0932,0.0869,0.082,0.0972,0.0898,0.0857,0.0881,0.0865,0.0885,0.086,0.0862,0.0868,0.0969,0.0869,0.0906,0.0827,0.0841,0.0865,0.0893,0.0843,0.0803,0.0858,0.0851,0.467,0.704,0.4776,0.7037,0.579,0.5918,0.772,0.7368,0.6092,0.7958,0.0855,0.0854,0.6811,0.5498,0.6356,0.5777,0.8074,0.7889,0.7096,0.086,0.4173,0.7036,0.0868,0.0861,0.0892,0.8439,0.745,0.6541,0.0854,0.6871,0.5273,0.6104,0.1011,0.8204,0.0863,0.0855,0.0872,0.0906,0.0861,0.0864,0.0879,0.0851,0.0871,0.0863,0.086,0.0856,0.0854
,12:19:16,45,0.0872,0.0878,0.0862,0.0867,0.0863,0.0855,0.0868,0.0867,0.0858,0.0933,0.0907,0.086,0.0875,0.0865,0.0835,0.0885,0.0845,0.0895,0.1026,0.0889,0.0898,0.087,0.0929,0.0864,0.0869,0.086,0.0911,0.0865,0.0838,0.0971,0.0894,0.0858,0.0881,0.087,0.0877,0.0862,0.0857,0.0868,0.0966,0.0887,0.0908,0.0828,0.0836,0.0866,0.0894,0.0841,0.0808,0.0864,0.0852,0.4658,0.7029,0.4763,0.7018,0.5777,0.5929,0.77,0.7349,0.6093,0.794,0.0863,0.0854,0.678,0.5478,0.6337,0.5745,0.808,0.7873,0.7075,0.0864,0.4164,0.6991,0.0865,0.0859,0.0896,0.8433,0.7447,0.6532,0.0858,0.6877,0.5244,0.6108,0.1012,0.819,0.0865,0.0858,0.087,0.0909,0.0865,0.0866,0.0877,0.0854,0.0867,0.0868,0.0863,0.0852,0.0856
,12:24:16,44.9,0.0874,0.0876,0.086,0.0866,0.0857,0.0852,0.0865,0.087,0.0857,0.0934,0.0906,0.086,0.0876,0.0866,0.0839,0.0851,0.0848,0.0885,0.1035,0.0878,0.089,0.0869,0.0928,0.0864,0.0871,0.0863,0.0936,0.0872,0.0826,0.0894,0.088,0.0861,0.088,0.0858,0.0878,0.0864,0.0856,0.0865,0.0933,0.0871,0.0905,0.0953,0.0836,0.0869,0.0893,0.0844,0.0811,0.0857,0.0853,0.464,0.7029,0.475,0.7008,0.5774,0.5922,0.7689,0.7331,0.6096,0.7929,0.0862,0.086,0.6757,0.5458,0.632,0.5744,0.8072,0.7861,0.7055,0.0863,0.4166,0.6974,0.0869,0.0861,0.0893,0.8416,0.744,0.6513,0.0856,0.6879,0.5236,0.6113,0.101,0.8204,0.0866,0.0857,0.0874,0.0911,0.0862,0.0859,0.0877,0.0855,0.0873,0.0868,0.0865,0.0856,0.0857
,12:29:16,45,0.0875,0.0873,0.0857,0.087,0.0861,0.0855,0.0863,0.0863,0.0857,0.0936,0.0909,0.0859,0.0878,0.0864,0.0835,0.0851,0.0841,0.088,0.1027,0.087,0.0888,0.0862,0.0927,0.0858,0.0864,0.0866,0.0948,0.0867,0.0823,0.0963,0.0883,0.0855,0.0881,0.0863,0.0867,0.0863,0.0856,0.0867,0.0945,0.0866,0.0903,0.0892,0.0837,0.0862,0.0892,0.0843,0.0811,0.0856,0.0848,0.4623,0.7004,0.4735,0.6979,0.576,0.591,0.7655,0.7306,0.609,0.7904,0.0859,0.0858,0.6713,0.5446,0.631,0.5699,0.8062,0.7842,0.7032,0.0861,0.4141,0.6974,0.086,0.0858,0.0892,0.842,0.7421,0.6503,0.0857,0.6879,0.5208,0.6101,0.1011,0.8176,0.0863,0.0851,0.0869,0.091,0.0862,0.0862,0.0881,0.0851,0.0864,0.0869,0.0864,0.0855,0.0852
,12:34:16,44.9,0.0879,0.0877,0.0859,0.0871,0.0864,0.086,0.0868,0.0871,0.0858,0.0939,0.0909,0.0864,0.0885,0.0869,0.0837,0.0878,0.0855,0.0893,0.1074,0.0863,0.0931,0.0873,0.0933,0.0862,0.0874,0.0867,0.0944,0.0869,0.0831,0.0977,0.0935,0.0852,0.0886,0.0876,0.0878,0.0864,0.0865,0.0871,0.0962,0.0868,0.0905,0.1095,0.0844,0.0869,0.0895,0.0847,0.0815,0.0862,0.0855,0.4611,0.7013,0.4732,0.6978,0.575,0.5918,0.7645,0.7292,0.6098,0.79,0.0861,0.0859,0.6701,0.5443,0.6296,0.5722,0.8077,0.7827,0.7021,0.0862,0.4123,0.6969,0.0868,0.0863,0.0893,0.8417,0.7422,0.6486,0.0861,0.6882,0.5195,0.611,0.1018,0.8188,0.0861,0.086,0.0872,0.0908,0.0865,0.0866,0.0881,0.0853,0.0871,0.0871,0.0868,0.0859,0.0858
,12:39:16,45,0.0871,0.0874,0.0857,0.0868,0.0857,0.0852,0.0867,0.0866,0.0855,0.0931,0.0907,0.086,0.0876,0.0866,0.0834,0.086,0.0849,0.0916,0.1027,0.0877,0.0893,0.0867,0.093,0.0858,0.0869,0.0864,0.0921,0.0866,0.0822,0.0909,0.0879,0.0854,0.0879,0.087,0.088,0.0866,0.0857,0.0864,0.0978,0.0867,0.091,0.1137,0.0844,0.0866,0.0898,0.0842,0.081,0.0858,0.0853,0.4598,0.699,0.4711,0.6956,0.5739,0.591,0.7616,0.7271,0.6104,0.7866,0.0856,0.0853,0.6667,0.5423,0.6264,0.5677,0.8058,0.7795,0.6994,0.0866,0.4107,0.6963,0.0866,0.0864,0.0895,0.8413,0.7398,0.6469,0.0857,0.6884,0.5172,0.6105,0.1019,0.8181,0.0861,0.0855,0.0866,0.0911,0.086,0.0868,0.088,0.0849,0.0862,0.0867,0.0862,0.0852,0.0856
,12:44:16,45,0.0879,0.0878,0.0861,0.0874,0.0863,0.0862,0.0865,0.087,0.0859,0.0937,0.0908,0.0863,0.0879,0.0872,0.0841,0.0897,0.085,0.0894,0.1049,0.0881,0.0893,0.087,0.093,0.0865,0.0875,0.0867,0.0954,0.0867,0.0821,0.0915,0.0894,0.0858,0.0886,0.0872,0.0877,0.0859,0.086,0.0867,0.0961,0.0902,0.0912,0.0925,0.0841,0.0869,0.0896,0.085,0.0817,0.0862,0.0856,0.4581,0.6982,0.4714,0.695,0.5732,0.5918,0.7602,0.7256,0.61,0.7855,0.0865,0.0864,0.6647,0.541,0.6257,0.5676,0.8055,0.7781,0.6981,0.0864,0.4093,0.6944,0.0865,0.0864,0.09,0.8425,0.7392,0.6461,0.086,0.6891,0.5155,0.6111,0.1028,0.8173,0.0865,0.086,0.0877,0.0911,0.0865,0.0864,0.0884,0.0853,0.087,0.0868,0.0868,0.086,0.0853
,12:49:16,44.9,0.0871,0.0871,0.0856,0.087,0.0861,0.0854,0.0867,0.0864,0.0851,0.0935,0.0913,0.0859,0.0876,0.0866,0.084,0.0879,0.0851,0.0918,0.1043,0.0877,0.0896,0.0869,0.0926,0.0859,0.0868,0.0866,0.0935,0.0871,0.0831,0.0929,0.0888,0.0854,0.0881,0.0864,0.0878,0.0862,0.0862,0.0862,0.095,0.0861,0.0908,0.0948,0.0845,0.0869,0.0888,0.0842,0.0816,0.0863,0.085,0.4569,0.6971,0.4685,0.6936,0.5719,0.5905,0.7583,0.7239,0.611,0.7836,0.0861,0.0858,0.6617,0.5396,0.6238,0.5659,0.8048,0.777,0.6952,0.0867,0.4082,0.6954,0.0864,0.0864,0.0898,0.8415,0.7387,0.645,0.0859,0.6889,0.5147,0.6114,0.1025,0.8178,0.0861,0.0852,0.0871,0.0906,0.0864,0.0865,0.0878,0.0853,0.0869,0.0861,0.0863,0.0857,0.0851
,12:54:16,45,0.0868,0.0871,0.0854,0.087,0.0861,0.0853,0.0863,0.0866,0.0852,0.0931,0.0905,0.086,0.0876,0.0862,0.0834,0.0864,0.0844,0.0882,0.1028,0.0862,0.0887,0.0862,0.0918,0.0856,0.0868,0.0863,0.0936,0.0864,0.0819,0.0905,0.0902,0.0855,0.0882,0.0863,0.0875,0.0857,0.0856,0.086,0.0953,0.0856,0.09,0.1034,0.084,0.0865,0.0895,0.084,0.0803,0.0855,0.0848,0.4546,0.6957,0.4667,0.6914,0.5707,0.5901,0.7559,0.7206,0.6107,0.7808,0.0858,0.0853,0.6605,0.5371,0.6219,0.5656,0.8045,0.774,0.6934,0.0861,0.407,0.6961,0.0861,0.0859,0.0888,0.8414,0.7375,0.6429,0.0855,0.6887,0.5101,0.6106,0.1022,0.817,0.0863,0.085,0.0867,0.0902,0.086,0.0858,0.0878,0.0849,0.0861,0.0859,0.0863,0.0854,0.0855
,12:59:16,45,0.087,0.0873,0.0863,0.0868,0.0862,0.0852,0.0867,0.0867,0.086,0.0933,0.0906,0.0863,0.0881,0.0874,0.0832,0.0919,0.0849,0.0904,0.1038,0.0886,0.0891,0.0868,0.0925,0.0859,0.0868,0.0866,0.096,0.0874,0.0828,0.0923,0.0908,0.0853,0.0886,0.0867,0.0873,0.0858,0.086,0.087,0.0958,0.0863,0.0908,0.0899,0.0842,0.0869,0.0894,0.0848,0.0814,0.0861,0.0854,0.4535,0.695,0.4672,0.6903,0.5697,0.5902,0.7557,0.7195,0.6108,0.7796,0.0859,0.0858,0.6577,0.5358,0.62,0.5635,0.8037,0.7729,0.6921,0.0862,0.4052,0.6961,0.0863,0.0862,0.0897,0.8414,0.7382,0.6419,0.0862,0.6881,0.5099,0.6101,0.103,0.8169,0.0865,0.0856,0.0875,0.0908,0.0865,0.0866,0.0876,0.0856,0.0865,0.0865,0.0863,0.0857,0.0856
,13:04:16,45,0.0875,0.0873,0.086,0.0872,0.0869,0.0858,0.0869,0.0868,0.086,0.0937,0.0909,0.0862,0.0878,0.0865,0.084,0.0876,0.085,0.0912,0.1033,0.0884,0.0887,0.0873,0.0933,0.0858,0.0871,0.0866,0.0961,0.0869,0.0824,0.0961,0.0918,0.086,0.0884,0.0872,0.088,0.0866,0.0858,0.0867,0.0986,0.0965,0.0914,0.0961,0.086,0.0867,0.0895,0.0844,0.082,0.0859,0.0854,0.4523,0.6936,0.4662,0.6887,0.5687,0.5897,0.753,0.7184,0.6107,0.7782,0.0865,0.0859,0.6558,0.535,0.6196,0.5651,0.8029,0.774,0.6895,0.0872,0.4054,0.696,0.0867,0.0865,0.0896,0.8406,0.7369,0.6407,0.0858,0.6888,0.5074,0.6102,0.1042,0.8168,0.0863,0.0857,0.0876,0.0908,0.0863,0.087,0.0877,0.0854,0.087,0.0869,0.0863,0.0859,0.0855
,13:09:16,45,0.0877,0.088,0.0859,0.0871,0.0864,0.0853,0.0866,0.087,0.0857,0.0935,0.091,0.0859,0.0878,0.0867,0.0838,0.0876,0.0846,0.0886,0.1061,0.0881,0.0916,0.0869,0.093,0.086,0.0874,0.0864,0.0969,0.0867,0.0831,0.0968,0.0953,0.0855,0.0882,0.0871,0.0884,0.0864,0.0859,0.0866,0.0981,0.0896,0.0916,0.0937,0.085,0.0869,0.0904,0.0843,0.0816,0.0861,0.0854,0.4505,0.6921,0.4646,0.6868,0.5679,0.5889,0.7512,0.7163,0.6103,0.7757,0.0859,0.0859,0.6533,0.5324,0.6175,0.5608,0.8023,0.7703,0.6866,0.0869,0.402,0.6952,0.0864,0.0862,0.0894,0.8401,0.7341,0.6392,0.086,0.6888,0.5049,0.6094,0.1035,0.8157,0.0866,0.0855,0.0874,0.0911,0.0862,0.0865,0.088,0.0854,0.0868,0.0871,0.0864,0.0853,0.0857
,13:14:16,45,0.0868,0.0873,0.0851,0.0865,0.0854,0.085,0.0861,0.086,0.0854,0.0928,0.0896,0.0856,0.0876,0.0864,0.0826,0.0889,0.0845,0.0893,0.1037,0.0868,0.0884,0.0864,0.0925,0.0856,0.0866,0.0858,0.0947,0.086,0.0818,0.0897,0.0898,0.0851,0.0877,0.0862,0.0873,0.0857,0.0855,0.0863,0.0972,0.089,0.0903,0.1141,0.0842,0.0869,0.0895,0.0836,0.0811,0.0855,0.085,0.4487,0.691,0.4631,0.6835,0.5661,0.5878,0.7483,0.7152,0.6095,0.7735,0.0853,0.0855,0.6484,0.5313,0.6158,0.5587,0.8014,0.7695,0.6848,0.0859,0.4003,0.6911,0.086,0.086,0.0893,0.8384,0.7335,0.6379,0.0852,0.6877,0.5016,0.6079,0.1036,0.8158,0.086,0.0848,0.0867,0.0908,0.0859,0.0857,0.0875,0.0847,0.0861,0.0856,0.0859,0.0851,0.0854
,13:19:16,45,0.087,0.0875,0.0856,0.0866,0.0862,0.0855,0.0861,0.0867,0.0856,0.093,0.0906,0.0859,0.088,0.0867,0.0834,0.0865,0.0839,0.0899,0.1029,0.0875,0.0891,0.0867,0.0929,0.0859,0.0868,0.0859,0.0945,0.0869,0.0823,0.0885,0.0885,0.0853,0.0879,0.0865,0.0883,0.0859,0.0854,0.0862,0.0956,0.0902,0.0905,0.098,0.0845,0.0866,0.0889,0.0843,0.0816,0.0859,0.0852,0.4472,0.6903,0.4624,0.6837,0.5651,0.5863,0.7468,0.7137,0.6099,0.7727,0.0857,0.0857,0.6472,0.5296,0.6146,0.558,0.8011,0.769,0.6834,0.0862,0.3992,0.6905,0.0864,0.0859,0.089,0.8387,0.7332,0.6361,0.0852,0.6874,0.5002,0.6094,0.1048,0.8161,0.0859,0.0854,0.0868,0.091,0.0865,0.0867,0.0878,0.0852,0.0865,0.0866,0.0862,0.0854,0.0852
,13:24:16,45.1,0.0868,0.087,0.0856,0.0869,0.0857,0.0848,0.0862,0.0863,0.0851,0.0927,0.0904,0.0854,0.0874,0.0867,0.0833,0.0869,0.0849,0.0875,0.1073,0.0878,0.0886,0.0863,0.0926,0.0853,0.0866,0.0857,0.0922,0.0864,0.0824,0.0976,0.0871,0.0854,0.0879,0.0859,0.0873,0.0853,0.0855,0.0861,0.0949,0.0859,0.0906,0.085,0.0842,0.0862,0.0882,0.0839,0.0808,0.0854,0.0848,0.4451,0.6894,0.4608,0.681,0.5626,0.5863,0.744,0.711,0.6091,0.7711,0.0856,0.086,0.6447,0.5284,0.6138,0.5566,0.7993,0.7668,0.6805,0.0859,0.3984,0.688,0.086,0.0859,0.0895,0.8385,0.7317,0.6353,0.0856,0.6872,0.4986,0.6071,0.1051,0.8154,0.0861,0.0854,0.0862,0.0908,0.0862,0.0865,0.0878,0.085,0.0863,0.086,0.0858,0.0852,0.0851
,13:29:16,44.9,0.0872,0.0873,0.0854,0.0869,0.0858,0.0853,0.0863,0.0866,0.0853,0.0928,0.0902,0.0859,0.0873,0.0865,0.0835,0.0864,0.0848,0.0881,0.1051,0.0877,0.0921,0.0863,0.0923,0.0861,0.0868,0.0863,0.0926,0.0862,0.0824,0.0942,0.0923,0.0851,0.088,0.0865,0.0878,0.0857,0.0855,0.0865,0.0968,0.0939,0.0909,0.0861,0.0848,0.0867,0.0899,0.0845,0.081,0.0854,0.0849,0.4444,0.6885,0.4592,0.6801,0.5631,0.585,0.7418,0.7104,0.6093,0.7696,0.0859,0.0861,0.6437,0.5263,0.6112,0.5539,0.7989,0.7658,0.6801,0.0865,0.3972,0.689,0.0863,0.086,0.0894,0.8376,0.7308,0.6335,0.0854,0.6872,0.4969,0.6064,0.1055,0.8149,0.0861,0.0855,0.0868,0.091,0.0862,0.0861,0.0877,0.0853,0.0862,0.0866,0.0858,0.0852,0.0854
,13:34:16,44.9,0.0876,0.0878,0.0859,0.0867,0.0861,0.0857,0.0867,0.087,0.0855,0.0932,0.0911,0.0858,0.088,0.0867,0.0841,0.0865,0.0855,0.0891,0.1063,0.0874,0.0925,0.087,0.0928,0.0861,0.0871,0.086,0.0945,0.0864,0.0833,0.0964,0.0875,0.0855,0.0882,0.0862,0.0878,0.0858,0.0861,0.0864,0.0942,0.086,0.0906,0.0865,0.0839,0.0869,0.0888,0.0845,0.0811,0.0863,0.085,0.443,0.6872,0.4599,0.6782,0.5619,0.5847,0.741,0.7084,0.6087,0.7676,0.0858,0.086,0.6415,0.5255,0.6099,0.5522,0.7978,0.7651,0.6782,0.0865,0.3959,0.6872,0.0868,0.0861,0.0892,0.8363,0.7305,0.6326,0.0861,0.6867,0.4958,0.6057,0.1067,0.8139,0.0862,0.0857,0.0873,0.0909,0.0864,0.0862,0.0878,0.0856,0.0871,0.0864,0.0862,0.0855,0.0852
,13:39:16,44.9,0.0869,0.0874,0.0852,0.0864,0.0858,0.0853,0.0865,0.0864,0.0852,0.0931,0.0906,0.0862,0.0877,0.0866,0.0832,0.0856,0.084,0.0876,0.1033,0.0877,0.0887,0.0867,0.0924,0.0859,0.0866,0.0861,0.0937,0.0862,0.0821,0.0909,0.0899,0.0851,0.0881,0.086,0.0873,0.0862,0.0858,0.0862,0.0944,0.0864,0.0907,0.0892,0.0832,0.0866,0.0885,0.0843,0.0809,0.0859,0.0848,0.4416,0.6855,0.4573,0.6775,0.5607,0.5838,0.7374,0.7069,0.6091,0.7654,0.0858,0.0852,0.6381,0.5235,0.608,0.5502,0.7962,0.7644,0.6753,0.0863,0.3945,0.6852,0.0866,0.086,0.0895,0.8355,0.7295,0.631,0.0858,0.6862,0.4932,0.6049,0.1064,0.8135,0.0859,0.085,0.0872,0.0901,0.086,0.0862,0.0874,0.085,0.0864,0.0861,0.086,0.0854,0.0851
,13:44:16,45,0.0874,0.0876,0.0862,0.0874,0.086,0.0856,0.0866,0.0869,0.0858,0.0935,0.0909,0.0863,0.0881,0.0866,0.0838,0.0876,0.084,0.0884,0.1029,0.0884,0.0913,0.0862,0.093,0.0863,0.0872,0.0864,0.092,0.0867,0.0826,0.0879,0.0883,0.0851,0.0879,0.0873,0.0876,0.0861,0.0863,0.0867,0.0937,0.0862,0.0912,0.093,0.0835,0.087,0.0888,0.0847,0.0811,0.0859,0.0854,0.4403,0.6853,0.4574,0.6745,0.56,0.5826,0.7366,0.7065,0.609,0.7652,0.0855,0.0861,0.6373,0.5228,0.6071,0.5479,0.7964,0.7646,0.6735,0.0865,0.393,0.6846,0.0862,0.0862,0.0894,0.835,0.7279,0.6294,0.0861,0.6865,0.4917,0.6045,0.1082,0.8137,0.0868,0.0851,0.0871,0.091,0.0862,0.086,0.0879,0.0852,0.0869,0.0868,0.0859,0.0859,0.0854
,13:49:16,45,0.0874,0.0879,0.0862,0.0872,0.0856,0.0859,0.0866,0.087,0.0859,0.0929,0.0905,0.0859,0.0876,0.0859,0.0836,0.087,0.0853,0.0916,0.1036,0.0874,0.0891,0.0868,0.0924,0.0858,0.0871,0.0891,0.0949,0.0866,0.082,0.0892,0.0925,0.0852,0.0879,0.087,0.0871,0.0861,0.086,0.0867,0.0965,0.0875,0.0909,0.0902,0.084,0.0867,0.09,0.0843,0.0815,0.0858,0.0852,0.4388,0.684,0.4559,0.6735,0.559,0.5819,0.7353,0.7037,0.6091,0.7628,0.0858,0.0857,0.6364,0.5211,0.6052,0.5478,0.7955,0.764,0.6713,0.0862,0.3921,0.6835,0.0862,0.0858,0.09,0.8338,0.7277,0.629,0.0857,0.6861,0.4901,0.6039,0.1087,0.8127,0.0862,0.085,0.0868,0.0906,0.0862,0.0868,0.0881,0.0855,0.0865,0.0864,0.0865,0.0854,0.0855
,13:54:16,45,0.0876,0.0875,0.0857,0.087,0.0862,0.0856,0.0869,0.0867,0.0858,0.093,0.0912,0.0864,0.0883,0.0866,0.0834,0.0869,0.0875,0.0878,0.1046,0.088,0.0887,0.0868,0.0928,0.0862,0.0864,0.0862,0.0954,0.0864,0.0825,0.0888,0.0935,0.0859,0.0884,0.0866,0.0881,0.0859,0.0859,0.0864,0.0961,0.0876,0.0911,0.0969,0.0833,0.087,0.0889,0.0842,0.0818,0.086,0.0853,0.4377,0.6823,0.454,0.6712,0.558,0.5806,0.7319,0.7026,0.6078,0.7613,0.0864,0.086,0.6336,0.5195,0.6038,0.5434,0.794,0.7626,0.67,0.0866,0.3907,0.6821,0.0865,0.0859,0.0891,0.8336,0.7262,0.6269,0.0862,0.6847,0.4881,0.6028,0.1092,0.811,0.0865,0.0852,0.0872,0.0906,0.0863,0.0863,0.0878,0.0854,0.0869,0.0868,0.0863,0.0855,0.0854
,13:59:16,45.1,0.0872,0.0877,0.0856,0.0871,0.0862,0.0853,0.0864,0.087,0.0861,0.0935,0.0905,0.086,0.0882,0.0866,0.0835,0.0904,0.0844,0.0884,0.1049,0.0878,0.0883,0.0866,0.093,0.0863,0.087,0.0869,0.0968,0.0872,0.0824,0.0896,0.0927,0.0855,0.0878,0.0876,0.0879,0.0861,0.086,0.0865,0.0978,0.0939,0.0914,0.0974,0.0841,0.0872,0.0897,0.0842,0.0818,0.0859,0.0853,0.4361,0.6816,0.454,0.6715,0.5568,0.5794,0.7309,0.7016,0.608,0.7602,0.0862,0.0855,0.632,0.519,0.6019,0.5462,0.7929,0.7623,0.6675,0.0868,0.3906,0.6838,0.0864,0.086,0.0894,0.8325,0.7244,0.6259,0.0858,0.6843,0.4866,0.602,0.1106,0.8106,0.086,0.0854,0.0874,0.0907,0.0866,0.0864,0.088,0.0856,0.0864,0.0866,0.0866,0.0857,0.0857
,14:04:16,45,0.0874,0.0872,0.0854,0.0868,0.0855,0.0854,0.0865,0.0864,0.0857,0.093,0.0908,0.0854,0.0877,0.0861,0.0834,0.0919,0.084,0.0887,0.1095,0.0876,0.0894,0.0861,0.0926,0.0859,0.0868,0.086,0.0973,0.0864,0.082,0.0914,0.0938,0.0852,0.0875,0.0867,0.0885,0.0857,0.0858,0.0863,0.0981,0.0911,0.0907,0.0878,0.085,0.0864,0.0886,0.0839,0.0817,0.0855,0.0846,0.434,0.6815,0.4522,0.6702,0.5559,0.5797,0.7299,0.6996,0.6064,0.7575,0.0855,0.0857,0.6304,0.5166,0.6002,0.5437,0.7926,0.7607,0.6651,0.086,0.3839,0.6811,0.0863,0.0857,0.0891,0.8313,0.7246,0.6236,0.0855,0.6836,0.4841,0.6025,0.1116,0.809,0.0861,0.0854,0.0868,0.0905,0.0861,0.0859,0.0876,0.0845,0.0861,0.0862,0.086,0.0855,0.0857
,14:09:16,45,0.0878,0.0879,0.086,0.0872,0.086,0.0857,0.0864,0.0873,0.0855,0.0939,0.0909,0.086,0.0882,0.0865,0.0842,0.085,0.0848,0.0898,0.1086,0.088,0.0891,0.0871,0.0927,0.0863,0.0872,0.0863,0.0939,0.0866,0.0829,0.0977,0.0901,0.0859,0.0884,0.0867,0.0877,0.0856,0.0861,0.0865,0.0938,0.0873,0.0914,0.0853,0.0835,0.0869,0.0898,0.0844,0.0816,0.0861,0.0854,0.4334,0.68,0.4522,0.6692,0.5555,0.5784,0.7282,0.6985,0.6076,0.7565,0.086,0.0857,0.6287,0.516,0.5994,0.5428,0.7913,0.7608,0.6647,0.0862,0.3814,0.6805,0.0867,0.0865,0.0894,0.8309,0.7229,0.6227,0.0864,0.6844,0.483,0.601,0.113,0.8088,0.0865,0.0855,0.0877,0.0909,0.0867,0.087,0.0883,0.0854,0.087,0.0867,0.087,0.0858,0.0856
,14:14:16,44.9,0.0873,0.0875,0.0858,0.0873,0.0862,0.0858,0.0864,0.0867,0.0858,0.0933,0.0911,0.0861,0.0879,0.0864,0.0837,0.0878,0.0844,0.0895,0.1092,0.0881,0.0892,0.0866,0.0928,0.0861,0.0871,0.0865,0.0932,0.0867,0.0828,0.0939,0.0878,0.086,0.0879,0.0868,0.0882,0.0863,0.0862,0.0869,0.0976,0.0889,0.091,0.0855,0.0846,0.0867,0.0892,0.0842,0.0819,0.0863,0.0852,0.4324,0.6788,0.4496,0.6662,0.5537,0.5774,0.7254,0.6969,0.6072,0.7552,0.0863,0.0859,0.6279,0.5147,0.5968,0.5422,0.7904,0.7592,0.6618,0.0863,0.3798,0.6791,0.0865,0.0858,0.0896,0.8301,0.7227,0.6205,0.0855,0.6837,0.4801,0.6003,0.1138,0.8083,0.0862,0.0852,0.0874,0.0911,0.0863,0.0863,0.0882,0.0855,0.0867,0.0867,0.0863,0.0856,0.0854
,14:19:16,45,0.0872,0.0875,0.0858,0.0868,0.0859,0.0857,0.0862,0.0862,0.0855,0.0932,0.0906,0.0854,0.087,0.0863,0.0833,0.0905,0.0844,0.089,0.106,0.0876,0.0889,0.0863,0.0923,0.0857,0.0866,0.0859,0.0954,0.0863,0.0818,0.0936,0.0923,0.0849,0.0883,0.087,0.0876,0.0858,0.0855,0.0863,0.0977,0.0881,0.0906,0.0855,0.0837,0.0867,0.0889,0.0855,0.0813,0.0856,0.085,0.431,0.6776,0.4499,0.665,0.5523,0.5756,0.7242,0.6947,0.6056,0.7527,0.0858,0.0853,0.6259,0.5121,0.5956,0.5397,0.7892,0.759,0.6602,0.0865,0.377,0.6766,0.0864,0.086,0.0889,0.8289,0.7212,0.62,0.0856,0.6817,0.4782,0.5995,0.1146,0.8073,0.0858,0.0851,0.0868,0.0907,0.0862,0.0863,0.0881,0.0848,0.086,0.0863,0.0861,0.0855,0.0848
,14:24:16,45,0.0866,0.0874,0.0857,0.0864,0.086,0.0851,0.0861,0.0866,0.0855,0.0928,0.09,0.0857,0.0874,0.0855,0.0837,0.0862,0.0844,0.0879,0.1044,0.0874,0.0883,0.0866,0.0925,0.0855,0.0867,0.086,0.096,0.0861,0.0817,0.0906,0.0919,0.0849,0.0879,0.0861,0.0875,0.0858,0.0853,0.0862,0.0978,0.0905,0.0906,0.0938,0.0827,0.0862,0.0898,0.0841,0.0808,0.0857,0.085,0.4285,0.6763,0.4483,0.6636,0.552,0.5746,0.7213,0.6935,0.6047,0.7515,0.0858,0.0853,0.624,0.5114,0.5941,0.5361,0.788,0.7578,0.657,0.0866,0.3761,0.6761,0.0862,0.0859,0.0888,0.8279,0.7202,0.6185,0.0853,0.6807,0.4757,0.5983,0.1159,0.8048,0.0856,0.0853,0.0867,0.0902,0.086,0.0859,0.0878,0.0848,0.0863,0.0865,0.0862,0.0856,0.0849
,14:29:16,45,0.0871,0.0871,0.0856,0.0865,0.0857,0.0856,0.0864,0.0864,0.0851,0.0928,0.0903,0.0856,0.0878,0.0862,0.0836,0.0895,0.084,0.0875,0.1104,0.0871,0.0887,0.0864,0.0922,0.0856,0.0867,0.0864,0.0935,0.0865,0.0823,0.0902,0.0914,0.0849,0.0878,0.0873,0.0875,0.0855,0.0858,0.0864,0.0971,0.0885,0.0909,0.0833,0.0846,0.0868,0.0893,0.0843,0.0813,0.0852,0.0852,0.4278,0.6756,0.447,0.6607,0.5503,0.5732,0.7195,0.6913,0.6041,0.7495,0.0855,0.0855,0.6231,0.5105,0.5917,0.5372,0.7872,0.7573,0.6548,0.0864,0.3719,0.6752,0.0864,0.0861,0.0886,0.8273,0.719,0.6177,0.0854,0.6811,0.4731,0.5981,0.1179,0.8057,0.0854,0.0851,0.0869,0.0921,0.0858,0.0861,0.0871,0.0848,0.0859,0.086,0.0862,0.0852,0.0848
,14:34:16,45,0.0869,0.0872,0.086,0.0871,0.0862,0.0857,0.0867,0.0867,0.0855,0.0933,0.0905,0.0856,0.088,0.0862,0.0852,0.0856,0.0842,0.0878,0.1066,0.0876,0.0926,0.0866,0.0924,0.086,0.0872,0.0863,0.0962,0.087,0.0818,0.089,0.0908,0.0858,0.0881,0.0883,0.0887,0.0864,0.0857,0.0865,0.0985,0.0883,0.0912,0.1074,0.0853,0.0867,0.0886,0.0842,0.0822,0.0858,0.085,0.4264,0.6746,0.4456,0.6599,0.5502,0.5734,0.7184,0.6915,0.6047,0.7494,0.0861,0.0857,0.6223,0.5092,0.5915,0.5373,0.7864,0.7568,0.6532,0.0864,0.3705,0.6748,0.0868,0.0863,0.0893,0.8265,0.7187,0.6166,0.0855,0.6801,0.4718,0.5971,0.1197,0.805,0.0861,0.0853,0.0871,0.0909,0.0863,0.0862,0.0881,0.0849,0.0864,0.0867,0.0864,0.0851,0.0856
,14:39:16,44.9,0.0871,0.0875,0.0853,0.0867,0.086,0.0853,0.0866,0.0865,0.0853,0.093,0.09,0.0857,0.0876,0.086,0.0835,0.0853,0.0861,0.0879,0.1053,0.0871,0.0887,0.0864,0.0917,0.0858,0.0866,0.0858,0.0943,0.0859,0.0824,0.0878,0.0878,0.0846,0.0877,0.0863,0.0878,0.0858,0.0853,0.0863,0.0954,0.088,0.0903,0.0964,0.0838,0.0865,0.0893,0.0841,0.0816,0.0861,0.0848,0.4249,0.6735,0.4442,0.658,0.5497,0.5716,0.7162,0.6896,0.6036,0.7465,0.0856,0.0852,0.6213,0.5069,0.5896,0.5361,0.7855,0.7564,0.652,0.0863,0.3697,0.6737,0.0865,0.0857,0.0887,0.8261,0.7179,0.6151,0.0853,0.6801,0.4701,0.5964,0.1204,0.8043,0.0857,0.0849,0.0867,0.0908,0.0859,0.0864,0.0876,0.0851,0.0862,0.0863,0.0862,0.085,0.0849
,14:44:16,45,0.0876,0.0881,0.0862,0.0868,0.0859,0.086,0.0869,0.0869,0.0859,0.0933,0.0906,0.0867,0.0877,0.0864,0.0841,0.0857,0.0853,0.0884,0.1035,0.0879,0.089,0.0873,0.0929,0.0864,0.0871,0.0866,0.0956,0.0867,0.0824,0.0958,0.0903,0.086,0.088,0.0876,0.0881,0.0859,0.0861,0.0867,0.0947,0.087,0.0903,0.0879,0.0841,0.087,0.0897,0.0848,0.0825,0.0863,0.0855,0.4246,0.6725,0.4444,0.6576,0.5489,0.5715,0.7142,0.6884,0.6028,0.7463,0.0857,0.0855,0.6204,0.5055,0.589,0.5374,0.7852,0.7562,0.6502,0.0863,0.3679,0.6736,0.0863,0.0864,0.0897,0.8255,0.7166,0.6145,0.086,0.6788,0.4686,0.5952,0.1224,0.8039,0.0865,0.0857,0.0873,0.0909,0.0862,0.0865,0.0879,0.086,0.0865,0.087,0.087,0.0858,0.0855
,14:49:16,44.9,0.0874,0.0878,0.086,0.0869,0.0858,0.086,0.0867,0.0874,0.0857,0.0937,0.0908,0.0863,0.0882,0.0868,0.0835,0.088,0.0845,0.0902,0.1076,0.0891,0.0888,0.087,0.093,0.0863,0.087,0.0865,0.0928,0.0871,0.0832,0.0888,0.0904,0.086,0.0884,0.0866,0.0889,0.0864,0.0856,0.0867,0.0938,0.0856,0.0912,0.085,0.0836,0.0866,0.0887,0.0841,0.0828,0.0859,0.0855,0.4233,0.6713,0.4435,0.657,0.5476,0.5704,0.7123,0.6877,0.6027,0.7451,0.0857,0.0857,0.6192,0.5046,0.5878,0.5344,0.7849,0.7549,0.6484,0.0863,0.3658,0.6731,0.0865,0.0863,0.0897,0.8256,0.7168,0.6134,0.0862,0.679,0.4659,0.5947,0.1251,0.8016,0.0865,0.0859,0.0876,0.0917,0.0868,0.0866,0.0882,0.0854,0.0867,0.0867,0.0865,0.0857,0.0859
,14:54:16,45,0.0873,0.0875,0.0856,0.0868,0.0861,0.0856,0.0864,0.0867,0.0858,0.093,0.0906,0.0863,0.0876,0.0868,0.0839,0.0866,0.0849,0.088,0.1069,0.088,0.0887,0.0869,0.0923,0.0862,0.0869,0.0863,0.0938,0.0864,0.0825,0.0954,0.0873,0.0859,0.0882,0.0864,0.0883,0.0861,0.0856,0.0865,0.096,0.0879,0.0911,0.0899,0.0836,0.0868,0.089,0.0843,0.0826,0.086,0.085,0.4217,0.6704,0.4418,0.6541,0.5463,0.5691,0.7103,0.6865,0.6031,0.7426,0.0858,0.0856,0.6176,0.5031,0.5856,0.5348,0.7831,0.7531,0.6457,0.0867,0.3649,0.6713,0.0865,0.0862,0.0896,0.8238,0.715,0.6112,0.086,0.6772,0.4638,0.594,0.1274,0.8012,0.086,0.0859,0.0871,0.0905,0.0861,0.0867,0.0881,0.0851,0.0865,0.0867,0.0866,0.086,0.0852
,14:59:16,45,0.0868,0.0869,0.0854,0.0869,0.0852,0.085,0.0865,0.0869,0.0857,0.0932,0.0904,0.0856,0.0875,0.0859,0.083,0.0845,0.0873,0.0877,0.1061,0.0866,0.0885,0.0861,0.0924,0.0855,0.0863,0.0858,0.095,0.0858,0.0828,0.0973,0.0898,0.0873,0.0875,0.0857,0.0875,0.0855,0.0853,0.0859,0.0941,0.0853,0.0904,0.0845,0.0824,0.0863,0.0898,0.0838,0.082,0.0855,0.0846,0.4197,0.6691,0.4403,0.6529,0.5449,0.5676,0.7078,0.6846,0.6014,0.7413,0.0849,0.0855,0.6164,0.5023,0.5841,0.5317,0.7827,0.7526,0.644,0.0863,0.3645,0.6692,0.086,0.0857,0.0889,0.8219,0.7133,0.6099,0.0853,0.6768,0.4609,0.592,0.1291,0.8003,0.0863,0.0846,0.0869,0.0905,0.0859,0.0862,0.0872,0.0851,0.0867,0.0862,0.0866,0.0851,0.0854
,15:04:16,45,0.0869,0.0871,0.0856,0.0868,0.0859,0.0857,0.086,0.0865,0.0856,0.0931,0.0905,0.0856,0.0877,0.0865,0.0833,0.085,0.0873,0.0898,0.1043,0.0882,0.0884,0.0867,0.0922,0.0862,0.0869,0.0866,0.093,0.0865,0.082,0.0936,0.0898,0.0849,0.0879,0.086,0.0882,0.0856,0.0858,0.0863,0.0937,0.0863,0.0907,0.1003,0.0837,0.0864,0.0884,0.0843,0.0818,0.0856,0.0848,0.4187,0.6678,0.4393,0.6508,0.5439,0.5653,0.7059,0.6837,0.6003,0.7405,0.0857,0.0853,0.6144,0.5006,0.5824,0.5309,0.7819,0.751,0.6425,0.0867,0.363,0.6689,0.0864,0.0861,0.0893,0.8202,0.7134,0.6083,0.086,0.6752,0.4595,0.5918,0.1315,0.7985,0.0866,0.0854,0.0872,0.0907,0.0859,0.0861,0.0878,0.0854,0.0868,0.0866,0.0863,0.0854,0.0854
,15:09:16,45.1,0.0874,0.0877,0.0856,0.0874,0.0861,0.0856,0.0861,0.0869,0.0856,0.0937,0.0908,0.0865,0.0881,0.0862,0.0836,0.0929,0.0851,0.0881,0.1045,0.0885,0.0888,0.0871,0.0927,0.0858,0.0869,0.0865,0.0933,0.0868,0.0829,0.0881,0.0918,0.0857,0.0891,0.0862,0.0877,0.0865,0.086,0.0868,0.0958,0.0863,0.091,0.0881,0.084,0.0872,0.0891,0.0844,0.0824,0.086,0.0854,0.4181,0.6666,0.4387,0.6504,0.5432,0.5661,0.7038,0.6827,0.6002,0.7397,0.086,0.0856,0.6151,0.5001,0.5816,0.531,0.7803,0.7507,0.6412,0.0867,0.3618,0.6664,0.0863,0.0859,0.0894,0.8198,0.713,0.6079,0.0859,0.6756,0.4583,0.5914,0.134,0.799,0.0862,0.0855,0.0873,0.091,0.0861,0.0863,0.088,0.0854,0.0867,0.0864,0.0865,0.086,0.0857
,15:14:16,45,0.0872,0.0878,0.0858,0.0869,0.0861,0.0857,0.0871,0.0867,0.0857,0.0934,0.0906,0.0859,0.0877,0.0868,0.0837,0.0854,0.0855,0.0882,0.1085,0.0884,0.0886,0.0868,0.0928,0.0859,0.0872,0.0859,0.0949,0.0863,0.0831,0.0895,0.091,0.0853,0.0882,0.0866,0.0884,0.0863,0.0862,0.0862,0.0964,0.0876,0.0908,0.084,0.0846,0.0867,0.0892,0.085,0.0818,0.0856,0.0851,0.4171,0.667,0.4379,0.6492,0.5421,0.5643,0.7033,0.6815,0.6001,0.7379,0.0862,0.0854,0.6137,0.4983,0.58,0.5301,0.7805,0.7494,0.6392,0.0862,0.3609,0.6675,0.0867,0.0862,0.0894,0.818,0.7105,0.6068,0.086,0.6749,0.4562,0.5906,0.1368,0.7973,0.086,0.0856,0.0871,0.0907,0.0863,0.0865,0.0881,0.0851,0.0866,0.0867,0.0866,0.0854,0.0858
,15:19:16,44.9,0.0874,0.0877,0.0852,0.0866,0.086,0.0862,0.0864,0.0865,0.0854,0.0932,0.0903,0.0857,0.0882,0.0857,0.0832,0.085,0.0855,0.0888,0.1045,0.0887,0.0911,0.0866,0.0925,0.0856,0.0864,0.0859,0.093,0.0862,0.0829,0.0898,0.0919,0.0853,0.088,0.0864,0.088,0.0862,0.0858,0.0867,0.0936,0.0857,0.0911,0.1081,0.0836,0.0872,0.0883,0.0839,0.082,0.0857,0.085,0.416,0.6652,0.4355,0.6461,0.5407,0.563,0.7005,0.6802,0.5994,0.7372,0.0861,0.0857,0.6127,0.4965,0.5789,0.5278,0.7782,0.7477,0.6379,0.0861,0.3586,0.6672,0.0864,0.0861,0.0893,0.8156,0.7104,0.6047,0.0862,0.6738,0.4538,0.5896,0.1396,0.7961,0.086,0.0854,0.087,0.0906,0.0863,0.0867,0.0879,0.0849,0.0865,0.0869,0.0863,0.0853,0.0852
,15:24:16,45,0.0874,0.0879,0.0863,0.0866,0.0861,0.086,0.0868,0.087,0.0862,0.0937,0.0902,0.0861,0.0879,0.0863,0.0845,0.0851,0.0859,0.0907,0.1075,0.0894,0.0897,0.0867,0.0926,0.0864,0.087,0.0862,0.0958,0.0864,0.0825,0.0899,0.0894,0.0858,0.0884,0.0875,0.0874,0.086,0.0862,0.0899,0.0967,0.0863,0.0911,0.0908,0.0843,0.0869,0.0889,0.0847,0.0823,0.0862,0.0854,0.4136,0.6642,0.4355,0.6459,0.5408,0.5617,0.6995,0.6795,0.6006,0.7359,0.0859,0.0862,0.6116,0.4954,0.5766,0.5271,0.7777,0.7469,0.6356,0.0866,0.3583,0.6668,0.0865,0.0864,0.0896,0.8136,0.7094,0.6038,0.0857,0.6734,0.4527,0.5889,0.1427,0.7951,0.0869,0.0854,0.0876,0.0913,0.0867,0.0868,0.0882,0.086,0.0866,0.0869,0.0866,0.0858,0.0856
,15:29:16,44.9,0.0866,0.0867,0.085,0.0864,0.0856,0.0848,0.0864,0.0864,0.0848,0.0927,0.0902,0.0856,0.0875,0.086,0.0828,0.0849,0.0842,0.089,0.1101,0.0877,0.0879,0.0859,0.0919,0.0859,0.0867,0.0858,0.0927,0.0862,0.0825,0.0965,0.0868,0.0851,0.0875,0.0859,0.0872,0.0855,0.0854,0.1054,0.0936,0.0858,0.0898,0.0862,0.0854,0.0866,0.0883,0.0839,0.0816,0.0856,0.0847,0.4122,0.6622,0.4339,0.6432,0.5388,0.56,0.6973,0.6775,0.5989,0.7354,0.085,0.0853,0.6097,0.4941,0.575,0.5243,0.7758,0.7446,0.6338,0.0862,0.3569,0.6654,0.0863,0.0857,0.0884,0.8102,0.7074,0.6022,0.0853,0.6709,0.4496,0.5884,0.145,0.7936,0.0855,0.0845,0.0869,0.0903,0.0861,0.0856,0.0877,0.0849,0.0862,0.086,0.0863,0.0849,0.0847
,15:34:16,44.9,0.0871,0.0872,0.085,0.0865,0.0854,0.0853,0.0864,0.0868,0.0854,0.0928,0.0903,0.0855,0.0876,0.0866,0.0834,0.0862,0.0865,0.0876,0.1089,0.0887,0.0883,0.0862,0.0924,0.0854,0.0866,0.0856,0.0976,0.0859,0.082,0.0895,0.0908,0.0852,0.0879,0.0869,0.0876,0.0851,0.0857,0.1037,0.0971,0.0914,0.0908,0.0915,0.0824,0.0865,0.0901,0.0847,0.0826,0.0859,0.0851,0.4119,0.6616,0.4333,0.642,0.5386,0.5588,0.6959,0.6773,0.599,0.7337,0.0856,0.0853,0.61,0.4924,0.5736,0.5253,0.7747,0.7437,0.6315,0.0859,0.355,0.6649,0.0859,0.0862,0.0891,0.8085,0.707,0.6018,0.0853,0.6709,0.4488,0.5868,0.1482,0.7936,0.0863,0.0851,0.0869,0.0901,0.0859,0.0863,0.088,0.085,0.0864,0.0864,0.0858,0.0851,0.0849
,15:39:16,45,0.0874,0.0869,0.0853,0.0871,0.0862,0.0856,0.0865,0.0865,0.0855,0.0927,0.0903,0.0852,0.0876,0.0866,0.0837,0.0859,0.0844,0.0879,0.1098,0.0882,0.0893,0.0863,0.0921,0.0862,0.0868,0.0863,0.0968,0.0861,0.0827,0.0918,0.0886,0.0847,0.0882,0.0864,0.0884,0.086,0.0855,0.1153,0.0982,0.0967,0.0909,0.0924,0.0849,0.0868,0.0894,0.085,0.0825,0.0859,0.0851,0.4105,0.6612,0.4331,0.6413,0.5381,0.5575,0.6941,0.6756,0.6003,0.7331,0.0855,0.0853,0.6101,0.4921,0.5723,0.5257,0.7745,0.7427,0.6302,0.0865,0.3529,0.6671,0.0864,0.0862,0.0893,0.8067,0.7053,0.5994,0.0858,0.6714,0.4476,0.5857,0.1505,0.7918,0.0861,0.0854,0.087,0.0903,0.0865,0.0868,0.0879,0.0851,0.0863,0.0867,0.0866,0.0851,0.0853
,15:44:16,45,0.0875,0.0881,0.0864,0.0872,0.0865,0.0859,0.0871,0.087,0.0858,0.0937,0.0907,0.0865,0.0885,0.0865,0.084,0.0852,0.0853,0.0887,0.1073,0.0874,0.0886,0.0871,0.0929,0.0862,0.0872,0.0865,0.0958,0.0869,0.0835,0.0921,0.0908,0.0856,0.0886,0.0868,0.0879,0.0863,0.086,0.106,0.0945,0.0864,0.0913,0.0869,0.0843,0.0874,0.0891,0.0848,0.0827,0.0862,0.0852,0.4093,0.6602,0.4316,0.6399,0.5373,0.5574,0.693,0.6751,0.5995,0.7329,0.0864,0.0862,0.6088,0.491,0.5712,0.5247,0.7739,0.7427,0.6294,0.0864,0.3522,0.665,0.0869,0.0863,0.0891,0.8048,0.7061,0.5995,0.0867,0.6692,0.4465,0.586,0.1561,0.7914,0.0863,0.0859,0.0873,0.0913,0.0869,0.0872,0.0879,0.0856,0.0869,0.0874,0.0871,0.0858,0.0855
,15:49:16,45,0.0872,0.0878,0.0856,0.0869,0.0858,0.0857,0.0863,0.0865,0.0853,0.0926,0.0904,0.0861,0.0877,0.0859,0.0835,0.0849,0.0855,0.0884,0.1037,0.0872,0.0888,0.0868,0.0931,0.0859,0.087,0.0862,0.0928,0.0867,0.0828,0.0906,0.0892,0.0854,0.0883,0.0866,0.0877,0.086,0.0854,0.1148,0.0939,0.0857,0.0906,0.0834,0.0834,0.0868,0.0887,0.0841,0.0823,0.086,0.0853,0.4086,0.6585,0.4308,0.6374,0.5362,0.5563,0.6912,0.6741,0.5981,0.7311,0.0859,0.0856,0.6076,0.4895,0.57,0.5223,0.7732,0.7407,0.627,0.0866,0.3508,0.6639,0.0866,0.0863,0.0892,0.8021,0.7045,0.5978,0.0859,0.6695,0.4446,0.5846,0.1585,0.7908,0.086,0.0858,0.087,0.0908,0.0865,0.0866,0.088,0.0852,0.0866,0.0866,0.0865,0.0855,0.0851
,15:54:16,45,0.0871,0.0874,0.0861,0.0865,0.0859,0.0855,0.0868,0.0867,0.086,0.0928,0.0906,0.0853,0.0881,0.0865,0.0837,0.0851,0.0844,0.0873,0.1066,0.0881,0.0907,0.0864,0.0927,0.0856,0.0869,0.0861,0.0937,0.0862,0.0838,0.0886,0.0897,0.0853,0.0881,0.0878,0.0877,0.0858,0.0858,0.1017,0.0931,0.0854,0.0905,0.091,0.0834,0.0864,0.0884,0.0839,0.082,0.0856,0.0851,0.4065,0.6572,0.4294,0.638,0.535,0.5551,0.69,0.6733,0.5979,0.7305,0.0856,0.0862,0.6071,0.4887,0.5686,0.5225,0.7715,0.7394,0.6249,0.0862,0.3494,0.6634,0.0866,0.0862,0.089,0.7994,0.7032,0.597,0.0854,0.6676,0.4432,0.5839,0.1622,0.7897,0.0857,0.0854,0.0868,0.0909,0.0858,0.0863,0.0875,0.0848,0.0867,0.0864,0.0863,0.0858,0.085
,15:59:16,44.9,0.0873,0.0871,0.086,0.0874,0.0864,0.0858,0.0869,0.0872,0.0857,0.0937,0.0911,0.0863,0.0878,0.0867,0.0836,0.0856,0.0847,0.0884,0.1083,0.0885,0.0889,0.0869,0.0931,0.0863,0.0873,0.0865,0.096,0.0871,0.0848,0.0907,0.0902,0.0856,0.0888,0.087,0.0882,0.086,0.0865,0.1107,0.0962,0.0867,0.0912,0.0847,0.0844,0.087,0.0888,0.0847,0.0828,0.086,0.0853,0.4067,0.6571,0.4287,0.6365,0.5353,0.5542,0.6885,0.6726,0.5983,0.7299,0.086,0.086,0.6071,0.4871,0.5673,0.5223,0.7712,0.7385,0.6237,0.0865,0.3499,0.6651,0.0866,0.0865,0.0897,0.7979,0.7031,0.5964,0.0862,0.6675,0.442,0.5844,0.1659,0.7894,0.0868,0.0858,0.0874,0.0909,0.0864,0.0867,0.0881,0.0852,0.0871,0.0868,0.0869,0.0859,0.0858
,16:04:16,45,0.087,0.0871,0.0852,0.087,0.0859,0.0855,0.0869,0.0862,0.0853,0.0929,0.0905,0.0854,0.0876,0.0858,0.0835,0.0852,0.0842,0.0881,0.1059,0.0877,0.0885,0.0865,0.0936,0.086,0.0866,0.0857,0.0952,0.0865,0.0823,0.0879,0.0892,0.0853,0.0879,0.0862,0.0878,0.0859,0.0858,0.093,0.0958,0.0867,0.0906,0.1077,0.0841,0.0868,0.0881,0.0843,0.0811,0.0861,0.0849,0.4046,0.6562,0.4273,0.6345,0.534,0.5533,0.6859,0.6706,0.5971,0.729,0.086,0.0851,0.6057,0.4858,0.5663,0.5219,0.7701,0.7371,0.6218,0.0865,0.3476,0.6644,0.0859,0.0858,0.089,0.7957,0.7018,0.5946,0.0851,0.6671,0.4398,0.5831,0.1689,0.788,0.0861,0.0849,0.087,0.0917,0.0859,0.0864,0.0876,0.085,0.0865,0.0861,0.0863,0.0855,0.0853
,16:09:16,45,0.087,0.0874,0.085,0.0867,0.0858,0.0854,0.0864,0.0866,0.0856,0.0933,0.0904,0.0859,0.0872,0.0862,0.0833,0.0919,0.0844,0.0875,0.1081,0.088,0.0881,0.0864,0.0921,0.0857,0.0867,0.0861,0.0947,0.0864,0.0824,0.0904,0.0906,0.0849,0.0877,0.0862,0.0876,0.0859,0.0855,0.0927,0.0955,0.0857,0.0906,0.0931,0.0837,0.0869,0.0886,0.0841,0.0811,0.0857,0.085,0.4036,0.6543,0.4259,0.6333,0.5331,0.5519,0.6852,0.6708,0.596,0.7274,0.0854,0.0858,0.6053,0.4849,0.5644,0.522,0.7689,0.7363,0.6193,0.0863,0.3458,0.663,0.0864,0.0859,0.0887,0.7938,0.7015,0.5934,0.0859,0.6653,0.4379,0.582,0.1723,0.7871,0.0857,0.0856,0.0865,0.0905,0.0859,0.0864,0.0875,0.0851,0.0862,0.0866,0.0862,0.0852,0.0848
,16:14:16,45.1,0.0871,0.0873,0.0854,0.0867,0.0857,0.0855,0.0862,0.0866,0.085,0.0926,0.0905,0.0856,0.0875,0.0861,0.0833,0.0847,0.0849,0.0902,0.1075,0.0884,0.0882,0.0862,0.0923,0.0859,0.087,0.0862,0.0956,0.0861,0.0822,0.0957,0.0909,0.0849,0.0878,0.0872,0.0878,0.0856,0.0859,0.1136,0.0955,0.0876,0.0904,0.0829,0.0842,0.0863,0.0886,0.0842,0.0813,0.0855,0.0847,0.4027,0.6549,0.4247,0.6318,0.5318,0.5508,0.6835,0.6688,0.5957,0.7268,0.0854,0.0857,0.6047,0.4831,0.5629,0.5213,0.7687,0.7342,0.6175,0.0864,0.3441,0.6626,0.086,0.086,0.0895,0.7904,0.7009,0.5929,0.0857,0.6649,0.4353,0.5808,0.1765,0.7866,0.0861,0.0853,0.0872,0.0904,0.0858,0.0861,0.0872,0.0855,0.0864,0.0864,0.0862,0.0856,0.0849
,16:19:16,45,0.0874,0.088,0.0863,0.0874,0.0863,0.0855,0.0866,0.0867,0.0855,0.0929,0.0908,0.0861,0.0881,0.0869,0.0836,0.0859,0.0863,0.088,0.1056,0.0881,0.0891,0.0868,0.093,0.0862,0.0875,0.086,0.0951,0.0866,0.0825,0.0944,0.0916,0.0981,0.0883,0.0872,0.0879,0.0865,0.0863,0.1113,0.0969,0.0867,0.0905,0.0831,0.0842,0.087,0.0888,0.0845,0.0825,0.0859,0.0852,0.4014,0.6532,0.424,0.6316,0.5319,0.5499,0.682,0.6685,0.5967,0.7265,0.086,0.0858,0.6044,0.4821,0.5624,0.5227,0.7677,0.7333,0.6167,0.0862,0.3439,0.6638,0.0866,0.0862,0.0896,0.7898,0.6993,0.5926,0.0859,0.6645,0.434,0.5804,0.1802,0.7865,0.0864,0.0857,0.087,0.091,0.0865,0.0871,0.0881,0.0857,0.087,0.0864,0.0865,0.0859,0.0852
,16:24:16,45.1,0.0874,0.0879,0.0859,0.0871,0.086,0.0857,0.0869,0.0872,0.0858,0.0929,0.0906,0.0859,0.0877,0.0863,0.0875,0.0851,0.0844,0.0877,0.1066,0.0874,0.0887,0.0865,0.0928,0.0863,0.0865,0.0866,0.0948,0.0866,0.0822,0.091,0.092,0.0853,0.0884,0.0873,0.0874,0.0859,0.0862,0.094,0.0945,0.0873,0.0911,0.1084,0.0838,0.087,0.0891,0.0844,0.0823,0.0857,0.0852,0.401,0.6519,0.4237,0.6292,0.5306,0.5488,0.6796,0.667,0.5965,0.7251,0.0859,0.0861,0.6035,0.4817,0.5602,0.5177,0.7662,0.7308,0.6153,0.0868,0.3427,0.6653,0.0864,0.0865,0.0891,0.7867,0.6983,0.5905,0.0858,0.6634,0.4334,0.5797,0.1832,0.7847,0.086,0.0852,0.0876,0.091,0.086,0.0864,0.0884,0.0851,0.0871,0.087,0.0865,0.0858,0.0857
,16:29:16,45,0.0868,0.0876,0.0857,0.0871,0.0861,0.0853,0.0866,0.0869,0.0857,0.0927,0.0908,0.0854,0.0878,0.0861,0.0838,0.0869,0.084,0.0875,0.1088,0.0878,0.0889,0.087,0.0931,0.0859,0.0867,0.0862,0.0945,0.0867,0.0824,0.0918,0.0932,0.0852,0.0882,0.0871,0.0876,0.0863,0.0857,0.0907,0.0938,0.0859,0.0909,0.0835,0.0836,0.0868,0.0883,0.0843,0.0834,0.086,0.0851,0.3994,0.6504,0.4226,0.6286,0.5294,0.5478,0.6772,0.6659,0.5958,0.7242,0.0861,0.0857,0.6029,0.4794,0.5594,0.5187,0.7652,0.7296,0.6125,0.0861,0.3411,0.662,0.0868,0.086,0.089,0.7852,0.6973,0.5888,0.086,0.6617,0.432,0.5772,0.1865,0.7841,0.0861,0.0849,0.087,0.0912,0.0863,0.0866,0.0877,0.0856,0.0862,0.0865,0.0867,0.0859,0.0856
,16:34:16,45,0.0869,0.0877,0.0855,0.0871,0.0861,0.0856,0.0869,0.0866,0.0853,0.093,0.0904,0.0861,0.0878,0.0861,0.0836,0.0852,0.0844,0.0902,0.1036,0.0886,0.0884,0.0865,0.0924,0.0857,0.0866,0.0859,0.0945,0.0864,0.0829,0.0891,0.0888,0.086,0.0878,0.0869,0.087,0.086,0.0859,0.1173,0.0941,0.0857,0.0909,0.1013,0.0837,0.0866,0.0893,0.0844,0.0825,0.0859,0.0845,0.3983,0.6495,0.4218,0.6277,0.5282,0.5474,0.6765,0.6652,0.5955,0.7237,0.0855,0.0857,0.603,0.4788,0.5584,0.5195,0.7648,0.7288,0.6114,0.0861,0.3413,0.6608,0.0862,0.0862,0.0894,0.7821,0.6967,0.5888,0.0854,0.6604,0.4291,0.578,0.1895,0.7828,0.0862,0.0849,0.0868,0.0904,0.086,0.0863,0.0881,0.0851,0.0865,0.0864,0.0861,0.0857,0.0849
,16:39:16,44.9,0.0877,0.088,0.0861,0.0874,0.0864,0.0861,0.087,0.0872,0.0862,0.093,0.091,0.086,0.0879,0.0867,0.0839,0.0951,0.0847,0.0915,0.1085,0.0882,0.0892,0.0872,0.0928,0.0865,0.0872,0.0867,0.0941,0.0868,0.083,0.0916,0.0911,0.0857,0.0887,0.0872,0.0878,0.0862,0.0864,0.0908,0.0938,0.0859,0.0911,0.104,0.0848,0.0876,0.0883,0.0846,0.0838,0.0863,0.0859,0.3974,0.6497,0.4208,0.627,0.5284,0.5456,0.6754,0.6647,0.5951,0.7234,0.0861,0.0856,0.6021,0.4779,0.5569,0.5167,0.7633,0.7278,0.6101,0.0867,0.3397,0.66,0.0868,0.0867,0.0896,0.781,0.6951,0.5864,0.0862,0.6605,0.4282,0.5771,0.1925,0.7819,0.0864,0.0856,0.0875,0.0914,0.0863,0.0868,0.0886,0.086,0.0869,0.0868,0.0867,0.0856,0.0858
,16:44:16,44.9,0.0869,0.0874,0.0853,0.087,0.086,0.0854,0.0867,0.0869,0.0857,0.0929,0.0909,0.0862,0.0881,0.0891,0.0839,0.0845,0.0843,0.0877,0.1034,0.0885,0.0884,0.0865,0.0926,0.0859,0.0865,0.0861,0.0947,0.0866,0.0832,0.0892,0.0904,0.0851,0.0881,0.0863,0.0877,0.0856,0.0856,0.0949,0.0955,0.0879,0.0903,0.0881,0.084,0.0871,0.0881,0.084,0.0827,0.0856,0.0853,0.3964,0.6483,0.4197,0.6262,0.5274,0.5455,0.6729,0.6626,0.5944,0.722,0.0856,0.0856,0.6011,0.4764,0.5559,0.5171,0.7618,0.727,0.6083,0.0862,0.3387,0.6584,0.0865,0.0858,0.0889,0.7782,0.6958,0.5859,0.0857,0.6591,0.4273,0.5759,0.1956,0.7806,0.0862,0.0848,0.0871,0.0908,0.0862,0.086,0.0876,0.0849,0.0864,0.0866,0.0866,0.0854,0.085
,16:49:16,45,0.088,0.0881,0.0864,0.0876,0.0866,0.0864,0.0873,0.0873,0.0863,0.0932,0.0913,0.086,0.0883,0.0861,0.0839,0.0907,0.0856,0.0883,0.1062,0.0886,0.089,0.0874,0.0932,0.0867,0.0875,0.0863,0.0949,0.087,0.083,0.0983,0.0904,0.0864,0.0886,0.0866,0.0882,0.0867,0.0864,0.1177,0.094,0.0869,0.0917,0.0868,0.0844,0.0873,0.089,0.085,0.0836,0.0862,0.0855,0.3965,0.6472,0.419,0.6259,0.5265,0.5432,0.6722,0.6625,0.5948,0.7222,0.0865,0.0861,0.6003,0.4761,0.5563,0.5155,0.7609,0.7257,0.6074,0.0872,0.3393,0.6572,0.0871,0.0867,0.09,0.7767,0.6947,0.5868,0.0867,0.6579,0.4262,0.5755,0.1994,0.7799,0.0866,0.0859,0.0874,0.0913,0.087,0.0872,0.0887,0.0858,0.0873,0.0871,0.0869,0.086,0.0857
,16:54:16,45,0.087,0.0877,0.0858,0.0873,0.0861,0.0856,0.0864,0.0871,0.0858,0.0933,0.0912,0.0862,0.0882,0.0862,0.0853,0.0846,0.0845,0.0883,0.1063,0.0887,0.0891,0.087,0.0927,0.0863,0.087,0.0861,0.0946,0.0868,0.0823,0.0898,0.0893,0.0859,0.0881,0.0865,0.0876,0.0858,0.0861,0.1038,0.093,0.0866,0.0913,0.0969,0.0843,0.0873,0.0887,0.086,0.0835,0.086,0.0853,0.3947,0.6465,0.417,0.624,0.5256,0.5422,0.6703,0.6615,0.5944,0.7207,0.0862,0.0857,0.5994,0.4739,0.5545,0.5149,0.7591,0.7249,0.6046,0.0865,0.3358,0.6567,0.0866,0.0864,0.0894,0.7744,0.6928,0.5839,0.0856,0.658,0.4241,0.5752,0.2026,0.7794,0.0864,0.0856,0.0871,0.0909,0.0863,0.0866,0.0879,0.0857,0.0868,0.0864,0.0868,0.0856,0.0851
,16:59:16,45,0.0871,0.0878,0.0855,0.0867,0.0859,0.0853,0.0866,0.0869,0.0853,0.0932,0.0905,0.0856,0.0875,0.0858,0.083,0.0842,0.0839,0.0886,0.1047,0.0888,0.0892,0.0866,0.0922,0.0855,0.0868,0.0859,0.0957,0.0867,0.0822,0.0959,0.0905,0.0856,0.0879,0.0874,0.0874,0.0859,0.0853,0.0923,0.0973,0.089,0.0903,0.101,0.0845,0.0867,0.0887,0.0854,0.0832,0.0855,0.0847,0.3939,0.6448,0.4158,0.6234,0.5249,0.5412,0.6689,0.6604,0.5936,0.7194,0.0859,0.0853,0.5993,0.4733,0.5522,0.5142,0.7582,0.7224,0.6038,0.0861,0.3358,0.6565,0.0861,0.0862,0.0892,0.7714,0.6923,0.5826,0.0861,0.6568,0.4227,0.5741,0.2047,0.7782,0.0865,0.0849,0.0871,0.0903,0.086,0.0863,0.0877,0.0852,0.0869,0.0867,0.0862,0.0854,0.0855
,17:04:16,45,0.0872,0.0875,0.0854,0.087,0.0861,0.0856,0.0861,0.0864,0.0855,0.093,0.0909,0.0857,0.0878,0.0862,0.0914,0.088,0.0843,0.0879,0.1111,0.0876,0.0886,0.0864,0.0926,0.0861,0.0867,0.0861,0.0938,0.0866,0.0848,0.095,0.0923,0.0856,0.0881,0.0865,0.0879,0.0857,0.0859,0.0859,0.0963,0.0877,0.0909,0.0895,0.0835,0.0865,0.0887,0.0846,0.0833,0.0861,0.0852,0.3927,0.6434,0.4155,0.6216,0.5239,0.5414,0.6672,0.6589,0.5942,0.7192,0.0856,0.0853,0.5995,0.4723,0.5507,0.5125,0.7567,0.7218,0.6024,0.0863,0.3349,0.656,0.0864,0.0858,0.089,0.7697,0.6919,0.5815,0.086,0.6556,0.4207,0.5733,0.2087,0.778,0.086,0.0854,0.087,0.0909,0.0865,0.0863,0.0881,0.0849,0.0867,0.0862,0.0866,0.0858,0.0852
,17:09:16,45,0.0868,0.0872,0.0857,0.0867,0.0859,0.0852,0.0859,0.0865,0.0854,0.0929,0.0907,0.0853,0.0871,0.0864,0.0838,0.0847,0.0841,0.0875,0.1041,0.0889,0.0884,0.0861,0.0922,0.0855,0.0864,0.0864,0.0951,0.0862,0.0824,0.0966,0.0887,0.0849,0.0878,0.0858,0.087,0.086,0.0856,0.0872,0.0934,0.0856,0.09,0.0918,0.0828,0.0863,0.0884,0.0841,0.0825,0.0855,0.0846,0.3911,0.6425,0.4148,0.6203,0.522,0.5396,0.6653,0.6576,0.593,0.719,0.0853,0.0856,0.598,0.4707,0.5493,0.5113,0.7548,0.7201,0.6005,0.0859,0.333,0.6564,0.0865,0.0857,0.0893,0.7669,0.6914,0.5804,0.0859,0.6541,0.4187,0.5725,0.2111,0.7759,0.0867,0.0848,0.0869,0.0902,0.0862,0.0863,0.0877,0.0854,0.0867,0.0859,0.0864,0.0855,0.0848
,17:14:16,45,0.0872,0.0879,0.0858,0.0872,0.0859,0.0847,0.0863,0.0866,0.0855,0.0926,0.0906,0.0859,0.0877,0.0864,0.0847,0.0858,0.0843,0.0875,0.1044,0.0877,0.0883,0.0866,0.0926,0.0861,0.0866,0.0856,0.0949,0.0866,0.0819,0.089,0.0891,0.0856,0.0879,0.0868,0.0874,0.0861,0.0856,0.1085,0.0982,0.0945,0.0904,0.0935,0.085,0.0864,0.0887,0.0844,0.081,0.0858,0.085,0.3897,0.6421,0.4133,0.6207,0.5219,0.5383,0.6642,0.6572,0.5937,0.7176,0.0854,0.0855,0.5979,0.4696,0.5493,0.5128,0.7542,0.7186,0.5987,0.086,0.3308,0.6575,0.0862,0.0861,0.0892,0.7652,0.69,0.5789,0.0855,0.6544,0.4179,0.5716,0.2145,0.7746,0.0858,0.0848,0.0867,0.0906,0.0862,0.0867,0.0875,0.0851,0.0867,0.0865,0.0867,0.0858,0.0854
,17:19:16,44.9,0.0876,0.088,0.0857,0.0874,0.0867,0.0858,0.087,0.0875,0.0857,0.093,0.0908,0.0861,0.088,0.0908,0.0851,0.0881,0.0849,0.089,0.1064,0.0895,0.0894,0.0868,0.0963,0.0863,0.0875,0.0866,0.095,0.0868,0.0827,0.0945,0.0917,0.0857,0.0884,0.0872,0.0877,0.0863,0.0863,0.0865,0.0963,0.0888,0.0912,0.0852,0.0851,0.0873,0.0903,0.0847,0.0839,0.0867,0.0852,0.3897,0.6415,0.4129,0.6196,0.5215,0.5376,0.6636,0.6569,0.5929,0.7185,0.0866,0.0863,0.5973,0.4689,0.5479,0.5107,0.7522,0.7177,0.598,0.0864,0.3307,0.6573,0.0866,0.0863,0.0896,0.7642,0.6895,0.5784,0.0862,0.6541,0.4165,0.572,0.2181,0.7755,0.0864,0.086,0.0876,0.0913,0.0865,0.0869,0.0881,0.0854,0.0867,0.087,0.0867,0.0858,0.0858
,17:24:16,45.1,0.0871,0.0875,0.0857,0.087,0.086,0.0857,0.0864,0.0868,0.0855,0.0926,0.0907,0.0858,0.088,0.0855,0.0837,0.0864,0.0859,0.0877,0.1044,0.0874,0.0884,0.0871,0.0923,0.0859,0.0868,0.086,0.095,0.0861,0.0817,0.0977,0.0921,0.085,0.088,0.0865,0.0872,0.0859,0.0853,0.0991,0.0935,0.0887,0.0912,0.1055,0.0836,0.0865,0.0885,0.0845,0.083,0.0859,0.0854,0.3878,0.64,0.4123,0.6182,0.5212,0.5367,0.6616,0.6546,0.5925,0.7173,0.0858,0.0857,0.5975,0.467,0.5464,0.5102,0.7506,0.7158,0.5967,0.0866,0.329,0.6562,0.0866,0.0861,0.0894,0.762,0.6884,0.5765,0.0853,0.6522,0.4152,0.5707,0.221,0.7734,0.086,0.0851,0.0872,0.0907,0.0861,0.087,0.0884,0.0854,0.0864,0.0871,0.0863,0.0856,0.0851
,17:29:16,45.1,0.0873,0.0878,0.0861,0.0873,0.0865,0.0855,0.0867,0.0868,0.0858,0.0926,0.091,0.0858,0.0878,0.0911,0.0838,0.0854,0.0845,0.0879,0.1044,0.0896,0.0896,0.0869,0.0925,0.0866,0.0875,0.0863,0.0953,0.0866,0.0827,0.0893,0.0908,0.0859,0.0884,0.0869,0.0883,0.086,0.0858,0.0917,0.0945,0.0872,0.0914,0.0848,0.0841,0.087,0.0888,0.0845,0.083,0.086,0.0852,0.387,0.6399,0.4102,0.6169,0.519,0.5347,0.6598,0.6544,0.5931,0.7172,0.0862,0.0861,0.5968,0.4668,0.5451,0.5069,0.7473,0.7148,0.5949,0.0866,0.3271,0.6545,0.0868,0.086,0.0897,0.7597,0.6873,0.5761,0.0862,0.6522,0.4128,0.5688,0.2237,0.7725,0.0865,0.0856,0.0872,0.0911,0.0869,0.0865,0.0882,0.0853,0.0867,0.0867,0.0869,0.0856,0.0856
,17:34:16,45,0.0869,0.0874,0.0854,0.0863,0.086,0.0855,0.0863,0.0865,0.0857,0.0926,0.0908,0.0857,0.0874,0.0889,0.0835,0.0843,0.0839,0.087,0.1071,0.0878,0.0908,0.0864,0.0924,0.0858,0.0866,0.0858,0.0941,0.0863,0.0831,0.0881,0.0893,0.0858,0.0879,0.0853,0.0871,0.0855,0.0858,0.1098,0.0929,0.0863,0.0901,0.0983,0.0826,0.0866,0.0891,0.0839,0.0803,0.0857,0.0849,0.3857,0.638,0.409,0.6159,0.5183,0.534,0.657,0.6529,0.5912,0.7154,0.0855,0.0853,0.5967,0.465,0.5449,0.507,0.7456,0.7133,0.5939,0.086,0.3252,0.653,0.086,0.0859,0.0888,0.7565,0.6868,0.5752,0.0853,0.6508,0.4105,0.5681,0.2264,0.7715,0.086,0.0847,0.0865,0.0911,0.0859,0.0862,0.0878,0.0852,0.0862,0.0866,0.086,0.0851,0.0852
,17:39:16,45.1,0.0867,0.0871,0.0852,0.0867,0.0853,0.0855,0.0858,0.086,0.0851,0.0926,0.0909,0.0856,0.0872,0.0894,0.0835,0.0845,0.084,0.0873,0.1049,0.0882,0.0885,0.0864,0.0922,0.0859,0.0865,0.0852,0.0951,0.086,0.0846,0.0898,0.0895,0.0846,0.0874,0.0861,0.0871,0.0857,0.0849,0.0863,0.0969,0.0875,0.0907,0.0959,0.0823,0.0859,0.0883,0.0834,0.0829,0.0854,0.0847,0.3852,0.6371,0.4083,0.6138,0.5174,0.532,0.6559,0.652,0.5911,0.7158,0.0852,0.0855,0.5962,0.4637,0.5432,0.5088,0.7434,0.7124,0.5915,0.0861,0.3252,0.6548,0.0861,0.0857,0.0892,0.7554,0.6853,0.5732,0.0858,0.65,0.4093,0.5676,0.2289,0.7712,0.086,0.0849,0.0866,0.0905,0.0856,0.0864,0.0874,0.0848,0.0866,0.0863,0.0858,0.0851,0.0849
,17:44:16,45,0.0879,0.0885,0.0861,0.0872,0.0865,0.086,0.087,0.0875,0.0862,0.0936,0.0916,0.0862,0.0885,0.0893,0.0845,0.0853,0.0847,0.0883,0.1107,0.089,0.0933,0.0876,0.0933,0.0862,0.0877,0.0866,0.0955,0.0869,0.0827,0.0912,0.0889,0.0863,0.0885,0.0872,0.0878,0.0865,0.0865,0.0885,0.096,0.0903,0.0914,0.0918,0.0852,0.087,0.0893,0.0853,0.0835,0.0867,0.0861,0.385,0.6371,0.4092,0.6135,0.5182,0.5323,0.656,0.6526,0.5928,0.7172,0.0863,0.0863,0.596,0.4646,0.5432,0.5065,0.7412,0.7118,0.5917,0.0874,0.3254,0.654,0.087,0.0871,0.0901,0.7544,0.6842,0.5736,0.0859,0.6499,0.4082,0.5679,0.2333,0.7712,0.0871,0.0859,0.0879,0.0911,0.0872,0.0866,0.0885,0.0859,0.0872,0.0869,0.0871,0.0863,0.086
,17:49:16,45,0.0872,0.0876,0.0863,0.0867,0.086,0.0859,0.0867,0.0871,0.0854,0.0929,0.0907,0.0861,0.0878,0.0912,0.0843,0.0903,0.0846,0.0883,0.1068,0.0889,0.0889,0.0866,0.0925,0.086,0.0865,0.086,0.0963,0.0861,0.0828,0.0897,0.0927,0.0853,0.088,0.0864,0.087,0.0859,0.0857,0.0861,0.0955,0.0879,0.0903,0.0955,0.0837,0.0871,0.0887,0.0843,0.0829,0.0857,0.0854,0.3827,0.6356,0.4079,0.6114,0.5166,0.5308,0.6537,0.6509,0.5914,0.7159,0.0858,0.0852,0.5951,0.4623,0.5412,0.5058,0.7383,0.7093,0.5897,0.0866,0.3228,0.6532,0.0861,0.0863,0.0896,0.7517,0.6831,0.5714,0.0853,0.648,0.4062,0.5659,0.2347,0.7695,0.0862,0.085,0.0875,0.0905,0.0859,0.0865,0.0882,0.0853,0.0865,0.0868,0.086,0.0857,0.0855
,17:54:16,45.1,0.0872,0.0874,0.0857,0.0866,0.0863,0.0854,0.0862,0.0868,0.0856,0.0931,0.0907,0.086,0.0879,0.0862,0.0845,0.0845,0.0839,0.0878,0.1107,0.0884,0.0888,0.087,0.093,0.0861,0.0869,0.0861,0.0941,0.0866,0.0823,0.0932,0.0895,0.0849,0.0881,0.0864,0.0872,0.0862,0.0862,0.0863,0.0915,0.0867,0.0912,0.1007,0.083,0.0871,0.0886,0.0841,0.0827,0.0859,0.0855,0.3819,0.6345,0.4071,0.6107,0.5161,0.5306,0.6524,0.6495,0.5899,0.7154,0.0859,0.0864,0.595,0.4617,0.5407,0.5045,0.7349,0.7085,0.5891,0.086,0.3209,0.6514,0.0862,0.0864,0.0895,0.7508,0.6832,0.571,0.0859,0.6476,0.4055,0.566,0.2375,0.7685,0.0861,0.0853,0.087,0.0913,0.0862,0.0865,0.088,0.0854,0.087,0.0867,0.0865,0.0855,0.0852
,17:59:16,45.1,0.0877,0.0879,0.086,0.0874,0.086,0.0854,0.0865,0.087,0.0861,0.0929,0.0908,0.0863,0.0882,0.0906,0.0838,0.0892,0.0847,0.0882,0.105,0.0882,0.0899,0.087,0.0927,0.0861,0.0874,0.0865,0.0958,0.0864,0.0825,0.0967,0.0913,0.0856,0.0886,0.0868,0.0877,0.0858,0.0863,0.0865,0.0956,0.0874,0.0909,0.0942,0.0838,0.0871,0.0883,0.0843,0.0835,0.086,0.0856,0.3816,0.6344,0.4053,0.611,0.5155,0.5299,0.6516,0.65,0.5901,0.7159,0.086,0.0857,0.5947,0.461,0.5395,0.507,0.7339,0.7074,0.5876,0.0863,0.3204,0.6514,0.0866,0.0863,0.0899,0.7485,0.6824,0.5698,0.0862,0.6465,0.4037,0.5649,0.2411,0.7673,0.0866,0.0855,0.088,0.0909,0.0864,0.0871,0.0878,0.0855,0.0871,0.0865,0.0863,0.0861,0.0853
,18:04:16,45,0.0872,0.0872,0.0854,0.0868,0.0858,0.085,0.0866,0.0867,0.0857,0.0927,0.0907,0.0861,0.0873,0.0886,0.085,0.0852,0.085,0.0877,0.1039,0.0881,0.0885,0.0863,0.0922,0.0857,0.0866,0.0854,0.0941,0.0861,0.0823,0.0958,0.0892,0.0853,0.088,0.0862,0.0871,0.086,0.0854,0.0863,0.0927,0.0884,0.0908,0.0914,0.0831,0.0868,0.0877,0.0845,0.0828,0.086,0.0852,0.3802,0.6332,0.4046,0.6085,0.5149,0.5278,0.6496,0.6481,0.589,0.7149,0.0855,0.0851,0.5941,0.458,0.5379,0.5056,0.7312,0.7049,0.5866,0.0861,0.3188,0.6527,0.086,0.0863,0.0891,0.7459,0.6822,0.5685,0.0856,0.6461,0.402,0.5631,0.2431,0.7655,0.0859,0.0854,0.0872,0.0906,0.0862,0.0866,0.0878,0.085,0.0863,0.0863,0.086,0.0858,0.0849
,18:09:16,44.9,0.0872,0.0872,0.0856,0.0869,0.086,0.0858,0.0863,0.0868,0.0855,0.0931,0.0907,0.0858,0.0876,0.0883,0.0835,0.0851,0.0848,0.088,0.1086,0.0884,0.0923,0.087,0.0921,0.0861,0.0868,0.0861,0.0955,0.087,0.082,0.0893,0.093,0.0856,0.0878,0.0868,0.087,0.086,0.0858,0.096,0.0964,0.0865,0.0912,0.1043,0.0842,0.087,0.0884,0.0844,0.0831,0.0857,0.0848,0.3792,0.6319,0.4039,0.6081,0.5136,0.5278,0.6479,0.6474,0.5889,0.715,0.0855,0.0855,0.5936,0.4581,0.537,0.5046,0.7282,0.7039,0.5849,0.0859,0.3186,0.6488,0.0862,0.0863,0.0895,0.7445,0.6817,0.5677,0.0857,0.6453,0.4009,0.5627,0.2444,0.7657,0.0859,0.0857,0.0868,0.0909,0.0864,0.0867,0.0882,0.0855,0.0864,0.0867,0.0866,0.0852,0.0851
,18:14:16,45,0.0871,0.0881,0.0859,0.087,0.0862,0.0855,0.0868,0.0866,0.0858,0.093,0.0908,0.0854,0.0876,0.0893,0.084,0.0921,0.0845,0.0907,0.1072,0.0888,0.0889,0.0866,0.093,0.086,0.0868,0.0858,0.0945,0.0865,0.0821,0.0884,0.0899,0.089,0.0883,0.0874,0.0875,0.0859,0.0857,0.087,0.0944,0.0863,0.091,0.0926,0.0844,0.0867,0.0884,0.0844,0.0833,0.0863,0.0854,0.3784,0.631,0.4028,0.6074,0.5127,0.5267,0.6476,0.6466,0.5889,0.7146,0.0861,0.0857,0.5935,0.457,0.5359,0.5039,0.7253,0.7022,0.5834,0.0866,0.3184,0.6489,0.0862,0.0863,0.0895,0.7426,0.6811,0.5672,0.0856,0.6447,0.4,0.5631,0.2466,0.7649,0.0858,0.0856,0.087,0.0908,0.0864,0.0864,0.0877,0.0855,0.0867,0.0869,0.0861,0.0857,0.0854
,18:19:16,45,0.0873,0.0874,0.0861,0.0873,0.0857,0.0855,0.0867,0.0869,0.0857,0.0927,0.0908,0.0858,0.0879,0.0907,0.0843,0.0869,0.0846,0.0896,0.1091,0.0889,0.0901,0.0868,0.0923,0.0861,0.0868,0.0864,0.0962,0.0869,0.0832,0.0892,0.0933,0.086,0.0877,0.0869,0.0876,0.0859,0.0856,0.0863,0.0943,0.087,0.0906,0.1054,0.0841,0.0867,0.0884,0.0845,0.0837,0.0862,0.0851,0.3782,0.6304,0.4021,0.6062,0.5126,0.5247,0.6456,0.6464,0.588,0.7152,0.086,0.0857,0.5936,0.4561,0.5349,0.5021,0.7227,0.7023,0.5822,0.0867,0.3168,0.648,0.0862,0.0862,0.0898,0.7405,0.6805,0.5654,0.0857,0.6432,0.3984,0.5621,0.2494,0.7639,0.086,0.0852,0.087,0.0912,0.0864,0.0865,0.0879,0.0856,0.0867,0.0868,0.0861,0.0857,0.085
,18:24:16,45,0.0873,0.0874,0.0856,0.0867,0.0855,0.0851,0.0864,0.0862,0.0856,0.0923,0.0905,0.0857,0.088,0.0907,0.0857,0.088,0.0837,0.0901,0.11,0.0878,0.0887,0.0865,0.0924,0.0857,0.0867,0.0858,0.0963,0.086,0.0822,0.0947,0.0904,0.0851,0.0875,0.0872,0.0877,0.0859,0.0858,0.1127,0.0982,0.0875,0.0918,0.0959,0.084,0.0869,0.0911,0.0841,0.0836,0.0856,0.085,0.3765,0.6286,0.401,0.603,0.5118,0.524,0.6443,0.6456,0.5881,0.7147,0.0858,0.0854,0.5935,0.4542,0.5335,0.5021,0.7202,0.6989,0.5809,0.0863,0.3152,0.6503,0.0866,0.0857,0.089,0.7383,0.6792,0.5647,0.0856,0.6426,0.3971,0.5618,0.2518,0.7624,0.0855,0.0851,0.0868,0.091,0.086,0.0864,0.0874,0.0847,0.0868,0.0867,0.086,0.0853,0.0856
,18:29:16,45,0.0869,0.0875,0.0857,0.0871,0.0861,0.0856,0.0867,0.0865,0.0852,0.0927,0.0904,0.0857,0.0874,0.0881,0.084,0.0843,0.0844,0.0901,0.1028,0.0884,0.0885,0.0866,0.0928,0.0858,0.087,0.0857,0.094,0.0863,0.0844,0.0902,0.0896,0.0855,0.0879,0.0862,0.0873,0.0859,0.0854,0.0923,0.0933,0.0853,0.0904,0.0911,0.0834,0.0863,0.0877,0.0842,0.0832,0.0855,0.0849,0.3755,0.6281,0.3996,0.604,0.5106,0.5235,0.6423,0.6453,0.5865,0.7137,0.0859,0.0852,0.5936,0.4534,0.5327,0.503,0.7174,0.6982,0.5797,0.086,0.3147,0.6495,0.0857,0.0858,0.0888,0.7366,0.6785,0.5635,0.0853,0.6419,0.3961,0.5597,0.2536,0.7621,0.086,0.0852,0.0869,0.0906,0.0862,0.086,0.0874,0.085,0.0867,0.0862,0.0862,0.0854,0.0849
,18:34:16,45,0.0874,0.0879,0.0861,0.0875,0.0864,0.0856,0.0865,0.0872,0.0864,0.0935,0.0916,0.086,0.0884,0.0895,0.0845,0.0853,0.0848,0.0879,0.1043,0.0888,0.09,0.087,0.0928,0.086,0.0872,0.086,0.0966,0.0871,0.0825,0.0954,0.0923,0.0859,0.0886,0.0874,0.088,0.0865,0.0862,0.0878,0.0965,0.0888,0.091,0.0935,0.0848,0.0871,0.0887,0.0849,0.0845,0.0862,0.0851,0.3757,0.6283,0.3997,0.6025,0.5104,0.5229,0.6408,0.6447,0.587,0.7149,0.0861,0.0859,0.5929,0.4527,0.5315,0.5023,0.7137,0.6979,0.5791,0.0868,0.3147,0.6483,0.0869,0.0866,0.0896,0.7346,0.6786,0.563,0.0866,0.6411,0.3944,0.5597,0.2553,0.761,0.0865,0.086,0.0874,0.0915,0.0867,0.0869,0.0884,0.085,0.0869,0.0865,0.0871,0.0859,0.0853
,18:39:16,45,0.0873,0.0878,0.0857,0.0868,0.0856,0.0858,0.0865,0.0864,0.0855,0.0931,0.0912,0.0858,0.0876,0.0859,0.0839,0.0888,0.0856,0.0881,0.1095,0.0884,0.0891,0.0868,0.0925,0.0859,0.0867,0.0858,0.0956,0.0865,0.0826,0.0935,0.0916,0.0859,0.0879,0.0869,0.0874,0.0857,0.0854,0.0926,0.0973,0.0951,0.0904,0.0885,0.0851,0.0878,0.0885,0.0853,0.0838,0.0857,0.0849,0.3742,0.6264,0.399,0.6013,0.5096,0.5221,0.6399,0.6448,0.5871,0.7143,0.0856,0.0857,0.5932,0.4516,0.5318,0.5019,0.7117,0.697,0.5788,0.0863,0.3127,0.6475,0.0866,0.0861,0.0891,0.7331,0.6767,0.5619,0.0856,0.6403,0.3932,0.5589,0.2552,0.7601,0.086,0.0855,0.0874,0.0903,0.0862,0.0867,0.0883,0.0851,0.0868,0.0865,0.0862,0.0857,0.0849
,18:44:16,45,0.0871,0.0875,0.0859,0.0872,0.0857,0.0857,0.0865,0.0871,0.0857,0.0924,0.091,0.0854,0.0874,0.0916,0.0837,0.0897,0.0871,0.088,0.1025,0.0885,0.0889,0.0865,0.0924,0.0858,0.0875,0.0859,0.0965,0.0863,0.0821,0.0884,0.0911,0.0856,0.0879,0.0872,0.088,0.086,0.0863,0.1143,0.0976,0.0903,0.0915,0.1095,0.085,0.0871,0.0891,0.0846,0.0836,0.0862,0.085,0.3727,0.6254,0.3978,0.6015,0.5083,0.521,0.6382,0.643,0.5875,0.7144,0.0859,0.086,0.5928,0.4515,0.5299,0.5012,0.7096,0.6952,0.5773,0.0865,0.3127,0.6477,0.0865,0.0861,0.0896,0.7297,0.6762,0.5614,0.0859,0.6399,0.3922,0.5586,0.2558,0.7602,0.086,0.0853,0.087,0.0907,0.0862,0.0863,0.0877,0.0854,0.0868,0.0869,0.0863,0.0856,0.0853
,18:49:16,45,0.0874,0.0872,0.0858,0.0874,0.0856,0.0855,0.0865,0.0869,0.0857,0.093,0.0912,0.0855,0.088,0.092,0.0873,0.0849,0.0843,0.0877,0.109,0.0883,0.0889,0.087,0.0919,0.0854,0.087,0.086,0.0931,0.0862,0.0825,0.0888,0.0884,0.0857,0.0884,0.086,0.0875,0.0858,0.0862,0.0863,0.0944,0.0878,0.0906,0.0948,0.0841,0.0875,0.0891,0.0845,0.0833,0.0857,0.0849,0.3723,0.6256,0.3964,0.5989,0.508,0.5199,0.6362,0.6427,0.5869,0.7133,0.0854,0.086,0.5922,0.45,0.529,0.5004,0.7062,0.6927,0.576,0.0862,0.3119,0.6471,0.0865,0.0865,0.089,0.728,0.675,0.5594,0.0859,0.6392,0.3904,0.5575,0.256,0.7587,0.0859,0.0855,0.0872,0.0905,0.086,0.0865,0.088,0.085,0.0869,0.0865,0.0862,0.0854,0.0852
,18:54:16,45,0.087,0.0874,0.0857,0.0866,0.0861,0.0854,0.0865,0.0868,0.0855,0.0931,0.0908,0.0858,0.0873,0.0912,0.0843,0.0862,0.0843,0.0874,0.1095,0.0892,0.089,0.0867,0.0919,0.0859,0.0867,0.0859,0.0933,0.086,0.0833,0.0913,0.0895,0.0856,0.0882,0.0865,0.0873,0.0861,0.0861,0.0954,0.0928,0.0858,0.091,0.0897,0.0841,0.0866,0.0888,0.086,0.0837,0.0858,0.0852,0.3715,0.6243,0.3945,0.5979,0.5071,0.5183,0.6347,0.6422,0.5857,0.7133,0.086,0.0856,0.5925,0.4491,0.5276,0.5,0.7032,0.6923,0.5749,0.0865,0.3104,0.6462,0.0867,0.0859,0.0891,0.7256,0.6741,0.5592,0.0856,0.638,0.3896,0.5568,0.2549,0.7576,0.0862,0.0853,0.0873,0.0908,0.0865,0.0866,0.0882,0.0854,0.0866,0.0871,0.087,0.0856,0.0854
,18:59:16,44.9,0.0872,0.0875,0.086,0.087,0.0862,0.0852,0.0866,0.0864,0.0855,0.0928,0.0907,0.0857,0.0879,0.092,0.0835,0.0859,0.0847,0.088,0.1037,0.0888,0.0887,0.0866,0.0924,0.086,0.087,0.0861,0.0953,0.0861,0.0824,0.0925,0.0923,0.0854,0.0878,0.0865,0.0878,0.0861,0.0855,0.1037,0.0966,0.0913,0.0918,0.113,0.0844,0.087,0.0911,0.0844,0.0836,0.0856,0.085,0.3705,0.6231,0.3944,0.5983,0.5063,0.5178,0.6332,0.642,0.5864,0.7136,0.0856,0.0853,0.5918,0.4481,0.5266,0.4986,0.7013,0.6906,0.5741,0.086,0.3088,0.646,0.0865,0.0862,0.0892,0.7231,0.6721,0.5571,0.0857,0.6364,0.3881,0.5571,0.2551,0.7566,0.0859,0.085,0.087,0.0907,0.086,0.0864,0.0881,0.0853,0.0863,0.0865,0.0864,0.0855,0.0854
,19:04:16,45.1,0.0876,0.088,0.0864,0.0871,0.0865,0.0863,0.087,0.0873,0.086,0.0929,0.0917,0.0865,0.088,0.0925,0.0844,0.087,0.0861,0.0883,0.1086,0.0889,0.0893,0.0872,0.0934,0.0863,0.0875,0.0862,0.0961,0.0869,0.0825,0.0905,0.093,0.0864,0.0885,0.087,0.0878,0.0865,0.0864,0.1122,0.0978,0.0918,0.0912,0.095,0.0843,0.0876,0.09,0.0846,0.0843,0.0864,0.0854,0.3704,0.6227,0.395,0.5985,0.5062,0.5181,0.6329,0.6409,0.5878,0.7146,0.0863,0.0863,0.5928,0.4483,0.527,0.5016,0.6982,0.6902,0.573,0.0872,0.308,0.6461,0.0869,0.0864,0.0897,0.722,0.672,0.5584,0.0862,0.6368,0.3877,0.5563,0.2545,0.7561,0.0864,0.0858,0.0882,0.0914,0.0868,0.0874,0.0887,0.0857,0.0871,0.0872,0.0869,0.0863,0.0857
,19:09:16,45,0.0868,0.0876,0.086,0.0866,0.0858,0.0851,0.0862,0.0865,0.0852,0.093,0.0908,0.0856,0.0877,0.0854,0.0832,0.0872,0.086,0.0875,0.1032,0.0884,0.0899,0.0865,0.0923,0.0856,0.0867,0.0856,0.0955,0.0856,0.0828,0.0939,0.0902,0.0851,0.0879,0.0862,0.0872,0.0858,0.0855,0.1155,0.0954,0.0914,0.0905,0.0923,0.0837,0.0868,0.0885,0.084,0.083,0.0857,0.085,0.3689,0.621,0.3935,0.5957,0.5042,0.5158,0.631,0.64,0.5867,0.7123,0.0859,0.0854,0.5922,0.4463,0.5246,0.4995,0.6949,0.6877,0.5711,0.0865,0.3075,0.6447,0.0866,0.0862,0.0889,0.7184,0.6707,0.5557,0.0853,0.6343,0.386,0.5544,0.2531,0.7546,0.0861,0.0851,0.0868,0.0907,0.0858,0.0859,0.0875,0.0851,0.0867,0.0865,0.0859,0.0855,0.0848
,19:14:16,45,0.0869,0.0874,0.0857,0.0871,0.0861,0.0853,0.0862,0.0866,0.0853,0.0927,0.0912,0.0859,0.088,0.0909,0.0837,0.0886,0.0843,0.0886,0.1029,0.0881,0.0889,0.0863,0.0922,0.0856,0.0869,0.0858,0.0926,0.0864,0.0828,0.0965,0.0883,0.0857,0.0879,0.0867,0.0866,0.0858,0.0857,0.1103,0.0965,0.0859,0.0903,0.0997,0.0844,0.0869,0.0879,0.0852,0.0831,0.0855,0.0851,0.368,0.6198,0.3926,0.5955,0.5039,0.5146,0.6301,0.6403,0.5881,0.7127,0.0851,0.0862,0.5921,0.4452,0.5237,0.4983,0.6919,0.6871,0.5703,0.0859,0.307,0.6468,0.0864,0.0861,0.0893,0.7164,0.6703,0.5554,0.0856,0.6351,0.3843,0.5543,0.2519,0.7538,0.0859,0.0848,0.0869,0.0907,0.0864,0.0857,0.0875,0.0852,0.0865,0.0864,0.0859,0.0857,0.0848
,19:19:16,45.1,0.0871,0.0877,0.0856,0.0872,0.0863,0.0857,0.0862,0.0866,0.0855,0.093,0.0907,0.0858,0.0875,0.0914,0.0834,0.0926,0.0844,0.0883,0.1036,0.0881,0.0899,0.0864,0.0922,0.086,0.087,0.0859,0.0949,0.0863,0.0822,0.0886,0.0884,0.0851,0.088,0.0861,0.087,0.0857,0.086,0.1089,0.0933,0.0854,0.0903,0.0915,0.0826,0.0867,0.0885,0.0846,0.0834,0.0856,0.0848,0.368,0.6193,0.3914,0.5941,0.5032,0.5145,0.6287,0.6386,0.5867,0.7118,0.0858,0.0861,0.5923,0.4441,0.5234,0.4973,0.6887,0.6852,0.5699,0.0864,0.3072,0.6445,0.0864,0.0863,0.0894,0.7147,0.6692,0.5538,0.0856,0.6348,0.3839,0.5537,0.2504,0.7526,0.0856,0.0857,0.0871,0.0907,0.0861,0.0864,0.0878,0.0854,0.0871,0.0861,0.0862,0.0854,0.085
,19:24:16,45,0.087,0.0871,0.0851,0.0867,0.086,0.0849,0.0864,0.0864,0.0851,0.0923,0.0906,0.0853,0.0874,0.0905,0.0835,0.0853,0.0848,0.087,0.1083,0.088,0.0901,0.0866,0.0924,0.0855,0.087,0.0857,0.0927,0.0862,0.0829,0.0959,0.0862,0.085,0.0876,0.0865,0.0874,0.0854,0.086,0.116,0.0926,0.086,0.09,0.0839,0.0821,0.0867,0.0891,0.0837,0.083,0.0854,0.0849,0.3659,0.6181,0.3905,0.593,0.5015,0.513,0.6272,0.6382,0.5865,0.7112,0.0853,0.0852,0.5922,0.4425,0.5216,0.497,0.6858,0.6831,0.5692,0.0858,0.305,0.6441,0.0861,0.0857,0.0887,0.7119,0.6673,0.5523,0.0855,0.6329,0.3823,0.553,0.2473,0.7515,0.0854,0.0854,0.0871,0.0902,0.0856,0.086,0.0877,0.0852,0.0861,0.086,0.0862,0.0852,0.0844
,19:29:16,45.1,0.0869,0.0873,0.0858,0.0868,0.0856,0.0849,0.0858,0.0866,0.0852,0.0929,0.0903,0.0856,0.0872,0.0917,0.0835,0.0841,0.0841,0.0875,0.1035,0.0883,0.0911,0.0861,0.0916,0.086,0.0868,0.0856,0.0938,0.086,0.0827,0.0899,0.09,0.085,0.0877,0.0861,0.0864,0.0856,0.0856,0.1073,0.0925,0.0849,0.0905,0.0889,0.0835,0.0867,0.0881,0.0853,0.0822,0.0855,0.0845,0.3644,0.6169,0.3898,0.5926,0.5016,0.5107,0.6262,0.6373,0.5855,0.7105,0.0851,0.0851,0.5912,0.4422,0.5211,0.4955,0.6828,0.6828,0.5679,0.0863,0.3045,0.6421,0.086,0.0858,0.0886,0.7095,0.6661,0.5509,0.0853,0.6316,0.3807,0.5516,0.2464,0.7502,0.0853,0.0849,0.0868,0.0902,0.0858,0.0857,0.0875,0.0847,0.0865,0.0864,0.0858,0.0847,0.0846
,19:34:16,45,0.0875,0.0875,0.0857,0.0873,0.0863,0.0857,0.0866,0.0868,0.086,0.093,0.0911,0.0857,0.0878,0.0932,0.0839,0.0848,0.084,0.0874,0.1033,0.0887,0.089,0.0864,0.0929,0.0865,0.0871,0.0856,0.0947,0.0862,0.083,0.0967,0.091,0.0854,0.0883,0.0865,0.0881,0.0856,0.0859,0.0869,0.0949,0.088,0.091,0.1028,0.0837,0.0872,0.0888,0.0846,0.0835,0.0862,0.0855,0.3647,0.6168,0.3894,0.5925,0.5014,0.5116,0.6263,0.6376,0.5863,0.7114,0.0856,0.0859,0.5918,0.4416,0.5199,0.4974,0.6798,0.681,0.5678,0.0868,0.3034,0.6422,0.0865,0.086,0.0893,0.7071,0.6661,0.551,0.0859,0.6317,0.3803,0.5517,0.2438,0.7495,0.0865,0.0854,0.0873,0.091,0.0862,0.0868,0.0882,0.0855,0.0867,0.0868,0.0865,0.0858,0.0853
,19:39:16,44.9,0.0869,0.0874,0.0856,0.0868,0.0858,0.0854,0.0862,0.0865,0.0856,0.0926,0.0905,0.0855,0.0875,0.0928,0.0833,0.084,0.0851,0.0867,0.1043,0.0888,0.0881,0.087,0.0919,0.0858,0.0866,0.086,0.0924,0.0864,0.0827,0.094,0.0899,0.0846,0.0878,0.0866,0.0866,0.0859,0.0853,0.0956,0.0968,0.0857,0.0904,0.0966,0.0839,0.0865,0.0881,0.0842,0.083,0.0852,0.085,0.3635,0.6156,0.3876,0.5926,0.4993,0.5097,0.6234,0.6362,0.5849,0.7108,0.0856,0.0852,0.5912,0.4396,0.5182,0.4967,0.6766,0.6793,0.5659,0.0862,0.3025,0.6403,0.0859,0.0859,0.0887,0.7036,0.6644,0.5506,0.0859,0.6306,0.3788,0.5495,0.2413,0.7473,0.0861,0.085,0.0871,0.0903,0.0862,0.086,0.0878,0.0851,0.0862,0.0859,0.0866,0.0852,0.0849
,19:44:16,44.9,0.0863,0.0873,0.0852,0.0862,0.0851,0.0849,0.0864,0.0861,0.085,0.0923,0.0902,0.0854,0.0873,0.092,0.0825,0.0843,0.0837,0.0869,0.1071,0.0876,0.088,0.0867,0.0916,0.0852,0.0862,0.0852,0.0925,0.0854,0.0821,0.0885,0.0904,0.0848,0.0874,0.0863,0.0871,0.0852,0.0854,0.0856,0.0937,0.0886,0.0901,0.0909,0.0831,0.0868,0.0875,0.0839,0.0831,0.0851,0.0846,0.3629,0.6147,0.3865,0.5917,0.4992,0.5093,0.6224,0.6347,0.5849,0.7098,0.0854,0.0849,0.592,0.4386,0.5174,0.4946,0.6742,0.678,0.5651,0.0857,0.3005,0.6405,0.0857,0.0858,0.0887,0.7007,0.6632,0.5483,0.0852,0.6295,0.3771,0.5488,0.2381,0.7458,0.0856,0.0845,0.0864,0.0902,0.0862,0.0861,0.0874,0.0848,0.0856,0.0861,0.0857,0.0848,0.0843
,19:49:16,45,0.0876,0.0876,0.086,0.0873,0.0863,0.0857,0.0873,0.0868,0.086,0.0934,0.0912,0.0857,0.0879,0.0916,0.0836,0.0847,0.0851,0.0883,0.105,0.0888,0.0887,0.0868,0.0928,0.086,0.0871,0.0856,0.0954,0.0864,0.0826,0.0903,0.0932,0.0855,0.0881,0.0867,0.0868,0.086,0.0866,0.1147,0.0949,0.0866,0.0912,0.0868,0.0827,0.087,0.0914,0.0848,0.0838,0.0861,0.0852,0.3629,0.6144,0.3859,0.5923,0.4992,0.5095,0.6221,0.6352,0.5846,0.7106,0.0861,0.0859,0.5941,0.4388,0.5178,0.4955,0.6729,0.6774,0.5661,0.0866,0.3001,0.6404,0.0866,0.0864,0.0896,0.6984,0.6623,0.5486,0.086,0.6295,0.3761,0.5488,0.2363,0.7455,0.0867,0.0856,0.0873,0.0913,0.0867,0.0866,0.0882,0.0851,0.0868,0.0868,0.0866,0.0861,0.0854
,19:54:16,45.1,0.0872,0.0872,0.0857,0.0871,0.0861,0.0854,0.0863,0.0866,0.0855,0.0925,0.0912,0.0855,0.0874,0.0913,0.0836,0.0837,0.0849,0.0873,0.1057,0.0882,0.0885,0.0864,0.0921,0.0859,0.0867,0.086,0.0937,0.0866,0.0825,0.0886,0.0907,0.0848,0.0879,0.087,0.0874,0.0858,0.0856,0.105,0.0954,0.0858,0.0909,0.1035,0.0848,0.0865,0.0882,0.084,0.0811,0.0859,0.0848,0.361,0.6132,0.3852,0.5908,0.4988,0.5088,0.6197,0.6343,0.5837,0.7094,0.0856,0.0857,0.5943,0.4379,0.5161,0.4949,0.6711,0.6767,0.5644,0.086,0.299,0.6397,0.0863,0.0862,0.0889,0.6957,0.6603,0.5469,0.0855,0.628,0.3754,0.5489,0.2337,0.7443,0.0861,0.0852,0.087,0.0905,0.0861,0.0863,0.0875,0.085,0.0868,0.087,0.0864,0.0853,0.0851
,19:59:16,45,0.0866,0.0875,0.0854,0.087,0.0859,0.0852,0.0865,0.0867,0.0853,0.0928,0.0908,0.0853,0.0879,0.09,0.0837,0.0925,0.085,0.0874,0.1082,0.089,0.0883,0.0867,0.0917,0.0858,0.0868,0.0859,0.0943,0.0863,0.0827,0.0887,0.0902,0.0854,0.0879,0.0868,0.0871,0.0858,0.0855,0.0862,0.098,0.0911,0.091,0.0948,0.0851,0.087,0.0881,0.0853,0.0832,0.0852,0.0848,0.3614,0.6123,0.3853,0.5898,0.4972,0.5065,0.6187,0.6328,0.5829,0.7091,0.0857,0.0856,0.5957,0.4362,0.5151,0.4957,0.6688,0.6751,0.5641,0.0864,0.2991,0.6402,0.0866,0.086,0.089,0.6936,0.6605,0.5468,0.0861,0.6268,0.3735,0.5479,0.2315,0.7419,0.086,0.0846,0.0871,0.0905,0.0862,0.0863,0.0879,0.0854,0.0867,0.0861,0.0863,0.085,0.0846
,20:04:16,45,0.087,0.0873,0.0852,0.0862,0.0856,0.085,0.0862,0.0863,0.0851,0.0926,0.091,0.0849,0.0873,0.0898,0.083,0.0841,0.0851,0.0899,0.1094,0.0879,0.0884,0.0863,0.0919,0.0854,0.0865,0.0856,0.0927,0.0857,0.0824,0.0931,0.091,0.0856,0.0874,0.0859,0.0872,0.0854,0.0854,0.0858,0.0922,0.0859,0.0903,0.1044,0.083,0.0863,0.0891,0.0839,0.0823,0.0857,0.085,0.3592,0.6114,0.3839,0.5885,0.4963,0.5057,0.6166,0.6321,0.5822,0.7098,0.0852,0.0853,0.598,0.4355,0.5148,0.4939,0.6662,0.6728,0.5636,0.0858,0.2984,0.6385,0.086,0.0859,0.0888,0.6902,0.6587,0.546,0.0853,0.6271,0.3721,0.5462,0.2294,0.7404,0.0855,0.0845,0.0866,0.0907,0.0855,0.0858,0.0873,0.0849,0.0861,0.0864,0.0857,0.085,0.0846
,20:09:16,45,0.0869,0.0868,0.0854,0.087,0.0859,0.0849,0.0866,0.0861,0.0852,0.0932,0.0907,0.0854,0.0873,0.0922,0.0836,0.0843,0.0843,0.0875,0.109,0.0884,0.0888,0.0865,0.0921,0.0856,0.087,0.086,0.0947,0.0861,0.082,0.0922,0.0904,0.0849,0.088,0.087,0.0879,0.0858,0.0857,0.0892,0.0974,0.0906,0.0909,0.1032,0.0833,0.0864,0.0882,0.0848,0.0816,0.0858,0.0846,0.3585,0.6098,0.3831,0.5895,0.4963,0.5057,0.6159,0.6315,0.5823,0.7096,0.0856,0.0852,0.5984,0.4353,0.5137,0.4924,0.6647,0.671,0.562,0.0862,0.2964,0.64,0.086,0.0859,0.0888,0.687,0.6582,0.5442,0.0856,0.6252,0.3714,0.5463,0.2264,0.739,0.0856,0.085,0.087,0.0904,0.0861,0.086,0.0875,0.0852,0.0863,0.0865,0.0865,0.0856,0.0851
,20:14:16,45.1,0.0871,0.0875,0.0858,0.0869,0.0858,0.0859,0.0865,0.087,0.0857,0.0925,0.091,0.0853,0.088,0.0905,0.0833,0.0858,0.0854,0.0886,0.1097,0.0882,0.0886,0.0865,0.0925,0.086,0.0869,0.0862,0.0961,0.0866,0.082,0.0909,0.0896,0.0878,0.0883,0.0873,0.0882,0.0862,0.086,0.086,0.0976,0.0891,0.0913,0.095,0.0837,0.0864,0.0909,0.0846,0.0826,0.0854,0.0855,0.3583,0.6097,0.382,0.5884,0.4959,0.5042,0.6152,0.6303,0.5825,0.7092,0.0857,0.0855,0.6008,0.434,0.5129,0.4954,0.6639,0.6716,0.5618,0.0861,0.2955,0.6378,0.086,0.0861,0.0888,0.6859,0.6582,0.5439,0.0852,0.6247,0.3705,0.5457,0.2255,0.7376,0.086,0.085,0.0873,0.0906,0.0861,0.0862,0.0879,0.0855,0.0864,0.0865,0.0866,0.0852,0.0848
,20:19:16,45,0.0869,0.0878,0.0854,0.0863,0.0854,0.085,0.0865,0.0864,0.0854,0.0919,0.0904,0.0852,0.0878,0.0896,0.083,0.0879,0.0842,0.0871,0.1053,0.0878,0.0887,0.0864,0.0921,0.0859,0.0865,0.0856,0.0944,0.0858,0.0825,0.0919,0.0916,0.0857,0.088,0.0863,0.0869,0.0856,0.0853,0.0859,0.0954,0.0877,0.0905,0.0944,0.0841,0.0863,0.0898,0.0841,0.0838,0.0857,0.0845,0.3569,0.6078,0.3815,0.5883,0.4944,0.5032,0.6138,0.6298,0.5819,0.7084,0.0851,0.0851,0.6008,0.4328,0.5115,0.4944,0.6616,0.67,0.5601,0.0862,0.2939,0.6379,0.0863,0.086,0.0885,0.6823,0.6561,0.5414,0.0851,0.625,0.3687,0.5449,0.2216,0.7359,0.0859,0.0848,0.087,0.0902,0.086,0.086,0.0877,0.0852,0.0864,0.0862,0.0859,0.0849,0.0842
,20:24:16,45,0.0874,0.0877,0.0859,0.0867,0.0859,0.0855,0.0862,0.0869,0.0857,0.0924,0.0908,0.0853,0.0877,0.0904,0.0833,0.0899,0.0845,0.0878,0.1083,0.089,0.0887,0.0869,0.0922,0.0857,0.0868,0.086,0.093,0.0867,0.0823,0.0893,0.0892,0.0857,0.0877,0.0862,0.0877,0.0858,0.0858,0.1094,0.094,0.0862,0.0906,0.0976,0.0843,0.0866,0.0931,0.0848,0.0827,0.0855,0.0849,0.3569,0.6081,0.3809,0.5887,0.4941,0.5027,0.613,0.6301,0.5823,0.7091,0.0857,0.0854,0.6017,0.432,0.5119,0.4937,0.6608,0.6683,0.5603,0.0865,0.2936,0.6366,0.0863,0.0859,0.0889,0.6806,0.6566,0.5415,0.0858,0.6247,0.3679,0.5449,0.2209,0.734,0.0857,0.0846,0.0872,0.0912,0.0862,0.0861,0.0879,0.0854,0.0868,0.0867,0.0865,0.0854,0.0853
,20:29:16,44.9,0.0873,0.0877,0.0859,0.0872,0.0866,0.0858,0.0863,0.0873,0.086,0.0933,0.0906,0.0859,0.0879,0.0909,0.0836,0.0859,0.0858,0.0879,0.1044,0.0892,0.0889,0.0873,0.0923,0.0864,0.0874,0.087,0.0922,0.0866,0.0832,0.0973,0.089,0.0873,0.0884,0.0866,0.0877,0.0865,0.086,0.0862,0.0945,0.0888,0.0915,0.0995,0.0861,0.0871,0.0898,0.0859,0.0831,0.086,0.0851,0.3567,0.6071,0.3798,0.5878,0.4944,0.5023,0.6125,0.6296,0.5814,0.7096,0.0862,0.086,0.6032,0.4322,0.5112,0.4931,0.6582,0.6674,0.5604,0.087,0.2929,0.6351,0.0866,0.0866,0.0898,0.6782,0.6555,0.5415,0.0858,0.6232,0.3672,0.5435,0.2186,0.7325,0.0866,0.0857,0.0873,0.0909,0.0864,0.0866,0.0879,0.0857,0.0867,0.0868,0.087,0.0854,0.0854
,20:34:16,45,0.0875,0.0873,0.086,0.087,0.0865,0.0858,0.0865,0.0871,0.0859,0.0928,0.0909,0.0862,0.0878,0.0913,0.0836,0.0881,0.0857,0.0883,0.1042,0.0889,0.0888,0.087,0.0926,0.0858,0.0867,0.0864,0.0944,0.087,0.0827,0.0946,0.0915,0.0856,0.0882,0.0869,0.0873,0.0861,0.0864,0.0891,0.0953,0.0885,0.0913,0.096,0.0845,0.0874,0.0879,0.0844,0.0835,0.086,0.0851,0.3562,0.6059,0.3799,0.5886,0.493,0.5007,0.6109,0.6292,0.5819,0.7087,0.0854,0.0856,0.6035,0.4312,0.5103,0.4931,0.6569,0.6659,0.5588,0.0865,0.2932,0.6344,0.0868,0.0864,0.0893,0.6753,0.6551,0.5397,0.086,0.6227,0.3662,0.5438,0.2164,0.7308,0.0864,0.0855,0.0875,0.091,0.0866,0.0867,0.0882,0.0857,0.087,0.0871,0.0864,0.0858,0.0851
,20:39:16,45,0.087,0.0874,0.0856,0.0868,0.0864,0.086,0.0864,0.087,0.0856,0.0932,0.0907,0.0856,0.0878,0.0903,0.0877,0.0858,0.0852,0.0879,0.1054,0.0889,0.0888,0.0866,0.092,0.0861,0.0867,0.086,0.0928,0.0865,0.0826,0.0948,0.0917,0.0862,0.0882,0.0867,0.0874,0.0858,0.086,0.0859,0.0956,0.0937,0.091,0.0962,0.0846,0.0872,0.0895,0.0842,0.084,0.0857,0.0852,0.3548,0.6047,0.3785,0.5866,0.4922,0.5005,0.6096,0.6278,0.5807,0.7093,0.0857,0.0853,0.6027,0.4307,0.5097,0.4919,0.6557,0.6646,0.558,0.0861,0.2927,0.6344,0.0862,0.086,0.0892,0.6736,0.6547,0.5391,0.0858,0.6219,0.3645,0.5438,0.2151,0.73,0.0864,0.0854,0.087,0.0907,0.0863,0.0863,0.0879,0.0855,0.0863,0.0863,0.0867,0.0855,0.0848
,20:44:16,44.9,0.0874,0.0874,0.0857,0.0873,0.0862,0.0859,0.0868,0.0869,0.086,0.0934,0.0908,0.0857,0.0881,0.0888,0.0901,0.0914,0.0853,0.0898,0.1033,0.0888,0.0892,0.0869,0.0927,0.0861,0.0869,0.0862,0.0922,0.0865,0.0836,0.0883,0.0893,0.0863,0.0882,0.0865,0.0874,0.0862,0.0858,0.0924,0.0933,0.0869,0.0911,0.0865,0.0828,0.0877,0.0884,0.0849,0.0837,0.0858,0.0854,0.3542,0.605,0.3775,0.5868,0.4917,0.4996,0.6081,0.6273,0.5804,0.7089,0.086,0.0856,0.6022,0.4293,0.5085,0.4923,0.6536,0.6638,0.5579,0.0867,0.2927,0.6317,0.0865,0.0859,0.0893,0.6712,0.6539,0.5377,0.086,0.6201,0.3636,0.542,0.2137,0.7293,0.0861,0.0854,0.0872,0.0913,0.0864,0.0861,0.0878,0.0857,0.0871,0.0867,0.0867,0.0857,0.0854
,20:49:16,45,0.087,0.0875,0.0854,0.0868,0.0861,0.0859,0.0862,0.0867,0.0855,0.0931,0.091,0.0857,0.0878,0.0898,0.0832,0.0893,0.0845,0.0878,0.1041,0.0886,0.0887,0.0866,0.092,0.0856,0.0867,0.0858,0.0952,0.0864,0.0833,0.0854,0.0902,0.0854,0.0878,0.0861,0.0868,0.0861,0.0857,0.0863,0.0918,0.0855,0.0909,0.0837,0.0844,0.0869,0.0881,0.0845,0.0827,0.086,0.0848,0.3535,0.6037,0.3771,0.5873,0.4897,0.4984,0.608,0.6269,0.5799,0.7082,0.0853,0.0851,0.602,0.4284,0.5066,0.4921,0.6533,0.662,0.557,0.0865,0.2914,0.6319,0.0862,0.0861,0.0891,0.6685,0.6516,0.5371,0.0856,0.6202,0.3621,0.5416,0.2113,0.7271,0.0855,0.0849,0.0873,0.0907,0.0866,0.0866,0.0881,0.0854,0.0869,0.0864,0.0858,0.0855,0.085
,20:54:16,44.9,0.0875,0.0871,0.0859,0.0866,0.0862,0.0855,0.0866,0.0869,0.0855,0.0929,0.0908,0.086,0.0878,0.0909,0.0832,0.0906,0.0846,0.0877,0.1046,0.089,0.0894,0.0866,0.092,0.0859,0.0866,0.0861,0.0948,0.0862,0.0833,0.0894,0.0896,0.0861,0.0878,0.0863,0.0872,0.0863,0.0858,0.0929,0.0938,0.0888,0.0907,0.0847,0.0842,0.0866,0.0882,0.084,0.0829,0.086,0.0853,0.3523,0.6032,0.3762,0.5869,0.4899,0.4974,0.607,0.6259,0.5802,0.7083,0.0858,0.0855,0.6004,0.4272,0.5063,0.4921,0.6517,0.6595,0.5566,0.0861,0.2892,0.633,0.0867,0.0864,0.0891,0.6676,0.6511,0.5368,0.0857,0.6193,0.3611,0.5406,0.2099,0.7257,0.0864,0.0853,0.0872,0.0907,0.0862,0.0861,0.0875,0.0846,0.0867,0.0868,0.0865,0.0853,0.085
,20:59:16,45,0.087,0.0875,0.0861,0.087,0.0862,0.0859,0.0864,0.0868,0.0858,0.0933,0.0912,0.0858,0.0878,0.0916,0.0841,0.0856,0.0855,0.0886,0.1043,0.0886,0.0901,0.0869,0.0924,0.0864,0.0866,0.0858,0.0928,0.0863,0.0822,0.0906,0.0903,0.0855,0.0883,0.0868,0.0871,0.086,0.0862,0.0863,0.0932,0.0865,0.0907,0.0879,0.0841,0.0869,0.0896,0.0846,0.0832,0.086,0.0852,0.3521,0.603,0.3756,0.585,0.4885,0.4964,0.6045,0.6252,0.5789,0.7089,0.0859,0.0858,0.6015,0.4266,0.5057,0.4917,0.6521,0.6584,0.5565,0.0863,0.2893,0.635,0.0864,0.0861,0.0892,0.6648,0.6505,0.5355,0.0863,0.6191,0.361,0.5398,0.2083,0.7243,0.0859,0.085,0.0873,0.0909,0.086,0.0866,0.0878,0.0857,0.0866,0.0864,0.0866,0.0864,0.0851
,21:04:16,45.1,0.0873,0.0876,0.086,0.0868,0.086,0.0856,0.0864,0.0866,0.0859,0.0933,0.0912,0.0857,0.0883,0.0906,0.0847,0.087,0.0852,0.0879,0.1056,0.089,0.0889,0.0865,0.0927,0.0861,0.0874,0.0859,0.0929,0.0861,0.0824,0.0875,0.0916,0.0856,0.0879,0.0868,0.0873,0.0857,0.0861,0.0864,0.0922,0.0867,0.0902,0.0892,0.0836,0.0867,0.0883,0.0843,0.0824,0.0858,0.085,0.3505,0.6022,0.3741,0.5855,0.4878,0.4956,0.6038,0.6254,0.58,0.7085,0.0857,0.0863,0.6006,0.4265,0.5048,0.4921,0.6501,0.658,0.556,0.0861,0.2808,0.6312,0.0864,0.0858,0.0889,0.6622,0.6498,0.5343,0.0855,0.6173,0.3593,0.5395,0.2072,0.7236,0.0859,0.0851,0.0874,0.0908,0.0866,0.0864,0.0881,0.0855,0.0866,0.0867,0.0865,0.0854,0.0848
,21:09:16,45,0.0873,0.0876,0.0857,0.0867,0.0859,0.0852,0.0863,0.0865,0.0855,0.0927,0.0904,0.0856,0.0877,0.0895,0.0839,0.0852,0.0845,0.0872,0.1098,0.0882,0.0881,0.0869,0.0919,0.0862,0.0873,0.0857,0.0919,0.086,0.0836,0.0877,0.0882,0.0853,0.0876,0.0862,0.0869,0.0858,0.0858,0.086,0.0883,0.0852,0.0909,0.087,0.0831,0.0864,0.0887,0.0853,0.0811,0.0857,0.0848,0.3497,0.6006,0.3736,0.5836,0.4875,0.4942,0.6026,0.6244,0.5797,0.7085,0.086,0.0855,0.601,0.425,0.504,0.4906,0.6486,0.6566,0.5553,0.0862,0.2744,0.6321,0.0866,0.086,0.0894,0.6612,0.6483,0.5333,0.0853,0.6159,0.3576,0.5378,0.205,0.7226,0.0859,0.0848,0.0869,0.0904,0.0863,0.0862,0.0878,0.0855,0.0866,0.0866,0.0861,0.0853,0.0844
,21:14:16,45,0.0877,0.088,0.0861,0.0871,0.0867,0.0861,0.0864,0.0867,0.086,0.0936,0.0913,0.0859,0.0877,0.0907,0.0836,0.0881,0.0862,0.0877,0.1109,0.0881,0.0888,0.0872,0.0925,0.0863,0.087,0.0859,0.0938,0.0867,0.0829,0.0887,0.0918,0.0852,0.0885,0.0874,0.0878,0.0862,0.0861,0.1166,0.0927,0.0879,0.0916,0.0866,0.0845,0.0875,0.0885,0.0845,0.0835,0.086,0.0852,0.3507,0.5996,0.373,0.5846,0.487,0.4934,0.6023,0.6239,0.5799,0.7098,0.0859,0.086,0.6027,0.4244,0.5034,0.4902,0.6482,0.6556,0.5549,0.0865,0.2741,0.6318,0.0867,0.0867,0.0897,0.6595,0.6472,0.5324,0.0857,0.616,0.3576,0.5378,0.2041,0.7216,0.0866,0.0857,0.0873,0.0913,0.0866,0.0867,0.0884,0.0861,0.0867,0.0869,0.0863,0.0863,0.0852
,21:19:16,45,0.0878,0.0879,0.0865,0.0873,0.0868,0.0865,0.087,0.0877,0.0861,0.0934,0.091,0.0856,0.0888,0.0905,0.0842,0.0887,0.0857,0.0883,0.1085,0.0895,0.089,0.0871,0.0922,0.0862,0.0875,0.086,0.0937,0.0868,0.0827,0.0902,0.0905,0.0859,0.0885,0.0872,0.0875,0.0866,0.0862,0.0868,0.0945,0.0872,0.0906,0.1023,0.0843,0.0872,0.0889,0.0848,0.0842,0.086,0.086,0.3499,0.599,0.3726,0.5834,0.4862,0.4933,0.6012,0.6238,0.5791,0.7095,0.0861,0.0859,0.6043,0.4236,0.503,0.4898,0.6472,0.6544,0.5549,0.0868,0.2744,0.6293,0.0865,0.0861,0.0891,0.6577,0.647,0.532,0.0861,0.615,0.3567,0.5381,0.2028,0.7207,0.0867,0.0853,0.0877,0.0913,0.087,0.0869,0.089,0.0858,0.087,0.0869,0.0871,0.0858,0.0852
,21:24:16,45,0.0874,0.0875,0.0858,0.0872,0.0859,0.0855,0.0865,0.0867,0.0858,0.0931,0.0905,0.0852,0.0878,0.0904,0.0857,0.0866,0.0865,0.0867,0.1096,0.0894,0.0886,0.087,0.0924,0.086,0.0874,0.0855,0.0929,0.0861,0.0827,0.0968,0.091,0.0852,0.0878,0.0867,0.0879,0.086,0.0858,0.0966,0.0946,0.0865,0.0911,0.1031,0.0833,0.0867,0.0882,0.0844,0.083,0.0857,0.0847,0.3484,0.5973,0.371,0.5824,0.4846,0.4915,0.6002,0.6233,0.5794,0.708,0.0856,0.0856,0.6045,0.4231,0.5017,0.4903,0.6447,0.6528,0.5551,0.0864,0.2727,0.6276,0.0858,0.0864,0.0892,0.6549,0.6441,0.5305,0.0856,0.6145,0.3538,0.5361,0.2012,0.7195,0.0859,0.0851,0.087,0.0908,0.0862,0.0867,0.0876,0.0849,0.0864,0.0867,0.0863,0.0854,0.0849
,21:29:16,45,0.0861,0.0872,0.0852,0.0866,0.0857,0.0853,0.0862,0.0862,0.0853,0.0924,0.0902,0.085,0.0872,0.0908,0.0834,0.0865,0.0856,0.087,0.1091,0.089,0.0885,0.0861,0.0917,0.0853,0.0865,0.0851,0.0938,0.0859,0.0825,0.0922,0.0903,0.0845,0.0876,0.0862,0.0872,0.0857,0.0856,0.0863,0.0929,0.0864,0.0908,0.0885,0.0836,0.086,0.0875,0.0844,0.0831,0.085,0.0849,0.3473,0.5965,0.3704,0.5817,0.4835,0.4904,0.5981,0.6223,0.5784,0.7082,0.0854,0.0854,0.6048,0.4216,0.5004,0.49,0.6439,0.6515,0.5535,0.0858,0.2718,0.6271,0.086,0.0852,0.0891,0.6528,0.6427,0.5285,0.085,0.6131,0.3534,0.5364,0.2003,0.7186,0.0853,0.0847,0.0863,0.0909,0.0858,0.086,0.0871,0.085,0.0864,0.086,0.0861,0.0851,0.0842
,21:34:16,45,0.0868,0.0877,0.0856,0.0872,0.0861,0.0858,0.0865,0.0869,0.0855,0.0935,0.0907,0.0851,0.0877,0.0907,0.0837,0.0896,0.0869,0.0877,0.1063,0.0886,0.0886,0.0862,0.0925,0.0857,0.0868,0.0861,0.0942,0.086,0.083,0.0893,0.0893,0.0852,0.0883,0.087,0.0878,0.0862,0.0857,0.088,0.0956,0.0877,0.0908,0.1093,0.0849,0.0869,0.0881,0.0847,0.0834,0.0854,0.0848,0.3468,0.5955,0.3705,0.5821,0.4836,0.4896,0.597,0.6217,0.5788,0.7086,0.0855,0.0857,0.6081,0.4205,0.5,0.4899,0.6429,0.6514,0.554,0.0866,0.2712,0.6264,0.0864,0.0858,0.0896,0.6518,0.642,0.5287,0.0862,0.6135,0.3522,0.5354,0.199,0.718,0.0857,0.0849,0.087,0.0906,0.0866,0.0861,0.0882,0.0854,0.0866,0.0864,0.0865,0.0851,0.0847
,21:39:16,44.9,0.0871,0.0875,0.0856,0.0867,0.0858,0.0854,0.0865,0.0866,0.0855,0.0929,0.0906,0.0852,0.0874,0.0912,0.0832,0.0892,0.0839,0.0886,0.1072,0.0887,0.0881,0.0865,0.0924,0.0858,0.0869,0.086,0.0957,0.0859,0.0825,0.0901,0.0951,0.085,0.0881,0.0868,0.0866,0.0853,0.0857,0.0935,0.0959,0.0863,0.0901,0.096,0.0838,0.0866,0.0888,0.084,0.083,0.0855,0.085,0.3459,0.5953,0.3691,0.5825,0.483,0.4888,0.596,0.6225,0.5776,0.709,0.0855,0.0853,0.6098,0.4198,0.4988,0.49,0.6416,0.6499,0.5537,0.0858,0.2698,0.6251,0.0862,0.0861,0.0891,0.6495,0.6409,0.5272,0.0856,0.6129,0.3513,0.5346,0.1978,0.7168,0.0858,0.0851,0.087,0.0908,0.0859,0.086,0.0877,0.085,0.0864,0.0864,0.0862,0.0854,0.0847
,21:44:16,45,0.087,0.0874,0.0854,0.0869,0.086,0.0861,0.0861,0.0867,0.0856,0.0928,0.0907,0.0851,0.0875,0.0907,0.0836,0.09,0.0842,0.0909,0.1048,0.089,0.089,0.0865,0.0924,0.0862,0.0868,0.0853,0.096,0.0857,0.0824,0.0864,0.0907,0.0852,0.0877,0.0872,0.0876,0.0857,0.0859,0.0861,0.0961,0.0895,0.0909,0.0971,0.0831,0.0867,0.0895,0.0839,0.0832,0.0858,0.0848,0.3454,0.594,0.3676,0.5814,0.4827,0.488,0.5944,0.6212,0.5777,0.7095,0.0851,0.0853,0.6097,0.419,0.4983,0.4891,0.641,0.6491,0.5536,0.0859,0.2691,0.6259,0.0862,0.0861,0.0889,0.648,0.6393,0.5263,0.0853,0.6104,0.3501,0.5343,0.196,0.7153,0.086,0.0854,0.087,0.0906,0.0861,0.0868,0.0876,0.0848,0.0864,0.0862,0.0862,0.0856,0.0847
,21:49:16,45.1,0.0874,0.0878,0.086,0.0875,0.0864,0.0859,0.0867,0.0866,0.0856,0.0936,0.0907,0.0853,0.0879,0.0911,0.0833,0.0849,0.0856,0.0876,0.105,0.0891,0.0893,0.0867,0.0926,0.0861,0.087,0.0863,0.0933,0.0858,0.0834,0.0892,0.09,0.0856,0.0878,0.0867,0.0875,0.0862,0.0861,0.0881,0.0962,0.0899,0.0916,0.0838,0.0838,0.0866,0.092,0.0844,0.0832,0.0857,0.0851,0.3452,0.5939,0.368,0.5816,0.4827,0.4874,0.5939,0.6212,0.5765,0.71,0.0862,0.086,0.6124,0.419,0.4977,0.4926,0.6399,0.6478,0.5538,0.0863,0.2699,0.6251,0.0867,0.086,0.0891,0.6466,0.6384,0.526,0.0857,0.6114,0.3504,0.5335,0.1963,0.7154,0.0859,0.0851,0.0872,0.0908,0.0861,0.0859,0.0878,0.0855,0.0866,0.0865,0.0866,0.0862,0.0851
,21:54:16,45,0.0869,0.088,0.0859,0.0872,0.0862,0.0853,0.0866,0.0871,0.0861,0.0929,0.0904,0.0852,0.0878,0.0919,0.0837,0.0854,0.0846,0.0871,0.1075,0.0882,0.0899,0.0869,0.0927,0.0855,0.087,0.0859,0.0939,0.0868,0.0827,0.0881,0.0878,0.0852,0.0885,0.0868,0.0876,0.0862,0.0858,0.0863,0.0925,0.0891,0.0907,0.0838,0.084,0.087,0.0891,0.0837,0.0828,0.0858,0.0851,0.3443,0.5922,0.3671,0.5821,0.4818,0.4866,0.5927,0.6214,0.5763,0.7099,0.0853,0.0857,0.6132,0.4178,0.4969,0.4892,0.638,0.6461,0.5536,0.0863,0.2675,0.6231,0.0863,0.0861,0.0892,0.6447,0.6372,0.5243,0.0858,0.6102,0.3487,0.5325,0.1956,0.7148,0.0861,0.0848,0.0871,0.0908,0.0861,0.0863,0.0876,0.0854,0.0865,0.0869,0.0866,0.0856,0.0848
,21:59:16,45,0.087,0.0872,0.0856,0.0873,0.0858,0.0857,0.0864,0.0867,0.0857,0.0928,0.0905,0.085,0.0872,0.0905,0.0836,0.0838,0.0845,0.0878,0.1087,0.0884,0.0882,0.0866,0.0921,0.0856,0.0865,0.0857,0.092,0.0858,0.0831,0.0874,0.0896,0.0851,0.0879,0.0859,0.0872,0.0857,0.0856,0.0854,0.092,0.0864,0.091,0.0894,0.0833,0.0866,0.0879,0.0839,0.0828,0.0857,0.0851,0.3429,0.5918,0.3657,0.5823,0.4808,0.4855,0.5925,0.6203,0.576,0.7107,0.0855,0.085,0.6136,0.4169,0.4964,0.4926,0.6368,0.6456,0.5533,0.0863,0.2678,0.6233,0.0859,0.0858,0.0885,0.6432,0.6356,0.5234,0.0853,0.6094,0.3474,0.5325,0.1939,0.7132,0.0858,0.0852,0.0869,0.0903,0.0858,0.0864,0.0877,0.0852,0.0864,0.0868,0.0861,0.0856,0.0851
,22:04:16,45,0.0871,0.0879,0.0858,0.0869,0.0861,0.0859,0.0871,0.0869,0.0861,0.0929,0.091,0.0851,0.0878,0.0898,0.0841,0.089,0.0849,0.0875,0.1071,0.0887,0.0887,0.0866,0.0928,0.0857,0.0868,0.0862,0.0957,0.086,0.0833,0.094,0.0912,0.0853,0.088,0.0865,0.0876,0.086,0.0861,0.086,0.0917,0.0857,0.0909,0.1026,0.0828,0.0868,0.0881,0.0844,0.082,0.0858,0.0852,0.343,0.5908,0.3656,0.5831,0.4807,0.4854,0.5914,0.621,0.5754,0.7109,0.0857,0.086,0.6148,0.4169,0.4963,0.49,0.6362,0.6458,0.5534,0.0865,0.2676,0.6214,0.0865,0.0861,0.0893,0.6421,0.6358,0.5233,0.0858,0.6098,0.3461,0.5317,0.1936,0.7125,0.0859,0.0851,0.0873,0.0908,0.0863,0.0866,0.0878,0.0854,0.0868,0.0868,0.0866,0.0858,0.0851
,,,,,,,,,,,,,,,,,,,,,,,,,,,,,,,,,,,,,,,,,,,,,,,,,,,,,,,,,,,,,,,,,,,,,,,,,,,,,,,,,,,,,,,,,,,,,,,,,,
Results,,,,,,,,,,,,,,,,,,,,,,,,,,,,,,,,,,,,,,,,,,,,,,,,,,,,,,,,,,,,,,,,,,,,,,,,,,,,,,,,,,,,,,,,,,,,,,,,,,
,,,,,,,,,,,,,,,,,,,,,,,,,,,,,,,,,,,,,,,,,,,,,,,,,,,,,,,,,,,,,,,,,,,,,,,,,,,,,,,,,,,,,,,,,,,,,,,,,,
,,1,2,3,4,5,6,7,8,9,10,11,12,,,,,,,,,,,,,,,,,,,,,,,,,,,,,,,,,,,,,,,,,,,,,,,,,,,,,,,,,,,,,,,,,,,,,,,,,,,,,,,,,,,,,
,A,-0.096,-0.066,0.174,-0.078,-0.33,-0.074,-0.062,-0.066,-0.066,-0.068,-0.06,0.07,Max V [600],,,,,,,,,,,,,,,,,,,,,,,,,,,,,,,,,,,,,,,,,,,,,,,,,,,,,,,,,,,,,,,,,,,,,,,,,,,,,,,,,,,,
,,0.489,0.689,0.851,0.87,0.913,0.829,0.82,0.917,0.73,0.858,0.678,0.972,R-Squared [600],,,,,,,,,,,,,,,,,,,,,,,,,,,,,,,,,,,,,,,,,,,,,,,,,,,,,,,,,,,,,,,,,,,,,,,,,,,,,,,,,,,,
,,5:14:16,3:39:16,0:24:16,3:39:16,2:14:16,3:34:16,16:59:16,17:29:16,4:49:16,10:24:16,3:34:16,6:24:16,t at Max V [600],,,,,,,,,,,,,,,,,,,,,,,,,,,,,,,,,,,,,,,,,,,,,,,,,,,,,,,,,,,,,,,,,,,,,,,,,,,,,,,,,,,,
,,5:08:39,3:39:16,0:22:53,3:36:27,2:22:34,3:37:31,16:58:37,17:20:29,4:57:45,9:53:41,4:02:56,6:15:42,Lagtime [600],,,,,,,,,,,,,,,,,,,,,,,,,,,,,,,,,,,,,,,,,,,,,,,,,,,,,,,,,,,,,,,,,,,,,,,,,,,,,,,,,,,,
,B,-0.062,-0.844,0.354,-0.446,0.17,-0.242,-0.716,-0.324,0.224,-0.11,-0.492,-0.052,Max V [600],,,,,,,,,,,,,,,,,,,,,,,,,,,,,,,,,,,,,,,,,,,,,,,,,,,,,,,,,,,,,,,,,,,,,,,,,,,,,,,,,,,,
,,0.864,0.738,0.826,0.827,0.968,0.723,0.847,0.782,0.789,0.598,0.888,0.621,R-Squared [600],,,,,,,,,,,,,,,,,,,,,,,,,,,,,,,,,,,,,,,,,,,,,,,,,,,,,,,,,,,,,,,,,,,,,,,,,,,,,,,,,,,,
,,3:39:16,5:39:16,20:34:16,11:04:16,10:04:16,0:19:16,0:14:16,0:14:16,13:24:16,0:14:16,0:14:16,16:59:16,t at Max V [600],,,,,,,,,,,,,,,,,,,,,,,,,,,,,,,,,,,,,,,,,,,,,,,,,,,,,,,,,,,,,,,,,,,,,,,,,,,,,,,,,,,,
,,3:24:06,5:48:56,20:30:59,11:11:00,10:02:30,0:11:00,0:04:44,?????,13:31:14,?????,?????,17:05:25,Lagtime [600],,,,,,,,,,,,,,,,,,,,,,,,,,,,,,,,,,,,,,,,,,,,,,,,,,,,,,,,,,,,,,,,,,,,,,,,,,,,,,,,,,,,
,C,-0.05,0.428,-1.362,-0.198,-0.118,-0.602,0.38,0.492,-0.08,0.15,-0.082,-0.062,Max V [600],,,,,,,,,,,,,,,,,,,,,,,,,,,,,,,,,,,,,,,,,,,,,,,,,,,,,,,,,,,,,,,,,,,,,,,,,,,,,,,,,,,,
,,0.936,0.453,0.71,0.962,0.567,0.907,0.821,0.452,0.741,0.836,0.716,0.867,R-Squared [600],,,,,,,,,,,,,,,,,,,,,,,,,,,,,,,,,,,,,,,,,,,,,,,,,,,,,,,,,,,,,,,,,,,,,,,,,,,,,,,,,,,,
,,16:59:16,9:09:16,0:39:16,0:14:16,17:14:16,20:39:16,5:54:16,16:09:16,0:19:16,10:49:16,2:34:16,13:14:16,t at Max V [600],,,,,,,,,,,,,,,,,,,,,,,,,,,,,,,,,,,,,,,,,,,,,,,,,,,,,,,,,,,,,,,,,,,,,,,,,,,,,,,,,,,,
,,16:54:52,9:10:23,0:41:57,0:04:46,17:10:53,20:49:52,5:56:00,16:15:39,0:15:31,10:42:52,2:47:56,12:59:26,Lagtime [600],,,,,,,,,,,,,,,,,,,,,,,,,,,,,,,,,,,,,,,,,,,,,,,,,,,,,,,,,,,,,,,,,,,,,,,,,,,,,,,,,,,,
,D,-0.06,-1.578,-0.342,0.542,-0.138,1.52,0.146,-0.062,0.26,-0.09,-0.114,0.058,Max V [600],,,,,,,,,,,,,,,,,,,,,,,,,,,,,,,,,,,,,,,,,,,,,,,,,,,,,,,,,,,,,,,,,,,,,,,,,,,,,,,,,,,,
,,0.889,0.87,0.523,0.787,0.645,0.832,0.816,0.913,0.978,0.83,0.777,0.818,R-Squared [600],,,,,,,,,,,,,,,,,,,,,,,,,,,,,,,,,,,,,,,,,,,,,,,,,,,,,,,,,,,,,,,,,,,,,,,,,,,,,,,,,,,,
,,4:49:16,16:59:16,0:59:16,15:29:16,3:39:16,12:29:16,0:29:16,0:14:16,8:49:16,17:04:16,17:04:16,2:44:16,t at Max V [600],,,,,,,,,,,,,,,,,,,,,,,,,,,,,,,,,,,,,,,,,,,,,,,,,,,,,,,,,,,,,,,,,,,,,,,,,,,,,,,,,,,,
,,4:36:56,17:04:38,1:09:41,15:22:51,3:57:23,12:18:48,0:28:18,?????,8:40:16,16:58:43,17:12:10,2:59:26,Lagtime [600],,,,,,,,,,,,,,,,,,,,,,,,,,,,,,,,,,,,,,,,,,,,,,,,,,,,,,,,,,,,,,,,,,,,,,,,,,,,,,,,,,,,
,E,0.052,-3.728,2.912,1.582,2.64,2.442,2.004,2.866,3.162,2.126,3.716,-0.064,Max V [600],,,,,,,,,,,,,,,,,,,,,,,,,,,,,,,,,,,,,,,,,,,,,,,,,,,,,,,,,,,,,,,,,,,,,,,,,,,,,,,,,,,,
,,0.876,0.956,1,0.952,0.998,0.999,0.998,1,1,0.999,0.999,0.892,R-Squared [600],,,,,,,,,,,,,,,,,,,,,,,,,,,,,,,,,,,,,,,,,,,,,,,,,,,,,,,,,,,,,,,,,,,,,,,,,,,,,,,,,,,,
,,2:44:16,0:19:16,2:59:16,0:14:16,5:59:16,4:14:16,8:04:16,4:44:16,3:49:16,8:44:16,3:54:16,0:14:16,t at Max V [600],,,,,,,,,,,,,,,,,,,,,,,,,,,,,,,,,,,,,,,,,,,,,,,,,,,,,,,,,,,,,,,,,,,,,,,,,,,,,,,,,,,,
,,2:48:53,0:15:29,1:29:00,?????,3:39:43,1:51:12,5:25:09,2:52:26,2:13:30,6:15:24,2:22:25,0:04:35,Lagtime [600],,,,,,,,,,,,,,,,,,,,,,,,,,,,,,,,,,,,,,,,,,,,,,,,,,,,,,,,,,,,,,,,,,,,,,,,,,,,,,,,,,,,
,F,0.076,2.928,2.748,2.594,1.62,3.022,2.88,3.082,0.068,1.842,3.062,-0.062,Max V [600],,,,,,,,,,,,,,,,,,,,,,,,,,,,,,,,,,,,,,,,,,,,,,,,,,,,,,,,,,,,,,,,,,,,,,,,,,,,,,,,,,,,
,,0.938,1,0.996,0.999,0.997,0.997,0.999,1,0.938,0.999,0.995,0.796,R-Squared [600],,,,,,,,,,,,,,,,,,,,,,,,,,,,,,,,,,,,,,,,,,,,,,,,,,,,,,,,,,,,,,,,,,,,,,,,,,,,,,,,,,,,
,,4:29:16,4:04:16,2:39:16,2:44:16,7:44:16,4:34:16,4:54:16,4:49:16,9:39:16,5:14:16,5:19:16,3:39:16,t at Max V [600],,,,,,,,,,,,,,,,,,,,,,,,,,,,,,,,,,,,,,,,,,,,,,,,,,,,,,,,,,,,,,,,,,,,,,,,,,,,,,,,,,,,
,,4:37:10,2:35:22,1:49:12,1:59:24,4:50:58,2:54:10,2:51:06,3:11:22,9:50:09,3:11:43,3:39:30,3:31:31,Lagtime [600],,,,,,,,,,,,,,,,,,,,,,,,,,,,,,,,,,,,,,,,,,,,,,,,,,,,,,,,,,,,,,,,,,,,,,,,,,,,,,,,,,,,
,G,-0.054,0.308,3.538,3.06,2.022,-0.062,2.454,2.584,2.152,0.738,3.712,-0.064,Max V [600],,,,,,,,,,,,,,,,,,,,,,,,,,,,,,,,,,,,,,,,,,,,,,,,,,,,,,,,,,,,,,,,,,,,,,,,,,,,,,,,,,,,
,,0.547,0.583,1,1,0.999,0.823,0.997,0.999,0.993,0.986,1,0.715,R-Squared [600],,,,,,,,,,,,,,,,,,,,,,,,,,,,,,,,,,,,,,,,,,,,,,,,,,,,,,,,,,,,,,,,,,,,,,,,,,,,,,,,,,,,
,,21:24:16,1:24:16,3:29:16,3:49:16,4:19:16,3:44:16,7:54:16,3:59:16,7:59:16,15:49:16,3:29:16,21:24:16,t at Max V [600],,,,,,,,,,,,,,,,,,,,,,,,,,,,,,,,,,,,,,,,,,,,,,,,,,,,,,,,,,,,,,,,,,,,,,,,,,,,,,,,,,,,
,,21:08:20,1:17:04,2:19:56,2:15:21,2:13:27,3:42:59,5:27:45,2:22:58,5:24:42,14:23:10,2:11:09,21:26:27,Lagtime [600],,,,,,,,,,,,,,,,,,,,,,,,,,,,,,,,,,,,,,,,,,,,,,,,,,,,,,,,,,,,,,,,,,,,,,,,,,,,,,,,,,,,
,H,0.068,-0.068,-0.054,-0.076,-0.058,-0.056,-0.064,-0.062,0.06,0.064,-0.062,-0.12,Max V [600],,,,,,,,,,,,,,,,,,,,,,,,,,,,,,,,,,,,,,,,,,,,,,,,,,,,,,,,,,,,,,,,,,,,,,,,,,,,,,,,,,,,
,,0.895,0.909,0.799,0.483,0.507,0.834,0.889,0.739,0.486,0.905,0.913,0.583,R-Squared [600],,,,,,,,,,,,,,,,,,,,,,,,,,,,,,,,,,,,,,,,,,,,,,,,,,,,,,,,,,,,,,,,,,,,,,,,,,,,,,,,,,,,
,,15:39:16,13:14:16,3:44:16,4:19:16,3:34:16,14:19:16,3:24:16,8:39:16,10:04:16,11:14:16,21:24:16,1:49:16,t at Max V [600],,,,,,,,,,,,,,,,,,,,,,,,,,,,,,,,,,,,,,,,,,,,,,,,,,,,,,,,,,,,,,,,,,,,,,,,,,,,,,,,,,,,
,,15:56:20,13:07:30,3:37:36,4:14:32,3:27:22,14:31:46,3:21:46,8:44:06,9:59:56,11:11:46,21:23:18,1:59:46,Lagtime [600],,,,,,,,,,,,,,,,,,,,,,,,,,,,,,,,,,,,,,,,,,,,,,,,,,,,,,,,,,,,,,,,,,,,,,,,,,,,,,,,,,,,
