Software Version,3.11.19,,,,,,,,,,,,,,,,,,,,,,,,,,,,,,,,,,,,,,,,,,,,,,,,,,,,,,,,,,,,,,,,,,,,,,,,,,,,,,,,,,,,,,,,,,,,,,,,,
,,,,,,,,,,,,,,,,,,,,,,,,,,,,,,,,,,,,,,,,,,,,,,,,,,,,,,,,,,,,,,,,,,,,,,,,,,,,,,,,,,,,,,,,,,,,,,,,,,
Experiment File Path:,C:\Users\Public\Documents\Experiments\Experiment1.xpt,,,,,,,,,,,,,,,,,,,,,,,,,,,,,,,,,,,,,,,,,,,,,,,,,,,,,,,,,,,,,,,,,,,,,,,,,,,,,,,,,,,,,,,,,,,,,,,,,
Protocol File Path:,C:\Users\aljelab\Documents\Plate Reader Data\Edward Liu\PROT\RIFRxT 36c.prt,,,,,,,,,,,,,,,,,,,,,,,,,,,,,,,,,,,,,,,,,,,,,,,,,,,,,,,,,,,,,,,,,,,,,,,,,,,,,,,,,,,,,,,,,,,,,,,,,
Plate Number,Plate 2,,,,,,,,,,,,,,,,,,,,,,,,,,,,,,,,,,,,,,,,,,,,,,,,,,,,,,,,,,,,,,,,,,,,,,,,,,,,,,,,,,,,,,,,,,,,,,,,,
Date,13/05/2026,,,,,,,,,,,,,,,,,,,,,,,,,,,,,,,,,,,,,,,,,,,,,,,,,,,,,,,,,,,,,,,,,,,,,,,,,,,,,,,,,,,,,,,,,,,,,,,,,
Time,9:44:28 AM,,,,,,,,,,,,,,,,,,,,,,,,,,,,,,,,,,,,,,,,,,,,,,,,,,,,,,,,,,,,,,,,,,,,,,,,,,,,,,,,,,,,,,,,,,,,,,,,,
Reader Type:,Epoch 2,,,,,,,,,,,,,,,,,,,,,,,,,,,,,,,,,,,,,,,,,,,,,,,,,,,,,,,,,,,,,,,,,,,,,,,,,,,,,,,,,,,,,,,,,,,,,,,,,
Reader Serial Number:,1411241A,,,,,,,,,,,,,,,,,,,,,,,,,,,,,,,,,,,,,,,,,,,,,,,,,,,,,,,,,,,,,,,,,,,,,,,,,,,,,,,,,,,,,,,,,,,,,,,,,
Reading Type,Reader,,,,,,,,,,,,,,,,,,,,,,,,,,,,,,,,,,,,,,,,,,,,,,,,,,,,,,,,,,,,,,,,,,,,,,,,,,,,,,,,,,,,,,,,,,,,,,,,,
,,,,,,,,,,,,,,,,,,,,,,,,,,,,,,,,,,,,,,,,,,,,,,,,,,,,,,,,,,,,,,,,,,,,,,,,,,,,,,,,,,,,,,,,,,,,,,,,,,
Procedure Details,,,,,,,,,,,,,,,,,,,,,,,,,,,,,,,,,,,,,,,,,,,,,,,,,,,,,,,,,,,,,,,,,,,,,,,,,,,,,,,,,,,,,,,,,,,,,,,,,,
Plate Type,96 WELL PLATE (Use plate lid),,,,,,,,,,,,,,,,,,,,,,,,,,,,,,,,,,,,,,,,,,,,,,,,,,,,,,,,,,,,,,,,,,,,,,,,,,,,,,,,,,,,,,,,,,,,,,,,,
Eject plate on completion,,,,,,,,,,,,,,,,,,,,,,,,,,,,,,,,,,,,,,,,,,,,,,,,,,,,,,,,,,,,,,,,,,,,,,,,,,,,,,,,,,,,,,,,,,,,,,,,,,
Set Temperature,"Setpoint 36°C, Gradient 0 °C",,,,,,,,,,,,,,,,,,,,,,,,,,,,,,,,,,,,,,,,,,,,,,,,,,,,,,,,,,,,,,,,,,,,,,,,,,,,,,,,,,,,,,,,,,,,,,,,,
,Preheat before moving to next step,,,,,,,,,,,,,,,,,,,,,,,,,,,,,,,,,,,,,,,,,,,,,,,,,,,,,,,,,,,,,,,,,,,,,,,,,,,,,,,,,,,,,,,,,,,,,,,,,
Start Kinetic,"Runtime 22:00:00 (HH:MM:SS), Interval 0:05:00, 265 Reads",,,,,,,,,,,,,,,,,,,,,,,,,,,,,,,,,,,,,,,,,,,,,,,,,,,,,,,,,,,,,,,,,,,,,,,,,,,,,,,,,,,,,,,,,,,,,,,,,
    Shake,Linear: Continuous,,,,,,,,,,,,,,,,,,,,,,,,,,,,,,,,,,,,,,,,,,,,,,,,,,,,,,,,,,,,,,,,,,,,,,,,,,,,,,,,,,,,,,,,,,,,,,,,,
,Frequency: 567 cpm (3 mm),,,,,,,,,,,,,,,,,,,,,,,,,,,,,,,,,,,,,,,,,,,,,,,,,,,,,,,,,,,,,,,,,,,,,,,,,,,,,,,,,,,,,,,,,,,,,,,,,
    Read,Absorbance Endpoint,,,,,,,,,,,,,,,,,,,,,,,,,,,,,,,,,,,,,,,,,,,,,,,,,,,,,,,,,,,,,,,,,,,,,,,,,,,,,,,,,,,,,,,,,,,,,,,,,
,Full Plate,,,,,,,,,,,,,,,,,,,,,,,,,,,,,,,,,,,,,,,,,,,,,,,,,,,,,,,,,,,,,,,,,,,,,,,,,,,,,,,,,,,,,,,,,,,,,,,,,
,Wavelengths:  600,,,,,,,,,,,,,,,,,,,,,,,,,,,,,,,,,,,,,,,,,,,,,,,,,,,,,,,,,,,,,,,,,,,,,,,,,,,,,,,,,,,,,,,,,,,,,,,,,
,"Read Speed: Normal,  Delay: 100 msec,  Measurements/Data Point: 8",,,,,,,,,,,,,,,,,,,,,,,,,,,,,,,,,,,,,,,,,,,,,,,,,,,,,,,,,,,,,,,,,,,,,,,,,,,,,,,,,,,,,,,,,,,,,,,,,
End Kinetic,,,,,,,,,,,,,,,,,,,,,,,,,,,,,,,,,,,,,,,,,,,,,,,,,,,,,,,,,,,,,,,,,,,,,,,,,,,,,,,,,,,,,,,,,,,,,,,,,,
,,,,,,,,,,,,,,,,,,,,,,,,,,,,,,,,,,,,,,,,,,,,,,,,,,,,,,,,,,,,,,,,,,,,,,,,,,,,,,,,,,,,,,,,,,,,,,,,,,
600,,,,,,,,,,,,,,,,,,,,,,,,,,,,,,,,,,,,,,,,,,,,,,,,,,,,,,,,,,,,,,,,,,,,,,,,,,,,,,,,,,,,,,,,,,,,,,,,,,
,,,,,,,,,,,,,,,,,,,,,,,,,,,,,,,,,,,,,,,,,,,,,,,,,,,,,,,,,,,,,,,,,,,,,,,,,,,,,,,,,,,,,,,,,,,,,,,,,,
,Time,T° 600,A1,A2,A3,A4,A5,A6,A7,A8,A9,A10,A11,A12,B1,B2,B3,B4,B5,B6,B7,B8,B9,B10,B11,B12,C1,C2,C3,C4,C5,C6,C7,C8,C9,C10,C11,C12,D1,D2,D3,D4,D5,D6,D7,D8,D9,D10,D11,D12,E1,E2,E3,E4,E5,E6,E7,E8,E9,E10,E11,E12,F1,F2,F3,F4,F5,F6,F7,F8,F9,F10,F11,F12,G1,G2,G3,G4,G5,G6,G7,G8,G9,G10,G11,G12,H1,H2,H3,H4,H5,H6,H7,H8,H9,H10,H11,H12
,0:04:16,36,0.089,0.088,0.087,0.087,0.089,0.087,0.088,0.089,0.087,0.088,0.088,0.089,0.088,0.096,0.099,0.109,0.099,0.097,0.123,0.105,0.09,0.099,0.093,0.089,0.089,0.092,0.095,0.107,0.088,0.094,0.114,0.093,0.099,0.088,0.099,0.089,0.088,0.093,0.127,0.105,0.082,0.113,0.098,0.11,0.091,0.093,0.092,0.087,0.088,0.125,0.124,0.593,0.12,0.119,0.143,0.378,0.114,0.118,0.114,0.089,0.088,0.112,0.112,0.115,0.118,0.11,0.109,0.2,0.105,0.116,0.107,0.089,0.089,0.129,0.128,0.113,0.09,0.111,0.114,0.118,0.114,0.115,0.112,0.09,0.087,0.087,0.088,0.087,0.09,0.088,0.087,0.088,0.086,0.088,0.087,0.087
,0:09:16,36,0.089,0.088,0.087,0.087,0.089,0.087,0.088,0.089,0.087,0.087,0.088,0.089,0.088,0.099,0.099,0.112,0.097,0.098,0.109,0.103,0.09,0.101,0.097,0.088,0.088,0.093,0.095,0.108,0.089,0.095,0.112,0.095,0.098,0.088,0.098,0.089,0.088,0.095,0.112,0.105,0.082,0.103,0.1,0.108,0.095,0.094,0.093,0.087,0.088,0.123,0.123,0.571,0.12,0.117,0.142,0.346,0.112,0.117,0.113,0.089,0.088,0.112,0.107,0.109,0.114,0.111,0.107,0.126,0.104,0.115,0.107,0.089,0.088,0.117,0.122,0.113,0.09,0.111,0.112,0.112,0.111,0.112,0.111,0.09,0.087,0.087,0.087,0.087,0.089,0.087,0.087,0.088,0.086,0.089,0.087,0.087
,0:14:16,36,0.089,0.088,0.087,0.087,0.089,0.087,0.088,0.089,0.087,0.088,0.088,0.089,0.088,0.098,0.099,0.105,0.097,0.096,0.106,0.102,0.09,0.1,0.096,0.088,0.088,0.093,0.096,0.099,0.089,0.095,0.114,0.097,0.098,0.088,0.098,0.089,0.088,0.096,0.103,0.104,0.082,0.102,0.1,0.109,0.096,0.097,0.093,0.087,0.088,0.122,0.122,0.555,0.12,0.117,0.142,0.326,0.112,0.117,0.113,0.089,0.088,0.113,0.107,0.109,0.114,0.111,0.106,0.124,0.104,0.115,0.107,0.089,0.088,0.116,0.126,0.112,0.09,0.109,0.112,0.111,0.111,0.112,0.109,0.09,0.087,0.087,0.088,0.087,0.089,0.087,0.087,0.089,0.086,0.088,0.088,0.087
,0:19:16,36,0.089,0.088,0.087,0.087,0.089,0.087,0.088,0.089,0.087,0.087,0.088,0.089,0.088,0.097,0.099,0.102,0.1,0.095,0.106,0.101,0.09,0.099,0.093,0.088,0.088,0.094,0.095,0.094,0.088,0.094,0.113,0.098,0.098,0.088,0.098,0.089,0.088,0.097,0.104,0.105,0.082,0.102,0.099,0.109,0.1,0.097,0.093,0.087,0.088,0.122,0.119,0.544,0.12,0.117,0.146,0.304,0.111,0.118,0.112,0.089,0.088,0.115,0.107,0.111,0.112,0.112,0.105,0.123,0.104,0.114,0.106,0.089,0.088,0.115,0.131,0.113,0.089,0.108,0.111,0.112,0.11,0.111,0.109,0.09,0.087,0.087,0.088,0.087,0.089,0.087,0.087,0.089,0.086,0.087,0.087,0.087
,0:24:16,36,0.089,0.088,0.087,0.087,0.089,0.087,0.088,0.089,0.087,0.087,0.088,0.089,0.088,0.097,0.098,0.1,0.099,0.094,0.106,0.102,0.09,0.099,0.092,0.088,0.088,0.093,0.095,0.093,0.088,0.095,0.114,0.1,0.098,0.088,0.098,0.089,0.088,0.097,0.103,0.105,0.082,0.102,0.099,0.11,0.1,0.096,0.092,0.087,0.088,0.122,0.119,0.531,0.122,0.117,0.147,0.293,0.112,0.12,0.112,0.089,0.088,0.117,0.108,0.112,0.112,0.113,0.105,0.125,0.105,0.115,0.106,0.089,0.088,0.115,0.133,0.116,0.089,0.109,0.112,0.112,0.11,0.111,0.109,0.09,0.087,0.087,0.088,0.087,0.089,0.088,0.087,0.088,0.086,0.088,0.088,0.087
,0:29:16,36.1,0.089,0.088,0.087,0.087,0.089,0.087,0.088,0.089,0.087,0.087,0.088,0.089,0.088,0.097,0.098,0.099,0.1,0.094,0.105,0.102,0.091,0.099,0.093,0.088,0.089,0.094,0.095,0.093,0.088,0.095,0.114,0.1,0.099,0.088,0.098,0.089,0.088,0.098,0.104,0.105,0.082,0.103,0.099,0.111,0.095,0.095,0.091,0.087,0.088,0.122,0.12,0.527,0.123,0.118,0.148,0.282,0.112,0.122,0.111,0.088,0.088,0.119,0.109,0.114,0.112,0.115,0.106,0.124,0.106,0.115,0.106,0.089,0.088,0.116,0.137,0.114,0.09,0.11,0.114,0.112,0.11,0.112,0.109,0.09,0.087,0.087,0.088,0.087,0.09,0.088,0.087,0.088,0.086,0.088,0.088,0.087
,0:34:16,36,0.089,0.088,0.086,0.087,0.089,0.087,0.087,0.089,0.087,0.087,0.088,0.089,0.088,0.097,0.098,0.098,0.099,0.094,0.106,0.102,0.091,0.099,0.092,0.088,0.088,0.094,0.095,0.094,0.088,0.095,0.113,0.101,0.099,0.088,0.099,0.089,0.088,0.098,0.104,0.104,0.081,0.103,0.098,0.111,0.089,0.095,0.092,0.087,0.088,0.123,0.121,0.527,0.126,0.118,0.149,0.275,0.112,0.125,0.111,0.089,0.088,0.122,0.111,0.116,0.113,0.117,0.111,0.125,0.106,0.115,0.106,0.089,0.088,0.117,0.142,0.113,0.089,0.11,0.115,0.113,0.11,0.112,0.109,0.09,0.087,0.087,0.088,0.087,0.089,0.087,0.087,0.088,0.086,0.087,0.088,0.087
,0:39:16,36,0.089,0.088,0.087,0.087,0.089,0.087,0.088,0.089,0.087,0.087,0.088,0.089,0.088,0.098,0.099,0.099,0.101,0.094,0.106,0.102,0.09,0.099,0.092,0.088,0.088,0.094,0.095,0.095,0.088,0.095,0.113,0.101,0.099,0.088,0.099,0.089,0.088,0.099,0.102,0.105,0.082,0.104,0.099,0.112,0.092,0.097,0.093,0.087,0.088,0.124,0.123,0.525,0.129,0.12,0.152,0.269,0.113,0.129,0.111,0.089,0.088,0.127,0.113,0.118,0.116,0.12,0.109,0.127,0.108,0.116,0.107,0.089,0.088,0.119,0.148,0.114,0.089,0.112,0.118,0.116,0.111,0.112,0.11,0.09,0.087,0.087,0.088,0.087,0.089,0.088,0.087,0.088,0.086,0.088,0.088,0.087
,0:44:16,36.1,0.089,0.088,0.086,0.087,0.089,0.087,0.088,0.089,0.087,0.087,0.088,0.089,0.088,0.098,0.1,0.099,0.101,0.095,0.106,0.103,0.09,0.1,0.092,0.088,0.088,0.094,0.095,0.098,0.088,0.096,0.114,0.101,0.099,0.088,0.1,0.089,0.088,0.099,0.105,0.106,0.082,0.104,0.099,0.112,0.092,0.095,0.093,0.087,0.088,0.125,0.125,0.531,0.132,0.122,0.155,0.272,0.114,0.133,0.112,0.088,0.088,0.131,0.115,0.121,0.116,0.123,0.113,0.129,0.11,0.116,0.107,0.089,0.088,0.12,0.157,0.115,0.089,0.114,0.121,0.118,0.112,0.113,0.111,0.09,0.087,0.087,0.088,0.087,0.089,0.088,0.087,0.088,0.086,0.088,0.088,0.087
,0:49:16,36.1,0.089,0.088,0.087,0.087,0.089,0.087,0.088,0.089,0.087,0.088,0.088,0.089,0.088,0.097,0.101,0.099,0.101,0.095,0.107,0.103,0.09,0.1,0.092,0.088,0.088,0.095,0.096,0.098,0.088,0.096,0.114,0.102,0.1,0.089,0.101,0.089,0.088,0.1,0.108,0.107,0.082,0.105,0.099,0.113,0.095,0.099,0.092,0.087,0.088,0.126,0.128,0.534,0.136,0.124,0.158,0.272,0.116,0.139,0.112,0.089,0.088,0.137,0.118,0.124,0.119,0.127,0.111,0.132,0.113,0.117,0.108,0.089,0.088,0.123,0.166,0.116,0.089,0.119,0.125,0.12,0.112,0.115,0.116,0.09,0.087,0.087,0.088,0.087,0.089,0.088,0.087,0.089,0.086,0.088,0.088,0.087
,0:54:16,36,0.089,0.088,0.087,0.087,0.089,0.087,0.088,0.089,0.087,0.087,0.088,0.089,0.088,0.098,0.102,0.1,0.1,0.095,0.107,0.103,0.09,0.101,0.093,0.088,0.088,0.094,0.095,0.101,0.088,0.096,0.114,0.102,0.1,0.089,0.101,0.089,0.088,0.1,0.106,0.107,0.081,0.104,0.099,0.113,0.093,0.096,0.092,0.087,0.087,0.128,0.132,0.162,0.14,0.127,0.163,0.278,0.117,0.146,0.113,0.089,0.088,0.144,0.121,0.127,0.12,0.131,0.117,0.14,0.114,0.118,0.108,0.089,0.088,0.126,0.178,0.117,0.089,0.119,0.128,0.124,0.112,0.116,0.113,0.09,0.087,0.087,0.088,0.087,0.089,0.088,0.087,0.088,0.086,0.088,0.088,0.087
,0:59:16,36.1,0.089,0.088,0.087,0.087,0.089,0.087,0.087,0.089,0.087,0.087,0.088,0.089,0.088,0.099,0.101,0.1,0.1,0.095,0.107,0.103,0.09,0.101,0.093,0.088,0.088,0.095,0.096,0.102,0.088,0.096,0.114,0.102,0.1,0.089,0.102,0.089,0.088,0.1,0.108,0.107,0.081,0.105,0.099,0.113,0.095,0.097,0.092,0.087,0.088,0.13,0.136,0.172,0.145,0.13,0.169,0.283,0.12,0.152,0.114,0.089,0.088,0.152,0.125,0.132,0.123,0.136,0.117,0.139,0.116,0.119,0.109,0.089,0.088,0.129,0.19,0.118,0.089,0.124,0.133,0.128,0.115,0.118,0.116,0.089,0.087,0.087,0.088,0.087,0.089,0.088,0.087,0.088,0.086,0.088,0.088,0.087
,1:04:16,36,0.089,0.088,0.087,0.087,0.089,0.087,0.088,0.089,0.087,0.087,0.088,0.09,0.088,0.098,0.102,0.101,0.102,0.095,0.108,0.104,0.09,0.101,0.093,0.088,0.088,0.096,0.096,0.102,0.089,0.096,0.114,0.103,0.1,0.089,0.104,0.089,0.088,0.1,0.108,0.108,0.082,0.105,0.101,0.113,0.095,0.1,0.092,0.087,0.088,0.133,0.142,0.182,0.151,0.133,0.176,0.29,0.123,0.161,0.115,0.089,0.088,0.161,0.129,0.137,0.124,0.143,0.124,0.144,0.119,0.121,0.11,0.089,0.088,0.133,0.206,0.121,0.089,0.127,0.138,0.133,0.115,0.12,0.118,0.09,0.087,0.087,0.088,0.087,0.089,0.088,0.087,0.088,0.086,0.088,0.088,0.087
,1:09:16,36,0.089,0.088,0.087,0.087,0.089,0.087,0.088,0.089,0.087,0.088,0.088,0.089,0.088,0.098,0.1,0.101,0.103,0.095,0.107,0.104,0.09,0.102,0.093,0.088,0.088,0.095,0.096,0.102,0.089,0.096,0.116,0.103,0.1,0.089,0.103,0.089,0.088,0.1,0.109,0.108,0.081,0.105,0.1,0.113,0.094,0.097,0.091,0.087,0.088,0.137,0.148,0.194,0.157,0.136,0.185,0.3,0.126,0.172,0.117,0.089,0.088,0.172,0.134,0.143,0.129,0.149,0.124,0.15,0.121,0.123,0.111,0.089,0.088,0.138,0.221,0.121,0.089,0.133,0.144,0.138,0.116,0.124,0.118,0.09,0.087,0.087,0.088,0.087,0.089,0.088,0.087,0.088,0.086,0.088,0.088,0.087
,1:14:16,36.1,0.089,0.088,0.087,0.087,0.089,0.087,0.088,0.089,0.087,0.087,0.088,0.089,0.088,0.1,0.101,0.101,0.101,0.096,0.108,0.104,0.09,0.102,0.093,0.088,0.088,0.097,0.097,0.1,0.089,0.097,0.115,0.104,0.1,0.089,0.104,0.089,0.088,0.101,0.109,0.109,0.081,0.107,0.101,0.114,0.099,0.1,0.09,0.087,0.088,0.14,0.159,0.208,0.165,0.14,0.195,0.307,0.13,0.184,0.117,0.089,0.088,0.185,0.14,0.15,0.132,0.158,0.129,0.164,0.125,0.124,0.112,0.089,0.088,0.144,0.234,0.124,0.089,0.138,0.151,0.145,0.117,0.127,0.12,0.09,0.087,0.087,0.088,0.087,0.089,0.088,0.087,0.088,0.086,0.088,0.088,0.087
,1:19:16,36,0.089,0.088,0.087,0.087,0.089,0.087,0.088,0.089,0.087,0.088,0.088,0.089,0.088,0.099,0.101,0.102,0.102,0.095,0.108,0.104,0.09,0.102,0.093,0.088,0.088,0.096,0.097,0.102,0.089,0.097,0.115,0.105,0.101,0.089,0.104,0.089,0.088,0.101,0.109,0.108,0.081,0.106,0.101,0.113,0.097,0.098,0.091,0.087,0.088,0.145,0.164,0.225,0.174,0.143,0.209,0.322,0.135,0.197,0.119,0.088,0.088,0.203,0.147,0.158,0.138,0.168,0.137,0.167,0.13,0.127,0.113,0.089,0.088,0.151,0.245,0.129,0.089,0.144,0.159,0.152,0.12,0.13,0.123,0.09,0.087,0.087,0.088,0.087,0.089,0.088,0.087,0.089,0.086,0.088,0.088,0.087
,1:24:16,36,0.089,0.088,0.087,0.087,0.089,0.087,0.088,0.089,0.087,0.087,0.088,0.089,0.088,0.1,0.1,0.102,0.102,0.096,0.109,0.104,0.09,0.104,0.093,0.088,0.088,0.096,0.097,0.103,0.089,0.097,0.115,0.105,0.101,0.09,0.104,0.089,0.088,0.101,0.111,0.108,0.082,0.107,0.101,0.114,0.097,0.099,0.091,0.087,0.088,0.15,0.176,0.246,0.186,0.147,0.225,0.343,0.141,0.214,0.122,0.089,0.088,0.212,0.155,0.167,0.144,0.18,0.14,0.179,0.135,0.13,0.115,0.089,0.088,0.158,0.263,0.128,0.089,0.156,0.169,0.162,0.122,0.135,0.127,0.09,0.087,0.087,0.088,0.087,0.089,0.088,0.087,0.088,0.086,0.088,0.088,0.087
,1:29:16,36,0.089,0.088,0.087,0.087,0.089,0.087,0.088,0.089,0.087,0.088,0.088,0.089,0.088,0.1,0.102,0.102,0.103,0.096,0.109,0.105,0.09,0.103,0.093,0.088,0.088,0.097,0.098,0.103,0.089,0.098,0.116,0.106,0.101,0.09,0.105,0.089,0.088,0.101,0.109,0.109,0.081,0.11,0.102,0.114,0.099,0.098,0.09,0.087,0.088,0.156,0.188,0.262,0.198,0.152,0.245,0.363,0.147,0.225,0.124,0.089,0.088,0.225,0.164,0.177,0.15,0.193,0.149,0.19,0.142,0.133,0.117,0.089,0.088,0.167,0.29,0.13,0.089,0.164,0.18,0.172,0.125,0.141,0.13,0.09,0.087,0.087,0.088,0.087,0.089,0.088,0.087,0.088,0.086,0.088,0.088,0.087
,1:34:16,36,0.089,0.088,0.087,0.087,0.089,0.087,0.088,0.089,0.087,0.088,0.088,0.089,0.088,0.1,0.102,0.103,0.104,0.096,0.111,0.105,0.091,0.103,0.093,0.088,0.088,0.097,0.098,0.102,0.09,0.098,0.117,0.107,0.102,0.09,0.105,0.089,0.088,0.101,0.11,0.108,0.081,0.109,0.103,0.115,0.1,0.101,0.091,0.087,0.088,0.163,0.202,0.273,0.214,0.158,0.258,0.386,0.155,0.235,0.127,0.089,0.088,0.246,0.175,0.191,0.159,0.209,0.158,0.205,0.149,0.137,0.119,0.089,0.088,0.178,0.306,0.134,0.089,0.177,0.193,0.184,0.128,0.147,0.135,0.089,0.087,0.087,0.088,0.087,0.089,0.088,0.087,0.088,0.086,0.088,0.088,0.087
,1:39:16,36,0.089,0.088,0.087,0.087,0.089,0.087,0.088,0.089,0.087,0.088,0.088,0.09,0.088,0.101,0.102,0.103,0.104,0.096,0.111,0.106,0.091,0.104,0.093,0.088,0.088,0.098,0.099,0.104,0.09,0.099,0.118,0.108,0.102,0.09,0.105,0.089,0.088,0.102,0.111,0.112,0.081,0.111,0.102,0.115,0.098,0.1,0.091,0.087,0.088,0.172,0.221,0.295,0.22,0.164,0.27,0.41,0.165,0.252,0.13,0.089,0.088,0.269,0.187,0.2,0.168,0.219,0.169,0.23,0.159,0.143,0.122,0.089,0.088,0.189,0.316,0.139,0.089,0.194,0.208,0.198,0.132,0.155,0.139,0.09,0.087,0.087,0.088,0.087,0.089,0.088,0.087,0.089,0.086,0.088,0.088,0.087
,1:44:16,36,0.089,0.088,0.087,0.087,0.089,0.087,0.088,0.089,0.087,0.088,0.088,0.09,0.088,0.102,0.102,0.104,0.106,0.096,0.112,0.106,0.091,0.106,0.093,0.088,0.088,0.098,0.099,0.104,0.089,0.099,0.118,0.108,0.102,0.09,0.105,0.089,0.088,0.102,0.11,0.109,0.082,0.112,0.103,0.115,0.099,0.101,0.091,0.087,0.088,0.181,0.233,0.323,0.232,0.171,0.287,0.44,0.176,0.272,0.133,0.089,0.088,0.297,0.2,0.207,0.179,0.231,0.181,0.236,0.169,0.149,0.125,0.089,0.088,0.203,0.329,0.141,0.089,0.209,0.219,0.216,0.137,0.163,0.145,0.09,0.087,0.087,0.088,0.087,0.089,0.088,0.087,0.089,0.086,0.087,0.088,0.087
,1:49:16,36,0.089,0.088,0.087,0.087,0.089,0.087,0.088,0.089,0.087,0.087,0.088,0.089,0.088,0.103,0.102,0.105,0.107,0.097,0.113,0.106,0.091,0.106,0.094,0.088,0.088,0.098,0.099,0.105,0.089,0.1,0.117,0.108,0.103,0.09,0.106,0.089,0.088,0.102,0.11,0.109,0.081,0.111,0.103,0.116,0.1,0.102,0.091,0.087,0.088,0.191,0.246,0.356,0.249,0.178,0.315,0.467,0.19,0.299,0.137,0.089,0.088,0.31,0.207,0.221,0.193,0.251,0.197,0.249,0.182,0.156,0.129,0.089,0.088,0.22,0.342,0.145,0.089,0.216,0.228,0.223,0.141,0.174,0.152,0.089,0.087,0.087,0.088,0.087,0.089,0.088,0.087,0.089,0.086,0.088,0.088,0.087
,1:54:16,36.1,0.089,0.088,0.087,0.087,0.089,0.087,0.088,0.089,0.087,0.088,0.088,0.09,0.088,0.102,0.102,0.106,0.107,0.097,0.113,0.107,0.091,0.106,0.093,0.088,0.088,0.099,0.1,0.104,0.093,0.1,0.118,0.109,0.103,0.09,0.106,0.089,0.088,0.102,0.113,0.109,0.081,0.114,0.104,0.117,0.101,0.101,0.091,0.087,0.087,0.202,0.262,0.374,0.276,0.188,0.335,0.493,0.204,0.331,0.142,0.089,0.088,0.324,0.22,0.239,0.208,0.275,0.212,0.275,0.195,0.164,0.133,0.089,0.088,0.231,0.357,0.152,0.089,0.23,0.244,0.235,0.147,0.185,0.16,0.09,0.087,0.087,0.088,0.087,0.089,0.088,0.087,0.088,0.086,0.087,0.088,0.087
,1:59:16,36,0.089,0.088,0.087,0.086,0.089,0.087,0.087,0.089,0.087,0.087,0.088,0.089,0.087,0.103,0.103,0.107,0.108,0.097,0.117,0.107,0.091,0.108,0.093,0.088,0.088,0.099,0.101,0.104,0.089,0.101,0.12,0.11,0.103,0.091,0.107,0.089,0.088,0.102,0.114,0.109,0.081,0.114,0.104,0.117,0.099,0.1,0.091,0.087,0.087,0.214,0.283,0.393,0.299,0.197,0.349,0.53,0.222,0.348,0.147,0.088,0.088,0.341,0.236,0.261,0.226,0.308,0.22,0.294,0.21,0.173,0.137,0.088,0.088,0.243,0.374,0.155,0.089,0.252,0.264,0.256,0.154,0.199,0.169,0.09,0.087,0.087,0.087,0.087,0.089,0.087,0.087,0.088,0.086,0.087,0.088,0.087
,2:04:16,36,0.089,0.088,0.087,0.087,0.089,0.087,0.088,0.089,0.087,0.088,0.088,0.089,0.088,0.105,0.105,0.108,0.109,0.097,0.118,0.107,0.092,0.109,0.093,0.088,0.088,0.1,0.101,0.102,0.09,0.102,0.122,0.11,0.104,0.091,0.107,0.089,0.088,0.103,0.114,0.113,0.081,0.116,0.105,0.118,0.1,0.101,0.091,0.087,0.088,0.228,0.313,0.414,0.308,0.21,0.366,0.57,0.233,0.363,0.154,0.089,0.088,0.359,0.256,0.277,0.239,0.326,0.235,0.314,0.222,0.185,0.143,0.089,0.088,0.261,0.394,0.161,0.089,0.277,0.293,0.281,0.163,0.215,0.18,0.09,0.087,0.087,0.088,0.087,0.089,0.088,0.087,0.089,0.086,0.087,0.087,0.087
,2:09:16,36,0.089,0.088,0.087,0.087,0.089,0.087,0.088,0.089,0.087,0.087,0.088,0.09,0.088,0.104,0.106,0.109,0.11,0.097,0.119,0.108,0.092,0.11,0.094,0.088,0.088,0.1,0.102,0.106,0.09,0.102,0.123,0.111,0.104,0.091,0.107,0.089,0.088,0.103,0.114,0.113,0.082,0.117,0.107,0.119,0.101,0.102,0.091,0.087,0.088,0.241,0.334,0.437,0.318,0.221,0.387,0.617,0.248,0.384,0.161,0.088,0.088,0.38,0.277,0.289,0.256,0.339,0.254,0.322,0.237,0.199,0.15,0.089,0.088,0.281,0.411,0.169,0.089,0.31,0.316,0.31,0.172,0.224,0.193,0.09,0.087,0.087,0.088,0.087,0.089,0.088,0.087,0.088,0.086,0.088,0.088,0.087
,2:14:16,36,0.089,0.088,0.087,0.087,0.089,0.087,0.088,0.089,0.087,0.087,0.088,0.089,0.088,0.104,0.106,0.11,0.111,0.097,0.117,0.108,0.092,0.11,0.094,0.088,0.088,0.1,0.102,0.106,0.091,0.103,0.12,0.111,0.105,0.091,0.107,0.089,0.088,0.104,0.116,0.11,0.081,0.117,0.107,0.119,0.099,0.101,0.091,0.087,0.088,0.255,0.354,0.463,0.331,0.231,0.406,0.658,0.267,0.407,0.17,0.089,0.088,0.403,0.305,0.305,0.276,0.357,0.276,0.336,0.257,0.213,0.158,0.089,0.088,0.313,0.429,0.174,0.089,0.334,0.328,0.332,0.183,0.236,0.209,0.09,0.087,0.087,0.088,0.087,0.089,0.088,0.087,0.088,0.086,0.087,0.088,0.087
,2:19:16,36,0.089,0.088,0.087,0.087,0.089,0.087,0.088,0.089,0.087,0.087,0.088,0.09,0.088,0.103,0.106,0.112,0.111,0.098,0.119,0.109,0.092,0.109,0.094,0.088,0.088,0.101,0.102,0.106,0.092,0.103,0.123,0.113,0.105,0.092,0.108,0.089,0.088,0.104,0.117,0.113,0.081,0.119,0.108,0.121,0.102,0.104,0.092,0.087,0.088,0.272,0.376,0.493,0.349,0.244,0.427,0.69,0.289,0.43,0.18,0.089,0.088,0.427,0.317,0.322,0.298,0.375,0.307,0.353,0.278,0.219,0.167,0.09,0.088,0.329,0.452,0.185,0.089,0.355,0.342,0.347,0.194,0.255,0.214,0.09,0.087,0.087,0.088,0.087,0.089,0.088,0.087,0.088,0.086,0.087,0.088,0.087
,2:24:16,36,0.089,0.088,0.087,0.087,0.089,0.087,0.088,0.089,0.087,0.088,0.088,0.089,0.088,0.104,0.107,0.112,0.113,0.097,0.118,0.11,0.093,0.112,0.094,0.088,0.088,0.103,0.103,0.107,0.091,0.104,0.125,0.114,0.106,0.092,0.109,0.089,0.088,0.105,0.116,0.112,0.081,0.12,0.108,0.122,0.101,0.103,0.093,0.087,0.088,0.29,0.398,0.53,0.37,0.258,0.452,0.741,0.32,0.459,0.19,0.089,0.088,0.451,0.331,0.339,0.328,0.399,0.329,0.372,0.304,0.23,0.177,0.089,0.088,0.342,0.47,0.188,0.089,0.368,0.36,0.362,0.208,0.279,0.223,0.09,0.087,0.087,0.088,0.087,0.089,0.088,0.087,0.089,0.086,0.088,0.088,0.087
,2:29:16,36,0.089,0.088,0.087,0.087,0.089,0.087,0.088,0.089,0.087,0.087,0.088,0.089,0.088,0.105,0.107,0.114,0.114,0.097,0.12,0.11,0.093,0.113,0.094,0.088,0.088,0.103,0.104,0.104,0.095,0.105,0.122,0.114,0.107,0.093,0.109,0.089,0.088,0.105,0.118,0.11,0.081,0.121,0.11,0.122,0.102,0.103,0.092,0.087,0.088,0.305,0.424,0.556,0.39,0.276,0.477,0.79,0.342,0.491,0.202,0.089,0.088,0.478,0.347,0.359,0.345,0.424,0.346,0.392,0.332,0.249,0.188,0.089,0.088,0.356,0.482,0.197,0.089,0.39,0.377,0.38,0.222,0.304,0.237,0.09,0.087,0.087,0.088,0.087,0.089,0.087,0.087,0.088,0.086,0.088,0.088,0.087
,2:34:16,36.1,0.089,0.088,0.087,0.087,0.089,0.087,0.088,0.089,0.087,0.087,0.088,0.089,0.088,0.107,0.109,0.115,0.115,0.098,0.125,0.111,0.093,0.117,0.094,0.088,0.088,0.103,0.104,0.106,0.092,0.106,0.127,0.115,0.107,0.093,0.109,0.089,0.088,0.106,0.119,0.112,0.081,0.122,0.11,0.117,0.102,0.104,0.092,0.087,0.087,0.32,0.456,0.586,0.414,0.292,0.507,0.843,0.362,0.525,0.212,0.089,0.088,0.502,0.366,0.378,0.362,0.45,0.365,0.427,0.347,0.271,0.201,0.089,0.088,0.374,0.494,0.205,0.089,0.42,0.4,0.403,0.234,0.328,0.26,0.09,0.087,0.087,0.087,0.087,0.089,0.088,0.087,0.088,0.086,0.087,0.088,0.087
,2:39:16,36,0.089,0.088,0.087,0.087,0.089,0.087,0.088,0.089,0.087,0.088,0.088,0.089,0.088,0.107,0.111,0.117,0.116,0.098,0.124,0.112,0.093,0.116,0.094,0.088,0.088,0.105,0.105,0.108,0.093,0.107,0.126,0.117,0.108,0.093,0.11,0.089,0.088,0.107,0.119,0.111,0.081,0.124,0.11,0.121,0.101,0.105,0.093,0.087,0.088,0.335,0.488,0.607,0.443,0.306,0.53,0.897,0.384,0.561,0.221,0.089,0.089,0.522,0.388,0.399,0.382,0.48,0.387,0.453,0.364,0.292,0.216,0.089,0.088,0.397,0.506,0.216,0.089,0.442,0.425,0.426,0.25,0.341,0.281,0.09,0.087,0.087,0.088,0.087,0.089,0.088,0.087,0.088,0.086,0.088,0.087,0.087
,2:44:16,36,0.089,0.088,0.087,0.087,0.089,0.087,0.088,0.09,0.087,0.088,0.088,0.089,0.088,0.108,0.111,0.118,0.117,0.098,0.128,0.113,0.094,0.119,0.094,0.088,0.088,0.106,0.106,0.108,0.094,0.109,0.131,0.118,0.109,0.094,0.111,0.089,0.088,0.108,0.12,0.113,0.082,0.125,0.11,0.123,0.101,0.105,0.093,0.087,0.088,0.351,0.517,0.625,0.473,0.321,0.549,0.937,0.407,0.584,0.232,0.089,0.088,0.54,0.411,0.421,0.406,0.512,0.413,0.473,0.386,0.323,0.229,0.089,0.088,0.42,0.524,0.221,0.089,0.471,0.45,0.45,0.267,0.356,0.307,0.09,0.087,0.087,0.088,0.088,0.089,0.088,0.087,0.089,0.086,0.088,0.088,0.087
,2:49:16,36,0.089,0.088,0.087,0.087,0.089,0.087,0.088,0.089,0.087,0.088,0.088,0.089,0.087,0.108,0.112,0.119,0.118,0.098,0.13,0.114,0.094,0.119,0.094,0.088,0.088,0.106,0.107,0.109,0.094,0.11,0.131,0.119,0.11,0.094,0.112,0.089,0.088,0.108,0.122,0.113,0.081,0.126,0.112,0.124,0.102,0.106,0.093,0.087,0.088,0.368,0.54,0.643,0.51,0.327,0.567,0.977,0.435,0.606,0.247,0.089,0.088,0.557,0.44,0.439,0.43,0.545,0.441,0.489,0.409,0.339,0.246,0.089,0.088,0.445,0.536,0.23,0.089,0.51,0.481,0.478,0.289,0.375,0.328,0.089,0.087,0.087,0.088,0.087,0.089,0.088,0.087,0.088,0.086,0.087,0.088,0.087
,2:54:16,36,0.09,0.088,0.087,0.087,0.089,0.087,0.088,0.089,0.087,0.088,0.088,0.09,0.088,0.109,0.114,0.12,0.12,0.1,0.131,0.115,0.095,0.121,0.094,0.088,0.088,0.108,0.108,0.11,0.095,0.111,0.129,0.12,0.111,0.095,0.112,0.089,0.088,0.109,0.123,0.114,0.082,0.128,0.112,0.127,0.102,0.107,0.094,0.087,0.088,0.384,0.559,0.659,0.541,0.343,0.587,1.014,0.464,0.626,0.271,0.089,0.089,0.575,0.466,0.463,0.458,0.568,0.474,0.49,0.436,0.356,0.264,0.089,0.088,0.47,0.546,0.238,0.09,0.535,0.51,0.511,0.304,0.397,0.343,0.09,0.087,0.087,0.088,0.087,0.089,0.088,0.087,0.089,0.086,0.088,0.088,0.087
,2:59:16,36.1,0.089,0.088,0.087,0.087,0.089,0.087,0.088,0.089,0.087,0.087,0.088,0.089,0.088,0.109,0.114,0.122,0.121,0.099,0.129,0.116,0.095,0.122,0.095,0.088,0.088,0.109,0.108,0.11,0.095,0.113,0.133,0.12,0.111,0.095,0.112,0.089,0.088,0.11,0.123,0.113,0.082,0.128,0.113,0.127,0.103,0.108,0.094,0.087,0.087,0.4,0.579,0.676,0.561,0.358,0.608,1.037,0.502,0.644,0.291,0.089,0.088,0.596,0.491,0.48,0.492,0.588,0.505,0.505,0.465,0.374,0.281,0.089,0.088,0.499,0.556,0.248,0.089,0.564,0.532,0.54,0.32,0.423,0.357,0.09,0.087,0.087,0.088,0.087,0.089,0.088,0.087,0.088,0.086,0.088,0.088,0.087
,3:04:16,36,0.089,0.088,0.087,0.087,0.089,0.087,0.087,0.089,0.087,0.087,0.088,0.089,0.088,0.11,0.115,0.123,0.123,0.099,0.135,0.117,0.095,0.125,0.095,0.088,0.088,0.109,0.109,0.108,0.096,0.114,0.135,0.121,0.112,0.096,0.113,0.089,0.088,0.111,0.124,0.118,0.081,0.129,0.114,0.128,0.103,0.107,0.095,0.087,0.087,0.417,0.599,0.693,0.579,0.373,0.625,1.05,0.53,0.663,0.3,0.088,0.088,0.611,0.517,0.494,0.514,0.605,0.529,0.52,0.495,0.395,0.3,0.089,0.088,0.519,0.565,0.263,0.089,0.579,0.553,0.563,0.337,0.448,0.375,0.089,0.087,0.087,0.087,0.087,0.089,0.088,0.087,0.088,0.086,0.087,0.088,0.087
,3:09:16,36,0.089,0.088,0.087,0.087,0.089,0.087,0.088,0.089,0.087,0.088,0.088,0.09,0.088,0.111,0.117,0.125,0.125,0.099,0.136,0.118,0.096,0.125,0.095,0.088,0.088,0.111,0.11,0.111,0.097,0.116,0.136,0.123,0.114,0.097,0.114,0.089,0.088,0.111,0.126,0.115,0.082,0.131,0.114,0.131,0.105,0.108,0.096,0.087,0.088,0.441,0.619,0.71,0.597,0.395,0.64,0.653,0.555,0.68,0.308,0.089,0.088,0.625,0.541,0.509,0.533,0.624,0.553,0.539,0.531,0.419,0.329,0.089,0.088,0.538,0.575,0.271,0.09,0.598,0.575,0.583,0.352,0.475,0.397,0.09,0.087,0.087,0.088,0.087,0.089,0.088,0.087,0.089,0.086,0.088,0.088,0.087
,3:14:16,36,0.089,0.088,0.087,0.087,0.089,0.087,0.088,0.089,0.087,0.088,0.088,0.09,0.088,0.112,0.118,0.126,0.127,0.099,0.138,0.119,0.097,0.127,0.095,0.088,0.088,0.112,0.112,0.109,0.099,0.117,0.137,0.124,0.115,0.097,0.115,0.089,0.088,0.113,0.127,0.116,0.082,0.133,0.116,0.133,0.104,0.109,0.096,0.087,0.088,0.467,0.635,0.726,0.614,0.406,0.656,0.671,0.582,0.699,0.319,0.089,0.088,0.639,0.559,0.52,0.552,0.641,0.573,0.555,0.556,0.444,0.348,0.089,0.088,0.555,0.586,0.283,0.089,0.615,0.596,0.602,0.369,0.503,0.423,0.09,0.087,0.087,0.088,0.087,0.089,0.088,0.087,0.089,0.086,0.088,0.088,0.087
,3:19:16,36.1,0.089,0.088,0.087,0.087,0.089,0.087,0.088,0.089,0.087,0.087,0.088,0.09,0.088,0.112,0.12,0.127,0.128,0.1,0.139,0.12,0.097,0.129,0.095,0.088,0.088,0.113,0.112,0.11,0.097,0.119,0.14,0.125,0.116,0.098,0.116,0.089,0.088,0.114,0.128,0.116,0.081,0.134,0.115,0.134,0.106,0.112,0.096,0.087,0.088,0.489,0.654,0.741,0.629,0.436,0.671,0.688,0.605,0.715,0.332,0.089,0.088,0.653,0.575,0.538,0.573,0.66,0.591,0.565,0.575,0.472,0.365,0.089,0.088,0.574,0.596,0.299,0.089,0.63,0.62,0.62,0.388,0.528,0.45,0.09,0.087,0.087,0.087,0.087,0.089,0.088,0.087,0.089,0.086,0.087,0.087,0.087
,3:24:16,36,0.089,0.088,0.087,0.087,0.089,0.087,0.088,0.089,0.087,0.087,0.088,0.089,0.088,0.113,0.122,0.129,0.13,0.1,0.141,0.122,0.097,0.13,0.095,0.088,0.088,0.114,0.114,0.111,0.099,0.118,0.144,0.126,0.117,0.098,0.117,0.089,0.088,0.115,0.129,0.116,0.081,0.136,0.116,0.136,0.106,0.113,0.097,0.087,0.088,0.508,0.674,0.757,0.644,0.449,0.685,0.705,0.627,0.735,0.348,0.089,0.088,0.668,0.591,0.553,0.594,0.679,0.61,0.577,0.596,0.505,0.384,0.089,0.088,0.594,0.605,0.308,0.089,0.653,0.64,0.637,0.407,0.551,0.484,0.09,0.087,0.087,0.088,0.087,0.089,0.088,0.087,0.088,0.086,0.088,0.088,0.087
,3:29:16,36,0.089,0.088,0.087,0.087,0.089,0.087,0.088,0.089,0.087,0.088,0.088,0.089,0.088,0.114,0.124,0.131,0.133,0.1,0.143,0.123,0.098,0.132,0.095,0.088,0.088,0.116,0.115,0.111,0.103,0.122,0.146,0.127,0.118,0.099,0.117,0.089,0.088,0.116,0.131,0.12,0.082,0.138,0.117,0.138,0.105,0.112,0.098,0.087,0.088,0.527,0.692,0.774,0.66,0.47,0.7,0.723,0.646,0.755,0.368,0.089,0.088,0.681,0.607,0.567,0.611,0.697,0.629,0.587,0.615,0.531,0.405,0.089,0.088,0.613,0.614,0.311,0.089,0.666,0.657,0.653,0.427,0.576,0.519,0.09,0.087,0.087,0.088,0.087,0.089,0.088,0.087,0.088,0.086,0.088,0.088,0.087
,3:34:16,36,0.089,0.088,0.087,0.087,0.089,0.087,0.088,0.089,0.087,0.087,0.088,0.089,0.087,0.113,0.126,0.132,0.135,0.101,0.145,0.124,0.098,0.134,0.096,0.088,0.088,0.118,0.115,0.114,0.102,0.121,0.148,0.128,0.119,0.1,0.118,0.089,0.088,0.116,0.132,0.115,0.081,0.14,0.118,0.139,0.107,0.114,0.099,0.087,0.088,0.544,0.709,0.791,0.676,0.487,0.715,0.74,0.664,0.774,0.39,0.088,0.088,0.693,0.622,0.577,0.628,0.714,0.646,0.597,0.633,0.556,0.427,0.089,0.088,0.629,0.622,0.32,0.089,0.683,0.674,0.671,0.453,0.599,0.549,0.09,0.087,0.087,0.087,0.087,0.089,0.088,0.087,0.088,0.086,0.087,0.088,0.087
,3:39:16,36,0.089,0.088,0.087,0.087,0.089,0.087,0.088,0.089,0.087,0.088,0.088,0.09,0.088,0.115,0.128,0.135,0.137,0.101,0.147,0.126,0.099,0.135,0.096,0.088,0.088,0.119,0.117,0.115,0.102,0.124,0.152,0.13,0.12,0.101,0.119,0.089,0.088,0.118,0.134,0.124,0.082,0.142,0.118,0.142,0.107,0.117,0.099,0.087,0.088,0.56,0.726,0.806,0.693,0.52,0.729,0.761,0.682,0.79,0.415,0.089,0.088,0.706,0.64,0.591,0.643,0.729,0.661,0.61,0.648,0.575,0.452,0.089,0.088,0.643,0.632,0.331,0.09,0.701,0.689,0.687,0.481,0.62,0.571,0.09,0.087,0.087,0.088,0.087,0.089,0.088,0.087,0.089,0.086,0.088,0.088,0.087
,3:44:16,36,0.089,0.088,0.087,0.087,0.089,0.087,0.088,0.089,0.087,0.087,0.088,0.089,0.088,0.116,0.13,0.137,0.139,0.101,0.148,0.127,0.099,0.137,0.097,0.088,0.088,0.121,0.118,0.115,0.101,0.125,0.153,0.131,0.122,0.102,0.119,0.089,0.088,0.119,0.134,0.119,0.082,0.143,0.12,0.143,0.108,0.116,0.1,0.087,0.088,0.576,0.744,0.821,0.707,0.544,0.743,0.78,0.701,0.806,0.448,0.089,0.088,0.719,0.657,0.603,0.66,0.744,0.676,0.619,0.665,0.593,0.481,0.089,0.088,0.657,0.641,0.342,0.09,0.717,0.704,0.702,0.503,0.639,0.589,0.09,0.087,0.087,0.088,0.087,0.089,0.088,0.087,0.088,0.086,0.088,0.088,0.087
,3:49:16,36,0.089,0.088,0.087,0.087,0.089,0.087,0.088,0.089,0.087,0.088,0.088,0.089,0.088,0.116,0.131,0.139,0.141,0.102,0.151,0.128,0.1,0.138,0.096,0.088,0.088,0.123,0.12,0.116,0.106,0.127,0.156,0.132,0.123,0.103,0.122,0.089,0.088,0.12,0.136,0.127,0.081,0.144,0.121,0.146,0.109,0.117,0.102,0.087,0.088,0.59,0.761,0.835,0.72,0.558,0.757,0.798,0.719,0.822,0.469,0.089,0.088,0.73,0.673,0.613,0.676,0.759,0.691,0.629,0.681,0.611,0.508,0.089,0.088,0.67,0.653,0.355,0.089,0.733,0.719,0.717,0.525,0.656,0.608,0.09,0.087,0.087,0.087,0.087,0.089,0.088,0.087,0.088,0.086,0.087,0.088,0.087
,3:54:16,36,0.089,0.088,0.087,0.087,0.089,0.087,0.088,0.089,0.087,0.087,0.088,0.089,0.088,0.118,0.132,0.14,0.144,0.102,0.152,0.13,0.101,0.14,0.096,0.088,0.088,0.124,0.122,0.117,0.103,0.129,0.157,0.133,0.125,0.104,0.122,0.089,0.088,0.121,0.138,0.126,0.081,0.147,0.122,0.147,0.11,0.116,0.101,0.087,0.088,0.604,0.776,0.849,0.732,0.582,0.771,0.816,0.736,0.837,0.487,0.089,0.088,0.742,0.689,0.627,0.691,0.773,0.705,0.639,0.698,0.629,0.536,0.089,0.088,0.685,0.66,0.368,0.089,0.749,0.734,0.733,0.54,0.675,0.628,0.09,0.087,0.087,0.088,0.087,0.089,0.088,0.087,0.089,0.086,0.088,0.088,0.087
,3:59:16,36.1,0.089,0.088,0.087,0.087,0.089,0.087,0.088,0.089,0.087,0.087,0.088,0.089,0.088,0.119,0.135,0.142,0.146,0.103,0.155,0.131,0.102,0.141,0.097,0.088,0.088,0.126,0.125,0.117,0.104,0.131,0.161,0.134,0.126,0.105,0.124,0.089,0.088,0.123,0.139,0.122,0.081,0.148,0.122,0.149,0.111,0.118,0.104,0.087,0.088,0.619,0.792,0.863,0.746,0.598,0.784,0.833,0.753,0.852,0.504,0.089,0.088,0.754,0.704,0.637,0.706,0.787,0.72,0.649,0.716,0.645,0.56,0.089,0.088,0.698,0.67,0.38,0.089,0.763,0.751,0.747,0.556,0.693,0.647,0.09,0.087,0.087,0.088,0.087,0.089,0.088,0.087,0.088,0.086,0.087,0.088,0.087
,4:04:16,36,0.089,0.088,0.087,0.087,0.089,0.087,0.088,0.089,0.087,0.087,0.088,0.089,0.088,0.12,0.137,0.144,0.149,0.103,0.156,0.132,0.102,0.143,0.097,0.088,0.088,0.128,0.124,0.118,0.106,0.133,0.163,0.135,0.128,0.106,0.125,0.089,0.088,0.124,0.141,0.124,0.081,0.15,0.124,0.151,0.112,0.12,0.103,0.087,0.087,0.634,0.806,0.876,0.758,0.611,0.798,0.851,0.773,0.866,0.527,0.089,0.088,0.764,0.719,0.647,0.719,0.802,0.735,0.658,0.732,0.663,0.583,0.089,0.088,0.712,0.68,0.392,0.089,0.779,0.767,0.761,0.573,0.71,0.666,0.089,0.087,0.087,0.088,0.087,0.089,0.088,0.087,0.088,0.086,0.087,0.088,0.087
,4:09:16,36.1,0.089,0.088,0.087,0.087,0.089,0.087,0.088,0.089,0.087,0.087,0.088,0.089,0.087,0.121,0.138,0.146,0.151,0.103,0.159,0.134,0.103,0.145,0.096,0.088,0.088,0.129,0.128,0.118,0.107,0.136,0.163,0.136,0.13,0.107,0.126,0.089,0.088,0.125,0.141,0.129,0.081,0.152,0.125,0.153,0.112,0.121,0.104,0.087,0.087,0.647,0.821,0.889,0.77,0.621,0.811,0.867,0.79,0.881,0.551,0.088,0.088,0.776,0.733,0.656,0.733,0.815,0.748,0.667,0.749,0.678,0.605,0.089,0.088,0.725,0.688,0.405,0.089,0.792,0.783,0.774,0.588,0.726,0.685,0.089,0.087,0.087,0.087,0.087,0.089,0.088,0.087,0.088,0.086,0.087,0.087,0.087
,4:14:16,36,0.089,0.088,0.087,0.087,0.089,0.087,0.088,0.089,0.087,0.088,0.088,0.09,0.088,0.122,0.141,0.148,0.154,0.104,0.16,0.136,0.103,0.146,0.097,0.088,0.088,0.131,0.13,0.119,0.11,0.137,0.168,0.138,0.131,0.109,0.128,0.089,0.088,0.127,0.145,0.124,0.082,0.154,0.127,0.156,0.114,0.123,0.106,0.087,0.088,0.664,0.836,0.902,0.782,0.636,0.824,0.883,0.806,0.895,0.57,0.089,0.088,0.787,0.747,0.667,0.746,0.829,0.763,0.679,0.764,0.694,0.626,0.089,0.088,0.738,0.697,0.418,0.089,0.806,0.798,0.791,0.603,0.743,0.705,0.09,0.087,0.087,0.088,0.087,0.089,0.088,0.087,0.088,0.086,0.088,0.088,0.087
,4:19:16,36,0.089,0.089,0.087,0.087,0.089,0.087,0.088,0.089,0.087,0.087,0.088,0.089,0.088,0.123,0.142,0.15,0.157,0.105,0.163,0.138,0.105,0.149,0.098,0.088,0.088,0.133,0.132,0.119,0.106,0.141,0.159,0.139,0.132,0.11,0.13,0.089,0.088,0.129,0.147,0.127,0.082,0.156,0.128,0.158,0.115,0.124,0.107,0.087,0.088,0.681,0.849,0.915,0.795,0.647,0.838,0.898,0.822,0.908,0.589,0.089,0.088,0.8,0.762,0.675,0.761,0.842,0.778,0.689,0.78,0.709,0.646,0.089,0.088,0.751,0.706,0.431,0.089,0.817,0.812,0.806,0.619,0.759,0.723,0.09,0.087,0.087,0.088,0.087,0.089,0.088,0.087,0.089,0.086,0.088,0.088,0.087
,4:24:16,36.1,0.09,0.088,0.087,0.087,0.089,0.087,0.088,0.089,0.087,0.088,0.088,0.09,0.088,0.124,0.144,0.153,0.159,0.105,0.165,0.139,0.106,0.151,0.098,0.088,0.088,0.135,0.133,0.12,0.111,0.144,0.168,0.14,0.135,0.112,0.132,0.089,0.088,0.13,0.148,0.127,0.082,0.158,0.129,0.161,0.116,0.128,0.108,0.087,0.088,0.698,0.863,0.928,0.809,0.657,0.85,0.914,0.838,0.923,0.607,0.089,0.088,0.81,0.776,0.686,0.776,0.855,0.793,0.7,0.795,0.724,0.664,0.089,0.088,0.763,0.713,0.445,0.09,0.83,0.827,0.82,0.636,0.777,0.739,0.09,0.087,0.087,0.088,0.087,0.089,0.088,0.087,0.089,0.086,0.088,0.088,0.087
,4:29:16,36.1,0.089,0.088,0.087,0.087,0.089,0.087,0.088,0.089,0.087,0.088,0.088,0.09,0.088,0.126,0.146,0.153,0.161,0.105,0.168,0.141,0.107,0.152,0.099,0.088,0.088,0.137,0.135,0.12,0.114,0.144,0.168,0.141,0.136,0.114,0.131,0.089,0.088,0.131,0.15,0.128,0.082,0.16,0.131,0.163,0.117,0.128,0.111,0.087,0.088,0.713,0.876,0.941,0.823,0.672,0.861,0.928,0.853,0.935,0.624,0.089,0.088,0.821,0.789,0.695,0.789,0.867,0.806,0.708,0.81,0.738,0.68,0.089,0.088,0.777,0.722,0.457,0.09,0.842,0.84,0.834,0.65,0.793,0.754,0.09,0.087,0.087,0.088,0.087,0.089,0.088,0.087,0.089,0.086,0.088,0.088,0.087
,4:34:16,36,0.089,0.088,0.087,0.087,0.089,0.087,0.088,0.089,0.087,0.088,0.088,0.089,0.088,0.126,0.148,0.157,0.164,0.106,0.169,0.142,0.108,0.154,0.098,0.088,0.088,0.139,0.137,0.121,0.11,0.146,0.176,0.142,0.138,0.115,0.134,0.089,0.088,0.133,0.15,0.128,0.082,0.162,0.135,0.165,0.118,0.129,0.112,0.087,0.088,0.727,0.89,0.952,0.836,0.681,0.872,0.943,0.867,0.949,0.639,0.089,0.088,0.83,0.802,0.703,0.803,0.879,0.819,0.718,0.823,0.751,0.699,0.089,0.088,0.789,0.729,0.469,0.09,0.855,0.853,0.846,0.668,0.808,0.769,0.09,0.087,0.087,0.088,0.088,0.089,0.088,0.087,0.089,0.086,0.088,0.088,0.087
,4:39:16,36,0.089,0.088,0.087,0.087,0.089,0.087,0.088,0.089,0.088,0.087,0.088,0.089,0.088,0.127,0.15,0.159,0.166,0.106,0.172,0.143,0.108,0.156,0.098,0.088,0.088,0.14,0.137,0.122,0.114,0.147,0.174,0.143,0.14,0.116,0.136,0.089,0.088,0.134,0.151,0.127,0.082,0.163,0.134,0.167,0.12,0.13,0.112,0.087,0.087,0.741,0.903,0.964,0.849,0.692,0.883,0.956,0.881,0.96,0.655,0.089,0.088,0.84,0.814,0.712,0.815,0.892,0.832,0.728,0.837,0.766,0.717,0.089,0.088,0.802,0.736,0.481,0.09,0.868,0.866,0.859,0.684,0.824,0.787,0.09,0.087,0.087,0.088,0.087,0.089,0.088,0.087,0.089,0.086,0.088,0.088,0.087
,4:44:16,36.1,0.089,0.088,0.087,0.087,0.089,0.087,0.088,0.089,0.087,0.088,0.088,0.09,0.088,0.129,0.152,0.159,0.169,0.107,0.174,0.145,0.11,0.158,0.099,0.088,0.088,0.142,0.14,0.123,0.118,0.15,0.177,0.145,0.141,0.118,0.136,0.089,0.088,0.136,0.154,0.137,0.082,0.165,0.136,0.168,0.121,0.131,0.115,0.087,0.088,0.754,0.915,0.973,0.86,0.71,0.893,0.969,0.895,0.97,0.67,0.089,0.089,0.85,0.827,0.721,0.828,0.903,0.845,0.737,0.85,0.782,0.735,0.089,0.088,0.814,0.744,0.493,0.09,0.879,0.878,0.873,0.7,0.838,0.802,0.09,0.087,0.087,0.088,0.088,0.09,0.088,0.087,0.089,0.086,0.088,0.088,0.088
,4:49:16,36,0.089,0.088,0.087,0.087,0.089,0.087,0.088,0.089,0.087,0.088,0.088,0.09,0.088,0.13,0.154,0.162,0.171,0.107,0.176,0.147,0.111,0.16,0.099,0.088,0.088,0.143,0.143,0.123,0.115,0.152,0.181,0.146,0.142,0.12,0.137,0.089,0.088,0.138,0.155,0.135,0.082,0.167,0.138,0.17,0.122,0.132,0.116,0.087,0.088,0.768,0.927,0.984,0.873,0.722,0.905,0.982,0.908,0.98,0.685,0.089,0.088,0.859,0.839,0.731,0.84,0.914,0.857,0.746,0.862,0.796,0.753,0.089,0.088,0.826,0.754,0.505,0.09,0.89,0.89,0.884,0.722,0.852,0.817,0.09,0.087,0.087,0.088,0.088,0.09,0.088,0.087,0.089,0.086,0.088,0.088,0.087
,4:54:16,36,0.089,0.088,0.087,0.087,0.089,0.087,0.088,0.089,0.087,0.088,0.088,0.089,0.088,0.131,0.156,0.165,0.173,0.108,0.178,0.149,0.112,0.161,0.1,0.088,0.088,0.145,0.145,0.12,0.12,0.155,0.181,0.147,0.145,0.121,0.138,0.089,0.088,0.139,0.157,0.131,0.082,0.169,0.138,0.173,0.123,0.133,0.117,0.087,0.088,0.781,0.94,0.994,0.884,0.729,0.914,0.995,0.921,0.991,0.7,0.089,0.088,0.868,0.852,0.741,0.852,0.927,0.87,0.756,0.875,0.811,0.771,0.089,0.088,0.837,0.761,0.516,0.09,0.903,0.903,0.897,0.734,0.867,0.831,0.09,0.087,0.087,0.088,0.087,0.089,0.088,0.087,0.088,0.086,0.088,0.088,0.087
,4:59:16,36,0.089,0.088,0.087,0.087,0.089,0.087,0.088,0.089,0.087,0.088,0.088,0.09,0.088,0.133,0.158,0.166,0.175,0.108,0.18,0.15,0.113,0.164,0.099,0.088,0.088,0.146,0.146,0.124,0.121,0.157,0.186,0.148,0.147,0.123,0.14,0.089,0.088,0.14,0.159,0.13,0.082,0.17,0.141,0.175,0.123,0.135,0.119,0.087,0.088,0.794,0.95,1.005,0.895,0.746,0.925,1.007,0.934,1.001,0.714,0.089,0.088,0.877,0.865,0.749,0.864,0.938,0.881,0.764,0.888,0.823,0.788,0.089,0.088,0.847,0.768,0.526,0.09,0.915,0.914,0.909,0.748,0.88,0.845,0.09,0.087,0.087,0.088,0.087,0.089,0.088,0.087,0.088,0.086,0.088,0.088,0.087
,5:04:16,36,0.089,0.088,0.087,0.087,0.089,0.087,0.088,0.089,0.087,0.088,0.088,0.089,0.088,0.134,0.16,0.168,0.178,0.109,0.182,0.152,0.114,0.165,0.099,0.088,0.088,0.148,0.147,0.126,0.12,0.159,0.186,0.149,0.148,0.125,0.141,0.089,0.088,0.142,0.16,0.14,0.082,0.172,0.143,0.176,0.125,0.136,0.12,0.087,0.088,0.807,0.961,1.016,0.905,0.762,0.934,1.018,0.946,1.011,0.729,0.089,0.088,0.885,0.877,0.758,0.875,0.952,0.893,0.774,0.899,0.837,0.803,0.089,0.088,0.859,0.778,0.537,0.089,0.926,0.924,0.921,0.767,0.894,0.858,0.09,0.087,0.087,0.088,0.087,0.089,0.088,0.087,0.089,0.086,0.088,0.088,0.087
,5:09:16,36,0.089,0.088,0.087,0.087,0.089,0.087,0.088,0.089,0.088,0.088,0.088,0.089,0.088,0.136,0.161,0.17,0.177,0.11,0.185,0.154,0.115,0.166,0.1,0.088,0.088,0.15,0.147,0.125,0.123,0.162,0.19,0.151,0.15,0.127,0.143,0.089,0.088,0.143,0.163,0.139,0.082,0.174,0.144,0.178,0.127,0.14,0.123,0.087,0.088,0.819,0.971,1.026,0.916,0.773,0.943,1.029,0.958,1.022,0.745,0.089,0.088,0.893,0.889,0.766,0.886,0.965,0.905,0.784,0.912,0.85,0.818,0.089,0.088,0.869,0.786,0.549,0.089,0.936,0.936,0.933,0.779,0.907,0.871,0.09,0.087,0.087,0.088,0.087,0.09,0.088,0.087,0.089,0.086,0.088,0.088,0.087
,5:14:16,36.1,0.089,0.088,0.087,0.087,0.089,0.087,0.088,0.089,0.087,0.088,0.088,0.089,0.088,0.137,0.164,0.173,0.182,0.111,0.187,0.156,0.117,0.168,0.1,0.088,0.088,0.152,0.151,0.124,0.125,0.162,0.19,0.152,0.153,0.129,0.144,0.089,0.088,0.144,0.162,0.14,0.082,0.175,0.146,0.181,0.129,0.138,0.124,0.087,0.088,0.831,0.981,1.036,0.925,0.782,0.952,1.039,0.97,1.033,0.762,0.089,0.088,0.903,0.902,0.774,0.898,0.975,0.916,0.793,0.924,0.863,0.833,0.089,0.088,0.88,0.793,0.559,0.09,0.947,0.946,0.944,0.794,0.921,0.884,0.09,0.087,0.087,0.088,0.087,0.089,0.088,0.087,0.089,0.086,0.088,0.087,0.087
,5:19:16,36.1,0.089,0.089,0.087,0.087,0.089,0.087,0.088,0.089,0.087,0.088,0.088,0.09,0.088,0.139,0.166,0.173,0.182,0.112,0.189,0.158,0.118,0.171,0.1,0.088,0.088,0.153,0.155,0.128,0.127,0.164,0.194,0.153,0.155,0.132,0.148,0.089,0.088,0.147,0.164,0.144,0.082,0.178,0.146,0.183,0.131,0.145,0.127,0.087,0.088,0.843,0.991,1.046,0.935,0.799,0.959,1.048,0.981,1.044,0.777,0.089,0.088,0.911,0.912,0.782,0.91,0.984,0.927,0.799,0.935,0.875,0.847,0.089,0.088,0.891,0.798,0.571,0.09,0.959,0.956,0.956,0.808,0.933,0.896,0.09,0.087,0.087,0.088,0.088,0.089,0.088,0.087,0.089,0.086,0.088,0.088,0.087
,5:24:16,36,0.089,0.088,0.087,0.087,0.089,0.087,0.088,0.089,0.087,0.088,0.088,0.089,0.088,0.14,0.167,0.175,0.185,0.112,0.19,0.16,0.119,0.172,0.101,0.088,0.088,0.154,0.156,0.128,0.125,0.167,0.196,0.155,0.155,0.133,0.147,0.089,0.088,0.148,0.165,0.143,0.082,0.179,0.149,0.184,0.133,0.144,0.129,0.087,0.088,0.855,1.002,1.055,0.944,0.808,0.965,1.056,0.99,1.054,0.79,0.089,0.088,0.917,0.922,0.787,0.919,0.992,0.936,0.807,0.946,0.886,0.861,0.089,0.088,0.9,0.805,0.582,0.09,0.968,0.966,0.965,0.826,0.945,0.907,0.09,0.087,0.087,0.088,0.087,0.089,0.088,0.087,0.088,0.086,0.088,0.088,0.087
,5:29:16,36,0.089,0.088,0.087,0.087,0.089,0.087,0.088,0.089,0.087,0.088,0.088,0.09,0.088,0.142,0.169,0.178,0.185,0.112,0.194,0.162,0.12,0.175,0.101,0.088,0.088,0.156,0.156,0.129,0.128,0.169,0.199,0.156,0.159,0.136,0.149,0.089,0.088,0.15,0.167,0.147,0.082,0.181,0.152,0.187,0.135,0.145,0.133,0.087,0.088,0.866,1.012,1.064,0.954,0.818,0.972,1.065,1,1.065,0.804,0.089,0.088,0.924,0.935,0.794,0.929,1.001,0.945,0.816,0.957,0.898,0.874,0.089,0.088,0.91,0.811,0.593,0.09,0.977,0.976,0.976,0.84,0.957,0.918,0.09,0.087,0.087,0.088,0.087,0.09,0.088,0.087,0.089,0.086,0.087,0.088,0.087
,5:34:16,36,0.089,0.088,0.087,0.087,0.089,0.087,0.088,0.089,0.087,0.088,0.088,0.089,0.088,0.144,0.171,0.18,0.187,0.116,0.196,0.163,0.123,0.176,0.101,0.088,0.088,0.158,0.156,0.13,0.132,0.171,0.202,0.158,0.159,0.138,0.15,0.089,0.088,0.151,0.169,0.147,0.082,0.183,0.154,0.188,0.137,0.147,0.134,0.087,0.088,0.877,1.021,1.073,0.964,0.83,0.981,1.073,1.011,1.076,0.817,0.089,0.088,0.932,0.946,0.8,0.94,1.011,0.954,0.823,0.968,0.911,0.887,0.089,0.088,0.92,0.817,0.605,0.089,0.987,0.986,0.986,0.851,0.97,0.93,0.09,0.087,0.087,0.088,0.087,0.09,0.088,0.087,0.089,0.086,0.088,0.088,0.087
,5:39:16,36,0.089,0.088,0.087,0.087,0.089,0.087,0.088,0.089,0.087,0.088,0.088,0.089,0.088,0.145,0.173,0.183,0.189,0.114,0.198,0.165,0.123,0.178,0.103,0.088,0.088,0.159,0.162,0.131,0.13,0.172,0.205,0.159,0.163,0.14,0.153,0.089,0.088,0.153,0.172,0.148,0.082,0.184,0.154,0.191,0.14,0.148,0.136,0.087,0.088,0.889,1.03,1.082,0.974,0.844,0.989,1.083,1.02,1.086,0.829,0.089,0.088,0.939,0.955,0.807,0.949,1.02,0.962,0.83,0.979,0.922,0.899,0.089,0.088,0.929,0.821,0.615,0.09,0.995,0.997,0.996,0.862,0.981,0.94,0.09,0.087,0.087,0.088,0.087,0.089,0.088,0.087,0.089,0.086,0.088,0.088,0.087
,5:44:16,36,0.089,0.088,0.087,0.087,0.089,0.087,0.088,0.089,0.087,0.088,0.088,0.089,0.088,0.147,0.175,0.183,0.192,0.115,0.2,0.167,0.125,0.181,0.102,0.088,0.088,0.161,0.162,0.129,0.134,0.174,0.21,0.161,0.164,0.141,0.153,0.089,0.088,0.155,0.173,0.148,0.082,0.186,0.158,0.193,0.143,0.151,0.135,0.087,0.088,0.9,1.039,1.091,0.983,0.853,0.998,1.092,1.031,1.096,0.84,0.089,0.088,0.945,0.964,0.814,0.958,1.029,0.971,0.836,0.988,0.934,0.913,0.089,0.088,0.939,0.827,0.626,0.09,1.004,1.008,1.005,0.875,0.992,0.951,0.09,0.087,0.087,0.088,0.087,0.09,0.088,0.087,0.089,0.087,0.088,0.088,0.087
,5:49:16,36,0.089,0.088,0.087,0.087,0.089,0.087,0.088,0.089,0.087,0.088,0.088,0.089,0.088,0.148,0.176,0.187,0.193,0.117,0.202,0.169,0.127,0.183,0.103,0.088,0.088,0.162,0.164,0.132,0.134,0.176,0.21,0.161,0.167,0.144,0.155,0.089,0.088,0.155,0.174,0.15,0.082,0.188,0.163,0.194,0.145,0.152,0.139,0.087,0.088,0.91,1.048,1.101,0.992,0.86,1.004,1.101,1.041,1.105,0.851,0.089,0.088,0.95,0.973,0.818,0.966,1.035,0.978,0.839,0.997,0.944,0.923,0.089,0.088,0.947,0.831,0.636,0.089,1.013,1.018,1.014,0.89,1.003,0.96,0.09,0.087,0.087,0.088,0.087,0.089,0.088,0.087,0.088,0.086,0.088,0.088,0.087
,5:54:16,36.1,0.089,0.088,0.087,0.087,0.089,0.087,0.088,0.089,0.087,0.088,0.088,0.09,0.088,0.15,0.178,0.186,0.195,0.12,0.205,0.171,0.128,0.184,0.103,0.088,0.088,0.163,0.164,0.132,0.138,0.177,0.212,0.162,0.168,0.146,0.158,0.089,0.088,0.158,0.176,0.15,0.082,0.189,0.162,0.197,0.147,0.154,0.139,0.087,0.088,0.921,1.056,1.11,1,0.876,1.012,1.111,1.051,1.115,0.863,0.089,0.088,0.958,0.982,0.825,0.975,1.044,0.986,0.846,1.007,0.956,0.935,0.089,0.088,0.956,0.835,0.647,0.09,1.022,1.029,1.024,0.905,1.013,0.971,0.09,0.087,0.087,0.088,0.087,0.089,0.088,0.087,0.088,0.086,0.088,0.088,0.087
,5:59:16,36.1,0.089,0.088,0.087,0.087,0.089,0.087,0.088,0.089,0.087,0.088,0.088,0.089,0.088,0.152,0.18,0.189,0.197,0.117,0.207,0.173,0.131,0.187,0.105,0.088,0.088,0.165,0.169,0.133,0.139,0.18,0.215,0.163,0.169,0.149,0.159,0.089,0.088,0.159,0.176,0.153,0.082,0.19,0.165,0.198,0.149,0.156,0.144,0.087,0.088,0.93,1.065,1.121,1.008,0.883,1.02,1.12,1.061,1.123,0.875,0.089,0.088,0.964,0.99,0.831,0.985,1.052,0.993,0.85,1.016,0.966,0.946,0.089,0.088,0.965,0.842,0.657,0.09,1.028,1.038,1.032,0.917,1.024,0.982,0.09,0.087,0.087,0.088,0.087,0.089,0.088,0.087,0.088,0.086,0.088,0.088,0.087
,6:04:16,36.1,0.089,0.088,0.087,0.087,0.089,0.087,0.088,0.089,0.087,0.088,0.088,0.09,0.088,0.152,0.182,0.192,0.199,0.117,0.21,0.175,0.132,0.188,0.104,0.088,0.088,0.167,0.172,0.133,0.139,0.182,0.219,0.165,0.173,0.15,0.159,0.089,0.088,0.161,0.178,0.154,0.082,0.192,0.168,0.201,0.152,0.156,0.142,0.087,0.088,0.941,1.073,1.132,1.017,0.89,1.028,1.128,1.071,1.132,0.888,0.089,0.088,0.972,0.998,0.836,0.997,1.062,1.004,0.855,1.024,0.978,0.957,0.089,0.088,0.974,0.849,0.668,0.089,1.034,1.048,1.041,0.929,1.033,0.994,0.09,0.087,0.087,0.088,0.087,0.089,0.088,0.087,0.088,0.086,0.088,0.088,0.087
,6:09:16,36,0.089,0.088,0.087,0.087,0.089,0.087,0.088,0.089,0.087,0.088,0.088,0.089,0.088,0.154,0.184,0.194,0.201,0.118,0.211,0.177,0.133,0.191,0.106,0.088,0.088,0.168,0.172,0.134,0.144,0.184,0.222,0.166,0.172,0.153,0.162,0.089,0.088,0.163,0.181,0.156,0.082,0.194,0.168,0.203,0.154,0.16,0.145,0.087,0.088,0.95,1.081,1.145,1.023,0.903,1.038,1.137,1.08,1.141,0.9,0.089,0.088,0.979,1.006,0.842,1.005,1.069,1.013,0.86,1.032,0.987,0.966,0.089,0.088,0.982,0.853,0.678,0.089,1.041,1.058,1.049,0.939,1.042,1.004,0.09,0.087,0.087,0.088,0.087,0.089,0.088,0.087,0.089,0.086,0.088,0.088,0.087
,6:14:16,36,0.089,0.088,0.087,0.087,0.089,0.087,0.088,0.089,0.087,0.087,0.088,0.089,0.088,0.156,0.185,0.197,0.203,0.12,0.212,0.178,0.135,0.193,0.106,0.088,0.088,0.17,0.175,0.135,0.142,0.185,0.222,0.166,0.173,0.155,0.164,0.089,0.088,0.164,0.182,0.156,0.082,0.196,0.169,0.205,0.156,0.162,0.146,0.087,0.088,0.961,1.089,1.154,1.031,0.909,1.046,1.146,1.089,1.149,0.911,0.089,0.088,0.984,1.013,0.846,1.015,1.077,1.021,0.865,1.038,0.995,0.974,0.089,0.088,0.989,0.857,0.688,0.089,1.05,1.065,1.057,0.95,1.052,1.014,0.09,0.087,0.087,0.088,0.087,0.089,0.088,0.087,0.088,0.086,0.087,0.088,0.087
,6:19:16,36,0.09,0.088,0.087,0.087,0.089,0.087,0.088,0.089,0.087,0.087,0.088,0.089,0.088,0.158,0.187,0.199,0.205,0.12,0.215,0.181,0.137,0.195,0.106,0.088,0.088,0.172,0.175,0.134,0.143,0.187,0.224,0.164,0.175,0.157,0.165,0.089,0.088,0.166,0.183,0.159,0.082,0.197,0.171,0.206,0.159,0.164,0.149,0.087,0.088,0.972,1.098,1.162,1.039,0.918,1.054,1.154,1.098,1.159,0.923,0.088,0.088,0.989,1.021,0.851,1.024,1.085,1.031,0.87,1.046,1.004,0.983,0.089,0.088,0.998,0.863,0.698,0.09,1.056,1.073,1.065,0.96,1.061,1.025,0.09,0.087,0.087,0.088,0.087,0.089,0.088,0.087,0.089,0.086,0.087,0.088,0.087
,6:24:16,36,0.089,0.088,0.087,0.087,0.089,0.087,0.088,0.089,0.087,0.087,0.088,0.089,0.088,0.162,0.188,0.2,0.206,0.121,0.218,0.183,0.138,0.198,0.107,0.088,0.088,0.173,0.178,0.135,0.146,0.189,0.225,0.166,0.175,0.159,0.168,0.089,0.088,0.169,0.185,0.159,0.082,0.198,0.177,0.208,0.161,0.166,0.15,0.087,0.087,0.983,1.105,1.17,1.047,0.929,1.061,1.162,1.107,1.166,0.934,0.089,0.088,0.996,1.028,0.856,1.032,1.094,1.04,0.875,1.054,1.014,0.991,0.089,0.088,1.008,0.871,0.707,0.09,1.065,1.08,1.073,0.969,1.071,1.034,0.09,0.087,0.087,0.088,0.087,0.089,0.088,0.087,0.089,0.086,0.087,0.088,0.087
,6:29:16,36.1,0.089,0.088,0.087,0.087,0.089,0.087,0.088,0.089,0.087,0.088,0.088,0.089,0.088,0.164,0.19,0.202,0.209,0.122,0.22,0.185,0.141,0.201,0.108,0.088,0.088,0.175,0.179,0.137,0.147,0.191,0.228,0.171,0.175,0.161,0.17,0.089,0.088,0.17,0.186,0.161,0.082,0.201,0.179,0.211,0.163,0.168,0.151,0.087,0.088,0.994,1.113,1.177,1.055,0.936,1.066,1.17,1.116,1.175,0.944,0.089,0.088,1,1.036,0.859,1.04,1.101,1.049,0.878,1.061,1.023,1,0.089,0.088,1.016,0.874,0.717,0.089,1.073,1.087,1.08,0.976,1.08,1.043,0.09,0.087,0.087,0.088,0.087,0.089,0.088,0.087,0.088,0.086,0.087,0.088,0.087
,6:34:16,36,0.089,0.088,0.087,0.087,0.089,0.087,0.087,0.089,0.087,0.087,0.088,0.089,0.088,0.161,0.191,0.205,0.212,0.123,0.222,0.187,0.141,0.202,0.107,0.088,0.088,0.177,0.183,0.139,0.148,0.194,0.233,0.175,0.177,0.163,0.171,0.089,0.088,0.171,0.187,0.164,0.082,0.201,0.181,0.213,0.165,0.17,0.155,0.087,0.088,1.006,1.122,1.184,1.065,0.942,1.071,1.178,1.125,1.184,0.955,0.088,0.088,1.005,1.044,0.863,1.05,1.11,1.058,0.885,1.071,1.032,1.01,0.089,0.088,1.026,0.882,0.727,0.089,1.082,1.095,1.089,0.986,1.089,1.052,0.089,0.087,0.087,0.088,0.087,0.089,0.088,0.087,0.088,0.086,0.088,0.088,0.087
,6:39:16,36,0.089,0.088,0.087,0.087,0.089,0.087,0.088,0.089,0.087,0.087,0.088,0.089,0.088,0.162,0.193,0.206,0.212,0.124,0.225,0.189,0.144,0.206,0.11,0.088,0.088,0.178,0.185,0.138,0.151,0.195,0.236,0.176,0.178,0.166,0.173,0.089,0.088,0.173,0.188,0.164,0.082,0.203,0.181,0.215,0.166,0.172,0.156,0.087,0.088,1.016,1.13,1.19,1.071,0.952,1.075,1.185,1.132,1.192,0.966,0.088,0.088,1.01,1.05,0.866,1.057,1.116,1.066,0.888,1.079,1.04,1.018,0.089,0.088,1.034,0.887,0.736,0.089,1.089,1.1,1.097,0.992,1.098,1.061,0.089,0.087,0.087,0.088,0.087,0.089,0.088,0.087,0.088,0.086,0.087,0.088,0.087
,6:44:16,36,0.089,0.088,0.087,0.087,0.089,0.087,0.088,0.089,0.087,0.088,0.088,0.089,0.088,0.163,0.195,0.208,0.214,0.125,0.226,0.191,0.147,0.209,0.11,0.088,0.088,0.18,0.186,0.139,0.152,0.197,0.229,0.177,0.179,0.167,0.175,0.089,0.088,0.175,0.19,0.167,0.082,0.205,0.187,0.217,0.169,0.174,0.16,0.087,0.088,1.027,1.137,1.196,1.079,0.961,1.079,1.191,1.139,1.199,0.975,0.088,0.088,1.014,1.057,0.868,1.064,1.124,1.075,0.895,1.088,1.049,1.029,0.089,0.088,1.042,0.892,0.746,0.09,1.098,1.107,1.104,1.001,1.106,1.068,0.09,0.087,0.087,0.088,0.087,0.089,0.088,0.087,0.088,0.086,0.088,0.088,0.087
,6:49:16,36,0.089,0.088,0.087,0.087,0.089,0.087,0.088,0.089,0.087,0.088,0.088,0.089,0.088,0.165,0.196,0.21,0.216,0.126,0.229,0.193,0.149,0.212,0.111,0.088,0.088,0.182,0.187,0.14,0.154,0.198,0.231,0.179,0.182,0.169,0.177,0.089,0.088,0.178,0.193,0.168,0.082,0.206,0.187,0.219,0.171,0.176,0.16,0.087,0.088,1.037,1.144,1.201,1.087,0.967,1.082,1.198,1.145,1.206,0.985,0.089,0.088,1.019,1.065,0.87,1.071,1.131,1.082,0.899,1.095,1.057,1.039,0.089,0.088,1.048,0.897,0.755,0.09,1.106,1.112,1.11,1.01,1.113,1.077,0.09,0.087,0.087,0.088,0.088,0.089,0.088,0.087,0.089,0.086,0.088,0.088,0.087
,6:54:16,36,0.089,0.088,0.087,0.087,0.089,0.087,0.088,0.089,0.087,0.088,0.088,0.089,0.088,0.166,0.197,0.213,0.218,0.126,0.231,0.196,0.15,0.215,0.111,0.088,0.088,0.183,0.19,0.141,0.155,0.2,0.235,0.18,0.183,0.172,0.179,0.089,0.088,0.178,0.194,0.171,0.082,0.207,0.186,0.221,0.172,0.178,0.162,0.087,0.087,1.047,1.152,1.206,1.097,0.975,1.085,1.205,1.152,1.212,0.995,0.088,0.088,1.022,1.073,0.873,1.079,1.138,1.091,0.905,1.103,1.065,1.05,0.089,0.088,1.055,0.902,0.764,0.089,1.112,1.118,1.117,1.02,1.119,1.083,0.09,0.087,0.087,0.088,0.087,0.089,0.088,0.087,0.088,0.086,0.087,0.088,0.087
,6:59:16,36,0.089,0.088,0.087,0.087,0.089,0.087,0.088,0.089,0.087,0.087,0.088,0.089,0.088,0.167,0.2,0.213,0.222,0.128,0.233,0.198,0.15,0.218,0.112,0.088,0.088,0.185,0.193,0.143,0.157,0.202,0.235,0.181,0.185,0.174,0.181,0.089,0.088,0.18,0.195,0.172,0.082,0.209,0.187,0.223,0.174,0.182,0.165,0.087,0.088,1.057,1.159,1.211,1.105,0.984,1.087,1.211,1.156,1.218,1.004,0.089,0.088,1.027,1.081,0.874,1.086,1.143,1.098,0.908,1.111,1.072,1.06,0.089,0.088,1.062,0.906,0.774,0.089,1.119,1.123,1.124,1.029,1.125,1.089,0.09,0.087,0.087,0.088,0.087,0.09,0.088,0.087,0.088,0.086,0.087,0.088,0.087
,7:04:16,36,0.089,0.088,0.087,0.087,0.089,0.087,0.088,0.089,0.087,0.087,0.088,0.089,0.088,0.169,0.201,0.215,0.223,0.128,0.235,0.2,0.155,0.219,0.112,0.088,0.088,0.187,0.195,0.144,0.158,0.204,0.239,0.182,0.189,0.176,0.182,0.089,0.088,0.182,0.197,0.173,0.082,0.211,0.19,0.226,0.176,0.183,0.169,0.087,0.088,1.066,1.165,1.217,1.113,0.989,1.09,1.217,1.163,1.225,1.013,0.089,0.088,1.029,1.088,0.876,1.094,1.15,1.105,0.914,1.117,1.08,1.07,0.089,0.088,1.067,0.911,0.783,0.09,1.126,1.129,1.13,1.04,1.131,1.096,0.09,0.087,0.087,0.088,0.087,0.09,0.088,0.087,0.089,0.086,0.088,0.088,0.087
,7:09:16,36.1,0.089,0.089,0.087,0.087,0.089,0.087,0.088,0.089,0.087,0.088,0.088,0.09,0.088,0.171,0.202,0.217,0.225,0.13,0.238,0.202,0.155,0.224,0.113,0.088,0.088,0.189,0.198,0.145,0.16,0.206,0.241,0.183,0.199,0.178,0.185,0.089,0.088,0.184,0.198,0.177,0.082,0.212,0.196,0.227,0.178,0.185,0.171,0.087,0.088,1.076,1.173,1.224,1.119,0.997,1.093,1.223,1.168,1.232,1.022,0.089,0.088,1.033,1.096,0.877,1.102,1.157,1.114,0.92,1.125,1.09,1.081,0.089,0.089,1.073,0.916,0.793,0.09,1.133,1.135,1.137,1.05,1.138,1.103,0.09,0.087,0.087,0.088,0.088,0.09,0.088,0.087,0.089,0.086,0.088,0.088,0.087
,7:14:16,36.1,0.089,0.088,0.087,0.087,0.089,0.087,0.088,0.089,0.087,0.088,0.088,0.09,0.088,0.172,0.203,0.218,0.225,0.133,0.241,0.204,0.157,0.225,0.115,0.088,0.088,0.19,0.2,0.146,0.161,0.207,0.242,0.184,0.198,0.181,0.186,0.089,0.088,0.186,0.2,0.177,0.082,0.214,0.194,0.229,0.179,0.187,0.178,0.087,0.088,1.085,1.18,1.229,1.123,1.006,1.096,1.229,1.172,1.237,1.031,0.089,0.088,1.037,1.102,0.879,1.109,1.161,1.12,0.924,1.131,1.098,1.09,0.089,0.088,1.078,0.919,0.802,0.09,1.139,1.14,1.143,1.06,1.144,1.109,0.09,0.087,0.087,0.088,0.087,0.089,0.088,0.087,0.088,0.086,0.088,0.088,0.087
,7:19:16,36,0.089,0.088,0.087,0.086,0.089,0.087,0.087,0.089,0.087,0.087,0.088,0.089,0.088,0.172,0.205,0.22,0.227,0.132,0.24,0.206,0.158,0.225,0.115,0.088,0.088,0.191,0.201,0.146,0.163,0.209,0.243,0.185,0.197,0.182,0.188,0.089,0.088,0.187,0.2,0.18,0.082,0.215,0.2,0.23,0.181,0.189,0.175,0.086,0.087,1.093,1.186,1.232,1.128,1.011,1.097,1.234,1.177,1.242,1.039,0.088,0.088,1.04,1.108,0.88,1.115,1.166,1.127,0.927,1.137,1.105,1.099,0.088,0.088,1.082,0.924,0.81,0.089,1.144,1.145,1.148,1.07,1.15,1.116,0.089,0.087,0.087,0.087,0.087,0.089,0.088,0.087,0.088,0.086,0.087,0.088,0.087
,7:24:16,36.1,0.089,0.088,0.087,0.087,0.089,0.087,0.088,0.089,0.087,0.088,0.088,0.09,0.088,0.174,0.207,0.222,0.229,0.133,0.242,0.209,0.162,0.226,0.116,0.088,0.088,0.194,0.204,0.148,0.164,0.211,0.247,0.186,0.205,0.185,0.19,0.089,0.088,0.19,0.201,0.182,0.082,0.217,0.201,0.234,0.183,0.191,0.182,0.087,0.088,1.103,1.192,1.237,1.134,1.017,1.101,1.239,1.183,1.249,1.049,0.089,0.088,1.044,1.115,0.883,1.123,1.173,1.135,0.933,1.145,1.114,1.109,0.089,0.088,1.089,0.928,0.82,0.09,1.151,1.152,1.154,1.079,1.156,1.123,0.09,0.087,0.087,0.088,0.087,0.09,0.088,0.087,0.088,0.086,0.088,0.088,0.087
,7:29:16,36,0.089,0.088,0.087,0.087,0.089,0.087,0.088,0.089,0.087,0.088,0.088,0.089,0.088,0.176,0.208,0.224,0.23,0.134,0.243,0.211,0.161,0.231,0.117,0.088,0.088,0.195,0.205,0.147,0.165,0.213,0.249,0.188,0.201,0.187,0.192,0.089,0.088,0.192,0.203,0.184,0.082,0.218,0.203,0.235,0.184,0.193,0.181,0.087,0.088,1.109,1.195,1.24,1.137,1.023,1.102,1.244,1.187,1.254,1.057,0.088,0.088,1.046,1.12,0.884,1.128,1.176,1.138,0.934,1.151,1.119,1.115,0.089,0.088,1.091,0.932,0.829,0.09,1.155,1.155,1.158,1.087,1.161,1.13,0.09,0.087,0.087,0.088,0.087,0.089,0.088,0.087,0.088,0.086,0.088,0.088,0.087
,7:34:16,36,0.089,0.088,0.087,0.087,0.089,0.087,0.088,0.089,0.087,0.087,0.088,0.089,0.088,0.177,0.209,0.226,0.232,0.135,0.247,0.213,0.165,0.234,0.12,0.088,0.088,0.196,0.208,0.15,0.167,0.215,0.253,0.189,0.204,0.189,0.194,0.089,0.088,0.193,0.204,0.187,0.082,0.22,0.203,0.237,0.186,0.196,0.182,0.087,0.088,1.118,1.2,1.244,1.141,1.031,1.107,1.25,1.192,1.259,1.065,0.089,0.088,1.05,1.125,0.887,1.134,1.181,1.145,0.94,1.157,1.128,1.123,0.089,0.088,1.097,0.937,0.837,0.09,1.161,1.161,1.164,1.096,1.166,1.136,0.09,0.087,0.087,0.088,0.087,0.09,0.088,0.087,0.089,0.086,0.088,0.088,0.087
,7:39:16,36,0.09,0.088,0.087,0.087,0.089,0.087,0.088,0.089,0.087,0.088,0.088,0.09,0.088,0.179,0.211,0.229,0.234,0.136,0.249,0.215,0.165,0.235,0.121,0.088,0.088,0.198,0.21,0.15,0.169,0.217,0.253,0.19,0.206,0.191,0.195,0.089,0.088,0.195,0.206,0.189,0.082,0.221,0.204,0.238,0.188,0.198,0.183,0.087,0.088,1.125,1.204,1.247,1.145,1.035,1.11,1.255,1.196,1.264,1.072,0.089,0.088,1.053,1.132,0.89,1.139,1.184,1.151,0.942,1.161,1.134,1.13,0.089,0.088,1.1,0.941,0.847,0.09,1.165,1.166,1.168,1.104,1.171,1.143,0.09,0.087,0.087,0.088,0.087,0.09,0.088,0.087,0.089,0.086,0.088,0.088,0.087
,7:44:16,36,0.089,0.088,0.087,0.087,0.089,0.087,0.088,0.089,0.087,0.087,0.088,0.089,0.088,0.18,0.212,0.23,0.235,0.137,0.248,0.217,0.168,0.236,0.121,0.088,0.088,0.2,0.212,0.152,0.17,0.219,0.257,0.191,0.207,0.194,0.197,0.089,0.088,0.197,0.206,0.192,0.082,0.222,0.205,0.24,0.189,0.2,0.183,0.087,0.088,1.132,1.208,1.25,1.148,1.039,1.111,1.26,1.2,1.268,1.08,0.088,0.088,1.055,1.137,0.893,1.144,1.189,1.158,0.947,1.167,1.142,1.137,0.089,0.088,1.105,0.944,0.855,0.09,1.17,1.171,1.173,1.111,1.175,1.149,0.09,0.087,0.087,0.088,0.087,0.089,0.088,0.087,0.088,0.086,0.087,0.088,0.087
,7:49:16,36,0.089,0.088,0.087,0.087,0.089,0.087,0.088,0.089,0.087,0.088,0.088,0.089,0.088,0.182,0.214,0.232,0.237,0.139,0.251,0.219,0.168,0.239,0.123,0.088,0.088,0.201,0.214,0.153,0.171,0.22,0.262,0.193,0.209,0.196,0.2,0.089,0.088,0.199,0.208,0.193,0.082,0.224,0.206,0.243,0.191,0.202,0.19,0.087,0.088,1.139,1.212,1.254,1.153,1.047,1.114,1.264,1.206,1.273,1.088,0.089,0.088,1.058,1.142,0.896,1.149,1.194,1.165,0.95,1.172,1.15,1.144,0.089,0.088,1.11,0.949,0.865,0.09,1.174,1.177,1.178,1.119,1.181,1.156,0.09,0.087,0.087,0.088,0.087,0.09,0.088,0.087,0.089,0.086,0.088,0.088,0.087
,7:54:16,36.1,0.089,0.088,0.087,0.087,0.089,0.087,0.088,0.089,0.087,0.088,0.088,0.089,0.088,0.183,0.215,0.234,0.239,0.14,0.253,0.222,0.171,0.241,0.125,0.088,0.088,0.202,0.216,0.155,0.173,0.222,0.26,0.194,0.213,0.197,0.201,0.089,0.088,0.201,0.208,0.196,0.082,0.225,0.209,0.245,0.192,0.208,0.182,0.087,0.088,1.145,1.215,1.256,1.155,1.051,1.114,1.268,1.209,1.276,1.094,0.089,0.088,1.06,1.147,0.899,1.153,1.197,1.169,0.951,1.176,1.155,1.15,0.089,0.088,1.112,0.952,0.873,0.09,1.179,1.18,1.181,1.124,1.185,1.162,0.09,0.087,0.087,0.088,0.087,0.09,0.088,0.087,0.089,0.086,0.088,0.088,0.087
,7:59:16,36,0.089,0.088,0.087,0.087,0.089,0.087,0.088,0.089,0.087,0.088,0.088,0.09,0.088,0.185,0.216,0.235,0.24,0.141,0.255,0.224,0.172,0.243,0.125,0.088,0.088,0.204,0.217,0.155,0.174,0.224,0.261,0.196,0.213,0.2,0.203,0.089,0.088,0.202,0.21,0.198,0.082,0.227,0.212,0.246,0.194,0.207,0.19,0.087,0.088,1.152,1.218,1.259,1.159,1.057,1.117,1.271,1.214,1.281,1.101,0.089,0.088,1.063,1.152,0.902,1.159,1.201,1.174,0.956,1.181,1.161,1.156,0.089,0.088,1.117,0.954,0.882,0.089,1.183,1.184,1.185,1.128,1.19,1.169,0.09,0.087,0.087,0.088,0.087,0.089,0.088,0.087,0.089,0.086,0.088,0.088,0.087
,8:04:16,36.1,0.089,0.089,0.087,0.087,0.089,0.087,0.088,0.089,0.087,0.088,0.088,0.09,0.088,0.186,0.218,0.236,0.242,0.143,0.257,0.226,0.174,0.246,0.128,0.088,0.088,0.205,0.22,0.157,0.175,0.226,0.263,0.197,0.217,0.201,0.206,0.089,0.088,0.205,0.211,0.201,0.083,0.228,0.213,0.249,0.195,0.209,0.186,0.087,0.088,1.158,1.221,1.262,1.162,1.064,1.119,1.275,1.217,1.284,1.108,0.089,0.088,1.065,1.157,0.906,1.162,1.205,1.179,0.959,1.187,1.166,1.162,0.089,0.088,1.121,0.959,0.89,0.09,1.189,1.188,1.189,1.131,1.194,1.177,0.09,0.087,0.087,0.088,0.087,0.09,0.088,0.087,0.089,0.086,0.088,0.088,0.087
,8:09:16,36,0.089,0.088,0.087,0.087,0.089,0.087,0.088,0.089,0.087,0.088,0.088,0.089,0.088,0.187,0.219,0.238,0.244,0.144,0.259,0.229,0.176,0.248,0.129,0.088,0.088,0.207,0.225,0.157,0.176,0.227,0.264,0.199,0.221,0.205,0.207,0.089,0.088,0.206,0.212,0.203,0.082,0.229,0.216,0.25,0.196,0.211,0.193,0.087,0.088,1.164,1.224,1.264,1.165,1.067,1.119,1.278,1.221,1.289,1.113,0.089,0.088,1.067,1.162,0.909,1.166,1.209,1.181,0.96,1.19,1.169,1.167,0.089,0.088,1.124,0.96,0.9,0.09,1.192,1.19,1.192,1.136,1.199,1.182,0.09,0.087,0.087,0.088,0.087,0.089,0.088,0.087,0.089,0.086,0.088,0.088,0.087
,8:14:16,36.1,0.089,0.088,0.087,0.087,0.089,0.087,0.088,0.089,0.087,0.087,0.088,0.089,0.088,0.189,0.221,0.239,0.245,0.151,0.261,0.231,0.178,0.251,0.13,0.088,0.088,0.209,0.226,0.159,0.179,0.229,0.266,0.2,0.222,0.206,0.21,0.089,0.088,0.208,0.213,0.204,0.082,0.231,0.218,0.251,0.198,0.215,0.19,0.087,0.088,1.169,1.227,1.267,1.168,1.077,1.122,1.281,1.226,1.292,1.119,0.089,0.088,1.069,1.168,0.912,1.169,1.212,1.185,0.964,1.196,1.173,1.173,0.089,0.088,1.128,0.961,0.908,0.09,1.196,1.194,1.197,1.14,1.203,1.187,0.09,0.087,0.087,0.088,0.087,0.09,0.088,0.087,0.089,0.086,0.088,0.088,0.087
,8:19:16,36,0.089,0.088,0.087,0.087,0.089,0.087,0.088,0.089,0.087,0.087,0.088,0.089,0.088,0.19,0.222,0.241,0.247,0.146,0.263,0.233,0.179,0.254,0.132,0.088,0.088,0.209,0.228,0.159,0.181,0.23,0.268,0.202,0.223,0.208,0.211,0.089,0.088,0.21,0.213,0.206,0.082,0.231,0.216,0.254,0.198,0.216,0.191,0.086,0.088,1.175,1.229,1.269,1.171,1.083,1.123,1.284,1.229,1.294,1.124,0.089,0.088,1.071,1.171,0.916,1.172,1.215,1.188,0.965,1.199,1.176,1.178,0.089,0.088,1.132,0.963,0.917,0.09,1.199,1.196,1.201,1.145,1.207,1.191,0.089,0.087,0.087,0.088,0.087,0.089,0.088,0.087,0.089,0.086,0.087,0.088,0.087
,8:24:16,36,0.089,0.088,0.087,0.087,0.089,0.087,0.088,0.089,0.087,0.088,0.088,0.09,0.088,0.191,0.223,0.242,0.249,0.148,0.265,0.235,0.18,0.257,0.134,0.088,0.088,0.21,0.231,0.162,0.182,0.232,0.27,0.204,0.225,0.209,0.214,0.089,0.088,0.212,0.215,0.209,0.083,0.232,0.219,0.255,0.2,0.218,0.192,0.087,0.088,1.181,1.232,1.272,1.174,1.088,1.125,1.287,1.233,1.299,1.13,0.089,0.088,1.073,1.175,0.919,1.175,1.218,1.191,0.969,1.204,1.181,1.183,0.089,0.088,1.137,0.968,0.926,0.09,1.204,1.199,1.206,1.15,1.213,1.195,0.09,0.087,0.087,0.088,0.087,0.09,0.088,0.087,0.089,0.086,0.088,0.088,0.087
,8:29:16,36.1,0.089,0.088,0.087,0.087,0.089,0.087,0.088,0.089,0.087,0.088,0.088,0.089,0.088,0.193,0.224,0.244,0.25,0.149,0.266,0.238,0.182,0.258,0.135,0.088,0.088,0.212,0.233,0.162,0.183,0.233,0.284,0.206,0.227,0.211,0.216,0.089,0.088,0.214,0.216,0.21,0.083,0.234,0.221,0.257,0.201,0.221,0.199,0.087,0.088,1.186,1.234,1.275,1.176,1.091,1.126,1.29,1.237,1.302,1.135,0.089,0.088,1.075,1.18,0.92,1.179,1.222,1.194,0.97,1.207,1.183,1.188,0.089,0.088,1.14,0.968,0.935,0.09,1.206,1.202,1.209,1.154,1.217,1.199,0.09,0.087,0.087,0.088,0.087,0.09,0.088,0.087,0.088,0.086,0.087,0.088,0.087
,8:34:16,36,0.089,0.088,0.087,0.087,0.089,0.087,0.088,0.089,0.087,0.088,0.088,0.089,0.088,0.194,0.226,0.245,0.251,0.15,0.267,0.24,0.183,0.262,0.136,0.088,0.088,0.213,0.237,0.164,0.186,0.235,0.273,0.207,0.229,0.213,0.218,0.089,0.088,0.217,0.217,0.213,0.083,0.234,0.224,0.259,0.203,0.222,0.193,0.087,0.088,1.191,1.237,1.277,1.18,1.099,1.128,1.293,1.24,1.305,1.14,0.089,0.088,1.077,1.182,0.923,1.182,1.226,1.198,0.974,1.211,1.187,1.193,0.089,0.088,1.145,0.972,0.943,0.09,1.209,1.205,1.213,1.159,1.221,1.203,0.09,0.087,0.087,0.088,0.087,0.09,0.088,0.087,0.089,0.086,0.088,0.088,0.087
,8:39:16,36,0.089,0.088,0.087,0.087,0.089,0.087,0.088,0.089,0.087,0.088,0.088,0.089,0.088,0.196,0.227,0.247,0.253,0.152,0.269,0.242,0.185,0.266,0.139,0.088,0.088,0.214,0.239,0.165,0.186,0.236,0.274,0.208,0.232,0.214,0.22,0.089,0.088,0.219,0.218,0.216,0.083,0.236,0.224,0.26,0.205,0.225,0.198,0.087,0.088,1.195,1.239,1.28,1.181,1.104,1.129,1.296,1.244,1.307,1.144,0.089,0.088,1.079,1.184,0.926,1.184,1.228,1.2,0.975,1.214,1.19,1.196,0.089,0.088,1.148,0.974,0.953,0.09,1.212,1.207,1.216,1.164,1.224,1.206,0.09,0.087,0.087,0.088,0.087,0.09,0.088,0.087,0.089,0.086,0.088,0.088,0.087
,8:44:16,36.1,0.089,0.088,0.087,0.087,0.089,0.087,0.088,0.089,0.087,0.088,0.088,0.089,0.088,0.197,0.228,0.248,0.255,0.153,0.27,0.244,0.187,0.267,0.139,0.088,0.088,0.215,0.24,0.167,0.189,0.237,0.275,0.209,0.235,0.216,0.223,0.089,0.088,0.221,0.219,0.218,0.083,0.237,0.224,0.262,0.205,0.227,0.196,0.087,0.088,1.2,1.241,1.283,1.183,1.105,1.13,1.298,1.248,1.31,1.148,0.089,0.088,1.081,1.187,0.93,1.187,1.232,1.202,0.976,1.217,1.192,1.201,0.089,0.088,1.151,0.978,0.961,0.09,1.215,1.21,1.217,1.169,1.227,1.209,0.09,0.087,0.087,0.088,0.088,0.089,0.088,0.087,0.089,0.086,0.088,0.088,0.087
,8:49:16,36,0.089,0.088,0.087,0.087,0.089,0.087,0.088,0.089,0.087,0.088,0.088,0.09,0.088,0.199,0.229,0.249,0.256,0.155,0.264,0.247,0.188,0.269,0.142,0.088,0.088,0.216,0.244,0.168,0.191,0.238,0.278,0.21,0.236,0.219,0.225,0.089,0.088,0.223,0.222,0.221,0.083,0.239,0.229,0.264,0.207,0.23,0.201,0.087,0.088,1.205,1.244,1.286,1.187,1.109,1.133,1.302,1.253,1.313,1.153,0.089,0.088,1.083,1.19,0.933,1.191,1.236,1.206,0.98,1.222,1.196,1.205,0.089,0.088,1.156,0.98,0.97,0.09,1.218,1.213,1.221,1.174,1.232,1.213,0.09,0.087,0.087,0.088,0.088,0.09,0.088,0.087,0.089,0.086,0.088,0.088,0.087
,8:54:16,36.1,0.089,0.088,0.087,0.087,0.089,0.087,0.088,0.089,0.087,0.088,0.088,0.089,0.088,0.2,0.23,0.251,0.258,0.156,0.272,0.249,0.19,0.273,0.144,0.088,0.088,0.217,0.245,0.17,0.191,0.239,0.279,0.211,0.238,0.22,0.227,0.089,0.088,0.225,0.222,0.222,0.083,0.24,0.227,0.265,0.208,0.232,0.199,0.087,0.088,1.21,1.245,1.288,1.188,1.115,1.133,1.305,1.256,1.316,1.157,0.089,0.088,1.084,1.193,0.935,1.192,1.238,1.208,0.981,1.224,1.198,1.21,0.089,0.088,1.159,0.98,0.979,0.09,1.221,1.214,1.223,1.176,1.234,1.215,0.09,0.087,0.087,0.088,0.087,0.09,0.088,0.087,0.089,0.086,0.088,0.088,0.087
,8:59:16,36.1,0.089,0.088,0.087,0.087,0.089,0.087,0.088,0.089,0.087,0.087,0.088,0.089,0.088,0.201,0.23,0.252,0.259,0.157,0.274,0.252,0.191,0.274,0.145,0.088,0.088,0.218,0.246,0.172,0.193,0.24,0.281,0.214,0.241,0.222,0.23,0.089,0.088,0.227,0.223,0.223,0.083,0.241,0.228,0.267,0.209,0.234,0.201,0.087,0.088,1.215,1.247,1.29,1.191,1.118,1.133,1.307,1.258,1.318,1.159,0.089,0.088,1.086,1.195,0.936,1.195,1.24,1.21,0.981,1.226,1.2,1.213,0.089,0.088,1.163,0.984,0.988,0.09,1.224,1.216,1.224,1.18,1.236,1.218,0.09,0.087,0.087,0.088,0.087,0.089,0.088,0.087,0.089,0.086,0.087,0.088,0.087
,9:04:16,36,0.089,0.088,0.087,0.087,0.089,0.087,0.088,0.089,0.087,0.088,0.088,0.089,0.088,0.203,0.231,0.254,0.261,0.159,0.276,0.254,0.192,0.277,0.147,0.088,0.088,0.219,0.248,0.174,0.193,0.241,0.282,0.216,0.242,0.224,0.231,0.089,0.088,0.229,0.223,0.226,0.083,0.243,0.231,0.268,0.211,0.236,0.201,0.087,0.088,1.219,1.249,1.292,1.192,1.119,1.134,1.309,1.262,1.321,1.163,0.089,0.088,1.087,1.198,0.938,1.197,1.243,1.212,0.984,1.229,1.202,1.216,0.089,0.088,1.165,0.985,0.996,0.09,1.228,1.217,1.226,1.183,1.239,1.22,0.09,0.087,0.087,0.088,0.088,0.09,0.088,0.087,0.089,0.086,0.088,0.088,0.087
,9:09:16,36,0.089,0.088,0.087,0.087,0.089,0.087,0.088,0.089,0.087,0.087,0.088,0.089,0.088,0.204,0.232,0.255,0.262,0.16,0.276,0.256,0.194,0.28,0.148,0.088,0.088,0.22,0.251,0.175,0.196,0.242,0.283,0.218,0.245,0.225,0.234,0.089,0.088,0.231,0.224,0.23,0.083,0.243,0.232,0.27,0.212,0.238,0.201,0.087,0.088,1.223,1.251,1.294,1.194,1.125,1.135,1.311,1.264,1.323,1.166,0.088,0.088,1.088,1.2,0.94,1.2,1.245,1.214,0.987,1.233,1.204,1.219,0.089,0.088,1.169,0.988,1.004,0.09,1.23,1.219,1.228,1.186,1.242,1.223,0.09,0.087,0.087,0.088,0.087,0.09,0.088,0.087,0.088,0.086,0.088,0.088,0.087
,9:14:16,36,0.089,0.088,0.087,0.087,0.089,0.087,0.088,0.089,0.087,0.087,0.088,0.09,0.088,0.211,0.234,0.256,0.263,0.162,0.278,0.259,0.195,0.283,0.151,0.088,0.088,0.221,0.253,0.177,0.198,0.243,0.284,0.218,0.247,0.228,0.236,0.089,0.088,0.234,0.225,0.231,0.083,0.245,0.232,0.271,0.214,0.241,0.204,0.087,0.088,1.226,1.254,1.297,1.197,1.128,1.136,1.313,1.267,1.326,1.168,0.089,0.088,1.089,1.202,0.94,1.202,1.248,1.217,0.99,1.236,1.208,1.223,0.089,0.088,1.173,0.991,1.012,0.09,1.233,1.221,1.23,1.189,1.244,1.225,0.09,0.087,0.087,0.088,0.087,0.09,0.088,0.087,0.089,0.086,0.088,0.088,0.087
,9:19:16,36.1,0.089,0.088,0.087,0.087,0.089,0.087,0.088,0.089,0.087,0.088,0.088,0.089,0.088,0.207,0.235,0.257,0.265,0.164,0.279,0.261,0.197,0.286,0.152,0.088,0.088,0.222,0.254,0.179,0.2,0.244,0.286,0.221,0.25,0.23,0.238,0.089,0.088,0.236,0.226,0.234,0.083,0.246,0.236,0.272,0.216,0.243,0.211,0.087,0.088,1.231,1.256,1.298,1.199,1.129,1.137,1.315,1.269,1.328,1.171,0.088,0.088,1.091,1.205,0.941,1.205,1.251,1.219,0.992,1.239,1.21,1.226,0.089,0.088,1.176,0.991,1.02,0.09,1.235,1.223,1.232,1.192,1.248,1.228,0.09,0.087,0.087,0.088,0.087,0.09,0.088,0.087,0.089,0.086,0.088,0.088,0.087
,9:24:16,36,0.089,0.088,0.087,0.087,0.089,0.087,0.088,0.089,0.087,0.088,0.088,0.089,0.088,0.208,0.236,0.258,0.266,0.165,0.278,0.263,0.199,0.288,0.153,0.088,0.088,0.223,0.256,0.181,0.204,0.246,0.285,0.222,0.25,0.232,0.24,0.089,0.088,0.238,0.228,0.234,0.083,0.248,0.236,0.273,0.217,0.245,0.206,0.086,0.088,1.234,1.257,1.3,1.201,1.135,1.139,1.317,1.271,1.331,1.174,0.089,0.088,1.092,1.207,0.942,1.208,1.253,1.22,0.994,1.244,1.213,1.229,0.089,0.088,1.179,0.994,1.027,0.09,1.237,1.224,1.234,1.194,1.25,1.229,0.09,0.087,0.087,0.088,0.087,0.09,0.088,0.087,0.089,0.086,0.087,0.088,0.087
,9:29:16,36,0.089,0.088,0.087,0.087,0.089,0.087,0.088,0.089,0.087,0.088,0.088,0.089,0.088,0.212,0.238,0.259,0.268,0.166,0.277,0.265,0.2,0.291,0.155,0.088,0.088,0.224,0.253,0.183,0.203,0.247,0.287,0.224,0.252,0.234,0.242,0.089,0.088,0.24,0.229,0.231,0.083,0.249,0.237,0.275,0.218,0.246,0.207,0.087,0.088,1.238,1.259,1.303,1.203,1.139,1.14,1.319,1.273,1.333,1.177,0.089,0.088,1.093,1.209,0.944,1.211,1.255,1.223,0.997,1.248,1.215,1.232,0.089,0.088,1.183,0.997,1.034,0.09,1.239,1.226,1.236,1.197,1.252,1.231,0.09,0.087,0.087,0.088,0.087,0.09,0.088,0.087,0.089,0.086,0.088,0.088,0.087
,9:34:16,36,0.089,0.088,0.087,0.087,0.089,0.087,0.088,0.089,0.087,0.088,0.088,0.09,0.088,0.22,0.238,0.26,0.269,0.168,0.281,0.268,0.201,0.294,0.156,0.088,0.088,0.224,0.257,0.185,0.208,0.248,0.288,0.226,0.255,0.235,0.244,0.089,0.088,0.242,0.23,0.234,0.083,0.251,0.238,0.276,0.219,0.249,0.208,0.087,0.088,1.241,1.26,1.305,1.204,1.14,1.141,1.32,1.275,1.335,1.179,0.089,0.088,1.095,1.212,0.943,1.214,1.257,1.225,0.997,1.25,1.216,1.235,0.089,0.088,1.186,0.999,1.04,0.09,1.24,1.227,1.237,1.199,1.254,1.232,0.09,0.087,0.087,0.088,0.087,0.09,0.088,0.087,0.089,0.086,0.088,0.088,0.087
,9:39:16,36,0.089,0.088,0.087,0.087,0.089,0.087,0.088,0.089,0.087,0.087,0.088,0.089,0.088,0.221,0.239,0.262,0.27,0.169,0.28,0.27,0.203,0.296,0.159,0.088,0.088,0.225,0.257,0.187,0.208,0.249,0.29,0.227,0.255,0.24,0.246,0.089,0.088,0.244,0.231,0.237,0.083,0.251,0.24,0.278,0.221,0.251,0.207,0.086,0.088,1.243,1.261,1.307,1.206,1.146,1.142,1.323,1.277,1.337,1.18,0.089,0.088,1.096,1.213,0.945,1.216,1.258,1.227,1.001,1.252,1.218,1.237,0.089,0.088,1.189,1.001,1.047,0.089,1.242,1.228,1.239,1.2,1.256,1.233,0.09,0.087,0.087,0.088,0.087,0.09,0.088,0.087,0.089,0.086,0.088,0.087,0.087
,9:44:16,36,0.089,0.088,0.087,0.087,0.089,0.087,0.088,0.089,0.087,0.088,0.088,0.089,0.088,0.214,0.241,0.262,0.271,0.171,0.281,0.272,0.204,0.299,0.16,0.088,0.088,0.226,0.258,0.188,0.207,0.249,0.291,0.229,0.259,0.242,0.248,0.089,0.088,0.247,0.232,0.237,0.083,0.253,0.241,0.279,0.223,0.253,0.208,0.087,0.088,1.246,1.263,1.309,1.208,1.149,1.143,1.327,1.278,1.339,1.181,0.089,0.088,1.097,1.215,0.947,1.218,1.26,1.228,1.002,1.255,1.221,1.24,0.089,0.088,1.192,1.005,1.052,0.09,1.243,1.229,1.24,1.202,1.258,1.235,0.09,0.087,0.087,0.088,0.087,0.09,0.088,0.087,0.089,0.086,0.088,0.088,0.087
,9:49:16,36,0.089,0.089,0.087,0.087,0.089,0.087,0.088,0.089,0.087,0.088,0.088,0.09,0.088,0.223,0.242,0.263,0.273,0.172,0.282,0.275,0.205,0.303,0.161,0.088,0.088,0.228,0.26,0.19,0.21,0.251,0.293,0.231,0.26,0.245,0.25,0.089,0.088,0.249,0.233,0.24,0.083,0.254,0.243,0.28,0.225,0.256,0.213,0.087,0.088,1.249,1.265,1.312,1.209,1.151,1.143,1.329,1.279,1.341,1.183,0.089,0.088,1.098,1.218,0.948,1.22,1.263,1.23,1.004,1.257,1.223,1.243,0.089,0.088,1.196,1.008,1.059,0.09,1.246,1.231,1.243,1.204,1.261,1.237,0.09,0.087,0.087,0.088,0.087,0.09,0.088,0.087,0.089,0.086,0.088,0.088,0.087
,9:54:16,36,0.089,0.088,0.087,0.087,0.089,0.087,0.088,0.089,0.087,0.088,0.088,0.089,0.088,0.221,0.243,0.264,0.274,0.173,0.283,0.277,0.207,0.306,0.163,0.088,0.088,0.227,0.262,0.192,0.212,0.252,0.294,0.232,0.261,0.247,0.252,0.089,0.088,0.251,0.234,0.242,0.083,0.255,0.243,0.281,0.226,0.257,0.214,0.087,0.088,1.251,1.267,1.314,1.21,1.153,1.143,1.33,1.28,1.344,1.185,0.089,0.088,1.1,1.22,0.949,1.222,1.263,1.232,1.003,1.259,1.224,1.246,0.089,0.088,1.198,1.008,1.064,0.09,1.246,1.231,1.243,1.206,1.263,1.238,0.09,0.087,0.087,0.088,0.088,0.09,0.088,0.087,0.089,0.086,0.088,0.088,0.087
,9:59:16,36,0.089,0.088,0.087,0.087,0.089,0.087,0.088,0.089,0.087,0.088,0.088,0.089,0.088,0.218,0.245,0.264,0.275,0.175,0.284,0.279,0.209,0.309,0.164,0.088,0.088,0.228,0.264,0.194,0.215,0.253,0.296,0.233,0.263,0.248,0.254,0.089,0.088,0.253,0.234,0.245,0.083,0.257,0.246,0.282,0.226,0.26,0.211,0.087,0.088,1.254,1.271,1.317,1.213,1.155,1.144,1.332,1.282,1.346,1.187,0.089,0.088,1.102,1.222,0.951,1.224,1.267,1.235,1.004,1.26,1.226,1.249,0.089,0.088,1.203,1.012,1.069,0.09,1.249,1.233,1.245,1.208,1.265,1.239,0.09,0.087,0.087,0.088,0.088,0.09,0.088,0.087,0.089,0.086,0.088,0.088,0.087
,10:04:16,36.1,0.089,0.088,0.087,0.087,0.089,0.087,0.088,0.089,0.087,0.087,0.088,0.089,0.088,0.22,0.245,0.265,0.276,0.177,0.286,0.282,0.21,0.312,0.167,0.088,0.088,0.229,0.266,0.196,0.214,0.254,0.297,0.235,0.267,0.25,0.256,0.089,0.088,0.256,0.235,0.249,0.083,0.257,0.253,0.282,0.229,0.263,0.217,0.087,0.088,1.256,1.272,1.319,1.214,1.158,1.143,1.332,1.283,1.347,1.188,0.088,0.088,1.104,1.225,0.952,1.225,1.267,1.234,1.003,1.262,1.226,1.25,0.089,0.088,1.205,1.014,1.075,0.09,1.249,1.232,1.246,1.208,1.266,1.24,0.09,0.087,0.087,0.088,0.088,0.09,0.088,0.087,0.089,0.086,0.088,0.088,0.087
,10:09:16,36,0.089,0.088,0.087,0.087,0.089,0.087,0.088,0.089,0.087,0.088,0.088,0.089,0.088,0.222,0.246,0.265,0.277,0.178,0.287,0.284,0.212,0.316,0.17,0.088,0.088,0.229,0.267,0.197,0.217,0.255,0.298,0.237,0.265,0.252,0.258,0.089,0.088,0.258,0.237,0.252,0.083,0.259,0.249,0.284,0.229,0.265,0.214,0.087,0.088,1.259,1.274,1.32,1.217,1.163,1.144,1.333,1.284,1.348,1.19,0.089,0.088,1.105,1.226,0.955,1.227,1.27,1.238,1.007,1.264,1.23,1.252,0.089,0.088,1.209,1.016,1.079,0.09,1.252,1.235,1.248,1.211,1.27,1.241,0.09,0.087,0.087,0.088,0.087,0.09,0.088,0.087,0.089,0.086,0.088,0.088,0.087
,10:14:16,36,0.089,0.088,0.087,0.087,0.089,0.087,0.088,0.089,0.087,0.088,0.088,0.089,0.088,0.223,0.247,0.266,0.279,0.18,0.288,0.286,0.213,0.319,0.171,0.088,0.088,0.23,0.268,0.199,0.216,0.256,0.299,0.239,0.269,0.253,0.26,0.089,0.088,0.26,0.238,0.255,0.083,0.26,0.253,0.286,0.23,0.267,0.218,0.087,0.088,1.261,1.276,1.321,1.217,1.165,1.144,1.333,1.287,1.349,1.19,0.089,0.088,1.106,1.228,0.955,1.227,1.27,1.239,1.006,1.265,1.231,1.254,0.089,0.088,1.21,1.018,1.085,0.09,1.253,1.236,1.249,1.212,1.271,1.242,0.09,0.087,0.087,0.088,0.088,0.09,0.088,0.087,0.089,0.086,0.088,0.088,0.087
,10:19:16,36.1,0.089,0.088,0.087,0.087,0.089,0.087,0.088,0.089,0.087,0.088,0.088,0.089,0.088,0.224,0.249,0.267,0.28,0.181,0.29,0.289,0.215,0.322,0.173,0.088,0.088,0.231,0.27,0.2,0.219,0.256,0.3,0.241,0.271,0.255,0.262,0.089,0.088,0.263,0.24,0.259,0.083,0.261,0.251,0.285,0.235,0.27,0.219,0.087,0.088,1.263,1.276,1.322,1.218,1.167,1.143,1.333,1.288,1.351,1.191,0.089,0.088,1.107,1.229,0.955,1.229,1.272,1.24,1.006,1.267,1.233,1.256,0.089,0.088,1.212,1.018,1.09,0.09,1.255,1.236,1.251,1.214,1.274,1.243,0.09,0.087,0.087,0.088,0.088,0.09,0.088,0.087,0.089,0.086,0.088,0.088,0.087
,10:24:16,36,0.089,0.088,0.087,0.087,0.089,0.087,0.088,0.089,0.087,0.088,0.088,0.089,0.088,0.226,0.251,0.268,0.281,0.183,0.291,0.291,0.216,0.326,0.175,0.088,0.088,0.231,0.272,0.202,0.219,0.258,0.301,0.242,0.274,0.256,0.264,0.089,0.088,0.265,0.239,0.261,0.083,0.262,0.253,0.286,0.234,0.272,0.222,0.087,0.088,1.266,1.276,1.322,1.219,1.17,1.143,1.333,1.29,1.351,1.192,0.089,0.088,1.108,1.231,0.956,1.23,1.273,1.241,1.006,1.268,1.234,1.257,0.089,0.088,1.214,1.022,1.094,0.09,1.255,1.238,1.251,1.214,1.275,1.244,0.09,0.087,0.087,0.088,0.088,0.09,0.088,0.087,0.089,0.086,0.088,0.088,0.087
,10:29:16,36.1,0.089,0.088,0.087,0.087,0.089,0.087,0.088,0.089,0.087,0.088,0.088,0.089,0.088,0.227,0.251,0.269,0.282,0.185,0.292,0.294,0.218,0.329,0.177,0.088,0.088,0.232,0.273,0.203,0.221,0.258,0.302,0.245,0.275,0.257,0.266,0.089,0.088,0.267,0.24,0.265,0.083,0.263,0.256,0.288,0.235,0.275,0.224,0.087,0.088,1.268,1.275,1.322,1.222,1.172,1.142,1.332,1.293,1.353,1.195,0.089,0.088,1.108,1.234,0.957,1.232,1.275,1.243,1.007,1.27,1.236,1.261,0.089,0.088,1.217,1.022,1.098,0.09,1.256,1.24,1.253,1.218,1.278,1.246,0.09,0.087,0.087,0.088,0.088,0.09,0.088,0.087,0.089,0.086,0.088,0.088,0.087
,10:34:16,36,0.089,0.088,0.087,0.087,0.089,0.087,0.087,0.089,0.087,0.088,0.088,0.089,0.088,0.229,0.253,0.27,0.283,0.186,0.293,0.295,0.219,0.333,0.179,0.088,0.088,0.232,0.274,0.204,0.222,0.259,0.303,0.247,0.278,0.258,0.268,0.089,0.088,0.269,0.241,0.271,0.083,0.264,0.255,0.29,0.236,0.277,0.225,0.086,0.088,1.271,1.275,1.323,1.223,1.177,1.141,1.332,1.294,1.353,1.196,0.088,0.088,1.108,1.235,0.959,1.233,1.277,1.244,1.007,1.272,1.238,1.261,0.089,0.088,1.219,1.024,1.103,0.089,1.258,1.242,1.254,1.218,1.28,1.247,0.089,0.087,0.087,0.088,0.087,0.089,0.088,0.087,0.089,0.086,0.088,0.088,0.087
,10:39:16,36.1,0.089,0.088,0.087,0.087,0.089,0.087,0.088,0.089,0.087,0.088,0.088,0.089,0.088,0.23,0.254,0.27,0.284,0.188,0.294,0.298,0.221,0.336,0.181,0.088,0.088,0.233,0.276,0.207,0.225,0.26,0.304,0.249,0.278,0.259,0.27,0.089,0.088,0.272,0.242,0.273,0.083,0.265,0.257,0.29,0.238,0.279,0.226,0.087,0.088,1.273,1.274,1.322,1.225,1.178,1.14,1.331,1.295,1.353,1.197,0.089,0.088,1.11,1.237,0.957,1.235,1.278,1.245,1.007,1.273,1.24,1.262,0.089,0.088,1.221,1.026,1.107,0.09,1.259,1.243,1.255,1.22,1.281,1.248,0.09,0.087,0.087,0.088,0.087,0.09,0.088,0.087,0.089,0.086,0.088,0.088,0.087
,10:44:16,36,0.089,0.088,0.087,0.087,0.089,0.087,0.088,0.089,0.087,0.087,0.088,0.089,0.088,0.232,0.255,0.27,0.285,0.19,0.295,0.3,0.223,0.339,0.182,0.088,0.088,0.233,0.278,0.209,0.224,0.261,0.306,0.251,0.278,0.259,0.272,0.089,0.088,0.274,0.244,0.277,0.083,0.265,0.257,0.29,0.238,0.281,0.226,0.087,0.088,1.275,1.274,1.323,1.228,1.181,1.139,1.33,1.296,1.353,1.198,0.089,0.088,1.112,1.24,0.961,1.238,1.281,1.247,1.007,1.275,1.242,1.265,0.089,0.088,1.226,1.026,1.112,0.09,1.261,1.244,1.257,1.222,1.283,1.25,0.09,0.087,0.087,0.088,0.087,0.09,0.088,0.087,0.089,0.086,0.088,0.088,0.087
,10:49:16,36.1,0.089,0.088,0.087,0.087,0.089,0.087,0.088,0.089,0.087,0.088,0.088,0.089,0.088,0.234,0.256,0.271,0.286,0.191,0.296,0.303,0.224,0.342,0.185,0.088,0.088,0.234,0.279,0.211,0.226,0.261,0.307,0.254,0.281,0.261,0.274,0.089,0.088,0.276,0.244,0.281,0.083,0.267,0.258,0.291,0.241,0.284,0.228,0.087,0.088,1.277,1.272,1.322,1.228,1.183,1.137,1.33,1.296,1.353,1.198,0.089,0.089,1.111,1.24,0.96,1.236,1.28,1.248,1.007,1.276,1.242,1.265,0.089,0.088,1.226,1.026,1.116,0.09,1.261,1.244,1.257,1.222,1.285,1.251,0.09,0.087,0.087,0.088,0.087,0.09,0.088,0.087,0.089,0.086,0.088,0.088,0.087
,10:54:16,36,0.089,0.088,0.087,0.087,0.089,0.087,0.088,0.089,0.087,0.087,0.088,0.089,0.088,0.235,0.257,0.271,0.287,0.192,0.298,0.305,0.225,0.345,0.186,0.088,0.088,0.234,0.281,0.212,0.227,0.262,0.308,0.255,0.283,0.262,0.276,0.089,0.088,0.278,0.245,0.281,0.083,0.267,0.261,0.293,0.242,0.287,0.229,0.087,0.088,1.28,1.271,1.322,1.229,1.186,1.135,1.329,1.296,1.353,1.199,0.089,0.088,1.111,1.241,0.96,1.237,1.281,1.249,1.007,1.277,1.244,1.267,0.089,0.088,1.228,1.028,1.12,0.09,1.262,1.246,1.258,1.223,1.286,1.252,0.09,0.087,0.087,0.088,0.087,0.09,0.088,0.087,0.089,0.086,0.088,0.088,0.087
,10:59:16,36,0.089,0.088,0.087,0.087,0.089,0.087,0.088,0.089,0.087,0.087,0.088,0.089,0.088,0.237,0.257,0.272,0.288,0.194,0.299,0.308,0.227,0.348,0.188,0.088,0.088,0.234,0.283,0.215,0.231,0.263,0.309,0.257,0.284,0.263,0.278,0.089,0.088,0.281,0.245,0.283,0.083,0.268,0.261,0.293,0.243,0.288,0.232,0.087,0.088,1.285,1.269,1.321,1.232,1.186,1.133,1.329,1.298,1.354,1.202,0.089,0.088,1.112,1.243,0.96,1.239,1.284,1.251,1.006,1.28,1.245,1.27,0.089,0.088,1.231,1.029,1.123,0.09,1.262,1.248,1.26,1.226,1.288,1.254,0.09,0.087,0.087,0.088,0.087,0.09,0.088,0.087,0.089,0.086,0.088,0.088,0.087
,11:04:16,36,0.089,0.088,0.087,0.087,0.089,0.087,0.088,0.089,0.087,0.088,0.088,0.089,0.088,0.239,0.259,0.274,0.29,0.196,0.3,0.309,0.229,0.352,0.19,0.088,0.088,0.235,0.284,0.219,0.233,0.264,0.31,0.26,0.287,0.265,0.281,0.089,0.088,0.283,0.247,0.286,0.083,0.269,0.262,0.294,0.245,0.291,0.232,0.087,0.088,1.29,1.269,1.321,1.234,1.189,1.132,1.328,1.299,1.354,1.202,0.089,0.088,1.112,1.243,0.961,1.24,1.286,1.253,1.007,1.281,1.247,1.271,0.089,0.088,1.233,1.029,1.127,0.09,1.264,1.249,1.261,1.227,1.29,1.256,0.09,0.087,0.087,0.088,0.087,0.09,0.088,0.087,0.089,0.086,0.088,0.088,0.087
,11:09:16,36,0.089,0.089,0.087,0.087,0.089,0.087,0.088,0.089,0.087,0.088,0.088,0.089,0.088,0.24,0.26,0.274,0.292,0.198,0.3,0.312,0.23,0.357,0.192,0.088,0.088,0.236,0.285,0.221,0.233,0.265,0.311,0.263,0.288,0.266,0.283,0.089,0.088,0.285,0.247,0.289,0.083,0.27,0.264,0.295,0.246,0.295,0.232,0.087,0.088,1.293,1.268,1.321,1.234,1.193,1.13,1.327,1.298,1.353,1.202,0.089,0.089,1.113,1.245,0.962,1.24,1.287,1.255,1.005,1.282,1.247,1.272,0.089,0.088,1.235,1.03,1.131,0.09,1.265,1.25,1.263,1.229,1.291,1.258,0.09,0.087,0.088,0.088,0.088,0.09,0.088,0.087,0.089,0.086,0.088,0.088,0.087
,11:14:16,36,0.089,0.088,0.087,0.087,0.089,0.087,0.088,0.089,0.087,0.088,0.088,0.089,0.088,0.242,0.261,0.274,0.291,0.201,0.302,0.314,0.231,0.363,0.194,0.088,0.088,0.236,0.287,0.223,0.234,0.266,0.311,0.265,0.292,0.267,0.284,0.089,0.088,0.287,0.249,0.291,0.083,0.271,0.266,0.295,0.247,0.296,0.234,0.087,0.088,1.294,1.266,1.32,1.235,1.194,1.127,1.326,1.298,1.353,1.203,0.088,0.089,1.112,1.246,0.96,1.241,1.288,1.255,1.006,1.282,1.248,1.272,0.089,0.088,1.236,1.031,1.134,0.089,1.265,1.252,1.263,1.231,1.292,1.259,0.09,0.087,0.087,0.088,0.087,0.09,0.088,0.087,0.089,0.086,0.088,0.088,0.087
,11:19:16,36,0.089,0.088,0.087,0.087,0.089,0.087,0.088,0.089,0.087,0.088,0.088,0.089,0.088,0.244,0.263,0.275,0.292,0.201,0.302,0.316,0.232,0.369,0.196,0.088,0.088,0.236,0.288,0.225,0.236,0.267,0.312,0.267,0.293,0.267,0.286,0.089,0.088,0.29,0.249,0.296,0.083,0.271,0.27,0.296,0.248,0.298,0.233,0.087,0.088,1.295,1.266,1.32,1.236,1.196,1.126,1.325,1.298,1.353,1.204,0.089,0.088,1.112,1.247,0.962,1.241,1.288,1.257,1.005,1.284,1.249,1.274,0.089,0.088,1.239,1.032,1.137,0.09,1.266,1.253,1.263,1.232,1.294,1.261,0.09,0.087,0.087,0.088,0.088,0.09,0.088,0.087,0.089,0.086,0.088,0.088,0.087
,11:24:16,36,0.089,0.088,0.087,0.087,0.089,0.087,0.088,0.089,0.087,0.087,0.088,0.089,0.088,0.245,0.264,0.276,0.293,0.202,0.303,0.319,0.234,0.374,0.197,0.088,0.088,0.236,0.29,0.227,0.236,0.269,0.313,0.269,0.293,0.269,0.289,0.089,0.088,0.292,0.25,0.298,0.083,0.271,0.267,0.296,0.249,0.3,0.235,0.087,0.088,1.295,1.265,1.32,1.236,1.199,1.124,1.324,1.298,1.352,1.205,0.088,0.088,1.112,1.248,0.962,1.243,1.29,1.259,1.005,1.286,1.25,1.274,0.089,0.088,1.242,1.034,1.142,0.09,1.268,1.253,1.265,1.233,1.295,1.263,0.09,0.087,0.087,0.088,0.087,0.09,0.088,0.087,0.088,0.086,0.088,0.088,0.087
,11:29:16,36,0.089,0.088,0.087,0.087,0.089,0.087,0.088,0.089,0.087,0.088,0.088,0.089,0.088,0.247,0.265,0.277,0.295,0.204,0.305,0.321,0.235,0.38,0.199,0.088,0.088,0.237,0.291,0.23,0.238,0.269,0.314,0.272,0.296,0.269,0.291,0.089,0.088,0.294,0.25,0.303,0.083,0.273,0.268,0.298,0.25,0.304,0.236,0.087,0.088,1.295,1.263,1.319,1.236,1.201,1.121,1.324,1.298,1.353,1.206,0.089,0.088,1.112,1.249,0.961,1.243,1.289,1.26,1.004,1.287,1.251,1.276,0.089,0.088,1.244,1.034,1.145,0.09,1.268,1.253,1.266,1.234,1.296,1.267,0.09,0.087,0.087,0.088,0.087,0.09,0.088,0.087,0.089,0.086,0.088,0.088,0.087
,11:34:16,36,0.089,0.088,0.087,0.087,0.089,0.087,0.088,0.089,0.087,0.088,0.088,0.089,0.088,0.249,0.266,0.277,0.298,0.206,0.306,0.323,0.236,0.387,0.2,0.088,0.088,0.238,0.293,0.232,0.24,0.27,0.315,0.275,0.299,0.271,0.293,0.089,0.088,0.297,0.251,0.306,0.083,0.273,0.269,0.298,0.251,0.306,0.238,0.087,0.088,1.294,1.263,1.319,1.235,1.201,1.119,1.323,1.298,1.352,1.207,0.088,0.088,1.111,1.25,0.959,1.244,1.29,1.261,1.002,1.287,1.253,1.279,0.089,0.088,1.246,1.036,1.148,0.09,1.268,1.252,1.266,1.234,1.297,1.269,0.09,0.087,0.087,0.088,0.088,0.09,0.088,0.087,0.089,0.086,0.088,0.088,0.087
,11:39:16,36.1,0.089,0.089,0.087,0.087,0.089,0.087,0.088,0.089,0.087,0.088,0.088,0.089,0.088,0.251,0.267,0.278,0.3,0.207,0.307,0.326,0.238,0.393,0.201,0.088,0.088,0.238,0.294,0.234,0.241,0.271,0.316,0.278,0.299,0.272,0.295,0.089,0.088,0.299,0.252,0.311,0.083,0.274,0.27,0.299,0.252,0.309,0.239,0.087,0.088,1.293,1.262,1.318,1.235,1.207,1.119,1.322,1.297,1.352,1.207,0.089,0.088,1.111,1.25,0.961,1.245,1.291,1.262,1,1.29,1.254,1.281,0.089,0.088,1.249,1.035,1.152,0.09,1.27,1.251,1.268,1.236,1.298,1.27,0.09,0.087,0.087,0.088,0.088,0.09,0.088,0.087,0.089,0.086,0.088,0.088,0.087
,11:44:16,36,0.089,0.089,0.087,0.087,0.089,0.087,0.088,0.089,0.087,0.088,0.088,0.089,0.088,0.253,0.268,0.277,0.301,0.209,0.307,0.327,0.24,0.397,0.203,0.088,0.088,0.238,0.296,0.236,0.242,0.272,0.317,0.281,0.301,0.273,0.297,0.089,0.088,0.301,0.253,0.314,0.083,0.275,0.272,0.3,0.253,0.311,0.24,0.087,0.088,1.292,1.261,1.318,1.233,1.208,1.114,1.321,1.297,1.351,1.208,0.089,0.089,1.11,1.252,0.959,1.245,1.29,1.262,0.999,1.289,1.254,1.283,0.089,0.088,1.25,1.036,1.154,0.09,1.269,1.249,1.266,1.236,1.299,1.27,0.09,0.087,0.087,0.088,0.088,0.09,0.088,0.087,0.089,0.086,0.088,0.088,0.087
,11:49:16,36,0.089,0.088,0.087,0.087,0.089,0.087,0.088,0.089,0.087,0.088,0.088,0.089,0.088,0.254,0.268,0.278,0.299,0.21,0.308,0.33,0.242,0.402,0.205,0.088,0.088,0.239,0.297,0.238,0.244,0.272,0.317,0.285,0.303,0.273,0.3,0.089,0.088,0.304,0.253,0.318,0.083,0.275,0.274,0.3,0.255,0.315,0.241,0.086,0.088,1.291,1.26,1.317,1.233,1.211,1.112,1.32,1.296,1.352,1.21,0.089,0.088,1.11,1.252,0.957,1.246,1.29,1.261,0.997,1.289,1.256,1.286,0.089,0.088,1.251,1.036,1.157,0.09,1.267,1.247,1.266,1.236,1.299,1.271,0.09,0.087,0.087,0.088,0.088,0.09,0.088,0.087,0.089,0.086,0.088,0.088,0.087
,11:54:16,36,0.09,0.088,0.087,0.087,0.089,0.087,0.088,0.089,0.087,0.088,0.088,0.089,0.088,0.256,0.27,0.278,0.298,0.213,0.309,0.332,0.243,0.407,0.206,0.088,0.088,0.24,0.298,0.241,0.244,0.274,0.318,0.287,0.305,0.274,0.302,0.089,0.088,0.306,0.253,0.322,0.083,0.276,0.277,0.301,0.256,0.318,0.241,0.087,0.088,1.29,1.259,1.316,1.232,1.219,1.111,1.32,1.296,1.352,1.211,0.088,0.088,1.11,1.253,0.957,1.246,1.29,1.26,0.996,1.289,1.257,1.287,0.089,0.088,1.254,1.035,1.16,0.09,1.268,1.246,1.266,1.239,1.3,1.27,0.09,0.087,0.087,0.088,0.088,0.09,0.088,0.087,0.089,0.086,0.088,0.088,0.087
,11:59:16,36,0.089,0.088,0.087,0.087,0.089,0.087,0.088,0.089,0.087,0.088,0.088,0.089,0.088,0.258,0.271,0.279,0.299,0.214,0.309,0.334,0.245,0.411,0.207,0.088,0.088,0.24,0.299,0.243,0.246,0.274,0.319,0.29,0.307,0.275,0.304,0.089,0.088,0.308,0.254,0.327,0.083,0.276,0.278,0.302,0.256,0.319,0.243,0.087,0.088,1.29,1.258,1.316,1.231,1.221,1.109,1.319,1.294,1.352,1.212,0.089,0.088,1.108,1.253,0.955,1.247,1.289,1.258,0.994,1.288,1.258,1.287,0.089,0.088,1.256,1.036,1.163,0.09,1.267,1.244,1.264,1.241,1.299,1.268,0.09,0.087,0.087,0.088,0.088,0.09,0.088,0.087,0.089,0.086,0.088,0.088,0.087
,12:04:16,36,0.089,0.088,0.087,0.087,0.089,0.087,0.088,0.089,0.087,0.087,0.088,0.089,0.088,0.26,0.272,0.28,0.3,0.216,0.311,0.337,0.246,0.416,0.21,0.088,0.088,0.24,0.3,0.245,0.247,0.276,0.319,0.294,0.309,0.277,0.306,0.089,0.088,0.311,0.255,0.331,0.083,0.277,0.277,0.301,0.257,0.322,0.243,0.087,0.088,1.29,1.258,1.315,1.23,1.224,1.107,1.318,1.294,1.351,1.214,0.089,0.088,1.108,1.255,0.955,1.249,1.29,1.259,0.996,1.288,1.26,1.288,0.089,0.088,1.26,1.036,1.166,0.09,1.268,1.243,1.264,1.243,1.299,1.266,0.09,0.087,0.087,0.088,0.087,0.09,0.088,0.087,0.089,0.086,0.088,0.088,0.087
,12:09:16,36,0.089,0.088,0.087,0.087,0.089,0.087,0.088,0.089,0.087,0.088,0.088,0.089,0.088,0.262,0.273,0.28,0.302,0.217,0.31,0.339,0.248,0.42,0.211,0.088,0.088,0.241,0.302,0.248,0.248,0.276,0.32,0.297,0.311,0.277,0.308,0.089,0.088,0.313,0.255,0.336,0.083,0.278,0.278,0.303,0.258,0.324,0.243,0.087,0.088,1.289,1.256,1.315,1.228,1.224,1.104,1.317,1.294,1.351,1.216,0.088,0.088,1.106,1.253,0.952,1.249,1.288,1.258,0.992,1.286,1.26,1.288,0.089,0.088,1.26,1.034,1.169,0.09,1.266,1.242,1.262,1.243,1.299,1.265,0.09,0.087,0.087,0.088,0.087,0.09,0.088,0.087,0.089,0.086,0.088,0.088,0.087
,12:14:16,36,0.089,0.088,0.087,0.087,0.089,0.087,0.088,0.089,0.087,0.088,0.088,0.089,0.088,0.264,0.273,0.28,0.303,0.219,0.311,0.342,0.25,0.424,0.215,0.088,0.088,0.241,0.303,0.25,0.25,0.277,0.321,0.299,0.313,0.278,0.311,0.089,0.088,0.316,0.256,0.341,0.083,0.278,0.279,0.303,0.258,0.33,0.245,0.087,0.088,1.288,1.256,1.314,1.228,1.225,1.102,1.316,1.292,1.351,1.218,0.089,0.088,1.105,1.253,0.952,1.25,1.288,1.256,0.989,1.286,1.259,1.288,0.089,0.088,1.262,1.034,1.171,0.09,1.266,1.24,1.261,1.241,1.299,1.263,0.09,0.087,0.087,0.088,0.088,0.09,0.088,0.087,0.089,0.086,0.088,0.088,0.087
,12:19:16,36,0.089,0.089,0.087,0.087,0.089,0.087,0.088,0.089,0.087,0.088,0.088,0.089,0.088,0.266,0.275,0.281,0.304,0.221,0.313,0.343,0.251,0.428,0.214,0.088,0.088,0.241,0.305,0.253,0.251,0.278,0.322,0.303,0.315,0.279,0.313,0.089,0.088,0.319,0.257,0.345,0.083,0.279,0.281,0.305,0.26,0.332,0.245,0.087,0.088,1.288,1.254,1.314,1.226,1.224,1.1,1.315,1.292,1.351,1.219,0.089,0.089,1.103,1.253,0.951,1.252,1.287,1.255,0.988,1.284,1.258,1.287,0.089,0.088,1.265,1.036,1.174,0.09,1.264,1.239,1.261,1.24,1.298,1.262,0.09,0.087,0.087,0.088,0.088,0.09,0.088,0.087,0.089,0.086,0.088,0.088,0.087
,12:24:16,36,0.089,0.088,0.087,0.087,0.089,0.087,0.088,0.089,0.087,0.088,0.088,0.089,0.088,0.268,0.275,0.281,0.304,0.222,0.313,0.345,0.253,0.432,0.215,0.088,0.088,0.242,0.307,0.256,0.252,0.278,0.323,0.307,0.317,0.28,0.316,0.089,0.088,0.321,0.257,0.35,0.083,0.28,0.282,0.306,0.26,0.334,0.244,0.086,0.088,1.288,1.253,1.313,1.226,1.222,1.098,1.315,1.291,1.351,1.219,0.089,0.089,1.102,1.254,0.951,1.254,1.287,1.254,0.987,1.284,1.257,1.288,0.089,0.088,1.268,1.035,1.176,0.09,1.264,1.238,1.26,1.238,1.298,1.261,0.09,0.087,0.087,0.088,0.088,0.09,0.088,0.087,0.089,0.086,0.088,0.088,0.087
,12:29:16,36.1,0.089,0.088,0.087,0.087,0.089,0.087,0.088,0.089,0.087,0.088,0.088,0.089,0.088,0.27,0.276,0.282,0.305,0.224,0.314,0.347,0.254,0.435,0.22,0.088,0.088,0.242,0.308,0.259,0.254,0.28,0.324,0.309,0.319,0.281,0.318,0.089,0.088,0.324,0.258,0.354,0.083,0.281,0.284,0.305,0.261,0.336,0.247,0.087,0.088,1.287,1.252,1.313,1.224,1.221,1.096,1.313,1.29,1.35,1.22,0.089,0.088,1.1,1.253,0.951,1.254,1.285,1.252,0.984,1.282,1.255,1.287,0.089,0.088,1.268,1.034,1.178,0.09,1.262,1.235,1.258,1.236,1.298,1.26,0.09,0.087,0.087,0.088,0.088,0.09,0.088,0.087,0.089,0.086,0.088,0.088,0.087
,12:34:16,36,0.089,0.088,0.087,0.087,0.089,0.087,0.088,0.089,0.087,0.088,0.088,0.089,0.088,0.272,0.277,0.283,0.305,0.225,0.315,0.35,0.255,0.438,0.22,0.088,0.088,0.242,0.309,0.261,0.255,0.28,0.325,0.313,0.321,0.281,0.321,0.089,0.088,0.326,0.258,0.359,0.083,0.281,0.286,0.306,0.262,0.339,0.247,0.087,0.088,1.287,1.252,1.312,1.223,1.22,1.094,1.313,1.289,1.349,1.219,0.089,0.088,1.098,1.253,0.948,1.255,1.285,1.251,0.982,1.28,1.254,1.286,0.089,0.088,1.27,1.033,1.181,0.09,1.262,1.234,1.257,1.234,1.297,1.259,0.09,0.087,0.087,0.088,0.088,0.09,0.088,0.087,0.089,0.086,0.088,0.088,0.087
,12:39:16,36,0.089,0.088,0.087,0.087,0.089,0.087,0.088,0.089,0.087,0.088,0.088,0.089,0.088,0.274,0.278,0.283,0.305,0.227,0.315,0.351,0.255,0.441,0.222,0.088,0.088,0.243,0.31,0.265,0.256,0.281,0.325,0.315,0.323,0.282,0.323,0.089,0.088,0.329,0.259,0.364,0.083,0.281,0.286,0.306,0.263,0.341,0.247,0.086,0.088,1.287,1.251,1.312,1.223,1.219,1.092,1.312,1.288,1.349,1.218,0.089,0.088,1.098,1.253,0.948,1.256,1.285,1.25,0.982,1.28,1.252,1.285,0.089,0.088,1.274,1.034,1.185,0.09,1.261,1.232,1.256,1.232,1.296,1.257,0.09,0.087,0.087,0.088,0.088,0.09,0.088,0.087,0.089,0.086,0.088,0.088,0.087
,12:44:16,36.1,0.089,0.088,0.087,0.087,0.089,0.087,0.088,0.089,0.087,0.088,0.088,0.089,0.088,0.276,0.279,0.283,0.306,0.228,0.316,0.354,0.256,0.448,0.223,0.088,0.088,0.244,0.312,0.267,0.257,0.282,0.326,0.318,0.325,0.283,0.325,0.089,0.088,0.332,0.259,0.368,0.083,0.282,0.287,0.307,0.263,0.344,0.249,0.086,0.088,1.286,1.249,1.311,1.221,1.217,1.089,1.311,1.288,1.349,1.217,0.089,0.088,1.095,1.252,0.944,1.255,1.282,1.248,0.977,1.277,1.25,1.284,0.089,0.088,1.273,1.032,1.187,0.09,1.258,1.23,1.253,1.23,1.296,1.256,0.09,0.087,0.087,0.088,0.087,0.09,0.088,0.087,0.089,0.086,0.088,0.088,0.087
,12:49:16,36,0.089,0.089,0.087,0.087,0.089,0.087,0.088,0.089,0.087,0.088,0.089,0.089,0.088,0.278,0.28,0.284,0.307,0.23,0.317,0.357,0.257,0.442,0.225,0.088,0.088,0.243,0.313,0.27,0.258,0.283,0.327,0.319,0.327,0.284,0.328,0.089,0.088,0.335,0.26,0.375,0.083,0.283,0.283,0.306,0.264,0.347,0.252,0.087,0.088,1.286,1.25,1.311,1.222,1.216,1.088,1.311,1.287,1.349,1.217,0.089,0.088,1.095,1.253,0.944,1.257,1.284,1.248,0.977,1.277,1.249,1.284,0.089,0.089,1.276,1.03,1.194,0.09,1.258,1.229,1.253,1.228,1.295,1.256,0.09,0.087,0.087,0.088,0.088,0.09,0.088,0.087,0.089,0.087,0.088,0.088,0.087
,12:54:16,36.1,0.089,0.088,0.087,0.087,0.089,0.087,0.088,0.089,0.087,0.088,0.088,0.089,0.088,0.28,0.28,0.284,0.307,0.231,0.317,0.359,0.257,0.444,0.227,0.088,0.088,0.244,0.315,0.273,0.26,0.283,0.327,0.318,0.329,0.285,0.33,0.089,0.088,0.337,0.26,0.38,0.083,0.284,0.288,0.31,0.261,0.35,0.249,0.087,0.088,1.284,1.248,1.31,1.219,1.214,1.085,1.31,1.286,1.348,1.215,0.089,0.089,1.091,1.251,0.939,1.254,1.28,1.245,0.972,1.276,1.248,1.282,0.089,0.088,1.274,1.032,1.198,0.09,1.255,1.227,1.251,1.226,1.294,1.254,0.09,0.087,0.087,0.088,0.088,0.09,0.088,0.087,0.089,0.086,0.088,0.088,0.087
,12:59:16,36,0.089,0.088,0.087,0.087,0.089,0.087,0.088,0.089,0.087,0.088,0.088,0.089,0.088,0.282,0.281,0.284,0.307,0.233,0.318,0.361,0.258,0.445,0.228,0.088,0.088,0.245,0.317,0.275,0.261,0.284,0.328,0.318,0.331,0.285,0.333,0.089,0.088,0.34,0.261,0.386,0.083,0.284,0.288,0.308,0.264,0.353,0.249,0.087,0.088,1.284,1.248,1.309,1.219,1.212,1.083,1.309,1.286,1.348,1.214,0.088,0.088,1.089,1.249,0.938,1.254,1.281,1.245,0.97,1.274,1.246,1.282,0.089,0.088,1.275,1.028,1.204,0.09,1.255,1.226,1.25,1.225,1.294,1.253,0.09,0.087,0.087,0.088,0.087,0.09,0.088,0.087,0.089,0.086,0.088,0.088,0.087
,13:04:16,36,0.089,0.088,0.087,0.087,0.089,0.087,0.088,0.089,0.087,0.088,0.088,0.089,0.088,0.284,0.282,0.285,0.309,0.234,0.318,0.363,0.258,0.442,0.23,0.088,0.088,0.245,0.318,0.278,0.262,0.285,0.329,0.317,0.333,0.286,0.335,0.089,0.088,0.343,0.261,0.39,0.083,0.284,0.29,0.308,0.266,0.356,0.25,0.087,0.088,1.283,1.248,1.309,1.218,1.212,1.081,1.308,1.285,1.347,1.212,0.089,0.088,1.088,1.249,0.937,1.254,1.281,1.244,0.97,1.274,1.245,1.28,0.089,0.088,1.276,1.027,1.209,0.09,1.255,1.225,1.249,1.223,1.293,1.252,0.09,0.087,0.087,0.088,0.087,0.09,0.088,0.087,0.089,0.086,0.088,0.088,0.087
,13:09:16,36,0.089,0.088,0.087,0.087,0.089,0.087,0.088,0.089,0.087,0.088,0.088,0.089,0.088,0.29,0.283,0.286,0.309,0.235,0.319,0.365,0.258,0.444,0.233,0.088,0.088,0.246,0.319,0.281,0.262,0.286,0.329,0.316,0.335,0.287,0.338,0.089,0.088,0.346,0.262,0.394,0.083,0.285,0.291,0.309,0.267,0.359,0.25,0.087,0.088,1.282,1.247,1.308,1.216,1.21,1.078,1.308,1.284,1.346,1.21,0.089,0.089,1.085,1.248,0.933,1.252,1.279,1.242,0.964,1.272,1.244,1.28,0.089,0.088,1.275,1.025,1.212,0.09,1.252,1.224,1.248,1.221,1.292,1.251,0.09,0.087,0.087,0.088,0.088,0.09,0.088,0.087,0.089,0.087,0.088,0.088,0.087
,13:14:16,36,0.089,0.088,0.087,0.087,0.089,0.087,0.088,0.089,0.087,0.088,0.088,0.089,0.088,0.288,0.284,0.286,0.31,0.237,0.32,0.368,0.259,0.444,0.234,0.088,0.088,0.246,0.32,0.283,0.264,0.286,0.33,0.315,0.337,0.287,0.34,0.089,0.088,0.349,0.262,0.399,0.083,0.286,0.293,0.309,0.269,0.362,0.251,0.086,0.088,1.282,1.247,1.308,1.216,1.208,1.076,1.307,1.283,1.346,1.21,0.089,0.088,1.083,1.248,0.931,1.25,1.278,1.241,0.962,1.27,1.242,1.279,0.089,0.088,1.274,1.024,1.213,0.09,1.251,1.222,1.246,1.219,1.292,1.25,0.09,0.087,0.087,0.088,0.088,0.09,0.088,0.087,0.089,0.086,0.088,0.088,0.087
,13:19:16,36,0.089,0.088,0.087,0.087,0.089,0.087,0.088,0.089,0.087,0.088,0.088,0.089,0.088,0.29,0.285,0.287,0.311,0.238,0.321,0.37,0.26,0.444,0.235,0.088,0.088,0.247,0.322,0.287,0.265,0.287,0.33,0.314,0.339,0.289,0.343,0.089,0.088,0.351,0.263,0.404,0.083,0.286,0.294,0.311,0.269,0.364,0.251,0.087,0.088,1.28,1.246,1.307,1.215,1.207,1.073,1.306,1.283,1.346,1.209,0.089,0.089,1.081,1.247,0.929,1.25,1.277,1.24,0.961,1.269,1.24,1.278,0.089,0.088,1.274,1.025,1.214,0.09,1.248,1.22,1.245,1.217,1.291,1.25,0.09,0.087,0.087,0.088,0.088,0.09,0.088,0.087,0.089,0.086,0.088,0.088,0.087
,13:24:16,36,0.089,0.088,0.087,0.087,0.089,0.087,0.088,0.089,0.087,0.088,0.088,0.089,0.088,0.292,0.286,0.287,0.311,0.239,0.321,0.372,0.26,0.444,0.234,0.088,0.088,0.247,0.323,0.289,0.266,0.288,0.331,0.313,0.342,0.289,0.345,0.089,0.088,0.354,0.264,0.409,0.082,0.287,0.298,0.311,0.268,0.367,0.251,0.087,0.088,1.28,1.246,1.306,1.214,1.207,1.071,1.305,1.282,1.346,1.209,0.089,0.088,1.079,1.246,0.925,1.249,1.276,1.239,0.959,1.268,1.24,1.277,0.089,0.088,1.273,1.022,1.214,0.09,1.247,1.22,1.245,1.216,1.29,1.248,0.09,0.087,0.087,0.088,0.088,0.09,0.088,0.087,0.089,0.086,0.088,0.088,0.087
,13:29:16,36,0.089,0.088,0.087,0.087,0.089,0.087,0.088,0.089,0.087,0.088,0.088,0.089,0.088,0.296,0.286,0.287,0.311,0.241,0.322,0.374,0.261,0.444,0.237,0.088,0.088,0.247,0.324,0.293,0.267,0.289,0.332,0.312,0.343,0.289,0.347,0.089,0.088,0.357,0.264,0.414,0.083,0.288,0.297,0.311,0.27,0.37,0.254,0.087,0.088,1.279,1.245,1.305,1.213,1.204,1.07,1.305,1.282,1.345,1.208,0.088,0.088,1.078,1.245,0.922,1.247,1.276,1.238,0.955,1.267,1.239,1.277,0.089,0.088,1.271,1.02,1.212,0.09,1.246,1.219,1.243,1.214,1.29,1.247,0.09,0.087,0.087,0.088,0.088,0.09,0.088,0.087,0.089,0.086,0.088,0.088,0.087
,13:34:16,36.1,0.089,0.088,0.087,0.087,0.089,0.087,0.088,0.089,0.087,0.088,0.088,0.089,0.088,0.296,0.287,0.288,0.312,0.242,0.322,0.376,0.262,0.443,0.239,0.088,0.088,0.248,0.326,0.296,0.268,0.289,0.332,0.311,0.345,0.291,0.349,0.089,0.088,0.36,0.266,0.419,0.083,0.288,0.298,0.312,0.271,0.373,0.254,0.087,0.088,1.278,1.244,1.305,1.213,1.204,1.069,1.304,1.281,1.345,1.207,0.088,0.089,1.076,1.244,0.919,1.246,1.276,1.237,0.953,1.266,1.238,1.276,0.089,0.088,1.271,1.018,1.212,0.09,1.246,1.217,1.242,1.213,1.289,1.246,0.09,0.087,0.088,0.088,0.088,0.09,0.088,0.087,0.089,0.086,0.088,0.088,0.087
,13:39:16,36,0.089,0.088,0.087,0.087,0.089,0.087,0.088,0.089,0.087,0.088,0.088,0.089,0.088,0.299,0.288,0.288,0.311,0.244,0.323,0.379,0.262,0.444,0.24,0.088,0.088,0.248,0.327,0.299,0.269,0.29,0.333,0.309,0.347,0.291,0.352,0.089,0.088,0.363,0.267,0.424,0.082,0.288,0.3,0.312,0.272,0.376,0.252,0.087,0.088,1.277,1.243,1.304,1.211,1.204,1.066,1.303,1.28,1.345,1.206,0.088,0.088,1.074,1.244,0.918,1.245,1.274,1.236,0.952,1.264,1.236,1.275,0.089,0.088,1.27,1.019,1.211,0.09,1.244,1.216,1.241,1.211,1.288,1.246,0.09,0.087,0.087,0.088,0.088,0.09,0.088,0.087,0.089,0.086,0.088,0.088,0.087
,13:44:16,36.1,0.089,0.089,0.087,0.087,0.089,0.087,0.088,0.089,0.087,0.088,0.088,0.089,0.088,0.3,0.289,0.289,0.312,0.246,0.324,0.382,0.263,0.444,0.241,0.088,0.088,0.249,0.327,0.302,0.27,0.291,0.335,0.309,0.35,0.292,0.354,0.089,0.088,0.366,0.268,0.429,0.083,0.29,0.3,0.312,0.273,0.378,0.253,0.087,0.088,1.276,1.242,1.304,1.211,1.203,1.064,1.302,1.28,1.344,1.204,0.089,0.088,1.071,1.243,0.916,1.244,1.275,1.235,0.95,1.264,1.235,1.274,0.089,0.088,1.27,1.018,1.21,0.09,1.244,1.215,1.241,1.21,1.288,1.244,0.09,0.087,0.087,0.088,0.088,0.09,0.088,0.087,0.089,0.086,0.088,0.088,0.087
,13:49:16,36,0.089,0.089,0.087,0.087,0.089,0.087,0.088,0.089,0.087,0.088,0.088,0.09,0.088,0.303,0.29,0.289,0.312,0.246,0.325,0.384,0.264,0.442,0.242,0.088,0.088,0.249,0.329,0.305,0.271,0.292,0.335,0.309,0.352,0.292,0.356,0.089,0.088,0.369,0.268,0.434,0.083,0.29,0.302,0.313,0.274,0.381,0.255,0.087,0.088,1.275,1.241,1.303,1.21,1.201,1.062,1.301,1.28,1.343,1.205,0.089,0.089,1.069,1.242,0.913,1.242,1.273,1.234,0.945,1.263,1.234,1.273,0.089,0.088,1.268,1.016,1.209,0.09,1.241,1.214,1.239,1.208,1.287,1.244,0.09,0.087,0.088,0.088,0.088,0.09,0.088,0.087,0.089,0.086,0.088,0.088,0.087
,13:54:16,36.1,0.089,0.088,0.087,0.087,0.089,0.087,0.088,0.089,0.087,0.088,0.088,0.089,0.088,0.306,0.29,0.29,0.313,0.248,0.325,0.386,0.264,0.441,0.243,0.088,0.088,0.249,0.332,0.309,0.272,0.293,0.336,0.308,0.354,0.293,0.359,0.089,0.088,0.372,0.269,0.439,0.082,0.29,0.304,0.315,0.275,0.383,0.253,0.087,0.088,1.275,1.24,1.302,1.21,1.199,1.06,1.301,1.281,1.343,1.203,0.089,0.088,1.067,1.242,0.91,1.241,1.273,1.233,0.944,1.261,1.233,1.272,0.089,0.088,1.267,1.014,1.208,0.09,1.239,1.212,1.237,1.207,1.286,1.242,0.09,0.087,0.088,0.088,0.088,0.09,0.088,0.087,0.089,0.087,0.088,0.088,0.087
,13:59:16,36,0.089,0.088,0.087,0.087,0.089,0.087,0.088,0.089,0.087,0.088,0.088,0.089,0.088,0.308,0.291,0.291,0.313,0.249,0.326,0.388,0.265,0.441,0.244,0.088,0.088,0.25,0.332,0.312,0.273,0.293,0.336,0.307,0.357,0.294,0.361,0.089,0.088,0.375,0.269,0.444,0.083,0.291,0.305,0.316,0.276,0.386,0.253,0.087,0.088,1.274,1.239,1.302,1.208,1.201,1.058,1.3,1.28,1.343,1.202,0.089,0.089,1.065,1.241,0.908,1.239,1.272,1.232,0.942,1.26,1.232,1.272,0.089,0.088,1.268,1.012,1.208,0.09,1.239,1.211,1.237,1.205,1.285,1.242,0.09,0.087,0.087,0.088,0.088,0.09,0.088,0.087,0.089,0.086,0.088,0.088,0.087
,14:04:16,36,0.089,0.088,0.087,0.087,0.089,0.087,0.088,0.089,0.087,0.088,0.088,0.089,0.088,0.309,0.292,0.291,0.314,0.25,0.327,0.39,0.266,0.44,0.245,0.088,0.088,0.251,0.333,0.315,0.274,0.294,0.337,0.307,0.358,0.294,0.364,0.089,0.088,0.378,0.271,0.449,0.082,0.291,0.307,0.314,0.277,0.385,0.255,0.087,0.088,1.273,1.238,1.301,1.208,1.198,1.055,1.299,1.28,1.342,1.202,0.089,0.089,1.063,1.24,0.904,1.238,1.27,1.23,0.938,1.259,1.231,1.271,0.089,0.088,1.266,1.012,1.206,0.09,1.236,1.209,1.236,1.204,1.285,1.241,0.09,0.087,0.087,0.088,0.088,0.09,0.088,0.087,0.089,0.086,0.088,0.088,0.087
,14:09:16,36,0.089,0.088,0.087,0.087,0.089,0.087,0.088,0.089,0.087,0.088,0.088,0.089,0.088,0.311,0.292,0.291,0.315,0.251,0.327,0.393,0.266,0.44,0.246,0.088,0.088,0.25,0.335,0.317,0.274,0.295,0.338,0.307,0.36,0.295,0.366,0.089,0.088,0.381,0.271,0.454,0.082,0.292,0.308,0.314,0.277,0.384,0.256,0.086,0.088,1.272,1.237,1.301,1.207,1.196,1.054,1.298,1.279,1.341,1.201,0.089,0.088,1.061,1.239,0.902,1.236,1.27,1.23,0.937,1.258,1.23,1.269,0.089,0.088,1.264,1.011,1.204,0.09,1.235,1.208,1.234,1.203,1.284,1.24,0.09,0.087,0.087,0.088,0.088,0.09,0.088,0.087,0.089,0.086,0.088,0.088,0.087
,14:14:16,36,0.089,0.088,0.087,0.087,0.089,0.087,0.088,0.089,0.087,0.088,0.088,0.089,0.088,0.314,0.293,0.291,0.315,0.252,0.328,0.395,0.267,0.438,0.247,0.088,0.088,0.251,0.335,0.321,0.276,0.295,0.339,0.307,0.363,0.295,0.369,0.089,0.088,0.384,0.271,0.458,0.082,0.293,0.309,0.314,0.278,0.383,0.256,0.087,0.088,1.272,1.237,1.3,1.206,1.195,1.052,1.297,1.278,1.341,1.2,0.089,0.088,1.059,1.239,0.9,1.236,1.271,1.229,0.934,1.258,1.23,1.269,0.089,0.089,1.266,1.01,1.204,0.09,1.234,1.207,1.234,1.202,1.284,1.24,0.09,0.087,0.088,0.088,0.088,0.09,0.088,0.087,0.089,0.087,0.088,0.088,0.087
,14:19:16,36.1,0.089,0.089,0.087,0.087,0.089,0.087,0.088,0.089,0.087,0.088,0.088,0.089,0.088,0.317,0.293,0.292,0.317,0.253,0.329,0.398,0.267,0.439,0.248,0.088,0.088,0.252,0.336,0.324,0.276,0.296,0.339,0.306,0.365,0.296,0.372,0.089,0.088,0.387,0.272,0.464,0.082,0.294,0.311,0.316,0.279,0.382,0.254,0.087,0.088,1.27,1.236,1.3,1.205,1.195,1.05,1.297,1.277,1.34,1.2,0.089,0.089,1.058,1.239,0.897,1.234,1.268,1.228,0.933,1.256,1.23,1.268,0.089,0.089,1.263,1.01,1.203,0.09,1.233,1.206,1.232,1.2,1.283,1.238,0.09,0.087,0.088,0.088,0.088,0.09,0.088,0.087,0.089,0.087,0.088,0.088,0.087
,14:24:16,36.1,0.089,0.088,0.087,0.087,0.089,0.087,0.088,0.089,0.087,0.088,0.088,0.089,0.088,0.317,0.294,0.292,0.318,0.254,0.329,0.4,0.268,0.44,0.249,0.088,0.088,0.252,0.337,0.327,0.277,0.297,0.34,0.305,0.367,0.297,0.374,0.089,0.088,0.39,0.273,0.468,0.082,0.294,0.313,0.316,0.28,0.381,0.255,0.086,0.088,1.269,1.234,1.298,1.204,1.192,1.047,1.296,1.276,1.339,1.198,0.089,0.089,1.054,1.237,0.893,1.233,1.267,1.226,0.93,1.255,1.228,1.267,0.089,0.088,1.261,1.008,1.201,0.09,1.23,1.204,1.23,1.199,1.282,1.238,0.09,0.087,0.087,0.088,0.088,0.09,0.088,0.087,0.089,0.086,0.088,0.088,0.087
,14:29:16,36.1,0.089,0.088,0.087,0.087,0.089,0.087,0.088,0.089,0.087,0.088,0.088,0.089,0.088,0.319,0.295,0.293,0.32,0.255,0.33,0.402,0.268,0.438,0.251,0.088,0.088,0.252,0.338,0.331,0.278,0.297,0.34,0.305,0.369,0.298,0.377,0.089,0.088,0.393,0.273,0.473,0.082,0.294,0.315,0.316,0.281,0.38,0.255,0.086,0.088,1.268,1.234,1.298,1.203,1.193,1.046,1.295,1.276,1.339,1.197,0.089,0.088,1.053,1.237,0.89,1.232,1.267,1.226,0.926,1.255,1.228,1.266,0.089,0.088,1.261,1.006,1.2,0.09,1.23,1.203,1.23,1.198,1.281,1.237,0.09,0.087,0.087,0.088,0.088,0.09,0.088,0.087,0.089,0.086,0.088,0.088,0.087
,14:34:16,36,0.089,0.088,0.087,0.087,0.089,0.087,0.088,0.089,0.087,0.088,0.088,0.089,0.088,0.321,0.296,0.293,0.321,0.256,0.33,0.405,0.269,0.436,0.252,0.088,0.088,0.253,0.34,0.334,0.278,0.298,0.341,0.305,0.371,0.298,0.379,0.089,0.088,0.397,0.273,0.478,0.082,0.295,0.317,0.317,0.282,0.379,0.256,0.086,0.088,1.267,1.232,1.297,1.202,1.19,1.043,1.294,1.276,1.339,1.196,0.089,0.089,1.051,1.236,0.888,1.231,1.266,1.224,0.924,1.254,1.226,1.266,0.089,0.089,1.259,1.006,1.198,0.09,1.227,1.201,1.228,1.197,1.28,1.237,0.09,0.087,0.088,0.088,0.088,0.09,0.088,0.087,0.089,0.086,0.088,0.088,0.087
,14:39:16,36,0.089,0.088,0.087,0.087,0.089,0.087,0.088,0.089,0.087,0.088,0.088,0.089,0.088,0.323,0.297,0.294,0.322,0.258,0.331,0.407,0.269,0.439,0.253,0.088,0.088,0.253,0.341,0.338,0.279,0.299,0.342,0.304,0.374,0.299,0.382,0.089,0.088,0.4,0.274,0.478,0.082,0.296,0.318,0.317,0.283,0.379,0.255,0.087,0.088,1.266,1.232,1.297,1.202,1.19,1.042,1.293,1.275,1.338,1.196,0.089,0.089,1.048,1.236,0.886,1.23,1.266,1.224,0.923,1.254,1.226,1.265,0.089,0.089,1.26,1.006,1.198,0.09,1.226,1.201,1.227,1.196,1.28,1.236,0.09,0.087,0.088,0.088,0.088,0.09,0.088,0.087,0.089,0.087,0.088,0.088,0.087
,14:44:16,36.1,0.089,0.088,0.087,0.087,0.089,0.087,0.088,0.089,0.087,0.088,0.088,0.089,0.088,0.325,0.297,0.294,0.323,0.258,0.331,0.409,0.27,0.437,0.254,0.088,0.088,0.253,0.341,0.341,0.28,0.3,0.343,0.303,0.376,0.299,0.382,0.089,0.088,0.403,0.274,0.478,0.082,0.296,0.32,0.32,0.284,0.378,0.254,0.087,0.088,1.266,1.231,1.297,1.202,1.189,1.04,1.293,1.275,1.338,1.196,0.089,0.088,1.046,1.235,0.883,1.23,1.266,1.223,0.92,1.252,1.224,1.264,0.089,0.088,1.26,1.003,1.197,0.09,1.226,1.2,1.227,1.195,1.28,1.236,0.09,0.087,0.087,0.088,0.088,0.09,0.088,0.087,0.089,0.086,0.088,0.088,0.087
,14:49:16,36.1,0.089,0.089,0.087,0.087,0.089,0.087,0.088,0.089,0.087,0.088,0.088,0.09,0.088,0.327,0.298,0.294,0.324,0.259,0.332,0.412,0.269,0.437,0.256,0.088,0.088,0.254,0.343,0.345,0.281,0.301,0.342,0.303,0.379,0.3,0.382,0.089,0.088,0.407,0.274,0.478,0.082,0.296,0.322,0.318,0.285,0.378,0.256,0.087,0.088,1.265,1.23,1.296,1.2,1.189,1.038,1.292,1.274,1.337,1.195,0.089,0.089,1.045,1.235,0.881,1.228,1.264,1.221,0.915,1.251,1.224,1.263,0.089,0.089,1.258,1.004,1.195,0.09,1.223,1.199,1.226,1.193,1.28,1.235,0.09,0.087,0.088,0.088,0.088,0.09,0.088,0.087,0.089,0.087,0.088,0.088,0.087
,14:54:16,36,0.089,0.088,0.087,0.087,0.089,0.087,0.088,0.089,0.087,0.088,0.088,0.089,0.088,0.329,0.298,0.295,0.324,0.26,0.332,0.415,0.27,0.435,0.257,0.088,0.088,0.254,0.344,0.348,0.281,0.301,0.344,0.302,0.38,0.301,0.382,0.089,0.088,0.41,0.275,0.478,0.082,0.297,0.322,0.318,0.285,0.377,0.258,0.087,0.088,1.264,1.229,1.295,1.199,1.187,1.037,1.291,1.273,1.336,1.194,0.089,0.089,1.042,1.233,0.878,1.226,1.264,1.22,0.915,1.251,1.222,1.262,0.089,0.088,1.256,1.001,1.194,0.09,1.222,1.198,1.225,1.192,1.279,1.235,0.09,0.087,0.088,0.088,0.088,0.09,0.088,0.087,0.089,0.087,0.088,0.088,0.087
,14:59:16,36,0.089,0.088,0.087,0.087,0.089,0.087,0.088,0.089,0.087,0.088,0.088,0.089,0.088,0.333,0.298,0.295,0.324,0.261,0.333,0.417,0.27,0.438,0.257,0.088,0.088,0.255,0.345,0.352,0.282,0.301,0.344,0.301,0.384,0.301,0.383,0.089,0.088,0.412,0.275,0.477,0.082,0.298,0.325,0.318,0.286,0.377,0.257,0.087,0.088,1.264,1.229,1.295,1.2,1.186,1.035,1.29,1.273,1.335,1.193,0.089,0.089,1.042,1.235,0.878,1.227,1.264,1.22,0.914,1.25,1.22,1.261,0.089,0.088,1.258,1,1.195,0.09,1.222,1.197,1.224,1.191,1.278,1.234,0.09,0.087,0.087,0.088,0.088,0.09,0.088,0.087,0.089,0.087,0.088,0.088,0.087
,15:04:16,36,0.089,0.088,0.087,0.087,0.089,0.087,0.088,0.089,0.087,0.088,0.088,0.089,0.088,0.333,0.299,0.296,0.325,0.261,0.334,0.417,0.27,0.437,0.258,0.088,0.088,0.255,0.347,0.354,0.282,0.302,0.345,0.301,0.386,0.302,0.384,0.089,0.088,0.416,0.275,0.476,0.082,0.299,0.326,0.319,0.286,0.377,0.256,0.087,0.088,1.262,1.227,1.294,1.198,1.185,1.032,1.289,1.272,1.335,1.192,0.089,0.089,1.038,1.233,0.873,1.224,1.262,1.217,0.91,1.248,1.219,1.26,0.089,0.088,1.255,0.999,1.192,0.09,1.218,1.196,1.222,1.189,1.277,1.233,0.09,0.087,0.088,0.088,0.088,0.09,0.088,0.087,0.089,0.086,0.088,0.088,0.087
,15:09:16,36.1,0.089,0.088,0.087,0.087,0.089,0.087,0.088,0.089,0.087,0.088,0.088,0.089,0.088,0.334,0.299,0.296,0.324,0.262,0.334,0.418,0.271,0.437,0.259,0.088,0.088,0.255,0.348,0.358,0.282,0.303,0.345,0.301,0.388,0.302,0.385,0.089,0.088,0.416,0.276,0.476,0.082,0.299,0.327,0.319,0.288,0.376,0.255,0.087,0.088,1.262,1.226,1.293,1.196,1.185,1.03,1.288,1.271,1.335,1.192,0.088,0.089,1.036,1.232,0.87,1.223,1.261,1.217,0.908,1.248,1.219,1.26,0.089,0.088,1.254,0.998,1.191,0.09,1.217,1.194,1.221,1.189,1.276,1.232,0.09,0.087,0.087,0.088,0.088,0.09,0.088,0.087,0.089,0.086,0.088,0.088,0.087
,15:14:16,36,0.089,0.088,0.087,0.087,0.089,0.087,0.087,0.089,0.087,0.088,0.088,0.089,0.088,0.336,0.3,0.296,0.325,0.263,0.335,0.417,0.271,0.437,0.26,0.088,0.088,0.255,0.348,0.361,0.283,0.303,0.346,0.3,0.39,0.303,0.386,0.089,0.088,0.415,0.276,0.476,0.082,0.299,0.329,0.32,0.289,0.376,0.254,0.086,0.088,1.261,1.226,1.293,1.196,1.183,1.029,1.288,1.27,1.334,1.191,0.089,0.088,1.035,1.232,0.868,1.222,1.261,1.216,0.907,1.248,1.217,1.259,0.089,0.088,1.254,0.994,1.19,0.09,1.217,1.193,1.22,1.188,1.276,1.231,0.09,0.087,0.087,0.088,0.088,0.09,0.088,0.087,0.089,0.086,0.088,0.088,0.087
,15:19:16,36,0.089,0.088,0.087,0.087,0.089,0.087,0.088,0.089,0.087,0.088,0.088,0.089,0.088,0.34,0.301,0.297,0.325,0.263,0.336,0.417,0.273,0.437,0.261,0.088,0.088,0.256,0.349,0.364,0.284,0.304,0.347,0.3,0.392,0.303,0.386,0.089,0.088,0.415,0.277,0.476,0.082,0.3,0.331,0.32,0.29,0.376,0.254,0.086,0.088,1.26,1.225,1.292,1.195,1.183,1.027,1.287,1.269,1.334,1.19,0.089,0.088,1.032,1.23,0.865,1.221,1.26,1.216,0.903,1.248,1.217,1.258,0.089,0.088,1.253,0.992,1.189,0.09,1.214,1.192,1.219,1.186,1.275,1.23,0.09,0.087,0.087,0.088,0.088,0.09,0.088,0.087,0.089,0.086,0.088,0.088,0.087
,15:24:16,36,0.089,0.088,0.087,0.087,0.089,0.087,0.088,0.089,0.087,0.088,0.088,0.089,0.088,0.34,0.301,0.297,0.325,0.265,0.336,0.418,0.275,0.435,0.263,0.088,0.088,0.257,0.351,0.367,0.285,0.305,0.347,0.299,0.394,0.304,0.385,0.089,0.088,0.415,0.278,0.476,0.082,0.301,0.333,0.321,0.291,0.376,0.254,0.087,0.088,1.259,1.224,1.291,1.194,1.181,1.026,1.286,1.268,1.333,1.19,0.089,0.089,1.03,1.23,0.862,1.22,1.259,1.214,0.901,1.25,1.216,1.257,0.089,0.089,1.252,0.989,1.188,0.09,1.214,1.19,1.219,1.185,1.275,1.23,0.09,0.087,0.088,0.088,0.088,0.09,0.088,0.087,0.089,0.086,0.088,0.088,0.087
,15:29:16,36,0.089,0.088,0.087,0.087,0.089,0.087,0.088,0.089,0.087,0.088,0.088,0.089,0.088,0.342,0.302,0.297,0.326,0.265,0.337,0.418,0.275,0.437,0.263,0.088,0.088,0.257,0.351,0.37,0.285,0.305,0.348,0.298,0.399,0.304,0.385,0.089,0.088,0.415,0.278,0.475,0.082,0.301,0.334,0.322,0.292,0.376,0.254,0.087,0.088,1.258,1.223,1.291,1.194,1.18,1.024,1.285,1.267,1.332,1.188,0.089,0.089,1.028,1.229,0.858,1.219,1.258,1.213,0.898,1.253,1.214,1.256,0.089,0.088,1.25,0.988,1.186,0.09,1.212,1.189,1.217,1.184,1.274,1.229,0.09,0.087,0.088,0.088,0.088,0.09,0.088,0.087,0.089,0.086,0.088,0.088,0.087
,15:34:16,36,0.089,0.089,0.087,0.087,0.089,0.087,0.088,0.089,0.087,0.088,0.088,0.089,0.088,0.344,0.302,0.298,0.326,0.266,0.337,0.419,0.276,0.437,0.264,0.088,0.088,0.257,0.353,0.371,0.286,0.306,0.348,0.298,0.399,0.305,0.385,0.089,0.088,0.417,0.278,0.475,0.082,0.302,0.335,0.321,0.292,0.376,0.254,0.087,0.088,1.257,1.222,1.29,1.193,1.179,1.021,1.284,1.267,1.332,1.188,0.089,0.089,1.026,1.229,0.857,1.218,1.257,1.213,0.897,1.252,1.213,1.256,0.089,0.089,1.25,0.986,1.185,0.09,1.21,1.188,1.216,1.184,1.274,1.229,0.09,0.087,0.088,0.088,0.088,0.09,0.088,0.087,0.089,0.086,0.088,0.088,0.087
,15:39:16,35.9,0.089,0.089,0.087,0.087,0.089,0.087,0.088,0.089,0.087,0.088,0.088,0.089,0.088,0.348,0.303,0.298,0.326,0.267,0.337,0.419,0.277,0.432,0.266,0.088,0.088,0.257,0.353,0.372,0.285,0.306,0.348,0.298,0.4,0.305,0.385,0.089,0.088,0.418,0.279,0.475,0.082,0.302,0.337,0.322,0.293,0.376,0.253,0.087,0.088,1.256,1.222,1.29,1.192,1.179,1.02,1.284,1.266,1.331,1.187,0.089,0.089,1.024,1.228,0.854,1.217,1.257,1.212,0.896,1.25,1.212,1.254,0.089,0.088,1.249,0.985,1.184,0.09,1.208,1.187,1.215,1.182,1.273,1.228,0.09,0.087,0.087,0.088,0.088,0.09,0.088,0.087,0.089,0.087,0.088,0.088,0.087
,15:44:16,36.1,0.089,0.088,0.087,0.087,0.089,0.087,0.088,0.089,0.087,0.088,0.088,0.089,0.088,0.348,0.304,0.299,0.326,0.268,0.337,0.418,0.278,0.436,0.266,0.088,0.088,0.258,0.354,0.371,0.286,0.307,0.348,0.297,0.401,0.306,0.386,0.089,0.088,0.42,0.279,0.474,0.082,0.303,0.339,0.323,0.293,0.376,0.254,0.087,0.088,1.256,1.221,1.289,1.192,1.177,1.018,1.283,1.265,1.331,1.187,0.089,0.088,1.022,1.227,0.851,1.216,1.256,1.211,0.893,1.249,1.211,1.254,0.089,0.088,1.247,0.977,1.182,0.09,1.208,1.186,1.214,1.182,1.272,1.227,0.09,0.087,0.087,0.088,0.088,0.09,0.088,0.087,0.089,0.087,0.088,0.088,0.087
,15:49:16,36,0.089,0.088,0.087,0.087,0.089,0.087,0.088,0.089,0.087,0.088,0.088,0.089,0.088,0.35,0.304,0.299,0.327,0.268,0.336,0.418,0.278,0.431,0.267,0.088,0.088,0.258,0.356,0.371,0.286,0.308,0.348,0.296,0.4,0.307,0.386,0.089,0.088,0.421,0.279,0.474,0.082,0.303,0.34,0.323,0.294,0.376,0.254,0.087,0.088,1.255,1.22,1.288,1.191,1.176,1.016,1.282,1.265,1.33,1.186,0.089,0.089,1.021,1.226,0.849,1.215,1.256,1.209,0.892,1.248,1.21,1.254,0.089,0.088,1.248,0.975,1.182,0.09,1.207,1.185,1.214,1.182,1.272,1.227,0.09,0.087,0.088,0.088,0.088,0.09,0.088,0.087,0.089,0.086,0.088,0.088,0.087
,15:54:16,36,0.089,0.089,0.087,0.087,0.089,0.087,0.088,0.089,0.087,0.088,0.088,0.089,0.088,0.352,0.305,0.299,0.327,0.269,0.335,0.418,0.279,0.431,0.268,0.088,0.088,0.259,0.357,0.37,0.287,0.308,0.347,0.296,0.399,0.307,0.386,0.089,0.088,0.422,0.28,0.473,0.082,0.304,0.342,0.327,0.295,0.376,0.254,0.087,0.088,1.254,1.219,1.288,1.19,1.176,1.014,1.281,1.264,1.33,1.185,0.089,0.089,1.018,1.226,0.847,1.214,1.254,1.208,0.889,1.247,1.209,1.252,0.089,0.089,1.247,0.975,1.18,0.09,1.204,1.184,1.213,1.181,1.271,1.226,0.09,0.087,0.088,0.088,0.088,0.09,0.088,0.087,0.089,0.087,0.088,0.088,0.087
,15:59:16,36,0.089,0.088,0.087,0.087,0.089,0.087,0.088,0.089,0.087,0.088,0.088,0.089,0.088,0.353,0.305,0.299,0.327,0.27,0.335,0.418,0.279,0.435,0.269,0.088,0.088,0.258,0.358,0.369,0.288,0.309,0.346,0.296,0.4,0.308,0.386,0.089,0.088,0.421,0.28,0.473,0.082,0.304,0.343,0.326,0.296,0.377,0.254,0.087,0.088,1.253,1.218,1.287,1.19,1.174,1.013,1.28,1.265,1.329,1.185,0.089,0.088,1.017,1.225,0.845,1.214,1.254,1.208,0.889,1.247,1.208,1.251,0.089,0.089,1.246,0.973,1.18,0.09,1.204,1.183,1.212,1.181,1.27,1.225,0.09,0.087,0.088,0.088,0.088,0.09,0.088,0.087,0.089,0.087,0.088,0.088,0.087
,16:04:16,36.1,0.089,0.088,0.087,0.087,0.089,0.087,0.088,0.089,0.087,0.088,0.088,0.089,0.088,0.355,0.307,0.3,0.328,0.27,0.335,0.418,0.28,0.432,0.27,0.088,0.088,0.259,0.359,0.367,0.289,0.309,0.346,0.295,0.4,0.308,0.387,0.089,0.088,0.42,0.28,0.472,0.082,0.304,0.344,0.328,0.297,0.376,0.254,0.087,0.088,1.252,1.218,1.286,1.189,1.173,1.011,1.28,1.264,1.329,1.185,0.089,0.089,1.014,1.224,0.84,1.212,1.253,1.206,0.887,1.245,1.208,1.252,0.089,0.088,1.244,0.971,1.178,0.09,1.201,1.181,1.211,1.179,1.269,1.225,0.09,0.087,0.088,0.088,0.088,0.09,0.088,0.087,0.089,0.087,0.088,0.088,0.087
,16:09:16,36,0.089,0.088,0.087,0.087,0.089,0.087,0.088,0.089,0.087,0.088,0.088,0.089,0.088,0.357,0.306,0.3,0.328,0.271,0.335,0.419,0.281,0.434,0.271,0.088,0.088,0.259,0.36,0.367,0.289,0.31,0.346,0.295,0.4,0.308,0.388,0.089,0.088,0.421,0.28,0.471,0.082,0.305,0.346,0.329,0.298,0.377,0.254,0.087,0.088,1.252,1.217,1.286,1.188,1.174,1.009,1.279,1.263,1.329,1.183,0.089,0.089,1.013,1.224,0.839,1.211,1.253,1.206,0.885,1.244,1.207,1.25,0.089,0.089,1.244,0.971,1.177,0.09,1.201,1.18,1.211,1.178,1.269,1.225,0.09,0.087,0.087,0.088,0.088,0.09,0.088,0.087,0.089,0.087,0.088,0.088,0.087
,16:14:16,36.1,0.089,0.088,0.087,0.087,0.089,0.087,0.088,0.089,0.087,0.088,0.088,0.089,0.088,0.359,0.308,0.301,0.328,0.271,0.334,0.419,0.281,0.432,0.272,0.088,0.088,0.259,0.361,0.366,0.29,0.31,0.345,0.295,0.399,0.309,0.388,0.089,0.088,0.421,0.281,0.471,0.082,0.306,0.347,0.325,0.299,0.377,0.254,0.087,0.088,1.25,1.216,1.285,1.188,1.172,1.007,1.278,1.262,1.328,1.183,0.089,0.088,1.009,1.223,0.836,1.211,1.252,1.205,0.882,1.243,1.206,1.25,0.089,0.088,1.243,0.97,1.175,0.09,1.199,1.179,1.209,1.177,1.268,1.224,0.09,0.087,0.087,0.088,0.088,0.09,0.088,0.087,0.089,0.087,0.088,0.088,0.087
,16:19:16,36,0.089,0.088,0.087,0.087,0.089,0.087,0.088,0.089,0.087,0.088,0.088,0.089,0.088,0.36,0.307,0.301,0.329,0.271,0.334,0.418,0.281,0.434,0.273,0.088,0.088,0.26,0.362,0.365,0.291,0.311,0.346,0.295,0.399,0.309,0.389,0.089,0.088,0.421,0.281,0.47,0.082,0.306,0.349,0.324,0.3,0.378,0.254,0.087,0.088,1.25,1.215,1.285,1.187,1.172,1.006,1.278,1.262,1.328,1.183,0.089,0.088,1.008,1.224,0.833,1.21,1.252,1.205,0.88,1.242,1.204,1.25,0.089,0.088,1.243,0.969,1.175,0.09,1.197,1.179,1.209,1.176,1.268,1.224,0.09,0.087,0.087,0.088,0.088,0.09,0.088,0.087,0.089,0.086,0.088,0.088,0.087
,16:24:16,36,0.089,0.088,0.087,0.087,0.089,0.087,0.088,0.089,0.087,0.088,0.088,0.089,0.088,0.362,0.309,0.301,0.329,0.272,0.334,0.418,0.282,0.433,0.274,0.088,0.088,0.26,0.363,0.364,0.291,0.311,0.345,0.295,0.398,0.31,0.39,0.089,0.088,0.423,0.281,0.471,0.082,0.307,0.35,0.324,0.3,0.378,0.254,0.087,0.088,1.249,1.215,1.284,1.187,1.171,1.004,1.277,1.261,1.327,1.182,0.089,0.089,1.007,1.222,0.833,1.209,1.251,1.204,0.88,1.241,1.204,1.248,0.089,0.088,1.242,0.967,1.174,0.09,1.196,1.178,1.208,1.175,1.268,1.223,0.09,0.087,0.087,0.088,0.088,0.09,0.088,0.087,0.089,0.086,0.088,0.088,0.087
,16:29:16,36,0.089,0.088,0.087,0.087,0.089,0.087,0.088,0.089,0.087,0.088,0.088,0.089,0.088,0.364,0.309,0.302,0.329,0.273,0.334,0.418,0.282,0.432,0.275,0.088,0.088,0.26,0.365,0.363,0.292,0.312,0.344,0.294,0.398,0.31,0.391,0.089,0.088,0.422,0.281,0.471,0.082,0.307,0.351,0.324,0.301,0.38,0.254,0.087,0.088,1.248,1.214,1.284,1.186,1.17,1.003,1.276,1.26,1.327,1.181,0.089,0.089,1.004,1.222,0.828,1.208,1.251,1.203,0.876,1.24,1.202,1.248,0.089,0.088,1.241,0.967,1.173,0.09,1.195,1.177,1.207,1.174,1.266,1.223,0.09,0.087,0.088,0.088,0.088,0.09,0.088,0.087,0.089,0.087,0.088,0.088,0.087
,16:34:16,36,0.089,0.088,0.087,0.087,0.089,0.087,0.088,0.089,0.087,0.088,0.088,0.089,0.088,0.365,0.309,0.302,0.329,0.274,0.333,0.418,0.283,0.433,0.277,0.088,0.088,0.261,0.365,0.362,0.292,0.312,0.344,0.294,0.398,0.311,0.392,0.089,0.088,0.422,0.282,0.471,0.082,0.308,0.353,0.325,0.301,0.38,0.254,0.086,0.088,1.248,1.214,1.283,1.186,1.168,1.001,1.275,1.259,1.326,1.181,0.089,0.089,1.004,1.223,0.829,1.208,1.251,1.202,0.877,1.239,1.201,1.247,0.089,0.088,1.242,0.966,1.173,0.09,1.194,1.176,1.207,1.173,1.266,1.222,0.09,0.087,0.087,0.088,0.088,0.09,0.088,0.087,0.089,0.086,0.088,0.088,0.087
,16:39:16,36.1,0.089,0.088,0.087,0.087,0.089,0.087,0.088,0.089,0.087,0.088,0.088,0.089,0.088,0.367,0.31,0.302,0.329,0.274,0.334,0.417,0.283,0.433,0.275,0.088,0.088,0.261,0.366,0.361,0.293,0.313,0.344,0.294,0.397,0.311,0.393,0.089,0.088,0.421,0.282,0.469,0.082,0.308,0.353,0.325,0.302,0.381,0.254,0.087,0.088,1.246,1.212,1.282,1.184,1.167,0.998,1.274,1.258,1.326,1.18,0.088,0.089,1,1.22,0.823,1.206,1.248,1.201,0.874,1.238,1.2,1.246,0.089,0.088,1.239,0.966,1.17,0.09,1.19,1.174,1.205,1.172,1.265,1.221,0.09,0.087,0.087,0.088,0.088,0.09,0.088,0.087,0.089,0.086,0.088,0.088,0.087
,16:44:16,36,0.089,0.088,0.087,0.087,0.089,0.087,0.087,0.089,0.087,0.088,0.088,0.089,0.088,0.369,0.31,0.303,0.329,0.274,0.333,0.417,0.284,0.433,0.278,0.088,0.088,0.261,0.367,0.36,0.293,0.313,0.344,0.293,0.397,0.311,0.394,0.089,0.088,0.421,0.283,0.469,0.082,0.309,0.356,0.325,0.303,0.38,0.254,0.087,0.088,1.246,1.212,1.282,1.185,1.166,0.997,1.274,1.258,1.326,1.18,0.089,0.088,1,1.222,0.823,1.207,1.249,1.2,0.875,1.238,1.199,1.245,0.089,0.088,1.24,0.963,1.17,0.09,1.191,1.174,1.205,1.17,1.264,1.221,0.09,0.087,0.087,0.088,0.088,0.09,0.088,0.087,0.089,0.086,0.088,0.088,0.087
,16:49:16,36,0.089,0.088,0.087,0.087,0.089,0.087,0.088,0.089,0.087,0.088,0.088,0.089,0.088,0.37,0.31,0.303,0.329,0.275,0.334,0.418,0.284,0.432,0.278,0.088,0.088,0.262,0.368,0.359,0.294,0.314,0.344,0.293,0.398,0.312,0.395,0.089,0.088,0.421,0.283,0.469,0.082,0.31,0.356,0.325,0.304,0.38,0.254,0.086,0.088,1.244,1.21,1.281,1.183,1.166,0.996,1.272,1.257,1.325,1.179,0.089,0.088,0.997,1.219,0.818,1.204,1.247,1.199,0.872,1.236,1.198,1.244,0.089,0.088,1.238,0.961,1.168,0.09,1.189,1.173,1.203,1.169,1.263,1.22,0.09,0.087,0.087,0.088,0.088,0.09,0.088,0.087,0.089,0.087,0.088,0.088,0.087
,16:54:16,36,0.089,0.088,0.087,0.087,0.089,0.087,0.088,0.089,0.087,0.088,0.088,0.089,0.088,0.372,0.312,0.303,0.328,0.276,0.334,0.417,0.284,0.434,0.279,0.088,0.088,0.262,0.37,0.358,0.295,0.314,0.344,0.293,0.397,0.312,0.396,0.089,0.088,0.42,0.283,0.469,0.082,0.31,0.358,0.325,0.305,0.38,0.255,0.087,0.088,1.244,1.21,1.28,1.182,1.164,0.994,1.272,1.256,1.325,1.179,0.088,0.089,0.995,1.219,0.816,1.203,1.247,1.199,0.87,1.235,1.198,1.244,0.089,0.088,1.237,0.963,1.167,0.09,1.188,1.171,1.203,1.169,1.262,1.219,0.09,0.087,0.088,0.088,0.088,0.09,0.088,0.087,0.089,0.086,0.088,0.088,0.087
,16:59:16,36,0.089,0.088,0.087,0.087,0.089,0.087,0.088,0.089,0.087,0.088,0.088,0.089,0.088,0.373,0.313,0.304,0.328,0.277,0.334,0.417,0.285,0.426,0.279,0.088,0.088,0.262,0.37,0.357,0.295,0.315,0.344,0.292,0.398,0.313,0.397,0.089,0.088,0.42,0.284,0.469,0.082,0.311,0.36,0.325,0.305,0.38,0.255,0.087,0.088,1.243,1.209,1.28,1.181,1.164,0.993,1.271,1.256,1.324,1.178,0.089,0.089,0.993,1.219,0.814,1.203,1.247,1.198,0.87,1.234,1.196,1.243,0.089,0.088,1.237,0.96,1.167,0.09,1.186,1.171,1.202,1.168,1.262,1.218,0.09,0.087,0.088,0.088,0.088,0.09,0.088,0.087,0.089,0.086,0.088,0.088,0.087
,17:04:16,36,0.089,0.089,0.087,0.087,0.089,0.087,0.088,0.089,0.087,0.088,0.088,0.089,0.088,0.376,0.313,0.304,0.328,0.278,0.334,0.417,0.285,0.422,0.28,0.088,0.088,0.263,0.369,0.357,0.295,0.315,0.343,0.292,0.399,0.313,0.397,0.089,0.088,0.42,0.284,0.469,0.082,0.311,0.361,0.325,0.306,0.38,0.255,0.087,0.088,1.242,1.209,1.28,1.181,1.163,0.99,1.27,1.255,1.324,1.177,0.089,0.089,0.991,1.218,0.812,1.201,1.246,1.197,0.871,1.232,1.196,1.242,0.089,0.088,1.236,0.958,1.166,0.09,1.186,1.17,1.201,1.167,1.261,1.218,0.09,0.087,0.088,0.088,0.088,0.09,0.088,0.087,0.089,0.087,0.088,0.088,0.087
,17:09:16,36.1,0.089,0.088,0.087,0.087,0.089,0.087,0.087,0.089,0.087,0.088,0.088,0.089,0.088,0.377,0.314,0.304,0.328,0.278,0.334,0.418,0.285,0.428,0.28,0.088,0.088,0.263,0.369,0.355,0.297,0.316,0.343,0.292,0.4,0.313,0.398,0.089,0.088,0.419,0.285,0.469,0.082,0.311,0.362,0.325,0.307,0.379,0.255,0.087,0.088,1.24,1.207,1.279,1.18,1.162,0.988,1.27,1.254,1.323,1.177,0.089,0.089,0.988,1.217,0.808,1.2,1.244,1.195,0.867,1.232,1.195,1.242,0.089,0.088,1.235,0.959,1.163,0.09,1.182,1.168,1.199,1.166,1.261,1.218,0.09,0.087,0.087,0.088,0.088,0.09,0.088,0.087,0.089,0.086,0.088,0.088,0.087
,17:14:16,36,0.089,0.088,0.087,0.087,0.089,0.087,0.088,0.089,0.087,0.088,0.088,0.089,0.088,0.38,0.314,0.305,0.329,0.279,0.334,0.417,0.285,0.429,0.281,0.088,0.088,0.263,0.369,0.354,0.296,0.316,0.344,0.291,0.4,0.314,0.398,0.089,0.088,0.419,0.285,0.469,0.082,0.312,0.363,0.325,0.307,0.379,0.255,0.087,0.088,1.24,1.207,1.279,1.179,1.161,0.987,1.269,1.254,1.323,1.176,0.089,0.089,0.987,1.216,0.806,1.2,1.244,1.196,0.866,1.231,1.196,1.241,0.089,0.088,1.234,0.955,1.163,0.09,1.182,1.168,1.199,1.165,1.26,1.217,0.09,0.087,0.087,0.088,0.088,0.09,0.088,0.087,0.089,0.087,0.088,0.088,0.087
,17:19:16,36.1,0.089,0.088,0.087,0.087,0.089,0.087,0.088,0.089,0.087,0.088,0.088,0.089,0.088,0.381,0.316,0.305,0.33,0.28,0.334,0.418,0.286,0.426,0.283,0.088,0.088,0.263,0.368,0.354,0.297,0.317,0.343,0.292,0.4,0.315,0.398,0.089,0.088,0.418,0.286,0.469,0.082,0.313,0.365,0.325,0.308,0.379,0.255,0.087,0.088,1.239,1.205,1.278,1.178,1.16,0.986,1.269,1.252,1.322,1.176,0.089,0.089,0.985,1.215,0.804,1.199,1.243,1.194,0.862,1.23,1.195,1.241,0.089,0.089,1.233,0.954,1.162,0.09,1.18,1.166,1.198,1.163,1.259,1.217,0.09,0.087,0.088,0.088,0.088,0.09,0.088,0.087,0.089,0.087,0.088,0.088,0.087
,17:24:16,36,0.089,0.088,0.087,0.087,0.089,0.087,0.088,0.089,0.087,0.088,0.088,0.089,0.088,0.382,0.315,0.305,0.33,0.28,0.335,0.417,0.286,0.422,0.282,0.088,0.088,0.264,0.368,0.353,0.298,0.317,0.343,0.291,0.4,0.315,0.398,0.089,0.088,0.418,0.286,0.468,0.082,0.313,0.364,0.325,0.309,0.379,0.255,0.087,0.088,1.239,1.206,1.277,1.178,1.159,0.984,1.268,1.252,1.322,1.175,0.089,0.089,0.984,1.214,0.801,1.198,1.243,1.194,0.862,1.229,1.197,1.24,0.089,0.088,1.233,0.954,1.161,0.09,1.179,1.166,1.197,1.163,1.258,1.216,0.09,0.087,0.087,0.088,0.088,0.09,0.088,0.087,0.089,0.087,0.088,0.088,0.087
,17:29:16,35.9,0.089,0.089,0.087,0.087,0.089,0.087,0.088,0.089,0.087,0.088,0.088,0.089,0.088,0.383,0.316,0.306,0.33,0.281,0.335,0.418,0.287,0.429,0.285,0.088,0.088,0.264,0.367,0.352,0.298,0.318,0.344,0.291,0.4,0.315,0.397,0.089,0.088,0.418,0.285,0.467,0.082,0.313,0.363,0.325,0.309,0.379,0.255,0.087,0.088,1.238,1.205,1.277,1.178,1.158,0.983,1.267,1.251,1.321,1.175,0.089,0.089,0.982,1.214,0.799,1.197,1.241,1.194,0.862,1.229,1.197,1.239,0.089,0.089,1.232,0.951,1.16,0.09,1.178,1.166,1.196,1.162,1.257,1.216,0.09,0.087,0.088,0.088,0.088,0.09,0.088,0.087,0.089,0.087,0.088,0.088,0.087
,17:34:16,36,0.089,0.089,0.087,0.087,0.089,0.087,0.088,0.089,0.087,0.088,0.088,0.089,0.088,0.383,0.318,0.307,0.33,0.282,0.336,0.417,0.287,0.427,0.284,0.088,0.088,0.264,0.367,0.352,0.299,0.318,0.343,0.29,0.4,0.315,0.397,0.089,0.088,0.417,0.285,0.468,0.082,0.313,0.364,0.326,0.311,0.379,0.256,0.087,0.088,1.237,1.204,1.276,1.177,1.158,0.981,1.266,1.25,1.321,1.175,0.089,0.089,0.979,1.214,0.797,1.196,1.241,1.193,0.861,1.227,1.196,1.238,0.089,0.089,1.232,0.951,1.159,0.09,1.175,1.164,1.196,1.161,1.257,1.216,0.09,0.087,0.088,0.088,0.088,0.09,0.088,0.087,0.089,0.087,0.088,0.088,0.087
,17:39:16,36,0.089,0.088,0.087,0.087,0.089,0.087,0.088,0.089,0.087,0.088,0.088,0.089,0.088,0.384,0.317,0.306,0.33,0.282,0.335,0.417,0.287,0.421,0.284,0.088,0.088,0.264,0.366,0.351,0.299,0.319,0.343,0.29,0.399,0.315,0.396,0.089,0.088,0.417,0.285,0.468,0.082,0.313,0.363,0.325,0.311,0.379,0.256,0.087,0.088,1.236,1.203,1.276,1.176,1.156,0.979,1.265,1.25,1.321,1.175,0.089,0.089,0.978,1.213,0.795,1.196,1.241,1.192,0.858,1.227,1.195,1.238,0.089,0.088,1.231,0.95,1.158,0.09,1.175,1.164,1.195,1.16,1.256,1.214,0.09,0.087,0.087,0.088,0.088,0.09,0.088,0.087,0.089,0.086,0.088,0.088,0.087
,17:44:16,36.1,0.089,0.088,0.087,0.087,0.089,0.087,0.088,0.089,0.087,0.088,0.088,0.089,0.088,0.384,0.318,0.307,0.33,0.283,0.336,0.417,0.288,0.42,0.286,0.088,0.088,0.265,0.365,0.351,0.3,0.319,0.343,0.29,0.4,0.316,0.397,0.089,0.088,0.416,0.285,0.467,0.082,0.313,0.363,0.324,0.311,0.379,0.256,0.087,0.088,1.235,1.203,1.275,1.177,1.155,0.977,1.265,1.249,1.32,1.175,0.089,0.088,0.975,1.212,0.792,1.195,1.242,1.191,0.857,1.226,1.195,1.238,0.089,0.088,1.231,0.948,1.156,0.09,1.174,1.163,1.195,1.159,1.256,1.215,0.09,0.087,0.088,0.088,0.088,0.09,0.088,0.087,0.089,0.087,0.088,0.088,0.087
,17:49:16,36,0.089,0.089,0.087,0.087,0.089,0.087,0.088,0.089,0.087,0.088,0.088,0.089,0.088,0.385,0.318,0.307,0.33,0.284,0.336,0.417,0.287,0.429,0.285,0.088,0.088,0.265,0.365,0.35,0.299,0.32,0.344,0.29,0.399,0.316,0.397,0.089,0.088,0.417,0.285,0.467,0.082,0.313,0.363,0.324,0.313,0.379,0.256,0.087,0.088,1.234,1.202,1.274,1.175,1.155,0.976,1.264,1.248,1.32,1.174,0.089,0.089,0.974,1.212,0.791,1.194,1.24,1.191,0.859,1.224,1.194,1.237,0.089,0.089,1.23,0.948,1.155,0.09,1.173,1.162,1.194,1.158,1.255,1.213,0.09,0.087,0.088,0.088,0.088,0.09,0.088,0.087,0.089,0.087,0.088,0.088,0.087
,17:54:16,36.1,0.089,0.089,0.087,0.087,0.089,0.087,0.088,0.089,0.087,0.088,0.088,0.089,0.088,0.386,0.318,0.306,0.33,0.284,0.336,0.417,0.288,0.424,0.286,0.088,0.088,0.265,0.364,0.35,0.3,0.32,0.343,0.29,0.4,0.317,0.397,0.089,0.088,0.416,0.285,0.467,0.082,0.312,0.362,0.324,0.313,0.379,0.256,0.087,0.088,1.234,1.2,1.274,1.174,1.154,0.974,1.263,1.247,1.319,1.173,0.089,0.089,0.972,1.212,0.787,1.193,1.238,1.19,0.855,1.223,1.193,1.236,0.089,0.088,1.229,0.946,1.155,0.09,1.171,1.161,1.193,1.157,1.255,1.213,0.09,0.087,0.087,0.088,0.088,0.09,0.088,0.087,0.089,0.086,0.088,0.088,0.087
,17:59:16,36,0.089,0.088,0.087,0.087,0.089,0.087,0.088,0.089,0.087,0.088,0.088,0.089,0.088,0.386,0.318,0.306,0.33,0.285,0.335,0.417,0.288,0.429,0.288,0.088,0.088,0.265,0.364,0.349,0.3,0.321,0.343,0.29,0.399,0.317,0.397,0.089,0.088,0.415,0.284,0.467,0.082,0.312,0.361,0.324,0.314,0.379,0.256,0.086,0.088,1.233,1.2,1.273,1.173,1.152,0.973,1.262,1.246,1.318,1.172,0.089,0.088,0.97,1.21,0.785,1.192,1.238,1.189,0.854,1.223,1.193,1.234,0.089,0.088,1.228,0.944,1.154,0.09,1.169,1.16,1.192,1.156,1.254,1.212,0.09,0.087,0.087,0.088,0.088,0.09,0.088,0.087,0.089,0.087,0.088,0.088,0.087
,18:04:16,36,0.089,0.088,0.087,0.087,0.089,0.087,0.087,0.089,0.087,0.088,0.088,0.089,0.088,0.387,0.318,0.306,0.33,0.285,0.336,0.417,0.288,0.429,0.288,0.088,0.088,0.266,0.363,0.349,0.299,0.321,0.343,0.289,0.399,0.317,0.397,0.089,0.088,0.415,0.284,0.466,0.082,0.312,0.362,0.324,0.314,0.379,0.256,0.086,0.088,1.232,1.199,1.272,1.172,1.152,0.971,1.261,1.246,1.318,1.172,0.089,0.089,0.968,1.21,0.783,1.192,1.237,1.188,0.855,1.221,1.192,1.234,0.089,0.088,1.227,0.946,1.153,0.09,1.167,1.159,1.192,1.155,1.253,1.212,0.09,0.087,0.087,0.088,0.088,0.09,0.088,0.087,0.089,0.087,0.088,0.088,0.087
,18:09:16,36,0.089,0.088,0.087,0.087,0.089,0.087,0.088,0.089,0.087,0.088,0.088,0.089,0.088,0.387,0.319,0.305,0.33,0.286,0.334,0.417,0.289,0.428,0.288,0.088,0.088,0.266,0.363,0.348,0.299,0.32,0.342,0.289,0.399,0.316,0.396,0.089,0.088,0.415,0.284,0.466,0.082,0.312,0.362,0.324,0.315,0.379,0.256,0.087,0.088,1.232,1.199,1.272,1.173,1.15,0.97,1.261,1.245,1.318,1.172,0.088,0.088,0.967,1.211,0.782,1.192,1.238,1.187,0.853,1.221,1.191,1.234,0.089,0.088,1.228,0.942,1.153,0.09,1.167,1.158,1.192,1.154,1.253,1.211,0.09,0.087,0.087,0.088,0.088,0.09,0.088,0.087,0.089,0.086,0.088,0.088,0.087
,18:14:16,36,0.089,0.089,0.087,0.087,0.089,0.087,0.088,0.089,0.087,0.088,0.088,0.089,0.088,0.388,0.32,0.305,0.33,0.287,0.335,0.416,0.289,0.429,0.289,0.088,0.088,0.266,0.363,0.348,0.299,0.32,0.342,0.289,0.398,0.316,0.397,0.089,0.088,0.415,0.284,0.467,0.082,0.312,0.361,0.323,0.316,0.379,0.257,0.087,0.088,1.231,1.198,1.271,1.171,1.15,0.968,1.261,1.244,1.318,1.171,0.089,0.089,0.964,1.209,0.78,1.191,1.236,1.186,0.85,1.22,1.19,1.233,0.089,0.089,1.226,0.942,1.151,0.09,1.165,1.158,1.19,1.153,1.252,1.211,0.09,0.087,0.087,0.088,0.088,0.09,0.088,0.087,0.089,0.087,0.088,0.088,0.087
,18:19:16,36,0.089,0.089,0.087,0.087,0.089,0.087,0.088,0.089,0.087,0.088,0.088,0.089,0.088,0.388,0.32,0.305,0.33,0.287,0.335,0.417,0.289,0.431,0.29,0.088,0.088,0.267,0.362,0.348,0.298,0.32,0.342,0.289,0.398,0.316,0.397,0.089,0.088,0.414,0.283,0.466,0.082,0.313,0.361,0.323,0.316,0.379,0.257,0.087,0.088,1.23,1.198,1.271,1.171,1.149,0.966,1.26,1.243,1.317,1.17,0.089,0.089,0.963,1.208,0.776,1.19,1.236,1.186,0.851,1.219,1.19,1.232,0.089,0.088,1.225,0.94,1.151,0.09,1.163,1.157,1.19,1.153,1.252,1.211,0.09,0.087,0.088,0.088,0.088,0.09,0.088,0.087,0.089,0.087,0.088,0.088,0.087
,18:24:16,36.1,0.089,0.088,0.087,0.087,0.089,0.087,0.088,0.089,0.087,0.087,0.088,0.089,0.088,0.388,0.321,0.304,0.33,0.288,0.334,0.417,0.29,0.43,0.291,0.088,0.088,0.267,0.362,0.347,0.299,0.32,0.342,0.289,0.398,0.315,0.396,0.089,0.088,0.414,0.284,0.465,0.082,0.312,0.36,0.322,0.317,0.379,0.257,0.086,0.088,1.23,1.197,1.27,1.17,1.149,0.965,1.258,1.242,1.317,1.17,0.089,0.089,0.96,1.208,0.773,1.191,1.235,1.185,0.845,1.218,1.188,1.232,0.089,0.088,1.225,0.939,1.148,0.09,1.162,1.156,1.188,1.152,1.251,1.21,0.09,0.087,0.087,0.088,0.088,0.09,0.088,0.087,0.089,0.087,0.088,0.088,0.087
,18:29:16,36,0.089,0.088,0.087,0.087,0.089,0.087,0.088,0.089,0.087,0.088,0.088,0.089,0.088,0.388,0.321,0.304,0.33,0.287,0.334,0.416,0.29,0.422,0.291,0.088,0.088,0.267,0.361,0.347,0.3,0.319,0.342,0.289,0.398,0.315,0.396,0.089,0.088,0.414,0.284,0.466,0.082,0.312,0.36,0.322,0.317,0.379,0.257,0.086,0.088,1.229,1.196,1.27,1.17,1.147,0.964,1.258,1.242,1.317,1.17,0.089,0.088,0.958,1.207,0.773,1.193,1.236,1.185,0.843,1.217,1.188,1.232,0.089,0.089,1.224,0.937,1.148,0.09,1.161,1.155,1.188,1.151,1.251,1.21,0.09,0.087,0.087,0.088,0.088,0.09,0.088,0.087,0.089,0.086,0.088,0.088,0.087
,18:34:16,36,0.089,0.088,0.087,0.087,0.089,0.087,0.088,0.089,0.087,0.088,0.088,0.089,0.088,0.388,0.321,0.304,0.329,0.289,0.334,0.417,0.29,0.423,0.292,0.088,0.088,0.268,0.36,0.346,0.3,0.319,0.342,0.288,0.398,0.314,0.396,0.089,0.088,0.414,0.283,0.466,0.082,0.312,0.36,0.321,0.318,0.378,0.257,0.087,0.088,1.229,1.195,1.269,1.17,1.147,0.962,1.258,1.241,1.316,1.169,0.089,0.089,0.958,1.207,0.77,1.193,1.234,1.184,0.841,1.216,1.188,1.23,0.089,0.089,1.224,0.937,1.148,0.09,1.16,1.155,1.187,1.15,1.25,1.21,0.09,0.087,0.088,0.088,0.088,0.09,0.088,0.087,0.089,0.086,0.088,0.088,0.087
,18:39:16,36.1,0.089,0.089,0.087,0.087,0.089,0.087,0.088,0.089,0.087,0.088,0.088,0.089,0.088,0.388,0.322,0.304,0.329,0.289,0.334,0.417,0.291,0.431,0.292,0.088,0.088,0.268,0.36,0.346,0.3,0.319,0.342,0.288,0.397,0.314,0.397,0.089,0.088,0.413,0.283,0.465,0.082,0.312,0.359,0.321,0.318,0.379,0.257,0.087,0.088,1.23,1.195,1.269,1.169,1.146,0.96,1.257,1.24,1.316,1.169,0.089,0.089,0.956,1.206,0.767,1.192,1.234,1.183,0.839,1.216,1.187,1.23,0.089,0.089,1.223,0.937,1.146,0.09,1.159,1.153,1.187,1.149,1.25,1.209,0.09,0.087,0.088,0.088,0.088,0.09,0.088,0.087,0.089,0.087,0.088,0.088,0.087
,18:44:16,36,0.089,0.088,0.087,0.087,0.089,0.087,0.088,0.089,0.087,0.088,0.088,0.089,0.088,0.388,0.322,0.304,0.329,0.29,0.333,0.417,0.29,0.429,0.294,0.088,0.088,0.268,0.36,0.345,0.301,0.318,0.341,0.288,0.397,0.314,0.396,0.089,0.088,0.413,0.283,0.466,0.082,0.312,0.36,0.321,0.319,0.378,0.258,0.087,0.088,1.23,1.194,1.268,1.168,1.145,0.959,1.256,1.24,1.315,1.168,0.089,0.089,0.954,1.206,0.766,1.192,1.234,1.183,0.842,1.214,1.186,1.229,0.089,0.089,1.223,0.934,1.146,0.09,1.158,1.153,1.186,1.148,1.248,1.208,0.09,0.087,0.087,0.088,0.088,0.09,0.088,0.087,0.089,0.086,0.088,0.088,0.087
,18:49:16,36.1,0.089,0.088,0.087,0.087,0.089,0.087,0.088,0.089,0.087,0.088,0.088,0.089,0.088,0.387,0.323,0.303,0.329,0.291,0.333,0.417,0.291,0.43,0.293,0.088,0.088,0.269,0.36,0.345,0.301,0.318,0.341,0.288,0.396,0.313,0.396,0.089,0.088,0.413,0.282,0.466,0.082,0.312,0.36,0.321,0.32,0.378,0.258,0.087,0.088,1.228,1.193,1.267,1.167,1.145,0.957,1.255,1.239,1.314,1.168,0.089,0.088,0.951,1.205,0.763,1.192,1.232,1.181,0.838,1.213,1.184,1.229,0.089,0.088,1.221,0.933,1.145,0.09,1.155,1.151,1.184,1.147,1.248,1.208,0.09,0.087,0.087,0.088,0.088,0.09,0.088,0.087,0.089,0.086,0.088,0.088,0.087
,18:54:16,36.1,0.089,0.088,0.087,0.087,0.089,0.087,0.088,0.089,0.087,0.087,0.088,0.089,0.088,0.387,0.323,0.303,0.329,0.291,0.333,0.416,0.291,0.427,0.293,0.088,0.088,0.269,0.359,0.345,0.301,0.318,0.341,0.288,0.396,0.313,0.396,0.089,0.088,0.413,0.282,0.466,0.082,0.312,0.36,0.321,0.32,0.378,0.258,0.086,0.088,1.228,1.193,1.267,1.167,1.144,0.956,1.254,1.238,1.314,1.167,0.089,0.088,0.95,1.205,0.76,1.192,1.232,1.182,0.837,1.213,1.184,1.229,0.089,0.088,1.22,0.932,1.143,0.09,1.155,1.151,1.184,1.146,1.247,1.208,0.09,0.087,0.087,0.088,0.088,0.09,0.088,0.087,0.089,0.086,0.088,0.088,0.087
,18:59:16,36,0.09,0.089,0.087,0.087,0.089,0.087,0.088,0.089,0.087,0.088,0.088,0.089,0.088,0.387,0.323,0.303,0.329,0.292,0.333,0.417,0.292,0.42,0.295,0.088,0.088,0.269,0.359,0.345,0.302,0.318,0.341,0.288,0.396,0.313,0.396,0.089,0.088,0.412,0.282,0.466,0.082,0.312,0.359,0.321,0.321,0.378,0.258,0.087,0.088,1.228,1.192,1.266,1.166,1.143,0.954,1.254,1.238,1.314,1.168,0.089,0.089,0.948,1.204,0.759,1.192,1.231,1.181,0.835,1.212,1.183,1.228,0.089,0.089,1.22,0.931,1.143,0.09,1.153,1.15,1.183,1.145,1.246,1.208,0.09,0.087,0.088,0.088,0.088,0.09,0.088,0.087,0.089,0.087,0.088,0.088,0.087
,19:04:16,36,0.089,0.088,0.087,0.087,0.089,0.087,0.088,0.089,0.087,0.088,0.088,0.089,0.088,0.387,0.324,0.303,0.329,0.292,0.332,0.417,0.292,0.429,0.294,0.088,0.088,0.269,0.358,0.345,0.302,0.317,0.341,0.288,0.396,0.313,0.396,0.089,0.088,0.413,0.281,0.466,0.082,0.311,0.36,0.32,0.32,0.378,0.258,0.087,0.088,1.227,1.191,1.266,1.166,1.142,0.953,1.253,1.237,1.313,1.166,0.089,0.089,0.947,1.203,0.757,1.192,1.231,1.18,0.835,1.212,1.183,1.226,0.089,0.089,1.22,0.929,1.143,0.09,1.152,1.149,1.183,1.145,1.246,1.207,0.09,0.087,0.087,0.088,0.088,0.09,0.088,0.087,0.089,0.086,0.088,0.088,0.087
,19:09:16,36,0.089,0.088,0.087,0.087,0.089,0.087,0.088,0.089,0.087,0.088,0.088,0.089,0.088,0.387,0.325,0.303,0.329,0.293,0.333,0.416,0.292,0.429,0.294,0.088,0.088,0.268,0.358,0.344,0.302,0.317,0.341,0.288,0.396,0.312,0.396,0.089,0.088,0.412,0.281,0.465,0.082,0.311,0.359,0.32,0.321,0.378,0.258,0.087,0.088,1.227,1.191,1.265,1.165,1.141,0.951,1.252,1.236,1.313,1.167,0.089,0.089,0.944,1.203,0.755,1.192,1.231,1.18,0.829,1.211,1.182,1.227,0.089,0.088,1.219,0.929,1.14,0.09,1.151,1.148,1.182,1.143,1.246,1.208,0.09,0.087,0.088,0.088,0.088,0.09,0.088,0.087,0.089,0.087,0.088,0.088,0.087
,19:14:16,36.1,0.089,0.088,0.087,0.087,0.089,0.087,0.088,0.089,0.087,0.088,0.088,0.089,0.088,0.387,0.326,0.303,0.329,0.294,0.332,0.417,0.292,0.43,0.296,0.088,0.088,0.268,0.358,0.344,0.303,0.317,0.341,0.287,0.396,0.312,0.396,0.089,0.088,0.412,0.281,0.466,0.082,0.311,0.36,0.32,0.321,0.378,0.258,0.087,0.088,1.226,1.19,1.265,1.165,1.14,0.949,1.251,1.235,1.312,1.166,0.089,0.089,0.943,1.203,0.753,1.191,1.23,1.18,0.828,1.21,1.182,1.226,0.089,0.089,1.219,0.928,1.14,0.09,1.15,1.147,1.181,1.142,1.245,1.207,0.09,0.087,0.088,0.088,0.088,0.09,0.088,0.087,0.089,0.087,0.088,0.088,0.087
,19:19:16,36,0.089,0.088,0.087,0.087,0.089,0.087,0.088,0.089,0.087,0.088,0.088,0.089,0.088,0.387,0.325,0.302,0.329,0.295,0.332,0.417,0.292,0.429,0.297,0.088,0.088,0.268,0.358,0.344,0.303,0.316,0.34,0.288,0.396,0.312,0.396,0.089,0.088,0.412,0.28,0.466,0.082,0.31,0.36,0.319,0.321,0.377,0.258,0.087,0.088,1.226,1.19,1.264,1.164,1.139,0.949,1.251,1.234,1.312,1.165,0.089,0.089,0.941,1.202,0.751,1.192,1.23,1.179,0.827,1.209,1.181,1.224,0.089,0.088,1.22,0.926,1.141,0.09,1.149,1.147,1.181,1.142,1.244,1.207,0.09,0.087,0.087,0.088,0.088,0.09,0.088,0.087,0.089,0.086,0.088,0.088,0.087
,19:24:16,36,0.089,0.088,0.087,0.087,0.089,0.087,0.088,0.089,0.087,0.088,0.088,0.089,0.088,0.387,0.325,0.302,0.328,0.295,0.332,0.417,0.293,0.432,0.298,0.088,0.088,0.267,0.357,0.343,0.303,0.316,0.34,0.288,0.395,0.311,0.395,0.089,0.088,0.412,0.28,0.466,0.082,0.31,0.359,0.319,0.321,0.377,0.258,0.086,0.088,1.225,1.189,1.263,1.163,1.139,0.947,1.25,1.233,1.312,1.165,0.088,0.088,0.939,1.201,0.749,1.191,1.229,1.179,0.824,1.208,1.18,1.224,0.089,0.088,1.218,0.924,1.139,0.09,1.147,1.146,1.18,1.14,1.243,1.206,0.089,0.087,0.087,0.088,0.088,0.09,0.088,0.087,0.089,0.086,0.088,0.088,0.087
,19:29:16,36,0.089,0.088,0.087,0.087,0.089,0.087,0.088,0.089,0.087,0.088,0.088,0.089,0.088,0.386,0.325,0.302,0.328,0.295,0.331,0.416,0.293,0.43,0.297,0.088,0.088,0.267,0.357,0.343,0.304,0.316,0.34,0.287,0.395,0.312,0.395,0.089,0.088,0.412,0.279,0.466,0.082,0.31,0.359,0.319,0.321,0.377,0.258,0.087,0.088,1.225,1.188,1.263,1.162,1.137,0.945,1.249,1.233,1.311,1.164,0.088,0.089,0.938,1.2,0.748,1.191,1.227,1.177,0.822,1.208,1.179,1.224,0.089,0.089,1.216,0.924,1.138,0.09,1.145,1.144,1.179,1.14,1.243,1.206,0.09,0.087,0.087,0.088,0.088,0.09,0.088,0.087,0.089,0.086,0.088,0.088,0.087
,19:34:16,36,0.089,0.088,0.087,0.087,0.089,0.087,0.088,0.089,0.087,0.088,0.088,0.089,0.088,0.386,0.324,0.302,0.328,0.296,0.332,0.417,0.293,0.421,0.297,0.088,0.088,0.267,0.356,0.343,0.305,0.315,0.34,0.287,0.395,0.311,0.395,0.089,0.088,0.412,0.279,0.466,0.082,0.31,0.359,0.319,0.321,0.377,0.259,0.087,0.088,1.224,1.188,1.262,1.163,1.137,0.944,1.248,1.232,1.311,1.163,0.089,0.088,0.936,1.2,0.744,1.191,1.228,1.177,0.823,1.206,1.178,1.223,0.089,0.088,1.216,0.924,1.136,0.09,1.145,1.144,1.179,1.138,1.242,1.206,0.09,0.087,0.087,0.088,0.088,0.09,0.088,0.087,0.089,0.086,0.088,0.088,0.087
,19:39:16,36,0.089,0.089,0.087,0.087,0.089,0.087,0.088,0.089,0.087,0.088,0.088,0.089,0.088,0.386,0.324,0.301,0.328,0.296,0.331,0.416,0.293,0.43,0.299,0.088,0.088,0.267,0.358,0.342,0.304,0.315,0.34,0.287,0.395,0.311,0.395,0.089,0.088,0.412,0.279,0.466,0.082,0.309,0.359,0.318,0.321,0.377,0.259,0.087,0.088,1.224,1.187,1.262,1.162,1.135,0.943,1.248,1.231,1.31,1.163,0.089,0.089,0.934,1.199,0.743,1.191,1.227,1.177,0.82,1.206,1.178,1.222,0.089,0.089,1.216,0.923,1.137,0.09,1.143,1.143,1.178,1.138,1.242,1.206,0.089,0.087,0.087,0.088,0.088,0.09,0.088,0.087,0.089,0.086,0.088,0.088,0.087
,19:44:16,36.1,0.089,0.089,0.087,0.087,0.089,0.087,0.088,0.089,0.087,0.088,0.088,0.089,0.088,0.386,0.325,0.301,0.328,0.297,0.332,0.417,0.293,0.422,0.298,0.088,0.088,0.267,0.356,0.342,0.305,0.315,0.34,0.287,0.395,0.31,0.395,0.089,0.088,0.412,0.279,0.466,0.082,0.31,0.359,0.319,0.321,0.377,0.259,0.087,0.088,1.223,1.186,1.262,1.161,1.135,0.941,1.247,1.23,1.311,1.163,0.089,0.089,0.932,1.199,0.74,1.19,1.226,1.175,0.818,1.205,1.177,1.222,0.089,0.089,1.214,0.922,1.134,0.09,1.141,1.142,1.177,1.136,1.242,1.206,0.09,0.087,0.088,0.088,0.088,0.09,0.088,0.087,0.089,0.086,0.088,0.088,0.087
,19:49:16,36,0.089,0.088,0.087,0.087,0.089,0.087,0.088,0.089,0.087,0.088,0.088,0.089,0.088,0.386,0.325,0.301,0.328,0.298,0.332,0.417,0.293,0.43,0.299,0.088,0.088,0.267,0.356,0.342,0.305,0.315,0.34,0.287,0.394,0.31,0.395,0.089,0.088,0.412,0.278,0.466,0.082,0.309,0.359,0.319,0.321,0.376,0.259,0.087,0.088,1.222,1.185,1.26,1.161,1.133,0.939,1.246,1.23,1.31,1.162,0.089,0.088,0.931,1.198,0.738,1.188,1.225,1.175,0.816,1.203,1.176,1.221,0.089,0.088,1.214,0.922,1.134,0.09,1.139,1.141,1.176,1.135,1.241,1.205,0.09,0.087,0.088,0.088,0.088,0.09,0.088,0.087,0.089,0.086,0.088,0.088,0.087
,19:54:16,36.1,0.089,0.089,0.087,0.087,0.089,0.087,0.088,0.089,0.087,0.088,0.088,0.089,0.088,0.386,0.325,0.301,0.327,0.298,0.332,0.417,0.294,0.431,0.3,0.088,0.088,0.267,0.356,0.342,0.306,0.314,0.34,0.287,0.395,0.31,0.395,0.089,0.088,0.412,0.278,0.467,0.082,0.309,0.359,0.318,0.32,0.376,0.259,0.087,0.088,1.222,1.186,1.261,1.161,1.133,0.938,1.246,1.229,1.31,1.162,0.089,0.089,0.929,1.2,0.737,1.189,1.227,1.175,0.815,1.204,1.175,1.222,0.089,0.088,1.215,0.918,1.133,0.09,1.14,1.141,1.176,1.135,1.24,1.206,0.09,0.087,0.088,0.088,0.088,0.09,0.088,0.087,0.089,0.087,0.088,0.088,0.087
,19:59:16,36,0.089,0.088,0.087,0.087,0.089,0.087,0.087,0.089,0.087,0.088,0.088,0.089,0.088,0.386,0.325,0.301,0.326,0.299,0.331,0.417,0.294,0.423,0.301,0.088,0.088,0.267,0.355,0.342,0.306,0.314,0.34,0.287,0.394,0.31,0.395,0.089,0.088,0.411,0.278,0.466,0.082,0.309,0.359,0.318,0.32,0.376,0.259,0.086,0.088,1.22,1.184,1.26,1.16,1.132,0.936,1.245,1.228,1.309,1.161,0.089,0.089,0.927,1.198,0.734,1.187,1.224,1.173,0.811,1.202,1.175,1.221,0.089,0.088,1.213,0.91,1.131,0.09,1.137,1.139,1.175,1.134,1.24,1.205,0.089,0.087,0.087,0.088,0.088,0.09,0.088,0.087,0.089,0.086,0.088,0.088,0.087
,20:04:16,36,0.089,0.088,0.087,0.087,0.089,0.087,0.088,0.089,0.087,0.088,0.088,0.089,0.088,0.386,0.324,0.301,0.326,0.3,0.331,0.417,0.295,0.431,0.301,0.088,0.088,0.266,0.355,0.341,0.307,0.313,0.34,0.286,0.394,0.309,0.395,0.089,0.088,0.411,0.277,0.466,0.082,0.309,0.359,0.318,0.32,0.376,0.259,0.086,0.088,1.221,1.184,1.26,1.16,1.132,0.934,1.245,1.228,1.31,1.161,0.088,0.088,0.925,1.198,0.732,1.187,1.225,1.173,0.811,1.202,1.174,1.22,0.089,0.088,1.213,0.91,1.131,0.09,1.137,1.139,1.175,1.132,1.239,1.204,0.09,0.087,0.087,0.088,0.088,0.09,0.088,0.087,0.089,0.086,0.088,0.088,0.087
,20:09:16,36,0.089,0.088,0.087,0.087,0.089,0.087,0.088,0.089,0.087,0.088,0.088,0.089,0.088,0.386,0.324,0.3,0.326,0.3,0.331,0.417,0.296,0.422,0.3,0.088,0.088,0.267,0.355,0.341,0.308,0.314,0.34,0.287,0.394,0.309,0.395,0.089,0.088,0.41,0.277,0.467,0.082,0.309,0.358,0.318,0.32,0.376,0.259,0.087,0.088,1.22,1.183,1.259,1.159,1.131,0.933,1.244,1.227,1.309,1.16,0.089,0.089,0.924,1.196,0.729,1.185,1.223,1.172,0.808,1.201,1.173,1.22,0.089,0.088,1.211,0.91,1.129,0.09,1.134,1.138,1.174,1.131,1.238,1.204,0.09,0.087,0.087,0.088,0.088,0.09,0.088,0.087,0.089,0.086,0.088,0.088,0.087
,20:14:16,36.1,0.089,0.089,0.087,0.087,0.089,0.088,0.088,0.089,0.087,0.088,0.088,0.089,0.088,0.386,0.325,0.301,0.326,0.302,0.331,0.417,0.296,0.43,0.303,0.088,0.088,0.267,0.354,0.341,0.307,0.314,0.34,0.287,0.394,0.309,0.395,0.089,0.088,0.411,0.277,0.467,0.082,0.309,0.359,0.318,0.319,0.376,0.259,0.087,0.088,1.22,1.183,1.258,1.158,1.131,0.932,1.243,1.227,1.308,1.16,0.089,0.089,0.922,1.196,0.728,1.185,1.223,1.172,0.805,1.2,1.173,1.219,0.089,0.089,1.211,0.91,1.128,0.09,1.134,1.138,1.173,1.13,1.238,1.204,0.09,0.087,0.088,0.088,0.088,0.09,0.088,0.087,0.089,0.087,0.088,0.088,0.087
,20:19:16,36,0.089,0.089,0.087,0.087,0.089,0.087,0.088,0.089,0.087,0.088,0.088,0.089,0.088,0.386,0.324,0.3,0.326,0.303,0.331,0.416,0.295,0.431,0.304,0.088,0.088,0.266,0.355,0.341,0.307,0.313,0.34,0.286,0.393,0.308,0.395,0.089,0.088,0.411,0.276,0.466,0.082,0.309,0.359,0.317,0.319,0.376,0.259,0.086,0.088,1.22,1.182,1.258,1.158,1.131,0.93,1.242,1.225,1.308,1.16,0.089,0.088,0.92,1.196,0.727,1.185,1.223,1.172,0.807,1.199,1.173,1.218,0.089,0.088,1.212,0.908,1.128,0.09,1.133,1.136,1.173,1.129,1.237,1.203,0.09,0.087,0.087,0.088,0.088,0.09,0.088,0.087,0.089,0.086,0.088,0.088,0.087
,20:24:16,36,0.089,0.089,0.087,0.087,0.089,0.087,0.088,0.089,0.087,0.088,0.088,0.089,0.088,0.386,0.324,0.3,0.326,0.303,0.33,0.417,0.295,0.427,0.302,0.088,0.088,0.266,0.354,0.341,0.307,0.313,0.34,0.286,0.394,0.309,0.394,0.089,0.088,0.41,0.276,0.467,0.082,0.309,0.359,0.318,0.32,0.376,0.259,0.087,0.088,1.218,1.181,1.257,1.156,1.128,0.928,1.241,1.225,1.308,1.159,0.089,0.088,0.919,1.195,0.723,1.183,1.221,1.17,0.803,1.198,1.171,1.218,0.089,0.088,1.21,0.907,1.126,0.09,1.13,1.135,1.171,1.128,1.236,1.203,0.09,0.087,0.087,0.088,0.088,0.09,0.088,0.087,0.089,0.086,0.088,0.088,0.087
,20:29:16,36,0.089,0.088,0.087,0.087,0.089,0.087,0.088,0.089,0.087,0.088,0.088,0.089,0.088,0.386,0.325,0.3,0.326,0.304,0.33,0.417,0.295,0.425,0.304,0.088,0.088,0.266,0.354,0.341,0.307,0.313,0.34,0.286,0.393,0.309,0.395,0.089,0.088,0.41,0.276,0.467,0.082,0.309,0.358,0.317,0.319,0.376,0.26,0.086,0.088,1.218,1.181,1.257,1.156,1.128,0.928,1.241,1.224,1.307,1.159,0.088,0.089,0.917,1.194,0.722,1.182,1.221,1.171,0.802,1.198,1.171,1.217,0.089,0.088,1.209,0.907,1.125,0.09,1.129,1.134,1.171,1.127,1.236,1.203,0.09,0.087,0.087,0.088,0.088,0.09,0.088,0.087,0.089,0.086,0.088,0.088,0.087
,20:34:16,36.1,0.089,0.089,0.087,0.087,0.089,0.087,0.088,0.089,0.087,0.088,0.088,0.089,0.088,0.386,0.324,0.3,0.325,0.304,0.33,0.417,0.294,0.433,0.306,0.088,0.088,0.266,0.353,0.34,0.307,0.312,0.34,0.286,0.393,0.308,0.395,0.088,0.088,0.41,0.275,0.467,0.082,0.309,0.358,0.318,0.318,0.376,0.259,0.086,0.088,1.218,1.181,1.256,1.156,1.127,0.926,1.24,1.223,1.306,1.158,0.088,0.088,0.915,1.194,0.721,1.182,1.222,1.17,0.804,1.197,1.17,1.216,0.089,0.088,1.21,0.904,1.125,0.09,1.129,1.133,1.171,1.126,1.235,1.202,0.09,0.087,0.087,0.088,0.088,0.09,0.088,0.087,0.089,0.086,0.088,0.088,0.087
,20:39:16,36,0.089,0.089,0.087,0.087,0.089,0.087,0.088,0.089,0.087,0.088,0.088,0.089,0.088,0.386,0.323,0.3,0.326,0.305,0.33,0.417,0.294,0.431,0.305,0.088,0.088,0.265,0.353,0.341,0.307,0.313,0.34,0.286,0.393,0.308,0.394,0.089,0.088,0.41,0.275,0.468,0.082,0.308,0.359,0.317,0.319,0.376,0.259,0.087,0.088,1.217,1.179,1.256,1.155,1.126,0.924,1.239,1.223,1.306,1.158,0.089,0.089,0.914,1.193,0.719,1.181,1.22,1.168,0.799,1.196,1.169,1.216,0.089,0.089,1.208,0.905,1.123,0.09,1.127,1.132,1.17,1.124,1.235,1.202,0.09,0.087,0.087,0.088,0.088,0.09,0.088,0.087,0.089,0.086,0.088,0.088,0.087
,20:44:16,36,0.089,0.088,0.087,0.087,0.089,0.087,0.088,0.089,0.087,0.088,0.088,0.089,0.088,0.386,0.323,0.3,0.326,0.305,0.331,0.417,0.294,0.429,0.305,0.088,0.088,0.265,0.353,0.34,0.307,0.312,0.34,0.286,0.393,0.308,0.395,0.089,0.088,0.41,0.275,0.467,0.082,0.308,0.36,0.317,0.319,0.376,0.259,0.087,0.088,1.216,1.179,1.255,1.155,1.124,0.923,1.239,1.222,1.306,1.158,0.089,0.089,0.911,1.193,0.716,1.18,1.219,1.168,0.798,1.195,1.169,1.215,0.089,0.088,1.207,0.902,1.121,0.09,1.125,1.131,1.169,1.124,1.234,1.202,0.09,0.087,0.088,0.088,0.088,0.09,0.088,0.087,0.089,0.086,0.088,0.088,0.087
,20:49:16,36.1,0.089,0.088,0.087,0.087,0.089,0.087,0.088,0.089,0.087,0.087,0.088,0.089,0.088,0.386,0.322,0.3,0.326,0.306,0.331,0.417,0.294,0.432,0.306,0.088,0.088,0.264,0.353,0.34,0.307,0.312,0.34,0.286,0.393,0.308,0.394,0.089,0.088,0.409,0.275,0.467,0.082,0.308,0.359,0.317,0.318,0.375,0.258,0.086,0.088,1.216,1.178,1.255,1.154,1.124,0.922,1.238,1.221,1.305,1.157,0.089,0.089,0.91,1.193,0.715,1.18,1.22,1.169,0.799,1.196,1.169,1.215,0.089,0.089,1.207,0.9,1.121,0.09,1.126,1.131,1.17,1.122,1.234,1.201,0.089,0.087,0.087,0.088,0.088,0.09,0.088,0.087,0.089,0.086,0.088,0.088,0.087
,20:54:16,36.1,0.089,0.089,0.087,0.087,0.089,0.087,0.088,0.089,0.087,0.088,0.088,0.089,0.088,0.386,0.323,0.3,0.326,0.307,0.33,0.417,0.293,0.431,0.307,0.088,0.088,0.265,0.352,0.34,0.306,0.313,0.341,0.286,0.393,0.308,0.395,0.089,0.088,0.41,0.275,0.468,0.082,0.308,0.359,0.317,0.318,0.376,0.259,0.087,0.088,1.215,1.177,1.254,1.153,1.123,0.92,1.238,1.221,1.305,1.157,0.089,0.089,0.909,1.192,0.713,1.179,1.219,1.168,0.796,1.195,1.168,1.215,0.089,0.089,1.206,0.9,1.12,0.09,1.124,1.13,1.169,1.121,1.233,1.201,0.09,0.087,0.087,0.088,0.088,0.09,0.088,0.087,0.089,0.086,0.088,0.088,0.087
,20:59:16,36,0.089,0.088,0.087,0.087,0.089,0.087,0.088,0.089,0.087,0.088,0.088,0.089,0.088,0.385,0.322,0.3,0.326,0.308,0.331,0.417,0.293,0.431,0.308,0.088,0.088,0.264,0.352,0.34,0.307,0.312,0.34,0.286,0.392,0.308,0.394,0.089,0.088,0.41,0.274,0.468,0.082,0.308,0.36,0.316,0.318,0.375,0.258,0.087,0.088,1.214,1.177,1.254,1.152,1.124,0.919,1.237,1.22,1.305,1.156,0.088,0.088,0.906,1.191,0.71,1.178,1.219,1.167,0.795,1.194,1.167,1.214,0.089,0.088,1.205,0.901,1.119,0.09,1.123,1.129,1.168,1.12,1.232,1.2,0.09,0.087,0.087,0.088,0.088,0.09,0.088,0.087,0.089,0.086,0.088,0.088,0.087
,21:04:16,36,0.089,0.088,0.087,0.087,0.089,0.087,0.088,0.089,0.087,0.088,0.09,0.089,0.088,0.386,0.322,0.3,0.325,0.308,0.331,0.417,0.293,0.431,0.308,0.088,0.088,0.264,0.352,0.34,0.306,0.312,0.34,0.286,0.392,0.307,0.395,0.089,0.088,0.41,0.274,0.468,0.082,0.308,0.36,0.317,0.317,0.375,0.258,0.086,0.088,1.214,1.176,1.253,1.152,1.122,0.918,1.236,1.219,1.304,1.155,0.088,0.089,0.905,1.19,0.708,1.177,1.217,1.167,0.794,1.193,1.167,1.213,0.089,0.088,1.205,0.897,1.118,0.09,1.122,1.127,1.168,1.119,1.232,1.199,0.089,0.087,0.087,0.088,0.088,0.09,0.088,0.087,0.089,0.086,0.088,0.088,0.087
,21:09:16,36,0.089,0.088,0.087,0.087,0.089,0.087,0.088,0.089,0.087,0.088,0.097,0.089,0.088,0.386,0.321,0.3,0.326,0.309,0.331,0.417,0.293,0.432,0.309,0.088,0.088,0.264,0.352,0.34,0.307,0.312,0.34,0.286,0.392,0.308,0.395,0.089,0.088,0.409,0.274,0.469,0.082,0.308,0.36,0.317,0.317,0.375,0.258,0.087,0.088,1.213,1.176,1.253,1.152,1.121,0.916,1.236,1.219,1.304,1.155,0.089,0.088,0.904,1.19,0.706,1.176,1.217,1.166,0.791,1.192,1.166,1.214,0.089,0.088,1.204,0.896,1.115,0.09,1.119,1.127,1.166,1.118,1.232,1.2,0.09,0.087,0.087,0.088,0.088,0.09,0.088,0.087,0.089,0.087,0.088,0.088,0.087
,21:14:15,36,0.089,0.089,0.087,0.087,0.089,0.087,0.088,0.089,0.087,0.088,0.088,0.089,0.088,0.386,0.321,0.3,0.326,0.31,0.331,0.417,0.293,0.431,0.307,0.088,0.088,0.264,0.352,0.339,0.306,0.312,0.34,0.286,0.391,0.307,0.394,0.089,0.088,0.409,0.274,0.468,0.082,0.308,0.36,0.317,0.317,0.375,0.258,0.086,0.088,1.213,1.175,1.252,1.151,1.12,0.914,1.235,1.218,1.303,1.155,0.089,0.089,0.902,1.189,0.705,1.175,1.216,1.166,0.791,1.192,1.165,1.212,0.089,0.088,1.204,0.896,1.116,0.09,1.119,1.126,1.166,1.117,1.231,1.199,0.09,0.087,0.087,0.088,0.088,0.09,0.088,0.087,0.089,0.086,0.088,0.088,0.087
,21:19:16,36,0.089,0.088,0.087,0.087,0.089,0.087,0.088,0.089,0.087,0.088,0.088,0.089,0.088,0.386,0.322,0.3,0.326,0.311,0.331,0.417,0.293,0.433,0.31,0.088,0.088,0.264,0.352,0.339,0.305,0.312,0.34,0.285,0.392,0.308,0.395,0.089,0.088,0.409,0.273,0.469,0.082,0.308,0.36,0.316,0.316,0.375,0.258,0.087,0.088,1.211,1.174,1.252,1.151,1.119,0.914,1.234,1.217,1.303,1.154,0.088,0.088,0.9,1.19,0.703,1.175,1.216,1.165,0.788,1.19,1.165,1.212,0.089,0.088,1.204,0.896,1.113,0.09,1.117,1.125,1.165,1.115,1.231,1.199,0.09,0.087,0.087,0.088,0.088,0.09,0.088,0.087,0.089,0.086,0.088,0.088,0.087
,21:24:16,36,0.089,0.088,0.087,0.087,0.089,0.087,0.088,0.089,0.087,0.088,0.089,0.089,0.088,0.387,0.321,0.3,0.325,0.31,0.331,0.417,0.293,0.431,0.311,0.088,0.088,0.264,0.352,0.34,0.305,0.312,0.341,0.286,0.392,0.307,0.395,0.089,0.088,0.409,0.273,0.469,0.082,0.308,0.361,0.317,0.317,0.376,0.258,0.087,0.088,1.211,1.173,1.251,1.15,1.12,0.912,1.234,1.217,1.303,1.155,0.089,0.089,0.898,1.188,0.701,1.174,1.216,1.165,0.787,1.19,1.165,1.212,0.089,0.088,1.203,0.894,1.112,0.09,1.116,1.124,1.166,1.114,1.231,1.199,0.09,0.087,0.087,0.088,0.088,0.09,0.088,0.087,0.089,0.086,0.088,0.088,0.087
,21:29:16,36.1,0.089,0.088,0.087,0.087,0.089,0.087,0.088,0.089,0.087,0.088,0.097,0.089,0.088,0.386,0.321,0.3,0.326,0.312,0.331,0.418,0.293,0.43,0.311,0.088,0.088,0.264,0.351,0.339,0.305,0.312,0.341,0.286,0.392,0.308,0.395,0.089,0.088,0.41,0.273,0.469,0.082,0.308,0.36,0.317,0.317,0.375,0.258,0.087,0.088,1.21,1.173,1.25,1.149,1.119,0.911,1.233,1.216,1.302,1.154,0.089,0.089,0.897,1.188,0.701,1.173,1.215,1.165,0.787,1.19,1.164,1.212,0.089,0.088,1.203,0.892,1.111,0.09,1.115,1.122,1.166,1.113,1.23,1.198,0.09,0.087,0.087,0.088,0.088,0.09,0.088,0.087,0.089,0.086,0.088,0.088,0.087
,21:34:16,36,0.089,0.088,0.087,0.087,0.089,0.087,0.088,0.089,0.087,0.088,0.088,0.089,0.088,0.387,0.321,0.3,0.326,0.312,0.331,0.417,0.292,0.432,0.311,0.088,0.088,0.264,0.351,0.339,0.305,0.312,0.341,0.286,0.391,0.307,0.395,0.089,0.088,0.409,0.273,0.47,0.082,0.308,0.36,0.316,0.316,0.376,0.258,0.086,0.088,1.209,1.172,1.25,1.149,1.118,0.909,1.233,1.216,1.302,1.154,0.089,0.088,0.895,1.188,0.697,1.172,1.215,1.163,0.784,1.189,1.163,1.212,0.089,0.088,1.202,0.889,1.109,0.09,1.113,1.121,1.164,1.111,1.23,1.198,0.09,0.087,0.087,0.088,0.088,0.09,0.088,0.087,0.089,0.087,0.088,0.088,0.087
,21:39:16,36.1,0.089,0.089,0.087,0.087,0.089,0.087,0.088,0.089,0.087,0.088,0.097,0.089,0.088,0.387,0.322,0.3,0.326,0.313,0.33,0.418,0.292,0.432,0.313,0.088,0.088,0.264,0.353,0.339,0.305,0.312,0.341,0.285,0.392,0.307,0.395,0.089,0.088,0.41,0.273,0.469,0.082,0.309,0.361,0.317,0.316,0.375,0.258,0.087,0.088,1.21,1.173,1.25,1.15,1.117,0.909,1.232,1.215,1.302,1.153,0.089,0.089,0.895,1.189,0.698,1.173,1.217,1.164,0.785,1.189,1.163,1.211,0.089,0.089,1.203,0.888,1.11,0.09,1.114,1.121,1.166,1.11,1.229,1.198,0.09,0.087,0.088,0.088,0.088,0.09,0.088,0.087,0.089,0.087,0.088,0.088,0.087
,21:44:16,36.1,0.089,0.089,0.087,0.087,0.089,0.087,0.088,0.089,0.087,0.088,0.089,0.089,0.088,0.387,0.321,0.3,0.326,0.313,0.33,0.418,0.292,0.432,0.313,0.088,0.088,0.263,0.351,0.339,0.304,0.312,0.341,0.285,0.391,0.307,0.395,0.089,0.088,0.41,0.273,0.469,0.082,0.308,0.361,0.317,0.317,0.375,0.258,0.086,0.088,1.209,1.172,1.249,1.148,1.117,0.907,1.231,1.214,1.302,1.153,0.089,0.088,0.893,1.187,0.695,1.172,1.216,1.163,0.783,1.187,1.162,1.21,0.089,0.088,1.202,0.887,1.108,0.09,1.113,1.119,1.165,1.109,1.228,1.198,0.09,0.087,0.087,0.088,0.088,0.09,0.088,0.087,0.089,0.086,0.088,0.088,0.087
,21:49:16,36,0.089,0.089,0.087,0.087,0.089,0.087,0.088,0.089,0.087,0.088,0.089,0.089,0.088,0.387,0.321,0.3,0.326,0.316,0.33,0.418,0.292,0.432,0.313,0.088,0.088,0.264,0.351,0.338,0.304,0.312,0.341,0.285,0.391,0.307,0.395,0.089,0.088,0.409,0.273,0.471,0.082,0.308,0.362,0.317,0.316,0.375,0.258,0.087,0.088,1.208,1.172,1.249,1.148,1.116,0.906,1.231,1.213,1.301,1.152,0.089,0.089,0.891,1.187,0.692,1.171,1.216,1.163,0.78,1.187,1.162,1.21,0.089,0.089,1.201,0.888,1.106,0.09,1.112,1.118,1.165,1.108,1.228,1.197,0.09,0.087,0.087,0.088,0.088,0.09,0.088,0.087,0.089,0.087,0.088,0.088,0.087
,21:54:16,36,0.089,0.088,0.087,0.087,0.089,0.087,0.087,0.089,0.087,0.087,0.095,0.089,0.088,0.387,0.321,0.3,0.326,0.316,0.33,0.417,0.292,0.433,0.313,0.088,0.088,0.263,0.35,0.338,0.304,0.312,0.34,0.285,0.391,0.307,0.395,0.089,0.088,0.409,0.272,0.471,0.082,0.308,0.361,0.317,0.316,0.375,0.257,0.086,0.088,1.207,1.171,1.248,1.147,1.115,0.904,1.23,1.212,1.301,1.152,0.088,0.088,0.889,1.186,0.69,1.17,1.215,1.162,0.779,1.186,1.161,1.209,0.089,0.088,1.2,0.886,1.105,0.09,1.11,1.117,1.164,1.106,1.227,1.196,0.089,0.087,0.087,0.088,0.088,0.09,0.088,0.087,0.089,0.086,0.088,0.088,0.087
,21:59:16,36,0.089,0.088,0.087,0.087,0.089,0.087,0.088,0.089,0.087,0.088,0.096,0.089,0.088,0.387,0.321,0.3,0.326,0.316,0.33,0.418,0.291,0.432,0.314,0.088,0.088,0.263,0.35,0.338,0.304,0.312,0.341,0.285,0.391,0.307,0.395,0.089,0.088,0.409,0.272,0.471,0.082,0.308,0.361,0.317,0.316,0.375,0.257,0.086,0.088,1.206,1.17,1.248,1.147,1.115,0.903,1.23,1.212,1.301,1.152,0.088,0.088,0.887,1.185,0.688,1.169,1.214,1.162,0.777,1.186,1.16,1.209,0.089,0.088,1.199,0.882,1.102,0.09,1.109,1.117,1.164,1.105,1.227,1.198,0.09,0.087,0.087,0.088,0.088,0.09,0.088,0.087,0.089,0.086,0.088,0.088,0.087
,22:04:16,36,0.089,0.088,0.087,0.087,0.089,0.087,0.088,0.089,0.087,0.088,0.088,0.089,0.088,0.388,0.321,0.3,0.325,0.316,0.33,0.418,0.292,0.433,0.316,0.088,0.088,0.263,0.351,0.338,0.304,0.313,0.341,0.285,0.391,0.307,0.395,0.089,0.088,0.409,0.271,0.47,0.082,0.308,0.362,0.317,0.316,0.375,0.257,0.086,0.088,1.206,1.17,1.248,1.148,1.115,0.902,1.229,1.212,1.3,1.151,0.089,0.089,0.887,1.187,0.688,1.169,1.215,1.162,0.777,1.186,1.16,1.208,0.089,0.089,1.2,0.882,1.104,0.09,1.108,1.116,1.164,1.104,1.226,1.197,0.09,0.087,0.088,0.088,0.088,0.09,0.088,0.087,0.089,0.086,0.088,0.088,0.087
,,,,,,,,,,,,,,,,,,,,,,,,,,,,,,,,,,,,,,,,,,,,,,,,,,,,,,,,,,,,,,,,,,,,,,,,,,,,,,,,,,,,,,,,,,,,,,,,,,
Results,,,,,,,,,,,,,,,,,,,,,,,,,,,,,,,,,,,,,,,,,,,,,,,,,,,,,,,,,,,,,,,,,,,,,,,,,,,,,,,,,,,,,,,,,,,,,,,,,,
,,,,,,,,,,,,,,,,,,,,,,,,,,,,,,,,,,,,,,,,,,,,,,,,,,,,,,,,,,,,,,,,,,,,,,,,,,,,,,,,,,,,,,,,,,,,,,,,,,
,,1,2,3,4,5,6,7,8,9,10,11,12,,,,,,,,,,,,,,,,,,,,,,,,,,,,,,,,,,,,,,,,,,,,,,,,,,,,,,,,,,,,,,,,,,,,,,,,,,,,,,,,,,,,,
,A,0.03,0.026,0.022,0.024,0.028,0.026,0.028,-0.028,-0.036,-0.022,0.384,0.028,Max V [600],,,,,,,,,,,,,,,,,,,,,,,,,,,,,,,,,,,,,,,,,,,,,,,,,,,,,,,,,,,,,,,,,,,,,,,,,,,,,,,,,,,,
,,0.97,0.797,0.703,0.837,0.925,0.549,0.845,0.628,0.497,0.644,0.684,0.671,R-Squared [600],,,,,,,,,,,,,,,,,,,,,,,,,,,,,,,,,,,,,,,,,,,,,,,,,,,,,,,,,,,,,,,,,,,,,,,,,,,,,,,,,,,,
,,4:14:16,4:14:16,4:14:16,4:14:16,4:14:16,20:09:16,17:24:16,2:54:16,4:49:16,21:49:16,20:59:16,3:09:16,t at Max V [600],,,,,,,,,,,,,,,,,,,,,,,,,,,,,,,,,,,,,,,,,,,,,,,,,,,,,,,,,,,,,,,,,,,,,,,,,,,,,,,,,,,,
,,4:08:56,4:12:44,4:20:38,4:24:16,4:12:50,20:02:21,17:29:16,2:59:16,4:50:23,21:59:16,20:53:17,2:56:25,Lagtime [600],,,,,,,,,,,,,,,,,,,,,,,,,,,,,,,,,,,,,,,,,,,,,,,,,,,,,,,,,,,,,,,,,,,,,,,,,,,,,,,,,,,,
,B,0.024,0.804,0.404,-0.598,0.526,0.494,-0.746,0.518,0.502,1.224,0.43,-0.06,Max V [600],,,,,,,,,,,,,,,,,,,,,,,,,,,,,,,,,,,,,,,,,,,,,,,,,,,,,,,,,,,,,,,,,,,,,,,,,,,,,,,,,,,,
,,0.857,0.939,0.991,0.868,0.989,0.829,0.657,0.997,0.973,0.998,0.941,0.509,R-Squared [600],,,,,,,,,,,,,,,,,,,,,,,,,,,,,,,,,,,,,,,,,,,,,,,,,,,,,,,,,,,,,,,,,,,,,,,,,,,,,,,,,,,,
,,18:09:16,9:29:16,4:04:16,0:19:16,4:09:16,8:04:16,0:14:16,14:39:16,6:44:16,11:29:16,12:04:16,0:14:16,t at Max V [600],,,,,,,,,,,,,,,,,,,,,,,,,,,,,,,,,,,,,,,,,,,,,,,,,,,,,,,,,,,,,,,,,,,,,,,,,,,,,,,,,,,,
,,18:18:26,7:02:49,2:31:24,0:09:38,2:28:33,6:29:17,?????,4:55:36,4:52:21,7:38:51,7:33:48,?????,Lagtime [600],,,,,,,,,,,,,,,,,,,,,,,,,,,,,,,,,,,,,,,,,,,,,,,,,,,,,,,,,,,,,,,,,,,,,,,,,,,,,,,,,,,,
,C,0.024,0.4,0.57,-0.874,0.512,0.558,0.89,0.662,0.86,0.598,0.524,-0.028,Max V [600],,,,,,,,,,,,,,,,,,,,,,,,,,,,,,,,,,,,,,,,,,,,,,,,,,,,,,,,,,,,,,,,,,,,,,,,,,,,,,,,,,,,
,,0.837,0.99,0.97,0.897,0.988,0.971,0.783,0.992,0.886,0.984,0.998,0.845,R-Squared [600],,,,,,,,,,,,,,,,,,,,,,,,,,,,,,,,,,,,,,,,,,,,,,,,,,,,,,,,,,,,,,,,,,,,,,,,,,,,,,,,,,,,
,,4:14:16,4:19:16,8:09:16,0:14:16,9:14:16,4:14:16,8:19:16,12:14:16,7:04:16,9:39:16,14:29:16,20:24:16,t at Max V [600],,,,,,,,,,,,,,,,,,,,,,,,,,,,,,,,,,,,,,,,,,,,,,,,,,,,,,,,,,,,,,,,,,,,,,,,,,,,,,,,,,,,
,,4:32:36,2:36:22,4:24:49,0:06:11,5:39:18,2:55:23,5:23:44,7:01:06,5:17:52,5:26:39,5:39:25,20:08:33,Lagtime [600],,,,,,,,,,,,,,,,,,,,,,,,,,,,,,,,,,,,,,,,,,,,,,,,,,,,,,,,,,,,,,,,,,,,,,,,,,,,,,,,,,,,
,D,-0.018,0.678,-1.112,1.114,0.03,-0.402,0.642,0.518,-0.542,0.654,0.734,0.022,Max V [600],,,,,,,,,,,,,,,,,,,,,,,,,,,,,,,,,,,,,,,,,,,,,,,,,,,,,,,,,,,,,,,,,,,,,,,,,,,,,,,,,,,,
,,0.547,0.999,0.725,0.995,0.84,0.505,0.963,1,0.769,0.973,0.953,0.945,R-Squared [600],,,,,,,,,,,,,,,,,,,,,,,,,,,,,,,,,,,,,,,,,,,,,,,,,,,,,,,,,,,,,,,,,,,,,,,,,,,,,,,,,,,,
,,4:49:16,14:39:16,0:14:16,12:49:16,7:29:16,0:14:16,6:24:16,4:19:16,0:29:16,12:09:16,7:04:16,17:19:16,t at Max V [600],,,,,,,,,,,,,,,,,,,,,,,,,,,,,,,,,,,,,,,,,,,,,,,,,,,,,,,,,,,,,,,,,,,,,,,,,,,,,,,,,,,,
,,4:25:56,7:06:37,?????,8:47:39,7:19:56,?????,4:23:48,2:46:01,0:36:21,6:14:32,5:19:54,17:38:21,Lagtime [600],,,,,,,,,,,,,,,,,,,,,,,,,,,,,,,,,,,,,,,,,,,,,,,,,,,,,,,,,,,,,,,,,,,,,,,,,,,,,,,,,,,,
,E,-0.028,4.594,6.074,-21.514,6.434,4.8,5.196,-21.546,6.224,6.574,5.184,0.024,Max V [600],,,,,,,,,,,,,,,,,,,,,,,,,,,,,,,,,,,,,,,,,,,,,,,,,,,,,,,,,,,,,,,,,,,,,,,,,,,,,,,,,,,,
,,0.942,0.997,0.998,0.731,0.999,0.989,0.999,0.693,0.997,0.998,0.995,0.75,R-Squared [600],,,,,,,,,,,,,,,,,,,,,,,,,,,,,,,,,,,,,,,,,,,,,,,,,,,,,,,,,,,,,,,,,,,,,,,,,,,,,,,,,,,,
,,1:49:16,3:14:16,2:34:16,0:49:16,2:44:16,3:34:16,2:29:16,3:09:16,2:54:16,2:29:16,3:39:16,13:39:16,t at Max V [600],,,,,,,,,,,,,,,,,,,,,,,,,,,,,,,,,,,,,,,,,,,,,,,,,,,,,,,,,,,,,,,,,,,,,,,,,,,,,,,,,,,,
,,1:39:16,2:00:26,1:39:28,0:39:36,1:48:58,2:16:03,1:24:35,3:29:45,1:57:25,1:32:09,2:40:38,13:54:16,Lagtime [600],,,,,,,,,,,,,,,,,,,,,,,,,,,,,,,,,,,,,,,,,,,,,,,,,,,,,,,,,,,,,,,,,,,,,,,,,,,,,,,,,,,,
,F,0.022,4.978,5.246,4.186,5.57,6.11,5.946,5.228,6.108,5.712,5.466,0.06,Max V [600],,,,,,,,,,,,,,,,,,,,,,,,,,,,,,,,,,,,,,,,,,,,,,,,,,,,,,,,,,,,,,,,,,,,,,,,,,,,,,,,,,,,
,,0.703,0.999,0.999,0.999,0.996,0.998,0.998,0.991,0.997,0.998,0.999,0.574,R-Squared [600],,,,,,,,,,,,,,,,,,,,,,,,,,,,,,,,,,,,,,,,,,,,,,,,,,,,,,,,,,,,,,,,,,,,,,,,,,,,,,,,,,,,
,,4:19:16,2:24:16,2:54:16,2:44:16,2:54:16,2:39:16,2:49:16,2:34:16,3:04:16,3:19:16,3:44:16,2:09:16,t at Max V [600],,,,,,,,,,,,,,,,,,,,,,,,,,,,,,,,,,,,,,,,,,,,,,,,,,,,,,,,,,,,,,,,,,,,,,,,,,,,,,,,,,,,
,,4:25:38,1:15:57,1:46:53,1:31:29,1:52:52,1:38:23,1:52:51,1:51:34,2:00:12,2:16:31,2:35:59,2:10:36,Lagtime [600],,,,,,,,,,,,,,,,,,,,,,,,,,,,,,,,,,,,,,,,,,,,,,,,,,,,,,,,,,,,,,,,,,,,,,,,,,,,,,,,,,,,
,G,0.024,5.094,3.854,2.638,-0.046,6.192,5.518,5.782,4.934,5.296,6.416,0.03,Max V [600],,,,,,,,,,,,,,,,,,,,,,,,,,,,,,,,,,,,,,,,,,,,,,,,,,,,,,,,,,,,,,,,,,,,,,,,,,,,,,,,,,,,
,,0.766,0.998,0.998,1,0.671,0.995,0.997,0.997,0.998,1,0.999,0.84,R-Squared [600],,,,,,,,,,,,,,,,,,,,,,,,,,,,,,,,,,,,,,,,,,,,,,,,,,,,,,,,,,,,,,,,,,,,,,,,,,,,,,,,,,,,
,,15:24:16,2:49:16,2:14:16,4:14:16,0:14:16,2:49:16,2:44:16,2:49:16,3:34:16,3:09:16,3:24:16,4:14:16,t at Max V [600],,,,,,,,,,,,,,,,,,,,,,,,,,,,,,,,,,,,,,,,,,,,,,,,,,,,,,,,,,,,,,,,,,,,,,,,,,,,,,,,,,,,
,,15:35:56,1:46:59,0:55:38,2:18:40,?????,1:45:40,1:42:48,1:46:28,2:25:19,2:01:16,2:26:10,4:40:16,Lagtime [600],,,,,,,,,,,,,,,,,,,,,,,,,,,,,,,,,,,,,,,,,,,,,,,,,,,,,,,,,,,,,,,,,,,,,,,,,,,,,,,,,,,,
,H,0.028,0.024,0.024,0.024,0.028,0.024,0.028,-0.032,0.028,-0.04,-0.022,-0.024,Max V [600],,,,,,,,,,,,,,,,,,,,,,,,,,,,,,,,,,,,,,,,,,,,,,,,,,,,,,,,,,,,,,,,,,,,,,,,,,,,,,,,,,,,
,,0.925,0.632,0.837,0.75,0.925,0.857,0.817,0.889,0.891,0.441,0.864,0.837,R-Squared [600],,,,,,,,,,,,,,,,,,,,,,,,,,,,,,,,,,,,,,,,,,,,,,,,,,,,,,,,,,,,,,,,,,,,,,,,,,,,,,,,,,,,
,,4:14:16,4:14:16,4:14:16,4:14:16,0:19:16,4:14:16,4:14:16,0:24:16,4:14:16,0:19:16,2:29:16,18:44:16,t at Max V [600],,,,,,,,,,,,,,,,,,,,,,,,,,,,,,,,,,,,,,,,,,,,,,,,,,,,,,,,,,,,,,,,,,,,,,,,,,,,,,,,,,,,
,,3:58:33,4:17:36,4:15:56,4:12:36,0:35:42,4:06:46,4:14:16,0:24:54,4:07:07,0:21:16,2:42:54,18:46:46,Lagtime [600],,,,,,,,,,,,,,,,,,,,,,,,,,,,,,,,,,,,,,,,,,,,,,,,,,,,,,,,,,,,,,,,,,,,,,,,,,,,,,,,,,,,
