Software Version,3.11.19,,,,,,,,,,,,,,,,,,,,,,,,,,,,,,,,,,,,,,,,,,,,,,,,,,,,,,,,,,,,,,,,,,,,,,,,,,,,,,,,,,,,,,,,,,,,,,,,,
,,,,,,,,,,,,,,,,,,,,,,,,,,,,,,,,,,,,,,,,,,,,,,,,,,,,,,,,,,,,,,,,,,,,,,,,,,,,,,,,,,,,,,,,,,,,,,,,,,
Experiment File Path:,C:\Users\Public\Documents\Experiments\Experiment1.xpt,,,,,,,,,,,,,,,,,,,,,,,,,,,,,,,,,,,,,,,,,,,,,,,,,,,,,,,,,,,,,,,,,,,,,,,,,,,,,,,,,,,,,,,,,,,,,,,,,
Protocol File Path:,C:\Users\aljelab\Documents\Plate Reader Data\Edward Liu\PROT\RIFRxT 38c.prt,,,,,,,,,,,,,,,,,,,,,,,,,,,,,,,,,,,,,,,,,,,,,,,,,,,,,,,,,,,,,,,,,,,,,,,,,,,,,,,,,,,,,,,,,,,,,,,,,
Plate Number,Plate 2,,,,,,,,,,,,,,,,,,,,,,,,,,,,,,,,,,,,,,,,,,,,,,,,,,,,,,,,,,,,,,,,,,,,,,,,,,,,,,,,,,,,,,,,,,,,,,,,,
Date,27/05/2026,,,,,,,,,,,,,,,,,,,,,,,,,,,,,,,,,,,,,,,,,,,,,,,,,,,,,,,,,,,,,,,,,,,,,,,,,,,,,,,,,,,,,,,,,,,,,,,,,
Time,10:25:02 AM,,,,,,,,,,,,,,,,,,,,,,,,,,,,,,,,,,,,,,,,,,,,,,,,,,,,,,,,,,,,,,,,,,,,,,,,,,,,,,,,,,,,,,,,,,,,,,,,,
Reader Type:,Epoch 2,,,,,,,,,,,,,,,,,,,,,,,,,,,,,,,,,,,,,,,,,,,,,,,,,,,,,,,,,,,,,,,,,,,,,,,,,,,,,,,,,,,,,,,,,,,,,,,,,
Reader Serial Number:,1411241A,,,,,,,,,,,,,,,,,,,,,,,,,,,,,,,,,,,,,,,,,,,,,,,,,,,,,,,,,,,,,,,,,,,,,,,,,,,,,,,,,,,,,,,,,,,,,,,,,
Reading Type,Reader,,,,,,,,,,,,,,,,,,,,,,,,,,,,,,,,,,,,,,,,,,,,,,,,,,,,,,,,,,,,,,,,,,,,,,,,,,,,,,,,,,,,,,,,,,,,,,,,,
,,,,,,,,,,,,,,,,,,,,,,,,,,,,,,,,,,,,,,,,,,,,,,,,,,,,,,,,,,,,,,,,,,,,,,,,,,,,,,,,,,,,,,,,,,,,,,,,,,
Procedure Details,,,,,,,,,,,,,,,,,,,,,,,,,,,,,,,,,,,,,,,,,,,,,,,,,,,,,,,,,,,,,,,,,,,,,,,,,,,,,,,,,,,,,,,,,,,,,,,,,,
Plate Type,96 WELL PLATE (Use plate lid),,,,,,,,,,,,,,,,,,,,,,,,,,,,,,,,,,,,,,,,,,,,,,,,,,,,,,,,,,,,,,,,,,,,,,,,,,,,,,,,,,,,,,,,,,,,,,,,,
Eject plate on completion,,,,,,,,,,,,,,,,,,,,,,,,,,,,,,,,,,,,,,,,,,,,,,,,,,,,,,,,,,,,,,,,,,,,,,,,,,,,,,,,,,,,,,,,,,,,,,,,,,
Set Temperature,"Setpoint 38°C, Gradient 0 °C",,,,,,,,,,,,,,,,,,,,,,,,,,,,,,,,,,,,,,,,,,,,,,,,,,,,,,,,,,,,,,,,,,,,,,,,,,,,,,,,,,,,,,,,,,,,,,,,,
,Preheat before moving to next step,,,,,,,,,,,,,,,,,,,,,,,,,,,,,,,,,,,,,,,,,,,,,,,,,,,,,,,,,,,,,,,,,,,,,,,,,,,,,,,,,,,,,,,,,,,,,,,,,
Start Kinetic,"Runtime 22:00:00 (HH:MM:SS), Interval 0:05:00, 265 Reads",,,,,,,,,,,,,,,,,,,,,,,,,,,,,,,,,,,,,,,,,,,,,,,,,,,,,,,,,,,,,,,,,,,,,,,,,,,,,,,,,,,,,,,,,,,,,,,,,
    Shake,Linear: Continuous,,,,,,,,,,,,,,,,,,,,,,,,,,,,,,,,,,,,,,,,,,,,,,,,,,,,,,,,,,,,,,,,,,,,,,,,,,,,,,,,,,,,,,,,,,,,,,,,,
,Frequency: 567 cpm (3 mm),,,,,,,,,,,,,,,,,,,,,,,,,,,,,,,,,,,,,,,,,,,,,,,,,,,,,,,,,,,,,,,,,,,,,,,,,,,,,,,,,,,,,,,,,,,,,,,,,
    Read,Absorbance Endpoint,,,,,,,,,,,,,,,,,,,,,,,,,,,,,,,,,,,,,,,,,,,,,,,,,,,,,,,,,,,,,,,,,,,,,,,,,,,,,,,,,,,,,,,,,,,,,,,,,
,Full Plate,,,,,,,,,,,,,,,,,,,,,,,,,,,,,,,,,,,,,,,,,,,,,,,,,,,,,,,,,,,,,,,,,,,,,,,,,,,,,,,,,,,,,,,,,,,,,,,,,
,Wavelengths:  600,,,,,,,,,,,,,,,,,,,,,,,,,,,,,,,,,,,,,,,,,,,,,,,,,,,,,,,,,,,,,,,,,,,,,,,,,,,,,,,,,,,,,,,,,,,,,,,,,
,"Read Speed: Normal,  Delay: 100 msec,  Measurements/Data Point: 8",,,,,,,,,,,,,,,,,,,,,,,,,,,,,,,,,,,,,,,,,,,,,,,,,,,,,,,,,,,,,,,,,,,,,,,,,,,,,,,,,,,,,,,,,,,,,,,,,
End Kinetic,,,,,,,,,,,,,,,,,,,,,,,,,,,,,,,,,,,,,,,,,,,,,,,,,,,,,,,,,,,,,,,,,,,,,,,,,,,,,,,,,,,,,,,,,,,,,,,,,,
,,,,,,,,,,,,,,,,,,,,,,,,,,,,,,,,,,,,,,,,,,,,,,,,,,,,,,,,,,,,,,,,,,,,,,,,,,,,,,,,,,,,,,,,,,,,,,,,,,
600,,,,,,,,,,,,,,,,,,,,,,,,,,,,,,,,,,,,,,,,,,,,,,,,,,,,,,,,,,,,,,,,,,,,,,,,,,,,,,,,,,,,,,,,,,,,,,,,,,
,,,,,,,,,,,,,,,,,,,,,,,,,,,,,,,,,,,,,,,,,,,,,,,,,,,,,,,,,,,,,,,,,,,,,,,,,,,,,,,,,,,,,,,,,,,,,,,,,,
,Time,T° 600,A1,A2,A3,A4,A5,A6,A7,A8,A9,A10,A11,A12,B1,B2,B3,B4,B5,B6,B7,B8,B9,B10,B11,B12,C1,C2,C3,C4,C5,C6,C7,C8,C9,C10,C11,C12,D1,D2,D3,D4,D5,D6,D7,D8,D9,D10,D11,D12,E1,E2,E3,E4,E5,E6,E7,E8,E9,E10,E11,E12,F1,F2,F3,F4,F5,F6,F7,F8,F9,F10,F11,F12,G1,G2,G3,G4,G5,G6,G7,G8,G9,G10,G11,G12,H1,H2,H3,H4,H5,H6,H7,H8,H9,H10,H11,H12
,0:04:16,38,0.091,0.089,0.089,0.088,0.09,0.087,0.088,0.089,0.087,0.087,0.088,0.089,0.089,0.093,0.094,0.081,0.099,0.097,0.096,0.098,0.095,0.088,0.094,0.089,0.089,0.105,0.096,0.097,0.097,0.087,0.098,0.086,0.102,0.095,0.091,0.089,0.09,0.103,0.11,0.1,0.1,0.101,0.098,0.097,0.128,0.092,0.097,0.089,0.092,0.11,0.112,0.089,0.119,0.116,0.109,0.114,0.107,0.111,0.116,0.09,0.09,0.115,0.11,0.117,0.109,0.114,0.107,0.111,0.116,0.111,0.117,0.092,0.09,0.113,0.112,0.114,0.114,0.122,0.114,0.111,0.115,0.1,0.115,0.09,0.088,0.088,0.093,0.089,0.089,0.089,0.089,0.096,0.086,0.088,0.089,0.087
,0:09:16,38,0.09,0.088,0.089,0.088,0.089,0.087,0.087,0.089,0.087,0.087,0.088,0.089,0.088,0.095,0.093,0.08,0.098,0.102,0.093,0.098,0.092,0.088,0.093,0.089,0.089,0.108,0.097,0.097,0.096,0.088,0.098,0.086,0.101,0.096,0.091,0.088,0.089,0.104,0.107,0.104,0.101,0.102,0.098,0.098,0.099,0.092,0.096,0.089,0.092,0.11,0.112,0.089,0.118,0.115,0.108,0.113,0.106,0.114,0.114,0.09,0.089,0.115,0.11,0.117,0.108,0.113,0.108,0.11,0.115,0.11,0.118,0.092,0.089,0.112,0.111,0.113,0.113,0.116,0.113,0.111,0.113,0.1,0.114,0.089,0.088,0.087,0.092,0.089,0.089,0.089,0.088,0.097,0.086,0.088,0.089,0.087
,0:14:16,38,0.09,0.088,0.089,0.088,0.089,0.087,0.087,0.089,0.087,0.087,0.088,0.089,0.088,0.097,0.093,0.08,0.098,0.101,0.092,0.098,0.091,0.088,0.091,0.089,0.089,0.107,0.097,0.101,0.095,0.088,0.098,0.086,0.1,0.098,0.092,0.088,0.089,0.105,0.104,0.104,0.102,0.106,0.098,0.097,0.097,0.094,0.094,0.089,0.092,0.11,0.111,0.089,0.118,0.115,0.108,0.113,0.106,0.117,0.114,0.09,0.089,0.114,0.109,0.117,0.108,0.113,0.108,0.11,0.114,0.11,0.12,0.092,0.089,0.111,0.111,0.113,0.113,0.115,0.112,0.11,0.115,0.1,0.112,0.089,0.088,0.088,0.092,0.089,0.089,0.089,0.088,0.096,0.086,0.088,0.089,0.087
,0:19:16,38.1,0.09,0.088,0.089,0.088,0.089,0.087,0.088,0.089,0.087,0.088,0.088,0.089,0.089,0.096,0.093,0.081,0.097,0.099,0.092,0.098,0.092,0.089,0.094,0.089,0.089,0.105,0.098,0.1,0.094,0.088,0.098,0.087,0.1,0.098,0.093,0.088,0.089,0.101,0.103,0.104,0.101,0.103,0.101,0.096,0.1,0.094,0.093,0.089,0.091,0.109,0.111,0.089,0.119,0.114,0.108,0.112,0.105,0.12,0.113,0.09,0.089,0.114,0.108,0.118,0.108,0.112,0.107,0.109,0.113,0.11,0.119,0.092,0.089,0.111,0.11,0.112,0.113,0.125,0.111,0.11,0.121,0.1,0.112,0.089,0.088,0.088,0.092,0.089,0.089,0.089,0.088,0.096,0.086,0.088,0.089,0.087
,0:24:16,38,0.09,0.088,0.088,0.087,0.088,0.087,0.087,0.089,0.087,0.087,0.088,0.089,0.088,0.095,0.093,0.08,0.096,0.098,0.091,0.099,0.093,0.089,0.097,0.088,0.089,0.107,0.099,0.101,0.094,0.087,0.097,0.087,0.099,0.097,0.095,0.088,0.089,0.099,0.103,0.105,0.101,0.103,0.105,0.095,0.097,0.094,0.093,0.089,0.091,0.11,0.111,0.089,0.12,0.113,0.108,0.112,0.104,0.122,0.112,0.09,0.089,0.112,0.108,0.119,0.107,0.111,0.106,0.109,0.113,0.11,0.119,0.092,0.089,0.11,0.11,0.113,0.113,0.118,0.111,0.11,0.116,0.101,0.112,0.089,0.088,0.087,0.092,0.089,0.089,0.089,0.088,0.095,0.086,0.088,0.088,0.087
,0:29:16,38,0.09,0.088,0.088,0.088,0.089,0.087,0.087,0.089,0.087,0.087,0.088,0.089,0.088,0.096,0.093,0.08,0.097,0.099,0.091,0.098,0.092,0.089,0.093,0.089,0.089,0.106,0.099,0.097,0.094,0.088,0.097,0.087,0.099,0.098,0.096,0.088,0.089,0.098,0.103,0.104,0.102,0.102,0.105,0.095,0.098,0.095,0.094,0.089,0.091,0.11,0.112,0.088,0.122,0.113,0.108,0.111,0.104,0.128,0.112,0.09,0.089,0.111,0.108,0.12,0.107,0.112,0.106,0.109,0.113,0.11,0.119,0.092,0.089,0.111,0.109,0.113,0.114,0.119,0.11,0.11,0.117,0.102,0.112,0.089,0.088,0.087,0.092,0.088,0.089,0.089,0.088,0.096,0.086,0.088,0.088,0.087
,0:34:16,38,0.09,0.088,0.088,0.087,0.088,0.087,0.087,0.089,0.087,0.087,0.088,0.089,0.088,0.095,0.093,0.08,0.097,0.098,0.091,0.098,0.091,0.089,0.092,0.088,0.089,0.105,0.099,0.097,0.094,0.087,0.097,0.086,0.1,0.098,0.094,0.088,0.089,0.099,0.103,0.101,0.1,0.102,0.106,0.095,0.097,0.095,0.094,0.089,0.091,0.111,0.113,0.088,0.126,0.113,0.109,0.111,0.104,0.13,0.112,0.09,0.089,0.11,0.107,0.122,0.108,0.113,0.106,0.109,0.114,0.109,0.118,0.092,0.089,0.112,0.11,0.114,0.115,0.121,0.11,0.109,0.118,0.102,0.113,0.089,0.088,0.087,0.092,0.088,0.089,0.089,0.088,0.093,0.086,0.088,0.088,0.087
,0:39:16,38,0.09,0.088,0.088,0.087,0.088,0.087,0.087,0.089,0.087,0.087,0.088,0.089,0.088,0.096,0.093,0.08,0.097,0.099,0.091,0.098,0.091,0.09,0.091,0.088,0.089,0.098,0.099,0.097,0.094,0.087,0.098,0.087,0.1,0.097,0.093,0.088,0.089,0.099,0.104,0.102,0.101,0.102,0.106,0.095,0.097,0.095,0.094,0.089,0.091,0.112,0.115,0.088,0.131,0.113,0.11,0.112,0.105,0.133,0.113,0.09,0.089,0.111,0.108,0.126,0.11,0.113,0.106,0.109,0.116,0.11,0.118,0.092,0.089,0.116,0.11,0.115,0.117,0.124,0.111,0.11,0.122,0.103,0.114,0.089,0.088,0.087,0.092,0.089,0.089,0.089,0.088,0.093,0.086,0.088,0.089,0.087
,0:44:16,38,0.09,0.088,0.088,0.087,0.088,0.087,0.087,0.089,0.087,0.088,0.088,0.089,0.088,0.095,0.093,0.08,0.097,0.099,0.091,0.098,0.091,0.09,0.092,0.088,0.089,0.102,0.1,0.097,0.094,0.087,0.097,0.086,0.1,0.096,0.093,0.088,0.089,0.1,0.104,0.102,0.102,0.102,0.106,0.096,0.097,0.096,0.094,0.089,0.091,0.113,0.118,0.088,0.137,0.113,0.111,0.113,0.105,0.136,0.114,0.09,0.089,0.111,0.109,0.129,0.11,0.115,0.106,0.109,0.118,0.11,0.118,0.092,0.089,0.115,0.111,0.116,0.118,0.127,0.112,0.109,0.126,0.104,0.116,0.089,0.088,0.087,0.092,0.088,0.089,0.089,0.088,0.093,0.086,0.088,0.089,0.087
,0:49:16,38.1,0.09,0.088,0.088,0.087,0.088,0.087,0.087,0.089,0.087,0.088,0.088,0.089,0.088,0.096,0.093,0.08,0.098,0.099,0.091,0.098,0.091,0.09,0.093,0.088,0.089,0.103,0.1,0.1,0.095,0.087,0.097,0.087,0.1,0.096,0.095,0.088,0.089,0.1,0.105,0.103,0.101,0.103,0.106,0.096,0.098,0.096,0.094,0.089,0.091,0.114,0.121,0.088,0.144,0.114,0.113,0.114,0.105,0.138,0.115,0.09,0.089,0.111,0.11,0.134,0.116,0.116,0.106,0.109,0.12,0.11,0.118,0.092,0.089,0.117,0.113,0.117,0.121,0.132,0.114,0.11,0.129,0.106,0.119,0.089,0.088,0.087,0.092,0.089,0.089,0.089,0.088,0.095,0.086,0.088,0.088,0.087
,0:54:16,38,0.09,0.088,0.088,0.087,0.089,0.087,0.087,0.089,0.087,0.087,0.088,0.089,0.088,0.097,0.094,0.08,0.1,0.099,0.091,0.098,0.091,0.092,0.093,0.088,0.089,0.097,0.1,0.105,0.095,0.087,0.097,0.087,0.1,0.096,0.095,0.088,0.089,0.1,0.106,0.104,0.102,0.103,0.106,0.096,0.1,0.096,0.094,0.089,0.091,0.117,0.126,0.087,0.153,0.115,0.115,0.115,0.106,0.141,0.117,0.09,0.089,0.111,0.111,0.14,0.113,0.118,0.106,0.11,0.123,0.11,0.118,0.092,0.089,0.119,0.114,0.119,0.124,0.137,0.114,0.11,0.135,0.107,0.121,0.089,0.088,0.087,0.092,0.089,0.089,0.089,0.088,0.095,0.086,0.088,0.089,0.087
,0:59:16,38,0.09,0.088,0.088,0.087,0.089,0.087,0.088,0.089,0.087,0.088,0.088,0.089,0.088,0.097,0.094,0.08,0.097,0.1,0.091,0.098,0.091,0.092,0.093,0.089,0.089,0.097,0.1,0.105,0.095,0.088,0.097,0.087,0.101,0.097,0.093,0.088,0.089,0.101,0.106,0.104,0.102,0.103,0.107,0.096,0.099,0.097,0.094,0.089,0.091,0.117,0.132,0.09,0.162,0.116,0.117,0.117,0.108,0.144,0.119,0.09,0.089,0.112,0.113,0.147,0.116,0.119,0.107,0.11,0.127,0.11,0.118,0.092,0.089,0.122,0.116,0.121,0.128,0.144,0.115,0.11,0.14,0.109,0.123,0.089,0.088,0.087,0.092,0.088,0.089,0.089,0.088,0.096,0.086,0.088,0.088,0.087
,1:04:16,38,0.09,0.088,0.088,0.087,0.088,0.087,0.087,0.089,0.087,0.087,0.088,0.089,0.088,0.098,0.094,0.08,0.1,0.1,0.091,0.099,0.092,0.091,0.094,0.088,0.089,0.1,0.1,0.107,0.096,0.087,0.098,0.086,0.101,0.097,0.097,0.088,0.089,0.101,0.106,0.104,0.102,0.103,0.106,0.096,0.101,0.096,0.095,0.088,0.091,0.119,0.137,0.087,0.174,0.116,0.121,0.12,0.109,0.148,0.121,0.09,0.089,0.112,0.114,0.156,0.119,0.122,0.106,0.111,0.132,0.11,0.118,0.092,0.089,0.126,0.118,0.124,0.133,0.15,0.117,0.11,0.147,0.112,0.126,0.089,0.087,0.087,0.092,0.088,0.089,0.089,0.088,0.093,0.086,0.088,0.089,0.087
,1:09:16,38,0.09,0.088,0.088,0.087,0.088,0.087,0.087,0.089,0.087,0.087,0.088,0.089,0.088,0.1,0.094,0.08,0.099,0.1,0.091,0.099,0.091,0.092,0.092,0.088,0.089,0.099,0.101,0.107,0.096,0.088,0.098,0.087,0.101,0.097,0.093,0.088,0.089,0.102,0.107,0.104,0.102,0.104,0.107,0.096,0.102,0.097,0.095,0.088,0.091,0.121,0.143,0.088,0.188,0.118,0.124,0.123,0.11,0.153,0.124,0.09,0.089,0.112,0.117,0.166,0.123,0.124,0.107,0.112,0.138,0.111,0.118,0.092,0.089,0.132,0.121,0.127,0.139,0.159,0.119,0.11,0.155,0.116,0.13,0.089,0.087,0.087,0.092,0.088,0.089,0.089,0.088,0.094,0.085,0.088,0.088,0.087
,1:14:16,38,0.09,0.088,0.088,0.087,0.088,0.087,0.087,0.089,0.087,0.087,0.088,0.089,0.088,0.102,0.094,0.08,0.102,0.1,0.092,0.099,0.091,0.092,0.092,0.088,0.089,0.099,0.101,0.106,0.096,0.088,0.097,0.087,0.101,0.097,0.093,0.088,0.089,0.102,0.107,0.105,0.103,0.105,0.106,0.097,0.1,0.098,0.095,0.089,0.091,0.123,0.152,0.088,0.206,0.119,0.13,0.127,0.112,0.159,0.128,0.09,0.089,0.112,0.12,0.178,0.128,0.127,0.107,0.114,0.146,0.112,0.117,0.092,0.089,0.135,0.124,0.131,0.146,0.17,0.121,0.11,0.167,0.118,0.135,0.089,0.088,0.087,0.092,0.088,0.089,0.089,0.088,0.094,0.086,0.088,0.088,0.087
,1:19:16,38.1,0.09,0.088,0.088,0.087,0.088,0.087,0.087,0.089,0.087,0.087,0.088,0.089,0.088,0.103,0.094,0.08,0.104,0.101,0.092,0.099,0.092,0.091,0.093,0.088,0.089,0.099,0.101,0.104,0.097,0.088,0.097,0.087,0.101,0.097,0.095,0.088,0.089,0.102,0.108,0.105,0.103,0.105,0.107,0.097,0.101,0.098,0.095,0.089,0.091,0.125,0.162,0.087,0.217,0.121,0.136,0.132,0.114,0.166,0.132,0.09,0.089,0.113,0.124,0.193,0.133,0.131,0.107,0.115,0.155,0.112,0.117,0.092,0.089,0.141,0.128,0.136,0.154,0.189,0.125,0.11,0.188,0.121,0.141,0.089,0.088,0.087,0.092,0.088,0.089,0.089,0.088,0.095,0.086,0.088,0.088,0.087
,1:24:16,38,0.09,0.088,0.088,0.087,0.088,0.087,0.087,0.089,0.087,0.087,0.088,0.089,0.088,0.102,0.095,0.08,0.104,0.101,0.092,0.1,0.091,0.091,0.092,0.088,0.089,0.098,0.101,0.106,0.097,0.088,0.097,0.087,0.101,0.097,0.093,0.088,0.089,0.103,0.108,0.105,0.103,0.105,0.107,0.097,0.101,0.098,0.095,0.089,0.091,0.129,0.175,0.088,0.226,0.124,0.143,0.138,0.116,0.176,0.136,0.09,0.089,0.113,0.13,0.207,0.139,0.135,0.108,0.118,0.166,0.113,0.117,0.092,0.089,0.149,0.132,0.141,0.165,0.2,0.129,0.111,0.196,0.127,0.147,0.089,0.088,0.087,0.092,0.088,0.089,0.089,0.088,0.094,0.086,0.088,0.088,0.087
,1:29:16,38,0.09,0.088,0.088,0.087,0.088,0.087,0.087,0.089,0.087,0.087,0.088,0.089,0.088,0.104,0.095,0.08,0.104,0.102,0.092,0.1,0.092,0.093,0.092,0.088,0.089,0.103,0.102,0.107,0.098,0.088,0.097,0.087,0.102,0.097,0.093,0.088,0.089,0.103,0.108,0.106,0.104,0.105,0.107,0.098,0.1,0.099,0.095,0.089,0.091,0.132,0.19,0.09,0.247,0.126,0.152,0.144,0.119,0.186,0.142,0.09,0.089,0.114,0.135,0.216,0.146,0.139,0.108,0.12,0.179,0.114,0.117,0.092,0.089,0.157,0.138,0.148,0.176,0.219,0.134,0.112,0.209,0.132,0.156,0.089,0.087,0.087,0.092,0.088,0.089,0.089,0.088,0.095,0.086,0.088,0.088,0.087
,1:34:16,38,0.09,0.088,0.088,0.087,0.088,0.087,0.087,0.089,0.087,0.087,0.088,0.089,0.088,0.105,0.095,0.08,0.105,0.102,0.092,0.1,0.092,0.092,0.094,0.088,0.089,0.102,0.102,0.104,0.098,0.088,0.097,0.087,0.102,0.097,0.094,0.088,0.089,0.103,0.109,0.106,0.104,0.106,0.107,0.097,0.102,0.099,0.095,0.089,0.091,0.136,0.21,0.088,0.273,0.129,0.164,0.152,0.123,0.198,0.15,0.09,0.089,0.114,0.141,0.233,0.154,0.143,0.109,0.123,0.194,0.115,0.117,0.092,0.089,0.168,0.145,0.157,0.19,0.237,0.14,0.112,0.218,0.139,0.166,0.089,0.088,0.087,0.092,0.088,0.089,0.089,0.088,0.095,0.085,0.088,0.088,0.087
,1:39:16,38.1,0.09,0.088,0.088,0.087,0.089,0.087,0.087,0.09,0.087,0.087,0.088,0.089,0.088,0.106,0.095,0.08,0.104,0.103,0.092,0.101,0.092,0.092,0.093,0.088,0.089,0.1,0.102,0.108,0.099,0.088,0.097,0.087,0.102,0.098,0.095,0.088,0.089,0.103,0.11,0.107,0.105,0.108,0.107,0.098,0.101,0.099,0.095,0.089,0.091,0.14,0.221,0.09,0.302,0.133,0.177,0.162,0.127,0.214,0.158,0.09,0.089,0.115,0.15,0.255,0.166,0.149,0.11,0.127,0.208,0.117,0.117,0.092,0.089,0.18,0.155,0.167,0.207,0.248,0.147,0.113,0.235,0.146,0.177,0.089,0.088,0.087,0.092,0.088,0.089,0.089,0.088,0.095,0.086,0.088,0.088,0.087
,1:44:16,38,0.09,0.088,0.088,0.087,0.088,0.087,0.087,0.089,0.087,0.087,0.088,0.089,0.088,0.104,0.096,0.08,0.104,0.103,0.093,0.102,0.093,0.092,0.095,0.088,0.089,0.106,0.103,0.109,0.099,0.089,0.098,0.087,0.102,0.098,0.098,0.088,0.089,0.104,0.11,0.107,0.106,0.11,0.108,0.098,0.099,0.1,0.096,0.089,0.091,0.144,0.234,0.088,0.321,0.138,0.193,0.173,0.132,0.222,0.169,0.09,0.089,0.116,0.159,0.281,0.179,0.154,0.11,0.133,0.219,0.118,0.117,0.092,0.089,0.2,0.165,0.179,0.215,0.269,0.155,0.115,0.27,0.156,0.191,0.089,0.087,0.087,0.092,0.088,0.089,0.089,0.088,0.095,0.086,0.088,0.089,0.087
,1:49:16,38,0.09,0.088,0.088,0.087,0.088,0.087,0.087,0.089,0.087,0.087,0.088,0.089,0.088,0.101,0.096,0.08,0.105,0.104,0.092,0.102,0.092,0.093,0.093,0.088,0.089,0.105,0.103,0.108,0.1,0.089,0.098,0.087,0.103,0.098,0.094,0.088,0.089,0.104,0.11,0.108,0.106,0.109,0.107,0.098,0.101,0.1,0.096,0.088,0.091,0.149,0.256,0.088,0.335,0.143,0.201,0.186,0.138,0.237,0.181,0.09,0.089,0.117,0.17,0.293,0.195,0.162,0.111,0.138,0.236,0.121,0.117,0.092,0.089,0.217,0.175,0.194,0.229,0.297,0.164,0.116,0.288,0.165,0.208,0.089,0.087,0.087,0.092,0.088,0.089,0.089,0.088,0.094,0.086,0.088,0.088,0.087
,1:54:16,38.1,0.09,0.088,0.088,0.087,0.088,0.087,0.087,0.089,0.087,0.087,0.088,0.089,0.088,0.108,0.096,0.08,0.105,0.105,0.093,0.102,0.092,0.091,0.093,0.088,0.089,0.101,0.104,0.112,0.103,0.089,0.097,0.087,0.103,0.098,0.093,0.088,0.089,0.104,0.111,0.109,0.107,0.111,0.109,0.099,0.103,0.1,0.096,0.089,0.091,0.155,0.28,0.088,0.353,0.149,0.216,0.202,0.145,0.255,0.197,0.09,0.089,0.119,0.183,0.307,0.208,0.171,0.112,0.144,0.262,0.123,0.117,0.092,0.089,0.228,0.19,0.204,0.247,0.33,0.175,0.117,0.29,0.178,0.219,0.089,0.088,0.087,0.092,0.088,0.089,0.089,0.088,0.095,0.086,0.088,0.089,0.087
,1:59:16,38,0.09,0.088,0.088,0.087,0.088,0.087,0.087,0.089,0.087,0.087,0.088,0.089,0.088,0.106,0.096,0.08,0.106,0.106,0.093,0.103,0.093,0.091,0.095,0.088,0.089,0.104,0.104,0.11,0.103,0.089,0.098,0.087,0.104,0.098,0.096,0.088,0.089,0.104,0.112,0.11,0.108,0.113,0.11,0.099,0.1,0.101,0.096,0.089,0.091,0.162,0.311,0.088,0.371,0.156,0.237,0.209,0.154,0.273,0.208,0.09,0.089,0.121,0.199,0.323,0.216,0.177,0.115,0.152,0.278,0.126,0.116,0.092,0.089,0.241,0.201,0.212,0.27,0.342,0.189,0.119,0.302,0.191,0.231,0.089,0.087,0.087,0.092,0.088,0.089,0.089,0.088,0.095,0.086,0.088,0.088,0.087
,2:04:16,38,0.09,0.088,0.088,0.087,0.088,0.087,0.087,0.09,0.087,0.087,0.088,0.089,0.088,0.105,0.097,0.08,0.106,0.107,0.093,0.103,0.093,0.092,0.095,0.088,0.089,0.105,0.105,0.11,0.104,0.089,0.098,0.087,0.104,0.099,0.097,0.088,0.089,0.105,0.112,0.11,0.108,0.114,0.11,0.099,0.1,0.101,0.096,0.089,0.091,0.168,0.33,0.088,0.393,0.164,0.257,0.223,0.165,0.286,0.219,0.09,0.089,0.122,0.209,0.343,0.238,0.187,0.115,0.162,0.289,0.129,0.116,0.092,0.089,0.267,0.208,0.229,0.298,0.357,0.205,0.122,0.323,0.196,0.251,0.089,0.088,0.087,0.092,0.088,0.089,0.089,0.088,0.095,0.086,0.088,0.089,0.087
,2:09:16,38,0.09,0.088,0.088,0.088,0.089,0.087,0.087,0.089,0.087,0.088,0.088,0.089,0.088,0.105,0.097,0.08,0.107,0.108,0.093,0.104,0.093,0.093,0.094,0.088,0.089,0.106,0.105,0.112,0.108,0.089,0.098,0.087,0.104,0.099,0.095,0.088,0.089,0.105,0.113,0.111,0.11,0.114,0.11,0.099,0.102,0.102,0.097,0.089,0.091,0.175,0.348,0.088,0.417,0.174,0.284,0.241,0.177,0.298,0.237,0.09,0.089,0.124,0.223,0.361,0.258,0.198,0.117,0.173,0.305,0.134,0.116,0.092,0.089,0.297,0.224,0.25,0.321,0.382,0.217,0.124,0.338,0.206,0.273,0.089,0.088,0.087,0.092,0.088,0.089,0.089,0.088,0.095,0.086,0.088,0.088,0.087
,2:14:16,38.1,0.09,0.088,0.088,0.087,0.088,0.087,0.087,0.089,0.087,0.087,0.088,0.089,0.088,0.105,0.097,0.08,0.107,0.109,0.093,0.104,0.093,0.093,0.095,0.088,0.089,0.106,0.105,0.114,0.108,0.089,0.098,0.087,0.105,0.099,0.095,0.088,0.089,0.105,0.113,0.112,0.11,0.114,0.11,0.099,0.1,0.102,0.097,0.088,0.091,0.183,0.367,0.088,0.442,0.185,0.301,0.261,0.184,0.314,0.257,0.09,0.089,0.126,0.24,0.384,0.279,0.207,0.119,0.186,0.325,0.139,0.116,0.092,0.089,0.321,0.245,0.272,0.337,0.41,0.232,0.128,0.374,0.221,0.301,0.089,0.087,0.087,0.092,0.088,0.089,0.088,0.088,0.093,0.085,0.088,0.088,0.087
,2:19:16,38,0.09,0.088,0.088,0.087,0.088,0.087,0.087,0.089,0.087,0.087,0.088,0.089,0.088,0.106,0.098,0.08,0.107,0.11,0.094,0.105,0.094,0.093,0.097,0.088,0.089,0.108,0.106,0.115,0.111,0.089,0.098,0.087,0.105,0.099,0.099,0.088,0.089,0.106,0.114,0.113,0.111,0.115,0.111,0.1,0.099,0.103,0.098,0.089,0.091,0.191,0.392,0.088,0.471,0.198,0.317,0.287,0.191,0.33,0.279,0.09,0.089,0.129,0.261,0.407,0.307,0.217,0.121,0.201,0.347,0.145,0.116,0.092,0.089,0.337,0.265,0.303,0.354,0.434,0.251,0.132,0.394,0.239,0.325,0.089,0.088,0.087,0.092,0.088,0.09,0.089,0.088,0.094,0.086,0.088,0.089,0.087
,2:24:16,38.1,0.09,0.088,0.088,0.087,0.088,0.087,0.087,0.089,0.087,0.087,0.088,0.089,0.088,0.106,0.098,0.08,0.107,0.111,0.094,0.106,0.093,0.093,0.095,0.088,0.089,0.107,0.107,0.115,0.112,0.09,0.098,0.088,0.106,0.099,0.097,0.088,0.089,0.106,0.115,0.114,0.112,0.116,0.111,0.1,0.1,0.103,0.097,0.088,0.091,0.2,0.418,0.089,0.503,0.209,0.337,0.309,0.203,0.347,0.303,0.09,0.089,0.131,0.284,0.431,0.324,0.229,0.124,0.209,0.369,0.153,0.116,0.092,0.089,0.353,0.287,0.321,0.377,0.461,0.271,0.137,0.418,0.259,0.341,0.089,0.088,0.087,0.092,0.088,0.089,0.089,0.088,0.095,0.086,0.088,0.088,0.087
,2:29:16,38,0.09,0.088,0.088,0.087,0.088,0.087,0.087,0.09,0.087,0.088,0.088,0.089,0.088,0.108,0.098,0.08,0.109,0.113,0.094,0.107,0.093,0.093,0.096,0.088,0.089,0.108,0.108,0.117,0.116,0.089,0.099,0.088,0.107,0.1,0.098,0.088,0.089,0.107,0.116,0.115,0.113,0.117,0.112,0.1,0.1,0.104,0.098,0.089,0.091,0.206,0.444,0.088,0.532,0.223,0.355,0.325,0.219,0.364,0.332,0.09,0.089,0.135,0.307,0.459,0.343,0.241,0.127,0.223,0.396,0.161,0.116,0.092,0.089,0.374,0.317,0.338,0.403,0.496,0.298,0.142,0.443,0.285,0.361,0.089,0.088,0.087,0.092,0.088,0.089,0.089,0.088,0.094,0.086,0.088,0.088,0.087
,2:34:16,38.1,0.09,0.088,0.088,0.087,0.088,0.087,0.087,0.089,0.087,0.087,0.088,0.089,0.088,0.106,0.098,0.08,0.11,0.114,0.094,0.108,0.094,0.093,0.098,0.088,0.089,0.107,0.109,0.117,0.113,0.09,0.098,0.088,0.107,0.1,0.099,0.088,0.089,0.107,0.117,0.116,0.114,0.119,0.113,0.1,0.1,0.104,0.098,0.088,0.091,0.216,0.478,0.088,0.554,0.237,0.379,0.344,0.236,0.383,0.355,0.09,0.089,0.138,0.323,0.487,0.362,0.257,0.13,0.242,0.427,0.171,0.116,0.092,0.089,0.398,0.336,0.358,0.429,0.524,0.32,0.149,0.45,0.306,0.382,0.089,0.088,0.087,0.092,0.088,0.089,0.089,0.088,0.095,0.086,0.088,0.088,0.087
,2:39:16,38,0.09,0.088,0.088,0.087,0.088,0.087,0.087,0.089,0.087,0.087,0.088,0.089,0.088,0.11,0.098,0.08,0.111,0.115,0.094,0.109,0.094,0.094,0.098,0.088,0.089,0.108,0.11,0.118,0.113,0.09,0.099,0.087,0.108,0.1,0.099,0.088,0.089,0.108,0.118,0.117,0.115,0.122,0.113,0.101,0.1,0.105,0.099,0.088,0.091,0.227,0.508,0.088,0.573,0.255,0.403,0.365,0.258,0.405,0.378,0.09,0.089,0.143,0.343,0.507,0.386,0.273,0.134,0.263,0.466,0.182,0.116,0.092,0.089,0.424,0.356,0.382,0.456,0.545,0.342,0.157,0.463,0.321,0.407,0.089,0.087,0.087,0.092,0.088,0.089,0.089,0.088,0.094,0.086,0.088,0.088,0.087
,2:44:16,38,0.09,0.088,0.089,0.087,0.089,0.087,0.087,0.089,0.087,0.087,0.088,0.089,0.088,0.106,0.098,0.08,0.111,0.117,0.095,0.11,0.094,0.094,0.098,0.088,0.089,0.104,0.111,0.12,0.119,0.09,0.098,0.088,0.109,0.1,0.097,0.088,0.089,0.108,0.119,0.119,0.116,0.124,0.114,0.101,0.101,0.105,0.099,0.089,0.091,0.237,0.53,0.088,0.591,0.277,0.428,0.385,0.274,0.426,0.405,0.09,0.089,0.148,0.361,0.524,0.414,0.282,0.139,0.286,0.488,0.194,0.116,0.092,0.089,0.45,0.381,0.407,0.488,0.571,0.362,0.167,0.482,0.338,0.436,0.089,0.088,0.087,0.092,0.088,0.089,0.089,0.088,0.094,0.086,0.088,0.088,0.087
,2:49:16,38,0.09,0.088,0.088,0.087,0.088,0.087,0.087,0.089,0.087,0.087,0.088,0.089,0.088,0.106,0.099,0.08,0.111,0.118,0.095,0.111,0.094,0.093,0.099,0.088,0.089,0.107,0.111,0.12,0.118,0.09,0.098,0.088,0.11,0.1,0.099,0.088,0.089,0.109,0.121,0.12,0.117,0.124,0.115,0.102,0.101,0.106,0.099,0.089,0.091,0.248,0.551,0.088,0.609,0.292,0.461,0.41,0.286,0.442,0.432,0.09,0.089,0.154,0.384,0.547,0.442,0.294,0.144,0.313,0.507,0.201,0.116,0.092,0.089,0.486,0.408,0.435,0.517,0.595,0.388,0.178,0.499,0.359,0.467,0.089,0.088,0.087,0.092,0.088,0.089,0.089,0.088,0.095,0.085,0.088,0.088,0.087
,2:54:16,38,0.09,0.088,0.088,0.087,0.089,0.087,0.087,0.089,0.087,0.088,0.088,0.089,0.088,0.107,0.099,0.08,0.113,0.12,0.095,0.112,0.095,0.096,0.098,0.088,0.089,0.109,0.112,0.122,0.116,0.09,0.099,0.088,0.111,0.101,0.097,0.088,0.089,0.11,0.122,0.122,0.118,0.126,0.116,0.102,0.101,0.107,0.1,0.089,0.091,0.258,0.576,0.088,0.625,0.308,0.484,0.436,0.299,0.455,0.467,0.09,0.089,0.16,0.408,0.564,0.479,0.308,0.151,0.333,0.522,0.214,0.117,0.092,0.089,0.513,0.433,0.462,0.543,0.611,0.415,0.191,0.513,0.383,0.502,0.089,0.088,0.087,0.092,0.088,0.089,0.089,0.088,0.095,0.086,0.088,0.088,0.087
,2:59:16,38.1,0.09,0.088,0.088,0.088,0.089,0.087,0.088,0.09,0.087,0.088,0.088,0.089,0.088,0.108,0.1,0.08,0.115,0.122,0.096,0.113,0.095,0.097,0.1,0.088,0.089,0.109,0.114,0.123,0.121,0.09,0.099,0.088,0.112,0.101,0.098,0.088,0.089,0.111,0.124,0.124,0.12,0.128,0.117,0.102,0.102,0.107,0.1,0.089,0.091,0.269,0.596,0.089,0.639,0.326,0.501,0.463,0.317,0.465,0.496,0.09,0.089,0.167,0.432,0.581,0.507,0.322,0.157,0.356,0.539,0.233,0.117,0.092,0.089,0.534,0.466,0.496,0.565,0.631,0.443,0.204,0.526,0.408,0.532,0.089,0.088,0.087,0.092,0.088,0.089,0.089,0.088,0.094,0.086,0.088,0.089,0.087
,3:04:16,38,0.09,0.088,0.088,0.087,0.088,0.087,0.087,0.089,0.087,0.088,0.088,0.089,0.088,0.108,0.1,0.08,0.115,0.124,0.096,0.114,0.096,0.094,0.101,0.088,0.089,0.109,0.114,0.124,0.122,0.09,0.098,0.088,0.113,0.101,0.1,0.088,0.089,0.111,0.125,0.125,0.121,0.13,0.117,0.103,0.102,0.108,0.1,0.089,0.091,0.279,0.616,0.088,0.652,0.344,0.518,0.497,0.337,0.477,0.527,0.09,0.089,0.175,0.459,0.597,0.534,0.337,0.163,0.378,0.556,0.252,0.117,0.092,0.089,0.553,0.496,0.52,0.584,0.644,0.48,0.218,0.54,0.434,0.562,0.089,0.087,0.087,0.092,0.088,0.089,0.089,0.088,0.095,0.086,0.088,0.088,0.087
,3:09:16,38,0.09,0.088,0.088,0.087,0.088,0.087,0.087,0.089,0.086,0.087,0.088,0.089,0.088,0.108,0.101,0.08,0.116,0.126,0.097,0.115,0.096,0.095,0.101,0.088,0.089,0.11,0.115,0.126,0.123,0.09,0.099,0.088,0.114,0.102,0.101,0.088,0.089,0.112,0.127,0.127,0.122,0.131,0.118,0.103,0.102,0.108,0.101,0.088,0.091,0.29,0.631,0.089,0.666,0.362,0.537,0.525,0.358,0.496,0.549,0.09,0.089,0.183,0.493,0.612,0.554,0.354,0.171,0.405,0.573,0.275,0.117,0.092,0.089,0.576,0.517,0.54,0.601,0.66,0.507,0.234,0.549,0.462,0.585,0.089,0.087,0.087,0.092,0.088,0.089,0.088,0.088,0.094,0.085,0.088,0.088,0.087
,3:14:16,38.1,0.09,0.088,0.088,0.087,0.088,0.087,0.088,0.089,0.087,0.087,0.088,0.089,0.088,0.108,0.101,0.08,0.117,0.128,0.097,0.117,0.096,0.097,0.101,0.088,0.089,0.109,0.117,0.127,0.123,0.09,0.099,0.088,0.115,0.103,0.099,0.088,0.089,0.113,0.128,0.129,0.124,0.133,0.119,0.104,0.103,0.109,0.101,0.089,0.091,0.303,0.646,0.088,0.68,0.381,0.553,0.544,0.383,0.507,0.571,0.09,0.089,0.194,0.518,0.627,0.573,0.377,0.177,0.433,0.592,0.304,0.118,0.092,0.089,0.596,0.54,0.564,0.619,0.678,0.528,0.251,0.56,0.495,0.607,0.089,0.088,0.087,0.092,0.089,0.089,0.089,0.088,0.094,0.086,0.088,0.089,0.087
,3:19:16,38,0.09,0.088,0.088,0.088,0.088,0.087,0.087,0.089,0.087,0.087,0.088,0.089,0.088,0.108,0.102,0.08,0.118,0.13,0.098,0.118,0.097,0.097,0.103,0.088,0.089,0.111,0.118,0.129,0.126,0.091,0.099,0.088,0.116,0.103,0.102,0.088,0.089,0.114,0.13,0.131,0.125,0.134,0.121,0.104,0.103,0.11,0.102,0.089,0.091,0.315,0.66,0.088,0.694,0.402,0.568,0.56,0.415,0.515,0.591,0.09,0.089,0.204,0.538,0.642,0.59,0.395,0.184,0.47,0.61,0.317,0.119,0.092,0.089,0.615,0.565,0.584,0.635,0.696,0.552,0.27,0.573,0.524,0.627,0.089,0.087,0.087,0.092,0.088,0.089,0.089,0.088,0.094,0.085,0.088,0.088,0.087
,3:24:16,38,0.09,0.088,0.088,0.088,0.088,0.087,0.087,0.089,0.087,0.088,0.088,0.089,0.088,0.109,0.102,0.08,0.12,0.131,0.098,0.119,0.097,0.097,0.104,0.088,0.089,0.111,0.119,0.131,0.127,0.091,0.099,0.088,0.117,0.103,0.103,0.088,0.089,0.115,0.132,0.133,0.127,0.136,0.122,0.105,0.103,0.111,0.103,0.089,0.091,0.327,0.675,0.088,0.708,0.425,0.581,0.574,0.448,0.524,0.614,0.09,0.089,0.215,0.554,0.657,0.607,0.417,0.193,0.499,0.628,0.333,0.12,0.092,0.089,0.632,0.584,0.602,0.649,0.718,0.577,0.295,0.591,0.541,0.645,0.089,0.088,0.087,0.092,0.089,0.089,0.089,0.088,0.094,0.086,0.088,0.089,0.087
,3:29:16,38,0.09,0.088,0.088,0.087,0.088,0.087,0.087,0.089,0.087,0.087,0.088,0.089,0.088,0.109,0.103,0.08,0.121,0.134,0.099,0.12,0.097,0.1,0.103,0.088,0.089,0.113,0.12,0.133,0.13,0.091,0.099,0.088,0.118,0.103,0.102,0.088,0.089,0.116,0.134,0.14,0.128,0.137,0.122,0.105,0.103,0.112,0.102,0.089,0.091,0.339,0.689,0.088,0.723,0.458,0.593,0.589,0.476,0.535,0.632,0.09,0.089,0.226,0.571,0.671,0.624,0.444,0.207,0.523,0.645,0.354,0.121,0.092,0.089,0.647,0.605,0.62,0.663,0.734,0.597,0.318,0.605,0.559,0.663,0.089,0.087,0.087,0.092,0.088,0.089,0.089,0.088,0.093,0.085,0.088,0.088,0.087
,3:34:16,38,0.09,0.088,0.088,0.087,0.088,0.087,0.087,0.09,0.087,0.088,0.088,0.089,0.088,0.11,0.103,0.08,0.123,0.135,0.1,0.122,0.097,0.098,0.104,0.088,0.089,0.114,0.122,0.133,0.129,0.091,0.099,0.088,0.12,0.104,0.1,0.088,0.089,0.117,0.136,0.142,0.13,0.139,0.124,0.106,0.104,0.112,0.103,0.089,0.091,0.353,0.704,0.088,0.737,0.482,0.605,0.605,0.496,0.543,0.648,0.09,0.089,0.239,0.586,0.687,0.641,0.468,0.221,0.549,0.663,0.377,0.122,0.092,0.089,0.665,0.624,0.637,0.678,0.745,0.614,0.339,0.62,0.575,0.683,0.089,0.088,0.087,0.092,0.089,0.089,0.089,0.088,0.094,0.086,0.088,0.088,0.087
,3:39:16,38.1,0.09,0.088,0.088,0.087,0.089,0.087,0.087,0.089,0.087,0.087,0.088,0.089,0.088,0.111,0.104,0.08,0.124,0.137,0.101,0.123,0.099,0.1,0.108,0.089,0.089,0.115,0.123,0.137,0.128,0.091,0.099,0.088,0.121,0.105,0.105,0.088,0.089,0.118,0.138,0.143,0.132,0.139,0.126,0.107,0.104,0.113,0.105,0.088,0.091,0.369,0.716,0.088,0.751,0.501,0.616,0.622,0.513,0.552,0.666,0.09,0.089,0.254,0.604,0.701,0.658,0.49,0.237,0.571,0.68,0.4,0.124,0.092,0.089,0.681,0.639,0.653,0.693,0.758,0.631,0.359,0.634,0.59,0.703,0.089,0.087,0.087,0.092,0.088,0.089,0.089,0.088,0.093,0.086,0.088,0.089,0.087
,3:44:16,38.1,0.09,0.088,0.088,0.087,0.088,0.087,0.087,0.089,0.087,0.087,0.088,0.089,0.088,0.11,0.104,0.08,0.125,0.139,0.102,0.125,0.099,0.099,0.107,0.088,0.089,0.116,0.124,0.137,0.133,0.091,0.1,0.088,0.123,0.105,0.105,0.088,0.089,0.119,0.14,0.144,0.133,0.142,0.126,0.107,0.105,0.114,0.105,0.089,0.091,0.383,0.729,0.088,0.766,0.52,0.629,0.642,0.531,0.561,0.682,0.09,0.089,0.269,0.622,0.714,0.673,0.516,0.252,0.59,0.699,0.429,0.126,0.092,0.089,0.697,0.655,0.668,0.709,0.773,0.65,0.384,0.649,0.607,0.723,0.089,0.087,0.087,0.092,0.088,0.089,0.089,0.088,0.093,0.086,0.088,0.088,0.087
,3:49:16,38.1,0.09,0.088,0.088,0.088,0.089,0.087,0.087,0.09,0.087,0.088,0.088,0.089,0.088,0.111,0.106,0.08,0.127,0.142,0.102,0.126,0.1,0.1,0.108,0.088,0.089,0.118,0.126,0.14,0.134,0.091,0.1,0.089,0.124,0.105,0.107,0.088,0.089,0.121,0.142,0.148,0.135,0.144,0.128,0.108,0.106,0.115,0.106,0.089,0.091,0.397,0.743,0.088,0.781,0.535,0.642,0.66,0.547,0.572,0.7,0.09,0.089,0.284,0.638,0.728,0.689,0.549,0.261,0.609,0.716,0.464,0.128,0.092,0.089,0.713,0.669,0.684,0.723,0.787,0.668,0.409,0.659,0.621,0.74,0.089,0.088,0.087,0.092,0.089,0.089,0.089,0.088,0.094,0.086,0.088,0.089,0.087
,3:54:16,38,0.09,0.088,0.088,0.087,0.088,0.087,0.087,0.089,0.087,0.087,0.088,0.089,0.088,0.111,0.106,0.08,0.129,0.144,0.103,0.127,0.1,0.1,0.108,0.088,0.089,0.118,0.128,0.143,0.134,0.091,0.099,0.088,0.125,0.106,0.104,0.088,0.089,0.122,0.144,0.148,0.136,0.145,0.129,0.109,0.106,0.115,0.106,0.088,0.091,0.413,0.753,0.088,0.793,0.55,0.653,0.677,0.562,0.578,0.716,0.09,0.089,0.298,0.653,0.738,0.703,0.572,0.267,0.625,0.732,0.494,0.131,0.092,0.089,0.728,0.684,0.698,0.737,0.801,0.684,0.441,0.673,0.636,0.757,0.089,0.087,0.087,0.092,0.088,0.089,0.089,0.088,0.094,0.086,0.087,0.088,0.087
,3:59:16,38,0.09,0.088,0.088,0.087,0.089,0.087,0.087,0.089,0.087,0.087,0.088,0.089,0.088,0.111,0.108,0.08,0.131,0.146,0.104,0.129,0.101,0.101,0.111,0.088,0.089,0.119,0.13,0.143,0.137,0.091,0.1,0.089,0.127,0.107,0.108,0.088,0.089,0.123,0.146,0.152,0.138,0.147,0.131,0.11,0.106,0.117,0.108,0.089,0.091,0.427,0.767,0.089,0.808,0.565,0.666,0.694,0.578,0.587,0.733,0.09,0.089,0.313,0.67,0.751,0.718,0.595,0.276,0.643,0.75,0.519,0.134,0.092,0.089,0.746,0.701,0.715,0.752,0.815,0.701,0.469,0.687,0.653,0.775,0.089,0.087,0.087,0.092,0.088,0.089,0.089,0.088,0.093,0.086,0.088,0.088,0.087
,4:04:16,38,0.09,0.088,0.088,0.087,0.088,0.087,0.087,0.089,0.087,0.087,0.088,0.089,0.088,0.111,0.109,0.08,0.133,0.148,0.104,0.131,0.101,0.101,0.111,0.088,0.089,0.121,0.131,0.146,0.138,0.091,0.1,0.088,0.128,0.107,0.107,0.088,0.089,0.125,0.148,0.155,0.14,0.149,0.132,0.111,0.106,0.117,0.108,0.089,0.091,0.44,0.779,0.088,0.822,0.579,0.678,0.71,0.593,0.597,0.751,0.09,0.089,0.328,0.685,0.763,0.732,0.615,0.288,0.661,0.766,0.543,0.138,0.092,0.089,0.761,0.717,0.729,0.765,0.83,0.716,0.493,0.698,0.67,0.791,0.089,0.088,0.087,0.092,0.088,0.089,0.089,0.088,0.094,0.086,0.088,0.088,0.087
,4:09:16,38,0.09,0.088,0.088,0.087,0.088,0.087,0.087,0.089,0.087,0.088,0.088,0.089,0.088,0.113,0.11,0.08,0.135,0.15,0.106,0.133,0.102,0.102,0.114,0.088,0.089,0.121,0.133,0.148,0.141,0.092,0.1,0.089,0.13,0.108,0.109,0.088,0.089,0.126,0.151,0.156,0.142,0.151,0.134,0.112,0.107,0.118,0.109,0.089,0.091,0.454,0.791,0.088,0.835,0.594,0.689,0.727,0.611,0.605,0.769,0.09,0.089,0.344,0.7,0.775,0.745,0.632,0.301,0.678,0.781,0.565,0.143,0.092,0.089,0.776,0.732,0.743,0.78,0.845,0.732,0.522,0.713,0.686,0.809,0.089,0.088,0.087,0.092,0.089,0.089,0.089,0.088,0.093,0.086,0.088,0.089,0.087
,4:14:16,38,0.09,0.088,0.088,0.087,0.089,0.087,0.087,0.089,0.087,0.087,0.088,0.089,0.088,0.113,0.111,0.08,0.137,0.153,0.107,0.134,0.103,0.102,0.115,0.088,0.089,0.122,0.134,0.149,0.141,0.092,0.1,0.089,0.131,0.109,0.109,0.088,0.089,0.128,0.152,0.157,0.144,0.153,0.135,0.112,0.107,0.119,0.11,0.088,0.091,0.467,0.803,0.088,0.85,0.61,0.701,0.743,0.626,0.614,0.786,0.09,0.089,0.362,0.716,0.788,0.759,0.649,0.317,0.695,0.798,0.588,0.148,0.092,0.089,0.791,0.746,0.757,0.793,0.86,0.747,0.545,0.725,0.701,0.825,0.089,0.088,0.087,0.092,0.089,0.089,0.089,0.088,0.094,0.086,0.088,0.088,0.087
,4:19:16,38.1,0.09,0.088,0.088,0.087,0.088,0.087,0.087,0.089,0.087,0.087,0.088,0.089,0.088,0.114,0.112,0.08,0.138,0.155,0.108,0.136,0.104,0.103,0.116,0.088,0.089,0.124,0.136,0.152,0.142,0.092,0.1,0.089,0.133,0.11,0.11,0.088,0.089,0.13,0.155,0.161,0.145,0.154,0.137,0.113,0.109,0.12,0.11,0.089,0.091,0.48,0.816,0.088,0.864,0.625,0.712,0.758,0.641,0.623,0.801,0.09,0.089,0.38,0.73,0.799,0.772,0.663,0.334,0.711,0.813,0.611,0.155,0.092,0.089,0.805,0.76,0.77,0.805,0.872,0.761,0.567,0.736,0.716,0.841,0.089,0.088,0.087,0.092,0.088,0.089,0.089,0.088,0.094,0.086,0.088,0.088,0.087
,4:24:16,38,0.09,0.088,0.088,0.087,0.089,0.087,0.087,0.089,0.087,0.088,0.088,0.089,0.088,0.114,0.114,0.08,0.141,0.158,0.109,0.137,0.104,0.104,0.118,0.088,0.089,0.125,0.138,0.153,0.144,0.092,0.1,0.089,0.134,0.11,0.111,0.088,0.089,0.131,0.157,0.162,0.147,0.156,0.139,0.114,0.109,0.121,0.111,0.089,0.091,0.493,0.83,0.088,0.877,0.643,0.723,0.774,0.657,0.63,0.816,0.09,0.089,0.402,0.745,0.812,0.785,0.676,0.353,0.727,0.827,0.631,0.162,0.092,0.089,0.819,0.774,0.782,0.819,0.885,0.776,0.588,0.748,0.729,0.857,0.089,0.088,0.087,0.092,0.088,0.089,0.089,0.088,0.094,0.086,0.088,0.088,0.087
,4:29:16,38.1,0.09,0.088,0.088,0.087,0.088,0.087,0.088,0.09,0.087,0.087,0.088,0.089,0.088,0.115,0.115,0.08,0.143,0.16,0.11,0.139,0.105,0.104,0.118,0.088,0.089,0.127,0.14,0.156,0.147,0.092,0.1,0.089,0.136,0.111,0.112,0.088,0.089,0.133,0.159,0.165,0.149,0.158,0.141,0.115,0.11,0.122,0.113,0.089,0.091,0.507,0.842,0.088,0.888,0.659,0.734,0.789,0.673,0.639,0.831,0.09,0.089,0.426,0.758,0.824,0.798,0.692,0.374,0.744,0.84,0.649,0.172,0.092,0.089,0.832,0.785,0.793,0.83,0.898,0.792,0.606,0.761,0.744,0.872,0.089,0.088,0.087,0.092,0.089,0.089,0.089,0.088,0.094,0.086,0.088,0.088,0.087
,4:34:16,38,0.09,0.088,0.088,0.088,0.089,0.087,0.088,0.09,0.087,0.088,0.088,0.089,0.088,0.115,0.117,0.08,0.145,0.162,0.111,0.141,0.106,0.105,0.12,0.088,0.089,0.128,0.143,0.158,0.149,0.092,0.1,0.089,0.137,0.112,0.113,0.088,0.089,0.134,0.161,0.168,0.151,0.16,0.142,0.117,0.11,0.123,0.113,0.089,0.091,0.518,0.855,0.092,0.9,0.674,0.747,0.804,0.69,0.644,0.845,0.09,0.089,0.448,0.772,0.836,0.811,0.706,0.401,0.76,0.855,0.665,0.18,0.092,0.089,0.845,0.798,0.805,0.844,0.91,0.806,0.625,0.77,0.757,0.886,0.089,0.088,0.087,0.092,0.089,0.089,0.089,0.088,0.094,0.086,0.088,0.088,0.087
,4:39:16,38.1,0.09,0.088,0.088,0.087,0.089,0.087,0.087,0.09,0.087,0.088,0.088,0.089,0.088,0.116,0.118,0.08,0.147,0.165,0.113,0.142,0.108,0.105,0.124,0.088,0.089,0.13,0.144,0.161,0.15,0.092,0.101,0.089,0.139,0.113,0.115,0.088,0.089,0.136,0.164,0.169,0.153,0.162,0.144,0.117,0.112,0.123,0.114,0.089,0.091,0.53,0.865,0.09,0.911,0.688,0.757,0.82,0.704,0.649,0.859,0.09,0.089,0.467,0.784,0.846,0.825,0.72,0.421,0.776,0.868,0.68,0.183,0.092,0.089,0.857,0.809,0.816,0.855,0.922,0.82,0.644,0.781,0.771,0.901,0.089,0.088,0.087,0.092,0.089,0.089,0.089,0.088,0.094,0.086,0.088,0.088,0.087
,4:44:16,38,0.09,0.088,0.088,0.087,0.089,0.087,0.087,0.09,0.087,0.088,0.088,0.089,0.088,0.116,0.12,0.08,0.149,0.166,0.115,0.144,0.108,0.106,0.125,0.088,0.089,0.131,0.147,0.163,0.153,0.092,0.1,0.089,0.14,0.114,0.115,0.088,0.089,0.138,0.165,0.171,0.155,0.163,0.146,0.119,0.112,0.125,0.115,0.089,0.091,0.542,0.877,0.09,0.922,0.704,0.768,0.834,0.719,0.655,0.873,0.09,0.089,0.486,0.798,0.857,0.838,0.739,0.437,0.792,0.882,0.698,0.192,0.092,0.089,0.869,0.821,0.828,0.867,0.935,0.832,0.662,0.79,0.785,0.915,0.089,0.088,0.087,0.092,0.089,0.089,0.089,0.088,0.094,0.086,0.088,0.088,0.087
,4:49:16,38,0.09,0.088,0.088,0.087,0.088,0.087,0.087,0.089,0.087,0.087,0.088,0.089,0.088,0.117,0.121,0.08,0.151,0.17,0.116,0.146,0.109,0.106,0.126,0.088,0.089,0.132,0.147,0.164,0.155,0.092,0.1,0.09,0.142,0.115,0.115,0.088,0.089,0.139,0.167,0.173,0.156,0.165,0.147,0.12,0.112,0.126,0.116,0.088,0.091,0.554,0.888,0.087,0.933,0.718,0.779,0.849,0.733,0.662,0.887,0.09,0.089,0.504,0.812,0.868,0.85,0.757,0.452,0.807,0.894,0.714,0.206,0.092,0.089,0.881,0.835,0.841,0.88,0.946,0.845,0.679,0.8,0.798,0.928,0.089,0.087,0.087,0.092,0.089,0.089,0.088,0.088,0.094,0.086,0.088,0.088,0.087
,4:54:16,38,0.09,0.088,0.089,0.087,0.088,0.087,0.087,0.089,0.087,0.087,0.088,0.089,0.088,0.118,0.123,0.08,0.153,0.17,0.118,0.147,0.111,0.107,0.131,0.088,0.089,0.135,0.15,0.165,0.155,0.092,0.1,0.09,0.143,0.115,0.119,0.088,0.089,0.141,0.169,0.176,0.159,0.167,0.149,0.122,0.114,0.127,0.116,0.089,0.091,0.566,0.897,0.088,0.942,0.732,0.788,0.863,0.747,0.668,0.901,0.09,0.089,0.521,0.826,0.877,0.862,0.77,0.464,0.821,0.905,0.73,0.221,0.092,0.089,0.892,0.847,0.853,0.891,0.958,0.858,0.696,0.809,0.814,0.943,0.089,0.087,0.087,0.092,0.089,0.089,0.089,0.088,0.094,0.086,0.088,0.088,0.087
,4:59:16,38.1,0.09,0.088,0.088,0.087,0.089,0.087,0.087,0.089,0.087,0.087,0.088,0.089,0.088,0.118,0.125,0.08,0.155,0.171,0.119,0.149,0.112,0.108,0.132,0.088,0.089,0.136,0.151,0.167,0.159,0.092,0.1,0.09,0.145,0.116,0.12,0.088,0.089,0.143,0.171,0.177,0.16,0.168,0.151,0.123,0.114,0.128,0.119,0.089,0.091,0.578,0.909,0.088,0.952,0.747,0.8,0.877,0.761,0.673,0.915,0.09,0.089,0.537,0.839,0.888,0.874,0.79,0.484,0.836,0.917,0.747,0.238,0.092,0.089,0.903,0.859,0.865,0.903,0.969,0.871,0.712,0.818,0.827,0.956,0.089,0.087,0.087,0.092,0.089,0.089,0.089,0.088,0.094,0.086,0.088,0.088,0.087
,5:04:16,38,0.09,0.088,0.088,0.087,0.088,0.087,0.088,0.089,0.087,0.087,0.088,0.089,0.088,0.12,0.127,0.08,0.157,0.175,0.12,0.151,0.113,0.108,0.133,0.088,0.089,0.137,0.152,0.17,0.16,0.093,0.101,0.09,0.146,0.117,0.12,0.088,0.089,0.145,0.173,0.18,0.162,0.171,0.153,0.124,0.115,0.129,0.119,0.089,0.091,0.59,0.918,0.088,0.96,0.762,0.809,0.89,0.774,0.679,0.928,0.09,0.089,0.552,0.851,0.896,0.884,0.804,0.504,0.85,0.928,0.763,0.254,0.092,0.089,0.913,0.87,0.876,0.913,0.978,0.883,0.728,0.825,0.839,0.969,0.089,0.087,0.087,0.092,0.089,0.089,0.089,0.088,0.094,0.086,0.088,0.088,0.087
,5:09:16,38.1,0.09,0.088,0.088,0.087,0.089,0.087,0.087,0.089,0.087,0.087,0.088,0.089,0.088,0.12,0.128,0.08,0.159,0.178,0.123,0.153,0.115,0.11,0.136,0.088,0.089,0.139,0.153,0.171,0.163,0.093,0.101,0.09,0.148,0.118,0.122,0.088,0.089,0.147,0.175,0.181,0.164,0.172,0.154,0.126,0.116,0.13,0.12,0.089,0.091,0.601,0.929,0.088,0.969,0.777,0.818,0.903,0.787,0.684,0.941,0.09,0.089,0.567,0.864,0.907,0.896,0.818,0.524,0.863,0.941,0.78,0.274,0.092,0.089,0.924,0.882,0.889,0.925,0.988,0.895,0.743,0.834,0.851,0.981,0.089,0.088,0.087,0.092,0.089,0.089,0.089,0.088,0.094,0.086,0.088,0.088,0.087
,5:14:16,38,0.09,0.088,0.088,0.087,0.088,0.087,0.088,0.089,0.087,0.087,0.088,0.089,0.088,0.121,0.13,0.08,0.161,0.183,0.124,0.155,0.116,0.11,0.137,0.089,0.089,0.14,0.157,0.173,0.164,0.093,0.101,0.09,0.149,0.118,0.123,0.088,0.089,0.149,0.177,0.183,0.166,0.174,0.157,0.127,0.118,0.132,0.122,0.089,0.091,0.613,0.938,0.088,0.978,0.792,0.827,0.915,0.799,0.69,0.954,0.09,0.089,0.582,0.876,0.916,0.908,0.836,0.543,0.877,0.951,0.795,0.295,0.092,0.089,0.933,0.893,0.901,0.936,0.997,0.907,0.759,0.839,0.862,0.992,0.089,0.087,0.087,0.092,0.089,0.089,0.089,0.088,0.094,0.085,0.088,0.088,0.087
,5:19:16,38.1,0.09,0.088,0.088,0.088,0.089,0.087,0.087,0.09,0.087,0.087,0.088,0.089,0.088,0.121,0.132,0.08,0.164,0.184,0.126,0.157,0.117,0.111,0.139,0.088,0.089,0.142,0.158,0.174,0.166,0.093,0.101,0.091,0.151,0.119,0.125,0.088,0.089,0.151,0.18,0.185,0.168,0.175,0.159,0.129,0.118,0.132,0.123,0.089,0.091,0.624,0.947,0.088,0.987,0.806,0.836,0.928,0.811,0.695,0.967,0.09,0.089,0.596,0.888,0.924,0.918,0.843,0.556,0.89,0.962,0.81,0.324,0.092,0.089,0.943,0.904,0.913,0.946,1.004,0.919,0.776,0.846,0.872,1.004,0.089,0.088,0.087,0.092,0.089,0.089,0.089,0.088,0.094,0.086,0.088,0.088,0.087
,5:24:16,38,0.09,0.088,0.088,0.087,0.088,0.087,0.087,0.089,0.087,0.087,0.088,0.089,0.088,0.123,0.134,0.08,0.164,0.186,0.128,0.159,0.121,0.112,0.141,0.088,0.089,0.143,0.159,0.174,0.167,0.093,0.101,0.091,0.153,0.12,0.127,0.088,0.089,0.152,0.181,0.186,0.17,0.176,0.16,0.13,0.119,0.133,0.122,0.088,0.091,0.635,0.956,0.088,0.996,0.819,0.845,0.941,0.823,0.699,0.978,0.09,0.089,0.61,0.899,0.932,0.929,0.855,0.568,0.902,0.972,0.825,0.343,0.092,0.089,0.952,0.915,0.924,0.957,1.013,0.93,0.791,0.853,0.881,1.016,0.089,0.088,0.087,0.092,0.09,0.089,0.089,0.088,0.094,0.086,0.088,0.089,0.087
,5:29:16,38,0.09,0.088,0.088,0.087,0.088,0.087,0.087,0.089,0.087,0.087,0.088,0.089,0.088,0.123,0.136,0.08,0.167,0.187,0.129,0.161,0.12,0.112,0.142,0.088,0.089,0.144,0.161,0.179,0.17,0.093,0.101,0.091,0.154,0.121,0.128,0.088,0.089,0.154,0.183,0.188,0.172,0.178,0.162,0.132,0.121,0.135,0.125,0.089,0.091,0.646,0.965,0.091,1.003,0.833,0.852,0.953,0.836,0.704,0.99,0.09,0.089,0.626,0.91,0.94,0.938,0.871,0.582,0.914,0.984,0.839,0.366,0.092,0.089,0.961,0.925,0.934,0.966,1.021,0.941,0.806,0.857,0.89,1.026,0.089,0.087,0.087,0.092,0.09,0.089,0.089,0.088,0.094,0.086,0.088,0.088,0.087
,5:34:16,38,0.09,0.088,0.088,0.087,0.088,0.087,0.087,0.089,0.087,0.087,0.088,0.089,0.088,0.124,0.138,0.08,0.169,0.19,0.131,0.163,0.125,0.113,0.144,0.088,0.089,0.145,0.164,0.18,0.172,0.093,0.101,0.091,0.156,0.122,0.13,0.088,0.089,0.156,0.185,0.189,0.174,0.18,0.164,0.134,0.122,0.136,0.126,0.088,0.091,0.657,0.974,0.088,1.011,0.847,0.86,0.964,0.85,0.708,1.001,0.09,0.089,0.642,0.921,0.949,0.948,0.883,0.593,0.926,0.994,0.852,0.389,0.092,0.089,0.971,0.935,0.944,0.976,1.028,0.952,0.821,0.866,0.897,1.037,0.089,0.087,0.087,0.092,0.09,0.089,0.089,0.088,0.094,0.086,0.088,0.088,0.087
,5:39:16,38.1,0.09,0.088,0.088,0.087,0.089,0.087,0.088,0.089,0.087,0.087,0.088,0.089,0.088,0.125,0.14,0.08,0.171,0.191,0.133,0.166,0.126,0.114,0.146,0.088,0.089,0.148,0.163,0.181,0.174,0.093,0.1,0.091,0.157,0.124,0.133,0.088,0.089,0.158,0.187,0.192,0.176,0.181,0.166,0.136,0.124,0.136,0.127,0.089,0.091,0.669,0.982,0.088,1.017,0.86,0.868,0.975,0.862,0.712,1.015,0.09,0.089,0.656,0.931,0.956,0.957,0.89,0.602,0.938,1.004,0.866,0.415,0.092,0.089,0.979,0.944,0.953,0.984,1.035,0.962,0.834,0.875,0.906,1.048,0.089,0.088,0.087,0.092,0.091,0.089,0.089,0.088,0.094,0.086,0.088,0.088,0.087
,5:44:16,38,0.09,0.088,0.088,0.087,0.088,0.087,0.088,0.089,0.087,0.087,0.088,0.089,0.088,0.126,0.142,0.08,0.172,0.194,0.135,0.167,0.131,0.115,0.149,0.088,0.089,0.149,0.165,0.181,0.175,0.093,0.101,0.092,0.16,0.125,0.134,0.088,0.089,0.16,0.189,0.193,0.178,0.183,0.167,0.138,0.125,0.137,0.127,0.089,0.091,0.681,0.991,0.088,1.027,0.873,0.875,0.986,0.876,0.717,1.027,0.09,0.089,0.671,0.942,0.965,0.968,0.905,0.615,0.95,1.013,0.879,0.453,0.092,0.089,0.989,0.955,0.964,0.995,1.044,0.973,0.849,0.88,0.914,1.058,0.089,0.088,0.087,0.092,0.091,0.089,0.089,0.088,0.094,0.086,0.088,0.088,0.087
,5:49:16,38,0.09,0.088,0.088,0.088,0.089,0.087,0.088,0.09,0.087,0.088,0.088,0.089,0.088,0.128,0.145,0.08,0.175,0.195,0.136,0.172,0.129,0.116,0.15,0.088,0.089,0.15,0.167,0.185,0.177,0.094,0.101,0.092,0.161,0.126,0.135,0.088,0.089,0.162,0.191,0.195,0.18,0.184,0.169,0.14,0.127,0.14,0.132,0.089,0.091,0.692,0.998,0.088,1.034,0.886,0.883,0.996,0.888,0.72,1.039,0.09,0.089,0.687,0.953,0.974,0.975,0.919,0.628,0.961,1.021,0.891,0.486,0.092,0.089,0.997,0.964,0.973,1.003,1.051,0.982,0.861,0.884,0.921,1.068,0.089,0.087,0.087,0.092,0.091,0.089,0.089,0.088,0.094,0.086,0.088,0.088,0.087
,5:54:16,38.1,0.09,0.088,0.088,0.087,0.088,0.087,0.087,0.089,0.087,0.088,0.088,0.089,0.088,0.129,0.147,0.08,0.177,0.197,0.138,0.175,0.132,0.117,0.152,0.088,0.089,0.151,0.17,0.185,0.179,0.094,0.101,0.092,0.162,0.127,0.138,0.088,0.089,0.164,0.193,0.197,0.182,0.186,0.171,0.141,0.128,0.141,0.132,0.089,0.091,0.703,1.005,0.088,1.039,0.898,0.89,1.007,0.899,0.724,1.05,0.09,0.089,0.701,0.961,0.982,0.983,0.926,0.639,0.972,1.031,0.904,0.512,0.092,0.089,1.004,0.973,0.982,1.01,1.059,0.993,0.874,0.888,0.929,1.076,0.089,0.088,0.087,0.092,0.092,0.089,0.089,0.088,0.094,0.086,0.088,0.088,0.087
,5:59:16,38,0.09,0.088,0.088,0.087,0.088,0.087,0.087,0.089,0.087,0.087,0.088,0.089,0.088,0.13,0.15,0.08,0.179,0.199,0.14,0.174,0.136,0.118,0.154,0.088,0.089,0.153,0.17,0.186,0.181,0.094,0.101,0.092,0.164,0.128,0.14,0.088,0.089,0.165,0.195,0.199,0.184,0.187,0.172,0.143,0.129,0.141,0.133,0.089,0.091,0.714,1.013,0.088,1.047,0.911,0.896,1.016,0.91,0.73,1.06,0.09,0.089,0.716,0.971,0.989,0.992,0.937,0.651,0.982,1.039,0.914,0.538,0.092,0.089,1.013,0.982,0.991,1.019,1.066,1.003,0.888,0.894,0.937,1.085,0.089,0.087,0.087,0.092,0.093,0.089,0.089,0.088,0.094,0.085,0.088,0.088,0.087
,6:04:16,38,0.09,0.088,0.088,0.087,0.089,0.087,0.087,0.089,0.087,0.087,0.088,0.089,0.088,0.132,0.152,0.08,0.181,0.2,0.142,0.179,0.137,0.119,0.155,0.088,0.089,0.154,0.176,0.189,0.182,0.094,0.101,0.092,0.166,0.13,0.142,0.088,0.089,0.167,0.197,0.201,0.186,0.189,0.175,0.145,0.131,0.143,0.135,0.089,0.091,0.726,1.019,0.089,1.052,0.923,0.902,1.025,0.92,0.733,1.071,0.09,0.089,0.729,0.98,0.997,1,0.951,0.663,0.992,1.046,0.925,0.558,0.092,0.089,1.02,0.991,1,1.026,1.073,1.014,0.9,0.897,0.945,1.093,0.089,0.088,0.087,0.092,0.094,0.089,0.089,0.088,0.094,0.086,0.088,0.088,0.087
,6:09:16,38,0.09,0.088,0.088,0.087,0.089,0.087,0.088,0.09,0.087,0.087,0.088,0.089,0.088,0.132,0.155,0.08,0.183,0.202,0.143,0.18,0.138,0.12,0.157,0.088,0.089,0.156,0.176,0.19,0.185,0.095,0.101,0.093,0.167,0.132,0.144,0.088,0.089,0.169,0.198,0.203,0.188,0.19,0.176,0.147,0.133,0.144,0.137,0.089,0.091,0.736,1.026,0.088,1.059,0.936,0.908,1.034,0.931,0.739,1.079,0.09,0.089,0.742,0.988,1.005,1.008,0.957,0.673,1.001,1.054,0.935,0.578,0.092,0.089,1.026,0.998,1.006,1.033,1.08,1.024,0.912,0.9,0.953,1.101,0.089,0.088,0.087,0.092,0.095,0.089,0.089,0.088,0.094,0.086,0.088,0.088,0.087
,6:14:16,38,0.09,0.088,0.088,0.087,0.088,0.087,0.087,0.089,0.087,0.087,0.088,0.089,0.088,0.134,0.153,0.08,0.185,0.203,0.145,0.183,0.141,0.122,0.159,0.088,0.089,0.157,0.177,0.191,0.185,0.094,0.101,0.093,0.169,0.133,0.147,0.088,0.089,0.171,0.2,0.206,0.192,0.192,0.177,0.15,0.133,0.144,0.136,0.088,0.091,0.747,1.033,0.088,1.067,0.946,0.914,1.042,0.942,0.743,1.087,0.09,0.089,0.756,0.998,1.014,1.017,0.964,0.683,1.011,1.062,0.947,0.598,0.092,0.089,1.035,1.006,1.016,1.041,1.088,1.034,0.923,0.903,0.962,1.11,0.089,0.087,0.087,0.092,0.096,0.089,0.089,0.088,0.094,0.086,0.088,0.088,0.087
,6:19:16,38,0.09,0.088,0.088,0.087,0.088,0.087,0.087,0.089,0.087,0.087,0.088,0.089,0.088,0.134,0.159,0.08,0.186,0.205,0.147,0.185,0.143,0.123,0.161,0.088,0.089,0.159,0.18,0.191,0.187,0.095,0.102,0.093,0.17,0.134,0.148,0.088,0.089,0.172,0.202,0.207,0.193,0.193,0.179,0.151,0.135,0.146,0.138,0.089,0.091,0.758,1.04,0.088,1.073,0.958,0.921,1.05,0.952,0.747,1.097,0.09,0.089,0.77,1.006,1.02,1.024,0.976,0.694,1.022,1.069,0.958,0.617,0.092,0.089,1.043,1.014,1.023,1.049,1.095,1.044,0.935,0.906,0.97,1.117,0.089,0.087,0.087,0.092,0.098,0.089,0.089,0.088,0.094,0.086,0.088,0.089,0.087
,6:24:16,38,0.09,0.088,0.088,0.087,0.089,0.087,0.088,0.089,0.087,0.087,0.088,0.089,0.088,0.135,0.164,0.08,0.188,0.208,0.148,0.188,0.144,0.124,0.162,0.088,0.089,0.16,0.18,0.193,0.189,0.095,0.102,0.094,0.172,0.135,0.15,0.088,0.089,0.174,0.203,0.21,0.195,0.195,0.181,0.153,0.136,0.148,0.14,0.089,0.091,0.769,1.045,0.088,1.078,0.967,0.93,1.057,0.961,0.751,1.105,0.09,0.089,0.782,1.014,1.025,1.031,0.981,0.703,1.031,1.075,0.97,0.634,0.092,0.089,1.049,1.022,1.029,1.056,1.102,1.054,0.945,0.908,0.978,1.123,0.089,0.088,0.087,0.092,0.1,0.089,0.089,0.088,0.094,0.086,0.088,0.088,0.087
,6:29:16,38,0.09,0.088,0.088,0.088,0.089,0.087,0.088,0.09,0.087,0.088,0.088,0.089,0.088,0.137,0.165,0.08,0.191,0.208,0.15,0.189,0.146,0.126,0.164,0.088,0.089,0.162,0.183,0.195,0.191,0.095,0.102,0.094,0.174,0.138,0.152,0.088,0.089,0.176,0.205,0.212,0.198,0.196,0.183,0.155,0.137,0.149,0.141,0.089,0.091,0.779,1.052,0.088,1.084,0.977,0.936,1.065,0.97,0.755,1.114,0.09,0.089,0.794,1.022,1.031,1.04,0.987,0.713,1.041,1.083,0.981,0.649,0.092,0.089,1.057,1.03,1.037,1.064,1.109,1.064,0.955,0.914,0.986,1.132,0.089,0.088,0.087,0.092,0.102,0.089,0.089,0.088,0.095,0.086,0.088,0.088,0.087
,6:34:16,38,0.09,0.088,0.088,0.087,0.088,0.087,0.087,0.089,0.087,0.087,0.088,0.089,0.088,0.139,0.167,0.08,0.193,0.209,0.151,0.192,0.147,0.127,0.166,0.088,0.089,0.163,0.184,0.198,0.191,0.095,0.102,0.094,0.175,0.138,0.154,0.088,0.089,0.178,0.207,0.214,0.2,0.197,0.184,0.157,0.138,0.15,0.142,0.088,0.091,0.79,1.058,0.088,1.089,0.988,0.941,1.072,0.979,0.756,1.121,0.09,0.089,0.806,1.03,1.036,1.047,0.999,0.723,1.051,1.089,0.992,0.666,0.092,0.089,1.065,1.037,1.044,1.07,1.115,1.072,0.965,0.912,0.995,1.139,0.089,0.088,0.087,0.092,0.105,0.089,0.089,0.088,0.094,0.086,0.088,0.088,0.087
,6:39:16,38.1,0.09,0.088,0.088,0.087,0.089,0.087,0.087,0.089,0.087,0.088,0.088,0.089,0.088,0.14,0.171,0.08,0.194,0.212,0.153,0.194,0.149,0.127,0.167,0.088,0.089,0.164,0.187,0.199,0.194,0.095,0.102,0.095,0.177,0.14,0.156,0.088,0.089,0.179,0.208,0.218,0.203,0.199,0.185,0.159,0.139,0.151,0.144,0.088,0.091,0.8,1.064,0.088,1.093,0.998,0.947,1.079,0.99,0.758,1.129,0.09,0.089,0.818,1.038,1.04,1.054,1.004,0.732,1.059,1.095,1.002,0.683,0.092,0.089,1.07,1.044,1.05,1.076,1.121,1.081,0.974,0.915,1.004,1.146,0.089,0.088,0.087,0.092,0.108,0.089,0.089,0.088,0.094,0.086,0.088,0.088,0.087
,6:44:16,38,0.09,0.088,0.088,0.087,0.088,0.087,0.088,0.089,0.087,0.088,0.088,0.089,0.088,0.141,0.171,0.08,0.196,0.213,0.155,0.194,0.151,0.129,0.169,0.088,0.089,0.166,0.189,0.2,0.194,0.095,0.102,0.095,0.179,0.141,0.158,0.088,0.089,0.182,0.21,0.219,0.204,0.2,0.187,0.161,0.141,0.153,0.145,0.089,0.091,0.811,1.071,0.088,1.099,1.009,0.952,1.087,0.999,0.761,1.137,0.09,0.089,0.83,1.047,1.045,1.063,1.012,0.74,1.069,1.102,1.013,0.7,0.092,0.089,1.077,1.05,1.058,1.084,1.126,1.089,0.984,0.916,1.013,1.154,0.089,0.088,0.087,0.092,0.113,0.089,0.089,0.088,0.094,0.086,0.088,0.088,0.087
,6:49:16,38,0.09,0.088,0.088,0.087,0.088,0.087,0.087,0.089,0.087,0.087,0.088,0.089,0.088,0.143,0.173,0.08,0.198,0.214,0.156,0.196,0.152,0.13,0.17,0.088,0.089,0.167,0.192,0.202,0.196,0.095,0.102,0.095,0.18,0.143,0.16,0.088,0.089,0.183,0.211,0.222,0.207,0.201,0.189,0.163,0.142,0.154,0.147,0.088,0.091,0.822,1.076,0.087,1.103,1.018,0.956,1.094,1.008,0.762,1.144,0.09,0.089,0.842,1.055,1.049,1.071,1.02,0.751,1.077,1.109,1.023,0.718,0.092,0.089,1.083,1.057,1.065,1.09,1.131,1.097,0.993,0.916,1.021,1.161,0.089,0.088,0.087,0.092,0.118,0.089,0.089,0.088,0.094,0.086,0.087,0.088,0.087
,6:54:16,38.1,0.09,0.088,0.088,0.087,0.089,0.087,0.087,0.09,0.087,0.087,0.088,0.089,0.088,0.145,0.177,0.08,0.199,0.216,0.157,0.198,0.154,0.131,0.172,0.088,0.089,0.169,0.193,0.203,0.198,0.096,0.102,0.096,0.182,0.145,0.162,0.088,0.089,0.185,0.213,0.223,0.209,0.202,0.19,0.165,0.143,0.155,0.148,0.089,0.091,0.832,1.083,0.088,1.107,1.028,0.961,1.101,1.016,0.765,1.153,0.09,0.089,0.854,1.063,1.054,1.078,1.027,0.759,1.086,1.115,1.033,0.735,0.092,0.089,1.09,1.063,1.073,1.097,1.135,1.104,1.003,0.917,1.029,1.168,0.089,0.088,0.087,0.092,0.124,0.089,0.089,0.088,0.094,0.086,0.088,0.088,0.087
,6:59:16,38,0.09,0.088,0.088,0.087,0.088,0.087,0.087,0.089,0.087,0.087,0.088,0.089,0.088,0.147,0.179,0.08,0.201,0.218,0.159,0.2,0.155,0.132,0.173,0.088,0.089,0.17,0.197,0.204,0.199,0.096,0.103,0.096,0.183,0.147,0.164,0.088,0.089,0.187,0.215,0.225,0.212,0.203,0.191,0.167,0.144,0.156,0.15,0.089,0.091,0.842,1.088,0.088,1.111,1.038,0.966,1.109,1.024,0.766,1.161,0.09,0.089,0.865,1.07,1.057,1.087,1.03,0.768,1.093,1.12,1.043,0.75,0.092,0.089,1.095,1.069,1.08,1.103,1.141,1.112,1.014,0.919,1.037,1.174,0.089,0.087,0.087,0.092,0.131,0.089,0.089,0.088,0.094,0.086,0.088,0.088,0.087
,7:04:16,38,0.09,0.088,0.088,0.088,0.089,0.087,0.088,0.09,0.087,0.088,0.088,0.089,0.088,0.148,0.181,0.08,0.203,0.219,0.16,0.203,0.157,0.134,0.174,0.088,0.089,0.172,0.199,0.206,0.2,0.096,0.103,0.097,0.185,0.148,0.166,0.088,0.089,0.189,0.216,0.228,0.215,0.205,0.192,0.168,0.145,0.158,0.152,0.089,0.091,0.853,1.094,0.088,1.114,1.047,0.971,1.116,1.03,0.768,1.17,0.09,0.089,0.876,1.076,1.059,1.095,1.036,0.777,1.101,1.125,1.053,0.768,0.092,0.089,1.1,1.075,1.086,1.109,1.145,1.119,1.024,0.923,1.047,1.181,0.089,0.088,0.087,0.092,0.139,0.089,0.089,0.088,0.094,0.086,0.088,0.088,0.087
,7:09:16,38,0.09,0.088,0.088,0.087,0.088,0.087,0.087,0.089,0.087,0.087,0.088,0.089,0.088,0.15,0.182,0.08,0.204,0.222,0.162,0.205,0.158,0.135,0.175,0.088,0.089,0.173,0.2,0.207,0.201,0.096,0.103,0.097,0.187,0.15,0.167,0.088,0.089,0.191,0.218,0.229,0.216,0.206,0.194,0.17,0.146,0.159,0.153,0.089,0.091,0.863,1.1,0.088,1.118,1.056,0.976,1.121,1.037,0.768,1.178,0.09,0.089,0.887,1.083,1.062,1.101,1.046,0.788,1.109,1.129,1.062,0.785,0.092,0.089,1.106,1.082,1.092,1.115,1.149,1.126,1.034,0.923,1.055,1.188,0.089,0.087,0.087,0.092,0.149,0.089,0.089,0.088,0.094,0.086,0.088,0.088,0.087
,7:14:16,38,0.09,0.088,0.088,0.087,0.088,0.087,0.087,0.089,0.087,0.088,0.088,0.089,0.088,0.151,0.184,0.08,0.205,0.222,0.163,0.207,0.16,0.137,0.177,0.088,0.089,0.175,0.203,0.208,0.203,0.096,0.102,0.098,0.188,0.152,0.168,0.088,0.089,0.193,0.219,0.231,0.22,0.207,0.195,0.172,0.147,0.16,0.154,0.089,0.091,0.873,1.106,0.088,1.123,1.065,0.979,1.128,1.042,0.771,1.186,0.09,0.089,0.898,1.09,1.065,1.107,1.05,0.798,1.117,1.134,1.07,0.8,0.092,0.089,1.112,1.09,1.099,1.122,1.154,1.133,1.044,0.928,1.062,1.194,0.089,0.088,0.087,0.092,0.159,0.089,0.089,0.088,0.095,0.086,0.088,0.088,0.087
,7:19:16,38,0.09,0.088,0.088,0.087,0.088,0.087,0.087,0.089,0.087,0.087,0.088,0.089,0.088,0.152,0.186,0.08,0.207,0.223,0.165,0.208,0.161,0.138,0.178,0.088,0.089,0.176,0.204,0.209,0.204,0.096,0.103,0.098,0.19,0.154,0.17,0.088,0.089,0.194,0.221,0.233,0.221,0.208,0.197,0.174,0.148,0.161,0.156,0.089,0.091,0.883,1.111,0.088,1.126,1.074,0.983,1.134,1.048,0.771,1.192,0.09,0.089,0.909,1.095,1.068,1.111,1.059,0.808,1.124,1.138,1.079,0.815,0.092,0.089,1.117,1.097,1.105,1.128,1.158,1.139,1.055,0.928,1.066,1.2,0.089,0.088,0.087,0.092,0.163,0.089,0.089,0.088,0.094,0.086,0.088,0.088,0.087
,7:24:16,38,0.09,0.088,0.088,0.087,0.088,0.087,0.087,0.089,0.087,0.087,0.088,0.089,0.088,0.153,0.189,0.08,0.207,0.224,0.166,0.21,0.163,0.139,0.18,0.088,0.089,0.178,0.205,0.21,0.205,0.097,0.103,0.099,0.192,0.156,0.172,0.088,0.089,0.196,0.222,0.234,0.225,0.209,0.198,0.175,0.15,0.162,0.157,0.089,0.091,0.893,1.115,0.09,1.13,1.081,0.987,1.139,1.053,0.773,1.198,0.09,0.089,0.919,1.1,1.07,1.115,1.069,0.817,1.131,1.142,1.087,0.83,0.092,0.089,1.122,1.105,1.111,1.134,1.161,1.146,1.065,0.93,1.071,1.205,0.089,0.088,0.087,0.092,0.174,0.089,0.089,0.088,0.094,0.086,0.088,0.088,0.087
,7:29:16,38,0.09,0.088,0.088,0.087,0.088,0.087,0.087,0.089,0.087,0.087,0.088,0.089,0.088,0.163,0.19,0.08,0.209,0.225,0.167,0.211,0.164,0.141,0.181,0.088,0.089,0.18,0.208,0.212,0.206,0.097,0.103,0.099,0.193,0.158,0.173,0.088,0.089,0.198,0.223,0.236,0.225,0.211,0.199,0.177,0.15,0.163,0.159,0.089,0.091,0.903,1.119,0.088,1.132,1.089,0.991,1.144,1.058,0.775,1.203,0.09,0.089,0.928,1.105,1.072,1.118,1.077,0.826,1.137,1.145,1.093,0.844,0.092,0.089,1.125,1.112,1.115,1.141,1.167,1.152,1.074,0.93,1.074,1.21,0.089,0.087,0.087,0.092,0.19,0.089,0.089,0.088,0.094,0.086,0.088,0.088,0.087
,7:34:16,38.1,0.09,0.088,0.088,0.088,0.089,0.087,0.087,0.089,0.087,0.087,0.088,0.089,0.088,0.165,0.193,0.08,0.21,0.226,0.169,0.213,0.165,0.142,0.182,0.088,0.089,0.181,0.211,0.214,0.208,0.097,0.103,0.1,0.195,0.159,0.175,0.088,0.089,0.2,0.225,0.237,0.225,0.211,0.2,0.179,0.152,0.165,0.16,0.089,0.091,0.913,1.124,0.091,1.135,1.096,0.995,1.152,1.062,0.775,1.208,0.09,0.089,0.938,1.11,1.074,1.122,1.082,0.833,1.143,1.148,1.1,0.857,0.092,0.089,1.131,1.118,1.12,1.149,1.171,1.158,1.084,0.934,1.076,1.215,0.089,0.087,0.087,0.092,0.209,0.089,0.089,0.088,0.094,0.086,0.088,0.088,0.087
,7:39:16,38,0.09,0.088,0.088,0.087,0.088,0.087,0.087,0.089,0.087,0.087,0.088,0.089,0.088,0.16,0.194,0.08,0.212,0.227,0.17,0.214,0.166,0.143,0.183,0.088,0.089,0.182,0.211,0.213,0.209,0.097,0.104,0.101,0.197,0.161,0.176,0.088,0.089,0.202,0.226,0.239,0.228,0.212,0.202,0.179,0.152,0.166,0.162,0.088,0.091,0.924,1.129,0.088,1.14,1.103,0.998,1.157,1.066,0.776,1.212,0.09,0.089,0.948,1.115,1.078,1.127,1.089,0.842,1.149,1.152,1.108,0.872,0.092,0.089,1.136,1.124,1.126,1.156,1.174,1.164,1.092,0.935,1.079,1.219,0.088,0.087,0.087,0.092,0.228,0.089,0.089,0.088,0.094,0.086,0.088,0.088,0.087
,7:44:16,38,0.09,0.088,0.088,0.087,0.088,0.087,0.087,0.09,0.087,0.088,0.088,0.089,0.088,0.162,0.197,0.08,0.213,0.231,0.172,0.216,0.168,0.144,0.184,0.088,0.089,0.184,0.214,0.216,0.21,0.098,0.104,0.102,0.198,0.163,0.178,0.088,0.089,0.203,0.228,0.241,0.23,0.213,0.203,0.183,0.154,0.167,0.163,0.089,0.091,0.933,1.134,0.088,1.144,1.109,1.002,1.162,1.07,0.778,1.216,0.09,0.089,0.957,1.12,1.08,1.13,1.095,0.85,1.155,1.156,1.115,0.885,0.092,0.089,1.14,1.129,1.13,1.162,1.177,1.169,1.101,0.938,1.082,1.223,0.089,0.088,0.087,0.092,0.25,0.089,0.089,0.088,0.094,0.086,0.088,0.088,0.087
,7:49:16,38,0.09,0.088,0.088,0.087,0.089,0.087,0.088,0.09,0.087,0.088,0.088,0.089,0.088,0.166,0.197,0.08,0.215,0.232,0.173,0.218,0.169,0.146,0.186,0.088,0.089,0.186,0.216,0.217,0.211,0.098,0.104,0.102,0.2,0.165,0.179,0.088,0.089,0.205,0.229,0.243,0.233,0.215,0.205,0.185,0.155,0.169,0.165,0.089,0.091,0.943,1.139,0.089,1.147,1.115,1.005,1.167,1.074,0.781,1.22,0.09,0.089,0.967,1.125,1.081,1.133,1.099,0.858,1.159,1.159,1.12,0.898,0.092,0.089,1.144,1.133,1.134,1.167,1.18,1.174,1.109,0.944,1.084,1.227,0.089,0.088,0.087,0.092,0.273,0.089,0.089,0.088,0.095,0.086,0.088,0.089,0.087
,7:54:16,38,0.09,0.088,0.088,0.087,0.088,0.087,0.088,0.089,0.087,0.087,0.088,0.089,0.088,0.165,0.199,0.08,0.215,0.233,0.174,0.219,0.169,0.147,0.187,0.088,0.089,0.187,0.218,0.217,0.212,0.098,0.104,0.103,0.202,0.167,0.181,0.088,0.089,0.207,0.23,0.244,0.234,0.215,0.206,0.186,0.156,0.171,0.166,0.089,0.091,0.953,1.144,0.089,1.15,1.122,1.007,1.171,1.077,0.781,1.224,0.09,0.089,0.977,1.131,1.083,1.136,1.103,0.866,1.163,1.162,1.125,0.91,0.092,0.089,1.15,1.138,1.139,1.172,1.182,1.178,1.116,0.946,1.086,1.231,0.089,0.088,0.087,0.092,0.297,0.089,0.089,0.088,0.094,0.086,0.088,0.089,0.087
,7:59:16,38,0.09,0.088,0.088,0.087,0.088,0.087,0.087,0.089,0.087,0.087,0.088,0.089,0.088,0.167,0.2,0.08,0.216,0.233,0.175,0.22,0.171,0.148,0.188,0.088,0.089,0.189,0.219,0.219,0.213,0.098,0.105,0.104,0.203,0.169,0.182,0.088,0.089,0.209,0.232,0.245,0.236,0.216,0.207,0.188,0.157,0.172,0.167,0.089,0.091,0.962,1.148,0.088,1.152,1.129,1.01,1.175,1.08,0.784,1.227,0.09,0.089,0.987,1.136,1.085,1.139,1.107,0.874,1.168,1.166,1.128,0.922,0.092,0.089,1.155,1.141,1.143,1.177,1.185,1.182,1.123,0.948,1.089,1.235,0.089,0.087,0.087,0.092,0.321,0.089,0.089,0.088,0.094,0.086,0.088,0.088,0.087
,8:04:16,38.1,0.09,0.088,0.088,0.087,0.088,0.087,0.088,0.09,0.087,0.088,0.088,0.089,0.088,0.169,0.202,0.08,0.218,0.235,0.177,0.222,0.172,0.149,0.189,0.088,0.089,0.19,0.222,0.22,0.214,0.099,0.105,0.105,0.205,0.171,0.183,0.088,0.089,0.21,0.233,0.247,0.238,0.217,0.208,0.191,0.158,0.173,0.169,0.089,0.091,0.971,1.152,0.088,1.155,1.134,1.012,1.179,1.084,0.787,1.232,0.09,0.089,0.997,1.14,1.087,1.142,1.114,0.881,1.171,1.171,1.132,0.934,0.092,0.089,1.16,1.145,1.146,1.182,1.187,1.187,1.129,0.949,1.092,1.238,0.089,0.088,0.087,0.092,0.36,0.089,0.089,0.088,0.094,0.086,0.088,0.088,0.087
,8:09:16,38,0.09,0.088,0.088,0.088,0.089,0.087,0.088,0.09,0.087,0.088,0.088,0.089,0.088,0.171,0.203,0.08,0.219,0.235,0.178,0.223,0.173,0.15,0.19,0.088,0.089,0.192,0.223,0.221,0.215,0.099,0.105,0.106,0.207,0.173,0.185,0.088,0.089,0.212,0.235,0.249,0.239,0.217,0.21,0.191,0.159,0.175,0.171,0.089,0.091,0.98,1.156,0.09,1.157,1.139,1.015,1.183,1.087,0.789,1.235,0.09,0.089,1.008,1.143,1.089,1.145,1.117,0.888,1.176,1.174,1.135,0.946,0.092,0.089,1.164,1.149,1.15,1.186,1.19,1.19,1.136,0.951,1.096,1.242,0.089,0.088,0.087,0.092,0.38,0.089,0.089,0.088,0.095,0.086,0.088,0.088,0.087
,8:14:16,38,0.09,0.088,0.088,0.087,0.089,0.087,0.088,0.09,0.087,0.088,0.088,0.089,0.088,0.171,0.205,0.08,0.22,0.237,0.179,0.224,0.174,0.151,0.191,0.088,0.089,0.193,0.224,0.222,0.215,0.099,0.105,0.106,0.208,0.175,0.186,0.088,0.089,0.214,0.236,0.251,0.24,0.219,0.211,0.193,0.16,0.176,0.172,0.089,0.091,0.988,1.158,0.088,1.159,1.142,1.017,1.187,1.089,0.79,1.238,0.09,0.089,1.016,1.146,1.091,1.147,1.12,0.895,1.181,1.176,1.139,0.957,0.092,0.089,1.167,1.152,1.154,1.19,1.192,1.196,1.142,0.953,1.099,1.246,0.089,0.088,0.087,0.092,0.407,0.089,0.089,0.088,0.094,0.086,0.088,0.089,0.087
,8:19:16,38,0.09,0.088,0.088,0.087,0.088,0.087,0.087,0.089,0.087,0.087,0.088,0.089,0.088,0.172,0.205,0.08,0.221,0.239,0.18,0.226,0.175,0.152,0.192,0.088,0.089,0.195,0.225,0.223,0.214,0.099,0.106,0.107,0.21,0.176,0.187,0.088,0.089,0.215,0.237,0.252,0.241,0.219,0.212,0.193,0.161,0.177,0.173,0.088,0.091,0.995,1.16,0.088,1.16,1.146,1.02,1.19,1.091,0.79,1.24,0.09,0.089,1.026,1.149,1.092,1.149,1.125,0.901,1.186,1.178,1.142,0.968,0.092,0.089,1.17,1.154,1.156,1.193,1.194,1.2,1.147,0.954,1.101,1.248,0.089,0.087,0.087,0.092,0.435,0.089,0.089,0.088,0.094,0.086,0.088,0.088,0.087
,8:24:16,38,0.09,0.088,0.088,0.087,0.088,0.087,0.088,0.09,0.087,0.087,0.088,0.089,0.088,0.173,0.207,0.08,0.222,0.239,0.182,0.227,0.176,0.153,0.193,0.088,0.089,0.196,0.228,0.224,0.215,0.099,0.106,0.108,0.212,0.178,0.188,0.088,0.089,0.217,0.238,0.253,0.243,0.22,0.213,0.197,0.162,0.179,0.174,0.088,0.091,1.004,1.164,0.088,1.163,1.149,1.023,1.194,1.094,0.79,1.243,0.09,0.089,1.036,1.153,1.095,1.153,1.129,0.908,1.191,1.181,1.144,0.98,0.092,0.089,1.175,1.159,1.16,1.197,1.196,1.203,1.153,0.955,1.104,1.252,0.089,0.088,0.087,0.092,0.472,0.089,0.089,0.088,0.095,0.086,0.088,0.089,0.087
,8:29:16,38,0.09,0.088,0.088,0.088,0.089,0.087,0.088,0.09,0.087,0.087,0.088,0.089,0.088,0.175,0.208,0.08,0.224,0.241,0.184,0.229,0.177,0.154,0.194,0.088,0.089,0.198,0.23,0.225,0.213,0.1,0.106,0.109,0.213,0.18,0.19,0.088,0.089,0.219,0.239,0.255,0.245,0.221,0.215,0.197,0.163,0.18,0.176,0.089,0.091,1.011,1.167,0.089,1.165,1.152,1.026,1.198,1.096,0.791,1.245,0.09,0.089,1.044,1.155,1.098,1.155,1.133,0.914,1.194,1.184,1.147,0.992,0.092,0.089,1.177,1.161,1.163,1.201,1.198,1.206,1.158,0.955,1.108,1.255,0.089,0.088,0.087,0.092,0.507,0.089,0.089,0.088,0.094,0.086,0.088,0.088,0.087
,8:34:16,38.1,0.09,0.088,0.088,0.087,0.089,0.087,0.087,0.09,0.087,0.087,0.088,0.089,0.088,0.176,0.209,0.08,0.225,0.242,0.185,0.23,0.178,0.155,0.195,0.088,0.089,0.199,0.231,0.225,0.213,0.1,0.106,0.11,0.214,0.181,0.191,0.088,0.089,0.22,0.241,0.256,0.244,0.222,0.215,0.2,0.165,0.181,0.177,0.089,0.091,1.019,1.169,0.088,1.166,1.155,1.028,1.201,1.097,0.791,1.247,0.09,0.089,1.053,1.157,1.098,1.157,1.134,0.918,1.196,1.187,1.151,1.004,0.092,0.089,1.18,1.164,1.168,1.204,1.2,1.209,1.165,0.958,1.111,1.259,0.089,0.088,0.087,0.092,0.529,0.089,0.089,0.088,0.094,0.086,0.088,0.088,0.087
,8:39:16,38.1,0.09,0.088,0.088,0.087,0.088,0.087,0.087,0.089,0.087,0.087,0.088,0.089,0.088,0.177,0.21,0.08,0.226,0.243,0.186,0.231,0.179,0.156,0.196,0.088,0.089,0.201,0.233,0.227,0.214,0.1,0.107,0.111,0.216,0.183,0.192,0.088,0.089,0.222,0.241,0.257,0.247,0.222,0.217,0.2,0.166,0.183,0.178,0.088,0.091,1.026,1.172,0.088,1.167,1.157,1.032,1.204,1.099,0.791,1.249,0.09,0.089,1.061,1.16,1.101,1.16,1.14,0.923,1.198,1.19,1.153,1.014,0.092,0.089,1.183,1.167,1.172,1.208,1.201,1.211,1.171,0.957,1.113,1.262,0.089,0.087,0.087,0.092,0.549,0.089,0.089,0.088,0.094,0.086,0.088,0.088,0.087
,8:44:16,38,0.09,0.088,0.088,0.087,0.088,0.087,0.088,0.09,0.087,0.087,0.088,0.089,0.088,0.179,0.211,0.08,0.227,0.244,0.187,0.232,0.18,0.159,0.197,0.088,0.089,0.202,0.234,0.227,0.217,0.101,0.107,0.112,0.218,0.185,0.194,0.088,0.089,0.224,0.243,0.258,0.247,0.223,0.219,0.201,0.166,0.184,0.18,0.089,0.091,1.034,1.174,0.088,1.169,1.16,1.035,1.208,1.099,0.79,1.251,0.09,0.089,1.069,1.162,1.103,1.162,1.142,0.929,1.201,1.194,1.155,1.025,0.092,0.089,1.186,1.17,1.176,1.211,1.203,1.213,1.175,0.957,1.116,1.265,0.089,0.088,0.087,0.092,0.569,0.089,0.089,0.088,0.094,0.086,0.088,0.089,0.087
,8:49:16,38.1,0.09,0.088,0.088,0.087,0.089,0.087,0.088,0.09,0.087,0.087,0.088,0.089,0.088,0.18,0.212,0.08,0.228,0.246,0.188,0.234,0.181,0.16,0.198,0.088,0.089,0.204,0.236,0.228,0.219,0.101,0.108,0.113,0.22,0.187,0.195,0.088,0.089,0.225,0.244,0.26,0.248,0.223,0.22,0.202,0.167,0.185,0.181,0.089,0.091,1.042,1.177,0.088,1.17,1.163,1.039,1.21,1.101,0.79,1.254,0.09,0.089,1.077,1.164,1.103,1.164,1.146,0.933,1.203,1.196,1.158,1.035,0.092,0.089,1.188,1.172,1.179,1.214,1.204,1.216,1.179,0.959,1.119,1.268,0.089,0.088,0.087,0.092,0.589,0.089,0.089,0.088,0.094,0.086,0.088,0.089,0.087
,8:54:16,38,0.09,0.088,0.088,0.088,0.089,0.087,0.088,0.09,0.087,0.088,0.088,0.089,0.088,0.181,0.213,0.08,0.229,0.247,0.189,0.235,0.181,0.161,0.199,0.088,0.089,0.205,0.237,0.229,0.22,0.101,0.108,0.114,0.221,0.188,0.196,0.088,0.089,0.227,0.245,0.261,0.248,0.224,0.221,0.204,0.168,0.186,0.182,0.089,0.091,1.049,1.179,0.089,1.172,1.165,1.04,1.213,1.103,0.79,1.255,0.09,0.089,1.084,1.167,1.105,1.167,1.15,0.939,1.206,1.199,1.16,1.045,0.092,0.089,1.191,1.175,1.181,1.218,1.206,1.218,1.183,0.959,1.121,1.271,0.089,0.088,0.087,0.092,0.606,0.089,0.089,0.088,0.095,0.086,0.088,0.089,0.087
,8:59:16,38,0.09,0.088,0.088,0.087,0.089,0.087,0.088,0.089,0.087,0.087,0.088,0.089,0.088,0.182,0.214,0.08,0.23,0.248,0.19,0.237,0.182,0.162,0.2,0.088,0.089,0.206,0.239,0.23,0.221,0.101,0.108,0.116,0.222,0.19,0.197,0.088,0.089,0.228,0.245,0.262,0.249,0.224,0.222,0.204,0.169,0.188,0.184,0.088,0.091,1.056,1.181,0.088,1.173,1.167,1.042,1.216,1.103,0.789,1.258,0.09,0.089,1.09,1.168,1.105,1.169,1.152,0.943,1.207,1.201,1.161,1.054,0.092,0.089,1.194,1.177,1.183,1.22,1.207,1.219,1.185,0.959,1.123,1.273,0.089,0.088,0.087,0.092,0.622,0.089,0.089,0.088,0.094,0.086,0.088,0.089,0.087
,9:04:16,38,0.09,0.088,0.088,0.087,0.088,0.087,0.088,0.09,0.087,0.087,0.088,0.089,0.088,0.183,0.214,0.08,0.231,0.25,0.19,0.238,0.184,0.163,0.201,0.088,0.089,0.208,0.241,0.231,0.222,0.101,0.109,0.117,0.224,0.191,0.198,0.088,0.089,0.23,0.247,0.263,0.251,0.225,0.224,0.205,0.169,0.19,0.184,0.089,0.091,1.062,1.183,0.089,1.174,1.169,1.043,1.218,1.104,0.789,1.261,0.09,0.089,1.097,1.17,1.106,1.17,1.154,0.947,1.209,1.201,1.164,1.064,0.092,0.089,1.196,1.18,1.186,1.224,1.208,1.222,1.189,0.96,1.125,1.277,0.089,0.088,0.087,0.092,0.637,0.089,0.089,0.088,0.094,0.086,0.088,0.089,0.087
,9:09:16,38,0.09,0.088,0.088,0.087,0.089,0.087,0.088,0.09,0.087,0.088,0.088,0.089,0.088,0.184,0.215,0.08,0.231,0.252,0.191,0.239,0.184,0.165,0.202,0.088,0.089,0.21,0.243,0.231,0.222,0.102,0.11,0.118,0.225,0.193,0.199,0.088,0.089,0.232,0.248,0.264,0.252,0.225,0.224,0.207,0.174,0.191,0.186,0.089,0.091,1.07,1.187,0.089,1.177,1.171,1.045,1.221,1.105,0.789,1.263,0.09,0.089,1.104,1.174,1.109,1.173,1.162,0.953,1.211,1.203,1.165,1.073,0.092,0.089,1.2,1.183,1.189,1.227,1.21,1.223,1.192,0.959,1.13,1.28,0.089,0.088,0.087,0.092,0.652,0.089,0.089,0.088,0.094,0.086,0.088,0.089,0.087
,9:14:16,38.1,0.09,0.088,0.088,0.088,0.088,0.087,0.088,0.089,0.087,0.087,0.088,0.089,0.088,0.185,0.216,0.08,0.232,0.253,0.192,0.24,0.185,0.166,0.203,0.088,0.089,0.211,0.244,0.232,0.223,0.102,0.11,0.119,0.227,0.195,0.2,0.088,0.089,0.232,0.248,0.265,0.252,0.226,0.226,0.208,0.171,0.193,0.187,0.089,0.091,1.075,1.188,0.088,1.177,1.172,1.045,1.223,1.105,0.787,1.264,0.09,0.089,1.109,1.174,1.108,1.173,1.16,0.955,1.212,1.203,1.167,1.082,0.092,0.089,1.201,1.185,1.189,1.229,1.211,1.224,1.194,0.959,1.132,1.283,0.089,0.087,0.087,0.092,0.667,0.089,0.089,0.088,0.094,0.086,0.088,0.089,0.087
,9:19:16,38,0.09,0.088,0.088,0.088,0.089,0.087,0.088,0.09,0.087,0.088,0.088,0.089,0.088,0.187,0.217,0.08,0.233,0.254,0.193,0.241,0.186,0.167,0.204,0.088,0.089,0.213,0.246,0.233,0.224,0.103,0.111,0.121,0.228,0.197,0.202,0.088,0.089,0.235,0.25,0.266,0.254,0.226,0.227,0.209,0.172,0.194,0.188,0.089,0.091,1.082,1.191,0.088,1.18,1.175,1.047,1.225,1.107,0.789,1.266,0.09,0.089,1.116,1.178,1.111,1.177,1.165,0.961,1.215,1.204,1.169,1.091,0.092,0.089,1.205,1.189,1.193,1.234,1.212,1.227,1.197,0.964,1.135,1.286,0.089,0.088,0.087,0.092,0.684,0.089,0.089,0.088,0.094,0.086,0.088,0.089,0.087
,9:24:16,38,0.09,0.088,0.088,0.087,0.088,0.087,0.087,0.09,0.087,0.088,0.088,0.089,0.088,0.188,0.217,0.08,0.234,0.256,0.194,0.243,0.186,0.168,0.205,0.088,0.089,0.214,0.247,0.234,0.224,0.103,0.111,0.122,0.23,0.198,0.203,0.088,0.089,0.236,0.251,0.267,0.254,0.227,0.228,0.211,0.172,0.196,0.189,0.089,0.091,1.086,1.191,0.088,1.181,1.176,1.047,1.228,1.107,0.785,1.268,0.09,0.089,1.121,1.179,1.111,1.178,1.165,0.963,1.216,1.204,1.171,1.101,0.092,0.089,1.207,1.19,1.194,1.236,1.214,1.228,1.199,0.961,1.136,1.289,0.089,0.087,0.087,0.092,0.7,0.089,0.089,0.088,0.094,0.086,0.088,0.089,0.087
,9:29:16,38,0.09,0.088,0.088,0.087,0.089,0.087,0.087,0.089,0.087,0.087,0.088,0.089,0.088,0.19,0.218,0.08,0.234,0.257,0.194,0.244,0.187,0.169,0.206,0.088,0.089,0.216,0.249,0.234,0.225,0.103,0.112,0.122,0.231,0.199,0.203,0.088,0.089,0.237,0.252,0.268,0.255,0.227,0.229,0.212,0.174,0.198,0.191,0.089,0.091,1.092,1.194,0.091,1.183,1.178,1.048,1.23,1.108,0.785,1.269,0.09,0.089,1.127,1.181,1.113,1.18,1.172,0.969,1.218,1.205,1.172,1.111,0.092,0.089,1.21,1.193,1.197,1.239,1.214,1.229,1.202,0.959,1.139,1.291,0.089,0.088,0.087,0.092,0.717,0.089,0.089,0.088,0.094,0.086,0.088,0.089,0.087
,9:34:16,38,0.09,0.088,0.088,0.088,0.089,0.087,0.088,0.09,0.087,0.088,0.088,0.089,0.088,0.192,0.22,0.08,0.235,0.258,0.195,0.246,0.188,0.17,0.207,0.088,0.089,0.218,0.251,0.235,0.226,0.104,0.113,0.124,0.233,0.201,0.205,0.088,0.089,0.238,0.252,0.269,0.256,0.227,0.23,0.214,0.173,0.2,0.192,0.089,0.091,1.098,1.197,0.088,1.185,1.18,1.049,1.232,1.11,0.784,1.271,0.09,0.089,1.131,1.183,1.114,1.182,1.175,0.972,1.22,1.205,1.173,1.119,0.092,0.089,1.213,1.196,1.199,1.242,1.216,1.231,1.204,0.958,1.141,1.293,0.089,0.088,0.087,0.092,0.736,0.089,0.089,0.088,0.094,0.086,0.088,0.089,0.087
,9:39:16,38,0.09,0.088,0.088,0.087,0.089,0.087,0.088,0.09,0.087,0.088,0.088,0.089,0.088,0.193,0.22,0.08,0.236,0.26,0.195,0.246,0.189,0.171,0.208,0.088,0.089,0.218,0.252,0.236,0.226,0.104,0.113,0.126,0.234,0.202,0.206,0.088,0.089,0.239,0.253,0.27,0.256,0.228,0.232,0.215,0.173,0.201,0.192,0.089,0.091,1.102,1.198,0.088,1.185,1.18,1.05,1.234,1.109,0.781,1.273,0.09,0.089,1.136,1.184,1.112,1.183,1.173,0.974,1.222,1.204,1.175,1.127,0.092,0.089,1.215,1.198,1.201,1.245,1.216,1.232,1.206,0.958,1.144,1.297,0.089,0.088,0.087,0.092,0.753,0.089,0.089,0.088,0.094,0.086,0.088,0.089,0.087
,9:44:16,38,0.09,0.088,0.088,0.087,0.088,0.087,0.087,0.089,0.087,0.087,0.088,0.089,0.088,0.195,0.22,0.08,0.236,0.261,0.196,0.247,0.188,0.172,0.208,0.088,0.089,0.22,0.254,0.236,0.226,0.104,0.114,0.126,0.235,0.202,0.206,0.088,0.089,0.241,0.254,0.27,0.258,0.228,0.232,0.217,0.173,0.203,0.194,0.089,0.091,1.107,1.2,0.089,1.187,1.182,1.052,1.235,1.111,0.782,1.274,0.09,0.089,1.141,1.186,1.114,1.184,1.178,0.977,1.223,1.205,1.176,1.134,0.092,0.089,1.218,1.2,1.202,1.248,1.217,1.233,1.207,0.955,1.146,1.299,0.089,0.088,0.087,0.092,0.769,0.089,0.089,0.088,0.094,0.086,0.088,0.088,0.087
,9:49:16,38.1,0.09,0.088,0.088,0.087,0.089,0.087,0.087,0.089,0.087,0.087,0.088,0.089,0.088,0.197,0.221,0.08,0.237,0.261,0.197,0.249,0.189,0.172,0.209,0.088,0.089,0.221,0.255,0.236,0.226,0.104,0.114,0.128,0.236,0.204,0.207,0.088,0.089,0.242,0.255,0.271,0.259,0.227,0.233,0.218,0.174,0.205,0.195,0.089,0.091,1.113,1.203,0.088,1.189,1.184,1.051,1.237,1.112,0.781,1.276,0.09,0.089,1.147,1.19,1.114,1.188,1.183,0.981,1.225,1.204,1.177,1.14,0.092,0.089,1.221,1.203,1.205,1.251,1.217,1.235,1.208,0.954,1.149,1.301,0.089,0.087,0.087,0.092,0.784,0.089,0.089,0.088,0.094,0.086,0.088,0.088,0.087
,9:54:16,38,0.09,0.088,0.088,0.087,0.089,0.087,0.088,0.09,0.087,0.087,0.088,0.089,0.088,0.198,0.222,0.08,0.237,0.263,0.197,0.25,0.19,0.174,0.21,0.088,0.089,0.223,0.257,0.237,0.227,0.105,0.115,0.13,0.238,0.205,0.208,0.088,0.089,0.243,0.255,0.272,0.26,0.229,0.235,0.22,0.176,0.207,0.196,0.089,0.091,1.116,1.205,0.088,1.189,1.185,1.052,1.239,1.113,0.78,1.278,0.09,0.089,1.152,1.191,1.114,1.189,1.182,0.983,1.227,1.205,1.178,1.146,0.092,0.089,1.223,1.205,1.206,1.253,1.217,1.236,1.211,0.956,1.15,1.304,0.089,0.088,0.087,0.092,0.799,0.089,0.089,0.088,0.094,0.086,0.088,0.089,0.087
,9:59:16,38,0.09,0.088,0.088,0.087,0.088,0.087,0.087,0.089,0.087,0.087,0.088,0.089,0.088,0.2,0.222,0.08,0.238,0.264,0.198,0.251,0.191,0.174,0.211,0.088,0.089,0.224,0.259,0.237,0.227,0.105,0.116,0.13,0.239,0.206,0.208,0.088,0.089,0.244,0.256,0.272,0.26,0.229,0.235,0.221,0.174,0.21,0.197,0.088,0.091,1.12,1.207,0.088,1.191,1.187,1.052,1.24,1.114,0.778,1.278,0.09,0.089,1.155,1.193,1.114,1.19,1.187,0.985,1.228,1.204,1.179,1.152,0.092,0.089,1.225,1.207,1.208,1.256,1.218,1.236,1.212,0.952,1.152,1.305,0.089,0.087,0.087,0.092,0.814,0.089,0.089,0.088,0.094,0.086,0.088,0.088,0.087
,10:04:16,38,0.09,0.088,0.088,0.088,0.089,0.087,0.087,0.09,0.087,0.088,0.088,0.089,0.088,0.202,0.223,0.08,0.238,0.265,0.199,0.252,0.191,0.175,0.212,0.088,0.089,0.227,0.26,0.238,0.228,0.106,0.117,0.132,0.24,0.207,0.209,0.088,0.089,0.245,0.256,0.273,0.261,0.229,0.237,0.222,0.175,0.211,0.198,0.089,0.091,1.124,1.21,0.089,1.191,1.188,1.053,1.241,1.114,0.777,1.28,0.09,0.089,1.159,1.194,1.113,1.191,1.19,0.986,1.229,1.204,1.18,1.156,0.092,0.089,1.228,1.21,1.21,1.259,1.218,1.238,1.214,0.952,1.155,1.308,0.089,0.088,0.087,0.092,0.827,0.089,0.089,0.088,0.094,0.086,0.088,0.089,0.087
,10:09:16,38,0.09,0.088,0.089,0.088,0.089,0.087,0.088,0.09,0.087,0.088,0.088,0.089,0.088,0.204,0.223,0.08,0.239,0.267,0.199,0.253,0.192,0.176,0.213,0.088,0.089,0.228,0.261,0.238,0.229,0.106,0.118,0.134,0.242,0.208,0.21,0.088,0.089,0.245,0.257,0.274,0.262,0.229,0.238,0.223,0.178,0.213,0.199,0.089,0.091,1.128,1.212,0.088,1.193,1.19,1.054,1.243,1.115,0.775,1.282,0.09,0.089,1.163,1.196,1.112,1.192,1.189,0.988,1.23,1.205,1.181,1.161,0.092,0.089,1.231,1.212,1.212,1.262,1.218,1.24,1.215,0.953,1.157,1.309,0.089,0.088,0.087,0.092,0.841,0.089,0.089,0.088,0.094,0.086,0.088,0.089,0.087
,10:14:16,38,0.09,0.088,0.088,0.088,0.089,0.087,0.087,0.09,0.087,0.087,0.088,0.089,0.088,0.205,0.224,0.08,0.239,0.267,0.2,0.254,0.193,0.177,0.214,0.088,0.089,0.228,0.263,0.239,0.229,0.106,0.118,0.135,0.242,0.209,0.211,0.088,0.089,0.247,0.258,0.275,0.263,0.229,0.238,0.224,0.182,0.215,0.2,0.089,0.091,1.133,1.215,0.088,1.195,1.19,1.053,1.244,1.119,0.773,1.284,0.09,0.089,1.166,1.198,1.111,1.194,1.194,0.99,1.231,1.205,1.181,1.165,0.092,0.089,1.233,1.213,1.213,1.264,1.218,1.241,1.216,0.949,1.159,1.31,0.089,0.088,0.087,0.092,0.855,0.089,0.089,0.088,0.094,0.086,0.088,0.089,0.087
,10:19:16,38.1,0.09,0.088,0.088,0.087,0.088,0.087,0.088,0.089,0.087,0.087,0.088,0.089,0.088,0.207,0.224,0.08,0.239,0.269,0.2,0.255,0.193,0.178,0.214,0.088,0.089,0.23,0.265,0.239,0.229,0.106,0.12,0.136,0.244,0.211,0.211,0.088,0.089,0.249,0.259,0.275,0.264,0.23,0.239,0.226,0.183,0.217,0.202,0.089,0.091,1.135,1.218,0.088,1.196,1.191,1.053,1.245,1.121,0.77,1.287,0.09,0.089,1.168,1.199,1.109,1.194,1.194,0.99,1.231,1.204,1.181,1.169,0.092,0.089,1.235,1.214,1.213,1.265,1.217,1.242,1.217,0.949,1.16,1.311,0.089,0.088,0.087,0.092,0.867,0.089,0.089,0.088,0.094,0.086,0.088,0.089,0.087
,10:24:16,38,0.09,0.088,0.088,0.087,0.088,0.087,0.088,0.089,0.087,0.087,0.088,0.089,0.088,0.209,0.225,0.08,0.24,0.27,0.2,0.256,0.194,0.179,0.214,0.088,0.089,0.231,0.266,0.239,0.23,0.107,0.121,0.138,0.245,0.211,0.212,0.088,0.089,0.25,0.259,0.276,0.265,0.23,0.24,0.228,0.176,0.22,0.202,0.088,0.091,1.14,1.22,0.091,1.198,1.194,1.054,1.246,1.122,0.767,1.289,0.09,0.089,1.172,1.201,1.108,1.197,1.195,0.993,1.233,1.204,1.183,1.172,0.092,0.089,1.239,1.217,1.215,1.268,1.217,1.244,1.218,0.948,1.162,1.312,0.089,0.088,0.087,0.092,0.881,0.089,0.089,0.088,0.094,0.086,0.088,0.089,0.087
,10:29:16,38,0.09,0.088,0.088,0.087,0.089,0.087,0.088,0.09,0.087,0.087,0.088,0.089,0.088,0.211,0.226,0.08,0.24,0.271,0.201,0.258,0.194,0.18,0.215,0.088,0.089,0.233,0.268,0.24,0.23,0.107,0.122,0.139,0.246,0.211,0.213,0.088,0.089,0.252,0.259,0.277,0.265,0.23,0.241,0.229,0.176,0.221,0.203,0.089,0.091,1.145,1.222,0.091,1.2,1.195,1.054,1.248,1.123,0.766,1.291,0.09,0.089,1.174,1.204,1.106,1.198,1.198,0.994,1.234,1.205,1.184,1.176,0.092,0.089,1.242,1.218,1.218,1.271,1.216,1.245,1.221,0.95,1.164,1.314,0.089,0.088,0.087,0.092,0.894,0.089,0.089,0.088,0.094,0.086,0.088,0.089,0.087
,10:34:16,38,0.09,0.088,0.088,0.087,0.089,0.087,0.087,0.089,0.087,0.087,0.088,0.089,0.088,0.212,0.226,0.08,0.241,0.272,0.201,0.259,0.195,0.181,0.215,0.088,0.089,0.234,0.269,0.24,0.231,0.108,0.123,0.14,0.248,0.213,0.214,0.088,0.089,0.254,0.259,0.277,0.266,0.231,0.242,0.232,0.182,0.224,0.204,0.088,0.091,1.147,1.223,0.088,1.2,1.195,1.053,1.248,1.123,0.764,1.292,0.09,0.089,1.176,1.204,1.103,1.199,1.2,0.995,1.235,1.204,1.184,1.178,0.092,0.089,1.243,1.22,1.218,1.272,1.216,1.245,1.222,0.947,1.165,1.314,0.089,0.088,0.087,0.092,0.905,0.089,0.089,0.088,0.094,0.086,0.088,0.089,0.087
,10:39:16,38,0.09,0.088,0.088,0.087,0.089,0.087,0.088,0.089,0.087,0.087,0.088,0.089,0.088,0.214,0.226,0.08,0.241,0.271,0.202,0.26,0.195,0.181,0.216,0.088,0.089,0.235,0.27,0.24,0.231,0.108,0.124,0.142,0.249,0.213,0.214,0.088,0.089,0.253,0.26,0.278,0.266,0.23,0.242,0.232,0.177,0.226,0.206,0.089,0.091,1.153,1.225,0.09,1.203,1.197,1.053,1.249,1.122,0.763,1.292,0.09,0.089,1.179,1.206,1.102,1.202,1.204,0.997,1.237,1.204,1.185,1.181,0.092,0.089,1.246,1.222,1.22,1.274,1.216,1.246,1.223,0.945,1.168,1.314,0.089,0.088,0.087,0.092,0.917,0.089,0.089,0.088,0.094,0.086,0.088,0.089,0.087
,10:44:16,38,0.09,0.088,0.088,0.087,0.088,0.087,0.088,0.089,0.087,0.087,0.088,0.089,0.088,0.216,0.226,0.08,0.241,0.273,0.202,0.26,0.196,0.182,0.216,0.088,0.089,0.237,0.272,0.241,0.231,0.108,0.125,0.143,0.25,0.214,0.214,0.088,0.089,0.254,0.261,0.279,0.267,0.231,0.244,0.234,0.177,0.228,0.207,0.089,0.091,1.156,1.226,0.088,1.203,1.198,1.053,1.249,1.121,0.759,1.292,0.09,0.089,1.181,1.208,1.099,1.202,1.203,0.997,1.238,1.203,1.186,1.184,0.092,0.089,1.248,1.222,1.221,1.276,1.214,1.246,1.224,0.947,1.168,1.314,0.089,0.087,0.087,0.092,0.93,0.089,0.089,0.088,0.094,0.086,0.088,0.088,0.087
,10:49:16,38.1,0.09,0.088,0.088,0.087,0.088,0.087,0.087,0.089,0.087,0.087,0.088,0.088,0.088,0.217,0.227,0.08,0.242,0.274,0.203,0.262,0.196,0.183,0.216,0.088,0.088,0.238,0.273,0.241,0.232,0.109,0.126,0.144,0.251,0.215,0.215,0.088,0.089,0.256,0.261,0.279,0.268,0.231,0.245,0.235,0.177,0.23,0.208,0.088,0.091,1.16,1.227,0.091,1.203,1.198,1.053,1.25,1.121,0.756,1.292,0.09,0.089,1.183,1.208,1.096,1.204,1.207,0.998,1.239,1.202,1.187,1.186,0.092,0.089,1.249,1.223,1.221,1.277,1.214,1.247,1.225,0.944,1.169,1.314,0.089,0.087,0.087,0.092,0.942,0.089,0.089,0.088,0.094,0.086,0.088,0.088,0.086
,10:54:16,38,0.09,0.088,0.088,0.088,0.088,0.087,0.088,0.089,0.087,0.088,0.088,0.089,0.088,0.22,0.227,0.08,0.242,0.275,0.204,0.263,0.197,0.184,0.217,0.088,0.089,0.239,0.275,0.242,0.232,0.11,0.128,0.145,0.252,0.216,0.215,0.088,0.089,0.257,0.262,0.281,0.269,0.231,0.246,0.236,0.178,0.233,0.209,0.089,0.091,1.164,1.228,0.09,1.205,1.199,1.052,1.25,1.12,0.755,1.292,0.09,0.089,1.185,1.211,1.095,1.205,1.211,0.999,1.24,1.202,1.188,1.188,0.092,0.089,1.25,1.226,1.223,1.279,1.214,1.249,1.227,0.945,1.171,1.315,0.089,0.088,0.088,0.092,0.952,0.089,0.089,0.088,0.095,0.086,0.088,0.089,0.087
,10:59:16,38.1,0.09,0.088,0.088,0.087,0.088,0.087,0.088,0.09,0.087,0.087,0.088,0.089,0.088,0.222,0.227,0.08,0.242,0.275,0.204,0.263,0.197,0.185,0.217,0.088,0.089,0.24,0.276,0.242,0.233,0.11,0.129,0.146,0.253,0.217,0.215,0.088,0.089,0.259,0.263,0.281,0.27,0.231,0.246,0.237,0.178,0.235,0.21,0.089,0.091,1.167,1.23,0.088,1.205,1.2,1.052,1.251,1.119,0.753,1.292,0.09,0.089,1.187,1.212,1.092,1.207,1.213,1,1.242,1.202,1.189,1.191,0.092,0.089,1.252,1.227,1.224,1.28,1.213,1.249,1.228,0.943,1.172,1.314,0.089,0.088,0.087,0.092,0.963,0.089,0.089,0.088,0.094,0.086,0.088,0.089,0.087
,11:04:16,38.1,0.09,0.088,0.088,0.087,0.088,0.087,0.087,0.089,0.087,0.088,0.088,0.088,0.088,0.224,0.228,0.08,0.243,0.277,0.204,0.265,0.198,0.186,0.218,0.088,0.089,0.242,0.278,0.243,0.233,0.111,0.131,0.148,0.254,0.218,0.215,0.088,0.089,0.258,0.263,0.281,0.27,0.231,0.247,0.238,0.178,0.237,0.211,0.089,0.091,1.171,1.23,0.088,1.205,1.2,1.051,1.252,1.118,0.748,1.292,0.09,0.089,1.188,1.214,1.089,1.207,1.214,1,1.242,1.2,1.191,1.192,0.092,0.089,1.252,1.227,1.226,1.282,1.211,1.251,1.23,0.943,1.171,1.315,0.089,0.087,0.087,0.092,0.973,0.089,0.089,0.088,0.094,0.086,0.088,0.089,0.087
,11:09:16,38,0.09,0.088,0.088,0.088,0.088,0.087,0.088,0.089,0.087,0.088,0.088,0.089,0.088,0.226,0.228,0.08,0.243,0.278,0.205,0.266,0.198,0.187,0.219,0.088,0.089,0.244,0.279,0.243,0.233,0.111,0.133,0.149,0.255,0.219,0.216,0.088,0.089,0.26,0.264,0.282,0.271,0.232,0.248,0.241,0.179,0.24,0.212,0.089,0.091,1.175,1.23,0.088,1.205,1.201,1.05,1.252,1.117,0.746,1.292,0.09,0.089,1.19,1.214,1.087,1.207,1.224,1.001,1.244,1.2,1.191,1.194,0.092,0.089,1.252,1.228,1.226,1.282,1.21,1.252,1.232,0.942,1.173,1.316,0.089,0.088,0.087,0.092,0.983,0.089,0.089,0.088,0.094,0.086,0.088,0.089,0.087
,11:14:16,38,0.09,0.088,0.088,0.088,0.089,0.087,0.088,0.09,0.087,0.087,0.088,0.089,0.088,0.228,0.229,0.08,0.244,0.279,0.205,0.267,0.198,0.188,0.22,0.088,0.089,0.245,0.28,0.243,0.234,0.112,0.134,0.15,0.256,0.22,0.215,0.088,0.089,0.261,0.264,0.283,0.272,0.232,0.249,0.24,0.179,0.243,0.213,0.089,0.091,1.179,1.23,0.088,1.204,1.202,1.049,1.253,1.116,0.743,1.291,0.09,0.089,1.192,1.215,1.084,1.206,1.225,1,1.245,1.199,1.192,1.196,0.092,0.089,1.252,1.228,1.227,1.284,1.209,1.253,1.234,0.944,1.174,1.317,0.089,0.088,0.087,0.092,0.992,0.089,0.089,0.088,0.094,0.086,0.088,0.089,0.087
,11:19:16,38.1,0.09,0.088,0.088,0.087,0.088,0.087,0.088,0.089,0.087,0.087,0.088,0.088,0.088,0.23,0.229,0.08,0.244,0.279,0.206,0.268,0.199,0.188,0.22,0.088,0.089,0.246,0.282,0.243,0.234,0.112,0.135,0.151,0.257,0.221,0.217,0.088,0.089,0.262,0.264,0.283,0.273,0.232,0.249,0.241,0.18,0.245,0.214,0.089,0.091,1.183,1.231,0.088,1.205,1.203,1.048,1.253,1.115,0.74,1.291,0.09,0.089,1.194,1.216,1.082,1.206,1.227,1.001,1.246,1.197,1.193,1.198,0.092,0.089,1.253,1.228,1.227,1.284,1.207,1.254,1.235,0.943,1.173,1.318,0.089,0.088,0.087,0.092,1.001,0.089,0.089,0.088,0.094,0.086,0.088,0.088,0.087
,11:24:16,38,0.09,0.088,0.088,0.088,0.088,0.087,0.087,0.089,0.087,0.088,0.088,0.089,0.088,0.232,0.229,0.08,0.244,0.28,0.206,0.27,0.199,0.189,0.222,0.088,0.089,0.246,0.283,0.244,0.234,0.113,0.137,0.152,0.258,0.221,0.218,0.088,0.089,0.263,0.265,0.284,0.273,0.233,0.251,0.242,0.18,0.248,0.217,0.089,0.091,1.187,1.231,0.088,1.205,1.204,1.048,1.253,1.115,0.737,1.29,0.09,0.089,1.194,1.216,1.079,1.204,1.231,1,1.246,1.197,1.194,1.199,0.092,0.089,1.253,1.228,1.228,1.284,1.206,1.255,1.236,0.942,1.174,1.318,0.089,0.088,0.087,0.092,1.009,0.089,0.089,0.088,0.094,0.086,0.088,0.088,0.087
,11:29:16,38,0.09,0.088,0.088,0.087,0.089,0.087,0.088,0.09,0.087,0.088,0.088,0.089,0.088,0.234,0.23,0.08,0.244,0.28,0.206,0.271,0.199,0.19,0.223,0.088,0.089,0.248,0.284,0.244,0.235,0.113,0.139,0.154,0.259,0.222,0.218,0.088,0.089,0.264,0.266,0.285,0.274,0.233,0.251,0.242,0.18,0.251,0.215,0.089,0.091,1.192,1.231,0.088,1.204,1.206,1.047,1.254,1.113,0.736,1.29,0.09,0.089,1.196,1.217,1.077,1.204,1.23,1.002,1.247,1.196,1.195,1.202,0.092,0.089,1.253,1.229,1.229,1.284,1.204,1.255,1.237,0.939,1.175,1.319,0.089,0.088,0.087,0.092,1.018,0.089,0.089,0.088,0.094,0.086,0.088,0.089,0.087
,11:34:16,38,0.09,0.088,0.088,0.088,0.089,0.087,0.088,0.09,0.087,0.088,0.088,0.089,0.088,0.236,0.23,0.08,0.245,0.282,0.207,0.272,0.201,0.191,0.223,0.088,0.089,0.25,0.285,0.245,0.235,0.113,0.14,0.155,0.26,0.223,0.218,0.088,0.089,0.265,0.266,0.286,0.275,0.233,0.253,0.244,0.181,0.254,0.217,0.089,0.091,1.197,1.23,0.089,1.202,1.207,1.046,1.254,1.112,0.733,1.29,0.09,0.089,1.198,1.216,1.074,1.201,1.227,1.001,1.247,1.194,1.199,1.203,0.092,0.089,1.252,1.227,1.228,1.285,1.203,1.256,1.239,0.939,1.176,1.319,0.089,0.088,0.088,0.092,1.026,0.089,0.089,0.089,0.094,0.086,0.088,0.089,0.087
,11:39:16,38.1,0.09,0.088,0.088,0.087,0.089,0.087,0.087,0.09,0.087,0.088,0.088,0.089,0.088,0.239,0.231,0.08,0.245,0.283,0.208,0.273,0.2,0.192,0.223,0.088,0.089,0.251,0.287,0.245,0.235,0.114,0.142,0.156,0.261,0.224,0.221,0.088,0.089,0.267,0.266,0.286,0.276,0.233,0.253,0.245,0.181,0.257,0.22,0.089,0.091,1.203,1.231,0.088,1.204,1.209,1.045,1.254,1.111,0.731,1.29,0.09,0.089,1.2,1.216,1.072,1.2,1.227,1.001,1.247,1.194,1.201,1.205,0.092,0.089,1.252,1.228,1.229,1.286,1.201,1.256,1.241,0.939,1.176,1.319,0.089,0.088,0.087,0.092,1.034,0.089,0.089,0.088,0.094,0.086,0.088,0.089,0.087
,11:44:16,38,0.09,0.088,0.088,0.087,0.089,0.087,0.087,0.089,0.087,0.087,0.088,0.089,0.088,0.241,0.23,0.08,0.245,0.284,0.208,0.274,0.201,0.193,0.223,0.088,0.089,0.253,0.289,0.246,0.236,0.114,0.144,0.157,0.262,0.225,0.222,0.088,0.089,0.267,0.267,0.286,0.276,0.234,0.254,0.246,0.181,0.259,0.22,0.089,0.091,1.207,1.229,0.089,1.201,1.209,1.044,1.254,1.11,0.726,1.289,0.09,0.089,1.201,1.214,1.068,1.198,1.223,1,1.246,1.191,1.202,1.207,0.092,0.089,1.25,1.225,1.228,1.285,1.199,1.255,1.243,0.936,1.176,1.319,0.089,0.088,0.087,0.092,1.04,0.089,0.089,0.088,0.094,0.086,0.088,0.089,0.087
,11:49:16,38,0.09,0.088,0.088,0.087,0.088,0.087,0.088,0.09,0.087,0.087,0.088,0.089,0.088,0.243,0.231,0.08,0.246,0.284,0.208,0.275,0.201,0.193,0.224,0.088,0.089,0.253,0.289,0.245,0.236,0.115,0.146,0.159,0.263,0.225,0.222,0.088,0.089,0.268,0.267,0.287,0.28,0.233,0.255,0.246,0.181,0.263,0.221,0.089,0.091,1.212,1.231,0.088,1.203,1.211,1.042,1.256,1.109,0.723,1.288,0.09,0.089,1.204,1.214,1.067,1.198,1.225,1.002,1.246,1.191,1.203,1.21,0.092,0.089,1.252,1.226,1.229,1.286,1.197,1.256,1.245,0.939,1.176,1.32,0.089,0.088,0.087,0.092,1.048,0.089,0.089,0.088,0.094,0.086,0.088,0.089,0.087
,11:54:16,38,0.09,0.088,0.088,0.087,0.089,0.087,0.088,0.09,0.087,0.088,0.088,0.089,0.088,0.246,0.231,0.08,0.246,0.285,0.208,0.276,0.201,0.194,0.224,0.088,0.089,0.254,0.291,0.245,0.237,0.116,0.148,0.16,0.264,0.226,0.222,0.088,0.089,0.268,0.268,0.288,0.278,0.234,0.256,0.247,0.182,0.266,0.221,0.088,0.091,1.214,1.23,0.088,1.203,1.211,1.042,1.256,1.109,0.721,1.288,0.09,0.089,1.206,1.214,1.064,1.197,1.222,1.002,1.246,1.189,1.203,1.212,0.092,0.089,1.251,1.225,1.229,1.287,1.196,1.256,1.246,0.939,1.176,1.32,0.089,0.088,0.087,0.092,1.056,0.089,0.089,0.088,0.094,0.086,0.088,0.088,0.087
,11:59:16,38,0.09,0.088,0.088,0.087,0.089,0.087,0.087,0.089,0.087,0.087,0.088,0.089,0.088,0.248,0.231,0.08,0.246,0.285,0.21,0.277,0.201,0.195,0.225,0.088,0.089,0.256,0.291,0.246,0.237,0.116,0.149,0.161,0.265,0.227,0.224,0.088,0.089,0.27,0.268,0.289,0.279,0.234,0.257,0.248,0.181,0.268,0.223,0.089,0.091,1.215,1.229,0.088,1.202,1.21,1.04,1.256,1.107,0.718,1.287,0.09,0.089,1.207,1.212,1.062,1.195,1.222,1.002,1.245,1.188,1.202,1.214,0.092,0.089,1.25,1.224,1.229,1.286,1.194,1.256,1.247,0.936,1.175,1.319,0.089,0.088,0.087,0.092,1.064,0.089,0.089,0.088,0.094,0.086,0.088,0.088,0.087
,12:04:16,38,0.09,0.088,0.088,0.087,0.088,0.087,0.088,0.09,0.087,0.087,0.088,0.089,0.088,0.251,0.231,0.08,0.246,0.287,0.209,0.278,0.202,0.195,0.225,0.088,0.089,0.256,0.293,0.246,0.237,0.117,0.151,0.162,0.266,0.228,0.224,0.088,0.089,0.271,0.268,0.289,0.28,0.235,0.257,0.249,0.182,0.271,0.223,0.089,0.091,1.217,1.229,0.088,1.201,1.21,1.04,1.256,1.106,0.716,1.286,0.09,0.089,1.208,1.211,1.059,1.194,1.22,1.001,1.244,1.187,1.201,1.216,0.092,0.089,1.249,1.223,1.229,1.286,1.193,1.256,1.248,0.935,1.175,1.318,0.089,0.088,0.087,0.092,1.074,0.089,0.089,0.088,0.095,0.086,0.088,0.089,0.087
,12:09:16,38,0.09,0.088,0.088,0.087,0.088,0.087,0.087,0.089,0.087,0.088,0.088,0.089,0.088,0.254,0.232,0.08,0.246,0.286,0.209,0.279,0.202,0.196,0.226,0.088,0.089,0.259,0.294,0.246,0.237,0.117,0.153,0.163,0.267,0.228,0.224,0.088,0.089,0.272,0.269,0.289,0.281,0.234,0.258,0.249,0.182,0.275,0.223,0.089,0.091,1.217,1.228,0.089,1.201,1.209,1.038,1.256,1.105,0.712,1.286,0.09,0.089,1.21,1.211,1.056,1.194,1.219,1.001,1.243,1.185,1.199,1.218,0.092,0.089,1.248,1.222,1.229,1.285,1.191,1.255,1.248,0.936,1.175,1.317,0.089,0.088,0.087,0.092,1.081,0.089,0.089,0.088,0.094,0.086,0.088,0.089,0.087
,12:14:16,38,0.09,0.088,0.088,0.087,0.088,0.087,0.087,0.089,0.087,0.087,0.088,0.088,0.088,0.255,0.233,0.08,0.247,0.288,0.21,0.281,0.202,0.196,0.226,0.088,0.089,0.259,0.295,0.247,0.237,0.118,0.155,0.164,0.267,0.229,0.225,0.088,0.089,0.272,0.269,0.29,0.281,0.235,0.259,0.25,0.182,0.278,0.225,0.089,0.091,1.218,1.226,0.088,1.199,1.208,1.037,1.256,1.104,0.708,1.284,0.09,0.089,1.213,1.209,1.054,1.191,1.214,1,1.241,1.184,1.198,1.219,0.092,0.089,1.246,1.22,1.229,1.285,1.188,1.255,1.249,0.935,1.173,1.317,0.089,0.087,0.087,0.092,1.088,0.089,0.089,0.088,0.094,0.086,0.088,0.089,0.087
,12:19:16,38,0.09,0.088,0.088,0.087,0.089,0.087,0.087,0.089,0.087,0.088,0.088,0.089,0.088,0.259,0.232,0.08,0.247,0.288,0.21,0.282,0.202,0.197,0.227,0.088,0.089,0.261,0.296,0.247,0.238,0.119,0.158,0.165,0.268,0.23,0.226,0.088,0.089,0.273,0.269,0.291,0.282,0.235,0.259,0.252,0.182,0.281,0.225,0.089,0.091,1.218,1.227,0.088,1.199,1.208,1.036,1.257,1.104,0.707,1.283,0.09,0.089,1.216,1.208,1.052,1.19,1.217,1,1.241,1.183,1.196,1.22,0.092,0.089,1.246,1.219,1.229,1.285,1.187,1.255,1.248,0.934,1.173,1.317,0.089,0.088,0.087,0.092,1.096,0.089,0.089,0.088,0.094,0.086,0.088,0.089,0.087
,12:24:16,38,0.09,0.088,0.088,0.087,0.088,0.087,0.087,0.089,0.087,0.087,0.088,0.088,0.088,0.261,0.232,0.08,0.247,0.29,0.21,0.282,0.202,0.198,0.227,0.088,0.088,0.261,0.297,0.247,0.238,0.119,0.159,0.166,0.269,0.23,0.225,0.088,0.089,0.274,0.27,0.291,0.283,0.235,0.26,0.252,0.182,0.284,0.225,0.088,0.091,1.217,1.226,0.088,1.198,1.206,1.034,1.257,1.102,0.705,1.282,0.09,0.089,1.219,1.207,1.049,1.189,1.213,0.999,1.239,1.181,1.194,1.221,0.092,0.089,1.245,1.218,1.229,1.284,1.185,1.254,1.248,0.935,1.172,1.317,0.089,0.087,0.087,0.092,1.103,0.089,0.089,0.088,0.094,0.086,0.088,0.088,0.087
,12:29:16,38,0.09,0.088,0.088,0.087,0.088,0.087,0.087,0.089,0.087,0.087,0.088,0.088,0.088,0.264,0.233,0.08,0.247,0.29,0.211,0.283,0.203,0.199,0.227,0.088,0.089,0.263,0.298,0.248,0.238,0.12,0.161,0.167,0.27,0.231,0.226,0.088,0.089,0.275,0.27,0.291,0.284,0.236,0.26,0.253,0.182,0.287,0.226,0.088,0.091,1.217,1.225,0.088,1.198,1.205,1.033,1.257,1.101,0.702,1.282,0.09,0.089,1.221,1.206,1.047,1.188,1.212,0.998,1.238,1.181,1.193,1.222,0.092,0.089,1.244,1.217,1.228,1.283,1.183,1.253,1.248,0.935,1.171,1.317,0.089,0.088,0.087,0.092,1.109,0.089,0.089,0.088,0.094,0.086,0.088,0.089,0.087
,12:34:16,38,0.09,0.088,0.088,0.087,0.088,0.087,0.087,0.089,0.087,0.087,0.088,0.089,0.088,0.267,0.233,0.08,0.247,0.29,0.212,0.285,0.203,0.199,0.228,0.088,0.089,0.263,0.3,0.248,0.239,0.121,0.163,0.169,0.271,0.231,0.227,0.088,0.089,0.276,0.27,0.292,0.284,0.236,0.261,0.253,0.182,0.29,0.227,0.089,0.091,1.216,1.224,0.088,1.197,1.204,1.031,1.257,1.101,0.7,1.281,0.09,0.089,1.222,1.205,1.044,1.187,1.212,0.998,1.237,1.179,1.191,1.223,0.092,0.089,1.243,1.216,1.228,1.283,1.181,1.252,1.247,0.935,1.17,1.316,0.089,0.087,0.087,0.092,1.116,0.089,0.089,0.088,0.094,0.086,0.088,0.089,0.086
,12:39:16,38.1,0.09,0.088,0.088,0.087,0.089,0.087,0.088,0.09,0.087,0.088,0.088,0.089,0.088,0.27,0.234,0.08,0.248,0.292,0.213,0.286,0.203,0.2,0.229,0.088,0.089,0.265,0.301,0.249,0.239,0.121,0.165,0.17,0.272,0.233,0.228,0.088,0.089,0.277,0.271,0.293,0.285,0.236,0.262,0.254,0.182,0.293,0.228,0.089,0.092,1.216,1.223,0.088,1.196,1.203,1.03,1.257,1.099,0.696,1.28,0.09,0.089,1.222,1.203,1.042,1.185,1.208,0.997,1.236,1.177,1.189,1.223,0.092,0.089,1.241,1.214,1.227,1.282,1.18,1.252,1.246,0.94,1.168,1.316,0.089,0.088,0.087,0.092,1.121,0.089,0.089,0.088,0.095,0.086,0.088,0.089,0.087
,12:44:16,38,0.09,0.088,0.088,0.087,0.089,0.087,0.088,0.09,0.087,0.087,0.088,0.089,0.088,0.273,0.234,0.08,0.248,0.292,0.212,0.287,0.204,0.2,0.229,0.088,0.089,0.266,0.302,0.248,0.24,0.122,0.167,0.17,0.273,0.233,0.229,0.088,0.089,0.278,0.272,0.293,0.287,0.237,0.262,0.255,0.183,0.296,0.229,0.089,0.091,1.215,1.223,0.088,1.196,1.202,1.027,1.257,1.098,0.694,1.279,0.09,0.089,1.223,1.203,1.04,1.184,1.208,0.997,1.235,1.176,1.188,1.224,0.092,0.089,1.241,1.214,1.227,1.282,1.178,1.25,1.246,0.939,1.168,1.316,0.089,0.088,0.087,0.092,1.126,0.089,0.089,0.088,0.094,0.086,0.088,0.089,0.087
,12:49:16,38.1,0.09,0.088,0.088,0.087,0.089,0.087,0.088,0.089,0.087,0.087,0.088,0.088,0.088,0.276,0.234,0.08,0.248,0.292,0.213,0.288,0.204,0.201,0.229,0.088,0.089,0.267,0.304,0.249,0.24,0.123,0.169,0.171,0.273,0.234,0.23,0.088,0.089,0.278,0.272,0.294,0.286,0.236,0.263,0.256,0.183,0.3,0.229,0.089,0.091,1.214,1.221,0.088,1.194,1.2,1.025,1.257,1.098,0.692,1.278,0.09,0.089,1.222,1.201,1.036,1.182,1.207,0.996,1.233,1.175,1.186,1.225,0.092,0.089,1.24,1.212,1.226,1.28,1.176,1.249,1.245,0.94,1.166,1.315,0.089,0.088,0.087,0.092,1.131,0.089,0.089,0.088,0.094,0.086,0.088,0.089,0.087
,12:54:16,38,0.09,0.088,0.088,0.087,0.088,0.087,0.087,0.089,0.087,0.087,0.088,0.089,0.088,0.28,0.234,0.08,0.248,0.292,0.212,0.288,0.204,0.201,0.229,0.088,0.089,0.268,0.304,0.249,0.24,0.123,0.171,0.172,0.274,0.234,0.23,0.088,0.089,0.278,0.272,0.293,0.287,0.237,0.263,0.256,0.183,0.302,0.23,0.088,0.091,1.214,1.222,0.088,1.194,1.199,1.023,1.256,1.096,0.69,1.277,0.09,0.089,1.222,1.2,1.034,1.181,1.206,0.996,1.232,1.174,1.185,1.225,0.092,0.089,1.239,1.212,1.225,1.28,1.174,1.248,1.244,0.939,1.163,1.314,0.089,0.087,0.087,0.092,1.137,0.089,0.089,0.088,0.094,0.086,0.088,0.088,0.086
,12:59:16,38,0.09,0.088,0.088,0.088,0.089,0.087,0.087,0.09,0.087,0.088,0.088,0.089,0.088,0.283,0.235,0.08,0.248,0.293,0.213,0.29,0.204,0.202,0.23,0.088,0.089,0.269,0.305,0.249,0.24,0.124,0.173,0.173,0.275,0.235,0.23,0.088,0.089,0.28,0.272,0.295,0.289,0.237,0.263,0.257,0.183,0.306,0.231,0.089,0.091,1.214,1.221,0.089,1.194,1.198,1.021,1.256,1.095,0.687,1.276,0.09,0.089,1.222,1.2,1.033,1.181,1.205,0.997,1.231,1.173,1.183,1.226,0.092,0.089,1.239,1.21,1.225,1.28,1.173,1.247,1.243,0.938,1.162,1.314,0.089,0.088,0.087,0.092,1.141,0.089,0.089,0.088,0.094,0.086,0.088,0.089,0.087
,13:04:16,38,0.09,0.088,0.088,0.087,0.088,0.087,0.087,0.089,0.087,0.087,0.088,0.088,0.088,0.287,0.235,0.08,0.248,0.294,0.214,0.291,0.204,0.202,0.23,0.088,0.089,0.269,0.306,0.25,0.24,0.125,0.174,0.177,0.275,0.236,0.231,0.088,0.089,0.28,0.273,0.295,0.289,0.237,0.264,0.257,0.184,0.309,0.232,0.088,0.091,1.213,1.22,0.088,1.192,1.196,1.019,1.256,1.094,0.685,1.275,0.09,0.089,1.221,1.198,1.03,1.179,1.204,0.996,1.23,1.171,1.182,1.226,0.092,0.089,1.237,1.209,1.224,1.279,1.171,1.247,1.243,0.939,1.16,1.315,0.089,0.087,0.087,0.092,1.146,0.089,0.089,0.088,0.094,0.086,0.088,0.089,0.086
,13:09:16,38,0.09,0.088,0.088,0.087,0.088,0.087,0.088,0.089,0.087,0.087,0.088,0.088,0.088,0.29,0.235,0.08,0.249,0.295,0.214,0.292,0.204,0.203,0.231,0.088,0.089,0.271,0.307,0.25,0.241,0.126,0.176,0.176,0.277,0.237,0.232,0.088,0.089,0.282,0.273,0.295,0.29,0.237,0.264,0.258,0.183,0.312,0.232,0.089,0.091,1.212,1.22,0.09,1.193,1.196,1.017,1.256,1.093,0.683,1.275,0.09,0.089,1.221,1.198,1.028,1.178,1.203,0.996,1.229,1.17,1.181,1.227,0.092,0.089,1.237,1.208,1.224,1.279,1.169,1.245,1.242,0.939,1.16,1.314,0.089,0.088,0.087,0.092,1.15,0.089,0.089,0.088,0.095,0.086,0.088,0.089,0.087
,13:14:16,38.1,0.09,0.088,0.088,0.087,0.088,0.087,0.087,0.089,0.087,0.087,0.088,0.088,0.088,0.293,0.235,0.08,0.249,0.294,0.214,0.292,0.204,0.203,0.231,0.088,0.089,0.272,0.308,0.249,0.241,0.126,0.178,0.177,0.277,0.236,0.232,0.088,0.089,0.283,0.273,0.295,0.291,0.238,0.265,0.259,0.184,0.315,0.233,0.089,0.091,1.211,1.22,0.092,1.192,1.195,1.015,1.255,1.092,0.681,1.274,0.09,0.089,1.22,1.197,1.025,1.177,1.201,0.997,1.228,1.168,1.179,1.227,0.092,0.089,1.237,1.208,1.223,1.278,1.167,1.244,1.241,0.939,1.158,1.313,0.089,0.087,0.087,0.092,1.155,0.089,0.089,0.088,0.095,0.086,0.088,0.088,0.087
,13:19:16,38.1,0.09,0.088,0.088,0.087,0.089,0.087,0.088,0.089,0.087,0.088,0.088,0.089,0.088,0.297,0.235,0.08,0.249,0.295,0.213,0.293,0.205,0.204,0.231,0.088,0.089,0.273,0.309,0.249,0.242,0.127,0.18,0.176,0.278,0.237,0.232,0.088,0.089,0.285,0.274,0.296,0.291,0.237,0.265,0.259,0.184,0.319,0.234,0.089,0.091,1.21,1.22,0.089,1.191,1.194,1.014,1.254,1.091,0.68,1.273,0.09,0.089,1.22,1.196,1.024,1.176,1.202,0.997,1.227,1.167,1.177,1.228,0.092,0.089,1.236,1.206,1.223,1.277,1.166,1.243,1.239,0.938,1.156,1.313,0.089,0.088,0.087,0.092,1.159,0.089,0.089,0.088,0.094,0.086,0.088,0.089,0.087
,13:24:16,38,0.09,0.088,0.088,0.088,0.089,0.087,0.088,0.089,0.087,0.088,0.088,0.089,0.088,0.3,0.236,0.08,0.249,0.296,0.215,0.295,0.205,0.206,0.232,0.088,0.089,0.274,0.31,0.251,0.242,0.128,0.182,0.182,0.279,0.238,0.233,0.088,0.089,0.286,0.274,0.296,0.293,0.238,0.266,0.261,0.185,0.321,0.235,0.089,0.091,1.209,1.219,0.088,1.191,1.193,1.011,1.253,1.091,0.677,1.272,0.09,0.089,1.219,1.195,1.02,1.175,1.2,0.996,1.226,1.166,1.176,1.229,0.092,0.089,1.235,1.206,1.222,1.276,1.164,1.241,1.237,0.935,1.154,1.312,0.089,0.088,0.088,0.092,1.165,0.089,0.089,0.088,0.095,0.086,0.088,0.089,0.087
,13:29:16,38.1,0.09,0.088,0.088,0.087,0.089,0.087,0.087,0.09,0.087,0.088,0.088,0.088,0.088,0.304,0.236,0.08,0.249,0.296,0.215,0.295,0.205,0.206,0.232,0.088,0.089,0.276,0.311,0.251,0.242,0.129,0.183,0.181,0.279,0.239,0.234,0.088,0.089,0.287,0.274,0.297,0.294,0.238,0.266,0.263,0.185,0.324,0.236,0.089,0.091,1.208,1.218,0.088,1.19,1.191,1.009,1.253,1.09,0.673,1.271,0.09,0.089,1.218,1.193,1.018,1.174,1.195,0.996,1.224,1.165,1.175,1.231,0.092,0.089,1.233,1.204,1.221,1.275,1.162,1.24,1.236,0.934,1.152,1.311,0.089,0.088,0.087,0.092,1.17,0.089,0.089,0.088,0.095,0.086,0.088,0.089,0.087
,13:34:16,38,0.09,0.088,0.088,0.087,0.088,0.087,0.087,0.089,0.087,0.087,0.088,0.088,0.088,0.307,0.237,0.08,0.25,0.296,0.215,0.296,0.205,0.206,0.232,0.088,0.089,0.276,0.313,0.251,0.242,0.129,0.185,0.185,0.28,0.239,0.234,0.088,0.089,0.287,0.275,0.297,0.294,0.238,0.266,0.263,0.185,0.322,0.237,0.089,0.091,1.208,1.218,0.089,1.19,1.19,1.008,1.252,1.088,0.673,1.27,0.09,0.089,1.217,1.192,1.016,1.173,1.198,0.996,1.224,1.164,1.173,1.233,0.092,0.089,1.233,1.203,1.22,1.274,1.16,1.239,1.235,0.933,1.15,1.31,0.089,0.088,0.087,0.092,1.174,0.089,0.089,0.088,0.094,0.086,0.088,0.089,0.087
,13:39:16,38,0.09,0.088,0.088,0.088,0.089,0.087,0.088,0.09,0.087,0.087,0.088,0.089,0.088,0.311,0.237,0.08,0.25,0.298,0.216,0.297,0.205,0.208,0.233,0.088,0.089,0.277,0.313,0.252,0.243,0.13,0.187,0.184,0.281,0.24,0.235,0.088,0.089,0.287,0.275,0.298,0.295,0.238,0.267,0.263,0.185,0.321,0.237,0.089,0.091,1.206,1.217,0.09,1.189,1.19,1.005,1.252,1.088,0.67,1.27,0.09,0.089,1.216,1.191,1.014,1.172,1.194,0.995,1.222,1.163,1.172,1.235,0.092,0.089,1.232,1.202,1.219,1.274,1.158,1.238,1.234,0.936,1.149,1.311,0.089,0.088,0.088,0.092,1.178,0.089,0.089,0.088,0.094,0.086,0.088,0.089,0.087
,13:44:16,38,0.09,0.088,0.088,0.087,0.088,0.087,0.087,0.089,0.087,0.088,0.088,0.089,0.088,0.315,0.237,0.08,0.25,0.297,0.216,0.298,0.206,0.208,0.233,0.088,0.089,0.278,0.314,0.252,0.243,0.131,0.189,0.184,0.281,0.24,0.235,0.088,0.089,0.287,0.275,0.298,0.296,0.238,0.267,0.263,0.185,0.32,0.238,0.089,0.091,1.206,1.216,0.09,1.188,1.189,1.004,1.252,1.087,0.669,1.269,0.09,0.089,1.214,1.19,1.012,1.171,1.195,0.996,1.221,1.162,1.171,1.237,0.092,0.089,1.231,1.201,1.218,1.274,1.157,1.237,1.233,0.934,1.147,1.31,0.089,0.088,0.088,0.092,1.181,0.089,0.089,0.088,0.094,0.086,0.088,0.089,0.087
,13:49:16,38.1,0.09,0.088,0.088,0.087,0.089,0.087,0.088,0.089,0.087,0.087,0.088,0.088,0.088,0.319,0.237,0.08,0.25,0.298,0.217,0.3,0.205,0.209,0.233,0.088,0.089,0.279,0.316,0.252,0.243,0.132,0.19,0.188,0.282,0.24,0.235,0.088,0.089,0.288,0.276,0.298,0.297,0.238,0.267,0.264,0.185,0.319,0.239,0.088,0.091,1.205,1.216,0.089,1.187,1.187,1.002,1.252,1.086,0.667,1.268,0.09,0.089,1.214,1.188,1.01,1.17,1.194,0.996,1.22,1.16,1.169,1.236,0.092,0.089,1.23,1.2,1.218,1.273,1.155,1.235,1.232,0.932,1.146,1.309,0.089,0.088,0.087,0.092,1.184,0.089,0.089,0.088,0.095,0.086,0.088,0.088,0.087
,13:54:16,38,0.09,0.088,0.088,0.087,0.088,0.087,0.088,0.089,0.087,0.087,0.088,0.089,0.088,0.322,0.237,0.08,0.251,0.299,0.217,0.3,0.206,0.21,0.233,0.088,0.089,0.28,0.316,0.253,0.243,0.132,0.192,0.185,0.283,0.242,0.236,0.088,0.089,0.289,0.276,0.299,0.297,0.239,0.268,0.265,0.185,0.317,0.24,0.089,0.091,1.204,1.214,0.088,1.186,1.186,1,1.251,1.085,0.663,1.267,0.09,0.089,1.212,1.187,1.006,1.169,1.19,0.995,1.218,1.158,1.168,1.235,0.092,0.089,1.229,1.198,1.216,1.272,1.153,1.234,1.231,0.931,1.144,1.309,0.089,0.088,0.087,0.092,1.186,0.089,0.089,0.088,0.095,0.086,0.088,0.089,0.087
,13:59:16,38,0.09,0.088,0.089,0.088,0.089,0.087,0.088,0.09,0.087,0.088,0.088,0.089,0.088,0.327,0.238,0.08,0.251,0.299,0.217,0.301,0.206,0.21,0.234,0.088,0.089,0.281,0.317,0.252,0.244,0.133,0.193,0.187,0.283,0.242,0.237,0.088,0.089,0.29,0.276,0.299,0.3,0.239,0.268,0.266,0.185,0.316,0.241,0.089,0.091,1.203,1.215,0.088,1.186,1.185,0.997,1.251,1.084,0.66,1.266,0.09,0.089,1.212,1.187,1.005,1.168,1.189,0.997,1.219,1.158,1.167,1.234,0.092,0.089,1.229,1.198,1.216,1.272,1.152,1.234,1.23,0.932,1.142,1.309,0.089,0.088,0.088,0.092,1.19,0.089,0.089,0.088,0.095,0.086,0.088,0.089,0.087
,14:04:16,38,0.09,0.088,0.088,0.087,0.089,0.087,0.087,0.089,0.087,0.087,0.088,0.089,0.088,0.331,0.238,0.08,0.251,0.299,0.218,0.302,0.206,0.211,0.234,0.088,0.089,0.282,0.319,0.253,0.244,0.134,0.195,0.191,0.284,0.243,0.237,0.088,0.089,0.291,0.276,0.299,0.299,0.239,0.268,0.266,0.186,0.314,0.242,0.089,0.091,1.202,1.215,0.088,1.186,1.184,0.996,1.25,1.083,0.659,1.265,0.09,0.089,1.211,1.186,1.003,1.168,1.19,0.998,1.217,1.157,1.166,1.233,0.092,0.089,1.229,1.197,1.216,1.272,1.15,1.232,1.228,0.931,1.141,1.308,0.089,0.088,0.088,0.092,1.192,0.089,0.089,0.088,0.094,0.086,0.088,0.089,0.087
,14:09:16,38.1,0.09,0.088,0.088,0.087,0.089,0.087,0.088,0.09,0.087,0.088,0.088,0.089,0.088,0.335,0.238,0.08,0.251,0.3,0.218,0.303,0.206,0.211,0.234,0.088,0.089,0.283,0.319,0.253,0.244,0.135,0.196,0.191,0.285,0.244,0.237,0.088,0.089,0.291,0.277,0.3,0.3,0.239,0.269,0.266,0.186,0.313,0.242,0.089,0.091,1.201,1.214,0.088,1.185,1.183,0.994,1.249,1.082,0.656,1.265,0.09,0.089,1.209,1.184,1,1.166,1.188,0.997,1.216,1.155,1.165,1.232,0.092,0.089,1.227,1.196,1.214,1.271,1.148,1.232,1.228,0.931,1.139,1.308,0.089,0.088,0.087,0.092,1.194,0.089,0.089,0.088,0.095,0.086,0.088,0.089,0.087
,14:14:16,38,0.09,0.088,0.088,0.087,0.088,0.087,0.088,0.09,0.087,0.087,0.088,0.089,0.088,0.339,0.238,0.08,0.251,0.3,0.218,0.304,0.206,0.212,0.234,0.088,0.089,0.284,0.32,0.254,0.245,0.135,0.198,0.189,0.285,0.244,0.238,0.088,0.089,0.292,0.277,0.3,0.301,0.24,0.269,0.267,0.186,0.311,0.243,0.089,0.091,1.201,1.214,0.088,1.184,1.182,0.992,1.25,1.081,0.654,1.264,0.09,0.089,1.208,1.184,0.998,1.166,1.184,0.996,1.215,1.154,1.164,1.23,0.092,0.089,1.226,1.195,1.214,1.27,1.146,1.231,1.227,0.931,1.138,1.308,0.089,0.088,0.087,0.092,1.196,0.089,0.089,0.088,0.094,0.086,0.088,0.089,0.087
,14:19:16,38,0.09,0.088,0.088,0.087,0.089,0.087,0.088,0.09,0.087,0.087,0.088,0.089,0.088,0.343,0.238,0.08,0.252,0.299,0.218,0.305,0.206,0.212,0.234,0.088,0.089,0.285,0.321,0.253,0.245,0.137,0.199,0.188,0.286,0.245,0.238,0.088,0.089,0.294,0.277,0.3,0.302,0.24,0.269,0.267,0.186,0.309,0.244,0.088,0.091,1.2,1.213,0.09,1.184,1.181,0.989,1.248,1.081,0.652,1.263,0.09,0.089,1.207,1.184,0.997,1.166,1.186,0.999,1.214,1.153,1.162,1.228,0.092,0.089,1.226,1.194,1.213,1.27,1.145,1.23,1.225,0.93,1.136,1.308,0.089,0.088,0.087,0.092,1.199,0.089,0.089,0.088,0.095,0.086,0.088,0.089,0.087
,14:24:16,38,0.09,0.088,0.088,0.087,0.088,0.087,0.087,0.089,0.087,0.087,0.088,0.089,0.088,0.348,0.239,0.08,0.252,0.3,0.219,0.306,0.206,0.214,0.235,0.088,0.089,0.286,0.322,0.254,0.245,0.137,0.2,0.191,0.286,0.246,0.239,0.088,0.089,0.295,0.278,0.301,0.302,0.24,0.269,0.268,0.186,0.309,0.245,0.088,0.091,1.198,1.213,0.088,1.183,1.178,0.988,1.248,1.079,0.65,1.262,0.09,0.089,1.206,1.182,0.994,1.164,1.183,0.999,1.213,1.151,1.161,1.226,0.092,0.089,1.224,1.193,1.212,1.269,1.143,1.229,1.224,0.93,1.134,1.308,0.089,0.088,0.087,0.092,1.2,0.089,0.089,0.088,0.094,0.086,0.088,0.089,0.087
,14:29:16,38,0.09,0.088,0.088,0.087,0.089,0.087,0.088,0.089,0.087,0.088,0.088,0.089,0.088,0.352,0.239,0.08,0.251,0.301,0.219,0.307,0.207,0.214,0.235,0.088,0.089,0.287,0.323,0.254,0.245,0.138,0.202,0.194,0.287,0.246,0.239,0.088,0.089,0.296,0.278,0.301,0.303,0.24,0.269,0.269,0.186,0.307,0.246,0.088,0.091,1.198,1.212,0.091,1.184,1.178,0.986,1.248,1.079,0.648,1.262,0.09,0.089,1.205,1.181,0.992,1.163,1.184,0.999,1.212,1.151,1.161,1.225,0.092,0.089,1.224,1.192,1.212,1.269,1.141,1.227,1.223,0.93,1.134,1.307,0.089,0.088,0.087,0.092,1.203,0.089,0.089,0.088,0.095,0.086,0.088,0.089,0.086
,14:34:16,38,0.09,0.088,0.088,0.087,0.089,0.087,0.087,0.09,0.087,0.087,0.088,0.089,0.088,0.356,0.239,0.08,0.252,0.3,0.219,0.308,0.207,0.215,0.235,0.088,0.089,0.287,0.325,0.254,0.246,0.139,0.203,0.194,0.288,0.246,0.239,0.088,0.089,0.297,0.278,0.301,0.304,0.24,0.269,0.27,0.186,0.307,0.247,0.089,0.091,1.197,1.213,0.088,1.183,1.177,0.984,1.247,1.077,0.647,1.26,0.09,0.089,1.204,1.18,0.99,1.163,1.183,0.999,1.211,1.149,1.159,1.223,0.092,0.089,1.223,1.192,1.211,1.268,1.14,1.226,1.221,0.929,1.132,1.306,0.089,0.088,0.087,0.092,1.205,0.089,0.089,0.088,0.095,0.086,0.088,0.089,0.087
,14:39:16,38.1,0.09,0.088,0.088,0.087,0.089,0.087,0.087,0.089,0.087,0.088,0.088,0.089,0.088,0.362,0.24,0.08,0.252,0.302,0.219,0.309,0.207,0.216,0.235,0.088,0.089,0.288,0.325,0.255,0.246,0.139,0.204,0.193,0.288,0.247,0.24,0.088,0.089,0.297,0.278,0.302,0.305,0.24,0.27,0.27,0.186,0.305,0.248,0.089,0.091,1.196,1.212,0.09,1.181,1.176,0.982,1.246,1.077,0.645,1.26,0.09,0.089,1.203,1.179,0.987,1.161,1.179,0.999,1.21,1.148,1.158,1.222,0.092,0.089,1.222,1.19,1.21,1.267,1.138,1.225,1.22,0.928,1.13,1.305,0.089,0.088,0.087,0.092,1.206,0.089,0.089,0.088,0.095,0.086,0.088,0.089,0.087
,14:44:16,38.1,0.09,0.088,0.088,0.087,0.088,0.087,0.087,0.089,0.087,0.087,0.088,0.089,0.088,0.365,0.239,0.08,0.252,0.302,0.219,0.309,0.206,0.216,0.235,0.088,0.089,0.289,0.326,0.254,0.246,0.14,0.206,0.195,0.289,0.248,0.239,0.088,0.089,0.297,0.278,0.302,0.305,0.24,0.269,0.271,0.187,0.305,0.249,0.088,0.091,1.195,1.213,0.088,1.182,1.175,0.98,1.246,1.076,0.643,1.259,0.09,0.089,1.201,1.178,0.986,1.161,1.18,0.999,1.209,1.147,1.157,1.22,0.092,0.089,1.222,1.19,1.21,1.266,1.137,1.224,1.218,0.927,1.129,1.304,0.089,0.088,0.087,0.092,1.209,0.089,0.089,0.088,0.094,0.086,0.088,0.089,0.087
,14:49:16,38.1,0.09,0.088,0.088,0.087,0.089,0.087,0.087,0.09,0.087,0.087,0.088,0.089,0.088,0.369,0.241,0.08,0.253,0.302,0.22,0.311,0.207,0.217,0.235,0.088,0.089,0.29,0.327,0.255,0.246,0.141,0.207,0.196,0.289,0.248,0.24,0.088,0.089,0.298,0.279,0.302,0.306,0.24,0.27,0.272,0.186,0.303,0.249,0.088,0.091,1.194,1.212,0.088,1.181,1.174,0.978,1.245,1.076,0.641,1.259,0.09,0.089,1.2,1.177,0.983,1.16,1.178,0.998,1.208,1.146,1.156,1.218,0.092,0.089,1.22,1.188,1.209,1.265,1.135,1.222,1.216,0.925,1.127,1.304,0.089,0.088,0.087,0.092,1.211,0.089,0.089,0.088,0.095,0.086,0.088,0.089,0.087
,14:54:16,38,0.09,0.088,0.088,0.088,0.089,0.087,0.088,0.09,0.087,0.088,0.088,0.089,0.088,0.374,0.241,0.08,0.253,0.302,0.22,0.312,0.207,0.217,0.236,0.088,0.089,0.291,0.328,0.254,0.247,0.142,0.208,0.193,0.29,0.249,0.24,0.088,0.089,0.298,0.279,0.302,0.307,0.24,0.27,0.272,0.187,0.303,0.25,0.089,0.091,1.194,1.212,0.09,1.18,1.173,0.977,1.245,1.074,0.641,1.258,0.09,0.089,1.199,1.176,0.983,1.16,1.178,0.997,1.207,1.145,1.154,1.216,0.092,0.089,1.22,1.188,1.208,1.264,1.133,1.221,1.215,0.924,1.125,1.304,0.089,0.088,0.087,0.092,1.213,0.089,0.089,0.088,0.095,0.086,0.088,0.088,0.087
,14:59:16,38,0.09,0.088,0.088,0.087,0.088,0.087,0.087,0.089,0.087,0.087,0.088,0.088,0.088,0.38,0.241,0.08,0.253,0.302,0.22,0.312,0.207,0.218,0.236,0.088,0.089,0.292,0.329,0.255,0.247,0.142,0.209,0.196,0.29,0.249,0.24,0.088,0.089,0.298,0.279,0.302,0.308,0.241,0.27,0.272,0.187,0.301,0.251,0.088,0.091,1.192,1.212,0.088,1.18,1.172,0.974,1.244,1.073,0.639,1.257,0.09,0.089,1.198,1.175,0.979,1.158,1.176,0.995,1.206,1.144,1.154,1.215,0.092,0.089,1.219,1.187,1.206,1.263,1.131,1.22,1.213,0.924,1.124,1.303,0.089,0.088,0.087,0.092,1.214,0.089,0.089,0.088,0.094,0.086,0.088,0.089,0.086
,15:04:16,38,0.09,0.088,0.088,0.087,0.088,0.087,0.087,0.089,0.087,0.087,0.088,0.088,0.088,0.383,0.241,0.08,0.253,0.302,0.22,0.313,0.207,0.218,0.236,0.088,0.089,0.292,0.33,0.256,0.247,0.143,0.211,0.197,0.291,0.25,0.241,0.088,0.089,0.3,0.279,0.303,0.308,0.24,0.27,0.273,0.186,0.301,0.252,0.088,0.091,1.191,1.211,0.088,1.179,1.171,0.973,1.244,1.073,0.637,1.256,0.09,0.089,1.197,1.174,0.978,1.157,1.175,0.994,1.205,1.143,1.152,1.213,0.092,0.089,1.218,1.186,1.206,1.263,1.129,1.219,1.212,0.924,1.121,1.302,0.089,0.088,0.087,0.092,1.217,0.089,0.089,0.088,0.094,0.086,0.088,0.088,0.087
,15:09:16,38,0.09,0.088,0.088,0.087,0.088,0.087,0.087,0.089,0.087,0.087,0.088,0.089,0.088,0.389,0.241,0.08,0.253,0.303,0.22,0.314,0.207,0.219,0.237,0.088,0.089,0.293,0.33,0.256,0.247,0.143,0.212,0.196,0.292,0.251,0.241,0.088,0.089,0.299,0.28,0.304,0.309,0.241,0.271,0.273,0.186,0.299,0.253,0.089,0.091,1.19,1.211,0.088,1.179,1.17,0.971,1.243,1.071,0.635,1.255,0.09,0.089,1.196,1.173,0.975,1.157,1.173,0.992,1.204,1.142,1.152,1.212,0.092,0.089,1.218,1.186,1.205,1.262,1.128,1.218,1.211,0.923,1.12,1.301,0.089,0.087,0.087,0.092,1.218,0.089,0.089,0.088,0.094,0.086,0.088,0.089,0.086
,15:14:16,38,0.09,0.088,0.088,0.088,0.089,0.087,0.088,0.09,0.087,0.088,0.088,0.089,0.088,0.393,0.241,0.08,0.254,0.303,0.221,0.315,0.207,0.22,0.237,0.088,0.089,0.294,0.331,0.257,0.248,0.145,0.214,0.198,0.292,0.252,0.241,0.088,0.089,0.3,0.28,0.304,0.31,0.241,0.27,0.274,0.187,0.299,0.254,0.089,0.091,1.189,1.21,0.09,1.178,1.169,0.969,1.243,1.071,0.634,1.255,0.09,0.089,1.195,1.172,0.974,1.156,1.173,0.99,1.203,1.141,1.151,1.211,0.092,0.089,1.216,1.185,1.204,1.261,1.127,1.217,1.21,0.922,1.119,1.301,0.089,0.088,0.088,0.092,1.221,0.089,0.089,0.088,0.095,0.086,0.088,0.089,0.087
,15:19:16,38,0.09,0.088,0.088,0.087,0.088,0.087,0.087,0.089,0.087,0.088,0.088,0.088,0.088,0.398,0.242,0.08,0.253,0.304,0.221,0.316,0.207,0.221,0.237,0.088,0.089,0.295,0.332,0.258,0.248,0.145,0.215,0.199,0.293,0.251,0.241,0.088,0.089,0.301,0.28,0.304,0.311,0.241,0.271,0.276,0.187,0.298,0.255,0.088,0.091,1.188,1.209,0.088,1.177,1.168,0.967,1.242,1.07,0.632,1.254,0.09,0.089,1.193,1.171,0.971,1.155,1.173,0.988,1.202,1.139,1.149,1.209,0.092,0.089,1.215,1.183,1.203,1.26,1.125,1.216,1.209,0.922,1.117,1.3,0.089,0.088,0.087,0.092,1.223,0.089,0.089,0.088,0.094,0.086,0.088,0.089,0.087
,15:24:16,38,0.09,0.088,0.088,0.087,0.089,0.087,0.088,0.09,0.087,0.087,0.088,0.089,0.088,0.402,0.242,0.08,0.254,0.304,0.22,0.317,0.207,0.222,0.237,0.088,0.089,0.296,0.334,0.256,0.248,0.146,0.215,0.198,0.294,0.252,0.241,0.088,0.089,0.302,0.281,0.304,0.311,0.241,0.271,0.275,0.188,0.297,0.256,0.088,0.091,1.188,1.21,0.088,1.177,1.167,0.966,1.243,1.069,0.631,1.253,0.09,0.089,1.193,1.171,0.97,1.156,1.17,0.988,1.201,1.139,1.149,1.208,0.092,0.089,1.215,1.183,1.204,1.26,1.123,1.214,1.208,0.923,1.116,1.3,0.089,0.088,0.087,0.092,1.225,0.089,0.089,0.088,0.095,0.086,0.088,0.089,0.087
,15:29:16,38,0.09,0.088,0.088,0.087,0.088,0.087,0.088,0.089,0.087,0.088,0.088,0.089,0.088,0.407,0.242,0.08,0.254,0.304,0.221,0.318,0.207,0.222,0.238,0.088,0.089,0.296,0.334,0.256,0.248,0.146,0.216,0.199,0.294,0.253,0.242,0.088,0.089,0.304,0.281,0.304,0.312,0.241,0.271,0.276,0.187,0.297,0.257,0.088,0.091,1.187,1.21,0.091,1.176,1.166,0.964,1.241,1.068,0.628,1.252,0.09,0.089,1.192,1.17,0.968,1.157,1.171,0.987,1.2,1.137,1.148,1.206,0.092,0.089,1.214,1.182,1.203,1.259,1.122,1.214,1.207,0.922,1.114,1.299,0.089,0.088,0.087,0.092,1.226,0.089,0.089,0.088,0.094,0.086,0.088,0.089,0.087
,15:34:16,38,0.09,0.088,0.088,0.088,0.088,0.087,0.087,0.089,0.087,0.087,0.088,0.088,0.088,0.411,0.242,0.08,0.254,0.305,0.221,0.319,0.207,0.223,0.238,0.088,0.089,0.297,0.335,0.257,0.248,0.147,0.217,0.199,0.295,0.253,0.241,0.088,0.089,0.305,0.281,0.305,0.313,0.241,0.271,0.277,0.187,0.296,0.257,0.088,0.091,1.186,1.209,0.089,1.176,1.165,0.962,1.241,1.067,0.628,1.252,0.09,0.089,1.19,1.169,0.966,1.155,1.17,0.986,1.199,1.136,1.147,1.205,0.092,0.089,1.213,1.181,1.202,1.259,1.12,1.212,1.206,0.92,1.112,1.298,0.089,0.088,0.087,0.092,1.228,0.089,0.089,0.088,0.095,0.086,0.088,0.089,0.087
,15:39:16,38,0.09,0.088,0.088,0.088,0.088,0.087,0.088,0.09,0.087,0.087,0.088,0.088,0.088,0.416,0.242,0.08,0.255,0.304,0.222,0.32,0.207,0.223,0.238,0.088,0.089,0.297,0.336,0.257,0.249,0.147,0.219,0.2,0.295,0.253,0.242,0.088,0.089,0.305,0.281,0.305,0.314,0.241,0.271,0.276,0.187,0.295,0.259,0.089,0.091,1.185,1.208,0.089,1.174,1.164,0.961,1.241,1.066,0.626,1.251,0.09,0.089,1.19,1.168,0.964,1.154,1.168,0.984,1.198,1.135,1.147,1.203,0.092,0.089,1.212,1.18,1.202,1.258,1.119,1.211,1.205,0.921,1.111,1.297,0.089,0.088,0.087,0.092,1.229,0.089,0.089,0.088,0.095,0.086,0.088,0.089,0.087
,15:44:16,38.1,0.09,0.088,0.088,0.087,0.088,0.087,0.087,0.089,0.087,0.087,0.088,0.088,0.088,0.421,0.242,0.08,0.254,0.305,0.222,0.32,0.207,0.224,0.238,0.088,0.089,0.298,0.337,0.257,0.249,0.148,0.22,0.2,0.296,0.254,0.242,0.088,0.089,0.306,0.281,0.305,0.314,0.241,0.271,0.278,0.188,0.294,0.259,0.089,0.091,1.184,1.208,0.088,1.173,1.162,0.959,1.24,1.065,0.624,1.25,0.09,0.089,1.188,1.167,0.961,1.153,1.166,0.982,1.197,1.134,1.145,1.202,0.092,0.089,1.211,1.179,1.2,1.257,1.117,1.21,1.204,0.918,1.109,1.296,0.089,0.088,0.087,0.092,1.231,0.089,0.089,0.088,0.095,0.086,0.088,0.088,0.086
,15:49:16,38,0.09,0.088,0.088,0.087,0.089,0.087,0.088,0.089,0.087,0.087,0.088,0.089,0.088,0.426,0.243,0.08,0.255,0.304,0.222,0.322,0.207,0.225,0.238,0.088,0.089,0.299,0.338,0.257,0.249,0.148,0.221,0.2,0.296,0.255,0.242,0.088,0.089,0.307,0.282,0.305,0.316,0.242,0.271,0.277,0.187,0.295,0.26,0.089,0.091,1.183,1.208,0.088,1.174,1.162,0.957,1.24,1.065,0.622,1.249,0.09,0.089,1.188,1.167,0.961,1.153,1.166,0.982,1.197,1.133,1.145,1.2,0.092,0.089,1.212,1.179,1.2,1.257,1.115,1.209,1.203,0.919,1.107,1.296,0.089,0.088,0.087,0.092,1.233,0.089,0.089,0.088,0.095,0.086,0.088,0.089,0.087
,15:54:16,38,0.09,0.088,0.088,0.087,0.089,0.087,0.088,0.09,0.087,0.088,0.088,0.089,0.088,0.431,0.243,0.08,0.255,0.304,0.223,0.323,0.208,0.226,0.239,0.088,0.089,0.3,0.339,0.258,0.249,0.149,0.222,0.202,0.297,0.255,0.242,0.088,0.089,0.307,0.282,0.306,0.316,0.242,0.271,0.279,0.188,0.294,0.261,0.089,0.091,1.182,1.207,0.088,1.174,1.161,0.956,1.239,1.065,0.623,1.248,0.09,0.089,1.187,1.166,0.959,1.153,1.168,0.98,1.197,1.132,1.144,1.199,0.092,0.089,1.21,1.178,1.199,1.256,1.114,1.208,1.201,0.918,1.106,1.296,0.089,0.088,0.087,0.092,1.235,0.089,0.089,0.088,0.095,0.086,0.088,0.089,0.087
,15:59:16,38,0.09,0.088,0.088,0.087,0.088,0.087,0.087,0.089,0.087,0.088,0.088,0.089,0.088,0.435,0.243,0.08,0.255,0.305,0.223,0.323,0.208,0.226,0.239,0.088,0.089,0.3,0.34,0.259,0.25,0.149,0.223,0.202,0.297,0.255,0.242,0.088,0.089,0.307,0.282,0.306,0.317,0.242,0.271,0.278,0.188,0.293,0.263,0.088,0.091,1.181,1.206,0.089,1.173,1.16,0.954,1.238,1.064,0.621,1.248,0.09,0.089,1.186,1.165,0.956,1.151,1.165,0.979,1.196,1.131,1.143,1.198,0.092,0.089,1.21,1.177,1.198,1.256,1.112,1.207,1.2,0.917,1.104,1.295,0.089,0.088,0.087,0.092,1.237,0.089,0.089,0.088,0.094,0.086,0.088,0.089,0.087
,16:04:16,38,0.09,0.088,0.088,0.087,0.089,0.087,0.087,0.089,0.087,0.087,0.088,0.088,0.088,0.439,0.243,0.08,0.256,0.305,0.223,0.324,0.208,0.227,0.239,0.088,0.089,0.301,0.341,0.257,0.25,0.15,0.223,0.201,0.298,0.255,0.243,0.088,0.089,0.308,0.283,0.306,0.318,0.242,0.271,0.279,0.188,0.292,0.263,0.089,0.091,1.181,1.206,0.088,1.172,1.159,0.953,1.238,1.063,0.619,1.247,0.09,0.089,1.185,1.164,0.955,1.152,1.163,0.978,1.196,1.13,1.143,1.196,0.092,0.089,1.209,1.177,1.198,1.255,1.111,1.206,1.199,0.918,1.103,1.295,0.089,0.088,0.088,0.092,1.239,0.089,0.089,0.088,0.095,0.086,0.088,0.088,0.087
,16:09:16,38,0.09,0.088,0.088,0.087,0.089,0.087,0.087,0.09,0.087,0.087,0.088,0.089,0.088,0.441,0.243,0.08,0.255,0.305,0.222,0.325,0.207,0.227,0.239,0.088,0.089,0.302,0.342,0.257,0.25,0.15,0.224,0.201,0.298,0.256,0.242,0.088,0.089,0.308,0.283,0.306,0.318,0.242,0.271,0.279,0.188,0.292,0.265,0.088,0.091,1.181,1.205,0.088,1.172,1.158,0.951,1.238,1.062,0.619,1.246,0.09,0.089,1.185,1.164,0.953,1.151,1.16,0.977,1.195,1.129,1.142,1.196,0.092,0.089,1.209,1.177,1.198,1.254,1.109,1.205,1.198,0.917,1.101,1.295,0.089,0.088,0.087,0.092,1.241,0.089,0.089,0.088,0.095,0.086,0.088,0.089,0.087
,16:14:16,38,0.09,0.088,0.088,0.087,0.089,0.087,0.088,0.089,0.087,0.087,0.088,0.089,0.088,0.441,0.244,0.08,0.256,0.306,0.224,0.326,0.207,0.227,0.24,0.088,0.089,0.302,0.343,0.259,0.25,0.151,0.225,0.202,0.299,0.256,0.243,0.088,0.089,0.309,0.283,0.307,0.32,0.242,0.272,0.28,0.188,0.291,0.266,0.089,0.091,1.179,1.205,0.088,1.171,1.157,0.949,1.237,1.061,0.617,1.246,0.09,0.089,1.184,1.163,0.951,1.15,1.161,0.976,1.194,1.128,1.141,1.194,0.092,0.089,1.208,1.177,1.198,1.254,1.107,1.205,1.197,0.918,1.099,1.294,0.089,0.088,0.087,0.092,1.242,0.089,0.089,0.088,0.095,0.086,0.088,0.089,0.087
,16:19:16,38,0.09,0.088,0.088,0.087,0.088,0.087,0.087,0.089,0.087,0.087,0.088,0.088,0.088,0.441,0.243,0.08,0.256,0.305,0.224,0.327,0.208,0.229,0.24,0.088,0.089,0.303,0.343,0.259,0.251,0.151,0.226,0.203,0.3,0.256,0.243,0.088,0.089,0.309,0.283,0.307,0.321,0.242,0.272,0.281,0.188,0.29,0.266,0.089,0.091,1.178,1.204,0.088,1.17,1.156,0.949,1.237,1.06,0.616,1.244,0.09,0.089,1.183,1.161,0.949,1.149,1.161,0.974,1.193,1.127,1.14,1.193,0.092,0.089,1.207,1.177,1.197,1.253,1.106,1.204,1.196,0.917,1.098,1.294,0.089,0.088,0.087,0.092,1.243,0.089,0.089,0.088,0.095,0.086,0.088,0.088,0.087
,16:24:16,38,0.09,0.088,0.088,0.087,0.089,0.087,0.087,0.09,0.087,0.087,0.088,0.088,0.088,0.44,0.244,0.08,0.257,0.305,0.222,0.328,0.207,0.229,0.24,0.088,0.089,0.303,0.345,0.258,0.251,0.152,0.227,0.202,0.3,0.257,0.243,0.088,0.089,0.31,0.283,0.307,0.321,0.242,0.272,0.28,0.188,0.29,0.269,0.089,0.091,1.178,1.205,0.088,1.17,1.155,0.947,1.237,1.06,0.613,1.244,0.09,0.089,1.182,1.161,0.948,1.148,1.158,0.974,1.192,1.126,1.14,1.192,0.092,0.089,1.207,1.177,1.196,1.253,1.105,1.205,1.195,0.918,1.096,1.293,0.089,0.088,0.087,0.092,1.243,0.089,0.089,0.088,0.095,0.086,0.088,0.089,0.087
,16:29:16,38,0.09,0.088,0.088,0.087,0.088,0.087,0.088,0.09,0.087,0.088,0.088,0.088,0.088,0.44,0.244,0.08,0.257,0.306,0.224,0.329,0.207,0.23,0.24,0.088,0.089,0.304,0.345,0.258,0.251,0.152,0.228,0.202,0.301,0.257,0.243,0.088,0.089,0.31,0.284,0.307,0.322,0.242,0.272,0.282,0.188,0.289,0.269,0.088,0.091,1.177,1.204,0.088,1.17,1.154,0.945,1.237,1.058,0.614,1.243,0.09,0.089,1.182,1.161,0.946,1.148,1.159,0.973,1.192,1.126,1.139,1.191,0.092,0.089,1.206,1.177,1.196,1.252,1.103,1.204,1.194,0.92,1.095,1.293,0.089,0.088,0.087,0.092,1.244,0.089,0.089,0.088,0.095,0.086,0.088,0.089,0.086
,16:34:16,38,0.09,0.088,0.088,0.087,0.089,0.087,0.088,0.09,0.087,0.088,0.088,0.088,0.088,0.439,0.244,0.08,0.257,0.306,0.224,0.33,0.207,0.231,0.24,0.088,0.089,0.304,0.346,0.26,0.251,0.153,0.229,0.203,0.301,0.258,0.244,0.088,0.089,0.311,0.284,0.308,0.323,0.242,0.272,0.282,0.188,0.29,0.27,0.089,0.091,1.176,1.203,0.088,1.169,1.153,0.944,1.236,1.058,0.612,1.242,0.09,0.089,1.181,1.16,0.943,1.147,1.156,0.971,1.191,1.125,1.138,1.19,0.092,0.089,1.205,1.178,1.195,1.252,1.102,1.204,1.193,0.918,1.093,1.292,0.089,0.088,0.087,0.092,1.244,0.089,0.089,0.088,0.095,0.086,0.088,0.089,0.087
,16:39:16,38,0.09,0.088,0.088,0.088,0.089,0.087,0.087,0.09,0.087,0.088,0.088,0.089,0.088,0.437,0.245,0.08,0.257,0.307,0.224,0.331,0.207,0.232,0.241,0.088,0.089,0.305,0.347,0.261,0.252,0.154,0.23,0.205,0.302,0.258,0.244,0.088,0.089,0.312,0.285,0.309,0.325,0.243,0.272,0.282,0.189,0.288,0.272,0.089,0.091,1.175,1.203,0.088,1.168,1.151,0.942,1.236,1.057,0.612,1.242,0.09,0.089,1.18,1.159,0.942,1.145,1.156,0.971,1.189,1.124,1.137,1.189,0.092,0.089,1.205,1.177,1.194,1.252,1.1,1.203,1.192,0.919,1.092,1.292,0.089,0.088,0.087,0.092,1.244,0.089,0.089,0.088,0.095,0.086,0.088,0.089,0.087
,16:44:16,38,0.09,0.088,0.088,0.088,0.088,0.088,0.088,0.09,0.087,0.088,0.088,0.089,0.088,0.437,0.245,0.08,0.257,0.306,0.225,0.332,0.207,0.232,0.241,0.088,0.089,0.305,0.348,0.26,0.252,0.154,0.231,0.204,0.303,0.258,0.244,0.088,0.089,0.313,0.285,0.308,0.325,0.243,0.272,0.283,0.188,0.288,0.273,0.088,0.091,1.175,1.204,0.089,1.169,1.151,0.941,1.236,1.057,0.611,1.241,0.09,0.089,1.179,1.159,0.941,1.145,1.154,0.97,1.189,1.123,1.137,1.189,0.092,0.089,1.205,1.178,1.195,1.252,1.099,1.202,1.191,0.922,1.091,1.292,0.089,0.088,0.087,0.092,1.244,0.089,0.089,0.088,0.095,0.086,0.088,0.089,0.087
,16:49:16,38.1,0.09,0.088,0.088,0.087,0.089,0.087,0.087,0.089,0.087,0.087,0.088,0.088,0.088,0.437,0.245,0.08,0.257,0.306,0.224,0.332,0.207,0.233,0.241,0.088,0.089,0.306,0.349,0.259,0.252,0.154,0.231,0.205,0.303,0.258,0.243,0.088,0.089,0.313,0.285,0.308,0.326,0.243,0.272,0.283,0.188,0.287,0.274,0.088,0.091,1.174,1.204,0.088,1.168,1.15,0.939,1.235,1.055,0.609,1.24,0.09,0.089,1.178,1.158,0.939,1.145,1.155,0.969,1.187,1.122,1.136,1.188,0.092,0.089,1.204,1.176,1.193,1.251,1.097,1.2,1.19,0.92,1.089,1.291,0.088,0.088,0.087,0.092,1.244,0.089,0.089,0.088,0.094,0.086,0.088,0.089,0.087
,16:54:16,38,0.09,0.088,0.088,0.087,0.089,0.087,0.088,0.089,0.087,0.087,0.088,0.088,0.088,0.436,0.245,0.08,0.257,0.308,0.225,0.333,0.206,0.234,0.241,0.088,0.089,0.307,0.35,0.262,0.252,0.155,0.232,0.205,0.303,0.259,0.245,0.088,0.089,0.313,0.285,0.31,0.328,0.243,0.273,0.284,0.188,0.287,0.275,0.088,0.091,1.172,1.203,0.088,1.166,1.149,0.938,1.234,1.054,0.607,1.24,0.09,0.089,1.177,1.157,0.937,1.143,1.153,0.968,1.186,1.121,1.135,1.188,0.092,0.089,1.202,1.175,1.192,1.251,1.096,1.2,1.188,0.919,1.088,1.29,0.089,0.088,0.087,0.092,1.244,0.089,0.089,0.088,0.095,0.086,0.088,0.089,0.087
,16:59:16,38,0.09,0.088,0.088,0.088,0.089,0.087,0.088,0.09,0.087,0.088,0.088,0.089,0.088,0.437,0.245,0.08,0.258,0.307,0.225,0.335,0.207,0.235,0.242,0.088,0.089,0.308,0.35,0.262,0.252,0.156,0.233,0.206,0.304,0.259,0.245,0.088,0.089,0.314,0.286,0.309,0.328,0.243,0.273,0.285,0.188,0.287,0.276,0.089,0.091,1.172,1.203,0.088,1.167,1.148,0.936,1.235,1.054,0.606,1.239,0.09,0.089,1.176,1.157,0.936,1.143,1.15,0.968,1.185,1.121,1.135,1.187,0.092,0.09,1.202,1.175,1.192,1.252,1.095,1.199,1.187,0.92,1.086,1.29,0.089,0.088,0.088,0.092,1.244,0.089,0.089,0.088,0.095,0.086,0.088,0.089,0.087
,17:04:16,38,0.09,0.088,0.088,0.087,0.089,0.087,0.087,0.089,0.087,0.087,0.088,0.088,0.088,0.437,0.245,0.08,0.258,0.306,0.224,0.335,0.206,0.235,0.242,0.088,0.089,0.307,0.351,0.259,0.252,0.156,0.234,0.206,0.304,0.259,0.244,0.088,0.089,0.314,0.285,0.309,0.329,0.243,0.271,0.285,0.188,0.286,0.278,0.088,0.091,1.171,1.202,0.088,1.166,1.148,0.934,1.236,1.053,0.607,1.238,0.09,0.089,1.176,1.157,0.934,1.143,1.153,0.967,1.184,1.12,1.134,1.185,0.092,0.089,1.202,1.175,1.192,1.252,1.093,1.198,1.185,0.919,1.085,1.29,0.089,0.087,0.087,0.092,1.245,0.089,0.089,0.088,0.095,0.086,0.088,0.088,0.087
,17:09:16,38,0.09,0.088,0.088,0.087,0.089,0.087,0.088,0.09,0.087,0.088,0.088,0.089,0.088,0.437,0.245,0.08,0.258,0.307,0.225,0.336,0.206,0.236,0.242,0.088,0.089,0.308,0.353,0.262,0.253,0.156,0.235,0.208,0.305,0.259,0.245,0.088,0.089,0.314,0.286,0.309,0.33,0.243,0.272,0.285,0.189,0.286,0.279,0.089,0.091,1.171,1.202,0.089,1.166,1.147,0.933,1.235,1.052,0.605,1.237,0.09,0.089,1.175,1.157,0.932,1.143,1.151,0.966,1.183,1.119,1.133,1.185,0.092,0.089,1.201,1.175,1.191,1.251,1.091,1.198,1.185,0.917,1.083,1.288,0.089,0.088,0.088,0.092,1.244,0.089,0.089,0.088,0.095,0.086,0.088,0.089,0.087
,17:14:16,38,0.09,0.088,0.088,0.087,0.088,0.087,0.088,0.089,0.087,0.088,0.088,0.09,0.088,0.437,0.245,0.08,0.258,0.307,0.226,0.336,0.206,0.237,0.242,0.088,0.089,0.308,0.353,0.261,0.253,0.157,0.235,0.207,0.306,0.26,0.245,0.088,0.089,0.314,0.286,0.309,0.329,0.243,0.272,0.287,0.188,0.285,0.281,0.089,0.091,1.17,1.202,0.088,1.166,1.146,0.932,1.236,1.052,0.603,1.236,0.09,0.089,1.175,1.156,0.93,1.143,1.15,0.965,1.182,1.119,1.132,1.183,0.092,0.089,1.201,1.173,1.19,1.252,1.09,1.197,1.184,0.917,1.082,1.288,0.089,0.088,0.087,0.092,1.244,0.089,0.089,0.088,0.095,0.086,0.088,0.089,0.087
,17:19:16,38.1,0.09,0.088,0.088,0.087,0.088,0.087,0.087,0.089,0.087,0.087,0.088,0.088,0.088,0.436,0.246,0.08,0.258,0.307,0.226,0.338,0.206,0.238,0.242,0.088,0.089,0.309,0.354,0.26,0.253,0.157,0.235,0.206,0.306,0.26,0.244,0.088,0.089,0.315,0.286,0.309,0.33,0.243,0.273,0.286,0.188,0.285,0.282,0.088,0.091,1.169,1.202,0.088,1.165,1.145,0.931,1.236,1.051,0.603,1.236,0.09,0.089,1.174,1.156,0.929,1.142,1.149,0.965,1.181,1.118,1.132,1.183,0.092,0.089,1.2,1.173,1.19,1.25,1.088,1.195,1.183,0.919,1.08,1.288,0.089,0.088,0.087,0.092,1.244,0.089,0.089,0.088,0.095,0.086,0.088,0.089,0.087
,17:24:16,38,0.09,0.088,0.088,0.087,0.088,0.087,0.087,0.089,0.087,0.087,0.088,0.088,0.088,0.435,0.246,0.08,0.259,0.307,0.226,0.339,0.207,0.239,0.243,0.088,0.089,0.309,0.355,0.264,0.253,0.157,0.236,0.207,0.306,0.261,0.245,0.088,0.089,0.317,0.287,0.31,0.33,0.243,0.273,0.287,0.188,0.284,0.283,0.088,0.091,1.167,1.2,0.089,1.163,1.143,0.929,1.235,1.05,0.601,1.235,0.09,0.089,1.173,1.155,0.926,1.141,1.145,0.963,1.18,1.117,1.131,1.182,0.092,0.089,1.199,1.172,1.188,1.25,1.086,1.195,1.181,0.919,1.078,1.288,0.089,0.088,0.087,0.092,1.244,0.089,0.089,0.088,0.095,0.086,0.088,0.088,0.086
,17:29:16,38,0.09,0.088,0.088,0.087,0.089,0.087,0.087,0.089,0.087,0.087,0.088,0.088,0.088,0.436,0.246,0.08,0.258,0.308,0.227,0.34,0.206,0.239,0.243,0.088,0.089,0.31,0.355,0.264,0.253,0.158,0.237,0.208,0.307,0.261,0.245,0.088,0.089,0.317,0.287,0.31,0.33,0.244,0.272,0.288,0.188,0.283,0.285,0.088,0.091,1.167,1.2,0.089,1.164,1.143,0.928,1.235,1.049,0.6,1.234,0.09,0.089,1.173,1.155,0.925,1.141,1.147,0.964,1.18,1.116,1.131,1.181,0.092,0.089,1.199,1.173,1.188,1.25,1.085,1.194,1.181,0.921,1.078,1.287,0.089,0.088,0.087,0.092,1.244,0.089,0.089,0.088,0.095,0.086,0.088,0.089,0.086
,17:34:16,38,0.09,0.088,0.088,0.087,0.088,0.087,0.088,0.089,0.087,0.087,0.088,0.088,0.088,0.435,0.246,0.08,0.259,0.308,0.227,0.34,0.206,0.24,0.243,0.088,0.089,0.31,0.355,0.263,0.254,0.158,0.238,0.207,0.307,0.261,0.245,0.088,0.089,0.317,0.287,0.309,0.33,0.244,0.273,0.289,0.188,0.283,0.286,0.088,0.091,1.167,1.199,0.088,1.162,1.142,0.927,1.235,1.049,0.599,1.233,0.09,0.089,1.172,1.155,0.923,1.139,1.146,0.963,1.179,1.115,1.13,1.179,0.092,0.089,1.198,1.171,1.187,1.248,1.085,1.193,1.18,0.919,1.077,1.288,0.089,0.088,0.087,0.092,1.243,0.089,0.089,0.088,0.094,0.086,0.088,0.088,0.087
,17:39:16,38.1,0.09,0.088,0.088,0.087,0.088,0.087,0.087,0.089,0.087,0.087,0.088,0.088,0.088,0.436,0.246,0.08,0.259,0.308,0.227,0.342,0.206,0.241,0.243,0.088,0.089,0.311,0.354,0.262,0.254,0.158,0.238,0.207,0.308,0.262,0.245,0.088,0.089,0.317,0.287,0.31,0.33,0.244,0.271,0.288,0.189,0.283,0.287,0.088,0.091,1.166,1.2,0.09,1.163,1.141,0.926,1.235,1.048,0.599,1.233,0.09,0.089,1.172,1.155,0.922,1.14,1.147,0.963,1.178,1.115,1.129,1.179,0.092,0.089,1.198,1.171,1.187,1.248,1.083,1.192,1.179,0.921,1.075,1.286,0.089,0.088,0.087,0.092,1.243,0.089,0.089,0.088,0.095,0.086,0.088,0.088,0.086
,17:44:16,38,0.09,0.088,0.088,0.087,0.088,0.087,0.088,0.09,0.087,0.087,0.088,0.088,0.088,0.436,0.246,0.08,0.259,0.309,0.227,0.343,0.206,0.242,0.244,0.088,0.089,0.311,0.354,0.262,0.254,0.159,0.239,0.208,0.309,0.262,0.246,0.088,0.089,0.317,0.287,0.311,0.33,0.244,0.272,0.288,0.189,0.282,0.288,0.088,0.091,1.165,1.199,0.088,1.163,1.14,0.925,1.234,1.047,0.597,1.232,0.09,0.089,1.171,1.154,0.921,1.139,1.145,0.962,1.178,1.115,1.129,1.178,0.092,0.089,1.197,1.171,1.186,1.248,1.081,1.192,1.18,0.92,1.073,1.286,0.089,0.088,0.087,0.092,1.243,0.089,0.089,0.088,0.095,0.086,0.088,0.089,0.087
,17:49:16,38.1,0.09,0.088,0.088,0.087,0.088,0.087,0.087,0.089,0.087,0.087,0.088,0.089,0.088,0.436,0.246,0.08,0.26,0.309,0.227,0.344,0.206,0.243,0.243,0.088,0.089,0.311,0.353,0.262,0.254,0.159,0.24,0.207,0.309,0.263,0.246,0.088,0.089,0.318,0.288,0.311,0.33,0.244,0.272,0.29,0.189,0.282,0.291,0.088,0.091,1.165,1.2,0.088,1.163,1.14,0.924,1.234,1.046,0.595,1.232,0.09,0.089,1.171,1.155,0.919,1.139,1.144,0.962,1.177,1.114,1.129,1.177,0.092,0.089,1.197,1.171,1.186,1.247,1.08,1.191,1.178,0.921,1.072,1.286,0.089,0.088,0.087,0.092,1.243,0.089,0.089,0.088,0.095,0.086,0.088,0.088,0.087
,17:54:16,38,0.09,0.088,0.088,0.087,0.088,0.087,0.087,0.089,0.087,0.087,0.088,0.088,0.088,0.436,0.246,0.08,0.259,0.309,0.228,0.345,0.206,0.244,0.244,0.088,0.089,0.311,0.353,0.262,0.255,0.159,0.24,0.207,0.309,0.262,0.246,0.088,0.089,0.319,0.288,0.311,0.329,0.245,0.273,0.29,0.189,0.282,0.292,0.088,0.091,1.164,1.199,0.088,1.162,1.139,0.923,1.234,1.046,0.596,1.23,0.09,0.089,1.17,1.155,0.917,1.139,1.142,0.962,1.176,1.113,1.129,1.176,0.092,0.089,1.196,1.169,1.185,1.246,1.079,1.19,1.178,0.924,1.071,1.286,0.089,0.088,0.087,0.092,1.243,0.089,0.089,0.088,0.094,0.086,0.088,0.088,0.087
,17:59:16,38,0.09,0.088,0.088,0.087,0.088,0.087,0.087,0.089,0.087,0.087,0.088,0.088,0.088,0.435,0.246,0.08,0.26,0.309,0.228,0.344,0.206,0.245,0.244,0.088,0.089,0.312,0.353,0.264,0.255,0.159,0.241,0.209,0.31,0.263,0.246,0.088,0.089,0.32,0.288,0.311,0.33,0.245,0.273,0.29,0.189,0.281,0.294,0.088,0.091,1.164,1.199,0.089,1.161,1.138,0.923,1.234,1.045,0.596,1.23,0.09,0.089,1.17,1.155,0.916,1.138,1.143,0.961,1.176,1.112,1.128,1.175,0.092,0.089,1.196,1.169,1.185,1.246,1.078,1.189,1.177,0.925,1.071,1.285,0.089,0.088,0.087,0.092,1.243,0.089,0.089,0.088,0.094,0.086,0.088,0.088,0.087
,18:04:16,38.1,0.09,0.088,0.088,0.088,0.089,0.088,0.088,0.09,0.087,0.088,0.088,0.088,0.088,0.435,0.247,0.08,0.26,0.309,0.228,0.343,0.207,0.245,0.245,0.088,0.089,0.313,0.353,0.263,0.255,0.16,0.242,0.21,0.311,0.264,0.246,0.088,0.089,0.321,0.289,0.312,0.33,0.245,0.273,0.291,0.189,0.281,0.296,0.089,0.091,1.163,1.198,0.089,1.16,1.137,0.922,1.234,1.045,0.594,1.229,0.09,0.089,1.169,1.153,0.915,1.139,1.144,0.961,1.175,1.112,1.128,1.174,0.092,0.089,1.195,1.169,1.184,1.245,1.077,1.188,1.176,0.923,1.069,1.284,0.089,0.088,0.088,0.092,1.242,0.089,0.089,0.088,0.095,0.086,0.088,0.089,0.087
,18:09:16,38,0.09,0.088,0.088,0.087,0.088,0.087,0.087,0.089,0.087,0.087,0.088,0.088,0.088,0.435,0.247,0.08,0.26,0.309,0.229,0.342,0.206,0.245,0.244,0.088,0.089,0.313,0.352,0.263,0.255,0.16,0.242,0.21,0.31,0.264,0.246,0.088,0.089,0.32,0.289,0.311,0.329,0.245,0.272,0.292,0.189,0.281,0.297,0.088,0.091,1.162,1.199,0.088,1.161,1.137,0.921,1.233,1.043,0.593,1.228,0.09,0.089,1.168,1.152,0.913,1.139,1.142,0.96,1.174,1.111,1.126,1.172,0.092,0.089,1.195,1.169,1.183,1.245,1.075,1.188,1.174,0.924,1.067,1.283,0.089,0.087,0.087,0.092,1.242,0.089,0.089,0.088,0.094,0.085,0.088,0.088,0.086
,18:14:16,38,0.09,0.088,0.088,0.087,0.089,0.087,0.087,0.09,0.087,0.087,0.088,0.088,0.088,0.435,0.247,0.08,0.261,0.308,0.228,0.342,0.206,0.247,0.245,0.088,0.089,0.313,0.352,0.264,0.256,0.16,0.243,0.21,0.311,0.264,0.246,0.088,0.089,0.321,0.289,0.312,0.329,0.246,0.272,0.292,0.189,0.279,0.299,0.088,0.091,1.162,1.199,0.09,1.16,1.136,0.92,1.232,1.043,0.591,1.228,0.09,0.089,1.167,1.152,0.912,1.139,1.139,0.959,1.174,1.111,1.127,1.172,0.092,0.089,1.194,1.169,1.183,1.244,1.074,1.187,1.173,0.926,1.065,1.283,0.089,0.088,0.087,0.092,1.242,0.089,0.089,0.088,0.095,0.086,0.088,0.088,0.087
,18:19:16,38,0.09,0.088,0.088,0.087,0.088,0.087,0.087,0.089,0.087,0.087,0.088,0.088,0.088,0.435,0.247,0.08,0.261,0.308,0.229,0.342,0.206,0.248,0.245,0.088,0.089,0.313,0.352,0.265,0.255,0.16,0.243,0.209,0.312,0.264,0.247,0.088,0.089,0.322,0.289,0.312,0.329,0.245,0.272,0.292,0.189,0.28,0.301,0.088,0.091,1.16,1.199,0.088,1.16,1.135,0.919,1.232,1.042,0.591,1.227,0.09,0.089,1.167,1.152,0.91,1.139,1.141,0.959,1.173,1.109,1.126,1.171,0.092,0.089,1.194,1.169,1.182,1.243,1.072,1.186,1.172,0.923,1.065,1.282,0.089,0.088,0.087,0.092,1.242,0.089,0.089,0.088,0.094,0.086,0.088,0.089,0.087
,18:24:16,38,0.09,0.088,0.088,0.087,0.089,0.087,0.087,0.089,0.087,0.087,0.088,0.088,0.088,0.435,0.247,0.08,0.261,0.308,0.229,0.341,0.206,0.249,0.245,0.088,0.089,0.314,0.352,0.263,0.256,0.161,0.244,0.211,0.313,0.265,0.247,0.088,0.089,0.323,0.289,0.311,0.329,0.245,0.272,0.293,0.189,0.279,0.303,0.088,0.091,1.161,1.199,0.088,1.16,1.135,0.918,1.232,1.041,0.591,1.226,0.09,0.089,1.167,1.152,0.909,1.14,1.142,0.958,1.172,1.109,1.125,1.17,0.092,0.089,1.193,1.168,1.181,1.242,1.071,1.185,1.171,0.923,1.063,1.281,0.089,0.088,0.087,0.092,1.241,0.089,0.089,0.088,0.095,0.086,0.088,0.089,0.087
,18:29:16,38.1,0.09,0.088,0.088,0.087,0.089,0.087,0.087,0.089,0.087,0.087,0.088,0.088,0.088,0.435,0.247,0.08,0.261,0.307,0.229,0.341,0.206,0.249,0.246,0.088,0.089,0.314,0.351,0.264,0.256,0.161,0.244,0.211,0.312,0.266,0.246,0.088,0.089,0.322,0.289,0.313,0.329,0.246,0.272,0.294,0.189,0.279,0.304,0.088,0.091,1.16,1.199,0.088,1.159,1.133,0.916,1.231,1.041,0.59,1.226,0.09,0.089,1.166,1.152,0.907,1.14,1.139,0.957,1.172,1.108,1.124,1.169,0.092,0.089,1.192,1.168,1.181,1.242,1.07,1.185,1.17,0.924,1.062,1.281,0.089,0.088,0.087,0.092,1.241,0.089,0.089,0.088,0.095,0.086,0.088,0.089,0.087
,18:34:16,38,0.09,0.088,0.088,0.087,0.088,0.087,0.087,0.089,0.087,0.087,0.088,0.088,0.088,0.435,0.247,0.08,0.261,0.307,0.23,0.34,0.206,0.25,0.246,0.088,0.089,0.314,0.351,0.265,0.256,0.161,0.245,0.211,0.312,0.266,0.247,0.088,0.089,0.323,0.289,0.313,0.329,0.246,0.272,0.295,0.189,0.279,0.305,0.088,0.091,1.159,1.199,0.088,1.158,1.132,0.915,1.231,1.04,0.589,1.225,0.09,0.089,1.165,1.151,0.905,1.139,1.136,0.956,1.171,1.107,1.124,1.168,0.092,0.089,1.192,1.168,1.18,1.242,1.068,1.184,1.168,0.925,1.061,1.281,0.089,0.088,0.087,0.092,1.24,0.089,0.089,0.088,0.094,0.086,0.088,0.088,0.086
,18:39:16,38.1,0.09,0.088,0.088,0.087,0.089,0.087,0.088,0.089,0.087,0.088,0.088,0.088,0.088,0.435,0.248,0.08,0.261,0.306,0.23,0.339,0.206,0.249,0.246,0.088,0.089,0.315,0.35,0.264,0.256,0.162,0.245,0.213,0.311,0.266,0.247,0.088,0.089,0.323,0.289,0.313,0.33,0.246,0.272,0.295,0.189,0.278,0.309,0.088,0.091,1.158,1.199,0.088,1.158,1.132,0.914,1.231,1.039,0.588,1.224,0.09,0.089,1.166,1.15,0.904,1.139,1.139,0.956,1.171,1.107,1.124,1.167,0.092,0.089,1.191,1.168,1.18,1.242,1.067,1.183,1.167,0.923,1.06,1.28,0.089,0.088,0.087,0.092,1.24,0.09,0.089,0.088,0.095,0.086,0.088,0.089,0.087
,18:44:16,38,0.09,0.088,0.088,0.087,0.088,0.087,0.088,0.089,0.087,0.088,0.088,0.088,0.088,0.435,0.248,0.08,0.261,0.306,0.23,0.339,0.206,0.25,0.246,0.088,0.089,0.315,0.35,0.266,0.256,0.162,0.246,0.212,0.311,0.266,0.247,0.088,0.089,0.322,0.288,0.314,0.33,0.246,0.273,0.295,0.189,0.277,0.309,0.088,0.091,1.157,1.198,0.089,1.156,1.131,0.912,1.23,1.039,0.589,1.224,0.09,0.089,1.165,1.149,0.902,1.139,1.135,0.954,1.171,1.106,1.123,1.166,0.092,0.089,1.19,1.167,1.179,1.241,1.065,1.182,1.166,0.923,1.058,1.279,0.089,0.088,0.087,0.092,1.239,0.089,0.089,0.088,0.094,0.086,0.088,0.089,0.086
,18:49:16,38,0.09,0.088,0.088,0.087,0.088,0.087,0.088,0.089,0.087,0.087,0.088,0.088,0.088,0.435,0.248,0.08,0.261,0.306,0.23,0.338,0.206,0.25,0.246,0.088,0.089,0.315,0.349,0.266,0.256,0.162,0.246,0.211,0.31,0.266,0.247,0.088,0.089,0.322,0.288,0.313,0.33,0.246,0.273,0.296,0.189,0.278,0.312,0.088,0.091,1.157,1.199,0.088,1.156,1.13,0.911,1.23,1.039,0.587,1.223,0.09,0.089,1.165,1.149,0.901,1.138,1.133,0.954,1.171,1.105,1.122,1.165,0.092,0.089,1.19,1.167,1.178,1.241,1.064,1.181,1.165,0.925,1.057,1.279,0.088,0.088,0.087,0.092,1.239,0.089,0.089,0.088,0.094,0.086,0.088,0.088,0.086
,18:54:16,38.1,0.09,0.088,0.088,0.087,0.088,0.087,0.087,0.089,0.087,0.087,0.088,0.088,0.088,0.436,0.248,0.08,0.262,0.305,0.231,0.338,0.206,0.25,0.247,0.088,0.089,0.317,0.349,0.264,0.257,0.163,0.247,0.212,0.311,0.267,0.247,0.088,0.089,0.321,0.288,0.312,0.33,0.246,0.272,0.296,0.189,0.277,0.314,0.088,0.091,1.156,1.2,0.089,1.157,1.13,0.909,1.23,1.038,0.587,1.222,0.09,0.089,1.165,1.149,0.9,1.138,1.135,0.954,1.171,1.104,1.121,1.165,0.092,0.089,1.19,1.168,1.178,1.241,1.063,1.181,1.164,0.923,1.056,1.279,0.089,0.088,0.087,0.092,1.239,0.089,0.089,0.088,0.094,0.086,0.088,0.089,0.086
,18:59:16,38,0.09,0.088,0.088,0.087,0.088,0.087,0.087,0.089,0.087,0.088,0.088,0.089,0.088,0.436,0.248,0.08,0.262,0.305,0.23,0.338,0.206,0.25,0.247,0.088,0.089,0.318,0.348,0.266,0.257,0.163,0.247,0.213,0.31,0.267,0.248,0.088,0.089,0.321,0.289,0.313,0.33,0.246,0.273,0.297,0.189,0.277,0.315,0.089,0.091,1.155,1.198,0.09,1.155,1.129,0.907,1.229,1.037,0.584,1.221,0.09,0.089,1.164,1.147,0.897,1.136,1.132,0.953,1.17,1.104,1.121,1.164,0.092,0.089,1.188,1.168,1.177,1.239,1.062,1.179,1.163,0.922,1.054,1.277,0.089,0.088,0.087,0.092,1.238,0.089,0.089,0.088,0.094,0.086,0.088,0.088,0.086
,19:04:16,38,0.09,0.088,0.088,0.088,0.088,0.087,0.088,0.09,0.087,0.087,0.088,0.088,0.088,0.436,0.248,0.08,0.262,0.305,0.231,0.337,0.206,0.251,0.247,0.088,0.089,0.318,0.349,0.266,0.257,0.163,0.248,0.213,0.31,0.267,0.248,0.088,0.089,0.321,0.288,0.312,0.331,0.247,0.273,0.296,0.189,0.277,0.317,0.088,0.091,1.155,1.199,0.088,1.156,1.128,0.906,1.229,1.037,0.586,1.221,0.09,0.089,1.164,1.147,0.896,1.136,1.133,0.952,1.17,1.103,1.121,1.163,0.092,0.089,1.188,1.168,1.176,1.239,1.061,1.179,1.161,0.922,1.052,1.277,0.089,0.088,0.087,0.092,1.238,0.089,0.089,0.088,0.094,0.086,0.088,0.088,0.086
,19:09:16,38,0.09,0.088,0.088,0.088,0.089,0.087,0.087,0.089,0.087,0.087,0.088,0.089,0.088,0.436,0.248,0.08,0.262,0.305,0.232,0.337,0.206,0.251,0.247,0.088,0.089,0.319,0.348,0.266,0.258,0.163,0.249,0.213,0.309,0.267,0.248,0.088,0.089,0.321,0.288,0.312,0.331,0.246,0.273,0.297,0.19,0.276,0.317,0.089,0.091,1.154,1.2,0.088,1.155,1.127,0.905,1.229,1.036,0.584,1.22,0.09,0.089,1.164,1.147,0.896,1.136,1.133,0.952,1.169,1.103,1.12,1.162,0.092,0.089,1.188,1.168,1.176,1.239,1.059,1.177,1.161,0.922,1.052,1.277,0.089,0.088,0.087,0.092,1.237,0.089,0.089,0.088,0.095,0.086,0.088,0.088,0.087
,19:14:16,38,0.09,0.088,0.088,0.087,0.088,0.087,0.087,0.089,0.087,0.087,0.088,0.088,0.088,0.436,0.248,0.08,0.262,0.305,0.232,0.337,0.206,0.252,0.248,0.088,0.089,0.318,0.348,0.266,0.258,0.164,0.248,0.213,0.309,0.267,0.248,0.088,0.089,0.32,0.288,0.312,0.332,0.247,0.273,0.298,0.19,0.276,0.316,0.088,0.091,1.153,1.2,0.091,1.154,1.127,0.903,1.229,1.035,0.584,1.219,0.09,0.089,1.162,1.146,0.893,1.135,1.128,0.95,1.169,1.102,1.12,1.161,0.092,0.089,1.187,1.167,1.176,1.238,1.058,1.178,1.159,0.923,1.05,1.276,0.089,0.088,0.087,0.092,1.237,0.089,0.089,0.088,0.094,0.086,0.088,0.088,0.086
,19:19:16,38.1,0.09,0.088,0.088,0.088,0.088,0.087,0.088,0.09,0.087,0.088,0.088,0.088,0.088,0.436,0.249,0.08,0.262,0.305,0.232,0.336,0.206,0.252,0.248,0.088,0.089,0.318,0.348,0.266,0.258,0.164,0.249,0.213,0.309,0.268,0.249,0.088,0.089,0.32,0.288,0.312,0.332,0.247,0.274,0.297,0.19,0.276,0.315,0.089,0.091,1.153,1.2,0.088,1.155,1.126,0.902,1.229,1.035,0.583,1.219,0.09,0.089,1.162,1.146,0.893,1.135,1.13,0.951,1.168,1.102,1.12,1.16,0.092,0.089,1.187,1.167,1.176,1.238,1.057,1.176,1.159,0.924,1.049,1.276,0.089,0.088,0.087,0.092,1.237,0.089,0.089,0.088,0.095,0.086,0.088,0.088,0.087
,19:24:16,38,0.09,0.088,0.088,0.087,0.089,0.087,0.087,0.09,0.087,0.087,0.088,0.088,0.088,0.436,0.248,0.08,0.263,0.304,0.233,0.336,0.207,0.252,0.248,0.088,0.089,0.318,0.348,0.266,0.258,0.164,0.25,0.214,0.309,0.268,0.249,0.088,0.089,0.32,0.288,0.312,0.332,0.247,0.273,0.296,0.19,0.275,0.315,0.088,0.091,1.152,1.2,0.089,1.154,1.125,0.9,1.228,1.034,0.581,1.218,0.09,0.089,1.162,1.146,0.891,1.134,1.131,0.951,1.167,1.101,1.119,1.16,0.092,0.089,1.187,1.167,1.175,1.237,1.055,1.175,1.157,0.922,1.047,1.276,0.089,0.088,0.087,0.092,1.236,0.089,0.089,0.088,0.095,0.086,0.088,0.088,0.086
,19:29:16,38,0.09,0.088,0.088,0.087,0.089,0.087,0.087,0.089,0.087,0.087,0.088,0.088,0.088,0.436,0.248,0.08,0.263,0.304,0.233,0.336,0.207,0.252,0.248,0.088,0.089,0.319,0.348,0.264,0.258,0.164,0.25,0.214,0.308,0.268,0.249,0.088,0.089,0.32,0.287,0.312,0.333,0.247,0.273,0.296,0.19,0.276,0.314,0.088,0.091,1.152,1.199,0.089,1.153,1.124,0.899,1.228,1.033,0.582,1.218,0.09,0.089,1.161,1.145,0.89,1.133,1.129,0.949,1.166,1.101,1.119,1.158,0.092,0.089,1.185,1.166,1.174,1.236,1.055,1.174,1.156,0.921,1.047,1.274,0.089,0.088,0.087,0.092,1.235,0.089,0.089,0.088,0.094,0.086,0.088,0.088,0.086
,19:34:16,38,0.09,0.088,0.088,0.087,0.088,0.087,0.087,0.089,0.087,0.087,0.088,0.088,0.088,0.436,0.249,0.08,0.263,0.304,0.233,0.336,0.207,0.253,0.248,0.088,0.089,0.319,0.347,0.264,0.258,0.165,0.25,0.215,0.308,0.268,0.249,0.088,0.089,0.319,0.288,0.311,0.333,0.246,0.273,0.295,0.19,0.275,0.314,0.088,0.091,1.151,1.2,0.09,1.153,1.124,0.896,1.228,1.033,0.579,1.217,0.09,0.089,1.16,1.145,0.889,1.133,1.127,0.949,1.166,1.1,1.118,1.157,0.092,0.089,1.185,1.165,1.174,1.236,1.053,1.174,1.155,0.922,1.045,1.274,0.089,0.088,0.087,0.092,1.235,0.089,0.089,0.088,0.094,0.086,0.088,0.088,0.086
,19:39:16,38.1,0.09,0.088,0.088,0.087,0.088,0.087,0.087,0.089,0.087,0.087,0.088,0.088,0.088,0.437,0.249,0.08,0.263,0.304,0.234,0.336,0.207,0.252,0.249,0.088,0.089,0.318,0.347,0.265,0.258,0.165,0.251,0.214,0.308,0.269,0.249,0.088,0.089,0.319,0.288,0.311,0.334,0.245,0.274,0.295,0.19,0.274,0.313,0.088,0.091,1.151,1.199,0.092,1.153,1.123,0.895,1.228,1.032,0.579,1.216,0.09,0.089,1.159,1.145,0.887,1.132,1.126,0.949,1.165,1.1,1.118,1.157,0.092,0.089,1.185,1.165,1.174,1.236,1.052,1.173,1.153,0.921,1.044,1.273,0.088,0.088,0.087,0.092,1.235,0.089,0.089,0.088,0.094,0.086,0.088,0.089,0.086
,19:44:16,38.1,0.09,0.088,0.088,0.087,0.089,0.087,0.087,0.09,0.087,0.087,0.088,0.088,0.088,0.438,0.249,0.08,0.263,0.304,0.234,0.336,0.207,0.253,0.249,0.088,0.089,0.319,0.347,0.264,0.259,0.166,0.251,0.215,0.307,0.268,0.25,0.088,0.089,0.319,0.287,0.312,0.335,0.245,0.273,0.295,0.19,0.274,0.313,0.088,0.091,1.15,1.199,0.088,1.153,1.122,0.893,1.227,1.031,0.577,1.216,0.09,0.089,1.159,1.144,0.886,1.132,1.129,0.948,1.165,1.099,1.118,1.156,0.092,0.089,1.184,1.164,1.173,1.235,1.051,1.171,1.152,0.92,1.043,1.273,0.089,0.088,0.088,0.092,1.235,0.089,0.089,0.088,0.094,0.086,0.088,0.089,0.087
,19:49:16,38,0.09,0.088,0.088,0.087,0.088,0.087,0.087,0.089,0.087,0.087,0.088,0.088,0.088,0.437,0.249,0.08,0.264,0.304,0.234,0.337,0.207,0.253,0.249,0.088,0.089,0.318,0.347,0.264,0.259,0.166,0.252,0.214,0.307,0.269,0.25,0.088,0.089,0.319,0.287,0.311,0.336,0.245,0.273,0.295,0.19,0.274,0.312,0.088,0.091,1.149,1.198,0.088,1.152,1.121,0.892,1.227,1.031,0.577,1.215,0.09,0.089,1.158,1.143,0.884,1.131,1.124,0.947,1.164,1.099,1.117,1.155,0.092,0.089,1.184,1.163,1.173,1.235,1.049,1.171,1.151,0.921,1.041,1.273,0.089,0.088,0.087,0.092,1.234,0.089,0.089,0.088,0.094,0.086,0.088,0.088,0.086
,19:54:16,37.9,0.09,0.088,0.088,0.087,0.088,0.087,0.087,0.089,0.087,0.087,0.088,0.088,0.088,0.438,0.249,0.08,0.264,0.304,0.235,0.337,0.207,0.253,0.25,0.088,0.089,0.319,0.347,0.263,0.259,0.166,0.252,0.215,0.307,0.269,0.25,0.088,0.089,0.318,0.287,0.31,0.336,0.245,0.273,0.294,0.19,0.274,0.314,0.088,0.091,1.15,1.198,0.088,1.152,1.121,0.89,1.226,1.03,0.578,1.214,0.09,0.089,1.158,1.143,0.883,1.13,1.125,0.948,1.163,1.098,1.117,1.155,0.092,0.089,1.184,1.163,1.173,1.234,1.048,1.17,1.15,0.921,1.04,1.272,0.089,0.088,0.087,0.092,1.234,0.089,0.089,0.088,0.094,0.086,0.088,0.088,0.086
,19:59:16,38,0.09,0.088,0.088,0.087,0.089,0.087,0.087,0.089,0.087,0.088,0.088,0.088,0.088,0.438,0.249,0.08,0.264,0.302,0.236,0.337,0.207,0.253,0.25,0.088,0.089,0.319,0.347,0.263,0.259,0.166,0.252,0.216,0.306,0.27,0.25,0.088,0.089,0.318,0.287,0.311,0.337,0.245,0.273,0.294,0.19,0.274,0.313,0.088,0.091,1.148,1.197,0.09,1.152,1.12,0.889,1.226,1.029,0.577,1.213,0.09,0.089,1.157,1.143,0.882,1.13,1.122,0.947,1.163,1.097,1.117,1.154,0.092,0.089,1.183,1.162,1.173,1.234,1.047,1.169,1.149,0.921,1.039,1.272,0.088,0.088,0.087,0.092,1.234,0.09,0.089,0.088,0.094,0.086,0.088,0.089,0.086
,20:04:16,38,0.09,0.088,0.088,0.087,0.088,0.087,0.087,0.089,0.086,0.087,0.088,0.088,0.088,0.438,0.25,0.08,0.264,0.303,0.236,0.337,0.207,0.253,0.25,0.088,0.089,0.319,0.346,0.263,0.259,0.166,0.253,0.216,0.306,0.27,0.25,0.088,0.089,0.318,0.287,0.31,0.338,0.244,0.273,0.294,0.19,0.273,0.313,0.088,0.091,1.148,1.197,0.088,1.151,1.119,0.887,1.225,1.029,0.576,1.213,0.09,0.089,1.156,1.142,0.88,1.129,1.124,0.947,1.162,1.097,1.116,1.153,0.092,0.089,1.183,1.161,1.172,1.233,1.046,1.168,1.147,0.921,1.037,1.272,0.089,0.087,0.087,0.092,1.234,0.089,0.089,0.088,0.094,0.085,0.088,0.088,0.086
,20:09:16,38.1,0.09,0.088,0.088,0.087,0.088,0.087,0.087,0.089,0.087,0.087,0.088,0.089,0.088,0.439,0.249,0.08,0.265,0.302,0.236,0.337,0.207,0.252,0.25,0.088,0.089,0.319,0.347,0.263,0.259,0.167,0.253,0.217,0.305,0.27,0.25,0.088,0.089,0.317,0.286,0.31,0.338,0.244,0.273,0.293,0.191,0.274,0.314,0.088,0.091,1.147,1.197,0.088,1.151,1.118,0.885,1.226,1.028,0.576,1.212,0.09,0.089,1.155,1.142,0.879,1.129,1.123,0.947,1.162,1.096,1.116,1.152,0.092,0.089,1.182,1.161,1.171,1.233,1.044,1.167,1.147,0.92,1.036,1.271,0.088,0.088,0.087,0.092,1.234,0.089,0.089,0.088,0.094,0.085,0.088,0.088,0.086
,20:14:16,38,0.09,0.088,0.088,0.088,0.089,0.087,0.088,0.089,0.087,0.088,0.088,0.088,0.088,0.439,0.25,0.08,0.265,0.302,0.237,0.337,0.207,0.253,0.251,0.088,0.089,0.319,0.347,0.262,0.26,0.167,0.253,0.216,0.305,0.271,0.251,0.088,0.089,0.317,0.286,0.311,0.339,0.243,0.273,0.293,0.191,0.273,0.314,0.089,0.091,1.147,1.197,0.088,1.151,1.118,0.885,1.225,1.028,0.577,1.212,0.09,0.089,1.155,1.141,0.878,1.128,1.121,0.946,1.161,1.096,1.116,1.151,0.092,0.089,1.182,1.161,1.171,1.232,1.044,1.166,1.145,0.921,1.036,1.271,0.089,0.088,0.087,0.092,1.235,0.089,0.089,0.088,0.094,0.086,0.088,0.089,0.086
,20:19:16,38,0.09,0.088,0.088,0.087,0.088,0.087,0.087,0.089,0.087,0.088,0.088,0.088,0.088,0.439,0.25,0.08,0.265,0.302,0.237,0.338,0.208,0.252,0.251,0.088,0.089,0.319,0.347,0.263,0.26,0.168,0.254,0.218,0.304,0.271,0.251,0.088,0.089,0.317,0.286,0.31,0.34,0.243,0.274,0.294,0.191,0.273,0.314,0.088,0.091,1.146,1.195,0.088,1.149,1.117,0.883,1.224,1.028,0.576,1.211,0.09,0.089,1.155,1.141,0.876,1.127,1.119,0.945,1.161,1.095,1.116,1.151,0.092,0.089,1.181,1.16,1.171,1.232,1.043,1.165,1.144,0.922,1.034,1.271,0.089,0.088,0.087,0.092,1.235,0.089,0.089,0.088,0.094,0.086,0.088,0.088,0.086
,20:24:16,38,0.09,0.088,0.088,0.087,0.089,0.087,0.087,0.09,0.087,0.087,0.088,0.088,0.088,0.44,0.25,0.08,0.265,0.302,0.237,0.339,0.208,0.252,0.252,0.088,0.089,0.319,0.348,0.261,0.26,0.168,0.254,0.218,0.304,0.271,0.251,0.088,0.089,0.317,0.286,0.309,0.341,0.243,0.273,0.294,0.191,0.273,0.315,0.088,0.091,1.147,1.196,0.089,1.149,1.117,0.882,1.224,1.027,0.575,1.21,0.09,0.089,1.154,1.141,0.876,1.128,1.122,0.946,1.16,1.095,1.115,1.15,0.092,0.089,1.182,1.16,1.171,1.232,1.042,1.164,1.143,0.921,1.034,1.27,0.089,0.088,0.087,0.092,1.235,0.089,0.089,0.088,0.095,0.086,0.088,0.088,0.086
,20:29:16,38.1,0.09,0.088,0.088,0.087,0.088,0.087,0.087,0.089,0.087,0.087,0.088,0.088,0.088,0.44,0.25,0.08,0.265,0.302,0.238,0.339,0.208,0.252,0.252,0.088,0.089,0.318,0.347,0.261,0.26,0.169,0.255,0.218,0.304,0.271,0.251,0.088,0.089,0.317,0.286,0.31,0.341,0.242,0.275,0.293,0.191,0.273,0.315,0.088,0.091,1.145,1.195,0.088,1.149,1.116,0.88,1.224,1.026,0.574,1.21,0.09,0.089,1.153,1.14,0.874,1.126,1.121,0.945,1.159,1.095,1.115,1.149,0.092,0.089,1.181,1.159,1.17,1.232,1.04,1.163,1.142,0.92,1.033,1.269,0.089,0.088,0.087,0.092,1.234,0.089,0.089,0.088,0.094,0.086,0.088,0.088,0.086
,20:34:16,38.1,0.09,0.088,0.088,0.087,0.088,0.087,0.087,0.089,0.087,0.087,0.088,0.088,0.088,0.44,0.251,0.08,0.265,0.301,0.238,0.339,0.208,0.252,0.252,0.088,0.089,0.318,0.347,0.261,0.26,0.169,0.255,0.218,0.303,0.271,0.251,0.088,0.089,0.316,0.286,0.31,0.342,0.242,0.274,0.293,0.191,0.273,0.316,0.088,0.091,1.144,1.194,0.088,1.148,1.115,0.879,1.223,1.026,0.574,1.209,0.09,0.089,1.152,1.139,0.872,1.125,1.118,0.944,1.158,1.093,1.114,1.148,0.091,0.089,1.181,1.159,1.169,1.232,1.039,1.162,1.141,0.921,1.031,1.269,0.088,0.088,0.087,0.092,1.233,0.089,0.089,0.088,0.094,0.086,0.088,0.088,0.086
,20:39:16,38,0.09,0.088,0.088,0.087,0.088,0.087,0.087,0.089,0.087,0.087,0.088,0.088,0.088,0.441,0.25,0.08,0.265,0.301,0.238,0.339,0.208,0.252,0.252,0.088,0.089,0.318,0.347,0.26,0.26,0.169,0.255,0.218,0.303,0.272,0.251,0.088,0.089,0.317,0.285,0.309,0.342,0.242,0.274,0.293,0.191,0.272,0.316,0.088,0.091,1.144,1.195,0.088,1.148,1.114,0.877,1.223,1.026,0.574,1.209,0.09,0.089,1.151,1.139,0.871,1.125,1.117,0.944,1.158,1.094,1.114,1.148,0.092,0.089,1.181,1.158,1.169,1.232,1.038,1.16,1.139,0.921,1.03,1.269,0.088,0.087,0.087,0.091,1.232,0.089,0.089,0.088,0.094,0.085,0.088,0.088,0.086
,20:44:16,38,0.09,0.088,0.088,0.087,0.088,0.087,0.087,0.089,0.087,0.087,0.088,0.088,0.088,0.441,0.251,0.08,0.265,0.3,0.239,0.34,0.208,0.251,0.252,0.088,0.089,0.318,0.348,0.26,0.26,0.17,0.256,0.219,0.302,0.272,0.251,0.088,0.089,0.316,0.286,0.308,0.343,0.241,0.274,0.293,0.192,0.272,0.316,0.088,0.091,1.143,1.194,0.088,1.147,1.113,0.876,1.223,1.025,0.574,1.208,0.09,0.089,1.151,1.139,0.87,1.124,1.117,0.943,1.157,1.093,1.113,1.147,0.092,0.089,1.181,1.158,1.169,1.232,1.037,1.159,1.138,0.92,1.029,1.268,0.089,0.088,0.087,0.091,1.232,0.089,0.088,0.088,0.094,0.086,0.088,0.088,0.086
,20:49:16,38,0.09,0.088,0.088,0.087,0.088,0.087,0.087,0.089,0.087,0.087,0.088,0.088,0.088,0.441,0.251,0.08,0.265,0.3,0.24,0.341,0.208,0.251,0.252,0.088,0.089,0.318,0.348,0.26,0.261,0.17,0.256,0.219,0.303,0.272,0.252,0.088,0.089,0.316,0.286,0.308,0.343,0.241,0.273,0.292,0.192,0.272,0.317,0.088,0.091,1.143,1.194,0.091,1.148,1.113,0.875,1.222,1.024,0.573,1.207,0.09,0.089,1.151,1.138,0.869,1.124,1.115,0.943,1.156,1.092,1.113,1.147,0.092,0.089,1.18,1.157,1.169,1.232,1.036,1.158,1.137,0.921,1.027,1.268,0.089,0.088,0.087,0.092,1.231,0.089,0.089,0.088,0.095,0.086,0.088,0.088,0.086
,20:54:16,38,0.09,0.088,0.088,0.087,0.089,0.087,0.087,0.089,0.087,0.087,0.088,0.088,0.088,0.442,0.251,0.08,0.265,0.3,0.24,0.341,0.209,0.252,0.253,0.088,0.089,0.318,0.349,0.26,0.261,0.171,0.256,0.221,0.302,0.274,0.252,0.088,0.089,0.316,0.286,0.309,0.343,0.241,0.274,0.292,0.192,0.272,0.317,0.088,0.091,1.143,1.194,0.089,1.147,1.112,0.873,1.222,1.024,0.572,1.206,0.09,0.089,1.15,1.138,0.868,1.123,1.116,0.942,1.156,1.092,1.112,1.146,0.092,0.089,1.179,1.157,1.169,1.232,1.034,1.158,1.136,0.92,1.027,1.268,0.089,0.088,0.087,0.092,1.231,0.089,0.089,0.088,0.095,0.086,0.088,0.088,0.086
,20:59:16,38,0.09,0.088,0.088,0.087,0.088,0.087,0.087,0.089,0.087,0.087,0.088,0.088,0.088,0.442,0.252,0.08,0.266,0.299,0.24,0.342,0.209,0.252,0.253,0.088,0.089,0.317,0.348,0.26,0.261,0.171,0.256,0.219,0.302,0.272,0.252,0.088,0.089,0.316,0.286,0.308,0.343,0.241,0.274,0.292,0.192,0.271,0.317,0.088,0.091,1.143,1.194,0.088,1.146,1.112,0.872,1.221,1.024,0.573,1.206,0.09,0.089,1.149,1.138,0.866,1.122,1.113,0.941,1.155,1.092,1.112,1.145,0.092,0.089,1.179,1.156,1.169,1.232,1.034,1.156,1.135,0.921,1.025,1.268,0.089,0.087,0.087,0.092,1.23,0.089,0.089,0.088,0.095,0.086,0.088,0.088,0.086
,21:04:16,38,0.09,0.088,0.088,0.087,0.088,0.087,0.087,0.089,0.087,0.087,0.088,0.088,0.088,0.443,0.252,0.08,0.266,0.299,0.241,0.342,0.209,0.252,0.253,0.088,0.089,0.317,0.349,0.259,0.261,0.172,0.256,0.221,0.302,0.273,0.252,0.088,0.089,0.316,0.285,0.307,0.344,0.241,0.273,0.291,0.192,0.271,0.318,0.088,0.091,1.142,1.193,0.09,1.146,1.111,0.87,1.221,1.023,0.572,1.206,0.09,0.089,1.148,1.137,0.865,1.122,1.115,0.941,1.155,1.09,1.111,1.144,0.092,0.089,1.179,1.155,1.169,1.231,1.033,1.155,1.134,0.921,1.024,1.268,0.089,0.088,0.087,0.092,1.229,0.089,0.089,0.088,0.094,0.086,0.088,0.088,0.086
,21:09:16,38.1,0.09,0.088,0.088,0.087,0.089,0.087,0.087,0.089,0.087,0.087,0.088,0.088,0.088,0.442,0.252,0.08,0.266,0.298,0.241,0.343,0.209,0.251,0.254,0.088,0.089,0.316,0.349,0.259,0.261,0.172,0.257,0.22,0.301,0.274,0.252,0.088,0.089,0.315,0.285,0.307,0.344,0.24,0.274,0.291,0.192,0.271,0.319,0.089,0.091,1.141,1.193,0.088,1.145,1.11,0.868,1.221,1.022,0.572,1.205,0.09,0.089,1.148,1.136,0.863,1.121,1.115,0.94,1.153,1.09,1.111,1.143,0.092,0.089,1.178,1.154,1.169,1.23,1.032,1.153,1.132,0.922,1.023,1.268,0.088,0.088,0.087,0.092,1.229,0.089,0.089,0.088,0.095,0.085,0.088,0.088,0.086
,21:14:15,38,0.09,0.088,0.088,0.088,0.089,0.087,0.087,0.089,0.087,0.087,0.088,0.088,0.088,0.444,0.253,0.08,0.266,0.299,0.242,0.344,0.209,0.252,0.254,0.088,0.089,0.316,0.35,0.258,0.261,0.172,0.258,0.22,0.301,0.274,0.253,0.088,0.089,0.315,0.285,0.307,0.344,0.24,0.273,0.291,0.193,0.27,0.319,0.088,0.091,1.141,1.194,0.088,1.146,1.11,0.867,1.221,1.022,0.57,1.204,0.09,0.089,1.148,1.137,0.863,1.122,1.114,0.941,1.153,1.09,1.111,1.143,0.092,0.089,1.178,1.155,1.169,1.23,1.03,1.153,1.131,0.922,1.022,1.267,0.089,0.088,0.087,0.092,1.228,0.089,0.089,0.088,0.095,0.086,0.088,0.089,0.086
,21:19:16,38,0.09,0.088,0.088,0.087,0.088,0.087,0.088,0.089,0.087,0.087,0.088,0.088,0.088,0.444,0.253,0.08,0.266,0.298,0.243,0.344,0.209,0.252,0.254,0.088,0.089,0.316,0.35,0.258,0.261,0.173,0.258,0.221,0.301,0.274,0.253,0.088,0.089,0.315,0.285,0.307,0.344,0.24,0.273,0.291,0.193,0.27,0.319,0.088,0.091,1.141,1.193,0.088,1.145,1.109,0.866,1.221,1.021,0.57,1.204,0.09,0.089,1.147,1.136,0.862,1.121,1.112,0.94,1.153,1.09,1.11,1.143,0.092,0.089,1.177,1.154,1.168,1.23,1.03,1.151,1.129,0.921,1.021,1.266,0.089,0.088,0.087,0.092,1.227,0.089,0.089,0.088,0.094,0.086,0.088,0.088,0.086
,21:24:16,38,0.09,0.088,0.088,0.087,0.088,0.087,0.087,0.089,0.087,0.087,0.088,0.088,0.088,0.445,0.253,0.08,0.267,0.298,0.244,0.345,0.209,0.251,0.254,0.088,0.089,0.316,0.351,0.258,0.261,0.174,0.258,0.221,0.301,0.274,0.252,0.088,0.089,0.314,0.284,0.307,0.345,0.239,0.273,0.291,0.193,0.27,0.32,0.088,0.091,1.14,1.193,0.091,1.145,1.109,0.865,1.222,1.02,0.57,1.203,0.09,0.089,1.146,1.136,0.86,1.12,1.112,0.94,1.152,1.089,1.11,1.142,0.092,0.089,1.177,1.154,1.168,1.229,1.028,1.15,1.128,0.921,1.02,1.266,0.089,0.088,0.087,0.092,1.226,0.089,0.089,0.088,0.095,0.086,0.088,0.088,0.086
,21:29:16,38,0.09,0.088,0.088,0.087,0.088,0.087,0.087,0.089,0.087,0.087,0.088,0.088,0.088,0.445,0.253,0.08,0.267,0.297,0.244,0.345,0.209,0.251,0.255,0.088,0.089,0.315,0.351,0.257,0.26,0.174,0.259,0.222,0.3,0.275,0.253,0.088,0.089,0.314,0.284,0.307,0.345,0.238,0.273,0.291,0.193,0.27,0.32,0.088,0.091,1.14,1.192,0.088,1.145,1.108,0.863,1.222,1.02,0.571,1.202,0.09,0.089,1.146,1.135,0.86,1.12,1.112,0.939,1.151,1.089,1.109,1.141,0.092,0.089,1.177,1.153,1.168,1.229,1.028,1.149,1.127,0.921,1.019,1.266,0.088,0.087,0.087,0.091,1.226,0.089,0.089,0.088,0.094,0.085,0.088,0.088,0.086
,21:34:16,38,0.09,0.088,0.088,0.087,0.088,0.087,0.087,0.089,0.087,0.087,0.088,0.088,0.088,0.445,0.253,0.08,0.267,0.297,0.244,0.346,0.209,0.251,0.255,0.088,0.089,0.316,0.352,0.257,0.26,0.175,0.259,0.221,0.3,0.275,0.253,0.088,0.089,0.315,0.284,0.306,0.345,0.239,0.274,0.29,0.194,0.27,0.32,0.088,0.091,1.139,1.191,0.088,1.144,1.107,0.861,1.221,1.02,0.568,1.202,0.09,0.089,1.145,1.135,0.858,1.118,1.107,0.939,1.15,1.088,1.109,1.14,0.092,0.089,1.176,1.153,1.168,1.229,1.026,1.148,1.126,0.922,1.018,1.266,0.089,0.088,0.087,0.092,1.225,0.089,0.089,0.088,0.094,0.086,0.088,0.088,0.086
,21:39:16,38,0.09,0.088,0.088,0.087,0.088,0.087,0.087,0.089,0.087,0.087,0.088,0.088,0.088,0.446,0.254,0.08,0.267,0.296,0.245,0.346,0.21,0.252,0.255,0.088,0.089,0.314,0.352,0.257,0.26,0.175,0.259,0.222,0.3,0.275,0.253,0.088,0.089,0.313,0.284,0.306,0.346,0.238,0.272,0.29,0.194,0.269,0.321,0.088,0.091,1.139,1.191,0.088,1.144,1.107,0.86,1.221,1.02,0.569,1.201,0.09,0.089,1.144,1.134,0.857,1.118,1.111,0.939,1.149,1.088,1.109,1.14,0.092,0.089,1.176,1.152,1.168,1.228,1.025,1.147,1.125,0.92,1.017,1.265,0.088,0.087,0.087,0.091,1.224,0.089,0.089,0.088,0.095,0.085,0.088,0.088,0.086
,21:44:16,38.1,0.09,0.088,0.088,0.087,0.088,0.087,0.087,0.089,0.087,0.087,0.088,0.088,0.088,0.446,0.255,0.08,0.267,0.297,0.246,0.347,0.21,0.251,0.255,0.088,0.089,0.315,0.354,0.257,0.26,0.175,0.259,0.222,0.3,0.275,0.253,0.088,0.089,0.313,0.284,0.306,0.346,0.238,0.273,0.29,0.194,0.269,0.322,0.088,0.091,1.139,1.192,0.092,1.144,1.106,0.859,1.221,1.019,0.567,1.201,0.09,0.089,1.144,1.135,0.856,1.118,1.108,0.939,1.148,1.087,1.108,1.139,0.092,0.089,1.175,1.152,1.168,1.228,1.024,1.145,1.123,0.922,1.015,1.264,0.089,0.088,0.087,0.092,1.224,0.089,0.089,0.088,0.095,0.086,0.088,0.089,0.086
,21:49:16,38,0.09,0.088,0.088,0.087,0.089,0.087,0.087,0.089,0.087,0.088,0.088,0.088,0.088,0.446,0.254,0.08,0.267,0.296,0.247,0.348,0.21,0.252,0.256,0.088,0.089,0.314,0.354,0.257,0.26,0.176,0.259,0.222,0.3,0.276,0.254,0.088,0.089,0.313,0.283,0.305,0.347,0.238,0.272,0.29,0.194,0.269,0.322,0.088,0.091,1.138,1.191,0.088,1.143,1.105,0.857,1.22,1.018,0.568,1.2,0.09,0.089,1.143,1.135,0.854,1.117,1.106,0.938,1.148,1.087,1.108,1.139,0.092,0.089,1.175,1.151,1.168,1.228,1.023,1.144,1.122,0.922,1.014,1.264,0.089,0.088,0.087,0.092,1.223,0.089,0.089,0.088,0.094,0.086,0.088,0.088,0.086
,21:54:16,38.1,0.09,0.088,0.088,0.087,0.089,0.087,0.087,0.09,0.087,0.088,0.088,0.088,0.088,0.446,0.255,0.08,0.267,0.296,0.247,0.348,0.21,0.252,0.256,0.088,0.089,0.314,0.354,0.257,0.26,0.177,0.259,0.223,0.299,0.275,0.254,0.088,0.089,0.313,0.283,0.305,0.347,0.238,0.272,0.289,0.195,0.269,0.323,0.088,0.091,1.137,1.19,0.088,1.142,1.105,0.856,1.22,1.018,0.566,1.2,0.09,0.089,1.143,1.135,0.853,1.116,1.105,0.937,1.147,1.086,1.107,1.138,0.092,0.089,1.174,1.15,1.167,1.227,1.022,1.143,1.121,0.923,1.013,1.264,0.089,0.088,0.087,0.092,1.222,0.089,0.089,0.088,0.095,0.086,0.088,0.089,0.086
,21:59:16,38,0.09,0.088,0.088,0.087,0.088,0.087,0.088,0.09,0.087,0.087,0.088,0.088,0.088,0.447,0.255,0.08,0.268,0.296,0.248,0.349,0.21,0.252,0.256,0.088,0.089,0.314,0.355,0.256,0.26,0.178,0.26,0.223,0.299,0.275,0.254,0.088,0.089,0.313,0.283,0.305,0.347,0.238,0.274,0.29,0.194,0.269,0.323,0.088,0.091,1.137,1.19,0.088,1.142,1.104,0.855,1.22,1.017,0.566,1.199,0.09,0.089,1.142,1.135,0.852,1.116,1.108,0.937,1.147,1.085,1.107,1.137,0.092,0.089,1.174,1.15,1.167,1.227,1.021,1.142,1.12,0.922,1.013,1.263,0.089,0.088,0.087,0.092,1.222,0.089,0.089,0.088,0.095,0.086,0.088,0.089,0.086
,22:04:16,38,0.09,0.088,0.088,0.087,0.089,0.087,0.087,0.089,0.087,0.087,0.088,0.088,0.088,0.447,0.255,0.08,0.268,0.295,0.249,0.349,0.21,0.252,0.256,0.088,0.089,0.314,0.355,0.255,0.26,0.178,0.26,0.223,0.299,0.275,0.254,0.088,0.089,0.313,0.283,0.306,0.347,0.237,0.271,0.29,0.194,0.268,0.324,0.088,0.091,1.137,1.19,0.091,1.142,1.103,0.853,1.22,1.017,0.565,1.198,0.09,0.089,1.141,1.136,0.851,1.115,1.105,0.937,1.146,1.085,1.107,1.137,0.092,0.089,1.174,1.15,1.168,1.226,1.02,1.14,1.119,0.925,1.011,1.263,0.089,0.088,0.087,0.092,1.221,0.089,0.089,0.088,0.095,0.086,0.088,0.088,0.086
,,,,,,,,,,,,,,,,,,,,,,,,,,,,,,,,,,,,,,,,,,,,,,,,,,,,,,,,,,,,,,,,,,,,,,,,,,,,,,,,,,,,,,,,,,,,,,,,,,
Results,,,,,,,,,,,,,,,,,,,,,,,,,,,,,,,,,,,,,,,,,,,,,,,,,,,,,,,,,,,,,,,,,,,,,,,,,,,,,,,,,,,,,,,,,,,,,,,,,,
,,,,,,,,,,,,,,,,,,,,,,,,,,,,,,,,,,,,,,,,,,,,,,,,,,,,,,,,,,,,,,,,,,,,,,,,,,,,,,,,,,,,,,,,,,,,,,,,,,
,,1,2,3,4,5,6,7,8,9,10,11,12,,,,,,,,,,,,,,,,,,,,,,,,,,,,,,,,,,,,,,,,,,,,,,,,,,,,,,,,,,,,,,,,,,,,,,,,,,,,,,,,,,,,,
,A,-0.046,-0.03,-0.044,-0.034,-0.056,-0.022,0.02,0.018,-0.026,0.018,-0.022,-0.078,Max V [600],,,,,,,,,,,,,,,,,,,,,,,,,,,,,,,,,,,,,,,,,,,,,,,,,,,,,,,,,,,,,,,,,,,,,,,,,,,,,,,,,,,,
,,0.596,0.686,0.614,0.87,0.731,0.571,0.893,0.92,0.813,0.88,0.605,0.565,R-Squared [600],,,,,,,,,,,,,,,,,,,,,,,,,,,,,,,,,,,,,,,,,,,,,,,,,,,,,,,,,,,,,,,,,,,,,,,,,,,,,,,,,,,,
,,0:14:16,0:14:16,5:04:16,0:14:16,0:14:16,0:24:16,5:39:16,21:44:16,0:14:16,8:04:16,14:59:16,17:24:16,t at Max V [600],,,,,,,,,,,,,,,,,,,,,,,,,,,,,,,,,,,,,,,,,,,,,,,,,,,,,,,,,,,,,,,,,,,,,,,,,,,,,,,,,,,,
,,?????,?????,4:51:05,?????,?????,0:17:00,5:41:16,21:48:43,0:05:48,7:55:23,14:32:00,17:17:05,Lagtime [600],,,,,,,,,,,,,,,,,,,,,,,,,,,,,,,,,,,,,,,,,,,,,,,,,,,,,,,,,,,,,,,,,,,,,,,,,,,,,,,,,,,,
,B,-0.026,0.978,0.67,-0.028,0.446,0.682,0.384,0.602,0.538,0.314,0.458,-0.03,Max V [600],,,,,,,,,,,,,,,,,,,,,,,,,,,,,,,,,,,,,,,,,,,,,,,,,,,,,,,,,,,,,,,,,,,,,,,,,,,,,,,,,,,,
,,0.65,1,0.914,0.527,0.998,0.963,0.995,0.964,0.863,0.98,0.939,0.865,R-Squared [600],,,,,,,,,,,,,,,,,,,,,,,,,,,,,,,,,,,,,,,,,,,,,,,,,,,,,,,,,,,,,,,,,,,,,,,,,,,,,,,,,,,,
,,0:24:16,15:44:16,6:24:16,0:14:16,4:29:16,5:09:16,5:34:16,5:44:16,5:34:16,8:44:16,4:44:16,5:24:16,t at Max V [600],,,,,,,,,,,,,,,,,,,,,,,,,,,,,,,,,,,,,,,,,,,,,,,,,,,,,,,,,,,,,,,,,,,,,,,,,,,,,,,,,,,,
,,0:12:44,10:08:20,4:42:48,?????,2:51:14,3:10:07,4:01:18,3:47:35,4:38:48,5:01:55,3:35:40,5:04:16,Lagtime [600],,,,,,,,,,,,,,,,,,,,,,,,,,,,,,,,,,,,,,,,,,,,,,,,,,,,,,,,,,,,,,,,,,,,,,,,,,,,,,,,,,,,
,C,-0.026,-0.356,0.518,0.5,0.444,0.168,0.408,0.424,0.35,0.404,0.434,-0.026,Max V [600],,,,,,,,,,,,,,,,,,,,,,,,,,,,,,,,,,,,,,,,,,,,,,,,,,,,,,,,,,,,,,,,,,,,,,,,,,,,,,,,,,,,
,,0.631,0.605,0.909,0.88,0.971,0.995,0.996,0.839,0.992,0.995,0.992,0.899,R-Squared [600],,,,,,,,,,,,,,,,,,,,,,,,,,,,,,,,,,,,,,,,,,,,,,,,,,,,,,,,,,,,,,,,,,,,,,,,,,,,,,,,,,,,
,,0:14:16,0:34:16,5:54:16,0:49:16,5:04:16,13:59:16,12:19:16,13:24:16,6:54:16,7:59:16,6:09:16,0:14:16,t at Max V [600],,,,,,,,,,,,,,,,,,,,,,,,,,,,,,,,,,,,,,,,,,,,,,,,,,,,,,,,,,,,,,,,,,,,,,,,,,,,,,,,,,,,
,,?????,0:30:34,3:32:16,0:41:42,2:41:10,9:27:00,9:52:54,9:43:25,3:05:25,4:55:18,4:07:09,?????,Lagtime [600],,,,,,,,,,,,,,,,,,,,,,,,,,,,,,,,,,,,,,,,,,,,,,,,,,,,,,,,,,,,,,,,,,,,,,,,,,,,,,,,,,,,
,D,-0.028,0.388,0.444,0.704,0.522,0.414,0.43,0.412,-1.232,0.658,0.402,0.02,Max V [600],,,,,,,,,,,,,,,,,,,,,,,,,,,,,,,,,,,,,,,,,,,,,,,,,,,,,,,,,,,,,,,,,,,,,,,,,,,,,,,,,,,,
,,0.79,0.999,0.997,0.945,0.987,0.981,0.925,0.998,0.518,0.998,0.969,0.532,R-Squared [600],,,,,,,,,,,,,,,,,,,,,,,,,,,,,,,,,,,,,,,,,,,,,,,,,,,,,,,,,,,,,,,,,,,,,,,,,,,,,,,,,,,,
,,0:14:16,4:59:16,3:59:16,3:24:16,7:04:16,2:34:16,0:19:16,6:04:16,0:14:16,13:04:16,18:44:16,10:59:16,t at Max V [600],,,,,,,,,,,,,,,,,,,,,,,,,,,,,,,,,,,,,,,,,,,,,,,,,,,,,,,,,,,,,,,,,,,,,,,,,,,,,,,,,,,,
,,?????,3:14:10,2:37:33,2:34:47,3:25:48,1:49:44,0:11:22,4:06:56,?????,7:34:11,9:53:34,11:25:16,Lagtime [600],,,,,,,,,,,,,,,,,,,,,,,,,,,,,,,,,,,,,,,,,,,,,,,,,,,,,,,,,,,,,,,,,,,,,,,,,,,,,,,,,,,,
,E,-0.034,2.934,5.844,-0.22,5.804,5.19,5.348,5.826,6.01,4.008,6.164,-0.024,Max V [600],,,,,,,,,,,,,,,,,,,,,,,,,,,,,,,,,,,,,,,,,,,,,,,,,,,,,,,,,,,,,,,,,,,,,,,,,,,,,,,,,,,,
,,0.85,1,0.997,0.847,0.998,0.994,0.997,0.997,0.998,0.998,0.999,0.973,R-Squared [600],,,,,,,,,,,,,,,,,,,,,,,,,,,,,,,,,,,,,,,,,,,,,,,,,,,,,,,,,,,,,,,,,,,,,,,,,,,,,,,,,,,,
,,0:14:16,3:44:16,2:29:16,4:44:16,2:19:16,3:24:16,2:44:16,2:59:16,3:19:16,2:34:16,2:54:16,15:24:16,t at Max V [600],,,,,,,,,,,,,,,,,,,,,,,,,,,,,,,,,,,,,,,,,,,,,,,,,,,,,,,,,,,,,,,,,,,,,,,,,,,,,,,,,,,,
,,?????,2:11:12,1:31:49,4:48:16,1:18:13,2:23:54,1:43:59,1:58:45,2:27:51,1:25:54,1:57:35,15:19:16,Lagtime [600],,,,,,,,,,,,,,,,,,,,,,,,,,,,,,,,,,,,,,,,,,,,,,,,,,,,,,,,,,,,,,,,,,,,,,,,,,,,,,,,,,,,
,F,-0.036,4.404,5.624,5.168,6.144,5.364,4.438,6.134,6.194,6.052,6.34,-0.022,Max V [600],,,,,,,,,,,,,,,,,,,,,,,,,,,,,,,,,,,,,,,,,,,,,,,,,,,,,,,,,,,,,,,,,,,,,,,,,,,,,,,,,,,,
,,0.794,0.999,0.997,0.998,0.997,0.996,0.997,0.997,0.995,0.997,0.996,0.864,R-Squared [600],,,,,,,,,,,,,,,,,,,,,,,,,,,,,,,,,,,,,,,,,,,,,,,,,,,,,,,,,,,,,,,,,,,,,,,,,,,,,,,,,,,,
,,0:14:16,4:29:16,3:04:16,2:24:16,2:49:16,3:44:16,4:29:16,3:14:16,2:34:16,3:49:16,5:44:16,0:19:16,t at Max V [600],,,,,,,,,,,,,,,,,,,,,,,,,,,,,,,,,,,,,,,,,,,,,,,,,,,,,,,,,,,,,,,,,,,,,,,,,,,,,,,,,,,,
,,?????,3:19:03,2:01:40,1:23:04,1:54:29,2:28:42,3:28:38,2:21:06,1:43:43,2:51:25,4:51:29,0:14:43,Lagtime [600],,,,,,,,,,,,,,,,,,,,,,,,,,,,,,,,,,,,,,,,,,,,,,,,,,,,,,,,,,,,,,,,,,,,,,,,,,,,,,,,,,,,
,G,-0.026,5.86,5.738,5.708,5.754,5.838,6.058,5.59,5.082,5.848,6.324,-0.026,Max V [600],,,,,,,,,,,,,,,,,,,,,,,,,,,,,,,,,,,,,,,,,,,,,,,,,,,,,,,,,,,,,,,,,,,,,,,,,,,,,,,,,,,,
,,0.899,0.996,0.998,0.998,0.999,0.996,0.997,0.998,0.992,0.998,0.999,0.939,R-Squared [600],,,,,,,,,,,,,,,,,,,,,,,,,,,,,,,,,,,,,,,,,,,,,,,,,,,,,,,,,,,,,,,,,,,,,,,,,,,,,,,,,,,,
,,0:14:16,2:44:16,2:54:16,2:54:16,2:44:16,2:24:16,2:59:16,3:54:16,2:19:16,3:09:16,2:49:16,4:49:16,t at Max V [600],,,,,,,,,,,,,,,,,,,,,,,,,,,,,,,,,,,,,,,,,,,,,,,,,,,,,,,,,,,,,,,,,,,,,,,,,,,,,,,,,,,,
,,?????,1:46:05,1:57:41,1:53:00,1:39:35,1:25:31,2:04:24,2:55:32,1:24:29,2:06:50,1:53:19,4:22:21,Lagtime [600],,,,,,,,,,,,,,,,,,,,,,,,,,,,,,,,,,,,,,,,,,,,,,,,,,,,,,,,,,,,,,,,,,,,,,,,,,,,,,,,,,,,
,H,-0.03,-0.026,-0.04,6.404,-0.044,-0.022,-0.024,0.132,-0.018,-0.028,-0.028,-0.024,Max V [600],,,,,,,,,,,,,,,,,,,,,,,,,,,,,,,,,,,,,,,,,,,,,,,,,,,,,,,,,,,,,,,,,,,,,,,,,,,,,,,,,,,,
,,0.686,0.899,0.971,0.995,0.471,0.703,0.8,0.924,0.579,0.778,0.576,0.75,R-Squared [600],,,,,,,,,,,,,,,,,,,,,,,,,,,,,,,,,,,,,,,,,,,,,,,,,,,,,,,,,,,,,,,,,,,,,,,,,,,,,,,,,,,,
,,0:14:16,0:24:16,0:14:16,8:19:16,2:29:16,14:19:16,0:14:16,0:49:16,0:14:16,0:14:16,0:14:16,15:34:16,t at Max V [600],,,,,,,,,,,,,,,,,,,,,,,,,,,,,,,,,,,,,,,,,,,,,,,,,,,,,,,,,,,,,,,,,,,,,,,,,,,,,,,,,,,,
,,?????,0:09:39,0:05:46,7:24:24,2:25:11,14:17:27,?????,1:00:20,?????,?????,?????,15:06:46,Lagtime [600],,,,,,,,,,,,,,,,,,,,,,,,,,,,,,,,,,,,,,,,,,,,,,,,,,,,,,,,,,,,,,,,,,,,,,,,,,,,,,,,,,,,
