Software Version,3.11.19,,,,,,,,,,,,,,,,,,,,,,,,,,,,,,,,,,,,,,,,,,,,,,,,,,,,,,,,,,,,,,,,,,,,,,,,,,,,,,,,,,,,,,,,,,,,,,,,,
,,,,,,,,,,,,,,,,,,,,,,,,,,,,,,,,,,,,,,,,,,,,,,,,,,,,,,,,,,,,,,,,,,,,,,,,,,,,,,,,,,,,,,,,,,,,,,,,,,
Experiment File Path:,C:\Users\jelab\Documents\Gen 5\Edward Liu\Experiment19.xpt,,,,,,,,,,,,,,,,,,,,,,,,,,,,,,,,,,,,,,,,,,,,,,,,,,,,,,,,,,,,,,,,,,,,,,,,,,,,,,,,,,,,,,,,,,,,,,,,,
Protocol File Path:,C:\Users\jelab\Documents\Gen 5\Edward Liu\synergy prot\synergyRIFRxT 37c.prt,,,,,,,,,,,,,,,,,,,,,,,,,,,,,,,,,,,,,,,,,,,,,,,,,,,,,,,,,,,,,,,,,,,,,,,,,,,,,,,,,,,,,,,,,,,,,,,,,
Plate Number,Plate 2,,,,,,,,,,,,,,,,,,,,,,,,,,,,,,,,,,,,,,,,,,,,,,,,,,,,,,,,,,,,,,,,,,,,,,,,,,,,,,,,,,,,,,,,,,,,,,,,,
Date,26/03/2026,,,,,,,,,,,,,,,,,,,,,,,,,,,,,,,,,,,,,,,,,,,,,,,,,,,,,,,,,,,,,,,,,,,,,,,,,,,,,,,,,,,,,,,,,,,,,,,,,
Time,9:47:14 AM,,,,,,,,,,,,,,,,,,,,,,,,,,,,,,,,,,,,,,,,,,,,,,,,,,,,,,,,,,,,,,,,,,,,,,,,,,,,,,,,,,,,,,,,,,,,,,,,,
Reader Type:,Synergy HT,,,,,,,,,,,,,,,,,,,,,,,,,,,,,,,,,,,,,,,,,,,,,,,,,,,,,,,,,,,,,,,,,,,,,,,,,,,,,,,,,,,,,,,,,,,,,,,,,
Reader Serial Number:,271552,,,,,,,,,,,,,,,,,,,,,,,,,,,,,,,,,,,,,,,,,,,,,,,,,,,,,,,,,,,,,,,,,,,,,,,,,,,,,,,,,,,,,,,,,,,,,,,,,
Reading Type,Reader,,,,,,,,,,,,,,,,,,,,,,,,,,,,,,,,,,,,,,,,,,,,,,,,,,,,,,,,,,,,,,,,,,,,,,,,,,,,,,,,,,,,,,,,,,,,,,,,,
,,,,,,,,,,,,,,,,,,,,,,,,,,,,,,,,,,,,,,,,,,,,,,,,,,,,,,,,,,,,,,,,,,,,,,,,,,,,,,,,,,,,,,,,,,,,,,,,,,
Procedure Details,,,,,,,,,,,,,,,,,,,,,,,,,,,,,,,,,,,,,,,,,,,,,,,,,,,,,,,,,,,,,,,,,,,,,,,,,,,,,,,,,,,,,,,,,,,,,,,,,,
Plate Type,96 WELL PLATE,,,,,,,,,,,,,,,,,,,,,,,,,,,,,,,,,,,,,,,,,,,,,,,,,,,,,,,,,,,,,,,,,,,,,,,,,,,,,,,,,,,,,,,,,,,,,,,,,
Set Temperature,Setpoint 37°C,,,,,,,,,,,,,,,,,,,,,,,,,,,,,,,,,,,,,,,,,,,,,,,,,,,,,,,,,,,,,,,,,,,,,,,,,,,,,,,,,,,,,,,,,,,,,,,,,
,Preheat before moving to next step,,,,,,,,,,,,,,,,,,,,,,,,,,,,,,,,,,,,,,,,,,,,,,,,,,,,,,,,,,,,,,,,,,,,,,,,,,,,,,,,,,,,,,,,,,,,,,,,,
Start Kinetic,"Runtime 22:00:00 (HH:MM:SS), Interval 0:05:00, 265 Reads",,,,,,,,,,,,,,,,,,,,,,,,,,,,,,,,,,,,,,,,,,,,,,,,,,,,,,,,,,,,,,,,,,,,,,,,,,,,,,,,,,,,,,,,,,,,,,,,,
    Shake,"Medium, Continuous",,,,,,,,,,,,,,,,,,,,,,,,,,,,,,,,,,,,,,,,,,,,,,,,,,,,,,,,,,,,,,,,,,,,,,,,,,,,,,,,,,,,,,,,,,,,,,,,,
    Read,Absorbance Endpoint,,,,,,,,,,,,,,,,,,,,,,,,,,,,,,,,,,,,,,,,,,,,,,,,,,,,,,,,,,,,,,,,,,,,,,,,,,,,,,,,,,,,,,,,,,,,,,,,,
,Full Plate,,,,,,,,,,,,,,,,,,,,,,,,,,,,,,,,,,,,,,,,,,,,,,,,,,,,,,,,,,,,,,,,,,,,,,,,,,,,,,,,,,,,,,,,,,,,,,,,,
,Wavelengths:  600,,,,,,,,,,,,,,,,,,,,,,,,,,,,,,,,,,,,,,,,,,,,,,,,,,,,,,,,,,,,,,,,,,,,,,,,,,,,,,,,,,,,,,,,,,,,,,,,,
,Read Speed: Normal,,,,,,,,,,,,,,,,,,,,,,,,,,,,,,,,,,,,,,,,,,,,,,,,,,,,,,,,,,,,,,,,,,,,,,,,,,,,,,,,,,,,,,,,,,,,,,,,,
End Kinetic,,,,,,,,,,,,,,,,,,,,,,,,,,,,,,,,,,,,,,,,,,,,,,,,,,,,,,,,,,,,,,,,,,,,,,,,,,,,,,,,,,,,,,,,,,,,,,,,,,
,,,,,,,,,,,,,,,,,,,,,,,,,,,,,,,,,,,,,,,,,,,,,,,,,,,,,,,,,,,,,,,,,,,,,,,,,,,,,,,,,,,,,,,,,,,,,,,,,,
600,,,,,,,,,,,,,,,,,,,,,,,,,,,,,,,,,,,,,,,,,,,,,,,,,,,,,,,,,,,,,,,,,,,,,,,,,,,,,,,,,,,,,,,,,,,,,,,,,,
,,,,,,,,,,,,,,,,,,,,,,,,,,,,,,,,,,,,,,,,,,,,,,,,,,,,,,,,,,,,,,,,,,,,,,,,,,,,,,,,,,,,,,,,,,,,,,,,,,
,Time,T° 600,A1,A2,A3,A4,A5,A6,A7,A8,A9,A10,A11,A12,B1,B2,B3,B4,B5,B6,B7,B8,B9,B10,B11,B12,C1,C2,C3,C4,C5,C6,C7,C8,C9,C10,C11,C12,D1,D2,D3,D4,D5,D6,D7,D8,D9,D10,D11,D12,E1,E2,E3,E4,E5,E6,E7,E8,E9,E10,E11,E12,F1,F2,F3,F4,F5,F6,F7,F8,F9,F10,F11,F12,G1,G2,G3,G4,G5,G6,G7,G8,G9,G10,G11,G12,H1,H2,H3,H4,H5,H6,H7,H8,H9,H10,H11,H12
,0:00:00,37,0.086,0.087,0.089,0.087,0.087,0.086,0.086,0.086,0.087,0.087,0.087,0.087,0.088,0.084,0.099,0.095,0.1,0.103,0.098,0.09,0.098,0.099,0.094,0.089,0.09,0.095,0.102,0.099,0.097,0.095,0.099,0.105,0.105,0.091,0.088,0.088,0.089,0.096,0.097,0.105,0.096,0.089,0.095,0.099,0.095,0.103,0.093,0.088,0.091,0.093,0.119,0.112,0.122,0.105,0.119,0.111,0.106,0.12,0.105,0.089,0.091,0.12,0.121,0.14,0.128,0.119,0.121,0.119,0.182,0.117,0.127,0.089,0.09,0.104,0.118,0.114,0.118,0.105,0.111,0.111,0.112,0.119,0.117,0.088,0.088,0.087,0.087,0.087,0.087,0.088,0.087,0.087,0.091,0.091,0.088,0.088
,0:05:00,37,0.086,0.087,0.089,0.087,0.087,0.086,0.086,0.085,0.087,0.087,0.087,0.087,0.088,0.083,0.111,0.099,0.103,0.107,0.097,0.089,0.098,0.1,0.094,0.089,0.09,0.096,0.104,0.101,0.098,0.095,0.101,0.106,0.106,0.091,0.088,0.088,0.089,0.097,0.098,0.104,0.097,0.089,0.094,0.098,0.095,0.105,0.096,0.088,0.09,0.093,0.126,0.12,0.12,0.105,0.118,0.122,0.106,0.118,0.108,0.088,0.091,0.122,0.114,0.151,0.126,0.121,0.12,0.118,0.187,0.115,0.126,0.088,0.09,0.104,0.118,0.115,0.117,0.105,0.111,0.109,0.11,0.116,0.116,0.088,0.088,0.087,0.087,0.087,0.087,0.088,0.087,0.087,0.09,0.091,0.087,0.087
,0:10:00,37,0.087,0.087,0.089,0.088,0.088,0.086,0.087,0.086,0.087,0.087,0.087,0.087,0.089,0.083,0.114,0.101,0.101,0.109,0.096,0.09,0.098,0.1,0.094,0.089,0.09,0.096,0.101,0.102,0.099,0.095,0.102,0.107,0.106,0.091,0.088,0.088,0.089,0.1,0.1,0.103,0.097,0.09,0.094,0.098,0.094,0.1,0.092,0.088,0.091,0.093,0.131,0.121,0.119,0.106,0.117,0.124,0.106,0.118,0.108,0.089,0.091,0.122,0.122,0.155,0.125,0.119,0.119,0.123,0.19,0.114,0.124,0.089,0.09,0.104,0.118,0.117,0.116,0.105,0.111,0.108,0.11,0.116,0.115,0.088,0.089,0.087,0.088,0.087,0.087,0.089,0.087,0.087,0.091,0.09,0.087,0.088
,0:15:00,37,0.086,0.087,0.089,0.088,0.087,0.086,0.086,0.086,0.086,0.087,0.087,0.087,0.088,0.083,0.115,0.102,0.098,0.109,0.097,0.089,0.098,0.1,0.093,0.089,0.089,0.104,0.101,0.104,0.099,0.095,0.103,0.107,0.107,0.091,0.088,0.088,0.089,0.097,0.099,0.105,0.097,0.089,0.094,0.098,0.094,0.098,0.092,0.088,0.09,0.093,0.144,0.121,0.118,0.104,0.116,0.124,0.106,0.117,0.109,0.088,0.091,0.123,0.122,0.157,0.123,0.119,0.119,0.123,0.195,0.113,0.124,0.088,0.091,0.104,0.117,0.117,0.115,0.105,0.11,0.107,0.109,0.116,0.115,0.088,0.088,0.087,0.087,0.087,0.087,0.088,0.087,0.087,0.089,0.089,0.088,0.087
,0:20:00,37,0.087,0.087,0.09,0.087,0.087,0.086,0.087,0.086,0.086,0.087,0.087,0.087,0.088,0.083,0.114,0.103,0.099,0.109,0.097,0.089,0.098,0.1,0.093,0.089,0.09,0.096,0.107,0.112,0.101,0.095,0.106,0.107,0.108,0.091,0.088,0.088,0.089,0.098,0.104,0.105,0.097,0.09,0.094,0.097,0.095,0.098,0.092,0.087,0.09,0.093,0.147,0.123,0.12,0.105,0.116,0.126,0.107,0.118,0.109,0.088,0.091,0.125,0.122,0.162,0.123,0.119,0.12,0.122,0.205,0.114,0.126,0.088,0.09,0.105,0.118,0.119,0.114,0.107,0.111,0.107,0.11,0.117,0.116,0.088,0.088,0.087,0.087,0.086,0.087,0.088,0.087,0.087,0.09,0.088,0.088,0.088
,0:25:00,37,0.086,0.087,0.089,0.087,0.088,0.086,0.087,0.086,0.086,0.087,0.087,0.087,0.088,0.083,0.115,0.103,0.099,0.11,0.097,0.09,0.098,0.101,0.093,0.089,0.09,0.109,0.103,0.114,0.104,0.095,0.108,0.108,0.109,0.092,0.088,0.088,0.089,0.101,0.1,0.105,0.098,0.089,0.094,0.097,0.095,0.099,0.092,0.088,0.09,0.093,0.152,0.126,0.12,0.106,0.119,0.128,0.108,0.12,0.111,0.088,0.091,0.127,0.123,0.169,0.124,0.121,0.121,0.123,0.218,0.116,0.128,0.088,0.09,0.106,0.119,0.122,0.114,0.107,0.111,0.107,0.112,0.119,0.117,0.087,0.088,0.087,0.088,0.086,0.087,0.088,0.087,0.087,0.088,0.087,0.087,0.087
,0:30:00,37,0.086,0.087,0.09,0.088,0.088,0.087,0.087,0.086,0.086,0.087,0.087,0.087,0.088,0.083,0.115,0.105,0.101,0.11,0.098,0.09,0.098,0.101,0.093,0.089,0.09,0.096,0.107,0.114,0.101,0.095,0.109,0.108,0.109,0.092,0.088,0.088,0.089,0.098,0.099,0.112,0.099,0.09,0.094,0.098,0.095,0.1,0.092,0.088,0.091,0.093,0.158,0.131,0.123,0.107,0.118,0.13,0.11,0.122,0.112,0.088,0.091,0.13,0.125,0.178,0.125,0.123,0.123,0.124,0.235,0.118,0.131,0.088,0.09,0.108,0.121,0.126,0.115,0.109,0.112,0.107,0.114,0.122,0.12,0.088,0.088,0.087,0.088,0.087,0.087,0.088,0.087,0.087,0.087,0.087,0.088,0.088
,0:35:00,37,0.086,0.087,0.09,0.088,0.088,0.088,0.092,0.087,0.086,0.087,0.088,0.087,0.088,0.083,0.116,0.106,0.102,0.111,0.098,0.09,0.098,0.101,0.094,0.089,0.089,0.097,0.116,0.116,0.107,0.096,0.108,0.109,0.11,0.091,0.088,0.088,0.089,0.098,0.099,0.104,0.098,0.089,0.094,0.097,0.095,0.1,0.092,0.088,0.09,0.093,0.165,0.137,0.126,0.108,0.124,0.134,0.112,0.125,0.114,0.088,0.091,0.133,0.127,0.188,0.125,0.126,0.125,0.126,0.256,0.118,0.136,0.088,0.091,0.11,0.123,0.13,0.116,0.111,0.113,0.108,0.117,0.125,0.123,0.087,0.088,0.087,0.088,0.087,0.087,0.088,0.087,0.087,0.086,0.087,0.088,0.088
,0:40:00,37,0.087,0.087,0.09,0.088,0.088,0.087,0.091,0.086,0.086,0.087,0.087,0.087,0.088,0.083,0.116,0.105,0.102,0.111,0.098,0.09,0.099,0.101,0.094,0.089,0.089,0.106,0.111,0.118,0.108,0.096,0.107,0.109,0.11,0.092,0.088,0.088,0.089,0.098,0.099,0.106,0.1,0.09,0.096,0.098,0.095,0.101,0.093,0.088,0.091,0.093,0.171,0.143,0.129,0.109,0.123,0.139,0.114,0.129,0.116,0.088,0.091,0.136,0.13,0.199,0.127,0.13,0.128,0.129,0.282,0.12,0.141,0.088,0.091,0.112,0.126,0.135,0.117,0.113,0.114,0.109,0.121,0.13,0.127,0.088,0.088,0.087,0.088,0.087,0.087,0.088,0.087,0.087,0.087,0.087,0.088,0.087
,0:45:00,37,0.087,0.087,0.09,0.088,0.088,0.087,0.093,0.087,0.087,0.087,0.087,0.087,0.088,0.083,0.117,0.106,0.101,0.113,0.098,0.09,0.099,0.102,0.095,0.089,0.089,0.11,0.116,0.115,0.11,0.097,0.111,0.11,0.111,0.092,0.088,0.088,0.089,0.098,0.1,0.107,0.1,0.09,0.095,0.098,0.096,0.101,0.094,0.088,0.09,0.093,0.179,0.151,0.134,0.111,0.125,0.145,0.117,0.133,0.119,0.088,0.091,0.141,0.133,0.213,0.129,0.135,0.131,0.132,0.312,0.123,0.148,0.088,0.09,0.115,0.131,0.142,0.118,0.116,0.115,0.11,0.125,0.135,0.131,0.088,0.088,0.087,0.088,0.086,0.087,0.088,0.087,0.087,0.087,0.087,0.088,0.087
,0:50:00,37,0.086,0.088,0.09,0.087,0.088,0.087,0.092,0.086,0.087,0.087,0.087,0.087,0.088,0.083,0.117,0.105,0.102,0.112,0.099,0.09,0.099,0.102,0.095,0.089,0.089,0.109,0.117,0.118,0.109,0.097,0.111,0.11,0.112,0.092,0.088,0.088,0.089,0.099,0.101,0.106,0.1,0.09,0.095,0.098,0.096,0.1,0.092,0.088,0.09,0.093,0.189,0.161,0.14,0.113,0.129,0.152,0.12,0.14,0.122,0.088,0.091,0.145,0.137,0.23,0.131,0.14,0.136,0.137,0.345,0.127,0.156,0.088,0.09,0.118,0.136,0.151,0.12,0.119,0.115,0.111,0.131,0.142,0.137,0.087,0.088,0.087,0.088,0.086,0.087,0.088,0.087,0.087,0.086,0.087,0.088,0.087
,0:55:00,37,0.086,0.087,0.09,0.088,0.088,0.087,0.092,0.086,0.086,0.087,0.087,0.088,0.088,0.083,0.121,0.108,0.102,0.113,0.098,0.09,0.099,0.102,0.097,0.089,0.089,0.111,0.116,0.12,0.115,0.099,0.111,0.11,0.111,0.092,0.088,0.088,0.089,0.098,0.1,0.106,0.101,0.09,0.095,0.098,0.096,0.102,0.092,0.088,0.09,0.093,0.197,0.172,0.147,0.116,0.134,0.162,0.124,0.146,0.125,0.088,0.091,0.149,0.143,0.249,0.134,0.147,0.14,0.143,0.37,0.13,0.166,0.088,0.09,0.121,0.142,0.159,0.122,0.123,0.117,0.113,0.137,0.149,0.144,0.087,0.088,0.087,0.088,0.087,0.087,0.088,0.087,0.087,0.086,0.087,0.088,0.087
,1:00:00,37,0.086,0.087,0.089,0.088,0.088,0.087,0.093,0.087,0.086,0.086,0.087,0.087,0.088,0.083,0.119,0.107,0.102,0.112,0.099,0.09,0.099,0.102,0.096,0.089,0.089,0.109,0.114,0.118,0.114,0.098,0.111,0.111,0.112,0.092,0.088,0.088,0.089,0.099,0.101,0.112,0.102,0.09,0.095,0.098,0.096,0.101,0.092,0.088,0.09,0.093,0.209,0.186,0.155,0.119,0.14,0.174,0.128,0.153,0.129,0.088,0.091,0.154,0.149,0.272,0.137,0.154,0.146,0.148,0.399,0.134,0.177,0.088,0.09,0.125,0.149,0.169,0.125,0.128,0.118,0.115,0.144,0.158,0.151,0.087,0.088,0.087,0.088,0.087,0.087,0.088,0.087,0.087,0.086,0.087,0.088,0.088
,1:05:00,37,0.086,0.087,0.09,0.088,0.088,0.087,0.092,0.086,0.086,0.087,0.087,0.087,0.088,0.083,0.12,0.107,0.103,0.113,0.099,0.09,0.099,0.102,0.095,0.089,0.09,0.109,0.11,0.117,0.111,0.097,0.113,0.111,0.113,0.092,0.088,0.088,0.088,0.099,0.1,0.109,0.101,0.09,0.095,0.099,0.097,0.102,0.093,0.088,0.09,0.093,0.221,0.203,0.166,0.122,0.148,0.188,0.134,0.163,0.133,0.088,0.091,0.161,0.156,0.299,0.141,0.164,0.153,0.154,0.417,0.142,0.19,0.088,0.09,0.13,0.158,0.183,0.127,0.133,0.12,0.117,0.154,0.169,0.161,0.087,0.088,0.088,0.088,0.086,0.086,0.088,0.087,0.087,0.087,0.087,0.088,0.087
,1:10:00,37,0.087,0.087,0.09,0.088,0.088,0.087,0.092,0.087,0.086,0.087,0.087,0.087,0.088,0.083,0.121,0.106,0.103,0.113,0.099,0.09,0.099,0.103,0.095,0.089,0.089,0.11,0.115,0.118,0.111,0.098,0.112,0.112,0.113,0.092,0.088,0.088,0.089,0.099,0.101,0.112,0.101,0.09,0.095,0.098,0.097,0.101,0.093,0.088,0.09,0.093,0.237,0.222,0.176,0.127,0.156,0.204,0.14,0.174,0.139,0.088,0.091,0.168,0.166,0.316,0.146,0.175,0.161,0.163,0.431,0.151,0.206,0.088,0.09,0.135,0.168,0.197,0.131,0.139,0.121,0.12,0.165,0.182,0.172,0.088,0.088,0.087,0.088,0.086,0.087,0.088,0.087,0.087,0.086,0.087,0.088,0.088
,1:15:00,37,0.086,0.087,0.09,0.088,0.088,0.087,0.093,0.087,0.086,0.087,0.087,0.087,0.088,0.083,0.121,0.109,0.102,0.113,0.099,0.091,0.1,0.103,0.098,0.089,0.089,0.109,0.116,0.121,0.114,0.099,0.113,0.112,0.113,0.093,0.089,0.088,0.089,0.1,0.102,0.114,0.101,0.091,0.096,0.1,0.097,0.101,0.094,0.088,0.091,0.093,0.257,0.245,0.192,0.131,0.168,0.224,0.148,0.187,0.145,0.088,0.091,0.175,0.178,0.341,0.152,0.189,0.171,0.175,0.448,0.161,0.225,0.088,0.091,0.142,0.181,0.216,0.136,0.146,0.124,0.124,0.178,0.197,0.186,0.088,0.091,0.088,0.088,0.087,0.087,0.089,0.087,0.087,0.088,0.087,0.088,0.087
,1:20:00,37,0.086,0.087,0.09,0.088,0.088,0.087,0.093,0.087,0.086,0.089,0.087,0.087,0.088,0.083,0.125,0.108,0.103,0.115,0.1,0.091,0.1,0.103,0.098,0.089,0.089,0.107,0.119,0.121,0.116,0.1,0.113,0.113,0.114,0.093,0.089,0.088,0.089,0.099,0.101,0.109,0.101,0.091,0.096,0.099,0.097,0.101,0.094,0.088,0.09,0.093,0.279,0.256,0.208,0.137,0.18,0.246,0.158,0.202,0.153,0.088,0.091,0.184,0.193,0.378,0.158,0.204,0.181,0.189,0.466,0.171,0.246,0.088,0.09,0.15,0.196,0.232,0.141,0.154,0.126,0.128,0.194,0.214,0.202,0.087,0.088,0.087,0.088,0.086,0.087,0.088,0.087,0.087,0.088,0.087,0.088,0.087
,1:25:00,36.9,0.086,0.087,0.09,0.088,0.088,0.087,0.093,0.087,0.086,0.086,0.087,0.087,0.088,0.083,0.122,0.109,0.104,0.115,0.1,0.091,0.1,0.104,0.095,0.089,0.089,0.11,0.116,0.121,0.118,0.099,0.113,0.113,0.115,0.093,0.089,0.088,0.089,0.1,0.102,0.108,0.103,0.091,0.096,0.099,0.097,0.104,0.094,0.088,0.09,0.093,0.301,0.274,0.227,0.145,0.195,0.266,0.168,0.219,0.162,0.088,0.091,0.194,0.21,0.398,0.165,0.222,0.194,0.204,0.48,0.185,0.268,0.088,0.09,0.159,0.214,0.241,0.147,0.162,0.129,0.132,0.212,0.234,0.221,0.087,0.089,0.087,0.088,0.087,0.087,0.088,0.087,0.087,0.088,0.087,0.088,0.087
,1:30:00,37,0.087,0.087,0.09,0.088,0.088,0.087,0.093,0.087,0.086,0.087,0.087,0.087,0.088,0.083,0.132,0.11,0.105,0.115,0.101,0.091,0.1,0.104,0.1,0.089,0.089,0.112,0.12,0.125,0.114,0.099,0.114,0.114,0.115,0.094,0.089,0.088,0.089,0.1,0.103,0.112,0.104,0.091,0.096,0.099,0.098,0.105,0.094,0.088,0.09,0.093,0.326,0.301,0.246,0.153,0.213,0.28,0.18,0.241,0.172,0.088,0.091,0.202,0.23,0.411,0.173,0.244,0.208,0.223,0.499,0.201,0.28,0.088,0.091,0.169,0.235,0.259,0.156,0.172,0.132,0.139,0.223,0.245,0.244,0.088,0.088,0.088,0.089,0.087,0.087,0.089,0.087,0.087,0.087,0.087,0.088,0.088
,1:35:00,36.9,0.087,0.087,0.09,0.088,0.088,0.087,0.092,0.087,0.086,0.087,0.087,0.087,0.088,0.083,0.133,0.112,0.106,0.116,0.1,0.091,0.101,0.104,0.096,0.089,0.089,0.112,0.121,0.124,0.12,0.101,0.117,0.114,0.116,0.093,0.089,0.088,0.089,0.1,0.104,0.116,0.101,0.091,0.096,0.101,0.098,0.105,0.094,0.087,0.09,0.093,0.342,0.333,0.257,0.164,0.232,0.301,0.192,0.256,0.183,0.088,0.092,0.218,0.252,0.428,0.182,0.261,0.225,0.245,0.52,0.214,0.3,0.088,0.091,0.18,0.249,0.281,0.164,0.183,0.134,0.145,0.233,0.261,0.254,0.087,0.088,0.087,0.088,0.087,0.087,0.088,0.087,0.087,0.087,0.087,0.088,0.088
,1:40:00,37,0.086,0.087,0.09,0.088,0.088,0.087,0.093,0.086,0.086,0.087,0.087,0.087,0.088,0.083,0.134,0.111,0.105,0.116,0.101,0.091,0.101,0.105,0.099,0.089,0.089,0.111,0.119,0.126,0.116,0.101,0.116,0.116,0.116,0.094,0.089,0.088,0.089,0.1,0.105,0.112,0.105,0.091,0.097,0.101,0.099,0.103,0.096,0.088,0.09,0.093,0.35,0.369,0.277,0.176,0.253,0.33,0.207,0.274,0.196,0.088,0.092,0.23,0.264,0.449,0.193,0.275,0.245,0.258,0.542,0.233,0.326,0.088,0.091,0.194,0.26,0.308,0.175,0.196,0.138,0.154,0.253,0.283,0.269,0.087,0.089,0.087,0.088,0.086,0.087,0.088,0.087,0.087,0.087,0.087,0.088,0.087
,1:45:00,37,0.086,0.087,0.09,0.088,0.088,0.087,0.093,0.087,0.086,0.088,0.087,0.087,0.088,0.083,0.132,0.112,0.106,0.117,0.102,0.091,0.102,0.105,0.097,0.089,0.089,0.112,0.121,0.123,0.117,0.101,0.117,0.116,0.117,0.094,0.09,0.088,0.089,0.101,0.104,0.112,0.103,0.091,0.097,0.102,0.099,0.104,0.095,0.088,0.09,0.093,0.36,0.385,0.304,0.19,0.265,0.356,0.218,0.296,0.212,0.088,0.091,0.241,0.278,0.469,0.204,0.297,0.261,0.27,0.568,0.242,0.363,0.088,0.09,0.209,0.284,0.345,0.188,0.21,0.142,0.163,0.278,0.311,0.296,0.088,0.088,0.087,0.088,0.087,0.087,0.088,0.087,0.087,0.087,0.088,0.088,0.088
,1:50:00,37,0.087,0.087,0.09,0.088,0.088,0.087,0.092,0.087,0.086,0.087,0.087,0.087,0.088,0.083,0.135,0.112,0.105,0.117,0.102,0.092,0.102,0.106,0.098,0.089,0.089,0.11,0.119,0.126,0.117,0.099,0.118,0.116,0.122,0.094,0.089,0.088,0.089,0.101,0.105,0.114,0.103,0.092,0.097,0.101,0.1,0.104,0.097,0.088,0.09,0.093,0.371,0.404,0.337,0.205,0.285,0.37,0.233,0.326,0.228,0.088,0.092,0.26,0.302,0.493,0.216,0.329,0.279,0.293,0.591,0.261,0.38,0.088,0.09,0.226,0.312,0.365,0.203,0.219,0.146,0.175,0.305,0.338,0.326,0.087,0.088,0.087,0.088,0.086,0.087,0.088,0.087,0.087,0.087,0.087,0.088,0.087
,1:55:00,37,0.086,0.087,0.09,0.088,0.088,0.088,0.092,0.087,0.086,0.087,0.087,0.087,0.088,0.083,0.136,0.112,0.107,0.118,0.102,0.092,0.102,0.106,0.1,0.089,0.089,0.105,0.119,0.128,0.12,0.101,0.118,0.117,0.118,0.094,0.089,0.088,0.089,0.101,0.106,0.113,0.105,0.092,0.097,0.102,0.1,0.105,0.096,0.088,0.09,0.093,0.384,0.428,0.368,0.222,0.309,0.387,0.253,0.348,0.24,0.088,0.092,0.27,0.329,0.518,0.23,0.361,0.306,0.319,0.613,0.281,0.397,0.088,0.091,0.242,0.348,0.383,0.223,0.227,0.151,0.188,0.336,0.354,0.364,0.087,0.089,0.087,0.088,0.087,0.087,0.088,0.087,0.087,0.087,0.087,0.088,0.087
,2:00:00,37,0.087,0.087,0.09,0.088,0.088,0.088,0.092,0.087,0.087,0.087,0.087,0.087,0.088,0.084,0.136,0.113,0.108,0.119,0.103,0.092,0.103,0.107,0.101,0.09,0.09,0.108,0.123,0.131,0.12,0.101,0.12,0.118,0.119,0.096,0.09,0.088,0.089,0.102,0.109,0.118,0.105,0.092,0.101,0.102,0.101,0.106,0.097,0.088,0.091,0.093,0.396,0.45,0.386,0.234,0.342,0.41,0.276,0.367,0.256,0.088,0.092,0.29,0.363,0.548,0.245,0.372,0.324,0.353,0.629,0.302,0.419,0.088,0.091,0.26,0.373,0.403,0.234,0.242,0.156,0.205,0.351,0.375,0.386,0.088,0.089,0.088,0.088,0.087,0.087,0.088,0.087,0.087,0.088,0.088,0.088,0.088
,2:05:00,37,0.086,0.087,0.09,0.088,0.088,0.088,0.092,0.087,0.086,0.087,0.087,0.087,0.088,0.083,0.133,0.115,0.109,0.12,0.103,0.092,0.103,0.108,0.1,0.089,0.089,0.111,0.12,0.132,0.119,0.101,0.123,0.119,0.12,0.096,0.09,0.088,0.089,0.102,0.107,0.115,0.105,0.092,0.098,0.102,0.101,0.106,0.097,0.088,0.09,0.093,0.413,0.479,0.409,0.252,0.365,0.429,0.305,0.389,0.276,0.088,0.092,0.309,0.38,0.583,0.259,0.393,0.337,0.375,0.645,0.339,0.442,0.088,0.091,0.281,0.39,0.424,0.242,0.26,0.162,0.221,0.37,0.396,0.407,0.088,0.09,0.088,0.088,0.087,0.087,0.088,0.087,0.087,0.087,0.087,0.087,0.087
,2:10:00,37,0.087,0.087,0.09,0.088,0.089,0.088,0.092,0.088,0.086,0.087,0.087,0.087,0.088,0.083,0.139,0.118,0.11,0.121,0.104,0.093,0.104,0.109,0.099,0.089,0.089,0.11,0.128,0.132,0.127,0.103,0.126,0.12,0.121,0.097,0.09,0.088,0.089,0.103,0.108,0.122,0.108,0.092,0.1,0.105,0.101,0.108,0.097,0.088,0.091,0.093,0.43,0.515,0.436,0.275,0.388,0.454,0.32,0.412,0.3,0.088,0.092,0.32,0.401,0.613,0.274,0.416,0.352,0.395,0.662,0.357,0.467,0.088,0.091,0.302,0.409,0.452,0.261,0.281,0.168,0.226,0.393,0.421,0.428,0.088,0.091,0.088,0.088,0.087,0.087,0.088,0.087,0.087,0.088,0.088,0.088,0.087
,2:15:00,37,0.086,0.087,0.09,0.088,0.088,0.088,0.093,0.087,0.086,0.088,0.087,0.087,0.088,0.083,0.142,0.117,0.11,0.122,0.104,0.093,0.105,0.11,0.101,0.089,0.09,0.112,0.127,0.135,0.123,0.102,0.126,0.122,0.122,0.096,0.09,0.089,0.089,0.103,0.11,0.117,0.107,0.092,0.102,0.103,0.102,0.108,0.098,0.088,0.09,0.093,0.45,0.551,0.462,0.298,0.413,0.482,0.336,0.437,0.329,0.088,0.092,0.334,0.423,0.642,0.295,0.437,0.37,0.416,0.678,0.368,0.497,0.088,0.091,0.333,0.433,0.485,0.286,0.306,0.175,0.24,0.415,0.452,0.456,0.088,0.088,0.088,0.088,0.087,0.087,0.088,0.087,0.087,0.087,0.087,0.088,0.088
,2:20:00,37,0.087,0.087,0.09,0.088,0.088,0.088,0.093,0.087,0.086,0.087,0.087,0.087,0.088,0.084,0.141,0.119,0.111,0.123,0.105,0.093,0.106,0.11,0.1,0.089,0.089,0.113,0.129,0.138,0.124,0.103,0.129,0.123,0.124,0.097,0.09,0.088,0.089,0.103,0.111,0.12,0.11,0.092,0.101,0.11,0.103,0.108,0.098,0.088,0.09,0.093,0.473,0.59,0.494,0.325,0.437,0.514,0.357,0.467,0.36,0.088,0.092,0.349,0.449,0.664,0.313,0.462,0.39,0.442,0.695,0.389,0.529,0.088,0.091,0.355,0.462,0.521,0.31,0.334,0.182,0.262,0.446,0.491,0.49,0.088,0.089,0.087,0.088,0.087,0.087,0.088,0.087,0.087,0.087,0.087,0.088,0.087
,2:25:00,37,0.087,0.087,0.09,0.088,0.088,0.088,0.092,0.087,0.087,0.087,0.087,0.087,0.088,0.083,0.137,0.12,0.113,0.124,0.106,0.094,0.106,0.112,0.101,0.089,0.089,0.111,0.126,0.138,0.121,0.101,0.129,0.124,0.125,0.097,0.09,0.088,0.089,0.105,0.112,0.118,0.11,0.092,0.099,0.107,0.104,0.109,0.099,0.088,0.09,0.093,0.493,0.619,0.53,0.363,0.468,0.552,0.382,0.505,0.378,0.088,0.092,0.367,0.479,0.683,0.328,0.494,0.405,0.473,0.713,0.416,0.567,0.088,0.09,0.376,0.495,0.56,0.343,0.349,0.19,0.286,0.481,0.534,0.529,0.088,0.089,0.088,0.089,0.087,0.087,0.088,0.087,0.087,0.087,0.087,0.088,0.088
,2:30:00,37,0.087,0.087,0.09,0.088,0.088,0.088,0.092,0.088,0.086,0.087,0.087,0.087,0.088,0.083,0.142,0.122,0.115,0.125,0.107,0.094,0.107,0.113,0.104,0.09,0.089,0.107,0.129,0.137,0.123,0.104,0.132,0.127,0.128,0.099,0.091,0.088,0.089,0.104,0.115,0.12,0.109,0.093,0.1,0.107,0.105,0.112,0.099,0.088,0.09,0.093,0.519,0.643,0.58,0.381,0.503,0.579,0.409,0.552,0.402,0.088,0.092,0.383,0.514,0.701,0.344,0.529,0.422,0.507,0.73,0.44,0.609,0.088,0.09,0.396,0.531,0.601,0.365,0.366,0.198,0.312,0.523,0.565,0.574,0.088,0.089,0.088,0.089,0.087,0.087,0.088,0.087,0.087,0.088,0.088,0.088,0.087
,2:35:00,37,0.086,0.087,0.09,0.088,0.088,0.088,0.092,0.087,0.086,0.087,0.087,0.087,0.088,0.083,0.14,0.124,0.116,0.126,0.107,0.094,0.108,0.114,0.101,0.089,0.089,0.106,0.136,0.143,0.126,0.104,0.136,0.128,0.128,0.099,0.091,0.088,0.088,0.105,0.114,0.123,0.113,0.092,0.1,0.107,0.106,0.112,0.1,0.088,0.09,0.093,0.546,0.663,0.615,0.404,0.546,0.597,0.437,0.582,0.429,0.088,0.092,0.399,0.554,0.72,0.36,0.569,0.443,0.546,0.744,0.468,0.641,0.088,0.09,0.419,0.577,0.628,0.383,0.386,0.205,0.339,0.56,0.589,0.616,0.087,0.09,0.088,0.089,0.087,0.087,0.088,0.087,0.087,0.087,0.087,0.088,0.087
,2:40:00,37,0.086,0.087,0.09,0.088,0.089,0.088,0.093,0.087,0.086,0.087,0.087,0.087,0.088,0.083,0.146,0.126,0.118,0.129,0.109,0.095,0.109,0.115,0.102,0.089,0.089,0.108,0.13,0.139,0.119,0.104,0.135,0.129,0.129,0.098,0.091,0.088,0.089,0.105,0.117,0.122,0.109,0.094,0.1,0.109,0.106,0.115,0.103,0.088,0.09,0.093,0.575,0.682,0.64,0.43,0.583,0.614,0.468,0.606,0.455,0.088,0.092,0.42,0.596,0.741,0.377,0.605,0.466,0.589,0.759,0.507,0.666,0.088,0.09,0.446,0.615,0.653,0.404,0.408,0.214,0.355,0.586,0.613,0.645,0.087,0.089,0.088,0.088,0.087,0.087,0.088,0.087,0.087,0.088,0.087,0.088,0.088
,2:45:00,37,0.087,0.087,0.09,0.088,0.088,0.089,0.093,0.088,0.086,0.087,0.087,0.087,0.088,0.083,0.151,0.126,0.12,0.13,0.109,0.095,0.11,0.117,0.106,0.089,0.089,0.109,0.137,0.147,0.121,0.104,0.135,0.134,0.131,0.1,0.091,0.088,0.089,0.106,0.117,0.124,0.116,0.093,0.102,0.11,0.107,0.115,0.101,0.088,0.09,0.093,0.611,0.702,0.665,0.456,0.614,0.631,0.498,0.628,0.487,0.088,0.092,0.439,0.624,0.759,0.394,0.638,0.494,0.62,0.774,0.534,0.689,0.088,0.091,0.477,0.642,0.676,0.429,0.432,0.222,0.37,0.608,0.636,0.669,0.088,0.088,0.088,0.089,0.087,0.087,0.088,0.087,0.087,0.088,0.088,0.088,0.088
,2:50:00,37,0.087,0.087,0.09,0.088,0.088,0.088,0.093,0.088,0.086,0.087,0.087,0.087,0.088,0.083,0.152,0.128,0.119,0.13,0.11,0.095,0.111,0.118,0.104,0.089,0.089,0.107,0.14,0.151,0.129,0.104,0.14,0.133,0.133,0.102,0.091,0.088,0.089,0.107,0.121,0.133,0.116,0.093,0.102,0.113,0.108,0.116,0.102,0.088,0.09,0.093,0.642,0.721,0.685,0.491,0.639,0.646,0.531,0.649,0.522,0.088,0.092,0.465,0.648,0.777,0.413,0.664,0.524,0.643,0.79,0.576,0.71,0.088,0.09,0.513,0.666,0.697,0.459,0.459,0.232,0.389,0.629,0.657,0.692,0.087,0.088,0.088,0.089,0.087,0.087,0.088,0.087,0.087,0.087,0.087,0.088,0.087
,2:55:00,37,0.086,0.087,0.09,0.088,0.088,0.088,0.093,0.087,0.086,0.087,0.087,0.087,0.088,0.083,0.153,0.131,0.121,0.132,0.111,0.096,0.111,0.119,0.106,0.089,0.089,0.104,0.142,0.151,0.129,0.104,0.142,0.135,0.135,0.101,0.091,0.088,0.088,0.108,0.121,0.128,0.119,0.094,0.103,0.112,0.109,0.116,0.103,0.087,0.09,0.093,0.664,0.741,0.706,0.529,0.663,0.665,0.562,0.669,0.564,0.088,0.092,0.488,0.668,0.795,0.434,0.689,0.55,0.665,0.803,0.609,0.731,0.088,0.091,0.556,0.689,0.718,0.491,0.489,0.242,0.408,0.648,0.677,0.712,0.088,0.088,0.088,0.088,0.087,0.087,0.088,0.087,0.087,0.088,0.087,0.088,0.087
,3:00:00,37,0.087,0.087,0.09,0.088,0.088,0.088,0.093,0.087,0.086,0.087,0.087,0.087,0.088,0.083,0.157,0.133,0.123,0.134,0.112,0.096,0.112,0.121,0.107,0.089,0.089,0.108,0.143,0.153,0.117,0.104,0.143,0.139,0.136,0.101,0.092,0.088,0.089,0.108,0.122,0.131,0.12,0.093,0.102,0.114,0.111,0.118,0.104,0.088,0.09,0.093,0.682,0.76,0.727,0.571,0.683,0.683,0.585,0.689,0.607,0.088,0.092,0.508,0.688,0.812,0.458,0.715,0.572,0.686,0.817,0.62,0.753,0.088,0.09,0.591,0.709,0.739,0.532,0.52,0.253,0.434,0.668,0.698,0.733,0.088,0.088,0.088,0.089,0.087,0.087,0.088,0.087,0.087,0.087,0.088,0.088,0.087
,3:05:00,37,0.087,0.087,0.09,0.088,0.088,0.088,0.093,0.088,0.086,0.087,0.087,0.087,0.088,0.083,0.154,0.135,0.128,0.137,0.116,0.096,0.114,0.122,0.106,0.089,0.089,0.113,0.147,0.154,0.131,0.107,0.147,0.139,0.138,0.103,0.092,0.088,0.089,0.109,0.124,0.133,0.122,0.094,0.104,0.118,0.112,0.122,0.105,0.088,0.09,0.093,0.699,0.781,0.748,0.604,0.704,0.7,0.606,0.709,0.634,0.088,0.092,0.532,0.707,0.829,0.487,0.737,0.592,0.706,0.83,0.637,0.774,0.088,0.09,0.622,0.73,0.759,0.579,0.555,0.264,0.463,0.689,0.719,0.754,0.088,0.089,0.087,0.088,0.087,0.087,0.088,0.087,0.087,0.087,0.087,0.088,0.087
,3:10:00,37,0.087,0.087,0.09,0.088,0.089,0.088,0.093,0.088,0.087,0.087,0.087,0.087,0.088,0.083,0.161,0.138,0.13,0.139,0.117,0.097,0.115,0.124,0.108,0.09,0.09,0.113,0.146,0.158,0.136,0.108,0.15,0.142,0.14,0.103,0.092,0.088,0.089,0.113,0.127,0.136,0.12,0.095,0.105,0.12,0.114,0.122,0.106,0.088,0.09,0.093,0.718,0.802,0.771,0.631,0.725,0.721,0.627,0.73,0.659,0.088,0.092,0.554,0.726,0.847,0.513,0.759,0.612,0.727,0.844,0.657,0.796,0.088,0.09,0.65,0.751,0.781,0.607,0.585,0.277,0.498,0.71,0.74,0.776,0.088,0.089,0.088,0.089,0.087,0.087,0.088,0.087,0.087,0.087,0.088,0.088,0.088
,3:15:00,37,0.086,0.087,0.09,0.088,0.088,0.088,0.093,0.088,0.086,0.087,0.087,0.087,0.088,0.083,0.161,0.14,0.132,0.142,0.119,0.098,0.117,0.126,0.108,0.089,0.089,0.107,0.148,0.16,0.133,0.107,0.149,0.144,0.142,0.104,0.093,0.088,0.089,0.111,0.131,0.133,0.122,0.094,0.106,0.122,0.115,0.124,0.107,0.088,0.09,0.093,0.735,0.821,0.792,0.657,0.745,0.738,0.648,0.75,0.686,0.088,0.092,0.578,0.747,0.864,0.537,0.78,0.63,0.749,0.859,0.679,0.818,0.088,0.091,0.677,0.772,0.803,0.629,0.605,0.287,0.541,0.733,0.763,0.797,0.088,0.089,0.087,0.088,0.087,0.087,0.088,0.087,0.087,0.087,0.088,0.088,0.087
,3:20:00,37,0.087,0.087,0.09,0.088,0.088,0.088,0.093,0.088,0.086,0.087,0.087,0.087,0.088,0.083,0.166,0.142,0.133,0.143,0.118,0.099,0.117,0.128,0.109,0.089,0.089,0.113,0.148,0.16,0.129,0.106,0.155,0.147,0.144,0.103,0.093,0.088,0.089,0.112,0.134,0.136,0.123,0.095,0.106,0.123,0.116,0.125,0.109,0.088,0.09,0.093,0.753,0.839,0.812,0.681,0.766,0.756,0.669,0.77,0.71,0.088,0.092,0.604,0.768,0.881,0.561,0.798,0.648,0.77,0.873,0.701,0.84,0.088,0.091,0.702,0.793,0.826,0.652,0.625,0.298,0.578,0.755,0.784,0.82,0.088,0.088,0.088,0.089,0.087,0.087,0.089,0.087,0.087,0.087,0.088,0.088,0.087
,3:25:00,37,0.086,0.087,0.09,0.088,0.088,0.088,0.092,0.087,0.086,0.086,0.087,0.087,0.088,0.083,0.164,0.144,0.135,0.146,0.122,0.098,0.12,0.129,0.11,0.089,0.089,0.113,0.15,0.165,0.126,0.108,0.157,0.149,0.146,0.107,0.093,0.088,0.088,0.113,0.132,0.145,0.123,0.095,0.106,0.125,0.118,0.128,0.11,0.088,0.09,0.093,0.77,0.855,0.833,0.701,0.787,0.771,0.691,0.791,0.732,0.088,0.092,0.635,0.788,0.896,0.583,0.817,0.667,0.791,0.885,0.724,0.861,0.088,0.091,0.724,0.815,0.847,0.674,0.643,0.309,0.602,0.776,0.807,0.844,0.087,0.088,0.087,0.088,0.087,0.087,0.088,0.087,0.087,0.087,0.088,0.088,0.087
,3:30:00,37,0.087,0.087,0.09,0.088,0.088,0.088,0.093,0.088,0.087,0.087,0.087,0.087,0.088,0.083,0.171,0.146,0.137,0.147,0.122,0.099,0.121,0.132,0.112,0.089,0.089,0.11,0.153,0.169,0.137,0.108,0.156,0.151,0.148,0.107,0.094,0.088,0.088,0.115,0.136,0.139,0.132,0.096,0.107,0.128,0.119,0.129,0.112,0.088,0.09,0.093,0.79,0.873,0.855,0.722,0.809,0.786,0.711,0.811,0.752,0.088,0.092,0.657,0.806,0.91,0.603,0.837,0.684,0.811,0.897,0.749,0.88,0.088,0.091,0.746,0.836,0.866,0.695,0.66,0.321,0.624,0.796,0.827,0.865,0.088,0.088,0.087,0.089,0.087,0.087,0.088,0.087,0.087,0.087,0.088,0.087,0.087
,3:35:00,37,0.087,0.087,0.09,0.088,0.089,0.088,0.093,0.088,0.087,0.087,0.087,0.087,0.088,0.083,0.169,0.148,0.14,0.149,0.124,0.1,0.122,0.134,0.115,0.09,0.089,0.112,0.154,0.166,0.127,0.107,0.162,0.154,0.15,0.107,0.094,0.088,0.089,0.116,0.141,0.147,0.129,0.098,0.108,0.13,0.121,0.131,0.113,0.088,0.09,0.093,0.807,0.889,0.875,0.743,0.83,0.804,0.734,0.831,0.773,0.088,0.092,0.68,0.825,0.925,0.623,0.858,0.703,0.832,0.909,0.777,0.898,0.088,0.091,0.768,0.858,0.884,0.715,0.678,0.333,0.645,0.815,0.846,0.885,0.088,0.089,0.087,0.088,0.087,0.087,0.089,0.087,0.087,0.087,0.088,0.087,0.088
,3:40:00,37,0.087,0.087,0.09,0.088,0.088,0.088,0.092,0.087,0.086,0.087,0.087,0.087,0.088,0.083,0.171,0.15,0.142,0.15,0.126,0.1,0.124,0.135,0.115,0.089,0.089,0.114,0.159,0.176,0.137,0.111,0.165,0.157,0.152,0.11,0.095,0.088,0.089,0.117,0.141,0.143,0.134,0.096,0.106,0.132,0.123,0.132,0.115,0.088,0.09,0.093,0.824,0.905,0.895,0.764,0.85,0.817,0.755,0.85,0.797,0.088,0.092,0.699,0.843,0.939,0.642,0.877,0.721,0.852,0.92,0.799,0.916,0.088,0.091,0.789,0.877,0.902,0.735,0.695,0.345,0.665,0.834,0.864,0.904,0.087,0.089,0.088,0.088,0.087,0.087,0.088,0.087,0.087,0.087,0.088,0.087,0.087
,3:45:00,37,0.087,0.087,0.09,0.088,0.088,0.088,0.092,0.087,0.086,0.086,0.087,0.087,0.088,0.083,0.179,0.152,0.144,0.153,0.127,0.101,0.125,0.137,0.116,0.089,0.089,0.108,0.155,0.175,0.134,0.109,0.164,0.159,0.154,0.109,0.095,0.088,0.088,0.118,0.143,0.146,0.138,0.096,0.106,0.133,0.124,0.134,0.116,0.088,0.09,0.093,0.84,0.92,0.913,0.785,0.869,0.833,0.777,0.867,0.818,0.088,0.091,0.717,0.862,0.952,0.661,0.895,0.74,0.872,0.931,0.818,0.933,0.088,0.09,0.811,0.895,0.919,0.754,0.711,0.357,0.685,0.851,0.882,0.922,0.087,0.088,0.087,0.088,0.087,0.087,0.088,0.087,0.087,0.087,0.088,0.088,0.087
,3:50:00,37,0.087,0.087,0.09,0.088,0.088,0.088,0.093,0.088,0.087,0.087,0.087,0.087,0.088,0.084,0.181,0.155,0.148,0.154,0.13,0.102,0.127,0.139,0.116,0.09,0.089,0.113,0.165,0.179,0.14,0.11,0.168,0.162,0.156,0.11,0.096,0.088,0.088,0.124,0.149,0.146,0.141,0.097,0.11,0.137,0.126,0.137,0.118,0.088,0.091,0.093,0.856,0.936,0.93,0.806,0.887,0.847,0.798,0.884,0.839,0.088,0.092,0.734,0.881,0.967,0.68,0.913,0.76,0.889,0.942,0.832,0.95,0.088,0.091,0.834,0.914,0.936,0.774,0.729,0.371,0.705,0.869,0.899,0.94,0.088,0.089,0.087,0.088,0.087,0.087,0.088,0.087,0.087,0.088,0.089,0.088,0.087
,3:55:00,37,0.087,0.087,0.09,0.088,0.088,0.088,0.091,0.087,0.086,0.086,0.087,0.087,0.088,0.083,0.185,0.157,0.149,0.157,0.131,0.102,0.129,0.141,0.117,0.089,0.089,0.112,0.164,0.183,0.14,0.112,0.17,0.165,0.158,0.112,0.096,0.088,0.088,0.121,0.151,0.153,0.142,0.097,0.11,0.139,0.128,0.138,0.12,0.088,0.09,0.093,0.871,0.95,0.946,0.826,0.904,0.861,0.817,0.901,0.861,0.088,0.092,0.755,0.898,0.979,0.698,0.93,0.78,0.906,0.954,0.849,0.966,0.088,0.091,0.856,0.931,0.952,0.794,0.747,0.388,0.723,0.886,0.916,0.956,0.088,0.089,0.087,0.089,0.087,0.087,0.088,0.087,0.087,0.087,0.089,0.087,0.087
,4:00:00,37,0.087,0.087,0.09,0.089,0.088,0.088,0.093,0.088,0.087,0.088,0.087,0.088,0.088,0.083,0.189,0.159,0.15,0.157,0.135,0.103,0.131,0.144,0.118,0.09,0.089,0.11,0.172,0.177,0.143,0.113,0.174,0.167,0.16,0.114,0.096,0.088,0.089,0.122,0.152,0.159,0.142,0.098,0.11,0.147,0.131,0.141,0.122,0.088,0.091,0.093,0.887,0.965,0.963,0.847,0.921,0.877,0.836,0.916,0.885,0.088,0.092,0.777,0.915,0.991,0.718,0.946,0.799,0.924,0.966,0.87,0.982,0.088,0.091,0.877,0.948,0.969,0.813,0.766,0.402,0.741,0.904,0.932,0.973,0.088,0.09,0.088,0.088,0.087,0.087,0.089,0.087,0.087,0.088,0.09,0.087,0.088
,4:05:00,37,0.087,0.087,0.09,0.088,0.088,0.087,0.092,0.087,0.086,0.087,0.087,0.087,0.088,0.083,0.191,0.162,0.152,0.16,0.134,0.104,0.132,0.146,0.118,0.089,0.089,0.116,0.169,0.187,0.142,0.114,0.174,0.17,0.162,0.115,0.096,0.088,0.089,0.124,0.157,0.158,0.142,0.098,0.111,0.145,0.132,0.143,0.125,0.088,0.09,0.093,0.9,0.979,0.978,0.867,0.937,0.889,0.854,0.932,0.905,0.088,0.092,0.782,0.93,1.001,0.736,0.962,0.816,0.94,0.977,0.888,0.996,0.088,0.09,0.896,0.963,0.985,0.833,0.784,0.416,0.76,0.921,0.947,0.989,0.088,0.089,0.087,0.088,0.087,0.087,0.089,0.087,0.087,0.087,0.089,0.088,0.087
,4:10:00,37,0.087,0.087,0.09,0.088,0.088,0.087,0.091,0.087,0.086,0.087,0.087,0.087,0.088,0.083,0.193,0.163,0.155,0.161,0.137,0.104,0.133,0.148,0.117,0.089,0.089,0.107,0.174,0.187,0.137,0.113,0.177,0.172,0.164,0.114,0.097,0.088,0.089,0.125,0.157,0.16,0.15,0.098,0.112,0.149,0.134,0.145,0.125,0.088,0.09,0.093,0.914,0.993,0.995,0.887,0.953,0.902,0.871,0.946,0.923,0.088,0.092,0.8,0.946,1.012,0.756,0.978,0.833,0.956,0.988,0.908,1.011,0.088,0.091,0.915,0.979,1,0.854,0.801,0.432,0.779,0.938,0.962,1.004,0.088,0.091,0.088,0.088,0.087,0.087,0.089,0.087,0.087,0.087,0.09,0.088,0.087
,4:15:00,37,0.087,0.087,0.09,0.088,0.088,0.087,0.093,0.088,0.087,0.087,0.087,0.087,0.088,0.083,0.198,0.165,0.158,0.164,0.139,0.105,0.136,0.151,0.123,0.09,0.089,0.11,0.178,0.19,0.146,0.114,0.181,0.175,0.168,0.115,0.098,0.088,0.089,0.127,0.163,0.16,0.149,0.098,0.112,0.151,0.136,0.147,0.127,0.088,0.091,0.093,0.928,1.006,1.009,0.905,0.969,0.916,0.889,0.96,0.942,0.088,0.092,0.819,0.961,1.023,0.773,0.992,0.85,0.972,0.998,0.925,1.025,0.088,0.091,0.933,0.994,1.015,0.874,0.819,0.448,0.799,0.953,0.977,1.02,0.088,0.089,0.087,0.088,0.087,0.087,0.089,0.087,0.087,0.088,0.09,0.087,0.087
,4:20:00,37,0.087,0.087,0.09,0.088,0.088,0.088,0.092,0.087,0.086,0.087,0.087,0.087,0.088,0.083,0.201,0.167,0.159,0.166,0.143,0.106,0.137,0.153,0.122,0.089,0.089,0.117,0.175,0.193,0.149,0.117,0.183,0.178,0.171,0.117,0.098,0.088,0.088,0.128,0.163,0.167,0.15,0.1,0.111,0.155,0.138,0.15,0.13,0.088,0.09,0.093,0.941,1.019,1.023,0.924,0.985,0.927,0.904,0.974,0.959,0.088,0.092,0.839,0.976,1.033,0.792,1.006,0.866,0.987,1.007,0.941,1.039,0.088,0.091,0.95,1.009,1.03,0.892,0.835,0.464,0.817,0.968,0.99,1.034,0.087,0.091,0.088,0.088,0.087,0.087,0.088,0.087,0.087,0.088,0.091,0.088,0.087
,4:25:00,37,0.087,0.087,0.09,0.088,0.088,0.087,0.092,0.087,0.086,0.087,0.087,0.087,0.088,0.083,0.201,0.17,0.161,0.169,0.146,0.107,0.14,0.155,0.125,0.089,0.089,0.108,0.187,0.194,0.149,0.116,0.184,0.181,0.173,0.118,0.099,0.088,0.088,0.13,0.165,0.164,0.154,0.099,0.113,0.159,0.141,0.152,0.132,0.088,0.09,0.093,0.954,1.031,1.037,0.941,0.999,0.939,0.921,0.986,0.976,0.088,0.092,0.851,0.99,1.042,0.81,1.018,0.88,1.002,1.015,0.958,1.052,0.088,0.091,0.966,1.023,1.042,0.909,0.85,0.48,0.837,0.982,1.005,1.049,0.088,0.088,0.087,0.088,0.086,0.087,0.088,0.087,0.087,0.087,0.092,0.087,0.087
,4:30:00,37,0.087,0.087,0.09,0.088,0.088,0.088,0.093,0.088,0.087,0.088,0.087,0.087,0.088,0.084,0.208,0.172,0.164,0.169,0.145,0.108,0.142,0.157,0.128,0.09,0.089,0.117,0.189,0.199,0.149,0.118,0.189,0.183,0.179,0.12,0.1,0.088,0.089,0.132,0.171,0.165,0.157,0.101,0.114,0.162,0.143,0.154,0.134,0.088,0.09,0.094,0.967,1.043,1.051,0.957,1.013,0.949,0.936,1.001,0.993,0.089,0.093,0.865,1.005,1.051,0.828,1.031,0.896,1.017,1.023,0.975,1.065,0.089,0.091,0.982,1.037,1.054,0.925,0.865,0.496,0.854,0.996,1.019,1.063,0.088,0.09,0.088,0.088,0.087,0.087,0.089,0.087,0.088,0.088,0.093,0.087,0.087
,4:35:00,37,0.087,0.087,0.09,0.088,0.088,0.088,0.092,0.087,0.086,0.087,0.087,0.087,0.088,0.083,0.209,0.174,0.167,0.172,0.149,0.109,0.143,0.16,0.127,0.09,0.089,0.119,0.185,0.195,0.156,0.116,0.194,0.186,0.178,0.121,0.1,0.088,0.089,0.133,0.171,0.169,0.158,0.1,0.113,0.163,0.146,0.157,0.136,0.088,0.09,0.093,0.982,1.056,1.065,0.974,1.027,0.959,0.952,1.015,1.009,0.088,0.092,0.878,1.018,1.062,0.845,1.043,0.91,1.03,1.032,0.992,1.078,0.088,0.091,0.998,1.051,1.067,0.941,0.879,0.511,0.87,1.009,1.034,1.076,0.088,0.09,0.087,0.088,0.087,0.087,0.089,0.087,0.087,0.088,0.094,0.087,0.087
,4:40:00,37,0.087,0.087,0.09,0.088,0.089,0.087,0.092,0.087,0.087,0.087,0.087,0.087,0.088,0.083,0.214,0.177,0.169,0.176,0.15,0.111,0.146,0.162,0.133,0.09,0.089,0.111,0.19,0.198,0.161,0.118,0.192,0.189,0.182,0.122,0.101,0.088,0.089,0.137,0.177,0.17,0.162,0.104,0.114,0.165,0.147,0.159,0.141,0.088,0.09,0.093,0.995,1.066,1.077,0.989,1.04,0.97,0.965,1.029,1.025,0.089,0.092,0.896,1.031,1.072,0.861,1.056,0.925,1.043,1.038,1.007,1.091,0.088,0.09,1.012,1.063,1.078,0.956,0.895,0.527,0.886,1.022,1.048,1.088,0.088,0.089,0.088,0.088,0.087,0.087,0.089,0.087,0.087,0.088,0.095,0.087,0.088
,4:45:00,36.9,0.087,0.087,0.09,0.089,0.088,0.088,0.092,0.087,0.087,0.087,0.087,0.087,0.088,0.083,0.216,0.178,0.172,0.178,0.153,0.111,0.147,0.165,0.134,0.09,0.089,0.118,0.19,0.205,0.152,0.122,0.195,0.191,0.183,0.124,0.101,0.088,0.089,0.137,0.177,0.182,0.164,0.102,0.116,0.169,0.15,0.16,0.14,0.088,0.09,0.093,1.007,1.077,1.088,1.005,1.052,0.979,0.98,1.043,1.039,0.088,0.092,0.908,1.043,1.082,0.877,1.069,0.938,1.056,1.046,1.023,1.103,0.088,0.091,1.025,1.075,1.091,0.971,0.909,0.542,0.901,1.033,1.062,1.101,0.088,0.089,0.087,0.088,0.087,0.087,0.089,0.087,0.087,0.088,0.096,0.088,0.087
,4:50:00,37,0.087,0.087,0.09,0.088,0.088,0.087,0.087,0.086,0.086,0.088,0.087,0.087,0.088,0.083,0.218,0.18,0.173,0.178,0.154,0.112,0.149,0.167,0.136,0.089,0.089,0.111,0.195,0.209,0.16,0.123,0.2,0.194,0.185,0.126,0.102,0.088,0.088,0.139,0.183,0.174,0.166,0.102,0.118,0.171,0.151,0.163,0.143,0.088,0.09,0.093,1.019,1.087,1.1,1.02,1.064,0.988,0.992,1.057,1.053,0.089,0.092,0.926,1.055,1.093,0.893,1.083,0.951,1.067,1.052,1.037,1.114,0.088,0.091,1.037,1.087,1.103,0.984,0.923,0.557,0.916,1.044,1.075,1.112,0.087,0.089,0.087,0.088,0.087,0.087,0.088,0.087,0.087,0.088,0.097,0.087,0.087
,4:55:00,37,0.087,0.087,0.09,0.088,0.088,0.087,0.089,0.087,0.086,0.088,0.087,0.087,0.088,0.083,0.223,0.182,0.175,0.183,0.157,0.113,0.151,0.169,0.137,0.09,0.089,0.114,0.2,0.208,0.158,0.123,0.2,0.197,0.185,0.127,0.103,0.088,0.089,0.141,0.184,0.18,0.169,0.105,0.119,0.175,0.154,0.165,0.146,0.088,0.09,0.093,1.031,1.097,1.111,1.033,1.077,0.999,1.004,1.069,1.066,0.088,0.092,0.937,1.067,1.107,0.907,1.096,0.964,1.079,1.059,1.052,1.126,0.088,0.09,1.05,1.1,1.115,0.999,0.936,0.571,0.93,1.055,1.087,1.122,0.088,0.089,0.087,0.088,0.087,0.087,0.089,0.087,0.087,0.087,0.099,0.087,0.087
,5:00:00,37,0.087,0.087,0.09,0.088,0.088,0.087,0.087,0.087,0.086,0.087,0.087,0.088,0.088,0.083,0.226,0.184,0.177,0.184,0.159,0.114,0.153,0.171,0.139,0.089,0.089,0.112,0.204,0.212,0.162,0.125,0.203,0.2,0.189,0.129,0.104,0.088,0.089,0.142,0.185,0.179,0.172,0.103,0.118,0.177,0.156,0.167,0.149,0.088,0.09,0.093,1.041,1.106,1.122,1.047,1.088,1.009,1.015,1.081,1.079,0.088,0.091,0.94,1.079,1.117,0.921,1.109,0.977,1.09,1.065,1.064,1.136,0.088,0.091,1.062,1.112,1.126,1.011,0.949,0.586,0.944,1.066,1.098,1.133,0.087,0.088,0.087,0.087,0.087,0.087,0.088,0.087,0.087,0.087,0.101,0.087,0.087
,5:05:00,37,0.088,0.087,0.09,0.088,0.088,0.087,0.087,0.087,0.087,0.087,0.087,0.087,0.088,0.083,0.23,0.187,0.179,0.187,0.161,0.115,0.154,0.174,0.139,0.09,0.089,0.117,0.201,0.214,0.162,0.125,0.208,0.203,0.192,0.131,0.105,0.088,0.089,0.145,0.189,0.19,0.177,0.104,0.12,0.179,0.159,0.17,0.151,0.088,0.09,0.093,1.052,1.116,1.133,1.06,1.101,1.021,1.026,1.093,1.091,0.089,0.091,0.956,1.091,1.128,0.936,1.123,0.989,1.101,1.071,1.077,1.148,0.088,0.09,1.076,1.125,1.137,1.024,0.963,0.6,0.957,1.076,1.109,1.141,0.088,0.089,0.088,0.088,0.087,0.087,0.089,0.087,0.087,0.087,0.104,0.088,0.087
,5:10:00,37,0.087,0.087,0.09,0.088,0.088,0.087,0.087,0.086,0.086,0.087,0.087,0.087,0.088,0.083,0.233,0.188,0.181,0.187,0.162,0.117,0.156,0.177,0.138,0.089,0.089,0.117,0.202,0.221,0.17,0.126,0.21,0.205,0.191,0.135,0.105,0.088,0.088,0.146,0.191,0.185,0.176,0.106,0.121,0.182,0.161,0.172,0.153,0.088,0.09,0.093,1.063,1.126,1.144,1.073,1.113,1.032,1.037,1.104,1.103,0.088,0.092,0.97,1.103,1.138,0.949,1.135,1.002,1.111,1.08,1.09,1.158,0.088,0.09,1.089,1.136,1.148,1.036,0.975,0.613,0.969,1.087,1.119,1.151,0.087,0.088,0.087,0.088,0.086,0.087,0.088,0.087,0.087,0.086,0.107,0.087,0.087
,5:15:00,37,0.087,0.087,0.09,0.088,0.088,0.087,0.087,0.086,0.087,0.088,0.087,0.087,0.088,0.083,0.237,0.191,0.184,0.193,0.165,0.117,0.159,0.179,0.142,0.09,0.089,0.118,0.208,0.224,0.169,0.129,0.213,0.208,0.196,0.134,0.107,0.088,0.089,0.149,0.194,0.187,0.179,0.106,0.123,0.186,0.165,0.174,0.157,0.088,0.09,0.093,1.073,1.135,1.153,1.086,1.125,1.043,1.048,1.115,1.115,0.088,0.092,0.985,1.113,1.149,0.962,1.147,1.016,1.122,1.088,1.101,1.169,0.088,0.09,1.102,1.147,1.159,1.049,0.987,0.627,0.982,1.097,1.128,1.16,0.088,0.089,0.088,0.088,0.087,0.087,0.089,0.087,0.088,0.087,0.111,0.088,0.087
,5:20:00,37,0.087,0.087,0.09,0.088,0.088,0.087,0.087,0.087,0.087,0.087,0.088,0.087,0.088,0.084,0.236,0.193,0.186,0.19,0.168,0.119,0.16,0.181,0.142,0.09,0.089,0.115,0.216,0.219,0.173,0.129,0.213,0.211,0.198,0.137,0.108,0.088,0.089,0.151,0.197,0.189,0.182,0.106,0.121,0.186,0.168,0.179,0.158,0.088,0.091,0.094,1.084,1.145,1.163,1.097,1.136,1.05,1.059,1.125,1.127,0.088,0.092,0.995,1.124,1.156,0.974,1.158,1.029,1.132,1.093,1.111,1.177,0.089,0.091,1.115,1.158,1.169,1.062,0.997,0.642,0.993,1.108,1.137,1.169,0.088,0.089,0.087,0.088,0.087,0.087,0.089,0.087,0.088,0.088,0.115,0.087,0.087
,5:25:00,37,0.087,0.087,0.09,0.088,0.088,0.087,0.087,0.087,0.086,0.087,0.087,0.087,0.088,0.083,0.241,0.195,0.19,0.194,0.169,0.119,0.163,0.184,0.149,0.09,0.089,0.119,0.217,0.222,0.173,0.132,0.213,0.214,0.199,0.138,0.109,0.088,0.089,0.153,0.199,0.198,0.184,0.109,0.122,0.189,0.168,0.18,0.161,0.088,0.09,0.093,1.093,1.153,1.173,1.109,1.147,1.056,1.07,1.135,1.139,0.088,0.092,1.01,1.134,1.164,0.985,1.17,1.041,1.142,1.098,1.121,1.186,0.088,0.09,1.127,1.169,1.18,1.075,1.005,0.657,1.006,1.119,1.146,1.179,0.088,0.089,0.087,0.088,0.087,0.087,0.089,0.087,0.088,0.087,0.12,0.087,0.087
,5:30:00,36.9,0.087,0.087,0.09,0.088,0.088,0.087,0.087,0.087,0.086,0.087,0.087,0.087,0.088,0.083,0.244,0.197,0.193,0.198,0.171,0.122,0.165,0.187,0.149,0.09,0.089,0.116,0.217,0.23,0.181,0.134,0.222,0.216,0.202,0.14,0.11,0.088,0.089,0.155,0.201,0.203,0.187,0.108,0.124,0.191,0.171,0.185,0.164,0.088,0.091,0.093,1.103,1.162,1.182,1.12,1.158,1.064,1.081,1.145,1.15,0.088,0.092,1.017,1.145,1.171,0.999,1.179,1.054,1.152,1.103,1.131,1.195,0.088,0.09,1.14,1.179,1.19,1.087,1.013,0.673,1.019,1.128,1.155,1.189,0.087,0.089,0.088,0.088,0.087,0.087,0.089,0.087,0.088,0.087,0.126,0.087,0.087
,5:35:00,37,0.087,0.087,0.09,0.088,0.088,0.087,0.087,0.086,0.086,0.088,0.087,0.087,0.088,0.083,0.25,0.199,0.193,0.2,0.172,0.121,0.166,0.19,0.151,0.089,0.089,0.12,0.224,0.229,0.178,0.136,0.22,0.219,0.203,0.141,0.11,0.088,0.088,0.157,0.205,0.197,0.189,0.11,0.127,0.19,0.173,0.185,0.166,0.088,0.09,0.093,1.111,1.17,1.191,1.13,1.168,1.071,1.091,1.153,1.161,0.088,0.091,1.031,1.154,1.176,1.011,1.187,1.065,1.162,1.107,1.141,1.202,0.088,0.09,1.152,1.189,1.2,1.099,1.022,0.687,1.031,1.138,1.163,1.198,0.087,0.088,0.087,0.088,0.087,0.087,0.088,0.087,0.087,0.087,0.133,0.087,0.087
,5:40:00,37,0.087,0.087,0.09,0.089,0.088,0.087,0.088,0.087,0.087,0.088,0.088,0.088,0.088,0.084,0.254,0.201,0.196,0.202,0.175,0.123,0.17,0.192,0.15,0.089,0.089,0.111,0.216,0.232,0.176,0.138,0.221,0.222,0.206,0.144,0.112,0.088,0.089,0.161,0.207,0.2,0.193,0.109,0.128,0.195,0.176,0.189,0.171,0.088,0.091,0.093,1.12,1.179,1.201,1.141,1.178,1.078,1.102,1.164,1.172,0.088,0.092,1.041,1.165,1.183,1.025,1.196,1.077,1.172,1.112,1.153,1.211,0.088,0.091,1.164,1.2,1.21,1.111,1.031,0.703,1.045,1.148,1.172,1.208,0.088,0.089,0.088,0.088,0.087,0.087,0.089,0.087,0.088,0.088,0.141,0.088,0.087
,5:45:00,37,0.086,0.087,0.09,0.088,0.088,0.087,0.087,0.086,0.087,0.087,0.087,0.087,0.088,0.083,0.256,0.203,0.198,0.206,0.176,0.123,0.171,0.195,0.153,0.089,0.089,0.117,0.223,0.237,0.185,0.14,0.224,0.225,0.206,0.148,0.113,0.088,0.089,0.161,0.21,0.206,0.196,0.109,0.127,0.199,0.18,0.191,0.171,0.088,0.09,0.093,1.127,1.185,1.209,1.151,1.188,1.085,1.111,1.171,1.182,0.088,0.092,1.053,1.174,1.188,1.038,1.204,1.089,1.183,1.116,1.163,1.218,0.088,0.09,1.174,1.208,1.22,1.122,1.039,0.717,1.056,1.158,1.18,1.218,0.087,0.09,0.088,0.088,0.087,0.087,0.089,0.087,0.088,0.087,0.149,0.087,0.087
,5:50:00,37,0.087,0.087,0.09,0.088,0.088,0.087,0.087,0.087,0.087,0.087,0.087,0.087,0.088,0.083,0.26,0.205,0.2,0.208,0.178,0.125,0.173,0.197,0.157,0.09,0.089,0.122,0.218,0.241,0.183,0.139,0.227,0.227,0.209,0.15,0.114,0.088,0.088,0.164,0.212,0.206,0.2,0.11,0.129,0.198,0.181,0.194,0.174,0.088,0.09,0.093,1.136,1.193,1.219,1.162,1.198,1.091,1.121,1.18,1.191,0.088,0.092,1.063,1.183,1.193,1.051,1.212,1.101,1.193,1.121,1.174,1.225,0.088,0.09,1.185,1.217,1.229,1.133,1.049,0.732,1.067,1.166,1.189,1.227,0.088,0.089,0.087,0.088,0.086,0.087,0.089,0.087,0.088,0.088,0.16,0.087,0.087
,5:55:00,36.9,0.087,0.087,0.09,0.088,0.088,0.087,0.087,0.086,0.087,0.087,0.087,0.087,0.088,0.084,0.262,0.207,0.203,0.211,0.181,0.127,0.177,0.2,0.16,0.09,0.089,0.118,0.231,0.247,0.186,0.143,0.233,0.23,0.211,0.152,0.116,0.088,0.089,0.166,0.215,0.21,0.199,0.111,0.129,0.198,0.183,0.196,0.176,0.088,0.091,0.093,1.143,1.2,1.225,1.171,1.207,1.097,1.129,1.188,1.199,0.088,0.093,1.074,1.192,1.196,1.064,1.218,1.112,1.202,1.126,1.184,1.231,0.088,0.09,1.194,1.225,1.238,1.142,1.056,0.746,1.077,1.175,1.197,1.236,0.088,0.089,0.088,0.088,0.087,0.087,0.089,0.087,0.089,0.088,0.165,0.087,0.088
,6:00:00,37,0.087,0.087,0.09,0.088,0.088,0.087,0.087,0.087,0.087,0.087,0.087,0.087,0.088,0.083,0.264,0.209,0.205,0.211,0.184,0.127,0.179,0.204,0.161,0.089,0.089,0.122,0.227,0.247,0.192,0.14,0.236,0.232,0.212,0.155,0.117,0.088,0.089,0.168,0.218,0.211,0.206,0.112,0.131,0.204,0.186,0.199,0.181,0.088,0.09,0.093,1.15,1.206,1.233,1.18,1.215,1.102,1.138,1.196,1.208,0.088,0.091,1.083,1.203,1.2,1.076,1.226,1.122,1.211,1.128,1.195,1.237,0.088,0.09,1.203,1.232,1.247,1.151,1.065,0.759,1.088,1.182,1.206,1.243,0.088,0.089,0.087,0.088,0.087,0.087,0.089,0.087,0.089,0.088,0.172,0.087,0.087
,6:05:00,37,0.087,0.087,0.09,0.088,0.088,0.087,0.087,0.087,0.086,0.087,0.087,0.087,0.088,0.083,0.269,0.211,0.207,0.215,0.183,0.13,0.181,0.205,0.16,0.09,0.089,0.12,0.226,0.251,0.19,0.144,0.232,0.236,0.214,0.155,0.118,0.088,0.089,0.171,0.221,0.221,0.204,0.111,0.135,0.207,0.188,0.201,0.183,0.088,0.09,0.093,1.158,1.212,1.241,1.19,1.224,1.108,1.146,1.204,1.216,0.088,0.092,1.096,1.214,1.203,1.089,1.232,1.133,1.221,1.132,1.204,1.244,0.088,0.091,1.212,1.24,1.258,1.161,1.074,0.774,1.098,1.191,1.214,1.252,0.088,0.089,0.088,0.087,0.087,0.087,0.088,0.087,0.089,0.088,0.184,0.087,0.087
,6:10:00,37,0.087,0.087,0.09,0.088,0.088,0.087,0.087,0.086,0.087,0.088,0.087,0.087,0.088,0.083,0.27,0.213,0.21,0.219,0.186,0.129,0.183,0.205,0.163,0.089,0.089,0.121,0.232,0.25,0.19,0.148,0.238,0.238,0.216,0.158,0.119,0.088,0.088,0.173,0.223,0.223,0.207,0.113,0.133,0.205,0.19,0.203,0.185,0.088,0.09,0.093,1.165,1.217,1.248,1.197,1.231,1.114,1.155,1.211,1.224,0.088,0.091,1.098,1.221,1.207,1.101,1.239,1.141,1.229,1.135,1.212,1.25,0.088,0.09,1.22,1.246,1.267,1.169,1.083,0.787,1.107,1.197,1.224,1.26,0.087,0.088,0.087,0.087,0.087,0.086,0.088,0.087,0.089,0.088,0.199,0.087,0.087
,6:15:00,37,0.087,0.087,0.09,0.089,0.088,0.087,0.087,0.087,0.087,0.088,0.087,0.087,0.088,0.084,0.276,0.216,0.213,0.221,0.19,0.132,0.188,0.208,0.164,0.09,0.09,0.116,0.233,0.257,0.19,0.15,0.238,0.24,0.218,0.161,0.121,0.088,0.089,0.176,0.226,0.231,0.209,0.115,0.135,0.21,0.192,0.205,0.19,0.089,0.091,0.093,1.172,1.224,1.255,1.207,1.238,1.119,1.163,1.217,1.232,0.088,0.092,1.113,1.229,1.21,1.113,1.246,1.151,1.238,1.14,1.221,1.257,0.088,0.09,1.228,1.253,1.276,1.178,1.092,0.801,1.117,1.206,1.233,1.267,0.088,0.089,0.088,0.088,0.087,0.087,0.089,0.087,0.09,0.087,0.215,0.088,0.087
,6:20:00,37,0.087,0.087,0.09,0.089,0.088,0.087,0.087,0.087,0.087,0.088,0.087,0.087,0.088,0.083,0.277,0.217,0.215,0.222,0.19,0.132,0.189,0.213,0.163,0.089,0.09,0.122,0.235,0.26,0.201,0.149,0.244,0.243,0.22,0.163,0.122,0.088,0.089,0.178,0.23,0.234,0.211,0.116,0.138,0.211,0.193,0.208,0.191,0.088,0.09,0.093,1.178,1.229,1.261,1.214,1.244,1.126,1.171,1.222,1.238,0.088,0.092,1.118,1.236,1.214,1.124,1.25,1.159,1.248,1.143,1.229,1.262,0.089,0.09,1.235,1.259,1.284,1.187,1.103,0.814,1.125,1.212,1.24,1.274,0.088,0.089,0.088,0.088,0.087,0.087,0.089,0.087,0.09,0.087,0.234,0.088,0.088
,6:25:00,37,0.087,0.087,0.09,0.089,0.088,0.087,0.087,0.087,0.087,0.087,0.087,0.087,0.088,0.084,0.281,0.219,0.218,0.226,0.194,0.133,0.192,0.215,0.17,0.089,0.09,0.119,0.249,0.262,0.198,0.154,0.245,0.245,0.222,0.164,0.124,0.088,0.089,0.18,0.231,0.235,0.214,0.115,0.137,0.215,0.198,0.211,0.194,0.088,0.091,0.093,1.184,1.234,1.267,1.222,1.251,1.133,1.179,1.228,1.247,0.088,0.091,1.123,1.242,1.217,1.135,1.256,1.168,1.257,1.146,1.237,1.269,0.089,0.091,1.243,1.266,1.293,1.197,1.111,0.827,1.135,1.218,1.248,1.281,0.088,0.089,0.088,0.088,0.087,0.087,0.089,0.087,0.09,0.087,0.255,0.087,0.087
,6:30:00,37,0.087,0.087,0.09,0.088,0.088,0.087,0.087,0.087,0.087,0.089,0.087,0.087,0.088,0.083,0.284,0.221,0.221,0.227,0.194,0.134,0.193,0.216,0.174,0.089,0.089,0.125,0.252,0.266,0.202,0.154,0.249,0.249,0.224,0.167,0.125,0.088,0.089,0.183,0.233,0.24,0.217,0.118,0.141,0.218,0.201,0.213,0.198,0.088,0.09,0.093,1.189,1.24,1.273,1.229,1.256,1.137,1.187,1.233,1.254,0.088,0.092,1.134,1.247,1.219,1.145,1.26,1.174,1.264,1.15,1.244,1.274,0.088,0.09,1.249,1.272,1.3,1.205,1.122,0.84,1.143,1.225,1.254,1.288,0.088,0.089,0.087,0.087,0.087,0.087,0.089,0.087,0.091,0.087,0.277,0.087,0.087
,6:35:00,37,0.087,0.087,0.09,0.088,0.088,0.087,0.087,0.087,0.087,0.087,0.087,0.087,0.088,0.084,0.287,0.222,0.223,0.231,0.199,0.135,0.196,0.219,0.173,0.09,0.089,0.122,0.247,0.267,0.198,0.157,0.249,0.251,0.225,0.167,0.127,0.088,0.089,0.185,0.237,0.23,0.218,0.118,0.141,0.219,0.203,0.214,0.2,0.088,0.091,0.093,1.195,1.245,1.279,1.237,1.261,1.142,1.195,1.237,1.26,0.088,0.092,1.143,1.252,1.222,1.155,1.264,1.182,1.27,1.153,1.251,1.281,0.089,0.09,1.256,1.278,1.308,1.215,1.131,0.853,1.151,1.232,1.26,1.294,0.088,0.089,0.088,0.088,0.087,0.087,0.089,0.087,0.091,0.087,0.3,0.088,0.088
,6:40:00,37,0.087,0.087,0.09,0.088,0.088,0.087,0.087,0.086,0.086,0.088,0.087,0.087,0.088,0.083,0.29,0.224,0.224,0.234,0.199,0.138,0.199,0.223,0.175,0.089,0.09,0.126,0.253,0.272,0.207,0.161,0.253,0.253,0.227,0.171,0.128,0.088,0.089,0.187,0.238,0.245,0.22,0.121,0.143,0.217,0.206,0.222,0.203,0.088,0.09,0.093,1.199,1.249,1.285,1.243,1.266,1.148,1.201,1.242,1.267,0.088,0.091,1.146,1.258,1.224,1.163,1.268,1.189,1.276,1.156,1.258,1.287,0.088,0.09,1.262,1.284,1.315,1.225,1.138,0.865,1.16,1.238,1.265,1.3,0.088,0.089,0.087,0.088,0.086,0.087,0.088,0.087,0.091,0.087,0.321,0.087,0.087
,6:45:00,37,0.087,0.087,0.09,0.088,0.088,0.087,0.087,0.087,0.087,0.088,0.087,0.087,0.088,0.083,0.292,0.226,0.228,0.235,0.202,0.141,0.202,0.225,0.181,0.089,0.09,0.126,0.25,0.272,0.207,0.163,0.249,0.256,0.23,0.172,0.13,0.088,0.089,0.19,0.242,0.248,0.224,0.12,0.144,0.219,0.208,0.221,0.207,0.088,0.091,0.093,1.204,1.254,1.291,1.25,1.271,1.152,1.207,1.246,1.273,0.088,0.092,1.154,1.262,1.227,1.172,1.273,1.196,1.281,1.159,1.264,1.292,0.088,0.091,1.268,1.29,1.324,1.233,1.147,0.878,1.168,1.245,1.271,1.306,0.088,0.089,0.088,0.088,0.087,0.087,0.088,0.087,0.092,0.087,0.355,0.087,0.087
,6:50:00,37,0.087,0.087,0.09,0.088,0.088,0.087,0.087,0.087,0.087,0.087,0.087,0.087,0.088,0.083,0.295,0.228,0.231,0.237,0.204,0.14,0.203,0.226,0.183,0.089,0.09,0.121,0.261,0.275,0.214,0.165,0.255,0.258,0.23,0.176,0.132,0.088,0.089,0.192,0.243,0.24,0.226,0.12,0.148,0.227,0.208,0.225,0.208,0.088,0.091,0.093,1.208,1.258,1.296,1.257,1.275,1.158,1.213,1.251,1.28,0.088,0.092,1.161,1.267,1.228,1.18,1.276,1.202,1.286,1.162,1.272,1.298,0.088,0.091,1.273,1.295,1.332,1.241,1.156,0.89,1.176,1.252,1.275,1.313,0.088,0.089,0.088,0.087,0.087,0.087,0.089,0.087,0.092,0.087,0.38,0.087,0.088
,6:55:00,37,0.087,0.087,0.09,0.088,0.088,0.087,0.087,0.087,0.087,0.089,0.087,0.087,0.088,0.084,0.294,0.23,0.232,0.24,0.205,0.14,0.207,0.227,0.182,0.089,0.089,0.122,0.255,0.276,0.205,0.166,0.258,0.26,0.233,0.178,0.133,0.088,0.089,0.195,0.245,0.243,0.229,0.122,0.146,0.225,0.213,0.228,0.212,0.088,0.09,0.093,1.212,1.262,1.301,1.263,1.28,1.162,1.217,1.257,1.286,0.088,0.092,1.168,1.271,1.23,1.188,1.279,1.209,1.29,1.165,1.279,1.302,0.088,0.09,1.278,1.3,1.339,1.247,1.165,0.901,1.184,1.259,1.28,1.32,0.088,0.089,0.087,0.088,0.087,0.087,0.089,0.087,0.092,0.087,0.408,0.088,0.087
,7:00:00,37,0.087,0.087,0.09,0.088,0.088,0.087,0.087,0.087,0.087,0.088,0.087,0.087,0.088,0.083,0.3,0.232,0.235,0.243,0.207,0.142,0.21,0.229,0.185,0.089,0.089,0.124,0.261,0.279,0.213,0.168,0.257,0.264,0.234,0.177,0.135,0.088,0.089,0.198,0.248,0.247,0.23,0.124,0.149,0.225,0.218,0.224,0.215,0.088,0.09,0.093,1.216,1.267,1.306,1.269,1.284,1.169,1.223,1.262,1.292,0.088,0.092,1.178,1.275,1.232,1.195,1.282,1.217,1.294,1.168,1.285,1.306,0.088,0.091,1.283,1.306,1.345,1.254,1.172,0.913,1.192,1.265,1.284,1.326,0.088,0.089,0.088,0.089,0.087,0.087,0.088,0.087,0.092,0.087,0.44,0.088,0.087
,7:05:00,37,0.086,0.086,0.09,0.088,0.088,0.086,0.087,0.086,0.086,0.088,0.087,0.087,0.088,0.083,0.303,0.233,0.236,0.244,0.21,0.142,0.212,0.233,0.186,0.089,0.09,0.123,0.262,0.283,0.211,0.17,0.257,0.266,0.235,0.181,0.136,0.088,0.088,0.2,0.251,0.251,0.231,0.122,0.149,0.227,0.218,0.232,0.216,0.087,0.09,0.093,1.219,1.27,1.311,1.273,1.288,1.175,1.227,1.265,1.297,0.088,0.091,1.181,1.279,1.233,1.202,1.285,1.222,1.299,1.17,1.29,1.31,0.088,0.09,1.287,1.312,1.35,1.258,1.181,0.924,1.2,1.269,1.287,1.331,0.087,0.088,0.087,0.088,0.086,0.087,0.088,0.087,0.092,0.087,0.481,0.086,0.087
,7:10:00,37,0.087,0.087,0.09,0.089,0.088,0.087,0.087,0.087,0.087,0.088,0.087,0.087,0.088,0.084,0.304,0.235,0.239,0.248,0.21,0.145,0.215,0.234,0.191,0.089,0.089,0.114,0.268,0.283,0.204,0.172,0.263,0.269,0.237,0.186,0.139,0.088,0.089,0.203,0.259,0.255,0.234,0.123,0.152,0.231,0.221,0.23,0.22,0.088,0.09,0.093,1.223,1.277,1.318,1.281,1.293,1.179,1.232,1.27,1.304,0.088,0.092,1.191,1.284,1.236,1.21,1.288,1.227,1.304,1.177,1.296,1.314,0.088,0.09,1.292,1.317,1.356,1.264,1.192,0.936,1.208,1.275,1.291,1.336,0.088,0.089,0.087,0.088,0.087,0.087,0.088,0.087,0.093,0.088,0.506,0.088,0.087
,7:15:00,37,0.087,0.087,0.09,0.088,0.088,0.087,0.087,0.086,0.086,0.088,0.087,0.087,0.088,0.084,0.309,0.236,0.242,0.251,0.214,0.146,0.217,0.236,0.192,0.089,0.089,0.126,0.265,0.288,0.212,0.174,0.263,0.273,0.238,0.184,0.14,0.088,0.088,0.206,0.255,0.259,0.237,0.127,0.153,0.234,0.225,0.236,0.223,0.088,0.09,0.093,1.226,1.281,1.324,1.285,1.297,1.184,1.236,1.272,1.309,0.088,0.092,1.195,1.287,1.236,1.218,1.29,1.232,1.307,1.179,1.301,1.318,0.088,0.09,1.297,1.322,1.361,1.269,1.199,0.947,1.217,1.279,1.295,1.34,0.088,0.089,0.087,0.088,0.087,0.087,0.088,0.087,0.093,0.088,0.526,0.087,0.087
,7:20:00,37,0.087,0.087,0.09,0.088,0.088,0.087,0.087,0.086,0.086,0.087,0.087,0.087,0.088,0.083,0.31,0.238,0.244,0.253,0.218,0.149,0.222,0.24,0.196,0.089,0.089,0.126,0.27,0.288,0.224,0.176,0.267,0.275,0.241,0.19,0.142,0.088,0.089,0.208,0.258,0.263,0.238,0.126,0.156,0.233,0.223,0.238,0.225,0.088,0.091,0.093,1.231,1.286,1.33,1.291,1.302,1.188,1.241,1.276,1.315,0.088,0.092,1.2,1.292,1.238,1.224,1.295,1.236,1.311,1.183,1.306,1.322,0.088,0.09,1.301,1.326,1.366,1.273,1.205,0.958,1.226,1.284,1.298,1.344,0.088,0.089,0.088,0.088,0.087,0.087,0.089,0.087,0.093,0.089,0.546,0.088,0.087
,7:25:00,37,0.087,0.087,0.09,0.088,0.088,0.087,0.087,0.086,0.087,0.088,0.087,0.087,0.088,0.083,0.313,0.24,0.247,0.256,0.218,0.15,0.223,0.241,0.197,0.089,0.089,0.128,0.272,0.292,0.222,0.175,0.271,0.275,0.241,0.193,0.144,0.088,0.089,0.212,0.261,0.266,0.241,0.129,0.157,0.235,0.227,0.231,0.229,0.088,0.091,0.093,1.233,1.289,1.334,1.296,1.308,1.192,1.245,1.278,1.32,0.088,0.092,1.204,1.295,1.24,1.229,1.297,1.24,1.316,1.185,1.31,1.325,0.089,0.09,1.305,1.329,1.37,1.278,1.21,0.969,1.233,1.288,1.301,1.348,0.088,0.089,0.087,0.088,0.087,0.087,0.089,0.087,0.093,0.088,0.567,0.087,0.087
,7:30:00,37,0.087,0.087,0.09,0.088,0.088,0.087,0.087,0.087,0.087,0.087,0.087,0.087,0.088,0.084,0.312,0.242,0.249,0.259,0.22,0.151,0.226,0.246,0.198,0.089,0.089,0.123,0.272,0.293,0.23,0.183,0.268,0.279,0.244,0.196,0.146,0.088,0.089,0.214,0.262,0.271,0.243,0.128,0.159,0.236,0.231,0.236,0.232,0.088,0.091,0.093,1.236,1.293,1.339,1.302,1.313,1.194,1.25,1.282,1.327,0.088,0.092,1.208,1.299,1.241,1.236,1.299,1.244,1.319,1.188,1.314,1.328,0.089,0.091,1.31,1.334,1.374,1.282,1.216,0.981,1.239,1.293,1.305,1.353,0.088,0.089,0.088,0.088,0.087,0.087,0.089,0.087,0.094,0.088,0.59,0.087,0.087
,7:35:00,37,0.087,0.087,0.09,0.088,0.088,0.087,0.087,0.086,0.087,0.088,0.087,0.087,0.088,0.083,0.314,0.243,0.252,0.261,0.223,0.155,0.231,0.246,0.201,0.089,0.089,0.129,0.267,0.296,0.226,0.183,0.276,0.279,0.245,0.197,0.148,0.088,0.089,0.216,0.265,0.275,0.244,0.133,0.16,0.238,0.236,0.239,0.234,0.088,0.09,0.093,1.239,1.295,1.343,1.306,1.317,1.197,1.252,1.284,1.333,0.088,0.092,1.218,1.301,1.242,1.242,1.301,1.247,1.322,1.189,1.318,1.332,0.088,0.09,1.314,1.336,1.378,1.286,1.219,0.991,1.245,1.298,1.307,1.356,0.088,0.089,0.087,0.089,0.087,0.087,0.089,0.087,0.094,0.088,0.611,0.088,0.087
,7:40:00,37,0.087,0.087,0.09,0.088,0.088,0.087,0.087,0.086,0.086,0.088,0.087,0.087,0.088,0.083,0.321,0.244,0.253,0.264,0.225,0.157,0.233,0.248,0.203,0.089,0.089,0.128,0.269,0.298,0.227,0.187,0.276,0.281,0.245,0.2,0.15,0.088,0.089,0.219,0.267,0.279,0.246,0.132,0.163,0.238,0.235,0.236,0.238,0.088,0.09,0.093,1.241,1.298,1.347,1.311,1.32,1.2,1.256,1.287,1.338,0.088,0.092,1.217,1.305,1.243,1.248,1.303,1.251,1.326,1.191,1.322,1.335,0.088,0.09,1.317,1.34,1.382,1.289,1.223,1.002,1.249,1.302,1.309,1.359,0.088,0.089,0.087,0.088,0.087,0.087,0.089,0.087,0.094,0.089,0.634,0.087,0.087
,7:45:00,36.9,0.087,0.087,0.09,0.088,0.088,0.087,0.087,0.086,0.087,0.089,0.087,0.087,0.088,0.083,0.323,0.246,0.253,0.267,0.229,0.16,0.235,0.25,0.202,0.089,0.089,0.127,0.281,0.299,0.227,0.188,0.279,0.286,0.247,0.202,0.152,0.088,0.089,0.226,0.268,0.283,0.249,0.133,0.165,0.244,0.251,0.241,0.241,0.088,0.091,0.093,1.243,1.302,1.35,1.316,1.324,1.201,1.26,1.289,1.343,0.088,0.092,1.223,1.307,1.244,1.252,1.305,1.254,1.329,1.194,1.325,1.338,0.088,0.09,1.321,1.342,1.386,1.293,1.226,1.013,1.254,1.305,1.312,1.363,0.088,0.089,0.087,0.088,0.087,0.087,0.089,0.087,0.094,0.089,0.657,0.087,0.087
,7:50:00,37,0.087,0.087,0.09,0.088,0.088,0.087,0.087,0.086,0.086,0.088,0.087,0.087,0.088,0.083,0.322,0.248,0.257,0.269,0.227,0.161,0.24,0.253,0.207,0.089,0.089,0.122,0.28,0.301,0.225,0.189,0.275,0.289,0.248,0.202,0.154,0.088,0.088,0.231,0.27,0.288,0.253,0.135,0.166,0.241,0.25,0.249,0.243,0.088,0.09,0.093,1.245,1.304,1.354,1.322,1.327,1.203,1.264,1.293,1.348,0.088,0.092,1.225,1.31,1.246,1.259,1.307,1.257,1.332,1.194,1.329,1.342,0.088,0.09,1.324,1.346,1.389,1.297,1.229,1.024,1.258,1.31,1.314,1.367,0.088,0.089,0.087,0.088,0.087,0.087,0.088,0.087,0.095,0.088,0.677,0.087,0.087
,7:55:00,37,0.087,0.087,0.09,0.088,0.088,0.087,0.087,0.086,0.087,0.089,0.087,0.087,0.088,0.083,0.325,0.25,0.258,0.272,0.233,0.164,0.243,0.257,0.208,0.089,0.089,0.13,0.278,0.303,0.233,0.188,0.279,0.288,0.251,0.206,0.156,0.088,0.089,0.228,0.272,0.292,0.253,0.137,0.168,0.247,0.256,0.252,0.246,0.088,0.091,0.093,1.248,1.307,1.358,1.329,1.329,1.205,1.268,1.297,1.352,0.088,0.093,1.231,1.312,1.247,1.265,1.309,1.26,1.335,1.196,1.333,1.345,0.088,0.091,1.327,1.349,1.393,1.301,1.231,1.035,1.261,1.313,1.317,1.37,0.088,0.089,0.087,0.088,0.087,0.087,0.089,0.087,0.095,0.088,0.695,0.088,0.087
,8:00:00,37,0.087,0.087,0.09,0.088,0.088,0.087,0.087,0.086,0.086,0.089,0.087,0.087,0.088,0.083,0.327,0.251,0.261,0.275,0.234,0.163,0.244,0.26,0.21,0.089,0.089,0.127,0.285,0.305,0.232,0.197,0.272,0.291,0.252,0.205,0.158,0.088,0.089,0.23,0.274,0.297,0.255,0.136,0.171,0.248,0.259,0.238,0.247,0.088,0.091,0.093,1.249,1.31,1.362,1.335,1.332,1.207,1.272,1.298,1.356,0.088,0.092,1.235,1.315,1.247,1.269,1.311,1.262,1.339,1.197,1.338,1.348,0.088,0.09,1.33,1.352,1.397,1.304,1.235,1.046,1.265,1.317,1.319,1.372,0.088,0.089,0.087,0.089,0.087,0.087,0.089,0.087,0.095,0.088,0.713,0.088,0.088
,8:05:00,37,0.087,0.087,0.09,0.088,0.088,0.087,0.087,0.086,0.086,0.089,0.087,0.087,0.088,0.083,0.329,0.252,0.264,0.277,0.237,0.166,0.247,0.264,0.214,0.089,0.089,0.133,0.289,0.306,0.246,0.197,0.283,0.29,0.253,0.212,0.16,0.087,0.089,0.233,0.275,0.301,0.258,0.139,0.175,0.249,0.261,0.254,0.251,0.088,0.091,0.093,1.251,1.311,1.365,1.339,1.335,1.209,1.274,1.3,1.361,0.088,0.092,1.24,1.318,1.251,1.274,1.312,1.264,1.341,1.197,1.341,1.352,0.088,0.09,1.333,1.354,1.401,1.307,1.238,1.058,1.268,1.319,1.321,1.376,0.088,0.089,0.088,0.088,0.087,0.087,0.089,0.087,0.095,0.089,0.73,0.087,0.087
,8:10:00,37,0.087,0.087,0.09,0.088,0.088,0.087,0.087,0.086,0.087,0.089,0.088,0.087,0.088,0.083,0.333,0.254,0.266,0.28,0.239,0.167,0.249,0.267,0.215,0.089,0.089,0.131,0.287,0.31,0.233,0.195,0.278,0.293,0.255,0.214,0.162,0.088,0.089,0.241,0.278,0.305,0.26,0.14,0.175,0.249,0.264,0.243,0.254,0.088,0.09,0.093,1.252,1.314,1.367,1.344,1.338,1.211,1.276,1.301,1.364,0.088,0.093,1.245,1.32,1.252,1.277,1.313,1.267,1.343,1.197,1.342,1.355,0.089,0.091,1.335,1.357,1.405,1.31,1.241,1.069,1.271,1.321,1.323,1.379,0.088,0.089,0.088,0.088,0.087,0.087,0.089,0.087,0.096,0.089,0.747,0.087,0.088
,8:15:00,37,0.086,0.087,0.09,0.088,0.088,0.087,0.087,0.086,0.086,0.088,0.087,0.087,0.088,0.083,0.335,0.255,0.267,0.283,0.24,0.168,0.253,0.269,0.216,0.089,0.089,0.132,0.293,0.31,0.252,0.197,0.288,0.297,0.256,0.214,0.164,0.088,0.088,0.239,0.284,0.31,0.261,0.14,0.177,0.254,0.263,0.26,0.256,0.088,0.09,0.093,1.254,1.316,1.37,1.349,1.34,1.212,1.279,1.302,1.368,0.088,0.092,1.244,1.323,1.252,1.281,1.315,1.27,1.347,1.197,1.346,1.358,0.088,0.09,1.338,1.359,1.41,1.313,1.244,1.08,1.273,1.323,1.326,1.384,0.088,0.089,0.087,0.088,0.087,0.087,0.089,0.087,0.096,0.088,0.763,0.087,0.087
,8:20:00,37,0.087,0.087,0.09,0.088,0.088,0.087,0.087,0.086,0.086,0.089,0.087,0.087,0.088,0.083,0.335,0.257,0.269,0.285,0.242,0.169,0.256,0.272,0.217,0.089,0.089,0.128,0.288,0.312,0.25,0.201,0.284,0.301,0.257,0.216,0.166,0.088,0.089,0.242,0.281,0.314,0.263,0.143,0.178,0.252,0.267,0.262,0.258,0.088,0.09,0.093,1.254,1.317,1.372,1.353,1.343,1.214,1.281,1.304,1.372,0.088,0.091,1.251,1.325,1.253,1.285,1.315,1.272,1.349,1.196,1.347,1.36,0.088,0.09,1.34,1.361,1.411,1.316,1.247,1.091,1.276,1.325,1.329,1.387,0.087,0.088,0.087,0.088,0.086,0.087,0.088,0.087,0.096,0.088,0.78,0.087,0.087
,8:25:00,37,0.087,0.087,0.09,0.088,0.088,0.087,0.087,0.086,0.086,0.088,0.087,0.087,0.088,0.083,0.337,0.258,0.27,0.289,0.246,0.172,0.261,0.274,0.221,0.089,0.089,0.127,0.296,0.315,0.231,0.207,0.281,0.307,0.258,0.219,0.169,0.088,0.089,0.245,0.286,0.319,0.264,0.145,0.18,0.259,0.263,0.265,0.261,0.088,0.09,0.093,1.255,1.318,1.374,1.355,1.344,1.216,1.284,1.307,1.375,0.089,0.092,1.253,1.327,1.252,1.289,1.317,1.274,1.351,1.194,1.35,1.362,0.088,0.09,1.343,1.363,1.415,1.318,1.25,1.102,1.278,1.326,1.332,1.39,0.088,0.089,0.087,0.088,0.087,0.087,0.089,0.087,0.096,0.088,0.796,0.087,0.087
,8:30:00,37,0.087,0.087,0.09,0.088,0.088,0.088,0.087,0.087,0.087,0.089,0.087,0.087,0.088,0.083,0.34,0.26,0.272,0.292,0.247,0.172,0.263,0.277,0.223,0.089,0.089,0.126,0.298,0.315,0.24,0.202,0.283,0.302,0.26,0.222,0.171,0.088,0.089,0.249,0.285,0.324,0.267,0.145,0.183,0.26,0.271,0.263,0.267,0.088,0.091,0.093,1.257,1.321,1.377,1.359,1.346,1.219,1.289,1.31,1.38,0.088,0.093,1.259,1.33,1.253,1.294,1.319,1.277,1.355,1.194,1.354,1.365,0.089,0.09,1.347,1.366,1.418,1.322,1.254,1.112,1.281,1.328,1.336,1.395,0.088,0.089,0.088,0.088,0.087,0.087,0.089,0.088,0.096,0.088,0.812,0.087,0.087
,8:35:00,37,0.087,0.087,0.09,0.088,0.088,0.087,0.087,0.086,0.086,0.089,0.087,0.087,0.088,0.083,0.34,0.261,0.274,0.295,0.248,0.176,0.268,0.279,0.227,0.089,0.089,0.128,0.299,0.317,0.252,0.21,0.29,0.302,0.261,0.224,0.173,0.088,0.089,0.251,0.29,0.329,0.268,0.146,0.185,0.262,0.274,0.254,0.266,0.088,0.091,0.094,1.258,1.321,1.379,1.362,1.348,1.221,1.293,1.312,1.383,0.088,0.092,1.261,1.331,1.253,1.297,1.32,1.279,1.358,1.192,1.357,1.367,0.088,0.091,1.35,1.368,1.42,1.324,1.257,1.121,1.283,1.329,1.341,1.399,0.088,0.089,0.088,0.088,0.087,0.087,0.089,0.087,0.097,0.088,0.827,0.087,0.087
,8:40:00,37,0.087,0.087,0.09,0.088,0.088,0.087,0.087,0.087,0.087,0.089,0.087,0.087,0.088,0.083,0.339,0.262,0.275,0.298,0.249,0.175,0.27,0.28,0.226,0.089,0.089,0.137,0.301,0.32,0.242,0.205,0.293,0.305,0.262,0.227,0.175,0.088,0.089,0.254,0.287,0.333,0.27,0.149,0.19,0.258,0.269,0.253,0.27,0.088,0.091,0.093,1.259,1.323,1.383,1.364,1.35,1.222,1.296,1.314,1.386,0.088,0.092,1.265,1.333,1.253,1.298,1.321,1.281,1.36,1.189,1.359,1.369,0.089,0.09,1.355,1.371,1.423,1.326,1.259,1.129,1.284,1.329,1.344,1.402,0.088,0.089,0.088,0.088,0.087,0.087,0.089,0.087,0.096,0.088,0.842,0.087,0.088
,8:45:00,37,0.087,0.087,0.09,0.088,0.088,0.087,0.087,0.086,0.086,0.089,0.087,0.087,0.088,0.083,0.344,0.263,0.275,0.299,0.252,0.177,0.273,0.282,0.229,0.089,0.089,0.132,0.302,0.321,0.251,0.216,0.288,0.309,0.263,0.229,0.177,0.088,0.089,0.257,0.289,0.337,0.272,0.151,0.19,0.264,0.279,0.272,0.271,0.088,0.091,0.093,1.259,1.323,1.385,1.366,1.35,1.223,1.296,1.315,1.388,0.088,0.091,1.266,1.335,1.255,1.301,1.321,1.282,1.36,1.188,1.361,1.372,0.088,0.09,1.358,1.373,1.425,1.328,1.262,1.137,1.286,1.33,1.346,1.404,0.088,0.089,0.087,0.088,0.086,0.087,0.089,0.087,0.096,0.088,0.856,0.087,0.088
,8:50:00,37,0.087,0.087,0.09,0.088,0.088,0.087,0.087,0.086,0.086,0.089,0.087,0.087,0.088,0.083,0.345,0.265,0.277,0.302,0.254,0.179,0.276,0.285,0.231,0.089,0.089,0.135,0.296,0.321,0.244,0.213,0.291,0.308,0.263,0.231,0.18,0.088,0.089,0.26,0.29,0.342,0.273,0.151,0.195,0.265,0.271,0.263,0.273,0.088,0.09,0.093,1.261,1.327,1.388,1.37,1.352,1.225,1.299,1.318,1.391,0.088,0.091,1.272,1.338,1.255,1.305,1.324,1.286,1.363,1.187,1.363,1.376,0.088,0.091,1.361,1.375,1.43,1.33,1.266,1.145,1.286,1.33,1.347,1.406,0.088,0.088,0.087,0.088,0.087,0.087,0.089,0.087,0.096,0.088,0.87,0.087,0.087
,8:55:00,37,0.087,0.087,0.09,0.088,0.088,0.088,0.087,0.086,0.086,0.089,0.087,0.087,0.088,0.083,0.347,0.266,0.279,0.305,0.256,0.181,0.28,0.288,0.231,0.089,0.089,0.131,0.305,0.323,0.266,0.212,0.298,0.308,0.264,0.235,0.182,0.088,0.089,0.263,0.292,0.347,0.276,0.152,0.195,0.267,0.265,0.258,0.276,0.088,0.091,0.093,1.261,1.329,1.39,1.373,1.355,1.226,1.3,1.319,1.396,0.088,0.092,1.272,1.341,1.255,1.312,1.325,1.288,1.365,1.184,1.365,1.379,0.088,0.09,1.365,1.377,1.434,1.333,1.269,1.153,1.289,1.332,1.347,1.409,0.088,0.089,0.087,0.088,0.087,0.087,0.089,0.087,0.097,0.088,0.884,0.087,0.088
,9:00:00,37,0.087,0.087,0.09,0.088,0.088,0.087,0.087,0.086,0.086,0.089,0.087,0.087,0.088,0.083,0.349,0.267,0.281,0.308,0.259,0.183,0.284,0.29,0.237,0.089,0.089,0.134,0.307,0.325,0.267,0.22,0.299,0.313,0.265,0.239,0.185,0.088,0.09,0.266,0.293,0.351,0.277,0.154,0.197,0.268,0.283,0.262,0.277,0.088,0.09,0.093,1.262,1.331,1.391,1.377,1.357,1.226,1.3,1.319,1.4,0.088,0.091,1.276,1.342,1.256,1.315,1.327,1.288,1.367,1.182,1.365,1.381,0.088,0.091,1.367,1.378,1.437,1.335,1.274,1.159,1.29,1.331,1.347,1.41,0.088,0.089,0.087,0.088,0.087,0.087,0.089,0.087,0.097,0.088,0.897,0.087,0.087
,9:05:00,37,0.087,0.087,0.09,0.088,0.088,0.087,0.087,0.086,0.086,0.09,0.087,0.087,0.088,0.083,0.344,0.268,0.281,0.311,0.259,0.184,0.288,0.293,0.235,0.089,0.09,0.13,0.299,0.326,0.256,0.216,0.298,0.31,0.266,0.241,0.187,0.088,0.089,0.269,0.298,0.356,0.278,0.155,0.203,0.269,0.271,0.265,0.281,0.088,0.091,0.093,1.263,1.332,1.392,1.38,1.358,1.226,1.3,1.32,1.405,0.088,0.091,1.281,1.342,1.256,1.32,1.327,1.289,1.37,1.181,1.367,1.383,0.088,0.09,1.369,1.381,1.44,1.337,1.276,1.167,1.291,1.331,1.345,1.412,0.088,0.089,0.088,0.088,0.087,0.087,0.089,0.087,0.097,0.088,0.909,0.087,0.087
,9:10:00,37,0.087,0.087,0.09,0.088,0.088,0.087,0.087,0.086,0.087,0.089,0.087,0.087,0.088,0.083,0.349,0.27,0.283,0.314,0.263,0.186,0.291,0.295,0.24,0.089,0.09,0.14,0.305,0.328,0.254,0.219,0.299,0.312,0.267,0.246,0.189,0.088,0.09,0.273,0.296,0.361,0.28,0.157,0.205,0.271,0.282,0.271,0.285,0.088,0.091,0.093,1.264,1.333,1.394,1.382,1.36,1.226,1.3,1.32,1.408,0.089,0.092,1.286,1.345,1.257,1.326,1.33,1.29,1.374,1.179,1.367,1.385,0.089,0.09,1.372,1.385,1.442,1.338,1.278,1.174,1.293,1.331,1.345,1.413,0.088,0.089,0.088,0.088,0.087,0.087,0.089,0.087,0.097,0.089,0.921,0.087,0.087
,9:15:00,37,0.087,0.087,0.09,0.088,0.088,0.087,0.087,0.087,0.087,0.089,0.087,0.087,0.088,0.083,0.348,0.271,0.283,0.317,0.265,0.187,0.296,0.291,0.242,0.089,0.089,0.137,0.311,0.329,0.267,0.22,0.298,0.315,0.269,0.246,0.192,0.088,0.09,0.276,0.297,0.364,0.282,0.16,0.205,0.27,0.283,0.265,0.286,0.088,0.091,0.093,1.265,1.334,1.396,1.385,1.361,1.227,1.3,1.32,1.411,0.089,0.091,1.29,1.345,1.26,1.33,1.335,1.291,1.376,1.178,1.369,1.387,0.088,0.09,1.373,1.387,1.444,1.342,1.282,1.18,1.294,1.331,1.343,1.415,0.088,0.089,0.087,0.088,0.087,0.087,0.089,0.087,0.097,0.088,0.932,0.087,0.087
,9:20:00,37,0.087,0.087,0.09,0.088,0.088,0.087,0.087,0.086,0.086,0.089,0.087,0.087,0.088,0.083,0.349,0.273,0.284,0.319,0.266,0.187,0.299,0.301,0.241,0.089,0.089,0.139,0.305,0.33,0.268,0.223,0.305,0.317,0.269,0.249,0.194,0.088,0.09,0.279,0.298,0.381,0.283,0.161,0.209,0.269,0.288,0.267,0.286,0.088,0.091,0.093,1.266,1.335,1.397,1.387,1.362,1.226,1.299,1.32,1.412,0.088,0.091,1.293,1.346,1.261,1.33,1.337,1.292,1.377,1.176,1.369,1.387,0.088,0.09,1.374,1.389,1.445,1.342,1.284,1.185,1.294,1.331,1.341,1.415,0.088,0.089,0.087,0.088,0.087,0.087,0.089,0.087,0.097,0.089,0.943,0.087,0.088
,9:25:00,37,0.087,0.087,0.09,0.088,0.088,0.087,0.087,0.086,0.086,0.089,0.087,0.087,0.088,0.083,0.356,0.274,0.287,0.321,0.267,0.189,0.303,0.303,0.243,0.089,0.089,0.132,0.309,0.331,0.268,0.224,0.305,0.321,0.271,0.254,0.196,0.088,0.089,0.282,0.3,0.373,0.285,0.162,0.211,0.275,0.29,0.275,0.289,0.088,0.09,0.093,1.267,1.334,1.396,1.389,1.363,1.225,1.297,1.318,1.413,0.088,0.092,1.294,1.347,1.262,1.333,1.338,1.294,1.379,1.174,1.369,1.387,0.088,0.09,1.374,1.389,1.446,1.344,1.286,1.192,1.294,1.329,1.338,1.415,0.088,0.089,0.087,0.088,0.087,0.087,0.089,0.087,0.097,0.088,0.953,0.087,0.087
,9:30:00,37,0.087,0.087,0.09,0.088,0.088,0.087,0.087,0.087,0.086,0.089,0.087,0.087,0.088,0.083,0.356,0.275,0.288,0.323,0.269,0.19,0.308,0.305,0.246,0.089,0.089,0.132,0.31,0.332,0.276,0.226,0.315,0.325,0.27,0.257,0.199,0.088,0.089,0.287,0.301,0.378,0.286,0.163,0.214,0.278,0.293,0.282,0.292,0.088,0.091,0.094,1.27,1.335,1.398,1.389,1.363,1.225,1.297,1.319,1.415,0.088,0.092,1.299,1.351,1.263,1.336,1.339,1.299,1.38,1.172,1.37,1.389,0.089,0.09,1.374,1.391,1.448,1.346,1.288,1.198,1.296,1.329,1.337,1.416,0.088,0.089,0.088,0.088,0.087,0.087,0.089,0.088,0.098,0.088,0.965,0.087,0.088
,9:35:00,37,0.087,0.087,0.09,0.088,0.088,0.087,0.087,0.087,0.087,0.089,0.088,0.087,0.088,0.084,0.354,0.277,0.289,0.328,0.272,0.193,0.31,0.305,0.249,0.089,0.089,0.133,0.309,0.335,0.275,0.227,0.317,0.321,0.27,0.259,0.201,0.088,0.089,0.288,0.306,0.382,0.288,0.166,0.216,0.277,0.289,0.277,0.295,0.088,0.091,0.094,1.27,1.335,1.397,1.39,1.363,1.223,1.295,1.317,1.416,0.088,0.092,1.3,1.354,1.264,1.334,1.339,1.301,1.38,1.17,1.37,1.388,0.089,0.091,1.374,1.39,1.448,1.347,1.291,1.203,1.296,1.328,1.335,1.415,0.088,0.089,0.088,0.088,0.087,0.087,0.089,0.087,0.098,0.088,0.976,0.087,0.088
,9:40:00,37,0.087,0.087,0.09,0.088,0.088,0.087,0.087,0.086,0.086,0.089,0.087,0.087,0.088,0.083,0.352,0.277,0.291,0.329,0.273,0.194,0.315,0.309,0.252,0.089,0.089,0.142,0.309,0.335,0.276,0.234,0.306,0.321,0.271,0.258,0.204,0.088,0.088,0.291,0.303,0.386,0.291,0.169,0.219,0.279,0.291,0.276,0.295,0.088,0.091,0.093,1.27,1.334,1.398,1.39,1.364,1.221,1.294,1.316,1.416,0.088,0.091,1.303,1.356,1.263,1.339,1.337,1.303,1.38,1.167,1.37,1.387,0.088,0.09,1.373,1.389,1.449,1.35,1.293,1.207,1.295,1.327,1.333,1.416,0.088,0.089,0.087,0.088,0.087,0.087,0.088,0.087,0.097,0.088,0.988,0.087,0.087
,9:45:00,37,0.087,0.087,0.09,0.088,0.088,0.087,0.087,0.087,0.086,0.089,0.087,0.087,0.088,0.083,0.355,0.279,0.292,0.331,0.274,0.194,0.317,0.31,0.253,0.089,0.089,0.143,0.311,0.337,0.289,0.235,0.318,0.325,0.272,0.262,0.206,0.088,0.089,0.295,0.307,0.391,0.292,0.168,0.225,0.28,0.295,0.282,0.296,0.088,0.091,0.094,1.271,1.334,1.398,1.393,1.364,1.222,1.293,1.315,1.417,0.089,0.092,1.304,1.359,1.263,1.337,1.337,1.304,1.381,1.166,1.37,1.388,0.088,0.09,1.373,1.389,1.449,1.352,1.295,1.213,1.297,1.328,1.332,1.416,0.088,0.089,0.087,0.088,0.087,0.087,0.089,0.087,0.098,0.088,0.999,0.087,0.087
,9:50:00,37,0.087,0.087,0.09,0.088,0.088,0.087,0.087,0.086,0.086,0.09,0.087,0.087,0.088,0.083,0.358,0.28,0.294,0.335,0.277,0.197,0.318,0.311,0.256,0.089,0.089,0.138,0.317,0.338,0.292,0.241,0.309,0.328,0.272,0.266,0.209,0.088,0.089,0.298,0.305,0.395,0.293,0.172,0.225,0.287,0.296,0.286,0.299,0.088,0.091,0.093,1.271,1.334,1.399,1.393,1.364,1.221,1.292,1.315,1.417,0.088,0.091,1.309,1.36,1.262,1.338,1.335,1.303,1.379,1.163,1.371,1.388,0.088,0.09,1.372,1.388,1.45,1.353,1.299,1.217,1.297,1.327,1.33,1.416,0.088,0.089,0.088,0.088,0.087,0.087,0.089,0.087,0.098,0.088,1.009,0.087,0.087
,9:55:00,37,0.087,0.087,0.09,0.089,0.088,0.087,0.087,0.087,0.086,0.09,0.087,0.087,0.088,0.083,0.361,0.281,0.295,0.337,0.279,0.199,0.326,0.314,0.26,0.089,0.089,0.143,0.314,0.339,0.29,0.244,0.319,0.326,0.273,0.267,0.211,0.088,0.089,0.301,0.306,0.399,0.294,0.175,0.229,0.283,0.299,0.283,0.302,0.088,0.091,0.093,1.272,1.334,1.399,1.395,1.365,1.22,1.292,1.313,1.417,0.088,0.092,1.311,1.361,1.26,1.338,1.334,1.302,1.379,1.163,1.371,1.388,0.088,0.09,1.372,1.388,1.451,1.355,1.302,1.222,1.299,1.326,1.328,1.417,0.088,0.089,0.088,0.088,0.087,0.087,0.089,0.087,0.098,0.088,1.018,0.087,0.087
,10:00:00,37,0.087,0.087,0.09,0.088,0.088,0.087,0.087,0.086,0.086,0.09,0.087,0.087,0.088,0.083,0.362,0.283,0.297,0.34,0.279,0.199,0.331,0.316,0.26,0.089,0.089,0.144,0.317,0.34,0.288,0.236,0.311,0.333,0.274,0.271,0.214,0.088,0.089,0.304,0.31,0.403,0.295,0.174,0.232,0.281,0.305,0.281,0.303,0.088,0.091,0.093,1.272,1.333,1.399,1.394,1.364,1.219,1.29,1.311,1.417,0.088,0.091,1.311,1.36,1.257,1.337,1.332,1.3,1.377,1.159,1.37,1.387,0.088,0.09,1.371,1.388,1.452,1.355,1.305,1.226,1.299,1.325,1.326,1.416,0.088,0.089,0.087,0.088,0.087,0.087,0.089,0.087,0.098,0.088,1.027,0.087,0.088
,10:05:00,37,0.087,0.087,0.09,0.088,0.088,0.087,0.087,0.086,0.086,0.09,0.087,0.087,0.088,0.083,0.364,0.284,0.297,0.344,0.281,0.201,0.334,0.318,0.262,0.089,0.089,0.145,0.321,0.341,0.296,0.243,0.323,0.334,0.275,0.273,0.217,0.088,0.089,0.308,0.308,0.408,0.296,0.176,0.235,0.288,0.302,0.292,0.305,0.088,0.091,0.093,1.273,1.332,1.398,1.393,1.363,1.219,1.289,1.31,1.416,0.088,0.092,1.315,1.359,1.255,1.336,1.33,1.298,1.376,1.157,1.371,1.386,0.088,0.09,1.369,1.386,1.452,1.359,1.308,1.231,1.299,1.324,1.324,1.415,0.088,0.089,0.087,0.088,0.087,0.087,0.089,0.087,0.098,0.088,1.036,0.087,0.088
,10:10:00,37,0.087,0.087,0.09,0.088,0.088,0.087,0.087,0.086,0.086,0.089,0.087,0.087,0.088,0.084,0.364,0.285,0.3,0.348,0.284,0.204,0.339,0.321,0.267,0.089,0.089,0.143,0.324,0.343,0.295,0.239,0.315,0.335,0.275,0.278,0.22,0.088,0.089,0.311,0.31,0.412,0.298,0.18,0.238,0.291,0.304,0.288,0.307,0.088,0.091,0.093,1.274,1.331,1.398,1.393,1.363,1.217,1.288,1.309,1.416,0.088,0.091,1.323,1.357,1.252,1.333,1.328,1.297,1.375,1.155,1.37,1.385,0.088,0.09,1.368,1.386,1.451,1.362,1.311,1.235,1.3,1.323,1.323,1.415,0.088,0.089,0.087,0.088,0.087,0.087,0.089,0.087,0.098,0.089,1.045,0.089,0.088
,10:15:00,37,0.087,0.087,0.09,0.089,0.088,0.088,0.087,0.087,0.087,0.089,0.087,0.087,0.088,0.083,0.365,0.287,0.3,0.349,0.286,0.206,0.341,0.323,0.268,0.089,0.09,0.15,0.326,0.344,0.304,0.25,0.327,0.331,0.276,0.278,0.223,0.088,0.089,0.314,0.311,0.417,0.3,0.181,0.246,0.29,0.306,0.288,0.308,0.088,0.091,0.094,1.274,1.331,1.397,1.392,1.362,1.217,1.286,1.307,1.415,0.089,0.091,1.324,1.356,1.251,1.332,1.325,1.295,1.373,1.154,1.369,1.385,0.089,0.091,1.367,1.383,1.452,1.365,1.313,1.24,1.299,1.322,1.321,1.415,0.088,0.089,0.088,0.088,0.087,0.087,0.089,0.088,0.099,0.088,1.053,0.088,0.088
,10:20:00,37,0.087,0.087,0.09,0.088,0.088,0.087,0.087,0.086,0.086,0.089,0.087,0.087,0.088,0.083,0.365,0.288,0.301,0.352,0.286,0.206,0.344,0.324,0.271,0.089,0.089,0.15,0.32,0.345,0.31,0.254,0.323,0.336,0.276,0.281,0.226,0.088,0.089,0.317,0.312,0.42,0.299,0.183,0.245,0.292,0.312,0.29,0.309,0.088,0.091,0.093,1.275,1.329,1.397,1.392,1.36,1.215,1.285,1.306,1.413,0.088,0.091,1.329,1.355,1.252,1.331,1.323,1.293,1.371,1.152,1.368,1.384,0.088,0.09,1.366,1.382,1.451,1.367,1.314,1.244,1.301,1.321,1.319,1.414,0.088,0.089,0.087,0.088,0.087,0.087,0.089,0.087,0.098,0.088,1.06,0.087,0.087
,10:25:00,37,0.087,0.087,0.09,0.088,0.088,0.087,0.087,0.086,0.087,0.089,0.087,0.087,0.088,0.083,0.366,0.289,0.303,0.355,0.289,0.208,0.35,0.326,0.272,0.089,0.089,0.153,0.326,0.345,0.306,0.244,0.332,0.338,0.277,0.288,0.229,0.088,0.089,0.321,0.313,0.425,0.301,0.186,0.248,0.288,0.296,0.288,0.313,0.088,0.091,0.093,1.278,1.328,1.397,1.391,1.36,1.214,1.284,1.306,1.414,0.088,0.092,1.337,1.354,1.253,1.33,1.322,1.291,1.37,1.15,1.368,1.384,0.088,0.09,1.366,1.382,1.451,1.368,1.316,1.25,1.301,1.32,1.318,1.414,0.088,0.089,0.087,0.088,0.087,0.087,0.089,0.087,0.099,0.088,1.068,0.088,0.087
,10:30:00,37,0.087,0.087,0.09,0.088,0.088,0.087,0.087,0.086,0.086,0.089,0.087,0.087,0.088,0.083,0.367,0.29,0.303,0.358,0.291,0.21,0.354,0.328,0.275,0.089,0.09,0.15,0.323,0.347,0.31,0.256,0.329,0.335,0.278,0.287,0.231,0.088,0.089,0.324,0.314,0.429,0.302,0.187,0.251,0.292,0.308,0.298,0.314,0.088,0.091,0.093,1.28,1.327,1.396,1.392,1.358,1.214,1.283,1.305,1.412,0.089,0.092,1.339,1.353,1.251,1.329,1.32,1.29,1.369,1.148,1.367,1.383,0.088,0.09,1.364,1.381,1.451,1.368,1.317,1.262,1.302,1.319,1.316,1.414,0.088,0.089,0.087,0.088,0.087,0.087,0.089,0.087,0.098,0.089,1.075,0.088,0.087
,10:35:00,37,0.087,0.087,0.09,0.088,0.088,0.087,0.087,0.086,0.086,0.089,0.087,0.087,0.088,0.083,0.363,0.291,0.304,0.359,0.292,0.211,0.358,0.329,0.275,0.089,0.089,0.151,0.322,0.347,0.316,0.25,0.332,0.334,0.278,0.29,0.235,0.088,0.089,0.327,0.315,0.433,0.303,0.19,0.259,0.29,0.311,0.296,0.316,0.088,0.091,0.093,1.28,1.325,1.395,1.39,1.357,1.212,1.281,1.303,1.41,0.088,0.092,1.344,1.35,1.248,1.327,1.317,1.287,1.366,1.146,1.366,1.382,0.089,0.09,1.363,1.379,1.449,1.367,1.318,1.269,1.303,1.318,1.314,1.412,0.088,0.089,0.088,0.087,0.087,0.087,0.089,0.087,0.098,0.089,1.082,0.087,0.087
,10:40:00,37,0.087,0.087,0.09,0.088,0.088,0.087,0.087,0.086,0.086,0.089,0.087,0.087,0.088,0.083,0.369,0.293,0.307,0.364,0.294,0.214,0.36,0.331,0.277,0.089,0.089,0.152,0.33,0.348,0.311,0.26,0.327,0.337,0.279,0.293,0.238,0.088,0.089,0.33,0.316,0.439,0.305,0.192,0.259,0.295,0.314,0.297,0.317,0.088,0.091,0.093,1.281,1.325,1.395,1.389,1.356,1.21,1.28,1.302,1.41,0.089,0.092,1.347,1.349,1.245,1.325,1.316,1.286,1.365,1.146,1.365,1.382,0.089,0.09,1.362,1.378,1.45,1.366,1.318,1.276,1.306,1.318,1.313,1.412,0.088,0.089,0.088,0.088,0.086,0.087,0.089,0.087,0.099,0.089,1.089,0.087,0.087
,10:45:00,37,0.086,0.087,0.09,0.088,0.088,0.087,0.087,0.086,0.086,0.089,0.087,0.087,0.088,0.083,0.368,0.294,0.307,0.366,0.294,0.215,0.365,0.333,0.281,0.089,0.089,0.15,0.328,0.349,0.316,0.261,0.335,0.342,0.279,0.296,0.241,0.088,0.089,0.333,0.317,0.441,0.304,0.194,0.266,0.295,0.314,0.294,0.323,0.088,0.09,0.093,1.279,1.322,1.394,1.388,1.354,1.208,1.278,1.3,1.408,0.088,0.092,1.346,1.346,1.242,1.323,1.313,1.284,1.363,1.141,1.362,1.38,0.088,0.09,1.36,1.376,1.448,1.363,1.318,1.28,1.306,1.315,1.31,1.41,0.088,0.089,0.087,0.087,0.086,0.087,0.088,0.087,0.099,0.088,1.094,0.087,0.087
,10:50:00,37,0.087,0.087,0.09,0.088,0.088,0.087,0.087,0.087,0.087,0.089,0.087,0.087,0.088,0.083,0.37,0.295,0.308,0.368,0.296,0.218,0.37,0.335,0.281,0.089,0.089,0.153,0.332,0.35,0.322,0.262,0.338,0.339,0.28,0.298,0.244,0.088,0.089,0.337,0.317,0.445,0.306,0.198,0.266,0.295,0.31,0.299,0.322,0.088,0.091,0.093,1.278,1.323,1.394,1.388,1.354,1.206,1.278,1.299,1.408,0.089,0.092,1.348,1.346,1.24,1.322,1.312,1.282,1.362,1.141,1.363,1.38,0.089,0.09,1.36,1.376,1.45,1.363,1.319,1.286,1.309,1.316,1.31,1.412,0.088,0.089,0.088,0.088,0.087,0.087,0.089,0.087,0.099,0.089,1.102,0.087,0.088
,10:55:00,37,0.087,0.087,0.09,0.088,0.088,0.087,0.087,0.086,0.086,0.09,0.087,0.087,0.088,0.084,0.369,0.296,0.309,0.372,0.297,0.22,0.373,0.337,0.286,0.089,0.089,0.158,0.327,0.352,0.32,0.262,0.329,0.34,0.28,0.308,0.248,0.088,0.089,0.34,0.319,0.449,0.307,0.2,0.27,0.296,0.317,0.305,0.325,0.088,0.091,0.093,1.275,1.319,1.391,1.386,1.352,1.204,1.276,1.297,1.406,0.088,0.093,1.348,1.343,1.237,1.32,1.309,1.28,1.359,1.137,1.361,1.379,0.089,0.09,1.358,1.375,1.447,1.36,1.319,1.289,1.313,1.314,1.307,1.409,0.088,0.089,0.087,0.088,0.087,0.087,0.089,0.087,0.099,0.089,1.108,0.088,0.087
,11:00:00,37,0.087,0.087,0.09,0.088,0.088,0.087,0.087,0.086,0.087,0.089,0.087,0.087,0.088,0.083,0.372,0.298,0.31,0.374,0.299,0.221,0.372,0.339,0.284,0.089,0.089,0.159,0.333,0.352,0.324,0.265,0.335,0.339,0.284,0.305,0.251,0.088,0.089,0.343,0.319,0.453,0.308,0.202,0.273,0.299,0.319,0.298,0.325,0.088,0.091,0.093,1.273,1.319,1.392,1.385,1.35,1.202,1.275,1.297,1.405,0.089,0.092,1.346,1.341,1.234,1.319,1.308,1.279,1.359,1.137,1.359,1.378,0.089,0.09,1.357,1.373,1.447,1.359,1.319,1.292,1.316,1.313,1.306,1.409,0.088,0.089,0.087,0.088,0.087,0.087,0.088,0.087,0.099,0.089,1.115,0.088,0.087
,11:05:00,37,0.087,0.087,0.091,0.088,0.088,0.087,0.087,0.086,0.087,0.089,0.087,0.087,0.088,0.083,0.372,0.299,0.311,0.375,0.301,0.223,0.38,0.34,0.289,0.089,0.089,0.16,0.332,0.353,0.326,0.263,0.342,0.341,0.284,0.307,0.254,0.088,0.089,0.347,0.321,0.458,0.308,0.205,0.278,0.297,0.32,0.307,0.328,0.088,0.091,0.093,1.271,1.315,1.39,1.383,1.349,1.2,1.273,1.295,1.404,0.088,0.092,1.343,1.34,1.232,1.316,1.306,1.276,1.356,1.134,1.358,1.377,0.089,0.09,1.356,1.372,1.445,1.357,1.318,1.294,1.317,1.312,1.304,1.408,0.088,0.089,0.088,0.088,0.087,0.087,0.089,0.087,0.1,0.088,1.123,0.088,0.087
,11:10:00,37,0.087,0.087,0.09,0.088,0.088,0.087,0.087,0.086,0.087,0.089,0.087,0.087,0.088,0.083,0.374,0.3,0.313,0.378,0.302,0.224,0.386,0.341,0.292,0.089,0.089,0.161,0.335,0.355,0.331,0.265,0.332,0.345,0.283,0.309,0.259,0.088,0.089,0.35,0.321,0.461,0.31,0.207,0.282,0.3,0.322,0.307,0.332,0.088,0.091,0.093,1.27,1.314,1.39,1.383,1.348,1.199,1.273,1.295,1.403,0.089,0.092,1.342,1.339,1.229,1.315,1.304,1.274,1.355,1.132,1.358,1.376,0.089,0.09,1.354,1.371,1.445,1.355,1.317,1.297,1.317,1.312,1.303,1.408,0.088,0.089,0.088,0.088,0.087,0.087,0.089,0.087,0.1,0.089,1.131,0.088,0.088
,11:15:00,37,0.087,0.087,0.09,0.088,0.088,0.087,0.087,0.086,0.086,0.089,0.087,0.087,0.088,0.083,0.372,0.301,0.313,0.382,0.304,0.226,0.388,0.343,0.294,0.089,0.089,0.162,0.336,0.355,0.333,0.267,0.345,0.346,0.282,0.314,0.261,0.088,0.089,0.353,0.322,0.464,0.311,0.21,0.285,0.298,0.322,0.306,0.336,0.088,0.091,0.093,1.268,1.313,1.389,1.382,1.347,1.196,1.272,1.293,1.403,0.088,0.092,1.34,1.337,1.227,1.314,1.303,1.273,1.354,1.13,1.357,1.376,0.088,0.09,1.354,1.37,1.445,1.354,1.316,1.297,1.317,1.311,1.301,1.408,0.088,0.089,0.087,0.088,0.087,0.087,0.089,0.087,0.1,0.089,1.137,0.088,0.088
,11:20:00,37,0.087,0.087,0.09,0.088,0.088,0.087,0.087,0.086,0.086,0.089,0.087,0.087,0.088,0.083,0.374,0.303,0.314,0.386,0.305,0.228,0.394,0.344,0.295,0.089,0.089,0.156,0.337,0.356,0.34,0.264,0.342,0.348,0.282,0.322,0.265,0.088,0.089,0.357,0.323,0.465,0.312,0.213,0.289,0.298,0.326,0.305,0.339,0.088,0.091,0.093,1.267,1.311,1.388,1.379,1.345,1.194,1.271,1.292,1.401,0.088,0.092,1.34,1.336,1.224,1.312,1.301,1.271,1.352,1.127,1.356,1.374,0.088,0.09,1.353,1.368,1.444,1.352,1.315,1.297,1.316,1.309,1.299,1.407,0.088,0.089,0.088,0.088,0.087,0.087,0.089,0.087,0.1,0.089,1.143,0.088,0.088
,11:25:00,37,0.086,0.087,0.09,0.088,0.088,0.087,0.087,0.086,0.086,0.09,0.087,0.087,0.088,0.083,0.375,0.303,0.315,0.385,0.306,0.23,0.395,0.345,0.298,0.089,0.089,0.164,0.332,0.357,0.341,0.273,0.339,0.347,0.283,0.325,0.268,0.088,0.089,0.36,0.324,0.464,0.312,0.215,0.293,0.3,0.324,0.312,0.343,0.088,0.091,0.093,1.265,1.309,1.385,1.378,1.344,1.192,1.269,1.291,1.399,0.089,0.092,1.337,1.334,1.221,1.31,1.298,1.268,1.349,1.122,1.354,1.373,0.089,0.09,1.351,1.367,1.442,1.349,1.314,1.296,1.314,1.308,1.297,1.405,0.088,0.089,0.087,0.088,0.087,0.087,0.088,0.087,0.1,0.089,1.148,0.087,0.087
,11:30:00,36.9,0.087,0.087,0.09,0.088,0.089,0.087,0.087,0.087,0.086,0.089,0.087,0.087,0.088,0.083,0.373,0.305,0.316,0.391,0.308,0.233,0.401,0.347,0.3,0.089,0.089,0.166,0.339,0.357,0.341,0.269,0.339,0.346,0.285,0.327,0.272,0.088,0.089,0.363,0.324,0.464,0.314,0.22,0.297,0.302,0.318,0.314,0.345,0.088,0.091,0.094,1.263,1.307,1.385,1.378,1.343,1.192,1.268,1.29,1.399,0.088,0.092,1.339,1.332,1.219,1.309,1.297,1.268,1.349,1.122,1.353,1.373,0.089,0.09,1.351,1.367,1.442,1.348,1.314,1.296,1.313,1.307,1.296,1.405,0.088,0.089,0.088,0.088,0.087,0.087,0.089,0.087,0.1,0.089,1.153,0.088,0.088
,11:35:00,37,0.087,0.087,0.09,0.088,0.088,0.087,0.087,0.087,0.086,0.089,0.087,0.087,0.088,0.083,0.374,0.306,0.318,0.39,0.309,0.234,0.405,0.348,0.302,0.089,0.089,0.158,0.337,0.358,0.341,0.272,0.341,0.349,0.285,0.325,0.276,0.088,0.089,0.366,0.325,0.462,0.315,0.222,0.301,0.301,0.329,0.308,0.35,0.088,0.091,0.093,1.261,1.306,1.384,1.375,1.342,1.19,1.266,1.288,1.397,0.088,0.092,1.334,1.33,1.216,1.306,1.295,1.266,1.346,1.117,1.351,1.372,0.089,0.091,1.349,1.365,1.44,1.345,1.311,1.294,1.311,1.306,1.294,1.405,0.088,0.089,0.087,0.088,0.087,0.087,0.089,0.088,0.101,0.089,1.156,0.088,0.088
,11:40:00,37,0.087,0.087,0.09,0.089,0.088,0.087,0.087,0.087,0.086,0.089,0.087,0.087,0.088,0.083,0.377,0.308,0.317,0.396,0.31,0.238,0.409,0.35,0.306,0.089,0.09,0.16,0.34,0.359,0.344,0.276,0.351,0.35,0.288,0.335,0.279,0.088,0.089,0.37,0.326,0.461,0.315,0.232,0.306,0.302,0.333,0.311,0.352,0.088,0.091,0.094,1.259,1.304,1.383,1.374,1.34,1.187,1.265,1.287,1.396,0.088,0.092,1.332,1.329,1.214,1.305,1.293,1.264,1.344,1.116,1.35,1.371,0.089,0.09,1.348,1.364,1.439,1.344,1.309,1.292,1.308,1.305,1.293,1.403,0.088,0.089,0.088,0.088,0.087,0.087,0.089,0.088,0.101,0.089,1.161,0.088,0.088
,11:45:00,37,0.087,0.087,0.09,0.088,0.088,0.087,0.087,0.087,0.086,0.09,0.087,0.087,0.088,0.083,0.373,0.309,0.321,0.397,0.312,0.239,0.414,0.352,0.308,0.089,0.089,0.164,0.339,0.36,0.348,0.279,0.352,0.35,0.291,0.34,0.283,0.088,0.089,0.373,0.327,0.46,0.316,0.228,0.31,0.302,0.332,0.309,0.356,0.088,0.091,0.094,1.259,1.303,1.383,1.374,1.339,1.186,1.265,1.287,1.396,0.089,0.092,1.331,1.328,1.212,1.304,1.293,1.263,1.344,1.113,1.35,1.37,0.089,0.09,1.348,1.364,1.439,1.343,1.308,1.291,1.307,1.305,1.292,1.403,0.088,0.09,0.088,0.088,0.087,0.088,0.088,0.088,0.101,0.089,1.165,0.088,0.088
,11:50:00,36.9,0.086,0.087,0.09,0.088,0.088,0.087,0.087,0.086,0.086,0.089,0.087,0.087,0.088,0.083,0.377,0.31,0.32,0.395,0.313,0.239,0.409,0.35,0.309,0.089,0.089,0.168,0.336,0.361,0.348,0.278,0.344,0.348,0.291,0.333,0.288,0.088,0.089,0.376,0.328,0.459,0.316,0.231,0.318,0.304,0.339,0.318,0.359,0.088,0.09,0.093,1.257,1.301,1.382,1.373,1.337,1.184,1.263,1.285,1.394,0.088,0.091,1.328,1.326,1.209,1.302,1.291,1.26,1.342,1.111,1.349,1.369,0.088,0.09,1.346,1.362,1.439,1.341,1.306,1.29,1.305,1.303,1.29,1.403,0.088,0.089,0.087,0.088,0.087,0.087,0.089,0.087,0.101,0.088,1.168,0.088,0.087
,11:55:00,37,0.087,0.087,0.09,0.088,0.088,0.087,0.087,0.087,0.087,0.089,0.087,0.087,0.088,0.084,0.379,0.311,0.322,0.4,0.314,0.243,0.419,0.353,0.312,0.089,0.089,0.169,0.338,0.362,0.357,0.279,0.354,0.354,0.29,0.342,0.291,0.088,0.089,0.38,0.328,0.458,0.317,0.237,0.319,0.303,0.335,0.312,0.363,0.088,0.091,0.094,1.255,1.3,1.381,1.372,1.336,1.183,1.262,1.284,1.393,0.089,0.092,1.328,1.325,1.208,1.3,1.29,1.259,1.34,1.108,1.348,1.368,0.089,0.091,1.345,1.361,1.437,1.34,1.304,1.287,1.303,1.302,1.288,1.402,0.088,0.089,0.087,0.088,0.087,0.087,0.089,0.088,0.101,0.09,1.172,0.088,0.087
,12:00:00,37,0.087,0.087,0.09,0.088,0.088,0.087,0.087,0.086,0.086,0.089,0.087,0.087,0.088,0.083,0.378,0.312,0.324,0.403,0.315,0.244,0.418,0.354,0.315,0.089,0.089,0.168,0.341,0.362,0.356,0.281,0.35,0.351,0.293,0.348,0.295,0.088,0.089,0.383,0.329,0.457,0.318,0.236,0.323,0.303,0.337,0.312,0.366,0.088,0.091,0.094,1.253,1.297,1.38,1.37,1.334,1.184,1.261,1.283,1.391,0.088,0.092,1.324,1.323,1.205,1.298,1.287,1.257,1.338,1.106,1.345,1.367,0.089,0.09,1.344,1.36,1.435,1.338,1.302,1.286,1.3,1.301,1.286,1.401,0.088,0.089,0.087,0.088,0.087,0.087,0.089,0.087,0.102,0.088,1.174,0.088,0.088
,12:05:00,37,0.087,0.087,0.09,0.088,0.088,0.087,0.087,0.086,0.086,0.089,0.087,0.087,0.088,0.083,0.376,0.314,0.322,0.408,0.317,0.248,0.43,0.355,0.319,0.089,0.09,0.174,0.337,0.363,0.357,0.281,0.35,0.353,0.291,0.353,0.298,0.088,0.089,0.386,0.33,0.456,0.317,0.246,0.327,0.304,0.33,0.314,0.367,0.088,0.091,0.093,1.253,1.295,1.378,1.369,1.333,1.185,1.26,1.282,1.391,0.089,0.092,1.326,1.322,1.202,1.297,1.286,1.256,1.337,1.104,1.344,1.366,0.088,0.09,1.343,1.359,1.435,1.336,1.3,1.284,1.298,1.3,1.284,1.4,0.088,0.089,0.088,0.088,0.087,0.087,0.089,0.087,0.102,0.089,1.176,0.088,0.088
,12:10:00,37,0.087,0.087,0.09,0.088,0.089,0.088,0.087,0.086,0.087,0.089,0.087,0.087,0.088,0.084,0.377,0.315,0.324,0.41,0.318,0.25,0.43,0.356,0.321,0.089,0.09,0.175,0.345,0.364,0.361,0.285,0.353,0.354,0.292,0.356,0.303,0.088,0.089,0.39,0.331,0.464,0.318,0.249,0.332,0.305,0.344,0.323,0.371,0.088,0.091,0.094,1.251,1.294,1.378,1.368,1.333,1.185,1.259,1.281,1.39,0.089,0.092,1.324,1.321,1.2,1.296,1.285,1.255,1.336,1.101,1.344,1.365,0.089,0.09,1.342,1.358,1.435,1.335,1.298,1.282,1.297,1.299,1.284,1.4,0.088,0.089,0.088,0.088,0.087,0.087,0.089,0.088,0.102,0.089,1.179,0.089,0.088
,12:15:00,37,0.087,0.087,0.09,0.088,0.088,0.087,0.087,0.087,0.086,0.089,0.087,0.087,0.088,0.084,0.381,0.316,0.326,0.415,0.319,0.251,0.43,0.356,0.32,0.089,0.09,0.174,0.343,0.365,0.363,0.287,0.351,0.352,0.292,0.36,0.306,0.088,0.089,0.393,0.331,0.453,0.319,0.252,0.336,0.305,0.333,0.323,0.373,0.088,0.091,0.094,1.249,1.292,1.377,1.367,1.331,1.186,1.258,1.28,1.389,0.089,0.092,1.321,1.318,1.198,1.295,1.282,1.253,1.334,1.099,1.343,1.365,0.089,0.09,1.341,1.357,1.434,1.333,1.296,1.28,1.295,1.298,1.282,1.399,0.088,0.089,0.088,0.088,0.087,0.087,0.089,0.087,0.102,0.089,1.181,0.089,0.087
,12:20:00,37,0.087,0.087,0.09,0.088,0.088,0.087,0.087,0.086,0.086,0.089,0.087,0.087,0.088,0.083,0.382,0.316,0.325,0.415,0.321,0.255,0.438,0.358,0.323,0.089,0.089,0.171,0.34,0.365,0.364,0.286,0.353,0.352,0.292,0.364,0.311,0.088,0.089,0.396,0.333,0.452,0.319,0.255,0.34,0.304,0.352,0.32,0.375,0.088,0.09,0.093,1.248,1.29,1.375,1.365,1.329,1.185,1.256,1.279,1.387,0.088,0.092,1.322,1.318,1.194,1.292,1.281,1.251,1.332,1.095,1.341,1.363,0.088,0.09,1.338,1.355,1.431,1.331,1.293,1.279,1.293,1.297,1.28,1.398,0.088,0.089,0.087,0.088,0.087,0.087,0.089,0.087,0.102,0.089,1.182,0.089,0.087
,12:25:00,37,0.087,0.087,0.09,0.088,0.088,0.087,0.087,0.086,0.086,0.089,0.087,0.087,0.088,0.083,0.381,0.318,0.33,0.417,0.322,0.255,0.438,0.358,0.324,0.089,0.09,0.177,0.343,0.366,0.369,0.289,0.354,0.356,0.293,0.366,0.315,0.088,0.089,0.399,0.332,0.452,0.32,0.259,0.344,0.304,0.351,0.321,0.377,0.088,0.091,0.093,1.247,1.288,1.376,1.364,1.329,1.185,1.256,1.278,1.387,0.089,0.091,1.318,1.316,1.192,1.291,1.279,1.25,1.33,1.092,1.34,1.363,0.089,0.09,1.338,1.355,1.431,1.33,1.291,1.277,1.292,1.295,1.279,1.397,0.088,0.089,0.088,0.088,0.087,0.087,0.089,0.087,0.102,0.088,1.184,0.089,0.087
,12:30:00,37,0.087,0.087,0.09,0.088,0.088,0.087,0.087,0.087,0.086,0.089,0.087,0.087,0.088,0.084,0.377,0.317,0.332,0.42,0.322,0.26,0.439,0.359,0.331,0.089,0.089,0.179,0.348,0.367,0.374,0.292,0.355,0.357,0.293,0.371,0.32,0.088,0.089,0.402,0.333,0.452,0.32,0.259,0.349,0.306,0.353,0.318,0.379,0.088,0.091,0.094,1.245,1.286,1.374,1.363,1.327,1.186,1.255,1.276,1.385,0.088,0.092,1.319,1.314,1.19,1.289,1.278,1.248,1.329,1.091,1.339,1.362,0.088,0.091,1.337,1.353,1.43,1.328,1.29,1.275,1.29,1.295,1.278,1.396,0.088,0.089,0.088,0.088,0.087,0.087,0.089,0.087,0.103,0.089,1.185,0.089,0.087
,12:35:00,37,0.087,0.087,0.09,0.088,0.088,0.087,0.087,0.086,0.086,0.09,0.087,0.087,0.088,0.083,0.379,0.319,0.333,0.423,0.324,0.261,0.446,0.361,0.329,0.089,0.089,0.177,0.342,0.367,0.372,0.292,0.36,0.359,0.294,0.374,0.325,0.088,0.089,0.406,0.333,0.451,0.321,0.261,0.354,0.305,0.332,0.326,0.382,0.088,0.091,0.094,1.245,1.285,1.374,1.361,1.326,1.186,1.254,1.275,1.384,0.088,0.092,1.317,1.313,1.188,1.288,1.277,1.247,1.327,1.088,1.338,1.361,0.088,0.09,1.336,1.353,1.43,1.327,1.288,1.273,1.289,1.294,1.276,1.396,0.088,0.089,0.088,0.088,0.087,0.087,0.089,0.088,0.102,0.089,1.186,0.089,0.087
,12:40:00,37,0.087,0.087,0.09,0.089,0.088,0.087,0.087,0.086,0.087,0.09,0.087,0.087,0.088,0.084,0.381,0.321,0.335,0.425,0.324,0.263,0.442,0.358,0.33,0.089,0.09,0.181,0.342,0.369,0.381,0.294,0.365,0.356,0.294,0.379,0.329,0.088,0.089,0.409,0.334,0.453,0.322,0.262,0.358,0.303,0.349,0.319,0.384,0.088,0.091,0.094,1.243,1.283,1.372,1.361,1.324,1.185,1.253,1.274,1.384,0.088,0.092,1.314,1.312,1.186,1.287,1.275,1.245,1.327,1.086,1.337,1.361,0.089,0.091,1.336,1.351,1.429,1.325,1.286,1.272,1.287,1.293,1.274,1.395,0.088,0.089,0.088,0.088,0.087,0.087,0.089,0.088,0.103,0.089,1.188,0.089,0.088
,12:45:00,37,0.087,0.087,0.09,0.088,0.088,0.087,0.087,0.087,0.086,0.089,0.087,0.087,0.088,0.083,0.379,0.321,0.336,0.43,0.326,0.266,0.448,0.362,0.335,0.089,0.09,0.181,0.346,0.367,0.379,0.297,0.361,0.359,0.293,0.38,0.337,0.088,0.09,0.412,0.335,0.45,0.322,0.266,0.363,0.307,0.339,0.329,0.386,0.088,0.091,0.093,1.241,1.282,1.372,1.36,1.324,1.183,1.251,1.274,1.383,0.089,0.092,1.313,1.311,1.189,1.286,1.273,1.244,1.325,1.083,1.336,1.36,0.088,0.091,1.334,1.351,1.428,1.324,1.284,1.27,1.286,1.292,1.274,1.394,0.088,0.089,0.088,0.088,0.087,0.087,0.089,0.088,0.103,0.089,1.189,0.089,0.088
,12:50:00,37,0.087,0.087,0.09,0.088,0.088,0.087,0.087,0.086,0.087,0.089,0.087,0.087,0.088,0.083,0.382,0.324,0.336,0.431,0.327,0.268,0.444,0.362,0.338,0.089,0.089,0.183,0.348,0.361,0.381,0.297,0.36,0.358,0.294,0.385,0.336,0.088,0.09,0.415,0.335,0.45,0.323,0.273,0.367,0.308,0.35,0.327,0.388,0.088,0.091,0.093,1.24,1.28,1.372,1.359,1.322,1.182,1.25,1.273,1.382,0.089,0.092,1.312,1.309,1.189,1.284,1.273,1.243,1.323,1.082,1.335,1.36,0.089,0.09,1.333,1.35,1.427,1.322,1.282,1.268,1.284,1.292,1.272,1.394,0.088,0.089,0.087,0.088,0.087,0.087,0.089,0.087,0.103,0.089,1.191,0.089,0.087
,12:55:00,37,0.087,0.087,0.09,0.088,0.088,0.087,0.087,0.086,0.087,0.089,0.087,0.087,0.088,0.083,0.383,0.324,0.337,0.436,0.328,0.271,0.451,0.365,0.34,0.089,0.09,0.181,0.343,0.356,0.388,0.293,0.361,0.361,0.294,0.388,0.343,0.088,0.089,0.418,0.336,0.449,0.323,0.276,0.372,0.308,0.338,0.323,0.389,0.088,0.091,0.094,1.239,1.278,1.37,1.357,1.32,1.181,1.249,1.271,1.38,0.089,0.092,1.314,1.307,1.19,1.283,1.271,1.241,1.321,1.082,1.333,1.358,0.089,0.09,1.332,1.349,1.426,1.321,1.281,1.267,1.282,1.29,1.27,1.393,0.088,0.089,0.087,0.088,0.087,0.087,0.089,0.088,0.103,0.088,1.191,0.089,0.087
,13:00:00,37,0.087,0.087,0.09,0.088,0.088,0.087,0.087,0.086,0.086,0.089,0.087,0.087,0.088,0.083,0.385,0.326,0.338,0.433,0.328,0.272,0.446,0.364,0.341,0.089,0.089,0.18,0.351,0.355,0.39,0.298,0.362,0.362,0.293,0.392,0.345,0.088,0.089,0.42,0.336,0.449,0.324,0.284,0.376,0.308,0.36,0.333,0.391,0.088,0.09,0.093,1.237,1.276,1.369,1.356,1.319,1.179,1.249,1.27,1.38,0.088,0.092,1.311,1.306,1.188,1.281,1.269,1.239,1.319,1.087,1.332,1.356,0.088,0.091,1.331,1.348,1.424,1.318,1.279,1.264,1.281,1.288,1.269,1.391,0.088,0.089,0.088,0.088,0.087,0.087,0.089,0.088,0.103,0.089,1.191,0.088,0.087
,13:05:00,37,0.086,0.087,0.09,0.088,0.088,0.087,0.087,0.086,0.086,0.089,0.087,0.087,0.088,0.083,0.385,0.327,0.339,0.435,0.331,0.273,0.447,0.364,0.345,0.088,0.089,0.187,0.351,0.355,0.391,0.297,0.366,0.36,0.295,0.395,0.353,0.088,0.089,0.423,0.337,0.449,0.324,0.283,0.38,0.308,0.351,0.333,0.392,0.088,0.091,0.093,1.236,1.274,1.368,1.354,1.318,1.177,1.247,1.269,1.379,0.088,0.091,1.31,1.305,1.189,1.279,1.268,1.238,1.318,1.084,1.331,1.355,0.088,0.09,1.329,1.346,1.423,1.317,1.277,1.263,1.279,1.287,1.268,1.391,0.088,0.088,0.087,0.088,0.087,0.087,0.088,0.087,0.103,0.089,1.194,0.088,0.087
,13:10:00,37,0.087,0.087,0.09,0.088,0.088,0.087,0.087,0.086,0.086,0.089,0.087,0.087,0.088,0.083,0.387,0.329,0.34,0.439,0.33,0.28,0.45,0.367,0.344,0.089,0.089,0.185,0.349,0.354,0.392,0.298,0.365,0.363,0.295,0.399,0.357,0.088,0.09,0.427,0.337,0.449,0.326,0.29,0.385,0.308,0.339,0.329,0.395,0.088,0.091,0.093,1.235,1.273,1.367,1.354,1.317,1.176,1.245,1.268,1.379,0.089,0.092,1.308,1.303,1.19,1.277,1.268,1.236,1.316,1.081,1.33,1.355,0.088,0.09,1.328,1.345,1.423,1.317,1.276,1.261,1.278,1.287,1.266,1.391,0.088,0.089,0.087,0.088,0.087,0.087,0.089,0.087,0.104,0.089,1.193,0.089,0.087
,13:15:00,37,0.087,0.087,0.09,0.088,0.088,0.087,0.087,0.086,0.086,0.09,0.087,0.087,0.088,0.084,0.386,0.329,0.343,0.436,0.333,0.281,0.446,0.37,0.346,0.089,0.09,0.187,0.348,0.354,0.396,0.302,0.366,0.363,0.296,0.402,0.362,0.088,0.09,0.429,0.338,0.449,0.326,0.295,0.39,0.309,0.349,0.326,0.397,0.088,0.091,0.094,1.234,1.272,1.367,1.353,1.316,1.174,1.245,1.268,1.378,0.088,0.092,1.309,1.302,1.189,1.276,1.266,1.235,1.315,1.08,1.329,1.355,0.089,0.091,1.328,1.345,1.423,1.315,1.274,1.26,1.277,1.287,1.266,1.39,0.088,0.089,0.088,0.088,0.087,0.087,0.089,0.088,0.104,0.089,1.196,0.089,0.088
,13:20:00,37,0.087,0.087,0.09,0.088,0.088,0.088,0.087,0.086,0.086,0.09,0.087,0.088,0.088,0.083,0.383,0.33,0.342,0.44,0.334,0.284,0.446,0.373,0.352,0.088,0.09,0.189,0.349,0.354,0.402,0.303,0.368,0.362,0.296,0.407,0.368,0.088,0.09,0.432,0.339,0.448,0.325,0.3,0.394,0.309,0.357,0.331,0.395,0.088,0.091,0.093,1.234,1.27,1.366,1.352,1.316,1.174,1.245,1.267,1.377,0.089,0.092,1.305,1.302,1.189,1.276,1.265,1.234,1.314,1.077,1.33,1.354,0.089,0.09,1.327,1.345,1.421,1.314,1.273,1.259,1.276,1.286,1.264,1.389,0.088,0.089,0.088,0.088,0.087,0.087,0.089,0.088,0.104,0.089,1.198,0.088,0.088
,13:25:00,37,0.087,0.087,0.09,0.088,0.088,0.087,0.087,0.086,0.086,0.089,0.087,0.087,0.088,0.083,0.381,0.331,0.344,0.436,0.333,0.286,0.444,0.37,0.351,0.089,0.089,0.188,0.347,0.354,0.404,0.306,0.368,0.364,0.296,0.41,0.368,0.088,0.089,0.435,0.339,0.448,0.326,0.301,0.399,0.31,0.359,0.329,0.394,0.088,0.091,0.093,1.232,1.268,1.365,1.35,1.314,1.171,1.243,1.266,1.376,0.088,0.092,1.303,1.3,1.187,1.274,1.263,1.232,1.312,1.075,1.327,1.354,0.088,0.09,1.326,1.343,1.42,1.312,1.271,1.257,1.274,1.284,1.262,1.388,0.088,0.089,0.087,0.088,0.087,0.087,0.088,0.087,0.104,0.088,1.197,0.088,0.087
,13:30:00,37,0.087,0.087,0.09,0.088,0.088,0.087,0.087,0.086,0.086,0.089,0.087,0.087,0.088,0.083,0.385,0.334,0.342,0.44,0.335,0.289,0.446,0.373,0.358,0.089,0.089,0.185,0.354,0.354,0.402,0.307,0.369,0.364,0.296,0.413,0.377,0.088,0.09,0.437,0.341,0.448,0.326,0.303,0.403,0.31,0.345,0.339,0.394,0.088,0.091,0.094,1.23,1.266,1.364,1.349,1.313,1.17,1.242,1.265,1.374,0.088,0.092,1.304,1.299,1.185,1.272,1.262,1.231,1.31,1.072,1.326,1.351,0.088,0.09,1.325,1.342,1.418,1.311,1.269,1.255,1.272,1.283,1.26,1.387,0.088,0.089,0.087,0.088,0.087,0.087,0.089,0.087,0.104,0.089,1.199,0.087,0.088
,13:35:00,37,0.087,0.087,0.09,0.088,0.088,0.087,0.087,0.086,0.087,0.089,0.087,0.087,0.088,0.083,0.382,0.335,0.345,0.444,0.336,0.289,0.444,0.374,0.36,0.089,0.089,0.194,0.349,0.354,0.41,0.306,0.37,0.366,0.294,0.417,0.38,0.088,0.09,0.436,0.34,0.448,0.327,0.309,0.407,0.309,0.369,0.33,0.392,0.088,0.091,0.093,1.23,1.264,1.363,1.348,1.312,1.168,1.243,1.264,1.374,0.088,0.092,1.301,1.297,1.183,1.272,1.26,1.23,1.308,1.069,1.326,1.351,0.088,0.09,1.324,1.341,1.418,1.31,1.268,1.253,1.271,1.282,1.26,1.387,0.088,0.089,0.088,0.088,0.087,0.087,0.089,0.087,0.104,0.088,1.199,0.087,0.087
,13:40:00,37,0.087,0.087,0.09,0.088,0.088,0.087,0.087,0.086,0.086,0.089,0.087,0.087,0.088,0.083,0.385,0.336,0.348,0.444,0.337,0.294,0.44,0.375,0.36,0.089,0.09,0.191,0.352,0.354,0.41,0.31,0.371,0.365,0.297,0.42,0.381,0.088,0.089,0.436,0.341,0.448,0.327,0.315,0.412,0.309,0.355,0.331,0.391,0.088,0.091,0.094,1.228,1.264,1.363,1.347,1.311,1.166,1.241,1.263,1.372,0.089,0.092,1.301,1.296,1.182,1.271,1.26,1.228,1.306,1.068,1.324,1.351,0.089,0.09,1.323,1.34,1.417,1.309,1.267,1.252,1.269,1.281,1.259,1.386,0.088,0.089,0.087,0.088,0.087,0.087,0.089,0.088,0.104,0.088,1.199,0.088,0.087
,13:45:00,37,0.087,0.087,0.09,0.088,0.088,0.087,0.087,0.086,0.087,0.09,0.087,0.087,0.088,0.084,0.381,0.338,0.349,0.443,0.339,0.296,0.444,0.377,0.364,0.089,0.089,0.197,0.35,0.354,0.412,0.311,0.372,0.362,0.294,0.425,0.386,0.088,0.09,0.435,0.341,0.447,0.328,0.316,0.417,0.309,0.35,0.335,0.391,0.088,0.091,0.094,1.227,1.261,1.361,1.346,1.31,1.165,1.24,1.262,1.371,0.088,0.092,1.301,1.295,1.181,1.269,1.258,1.227,1.305,1.065,1.322,1.349,0.089,0.09,1.322,1.339,1.417,1.307,1.266,1.25,1.268,1.28,1.257,1.386,0.088,0.089,0.088,0.088,0.087,0.087,0.089,0.087,0.104,0.088,1.201,0.088,0.087
,13:50:00,37,0.087,0.087,0.09,0.088,0.088,0.087,0.087,0.086,0.086,0.089,0.087,0.087,0.088,0.083,0.384,0.336,0.35,0.443,0.338,0.297,0.443,0.374,0.363,0.089,0.089,0.191,0.355,0.354,0.411,0.311,0.373,0.365,0.294,0.427,0.394,0.088,0.089,0.435,0.342,0.447,0.328,0.323,0.42,0.31,0.367,0.341,0.39,0.088,0.091,0.093,1.226,1.26,1.36,1.345,1.308,1.164,1.24,1.261,1.37,0.088,0.092,1.299,1.293,1.178,1.267,1.257,1.226,1.303,1.063,1.322,1.349,0.088,0.09,1.321,1.338,1.415,1.306,1.265,1.249,1.267,1.279,1.257,1.385,0.088,0.089,0.087,0.088,0.087,0.087,0.089,0.087,0.105,0.088,1.202,0.088,0.088
,13:55:00,37,0.087,0.087,0.09,0.088,0.088,0.087,0.087,0.086,0.086,0.089,0.087,0.087,0.088,0.083,0.385,0.335,0.352,0.445,0.339,0.302,0.441,0.378,0.371,0.089,0.09,0.194,0.357,0.355,0.417,0.313,0.374,0.363,0.294,0.432,0.392,0.088,0.089,0.435,0.343,0.447,0.328,0.324,0.425,0.312,0.368,0.334,0.389,0.088,0.091,0.094,1.225,1.259,1.36,1.344,1.307,1.163,1.238,1.26,1.37,0.088,0.092,1.299,1.293,1.177,1.265,1.256,1.225,1.302,1.06,1.321,1.348,0.089,0.09,1.32,1.337,1.415,1.304,1.264,1.247,1.265,1.279,1.255,1.384,0.088,0.089,0.088,0.088,0.087,0.087,0.089,0.088,0.105,0.088,1.208,0.088,0.087
,14:00:00,37,0.087,0.087,0.09,0.088,0.088,0.087,0.087,0.086,0.086,0.089,0.087,0.087,0.088,0.083,0.376,0.334,0.353,0.441,0.34,0.302,0.441,0.377,0.369,0.089,0.089,0.199,0.357,0.355,0.421,0.317,0.378,0.362,0.294,0.436,0.401,0.088,0.089,0.435,0.343,0.447,0.329,0.328,0.429,0.31,0.369,0.344,0.387,0.088,0.091,0.093,1.224,1.256,1.359,1.342,1.305,1.162,1.238,1.259,1.368,0.089,0.091,1.297,1.291,1.176,1.263,1.254,1.223,1.3,1.058,1.319,1.347,0.088,0.089,1.319,1.336,1.414,1.303,1.262,1.246,1.264,1.277,1.253,1.384,0.088,0.089,0.088,0.088,0.087,0.087,0.089,0.087,0.105,0.088,1.212,0.088,0.087
,14:05:00,37,0.087,0.087,0.091,0.088,0.088,0.087,0.087,0.086,0.087,0.09,0.087,0.087,0.088,0.084,0.382,0.336,0.352,0.443,0.341,0.307,0.441,0.38,0.371,0.089,0.09,0.2,0.358,0.355,0.421,0.314,0.379,0.363,0.293,0.44,0.399,0.088,0.089,0.436,0.343,0.447,0.33,0.334,0.434,0.311,0.37,0.339,0.387,0.088,0.091,0.094,1.224,1.255,1.358,1.342,1.306,1.162,1.237,1.259,1.368,0.088,0.092,1.295,1.29,1.175,1.262,1.254,1.222,1.299,1.06,1.319,1.347,0.089,0.09,1.318,1.335,1.411,1.301,1.261,1.244,1.262,1.277,1.252,1.383,0.088,0.089,0.088,0.088,0.087,0.087,0.089,0.088,0.105,0.088,1.215,0.089,0.088
,14:10:00,37,0.087,0.087,0.09,0.088,0.088,0.087,0.087,0.086,0.086,0.089,0.087,0.087,0.088,0.083,0.379,0.332,0.354,0.442,0.342,0.308,0.439,0.376,0.374,0.089,0.089,0.198,0.359,0.355,0.427,0.319,0.377,0.361,0.293,0.443,0.409,0.088,0.089,0.437,0.344,0.446,0.33,0.343,0.438,0.311,0.371,0.338,0.385,0.088,0.091,0.093,1.223,1.254,1.358,1.34,1.305,1.162,1.236,1.257,1.367,0.089,0.093,1.295,1.289,1.173,1.261,1.253,1.221,1.298,1.062,1.318,1.346,0.089,0.09,1.318,1.334,1.411,1.3,1.26,1.243,1.262,1.276,1.252,1.383,0.088,0.089,0.088,0.088,0.087,0.087,0.089,0.088,0.105,0.088,1.218,0.087,0.087
,14:15:00,37,0.087,0.087,0.09,0.088,0.088,0.087,0.087,0.087,0.086,0.089,0.087,0.087,0.088,0.083,0.375,0.333,0.355,0.441,0.343,0.311,0.44,0.38,0.376,0.089,0.089,0.2,0.355,0.354,0.43,0.321,0.381,0.36,0.294,0.447,0.412,0.088,0.089,0.437,0.344,0.447,0.331,0.342,0.443,0.312,0.363,0.348,0.384,0.088,0.091,0.093,1.221,1.252,1.356,1.34,1.303,1.16,1.235,1.257,1.366,0.088,0.092,1.293,1.288,1.17,1.259,1.252,1.219,1.295,1.06,1.317,1.345,0.088,0.09,1.317,1.333,1.41,1.299,1.259,1.241,1.26,1.275,1.251,1.381,0.088,0.089,0.088,0.088,0.087,0.087,0.089,0.087,0.105,0.088,1.219,0.087,0.087
,14:20:00,36.9,0.087,0.087,0.09,0.088,0.088,0.087,0.087,0.086,0.086,0.089,0.087,0.086,0.088,0.083,0.375,0.333,0.359,0.444,0.344,0.314,0.44,0.382,0.379,0.089,0.089,0.203,0.351,0.354,0.43,0.318,0.382,0.36,0.292,0.449,0.419,0.088,0.089,0.437,0.345,0.446,0.33,0.349,0.446,0.313,0.373,0.34,0.383,0.088,0.091,0.093,1.22,1.25,1.355,1.338,1.302,1.158,1.234,1.255,1.365,0.088,0.093,1.291,1.286,1.169,1.257,1.25,1.218,1.293,1.06,1.316,1.343,0.088,0.09,1.315,1.332,1.409,1.298,1.256,1.239,1.258,1.274,1.249,1.38,0.088,0.089,0.087,0.088,0.087,0.087,0.089,0.087,0.105,0.088,1.219,0.088,0.087
,14:25:00,37,0.087,0.087,0.09,0.088,0.088,0.087,0.087,0.086,0.086,0.09,0.087,0.087,0.088,0.083,0.376,0.333,0.357,0.443,0.345,0.314,0.44,0.382,0.379,0.089,0.089,0.198,0.36,0.354,0.431,0.322,0.383,0.361,0.291,0.446,0.42,0.088,0.089,0.437,0.345,0.446,0.331,0.353,0.451,0.313,0.377,0.348,0.383,0.088,0.091,0.093,1.219,1.249,1.356,1.337,1.301,1.157,1.234,1.255,1.364,0.088,0.092,1.287,1.285,1.168,1.255,1.25,1.217,1.292,1.06,1.314,1.343,0.088,0.09,1.314,1.331,1.408,1.297,1.254,1.238,1.258,1.273,1.248,1.379,0.088,0.089,0.088,0.088,0.087,0.087,0.089,0.088,0.105,0.088,1.22,0.088,0.087
,14:30:00,37,0.087,0.087,0.09,0.088,0.088,0.087,0.087,0.086,0.087,0.089,0.087,0.087,0.088,0.084,0.378,0.333,0.359,0.441,0.345,0.317,0.439,0.382,0.382,0.089,0.089,0.202,0.354,0.353,0.433,0.326,0.386,0.36,0.292,0.446,0.424,0.089,0.089,0.437,0.346,0.446,0.332,0.36,0.455,0.31,0.38,0.349,0.382,0.088,0.091,0.093,1.218,1.247,1.354,1.336,1.299,1.156,1.233,1.253,1.363,0.088,0.092,1.289,1.284,1.171,1.254,1.249,1.216,1.29,1.059,1.314,1.342,0.089,0.09,1.314,1.33,1.407,1.296,1.253,1.236,1.256,1.272,1.247,1.379,0.088,0.089,0.088,0.088,0.087,0.087,0.089,0.088,0.105,0.089,1.219,0.088,0.087
,14:35:00,37,0.087,0.087,0.09,0.088,0.088,0.087,0.087,0.086,0.087,0.09,0.087,0.087,0.088,0.083,0.378,0.332,0.359,0.441,0.345,0.318,0.44,0.382,0.382,0.089,0.089,0.206,0.354,0.353,0.436,0.326,0.386,0.359,0.292,0.444,0.428,0.088,0.089,0.437,0.346,0.446,0.332,0.364,0.459,0.311,0.366,0.35,0.38,0.088,0.091,0.093,1.217,1.246,1.353,1.336,1.299,1.153,1.232,1.253,1.362,0.088,0.092,1.288,1.283,1.172,1.252,1.248,1.215,1.289,1.059,1.313,1.342,0.088,0.09,1.313,1.331,1.406,1.295,1.25,1.235,1.255,1.271,1.245,1.378,0.088,0.089,0.088,0.088,0.087,0.087,0.088,0.087,0.105,0.088,1.22,0.088,0.087
,14:40:00,37,0.087,0.087,0.09,0.088,0.088,0.087,0.087,0.086,0.087,0.09,0.087,0.087,0.088,0.084,0.379,0.33,0.363,0.44,0.348,0.322,0.439,0.385,0.385,0.089,0.09,0.2,0.354,0.353,0.442,0.328,0.387,0.359,0.292,0.441,0.434,0.088,0.089,0.436,0.347,0.445,0.332,0.369,0.463,0.312,0.379,0.354,0.381,0.088,0.091,0.093,1.217,1.244,1.353,1.335,1.297,1.152,1.231,1.252,1.361,0.088,0.092,1.287,1.282,1.177,1.251,1.247,1.213,1.288,1.057,1.312,1.341,0.088,0.09,1.312,1.33,1.406,1.294,1.248,1.234,1.255,1.271,1.247,1.378,0.088,0.089,0.087,0.088,0.087,0.087,0.089,0.088,0.106,0.088,1.219,0.088,0.087
,14:45:00,37,0.086,0.087,0.09,0.088,0.088,0.087,0.086,0.086,0.086,0.089,0.086,0.086,0.088,0.083,0.379,0.331,0.361,0.438,0.348,0.324,0.439,0.381,0.384,0.088,0.089,0.208,0.355,0.352,0.442,0.328,0.386,0.359,0.292,0.441,0.434,0.088,0.089,0.436,0.347,0.445,0.332,0.371,0.467,0.312,0.381,0.352,0.379,0.088,0.091,0.093,1.215,1.242,1.352,1.334,1.297,1.15,1.23,1.251,1.361,0.088,0.091,1.285,1.281,1.18,1.249,1.245,1.212,1.286,1.063,1.311,1.34,0.088,0.09,1.311,1.329,1.404,1.293,1.247,1.232,1.253,1.269,1.245,1.377,0.088,0.088,0.087,0.088,0.087,0.087,0.089,0.087,0.105,0.088,1.218,0.088,0.087
,14:50:00,37,0.086,0.087,0.09,0.088,0.088,0.087,0.087,0.086,0.087,0.089,0.087,0.087,0.088,0.083,0.379,0.331,0.363,0.441,0.348,0.327,0.44,0.386,0.393,0.089,0.09,0.204,0.361,0.352,0.439,0.332,0.386,0.359,0.292,0.442,0.443,0.088,0.089,0.436,0.348,0.445,0.333,0.377,0.468,0.313,0.374,0.35,0.378,0.088,0.091,0.093,1.215,1.241,1.351,1.332,1.296,1.148,1.229,1.25,1.359,0.088,0.092,1.286,1.28,1.183,1.247,1.245,1.211,1.284,1.066,1.31,1.339,0.088,0.09,1.31,1.328,1.404,1.291,1.245,1.231,1.252,1.268,1.244,1.377,0.088,0.089,0.087,0.088,0.087,0.087,0.089,0.087,0.106,0.088,1.217,0.088,0.087
,14:55:00,37,0.087,0.087,0.09,0.088,0.088,0.087,0.087,0.086,0.086,0.089,0.087,0.087,0.088,0.083,0.378,0.33,0.364,0.439,0.349,0.326,0.438,0.385,0.393,0.088,0.089,0.203,0.355,0.352,0.44,0.332,0.385,0.359,0.293,0.441,0.438,0.088,0.089,0.436,0.348,0.444,0.333,0.379,0.467,0.312,0.383,0.347,0.378,0.088,0.091,0.093,1.213,1.239,1.35,1.331,1.294,1.146,1.228,1.249,1.358,0.088,0.091,1.283,1.279,1.187,1.246,1.243,1.209,1.282,1.072,1.308,1.338,0.088,0.09,1.309,1.327,1.402,1.29,1.243,1.229,1.251,1.267,1.243,1.376,0.088,0.089,0.087,0.088,0.087,0.087,0.088,0.087,0.106,0.088,1.215,0.088,0.087
,15:00:00,37,0.087,0.087,0.09,0.088,0.088,0.087,0.087,0.086,0.086,0.089,0.087,0.087,0.088,0.083,0.377,0.329,0.367,0.439,0.349,0.325,0.437,0.385,0.395,0.089,0.089,0.206,0.362,0.351,0.439,0.333,0.385,0.359,0.293,0.441,0.436,0.088,0.089,0.436,0.349,0.444,0.334,0.388,0.467,0.314,0.377,0.355,0.379,0.088,0.091,0.093,1.212,1.238,1.35,1.33,1.293,1.145,1.227,1.249,1.358,0.088,0.091,1.28,1.278,1.188,1.243,1.241,1.208,1.281,1.074,1.307,1.337,0.088,0.09,1.308,1.326,1.401,1.289,1.241,1.228,1.25,1.267,1.242,1.374,0.088,0.089,0.087,0.088,0.087,0.087,0.089,0.088,0.106,0.088,1.213,0.088,0.087
,15:05:00,37,0.087,0.087,0.09,0.088,0.088,0.087,0.087,0.087,0.087,0.089,0.087,0.087,0.089,0.084,0.377,0.328,0.364,0.439,0.35,0.325,0.435,0.388,0.402,0.089,0.09,0.211,0.357,0.352,0.443,0.333,0.385,0.359,0.293,0.437,0.437,0.088,0.09,0.437,0.35,0.445,0.335,0.391,0.467,0.314,0.351,0.356,0.378,0.088,0.091,0.094,1.212,1.237,1.349,1.33,1.292,1.144,1.227,1.248,1.357,0.089,0.092,1.281,1.277,1.189,1.242,1.241,1.207,1.28,1.075,1.307,1.337,0.089,0.09,1.308,1.325,1.401,1.288,1.239,1.226,1.249,1.266,1.241,1.374,0.088,0.089,0.088,0.088,0.087,0.087,0.089,0.087,0.107,0.088,1.212,0.088,0.088
,15:10:00,37,0.087,0.087,0.09,0.088,0.088,0.087,0.087,0.086,0.087,0.089,0.087,0.086,0.088,0.083,0.374,0.33,0.366,0.438,0.352,0.325,0.437,0.386,0.407,0.089,0.089,0.209,0.362,0.352,0.44,0.335,0.386,0.359,0.294,0.437,0.431,0.088,0.089,0.436,0.35,0.444,0.335,0.399,0.466,0.315,0.368,0.35,0.377,0.088,0.091,0.093,1.211,1.236,1.348,1.329,1.292,1.142,1.225,1.247,1.356,0.088,0.092,1.278,1.276,1.189,1.24,1.24,1.206,1.279,1.079,1.307,1.336,0.088,0.09,1.307,1.325,1.401,1.287,1.238,1.225,1.248,1.266,1.24,1.374,0.088,0.089,0.087,0.088,0.087,0.087,0.089,0.087,0.106,0.088,1.211,0.088,0.087
,15:15:00,37,0.087,0.087,0.09,0.088,0.088,0.087,0.087,0.086,0.087,0.089,0.087,0.087,0.088,0.083,0.372,0.329,0.367,0.438,0.352,0.326,0.438,0.388,0.396,0.089,0.09,0.208,0.361,0.351,0.443,0.337,0.385,0.359,0.294,0.439,0.433,0.088,0.089,0.436,0.351,0.444,0.335,0.403,0.464,0.315,0.367,0.353,0.378,0.088,0.091,0.094,1.21,1.234,1.348,1.328,1.291,1.141,1.225,1.246,1.355,0.089,0.092,1.279,1.276,1.189,1.238,1.239,1.205,1.279,1.082,1.306,1.336,0.089,0.09,1.306,1.324,1.4,1.286,1.237,1.224,1.247,1.265,1.239,1.374,0.088,0.089,0.088,0.088,0.087,0.087,0.089,0.087,0.107,0.088,1.209,0.089,0.087
,15:20:00,37,0.087,0.087,0.09,0.088,0.088,0.087,0.087,0.087,0.087,0.089,0.087,0.087,0.089,0.083,0.371,0.327,0.369,0.438,0.353,0.325,0.435,0.39,0.401,0.089,0.089,0.204,0.36,0.351,0.44,0.333,0.385,0.359,0.294,0.435,0.427,0.088,0.089,0.435,0.351,0.444,0.336,0.405,0.463,0.315,0.379,0.357,0.376,0.088,0.091,0.094,1.209,1.232,1.347,1.327,1.29,1.139,1.224,1.245,1.354,0.089,0.092,1.277,1.275,1.189,1.236,1.237,1.203,1.277,1.08,1.305,1.335,0.089,0.09,1.305,1.323,1.398,1.284,1.235,1.222,1.246,1.263,1.237,1.372,0.088,0.089,0.088,0.088,0.087,0.087,0.089,0.088,0.107,0.088,1.207,0.087,0.087
,15:25:00,37,0.087,0.087,0.09,0.088,0.088,0.088,0.087,0.087,0.087,0.089,0.087,0.087,0.089,0.084,0.371,0.328,0.368,0.438,0.354,0.327,0.437,0.39,0.407,0.089,0.09,0.205,0.36,0.351,0.44,0.336,0.385,0.359,0.294,0.436,0.43,0.088,0.09,0.435,0.352,0.444,0.337,0.414,0.462,0.315,0.373,0.361,0.38,0.088,0.091,0.094,1.209,1.231,1.347,1.326,1.29,1.136,1.224,1.244,1.354,0.089,0.092,1.277,1.275,1.187,1.234,1.237,1.202,1.276,1.078,1.304,1.334,0.089,0.09,1.304,1.323,1.398,1.284,1.233,1.221,1.245,1.264,1.237,1.372,0.088,0.089,0.088,0.088,0.087,0.087,0.089,0.088,0.107,0.088,1.207,0.088,0.088
,15:30:00,37,0.086,0.087,0.09,0.088,0.088,0.087,0.087,0.086,0.087,0.089,0.087,0.087,0.088,0.083,0.37,0.327,0.365,0.437,0.354,0.325,0.437,0.389,0.405,0.088,0.089,0.207,0.359,0.351,0.445,0.336,0.38,0.36,0.293,0.436,0.428,0.088,0.089,0.435,0.352,0.443,0.336,0.416,0.461,0.315,0.385,0.36,0.375,0.088,0.091,0.094,1.207,1.23,1.346,1.325,1.289,1.136,1.222,1.244,1.353,0.088,0.091,1.276,1.274,1.186,1.232,1.236,1.201,1.275,1.077,1.303,1.333,0.088,0.09,1.303,1.321,1.398,1.283,1.232,1.219,1.244,1.262,1.236,1.372,0.088,0.089,0.087,0.088,0.087,0.087,0.089,0.087,0.107,0.088,1.205,0.088,0.087
,15:35:00,37,0.087,0.087,0.09,0.088,0.088,0.087,0.087,0.086,0.087,0.09,0.087,0.087,0.088,0.084,0.369,0.328,0.367,0.438,0.354,0.325,0.437,0.389,0.405,0.089,0.089,0.208,0.359,0.351,0.445,0.337,0.382,0.358,0.292,0.435,0.425,0.088,0.089,0.434,0.353,0.443,0.337,0.421,0.46,0.315,0.375,0.362,0.375,0.088,0.091,0.093,1.206,1.228,1.345,1.324,1.287,1.133,1.222,1.243,1.352,0.088,0.092,1.274,1.272,1.184,1.23,1.234,1.199,1.273,1.076,1.302,1.331,0.088,0.09,1.302,1.321,1.396,1.281,1.23,1.217,1.243,1.261,1.234,1.371,0.088,0.089,0.088,0.088,0.087,0.087,0.088,0.088,0.106,0.088,1.202,0.088,0.087
,15:40:00,37,0.087,0.087,0.09,0.088,0.088,0.087,0.087,0.086,0.087,0.089,0.087,0.086,0.088,0.084,0.369,0.326,0.367,0.436,0.354,0.325,0.436,0.39,0.403,0.089,0.089,0.215,0.358,0.351,0.444,0.334,0.38,0.358,0.289,0.435,0.425,0.088,0.089,0.434,0.353,0.443,0.337,0.429,0.46,0.316,0.379,0.355,0.375,0.088,0.091,0.094,1.205,1.226,1.343,1.323,1.286,1.132,1.22,1.241,1.351,0.088,0.092,1.273,1.271,1.184,1.227,1.233,1.197,1.273,1.074,1.301,1.331,0.088,0.09,1.301,1.319,1.395,1.28,1.227,1.215,1.242,1.26,1.233,1.369,0.088,0.089,0.087,0.088,0.087,0.087,0.089,0.087,0.107,0.088,1.201,0.087,0.087
,15:45:00,37,0.087,0.087,0.091,0.088,0.088,0.087,0.087,0.086,0.087,0.089,0.087,0.087,0.089,0.085,0.369,0.325,0.364,0.435,0.355,0.324,0.437,0.389,0.4,0.089,0.089,0.21,0.36,0.351,0.439,0.342,0.381,0.361,0.292,0.434,0.424,0.088,0.09,0.434,0.354,0.443,0.338,0.431,0.459,0.316,0.376,0.364,0.374,0.088,0.091,0.094,1.204,1.225,1.343,1.323,1.285,1.131,1.22,1.241,1.351,0.088,0.092,1.27,1.27,1.182,1.226,1.232,1.196,1.272,1.074,1.301,1.331,0.089,0.09,1.301,1.319,1.395,1.279,1.227,1.214,1.241,1.26,1.233,1.369,0.088,0.089,0.088,0.088,0.087,0.087,0.089,0.088,0.108,0.088,1.201,0.087,0.087
,15:50:00,37,0.087,0.087,0.09,0.088,0.088,0.087,0.087,0.087,0.087,0.089,0.087,0.087,0.088,0.084,0.368,0.327,0.365,0.436,0.356,0.326,0.438,0.395,0.402,0.089,0.09,0.217,0.353,0.351,0.443,0.34,0.381,0.36,0.292,0.435,0.422,0.088,0.09,0.433,0.354,0.443,0.338,0.438,0.459,0.316,0.37,0.359,0.375,0.088,0.091,0.094,1.203,1.224,1.343,1.323,1.284,1.129,1.219,1.241,1.349,0.088,0.092,1.269,1.27,1.182,1.224,1.23,1.195,1.27,1.074,1.301,1.33,0.089,0.09,1.3,1.318,1.394,1.278,1.226,1.213,1.24,1.26,1.231,1.369,0.088,0.089,0.088,0.088,0.087,0.087,0.089,0.088,0.108,0.088,1.198,0.087,0.088
,15:55:00,37,0.087,0.087,0.09,0.088,0.088,0.087,0.087,0.086,0.087,0.089,0.087,0.087,0.088,0.084,0.368,0.328,0.366,0.434,0.356,0.322,0.436,0.39,0.398,0.089,0.09,0.218,0.354,0.351,0.44,0.341,0.382,0.359,0.291,0.434,0.423,0.088,0.089,0.433,0.354,0.443,0.339,0.438,0.458,0.316,0.381,0.364,0.376,0.088,0.091,0.094,1.203,1.223,1.343,1.321,1.284,1.128,1.219,1.24,1.349,0.088,0.092,1.269,1.269,1.181,1.222,1.23,1.193,1.27,1.073,1.299,1.329,0.089,0.09,1.299,1.317,1.393,1.278,1.225,1.212,1.24,1.259,1.231,1.369,0.088,0.089,0.088,0.088,0.087,0.087,0.089,0.087,0.109,0.088,1.197,0.087,0.088
,16:00:00,37,0.087,0.087,0.09,0.088,0.088,0.087,0.087,0.087,0.087,0.089,0.087,0.087,0.088,0.083,0.367,0.326,0.366,0.434,0.356,0.324,0.436,0.391,0.397,0.089,0.09,0.21,0.358,0.351,0.441,0.343,0.383,0.36,0.289,0.434,0.426,0.088,0.09,0.433,0.354,0.444,0.339,0.446,0.459,0.317,0.376,0.366,0.374,0.088,0.091,0.094,1.202,1.221,1.342,1.32,1.283,1.125,1.217,1.238,1.348,0.089,0.092,1.269,1.268,1.179,1.22,1.229,1.191,1.269,1.073,1.298,1.329,0.089,0.09,1.298,1.317,1.392,1.276,1.223,1.209,1.238,1.257,1.229,1.367,0.088,0.089,0.088,0.088,0.087,0.088,0.089,0.088,0.109,0.088,1.196,0.087,0.087
,16:05:00,37,0.087,0.087,0.09,0.088,0.088,0.087,0.087,0.086,0.087,0.09,0.087,0.087,0.088,0.084,0.367,0.327,0.361,0.434,0.357,0.327,0.435,0.394,0.396,0.089,0.089,0.215,0.352,0.351,0.44,0.339,0.383,0.361,0.288,0.435,0.42,0.088,0.09,0.432,0.354,0.442,0.339,0.444,0.458,0.317,0.374,0.365,0.374,0.088,0.091,0.093,1.201,1.22,1.341,1.32,1.282,1.124,1.217,1.238,1.347,0.088,0.092,1.264,1.268,1.177,1.218,1.228,1.19,1.268,1.071,1.298,1.328,0.088,0.09,1.298,1.316,1.392,1.275,1.221,1.208,1.238,1.257,1.228,1.367,0.088,0.089,0.088,0.088,0.087,0.087,0.089,0.088,0.109,0.088,1.195,0.087,0.087
,16:10:00,37,0.087,0.087,0.09,0.088,0.088,0.087,0.087,0.086,0.086,0.089,0.087,0.087,0.088,0.083,0.366,0.327,0.363,0.432,0.357,0.323,0.436,0.395,0.391,0.089,0.089,0.217,0.358,0.351,0.434,0.349,0.383,0.36,0.288,0.434,0.423,0.088,0.09,0.432,0.354,0.442,0.339,0.444,0.457,0.316,0.372,0.365,0.374,0.088,0.091,0.093,1.2,1.218,1.341,1.318,1.281,1.123,1.216,1.237,1.346,0.088,0.091,1.266,1.266,1.175,1.216,1.226,1.189,1.266,1.069,1.297,1.327,0.088,0.09,1.297,1.315,1.391,1.275,1.219,1.206,1.237,1.256,1.227,1.367,0.088,0.089,0.088,0.088,0.087,0.087,0.089,0.087,0.109,0.088,1.192,0.087,0.087
,16:15:00,37,0.087,0.087,0.09,0.088,0.088,0.087,0.087,0.086,0.087,0.089,0.087,0.087,0.088,0.084,0.366,0.327,0.361,0.432,0.358,0.324,0.435,0.394,0.394,0.089,0.089,0.218,0.357,0.351,0.436,0.342,0.383,0.361,0.288,0.433,0.422,0.088,0.089,0.433,0.354,0.442,0.339,0.441,0.457,0.317,0.378,0.36,0.375,0.088,0.091,0.094,1.199,1.217,1.339,1.317,1.281,1.121,1.215,1.236,1.346,0.089,0.092,1.264,1.265,1.175,1.213,1.225,1.186,1.265,1.071,1.296,1.326,0.089,0.09,1.295,1.314,1.39,1.273,1.217,1.204,1.235,1.255,1.226,1.366,0.088,0.089,0.088,0.088,0.087,0.087,0.089,0.087,0.109,0.088,1.192,0.087,0.087
,16:20:00,37,0.087,0.087,0.09,0.088,0.088,0.087,0.087,0.086,0.086,0.088,0.087,0.087,0.088,0.085,0.366,0.327,0.365,0.432,0.356,0.323,0.436,0.394,0.393,0.088,0.089,0.216,0.356,0.35,0.437,0.341,0.382,0.36,0.287,0.433,0.419,0.088,0.089,0.431,0.353,0.442,0.338,0.435,0.456,0.317,0.386,0.364,0.378,0.088,0.091,0.093,1.198,1.216,1.339,1.317,1.279,1.119,1.214,1.235,1.345,0.088,0.091,1.263,1.265,1.175,1.211,1.224,1.185,1.264,1.069,1.295,1.325,0.088,0.09,1.295,1.313,1.389,1.273,1.215,1.201,1.235,1.255,1.225,1.365,0.088,0.089,0.087,0.088,0.087,0.087,0.089,0.087,0.109,0.088,1.191,0.087,0.087
,16:25:00,37,0.087,0.087,0.09,0.088,0.088,0.088,0.087,0.086,0.087,0.089,0.087,0.087,0.089,0.084,0.366,0.327,0.365,0.431,0.358,0.322,0.434,0.392,0.387,0.089,0.09,0.216,0.352,0.351,0.436,0.349,0.382,0.362,0.287,0.433,0.421,0.088,0.09,0.431,0.353,0.442,0.339,0.436,0.455,0.318,0.367,0.368,0.374,0.088,0.091,0.094,1.197,1.215,1.339,1.316,1.279,1.119,1.214,1.234,1.343,0.089,0.092,1.263,1.264,1.175,1.209,1.223,1.183,1.263,1.069,1.295,1.325,0.089,0.09,1.294,1.312,1.388,1.272,1.214,1.2,1.234,1.254,1.224,1.365,0.088,0.089,0.088,0.088,0.087,0.087,0.089,0.088,0.11,0.088,1.189,0.087,0.088
,16:30:00,37,0.087,0.087,0.09,0.088,0.088,0.087,0.087,0.086,0.087,0.088,0.087,0.087,0.088,0.083,0.366,0.328,0.362,0.431,0.357,0.318,0.435,0.389,0.391,0.089,0.089,0.212,0.352,0.351,0.436,0.349,0.382,0.361,0.287,0.432,0.426,0.088,0.09,0.431,0.353,0.442,0.339,0.436,0.454,0.318,0.37,0.368,0.374,0.088,0.091,0.093,1.196,1.213,1.339,1.315,1.277,1.118,1.213,1.234,1.343,0.089,0.091,1.264,1.264,1.173,1.206,1.221,1.181,1.261,1.069,1.294,1.324,0.088,0.09,1.294,1.312,1.387,1.27,1.213,1.198,1.233,1.253,1.223,1.365,0.088,0.089,0.087,0.088,0.087,0.087,0.089,0.087,0.109,0.088,1.187,0.087,0.087
,16:35:00,37,0.087,0.087,0.09,0.088,0.088,0.087,0.087,0.086,0.086,0.089,0.087,0.086,0.088,0.083,0.365,0.328,0.364,0.43,0.361,0.32,0.433,0.389,0.389,0.088,0.089,0.213,0.352,0.35,0.436,0.348,0.38,0.361,0.286,0.427,0.427,0.088,0.089,0.43,0.352,0.441,0.339,0.429,0.456,0.318,0.371,0.365,0.375,0.088,0.09,0.093,1.195,1.211,1.337,1.314,1.276,1.116,1.211,1.233,1.342,0.088,0.091,1.261,1.261,1.171,1.203,1.219,1.178,1.26,1.065,1.292,1.323,0.088,0.09,1.292,1.31,1.385,1.269,1.211,1.195,1.231,1.251,1.221,1.363,0.088,0.089,0.087,0.087,0.086,0.087,0.089,0.087,0.11,0.088,1.186,0.087,0.087
,16:40:00,37,0.087,0.087,0.09,0.088,0.088,0.087,0.087,0.086,0.087,0.089,0.087,0.087,0.089,0.083,0.364,0.328,0.362,0.431,0.36,0.319,0.432,0.392,0.382,0.089,0.09,0.221,0.35,0.35,0.434,0.35,0.38,0.362,0.286,0.431,0.423,0.088,0.089,0.43,0.352,0.441,0.339,0.431,0.453,0.317,0.377,0.359,0.377,0.088,0.091,0.093,1.195,1.211,1.337,1.314,1.276,1.115,1.211,1.232,1.341,0.088,0.092,1.259,1.261,1.169,1.202,1.219,1.178,1.259,1.064,1.292,1.323,0.088,0.09,1.292,1.31,1.386,1.269,1.21,1.194,1.231,1.252,1.221,1.363,0.088,0.089,0.088,0.088,0.087,0.087,0.089,0.088,0.11,0.088,1.186,0.087,0.088
,16:45:00,37,0.087,0.087,0.09,0.088,0.088,0.087,0.087,0.086,0.086,0.089,0.087,0.087,0.088,0.085,0.364,0.328,0.363,0.431,0.36,0.319,0.434,0.394,0.385,0.088,0.089,0.216,0.356,0.35,0.435,0.349,0.38,0.361,0.286,0.431,0.421,0.088,0.089,0.43,0.352,0.441,0.338,0.433,0.453,0.319,0.385,0.364,0.376,0.088,0.091,0.093,1.194,1.209,1.336,1.312,1.275,1.114,1.21,1.231,1.34,0.088,0.091,1.258,1.261,1.168,1.2,1.217,1.176,1.258,1.062,1.292,1.323,0.088,0.09,1.291,1.309,1.384,1.268,1.208,1.192,1.23,1.251,1.22,1.363,0.088,0.089,0.088,0.088,0.087,0.087,0.089,0.088,0.11,0.088,1.184,0.087,0.087
,16:50:00,37,0.087,0.087,0.09,0.088,0.088,0.087,0.087,0.086,0.087,0.089,0.087,0.087,0.088,0.084,0.365,0.327,0.361,0.429,0.361,0.318,0.429,0.391,0.385,0.089,0.089,0.215,0.348,0.35,0.437,0.349,0.379,0.361,0.286,0.431,0.422,0.088,0.089,0.43,0.352,0.441,0.338,0.433,0.452,0.319,0.381,0.36,0.373,0.088,0.091,0.094,1.193,1.207,1.335,1.311,1.274,1.113,1.209,1.23,1.339,0.089,0.092,1.258,1.26,1.167,1.197,1.215,1.174,1.257,1.062,1.291,1.321,0.088,0.09,1.29,1.308,1.383,1.266,1.206,1.189,1.229,1.25,1.218,1.361,0.088,0.089,0.088,0.088,0.087,0.087,0.089,0.087,0.11,0.088,1.182,0.087,0.087
,16:55:00,37,0.086,0.087,0.09,0.088,0.088,0.087,0.087,0.086,0.086,0.089,0.087,0.087,0.088,0.083,0.363,0.329,0.358,0.429,0.36,0.32,0.433,0.393,0.389,0.088,0.089,0.217,0.355,0.349,0.435,0.35,0.379,0.36,0.285,0.431,0.419,0.088,0.089,0.43,0.352,0.441,0.338,0.425,0.451,0.319,0.378,0.363,0.373,0.088,0.09,0.093,1.192,1.206,1.334,1.312,1.273,1.11,1.208,1.229,1.339,0.088,0.091,1.256,1.259,1.165,1.195,1.213,1.172,1.256,1.06,1.289,1.321,0.088,0.09,1.289,1.308,1.383,1.265,1.204,1.187,1.228,1.25,1.217,1.36,0.088,0.089,0.087,0.087,0.087,0.087,0.088,0.087,0.11,0.087,1.181,0.087,0.087
,17:00:00,37,0.087,0.087,0.09,0.088,0.088,0.087,0.087,0.086,0.086,0.088,0.087,0.087,0.088,0.083,0.363,0.329,0.357,0.429,0.359,0.319,0.432,0.391,0.388,0.088,0.089,0.223,0.346,0.349,0.433,0.35,0.378,0.36,0.285,0.43,0.422,0.088,0.089,0.43,0.352,0.441,0.338,0.429,0.452,0.32,0.362,0.365,0.373,0.088,0.091,0.093,1.191,1.205,1.334,1.31,1.272,1.109,1.208,1.23,1.338,0.088,0.091,1.256,1.258,1.164,1.193,1.212,1.17,1.255,1.058,1.289,1.32,0.088,0.09,1.289,1.307,1.383,1.265,1.203,1.185,1.227,1.248,1.216,1.361,0.088,0.089,0.088,0.088,0.087,0.087,0.089,0.087,0.11,0.088,1.18,0.087,0.087
,17:05:00,37,0.087,0.087,0.09,0.088,0.088,0.087,0.087,0.086,0.086,0.089,0.087,0.087,0.088,0.083,0.363,0.329,0.361,0.428,0.358,0.319,0.432,0.392,0.384,0.089,0.089,0.222,0.347,0.349,0.432,0.353,0.378,0.361,0.284,0.43,0.419,0.088,0.09,0.43,0.352,0.441,0.338,0.427,0.451,0.32,0.377,0.368,0.374,0.088,0.091,0.093,1.19,1.204,1.334,1.309,1.272,1.108,1.207,1.228,1.337,0.088,0.091,1.254,1.258,1.163,1.191,1.211,1.168,1.254,1.057,1.288,1.32,0.088,0.09,1.288,1.306,1.381,1.264,1.201,1.183,1.226,1.247,1.215,1.361,0.088,0.089,0.088,0.087,0.087,0.087,0.089,0.087,0.11,0.088,1.179,0.087,0.087
,17:10:00,37,0.087,0.087,0.09,0.088,0.088,0.088,0.087,0.086,0.087,0.089,0.087,0.087,0.088,0.084,0.363,0.329,0.357,0.428,0.358,0.321,0.429,0.394,0.387,0.089,0.089,0.218,0.345,0.349,0.434,0.356,0.377,0.36,0.284,0.431,0.419,0.088,0.09,0.429,0.352,0.443,0.338,0.428,0.451,0.32,0.373,0.368,0.372,0.088,0.091,0.094,1.189,1.202,1.332,1.307,1.27,1.108,1.206,1.226,1.335,0.088,0.092,1.252,1.257,1.162,1.189,1.209,1.165,1.252,1.055,1.287,1.319,0.089,0.09,1.286,1.304,1.38,1.263,1.199,1.18,1.225,1.247,1.213,1.358,0.088,0.089,0.088,0.088,0.087,0.087,0.089,0.088,0.111,0.088,1.177,0.087,0.087
,17:15:00,37,0.087,0.087,0.09,0.088,0.088,0.088,0.087,0.086,0.087,0.089,0.087,0.087,0.089,0.084,0.363,0.33,0.357,0.428,0.358,0.32,0.431,0.392,0.388,0.089,0.09,0.224,0.341,0.349,0.433,0.357,0.376,0.36,0.283,0.43,0.419,0.088,0.089,0.429,0.352,0.441,0.338,0.423,0.45,0.32,0.383,0.368,0.375,0.088,0.091,0.094,1.189,1.201,1.333,1.307,1.27,1.106,1.205,1.227,1.335,0.089,0.092,1.253,1.257,1.16,1.187,1.208,1.164,1.252,1.054,1.287,1.319,0.089,0.09,1.286,1.304,1.38,1.263,1.198,1.178,1.225,1.246,1.213,1.359,0.088,0.089,0.088,0.088,0.087,0.087,0.089,0.088,0.111,0.088,1.176,0.087,0.088
,17:20:00,36.9,0.087,0.087,0.09,0.088,0.088,0.087,0.087,0.087,0.087,0.089,0.087,0.087,0.089,0.084,0.363,0.329,0.357,0.429,0.359,0.32,0.433,0.393,0.387,0.089,0.09,0.216,0.342,0.349,0.431,0.355,0.377,0.36,0.284,0.43,0.417,0.088,0.089,0.429,0.352,0.44,0.337,0.425,0.449,0.321,0.369,0.365,0.373,0.088,0.091,0.094,1.188,1.199,1.331,1.306,1.268,1.104,1.204,1.225,1.335,0.089,0.092,1.252,1.257,1.158,1.185,1.206,1.162,1.25,1.052,1.286,1.317,0.089,0.09,1.285,1.303,1.378,1.262,1.195,1.175,1.223,1.246,1.211,1.358,0.088,0.089,0.088,0.088,0.087,0.087,0.089,0.087,0.111,0.088,1.174,0.087,0.087
,17:25:00,37,0.087,0.087,0.09,0.088,0.088,0.087,0.087,0.086,0.087,0.09,0.087,0.087,0.088,0.083,0.362,0.329,0.359,0.428,0.359,0.32,0.433,0.394,0.387,0.089,0.09,0.224,0.341,0.348,0.431,0.357,0.376,0.359,0.283,0.429,0.416,0.088,0.089,0.428,0.352,0.441,0.337,0.419,0.449,0.32,0.374,0.36,0.374,0.088,0.091,0.094,1.187,1.198,1.331,1.306,1.268,1.103,1.203,1.224,1.333,0.088,0.092,1.251,1.256,1.157,1.183,1.205,1.159,1.25,1.049,1.285,1.316,0.088,0.09,1.284,1.302,1.378,1.261,1.194,1.173,1.222,1.245,1.21,1.358,0.088,0.089,0.088,0.088,0.087,0.087,0.089,0.087,0.11,0.088,1.174,0.087,0.088
,17:30:00,37,0.087,0.087,0.09,0.089,0.088,0.087,0.087,0.086,0.087,0.09,0.087,0.087,0.088,0.084,0.362,0.329,0.358,0.428,0.357,0.32,0.43,0.395,0.384,0.089,0.092,0.222,0.341,0.348,0.429,0.36,0.377,0.36,0.283,0.427,0.415,0.088,0.089,0.429,0.351,0.44,0.337,0.422,0.449,0.32,0.361,0.364,0.376,0.088,0.091,0.094,1.187,1.197,1.331,1.305,1.267,1.101,1.202,1.224,1.333,0.089,0.092,1.248,1.255,1.155,1.181,1.203,1.159,1.25,1.046,1.284,1.316,0.089,0.09,1.283,1.302,1.378,1.26,1.195,1.171,1.222,1.244,1.209,1.358,0.088,0.089,0.088,0.088,0.087,0.087,0.089,0.088,0.111,0.088,1.173,0.087,0.088
,17:35:00,37,0.087,0.087,0.09,0.088,0.088,0.087,0.087,0.086,0.087,0.089,0.087,0.087,0.089,0.084,0.362,0.328,0.358,0.428,0.358,0.318,0.432,0.39,0.385,0.089,0.09,0.22,0.341,0.347,0.421,0.357,0.375,0.36,0.283,0.428,0.417,0.088,0.09,0.428,0.352,0.44,0.337,0.422,0.449,0.32,0.369,0.363,0.378,0.088,0.091,0.093,1.186,1.196,1.33,1.304,1.266,1.101,1.202,1.223,1.332,0.089,0.092,1.25,1.254,1.153,1.179,1.201,1.155,1.249,1.044,1.284,1.315,0.089,0.09,1.283,1.3,1.377,1.259,1.192,1.168,1.221,1.243,1.208,1.357,0.088,0.089,0.088,0.088,0.087,0.087,0.089,0.087,0.111,0.088,1.172,0.087,0.087
,17:40:00,37,0.087,0.087,0.09,0.088,0.088,0.087,0.087,0.086,0.087,0.089,0.087,0.087,0.088,0.084,0.361,0.328,0.358,0.427,0.357,0.319,0.431,0.391,0.384,0.088,0.09,0.216,0.342,0.347,0.413,0.356,0.374,0.36,0.282,0.428,0.417,0.088,0.09,0.428,0.352,0.439,0.337,0.415,0.45,0.32,0.381,0.363,0.377,0.088,0.091,0.094,1.185,1.194,1.329,1.303,1.265,1.099,1.201,1.222,1.332,0.088,0.092,1.247,1.252,1.152,1.177,1.199,1.154,1.247,1.041,1.282,1.314,0.089,0.09,1.282,1.299,1.375,1.258,1.191,1.165,1.219,1.242,1.207,1.356,0.088,0.089,0.088,0.088,0.087,0.087,0.089,0.087,0.112,0.088,1.17,0.087,0.087
,17:45:00,37,0.086,0.086,0.09,0.088,0.088,0.087,0.086,0.086,0.086,0.089,0.086,0.086,0.088,0.083,0.361,0.327,0.356,0.426,0.356,0.318,0.43,0.391,0.385,0.088,0.089,0.213,0.341,0.347,0.412,0.353,0.374,0.359,0.281,0.428,0.416,0.088,0.089,0.427,0.352,0.439,0.336,0.411,0.447,0.319,0.377,0.358,0.373,0.087,0.091,0.093,1.184,1.192,1.328,1.302,1.264,1.097,1.199,1.221,1.33,0.088,0.091,1.247,1.252,1.151,1.174,1.198,1.151,1.247,1.04,1.281,1.312,0.089,0.09,1.281,1.298,1.375,1.257,1.189,1.163,1.219,1.241,1.204,1.355,0.088,0.089,0.088,0.088,0.086,0.087,0.088,0.087,0.111,0.088,1.169,0.087,0.087
,17:50:00,37,0.087,0.087,0.09,0.088,0.088,0.087,0.087,0.086,0.087,0.089,0.087,0.087,0.088,0.085,0.361,0.328,0.357,0.426,0.357,0.318,0.431,0.393,0.385,0.089,0.09,0.221,0.342,0.348,0.413,0.353,0.374,0.36,0.281,0.426,0.416,0.088,0.089,0.428,0.352,0.44,0.337,0.413,0.447,0.319,0.381,0.354,0.38,0.088,0.091,0.094,1.183,1.192,1.328,1.301,1.264,1.095,1.199,1.221,1.33,0.088,0.092,1.246,1.252,1.151,1.174,1.197,1.15,1.246,1.039,1.281,1.313,0.089,0.09,1.281,1.298,1.374,1.257,1.188,1.161,1.218,1.241,1.204,1.355,0.088,0.089,0.088,0.088,0.087,0.087,0.089,0.088,0.112,0.088,1.168,0.087,0.088
,17:55:00,37,0.087,0.087,0.09,0.088,0.088,0.087,0.087,0.086,0.087,0.089,0.087,0.087,0.088,0.083,0.36,0.328,0.358,0.426,0.357,0.318,0.429,0.392,0.384,0.089,0.09,0.216,0.341,0.347,0.412,0.356,0.372,0.359,0.281,0.429,0.415,0.088,0.089,0.427,0.352,0.44,0.337,0.417,0.446,0.319,0.363,0.358,0.374,0.088,0.091,0.093,1.182,1.19,1.327,1.301,1.263,1.094,1.198,1.22,1.329,0.088,0.091,1.244,1.25,1.149,1.171,1.195,1.148,1.245,1.038,1.28,1.312,0.088,0.09,1.28,1.297,1.373,1.256,1.187,1.159,1.217,1.241,1.203,1.355,0.088,0.089,0.088,0.088,0.087,0.087,0.089,0.087,0.114,0.088,1.166,0.087,0.087
,18:00:00,37,0.087,0.087,0.09,0.088,0.088,0.087,0.087,0.086,0.087,0.089,0.087,0.087,0.088,0.084,0.36,0.328,0.358,0.426,0.357,0.316,0.429,0.391,0.385,0.089,0.09,0.216,0.341,0.347,0.412,0.353,0.372,0.359,0.281,0.427,0.416,0.088,0.089,0.427,0.351,0.439,0.337,0.41,0.446,0.32,0.363,0.365,0.38,0.088,0.091,0.093,1.182,1.189,1.327,1.3,1.262,1.094,1.198,1.219,1.328,0.088,0.092,1.245,1.25,1.147,1.17,1.194,1.146,1.245,1.036,1.28,1.311,0.089,0.09,1.279,1.297,1.372,1.255,1.185,1.157,1.217,1.24,1.202,1.354,0.088,0.089,0.088,0.088,0.087,0.087,0.089,0.087,0.114,0.088,1.165,0.088,0.087
,18:05:00,37,0.087,0.087,0.09,0.088,0.088,0.087,0.087,0.086,0.086,0.089,0.087,0.087,0.088,0.083,0.36,0.328,0.357,0.425,0.357,0.314,0.427,0.392,0.381,0.088,0.089,0.218,0.341,0.347,0.412,0.354,0.373,0.359,0.281,0.429,0.412,0.088,0.089,0.427,0.351,0.439,0.336,0.41,0.445,0.319,0.385,0.357,0.374,0.088,0.091,0.093,1.181,1.187,1.326,1.299,1.261,1.091,1.196,1.218,1.327,0.088,0.091,1.241,1.249,1.146,1.168,1.192,1.144,1.244,1.036,1.279,1.31,0.088,0.09,1.277,1.296,1.371,1.254,1.183,1.153,1.215,1.239,1.201,1.353,0.088,0.089,0.087,0.088,0.087,0.087,0.088,0.087,0.114,0.088,1.164,0.087,0.087
,18:10:00,37,0.087,0.087,0.09,0.088,0.088,0.087,0.087,0.086,0.087,0.089,0.087,0.087,0.089,0.087,0.36,0.328,0.358,0.425,0.356,0.315,0.426,0.389,0.383,0.089,0.089,0.229,0.341,0.347,0.412,0.353,0.372,0.36,0.281,0.428,0.413,0.088,0.089,0.427,0.351,0.439,0.336,0.413,0.445,0.321,0.386,0.358,0.375,0.088,0.091,0.093,1.181,1.187,1.327,1.299,1.261,1.091,1.197,1.218,1.328,0.088,0.092,1.243,1.248,1.146,1.167,1.191,1.142,1.244,1.035,1.279,1.31,0.089,0.09,1.278,1.295,1.372,1.253,1.182,1.152,1.215,1.239,1.199,1.353,0.088,0.089,0.088,0.088,0.087,0.087,0.089,0.087,0.115,0.088,1.164,0.087,0.087
,18:15:00,37,0.087,0.087,0.091,0.089,0.088,0.088,0.087,0.087,0.087,0.09,0.087,0.087,0.089,0.084,0.36,0.328,0.359,0.425,0.358,0.316,0.43,0.391,0.384,0.089,0.09,0.229,0.342,0.347,0.413,0.352,0.372,0.36,0.28,0.429,0.411,0.088,0.089,0.427,0.351,0.44,0.337,0.41,0.445,0.32,0.384,0.363,0.379,0.088,0.091,0.094,1.18,1.185,1.325,1.298,1.26,1.088,1.196,1.217,1.327,0.089,0.092,1.241,1.248,1.145,1.165,1.189,1.141,1.243,1.034,1.278,1.309,0.089,0.091,1.277,1.294,1.371,1.253,1.181,1.15,1.214,1.238,1.198,1.353,0.088,0.09,0.088,0.088,0.087,0.088,0.089,0.088,0.115,0.089,1.163,0.088,0.088
,18:20:00,37,0.087,0.087,0.09,0.088,0.088,0.087,0.087,0.086,0.087,0.089,0.087,0.086,0.088,0.084,0.359,0.328,0.355,0.425,0.356,0.315,0.43,0.39,0.383,0.088,0.089,0.222,0.342,0.347,0.412,0.351,0.372,0.359,0.279,0.428,0.413,0.088,0.089,0.426,0.35,0.439,0.336,0.41,0.445,0.32,0.37,0.364,0.383,0.088,0.091,0.093,1.179,1.184,1.325,1.298,1.259,1.087,1.195,1.216,1.325,0.088,0.092,1.241,1.248,1.145,1.164,1.187,1.139,1.242,1.034,1.277,1.309,0.088,0.09,1.276,1.294,1.37,1.252,1.18,1.147,1.212,1.237,1.197,1.352,0.088,0.089,0.087,0.088,0.087,0.087,0.089,0.087,0.115,0.088,1.161,0.087,0.087
,18:25:00,37,0.087,0.087,0.09,0.088,0.088,0.087,0.087,0.086,0.087,0.089,0.087,0.087,0.088,0.083,0.359,0.328,0.359,0.425,0.356,0.314,0.429,0.391,0.38,0.089,0.09,0.222,0.342,0.346,0.413,0.35,0.371,0.358,0.279,0.428,0.411,0.088,0.089,0.427,0.35,0.439,0.336,0.405,0.444,0.32,0.387,0.361,0.381,0.088,0.091,0.094,1.178,1.183,1.325,1.296,1.259,1.086,1.194,1.216,1.325,0.088,0.092,1.238,1.247,1.144,1.162,1.185,1.137,1.241,1.036,1.277,1.307,0.088,0.09,1.275,1.294,1.369,1.252,1.179,1.145,1.211,1.237,1.196,1.352,0.088,0.089,0.088,0.088,0.087,0.087,0.089,0.087,0.115,0.088,1.16,0.087,0.087
,18:30:00,37,0.086,0.087,0.089,0.088,0.088,0.087,0.086,0.086,0.086,0.089,0.087,0.086,0.088,0.083,0.358,0.327,0.356,0.422,0.355,0.314,0.429,0.385,0.382,0.088,0.089,0.229,0.342,0.346,0.413,0.35,0.37,0.359,0.278,0.428,0.412,0.087,0.089,0.426,0.349,0.439,0.335,0.406,0.443,0.319,0.388,0.356,0.381,0.087,0.09,0.093,1.178,1.181,1.324,1.295,1.257,1.085,1.193,1.214,1.324,0.088,0.091,1.24,1.246,1.143,1.16,1.184,1.134,1.241,1.035,1.276,1.308,0.088,0.089,1.273,1.292,1.368,1.25,1.177,1.143,1.211,1.236,1.194,1.35,0.088,0.088,0.087,0.087,0.086,0.086,0.088,0.087,0.115,0.087,1.159,0.086,0.087
,18:35:00,36.9,0.087,0.087,0.09,0.088,0.088,0.087,0.087,0.086,0.087,0.089,0.087,0.087,0.088,0.083,0.359,0.328,0.358,0.425,0.354,0.312,0.43,0.386,0.381,0.089,0.089,0.22,0.343,0.346,0.413,0.352,0.371,0.36,0.278,0.428,0.413,0.088,0.089,0.426,0.349,0.439,0.335,0.404,0.443,0.319,0.369,0.363,0.376,0.088,0.091,0.093,1.178,1.181,1.324,1.294,1.257,1.084,1.193,1.215,1.324,0.088,0.091,1.238,1.245,1.142,1.159,1.183,1.133,1.24,1.035,1.275,1.307,0.089,0.09,1.273,1.291,1.368,1.25,1.177,1.14,1.209,1.235,1.193,1.351,0.088,0.089,0.088,0.088,0.087,0.087,0.089,0.088,0.116,0.088,1.158,0.087,0.087
,18:40:00,37,0.087,0.086,0.09,0.088,0.088,0.087,0.087,0.086,0.087,0.089,0.087,0.086,0.088,0.084,0.358,0.327,0.361,0.424,0.355,0.311,0.424,0.388,0.383,0.089,0.089,0.23,0.342,0.346,0.413,0.351,0.371,0.359,0.277,0.428,0.412,0.088,0.089,0.426,0.349,0.438,0.335,0.405,0.443,0.32,0.378,0.357,0.376,0.088,0.091,0.093,1.176,1.179,1.323,1.293,1.256,1.081,1.191,1.213,1.322,0.088,0.091,1.237,1.245,1.141,1.157,1.181,1.131,1.239,1.033,1.275,1.305,0.088,0.09,1.273,1.291,1.367,1.249,1.175,1.138,1.208,1.235,1.191,1.35,0.088,0.089,0.088,0.088,0.087,0.087,0.089,0.087,0.115,0.088,1.157,0.087,0.087
,18:45:00,37,0.087,0.087,0.09,0.088,0.088,0.087,0.087,0.086,0.087,0.089,0.087,0.087,0.089,0.084,0.358,0.328,0.362,0.424,0.355,0.315,0.428,0.388,0.383,0.089,0.089,0.23,0.342,0.346,0.413,0.35,0.372,0.359,0.278,0.428,0.409,0.088,0.089,0.426,0.349,0.438,0.335,0.404,0.443,0.319,0.387,0.356,0.382,0.088,0.091,0.094,1.176,1.178,1.323,1.293,1.255,1.08,1.191,1.212,1.322,0.089,0.092,1.235,1.244,1.139,1.155,1.179,1.129,1.238,1.034,1.274,1.305,0.088,0.09,1.271,1.289,1.366,1.248,1.174,1.136,1.207,1.234,1.19,1.35,0.088,0.089,0.088,0.088,0.087,0.087,0.089,0.087,0.116,0.088,1.156,0.087,0.087
,18:50:00,37,0.087,0.087,0.09,0.088,0.088,0.087,0.087,0.086,0.087,0.09,0.087,0.087,0.088,0.088,0.358,0.329,0.358,0.424,0.354,0.312,0.428,0.388,0.382,0.089,0.09,0.221,0.343,0.346,0.414,0.347,0.371,0.358,0.278,0.428,0.41,0.088,0.089,0.426,0.349,0.439,0.335,0.401,0.442,0.32,0.389,0.36,0.381,0.088,0.091,0.093,1.175,1.176,1.322,1.292,1.254,1.079,1.19,1.212,1.322,0.088,0.092,1.233,1.243,1.139,1.154,1.178,1.128,1.237,1.035,1.273,1.304,0.088,0.09,1.271,1.288,1.365,1.247,1.173,1.133,1.206,1.233,1.189,1.349,0.088,0.089,0.088,0.088,0.087,0.087,0.089,0.087,0.117,0.088,1.155,0.087,0.087
,18:55:00,37,0.087,0.087,0.09,0.088,0.088,0.087,0.087,0.086,0.087,0.09,0.087,0.087,0.088,0.084,0.358,0.328,0.358,0.424,0.353,0.313,0.428,0.387,0.383,0.089,0.09,0.227,0.343,0.346,0.413,0.348,0.371,0.36,0.277,0.428,0.409,0.088,0.089,0.425,0.349,0.438,0.334,0.406,0.442,0.32,0.391,0.361,0.38,0.088,0.091,0.093,1.174,1.176,1.322,1.291,1.255,1.077,1.19,1.211,1.321,0.088,0.092,1.234,1.243,1.137,1.153,1.176,1.127,1.237,1.033,1.272,1.304,0.088,0.09,1.271,1.288,1.365,1.247,1.172,1.132,1.206,1.233,1.188,1.349,0.088,0.089,0.088,0.088,0.087,0.087,0.089,0.087,0.117,0.088,1.154,0.087,0.087
,19:00:00,37,0.087,0.087,0.09,0.088,0.088,0.087,0.087,0.086,0.087,0.089,0.087,0.086,0.088,0.084,0.358,0.328,0.358,0.421,0.354,0.312,0.428,0.386,0.379,0.089,0.089,0.231,0.343,0.346,0.413,0.348,0.37,0.359,0.277,0.428,0.409,0.088,0.089,0.426,0.349,0.438,0.335,0.402,0.442,0.319,0.392,0.362,0.379,0.088,0.091,0.094,1.174,1.174,1.321,1.291,1.253,1.077,1.189,1.21,1.32,0.089,0.092,1.236,1.241,1.136,1.152,1.174,1.125,1.236,1.033,1.271,1.303,0.089,0.09,1.269,1.287,1.364,1.247,1.17,1.13,1.204,1.233,1.186,1.348,0.088,0.089,0.088,0.088,0.087,0.087,0.089,0.087,0.116,0.088,1.153,0.087,0.088
,19:05:00,37,0.087,0.087,0.09,0.088,0.088,0.087,0.087,0.086,0.087,0.088,0.087,0.087,0.088,0.084,0.358,0.328,0.36,0.424,0.354,0.312,0.425,0.385,0.384,0.089,0.089,0.232,0.343,0.346,0.414,0.347,0.37,0.359,0.277,0.428,0.408,0.088,0.089,0.426,0.348,0.44,0.335,0.4,0.442,0.319,0.386,0.362,0.382,0.088,0.091,0.094,1.173,1.173,1.321,1.29,1.253,1.076,1.189,1.21,1.319,0.089,0.092,1.232,1.242,1.135,1.151,1.174,1.123,1.235,1.034,1.272,1.304,0.089,0.091,1.269,1.287,1.364,1.245,1.17,1.128,1.203,1.231,1.185,1.347,0.088,0.089,0.088,0.088,0.087,0.087,0.089,0.088,0.117,0.088,1.152,0.087,0.088
,19:10:00,37,0.087,0.087,0.09,0.088,0.088,0.088,0.087,0.086,0.087,0.089,0.087,0.087,0.088,0.084,0.358,0.329,0.36,0.424,0.352,0.313,0.427,0.384,0.382,0.089,0.09,0.223,0.343,0.346,0.414,0.346,0.37,0.359,0.276,0.427,0.407,0.088,0.089,0.426,0.348,0.439,0.335,0.402,0.441,0.319,0.379,0.357,0.382,0.088,0.091,0.094,1.173,1.172,1.32,1.29,1.252,1.074,1.187,1.209,1.319,0.088,0.092,1.231,1.24,1.135,1.149,1.172,1.121,1.234,1.033,1.271,1.302,0.089,0.091,1.268,1.286,1.364,1.245,1.168,1.126,1.203,1.232,1.183,1.347,0.088,0.089,0.088,0.088,0.087,0.087,0.089,0.088,0.117,0.088,1.151,0.088,0.088
,19:15:00,37,0.087,0.087,0.09,0.088,0.088,0.087,0.087,0.086,0.087,0.088,0.087,0.086,0.089,0.088,0.358,0.329,0.363,0.424,0.352,0.31,0.429,0.382,0.383,0.089,0.089,0.223,0.343,0.345,0.414,0.346,0.37,0.359,0.276,0.427,0.408,0.088,0.089,0.425,0.348,0.438,0.334,0.399,0.441,0.319,0.387,0.363,0.379,0.088,0.091,0.093,1.171,1.171,1.32,1.289,1.251,1.073,1.186,1.208,1.317,0.088,0.091,1.232,1.24,1.134,1.148,1.17,1.119,1.233,1.034,1.269,1.302,0.088,0.09,1.267,1.285,1.362,1.243,1.167,1.123,1.201,1.23,1.182,1.346,0.088,0.089,0.088,0.088,0.087,0.087,0.088,0.088,0.117,0.088,1.15,0.087,0.088
,19:20:00,37,0.087,0.087,0.09,0.088,0.088,0.088,0.087,0.087,0.087,0.089,0.087,0.087,0.089,0.084,0.357,0.329,0.363,0.423,0.351,0.313,0.428,0.383,0.382,0.089,0.09,0.23,0.343,0.345,0.415,0.344,0.369,0.36,0.276,0.427,0.408,0.088,0.089,0.425,0.348,0.442,0.334,0.398,0.44,0.319,0.361,0.361,0.378,0.088,0.091,0.094,1.171,1.17,1.319,1.288,1.25,1.073,1.186,1.208,1.317,0.089,0.092,1.232,1.239,1.133,1.147,1.169,1.118,1.233,1.034,1.269,1.301,0.088,0.09,1.267,1.284,1.362,1.243,1.166,1.122,1.2,1.229,1.181,1.346,0.088,0.089,0.088,0.088,0.087,0.087,0.089,0.088,0.118,0.088,1.149,0.088,0.088
,19:25:00,37,0.087,0.087,0.09,0.088,0.088,0.087,0.087,0.086,0.087,0.089,0.087,0.087,0.088,0.084,0.357,0.329,0.362,0.422,0.351,0.312,0.426,0.385,0.382,0.088,0.09,0.233,0.343,0.346,0.415,0.344,0.369,0.36,0.276,0.427,0.406,0.088,0.089,0.425,0.348,0.438,0.334,0.397,0.44,0.319,0.382,0.36,0.377,0.088,0.091,0.093,1.17,1.168,1.319,1.287,1.25,1.07,1.185,1.207,1.317,0.089,0.091,1.228,1.239,1.133,1.146,1.167,1.117,1.232,1.032,1.269,1.3,0.089,0.09,1.266,1.284,1.361,1.242,1.165,1.12,1.2,1.228,1.18,1.345,0.088,0.089,0.088,0.088,0.087,0.087,0.089,0.087,0.118,0.088,1.148,0.087,0.087
,19:30:00,37,0.087,0.087,0.09,0.088,0.088,0.087,0.087,0.086,0.087,0.088,0.087,0.087,0.088,0.088,0.357,0.329,0.365,0.422,0.351,0.312,0.427,0.384,0.382,0.089,0.089,0.227,0.344,0.345,0.414,0.344,0.368,0.36,0.275,0.426,0.404,0.088,0.089,0.425,0.347,0.45,0.334,0.4,0.439,0.318,0.394,0.359,0.379,0.088,0.091,0.094,1.17,1.167,1.318,1.287,1.249,1.069,1.184,1.206,1.315,0.088,0.092,1.227,1.238,1.131,1.145,1.166,1.115,1.231,1.033,1.268,1.3,0.089,0.09,1.265,1.283,1.36,1.242,1.163,1.118,1.198,1.228,1.178,1.345,0.088,0.089,0.088,0.088,0.087,0.087,0.089,0.088,0.117,0.088,1.147,0.087,0.087
,19:35:00,37,0.087,0.087,0.09,0.088,0.088,0.088,0.087,0.086,0.087,0.089,0.087,0.087,0.089,0.084,0.357,0.33,0.366,0.422,0.351,0.313,0.427,0.385,0.383,0.089,0.09,0.23,0.344,0.346,0.415,0.343,0.369,0.36,0.275,0.427,0.405,0.088,0.09,0.425,0.348,0.438,0.334,0.4,0.44,0.319,0.386,0.357,0.381,0.088,0.091,0.094,1.169,1.167,1.319,1.287,1.249,1.069,1.184,1.206,1.315,0.088,0.092,1.228,1.238,1.131,1.144,1.165,1.114,1.231,1.033,1.268,1.299,0.089,0.09,1.265,1.283,1.36,1.242,1.164,1.116,1.197,1.228,1.177,1.345,0.088,0.089,0.088,0.088,0.087,0.087,0.089,0.088,0.117,0.088,1.146,0.087,0.087
,19:40:00,37,0.087,0.087,0.09,0.088,0.088,0.087,0.087,0.086,0.086,0.089,0.087,0.086,0.088,0.084,0.357,0.329,0.366,0.422,0.35,0.312,0.427,0.383,0.381,0.088,0.089,0.234,0.343,0.345,0.414,0.341,0.368,0.36,0.275,0.427,0.406,0.088,0.089,0.424,0.347,0.437,0.334,0.395,0.439,0.318,0.387,0.362,0.379,0.088,0.091,0.093,1.168,1.165,1.317,1.287,1.248,1.067,1.182,1.204,1.314,0.088,0.091,1.228,1.237,1.13,1.143,1.163,1.112,1.23,1.035,1.266,1.299,0.088,0.09,1.264,1.282,1.359,1.24,1.162,1.114,1.196,1.227,1.176,1.344,0.088,0.088,0.088,0.088,0.087,0.087,0.089,0.087,0.117,0.088,1.146,0.087,0.087
,19:45:00,37,0.087,0.087,0.09,0.088,0.088,0.087,0.087,0.086,0.086,0.089,0.087,0.086,0.088,0.084,0.356,0.329,0.367,0.422,0.35,0.31,0.428,0.383,0.38,0.089,0.089,0.227,0.344,0.345,0.414,0.34,0.367,0.361,0.275,0.426,0.404,0.088,0.09,0.424,0.347,0.438,0.334,0.395,0.439,0.32,0.393,0.36,0.382,0.088,0.091,0.093,1.168,1.164,1.317,1.286,1.247,1.068,1.182,1.204,1.314,0.088,0.091,1.226,1.236,1.13,1.142,1.162,1.111,1.23,1.034,1.266,1.298,0.088,0.09,1.263,1.281,1.359,1.24,1.162,1.112,1.195,1.227,1.175,1.344,0.088,0.089,0.088,0.088,0.087,0.087,0.089,0.087,0.118,0.088,1.145,0.087,0.087
,19:50:00,37,0.087,0.087,0.09,0.088,0.088,0.087,0.087,0.086,0.087,0.086,0.087,0.087,0.089,0.084,0.356,0.329,0.367,0.422,0.351,0.31,0.428,0.384,0.382,0.089,0.09,0.228,0.344,0.345,0.415,0.34,0.367,0.36,0.275,0.427,0.403,0.088,0.089,0.424,0.347,0.443,0.333,0.4,0.439,0.318,0.378,0.357,0.376,0.088,0.091,0.094,1.167,1.163,1.317,1.284,1.246,1.066,1.182,1.204,1.313,0.088,0.092,1.224,1.236,1.129,1.141,1.161,1.11,1.229,1.033,1.265,1.298,0.088,0.09,1.263,1.281,1.358,1.239,1.16,1.111,1.194,1.226,1.173,1.343,0.088,0.089,0.088,0.088,0.087,0.087,0.089,0.087,0.119,0.088,1.143,0.087,0.087
,19:55:00,37,0.087,0.087,0.09,0.088,0.088,0.087,0.087,0.086,0.086,0.089,0.087,0.087,0.089,0.085,0.356,0.33,0.366,0.423,0.35,0.311,0.428,0.385,0.383,0.088,0.09,0.225,0.344,0.345,0.415,0.341,0.367,0.36,0.275,0.427,0.405,0.088,0.09,0.424,0.348,0.437,0.333,0.398,0.438,0.318,0.393,0.357,0.381,0.088,0.091,0.094,1.167,1.161,1.315,1.284,1.245,1.065,1.181,1.202,1.311,0.089,0.092,1.225,1.235,1.127,1.14,1.16,1.108,1.228,1.032,1.265,1.296,0.089,0.09,1.261,1.28,1.357,1.238,1.16,1.109,1.193,1.226,1.172,1.342,0.088,0.089,0.088,0.088,0.087,0.087,0.089,0.088,0.119,0.088,1.142,0.087,0.087
,20:00:00,37,0.087,0.087,0.09,0.088,0.088,0.087,0.087,0.086,0.087,0.089,0.087,0.087,0.089,0.086,0.356,0.329,0.368,0.422,0.349,0.309,0.427,0.382,0.383,0.089,0.09,0.23,0.345,0.345,0.415,0.34,0.367,0.36,0.274,0.425,0.405,0.089,0.089,0.424,0.347,0.437,0.334,0.399,0.438,0.319,0.396,0.359,0.382,0.088,0.091,0.093,1.166,1.16,1.315,1.283,1.245,1.064,1.18,1.202,1.311,0.088,0.092,1.226,1.234,1.125,1.14,1.158,1.107,1.228,1.029,1.264,1.297,0.088,0.09,1.261,1.28,1.356,1.238,1.158,1.108,1.192,1.225,1.17,1.342,0.088,0.089,0.088,0.087,0.087,0.087,0.089,0.087,0.119,0.088,1.142,0.087,0.088
,20:05:00,37,0.087,0.087,0.09,0.088,0.088,0.087,0.087,0.087,0.087,0.09,0.087,0.087,0.089,0.084,0.356,0.33,0.368,0.423,0.35,0.309,0.426,0.384,0.383,0.089,0.09,0.229,0.344,0.345,0.416,0.341,0.367,0.36,0.274,0.425,0.403,0.088,0.09,0.424,0.347,0.437,0.334,0.397,0.438,0.319,0.375,0.357,0.379,0.088,0.091,0.094,1.166,1.159,1.315,1.283,1.244,1.063,1.179,1.201,1.31,0.088,0.092,1.225,1.234,1.126,1.138,1.156,1.106,1.227,1.03,1.264,1.296,0.089,0.09,1.26,1.279,1.356,1.237,1.158,1.106,1.19,1.225,1.169,1.342,0.088,0.089,0.088,0.088,0.087,0.087,0.089,0.087,0.119,0.088,1.141,0.087,0.088
,20:10:00,37,0.087,0.087,0.09,0.088,0.088,0.087,0.087,0.086,0.087,0.089,0.087,0.087,0.088,0.084,0.355,0.33,0.37,0.422,0.349,0.31,0.429,0.383,0.382,0.089,0.089,0.23,0.344,0.345,0.416,0.34,0.366,0.36,0.274,0.425,0.404,0.088,0.09,0.423,0.347,0.437,0.333,0.396,0.438,0.319,0.36,0.357,0.38,0.088,0.091,0.094,1.165,1.157,1.314,1.281,1.243,1.061,1.179,1.2,1.309,0.088,0.091,1.224,1.233,1.127,1.138,1.155,1.104,1.226,1.027,1.263,1.295,0.088,0.09,1.259,1.278,1.356,1.237,1.157,1.105,1.189,1.224,1.168,1.341,0.088,0.089,0.088,0.088,0.087,0.087,0.089,0.087,0.119,0.088,1.139,0.087,0.087
,20:15:00,37,0.087,0.087,0.09,0.088,0.088,0.087,0.087,0.086,0.086,0.089,0.087,0.086,0.088,0.084,0.355,0.329,0.369,0.422,0.348,0.308,0.428,0.381,0.384,0.088,0.089,0.237,0.344,0.345,0.416,0.34,0.366,0.361,0.274,0.426,0.405,0.088,0.09,0.423,0.347,0.437,0.333,0.391,0.437,0.319,0.393,0.355,0.377,0.088,0.09,0.094,1.164,1.157,1.314,1.281,1.243,1.06,1.178,1.199,1.308,0.088,0.091,1.222,1.233,1.13,1.137,1.153,1.103,1.225,1.028,1.263,1.294,0.088,0.09,1.258,1.277,1.355,1.235,1.156,1.103,1.188,1.223,1.167,1.34,0.088,0.089,0.088,0.088,0.087,0.087,0.089,0.087,0.119,0.088,1.138,0.087,0.087
,20:20:00,37,0.087,0.087,0.09,0.088,0.088,0.087,0.087,0.086,0.087,0.089,0.087,0.086,0.088,0.085,0.355,0.33,0.371,0.422,0.349,0.309,0.426,0.383,0.38,0.088,0.089,0.228,0.344,0.345,0.416,0.337,0.366,0.359,0.277,0.425,0.403,0.088,0.089,0.423,0.347,0.437,0.333,0.392,0.437,0.318,0.393,0.359,0.382,0.088,0.091,0.094,1.164,1.155,1.312,1.28,1.242,1.059,1.177,1.199,1.307,0.088,0.091,1.221,1.232,1.129,1.136,1.152,1.102,1.224,1.025,1.261,1.293,0.088,0.09,1.258,1.277,1.354,1.235,1.155,1.102,1.187,1.222,1.165,1.339,0.088,0.089,0.088,0.088,0.087,0.087,0.089,0.087,0.119,0.088,1.137,0.087,0.087
,20:25:00,37,0.087,0.087,0.09,0.088,0.088,0.087,0.087,0.086,0.086,0.088,0.087,0.086,0.088,0.086,0.355,0.33,0.372,0.421,0.348,0.307,0.426,0.382,0.384,0.088,0.089,0.231,0.344,0.345,0.416,0.337,0.366,0.36,0.273,0.425,0.405,0.088,0.089,0.423,0.347,0.437,0.333,0.394,0.436,0.318,0.38,0.352,0.379,0.088,0.091,0.093,1.163,1.153,1.313,1.28,1.241,1.058,1.176,1.198,1.307,0.088,0.092,1.221,1.231,1.128,1.135,1.151,1.101,1.225,1.025,1.26,1.293,0.088,0.09,1.256,1.275,1.353,1.234,1.154,1.1,1.186,1.221,1.164,1.338,0.088,0.089,0.088,0.088,0.087,0.087,0.089,0.087,0.119,0.088,1.136,0.086,0.087
,20:30:00,37,0.087,0.087,0.09,0.088,0.088,0.087,0.087,0.086,0.086,0.089,0.087,0.086,0.088,0.085,0.355,0.331,0.374,0.421,0.349,0.308,0.426,0.384,0.384,0.089,0.089,0.23,0.345,0.345,0.416,0.339,0.366,0.36,0.273,0.425,0.4,0.088,0.089,0.423,0.347,0.437,0.333,0.392,0.437,0.319,0.397,0.357,0.381,0.088,0.091,0.093,1.163,1.153,1.312,1.28,1.24,1.057,1.176,1.198,1.306,0.088,0.091,1.218,1.231,1.129,1.135,1.15,1.1,1.224,1.025,1.261,1.292,0.088,0.09,1.257,1.276,1.353,1.234,1.155,1.099,1.185,1.222,1.163,1.339,0.088,0.089,0.088,0.088,0.087,0.087,0.089,0.087,0.119,0.088,1.136,0.087,0.087
,20:35:00,37,0.087,0.087,0.09,0.088,0.088,0.087,0.087,0.086,0.086,0.089,0.087,0.086,0.089,0.087,0.354,0.33,0.373,0.422,0.348,0.309,0.428,0.383,0.384,0.089,0.09,0.228,0.345,0.345,0.417,0.338,0.366,0.361,0.272,0.425,0.4,0.088,0.089,0.423,0.347,0.437,0.333,0.392,0.437,0.319,0.398,0.357,0.378,0.088,0.091,0.094,1.163,1.152,1.313,1.279,1.24,1.055,1.175,1.197,1.306,0.088,0.092,1.218,1.231,1.128,1.134,1.15,1.099,1.224,1.024,1.26,1.292,0.089,0.09,1.256,1.275,1.353,1.234,1.155,1.098,1.184,1.221,1.162,1.338,0.088,0.089,0.088,0.088,0.087,0.087,0.089,0.087,0.12,0.088,1.135,0.087,0.087
,20:40:00,37,0.087,0.087,0.09,0.088,0.088,0.087,0.086,0.086,0.086,0.088,0.086,0.086,0.088,0.084,0.354,0.33,0.374,0.421,0.348,0.31,0.428,0.38,0.383,0.088,0.089,0.226,0.345,0.345,0.417,0.337,0.365,0.36,0.272,0.425,0.402,0.088,0.089,0.423,0.347,0.436,0.333,0.395,0.436,0.317,0.389,0.359,0.379,0.088,0.091,0.093,1.161,1.151,1.312,1.278,1.239,1.055,1.175,1.196,1.305,0.088,0.091,1.22,1.23,1.126,1.132,1.148,1.098,1.222,1.024,1.259,1.292,0.088,0.09,1.255,1.274,1.352,1.232,1.153,1.096,1.184,1.22,1.161,1.337,0.088,0.089,0.087,0.088,0.087,0.087,0.089,0.087,0.12,0.088,1.135,0.087,0.087
,20:45:00,37,0.087,0.087,0.09,0.088,0.088,0.087,0.087,0.086,0.086,0.089,0.087,0.087,0.089,0.084,0.354,0.331,0.374,0.422,0.347,0.308,0.426,0.383,0.383,0.088,0.09,0.232,0.345,0.345,0.417,0.337,0.365,0.361,0.272,0.425,0.4,0.088,0.089,0.422,0.347,0.437,0.333,0.389,0.436,0.319,0.392,0.357,0.381,0.088,0.091,0.094,1.161,1.15,1.311,1.278,1.238,1.055,1.173,1.196,1.304,0.089,0.091,1.217,1.23,1.128,1.128,1.147,1.096,1.222,1.023,1.259,1.29,0.088,0.09,1.254,1.274,1.352,1.232,1.152,1.095,1.182,1.22,1.16,1.337,0.089,0.089,0.088,0.088,0.087,0.087,0.089,0.087,0.119,0.088,1.134,0.087,0.087
,20:50:00,37,0.087,0.087,0.09,0.088,0.088,0.087,0.087,0.086,0.086,0.089,0.087,0.086,0.089,0.09,0.354,0.33,0.374,0.421,0.347,0.307,0.427,0.381,0.384,0.088,0.089,0.238,0.345,0.345,0.417,0.336,0.365,0.361,0.271,0.424,0.4,0.088,0.089,0.423,0.347,0.436,0.333,0.393,0.435,0.318,0.369,0.36,0.379,0.088,0.091,0.093,1.161,1.149,1.31,1.277,1.238,1.054,1.174,1.196,1.303,0.088,0.091,1.214,1.229,1.127,1.127,1.145,1.096,1.221,1.023,1.258,1.29,0.088,0.09,1.253,1.273,1.351,1.231,1.152,1.094,1.181,1.219,1.158,1.338,0.089,0.089,0.088,0.088,0.087,0.087,0.089,0.087,0.12,0.088,1.132,0.087,0.087
,20:55:00,37,0.087,0.087,0.09,0.088,0.088,0.087,0.087,0.086,0.086,0.09,0.087,0.086,0.089,0.088,0.354,0.331,0.377,0.421,0.347,0.308,0.425,0.379,0.382,0.089,0.09,0.228,0.345,0.345,0.418,0.336,0.365,0.36,0.276,0.425,0.403,0.088,0.088,0.423,0.347,0.437,0.333,0.392,0.435,0.317,0.394,0.36,0.379,0.088,0.091,0.093,1.161,1.148,1.31,1.276,1.238,1.054,1.173,1.195,1.303,0.088,0.092,1.216,1.229,1.127,1.127,1.145,1.095,1.22,1.024,1.258,1.29,0.088,0.09,1.253,1.273,1.351,1.231,1.153,1.093,1.18,1.219,1.158,1.337,0.089,0.089,0.088,0.088,0.087,0.087,0.089,0.087,0.12,0.088,1.132,0.087,0.087
,21:00:00,37,0.087,0.087,0.09,0.088,0.088,0.087,0.087,0.086,0.086,0.088,0.087,0.086,0.089,0.087,0.354,0.331,0.376,0.422,0.346,0.309,0.425,0.378,0.382,0.089,0.09,0.237,0.345,0.345,0.418,0.335,0.365,0.362,0.271,0.425,0.404,0.088,0.089,0.422,0.347,0.437,0.334,0.392,0.436,0.318,0.393,0.357,0.381,0.088,0.091,0.093,1.16,1.148,1.31,1.276,1.237,1.054,1.173,1.195,1.302,0.088,0.091,1.218,1.229,1.127,1.125,1.144,1.094,1.22,1.026,1.257,1.289,0.088,0.09,1.253,1.272,1.35,1.231,1.152,1.092,1.179,1.219,1.156,1.337,0.088,0.089,0.088,0.088,0.087,0.087,0.089,0.087,0.121,0.088,1.131,0.087,0.088
,21:05:00,37,0.087,0.087,0.09,0.088,0.088,0.087,0.087,0.086,0.086,0.089,0.087,0.086,0.088,0.094,0.354,0.331,0.376,0.42,0.347,0.308,0.426,0.379,0.38,0.088,0.09,0.238,0.345,0.345,0.418,0.336,0.364,0.36,0.272,0.424,0.402,0.088,0.089,0.422,0.347,0.437,0.333,0.387,0.435,0.317,0.395,0.355,0.383,0.088,0.091,0.093,1.159,1.145,1.309,1.275,1.236,1.053,1.171,1.193,1.302,0.088,0.092,1.216,1.227,1.127,1.125,1.142,1.093,1.219,1.028,1.256,1.289,0.088,0.09,1.252,1.272,1.349,1.229,1.151,1.091,1.178,1.218,1.155,1.336,0.089,0.089,0.088,0.088,0.087,0.087,0.089,0.088,0.12,0.088,1.129,0.087,0.087
,21:10:00,37,0.087,0.087,0.09,0.088,0.088,0.087,0.087,0.086,0.086,0.089,0.087,0.086,0.088,0.092,0.353,0.331,0.38,0.421,0.347,0.308,0.425,0.378,0.38,0.088,0.09,0.235,0.345,0.345,0.418,0.335,0.364,0.36,0.271,0.424,0.404,0.088,0.089,0.422,0.347,0.436,0.333,0.387,0.435,0.317,0.389,0.359,0.375,0.088,0.091,0.093,1.158,1.144,1.309,1.274,1.235,1.052,1.171,1.192,1.3,0.088,0.091,1.213,1.227,1.126,1.124,1.141,1.092,1.219,1.028,1.256,1.289,0.088,0.09,1.25,1.271,1.348,1.229,1.151,1.089,1.176,1.217,1.153,1.335,0.088,0.088,0.088,0.087,0.087,0.087,0.088,0.087,0.121,0.088,1.129,0.087,0.087
,21:15:00,37,0.087,0.087,0.09,0.088,0.088,0.087,0.087,0.086,0.086,0.09,0.087,0.086,0.088,0.088,0.353,0.331,0.38,0.421,0.347,0.307,0.425,0.379,0.379,0.089,0.09,0.234,0.345,0.345,0.419,0.336,0.365,0.361,0.271,0.424,0.4,0.088,0.089,0.423,0.347,0.436,0.333,0.392,0.435,0.316,0.369,0.352,0.376,0.088,0.091,0.094,1.159,1.143,1.309,1.274,1.236,1.053,1.171,1.193,1.3,0.088,0.091,1.214,1.227,1.127,1.124,1.141,1.092,1.218,1.027,1.255,1.287,0.088,0.09,1.251,1.27,1.348,1.228,1.15,1.088,1.176,1.217,1.153,1.335,0.089,0.089,0.088,0.088,0.087,0.087,0.089,0.087,0.121,0.088,1.128,0.087,0.087
,21:20:00,37,0.087,0.087,0.09,0.088,0.088,0.087,0.087,0.086,0.086,0.089,0.087,0.086,0.089,0.09,0.353,0.332,0.377,0.42,0.347,0.309,0.427,0.378,0.381,0.089,0.09,0.229,0.345,0.345,0.418,0.334,0.364,0.362,0.273,0.424,0.404,0.088,0.089,0.422,0.347,0.436,0.334,0.393,0.435,0.317,0.354,0.356,0.382,0.088,0.091,0.094,1.158,1.143,1.308,1.273,1.235,1.052,1.17,1.192,1.3,0.088,0.092,1.214,1.226,1.126,1.123,1.14,1.091,1.217,1.029,1.255,1.288,0.089,0.09,1.249,1.27,1.348,1.228,1.15,1.088,1.175,1.216,1.152,1.335,0.089,0.089,0.088,0.088,0.087,0.087,0.089,0.087,0.12,0.088,1.128,0.088,0.087
,21:25:00,37,0.087,0.087,0.09,0.088,0.088,0.087,0.087,0.086,0.086,0.089,0.087,0.086,0.088,0.088,0.353,0.331,0.379,0.421,0.347,0.306,0.427,0.377,0.379,0.088,0.09,0.234,0.345,0.344,0.419,0.333,0.365,0.361,0.271,0.424,0.399,0.088,0.089,0.422,0.347,0.436,0.333,0.392,0.435,0.315,0.392,0.352,0.379,0.088,0.09,0.093,1.157,1.141,1.308,1.273,1.234,1.051,1.17,1.192,1.299,0.088,0.092,1.211,1.226,1.126,1.122,1.139,1.09,1.216,1.028,1.254,1.287,0.089,0.09,1.249,1.269,1.347,1.226,1.149,1.086,1.173,1.216,1.151,1.334,0.089,0.089,0.088,0.087,0.087,0.087,0.089,0.087,0.12,0.088,1.127,0.088,0.088
,21:30:00,37,0.087,0.087,0.09,0.088,0.088,0.087,0.087,0.086,0.086,0.089,0.087,0.087,0.088,0.088,0.353,0.331,0.379,0.421,0.347,0.307,0.427,0.378,0.378,0.089,0.09,0.238,0.344,0.345,0.419,0.333,0.365,0.362,0.272,0.424,0.402,0.088,0.09,0.422,0.347,0.436,0.334,0.391,0.435,0.317,0.385,0.36,0.383,0.088,0.091,0.094,1.156,1.14,1.307,1.272,1.233,1.051,1.168,1.191,1.299,0.088,0.092,1.212,1.225,1.126,1.121,1.138,1.09,1.216,1.028,1.253,1.286,0.089,0.091,1.248,1.269,1.346,1.226,1.149,1.086,1.173,1.215,1.15,1.333,0.089,0.089,0.088,0.088,0.087,0.087,0.089,0.087,0.121,0.088,1.127,0.089,0.087
,21:35:00,37,0.087,0.087,0.09,0.088,0.088,0.087,0.087,0.086,0.086,0.089,0.087,0.086,0.088,0.086,0.353,0.331,0.378,0.421,0.346,0.308,0.425,0.376,0.378,0.089,0.089,0.232,0.344,0.345,0.419,0.334,0.364,0.361,0.271,0.422,0.399,0.088,0.089,0.422,0.347,0.436,0.333,0.385,0.434,0.316,0.389,0.36,0.375,0.088,0.091,0.093,1.156,1.139,1.307,1.271,1.232,1.049,1.167,1.19,1.297,0.088,0.091,1.211,1.224,1.126,1.12,1.136,1.088,1.215,1.026,1.253,1.286,0.088,0.09,1.247,1.268,1.345,1.225,1.148,1.084,1.171,1.214,1.149,1.334,0.088,0.089,0.088,0.088,0.087,0.087,0.089,0.087,0.121,0.088,1.125,0.088,0.087
,21:40:00,36.9,0.087,0.087,0.09,0.088,0.088,0.087,0.087,0.086,0.086,0.088,0.087,0.086,0.088,0.086,0.353,0.331,0.379,0.42,0.346,0.306,0.427,0.378,0.38,0.089,0.089,0.24,0.345,0.345,0.419,0.331,0.364,0.361,0.27,0.423,0.398,0.088,0.089,0.422,0.347,0.435,0.334,0.386,0.434,0.315,0.382,0.351,0.379,0.088,0.091,0.094,1.156,1.138,1.306,1.271,1.232,1.048,1.168,1.189,1.297,0.088,0.091,1.21,1.224,1.126,1.12,1.136,1.087,1.214,1.027,1.252,1.285,0.089,0.09,1.246,1.267,1.345,1.224,1.147,1.084,1.17,1.214,1.148,1.333,0.088,0.089,0.088,0.088,0.087,0.087,0.089,0.087,0.121,0.088,1.124,0.087,0.087
,21:45:00,37,0.087,0.087,0.09,0.088,0.088,0.087,0.087,0.086,0.086,0.089,0.087,0.086,0.088,0.087,0.352,0.332,0.381,0.421,0.346,0.309,0.427,0.375,0.376,0.088,0.089,0.234,0.345,0.344,0.419,0.333,0.364,0.363,0.27,0.423,0.403,0.088,0.089,0.421,0.348,0.436,0.333,0.39,0.434,0.316,0.365,0.354,0.38,0.088,0.091,0.093,1.156,1.136,1.306,1.27,1.231,1.047,1.167,1.188,1.296,0.088,0.091,1.212,1.223,1.125,1.118,1.134,1.086,1.214,1.027,1.252,1.284,0.089,0.09,1.246,1.267,1.344,1.224,1.148,1.082,1.169,1.213,1.146,1.333,0.088,0.089,0.088,0.087,0.087,0.087,0.088,0.087,0.121,0.088,1.124,0.087,0.087
,21:50:00,37,0.087,0.087,0.09,0.088,0.088,0.087,0.087,0.086,0.086,0.088,0.087,0.086,0.088,0.088,0.352,0.332,0.382,0.421,0.346,0.308,0.424,0.377,0.378,0.088,0.089,0.239,0.344,0.345,0.419,0.332,0.363,0.362,0.27,0.423,0.399,0.088,0.089,0.421,0.348,0.436,0.333,0.39,0.433,0.317,0.365,0.36,0.376,0.088,0.09,0.093,1.155,1.135,1.306,1.269,1.23,1.046,1.166,1.188,1.295,0.088,0.091,1.21,1.223,1.125,1.118,1.133,1.086,1.213,1.025,1.252,1.284,0.088,0.09,1.245,1.266,1.344,1.223,1.148,1.081,1.168,1.212,1.145,1.332,0.089,0.089,0.088,0.088,0.087,0.087,0.088,0.087,0.121,0.088,1.123,0.087,0.087
,21:55:00,37,0.087,0.087,0.09,0.088,0.088,0.087,0.087,0.086,0.086,0.089,0.087,0.086,0.089,0.087,0.352,0.332,0.381,0.421,0.347,0.309,0.425,0.377,0.378,0.089,0.089,0.234,0.344,0.344,0.42,0.332,0.364,0.362,0.27,0.422,0.402,0.088,0.089,0.421,0.348,0.439,0.334,0.389,0.433,0.317,0.375,0.359,0.382,0.088,0.091,0.093,1.154,1.134,1.305,1.27,1.23,1.046,1.165,1.188,1.294,0.088,0.091,1.21,1.222,1.126,1.117,1.133,1.086,1.212,1.025,1.251,1.284,0.089,0.09,1.245,1.266,1.344,1.223,1.149,1.081,1.167,1.212,1.145,1.332,0.088,0.089,0.088,0.088,0.087,0.087,0.089,0.087,0.121,0.088,1.123,0.087,0.087
,22:00:00,37,0.087,0.087,0.09,0.088,0.088,0.087,0.087,0.086,0.086,0.088,0.087,0.086,0.088,0.086,0.352,0.332,0.382,0.421,0.347,0.306,0.427,0.376,0.379,0.088,0.089,0.239,0.345,0.344,0.419,0.331,0.364,0.362,0.27,0.422,0.4,0.088,0.089,0.421,0.348,0.435,0.334,0.383,0.433,0.315,0.398,0.353,0.378,0.088,0.091,0.094,1.154,1.133,1.304,1.268,1.23,1.045,1.165,1.187,1.294,0.088,0.092,1.208,1.222,1.124,1.117,1.132,1.085,1.211,1.025,1.25,1.284,0.088,0.09,1.244,1.265,1.343,1.222,1.148,1.08,1.166,1.212,1.144,1.331,0.088,0.089,0.088,0.088,0.087,0.087,0.089,0.087,0.122,0.088,1.121,0.087,0.087
,,,,,,,,,,,,,,,,,,,,,,,,,,,,,,,,,,,,,,,,,,,,,,,,,,,,,,,,,,,,,,,,,,,,,,,,,,,,,,,,,,,,,,,,,,,,,,,,,,
Results,,,,,,,,,,,,,,,,,,,,,,,,,,,,,,,,,,,,,,,,,,,,,,,,,,,,,,,,,,,,,,,,,,,,,,,,,,,,,,,,,,,,,,,,,,,,,,,,,,
,,,,,,,,,,,,,,,,,,,,,,,,,,,,,,,,,,,,,,,,,,,,,,,,,,,,,,,,,,,,,,,,,,,,,,,,,,,,,,,,,,,,,,,,,,,,,,,,,,
,,1,2,3,4,5,6,7,8,9,10,11,12,,,,,,,,,,,,,,,,,,,,,,,,,,,,,,,,,,,,,,,,,,,,,,,,,,,,,,,,,,,,,,,,,,,,,,,,,,,,,,,,,,,,,
,A,-0.06,-0.04,-0.06,0.06,0.06,0.1,0.32,-0.08,0.06,0.14,-0.04,-0.06,Max V [600],,,,,,,,,,,,,,,,,,,,,,,,,,,,,,,,,,,,,,,,,,,,,,,,,,,,,,,,,,,,,,,,,,,,,,,,,,,,,,,,,,,,
,,0.75,0.5,0.45,0.75,0.75,0.781,0.8,0.8,0.75,0.533,0.5,0.75,R-Squared [600],,,,,,,,,,,,,,,,,,,,,,,,,,,,,,,,,,,,,,,,,,,,,,,,,,,,,,,,,,,,,,,,,,,,,,,,,,,,,,,,,,,,
,,14:40:00,6:55:00,18:20:00,6:15:00,0:25:00,0:25:00,0:35:00,4:40:00,5:35:00,20:00:00,14:35:00,19:35:00,t at Max V [600],,,,,,,,,,,,,,,,,,,,,,,,,,,,,,,,,,,,,,,,,,,,,,,,,,,,,,,,,,,,,,,,,,,,,,,,,,,,,,,,,,,,
,,14:50:00,6:50:00,18:36:40,5:48:20,0:15:00,0:19:00,0:22:30,4:52:30,5:45:00,19:48:34,14:30:00,19:28:20,Lagtime [600],,,,,,,,,,,,,,,,,,,,,,,,,,,,,,,,,,,,,,,,,,,,,,,,,,,,,,,,,,,,,,,,,,,,,,,,,,,,,,,,,,,,
,B,0.06,0.34,0.9,0.48,0.6,0.76,0.6,0.64,1.06,0.7,0.76,0.06,Max V [600],,,,,,,,,,,,,,,,,,,,,,,,,,,,,,,,,,,,,,,,,,,,,,,,,,,,,,,,,,,,,,,,,,,,,,,,,,,,,,,,,,,,
,,0.75,0.524,0.993,0.993,0.991,0.984,0.991,0.931,0.881,0.998,0.874,0.75,R-Squared [600],,,,,,,,,,,,,,,,,,,,,,,,,,,,,,,,,,,,,,,,,,,,,,,,,,,,,,,,,,,,,,,,,,,,,,,,,,,,,,,,,,,,
,,18:05:00,20:55:00,5:30:00,3:00:00,5:20:00,12:00:00,4:15:00,13:10:00,12:00:00,7:55:00,14:55:00,17:05:00,t at Max V [600],,,,,,,,,,,,,,,,,,,,,,,,,,,,,,,,,,,,,,,,,,,,,,,,,,,,,,,,,,,,,,,,,,,,,,,,,,,,,,,,,,,,
,,17:58:20,20:41:28,2:47:47,1:40:50,2:55:20,5:25:00,3:05:20,8:16:15,6:55:06,4:09:34,8:21:03,17:11:40,Lagtime [600],,,,,,,,,,,,,,,,,,,,,,,,,,,,,,,,,,,,,,,,,,,,,,,,,,,,,,,,,,,,,,,,,,,,,,,,,,,,,,,,,,,,
,C,0.12,0.78,1.12,0.9,1.3,0.86,0.96,0.84,0.7,1.14,1.1,0.04,Max V [600],,,,,,,,,,,,,,,,,,,,,,,,,,,,,,,,,,,,,,,,,,,,,,,,,,,,,,,,,,,,,,,,,,,,,,,,,,,,,,,,,,,,
,,0.75,0.858,0.864,0.989,0.746,0.821,0.929,0.984,0.972,0.964,0.989,0.5,R-Squared [600],,,,,,,,,,,,,,,,,,,,,,,,,,,,,,,,,,,,,,,,,,,,,,,,,,,,,,,,,,,,,,,,,,,,,,,,,,,,,,,,,,,,
,,17:20:00,0:40:00,6:20:00,5:45:00,8:50:00,10:10:00,9:25:00,8:15:00,4:20:00,12:00:00,13:10:00,14:20:00,t at Max V [600],,,,,,,,,,,,,,,,,,,,,,,,,,,,,,,,,,,,,,,,,,,,,,,,,,,,,,,,,,,,,,,,,,,,,,,,,,,,,,,,,,,,
,,17:18:20,0:28:58,4:16:36,3:11:27,6:49:14,7:16:17,5:47:18,4:25:43,2:45:43,8:15:58,9:05:27,14:15:00,Lagtime [600],,,,,,,,,,,,,,,,,,,,,,,,,,,,,,,,,,,,,,,,,,,,,,,,,,,,,,,,,,,,,,,,,,,,,,,,,,,,,,,,,,,,
,D,-0.08,0.88,0.76,1.36,0.66,1.18,1.02,0.72,-2.08,1.08,0.74,0.04,Max V [600],,,,,,,,,,,,,,,,,,,,,,,,,,,,,,,,,,,,,,,,,,,,,,,,,,,,,,,,,,,,,,,,,,,,,,,,,,,,,,,,,,,,
,,0.8,0.955,0.921,0.887,0.99,0.978,0.981,0.905,0.85,0.658,0.998,0.5,R-Squared [600],,,,,,,,,,,,,,,,,,,,,,,,,,,,,,,,,,,,,,,,,,,,,,,,,,,,,,,,,,,,,,,,,,,,,,,,,,,,,,,,,,,,
,,9:30:00,7:40:00,7:00:00,9:10:00,5:40:00,15:05:00,11:40:00,3:50:00,21:10:00,8:10:00,11:15:00,17:55:00,t at Max V [600],,,,,,,,,,,,,,,,,,,,,,,,,,,,,,,,,,,,,,,,,,,,,,,,,,,,,,,,,,,,,,,,,,,,,,,,,,,,,,,,,,,,
,,9:30:00,5:17:44,3:39:44,6:00:35,3:13:02,10:48:13,8:12:45,2:56:23,?????,5:52:36,5:47:10,18:00:00,Lagtime [600],,,,,,,,,,,,,,,,,,,,,,,,,,,,,,,,,,,,,,,,,,,,,,,,,,,,,,,,,,,,,,,,,,,,,,,,,,,,,,,,,,,,
,E,0.06,0.06,6.22,7.1,7.84,7.52,7.44,6.4,6.26,7.5,7.62,0.06,Max V [600],,,,,,,,,,,,,,,,,,,,,,,,,,,,,,,,,,,,,,,,,,,,,,,,,,,,,,,,,,,,,,,,,,,,,,,,,,,,,,,,,,,,
,,0.75,0.75,0.997,0.998,0.994,0.999,0.997,0.997,1,0.994,0.996,0.75,R-Squared [600],,,,,,,,,,,,,,,,,,,,,,,,,,,,,,,,,,,,,,,,,,,,,,,,,,,,,,,,,,,,,,,,,,,,,,,,,,,,,,,,,,,,
,,7:20:00,12:30:00,2:40:00,2:15:00,2:25:00,2:55:00,2:35:00,2:20:00,2:45:00,2:25:00,2:50:00,12:45:00,t at Max V [600],,,,,,,,,,,,,,,,,,,,,,,,,,,,,,,,,,,,,,,,,,,,,,,,,,,,,,,,,,,,,,,,,,,,,,,,,,,,,,,,,,,,
,,7:26:40,12:20:00,1:26:07,1:13:12,1:32:10,1:58:27,1:38:02,1:16:41,1:42:11,1:33:11,1:54:37,12:51:40,Lagtime [600],,,,,,,,,,,,,,,,,,,,,,,,,,,,,,,,,,,,,,,,,,,,,,,,,,,,,,,,,,,,,,,,,,,,,,,,,,,,,,,,,,,,
,F,-0.1,5.26,7.44,6.26,5.22,7.28,5.44,7.52,5.84,7.02,7.36,0.06,Max V [600],,,,,,,,,,,,,,,,,,,,,,,,,,,,,,,,,,,,,,,,,,,,,,,,,,,,,,,,,,,,,,,,,,,,,,,,,,,,,,,,,,,,
,,0.893,0.998,0.996,0.999,0.999,0.999,0.998,0.998,0.998,0.997,0.998,0.75,R-Squared [600],,,,,,,,,,,,,,,,,,,,,,,,,,,,,,,,,,,,,,,,,,,,,,,,,,,,,,,,,,,,,,,,,,,,,,,,,,,,,,,,,,,,
,,8:40:00,3:20:00,2:35:00,2:05:00,3:05:00,2:35:00,2:45:00,2:35:00,0:50:00,2:45:00,2:25:00,15:45:00,t at Max V [600],,,,,,,,,,,,,,,,,,,,,,,,,,,,,,,,,,,,,,,,,,,,,,,,,,,,,,,,,,,,,,,,,,,,,,,,,,,,,,,,,,,,
,,8:48:00,1:47:41,1:36:53,0:54:35,1:56:27,1:33:28,1:36:11,1:38:05,0:22:40,1:44:55,1:25:00,15:51:40,Lagtime [600],,,,,,,,,,,,,,,,,,,,,,,,,,,,,,,,,,,,,,,,,,,,,,,,,,,,,,,,,,,,,,,,,,,,,,,,,,,,,,,,,,,,
,G,0.06,7.38,7.76,7.46,7.68,6.36,3.2,7.32,7.34,7.4,8.08,0.06,Max V [600],,,,,,,,,,,,,,,,,,,,,,,,,,,,,,,,,,,,,,,,,,,,,,,,,,,,,,,,,,,,,,,,,,,,,,,,,,,,,,,,,,,,
,,0.75,0.997,0.997,0.998,0.994,0.999,1,0.996,0.997,0.997,0.997,0.75,R-Squared [600],,,,,,,,,,,,,,,,,,,,,,,,,,,,,,,,,,,,,,,,,,,,,,,,,,,,,,,,,,,,,,,,,,,,,,,,,,,,,,,,,,,,
,,3:15:00,2:50:00,2:30:00,2:20:00,3:00:00,3:00:00,4:15:00,3:10:00,2:25:00,2:20:00,2:25:00,20:40:00,t at Max V [600],,,,,,,,,,,,,,,,,,,,,,,,,,,,,,,,,,,,,,,,,,,,,,,,,,,,,,,,,,,,,,,,,,,,,,,,,,,,,,,,,,,,
,,3:05:00,1:54:06,1:36:08,1:25:04,2:05:53,1:54:30,2:29:41,2:16:29,1:34:11,1:29:31,1:33:31,20:33:20,Lagtime [600],,,,,,,,,,,,,,,,,,,,,,,,,,,,,,,,,,,,,,,,,,,,,,,,,,,,,,,,,,,,,,,,,,,,,,,,,,,,,,,,,,,,
,H,0.14,0.06,0.06,0.06,-0.06,0.06,0.06,0.16,-0.18,6.5,-0.1,0.06,Max V [600],,,,,,,,,,,,,,,,,,,,,,,,,,,,,,,,,,,,,,,,,,,,,,,,,,,,,,,,,,,,,,,,,,,,,,,,,,,,,,,,,,,,
,,0.942,0.75,0.75,0.75,0.45,0.75,0.75,0.8,0.81,0.995,0.893,0.75,R-Squared [600],,,,,,,,,,,,,,,,,,,,,,,,,,,,,,,,,,,,,,,,,,,,,,,,,,,,,,,,,,,,,,,,,,,,,,,,,,,,,,,,,,,,
,,2:00:00,8:25:00,6:15:00,10:50:00,18:20:00,6:15:00,17:05:00,17:55:00,0:20:00,7:00:00,13:25:00,18:55:00,t at Max V [600],,,,,,,,,,,,,,,,,,,,,,,,,,,,,,,,,,,,,,,,,,,,,,,,,,,,,,,,,,,,,,,,,,,,,,,,,,,,,,,,,,,,
,,1:50:00,8:18:20,6:05:00,10:56:40,18:20:00,6:05:00,16:58:20,15:12:30,0:08:53,6:05:51,13:23:00,19:05:00,Lagtime [600],,,,,,,,,,,,,,,,,,,,,,,,,,,,,,,,,,,,,,,,,,,,,,,,,,,,,,,,,,,,,,,,,,,,,,,,,,,,,,,,,,,,
