Software Version,3.11.19,,,,,,,,,,,,,,,,,,,,,,,,,,,,,,,,,,,,,,,,,,,,,,,,,,,,,,,,,,,,,,,,,,,,,,,,,,,,,,,,,,,,,,,,,,,,,,,,,
,,,,,,,,,,,,,,,,,,,,,,,,,,,,,,,,,,,,,,,,,,,,,,,,,,,,,,,,,,,,,,,,,,,,,,,,,,,,,,,,,,,,,,,,,,,,,,,,,,
Experiment File Path:,C:\Users\Public\Documents\Experiments\Experiment1.xpt,,,,,,,,,,,,,,,,,,,,,,,,,,,,,,,,,,,,,,,,,,,,,,,,,,,,,,,,,,,,,,,,,,,,,,,,,,,,,,,,,,,,,,,,,,,,,,,,,
Protocol File Path:,C:\Users\aljelab\Documents\Plate Reader Data\Edward Liu\PROT\RIFRxT 38c.prt,,,,,,,,,,,,,,,,,,,,,,,,,,,,,,,,,,,,,,,,,,,,,,,,,,,,,,,,,,,,,,,,,,,,,,,,,,,,,,,,,,,,,,,,,,,,,,,,,
Plate Number,Plate 2,,,,,,,,,,,,,,,,,,,,,,,,,,,,,,,,,,,,,,,,,,,,,,,,,,,,,,,,,,,,,,,,,,,,,,,,,,,,,,,,,,,,,,,,,,,,,,,,,
Date,20/05/2026,,,,,,,,,,,,,,,,,,,,,,,,,,,,,,,,,,,,,,,,,,,,,,,,,,,,,,,,,,,,,,,,,,,,,,,,,,,,,,,,,,,,,,,,,,,,,,,,,
Time,9:55:47 AM,,,,,,,,,,,,,,,,,,,,,,,,,,,,,,,,,,,,,,,,,,,,,,,,,,,,,,,,,,,,,,,,,,,,,,,,,,,,,,,,,,,,,,,,,,,,,,,,,
Reader Type:,Epoch 2,,,,,,,,,,,,,,,,,,,,,,,,,,,,,,,,,,,,,,,,,,,,,,,,,,,,,,,,,,,,,,,,,,,,,,,,,,,,,,,,,,,,,,,,,,,,,,,,,
Reader Serial Number:,1411241A,,,,,,,,,,,,,,,,,,,,,,,,,,,,,,,,,,,,,,,,,,,,,,,,,,,,,,,,,,,,,,,,,,,,,,,,,,,,,,,,,,,,,,,,,,,,,,,,,
Reading Type,Reader,,,,,,,,,,,,,,,,,,,,,,,,,,,,,,,,,,,,,,,,,,,,,,,,,,,,,,,,,,,,,,,,,,,,,,,,,,,,,,,,,,,,,,,,,,,,,,,,,
,,,,,,,,,,,,,,,,,,,,,,,,,,,,,,,,,,,,,,,,,,,,,,,,,,,,,,,,,,,,,,,,,,,,,,,,,,,,,,,,,,,,,,,,,,,,,,,,,,
Procedure Details,,,,,,,,,,,,,,,,,,,,,,,,,,,,,,,,,,,,,,,,,,,,,,,,,,,,,,,,,,,,,,,,,,,,,,,,,,,,,,,,,,,,,,,,,,,,,,,,,,
Plate Type,96 WELL PLATE (Use plate lid),,,,,,,,,,,,,,,,,,,,,,,,,,,,,,,,,,,,,,,,,,,,,,,,,,,,,,,,,,,,,,,,,,,,,,,,,,,,,,,,,,,,,,,,,,,,,,,,,
Eject plate on completion,,,,,,,,,,,,,,,,,,,,,,,,,,,,,,,,,,,,,,,,,,,,,,,,,,,,,,,,,,,,,,,,,,,,,,,,,,,,,,,,,,,,,,,,,,,,,,,,,,
Set Temperature,"Setpoint 38°C, Gradient 0 °C",,,,,,,,,,,,,,,,,,,,,,,,,,,,,,,,,,,,,,,,,,,,,,,,,,,,,,,,,,,,,,,,,,,,,,,,,,,,,,,,,,,,,,,,,,,,,,,,,
,Preheat before moving to next step,,,,,,,,,,,,,,,,,,,,,,,,,,,,,,,,,,,,,,,,,,,,,,,,,,,,,,,,,,,,,,,,,,,,,,,,,,,,,,,,,,,,,,,,,,,,,,,,,
Start Kinetic,"Runtime 22:00:00 (HH:MM:SS), Interval 0:05:00, 265 Reads",,,,,,,,,,,,,,,,,,,,,,,,,,,,,,,,,,,,,,,,,,,,,,,,,,,,,,,,,,,,,,,,,,,,,,,,,,,,,,,,,,,,,,,,,,,,,,,,,
    Shake,Linear: Continuous,,,,,,,,,,,,,,,,,,,,,,,,,,,,,,,,,,,,,,,,,,,,,,,,,,,,,,,,,,,,,,,,,,,,,,,,,,,,,,,,,,,,,,,,,,,,,,,,,
,Frequency: 567 cpm (3 mm),,,,,,,,,,,,,,,,,,,,,,,,,,,,,,,,,,,,,,,,,,,,,,,,,,,,,,,,,,,,,,,,,,,,,,,,,,,,,,,,,,,,,,,,,,,,,,,,,
    Read,Absorbance Endpoint,,,,,,,,,,,,,,,,,,,,,,,,,,,,,,,,,,,,,,,,,,,,,,,,,,,,,,,,,,,,,,,,,,,,,,,,,,,,,,,,,,,,,,,,,,,,,,,,,
,Full Plate,,,,,,,,,,,,,,,,,,,,,,,,,,,,,,,,,,,,,,,,,,,,,,,,,,,,,,,,,,,,,,,,,,,,,,,,,,,,,,,,,,,,,,,,,,,,,,,,,
,Wavelengths:  600,,,,,,,,,,,,,,,,,,,,,,,,,,,,,,,,,,,,,,,,,,,,,,,,,,,,,,,,,,,,,,,,,,,,,,,,,,,,,,,,,,,,,,,,,,,,,,,,,
,"Read Speed: Normal,  Delay: 100 msec,  Measurements/Data Point: 8",,,,,,,,,,,,,,,,,,,,,,,,,,,,,,,,,,,,,,,,,,,,,,,,,,,,,,,,,,,,,,,,,,,,,,,,,,,,,,,,,,,,,,,,,,,,,,,,,
End Kinetic,,,,,,,,,,,,,,,,,,,,,,,,,,,,,,,,,,,,,,,,,,,,,,,,,,,,,,,,,,,,,,,,,,,,,,,,,,,,,,,,,,,,,,,,,,,,,,,,,,
,,,,,,,,,,,,,,,,,,,,,,,,,,,,,,,,,,,,,,,,,,,,,,,,,,,,,,,,,,,,,,,,,,,,,,,,,,,,,,,,,,,,,,,,,,,,,,,,,,
600,,,,,,,,,,,,,,,,,,,,,,,,,,,,,,,,,,,,,,,,,,,,,,,,,,,,,,,,,,,,,,,,,,,,,,,,,,,,,,,,,,,,,,,,,,,,,,,,,,
,,,,,,,,,,,,,,,,,,,,,,,,,,,,,,,,,,,,,,,,,,,,,,,,,,,,,,,,,,,,,,,,,,,,,,,,,,,,,,,,,,,,,,,,,,,,,,,,,,
,Time,T° 600,A1,A2,A3,A4,A5,A6,A7,A8,A9,A10,A11,A12,B1,B2,B3,B4,B5,B6,B7,B8,B9,B10,B11,B12,C1,C2,C3,C4,C5,C6,C7,C8,C9,C10,C11,C12,D1,D2,D3,D4,D5,D6,D7,D8,D9,D10,D11,D12,E1,E2,E3,E4,E5,E6,E7,E8,E9,E10,E11,E12,F1,F2,F3,F4,F5,F6,F7,F8,F9,F10,F11,F12,G1,G2,G3,G4,G5,G6,G7,G8,G9,G10,G11,G12,H1,H2,H3,H4,H5,H6,H7,H8,H9,H10,H11,H12
,0:04:16,38.1,0.094,0.09,0.09,0.09,0.092,0.091,0.09,0.092,0.095,0.091,0.091,0.092,0.094,0.1,0.095,0.106,0.098,0.087,0.166,0.098,0.093,0.094,0.084,0.093,0.092,0.106,0.104,0.097,0.101,0.091,0.095,0.096,0.091,0.089,0.09,0.095,0.093,0.11,0.137,0.102,0.105,0.099,0.093,0.111,0.089,0.09,0.091,0.094,0.091,0.115,0.116,0.16,0.112,0.114,0.124,0.117,0.118,0.114,0.093,0.094,0.092,0.108,0.114,0.117,0.11,0.112,0.112,0.114,0.107,0.112,0.116,0.093,0.093,0.144,0.111,0.121,0.115,0.115,0.115,0.115,0.113,0.117,0.114,0.093,0.09,0.092,0.092,0.093,0.09,0.09,0.095,0.097,0.092,0.09,0.093,0.092
,0:09:16,38,0.093,0.09,0.09,0.09,0.092,0.091,0.089,0.091,0.095,0.09,0.09,0.092,0.094,0.101,0.096,0.101,0.099,0.087,0.107,0.097,0.09,0.094,0.084,0.093,0.092,0.106,0.105,0.099,0.1,0.089,0.096,0.096,0.091,0.089,0.09,0.095,0.092,0.105,0.109,0.104,0.106,0.1,0.093,0.109,0.089,0.089,0.092,0.093,0.091,0.122,0.115,0.135,0.11,0.112,0.12,0.116,0.118,0.112,0.092,0.093,0.092,0.105,0.113,0.116,0.11,0.111,0.11,0.112,0.105,0.11,0.114,0.092,0.092,0.137,0.111,0.119,0.114,0.113,0.11,0.109,0.111,0.116,0.113,0.092,0.09,0.09,0.091,0.092,0.089,0.089,0.094,0.092,0.091,0.09,0.092,0.091
,0:14:16,38,0.093,0.09,0.09,0.09,0.092,0.091,0.089,0.091,0.095,0.09,0.09,0.092,0.094,0.102,0.1,0.098,0.096,0.087,0.095,0.097,0.09,0.093,0.084,0.093,0.092,0.102,0.109,0.098,0.102,0.089,0.097,0.095,0.091,0.088,0.09,0.095,0.092,0.099,0.105,0.106,0.102,0.1,0.091,0.105,0.088,0.089,0.098,0.093,0.091,0.111,0.114,0.134,0.109,0.111,0.121,0.115,0.116,0.112,0.092,0.094,0.091,0.105,0.113,0.115,0.109,0.108,0.109,0.112,0.105,0.109,0.114,0.092,0.092,0.135,0.112,0.118,0.113,0.112,0.108,0.107,0.11,0.113,0.112,0.092,0.09,0.09,0.091,0.092,0.089,0.089,0.096,0.092,0.092,0.09,0.092,0.091
,0:19:16,38,0.093,0.09,0.09,0.09,0.092,0.091,0.089,0.091,0.095,0.09,0.09,0.093,0.094,0.102,0.098,0.098,0.099,0.087,0.096,0.096,0.09,0.092,0.084,0.093,0.092,0.102,0.108,0.097,0.102,0.089,0.097,0.095,0.091,0.088,0.09,0.095,0.092,0.096,0.105,0.105,0.103,0.101,0.091,0.105,0.089,0.089,0.098,0.093,0.091,0.111,0.115,0.139,0.108,0.111,0.122,0.115,0.117,0.112,0.092,0.094,0.091,0.106,0.112,0.114,0.109,0.109,0.109,0.112,0.105,0.109,0.114,0.092,0.093,0.137,0.113,0.117,0.114,0.112,0.117,0.107,0.111,0.112,0.112,0.092,0.09,0.091,0.091,0.092,0.089,0.089,0.095,0.092,0.092,0.09,0.092,0.091
,0:24:16,38,0.093,0.09,0.09,0.09,0.092,0.091,0.089,0.091,0.095,0.09,0.09,0.092,0.094,0.106,0.096,0.096,0.099,0.086,0.096,0.095,0.09,0.092,0.084,0.093,0.092,0.104,0.105,0.096,0.1,0.088,0.098,0.095,0.091,0.088,0.089,0.095,0.092,0.095,0.106,0.104,0.098,0.101,0.091,0.104,0.089,0.089,0.097,0.093,0.091,0.111,0.115,0.141,0.108,0.111,0.122,0.114,0.117,0.112,0.092,0.093,0.091,0.107,0.113,0.113,0.11,0.109,0.108,0.11,0.105,0.108,0.113,0.092,0.092,0.139,0.115,0.117,0.112,0.112,0.112,0.107,0.111,0.111,0.111,0.092,0.09,0.09,0.091,0.092,0.089,0.089,0.095,0.092,0.091,0.09,0.092,0.091
,0:29:16,38,0.093,0.09,0.09,0.09,0.092,0.091,0.089,0.091,0.095,0.09,0.09,0.092,0.093,0.104,0.095,0.096,0.102,0.087,0.096,0.096,0.09,0.092,0.084,0.093,0.092,0.104,0.104,0.096,0.099,0.088,0.097,0.094,0.089,0.088,0.089,0.095,0.092,0.095,0.107,0.103,0.098,0.101,0.09,0.104,0.088,0.088,0.098,0.093,0.092,0.112,0.117,0.143,0.109,0.112,0.126,0.113,0.118,0.113,0.092,0.093,0.091,0.109,0.113,0.112,0.11,0.11,0.108,0.111,0.105,0.108,0.113,0.092,0.092,0.142,0.117,0.117,0.114,0.112,0.116,0.108,0.113,0.111,0.111,0.092,0.09,0.091,0.091,0.092,0.089,0.089,0.095,0.092,0.092,0.09,0.092,0.091
,0:34:16,38,0.093,0.09,0.09,0.09,0.091,0.091,0.089,0.091,0.095,0.09,0.09,0.092,0.093,0.106,0.096,0.095,0.104,0.086,0.096,0.095,0.09,0.092,0.083,0.092,0.092,0.104,0.102,0.096,0.101,0.089,0.098,0.095,0.089,0.088,0.089,0.095,0.092,0.094,0.107,0.105,0.097,0.101,0.091,0.105,0.088,0.088,0.098,0.093,0.091,0.112,0.119,0.147,0.109,0.112,0.126,0.113,0.119,0.112,0.092,0.093,0.091,0.111,0.114,0.112,0.111,0.111,0.108,0.112,0.105,0.109,0.113,0.092,0.092,0.147,0.121,0.117,0.114,0.111,0.111,0.109,0.114,0.112,0.111,0.092,0.09,0.09,0.091,0.092,0.089,0.089,0.095,0.092,0.092,0.09,0.092,0.091
,0:39:16,38.1,0.093,0.09,0.09,0.09,0.092,0.091,0.089,0.091,0.095,0.09,0.09,0.092,0.094,0.105,0.097,0.094,0.107,0.087,0.096,0.096,0.09,0.093,0.084,0.093,0.092,0.104,0.103,0.096,0.103,0.088,0.098,0.095,0.089,0.088,0.089,0.095,0.092,0.095,0.108,0.106,0.099,0.101,0.091,0.106,0.088,0.089,0.098,0.093,0.091,0.113,0.122,0.152,0.11,0.113,0.128,0.113,0.121,0.113,0.092,0.094,0.091,0.114,0.115,0.112,0.112,0.112,0.109,0.111,0.105,0.11,0.114,0.092,0.092,0.153,0.126,0.117,0.116,0.112,0.11,0.11,0.117,0.113,0.111,0.092,0.09,0.09,0.091,0.092,0.089,0.089,0.095,0.092,0.092,0.09,0.092,0.091
,0:44:16,38,0.093,0.09,0.09,0.09,0.092,0.091,0.089,0.091,0.095,0.091,0.091,0.092,0.093,0.106,0.098,0.095,0.108,0.087,0.096,0.095,0.09,0.093,0.084,0.093,0.092,0.104,0.105,0.097,0.105,0.089,0.1,0.097,0.088,0.089,0.089,0.095,0.092,0.095,0.109,0.107,0.098,0.101,0.092,0.107,0.088,0.089,0.098,0.093,0.091,0.115,0.126,0.157,0.111,0.114,0.129,0.113,0.123,0.114,0.092,0.094,0.091,0.117,0.116,0.113,0.113,0.113,0.11,0.111,0.106,0.111,0.113,0.092,0.092,0.162,0.131,0.117,0.119,0.113,0.112,0.113,0.12,0.115,0.112,0.092,0.09,0.09,0.091,0.092,0.089,0.089,0.095,0.092,0.092,0.09,0.092,0.091
,0:49:16,38,0.093,0.091,0.09,0.09,0.091,0.091,0.089,0.091,0.095,0.09,0.09,0.092,0.094,0.101,0.097,0.097,0.108,0.086,0.096,0.095,0.09,0.093,0.084,0.093,0.092,0.105,0.1,0.096,0.101,0.089,0.097,0.095,0.088,0.089,0.089,0.095,0.092,0.095,0.109,0.103,0.104,0.101,0.091,0.106,0.088,0.089,0.098,0.093,0.091,0.117,0.13,0.164,0.113,0.116,0.132,0.113,0.126,0.114,0.092,0.094,0.091,0.12,0.117,0.113,0.115,0.115,0.111,0.111,0.107,0.112,0.113,0.092,0.092,0.171,0.137,0.117,0.12,0.114,0.121,0.115,0.124,0.115,0.113,0.092,0.09,0.09,0.091,0.092,0.089,0.089,0.095,0.092,0.092,0.09,0.092,0.091
,0:54:16,38,0.093,0.09,0.09,0.09,0.091,0.091,0.089,0.091,0.094,0.09,0.09,0.092,0.094,0.103,0.097,0.1,0.107,0.086,0.096,0.095,0.09,0.093,0.083,0.093,0.092,0.104,0.102,0.096,0.102,0.089,0.099,0.095,0.088,0.089,0.089,0.094,0.092,0.095,0.11,0.107,0.105,0.101,0.09,0.109,0.088,0.089,0.098,0.093,0.091,0.12,0.135,0.171,0.115,0.118,0.135,0.113,0.13,0.116,0.092,0.093,0.091,0.124,0.119,0.112,0.117,0.117,0.112,0.113,0.107,0.115,0.113,0.092,0.092,0.183,0.144,0.117,0.123,0.116,0.113,0.121,0.129,0.116,0.113,0.092,0.09,0.09,0.091,0.092,0.089,0.089,0.095,0.092,0.092,0.09,0.092,0.091
,0:59:16,38.1,0.093,0.09,0.09,0.09,0.091,0.091,0.089,0.091,0.094,0.09,0.09,0.092,0.093,0.105,0.097,0.102,0.106,0.087,0.096,0.096,0.09,0.094,0.083,0.093,0.092,0.105,0.104,0.097,0.106,0.089,0.099,0.098,0.088,0.089,0.089,0.095,0.092,0.097,0.11,0.106,0.099,0.101,0.091,0.108,0.088,0.09,0.098,0.093,0.091,0.123,0.141,0.18,0.117,0.121,0.139,0.113,0.135,0.117,0.092,0.094,0.091,0.128,0.125,0.113,0.119,0.119,0.114,0.114,0.108,0.117,0.113,0.092,0.092,0.196,0.151,0.117,0.129,0.118,0.119,0.122,0.135,0.125,0.114,0.092,0.09,0.09,0.091,0.092,0.089,0.089,0.095,0.092,0.092,0.09,0.092,0.091
,1:04:16,38,0.093,0.09,0.09,0.09,0.092,0.091,0.089,0.091,0.094,0.09,0.09,0.092,0.093,0.105,0.1,0.101,0.107,0.088,0.096,0.095,0.09,0.094,0.084,0.093,0.092,0.105,0.104,0.097,0.105,0.089,0.099,0.101,0.088,0.089,0.089,0.095,0.092,0.098,0.11,0.105,0.097,0.102,0.093,0.109,0.089,0.09,0.098,0.093,0.091,0.127,0.147,0.191,0.121,0.123,0.144,0.113,0.141,0.118,0.092,0.094,0.091,0.134,0.13,0.113,0.122,0.121,0.116,0.113,0.11,0.12,0.114,0.092,0.092,0.21,0.163,0.117,0.132,0.12,0.117,0.127,0.141,0.121,0.115,0.092,0.09,0.09,0.091,0.092,0.089,0.089,0.095,0.092,0.092,0.09,0.092,0.091
,1:09:16,38,0.093,0.09,0.09,0.09,0.092,0.091,0.089,0.091,0.094,0.09,0.09,0.092,0.093,0.107,0.098,0.1,0.108,0.087,0.096,0.096,0.091,0.094,0.083,0.093,0.092,0.106,0.103,0.097,0.105,0.089,0.098,0.1,0.088,0.089,0.089,0.094,0.092,0.097,0.111,0.105,0.107,0.102,0.091,0.112,0.089,0.09,0.098,0.093,0.091,0.132,0.155,0.204,0.124,0.127,0.15,0.113,0.148,0.119,0.092,0.094,0.091,0.139,0.134,0.113,0.125,0.125,0.118,0.114,0.111,0.123,0.115,0.092,0.092,0.229,0.175,0.117,0.138,0.123,0.12,0.133,0.148,0.122,0.116,0.092,0.09,0.09,0.091,0.092,0.089,0.089,0.096,0.092,0.092,0.09,0.092,0.091
,1:14:16,38.1,0.093,0.09,0.09,0.09,0.091,0.091,0.089,0.091,0.094,0.09,0.09,0.092,0.093,0.109,0.097,0.101,0.107,0.086,0.096,0.097,0.091,0.094,0.083,0.093,0.092,0.105,0.106,0.097,0.106,0.089,0.101,0.1,0.088,0.089,0.089,0.095,0.092,0.097,0.112,0.105,0.108,0.103,0.091,0.115,0.088,0.09,0.098,0.093,0.091,0.138,0.165,0.219,0.129,0.13,0.156,0.113,0.156,0.121,0.092,0.093,0.091,0.146,0.14,0.113,0.129,0.128,0.121,0.115,0.112,0.128,0.115,0.092,0.092,0.244,0.187,0.117,0.144,0.126,0.123,0.142,0.158,0.13,0.117,0.091,0.09,0.09,0.091,0.092,0.089,0.089,0.095,0.092,0.091,0.09,0.092,0.091
,1:19:16,38,0.093,0.091,0.09,0.09,0.092,0.091,0.089,0.091,0.094,0.09,0.091,0.092,0.093,0.107,0.099,0.1,0.107,0.087,0.096,0.096,0.091,0.095,0.083,0.093,0.092,0.107,0.107,0.097,0.11,0.089,0.102,0.103,0.088,0.089,0.089,0.095,0.092,0.099,0.115,0.105,0.106,0.102,0.092,0.116,0.089,0.091,0.098,0.093,0.092,0.145,0.176,0.235,0.134,0.135,0.166,0.113,0.17,0.123,0.092,0.093,0.091,0.154,0.147,0.113,0.133,0.132,0.125,0.117,0.114,0.135,0.114,0.092,0.092,0.255,0.197,0.117,0.151,0.13,0.128,0.147,0.169,0.134,0.119,0.092,0.09,0.09,0.091,0.092,0.089,0.089,0.095,0.092,0.092,0.09,0.092,0.091
,1:24:16,38,0.093,0.091,0.09,0.09,0.092,0.091,0.09,0.091,0.093,0.09,0.09,0.092,0.093,0.11,0.098,0.103,0.109,0.087,0.096,0.097,0.091,0.095,0.084,0.092,0.092,0.107,0.105,0.098,0.107,0.09,0.101,0.103,0.088,0.09,0.089,0.095,0.092,0.1,0.113,0.106,0.109,0.102,0.092,0.118,0.089,0.089,0.099,0.093,0.091,0.154,0.19,0.251,0.141,0.141,0.177,0.112,0.182,0.125,0.092,0.094,0.091,0.164,0.155,0.113,0.138,0.136,0.13,0.121,0.116,0.14,0.115,0.092,0.092,0.276,0.213,0.117,0.161,0.135,0.132,0.155,0.183,0.136,0.121,0.092,0.09,0.09,0.091,0.092,0.089,0.089,0.095,0.092,0.092,0.09,0.092,0.091
,1:29:16,38,0.093,0.091,0.09,0.09,0.091,0.091,0.089,0.091,0.093,0.09,0.09,0.092,0.093,0.11,0.1,0.102,0.107,0.087,0.096,0.096,0.091,0.095,0.083,0.093,0.092,0.107,0.107,0.097,0.107,0.089,0.102,0.102,0.088,0.09,0.089,0.095,0.092,0.102,0.118,0.105,0.107,0.102,0.092,0.117,0.089,0.09,0.098,0.093,0.091,0.164,0.205,0.261,0.149,0.148,0.19,0.112,0.195,0.127,0.092,0.093,0.091,0.175,0.166,0.114,0.143,0.142,0.136,0.124,0.118,0.152,0.115,0.092,0.092,0.305,0.234,0.117,0.172,0.14,0.138,0.167,0.198,0.142,0.124,0.092,0.09,0.09,0.091,0.092,0.089,0.089,0.095,0.093,0.092,0.09,0.092,0.091
,1:34:16,38.1,0.093,0.09,0.09,0.09,0.091,0.091,0.089,0.091,0.093,0.09,0.09,0.092,0.093,0.108,0.098,0.103,0.108,0.088,0.096,0.097,0.091,0.096,0.083,0.092,0.092,0.107,0.107,0.098,0.109,0.09,0.104,0.103,0.088,0.09,0.089,0.095,0.092,0.103,0.115,0.106,0.101,0.103,0.092,0.114,0.089,0.09,0.099,0.093,0.091,0.176,0.215,0.279,0.16,0.156,0.202,0.112,0.216,0.13,0.092,0.094,0.091,0.186,0.178,0.114,0.15,0.149,0.142,0.13,0.121,0.16,0.116,0.092,0.092,0.32,0.257,0.116,0.185,0.147,0.145,0.18,0.205,0.153,0.127,0.091,0.09,0.09,0.091,0.092,0.089,0.089,0.095,0.092,0.092,0.09,0.092,0.091
,1:39:16,38,0.093,0.09,0.09,0.09,0.092,0.091,0.089,0.091,0.093,0.09,0.09,0.092,0.093,0.108,0.098,0.101,0.108,0.087,0.097,0.097,0.091,0.095,0.084,0.093,0.092,0.108,0.106,0.098,0.107,0.09,0.101,0.103,0.088,0.09,0.09,0.095,0.092,0.1,0.12,0.106,0.109,0.103,0.092,0.121,0.089,0.09,0.099,0.093,0.091,0.191,0.226,0.302,0.171,0.165,0.213,0.111,0.222,0.133,0.092,0.094,0.091,0.195,0.19,0.115,0.157,0.158,0.151,0.135,0.125,0.168,0.117,0.092,0.092,0.333,0.273,0.116,0.202,0.156,0.154,0.195,0.219,0.16,0.131,0.092,0.09,0.09,0.091,0.092,0.089,0.089,0.095,0.092,0.092,0.09,0.092,0.091
,1:44:16,38,0.093,0.091,0.09,0.09,0.092,0.091,0.089,0.091,0.092,0.09,0.09,0.092,0.093,0.109,0.1,0.103,0.108,0.087,0.097,0.098,0.091,0.096,0.084,0.092,0.092,0.108,0.107,0.098,0.109,0.09,0.102,0.103,0.088,0.09,0.09,0.095,0.092,0.1,0.118,0.107,0.108,0.104,0.092,0.121,0.089,0.09,0.099,0.093,0.092,0.202,0.245,0.324,0.187,0.177,0.229,0.112,0.238,0.137,0.092,0.094,0.091,0.204,0.206,0.115,0.165,0.168,0.16,0.14,0.128,0.185,0.117,0.092,0.092,0.346,0.285,0.116,0.216,0.165,0.165,0.203,0.24,0.167,0.135,0.092,0.09,0.09,0.091,0.092,0.089,0.089,0.095,0.092,0.092,0.09,0.092,0.091
,1:49:16,38,0.093,0.091,0.09,0.09,0.092,0.091,0.09,0.091,0.093,0.09,0.09,0.092,0.093,0.11,0.1,0.104,0.11,0.088,0.097,0.096,0.092,0.097,0.083,0.093,0.092,0.108,0.111,0.098,0.108,0.09,0.104,0.103,0.088,0.09,0.09,0.095,0.092,0.101,0.123,0.108,0.109,0.106,0.094,0.121,0.089,0.091,0.099,0.093,0.091,0.21,0.268,0.338,0.201,0.189,0.25,0.112,0.262,0.14,0.092,0.094,0.091,0.217,0.213,0.116,0.174,0.18,0.171,0.147,0.132,0.193,0.118,0.092,0.092,0.362,0.298,0.116,0.224,0.176,0.177,0.216,0.264,0.177,0.141,0.092,0.09,0.09,0.091,0.092,0.089,0.089,0.095,0.092,0.092,0.09,0.092,0.091
,1:54:16,38.1,0.093,0.091,0.09,0.09,0.092,0.091,0.09,0.091,0.093,0.09,0.091,0.092,0.093,0.109,0.1,0.104,0.112,0.087,0.097,0.096,0.091,0.097,0.083,0.093,0.092,0.108,0.109,0.098,0.11,0.09,0.103,0.103,0.088,0.09,0.09,0.095,0.092,0.104,0.123,0.109,0.11,0.104,0.092,0.125,0.089,0.091,0.099,0.093,0.092,0.227,0.298,0.354,0.207,0.204,0.264,0.111,0.288,0.144,0.092,0.094,0.091,0.233,0.227,0.117,0.183,0.193,0.184,0.155,0.136,0.201,0.119,0.092,0.092,0.382,0.31,0.116,0.244,0.188,0.193,0.234,0.292,0.192,0.146,0.092,0.09,0.09,0.091,0.092,0.089,0.089,0.096,0.093,0.092,0.09,0.092,0.091
,1:59:16,38,0.093,0.091,0.09,0.09,0.092,0.091,0.089,0.091,0.093,0.09,0.09,0.092,0.093,0.113,0.1,0.104,0.111,0.088,0.097,0.097,0.091,0.098,0.083,0.093,0.092,0.11,0.108,0.098,0.109,0.09,0.104,0.104,0.088,0.09,0.09,0.095,0.092,0.106,0.123,0.109,0.108,0.104,0.093,0.125,0.089,0.092,0.099,0.093,0.091,0.246,0.31,0.373,0.222,0.219,0.274,0.111,0.323,0.149,0.092,0.094,0.091,0.249,0.247,0.118,0.194,0.205,0.199,0.164,0.14,0.217,0.12,0.092,0.092,0.402,0.326,0.116,0.27,0.203,0.201,0.257,0.316,0.203,0.154,0.092,0.09,0.09,0.091,0.092,0.089,0.089,0.095,0.092,0.092,0.09,0.092,0.091
,2:04:16,38,0.093,0.091,0.09,0.09,0.092,0.091,0.089,0.091,0.093,0.09,0.09,0.092,0.093,0.112,0.1,0.105,0.112,0.088,0.097,0.099,0.092,0.098,0.084,0.093,0.092,0.11,0.112,0.099,0.113,0.091,0.106,0.104,0.088,0.091,0.09,0.095,0.092,0.106,0.126,0.11,0.106,0.107,0.093,0.126,0.089,0.091,0.1,0.093,0.091,0.27,0.324,0.392,0.244,0.234,0.289,0.111,0.328,0.154,0.092,0.094,0.091,0.275,0.269,0.119,0.206,0.212,0.207,0.173,0.146,0.233,0.122,0.092,0.092,0.425,0.346,0.116,0.302,0.213,0.215,0.28,0.332,0.217,0.162,0.092,0.09,0.09,0.091,0.092,0.089,0.089,0.096,0.092,0.092,0.09,0.092,0.091
,2:09:16,38,0.093,0.091,0.09,0.09,0.092,0.091,0.089,0.091,0.093,0.09,0.09,0.092,0.093,0.11,0.099,0.105,0.113,0.088,0.097,0.101,0.092,0.098,0.083,0.093,0.092,0.11,0.115,0.099,0.11,0.09,0.105,0.104,0.088,0.09,0.09,0.095,0.092,0.105,0.125,0.11,0.11,0.108,0.093,0.127,0.089,0.092,0.1,0.093,0.091,0.293,0.344,0.413,0.266,0.25,0.304,0.111,0.348,0.159,0.092,0.094,0.091,0.292,0.298,0.121,0.218,0.227,0.222,0.185,0.151,0.257,0.123,0.092,0.092,0.446,0.365,0.116,0.322,0.225,0.236,0.308,0.348,0.239,0.172,0.092,0.09,0.09,0.091,0.092,0.089,0.089,0.095,0.092,0.092,0.09,0.092,0.091
,2:14:16,38,0.093,0.091,0.09,0.09,0.092,0.091,0.09,0.091,0.093,0.09,0.091,0.092,0.093,0.113,0.101,0.105,0.114,0.088,0.098,0.098,0.092,0.099,0.084,0.093,0.092,0.112,0.113,0.099,0.115,0.091,0.106,0.105,0.089,0.091,0.09,0.095,0.092,0.104,0.129,0.111,0.111,0.106,0.093,0.127,0.09,0.091,0.1,0.093,0.092,0.308,0.366,0.438,0.292,0.273,0.321,0.112,0.373,0.165,0.092,0.094,0.091,0.304,0.315,0.122,0.231,0.248,0.241,0.2,0.159,0.271,0.126,0.092,0.092,0.47,0.384,0.116,0.339,0.243,0.257,0.331,0.372,0.26,0.183,0.092,0.09,0.09,0.091,0.092,0.089,0.089,0.095,0.092,0.092,0.09,0.092,0.091
,2:19:16,38,0.093,0.09,0.09,0.09,0.091,0.091,0.089,0.091,0.092,0.09,0.09,0.092,0.093,0.115,0.102,0.106,0.115,0.089,0.098,0.099,0.091,0.099,0.083,0.093,0.092,0.112,0.115,0.099,0.115,0.091,0.106,0.105,0.088,0.091,0.09,0.095,0.092,0.11,0.127,0.112,0.11,0.106,0.094,0.131,0.089,0.092,0.1,0.093,0.091,0.325,0.387,0.461,0.317,0.29,0.338,0.112,0.417,0.171,0.092,0.093,0.091,0.319,0.331,0.124,0.244,0.268,0.262,0.21,0.167,0.293,0.128,0.092,0.092,0.492,0.405,0.116,0.355,0.263,0.28,0.346,0.398,0.285,0.197,0.092,0.09,0.09,0.091,0.092,0.089,0.089,0.095,0.092,0.092,0.09,0.092,0.091
,2:24:16,38,0.093,0.091,0.09,0.09,0.092,0.091,0.089,0.091,0.093,0.09,0.091,0.092,0.093,0.117,0.105,0.108,0.117,0.088,0.099,0.102,0.092,0.099,0.084,0.093,0.092,0.111,0.115,0.099,0.107,0.091,0.107,0.105,0.089,0.091,0.091,0.095,0.092,0.106,0.13,0.113,0.111,0.107,0.094,0.131,0.09,0.09,0.101,0.093,0.091,0.346,0.412,0.49,0.337,0.307,0.357,0.112,0.426,0.178,0.092,0.094,0.091,0.336,0.348,0.127,0.263,0.29,0.29,0.226,0.175,0.323,0.131,0.092,0.092,0.51,0.425,0.116,0.382,0.293,0.307,0.366,0.427,0.309,0.205,0.092,0.09,0.09,0.091,0.092,0.089,0.089,0.095,0.092,0.092,0.09,0.092,0.091
,2:29:16,38.1,0.093,0.091,0.09,0.09,0.092,0.091,0.089,0.091,0.093,0.09,0.09,0.092,0.094,0.115,0.102,0.108,0.117,0.088,0.098,0.099,0.092,0.1,0.083,0.093,0.092,0.112,0.116,0.099,0.111,0.091,0.108,0.105,0.089,0.091,0.09,0.095,0.092,0.107,0.13,0.114,0.112,0.108,0.094,0.135,0.09,0.091,0.101,0.093,0.092,0.365,0.439,0.52,0.359,0.324,0.376,0.113,0.464,0.185,0.092,0.094,0.091,0.357,0.371,0.129,0.278,0.309,0.308,0.244,0.184,0.346,0.135,0.092,0.092,0.524,0.438,0.117,0.406,0.308,0.33,0.393,0.456,0.329,0.217,0.092,0.09,0.09,0.091,0.092,0.089,0.089,0.095,0.092,0.092,0.09,0.092,0.091
,2:34:16,38.1,0.095,0.091,0.09,0.09,0.092,0.091,0.09,0.091,0.093,0.09,0.091,0.092,0.093,0.113,0.102,0.108,0.117,0.089,0.099,0.1,0.092,0.101,0.084,0.093,0.092,0.112,0.116,0.1,0.114,0.091,0.107,0.107,0.089,0.091,0.091,0.095,0.092,0.11,0.127,0.115,0.108,0.108,0.095,0.137,0.09,0.093,0.101,0.093,0.092,0.387,0.473,0.541,0.383,0.344,0.398,0.114,0.499,0.193,0.092,0.094,0.091,0.377,0.396,0.133,0.292,0.323,0.324,0.263,0.194,0.372,0.139,0.092,0.092,0.535,0.448,0.117,0.44,0.323,0.359,0.419,0.493,0.353,0.234,0.092,0.09,0.09,0.091,0.092,0.089,0.089,0.096,0.092,0.092,0.09,0.092,0.091
,2:39:16,38.1,0.093,0.09,0.09,0.09,0.091,0.091,0.089,0.091,0.092,0.09,0.09,0.092,0.093,0.115,0.102,0.109,0.119,0.089,0.099,0.101,0.092,0.1,0.083,0.092,0.092,0.113,0.115,0.099,0.115,0.091,0.109,0.107,0.089,0.092,0.091,0.095,0.092,0.11,0.131,0.116,0.104,0.109,0.094,0.139,0.09,0.092,0.101,0.093,0.091,0.41,0.498,0.56,0.412,0.361,0.419,0.114,0.528,0.199,0.091,0.093,0.091,0.399,0.422,0.136,0.307,0.338,0.342,0.29,0.201,0.396,0.144,0.092,0.092,0.549,0.458,0.117,0.462,0.34,0.374,0.447,0.523,0.38,0.252,0.092,0.09,0.09,0.091,0.092,0.089,0.089,0.095,0.092,0.092,0.09,0.092,0.091
,2:44:16,38,0.093,0.091,0.09,0.09,0.092,0.091,0.089,0.091,0.092,0.09,0.09,0.092,0.094,0.118,0.106,0.11,0.12,0.089,0.1,0.103,0.092,0.101,0.083,0.093,0.092,0.113,0.119,0.1,0.113,0.091,0.11,0.106,0.089,0.092,0.091,0.095,0.092,0.109,0.134,0.117,0.11,0.111,0.095,0.14,0.09,0.092,0.102,0.093,0.092,0.434,0.519,0.579,0.442,0.378,0.434,0.115,0.55,0.208,0.092,0.094,0.091,0.421,0.453,0.14,0.321,0.356,0.363,0.311,0.213,0.418,0.149,0.092,0.092,0.562,0.472,0.118,0.495,0.36,0.4,0.485,0.544,0.41,0.271,0.092,0.09,0.09,0.091,0.092,0.089,0.089,0.095,0.092,0.092,0.09,0.092,0.091
,2:49:16,38,0.093,0.091,0.09,0.09,0.092,0.091,0.089,0.091,0.093,0.09,0.091,0.092,0.093,0.122,0.107,0.111,0.122,0.089,0.101,0.104,0.092,0.102,0.083,0.093,0.092,0.114,0.12,0.1,0.116,0.092,0.111,0.107,0.089,0.092,0.091,0.095,0.092,0.11,0.13,0.118,0.108,0.114,0.096,0.143,0.09,0.092,0.102,0.093,0.092,0.461,0.538,0.602,0.481,0.403,0.445,0.116,0.569,0.217,0.092,0.094,0.091,0.443,0.482,0.145,0.336,0.377,0.387,0.333,0.226,0.445,0.157,0.092,0.092,0.576,0.484,0.119,0.518,0.384,0.429,0.515,0.564,0.442,0.294,0.092,0.09,0.09,0.091,0.092,0.089,0.089,0.095,0.092,0.092,0.09,0.092,0.091
,2:54:16,38,0.093,0.09,0.09,0.09,0.091,0.091,0.089,0.091,0.092,0.09,0.09,0.092,0.093,0.121,0.106,0.109,0.123,0.089,0.1,0.104,0.092,0.102,0.083,0.092,0.091,0.115,0.12,0.1,0.122,0.092,0.111,0.108,0.089,0.092,0.091,0.094,0.092,0.112,0.133,0.119,0.108,0.113,0.094,0.145,0.09,0.092,0.102,0.093,0.091,0.489,0.56,0.619,0.508,0.424,0.456,0.118,0.586,0.227,0.092,0.093,0.091,0.467,0.503,0.15,0.353,0.402,0.413,0.354,0.239,0.471,0.164,0.092,0.092,0.595,0.493,0.12,0.541,0.409,0.464,0.536,0.582,0.478,0.321,0.091,0.089,0.09,0.091,0.092,0.089,0.089,0.095,0.092,0.091,0.09,0.092,0.091
,2:59:16,38,0.093,0.091,0.09,0.09,0.092,0.091,0.089,0.091,0.092,0.09,0.09,0.092,0.093,0.121,0.104,0.11,0.123,0.089,0.1,0.103,0.092,0.102,0.083,0.092,0.092,0.115,0.119,0.1,0.118,0.092,0.112,0.108,0.089,0.092,0.091,0.095,0.092,0.111,0.133,0.12,0.11,0.116,0.096,0.148,0.091,0.092,0.103,0.093,0.091,0.516,0.585,0.636,0.535,0.447,0.471,0.119,0.61,0.237,0.092,0.093,0.091,0.486,0.521,0.155,0.371,0.43,0.44,0.379,0.253,0.494,0.174,0.092,0.092,0.609,0.501,0.122,0.561,0.435,0.495,0.557,0.598,0.52,0.338,0.092,0.09,0.09,0.091,0.092,0.089,0.089,0.095,0.092,0.092,0.09,0.092,0.091
,3:04:16,38,0.093,0.091,0.09,0.09,0.091,0.091,0.089,0.091,0.092,0.09,0.09,0.092,0.093,0.12,0.106,0.111,0.125,0.09,0.101,0.107,0.092,0.103,0.083,0.093,0.092,0.116,0.124,0.1,0.118,0.092,0.113,0.109,0.089,0.092,0.091,0.094,0.092,0.112,0.137,0.122,0.108,0.117,0.097,0.15,0.09,0.092,0.103,0.093,0.091,0.534,0.605,0.65,0.555,0.478,0.484,0.122,0.628,0.246,0.091,0.093,0.091,0.501,0.54,0.163,0.389,0.46,0.47,0.406,0.265,0.514,0.184,0.092,0.092,0.62,0.509,0.123,0.578,0.469,0.516,0.574,0.615,0.546,0.356,0.092,0.09,0.09,0.091,0.092,0.089,0.089,0.095,0.092,0.092,0.09,0.092,0.091
,3:09:16,38,0.093,0.091,0.09,0.09,0.092,0.091,0.089,0.091,0.093,0.09,0.09,0.092,0.094,0.124,0.105,0.112,0.126,0.09,0.101,0.106,0.092,0.103,0.083,0.093,0.092,0.117,0.123,0.101,0.12,0.092,0.113,0.109,0.089,0.093,0.091,0.094,0.092,0.112,0.138,0.123,0.107,0.118,0.098,0.153,0.091,0.093,0.104,0.093,0.091,0.551,0.62,0.665,0.575,0.499,0.495,0.125,0.636,0.256,0.092,0.094,0.091,0.516,0.558,0.17,0.413,0.493,0.491,0.438,0.274,0.532,0.195,0.092,0.092,0.632,0.517,0.125,0.592,0.492,0.542,0.594,0.631,0.567,0.38,0.092,0.09,0.09,0.091,0.092,0.089,0.089,0.095,0.092,0.092,0.09,0.092,0.091
,3:14:16,38,0.093,0.091,0.09,0.09,0.092,0.091,0.09,0.091,0.092,0.09,0.091,0.092,0.094,0.127,0.107,0.113,0.129,0.09,0.101,0.107,0.093,0.104,0.084,0.093,0.092,0.117,0.123,0.101,0.124,0.093,0.115,0.11,0.089,0.094,0.092,0.095,0.092,0.112,0.145,0.125,0.111,0.119,0.098,0.155,0.091,0.094,0.104,0.093,0.092,0.566,0.634,0.68,0.592,0.513,0.505,0.129,0.657,0.266,0.092,0.094,0.091,0.536,0.576,0.178,0.436,0.518,0.513,0.472,0.289,0.549,0.207,0.092,0.092,0.641,0.526,0.127,0.608,0.512,0.564,0.608,0.651,0.588,0.405,0.092,0.09,0.091,0.091,0.092,0.089,0.089,0.095,0.092,0.092,0.09,0.092,0.091
,3:19:16,38,0.093,0.091,0.09,0.09,0.092,0.091,0.089,0.091,0.092,0.09,0.09,0.092,0.093,0.131,0.106,0.114,0.131,0.089,0.102,0.108,0.092,0.104,0.083,0.093,0.092,0.118,0.126,0.1,0.119,0.093,0.116,0.111,0.089,0.094,0.091,0.095,0.092,0.114,0.145,0.126,0.109,0.119,0.099,0.159,0.091,0.093,0.105,0.093,0.091,0.581,0.648,0.695,0.61,0.53,0.514,0.132,0.679,0.277,0.092,0.094,0.091,0.551,0.595,0.184,0.458,0.541,0.533,0.496,0.301,0.566,0.22,0.092,0.092,0.652,0.535,0.131,0.622,0.536,0.593,0.624,0.668,0.606,0.432,0.092,0.09,0.09,0.091,0.092,0.089,0.089,0.095,0.092,0.092,0.09,0.092,0.091
,3:24:16,38,0.093,0.09,0.09,0.09,0.092,0.091,0.089,0.091,0.092,0.09,0.09,0.092,0.093,0.13,0.105,0.114,0.132,0.09,0.102,0.11,0.093,0.105,0.083,0.092,0.092,0.117,0.129,0.1,0.122,0.093,0.117,0.111,0.089,0.094,0.092,0.094,0.092,0.115,0.149,0.128,0.109,0.122,0.099,0.16,0.091,0.093,0.105,0.093,0.091,0.6,0.663,0.71,0.627,0.546,0.524,0.138,0.692,0.286,0.092,0.094,0.091,0.562,0.61,0.19,0.478,0.558,0.551,0.518,0.315,0.583,0.235,0.092,0.092,0.661,0.543,0.134,0.635,0.555,0.613,0.641,0.685,0.623,0.463,0.091,0.09,0.09,0.091,0.092,0.089,0.089,0.095,0.092,0.091,0.09,0.092,0.091
,3:29:16,38,0.093,0.091,0.09,0.09,0.092,0.091,0.09,0.091,0.093,0.09,0.091,0.092,0.094,0.132,0.11,0.117,0.133,0.092,0.103,0.11,0.093,0.105,0.084,0.093,0.092,0.12,0.134,0.101,0.123,0.094,0.12,0.111,0.089,0.094,0.093,0.095,0.092,0.111,0.148,0.13,0.115,0.124,0.102,0.164,0.091,0.094,0.105,0.093,0.092,0.617,0.677,0.725,0.644,0.561,0.535,0.144,0.711,0.297,0.092,0.094,0.091,0.573,0.625,0.199,0.496,0.575,0.567,0.544,0.333,0.6,0.25,0.092,0.092,0.672,0.552,0.138,0.651,0.573,0.628,0.657,0.702,0.64,0.499,0.092,0.09,0.09,0.091,0.092,0.089,0.089,0.095,0.092,0.092,0.09,0.092,0.091
,3:34:16,38,0.093,0.091,0.09,0.09,0.092,0.091,0.09,0.091,0.093,0.09,0.09,0.092,0.093,0.134,0.108,0.117,0.138,0.09,0.105,0.112,0.094,0.106,0.083,0.092,0.092,0.12,0.133,0.101,0.118,0.094,0.121,0.114,0.089,0.095,0.092,0.095,0.092,0.117,0.151,0.132,0.112,0.125,0.099,0.167,0.091,0.092,0.106,0.093,0.091,0.633,0.692,0.74,0.659,0.576,0.544,0.151,0.725,0.309,0.092,0.094,0.091,0.584,0.639,0.212,0.513,0.593,0.584,0.565,0.353,0.619,0.268,0.092,0.092,0.68,0.56,0.143,0.666,0.59,0.645,0.672,0.718,0.657,0.526,0.092,0.09,0.09,0.091,0.092,0.089,0.089,0.095,0.092,0.092,0.09,0.092,0.091
,3:39:16,38,0.093,0.091,0.09,0.09,0.092,0.091,0.089,0.091,0.092,0.09,0.09,0.092,0.093,0.14,0.108,0.117,0.138,0.09,0.104,0.113,0.093,0.106,0.083,0.092,0.092,0.121,0.133,0.101,0.124,0.094,0.12,0.116,0.089,0.095,0.092,0.095,0.092,0.117,0.154,0.134,0.109,0.126,0.1,0.17,0.091,0.094,0.106,0.093,0.091,0.649,0.706,0.752,0.674,0.592,0.553,0.16,0.748,0.32,0.091,0.093,0.091,0.594,0.653,0.224,0.53,0.608,0.601,0.583,0.374,0.637,0.286,0.092,0.092,0.692,0.566,0.149,0.679,0.608,0.659,0.689,0.734,0.675,0.548,0.092,0.089,0.09,0.091,0.092,0.089,0.089,0.095,0.092,0.092,0.09,0.092,0.091
,3:44:16,38.1,0.093,0.09,0.09,0.09,0.091,0.091,0.089,0.091,0.092,0.09,0.09,0.092,0.094,0.139,0.11,0.12,0.139,0.09,0.105,0.115,0.093,0.107,0.083,0.092,0.092,0.122,0.137,0.101,0.121,0.095,0.121,0.117,0.089,0.096,0.092,0.094,0.092,0.117,0.156,0.136,0.115,0.131,0.102,0.173,0.092,0.094,0.107,0.093,0.091,0.664,0.72,0.763,0.69,0.609,0.56,0.17,0.764,0.333,0.091,0.094,0.091,0.605,0.665,0.24,0.546,0.623,0.617,0.599,0.39,0.657,0.31,0.092,0.092,0.702,0.576,0.157,0.692,0.623,0.673,0.703,0.75,0.693,0.568,0.092,0.09,0.09,0.091,0.092,0.089,0.089,0.095,0.092,0.092,0.09,0.092,0.091
,3:49:16,38,0.093,0.09,0.09,0.09,0.092,0.091,0.089,0.091,0.092,0.09,0.09,0.092,0.093,0.138,0.111,0.121,0.142,0.091,0.107,0.115,0.093,0.107,0.083,0.092,0.092,0.123,0.138,0.101,0.13,0.095,0.123,0.116,0.089,0.097,0.093,0.094,0.092,0.118,0.157,0.138,0.116,0.132,0.101,0.176,0.092,0.096,0.108,0.093,0.091,0.68,0.734,0.777,0.705,0.627,0.571,0.179,0.778,0.349,0.092,0.093,0.091,0.616,0.679,0.253,0.559,0.639,0.632,0.616,0.413,0.675,0.334,0.092,0.092,0.71,0.584,0.165,0.706,0.639,0.687,0.718,0.766,0.711,0.587,0.092,0.09,0.09,0.091,0.092,0.089,0.089,0.095,0.092,0.092,0.09,0.092,0.091
,3:54:15,38.1,0.093,0.091,0.09,0.09,0.091,0.091,0.089,0.091,0.092,0.09,0.09,0.092,0.094,0.142,0.112,0.122,0.144,0.091,0.106,0.117,0.093,0.108,0.084,0.092,0.092,0.124,0.137,0.102,0.131,0.095,0.124,0.117,0.089,0.097,0.093,0.094,0.092,0.12,0.16,0.14,0.113,0.132,0.103,0.18,0.092,0.094,0.108,0.093,0.092,0.695,0.747,0.788,0.72,0.641,0.579,0.183,0.797,0.362,0.092,0.094,0.091,0.626,0.693,0.259,0.573,0.653,0.647,0.632,0.44,0.692,0.357,0.092,0.092,0.719,0.591,0.174,0.719,0.654,0.701,0.733,0.781,0.73,0.602,0.091,0.09,0.09,0.091,0.092,0.089,0.089,0.095,0.092,0.092,0.09,0.092,0.091
,3:59:16,38,0.093,0.091,0.09,0.09,0.092,0.091,0.089,0.091,0.092,0.09,0.09,0.092,0.093,0.148,0.112,0.123,0.147,0.091,0.106,0.119,0.093,0.108,0.083,0.092,0.092,0.125,0.141,0.101,0.128,0.096,0.125,0.119,0.089,0.098,0.092,0.094,0.092,0.12,0.162,0.142,0.117,0.136,0.104,0.182,0.092,0.094,0.109,0.093,0.091,0.709,0.761,0.8,0.735,0.66,0.586,0.193,0.809,0.376,0.092,0.094,0.091,0.637,0.705,0.264,0.586,0.665,0.661,0.649,0.464,0.709,0.377,0.092,0.092,0.729,0.598,0.177,0.731,0.668,0.716,0.748,0.796,0.746,0.619,0.092,0.09,0.09,0.091,0.092,0.089,0.089,0.095,0.092,0.092,0.09,0.092,0.091
,4:04:16,38.1,0.093,0.091,0.09,0.09,0.092,0.091,0.09,0.091,0.092,0.09,0.091,0.092,0.094,0.147,0.117,0.125,0.15,0.092,0.106,0.119,0.094,0.108,0.084,0.093,0.092,0.125,0.145,0.102,0.134,0.096,0.126,0.12,0.089,0.099,0.094,0.094,0.092,0.12,0.163,0.144,0.117,0.137,0.108,0.186,0.092,0.098,0.109,0.093,0.092,0.725,0.775,0.813,0.751,0.677,0.596,0.21,0.827,0.39,0.092,0.093,0.091,0.647,0.719,0.273,0.601,0.678,0.677,0.665,0.489,0.725,0.401,0.092,0.092,0.739,0.607,0.184,0.744,0.684,0.73,0.762,0.813,0.763,0.637,0.092,0.09,0.09,0.091,0.092,0.089,0.089,0.095,0.092,0.092,0.09,0.092,0.091
,4:09:16,38,0.094,0.091,0.09,0.09,0.092,0.091,0.089,0.091,0.093,0.09,0.091,0.092,0.093,0.151,0.113,0.127,0.15,0.092,0.107,0.121,0.094,0.109,0.083,0.092,0.092,0.126,0.145,0.102,0.13,0.097,0.128,0.122,0.091,0.099,0.093,0.095,0.092,0.123,0.166,0.147,0.117,0.14,0.107,0.19,0.093,0.094,0.11,0.093,0.092,0.74,0.789,0.823,0.764,0.689,0.602,0.227,0.839,0.406,0.092,0.094,0.091,0.658,0.731,0.282,0.617,0.69,0.69,0.68,0.512,0.741,0.429,0.092,0.092,0.746,0.614,0.196,0.756,0.698,0.744,0.777,0.828,0.779,0.655,0.092,0.09,0.09,0.091,0.092,0.089,0.089,0.095,0.092,0.092,0.09,0.092,0.091
,4:14:16,38,0.093,0.09,0.09,0.09,0.092,0.091,0.089,0.091,0.093,0.09,0.09,0.092,0.093,0.144,0.114,0.129,0.154,0.093,0.108,0.123,0.094,0.109,0.083,0.092,0.092,0.127,0.146,0.102,0.137,0.097,0.128,0.121,0.089,0.099,0.094,0.094,0.092,0.123,0.167,0.149,0.117,0.143,0.107,0.194,0.093,0.095,0.111,0.093,0.091,0.754,0.802,0.836,0.778,0.704,0.606,0.247,0.852,0.419,0.092,0.094,0.091,0.666,0.745,0.296,0.632,0.703,0.705,0.695,0.54,0.756,0.461,0.092,0.092,0.757,0.622,0.212,0.768,0.713,0.757,0.791,0.842,0.797,0.673,0.091,0.09,0.09,0.091,0.092,0.089,0.089,0.095,0.092,0.092,0.09,0.092,0.091
,4:19:16,38,0.093,0.091,0.09,0.09,0.092,0.091,0.09,0.091,0.093,0.09,0.091,0.092,0.093,0.15,0.117,0.129,0.155,0.095,0.108,0.125,0.094,0.11,0.084,0.093,0.092,0.127,0.147,0.102,0.135,0.098,0.131,0.124,0.09,0.1,0.095,0.095,0.092,0.125,0.169,0.151,0.119,0.146,0.11,0.198,0.093,0.096,0.112,0.093,0.092,0.767,0.815,0.847,0.793,0.718,0.613,0.268,0.87,0.433,0.092,0.094,0.091,0.675,0.757,0.308,0.646,0.714,0.72,0.709,0.554,0.771,0.491,0.092,0.092,0.765,0.631,0.226,0.782,0.727,0.772,0.807,0.856,0.814,0.691,0.092,0.09,0.09,0.091,0.092,0.089,0.089,0.095,0.092,0.092,0.09,0.092,0.091
,4:24:16,38,0.093,0.09,0.09,0.09,0.091,0.091,0.089,0.091,0.092,0.09,0.09,0.092,0.093,0.151,0.116,0.131,0.157,0.094,0.108,0.127,0.094,0.111,0.083,0.092,0.092,0.129,0.152,0.102,0.138,0.098,0.132,0.125,0.089,0.101,0.095,0.094,0.092,0.125,0.171,0.153,0.12,0.147,0.113,0.2,0.093,0.098,0.113,0.093,0.091,0.78,0.828,0.859,0.808,0.734,0.619,0.29,0.886,0.448,0.091,0.094,0.091,0.685,0.77,0.324,0.66,0.728,0.734,0.724,0.575,0.786,0.521,0.092,0.092,0.773,0.637,0.244,0.795,0.742,0.786,0.821,0.87,0.829,0.708,0.091,0.09,0.09,0.091,0.092,0.089,0.089,0.095,0.092,0.091,0.09,0.092,0.091
,4:29:16,38,0.093,0.09,0.09,0.09,0.091,0.091,0.089,0.091,0.092,0.09,0.09,0.092,0.093,0.156,0.12,0.133,0.159,0.095,0.11,0.129,0.094,0.111,0.083,0.093,0.092,0.13,0.153,0.102,0.138,0.099,0.134,0.127,0.089,0.102,0.094,0.094,0.092,0.126,0.173,0.155,0.117,0.151,0.112,0.203,0.093,0.096,0.114,0.093,0.091,0.792,0.839,0.87,0.822,0.748,0.625,0.318,0.898,0.461,0.092,0.093,0.091,0.695,0.782,0.343,0.674,0.739,0.748,0.739,0.589,0.801,0.545,0.092,0.092,0.781,0.645,0.263,0.807,0.757,0.798,0.835,0.883,0.843,0.725,0.091,0.09,0.09,0.091,0.092,0.089,0.089,0.095,0.092,0.091,0.09,0.092,0.091
,4:34:16,38,0.094,0.091,0.09,0.09,0.092,0.091,0.089,0.091,0.093,0.09,0.09,0.092,0.093,0.156,0.121,0.135,0.162,0.094,0.111,0.13,0.095,0.112,0.083,0.093,0.092,0.13,0.152,0.102,0.142,0.1,0.136,0.129,0.09,0.103,0.095,0.094,0.092,0.129,0.175,0.157,0.118,0.155,0.111,0.208,0.093,0.094,0.115,0.093,0.092,0.805,0.851,0.881,0.835,0.762,0.632,0.339,0.914,0.476,0.092,0.093,0.091,0.704,0.794,0.366,0.688,0.752,0.763,0.754,0.611,0.815,0.568,0.092,0.092,0.791,0.65,0.284,0.82,0.772,0.811,0.849,0.896,0.858,0.743,0.092,0.09,0.09,0.091,0.092,0.089,0.089,0.095,0.092,0.092,0.09,0.092,0.091
,4:39:16,38,0.093,0.091,0.09,0.09,0.092,0.091,0.089,0.091,0.092,0.09,0.09,0.092,0.093,0.158,0.122,0.137,0.163,0.096,0.111,0.133,0.095,0.113,0.083,0.092,0.092,0.132,0.155,0.103,0.144,0.1,0.138,0.129,0.089,0.104,0.096,0.094,0.092,0.13,0.176,0.16,0.122,0.157,0.117,0.212,0.094,0.097,0.116,0.093,0.091,0.817,0.862,0.894,0.848,0.776,0.636,0.361,0.926,0.489,0.092,0.094,0.091,0.714,0.806,0.39,0.703,0.763,0.776,0.769,0.623,0.829,0.591,0.092,0.092,0.798,0.658,0.311,0.831,0.786,0.824,0.863,0.909,0.873,0.759,0.092,0.09,0.09,0.091,0.092,0.089,0.089,0.095,0.092,0.092,0.09,0.092,0.091
,4:44:16,38,0.093,0.091,0.09,0.09,0.092,0.091,0.09,0.091,0.092,0.09,0.09,0.092,0.094,0.16,0.122,0.139,0.166,0.096,0.111,0.136,0.095,0.114,0.084,0.092,0.092,0.131,0.158,0.102,0.145,0.101,0.14,0.133,0.089,0.105,0.095,0.095,0.092,0.131,0.174,0.162,0.125,0.159,0.115,0.214,0.094,0.098,0.117,0.093,0.092,0.829,0.874,0.906,0.861,0.791,0.642,0.385,0.935,0.503,0.092,0.094,0.091,0.722,0.818,0.413,0.717,0.775,0.79,0.784,0.642,0.842,0.612,0.092,0.092,0.808,0.662,0.332,0.843,0.799,0.836,0.877,0.922,0.886,0.775,0.092,0.09,0.09,0.091,0.092,0.089,0.089,0.095,0.092,0.092,0.09,0.092,0.091
,4:49:16,38,0.093,0.091,0.09,0.09,0.092,0.091,0.089,0.091,0.093,0.09,0.091,0.092,0.094,0.162,0.121,0.14,0.169,0.095,0.112,0.137,0.095,0.114,0.083,0.092,0.092,0.133,0.161,0.102,0.145,0.102,0.142,0.134,0.09,0.106,0.094,0.094,0.092,0.133,0.18,0.163,0.119,0.164,0.118,0.218,0.095,0.095,0.118,0.093,0.092,0.841,0.884,0.916,0.873,0.805,0.644,0.413,0.945,0.515,0.092,0.094,0.091,0.732,0.83,0.429,0.731,0.787,0.803,0.798,0.653,0.855,0.632,0.092,0.092,0.814,0.667,0.351,0.855,0.814,0.847,0.89,0.934,0.901,0.792,0.092,0.09,0.09,0.091,0.092,0.089,0.089,0.095,0.092,0.092,0.09,0.092,0.091
,4:54:16,38,0.094,0.091,0.09,0.09,0.092,0.091,0.089,0.092,0.093,0.091,0.091,0.092,0.094,0.163,0.123,0.142,0.17,0.098,0.113,0.14,0.096,0.115,0.084,0.093,0.092,0.133,0.166,0.103,0.147,0.103,0.143,0.134,0.09,0.107,0.095,0.095,0.092,0.135,0.182,0.165,0.126,0.166,0.121,0.223,0.095,0.099,0.119,0.093,0.092,0.853,0.895,0.926,0.886,0.819,0.649,0.449,0.956,0.527,0.092,0.094,0.091,0.742,0.842,0.447,0.745,0.799,0.816,0.811,0.675,0.868,0.651,0.092,0.092,0.822,0.674,0.374,0.867,0.827,0.859,0.903,0.946,0.914,0.808,0.092,0.09,0.09,0.091,0.092,0.089,0.089,0.095,0.092,0.092,0.09,0.092,0.091
,4:59:16,38,0.093,0.091,0.09,0.09,0.092,0.091,0.089,0.091,0.093,0.09,0.091,0.092,0.094,0.164,0.123,0.145,0.172,0.097,0.114,0.142,0.096,0.116,0.084,0.093,0.092,0.135,0.165,0.103,0.149,0.104,0.144,0.137,0.09,0.108,0.095,0.095,0.092,0.135,0.183,0.167,0.127,0.173,0.122,0.226,0.095,0.099,0.121,0.093,0.092,0.865,0.906,0.936,0.897,0.833,0.652,0.477,0.966,0.539,0.092,0.094,0.091,0.749,0.854,0.46,0.757,0.81,0.828,0.824,0.687,0.881,0.669,0.092,0.092,0.83,0.679,0.4,0.879,0.84,0.871,0.913,0.957,0.926,0.824,0.092,0.09,0.09,0.091,0.092,0.089,0.089,0.095,0.092,0.092,0.09,0.092,0.091
,5:04:16,38,0.095,0.091,0.09,0.09,0.092,0.091,0.089,0.091,0.092,0.09,0.09,0.092,0.093,0.167,0.125,0.146,0.175,0.096,0.114,0.143,0.096,0.116,0.083,0.092,0.092,0.135,0.165,0.103,0.152,0.104,0.147,0.138,0.09,0.109,0.095,0.094,0.092,0.136,0.186,0.169,0.128,0.173,0.123,0.23,0.095,0.099,0.121,0.093,0.091,0.876,0.916,0.945,0.908,0.846,0.655,0.497,0.975,0.551,0.092,0.094,0.091,0.759,0.865,0.475,0.77,0.819,0.84,0.837,0.701,0.894,0.687,0.092,0.092,0.836,0.686,0.435,0.89,0.853,0.882,0.925,0.969,0.938,0.838,0.092,0.09,0.09,0.091,0.092,0.089,0.089,0.095,0.092,0.092,0.09,0.092,0.091
,5:09:16,38,0.093,0.091,0.09,0.09,0.092,0.091,0.09,0.091,0.092,0.09,0.091,0.092,0.093,0.168,0.129,0.147,0.176,0.1,0.115,0.146,0.096,0.117,0.083,0.092,0.092,0.137,0.168,0.103,0.153,0.106,0.147,0.14,0.09,0.11,0.097,0.094,0.092,0.138,0.188,0.171,0.128,0.178,0.123,0.233,0.096,0.1,0.123,0.093,0.091,0.887,0.925,0.955,0.92,0.86,0.657,0.521,0.984,0.562,0.092,0.094,0.091,0.765,0.877,0.492,0.783,0.829,0.853,0.849,0.718,0.908,0.706,0.092,0.092,0.844,0.691,0.46,0.902,0.865,0.893,0.935,0.98,0.95,0.852,0.092,0.09,0.09,0.091,0.092,0.089,0.089,0.095,0.092,0.092,0.09,0.092,0.091
,5:14:16,38,0.093,0.091,0.09,0.09,0.092,0.091,0.089,0.091,0.092,0.09,0.09,0.092,0.093,0.17,0.131,0.149,0.178,0.098,0.116,0.147,0.096,0.118,0.083,0.092,0.092,0.138,0.173,0.103,0.154,0.106,0.148,0.141,0.089,0.111,0.096,0.094,0.092,0.139,0.19,0.173,0.13,0.181,0.125,0.237,0.096,0.099,0.124,0.093,0.091,0.899,0.936,0.964,0.931,0.874,0.661,0.544,0.993,0.575,0.092,0.094,0.091,0.774,0.889,0.509,0.796,0.84,0.866,0.861,0.732,0.921,0.725,0.092,0.092,0.85,0.697,0.477,0.912,0.878,0.905,0.947,0.99,0.961,0.866,0.092,0.09,0.09,0.091,0.092,0.089,0.089,0.095,0.092,0.091,0.09,0.092,0.091
,5:19:16,38,0.094,0.091,0.09,0.09,0.092,0.091,0.089,0.091,0.093,0.09,0.09,0.092,0.094,0.173,0.131,0.151,0.182,0.098,0.117,0.15,0.096,0.119,0.083,0.093,0.092,0.138,0.174,0.104,0.155,0.107,0.153,0.144,0.09,0.113,0.095,0.095,0.092,0.14,0.192,0.174,0.131,0.185,0.127,0.24,0.097,0.099,0.126,0.093,0.092,0.908,0.943,0.972,0.94,0.886,0.664,0.562,1.002,0.588,0.092,0.094,0.091,0.782,0.899,0.528,0.808,0.849,0.878,0.874,0.743,0.933,0.744,0.092,0.092,0.855,0.702,0.499,0.923,0.889,0.915,0.957,1,0.971,0.879,0.092,0.09,0.09,0.091,0.092,0.089,0.089,0.095,0.092,0.092,0.09,0.092,0.091
,5:24:16,38,0.093,0.091,0.09,0.09,0.092,0.091,0.09,0.091,0.093,0.09,0.09,0.092,0.094,0.174,0.133,0.153,0.183,0.101,0.117,0.152,0.097,0.12,0.084,0.093,0.092,0.139,0.173,0.104,0.152,0.109,0.153,0.145,0.09,0.114,0.097,0.095,0.092,0.143,0.194,0.176,0.133,0.189,0.127,0.244,0.097,0.1,0.128,0.093,0.092,0.918,0.952,0.98,0.95,0.899,0.669,0.58,1.012,0.6,0.092,0.094,0.091,0.789,0.91,0.546,0.82,0.858,0.891,0.885,0.765,0.946,0.764,0.092,0.092,0.863,0.705,0.521,0.933,0.901,0.925,0.967,1.01,0.983,0.892,0.092,0.09,0.09,0.091,0.092,0.089,0.089,0.096,0.092,0.092,0.09,0.092,0.091
,5:29:16,38,0.093,0.091,0.09,0.09,0.091,0.091,0.089,0.091,0.092,0.09,0.09,0.092,0.093,0.176,0.134,0.154,0.185,0.1,0.118,0.154,0.097,0.121,0.083,0.092,0.092,0.14,0.175,0.104,0.159,0.11,0.155,0.146,0.09,0.115,0.096,0.094,0.092,0.144,0.195,0.177,0.134,0.192,0.13,0.246,0.097,0.1,0.128,0.093,0.091,0.927,0.961,0.988,0.959,0.911,0.672,0.6,1.02,0.612,0.091,0.093,0.091,0.796,0.921,0.561,0.831,0.867,0.903,0.897,0.778,0.957,0.781,0.092,0.092,0.868,0.712,0.54,0.943,0.912,0.935,0.98,1.019,0.994,0.904,0.091,0.09,0.09,0.091,0.092,0.089,0.089,0.095,0.092,0.092,0.09,0.092,0.091
,5:34:16,38,0.093,0.091,0.09,0.09,0.092,0.091,0.089,0.091,0.092,0.09,0.09,0.092,0.093,0.177,0.138,0.156,0.187,0.101,0.119,0.156,0.097,0.122,0.083,0.092,0.092,0.14,0.177,0.104,0.162,0.111,0.157,0.148,0.09,0.117,0.095,0.094,0.092,0.145,0.197,0.179,0.132,0.197,0.133,0.249,0.098,0.1,0.13,0.093,0.091,0.936,0.97,0.996,0.967,0.923,0.675,0.615,1.03,0.625,0.092,0.094,0.091,0.805,0.93,0.575,0.844,0.874,0.914,0.908,0.792,0.968,0.798,0.092,0.092,0.874,0.714,0.557,0.952,0.924,0.945,0.99,1.028,1.005,0.916,0.092,0.09,0.09,0.091,0.092,0.089,0.089,0.095,0.092,0.092,0.09,0.092,0.091
,5:39:16,38,0.093,0.091,0.09,0.09,0.092,0.091,0.089,0.091,0.092,0.09,0.09,0.092,0.093,0.18,0.135,0.157,0.188,0.103,0.12,0.158,0.098,0.122,0.083,0.093,0.092,0.142,0.186,0.104,0.164,0.112,0.162,0.15,0.089,0.118,0.097,0.094,0.092,0.147,0.199,0.181,0.137,0.203,0.133,0.253,0.098,0.101,0.132,0.093,0.091,0.945,0.979,1.004,0.974,0.935,0.678,0.63,1.039,0.638,0.092,0.094,0.091,0.812,0.939,0.588,0.854,0.882,0.924,0.919,0.806,0.978,0.814,0.092,0.092,0.878,0.72,0.573,0.961,0.934,0.955,0.999,1.035,1.016,0.928,0.091,0.09,0.09,0.091,0.092,0.089,0.089,0.095,0.092,0.092,0.09,0.092,0.091
,5:44:16,38,0.093,0.091,0.09,0.09,0.092,0.091,0.089,0.091,0.092,0.09,0.091,0.092,0.094,0.182,0.139,0.159,0.191,0.104,0.121,0.16,0.098,0.124,0.083,0.093,0.092,0.143,0.186,0.104,0.162,0.114,0.163,0.152,0.091,0.119,0.098,0.095,0.092,0.15,0.201,0.183,0.139,0.207,0.136,0.256,0.099,0.103,0.133,0.093,0.092,0.954,0.989,1.013,0.982,0.947,0.682,0.644,1.049,0.65,0.092,0.094,0.091,0.817,0.948,0.602,0.864,0.89,0.936,0.93,0.816,0.988,0.83,0.092,0.092,0.883,0.725,0.588,0.971,0.945,0.966,1.01,1.043,1.026,0.941,0.092,0.09,0.09,0.091,0.092,0.089,0.089,0.095,0.092,0.092,0.09,0.092,0.091
,5:49:16,38,0.093,0.091,0.09,0.09,0.092,0.091,0.09,0.091,0.093,0.09,0.091,0.092,0.094,0.183,0.139,0.161,0.193,0.104,0.123,0.162,0.099,0.125,0.084,0.093,0.092,0.144,0.187,0.105,0.165,0.118,0.165,0.154,0.09,0.121,0.097,0.095,0.092,0.15,0.202,0.184,0.142,0.21,0.138,0.259,0.1,0.102,0.134,0.093,0.092,0.964,0.999,1.021,0.989,0.958,0.684,0.659,1.058,0.663,0.092,0.094,0.091,0.826,0.957,0.615,0.875,0.897,0.946,0.941,0.831,0.996,0.846,0.092,0.092,0.888,0.728,0.603,0.98,0.955,0.976,1.019,1.051,1.037,0.953,0.092,0.09,0.091,0.091,0.092,0.089,0.089,0.095,0.092,0.092,0.09,0.092,0.091
,5:54:16,38,0.093,0.091,0.09,0.09,0.092,0.091,0.089,0.091,0.093,0.09,0.09,0.092,0.093,0.187,0.143,0.163,0.194,0.107,0.124,0.164,0.099,0.126,0.083,0.093,0.092,0.146,0.189,0.104,0.17,0.119,0.168,0.155,0.092,0.122,0.098,0.094,0.092,0.153,0.203,0.186,0.143,0.214,0.139,0.262,0.1,0.103,0.135,0.093,0.092,0.973,1.008,1.031,0.999,0.968,0.688,0.673,1.068,0.675,0.092,0.094,0.091,0.834,0.965,0.63,0.886,0.903,0.957,0.95,0.844,1.005,0.861,0.092,0.092,0.894,0.734,0.617,0.988,0.966,0.986,1.029,1.059,1.046,0.964,0.092,0.09,0.09,0.091,0.092,0.089,0.089,0.095,0.092,0.092,0.09,0.092,0.091
,5:59:16,38,0.093,0.09,0.09,0.09,0.092,0.091,0.089,0.091,0.092,0.09,0.09,0.092,0.093,0.187,0.145,0.164,0.196,0.106,0.125,0.166,0.1,0.127,0.083,0.092,0.092,0.146,0.191,0.105,0.168,0.12,0.166,0.157,0.09,0.124,0.098,0.094,0.092,0.153,0.204,0.187,0.144,0.218,0.141,0.264,0.101,0.104,0.137,0.093,0.092,0.98,1.016,1.039,1.007,0.978,0.69,0.689,1.076,0.687,0.092,0.093,0.091,0.84,0.973,0.642,0.897,0.912,0.965,0.959,0.857,1.013,0.875,0.092,0.092,0.9,0.739,0.63,0.995,0.976,0.996,1.038,1.066,1.055,0.975,0.091,0.09,0.09,0.091,0.092,0.089,0.089,0.095,0.092,0.092,0.09,0.092,0.091
,6:04:16,38,0.093,0.09,0.09,0.09,0.092,0.091,0.089,0.091,0.092,0.09,0.091,0.092,0.093,0.189,0.147,0.167,0.197,0.108,0.126,0.168,0.1,0.128,0.083,0.093,0.092,0.147,0.195,0.105,0.173,0.122,0.168,0.159,0.09,0.126,0.099,0.094,0.092,0.155,0.207,0.189,0.145,0.223,0.143,0.268,0.102,0.105,0.138,0.093,0.091,0.987,1.024,1.045,1.015,0.988,0.692,0.704,1.085,0.699,0.092,0.094,0.091,0.847,0.98,0.654,0.908,0.921,0.974,0.968,0.87,1.022,0.889,0.092,0.092,0.905,0.741,0.643,1.002,0.985,1.004,1.046,1.074,1.064,0.987,0.092,0.09,0.09,0.091,0.092,0.089,0.089,0.095,0.092,0.092,0.09,0.092,0.091
,6:09:16,38,0.093,0.093,0.09,0.09,0.092,0.091,0.09,0.091,0.093,0.09,0.09,0.092,0.094,0.188,0.152,0.168,0.199,0.11,0.127,0.17,0.101,0.129,0.084,0.093,0.092,0.147,0.2,0.105,0.173,0.126,0.165,0.161,0.09,0.127,0.1,0.095,0.092,0.158,0.208,0.191,0.149,0.227,0.145,0.271,0.103,0.106,0.139,0.093,0.092,0.997,1.033,1.053,1.025,0.999,0.697,0.719,1.093,0.712,0.092,0.094,0.091,0.851,0.99,0.667,0.918,0.93,0.984,0.979,0.88,1.03,0.902,0.092,0.092,0.912,0.745,0.655,1.009,0.994,1.012,1.054,1.082,1.071,0.998,0.092,0.09,0.09,0.091,0.092,0.089,0.089,0.095,0.092,0.092,0.091,0.092,0.091
,6:14:16,38,0.093,0.091,0.09,0.09,0.092,0.091,0.089,0.091,0.092,0.09,0.091,0.092,0.093,0.191,0.148,0.17,0.201,0.11,0.128,0.172,0.101,0.131,0.083,0.092,0.092,0.15,0.205,0.105,0.175,0.125,0.174,0.162,0.09,0.128,0.1,0.094,0.092,0.16,0.209,0.192,0.149,0.234,0.147,0.274,0.103,0.106,0.141,0.093,0.092,1.004,1.04,1.058,1.034,1.008,0.7,0.732,1.101,0.723,0.092,0.094,0.091,0.857,0.996,0.677,0.926,0.937,0.992,0.989,0.889,1.037,0.915,0.092,0.092,0.916,0.748,0.668,1.014,1.003,1.02,1.062,1.089,1.078,1.008,0.091,0.09,0.091,0.091,0.092,0.089,0.089,0.095,0.092,0.092,0.09,0.092,0.091
,6:19:16,37.9,0.093,0.091,0.09,0.09,0.091,0.091,0.089,0.091,0.092,0.09,0.09,0.092,0.093,0.196,0.15,0.171,0.202,0.111,0.129,0.175,0.101,0.132,0.083,0.092,0.092,0.15,0.204,0.106,0.175,0.134,0.173,0.163,0.09,0.131,0.101,0.094,0.092,0.161,0.211,0.194,0.152,0.236,0.148,0.276,0.104,0.107,0.142,0.093,0.092,1.011,1.047,1.064,1.042,1.018,0.705,0.746,1.108,0.736,0.092,0.093,0.091,0.862,1.003,0.689,0.935,0.945,1.001,1,0.904,1.045,0.927,0.092,0.092,0.922,0.75,0.68,1.02,1.012,1.028,1.071,1.097,1.085,1.018,0.091,0.09,0.09,0.091,0.092,0.089,0.089,0.095,0.092,0.092,0.09,0.092,0.091
,6:24:16,38,0.093,0.091,0.09,0.09,0.092,0.091,0.089,0.091,0.092,0.09,0.091,0.092,0.094,0.198,0.153,0.172,0.203,0.114,0.13,0.177,0.102,0.133,0.083,0.093,0.092,0.152,0.204,0.106,0.173,0.133,0.173,0.164,0.09,0.132,0.102,0.094,0.092,0.162,0.213,0.192,0.154,0.24,0.15,0.28,0.105,0.108,0.145,0.093,0.092,1.018,1.053,1.068,1.05,1.027,0.708,0.759,1.115,0.748,0.092,0.094,0.091,0.867,1.01,0.701,0.945,0.952,1.008,1.01,0.915,1.052,0.94,0.092,0.092,0.928,0.754,0.693,1.026,1.02,1.036,1.078,1.104,1.092,1.027,0.091,0.09,0.09,0.091,0.092,0.089,0.089,0.095,0.092,0.092,0.09,0.092,0.091
,6:29:16,38,0.093,0.091,0.09,0.09,0.092,0.091,0.089,0.091,0.092,0.09,0.091,0.092,0.094,0.2,0.159,0.174,0.205,0.113,0.132,0.18,0.102,0.135,0.084,0.093,0.092,0.153,0.208,0.106,0.168,0.133,0.173,0.166,0.09,0.134,0.101,0.094,0.092,0.164,0.214,0.188,0.157,0.244,0.151,0.282,0.106,0.107,0.146,0.093,0.092,1.025,1.06,1.073,1.058,1.036,0.711,0.773,1.12,0.759,0.092,0.094,0.091,0.872,1.017,0.709,0.955,0.957,1.016,1.019,0.922,1.059,0.951,0.092,0.092,0.932,0.757,0.706,1.032,1.029,1.044,1.087,1.112,1.099,1.038,0.092,0.09,0.091,0.091,0.092,0.089,0.089,0.095,0.092,0.092,0.09,0.092,0.091
,6:34:16,38,0.093,0.09,0.09,0.09,0.092,0.091,0.089,0.091,0.092,0.09,0.09,0.092,0.093,0.202,0.162,0.176,0.206,0.115,0.133,0.182,0.103,0.136,0.083,0.092,0.092,0.155,0.209,0.106,0.17,0.132,0.174,0.168,0.09,0.135,0.101,0.094,0.092,0.166,0.215,0.188,0.16,0.249,0.153,0.286,0.106,0.111,0.147,0.093,0.091,1.033,1.066,1.079,1.066,1.046,0.716,0.788,1.127,0.771,0.092,0.094,0.091,0.877,1.024,0.72,0.965,0.964,1.023,1.029,0.93,1.066,0.963,0.092,0.092,0.938,0.762,0.717,1.039,1.038,1.051,1.094,1.119,1.106,1.047,0.092,0.09,0.09,0.091,0.092,0.089,0.089,0.095,0.092,0.092,0.09,0.092,0.091
,6:39:16,38.1,0.093,0.091,0.09,0.09,0.092,0.091,0.09,0.091,0.093,0.09,0.091,0.092,0.094,0.203,0.163,0.177,0.208,0.117,0.135,0.184,0.104,0.137,0.084,0.093,0.092,0.155,0.217,0.107,0.175,0.147,0.173,0.169,0.091,0.138,0.101,0.095,0.092,0.167,0.217,0.189,0.16,0.254,0.154,0.289,0.108,0.115,0.149,0.093,0.092,1.04,1.072,1.082,1.075,1.054,0.718,0.801,1.133,0.783,0.092,0.094,0.091,0.88,1.031,0.731,0.978,0.971,1.03,1.038,0.947,1.073,0.974,0.092,0.092,0.944,0.768,0.73,1.046,1.047,1.058,1.101,1.126,1.113,1.056,0.092,0.09,0.091,0.091,0.092,0.089,0.089,0.095,0.092,0.092,0.09,0.092,0.091
,6:44:16,38.1,0.093,0.091,0.09,0.09,0.092,0.091,0.089,0.091,0.092,0.09,0.09,0.092,0.093,0.204,0.162,0.178,0.209,0.119,0.136,0.186,0.104,0.139,0.084,0.093,0.092,0.155,0.219,0.107,0.172,0.15,0.175,0.171,0.091,0.139,0.102,0.094,0.092,0.169,0.218,0.19,0.162,0.258,0.156,0.292,0.109,0.114,0.149,0.093,0.092,1.047,1.077,1.085,1.082,1.063,0.721,0.814,1.139,0.794,0.092,0.094,0.091,0.886,1.038,0.739,0.985,0.976,1.038,1.046,0.95,1.081,0.984,0.092,0.092,0.945,0.77,0.742,1.053,1.055,1.065,1.109,1.132,1.119,1.064,0.092,0.09,0.09,0.091,0.092,0.089,0.089,0.095,0.092,0.092,0.09,0.092,0.091
,6:49:16,38,0.093,0.09,0.09,0.09,0.091,0.091,0.089,0.091,0.092,0.09,0.09,0.092,0.093,0.206,0.167,0.18,0.21,0.119,0.137,0.188,0.105,0.14,0.083,0.092,0.092,0.157,0.218,0.107,0.174,0.138,0.176,0.171,0.09,0.14,0.102,0.094,0.092,0.17,0.219,0.191,0.163,0.262,0.157,0.295,0.11,0.116,0.15,0.093,0.091,1.055,1.084,1.09,1.091,1.071,0.722,0.827,1.143,0.805,0.092,0.094,0.091,0.888,1.045,0.748,0.994,0.981,1.046,1.055,0.958,1.087,0.996,0.092,0.092,0.951,0.775,0.755,1.061,1.063,1.074,1.117,1.138,1.126,1.072,0.091,0.09,0.09,0.091,0.092,0.089,0.089,0.096,0.092,0.092,0.09,0.092,0.091
,6:54:16,38,0.093,0.091,0.09,0.09,0.092,0.091,0.09,0.091,0.093,0.09,0.091,0.092,0.094,0.21,0.167,0.181,0.212,0.12,0.138,0.191,0.107,0.14,0.084,0.093,0.092,0.157,0.222,0.107,0.178,0.147,0.178,0.174,0.09,0.142,0.103,0.094,0.092,0.171,0.221,0.193,0.165,0.267,0.159,0.299,0.111,0.112,0.154,0.093,0.092,1.061,1.09,1.093,1.1,1.079,0.724,0.839,1.15,0.818,0.092,0.094,0.091,0.891,1.05,0.756,1.004,0.988,1.054,1.062,0.965,1.093,1.008,0.092,0.092,0.954,0.779,0.768,1.069,1.07,1.08,1.123,1.144,1.132,1.081,0.092,0.09,0.091,0.091,0.092,0.089,0.089,0.096,0.092,0.092,0.09,0.092,0.091
,6:59:16,38,0.093,0.091,0.09,0.09,0.092,0.091,0.089,0.091,0.093,0.09,0.09,0.092,0.093,0.21,0.169,0.182,0.213,0.122,0.139,0.192,0.106,0.142,0.083,0.093,0.092,0.159,0.22,0.107,0.18,0.15,0.18,0.175,0.09,0.143,0.104,0.094,0.092,0.173,0.222,0.194,0.167,0.271,0.161,0.302,0.112,0.113,0.154,0.093,0.092,1.067,1.095,1.095,1.11,1.085,0.725,0.851,1.156,0.829,0.092,0.094,0.091,0.898,1.055,0.762,1.015,0.992,1.061,1.069,0.972,1.098,1.019,0.092,0.092,0.957,0.781,0.779,1.075,1.076,1.087,1.13,1.15,1.138,1.09,0.091,0.09,0.09,0.091,0.092,0.089,0.089,0.095,0.092,0.092,0.09,0.092,0.091
,7:04:16,38,0.093,0.091,0.09,0.09,0.092,0.091,0.089,0.091,0.093,0.09,0.09,0.092,0.094,0.213,0.167,0.183,0.214,0.122,0.141,0.195,0.107,0.144,0.084,0.092,0.092,0.16,0.225,0.108,0.181,0.152,0.181,0.175,0.092,0.145,0.104,0.094,0.092,0.174,0.223,0.196,0.168,0.276,0.162,0.305,0.114,0.113,0.155,0.093,0.091,1.072,1.099,1.098,1.116,1.091,0.727,0.863,1.162,0.84,0.092,0.094,0.091,0.902,1.06,0.77,1.025,0.998,1.068,1.076,0.98,1.103,1.03,0.092,0.092,0.96,0.787,0.791,1.082,1.082,1.094,1.136,1.154,1.143,1.098,0.091,0.09,0.09,0.091,0.092,0.089,0.089,0.095,0.092,0.092,0.09,0.092,0.091
,7:09:16,38,0.093,0.091,0.09,0.09,0.091,0.091,0.089,0.091,0.092,0.09,0.091,0.092,0.094,0.214,0.179,0.184,0.215,0.124,0.142,0.197,0.109,0.144,0.083,0.092,0.092,0.161,0.228,0.108,0.182,0.155,0.181,0.177,0.09,0.147,0.104,0.094,0.092,0.176,0.224,0.197,0.171,0.28,0.164,0.308,0.115,0.117,0.157,0.093,0.092,1.079,1.103,1.102,1.124,1.097,0.731,0.876,1.166,0.851,0.092,0.094,0.091,0.906,1.066,0.778,1.035,1.003,1.075,1.084,0.994,1.108,1.041,0.092,0.092,0.965,0.79,0.804,1.089,1.088,1.102,1.145,1.161,1.149,1.106,0.092,0.09,0.091,0.091,0.092,0.089,0.089,0.095,0.092,0.092,0.09,0.092,0.091
,7:14:16,38,0.093,0.091,0.09,0.09,0.092,0.091,0.089,0.091,0.093,0.09,0.09,0.092,0.093,0.217,0.172,0.185,0.217,0.126,0.144,0.198,0.109,0.146,0.083,0.093,0.092,0.163,0.229,0.109,0.182,0.153,0.183,0.178,0.09,0.149,0.105,0.094,0.092,0.177,0.225,0.198,0.17,0.284,0.165,0.311,0.117,0.12,0.158,0.093,0.092,1.083,1.106,1.104,1.128,1.104,0.732,0.887,1.171,0.863,0.092,0.094,0.091,0.91,1.069,0.785,1.045,1.009,1.081,1.09,0.998,1.113,1.052,0.092,0.092,0.968,0.795,0.814,1.095,1.093,1.111,1.152,1.165,1.157,1.113,0.092,0.09,0.09,0.091,0.092,0.089,0.089,0.095,0.092,0.092,0.09,0.092,0.091
,7:19:16,38,0.093,0.091,0.09,0.09,0.092,0.091,0.089,0.091,0.092,0.09,0.09,0.092,0.093,0.218,0.18,0.187,0.217,0.128,0.145,0.2,0.111,0.147,0.083,0.092,0.092,0.164,0.231,0.109,0.183,0.153,0.184,0.18,0.091,0.149,0.105,0.094,0.092,0.178,0.227,0.203,0.173,0.288,0.167,0.314,0.118,0.12,0.16,0.093,0.092,1.088,1.109,1.106,1.133,1.109,0.735,0.898,1.175,0.873,0.092,0.094,0.091,0.914,1.073,0.79,1.053,1.013,1.088,1.096,1.004,1.117,1.062,0.092,0.092,0.969,0.797,0.825,1.101,1.098,1.118,1.16,1.17,1.161,1.12,0.091,0.09,0.09,0.091,0.092,0.089,0.089,0.095,0.092,0.092,0.09,0.092,0.091
,7:24:16,37.9,0.093,0.091,0.09,0.09,0.092,0.091,0.09,0.091,0.093,0.09,0.091,0.092,0.094,0.219,0.178,0.188,0.219,0.132,0.147,0.202,0.111,0.149,0.084,0.093,0.092,0.166,0.234,0.109,0.185,0.163,0.186,0.181,0.091,0.152,0.107,0.095,0.092,0.18,0.229,0.204,0.174,0.293,0.168,0.318,0.119,0.122,0.162,0.093,0.092,1.093,1.113,1.109,1.139,1.115,0.737,0.91,1.179,0.885,0.092,0.094,0.092,0.918,1.077,0.796,1.062,1.018,1.094,1.104,1.01,1.122,1.073,0.092,0.092,0.973,0.8,0.837,1.107,1.104,1.125,1.168,1.175,1.167,1.129,0.092,0.09,0.091,0.091,0.092,0.089,0.09,0.096,0.092,0.092,0.091,0.092,0.091
,7:29:16,38,0.093,0.09,0.09,0.09,0.092,0.091,0.089,0.091,0.092,0.09,0.09,0.092,0.094,0.224,0.177,0.189,0.22,0.13,0.148,0.203,0.112,0.15,0.083,0.092,0.092,0.167,0.234,0.11,0.187,0.161,0.187,0.181,0.091,0.154,0.107,0.094,0.092,0.181,0.23,0.208,0.178,0.297,0.169,0.32,0.121,0.123,0.163,0.093,0.092,1.097,1.116,1.111,1.142,1.121,0.74,0.921,1.182,0.896,0.092,0.094,0.091,0.919,1.082,0.804,1.07,1.025,1.099,1.11,1.024,1.126,1.083,0.092,0.092,0.977,0.803,0.848,1.113,1.109,1.13,1.175,1.179,1.171,1.135,0.091,0.09,0.09,0.091,0.092,0.089,0.089,0.095,0.092,0.092,0.09,0.092,0.091
,7:34:16,38,0.093,0.091,0.09,0.09,0.092,0.091,0.089,0.091,0.093,0.09,0.091,0.092,0.094,0.227,0.181,0.19,0.221,0.132,0.149,0.205,0.114,0.151,0.084,0.093,0.092,0.168,0.235,0.11,0.189,0.16,0.189,0.184,0.091,0.155,0.108,0.095,0.092,0.183,0.231,0.206,0.18,0.301,0.171,0.323,0.121,0.123,0.165,0.093,0.092,1.101,1.118,1.113,1.146,1.126,0.741,0.932,1.185,0.906,0.092,0.094,0.092,0.922,1.086,0.81,1.077,1.03,1.103,1.115,1.03,1.131,1.092,0.092,0.092,0.978,0.805,0.859,1.118,1.113,1.136,1.181,1.182,1.175,1.142,0.092,0.09,0.091,0.091,0.092,0.09,0.089,0.095,0.092,0.092,0.091,0.092,0.091
,7:39:16,38,0.093,0.091,0.09,0.09,0.092,0.091,0.09,0.091,0.093,0.09,0.091,0.092,0.094,0.224,0.181,0.192,0.222,0.132,0.151,0.207,0.114,0.153,0.084,0.093,0.092,0.169,0.237,0.11,0.191,0.157,0.19,0.185,0.091,0.156,0.107,0.095,0.092,0.184,0.232,0.205,0.182,0.306,0.172,0.327,0.125,0.126,0.167,0.093,0.092,1.107,1.122,1.116,1.15,1.131,0.744,0.943,1.188,0.918,0.092,0.094,0.091,0.923,1.09,0.816,1.083,1.034,1.108,1.122,1.035,1.135,1.102,0.092,0.092,0.98,0.811,0.87,1.123,1.118,1.14,1.186,1.187,1.178,1.149,0.092,0.09,0.091,0.091,0.092,0.089,0.089,0.096,0.092,0.092,0.091,0.092,0.091
,7:44:16,38,0.093,0.091,0.09,0.09,0.091,0.091,0.089,0.091,0.092,0.09,0.09,0.092,0.093,0.223,0.185,0.193,0.223,0.135,0.153,0.208,0.117,0.154,0.083,0.092,0.092,0.17,0.237,0.111,0.192,0.16,0.191,0.184,0.09,0.158,0.108,0.094,0.092,0.185,0.233,0.206,0.184,0.31,0.174,0.329,0.125,0.128,0.168,0.093,0.092,1.11,1.125,1.118,1.155,1.134,0.746,0.953,1.191,0.928,0.092,0.094,0.091,0.926,1.094,0.825,1.091,1.042,1.112,1.128,1.048,1.139,1.11,0.092,0.092,0.983,0.81,0.881,1.129,1.123,1.145,1.191,1.192,1.182,1.155,0.091,0.09,0.09,0.091,0.092,0.089,0.089,0.095,0.092,0.092,0.09,0.092,0.091
,7:49:16,38,0.093,0.091,0.09,0.09,0.092,0.091,0.089,0.091,0.093,0.09,0.091,0.092,0.094,0.227,0.184,0.194,0.224,0.137,0.154,0.21,0.117,0.155,0.083,0.093,0.092,0.171,0.238,0.112,0.194,0.165,0.193,0.187,0.091,0.159,0.109,0.094,0.092,0.186,0.235,0.209,0.186,0.315,0.175,0.332,0.128,0.125,0.17,0.093,0.092,1.114,1.127,1.12,1.157,1.137,0.746,0.963,1.194,0.939,0.092,0.094,0.091,0.927,1.098,0.83,1.098,1.048,1.116,1.133,1.049,1.144,1.119,0.092,0.092,0.985,0.815,0.89,1.133,1.127,1.148,1.196,1.196,1.185,1.162,0.092,0.09,0.091,0.091,0.092,0.089,0.089,0.095,0.092,0.092,0.09,0.092,0.091
,7:54:16,38,0.093,0.091,0.09,0.09,0.092,0.091,0.09,0.091,0.092,0.09,0.09,0.092,0.093,0.226,0.188,0.195,0.226,0.138,0.156,0.211,0.119,0.156,0.083,0.093,0.092,0.173,0.24,0.112,0.193,0.157,0.194,0.187,0.091,0.16,0.107,0.094,0.092,0.187,0.236,0.209,0.188,0.32,0.176,0.335,0.13,0.127,0.172,0.093,0.092,1.12,1.129,1.123,1.162,1.141,0.75,0.971,1.198,0.95,0.092,0.094,0.091,0.927,1.103,0.836,1.104,1.053,1.12,1.138,1.055,1.147,1.127,0.092,0.092,0.987,0.818,0.9,1.138,1.132,1.152,1.201,1.202,1.188,1.169,0.092,0.09,0.09,0.091,0.092,0.089,0.089,0.095,0.092,0.092,0.09,0.092,0.091
,7:59:16,38,0.093,0.091,0.09,0.09,0.092,0.091,0.089,0.091,0.093,0.09,0.09,0.092,0.093,0.229,0.189,0.196,0.226,0.14,0.157,0.213,0.119,0.158,0.083,0.093,0.092,0.174,0.24,0.113,0.196,0.163,0.195,0.189,0.091,0.163,0.109,0.094,0.092,0.188,0.237,0.216,0.188,0.324,0.177,0.337,0.132,0.131,0.173,0.093,0.092,1.125,1.131,1.124,1.164,1.143,0.752,0.98,1.201,0.96,0.092,0.094,0.091,0.928,1.107,0.843,1.109,1.058,1.123,1.144,1.066,1.15,1.133,0.092,0.092,0.989,0.82,0.91,1.144,1.136,1.155,1.205,1.205,1.191,1.175,0.092,0.09,0.091,0.091,0.092,0.089,0.089,0.095,0.092,0.092,0.09,0.092,0.091
,8:04:16,38.1,0.093,0.091,0.09,0.09,0.092,0.091,0.089,0.091,0.092,0.09,0.091,0.092,0.093,0.231,0.19,0.197,0.227,0.141,0.158,0.214,0.121,0.16,0.083,0.092,0.092,0.176,0.242,0.113,0.197,0.163,0.197,0.191,0.091,0.163,0.111,0.094,0.092,0.189,0.238,0.211,0.189,0.329,0.179,0.34,0.134,0.135,0.175,0.093,0.092,1.129,1.133,1.126,1.167,1.146,0.754,0.988,1.203,0.97,0.092,0.094,0.091,0.928,1.111,0.846,1.114,1.06,1.126,1.148,1.066,1.153,1.141,0.092,0.092,0.99,0.821,0.918,1.149,1.14,1.158,1.209,1.209,1.194,1.181,0.092,0.09,0.09,0.091,0.092,0.089,0.089,0.095,0.092,0.092,0.09,0.092,0.091
,8:09:16,38,0.093,0.091,0.09,0.09,0.092,0.091,0.089,0.091,0.093,0.09,0.091,0.092,0.094,0.23,0.191,0.198,0.229,0.143,0.16,0.215,0.123,0.161,0.083,0.093,0.092,0.175,0.244,0.114,0.199,0.173,0.198,0.192,0.091,0.165,0.11,0.094,0.092,0.19,0.239,0.214,0.192,0.334,0.18,0.343,0.135,0.134,0.176,0.093,0.092,1.134,1.137,1.13,1.171,1.149,0.758,0.997,1.206,0.978,0.092,0.094,0.091,0.931,1.115,0.853,1.121,1.064,1.13,1.154,1.071,1.156,1.148,0.092,0.092,0.994,0.824,0.927,1.153,1.145,1.162,1.214,1.212,1.197,1.186,0.092,0.09,0.09,0.091,0.092,0.089,0.089,0.096,0.092,0.092,0.09,0.092,0.091
,8:14:16,38,0.093,0.091,0.09,0.09,0.091,0.091,0.089,0.091,0.093,0.09,0.09,0.092,0.093,0.234,0.192,0.199,0.229,0.143,0.161,0.217,0.122,0.163,0.084,0.092,0.092,0.177,0.244,0.114,0.201,0.164,0.199,0.191,0.091,0.165,0.113,0.094,0.092,0.191,0.24,0.222,0.19,0.339,0.182,0.346,0.137,0.138,0.178,0.093,0.091,1.138,1.139,1.13,1.174,1.151,0.76,1.005,1.207,0.988,0.092,0.094,0.091,0.931,1.118,0.856,1.126,1.066,1.134,1.159,1.071,1.158,1.155,0.092,0.092,0.995,0.824,0.936,1.157,1.151,1.165,1.218,1.216,1.2,1.192,0.091,0.09,0.09,0.091,0.092,0.089,0.089,0.095,0.092,0.092,0.09,0.092,0.091
,8:19:16,38.1,0.093,0.091,0.09,0.09,0.092,0.091,0.089,0.091,0.093,0.09,0.09,0.092,0.094,0.235,0.195,0.2,0.23,0.145,0.162,0.219,0.124,0.164,0.083,0.093,0.092,0.179,0.246,0.115,0.202,0.167,0.2,0.193,0.091,0.168,0.113,0.095,0.092,0.192,0.242,0.215,0.196,0.344,0.183,0.349,0.14,0.139,0.18,0.093,0.092,1.142,1.141,1.133,1.177,1.153,0.764,1.014,1.21,0.998,0.092,0.094,0.091,0.933,1.121,0.863,1.133,1.069,1.137,1.163,1.08,1.16,1.161,0.092,0.092,0.998,0.826,0.945,1.16,1.156,1.168,1.222,1.219,1.203,1.195,0.092,0.09,0.091,0.091,0.092,0.089,0.089,0.096,0.092,0.092,0.09,0.092,0.091
,8:24:16,38,0.093,0.091,0.09,0.09,0.092,0.091,0.089,0.091,0.093,0.09,0.09,0.092,0.093,0.238,0.195,0.201,0.23,0.147,0.163,0.22,0.125,0.165,0.083,0.092,0.092,0.18,0.246,0.115,0.203,0.17,0.201,0.193,0.091,0.168,0.114,0.094,0.092,0.194,0.243,0.217,0.198,0.349,0.184,0.351,0.143,0.139,0.181,0.093,0.092,1.144,1.142,1.133,1.179,1.155,0.764,1.024,1.212,1.006,0.092,0.094,0.091,0.936,1.123,0.866,1.139,1.071,1.139,1.165,1.083,1.162,1.166,0.092,0.092,0.999,0.829,0.954,1.163,1.159,1.169,1.226,1.222,1.205,1.2,0.092,0.09,0.091,0.091,0.092,0.089,0.089,0.096,0.092,0.092,0.09,0.092,0.091
,8:29:16,38,0.093,0.091,0.09,0.09,0.091,0.091,0.089,0.091,0.093,0.09,0.09,0.092,0.094,0.235,0.199,0.202,0.232,0.149,0.165,0.222,0.126,0.166,0.083,0.092,0.092,0.181,0.248,0.116,0.205,0.178,0.202,0.195,0.092,0.17,0.113,0.094,0.092,0.194,0.244,0.216,0.197,0.353,0.185,0.354,0.145,0.143,0.183,0.093,0.092,1.148,1.145,1.135,1.183,1.158,0.766,1.032,1.215,1.015,0.092,0.094,0.091,0.937,1.126,0.871,1.143,1.072,1.143,1.169,1.087,1.163,1.172,0.092,0.092,1.001,0.83,0.963,1.166,1.163,1.172,1.23,1.225,1.207,1.203,0.092,0.09,0.091,0.091,0.092,0.089,0.089,0.095,0.092,0.092,0.091,0.092,0.091
,8:34:16,38,0.093,0.091,0.09,0.09,0.092,0.091,0.09,0.091,0.093,0.09,0.091,0.092,0.094,0.239,0.199,0.203,0.232,0.15,0.166,0.224,0.127,0.168,0.084,0.092,0.092,0.182,0.249,0.118,0.206,0.178,0.203,0.196,0.091,0.171,0.115,0.094,0.092,0.195,0.245,0.227,0.198,0.358,0.186,0.357,0.146,0.142,0.185,0.093,0.092,1.15,1.146,1.136,1.185,1.159,0.767,1.04,1.217,1.024,0.092,0.094,0.091,0.937,1.128,0.874,1.147,1.074,1.145,1.175,1.089,1.165,1.177,0.092,0.092,1.001,0.832,0.972,1.169,1.165,1.175,1.234,1.228,1.209,1.207,0.092,0.09,0.091,0.091,0.092,0.089,0.089,0.096,0.092,0.092,0.09,0.092,0.091
,8:39:16,38,0.093,0.091,0.09,0.09,0.092,0.091,0.089,0.091,0.093,0.09,0.091,0.092,0.093,0.238,0.21,0.204,0.233,0.152,0.167,0.226,0.129,0.169,0.083,0.092,0.092,0.184,0.25,0.119,0.207,0.18,0.204,0.197,0.091,0.173,0.115,0.094,0.092,0.196,0.246,0.218,0.199,0.364,0.187,0.36,0.148,0.146,0.186,0.093,0.092,1.154,1.149,1.139,1.189,1.162,0.769,1.048,1.219,1.032,0.092,0.094,0.092,0.939,1.131,0.88,1.15,1.075,1.149,1.179,1.096,1.167,1.182,0.092,0.092,1.005,0.834,0.981,1.172,1.169,1.177,1.238,1.232,1.211,1.21,0.092,0.09,0.091,0.091,0.092,0.089,0.089,0.096,0.092,0.092,0.09,0.092,0.091
,8:44:16,38,0.093,0.091,0.09,0.09,0.092,0.091,0.089,0.091,0.093,0.09,0.09,0.092,0.093,0.24,0.199,0.204,0.234,0.153,0.168,0.226,0.131,0.17,0.083,0.092,0.092,0.185,0.251,0.119,0.209,0.18,0.206,0.198,0.091,0.175,0.116,0.094,0.092,0.197,0.247,0.221,0.201,0.369,0.188,0.362,0.15,0.149,0.188,0.093,0.092,1.155,1.149,1.14,1.192,1.164,0.768,1.056,1.221,1.04,0.092,0.094,0.091,0.941,1.133,0.885,1.153,1.077,1.152,1.181,1.099,1.168,1.187,0.092,0.092,1.006,0.834,0.989,1.175,1.172,1.179,1.241,1.234,1.214,1.213,0.092,0.09,0.091,0.091,0.092,0.089,0.089,0.095,0.092,0.092,0.09,0.092,0.091
,8:49:16,37.9,0.093,0.091,0.09,0.09,0.092,0.091,0.09,0.091,0.092,0.09,0.091,0.092,0.093,0.244,0.2,0.205,0.235,0.154,0.169,0.228,0.13,0.171,0.083,0.093,0.092,0.187,0.251,0.12,0.209,0.177,0.207,0.199,0.091,0.174,0.116,0.094,0.092,0.198,0.249,0.226,0.202,0.374,0.19,0.364,0.151,0.149,0.189,0.093,0.092,1.157,1.151,1.14,1.194,1.165,0.768,1.063,1.222,1.048,0.092,0.094,0.091,0.942,1.135,0.886,1.155,1.078,1.156,1.185,1.101,1.169,1.192,0.092,0.092,1.006,0.835,0.996,1.178,1.174,1.18,1.244,1.236,1.215,1.217,0.092,0.09,0.09,0.091,0.092,0.089,0.089,0.095,0.092,0.092,0.091,0.092,0.091
,8:54:16,38,0.093,0.091,0.09,0.09,0.092,0.091,0.089,0.091,0.093,0.09,0.09,0.092,0.093,0.244,0.202,0.206,0.235,0.155,0.171,0.228,0.133,0.173,0.083,0.092,0.092,0.189,0.252,0.12,0.21,0.182,0.208,0.201,0.091,0.177,0.117,0.094,0.092,0.198,0.25,0.222,0.206,0.38,0.191,0.366,0.153,0.151,0.191,0.093,0.092,1.161,1.153,1.144,1.197,1.167,0.769,1.07,1.224,1.055,0.092,0.094,0.091,0.945,1.138,0.893,1.158,1.08,1.16,1.186,1.109,1.17,1.197,0.092,0.092,1.008,0.838,1.005,1.181,1.178,1.183,1.247,1.239,1.218,1.219,0.092,0.09,0.091,0.091,0.092,0.089,0.089,0.095,0.092,0.092,0.09,0.092,0.091
,8:59:16,38,0.093,0.091,0.09,0.09,0.092,0.091,0.089,0.091,0.093,0.09,0.09,0.092,0.094,0.245,0.204,0.207,0.236,0.157,0.172,0.23,0.134,0.174,0.084,0.093,0.092,0.19,0.253,0.122,0.212,0.183,0.209,0.201,0.092,0.178,0.119,0.094,0.092,0.2,0.251,0.223,0.207,0.385,0.193,0.369,0.153,0.151,0.192,0.093,0.092,1.163,1.154,1.145,1.198,1.169,0.77,1.078,1.226,1.062,0.092,0.094,0.092,0.947,1.139,0.897,1.16,1.081,1.164,1.188,1.112,1.171,1.203,0.092,0.092,1.008,0.839,1.011,1.184,1.18,1.185,1.25,1.241,1.219,1.222,0.092,0.09,0.091,0.091,0.092,0.089,0.089,0.096,0.094,0.092,0.09,0.092,0.091
,9:04:16,38.1,0.093,0.091,0.09,0.09,0.091,0.091,0.089,0.091,0.093,0.09,0.09,0.092,0.094,0.248,0.205,0.207,0.237,0.158,0.171,0.231,0.135,0.176,0.083,0.092,0.092,0.192,0.254,0.123,0.213,0.182,0.211,0.202,0.092,0.177,0.12,0.094,0.092,0.2,0.252,0.224,0.208,0.39,0.193,0.372,0.155,0.154,0.194,0.093,0.092,1.165,1.155,1.146,1.201,1.17,0.77,1.086,1.226,1.068,0.092,0.094,0.091,0.948,1.141,0.9,1.163,1.081,1.166,1.19,1.112,1.171,1.208,0.092,0.092,1.01,0.84,1.018,1.186,1.183,1.186,1.253,1.242,1.221,1.225,0.092,0.09,0.091,0.091,0.092,0.089,0.089,0.095,0.092,0.092,0.09,0.092,0.091
,9:09:16,38.1,0.093,0.091,0.09,0.09,0.092,0.091,0.089,0.091,0.093,0.09,0.09,0.092,0.093,0.247,0.207,0.209,0.238,0.159,0.173,0.233,0.138,0.177,0.083,0.093,0.092,0.194,0.255,0.124,0.214,0.186,0.212,0.202,0.092,0.18,0.121,0.094,0.092,0.201,0.252,0.225,0.207,0.395,0.194,0.374,0.157,0.152,0.195,0.093,0.092,1.168,1.157,1.148,1.203,1.172,0.771,1.097,1.228,1.075,0.092,0.094,0.091,0.953,1.143,0.904,1.165,1.082,1.169,1.192,1.117,1.171,1.212,0.092,0.092,1.011,0.842,1.024,1.19,1.186,1.188,1.256,1.245,1.223,1.228,0.092,0.09,0.091,0.091,0.092,0.089,0.089,0.095,0.092,0.092,0.091,0.092,0.091
,9:14:16,38,0.093,0.091,0.09,0.09,0.092,0.091,0.089,0.091,0.092,0.09,0.091,0.092,0.094,0.249,0.208,0.209,0.239,0.161,0.172,0.234,0.138,0.179,0.084,0.092,0.092,0.196,0.255,0.126,0.215,0.188,0.213,0.204,0.092,0.18,0.123,0.094,0.092,0.202,0.254,0.226,0.21,0.4,0.195,0.377,0.159,0.158,0.197,0.093,0.092,1.17,1.159,1.148,1.205,1.174,0.769,1.106,1.229,1.081,0.092,0.094,0.092,0.956,1.145,0.905,1.168,1.082,1.171,1.193,1.119,1.172,1.215,0.092,0.092,1.012,0.845,1.031,1.193,1.189,1.19,1.258,1.246,1.224,1.231,0.092,0.09,0.091,0.091,0.092,0.089,0.089,0.096,0.092,0.092,0.091,0.092,0.091
,9:19:16,38,0.093,0.091,0.09,0.09,0.092,0.091,0.089,0.091,0.092,0.09,0.09,0.092,0.093,0.252,0.208,0.21,0.238,0.161,0.175,0.235,0.139,0.18,0.084,0.092,0.092,0.197,0.256,0.127,0.216,0.188,0.214,0.204,0.092,0.181,0.123,0.094,0.092,0.202,0.254,0.231,0.211,0.406,0.196,0.379,0.16,0.159,0.198,0.093,0.092,1.174,1.16,1.15,1.209,1.176,0.771,1.114,1.23,1.086,0.092,0.094,0.092,0.96,1.147,0.91,1.17,1.083,1.174,1.196,1.123,1.171,1.218,0.092,0.092,1.016,0.842,1.038,1.196,1.192,1.194,1.261,1.249,1.226,1.234,0.092,0.09,0.09,0.091,0.092,0.089,0.089,0.095,0.093,0.092,0.09,0.092,0.091
,9:24:16,38,0.093,0.091,0.09,0.09,0.092,0.091,0.089,0.091,0.093,0.09,0.091,0.092,0.093,0.251,0.21,0.21,0.239,0.163,0.177,0.237,0.141,0.182,0.084,0.092,0.092,0.198,0.255,0.128,0.218,0.189,0.215,0.205,0.092,0.182,0.124,0.094,0.092,0.203,0.256,0.228,0.212,0.411,0.197,0.382,0.161,0.161,0.199,0.093,0.092,1.176,1.162,1.151,1.212,1.178,0.772,1.119,1.23,1.092,0.092,0.094,0.092,0.962,1.149,0.912,1.172,1.084,1.177,1.198,1.126,1.171,1.221,0.092,0.092,1.019,0.841,1.044,1.199,1.194,1.196,1.264,1.251,1.228,1.236,0.092,0.09,0.091,0.091,0.092,0.09,0.089,0.096,0.092,0.092,0.091,0.092,0.091
,9:29:16,38,0.093,0.091,0.09,0.09,0.092,0.091,0.09,0.091,0.093,0.09,0.091,0.092,0.093,0.251,0.212,0.211,0.24,0.164,0.179,0.237,0.142,0.183,0.084,0.093,0.092,0.2,0.256,0.129,0.219,0.188,0.216,0.206,0.092,0.184,0.126,0.094,0.092,0.203,0.256,0.231,0.214,0.416,0.198,0.384,0.163,0.163,0.201,0.093,0.092,1.177,1.163,1.153,1.213,1.179,0.771,1.124,1.231,1.097,0.092,0.094,0.092,0.964,1.151,0.915,1.174,1.084,1.179,1.199,1.128,1.171,1.224,0.092,0.092,1.02,0.844,1.051,1.201,1.197,1.198,1.266,1.252,1.229,1.239,0.092,0.09,0.091,0.091,0.092,0.09,0.09,0.096,0.093,0.092,0.091,0.092,0.091
,9:34:16,38,0.093,0.091,0.09,0.09,0.091,0.091,0.089,0.091,0.092,0.09,0.09,0.092,0.093,0.253,0.211,0.211,0.24,0.165,0.179,0.24,0.143,0.184,0.083,0.092,0.092,0.202,0.256,0.13,0.22,0.19,0.216,0.207,0.092,0.182,0.126,0.094,0.092,0.204,0.257,0.23,0.214,0.422,0.199,0.386,0.163,0.165,0.202,0.093,0.092,1.179,1.164,1.153,1.215,1.179,0.77,1.127,1.231,1.103,0.092,0.094,0.091,0.965,1.153,0.916,1.175,1.085,1.18,1.199,1.13,1.169,1.226,0.092,0.092,1.021,0.843,1.057,1.203,1.2,1.199,1.268,1.254,1.231,1.242,0.092,0.09,0.09,0.091,0.092,0.089,0.089,0.095,0.092,0.092,0.09,0.092,0.091
,9:39:16,38.1,0.093,0.09,0.09,0.09,0.091,0.091,0.089,0.091,0.092,0.09,0.09,0.092,0.093,0.254,0.212,0.212,0.241,0.166,0.18,0.24,0.144,0.186,0.083,0.092,0.092,0.204,0.256,0.131,0.221,0.19,0.217,0.207,0.092,0.183,0.127,0.094,0.092,0.204,0.258,0.233,0.216,0.427,0.2,0.389,0.163,0.166,0.204,0.093,0.092,1.181,1.167,1.154,1.217,1.181,0.77,1.132,1.231,1.107,0.092,0.094,0.091,0.967,1.155,0.921,1.178,1.086,1.183,1.201,1.137,1.169,1.229,0.092,0.092,1.024,0.843,1.068,1.206,1.204,1.202,1.271,1.256,1.233,1.244,0.092,0.09,0.091,0.091,0.092,0.089,0.089,0.095,0.092,0.092,0.09,0.092,0.091
,9:44:16,38,0.093,0.091,0.09,0.09,0.092,0.091,0.089,0.091,0.093,0.09,0.091,0.092,0.093,0.256,0.213,0.213,0.242,0.168,0.181,0.242,0.145,0.188,0.083,0.093,0.092,0.206,0.258,0.133,0.223,0.19,0.219,0.209,0.092,0.183,0.13,0.094,0.092,0.205,0.258,0.233,0.216,0.432,0.201,0.391,0.166,0.168,0.205,0.093,0.092,1.183,1.167,1.153,1.219,1.181,0.768,1.135,1.231,1.112,0.092,0.094,0.092,0.968,1.157,0.921,1.179,1.086,1.184,1.202,1.137,1.167,1.232,0.092,0.092,1.023,0.845,1.075,1.209,1.206,1.204,1.273,1.257,1.234,1.246,0.092,0.09,0.091,0.091,0.092,0.09,0.09,0.096,0.092,0.092,0.091,0.092,0.091
,9:49:16,38,0.093,0.092,0.09,0.09,0.092,0.091,0.089,0.091,0.092,0.09,0.09,0.092,0.094,0.257,0.214,0.213,0.242,0.168,0.182,0.244,0.146,0.189,0.083,0.093,0.092,0.208,0.258,0.135,0.224,0.192,0.22,0.209,0.092,0.185,0.131,0.094,0.092,0.206,0.259,0.235,0.217,0.438,0.201,0.394,0.167,0.17,0.207,0.093,0.092,1.184,1.168,1.153,1.221,1.183,0.769,1.138,1.231,1.117,0.092,0.094,0.092,0.968,1.158,0.924,1.181,1.086,1.185,1.204,1.138,1.167,1.234,0.092,0.092,1.024,0.842,1.081,1.212,1.208,1.207,1.274,1.259,1.235,1.249,0.092,0.09,0.091,0.091,0.092,0.09,0.09,0.096,0.092,0.092,0.091,0.092,0.091
,9:54:16,38,0.093,0.091,0.09,0.09,0.092,0.091,0.09,0.091,0.093,0.09,0.091,0.092,0.094,0.259,0.215,0.214,0.243,0.17,0.184,0.245,0.148,0.191,0.084,0.093,0.092,0.211,0.258,0.137,0.225,0.194,0.222,0.21,0.092,0.185,0.133,0.094,0.092,0.206,0.26,0.24,0.218,0.444,0.202,0.396,0.168,0.172,0.208,0.093,0.092,1.185,1.169,1.152,1.222,1.184,0.769,1.141,1.231,1.122,0.092,0.094,0.092,0.971,1.161,0.927,1.183,1.086,1.188,1.205,1.144,1.166,1.237,0.093,0.092,1.025,0.842,1.087,1.214,1.211,1.21,1.277,1.26,1.236,1.251,0.092,0.09,0.091,0.092,0.092,0.09,0.089,0.096,0.093,0.093,0.091,0.092,0.091
,9:59:16,38,0.093,0.091,0.09,0.09,0.092,0.091,0.089,0.091,0.093,0.09,0.09,0.092,0.094,0.259,0.215,0.214,0.243,0.171,0.184,0.245,0.149,0.192,0.083,0.092,0.092,0.213,0.257,0.138,0.226,0.19,0.222,0.211,0.092,0.188,0.135,0.094,0.092,0.207,0.261,0.237,0.22,0.449,0.203,0.398,0.169,0.172,0.209,0.093,0.092,1.186,1.169,1.151,1.224,1.186,0.768,1.143,1.231,1.126,0.092,0.094,0.091,0.971,1.162,0.928,1.185,1.087,1.189,1.206,1.147,1.164,1.239,0.092,0.092,1.025,0.842,1.092,1.216,1.213,1.212,1.278,1.261,1.237,1.253,0.092,0.09,0.091,0.091,0.093,0.089,0.089,0.096,0.093,0.092,0.091,0.092,0.091
,10:04:16,38,0.093,0.091,0.09,0.09,0.092,0.091,0.089,0.091,0.093,0.09,0.091,0.092,0.093,0.261,0.216,0.215,0.244,0.172,0.186,0.247,0.15,0.194,0.083,0.092,0.092,0.215,0.258,0.139,0.227,0.193,0.224,0.212,0.092,0.188,0.136,0.094,0.092,0.207,0.262,0.235,0.22,0.454,0.205,0.4,0.17,0.174,0.21,0.093,0.092,1.188,1.17,1.15,1.226,1.187,0.768,1.146,1.23,1.13,0.092,0.094,0.092,0.971,1.164,0.929,1.187,1.087,1.191,1.206,1.147,1.163,1.241,0.092,0.092,1.025,0.842,1.095,1.219,1.216,1.214,1.28,1.262,1.239,1.256,0.092,0.09,0.091,0.091,0.093,0.09,0.09,0.096,0.093,0.092,0.091,0.092,0.091
,10:09:16,38,0.093,0.091,0.09,0.09,0.092,0.091,0.089,0.091,0.093,0.09,0.09,0.092,0.094,0.262,0.216,0.215,0.244,0.173,0.187,0.248,0.151,0.195,0.083,0.092,0.092,0.217,0.259,0.142,0.228,0.195,0.225,0.213,0.092,0.187,0.136,0.094,0.092,0.207,0.262,0.237,0.22,0.46,0.206,0.403,0.172,0.173,0.212,0.093,0.092,1.188,1.172,1.148,1.227,1.189,0.766,1.149,1.229,1.134,0.092,0.094,0.091,0.971,1.166,0.928,1.187,1.086,1.192,1.208,1.148,1.162,1.244,0.092,0.092,1.024,0.839,1.099,1.221,1.218,1.215,1.281,1.264,1.241,1.26,0.092,0.09,0.091,0.091,0.093,0.09,0.089,0.096,0.092,0.092,0.091,0.092,0.091
,10:14:16,38.1,0.093,0.091,0.09,0.09,0.092,0.091,0.09,0.091,0.092,0.09,0.09,0.092,0.093,0.263,0.217,0.215,0.244,0.174,0.187,0.249,0.15,0.196,0.083,0.092,0.092,0.22,0.259,0.144,0.23,0.195,0.226,0.213,0.092,0.188,0.139,0.094,0.092,0.208,0.263,0.24,0.22,0.465,0.207,0.405,0.173,0.174,0.213,0.093,0.092,1.189,1.172,1.145,1.227,1.19,0.766,1.15,1.228,1.138,0.092,0.094,0.091,0.973,1.167,0.931,1.19,1.086,1.193,1.208,1.155,1.161,1.246,0.092,0.092,1.025,0.839,1.102,1.223,1.22,1.214,1.282,1.263,1.244,1.261,0.092,0.09,0.091,0.091,0.092,0.089,0.089,0.096,0.092,0.092,0.091,0.092,0.091
,10:19:16,38,0.093,0.091,0.09,0.09,0.092,0.091,0.089,0.091,0.092,0.09,0.09,0.092,0.093,0.264,0.216,0.216,0.244,0.175,0.188,0.25,0.153,0.198,0.083,0.092,0.092,0.222,0.258,0.145,0.231,0.196,0.227,0.214,0.092,0.188,0.14,0.094,0.092,0.208,0.263,0.244,0.222,0.47,0.208,0.406,0.173,0.177,0.214,0.093,0.092,1.19,1.175,1.145,1.229,1.192,0.764,1.152,1.228,1.142,0.092,0.094,0.091,0.974,1.169,0.932,1.192,1.086,1.195,1.209,1.156,1.159,1.249,0.092,0.092,1.025,0.84,1.105,1.224,1.223,1.214,1.283,1.264,1.246,1.264,0.092,0.09,0.091,0.091,0.092,0.09,0.089,0.096,0.092,0.092,0.091,0.092,0.091
,10:24:16,38,0.093,0.091,0.09,0.09,0.092,0.091,0.089,0.091,0.093,0.09,0.091,0.092,0.093,0.265,0.216,0.216,0.245,0.176,0.19,0.251,0.154,0.199,0.083,0.092,0.092,0.224,0.258,0.147,0.232,0.195,0.228,0.215,0.092,0.19,0.142,0.094,0.092,0.209,0.264,0.243,0.222,0.476,0.209,0.409,0.174,0.18,0.216,0.093,0.092,1.19,1.177,1.143,1.229,1.194,0.763,1.154,1.227,1.147,0.092,0.094,0.092,0.972,1.17,0.933,1.193,1.086,1.196,1.21,1.157,1.158,1.251,0.092,0.092,1.024,0.838,1.109,1.226,1.225,1.212,1.284,1.265,1.248,1.266,0.092,0.09,0.091,0.092,0.092,0.09,0.089,0.096,0.092,0.092,0.091,0.092,0.091
,10:29:16,38,0.093,0.091,0.09,0.09,0.092,0.091,0.09,0.091,0.093,0.09,0.091,0.092,0.094,0.267,0.217,0.217,0.246,0.177,0.19,0.252,0.156,0.201,0.084,0.093,0.092,0.227,0.259,0.149,0.233,0.196,0.23,0.216,0.093,0.191,0.143,0.094,0.092,0.209,0.265,0.239,0.222,0.482,0.211,0.411,0.176,0.178,0.217,0.093,0.092,1.191,1.179,1.141,1.23,1.196,0.761,1.156,1.227,1.152,0.092,0.094,0.092,0.974,1.172,0.934,1.195,1.086,1.198,1.21,1.161,1.158,1.253,0.093,0.092,1.025,0.838,1.111,1.228,1.228,1.211,1.285,1.265,1.248,1.267,0.092,0.09,0.091,0.091,0.092,0.09,0.09,0.096,0.093,0.092,0.091,0.093,0.091
,10:34:16,38.1,0.093,0.091,0.09,0.09,0.091,0.091,0.089,0.091,0.092,0.09,0.09,0.092,0.093,0.267,0.217,0.217,0.246,0.178,0.191,0.253,0.157,0.202,0.084,0.092,0.092,0.228,0.259,0.151,0.235,0.196,0.23,0.217,0.093,0.191,0.146,0.094,0.092,0.21,0.265,0.242,0.223,0.486,0.212,0.413,0.177,0.179,0.218,0.093,0.092,1.191,1.18,1.138,1.229,1.196,0.759,1.158,1.225,1.159,0.092,0.094,0.092,0.973,1.174,0.933,1.198,1.085,1.199,1.211,1.161,1.156,1.255,0.092,0.092,1.024,0.837,1.114,1.228,1.23,1.21,1.285,1.264,1.248,1.27,0.092,0.09,0.091,0.091,0.092,0.09,0.09,0.096,0.092,0.092,0.091,0.092,0.091
,10:39:16,38,0.093,0.09,0.09,0.09,0.091,0.091,0.089,0.091,0.092,0.09,0.09,0.092,0.093,0.268,0.217,0.218,0.246,0.179,0.192,0.254,0.157,0.204,0.083,0.092,0.092,0.232,0.258,0.153,0.236,0.199,0.232,0.217,0.092,0.193,0.146,0.094,0.092,0.21,0.266,0.241,0.223,0.492,0.213,0.415,0.178,0.179,0.219,0.093,0.092,1.191,1.182,1.136,1.23,1.196,0.757,1.159,1.223,1.166,0.092,0.094,0.091,0.973,1.174,0.933,1.201,1.084,1.199,1.211,1.163,1.155,1.257,0.092,0.092,1.022,0.833,1.116,1.23,1.232,1.208,1.286,1.264,1.248,1.272,0.092,0.09,0.091,0.091,0.092,0.09,0.089,0.096,0.092,0.092,0.091,0.092,0.091
,10:44:16,38,0.093,0.091,0.09,0.09,0.092,0.091,0.089,0.091,0.093,0.09,0.091,0.092,0.093,0.27,0.218,0.218,0.247,0.18,0.193,0.255,0.157,0.206,0.083,0.092,0.092,0.234,0.258,0.155,0.236,0.195,0.233,0.218,0.093,0.194,0.147,0.094,0.092,0.211,0.266,0.24,0.223,0.497,0.214,0.417,0.179,0.178,0.221,0.093,0.092,1.193,1.184,1.136,1.23,1.196,0.757,1.161,1.222,1.173,0.092,0.094,0.092,0.975,1.177,0.936,1.205,1.085,1.202,1.213,1.169,1.154,1.259,0.092,0.092,1.023,0.833,1.119,1.231,1.235,1.208,1.287,1.266,1.248,1.274,0.092,0.09,0.091,0.091,0.093,0.09,0.09,0.096,0.092,0.092,0.091,0.092,0.091
,10:49:16,38,0.093,0.091,0.09,0.09,0.092,0.091,0.089,0.091,0.093,0.09,0.091,0.092,0.093,0.271,0.219,0.218,0.247,0.182,0.194,0.255,0.16,0.207,0.083,0.093,0.092,0.236,0.26,0.157,0.237,0.196,0.234,0.219,0.093,0.194,0.149,0.094,0.092,0.211,0.267,0.241,0.224,0.502,0.216,0.419,0.18,0.183,0.222,0.093,0.092,1.193,1.183,1.133,1.229,1.194,0.755,1.162,1.221,1.179,0.092,0.094,0.092,0.974,1.179,0.935,1.206,1.084,1.203,1.213,1.171,1.153,1.26,0.093,0.092,1.022,0.832,1.121,1.232,1.235,1.206,1.288,1.266,1.246,1.276,0.092,0.09,0.091,0.091,0.092,0.09,0.09,0.096,0.093,0.092,0.091,0.093,0.091
,10:54:16,38,0.093,0.091,0.09,0.09,0.092,0.091,0.089,0.091,0.092,0.09,0.091,0.092,0.094,0.272,0.218,0.219,0.247,0.183,0.195,0.256,0.161,0.209,0.083,0.093,0.092,0.24,0.259,0.159,0.239,0.197,0.235,0.22,0.093,0.195,0.151,0.094,0.092,0.212,0.267,0.243,0.224,0.507,0.217,0.421,0.181,0.182,0.223,0.093,0.092,1.192,1.18,1.13,1.229,1.193,0.752,1.163,1.22,1.184,0.092,0.094,0.092,0.975,1.18,0.934,1.207,1.083,1.204,1.213,1.172,1.151,1.261,0.092,0.092,1.021,0.831,1.122,1.232,1.236,1.205,1.287,1.265,1.245,1.278,0.092,0.09,0.091,0.091,0.093,0.09,0.09,0.096,0.092,0.092,0.091,0.092,0.091
,10:59:16,38,0.093,0.091,0.09,0.09,0.092,0.091,0.089,0.091,0.092,0.09,0.091,0.092,0.094,0.273,0.219,0.219,0.248,0.184,0.196,0.257,0.161,0.209,0.084,0.093,0.092,0.242,0.259,0.16,0.239,0.198,0.236,0.22,0.093,0.196,0.15,0.094,0.092,0.213,0.268,0.247,0.224,0.512,0.218,0.422,0.183,0.182,0.225,0.093,0.092,1.194,1.18,1.13,1.229,1.193,0.75,1.165,1.219,1.188,0.092,0.094,0.092,0.974,1.182,0.937,1.208,1.083,1.205,1.214,1.179,1.15,1.263,0.092,0.092,1.021,0.828,1.126,1.233,1.238,1.204,1.287,1.266,1.244,1.28,0.092,0.09,0.091,0.091,0.093,0.09,0.09,0.096,0.093,0.092,0.091,0.092,0.091
,11:04:16,38,0.093,0.091,0.09,0.09,0.092,0.091,0.089,0.091,0.093,0.09,0.09,0.092,0.094,0.274,0.22,0.219,0.249,0.185,0.197,0.257,0.162,0.211,0.084,0.092,0.092,0.247,0.259,0.162,0.241,0.2,0.237,0.221,0.093,0.196,0.153,0.094,0.092,0.213,0.268,0.244,0.224,0.517,0.219,0.425,0.184,0.184,0.226,0.093,0.092,1.193,1.176,1.127,1.227,1.19,0.748,1.165,1.217,1.191,0.092,0.094,0.092,0.971,1.182,0.935,1.207,1.082,1.206,1.216,1.186,1.149,1.264,0.092,0.092,1.02,0.828,1.126,1.233,1.238,1.202,1.286,1.265,1.242,1.282,0.092,0.09,0.091,0.091,0.093,0.09,0.09,0.096,0.093,0.092,0.091,0.092,0.091
,11:09:16,38.1,0.093,0.09,0.09,0.09,0.092,0.091,0.089,0.091,0.092,0.09,0.09,0.092,0.093,0.275,0.22,0.22,0.249,0.185,0.198,0.257,0.163,0.212,0.083,0.092,0.092,0.248,0.26,0.164,0.241,0.2,0.238,0.221,0.093,0.197,0.154,0.094,0.092,0.213,0.268,0.242,0.224,0.522,0.22,0.426,0.184,0.186,0.227,0.093,0.092,1.192,1.174,1.124,1.226,1.189,0.745,1.166,1.217,1.193,0.092,0.094,0.091,0.969,1.183,0.934,1.207,1.081,1.206,1.215,1.188,1.147,1.264,0.092,0.092,1.018,0.825,1.128,1.233,1.237,1.201,1.286,1.265,1.241,1.283,0.092,0.09,0.091,0.091,0.092,0.09,0.089,0.096,0.092,0.092,0.091,0.092,0.091
,11:14:16,38.1,0.093,0.091,0.09,0.09,0.092,0.091,0.09,0.091,0.093,0.09,0.091,0.092,0.094,0.277,0.221,0.22,0.249,0.187,0.199,0.258,0.162,0.211,0.084,0.093,0.092,0.251,0.26,0.165,0.242,0.197,0.24,0.222,0.093,0.198,0.154,0.095,0.092,0.214,0.269,0.242,0.224,0.522,0.222,0.428,0.185,0.186,0.229,0.093,0.092,1.194,1.174,1.123,1.226,1.188,0.744,1.167,1.216,1.194,0.092,0.094,0.092,0.969,1.185,0.934,1.207,1.081,1.209,1.217,1.188,1.146,1.266,0.093,0.092,1.018,0.822,1.131,1.234,1.238,1.201,1.286,1.265,1.24,1.284,0.092,0.09,0.091,0.091,0.093,0.09,0.09,0.096,0.093,0.093,0.091,0.093,0.091
,11:19:16,38,0.093,0.091,0.09,0.09,0.092,0.091,0.089,0.091,0.092,0.09,0.09,0.092,0.094,0.278,0.221,0.22,0.25,0.187,0.2,0.259,0.163,0.213,0.083,0.092,0.092,0.254,0.261,0.168,0.242,0.2,0.24,0.223,0.093,0.199,0.156,0.094,0.092,0.214,0.269,0.245,0.224,0.523,0.222,0.43,0.186,0.187,0.23,0.093,0.092,1.194,1.171,1.121,1.225,1.187,0.741,1.169,1.215,1.195,0.092,0.094,0.092,0.969,1.187,0.934,1.206,1.081,1.209,1.218,1.189,1.145,1.266,0.092,0.092,1.016,0.82,1.132,1.233,1.238,1.2,1.286,1.265,1.239,1.285,0.092,0.09,0.091,0.091,0.093,0.09,0.09,0.096,0.092,0.092,0.091,0.092,0.091
,11:24:16,38,0.093,0.091,0.09,0.09,0.092,0.091,0.089,0.091,0.093,0.09,0.091,0.092,0.093,0.279,0.221,0.221,0.25,0.188,0.201,0.259,0.164,0.214,0.084,0.092,0.092,0.257,0.26,0.17,0.243,0.199,0.241,0.223,0.095,0.199,0.157,0.094,0.092,0.215,0.27,0.246,0.225,0.523,0.224,0.432,0.188,0.187,0.231,0.093,0.092,1.193,1.169,1.119,1.224,1.185,0.738,1.169,1.213,1.195,0.092,0.094,0.092,0.968,1.188,0.934,1.205,1.08,1.209,1.218,1.19,1.143,1.266,0.092,0.092,1.015,0.82,1.134,1.232,1.237,1.197,1.285,1.264,1.238,1.286,0.092,0.09,0.091,0.091,0.093,0.09,0.09,0.096,0.093,0.092,0.091,0.092,0.091
,11:29:16,38.1,0.093,0.091,0.09,0.09,0.092,0.091,0.089,0.091,0.093,0.09,0.09,0.092,0.093,0.28,0.221,0.221,0.25,0.189,0.201,0.259,0.165,0.216,0.083,0.092,0.092,0.261,0.263,0.172,0.246,0.202,0.242,0.224,0.094,0.2,0.159,0.094,0.092,0.215,0.27,0.251,0.224,0.522,0.225,0.433,0.188,0.189,0.233,0.093,0.092,1.193,1.168,1.117,1.222,1.184,0.737,1.169,1.212,1.195,0.092,0.094,0.092,0.968,1.189,0.933,1.204,1.08,1.209,1.218,1.188,1.142,1.266,0.092,0.092,1.014,0.818,1.135,1.232,1.236,1.196,1.285,1.264,1.237,1.286,0.092,0.09,0.091,0.091,0.092,0.09,0.089,0.096,0.092,0.092,0.091,0.092,0.091
,11:34:16,38,0.093,0.091,0.09,0.09,0.092,0.091,0.089,0.091,0.093,0.09,0.091,0.092,0.093,0.282,0.222,0.222,0.251,0.19,0.202,0.26,0.163,0.218,0.083,0.093,0.092,0.264,0.262,0.173,0.247,0.201,0.243,0.224,0.094,0.201,0.162,0.094,0.092,0.215,0.27,0.25,0.225,0.522,0.226,0.435,0.189,0.19,0.233,0.093,0.092,1.193,1.166,1.114,1.221,1.182,0.732,1.17,1.21,1.194,0.092,0.094,0.092,0.968,1.19,0.93,1.203,1.079,1.209,1.218,1.184,1.141,1.266,0.092,0.092,1.013,0.817,1.137,1.232,1.235,1.195,1.284,1.263,1.236,1.287,0.092,0.09,0.091,0.091,0.093,0.09,0.09,0.096,0.093,0.092,0.091,0.092,0.091
,11:39:16,38,0.093,0.091,0.09,0.09,0.092,0.091,0.089,0.091,0.093,0.09,0.091,0.092,0.093,0.283,0.223,0.222,0.251,0.191,0.203,0.26,0.166,0.22,0.083,0.092,0.092,0.266,0.262,0.174,0.247,0.202,0.244,0.225,0.094,0.202,0.16,0.094,0.092,0.216,0.271,0.246,0.224,0.522,0.227,0.437,0.19,0.19,0.235,0.093,0.092,1.194,1.164,1.113,1.221,1.182,0.732,1.171,1.208,1.193,0.092,0.094,0.092,0.968,1.192,0.931,1.202,1.08,1.21,1.218,1.182,1.14,1.266,0.092,0.092,1.012,0.812,1.138,1.231,1.235,1.194,1.284,1.262,1.235,1.288,0.092,0.09,0.091,0.092,0.093,0.09,0.09,0.096,0.093,0.092,0.091,0.093,0.091
,11:44:16,38,0.093,0.09,0.09,0.09,0.091,0.091,0.089,0.091,0.092,0.09,0.09,0.092,0.093,0.283,0.224,0.222,0.252,0.191,0.204,0.259,0.165,0.222,0.083,0.092,0.092,0.269,0.262,0.177,0.246,0.2,0.245,0.225,0.094,0.202,0.161,0.094,0.092,0.216,0.271,0.246,0.225,0.522,0.227,0.438,0.191,0.19,0.236,0.093,0.092,1.194,1.164,1.111,1.219,1.181,0.728,1.172,1.208,1.192,0.092,0.094,0.092,0.966,1.193,0.932,1.202,1.08,1.209,1.217,1.184,1.138,1.265,0.092,0.092,1.011,0.81,1.141,1.23,1.233,1.193,1.284,1.262,1.233,1.287,0.092,0.09,0.091,0.091,0.092,0.089,0.089,0.096,0.092,0.092,0.091,0.092,0.091
,11:49:16,38,0.093,0.091,0.09,0.09,0.092,0.091,0.089,0.091,0.093,0.09,0.09,0.092,0.093,0.286,0.224,0.223,0.252,0.193,0.205,0.261,0.169,0.224,0.083,0.092,0.092,0.273,0.263,0.177,0.251,0.205,0.246,0.226,0.094,0.202,0.168,0.094,0.092,0.217,0.271,0.248,0.226,0.522,0.229,0.437,0.192,0.194,0.237,0.093,0.092,1.192,1.16,1.107,1.217,1.178,0.724,1.172,1.206,1.191,0.092,0.094,0.092,0.965,1.193,0.927,1.2,1.079,1.208,1.216,1.18,1.137,1.265,0.092,0.092,1.008,0.809,1.141,1.229,1.232,1.191,1.282,1.26,1.232,1.288,0.092,0.09,0.091,0.091,0.093,0.09,0.09,0.096,0.093,0.092,0.091,0.092,0.091
,11:54:16,38,0.093,0.091,0.09,0.09,0.092,0.091,0.089,0.091,0.092,0.09,0.091,0.092,0.093,0.286,0.224,0.223,0.252,0.192,0.206,0.26,0.168,0.225,0.083,0.092,0.092,0.276,0.264,0.18,0.25,0.204,0.247,0.227,0.094,0.203,0.166,0.094,0.092,0.217,0.272,0.249,0.226,0.522,0.229,0.436,0.193,0.193,0.238,0.093,0.092,1.193,1.159,1.106,1.217,1.177,0.723,1.172,1.205,1.19,0.092,0.094,0.091,0.965,1.193,0.927,1.198,1.079,1.209,1.216,1.177,1.136,1.264,0.092,0.092,1.006,0.807,1.144,1.229,1.231,1.191,1.282,1.26,1.232,1.287,0.092,0.09,0.091,0.091,0.092,0.09,0.09,0.096,0.092,0.092,0.091,0.092,0.091
,11:59:16,38,0.093,0.091,0.09,0.09,0.092,0.091,0.09,0.091,0.093,0.09,0.091,0.092,0.093,0.287,0.224,0.223,0.253,0.193,0.207,0.261,0.165,0.228,0.084,0.092,0.092,0.28,0.265,0.182,0.25,0.205,0.247,0.227,0.094,0.204,0.171,0.094,0.092,0.218,0.272,0.247,0.226,0.521,0.231,0.436,0.194,0.196,0.239,0.093,0.092,1.193,1.158,1.104,1.216,1.176,0.721,1.173,1.203,1.189,0.093,0.094,0.092,0.963,1.195,0.926,1.197,1.079,1.209,1.217,1.175,1.134,1.264,0.092,0.092,1.004,0.797,1.147,1.229,1.23,1.19,1.282,1.26,1.231,1.286,0.092,0.09,0.091,0.091,0.093,0.089,0.09,0.096,0.093,0.092,0.091,0.093,0.091
,12:04:16,38.1,0.093,0.091,0.09,0.09,0.091,0.091,0.089,0.091,0.093,0.09,0.09,0.092,0.093,0.287,0.225,0.224,0.253,0.194,0.207,0.261,0.171,0.229,0.083,0.092,0.092,0.284,0.265,0.182,0.25,0.203,0.248,0.228,0.094,0.204,0.17,0.094,0.092,0.218,0.273,0.246,0.226,0.521,0.231,0.435,0.195,0.195,0.24,0.093,0.092,1.193,1.157,1.102,1.215,1.175,0.718,1.174,1.201,1.188,0.092,0.094,0.092,0.961,1.195,0.927,1.196,1.08,1.207,1.215,1.176,1.133,1.262,0.092,0.092,1.003,0.791,1.148,1.228,1.228,1.188,1.281,1.259,1.23,1.286,0.092,0.09,0.091,0.092,0.092,0.09,0.09,0.096,0.093,0.093,0.091,0.093,0.091
,12:09:16,38,0.093,0.091,0.09,0.09,0.091,0.091,0.089,0.091,0.092,0.09,0.09,0.092,0.093,0.289,0.225,0.224,0.253,0.195,0.208,0.261,0.167,0.232,0.083,0.092,0.092,0.287,0.265,0.182,0.251,0.206,0.25,0.228,0.094,0.205,0.166,0.094,0.092,0.218,0.272,0.247,0.226,0.52,0.232,0.433,0.195,0.197,0.241,0.093,0.092,1.193,1.156,1.101,1.214,1.174,0.715,1.174,1.2,1.187,0.092,0.094,0.092,0.959,1.195,0.925,1.194,1.08,1.207,1.214,1.172,1.132,1.261,0.092,0.092,1.002,0.786,1.149,1.228,1.228,1.187,1.281,1.258,1.228,1.285,0.092,0.09,0.091,0.091,0.092,0.09,0.09,0.096,0.092,0.092,0.091,0.092,0.091
,12:14:16,38,0.093,0.091,0.09,0.09,0.092,0.091,0.089,0.091,0.092,0.09,0.09,0.092,0.093,0.29,0.226,0.224,0.253,0.195,0.209,0.261,0.171,0.234,0.084,0.092,0.092,0.29,0.266,0.185,0.252,0.203,0.25,0.228,0.094,0.205,0.169,0.094,0.092,0.218,0.273,0.248,0.226,0.52,0.233,0.432,0.196,0.198,0.243,0.093,0.092,1.192,1.155,1.099,1.213,1.172,0.712,1.173,1.198,1.186,0.092,0.094,0.092,0.959,1.194,0.925,1.193,1.082,1.206,1.213,1.172,1.131,1.26,0.092,0.092,1,0.782,1.149,1.228,1.226,1.186,1.28,1.257,1.228,1.284,0.092,0.09,0.091,0.091,0.093,0.09,0.09,0.096,0.092,0.092,0.091,0.092,0.091
,12:19:16,38.1,0.093,0.091,0.09,0.09,0.092,0.091,0.089,0.091,0.092,0.09,0.09,0.092,0.093,0.291,0.228,0.225,0.254,0.196,0.209,0.261,0.173,0.236,0.083,0.092,0.092,0.293,0.266,0.187,0.252,0.201,0.251,0.229,0.094,0.206,0.168,0.094,0.092,0.219,0.274,0.249,0.225,0.519,0.234,0.431,0.197,0.198,0.243,0.093,0.092,1.193,1.155,1.097,1.213,1.171,0.709,1.174,1.196,1.184,0.092,0.094,0.091,0.955,1.195,0.923,1.192,1.083,1.206,1.213,1.168,1.129,1.26,0.092,0.092,0.999,0.782,1.151,1.228,1.226,1.185,1.28,1.256,1.227,1.283,0.092,0.09,0.091,0.091,0.093,0.09,0.09,0.096,0.093,0.092,0.091,0.092,0.091
,12:24:16,38.1,0.093,0.091,0.09,0.09,0.092,0.091,0.089,0.091,0.093,0.09,0.091,0.092,0.094,0.294,0.228,0.225,0.255,0.198,0.21,0.261,0.171,0.239,0.084,0.092,0.092,0.298,0.266,0.188,0.254,0.204,0.252,0.229,0.095,0.206,0.169,0.094,0.092,0.22,0.274,0.248,0.227,0.518,0.235,0.43,0.198,0.199,0.245,0.093,0.092,1.193,1.153,1.095,1.212,1.17,0.706,1.174,1.195,1.183,0.093,0.094,0.092,0.955,1.194,0.923,1.19,1.083,1.205,1.212,1.168,1.128,1.259,0.093,0.092,0.997,0.777,1.151,1.228,1.224,1.183,1.279,1.255,1.226,1.282,0.092,0.09,0.091,0.092,0.093,0.09,0.09,0.096,0.093,0.093,0.091,0.093,0.091
,12:29:16,38.1,0.093,0.09,0.09,0.09,0.092,0.091,0.089,0.091,0.092,0.09,0.09,0.092,0.093,0.294,0.228,0.225,0.254,0.197,0.21,0.262,0.17,0.241,0.083,0.092,0.091,0.3,0.267,0.189,0.254,0.205,0.253,0.23,0.095,0.207,0.17,0.094,0.092,0.22,0.273,0.248,0.226,0.517,0.235,0.429,0.198,0.199,0.245,0.093,0.092,1.192,1.151,1.092,1.21,1.168,0.703,1.174,1.194,1.182,0.092,0.094,0.092,0.954,1.193,0.921,1.188,1.083,1.204,1.21,1.167,1.127,1.257,0.092,0.092,0.994,0.775,1.151,1.226,1.222,1.182,1.278,1.254,1.225,1.281,0.092,0.09,0.091,0.091,0.093,0.09,0.089,0.095,0.092,0.092,0.09,0.093,0.091
,12:34:16,38.1,0.093,0.091,0.09,0.09,0.092,0.091,0.09,0.091,0.093,0.091,0.091,0.092,0.094,0.295,0.23,0.226,0.255,0.198,0.212,0.262,0.174,0.244,0.084,0.093,0.092,0.305,0.268,0.19,0.255,0.206,0.254,0.23,0.095,0.207,0.171,0.094,0.092,0.22,0.274,0.248,0.227,0.517,0.236,0.428,0.2,0.201,0.247,0.093,0.092,1.191,1.15,1.09,1.209,1.167,0.701,1.173,1.192,1.181,0.093,0.094,0.092,0.952,1.193,0.922,1.188,1.084,1.203,1.21,1.166,1.125,1.256,0.093,0.092,0.993,0.774,1.152,1.225,1.22,1.181,1.278,1.253,1.224,1.281,0.092,0.09,0.091,0.091,0.093,0.09,0.09,0.096,0.093,0.093,0.091,0.093,0.091
,12:39:16,38,0.093,0.091,0.09,0.09,0.092,0.091,0.089,0.091,0.092,0.09,0.09,0.092,0.093,0.295,0.23,0.226,0.255,0.199,0.212,0.262,0.172,0.247,0.083,0.092,0.092,0.309,0.269,0.194,0.256,0.205,0.255,0.231,0.095,0.208,0.172,0.094,0.092,0.221,0.275,0.247,0.227,0.516,0.237,0.427,0.2,0.201,0.248,0.093,0.092,1.191,1.148,1.088,1.208,1.166,0.697,1.173,1.191,1.179,0.092,0.094,0.092,0.95,1.192,0.919,1.186,1.083,1.202,1.208,1.163,1.124,1.256,0.092,0.092,0.99,0.77,1.153,1.224,1.219,1.18,1.277,1.252,1.223,1.279,0.092,0.09,0.091,0.091,0.092,0.09,0.09,0.096,0.093,0.092,0.091,0.092,0.091
,12:44:16,38,0.093,0.091,0.09,0.09,0.092,0.091,0.089,0.091,0.093,0.09,0.09,0.092,0.094,0.296,0.231,0.227,0.255,0.199,0.212,0.262,0.172,0.248,0.083,0.092,0.092,0.313,0.27,0.193,0.256,0.206,0.255,0.232,0.095,0.208,0.173,0.094,0.092,0.221,0.276,0.248,0.228,0.516,0.238,0.426,0.201,0.201,0.249,0.093,0.092,1.191,1.147,1.086,1.206,1.165,0.695,1.173,1.188,1.178,0.093,0.094,0.092,0.948,1.192,0.919,1.185,1.082,1.201,1.208,1.164,1.123,1.254,0.093,0.092,0.981,0.768,1.154,1.223,1.218,1.179,1.276,1.251,1.222,1.278,0.092,0.09,0.091,0.091,0.092,0.09,0.09,0.096,0.093,0.092,0.091,0.092,0.091
,12:49:16,38,0.093,0.091,0.09,0.09,0.092,0.091,0.089,0.091,0.093,0.09,0.09,0.092,0.094,0.296,0.231,0.227,0.256,0.2,0.213,0.262,0.173,0.252,0.083,0.092,0.092,0.319,0.27,0.195,0.257,0.209,0.256,0.231,0.095,0.208,0.174,0.094,0.092,0.221,0.276,0.248,0.227,0.515,0.238,0.426,0.201,0.201,0.25,0.093,0.092,1.191,1.146,1.084,1.206,1.165,0.692,1.173,1.188,1.177,0.092,0.094,0.092,0.947,1.191,0.918,1.183,1.08,1.2,1.206,1.16,1.122,1.253,0.093,0.092,0.978,0.768,1.155,1.223,1.216,1.178,1.275,1.251,1.221,1.277,0.092,0.09,0.091,0.091,0.093,0.09,0.09,0.096,0.093,0.092,0.091,0.093,0.091
,12:54:16,38.1,0.093,0.091,0.09,0.09,0.092,0.091,0.089,0.091,0.093,0.09,0.091,0.092,0.094,0.298,0.232,0.227,0.256,0.202,0.214,0.262,0.174,0.255,0.083,0.093,0.092,0.321,0.271,0.195,0.258,0.209,0.257,0.232,0.096,0.209,0.176,0.094,0.092,0.222,0.275,0.248,0.227,0.514,0.239,0.425,0.202,0.202,0.251,0.093,0.092,1.191,1.145,1.083,1.204,1.163,0.69,1.173,1.186,1.176,0.093,0.094,0.091,0.944,1.19,0.919,1.182,1.079,1.2,1.205,1.161,1.121,1.252,0.092,0.092,0.977,0.762,1.155,1.222,1.215,1.177,1.274,1.25,1.22,1.276,0.092,0.09,0.091,0.092,0.093,0.09,0.09,0.096,0.093,0.092,0.091,0.093,0.091
,12:59:16,38,0.093,0.091,0.09,0.09,0.092,0.091,0.09,0.091,0.093,0.09,0.09,0.092,0.094,0.303,0.232,0.228,0.257,0.202,0.215,0.263,0.174,0.258,0.084,0.093,0.092,0.325,0.272,0.196,0.259,0.207,0.258,0.232,0.095,0.209,0.177,0.094,0.092,0.222,0.276,0.249,0.227,0.514,0.24,0.425,0.203,0.204,0.252,0.093,0.092,1.19,1.143,1.08,1.202,1.162,0.687,1.173,1.185,1.174,0.093,0.094,0.092,0.943,1.189,0.917,1.18,1.077,1.198,1.203,1.16,1.119,1.251,0.093,0.093,0.972,0.76,1.155,1.221,1.214,1.175,1.273,1.248,1.219,1.275,0.092,0.09,0.091,0.092,0.093,0.09,0.09,0.096,0.093,0.093,0.091,0.093,0.091
,13:04:16,38,0.093,0.091,0.09,0.09,0.092,0.091,0.089,0.091,0.092,0.09,0.09,0.092,0.093,0.3,0.233,0.228,0.257,0.202,0.216,0.263,0.175,0.261,0.084,0.092,0.092,0.328,0.271,0.197,0.259,0.208,0.257,0.233,0.096,0.21,0.178,0.094,0.092,0.222,0.276,0.249,0.227,0.514,0.24,0.424,0.204,0.204,0.253,0.093,0.092,1.19,1.143,1.079,1.202,1.161,0.684,1.174,1.183,1.173,0.092,0.094,0.092,0.941,1.188,0.914,1.179,1.075,1.198,1.203,1.157,1.118,1.25,0.092,0.092,0.971,0.76,1.157,1.22,1.213,1.175,1.272,1.248,1.22,1.274,0.092,0.09,0.091,0.091,0.093,0.09,0.09,0.096,0.093,0.092,0.091,0.092,0.091
,13:09:16,38,0.093,0.091,0.09,0.09,0.092,0.091,0.089,0.091,0.092,0.09,0.09,0.092,0.093,0.3,0.233,0.228,0.257,0.203,0.216,0.262,0.178,0.264,0.083,0.092,0.092,0.333,0.271,0.198,0.261,0.21,0.259,0.233,0.096,0.21,0.179,0.094,0.092,0.222,0.276,0.249,0.228,0.513,0.241,0.423,0.203,0.204,0.254,0.093,0.092,1.19,1.141,1.076,1.201,1.16,0.682,1.174,1.181,1.171,0.092,0.094,0.092,0.937,1.187,0.914,1.177,1.073,1.196,1.203,1.155,1.117,1.249,0.092,0.092,0.969,0.757,1.156,1.22,1.211,1.174,1.272,1.247,1.219,1.274,0.092,0.09,0.091,0.091,0.093,0.089,0.09,0.096,0.092,0.092,0.091,0.092,0.091
,13:14:16,38,0.093,0.091,0.09,0.09,0.092,0.091,0.089,0.091,0.093,0.09,0.09,0.092,0.093,0.302,0.234,0.228,0.257,0.204,0.217,0.263,0.178,0.267,0.084,0.092,0.092,0.337,0.271,0.199,0.262,0.209,0.259,0.233,0.096,0.211,0.18,0.094,0.092,0.223,0.277,0.249,0.227,0.512,0.242,0.422,0.204,0.204,0.255,0.093,0.092,1.189,1.14,1.075,1.199,1.158,0.68,1.174,1.18,1.17,0.093,0.094,0.092,0.935,1.186,0.914,1.175,1.071,1.195,1.203,1.156,1.116,1.248,0.093,0.092,0.967,0.755,1.156,1.218,1.21,1.173,1.271,1.246,1.219,1.273,0.092,0.09,0.091,0.092,0.093,0.09,0.09,0.096,0.093,0.092,0.091,0.093,0.091
,13:19:16,38,0.093,0.091,0.09,0.09,0.092,0.091,0.089,0.091,0.093,0.09,0.09,0.092,0.093,0.303,0.236,0.229,0.258,0.205,0.217,0.263,0.178,0.272,0.083,0.093,0.092,0.34,0.272,0.201,0.262,0.208,0.26,0.234,0.096,0.211,0.18,0.094,0.092,0.223,0.277,0.249,0.228,0.512,0.242,0.422,0.205,0.205,0.256,0.093,0.092,1.188,1.139,1.072,1.197,1.158,0.678,1.175,1.178,1.169,0.092,0.094,0.092,0.933,1.185,0.913,1.174,1.07,1.194,1.201,1.154,1.114,1.247,0.093,0.092,0.964,0.751,1.157,1.217,1.209,1.172,1.27,1.244,1.217,1.271,0.092,0.09,0.091,0.091,0.093,0.09,0.089,0.096,0.092,0.092,0.091,0.092,0.091
,13:24:16,38,0.093,0.091,0.09,0.09,0.092,0.091,0.089,0.091,0.093,0.09,0.09,0.092,0.093,0.306,0.237,0.229,0.258,0.205,0.218,0.263,0.18,0.274,0.084,0.092,0.092,0.345,0.272,0.202,0.263,0.207,0.261,0.234,0.096,0.211,0.188,0.094,0.092,0.223,0.278,0.25,0.228,0.512,0.243,0.421,0.205,0.207,0.258,0.093,0.092,1.189,1.139,1.071,1.197,1.158,0.675,1.177,1.177,1.167,0.093,0.094,0.092,0.93,1.185,0.909,1.173,1.067,1.194,1.202,1.149,1.114,1.246,0.093,0.092,0.962,0.748,1.157,1.217,1.209,1.171,1.27,1.245,1.217,1.27,0.092,0.09,0.091,0.092,0.093,0.09,0.09,0.096,0.093,0.092,0.091,0.093,0.091
,13:29:16,38,0.093,0.091,0.09,0.09,0.092,0.091,0.089,0.091,0.092,0.09,0.09,0.092,0.093,0.304,0.238,0.229,0.258,0.206,0.219,0.263,0.18,0.278,0.083,0.092,0.091,0.348,0.274,0.203,0.263,0.207,0.262,0.234,0.096,0.212,0.184,0.094,0.092,0.224,0.278,0.251,0.228,0.511,0.243,0.42,0.206,0.205,0.259,0.093,0.092,1.19,1.137,1.069,1.197,1.157,0.672,1.178,1.175,1.166,0.092,0.094,0.092,0.928,1.184,0.911,1.171,1.067,1.193,1.2,1.15,1.112,1.244,0.092,0.092,0.96,0.748,1.158,1.216,1.208,1.171,1.269,1.244,1.218,1.269,0.092,0.09,0.091,0.091,0.092,0.09,0.09,0.096,0.092,0.092,0.091,0.092,0.091
,13:34:16,38,0.093,0.091,0.09,0.09,0.092,0.091,0.089,0.091,0.093,0.09,0.09,0.092,0.094,0.305,0.238,0.23,0.258,0.207,0.22,0.264,0.182,0.281,0.083,0.092,0.092,0.353,0.274,0.204,0.265,0.207,0.263,0.234,0.096,0.212,0.185,0.094,0.092,0.224,0.278,0.251,0.229,0.511,0.244,0.42,0.205,0.207,0.259,0.093,0.092,1.189,1.137,1.067,1.196,1.157,0.67,1.179,1.174,1.165,0.093,0.094,0.092,0.927,1.183,0.912,1.171,1.066,1.192,1.2,1.151,1.111,1.244,0.093,0.092,0.958,0.744,1.158,1.215,1.206,1.17,1.269,1.243,1.218,1.269,0.092,0.09,0.091,0.091,0.093,0.09,0.09,0.096,0.093,0.093,0.091,0.093,0.091
,13:39:16,38,0.093,0.091,0.09,0.09,0.092,0.091,0.089,0.091,0.092,0.09,0.09,0.092,0.093,0.306,0.237,0.23,0.259,0.207,0.22,0.265,0.183,0.286,0.083,0.092,0.092,0.357,0.273,0.205,0.266,0.207,0.262,0.235,0.097,0.213,0.189,0.094,0.092,0.225,0.278,0.252,0.228,0.51,0.244,0.42,0.205,0.208,0.261,0.093,0.092,1.188,1.135,1.065,1.194,1.156,0.668,1.18,1.172,1.163,0.092,0.094,0.092,0.925,1.182,0.908,1.169,1.064,1.191,1.198,1.148,1.11,1.243,0.093,0.092,0.956,0.74,1.159,1.214,1.205,1.169,1.268,1.242,1.217,1.268,0.092,0.09,0.091,0.091,0.093,0.09,0.09,0.096,0.093,0.092,0.091,0.093,0.091
,13:44:16,38,0.093,0.091,0.09,0.09,0.092,0.091,0.089,0.091,0.092,0.09,0.09,0.092,0.093,0.306,0.238,0.23,0.259,0.209,0.221,0.265,0.183,0.29,0.083,0.092,0.092,0.36,0.274,0.206,0.266,0.208,0.262,0.235,0.097,0.213,0.187,0.094,0.092,0.224,0.279,0.251,0.228,0.51,0.245,0.419,0.205,0.208,0.262,0.093,0.092,1.188,1.134,1.063,1.194,1.156,0.666,1.18,1.171,1.162,0.092,0.094,0.092,0.922,1.182,0.909,1.168,1.063,1.19,1.198,1.147,1.109,1.242,0.092,0.092,0.954,0.74,1.161,1.213,1.204,1.169,1.268,1.242,1.216,1.267,0.092,0.09,0.091,0.091,0.093,0.09,0.09,0.096,0.093,0.092,0.091,0.093,0.091
,13:49:16,38,0.093,0.091,0.09,0.09,0.091,0.091,0.089,0.091,0.093,0.09,0.09,0.092,0.093,0.308,0.238,0.231,0.26,0.209,0.222,0.265,0.183,0.291,0.084,0.092,0.092,0.364,0.276,0.207,0.267,0.207,0.264,0.235,0.097,0.213,0.191,0.094,0.092,0.225,0.279,0.251,0.229,0.509,0.246,0.419,0.205,0.209,0.263,0.093,0.092,1.187,1.133,1.062,1.193,1.155,0.664,1.179,1.169,1.161,0.093,0.094,0.092,0.92,1.18,0.908,1.166,1.061,1.189,1.197,1.145,1.107,1.241,0.092,0.092,0.952,0.737,1.163,1.212,1.203,1.168,1.267,1.241,1.214,1.266,0.092,0.09,0.091,0.092,0.093,0.09,0.09,0.096,0.093,0.092,0.091,0.093,0.091
,13:54:16,38,0.093,0.091,0.09,0.09,0.092,0.091,0.089,0.091,0.092,0.09,0.09,0.092,0.093,0.309,0.239,0.231,0.259,0.209,0.223,0.265,0.184,0.298,0.083,0.092,0.092,0.368,0.274,0.208,0.267,0.208,0.266,0.235,0.097,0.214,0.195,0.094,0.092,0.225,0.279,0.251,0.228,0.509,0.247,0.418,0.205,0.209,0.264,0.093,0.092,1.187,1.132,1.06,1.192,1.153,0.662,1.179,1.168,1.16,0.092,0.094,0.092,0.917,1.179,0.905,1.164,1.059,1.189,1.195,1.143,1.106,1.239,0.092,0.092,0.948,0.732,1.164,1.211,1.202,1.167,1.267,1.24,1.213,1.265,0.092,0.09,0.091,0.091,0.093,0.09,0.09,0.096,0.093,0.092,0.091,0.092,0.091
,13:59:16,38,0.093,0.091,0.09,0.09,0.092,0.091,0.089,0.091,0.092,0.09,0.091,0.092,0.093,0.309,0.24,0.231,0.259,0.21,0.222,0.266,0.185,0.301,0.083,0.093,0.092,0.373,0.275,0.209,0.268,0.208,0.264,0.236,0.098,0.214,0.195,0.094,0.092,0.226,0.279,0.251,0.229,0.509,0.247,0.418,0.205,0.209,0.265,0.093,0.092,1.187,1.131,1.059,1.191,1.153,0.66,1.178,1.166,1.159,0.093,0.094,0.092,0.916,1.179,0.909,1.164,1.059,1.188,1.195,1.145,1.105,1.239,0.093,0.092,0.948,0.733,1.167,1.21,1.201,1.166,1.267,1.24,1.212,1.264,0.092,0.09,0.091,0.091,0.093,0.09,0.09,0.096,0.093,0.092,0.091,0.093,0.091
,14:04:16,38,0.093,0.091,0.09,0.09,0.091,0.091,0.089,0.091,0.092,0.09,0.09,0.092,0.093,0.31,0.239,0.231,0.259,0.21,0.224,0.266,0.184,0.304,0.083,0.092,0.092,0.376,0.276,0.21,0.268,0.209,0.266,0.235,0.097,0.214,0.197,0.094,0.092,0.226,0.28,0.251,0.229,0.508,0.247,0.418,0.206,0.21,0.266,0.092,0.092,1.186,1.129,1.056,1.189,1.152,0.658,1.176,1.165,1.157,0.092,0.094,0.092,0.912,1.177,0.905,1.161,1.057,1.187,1.194,1.142,1.104,1.237,0.092,0.092,0.945,0.73,1.167,1.209,1.199,1.165,1.265,1.238,1.21,1.263,0.092,0.09,0.091,0.091,0.093,0.09,0.089,0.096,0.092,0.092,0.091,0.092,0.091
,14:09:16,38,0.093,0.091,0.09,0.09,0.092,0.091,0.089,0.091,0.093,0.09,0.091,0.092,0.093,0.311,0.24,0.232,0.261,0.211,0.226,0.267,0.185,0.311,0.084,0.092,0.092,0.38,0.276,0.211,0.27,0.208,0.267,0.236,0.098,0.215,0.198,0.094,0.092,0.226,0.28,0.252,0.229,0.508,0.248,0.418,0.205,0.21,0.267,0.093,0.092,1.187,1.129,1.054,1.189,1.151,0.655,1.175,1.163,1.156,0.092,0.094,0.092,0.911,1.177,0.903,1.16,1.055,1.185,1.194,1.14,1.103,1.237,0.093,0.092,0.943,0.728,1.169,1.209,1.199,1.165,1.265,1.238,1.209,1.262,0.092,0.09,0.091,0.091,0.093,0.09,0.09,0.096,0.093,0.093,0.091,0.093,0.091
,14:14:16,38,0.093,0.091,0.09,0.09,0.092,0.091,0.09,0.091,0.093,0.09,0.091,0.092,0.094,0.311,0.239,0.232,0.261,0.213,0.224,0.267,0.184,0.311,0.083,0.093,0.092,0.38,0.275,0.212,0.271,0.21,0.267,0.236,0.098,0.215,0.199,0.094,0.092,0.226,0.28,0.252,0.23,0.507,0.249,0.417,0.207,0.211,0.268,0.093,0.092,1.186,1.128,1.053,1.188,1.15,0.654,1.174,1.162,1.155,0.093,0.094,0.092,0.908,1.177,0.904,1.159,1.054,1.185,1.193,1.139,1.102,1.236,0.093,0.092,0.942,0.727,1.17,1.208,1.198,1.166,1.265,1.237,1.21,1.262,0.092,0.09,0.091,0.092,0.093,0.09,0.09,0.096,0.093,0.092,0.091,0.093,0.091
,14:19:16,38.1,0.093,0.091,0.09,0.09,0.092,0.091,0.089,0.091,0.093,0.09,0.091,0.092,0.093,0.313,0.241,0.232,0.261,0.212,0.224,0.267,0.185,0.317,0.083,0.092,0.092,0.38,0.277,0.213,0.271,0.209,0.268,0.237,0.098,0.215,0.2,0.094,0.092,0.226,0.28,0.252,0.229,0.507,0.249,0.416,0.207,0.213,0.269,0.093,0.092,1.184,1.126,1.05,1.187,1.148,0.652,1.172,1.161,1.153,0.092,0.094,0.092,0.905,1.175,0.902,1.157,1.052,1.183,1.192,1.137,1.101,1.234,0.092,0.092,0.938,0.721,1.17,1.206,1.197,1.164,1.263,1.236,1.209,1.26,0.092,0.09,0.091,0.091,0.092,0.089,0.09,0.096,0.093,0.092,0.091,0.093,0.091
,14:24:16,38,0.093,0.091,0.09,0.09,0.092,0.091,0.089,0.091,0.093,0.09,0.09,0.092,0.093,0.314,0.241,0.232,0.26,0.213,0.224,0.268,0.186,0.321,0.083,0.092,0.092,0.379,0.275,0.214,0.272,0.209,0.27,0.236,0.098,0.216,0.201,0.094,0.092,0.226,0.281,0.252,0.23,0.507,0.249,0.416,0.205,0.212,0.27,0.093,0.092,1.184,1.125,1.049,1.186,1.147,0.649,1.17,1.159,1.152,0.092,0.094,0.092,0.902,1.174,0.9,1.155,1.051,1.183,1.192,1.133,1.099,1.234,0.092,0.092,0.935,0.719,1.169,1.206,1.196,1.162,1.263,1.235,1.208,1.259,0.092,0.09,0.091,0.091,0.093,0.09,0.09,0.096,0.093,0.092,0.091,0.092,0.091
,14:29:16,38,0.093,0.091,0.09,0.09,0.092,0.091,0.089,0.091,0.092,0.09,0.09,0.092,0.093,0.314,0.241,0.233,0.261,0.213,0.226,0.267,0.187,0.327,0.083,0.092,0.092,0.379,0.277,0.215,0.272,0.208,0.27,0.237,0.099,0.216,0.198,0.094,0.092,0.227,0.281,0.252,0.229,0.507,0.25,0.416,0.206,0.213,0.271,0.093,0.092,1.184,1.125,1.048,1.186,1.146,0.647,1.169,1.158,1.151,0.092,0.094,0.092,0.9,1.175,0.906,1.153,1.052,1.183,1.192,1.138,1.099,1.233,0.092,0.092,0.933,0.719,1.169,1.204,1.195,1.163,1.262,1.234,1.207,1.258,0.092,0.09,0.091,0.091,0.093,0.09,0.09,0.096,0.092,0.092,0.091,0.092,0.091
,14:34:16,38,0.093,0.091,0.09,0.09,0.092,0.091,0.089,0.091,0.093,0.09,0.091,0.092,0.093,0.314,0.242,0.233,0.262,0.214,0.227,0.268,0.187,0.331,0.084,0.092,0.092,0.379,0.276,0.216,0.273,0.209,0.269,0.237,0.099,0.216,0.202,0.094,0.092,0.227,0.281,0.252,0.229,0.506,0.25,0.416,0.207,0.213,0.272,0.093,0.092,1.183,1.123,1.045,1.184,1.145,0.646,1.167,1.156,1.15,0.092,0.094,0.092,0.898,1.173,0.901,1.151,1.05,1.181,1.191,1.134,1.097,1.232,0.093,0.092,0.931,0.717,1.168,1.204,1.194,1.162,1.262,1.233,1.206,1.257,0.092,0.09,0.091,0.092,0.093,0.09,0.09,0.096,0.093,0.092,0.091,0.093,0.091
,14:39:16,38,0.093,0.09,0.09,0.09,0.092,0.091,0.089,0.091,0.092,0.09,0.09,0.092,0.093,0.315,0.243,0.233,0.261,0.214,0.226,0.268,0.187,0.337,0.084,0.092,0.092,0.378,0.278,0.217,0.274,0.209,0.27,0.237,0.099,0.216,0.203,0.094,0.092,0.227,0.281,0.253,0.23,0.506,0.251,0.415,0.206,0.212,0.273,0.093,0.092,1.184,1.124,1.044,1.185,1.145,0.643,1.166,1.155,1.148,0.092,0.094,0.091,0.895,1.173,0.901,1.15,1.049,1.181,1.191,1.132,1.096,1.231,0.092,0.092,0.929,0.716,1.167,1.204,1.194,1.162,1.261,1.233,1.205,1.257,0.092,0.09,0.091,0.091,0.093,0.09,0.09,0.096,0.092,0.092,0.091,0.093,0.091
,14:44:16,38,0.093,0.091,0.09,0.09,0.091,0.091,0.089,0.091,0.093,0.09,0.09,0.092,0.093,0.316,0.242,0.233,0.261,0.215,0.228,0.269,0.187,0.34,0.084,0.092,0.092,0.377,0.278,0.218,0.275,0.209,0.272,0.238,0.099,0.217,0.203,0.094,0.092,0.228,0.282,0.254,0.23,0.506,0.251,0.415,0.208,0.214,0.274,0.093,0.092,1.183,1.122,1.042,1.183,1.143,0.64,1.164,1.154,1.147,0.092,0.094,0.092,0.893,1.172,0.902,1.147,1.048,1.18,1.19,1.132,1.095,1.231,0.093,0.093,0.927,0.711,1.165,1.203,1.192,1.16,1.26,1.232,1.204,1.255,0.092,0.09,0.091,0.091,0.093,0.09,0.09,0.096,0.093,0.092,0.091,0.093,0.091
,14:49:16,38,0.093,0.091,0.09,0.09,0.092,0.091,0.09,0.091,0.092,0.09,0.09,0.092,0.094,0.318,0.243,0.234,0.262,0.215,0.228,0.269,0.188,0.346,0.084,0.092,0.092,0.376,0.279,0.219,0.275,0.209,0.272,0.238,0.099,0.217,0.204,0.094,0.092,0.228,0.281,0.254,0.23,0.506,0.252,0.415,0.208,0.215,0.275,0.093,0.092,1.181,1.12,1.04,1.182,1.142,0.638,1.162,1.153,1.146,0.092,0.094,0.092,0.892,1.171,0.9,1.144,1.046,1.178,1.188,1.131,1.094,1.23,0.093,0.092,0.924,0.708,1.163,1.202,1.19,1.16,1.259,1.231,1.203,1.254,0.092,0.09,0.091,0.092,0.093,0.09,0.09,0.096,0.093,0.092,0.091,0.093,0.091
,14:54:16,38,0.093,0.091,0.09,0.09,0.091,0.091,0.089,0.091,0.092,0.09,0.09,0.092,0.093,0.317,0.243,0.234,0.263,0.216,0.231,0.269,0.188,0.351,0.083,0.092,0.092,0.375,0.278,0.219,0.276,0.209,0.272,0.238,0.099,0.217,0.204,0.094,0.092,0.228,0.282,0.254,0.229,0.506,0.253,0.414,0.208,0.214,0.276,0.093,0.092,1.183,1.122,1.039,1.182,1.143,0.637,1.162,1.152,1.145,0.092,0.094,0.092,0.888,1.172,0.899,1.143,1.046,1.179,1.188,1.127,1.094,1.23,0.092,0.092,0.923,0.704,1.162,1.202,1.192,1.161,1.259,1.232,1.202,1.254,0.092,0.09,0.091,0.091,0.092,0.089,0.089,0.096,0.093,0.092,0.091,0.092,0.091
,14:59:16,38,0.093,0.091,0.09,0.09,0.092,0.091,0.089,0.091,0.093,0.09,0.09,0.092,0.093,0.319,0.244,0.234,0.263,0.216,0.228,0.27,0.189,0.355,0.084,0.092,0.092,0.374,0.28,0.22,0.277,0.21,0.272,0.238,0.1,0.217,0.205,0.094,0.092,0.228,0.282,0.254,0.23,0.505,0.253,0.414,0.209,0.215,0.277,0.093,0.092,1.181,1.12,1.036,1.181,1.141,0.634,1.159,1.151,1.143,0.092,0.094,0.092,0.887,1.169,0.9,1.139,1.045,1.178,1.187,1.127,1.092,1.228,0.092,0.092,0.921,0.701,1.16,1.2,1.19,1.159,1.259,1.23,1.202,1.254,0.092,0.09,0.091,0.092,0.093,0.09,0.09,0.096,0.093,0.092,0.091,0.092,0.091
,15:04:16,38,0.093,0.09,0.09,0.09,0.092,0.091,0.089,0.091,0.092,0.09,0.091,0.092,0.093,0.321,0.244,0.234,0.263,0.217,0.23,0.27,0.189,0.361,0.083,0.092,0.092,0.373,0.279,0.22,0.277,0.209,0.273,0.238,0.1,0.218,0.205,0.094,0.092,0.228,0.282,0.254,0.229,0.505,0.254,0.414,0.21,0.216,0.279,0.093,0.092,1.18,1.119,1.035,1.18,1.14,0.632,1.158,1.149,1.143,0.092,0.094,0.092,0.884,1.169,0.898,1.136,1.043,1.176,1.185,1.128,1.091,1.228,0.092,0.092,0.918,0.701,1.159,1.2,1.189,1.159,1.258,1.229,1.2,1.254,0.092,0.09,0.091,0.091,0.093,0.09,0.09,0.096,0.092,0.092,0.091,0.092,0.091
,15:09:16,38.1,0.093,0.091,0.09,0.09,0.092,0.091,0.089,0.091,0.092,0.09,0.09,0.092,0.094,0.32,0.245,0.234,0.263,0.217,0.231,0.27,0.189,0.364,0.084,0.092,0.092,0.374,0.281,0.221,0.278,0.21,0.275,0.238,0.1,0.218,0.206,0.094,0.092,0.229,0.282,0.254,0.23,0.504,0.254,0.413,0.21,0.215,0.279,0.093,0.092,1.18,1.118,1.034,1.179,1.139,0.63,1.156,1.148,1.142,0.092,0.094,0.092,0.881,1.168,0.897,1.133,1.042,1.177,1.184,1.124,1.09,1.228,0.093,0.092,0.916,0.695,1.157,1.199,1.188,1.16,1.258,1.229,1.2,1.254,0.092,0.09,0.091,0.091,0.093,0.09,0.09,0.096,0.093,0.092,0.091,0.093,0.091
,15:14:16,38,0.093,0.091,0.09,0.09,0.092,0.091,0.089,0.091,0.092,0.09,0.09,0.092,0.093,0.321,0.246,0.235,0.264,0.218,0.23,0.271,0.189,0.369,0.084,0.092,0.092,0.373,0.28,0.222,0.278,0.21,0.275,0.238,0.101,0.218,0.206,0.094,0.092,0.229,0.282,0.253,0.23,0.504,0.254,0.413,0.212,0.217,0.28,0.092,0.092,1.179,1.118,1.033,1.179,1.138,0.629,1.155,1.147,1.141,0.092,0.094,0.091,0.879,1.167,0.9,1.13,1.041,1.176,1.184,1.126,1.089,1.227,0.092,0.092,0.915,0.694,1.156,1.198,1.187,1.16,1.257,1.229,1.198,1.253,0.092,0.09,0.091,0.091,0.093,0.09,0.09,0.096,0.093,0.092,0.091,0.092,0.091
,15:19:16,38,0.093,0.091,0.09,0.09,0.092,0.091,0.089,0.091,0.093,0.09,0.091,0.092,0.094,0.322,0.246,0.235,0.264,0.218,0.231,0.271,0.19,0.374,0.084,0.092,0.092,0.373,0.282,0.223,0.279,0.21,0.276,0.239,0.101,0.218,0.206,0.094,0.092,0.229,0.283,0.253,0.231,0.504,0.255,0.413,0.212,0.216,0.282,0.093,0.092,1.179,1.117,1.031,1.178,1.137,0.627,1.153,1.146,1.139,0.093,0.094,0.092,0.877,1.167,0.9,1.127,1.041,1.176,1.183,1.127,1.088,1.226,0.093,0.092,0.912,0.694,1.155,1.197,1.187,1.159,1.257,1.228,1.197,1.252,0.092,0.09,0.091,0.091,0.093,0.09,0.09,0.096,0.093,0.092,0.091,0.093,0.091
,15:24:16,38,0.093,0.091,0.09,0.09,0.092,0.091,0.089,0.091,0.093,0.09,0.091,0.092,0.093,0.322,0.247,0.235,0.264,0.218,0.233,0.272,0.189,0.378,0.084,0.092,0.092,0.373,0.284,0.223,0.28,0.211,0.275,0.239,0.101,0.218,0.208,0.094,0.093,0.229,0.283,0.254,0.23,0.503,0.255,0.413,0.212,0.217,0.283,0.093,0.092,1.179,1.116,1.029,1.177,1.137,0.625,1.152,1.144,1.139,0.093,0.094,0.092,0.874,1.166,0.896,1.124,1.039,1.175,1.181,1.123,1.088,1.226,0.092,0.092,0.91,0.692,1.153,1.197,1.185,1.158,1.256,1.227,1.196,1.251,0.092,0.09,0.091,0.092,0.093,0.09,0.09,0.096,0.093,0.092,0.091,0.093,0.091
,15:29:16,38,0.093,0.091,0.09,0.09,0.092,0.091,0.089,0.091,0.092,0.09,0.091,0.092,0.094,0.323,0.246,0.236,0.264,0.219,0.233,0.272,0.189,0.384,0.084,0.092,0.092,0.373,0.285,0.224,0.28,0.209,0.276,0.239,0.101,0.218,0.209,0.094,0.092,0.23,0.283,0.254,0.23,0.503,0.256,0.412,0.214,0.218,0.284,0.093,0.092,1.178,1.116,1.028,1.177,1.136,0.623,1.15,1.143,1.138,0.092,0.094,0.092,0.871,1.166,0.899,1.121,1.038,1.175,1.18,1.121,1.086,1.225,0.093,0.092,0.908,0.687,1.152,1.196,1.185,1.157,1.255,1.226,1.195,1.25,0.092,0.09,0.091,0.092,0.093,0.09,0.09,0.096,0.093,0.092,0.091,0.093,0.091
,15:34:16,38,0.093,0.091,0.09,0.09,0.091,0.091,0.089,0.091,0.092,0.09,0.09,0.091,0.093,0.324,0.247,0.235,0.264,0.219,0.231,0.272,0.189,0.388,0.083,0.092,0.091,0.372,0.286,0.224,0.28,0.21,0.276,0.239,0.101,0.218,0.206,0.094,0.092,0.23,0.283,0.253,0.23,0.503,0.256,0.412,0.214,0.217,0.285,0.093,0.092,1.177,1.115,1.026,1.176,1.135,0.62,1.149,1.142,1.136,0.092,0.094,0.092,0.87,1.165,0.9,1.117,1.037,1.174,1.179,1.122,1.085,1.224,0.092,0.092,0.906,0.688,1.15,1.194,1.183,1.156,1.254,1.226,1.193,1.249,0.092,0.09,0.091,0.091,0.092,0.089,0.089,0.095,0.092,0.092,0.091,0.092,0.091
,15:39:16,38,0.093,0.091,0.09,0.09,0.092,0.091,0.089,0.091,0.092,0.09,0.091,0.092,0.094,0.325,0.248,0.236,0.264,0.219,0.231,0.272,0.19,0.395,0.083,0.092,0.092,0.371,0.285,0.225,0.281,0.21,0.277,0.239,0.102,0.219,0.207,0.094,0.092,0.23,0.283,0.253,0.23,0.502,0.257,0.412,0.215,0.218,0.286,0.093,0.092,1.178,1.115,1.025,1.176,1.135,0.619,1.147,1.14,1.135,0.092,0.094,0.092,0.869,1.165,0.9,1.115,1.037,1.173,1.178,1.121,1.084,1.225,0.092,0.092,0.905,0.684,1.149,1.195,1.183,1.156,1.254,1.226,1.192,1.248,0.092,0.09,0.091,0.091,0.093,0.09,0.09,0.096,0.093,0.093,0.091,0.093,0.091
,15:44:16,38.1,0.093,0.091,0.09,0.09,0.091,0.091,0.089,0.091,0.092,0.09,0.091,0.092,0.093,0.326,0.248,0.236,0.264,0.22,0.233,0.272,0.19,0.398,0.084,0.092,0.092,0.369,0.286,0.226,0.281,0.21,0.277,0.24,0.102,0.219,0.209,0.094,0.092,0.23,0.284,0.253,0.23,0.502,0.257,0.412,0.215,0.219,0.287,0.093,0.092,1.176,1.113,1.022,1.175,1.133,0.616,1.145,1.139,1.135,0.092,0.094,0.092,0.864,1.163,0.899,1.111,1.035,1.172,1.177,1.118,1.083,1.223,0.092,0.092,0.903,0.685,1.147,1.193,1.182,1.154,1.253,1.224,1.19,1.248,0.092,0.09,0.091,0.091,0.093,0.09,0.09,0.096,0.092,0.093,0.091,0.093,0.091
,15:49:16,38,0.093,0.091,0.09,0.09,0.091,0.091,0.089,0.091,0.092,0.09,0.09,0.092,0.093,0.326,0.247,0.236,0.265,0.22,0.233,0.273,0.19,0.403,0.083,0.092,0.092,0.368,0.286,0.226,0.281,0.21,0.279,0.239,0.102,0.219,0.21,0.094,0.092,0.231,0.283,0.253,0.23,0.502,0.257,0.411,0.216,0.218,0.287,0.093,0.092,1.176,1.112,1.022,1.175,1.133,0.615,1.144,1.137,1.133,0.092,0.094,0.092,0.861,1.164,0.899,1.107,1.034,1.172,1.176,1.117,1.082,1.223,0.092,0.092,0.9,0.681,1.145,1.192,1.181,1.153,1.252,1.223,1.19,1.246,0.092,0.09,0.091,0.091,0.092,0.089,0.089,0.095,0.092,0.092,0.091,0.092,0.091
,15:54:16,38.1,0.093,0.091,0.09,0.09,0.092,0.091,0.089,0.091,0.093,0.09,0.091,0.092,0.093,0.327,0.248,0.236,0.265,0.221,0.236,0.273,0.19,0.409,0.083,0.092,0.092,0.368,0.287,0.226,0.282,0.21,0.28,0.239,0.103,0.219,0.21,0.094,0.092,0.231,0.284,0.253,0.231,0.502,0.258,0.412,0.216,0.219,0.289,0.093,0.092,1.176,1.112,1.02,1.175,1.132,0.612,1.142,1.137,1.133,0.092,0.094,0.091,0.86,1.162,0.898,1.105,1.033,1.171,1.175,1.116,1.081,1.222,0.092,0.092,0.898,0.679,1.144,1.192,1.18,1.152,1.252,1.223,1.188,1.246,0.092,0.09,0.091,0.091,0.093,0.09,0.09,0.096,0.092,0.092,0.091,0.092,0.091
,15:59:16,38,0.093,0.091,0.09,0.09,0.092,0.091,0.089,0.091,0.092,0.09,0.09,0.092,0.093,0.328,0.249,0.236,0.265,0.221,0.233,0.273,0.19,0.415,0.083,0.092,0.092,0.367,0.288,0.227,0.283,0.21,0.28,0.238,0.102,0.219,0.211,0.094,0.092,0.231,0.284,0.253,0.231,0.502,0.258,0.411,0.217,0.218,0.29,0.093,0.092,1.175,1.111,1.018,1.174,1.132,0.61,1.141,1.135,1.132,0.092,0.094,0.092,0.857,1.162,0.896,1.101,1.032,1.171,1.174,1.114,1.08,1.221,0.092,0.092,0.896,0.679,1.142,1.191,1.18,1.151,1.251,1.221,1.187,1.245,0.092,0.09,0.091,0.091,0.092,0.09,0.089,0.095,0.092,0.092,0.091,0.092,0.091
,16:04:16,38,0.093,0.091,0.09,0.09,0.091,0.091,0.089,0.091,0.093,0.09,0.09,0.092,0.093,0.328,0.249,0.236,0.266,0.221,0.234,0.274,0.19,0.418,0.083,0.092,0.092,0.367,0.287,0.228,0.283,0.21,0.28,0.239,0.103,0.22,0.213,0.094,0.092,0.232,0.284,0.253,0.23,0.502,0.259,0.411,0.216,0.219,0.291,0.093,0.092,1.174,1.11,1.016,1.173,1.13,0.608,1.139,1.134,1.131,0.092,0.094,0.091,0.855,1.161,0.898,1.098,1.031,1.17,1.173,1.114,1.079,1.22,0.092,0.092,0.893,0.676,1.141,1.19,1.178,1.15,1.251,1.221,1.187,1.244,0.092,0.09,0.091,0.091,0.092,0.09,0.089,0.096,0.092,0.092,0.091,0.092,0.091
,16:09:16,38.1,0.093,0.091,0.09,0.09,0.091,0.091,0.089,0.091,0.092,0.09,0.09,0.092,0.093,0.329,0.25,0.235,0.266,0.222,0.235,0.274,0.191,0.424,0.083,0.092,0.092,0.366,0.288,0.228,0.283,0.211,0.281,0.238,0.105,0.22,0.211,0.094,0.092,0.232,0.284,0.253,0.231,0.501,0.259,0.411,0.217,0.22,0.292,0.093,0.092,1.175,1.109,1.015,1.174,1.129,0.606,1.138,1.133,1.129,0.092,0.094,0.091,0.852,1.16,0.9,1.095,1.031,1.17,1.171,1.113,1.078,1.219,0.092,0.092,0.893,0.676,1.14,1.19,1.178,1.149,1.25,1.22,1.185,1.243,0.092,0.09,0.091,0.091,0.093,0.09,0.089,0.096,0.092,0.092,0.091,0.093,0.091
,16:14:16,38,0.093,0.091,0.09,0.09,0.092,0.091,0.089,0.091,0.092,0.09,0.09,0.092,0.093,0.33,0.25,0.236,0.266,0.222,0.235,0.274,0.191,0.428,0.083,0.092,0.092,0.366,0.289,0.228,0.284,0.21,0.281,0.237,0.104,0.22,0.214,0.094,0.092,0.232,0.285,0.254,0.231,0.501,0.259,0.411,0.218,0.22,0.293,0.093,0.092,1.174,1.109,1.014,1.173,1.129,0.605,1.137,1.132,1.129,0.092,0.094,0.092,0.85,1.16,0.896,1.092,1.029,1.17,1.17,1.111,1.077,1.218,0.092,0.092,0.89,0.669,1.139,1.189,1.178,1.149,1.25,1.22,1.184,1.243,0.092,0.09,0.091,0.091,0.092,0.09,0.09,0.096,0.092,0.092,0.091,0.093,0.091
,16:19:16,38,0.093,0.091,0.09,0.09,0.091,0.091,0.089,0.091,0.092,0.09,0.091,0.092,0.094,0.331,0.25,0.235,0.267,0.222,0.235,0.274,0.19,0.429,0.083,0.092,0.092,0.366,0.288,0.229,0.284,0.211,0.282,0.237,0.104,0.22,0.212,0.094,0.092,0.232,0.284,0.254,0.231,0.5,0.259,0.41,0.218,0.221,0.294,0.093,0.092,1.174,1.109,1.013,1.173,1.129,0.603,1.135,1.131,1.128,0.092,0.094,0.092,0.848,1.16,0.899,1.089,1.029,1.169,1.17,1.11,1.077,1.218,0.092,0.092,0.889,0.669,1.137,1.188,1.178,1.147,1.249,1.219,1.183,1.242,0.092,0.09,0.091,0.091,0.092,0.09,0.089,0.096,0.092,0.092,0.091,0.093,0.091
,16:24:16,38,0.093,0.091,0.09,0.09,0.092,0.091,0.089,0.091,0.092,0.09,0.09,0.092,0.093,0.335,0.25,0.236,0.267,0.223,0.235,0.275,0.191,0.429,0.083,0.092,0.092,0.365,0.289,0.23,0.284,0.21,0.282,0.237,0.104,0.22,0.214,0.094,0.092,0.233,0.285,0.254,0.231,0.5,0.259,0.411,0.219,0.221,0.295,0.093,0.092,1.173,1.107,1.01,1.173,1.127,0.601,1.134,1.129,1.127,0.092,0.094,0.092,0.847,1.158,0.898,1.086,1.028,1.169,1.169,1.112,1.076,1.217,0.092,0.092,0.886,0.668,1.136,1.188,1.176,1.146,1.248,1.218,1.182,1.241,0.092,0.09,0.091,0.091,0.093,0.09,0.089,0.096,0.092,0.092,0.091,0.092,0.091
,16:29:16,38,0.093,0.091,0.09,0.09,0.092,0.091,0.09,0.091,0.093,0.09,0.09,0.092,0.094,0.332,0.25,0.236,0.266,0.223,0.237,0.275,0.191,0.429,0.084,0.092,0.092,0.365,0.289,0.23,0.285,0.211,0.282,0.237,0.105,0.221,0.215,0.094,0.093,0.233,0.285,0.254,0.231,0.501,0.26,0.411,0.218,0.221,0.296,0.093,0.092,1.173,1.108,1.01,1.174,1.127,0.599,1.133,1.128,1.127,0.092,0.094,0.092,0.843,1.158,0.896,1.083,1.026,1.168,1.167,1.109,1.075,1.216,0.092,0.092,0.885,0.666,1.135,1.188,1.176,1.145,1.248,1.219,1.181,1.24,0.092,0.09,0.091,0.091,0.093,0.09,0.09,0.096,0.093,0.092,0.091,0.093,0.091
,16:34:16,38,0.093,0.091,0.09,0.09,0.092,0.091,0.09,0.091,0.093,0.09,0.09,0.092,0.093,0.333,0.251,0.236,0.267,0.223,0.239,0.276,0.192,0.428,0.084,0.092,0.092,0.364,0.29,0.231,0.286,0.211,0.284,0.237,0.105,0.221,0.213,0.094,0.092,0.233,0.285,0.254,0.231,0.5,0.26,0.41,0.219,0.222,0.297,0.093,0.092,1.174,1.107,1.009,1.173,1.127,0.598,1.132,1.127,1.126,0.092,0.094,0.092,0.842,1.158,0.9,1.081,1.026,1.167,1.167,1.109,1.074,1.215,0.093,0.092,0.883,0.665,1.134,1.187,1.176,1.144,1.248,1.218,1.18,1.239,0.092,0.09,0.091,0.091,0.092,0.09,0.09,0.096,0.093,0.092,0.091,0.093,0.091
,16:39:16,38,0.093,0.091,0.09,0.09,0.092,0.091,0.089,0.091,0.092,0.09,0.09,0.092,0.093,0.334,0.25,0.236,0.267,0.223,0.24,0.276,0.191,0.426,0.084,0.092,0.092,0.364,0.291,0.231,0.285,0.211,0.284,0.237,0.106,0.221,0.216,0.094,0.092,0.234,0.285,0.254,0.231,0.499,0.26,0.41,0.22,0.222,0.299,0.093,0.092,1.172,1.105,1.006,1.172,1.125,0.595,1.13,1.125,1.125,0.092,0.094,0.092,0.84,1.156,0.898,1.077,1.024,1.167,1.166,1.109,1.073,1.214,0.092,0.092,0.881,0.663,1.132,1.186,1.174,1.142,1.248,1.217,1.18,1.239,0.092,0.09,0.091,0.091,0.092,0.09,0.089,0.096,0.092,0.092,0.091,0.092,0.091
,16:44:16,38,0.093,0.091,0.09,0.09,0.092,0.091,0.089,0.091,0.092,0.09,0.09,0.092,0.093,0.335,0.25,0.236,0.267,0.224,0.24,0.276,0.191,0.426,0.083,0.092,0.092,0.364,0.29,0.231,0.286,0.211,0.284,0.237,0.106,0.221,0.217,0.094,0.092,0.234,0.285,0.254,0.231,0.499,0.259,0.41,0.22,0.222,0.299,0.093,0.092,1.172,1.105,1.005,1.172,1.125,0.593,1.128,1.124,1.124,0.092,0.094,0.092,0.837,1.156,0.897,1.075,1.024,1.167,1.164,1.107,1.073,1.213,0.092,0.092,0.879,0.664,1.131,1.185,1.173,1.141,1.247,1.217,1.179,1.238,0.092,0.09,0.091,0.091,0.092,0.09,0.09,0.096,0.092,0.092,0.091,0.092,0.091
,16:49:16,38,0.093,0.091,0.09,0.09,0.091,0.091,0.089,0.091,0.093,0.09,0.09,0.092,0.093,0.335,0.251,0.236,0.267,0.224,0.239,0.276,0.192,0.424,0.084,0.092,0.092,0.363,0.291,0.231,0.286,0.211,0.285,0.237,0.106,0.221,0.216,0.094,0.092,0.234,0.285,0.254,0.231,0.499,0.259,0.41,0.22,0.223,0.3,0.093,0.092,1.172,1.105,1.004,1.171,1.124,0.591,1.127,1.123,1.123,0.092,0.094,0.091,0.835,1.155,0.897,1.073,1.022,1.166,1.163,1.105,1.072,1.212,0.092,0.092,0.877,0.658,1.13,1.185,1.173,1.14,1.246,1.216,1.178,1.237,0.092,0.09,0.091,0.091,0.092,0.089,0.089,0.095,0.092,0.092,0.091,0.092,0.091
,16:54:16,38,0.093,0.091,0.09,0.09,0.091,0.091,0.089,0.091,0.092,0.09,0.09,0.092,0.093,0.336,0.251,0.237,0.268,0.225,0.239,0.277,0.192,0.423,0.083,0.092,0.092,0.363,0.29,0.232,0.287,0.211,0.285,0.237,0.106,0.222,0.219,0.094,0.092,0.234,0.285,0.254,0.231,0.499,0.26,0.41,0.22,0.223,0.301,0.093,0.092,1.171,1.103,1.001,1.169,1.123,0.59,1.125,1.121,1.122,0.092,0.094,0.092,0.833,1.154,0.894,1.07,1.022,1.165,1.162,1.102,1.071,1.212,0.092,0.092,0.875,0.656,1.128,1.184,1.172,1.138,1.246,1.216,1.178,1.236,0.092,0.09,0.091,0.091,0.092,0.089,0.089,0.095,0.092,0.092,0.091,0.092,0.091
,16:59:16,38,0.093,0.091,0.09,0.09,0.092,0.091,0.089,0.091,0.093,0.09,0.09,0.092,0.093,0.337,0.252,0.237,0.267,0.225,0.241,0.277,0.192,0.422,0.084,0.092,0.092,0.363,0.292,0.232,0.287,0.211,0.285,0.238,0.107,0.222,0.217,0.094,0.092,0.234,0.286,0.254,0.232,0.498,0.259,0.409,0.221,0.223,0.303,0.093,0.092,1.171,1.104,1.001,1.169,1.123,0.588,1.124,1.121,1.122,0.092,0.094,0.092,0.831,1.154,0.896,1.068,1.02,1.165,1.162,1.105,1.07,1.21,0.092,0.092,0.873,0.656,1.128,1.183,1.172,1.137,1.246,1.215,1.177,1.235,0.092,0.09,0.091,0.091,0.092,0.09,0.09,0.095,0.093,0.092,0.091,0.092,0.091
,17:04:16,38,0.093,0.091,0.09,0.09,0.091,0.091,0.089,0.091,0.092,0.09,0.09,0.092,0.093,0.338,0.251,0.237,0.268,0.225,0.24,0.278,0.192,0.421,0.083,0.092,0.092,0.363,0.291,0.233,0.287,0.212,0.285,0.238,0.107,0.222,0.221,0.094,0.092,0.234,0.285,0.254,0.231,0.498,0.259,0.409,0.221,0.223,0.304,0.093,0.092,1.17,1.102,0.998,1.168,1.121,0.585,1.122,1.119,1.121,0.092,0.094,0.091,0.829,1.152,0.892,1.065,1.02,1.163,1.159,1.101,1.069,1.21,0.092,0.092,0.87,0.654,1.126,1.182,1.17,1.135,1.245,1.214,1.175,1.235,0.092,0.09,0.091,0.091,0.092,0.089,0.089,0.095,0.092,0.092,0.091,0.092,0.091
,17:09:16,38,0.093,0.091,0.09,0.09,0.091,0.091,0.089,0.091,0.092,0.09,0.09,0.092,0.093,0.339,0.252,0.237,0.268,0.225,0.24,0.277,0.193,0.42,0.083,0.092,0.092,0.362,0.291,0.233,0.288,0.211,0.286,0.238,0.109,0.222,0.219,0.094,0.092,0.235,0.285,0.254,0.231,0.498,0.259,0.409,0.222,0.222,0.305,0.093,0.092,1.171,1.103,0.998,1.168,1.121,0.586,1.122,1.118,1.12,0.092,0.094,0.091,0.827,1.153,0.893,1.063,1.018,1.165,1.159,1.103,1.069,1.209,0.092,0.092,0.87,0.649,1.125,1.182,1.171,1.135,1.244,1.214,1.175,1.234,0.092,0.09,0.091,0.091,0.092,0.089,0.089,0.095,0.092,0.092,0.091,0.092,0.091
,17:14:16,38,0.093,0.09,0.09,0.09,0.091,0.091,0.089,0.091,0.092,0.09,0.09,0.092,0.093,0.34,0.252,0.237,0.268,0.225,0.24,0.278,0.193,0.42,0.083,0.092,0.092,0.362,0.293,0.233,0.288,0.211,0.286,0.239,0.108,0.222,0.22,0.094,0.092,0.235,0.285,0.254,0.232,0.498,0.259,0.409,0.222,0.224,0.305,0.093,0.092,1.17,1.102,0.996,1.167,1.12,0.583,1.12,1.117,1.119,0.092,0.094,0.091,0.824,1.151,0.893,1.061,1.017,1.164,1.157,1.103,1.067,1.208,0.092,0.092,0.867,0.652,1.123,1.181,1.169,1.132,1.244,1.213,1.174,1.233,0.092,0.09,0.091,0.091,0.092,0.089,0.089,0.095,0.092,0.092,0.09,0.092,0.091
,17:19:16,38.1,0.093,0.091,0.09,0.09,0.092,0.091,0.089,0.091,0.092,0.09,0.09,0.092,0.093,0.341,0.252,0.237,0.268,0.226,0.241,0.278,0.193,0.419,0.083,0.092,0.092,0.362,0.293,0.234,0.289,0.211,0.288,0.239,0.109,0.223,0.219,0.094,0.092,0.235,0.284,0.255,0.231,0.498,0.26,0.409,0.222,0.225,0.307,0.093,0.092,1.171,1.103,0.996,1.167,1.12,0.582,1.12,1.116,1.119,0.092,0.094,0.092,0.823,1.152,0.89,1.06,1.017,1.164,1.156,1.099,1.067,1.208,0.092,0.092,0.866,0.649,1.123,1.181,1.17,1.132,1.244,1.213,1.173,1.233,0.092,0.09,0.091,0.091,0.093,0.09,0.089,0.095,0.092,0.092,0.091,0.093,0.091
,17:24:16,38,0.093,0.091,0.09,0.09,0.092,0.091,0.089,0.091,0.093,0.09,0.09,0.092,0.093,0.342,0.252,0.237,0.268,0.226,0.241,0.278,0.193,0.418,0.084,0.092,0.092,0.362,0.293,0.234,0.289,0.211,0.289,0.239,0.109,0.223,0.222,0.094,0.092,0.236,0.286,0.255,0.232,0.497,0.259,0.409,0.223,0.225,0.308,0.093,0.092,1.17,1.101,0.993,1.166,1.119,0.58,1.118,1.115,1.118,0.092,0.094,0.092,0.82,1.151,0.889,1.057,1.015,1.163,1.155,1.099,1.066,1.207,0.092,0.092,0.864,0.648,1.122,1.18,1.169,1.129,1.243,1.213,1.173,1.232,0.092,0.09,0.091,0.091,0.092,0.09,0.09,0.095,0.092,0.092,0.091,0.092,0.091
,17:29:16,38,0.093,0.091,0.09,0.09,0.092,0.091,0.089,0.091,0.093,0.09,0.09,0.092,0.093,0.342,0.253,0.237,0.269,0.226,0.241,0.279,0.193,0.419,0.083,0.092,0.092,0.362,0.294,0.234,0.289,0.211,0.289,0.239,0.11,0.223,0.221,0.094,0.092,0.236,0.282,0.255,0.232,0.497,0.26,0.409,0.223,0.226,0.31,0.093,0.092,1.169,1.1,0.992,1.165,1.118,0.579,1.117,1.114,1.117,0.092,0.094,0.092,0.817,1.15,0.891,1.056,1.014,1.162,1.154,1.1,1.065,1.206,0.092,0.092,0.862,0.646,1.12,1.18,1.168,1.128,1.243,1.212,1.172,1.231,0.092,0.09,0.091,0.091,0.092,0.089,0.089,0.096,0.092,0.092,0.091,0.092,0.091
,17:34:16,38,0.093,0.091,0.09,0.09,0.092,0.091,0.089,0.091,0.092,0.09,0.09,0.092,0.094,0.344,0.253,0.237,0.269,0.226,0.241,0.279,0.194,0.419,0.084,0.092,0.092,0.361,0.294,0.234,0.289,0.211,0.289,0.239,0.11,0.223,0.223,0.094,0.092,0.236,0.284,0.255,0.232,0.497,0.26,0.409,0.223,0.225,0.31,0.093,0.092,1.169,1.1,0.991,1.164,1.118,0.577,1.115,1.113,1.117,0.092,0.094,0.091,0.816,1.149,0.888,1.054,1.014,1.162,1.153,1.098,1.065,1.205,0.092,0.092,0.86,0.642,1.119,1.18,1.167,1.126,1.243,1.212,1.171,1.23,0.092,0.09,0.091,0.091,0.093,0.089,0.089,0.096,0.092,0.092,0.091,0.092,0.091
,17:39:16,38,0.093,0.091,0.09,0.09,0.092,0.091,0.089,0.091,0.092,0.09,0.09,0.092,0.093,0.344,0.253,0.237,0.269,0.227,0.242,0.279,0.194,0.418,0.084,0.092,0.092,0.361,0.295,0.234,0.29,0.211,0.289,0.239,0.111,0.223,0.223,0.094,0.092,0.237,0.285,0.255,0.232,0.497,0.26,0.408,0.224,0.226,0.312,0.093,0.092,1.17,1.101,0.99,1.164,1.118,0.576,1.115,1.112,1.116,0.092,0.094,0.091,0.814,1.15,0.888,1.053,1.013,1.162,1.152,1.097,1.064,1.204,0.093,0.092,0.859,0.641,1.119,1.179,1.168,1.125,1.242,1.212,1.17,1.23,0.092,0.09,0.091,0.091,0.092,0.089,0.09,0.096,0.092,0.092,0.091,0.092,0.091
,17:44:16,38,0.093,0.091,0.09,0.09,0.092,0.091,0.089,0.091,0.092,0.09,0.091,0.092,0.093,0.345,0.254,0.238,0.27,0.227,0.242,0.28,0.194,0.418,0.084,0.092,0.092,0.36,0.295,0.235,0.29,0.212,0.29,0.239,0.113,0.223,0.223,0.094,0.092,0.237,0.283,0.255,0.232,0.497,0.26,0.409,0.223,0.225,0.313,0.093,0.092,1.169,1.099,0.988,1.163,1.116,0.574,1.113,1.11,1.115,0.092,0.094,0.092,0.812,1.148,0.888,1.051,1.011,1.16,1.151,1.097,1.063,1.203,0.093,0.092,0.858,0.641,1.118,1.178,1.166,1.123,1.242,1.211,1.17,1.229,0.092,0.09,0.091,0.091,0.092,0.09,0.089,0.096,0.092,0.092,0.091,0.092,0.091
,17:49:16,38.1,0.093,0.09,0.09,0.09,0.091,0.091,0.089,0.091,0.092,0.09,0.09,0.092,0.093,0.345,0.253,0.238,0.269,0.227,0.243,0.279,0.194,0.417,0.083,0.092,0.091,0.36,0.295,0.235,0.29,0.211,0.29,0.239,0.112,0.223,0.224,0.094,0.092,0.237,0.284,0.255,0.232,0.496,0.26,0.408,0.224,0.226,0.314,0.092,0.092,1.168,1.099,0.988,1.163,1.116,0.571,1.112,1.11,1.115,0.092,0.094,0.091,0.81,1.149,0.886,1.05,1.01,1.161,1.149,1.095,1.062,1.203,0.092,0.092,0.855,0.637,1.117,1.177,1.166,1.121,1.241,1.21,1.168,1.228,0.092,0.09,0.091,0.091,0.092,0.089,0.089,0.095,0.092,0.092,0.09,0.092,0.091
,17:54:16,38,0.093,0.091,0.09,0.09,0.091,0.091,0.089,0.091,0.092,0.09,0.09,0.092,0.093,0.347,0.254,0.238,0.27,0.227,0.245,0.28,0.194,0.417,0.084,0.092,0.092,0.36,0.294,0.235,0.29,0.212,0.291,0.24,0.113,0.224,0.224,0.094,0.092,0.237,0.284,0.255,0.232,0.496,0.261,0.409,0.224,0.228,0.316,0.093,0.092,1.168,1.098,0.986,1.162,1.115,0.57,1.11,1.108,1.114,0.092,0.094,0.092,0.808,1.147,0.884,1.048,1.009,1.16,1.147,1.095,1.062,1.202,0.093,0.092,0.854,0.638,1.115,1.177,1.165,1.12,1.24,1.211,1.168,1.228,0.092,0.09,0.091,0.091,0.093,0.09,0.089,0.095,0.092,0.092,0.091,0.092,0.091
,17:59:16,38,0.093,0.091,0.09,0.09,0.092,0.091,0.089,0.091,0.092,0.09,0.09,0.092,0.093,0.347,0.254,0.238,0.27,0.227,0.245,0.28,0.194,0.417,0.083,0.092,0.092,0.36,0.295,0.236,0.291,0.212,0.292,0.24,0.113,0.224,0.225,0.094,0.092,0.237,0.285,0.255,0.232,0.496,0.261,0.408,0.224,0.226,0.317,0.093,0.092,1.169,1.099,0.986,1.162,1.115,0.569,1.11,1.107,1.113,0.092,0.094,0.092,0.807,1.149,0.882,1.048,1.008,1.161,1.147,1.092,1.061,1.201,0.092,0.092,0.852,0.633,1.115,1.176,1.166,1.119,1.239,1.211,1.167,1.227,0.092,0.09,0.091,0.091,0.093,0.09,0.089,0.095,0.092,0.092,0.091,0.092,0.091
,18:04:16,38,0.093,0.091,0.09,0.09,0.091,0.091,0.089,0.091,0.092,0.09,0.09,0.091,0.093,0.348,0.254,0.238,0.27,0.227,0.244,0.28,0.194,0.416,0.083,0.092,0.092,0.359,0.296,0.236,0.291,0.212,0.292,0.24,0.117,0.223,0.226,0.094,0.092,0.237,0.284,0.256,0.232,0.496,0.261,0.408,0.224,0.229,0.318,0.093,0.092,1.167,1.098,0.984,1.161,1.113,0.567,1.109,1.106,1.112,0.092,0.094,0.091,0.803,1.147,0.882,1.046,1.007,1.161,1.145,1.091,1.06,1.2,0.092,0.092,0.85,0.633,1.113,1.176,1.165,1.116,1.239,1.21,1.166,1.226,0.092,0.09,0.09,0.091,0.092,0.089,0.089,0.095,0.092,0.092,0.091,0.092,0.091
,18:09:16,38.1,0.093,0.091,0.09,0.09,0.091,0.091,0.089,0.091,0.092,0.09,0.09,0.092,0.093,0.349,0.256,0.238,0.271,0.228,0.243,0.281,0.194,0.416,0.083,0.092,0.092,0.359,0.296,0.236,0.291,0.212,0.291,0.24,0.114,0.224,0.226,0.094,0.092,0.238,0.283,0.256,0.232,0.496,0.261,0.408,0.225,0.226,0.32,0.093,0.092,1.167,1.097,0.981,1.159,1.113,0.565,1.106,1.105,1.112,0.092,0.094,0.091,0.802,1.146,0.882,1.045,1.006,1.16,1.143,1.091,1.059,1.2,0.092,0.092,0.848,0.633,1.112,1.175,1.164,1.114,1.239,1.21,1.166,1.226,0.092,0.09,0.091,0.091,0.092,0.09,0.089,0.095,0.092,0.092,0.091,0.092,0.091
,18:14:16,38,0.093,0.091,0.09,0.09,0.092,0.091,0.089,0.091,0.093,0.09,0.09,0.092,0.093,0.351,0.256,0.238,0.271,0.228,0.243,0.281,0.195,0.416,0.084,0.092,0.092,0.359,0.297,0.236,0.291,0.212,0.293,0.241,0.114,0.224,0.227,0.094,0.092,0.238,0.284,0.256,0.232,0.496,0.261,0.408,0.225,0.226,0.321,0.093,0.092,1.168,1.098,0.982,1.16,1.113,0.564,1.106,1.104,1.111,0.092,0.094,0.092,0.801,1.147,0.883,1.045,1.004,1.16,1.143,1.091,1.059,1.198,0.092,0.092,0.847,0.628,1.112,1.175,1.165,1.113,1.239,1.209,1.165,1.225,0.092,0.09,0.091,0.091,0.093,0.089,0.089,0.095,0.093,0.092,0.091,0.092,0.091
,18:19:16,38,0.093,0.091,0.09,0.09,0.092,0.091,0.089,0.091,0.092,0.09,0.09,0.092,0.093,0.351,0.255,0.239,0.271,0.228,0.246,0.282,0.195,0.416,0.084,0.092,0.092,0.359,0.298,0.236,0.291,0.212,0.293,0.241,0.116,0.224,0.228,0.094,0.092,0.238,0.284,0.256,0.232,0.495,0.261,0.408,0.225,0.225,0.322,0.093,0.092,1.167,1.097,0.98,1.159,1.111,0.562,1.105,1.103,1.111,0.092,0.094,0.092,0.797,1.145,0.879,1.043,1.003,1.159,1.141,1.086,1.058,1.198,0.092,0.092,0.845,0.631,1.11,1.175,1.163,1.11,1.238,1.209,1.165,1.224,0.092,0.09,0.09,0.091,0.092,0.089,0.089,0.095,0.092,0.092,0.091,0.092,0.091
,18:24:16,38,0.093,0.091,0.09,0.09,0.091,0.091,0.089,0.091,0.092,0.09,0.091,0.092,0.093,0.35,0.256,0.239,0.271,0.228,0.244,0.282,0.195,0.415,0.084,0.092,0.092,0.358,0.297,0.236,0.292,0.212,0.293,0.24,0.115,0.225,0.228,0.094,0.092,0.239,0.285,0.256,0.232,0.495,0.262,0.408,0.225,0.227,0.324,0.093,0.092,1.167,1.097,0.978,1.158,1.11,0.56,1.103,1.102,1.11,0.092,0.094,0.092,0.796,1.145,0.878,1.042,1.002,1.159,1.14,1.089,1.057,1.197,0.092,0.092,0.843,0.628,1.109,1.173,1.162,1.108,1.238,1.209,1.164,1.223,0.092,0.09,0.091,0.091,0.092,0.089,0.089,0.095,0.092,0.092,0.091,0.092,0.091
,18:29:16,38,0.093,0.091,0.09,0.09,0.092,0.091,0.089,0.091,0.092,0.09,0.091,0.092,0.093,0.349,0.256,0.239,0.271,0.229,0.244,0.282,0.195,0.415,0.083,0.092,0.092,0.358,0.298,0.236,0.292,0.212,0.294,0.241,0.116,0.225,0.228,0.094,0.092,0.239,0.285,0.257,0.233,0.495,0.262,0.407,0.226,0.227,0.326,0.093,0.092,1.168,1.097,0.978,1.158,1.111,0.559,1.103,1.101,1.109,0.092,0.094,0.091,0.794,1.145,0.878,1.042,1.001,1.159,1.138,1.086,1.056,1.196,0.092,0.092,0.842,0.626,1.109,1.173,1.163,1.108,1.237,1.208,1.163,1.222,0.092,0.09,0.091,0.091,0.092,0.09,0.089,0.095,0.092,0.092,0.09,0.092,0.091
,18:34:16,38.1,0.093,0.09,0.089,0.09,0.091,0.091,0.089,0.091,0.092,0.09,0.09,0.092,0.093,0.349,0.256,0.239,0.271,0.229,0.246,0.282,0.195,0.415,0.083,0.092,0.092,0.358,0.298,0.236,0.293,0.212,0.295,0.241,0.116,0.224,0.229,0.094,0.092,0.239,0.285,0.256,0.232,0.494,0.262,0.407,0.226,0.229,0.328,0.092,0.092,1.167,1.096,0.976,1.157,1.109,0.557,1.101,1.1,1.109,0.092,0.094,0.091,0.791,1.144,0.876,1.04,0.999,1.159,1.136,1.086,1.056,1.195,0.092,0.092,0.84,0.624,1.107,1.173,1.161,1.105,1.236,1.208,1.163,1.222,0.092,0.09,0.091,0.091,0.092,0.089,0.089,0.095,0.093,0.092,0.09,0.092,0.091
,18:39:16,38.1,0.093,0.091,0.09,0.09,0.091,0.091,0.089,0.091,0.092,0.09,0.09,0.092,0.093,0.348,0.256,0.239,0.272,0.229,0.245,0.282,0.196,0.415,0.084,0.092,0.092,0.358,0.299,0.237,0.293,0.212,0.295,0.24,0.117,0.225,0.229,0.094,0.092,0.239,0.285,0.257,0.232,0.494,0.262,0.408,0.227,0.228,0.329,0.093,0.092,1.168,1.095,0.974,1.157,1.108,0.557,1.1,1.099,1.108,0.092,0.094,0.091,0.79,1.143,0.875,1.04,0.998,1.159,1.135,1.085,1.055,1.194,0.092,0.092,0.839,0.623,1.107,1.172,1.161,1.103,1.236,1.209,1.162,1.222,0.092,0.09,0.09,0.091,0.092,0.089,0.089,0.095,0.092,0.092,0.09,0.092,0.091
,18:44:16,38,0.093,0.091,0.09,0.09,0.092,0.091,0.089,0.091,0.092,0.09,0.09,0.091,0.093,0.348,0.256,0.239,0.272,0.229,0.246,0.283,0.197,0.415,0.084,0.092,0.092,0.358,0.299,0.237,0.293,0.213,0.296,0.241,0.118,0.225,0.23,0.094,0.092,0.24,0.285,0.257,0.233,0.494,0.262,0.407,0.227,0.23,0.331,0.093,0.092,1.169,1.095,0.974,1.157,1.108,0.556,1.099,1.098,1.108,0.092,0.094,0.091,0.788,1.144,0.874,1.04,0.997,1.16,1.134,1.083,1.055,1.194,0.092,0.092,0.837,0.619,1.106,1.172,1.161,1.102,1.236,1.209,1.162,1.221,0.092,0.09,0.091,0.091,0.092,0.089,0.089,0.095,0.092,0.092,0.091,0.092,0.091
,18:49:16,38,0.093,0.091,0.09,0.09,0.092,0.091,0.089,0.091,0.093,0.09,0.09,0.092,0.094,0.348,0.256,0.239,0.272,0.229,0.245,0.283,0.197,0.414,0.084,0.092,0.092,0.357,0.299,0.237,0.293,0.213,0.296,0.241,0.119,0.225,0.232,0.094,0.092,0.24,0.286,0.257,0.233,0.494,0.263,0.407,0.228,0.229,0.333,0.093,0.092,1.169,1.095,0.973,1.156,1.107,0.554,1.099,1.096,1.107,0.092,0.094,0.091,0.786,1.143,0.874,1.039,0.996,1.16,1.132,1.084,1.054,1.193,0.092,0.092,0.836,0.618,1.105,1.172,1.16,1.099,1.236,1.209,1.162,1.221,0.092,0.09,0.091,0.091,0.092,0.089,0.089,0.095,0.092,0.092,0.09,0.093,0.091
,18:54:16,38,0.093,0.091,0.09,0.09,0.091,0.091,0.089,0.091,0.092,0.09,0.09,0.092,0.093,0.348,0.256,0.238,0.272,0.229,0.247,0.283,0.197,0.415,0.083,0.092,0.092,0.357,0.3,0.237,0.294,0.213,0.296,0.241,0.119,0.225,0.231,0.094,0.092,0.24,0.285,0.257,0.233,0.494,0.263,0.407,0.229,0.23,0.335,0.093,0.092,1.169,1.094,0.972,1.155,1.107,0.552,1.097,1.096,1.107,0.092,0.094,0.091,0.785,1.143,0.875,1.038,0.995,1.159,1.131,1.084,1.053,1.192,0.092,0.092,0.834,0.618,1.105,1.171,1.16,1.098,1.235,1.208,1.161,1.219,0.092,0.09,0.091,0.091,0.092,0.089,0.089,0.095,0.092,0.092,0.091,0.092,0.091
,18:59:16,38,0.093,0.091,0.09,0.09,0.092,0.091,0.09,0.091,0.093,0.09,0.09,0.092,0.093,0.347,0.256,0.24,0.272,0.23,0.247,0.284,0.198,0.414,0.084,0.092,0.092,0.357,0.3,0.238,0.294,0.213,0.298,0.242,0.121,0.225,0.233,0.094,0.092,0.24,0.286,0.257,0.232,0.494,0.263,0.407,0.228,0.23,0.337,0.093,0.092,1.17,1.093,0.97,1.154,1.106,0.551,1.096,1.095,1.106,0.092,0.094,0.092,0.782,1.143,0.869,1.037,0.993,1.16,1.13,1.081,1.053,1.192,0.093,0.092,0.833,0.618,1.103,1.171,1.159,1.096,1.235,1.208,1.161,1.219,0.092,0.09,0.091,0.091,0.092,0.09,0.089,0.096,0.092,0.092,0.091,0.092,0.091
,19:04:16,38.1,0.092,0.091,0.09,0.09,0.091,0.091,0.089,0.091,0.092,0.09,0.09,0.091,0.093,0.347,0.256,0.24,0.272,0.23,0.248,0.284,0.198,0.415,0.083,0.092,0.092,0.356,0.3,0.238,0.294,0.213,0.297,0.242,0.12,0.226,0.233,0.094,0.092,0.24,0.286,0.257,0.232,0.494,0.263,0.407,0.229,0.229,0.339,0.092,0.092,1.173,1.093,0.969,1.153,1.104,0.549,1.095,1.093,1.105,0.092,0.094,0.091,0.778,1.142,0.869,1.037,0.992,1.159,1.128,1.079,1.052,1.19,0.092,0.092,0.83,0.619,1.102,1.17,1.158,1.094,1.235,1.209,1.16,1.218,0.092,0.09,0.09,0.091,0.092,0.089,0.089,0.095,0.092,0.092,0.09,0.092,0.091
,19:09:16,38,0.093,0.091,0.09,0.09,0.092,0.091,0.089,0.091,0.092,0.09,0.09,0.091,0.093,0.347,0.256,0.24,0.273,0.23,0.247,0.284,0.198,0.414,0.083,0.092,0.092,0.357,0.302,0.238,0.294,0.213,0.298,0.242,0.12,0.226,0.233,0.094,0.092,0.24,0.286,0.257,0.232,0.493,0.262,0.407,0.229,0.229,0.341,0.093,0.092,1.172,1.093,0.968,1.153,1.104,0.548,1.093,1.093,1.105,0.092,0.094,0.092,0.778,1.143,0.87,1.037,0.991,1.159,1.126,1.08,1.051,1.19,0.092,0.092,0.83,0.616,1.101,1.169,1.157,1.093,1.234,1.208,1.16,1.218,0.092,0.09,0.091,0.091,0.092,0.089,0.089,0.095,0.092,0.092,0.09,0.092,0.09
,19:14:16,38,0.093,0.091,0.09,0.09,0.091,0.091,0.089,0.091,0.092,0.09,0.09,0.092,0.093,0.346,0.257,0.24,0.273,0.23,0.248,0.284,0.198,0.414,0.084,0.092,0.092,0.356,0.301,0.238,0.295,0.213,0.299,0.242,0.121,0.226,0.234,0.094,0.092,0.24,0.286,0.257,0.233,0.493,0.263,0.407,0.23,0.23,0.341,0.092,0.092,1.173,1.093,0.967,1.153,1.104,0.548,1.093,1.092,1.105,0.092,0.094,0.091,0.777,1.142,0.871,1.036,0.99,1.159,1.125,1.08,1.05,1.189,0.092,0.092,0.827,0.61,1.1,1.169,1.157,1.091,1.235,1.208,1.16,1.216,0.091,0.09,0.09,0.091,0.092,0.089,0.089,0.095,0.092,0.092,0.09,0.092,0.091
,19:19:16,38,0.093,0.091,0.09,0.09,0.092,0.091,0.089,0.091,0.093,0.09,0.091,0.092,0.094,0.346,0.257,0.24,0.273,0.23,0.248,0.285,0.198,0.414,0.084,0.092,0.092,0.356,0.301,0.238,0.295,0.213,0.299,0.242,0.122,0.226,0.235,0.094,0.092,0.241,0.286,0.258,0.233,0.493,0.263,0.407,0.23,0.23,0.344,0.093,0.092,1.172,1.092,0.965,1.152,1.103,0.547,1.091,1.091,1.104,0.092,0.094,0.091,0.774,1.141,0.869,1.036,0.989,1.158,1.123,1.079,1.05,1.189,0.092,0.092,0.827,0.613,1.099,1.169,1.156,1.089,1.234,1.208,1.159,1.217,0.092,0.09,0.091,0.091,0.092,0.089,0.089,0.095,0.092,0.092,0.091,0.092,0.091
,19:24:16,38.1,0.093,0.091,0.09,0.09,0.092,0.091,0.089,0.091,0.092,0.09,0.09,0.092,0.093,0.345,0.256,0.24,0.273,0.23,0.248,0.285,0.198,0.414,0.083,0.092,0.092,0.356,0.303,0.238,0.295,0.214,0.3,0.242,0.123,0.226,0.235,0.094,0.092,0.242,0.286,0.257,0.233,0.492,0.263,0.406,0.231,0.231,0.344,0.093,0.092,1.173,1.092,0.965,1.152,1.102,0.546,1.091,1.09,1.103,0.092,0.094,0.091,0.772,1.141,0.869,1.036,0.988,1.159,1.121,1.079,1.05,1.188,0.092,0.092,0.825,0.612,1.099,1.168,1.156,1.087,1.235,1.208,1.159,1.216,0.092,0.09,0.091,0.091,0.092,0.089,0.089,0.095,0.092,0.092,0.09,0.092,0.091
,19:29:16,38,0.093,0.091,0.09,0.09,0.091,0.091,0.089,0.091,0.092,0.09,0.09,0.091,0.093,0.345,0.257,0.24,0.273,0.23,0.249,0.285,0.198,0.414,0.083,0.092,0.092,0.356,0.301,0.238,0.296,0.213,0.3,0.242,0.123,0.226,0.236,0.094,0.092,0.242,0.286,0.257,0.233,0.493,0.264,0.406,0.232,0.23,0.344,0.093,0.092,1.172,1.091,0.964,1.151,1.101,0.544,1.089,1.089,1.103,0.092,0.094,0.091,0.771,1.14,0.871,1.035,0.988,1.158,1.12,1.08,1.049,1.187,0.092,0.092,0.823,0.609,1.098,1.168,1.155,1.085,1.234,1.207,1.158,1.215,0.092,0.09,0.09,0.091,0.092,0.089,0.089,0.095,0.092,0.092,0.09,0.092,0.09
,19:34:16,38,0.093,0.09,0.09,0.09,0.091,0.091,0.089,0.091,0.092,0.09,0.09,0.091,0.093,0.345,0.256,0.24,0.273,0.231,0.249,0.285,0.199,0.414,0.083,0.092,0.092,0.356,0.303,0.238,0.295,0.213,0.3,0.242,0.125,0.226,0.237,0.094,0.092,0.242,0.287,0.257,0.232,0.492,0.263,0.406,0.232,0.23,0.344,0.093,0.092,1.172,1.091,0.963,1.151,1.101,0.544,1.089,1.087,1.102,0.092,0.094,0.091,0.769,1.14,0.868,1.035,0.987,1.158,1.118,1.078,1.048,1.186,0.092,0.092,0.822,0.606,1.097,1.167,1.155,1.085,1.234,1.207,1.158,1.214,0.091,0.09,0.09,0.091,0.092,0.089,0.089,0.095,0.092,0.092,0.09,0.092,0.091
,19:39:16,38,0.093,0.091,0.09,0.09,0.092,0.091,0.089,0.091,0.092,0.09,0.09,0.092,0.093,0.345,0.257,0.24,0.274,0.231,0.25,0.285,0.199,0.414,0.083,0.092,0.092,0.356,0.303,0.239,0.296,0.213,0.302,0.243,0.125,0.227,0.237,0.094,0.092,0.242,0.287,0.258,0.233,0.492,0.264,0.406,0.231,0.232,0.344,0.093,0.092,1.171,1.091,0.961,1.15,1.099,0.542,1.088,1.087,1.102,0.092,0.094,0.091,0.767,1.139,0.867,1.034,0.987,1.157,1.117,1.078,1.048,1.185,0.092,0.092,0.819,0.607,1.095,1.167,1.154,1.083,1.235,1.207,1.158,1.214,0.092,0.09,0.091,0.091,0.092,0.089,0.089,0.095,0.092,0.092,0.091,0.092,0.091
,19:44:16,38.1,0.092,0.091,0.09,0.09,0.091,0.091,0.089,0.091,0.092,0.09,0.09,0.091,0.093,0.344,0.256,0.24,0.274,0.231,0.25,0.284,0.199,0.414,0.083,0.092,0.092,0.356,0.303,0.238,0.296,0.213,0.302,0.243,0.126,0.227,0.238,0.094,0.092,0.242,0.286,0.257,0.233,0.492,0.264,0.406,0.232,0.23,0.345,0.092,0.092,1.171,1.091,0.961,1.15,1.1,0.541,1.087,1.085,1.101,0.092,0.094,0.091,0.766,1.139,0.869,1.034,0.988,1.158,1.115,1.075,1.046,1.185,0.092,0.092,0.819,0.603,1.095,1.167,1.154,1.081,1.236,1.206,1.157,1.213,0.091,0.089,0.09,0.091,0.092,0.089,0.089,0.095,0.092,0.092,0.09,0.092,0.09
,19:49:16,38,0.093,0.091,0.09,0.09,0.092,0.091,0.089,0.091,0.092,0.09,0.091,0.092,0.094,0.344,0.256,0.241,0.274,0.231,0.251,0.284,0.199,0.414,0.084,0.092,0.092,0.356,0.303,0.239,0.297,0.214,0.303,0.243,0.126,0.227,0.24,0.094,0.092,0.243,0.287,0.258,0.233,0.492,0.264,0.406,0.233,0.231,0.346,0.093,0.092,1.171,1.091,0.96,1.15,1.099,0.539,1.086,1.085,1.101,0.092,0.094,0.092,0.764,1.139,0.869,1.034,0.987,1.158,1.114,1.076,1.046,1.184,0.093,0.092,0.818,0.602,1.095,1.166,1.153,1.08,1.236,1.206,1.156,1.213,0.092,0.09,0.091,0.091,0.092,0.09,0.089,0.095,0.092,0.092,0.091,0.092,0.091
,19:54:16,38,0.093,0.091,0.09,0.09,0.092,0.091,0.089,0.091,0.092,0.09,0.09,0.092,0.093,0.344,0.256,0.241,0.274,0.231,0.251,0.284,0.199,0.414,0.084,0.092,0.092,0.355,0.303,0.239,0.298,0.214,0.303,0.243,0.127,0.227,0.24,0.094,0.092,0.243,0.287,0.258,0.233,0.491,0.264,0.406,0.232,0.231,0.345,0.093,0.092,1.17,1.09,0.958,1.149,1.098,0.537,1.085,1.084,1.1,0.092,0.094,0.091,0.763,1.138,0.869,1.033,0.987,1.157,1.112,1.075,1.045,1.183,0.092,0.092,0.816,0.601,1.094,1.166,1.152,1.078,1.235,1.205,1.156,1.212,0.091,0.09,0.09,0.091,0.092,0.089,0.089,0.095,0.092,0.092,0.09,0.092,0.091
,19:59:16,38.1,0.093,0.091,0.09,0.09,0.092,0.091,0.089,0.091,0.092,0.09,0.09,0.092,0.093,0.344,0.256,0.241,0.275,0.232,0.251,0.284,0.199,0.414,0.083,0.092,0.092,0.355,0.302,0.239,0.298,0.214,0.304,0.243,0.128,0.227,0.241,0.094,0.092,0.243,0.287,0.258,0.233,0.491,0.264,0.406,0.232,0.232,0.345,0.093,0.092,1.169,1.089,0.957,1.147,1.096,0.537,1.083,1.083,1.1,0.092,0.094,0.091,0.759,1.137,0.866,1.033,0.986,1.156,1.111,1.075,1.045,1.183,0.092,0.092,0.814,0.6,1.093,1.165,1.151,1.076,1.235,1.204,1.155,1.212,0.092,0.09,0.09,0.091,0.092,0.089,0.089,0.095,0.092,0.092,0.09,0.092,0.091
,20:04:16,38,0.093,0.091,0.09,0.09,0.092,0.091,0.089,0.091,0.092,0.09,0.09,0.091,0.094,0.343,0.256,0.241,0.274,0.231,0.252,0.284,0.199,0.414,0.083,0.092,0.092,0.356,0.296,0.239,0.298,0.214,0.304,0.243,0.129,0.227,0.242,0.094,0.092,0.243,0.287,0.258,0.232,0.492,0.264,0.406,0.233,0.232,0.346,0.093,0.092,1.169,1.089,0.956,1.147,1.096,0.535,1.083,1.082,1.099,0.092,0.094,0.091,0.758,1.137,0.864,1.033,0.985,1.157,1.109,1.071,1.044,1.182,0.092,0.092,0.813,0.599,1.092,1.165,1.151,1.075,1.235,1.204,1.155,1.211,0.092,0.089,0.09,0.091,0.092,0.089,0.089,0.095,0.092,0.092,0.09,0.092,0.09
,20:09:16,38,0.093,0.091,0.09,0.09,0.091,0.091,0.089,0.091,0.092,0.09,0.09,0.091,0.093,0.343,0.257,0.241,0.275,0.232,0.253,0.284,0.199,0.415,0.084,0.092,0.092,0.356,0.295,0.239,0.298,0.214,0.305,0.244,0.129,0.227,0.243,0.094,0.092,0.244,0.287,0.258,0.233,0.491,0.264,0.405,0.233,0.232,0.347,0.093,0.092,1.17,1.09,0.956,1.148,1.096,0.534,1.083,1.081,1.099,0.092,0.094,0.091,0.757,1.138,0.869,1.035,0.985,1.156,1.108,1.073,1.044,1.181,0.092,0.092,0.813,0.596,1.092,1.166,1.151,1.074,1.235,1.204,1.154,1.21,0.092,0.09,0.091,0.091,0.092,0.089,0.089,0.095,0.092,0.092,0.09,0.092,0.09
,20:14:16,38,0.092,0.09,0.09,0.09,0.091,0.091,0.089,0.091,0.092,0.09,0.09,0.091,0.093,0.344,0.256,0.24,0.275,0.232,0.253,0.284,0.199,0.414,0.083,0.092,0.092,0.356,0.295,0.239,0.298,0.214,0.305,0.243,0.13,0.227,0.244,0.094,0.092,0.244,0.287,0.258,0.233,0.491,0.264,0.406,0.234,0.232,0.347,0.093,0.092,1.168,1.088,0.954,1.146,1.094,0.533,1.081,1.08,1.098,0.092,0.094,0.091,0.755,1.136,0.864,1.032,0.983,1.155,1.106,1.073,1.043,1.18,0.092,0.092,0.809,0.594,1.09,1.164,1.149,1.071,1.234,1.203,1.153,1.21,0.091,0.09,0.09,0.091,0.092,0.089,0.089,0.095,0.092,0.092,0.09,0.092,0.09
,20:19:16,38,0.093,0.091,0.09,0.09,0.091,0.091,0.089,0.091,0.092,0.09,0.09,0.091,0.093,0.344,0.257,0.241,0.274,0.232,0.253,0.283,0.2,0.414,0.083,0.092,0.092,0.356,0.293,0.239,0.298,0.214,0.306,0.243,0.131,0.227,0.245,0.094,0.092,0.244,0.287,0.257,0.233,0.491,0.265,0.405,0.233,0.233,0.348,0.092,0.092,1.168,1.088,0.953,1.146,1.093,0.531,1.08,1.079,1.097,0.092,0.094,0.091,0.754,1.135,0.864,1.032,0.981,1.155,1.104,1.071,1.043,1.179,0.092,0.092,0.808,0.597,1.088,1.164,1.148,1.07,1.234,1.203,1.153,1.209,0.091,0.089,0.09,0.091,0.092,0.089,0.089,0.095,0.092,0.092,0.09,0.092,0.09
,20:24:16,38,0.093,0.091,0.09,0.09,0.091,0.091,0.089,0.091,0.092,0.09,0.09,0.092,0.093,0.343,0.257,0.241,0.274,0.233,0.254,0.284,0.2,0.414,0.083,0.092,0.092,0.355,0.29,0.239,0.298,0.214,0.306,0.243,0.132,0.227,0.245,0.094,0.092,0.244,0.287,0.258,0.233,0.491,0.265,0.406,0.234,0.232,0.349,0.093,0.092,1.169,1.088,0.952,1.145,1.093,0.531,1.079,1.078,1.097,0.092,0.094,0.091,0.752,1.135,0.863,1.031,0.98,1.155,1.103,1.069,1.042,1.179,0.092,0.092,0.807,0.595,1.088,1.164,1.148,1.069,1.233,1.202,1.152,1.209,0.091,0.09,0.091,0.091,0.092,0.089,0.089,0.095,0.092,0.092,0.09,0.092,0.091
,20:29:16,38.1,0.093,0.09,0.09,0.09,0.092,0.091,0.089,0.091,0.092,0.09,0.09,0.091,0.093,0.344,0.257,0.241,0.274,0.232,0.255,0.283,0.2,0.414,0.084,0.092,0.092,0.355,0.285,0.239,0.298,0.214,0.307,0.244,0.132,0.228,0.246,0.094,0.092,0.245,0.287,0.258,0.232,0.491,0.265,0.406,0.234,0.232,0.35,0.093,0.092,1.167,1.087,0.951,1.145,1.092,0.528,1.078,1.077,1.097,0.092,0.094,0.091,0.75,1.134,0.862,1.031,0.979,1.154,1.102,1.07,1.042,1.178,0.092,0.092,0.805,0.591,1.087,1.164,1.146,1.067,1.233,1.202,1.152,1.208,0.092,0.09,0.09,0.091,0.092,0.089,0.089,0.095,0.092,0.092,0.09,0.092,0.09
,20:34:16,38,0.093,0.09,0.09,0.09,0.091,0.091,0.089,0.091,0.092,0.09,0.09,0.091,0.093,0.343,0.257,0.242,0.274,0.232,0.255,0.283,0.2,0.415,0.083,0.092,0.092,0.355,0.283,0.24,0.298,0.215,0.308,0.244,0.133,0.228,0.247,0.094,0.092,0.244,0.287,0.258,0.233,0.49,0.265,0.406,0.235,0.232,0.35,0.092,0.091,1.167,1.087,0.949,1.145,1.091,0.526,1.077,1.076,1.096,0.092,0.094,0.091,0.748,1.134,0.864,1.031,0.978,1.154,1.1,1.071,1.04,1.177,0.092,0.092,0.804,0.594,1.087,1.164,1.146,1.067,1.233,1.201,1.151,1.207,0.091,0.089,0.09,0.091,0.092,0.089,0.089,0.095,0.092,0.092,0.09,0.092,0.09
,20:39:16,38,0.093,0.091,0.09,0.09,0.092,0.091,0.089,0.091,0.092,0.09,0.091,0.091,0.093,0.344,0.257,0.242,0.273,0.233,0.256,0.283,0.2,0.415,0.084,0.092,0.092,0.354,0.282,0.24,0.298,0.215,0.31,0.244,0.134,0.228,0.248,0.094,0.092,0.245,0.288,0.258,0.233,0.49,0.265,0.405,0.235,0.233,0.351,0.093,0.092,1.168,1.087,0.949,1.144,1.09,0.526,1.076,1.076,1.096,0.092,0.094,0.091,0.746,1.134,0.862,1.031,0.978,1.155,1.099,1.069,1.041,1.177,0.092,0.092,0.803,0.59,1.086,1.164,1.145,1.066,1.232,1.201,1.151,1.207,0.092,0.09,0.091,0.091,0.092,0.089,0.089,0.095,0.092,0.092,0.09,0.092,0.091
,20:44:16,38,0.093,0.091,0.09,0.09,0.091,0.091,0.089,0.091,0.092,0.09,0.09,0.091,0.093,0.342,0.257,0.241,0.273,0.233,0.256,0.283,0.2,0.416,0.083,0.092,0.092,0.354,0.282,0.24,0.298,0.215,0.309,0.243,0.134,0.228,0.249,0.094,0.092,0.245,0.288,0.258,0.233,0.49,0.265,0.405,0.235,0.233,0.352,0.093,0.092,1.168,1.087,0.948,1.144,1.09,0.524,1.075,1.074,1.095,0.092,0.094,0.091,0.744,1.135,0.863,1.03,0.976,1.155,1.098,1.068,1.039,1.176,0.092,0.092,0.802,0.59,1.085,1.165,1.145,1.065,1.232,1.201,1.151,1.206,0.091,0.09,0.09,0.091,0.092,0.089,0.089,0.095,0.092,0.092,0.09,0.092,0.091
,20:49:16,38,0.093,0.091,0.089,0.09,0.092,0.091,0.089,0.091,0.092,0.09,0.09,0.091,0.093,0.343,0.257,0.242,0.273,0.233,0.257,0.283,0.2,0.415,0.083,0.092,0.092,0.355,0.283,0.24,0.298,0.214,0.31,0.244,0.136,0.229,0.25,0.094,0.092,0.245,0.288,0.258,0.232,0.49,0.265,0.405,0.236,0.233,0.353,0.093,0.092,1.168,1.087,0.947,1.144,1.089,0.523,1.075,1.073,1.094,0.092,0.094,0.091,0.743,1.134,0.867,1.03,0.976,1.156,1.096,1.071,1.039,1.175,0.092,0.092,0.801,0.586,1.084,1.164,1.144,1.063,1.231,1.201,1.15,1.206,0.092,0.089,0.091,0.091,0.092,0.089,0.089,0.095,0.092,0.092,0.09,0.092,0.091
,20:54:16,38.1,0.093,0.091,0.09,0.09,0.091,0.091,0.089,0.091,0.092,0.09,0.09,0.091,0.093,0.343,0.258,0.242,0.273,0.233,0.257,0.283,0.201,0.416,0.083,0.092,0.092,0.355,0.284,0.24,0.298,0.215,0.311,0.244,0.137,0.229,0.251,0.094,0.092,0.245,0.287,0.258,0.233,0.49,0.265,0.405,0.236,0.233,0.354,0.093,0.092,1.167,1.086,0.946,1.143,1.087,0.522,1.073,1.072,1.094,0.092,0.094,0.091,0.742,1.133,0.864,1.03,0.974,1.155,1.095,1.069,1.039,1.174,0.092,0.092,0.799,0.59,1.083,1.165,1.143,1.062,1.231,1.2,1.15,1.205,0.092,0.09,0.091,0.091,0.092,0.089,0.089,0.095,0.092,0.092,0.09,0.092,0.09
,20:59:16,38,0.093,0.091,0.09,0.09,0.091,0.091,0.089,0.091,0.092,0.09,0.09,0.091,0.093,0.343,0.258,0.243,0.272,0.234,0.258,0.283,0.2,0.415,0.083,0.092,0.092,0.355,0.285,0.24,0.298,0.215,0.311,0.244,0.138,0.229,0.252,0.094,0.092,0.246,0.289,0.258,0.233,0.49,0.265,0.405,0.236,0.233,0.356,0.093,0.092,1.167,1.086,0.945,1.142,1.087,0.519,1.072,1.072,1.094,0.092,0.094,0.091,0.74,1.133,0.858,1.03,0.972,1.154,1.094,1.063,1.038,1.174,0.092,0.092,0.796,0.585,1.082,1.165,1.142,1.06,1.231,1.2,1.149,1.205,0.092,0.09,0.09,0.091,0.092,0.089,0.089,0.095,0.092,0.092,0.09,0.092,0.091
,21:04:16,38,0.093,0.091,0.09,0.09,0.092,0.091,0.089,0.091,0.093,0.09,0.09,0.091,0.093,0.343,0.258,0.242,0.272,0.233,0.259,0.282,0.201,0.416,0.084,0.092,0.092,0.354,0.285,0.241,0.298,0.215,0.31,0.244,0.138,0.228,0.253,0.094,0.092,0.246,0.289,0.258,0.233,0.489,0.265,0.405,0.236,0.234,0.357,0.093,0.092,1.167,1.086,0.944,1.142,1.086,0.518,1.072,1.071,1.093,0.092,0.094,0.091,0.738,1.133,0.863,1.029,0.972,1.154,1.092,1.068,1.037,1.174,0.092,0.092,0.795,0.585,1.082,1.167,1.142,1.06,1.231,1.199,1.149,1.204,0.091,0.09,0.091,0.091,0.092,0.089,0.089,0.095,0.092,0.092,0.09,0.092,0.091
,21:09:16,38,0.093,0.091,0.09,0.09,0.091,0.091,0.089,0.091,0.092,0.09,0.09,0.091,0.093,0.343,0.259,0.243,0.272,0.233,0.259,0.282,0.201,0.416,0.083,0.092,0.092,0.354,0.283,0.24,0.298,0.215,0.31,0.245,0.139,0.229,0.254,0.094,0.092,0.247,0.287,0.258,0.233,0.489,0.265,0.405,0.237,0.234,0.356,0.093,0.092,1.166,1.084,0.944,1.142,1.085,0.518,1.071,1.07,1.093,0.092,0.094,0.091,0.737,1.133,0.863,1.029,0.971,1.154,1.091,1.067,1.037,1.173,0.092,0.092,0.794,0.585,1.081,1.168,1.141,1.059,1.23,1.199,1.148,1.204,0.091,0.089,0.091,0.091,0.092,0.089,0.089,0.095,0.092,0.092,0.09,0.092,0.09
,21:14:16,38,0.093,0.091,0.09,0.09,0.091,0.091,0.089,0.091,0.092,0.09,0.09,0.091,0.093,0.343,0.258,0.243,0.272,0.233,0.26,0.282,0.201,0.416,0.083,0.092,0.092,0.354,0.279,0.241,0.297,0.215,0.309,0.244,0.14,0.229,0.255,0.094,0.092,0.247,0.287,0.258,0.233,0.489,0.266,0.405,0.236,0.233,0.357,0.092,0.092,1.166,1.085,0.942,1.141,1.084,0.517,1.069,1.069,1.092,0.092,0.094,0.091,0.735,1.132,0.857,1.028,0.969,1.153,1.089,1.062,1.037,1.172,0.092,0.092,0.791,0.584,1.079,1.169,1.14,1.057,1.23,1.198,1.147,1.203,0.091,0.089,0.09,0.091,0.092,0.089,0.089,0.095,0.092,0.092,0.09,0.092,0.09
,21:19:16,38,0.093,0.091,0.09,0.09,0.091,0.091,0.089,0.091,0.092,0.09,0.09,0.091,0.093,0.343,0.259,0.243,0.271,0.234,0.26,0.282,0.201,0.417,0.083,0.092,0.092,0.354,0.278,0.241,0.298,0.215,0.309,0.245,0.14,0.229,0.257,0.094,0.092,0.247,0.288,0.258,0.233,0.489,0.266,0.405,0.237,0.234,0.357,0.092,0.092,1.166,1.085,0.942,1.141,1.084,0.516,1.069,1.068,1.091,0.092,0.094,0.091,0.734,1.132,0.859,1.028,0.968,1.152,1.088,1.063,1.036,1.171,0.092,0.092,0.79,0.582,1.079,1.169,1.14,1.056,1.229,1.199,1.147,1.202,0.091,0.089,0.09,0.091,0.092,0.089,0.089,0.095,0.092,0.092,0.09,0.092,0.09
,21:24:16,38,0.093,0.091,0.09,0.09,0.092,0.091,0.089,0.091,0.092,0.09,0.09,0.091,0.093,0.344,0.259,0.242,0.271,0.234,0.26,0.282,0.202,0.417,0.083,0.092,0.091,0.354,0.277,0.241,0.298,0.215,0.309,0.245,0.142,0.23,0.258,0.094,0.092,0.248,0.288,0.258,0.233,0.489,0.266,0.405,0.238,0.234,0.357,0.093,0.092,1.165,1.083,0.94,1.14,1.082,0.515,1.068,1.067,1.091,0.092,0.094,0.091,0.731,1.131,0.859,1.028,0.966,1.151,1.087,1.063,1.035,1.171,0.092,0.092,0.789,0.583,1.077,1.169,1.138,1.055,1.229,1.197,1.147,1.202,0.091,0.09,0.091,0.091,0.092,0.089,0.089,0.095,0.092,0.092,0.09,0.092,0.09
,21:29:16,38,0.093,0.091,0.09,0.09,0.091,0.091,0.089,0.091,0.092,0.09,0.09,0.091,0.093,0.344,0.259,0.242,0.271,0.234,0.26,0.282,0.202,0.418,0.084,0.092,0.092,0.354,0.276,0.242,0.297,0.216,0.307,0.245,0.142,0.23,0.259,0.094,0.092,0.248,0.288,0.258,0.233,0.489,0.266,0.405,0.238,0.235,0.358,0.093,0.092,1.166,1.085,0.94,1.141,1.082,0.514,1.067,1.067,1.091,0.092,0.094,0.091,0.73,1.131,0.859,1.028,0.965,1.152,1.086,1.062,1.035,1.17,0.092,0.092,0.788,0.586,1.077,1.169,1.138,1.054,1.229,1.197,1.146,1.202,0.092,0.09,0.09,0.091,0.092,0.089,0.089,0.095,0.092,0.092,0.09,0.092,0.09
,21:34:16,38,0.093,0.09,0.09,0.09,0.091,0.091,0.089,0.091,0.092,0.09,0.09,0.091,0.093,0.344,0.259,0.242,0.27,0.234,0.26,0.282,0.202,0.417,0.083,0.092,0.092,0.354,0.276,0.242,0.297,0.215,0.307,0.245,0.145,0.23,0.26,0.094,0.092,0.248,0.288,0.258,0.233,0.488,0.266,0.405,0.238,0.234,0.358,0.092,0.092,1.166,1.084,0.939,1.141,1.081,0.513,1.066,1.066,1.09,0.092,0.094,0.091,0.729,1.132,0.856,1.028,0.964,1.151,1.085,1.058,1.034,1.169,0.092,0.092,0.786,0.581,1.076,1.17,1.138,1.054,1.228,1.197,1.146,1.201,0.091,0.089,0.09,0.091,0.092,0.089,0.089,0.095,0.092,0.092,0.09,0.092,0.09
,21:39:16,38,0.092,0.09,0.09,0.09,0.091,0.091,0.089,0.091,0.092,0.09,0.09,0.091,0.093,0.344,0.26,0.242,0.27,0.234,0.26,0.282,0.203,0.418,0.083,0.092,0.092,0.353,0.276,0.243,0.297,0.216,0.307,0.245,0.145,0.23,0.262,0.094,0.092,0.248,0.288,0.258,0.233,0.488,0.266,0.405,0.239,0.234,0.359,0.092,0.092,1.166,1.085,0.938,1.14,1.081,0.512,1.066,1.065,1.09,0.092,0.094,0.091,0.727,1.131,0.858,1.028,0.963,1.151,1.083,1.059,1.033,1.169,0.092,0.092,0.786,0.581,1.076,1.169,1.137,1.053,1.228,1.197,1.145,1.201,0.091,0.089,0.09,0.091,0.092,0.089,0.089,0.095,0.092,0.092,0.09,0.092,0.09
,21:44:16,37.9,0.093,0.091,0.09,0.09,0.091,0.091,0.089,0.091,0.092,0.09,0.09,0.091,0.093,0.345,0.259,0.241,0.27,0.234,0.26,0.282,0.203,0.419,0.083,0.092,0.092,0.354,0.279,0.243,0.297,0.216,0.307,0.246,0.146,0.23,0.263,0.094,0.092,0.249,0.289,0.258,0.233,0.489,0.266,0.405,0.24,0.235,0.359,0.093,0.092,1.165,1.083,0.937,1.139,1.079,0.51,1.064,1.064,1.089,0.092,0.094,0.091,0.725,1.13,0.856,1.027,0.962,1.15,1.082,1.06,1.033,1.168,0.092,0.092,0.784,0.579,1.075,1.169,1.135,1.051,1.228,1.197,1.145,1.2,0.091,0.09,0.09,0.091,0.092,0.089,0.089,0.095,0.092,0.092,0.09,0.092,0.09
,21:49:16,38,0.093,0.091,0.09,0.09,0.092,0.091,0.089,0.091,0.092,0.09,0.09,0.091,0.093,0.345,0.26,0.241,0.27,0.234,0.261,0.281,0.203,0.419,0.084,0.092,0.092,0.354,0.282,0.243,0.297,0.216,0.306,0.246,0.147,0.23,0.264,0.094,0.092,0.249,0.288,0.258,0.233,0.488,0.267,0.405,0.24,0.235,0.359,0.093,0.092,1.165,1.083,0.936,1.139,1.078,0.51,1.064,1.064,1.089,0.092,0.094,0.091,0.724,1.13,0.857,1.027,0.961,1.15,1.081,1.062,1.033,1.168,0.092,0.092,0.782,0.58,1.074,1.168,1.135,1.051,1.227,1.196,1.145,1.2,0.091,0.09,0.091,0.091,0.092,0.089,0.089,0.095,0.092,0.092,0.09,0.092,0.09
,21:54:16,38,0.093,0.09,0.09,0.09,0.091,0.091,0.089,0.091,0.092,0.09,0.09,0.091,0.093,0.345,0.259,0.241,0.269,0.235,0.261,0.281,0.203,0.418,0.083,0.092,0.092,0.354,0.284,0.244,0.297,0.216,0.306,0.246,0.147,0.231,0.265,0.094,0.092,0.25,0.287,0.258,0.233,0.487,0.266,0.405,0.24,0.235,0.36,0.092,0.092,1.165,1.083,0.934,1.138,1.077,0.507,1.063,1.062,1.088,0.092,0.094,0.091,0.721,1.129,0.856,1.026,0.96,1.148,1.079,1.056,1.032,1.167,0.092,0.092,0.781,0.578,1.072,1.168,1.134,1.049,1.227,1.196,1.144,1.199,0.091,0.089,0.09,0.091,0.092,0.089,0.089,0.095,0.092,0.092,0.09,0.092,0.09
,21:59:16,38,0.093,0.091,0.09,0.09,0.092,0.091,0.089,0.091,0.093,0.09,0.09,0.091,0.093,0.346,0.26,0.24,0.269,0.235,0.261,0.281,0.204,0.419,0.084,0.092,0.092,0.354,0.286,0.244,0.298,0.216,0.305,0.246,0.148,0.231,0.267,0.094,0.092,0.249,0.287,0.258,0.234,0.488,0.267,0.405,0.241,0.235,0.361,0.093,0.092,1.165,1.083,0.934,1.138,1.076,0.508,1.062,1.062,1.088,0.092,0.094,0.091,0.721,1.129,0.858,1.026,0.96,1.148,1.079,1.059,1.032,1.166,0.092,0.092,0.78,0.577,1.072,1.167,1.133,1.049,1.226,1.196,1.143,1.199,0.091,0.09,0.09,0.091,0.092,0.089,0.089,0.095,0.092,0.092,0.09,0.092,0.09
,22:04:16,38,0.093,0.091,0.09,0.09,0.091,0.091,0.089,0.091,0.092,0.09,0.09,0.091,0.093,0.346,0.26,0.24,0.269,0.235,0.262,0.281,0.204,0.42,0.084,0.092,0.092,0.354,0.287,0.246,0.298,0.216,0.305,0.246,0.148,0.231,0.268,0.094,0.092,0.25,0.287,0.257,0.233,0.488,0.266,0.405,0.241,0.235,0.362,0.093,0.092,1.165,1.082,0.933,1.138,1.076,0.506,1.062,1.061,1.087,0.092,0.094,0.091,0.72,1.13,0.858,1.025,0.958,1.148,1.078,1.061,1.031,1.165,0.092,0.092,0.78,0.577,1.071,1.168,1.133,1.049,1.226,1.195,1.143,1.198,0.091,0.089,0.09,0.091,0.092,0.089,0.089,0.095,0.092,0.092,0.09,0.092,0.09
,,,,,,,,,,,,,,,,,,,,,,,,,,,,,,,,,,,,,,,,,,,,,,,,,,,,,,,,,,,,,,,,,,,,,,,,,,,,,,,,,,,,,,,,,,,,,,,,,,
Results,,,,,,,,,,,,,,,,,,,,,,,,,,,,,,,,,,,,,,,,,,,,,,,,,,,,,,,,,,,,,,,,,,,,,,,,,,,,,,,,,,,,,,,,,,,,,,,,,,
,,,,,,,,,,,,,,,,,,,,,,,,,,,,,,,,,,,,,,,,,,,,,,,,,,,,,,,,,,,,,,,,,,,,,,,,,,,,,,,,,,,,,,,,,,,,,,,,,,
,,1,2,3,4,5,6,7,8,9,10,11,12,,,,,,,,,,,,,,,,,,,,,,,,,,,,,,,,,,,,,,,,,,,,,,,,,,,,,,,,,,,,,,,,,,,,,,,,,,,,,,,,,,,,,
,A,-0.068,-0.108,-0.026,0.02,0.036,-0.026,0.02,-0.032,-0.054,0.02,0.024,-0.032,Max V [600],,,,,,,,,,,,,,,,,,,,,,,,,,,,,,,,,,,,,,,,,,,,,,,,,,,,,,,,,,,,,,,,,,,,,,,,,,,,,,,,,,,,
,,0.491,0.545,0.579,0.893,0.92,0.899,0.893,0.821,0.944,0.893,0.75,0.941,R-Squared [600],,,,,,,,,,,,,,,,,,,,,,,,,,,,,,,,,,,,,,,,,,,,,,,,,,,,,,,,,,,,,,,,,,,,,,,,,,,,,,,,,,,,
,,2:44:16,6:19:16,2:09:16,5:39:16,5:39:16,5:04:16,18:14:16,5:04:16,1:29:16,5:39:16,5:39:16,18:59:16,t at Max V [600],,,,,,,,,,,,,,,,,,,,,,,,,,,,,,,,,,,,,,,,,,,,,,,,,,,,,,,,,,,,,,,,,,,,,,,,,,,,,,,,,,,,
,,2:39:16,6:27:58,2:03:53,5:52:16,5:54:49,4:53:30,18:26:16,4:49:54,0:47:47,6:07:16,5:40:56,18:36:09,Lagtime [600],,,,,,,,,,,,,,,,,,,,,,,,,,,,,,,,,,,,,,,,,,,,,,,,,,,,,,,,,,,,,,,,,,,,,,,,,,,,,,,,,,,,
,B,0.026,0.648,0.72,-0.486,0.558,0.476,-3.052,0.506,0.342,1.032,-0.028,-0.024,Max V [600],,,,,,,,,,,,,,,,,,,,,,,,,,,,,,,,,,,,,,,,,,,,,,,,,,,,,,,,,,,,,,,,,,,,,,,,,,,,,,,,,,,,
,,0.899,0.98,0.958,0.869,0.997,0.976,0.622,0.999,0.967,0.994,0.613,0.75,R-Squared [600],,,,,,,,,,,,,,,,,,,,,,,,,,,,,,,,,,,,,,,,,,,,,,,,,,,,,,,,,,,,,,,,,,,,,,,,,,,,,,,,,,,,
,,9:44:16,6:19:16,6:24:16,0:14:16,3:54:16,7:14:16,0:14:16,6:19:16,8:59:16,15:54:16,0:14:16,0:14:16,t at Max V [600],,,,,,,,,,,,,,,,,,,,,,,,,,,,,,,,,,,,,,,,,,,,,,,,,,,,,,,,,,,,,,,,,,,,,,,,,,,,,,,,,,,,
,,10:14:16,3:53:22,5:02:03,?????,2:30:32,5:50:49,?????,3:47:01,6:58:51,10:49:32,?????,?????,Lagtime [600],,,,,,,,,,,,,,,,,,,,,,,,,,,,,,,,,,,,,,,,,,,,,,,,,,,,,,,,,,,,,,,,,,,,,,,,,,,,,,,,,,,,
,C,-0.028,0.888,0.812,0.424,0.642,0.948,0.53,0.386,0.254,0.356,0.54,-0.028,Max V [600],,,,,,,,,,,,,,,,,,,,,,,,,,,,,,,,,,,,,,,,,,,,,,,,,,,,,,,,,,,,,,,,,,,,,,,,,,,,,,,,,,,,
,,0.925,0.997,0.982,0.98,0.797,0.737,0.971,0.997,0.897,0.976,0.819,0.925,R-Squared [600],,,,,,,,,,,,,,,,,,,,,,,,,,,,,,,,,,,,,,,,,,,,,,,,,,,,,,,,,,,,,,,,,,,,,,,,,,,,,,,,,,,,
,,8:44:16,12:39:16,6:04:16,11:09:16,3:44:16,6:34:16,5:34:16,5:39:16,21:29:16,6:29:16,11:49:16,0:14:16,t at Max V [600],,,,,,,,,,,,,,,,,,,,,,,,,,,,,,,,,,,,,,,,,,,,,,,,,,,,,,,,,,,,,,,,,,,,,,,,,,,,,,,,,,,,
,,8:24:16,8:49:58,4:10:58,8:31:38,3:06:54,5:43:13,3:35:58,3:18:39,18:05:48,4:23:29,9:30:49,?????,Lagtime [600],,,,,,,,,,,,,,,,,,,,,,,,,,,,,,,,,,,,,,,,,,,,,,,,,,,,,,,,,,,,,,,,,,,,,,,,,,,,,,,,,,,,
,D,-0.032,-0.802,-1.334,0.566,0.542,1.108,0.428,0.778,0.52,0.504,0.384,-0.04,Max V [600],,,,,,,,,,,,,,,,,,,,,,,,,,,,,,,,,,,,,,,,,,,,,,,,,,,,,,,,,,,,,,,,,,,,,,,,,,,,,,,,,,,,
,,0.736,0.944,0.564,0.96,0.949,1,0.954,1,0.983,0.917,1,0.73,R-Squared [600],,,,,,,,,,,,,,,,,,,,,,,,,,,,,,,,,,,,,,,,,,,,,,,,,,,,,,,,,,,,,,,,,,,,,,,,,,,,,,,,,,,,
,,0:14:16,0:14:16,0:14:16,7:19:16,5:44:16,9:49:16,5:34:16,4:09:16,8:19:16,7:59:16,18:59:16,0:14:16,t at Max V [600],,,,,,,,,,,,,,,,,,,,,,,,,,,,,,,,,,,,,,,,,,,,,,,,,,,,,,,,,,,,,,,,,,,,,,,,,,,,,,,,,,,,
,,?????,?????,?????,4:22:06,4:42:50,4:43:14,4:02:49,2:27:19,6:41:02,6:38:26,8:20:59,?????,Lagtime [600],,,,,,,,,,,,,,,,,,,,,,,,,,,,,,,,,,,,,,,,,,,,,,,,,,,,,,,,,,,,,,,,,,,,,,,,,,,,,,,,,,,,
,E,0.026,5.306,5.634,5.316,6.386,4.946,4.088,5.9,6.24,2.89,-0.038,-0.032,Max V [600],,,,,,,,,,,,,,,,,,,,,,,,,,,,,,,,,,,,,,,,,,,,,,,,,,,,,,,,,,,,,,,,,,,,,,,,,,,,,,,,,,,,
,,0.671,0.999,0.997,0.997,0.996,0.995,0.999,0.996,0.989,1,0.61,0.37,R-Squared [600],,,,,,,,,,,,,,,,,,,,,,,,,,,,,,,,,,,,,,,,,,,,,,,,,,,,,,,,,,,,,,,,,,,,,,,,,,,,,,,,,,,,
,,5:39:16,2:49:16,2:29:16,2:24:16,2:44:16,2:59:16,2:29:16,4:49:16,2:34:16,4:09:16,0:14:16,0:14:16,t at Max V [600],,,,,,,,,,,,,,,,,,,,,,,,,,,,,,,,,,,,,,,,,,,,,,,,,,,,,,,,,,,,,,,,,,,,,,,,,,,,,,,,,,,,
,,5:33:53,1:43:56,1:31:28,1:22:12,1:52:03,1:51:13,1:27:16,3:58:29,1:34:07,2:28:28,?????,?????,Lagtime [600],,,,,,,,,,,,,,,,,,,,,,,,,,,,,,,,,,,,,,,,,,,,,,,,,,,,,,,,,,,,,,,,,,,,,,,,,,,,,,,,,,,,
,F,-0.046,4.452,5.586,4.514,4.468,5.924,5.3,6.004,4.976,5.1,6.044,0.028,Max V [600],,,,,,,,,,,,,,,,,,,,,,,,,,,,,,,,,,,,,,,,,,,,,,,,,,,,,,,,,,,,,,,,,,,,,,,,,,,,,,,,,,,,
,,0.756,1,0.998,0.998,0.999,0.999,0.998,0.997,0.999,0.999,1,0.731,R-Squared [600],,,,,,,,,,,,,,,,,,,,,,,,,,,,,,,,,,,,,,,,,,,,,,,,,,,,,,,,,,,,,,,,,,,,,,,,,,,,,,,,,,,,
,,0:14:16,2:44:16,2:39:16,4:34:16,3:14:16,3:04:16,2:54:16,3:09:16,3:54:16,2:29:16,4:14:16,5:44:16,t at Max V [600],,,,,,,,,,,,,,,,,,,,,,,,,,,,,,,,,,,,,,,,,,,,,,,,,,,,,,,,,,,,,,,,,,,,,,,,,,,,,,,,,,,,
,,?????,1:33:55,1:43:37,3:38:54,2:01:32,2:05:30,1:57:08,2:15:11,2:47:29,1:43:18,3:17:13,5:57:50,Lagtime [600],,,,,,,,,,,,,,,,,,,,,,,,,,,,,,,,,,,,,,,,,,,,,,,,,,,,,,,,,,,,,,,,,,,,,,,,,,,,,,,,,,,,
,G,-0.038,4.508,3.988,5.562,5.642,5.496,6.11,6.204,6.312,7.03,6.208,-0.034,Max V [600],,,,,,,,,,,,,,,,,,,,,,,,,,,,,,,,,,,,,,,,,,,,,,,,,,,,,,,,,,,,,,,,,,,,,,,,,,,,,,,,,,,,
,,0.416,1,1,0.995,0.995,0.997,0.997,0.996,0.998,0.996,0.998,0.639,R-Squared [600],,,,,,,,,,,,,,,,,,,,,,,,,,,,,,,,,,,,,,,,,,,,,,,,,,,,,,,,,,,,,,,,,,,,,,,,,,,,,,,,,,,,
,,0:14:16,2:09:16,2:14:16,4:59:16,2:34:16,2:59:16,2:49:16,2:39:16,2:29:16,2:54:16,3:24:16,0:14:16,t at Max V [600],,,,,,,,,,,,,,,,,,,,,,,,,,,,,,,,,,,,,,,,,,,,,,,,,,,,,,,,,,,,,,,,,,,,,,,,,,,,,,,,,,,,
,,?????,1:02:04,1:05:32,4:08:26,1:37:12,2:00:35,1:57:16,1:45:01,1:34:26,2:02:42,2:27:46,?????,Lagtime [600],,,,,,,,,,,,,,,,,,,,,,,,,,,,,,,,,,,,,,,,,,,,,,,,,,,,,,,,,,,,,,,,,,,,,,,,,,,,,,,,,,,,
,H,-0.022,-0.054,-0.044,-0.028,-0.026,-0.022,0.038,-0.204,-0.026,0.026,0.026,-0.022,Max V [600],,,,,,,,,,,,,,,,,,,,,,,,,,,,,,,,,,,,,,,,,,,,,,,,,,,,,,,,,,,,,,,,,,,,,,,,,,,,,,,,,,,,
,,0.703,0.561,0.596,0.891,0.939,0.796,0.614,0.52,0.681,0.797,0.741,0.945,R-Squared [600],,,,,,,,,,,,,,,,,,,,,,,,,,,,,,,,,,,,,,,,,,,,,,,,,,,,,,,,,,,,,,,,,,,,,,,,,,,,,,,,,,,,
,,6:49:16,0:14:16,0:14:16,19:59:16,13:44:16,5:04:16,10:19:16,0:14:16,17:39:16,5:39:16,11:54:16,21:09:16,t at Max V [600],,,,,,,,,,,,,,,,,,,,,,,,,,,,,,,,,,,,,,,,,,,,,,,,,,,,,,,,,,,,,,,,,,,,,,,,,,,,,,,,,,,,
,,6:29:16,?????,?????,19:34:16,13:51:58,4:25:11,10:08:13,?????,17:40:02,5:53:07,12:01:11,20:06:32,Lagtime [600],,,,,,,,,,,,,,,,,,,,,,,,,,,,,,,,,,,,,,,,,,,,,,,,,,,,,,,,,,,,,,,,,,,,,,,,,,,,,,,,,,,,
