Software Version,3.11.19,,,,,,,,,,,,,,,,,,,,,,,,,,,,,,,,,,,,,,,,,,,,,,,,,,,,,,,,,,,,,,,,,,,,,,,,,,,,,,,,,,,,,,,,,,,,,,,,,
,,,,,,,,,,,,,,,,,,,,,,,,,,,,,,,,,,,,,,,,,,,,,,,,,,,,,,,,,,,,,,,,,,,,,,,,,,,,,,,,,,,,,,,,,,,,,,,,,,
Experiment File Path:,C:\Users\jelab\Documents\Gen 5\Edward Liu\Experiment1.xpt,,,,,,,,,,,,,,,,,,,,,,,,,,,,,,,,,,,,,,,,,,,,,,,,,,,,,,,,,,,,,,,,,,,,,,,,,,,,,,,,,,,,,,,,,,,,,,,,,
Protocol File Path:,C:\Users\jelab\Documents\Gen 5\Edward Liu\06-03-26 RIFRxT 42c Plate 1.prt,,,,,,,,,,,,,,,,,,,,,,,,,,,,,,,,,,,,,,,,,,,,,,,,,,,,,,,,,,,,,,,,,,,,,,,,,,,,,,,,,,,,,,,,,,,,,,,,,
Plate Number,Plate 3,,,,,,,,,,,,,,,,,,,,,,,,,,,,,,,,,,,,,,,,,,,,,,,,,,,,,,,,,,,,,,,,,,,,,,,,,,,,,,,,,,,,,,,,,,,,,,,,,
Date,10/03/2026,,,,,,,,,,,,,,,,,,,,,,,,,,,,,,,,,,,,,,,,,,,,,,,,,,,,,,,,,,,,,,,,,,,,,,,,,,,,,,,,,,,,,,,,,,,,,,,,,
Time,9:47:11 AM,,,,,,,,,,,,,,,,,,,,,,,,,,,,,,,,,,,,,,,,,,,,,,,,,,,,,,,,,,,,,,,,,,,,,,,,,,,,,,,,,,,,,,,,,,,,,,,,,
Reader Type:,Epoch 2,,,,,,,,,,,,,,,,,,,,,,,,,,,,,,,,,,,,,,,,,,,,,,,,,,,,,,,,,,,,,,,,,,,,,,,,,,,,,,,,,,,,,,,,,,,,,,,,,
Reader Serial Number:,23032330,,,,,,,,,,,,,,,,,,,,,,,,,,,,,,,,,,,,,,,,,,,,,,,,,,,,,,,,,,,,,,,,,,,,,,,,,,,,,,,,,,,,,,,,,,,,,,,,,
Reading Type,Reader,,,,,,,,,,,,,,,,,,,,,,,,,,,,,,,,,,,,,,,,,,,,,,,,,,,,,,,,,,,,,,,,,,,,,,,,,,,,,,,,,,,,,,,,,,,,,,,,,
,,,,,,,,,,,,,,,,,,,,,,,,,,,,,,,,,,,,,,,,,,,,,,,,,,,,,,,,,,,,,,,,,,,,,,,,,,,,,,,,,,,,,,,,,,,,,,,,,,
Procedure Details,,,,,,,,,,,,,,,,,,,,,,,,,,,,,,,,,,,,,,,,,,,,,,,,,,,,,,,,,,,,,,,,,,,,,,,,,,,,,,,,,,,,,,,,,,,,,,,,,,
Plate Type,96 WELL PLATE (Use plate lid),,,,,,,,,,,,,,,,,,,,,,,,,,,,,,,,,,,,,,,,,,,,,,,,,,,,,,,,,,,,,,,,,,,,,,,,,,,,,,,,,,,,,,,,,,,,,,,,,
Eject plate on completion,,,,,,,,,,,,,,,,,,,,,,,,,,,,,,,,,,,,,,,,,,,,,,,,,,,,,,,,,,,,,,,,,,,,,,,,,,,,,,,,,,,,,,,,,,,,,,,,,,
Set Temperature,"Setpoint 42°C, Gradient 0 °C",,,,,,,,,,,,,,,,,,,,,,,,,,,,,,,,,,,,,,,,,,,,,,,,,,,,,,,,,,,,,,,,,,,,,,,,,,,,,,,,,,,,,,,,,,,,,,,,,
,Preheat before moving to next step,,,,,,,,,,,,,,,,,,,,,,,,,,,,,,,,,,,,,,,,,,,,,,,,,,,,,,,,,,,,,,,,,,,,,,,,,,,,,,,,,,,,,,,,,,,,,,,,,
Start Kinetic,"Runtime 22:00:00 (HH:MM:SS), Interval 0:05:00, 265 Reads",,,,,,,,,,,,,,,,,,,,,,,,,,,,,,,,,,,,,,,,,,,,,,,,,,,,,,,,,,,,,,,,,,,,,,,,,,,,,,,,,,,,,,,,,,,,,,,,,
    Shake,Linear: Continuous,,,,,,,,,,,,,,,,,,,,,,,,,,,,,,,,,,,,,,,,,,,,,,,,,,,,,,,,,,,,,,,,,,,,,,,,,,,,,,,,,,,,,,,,,,,,,,,,,
,Frequency: 567 cpm (3 mm),,,,,,,,,,,,,,,,,,,,,,,,,,,,,,,,,,,,,,,,,,,,,,,,,,,,,,,,,,,,,,,,,,,,,,,,,,,,,,,,,,,,,,,,,,,,,,,,,
    Read,Absorbance Endpoint,,,,,,,,,,,,,,,,,,,,,,,,,,,,,,,,,,,,,,,,,,,,,,,,,,,,,,,,,,,,,,,,,,,,,,,,,,,,,,,,,,,,,,,,,,,,,,,,,
,Full Plate,,,,,,,,,,,,,,,,,,,,,,,,,,,,,,,,,,,,,,,,,,,,,,,,,,,,,,,,,,,,,,,,,,,,,,,,,,,,,,,,,,,,,,,,,,,,,,,,,
,Wavelengths:  600,,,,,,,,,,,,,,,,,,,,,,,,,,,,,,,,,,,,,,,,,,,,,,,,,,,,,,,,,,,,,,,,,,,,,,,,,,,,,,,,,,,,,,,,,,,,,,,,,
,"Read Speed: Normal,  Delay: 100 msec,  Measurements/Data Point: 8",,,,,,,,,,,,,,,,,,,,,,,,,,,,,,,,,,,,,,,,,,,,,,,,,,,,,,,,,,,,,,,,,,,,,,,,,,,,,,,,,,,,,,,,,,,,,,,,,
End Kinetic,,,,,,,,,,,,,,,,,,,,,,,,,,,,,,,,,,,,,,,,,,,,,,,,,,,,,,,,,,,,,,,,,,,,,,,,,,,,,,,,,,,,,,,,,,,,,,,,,,
,,,,,,,,,,,,,,,,,,,,,,,,,,,,,,,,,,,,,,,,,,,,,,,,,,,,,,,,,,,,,,,,,,,,,,,,,,,,,,,,,,,,,,,,,,,,,,,,,,
600,,,,,,,,,,,,,,,,,,,,,,,,,,,,,,,,,,,,,,,,,,,,,,,,,,,,,,,,,,,,,,,,,,,,,,,,,,,,,,,,,,,,,,,,,,,,,,,,,,
,,,,,,,,,,,,,,,,,,,,,,,,,,,,,,,,,,,,,,,,,,,,,,,,,,,,,,,,,,,,,,,,,,,,,,,,,,,,,,,,,,,,,,,,,,,,,,,,,,
,Time,T° 600,A1,A2,A3,A4,A5,A6,A7,A8,A9,A10,A11,A12,B1,B2,B3,B4,B5,B6,B7,B8,B9,B10,B11,B12,C1,C2,C3,C4,C5,C6,C7,C8,C9,C10,C11,C12,D1,D2,D3,D4,D5,D6,D7,D8,D9,D10,D11,D12,E1,E2,E3,E4,E5,E6,E7,E8,E9,E10,E11,E12,F1,F2,F3,F4,F5,F6,F7,F8,F9,F10,F11,F12,G1,G2,G3,G4,G5,G6,G7,G8,G9,G10,G11,G12,H1,H2,H3,H4,H5,H6,H7,H8,H9,H10,H11,H12
,0:04:16,42,0.0887,0.0878,0.0876,0.0883,0.094,0.087,0.0885,0.0886,0.0871,0.0853,0.0984,0.087,0.0866,0.0892,0.0898,0.0881,0.0901,0.0906,0.0903,0.0893,0.0908,0.0933,0.1234,0.0869,0.0857,0.0877,0.0856,0.0905,0.0905,0.0933,0.0934,0.0886,0.0982,0.0925,0.0835,0.0861,0.0861,0.093,0.0892,0.0852,0.0897,0.0984,0.1202,0.0941,0.089,0.0884,0.0961,0.0857,0.0857,0.1004,0.102,0.5239,0.1108,0.1127,0.105,0.2066,0.1064,0.1014,0.1291,0.0859,0.0846,0.1,0.0972,0.101,0.0961,0.1003,0.0972,0.0947,0.0954,0.0954,0.0853,0.0854,0.0862,0.1002,0.1125,0.0993,0.1001,0.0997,0.0995,0.1041,0.104,0.1024,0.1002,0.0857,0.0862,0.086,0.0848,0.0852,0.0862,0.0868,0.0848,0.0856,0.0856,0.0852,0.0862,0.0873
,0:09:16,42,0.0886,0.0879,0.0869,0.0881,0.0948,0.087,0.0883,0.0877,0.0872,0.0857,0.0999,0.0872,0.0872,0.0893,0.0903,0.087,0.0942,0.0909,0.0907,0.089,0.0919,0.0944,0.0974,0.0864,0.0862,0.088,0.0846,0.0904,0.0926,0.0937,0.0942,0.0892,0.0992,0.0959,0.0826,0.0858,0.0864,0.0928,0.0892,0.0858,0.0896,0.0963,0.1076,0.0944,0.0883,0.0888,0.0926,0.0855,0.0853,0.1005,0.101,0.4102,0.1086,0.11,0.104,0.1558,0.1048,0.1005,0.1176,0.0857,0.0849,0.1,0.0962,0.1007,0.0963,0.1004,0.097,0.0951,0.0949,0.0952,0.0853,0.0854,0.0859,0.1008,0.1085,0.0998,0.0993,0.0992,0.0992,0.1043,0.1036,0.102,0.1014,0.0854,0.0865,0.0862,0.0852,0.0859,0.0865,0.0867,0.085,0.0859,0.0857,0.0849,0.0866,0.0871
,0:14:16,42.1,0.0886,0.0877,0.0871,0.0875,0.0955,0.087,0.088,0.0883,0.0873,0.0862,0.1009,0.0875,0.0867,0.0883,0.0882,0.0864,0.0921,0.0904,0.0917,0.0884,0.0901,0.0902,0.0968,0.0868,0.0861,0.0887,0.085,0.0888,0.0929,0.0913,0.0936,0.0904,0.0924,0.0924,0.0825,0.0864,0.086,0.0934,0.0887,0.0848,0.0894,0.095,0.0995,0.0933,0.0868,0.0881,0.0925,0.086,0.0857,0.1009,0.1013,0.3873,0.1082,0.1099,0.1038,0.1481,0.1049,0.1006,0.1116,0.0862,0.0849,0.1002,0.0961,0.1008,0.0963,0.1005,0.0972,0.0954,0.0954,0.0952,0.0856,0.0857,0.0865,0.1015,0.1083,0.1004,0.0992,0.0992,0.0993,0.1045,0.1036,0.1021,0.1017,0.086,0.0867,0.0866,0.0851,0.0858,0.087,0.0867,0.0857,0.0856,0.0861,0.085,0.0866,0.0879
,0:19:16,41.9,0.0882,0.0878,0.0871,0.0878,0.0966,0.0871,0.0882,0.0881,0.0867,0.0861,0.1018,0.0872,0.0869,0.0882,0.0879,0.0859,0.0891,0.0896,0.09,0.0876,0.0895,0.0908,0.0961,0.0871,0.0865,0.0894,0.0856,0.0881,0.0918,0.0905,0.093,0.0897,0.0907,0.0912,0.0831,0.0863,0.0864,0.093,0.0889,0.0846,0.0894,0.0947,0.0982,0.0931,0.0865,0.0877,0.0927,0.086,0.0862,0.1013,0.1008,0.3718,0.1087,0.1097,0.1042,0.1455,0.1055,0.1003,0.103,0.0862,0.0854,0.1012,0.0966,0.1013,0.0965,0.1007,0.0975,0.0954,0.0951,0.0952,0.0862,0.0855,0.0866,0.1022,0.1086,0.1006,0.0992,0.0997,0.0995,0.1047,0.1042,0.1023,0.1024,0.0863,0.0868,0.0866,0.0853,0.0858,0.0869,0.0868,0.0856,0.0855,0.0862,0.0855,0.0869,0.0882
,0:24:16,42.1,0.0884,0.0874,0.0864,0.0872,0.0962,0.087,0.0878,0.0877,0.0868,0.0857,0.1016,0.0872,0.0866,0.0869,0.0879,0.085,0.0882,0.089,0.0883,0.0876,0.0887,0.0904,0.0952,0.0868,0.0859,0.0884,0.0849,0.0875,0.0913,0.0902,0.0918,0.0903,0.0889,0.0896,0.0827,0.0859,0.0862,0.0923,0.0872,0.0836,0.0889,0.0948,0.0971,0.0924,0.086,0.0876,0.0926,0.0858,0.0855,0.1013,0.101,0.3657,0.1085,0.1099,0.1039,0.1409,0.1052,0.1008,0.1036,0.0862,0.0848,0.1002,0.0961,0.1008,0.0961,0.1004,0.0971,0.0949,0.0952,0.0951,0.086,0.0855,0.0859,0.1019,0.1083,0.1006,0.0993,0.0996,0.0996,0.1044,0.1039,0.102,0.1028,0.086,0.0865,0.0864,0.0849,0.0855,0.0866,0.0866,0.0855,0.0853,0.0858,0.0847,0.0866,0.0877
,0:29:16,42.1,0.0881,0.087,0.0868,0.0873,0.0964,0.0868,0.0878,0.0876,0.0866,0.0859,0.1018,0.087,0.0861,0.0871,0.0879,0.0846,0.0884,0.0889,0.0882,0.0873,0.0887,0.0905,0.0939,0.0866,0.0864,0.089,0.0847,0.0871,0.0914,0.09,0.0918,0.0912,0.0892,0.0894,0.0823,0.0861,0.0858,0.0917,0.0875,0.0841,0.0888,0.0944,0.0969,0.0928,0.0862,0.0877,0.0935,0.0856,0.0856,0.1021,0.1016,0.365,0.1092,0.1104,0.1037,0.1417,0.106,0.1012,0.1044,0.0865,0.0855,0.1011,0.0962,0.101,0.0968,0.1007,0.0974,0.0952,0.0958,0.0959,0.0857,0.0857,0.0859,0.1028,0.1095,0.1014,0.0991,0.0999,0.1003,0.1052,0.104,0.1027,0.1049,0.0858,0.0866,0.0861,0.0849,0.0852,0.0864,0.087,0.0854,0.0855,0.0859,0.0849,0.0868,0.0879
,0:34:16,42,0.0877,0.0872,0.0867,0.0869,0.0963,0.0866,0.0877,0.0872,0.0865,0.0858,0.102,0.0867,0.0866,0.0866,0.0876,0.0841,0.0881,0.0888,0.0882,0.0874,0.0884,0.0904,0.0941,0.0867,0.086,0.089,0.0846,0.0871,0.0916,0.0899,0.0912,0.0892,0.0891,0.089,0.0822,0.0861,0.0858,0.0919,0.0873,0.0837,0.0888,0.0943,0.0963,0.0929,0.0867,0.0875,0.0925,0.0857,0.0855,0.1033,0.1022,0.37,0.1104,0.1115,0.1045,0.1444,0.1065,0.102,0.1054,0.0859,0.0849,0.1017,0.0958,0.1013,0.0965,0.1005,0.0977,0.0952,0.0958,0.0963,0.0855,0.0858,0.0859,0.1036,0.1107,0.1019,0.0996,0.1004,0.1004,0.1059,0.1042,0.1033,0.1063,0.0854,0.0863,0.086,0.0849,0.0853,0.0862,0.0866,0.0848,0.0857,0.0862,0.0846,0.0863,0.0875
,0:39:16,41.9,0.0882,0.0872,0.0865,0.0872,0.0962,0.0865,0.0878,0.0876,0.0864,0.0854,0.1025,0.0874,0.0867,0.0867,0.0874,0.084,0.0887,0.0891,0.0878,0.0872,0.0886,0.0905,0.0941,0.0864,0.0863,0.0888,0.0846,0.087,0.0922,0.0897,0.0916,0.0892,0.0886,0.0883,0.0823,0.0861,0.086,0.0917,0.0874,0.0839,0.0888,0.0951,0.0968,0.0931,0.0864,0.0879,0.0937,0.0857,0.0859,0.105,0.1033,0.3777,0.112,0.1135,0.1057,0.1492,0.1076,0.1038,0.1068,0.0862,0.085,0.1027,0.0965,0.1022,0.0976,0.1016,0.0992,0.0954,0.097,0.0979,0.0854,0.0857,0.0864,0.1053,0.1123,0.1031,0.1008,0.1015,0.1022,0.1074,0.1056,0.1035,0.1085,0.086,0.0865,0.0868,0.0853,0.0857,0.0864,0.0869,0.0853,0.0858,0.0859,0.085,0.0869,0.0876
,0:44:16,41.9,0.0881,0.0874,0.0864,0.0868,0.0967,0.0867,0.0872,0.0874,0.0863,0.0854,0.1023,0.0871,0.0861,0.0866,0.0879,0.0841,0.0884,0.0887,0.0876,0.0867,0.0886,0.091,0.0925,0.0864,0.0866,0.0885,0.0842,0.0867,0.0925,0.0893,0.0914,0.0883,0.0888,0.0882,0.0821,0.0858,0.0857,0.091,0.0871,0.0841,0.0892,0.0957,0.0967,0.0931,0.0866,0.0879,0.0928,0.0859,0.0853,0.1069,0.1039,0.3881,0.1142,0.1152,0.1069,0.1534,0.1092,0.1051,0.1093,0.0858,0.0853,0.1036,0.0966,0.1029,0.0983,0.1024,0.0992,0.0956,0.0968,0.0987,0.0852,0.0854,0.0864,0.1066,0.1135,0.1053,0.1013,0.1026,0.1037,0.1088,0.1067,0.1045,0.1111,0.0856,0.0862,0.086,0.0845,0.0851,0.0863,0.0872,0.0855,0.0857,0.0854,0.0845,0.0864,0.0875
,0:49:16,42,0.0885,0.0871,0.0867,0.0876,0.0969,0.0866,0.088,0.0877,0.087,0.0859,0.1026,0.0871,0.087,0.0865,0.088,0.084,0.0891,0.0887,0.089,0.0878,0.0892,0.0907,0.0925,0.0868,0.0871,0.0899,0.0848,0.0871,0.093,0.0899,0.0917,0.0891,0.0891,0.0886,0.0827,0.0862,0.0862,0.0913,0.0873,0.0841,0.0893,0.0961,0.0974,0.0934,0.0874,0.0882,0.0941,0.0862,0.0858,0.1099,0.1058,0.3941,0.1166,0.1185,0.1093,0.1599,0.1116,0.1077,0.1123,0.0865,0.0856,0.1057,0.0976,0.1044,0.0996,0.1042,0.1016,0.0972,0.0981,0.1007,0.086,0.0863,0.0866,0.1092,0.1164,0.1075,0.1027,0.1041,0.1057,0.1112,0.1089,0.1068,0.1144,0.0862,0.0869,0.0868,0.0854,0.0858,0.0869,0.0872,0.0857,0.0862,0.0863,0.0853,0.0872,0.0877
,0:54:16,42,0.0885,0.0878,0.0869,0.0878,0.0973,0.0873,0.088,0.0877,0.087,0.086,0.1025,0.0874,0.0871,0.087,0.0883,0.084,0.0894,0.0891,0.0883,0.0877,0.0895,0.0913,0.0924,0.087,0.0868,0.0893,0.0851,0.0874,0.0931,0.0904,0.0918,0.089,0.0891,0.089,0.0829,0.0866,0.0865,0.0916,0.0873,0.0845,0.0894,0.0962,0.0972,0.0937,0.0867,0.0885,0.0946,0.0862,0.0865,0.1127,0.1081,0.4081,0.1194,0.1212,0.1123,0.1676,0.1142,0.1102,0.1156,0.0867,0.0858,0.1074,0.098,0.1057,0.1013,0.1061,0.1033,0.0975,0.0994,0.1026,0.0859,0.0855,0.0864,0.1116,0.1186,0.1093,0.105,0.1058,0.1081,0.1128,0.1112,0.1084,0.1179,0.086,0.0869,0.0867,0.0854,0.0861,0.0868,0.0872,0.0858,0.0859,0.0864,0.0857,0.0872,0.088
,0:59:16,42,0.0883,0.0877,0.0865,0.0875,0.0966,0.0864,0.0877,0.0872,0.0868,0.0857,0.102,0.0873,0.0865,0.0866,0.088,0.0834,0.089,0.0887,0.0879,0.0869,0.0891,0.0907,0.0924,0.0866,0.087,0.0889,0.0846,0.0868,0.0928,0.0896,0.0917,0.0889,0.0887,0.0889,0.0822,0.0863,0.086,0.0913,0.0876,0.0839,0.09,0.096,0.0969,0.0936,0.0872,0.0881,0.093,0.0861,0.0857,0.1156,0.1103,0.4247,0.1219,0.1246,0.1141,0.1754,0.116,0.1127,0.1187,0.0867,0.0851,0.1086,0.0979,0.1074,0.1027,0.1073,0.105,0.0981,0.1007,0.1048,0.0855,0.0857,0.0862,0.1142,0.1214,0.1109,0.1064,0.1078,0.1094,0.1156,0.1129,0.1101,0.1223,0.0861,0.0868,0.0863,0.0851,0.0859,0.0867,0.0874,0.086,0.0855,0.0859,0.0853,0.0867,0.088
,1:04:16,42,0.0885,0.087,0.0863,0.0871,0.097,0.0866,0.0877,0.0873,0.0863,0.0858,0.1016,0.0874,0.0863,0.0862,0.0883,0.0839,0.0892,0.0892,0.0885,0.0872,0.0893,0.0911,0.0927,0.0864,0.0864,0.0887,0.0844,0.0868,0.093,0.0894,0.092,0.0892,0.0887,0.0879,0.0822,0.0858,0.0858,0.0908,0.0875,0.0837,0.0893,0.0963,0.0968,0.0941,0.0877,0.0881,0.0929,0.0855,0.0857,0.1191,0.1132,0.4424,0.1254,0.1297,0.1178,0.1866,0.1191,0.1171,0.1226,0.0866,0.085,0.1108,0.0986,0.1092,0.104,0.1099,0.108,0.0991,0.1023,0.108,0.0857,0.0857,0.0866,0.1177,0.1249,0.1131,0.1084,0.1105,0.1126,0.1187,0.1156,0.1123,0.1275,0.086,0.0868,0.0862,0.0853,0.0854,0.0862,0.0868,0.0856,0.0861,0.0862,0.0851,0.0866,0.0876
,1:09:16,42,0.088,0.0872,0.0861,0.087,0.0971,0.0867,0.0876,0.0871,0.0865,0.0859,0.1014,0.0869,0.0866,0.0863,0.088,0.0837,0.089,0.0889,0.0885,0.0872,0.0893,0.091,0.0923,0.0863,0.0868,0.0888,0.0845,0.0868,0.0932,0.0897,0.0913,0.0889,0.0881,0.088,0.0819,0.0859,0.0864,0.0914,0.0873,0.0834,0.0888,0.0963,0.0969,0.0939,0.087,0.0879,0.0937,0.0854,0.086,0.1238,0.1165,0.435,0.1305,0.1345,0.1215,0.1962,0.122,0.1222,0.1284,0.0861,0.0853,0.113,0.0989,0.111,0.1065,0.1121,0.1106,0.0996,0.104,0.1118,0.0854,0.0858,0.0862,0.1218,0.1289,0.1145,0.1121,0.1136,0.1154,0.1221,0.1191,0.1148,0.1336,0.086,0.0865,0.0864,0.0853,0.0852,0.0863,0.0865,0.0853,0.0858,0.0854,0.0847,0.0866,0.0871
,1:14:16,42,0.0882,0.0877,0.0867,0.0878,0.0966,0.0872,0.0879,0.0875,0.0872,0.0861,0.1016,0.0876,0.0871,0.0866,0.0887,0.0842,0.0896,0.0894,0.0892,0.0875,0.0897,0.0918,0.093,0.0874,0.0872,0.0899,0.0846,0.0871,0.0938,0.0897,0.0918,0.0892,0.0893,0.0884,0.0825,0.0865,0.0867,0.0912,0.0875,0.0838,0.0897,0.0971,0.0973,0.0945,0.0887,0.0888,0.0942,0.0863,0.0862,0.1298,0.1208,0.419,0.1368,0.1418,0.1281,0.21,0.126,0.1287,0.1352,0.0868,0.0856,0.1163,0.1,0.1157,0.1094,0.1162,0.1153,0.101,0.107,0.1171,0.0859,0.0861,0.0869,0.1279,0.1346,0.118,0.1162,0.118,0.1196,0.1269,0.1241,0.1191,0.1421,0.0861,0.0868,0.0865,0.0855,0.0859,0.0869,0.0877,0.0856,0.0863,0.0863,0.0851,0.0872,0.088
,1:19:16,42,0.0877,0.0873,0.0865,0.0872,0.0966,0.0868,0.0879,0.0872,0.0866,0.0857,0.1009,0.0871,0.0866,0.0865,0.0885,0.084,0.0894,0.089,0.0884,0.0874,0.0895,0.0915,0.0927,0.087,0.0868,0.089,0.0841,0.0871,0.0933,0.0897,0.0914,0.0892,0.0885,0.0883,0.0824,0.0861,0.0863,0.0906,0.087,0.0839,0.0891,0.0972,0.0972,0.0946,0.0874,0.0882,0.0941,0.0862,0.0859,0.1362,0.1267,0.4044,0.1432,0.1488,0.136,0.2245,0.1312,0.137,0.1432,0.0859,0.0852,0.1199,0.1003,0.1182,0.1129,0.1191,0.1196,0.1018,0.1095,0.1231,0.0854,0.0853,0.0865,0.1346,0.1392,0.1193,0.1194,0.1227,0.1237,0.1316,0.1286,0.1232,0.1513,0.0862,0.0865,0.0865,0.0852,0.0855,0.087,0.0869,0.0857,0.0856,0.0862,0.0851,0.0866,0.088
,1:24:16,42,0.0886,0.0869,0.0866,0.0876,0.097,0.0868,0.0881,0.0875,0.087,0.0867,0.1006,0.0871,0.0867,0.0867,0.0889,0.0841,0.0897,0.0891,0.0892,0.087,0.0894,0.0917,0.093,0.087,0.0871,0.0894,0.0848,0.0871,0.0938,0.0906,0.0918,0.0899,0.0888,0.0893,0.0824,0.0868,0.0868,0.091,0.0874,0.0837,0.0895,0.097,0.0974,0.0949,0.0882,0.0885,0.0938,0.086,0.0862,0.1439,0.1338,0.4148,0.1511,0.1578,0.1436,0.2381,0.1371,0.1469,0.1537,0.0866,0.0858,0.1235,0.1007,0.1241,0.1166,0.1243,0.1261,0.1027,0.1132,0.131,0.0857,0.0858,0.0866,0.1427,0.146,0.1225,0.1248,0.1284,0.1299,0.1372,0.1356,0.1284,0.1631,0.0861,0.0869,0.087,0.0854,0.0856,0.087,0.0872,0.0858,0.086,0.0862,0.0853,0.0872,0.0877
,1:29:16,41.9,0.0883,0.0872,0.0863,0.0877,0.0964,0.0864,0.0876,0.0872,0.0868,0.0857,0.1003,0.0871,0.0866,0.0864,0.0888,0.0836,0.0894,0.0892,0.0887,0.0874,0.089,0.0918,0.0922,0.0866,0.0869,0.0892,0.0848,0.0867,0.0935,0.0894,0.0922,0.0895,0.0886,0.0889,0.0823,0.0859,0.086,0.0906,0.0874,0.0842,0.0896,0.097,0.0974,0.0951,0.0875,0.0881,0.0936,0.0857,0.0854,0.1528,0.1421,0.4354,0.159,0.1675,0.1532,0.2419,0.1432,0.1595,0.1644,0.0864,0.0855,0.1276,0.1014,0.1293,0.1209,0.13,0.1331,0.1044,0.1169,0.1398,0.0858,0.0859,0.0867,0.1525,0.1522,0.1247,0.1312,0.1353,0.1363,0.1436,0.1428,0.1334,0.1758,0.0858,0.0863,0.0861,0.085,0.086,0.0866,0.0874,0.0858,0.086,0.086,0.0849,0.0866,0.0873
,1:34:16,41.9,0.0878,0.0873,0.0864,0.0874,0.0962,0.0867,0.0876,0.0881,0.0866,0.0859,0.0998,0.0871,0.0862,0.0867,0.0889,0.083,0.0897,0.0889,0.0889,0.0878,0.0891,0.0917,0.0952,0.0867,0.0861,0.089,0.0847,0.0872,0.094,0.0899,0.092,0.0892,0.0882,0.0884,0.0825,0.086,0.0863,0.0905,0.0874,0.084,0.0901,0.0967,0.0979,0.0955,0.0884,0.0882,0.0939,0.0858,0.0858,0.1639,0.1521,0.4607,0.1696,0.1787,0.1644,0.2561,0.1504,0.1735,0.1774,0.0865,0.0854,0.1324,0.1019,0.1374,0.1256,0.1361,0.1421,0.1058,0.122,0.1511,0.0858,0.0855,0.0864,0.1635,0.1604,0.1281,0.1384,0.1434,0.1434,0.1512,0.1518,0.141,0.1853,0.0858,0.0867,0.0865,0.0852,0.086,0.0869,0.0867,0.0854,0.0859,0.0858,0.085,0.0866,0.0877
,1:39:16,41.9,0.0882,0.0874,0.0866,0.0872,0.0959,0.087,0.0881,0.0881,0.0866,0.0862,0.1001,0.0872,0.0867,0.0864,0.0893,0.0838,0.0902,0.0888,0.0896,0.0873,0.0895,0.092,0.095,0.0873,0.0866,0.0899,0.0846,0.0869,0.0938,0.0901,0.0921,0.0897,0.0885,0.0884,0.0825,0.0864,0.0865,0.091,0.0875,0.084,0.0892,0.0975,0.0979,0.0956,0.0886,0.0888,0.0944,0.0861,0.0861,0.1763,0.1631,0.4819,0.1814,0.193,0.1785,0.2764,0.1596,0.1812,0.1845,0.0865,0.0857,0.1386,0.1025,0.1455,0.1309,0.144,0.1522,0.1078,0.1286,0.1647,0.0861,0.0864,0.0869,0.1775,0.1702,0.1314,0.1475,0.1537,0.151,0.16,0.1617,0.1498,0.1931,0.0864,0.0865,0.0865,0.0849,0.0862,0.0872,0.0878,0.0856,0.0859,0.0865,0.0854,0.087,0.088
,1:44:16,42.1,0.0881,0.0874,0.0869,0.0878,0.0962,0.087,0.0884,0.0876,0.0867,0.0864,0.0992,0.0873,0.0864,0.0866,0.09,0.0839,0.0905,0.0889,0.0901,0.0872,0.0894,0.0922,0.0935,0.0869,0.0871,0.0892,0.0843,0.0871,0.0944,0.0902,0.0922,0.0895,0.0887,0.0888,0.0827,0.0862,0.0866,0.0906,0.0876,0.0839,0.0901,0.0975,0.0982,0.0962,0.089,0.0885,0.0947,0.0869,0.0862,0.19,0.1775,0.5023,0.1929,0.2016,0.1905,0.2964,0.1689,0.1929,0.1997,0.0864,0.086,0.1452,0.1037,0.156,0.1373,0.1526,0.1641,0.1095,0.1351,0.1732,0.086,0.0862,0.0862,0.1874,0.1822,0.1347,0.1586,0.1652,0.1603,0.1707,0.1738,0.1591,0.2091,0.086,0.087,0.0862,0.0852,0.086,0.0868,0.0872,0.0856,0.0863,0.0864,0.085,0.0871,0.0877
,1:49:16,42,0.0882,0.087,0.0867,0.0873,0.0955,0.0868,0.0874,0.0876,0.0867,0.0858,0.0985,0.0868,0.086,0.0866,0.0896,0.084,0.0901,0.0888,0.0888,0.0868,0.0887,0.0918,0.0933,0.0868,0.0864,0.0898,0.0844,0.087,0.0943,0.0901,0.0917,0.0894,0.0885,0.0882,0.0824,0.0864,0.0861,0.0908,0.087,0.0841,0.0909,0.0975,0.0974,0.0964,0.0877,0.0887,0.0939,0.0859,0.0858,0.2042,0.1892,0.4998,0.2023,0.2081,0.1944,0.3071,0.1795,0.2096,0.2186,0.0864,0.0857,0.1515,0.104,0.1666,0.1437,0.163,0.1775,0.112,0.1432,0.1787,0.0862,0.0854,0.0866,0.1937,0.1875,0.1386,0.1692,0.1791,0.1661,0.1825,0.1874,0.1703,0.2272,0.086,0.0865,0.086,0.0852,0.0857,0.0866,0.0871,0.0854,0.0856,0.0857,0.0849,0.0862,0.0878
,1:54:16,42,0.0883,0.0871,0.0869,0.087,0.096,0.0867,0.0881,0.0875,0.0865,0.0864,0.0976,0.0872,0.0866,0.0865,0.0899,0.0834,0.0903,0.0888,0.0889,0.0874,0.0895,0.0921,0.0949,0.0868,0.0868,0.0895,0.0843,0.0872,0.0937,0.09,0.0923,0.0901,0.0885,0.0894,0.0825,0.0864,0.0863,0.0914,0.0875,0.0836,0.0893,0.0983,0.0975,0.0965,0.0891,0.0889,0.0943,0.0861,0.086,0.2173,0.1933,0.5072,0.2087,0.2227,0.2067,0.3175,0.1901,0.2296,0.2401,0.0863,0.0856,0.16,0.1052,0.1805,0.1509,0.1751,0.1861,0.1141,0.152,0.1926,0.0864,0.0857,0.0863,0.2078,0.1943,0.1425,0.183,0.1868,0.1741,0.1944,0.2001,0.1821,0.2452,0.0866,0.0865,0.0865,0.0852,0.0859,0.087,0.0873,0.0856,0.0857,0.0863,0.0855,0.0872,0.0878
,1:59:16,42.1,0.0879,0.0872,0.0866,0.0872,0.0951,0.0868,0.0874,0.0876,0.0867,0.0857,0.0971,0.0863,0.0862,0.0864,0.0898,0.0839,0.0902,0.0886,0.0891,0.0869,0.0889,0.0913,0.0951,0.0865,0.0869,0.0896,0.0842,0.0868,0.0938,0.0894,0.0918,0.0898,0.0882,0.0883,0.0821,0.0864,0.0858,0.0904,0.0868,0.0833,0.0895,0.0974,0.0978,0.0969,0.0888,0.0888,0.0942,0.0855,0.0857,0.2331,0.2042,0.5222,0.2218,0.2417,0.2259,0.331,0.1993,0.2519,0.2577,0.086,0.0854,0.1692,0.1053,0.1928,0.1598,0.1869,0.1914,0.1163,0.1618,0.2116,0.0856,0.0858,0.0861,0.2256,0.208,0.1465,0.1897,0.1981,0.1842,0.2064,0.2046,0.1942,0.2688,0.0859,0.0864,0.0864,0.0846,0.0857,0.0868,0.0866,0.0854,0.0851,0.0858,0.0849,0.0867,0.0875
,2:04:16,42.1,0.0878,0.0874,0.0861,0.087,0.0952,0.0868,0.087,0.0871,0.0865,0.0858,0.0969,0.0873,0.0859,0.0862,0.0896,0.0831,0.0903,0.0888,0.0885,0.0872,0.0888,0.0921,0.0939,0.0866,0.0869,0.0892,0.0841,0.0872,0.0938,0.0895,0.0917,0.09,0.0886,0.0882,0.0819,0.0862,0.0859,0.0902,0.0872,0.0836,0.0903,0.0976,0.0976,0.0967,0.0888,0.0888,0.0953,0.0857,0.0858,0.2527,0.2232,0.5408,0.2407,0.2582,0.245,0.3441,0.2088,0.2739,0.2704,0.0864,0.0852,0.1785,0.1065,0.1987,0.1682,0.1943,0.2083,0.119,0.1722,0.2301,0.0856,0.086,0.0866,0.2423,0.2232,0.1506,0.2042,0.2159,0.1963,0.2212,0.2193,0.2039,0.2923,0.0862,0.0868,0.0859,0.0852,0.0859,0.0862,0.0869,0.0856,0.0857,0.086,0.0848,0.0867,0.0873
,2:09:16,42.1,0.0881,0.0877,0.0871,0.0873,0.0955,0.0874,0.0877,0.0874,0.087,0.0862,0.0961,0.0875,0.0868,0.0866,0.0906,0.0841,0.091,0.0897,0.0888,0.0874,0.0897,0.0924,0.095,0.0875,0.0867,0.0898,0.0843,0.087,0.0945,0.09,0.0929,0.0905,0.0889,0.0888,0.0825,0.0864,0.0867,0.0904,0.0876,0.0835,0.0899,0.0977,0.0979,0.0982,0.0894,0.0895,0.0949,0.0864,0.0857,0.2749,0.2408,0.5545,0.2597,0.2744,0.2647,0.363,0.2229,0.2871,0.2844,0.0873,0.0856,0.1911,0.1073,0.2143,0.1735,0.2071,0.2267,0.1221,0.1767,0.2519,0.0859,0.0859,0.0866,0.2574,0.239,0.1543,0.223,0.2342,0.2089,0.2387,0.2385,0.2199,0.308,0.0866,0.0868,0.0868,0.085,0.0858,0.0871,0.0876,0.0858,0.0863,0.0863,0.0852,0.0871,0.088
,2:14:16,42,0.0881,0.0878,0.0865,0.0874,0.0946,0.0865,0.0872,0.0875,0.0866,0.0858,0.0962,0.0867,0.0865,0.0861,0.0908,0.0841,0.091,0.0892,0.0884,0.0876,0.0893,0.0927,0.094,0.0866,0.0866,0.09,0.0845,0.0869,0.0943,0.0895,0.0921,0.0899,0.0883,0.0885,0.0822,0.0862,0.0858,0.09,0.0872,0.0839,0.0922,0.0978,0.098,0.0981,0.0892,0.0892,0.0949,0.0859,0.0858,0.2988,0.2599,0.5672,0.2833,0.2918,0.285,0.3815,0.2399,0.3018,0.3002,0.0866,0.0851,0.2024,0.1076,0.2326,0.1809,0.2247,0.2472,0.1256,0.1842,0.2793,0.0855,0.0854,0.0868,0.2739,0.2524,0.1593,0.2417,0.2526,0.2194,0.26,0.2546,0.2389,0.3231,0.0862,0.0868,0.0866,0.0849,0.0858,0.0866,0.0874,0.0857,0.0856,0.0856,0.0854,0.0865,0.0876
,2:19:16,42.1,0.0883,0.0873,0.0866,0.0878,0.095,0.087,0.0877,0.0875,0.0868,0.0859,0.0958,0.0867,0.0867,0.0868,0.0908,0.0836,0.091,0.0887,0.0884,0.087,0.0895,0.0928,0.0943,0.0868,0.0866,0.09,0.0845,0.0876,0.0944,0.0901,0.0923,0.0902,0.0886,0.089,0.0826,0.0868,0.0866,0.0904,0.0873,0.0836,0.0899,0.098,0.0981,0.0992,0.0898,0.0894,0.0959,0.0859,0.0857,0.317,0.2772,0.5885,0.3011,0.3228,0.3129,0.4013,0.26,0.3194,0.3167,0.0868,0.0857,0.2149,0.1088,0.2528,0.1912,0.2406,0.2669,0.1287,0.1971,0.2994,0.0857,0.0861,0.0867,0.3017,0.2742,0.164,0.2642,0.2808,0.2268,0.2814,0.2728,0.2578,0.3398,0.0859,0.0868,0.0864,0.0854,0.0859,0.0869,0.0871,0.086,0.086,0.0862,0.0852,0.0869,0.088
,2:24:16,42.1,0.0878,0.0875,0.0865,0.0872,0.094,0.0862,0.0876,0.0876,0.0862,0.0858,0.0951,0.0875,0.0867,0.0865,0.0911,0.0836,0.0914,0.0891,0.0885,0.088,0.0894,0.0926,0.0963,0.0865,0.0864,0.0898,0.0843,0.0867,0.0943,0.0894,0.092,0.0903,0.0884,0.0888,0.0824,0.0862,0.0859,0.0899,0.0868,0.0841,0.09,0.0975,0.0981,0.0988,0.0893,0.0896,0.0953,0.0856,0.0853,0.3318,0.3005,0.6101,0.314,0.3385,0.33,0.4212,0.273,0.338,0.3343,0.0863,0.0854,0.2287,0.1091,0.2767,0.2047,0.2578,0.286,0.133,0.2117,0.3152,0.0854,0.0859,0.0865,0.3239,0.2909,0.1696,0.2923,0.2963,0.2344,0.2969,0.2922,0.2861,0.3593,0.0862,0.0868,0.0865,0.0852,0.0854,0.0865,0.0871,0.0855,0.0857,0.0859,0.0855,0.0869,0.0878
,2:29:16,42,0.0873,0.0871,0.0859,0.0869,0.0935,0.0857,0.0871,0.0872,0.0862,0.0856,0.0934,0.0867,0.0862,0.0864,0.0902,0.0831,0.0913,0.0891,0.0886,0.087,0.0889,0.0926,0.0938,0.0867,0.0861,0.0898,0.0841,0.0863,0.0939,0.0895,0.0921,0.0894,0.0879,0.0896,0.0821,0.0859,0.0856,0.09,0.087,0.0832,0.0893,0.0974,0.0972,0.0994,0.0896,0.0892,0.0953,0.0855,0.0851,0.3501,0.3304,0.6307,0.326,0.3518,0.3444,0.4478,0.2851,0.359,0.3508,0.0858,0.0849,0.245,0.1099,0.2998,0.2171,0.28,0.3079,0.1366,0.2283,0.3339,0.0855,0.0852,0.0862,0.3363,0.3032,0.177,0.3071,0.3078,0.2414,0.311,0.3152,0.3041,0.3804,0.0857,0.0863,0.0862,0.0846,0.0854,0.0858,0.086,0.0849,0.0851,0.0855,0.0842,0.0862,0.0878
,2:34:16,42,0.088,0.0875,0.0862,0.0873,0.0939,0.0868,0.0877,0.0874,0.0863,0.0855,0.0934,0.0868,0.0864,0.0866,0.0912,0.0837,0.0914,0.0894,0.0884,0.0874,0.089,0.0929,0.0973,0.0863,0.0868,0.09,0.0842,0.0872,0.0939,0.0898,0.0922,0.0902,0.0884,0.0888,0.0824,0.0856,0.0864,0.0901,0.0876,0.0833,0.0907,0.0977,0.0979,0.1003,0.0909,0.09,0.096,0.086,0.0861,0.3709,0.3466,0.6447,0.3401,0.3726,0.3669,0.4696,0.2981,0.3823,0.3739,0.0866,0.0857,0.2617,0.1108,0.3146,0.2275,0.3081,0.3328,0.1412,0.2456,0.3576,0.0854,0.0859,0.0861,0.3522,0.317,0.1825,0.32,0.3233,0.2487,0.3242,0.3517,0.3195,0.4029,0.0858,0.0867,0.086,0.0853,0.0857,0.087,0.0873,0.0856,0.0855,0.0861,0.0851,0.0871,0.0881
,2:39:16,42,0.0877,0.0875,0.0867,0.0872,0.0935,0.0866,0.0877,0.0876,0.0863,0.0856,0.0927,0.0869,0.0864,0.0863,0.0914,0.0833,0.0922,0.0892,0.0889,0.0874,0.0893,0.0931,0.0945,0.0869,0.0864,0.0899,0.0843,0.0872,0.0946,0.0902,0.092,0.0903,0.0885,0.0893,0.0822,0.0863,0.0862,0.0901,0.0871,0.0838,0.0894,0.098,0.0985,0.1006,0.0903,0.0898,0.0956,0.0855,0.0855,0.3923,0.366,0.6592,0.3595,0.3917,0.3894,0.4837,0.3147,0.4074,0.3974,0.0869,0.0852,0.2772,0.1113,0.3324,0.2394,0.3259,0.3647,0.1463,0.2682,0.3803,0.0856,0.0855,0.0865,0.3714,0.3314,0.1917,0.3392,0.3429,0.2576,0.3396,0.3683,0.3372,0.4244,0.0856,0.0869,0.0862,0.0852,0.0858,0.0862,0.0868,0.0858,0.0857,0.0861,0.0849,0.0866,0.0878
,2:44:16,42,0.0881,0.0871,0.0866,0.087,0.0935,0.0866,0.0875,0.0871,0.0863,0.0857,0.0923,0.087,0.0865,0.0865,0.0917,0.0832,0.0916,0.0887,0.0881,0.0872,0.0892,0.0932,0.0948,0.0865,0.0863,0.0905,0.0846,0.0868,0.0944,0.0893,0.0926,0.0907,0.0882,0.0886,0.0828,0.0858,0.0862,0.0898,0.0873,0.0831,0.09,0.0977,0.0983,0.1014,0.0908,0.0901,0.0963,0.0852,0.086,0.4225,0.3847,0.6591,0.3801,0.4116,0.4091,0.4953,0.3315,0.4385,0.4128,0.0862,0.085,0.2911,0.1114,0.3534,0.2502,0.342,0.3865,0.1516,0.2864,0.4064,0.0856,0.0855,0.0859,0.3922,0.3518,0.2,0.3587,0.3627,0.2693,0.3573,0.3879,0.3591,0.449,0.0858,0.0867,0.0862,0.0849,0.0856,0.0865,0.0867,0.0858,0.0854,0.0859,0.0852,0.0868,0.0877
,2:49:16,42,0.0876,0.0871,0.0865,0.087,0.0935,0.0862,0.0875,0.0869,0.0863,0.0861,0.0917,0.0868,0.0868,0.0865,0.0926,0.0838,0.0921,0.0894,0.0882,0.0876,0.0893,0.0936,0.0951,0.0867,0.0869,0.0898,0.0844,0.0872,0.0943,0.0896,0.092,0.09,0.0879,0.0885,0.0823,0.0867,0.0859,0.0898,0.087,0.0838,0.0896,0.0983,0.0984,0.1027,0.0902,0.0899,0.0975,0.0857,0.0864,0.4481,0.4067,0.6731,0.4024,0.4395,0.4334,0.5032,0.3517,0.4674,0.4211,0.0859,0.0854,0.3058,0.1118,0.3745,0.2662,0.3609,0.406,0.1574,0.3015,0.4375,0.0859,0.0863,0.0865,0.4134,0.3726,0.2102,0.3785,0.3822,0.2819,0.3741,0.4084,0.3819,0.4735,0.0858,0.0867,0.0863,0.0853,0.0858,0.0868,0.0872,0.0852,0.0859,0.0857,0.0849,0.0866,0.0877
,2:54:16,41.9,0.0876,0.0867,0.0861,0.0865,0.0925,0.0866,0.0876,0.087,0.0868,0.0855,0.0905,0.0872,0.0865,0.0859,0.0921,0.083,0.0927,0.0888,0.0887,0.0872,0.0894,0.0935,0.0947,0.0868,0.0865,0.0907,0.0844,0.0867,0.0942,0.0894,0.092,0.0905,0.088,0.0888,0.0824,0.086,0.0855,0.0899,0.0867,0.0836,0.0899,0.0984,0.0982,0.103,0.0907,0.0899,0.097,0.0851,0.086,0.4667,0.4288,0.6838,0.4264,0.4709,0.4613,0.512,0.3746,0.49,0.43,0.0867,0.0849,0.3205,0.1117,0.3947,0.2798,0.3805,0.4264,0.164,0.3164,0.4583,0.0855,0.0855,0.0864,0.4394,0.3953,0.2195,0.3981,0.4032,0.2965,0.3917,0.4338,0.404,0.4898,0.086,0.0865,0.0862,0.0853,0.086,0.0861,0.0872,0.085,0.0852,0.0861,0.0844,0.0868,0.0876
,2:59:16,42.1,0.0879,0.0878,0.0866,0.0874,0.0931,0.0863,0.0874,0.0876,0.0869,0.0859,0.0904,0.0871,0.0863,0.0867,0.0931,0.0843,0.0932,0.0886,0.0898,0.0876,0.0899,0.0942,0.099,0.0871,0.0868,0.0909,0.0846,0.0868,0.0949,0.0894,0.0922,0.0906,0.0887,0.0885,0.0823,0.0866,0.0862,0.0904,0.0876,0.0832,0.0897,0.0986,0.0987,0.1044,0.092,0.0907,0.098,0.0863,0.086,0.4848,0.4615,0.6968,0.4605,0.4896,0.4799,0.5258,0.3981,0.5064,0.4378,0.0864,0.086,0.3371,0.1117,0.4187,0.2913,0.4032,0.4589,0.1705,0.3356,0.4792,0.0853,0.0858,0.0862,0.4678,0.4228,0.2316,0.4185,0.4322,0.3131,0.4117,0.4666,0.4315,0.5086,0.0863,0.0868,0.0864,0.0855,0.0854,0.0868,0.0868,0.0857,0.086,0.0863,0.0846,0.0872,0.0881
,3:04:16,41.9,0.0874,0.0869,0.086,0.0863,0.0922,0.0861,0.087,0.087,0.0859,0.0853,0.0886,0.0866,0.0857,0.0863,0.0927,0.083,0.0931,0.0888,0.0884,0.0866,0.0895,0.0941,0.0972,0.086,0.0869,0.0903,0.0838,0.0865,0.0945,0.0894,0.0919,0.0905,0.0883,0.0879,0.0822,0.0855,0.0858,0.0893,0.0875,0.0832,0.0891,0.0975,0.0985,0.1043,0.0918,0.0904,0.0983,0.0858,0.0855,0.5007,0.4838,0.7056,0.4829,0.5029,0.4955,0.5404,0.4275,0.518,0.4416,0.0861,0.085,0.3539,0.1105,0.4482,0.3015,0.4333,0.4802,0.1762,0.3553,0.4971,0.0848,0.0855,0.0859,0.4849,0.4504,0.2448,0.4433,0.4591,0.3307,0.4341,0.4871,0.4578,0.5237,0.0854,0.0867,0.0859,0.0845,0.0857,0.0862,0.0868,0.0855,0.0853,0.0855,0.0839,0.0866,0.0874
,3:09:16,41.9,0.0881,0.0872,0.0867,0.0873,0.0923,0.0864,0.0874,0.0874,0.0869,0.0856,0.089,0.087,0.0863,0.0867,0.0934,0.0836,0.0939,0.0891,0.0888,0.0877,0.0897,0.0945,0.0989,0.0867,0.087,0.0907,0.0842,0.0869,0.0945,0.0901,0.0923,0.0912,0.0884,0.0889,0.0827,0.0869,0.0863,0.0901,0.0873,0.0842,0.0899,0.0983,0.099,0.1059,0.0923,0.0912,0.0984,0.0857,0.0863,0.5162,0.5004,0.7231,0.4995,0.5172,0.5096,0.552,0.4542,0.5303,0.4557,0.0864,0.0855,0.3708,0.1097,0.4677,0.3123,0.4589,0.4971,0.1839,0.3798,0.5132,0.0856,0.0857,0.0858,0.4996,0.4687,0.2607,0.4657,0.4787,0.3507,0.4543,0.5044,0.4773,0.5376,0.0858,0.087,0.0863,0.0852,0.0857,0.0871,0.0869,0.0859,0.0863,0.0861,0.0854,0.0876,0.0878
,3:14:16,42,0.0887,0.088,0.0866,0.0873,0.0919,0.0873,0.0873,0.0879,0.0867,0.0861,0.0891,0.0869,0.0866,0.0869,0.0942,0.0837,0.0949,0.0895,0.089,0.0878,0.0895,0.0952,0.0967,0.0872,0.0869,0.0912,0.0846,0.088,0.0952,0.0898,0.0927,0.0914,0.0889,0.0889,0.0827,0.087,0.0865,0.0906,0.0869,0.0841,0.0905,0.099,0.0991,0.1073,0.0928,0.0916,0.0991,0.0862,0.0868,0.5295,0.5139,0.7315,0.5141,0.5276,0.5222,0.564,0.4711,0.543,0.4651,0.087,0.0858,0.3921,0.11,0.4837,0.3257,0.4761,0.5129,0.1925,0.4035,0.5289,0.0861,0.0862,0.0868,0.5129,0.4843,0.2779,0.4823,0.4968,0.3706,0.4711,0.5191,0.494,0.5522,0.0866,0.087,0.087,0.0857,0.0861,0.0869,0.0875,0.0858,0.0862,0.0863,0.0855,0.087,0.0878
,3:19:16,42,0.0875,0.0868,0.0861,0.0872,0.0912,0.0858,0.0876,0.0868,0.086,0.0853,0.0883,0.0869,0.0862,0.0872,0.0944,0.0831,0.0945,0.0891,0.0881,0.0872,0.0894,0.095,0.0976,0.0862,0.0865,0.0909,0.0842,0.0872,0.0939,0.0893,0.0923,0.091,0.0882,0.088,0.0823,0.0857,0.0858,0.0899,0.0867,0.0835,0.09,0.0984,0.0986,0.1082,0.093,0.0907,0.0995,0.0856,0.0856,0.5418,0.5243,0.7407,0.5274,0.5377,0.5318,0.5717,0.4853,0.5565,0.4703,0.0862,0.0849,0.4131,0.1086,0.496,0.3413,0.4918,0.5248,0.2001,0.4262,0.5408,0.0857,0.0851,0.0861,0.5234,0.4971,0.2917,0.4959,0.5104,0.3922,0.484,0.5324,0.5073,0.5672,0.0856,0.0863,0.086,0.0851,0.0851,0.0865,0.0867,0.0852,0.0854,0.0859,0.0852,0.0867,0.0875
,3:24:16,42,0.0877,0.0873,0.0857,0.087,0.0908,0.0859,0.0873,0.0868,0.086,0.0854,0.089,0.0865,0.0864,0.086,0.095,0.0833,0.0947,0.0891,0.0882,0.0868,0.089,0.095,0.0981,0.086,0.0861,0.0906,0.0837,0.0864,0.0941,0.0895,0.0923,0.0908,0.088,0.0884,0.082,0.0859,0.0862,0.0897,0.0869,0.083,0.0894,0.0985,0.0986,0.1094,0.0938,0.0911,0.1,0.0852,0.0857,0.5585,0.5346,0.7534,0.5441,0.5535,0.5497,0.5816,0.4997,0.5705,0.4765,0.0856,0.0851,0.4325,0.1081,0.5086,0.3577,0.5049,0.536,0.2092,0.4501,0.5541,0.0853,0.0855,0.0854,0.5358,0.5087,0.304,0.507,0.5225,0.4119,0.498,0.5449,0.5207,0.5822,0.0858,0.0864,0.0863,0.0845,0.0859,0.0865,0.0863,0.0854,0.0856,0.0856,0.0846,0.0866,0.0874
,3:29:16,41.9,0.0878,0.0872,0.0862,0.0869,0.0912,0.0862,0.0872,0.0874,0.086,0.0854,0.0889,0.0869,0.0861,0.0866,0.0957,0.0839,0.0955,0.0886,0.088,0.0874,0.0893,0.0954,0.0973,0.0864,0.0858,0.0913,0.0838,0.0866,0.0944,0.0895,0.0924,0.0909,0.0887,0.0883,0.0823,0.0857,0.0862,0.0897,0.0866,0.0833,0.0912,0.0986,0.0993,0.1102,0.0946,0.0914,0.1014,0.0852,0.0856,0.5745,0.544,0.7601,0.5565,0.5676,0.5633,0.5901,0.5141,0.585,0.4815,0.086,0.085,0.4482,0.1077,0.5209,0.3757,0.5175,0.5471,0.2195,0.469,0.5693,0.085,0.0858,0.086,0.5523,0.5213,0.3193,0.5243,0.5342,0.4283,0.5124,0.5565,0.5377,0.5961,0.0857,0.0865,0.0859,0.0846,0.0855,0.0867,0.0872,0.0857,0.0854,0.0856,0.0853,0.0865,0.0876
,3:34:16,42,0.0888,0.0875,0.087,0.0876,0.091,0.0866,0.0886,0.0879,0.087,0.0862,0.0892,0.0873,0.0868,0.087,0.0966,0.0844,0.0966,0.0898,0.0889,0.0885,0.0899,0.0967,0.0985,0.0878,0.0869,0.0917,0.085,0.0874,0.095,0.0901,0.0931,0.0916,0.089,0.0895,0.0833,0.0869,0.087,0.0907,0.0876,0.0843,0.0906,0.0988,0.0997,0.1129,0.095,0.0925,0.1019,0.0862,0.086,0.5892,0.5622,0.7702,0.5673,0.58,0.5752,0.6003,0.5283,0.602,0.4851,0.087,0.0861,0.4654,0.1081,0.5361,0.4024,0.5303,0.5574,0.2299,0.4877,0.5833,0.0857,0.0863,0.0874,0.5658,0.5386,0.3371,0.5393,0.5508,0.4445,0.5267,0.5683,0.5525,0.6107,0.0867,0.0872,0.0868,0.0858,0.0862,0.0871,0.0878,0.0865,0.0866,0.0864,0.0855,0.0873,0.088
,3:39:16,42.1,0.0879,0.0869,0.0867,0.0868,0.0905,0.086,0.0874,0.0872,0.086,0.0861,0.0894,0.0874,0.0866,0.0872,0.0965,0.0841,0.0966,0.089,0.0894,0.0874,0.09,0.0965,0.0991,0.0869,0.0863,0.0911,0.0848,0.0872,0.0947,0.0902,0.0925,0.091,0.0886,0.0888,0.0827,0.0861,0.0857,0.0905,0.087,0.0833,0.0907,0.0993,0.0991,0.1135,0.0941,0.0922,0.1027,0.0863,0.0861,0.6011,0.5756,0.7799,0.5764,0.5888,0.5848,0.6078,0.5448,0.6139,0.4911,0.0863,0.0851,0.4817,0.1068,0.5513,0.4237,0.541,0.5729,0.2396,0.5034,0.5947,0.0855,0.0856,0.0865,0.5772,0.5509,0.3518,0.5522,0.5648,0.4565,0.5381,0.5836,0.5652,0.6238,0.0865,0.0866,0.0865,0.0854,0.0855,0.0868,0.0873,0.086,0.0855,0.0862,0.0852,0.0869,0.0875
,3:44:16,42,0.088,0.0871,0.0861,0.087,0.0898,0.0858,0.0872,0.0869,0.0866,0.0859,0.089,0.0869,0.0866,0.0869,0.0969,0.0838,0.0969,0.0888,0.0885,0.0873,0.0891,0.0968,0.0979,0.087,0.087,0.0912,0.0839,0.0874,0.0949,0.0895,0.0924,0.0913,0.0877,0.089,0.082,0.0864,0.0861,0.0896,0.0872,0.0836,0.09,0.0988,0.099,0.1155,0.0963,0.0924,0.1037,0.086,0.0855,0.6145,0.5874,0.7897,0.5865,0.5983,0.5951,0.618,0.5596,0.6267,0.4965,0.0866,0.0853,0.4976,0.1071,0.563,0.4355,0.5527,0.588,0.2485,0.52,0.6061,0.0857,0.0855,0.0865,0.5883,0.5614,0.3714,0.5627,0.5772,0.4704,0.5502,0.5981,0.5775,0.6378,0.0856,0.0867,0.0864,0.0848,0.0856,0.0867,0.0862,0.0853,0.0858,0.0859,0.0847,0.0867,0.0875
,3:49:16,42,0.0885,0.0877,0.0868,0.0877,0.091,0.0868,0.0876,0.0878,0.0867,0.0861,0.0897,0.088,0.0867,0.0877,0.0986,0.0838,0.0981,0.09,0.0886,0.0882,0.0899,0.0982,0.1008,0.0875,0.0869,0.0921,0.0846,0.0875,0.0952,0.0902,0.0928,0.0919,0.089,0.0894,0.0831,0.0866,0.0868,0.0903,0.0878,0.0842,0.0918,0.0996,0.1004,0.1179,0.0966,0.0933,0.1045,0.0866,0.0867,0.6274,0.5984,0.7978,0.5968,0.6087,0.6063,0.6292,0.5709,0.6406,0.5027,0.0866,0.0854,0.5142,0.1075,0.5743,0.4498,0.5701,0.6014,0.2591,0.538,0.6194,0.0861,0.0864,0.0868,0.5988,0.5726,0.3936,0.576,0.5898,0.4837,0.5658,0.611,0.5904,0.6515,0.0864,0.0873,0.0868,0.0854,0.0864,0.0871,0.0872,0.0865,0.0866,0.0867,0.0859,0.0869,0.0884
,3:54:16,42,0.0878,0.087,0.0866,0.0868,0.0898,0.0866,0.0879,0.0868,0.0867,0.0858,0.0895,0.087,0.0861,0.0869,0.0987,0.0837,0.0983,0.09,0.0896,0.0873,0.0893,0.0981,0.1018,0.087,0.0868,0.092,0.0844,0.0874,0.0955,0.0896,0.0927,0.0913,0.0884,0.0883,0.0827,0.0863,0.086,0.0901,0.0874,0.0833,0.09,0.0994,0.0993,0.1187,0.0964,0.0931,0.105,0.0859,0.0861,0.6391,0.6085,0.8017,0.6064,0.6174,0.6147,0.6374,0.5834,0.6519,0.5076,0.0867,0.0858,0.5269,0.1065,0.5867,0.4626,0.5831,0.6124,0.2681,0.5536,0.6317,0.0855,0.0861,0.0859,0.6099,0.5814,0.4165,0.5864,0.5992,0.4949,0.5772,0.6232,0.6019,0.664,0.086,0.0869,0.0864,0.085,0.0856,0.0871,0.0869,0.0857,0.0864,0.0863,0.0853,0.0865,0.0883
,3:59:16,42,0.0881,0.0874,0.0863,0.0874,0.0893,0.0863,0.0873,0.087,0.0869,0.0858,0.0888,0.0869,0.0865,0.0874,0.0989,0.0846,0.0993,0.089,0.0889,0.0874,0.0899,0.0991,0.0992,0.0867,0.0868,0.092,0.0841,0.0874,0.095,0.0899,0.0926,0.0915,0.0886,0.0886,0.0825,0.0864,0.0864,0.0901,0.0874,0.0839,0.0899,0.099,0.099,0.121,0.097,0.0935,0.1063,0.0866,0.0861,0.6509,0.618,0.8145,0.6171,0.6269,0.6252,0.6463,0.5938,0.6646,0.5154,0.0863,0.0854,0.539,0.1064,0.5973,0.4743,0.5945,0.6233,0.2778,0.5718,0.6436,0.0858,0.0861,0.0864,0.6199,0.5916,0.4373,0.5981,0.611,0.51,0.5908,0.6346,0.6137,0.6773,0.0859,0.0867,0.0864,0.0853,0.0863,0.0867,0.0871,0.0852,0.0859,0.0857,0.0853,0.0871,0.0878
,4:04:16,42,0.0874,0.0871,0.0862,0.0869,0.0893,0.0859,0.0877,0.0875,0.0866,0.086,0.089,0.0864,0.0865,0.0871,0.0996,0.0839,0.0999,0.0891,0.0882,0.0869,0.0892,0.0989,0.0997,0.086,0.086,0.0915,0.0842,0.0866,0.0951,0.0896,0.0923,0.091,0.0879,0.0891,0.0822,0.0859,0.0859,0.0894,0.0873,0.0831,0.0895,0.0989,0.0994,0.1223,0.0977,0.0933,0.1068,0.0853,0.0853,0.6616,0.6275,0.8225,0.6265,0.6359,0.6341,0.6546,0.6044,0.6765,0.5189,0.0862,0.0853,0.5505,0.1059,0.6082,0.489,0.6054,0.6345,0.2884,0.5845,0.6551,0.0852,0.0853,0.086,0.63,0.6005,0.4624,0.6092,0.6201,0.5258,0.6016,0.6457,0.6257,0.6899,0.0858,0.0862,0.0857,0.0851,0.0857,0.0863,0.0865,0.085,0.0852,0.0857,0.0846,0.0868,0.0874
,4:09:16,42,0.0883,0.0875,0.0872,0.0875,0.089,0.0865,0.0876,0.0876,0.0868,0.0859,0.0889,0.0871,0.0863,0.0872,0.1011,0.0845,0.1014,0.0897,0.0886,0.0882,0.09,0.1005,0.1042,0.0867,0.0873,0.0926,0.0845,0.0878,0.0951,0.09,0.093,0.0922,0.0893,0.0893,0.0828,0.0867,0.0865,0.0903,0.0874,0.0836,0.0909,0.0997,0.1007,0.1246,0.099,0.0946,0.1087,0.0863,0.086,0.6746,0.6388,0.8269,0.636,0.6469,0.6452,0.6651,0.6158,0.6897,0.5242,0.0864,0.0862,0.5633,0.1066,0.6199,0.5012,0.6174,0.6456,0.3008,0.5971,0.668,0.0863,0.0859,0.087,0.6411,0.6105,0.4881,0.6212,0.6321,0.54,0.6142,0.6579,0.6373,0.7038,0.0862,0.0873,0.0866,0.0852,0.0858,0.0871,0.0874,0.0859,0.0857,0.0863,0.0849,0.087,0.0884
,4:14:16,42.1,0.0881,0.0872,0.0867,0.0874,0.0893,0.0863,0.0877,0.0876,0.087,0.0859,0.0888,0.0875,0.0866,0.0871,0.1021,0.0838,0.1019,0.0895,0.0888,0.0881,0.0896,0.101,0.1006,0.087,0.0868,0.0926,0.0844,0.0871,0.095,0.0904,0.0929,0.0917,0.0881,0.0893,0.0824,0.0865,0.0869,0.09,0.0877,0.0835,0.09,0.0996,0.1,0.1265,0.0997,0.0951,0.1098,0.0861,0.0862,0.6858,0.649,0.8329,0.6459,0.6564,0.6552,0.6744,0.6258,0.7007,0.5303,0.087,0.0853,0.5774,0.106,0.6303,0.5104,0.6284,0.6554,0.3134,0.6074,0.68,0.086,0.0865,0.0865,0.6506,0.6203,0.5072,0.6329,0.6421,0.5507,0.6247,0.6696,0.6498,0.7173,0.0863,0.0869,0.0867,0.0851,0.0856,0.0867,0.0868,0.0859,0.0862,0.0859,0.0855,0.0872,0.0876
,4:19:16,41.9,0.0878,0.0869,0.0861,0.0867,0.0881,0.0862,0.0871,0.0872,0.0859,0.0857,0.0887,0.0866,0.0858,0.0873,0.1025,0.0838,0.1026,0.0887,0.0888,0.0873,0.089,0.1014,0.1028,0.0863,0.086,0.0927,0.0839,0.0872,0.0943,0.0897,0.0922,0.0915,0.0876,0.0883,0.0818,0.0862,0.0858,0.0897,0.0872,0.0829,0.0908,0.0986,0.0995,0.1285,0.1013,0.0942,0.11,0.0852,0.0859,0.6958,0.6579,0.8406,0.6538,0.664,0.6635,0.6832,0.6361,0.7116,0.5327,0.086,0.0848,0.5888,0.1063,0.6399,0.5187,0.6379,0.6654,0.324,0.6188,0.6901,0.0855,0.0859,0.0858,0.6602,0.6278,0.5231,0.6435,0.652,0.5605,0.634,0.6783,0.6602,0.7278,0.0857,0.0862,0.0861,0.0847,0.0853,0.0862,0.0865,0.0856,0.0856,0.0854,0.0842,0.0868,0.0874
,4:24:16,42,0.0879,0.0872,0.0867,0.0874,0.0879,0.0865,0.0879,0.0879,0.0865,0.0859,0.0889,0.0871,0.0859,0.0875,0.1041,0.0835,0.1041,0.0893,0.0886,0.0872,0.0895,0.103,0.1023,0.0869,0.0863,0.0928,0.0843,0.0877,0.0953,0.0894,0.0928,0.0918,0.0887,0.0893,0.0824,0.0865,0.0862,0.0901,0.0878,0.0835,0.0903,0.0994,0.0999,0.1317,0.1015,0.0954,0.1119,0.0859,0.0856,0.7078,0.6689,0.8478,0.6637,0.6746,0.6731,0.6924,0.6463,0.7237,0.538,0.0866,0.0852,0.6029,0.1058,0.6501,0.5274,0.6484,0.6763,0.3375,0.6287,0.7023,0.0854,0.0857,0.0864,0.6696,0.6387,0.541,0.6546,0.6619,0.571,0.6454,0.6895,0.6714,0.7407,0.0859,0.0863,0.0863,0.0856,0.0855,0.0867,0.087,0.0863,0.0861,0.0863,0.085,0.0872,0.0878
,4:29:16,42,0.088,0.0868,0.0864,0.0874,0.0873,0.0868,0.0878,0.0873,0.0863,0.0859,0.0889,0.0865,0.0859,0.0872,0.1052,0.0836,0.1052,0.089,0.0883,0.0878,0.0898,0.1036,0.1015,0.0869,0.0862,0.0938,0.0842,0.0873,0.0954,0.0899,0.0929,0.0919,0.0878,0.0893,0.0827,0.0863,0.0862,0.0904,0.0875,0.0837,0.0901,0.0994,0.1001,0.1334,0.1018,0.0956,0.1139,0.0858,0.0862,0.718,0.678,0.851,0.6729,0.6828,0.6824,0.6992,0.6568,0.735,0.5444,0.0866,0.0857,0.6163,0.1062,0.6615,0.5378,0.6587,0.6852,0.3512,0.6382,0.7147,0.0856,0.0863,0.086,0.6797,0.6471,0.5632,0.6652,0.6707,0.5808,0.6554,0.6996,0.6828,0.7532,0.0861,0.0871,0.0861,0.0854,0.0858,0.0863,0.0866,0.0858,0.0859,0.0861,0.0849,0.0868,0.0875
,4:34:16,42,0.0879,0.0869,0.0866,0.087,0.0866,0.0865,0.0876,0.0875,0.086,0.0861,0.0888,0.087,0.0859,0.0876,0.1071,0.084,0.1062,0.0897,0.089,0.0876,0.0902,0.105,0.104,0.0867,0.0865,0.0938,0.0846,0.0876,0.0953,0.0898,0.0931,0.0929,0.0886,0.0891,0.0831,0.0863,0.0861,0.0903,0.0875,0.0835,0.0902,0.0998,0.1007,0.1366,0.1025,0.0963,0.1147,0.0861,0.0862,0.7283,0.6883,0.8592,0.6832,0.6918,0.6921,0.7099,0.666,0.7465,0.5495,0.0864,0.0853,0.6287,0.1063,0.671,0.5479,0.6679,0.6943,0.3656,0.6473,0.7248,0.0859,0.0861,0.0863,0.6889,0.6565,0.5815,0.6759,0.68,0.591,0.6657,0.7089,0.6934,0.764,0.0868,0.0871,0.0863,0.0854,0.086,0.0868,0.0868,0.0862,0.0859,0.0858,0.085,0.0872,0.0879
,4:39:16,42.1,0.0877,0.0873,0.086,0.0871,0.0862,0.0863,0.0878,0.087,0.0863,0.0859,0.0891,0.0865,0.0858,0.088,0.1069,0.085,0.1072,0.0901,0.0884,0.0876,0.0896,0.1064,0.106,0.0869,0.0864,0.0939,0.085,0.087,0.095,0.0895,0.0931,0.0924,0.0882,0.0888,0.0826,0.0865,0.0864,0.09,0.0877,0.0837,0.0903,0.0997,0.1001,0.139,0.1034,0.0964,0.1164,0.086,0.0857,0.7381,0.6982,0.8656,0.6922,0.7006,0.7003,0.7149,0.676,0.7577,0.5519,0.0863,0.0854,0.6405,0.1064,0.6817,0.556,0.6775,0.7025,0.3803,0.6582,0.7364,0.0856,0.086,0.0864,0.6977,0.6649,0.5945,0.6859,0.6888,0.6009,0.6765,0.7183,0.7031,0.7756,0.0863,0.0871,0.086,0.0849,0.0854,0.0864,0.0868,0.0856,0.086,0.0863,0.0849,0.0873,0.0879
,4:44:16,42.1,0.0877,0.0867,0.0863,0.087,0.0865,0.086,0.0874,0.0873,0.0863,0.0859,0.0885,0.0868,0.086,0.0874,0.1086,0.0841,0.1085,0.0891,0.0896,0.0872,0.0902,0.1068,0.1036,0.0868,0.0862,0.0941,0.0842,0.0867,0.0952,0.0898,0.0929,0.0923,0.0884,0.0889,0.0828,0.0857,0.0864,0.0904,0.087,0.0833,0.0902,0.1003,0.1007,0.1416,0.1046,0.0972,0.1179,0.0857,0.0862,0.748,0.7072,0.8698,0.701,0.7092,0.7087,0.723,0.6844,0.77,0.5585,0.0868,0.0853,0.6528,0.1068,0.6918,0.5652,0.6864,0.7107,0.3951,0.6661,0.7486,0.0854,0.0856,0.0861,0.7072,0.6745,0.6094,0.6951,0.6965,0.6096,0.6861,0.7276,0.7132,0.7873,0.0861,0.0865,0.0866,0.0855,0.0855,0.0869,0.0867,0.0855,0.086,0.0856,0.0849,0.0868,0.0874
,4:49:16,42,0.0876,0.0869,0.0868,0.087,0.0858,0.0863,0.0869,0.087,0.0858,0.0857,0.0882,0.0869,0.0861,0.0874,0.1097,0.0837,0.1098,0.0902,0.0886,0.0871,0.0896,0.1082,0.1064,0.0865,0.0866,0.0946,0.084,0.0873,0.0951,0.0898,0.093,0.0927,0.088,0.0888,0.0821,0.0864,0.0862,0.0902,0.087,0.0831,0.0903,0.0995,0.1007,0.1441,0.1058,0.0978,0.1197,0.0859,0.0858,0.7577,0.7166,0.8743,0.71,0.7174,0.7178,0.7295,0.6941,0.7809,0.5617,0.0867,0.0852,0.6642,0.1064,0.7008,0.5738,0.6958,0.7196,0.4103,0.6773,0.7595,0.0856,0.0852,0.0862,0.7161,0.6834,0.6212,0.7044,0.7055,0.6197,0.6961,0.7367,0.7234,0.7982,0.0856,0.0869,0.0862,0.0848,0.0856,0.0862,0.0868,0.0855,0.0858,0.0863,0.0852,0.0866,0.0874
,4:54:16,41.9,0.088,0.0866,0.0862,0.0866,0.086,0.0868,0.0874,0.0871,0.0864,0.0859,0.0895,0.0869,0.0863,0.0881,0.1107,0.0835,0.1113,0.0896,0.0887,0.0876,0.0897,0.1101,0.1047,0.087,0.0867,0.0944,0.0841,0.0874,0.0955,0.0898,0.0931,0.0928,0.0884,0.0896,0.0825,0.0863,0.0862,0.0904,0.0876,0.0833,0.0899,0.1004,0.1012,0.1483,0.1077,0.0986,0.1218,0.0861,0.0857,0.7679,0.7268,0.8801,0.7184,0.7275,0.7272,0.7362,0.7042,0.7946,0.5671,0.0864,0.0856,0.6755,0.1064,0.7114,0.5805,0.7047,0.7281,0.4259,0.6872,0.7706,0.0854,0.0859,0.0865,0.7258,0.6927,0.6325,0.7146,0.714,0.6281,0.7071,0.7465,0.7343,0.8099,0.0858,0.0869,0.087,0.0857,0.0856,0.0869,0.0867,0.0857,0.0857,0.0861,0.0849,0.0869,0.0878
,4:59:16,42,0.0877,0.0862,0.0856,0.0865,0.0858,0.0862,0.087,0.0866,0.0862,0.0857,0.0881,0.086,0.0859,0.0875,0.112,0.0835,0.1122,0.0885,0.0885,0.0875,0.0891,0.1113,0.1074,0.0867,0.0865,0.0946,0.0837,0.0868,0.0945,0.089,0.0927,0.0922,0.0885,0.0886,0.0821,0.0853,0.0856,0.0895,0.0873,0.0829,0.0896,0.0992,0.1007,0.1503,0.1072,0.0981,0.1229,0.0852,0.0856,0.7764,0.7356,0.8846,0.7274,0.7352,0.7354,0.7411,0.7119,0.8017,0.5691,0.0855,0.0852,0.6865,0.1068,0.719,0.5887,0.7139,0.7357,0.4398,0.696,0.7811,0.0849,0.0855,0.0857,0.7352,0.7008,0.6482,0.7225,0.7224,0.6361,0.715,0.7548,0.7436,0.8198,0.0851,0.0864,0.0858,0.0844,0.0851,0.0865,0.0866,0.085,0.0851,0.0856,0.0842,0.0863,0.0869
,5:04:16,42,0.0883,0.087,0.0867,0.0869,0.0858,0.0867,0.0879,0.0874,0.0867,0.086,0.0894,0.0867,0.0861,0.0884,0.1147,0.0841,0.1154,0.0897,0.0897,0.0883,0.0904,0.1133,0.1055,0.0872,0.0873,0.0958,0.0846,0.0877,0.0958,0.09,0.0941,0.0935,0.0884,0.0893,0.0829,0.0864,0.0865,0.0906,0.0883,0.0838,0.09,0.1005,0.1019,0.1538,0.11,0.0995,0.125,0.0863,0.0856,0.7869,0.7454,0.8892,0.7375,0.7444,0.7454,0.7475,0.7229,0.8133,0.5747,0.0871,0.0855,0.6984,0.1076,0.7289,0.5975,0.7241,0.745,0.4541,0.7057,0.7937,0.086,0.0858,0.0867,0.7448,0.7099,0.6608,0.7319,0.7315,0.6449,0.7261,0.7658,0.7535,0.8299,0.0862,0.0872,0.0864,0.0855,0.0856,0.0869,0.0869,0.0857,0.0862,0.0859,0.0855,0.087,0.0883
,5:09:16,42.1,0.0876,0.0867,0.0863,0.0868,0.0861,0.0862,0.0877,0.0866,0.086,0.0855,0.0886,0.0868,0.0859,0.0879,0.1153,0.0832,0.1157,0.0896,0.0889,0.0876,0.0898,0.1139,0.1064,0.0861,0.0859,0.0959,0.0836,0.0871,0.0955,0.0892,0.0929,0.0928,0.0877,0.0898,0.0822,0.086,0.0854,0.0899,0.0875,0.0833,0.0903,0.1001,0.1018,0.1568,0.1113,0.1004,0.1273,0.0859,0.086,0.7963,0.7536,0.8933,0.7461,0.7519,0.7551,0.7542,0.732,0.8223,0.5779,0.0864,0.0853,0.7083,0.1076,0.7372,0.6045,0.7321,0.7533,0.467,0.7156,0.804,0.0849,0.0859,0.086,0.7535,0.7184,0.6711,0.7415,0.7396,0.6526,0.7352,0.7742,0.7625,0.8397,0.0863,0.0863,0.0861,0.085,0.0852,0.0865,0.087,0.0854,0.0853,0.0854,0.0851,0.0871,0.0877
,5:14:16,42.1,0.0881,0.0873,0.0865,0.087,0.0862,0.0866,0.0877,0.087,0.0866,0.0862,0.0886,0.0869,0.0866,0.0882,0.1184,0.0838,0.1183,0.0899,0.0885,0.0885,0.0896,0.1163,0.1106,0.0872,0.0871,0.0966,0.0842,0.0882,0.0957,0.0901,0.0935,0.0935,0.0884,0.0892,0.0824,0.0866,0.0862,0.0907,0.0881,0.0835,0.0955,0.1013,0.1025,0.1601,0.1119,0.1015,0.1302,0.086,0.0863,0.8066,0.7637,0.8964,0.755,0.7613,0.7645,0.7602,0.7407,0.8344,0.5834,0.0868,0.0859,0.7186,0.1082,0.7471,0.6116,0.7426,0.7625,0.4812,0.7255,0.8161,0.0858,0.0858,0.0864,0.7629,0.7282,0.6822,0.7523,0.7497,0.6612,0.7457,0.7846,0.7741,0.849,0.086,0.0873,0.0868,0.0855,0.086,0.0867,0.0871,0.0864,0.0864,0.0863,0.0852,0.0875,0.088
,5:19:16,42.1,0.088,0.0874,0.0866,0.087,0.0866,0.0863,0.0883,0.0874,0.0869,0.086,0.0891,0.0871,0.0866,0.0888,0.1199,0.0842,0.1203,0.0896,0.0891,0.088,0.0899,0.1183,0.1124,0.0871,0.087,0.0972,0.0844,0.0877,0.0958,0.0897,0.094,0.094,0.0883,0.0896,0.0831,0.0868,0.0866,0.0906,0.0877,0.0839,0.0904,0.1006,0.1023,0.1634,0.1143,0.102,0.1325,0.0864,0.0859,0.8153,0.7727,0.9023,0.765,0.7697,0.7737,0.7647,0.7503,0.8434,0.5874,0.0869,0.0855,0.7293,0.109,0.7566,0.6207,0.7512,0.7713,0.4938,0.7354,0.825,0.0856,0.0864,0.087,0.7727,0.7358,0.6956,0.7608,0.7583,0.6694,0.7548,0.7938,0.7836,0.8584,0.0861,0.0865,0.0862,0.0851,0.0859,0.0868,0.0876,0.0859,0.0859,0.086,0.0851,0.087,0.0876
,5:24:16,42,0.088,0.0865,0.0861,0.0869,0.0856,0.0861,0.0873,0.0867,0.0866,0.0861,0.0888,0.087,0.0866,0.0887,0.1217,0.0837,0.1223,0.0887,0.0891,0.0881,0.0892,0.1204,0.1114,0.0866,0.0866,0.0968,0.0844,0.0873,0.0957,0.0897,0.0932,0.0931,0.0881,0.0894,0.0825,0.0865,0.0864,0.0904,0.088,0.0835,0.0954,0.1013,0.1023,0.1672,0.1151,0.1024,0.1342,0.0858,0.0859,0.8252,0.7813,0.905,0.7743,0.7771,0.7818,0.7707,0.7586,0.8525,0.5905,0.0859,0.0853,0.7393,0.109,0.7649,0.628,0.7597,0.7795,0.5062,0.7441,0.8353,0.0859,0.0856,0.0862,0.7817,0.7441,0.7112,0.7702,0.7663,0.6749,0.7635,0.8026,0.7936,0.8673,0.0864,0.0864,0.0864,0.0849,0.0854,0.0867,0.0874,0.0854,0.0859,0.0866,0.0852,0.087,0.0877
,5:29:16,42,0.0882,0.0875,0.0868,0.0879,0.087,0.087,0.0881,0.0875,0.087,0.0865,0.0898,0.0876,0.0874,0.0895,0.1249,0.0846,0.125,0.0906,0.0893,0.0888,0.0907,0.1229,0.1159,0.0871,0.087,0.0984,0.0846,0.0885,0.0959,0.0905,0.0946,0.0946,0.089,0.0901,0.083,0.0872,0.0865,0.0907,0.0885,0.0844,0.0911,0.1019,0.1038,0.171,0.1177,0.1036,0.1379,0.0864,0.0866,0.8346,0.7906,0.9095,0.7846,0.785,0.7901,0.7757,0.7674,0.8622,0.5927,0.0872,0.0863,0.7521,0.1107,0.7744,0.6351,0.7685,0.7892,0.5182,0.7546,0.8449,0.0863,0.0866,0.0872,0.7905,0.752,0.7193,0.7799,0.7758,0.684,0.7742,0.8131,0.8035,0.8765,0.0867,0.0874,0.0869,0.086,0.0866,0.0871,0.0874,0.0869,0.0864,0.0865,0.0854,0.0868,0.0887
,5:34:16,42.1,0.0885,0.0875,0.0868,0.0871,0.0866,0.0866,0.0873,0.0874,0.087,0.0858,0.0889,0.0867,0.0867,0.0891,0.1269,0.0842,0.1266,0.0904,0.0891,0.0882,0.0907,0.1247,0.1155,0.087,0.0866,0.0983,0.0844,0.0882,0.0959,0.0903,0.094,0.0939,0.089,0.0903,0.0832,0.0866,0.0865,0.0914,0.0884,0.084,0.091,0.1019,0.1032,0.1746,0.1204,0.104,0.14,0.086,0.086,0.8428,0.7985,0.9133,0.7935,0.7917,0.7975,0.7807,0.7757,0.8699,0.5967,0.0866,0.0859,0.7625,0.1114,0.7833,0.6424,0.7766,0.798,0.5302,0.7654,0.8551,0.0864,0.0859,0.0869,0.7982,0.7595,0.7292,0.789,0.7819,0.6894,0.7827,0.8228,0.8135,0.8839,0.0861,0.0868,0.0864,0.0853,0.0864,0.0869,0.0874,0.0857,0.0862,0.0863,0.0856,0.0873,0.0876
,5:39:16,41.9,0.0878,0.0869,0.0863,0.0873,0.0863,0.0864,0.0873,0.0867,0.0863,0.0857,0.0887,0.0868,0.0867,0.0889,0.1286,0.0832,0.1281,0.0899,0.0888,0.0878,0.0896,0.1268,0.1152,0.0865,0.086,0.0983,0.0838,0.0874,0.095,0.0896,0.0937,0.0937,0.0881,0.0894,0.0827,0.0862,0.086,0.0901,0.0881,0.0833,0.0902,0.1015,0.1039,0.1779,0.1197,0.104,0.1419,0.0859,0.0857,0.8507,0.806,0.9159,0.8016,0.7985,0.8044,0.7842,0.7841,0.8787,0.6006,0.0862,0.0855,0.7724,0.1119,0.7923,0.6495,0.7846,0.8062,0.5406,0.7752,0.8644,0.0851,0.0854,0.0861,0.8051,0.7669,0.7389,0.7978,0.7891,0.6946,0.7919,0.8328,0.8243,0.8911,0.0857,0.0869,0.0864,0.0846,0.0852,0.0867,0.0865,0.0857,0.0852,0.086,0.0851,0.0865,0.0876
,5:44:16,42,0.0871,0.0866,0.0865,0.0867,0.0859,0.0859,0.0873,0.0869,0.0861,0.0859,0.0884,0.0869,0.0859,0.089,0.1354,0.0839,0.1311,0.0896,0.0897,0.0886,0.0896,0.1287,0.1137,0.0861,0.0865,0.0994,0.0838,0.0878,0.0954,0.0891,0.094,0.0942,0.0881,0.0899,0.0824,0.0859,0.0862,0.0908,0.0882,0.0836,0.0901,0.1015,0.1033,0.1808,0.1232,0.1049,0.1438,0.0857,0.0861,0.8591,0.8124,0.9188,0.8086,0.8046,0.8109,0.7889,0.7912,0.8875,0.6025,0.086,0.085,0.7815,0.1126,0.8002,0.6561,0.7919,0.8139,0.5513,0.7841,0.872,0.0852,0.0855,0.086,0.8122,0.7745,0.7473,0.8051,0.7963,0.6997,0.8,0.8409,0.8329,0.8989,0.086,0.0868,0.0865,0.0851,0.0855,0.0862,0.087,0.0855,0.0858,0.086,0.0852,0.087,0.0872
,5:49:16,41.9,0.088,0.088,0.0869,0.0875,0.0864,0.0868,0.0876,0.0879,0.0865,0.086,0.0895,0.0873,0.0867,0.0901,0.1351,0.0845,0.1344,0.09,0.0896,0.0887,0.0905,0.1318,0.114,0.0874,0.0874,0.1001,0.0844,0.0884,0.0963,0.0905,0.0947,0.095,0.0891,0.0898,0.0829,0.0867,0.0863,0.0917,0.0884,0.0841,0.0905,0.1021,0.1041,0.1855,0.1263,0.1067,0.1475,0.0865,0.0863,0.8684,0.8204,0.9244,0.8171,0.811,0.8194,0.7932,0.8008,0.8963,0.6081,0.0869,0.0858,0.7925,0.1152,0.8097,0.6642,0.8006,0.8219,0.5626,0.7934,0.8821,0.086,0.0861,0.0865,0.82,0.7802,0.7595,0.814,0.8044,0.7063,0.8096,0.8504,0.8441,0.9075,0.0864,0.0874,0.0863,0.0862,0.0861,0.0873,0.0873,0.0859,0.0866,0.0863,0.0856,0.0878,0.0882
,5:54:16,41.9,0.0871,0.0867,0.0861,0.0865,0.0864,0.0861,0.0871,0.0866,0.0864,0.0854,0.0886,0.0869,0.0861,0.0896,0.1404,0.0838,0.1356,0.0894,0.0884,0.0883,0.09,0.1337,0.1174,0.0865,0.0862,0.1001,0.0837,0.0877,0.095,0.0899,0.0945,0.094,0.0881,0.0894,0.0819,0.0861,0.0859,0.0911,0.0883,0.0835,0.0903,0.1019,0.1042,0.1888,0.1266,0.1069,0.1501,0.0858,0.0858,0.8766,0.8267,0.9255,0.8238,0.817,0.8255,0.7977,0.8086,0.9037,0.6126,0.0864,0.0849,0.8019,0.1161,0.8177,0.6694,0.8083,0.8282,0.573,0.8001,0.89,0.0852,0.0855,0.0863,0.8255,0.7872,0.7723,0.8215,0.8104,0.7105,0.8171,0.8578,0.8531,0.9151,0.0864,0.0862,0.0864,0.0849,0.0852,0.0864,0.0865,0.0859,0.0855,0.0862,0.0849,0.0866,0.0874
,5:59:16,42,0.0878,0.0869,0.0861,0.0861,0.0858,0.0861,0.0874,0.0871,0.0859,0.0855,0.0885,0.0869,0.0861,0.0899,0.1398,0.0836,0.1377,0.0893,0.0883,0.0883,0.0898,0.1364,0.1188,0.0862,0.0857,0.1009,0.0841,0.0873,0.0954,0.09,0.0938,0.0938,0.0875,0.09,0.0818,0.0859,0.0855,0.0906,0.088,0.0835,0.0897,0.1023,0.1046,0.1926,0.1327,0.108,0.1533,0.0858,0.0854,0.8841,0.8327,0.9292,0.8309,0.8229,0.8316,0.8004,0.8168,0.9117,0.6145,0.086,0.0847,0.8123,0.1171,0.8244,0.6766,0.8158,0.8357,0.5829,0.8082,0.8985,0.0857,0.0855,0.0862,0.8325,0.7941,0.7826,0.8296,0.8172,0.7162,0.8261,0.866,0.8621,0.9214,0.0858,0.0862,0.0858,0.0849,0.0855,0.0866,0.0861,0.0851,0.0859,0.0856,0.085,0.0867,0.0875
,6:04:16,42,0.088,0.0875,0.0867,0.087,0.0863,0.0865,0.0877,0.0867,0.0866,0.086,0.0894,0.0872,0.0866,0.09,0.1437,0.0839,0.1406,0.0901,0.0885,0.0887,0.0897,0.1395,0.1198,0.0864,0.0862,0.1019,0.0846,0.0878,0.0961,0.0896,0.095,0.0947,0.0885,0.09,0.0822,0.0866,0.0863,0.091,0.0889,0.0832,0.0907,0.1025,0.1059,0.1962,0.1301,0.1094,0.1565,0.0864,0.0862,0.8925,0.8394,0.9323,0.8381,0.8283,0.8389,0.8039,0.8252,0.9212,0.6198,0.0869,0.0856,0.8232,0.1203,0.8328,0.6851,0.8229,0.8423,0.5941,0.8161,0.906,0.0854,0.0859,0.0866,0.8391,0.8009,0.7912,0.8373,0.8241,0.7222,0.8334,0.8736,0.8726,0.9283,0.0864,0.0871,0.0867,0.0851,0.0861,0.0865,0.0871,0.0862,0.0854,0.0858,0.0852,0.0873,0.0879
,6:09:16,42,0.0871,0.0864,0.0859,0.0862,0.0854,0.0863,0.0867,0.0869,0.0859,0.0853,0.0886,0.0864,0.0858,0.0902,0.1427,0.0835,0.143,0.0893,0.0883,0.0875,0.0894,0.1418,0.1203,0.0866,0.0861,0.102,0.0835,0.0877,0.0955,0.0895,0.0944,0.0941,0.0882,0.0899,0.0817,0.0857,0.0863,0.0906,0.0879,0.0831,0.0904,0.1023,0.1053,0.2002,0.1365,0.1094,0.1589,0.0854,0.0852,0.8987,0.8442,0.9361,0.8465,0.8334,0.8439,0.8084,0.8319,0.9278,0.6215,0.086,0.0853,0.8322,0.1227,0.8396,0.6901,0.8301,0.8478,0.6044,0.8239,0.9131,0.0851,0.0853,0.0859,0.8443,0.8073,0.7986,0.8443,0.8292,0.7268,0.841,0.8798,0.8803,0.935,0.0856,0.0862,0.0861,0.085,0.0857,0.0864,0.087,0.0852,0.0854,0.0853,0.0845,0.0866,0.087
,6:14:16,42,0.0873,0.0874,0.0864,0.0873,0.086,0.0864,0.0876,0.0875,0.0864,0.0861,0.0889,0.0872,0.0862,0.0909,0.1474,0.0841,0.1464,0.0902,0.0893,0.0889,0.09,0.1451,0.125,0.0868,0.0871,0.1035,0.0841,0.0881,0.0956,0.0903,0.0944,0.096,0.0884,0.0904,0.0825,0.0868,0.0865,0.0912,0.0888,0.0836,0.0904,0.1035,0.1071,0.2044,0.1359,0.1114,0.1621,0.0862,0.0861,0.9066,0.8508,0.9389,0.8527,0.8377,0.8511,0.812,0.8394,0.9365,0.6266,0.0868,0.0862,0.8433,0.1262,0.8468,0.6976,0.8369,0.8556,0.6146,0.8314,0.9199,0.086,0.0862,0.0863,0.8513,0.8125,0.8047,0.8514,0.8366,0.7312,0.8484,0.8876,0.888,0.9421,0.0861,0.0869,0.0862,0.0852,0.0858,0.0866,0.0872,0.086,0.086,0.0862,0.0851,0.0872,0.0878
,6:19:16,42.1,0.0881,0.088,0.0869,0.0874,0.0868,0.0871,0.0881,0.0872,0.0869,0.0864,0.0898,0.087,0.0869,0.0909,0.1492,0.0839,0.1499,0.0901,0.0888,0.0889,0.0901,0.1484,0.1236,0.0872,0.0871,0.1049,0.084,0.0882,0.0956,0.0903,0.0957,0.0957,0.0887,0.0905,0.0826,0.0865,0.0867,0.0919,0.0893,0.084,0.0907,0.1038,0.1076,0.2094,0.139,0.1127,0.1661,0.0864,0.0864,0.9139,0.856,0.9452,0.8588,0.8444,0.8572,0.8163,0.8462,0.9441,0.6315,0.087,0.086,0.8508,0.1302,0.854,0.7041,0.8441,0.861,0.6251,0.8385,0.9281,0.0866,0.0861,0.0868,0.8564,0.8195,0.8172,0.8583,0.843,0.7365,0.8558,0.894,0.8965,0.9488,0.0862,0.0875,0.0869,0.0852,0.0859,0.087,0.0875,0.0867,0.086,0.0861,0.0855,0.087,0.0884
,6:24:16,42.1,0.0875,0.0871,0.0867,0.0873,0.0862,0.0863,0.0874,0.0874,0.0866,0.0858,0.0891,0.0871,0.0862,0.091,0.1519,0.085,0.1519,0.0902,0.0887,0.0886,0.0894,0.1512,0.1243,0.087,0.0869,0.1051,0.084,0.0882,0.096,0.0896,0.095,0.0957,0.088,0.0905,0.082,0.0865,0.0864,0.0912,0.0888,0.0832,0.0917,0.1033,0.1074,0.2124,0.1419,0.1134,0.1686,0.0862,0.0857,0.9188,0.861,0.9447,0.8657,0.8484,0.8624,0.8195,0.8529,0.9509,0.6345,0.0864,0.0857,0.8618,0.1346,0.8598,0.7099,0.8494,0.8659,0.634,0.8442,0.9335,0.0858,0.0858,0.0861,0.8617,0.8244,0.8264,0.8643,0.8487,0.7411,0.8628,0.8998,0.904,0.9547,0.0862,0.0866,0.0863,0.0851,0.0859,0.0868,0.087,0.0861,0.0855,0.0857,0.0852,0.0868,0.0876
,6:29:16,42,0.0873,0.0867,0.0864,0.0866,0.0862,0.0856,0.0868,0.0866,0.0864,0.0853,0.0891,0.0868,0.0856,0.0908,0.1548,0.0837,0.1545,0.0891,0.0886,0.0883,0.0895,0.1543,0.1263,0.0862,0.086,0.1053,0.0835,0.088,0.0953,0.09,0.0946,0.0957,0.0879,0.0905,0.0819,0.0859,0.0862,0.0915,0.0893,0.0833,0.0903,0.1033,0.1083,0.2162,0.1443,0.1145,0.1719,0.086,0.0863,0.925,0.8651,0.9476,0.8723,0.8519,0.867,0.8215,0.8593,0.9552,0.6386,0.0862,0.0851,0.8711,0.1387,0.8658,0.7156,0.8543,0.8711,0.6421,0.8515,0.9395,0.0854,0.0857,0.0862,0.8667,0.8305,0.832,0.8699,0.8533,0.7442,0.8692,0.9058,0.9102,0.9602,0.0861,0.0868,0.0859,0.085,0.0857,0.0863,0.0863,0.0859,0.0857,0.0854,0.0847,0.0867,0.0868
,6:34:16,42,0.0875,0.0868,0.0861,0.0869,0.0857,0.0864,0.0866,0.0869,0.0863,0.0859,0.0884,0.0865,0.0862,0.0916,0.1575,0.0843,0.1588,0.089,0.0887,0.0889,0.0896,0.157,0.1271,0.0865,0.0866,0.1069,0.084,0.0882,0.0955,0.0897,0.0953,0.0954,0.0882,0.0909,0.0824,0.0863,0.0864,0.0917,0.0886,0.0836,0.091,0.1037,0.1084,0.2197,0.1437,0.1161,0.1757,0.0856,0.0855,0.9314,0.8697,0.9503,0.8786,0.8562,0.8728,0.8248,0.8657,0.9592,0.6412,0.086,0.0849,0.881,0.1445,0.8716,0.7223,0.8614,0.8756,0.652,0.8582,0.9455,0.0857,0.0852,0.0865,0.8717,0.8367,0.8419,0.8762,0.8594,0.7489,0.8752,0.9114,0.9181,0.9663,0.0855,0.0862,0.086,0.085,0.0857,0.0863,0.0861,0.0855,0.0858,0.0853,0.0848,0.0868,0.0869
,6:39:16,42,0.0874,0.087,0.0859,0.0867,0.0863,0.0865,0.0875,0.087,0.0863,0.0857,0.0892,0.087,0.0861,0.0919,0.1603,0.0848,0.1621,0.0899,0.0889,0.0893,0.0902,0.1606,0.1238,0.0868,0.0871,0.1074,0.0838,0.0882,0.0957,0.0899,0.0953,0.0964,0.0884,0.0908,0.0828,0.0866,0.0865,0.0918,0.0893,0.083,0.0906,0.1046,0.1094,0.224,0.1533,0.1174,0.179,0.0862,0.0862,0.9378,0.8748,0.9534,0.8843,0.8618,0.8791,0.8281,0.8708,0.9641,0.644,0.0867,0.0853,0.8914,0.1508,0.8778,0.7271,0.8668,0.8809,0.6611,0.8637,0.9517,0.0858,0.0858,0.0864,0.8771,0.8435,0.8495,0.8825,0.8654,0.7543,0.8815,0.9186,0.925,0.9724,0.086,0.087,0.0863,0.085,0.0861,0.0867,0.0873,0.0858,0.0862,0.0859,0.0848,0.0873,0.0875
,6:44:16,42,0.0874,0.0869,0.086,0.0868,0.0857,0.086,0.0879,0.0868,0.0861,0.0852,0.0889,0.0865,0.0861,0.0917,0.1638,0.0842,0.1649,0.0893,0.0885,0.0892,0.0896,0.163,0.1292,0.0869,0.0862,0.1086,0.084,0.0876,0.0951,0.0899,0.0954,0.0961,0.0882,0.0909,0.0822,0.0866,0.0854,0.0919,0.0895,0.083,0.0904,0.1045,0.1102,0.2277,0.1519,0.1187,0.1826,0.0854,0.0861,0.9416,0.878,0.9548,0.8893,0.8651,0.8832,0.8302,0.8769,0.9684,0.6468,0.0859,0.0848,0.9012,0.1571,0.883,0.7319,0.8716,0.8837,0.6693,0.8707,0.9562,0.0854,0.0859,0.0863,0.8808,0.8497,0.8556,0.8872,0.8697,0.7582,0.8867,0.9245,0.9308,0.9768,0.0861,0.0864,0.086,0.0853,0.0858,0.087,0.087,0.0859,0.0857,0.0861,0.0844,0.0865,0.0876
,6:49:16,42,0.0876,0.0873,0.0862,0.0866,0.086,0.0866,0.0869,0.0869,0.0863,0.0855,0.089,0.0865,0.0862,0.0924,0.1672,0.0846,0.1676,0.0898,0.089,0.0891,0.0896,0.1675,0.1255,0.0871,0.0864,0.1099,0.0841,0.0885,0.096,0.0897,0.0959,0.0964,0.0883,0.0911,0.0824,0.0865,0.0858,0.0916,0.0902,0.083,0.0912,0.1054,0.1116,0.2318,0.1545,0.1203,0.1865,0.0861,0.0857,0.9472,0.8819,0.958,0.8954,0.8702,0.889,0.8338,0.8812,0.9746,0.6503,0.0865,0.0854,0.9101,0.1665,0.8888,0.739,0.8771,0.8895,0.6788,0.8775,0.9615,0.0855,0.086,0.0862,0.8845,0.8553,0.8647,0.8927,0.8752,0.7625,0.8922,0.929,0.9381,0.983,0.0858,0.0867,0.0864,0.0852,0.0857,0.0867,0.0873,0.0852,0.0856,0.0856,0.0847,0.0867,0.0879
,6:54:16,42,0.088,0.0879,0.0869,0.0872,0.0864,0.0864,0.0881,0.0876,0.0865,0.0862,0.0888,0.0875,0.087,0.0939,0.1709,0.0843,0.1709,0.0904,0.0895,0.0896,0.0906,0.1711,0.1322,0.0869,0.0871,0.1115,0.0843,0.0892,0.0966,0.0907,0.0959,0.0978,0.0886,0.0925,0.0829,0.087,0.0867,0.0924,0.0905,0.0838,0.0916,0.1061,0.1124,0.2366,0.1612,0.1227,0.191,0.0865,0.0865,0.9523,0.8878,0.9634,0.9004,0.8738,0.894,0.8363,0.8874,0.9797,0.6547,0.0871,0.0858,0.9184,0.176,0.8943,0.7447,0.882,0.8942,0.6879,0.8827,0.9665,0.0863,0.0862,0.0867,0.8899,0.8614,0.8692,0.8987,0.8801,0.7672,0.8981,0.9341,0.9435,0.9883,0.0861,0.0876,0.0873,0.0855,0.0865,0.0871,0.0877,0.0861,0.0865,0.0865,0.0853,0.0874,0.0882
,6:59:16,42.1,0.0877,0.0868,0.0865,0.0873,0.086,0.0859,0.0874,0.0873,0.0859,0.0854,0.0887,0.0867,0.0863,0.0935,0.1741,0.0842,0.1745,0.0894,0.089,0.0892,0.0895,0.1733,0.1285,0.0865,0.0859,0.1119,0.0839,0.089,0.0959,0.0904,0.0961,0.0971,0.0884,0.0919,0.082,0.0863,0.0859,0.0924,0.0901,0.0831,0.0904,0.1068,0.1129,0.2395,0.1596,0.1233,0.1943,0.0853,0.0859,0.9564,0.8902,0.9647,0.9048,0.8768,0.8984,0.8389,0.892,0.9839,0.6564,0.0865,0.0854,0.9266,0.1866,0.9,0.7485,0.8851,0.8985,0.6955,0.8876,0.9712,0.0857,0.0854,0.0864,0.8939,0.8658,0.8759,0.9033,0.8834,0.7717,0.9029,0.9392,0.9491,0.9938,0.0861,0.0865,0.0864,0.0851,0.0858,0.0865,0.0868,0.0855,0.0857,0.0855,0.0849,0.0869,0.0875
,7:04:16,41.9,0.0885,0.0878,0.0868,0.0873,0.0865,0.0869,0.0875,0.0876,0.0864,0.0861,0.0896,0.0871,0.0865,0.0944,0.1785,0.0843,0.1792,0.0904,0.0899,0.09,0.0902,0.1773,0.1308,0.0875,0.087,0.114,0.084,0.0889,0.0964,0.0903,0.0964,0.0975,0.0889,0.0927,0.0825,0.0868,0.0861,0.0931,0.0907,0.0842,0.092,0.1074,0.1146,0.2442,0.1655,0.1254,0.1981,0.0861,0.0862,0.962,0.8952,0.9668,0.9098,0.8823,0.903,0.8421,0.899,0.9888,0.6604,0.0867,0.0861,0.9336,0.1989,0.9051,0.7542,0.8894,0.9026,0.7041,0.8936,0.9766,0.0859,0.0862,0.0866,0.8982,0.8711,0.8843,0.9086,0.8886,0.7767,0.9092,0.9434,0.9559,0.999,0.086,0.0874,0.0868,0.0852,0.086,0.0873,0.0872,0.0861,0.0867,0.086,0.0856,0.0872,0.0875
,7:09:16,42.1,0.0879,0.0872,0.0866,0.0875,0.0865,0.0862,0.0872,0.0874,0.0862,0.0856,0.0892,0.0869,0.086,0.0947,0.1815,0.0851,0.1808,0.0896,0.0889,0.0907,0.0907,0.1811,0.1328,0.087,0.0867,0.1147,0.0842,0.0889,0.0958,0.0897,0.0971,0.0973,0.0891,0.0944,0.0831,0.0865,0.0863,0.0929,0.091,0.0835,0.0909,0.1071,0.1157,0.2481,0.1643,0.1275,0.2018,0.0859,0.0862,0.9665,0.8986,0.9695,0.914,0.885,0.9072,0.8442,0.9052,0.9914,0.6628,0.087,0.0857,0.9412,0.2115,0.9092,0.7591,0.8925,0.9059,0.7126,0.8992,0.98,0.0864,0.0857,0.0862,0.9024,0.8749,0.8932,0.9139,0.8931,0.7816,0.9125,0.9479,0.9612,1.0039,0.0858,0.087,0.0862,0.0851,0.0857,0.087,0.0869,0.086,0.0865,0.0865,0.0847,0.0867,0.0879
,7:14:16,42,0.0874,0.0869,0.0862,0.0866,0.0857,0.0863,0.0869,0.0872,0.0858,0.0857,0.0891,0.0869,0.086,0.094,0.1845,0.0849,0.1837,0.0897,0.0896,0.0899,0.0899,0.1848,0.1322,0.0864,0.0864,0.1166,0.0841,0.089,0.0964,0.0899,0.0967,0.0974,0.0886,0.093,0.082,0.0863,0.0857,0.093,0.0909,0.0829,0.0915,0.1081,0.1165,0.2522,0.1715,0.1282,0.2061,0.0856,0.0854,0.9715,0.9023,0.9711,0.9182,0.8882,0.911,0.845,0.9107,0.9944,0.6653,0.0863,0.0857,0.9476,0.2244,0.913,0.7631,0.8956,0.9091,0.7204,0.9048,0.984,0.0854,0.086,0.0861,0.9072,0.8802,0.8984,0.9186,0.8981,0.7844,0.9164,0.9519,0.967,1.0087,0.0859,0.0865,0.0863,0.0849,0.0853,0.0867,0.0871,0.0856,0.0855,0.0862,0.0851,0.0862,0.0874
,7:19:16,42.1,0.0878,0.0874,0.0865,0.0876,0.0862,0.0858,0.0877,0.0873,0.0869,0.0859,0.0889,0.0869,0.0861,0.0949,0.1882,0.0846,0.1862,0.0897,0.0892,0.0899,0.0905,0.1886,0.1342,0.0871,0.0868,0.1177,0.0846,0.0886,0.0963,0.09,0.0978,0.0984,0.0886,0.0933,0.0827,0.0869,0.0865,0.0937,0.091,0.084,0.0911,0.1086,0.1182,0.2563,0.1728,0.1308,0.2099,0.0858,0.0861,0.9772,0.9054,0.9731,0.9239,0.8921,0.9158,0.8471,0.9178,0.9997,0.6675,0.0869,0.0857,0.9541,0.2397,0.9185,0.768,0.9,0.9132,0.7297,0.9103,0.9892,0.0856,0.0862,0.0868,0.9125,0.8839,0.9032,0.9246,0.903,0.7884,0.9224,0.9559,0.9729,1.0141,0.0861,0.0864,0.0863,0.0851,0.0855,0.0867,0.087,0.0857,0.0857,0.0861,0.0849,0.087,0.0881
,7:24:16,42.1,0.0884,0.0874,0.0869,0.088,0.0863,0.0867,0.0881,0.0875,0.0865,0.0863,0.0896,0.0878,0.0868,0.0954,0.1917,0.0845,0.1916,0.0902,0.0896,0.0909,0.0904,0.1927,0.1372,0.0875,0.087,0.1194,0.0841,0.0898,0.0967,0.0903,0.0974,0.0988,0.0888,0.0937,0.0833,0.087,0.0869,0.0939,0.0915,0.0835,0.0922,0.11,0.1199,0.2601,0.1767,0.1328,0.2141,0.0867,0.0863,0.982,0.9092,0.9768,0.9266,0.8964,0.9197,0.8506,0.9245,1.0025,0.6717,0.087,0.0859,0.9602,0.2567,0.9232,0.7718,0.9033,0.916,0.7387,0.9156,0.9931,0.0865,0.0866,0.0871,0.9171,0.8885,0.9114,0.9287,0.9076,0.7921,0.927,0.9601,0.9771,1.0176,0.0867,0.0875,0.087,0.0858,0.0863,0.0875,0.0875,0.0869,0.0863,0.0861,0.0857,0.0873,0.0879
,7:29:16,42,0.0878,0.0875,0.0861,0.0869,0.0859,0.0864,0.0869,0.0872,0.0865,0.0858,0.0887,0.0868,0.0863,0.096,0.1962,0.0847,0.1945,0.0901,0.0895,0.0912,0.0906,0.1953,0.1378,0.0866,0.0869,0.1208,0.0841,0.0895,0.0964,0.09,0.0973,0.0983,0.0891,0.0934,0.0827,0.0865,0.086,0.0936,0.0914,0.0833,0.0907,0.1102,0.1205,0.2643,0.1777,0.1338,0.218,0.0861,0.0861,0.9869,0.9115,0.9774,0.93,0.9005,0.9236,0.8515,0.9293,1.0052,0.6724,0.0864,0.0857,0.9668,0.2741,0.9281,0.7758,0.9077,0.9205,0.7456,0.9191,0.9972,0.0858,0.0858,0.0862,0.9206,0.8938,0.9169,0.9332,0.9117,0.7957,0.9303,0.9626,0.9817,1.0229,0.0862,0.0871,0.0866,0.0853,0.0859,0.0866,0.087,0.0861,0.0861,0.086,0.085,0.0866,0.0876
,7:34:16,42,0.0881,0.0879,0.0868,0.0877,0.0869,0.0871,0.0881,0.0876,0.0867,0.0866,0.0899,0.0871,0.0868,0.0976,0.2009,0.0861,0.1994,0.0906,0.0899,0.0917,0.0908,0.2021,0.1407,0.0872,0.0873,0.1228,0.0851,0.0904,0.0964,0.0907,0.0987,0.0988,0.0893,0.0947,0.0836,0.0868,0.0872,0.0952,0.0927,0.0843,0.0949,0.1113,0.1231,0.2697,0.1823,0.1365,0.2234,0.0867,0.0871,0.9924,0.9157,0.9804,0.9337,0.9042,0.9281,0.8538,0.935,1.009,0.6758,0.0871,0.0867,0.9721,0.2958,0.9323,0.78,0.9118,0.9236,0.7549,0.926,1.0014,0.0865,0.0864,0.0872,0.9245,0.8991,0.922,0.9378,0.9164,0.7988,0.9342,0.9669,0.9875,1.0274,0.0868,0.087,0.087,0.0857,0.0863,0.0873,0.0875,0.0866,0.0869,0.0864,0.0853,0.0879,0.0881
,7:39:16,42,0.0879,0.0875,0.0867,0.087,0.0862,0.0863,0.0871,0.0871,0.0862,0.086,0.0889,0.0873,0.0863,0.0971,0.2049,0.0847,0.1999,0.09,0.0892,0.0912,0.0902,0.2046,0.1411,0.0864,0.0864,0.1243,0.0844,0.0894,0.0965,0.091,0.0988,0.0985,0.0889,0.0948,0.0824,0.0864,0.0865,0.0944,0.0921,0.0835,0.0914,0.1121,0.1232,0.2726,0.1858,0.1382,0.2267,0.0859,0.0859,0.9964,0.9177,0.9822,0.937,0.9062,0.9318,0.8544,0.9385,1.0104,0.6781,0.0868,0.0853,0.9756,0.315,0.9362,0.7828,0.9154,0.9266,0.7624,0.9308,1.004,0.0858,0.0858,0.0862,0.9285,0.9036,0.9271,0.9425,0.9193,0.801,0.9379,0.9702,0.9904,1.0309,0.0862,0.0864,0.0865,0.0853,0.0862,0.0865,0.0874,0.0863,0.0855,0.0858,0.0853,0.0866,0.088
,7:44:16,42,0.0881,0.0877,0.0863,0.0868,0.0864,0.0867,0.0871,0.0874,0.0866,0.0857,0.0896,0.0872,0.0861,0.0972,0.2097,0.0851,0.2043,0.0904,0.0899,0.0917,0.0906,0.2089,0.1413,0.0871,0.0871,0.126,0.0845,0.0895,0.0967,0.0896,0.0983,0.0993,0.0889,0.095,0.0825,0.087,0.0866,0.0946,0.0928,0.0838,0.0975,0.1127,0.1254,0.2768,0.1872,0.1407,0.2314,0.0863,0.0864,1.001,0.9203,0.984,0.9406,0.9095,0.9362,0.8563,0.9431,1.0126,0.6811,0.0866,0.0858,0.9805,0.3368,0.9408,0.7875,0.9187,0.9284,0.7711,0.9347,1.0083,0.0862,0.0859,0.0869,0.9316,0.9077,0.9338,0.9464,0.9231,0.8032,0.9411,0.9738,0.995,1.035,0.0863,0.0871,0.0869,0.0852,0.0862,0.0865,0.0876,0.086,0.0857,0.0865,0.0852,0.0872,0.0879
,7:49:16,42,0.0883,0.087,0.0864,0.0873,0.0866,0.0869,0.0876,0.0878,0.0871,0.0868,0.089,0.0875,0.0866,0.0986,0.2136,0.0858,0.2074,0.0908,0.0889,0.0918,0.0908,0.2131,0.1405,0.087,0.0872,0.1279,0.0844,0.0903,0.0967,0.0903,0.099,0.1,0.0887,0.0957,0.0827,0.0867,0.0862,0.0954,0.0935,0.0834,0.092,0.1143,0.1272,0.281,0.1918,0.1424,0.2358,0.0867,0.0862,1.0058,0.9228,0.9861,0.944,0.9126,0.9405,0.8585,0.9481,1.0138,0.6847,0.0866,0.086,0.985,0.3624,0.9449,0.7918,0.9218,0.9322,0.7797,0.9405,1.0122,0.0859,0.0866,0.0872,0.9354,0.9111,0.9361,0.9506,0.9276,0.8058,0.9457,0.9774,0.9997,1.039,0.0861,0.0869,0.0867,0.0856,0.0863,0.0867,0.0876,0.0858,0.0865,0.0865,0.0852,0.0878,0.0876
,7:54:16,42,0.0872,0.0869,0.0859,0.0865,0.0866,0.0865,0.0871,0.087,0.0864,0.0853,0.0888,0.0871,0.0858,0.0989,0.218,0.0851,0.2101,0.0907,0.0887,0.0922,0.0902,0.2182,0.1412,0.0868,0.0863,0.1294,0.0836,0.09,0.0961,0.0899,0.099,0.0999,0.0887,0.0954,0.0822,0.0866,0.0861,0.0957,0.0928,0.0833,0.0962,0.1147,0.1283,0.2852,0.194,0.144,0.2397,0.0862,0.0857,1.0089,0.9247,0.9883,0.9468,0.9146,0.9441,0.8608,0.9518,1.017,0.6855,0.0865,0.0858,0.9899,0.3938,0.9494,0.7955,0.9241,0.9341,0.7865,0.9437,1.0164,0.0857,0.0863,0.0861,0.9388,0.9149,0.9438,0.9547,0.9308,0.8082,0.9498,0.98,1.0029,1.0427,0.0862,0.0871,0.0859,0.085,0.0858,0.0867,0.0872,0.0862,0.0853,0.0862,0.0847,0.0873,0.0878
,7:59:16,42,0.0879,0.0879,0.0864,0.0873,0.0865,0.0867,0.0879,0.0874,0.0867,0.0856,0.0893,0.0871,0.0866,0.1005,0.2197,0.0858,0.2119,0.0908,0.0893,0.0907,0.0901,0.2215,0.1433,0.087,0.087,0.1319,0.0848,0.0904,0.0966,0.0911,0.0996,0.1001,0.0888,0.096,0.0828,0.087,0.0867,0.096,0.0941,0.0837,0.0916,0.1156,0.1304,0.2895,0.2005,0.147,0.2445,0.0864,0.0866,1.0129,0.9281,0.9889,0.9516,0.9185,0.9485,0.8621,0.9556,1.0197,0.6882,0.0871,0.0859,0.9951,0.4166,0.9536,0.7998,0.9275,0.9383,0.796,0.9486,1.021,0.0861,0.0861,0.0868,0.9417,0.9192,0.9482,0.9599,0.9331,0.8108,0.9541,0.984,1.0072,1.0478,0.0862,0.0874,0.087,0.0859,0.0856,0.0868,0.0875,0.0863,0.0862,0.0866,0.0849,0.0869,0.088
,8:04:16,42,0.0879,0.0868,0.0861,0.0868,0.0859,0.0862,0.0871,0.0866,0.0857,0.0854,0.089,0.0869,0.0862,0.1004,0.224,0.0858,0.2153,0.0898,0.0887,0.0913,0.0896,0.2246,0.1433,0.0864,0.0864,0.1336,0.0839,0.0897,0.0962,0.0906,0.0992,0.0999,0.0877,0.0958,0.0825,0.0864,0.0859,0.0962,0.0939,0.083,0.092,0.1157,0.1316,0.2923,0.2009,0.1497,0.2485,0.0854,0.0855,1.0153,0.9291,0.9897,0.9526,0.9209,0.9511,0.8617,0.9578,1.0219,0.6897,0.0865,0.0854,1.001,0.4363,0.9571,0.8026,0.9291,0.9396,0.8036,0.9516,1.0228,0.0857,0.086,0.0864,0.9455,0.9218,0.953,0.9621,0.936,0.812,0.9583,0.9866,1.009,1.0499,0.0858,0.0869,0.0863,0.0849,0.0858,0.0864,0.0871,0.0857,0.0852,0.0858,0.0847,0.0864,0.0878
,8:09:16,42.1,0.0881,0.087,0.0868,0.0869,0.0862,0.0865,0.0879,0.087,0.0868,0.0861,0.0891,0.0866,0.0868,0.1009,0.2263,0.0852,0.2195,0.0905,0.0888,0.092,0.0906,0.229,0.1458,0.087,0.0866,0.1358,0.0849,0.0903,0.0969,0.0904,0.1005,0.101,0.0884,0.0969,0.0828,0.0863,0.0861,0.096,0.0948,0.0835,0.0915,0.1174,0.134,0.2972,0.2052,0.1527,0.2539,0.0857,0.0867,1.0197,0.9312,0.9932,0.9569,0.9235,0.9537,0.8643,0.9606,1.0246,0.6931,0.0867,0.0857,1.0087,0.4605,0.9615,0.8077,0.9321,0.9424,0.8128,0.9559,1.0267,0.0858,0.0859,0.0867,0.9475,0.9258,0.9557,0.9669,0.9386,0.8135,0.9625,0.9908,1.0146,1.0538,0.0861,0.0866,0.0865,0.0855,0.0856,0.0867,0.0871,0.0861,0.0865,0.0864,0.085,0.0868,0.0881
,8:14:16,42,0.0881,0.0877,0.0861,0.0876,0.0863,0.087,0.0875,0.087,0.0863,0.0858,0.0891,0.0871,0.0863,0.1026,0.2331,0.0865,0.2223,0.0908,0.0889,0.0925,0.0906,0.2343,0.1474,0.0868,0.0867,0.1383,0.0844,0.0905,0.0971,0.0902,0.1009,0.1013,0.0883,0.0975,0.0822,0.0868,0.0868,0.0974,0.0946,0.0836,0.0918,0.1192,0.1364,0.3014,0.2094,0.1553,0.2588,0.0866,0.086,1.023,0.9331,0.9943,0.9593,0.9275,0.9582,0.8656,0.9626,1.0265,0.6947,0.0865,0.0858,1.0147,0.4793,0.966,0.811,0.9346,0.9448,0.8219,0.9604,1.0315,0.086,0.0859,0.0861,0.9507,0.9288,0.9622,0.9709,0.9421,0.8156,0.9661,0.9951,1.0168,1.059,0.0865,0.0869,0.0866,0.0858,0.086,0.0872,0.0877,0.086,0.0864,0.0861,0.0855,0.0869,0.0878
,8:19:16,42,0.0872,0.0868,0.0856,0.0869,0.0852,0.0858,0.0874,0.0864,0.0863,0.0854,0.0886,0.0867,0.0859,0.1032,0.237,0.0858,0.2246,0.09,0.088,0.091,0.0898,0.2367,0.148,0.0862,0.086,0.1408,0.0835,0.0903,0.0964,0.0898,0.1005,0.1008,0.0883,0.0978,0.0823,0.0861,0.0861,0.0972,0.0949,0.0832,0.091,0.1194,0.1381,0.3058,0.2124,0.1565,0.2626,0.0854,0.0856,1.0248,0.935,0.9963,0.9614,0.9297,0.9616,0.8672,0.964,1.0295,0.6962,0.0862,0.0853,1.0203,0.4954,0.9692,0.8134,0.9356,0.9484,0.8295,0.9625,1.0344,0.0858,0.0853,0.086,0.9525,0.9323,0.968,0.9745,0.9437,0.8161,0.9693,0.9973,1.0204,1.0629,0.0859,0.0865,0.0861,0.0849,0.0857,0.0863,0.0866,0.0851,0.0859,0.085,0.0847,0.0864,0.0872
,8:24:16,42,0.0882,0.0876,0.0868,0.0873,0.0868,0.087,0.0877,0.0879,0.0863,0.0865,0.089,0.0877,0.0873,0.1045,0.2421,0.0861,0.2281,0.0912,0.0894,0.0936,0.0911,0.2421,0.1506,0.0871,0.0874,0.1436,0.0842,0.091,0.0972,0.0909,0.1022,0.1016,0.0893,0.0997,0.0831,0.0873,0.0868,0.0981,0.0962,0.0842,0.0943,0.1214,0.1402,0.3107,0.2162,0.1605,0.2689,0.0868,0.0868,1.0276,0.9375,0.9993,0.9651,0.933,0.9651,0.8682,0.9657,1.0297,0.6985,0.0873,0.086,1.0282,0.5123,0.9726,0.8173,0.9385,0.9509,0.8382,0.9697,1.0384,0.0862,0.0863,0.0867,0.9554,0.9366,0.973,0.9779,0.9474,0.8168,0.9722,1.0021,1.0246,1.0678,0.0867,0.0872,0.0873,0.0858,0.0863,0.0874,0.0871,0.0867,0.0867,0.0866,0.0859,0.0873,0.0885
,8:29:16,41.9,0.088,0.087,0.0859,0.087,0.0863,0.0864,0.0874,0.0868,0.0865,0.0856,0.0886,0.0865,0.0864,0.1045,0.2458,0.0861,0.2307,0.0914,0.089,0.0941,0.0903,0.2455,0.1519,0.0868,0.0865,0.1455,0.0839,0.0909,0.0969,0.0901,0.1015,0.1014,0.0887,0.0998,0.0824,0.0861,0.0859,0.0988,0.0962,0.0838,0.0913,0.1229,0.1427,0.3144,0.2196,0.1619,0.2732,0.0863,0.0863,1.0301,0.9394,0.9992,0.9679,0.9346,0.9676,0.8692,0.9665,1.0317,0.7008,0.0867,0.0856,1.033,0.5254,0.976,0.8216,0.9393,0.9525,0.8462,0.9735,1.0417,0.0857,0.0858,0.0859,0.9583,0.9399,0.9782,0.9816,0.9489,0.8191,0.975,1.0046,1.0279,1.0712,0.0866,0.0869,0.086,0.0856,0.086,0.0869,0.0868,0.0863,0.0854,0.0857,0.0849,0.0871,0.0878
,8:34:16,42,0.0875,0.0874,0.0863,0.0869,0.0865,0.0865,0.0874,0.0874,0.0862,0.0861,0.0895,0.0872,0.0862,0.1053,0.2488,0.0872,0.2319,0.0909,0.0897,0.0944,0.0913,0.2491,0.1533,0.0866,0.0864,0.1483,0.0837,0.0909,0.097,0.0908,0.1026,0.1023,0.0882,0.0994,0.0826,0.0868,0.0861,0.0991,0.0972,0.0838,0.0939,0.1239,0.1449,0.3184,0.2237,0.1651,0.2784,0.086,0.0861,1.0326,0.9399,1.0007,0.9715,0.9374,0.9704,0.8714,0.9681,1.0315,0.7024,0.0866,0.0858,1.0389,0.5403,0.9796,0.8249,0.9406,0.9558,0.8534,0.9779,1.0436,0.0857,0.0858,0.0862,0.9602,0.9414,0.9827,0.9838,0.9517,0.8186,0.9771,1.0074,1.0308,1.0746,0.0862,0.0866,0.0863,0.0855,0.086,0.0868,0.0869,0.0857,0.0858,0.0865,0.0854,0.0871,0.0878
,8:39:16,42,0.0879,0.0874,0.0862,0.0867,0.086,0.0868,0.0879,0.0868,0.0862,0.0856,0.0889,0.0866,0.0861,0.1064,0.2531,0.0863,0.2356,0.0907,0.0887,0.0938,0.09,0.2536,0.1544,0.0868,0.0867,0.1513,0.0839,0.0915,0.097,0.0908,0.103,0.1022,0.0882,0.1011,0.0821,0.0864,0.0864,0.0994,0.0977,0.0831,0.092,0.1254,0.1471,0.3225,0.2273,0.1678,0.2837,0.0861,0.086,1.0343,0.9417,1.0025,0.9749,0.9386,0.9735,0.8717,0.9702,1.0331,0.7051,0.0866,0.0858,1.0443,0.5533,0.9821,0.8277,0.9428,0.9576,0.8614,0.9809,1.048,0.0859,0.0858,0.0867,0.9626,0.9444,0.9873,0.9885,0.9535,0.8195,0.9796,1.0102,1.0337,1.0779,0.0863,0.0863,0.0863,0.0853,0.086,0.0872,0.0874,0.0857,0.0861,0.0866,0.0851,0.087,0.0874
,8:44:16,42,0.0879,0.0872,0.0862,0.0872,0.086,0.0863,0.0873,0.0869,0.0863,0.0858,0.0888,0.0869,0.0858,0.1082,0.2571,0.0862,0.2382,0.0914,0.0888,0.0929,0.0901,0.2565,0.1565,0.0871,0.0864,0.154,0.0836,0.0917,0.0978,0.0904,0.1028,0.1025,0.0878,0.1007,0.0821,0.0866,0.0861,0.1001,0.0982,0.0832,0.0963,0.1266,0.1498,0.3269,0.2317,0.1709,0.2886,0.0861,0.0858,1.0375,0.9435,1.0046,0.9783,0.9409,0.9769,0.8735,0.9714,1.0349,0.707,0.0868,0.0856,1.0487,0.5671,0.9863,0.8296,0.9447,0.9603,0.8702,0.985,1.0511,0.0853,0.0862,0.0859,0.9653,0.9471,0.9916,0.9925,0.9568,0.8208,0.9833,1.0124,1.0372,1.0829,0.0862,0.0865,0.0867,0.0852,0.0859,0.0869,0.0867,0.0856,0.0856,0.0859,0.0852,0.087,0.0879
,8:49:16,42,0.0875,0.0866,0.0855,0.0864,0.086,0.0859,0.0868,0.0864,0.0859,0.0857,0.0884,0.0867,0.0854,0.109,0.261,0.0871,0.2404,0.0906,0.089,0.0945,0.0904,0.2602,0.1585,0.086,0.0865,0.1568,0.0835,0.0909,0.0966,0.09,0.1032,0.1028,0.0881,0.1012,0.0822,0.0865,0.0855,0.1001,0.0985,0.0835,0.0912,0.1281,0.1517,0.3307,0.2344,0.1734,0.2934,0.0859,0.0858,1.0382,0.9442,1.0061,0.9801,0.942,0.9797,0.8743,0.9714,1.0341,0.7087,0.0865,0.0852,1.0524,0.5794,0.989,0.8317,0.9452,0.9626,0.8756,0.9874,1.0529,0.0849,0.0853,0.086,0.9666,0.9491,0.9957,0.9955,0.958,0.8205,0.9848,1.0152,1.0398,1.0876,0.0857,0.0859,0.086,0.0848,0.0854,0.0862,0.0867,0.0852,0.086,0.0855,0.0844,0.0865,0.0873
,8:54:16,42,0.0878,0.0869,0.0862,0.0868,0.0862,0.086,0.0871,0.0869,0.0868,0.0859,0.0891,0.0872,0.0865,0.1104,0.2656,0.0879,0.2436,0.0912,0.0889,0.0939,0.0904,0.2656,0.16,0.0867,0.0862,0.1597,0.0842,0.0919,0.0971,0.091,0.1044,0.1035,0.0886,0.1031,0.0825,0.0866,0.0867,0.1016,0.0997,0.0835,0.0927,0.1299,0.1552,0.3357,0.2385,0.1769,0.299,0.0861,0.0861,1.0411,0.9458,1.0083,0.984,0.9446,0.9819,0.8759,0.9738,1.0358,0.712,0.0865,0.0857,1.0576,0.5947,0.9926,0.8336,0.947,0.965,0.8829,0.9902,1.0559,0.0861,0.0856,0.0864,0.9705,0.9514,1.0009,0.9982,0.9614,0.821,0.9867,1.0186,1.0446,1.091,0.0865,0.0863,0.0865,0.0849,0.0861,0.0867,0.0872,0.086,0.0859,0.0864,0.0852,0.0871,0.0875
,8:59:16,42,0.0878,0.0877,0.0865,0.0872,0.0863,0.0865,0.0873,0.0873,0.0866,0.0858,0.0893,0.0874,0.0868,0.1122,0.27,0.0881,0.2474,0.0916,0.0889,0.0952,0.091,0.2692,0.1628,0.0877,0.0865,0.1633,0.0841,0.0922,0.098,0.0915,0.105,0.1046,0.0885,0.1039,0.0828,0.0872,0.0867,0.1032,0.101,0.0838,0.0924,0.1322,0.158,0.3393,0.2436,0.1803,0.3047,0.0864,0.0862,1.0432,0.9481,1.0094,0.9877,0.9469,0.985,0.8779,0.9743,1.0368,0.7135,0.0868,0.0859,1.0623,0.6086,0.996,0.8377,0.9492,0.9673,0.8906,0.9932,1.0583,0.0863,0.0867,0.0867,0.9717,0.9542,1.0054,1.001,0.9636,0.822,0.9891,1.0207,1.0464,1.0951,0.0861,0.0874,0.0866,0.0858,0.0862,0.0871,0.088,0.0865,0.0868,0.0864,0.0857,0.0874,0.0879
,9:04:16,41.9,0.0882,0.0874,0.0868,0.0872,0.0865,0.0863,0.0879,0.0877,0.0866,0.086,0.0892,0.0871,0.0867,0.1126,0.274,0.0876,0.2493,0.0919,0.0893,0.0969,0.0914,0.2724,0.1637,0.0869,0.0866,0.1661,0.0843,0.0926,0.0982,0.0913,0.1063,0.1047,0.0887,0.1045,0.0825,0.0868,0.0866,0.1038,0.1014,0.0843,0.0948,0.1342,0.1603,0.3432,0.2475,0.1833,0.31,0.0861,0.0863,1.0446,0.9499,1.0115,0.9904,0.9473,0.989,0.879,0.9756,1.0371,0.716,0.0867,0.0857,1.0665,0.6219,0.9995,0.839,0.9498,0.9695,0.8963,0.9975,1.063,0.0861,0.0863,0.0868,0.9733,0.9563,1.0094,1.0028,0.9653,0.8223,0.9909,1.0231,1.0489,1.0978,0.0869,0.0868,0.0866,0.0855,0.0865,0.0875,0.0872,0.0867,0.0865,0.0864,0.085,0.0873,0.0876
,9:09:16,42,0.0885,0.0869,0.0866,0.0871,0.087,0.0862,0.0874,0.0874,0.0866,0.0865,0.0889,0.0872,0.0863,0.1141,0.278,0.0914,0.2529,0.0919,0.0894,0.097,0.0917,0.2772,0.1658,0.0868,0.0867,0.1694,0.084,0.0925,0.0982,0.0913,0.1066,0.1053,0.0889,0.1067,0.0826,0.0872,0.0866,0.1044,0.1026,0.0837,0.0934,0.1354,0.1636,0.3475,0.2518,0.1863,0.3158,0.0865,0.0867,1.0466,0.9514,1.0124,0.9931,0.9492,0.9928,0.8798,0.9764,1.0382,0.7178,0.0874,0.0861,1.0695,0.6368,1.002,0.8418,0.9509,0.9716,0.9013,1.001,1.067,0.0861,0.0864,0.0863,0.9751,0.9592,1.0141,1.0051,0.9673,0.8222,0.9919,1.0251,1.0514,1.1017,0.0867,0.087,0.0874,0.0859,0.0864,0.0875,0.0876,0.0866,0.0861,0.0865,0.0858,0.0873,0.0881
,9:14:16,42,0.0874,0.0869,0.0864,0.0867,0.086,0.0856,0.0866,0.0864,0.0859,0.0853,0.089,0.0863,0.0859,0.1144,0.2812,0.0893,0.255,0.0909,0.0885,0.0969,0.0906,0.2799,0.1675,0.0861,0.0857,0.1722,0.0836,0.0926,0.0971,0.0908,0.1067,0.1048,0.088,0.1058,0.0817,0.086,0.0855,0.1042,0.103,0.0827,0.0958,0.1367,0.1653,0.3509,0.2545,0.189,0.3206,0.0855,0.0862,1.0477,0.9503,1.0129,0.9952,0.9501,0.9946,0.8794,0.976,1.0387,0.7199,0.0858,0.0853,1.0717,0.6496,1.004,0.841,0.9507,0.9723,0.9058,1.0044,1.0691,0.0852,0.0854,0.0864,0.9762,0.9602,1.016,1.0067,0.9675,0.8207,0.9928,1.026,1.0511,1.1036,0.0857,0.0865,0.0859,0.0851,0.0851,0.0861,0.0862,0.0853,0.0852,0.0859,0.0847,0.0863,0.0873
,9:19:16,41.9,0.0875,0.0871,0.0859,0.0867,0.0859,0.0853,0.0864,0.0868,0.0861,0.0855,0.0881,0.0867,0.0857,0.1157,0.2868,0.0901,0.2586,0.0916,0.0889,0.0986,0.0904,0.2836,0.1698,0.0863,0.0863,0.1754,0.0841,0.0927,0.0978,0.0905,0.1077,0.1049,0.0878,0.1067,0.0819,0.0861,0.0857,0.1055,0.1043,0.0834,0.0931,0.1392,0.1682,0.354,0.2594,0.1918,0.327,0.086,0.0861,1.0493,0.9526,1.0165,0.9982,0.9515,0.9979,0.8801,0.9772,1.0402,0.7231,0.0864,0.0851,1.0743,0.6634,1.0065,0.8445,0.9519,0.9746,0.9119,1.0089,1.0716,0.0851,0.0859,0.0857,0.9785,0.9622,1.0179,1.0094,0.9707,0.8243,0.9952,1.0285,1.0544,1.1073,0.0855,0.0869,0.0862,0.0848,0.0855,0.0862,0.0868,0.0859,0.0854,0.0856,0.0849,0.0868,0.0871
,9:24:16,42,0.0878,0.0873,0.0867,0.087,0.0868,0.0866,0.0871,0.0876,0.0865,0.086,0.0893,0.0867,0.0863,0.118,0.291,0.0886,0.2615,0.0924,0.0898,0.0997,0.0913,0.2886,0.1707,0.0866,0.0871,0.1785,0.0841,0.0939,0.0982,0.0916,0.1085,0.1057,0.0886,0.1093,0.082,0.087,0.0862,0.1064,0.105,0.0835,0.0945,0.1415,0.1718,0.3598,0.2639,0.1956,0.3325,0.0859,0.0864,1.0518,0.9552,1.0176,1.0006,0.9544,1.0003,0.882,0.9785,1.0405,0.727,0.0866,0.0858,1.0773,0.6771,1.011,0.8458,0.9538,0.9766,0.9174,1.0123,1.0726,0.0857,0.0858,0.0861,0.9802,0.9643,1.0228,1.0127,0.9719,0.8251,0.997,1.0308,1.056,1.1106,0.0863,0.0862,0.0867,0.0851,0.0855,0.087,0.0876,0.0859,0.086,0.0863,0.085,0.087,0.0872
,9:29:16,42.1,0.0876,0.0875,0.087,0.0875,0.0864,0.0868,0.0873,0.0874,0.0871,0.0859,0.089,0.0868,0.0865,0.1203,0.2958,0.0888,0.2645,0.0924,0.0889,0.0994,0.0909,0.2921,0.1719,0.0875,0.0869,0.1822,0.0837,0.0943,0.0983,0.0914,0.1099,0.1063,0.0885,0.1096,0.0828,0.0867,0.0859,0.1082,0.1069,0.0841,0.0928,0.1437,0.1747,0.3648,0.2686,0.1989,0.339,0.0867,0.0864,1.0536,0.9574,1.0175,1.0041,0.9587,1.0032,0.8825,0.9794,1.0421,0.7309,0.087,0.0863,1.0801,0.6904,1.0133,0.8497,0.9554,0.9795,0.9229,1.015,1.0758,0.0859,0.0863,0.0865,0.9815,0.9656,1.0276,1.0154,0.9747,0.8264,0.9986,1.0333,1.0583,1.1137,0.0859,0.0867,0.0871,0.0858,0.0865,0.0874,0.0872,0.0869,0.0866,0.0861,0.0851,0.087,0.0878
,9:34:16,42,0.088,0.0873,0.0869,0.0871,0.0863,0.0865,0.0876,0.0871,0.0865,0.0865,0.0891,0.087,0.0866,0.1212,0.3003,0.0895,0.2678,0.0931,0.0894,0.1012,0.092,0.2961,0.1751,0.0875,0.0869,0.1857,0.0846,0.0943,0.0988,0.0915,0.1102,0.107,0.089,0.1109,0.0825,0.0867,0.0864,0.1094,0.1081,0.0839,0.0954,0.1464,0.1773,0.3679,0.2726,0.2023,0.3447,0.0862,0.0864,1.0549,0.958,1.019,1.0079,0.9615,1.0048,0.8821,0.9792,1.0427,0.7333,0.0866,0.0859,1.0823,0.7021,1.0155,0.8505,0.9549,0.981,0.9271,1.018,1.0763,0.086,0.0861,0.0867,0.9839,0.9689,1.0318,1.0171,0.9775,0.8247,0.9996,1.0343,1.0603,1.1163,0.0866,0.0872,0.0866,0.0856,0.0863,0.0872,0.0875,0.0858,0.086,0.0863,0.0856,0.0872,0.0874
,9:39:16,42,0.087,0.0863,0.0855,0.086,0.0857,0.0861,0.0868,0.0865,0.0855,0.0855,0.0888,0.0862,0.0858,0.1221,0.3048,0.0894,0.2706,0.0922,0.0887,0.1003,0.0913,0.2987,0.1771,0.0859,0.0864,0.1881,0.0834,0.0939,0.098,0.0908,0.1102,0.107,0.0882,0.1112,0.0822,0.0864,0.0863,0.1099,0.1082,0.0833,0.093,0.1481,0.1796,0.3719,0.2765,0.2052,0.3493,0.085,0.0856,1.0542,0.9595,1.0196,1.0102,0.9626,1.0067,0.8826,0.9796,1.0431,0.7354,0.0856,0.0849,1.0847,0.7139,1.0165,0.8513,0.9554,0.9816,0.9312,1.0205,1.0776,0.0851,0.0852,0.086,0.9844,0.9718,1.0333,1.0181,0.978,0.8234,1.0007,1.0347,1.0611,1.1188,0.0862,0.0863,0.0859,0.0853,0.0858,0.0866,0.087,0.0856,0.0859,0.0858,0.0847,0.0871,0.0872
,9:44:16,42.1,0.0882,0.0874,0.0869,0.0868,0.0865,0.0869,0.0879,0.0875,0.0867,0.0861,0.089,0.0869,0.087,0.1243,0.3096,0.0908,0.2739,0.0931,0.0898,0.1019,0.0912,0.3035,0.1771,0.0867,0.0872,0.1924,0.0844,0.095,0.0987,0.0923,0.1114,0.1074,0.0888,0.1137,0.0827,0.0864,0.0863,0.1119,0.1102,0.0835,0.0947,0.1517,0.1841,0.3763,0.2821,0.2093,0.3567,0.0863,0.0867,1.0576,0.9611,1.023,1.0143,0.965,1.0092,0.8838,0.9808,1.0449,0.738,0.0867,0.086,1.0863,0.7269,1.02,0.8542,0.957,0.982,0.9362,1.022,1.0796,0.0865,0.0867,0.0868,0.9873,0.9751,1.0357,1.0211,0.98,0.824,1.0025,1.0379,1.0619,1.1221,0.0868,0.0872,0.0863,0.0861,0.0864,0.0869,0.0879,0.0868,0.0866,0.0862,0.0859,0.0877,0.0879
,9:49:16,42,0.0882,0.0869,0.0867,0.0869,0.0859,0.0868,0.0869,0.0868,0.0863,0.0856,0.0889,0.0868,0.0861,0.1261,0.315,0.0907,0.2776,0.0932,0.0891,0.102,0.0916,0.3065,0.1814,0.0868,0.0868,0.1961,0.0837,0.0947,0.099,0.092,0.1127,0.1075,0.0884,0.1173,0.0819,0.0862,0.0863,0.1131,0.1115,0.0836,0.0937,0.1532,0.1862,0.3798,0.2859,0.2114,0.3619,0.0863,0.0863,1.0593,0.9618,1.0229,1.0172,0.9658,1.011,0.8849,0.9812,1.0474,0.7386,0.0863,0.0855,1.0881,0.7382,1.0225,0.854,0.9559,0.9835,0.9402,1.0231,1.0816,0.0854,0.0859,0.0865,0.9872,0.9767,1.0363,1.0219,0.9801,0.8238,1.0025,1.0405,1.0641,1.1227,0.0861,0.0869,0.0866,0.0854,0.0862,0.0869,0.0872,0.0865,0.0863,0.0858,0.0849,0.0872,0.088
,9:54:16,42,0.0884,0.0869,0.0866,0.0873,0.0864,0.0863,0.088,0.0868,0.0867,0.0862,0.0888,0.087,0.0866,0.128,0.3196,0.0923,0.2814,0.0934,0.0891,0.1042,0.0919,0.3117,0.1838,0.087,0.0866,0.2004,0.0843,0.0956,0.0995,0.0923,0.1138,0.1083,0.089,0.1171,0.0831,0.0869,0.0865,0.1148,0.1132,0.0834,0.0948,0.1561,0.1897,0.3841,0.2907,0.2158,0.3686,0.0866,0.0865,1.0615,0.9639,1.0253,1.0189,0.967,1.0134,0.8857,0.982,1.0486,0.7399,0.0874,0.086,1.0901,0.7498,1.0244,0.8582,0.9569,0.9839,0.9441,1.0256,1.083,0.0858,0.0859,0.0871,0.9889,0.9794,1.0381,1.0244,0.9817,0.8232,1.0031,1.0427,1.0653,1.1242,0.0863,0.0869,0.0865,0.0855,0.0864,0.0872,0.0871,0.0856,0.0864,0.0868,0.0855,0.0871,0.0877
,9:59:16,41.9,0.0882,0.0878,0.0866,0.0873,0.0862,0.0867,0.0882,0.0874,0.087,0.0866,0.0891,0.0872,0.0865,0.1301,0.3249,0.0909,0.2853,0.0947,0.0895,0.1046,0.0921,0.3154,0.1852,0.0871,0.0864,0.2036,0.0841,0.0961,0.0993,0.0927,0.1153,0.1086,0.0887,0.1174,0.0829,0.0868,0.0863,0.1161,0.1148,0.0836,0.0945,0.1583,0.1921,0.3885,0.2953,0.2193,0.3751,0.0867,0.0864,1.0624,0.965,1.026,1.0211,0.9678,1.0156,0.886,0.9829,1.0486,0.7404,0.0867,0.0861,1.0924,0.7609,1.0262,0.8628,0.9576,0.9843,0.9493,1.0264,1.0845,0.086,0.0861,0.0868,0.9909,0.9806,1.04,1.0268,0.9833,0.8234,1.0046,1.0439,1.068,1.127,0.0866,0.0871,0.087,0.0855,0.0861,0.0872,0.0873,0.0867,0.0865,0.0865,0.0854,0.0874,0.0883
,10:04:16,42,0.0878,0.0873,0.086,0.0869,0.0863,0.0867,0.0879,0.0875,0.0864,0.086,0.089,0.0874,0.0862,0.1318,0.3295,0.0934,0.2871,0.0938,0.09,0.1055,0.0916,0.3194,0.1891,0.087,0.0871,0.2069,0.0845,0.0971,0.0996,0.093,0.1163,0.1093,0.0885,0.1191,0.0827,0.0864,0.0868,0.1177,0.1166,0.084,0.0965,0.1609,0.195,0.3932,0.3004,0.2221,0.3805,0.0866,0.0865,1.0638,0.9666,1.0276,1.0225,0.9683,1.0178,0.8861,0.9833,1.0487,0.7418,0.0869,0.0858,1.0932,0.7715,1.0283,0.8647,0.9572,0.9841,0.9528,1.028,1.086,0.0862,0.086,0.0867,0.9911,0.9824,1.0416,1.0289,0.9834,0.8227,1.0054,1.0447,1.0691,1.1283,0.0869,0.0874,0.0867,0.0859,0.0862,0.0878,0.0872,0.0859,0.0865,0.0869,0.0854,0.0877,0.0877
,10:09:16,42,0.0877,0.0869,0.0858,0.0864,0.0859,0.086,0.0871,0.0868,0.086,0.0857,0.0888,0.0863,0.0859,0.1333,0.3342,0.0916,0.2921,0.0938,0.0894,0.1048,0.0911,0.3225,0.1884,0.0868,0.0866,0.2104,0.0837,0.0968,0.0993,0.0927,0.1159,0.11,0.088,0.1201,0.0819,0.0862,0.0859,0.119,0.1179,0.0832,0.0949,0.1636,0.1975,0.397,0.3053,0.2252,0.387,0.086,0.0859,1.0632,0.9668,1.0283,1.0227,0.9676,1.0175,0.8849,0.9829,1.0498,0.7407,0.0864,0.0851,1.0949,0.7816,1.0299,0.8651,0.9568,0.9834,0.9564,1.0291,1.0873,0.0856,0.086,0.0862,0.9935,0.9829,1.0399,1.0292,0.9832,0.8224,1.0056,1.0454,1.0716,1.1284,0.0858,0.086,0.0859,0.0853,0.0855,0.0866,0.087,0.0858,0.0855,0.0861,0.0852,0.0867,0.0875
,10:14:16,42,0.0879,0.0875,0.0859,0.0868,0.0864,0.086,0.0875,0.087,0.0863,0.086,0.0896,0.0875,0.0868,0.1351,0.3396,0.0928,0.2969,0.0943,0.0889,0.1066,0.0918,0.3274,0.192,0.0868,0.0864,0.2135,0.0839,0.0977,0.1004,0.0927,0.1181,0.1105,0.0884,0.1232,0.0829,0.0864,0.0865,0.1205,0.1191,0.0835,0.096,0.167,0.1997,0.4018,0.3101,0.229,0.3934,0.0862,0.0861,1.064,0.9678,1.0284,1.0248,0.968,1.02,0.8857,0.9825,1.0488,0.7401,0.0869,0.0854,1.0972,0.7931,1.0317,0.8662,0.9567,0.9841,0.9607,1.0304,1.0882,0.0856,0.086,0.0865,0.994,0.9851,1.0427,1.0315,0.9849,0.8208,1.0065,1.0453,1.0729,1.1307,0.086,0.087,0.0872,0.0856,0.0861,0.0872,0.0872,0.0864,0.0866,0.0862,0.0849,0.0876,0.088
,10:19:16,42,0.0881,0.0868,0.0864,0.0875,0.0866,0.0866,0.0869,0.0874,0.0867,0.0859,0.0893,0.0869,0.0866,0.1378,0.3454,0.0935,0.299,0.0949,0.0896,0.1089,0.0918,0.3316,0.1946,0.0874,0.0868,0.2181,0.0842,0.0978,0.1005,0.0936,0.119,0.1109,0.0887,0.1263,0.0826,0.0863,0.0861,0.1225,0.1216,0.0834,0.0952,0.17,0.2032,0.4061,0.3154,0.2327,0.3996,0.0865,0.0862,1.0656,0.9681,1.0308,1.0261,0.9672,1.0219,0.8851,0.9838,1.049,0.7404,0.0871,0.0858,1.0984,0.8045,1.0345,0.8671,0.9573,0.9843,0.9639,1.0308,1.0911,0.0863,0.0866,0.0869,0.9949,0.9865,1.0436,1.0325,0.9855,0.8208,1.0067,1.0466,1.0763,1.1317,0.0867,0.0874,0.087,0.0858,0.086,0.0871,0.0868,0.0866,0.0866,0.0863,0.0852,0.0872,0.0877
,10:24:16,42.1,0.0879,0.0874,0.0866,0.0877,0.0863,0.0865,0.0871,0.087,0.0862,0.0857,0.0888,0.0875,0.0863,0.1391,0.3505,0.0938,0.3027,0.0952,0.0893,0.1104,0.0919,0.3353,0.1955,0.0868,0.0864,0.2219,0.0841,0.0983,0.1004,0.0938,0.1204,0.1112,0.0885,0.1266,0.0822,0.087,0.0862,0.1249,0.1236,0.0834,0.0951,0.1724,0.2058,0.4095,0.3198,0.235,0.4063,0.0859,0.0865,1.066,0.9694,1.0328,1.0279,0.9679,1.023,0.8849,0.9845,1.0469,0.7393,0.0865,0.0859,1.0987,0.8142,1.0385,0.8682,0.9583,0.9846,0.9672,1.0314,1.0918,0.0856,0.0858,0.0865,0.996,0.9857,1.0434,1.0356,0.9849,0.8207,1.0081,1.0459,1.078,1.1321,0.0862,0.0869,0.0871,0.0856,0.086,0.087,0.0873,0.0862,0.0861,0.0862,0.0851,0.0872,0.0875
,10:29:16,42.1,0.0868,0.0863,0.0858,0.0864,0.0854,0.0852,0.0868,0.0863,0.0855,0.0849,0.0884,0.086,0.0857,0.1412,0.3558,0.0936,0.3047,0.0949,0.0892,0.1104,0.0918,0.3389,0.1961,0.086,0.0858,0.2242,0.0833,0.098,0.1005,0.0936,0.1211,0.111,0.0881,0.1283,0.0816,0.0859,0.0858,0.1257,0.124,0.0825,0.0951,0.1738,0.2076,0.4132,0.324,0.2378,0.412,0.0854,0.0857,1.0658,0.9691,1.033,1.0287,0.9666,1.0244,0.8847,0.9834,1.0474,0.7384,0.0862,0.0849,1.1006,0.8229,1.041,0.8675,0.9581,0.9837,0.9693,1.0314,1.0925,0.0852,0.085,0.086,0.9975,0.9848,1.0431,1.0364,0.9846,0.8177,1.0072,1.0454,1.0786,1.1322,0.0854,0.0863,0.0862,0.0846,0.0855,0.0864,0.086,0.0856,0.0854,0.0856,0.085,0.0861,0.0872
,10:34:16,42,0.088,0.0874,0.0864,0.087,0.0862,0.0866,0.088,0.0871,0.0863,0.0858,0.0892,0.0873,0.0867,0.1442,0.3614,0.0956,0.3054,0.0965,0.0899,0.1123,0.0922,0.3436,0.199,0.0873,0.0872,0.229,0.0846,0.0995,0.1015,0.0946,0.1227,0.1125,0.0892,0.1298,0.0828,0.0867,0.0863,0.1285,0.127,0.0833,0.0961,0.1784,0.2113,0.4188,0.3292,0.2434,0.419,0.0862,0.0863,1.0677,0.9707,1.0338,1.0315,0.9667,1.0262,0.8867,0.9856,1.0463,0.7394,0.087,0.0857,1.1031,0.832,1.0434,0.8692,0.958,0.9844,0.9737,1.0329,1.0937,0.0864,0.0866,0.0867,0.9995,0.9861,1.0455,1.0383,0.9856,0.8192,1.0083,1.0477,1.0817,1.1327,0.0861,0.0873,0.087,0.0853,0.0868,0.0874,0.0873,0.0867,0.086,0.0863,0.0855,0.0873,0.0883
,10:39:16,42,0.0878,0.087,0.087,0.0871,0.0865,0.0861,0.0871,0.0868,0.0864,0.0859,0.089,0.0869,0.0862,0.1457,0.3669,0.0951,0.3071,0.0967,0.0902,0.1145,0.0923,0.3484,0.201,0.0869,0.0867,0.2323,0.0844,0.1,0.1016,0.0949,0.1241,0.113,0.0895,0.1331,0.083,0.0868,0.0862,0.131,0.1289,0.0838,0.097,0.1808,0.2143,0.4228,0.3341,0.2464,0.425,0.0861,0.0868,1.0676,0.9708,1.0356,1.0335,0.9659,1.0285,0.8869,0.9845,1.0451,0.7381,0.0868,0.0856,1.1046,0.8415,1.0452,0.8692,0.9582,0.9842,0.9762,1.0335,1.0936,0.0862,0.0866,0.0866,1.0009,0.9871,1.0458,1.0398,0.986,0.8178,1.0088,1.0476,1.0832,1.1324,0.0864,0.0868,0.0865,0.0857,0.0865,0.0871,0.0871,0.0864,0.0865,0.0866,0.0851,0.0875,0.0875
,10:44:16,42,0.0878,0.0879,0.0865,0.0869,0.087,0.0866,0.0874,0.0871,0.0864,0.0863,0.0889,0.0874,0.0869,0.1479,0.3731,0.0959,0.3123,0.0969,0.0902,0.1153,0.0935,0.3525,0.2027,0.0877,0.0868,0.2356,0.0845,0.1005,0.1023,0.0947,0.1264,0.1135,0.0889,0.1349,0.0831,0.0864,0.0864,0.1331,0.1312,0.084,0.0994,0.1839,0.2174,0.4274,0.3396,0.2497,0.4316,0.0859,0.0867,1.0677,0.9716,1.0369,1.0353,0.9659,1.03,0.8867,0.9857,1.0448,0.7372,0.0871,0.0864,1.107,0.8505,1.0468,0.8696,0.9567,0.9836,0.979,1.0346,1.0944,0.0863,0.0864,0.0865,1.0022,0.9875,1.0465,1.041,0.9871,0.8168,1.0094,1.0482,1.0849,1.1335,0.0864,0.0872,0.087,0.0858,0.0862,0.0874,0.0877,0.0859,0.0864,0.0867,0.0856,0.0879,0.0884
,10:49:16,42,0.0883,0.0873,0.0862,0.0874,0.0863,0.0869,0.0878,0.0872,0.0862,0.0863,0.0894,0.0871,0.0867,0.1507,0.3788,0.0973,0.3157,0.1003,0.0903,0.1173,0.0934,0.3564,0.2041,0.0873,0.0867,0.2394,0.0841,0.1015,0.103,0.0953,0.1267,0.1136,0.0892,0.1375,0.0831,0.0875,0.0864,0.1351,0.1329,0.0834,0.0978,0.1868,0.2198,0.4312,0.3444,0.2535,0.4384,0.0864,0.0862,1.0688,0.973,1.0386,1.0376,0.9676,1.0321,0.8851,0.986,1.0432,0.7366,0.0873,0.0863,1.1097,0.8573,1.0481,0.8694,0.9554,0.9837,0.9815,1.0363,1.0944,0.0858,0.086,0.0868,1.0042,0.9867,1.0486,1.0419,0.9863,0.8166,1.0096,1.0497,1.0863,1.1334,0.0864,0.0866,0.0869,0.0858,0.0867,0.0875,0.0876,0.0866,0.0868,0.0867,0.0853,0.0879,0.0884
,10:54:16,42,0.0878,0.0868,0.0857,0.0867,0.0861,0.0863,0.0872,0.0872,0.0863,0.0859,0.089,0.0866,0.0857,0.1517,0.3837,0.0964,0.3178,0.0978,0.0902,0.1186,0.0924,0.36,0.2052,0.0866,0.0862,0.2434,0.0838,0.1013,0.1027,0.095,0.1286,0.1138,0.0884,0.1379,0.0821,0.0864,0.0862,0.1371,0.1351,0.0835,0.0993,0.1893,0.2218,0.4342,0.3495,0.2569,0.4443,0.0855,0.086,1.0679,0.9741,1.04,1.0389,0.9671,1.0346,0.8829,0.9864,1.0418,0.735,0.0862,0.0854,1.1116,0.8645,1.0493,0.8683,0.9541,0.9831,0.9841,1.0365,1.0935,0.0859,0.0862,0.0864,1.0062,0.9865,1.0484,1.0422,0.9861,0.8154,1.0094,1.05,1.088,1.1321,0.0863,0.086,0.0869,0.0853,0.086,0.0866,0.0867,0.0864,0.0859,0.0865,0.0851,0.087,0.0876
,10:59:16,42.1,0.0879,0.087,0.0858,0.0869,0.0861,0.0862,0.087,0.0866,0.0855,0.0855,0.0891,0.0864,0.0862,0.154,0.3893,0.0978,0.3191,0.0978,0.0892,0.1196,0.0912,0.3648,0.2086,0.0867,0.0867,0.2467,0.0839,0.1019,0.103,0.0953,0.1301,0.1138,0.0887,0.1408,0.0819,0.0863,0.0861,0.1396,0.1374,0.0833,0.0977,0.192,0.224,0.4386,0.3537,0.2599,0.4504,0.086,0.086,1.0686,0.9734,1.0428,1.0394,0.9685,1.0356,0.8809,0.9866,1.0401,0.7336,0.0863,0.0857,1.1123,0.8718,1.0502,0.8679,0.9524,0.9825,0.9859,1.0377,1.0932,0.0856,0.0859,0.0861,1.0066,0.9877,1.0504,1.0434,0.9862,0.8138,1.0093,1.0511,1.0904,1.1333,0.0864,0.0864,0.0863,0.0851,0.0856,0.0867,0.0863,0.0859,0.0862,0.0864,0.0851,0.0866,0.0871
,11:04:16,42.1,0.0873,0.0871,0.0862,0.0866,0.0859,0.0863,0.0869,0.0866,0.0858,0.086,0.089,0.0864,0.0856,0.1564,0.395,0.0986,0.3241,0.0985,0.0904,0.1212,0.0924,0.369,0.21,0.0865,0.0864,0.2503,0.084,0.1035,0.1035,0.096,0.1313,0.1147,0.0885,0.1423,0.082,0.0866,0.0859,0.142,0.1391,0.0831,0.1053,0.1955,0.2275,0.4433,0.3592,0.2638,0.4578,0.0859,0.0855,1.0706,0.9745,1.0458,1.0404,0.9688,1.037,0.8786,0.9877,1.0387,0.7323,0.0862,0.0852,1.1147,0.8789,1.0526,0.8669,0.9523,0.9828,0.988,1.0394,1.0931,0.0858,0.0861,0.0862,1.0082,0.9878,1.0502,1.0452,0.9866,0.8134,1.0096,1.0514,1.0924,1.1327,0.0858,0.0866,0.0859,0.0856,0.0857,0.0866,0.0868,0.0859,0.0862,0.0855,0.085,0.087,0.0879
,11:09:16,42,0.0883,0.0875,0.0869,0.0867,0.0867,0.0862,0.0879,0.0871,0.0864,0.0858,0.0897,0.0869,0.0864,0.1591,0.4007,0.0996,0.3271,0.0998,0.0905,0.1234,0.0927,0.3736,0.2125,0.087,0.0871,0.2547,0.0842,0.1046,0.1046,0.0964,0.1337,0.1158,0.0886,0.1455,0.0829,0.0865,0.0866,0.1455,0.1426,0.0834,0.0993,0.198,0.2305,0.4484,0.3642,0.2677,0.4639,0.0861,0.0863,1.0716,0.976,1.05,1.0422,0.9708,1.0391,0.877,0.9879,1.0377,0.7316,0.0868,0.0858,1.1167,0.8852,1.0538,0.8671,0.9523,0.9823,0.9905,1.0407,1.0921,0.086,0.0864,0.0867,1.0092,0.9881,1.0512,1.0475,0.9871,0.8125,1.0096,1.0527,1.0935,1.1329,0.0864,0.0872,0.0866,0.0859,0.0868,0.087,0.0874,0.086,0.0866,0.0865,0.085,0.0875,0.0875
,11:14:16,42,0.0874,0.0873,0.0861,0.0875,0.0863,0.0867,0.0878,0.0876,0.0868,0.0858,0.0889,0.0869,0.0863,0.1611,0.4066,0.1007,0.3296,0.0998,0.0907,0.1251,0.0926,0.3781,0.2152,0.0869,0.0871,0.2586,0.0848,0.105,0.1045,0.097,0.1356,0.1164,0.0887,0.1474,0.0827,0.0871,0.0863,0.149,0.1445,0.0831,0.0993,0.2011,0.2335,0.4522,0.3698,0.2714,0.4696,0.0864,0.0865,1.0723,0.9756,1.0524,1.0426,0.9716,1.0406,0.8751,0.9885,1.0368,0.7303,0.0869,0.0857,1.1182,0.8918,1.0566,0.8657,0.9517,0.9829,0.9931,1.0421,1.0914,0.0863,0.086,0.0866,1.0114,0.9887,1.0511,1.0489,0.9864,0.8115,1.0102,1.0535,1.0952,1.132,0.0863,0.087,0.0868,0.086,0.0867,0.0875,0.0877,0.0863,0.0868,0.0864,0.0859,0.0877,0.0879
,11:19:16,42,0.0869,0.0872,0.0862,0.0863,0.0858,0.0859,0.0871,0.0867,0.0856,0.0857,0.0884,0.0868,0.0856,0.1632,0.4114,0.1007,0.3311,0.0998,0.0898,0.1262,0.0925,0.3811,0.217,0.0869,0.086,0.262,0.0838,0.1053,0.1045,0.0971,0.1372,0.1167,0.0884,0.1487,0.0823,0.0859,0.0861,0.1502,0.1461,0.0828,0.1056,0.2035,0.2355,0.4515,0.3755,0.2749,0.4689,0.0857,0.0858,1.0735,0.9759,1.0546,1.0431,0.9712,1.0408,0.8723,0.9889,1.0349,0.7275,0.0863,0.0854,1.1192,0.8965,1.0573,0.8649,0.9504,0.9821,0.9946,1.0428,1.0911,0.0852,0.0857,0.0861,1.0114,0.989,1.0498,1.0502,0.9868,0.8095,1.0105,1.0527,1.0963,1.1312,0.0857,0.0864,0.0862,0.0853,0.0859,0.0865,0.0871,0.0862,0.0854,0.0859,0.0853,0.0865,0.0873
,11:24:16,42,0.0879,0.0872,0.0869,0.0873,0.0868,0.087,0.0875,0.0876,0.0869,0.0861,0.0891,0.0867,0.0864,0.1659,0.4182,0.1017,0.3327,0.1015,0.0905,0.1287,0.0936,0.3867,0.2193,0.0876,0.0871,0.2659,0.0842,0.1067,0.1057,0.0987,0.1396,0.1178,0.0886,0.1514,0.0821,0.0866,0.0868,0.1534,0.1483,0.084,0.1003,0.2064,0.239,0.4513,0.3804,0.2789,0.4687,0.0865,0.0864,1.0745,0.9763,1.0572,1.0444,0.9719,1.0419,0.8709,0.9895,1.0342,0.7267,0.0865,0.0858,1.1215,0.9023,1.0586,0.8641,0.9495,0.9824,0.9975,1.044,1.0901,0.0857,0.0866,0.0867,1.0136,0.9885,1.052,1.0516,0.9873,0.8077,1.0119,1.0527,1.0984,1.1307,0.086,0.0868,0.0866,0.0854,0.086,0.0874,0.0873,0.0864,0.086,0.0865,0.0856,0.0874,0.0879
,11:29:16,42,0.0874,0.087,0.0854,0.0867,0.0861,0.0864,0.0869,0.0869,0.086,0.0858,0.0892,0.0866,0.086,0.168,0.424,0.1023,0.3343,0.1014,0.09,0.1293,0.0928,0.3904,0.2219,0.0865,0.0863,0.2702,0.0841,0.1073,0.1059,0.0984,0.141,0.1178,0.0886,0.1525,0.0821,0.0863,0.0861,0.1559,0.1504,0.0829,0.1071,0.2094,0.241,0.4502,0.3859,0.2815,0.468,0.0856,0.0862,1.0744,0.9758,1.0586,1.0447,0.9733,1.0432,0.8671,0.9891,1.0328,0.7237,0.0867,0.0853,1.1223,0.9082,1.0602,0.8635,0.9498,0.9827,0.9984,1.0438,1.0892,0.0855,0.0859,0.0862,1.0148,0.9889,1.0521,1.0527,0.9865,0.8062,1.012,1.0535,1.0995,1.1295,0.0858,0.0866,0.0862,0.0852,0.086,0.0862,0.0871,0.086,0.0862,0.0865,0.0844,0.0867,0.0871
,11:34:16,42,0.088,0.0868,0.0865,0.0872,0.086,0.0863,0.0869,0.0873,0.0865,0.0859,0.0889,0.0873,0.0865,0.1705,0.4301,0.1032,0.337,0.103,0.0907,0.1315,0.0933,0.395,0.224,0.0866,0.0863,0.2745,0.0837,0.1089,0.107,0.099,0.143,0.1184,0.0887,0.1549,0.0822,0.0865,0.086,0.1593,0.1535,0.0832,0.1016,0.2128,0.2441,0.4503,0.3908,0.2863,0.4686,0.086,0.0865,1.077,0.9759,1.0609,1.0459,0.9733,1.0443,0.8664,0.9911,1.0314,0.7233,0.0863,0.0856,1.1243,0.9128,1.0619,0.862,0.9499,0.9826,1.0008,1.046,1.089,0.0864,0.0864,0.0862,1.0147,0.9889,1.0522,1.0548,0.9862,0.8052,1.0126,1.0533,1.1009,1.1314,0.0867,0.087,0.0862,0.0855,0.0855,0.0872,0.0871,0.0862,0.0865,0.0859,0.0854,0.0873,0.0872
,11:39:16,42,0.0885,0.087,0.0862,0.0871,0.0859,0.0862,0.0875,0.0875,0.0867,0.0862,0.0893,0.0869,0.0867,0.1735,0.4361,0.105,0.3394,0.1037,0.0907,0.1334,0.0941,0.3991,0.2277,0.0871,0.0862,0.2779,0.0841,0.1099,0.108,0.1004,0.1459,0.1193,0.0888,0.1567,0.0824,0.087,0.0861,0.1629,0.156,0.0834,0.1024,0.2152,0.2466,0.4504,0.3958,0.2901,0.4682,0.0863,0.0868,1.0775,0.9753,1.063,1.0465,0.9735,1.046,0.8638,0.991,1.0319,0.7218,0.0871,0.0857,1.1258,0.9175,1.0635,0.8614,0.9497,0.9837,1.0034,1.0459,1.0886,0.0866,0.0862,0.0864,1.0154,0.9879,1.0515,1.0559,0.9864,0.8045,1.0131,1.0526,1.1014,1.1313,0.0871,0.0874,0.0868,0.0859,0.0862,0.0869,0.0872,0.0862,0.0861,0.0868,0.0851,0.0873,0.0877
,11:44:16,42,0.0875,0.0874,0.0859,0.0872,0.0867,0.0867,0.0872,0.0867,0.0866,0.0856,0.0894,0.087,0.0864,0.1764,0.4421,0.1057,0.3407,0.1044,0.0906,0.1353,0.0934,0.4041,0.2286,0.087,0.086,0.282,0.0843,0.1106,0.1082,0.1006,0.1483,0.1198,0.0892,0.1589,0.0829,0.0864,0.0866,0.1672,0.1598,0.0834,0.1043,0.2179,0.2489,0.4486,0.4007,0.2938,0.4685,0.0861,0.0858,1.0779,0.9759,1.064,1.0466,0.9724,1.0463,0.8608,0.9919,1.0284,0.7203,0.0868,0.0858,1.1268,0.9213,1.0642,0.8595,0.9494,0.9836,1.0051,1.0454,1.0868,0.0859,0.0866,0.0864,1.0155,0.9882,1.054,1.0571,0.9858,0.8028,1.0128,1.0534,1.1027,1.1314,0.0863,0.0865,0.0866,0.0852,0.0859,0.0873,0.0871,0.0865,0.0862,0.0865,0.0848,0.0869,0.0875
,11:49:16,42,0.0876,0.0873,0.0865,0.0867,0.0868,0.0863,0.0875,0.0869,0.0865,0.0858,0.089,0.0873,0.0864,0.1788,0.4479,0.1066,0.3429,0.1053,0.0906,0.1365,0.0938,0.4087,0.2319,0.0871,0.0862,0.2861,0.0845,0.1116,0.1097,0.101,0.1504,0.121,0.0891,0.1609,0.0824,0.0864,0.0863,0.1684,0.1615,0.0831,0.1038,0.2208,0.2518,0.448,0.4064,0.2964,0.4674,0.0862,0.0858,1.0771,0.9772,1.0673,1.047,0.9699,1.0462,0.8581,0.9925,1.0271,0.7177,0.0869,0.0859,1.128,0.9267,1.0662,0.8586,0.9487,0.9836,1.0072,1.0453,1.0863,0.0856,0.0859,0.0867,1.0157,0.9874,1.0541,1.0578,0.9852,0.8021,1.0123,1.0529,1.1036,1.1316,0.0858,0.0868,0.0871,0.0855,0.0857,0.0869,0.0876,0.0867,0.0857,0.0865,0.0854,0.0871,0.0881
,11:54:16,42,0.088,0.0868,0.0866,0.0869,0.086,0.0856,0.0875,0.0872,0.0863,0.0855,0.0896,0.0873,0.0865,0.1809,0.4535,0.1082,0.3446,0.106,0.0907,0.1385,0.0935,0.4135,0.2336,0.0868,0.0868,0.2897,0.0844,0.1133,0.1098,0.1021,0.1529,0.1216,0.0892,0.1624,0.0821,0.0867,0.0865,0.1728,0.1645,0.0831,0.1106,0.2238,0.2546,0.4477,0.4114,0.3012,0.4673,0.0862,0.0862,1.0781,0.9782,1.0692,1.0463,0.9704,1.0477,0.8562,0.9946,1.0273,0.7172,0.0866,0.0857,1.1278,0.9296,1.0663,0.8568,0.9487,0.984,1.0093,1.0457,1.0856,0.086,0.0858,0.0865,1.0153,0.9863,1.053,1.0593,0.983,0.8013,1.012,1.0508,1.1024,1.1308,0.0862,0.087,0.0867,0.0855,0.0858,0.0873,0.0868,0.0861,0.0863,0.086,0.0854,0.0872,0.0881
,11:59:16,42.1,0.0878,0.0872,0.0866,0.0873,0.0857,0.0864,0.0867,0.0868,0.0862,0.0855,0.0887,0.0867,0.0856,0.1839,0.4592,0.1088,0.3474,0.1067,0.0913,0.1403,0.0936,0.4183,0.2374,0.0863,0.086,0.2936,0.0843,0.1142,0.1113,0.1027,0.1551,0.122,0.0888,0.1639,0.0826,0.0861,0.0856,0.1763,0.1669,0.0829,0.1056,0.2266,0.2574,0.4475,0.4169,0.3036,0.4667,0.0863,0.0856,1.0775,0.9773,1.0718,1.0464,0.9684,1.0477,0.8528,0.9959,1.025,0.7139,0.0865,0.0856,1.128,0.9338,1.0663,0.8552,0.9481,0.9841,1.0113,1.045,1.0842,0.0858,0.0859,0.086,1.0157,0.9851,1.054,1.0599,0.9814,0.7983,1.0112,1.0508,1.1027,1.1316,0.0859,0.0868,0.0864,0.0853,0.0855,0.0869,0.0873,0.0862,0.0863,0.086,0.0853,0.0873,0.0878
,12:04:16,42,0.0876,0.0873,0.0863,0.0868,0.0862,0.086,0.0872,0.0875,0.0859,0.0856,0.0895,0.0869,0.0863,0.1864,0.4656,0.1102,0.3497,0.1082,0.0915,0.142,0.0946,0.4228,0.2387,0.087,0.0868,0.2984,0.084,0.1154,0.1119,0.1036,0.1582,0.1223,0.0894,0.1664,0.0821,0.0862,0.0866,0.1796,0.1689,0.0833,0.1062,0.2293,0.2611,0.4459,0.4228,0.3082,0.4662,0.0858,0.0865,1.076,0.9776,1.0757,1.0462,0.9662,1.0484,0.8508,0.9969,1.0241,0.7133,0.0866,0.0863,1.1272,0.9365,1.0678,0.8528,0.947,0.9845,1.0132,1.0454,1.0834,0.0862,0.0861,0.0863,1.0157,0.9849,1.054,1.0599,0.9803,0.797,1.0109,1.0488,1.102,1.1309,0.0858,0.0869,0.0864,0.086,0.0858,0.087,0.0875,0.0864,0.0858,0.0865,0.0852,0.087,0.0875
,12:09:16,42,0.0874,0.0872,0.0861,0.0872,0.0864,0.086,0.0869,0.087,0.0858,0.0856,0.0892,0.0867,0.0857,0.1892,0.4708,0.111,0.352,0.1095,0.0909,0.1443,0.0933,0.4276,0.2412,0.0865,0.0867,0.3014,0.0836,0.1162,0.1128,0.1044,0.1599,0.1232,0.0883,0.1659,0.0828,0.0865,0.0864,0.1848,0.173,0.0831,0.1099,0.2323,0.263,0.4464,0.4273,0.3115,0.4661,0.0857,0.0865,1.0749,0.9769,1.0789,1.0451,0.9648,1.0481,0.8483,0.9974,1.0224,0.7102,0.0864,0.0858,1.1268,0.9403,1.0661,0.8511,0.9465,0.985,1.014,1.0435,1.0829,0.0862,0.0859,0.0861,1.0157,0.9831,1.0554,1.0601,0.9799,0.7946,1.0105,1.0477,1.1023,1.1296,0.0863,0.0864,0.0868,0.0851,0.0861,0.0871,0.0871,0.0865,0.0861,0.0863,0.0852,0.0873,0.0871
,12:14:16,42,0.0877,0.0865,0.0859,0.0863,0.0861,0.086,0.0871,0.0863,0.0861,0.0856,0.0883,0.0864,0.0858,0.1915,0.4766,0.1123,0.3548,0.1102,0.0917,0.145,0.0944,0.4316,0.2438,0.0867,0.0858,0.305,0.0836,0.1169,0.1141,0.105,0.163,0.1233,0.0885,0.1686,0.082,0.0858,0.0858,0.185,0.1741,0.0827,0.1087,0.2346,0.2667,0.4443,0.4341,0.3154,0.4651,0.0856,0.0856,1.0737,0.9758,1.0813,1.0438,0.9632,1.0475,0.8453,0.9986,1.0211,0.7099,0.0861,0.0853,1.1244,0.9434,1.0663,0.8501,0.9453,0.9846,1.0154,1.0439,1.0801,0.0858,0.0854,0.0859,1.0152,0.9824,1.0552,1.0586,0.978,0.7932,1.0083,1.0468,1.1002,1.1297,0.0856,0.0866,0.086,0.085,0.086,0.0866,0.0872,0.0854,0.0858,0.0857,0.085,0.087,0.0877
,12:19:16,42,0.0879,0.087,0.0863,0.0869,0.0864,0.0863,0.0871,0.0873,0.0859,0.0854,0.0894,0.0869,0.0866,0.1941,0.4817,0.1138,0.3578,0.1118,0.0917,0.1474,0.0946,0.4337,0.2455,0.0868,0.0865,0.3096,0.0842,0.1189,0.115,0.1061,0.1658,0.1243,0.0886,0.1699,0.0826,0.0862,0.0864,0.1913,0.1777,0.0831,0.1158,0.2382,0.2695,0.4438,0.4392,0.3186,0.4651,0.0862,0.0859,1.0731,0.9747,1.0835,1.0439,0.9618,1.0487,0.8429,1,1.0203,0.7067,0.0869,0.0856,1.1236,0.9464,1.0669,0.8476,0.9449,0.9861,1.0176,1.0424,1.0814,0.0863,0.0859,0.0861,1.0142,0.9817,1.0564,1.0595,0.9781,0.7921,1.008,1.0457,1.1012,1.1294,0.0862,0.0867,0.0863,0.0854,0.086,0.0871,0.0873,0.0861,0.0861,0.0864,0.0852,0.0866,0.0875
,12:24:16,41.9,0.0872,0.0869,0.0864,0.0866,0.0856,0.0864,0.0866,0.0867,0.0865,0.0858,0.0888,0.0865,0.0859,0.1972,0.4808,0.1143,0.3609,0.113,0.0919,0.1493,0.0946,0.4321,0.247,0.0862,0.086,0.3142,0.084,0.1206,0.1167,0.1073,0.1685,0.1248,0.0889,0.1711,0.0821,0.0862,0.0863,0.1959,0.1802,0.0834,0.1092,0.2417,0.2702,0.4436,0.4445,0.3222,0.4653,0.0863,0.0862,1.072,0.973,1.0872,1.0435,0.96,1.0481,0.8409,1.0017,1.0191,0.7056,0.0863,0.0858,1.1238,0.9499,1.0665,0.8466,0.9443,0.9866,1.0193,1.0408,1.0803,0.0855,0.0859,0.0862,1.0145,0.9809,1.059,1.0602,0.9778,0.7897,1.0072,1.0451,1.1004,1.1291,0.0864,0.0867,0.086,0.0853,0.0855,0.087,0.0866,0.0858,0.0862,0.0861,0.0852,0.0877,0.0872
,12:29:16,42.1,0.0884,0.0876,0.0869,0.0867,0.0862,0.0863,0.0876,0.0872,0.0868,0.0862,0.089,0.0871,0.0867,0.1996,0.4809,0.1162,0.3649,0.1149,0.0924,0.1522,0.0958,0.4326,0.2499,0.0873,0.0868,0.3187,0.0843,0.1224,0.1188,0.1083,0.1724,0.1264,0.0893,0.1719,0.0824,0.0867,0.0861,0.2019,0.1841,0.0834,0.1134,0.2441,0.2741,0.4437,0.4511,0.3261,0.4655,0.0862,0.0867,1.0716,0.9726,1.0924,1.0442,0.9592,1.0492,0.839,1.0026,1.0185,0.704,0.0869,0.0861,1.1224,0.9532,1.067,0.8453,0.9432,0.9869,1.021,1.0403,1.0794,0.0865,0.0863,0.0864,1.0152,0.9799,1.0605,1.0601,0.9766,0.7888,1.0061,1.0452,1.1003,1.1288,0.0866,0.0869,0.0867,0.0859,0.0864,0.0873,0.0875,0.0864,0.0867,0.087,0.0851,0.0879,0.0877
,12:34:16,42,0.0883,0.0872,0.0865,0.0871,0.0866,0.0865,0.0874,0.0867,0.0868,0.0855,0.0896,0.0871,0.0857,0.2021,0.481,0.1174,0.3678,0.1161,0.0922,0.1532,0.0957,0.4314,0.2513,0.0869,0.0871,0.3227,0.0845,0.1242,0.1194,0.1098,0.1755,0.1268,0.0889,0.175,0.0829,0.0866,0.0861,0.2017,0.1864,0.0839,0.1199,0.2475,0.2769,0.4427,0.4548,0.3291,0.466,0.0865,0.0863,1.0697,0.9705,1.0943,1.0424,0.9561,1.0479,0.8362,1.0029,1.0172,0.7018,0.0865,0.0857,1.1215,0.956,1.0663,0.8444,0.941,0.9881,1.0223,1.0391,1.0785,0.0863,0.0866,0.0867,1.0143,0.9789,1.0612,1.0589,0.9756,0.787,1.0033,1.0438,1.0995,1.1288,0.0866,0.0872,0.0867,0.0858,0.086,0.0877,0.087,0.0862,0.0865,0.0868,0.0853,0.0873,0.088
,12:39:16,42,0.0875,0.087,0.0859,0.0864,0.0862,0.0855,0.0867,0.0864,0.0858,0.0854,0.0883,0.0868,0.0858,0.2042,0.4815,0.1182,0.3705,0.1172,0.0926,0.1553,0.0947,0.4297,0.2548,0.0869,0.0867,0.3268,0.0838,0.1248,0.1208,0.1102,0.1781,0.1271,0.0884,0.1762,0.0825,0.0866,0.0861,0.2058,0.1893,0.0835,0.1132,0.2496,0.2789,0.4413,0.4528,0.3316,0.4652,0.0861,0.086,1.069,0.9692,1.0978,1.0418,0.9544,1.0474,0.8337,1.0022,1.0148,0.6994,0.0866,0.0853,1.1206,0.9591,1.0653,0.8424,0.9398,0.9874,1.0232,1.0377,1.0779,0.086,0.086,0.0859,1.0132,0.9778,1.0605,1.0582,0.9734,0.7848,1.0017,1.0423,1.0987,1.1283,0.0863,0.0863,0.0867,0.0851,0.0856,0.0867,0.087,0.086,0.086,0.0859,0.085,0.087,0.0872
,12:44:16,42,0.0875,0.0868,0.0858,0.0863,0.0851,0.0859,0.0867,0.0866,0.0853,0.0855,0.0883,0.0864,0.0858,0.2074,0.4797,0.119,0.3721,0.1189,0.0924,0.1559,0.0955,0.4291,0.2586,0.0861,0.0864,0.3301,0.0838,0.1268,0.1224,0.1128,0.1812,0.1279,0.089,0.1786,0.0818,0.0862,0.0851,0.2044,0.1899,0.0826,0.117,0.2516,0.2807,0.4406,0.4509,0.3355,0.4646,0.0851,0.0858,1.0667,0.9673,1.1015,1.041,0.9524,1.0462,0.8304,1.002,1.0134,0.6967,0.0862,0.0852,1.1186,0.9619,1.0636,0.8406,0.937,0.9878,1.0235,1.036,1.0755,0.0851,0.0853,0.0859,1.013,0.9766,1.0604,1.0559,0.9712,0.7832,0.9994,1.0395,1.0969,1.1262,0.0854,0.0862,0.0857,0.0849,0.0855,0.0861,0.0865,0.0861,0.0854,0.0858,0.0846,0.0867,0.087
,12:49:16,42.1,0.0878,0.0867,0.0866,0.0873,0.0863,0.0867,0.0874,0.0872,0.0864,0.0857,0.0892,0.0869,0.0863,0.2098,0.4808,0.1218,0.3736,0.1208,0.0934,0.1594,0.0957,0.4285,0.2626,0.0875,0.0869,0.3354,0.0842,0.1285,0.1242,0.114,0.185,0.1296,0.0895,0.1808,0.0828,0.0861,0.0868,0.2101,0.1946,0.084,0.1165,0.2559,0.2846,0.4402,0.4511,0.3397,0.4648,0.0861,0.0861,1.0663,0.9663,1.1045,1.041,0.9507,1.0457,0.8282,1.0013,1.0127,0.6964,0.0867,0.0863,1.1185,0.9656,1.0637,0.8393,0.9357,0.9881,1.0258,1.0357,1.0763,0.0862,0.086,0.0865,1.0124,0.9759,1.0626,1.0565,0.9713,0.7828,0.9991,1.0402,1.0981,1.1271,0.0861,0.0869,0.0867,0.0853,0.0859,0.0868,0.0875,0.0863,0.0863,0.086,0.085,0.0869,0.0878
,12:54:16,42.1,0.0878,0.0871,0.086,0.0864,0.0862,0.0862,0.087,0.0867,0.086,0.0858,0.0886,0.0868,0.0858,0.2122,0.48,0.1232,0.3746,0.1288,0.0929,0.1605,0.0955,0.4269,0.2632,0.0864,0.0866,0.3396,0.0837,0.1306,0.1256,0.1141,0.1882,0.1301,0.0889,0.1818,0.082,0.0865,0.0862,0.2113,0.1973,0.0833,0.1191,0.2578,0.2853,0.4399,0.4503,0.3415,0.4644,0.0859,0.0859,1.0654,0.9642,1.1071,1.0404,0.9491,1.0462,0.8265,1.0012,1.0118,0.6941,0.0862,0.0852,1.1162,0.9678,1.0624,0.8378,0.9338,0.9879,1.0275,1.0336,1.0751,0.0854,0.0858,0.0864,1.0116,0.9747,1.0629,1.0559,0.9697,0.7814,0.9967,1.0388,1.0969,1.1266,0.086,0.0863,0.0862,0.0853,0.0858,0.0869,0.0867,0.0862,0.0864,0.0859,0.0844,0.0869,0.0872
,12:59:16,42,0.0869,0.0865,0.086,0.0863,0.0857,0.0861,0.0868,0.0864,0.0864,0.0854,0.0883,0.0868,0.0858,0.2155,0.481,0.1235,0.375,0.1239,0.0936,0.1627,0.0965,0.4255,0.2634,0.087,0.0858,0.3436,0.0839,0.132,0.1271,0.1169,0.1908,0.131,0.0889,0.185,0.0822,0.0863,0.0856,0.2183,0.2004,0.0828,0.1229,0.2607,0.2877,0.439,0.4498,0.346,0.4643,0.086,0.0862,1.0638,0.9622,1.1093,1.0401,0.9471,1.045,0.8233,0.9989,1.0106,0.6919,0.0861,0.0854,1.1152,0.9701,1.062,0.8369,0.9311,0.9887,1.0282,1.0321,1.0746,0.0856,0.0857,0.0858,1.0102,0.9728,1.0626,1.0548,0.9684,0.7797,0.9956,1.0378,1.0954,1.1257,0.0862,0.0863,0.0859,0.0849,0.0856,0.0865,0.0865,0.0863,0.0856,0.0857,0.0848,0.0871,0.0875
,13:04:16,42,0.0875,0.0871,0.0864,0.087,0.0862,0.0855,0.0876,0.0866,0.0859,0.0852,0.0889,0.0866,0.0858,0.2187,0.4802,0.125,0.3773,0.1269,0.0944,0.1646,0.097,0.4255,0.2619,0.0867,0.0864,0.3488,0.0841,0.1346,0.1292,0.1181,0.1948,0.1315,0.0889,0.1865,0.0824,0.0861,0.0861,0.22,0.201,0.0835,0.1228,0.2638,0.2906,0.4384,0.4491,0.3497,0.4638,0.0864,0.0855,1.0629,0.9607,1.1102,1.0393,0.9453,1.0444,0.82,0.9981,1.01,0.69,0.0863,0.0852,1.1143,0.9754,1.0614,0.8344,0.9299,0.9875,1.0299,1.0314,1.0739,0.0857,0.0859,0.086,1.01,0.9718,1.0624,1.0544,0.9663,0.7791,0.9941,1.0363,1.094,1.1254,0.0861,0.0864,0.0862,0.0856,0.0861,0.0867,0.0869,0.0862,0.0856,0.0859,0.0851,0.0871,0.0874
,13:09:16,42.1,0.088,0.0868,0.0861,0.0868,0.0855,0.086,0.0873,0.0871,0.0855,0.0857,0.0888,0.0869,0.086,0.2209,0.4797,0.1278,0.3795,0.1279,0.0942,0.1671,0.0963,0.4248,0.2659,0.0869,0.0865,0.3526,0.0843,0.1361,0.1316,0.1189,0.1979,0.1325,0.089,0.1875,0.0822,0.0866,0.0859,0.2242,0.205,0.0832,0.1249,0.2667,0.2915,0.4381,0.4498,0.3541,0.4642,0.0855,0.0854,1.0615,0.9597,1.1111,1.0385,0.944,1.0436,0.8189,0.9984,1.0083,0.689,0.0867,0.0854,1.1137,0.9811,1.0598,0.8346,0.9287,0.987,1.0309,1.0305,1.0727,0.0857,0.0859,0.0865,1.0092,0.9708,1.0643,1.054,0.9656,0.7787,0.9931,1.0357,1.0943,1.125,0.086,0.0867,0.0863,0.0856,0.0861,0.0867,0.0869,0.0862,0.0859,0.0859,0.0846,0.087,0.0873
,13:14:16,42,0.0872,0.0867,0.0863,0.0872,0.0854,0.0856,0.0871,0.0866,0.086,0.0858,0.0891,0.0862,0.0859,0.2233,0.4792,0.1287,0.382,0.1303,0.0941,0.1689,0.0973,0.4228,0.2697,0.0862,0.0866,0.3572,0.0838,0.1382,0.1337,0.1199,0.2016,0.1335,0.089,0.1887,0.0825,0.0864,0.0862,0.2294,0.2068,0.0834,0.1292,0.2688,0.2942,0.4371,0.4482,0.3586,0.4641,0.086,0.086,1.0606,0.9581,1.1133,1.0371,0.9423,1.043,0.8164,0.9969,1.007,0.6864,0.0863,0.0856,1.1122,0.9824,1.0582,0.8332,0.9256,0.9862,1.0328,1.0283,1.0723,0.0853,0.086,0.0862,1.009,0.969,1.0647,1.0528,0.9639,0.7765,0.9911,1.0351,1.0934,1.1246,0.0857,0.0865,0.0863,0.0849,0.0854,0.0865,0.0866,0.0866,0.0856,0.0863,0.0848,0.0868,0.087
,13:19:16,42,0.0878,0.0867,0.0856,0.0867,0.0858,0.086,0.0874,0.0867,0.0857,0.0851,0.0885,0.0862,0.0861,0.227,0.4789,0.1314,0.3842,0.1318,0.0948,0.1706,0.0961,0.4228,0.2762,0.0862,0.0869,0.3622,0.0836,0.1399,0.1352,0.1221,0.2045,0.1338,0.0894,0.1913,0.0827,0.0867,0.0858,0.2338,0.21,0.0829,0.1278,0.2718,0.2957,0.4364,0.4478,0.3618,0.4636,0.086,0.086,1.0594,0.9569,1.1139,1.0364,0.9406,1.0412,0.8133,0.9947,1.0064,0.6842,0.0865,0.0854,1.1109,0.9847,1.0574,0.8315,0.9238,0.985,1.0346,1.0262,1.0714,0.0856,0.0859,0.0861,1.0083,0.9672,1.0643,1.0516,0.9627,0.7745,0.9898,1.0328,1.0934,1.1244,0.086,0.0869,0.0862,0.0851,0.0858,0.0872,0.0869,0.0858,0.0854,0.0861,0.0852,0.0865,0.0874
,13:24:16,42,0.0872,0.0872,0.0863,0.0868,0.0859,0.0861,0.0873,0.0871,0.0862,0.0862,0.0892,0.0868,0.0866,0.2304,0.4798,0.1326,0.3877,0.1346,0.0958,0.1728,0.0974,0.4223,0.2829,0.0872,0.0871,0.3674,0.0845,0.1424,0.139,0.1251,0.2082,0.1351,0.0899,0.1933,0.0829,0.0868,0.0861,0.2385,0.2133,0.0831,0.13,0.2745,0.2994,0.4356,0.4477,0.3661,0.464,0.0859,0.0862,1.0584,0.9554,1.1147,1.0362,0.9392,1.0415,0.8127,0.9945,1.0048,0.6826,0.0865,0.0854,1.1109,0.9874,1.0567,0.831,0.9213,0.9857,1.0354,1.0263,1.0711,0.0858,0.0864,0.0867,1.0083,0.9665,1.065,1.0518,0.9615,0.7756,0.9887,1.0333,1.0935,1.1246,0.0861,0.0865,0.0865,0.0853,0.0865,0.0873,0.087,0.0861,0.086,0.0866,0.0853,0.0876,0.0876
,13:29:16,42,0.0874,0.0875,0.0863,0.0873,0.086,0.0867,0.0875,0.0872,0.0864,0.0858,0.0896,0.0873,0.0866,0.2325,0.4803,0.1337,0.3908,0.1367,0.0961,0.1749,0.0987,0.421,0.2861,0.0875,0.0872,0.3723,0.0842,0.1444,0.1407,0.1253,0.2128,0.1374,0.0902,0.1959,0.0826,0.0869,0.0863,0.2428,0.2166,0.0831,0.1337,0.2772,0.3009,0.436,0.4479,0.3705,0.4641,0.0864,0.0867,1.0575,0.9544,1.116,1.0362,0.9384,1.0395,0.809,0.9938,1.0043,0.6808,0.0872,0.0864,1.1095,0.9899,1.0554,0.8311,0.92,0.9842,1.0373,1.0247,1.0701,0.0861,0.0862,0.0866,1.0078,0.9651,1.0661,1.0512,0.9608,0.7742,0.9876,1.0327,1.0932,1.1239,0.0865,0.0872,0.0871,0.0859,0.0862,0.0877,0.0875,0.0866,0.0866,0.0864,0.0851,0.0877,0.0878
,13:34:16,42,0.0878,0.0867,0.0862,0.0872,0.0863,0.0861,0.087,0.0869,0.086,0.0856,0.0888,0.0866,0.0861,0.2358,0.4813,0.1355,0.3925,0.1392,0.0958,0.1768,0.0972,0.4206,0.2917,0.0868,0.0871,0.3773,0.0843,0.1468,0.1431,0.1272,0.2155,0.1366,0.09,0.1969,0.0822,0.0869,0.0865,0.2458,0.2187,0.083,0.1316,0.2806,0.3035,0.4348,0.447,0.3745,0.4634,0.0858,0.0862,1.0568,0.9529,1.1152,1.0346,0.9357,1.0387,0.807,0.9911,1.0031,0.6787,0.0867,0.0858,1.1085,0.9901,1.0545,0.8289,0.918,0.9827,1.0377,1.0239,1.0696,0.0864,0.0858,0.0864,1.0072,0.9632,1.0667,1.0508,0.9594,0.7739,0.9864,1.0325,1.0928,1.1239,0.086,0.0869,0.0873,0.0854,0.0859,0.0869,0.0875,0.0868,0.0863,0.0861,0.0856,0.087,0.0871
,13:39:16,42,0.0873,0.0872,0.0857,0.0869,0.0861,0.0859,0.0871,0.0865,0.0859,0.0856,0.0887,0.0864,0.0857,0.2376,0.4821,0.1372,0.3935,0.1404,0.0963,0.1782,0.0976,0.4195,0.2946,0.0864,0.0858,0.3812,0.0845,0.1493,0.1458,0.1282,0.2193,0.1373,0.0901,0.1989,0.0824,0.0861,0.0859,0.247,0.2215,0.0834,0.1348,0.2819,0.3038,0.4335,0.4473,0.3784,0.4628,0.0863,0.086,1.0546,0.9508,1.1154,1.0339,0.9344,1.0371,0.8038,0.99,1.0012,0.6767,0.0865,0.086,1.1073,0.9906,1.0531,0.8269,0.9165,0.9815,1.0391,1.0213,1.0672,0.0856,0.0859,0.0863,1.0063,0.9618,1.0679,1.0504,0.9576,0.7723,0.9844,1.031,1.0917,1.1233,0.0861,0.0863,0.086,0.0848,0.086,0.087,0.0874,0.0862,0.0855,0.0859,0.0851,0.0871,0.0874
,13:44:16,42,0.0878,0.0873,0.0864,0.0867,0.0868,0.0863,0.0871,0.0871,0.0864,0.086,0.0891,0.0875,0.0867,0.2415,0.4838,0.1394,0.3952,0.1434,0.0981,0.1809,0.0972,0.4191,0.2999,0.0871,0.087,0.3867,0.0845,0.1518,0.1486,0.1295,0.2238,0.1396,0.09,0.2011,0.0834,0.0866,0.0867,0.253,0.2254,0.0837,0.1366,0.2853,0.3073,0.4335,0.4477,0.3838,0.463,0.0862,0.0859,1.0555,0.9503,1.115,1.0335,0.9333,1.037,0.8019,0.9896,1.002,0.6753,0.0871,0.0859,1.1071,0.9927,1.0526,0.8277,0.9146,0.9814,1.0407,1.0212,1.0671,0.0861,0.0867,0.0865,1.0058,0.9608,1.0687,1.0496,0.9559,0.7728,0.9829,1.0305,1.0911,1.1227,0.0861,0.0872,0.0869,0.086,0.0867,0.0867,0.0871,0.0866,0.0866,0.0868,0.0852,0.0878,0.088
,13:49:16,42,0.0873,0.087,0.086,0.0866,0.0863,0.0864,0.0868,0.0866,0.0865,0.0859,0.0893,0.0862,0.0864,0.2438,0.4844,0.1398,0.3968,0.1458,0.0973,0.1822,0.0983,0.4178,0.3038,0.0865,0.0859,0.3908,0.0842,0.1534,0.1513,0.132,0.2263,0.1394,0.0892,0.2023,0.0817,0.0862,0.0863,0.256,0.2274,0.0833,0.1375,0.2875,0.3087,0.4328,0.4477,0.3881,0.4622,0.0858,0.0862,1.0529,0.9483,1.1147,1.0325,0.9317,1.0343,0.7994,0.987,0.9984,0.6723,0.0863,0.0854,1.1045,0.9933,1.0516,0.8255,0.9121,0.9804,1.0422,1.0194,1.0665,0.0863,0.0857,0.0865,1.0039,0.9596,1.0669,1.0483,0.9544,0.7715,0.9808,1.0283,1.0899,1.1224,0.0856,0.0867,0.0867,0.0856,0.0863,0.0869,0.0872,0.0864,0.0866,0.0862,0.0853,0.087,0.0877
,13:54:16,42,0.088,0.0873,0.0863,0.087,0.0864,0.0865,0.0873,0.0872,0.0866,0.0858,0.0893,0.0872,0.0863,0.2471,0.4856,0.142,0.3988,0.1483,0.0979,0.1842,0.1004,0.4179,0.3061,0.087,0.0867,0.3966,0.0844,0.1566,0.1545,0.1344,0.2306,0.1406,0.0902,0.2055,0.083,0.0867,0.0868,0.2609,0.2302,0.0834,0.1417,0.2907,0.3105,0.4326,0.4488,0.3939,0.4622,0.0863,0.0864,1.0532,0.9466,1.1139,1.0322,0.9306,1.0345,0.7971,0.9871,0.9986,0.6702,0.0867,0.0862,1.1048,0.9933,1.051,0.825,0.91,0.9791,1.0449,1.0181,1.0656,0.086,0.0858,0.0865,1.0051,0.9577,1.0664,1.0485,0.9535,0.7707,0.9793,1.0276,1.0892,1.1226,0.0864,0.0869,0.0866,0.0856,0.0858,0.0875,0.0872,0.087,0.0858,0.0862,0.0853,0.0872,0.0876
,13:59:16,42.1,0.0879,0.0876,0.0866,0.0869,0.0861,0.086,0.0872,0.0872,0.0862,0.0861,0.0892,0.0866,0.0864,0.251,0.4857,0.1439,0.4001,0.1512,0.0988,0.1868,0.0987,0.4165,0.3092,0.0867,0.087,0.4021,0.0848,0.1583,0.157,0.1353,0.2344,0.1427,0.0901,0.2058,0.0824,0.0866,0.0862,0.2638,0.2337,0.0833,0.1441,0.2932,0.3137,0.4322,0.4475,0.3976,0.4618,0.0863,0.0857,1.0517,0.9455,1.115,1.0309,0.9295,1.0337,0.7945,0.9856,0.9979,0.669,0.0867,0.086,1.1027,0.9929,1.0492,0.8238,0.9089,0.9778,1.0468,1.0167,1.0659,0.0859,0.0859,0.0867,1.0047,0.9563,1.0667,1.0478,0.9519,0.7706,0.9784,1.027,1.0881,1.1217,0.0869,0.0864,0.0865,0.0863,0.0863,0.0869,0.0875,0.0865,0.0863,0.0866,0.0852,0.0874,0.0878
,14:04:16,42,0.0882,0.0876,0.086,0.0874,0.0862,0.0859,0.0874,0.087,0.0865,0.0858,0.0894,0.0867,0.0862,0.253,0.4858,0.1429,0.402,0.1538,0.0993,0.1882,0.0996,0.4167,0.3124,0.0875,0.0867,0.4075,0.085,0.1611,0.1606,0.1374,0.2387,0.1431,0.0901,0.208,0.0829,0.0868,0.0864,0.2686,0.2368,0.0835,0.1483,0.2954,0.3155,0.4313,0.4477,0.4027,0.4622,0.0865,0.0865,1.0509,0.9444,1.1146,1.031,0.9279,1.0329,0.7932,0.9844,0.9959,0.6665,0.087,0.0862,1.1025,0.9937,1.0491,0.8234,0.9073,0.9776,1.0499,1.0156,1.0645,0.0861,0.0864,0.087,1.0037,0.9561,1.0659,1.0469,0.9503,0.7691,0.9781,1.0268,1.0894,1.1212,0.0867,0.0866,0.0865,0.0861,0.0865,0.0874,0.0875,0.0869,0.0861,0.0864,0.0854,0.0874,0.0875
,14:09:16,42,0.0873,0.0872,0.0863,0.0864,0.0863,0.0858,0.087,0.0869,0.0858,0.0858,0.0895,0.0863,0.0864,0.2558,0.486,0.1476,0.4037,0.1554,0.0994,0.1902,0.1004,0.4156,0.3168,0.0867,0.0864,0.4117,0.0848,0.1636,0.1629,0.1365,0.242,0.1439,0.0899,0.2095,0.0827,0.0861,0.0864,0.2718,0.2396,0.0832,0.1477,0.2977,0.3165,0.4304,0.4467,0.4072,0.4607,0.0862,0.086,1.05,0.9426,1.1152,1.0295,0.925,1.0317,0.79,0.9843,0.9942,0.6637,0.0864,0.0859,1.1008,0.9934,1.0471,0.8215,0.9049,0.9763,1.0514,1.0139,1.0625,0.0857,0.0858,0.0866,1.0028,0.955,1.0633,1.0464,0.9489,0.769,0.9757,1.0248,1.0875,1.121,0.0857,0.0863,0.0862,0.0855,0.0857,0.0873,0.0874,0.0861,0.0862,0.0862,0.0851,0.0871,0.0875
,14:14:16,42,0.0877,0.0874,0.0858,0.087,0.086,0.0867,0.0876,0.0872,0.0862,0.0857,0.0892,0.0864,0.0863,0.2595,0.4868,0.148,0.4023,0.1588,0.1006,0.1925,0.0994,0.4152,0.3233,0.0865,0.0862,0.4179,0.0843,0.1663,0.1657,0.1397,0.2457,0.1448,0.0903,0.2105,0.0829,0.0861,0.0862,0.2774,0.2425,0.0832,0.1494,0.3004,0.3191,0.4302,0.4469,0.4128,0.4613,0.0861,0.0865,1.0493,0.9413,1.1148,1.0284,0.9234,1.0299,0.7882,0.983,0.9935,0.6627,0.0865,0.0858,1.1003,0.9932,1.0466,0.8202,0.9036,0.9764,1.0542,1.0133,1.0626,0.0859,0.0856,0.0867,1.0024,0.9556,1.0628,1.0454,0.9462,0.7679,0.9741,1.0242,1.0879,1.1205,0.0866,0.0865,0.0863,0.0859,0.086,0.087,0.0871,0.0864,0.0859,0.0867,0.085,0.0866,0.0873
,14:19:16,42,0.0877,0.0865,0.086,0.0866,0.0855,0.0861,0.087,0.0868,0.0859,0.0858,0.0886,0.087,0.0865,0.2622,0.4868,0.1494,0.4005,0.1612,0.101,0.1941,0.1017,0.4136,0.3304,0.0864,0.0867,0.4225,0.0841,0.1683,0.1694,0.1419,0.2494,0.1455,0.0899,0.2133,0.0826,0.0864,0.0865,0.2818,0.2454,0.0829,0.1519,0.3028,0.3205,0.4288,0.4454,0.4185,0.4608,0.0863,0.086,1.0485,0.9403,1.1138,1.0282,0.9223,1.0282,0.7846,0.9821,0.9929,0.6604,0.0869,0.0853,1.0998,0.9921,1.0447,0.8186,0.9006,0.9751,1.0553,1.0114,1.0608,0.0859,0.086,0.0861,1.0017,0.9541,1.0612,1.044,0.945,0.767,0.9732,1.023,1.0874,1.1198,0.0864,0.0866,0.0867,0.0858,0.0859,0.0865,0.0869,0.0864,0.0866,0.0857,0.0851,0.0873,0.0875
,14:24:16,42.1,0.0879,0.0872,0.0862,0.0871,0.0861,0.0859,0.0871,0.0868,0.0868,0.0859,0.0896,0.087,0.086,0.2651,0.4875,0.1508,0.4,0.1639,0.1016,0.1968,0.1009,0.4139,0.3372,0.0876,0.0866,0.4272,0.0845,0.1716,0.1731,0.1434,0.2529,0.147,0.0907,0.2145,0.083,0.0865,0.0861,0.2862,0.2481,0.0838,0.1552,0.3061,0.3227,0.4292,0.446,0.4241,0.4603,0.0861,0.0862,1.0488,0.9393,1.1136,1.0272,0.9213,1.028,0.7843,0.9822,0.9934,0.6582,0.0866,0.0859,1.0993,0.9922,1.0442,0.8185,0.8998,0.9742,1.0562,1.0095,1.0605,0.0862,0.0865,0.0864,1.001,0.9534,1.0614,1.0446,0.9447,0.7671,0.9718,1.0225,1.0882,1.1195,0.0867,0.0868,0.0865,0.0855,0.0866,0.0869,0.0868,0.0866,0.0866,0.0862,0.085,0.0872,0.0873
,14:29:16,42.1,0.0876,0.0867,0.0858,0.0869,0.0862,0.0863,0.0874,0.0865,0.0858,0.0856,0.089,0.0864,0.086,0.2678,0.488,0.1515,0.3982,0.1661,0.1026,0.1979,0.1015,0.4122,0.3356,0.0868,0.0866,0.4328,0.0841,0.1737,0.1758,0.1453,0.2569,0.1477,0.09,0.2171,0.0821,0.0865,0.0858,0.2909,0.2508,0.0833,0.1564,0.3075,0.324,0.4279,0.4452,0.4291,0.46,0.0858,0.0861,1.0474,0.9382,1.1133,1.0266,0.9189,1.0267,0.7817,0.9802,0.9915,0.6562,0.0864,0.0858,1.0975,0.9915,1.0428,0.8173,0.8986,0.9724,1.0558,1.0075,1.0599,0.0859,0.0858,0.0865,1.0005,0.9522,1.0604,1.0438,0.9423,0.7664,0.9696,1.0204,1.0862,1.1186,0.0864,0.0867,0.087,0.0852,0.0858,0.0871,0.0871,0.0858,0.0859,0.0859,0.0848,0.0867,0.0873
,14:34:16,42,0.0878,0.0869,0.0863,0.0869,0.0864,0.0862,0.0875,0.0873,0.0863,0.0858,0.089,0.0874,0.0862,0.2716,0.4889,0.1533,0.3974,0.171,0.1033,0.2006,0.1019,0.4124,0.3345,0.0872,0.087,0.4386,0.0846,0.1775,0.1792,0.1469,0.2607,0.1493,0.0906,0.2182,0.0823,0.0863,0.0866,0.2968,0.2546,0.0838,0.1599,0.3101,0.3247,0.4274,0.4453,0.4349,0.4601,0.0866,0.0866,1.0462,0.937,1.1156,1.0262,0.9182,1.026,0.779,0.9798,0.9905,0.6537,0.0868,0.0857,1.0979,0.9908,1.0416,0.8161,0.8964,0.9717,1.0564,1.0072,1.059,0.086,0.0865,0.0864,1.0005,0.9515,1.0604,1.0426,0.9414,0.7662,0.9692,1.0198,1.0867,1.1194,0.0864,0.0869,0.0863,0.0856,0.0864,0.0868,0.0878,0.086,0.0863,0.0867,0.0856,0.0875,0.0877
,14:39:16,42,0.0879,0.0877,0.0864,0.0868,0.0863,0.0866,0.0871,0.087,0.0867,0.0856,0.0893,0.0867,0.0861,0.2746,0.4883,0.1548,0.3962,0.1724,0.1032,0.2026,0.1019,0.4114,0.3363,0.0873,0.0869,0.4439,0.0845,0.18,0.1827,0.149,0.2649,0.1504,0.0906,0.2208,0.0825,0.0866,0.0866,0.3005,0.2575,0.0838,0.1616,0.3126,0.3278,0.4272,0.4445,0.4416,0.4597,0.0866,0.0863,1.0466,0.9353,1.113,1.0252,0.916,1.0254,0.7766,0.9796,0.9903,0.652,0.0867,0.0856,1.0969,0.9904,1.0423,0.8152,0.8948,0.9714,1.054,1.0049,1.0587,0.0858,0.0866,0.0868,0.9996,0.95,1.0575,1.0432,0.9402,0.7659,0.967,1.0193,1.0857,1.1183,0.0863,0.0874,0.0868,0.0854,0.0864,0.087,0.0876,0.0864,0.0864,0.0864,0.0854,0.0873,0.0877
,14:44:16,42,0.0875,0.0869,0.0858,0.0871,0.0856,0.0864,0.0868,0.0872,0.0862,0.0857,0.0894,0.0869,0.0859,0.2778,0.4886,0.1559,0.395,0.1742,0.1043,0.2046,0.1036,0.411,0.3352,0.0867,0.0862,0.4447,0.0841,0.1828,0.1863,0.1495,0.2686,0.1509,0.0905,0.223,0.0821,0.087,0.0864,0.3049,0.2602,0.0835,0.1637,0.3151,0.3296,0.4266,0.444,0.4436,0.4587,0.0857,0.0858,1.0449,0.9339,1.1131,1.025,0.9138,1.0244,0.775,0.9782,0.9883,0.6512,0.0862,0.0856,1.0965,0.9885,1.0406,0.8137,0.8937,0.9699,1.0525,1.0042,1.0574,0.0859,0.0859,0.0863,0.9997,0.9481,1.058,1.0416,0.9377,0.7644,0.9659,1.0187,1.0864,1.119,0.0859,0.0865,0.0868,0.0853,0.0857,0.0869,0.0867,0.0864,0.0858,0.0857,0.085,0.0874,0.0872
,14:49:16,42,0.0877,0.0872,0.0867,0.0871,0.0867,0.0862,0.088,0.0876,0.0867,0.0864,0.0892,0.0873,0.0861,0.281,0.488,0.1568,0.3946,0.177,0.1047,0.2068,0.1028,0.4109,0.3352,0.0868,0.0865,0.4464,0.0848,0.1863,0.1895,0.1511,0.2723,0.1526,0.0907,0.2241,0.0829,0.0866,0.087,0.3101,0.2637,0.0834,0.1628,0.3172,0.3311,0.4267,0.4435,0.4447,0.4597,0.0865,0.0864,1.0442,0.9329,1.1128,1.025,0.9127,1.0229,0.7723,0.9787,0.9881,0.6487,0.0872,0.0859,1.0968,0.9884,1.0402,0.8137,0.8914,0.9692,1.0515,1.0039,1.0572,0.0858,0.0865,0.0869,0.9991,0.9468,1.0583,1.0419,0.9375,0.7645,0.9661,1.0195,1.0856,1.1186,0.0868,0.087,0.0866,0.0856,0.0864,0.0875,0.0876,0.0863,0.0869,0.0864,0.0855,0.0878,0.0884
,14:54:16,42,0.0883,0.0872,0.0865,0.087,0.0865,0.0861,0.0875,0.0873,0.0866,0.0862,0.0895,0.0871,0.0862,0.2844,0.4889,0.1578,0.3933,0.1808,0.1052,0.209,0.103,0.4096,0.3335,0.0876,0.0875,0.4456,0.0851,0.1895,0.1937,0.1537,0.2763,0.1541,0.0913,0.2274,0.0829,0.0869,0.0871,0.3149,0.2666,0.0837,0.166,0.3194,0.3336,0.4261,0.4429,0.4467,0.4589,0.086,0.0864,1.0443,0.932,1.1116,1.0246,0.9115,1.0218,0.7705,0.9772,0.9867,0.6466,0.0868,0.0861,1.0945,0.9887,1.0398,0.8118,0.8905,0.9683,1.0498,1.0021,1.0562,0.0856,0.0862,0.0872,0.9983,0.9466,1.0569,1.0411,0.9366,0.7639,0.966,1.0181,1.0856,1.1177,0.0867,0.087,0.087,0.0859,0.0865,0.0874,0.0875,0.0869,0.0868,0.0868,0.0856,0.0872,0.0877
,14:59:16,42,0.0882,0.0874,0.0862,0.0875,0.086,0.0866,0.0877,0.0871,0.0862,0.0864,0.0896,0.087,0.0865,0.2878,0.4887,0.159,0.3913,0.1861,0.1065,0.2102,0.1055,0.4094,0.3347,0.0872,0.0865,0.4457,0.0852,0.1921,0.1968,0.1555,0.2811,0.155,0.0916,0.2304,0.0824,0.0868,0.0864,0.3191,0.2696,0.0837,0.1716,0.3215,0.335,0.4263,0.4428,0.4494,0.4586,0.0868,0.0866,1.0424,0.931,1.1118,1.0236,0.9092,1.0213,0.7684,0.9755,0.9855,0.6455,0.0874,0.0857,1.0939,0.988,1.0381,0.8114,0.8877,0.9666,1.0474,1.0001,1.0557,0.0863,0.0869,0.0875,0.9982,0.9462,1.0564,1.0392,0.9351,0.7636,0.9638,1.0155,1.0841,1.1173,0.0865,0.087,0.0871,0.0858,0.0863,0.0873,0.0881,0.0865,0.0865,0.0868,0.0858,0.0874,0.0879
,15:04:16,42.1,0.0875,0.087,0.0861,0.0865,0.0863,0.0863,0.0871,0.0869,0.0861,0.0864,0.0887,0.087,0.0863,0.29,0.4883,0.1601,0.3904,0.1862,0.1071,0.2126,0.1036,0.4083,0.3334,0.0869,0.0866,0.4457,0.0849,0.1957,0.2004,0.1559,0.2843,0.1559,0.0912,0.2307,0.0825,0.0866,0.0861,0.3239,0.2726,0.0835,0.1712,0.3238,0.3361,0.4259,0.4414,0.4514,0.458,0.0866,0.0862,1.0417,0.9287,1.1099,1.0227,0.9063,1.0197,0.7667,0.9757,0.9843,0.6438,0.0866,0.0856,1.0932,0.9875,1.0383,0.8091,0.8871,0.9661,1.047,0.9992,1.0551,0.0864,0.0858,0.0864,0.9979,0.944,1.0549,1.0399,0.9341,0.7633,0.9627,1.0174,1.0852,1.1176,0.0863,0.087,0.0866,0.0854,0.0865,0.0873,0.0866,0.0864,0.0861,0.0865,0.0851,0.0871,0.0875
,15:09:16,42,0.0878,0.0874,0.0861,0.0867,0.0864,0.086,0.0869,0.0869,0.0859,0.0863,0.0894,0.0873,0.086,0.2938,0.4873,0.1609,0.3897,0.1885,0.1076,0.2143,0.1034,0.4075,0.3332,0.0866,0.0869,0.4453,0.0853,0.1986,0.2036,0.1579,0.288,0.1582,0.0909,0.2334,0.0821,0.0869,0.0866,0.3298,0.2756,0.0836,0.1736,0.3264,0.3378,0.4255,0.4422,0.4527,0.4579,0.0859,0.0863,1.0402,0.9278,1.1099,1.0217,0.9054,1.0194,0.7639,0.9744,0.9836,0.6406,0.0861,0.0862,1.0932,0.9856,1.0373,0.808,0.8845,0.9658,1.0459,0.9975,1.0557,0.086,0.086,0.0864,0.9975,0.9429,1.0534,1.0387,0.9324,0.7627,0.9617,1.016,1.0848,1.1173,0.0861,0.0867,0.0866,0.0858,0.0861,0.0873,0.0874,0.0862,0.086,0.0862,0.0852,0.087,0.0875
,15:14:16,42,0.0871,0.0865,0.0853,0.0864,0.0858,0.0856,0.087,0.0862,0.0855,0.0852,0.0888,0.0866,0.0855,0.2967,0.4871,0.1612,0.3874,0.1906,0.1082,0.2161,0.1065,0.4067,0.3313,0.0867,0.0863,0.4441,0.0844,0.2018,0.2066,0.1597,0.2916,0.1578,0.0907,0.2349,0.0821,0.0864,0.0863,0.3337,0.278,0.0831,0.1747,0.3277,0.3391,0.4244,0.4403,0.4518,0.4573,0.0861,0.0858,1.0397,0.9257,1.1084,1.021,0.9019,1.0173,0.7617,0.9733,0.9824,0.6387,0.0862,0.0854,1.0924,0.9853,1.0354,0.8061,0.8828,0.9632,1.0433,0.9954,1.0533,0.0862,0.0855,0.0866,0.9964,0.9403,1.0515,1.0375,0.9298,0.7617,0.9602,1.0134,1.0832,1.1161,0.0856,0.0866,0.0866,0.0849,0.0858,0.0868,0.0865,0.086,0.0854,0.0855,0.0847,0.0863,0.0875
,15:19:16,41.9,0.0878,0.0875,0.0863,0.0872,0.0862,0.0864,0.087,0.0873,0.0862,0.0855,0.0895,0.0873,0.0865,0.3002,0.4887,0.1633,0.3874,0.195,0.1097,0.218,0.1069,0.406,0.334,0.0876,0.0868,0.4446,0.0859,0.2057,0.2103,0.1621,0.2961,0.1596,0.092,0.2382,0.0832,0.0871,0.0863,0.3397,0.2811,0.0839,0.1762,0.3305,0.3409,0.4247,0.4403,0.4534,0.4579,0.0865,0.0867,1.0396,0.9258,1.1083,1.0205,0.9021,1.018,0.76,0.9732,0.9813,0.6378,0.0869,0.0861,1.0924,0.9855,1.0361,0.8055,0.8822,0.9645,1.0432,0.9946,1.0534,0.0862,0.0857,0.087,0.9972,0.9408,1.0526,1.0386,0.9302,0.761,0.96,1.0134,1.0836,1.1162,0.0867,0.0867,0.087,0.0854,0.0861,0.0871,0.0871,0.0866,0.0866,0.0863,0.0853,0.0871,0.0875
,15:24:16,42,0.0877,0.087,0.086,0.0865,0.086,0.0855,0.0864,0.0864,0.0859,0.0858,0.0886,0.0866,0.0859,0.3032,0.4879,0.1633,0.3851,0.1966,0.1099,0.2198,0.1073,0.4058,0.3329,0.0866,0.0863,0.444,0.0847,0.2084,0.2139,0.1638,0.2993,0.1614,0.0917,0.2403,0.0821,0.0862,0.0861,0.3449,0.2839,0.0832,0.1775,0.3321,0.3422,0.4238,0.4397,0.4529,0.4572,0.086,0.0861,1.0385,0.9238,1.1066,1.0211,0.8996,1.0161,0.7579,0.9724,0.9805,0.635,0.0863,0.0858,1.0904,0.984,1.0347,0.8025,0.8802,0.9625,1.0409,0.9934,1.0519,0.0859,0.0859,0.0858,0.9963,0.9398,1.0518,1.0373,0.9276,0.7611,0.9584,1.0121,1.0835,1.1155,0.0857,0.0864,0.086,0.0854,0.086,0.0871,0.0869,0.0859,0.0861,0.086,0.0847,0.0867,0.0875
,15:29:16,42,0.0875,0.0874,0.0865,0.0871,0.0864,0.0863,0.0871,0.0876,0.0863,0.0856,0.0893,0.087,0.0867,0.3067,0.4885,0.1653,0.3847,0.2003,0.1117,0.2218,0.1103,0.4053,0.3349,0.0873,0.0868,0.4442,0.0859,0.212,0.2178,0.165,0.3031,0.1619,0.0918,0.242,0.083,0.087,0.0868,0.3509,0.2878,0.0837,0.1807,0.3346,0.3439,0.4242,0.4395,0.4521,0.457,0.0862,0.0866,1.0378,0.9227,1.107,1.0202,0.8988,1.0157,0.7555,0.9726,0.9805,0.6345,0.087,0.0858,1.0912,0.984,1.0353,0.802,0.8789,0.9627,1.0403,0.9925,1.0529,0.0862,0.0859,0.087,0.997,0.9394,1.0503,1.0375,0.9281,0.7608,0.9578,1.0124,1.0838,1.1152,0.0863,0.0868,0.0868,0.086,0.0867,0.0872,0.0874,0.087,0.0867,0.0866,0.0856,0.0873,0.0876
,15:34:16,41.9,0.0873,0.0866,0.086,0.0866,0.0855,0.0856,0.0865,0.0863,0.0863,0.0851,0.0881,0.0866,0.0861,0.3097,0.4876,0.1662,0.3829,0.203,0.1125,0.2234,0.1099,0.4039,0.3333,0.0868,0.0861,0.4432,0.0845,0.2158,0.2209,0.1659,0.3068,0.1632,0.0916,0.2437,0.0821,0.0865,0.0858,0.3559,0.289,0.0827,0.1823,0.3364,0.345,0.423,0.4382,0.4516,0.4558,0.0862,0.0854,1.0366,0.9208,1.1056,1.0184,0.8965,1.0144,0.7533,0.9714,0.9776,0.6318,0.0861,0.0851,1.0899,0.9824,1.0339,0.8001,0.8771,0.9599,1.0388,0.99,1.0498,0.0852,0.0858,0.0864,0.9957,0.9383,1.05,1.0359,0.9262,0.7583,0.9567,1.0103,1.0817,1.1146,0.0857,0.0864,0.086,0.085,0.086,0.0866,0.0871,0.0859,0.086,0.0857,0.0849,0.0866,0.0871
,15:39:16,42,0.0882,0.0871,0.0863,0.0869,0.0864,0.0863,0.0876,0.0872,0.086,0.0861,0.0896,0.087,0.0869,0.3139,0.4877,0.1673,0.3823,0.2068,0.1142,0.226,0.1114,0.404,0.3332,0.0873,0.0872,0.4442,0.0855,0.2193,0.2246,0.1684,0.3115,0.165,0.0921,0.2471,0.0833,0.087,0.086,0.3621,0.2929,0.0839,0.185,0.3398,0.3486,0.4234,0.4386,0.4522,0.4568,0.0862,0.0867,1.0363,0.9199,1.1063,1.0185,0.895,1.0136,0.7524,0.9716,0.9787,0.6314,0.0866,0.0864,1.0905,0.9832,1.0342,0.7991,0.8763,0.9601,1.0385,0.9908,1.0498,0.086,0.086,0.087,0.9968,0.9381,1.0492,1.0365,0.9254,0.7588,0.9563,1.0108,1.0826,1.1157,0.0864,0.0874,0.0872,0.086,0.0865,0.0873,0.0871,0.0869,0.0861,0.0865,0.0858,0.0878,0.0878
,15:44:16,41.9,0.0873,0.0871,0.0863,0.0873,0.086,0.086,0.087,0.0873,0.0864,0.0859,0.0891,0.0865,0.0865,0.3168,0.4877,0.1684,0.3812,0.2096,0.1148,0.2277,0.1104,0.4059,0.3353,0.087,0.0866,0.445,0.0856,0.2227,0.2275,0.1705,0.3153,0.1663,0.0924,0.2494,0.0826,0.0866,0.0861,0.3673,0.2955,0.0835,0.1869,0.3414,0.3499,0.4228,0.4387,0.4525,0.4556,0.086,0.0866,1.0351,0.9195,1.1047,1.0186,0.8935,1.0134,0.7491,0.9706,0.9775,0.6291,0.0868,0.0859,1.0891,0.982,1.0329,0.7973,0.8735,0.9595,1.0371,0.9879,1.0489,0.0859,0.0858,0.0866,0.9962,0.9367,1.0487,1.0365,0.9241,0.7568,0.9547,1.0095,1.0817,1.1151,0.0862,0.0865,0.087,0.0853,0.0859,0.087,0.087,0.0867,0.0864,0.086,0.0852,0.0876,0.088
,15:49:16,42,0.0876,0.0867,0.0861,0.0866,0.0858,0.0856,0.0868,0.0864,0.086,0.0856,0.089,0.0867,0.0858,0.3198,0.4877,0.1693,0.3804,0.2127,0.1154,0.2291,0.1108,0.4026,0.3362,0.0863,0.0867,0.4448,0.0851,0.2266,0.23,0.1709,0.3183,0.167,0.092,0.251,0.0821,0.0864,0.0857,0.3732,0.2983,0.083,0.1878,0.3434,0.3505,0.4221,0.4369,0.4512,0.4555,0.0862,0.086,1.035,0.9178,1.1033,1.0179,0.8909,1.0114,0.7475,0.969,0.9751,0.6265,0.0865,0.0855,1.0888,0.9811,1.032,0.7956,0.872,0.9571,1.036,0.9863,1.0484,0.0852,0.0855,0.0864,0.9949,0.9361,1.0475,1.0352,0.9228,0.7548,0.9533,1.0086,1.0814,1.1142,0.086,0.0867,0.0861,0.0849,0.0855,0.0873,0.0868,0.0859,0.0861,0.0858,0.085,0.0865,0.0873
,15:54:16,42,0.0874,0.0867,0.0861,0.0869,0.0853,0.0857,0.0864,0.0864,0.0855,0.0854,0.0885,0.086,0.0857,0.3231,0.4868,0.1697,0.3792,0.2146,0.1167,0.2311,0.1128,0.4026,0.3347,0.0866,0.086,0.445,0.0855,0.231,0.2341,0.1733,0.3229,0.1682,0.0924,0.2528,0.0819,0.0865,0.086,0.3793,0.3016,0.0829,0.1894,0.3451,0.3524,0.422,0.4369,0.4509,0.455,0.0863,0.0854,1.0336,0.9166,1.1023,1.0163,0.8897,1.0114,0.7453,0.9682,0.9739,0.6241,0.0865,0.0855,1.0878,0.9801,1.0316,0.7939,0.87,0.9565,1.0348,0.9855,1.0477,0.0856,0.086,0.0857,0.9952,0.9347,1.0454,1.0342,0.9215,0.7526,0.9528,1.0079,1.0808,1.1139,0.086,0.0866,0.0867,0.085,0.086,0.0865,0.0864,0.0865,0.0857,0.0855,0.0851,0.0873,0.087
,15:59:16,42,0.0875,0.0871,0.0859,0.0868,0.0861,0.0859,0.0873,0.087,0.0862,0.0856,0.0892,0.0861,0.086,0.3278,0.4861,0.1706,0.3789,0.2187,0.118,0.2323,0.1142,0.402,0.335,0.087,0.0868,0.4449,0.0851,0.2345,0.2374,0.1745,0.327,0.171,0.0921,0.2556,0.0822,0.0863,0.086,0.3844,0.3044,0.0831,0.1925,0.3473,0.354,0.422,0.4354,0.4507,0.4551,0.0862,0.0867,1.0335,0.9147,1.1016,1.0162,0.888,1.0105,0.7441,0.9686,0.9742,0.6229,0.0863,0.0853,1.0884,0.9799,1.0317,0.7918,0.8693,0.9559,1.0349,0.9841,1.0475,0.0862,0.0856,0.0862,0.995,0.935,1.045,1.0342,0.9215,0.7529,0.9524,1.0077,1.0822,1.1142,0.0863,0.0861,0.0865,0.0851,0.0863,0.0867,0.087,0.0862,0.0858,0.0861,0.0848,0.0867,0.087
,16:04:16,42,0.0878,0.0869,0.0861,0.0867,0.0857,0.0863,0.0873,0.0868,0.0861,0.0858,0.0888,0.0866,0.0865,0.3307,0.4862,0.1712,0.3783,0.2213,0.12,0.2348,0.1128,0.4029,0.3338,0.087,0.0869,0.4456,0.086,0.2392,0.241,0.1756,0.3315,0.1714,0.0921,0.2588,0.0823,0.0862,0.0861,0.3895,0.3088,0.0833,0.1936,0.3499,0.3562,0.4216,0.4356,0.4505,0.4547,0.086,0.0859,1.0331,0.9145,1.1024,1.016,0.8867,1.0092,0.742,0.968,0.9731,0.6212,0.087,0.0861,1.0886,0.9799,1.031,0.7902,0.8681,0.9548,1.0336,0.9842,1.0472,0.0863,0.0858,0.0865,0.9956,0.9345,1.0451,1.0334,0.9196,0.7512,0.9516,1.0074,1.0819,1.114,0.0864,0.0866,0.0866,0.0851,0.0862,0.0872,0.0871,0.0865,0.0862,0.086,0.085,0.0867,0.0872
,16:09:16,41.9,0.0881,0.0872,0.0864,0.0874,0.0862,0.0866,0.087,0.0873,0.0866,0.0859,0.0892,0.0871,0.0865,0.3351,0.4875,0.173,0.3788,0.2251,0.1212,0.2369,0.1175,0.4012,0.3319,0.0873,0.0869,0.4447,0.0857,0.2436,0.2444,0.1776,0.3354,0.1739,0.0932,0.2617,0.0829,0.0869,0.0867,0.396,0.3113,0.084,0.1962,0.3515,0.3581,0.4217,0.4351,0.4503,0.4553,0.0863,0.0861,1.0327,0.9128,1.1014,1.0148,0.8859,1.0088,0.7408,0.9671,0.9721,0.6199,0.0869,0.086,1.0878,0.9796,1.0295,0.789,0.8667,0.9537,1.0329,0.9829,1.0461,0.0862,0.0865,0.0866,0.9951,0.9329,1.0449,1.0331,0.9186,0.7531,0.9507,1.007,1.0817,1.1139,0.086,0.0869,0.087,0.0859,0.0863,0.0871,0.0875,0.0861,0.0863,0.087,0.0857,0.0871,0.0875
,16:14:16,42,0.0882,0.0873,0.0866,0.0874,0.0861,0.0862,0.0871,0.0872,0.0864,0.0864,0.0897,0.0877,0.0865,0.3378,0.4861,0.1732,0.3787,0.2277,0.123,0.2391,0.1162,0.4017,0.3319,0.0869,0.0864,0.4456,0.0868,0.248,0.2484,0.1786,0.3396,0.1756,0.0934,0.2624,0.0831,0.0869,0.0868,0.4024,0.3148,0.0839,0.1988,0.3541,0.3599,0.4218,0.4356,0.4504,0.455,0.086,0.0863,1.0322,0.9126,1.1007,1.0142,0.8845,1.0081,0.7388,0.9671,0.9717,0.6186,0.0872,0.0863,1.0869,0.9785,1.0294,0.7877,0.8659,0.9536,1.0322,0.9811,1.0457,0.0863,0.0866,0.087,0.995,0.9319,1.0443,1.032,0.9176,0.7521,0.9505,1.0063,1.0811,1.1134,0.0866,0.087,0.0869,0.086,0.0861,0.0877,0.0877,0.0869,0.0862,0.0862,0.0851,0.0875,0.088
,16:19:16,42,0.0883,0.0872,0.0866,0.0875,0.0865,0.0865,0.0871,0.087,0.0865,0.0859,0.0891,0.0873,0.0871,0.3417,0.4872,0.1743,0.3778,0.2306,0.1243,0.2408,0.1183,0.4011,0.3313,0.087,0.0865,0.445,0.0862,0.2504,0.2514,0.1814,0.3445,0.1763,0.0936,0.2657,0.0827,0.0871,0.0865,0.4077,0.3184,0.0837,0.1996,0.3553,0.3618,0.4211,0.4346,0.4495,0.4539,0.0865,0.0871,1.0321,0.9116,1.0996,1.0142,0.8837,1.0081,0.7371,0.9667,0.9703,0.6168,0.087,0.0864,1.0875,0.9787,1.0288,0.7859,0.8645,0.953,1.0317,0.9799,1.0453,0.0861,0.087,0.0868,0.995,0.9318,1.0434,1.0313,0.9173,0.7519,0.9496,1.0056,1.0805,1.1132,0.0867,0.0873,0.087,0.0857,0.0863,0.0871,0.0873,0.0866,0.0868,0.0864,0.0855,0.0877,0.0882
,16:24:16,42.1,0.0875,0.0876,0.0863,0.0873,0.0866,0.0865,0.088,0.0871,0.0865,0.0855,0.0891,0.0866,0.0862,0.3453,0.4861,0.1753,0.3775,0.2334,0.1251,0.243,0.119,0.4013,0.3285,0.0869,0.0865,0.4437,0.0867,0.2552,0.2542,0.1823,0.3483,0.1778,0.0937,0.2677,0.0824,0.0866,0.086,0.4131,0.3209,0.0833,0.2009,0.3565,0.3627,0.4201,0.4335,0.4489,0.4535,0.086,0.0864,1.031,0.9101,1.0969,1.0135,0.8833,1.0064,0.7367,0.9659,0.9689,0.6144,0.0866,0.0863,1.0863,0.9777,1.028,0.7843,0.8624,0.9515,1.0298,0.978,1.0439,0.0859,0.086,0.0864,0.9944,0.9298,1.0429,1.0312,0.9155,0.7508,0.9485,1.0038,1.0807,1.1127,0.0862,0.0871,0.0863,0.0852,0.0858,0.0875,0.0876,0.0863,0.0865,0.0868,0.0852,0.0877,0.0875
,16:29:16,42.1,0.0879,0.0868,0.0857,0.0873,0.0858,0.086,0.0871,0.087,0.0859,0.0853,0.0892,0.087,0.0859,0.3487,0.4869,0.1767,0.3764,0.2368,0.1267,0.2443,0.12,0.3998,0.3264,0.0865,0.0866,0.4434,0.0861,0.2586,0.258,0.1842,0.353,0.1789,0.0935,0.2688,0.0827,0.0863,0.086,0.4182,0.3243,0.0834,0.2029,0.359,0.3637,0.42,0.4333,0.4485,0.4539,0.0855,0.0864,1.0301,0.9085,1.0968,1.013,0.8826,1.0048,0.7324,0.9656,0.9693,0.6132,0.0863,0.0857,1.0855,0.9769,1.028,0.7826,0.861,0.9505,1.029,0.9767,1.0435,0.0861,0.0862,0.0861,0.9945,0.9295,1.0416,1.0309,0.9147,0.7502,0.9477,1.0033,1.0805,1.112,0.0862,0.0866,0.0871,0.0855,0.0864,0.087,0.0876,0.086,0.086,0.0861,0.0856,0.0871,0.0876
,16:34:16,42,0.0874,0.0867,0.0857,0.0867,0.0854,0.0862,0.0868,0.0866,0.0857,0.0851,0.089,0.0865,0.0857,0.3524,0.4861,0.1769,0.3754,0.2398,0.1282,0.2453,0.1204,0.3989,0.3244,0.0862,0.0863,0.4428,0.0856,0.262,0.2602,0.1855,0.3574,0.1798,0.0938,0.2717,0.0821,0.0865,0.0859,0.4239,0.3281,0.0832,0.2048,0.3613,0.3649,0.419,0.4324,0.4482,0.4529,0.0855,0.0857,1.03,0.9073,1.0955,1.0121,0.8807,1.0037,0.7308,0.9646,0.9665,0.6109,0.0863,0.0854,1.0858,0.9766,1.0265,0.7798,0.8601,0.9497,1.0268,0.9744,1.0417,0.0857,0.0859,0.086,0.9931,0.929,1.0411,1.0302,0.9128,0.7487,0.9474,1.0033,1.0801,1.1118,0.0861,0.0859,0.0863,0.0857,0.0862,0.0866,0.0869,0.0863,0.0861,0.0859,0.0849,0.0869,0.0871
,16:39:16,42,0.0874,0.087,0.0862,0.087,0.0856,0.0856,0.0871,0.0865,0.0858,0.0855,0.0888,0.0862,0.0857,0.3557,0.4857,0.1784,0.3756,0.2431,0.1296,0.248,0.122,0.3987,0.3221,0.0865,0.0862,0.443,0.0856,0.2663,0.2635,0.1858,0.3627,0.1822,0.0936,0.2737,0.0827,0.0867,0.0859,0.4294,0.3317,0.0833,0.2064,0.363,0.3661,0.4191,0.4322,0.4477,0.4527,0.0863,0.0855,1.0296,0.907,1.0942,1.0115,0.8787,1.0037,0.729,0.9645,0.9661,0.6098,0.0868,0.085,1.0848,0.9765,1.0255,0.7797,0.8598,0.9488,1.026,0.9741,1.0429,0.086,0.0859,0.0856,0.9942,0.9275,1.0414,1.0294,0.9123,0.7494,0.9463,1.0035,1.0817,1.1116,0.086,0.0863,0.0863,0.0856,0.0856,0.0872,0.0872,0.0865,0.086,0.0858,0.0846,0.0867,0.0869
,16:44:16,42,0.0877,0.0876,0.0865,0.087,0.0863,0.0863,0.0873,0.0876,0.0865,0.0859,0.0898,0.0871,0.0864,0.3595,0.4863,0.1794,0.3756,0.2462,0.1318,0.2498,0.1234,0.4018,0.3223,0.087,0.087,0.4431,0.0867,0.2703,0.2678,0.1896,0.367,0.1839,0.0942,0.2764,0.0828,0.0867,0.0867,0.4352,0.3351,0.0837,0.2087,0.3647,0.3634,0.4189,0.4316,0.4478,0.4538,0.0865,0.0863,1.0292,0.9054,1.094,1.0115,0.8783,1.0026,0.7282,0.9647,0.966,0.6083,0.0871,0.0859,1.0859,0.9766,1.026,0.7781,0.8583,0.9483,1.0253,0.9733,1.0417,0.086,0.0861,0.0871,0.9936,0.9274,1.0402,1.0305,0.9119,0.7484,0.9465,1.0027,1.0813,1.1117,0.0864,0.087,0.0869,0.0863,0.0865,0.0871,0.0874,0.0864,0.0865,0.087,0.0854,0.0872,0.0879
,16:49:16,41.9,0.0877,0.0866,0.0859,0.0872,0.0861,0.0862,0.0872,0.0872,0.0862,0.0864,0.0889,0.0871,0.0862,0.3622,0.4856,0.1795,0.3751,0.2497,0.1331,0.2512,0.1237,0.4006,0.3211,0.0872,0.0866,0.4421,0.0867,0.275,0.2706,0.1905,0.3719,0.1855,0.0948,0.278,0.0828,0.0865,0.086,0.4403,0.3391,0.0832,0.2105,0.3662,0.3613,0.4188,0.4314,0.4475,0.4527,0.0862,0.0867,1.0278,0.9047,1.0932,1.0106,0.8761,1.0017,0.7263,0.9646,0.9652,0.6069,0.0869,0.0855,1.0851,0.9766,1.0255,0.776,0.8571,0.9475,1.0227,0.9718,1.0417,0.0859,0.0864,0.0865,0.9936,0.9258,1.0399,1.0294,0.9112,0.7479,0.9456,1.0022,1.0798,1.111,0.086,0.0862,0.0872,0.0856,0.0857,0.0866,0.0868,0.0866,0.086,0.0861,0.0856,0.087,0.088
,16:54:16,42,0.0873,0.0863,0.086,0.0869,0.0856,0.0856,0.0864,0.0869,0.086,0.0856,0.0891,0.0871,0.0857,0.366,0.4849,0.1807,0.3741,0.2522,0.135,0.2534,0.1246,0.3992,0.3187,0.0866,0.0865,0.4416,0.0869,0.2795,0.2741,0.192,0.3766,0.1865,0.0948,0.2798,0.0825,0.0863,0.0864,0.4461,0.3437,0.0831,0.2128,0.3674,0.3605,0.418,0.4305,0.4456,0.4523,0.0857,0.0862,1.0273,0.9046,1.0919,1.0102,0.8744,1.0007,0.7247,0.963,0.9637,0.6043,0.0868,0.0856,1.085,0.9768,1.0248,0.7735,0.8552,0.9475,1.0217,0.9696,1.0401,0.0855,0.0858,0.0865,0.993,0.9251,1.0392,1.0288,0.9096,0.7469,0.946,1.0009,1.0799,1.1108,0.0861,0.0864,0.0864,0.0851,0.0861,0.0867,0.0871,0.0865,0.0858,0.0865,0.0846,0.0867,0.0872
,16:59:16,42,0.088,0.0872,0.0858,0.0871,0.0862,0.0861,0.0867,0.0869,0.0864,0.0856,0.0893,0.087,0.0868,0.3701,0.4859,0.182,0.3747,0.256,0.137,0.2552,0.1259,0.3991,0.3188,0.0873,0.0862,0.441,0.0866,0.2842,0.2778,0.1936,0.3814,0.1886,0.0955,0.2823,0.0826,0.0867,0.0865,0.4517,0.3476,0.0832,0.2151,0.3699,0.3589,0.4181,0.4305,0.4459,0.4528,0.0864,0.086,1.0276,0.9032,1.0905,1.0105,0.8732,1.0004,0.7226,0.9631,0.9627,0.6028,0.087,0.0854,1.0835,0.9774,1.0251,0.7729,0.8547,0.9464,1.0204,0.9694,1.0391,0.0857,0.0866,0.0868,0.9933,0.9239,1.0389,1.0289,0.9087,0.7472,0.9454,1.0007,1.0797,1.111,0.0865,0.0861,0.0863,0.0857,0.0859,0.0873,0.0872,0.0863,0.0857,0.0863,0.085,0.0874,0.0875
,17:04:16,42,0.0879,0.0868,0.0868,0.0872,0.0861,0.0861,0.0878,0.087,0.0864,0.0859,0.0892,0.0871,0.0866,0.3736,0.4857,0.1837,0.3743,0.2599,0.1395,0.2571,0.128,0.3997,0.3161,0.0872,0.0871,0.4416,0.0872,0.2891,0.2812,0.1959,0.3862,0.1906,0.0957,0.2852,0.0826,0.087,0.0867,0.4583,0.3513,0.0833,0.217,0.3713,0.3574,0.4184,0.4298,0.4454,0.4526,0.0862,0.0865,1.0273,0.9029,1.0906,1.0102,0.8724,0.9996,0.7212,0.964,0.9626,0.6016,0.0873,0.0857,1.0835,0.9772,1.0239,0.7715,0.8526,0.9461,1.0189,0.9685,1.0392,0.0868,0.0868,0.0867,0.9935,0.9238,1.0376,1.0282,0.9084,0.7469,0.9451,1.0005,1.0806,1.1109,0.0868,0.0868,0.0873,0.0857,0.0862,0.0871,0.0879,0.0871,0.0865,0.0864,0.0854,0.0875,0.0877
,17:09:16,42,0.0874,0.0869,0.0862,0.0871,0.086,0.0861,0.0873,0.0868,0.0868,0.0857,0.0896,0.0868,0.0865,0.3776,0.485,0.1837,0.3735,0.2638,0.1414,0.258,0.1284,0.3986,0.3162,0.0874,0.0866,0.4405,0.0872,0.2928,0.2834,0.1975,0.3915,0.1921,0.0958,0.287,0.0826,0.0866,0.0864,0.455,0.3532,0.0834,0.2186,0.3727,0.3564,0.4175,0.4294,0.4454,0.4523,0.0865,0.0865,1.027,0.9016,1.0874,1.01,0.8705,0.9989,0.7192,0.9634,0.9616,0.5997,0.0868,0.0861,1.0833,0.9777,1.0235,0.77,0.8519,0.9456,1.017,0.9672,1.0392,0.0858,0.0865,0.0867,0.9935,0.9233,1.0368,1.028,0.9078,0.7458,0.9449,1.0003,1.0801,1.1105,0.0862,0.087,0.087,0.0855,0.0856,0.0867,0.0873,0.0866,0.0862,0.0863,0.085,0.0875,0.088
,17:14:16,42,0.087,0.0869,0.0861,0.0868,0.0861,0.0866,0.0873,0.0865,0.0857,0.0859,0.0893,0.0867,0.0867,0.3805,0.4844,0.1843,0.3724,0.2658,0.1423,0.2606,0.1298,0.3967,0.3146,0.0867,0.0866,0.4398,0.0872,0.2978,0.287,0.1982,0.3966,0.1928,0.0961,0.2893,0.0826,0.0862,0.0863,0.4545,0.3571,0.0831,0.2204,0.3741,0.3539,0.417,0.4282,0.4448,0.4514,0.0863,0.0863,1.0254,0.9016,1.0873,1.0092,0.8683,0.9975,0.7175,0.9628,0.9598,0.5973,0.0862,0.0855,1.0819,0.9781,1.0232,0.7673,0.8509,0.9446,1.0146,0.9657,1.0376,0.0861,0.0859,0.0863,0.9922,0.9223,1.0344,1.0276,0.9067,0.7438,0.9436,0.9991,1.0806,1.1103,0.0863,0.087,0.0865,0.0855,0.086,0.0875,0.0875,0.0859,0.0866,0.086,0.0854,0.0871,0.0872
,17:19:16,42.1,0.0882,0.0875,0.0866,0.0871,0.0862,0.0871,0.087,0.0876,0.0866,0.0861,0.0891,0.0873,0.0863,0.3844,0.4846,0.1854,0.3727,0.2693,0.1447,0.262,0.1315,0.4002,0.3138,0.0873,0.0869,0.4393,0.0877,0.3024,0.2906,0.1996,0.4023,0.1958,0.0961,0.292,0.0826,0.0869,0.0866,0.4545,0.3601,0.0833,0.2234,0.3753,0.355,0.4168,0.4283,0.4448,0.4517,0.0865,0.0862,1.0257,0.9014,1.0874,1.009,0.8673,0.9973,0.7161,0.9622,0.9585,0.5968,0.0869,0.086,1.0813,0.9798,1.0229,0.7661,0.8501,0.9436,1.0129,0.9648,1.0381,0.0862,0.0861,0.0867,0.9939,0.9217,1.0348,1.027,0.9064,0.7435,0.9433,0.9989,1.0808,1.1116,0.0865,0.087,0.0866,0.0856,0.0868,0.0873,0.0873,0.0867,0.0865,0.0863,0.0852,0.0871,0.0874
,17:24:16,42,0.0867,0.0866,0.0862,0.0865,0.0858,0.0856,0.0871,0.0861,0.0858,0.0854,0.089,0.0859,0.0863,0.3873,0.4831,0.1863,0.372,0.2725,0.1456,0.2631,0.1319,0.3961,0.3119,0.0868,0.0867,0.4387,0.0878,0.3075,0.2938,0.2003,0.4063,0.1961,0.0963,0.294,0.0821,0.086,0.0861,0.455,0.363,0.0832,0.2248,0.3713,0.3532,0.4159,0.4275,0.4437,0.4507,0.0855,0.0852,1.0246,0.8988,1.086,1.008,0.8649,0.9949,0.7138,0.9615,0.9578,0.5948,0.0865,0.0858,1.081,0.9796,1.0224,0.7649,0.8478,0.942,1.0103,0.9636,1.0367,0.0856,0.0854,0.0857,0.9926,0.9207,1.0327,1.0261,0.9044,0.7429,0.9429,0.9979,1.0788,1.1093,0.0859,0.0861,0.0862,0.0847,0.0858,0.0869,0.0867,0.0858,0.0858,0.0861,0.0847,0.087,0.0871
,17:29:16,42,0.0882,0.0872,0.0866,0.0874,0.0864,0.0865,0.0877,0.0872,0.0862,0.0859,0.0899,0.0873,0.0863,0.3913,0.4841,0.1877,0.3729,0.2765,0.1496,0.265,0.134,0.3997,0.3124,0.0874,0.0869,0.4395,0.0886,0.313,0.2976,0.2031,0.4127,0.1985,0.0971,0.2959,0.0829,0.0871,0.0865,0.4545,0.3678,0.0835,0.2277,0.3701,0.3529,0.4164,0.4277,0.4442,0.4518,0.0866,0.0865,1.0255,0.9,1.0854,1.0076,0.8638,0.9958,0.7128,0.9616,0.9571,0.5933,0.0873,0.0864,1.0814,0.9817,1.0228,0.7634,0.8484,0.9418,1.0091,0.9633,1.0363,0.0861,0.0869,0.087,0.9939,0.921,1.0352,1.026,0.9039,0.7435,0.9425,0.9975,1.0804,1.1101,0.0864,0.0867,0.0866,0.0859,0.0863,0.0873,0.0873,0.0865,0.0863,0.0869,0.0857,0.0876,0.0878
,17:34:16,42,0.0879,0.0876,0.0868,0.087,0.0862,0.0861,0.0874,0.0869,0.086,0.0863,0.0889,0.0872,0.0861,0.3949,0.4836,0.1881,0.3719,0.2797,0.1512,0.2671,0.1352,0.3952,0.3115,0.0871,0.0867,0.4386,0.0887,0.3179,0.3,0.2041,0.4174,0.1997,0.0972,0.2978,0.0831,0.087,0.0866,0.4558,0.3712,0.0838,0.2291,0.3685,0.3515,0.4162,0.4271,0.4433,0.4507,0.0868,0.0866,1.0242,0.8991,1.0834,1.0079,0.862,0.9937,0.7107,0.9617,0.9569,0.5922,0.0867,0.0863,1.0808,0.9817,1.0215,0.7618,0.8474,0.9415,1.007,0.9612,1.0356,0.0861,0.086,0.0862,0.9939,0.9205,1.033,1.0252,0.9032,0.7424,0.942,0.9976,1.0794,1.1096,0.0869,0.0872,0.0866,0.0857,0.0863,0.0871,0.0876,0.0864,0.0868,0.0865,0.085,0.0869,0.0877
,17:39:16,42,0.0872,0.0865,0.0862,0.087,0.0861,0.0858,0.0873,0.0865,0.0861,0.0858,0.0887,0.0863,0.0864,0.3976,0.4833,0.189,0.3718,0.2824,0.1535,0.2686,0.1362,0.3961,0.3098,0.0869,0.0868,0.4378,0.0889,0.3234,0.303,0.2062,0.4222,0.2016,0.0972,0.2989,0.0825,0.0868,0.0861,0.4543,0.3738,0.0833,0.2305,0.3675,0.3496,0.4149,0.4262,0.4421,0.4505,0.086,0.0857,1.0234,0.898,1.0808,1.007,0.8597,0.9927,0.7091,0.9616,0.955,0.5901,0.0861,0.0858,1.0795,0.9828,1.0208,0.7591,0.8462,0.9406,1.0049,0.9599,1.035,0.0858,0.0855,0.0865,0.994,0.92,1.0313,1.0244,0.9015,0.741,0.9411,0.9953,1.0783,1.1099,0.0865,0.0862,0.0869,0.0858,0.0861,0.0864,0.087,0.0865,0.0861,0.0861,0.0849,0.0874,0.0871
,17:44:16,42,0.0873,0.0862,0.0861,0.0861,0.0854,0.0854,0.0868,0.0858,0.0861,0.0851,0.0887,0.0861,0.0858,0.4018,0.484,0.1894,0.3706,0.2845,0.1545,0.269,0.1373,0.3953,0.3104,0.0863,0.0856,0.4369,0.0876,0.328,0.3062,0.2066,0.4272,0.2025,0.0972,0.3017,0.0823,0.0859,0.0854,0.4535,0.3772,0.0826,0.2329,0.3659,0.3492,0.4142,0.4243,0.442,0.4506,0.0853,0.0859,1.0229,0.8973,1.0807,1.0053,0.8577,0.9922,0.7066,0.9608,0.9536,0.5878,0.0863,0.0852,1.079,0.9831,1.0207,0.7574,0.8451,0.9393,1.0032,0.9579,1.0332,0.0855,0.0853,0.0864,0.9936,0.9187,1.0303,1.024,0.899,0.7404,0.9412,0.9947,1.0787,1.1083,0.0859,0.0864,0.0864,0.0853,0.085,0.0871,0.0864,0.086,0.0857,0.0863,0.0848,0.0864,0.0868
,17:49:16,42,0.087,0.0868,0.0858,0.0864,0.0858,0.0856,0.0865,0.0868,0.0857,0.0855,0.0888,0.0862,0.0858,0.4051,0.4844,0.19,0.3702,0.2875,0.1571,0.2711,0.139,0.3943,0.3108,0.086,0.0858,0.437,0.0883,0.3332,0.3091,0.2085,0.4337,0.204,0.0974,0.3035,0.0817,0.0866,0.0856,0.4541,0.3801,0.0829,0.2353,0.3651,0.3491,0.414,0.4244,0.4412,0.45,0.0858,0.0855,1.0224,0.8964,1.0792,1.0057,0.8565,0.9911,0.7055,0.9608,0.9534,0.5871,0.0862,0.0848,1.0783,0.9848,1.0204,0.7554,0.8435,0.9389,1.0013,0.956,1.0329,0.0853,0.0852,0.086,0.994,0.9179,1.0298,1.0232,0.8994,0.7395,0.9404,0.9957,1.0782,1.1083,0.0857,0.0861,0.0862,0.0851,0.0857,0.0867,0.0863,0.0857,0.0854,0.0861,0.084,0.0869,0.0868
,17:54:16,42,0.0875,0.0871,0.0866,0.0867,0.0865,0.0861,0.0869,0.0871,0.0859,0.0859,0.0886,0.0864,0.0859,0.409,0.4833,0.1916,0.3708,0.292,0.1597,0.2733,0.1409,0.3939,0.3113,0.0866,0.0866,0.4368,0.0889,0.3382,0.3126,0.2106,0.439,0.2064,0.0982,0.3065,0.0825,0.0862,0.0865,0.455,0.3853,0.0835,0.2377,0.3638,0.3477,0.4142,0.4244,0.4407,0.45,0.0859,0.0862,1.022,0.8964,1.081,1.0054,0.8556,0.9909,0.7037,0.9609,0.9529,0.5856,0.0866,0.0854,1.0789,0.986,1.0198,0.7534,0.8428,0.9382,0.9998,0.9559,1.0332,0.0859,0.0863,0.0862,0.9941,0.9177,1.0302,1.0234,0.8986,0.7393,0.94,0.9944,1.0784,1.1086,0.0861,0.0864,0.0863,0.0852,0.0865,0.0869,0.0868,0.0863,0.0863,0.086,0.0851,0.087,0.087
,17:59:16,41.9,0.0877,0.0877,0.0859,0.087,0.0861,0.0863,0.0867,0.0873,0.0865,0.0856,0.0893,0.0871,0.0863,0.4082,0.4827,0.1928,0.3701,0.2949,0.162,0.2751,0.1424,0.3936,0.3125,0.0875,0.087,0.4362,0.0894,0.3431,0.3163,0.2124,0.4442,0.2083,0.0989,0.3088,0.0824,0.0869,0.0868,0.4553,0.3894,0.0833,0.2403,0.3636,0.3477,0.4133,0.4244,0.4417,0.4504,0.0859,0.0863,1.023,0.8962,1.0789,1.005,0.8545,0.9894,0.7027,0.9603,0.9522,0.584,0.0865,0.0857,1.0779,0.9863,1.0198,0.7519,0.843,0.9375,0.9982,0.9549,1.0328,0.0859,0.0859,0.087,0.9948,0.9172,1.0292,1.0231,0.8982,0.7378,0.9396,0.9941,1.0784,1.1082,0.0866,0.0863,0.0866,0.0855,0.0859,0.0872,0.0871,0.0868,0.086,0.0864,0.0849,0.0872,0.0879
,18:04:16,42,0.0881,0.0871,0.0868,0.0873,0.0859,0.0864,0.0877,0.0873,0.0859,0.0859,0.0897,0.0871,0.0864,0.4094,0.4835,0.1946,0.3705,0.2994,0.166,0.2772,0.1434,0.394,0.3111,0.0867,0.087,0.4366,0.0903,0.3487,0.32,0.2136,0.4497,0.2102,0.0999,0.3109,0.0824,0.0868,0.0869,0.4557,0.3935,0.0831,0.2421,0.3634,0.3464,0.4138,0.4233,0.4414,0.45,0.0869,0.0865,1.0236,0.8959,1.0774,1.0047,0.8524,0.9896,0.7014,0.9608,0.9511,0.5828,0.0869,0.0862,1.0778,0.9866,1.0189,0.7507,0.8421,0.9377,0.9962,0.9545,1.0321,0.0858,0.0863,0.0862,0.9947,0.9165,1.0288,1.0226,0.8967,0.737,0.939,0.9946,1.0794,1.1083,0.0863,0.0872,0.0867,0.0857,0.0859,0.0875,0.0875,0.0871,0.0869,0.0864,0.0859,0.0871,0.0882
,18:09:16,42.1,0.0871,0.0873,0.0862,0.087,0.0861,0.0861,0.0873,0.0867,0.0855,0.0856,0.0887,0.0861,0.0863,0.409,0.483,0.1949,0.3703,0.3026,0.1673,0.2779,0.1451,0.3929,0.3101,0.0864,0.0865,0.4363,0.0902,0.3535,0.3224,0.2149,0.4513,0.2115,0.0999,0.3088,0.0823,0.0866,0.0861,0.4554,0.4004,0.0836,0.244,0.3614,0.3441,0.4126,0.4233,0.4405,0.4501,0.0853,0.0859,1.0222,0.8946,1.0758,1.0045,0.8504,0.9877,0.6991,0.9601,0.9492,0.5811,0.0865,0.086,1.0772,0.9865,1.0184,0.7493,0.8421,0.9364,0.9942,0.953,1.0313,0.0856,0.0853,0.0859,0.9955,0.9166,1.0252,1.0229,0.8957,0.7347,0.939,0.994,1.0785,1.1084,0.0854,0.0865,0.0863,0.0854,0.0857,0.0867,0.0867,0.0863,0.086,0.0862,0.0849,0.0868,0.0875
,18:14:16,42,0.0877,0.0869,0.087,0.0869,0.0862,0.0864,0.0874,0.0873,0.0867,0.0859,0.0895,0.0871,0.0865,0.4079,0.4824,0.1969,0.3697,0.3064,0.1696,0.2801,0.1477,0.3927,0.3088,0.0874,0.0874,0.4364,0.0905,0.3598,0.3262,0.2168,0.4519,0.2136,0.1005,0.3083,0.0828,0.0868,0.0863,0.4563,0.4006,0.0834,0.2465,0.3611,0.3458,0.413,0.4231,0.4402,0.4498,0.0864,0.0871,1.0228,0.8947,1.0762,1.0045,0.8492,0.9877,0.6973,0.9612,0.9495,0.5808,0.0869,0.0857,1.0772,0.9869,1.0185,0.7473,0.8405,0.9365,0.992,0.9519,1.0317,0.0865,0.0868,0.0861,0.9963,0.9174,1.0254,1.0226,0.8943,0.7346,0.9397,0.9947,1.0799,1.1088,0.0861,0.0869,0.0865,0.0853,0.0859,0.0873,0.0874,0.0868,0.0866,0.0867,0.0854,0.0869,0.0878
,18:19:16,42,0.0872,0.087,0.0865,0.0863,0.0861,0.0861,0.0869,0.0872,0.0856,0.086,0.0891,0.0865,0.0861,0.407,0.4818,0.1964,0.369,0.3097,0.1726,0.2811,0.1487,0.3925,0.3069,0.0866,0.0863,0.4352,0.09,0.3659,0.329,0.2178,0.4514,0.2148,0.1009,0.3064,0.0825,0.086,0.0862,0.4571,0.3946,0.0831,0.2486,0.3588,0.3424,0.4119,0.4216,0.4396,0.4501,0.0854,0.0864,1.0223,0.8941,1.0748,1.0039,0.8477,0.9865,0.6962,0.9598,0.9479,0.5774,0.0868,0.0852,1.0754,0.985,1.0178,0.7456,0.8388,0.9355,0.9905,0.9508,1.03,0.0855,0.0859,0.086,0.9946,0.9149,1.0245,1.0213,0.8921,0.7328,0.9378,0.9917,1.0782,1.1071,0.0861,0.0865,0.0862,0.085,0.0859,0.0865,0.087,0.086,0.0857,0.0859,0.085,0.0867,0.0874
,18:24:16,42.1,0.0875,0.0869,0.0863,0.0871,0.0861,0.0863,0.087,0.0868,0.0864,0.0855,0.0893,0.087,0.086,0.406,0.4812,0.1985,0.369,0.3131,0.1751,0.2829,0.1499,0.3912,0.307,0.0862,0.0863,0.4358,0.0906,0.3708,0.3325,0.2203,0.4516,0.2166,0.1011,0.3058,0.0821,0.0863,0.0863,0.4577,0.3936,0.0835,0.2506,0.3596,0.3417,0.4113,0.4212,0.4393,0.4501,0.0859,0.0861,1.0217,0.8933,1.0743,1.0039,0.8463,0.9859,0.6936,0.9593,0.9476,0.5761,0.0863,0.0858,1.0741,0.9847,1.017,0.7439,0.8382,0.9348,0.9882,0.9488,1.0295,0.0862,0.0857,0.086,0.995,0.9142,1.0235,1.0213,0.8921,0.7321,0.9376,0.9913,1.0787,1.1071,0.0859,0.0871,0.0865,0.0858,0.0861,0.0869,0.0871,0.0861,0.086,0.0858,0.0847,0.0869,0.0871
,18:29:16,42,0.0877,0.0868,0.0866,0.0863,0.0861,0.0858,0.0874,0.0867,0.0859,0.0857,0.089,0.0863,0.0864,0.4063,0.482,0.1993,0.369,0.3168,0.178,0.2845,0.1527,0.3915,0.3089,0.087,0.0863,0.4349,0.0916,0.376,0.3358,0.2209,0.4513,0.2186,0.1017,0.3051,0.0825,0.0868,0.0865,0.4591,0.3929,0.0829,0.2524,0.3583,0.3416,0.4112,0.4211,0.4392,0.4497,0.0858,0.0863,1.0214,0.8929,1.072,1.0032,0.8449,0.9856,0.6922,0.9593,0.946,0.5748,0.0865,0.0855,1.0748,0.9851,1.0171,0.7418,0.8374,0.9337,0.9871,0.9472,1.0285,0.0859,0.0859,0.086,0.9957,0.9136,1.0244,1.0211,0.8912,0.7309,0.9367,0.9917,1.0779,1.108,0.086,0.0869,0.0866,0.085,0.0856,0.0871,0.0868,0.0861,0.0857,0.0865,0.0851,0.0868,0.0873
,18:34:16,42,0.0873,0.0874,0.0862,0.0868,0.0859,0.0863,0.0868,0.0869,0.0859,0.0861,0.0893,0.0865,0.0859,0.4053,0.4825,0.2006,0.37,0.3202,0.1817,0.286,0.1538,0.3929,0.3069,0.0873,0.0871,0.435,0.0922,0.3827,0.3396,0.2207,0.4512,0.2209,0.1024,0.3031,0.0827,0.0866,0.0864,0.4595,0.3923,0.0831,0.2542,0.3573,0.3411,0.4103,0.421,0.4388,0.4491,0.0864,0.0861,1.0207,0.893,1.0724,1.0026,0.8434,0.9844,0.6905,0.9599,0.9451,0.573,0.0868,0.0854,1.0742,0.9846,1.0172,0.7413,0.8365,0.9337,0.9855,0.9473,1.0288,0.0863,0.0861,0.0861,0.996,0.9138,1.0245,1.0207,0.89,0.7303,0.9365,0.9915,1.078,1.107,0.0865,0.0867,0.0873,0.0857,0.086,0.0869,0.0871,0.0866,0.0866,0.0863,0.085,0.0871,0.0875
,18:39:16,42,0.0878,0.0874,0.086,0.0873,0.0869,0.0865,0.0871,0.087,0.0861,0.0858,0.0892,0.0868,0.0866,0.4054,0.4837,0.2017,0.3702,0.3234,0.1837,0.2883,0.1562,0.3936,0.3064,0.0871,0.0874,0.4349,0.0922,0.3869,0.3432,0.2236,0.451,0.2224,0.1037,0.3029,0.083,0.0866,0.0864,0.4617,0.3916,0.0837,0.257,0.3573,0.34,0.4106,0.4211,0.4384,0.4493,0.0861,0.0867,1.0217,0.8921,1.0714,1.0021,0.8422,0.9841,0.6897,0.9603,0.9452,0.5719,0.0867,0.0859,1.0733,0.9831,1.0167,0.7399,0.8357,0.9336,0.9839,0.9466,1.0283,0.0858,0.0865,0.0869,0.9972,0.9136,1.0206,1.0206,0.8897,0.7291,0.9365,0.9912,1.0781,1.1077,0.0866,0.0872,0.0871,0.0853,0.086,0.087,0.0878,0.0866,0.0869,0.0863,0.0851,0.0869,0.0876
,18:44:16,42,0.0878,0.0874,0.087,0.0873,0.0865,0.0866,0.0882,0.0873,0.0863,0.0859,0.0895,0.087,0.0862,0.406,0.4832,0.2023,0.3698,0.3281,0.188,0.2901,0.1585,0.3911,0.306,0.0867,0.0876,0.4348,0.093,0.3916,0.3465,0.2257,0.4498,0.2247,0.1041,0.3019,0.0835,0.0869,0.0866,0.463,0.3909,0.0841,0.2595,0.3571,0.3394,0.4105,0.4206,0.4383,0.4499,0.0871,0.087,1.0212,0.8914,1.0695,1.0029,0.8406,0.9832,0.6884,0.96,0.9433,0.5703,0.0867,0.0864,1.074,0.9823,1.0167,0.7382,0.8346,0.9337,0.9829,0.9452,1.0283,0.0861,0.0863,0.0873,0.9978,0.9132,1.0218,1.0198,0.8883,0.7278,0.9363,0.9909,1.0781,1.1082,0.087,0.0869,0.0872,0.0861,0.0868,0.0875,0.0874,0.0869,0.0861,0.0866,0.0857,0.088,0.088
,18:49:16,42,0.0882,0.0876,0.0862,0.0874,0.0863,0.0868,0.0872,0.0873,0.0871,0.0857,0.0893,0.0871,0.0865,0.4062,0.4824,0.2034,0.3704,0.3322,0.1892,0.2909,0.1608,0.3932,0.3073,0.087,0.0869,0.4347,0.0935,0.3991,0.3498,0.2274,0.4491,0.2263,0.1048,0.3019,0.0827,0.0872,0.0866,0.463,0.3917,0.0838,0.2622,0.3558,0.3389,0.4096,0.4203,0.4382,0.4499,0.0863,0.0865,1.0215,0.891,1.0692,1.0023,0.839,0.9827,0.6865,0.9604,0.9432,0.5691,0.0873,0.0858,1.0722,0.9816,1.0153,0.7366,0.8342,0.9325,0.9813,0.9437,1.0275,0.086,0.0864,0.0867,0.9964,0.9125,1.0207,1.0199,0.8876,0.7267,0.9356,0.9905,1.078,1.1078,0.0866,0.087,0.087,0.0862,0.0861,0.0875,0.0877,0.0866,0.0864,0.0862,0.0858,0.0875,0.0879
,18:54:16,42,0.0878,0.0866,0.086,0.087,0.086,0.0864,0.0874,0.0868,0.0864,0.0858,0.0887,0.0868,0.0863,0.406,0.4817,0.2048,0.3699,0.3347,0.1914,0.292,0.1629,0.3901,0.3038,0.0867,0.0866,0.434,0.0936,0.4014,0.3532,0.2286,0.4482,0.2276,0.1055,0.2996,0.0829,0.0863,0.0859,0.4637,0.39,0.083,0.2637,0.3542,0.3376,0.4095,0.4194,0.4378,0.449,0.0862,0.0857,1.0216,0.8896,1.0678,1.0015,0.8377,0.9816,0.6845,0.9591,0.9419,0.5662,0.0866,0.0854,1.0717,0.9803,1.0153,0.7345,0.8326,0.9321,0.9784,0.9416,1.0264,0.086,0.0858,0.0865,0.9968,0.9111,1.0206,1.0192,0.8865,0.7254,0.9346,0.9884,1.078,1.1077,0.0861,0.0868,0.0861,0.0856,0.0863,0.0866,0.0872,0.0863,0.0863,0.0859,0.0851,0.0869,0.0873
,18:59:16,42.1,0.0882,0.0877,0.0864,0.0874,0.0861,0.0864,0.0878,0.0874,0.0864,0.0857,0.0888,0.0869,0.0867,0.4062,0.4816,0.2061,0.37,0.3395,0.1961,0.2931,0.1644,0.3927,0.3058,0.0873,0.0871,0.4341,0.0943,0.4066,0.3565,0.2299,0.448,0.2303,0.1058,0.2991,0.0826,0.0869,0.0866,0.4654,0.3891,0.0835,0.2663,0.3532,0.3374,0.4089,0.4191,0.438,0.4492,0.0861,0.0867,1.0215,0.8891,1.0662,1.001,0.8375,0.9806,0.6839,0.9595,0.9415,0.565,0.0872,0.0859,1.0715,0.9795,1.0153,0.7337,0.8326,0.9314,0.9788,0.9418,1.0268,0.0865,0.0866,0.0867,0.9983,0.9119,1.0219,1.0184,0.8856,0.7235,0.9341,0.9896,1.0795,1.1077,0.0865,0.0866,0.087,0.0859,0.0866,0.0877,0.0874,0.0866,0.0863,0.0863,0.0851,0.0873,0.0878
,19:04:16,42.1,0.0878,0.0869,0.0862,0.0871,0.086,0.0862,0.0879,0.0872,0.0861,0.0864,0.089,0.0866,0.0866,0.4072,0.4815,0.2062,0.3706,0.3433,0.2005,0.2947,0.1676,0.3904,0.3051,0.0868,0.087,0.4337,0.0947,0.4102,0.3603,0.232,0.4473,0.2317,0.1065,0.3,0.0831,0.0866,0.0863,0.4666,0.3934,0.084,0.2684,0.3525,0.3354,0.4082,0.4182,0.437,0.4491,0.0862,0.0866,1.0213,0.8887,1.0675,1.0007,0.8359,0.9809,0.6815,0.959,0.9405,0.5637,0.0874,0.0857,1.0706,0.979,1.0149,0.7308,0.831,0.9315,0.9766,0.9388,1.0258,0.0861,0.0862,0.0866,0.998,0.911,1.0218,1.0192,0.8838,0.723,0.9334,0.987,1.0777,1.1079,0.0864,0.0867,0.0872,0.0855,0.0862,0.087,0.0873,0.0866,0.0862,0.0864,0.0857,0.0873,0.0883
,19:09:16,42,0.087,0.0863,0.0857,0.0866,0.0856,0.0856,0.0872,0.0865,0.0859,0.0851,0.088,0.0861,0.0855,0.4066,0.4802,0.2065,0.369,0.3462,0.2016,0.2959,0.168,0.3888,0.3047,0.0859,0.0864,0.4329,0.0948,0.415,0.3633,0.2323,0.4468,0.2336,0.1065,0.2988,0.0817,0.0862,0.0856,0.4676,0.3954,0.0824,0.2702,0.3508,0.3345,0.4072,0.4175,0.4365,0.4482,0.0858,0.0854,1.0205,0.8875,1.0657,0.9989,0.8334,0.9799,0.679,0.958,0.939,0.561,0.0865,0.0851,1.069,0.9769,1.0143,0.7295,0.8295,0.9301,0.975,0.9386,1.025,0.0854,0.0857,0.0861,0.9974,0.9086,1.0208,1.0175,0.8815,0.7204,0.9321,0.9861,1.0767,1.1061,0.0859,0.0863,0.0864,0.085,0.0856,0.0865,0.0868,0.0861,0.0854,0.0854,0.0845,0.0866,0.0864
,19:14:16,42.1,0.0872,0.0867,0.0861,0.0865,0.0864,0.0855,0.087,0.087,0.0862,0.0855,0.0893,0.087,0.0859,0.4071,0.4816,0.2078,0.3695,0.3511,0.2057,0.2973,0.171,0.39,0.3039,0.0867,0.086,0.4331,0.0956,0.4196,0.3673,0.2332,0.4469,0.2355,0.1077,0.2976,0.0828,0.0862,0.0862,0.4728,0.3934,0.0833,0.2736,0.3512,0.3352,0.4082,0.4178,0.4361,0.4483,0.0854,0.0858,1.0214,0.8883,1.0656,0.9989,0.8322,0.9794,0.6787,0.9584,0.9386,0.5601,0.0862,0.0853,1.0685,0.9769,1.0136,0.7296,0.8295,0.9306,0.9741,0.9381,1.0243,0.086,0.0859,0.0864,0.998,0.9091,1.022,1.0172,0.8815,0.7203,0.9324,0.9876,1.0771,1.1068,0.0863,0.0864,0.0864,0.0854,0.086,0.0872,0.087,0.0859,0.0863,0.0858,0.0848,0.0872,0.0873
,19:19:16,42,0.0874,0.0877,0.0865,0.0871,0.0858,0.0868,0.0881,0.087,0.0865,0.0861,0.0894,0.0872,0.0864,0.4081,0.4814,0.2093,0.3696,0.3549,0.2095,0.2997,0.1741,0.3897,0.3056,0.0866,0.0869,0.4333,0.097,0.4199,0.3721,0.2357,0.4454,0.2376,0.109,0.2978,0.083,0.0866,0.0863,0.4736,0.3915,0.0841,0.2768,0.3494,0.3341,0.4073,0.4178,0.4365,0.4482,0.086,0.0862,1.0215,0.8884,1.0649,0.9984,0.8314,0.9794,0.6772,0.9588,0.9382,0.5582,0.0867,0.0863,1.0691,0.9761,1.0131,0.7268,0.8287,0.9305,0.9735,0.9361,1.0234,0.0861,0.086,0.0867,0.9981,0.9098,1.0219,1.0167,0.8797,0.7191,0.932,0.987,1.0775,1.1073,0.0865,0.0868,0.0865,0.0858,0.0866,0.0869,0.0875,0.0871,0.0866,0.0864,0.085,0.0873,0.0873
,19:24:16,42,0.0876,0.0874,0.0857,0.0869,0.0857,0.086,0.0867,0.0867,0.0858,0.0852,0.0888,0.0864,0.086,0.4085,0.4807,0.21,0.3687,0.3598,0.2109,0.3001,0.1753,0.39,0.3033,0.0872,0.0865,0.4324,0.0967,0.4187,0.3746,0.2366,0.4448,0.2398,0.109,0.2962,0.0822,0.0862,0.0859,0.4791,0.3886,0.0829,0.2794,0.3491,0.3326,0.4066,0.4162,0.4361,0.4483,0.0856,0.086,1.0215,0.887,1.0633,0.998,0.8295,0.9781,0.675,0.9588,0.9363,0.5576,0.0865,0.0856,1.0675,0.9746,1.0126,0.725,0.8273,0.9289,0.9717,0.9347,1.0236,0.0854,0.0857,0.086,0.998,0.9088,1.0201,1.0171,0.8784,0.7168,0.9316,0.9862,1.0768,1.1061,0.0863,0.0865,0.0867,0.0853,0.0861,0.0869,0.0868,0.0861,0.0859,0.086,0.0847,0.0868,0.0874
,19:29:16,42.1,0.0884,0.087,0.087,0.0869,0.0862,0.0861,0.0875,0.087,0.086,0.0858,0.0893,0.0867,0.0867,0.4101,0.4804,0.2111,0.3686,0.3627,0.2165,0.3022,0.178,0.3891,0.3048,0.087,0.0867,0.4323,0.098,0.4177,0.3787,0.2383,0.4441,0.2411,0.1102,0.297,0.0829,0.0867,0.0867,0.4764,0.3883,0.0836,0.2815,0.3476,0.332,0.407,0.4161,0.4355,0.4483,0.0864,0.0862,1.0226,0.8873,1.0632,0.9982,0.829,0.9777,0.6746,0.9594,0.9349,0.5562,0.087,0.0862,1.067,0.9745,1.0122,0.7247,0.8277,0.9293,0.9711,0.9333,1.0234,0.0865,0.0862,0.0865,0.9986,0.9089,1.0196,1.0167,0.8777,0.7165,0.9314,0.9871,1.0774,1.1078,0.0862,0.0871,0.0865,0.0861,0.086,0.087,0.0873,0.0869,0.0866,0.0869,0.0848,0.0871,0.0876
,19:34:16,42,0.0874,0.087,0.0862,0.0864,0.0858,0.0861,0.0871,0.0868,0.0863,0.0848,0.0891,0.0862,0.086,0.4092,0.4785,0.2118,0.3677,0.3671,0.2191,0.3035,0.18,0.3883,0.3036,0.0862,0.0869,0.4316,0.098,0.4169,0.3826,0.2395,0.4429,0.2433,0.1109,0.2969,0.0823,0.086,0.086,0.4864,0.3874,0.0828,0.2833,0.3465,0.3305,0.4054,0.4156,0.4353,0.4472,0.0864,0.0858,1.0224,0.8863,1.0628,0.9976,0.8279,0.9767,0.6727,0.9587,0.9339,0.5537,0.0861,0.0853,1.0658,0.9733,1.0113,0.7229,0.8262,0.9279,0.9694,0.9317,1.0219,0.0856,0.0857,0.0859,0.9984,0.9072,1.019,1.0162,0.8756,0.7157,0.9304,0.986,1.0771,1.1057,0.0856,0.0865,0.0861,0.0848,0.0857,0.0869,0.0867,0.086,0.086,0.0857,0.0847,0.087,0.0867
,19:39:16,42,0.087,0.0866,0.0864,0.0867,0.0859,0.0858,0.0865,0.0868,0.0857,0.0851,0.0885,0.0864,0.086,0.4107,0.4786,0.213,0.368,0.3732,0.2221,0.305,0.1827,0.3875,0.3042,0.0863,0.0859,0.4313,0.0988,0.4158,0.3852,0.2411,0.4434,0.2458,0.1115,0.2955,0.0826,0.0865,0.0857,0.477,0.3896,0.083,0.2852,0.346,0.3304,0.4058,0.4149,0.4341,0.4475,0.0858,0.086,1.0228,0.8858,1.061,0.9977,0.8266,0.977,0.6709,0.9594,0.9336,0.5528,0.0867,0.0852,1.0649,0.9717,1.0108,0.7219,0.8245,0.9287,0.9677,0.9309,1.0211,0.0857,0.0853,0.0865,0.9979,0.9069,1.0188,1.0155,0.8747,0.7141,0.9298,0.9853,1.0763,1.1066,0.0857,0.0864,0.0859,0.0854,0.0854,0.0863,0.0865,0.0865,0.0863,0.0857,0.0848,0.0871,0.0871
,19:44:16,42,0.0877,0.0873,0.0867,0.0872,0.0866,0.0868,0.0876,0.0875,0.0867,0.0863,0.0898,0.0869,0.0864,0.4128,0.4792,0.2139,0.368,0.3774,0.2254,0.3078,0.1858,0.3881,0.3049,0.0872,0.087,0.4322,0.1004,0.4155,0.3908,0.2428,0.4427,0.2481,0.1132,0.2966,0.0825,0.087,0.0863,0.4851,0.394,0.0835,0.2859,0.3461,0.33,0.406,0.4157,0.4356,0.4474,0.0867,0.0862,1.0242,0.8863,1.0606,0.9979,0.8261,0.9763,0.6698,0.9596,0.9336,0.5526,0.0868,0.0859,1.0649,0.9715,1.0108,0.7213,0.8258,0.9282,0.968,0.9302,1.0204,0.086,0.0865,0.0862,0.9995,0.9069,1.0203,1.0157,0.8743,0.7131,0.9291,0.9878,1.0767,1.107,0.0865,0.0872,0.0876,0.086,0.0864,0.0875,0.0869,0.0869,0.0865,0.0868,0.0856,0.0874,0.0874
,19:49:16,42,0.0878,0.0877,0.0868,0.0873,0.0861,0.0864,0.0874,0.0875,0.0866,0.0865,0.0896,0.0866,0.0861,0.4135,0.4799,0.2151,0.3679,0.3818,0.2272,0.3088,0.1882,0.3871,0.3038,0.0869,0.0863,0.4323,0.1006,0.415,0.3944,0.2447,0.4424,0.2504,0.1144,0.2963,0.0826,0.0869,0.0863,0.4802,0.3918,0.083,0.2889,0.3451,0.3294,0.4058,0.4147,0.4344,0.4471,0.0861,0.0862,1.0235,0.8856,1.0607,0.9977,0.825,0.9758,0.6694,0.9599,0.9321,0.5511,0.0866,0.0859,1.0646,0.9707,1.0105,0.7203,0.8243,0.9281,0.9671,0.9289,1.02,0.0861,0.0864,0.087,0.9991,0.9072,1.0182,1.0151,0.8728,0.7117,0.9287,0.987,1.0772,1.1083,0.0868,0.0864,0.0865,0.0853,0.0861,0.0873,0.0871,0.0864,0.0869,0.0864,0.0851,0.087,0.0878
,19:54:16,42,0.0871,0.0868,0.0862,0.0868,0.0857,0.0857,0.0872,0.0869,0.0861,0.0851,0.0886,0.0867,0.086,0.4137,0.4797,0.2156,0.3667,0.3863,0.2311,0.3098,0.1901,0.3866,0.3025,0.0869,0.0864,0.4312,0.1014,0.4133,0.3976,0.245,0.4416,0.2522,0.1147,0.2952,0.0825,0.0863,0.0864,0.4861,0.3891,0.083,0.2908,0.3438,0.3292,0.4042,0.4146,0.4336,0.4468,0.0859,0.0858,1.0234,0.8856,1.0597,0.9975,0.8237,0.9744,0.6672,0.959,0.931,0.5486,0.0866,0.0857,1.063,0.9691,1.0091,0.7183,0.8235,0.9271,0.9656,0.9262,1.0189,0.0855,0.0856,0.0865,0.9998,0.9056,1.0177,1.0139,0.8707,0.7101,0.9269,0.986,1.0776,1.1091,0.0861,0.0866,0.0863,0.0848,0.0858,0.0865,0.0866,0.0863,0.0862,0.0859,0.0852,0.0868,0.0868
,19:59:16,41.9,0.0874,0.0871,0.086,0.0869,0.0863,0.0864,0.0874,0.0873,0.0864,0.0855,0.089,0.0868,0.0865,0.4151,0.4796,0.2165,0.3672,0.3915,0.2353,0.3114,0.1929,0.3872,0.3034,0.0871,0.0866,0.4315,0.1028,0.4121,0.4015,0.2467,0.4416,0.2539,0.1162,0.2942,0.0828,0.0867,0.087,0.4808,0.39,0.0837,0.2934,0.3426,0.3288,0.4049,0.4143,0.4339,0.4477,0.0859,0.0862,1.0238,0.8849,1.0582,0.9972,0.8215,0.9741,0.6671,0.9587,0.9303,0.5474,0.0866,0.0861,1.0621,0.9684,1.0086,0.7169,0.8215,0.9265,0.9654,0.9255,1.0191,0.0857,0.086,0.087,1.0005,0.9062,1.0194,1.0136,0.8699,0.7093,0.9278,0.9846,1.0771,1.1114,0.0871,0.0869,0.0868,0.0856,0.0862,0.087,0.0875,0.0871,0.0862,0.0862,0.0852,0.0874,0.087
,20:04:16,42,0.0875,0.0874,0.0859,0.0874,0.0858,0.0863,0.0869,0.087,0.0867,0.0855,0.0891,0.0871,0.0862,0.4151,0.4785,0.2192,0.3671,0.3959,0.2385,0.3136,0.1957,0.3867,0.3032,0.0867,0.0869,0.4316,0.1044,0.4112,0.4059,0.2487,0.4417,0.2559,0.1171,0.2954,0.0826,0.0866,0.0865,0.4946,0.3921,0.0832,0.2978,0.3427,0.3277,0.4045,0.4132,0.434,0.4477,0.0861,0.0857,1.0246,0.8851,1.0593,0.9965,0.8207,0.9744,0.6652,0.9592,0.9288,0.5462,0.0868,0.0854,1.0625,0.9674,1.0079,0.7157,0.8196,0.9263,0.9641,0.9247,1.0189,0.0858,0.086,0.0866,1.0006,0.9054,1.0177,1.0132,0.8689,0.708,0.9262,0.9845,1.0768,1.1115,0.0861,0.0864,0.0862,0.0854,0.086,0.087,0.0869,0.0869,0.0864,0.0862,0.0853,0.0875,0.087
,20:09:16,42,0.0877,0.0872,0.0864,0.0872,0.0866,0.0867,0.0875,0.0876,0.0862,0.0866,0.0894,0.0873,0.0866,0.4153,0.4795,0.22,0.3671,0.401,0.2428,0.3156,0.1986,0.3862,0.3042,0.087,0.0871,0.4311,0.1052,0.4114,0.4096,0.2498,0.4408,0.2593,0.1189,0.2945,0.0832,0.0874,0.0866,0.488,0.3931,0.0842,0.2982,0.3422,0.3271,0.4043,0.414,0.4334,0.447,0.0868,0.0862,1.0243,0.8852,1.0587,0.9963,0.8205,0.9739,0.6633,0.9593,0.9284,0.5455,0.087,0.0863,1.0608,0.9675,1.0074,0.7147,0.8194,0.9262,0.9631,0.9232,1.0187,0.0861,0.0863,0.0866,1.001,0.9047,1.0203,1.0131,0.8682,0.7074,0.9256,0.9852,1.0781,1.1124,0.087,0.0869,0.087,0.0857,0.0865,0.0873,0.0871,0.0869,0.0865,0.0865,0.0855,0.0874,0.0881
,20:14:16,41.9,0.0867,0.0865,0.086,0.0862,0.0857,0.0857,0.0865,0.0862,0.0859,0.0854,0.0892,0.0866,0.0855,0.4142,0.4775,0.2203,0.3661,0.4051,0.2453,0.3166,0.2001,0.3851,0.3026,0.0862,0.0859,0.4302,0.1055,0.411,0.4135,0.2507,0.4397,0.2603,0.1188,0.2941,0.0819,0.0861,0.0858,0.494,0.3967,0.0823,0.2997,0.3402,0.3263,0.4031,0.4127,0.4334,0.4463,0.0857,0.0853,1.0235,0.8846,1.0556,0.9956,0.8176,0.973,0.6607,0.9575,0.9273,0.5432,0.0863,0.0852,1.0604,0.9659,1.0053,0.7136,0.8176,0.9258,0.9622,0.9228,1.0169,0.0857,0.0855,0.0858,0.9998,0.9044,1.0191,1.0121,0.8661,0.7053,0.9237,0.9839,1.0767,1.1118,0.0858,0.086,0.0864,0.0851,0.0853,0.0867,0.0866,0.0862,0.0854,0.0857,0.0844,0.0865,0.087
,20:19:16,42,0.0878,0.0869,0.0864,0.0867,0.0863,0.086,0.087,0.0871,0.0862,0.0858,0.0889,0.0866,0.086,0.4148,0.4778,0.2226,0.3656,0.4097,0.2495,0.318,0.2037,0.3857,0.3022,0.0864,0.0869,0.4309,0.1074,0.4112,0.4174,0.2517,0.4391,0.263,0.1205,0.2937,0.0823,0.0866,0.0859,0.4878,0.399,0.0833,0.3045,0.3397,0.3252,0.4023,0.4126,0.4332,0.4466,0.0863,0.0858,1.0241,0.8836,1.0561,0.9958,0.8176,0.9717,0.6601,0.9583,0.9265,0.542,0.0865,0.0853,1.0599,0.9654,1.0063,0.7119,0.8172,0.925,0.9621,0.9213,1.0173,0.0861,0.0854,0.0861,1.0004,0.9044,1.0178,1.0118,0.8643,0.7037,0.9234,0.9835,1.0769,1.1108,0.0862,0.0861,0.0866,0.0853,0.0864,0.0865,0.087,0.0866,0.0862,0.0862,0.0848,0.0867,0.0878
,20:24:16,42,0.0874,0.0873,0.086,0.0865,0.086,0.0861,0.0877,0.0872,0.0863,0.0854,0.0896,0.087,0.0865,0.4144,0.4785,0.2238,0.3662,0.4146,0.2527,0.3197,0.2063,0.3853,0.3019,0.0866,0.0867,0.4309,0.1085,0.4128,0.4215,0.2538,0.4387,0.2652,0.122,0.2945,0.0824,0.0865,0.086,0.4883,0.3967,0.0835,0.3055,0.3389,0.3253,0.4024,0.4122,0.4329,0.4469,0.0861,0.0864,1.0246,0.8838,1.057,0.9957,0.8166,0.972,0.6594,0.9579,0.9256,0.541,0.0869,0.0858,1.0588,0.9645,1.006,0.7109,0.8165,0.9248,0.9613,0.92,1.0161,0.0857,0.0861,0.0862,1.0006,0.9041,1.0185,1.0116,0.8629,0.7029,0.9225,0.9837,1.0773,1.11,0.086,0.0862,0.0867,0.0854,0.0857,0.0873,0.0868,0.0868,0.0865,0.0861,0.0853,0.0874,0.0873
,20:29:16,42.1,0.0877,0.0872,0.087,0.0873,0.0865,0.0862,0.0874,0.0876,0.0859,0.0858,0.0892,0.0868,0.0861,0.4137,0.4786,0.2244,0.3655,0.4208,0.2562,0.3215,0.2096,0.385,0.3017,0.0872,0.0872,0.4306,0.1098,0.4145,0.4256,0.2553,0.4391,0.2675,0.1235,0.2944,0.083,0.0872,0.0864,0.4974,0.3945,0.0838,0.3104,0.3388,0.3248,0.4021,0.4126,0.4337,0.4474,0.0865,0.0865,1.0249,0.8833,1.0559,0.9951,0.8156,0.9711,0.6583,0.9574,0.925,0.5396,0.0872,0.0857,1.0589,0.9639,1.0054,0.7103,0.8156,0.9254,0.9602,0.9183,1.0155,0.0863,0.0865,0.0868,1.0013,0.9044,1.0188,1.0116,0.8619,0.7021,0.9227,0.9843,1.0765,1.1112,0.0864,0.0868,0.0868,0.0852,0.086,0.0872,0.0875,0.087,0.0869,0.0869,0.0858,0.0874,0.0881
,20:34:16,41.9,0.0875,0.0871,0.0863,0.0863,0.086,0.0858,0.087,0.0874,0.0857,0.0854,0.0886,0.0861,0.0856,0.4139,0.4779,0.225,0.3647,0.4252,0.2595,0.3218,0.2117,0.3842,0.3015,0.0865,0.0857,0.43,0.1112,0.4146,0.4289,0.2569,0.4377,0.2698,0.1242,0.2927,0.0821,0.0861,0.0861,0.4953,0.3935,0.0828,0.3105,0.337,0.3239,0.4006,0.4118,0.4316,0.4457,0.0861,0.0859,1.0242,0.8829,1.0537,0.9943,0.8131,0.9701,0.6565,0.9572,0.9235,0.5373,0.0861,0.0856,1.0575,0.9629,1.0038,0.7084,0.8153,0.9236,0.9593,0.918,1.015,0.0856,0.0852,0.0858,1.0009,0.9028,1.0176,1.0104,0.8602,0.7009,0.9206,0.9825,1.0767,1.1106,0.0858,0.0866,0.0863,0.085,0.0858,0.0868,0.0866,0.0865,0.0861,0.0858,0.0846,0.0873,0.087
,20:39:16,42,0.0876,0.087,0.0861,0.0874,0.0863,0.0865,0.0874,0.0874,0.0867,0.0861,0.089,0.087,0.0863,0.4136,0.4789,0.2265,0.3646,0.4319,0.2641,0.324,0.2153,0.3847,0.3024,0.0875,0.0865,0.4301,0.1129,0.415,0.4295,0.2587,0.438,0.2726,0.1263,0.2938,0.0826,0.0869,0.0862,0.493,0.3926,0.084,0.314,0.3369,0.324,0.4016,0.4118,0.4327,0.4465,0.0864,0.0862,1.0248,0.8827,1.0539,0.9949,0.8126,0.9704,0.6554,0.957,0.9227,0.536,0.087,0.0856,1.0569,0.9632,1.0037,0.7076,0.8147,0.9245,0.9588,0.9161,1.0141,0.0861,0.0863,0.0864,1.0018,0.9033,1.0199,1.0105,0.8596,0.6998,0.9204,0.9832,1.0773,1.1106,0.0864,0.0868,0.0868,0.0856,0.0866,0.0874,0.0871,0.0866,0.0864,0.0867,0.0857,0.0876,0.0879
,20:44:16,42.1,0.0877,0.0872,0.0862,0.0867,0.086,0.0864,0.0873,0.0874,0.0862,0.0857,0.0897,0.0869,0.086,0.4134,0.4787,0.2287,0.3646,0.4354,0.2668,0.3251,0.2182,0.3849,0.3028,0.0872,0.0863,0.4304,0.1138,0.4148,0.4283,0.26,0.4373,0.2753,0.1274,0.294,0.0828,0.0867,0.0863,0.489,0.3938,0.0831,0.318,0.3365,0.3224,0.401,0.4107,0.4318,0.446,0.0863,0.0863,1.0242,0.8819,1.0535,0.9934,0.8119,0.9695,0.6535,0.9569,0.9218,0.5341,0.0869,0.0857,1.0564,0.9624,1.0025,0.7068,0.8138,0.9233,0.9581,0.9153,1.0133,0.0859,0.0859,0.0866,1.0019,0.9022,1.0204,1.0105,0.8585,0.6992,0.9191,0.9818,1.0772,1.1109,0.0867,0.0864,0.0873,0.0855,0.0855,0.0874,0.0872,0.0864,0.086,0.0861,0.0851,0.0871,0.0874
,20:49:16,42,0.0873,0.0868,0.0857,0.0866,0.0865,0.0855,0.087,0.0872,0.0862,0.0853,0.0888,0.0867,0.0855,0.4127,0.4784,0.2289,0.3639,0.4405,0.2709,0.324,0.2208,0.3832,0.3004,0.0867,0.0867,0.4297,0.1155,0.4146,0.4281,0.2613,0.4372,0.2774,0.1287,0.2935,0.0819,0.0865,0.0865,0.4944,0.3948,0.0832,0.3164,0.3357,0.3225,0.4005,0.4099,0.4313,0.4463,0.0862,0.0858,1.0248,0.882,1.0522,0.9935,0.8104,0.9691,0.652,0.957,0.9208,0.5335,0.0866,0.0857,1.0544,0.9617,1.002,0.7052,0.8125,0.9227,0.9576,0.9139,1.0136,0.0853,0.0854,0.0859,1.002,0.9021,1.0188,1.0093,0.856,0.6976,0.9183,0.9819,1.0774,1.1106,0.0865,0.0866,0.0859,0.0851,0.0861,0.0866,0.0869,0.0864,0.0864,0.0862,0.0847,0.087,0.0873
,20:54:16,42,0.0878,0.0875,0.0862,0.0871,0.0865,0.0864,0.0875,0.087,0.0866,0.0857,0.0892,0.087,0.0866,0.4126,0.4778,0.2299,0.3642,0.4399,0.2748,0.3236,0.2238,0.384,0.3025,0.0871,0.0868,0.4294,0.1177,0.415,0.4279,0.2634,0.4364,0.2803,0.131,0.2934,0.0826,0.0865,0.0865,0.4928,0.3992,0.0832,0.3204,0.3349,0.3213,0.4005,0.4101,0.4315,0.4469,0.0865,0.0859,1.0244,0.8816,1.0523,0.9928,0.8093,0.9686,0.6513,0.9567,0.9201,0.5333,0.087,0.086,1.0547,0.962,1.0018,0.7039,0.8122,0.9222,0.9572,0.9125,1.0129,0.0861,0.0865,0.0864,1.0022,0.9021,1.0175,1.0084,0.8555,0.6964,0.917,0.9813,1.0763,1.1104,0.0863,0.0862,0.0865,0.086,0.0864,0.0875,0.087,0.0864,0.0862,0.0863,0.0848,0.0868,0.0877
,20:59:16,41.9,0.0875,0.0871,0.0865,0.0872,0.0866,0.0862,0.0872,0.0871,0.0858,0.086,0.0888,0.0866,0.0864,0.4134,0.477,0.2315,0.3634,0.4399,0.2787,0.3236,0.2273,0.3834,0.3019,0.0866,0.087,0.4297,0.1184,0.4138,0.4273,0.2656,0.4359,0.2828,0.1327,0.2942,0.0829,0.0866,0.0863,0.4921,0.3995,0.083,0.3245,0.3343,0.3211,0.4,0.4099,0.4316,0.4462,0.0859,0.0862,1.0244,0.8824,1.0518,0.9928,0.809,0.969,0.6495,0.9568,0.9199,0.5315,0.0867,0.0857,1.0536,0.9606,1.0008,0.7023,0.8113,0.9218,0.9567,0.912,1.0122,0.086,0.0861,0.0867,1.0027,0.9012,1.0191,1.0082,0.855,0.6954,0.9168,0.9806,1.077,1.1109,0.0859,0.0867,0.0863,0.0856,0.0865,0.087,0.0868,0.0866,0.0867,0.0865,0.0851,0.087,0.0876
,21:04:16,42,0.0866,0.0869,0.0857,0.0864,0.0854,0.086,0.0871,0.0868,0.0859,0.0857,0.0887,0.0864,0.0859,0.4123,0.4766,0.2322,0.3626,0.4396,0.2823,0.3222,0.2294,0.3828,0.3016,0.0861,0.0863,0.4292,0.1195,0.4142,0.4265,0.2666,0.4344,0.2852,0.1332,0.2934,0.0823,0.0863,0.0861,0.4872,0.395,0.0831,0.3241,0.3342,0.3202,0.3991,0.4089,0.4309,0.4462,0.0859,0.0862,1.0249,0.8813,1.053,0.9924,0.8074,0.9684,0.6478,0.9562,0.9182,0.5308,0.0864,0.0853,1.0526,0.9599,1.0002,0.7014,0.8104,0.9208,0.9558,0.9101,1.0121,0.0853,0.0857,0.0863,1.0019,0.9009,1.02,1.0075,0.8529,0.6945,0.9156,0.9809,1.077,1.1095,0.086,0.086,0.0865,0.0855,0.0859,0.0869,0.0864,0.0861,0.0858,0.0856,0.0848,0.0869,0.0872
,21:09:16,42,0.0875,0.0873,0.0862,0.0867,0.0861,0.0861,0.0873,0.0868,0.0863,0.0859,0.0897,0.0867,0.0861,0.412,0.4779,0.2334,0.3624,0.441,0.2872,0.3227,0.233,0.3832,0.3032,0.087,0.0871,0.4289,0.1222,0.4136,0.4257,0.2683,0.4353,0.2887,0.1357,0.2938,0.0825,0.0871,0.0865,0.4942,0.3949,0.0835,0.327,0.3337,0.32,0.3992,0.4091,0.4307,0.4464,0.0865,0.0861,1.0256,0.8812,1.0521,0.9925,0.8068,0.9677,0.6477,0.9559,0.918,0.5287,0.0873,0.086,1.0521,0.9594,0.9996,0.7007,0.8102,0.9221,0.9551,0.909,1.0108,0.086,0.0859,0.0866,1.0026,0.9004,1.0189,1.0075,0.8523,0.6934,0.915,0.981,1.0772,1.1096,0.086,0.0866,0.0871,0.0856,0.0864,0.0874,0.0875,0.0864,0.086,0.0865,0.0855,0.0874,0.0875
,21:14:16,42,0.0875,0.087,0.0863,0.0869,0.0861,0.0859,0.0875,0.0871,0.0867,0.0857,0.0889,0.0865,0.0862,0.4118,0.4772,0.235,0.3637,0.4392,0.291,0.3217,0.2367,0.3832,0.3022,0.0866,0.0867,0.4291,0.1237,0.414,0.4251,0.2702,0.4347,0.2918,0.137,0.2926,0.0825,0.0868,0.0863,0.488,0.3947,0.0832,0.3307,0.3329,0.3185,0.3988,0.4084,0.4308,0.4457,0.0857,0.0861,1.0254,0.88,1.05,0.9928,0.8061,0.9667,0.6456,0.956,0.9165,0.5271,0.0863,0.0861,1.0512,0.9585,0.9998,0.6986,0.8083,0.921,0.9541,0.9098,1.0098,0.0858,0.0862,0.0863,1.0028,0.8993,1.0194,1.0068,0.8509,0.6918,0.9138,0.9799,1.0764,1.1095,0.0862,0.0867,0.0866,0.0852,0.0862,0.0873,0.0872,0.086,0.0862,0.0862,0.0848,0.0873,0.0871
,21:19:16,42,0.0868,0.0864,0.0856,0.086,0.0855,0.0853,0.0866,0.0866,0.0858,0.0853,0.0885,0.0864,0.0859,0.4111,0.477,0.235,0.3618,0.4388,0.2947,0.3207,0.2384,0.382,0.3023,0.0864,0.0863,0.4281,0.1252,0.4129,0.4238,0.2721,0.434,0.2941,0.138,0.2929,0.0822,0.086,0.086,0.487,0.3952,0.0822,0.3339,0.3313,0.3186,0.3987,0.4078,0.4298,0.4453,0.0851,0.0859,1.025,0.8793,1.0503,0.991,0.8045,0.9664,0.6441,0.9546,0.9158,0.5258,0.0862,0.0854,1.0495,0.9581,0.9987,0.6969,0.8079,0.9197,0.9532,0.9072,1.009,0.0859,0.0857,0.0859,1.002,0.8981,1.0187,1.0054,0.8498,0.6913,0.9119,0.9793,1.0758,1.109,0.0858,0.086,0.0864,0.0846,0.0857,0.0868,0.0864,0.0857,0.0857,0.0856,0.0843,0.0862,0.087
,21:24:16,42.1,0.0873,0.0871,0.0861,0.0866,0.0859,0.0861,0.0873,0.0867,0.0859,0.0857,0.0888,0.0867,0.0862,0.4118,0.4775,0.2367,0.3627,0.4385,0.3001,0.32,0.2436,0.3828,0.304,0.0868,0.087,0.4286,0.1277,0.4134,0.4239,0.2747,0.4335,0.2969,0.1407,0.2927,0.0822,0.0862,0.0859,0.4869,0.3966,0.083,0.3364,0.3307,0.3176,0.3987,0.4081,0.4304,0.4452,0.0863,0.0865,1.0255,0.8786,1.049,0.9923,0.8035,0.966,0.6437,0.9551,0.9158,0.525,0.0869,0.0859,1.0504,0.9589,0.9976,0.6972,0.8077,0.9204,0.9544,0.9057,1.0091,0.0857,0.0857,0.0864,1.0027,0.8985,1.0191,1.0064,0.8492,0.6905,0.9128,0.9792,1.0766,1.109,0.0866,0.0863,0.0866,0.0854,0.0864,0.0868,0.0872,0.0863,0.0864,0.0863,0.0852,0.0873,0.0872
,21:29:16,42,0.0869,0.0868,0.0856,0.0866,0.0854,0.0857,0.0863,0.0867,0.0863,0.085,0.0887,0.0859,0.0858,0.4114,0.477,0.2372,0.3615,0.4416,0.304,0.3191,0.2446,0.382,0.3035,0.0867,0.0859,0.4279,0.1292,0.4125,0.4221,0.2754,0.433,0.2996,0.142,0.2917,0.0822,0.0859,0.086,0.4863,0.3986,0.0828,0.3366,0.3301,0.3173,0.3977,0.4078,0.4298,0.4444,0.0854,0.0862,1.0249,0.8773,1.0508,0.9913,0.8024,0.9662,0.6418,0.9554,0.9136,0.5232,0.0862,0.085,1.0479,0.9581,0.9969,0.6949,0.8074,0.9194,0.9535,0.9037,1.0082,0.0851,0.0861,0.086,1.0022,0.8978,1.0182,1.005,0.8483,0.6894,0.9111,0.9784,1.0756,1.1086,0.0855,0.0859,0.086,0.0851,0.0854,0.0864,0.0864,0.086,0.0862,0.0855,0.0849,0.0868,0.0866
,21:34:16,42,0.0873,0.0866,0.0858,0.0866,0.0863,0.0858,0.087,0.0866,0.0864,0.0857,0.0891,0.0865,0.0863,0.4114,0.4778,0.2382,0.3624,0.4377,0.3089,0.3186,0.2511,0.3818,0.3039,0.0867,0.0863,0.4285,0.1318,0.4127,0.4222,0.2778,0.4333,0.303,0.144,0.2921,0.0829,0.0864,0.086,0.4865,0.4004,0.0832,0.3393,0.3301,0.3168,0.3973,0.4073,0.4293,0.4453,0.0861,0.0862,1.0252,0.8772,1.0502,0.9909,0.8015,0.965,0.6411,0.956,0.9143,0.5224,0.0865,0.0857,1.0481,0.9575,0.9976,0.6938,0.8078,0.9202,0.9526,0.903,1.0079,0.0857,0.0861,0.0859,1.0022,0.8973,1.0177,1.0056,0.8481,0.6893,0.9108,0.9793,1.0764,1.1089,0.0866,0.0864,0.0871,0.0853,0.086,0.0868,0.0873,0.0866,0.0861,0.0859,0.0849,0.0867,0.0871
,21:39:16,42,0.0871,0.0865,0.0864,0.0865,0.086,0.0858,0.087,0.0867,0.0856,0.0854,0.089,0.0862,0.0861,0.4107,0.4767,0.2384,0.3611,0.4375,0.3129,0.3188,0.2515,0.3814,0.3031,0.0867,0.0862,0.4273,0.1338,0.4125,0.4218,0.2787,0.4319,0.3048,0.1458,0.2905,0.0827,0.0861,0.0858,0.485,0.399,0.0832,0.3421,0.33,0.3149,0.3969,0.4068,0.4288,0.4446,0.0855,0.0856,1.0249,0.8762,1.0492,0.9903,0.8005,0.9648,0.6388,0.956,0.9122,0.5207,0.0864,0.0858,1.0475,0.9567,0.9962,0.6935,0.8069,0.919,0.9518,0.9033,1.0072,0.0857,0.0856,0.0858,1.0024,0.8968,1.0185,1.0044,0.8469,0.6879,0.9089,0.9788,1.0755,1.1074,0.0863,0.0862,0.0862,0.0852,0.0855,0.0868,0.0867,0.0858,0.0857,0.0858,0.0845,0.0872,0.0871
,21:44:16,42,0.0871,0.0865,0.0858,0.0868,0.0857,0.0857,0.0871,0.0868,0.0859,0.0854,0.0893,0.0867,0.0862,0.4109,0.4768,0.2394,0.3609,0.4375,0.3179,0.3175,0.2532,0.3816,0.3037,0.0867,0.0863,0.4271,0.1357,0.4128,0.4214,0.2817,0.4315,0.3085,0.1481,0.2913,0.0828,0.0866,0.0862,0.4885,0.3965,0.0836,0.3453,0.3288,0.3145,0.3969,0.4068,0.4287,0.4444,0.0855,0.0859,1.0249,0.8752,1.0489,0.9902,0.7998,0.9649,0.6383,0.9551,0.9109,0.519,0.0864,0.0855,1.0459,0.9555,0.9953,0.6925,0.8062,0.9183,0.9516,0.9022,1.0071,0.0851,0.0854,0.0861,1.0027,0.8961,1.0175,1.0042,0.8453,0.687,0.9074,0.9777,1.0754,1.1078,0.0858,0.086,0.0868,0.0852,0.0857,0.0864,0.0869,0.0865,0.0855,0.0863,0.0847,0.0865,0.0875
,21:49:16,42,0.0875,0.0874,0.0863,0.0866,0.0865,0.0863,0.0875,0.087,0.0865,0.0861,0.0893,0.0868,0.0865,0.4108,0.4778,0.2408,0.3603,0.4381,0.3224,0.3185,0.2588,0.382,0.3028,0.0869,0.0864,0.4271,0.1389,0.4126,0.4217,0.2842,0.4317,0.3114,0.1506,0.29,0.0826,0.0863,0.086,0.4871,0.3946,0.083,0.3512,0.3282,0.3141,0.3964,0.4066,0.4287,0.4454,0.0863,0.0866,1.0257,0.8755,1.0479,0.9905,0.7988,0.9637,0.6369,0.9559,0.9104,0.5193,0.0866,0.0855,1.0461,0.9558,0.9961,0.6909,0.806,0.9179,0.951,0.9012,1.006,0.0859,0.0856,0.0863,1.0035,0.896,1.0155,1.0037,0.8444,0.6862,0.9074,0.9774,1.0761,1.1085,0.0867,0.0867,0.087,0.0855,0.0865,0.0868,0.0873,0.0863,0.0864,0.0864,0.0854,0.0872,0.0877
,21:54:16,42,0.0872,0.0872,0.0861,0.0866,0.0857,0.0865,0.0874,0.0866,0.0862,0.0856,0.0888,0.0864,0.0864,0.4103,0.4765,0.2413,0.3609,0.4382,0.3273,0.3176,0.2567,0.3809,0.302,0.0868,0.0871,0.4274,0.1407,0.4121,0.4219,0.287,0.431,0.3145,0.1525,0.2892,0.0829,0.0863,0.086,0.4866,0.3917,0.0828,0.3542,0.3283,0.3137,0.3967,0.4058,0.4291,0.4448,0.086,0.0855,1.0255,0.8739,1.0473,0.9895,0.7974,0.9636,0.6355,0.9553,0.9092,0.5181,0.0863,0.0855,1.0451,0.9552,0.995,0.6903,0.8042,0.9186,0.9507,0.8991,1.0046,0.0859,0.0859,0.0867,1.0036,0.8961,1.0148,1.0036,0.8433,0.6846,0.9064,0.9761,1.075,1.1072,0.0857,0.0869,0.0873,0.0855,0.086,0.0873,0.0873,0.0865,0.0857,0.0863,0.0855,0.0871,0.087
,21:59:16,42,0.088,0.0878,0.0865,0.0869,0.0865,0.0863,0.088,0.0876,0.0864,0.0862,0.0894,0.0866,0.0865,0.411,0.4765,0.2425,0.3606,0.4385,0.332,0.3176,0.2612,0.3815,0.3024,0.0867,0.0873,0.4279,0.1441,0.4121,0.4221,0.2882,0.4316,0.3181,0.1549,0.2891,0.0826,0.0866,0.0867,0.486,0.3901,0.0837,0.3565,0.3278,0.3136,0.3964,0.406,0.4289,0.4449,0.0863,0.0861,1.0258,0.8747,1.0487,0.989,0.7977,0.9638,0.6347,0.9553,0.9091,0.5156,0.087,0.0856,1.0445,0.9555,0.9946,0.6887,0.8038,0.918,0.95,0.8964,1.0052,0.0864,0.0867,0.0864,1.0036,0.8954,1.0149,1.0031,0.8439,0.6856,0.9049,0.9762,1.0754,1.1075,0.0861,0.0866,0.0864,0.086,0.086,0.0875,0.0874,0.0868,0.0866,0.0862,0.0857,0.0871,0.0873
,22:04:16,42,0.0871,0.0867,0.0856,0.0863,0.0862,0.0856,0.0868,0.0869,0.0857,0.0854,0.0888,0.0864,0.0854,0.4102,0.4758,0.2433,0.3604,0.439,0.337,0.3172,0.2652,0.3812,0.3013,0.0869,0.0859,0.4271,0.1462,0.411,0.4222,0.2901,0.4298,0.3188,0.1565,0.2878,0.082,0.0864,0.0862,0.4874,0.39,0.0831,0.357,0.3265,0.3125,0.3954,0.4049,0.4283,0.4442,0.0859,0.0852,1.0249,0.8732,1.0472,0.9877,0.7956,0.9614,0.6334,0.9556,0.9076,0.514,0.0862,0.0857,1.0432,0.9547,0.9936,0.6874,0.8028,0.9159,0.9495,0.895,1.0044,0.0856,0.0851,0.0855,1.0032,0.8947,1.0136,1.0019,0.8415,0.6835,0.9039,0.9747,1.0749,1.1069,0.086,0.0861,0.0864,0.0851,0.0857,0.0868,0.0868,0.0859,0.0861,0.0862,0.0847,0.0872,0.0871
,,,,,,,,,,,,,,,,,,,,,,,,,,,,,,,,,,,,,,,,,,,,,,,,,,,,,,,,,,,,,,,,,,,,,,,,,,,,,,,,,,,,,,,,,,,,,,,,,,
Results,,,,,,,,,,,,,,,,,,,,,,,,,,,,,,,,,,,,,,,,,,,,,,,,,,,,,,,,,,,,,,,,,,,,,,,,,,,,,,,,,,,,,,,,,,,,,,,,,,
,,,,,,,,,,,,,,,,,,,,,,,,,,,,,,,,,,,,,,,,,,,,,,,,,,,,,,,,,,,,,,,,,,,,,,,,,,,,,,,,,,,,,,,,,,,,,,,,,,
,,1,2,3,4,5,6,7,8,9,10,11,12,,,,,,,,,,,,,,,,,,,,,,,,,,,,,,,,,,,,,,,,,,,,,,,,,,,,,,,,,,,,,,,,,,,,,,,,,,,,,,,,,,,,,
,A,0.066,0.066,-0.064,0.062,-0.124,-0.074,-0.066,0.07,-0.068,0.066,-0.174,0.088,Max V [600],,,,,,,,,,,,,,,,,,,,,,,,,,,,,,,,,,,,,,,,,,,,,,,,,,,,,,,,,,,,,,,,,,,,,,,,,,,,,,,,,,,,
,,0.73,0.818,0.905,0.849,0.953,0.773,0.736,0.779,0.652,0.83,0.934,0.958,R-Squared [600],,,,,,,,,,,,,,,,,,,,,,,,,,,,,,,,,,,,,,,,,,,,,,,,,,,,,,,,,,,,,,,,,,,,,,,,,,,,,,,,,,,,
,,11:29:16,17:49:16,10:49:16,9:49:16,4:24:16,2:19:16,6:24:16,17:54:16,12:34:16,10:39:16,2:54:16,16:04:16,t at Max V [600],,,,,,,,,,,,,,,,,,,,,,,,,,,,,,,,,,,,,,,,,,,,,,,,,,,,,,,,,,,,,,,,,,,,,,,,,,,,,,,,,,,,
,,11:43:49,18:03:31,10:28:01,10:12:30,3:34:35,2:13:19,6:06:05,18:19:07,12:21:37,10:31:05,2:10:01,16:07:41,Lagtime [600],,,,,,,,,,,,,,,,,,,,,,,,,,,,,,,,,,,,,,,,,,,,,,,,,,,,,,,,,,,,,,,,,,,,,,,,,,,,,,,,,,,,
,B,-0.066,0.768,1.226,0.39,0.794,1.1,0.956,0.436,0.7,0.956,1.264,0.08,Max V [600],,,,,,,,,,,,,,,,,,,,,,,,,,,,,,,,,,,,,,,,,,,,,,,,,,,,,,,,,,,,,,,,,,,,,,,,,,,,,,,,,,,,
,,0.843,1,0.999,0.981,0.988,0.996,1,0.997,0.947,1,0.993,0.909,R-Squared [600],,,,,,,,,,,,,,,,,,,,,,,,,,,,,,,,,,,,,,,,,,,,,,,,,,,,,,,,,,,,,,,,,,,,,,,,,,,,,,,,,,,,
,,8:34:16,16:59:16,11:29:16,13:09:16,7:24:16,20:29:16,21:54:16,14:39:16,21:24:16,11:49:16,14:14:16,9:24:16,t at Max V [600],,,,,,,,,,,,,,,,,,,,,,,,,,,,,,,,,,,,,,,,,,,,,,,,,,,,,,,,,,,,,,,,,,,,,,,,,,,,,,,,,,,,
,,8:30:38,10:53:46,6:56:42,11:28:48,5:17:05,15:29:25,17:46:20,10:19:38,17:47:01,6:19:19,11:35:33,9:25:31,Lagtime [600],,,,,,,,,,,,,,,,,,,,,,,,,,,,,,,,,,,,,,,,,,,,,,,,,,,,,,,,,,,,,,,,,,,,,,,,,,,,,,,,,,,,
,C,0.08,1.084,0.524,1.134,0.8,0.486,1.116,0.652,-0.542,0.548,-0.068,-0.07,Max V [600],,,,,,,,,,,,,,,,,,,,,,,,,,,,,,,,,,,,,,,,,,,,,,,,,,,,,,,,,,,,,,,,,,,,,,,,,,,,,,,,,,,,
,,0.909,0.999,0.992,0.998,1,0.983,0.998,0.998,0.874,0.991,0.785,0.716,R-Squared [600],,,,,,,,,,,,,,,,,,,,,,,,,,,,,,,,,,,,,,,,,,,,,,,,,,,,,,,,,,,,,,,,,,,,,,,,,,,,,,,,,,,,
,,17:54:16,14:29:16,21:54:16,18:09:16,20:19:16,21:49:16,17:49:16,21:49:16,0:14:16,15:59:16,10:54:16,3:19:16,t at Max V [600],,,,,,,,,,,,,,,,,,,,,,,,,,,,,,,,,,,,,,,,,,,,,,,,,,,,,,,,,,,,,,,,,,,,,,,,,,,,,,,,,,,,
,,17:45:31,9:10:43,20:08:19,14:16:44,13:30:30,15:16:58,12:44:44,16:07:27,0:06:18,11:00:57,10:38:41,3:21:16,Lagtime [600],,,,,,,,,,,,,,,,,,,,,,,,,,,,,,,,,,,,,,,,,,,,,,,,,,,,,,,,,,,,,,,,,,,,,,,,,,,,,,,,,,,,
,D,0.084,1.19,0.976,-0.092,0.778,0.634,-1.112,0.916,1.16,1.14,1.308,0.074,Max V [600],,,,,,,,,,,,,,,,,,,,,,,,,,,,,,,,,,,,,,,,,,,,,,,,,,,,,,,,,,,,,,,,,,,,,,,,,,,,,,,,,,,,
,,0.913,0.998,0.99,0.776,0.983,0.996,0.823,0.998,0.997,0.997,1,0.733,R-Squared [600],,,,,,,,,,,,,,,,,,,,,,,,,,,,,,,,,,,,,,,,,,,,,,,,,,,,,,,,,,,,,,,,,,,,,,,,,,,,,,,,,,,,
,,17:54:16,16:09:16,17:59:16,0:19:16,21:44:16,12:24:16,0:14:16,11:04:16,12:19:16,14:29:16,10:39:16,9:49:16,t at Max V [600],,,,,,,,,,,,,,,,,,,,,,,,,,,,,,,,,,,,,,,,,,,,,,,,,,,,,,,,,,,,,,,,,,,,,,,,,,,,,,,,,,,,
,,17:52:36,11:54:39,12:51:20,0:12:32,16:14:18,8:39:00,?????,4:43:00,7:17:20,9:29:56,6:27:40,9:42:47,Lagtime [600],,,,,,,,,,,,,,,,,,,,,,,,,,,,,,,,,,,,,,,,,,,,,,,,,,,,,,,,,,,,,,,,,,,,,,,,,,,,,,,,,,,,
,E,-0.078,4.952,5.06,-7.096,5.274,5.102,4.664,4.454,5.158,5.508,4.072,-0.066,Max V [600],,,,,,,,,,,,,,,,,,,,,,,,,,,,,,,,,,,,,,,,,,,,,,,,,,,,,,,,,,,,,,,,,,,,,,,,,,,,,,,,,,,,
,,0.934,0.995,0.995,0.745,0.994,0.993,0.996,0.997,0.997,0.997,0.995,0.87,R-Squared [600],,,,,,,,,,,,,,,,,,,,,,,,,,,,,,,,,,,,,,,,,,,,,,,,,,,,,,,,,,,,,,,,,,,,,,,,,,,,,,,,,,,,
,,16:29:16,2:39:16,2:54:16,0:14:16,2:54:16,2:49:16,2:49:16,2:24:16,2:59:16,2:44:16,2:34:16,2:19:16,t at Max V [600],,,,,,,,,,,,,,,,,,,,,,,,,,,,,,,,,,,,,,,,,,,,,,,,,,,,,,,,,,,,,,,,,,,,,,,,,,,,,,,,,,,,
,,16:35:56,1:39:25,1:48:50,?????,1:53:39,1:44:59,1:38:36,1:35:24,2:02:07,1:43:19,1:34:10,2:29:16,Lagtime [600],,,,,,,,,,,,,,,,,,,,,,,,,,,,,,,,,,,,,,,,,,,,,,,,,,,,,,,,,,,,,,,,,,,,,,,,,,,,,,,,,,,,
,F,-0.086,3.99,5.204,4.798,4.19,4.976,5.156,3.012,4.72,5.172,0.07,-0.082,Max V [600],,,,,,,,,,,,,,,,,,,,,,,,,,,,,,,,,,,,,,,,,,,,,,,,,,,,,,,,,,,,,,,,,,,,,,,,,,,,,,,,,,,,
,,0.963,0.999,0.997,0.996,0.992,0.994,0.996,1,1,0.997,0.858,0.863,R-Squared [600],,,,,,,,,,,,,,,,,,,,,,,,,,,,,,,,,,,,,,,,,,,,,,,,,,,,,,,,,,,,,,,,,,,,,,,,,,,,,,,,,,,,
,,17:39:16,3:14:16,7:49:16,2:59:16,3:29:16,2:59:16,2:34:16,4:44:16,3:14:16,2:44:16,11:29:16,17:39:16,t at Max V [600],,,,,,,,,,,,,,,,,,,,,,,,,,,,,,,,,,,,,,,,,,,,,,,,,,,,,,,,,,,,,,,,,,,,,,,,,,,,,,,,,,,,
,,17:52:03,2:00:58,6:57:49,1:52:37,2:21:28,1:57:34,1:48:02,3:04:25,2:09:06,1:43:49,11:20:59,17:43:54,Lagtime [600],,,,,,,,,,,,,,,,,,,,,,,,,,,,,,,,,,,,,,,,,,,,,,,,,,,,,,,,,,,,,,,,,,,,,,,,,,,,,,,,,,,,
,G,0.07,4.8,4.948,4.698,4.392,4.978,4.078,4.056,5.132,4.94,4.646,0.07,Max V [600],,,,,,,,,,,,,,,,,,,,,,,,,,,,,,,,,,,,,,,,,,,,,,,,,,,,,,,,,,,,,,,,,,,,,,,,,,,,,,,,,,,,
,,0.844,0.995,0.996,0.998,0.998,0.996,1,0.998,0.994,0.998,0.999,0.821,R-Squared [600],,,,,,,,,,,,,,,,,,,,,,,,,,,,,,,,,,,,,,,,,,,,,,,,,,,,,,,,,,,,,,,,,,,,,,,,,,,,,,,,,,,,
,,18:34:16,2:49:16,2:54:16,3:59:16,2:59:16,2:59:16,3:14:16,2:59:16,2:54:16,2:54:16,2:39:16,11:29:16,t at Max V [600],,,,,,,,,,,,,,,,,,,,,,,,,,,,,,,,,,,,,,,,,,,,,,,,,,,,,,,,,,,,,,,,,,,,,,,,,,,,,,,,,,,,
,,18:30:33,1:43:18,1:56:27,2:46:50,1:46:15,1:52:42,2:07:38,1:43:04,1:49:26,1:52:38,1:29:08,11:21:16,Lagtime [600],,,,,,,,,,,,,,,,,,,,,,,,,,,,,,,,,,,,,,,,,,,,,,,,,,,,,,,,,,,,,,,,,,,,,,,,,,,,,,,,,,,,
,H,-0.064,0.058,0.058,0.068,0.068,0.072,0.07,-0.082,-0.064,-0.072,0.084,0.078,Max V [600],,,,,,,,,,,,,,,,,,,,,,,,,,,,,,,,,,,,,,,,,,,,,,,,,,,,,,,,,,,,,,,,,,,,,,,,,,,,,,,,,,,,
,,0.78,0.834,0.799,0.821,0.821,0.7,0.795,0.885,0.874,0.883,0.805,0.868,R-Squared [600],,,,,,,,,,,,,,,,,,,,,,,,,,,,,,,,,,,,,,,,,,,,,,,,,,,,,,,,,,,,,,,,,,,,,,,,,,,,,,,,,,,,
,,16:29:16,8:59:16,10:39:16,9:24:16,9:24:16,10:39:16,8:54:16,9:09:16,15:04:16,17:39:16,10:39:16,17:54:16,t at Max V [600],,,,,,,,,,,,,,,,,,,,,,,,,,,,,,,,,,,,,,,,,,,,,,,,,,,,,,,,,,,,,,,,,,,,,,,,,,,,,,,,,,,,
,,16:36:09,8:48:35,10:28:14,9:15:44,9:15:44,10:34:33,8:37:07,9:14:09,15:16:09,17:34:49,10:25:42,17:53:45,Lagtime [600],,,,,,,,,,,,,,,,,,,,,,,,,,,,,,,,,,,,,,,,,,,,,,,,,,,,,,,,,,,,,,,,,,,,,,,,,,,,,,,,,,,,
