Software Version,3.11.19,,,,,,,,,,,,,,,,,,,,,,,,,,,,,,,,,,,,,,,,,,,,,,,,,,,,,,,,,,,,,,,,,,,,,,,,,,,,,,,,,,,,,,,,,,,,,,,,,
,,,,,,,,,,,,,,,,,,,,,,,,,,,,,,,,,,,,,,,,,,,,,,,,,,,,,,,,,,,,,,,,,,,,,,,,,,,,,,,,,,,,,,,,,,,,,,,,,,
Experiment File Path:,C:\Users\jelab\Documents\Gen 5\Edward Liu\Experiment10.xpt,,,,,,,,,,,,,,,,,,,,,,,,,,,,,,,,,,,,,,,,,,,,,,,,,,,,,,,,,,,,,,,,,,,,,,,,,,,,,,,,,,,,,,,,,,,,,,,,,
Protocol File Path:,C:\Users\jelab\Documents\Gen 5\Edward Liu\synergy prot\synergyRIFRxT 48c.prt,,,,,,,,,,,,,,,,,,,,,,,,,,,,,,,,,,,,,,,,,,,,,,,,,,,,,,,,,,,,,,,,,,,,,,,,,,,,,,,,,,,,,,,,,,,,,,,,,
Plate Number,Plate 2,,,,,,,,,,,,,,,,,,,,,,,,,,,,,,,,,,,,,,,,,,,,,,,,,,,,,,,,,,,,,,,,,,,,,,,,,,,,,,,,,,,,,,,,,,,,,,,,,
Date,20/03/2026,,,,,,,,,,,,,,,,,,,,,,,,,,,,,,,,,,,,,,,,,,,,,,,,,,,,,,,,,,,,,,,,,,,,,,,,,,,,,,,,,,,,,,,,,,,,,,,,,
Time,9:38:50 AM,,,,,,,,,,,,,,,,,,,,,,,,,,,,,,,,,,,,,,,,,,,,,,,,,,,,,,,,,,,,,,,,,,,,,,,,,,,,,,,,,,,,,,,,,,,,,,,,,
Reader Type:,Synergy HT,,,,,,,,,,,,,,,,,,,,,,,,,,,,,,,,,,,,,,,,,,,,,,,,,,,,,,,,,,,,,,,,,,,,,,,,,,,,,,,,,,,,,,,,,,,,,,,,,
Reader Serial Number:,271552,,,,,,,,,,,,,,,,,,,,,,,,,,,,,,,,,,,,,,,,,,,,,,,,,,,,,,,,,,,,,,,,,,,,,,,,,,,,,,,,,,,,,,,,,,,,,,,,,
Reading Type,Reader,,,,,,,,,,,,,,,,,,,,,,,,,,,,,,,,,,,,,,,,,,,,,,,,,,,,,,,,,,,,,,,,,,,,,,,,,,,,,,,,,,,,,,,,,,,,,,,,,
,,,,,,,,,,,,,,,,,,,,,,,,,,,,,,,,,,,,,,,,,,,,,,,,,,,,,,,,,,,,,,,,,,,,,,,,,,,,,,,,,,,,,,,,,,,,,,,,,,
Procedure Details,,,,,,,,,,,,,,,,,,,,,,,,,,,,,,,,,,,,,,,,,,,,,,,,,,,,,,,,,,,,,,,,,,,,,,,,,,,,,,,,,,,,,,,,,,,,,,,,,,
Plate Type,96 WELL PLATE,,,,,,,,,,,,,,,,,,,,,,,,,,,,,,,,,,,,,,,,,,,,,,,,,,,,,,,,,,,,,,,,,,,,,,,,,,,,,,,,,,,,,,,,,,,,,,,,,
Set Temperature,Setpoint 48°C,,,,,,,,,,,,,,,,,,,,,,,,,,,,,,,,,,,,,,,,,,,,,,,,,,,,,,,,,,,,,,,,,,,,,,,,,,,,,,,,,,,,,,,,,,,,,,,,,
,Preheat before moving to next step,,,,,,,,,,,,,,,,,,,,,,,,,,,,,,,,,,,,,,,,,,,,,,,,,,,,,,,,,,,,,,,,,,,,,,,,,,,,,,,,,,,,,,,,,,,,,,,,,
Start Kinetic,"Runtime 22:00:00 (HH:MM:SS), Interval 0:05:00, 265 Reads",,,,,,,,,,,,,,,,,,,,,,,,,,,,,,,,,,,,,,,,,,,,,,,,,,,,,,,,,,,,,,,,,,,,,,,,,,,,,,,,,,,,,,,,,,,,,,,,,
    Shake,"Medium, Continuous",,,,,,,,,,,,,,,,,,,,,,,,,,,,,,,,,,,,,,,,,,,,,,,,,,,,,,,,,,,,,,,,,,,,,,,,,,,,,,,,,,,,,,,,,,,,,,,,,
    Read,Absorbance Endpoint,,,,,,,,,,,,,,,,,,,,,,,,,,,,,,,,,,,,,,,,,,,,,,,,,,,,,,,,,,,,,,,,,,,,,,,,,,,,,,,,,,,,,,,,,,,,,,,,,
,Full Plate,,,,,,,,,,,,,,,,,,,,,,,,,,,,,,,,,,,,,,,,,,,,,,,,,,,,,,,,,,,,,,,,,,,,,,,,,,,,,,,,,,,,,,,,,,,,,,,,,
,Wavelengths:  600,,,,,,,,,,,,,,,,,,,,,,,,,,,,,,,,,,,,,,,,,,,,,,,,,,,,,,,,,,,,,,,,,,,,,,,,,,,,,,,,,,,,,,,,,,,,,,,,,
,Read Speed: Normal,,,,,,,,,,,,,,,,,,,,,,,,,,,,,,,,,,,,,,,,,,,,,,,,,,,,,,,,,,,,,,,,,,,,,,,,,,,,,,,,,,,,,,,,,,,,,,,,,
End Kinetic,,,,,,,,,,,,,,,,,,,,,,,,,,,,,,,,,,,,,,,,,,,,,,,,,,,,,,,,,,,,,,,,,,,,,,,,,,,,,,,,,,,,,,,,,,,,,,,,,,
,,,,,,,,,,,,,,,,,,,,,,,,,,,,,,,,,,,,,,,,,,,,,,,,,,,,,,,,,,,,,,,,,,,,,,,,,,,,,,,,,,,,,,,,,,,,,,,,,,
600,,,,,,,,,,,,,,,,,,,,,,,,,,,,,,,,,,,,,,,,,,,,,,,,,,,,,,,,,,,,,,,,,,,,,,,,,,,,,,,,,,,,,,,,,,,,,,,,,,
,,,,,,,,,,,,,,,,,,,,,,,,,,,,,,,,,,,,,,,,,,,,,,,,,,,,,,,,,,,,,,,,,,,,,,,,,,,,,,,,,,,,,,,,,,,,,,,,,,
,Time,T° 600,A1,A2,A3,A4,A5,A6,A7,A8,A9,A10,A11,A12,B1,B2,B3,B4,B5,B6,B7,B8,B9,B10,B11,B12,C1,C2,C3,C4,C5,C6,C7,C8,C9,C10,C11,C12,D1,D2,D3,D4,D5,D6,D7,D8,D9,D10,D11,D12,E1,E2,E3,E4,E5,E6,E7,E8,E9,E10,E11,E12,F1,F2,F3,F4,F5,F6,F7,F8,F9,F10,F11,F12,G1,G2,G3,G4,G5,G6,G7,G8,G9,G10,G11,G12,H1,H2,H3,H4,H5,H6,H7,H8,H9,H10,H11,H12
,0:00:00,48,0.087,0.087,0.099,0.087,0.088,0.087,0.087,0.087,0.087,0.088,0.087,0.088,0.088,0.096,0.083,0.086,0.086,0.083,0.086,0.083,0.084,0.085,0.084,0.087,0.088,0.084,0.085,0.084,0.084,0.083,0.084,0.084,0.086,0.084,0.085,0.089,0.089,0.086,0.085,0.086,0.085,0.084,0.085,0.085,0.092,0.089,0.084,0.089,0.089,0.102,0.099,0.095,0.089,0.088,0.089,0.09,0.091,0.091,0.092,0.091,0.089,0.089,0.096,0.091,0.093,0.096,0.095,0.087,0.09,0.094,0.101,0.091,0.088,0.092,0.098,0.092,0.092,0.092,0.089,0.092,0.091,0.089,0.091,0.09,0.087,0.087,0.09,0.087,0.088,0.088,0.087,0.087,0.088,0.09,0.089,0.088
,0:05:00,48,0.087,0.087,0.09,0.087,0.087,0.087,0.087,0.087,0.086,0.088,0.087,0.088,0.087,0.089,0.083,0.085,0.087,0.083,0.087,0.083,0.084,0.087,0.083,0.087,0.094,0.084,0.085,0.083,0.084,0.083,0.084,0.085,0.087,0.084,0.084,0.089,0.089,0.086,0.085,0.085,0.088,0.084,0.084,0.085,0.096,0.089,0.084,0.089,0.088,0.099,0.096,0.096,0.089,0.088,0.089,0.09,0.091,0.091,0.091,0.09,0.088,0.089,0.095,0.092,0.092,0.097,0.098,0.088,0.09,0.095,0.096,0.092,0.089,0.093,0.097,0.092,0.092,0.092,0.089,0.092,0.091,0.089,0.091,0.09,0.087,0.087,0.09,0.088,0.087,0.088,0.087,0.087,0.088,0.09,0.088,0.087
,0:10:00,48,0.087,0.087,0.087,0.087,0.087,0.087,0.087,0.087,0.087,0.088,0.087,0.088,0.087,0.099,0.084,0.086,0.087,0.083,0.087,0.083,0.084,0.086,0.083,0.087,0.094,0.084,0.085,0.084,0.084,0.083,0.084,0.086,0.086,0.083,0.088,0.089,0.089,0.086,0.085,0.085,0.085,0.084,0.084,0.085,0.085,0.086,0.083,0.089,0.088,0.101,0.095,0.096,0.089,0.088,0.089,0.09,0.091,0.091,0.091,0.09,0.089,0.089,0.095,0.093,0.092,0.096,0.098,0.087,0.091,0.095,0.098,0.091,0.088,0.092,0.097,0.092,0.092,0.092,0.089,0.091,0.091,0.089,0.092,0.089,0.087,0.087,0.089,0.087,0.088,0.088,0.087,0.087,0.088,0.09,0.088,0.088
,0:15:00,47.9,0.087,0.087,0.087,0.087,0.087,0.086,0.087,0.087,0.087,0.088,0.087,0.088,0.087,0.089,0.083,0.085,0.087,0.083,0.087,0.083,0.084,0.088,0.083,0.087,0.093,0.084,0.085,0.083,0.083,0.083,0.084,0.084,0.086,0.083,0.088,0.088,0.088,0.085,0.084,0.085,0.086,0.083,0.084,0.085,0.091,0.088,0.084,0.088,0.088,0.099,0.095,0.095,0.089,0.088,0.089,0.09,0.09,0.09,0.091,0.09,0.088,0.088,0.094,0.092,0.092,0.096,0.098,0.087,0.09,0.095,0.098,0.091,0.088,0.092,0.097,0.092,0.091,0.091,0.089,0.091,0.09,0.089,0.091,0.089,0.087,0.087,0.089,0.087,0.087,0.087,0.086,0.086,0.087,0.09,0.088,0.087
,0:20:00,48,0.087,0.087,0.087,0.087,0.087,0.086,0.087,0.087,0.087,0.087,0.087,0.088,0.087,0.096,0.09,0.085,0.087,0.083,0.087,0.083,0.084,0.087,0.083,0.087,0.094,0.084,0.084,0.083,0.083,0.083,0.083,0.087,0.086,0.083,0.087,0.088,0.089,0.085,0.085,0.085,0.088,0.083,0.084,0.084,0.09,0.086,0.084,0.088,0.089,0.099,0.095,0.095,0.089,0.088,0.089,0.09,0.091,0.09,0.091,0.09,0.089,0.088,0.094,0.093,0.092,0.096,0.097,0.087,0.09,0.093,0.092,0.091,0.089,0.092,0.097,0.092,0.092,0.091,0.089,0.091,0.09,0.088,0.091,0.089,0.087,0.087,0.089,0.087,0.088,0.087,0.087,0.087,0.087,0.089,0.088,0.087
,0:25:00,48,0.087,0.087,0.087,0.087,0.087,0.087,0.087,0.087,0.087,0.088,0.087,0.088,0.087,0.089,0.084,0.085,0.088,0.083,0.087,0.083,0.084,0.089,0.083,0.087,0.094,0.084,0.086,0.083,0.084,0.083,0.084,0.089,0.086,0.083,0.087,0.089,0.088,0.086,0.084,0.085,0.085,0.084,0.085,0.085,0.097,0.086,0.085,0.088,0.089,0.099,0.095,0.094,0.089,0.088,0.089,0.09,0.091,0.091,0.091,0.09,0.089,0.088,0.094,0.093,0.092,0.096,0.097,0.087,0.09,0.094,0.092,0.091,0.089,0.092,0.097,0.092,0.092,0.091,0.089,0.091,0.091,0.089,0.091,0.089,0.087,0.087,0.089,0.087,0.088,0.088,0.087,0.087,0.088,0.089,0.088,0.087
,0:30:00,48,0.087,0.086,0.087,0.087,0.087,0.086,0.087,0.086,0.086,0.087,0.087,0.088,0.087,0.094,0.085,0.085,0.087,0.082,0.086,0.083,0.083,0.087,0.082,0.087,0.094,0.083,0.084,0.083,0.083,0.082,0.083,0.087,0.085,0.083,0.084,0.088,0.088,0.085,0.084,0.085,0.087,0.083,0.084,0.084,0.096,0.083,0.083,0.088,0.089,0.099,0.094,0.095,0.089,0.088,0.088,0.089,0.09,0.09,0.091,0.089,0.088,0.088,0.094,0.093,0.092,0.096,0.097,0.087,0.09,0.091,0.092,0.091,0.088,0.092,0.097,0.092,0.092,0.091,0.089,0.091,0.09,0.088,0.09,0.088,0.087,0.087,0.089,0.087,0.087,0.087,0.086,0.086,0.087,0.089,0.088,0.087
,0:35:00,48,0.087,0.087,0.087,0.086,0.087,0.086,0.087,0.087,0.086,0.087,0.087,0.088,0.087,0.092,0.083,0.085,0.087,0.082,0.087,0.083,0.083,0.086,0.083,0.086,0.094,0.083,0.085,0.083,0.083,0.083,0.083,0.084,0.085,0.083,0.087,0.089,0.088,0.086,0.085,0.087,0.087,0.083,0.085,0.084,0.099,0.085,0.085,0.088,0.089,0.099,0.095,0.094,0.089,0.088,0.089,0.09,0.09,0.09,0.091,0.089,0.088,0.088,0.094,0.091,0.091,0.096,0.097,0.087,0.09,0.093,0.092,0.091,0.089,0.091,0.097,0.092,0.091,0.091,0.089,0.09,0.09,0.088,0.09,0.09,0.087,0.087,0.089,0.087,0.088,0.087,0.086,0.086,0.087,0.089,0.088,0.087
,0:40:00,48,0.087,0.087,0.087,0.087,0.087,0.087,0.087,0.087,0.086,0.087,0.087,0.088,0.087,0.09,0.088,0.085,0.087,0.083,0.087,0.083,0.084,0.087,0.083,0.087,0.094,0.084,0.084,0.083,0.084,0.083,0.083,0.084,0.085,0.083,0.086,0.089,0.089,0.085,0.087,0.085,0.087,0.084,0.084,0.084,0.097,0.086,0.084,0.088,0.089,0.099,0.095,0.094,0.089,0.088,0.089,0.09,0.09,0.091,0.092,0.09,0.088,0.088,0.094,0.092,0.091,0.096,0.097,0.087,0.089,0.091,0.094,0.091,0.089,0.092,0.097,0.092,0.091,0.091,0.089,0.091,0.09,0.089,0.09,0.089,0.087,0.087,0.089,0.087,0.087,0.087,0.087,0.087,0.088,0.089,0.088,0.087
,0:45:00,48,0.087,0.087,0.087,0.087,0.087,0.087,0.087,0.087,0.087,0.088,0.087,0.088,0.088,0.102,0.084,0.086,0.087,0.083,0.087,0.083,0.083,0.087,0.083,0.087,0.094,0.084,0.085,0.083,0.083,0.083,0.085,0.084,0.084,0.083,0.087,0.089,0.089,0.085,0.086,0.085,0.088,0.084,0.084,0.084,0.098,0.088,0.083,0.089,0.089,0.099,0.095,0.094,0.089,0.088,0.089,0.09,0.091,0.091,0.091,0.09,0.088,0.089,0.094,0.092,0.092,0.096,0.097,0.087,0.089,0.095,0.093,0.091,0.089,0.092,0.097,0.092,0.091,0.092,0.089,0.091,0.09,0.089,0.091,0.089,0.088,0.087,0.089,0.087,0.088,0.088,0.087,0.087,0.088,0.09,0.088,0.087
,0:50:00,48,0.087,0.087,0.087,0.087,0.087,0.086,0.087,0.086,0.086,0.087,0.087,0.088,0.087,0.09,0.089,0.085,0.087,0.082,0.086,0.083,0.083,0.088,0.083,0.087,0.094,0.083,0.084,0.083,0.083,0.083,0.083,0.084,0.084,0.083,0.088,0.088,0.091,0.085,0.085,0.085,0.087,0.083,0.084,0.083,0.099,0.085,0.083,0.088,0.089,0.098,0.095,0.095,0.089,0.088,0.089,0.089,0.09,0.09,0.091,0.09,0.088,0.088,0.094,0.09,0.091,0.096,0.097,0.087,0.088,0.094,0.094,0.091,0.089,0.092,0.097,0.092,0.091,0.091,0.089,0.091,0.09,0.088,0.091,0.089,0.087,0.087,0.089,0.087,0.088,0.088,0.087,0.086,0.087,0.089,0.088,0.087
,0:55:00,48,0.087,0.087,0.087,0.087,0.087,0.087,0.087,0.086,0.086,0.087,0.087,0.088,0.087,0.104,0.083,0.085,0.087,0.082,0.086,0.083,0.083,0.088,0.083,0.086,0.094,0.083,0.085,0.083,0.083,0.082,0.083,0.084,0.085,0.083,0.086,0.088,0.091,0.085,0.088,0.084,0.087,0.084,0.084,0.083,0.098,0.083,0.085,0.088,0.089,0.098,0.094,0.096,0.089,0.088,0.088,0.09,0.09,0.09,0.091,0.09,0.088,0.088,0.094,0.092,0.091,0.095,0.097,0.087,0.088,0.094,0.092,0.091,0.088,0.091,0.097,0.092,0.091,0.091,0.089,0.09,0.09,0.088,0.09,0.089,0.087,0.087,0.089,0.087,0.087,0.087,0.086,0.086,0.087,0.089,0.088,0.087
,1:00:00,48,0.087,0.087,0.087,0.087,0.087,0.086,0.087,0.086,0.087,0.088,0.087,0.087,0.087,0.101,0.083,0.085,0.087,0.082,0.087,0.083,0.083,0.087,0.083,0.087,0.094,0.084,0.085,0.083,0.084,0.083,0.083,0.084,0.085,0.083,0.087,0.088,0.091,0.085,0.086,0.085,0.087,0.085,0.084,0.084,0.098,0.086,0.083,0.088,0.089,0.098,0.095,0.095,0.088,0.088,0.089,0.09,0.091,0.09,0.091,0.09,0.088,0.088,0.094,0.091,0.091,0.096,0.097,0.087,0.089,0.095,0.093,0.091,0.089,0.092,0.097,0.092,0.091,0.091,0.089,0.091,0.09,0.088,0.09,0.089,0.087,0.087,0.089,0.087,0.088,0.087,0.087,0.087,0.087,0.09,0.088,0.087
,1:05:00,47.9,0.086,0.086,0.087,0.086,0.087,0.086,0.086,0.086,0.086,0.087,0.086,0.087,0.087,0.094,0.089,0.085,0.087,0.082,0.086,0.082,0.083,0.087,0.082,0.086,0.094,0.083,0.085,0.083,0.083,0.082,0.083,0.083,0.085,0.082,0.085,0.088,0.09,0.085,0.084,0.085,0.087,0.083,0.084,0.083,0.098,0.088,0.084,0.088,0.088,0.098,0.094,0.093,0.088,0.087,0.088,0.089,0.089,0.09,0.091,0.089,0.088,0.088,0.093,0.091,0.091,0.095,0.097,0.087,0.088,0.093,0.091,0.091,0.088,0.091,0.097,0.091,0.09,0.091,0.088,0.09,0.09,0.088,0.09,0.088,0.087,0.086,0.088,0.086,0.087,0.087,0.086,0.086,0.087,0.089,0.087,0.087
,1:10:00,48,0.087,0.087,0.087,0.087,0.087,0.086,0.087,0.086,0.086,0.087,0.087,0.087,0.087,0.088,0.089,0.085,0.087,0.082,0.086,0.083,0.083,0.088,0.083,0.086,0.094,0.083,0.084,0.083,0.083,0.082,0.083,0.084,0.084,0.083,0.085,0.088,0.091,0.085,0.084,0.086,0.087,0.084,0.085,0.084,0.099,0.086,0.085,0.088,0.088,0.098,0.095,0.095,0.089,0.088,0.088,0.089,0.09,0.09,0.091,0.089,0.088,0.088,0.094,0.091,0.091,0.095,0.097,0.087,0.088,0.095,0.093,0.091,0.089,0.092,0.098,0.091,0.09,0.091,0.089,0.091,0.09,0.088,0.09,0.088,0.087,0.086,0.089,0.087,0.088,0.087,0.086,0.086,0.087,0.089,0.088,0.087
,1:15:00,47.9,0.087,0.087,0.087,0.087,0.087,0.087,0.087,0.086,0.087,0.088,0.087,0.088,0.087,0.098,0.085,0.085,0.087,0.082,0.087,0.083,0.083,0.088,0.083,0.087,0.094,0.084,0.085,0.083,0.083,0.082,0.083,0.084,0.086,0.083,0.087,0.089,0.091,0.085,0.085,0.087,0.088,0.083,0.085,0.084,0.099,0.085,0.084,0.088,0.088,0.098,0.095,0.095,0.088,0.088,0.089,0.089,0.09,0.09,0.091,0.089,0.088,0.088,0.094,0.091,0.091,0.096,0.098,0.087,0.088,0.094,0.091,0.091,0.089,0.092,0.098,0.092,0.091,0.091,0.089,0.091,0.09,0.089,0.09,0.089,0.087,0.087,0.089,0.087,0.088,0.087,0.087,0.087,0.088,0.09,0.088,0.087
,1:20:00,47.9,0.087,0.087,0.087,0.087,0.087,0.086,0.087,0.086,0.086,0.087,0.087,0.087,0.087,0.093,0.085,0.085,0.087,0.082,0.086,0.083,0.083,0.087,0.083,0.087,0.094,0.083,0.085,0.083,0.083,0.082,0.083,0.083,0.085,0.083,0.086,0.088,0.091,0.086,0.085,0.085,0.087,0.083,0.083,0.084,0.099,0.084,0.084,0.088,0.088,0.098,0.095,0.095,0.089,0.088,0.089,0.089,0.09,0.09,0.091,0.09,0.088,0.088,0.093,0.092,0.091,0.096,0.096,0.087,0.088,0.094,0.091,0.091,0.088,0.092,0.098,0.091,0.091,0.092,0.089,0.09,0.09,0.088,0.09,0.089,0.087,0.087,0.089,0.087,0.088,0.087,0.086,0.086,0.087,0.089,0.088,0.087
,1:25:00,47.9,0.086,0.087,0.087,0.087,0.087,0.086,0.087,0.086,0.086,0.087,0.087,0.088,0.087,0.107,0.089,0.085,0.087,0.082,0.086,0.083,0.083,0.086,0.083,0.086,0.094,0.083,0.085,0.083,0.083,0.082,0.083,0.083,0.086,0.083,0.087,0.088,0.091,0.085,0.087,0.085,0.087,0.083,0.084,0.083,0.097,0.083,0.085,0.088,0.088,0.098,0.095,0.093,0.088,0.088,0.089,0.089,0.09,0.09,0.091,0.089,0.088,0.088,0.094,0.091,0.091,0.096,0.096,0.087,0.088,0.094,0.091,0.091,0.089,0.092,0.099,0.091,0.091,0.091,0.089,0.09,0.09,0.088,0.09,0.089,0.087,0.087,0.089,0.087,0.087,0.087,0.087,0.086,0.087,0.09,0.088,0.087
,1:30:00,47.9,0.087,0.087,0.087,0.087,0.087,0.086,0.087,0.086,0.087,0.087,0.087,0.088,0.087,0.101,0.084,0.085,0.087,0.082,0.086,0.083,0.083,0.088,0.083,0.087,0.094,0.083,0.085,0.083,0.083,0.082,0.083,0.084,0.084,0.083,0.086,0.088,0.091,0.085,0.084,0.085,0.088,0.084,0.084,0.084,0.096,0.086,0.084,0.088,0.088,0.098,0.094,0.095,0.088,0.088,0.089,0.089,0.09,0.09,0.091,0.09,0.088,0.088,0.094,0.09,0.091,0.096,0.097,0.087,0.088,0.094,0.099,0.091,0.089,0.091,0.099,0.091,0.091,0.091,0.089,0.091,0.09,0.089,0.091,0.089,0.087,0.087,0.089,0.087,0.087,0.087,0.086,0.087,0.087,0.089,0.088,0.087
,1:35:00,48,0.087,0.087,0.088,0.087,0.087,0.087,0.087,0.087,0.087,0.088,0.087,0.088,0.087,0.103,0.084,0.085,0.087,0.083,0.087,0.083,0.083,0.087,0.083,0.087,0.094,0.084,0.091,0.083,0.083,0.083,0.084,0.084,0.086,0.083,0.087,0.088,0.091,0.085,0.087,0.086,0.087,0.084,0.085,0.083,0.099,0.089,0.083,0.089,0.089,0.098,0.095,0.096,0.089,0.088,0.089,0.09,0.091,0.09,0.091,0.09,0.088,0.088,0.094,0.091,0.091,0.096,0.097,0.087,0.088,0.095,0.092,0.091,0.089,0.092,0.099,0.092,0.091,0.092,0.089,0.091,0.09,0.089,0.09,0.091,0.087,0.087,0.089,0.087,0.087,0.088,0.086,0.087,0.087,0.09,0.088,0.087
,1:40:00,47.9,0.087,0.087,0.087,0.087,0.087,0.087,0.087,0.087,0.086,0.088,0.087,0.088,0.087,0.104,0.083,0.085,0.087,0.083,0.087,0.083,0.083,0.089,0.083,0.087,0.094,0.083,0.086,0.083,0.083,0.082,0.083,0.088,0.086,0.083,0.087,0.089,0.091,0.085,0.084,0.085,0.088,0.085,0.084,0.084,0.098,0.086,0.083,0.088,0.088,0.098,0.094,0.095,0.089,0.088,0.089,0.089,0.09,0.09,0.091,0.09,0.088,0.088,0.094,0.091,0.091,0.096,0.097,0.087,0.088,0.095,0.092,0.091,0.089,0.091,0.1,0.092,0.091,0.092,0.089,0.091,0.09,0.089,0.09,0.089,0.087,0.087,0.089,0.087,0.088,0.087,0.087,0.086,0.088,0.089,0.088,0.087
,1:45:00,48,0.087,0.087,0.087,0.087,0.087,0.087,0.087,0.087,0.087,0.087,0.087,0.087,0.087,0.101,0.086,0.085,0.087,0.083,0.086,0.083,0.083,0.088,0.083,0.087,0.094,0.083,0.084,0.083,0.084,0.083,0.083,0.088,0.084,0.083,0.087,0.088,0.091,0.086,0.086,0.085,0.088,0.083,0.084,0.083,0.097,0.087,0.085,0.088,0.089,0.098,0.095,0.095,0.089,0.088,0.088,0.089,0.09,0.09,0.091,0.09,0.088,0.088,0.093,0.09,0.091,0.096,0.097,0.087,0.088,0.096,0.092,0.091,0.089,0.091,0.1,0.092,0.091,0.092,0.089,0.09,0.094,0.088,0.09,0.089,0.087,0.087,0.089,0.087,0.087,0.087,0.086,0.086,0.088,0.089,0.088,0.087
,1:50:00,47.9,0.086,0.086,0.087,0.086,0.087,0.086,0.087,0.086,0.086,0.087,0.087,0.087,0.087,0.106,0.092,0.085,0.086,0.082,0.086,0.082,0.083,0.087,0.082,0.086,0.094,0.083,0.089,0.083,0.083,0.082,0.083,0.085,0.084,0.082,0.083,0.088,0.091,0.085,0.084,0.086,0.087,0.083,0.083,0.084,0.095,0.084,0.084,0.088,0.088,0.097,0.094,0.095,0.088,0.087,0.088,0.089,0.09,0.09,0.091,0.089,0.088,0.088,0.093,0.09,0.091,0.096,0.096,0.087,0.088,0.094,0.091,0.091,0.089,0.091,0.1,0.091,0.09,0.091,0.088,0.09,0.093,0.088,0.09,0.091,0.087,0.086,0.088,0.087,0.086,0.087,0.086,0.086,0.087,0.089,0.087,0.087
,1:55:00,47.9,0.087,0.087,0.087,0.086,0.087,0.086,0.086,0.086,0.086,0.087,0.087,0.088,0.087,0.096,0.09,0.085,0.087,0.082,0.086,0.083,0.083,0.085,0.083,0.087,0.094,0.084,0.085,0.083,0.083,0.082,0.083,0.084,0.083,0.083,0.086,0.088,0.091,0.085,0.086,0.085,0.087,0.085,0.085,0.085,0.098,0.085,0.083,0.088,0.088,0.097,0.094,0.095,0.089,0.088,0.088,0.089,0.09,0.09,0.091,0.09,0.088,0.088,0.093,0.09,0.091,0.096,0.097,0.087,0.088,0.094,0.091,0.091,0.088,0.091,0.101,0.092,0.091,0.092,0.089,0.091,0.093,0.088,0.09,0.089,0.087,0.086,0.088,0.087,0.087,0.087,0.086,0.087,0.087,0.089,0.088,0.087
,2:00:00,48,0.087,0.087,0.088,0.087,0.087,0.087,0.087,0.087,0.087,0.088,0.087,0.088,0.087,0.094,0.083,0.085,0.087,0.083,0.087,0.083,0.083,0.084,0.083,0.087,0.095,0.083,0.084,0.083,0.084,0.083,0.083,0.084,0.085,0.083,0.085,0.089,0.091,0.086,0.085,0.085,0.088,0.083,0.084,0.083,0.087,0.085,0.085,0.088,0.089,0.098,0.094,0.095,0.089,0.088,0.089,0.089,0.09,0.09,0.091,0.09,0.088,0.088,0.094,0.09,0.091,0.096,0.097,0.087,0.088,0.095,0.096,0.091,0.089,0.091,0.101,0.092,0.091,0.092,0.089,0.091,0.094,0.089,0.09,0.089,0.087,0.087,0.088,0.087,0.087,0.088,0.087,0.086,0.087,0.089,0.088,0.087
,2:05:00,48,0.086,0.087,0.087,0.086,0.087,0.086,0.087,0.087,0.087,0.087,0.087,0.087,0.087,0.105,0.088,0.085,0.087,0.085,0.086,0.082,0.083,0.088,0.083,0.087,0.094,0.083,0.084,0.083,0.083,0.082,0.083,0.083,0.085,0.083,0.087,0.088,0.091,0.085,0.086,0.085,0.087,0.084,0.086,0.085,0.097,0.086,0.083,0.088,0.088,0.098,0.095,0.096,0.089,0.088,0.088,0.089,0.09,0.09,0.091,0.09,0.088,0.088,0.094,0.09,0.091,0.096,0.097,0.087,0.088,0.095,0.099,0.091,0.088,0.091,0.101,0.091,0.091,0.092,0.088,0.091,0.091,0.088,0.09,0.089,0.087,0.087,0.088,0.087,0.087,0.087,0.087,0.086,0.087,0.089,0.088,0.087
,2:10:00,47.9,0.087,0.087,0.087,0.086,0.087,0.086,0.087,0.086,0.086,0.087,0.086,0.087,0.087,0.104,0.092,0.085,0.087,0.084,0.086,0.082,0.083,0.088,0.083,0.086,0.094,0.083,0.084,0.083,0.083,0.082,0.083,0.085,0.085,0.083,0.087,0.088,0.091,0.085,0.088,0.084,0.087,0.083,0.084,0.083,0.098,0.087,0.083,0.088,0.088,0.097,0.094,0.096,0.088,0.088,0.088,0.089,0.09,0.09,0.091,0.09,0.088,0.088,0.093,0.09,0.091,0.095,0.096,0.087,0.088,0.094,0.096,0.091,0.088,0.091,0.102,0.092,0.09,0.092,0.089,0.09,0.094,0.088,0.09,0.09,0.087,0.087,0.088,0.087,0.086,0.087,0.087,0.086,0.087,0.089,0.088,0.087
,2:15:00,47.9,0.087,0.087,0.088,0.087,0.087,0.087,0.087,0.087,0.087,0.088,0.087,0.087,0.087,0.09,0.083,0.085,0.087,0.083,0.086,0.083,0.083,0.087,0.083,0.087,0.094,0.084,0.092,0.083,0.084,0.083,0.083,0.084,0.086,0.083,0.086,0.088,0.091,0.086,0.087,0.087,0.087,0.084,0.084,0.083,0.099,0.089,0.083,0.088,0.089,0.098,0.095,0.093,0.089,0.088,0.089,0.089,0.09,0.09,0.091,0.09,0.088,0.088,0.094,0.09,0.091,0.096,0.097,0.087,0.088,0.094,0.095,0.091,0.089,0.091,0.102,0.092,0.091,0.092,0.089,0.091,0.09,0.088,0.09,0.089,0.087,0.087,0.089,0.087,0.087,0.087,0.087,0.086,0.087,0.089,0.088,0.087
,2:20:00,48,0.087,0.087,0.087,0.087,0.087,0.087,0.087,0.087,0.087,0.087,0.087,0.088,0.087,0.094,0.088,0.085,0.087,0.083,0.087,0.083,0.084,0.088,0.083,0.087,0.095,0.084,0.085,0.083,0.083,0.083,0.084,0.084,0.086,0.083,0.086,0.088,0.091,0.085,0.087,0.085,0.087,0.084,0.085,0.084,0.089,0.084,0.085,0.088,0.089,0.098,0.095,0.094,0.089,0.088,0.089,0.09,0.09,0.09,0.091,0.09,0.088,0.088,0.093,0.09,0.091,0.096,0.097,0.087,0.089,0.095,0.099,0.091,0.089,0.091,0.102,0.092,0.091,0.092,0.089,0.091,0.09,0.089,0.09,0.089,0.087,0.087,0.089,0.087,0.087,0.088,0.087,0.086,0.088,0.089,0.088,0.087
,2:25:00,48,0.087,0.087,0.087,0.086,0.087,0.087,0.087,0.087,0.086,0.087,0.087,0.087,0.087,0.101,0.083,0.085,0.087,0.082,0.086,0.083,0.083,0.088,0.082,0.086,0.094,0.083,0.084,0.083,0.083,0.083,0.083,0.083,0.085,0.083,0.087,0.088,0.091,0.085,0.084,0.084,0.087,0.083,0.084,0.084,0.097,0.088,0.083,0.088,0.088,0.097,0.094,0.094,0.088,0.088,0.088,0.089,0.09,0.09,0.091,0.089,0.088,0.088,0.093,0.09,0.091,0.095,0.096,0.087,0.088,0.093,0.1,0.091,0.088,0.091,0.103,0.091,0.091,0.092,0.089,0.09,0.09,0.088,0.09,0.088,0.087,0.086,0.088,0.087,0.087,0.087,0.086,0.086,0.087,0.089,0.088,0.087
,2:30:00,48,0.086,0.087,0.087,0.086,0.087,0.086,0.086,0.086,0.086,0.087,0.086,0.087,0.086,0.096,0.082,0.084,0.086,0.083,0.086,0.082,0.083,0.085,0.082,0.086,0.094,0.083,0.085,0.082,0.083,0.082,0.083,0.083,0.084,0.083,0.086,0.088,0.09,0.084,0.084,0.084,0.087,0.085,0.084,0.083,0.094,0.083,0.083,0.088,0.088,0.097,0.094,0.092,0.088,0.087,0.088,0.089,0.09,0.089,0.09,0.089,0.088,0.088,0.093,0.09,0.09,0.095,0.096,0.087,0.088,0.094,0.099,0.091,0.088,0.09,0.102,0.091,0.09,0.092,0.088,0.09,0.089,0.088,0.09,0.089,0.087,0.086,0.088,0.086,0.086,0.087,0.086,0.086,0.087,0.089,0.087,0.086
,2:35:00,48,0.087,0.087,0.087,0.087,0.087,0.086,0.087,0.086,0.087,0.087,0.087,0.088,0.087,0.095,0.091,0.085,0.087,0.082,0.086,0.083,0.083,0.088,0.082,0.087,0.094,0.083,0.085,0.083,0.083,0.082,0.083,0.084,0.085,0.083,0.087,0.088,0.091,0.085,0.084,0.085,0.087,0.083,0.084,0.084,0.098,0.083,0.083,0.088,0.088,0.098,0.094,0.094,0.088,0.088,0.089,0.089,0.09,0.09,0.091,0.09,0.088,0.088,0.093,0.09,0.091,0.095,0.096,0.087,0.088,0.092,0.099,0.091,0.089,0.091,0.103,0.092,0.09,0.092,0.089,0.091,0.09,0.088,0.09,0.089,0.087,0.087,0.088,0.087,0.087,0.087,0.086,0.086,0.087,0.089,0.088,0.087
,2:40:00,48,0.087,0.087,0.087,0.086,0.087,0.086,0.087,0.086,0.086,0.087,0.086,0.087,0.087,0.092,0.084,0.085,0.086,0.082,0.086,0.083,0.083,0.086,0.082,0.087,0.094,0.083,0.085,0.083,0.083,0.082,0.083,0.083,0.085,0.083,0.084,0.088,0.091,0.085,0.084,0.085,0.087,0.083,0.083,0.084,0.095,0.087,0.083,0.088,0.088,0.098,0.094,0.093,0.089,0.088,0.088,0.089,0.09,0.09,0.091,0.089,0.088,0.088,0.093,0.089,0.091,0.095,0.096,0.087,0.088,0.091,0.092,0.091,0.088,0.091,0.103,0.092,0.09,0.093,0.089,0.091,0.09,0.088,0.09,0.089,0.087,0.086,0.088,0.087,0.087,0.087,0.086,0.086,0.087,0.089,0.088,0.087
,2:45:00,48,0.087,0.087,0.088,0.087,0.087,0.087,0.087,0.087,0.087,0.087,0.087,0.087,0.087,0.097,0.092,0.085,0.087,0.083,0.087,0.083,0.083,0.087,0.083,0.087,0.094,0.083,0.093,0.083,0.083,0.083,0.083,0.084,0.085,0.083,0.087,0.088,0.091,0.085,0.088,0.085,0.087,0.087,0.085,0.085,0.095,0.087,0.085,0.088,0.088,0.098,0.094,0.092,0.089,0.088,0.089,0.089,0.09,0.09,0.091,0.09,0.088,0.088,0.093,0.09,0.091,0.095,0.096,0.087,0.088,0.095,0.094,0.091,0.088,0.091,0.103,0.092,0.09,0.092,0.089,0.091,0.09,0.088,0.09,0.089,0.087,0.087,0.089,0.087,0.087,0.088,0.086,0.087,0.088,0.089,0.088,0.087
,2:50:00,47.9,0.086,0.087,0.087,0.086,0.087,0.086,0.086,0.086,0.086,0.087,0.086,0.087,0.087,0.094,0.089,0.085,0.087,0.082,0.086,0.082,0.083,0.088,0.082,0.086,0.094,0.083,0.085,0.083,0.083,0.082,0.083,0.083,0.086,0.083,0.085,0.088,0.09,0.085,0.084,0.084,0.087,0.087,0.085,0.084,0.092,0.089,0.083,0.088,0.088,0.097,0.094,0.093,0.088,0.088,0.088,0.089,0.09,0.09,0.09,0.089,0.088,0.088,0.093,0.09,0.09,0.096,0.096,0.087,0.088,0.093,0.097,0.091,0.088,0.09,0.103,0.092,0.09,0.092,0.088,0.091,0.09,0.088,0.09,0.089,0.087,0.087,0.088,0.087,0.086,0.087,0.086,0.086,0.087,0.089,0.088,0.087
,2:55:00,48,0.087,0.087,0.087,0.087,0.087,0.086,0.087,0.086,0.087,0.087,0.086,0.087,0.087,0.1,0.093,0.085,0.087,0.084,0.086,0.083,0.083,0.087,0.083,0.087,0.094,0.084,0.085,0.083,0.083,0.082,0.083,0.084,0.085,0.083,0.086,0.089,0.091,0.085,0.084,0.085,0.088,0.083,0.087,0.084,0.096,0.086,0.083,0.088,0.088,0.097,0.094,0.093,0.088,0.088,0.089,0.089,0.09,0.09,0.091,0.09,0.088,0.088,0.093,0.09,0.091,0.096,0.096,0.087,0.088,0.093,0.092,0.091,0.089,0.091,0.103,0.092,0.09,0.093,0.088,0.091,0.09,0.088,0.09,0.089,0.087,0.087,0.088,0.087,0.087,0.087,0.087,0.087,0.087,0.089,0.088,0.087
,3:00:00,48,0.086,0.087,0.088,0.086,0.087,0.086,0.087,0.086,0.086,0.087,0.086,0.088,0.087,0.098,0.091,0.084,0.087,0.084,0.086,0.082,0.083,0.087,0.082,0.086,0.094,0.083,0.09,0.083,0.083,0.084,0.083,0.083,0.085,0.083,0.087,0.088,0.091,0.085,0.086,0.085,0.087,0.085,0.085,0.084,0.093,0.086,0.083,0.088,0.088,0.097,0.094,0.093,0.088,0.088,0.088,0.089,0.09,0.09,0.091,0.09,0.088,0.088,0.093,0.09,0.091,0.096,0.096,0.087,0.088,0.094,0.096,0.091,0.088,0.091,0.103,0.092,0.091,0.092,0.088,0.091,0.09,0.088,0.09,0.089,0.087,0.087,0.088,0.087,0.086,0.087,0.086,0.086,0.087,0.089,0.087,0.087
,3:05:00,48,0.087,0.087,0.087,0.087,0.087,0.086,0.087,0.086,0.086,0.087,0.087,0.087,0.087,0.1,0.091,0.085,0.087,0.083,0.086,0.083,0.083,0.085,0.083,0.087,0.094,0.083,0.088,0.083,0.083,0.083,0.083,0.084,0.085,0.083,0.086,0.088,0.091,0.085,0.084,0.085,0.088,0.086,0.086,0.084,0.095,0.087,0.085,0.088,0.089,0.097,0.094,0.092,0.089,0.088,0.088,0.089,0.091,0.09,0.091,0.09,0.088,0.088,0.093,0.09,0.091,0.096,0.096,0.087,0.088,0.094,0.099,0.091,0.089,0.091,0.103,0.092,0.091,0.092,0.089,0.091,0.09,0.089,0.091,0.089,0.087,0.086,0.088,0.087,0.087,0.087,0.087,0.086,0.087,0.089,0.088,0.087
,3:10:00,47.9,0.087,0.088,0.087,0.087,0.087,0.087,0.087,0.087,0.087,0.087,0.087,0.087,0.087,0.107,0.092,0.085,0.087,0.083,0.086,0.083,0.083,0.088,0.083,0.087,0.095,0.083,0.086,0.083,0.083,0.083,0.083,0.084,0.086,0.083,0.088,0.088,0.091,0.085,0.085,0.085,0.087,0.084,0.084,0.085,0.096,0.086,0.085,0.088,0.089,0.097,0.094,0.092,0.089,0.088,0.089,0.089,0.091,0.09,0.091,0.09,0.088,0.088,0.094,0.09,0.091,0.096,0.096,0.087,0.089,0.094,0.091,0.091,0.088,0.091,0.103,0.092,0.091,0.093,0.089,0.091,0.09,0.089,0.091,0.089,0.087,0.087,0.088,0.087,0.087,0.087,0.087,0.086,0.087,0.089,0.088,0.087
,3:15:00,47.9,0.087,0.087,0.087,0.086,0.087,0.086,0.087,0.086,0.086,0.087,0.086,0.087,0.087,0.104,0.092,0.085,0.087,0.082,0.086,0.082,0.083,0.085,0.082,0.086,0.094,0.083,0.084,0.083,0.083,0.082,0.083,0.083,0.085,0.083,0.087,0.088,0.091,0.085,0.084,0.086,0.087,0.084,0.083,0.084,0.092,0.085,0.085,0.088,0.088,0.097,0.094,0.092,0.089,0.088,0.088,0.089,0.089,0.09,0.09,0.09,0.088,0.088,0.093,0.09,0.091,0.096,0.096,0.087,0.088,0.094,0.091,0.091,0.088,0.09,0.103,0.092,0.09,0.093,0.088,0.091,0.09,0.088,0.09,0.089,0.087,0.086,0.088,0.087,0.086,0.087,0.086,0.086,0.087,0.089,0.088,0.087
,3:20:00,47.9,0.087,0.086,0.087,0.087,0.087,0.086,0.087,0.086,0.087,0.087,0.086,0.087,0.087,0.107,0.092,0.085,0.087,0.084,0.086,0.082,0.083,0.087,0.082,0.087,0.094,0.084,0.084,0.083,0.083,0.083,0.083,0.083,0.085,0.083,0.086,0.088,0.091,0.086,0.084,0.085,0.087,0.085,0.083,0.083,0.097,0.086,0.084,0.088,0.088,0.097,0.094,0.092,0.089,0.088,0.088,0.089,0.09,0.09,0.091,0.09,0.088,0.088,0.093,0.09,0.091,0.096,0.096,0.087,0.088,0.093,0.091,0.091,0.088,0.09,0.102,0.092,0.091,0.092,0.088,0.091,0.09,0.088,0.09,0.089,0.087,0.087,0.088,0.087,0.087,0.087,0.086,0.086,0.087,0.089,0.087,0.087
,3:25:00,47.9,0.087,0.087,0.087,0.086,0.087,0.086,0.087,0.086,0.086,0.087,0.087,0.087,0.087,0.101,0.092,0.085,0.087,0.082,0.086,0.083,0.083,0.088,0.082,0.086,0.094,0.083,0.092,0.083,0.083,0.082,0.083,0.083,0.085,0.083,0.087,0.088,0.091,0.085,0.088,0.085,0.087,0.085,0.084,0.085,0.091,0.088,0.083,0.088,0.089,0.097,0.094,0.092,0.089,0.088,0.088,0.089,0.09,0.09,0.091,0.089,0.088,0.088,0.093,0.09,0.091,0.096,0.095,0.087,0.088,0.095,0.094,0.091,0.088,0.09,0.102,0.092,0.09,0.093,0.089,0.092,0.09,0.088,0.09,0.089,0.087,0.087,0.088,0.087,0.087,0.087,0.086,0.086,0.087,0.089,0.088,0.087
,3:30:00,47.9,0.086,0.087,0.087,0.087,0.087,0.086,0.086,0.086,0.086,0.087,0.087,0.087,0.087,0.096,0.09,0.085,0.086,0.083,0.086,0.083,0.082,0.088,0.082,0.086,0.094,0.083,0.099,0.083,0.083,0.082,0.083,0.084,0.085,0.083,0.087,0.088,0.091,0.085,0.088,0.084,0.087,0.083,0.084,0.083,0.093,0.089,0.083,0.088,0.088,0.097,0.094,0.093,0.089,0.088,0.088,0.089,0.089,0.09,0.091,0.09,0.088,0.088,0.093,0.09,0.09,0.096,0.095,0.086,0.088,0.091,0.091,0.091,0.088,0.09,0.101,0.091,0.09,0.092,0.089,0.091,0.089,0.088,0.09,0.089,0.087,0.086,0.088,0.087,0.086,0.087,0.086,0.086,0.087,0.089,0.088,0.087
,3:35:00,47.9,0.087,0.087,0.087,0.087,0.086,0.086,0.086,0.087,0.086,0.087,0.087,0.087,0.087,0.101,0.092,0.085,0.087,0.082,0.086,0.083,0.083,0.087,0.083,0.087,0.094,0.083,0.086,0.083,0.083,0.083,0.083,0.083,0.085,0.083,0.087,0.088,0.091,0.085,0.084,0.085,0.088,0.087,0.084,0.084,0.091,0.088,0.083,0.088,0.088,0.098,0.094,0.093,0.089,0.088,0.089,0.089,0.09,0.089,0.091,0.09,0.088,0.088,0.093,0.09,0.091,0.096,0.095,0.087,0.088,0.093,0.098,0.091,0.089,0.09,0.101,0.092,0.09,0.092,0.088,0.092,0.09,0.088,0.09,0.089,0.087,0.086,0.088,0.087,0.087,0.087,0.086,0.086,0.087,0.089,0.088,0.086
,3:40:00,48,0.087,0.087,0.087,0.087,0.087,0.086,0.087,0.086,0.086,0.087,0.087,0.087,0.087,0.1,0.085,0.085,0.087,0.084,0.086,0.082,0.083,0.087,0.083,0.087,0.094,0.083,0.093,0.083,0.084,0.082,0.083,0.083,0.085,0.083,0.086,0.088,0.091,0.085,0.084,0.084,0.087,0.086,0.085,0.084,0.095,0.086,0.083,0.088,0.088,0.097,0.094,0.093,0.089,0.088,0.088,0.089,0.09,0.09,0.091,0.09,0.088,0.088,0.093,0.09,0.091,0.096,0.095,0.087,0.088,0.092,0.091,0.091,0.089,0.09,0.101,0.092,0.09,0.092,0.089,0.092,0.089,0.089,0.09,0.089,0.087,0.087,0.088,0.087,0.087,0.087,0.086,0.086,0.087,0.089,0.088,0.087
,3:45:00,48,0.087,0.087,0.087,0.089,0.087,0.086,0.087,0.086,0.087,0.087,0.087,0.087,0.087,0.089,0.091,0.085,0.087,0.083,0.086,0.083,0.083,0.087,0.083,0.087,0.094,0.083,0.084,0.083,0.083,0.082,0.083,0.083,0.085,0.083,0.087,0.088,0.091,0.085,0.085,0.084,0.087,0.084,0.084,0.084,0.098,0.085,0.084,0.088,0.088,0.097,0.094,0.093,0.089,0.088,0.088,0.089,0.091,0.09,0.091,0.09,0.088,0.088,0.093,0.09,0.091,0.096,0.095,0.087,0.088,0.09,0.091,0.091,0.088,0.09,0.101,0.092,0.09,0.092,0.088,0.092,0.09,0.088,0.09,0.089,0.087,0.086,0.089,0.087,0.087,0.087,0.086,0.086,0.087,0.089,0.087,0.087
,3:50:00,48,0.087,0.088,0.088,0.087,0.088,0.087,0.087,0.087,0.087,0.088,0.087,0.088,0.088,0.102,0.093,0.085,0.088,0.085,0.087,0.083,0.084,0.088,0.083,0.087,0.095,0.084,0.089,0.084,0.083,0.083,0.084,0.088,0.085,0.083,0.087,0.089,0.092,0.086,0.085,0.085,0.088,0.085,0.084,0.084,0.095,0.089,0.086,0.089,0.089,0.098,0.094,0.093,0.089,0.088,0.089,0.09,0.091,0.09,0.091,0.091,0.089,0.089,0.094,0.091,0.092,0.097,0.096,0.087,0.089,0.094,0.092,0.092,0.089,0.091,0.101,0.093,0.091,0.093,0.089,0.092,0.09,0.089,0.091,0.089,0.088,0.087,0.09,0.088,0.087,0.088,0.087,0.087,0.088,0.09,0.088,0.087
,3:55:00,48,0.087,0.087,0.087,0.087,0.087,0.087,0.087,0.086,0.087,0.087,0.087,0.087,0.087,0.097,0.092,0.085,0.086,0.083,0.086,0.083,0.083,0.086,0.083,0.087,0.095,0.083,0.085,0.083,0.083,0.083,0.083,0.088,0.085,0.083,0.086,0.089,0.091,0.085,0.086,0.085,0.088,0.083,0.085,0.085,0.098,0.086,0.083,0.088,0.089,0.098,0.094,0.093,0.089,0.088,0.089,0.089,0.09,0.09,0.091,0.09,0.088,0.088,0.093,0.09,0.091,0.096,0.095,0.087,0.088,0.091,0.091,0.092,0.088,0.091,0.1,0.092,0.091,0.092,0.089,0.092,0.09,0.089,0.091,0.089,0.087,0.087,0.089,0.087,0.087,0.088,0.086,0.087,0.088,0.089,0.088,0.087
,4:00:00,48,0.087,0.087,0.087,0.087,0.087,0.086,0.087,0.086,0.087,0.087,0.087,0.087,0.087,0.099,0.091,0.085,0.087,0.082,0.086,0.083,0.083,0.089,0.083,0.086,0.095,0.083,0.085,0.083,0.083,0.082,0.083,0.087,0.085,0.083,0.086,0.089,0.091,0.085,0.085,0.085,0.087,0.083,0.084,0.084,0.096,0.088,0.083,0.088,0.088,0.097,0.094,0.092,0.088,0.088,0.088,0.089,0.09,0.09,0.091,0.09,0.088,0.088,0.093,0.09,0.09,0.095,0.095,0.087,0.088,0.093,0.091,0.091,0.088,0.09,0.099,0.092,0.09,0.092,0.088,0.092,0.089,0.089,0.09,0.089,0.087,0.087,0.088,0.087,0.087,0.087,0.086,0.086,0.087,0.089,0.087,0.087
,4:05:00,48,0.087,0.087,0.087,0.087,0.087,0.086,0.086,0.086,0.086,0.087,0.087,0.087,0.087,0.103,0.092,0.085,0.087,0.082,0.086,0.082,0.083,0.088,0.082,0.087,0.094,0.083,0.095,0.083,0.083,0.082,0.083,0.083,0.084,0.082,0.087,0.088,0.091,0.085,0.088,0.084,0.087,0.086,0.086,0.084,0.093,0.088,0.083,0.088,0.088,0.097,0.094,0.093,0.088,0.088,0.088,0.089,0.09,0.089,0.09,0.09,0.088,0.088,0.093,0.09,0.09,0.096,0.095,0.087,0.088,0.093,0.091,0.091,0.088,0.091,0.099,0.091,0.091,0.091,0.088,0.092,0.09,0.089,0.09,0.089,0.087,0.087,0.088,0.087,0.086,0.087,0.086,0.086,0.087,0.089,0.087,0.087
,4:10:00,48,0.087,0.087,0.087,0.087,0.087,0.086,0.087,0.086,0.087,0.087,0.087,0.088,0.088,0.095,0.092,0.085,0.088,0.082,0.086,0.083,0.083,0.087,0.083,0.087,0.094,0.083,0.084,0.083,0.083,0.082,0.084,0.084,0.084,0.083,0.088,0.088,0.091,0.085,0.088,0.085,0.088,0.085,0.084,0.084,0.097,0.089,0.084,0.088,0.089,0.097,0.094,0.092,0.088,0.088,0.089,0.089,0.089,0.09,0.091,0.09,0.088,0.089,0.093,0.09,0.091,0.095,0.095,0.087,0.088,0.094,0.091,0.091,0.088,0.091,0.099,0.092,0.09,0.092,0.089,0.092,0.09,0.089,0.09,0.089,0.087,0.087,0.088,0.087,0.087,0.087,0.086,0.086,0.087,0.089,0.088,0.087
,4:15:00,48,0.087,0.087,0.087,0.087,0.087,0.086,0.087,0.087,0.087,0.087,0.087,0.088,0.087,0.091,0.091,0.085,0.087,0.082,0.087,0.083,0.083,0.085,0.083,0.087,0.094,0.083,0.084,0.083,0.083,0.083,0.083,0.084,0.084,0.083,0.087,0.088,0.091,0.086,0.089,0.085,0.088,0.087,0.084,0.084,0.096,0.087,0.083,0.088,0.089,0.098,0.094,0.093,0.089,0.088,0.089,0.089,0.09,0.09,0.091,0.09,0.088,0.088,0.093,0.09,0.091,0.095,0.094,0.087,0.088,0.094,0.091,0.091,0.088,0.09,0.099,0.092,0.09,0.092,0.088,0.092,0.09,0.089,0.091,0.089,0.087,0.087,0.089,0.087,0.087,0.088,0.087,0.086,0.087,0.089,0.088,0.087
,4:20:00,47.9,0.087,0.087,0.087,0.086,0.087,0.086,0.087,0.087,0.086,0.087,0.086,0.087,0.087,0.104,0.092,0.084,0.087,0.082,0.086,0.083,0.083,0.088,0.082,0.087,0.094,0.083,0.084,0.083,0.084,0.082,0.083,0.083,0.085,0.083,0.087,0.088,0.091,0.085,0.088,0.084,0.088,0.085,0.084,0.084,0.094,0.087,0.083,0.088,0.089,0.097,0.093,0.092,0.089,0.088,0.088,0.089,0.089,0.089,0.091,0.09,0.088,0.088,0.093,0.09,0.091,0.095,0.094,0.087,0.088,0.093,0.091,0.091,0.088,0.09,0.098,0.092,0.09,0.091,0.088,0.092,0.09,0.088,0.09,0.089,0.087,0.087,0.088,0.087,0.087,0.087,0.086,0.086,0.087,0.089,0.087,0.087
,4:25:00,48,0.087,0.087,0.087,0.087,0.087,0.086,0.087,0.087,0.086,0.087,0.087,0.088,0.087,0.103,0.092,0.085,0.087,0.082,0.086,0.082,0.083,0.087,0.083,0.087,0.094,0.083,0.084,0.083,0.083,0.082,0.083,0.083,0.085,0.083,0.084,0.088,0.091,0.085,0.088,0.084,0.087,0.086,0.084,0.083,0.094,0.087,0.084,0.088,0.088,0.097,0.094,0.092,0.089,0.088,0.088,0.089,0.09,0.09,0.091,0.09,0.088,0.088,0.093,0.09,0.091,0.095,0.094,0.087,0.088,0.094,0.091,0.091,0.088,0.091,0.098,0.092,0.09,0.091,0.088,0.092,0.09,0.088,0.09,0.089,0.087,0.087,0.089,0.087,0.087,0.087,0.086,0.086,0.087,0.089,0.088,0.087
,4:30:00,48,0.087,0.086,0.087,0.086,0.087,0.086,0.086,0.086,0.086,0.087,0.086,0.087,0.087,0.104,0.092,0.085,0.087,0.082,0.086,0.082,0.083,0.087,0.083,0.087,0.094,0.083,0.089,0.083,0.083,0.082,0.083,0.083,0.085,0.083,0.087,0.088,0.091,0.085,0.089,0.085,0.087,0.083,0.084,0.083,0.094,0.089,0.084,0.088,0.088,0.097,0.093,0.093,0.088,0.088,0.088,0.089,0.09,0.089,0.09,0.09,0.088,0.088,0.093,0.09,0.091,0.095,0.094,0.087,0.088,0.093,0.09,0.091,0.087,0.09,0.098,0.091,0.09,0.091,0.089,0.092,0.091,0.088,0.09,0.089,0.087,0.086,0.089,0.086,0.087,0.087,0.086,0.086,0.087,0.089,0.088,0.087
,4:35:00,48,0.086,0.086,0.086,0.087,0.087,0.086,0.086,0.086,0.086,0.087,0.086,0.087,0.087,0.099,0.091,0.084,0.086,0.082,0.086,0.083,0.083,0.085,0.082,0.087,0.094,0.083,0.091,0.083,0.082,0.083,0.083,0.088,0.084,0.082,0.084,0.088,0.091,0.085,0.086,0.084,0.087,0.083,0.083,0.085,0.094,0.089,0.083,0.088,0.088,0.097,0.094,0.092,0.088,0.088,0.088,0.089,0.09,0.09,0.09,0.09,0.088,0.088,0.093,0.09,0.091,0.094,0.094,0.086,0.088,0.092,0.091,0.091,0.088,0.091,0.098,0.092,0.09,0.091,0.089,0.092,0.094,0.088,0.091,0.089,0.087,0.086,0.089,0.087,0.086,0.087,0.086,0.086,0.087,0.089,0.087,0.086
,4:40:00,48,0.087,0.087,0.087,0.086,0.087,0.086,0.087,0.086,0.087,0.087,0.087,0.087,0.087,0.101,0.092,0.085,0.087,0.082,0.086,0.082,0.083,0.085,0.082,0.087,0.094,0.083,0.084,0.083,0.083,0.083,0.083,0.085,0.083,0.083,0.087,0.088,0.091,0.086,0.084,0.085,0.088,0.083,0.084,0.083,0.096,0.086,0.083,0.088,0.089,0.097,0.094,0.092,0.089,0.088,0.089,0.089,0.09,0.09,0.091,0.09,0.088,0.088,0.093,0.09,0.091,0.095,0.094,0.087,0.088,0.093,0.091,0.091,0.088,0.09,0.097,0.092,0.09,0.091,0.089,0.092,0.094,0.088,0.091,0.088,0.087,0.086,0.089,0.087,0.086,0.087,0.086,0.086,0.087,0.089,0.088,0.087
,4:45:00,47.9,0.087,0.087,0.087,0.086,0.087,0.086,0.087,0.086,0.086,0.087,0.086,0.087,0.087,0.092,0.092,0.085,0.087,0.084,0.086,0.083,0.083,0.085,0.082,0.086,0.094,0.083,0.085,0.083,0.083,0.082,0.083,0.087,0.085,0.083,0.086,0.088,0.091,0.085,0.088,0.085,0.088,0.086,0.084,0.083,0.094,0.087,0.083,0.088,0.088,0.097,0.094,0.092,0.089,0.088,0.088,0.089,0.09,0.089,0.09,0.09,0.088,0.088,0.093,0.09,0.091,0.095,0.093,0.087,0.088,0.094,0.09,0.091,0.088,0.09,0.097,0.092,0.09,0.091,0.088,0.092,0.094,0.089,0.091,0.089,0.087,0.086,0.089,0.087,0.086,0.087,0.086,0.086,0.087,0.089,0.088,0.086
,4:50:00,48,0.087,0.086,0.087,0.086,0.087,0.086,0.086,0.086,0.086,0.087,0.087,0.087,0.087,0.107,0.092,0.084,0.087,0.082,0.086,0.082,0.083,0.088,0.082,0.087,0.094,0.083,0.093,0.083,0.083,0.082,0.083,0.085,0.086,0.083,0.086,0.088,0.091,0.085,0.087,0.085,0.088,0.083,0.083,0.084,0.093,0.089,0.085,0.088,0.088,0.097,0.094,0.093,0.089,0.088,0.088,0.089,0.09,0.09,0.09,0.09,0.088,0.088,0.093,0.09,0.09,0.094,0.094,0.087,0.088,0.092,0.091,0.091,0.088,0.09,0.097,0.092,0.09,0.091,0.088,0.092,0.094,0.088,0.091,0.089,0.087,0.086,0.089,0.087,0.087,0.087,0.086,0.086,0.087,0.089,0.088,0.087
,4:55:00,48,0.087,0.087,0.087,0.087,0.087,0.086,0.087,0.086,0.087,0.087,0.087,0.088,0.087,0.098,0.092,0.085,0.087,0.082,0.086,0.082,0.083,0.084,0.083,0.087,0.094,0.084,0.088,0.083,0.083,0.082,0.083,0.087,0.085,0.083,0.087,0.088,0.091,0.086,0.089,0.085,0.088,0.084,0.084,0.084,0.095,0.086,0.085,0.088,0.089,0.097,0.094,0.092,0.089,0.088,0.089,0.089,0.09,0.09,0.09,0.09,0.088,0.088,0.093,0.09,0.091,0.095,0.094,0.087,0.088,0.094,0.091,0.091,0.088,0.09,0.097,0.092,0.09,0.091,0.088,0.092,0.094,0.089,0.091,0.089,0.088,0.087,0.089,0.087,0.087,0.087,0.086,0.086,0.087,0.089,0.088,0.087
,5:00:00,48,0.087,0.086,0.087,0.086,0.087,0.086,0.086,0.086,0.086,0.087,0.086,0.087,0.087,0.103,0.092,0.084,0.086,0.082,0.086,0.082,0.083,0.086,0.082,0.086,0.094,0.083,0.084,0.083,0.083,0.083,0.082,0.087,0.085,0.083,0.086,0.088,0.091,0.085,0.085,0.086,0.088,0.087,0.084,0.084,0.096,0.085,0.083,0.088,0.088,0.097,0.094,0.091,0.088,0.088,0.088,0.089,0.09,0.09,0.09,0.09,0.088,0.088,0.093,0.09,0.09,0.094,0.093,0.087,0.088,0.093,0.09,0.091,0.088,0.09,0.097,0.091,0.09,0.09,0.088,0.092,0.094,0.088,0.09,0.089,0.087,0.086,0.089,0.086,0.086,0.087,0.086,0.086,0.087,0.089,0.087,0.086
,5:05:00,48,0.087,0.087,0.086,0.086,0.087,0.086,0.087,0.086,0.086,0.087,0.087,0.087,0.087,0.099,0.092,0.085,0.087,0.082,0.086,0.082,0.083,0.087,0.083,0.087,0.094,0.083,0.084,0.083,0.084,0.082,0.083,0.083,0.084,0.083,0.087,0.088,0.091,0.085,0.085,0.085,0.088,0.083,0.083,0.083,0.096,0.088,0.085,0.088,0.088,0.097,0.094,0.092,0.089,0.088,0.088,0.089,0.091,0.09,0.09,0.09,0.088,0.088,0.093,0.09,0.091,0.094,0.093,0.087,0.088,0.093,0.09,0.091,0.088,0.09,0.097,0.092,0.09,0.09,0.088,0.092,0.094,0.088,0.09,0.088,0.087,0.086,0.089,0.087,0.087,0.087,0.086,0.086,0.087,0.089,0.087,0.087
,5:10:00,48,0.087,0.087,0.087,0.087,0.087,0.086,0.087,0.086,0.087,0.087,0.087,0.087,0.087,0.102,0.092,0.085,0.087,0.082,0.086,0.082,0.083,0.088,0.082,0.087,0.094,0.084,0.104,0.083,0.083,0.082,0.083,0.083,0.085,0.083,0.085,0.088,0.091,0.085,0.084,0.085,0.087,0.084,0.084,0.085,0.096,0.089,0.083,0.088,0.089,0.097,0.094,0.091,0.088,0.088,0.088,0.089,0.09,0.09,0.09,0.09,0.088,0.088,0.093,0.09,0.091,0.095,0.093,0.087,0.088,0.093,0.09,0.091,0.088,0.09,0.097,0.092,0.09,0.091,0.088,0.092,0.094,0.088,0.09,0.089,0.087,0.087,0.089,0.087,0.087,0.087,0.087,0.086,0.087,0.089,0.088,0.086
,5:15:00,48,0.087,0.087,0.087,0.089,0.087,0.087,0.087,0.087,0.087,0.087,0.087,0.087,0.087,0.09,0.091,0.085,0.087,0.083,0.086,0.083,0.083,0.085,0.083,0.087,0.094,0.084,0.091,0.083,0.083,0.082,0.083,0.083,0.086,0.083,0.087,0.088,0.091,0.085,0.088,0.085,0.087,0.088,0.084,0.085,0.097,0.088,0.083,0.088,0.089,0.097,0.094,0.092,0.089,0.088,0.089,0.09,0.091,0.09,0.091,0.09,0.088,0.089,0.093,0.09,0.091,0.095,0.093,0.087,0.088,0.093,0.091,0.091,0.088,0.091,0.097,0.091,0.091,0.091,0.088,0.092,0.094,0.089,0.091,0.089,0.087,0.087,0.089,0.087,0.087,0.087,0.086,0.087,0.087,0.089,0.088,0.087
,5:20:00,48,0.087,0.087,0.087,0.087,0.087,0.087,0.087,0.087,0.087,0.087,0.087,0.087,0.087,0.103,0.093,0.085,0.087,0.082,0.087,0.083,0.083,0.086,0.083,0.087,0.094,0.084,0.103,0.083,0.083,0.083,0.083,0.084,0.086,0.083,0.088,0.088,0.091,0.087,0.087,0.085,0.088,0.084,0.084,0.085,0.091,0.088,0.085,0.089,0.089,0.097,0.094,0.092,0.089,0.088,0.089,0.089,0.09,0.09,0.091,0.091,0.088,0.089,0.094,0.09,0.091,0.095,0.094,0.087,0.088,0.09,0.091,0.091,0.088,0.09,0.097,0.092,0.091,0.091,0.089,0.092,0.094,0.089,0.091,0.089,0.087,0.087,0.089,0.087,0.087,0.087,0.087,0.086,0.088,0.089,0.088,0.087
,5:25:00,47.9,0.087,0.086,0.087,0.087,0.087,0.087,0.087,0.086,0.086,0.087,0.087,0.087,0.087,0.106,0.092,0.085,0.086,0.082,0.086,0.083,0.083,0.087,0.082,0.087,0.094,0.083,0.084,0.083,0.083,0.083,0.083,0.083,0.084,0.083,0.086,0.088,0.09,0.085,0.085,0.085,0.087,0.084,0.086,0.084,0.093,0.088,0.085,0.088,0.088,0.097,0.094,0.091,0.088,0.088,0.09,0.089,0.09,0.089,0.09,0.09,0.088,0.088,0.093,0.09,0.091,0.094,0.093,0.087,0.088,0.093,0.09,0.091,0.088,0.091,0.096,0.091,0.09,0.09,0.089,0.092,0.094,0.089,0.09,0.089,0.087,0.086,0.089,0.087,0.086,0.087,0.086,0.086,0.087,0.089,0.087,0.087
,5:30:00,47.9,0.087,0.087,0.087,0.087,0.087,0.087,0.087,0.087,0.087,0.088,0.087,0.087,0.087,0.105,0.091,0.084,0.087,0.083,0.087,0.083,0.083,0.089,0.082,0.087,0.095,0.083,0.096,0.084,0.083,0.083,0.083,0.084,0.084,0.083,0.086,0.089,0.091,0.085,0.087,0.085,0.088,0.085,0.084,0.084,0.093,0.089,0.083,0.088,0.089,0.097,0.094,0.091,0.089,0.088,0.089,0.089,0.09,0.09,0.09,0.09,0.088,0.088,0.093,0.09,0.091,0.094,0.093,0.087,0.088,0.091,0.091,0.091,0.088,0.091,0.097,0.092,0.09,0.09,0.089,0.092,0.094,0.089,0.091,0.089,0.087,0.087,0.089,0.087,0.087,0.087,0.086,0.087,0.087,0.089,0.088,0.087
,5:35:00,47.9,0.087,0.087,0.087,0.086,0.087,0.087,0.087,0.086,0.086,0.087,0.087,0.087,0.087,0.098,0.091,0.086,0.087,0.082,0.086,0.082,0.083,0.088,0.083,0.087,0.094,0.083,0.087,0.083,0.083,0.082,0.083,0.084,0.086,0.083,0.085,0.088,0.091,0.085,0.085,0.086,0.088,0.083,0.084,0.085,0.098,0.089,0.083,0.088,0.088,0.098,0.094,0.091,0.089,0.088,0.088,0.09,0.09,0.09,0.09,0.09,0.088,0.089,0.093,0.09,0.09,0.095,0.093,0.087,0.088,0.091,0.091,0.091,0.088,0.09,0.096,0.091,0.09,0.09,0.088,0.092,0.094,0.089,0.09,0.089,0.087,0.086,0.089,0.087,0.087,0.087,0.086,0.086,0.087,0.089,0.087,0.087
,5:40:00,48,0.087,0.087,0.087,0.089,0.087,0.087,0.087,0.086,0.087,0.087,0.087,0.087,0.088,0.104,0.092,0.084,0.087,0.082,0.086,0.083,0.083,0.088,0.082,0.087,0.094,0.084,0.086,0.083,0.083,0.083,0.083,0.084,0.086,0.083,0.084,0.088,0.091,0.085,0.086,0.086,0.088,0.084,0.084,0.085,0.097,0.087,0.085,0.088,0.088,0.097,0.094,0.091,0.089,0.088,0.089,0.089,0.09,0.09,0.09,0.09,0.088,0.089,0.093,0.09,0.091,0.094,0.093,0.087,0.088,0.094,0.091,0.091,0.088,0.09,0.097,0.092,0.09,0.09,0.088,0.092,0.095,0.089,0.09,0.089,0.087,0.087,0.089,0.087,0.087,0.087,0.086,0.086,0.087,0.089,0.088,0.087
,5:45:00,48,0.087,0.087,0.087,0.087,0.087,0.086,0.087,0.086,0.086,0.087,0.086,0.087,0.087,0.097,0.09,0.084,0.087,0.083,0.086,0.083,0.083,0.085,0.083,0.087,0.094,0.084,0.088,0.083,0.084,0.083,0.083,0.083,0.086,0.083,0.085,0.088,0.091,0.085,0.086,0.086,0.088,0.083,0.085,0.084,0.095,0.088,0.085,0.088,0.089,0.098,0.094,0.091,0.089,0.088,0.089,0.089,0.09,0.09,0.09,0.09,0.088,0.088,0.093,0.09,0.091,0.094,0.093,0.087,0.088,0.094,0.091,0.091,0.088,0.09,0.097,0.091,0.09,0.09,0.088,0.092,0.094,0.088,0.091,0.089,0.087,0.086,0.089,0.087,0.087,0.087,0.086,0.086,0.087,0.089,0.088,0.087
,5:50:00,47.9,0.087,0.087,0.086,0.087,0.087,0.086,0.086,0.086,0.086,0.087,0.086,0.087,0.087,0.098,0.091,0.084,0.087,0.082,0.086,0.083,0.083,0.087,0.083,0.086,0.094,0.083,0.095,0.083,0.083,0.082,0.083,0.083,0.085,0.083,0.085,0.088,0.091,0.085,0.086,0.085,0.088,0.084,0.084,0.083,0.097,0.085,0.084,0.088,0.088,0.097,0.094,0.091,0.089,0.088,0.088,0.089,0.09,0.089,0.09,0.09,0.088,0.088,0.093,0.09,0.091,0.094,0.093,0.087,0.088,0.094,0.09,0.091,0.088,0.09,0.096,0.091,0.09,0.09,0.089,0.092,0.094,0.089,0.09,0.089,0.087,0.087,0.089,0.087,0.086,0.087,0.086,0.086,0.087,0.089,0.087,0.087
,5:55:00,48,0.087,0.087,0.087,0.087,0.087,0.086,0.087,0.086,0.086,0.087,0.087,0.087,0.087,0.1,0.092,0.084,0.087,0.082,0.086,0.083,0.083,0.084,0.082,0.087,0.094,0.084,0.095,0.083,0.084,0.083,0.083,0.084,0.086,0.083,0.085,0.089,0.091,0.085,0.087,0.086,0.088,0.084,0.084,0.084,0.098,0.089,0.085,0.088,0.088,0.097,0.094,0.091,0.089,0.088,0.088,0.089,0.09,0.089,0.09,0.09,0.088,0.088,0.093,0.09,0.091,0.094,0.092,0.087,0.088,0.093,0.09,0.091,0.088,0.091,0.096,0.091,0.09,0.09,0.089,0.092,0.094,0.089,0.09,0.089,0.087,0.087,0.089,0.087,0.087,0.087,0.086,0.086,0.087,0.089,0.088,0.087
,6:00:00,48,0.087,0.088,0.087,0.087,0.087,0.087,0.087,0.086,0.087,0.087,0.087,0.087,0.087,0.1,0.091,0.085,0.087,0.082,0.086,0.083,0.083,0.088,0.083,0.087,0.095,0.084,0.086,0.083,0.084,0.083,0.083,0.084,0.083,0.083,0.088,0.088,0.091,0.085,0.089,0.085,0.088,0.086,0.085,0.083,0.097,0.089,0.085,0.088,0.089,0.097,0.094,0.091,0.089,0.088,0.088,0.089,0.091,0.09,0.09,0.09,0.088,0.089,0.093,0.09,0.091,0.094,0.093,0.087,0.088,0.094,0.091,0.091,0.088,0.091,0.096,0.091,0.09,0.09,0.089,0.092,0.094,0.089,0.091,0.089,0.087,0.087,0.089,0.087,0.087,0.087,0.086,0.086,0.087,0.089,0.088,0.087
,6:05:00,48,0.087,0.086,0.087,0.087,0.087,0.086,0.087,0.086,0.086,0.087,0.087,0.087,0.087,0.101,0.092,0.085,0.087,0.082,0.086,0.083,0.083,0.088,0.082,0.087,0.094,0.084,0.093,0.083,0.083,0.083,0.083,0.085,0.085,0.083,0.087,0.088,0.091,0.085,0.087,0.086,0.088,0.083,0.085,0.084,0.097,0.087,0.085,0.088,0.089,0.097,0.093,0.091,0.089,0.088,0.088,0.089,0.09,0.089,0.09,0.09,0.088,0.088,0.093,0.09,0.091,0.094,0.092,0.087,0.088,0.094,0.09,0.091,0.088,0.09,0.096,0.091,0.09,0.09,0.089,0.091,0.094,0.089,0.091,0.089,0.087,0.086,0.089,0.087,0.086,0.087,0.086,0.086,0.087,0.089,0.087,0.086
,6:10:00,47.9,0.087,0.087,0.087,0.087,0.087,0.086,0.087,0.086,0.086,0.087,0.087,0.087,0.087,0.099,0.09,0.084,0.087,0.082,0.086,0.083,0.083,0.089,0.082,0.087,0.094,0.084,0.085,0.083,0.083,0.082,0.083,0.086,0.085,0.083,0.085,0.089,0.091,0.085,0.087,0.087,0.088,0.086,0.084,0.084,0.097,0.086,0.083,0.088,0.089,0.097,0.093,0.091,0.089,0.088,0.088,0.089,0.09,0.09,0.09,0.09,0.088,0.088,0.093,0.09,0.091,0.094,0.092,0.087,0.088,0.093,0.091,0.091,0.088,0.09,0.096,0.091,0.09,0.09,0.088,0.092,0.094,0.088,0.091,0.088,0.087,0.086,0.089,0.087,0.086,0.087,0.086,0.086,0.087,0.089,0.087,0.087
,6:15:00,47.9,0.088,0.088,0.087,0.087,0.088,0.087,0.087,0.087,0.087,0.088,0.087,0.087,0.088,0.1,0.092,0.085,0.087,0.083,0.087,0.083,0.084,0.089,0.083,0.087,0.095,0.084,0.085,0.084,0.084,0.083,0.084,0.088,0.085,0.083,0.086,0.089,0.092,0.085,0.087,0.086,0.089,0.086,0.084,0.085,0.096,0.087,0.084,0.089,0.089,0.098,0.094,0.091,0.089,0.088,0.089,0.09,0.09,0.09,0.091,0.091,0.089,0.089,0.094,0.09,0.091,0.095,0.093,0.088,0.088,0.095,0.091,0.092,0.088,0.091,0.096,0.092,0.091,0.091,0.089,0.092,0.095,0.089,0.091,0.089,0.087,0.087,0.089,0.087,0.087,0.088,0.087,0.087,0.088,0.089,0.088,0.087
,6:20:00,48,0.087,0.087,0.088,0.086,0.087,0.087,0.087,0.087,0.087,0.087,0.087,0.087,0.087,0.104,0.091,0.084,0.087,0.083,0.087,0.082,0.083,0.088,0.083,0.087,0.094,0.084,0.095,0.083,0.084,0.083,0.083,0.083,0.086,0.083,0.085,0.088,0.091,0.085,0.084,0.087,0.088,0.084,0.084,0.083,0.097,0.089,0.085,0.088,0.089,0.097,0.094,0.091,0.089,0.088,0.089,0.089,0.09,0.09,0.09,0.09,0.088,0.088,0.093,0.09,0.091,0.094,0.092,0.087,0.088,0.094,0.09,0.091,0.088,0.09,0.096,0.091,0.09,0.09,0.088,0.092,0.094,0.089,0.091,0.089,0.087,0.086,0.089,0.087,0.087,0.087,0.086,0.086,0.087,0.089,0.087,0.087
,6:25:00,48,0.087,0.087,0.087,0.087,0.087,0.086,0.087,0.086,0.087,0.087,0.087,0.087,0.087,0.105,0.092,0.084,0.087,0.082,0.086,0.082,0.083,0.085,0.083,0.087,0.094,0.084,0.085,0.083,0.083,0.083,0.083,0.087,0.086,0.083,0.085,0.088,0.091,0.085,0.088,0.086,0.088,0.084,0.086,0.083,0.097,0.089,0.085,0.088,0.088,0.097,0.093,0.091,0.089,0.088,0.088,0.089,0.091,0.09,0.09,0.09,0.088,0.088,0.093,0.09,0.091,0.094,0.092,0.087,0.088,0.094,0.09,0.091,0.088,0.09,0.096,0.091,0.09,0.09,0.088,0.092,0.094,0.088,0.09,0.089,0.087,0.086,0.089,0.087,0.087,0.087,0.086,0.086,0.087,0.089,0.088,0.087
,6:30:00,47.9,0.087,0.087,0.087,0.087,0.087,0.087,0.087,0.087,0.087,0.088,0.087,0.087,0.087,0.104,0.09,0.085,0.087,0.083,0.087,0.083,0.083,0.088,0.083,0.087,0.094,0.084,0.084,0.084,0.084,0.083,0.083,0.083,0.085,0.083,0.088,0.088,0.091,0.085,0.086,0.085,0.088,0.085,0.084,0.084,0.098,0.09,0.085,0.089,0.088,0.097,0.094,0.091,0.089,0.088,0.089,0.089,0.09,0.09,0.09,0.09,0.088,0.089,0.093,0.09,0.091,0.094,0.093,0.087,0.088,0.094,0.091,0.091,0.089,0.09,0.096,0.091,0.09,0.09,0.089,0.092,0.094,0.089,0.091,0.089,0.087,0.087,0.089,0.087,0.087,0.087,0.087,0.086,0.088,0.089,0.087,0.087
,6:35:00,47.9,0.087,0.086,0.087,0.087,0.087,0.086,0.087,0.086,0.087,0.087,0.087,0.087,0.087,0.101,0.092,0.085,0.086,0.082,0.086,0.083,0.083,0.085,0.083,0.087,0.094,0.084,0.1,0.083,0.084,0.083,0.083,0.086,0.086,0.083,0.087,0.088,0.091,0.085,0.085,0.085,0.087,0.092,0.084,0.083,0.096,0.087,0.083,0.088,0.088,0.098,0.093,0.091,0.088,0.088,0.088,0.089,0.09,0.089,0.09,0.09,0.088,0.088,0.093,0.09,0.091,0.094,0.092,0.087,0.088,0.094,0.09,0.091,0.088,0.09,0.096,0.091,0.09,0.09,0.089,0.091,0.094,0.088,0.09,0.089,0.087,0.086,0.089,0.087,0.086,0.087,0.086,0.086,0.087,0.089,0.087,0.087
,6:40:00,47.9,0.087,0.086,0.087,0.087,0.087,0.086,0.087,0.086,0.087,0.087,0.086,0.087,0.087,0.105,0.09,0.085,0.087,0.082,0.087,0.083,0.083,0.088,0.083,0.087,0.094,0.083,0.084,0.083,0.083,0.083,0.083,0.083,0.086,0.083,0.085,0.088,0.091,0.085,0.086,0.085,0.088,0.086,0.085,0.084,0.097,0.089,0.083,0.089,0.088,0.097,0.094,0.091,0.089,0.088,0.088,0.089,0.09,0.09,0.09,0.09,0.088,0.088,0.093,0.09,0.091,0.094,0.092,0.087,0.088,0.094,0.09,0.091,0.088,0.091,0.096,0.091,0.09,0.09,0.089,0.092,0.094,0.088,0.09,0.089,0.087,0.086,0.089,0.087,0.086,0.087,0.086,0.086,0.087,0.089,0.087,0.087
,6:45:00,47.9,0.087,0.087,0.087,0.086,0.087,0.086,0.087,0.086,0.086,0.087,0.086,0.087,0.087,0.102,0.092,0.084,0.086,0.082,0.086,0.083,0.083,0.089,0.082,0.087,0.094,0.083,0.103,0.083,0.084,0.083,0.083,0.084,0.086,0.083,0.088,0.088,0.091,0.085,0.087,0.086,0.088,0.091,0.085,0.083,0.093,0.088,0.083,0.088,0.088,0.097,0.093,0.091,0.088,0.088,0.088,0.089,0.09,0.09,0.09,0.09,0.088,0.088,0.093,0.089,0.091,0.094,0.092,0.087,0.088,0.094,0.09,0.091,0.088,0.09,0.096,0.091,0.09,0.09,0.088,0.092,0.094,0.088,0.09,0.089,0.087,0.086,0.089,0.087,0.086,0.087,0.086,0.086,0.087,0.089,0.087,0.087
,6:50:00,47.9,0.087,0.087,0.087,0.086,0.087,0.086,0.086,0.086,0.087,0.087,0.087,0.087,0.087,0.102,0.091,0.084,0.087,0.082,0.086,0.082,0.083,0.086,0.083,0.086,0.094,0.084,0.087,0.083,0.083,0.084,0.083,0.083,0.086,0.083,0.084,0.088,0.091,0.085,0.087,0.084,0.088,0.089,0.085,0.083,0.096,0.089,0.083,0.088,0.088,0.097,0.093,0.091,0.089,0.088,0.088,0.089,0.089,0.089,0.09,0.09,0.088,0.088,0.093,0.09,0.091,0.094,0.092,0.087,0.088,0.091,0.09,0.091,0.088,0.09,0.096,0.091,0.09,0.09,0.088,0.092,0.093,0.089,0.09,0.089,0.087,0.086,0.089,0.087,0.086,0.087,0.086,0.086,0.087,0.089,0.087,0.087
,6:55:00,48,0.087,0.087,0.087,0.089,0.087,0.087,0.087,0.086,0.087,0.087,0.087,0.087,0.087,0.1,0.09,0.085,0.087,0.082,0.086,0.082,0.083,0.085,0.083,0.087,0.094,0.083,0.1,0.084,0.084,0.083,0.083,0.083,0.086,0.083,0.087,0.088,0.091,0.085,0.085,0.087,0.088,0.09,0.084,0.084,0.098,0.089,0.083,0.088,0.088,0.097,0.093,0.091,0.089,0.088,0.088,0.089,0.09,0.09,0.09,0.09,0.088,0.088,0.093,0.09,0.091,0.094,0.092,0.087,0.088,0.094,0.09,0.091,0.088,0.091,0.096,0.091,0.09,0.09,0.088,0.092,0.093,0.089,0.09,0.089,0.087,0.086,0.089,0.087,0.086,0.088,0.086,0.086,0.088,0.089,0.087,0.087
,7:00:00,48,0.087,0.087,0.087,0.087,0.087,0.087,0.086,0.086,0.086,0.087,0.087,0.087,0.087,0.099,0.091,0.085,0.087,0.082,0.086,0.083,0.083,0.087,0.083,0.087,0.095,0.083,0.095,0.083,0.083,0.083,0.083,0.084,0.085,0.083,0.085,0.089,0.091,0.085,0.086,0.085,0.088,0.09,0.084,0.084,0.095,0.089,0.085,0.088,0.088,0.097,0.094,0.091,0.089,0.088,0.089,0.089,0.09,0.089,0.09,0.09,0.088,0.088,0.093,0.09,0.091,0.094,0.092,0.087,0.088,0.094,0.091,0.091,0.088,0.091,0.095,0.091,0.09,0.09,0.089,0.091,0.094,0.089,0.091,0.089,0.087,0.086,0.089,0.087,0.087,0.087,0.086,0.086,0.087,0.089,0.088,0.087
,7:05:00,48,0.087,0.087,0.087,0.087,0.087,0.086,0.086,0.086,0.086,0.087,0.086,0.087,0.087,0.095,0.091,0.085,0.087,0.082,0.086,0.082,0.083,0.086,0.084,0.086,0.094,0.083,0.101,0.083,0.084,0.082,0.083,0.083,0.085,0.083,0.087,0.088,0.091,0.085,0.089,0.085,0.088,0.089,0.084,0.085,0.098,0.089,0.083,0.088,0.088,0.097,0.093,0.091,0.088,0.088,0.089,0.089,0.09,0.09,0.09,0.09,0.088,0.088,0.093,0.089,0.091,0.094,0.092,0.087,0.088,0.094,0.09,0.091,0.088,0.09,0.096,0.091,0.09,0.09,0.088,0.092,0.094,0.088,0.09,0.089,0.087,0.086,0.089,0.087,0.086,0.087,0.086,0.086,0.087,0.089,0.087,0.086
,7:10:00,47.9,0.087,0.087,0.087,0.087,0.087,0.086,0.087,0.086,0.087,0.087,0.087,0.087,0.087,0.1,0.091,0.084,0.086,0.082,0.086,0.083,0.083,0.082,0.083,0.087,0.094,0.083,0.101,0.083,0.083,0.083,0.083,0.083,0.085,0.083,0.086,0.088,0.091,0.085,0.084,0.087,0.087,0.085,0.086,0.083,0.098,0.088,0.085,0.088,0.089,0.097,0.093,0.091,0.089,0.088,0.089,0.089,0.089,0.09,0.09,0.09,0.088,0.088,0.093,0.09,0.09,0.094,0.092,0.087,0.088,0.094,0.09,0.091,0.088,0.09,0.096,0.091,0.09,0.09,0.088,0.092,0.095,0.088,0.091,0.089,0.087,0.086,0.089,0.087,0.086,0.087,0.086,0.086,0.087,0.089,0.087,0.087
,7:15:00,48,0.087,0.087,0.087,0.087,0.087,0.086,0.087,0.086,0.086,0.087,0.086,0.087,0.087,0.101,0.092,0.085,0.087,0.082,0.086,0.083,0.083,0.087,0.083,0.087,0.094,0.083,0.098,0.083,0.084,0.082,0.083,0.084,0.086,0.083,0.085,0.088,0.091,0.086,0.088,0.085,0.087,0.093,0.084,0.083,0.095,0.089,0.085,0.088,0.088,0.097,0.093,0.091,0.088,0.088,0.089,0.089,0.09,0.09,0.09,0.09,0.088,0.088,0.093,0.09,0.091,0.094,0.092,0.087,0.088,0.094,0.09,0.091,0.088,0.091,0.095,0.091,0.09,0.09,0.088,0.091,0.094,0.088,0.09,0.089,0.087,0.086,0.089,0.087,0.087,0.087,0.086,0.086,0.087,0.089,0.087,0.086
,7:20:00,48,0.087,0.086,0.087,0.087,0.087,0.086,0.087,0.086,0.086,0.087,0.087,0.087,0.087,0.102,0.091,0.085,0.087,0.082,0.086,0.083,0.083,0.087,0.082,0.087,0.094,0.083,0.084,0.083,0.083,0.083,0.083,0.083,0.086,0.083,0.084,0.089,0.091,0.085,0.087,0.085,0.088,0.094,0.084,0.084,0.095,0.088,0.083,0.088,0.088,0.097,0.093,0.091,0.088,0.088,0.088,0.089,0.09,0.089,0.09,0.09,0.088,0.088,0.093,0.09,0.091,0.094,0.092,0.087,0.088,0.093,0.09,0.091,0.088,0.09,0.096,0.091,0.09,0.09,0.088,0.091,0.094,0.088,0.09,0.089,0.087,0.086,0.089,0.087,0.086,0.087,0.086,0.086,0.087,0.089,0.088,0.086
,7:25:00,48,0.087,0.087,0.087,0.087,0.087,0.087,0.087,0.087,0.086,0.087,0.087,0.087,0.088,0.101,0.091,0.085,0.087,0.083,0.086,0.083,0.083,0.085,0.083,0.087,0.095,0.084,0.105,0.084,0.084,0.083,0.083,0.083,0.086,0.083,0.088,0.088,0.091,0.085,0.089,0.085,0.088,0.093,0.084,0.084,0.094,0.089,0.086,0.088,0.089,0.098,0.094,0.091,0.089,0.088,0.089,0.09,0.09,0.09,0.09,0.09,0.088,0.088,0.093,0.09,0.091,0.094,0.092,0.088,0.088,0.095,0.091,0.091,0.088,0.091,0.096,0.091,0.091,0.091,0.089,0.092,0.094,0.089,0.091,0.089,0.087,0.087,0.089,0.087,0.087,0.087,0.086,0.086,0.088,0.089,0.088,0.087
,7:30:00,47.9,0.087,0.087,0.087,0.087,0.087,0.086,0.087,0.086,0.086,0.087,0.086,0.087,0.087,0.1,0.091,0.085,0.087,0.082,0.086,0.082,0.083,0.088,0.082,0.087,0.094,0.084,0.084,0.083,0.084,0.083,0.083,0.083,0.085,0.083,0.087,0.088,0.091,0.085,0.087,0.085,0.088,0.086,0.084,0.084,0.097,0.089,0.083,0.088,0.088,0.098,0.093,0.091,0.088,0.088,0.088,0.089,0.089,0.09,0.09,0.09,0.088,0.089,0.093,0.09,0.091,0.094,0.092,0.087,0.088,0.095,0.09,0.091,0.088,0.09,0.095,0.091,0.09,0.09,0.088,0.091,0.094,0.088,0.09,0.089,0.087,0.086,0.088,0.087,0.086,0.087,0.086,0.086,0.087,0.089,0.087,0.087
,7:35:00,47.9,0.087,0.086,0.087,0.086,0.087,0.086,0.086,0.086,0.086,0.087,0.086,0.087,0.087,0.096,0.092,0.084,0.087,0.082,0.086,0.082,0.083,0.087,0.083,0.086,0.094,0.083,0.085,0.083,0.083,0.082,0.083,0.083,0.085,0.082,0.087,0.088,0.091,0.084,0.084,0.085,0.087,0.091,0.084,0.083,0.097,0.089,0.083,0.088,0.088,0.097,0.093,0.09,0.088,0.088,0.088,0.089,0.089,0.089,0.089,0.09,0.088,0.088,0.092,0.089,0.091,0.093,0.092,0.087,0.088,0.092,0.09,0.091,0.088,0.09,0.095,0.091,0.09,0.09,0.088,0.091,0.094,0.088,0.09,0.088,0.087,0.086,0.088,0.086,0.086,0.087,0.086,0.086,0.087,0.089,0.087,0.086
,7:40:00,48,0.087,0.087,0.087,0.087,0.087,0.087,0.087,0.086,0.087,0.087,0.087,0.087,0.087,0.103,0.092,0.085,0.087,0.083,0.086,0.083,0.083,0.086,0.083,0.087,0.094,0.084,0.089,0.083,0.083,0.082,0.083,0.084,0.086,0.083,0.087,0.088,0.091,0.085,0.087,0.086,0.088,0.088,0.085,0.084,0.093,0.09,0.083,0.088,0.088,0.098,0.094,0.091,0.089,0.088,0.089,0.089,0.09,0.09,0.09,0.09,0.088,0.088,0.093,0.09,0.091,0.094,0.092,0.087,0.088,0.094,0.09,0.091,0.088,0.091,0.096,0.091,0.09,0.09,0.089,0.091,0.094,0.088,0.09,0.089,0.087,0.086,0.089,0.087,0.086,0.087,0.086,0.086,0.087,0.089,0.087,0.086
,7:45:00,48,0.087,0.087,0.087,0.087,0.087,0.087,0.087,0.086,0.086,0.087,0.087,0.087,0.087,0.101,0.092,0.085,0.087,0.083,0.086,0.083,0.083,0.087,0.083,0.086,0.094,0.083,0.103,0.083,0.083,0.083,0.083,0.084,0.086,0.083,0.087,0.088,0.091,0.085,0.088,0.085,0.088,0.095,0.084,0.083,0.092,0.09,0.083,0.088,0.088,0.098,0.094,0.091,0.089,0.088,0.089,0.089,0.09,0.09,0.09,0.09,0.088,0.088,0.093,0.09,0.091,0.094,0.092,0.087,0.088,0.093,0.09,0.091,0.088,0.09,0.096,0.091,0.09,0.09,0.088,0.092,0.094,0.089,0.09,0.089,0.087,0.086,0.089,0.087,0.086,0.087,0.086,0.086,0.087,0.089,0.088,0.087
,7:50:00,48,0.087,0.087,0.087,0.087,0.087,0.086,0.087,0.086,0.087,0.087,0.086,0.087,0.087,0.102,0.091,0.085,0.087,0.082,0.086,0.082,0.083,0.086,0.083,0.086,0.094,0.083,0.107,0.084,0.083,0.083,0.083,0.084,0.085,0.083,0.087,0.088,0.091,0.085,0.085,0.085,0.088,0.098,0.084,0.084,0.098,0.089,0.083,0.088,0.089,0.098,0.094,0.091,0.089,0.088,0.088,0.089,0.09,0.089,0.09,0.09,0.088,0.088,0.093,0.09,0.091,0.094,0.092,0.087,0.088,0.094,0.09,0.091,0.088,0.09,0.096,0.091,0.09,0.09,0.089,0.091,0.094,0.089,0.09,0.089,0.087,0.086,0.089,0.087,0.087,0.087,0.086,0.086,0.087,0.089,0.088,0.087
,7:55:00,47.9,0.087,0.087,0.087,0.086,0.087,0.086,0.087,0.086,0.086,0.087,0.086,0.087,0.087,0.104,0.092,0.084,0.087,0.082,0.086,0.082,0.083,0.088,0.082,0.086,0.094,0.083,0.085,0.083,0.083,0.082,0.083,0.083,0.086,0.083,0.087,0.088,0.091,0.085,0.086,0.085,0.088,0.096,0.084,0.083,0.097,0.089,0.084,0.088,0.088,0.098,0.093,0.091,0.089,0.088,0.088,0.089,0.09,0.09,0.09,0.09,0.088,0.088,0.093,0.089,0.09,0.094,0.092,0.087,0.088,0.094,0.09,0.091,0.088,0.09,0.095,0.091,0.09,0.09,0.088,0.091,0.094,0.088,0.09,0.089,0.087,0.086,0.089,0.087,0.086,0.087,0.086,0.086,0.087,0.089,0.087,0.086
,8:00:00,48,0.087,0.087,0.087,0.087,0.087,0.086,0.086,0.086,0.086,0.087,0.086,0.086,0.087,0.101,0.09,0.084,0.087,0.082,0.086,0.082,0.083,0.087,0.082,0.086,0.094,0.083,0.084,0.083,0.083,0.082,0.083,0.083,0.086,0.083,0.086,0.088,0.091,0.085,0.088,0.085,0.088,0.094,0.083,0.083,0.097,0.088,0.083,0.087,0.088,0.098,0.093,0.09,0.089,0.088,0.089,0.089,0.089,0.089,0.09,0.09,0.088,0.088,0.093,0.089,0.09,0.094,0.092,0.087,0.088,0.094,0.09,0.09,0.088,0.091,0.095,0.091,0.09,0.09,0.088,0.091,0.094,0.088,0.091,0.088,0.087,0.086,0.088,0.086,0.086,0.087,0.086,0.086,0.087,0.089,0.087,0.087
,8:05:00,48,0.087,0.087,0.087,0.087,0.087,0.086,0.087,0.086,0.086,0.087,0.087,0.087,0.087,0.101,0.091,0.084,0.087,0.082,0.086,0.082,0.083,0.086,0.083,0.087,0.094,0.083,0.09,0.083,0.083,0.082,0.083,0.084,0.086,0.083,0.088,0.088,0.091,0.085,0.085,0.085,0.088,0.096,0.084,0.084,0.098,0.089,0.083,0.088,0.088,0.098,0.093,0.091,0.089,0.088,0.089,0.089,0.09,0.09,0.09,0.09,0.088,0.088,0.093,0.09,0.09,0.094,0.092,0.087,0.088,0.095,0.09,0.091,0.088,0.091,0.095,0.091,0.09,0.09,0.088,0.091,0.094,0.089,0.09,0.089,0.087,0.087,0.089,0.087,0.086,0.087,0.086,0.086,0.087,0.089,0.087,0.087
,8:10:00,48,0.087,0.087,0.087,0.087,0.087,0.087,0.087,0.086,0.086,0.087,0.087,0.086,0.087,0.101,0.092,0.085,0.087,0.083,0.086,0.083,0.083,0.088,0.083,0.086,0.094,0.083,0.098,0.084,0.084,0.083,0.083,0.084,0.086,0.083,0.087,0.088,0.091,0.085,0.085,0.085,0.088,0.099,0.084,0.085,0.094,0.089,0.083,0.088,0.088,0.098,0.094,0.091,0.089,0.088,0.089,0.089,0.09,0.09,0.09,0.09,0.088,0.088,0.093,0.09,0.091,0.094,0.092,0.087,0.088,0.094,0.09,0.091,0.088,0.09,0.095,0.091,0.09,0.09,0.089,0.092,0.094,0.089,0.091,0.089,0.087,0.086,0.089,0.087,0.087,0.087,0.086,0.086,0.087,0.089,0.088,0.087
,8:15:00,48,0.087,0.086,0.087,0.087,0.087,0.086,0.087,0.086,0.086,0.087,0.086,0.086,0.087,0.098,0.091,0.084,0.087,0.085,0.086,0.082,0.083,0.087,0.083,0.086,0.094,0.083,0.103,0.083,0.083,0.083,0.083,0.083,0.085,0.083,0.087,0.088,0.091,0.085,0.085,0.086,0.088,0.1,0.087,0.084,0.097,0.089,0.085,0.088,0.088,0.098,0.093,0.091,0.088,0.088,0.088,0.089,0.089,0.09,0.09,0.09,0.088,0.088,0.093,0.09,0.09,0.093,0.092,0.087,0.088,0.096,0.09,0.091,0.088,0.09,0.095,0.091,0.09,0.09,0.088,0.091,0.094,0.088,0.09,0.089,0.087,0.086,0.089,0.087,0.086,0.087,0.086,0.086,0.087,0.089,0.088,0.087
,8:20:00,48,0.087,0.088,0.088,0.087,0.087,0.087,0.087,0.087,0.087,0.087,0.087,0.087,0.087,0.1,0.091,0.085,0.087,0.083,0.086,0.083,0.083,0.085,0.083,0.086,0.095,0.084,0.089,0.084,0.084,0.083,0.083,0.084,0.086,0.083,0.087,0.089,0.092,0.085,0.085,0.085,0.088,0.099,0.085,0.083,0.098,0.09,0.084,0.089,0.088,0.098,0.094,0.091,0.089,0.088,0.089,0.089,0.09,0.09,0.09,0.09,0.089,0.089,0.093,0.09,0.091,0.094,0.092,0.087,0.089,0.095,0.09,0.091,0.088,0.091,0.096,0.091,0.09,0.09,0.089,0.091,0.094,0.088,0.091,0.089,0.087,0.086,0.089,0.087,0.087,0.087,0.086,0.086,0.087,0.089,0.088,0.087
,8:25:00,47.9,0.087,0.087,0.087,0.087,0.087,0.086,0.087,0.086,0.086,0.087,0.087,0.086,0.087,0.091,0.092,0.085,0.087,0.082,0.086,0.083,0.083,0.088,0.083,0.086,0.094,0.084,0.085,0.083,0.083,0.082,0.083,0.083,0.086,0.083,0.088,0.089,0.091,0.085,0.086,0.085,0.088,0.095,0.084,0.083,0.095,0.089,0.086,0.088,0.088,0.098,0.093,0.091,0.089,0.088,0.088,0.089,0.09,0.09,0.09,0.09,0.088,0.088,0.093,0.09,0.091,0.094,0.092,0.087,0.088,0.095,0.09,0.091,0.088,0.09,0.095,0.091,0.09,0.09,0.088,0.091,0.094,0.089,0.091,0.089,0.087,0.086,0.089,0.087,0.086,0.087,0.086,0.086,0.087,0.089,0.088,0.087
,8:30:00,47.9,0.087,0.087,0.087,0.087,0.087,0.087,0.087,0.087,0.086,0.087,0.086,0.087,0.087,0.105,0.092,0.085,0.087,0.083,0.087,0.083,0.083,0.087,0.083,0.087,0.094,0.084,0.085,0.084,0.084,0.083,0.083,0.083,0.086,0.083,0.086,0.089,0.091,0.085,0.084,0.085,0.088,0.103,0.084,0.084,0.098,0.088,0.083,0.089,0.089,0.098,0.094,0.091,0.089,0.088,0.09,0.089,0.09,0.09,0.09,0.09,0.088,0.089,0.093,0.09,0.091,0.094,0.092,0.087,0.088,0.095,0.09,0.091,0.088,0.091,0.096,0.091,0.09,0.09,0.089,0.091,0.094,0.088,0.091,0.089,0.087,0.086,0.089,0.087,0.086,0.087,0.086,0.086,0.088,0.089,0.088,0.086
,8:35:00,48,0.087,0.087,0.087,0.087,0.087,0.086,0.087,0.086,0.087,0.087,0.086,0.086,0.087,0.101,0.091,0.084,0.087,0.082,0.087,0.083,0.083,0.089,0.083,0.086,0.094,0.084,0.084,0.084,0.084,0.083,0.083,0.083,0.086,0.083,0.087,0.088,0.091,0.085,0.086,0.087,0.088,0.103,0.086,0.084,0.098,0.089,0.083,0.088,0.088,0.098,0.094,0.091,0.089,0.088,0.089,0.089,0.09,0.09,0.09,0.09,0.088,0.088,0.093,0.09,0.091,0.094,0.092,0.087,0.088,0.095,0.09,0.091,0.088,0.09,0.095,0.091,0.09,0.09,0.088,0.091,0.094,0.088,0.091,0.089,0.087,0.086,0.089,0.087,0.086,0.087,0.086,0.086,0.087,0.089,0.088,0.087
,8:40:00,48,0.087,0.087,0.087,0.086,0.087,0.086,0.086,0.086,0.086,0.087,0.086,0.086,0.087,0.103,0.092,0.084,0.087,0.082,0.086,0.083,0.083,0.088,0.083,0.086,0.094,0.083,0.105,0.083,0.083,0.084,0.083,0.083,0.086,0.083,0.087,0.088,0.091,0.085,0.084,0.087,0.088,0.102,0.084,0.085,0.096,0.089,0.085,0.088,0.088,0.098,0.093,0.091,0.088,0.088,0.088,0.089,0.09,0.09,0.09,0.09,0.088,0.088,0.093,0.089,0.091,0.093,0.092,0.087,0.088,0.094,0.09,0.09,0.088,0.09,0.095,0.09,0.09,0.09,0.088,0.091,0.094,0.088,0.09,0.089,0.087,0.086,0.089,0.087,0.086,0.087,0.086,0.086,0.087,0.088,0.087,0.086
,8:45:00,48,0.087,0.086,0.087,0.086,0.087,0.086,0.086,0.086,0.086,0.087,0.086,0.086,0.087,0.096,0.09,0.084,0.087,0.082,0.086,0.082,0.083,0.088,0.083,0.086,0.094,0.083,0.088,0.083,0.083,0.082,0.083,0.083,0.086,0.083,0.088,0.088,0.091,0.085,0.088,0.085,0.088,0.102,0.084,0.083,0.097,0.089,0.084,0.088,0.088,0.098,0.093,0.09,0.088,0.088,0.088,0.089,0.09,0.089,0.09,0.09,0.088,0.088,0.093,0.089,0.091,0.093,0.092,0.087,0.088,0.094,0.09,0.091,0.088,0.09,0.095,0.091,0.09,0.09,0.088,0.091,0.094,0.088,0.09,0.088,0.087,0.086,0.088,0.086,0.086,0.087,0.086,0.086,0.087,0.089,0.087,0.086
,8:50:00,48,0.087,0.086,0.087,0.086,0.087,0.086,0.086,0.086,0.086,0.087,0.086,0.086,0.087,0.098,0.092,0.084,0.086,0.082,0.086,0.082,0.082,0.089,0.082,0.086,0.094,0.083,0.084,0.083,0.083,0.082,0.083,0.083,0.086,0.082,0.087,0.088,0.091,0.086,0.084,0.085,0.088,0.099,0.083,0.084,0.092,0.089,0.085,0.088,0.088,0.098,0.093,0.09,0.088,0.088,0.088,0.089,0.089,0.089,0.089,0.09,0.088,0.088,0.093,0.089,0.091,0.093,0.091,0.087,0.088,0.093,0.09,0.09,0.088,0.09,0.095,0.091,0.09,0.09,0.088,0.091,0.094,0.088,0.09,0.088,0.086,0.086,0.088,0.086,0.086,0.086,0.086,0.086,0.087,0.089,0.087,0.086
,8:55:00,47.9,0.087,0.087,0.087,0.086,0.087,0.086,0.086,0.086,0.086,0.087,0.086,0.086,0.087,0.107,0.092,0.084,0.087,0.082,0.086,0.082,0.083,0.087,0.082,0.086,0.094,0.083,0.085,0.083,0.083,0.082,0.083,0.083,0.086,0.083,0.087,0.087,0.091,0.085,0.087,0.085,0.088,0.104,0.084,0.084,0.098,0.089,0.083,0.088,0.088,0.098,0.093,0.09,0.089,0.088,0.088,0.089,0.09,0.089,0.09,0.09,0.088,0.088,0.093,0.09,0.091,0.093,0.091,0.087,0.088,0.094,0.09,0.09,0.088,0.09,0.095,0.091,0.09,0.09,0.088,0.091,0.094,0.088,0.09,0.088,0.087,0.086,0.088,0.086,0.086,0.087,0.086,0.086,0.087,0.089,0.087,0.086
,9:00:00,47.9,0.087,0.086,0.087,0.087,0.087,0.086,0.086,0.086,0.086,0.087,0.086,0.086,0.087,0.099,0.091,0.084,0.087,0.082,0.086,0.082,0.083,0.088,0.082,0.086,0.094,0.083,0.098,0.083,0.083,0.082,0.083,0.083,0.086,0.082,0.087,0.088,0.091,0.085,0.086,0.086,0.088,0.103,0.084,0.083,0.097,0.089,0.085,0.088,0.088,0.098,0.093,0.091,0.088,0.088,0.088,0.089,0.09,0.089,0.089,0.09,0.088,0.088,0.093,0.09,0.091,0.093,0.092,0.087,0.088,0.094,0.09,0.091,0.088,0.09,0.095,0.09,0.09,0.09,0.088,0.091,0.094,0.088,0.09,0.089,0.086,0.086,0.088,0.086,0.086,0.087,0.086,0.086,0.087,0.089,0.087,0.086
,9:05:00,47.9,0.087,0.087,0.087,0.088,0.087,0.086,0.087,0.086,0.086,0.087,0.086,0.086,0.087,0.096,0.091,0.085,0.087,0.082,0.086,0.082,0.083,0.087,0.083,0.086,0.094,0.083,0.1,0.083,0.083,0.083,0.083,0.083,0.086,0.083,0.087,0.088,0.091,0.085,0.084,0.085,0.088,0.102,0.085,0.084,0.096,0.09,0.084,0.088,0.088,0.098,0.093,0.091,0.089,0.088,0.088,0.089,0.089,0.09,0.09,0.09,0.088,0.088,0.093,0.09,0.09,0.093,0.092,0.087,0.088,0.095,0.09,0.091,0.088,0.09,0.095,0.091,0.09,0.09,0.088,0.091,0.094,0.088,0.09,0.089,0.087,0.086,0.089,0.086,0.086,0.087,0.086,0.086,0.087,0.089,0.087,0.086
,9:10:00,47.9,0.087,0.086,0.087,0.087,0.087,0.086,0.087,0.086,0.086,0.087,0.086,0.086,0.087,0.101,0.09,0.084,0.087,0.082,0.086,0.082,0.083,0.088,0.082,0.086,0.094,0.083,0.095,0.083,0.083,0.083,0.083,0.083,0.086,0.083,0.087,0.088,0.091,0.085,0.085,0.085,0.088,0.103,0.084,0.083,0.098,0.09,0.083,0.088,0.088,0.098,0.093,0.09,0.089,0.088,0.088,0.089,0.089,0.09,0.09,0.09,0.088,0.088,0.093,0.089,0.09,0.093,0.092,0.087,0.088,0.094,0.09,0.09,0.088,0.09,0.095,0.09,0.09,0.09,0.088,0.091,0.094,0.088,0.09,0.089,0.086,0.086,0.088,0.086,0.086,0.087,0.086,0.086,0.087,0.089,0.087,0.086
,9:15:00,47.9,0.087,0.087,0.088,0.089,0.087,0.087,0.087,0.086,0.087,0.087,0.087,0.087,0.087,0.107,0.091,0.085,0.087,0.083,0.087,0.083,0.083,0.089,0.083,0.086,0.094,0.084,0.085,0.084,0.084,0.083,0.084,0.084,0.086,0.083,0.087,0.088,0.091,0.085,0.085,0.085,0.088,0.096,0.084,0.085,0.098,0.089,0.086,0.088,0.089,0.098,0.093,0.091,0.089,0.088,0.089,0.09,0.09,0.09,0.09,0.09,0.089,0.089,0.093,0.09,0.091,0.094,0.092,0.087,0.088,0.094,0.091,0.091,0.088,0.091,0.096,0.091,0.091,0.09,0.089,0.091,0.095,0.089,0.091,0.089,0.087,0.087,0.089,0.087,0.086,0.087,0.086,0.086,0.088,0.089,0.088,0.087
,9:20:00,48,0.087,0.087,0.087,0.088,0.087,0.086,0.087,0.086,0.086,0.087,0.086,0.086,0.087,0.098,0.092,0.084,0.087,0.083,0.086,0.083,0.083,0.088,0.082,0.086,0.094,0.083,0.102,0.083,0.083,0.083,0.083,0.083,0.085,0.083,0.087,0.088,0.091,0.085,0.088,0.086,0.088,0.104,0.084,0.083,0.097,0.089,0.085,0.088,0.088,0.098,0.093,0.091,0.089,0.088,0.088,0.089,0.09,0.09,0.09,0.09,0.088,0.088,0.093,0.09,0.091,0.093,0.091,0.087,0.088,0.094,0.09,0.09,0.088,0.09,0.095,0.091,0.09,0.09,0.088,0.091,0.094,0.088,0.09,0.089,0.086,0.086,0.088,0.086,0.086,0.087,0.086,0.086,0.087,0.089,0.087,0.087
,9:25:00,48,0.087,0.087,0.087,0.088,0.087,0.086,0.086,0.086,0.086,0.087,0.086,0.086,0.087,0.101,0.091,0.084,0.087,0.082,0.086,0.082,0.083,0.088,0.082,0.086,0.094,0.085,0.102,0.083,0.083,0.082,0.083,0.083,0.086,0.083,0.087,0.088,0.091,0.085,0.084,0.084,0.087,0.099,0.084,0.084,0.092,0.089,0.085,0.088,0.088,0.098,0.093,0.09,0.088,0.087,0.088,0.089,0.089,0.089,0.089,0.089,0.088,0.088,0.092,0.089,0.09,0.093,0.091,0.087,0.088,0.094,0.09,0.09,0.088,0.09,0.095,0.09,0.089,0.089,0.088,0.091,0.094,0.088,0.09,0.088,0.086,0.086,0.088,0.086,0.086,0.086,0.086,0.086,0.087,0.088,0.087,0.086
,9:30:00,48,0.087,0.087,0.087,0.087,0.087,0.086,0.086,0.086,0.086,0.087,0.086,0.086,0.087,0.1,0.09,0.086,0.087,0.082,0.086,0.082,0.083,0.086,0.082,0.086,0.094,0.083,0.102,0.083,0.083,0.082,0.083,0.083,0.086,0.082,0.087,0.088,0.091,0.085,0.087,0.085,0.088,0.105,0.084,0.083,0.098,0.089,0.083,0.088,0.088,0.097,0.093,0.09,0.088,0.088,0.088,0.089,0.089,0.09,0.09,0.09,0.088,0.088,0.093,0.09,0.09,0.093,0.091,0.087,0.087,0.094,0.09,0.09,0.088,0.09,0.095,0.09,0.09,0.089,0.088,0.091,0.094,0.088,0.09,0.088,0.086,0.086,0.088,0.086,0.086,0.086,0.086,0.085,0.087,0.088,0.087,0.086
,9:35:00,47.9,0.087,0.087,0.088,0.087,0.088,0.087,0.087,0.086,0.087,0.087,0.086,0.086,0.087,0.097,0.091,0.085,0.087,0.083,0.086,0.082,0.083,0.088,0.083,0.086,0.095,0.084,0.086,0.083,0.084,0.083,0.083,0.084,0.086,0.083,0.087,0.088,0.091,0.085,0.088,0.085,0.088,0.107,0.084,0.085,0.098,0.089,0.083,0.088,0.088,0.098,0.094,0.091,0.089,0.088,0.089,0.089,0.09,0.09,0.09,0.09,0.089,0.089,0.093,0.09,0.091,0.093,0.092,0.087,0.088,0.094,0.09,0.091,0.088,0.091,0.095,0.091,0.09,0.09,0.089,0.091,0.094,0.088,0.09,0.089,0.087,0.086,0.089,0.087,0.086,0.088,0.087,0.086,0.087,0.089,0.088,0.087
,9:40:00,48,0.087,0.087,0.087,0.087,0.087,0.087,0.087,0.086,0.087,0.087,0.087,0.086,0.087,0.094,0.092,0.085,0.087,0.082,0.086,0.083,0.083,0.087,0.083,0.086,0.094,0.084,0.102,0.084,0.084,0.083,0.083,0.083,0.086,0.083,0.088,0.088,0.091,0.085,0.085,0.085,0.089,0.106,0.084,0.084,0.096,0.089,0.085,0.088,0.088,0.098,0.094,0.091,0.089,0.088,0.089,0.089,0.09,0.09,0.09,0.09,0.089,0.088,0.093,0.09,0.091,0.093,0.091,0.087,0.088,0.095,0.09,0.091,0.088,0.091,0.096,0.09,0.09,0.09,0.089,0.091,0.094,0.088,0.09,0.089,0.087,0.086,0.089,0.087,0.087,0.087,0.086,0.086,0.087,0.089,0.088,0.086
,9:45:00,47.9,0.087,0.087,0.087,0.087,0.087,0.086,0.086,0.086,0.086,0.087,0.086,0.085,0.087,0.098,0.091,0.084,0.087,0.082,0.086,0.082,0.083,0.088,0.082,0.086,0.094,0.083,0.088,0.083,0.083,0.082,0.083,0.083,0.086,0.082,0.087,0.088,0.091,0.085,0.087,0.085,0.088,0.102,0.083,0.083,0.098,0.089,0.085,0.088,0.088,0.098,0.093,0.09,0.089,0.088,0.089,0.089,0.089,0.089,0.09,0.09,0.088,0.088,0.093,0.09,0.09,0.093,0.091,0.087,0.088,0.095,0.09,0.09,0.088,0.09,0.095,0.09,0.09,0.089,0.088,0.091,0.094,0.088,0.09,0.089,0.086,0.086,0.088,0.086,0.086,0.087,0.086,0.086,0.087,0.089,0.087,0.086
,9:50:00,48,0.087,0.087,0.087,0.087,0.087,0.086,0.086,0.086,0.086,0.087,0.086,0.086,0.087,0.105,0.092,0.084,0.087,0.082,0.086,0.082,0.083,0.088,0.083,0.086,0.094,0.083,0.1,0.083,0.083,0.083,0.083,0.083,0.087,0.083,0.087,0.088,0.091,0.085,0.084,0.085,0.088,0.1,0.084,0.085,0.098,0.089,0.085,0.088,0.088,0.098,0.093,0.09,0.089,0.088,0.089,0.089,0.09,0.089,0.09,0.09,0.088,0.088,0.093,0.09,0.091,0.093,0.091,0.087,0.088,0.094,0.09,0.09,0.088,0.09,0.095,0.09,0.09,0.089,0.088,0.091,0.094,0.088,0.09,0.089,0.086,0.086,0.088,0.086,0.086,0.087,0.086,0.086,0.087,0.089,0.087,0.086
,9:55:00,48,0.087,0.087,0.087,0.087,0.087,0.086,0.086,0.086,0.086,0.087,0.086,0.086,0.087,0.099,0.092,0.084,0.087,0.082,0.086,0.083,0.083,0.088,0.082,0.086,0.094,0.083,0.085,0.084,0.083,0.083,0.083,0.084,0.087,0.083,0.087,0.088,0.091,0.085,0.086,0.085,0.089,0.102,0.086,0.084,0.097,0.09,0.084,0.088,0.088,0.098,0.093,0.091,0.089,0.088,0.089,0.089,0.09,0.09,0.09,0.09,0.088,0.089,0.093,0.09,0.091,0.093,0.092,0.087,0.088,0.093,0.09,0.09,0.088,0.09,0.095,0.091,0.09,0.09,0.089,0.091,0.094,0.088,0.091,0.089,0.086,0.086,0.089,0.087,0.086,0.087,0.086,0.086,0.087,0.089,0.087,0.087
,10:00:00,48,0.087,0.087,0.087,0.087,0.087,0.087,0.086,0.086,0.086,0.087,0.086,0.086,0.087,0.096,0.091,0.085,0.087,0.082,0.086,0.083,0.083,0.089,0.082,0.086,0.095,0.084,0.099,0.084,0.083,0.083,0.083,0.084,0.086,0.083,0.087,0.088,0.091,0.085,0.088,0.085,0.088,0.106,0.084,0.085,0.098,0.089,0.083,0.088,0.089,0.098,0.093,0.091,0.089,0.088,0.089,0.089,0.089,0.09,0.09,0.09,0.088,0.088,0.093,0.09,0.091,0.093,0.091,0.087,0.088,0.094,0.09,0.091,0.088,0.09,0.095,0.09,0.09,0.09,0.089,0.091,0.094,0.088,0.091,0.089,0.087,0.086,0.088,0.086,0.086,0.087,0.086,0.086,0.087,0.089,0.087,0.087
,10:05:00,48,0.087,0.086,0.087,0.087,0.087,0.086,0.087,0.086,0.086,0.087,0.086,0.086,0.087,0.099,0.092,0.084,0.087,0.082,0.086,0.082,0.083,0.089,0.082,0.086,0.094,0.083,0.101,0.083,0.084,0.083,0.083,0.083,0.084,0.083,0.086,0.088,0.091,0.085,0.087,0.086,0.088,0.107,0.084,0.085,0.098,0.089,0.084,0.088,0.088,0.098,0.093,0.09,0.089,0.088,0.089,0.089,0.09,0.09,0.09,0.09,0.088,0.088,0.093,0.09,0.091,0.093,0.091,0.087,0.088,0.093,0.09,0.091,0.088,0.09,0.095,0.09,0.09,0.09,0.089,0.091,0.094,0.088,0.09,0.089,0.086,0.086,0.088,0.087,0.086,0.087,0.086,0.086,0.087,0.089,0.088,0.087
,10:10:00,48,0.087,0.087,0.087,0.087,0.087,0.086,0.086,0.086,0.086,0.087,0.086,0.086,0.087,0.098,0.091,0.084,0.087,0.082,0.086,0.082,0.083,0.087,0.082,0.086,0.094,0.083,0.104,0.083,0.083,0.083,0.083,0.083,0.086,0.083,0.086,0.088,0.09,0.086,0.084,0.085,0.088,0.108,0.084,0.083,0.095,0.089,0.084,0.088,0.088,0.098,0.093,0.091,0.089,0.088,0.088,0.089,0.089,0.089,0.09,0.089,0.088,0.088,0.092,0.089,0.091,0.093,0.091,0.087,0.088,0.094,0.09,0.09,0.088,0.09,0.095,0.09,0.09,0.09,0.088,0.091,0.094,0.088,0.09,0.088,0.086,0.086,0.088,0.086,0.086,0.087,0.086,0.086,0.087,0.089,0.087,0.087
,10:15:00,48,0.087,0.087,0.087,0.087,0.087,0.086,0.087,0.086,0.086,0.087,0.086,0.086,0.087,0.097,0.091,0.085,0.087,0.082,0.086,0.083,0.083,0.089,0.083,0.086,0.094,0.083,0.088,0.083,0.084,0.083,0.083,0.083,0.085,0.083,0.088,0.088,0.091,0.086,0.084,0.085,0.088,0.106,0.084,0.085,0.097,0.09,0.085,0.088,0.088,0.098,0.093,0.091,0.089,0.088,0.089,0.089,0.09,0.09,0.09,0.09,0.088,0.088,0.093,0.09,0.09,0.093,0.092,0.087,0.088,0.094,0.09,0.091,0.088,0.09,0.095,0.09,0.09,0.09,0.089,0.091,0.094,0.089,0.091,0.089,0.086,0.086,0.089,0.087,0.087,0.087,0.086,0.086,0.087,0.089,0.088,0.087
,10:20:00,48,0.087,0.087,0.088,0.086,0.087,0.086,0.087,0.086,0.086,0.087,0.086,0.085,0.087,0.095,0.092,0.084,0.086,0.082,0.086,0.083,0.083,0.088,0.083,0.086,0.094,0.083,0.084,0.083,0.083,0.083,0.083,0.083,0.086,0.083,0.087,0.088,0.091,0.085,0.088,0.085,0.088,0.112,0.084,0.085,0.098,0.089,0.085,0.088,0.088,0.099,0.093,0.091,0.089,0.088,0.089,0.089,0.09,0.09,0.09,0.09,0.088,0.088,0.093,0.089,0.091,0.093,0.091,0.087,0.088,0.094,0.09,0.091,0.088,0.09,0.095,0.09,0.09,0.09,0.088,0.091,0.094,0.088,0.091,0.089,0.087,0.086,0.089,0.086,0.087,0.087,0.086,0.086,0.087,0.089,0.088,0.087
,10:25:00,48,0.087,0.087,0.087,0.087,0.087,0.086,0.087,0.086,0.086,0.087,0.086,0.085,0.087,0.1,0.091,0.084,0.087,0.082,0.086,0.083,0.083,0.087,0.082,0.086,0.094,0.084,0.1,0.083,0.083,0.083,0.083,0.083,0.085,0.083,0.087,0.088,0.091,0.085,0.084,0.085,0.088,0.113,0.085,0.083,0.098,0.089,0.084,0.088,0.088,0.099,0.093,0.09,0.088,0.088,0.089,0.089,0.09,0.09,0.09,0.09,0.088,0.088,0.093,0.09,0.091,0.093,0.091,0.087,0.088,0.094,0.09,0.091,0.088,0.09,0.095,0.09,0.09,0.09,0.088,0.091,0.094,0.088,0.09,0.089,0.086,0.086,0.088,0.086,0.086,0.087,0.086,0.086,0.087,0.089,0.087,0.087
,10:30:00,48,0.087,0.087,0.087,0.087,0.087,0.086,0.086,0.086,0.086,0.087,0.086,0.086,0.087,0.098,0.09,0.084,0.087,0.082,0.086,0.082,0.083,0.088,0.083,0.086,0.094,0.083,0.086,0.083,0.083,0.083,0.083,0.084,0.085,0.083,0.087,0.088,0.091,0.085,0.089,0.086,0.088,0.113,0.084,0.084,0.095,0.089,0.085,0.088,0.089,0.099,0.093,0.091,0.089,0.088,0.089,0.089,0.09,0.089,0.09,0.09,0.088,0.088,0.093,0.09,0.091,0.093,0.091,0.087,0.088,0.094,0.09,0.091,0.088,0.091,0.095,0.09,0.09,0.09,0.089,0.091,0.094,0.088,0.091,0.089,0.086,0.086,0.088,0.086,0.086,0.087,0.086,0.086,0.087,0.089,0.088,0.087
,10:35:00,48,0.087,0.087,0.087,0.087,0.087,0.086,0.087,0.086,0.086,0.087,0.086,0.086,0.087,0.104,0.093,0.085,0.087,0.082,0.086,0.083,0.083,0.087,0.082,0.086,0.094,0.084,0.102,0.083,0.084,0.085,0.083,0.083,0.086,0.083,0.087,0.088,0.091,0.085,0.085,0.086,0.088,0.114,0.084,0.084,0.098,0.089,0.085,0.088,0.088,0.099,0.093,0.091,0.089,0.088,0.089,0.089,0.09,0.089,0.09,0.09,0.088,0.089,0.093,0.09,0.091,0.093,0.091,0.087,0.088,0.094,0.09,0.091,0.088,0.09,0.096,0.091,0.09,0.09,0.089,0.091,0.094,0.088,0.09,0.089,0.086,0.086,0.088,0.087,0.087,0.087,0.086,0.086,0.087,0.089,0.088,0.087
,10:40:00,47.9,0.087,0.086,0.087,0.087,0.087,0.086,0.086,0.086,0.086,0.087,0.086,0.086,0.087,0.092,0.091,0.085,0.087,0.082,0.086,0.082,0.083,0.087,0.082,0.086,0.094,0.083,0.085,0.083,0.084,0.085,0.083,0.083,0.086,0.083,0.087,0.088,0.091,0.085,0.09,0.085,0.088,0.111,0.084,0.085,0.097,0.089,0.083,0.088,0.088,0.099,0.093,0.09,0.088,0.088,0.088,0.089,0.089,0.089,0.09,0.09,0.088,0.088,0.093,0.089,0.09,0.093,0.091,0.087,0.088,0.094,0.09,0.091,0.088,0.09,0.095,0.09,0.09,0.09,0.089,0.091,0.094,0.088,0.09,0.089,0.086,0.086,0.089,0.086,0.086,0.086,0.086,0.086,0.087,0.089,0.087,0.087
,10:45:00,48,0.087,0.087,0.087,0.086,0.087,0.086,0.087,0.086,0.086,0.087,0.086,0.085,0.087,0.095,0.092,0.084,0.086,0.082,0.086,0.083,0.083,0.086,0.082,0.086,0.094,0.083,0.084,0.083,0.083,0.082,0.083,0.084,0.086,0.083,0.087,0.088,0.091,0.085,0.089,0.085,0.088,0.116,0.084,0.084,0.098,0.089,0.084,0.088,0.088,0.099,0.093,0.09,0.088,0.088,0.088,0.089,0.089,0.09,0.09,0.09,0.088,0.088,0.092,0.089,0.09,0.093,0.091,0.087,0.088,0.091,0.09,0.09,0.087,0.09,0.095,0.091,0.09,0.09,0.088,0.09,0.094,0.088,0.09,0.089,0.086,0.086,0.088,0.086,0.086,0.087,0.086,0.086,0.087,0.089,0.087,0.087
,10:50:00,48,0.087,0.087,0.087,0.087,0.087,0.086,0.087,0.086,0.086,0.087,0.086,0.085,0.087,0.105,0.092,0.085,0.087,0.082,0.086,0.083,0.083,0.088,0.082,0.086,0.094,0.083,0.084,0.083,0.084,0.083,0.083,0.084,0.086,0.083,0.087,0.088,0.091,0.086,0.087,0.085,0.088,0.115,0.086,0.084,0.097,0.089,0.085,0.088,0.088,0.099,0.093,0.091,0.089,0.088,0.089,0.089,0.09,0.09,0.09,0.09,0.088,0.088,0.093,0.089,0.091,0.093,0.091,0.087,0.088,0.093,0.09,0.091,0.088,0.09,0.095,0.091,0.09,0.09,0.088,0.091,0.094,0.088,0.09,0.088,0.086,0.086,0.089,0.087,0.086,0.087,0.086,0.086,0.087,0.089,0.088,0.087
,10:55:00,47.9,0.087,0.087,0.087,0.086,0.087,0.086,0.086,0.086,0.086,0.087,0.086,0.085,0.087,0.096,0.092,0.084,0.087,0.082,0.086,0.083,0.083,0.087,0.082,0.086,0.094,0.083,0.102,0.083,0.084,0.082,0.083,0.083,0.086,0.083,0.087,0.088,0.091,0.085,0.086,0.084,0.087,0.107,0.084,0.083,0.095,0.089,0.084,0.088,0.088,0.099,0.093,0.09,0.088,0.087,0.088,0.089,0.09,0.09,0.09,0.09,0.088,0.088,0.093,0.089,0.091,0.093,0.091,0.087,0.088,0.092,0.09,0.09,0.088,0.09,0.095,0.09,0.09,0.09,0.088,0.091,0.094,0.088,0.09,0.088,0.086,0.086,0.088,0.087,0.086,0.087,0.086,0.086,0.087,0.089,0.087,0.087
,11:00:00,48,0.087,0.087,0.087,0.086,0.087,0.086,0.086,0.086,0.086,0.087,0.086,0.085,0.087,0.097,0.093,0.084,0.087,0.082,0.086,0.082,0.083,0.088,0.082,0.086,0.094,0.084,0.1,0.083,0.083,0.082,0.083,0.083,0.086,0.083,0.085,0.088,0.091,0.085,0.086,0.086,0.088,0.111,0.084,0.084,0.096,0.089,0.083,0.088,0.088,0.1,0.093,0.09,0.088,0.088,0.089,0.089,0.09,0.09,0.09,0.09,0.088,0.089,0.093,0.09,0.09,0.093,0.091,0.087,0.088,0.093,0.091,0.09,0.088,0.09,0.095,0.09,0.09,0.09,0.088,0.091,0.094,0.089,0.09,0.088,0.086,0.086,0.088,0.086,0.086,0.087,0.086,0.086,0.087,0.089,0.087,0.087
,11:05:00,47.9,0.087,0.086,0.087,0.087,0.087,0.086,0.086,0.086,0.086,0.087,0.086,0.085,0.087,0.1,0.092,0.084,0.087,0.082,0.086,0.082,0.083,0.087,0.082,0.086,0.094,0.084,0.087,0.083,0.083,0.083,0.083,0.083,0.086,0.083,0.087,0.088,0.091,0.085,0.084,0.086,0.088,0.113,0.087,0.085,0.091,0.089,0.083,0.088,0.088,0.099,0.094,0.09,0.089,0.088,0.088,0.089,0.089,0.089,0.089,0.09,0.088,0.088,0.093,0.089,0.09,0.093,0.091,0.087,0.088,0.094,0.09,0.09,0.088,0.09,0.095,0.09,0.091,0.09,0.089,0.091,0.094,0.088,0.09,0.088,0.086,0.086,0.088,0.086,0.086,0.087,0.086,0.086,0.087,0.089,0.087,0.087
,11:10:00,48,0.087,0.087,0.087,0.087,0.087,0.086,0.086,0.086,0.086,0.087,0.086,0.085,0.087,0.097,0.092,0.084,0.087,0.082,0.086,0.083,0.083,0.088,0.083,0.086,0.094,0.083,0.089,0.083,0.083,0.083,0.083,0.083,0.086,0.083,0.087,0.088,0.091,0.085,0.09,0.085,0.088,0.111,0.084,0.084,0.097,0.089,0.083,0.088,0.088,0.099,0.093,0.091,0.088,0.088,0.088,0.089,0.089,0.089,0.09,0.089,0.088,0.088,0.092,0.089,0.091,0.093,0.091,0.087,0.088,0.09,0.09,0.091,0.088,0.09,0.095,0.091,0.09,0.09,0.088,0.091,0.094,0.088,0.09,0.088,0.086,0.086,0.088,0.086,0.086,0.087,0.086,0.086,0.087,0.089,0.087,0.087
,11:15:00,48,0.087,0.087,0.087,0.087,0.087,0.086,0.087,0.086,0.086,0.087,0.086,0.085,0.087,0.096,0.093,0.085,0.087,0.082,0.086,0.083,0.083,0.088,0.083,0.086,0.095,0.083,0.088,0.083,0.084,0.083,0.083,0.083,0.086,0.083,0.087,0.088,0.091,0.085,0.086,0.086,0.089,0.116,0.084,0.085,0.096,0.089,0.085,0.088,0.088,0.099,0.093,0.091,0.089,0.088,0.088,0.089,0.09,0.09,0.09,0.09,0.088,0.089,0.093,0.089,0.091,0.093,0.091,0.087,0.088,0.092,0.09,0.091,0.088,0.09,0.095,0.091,0.09,0.09,0.088,0.091,0.094,0.088,0.09,0.089,0.086,0.086,0.088,0.087,0.086,0.087,0.087,0.086,0.087,0.089,0.087,0.088
,11:20:00,48,0.087,0.087,0.087,0.087,0.087,0.086,0.086,0.086,0.086,0.087,0.086,0.085,0.087,0.099,0.093,0.084,0.087,0.082,0.086,0.082,0.083,0.089,0.082,0.086,0.094,0.083,0.105,0.083,0.084,0.083,0.083,0.083,0.086,0.083,0.087,0.088,0.091,0.085,0.086,0.085,0.087,0.117,0.084,0.084,0.098,0.089,0.085,0.088,0.088,0.099,0.093,0.091,0.088,0.088,0.088,0.089,0.09,0.089,0.09,0.09,0.088,0.088,0.093,0.089,0.091,0.093,0.091,0.087,0.088,0.089,0.09,0.09,0.088,0.09,0.095,0.09,0.09,0.089,0.088,0.091,0.094,0.088,0.09,0.089,0.086,0.086,0.088,0.086,0.086,0.087,0.086,0.086,0.087,0.089,0.087,0.087
,11:25:00,48,0.087,0.087,0.087,0.086,0.087,0.086,0.086,0.086,0.086,0.087,0.086,0.085,0.087,0.099,0.092,0.084,0.087,0.082,0.086,0.083,0.083,0.088,0.083,0.086,0.094,0.083,0.103,0.083,0.084,0.083,0.083,0.083,0.086,0.082,0.087,0.087,0.091,0.085,0.088,0.085,0.088,0.115,0.084,0.084,0.098,0.089,0.085,0.088,0.089,0.099,0.093,0.09,0.089,0.087,0.089,0.089,0.09,0.089,0.089,0.09,0.088,0.088,0.093,0.09,0.09,0.093,0.091,0.087,0.088,0.088,0.09,0.09,0.088,0.09,0.095,0.09,0.09,0.089,0.088,0.091,0.094,0.088,0.09,0.089,0.086,0.086,0.088,0.087,0.087,0.087,0.086,0.086,0.087,0.089,0.088,0.088
,11:30:00,48,0.087,0.087,0.087,0.087,0.087,0.086,0.087,0.086,0.086,0.087,0.086,0.085,0.087,0.099,0.094,0.084,0.087,0.082,0.086,0.082,0.083,0.088,0.083,0.086,0.095,0.083,0.084,0.083,0.084,0.083,0.083,0.083,0.085,0.083,0.087,0.088,0.091,0.086,0.084,0.086,0.089,0.119,0.084,0.084,0.097,0.089,0.084,0.088,0.089,0.099,0.093,0.091,0.089,0.088,0.089,0.089,0.09,0.09,0.09,0.09,0.088,0.088,0.093,0.09,0.091,0.093,0.091,0.087,0.088,0.088,0.09,0.09,0.088,0.09,0.095,0.091,0.09,0.09,0.088,0.091,0.094,0.088,0.09,0.088,0.086,0.086,0.088,0.086,0.087,0.087,0.086,0.086,0.087,0.089,0.087,0.088
,11:35:00,48,0.087,0.087,0.087,0.086,0.087,0.087,0.086,0.086,0.086,0.087,0.086,0.085,0.087,0.098,0.093,0.085,0.087,0.082,0.087,0.082,0.083,0.087,0.083,0.086,0.094,0.083,0.104,0.083,0.084,0.083,0.083,0.083,0.086,0.083,0.087,0.088,0.091,0.086,0.089,0.087,0.089,0.119,0.084,0.085,0.099,0.089,0.084,0.088,0.088,0.099,0.093,0.09,0.089,0.088,0.089,0.089,0.09,0.09,0.09,0.09,0.088,0.089,0.093,0.09,0.091,0.093,0.091,0.087,0.088,0.088,0.09,0.091,0.088,0.09,0.095,0.09,0.09,0.09,0.088,0.091,0.095,0.088,0.09,0.089,0.086,0.086,0.089,0.087,0.087,0.087,0.086,0.086,0.087,0.089,0.087,0.088
,11:40:00,48,0.087,0.087,0.087,0.087,0.087,0.086,0.087,0.086,0.086,0.087,0.086,0.085,0.087,0.107,0.093,0.085,0.087,0.082,0.086,0.083,0.083,0.086,0.083,0.086,0.094,0.084,0.095,0.083,0.084,0.083,0.083,0.083,0.086,0.083,0.087,0.088,0.091,0.085,0.091,0.085,0.089,0.117,0.084,0.085,0.098,0.089,0.085,0.088,0.088,0.099,0.093,0.091,0.089,0.088,0.089,0.089,0.09,0.09,0.09,0.09,0.088,0.089,0.093,0.09,0.091,0.093,0.091,0.087,0.088,0.091,0.09,0.091,0.088,0.09,0.095,0.091,0.091,0.09,0.088,0.091,0.094,0.089,0.09,0.089,0.086,0.086,0.088,0.087,0.087,0.087,0.087,0.087,0.087,0.089,0.087,0.088
,11:45:00,47.9,0.087,0.087,0.087,0.087,0.087,0.086,0.086,0.086,0.086,0.087,0.086,0.084,0.087,0.097,0.094,0.084,0.087,0.082,0.086,0.083,0.083,0.088,0.083,0.086,0.093,0.084,0.091,0.083,0.083,0.083,0.083,0.083,0.086,0.083,0.087,0.088,0.091,0.085,0.09,0.087,0.089,0.119,0.084,0.084,0.098,0.089,0.083,0.088,0.088,0.099,0.093,0.09,0.089,0.088,0.089,0.089,0.089,0.089,0.089,0.09,0.088,0.089,0.093,0.089,0.091,0.093,0.091,0.087,0.088,0.089,0.09,0.09,0.088,0.09,0.095,0.09,0.09,0.09,0.088,0.091,0.095,0.088,0.09,0.088,0.086,0.086,0.088,0.086,0.087,0.087,0.086,0.086,0.087,0.089,0.087,0.088
,11:50:00,48,0.087,0.087,0.087,0.086,0.087,0.086,0.086,0.086,0.086,0.087,0.086,0.085,0.087,0.096,0.094,0.084,0.087,0.082,0.086,0.082,0.083,0.088,0.083,0.086,0.094,0.084,0.092,0.083,0.083,0.083,0.083,0.083,0.086,0.083,0.086,0.088,0.091,0.086,0.09,0.085,0.089,0.116,0.084,0.084,0.098,0.089,0.084,0.088,0.088,0.099,0.093,0.091,0.089,0.088,0.089,0.089,0.09,0.09,0.09,0.09,0.088,0.089,0.093,0.09,0.091,0.093,0.091,0.087,0.088,0.088,0.09,0.09,0.088,0.09,0.095,0.09,0.091,0.089,0.088,0.09,0.094,0.088,0.09,0.088,0.086,0.086,0.088,0.086,0.087,0.087,0.086,0.086,0.087,0.088,0.087,0.088
,11:55:00,48,0.087,0.087,0.087,0.088,0.087,0.086,0.086,0.086,0.086,0.087,0.086,0.084,0.087,0.096,0.093,0.084,0.087,0.083,0.086,0.083,0.083,0.089,0.083,0.086,0.095,0.084,0.086,0.083,0.083,0.083,0.083,0.083,0.086,0.083,0.088,0.088,0.091,0.088,0.086,0.087,0.088,0.121,0.084,0.084,0.096,0.089,0.084,0.088,0.088,0.099,0.093,0.091,0.089,0.088,0.089,0.089,0.09,0.09,0.09,0.09,0.088,0.088,0.093,0.089,0.091,0.093,0.091,0.087,0.088,0.09,0.09,0.09,0.088,0.091,0.095,0.091,0.09,0.089,0.088,0.091,0.094,0.088,0.09,0.088,0.086,0.086,0.088,0.086,0.086,0.087,0.086,0.086,0.087,0.089,0.087,0.088
,12:00:00,48,0.087,0.086,0.087,0.086,0.087,0.086,0.086,0.085,0.086,0.087,0.086,0.084,0.087,0.092,0.093,0.084,0.087,0.082,0.086,0.082,0.083,0.088,0.083,0.086,0.094,0.083,0.084,0.083,0.083,0.082,0.083,0.083,0.086,0.083,0.085,0.088,0.091,0.085,0.086,0.085,0.088,0.124,0.084,0.084,0.094,0.089,0.083,0.088,0.088,0.099,0.093,0.09,0.088,0.088,0.089,0.089,0.089,0.089,0.09,0.09,0.088,0.088,0.093,0.089,0.091,0.093,0.091,0.087,0.088,0.088,0.09,0.09,0.087,0.09,0.095,0.09,0.09,0.09,0.088,0.091,0.093,0.088,0.09,0.088,0.086,0.086,0.088,0.086,0.087,0.087,0.086,0.086,0.087,0.088,0.087,0.088
,12:05:00,48,0.087,0.086,0.087,0.086,0.087,0.086,0.086,0.086,0.086,0.086,0.086,0.084,0.087,0.103,0.093,0.084,0.086,0.082,0.086,0.082,0.083,0.088,0.083,0.086,0.094,0.083,0.103,0.083,0.083,0.083,0.083,0.083,0.085,0.083,0.087,0.088,0.091,0.085,0.085,0.086,0.088,0.123,0.084,0.083,0.097,0.089,0.085,0.087,0.088,0.099,0.093,0.09,0.088,0.087,0.088,0.089,0.089,0.089,0.089,0.09,0.088,0.088,0.092,0.089,0.09,0.093,0.091,0.087,0.087,0.088,0.09,0.09,0.088,0.09,0.095,0.09,0.09,0.089,0.088,0.09,0.094,0.088,0.089,0.088,0.086,0.086,0.088,0.086,0.086,0.087,0.086,0.085,0.087,0.088,0.087,0.088
,12:10:00,47.9,0.087,0.087,0.087,0.086,0.087,0.086,0.086,0.086,0.086,0.086,0.086,0.084,0.087,0.098,0.093,0.084,0.086,0.082,0.086,0.082,0.083,0.086,0.082,0.086,0.094,0.083,0.085,0.083,0.084,0.083,0.083,0.083,0.086,0.082,0.087,0.088,0.091,0.088,0.086,0.085,0.088,0.12,0.084,0.085,0.098,0.089,0.083,0.088,0.088,0.098,0.093,0.091,0.089,0.088,0.089,0.089,0.089,0.089,0.09,0.09,0.088,0.088,0.092,0.09,0.09,0.093,0.091,0.087,0.088,0.088,0.09,0.09,0.088,0.09,0.095,0.09,0.09,0.089,0.088,0.091,0.094,0.088,0.09,0.089,0.086,0.086,0.088,0.086,0.086,0.087,0.086,0.086,0.087,0.088,0.087,0.088
,12:15:00,48,0.087,0.088,0.087,0.087,0.087,0.086,0.086,0.086,0.087,0.087,0.086,0.084,0.088,0.096,0.094,0.085,0.087,0.083,0.087,0.083,0.083,0.088,0.082,0.086,0.095,0.084,0.085,0.083,0.084,0.083,0.083,0.084,0.086,0.083,0.086,0.088,0.092,0.086,0.091,0.087,0.089,0.124,0.086,0.084,0.099,0.089,0.084,0.088,0.089,0.099,0.094,0.091,0.089,0.088,0.089,0.089,0.09,0.09,0.09,0.09,0.088,0.089,0.093,0.09,0.091,0.093,0.092,0.087,0.088,0.089,0.09,0.091,0.088,0.09,0.096,0.091,0.091,0.09,0.089,0.091,0.093,0.088,0.091,0.089,0.086,0.086,0.089,0.087,0.087,0.087,0.086,0.086,0.087,0.089,0.088,0.088
,12:20:00,47.9,0.087,0.088,0.087,0.087,0.087,0.087,0.086,0.086,0.086,0.086,0.086,0.084,0.087,0.098,0.092,0.084,0.087,0.082,0.086,0.083,0.083,0.089,0.083,0.086,0.094,0.084,0.098,0.083,0.084,0.083,0.083,0.083,0.085,0.083,0.087,0.088,0.091,0.086,0.086,0.085,0.089,0.121,0.084,0.085,0.092,0.089,0.084,0.088,0.089,0.099,0.093,0.091,0.089,0.088,0.089,0.089,0.09,0.089,0.09,0.09,0.088,0.089,0.093,0.089,0.091,0.093,0.091,0.087,0.088,0.088,0.09,0.09,0.088,0.09,0.096,0.09,0.09,0.09,0.088,0.091,0.094,0.088,0.09,0.088,0.086,0.086,0.088,0.086,0.087,0.087,0.086,0.086,0.087,0.089,0.087,0.089
,12:25:00,48,0.087,0.087,0.087,0.087,0.087,0.086,0.086,0.086,0.086,0.087,0.086,0.084,0.087,0.094,0.092,0.084,0.087,0.083,0.086,0.083,0.083,0.088,0.082,0.085,0.095,0.083,0.096,0.083,0.084,0.083,0.083,0.083,0.085,0.083,0.087,0.088,0.091,0.085,0.091,0.087,0.089,0.122,0.084,0.084,0.098,0.089,0.083,0.088,0.088,0.099,0.093,0.091,0.089,0.088,0.089,0.089,0.09,0.089,0.09,0.09,0.088,0.089,0.093,0.089,0.091,0.093,0.091,0.087,0.088,0.088,0.09,0.091,0.088,0.09,0.095,0.091,0.09,0.09,0.088,0.09,0.094,0.088,0.09,0.088,0.086,0.086,0.088,0.086,0.087,0.087,0.086,0.086,0.087,0.089,0.087,0.088
,12:30:00,48,0.087,0.087,0.086,0.087,0.087,0.086,0.086,0.086,0.086,0.087,0.086,0.083,0.087,0.095,0.093,0.084,0.086,0.082,0.086,0.082,0.083,0.088,0.082,0.085,0.094,0.083,0.089,0.083,0.083,0.083,0.083,0.083,0.086,0.083,0.088,0.088,0.091,0.085,0.09,0.086,0.089,0.122,0.086,0.084,0.097,0.09,0.083,0.088,0.088,0.099,0.093,0.09,0.088,0.088,0.088,0.089,0.089,0.089,0.089,0.09,0.088,0.089,0.093,0.089,0.09,0.093,0.091,0.087,0.088,0.088,0.09,0.09,0.088,0.09,0.095,0.09,0.09,0.09,0.088,0.091,0.094,0.088,0.09,0.088,0.086,0.086,0.088,0.086,0.087,0.086,0.086,0.086,0.087,0.089,0.087,0.088
,12:35:00,48,0.087,0.087,0.087,0.087,0.087,0.086,0.086,0.086,0.086,0.086,0.085,0.084,0.087,0.098,0.094,0.084,0.087,0.082,0.086,0.082,0.083,0.088,0.082,0.086,0.094,0.083,0.083,0.083,0.083,0.082,0.083,0.083,0.085,0.083,0.086,0.088,0.091,0.086,0.085,0.086,0.088,0.123,0.084,0.083,0.098,0.089,0.083,0.088,0.088,0.099,0.093,0.09,0.089,0.088,0.089,0.089,0.089,0.089,0.09,0.09,0.088,0.089,0.093,0.09,0.091,0.093,0.091,0.087,0.088,0.088,0.09,0.09,0.088,0.09,0.095,0.09,0.091,0.09,0.088,0.091,0.093,0.088,0.09,0.088,0.086,0.086,0.088,0.086,0.087,0.087,0.086,0.086,0.087,0.089,0.087,0.088
,12:40:00,48,0.087,0.087,0.086,0.087,0.087,0.086,0.086,0.086,0.086,0.087,0.086,0.083,0.087,0.095,0.094,0.084,0.087,0.082,0.086,0.082,0.083,0.088,0.083,0.086,0.094,0.083,0.104,0.083,0.084,0.082,0.083,0.083,0.086,0.083,0.087,0.088,0.091,0.086,0.089,0.086,0.089,0.125,0.084,0.085,0.098,0.089,0.084,0.088,0.088,0.099,0.093,0.09,0.089,0.088,0.089,0.089,0.09,0.09,0.09,0.09,0.088,0.089,0.093,0.089,0.091,0.093,0.091,0.087,0.088,0.088,0.09,0.09,0.087,0.09,0.095,0.09,0.091,0.09,0.088,0.091,0.094,0.088,0.09,0.088,0.086,0.086,0.088,0.086,0.086,0.087,0.086,0.086,0.087,0.089,0.087,0.088
,12:45:00,48,0.087,0.087,0.087,0.086,0.087,0.086,0.086,0.086,0.086,0.086,0.086,0.083,0.087,0.1,0.094,0.084,0.087,0.082,0.086,0.082,0.083,0.086,0.083,0.085,0.094,0.083,0.102,0.083,0.084,0.082,0.083,0.084,0.086,0.083,0.087,0.088,0.091,0.085,0.09,0.085,0.089,0.121,0.084,0.083,0.098,0.089,0.084,0.088,0.088,0.099,0.093,0.09,0.089,0.088,0.089,0.089,0.089,0.089,0.09,0.09,0.088,0.088,0.093,0.089,0.09,0.093,0.091,0.087,0.088,0.089,0.09,0.09,0.088,0.091,0.095,0.091,0.09,0.09,0.088,0.091,0.093,0.088,0.09,0.088,0.086,0.086,0.088,0.086,0.086,0.087,0.086,0.086,0.087,0.088,0.087,0.088
,12:50:00,47.9,0.087,0.087,0.087,0.086,0.087,0.086,0.086,0.086,0.086,0.086,0.085,0.083,0.087,0.096,0.095,0.084,0.087,0.082,0.086,0.083,0.083,0.087,0.082,0.086,0.094,0.083,0.099,0.083,0.084,0.082,0.083,0.083,0.085,0.083,0.087,0.088,0.091,0.087,0.09,0.086,0.089,0.119,0.084,0.084,0.092,0.089,0.083,0.088,0.088,0.099,0.093,0.09,0.089,0.088,0.088,0.089,0.09,0.089,0.09,0.089,0.088,0.089,0.093,0.089,0.09,0.093,0.091,0.087,0.088,0.088,0.09,0.09,0.088,0.09,0.096,0.09,0.09,0.09,0.088,0.091,0.094,0.088,0.09,0.088,0.086,0.086,0.088,0.086,0.087,0.087,0.086,0.086,0.087,0.088,0.087,0.088
,12:55:00,48,0.087,0.087,0.087,0.086,0.087,0.086,0.086,0.086,0.086,0.086,0.085,0.082,0.087,0.095,0.094,0.084,0.087,0.082,0.086,0.082,0.083,0.085,0.083,0.086,0.094,0.083,0.095,0.083,0.083,0.083,0.083,0.083,0.086,0.083,0.087,0.088,0.091,0.085,0.091,0.085,0.089,0.118,0.085,0.084,0.096,0.089,0.085,0.088,0.088,0.099,0.093,0.09,0.088,0.088,0.088,0.089,0.089,0.09,0.09,0.09,0.088,0.089,0.092,0.09,0.091,0.093,0.091,0.087,0.088,0.089,0.09,0.09,0.088,0.09,0.095,0.09,0.091,0.09,0.088,0.09,0.094,0.088,0.09,0.088,0.086,0.086,0.089,0.086,0.086,0.087,0.086,0.086,0.087,0.088,0.087,0.088
,13:00:00,48,0.087,0.087,0.087,0.087,0.087,0.086,0.086,0.086,0.086,0.086,0.085,0.081,0.087,0.096,0.095,0.084,0.087,0.082,0.086,0.083,0.082,0.088,0.082,0.085,0.094,0.083,0.094,0.083,0.083,0.083,0.083,0.084,0.085,0.083,0.087,0.088,0.091,0.086,0.084,0.087,0.089,0.121,0.084,0.085,0.097,0.089,0.085,0.088,0.088,0.098,0.093,0.09,0.089,0.088,0.089,0.089,0.09,0.09,0.09,0.089,0.088,0.089,0.093,0.089,0.091,0.092,0.091,0.087,0.088,0.088,0.09,0.09,0.088,0.091,0.096,0.091,0.091,0.09,0.089,0.09,0.094,0.088,0.09,0.088,0.086,0.086,0.088,0.086,0.087,0.086,0.086,0.086,0.087,0.089,0.087,0.089
,13:05:00,47.9,0.087,0.087,0.087,0.087,0.087,0.087,0.087,0.086,0.086,0.086,0.086,0.081,0.088,0.095,0.094,0.084,0.087,0.082,0.086,0.083,0.083,0.088,0.083,0.086,0.094,0.083,0.102,0.083,0.084,0.083,0.083,0.084,0.086,0.083,0.087,0.088,0.092,0.085,0.089,0.085,0.089,0.123,0.084,0.083,0.097,0.09,0.083,0.088,0.089,0.099,0.093,0.091,0.089,0.088,0.089,0.089,0.09,0.09,0.09,0.09,0.088,0.089,0.093,0.09,0.091,0.093,0.091,0.087,0.088,0.089,0.09,0.09,0.088,0.09,0.096,0.091,0.091,0.09,0.088,0.091,0.094,0.089,0.09,0.089,0.086,0.086,0.089,0.086,0.087,0.087,0.086,0.086,0.087,0.089,0.087,0.088
,13:10:00,48,0.087,0.087,0.087,0.086,0.087,0.086,0.086,0.086,0.086,0.086,0.085,0.08,0.087,0.106,0.094,0.085,0.087,0.082,0.086,0.082,0.083,0.087,0.082,0.086,0.094,0.083,0.094,0.083,0.084,0.083,0.084,0.083,0.085,0.083,0.088,0.088,0.091,0.085,0.089,0.087,0.089,0.126,0.084,0.084,0.098,0.089,0.084,0.088,0.088,0.099,0.093,0.091,0.089,0.088,0.089,0.089,0.09,0.09,0.09,0.09,0.088,0.089,0.093,0.09,0.09,0.093,0.091,0.087,0.088,0.088,0.09,0.09,0.088,0.09,0.095,0.091,0.09,0.09,0.089,0.09,0.094,0.088,0.09,0.088,0.086,0.086,0.088,0.086,0.086,0.087,0.086,0.086,0.087,0.089,0.087,0.089
,13:15:00,48,0.087,0.088,0.087,0.087,0.087,0.086,0.087,0.086,0.086,0.086,0.085,0.079,0.087,0.098,0.095,0.084,0.087,0.082,0.086,0.082,0.083,0.087,0.082,0.086,0.095,0.083,0.1,0.083,0.084,0.083,0.084,0.083,0.085,0.083,0.086,0.088,0.091,0.085,0.089,0.087,0.089,0.12,0.084,0.085,0.098,0.089,0.084,0.088,0.088,0.099,0.093,0.091,0.089,0.088,0.089,0.089,0.09,0.09,0.09,0.089,0.088,0.089,0.093,0.09,0.091,0.093,0.091,0.087,0.088,0.088,0.09,0.09,0.088,0.09,0.096,0.091,0.091,0.09,0.089,0.091,0.094,0.088,0.09,0.088,0.086,0.086,0.088,0.086,0.087,0.087,0.086,0.086,0.087,0.089,0.087,0.088
,13:20:00,47.9,0.087,0.087,0.087,0.086,0.087,0.086,0.086,0.085,0.086,0.086,0.085,0.079,0.087,0.099,0.094,0.084,0.087,0.082,0.086,0.082,0.083,0.085,0.082,0.085,0.093,0.083,0.092,0.083,0.083,0.083,0.083,0.083,0.086,0.082,0.087,0.088,0.091,0.085,0.09,0.085,0.089,0.122,0.084,0.084,0.097,0.089,0.083,0.087,0.088,0.099,0.093,0.09,0.088,0.088,0.088,0.089,0.089,0.089,0.09,0.089,0.088,0.088,0.093,0.089,0.09,0.093,0.091,0.086,0.088,0.088,0.09,0.09,0.088,0.09,0.095,0.09,0.09,0.089,0.088,0.09,0.094,0.088,0.09,0.088,0.085,0.085,0.088,0.086,0.086,0.087,0.086,0.086,0.087,0.089,0.087,0.088
,13:25:00,48,0.087,0.087,0.087,0.087,0.087,0.086,0.086,0.086,0.086,0.086,0.086,0.078,0.087,0.101,0.094,0.084,0.087,0.083,0.086,0.083,0.082,0.088,0.082,0.086,0.094,0.083,0.107,0.083,0.084,0.083,0.083,0.084,0.085,0.083,0.087,0.088,0.091,0.085,0.089,0.085,0.089,0.12,0.084,0.084,0.097,0.089,0.085,0.088,0.088,0.099,0.093,0.091,0.089,0.088,0.089,0.089,0.09,0.09,0.09,0.09,0.088,0.089,0.093,0.09,0.091,0.093,0.091,0.087,0.088,0.088,0.09,0.09,0.088,0.09,0.095,0.091,0.091,0.09,0.089,0.091,0.093,0.088,0.09,0.088,0.086,0.086,0.089,0.086,0.086,0.087,0.086,0.086,0.087,0.089,0.087,0.089
,13:30:00,48,0.087,0.087,0.087,0.087,0.087,0.086,0.086,0.086,0.086,0.086,0.086,0.078,0.087,0.095,0.095,0.084,0.086,0.082,0.086,0.082,0.083,0.088,0.082,0.086,0.094,0.083,0.089,0.083,0.083,0.083,0.083,0.083,0.085,0.083,0.087,0.088,0.091,0.085,0.086,0.086,0.088,0.123,0.084,0.084,0.098,0.089,0.083,0.087,0.088,0.099,0.093,0.09,0.089,0.088,0.089,0.089,0.089,0.09,0.09,0.089,0.088,0.088,0.093,0.089,0.091,0.093,0.091,0.087,0.088,0.088,0.09,0.09,0.088,0.09,0.095,0.091,0.09,0.09,0.088,0.091,0.094,0.088,0.09,0.088,0.085,0.086,0.088,0.086,0.087,0.088,0.086,0.086,0.087,0.089,0.087,0.089
,13:35:00,48,0.087,0.087,0.087,0.089,0.087,0.086,0.086,0.086,0.086,0.086,0.085,0.077,0.087,0.102,0.094,0.084,0.087,0.082,0.086,0.082,0.083,0.088,0.082,0.085,0.094,0.083,0.095,0.083,0.083,0.083,0.083,0.083,0.086,0.083,0.087,0.088,0.091,0.085,0.089,0.085,0.089,0.125,0.086,0.083,0.097,0.089,0.083,0.088,0.088,0.098,0.093,0.09,0.088,0.088,0.088,0.089,0.089,0.089,0.09,0.089,0.088,0.089,0.093,0.09,0.09,0.093,0.09,0.087,0.088,0.088,0.09,0.09,0.088,0.09,0.095,0.09,0.09,0.09,0.088,0.091,0.093,0.088,0.089,0.088,0.085,0.086,0.088,0.086,0.086,0.088,0.085,0.086,0.087,0.088,0.087,0.089
,13:40:00,48,0.087,0.087,0.087,0.089,0.087,0.086,0.086,0.086,0.086,0.086,0.085,0.077,0.087,0.096,0.094,0.084,0.086,0.082,0.086,0.082,0.083,0.088,0.082,0.085,0.094,0.083,0.093,0.083,0.083,0.083,0.083,0.083,0.086,0.082,0.087,0.088,0.091,0.085,0.091,0.086,0.089,0.123,0.084,0.084,0.098,0.089,0.085,0.087,0.088,0.098,0.093,0.09,0.089,0.088,0.088,0.089,0.089,0.089,0.09,0.089,0.088,0.088,0.092,0.089,0.09,0.092,0.091,0.087,0.088,0.088,0.09,0.09,0.088,0.09,0.095,0.09,0.09,0.089,0.088,0.09,0.093,0.088,0.09,0.088,0.085,0.085,0.088,0.086,0.086,0.088,0.086,0.086,0.087,0.088,0.087,0.089
,13:45:00,48,0.087,0.086,0.087,0.088,0.087,0.086,0.086,0.085,0.086,0.086,0.085,0.076,0.087,0.103,0.094,0.084,0.087,0.082,0.086,0.082,0.083,0.087,0.082,0.085,0.094,0.083,0.103,0.083,0.084,0.083,0.083,0.083,0.086,0.082,0.087,0.088,0.091,0.085,0.089,0.086,0.089,0.127,0.084,0.084,0.097,0.089,0.085,0.088,0.088,0.098,0.093,0.09,0.088,0.088,0.089,0.089,0.089,0.089,0.09,0.089,0.088,0.088,0.093,0.089,0.09,0.093,0.09,0.087,0.088,0.088,0.09,0.09,0.087,0.09,0.095,0.09,0.09,0.089,0.088,0.09,0.094,0.088,0.09,0.088,0.085,0.086,0.089,0.086,0.086,0.088,0.086,0.086,0.086,0.089,0.087,0.089
,13:50:00,48,0.087,0.087,0.088,0.089,0.087,0.086,0.087,0.086,0.086,0.086,0.085,0.076,0.087,0.098,0.094,0.084,0.087,0.082,0.086,0.083,0.083,0.087,0.082,0.086,0.094,0.084,0.103,0.084,0.084,0.083,0.083,0.083,0.085,0.083,0.087,0.088,0.091,0.086,0.091,0.087,0.089,0.122,0.084,0.085,0.097,0.089,0.083,0.088,0.088,0.098,0.093,0.09,0.089,0.088,0.089,0.089,0.09,0.09,0.09,0.09,0.088,0.089,0.093,0.09,0.09,0.093,0.091,0.087,0.088,0.088,0.09,0.09,0.088,0.09,0.095,0.091,0.091,0.09,0.089,0.091,0.092,0.088,0.09,0.088,0.086,0.086,0.088,0.086,0.087,0.088,0.086,0.086,0.087,0.089,0.087,0.089
,13:55:00,48,0.088,0.088,0.088,0.089,0.087,0.087,0.086,0.086,0.086,0.087,0.086,0.077,0.087,0.099,0.095,0.085,0.088,0.083,0.087,0.083,0.083,0.088,0.083,0.086,0.095,0.084,0.096,0.083,0.084,0.084,0.084,0.084,0.086,0.083,0.087,0.088,0.092,0.086,0.091,0.085,0.089,0.123,0.085,0.084,0.096,0.09,0.084,0.088,0.089,0.099,0.094,0.091,0.089,0.088,0.089,0.09,0.09,0.09,0.091,0.09,0.088,0.089,0.093,0.09,0.091,0.093,0.091,0.088,0.088,0.09,0.09,0.091,0.088,0.091,0.096,0.091,0.09,0.09,0.089,0.091,0.092,0.088,0.09,0.089,0.086,0.086,0.089,0.087,0.087,0.089,0.086,0.086,0.087,0.089,0.088,0.089
,14:00:00,48,0.087,0.087,0.087,0.089,0.087,0.086,0.086,0.086,0.086,0.086,0.085,0.076,0.087,0.103,0.095,0.084,0.087,0.082,0.086,0.082,0.083,0.086,0.082,0.085,0.093,0.083,0.104,0.083,0.083,0.082,0.083,0.083,0.086,0.083,0.087,0.087,0.091,0.085,0.089,0.086,0.088,0.12,0.085,0.085,0.098,0.089,0.083,0.088,0.088,0.098,0.093,0.09,0.088,0.087,0.088,0.089,0.09,0.089,0.09,0.089,0.088,0.088,0.092,0.089,0.09,0.093,0.09,0.087,0.088,0.088,0.09,0.09,0.088,0.09,0.095,0.09,0.09,0.089,0.088,0.09,0.091,0.088,0.09,0.088,0.085,0.086,0.088,0.086,0.087,0.088,0.086,0.086,0.087,0.088,0.087,0.089
,14:05:00,47.9,0.087,0.087,0.087,0.087,0.087,0.086,0.086,0.086,0.086,0.086,0.085,0.076,0.087,0.093,0.096,0.084,0.087,0.082,0.086,0.082,0.083,0.088,0.082,0.086,0.094,0.083,0.101,0.083,0.084,0.083,0.083,0.083,0.084,0.083,0.087,0.088,0.091,0.087,0.091,0.087,0.089,0.127,0.087,0.084,0.097,0.089,0.085,0.088,0.088,0.098,0.093,0.09,0.089,0.088,0.089,0.089,0.089,0.089,0.09,0.09,0.088,0.089,0.093,0.089,0.091,0.093,0.091,0.087,0.088,0.088,0.09,0.09,0.088,0.09,0.096,0.091,0.091,0.089,0.088,0.091,0.093,0.088,0.09,0.088,0.085,0.086,0.088,0.086,0.086,0.088,0.086,0.086,0.087,0.089,0.087,0.089
,14:10:00,48,0.087,0.087,0.087,0.089,0.087,0.086,0.086,0.086,0.085,0.086,0.085,0.075,0.087,0.096,0.096,0.084,0.087,0.082,0.086,0.083,0.083,0.087,0.082,0.085,0.094,0.083,0.098,0.083,0.084,0.084,0.083,0.083,0.086,0.082,0.087,0.088,0.091,0.087,0.09,0.085,0.089,0.127,0.085,0.083,0.098,0.089,0.084,0.087,0.088,0.098,0.093,0.09,0.089,0.088,0.089,0.089,0.089,0.089,0.09,0.09,0.088,0.088,0.092,0.089,0.09,0.093,0.091,0.087,0.088,0.088,0.09,0.09,0.087,0.09,0.095,0.091,0.09,0.09,0.088,0.09,0.091,0.088,0.089,0.088,0.085,0.086,0.088,0.086,0.087,0.089,0.086,0.086,0.086,0.089,0.087,0.089
,14:15:00,48,0.087,0.087,0.086,0.088,0.086,0.086,0.086,0.085,0.085,0.086,0.085,0.075,0.087,0.097,0.096,0.084,0.087,0.082,0.086,0.082,0.083,0.086,0.082,0.085,0.094,0.083,0.1,0.082,0.084,0.082,0.083,0.083,0.085,0.083,0.086,0.088,0.09,0.085,0.089,0.085,0.089,0.122,0.085,0.085,0.098,0.088,0.085,0.087,0.088,0.098,0.093,0.09,0.088,0.087,0.088,0.089,0.089,0.089,0.089,0.089,0.087,0.088,0.093,0.089,0.09,0.093,0.09,0.087,0.087,0.088,0.09,0.09,0.087,0.09,0.096,0.09,0.09,0.089,0.088,0.09,0.092,0.088,0.09,0.088,0.085,0.085,0.088,0.086,0.086,0.088,0.085,0.088,0.086,0.088,0.087,0.09
,14:20:00,47.9,0.087,0.087,0.087,0.089,0.087,0.086,0.086,0.086,0.085,0.086,0.085,0.075,0.087,0.104,0.097,0.084,0.087,0.083,0.086,0.083,0.083,0.088,0.083,0.085,0.095,0.084,0.085,0.083,0.084,0.083,0.083,0.084,0.085,0.083,0.087,0.088,0.091,0.086,0.091,0.085,0.089,0.125,0.085,0.085,0.098,0.089,0.083,0.088,0.088,0.098,0.093,0.091,0.089,0.088,0.089,0.089,0.09,0.09,0.09,0.09,0.088,0.089,0.093,0.089,0.091,0.093,0.091,0.087,0.088,0.088,0.09,0.09,0.088,0.09,0.096,0.091,0.09,0.09,0.088,0.091,0.092,0.088,0.09,0.088,0.085,0.086,0.088,0.086,0.087,0.089,0.086,0.088,0.087,0.088,0.088,0.09
,14:25:00,47.9,0.087,0.087,0.087,0.089,0.087,0.086,0.087,0.086,0.086,0.086,0.085,0.076,0.087,0.098,0.097,0.084,0.087,0.082,0.086,0.082,0.083,0.087,0.082,0.085,0.094,0.083,0.084,0.083,0.084,0.083,0.083,0.083,0.086,0.083,0.087,0.088,0.091,0.085,0.092,0.087,0.089,0.126,0.087,0.084,0.096,0.089,0.084,0.088,0.089,0.098,0.093,0.09,0.089,0.088,0.088,0.089,0.09,0.089,0.09,0.089,0.088,0.089,0.092,0.09,0.091,0.093,0.091,0.087,0.088,0.088,0.09,0.09,0.09,0.09,0.096,0.09,0.09,0.09,0.088,0.091,0.094,0.088,0.09,0.088,0.085,0.086,0.088,0.086,0.087,0.089,0.085,0.087,0.087,0.089,0.087,0.09
,14:30:00,47.9,0.087,0.087,0.087,0.089,0.087,0.086,0.087,0.085,0.086,0.086,0.085,0.075,0.087,0.092,0.098,0.084,0.087,0.082,0.086,0.083,0.083,0.089,0.083,0.085,0.094,0.083,0.084,0.083,0.084,0.083,0.083,0.084,0.085,0.083,0.087,0.088,0.091,0.085,0.087,0.085,0.089,0.128,0.084,0.086,0.097,0.089,0.084,0.088,0.088,0.098,0.093,0.09,0.089,0.088,0.089,0.089,0.089,0.09,0.09,0.09,0.088,0.089,0.093,0.089,0.09,0.093,0.091,0.087,0.088,0.088,0.09,0.09,0.09,0.09,0.096,0.09,0.091,0.09,0.088,0.09,0.094,0.088,0.09,0.088,0.085,0.085,0.088,0.086,0.087,0.089,0.086,0.086,0.087,0.089,0.087,0.091
,14:35:00,47.9,0.087,0.087,0.086,0.088,0.087,0.087,0.087,0.086,0.086,0.086,0.085,0.074,0.087,0.098,0.098,0.084,0.087,0.082,0.086,0.083,0.083,0.088,0.084,0.085,0.094,0.083,0.096,0.083,0.084,0.083,0.083,0.083,0.086,0.083,0.088,0.088,0.091,0.086,0.088,0.085,0.089,0.127,0.087,0.084,0.098,0.089,0.087,0.088,0.088,0.099,0.093,0.091,0.089,0.088,0.089,0.089,0.09,0.089,0.09,0.09,0.088,0.088,0.093,0.09,0.091,0.093,0.091,0.087,0.088,0.088,0.09,0.09,0.09,0.09,0.096,0.091,0.091,0.09,0.088,0.091,0.094,0.088,0.09,0.088,0.085,0.086,0.088,0.086,0.088,0.089,0.085,0.086,0.087,0.089,0.087,0.089
,14:40:00,48,0.087,0.087,0.087,0.087,0.087,0.086,0.086,0.086,0.086,0.086,0.085,0.075,0.087,0.099,0.097,0.085,0.087,0.083,0.086,0.083,0.083,0.087,0.083,0.085,0.094,0.083,0.087,0.083,0.084,0.084,0.083,0.084,0.085,0.083,0.087,0.088,0.091,0.086,0.092,0.085,0.089,0.13,0.085,0.085,0.097,0.089,0.087,0.088,0.088,0.098,0.094,0.091,0.089,0.088,0.089,0.089,0.09,0.09,0.09,0.09,0.088,0.089,0.093,0.089,0.091,0.093,0.091,0.087,0.088,0.088,0.09,0.09,0.09,0.09,0.097,0.091,0.09,0.09,0.088,0.09,0.094,0.089,0.09,0.088,0.085,0.086,0.088,0.087,0.088,0.089,0.086,0.086,0.087,0.089,0.087,0.09
,14:45:00,48,0.087,0.087,0.086,0.089,0.087,0.086,0.086,0.086,0.085,0.086,0.085,0.073,0.087,0.097,0.097,0.084,0.087,0.082,0.086,0.082,0.083,0.088,0.082,0.085,0.094,0.084,0.104,0.083,0.084,0.083,0.083,0.083,0.086,0.083,0.087,0.088,0.091,0.085,0.092,0.085,0.089,0.126,0.085,0.084,0.097,0.089,0.086,0.088,0.088,0.098,0.093,0.09,0.089,0.088,0.089,0.089,0.089,0.09,0.09,0.09,0.088,0.088,0.093,0.089,0.091,0.093,0.091,0.087,0.088,0.088,0.09,0.09,0.09,0.09,0.096,0.091,0.091,0.09,0.088,0.09,0.093,0.088,0.09,0.088,0.085,0.086,0.088,0.086,0.088,0.089,0.085,0.086,0.087,0.088,0.087,0.093
,14:50:00,48,0.087,0.087,0.087,0.087,0.087,0.086,0.087,0.086,0.086,0.086,0.085,0.072,0.087,0.097,0.098,0.084,0.087,0.083,0.086,0.083,0.083,0.088,0.083,0.085,0.094,0.084,0.088,0.083,0.084,0.084,0.084,0.084,0.086,0.083,0.087,0.088,0.091,0.086,0.091,0.087,0.089,0.13,0.088,0.085,0.098,0.089,0.086,0.088,0.088,0.098,0.093,0.091,0.089,0.088,0.089,0.089,0.09,0.09,0.09,0.09,0.088,0.089,0.093,0.09,0.091,0.093,0.091,0.087,0.088,0.088,0.09,0.09,0.09,0.09,0.097,0.091,0.091,0.089,0.088,0.09,0.095,0.088,0.09,0.088,0.085,0.086,0.088,0.087,0.088,0.089,0.086,0.088,0.087,0.089,0.087,0.092
,14:55:00,48,0.087,0.088,0.087,0.087,0.087,0.086,0.087,0.086,0.086,0.086,0.085,0.074,0.088,0.103,0.098,0.085,0.087,0.082,0.086,0.083,0.083,0.087,0.083,0.085,0.094,0.084,0.093,0.084,0.084,0.083,0.084,0.084,0.086,0.083,0.088,0.088,0.091,0.086,0.089,0.086,0.089,0.132,0.086,0.085,0.097,0.089,0.083,0.088,0.088,0.098,0.094,0.09,0.089,0.088,0.089,0.089,0.09,0.09,0.09,0.09,0.088,0.089,0.093,0.09,0.091,0.093,0.091,0.087,0.088,0.088,0.09,0.091,0.09,0.09,0.096,0.091,0.091,0.09,0.089,0.091,0.095,0.088,0.09,0.088,0.085,0.086,0.088,0.087,0.088,0.089,0.086,0.086,0.087,0.089,0.087,0.091
,15:00:00,48,0.087,0.087,0.087,0.087,0.087,0.086,0.086,0.086,0.086,0.086,0.085,0.074,0.088,0.099,0.098,0.085,0.087,0.083,0.087,0.083,0.083,0.088,0.083,0.085,0.094,0.084,0.087,0.084,0.084,0.083,0.084,0.084,0.086,0.083,0.088,0.088,0.091,0.086,0.092,0.086,0.09,0.13,0.085,0.084,0.096,0.089,0.083,0.088,0.089,0.098,0.094,0.091,0.089,0.088,0.089,0.089,0.09,0.09,0.09,0.09,0.088,0.089,0.093,0.09,0.091,0.093,0.091,0.087,0.089,0.089,0.09,0.091,0.09,0.09,0.097,0.091,0.09,0.09,0.088,0.091,0.094,0.089,0.09,0.088,0.085,0.086,0.089,0.087,0.088,0.089,0.086,0.087,0.087,0.089,0.087,0.091
,15:05:00,47.9,0.087,0.087,0.087,0.089,0.087,0.086,0.086,0.086,0.086,0.086,0.085,0.074,0.087,0.098,0.099,0.085,0.087,0.083,0.087,0.082,0.083,0.086,0.083,0.085,0.094,0.084,0.084,0.083,0.084,0.083,0.083,0.083,0.085,0.083,0.087,0.088,0.091,0.086,0.09,0.087,0.089,0.129,0.086,0.084,0.098,0.089,0.083,0.088,0.088,0.098,0.093,0.091,0.089,0.088,0.089,0.089,0.09,0.09,0.09,0.09,0.088,0.089,0.093,0.09,0.091,0.093,0.09,0.087,0.088,0.089,0.09,0.09,0.09,0.09,0.097,0.091,0.091,0.09,0.088,0.091,0.094,0.088,0.089,0.089,0.085,0.086,0.088,0.086,0.088,0.089,0.086,0.087,0.087,0.089,0.087,0.094
,15:10:00,47.9,0.087,0.087,0.087,0.087,0.087,0.086,0.087,0.086,0.086,0.086,0.085,0.074,0.087,0.098,0.099,0.084,0.087,0.082,0.087,0.083,0.083,0.088,0.083,0.086,0.094,0.084,0.084,0.084,0.084,0.086,0.084,0.084,0.086,0.083,0.087,0.088,0.091,0.086,0.088,0.088,0.09,0.127,0.085,0.085,0.094,0.089,0.084,0.088,0.088,0.098,0.093,0.091,0.089,0.088,0.089,0.089,0.09,0.09,0.09,0.09,0.088,0.089,0.093,0.09,0.091,0.093,0.091,0.087,0.088,0.089,0.09,0.09,0.09,0.09,0.096,0.091,0.091,0.09,0.089,0.091,0.094,0.088,0.09,0.089,0.085,0.086,0.089,0.086,0.088,0.089,0.086,0.086,0.087,0.089,0.087,0.093
,15:15:00,47.9,0.087,0.087,0.086,0.086,0.087,0.086,0.086,0.085,0.085,0.085,0.085,0.075,0.087,0.092,0.099,0.084,0.087,0.082,0.086,0.082,0.082,0.088,0.082,0.085,0.093,0.083,0.102,0.083,0.084,0.083,0.083,0.083,0.086,0.083,0.087,0.087,0.091,0.085,0.091,0.085,0.089,0.124,0.087,0.084,0.098,0.089,0.084,0.087,0.088,0.098,0.093,0.09,0.089,0.088,0.089,0.089,0.089,0.089,0.09,0.09,0.088,0.088,0.092,0.089,0.091,0.093,0.091,0.086,0.088,0.088,0.09,0.09,0.09,0.09,0.096,0.09,0.09,0.089,0.088,0.09,0.093,0.088,0.09,0.088,0.084,0.086,0.088,0.086,0.088,0.089,0.085,0.086,0.087,0.088,0.087,0.093
,15:20:00,47.9,0.087,0.087,0.087,0.086,0.087,0.086,0.086,0.086,0.085,0.086,0.085,0.075,0.087,0.096,0.098,0.084,0.086,0.082,0.086,0.082,0.082,0.086,0.082,0.085,0.093,0.083,0.088,0.083,0.084,0.083,0.083,0.083,0.084,0.082,0.086,0.088,0.09,0.085,0.089,0.086,0.089,0.131,0.088,0.084,0.097,0.088,0.083,0.088,0.088,0.098,0.093,0.09,0.088,0.087,0.089,0.089,0.089,0.089,0.09,0.089,0.088,0.088,0.092,0.089,0.09,0.093,0.09,0.087,0.087,0.088,0.09,0.09,0.089,0.09,0.096,0.09,0.09,0.089,0.088,0.09,0.094,0.088,0.089,0.088,0.084,0.085,0.088,0.086,0.088,0.089,0.085,0.086,0.087,0.088,0.087,0.09
,15:25:00,48,0.087,0.087,0.087,0.087,0.087,0.086,0.086,0.086,0.086,0.086,0.085,0.077,0.087,0.098,0.098,0.084,0.087,0.082,0.086,0.082,0.083,0.088,0.083,0.085,0.094,0.083,0.096,0.083,0.084,0.085,0.083,0.083,0.085,0.083,0.088,0.088,0.091,0.086,0.09,0.087,0.089,0.131,0.086,0.085,0.098,0.089,0.083,0.088,0.088,0.098,0.093,0.09,0.089,0.088,0.089,0.089,0.09,0.089,0.09,0.09,0.088,0.089,0.093,0.09,0.091,0.093,0.091,0.087,0.088,0.088,0.09,0.09,0.09,0.091,0.097,0.09,0.091,0.09,0.088,0.091,0.093,0.088,0.09,0.088,0.084,0.086,0.088,0.087,0.088,0.089,0.085,0.086,0.087,0.088,0.087,0.091
,15:30:00,48,0.087,0.087,0.087,0.088,0.087,0.086,0.086,0.086,0.085,0.086,0.085,0.077,0.087,0.097,0.099,0.084,0.087,0.082,0.086,0.082,0.083,0.086,0.082,0.085,0.094,0.083,0.097,0.083,0.084,0.084,0.083,0.083,0.086,0.083,0.087,0.088,0.091,0.085,0.092,0.086,0.089,0.133,0.085,0.085,0.098,0.09,0.085,0.087,0.088,0.098,0.093,0.09,0.088,0.088,0.089,0.089,0.09,0.09,0.09,0.09,0.088,0.088,0.093,0.089,0.091,0.093,0.09,0.087,0.088,0.088,0.09,0.09,0.09,0.09,0.097,0.09,0.091,0.09,0.088,0.091,0.092,0.088,0.09,0.088,0.084,0.085,0.088,0.087,0.088,0.089,0.085,0.088,0.087,0.088,0.087,0.093
,15:35:00,47.9,0.087,0.086,0.087,0.086,0.087,0.086,0.086,0.085,0.085,0.085,0.084,0.078,0.087,0.094,0.098,0.084,0.087,0.082,0.086,0.082,0.082,0.088,0.082,0.085,0.093,0.083,0.1,0.083,0.083,0.085,0.083,0.083,0.085,0.082,0.086,0.087,0.09,0.085,0.092,0.086,0.089,0.13,0.085,0.084,0.098,0.089,0.083,0.087,0.088,0.098,0.093,0.09,0.088,0.087,0.088,0.089,0.089,0.089,0.089,0.09,0.088,0.088,0.092,0.089,0.09,0.093,0.09,0.087,0.088,0.088,0.09,0.09,0.09,0.09,0.097,0.09,0.091,0.089,0.088,0.09,0.093,0.088,0.089,0.088,0.084,0.085,0.088,0.086,0.088,0.089,0.085,0.086,0.086,0.088,0.087,0.093
,15:40:00,47.9,0.087,0.087,0.086,0.087,0.087,0.086,0.086,0.085,0.085,0.086,0.084,0.078,0.087,0.099,0.099,0.084,0.086,0.082,0.086,0.082,0.082,0.088,0.082,0.085,0.094,0.083,0.101,0.083,0.084,0.083,0.083,0.083,0.086,0.083,0.087,0.088,0.091,0.086,0.088,0.086,0.089,0.129,0.085,0.084,0.098,0.089,0.083,0.088,0.088,0.098,0.093,0.09,0.089,0.088,0.088,0.089,0.089,0.089,0.09,0.089,0.087,0.089,0.092,0.089,0.09,0.093,0.091,0.087,0.088,0.088,0.09,0.09,0.089,0.09,0.097,0.09,0.09,0.089,0.088,0.09,0.091,0.088,0.09,0.088,0.084,0.086,0.088,0.086,0.088,0.089,0.085,0.086,0.086,0.088,0.087,0.091
,15:45:00,47.9,0.087,0.087,0.087,0.086,0.087,0.086,0.086,0.086,0.086,0.086,0.085,0.078,0.087,0.099,0.101,0.084,0.087,0.082,0.086,0.082,0.083,0.087,0.082,0.085,0.094,0.083,0.101,0.083,0.084,0.083,0.083,0.084,0.086,0.083,0.087,0.088,0.091,0.088,0.09,0.088,0.09,0.132,0.087,0.085,0.092,0.089,0.086,0.088,0.088,0.098,0.093,0.09,0.089,0.088,0.089,0.089,0.089,0.09,0.09,0.09,0.088,0.089,0.093,0.09,0.091,0.093,0.091,0.087,0.088,0.088,0.09,0.09,0.09,0.09,0.097,0.09,0.09,0.09,0.088,0.091,0.093,0.088,0.09,0.088,0.084,0.086,0.088,0.086,0.088,0.09,0.086,0.086,0.087,0.088,0.087,0.091
,15:50:00,47.9,0.088,0.087,0.087,0.087,0.087,0.086,0.087,0.086,0.086,0.086,0.085,0.079,0.088,0.106,0.101,0.085,0.087,0.083,0.087,0.083,0.083,0.088,0.083,0.085,0.094,0.084,0.103,0.083,0.084,0.083,0.084,0.084,0.085,0.083,0.088,0.088,0.091,0.086,0.091,0.085,0.09,0.134,0.086,0.085,0.091,0.09,0.086,0.088,0.088,0.098,0.094,0.091,0.089,0.088,0.089,0.089,0.09,0.09,0.091,0.09,0.088,0.089,0.093,0.09,0.091,0.093,0.091,0.087,0.088,0.089,0.091,0.091,0.09,0.09,0.098,0.091,0.091,0.09,0.089,0.091,0.092,0.088,0.09,0.089,0.084,0.086,0.088,0.087,0.089,0.09,0.086,0.086,0.087,0.089,0.088,0.093
,15:55:00,47.9,0.087,0.087,0.087,0.086,0.087,0.086,0.086,0.085,0.085,0.086,0.084,0.078,0.087,0.097,0.1,0.084,0.087,0.082,0.086,0.082,0.083,0.089,0.082,0.085,0.093,0.083,0.091,0.083,0.084,0.084,0.083,0.083,0.085,0.083,0.087,0.087,0.091,0.085,0.091,0.087,0.089,0.125,0.085,0.084,0.096,0.089,0.085,0.088,0.088,0.098,0.093,0.09,0.089,0.088,0.088,0.089,0.09,0.089,0.09,0.089,0.088,0.089,0.092,0.089,0.09,0.093,0.091,0.087,0.088,0.088,0.09,0.09,0.09,0.09,0.097,0.09,0.09,0.09,0.088,0.09,0.091,0.088,0.09,0.088,0.083,0.085,0.088,0.086,0.088,0.089,0.086,0.088,0.087,0.088,0.087,0.094
,16:00:00,47.9,0.087,0.087,0.086,0.087,0.087,0.086,0.086,0.085,0.086,0.085,0.084,0.078,0.087,0.098,0.1,0.084,0.087,0.082,0.086,0.082,0.083,0.087,0.082,0.085,0.094,0.083,0.099,0.083,0.084,0.084,0.084,0.084,0.085,0.083,0.087,0.088,0.091,0.086,0.088,0.086,0.089,0.132,0.085,0.084,0.098,0.089,0.083,0.088,0.088,0.098,0.093,0.09,0.089,0.088,0.089,0.089,0.09,0.09,0.09,0.089,0.087,0.088,0.093,0.089,0.091,0.093,0.091,0.087,0.088,0.091,0.09,0.09,0.09,0.09,0.097,0.09,0.09,0.09,0.088,0.09,0.094,0.088,0.089,0.088,0.083,0.085,0.088,0.086,0.088,0.09,0.085,0.087,0.087,0.088,0.087,0.092
,16:05:00,47.9,0.087,0.087,0.086,0.086,0.087,0.086,0.086,0.085,0.085,0.086,0.084,0.078,0.087,0.099,0.1,0.084,0.087,0.082,0.086,0.082,0.083,0.086,0.082,0.085,0.094,0.083,0.099,0.083,0.084,0.084,0.083,0.084,0.086,0.083,0.087,0.088,0.091,0.085,0.09,0.086,0.089,0.132,0.086,0.085,0.098,0.09,0.084,0.088,0.088,0.098,0.094,0.091,0.089,0.088,0.089,0.089,0.089,0.089,0.09,0.09,0.088,0.089,0.093,0.089,0.09,0.093,0.091,0.087,0.088,0.088,0.09,0.09,0.09,0.09,0.097,0.09,0.091,0.089,0.088,0.09,0.093,0.088,0.09,0.088,0.083,0.086,0.088,0.087,0.088,0.09,0.085,0.087,0.087,0.088,0.087,0.093
,16:10:00,47.9,0.087,0.087,0.087,0.087,0.087,0.086,0.086,0.086,0.086,0.086,0.085,0.078,0.087,0.097,0.101,0.085,0.087,0.082,0.086,0.083,0.083,0.089,0.083,0.085,0.094,0.083,0.085,0.083,0.084,0.083,0.084,0.084,0.086,0.083,0.087,0.088,0.091,0.086,0.091,0.087,0.089,0.13,0.085,0.084,0.098,0.089,0.084,0.088,0.089,0.098,0.094,0.091,0.089,0.088,0.089,0.089,0.09,0.09,0.09,0.09,0.088,0.089,0.093,0.09,0.091,0.093,0.091,0.087,0.088,0.089,0.09,0.09,0.09,0.091,0.097,0.091,0.091,0.09,0.088,0.091,0.092,0.088,0.09,0.088,0.083,0.086,0.088,0.087,0.089,0.09,0.086,0.086,0.087,0.089,0.087,0.09
,16:15:00,47.9,0.087,0.087,0.087,0.087,0.087,0.086,0.086,0.086,0.085,0.086,0.084,0.078,0.087,0.097,0.101,0.085,0.087,0.083,0.086,0.083,0.083,0.086,0.083,0.085,0.094,0.084,0.104,0.083,0.084,0.085,0.083,0.084,0.086,0.083,0.085,0.088,0.091,0.086,0.092,0.085,0.089,0.131,0.085,0.085,0.092,0.09,0.083,0.088,0.089,0.098,0.093,0.091,0.089,0.088,0.089,0.089,0.09,0.09,0.09,0.09,0.088,0.089,0.093,0.09,0.091,0.093,0.091,0.087,0.088,0.088,0.09,0.09,0.09,0.091,0.097,0.091,0.091,0.09,0.089,0.091,0.092,0.088,0.09,0.088,0.083,0.085,0.088,0.087,0.089,0.09,0.086,0.087,0.087,0.089,0.087,0.091
,16:20:00,47.9,0.087,0.087,0.087,0.086,0.086,0.086,0.086,0.085,0.085,0.085,0.084,0.078,0.087,0.106,0.1,0.084,0.087,0.082,0.086,0.082,0.083,0.088,0.082,0.085,0.093,0.083,0.091,0.083,0.084,0.083,0.083,0.083,0.085,0.082,0.086,0.087,0.091,0.086,0.088,0.085,0.088,0.13,0.088,0.084,0.098,0.089,0.084,0.087,0.088,0.097,0.093,0.09,0.088,0.088,0.089,0.089,0.089,0.089,0.09,0.089,0.087,0.088,0.093,0.089,0.09,0.093,0.09,0.087,0.088,0.088,0.09,0.09,0.09,0.09,0.097,0.09,0.091,0.089,0.088,0.091,0.093,0.088,0.089,0.088,0.082,0.085,0.088,0.086,0.089,0.09,0.085,0.086,0.086,0.088,0.087,0.091
,16:25:00,48,0.087,0.087,0.086,0.086,0.087,0.086,0.086,0.085,0.085,0.085,0.084,0.078,0.087,0.097,0.101,0.084,0.087,0.082,0.086,0.082,0.082,0.088,0.082,0.085,0.093,0.083,0.089,0.083,0.084,0.083,0.083,0.083,0.085,0.082,0.087,0.087,0.091,0.086,0.09,0.088,0.088,0.133,0.085,0.084,0.095,0.089,0.084,0.087,0.088,0.098,0.093,0.09,0.088,0.088,0.088,0.089,0.089,0.089,0.089,0.089,0.088,0.089,0.092,0.089,0.09,0.092,0.09,0.087,0.088,0.088,0.089,0.09,0.089,0.09,0.096,0.09,0.09,0.089,0.088,0.09,0.094,0.088,0.09,0.088,0.081,0.085,0.088,0.086,0.088,0.09,0.085,0.086,0.087,0.088,0.087,0.094
,16:30:00,48,0.087,0.086,0.087,0.086,0.087,0.086,0.086,0.085,0.085,0.085,0.084,0.078,0.087,0.099,0.101,0.084,0.087,0.082,0.086,0.082,0.083,0.087,0.082,0.085,0.094,0.083,0.09,0.083,0.084,0.083,0.083,0.084,0.086,0.083,0.087,0.088,0.091,0.086,0.089,0.086,0.089,0.134,0.085,0.085,0.094,0.09,0.083,0.087,0.088,0.098,0.093,0.09,0.089,0.088,0.089,0.089,0.09,0.089,0.09,0.089,0.088,0.089,0.093,0.089,0.09,0.093,0.091,0.087,0.088,0.088,0.09,0.09,0.089,0.09,0.097,0.09,0.09,0.09,0.088,0.09,0.094,0.088,0.09,0.088,0.08,0.086,0.088,0.086,0.089,0.09,0.085,0.086,0.087,0.088,0.087,0.093
,16:35:00,48,0.087,0.087,0.087,0.086,0.087,0.086,0.086,0.085,0.085,0.085,0.084,0.077,0.087,0.094,0.101,0.085,0.087,0.082,0.086,0.082,0.083,0.088,0.082,0.085,0.094,0.083,0.098,0.083,0.084,0.085,0.084,0.083,0.086,0.083,0.087,0.088,0.091,0.086,0.092,0.088,0.089,0.133,0.085,0.085,0.097,0.088,0.086,0.087,0.088,0.098,0.093,0.09,0.088,0.088,0.089,0.089,0.089,0.089,0.09,0.089,0.088,0.089,0.093,0.089,0.09,0.093,0.09,0.087,0.088,0.088,0.09,0.09,0.09,0.09,0.097,0.09,0.09,0.089,0.088,0.09,0.092,0.088,0.09,0.088,0.08,0.085,0.088,0.086,0.089,0.09,0.086,0.087,0.086,0.088,0.087,0.092
,16:40:00,48,0.087,0.087,0.087,0.086,0.087,0.086,0.086,0.085,0.085,0.085,0.084,0.078,0.087,0.093,0.102,0.084,0.087,0.082,0.086,0.082,0.083,0.087,0.083,0.085,0.093,0.083,0.1,0.083,0.084,0.083,0.083,0.084,0.085,0.083,0.087,0.087,0.091,0.086,0.088,0.088,0.089,0.135,0.085,0.085,0.098,0.089,0.083,0.087,0.088,0.098,0.093,0.09,0.088,0.088,0.088,0.089,0.089,0.089,0.09,0.09,0.088,0.089,0.092,0.089,0.09,0.092,0.091,0.087,0.088,0.088,0.09,0.09,0.089,0.09,0.097,0.09,0.09,0.089,0.088,0.09,0.093,0.088,0.089,0.088,0.079,0.085,0.088,0.086,0.089,0.091,0.085,0.089,0.086,0.088,0.087,0.092
,16:45:00,48,0.087,0.087,0.087,0.087,0.087,0.086,0.086,0.085,0.086,0.085,0.084,0.077,0.087,0.105,0.102,0.084,0.087,0.082,0.086,0.082,0.083,0.089,0.084,0.085,0.094,0.086,0.084,0.083,0.084,0.084,0.083,0.083,0.085,0.083,0.087,0.088,0.091,0.089,0.088,0.086,0.089,0.135,0.085,0.085,0.098,0.089,0.086,0.088,0.089,0.098,0.094,0.09,0.089,0.088,0.089,0.089,0.089,0.09,0.09,0.09,0.088,0.089,0.093,0.089,0.091,0.093,0.091,0.087,0.088,0.088,0.09,0.09,0.09,0.09,0.097,0.09,0.091,0.089,0.088,0.09,0.094,0.088,0.09,0.088,0.078,0.086,0.088,0.087,0.089,0.091,0.085,0.086,0.087,0.088,0.087,0.091
,16:50:00,48,0.087,0.087,0.087,0.087,0.087,0.086,0.086,0.085,0.085,0.085,0.084,0.077,0.087,0.104,0.103,0.084,0.087,0.082,0.086,0.082,0.083,0.087,0.082,0.085,0.094,0.084,0.101,0.083,0.084,0.085,0.084,0.084,0.085,0.083,0.086,0.088,0.091,0.086,0.092,0.086,0.089,0.134,0.085,0.085,0.097,0.089,0.084,0.088,0.088,0.098,0.093,0.09,0.089,0.088,0.089,0.089,0.09,0.09,0.09,0.089,0.088,0.089,0.093,0.089,0.091,0.093,0.091,0.087,0.088,0.088,0.09,0.09,0.09,0.09,0.098,0.09,0.091,0.089,0.089,0.091,0.092,0.088,0.09,0.088,0.078,0.085,0.088,0.087,0.089,0.091,0.085,0.088,0.087,0.089,0.087,0.093
,16:55:00,47.9,0.087,0.087,0.087,0.087,0.087,0.086,0.086,0.086,0.086,0.086,0.084,0.076,0.087,0.094,0.102,0.085,0.087,0.082,0.086,0.083,0.083,0.089,0.083,0.085,0.094,0.084,0.096,0.083,0.084,0.085,0.084,0.084,0.085,0.083,0.087,0.088,0.091,0.086,0.092,0.087,0.088,0.133,0.086,0.085,0.098,0.089,0.085,0.088,0.089,0.098,0.094,0.09,0.089,0.088,0.089,0.089,0.09,0.09,0.09,0.09,0.088,0.089,0.093,0.09,0.091,0.093,0.091,0.087,0.088,0.088,0.09,0.09,0.09,0.09,0.098,0.091,0.091,0.09,0.088,0.091,0.093,0.088,0.09,0.088,0.078,0.086,0.087,0.086,0.089,0.091,0.085,0.086,0.087,0.088,0.087,0.092
,17:00:00,48,0.087,0.087,0.087,0.087,0.087,0.086,0.086,0.086,0.085,0.085,0.084,0.076,0.087,0.093,0.102,0.084,0.087,0.083,0.086,0.083,0.083,0.087,0.082,0.085,0.094,0.083,0.095,0.083,0.084,0.085,0.084,0.084,0.086,0.083,0.087,0.088,0.091,0.086,0.092,0.088,0.089,0.129,0.085,0.084,0.098,0.089,0.086,0.087,0.089,0.098,0.094,0.091,0.089,0.088,0.089,0.089,0.09,0.09,0.09,0.09,0.088,0.089,0.093,0.089,0.091,0.093,0.091,0.087,0.088,0.088,0.09,0.09,0.09,0.09,0.098,0.091,0.091,0.09,0.088,0.091,0.094,0.088,0.09,0.088,0.077,0.085,0.088,0.087,0.089,0.091,0.085,0.088,0.087,0.089,0.087,0.091
,17:05:00,48,0.087,0.087,0.087,0.086,0.087,0.086,0.086,0.085,0.085,0.085,0.083,0.075,0.087,0.101,0.103,0.084,0.086,0.082,0.086,0.082,0.082,0.087,0.082,0.084,0.093,0.083,0.104,0.083,0.083,0.083,0.083,0.083,0.085,0.082,0.087,0.087,0.091,0.089,0.088,0.085,0.089,0.131,0.086,0.084,0.095,0.089,0.083,0.087,0.087,0.098,0.093,0.09,0.088,0.087,0.089,0.088,0.089,0.089,0.09,0.089,0.088,0.088,0.092,0.089,0.09,0.093,0.09,0.087,0.087,0.089,0.09,0.09,0.089,0.09,0.097,0.09,0.09,0.089,0.088,0.09,0.092,0.087,0.089,0.088,0.076,0.085,0.088,0.086,0.089,0.091,0.085,0.087,0.087,0.088,0.086,0.093
,17:10:00,48,0.087,0.087,0.087,0.087,0.087,0.086,0.086,0.085,0.086,0.086,0.084,0.075,0.087,0.097,0.104,0.085,0.087,0.082,0.086,0.083,0.083,0.089,0.082,0.085,0.094,0.083,0.102,0.083,0.084,0.083,0.084,0.083,0.085,0.083,0.087,0.088,0.091,0.086,0.094,0.086,0.089,0.136,0.085,0.084,0.097,0.089,0.085,0.088,0.089,0.098,0.093,0.091,0.089,0.088,0.089,0.089,0.089,0.09,0.09,0.09,0.088,0.089,0.093,0.089,0.09,0.093,0.091,0.087,0.088,0.088,0.09,0.09,0.089,0.09,0.097,0.09,0.091,0.09,0.089,0.091,0.093,0.088,0.09,0.088,0.076,0.085,0.088,0.087,0.089,0.092,0.086,0.089,0.087,0.089,0.087,0.094
,17:15:00,48,0.087,0.087,0.087,0.087,0.087,0.086,0.086,0.085,0.085,0.085,0.084,0.074,0.088,0.091,0.104,0.084,0.087,0.083,0.086,0.082,0.083,0.087,0.082,0.085,0.094,0.083,0.093,0.083,0.084,0.083,0.084,0.083,0.086,0.083,0.087,0.088,0.091,0.086,0.09,0.088,0.089,0.136,0.085,0.085,0.097,0.09,0.083,0.088,0.088,0.097,0.093,0.091,0.089,0.088,0.089,0.089,0.09,0.09,0.09,0.09,0.087,0.089,0.093,0.089,0.091,0.093,0.091,0.087,0.088,0.088,0.09,0.09,0.09,0.09,0.097,0.091,0.09,0.09,0.089,0.091,0.092,0.088,0.09,0.088,0.076,0.085,0.088,0.087,0.089,0.092,0.086,0.086,0.087,0.089,0.087,0.097
,17:20:00,48,0.086,0.087,0.087,0.087,0.087,0.086,0.086,0.085,0.085,0.085,0.084,0.074,0.087,0.095,0.104,0.084,0.087,0.083,0.086,0.082,0.083,0.088,0.082,0.085,0.094,0.083,0.105,0.083,0.084,0.085,0.083,0.083,0.086,0.083,0.087,0.088,0.091,0.086,0.089,0.085,0.089,0.135,0.085,0.084,0.098,0.089,0.084,0.088,0.088,0.098,0.094,0.09,0.088,0.088,0.089,0.089,0.09,0.09,0.09,0.09,0.088,0.089,0.093,0.089,0.091,0.092,0.091,0.087,0.088,0.088,0.09,0.09,0.09,0.09,0.097,0.091,0.09,0.09,0.089,0.091,0.092,0.088,0.09,0.088,0.076,0.085,0.088,0.086,0.089,0.092,0.085,0.088,0.087,0.089,0.087,0.098
,17:25:00,47.9,0.087,0.087,0.087,0.087,0.087,0.086,0.086,0.086,0.085,0.085,0.084,0.074,0.087,0.101,0.104,0.086,0.087,0.083,0.086,0.083,0.083,0.088,0.082,0.084,0.094,0.084,0.107,0.083,0.084,0.086,0.083,0.084,0.085,0.083,0.087,0.088,0.091,0.089,0.091,0.085,0.089,0.137,0.085,0.084,0.098,0.089,0.085,0.088,0.088,0.098,0.093,0.091,0.089,0.088,0.089,0.089,0.09,0.089,0.09,0.089,0.088,0.089,0.093,0.089,0.091,0.093,0.091,0.087,0.088,0.089,0.09,0.09,0.09,0.09,0.097,0.09,0.091,0.089,0.088,0.091,0.094,0.088,0.09,0.088,0.076,0.086,0.088,0.086,0.089,0.092,0.086,0.086,0.087,0.088,0.087,0.099
,17:30:00,47.9,0.087,0.087,0.088,0.087,0.087,0.086,0.086,0.086,0.085,0.085,0.083,0.074,0.087,0.091,0.106,0.084,0.087,0.082,0.086,0.083,0.083,0.089,0.082,0.085,0.094,0.084,0.091,0.083,0.084,0.084,0.084,0.084,0.086,0.083,0.087,0.088,0.091,0.086,0.087,0.089,0.089,0.131,0.085,0.085,0.098,0.09,0.084,0.088,0.088,0.098,0.093,0.09,0.089,0.088,0.089,0.089,0.09,0.089,0.09,0.089,0.088,0.089,0.093,0.09,0.091,0.093,0.091,0.087,0.088,0.088,0.09,0.09,0.09,0.091,0.097,0.09,0.09,0.09,0.089,0.09,0.091,0.088,0.09,0.088,0.076,0.085,0.088,0.087,0.089,0.091,0.086,0.086,0.087,0.088,0.087,0.099
,17:35:00,47.9,0.087,0.088,0.087,0.087,0.087,0.086,0.087,0.085,0.085,0.085,0.083,0.074,0.087,0.093,0.106,0.084,0.087,0.083,0.086,0.083,0.083,0.089,0.082,0.084,0.093,0.083,0.095,0.083,0.084,0.083,0.083,0.084,0.085,0.083,0.087,0.088,0.091,0.086,0.09,0.088,0.09,0.133,0.088,0.085,0.091,0.09,0.085,0.088,0.088,0.098,0.093,0.09,0.089,0.088,0.088,0.089,0.089,0.09,0.09,0.09,0.088,0.088,0.093,0.09,0.091,0.093,0.091,0.087,0.088,0.089,0.09,0.09,0.09,0.09,0.097,0.09,0.09,0.089,0.088,0.09,0.094,0.088,0.09,0.088,0.076,0.085,0.088,0.086,0.089,0.091,0.086,0.087,0.087,0.088,0.087,0.098
,17:40:00,47.9,0.087,0.087,0.088,0.087,0.087,0.086,0.086,0.086,0.086,0.085,0.083,0.074,0.087,0.104,0.107,0.085,0.087,0.083,0.086,0.082,0.083,0.089,0.082,0.085,0.094,0.084,0.093,0.083,0.084,0.085,0.084,0.084,0.085,0.083,0.087,0.088,0.091,0.087,0.089,0.086,0.089,0.136,0.089,0.084,0.097,0.089,0.084,0.088,0.088,0.098,0.094,0.09,0.089,0.088,0.089,0.089,0.09,0.09,0.09,0.09,0.088,0.089,0.093,0.089,0.091,0.093,0.091,0.087,0.088,0.089,0.09,0.09,0.09,0.091,0.097,0.091,0.09,0.09,0.088,0.091,0.094,0.088,0.09,0.088,0.076,0.085,0.089,0.087,0.089,0.091,0.085,0.087,0.087,0.089,0.087,0.097
,17:45:00,47.9,0.087,0.087,0.087,0.087,0.087,0.087,0.086,0.086,0.085,0.085,0.084,0.074,0.087,0.103,0.107,0.085,0.087,0.083,0.086,0.083,0.083,0.089,0.083,0.085,0.094,0.087,0.087,0.083,0.084,0.084,0.084,0.084,0.086,0.083,0.087,0.088,0.091,0.086,0.091,0.088,0.089,0.132,0.089,0.084,0.098,0.09,0.086,0.088,0.089,0.098,0.094,0.091,0.089,0.088,0.089,0.089,0.09,0.09,0.09,0.09,0.088,0.089,0.093,0.089,0.091,0.093,0.091,0.087,0.088,0.088,0.09,0.09,0.09,0.091,0.097,0.091,0.091,0.09,0.088,0.091,0.094,0.088,0.09,0.088,0.076,0.085,0.088,0.087,0.089,0.092,0.086,0.086,0.087,0.089,0.087,0.094
,17:50:00,47.9,0.087,0.087,0.086,0.086,0.087,0.086,0.086,0.085,0.085,0.085,0.083,0.074,0.087,0.097,0.106,0.084,0.087,0.082,0.086,0.082,0.083,0.088,0.082,0.084,0.093,0.083,0.107,0.083,0.083,0.085,0.083,0.083,0.086,0.083,0.087,0.087,0.091,0.086,0.087,0.086,0.089,0.133,0.085,0.084,0.097,0.089,0.086,0.087,0.088,0.097,0.093,0.09,0.089,0.088,0.088,0.089,0.09,0.089,0.09,0.089,0.088,0.089,0.093,0.089,0.09,0.092,0.09,0.087,0.088,0.088,0.09,0.09,0.089,0.09,0.097,0.09,0.09,0.089,0.088,0.09,0.094,0.088,0.089,0.088,0.075,0.085,0.088,0.086,0.089,0.091,0.085,0.086,0.087,0.088,0.086,0.094
,17:55:00,48,0.087,0.087,0.087,0.087,0.087,0.086,0.086,0.085,0.085,0.085,0.083,0.074,0.087,0.1,0.107,0.084,0.087,0.082,0.086,0.082,0.083,0.089,0.082,0.084,0.094,0.084,0.098,0.083,0.084,0.084,0.084,0.084,0.086,0.083,0.087,0.088,0.091,0.086,0.09,0.089,0.089,0.135,0.085,0.085,0.096,0.089,0.086,0.088,0.089,0.098,0.094,0.091,0.089,0.088,0.089,0.089,0.09,0.09,0.09,0.09,0.088,0.089,0.093,0.09,0.091,0.093,0.091,0.087,0.088,0.088,0.09,0.09,0.09,0.09,0.098,0.091,0.09,0.09,0.088,0.091,0.094,0.088,0.09,0.088,0.075,0.085,0.088,0.087,0.09,0.091,0.086,0.087,0.087,0.088,0.087,0.097
,18:00:00,47.9,0.087,0.087,0.087,0.086,0.087,0.085,0.086,0.085,0.085,0.085,0.083,0.074,0.087,0.104,0.107,0.084,0.087,0.082,0.086,0.082,0.083,0.086,0.082,0.084,0.093,0.083,0.103,0.083,0.083,0.083,0.083,0.083,0.085,0.083,0.087,0.087,0.091,0.086,0.089,0.086,0.089,0.135,0.086,0.085,0.097,0.089,0.085,0.087,0.088,0.097,0.094,0.09,0.088,0.088,0.089,0.089,0.089,0.089,0.089,0.09,0.087,0.089,0.093,0.089,0.09,0.093,0.091,0.086,0.087,0.088,0.09,0.09,0.089,0.09,0.097,0.09,0.091,0.089,0.088,0.09,0.093,0.088,0.09,0.088,0.075,0.085,0.087,0.086,0.089,0.091,0.085,0.086,0.086,0.088,0.087,0.095
,18:05:00,47.9,0.087,0.087,0.087,0.087,0.087,0.086,0.087,0.085,0.085,0.085,0.083,0.074,0.088,0.099,0.108,0.085,0.087,0.083,0.086,0.082,0.083,0.088,0.083,0.085,0.094,0.083,0.089,0.083,0.084,0.083,0.084,0.084,0.086,0.083,0.087,0.088,0.091,0.087,0.088,0.085,0.089,0.136,0.085,0.085,0.099,0.09,0.085,0.088,0.088,0.098,0.094,0.09,0.089,0.088,0.089,0.089,0.09,0.09,0.09,0.09,0.088,0.089,0.093,0.089,0.091,0.093,0.091,0.087,0.088,0.088,0.09,0.09,0.09,0.09,0.098,0.091,0.091,0.09,0.089,0.091,0.093,0.088,0.09,0.088,0.075,0.085,0.088,0.086,0.09,0.093,0.085,0.089,0.087,0.089,0.087,0.104
,18:10:00,48,0.087,0.087,0.087,0.087,0.087,0.086,0.086,0.085,0.085,0.085,0.082,0.074,0.087,0.102,0.107,0.084,0.087,0.082,0.086,0.082,0.082,0.086,0.082,0.084,0.093,0.083,0.103,0.083,0.084,0.084,0.083,0.083,0.086,0.083,0.086,0.088,0.091,0.089,0.088,0.086,0.089,0.135,0.085,0.085,0.098,0.089,0.086,0.087,0.088,0.097,0.093,0.09,0.089,0.088,0.089,0.089,0.089,0.089,0.09,0.089,0.088,0.088,0.093,0.089,0.09,0.093,0.09,0.087,0.088,0.088,0.09,0.09,0.089,0.09,0.097,0.09,0.09,0.089,0.088,0.09,0.09,0.088,0.09,0.088,0.074,0.085,0.088,0.087,0.089,0.093,0.085,0.087,0.087,0.088,0.088,0.112
,18:15:00,48,0.087,0.087,0.087,0.086,0.087,0.086,0.086,0.086,0.085,0.085,0.082,0.075,0.087,0.103,0.11,0.084,0.087,0.082,0.086,0.083,0.083,0.089,0.082,0.084,0.094,0.083,0.104,0.083,0.084,0.086,0.083,0.083,0.085,0.083,0.087,0.088,0.091,0.086,0.092,0.086,0.089,0.141,0.085,0.085,0.093,0.09,0.086,0.087,0.088,0.097,0.093,0.09,0.089,0.088,0.089,0.089,0.09,0.089,0.09,0.089,0.088,0.089,0.093,0.089,0.091,0.093,0.091,0.087,0.088,0.089,0.09,0.09,0.089,0.09,0.098,0.091,0.091,0.09,0.089,0.09,0.09,0.088,0.09,0.088,0.076,0.085,0.089,0.087,0.09,0.093,0.085,0.087,0.087,0.088,0.087,0.111
,18:20:00,47.9,0.087,0.087,0.087,0.086,0.087,0.086,0.087,0.085,0.085,0.085,0.082,0.074,0.087,0.1,0.11,0.084,0.086,0.082,0.086,0.083,0.083,0.088,0.082,0.084,0.093,0.083,0.084,0.083,0.083,0.083,0.084,0.084,0.085,0.082,0.087,0.087,0.091,0.086,0.091,0.087,0.088,0.134,0.085,0.085,0.096,0.089,0.084,0.087,0.088,0.097,0.093,0.09,0.089,0.088,0.088,0.089,0.089,0.09,0.09,0.089,0.087,0.089,0.092,0.089,0.09,0.093,0.09,0.087,0.088,0.088,0.09,0.09,0.089,0.09,0.097,0.09,0.09,0.09,0.088,0.09,0.091,0.088,0.09,0.088,0.077,0.085,0.087,0.086,0.09,0.092,0.086,0.087,0.087,0.088,0.087,0.1
,18:25:00,47.9,0.087,0.087,0.086,0.086,0.086,0.086,0.086,0.085,0.085,0.084,0.081,0.074,0.087,0.091,0.111,0.084,0.087,0.082,0.087,0.082,0.082,0.085,0.082,0.084,0.093,0.083,0.084,0.083,0.083,0.084,0.083,0.083,0.085,0.082,0.087,0.087,0.091,0.086,0.089,0.086,0.088,0.139,0.085,0.084,0.095,0.089,0.083,0.087,0.088,0.097,0.093,0.09,0.088,0.087,0.089,0.089,0.089,0.089,0.089,0.089,0.087,0.088,0.092,0.089,0.09,0.093,0.09,0.087,0.088,0.089,0.09,0.09,0.089,0.09,0.097,0.091,0.09,0.089,0.088,0.09,0.09,0.088,0.09,0.087,0.077,0.085,0.088,0.086,0.09,0.093,0.085,0.087,0.086,0.088,0.086,0.107
,18:30:00,48,0.087,0.087,0.086,0.087,0.087,0.086,0.086,0.085,0.085,0.085,0.081,0.074,0.088,0.097,0.11,0.084,0.087,0.083,0.086,0.083,0.083,0.087,0.082,0.084,0.094,0.083,0.096,0.083,0.084,0.084,0.083,0.084,0.084,0.083,0.087,0.088,0.091,0.086,0.091,0.088,0.088,0.141,0.085,0.085,0.099,0.089,0.085,0.087,0.088,0.097,0.094,0.09,0.089,0.088,0.089,0.089,0.09,0.09,0.09,0.09,0.088,0.089,0.093,0.089,0.091,0.093,0.09,0.087,0.088,0.088,0.09,0.09,0.089,0.091,0.098,0.091,0.091,0.09,0.088,0.091,0.09,0.088,0.09,0.088,0.077,0.085,0.088,0.086,0.089,0.093,0.086,0.088,0.087,0.089,0.087,0.095
,18:35:00,47.9,0.087,0.087,0.086,0.086,0.086,0.086,0.085,0.085,0.084,0.085,0.079,0.074,0.087,0.092,0.109,0.084,0.087,0.082,0.086,0.082,0.082,0.086,0.082,0.084,0.093,0.083,0.095,0.083,0.083,0.083,0.083,0.083,0.085,0.082,0.086,0.087,0.09,0.086,0.087,0.085,0.088,0.135,0.086,0.085,0.093,0.088,0.085,0.087,0.087,0.097,0.093,0.09,0.088,0.088,0.088,0.089,0.089,0.089,0.089,0.089,0.088,0.088,0.093,0.089,0.09,0.092,0.09,0.087,0.087,0.088,0.089,0.09,0.089,0.09,0.097,0.09,0.09,0.089,0.088,0.09,0.091,0.088,0.089,0.088,0.077,0.085,0.087,0.086,0.088,0.092,0.085,0.087,0.086,0.088,0.087,0.103
,18:40:00,48,0.087,0.087,0.086,0.086,0.087,0.086,0.086,0.085,0.085,0.084,0.079,0.074,0.087,0.104,0.111,0.084,0.087,0.082,0.086,0.082,0.083,0.089,0.082,0.084,0.093,0.083,0.104,0.083,0.084,0.083,0.083,0.084,0.086,0.082,0.087,0.087,0.091,0.086,0.092,0.087,0.088,0.142,0.085,0.084,0.097,0.089,0.084,0.087,0.088,0.097,0.093,0.09,0.089,0.088,0.089,0.089,0.089,0.089,0.09,0.089,0.088,0.089,0.093,0.089,0.09,0.093,0.091,0.087,0.088,0.088,0.09,0.09,0.089,0.09,0.098,0.09,0.09,0.089,0.088,0.09,0.089,0.088,0.09,0.088,0.077,0.085,0.087,0.086,0.089,0.093,0.085,0.088,0.086,0.088,0.087,0.106
,18:45:00,48,0.087,0.087,0.087,0.087,0.087,0.086,0.086,0.086,0.085,0.084,0.079,0.075,0.087,0.089,0.11,0.084,0.087,0.082,0.087,0.083,0.083,0.086,0.083,0.084,0.094,0.083,0.103,0.083,0.084,0.084,0.084,0.084,0.085,0.083,0.088,0.087,0.091,0.086,0.092,0.089,0.089,0.143,0.089,0.084,0.094,0.09,0.086,0.087,0.088,0.097,0.094,0.09,0.089,0.088,0.089,0.089,0.09,0.09,0.09,0.09,0.088,0.089,0.093,0.089,0.09,0.093,0.091,0.087,0.088,0.088,0.09,0.09,0.089,0.09,0.098,0.09,0.091,0.089,0.088,0.091,0.09,0.088,0.09,0.088,0.077,0.085,0.088,0.087,0.091,0.093,0.085,0.089,0.087,0.088,0.087,0.092
,18:50:00,47.9,0.087,0.087,0.087,0.088,0.087,0.086,0.086,0.085,0.085,0.085,0.078,0.075,0.087,0.1,0.111,0.084,0.087,0.083,0.086,0.083,0.083,0.089,0.083,0.084,0.094,0.083,0.084,0.083,0.084,0.084,0.084,0.084,0.086,0.083,0.087,0.088,0.091,0.086,0.09,0.088,0.089,0.143,0.085,0.084,0.098,0.09,0.086,0.087,0.088,0.098,0.094,0.09,0.089,0.088,0.089,0.089,0.09,0.089,0.09,0.09,0.088,0.089,0.094,0.089,0.09,0.093,0.091,0.087,0.088,0.089,0.09,0.09,0.09,0.091,0.099,0.091,0.091,0.09,0.089,0.091,0.089,0.088,0.09,0.088,0.077,0.085,0.088,0.087,0.09,0.093,0.085,0.087,0.087,0.089,0.087,0.095
,18:55:00,47.9,0.087,0.087,0.087,0.089,0.087,0.086,0.086,0.085,0.085,0.084,0.078,0.075,0.087,0.092,0.11,0.084,0.086,0.082,0.086,0.082,0.082,0.088,0.083,0.083,0.094,0.083,0.087,0.083,0.084,0.083,0.083,0.083,0.086,0.083,0.086,0.088,0.091,0.087,0.091,0.085,0.088,0.144,0.088,0.085,0.098,0.089,0.083,0.087,0.088,0.098,0.093,0.09,0.088,0.088,0.089,0.089,0.089,0.089,0.09,0.089,0.087,0.089,0.093,0.089,0.09,0.093,0.09,0.087,0.087,0.088,0.09,0.09,0.089,0.09,0.099,0.09,0.09,0.089,0.088,0.09,0.091,0.088,0.09,0.088,0.076,0.085,0.087,0.086,0.089,0.093,0.085,0.095,0.087,0.088,0.087,0.092
,19:00:00,48,0.087,0.087,0.087,0.089,0.086,0.086,0.086,0.085,0.085,0.084,0.077,0.075,0.087,0.101,0.11,0.084,0.087,0.082,0.086,0.082,0.083,0.086,0.082,0.084,0.094,0.083,0.09,0.083,0.083,0.083,0.083,0.083,0.086,0.082,0.087,0.087,0.091,0.086,0.093,0.089,0.088,0.141,0.085,0.085,0.098,0.089,0.083,0.087,0.088,0.097,0.093,0.09,0.088,0.088,0.088,0.089,0.089,0.089,0.09,0.089,0.087,0.088,0.093,0.089,0.09,0.093,0.09,0.087,0.088,0.088,0.09,0.09,0.089,0.09,0.099,0.09,0.09,0.09,0.088,0.09,0.089,0.088,0.09,0.088,0.076,0.085,0.087,0.086,0.089,0.093,0.085,0.092,0.087,0.088,0.087,0.106
,19:05:00,48,0.087,0.087,0.087,0.087,0.087,0.086,0.086,0.085,0.085,0.084,0.077,0.075,0.087,0.098,0.111,0.089,0.087,0.082,0.087,0.082,0.083,0.089,0.082,0.084,0.094,0.084,0.083,0.083,0.084,0.084,0.083,0.084,0.086,0.083,0.087,0.087,0.091,0.087,0.092,0.086,0.088,0.142,0.085,0.085,0.095,0.089,0.085,0.087,0.089,0.098,0.094,0.09,0.089,0.088,0.088,0.089,0.089,0.089,0.09,0.089,0.087,0.089,0.093,0.089,0.09,0.093,0.09,0.087,0.088,0.088,0.09,0.09,0.089,0.09,0.1,0.091,0.091,0.09,0.088,0.091,0.092,0.088,0.09,0.088,0.076,0.085,0.088,0.086,0.089,0.093,0.085,0.088,0.087,0.088,0.087,0.091
,19:10:00,48,0.087,0.087,0.087,0.087,0.087,0.086,0.086,0.085,0.085,0.084,0.077,0.076,0.087,0.098,0.114,0.084,0.087,0.083,0.087,0.083,0.083,0.089,0.082,0.084,0.094,0.084,0.099,0.083,0.084,0.084,0.084,0.084,0.085,0.083,0.087,0.088,0.091,0.086,0.09,0.085,0.088,0.139,0.085,0.084,0.097,0.09,0.084,0.087,0.088,0.097,0.094,0.09,0.088,0.088,0.089,0.089,0.09,0.09,0.09,0.09,0.087,0.089,0.094,0.089,0.091,0.092,0.09,0.087,0.089,0.089,0.09,0.09,0.089,0.09,0.1,0.091,0.09,0.09,0.089,0.09,0.09,0.088,0.09,0.088,0.076,0.085,0.088,0.086,0.09,0.094,0.085,0.087,0.087,0.088,0.087,0.091
,19:15:00,48,0.087,0.087,0.087,0.086,0.087,0.086,0.086,0.085,0.085,0.084,0.076,0.076,0.087,0.092,0.114,0.084,0.087,0.082,0.086,0.082,0.083,0.088,0.082,0.084,0.094,0.083,0.093,0.083,0.084,0.083,0.083,0.084,0.084,0.083,0.087,0.087,0.091,0.089,0.088,0.089,0.088,0.143,0.085,0.085,0.098,0.089,0.086,0.087,0.088,0.097,0.094,0.09,0.088,0.088,0.089,0.089,0.09,0.089,0.09,0.089,0.088,0.089,0.093,0.089,0.09,0.093,0.091,0.087,0.088,0.089,0.09,0.09,0.089,0.09,0.1,0.091,0.09,0.089,0.088,0.09,0.092,0.088,0.09,0.087,0.076,0.085,0.088,0.086,0.089,0.093,0.085,0.087,0.086,0.088,0.086,0.093
,19:20:00,48,0.086,0.086,0.086,0.088,0.086,0.086,0.086,0.085,0.085,0.084,0.076,0.075,0.087,0.103,0.113,0.084,0.086,0.082,0.086,0.082,0.083,0.087,0.082,0.083,0.093,0.083,0.103,0.082,0.083,0.083,0.084,0.083,0.085,0.082,0.086,0.088,0.09,0.088,0.093,0.088,0.088,0.145,0.085,0.085,0.097,0.089,0.083,0.087,0.088,0.097,0.093,0.09,0.088,0.088,0.089,0.089,0.089,0.089,0.09,0.089,0.087,0.089,0.093,0.089,0.09,0.093,0.09,0.087,0.088,0.088,0.09,0.09,0.089,0.09,0.099,0.09,0.09,0.089,0.088,0.09,0.089,0.088,0.089,0.088,0.075,0.084,0.087,0.086,0.089,0.094,0.085,0.086,0.086,0.088,0.087,0.093
,19:25:00,48,0.087,0.086,0.086,0.086,0.087,0.086,0.086,0.085,0.085,0.084,0.076,0.076,0.087,0.103,0.115,0.085,0.087,0.082,0.087,0.082,0.082,0.085,0.082,0.083,0.093,0.084,0.104,0.083,0.083,0.083,0.084,0.083,0.085,0.082,0.087,0.087,0.091,0.086,0.094,0.088,0.088,0.144,0.087,0.085,0.096,0.09,0.083,0.087,0.088,0.097,0.094,0.09,0.089,0.088,0.089,0.089,0.09,0.089,0.09,0.089,0.088,0.089,0.093,0.089,0.09,0.093,0.09,0.087,0.088,0.088,0.09,0.09,0.089,0.09,0.099,0.09,0.091,0.089,0.088,0.091,0.091,0.088,0.09,0.088,0.075,0.085,0.087,0.086,0.09,0.094,0.085,0.086,0.087,0.088,0.087,0.097
,19:30:00,48,0.087,0.087,0.087,0.087,0.087,0.086,0.086,0.085,0.085,0.084,0.075,0.076,0.087,0.101,0.115,0.084,0.087,0.082,0.087,0.082,0.083,0.086,0.082,0.084,0.094,0.083,0.104,0.083,0.084,0.085,0.084,0.084,0.085,0.083,0.087,0.087,0.091,0.086,0.091,0.088,0.088,0.146,0.086,0.084,0.098,0.089,0.084,0.088,0.088,0.098,0.094,0.09,0.089,0.088,0.089,0.089,0.09,0.089,0.09,0.09,0.087,0.089,0.093,0.089,0.091,0.093,0.09,0.087,0.088,0.088,0.09,0.09,0.089,0.091,0.1,0.091,0.091,0.089,0.089,0.09,0.093,0.088,0.09,0.088,0.075,0.085,0.088,0.086,0.089,0.094,0.085,0.088,0.087,0.088,0.087,0.089
,19:35:00,48,0.087,0.087,0.087,0.086,0.087,0.086,0.086,0.085,0.085,0.084,0.075,0.076,0.087,0.099,0.115,0.084,0.087,0.082,0.086,0.082,0.082,0.089,0.082,0.083,0.094,0.083,0.099,0.083,0.084,0.083,0.083,0.084,0.085,0.083,0.087,0.088,0.091,0.086,0.093,0.087,0.088,0.145,0.085,0.086,0.097,0.09,0.085,0.087,0.088,0.097,0.094,0.09,0.089,0.088,0.089,0.089,0.09,0.089,0.09,0.089,0.087,0.089,0.093,0.089,0.09,0.092,0.091,0.087,0.088,0.088,0.09,0.09,0.089,0.09,0.1,0.091,0.091,0.089,0.088,0.09,0.091,0.088,0.09,0.088,0.075,0.084,0.088,0.086,0.089,0.094,0.085,0.087,0.087,0.088,0.087,0.092
,19:40:00,48,0.087,0.087,0.087,0.089,0.087,0.086,0.086,0.085,0.085,0.084,0.075,0.076,0.087,0.095,0.115,0.084,0.086,0.083,0.087,0.082,0.083,0.089,0.082,0.083,0.093,0.083,0.104,0.083,0.084,0.086,0.084,0.084,0.085,0.083,0.087,0.087,0.091,0.086,0.091,0.087,0.088,0.145,0.085,0.085,0.096,0.088,0.086,0.087,0.088,0.097,0.094,0.09,0.089,0.088,0.089,0.089,0.089,0.089,0.09,0.089,0.087,0.089,0.093,0.089,0.09,0.093,0.09,0.087,0.089,0.088,0.089,0.09,0.089,0.09,0.1,0.091,0.09,0.089,0.088,0.09,0.091,0.088,0.09,0.088,0.075,0.084,0.088,0.086,0.092,0.094,0.085,0.087,0.086,0.088,0.087,0.09
,19:45:00,48,0.087,0.087,0.087,0.088,0.087,0.086,0.086,0.085,0.084,0.084,0.075,0.077,0.087,0.094,0.115,0.084,0.087,0.083,0.086,0.082,0.083,0.087,0.083,0.083,0.094,0.084,0.104,0.083,0.084,0.083,0.084,0.084,0.086,0.083,0.087,0.087,0.091,0.086,0.09,0.086,0.088,0.144,0.088,0.084,0.098,0.089,0.086,0.087,0.088,0.097,0.094,0.09,0.089,0.088,0.089,0.09,0.09,0.089,0.09,0.089,0.088,0.089,0.093,0.09,0.09,0.093,0.09,0.087,0.088,0.089,0.09,0.09,0.089,0.09,0.1,0.091,0.09,0.089,0.088,0.091,0.092,0.088,0.089,0.088,0.074,0.085,0.088,0.086,0.091,0.094,0.085,0.09,0.086,0.088,0.087,0.089
,19:50:00,47.9,0.087,0.087,0.087,0.088,0.087,0.086,0.086,0.085,0.084,0.083,0.075,0.077,0.087,0.092,0.115,0.084,0.087,0.082,0.086,0.082,0.083,0.088,0.082,0.083,0.093,0.083,0.084,0.083,0.084,0.085,0.083,0.083,0.085,0.082,0.087,0.087,0.091,0.086,0.091,0.088,0.088,0.144,0.085,0.085,0.097,0.089,0.084,0.087,0.088,0.097,0.093,0.09,0.088,0.088,0.089,0.089,0.089,0.089,0.09,0.089,0.087,0.089,0.092,0.089,0.09,0.093,0.09,0.087,0.089,0.088,0.09,0.09,0.089,0.09,0.1,0.09,0.09,0.089,0.088,0.09,0.091,0.088,0.09,0.088,0.074,0.084,0.087,0.086,0.093,0.094,0.085,0.09,0.086,0.088,0.087,0.089
,19:55:00,47.9,0.087,0.088,0.087,0.089,0.087,0.086,0.086,0.085,0.085,0.083,0.075,0.077,0.087,0.098,0.115,0.084,0.087,0.082,0.086,0.083,0.082,0.089,0.082,0.083,0.094,0.083,0.104,0.083,0.083,0.086,0.083,0.084,0.085,0.083,0.087,0.087,0.091,0.086,0.084,0.088,0.088,0.142,0.088,0.084,0.095,0.089,0.083,0.087,0.088,0.097,0.094,0.09,0.089,0.088,0.089,0.089,0.089,0.089,0.09,0.089,0.087,0.089,0.093,0.089,0.09,0.093,0.09,0.087,0.089,0.088,0.09,0.09,0.089,0.09,0.1,0.091,0.09,0.089,0.088,0.09,0.09,0.088,0.09,0.088,0.074,0.084,0.088,0.086,0.092,0.095,0.085,0.089,0.086,0.088,0.087,0.092
,20:00:00,48,0.087,0.087,0.087,0.086,0.087,0.086,0.086,0.085,0.085,0.084,0.075,0.078,0.087,0.085,0.114,0.085,0.087,0.082,0.086,0.083,0.083,0.087,0.082,0.083,0.094,0.084,0.09,0.083,0.084,0.084,0.084,0.084,0.085,0.083,0.086,0.088,0.091,0.086,0.093,0.087,0.088,0.151,0.085,0.084,0.095,0.089,0.085,0.087,0.088,0.097,0.094,0.09,0.089,0.088,0.089,0.089,0.089,0.09,0.09,0.089,0.087,0.089,0.093,0.089,0.091,0.093,0.09,0.087,0.089,0.089,0.09,0.09,0.089,0.09,0.1,0.091,0.09,0.09,0.088,0.09,0.09,0.088,0.09,0.088,0.074,0.084,0.088,0.086,0.092,0.095,0.085,0.092,0.087,0.089,0.087,0.09
,20:05:00,47.9,0.087,0.087,0.087,0.086,0.087,0.086,0.086,0.085,0.085,0.083,0.075,0.078,0.087,0.097,0.115,0.084,0.087,0.082,0.086,0.083,0.083,0.084,0.082,0.083,0.094,0.083,0.105,0.083,0.084,0.086,0.084,0.083,0.086,0.083,0.087,0.087,0.091,0.086,0.093,0.088,0.089,0.139,0.085,0.084,0.094,0.089,0.083,0.088,0.088,0.097,0.094,0.09,0.089,0.088,0.089,0.089,0.089,0.089,0.09,0.089,0.087,0.089,0.093,0.089,0.091,0.093,0.09,0.087,0.088,0.089,0.09,0.09,0.089,0.09,0.1,0.091,0.09,0.09,0.088,0.09,0.089,0.088,0.09,0.088,0.078,0.084,0.088,0.086,0.096,0.096,0.085,0.088,0.087,0.088,0.087,0.089
,20:10:00,47.9,0.087,0.087,0.087,0.087,0.087,0.086,0.086,0.085,0.085,0.083,0.074,0.078,0.087,0.097,0.115,0.084,0.087,0.082,0.087,0.082,0.083,0.088,0.082,0.083,0.094,0.083,0.1,0.083,0.084,0.083,0.084,0.084,0.085,0.082,0.087,0.088,0.091,0.086,0.093,0.087,0.088,0.153,0.085,0.085,0.097,0.089,0.084,0.087,0.088,0.097,0.094,0.09,0.089,0.088,0.089,0.09,0.089,0.089,0.09,0.089,0.087,0.089,0.093,0.089,0.09,0.093,0.09,0.087,0.089,0.088,0.09,0.09,0.089,0.09,0.101,0.091,0.09,0.09,0.088,0.09,0.093,0.088,0.09,0.088,0.08,0.084,0.088,0.086,0.091,0.095,0.085,0.086,0.087,0.088,0.087,0.089
,20:15:00,47.9,0.087,0.087,0.087,0.086,0.087,0.086,0.086,0.085,0.084,0.083,0.075,0.078,0.087,0.104,0.114,0.084,0.087,0.082,0.086,0.082,0.083,0.088,0.082,0.083,0.093,0.083,0.102,0.083,0.083,0.084,0.083,0.084,0.085,0.083,0.087,0.087,0.09,0.086,0.092,0.088,0.088,0.139,0.087,0.084,0.097,0.089,0.084,0.087,0.088,0.097,0.093,0.09,0.089,0.088,0.089,0.089,0.09,0.089,0.09,0.089,0.087,0.089,0.093,0.089,0.09,0.093,0.091,0.086,0.089,0.088,0.09,0.09,0.089,0.09,0.101,0.091,0.09,0.089,0.088,0.09,0.092,0.088,0.09,0.088,0.08,0.084,0.088,0.086,0.095,0.096,0.085,0.086,0.086,0.088,0.087,0.089
,20:20:00,48,0.087,0.087,0.087,0.086,0.087,0.086,0.086,0.085,0.085,0.083,0.072,0.078,0.087,0.103,0.115,0.084,0.087,0.082,0.087,0.082,0.083,0.088,0.082,0.083,0.094,0.083,0.102,0.083,0.084,0.083,0.083,0.083,0.085,0.083,0.087,0.087,0.09,0.088,0.086,0.092,0.089,0.154,0.086,0.084,0.098,0.089,0.086,0.087,0.088,0.097,0.094,0.09,0.088,0.088,0.089,0.089,0.089,0.089,0.09,0.089,0.088,0.089,0.093,0.089,0.09,0.093,0.09,0.087,0.089,0.088,0.09,0.09,0.088,0.09,0.1,0.091,0.09,0.09,0.088,0.09,0.09,0.088,0.09,0.088,0.081,0.084,0.088,0.086,0.09,0.096,0.085,0.088,0.086,0.088,0.087,0.09
,20:25:00,47.9,0.087,0.087,0.087,0.086,0.087,0.086,0.086,0.085,0.085,0.082,0.075,0.078,0.087,0.095,0.115,0.084,0.087,0.083,0.086,0.082,0.083,0.089,0.082,0.083,0.094,0.083,0.098,0.083,0.084,0.085,0.083,0.084,0.086,0.083,0.087,0.088,0.091,0.09,0.087,0.092,0.089,0.144,0.089,0.085,0.097,0.09,0.083,0.088,0.088,0.097,0.094,0.09,0.089,0.088,0.089,0.09,0.089,0.09,0.09,0.089,0.087,0.089,0.093,0.09,0.09,0.093,0.091,0.087,0.088,0.088,0.09,0.09,0.089,0.09,0.101,0.091,0.09,0.089,0.088,0.09,0.09,0.088,0.09,0.088,0.082,0.085,0.087,0.086,0.095,0.096,0.085,0.088,0.087,0.088,0.087,0.09
,20:30:00,47.9,0.087,0.087,0.087,0.087,0.087,0.086,0.086,0.085,0.085,0.081,0.071,0.078,0.087,0.103,0.115,0.085,0.087,0.083,0.087,0.082,0.083,0.087,0.082,0.083,0.094,0.084,0.105,0.083,0.084,0.083,0.084,0.084,0.085,0.083,0.086,0.088,0.091,0.086,0.092,0.093,0.089,0.151,0.086,0.084,0.096,0.089,0.083,0.087,0.088,0.097,0.094,0.09,0.089,0.088,0.089,0.09,0.09,0.089,0.09,0.089,0.087,0.089,0.094,0.09,0.09,0.093,0.09,0.087,0.089,0.088,0.09,0.09,0.089,0.09,0.101,0.091,0.09,0.09,0.088,0.09,0.09,0.088,0.09,0.088,0.082,0.084,0.089,0.087,0.09,0.096,0.086,0.088,0.086,0.088,0.087,0.089
,20:35:00,47.9,0.087,0.087,0.087,0.086,0.087,0.086,0.086,0.085,0.084,0.081,0.073,0.079,0.087,0.1,0.115,0.084,0.086,0.082,0.086,0.082,0.083,0.088,0.082,0.083,0.094,0.083,0.105,0.083,0.084,0.086,0.084,0.084,0.086,0.083,0.087,0.087,0.091,0.086,0.092,0.089,0.088,0.142,0.085,0.084,0.098,0.089,0.085,0.087,0.088,0.097,0.094,0.09,0.089,0.088,0.089,0.089,0.089,0.09,0.089,0.089,0.087,0.089,0.093,0.09,0.09,0.092,0.09,0.087,0.088,0.088,0.09,0.09,0.088,0.09,0.101,0.091,0.09,0.089,0.088,0.09,0.091,0.088,0.09,0.087,0.082,0.084,0.088,0.086,0.09,0.096,0.085,0.086,0.087,0.088,0.087,0.09
,20:40:00,47.9,0.087,0.087,0.087,0.086,0.087,0.086,0.086,0.085,0.084,0.08,0.075,0.079,0.087,0.092,0.117,0.084,0.087,0.082,0.086,0.083,0.082,0.089,0.082,0.083,0.094,0.083,0.103,0.083,0.084,0.083,0.084,0.083,0.086,0.083,0.087,0.088,0.091,0.086,0.089,0.092,0.089,0.15,0.085,0.086,0.096,0.09,0.086,0.087,0.088,0.097,0.094,0.09,0.089,0.088,0.089,0.09,0.09,0.089,0.09,0.089,0.087,0.089,0.093,0.089,0.091,0.093,0.09,0.087,0.089,0.088,0.09,0.09,0.089,0.09,0.101,0.091,0.091,0.09,0.088,0.09,0.091,0.087,0.09,0.088,0.082,0.084,0.088,0.086,0.09,0.096,0.085,0.087,0.086,0.088,0.087,0.089
,20:45:00,48,0.087,0.087,0.087,0.087,0.087,0.086,0.086,0.085,0.085,0.08,0.074,0.079,0.087,0.102,0.117,0.085,0.087,0.083,0.087,0.083,0.083,0.089,0.082,0.083,0.094,0.083,0.102,0.083,0.084,0.085,0.084,0.084,0.086,0.083,0.086,0.088,0.091,0.086,0.087,0.09,0.089,0.148,0.085,0.085,0.098,0.089,0.086,0.087,0.088,0.097,0.094,0.09,0.089,0.088,0.089,0.09,0.09,0.09,0.09,0.09,0.088,0.089,0.094,0.089,0.091,0.093,0.091,0.087,0.088,0.089,0.09,0.09,0.089,0.09,0.101,0.091,0.091,0.09,0.088,0.091,0.091,0.088,0.09,0.088,0.082,0.084,0.087,0.086,0.09,0.096,0.085,0.087,0.087,0.089,0.087,0.089
,20:50:00,47.9,0.087,0.087,0.087,0.086,0.086,0.086,0.086,0.085,0.084,0.079,0.074,0.078,0.087,0.105,0.117,0.084,0.087,0.082,0.086,0.082,0.083,0.088,0.082,0.082,0.094,0.083,0.096,0.083,0.084,0.083,0.083,0.084,0.086,0.083,0.087,0.087,0.091,0.086,0.087,0.087,0.088,0.144,0.085,0.085,0.098,0.089,0.085,0.087,0.088,0.097,0.094,0.09,0.088,0.088,0.089,0.089,0.089,0.089,0.09,0.089,0.087,0.089,0.093,0.089,0.09,0.093,0.09,0.087,0.088,0.088,0.09,0.09,0.088,0.09,0.101,0.091,0.09,0.089,0.088,0.09,0.09,0.088,0.09,0.087,0.082,0.084,0.087,0.086,0.09,0.096,0.085,0.087,0.086,0.088,0.087,0.09
,20:55:00,47.9,0.087,0.087,0.086,0.086,0.086,0.086,0.086,0.085,0.084,0.079,0.073,0.078,0.087,0.091,0.118,0.084,0.087,0.082,0.087,0.082,0.083,0.086,0.082,0.082,0.093,0.083,0.095,0.083,0.083,0.085,0.083,0.083,0.085,0.082,0.086,0.087,0.09,0.086,0.087,0.091,0.088,0.151,0.086,0.084,0.098,0.089,0.085,0.087,0.088,0.097,0.094,0.091,0.088,0.088,0.089,0.09,0.089,0.09,0.09,0.089,0.087,0.089,0.093,0.089,0.09,0.093,0.09,0.087,0.089,0.088,0.09,0.09,0.088,0.09,0.101,0.091,0.09,0.089,0.088,0.09,0.094,0.088,0.09,0.087,0.084,0.083,0.087,0.086,0.09,0.097,0.085,0.086,0.087,0.088,0.087,0.089
,21:00:00,48,0.087,0.087,0.087,0.086,0.087,0.086,0.086,0.085,0.084,0.079,0.073,0.079,0.087,0.101,0.119,0.084,0.087,0.082,0.087,0.082,0.083,0.087,0.082,0.082,0.094,0.083,0.097,0.083,0.084,0.083,0.084,0.083,0.086,0.083,0.087,0.087,0.091,0.086,0.09,0.088,0.089,0.149,0.085,0.085,0.099,0.09,0.086,0.087,0.088,0.097,0.094,0.09,0.089,0.088,0.089,0.089,0.09,0.09,0.09,0.09,0.087,0.089,0.094,0.089,0.091,0.093,0.091,0.087,0.088,0.088,0.09,0.09,0.088,0.09,0.102,0.091,0.09,0.089,0.088,0.09,0.094,0.088,0.09,0.088,0.084,0.084,0.088,0.086,0.091,0.097,0.086,0.086,0.086,0.088,0.087,0.089
,21:05:00,48,0.087,0.087,0.086,0.086,0.087,0.086,0.086,0.085,0.084,0.078,0.073,0.078,0.087,0.093,0.118,0.084,0.087,0.083,0.086,0.082,0.082,0.088,0.082,0.082,0.093,0.083,0.101,0.083,0.084,0.083,0.083,0.084,0.083,0.083,0.087,0.087,0.091,0.086,0.086,0.089,0.088,0.15,0.085,0.084,0.098,0.089,0.086,0.087,0.088,0.097,0.094,0.09,0.089,0.088,0.089,0.089,0.09,0.089,0.09,0.089,0.087,0.088,0.094,0.089,0.09,0.092,0.09,0.087,0.088,0.088,0.09,0.09,0.088,0.09,0.101,0.091,0.091,0.089,0.089,0.09,0.091,0.088,0.09,0.087,0.084,0.084,0.087,0.086,0.09,0.097,0.085,0.087,0.086,0.088,0.087,0.089
,21:10:00,47.9,0.087,0.087,0.087,0.086,0.087,0.086,0.086,0.085,0.084,0.078,0.074,0.079,0.087,0.101,0.119,0.084,0.086,0.083,0.087,0.083,0.083,0.087,0.083,0.082,0.094,0.083,0.102,0.083,0.084,0.083,0.084,0.084,0.086,0.083,0.086,0.087,0.091,0.086,0.088,0.093,0.087,0.157,0.085,0.085,0.097,0.089,0.084,0.087,0.088,0.097,0.094,0.091,0.089,0.088,0.089,0.09,0.09,0.09,0.09,0.089,0.087,0.089,0.094,0.089,0.091,0.093,0.091,0.087,0.088,0.088,0.09,0.09,0.088,0.09,0.102,0.091,0.09,0.09,0.088,0.091,0.092,0.088,0.09,0.088,0.084,0.084,0.087,0.087,0.09,0.097,0.085,0.087,0.086,0.088,0.087,0.088
,21:15:00,47.9,0.086,0.086,0.086,0.086,0.086,0.086,0.086,0.084,0.084,0.078,0.074,0.079,0.087,0.093,0.12,0.084,0.087,0.082,0.086,0.082,0.082,0.088,0.082,0.081,0.093,0.083,0.103,0.083,0.083,0.086,0.083,0.083,0.085,0.083,0.087,0.087,0.09,0.086,0.091,0.093,0.088,0.16,0.088,0.086,0.094,0.089,0.084,0.087,0.088,0.097,0.094,0.09,0.088,0.087,0.089,0.089,0.089,0.089,0.09,0.089,0.087,0.089,0.093,0.089,0.09,0.092,0.09,0.087,0.088,0.09,0.09,0.09,0.088,0.09,0.101,0.091,0.09,0.089,0.088,0.09,0.089,0.088,0.089,0.088,0.084,0.083,0.087,0.086,0.091,0.097,0.085,0.09,0.086,0.088,0.087,0.088
,21:20:00,48,0.087,0.086,0.087,0.086,0.087,0.086,0.086,0.085,0.084,0.077,0.075,0.079,0.087,0.094,0.12,0.084,0.087,0.082,0.087,0.082,0.083,0.088,0.082,0.081,0.094,0.083,0.091,0.083,0.084,0.083,0.083,0.084,0.084,0.083,0.087,0.087,0.091,0.087,0.093,0.089,0.089,0.157,0.085,0.085,0.095,0.09,0.085,0.087,0.088,0.097,0.094,0.09,0.089,0.088,0.089,0.089,0.09,0.09,0.09,0.089,0.087,0.089,0.093,0.089,0.09,0.093,0.09,0.087,0.088,0.088,0.09,0.09,0.088,0.09,0.101,0.091,0.091,0.09,0.088,0.09,0.09,0.088,0.09,0.087,0.084,0.083,0.087,0.086,0.096,0.097,0.085,0.086,0.086,0.088,0.087,0.088
,21:25:00,48,0.087,0.087,0.087,0.086,0.087,0.086,0.086,0.084,0.084,0.077,0.075,0.079,0.087,0.101,0.121,0.084,0.087,0.083,0.086,0.082,0.083,0.089,0.082,0.08,0.094,0.084,0.103,0.083,0.084,0.083,0.084,0.084,0.085,0.083,0.087,0.087,0.091,0.088,0.092,0.088,0.088,0.155,0.086,0.085,0.094,0.089,0.083,0.087,0.088,0.097,0.094,0.09,0.089,0.088,0.09,0.09,0.09,0.089,0.09,0.09,0.087,0.089,0.094,0.089,0.09,0.093,0.09,0.087,0.088,0.089,0.09,0.09,0.088,0.09,0.102,0.091,0.092,0.09,0.089,0.09,0.091,0.088,0.09,0.088,0.084,0.083,0.088,0.086,0.095,0.097,0.085,0.089,0.086,0.088,0.087,0.087
,21:30:00,48,0.087,0.087,0.087,0.086,0.087,0.086,0.086,0.085,0.084,0.077,0.076,0.079,0.087,0.105,0.12,0.084,0.087,0.083,0.087,0.082,0.083,0.087,0.082,0.08,0.094,0.083,0.084,0.083,0.084,0.084,0.084,0.084,0.085,0.083,0.086,0.088,0.091,0.087,0.088,0.088,0.089,0.16,0.086,0.085,0.097,0.09,0.084,0.087,0.088,0.097,0.094,0.091,0.089,0.088,0.089,0.09,0.09,0.09,0.09,0.09,0.087,0.089,0.094,0.089,0.091,0.093,0.091,0.087,0.088,0.088,0.09,0.09,0.088,0.091,0.102,0.091,0.091,0.09,0.088,0.091,0.09,0.088,0.09,0.088,0.084,0.083,0.087,0.087,0.09,0.097,0.085,0.086,0.087,0.088,0.087,0.087
,21:35:00,48,0.087,0.087,0.087,0.087,0.087,0.086,0.086,0.085,0.084,0.077,0.077,0.079,0.087,0.093,0.12,0.084,0.087,0.082,0.087,0.082,0.083,0.089,0.082,0.079,0.094,0.083,0.101,0.083,0.084,0.083,0.084,0.084,0.085,0.083,0.087,0.087,0.091,0.086,0.088,0.093,0.088,0.149,0.086,0.085,0.097,0.09,0.085,0.088,0.088,0.097,0.094,0.09,0.089,0.088,0.089,0.09,0.089,0.09,0.09,0.089,0.087,0.089,0.094,0.089,0.09,0.093,0.091,0.087,0.088,0.088,0.09,0.09,0.088,0.09,0.102,0.091,0.091,0.09,0.088,0.09,0.089,0.088,0.09,0.087,0.084,0.083,0.087,0.086,0.095,0.097,0.085,0.086,0.086,0.088,0.087,0.086
,21:40:00,47.9,0.087,0.087,0.087,0.086,0.087,0.086,0.086,0.085,0.084,0.077,0.077,0.079,0.087,0.102,0.121,0.084,0.087,0.082,0.087,0.082,0.083,0.088,0.082,0.079,0.093,0.084,0.104,0.083,0.084,0.083,0.083,0.083,0.084,0.083,0.087,0.087,0.09,0.09,0.093,0.087,0.088,0.155,0.089,0.085,0.097,0.09,0.085,0.088,0.088,0.097,0.094,0.09,0.088,0.088,0.089,0.09,0.09,0.09,0.09,0.089,0.087,0.089,0.093,0.089,0.091,0.093,0.09,0.087,0.088,0.089,0.09,0.09,0.088,0.09,0.102,0.091,0.091,0.09,0.088,0.09,0.089,0.088,0.09,0.088,0.085,0.083,0.087,0.086,0.092,0.097,0.085,0.086,0.087,0.088,0.087,0.086
,21:45:00,47.9,0.087,0.087,0.087,0.088,0.087,0.086,0.086,0.084,0.084,0.077,0.077,0.079,0.087,0.087,0.122,0.084,0.087,0.082,0.087,0.083,0.083,0.088,0.082,0.078,0.094,0.084,0.101,0.083,0.084,0.083,0.084,0.084,0.086,0.083,0.087,0.087,0.091,0.086,0.09,0.093,0.089,0.164,0.085,0.085,0.098,0.089,0.086,0.088,0.088,0.097,0.094,0.09,0.089,0.088,0.089,0.09,0.089,0.089,0.09,0.09,0.087,0.089,0.094,0.09,0.091,0.093,0.091,0.087,0.089,0.088,0.09,0.09,0.088,0.09,0.101,0.091,0.091,0.089,0.088,0.09,0.091,0.088,0.09,0.088,0.085,0.082,0.089,0.086,0.091,0.098,0.085,0.087,0.087,0.089,0.086,0.086
,21:50:00,47.9,0.087,0.087,0.087,0.087,0.087,0.086,0.086,0.084,0.084,0.076,0.077,0.079,0.087,0.1,0.122,0.084,0.087,0.082,0.087,0.083,0.083,0.086,0.082,0.078,0.094,0.083,0.102,0.083,0.084,0.083,0.083,0.083,0.085,0.082,0.087,0.087,0.09,0.086,0.09,0.088,0.089,0.155,0.085,0.085,0.095,0.089,0.085,0.087,0.088,0.097,0.094,0.09,0.088,0.088,0.089,0.089,0.089,0.089,0.09,0.09,0.087,0.089,0.093,0.089,0.09,0.092,0.09,0.087,0.088,0.09,0.09,0.09,0.088,0.09,0.101,0.091,0.091,0.089,0.088,0.09,0.09,0.088,0.09,0.088,0.085,0.081,0.088,0.086,0.099,0.098,0.085,0.086,0.086,0.088,0.087,0.085
,21:55:00,48,0.087,0.087,0.087,0.088,0.087,0.086,0.086,0.085,0.084,0.076,0.078,0.079,0.087,0.088,0.122,0.086,0.087,0.082,0.087,0.082,0.083,0.086,0.082,0.077,0.094,0.083,0.099,0.083,0.084,0.084,0.084,0.084,0.086,0.083,0.087,0.087,0.091,0.086,0.092,0.088,0.088,0.166,0.086,0.085,0.098,0.09,0.086,0.088,0.088,0.097,0.094,0.09,0.089,0.088,0.089,0.09,0.09,0.09,0.09,0.09,0.087,0.089,0.094,0.089,0.091,0.093,0.09,0.087,0.088,0.089,0.09,0.09,0.088,0.09,0.101,0.092,0.09,0.09,0.088,0.091,0.092,0.088,0.09,0.088,0.085,0.081,0.087,0.087,0.098,0.098,0.085,0.086,0.087,0.089,0.087,0.084
,22:00:00,48,0.087,0.087,0.086,0.086,0.087,0.086,0.086,0.085,0.084,0.076,0.078,0.079,0.087,0.088,0.122,0.084,0.087,0.082,0.086,0.082,0.083,0.085,0.082,0.077,0.094,0.083,0.106,0.083,0.083,0.083,0.084,0.083,0.086,0.082,0.087,0.087,0.091,0.086,0.087,0.093,0.088,0.154,0.085,0.086,0.097,0.089,0.085,0.087,0.088,0.097,0.094,0.09,0.088,0.088,0.089,0.089,0.089,0.089,0.09,0.089,0.087,0.089,0.093,0.089,0.09,0.093,0.09,0.087,0.088,0.089,0.09,0.09,0.088,0.09,0.101,0.091,0.09,0.089,0.088,0.09,0.093,0.088,0.089,0.088,0.084,0.08,0.087,0.086,0.093,0.097,0.085,0.086,0.086,0.088,0.087,0.083
,,,,,,,,,,,,,,,,,,,,,,,,,,,,,,,,,,,,,,,,,,,,,,,,,,,,,,,,,,,,,,,,,,,,,,,,,,,,,,,,,,,,,,,,,,,,,,,,,,
Results,,,,,,,,,,,,,,,,,,,,,,,,,,,,,,,,,,,,,,,,,,,,,,,,,,,,,,,,,,,,,,,,,,,,,,,,,,,,,,,,,,,,,,,,,,,,,,,,,,
,,,,,,,,,,,,,,,,,,,,,,,,,,,,,,,,,,,,,,,,,,,,,,,,,,,,,,,,,,,,,,,,,,,,,,,,,,,,,,,,,,,,,,,,,,,,,,,,,,
,,1,2,3,4,5,6,7,8,9,10,11,12,,,,,,,,,,,,,,,,,,,,,,,,,,,,,,,,,,,,,,,,,,,,,,,,,,,,,,,,,,,,,,,,,,,,,,,,,,,,,,,,,,,,,
,A,-0.04,0.12,-0.54,0.16,0.06,0.06,-0.06,-0.06,-0.06,-0.14,-0.16,0.16,Max V [600],,,,,,,,,,,,,,,,,,,,,,,,,,,,,,,,,,,,,,,,,,,,,,,,,,,,,,,,,,,,,,,,,,,,,,,,,,,,,,,,,,,,
,,0.5,0.9,0.675,0.941,0.45,0.75,0.75,0.75,0.75,0.942,0.889,0.889,R-Squared [600],,,,,,,,,,,,,,,,,,,,,,,,,,,,,,,,,,,,,,,,,,,,,,,,,,,,,,,,,,,,,,,,,,,,,,,,,,,,,,,,,,,,
,,14:05:00,12:10:00,0:10:00,18:45:00,3:40:00,9:30:00,14:35:00,15:30:00,14:05:00,20:30:00,18:30:00,15:20:00,t at Max V [600],,,,,,,,,,,,,,,,,,,,,,,,,,,,,,,,,,,,,,,,,,,,,,,,,,,,,,,,,,,,,,,,,,,,,,,,,,,,,,,,,,,,
,,14:10:00,12:10:00,?????,18:43:45,3:56:40,9:40:00,14:28:20,15:06:40,13:41:40,19:42:51,17:48:45,16:37:30,Lagtime [600],,,,,,,,,,,,,,,,,,,,,,,,,,,,,,,,,,,,,,,,,,,,,,,,,,,,,,,,,,,,,,,,,,,,,,,,,,,,,,,,,,,,
,B,0.06,0.86,0.42,0.2,0.08,-0.14,-0.06,-0.06,0.08,-0.26,0.1,-0.1,Max V [600],,,,,,,,,,,,,,,,,,,,,,,,,,,,,,,,,,,,,,,,,,,,,,,,,,,,,,,,,,,,,,,,,,,,,,,,,,,,,,,,,,,,
,,0.75,0.808,0.735,0.5,0.8,0.721,0.75,0.75,0.8,0.983,0.781,0.893,R-Squared [600],,,,,,,,,,,,,,,,,,,,,,,,,,,,,,,,,,,,,,,,,,,,,,,,,,,,,,,,,,,,,,,,,,,,,,,,,,,,,,,,,,,,
,,14:50:00,20:10:00,1:45:00,18:55:00,3:40:00,4:00:00,15:10:00,20:05:00,3:40:00,1:50:00,16:35:00,21:15:00,t at Max V [600],,,,,,,,,,,,,,,,,,,,,,,,,,,,,,,,,,,,,,,,,,,,,,,,,,,,,,,,,,,,,,,,,,,,,,,,,,,,,,,,,,,,
,,15:00:00,20:08:36,1:35:29,19:00:00,3:27:30,3:58:34,15:20:00,19:58:20,3:52:30,1:56:09,16:49:00,20:17:00,Lagtime [600],,,,,,,,,,,,,,,,,,,,,,,,,,,,,,,,,,,,,,,,,,,,,,,,,,,,,,,,,,,,,,,,,,,,,,,,,,,,,,,,,,,,
,C,0.22,-0.16,1.28,-0.06,-0.06,-0.16,-0.08,0.3,-0.16,-0.06,-0.18,0.06,Max V [600],,,,,,,,,,,,,,,,,,,,,,,,,,,,,,,,,,,,,,,,,,,,,,,,,,,,,,,,,,,,,,,,,,,,,,,,,,,,,,,,,,,,
,,0.445,0.533,0.9,0.75,0.75,0.696,0.5,0.75,0.889,0.75,0.92,0.75,R-Squared [600],,,,,,,,,,,,,,,,,,,,,,,,,,,,,,,,,,,,,,,,,,,,,,,,,,,,,,,,,,,,,,,,,,,,,,,,,,,,,,,,,,,,
,,0:10:00,17:55:00,7:40:00,8:40:00,18:15:00,10:45:00,0:55:00,3:45:00,1:45:00,19:15:00,5:30:00,18:45:00,t at Max V [600],,,,,,,,,,,,,,,,,,,,,,,,,,,,,,,,,,,,,,,,,,,,,,,,,,,,,,,,,,,,,,,,,,,,,,,,,,,,,,,,,,,,
,,?????,17:55:00,7:33:17,8:30:00,18:08:20,10:47:30,0:47:30,3:41:40,1:36:15,18:51:40,5:34:27,19:11:40,Lagtime [600],,,,,,,,,,,,,,,,,,,,,,,,,,,,,,,,,,,,,,,,,,,,,,,,,,,,,,,,,,,,,,,,,,,,,,,,,,,,,,,,,,,,
,D,0.16,0.2,-0.38,0.32,0.12,0.68,0.24,0.1,0.56,0.32,0.22,0.08,Max V [600],,,,,,,,,,,,,,,,,,,,,,,,,,,,,,,,,,,,,,,,,,,,,,,,,,,,,,,,,,,,,,,,,,,,,,,,,,,,,,,,,,,,
,,0.889,0.781,0.771,0.877,0.75,0.581,0.857,0.481,0.827,0.889,0.864,0.8,R-Squared [600],,,,,,,,,,,,,,,,,,,,,,,,,,,,,,,,,,,,,,,,,,,,,,,,,,,,,,,,,,,,,,,,,,,,,,,,,,,,,,,,,,,,
,,0:45:00,20:15:00,20:15:00,20:20:00,0:35:00,21:45:00,17:35:00,14:20:00,0:20:00,2:40:00,14:30:00,8:10:00,t at Max V [600],,,,,,,,,,,,,,,,,,,,,,,,,,,,,,,,,,,,,,,,,,,,,,,,,,,,,,,,,,,,,,,,,,,,,,,,,,,,,,,,,,,,
,,0:41:15,20:09:00,20:28:41,20:06:15,0:20:00,19:56:28,17:25:50,14:24:00,0:20:21,2:50:00,14:25:27,8:22:30,Lagtime [600],,,,,,,,,,,,,,,,,,,,,,,,,,,,,,,,,,,,,,,,,,,,,,,,,,,,,,,,,,,,,,,,,,,,,,,,,,,,,,,,,,,,
,E,0.06,-0.12,-0.18,-0.14,0.06,0.04,0.1,0.06,0.1,0.06,-0.08,0.06,Max V [600],,,,,,,,,,,,,,,,,,,,,,,,,,,,,,,,,,,,,,,,,,,,,,,,,,,,,,,,,,,,,,,,,,,,,,,,,,,,,,,,,,,,
,,0.75,0.45,0.675,0.557,0.75,0.5,0.893,0.75,0.893,0.75,0.8,0.75,R-Squared [600],,,,,,,,,,,,,,,,,,,,,,,,,,,,,,,,,,,,,,,,,,,,,,,,,,,,,,,,,,,,,,,,,,,,,,,,,,,,,,,,,,,,
,,11:20:00,0:10:00,0:10:00,2:20:00,15:40:00,14:25:00,5:15:00,21:25:00,3:40:00,16:45:00,14:05:00,16:05:00,t at Max V [600],,,,,,,,,,,,,,,,,,,,,,,,,,,,,,,,,,,,,,,,,,,,,,,,,,,,,,,,,,,,,,,,,,,,,,,,,,,,,,,,,,,,
,,11:30:00,?????,?????,2:11:26,15:46:40,14:30:00,5:17:00,21:31:40,3:48:00,17:08:20,13:40:00,16:28:20,Lagtime [600],,,,,,,,,,,,,,,,,,,,,,,,,,,,,,,,,,,,,,,,,,,,,,,,,,,,,,,,,,,,,,,,,,,,,,,,,,,,,,,,,,,,
,F,-0.06,0.06,-0.1,-0.1,0.08,-0.08,0.08,-0.04,-0.1,-0.26,0.38,0.06,Max V [600],,,,,,,,,,,,,,,,,,,,,,,,,,,,,,,,,,,,,,,,,,,,,,,,,,,,,,,,,,,,,,,,,,,,,,,,,,,,,,,,,,,,
,,0.75,0.75,0.893,0.481,0.8,0.571,0.235,0.5,0.893,0.728,0.711,0.75,R-Squared [600],,,,,,,,,,,,,,,,,,,,,,,,,,,,,,,,,,,,,,,,,,,,,,,,,,,,,,,,,,,,,,,,,,,,,,,,,,,,,,,,,,,,
,,18:15:00,14:20:00,0:10:00,0:40:00,3:40:00,4:00:00,0:10:00,14:05:00,0:40:00,11:15:00,1:55:00,11:30:00,t at Max V [600],,,,,,,,,,,,,,,,,,,,,,,,,,,,,,,,,,,,,,,,,,,,,,,,,,,,,,,,,,,,,,,,,,,,,,,,,,,,,,,,,,,,
,,17:51:40,14:26:40,?????,0:46:00,4:05:00,3:57:30,?????,14:10:00,0:32:00,11:01:55,2:13:57,11:40:00,Lagtime [600],,,,,,,,,,,,,,,,,,,,,,,,,,,,,,,,,,,,,,,,,,,,,,,,,,,,,,,,,,,,,,,,,,,,,,,,,,,,,,,,,,,,
,G,0.18,0.06,-0.12,0.08,0.08,0.06,0.06,0.06,0.24,0.06,-0.08,0.08,Max V [600],,,,,,,,,,,,,,,,,,,,,,,,,,,,,,,,,,,,,,,,,,,,,,,,,,,,,,,,,,,,,,,,,,,,,,,,,,,,,,,,,,,,
,,0.88,0.75,0.9,0.8,0.571,0.75,0.75,0.75,0.857,0.75,0.8,0.5,R-Squared [600],,,,,,,,,,,,,,,,,,,,,,,,,,,,,,,,,,,,,,,,,,,,,,,,,,,,,,,,,,,,,,,,,,,,,,,,,,,,,,,,,,,,
,,14:20:00,5:50:00,3:55:00,3:40:00,21:20:00,15:45:00,17:10:00,14:55:00,4:30:00,6:50:00,0:20:00,1:25:00,t at Max V [600],,,,,,,,,,,,,,,,,,,,,,,,,,,,,,,,,,,,,,,,,,,,,,,,,,,,,,,,,,,,,,,,,,,,,,,,,,,,,,,,,,,,
,,14:17:47,6:16:40,4:11:40,3:40:00,21:35:00,16:25:00,17:16:40,15:18:20,4:26:40,6:56:40,0:20:00,1:32:30,Lagtime [600],,,,,,,,,,,,,,,,,,,,,,,,,,,,,,,,,,,,,,,,,,,,,,,,,,,,,,,,,,,,,,,,,,,,,,,,,,,,,,,,,,,,
,H,0.36,-0.14,-0.1,-0.06,0.32,0.12,-0.06,-0.42,-0.06,0.06,0.08,0.9,Max V [600],,,,,,,,,,,,,,,,,,,,,,,,,,,,,,,,,,,,,,,,,,,,,,,,,,,,,,,,,,,,,,,,,,,,,,,,,,,,,,,,,,,,
,,0.88,0.942,0.893,0.75,0.771,0.75,0.75,0.868,0.75,0.75,0.8,0.834,R-Squared [600],,,,,,,,,,,,,,,,,,,,,,,,,,,,,,,,,,,,,,,,,,,,,,,,,,,,,,,,,,,,,,,,,,,,,,,,,,,,,,,,,,,,
,,20:05:00,21:50:00,20:40:00,15:00:00,21:15:00,18:00:00,15:10:00,19:05:00,14:05:00,13:00:00,18:00:00,18:05:00,t at Max V [600],,,,,,,,,,,,,,,,,,,,,,,,,,,,,,,,,,,,,,,,,,,,,,,,,,,,,,,,,,,,,,,,,,,,,,,,,,,,,,,,,,,,
,,20:32:13,21:10:00,20:18:00,14:53:20,21:01:15,17:28:20,14:46:40,19:11:40,13:41:40,13:23:20,18:25:00,17:47:27,Lagtime [600],,,,,,,,,,,,,,,,,,,,,,,,,,,,,,,,,,,,,,,,,,,,,,,,,,,,,,,,,,,,,,,,,,,,,,,,,,,,,,,,,,,,
