Software Version,3.11.19,,,,,,,,,,,,,,,,,,,,,,,,,,,,,,,,,,,,,,,,,,,,,,,,,,,,,,,,,,,,,,,,,,,,,,,,,,,,,,,,,,,,,,,,,,,,,,,,,
,,,,,,,,,,,,,,,,,,,,,,,,,,,,,,,,,,,,,,,,,,,,,,,,,,,,,,,,,,,,,,,,,,,,,,,,,,,,,,,,,,,,,,,,,,,,,,,,,,
Experiment File Path:,C:\Users\jelab\Documents\Gen 5\Edward Liu\Experiment23.xpt,,,,,,,,,,,,,,,,,,,,,,,,,,,,,,,,,,,,,,,,,,,,,,,,,,,,,,,,,,,,,,,,,,,,,,,,,,,,,,,,,,,,,,,,,,,,,,,,,
Protocol File Path:,C:\Users\jelab\Documents\Gen 5\Edward Liu\synergy prot\synergyRIFRxT 32c.prt,,,,,,,,,,,,,,,,,,,,,,,,,,,,,,,,,,,,,,,,,,,,,,,,,,,,,,,,,,,,,,,,,,,,,,,,,,,,,,,,,,,,,,,,,,,,,,,,,
Plate Number,Plate 2,,,,,,,,,,,,,,,,,,,,,,,,,,,,,,,,,,,,,,,,,,,,,,,,,,,,,,,,,,,,,,,,,,,,,,,,,,,,,,,,,,,,,,,,,,,,,,,,,
Date,17/04/2026,,,,,,,,,,,,,,,,,,,,,,,,,,,,,,,,,,,,,,,,,,,,,,,,,,,,,,,,,,,,,,,,,,,,,,,,,,,,,,,,,,,,,,,,,,,,,,,,,
Time,12:30:08 PM,,,,,,,,,,,,,,,,,,,,,,,,,,,,,,,,,,,,,,,,,,,,,,,,,,,,,,,,,,,,,,,,,,,,,,,,,,,,,,,,,,,,,,,,,,,,,,,,,
Reader Type:,Synergy HT,,,,,,,,,,,,,,,,,,,,,,,,,,,,,,,,,,,,,,,,,,,,,,,,,,,,,,,,,,,,,,,,,,,,,,,,,,,,,,,,,,,,,,,,,,,,,,,,,
Reader Serial Number:,271552,,,,,,,,,,,,,,,,,,,,,,,,,,,,,,,,,,,,,,,,,,,,,,,,,,,,,,,,,,,,,,,,,,,,,,,,,,,,,,,,,,,,,,,,,,,,,,,,,
Reading Type,Reader,,,,,,,,,,,,,,,,,,,,,,,,,,,,,,,,,,,,,,,,,,,,,,,,,,,,,,,,,,,,,,,,,,,,,,,,,,,,,,,,,,,,,,,,,,,,,,,,,
,,,,,,,,,,,,,,,,,,,,,,,,,,,,,,,,,,,,,,,,,,,,,,,,,,,,,,,,,,,,,,,,,,,,,,,,,,,,,,,,,,,,,,,,,,,,,,,,,,
Procedure Details,,,,,,,,,,,,,,,,,,,,,,,,,,,,,,,,,,,,,,,,,,,,,,,,,,,,,,,,,,,,,,,,,,,,,,,,,,,,,,,,,,,,,,,,,,,,,,,,,,
Plate Type,96 WELL PLATE,,,,,,,,,,,,,,,,,,,,,,,,,,,,,,,,,,,,,,,,,,,,,,,,,,,,,,,,,,,,,,,,,,,,,,,,,,,,,,,,,,,,,,,,,,,,,,,,,
Set Temperature,Setpoint 32°C,,,,,,,,,,,,,,,,,,,,,,,,,,,,,,,,,,,,,,,,,,,,,,,,,,,,,,,,,,,,,,,,,,,,,,,,,,,,,,,,,,,,,,,,,,,,,,,,,
,Preheat before moving to next step,,,,,,,,,,,,,,,,,,,,,,,,,,,,,,,,,,,,,,,,,,,,,,,,,,,,,,,,,,,,,,,,,,,,,,,,,,,,,,,,,,,,,,,,,,,,,,,,,
Start Kinetic,"Runtime 22:00:00 (HH:MM:SS), Interval 0:05:00, 265 Reads",,,,,,,,,,,,,,,,,,,,,,,,,,,,,,,,,,,,,,,,,,,,,,,,,,,,,,,,,,,,,,,,,,,,,,,,,,,,,,,,,,,,,,,,,,,,,,,,,
    Shake,"Medium, Continuous",,,,,,,,,,,,,,,,,,,,,,,,,,,,,,,,,,,,,,,,,,,,,,,,,,,,,,,,,,,,,,,,,,,,,,,,,,,,,,,,,,,,,,,,,,,,,,,,,
    Read,Absorbance Endpoint,,,,,,,,,,,,,,,,,,,,,,,,,,,,,,,,,,,,,,,,,,,,,,,,,,,,,,,,,,,,,,,,,,,,,,,,,,,,,,,,,,,,,,,,,,,,,,,,,
,Full Plate,,,,,,,,,,,,,,,,,,,,,,,,,,,,,,,,,,,,,,,,,,,,,,,,,,,,,,,,,,,,,,,,,,,,,,,,,,,,,,,,,,,,,,,,,,,,,,,,,
,Wavelengths:  600,,,,,,,,,,,,,,,,,,,,,,,,,,,,,,,,,,,,,,,,,,,,,,,,,,,,,,,,,,,,,,,,,,,,,,,,,,,,,,,,,,,,,,,,,,,,,,,,,
,Read Speed: Normal,,,,,,,,,,,,,,,,,,,,,,,,,,,,,,,,,,,,,,,,,,,,,,,,,,,,,,,,,,,,,,,,,,,,,,,,,,,,,,,,,,,,,,,,,,,,,,,,,
End Kinetic,,,,,,,,,,,,,,,,,,,,,,,,,,,,,,,,,,,,,,,,,,,,,,,,,,,,,,,,,,,,,,,,,,,,,,,,,,,,,,,,,,,,,,,,,,,,,,,,,,
,,,,,,,,,,,,,,,,,,,,,,,,,,,,,,,,,,,,,,,,,,,,,,,,,,,,,,,,,,,,,,,,,,,,,,,,,,,,,,,,,,,,,,,,,,,,,,,,,,
600,,,,,,,,,,,,,,,,,,,,,,,,,,,,,,,,,,,,,,,,,,,,,,,,,,,,,,,,,,,,,,,,,,,,,,,,,,,,,,,,,,,,,,,,,,,,,,,,,,
,,,,,,,,,,,,,,,,,,,,,,,,,,,,,,,,,,,,,,,,,,,,,,,,,,,,,,,,,,,,,,,,,,,,,,,,,,,,,,,,,,,,,,,,,,,,,,,,,,
,Time,T° 600,A1,A2,A3,A4,A5,A6,A7,A8,A9,A10,A11,A12,B1,B2,B3,B4,B5,B6,B7,B8,B9,B10,B11,B12,C1,C2,C3,C4,C5,C6,C7,C8,C9,C10,C11,C12,D1,D2,D3,D4,D5,D6,D7,D8,D9,D10,D11,D12,E1,E2,E3,E4,E5,E6,E7,E8,E9,E10,E11,E12,F1,F2,F3,F4,F5,F6,F7,F8,F9,F10,F11,F12,G1,G2,G3,G4,G5,G6,G7,G8,G9,G10,G11,G12,H1,H2,H3,H4,H5,H6,H7,H8,H9,H10,H11,H12
,0:00:00,32,0.091,0.091,0.091,0.092,0.092,0.092,0.097,0.091,0.092,0.093,0.094,0.097,0.097,0.107,0.094,0.097,0.095,0.103,0.091,0.094,0.094,0.093,0.093,0.091,0.093,0.094,0.128,0.092,0.097,0.097,0.096,0.094,0.089,0.091,0.098,0.093,0.094,0.095,0.102,0.096,0.096,0.102,0.086,0.091,0.092,0.093,0.094,0.093,0.093,0.111,0.107,0.148,0.153,0.127,0.141,0.149,0.161,0.147,0.163,0.096,0.094,0.117,0.098,0.115,0.118,0.107,0.119,0.115,0.115,0.121,0.121,0.094,0.092,0.119,0.117,0.114,0.122,0.124,0.094,0.118,0.126,0.125,0.128,0.101,0.094,0.092,0.092,0.092,0.092,0.092,0.091,0.091,0.092,0.093,0.092,0.093
,0:05:00,32,0.091,0.09,0.091,0.092,0.092,0.092,0.097,0.091,0.092,0.093,0.094,0.097,0.097,0.098,0.09,0.097,0.098,0.103,0.091,0.095,0.093,0.089,0.092,0.091,0.092,0.1,0.097,0.098,0.099,0.098,0.099,0.095,0.09,0.093,0.096,0.093,0.094,0.102,0.114,0.1,0.102,0.127,0.085,0.094,0.09,0.091,0.093,0.093,0.093,0.116,0.124,0.148,0.155,0.132,0.14,0.149,0.164,0.15,0.172,0.096,0.094,0.117,0.099,0.115,0.117,0.108,0.127,0.114,0.118,0.134,0.126,0.094,0.092,0.119,0.118,0.114,0.121,0.126,0.094,0.12,0.126,0.136,0.133,0.1,0.094,0.092,0.092,0.092,0.092,0.092,0.092,0.091,0.093,0.093,0.092,0.093
,0:10:00,32,0.091,0.091,0.091,0.092,0.092,0.092,0.097,0.091,0.093,0.093,0.094,0.097,0.097,0.096,0.09,0.098,0.098,0.102,0.09,0.095,0.094,0.089,0.092,0.092,0.093,0.101,0.094,0.096,0.1,0.099,0.1,0.096,0.089,0.093,0.096,0.093,0.094,0.108,0.118,0.102,0.105,0.132,0.085,0.094,0.09,0.092,0.094,0.093,0.094,0.188,0.134,0.168,0.164,0.135,0.138,0.168,0.165,0.15,0.172,0.096,0.094,0.121,0.116,0.116,0.123,0.115,0.128,0.114,0.118,0.134,0.126,0.094,0.092,0.128,0.12,0.121,0.129,0.128,0.094,0.124,0.125,0.135,0.133,0.1,0.094,0.092,0.092,0.092,0.092,0.092,0.092,0.091,0.093,0.093,0.093,0.093
,0:15:00,32,0.092,0.091,0.091,0.092,0.092,0.092,0.096,0.091,0.093,0.093,0.094,0.097,0.097,0.095,0.09,0.099,0.099,0.102,0.091,0.095,0.092,0.089,0.093,0.091,0.093,0.1,0.094,0.095,0.101,0.098,0.099,0.096,0.089,0.093,0.097,0.093,0.094,0.107,0.118,0.103,0.104,0.135,0.086,0.095,0.09,0.094,0.094,0.093,0.094,0.214,0.133,0.175,0.165,0.136,0.137,0.176,0.165,0.15,0.173,0.096,0.095,0.122,0.135,0.117,0.125,0.116,0.128,0.114,0.118,0.135,0.126,0.094,0.093,0.129,0.129,0.121,0.131,0.128,0.094,0.125,0.124,0.135,0.133,0.1,0.094,0.092,0.092,0.092,0.093,0.092,0.092,0.091,0.092,0.093,0.092,0.093
,0:20:00,32,0.097,0.091,0.092,0.093,0.092,0.092,0.097,0.091,0.093,0.093,0.094,0.097,0.097,0.099,0.092,0.099,0.099,0.103,0.091,0.095,0.094,0.093,0.092,0.092,0.093,0.105,0.096,0.097,0.103,0.1,0.101,0.098,0.09,0.094,0.097,0.093,0.094,0.114,0.103,0.103,0.106,0.148,0.086,0.095,0.089,0.093,0.094,0.093,0.094,0.23,0.136,0.18,0.167,0.137,0.138,0.179,0.166,0.151,0.174,0.096,0.095,0.123,0.145,0.122,0.125,0.117,0.13,0.114,0.118,0.136,0.128,0.094,0.093,0.132,0.131,0.122,0.132,0.128,0.094,0.125,0.124,0.136,0.134,0.1,0.094,0.093,0.092,0.092,0.093,0.092,0.092,0.092,0.092,0.093,0.092,0.093
,0:25:00,32,0.096,0.091,0.092,0.093,0.092,0.092,0.096,0.091,0.092,0.093,0.094,0.097,0.097,0.098,0.092,0.099,0.099,0.103,0.09,0.094,0.093,0.088,0.092,0.091,0.092,0.103,0.095,0.095,0.103,0.1,0.098,0.095,0.089,0.095,0.097,0.093,0.093,0.117,0.113,0.101,0.106,0.142,0.085,0.095,0.096,0.09,0.094,0.093,0.094,0.244,0.137,0.185,0.17,0.138,0.138,0.183,0.168,0.152,0.177,0.096,0.094,0.124,0.149,0.122,0.126,0.118,0.132,0.114,0.119,0.137,0.129,0.094,0.092,0.133,0.132,0.123,0.134,0.128,0.094,0.126,0.124,0.138,0.136,0.099,0.094,0.092,0.092,0.092,0.093,0.092,0.092,0.091,0.092,0.093,0.092,0.092
,0:30:00,32,0.097,0.091,0.092,0.093,0.092,0.093,0.097,0.091,0.093,0.093,0.094,0.097,0.097,0.102,0.095,0.1,0.099,0.109,0.091,0.095,0.093,0.089,0.092,0.092,0.093,0.1,0.096,0.096,0.104,0.1,0.098,0.096,0.09,0.091,0.098,0.093,0.093,0.118,0.115,0.105,0.106,0.139,0.085,0.096,0.09,0.091,0.092,0.093,0.094,0.26,0.14,0.19,0.175,0.141,0.139,0.189,0.172,0.154,0.182,0.097,0.095,0.126,0.153,0.124,0.127,0.121,0.135,0.115,0.12,0.139,0.132,0.094,0.093,0.136,0.134,0.125,0.136,0.13,0.094,0.128,0.125,0.14,0.137,0.099,0.094,0.093,0.093,0.092,0.093,0.092,0.092,0.091,0.092,0.093,0.093,0.093
,0:35:00,32,0.096,0.091,0.092,0.093,0.093,0.093,0.096,0.091,0.093,0.093,0.094,0.097,0.097,0.104,0.095,0.1,0.099,0.103,0.09,0.095,0.093,0.088,0.092,0.091,0.093,0.098,0.097,0.096,0.104,0.1,0.098,0.096,0.089,0.093,0.097,0.093,0.094,0.108,0.106,0.106,0.112,0.133,0.085,0.095,0.09,0.091,0.098,0.093,0.094,0.279,0.143,0.197,0.181,0.144,0.14,0.195,0.177,0.156,0.188,0.096,0.095,0.127,0.158,0.125,0.129,0.122,0.138,0.116,0.121,0.141,0.134,0.094,0.092,0.137,0.136,0.126,0.139,0.132,0.094,0.129,0.126,0.142,0.14,0.099,0.094,0.092,0.092,0.092,0.093,0.092,0.092,0.091,0.092,0.093,0.092,0.093
,0:40:00,32,0.095,0.091,0.092,0.093,0.092,0.093,0.096,0.091,0.093,0.093,0.094,0.097,0.097,0.106,0.096,0.1,0.099,0.103,0.091,0.097,0.093,0.089,0.092,0.091,0.093,0.099,0.099,0.095,0.105,0.101,0.098,0.096,0.089,0.092,0.099,0.093,0.094,0.108,0.105,0.107,0.112,0.143,0.085,0.095,0.091,0.093,0.096,0.093,0.094,0.299,0.148,0.205,0.191,0.148,0.143,0.202,0.182,0.16,0.195,0.096,0.095,0.129,0.164,0.127,0.131,0.125,0.142,0.117,0.123,0.144,0.138,0.094,0.092,0.141,0.139,0.129,0.143,0.134,0.094,0.131,0.127,0.146,0.142,0.099,0.094,0.092,0.092,0.092,0.093,0.092,0.092,0.092,0.092,0.093,0.092,0.092
,0:45:00,32,0.097,0.091,0.092,0.093,0.092,0.093,0.096,0.091,0.092,0.093,0.094,0.097,0.096,0.108,0.099,0.1,0.1,0.105,0.091,0.097,0.093,0.089,0.092,0.091,0.093,0.099,0.101,0.095,0.105,0.107,0.098,0.098,0.09,0.09,0.099,0.092,0.093,0.111,0.118,0.104,0.114,0.151,0.085,0.095,0.096,0.092,0.097,0.093,0.094,0.319,0.152,0.214,0.197,0.158,0.144,0.212,0.188,0.163,0.204,0.096,0.094,0.132,0.17,0.129,0.134,0.127,0.147,0.117,0.125,0.148,0.141,0.094,0.093,0.145,0.142,0.131,0.147,0.136,0.094,0.133,0.128,0.151,0.146,0.099,0.094,0.092,0.092,0.092,0.093,0.092,0.092,0.091,0.092,0.093,0.092,0.092
,0:50:00,32,0.096,0.091,0.092,0.093,0.092,0.093,0.096,0.091,0.092,0.093,0.094,0.097,0.096,0.115,0.098,0.1,0.1,0.104,0.091,0.096,0.093,0.089,0.092,0.091,0.093,0.099,0.162,0.096,0.107,0.101,0.099,0.097,0.089,0.091,0.099,0.092,0.094,0.108,0.114,0.103,0.116,0.151,0.085,0.096,0.096,0.093,0.097,0.093,0.094,0.342,0.155,0.226,0.206,0.157,0.147,0.222,0.196,0.168,0.213,0.096,0.094,0.135,0.177,0.131,0.137,0.13,0.151,0.118,0.127,0.152,0.146,0.094,0.093,0.149,0.145,0.134,0.151,0.139,0.093,0.135,0.13,0.155,0.15,0.099,0.094,0.092,0.092,0.092,0.093,0.092,0.091,0.091,0.092,0.093,0.092,0.092
,0:55:00,32,0.102,0.091,0.092,0.093,0.092,0.093,0.097,0.091,0.093,0.093,0.094,0.097,0.096,0.122,0.099,0.1,0.1,0.105,0.091,0.096,0.094,0.089,0.092,0.091,0.093,0.099,0.173,0.096,0.105,0.101,0.098,0.096,0.09,0.095,0.097,0.093,0.093,0.107,0.112,0.105,0.117,0.151,0.085,0.096,0.092,0.089,0.095,0.093,0.094,0.364,0.16,0.238,0.217,0.162,0.15,0.235,0.206,0.174,0.224,0.096,0.095,0.138,0.186,0.134,0.141,0.133,0.157,0.12,0.13,0.156,0.152,0.094,0.093,0.154,0.15,0.136,0.157,0.142,0.094,0.137,0.131,0.161,0.155,0.099,0.094,0.092,0.092,0.092,0.093,0.092,0.092,0.091,0.092,0.093,0.092,0.093
,1:00:00,32,0.095,0.091,0.092,0.093,0.092,0.093,0.097,0.091,0.092,0.093,0.094,0.097,0.097,0.117,0.099,0.1,0.1,0.105,0.09,0.096,0.093,0.089,0.093,0.091,0.093,0.099,0.138,0.096,0.106,0.102,0.099,0.096,0.09,0.092,0.097,0.093,0.093,0.106,0.118,0.107,0.117,0.137,0.085,0.096,0.091,0.088,0.096,0.093,0.094,0.391,0.165,0.253,0.228,0.168,0.155,0.248,0.217,0.18,0.236,0.096,0.095,0.143,0.195,0.137,0.145,0.136,0.164,0.121,0.133,0.161,0.158,0.094,0.092,0.16,0.155,0.14,0.163,0.146,0.094,0.141,0.133,0.167,0.161,0.099,0.094,0.092,0.092,0.092,0.093,0.092,0.092,0.091,0.092,0.093,0.092,0.092
,1:05:00,32,0.095,0.091,0.092,0.093,0.092,0.093,0.096,0.091,0.093,0.093,0.094,0.097,0.096,0.118,0.1,0.101,0.101,0.106,0.092,0.096,0.093,0.089,0.092,0.092,0.092,0.1,0.135,0.096,0.107,0.102,0.099,0.097,0.09,0.09,0.097,0.093,0.094,0.106,0.108,0.108,0.117,0.142,0.085,0.096,0.096,0.093,0.097,0.093,0.094,0.419,0.17,0.269,0.241,0.173,0.158,0.263,0.229,0.188,0.249,0.096,0.095,0.148,0.205,0.141,0.151,0.14,0.171,0.122,0.136,0.167,0.164,0.094,0.092,0.166,0.161,0.144,0.169,0.15,0.094,0.143,0.136,0.174,0.167,0.099,0.094,0.092,0.092,0.092,0.093,0.092,0.092,0.091,0.092,0.093,0.092,0.092
,1:10:00,32,0.094,0.091,0.092,0.093,0.092,0.093,0.096,0.091,0.093,0.093,0.094,0.097,0.097,0.118,0.1,0.101,0.102,0.105,0.091,0.096,0.094,0.089,0.093,0.092,0.093,0.112,0.142,0.096,0.107,0.104,0.099,0.098,0.09,0.09,0.097,0.093,0.093,0.108,0.1,0.106,0.119,0.139,0.085,0.096,0.098,0.088,0.098,0.093,0.094,0.44,0.177,0.285,0.255,0.18,0.163,0.28,0.242,0.196,0.264,0.096,0.094,0.152,0.216,0.145,0.156,0.143,0.18,0.123,0.14,0.173,0.172,0.094,0.093,0.172,0.168,0.148,0.177,0.156,0.093,0.146,0.138,0.182,0.173,0.1,0.094,0.093,0.092,0.092,0.093,0.092,0.092,0.091,0.093,0.093,0.092,0.093
,1:15:00,32,0.093,0.091,0.092,0.093,0.092,0.092,0.096,0.091,0.092,0.093,0.094,0.097,0.096,0.116,0.099,0.101,0.102,0.105,0.091,0.096,0.094,0.089,0.092,0.091,0.092,0.101,0.143,0.097,0.107,0.109,0.1,0.098,0.09,0.092,0.097,0.093,0.093,0.114,0.122,0.106,0.121,0.145,0.085,0.098,0.093,0.089,0.096,0.093,0.094,0.461,0.184,0.303,0.27,0.187,0.168,0.298,0.257,0.205,0.28,0.102,0.094,0.158,0.229,0.149,0.162,0.147,0.19,0.125,0.145,0.18,0.18,0.094,0.092,0.18,0.175,0.152,0.185,0.161,0.093,0.149,0.141,0.191,0.181,0.099,0.094,0.092,0.092,0.092,0.093,0.092,0.092,0.091,0.092,0.093,0.092,0.092
,1:20:00,32,0.092,0.092,0.092,0.093,0.092,0.093,0.096,0.091,0.093,0.093,0.094,0.097,0.097,0.116,0.1,0.101,0.104,0.106,0.092,0.096,0.094,0.089,0.093,0.091,0.093,0.101,0.136,0.096,0.108,0.108,0.1,0.097,0.09,0.095,0.098,0.093,0.094,0.112,0.117,0.105,0.121,0.128,0.085,0.098,0.096,0.09,0.097,0.093,0.094,0.498,0.193,0.325,0.286,0.195,0.174,0.317,0.273,0.215,0.297,0.101,0.095,0.165,0.243,0.155,0.169,0.152,0.201,0.127,0.149,0.188,0.189,0.094,0.093,0.191,0.184,0.158,0.196,0.167,0.094,0.153,0.144,0.202,0.19,0.099,0.094,0.092,0.092,0.092,0.093,0.092,0.092,0.092,0.093,0.093,0.092,0.092
,1:25:00,32,0.095,0.091,0.092,0.093,0.092,0.093,0.096,0.091,0.093,0.093,0.094,0.097,0.096,0.115,0.1,0.101,0.104,0.106,0.092,0.096,0.094,0.089,0.092,0.091,0.093,0.122,0.164,0.096,0.106,0.102,0.1,0.099,0.09,0.095,0.098,0.093,0.093,0.109,0.121,0.107,0.122,0.145,0.085,0.097,0.094,0.09,0.096,0.093,0.093,0.52,0.202,0.34,0.303,0.204,0.18,0.341,0.292,0.227,0.317,0.096,0.095,0.172,0.259,0.16,0.177,0.158,0.214,0.129,0.154,0.197,0.201,0.094,0.092,0.2,0.193,0.164,0.207,0.175,0.094,0.157,0.147,0.213,0.2,0.099,0.094,0.092,0.092,0.092,0.093,0.091,0.092,0.091,0.092,0.093,0.092,0.092
,1:30:00,32,0.095,0.091,0.092,0.093,0.092,0.093,0.096,0.091,0.093,0.093,0.094,0.097,0.097,0.121,0.1,0.102,0.104,0.109,0.092,0.097,0.094,0.09,0.093,0.091,0.093,0.12,0.146,0.097,0.107,0.104,0.103,0.097,0.09,0.091,0.098,0.093,0.094,0.115,0.117,0.109,0.125,0.14,0.086,0.097,0.093,0.093,0.098,0.093,0.094,0.532,0.214,0.354,0.325,0.214,0.187,0.355,0.313,0.241,0.332,0.096,0.095,0.181,0.275,0.167,0.187,0.165,0.228,0.131,0.161,0.207,0.213,0.094,0.093,0.214,0.204,0.173,0.221,0.184,0.094,0.161,0.15,0.228,0.212,0.099,0.094,0.092,0.093,0.092,0.093,0.092,0.092,0.091,0.092,0.093,0.092,0.093
,1:35:00,32,0.095,0.091,0.092,0.093,0.092,0.092,0.096,0.091,0.092,0.092,0.094,0.096,0.096,0.116,0.1,0.101,0.105,0.106,0.092,0.097,0.094,0.089,0.092,0.091,0.093,0.124,0.16,0.096,0.108,0.106,0.102,0.097,0.09,0.094,0.098,0.092,0.093,0.115,0.121,0.108,0.124,0.157,0.085,0.097,0.091,0.091,0.096,0.093,0.094,0.547,0.222,0.373,0.337,0.225,0.195,0.37,0.324,0.255,0.342,0.096,0.094,0.191,0.292,0.174,0.196,0.171,0.242,0.133,0.168,0.218,0.226,0.094,0.092,0.226,0.216,0.179,0.234,0.192,0.094,0.165,0.154,0.242,0.225,0.099,0.094,0.092,0.092,0.092,0.092,0.092,0.091,0.091,0.092,0.093,0.092,0.092
,1:40:00,32,0.101,0.091,0.092,0.093,0.092,0.092,0.096,0.091,0.092,0.093,0.094,0.097,0.096,0.125,0.1,0.102,0.11,0.109,0.092,0.097,0.095,0.089,0.093,0.091,0.093,0.106,0.189,0.098,0.107,0.111,0.104,0.098,0.093,0.096,0.098,0.092,0.093,0.113,0.124,0.108,0.126,0.15,0.085,0.099,0.093,0.089,0.097,0.093,0.094,0.568,0.234,0.403,0.354,0.246,0.205,0.393,0.34,0.271,0.359,0.096,0.094,0.202,0.306,0.183,0.208,0.18,0.26,0.135,0.176,0.23,0.24,0.094,0.092,0.239,0.228,0.187,0.248,0.203,0.093,0.171,0.158,0.257,0.239,0.099,0.094,0.092,0.092,0.092,0.093,0.092,0.092,0.091,0.092,0.093,0.092,0.092
,1:45:00,32,0.101,0.091,0.093,0.093,0.092,0.093,0.096,0.091,0.093,0.093,0.094,0.097,0.097,0.122,0.101,0.102,0.106,0.107,0.092,0.098,0.096,0.09,0.093,0.092,0.093,0.114,0.152,0.099,0.109,0.103,0.107,0.099,0.09,0.09,0.099,0.093,0.094,0.119,0.122,0.111,0.126,0.145,0.086,0.099,0.093,0.094,0.098,0.093,0.094,0.59,0.248,0.421,0.372,0.253,0.215,0.422,0.367,0.288,0.384,0.096,0.095,0.214,0.323,0.193,0.221,0.19,0.273,0.138,0.185,0.245,0.257,0.094,0.093,0.256,0.243,0.197,0.266,0.215,0.094,0.176,0.163,0.275,0.254,0.099,0.094,0.093,0.093,0.092,0.093,0.092,0.092,0.091,0.093,0.093,0.092,0.093
,1:50:00,32,0.095,0.091,0.092,0.093,0.092,0.093,0.096,0.091,0.092,0.093,0.094,0.097,0.096,0.118,0.101,0.102,0.105,0.107,0.092,0.098,0.096,0.089,0.093,0.091,0.093,0.116,0.193,0.098,0.108,0.104,0.105,0.099,0.09,0.093,0.099,0.093,0.093,0.112,0.114,0.11,0.126,0.121,0.085,0.099,0.091,0.095,0.098,0.093,0.094,0.612,0.26,0.437,0.405,0.268,0.226,0.437,0.388,0.308,0.408,0.096,0.095,0.226,0.342,0.204,0.234,0.201,0.285,0.141,0.195,0.26,0.265,0.094,0.092,0.271,0.26,0.208,0.278,0.227,0.094,0.181,0.169,0.288,0.272,0.099,0.094,0.093,0.092,0.092,0.093,0.092,0.092,0.091,0.092,0.093,0.092,0.092
,1:55:00,32,0.096,0.091,0.092,0.093,0.092,0.092,0.096,0.091,0.092,0.093,0.094,0.097,0.096,0.119,0.101,0.102,0.109,0.107,0.092,0.098,0.095,0.089,0.093,0.091,0.093,0.107,0.167,0.098,0.109,0.104,0.104,0.099,0.091,0.096,0.099,0.093,0.093,0.112,0.123,0.111,0.126,0.147,0.085,0.098,0.092,0.094,0.098,0.093,0.094,0.637,0.272,0.451,0.426,0.285,0.237,0.455,0.401,0.321,0.425,0.096,0.095,0.24,0.372,0.216,0.249,0.212,0.301,0.144,0.205,0.276,0.276,0.094,0.093,0.283,0.276,0.221,0.29,0.241,0.094,0.187,0.175,0.302,0.282,0.099,0.094,0.092,0.092,0.092,0.093,0.092,0.092,0.091,0.092,0.093,0.092,0.092
,2:00:00,32,0.103,0.091,0.092,0.093,0.092,0.092,0.096,0.091,0.092,0.093,0.094,0.097,0.096,0.12,0.102,0.102,0.109,0.108,0.092,0.098,0.095,0.09,0.093,0.091,0.092,0.118,0.161,0.099,0.108,0.105,0.105,0.098,0.091,0.095,0.1,0.092,0.093,0.121,0.12,0.11,0.127,0.149,0.085,0.097,0.091,0.091,0.098,0.093,0.094,0.662,0.286,0.468,0.444,0.299,0.251,0.472,0.417,0.334,0.439,0.096,0.094,0.254,0.392,0.228,0.265,0.224,0.324,0.147,0.217,0.293,0.291,0.094,0.092,0.298,0.289,0.231,0.306,0.256,0.094,0.194,0.181,0.321,0.295,0.099,0.094,0.092,0.092,0.092,0.093,0.092,0.092,0.091,0.092,0.093,0.092,0.092
,2:05:00,32,0.1,0.091,0.092,0.093,0.092,0.093,0.096,0.091,0.092,0.093,0.094,0.097,0.096,0.128,0.102,0.103,0.109,0.108,0.093,0.099,0.095,0.089,0.093,0.091,0.093,0.121,0.136,0.098,0.11,0.106,0.105,0.099,0.091,0.094,0.1,0.093,0.093,0.114,0.121,0.111,0.124,0.126,0.085,0.098,0.097,0.093,0.097,0.093,0.094,0.695,0.294,0.488,0.461,0.315,0.265,0.493,0.433,0.345,0.454,0.1,0.095,0.265,0.403,0.242,0.276,0.238,0.355,0.15,0.229,0.304,0.309,0.094,0.092,0.319,0.305,0.244,0.327,0.273,0.094,0.2,0.188,0.344,0.314,0.099,0.094,0.092,0.092,0.092,0.093,0.091,0.092,0.091,0.092,0.093,0.092,0.092
,2:10:00,32,0.093,0.092,0.092,0.093,0.092,0.093,0.096,0.091,0.092,0.093,0.094,0.097,0.097,0.129,0.102,0.103,0.11,0.109,0.093,0.099,0.095,0.09,0.094,0.091,0.093,0.12,0.138,0.098,0.109,0.108,0.106,0.099,0.091,0.095,0.1,0.093,0.093,0.121,0.123,0.112,0.125,0.128,0.086,0.099,0.095,0.094,0.098,0.093,0.094,0.73,0.312,0.513,0.485,0.333,0.281,0.52,0.455,0.356,0.475,0.096,0.095,0.28,0.417,0.258,0.291,0.252,0.377,0.154,0.244,0.319,0.337,0.094,0.092,0.345,0.321,0.259,0.359,0.287,0.094,0.208,0.196,0.376,0.337,0.099,0.094,0.092,0.093,0.092,0.093,0.092,0.092,0.092,0.092,0.093,0.092,0.093
,2:15:00,32,0.094,0.092,0.092,0.093,0.092,0.093,0.097,0.091,0.093,0.093,0.094,0.097,0.097,0.124,0.102,0.103,0.109,0.109,0.093,0.1,0.096,0.09,0.094,0.091,0.093,0.123,0.185,0.1,0.111,0.112,0.109,0.101,0.091,0.092,0.101,0.093,0.094,0.121,0.123,0.114,0.129,0.131,0.086,0.099,0.094,0.091,0.098,0.093,0.094,0.755,0.325,0.535,0.509,0.352,0.295,0.543,0.477,0.378,0.499,0.096,0.095,0.296,0.435,0.273,0.309,0.266,0.39,0.158,0.256,0.344,0.359,0.094,0.093,0.377,0.347,0.272,0.38,0.304,0.094,0.217,0.204,0.395,0.369,0.099,0.094,0.092,0.092,0.092,0.093,0.092,0.092,0.091,0.092,0.093,0.092,0.092
,2:20:00,32,0.091,0.091,0.092,0.093,0.092,0.093,0.096,0.091,0.092,0.093,0.094,0.097,0.096,0.121,0.102,0.103,0.11,0.109,0.093,0.1,0.096,0.09,0.094,0.091,0.092,0.123,0.161,0.1,0.11,0.106,0.107,0.1,0.091,0.092,0.101,0.092,0.093,0.116,0.124,0.111,0.127,0.13,0.085,0.098,0.096,0.089,0.098,0.093,0.094,0.773,0.347,0.559,0.535,0.373,0.31,0.572,0.498,0.401,0.524,0.106,0.094,0.315,0.456,0.287,0.33,0.278,0.406,0.162,0.267,0.361,0.374,0.094,0.092,0.393,0.365,0.288,0.393,0.32,0.093,0.225,0.213,0.409,0.392,0.099,0.094,0.092,0.092,0.092,0.093,0.091,0.092,0.091,0.092,0.093,0.092,0.092
,2:25:00,32,0.097,0.091,0.092,0.093,0.092,0.093,0.097,0.091,0.092,0.093,0.094,0.097,0.097,0.123,0.103,0.103,0.11,0.11,0.093,0.101,0.097,0.09,0.094,0.091,0.092,0.122,0.206,0.102,0.112,0.114,0.107,0.1,0.091,0.094,0.102,0.093,0.093,0.112,0.122,0.114,0.129,0.129,0.085,0.098,0.094,0.094,0.099,0.093,0.094,0.792,0.368,0.59,0.577,0.397,0.333,0.607,0.524,0.417,0.556,0.097,0.094,0.342,0.481,0.303,0.353,0.298,0.423,0.166,0.282,0.371,0.392,0.094,0.093,0.407,0.38,0.307,0.407,0.346,0.093,0.235,0.222,0.425,0.407,0.099,0.094,0.092,0.092,0.092,0.093,0.092,0.092,0.091,0.092,0.093,0.092,0.092
,2:30:00,32,0.092,0.091,0.092,0.093,0.092,0.093,0.096,0.091,0.092,0.093,0.094,0.097,0.096,0.125,0.103,0.104,0.11,0.11,0.093,0.101,0.098,0.09,0.094,0.091,0.093,0.123,0.198,0.1,0.112,0.11,0.108,0.103,0.1,0.093,0.102,0.093,0.093,0.122,0.12,0.114,0.128,0.134,0.085,0.099,0.094,0.095,0.099,0.093,0.094,0.811,0.378,0.624,0.613,0.435,0.35,0.631,0.56,0.432,0.59,0.096,0.095,0.356,0.505,0.324,0.364,0.321,0.446,0.172,0.299,0.382,0.409,0.094,0.093,0.422,0.397,0.325,0.424,0.364,0.094,0.245,0.232,0.445,0.422,0.099,0.094,0.092,0.092,0.092,0.093,0.092,0.092,0.091,0.092,0.093,0.092,0.092
,2:35:00,32,0.092,0.091,0.092,0.093,0.092,0.093,0.096,0.091,0.093,0.093,0.094,0.097,0.096,0.124,0.103,0.105,0.111,0.111,0.093,0.102,0.098,0.09,0.095,0.091,0.093,0.123,0.178,0.102,0.112,0.115,0.112,0.101,0.092,0.096,0.103,0.093,0.093,0.122,0.126,0.115,0.13,0.143,0.086,0.099,0.095,0.092,0.099,0.093,0.094,0.828,0.391,0.651,0.637,0.452,0.361,0.658,0.589,0.451,0.615,0.105,0.095,0.367,0.533,0.347,0.377,0.346,0.472,0.177,0.319,0.393,0.43,0.094,0.093,0.443,0.416,0.345,0.446,0.38,0.094,0.255,0.243,0.468,0.442,0.099,0.094,0.092,0.092,0.092,0.093,0.092,0.092,0.091,0.092,0.093,0.092,0.093
,2:40:00,32,0.091,0.091,0.092,0.093,0.092,0.093,0.096,0.091,0.092,0.093,0.093,0.097,0.097,0.126,0.104,0.105,0.112,0.111,0.094,0.102,0.098,0.09,0.095,0.091,0.093,0.127,0.178,0.102,0.113,0.11,0.109,0.101,0.095,0.094,0.103,0.092,0.093,0.127,0.126,0.114,0.13,0.146,0.085,0.1,0.097,0.093,0.098,0.093,0.093,0.846,0.406,0.673,0.658,0.471,0.374,0.678,0.621,0.474,0.644,0.101,0.094,0.382,0.559,0.36,0.394,0.358,0.498,0.182,0.343,0.406,0.454,0.094,0.092,0.466,0.436,0.367,0.469,0.396,0.094,0.264,0.254,0.49,0.467,0.099,0.094,0.092,0.092,0.092,0.093,0.092,0.092,0.091,0.092,0.093,0.092,0.092
,2:45:00,32,0.092,0.091,0.092,0.093,0.092,0.093,0.096,0.091,0.092,0.093,0.094,0.097,0.096,0.125,0.104,0.105,0.113,0.111,0.093,0.103,0.098,0.091,0.095,0.091,0.093,0.122,0.204,0.104,0.113,0.111,0.11,0.103,0.092,0.095,0.104,0.093,0.093,0.112,0.125,0.116,0.131,0.139,0.085,0.102,0.097,0.092,0.1,0.093,0.094,0.864,0.426,0.696,0.678,0.493,0.388,0.699,0.644,0.508,0.668,0.098,0.095,0.399,0.591,0.375,0.413,0.37,0.527,0.189,0.359,0.422,0.482,0.094,0.092,0.49,0.457,0.396,0.496,0.415,0.094,0.273,0.265,0.517,0.494,0.099,0.094,0.092,0.092,0.092,0.093,0.092,0.092,0.091,0.092,0.093,0.092,0.092
,2:50:00,32,0.091,0.091,0.092,0.093,0.092,0.093,0.096,0.091,0.092,0.093,0.094,0.097,0.096,0.127,0.104,0.106,0.115,0.112,0.094,0.104,0.099,0.091,0.095,0.092,0.093,0.128,0.211,0.109,0.114,0.117,0.114,0.106,0.093,0.096,0.104,0.093,0.093,0.126,0.123,0.118,0.132,0.142,0.085,0.101,0.094,0.095,0.1,0.093,0.094,0.88,0.446,0.716,0.698,0.518,0.404,0.721,0.664,0.539,0.691,0.105,0.095,0.419,0.619,0.39,0.434,0.384,0.559,0.195,0.373,0.44,0.512,0.094,0.093,0.52,0.482,0.422,0.527,0.437,0.094,0.286,0.276,0.55,0.524,0.099,0.094,0.092,0.092,0.092,0.093,0.092,0.092,0.091,0.092,0.093,0.092,0.092
,2:55:00,32,0.093,0.091,0.092,0.093,0.092,0.093,0.097,0.091,0.092,0.093,0.094,0.097,0.096,0.129,0.105,0.107,0.115,0.112,0.094,0.104,0.099,0.091,0.096,0.092,0.093,0.127,0.187,0.109,0.115,0.119,0.113,0.104,0.093,0.094,0.105,0.093,0.093,0.122,0.125,0.116,0.134,0.147,0.085,0.102,0.097,0.093,0.099,0.093,0.094,0.896,0.469,0.735,0.721,0.545,0.419,0.745,0.686,0.56,0.712,0.101,0.094,0.441,0.642,0.407,0.457,0.401,0.597,0.201,0.389,0.461,0.538,0.094,0.092,0.559,0.513,0.434,0.569,0.457,0.094,0.297,0.291,0.587,0.566,0.099,0.094,0.093,0.092,0.092,0.093,0.092,0.092,0.092,0.092,0.093,0.092,0.092
,3:00:00,32,0.091,0.092,0.092,0.093,0.092,0.093,0.096,0.091,0.093,0.093,0.094,0.097,0.097,0.127,0.105,0.107,0.116,0.115,0.094,0.105,0.1,0.092,0.096,0.091,0.093,0.128,0.18,0.109,0.115,0.117,0.116,0.105,0.095,0.097,0.105,0.093,0.093,0.131,0.119,0.119,0.135,0.157,0.085,0.1,0.093,0.096,0.101,0.093,0.094,0.912,0.494,0.754,0.744,0.572,0.436,0.77,0.707,0.576,0.734,0.103,0.094,0.468,0.665,0.426,0.484,0.422,0.622,0.207,0.408,0.486,0.577,0.094,0.093,0.592,0.55,0.451,0.596,0.48,0.094,0.312,0.304,0.611,0.604,0.099,0.094,0.092,0.092,0.092,0.093,0.092,0.092,0.091,0.093,0.093,0.092,0.092
,3:05:00,32,0.092,0.091,0.092,0.093,0.092,0.093,0.097,0.091,0.093,0.093,0.094,0.097,0.097,0.13,0.105,0.108,0.118,0.113,0.094,0.105,0.101,0.092,0.097,0.091,0.093,0.129,0.211,0.103,0.117,0.119,0.113,0.104,0.093,0.093,0.106,0.092,0.093,0.128,0.125,0.119,0.137,0.172,0.085,0.105,0.098,0.093,0.099,0.093,0.094,0.926,0.519,0.773,0.769,0.6,0.455,0.789,0.729,0.594,0.755,0.106,0.095,0.495,0.685,0.446,0.51,0.444,0.647,0.215,0.43,0.517,0.602,0.094,0.093,0.615,0.576,0.472,0.617,0.508,0.094,0.329,0.315,0.63,0.625,0.099,0.094,0.092,0.092,0.092,0.093,0.092,0.092,0.091,0.093,0.093,0.092,0.093
,3:10:00,32,0.095,0.092,0.092,0.093,0.092,0.093,0.096,0.091,0.092,0.093,0.094,0.097,0.096,0.127,0.106,0.108,0.116,0.114,0.095,0.106,0.1,0.092,0.097,0.091,0.093,0.126,0.175,0.103,0.116,0.113,0.113,0.103,0.093,0.093,0.107,0.093,0.094,0.13,0.128,0.122,0.137,0.161,0.085,0.105,0.094,0.097,0.099,0.093,0.094,0.941,0.543,0.791,0.793,0.635,0.474,0.804,0.753,0.62,0.777,0.106,0.094,0.521,0.706,0.466,0.535,0.47,0.667,0.222,0.454,0.54,0.621,0.094,0.093,0.636,0.6,0.497,0.636,0.543,0.094,0.345,0.327,0.651,0.643,0.099,0.094,0.092,0.092,0.092,0.093,0.091,0.092,0.091,0.092,0.093,0.092,0.092
,3:15:00,32,0.093,0.091,0.092,0.093,0.092,0.093,0.097,0.091,0.093,0.093,0.104,0.097,0.096,0.128,0.106,0.109,0.117,0.115,0.095,0.107,0.101,0.093,0.098,0.091,0.093,0.122,0.181,0.103,0.117,0.112,0.113,0.103,0.094,0.097,0.109,0.093,0.093,0.117,0.122,0.12,0.14,0.177,0.085,0.105,0.098,0.096,0.102,0.093,0.094,0.956,0.568,0.809,0.812,0.665,0.502,0.821,0.774,0.648,0.799,0.099,0.095,0.548,0.726,0.491,0.568,0.498,0.688,0.229,0.478,0.559,0.644,0.094,0.093,0.659,0.62,0.522,0.658,0.574,0.094,0.356,0.338,0.674,0.665,0.099,0.094,0.092,0.093,0.092,0.093,0.092,0.092,0.091,0.092,0.093,0.092,0.092
,3:20:00,32,0.092,0.091,0.092,0.093,0.092,0.093,0.097,0.091,0.093,0.093,0.095,0.099,0.096,0.129,0.107,0.11,0.118,0.115,0.095,0.108,0.101,0.093,0.099,0.092,0.093,0.126,0.227,0.111,0.118,0.113,0.114,0.107,0.097,0.092,0.108,0.093,0.094,0.123,0.122,0.121,0.141,0.182,0.085,0.105,0.095,0.098,0.102,0.093,0.094,0.968,0.596,0.827,0.828,0.688,0.526,0.837,0.794,0.669,0.821,0.102,0.095,0.581,0.743,0.527,0.59,0.524,0.712,0.236,0.507,0.584,0.664,0.094,0.092,0.681,0.638,0.546,0.681,0.6,0.094,0.368,0.35,0.695,0.687,0.099,0.094,0.092,0.092,0.092,0.093,0.092,0.092,0.091,0.093,0.093,0.092,0.092
,3:25:00,32,0.092,0.091,0.093,0.093,0.092,0.093,0.096,0.091,0.093,0.093,0.094,0.099,0.097,0.131,0.107,0.111,0.118,0.116,0.095,0.108,0.102,0.093,0.099,0.091,0.093,0.129,0.216,0.11,0.119,0.114,0.115,0.105,0.098,0.095,0.109,0.093,0.093,0.127,0.129,0.121,0.141,0.165,0.085,0.105,0.099,0.095,0.101,0.093,0.094,0.982,0.614,0.843,0.844,0.709,0.547,0.852,0.812,0.689,0.84,0.103,0.095,0.608,0.758,0.553,0.615,0.555,0.734,0.243,0.547,0.609,0.685,0.095,0.093,0.703,0.658,0.573,0.702,0.62,0.094,0.379,0.362,0.716,0.712,0.099,0.094,0.092,0.092,0.092,0.093,0.092,0.092,0.092,0.092,0.093,0.092,0.092
,3:30:00,32,0.095,0.092,0.092,0.093,0.093,0.093,0.096,0.091,0.093,0.093,0.094,0.097,0.097,0.131,0.107,0.112,0.12,0.117,0.096,0.109,0.103,0.094,0.099,0.092,0.093,0.128,0.213,0.108,0.12,0.115,0.116,0.106,0.097,0.093,0.11,0.093,0.093,0.134,0.126,0.123,0.143,0.148,0.086,0.106,0.099,0.096,0.103,0.093,0.094,0.995,0.632,0.861,0.86,0.733,0.567,0.868,0.829,0.71,0.859,0.106,0.095,0.628,0.773,0.581,0.636,0.59,0.755,0.252,0.57,0.629,0.708,0.094,0.093,0.726,0.678,0.609,0.725,0.64,0.094,0.392,0.374,0.739,0.736,0.099,0.094,0.092,0.093,0.092,0.093,0.092,0.092,0.092,0.093,0.093,0.092,0.093
,3:35:00,32,0.093,0.091,0.093,0.093,0.092,0.093,0.096,0.091,0.093,0.093,0.095,0.102,0.096,0.132,0.107,0.113,0.121,0.117,0.096,0.11,0.103,0.094,0.1,0.092,0.093,0.13,0.21,0.11,0.12,0.116,0.117,0.105,0.095,0.095,0.111,0.093,0.093,0.136,0.129,0.125,0.145,0.166,0.085,0.107,0.097,0.094,0.102,0.093,0.094,1.005,0.649,0.876,0.876,0.755,0.585,0.883,0.846,0.729,0.877,0.097,0.095,0.645,0.788,0.603,0.655,0.614,0.773,0.261,0.587,0.648,0.728,0.094,0.093,0.75,0.698,0.635,0.749,0.659,0.094,0.405,0.388,0.759,0.762,0.099,0.094,0.092,0.093,0.092,0.093,0.092,0.092,0.091,0.092,0.093,0.092,0.092
,3:40:00,32,0.096,0.091,0.092,0.093,0.092,0.093,0.096,0.091,0.093,0.093,0.095,0.106,0.096,0.133,0.108,0.113,0.122,0.118,0.096,0.11,0.104,0.095,0.1,0.091,0.093,0.115,0.225,0.112,0.122,0.118,0.118,0.105,0.095,0.097,0.113,0.093,0.093,0.126,0.122,0.123,0.146,0.181,0.085,0.107,0.097,0.095,0.103,0.093,0.094,1.015,0.669,0.892,0.891,0.778,0.604,0.898,0.863,0.748,0.893,0.1,0.095,0.664,0.803,0.624,0.675,0.635,0.79,0.27,0.606,0.666,0.747,0.094,0.093,0.772,0.721,0.661,0.77,0.679,0.094,0.422,0.402,0.778,0.787,0.099,0.094,0.093,0.092,0.092,0.093,0.092,0.092,0.091,0.092,0.093,0.092,0.092
,3:45:00,32,0.103,0.091,0.092,0.093,0.092,0.093,0.096,0.091,0.092,0.093,0.106,0.097,0.097,0.134,0.108,0.114,0.123,0.118,0.097,0.112,0.104,0.095,0.101,0.091,0.093,0.127,0.209,0.114,0.122,0.117,0.118,0.106,0.095,0.097,0.113,0.093,0.093,0.125,0.131,0.125,0.144,0.172,0.085,0.107,0.102,0.097,0.104,0.093,0.094,1.025,0.687,0.909,0.906,0.801,0.623,0.915,0.879,0.772,0.909,0.097,0.095,0.685,0.819,0.646,0.696,0.656,0.805,0.28,0.626,0.684,0.766,0.094,0.092,0.793,0.741,0.685,0.79,0.698,0.094,0.44,0.419,0.795,0.809,0.099,0.094,0.092,0.092,0.092,0.093,0.092,0.092,0.091,0.092,0.093,0.092,0.093
,3:50:00,32,0.096,0.092,0.092,0.093,0.092,0.093,0.097,0.091,0.093,0.093,0.094,0.098,0.097,0.14,0.108,0.115,0.125,0.12,0.097,0.112,0.105,0.096,0.102,0.091,0.093,0.132,0.198,0.112,0.123,0.118,0.119,0.107,0.098,0.096,0.113,0.093,0.094,0.143,0.119,0.125,0.149,0.186,0.085,0.108,0.098,0.098,0.105,0.093,0.094,1.034,0.707,0.924,0.921,0.821,0.639,0.929,0.894,0.792,0.926,0.106,0.095,0.702,0.834,0.668,0.716,0.681,0.821,0.289,0.648,0.703,0.782,0.094,0.093,0.812,0.76,0.708,0.809,0.719,0.094,0.458,0.434,0.81,0.83,0.099,0.094,0.092,0.092,0.092,0.093,0.092,0.092,0.092,0.093,0.093,0.092,0.093
,3:55:00,32,0.11,0.091,0.092,0.093,0.092,0.093,0.097,0.091,0.093,0.093,0.098,0.116,0.097,0.137,0.109,0.116,0.126,0.12,0.097,0.113,0.106,0.097,0.102,0.091,0.093,0.132,0.216,0.113,0.124,0.118,0.121,0.107,0.098,0.096,0.113,0.093,0.093,0.141,0.132,0.125,0.151,0.188,0.086,0.108,0.101,0.097,0.105,0.093,0.094,1.044,0.725,0.939,0.937,0.839,0.653,0.944,0.912,0.812,0.942,0.097,0.095,0.718,0.85,0.692,0.732,0.706,0.838,0.298,0.669,0.721,0.798,0.094,0.093,0.83,0.779,0.732,0.826,0.741,0.094,0.477,0.451,0.825,0.848,0.099,0.094,0.093,0.093,0.092,0.093,0.092,0.092,0.091,0.092,0.093,0.092,0.093
,4:00:00,32,0.113,0.091,0.092,0.093,0.092,0.093,0.096,0.091,0.092,0.093,0.098,0.097,0.096,0.142,0.109,0.117,0.13,0.121,0.098,0.114,0.107,0.097,0.102,0.091,0.093,0.135,0.214,0.109,0.125,0.125,0.127,0.108,0.098,0.095,0.114,0.092,0.093,0.148,0.129,0.127,0.151,0.19,0.085,0.107,0.099,0.098,0.106,0.093,0.093,1.051,0.74,0.954,0.952,0.856,0.668,0.959,0.926,0.83,0.957,0.107,0.094,0.734,0.866,0.714,0.748,0.731,0.855,0.307,0.691,0.74,0.812,0.094,0.092,0.846,0.795,0.753,0.843,0.763,0.094,0.498,0.472,0.841,0.866,0.099,0.094,0.092,0.092,0.092,0.093,0.092,0.092,0.091,0.092,0.093,0.092,0.092
,4:05:00,32,0.117,0.091,0.092,0.093,0.092,0.093,0.096,0.091,0.092,0.093,0.094,0.097,0.097,0.14,0.109,0.118,0.132,0.121,0.098,0.115,0.107,0.098,0.104,0.091,0.093,0.134,0.223,0.108,0.125,0.121,0.124,0.108,0.096,0.096,0.114,0.093,0.093,0.146,0.135,0.13,0.151,0.179,0.085,0.108,0.099,0.1,0.105,0.093,0.094,1.059,0.753,0.969,0.967,0.873,0.683,0.973,0.941,0.846,0.973,0.105,0.095,0.75,0.881,0.735,0.765,0.753,0.871,0.316,0.711,0.76,0.828,0.094,0.092,0.862,0.811,0.774,0.859,0.782,0.094,0.521,0.489,0.856,0.882,0.099,0.094,0.092,0.092,0.092,0.093,0.091,0.092,0.091,0.092,0.093,0.092,0.092
,4:10:00,32,0.111,0.092,0.092,0.093,0.092,0.093,0.096,0.091,0.093,0.093,0.099,0.097,0.097,0.141,0.11,0.119,0.129,0.123,0.099,0.116,0.108,0.098,0.105,0.091,0.093,0.136,0.234,0.114,0.127,0.121,0.129,0.11,0.101,0.093,0.116,0.093,0.093,0.154,0.132,0.13,0.153,0.188,0.086,0.11,0.097,0.101,0.107,0.093,0.094,1.067,0.767,0.983,0.98,0.89,0.701,0.986,0.956,0.862,0.987,0.096,0.094,0.767,0.895,0.754,0.781,0.775,0.888,0.325,0.734,0.777,0.844,0.094,0.092,0.877,0.827,0.795,0.875,0.801,0.094,0.54,0.507,0.871,0.899,0.099,0.094,0.092,0.092,0.092,0.093,0.092,0.092,0.092,0.092,0.093,0.092,0.092
,4:15:00,32,0.099,0.092,0.092,0.093,0.092,0.093,0.096,0.091,0.093,0.093,0.095,0.097,0.097,0.15,0.11,0.12,0.13,0.124,0.099,0.117,0.109,0.099,0.105,0.091,0.093,0.137,0.238,0.111,0.129,0.123,0.13,0.109,0.097,0.098,0.116,0.093,0.093,0.151,0.126,0.128,0.154,0.194,0.086,0.108,0.1,0.095,0.106,0.093,0.094,1.076,0.78,0.997,0.994,0.906,0.718,0.999,0.971,0.875,1.002,0.099,0.095,0.783,0.91,0.773,0.798,0.796,0.904,0.335,0.755,0.796,0.86,0.094,0.093,0.893,0.842,0.815,0.891,0.818,0.094,0.568,0.525,0.886,0.916,0.099,0.094,0.092,0.092,0.092,0.093,0.092,0.092,0.091,0.093,0.093,0.092,0.092
,4:20:00,32,0.106,0.091,0.092,0.093,0.092,0.093,0.096,0.091,0.092,0.093,0.105,0.097,0.097,0.142,0.111,0.121,0.138,0.125,0.099,0.118,0.11,0.1,0.106,0.091,0.093,0.137,0.219,0.111,0.129,0.122,0.127,0.111,0.098,0.095,0.117,0.093,0.094,0.156,0.136,0.133,0.155,0.194,0.086,0.108,0.099,0.1,0.108,0.093,0.094,1.084,0.794,1.01,1.008,0.923,0.733,1.012,0.984,0.889,1.015,0.104,0.095,0.8,0.923,0.789,0.814,0.815,0.919,0.345,0.773,0.811,0.876,0.094,0.093,0.908,0.857,0.833,0.907,0.834,0.094,0.59,0.543,0.9,0.932,0.099,0.094,0.092,0.093,0.092,0.093,0.092,0.092,0.091,0.092,0.093,0.092,0.092
,4:25:00,32,0.114,0.091,0.092,0.093,0.092,0.093,0.096,0.091,0.092,0.093,0.098,0.097,0.096,0.15,0.111,0.122,0.139,0.125,0.1,0.119,0.111,0.1,0.107,0.091,0.092,0.139,0.211,0.118,0.13,0.127,0.127,0.109,0.097,0.094,0.119,0.093,0.093,0.16,0.127,0.132,0.159,0.199,0.085,0.107,0.1,0.102,0.109,0.093,0.094,1.093,0.808,1.023,1.021,0.938,0.747,1.023,0.998,0.903,1.028,0.105,0.094,0.816,0.936,0.805,0.83,0.836,0.934,0.356,0.79,0.826,0.892,0.094,0.092,0.923,0.872,0.849,0.922,0.849,0.093,0.61,0.56,0.914,0.947,0.099,0.094,0.092,0.092,0.092,0.092,0.091,0.092,0.091,0.092,0.093,0.092,0.092
,4:30:00,32,0.116,0.092,0.092,0.093,0.092,0.093,0.096,0.091,0.093,0.093,0.105,0.118,0.097,0.145,0.112,0.123,0.141,0.127,0.1,0.12,0.112,0.101,0.108,0.091,0.093,0.138,0.218,0.117,0.131,0.127,0.133,0.11,0.1,0.097,0.119,0.093,0.094,0.153,0.137,0.13,0.158,0.193,0.086,0.109,0.099,0.098,0.11,0.093,0.094,1.103,0.824,1.035,1.034,0.954,0.763,1.035,1.011,0.918,1.041,0.104,0.094,0.834,0.949,0.821,0.847,0.855,0.95,0.367,0.806,0.842,0.909,0.094,0.093,0.939,0.887,0.865,0.938,0.865,0.094,0.622,0.579,0.929,0.964,0.099,0.094,0.092,0.093,0.092,0.093,0.092,0.092,0.091,0.093,0.093,0.092,0.093
,4:35:00,32,0.1,0.091,0.092,0.093,0.092,0.093,0.096,0.091,0.092,0.093,0.106,0.097,0.097,0.146,0.112,0.125,0.136,0.128,0.101,0.121,0.113,0.102,0.109,0.091,0.093,0.14,0.223,0.117,0.133,0.126,0.13,0.111,0.099,0.1,0.12,0.093,0.094,0.155,0.141,0.134,0.158,0.199,0.086,0.11,0.099,0.099,0.109,0.093,0.094,1.113,0.837,1.047,1.046,0.97,0.777,1.044,1.023,0.931,1.054,0.106,0.095,0.85,0.959,0.836,0.863,0.874,0.965,0.379,0.822,0.856,0.925,0.094,0.092,0.954,0.902,0.88,0.953,0.881,0.094,0.636,0.595,0.943,0.98,0.099,0.094,0.092,0.092,0.092,0.093,0.092,0.092,0.091,0.092,0.093,0.092,0.092
,4:40:00,32,0.111,0.091,0.092,0.093,0.092,0.093,0.097,0.091,0.092,0.093,0.099,0.097,0.097,0.148,0.112,0.132,0.145,0.129,0.102,0.121,0.114,0.103,0.11,0.091,0.093,0.14,0.229,0.118,0.134,0.127,0.131,0.111,0.099,0.095,0.121,0.093,0.093,0.169,0.128,0.137,0.16,0.193,0.086,0.112,0.099,0.099,0.109,0.093,0.094,1.122,0.851,1.058,1.058,0.986,0.792,1.053,1.037,0.945,1.067,0.099,0.095,0.866,0.969,0.851,0.879,0.892,0.979,0.391,0.837,0.869,0.94,0.094,0.092,0.969,0.916,0.896,0.968,0.895,0.094,0.651,0.612,0.957,0.992,0.099,0.094,0.092,0.093,0.092,0.093,0.092,0.092,0.091,0.093,0.093,0.092,0.092
,4:45:00,32,0.12,0.091,0.092,0.093,0.092,0.093,0.096,0.091,0.092,0.093,0.094,0.097,0.097,0.152,0.113,0.127,0.14,0.129,0.102,0.123,0.115,0.104,0.111,0.091,0.093,0.141,0.216,0.121,0.135,0.128,0.135,0.112,0.103,0.101,0.122,0.093,0.094,0.168,0.141,0.132,0.164,0.186,0.085,0.111,0.104,0.1,0.112,0.093,0.094,1.13,0.864,1.067,1.068,1,0.806,1.061,1.049,0.959,1.078,0.097,0.095,0.882,0.978,0.866,0.894,0.908,0.993,0.403,0.852,0.882,0.954,0.094,0.093,0.983,0.93,0.911,0.983,0.909,0.094,0.669,0.629,0.97,1.004,0.099,0.094,0.092,0.092,0.092,0.093,0.092,0.092,0.091,0.092,0.093,0.092,0.092
,4:50:00,32,0.117,0.091,0.092,0.093,0.092,0.093,0.096,0.091,0.093,0.093,0.103,0.097,0.096,0.15,0.113,0.131,0.14,0.131,0.103,0.124,0.116,0.105,0.112,0.091,0.093,0.142,0.233,0.119,0.137,0.129,0.136,0.112,0.1,0.097,0.123,0.093,0.094,0.168,0.13,0.137,0.165,0.205,0.086,0.112,0.105,0.101,0.112,0.093,0.094,1.139,0.876,1.076,1.077,1.014,0.82,1.069,1.062,0.971,1.09,0.099,0.095,0.898,0.987,0.881,0.909,0.924,1.007,0.414,0.868,0.894,0.966,0.094,0.092,0.997,0.944,0.926,0.996,0.924,0.094,0.687,0.644,0.983,1.015,0.1,0.094,0.092,0.092,0.092,0.093,0.092,0.092,0.092,0.092,0.093,0.092,0.092
,4:55:00,32,0.106,0.091,0.092,0.093,0.092,0.093,0.096,0.091,0.092,0.093,0.106,0.097,0.097,0.15,0.113,0.129,0.149,0.131,0.103,0.124,0.116,0.105,0.112,0.091,0.092,0.142,0.233,0.121,0.137,0.129,0.135,0.113,0.105,0.103,0.124,0.092,0.093,0.17,0.134,0.136,0.165,0.205,0.085,0.112,0.105,0.099,0.112,0.093,0.094,1.147,0.884,1.084,1.086,1.026,0.834,1.077,1.074,0.984,1.098,0.097,0.095,0.912,0.994,0.895,0.924,0.939,1.018,0.426,0.882,0.906,0.976,0.094,0.092,1.01,0.957,0.941,1.008,0.937,0.094,0.705,0.659,0.995,1.024,0.099,0.094,0.092,0.092,0.092,0.093,0.091,0.092,0.091,0.092,0.093,0.092,0.092
,5:00:00,32,0.1,0.091,0.092,0.093,0.092,0.093,0.096,0.091,0.093,0.093,0.103,0.097,0.097,0.163,0.114,0.131,0.151,0.133,0.104,0.125,0.118,0.107,0.114,0.091,0.093,0.145,0.212,0.122,0.137,0.13,0.136,0.114,0.101,0.098,0.125,0.093,0.093,0.165,0.13,0.14,0.166,0.207,0.086,0.113,0.105,0.101,0.114,0.093,0.094,1.156,0.891,1.094,1.095,1.038,0.848,1.086,1.086,0.997,1.109,0.097,0.095,0.928,1.002,0.91,0.939,0.954,1.029,0.439,0.897,0.918,0.989,0.094,0.093,1.023,0.971,0.955,1.019,0.951,0.094,0.725,0.673,1.008,1.035,0.099,0.094,0.093,0.092,0.092,0.093,0.092,0.092,0.091,0.092,0.093,0.092,0.092
,5:05:00,32,0.117,0.091,0.092,0.093,0.092,0.093,0.096,0.091,0.092,0.093,0.107,0.097,0.096,0.153,0.115,0.131,0.153,0.134,0.104,0.127,0.119,0.108,0.115,0.091,0.093,0.144,0.239,0.121,0.139,0.131,0.138,0.119,0.107,0.101,0.127,0.093,0.094,0.173,0.14,0.138,0.169,0.212,0.085,0.115,0.105,0.106,0.115,0.093,0.094,1.164,0.899,1.102,1.102,1.049,0.861,1.094,1.095,1.009,1.119,0.099,0.095,0.943,1.009,0.923,0.953,0.968,1.039,0.452,0.912,0.929,0.999,0.094,0.092,1.034,0.983,0.969,1.028,0.964,0.094,0.742,0.687,1.018,1.044,0.099,0.094,0.092,0.092,0.092,0.093,0.092,0.092,0.091,0.092,0.093,0.092,0.092
,5:10:00,32,0.104,0.091,0.092,0.093,0.092,0.093,0.096,0.091,0.092,0.093,0.102,0.097,0.097,0.163,0.115,0.133,0.152,0.134,0.105,0.127,0.12,0.109,0.116,0.091,0.093,0.145,0.224,0.122,0.141,0.137,0.139,0.114,0.102,0.096,0.127,0.093,0.093,0.172,0.132,0.14,0.17,0.185,0.086,0.113,0.105,0.102,0.115,0.093,0.094,1.172,0.903,1.11,1.11,1.058,0.876,1.102,1.105,1.021,1.128,0.098,0.095,0.957,1.016,0.937,0.967,0.982,1.048,0.464,0.926,0.941,1.01,0.094,0.093,1.046,0.996,0.984,1.04,0.977,0.094,0.758,0.701,1.027,1.055,0.099,0.094,0.092,0.092,0.092,0.093,0.092,0.092,0.091,0.093,0.093,0.092,0.092
,5:15:00,32,0.098,0.091,0.092,0.093,0.092,0.093,0.096,0.091,0.093,0.093,0.096,0.097,0.097,0.156,0.115,0.143,0.154,0.136,0.106,0.129,0.121,0.11,0.118,0.091,0.093,0.145,0.242,0.118,0.143,0.135,0.142,0.115,0.102,0.097,0.128,0.093,0.093,0.183,0.134,0.14,0.171,0.203,0.086,0.114,0.102,0.1,0.115,0.093,0.094,1.179,0.909,1.118,1.118,1.067,0.889,1.111,1.113,1.034,1.137,0.099,0.094,0.971,1.024,0.949,0.98,0.994,1.057,0.475,0.94,0.953,1.02,0.094,0.093,1.056,1.007,0.997,1.049,0.99,0.094,0.773,0.715,1.035,1.066,0.099,0.094,0.092,0.092,0.092,0.093,0.092,0.092,0.091,0.092,0.093,0.092,0.092
,5:20:00,32,0.106,0.091,0.093,0.093,0.092,0.093,0.096,0.091,0.092,0.093,0.099,0.097,0.096,0.158,0.116,0.135,0.157,0.137,0.107,0.13,0.122,0.111,0.119,0.092,0.093,0.147,0.234,0.12,0.143,0.135,0.141,0.116,0.103,0.099,0.128,0.093,0.094,0.17,0.131,0.144,0.173,0.212,0.086,0.115,0.102,0.102,0.118,0.093,0.094,1.186,0.914,1.126,1.125,1.076,0.902,1.119,1.122,1.045,1.147,0.097,0.095,0.985,1.033,0.962,0.993,1.005,1.067,0.488,0.954,0.966,1.031,0.094,0.093,1.067,1.02,1.009,1.06,1.004,0.094,0.788,0.729,1.043,1.079,0.099,0.094,0.092,0.092,0.092,0.093,0.092,0.092,0.091,0.093,0.093,0.092,0.092
,5:25:00,32,0.112,0.091,0.092,0.093,0.092,0.093,0.096,0.091,0.092,0.093,0.105,0.109,0.097,0.168,0.116,0.139,0.158,0.138,0.107,0.131,0.123,0.112,0.12,0.091,0.093,0.148,0.22,0.119,0.144,0.135,0.143,0.118,0.109,0.106,0.13,0.093,0.093,0.179,0.149,0.143,0.174,0.214,0.085,0.117,0.104,0.104,0.118,0.093,0.094,1.193,0.918,1.133,1.133,1.084,0.914,1.127,1.129,1.057,1.156,0.103,0.095,0.998,1.04,0.973,1.004,1.017,1.075,0.5,0.966,0.979,1.041,0.094,0.093,1.077,1.032,1.021,1.07,1.018,0.094,0.804,0.742,1.05,1.089,0.099,0.094,0.092,0.092,0.092,0.093,0.091,0.092,0.091,0.092,0.093,0.092,0.092
,5:30:00,32,0.109,0.091,0.092,0.093,0.092,0.093,0.096,0.091,0.092,0.093,0.1,0.097,0.097,0.16,0.117,0.143,0.159,0.14,0.108,0.132,0.124,0.113,0.121,0.091,0.093,0.149,0.224,0.119,0.145,0.136,0.144,0.122,0.107,0.104,0.13,0.093,0.093,0.184,0.141,0.148,0.174,0.192,0.085,0.116,0.108,0.108,0.12,0.093,0.094,1.2,0.923,1.141,1.141,1.093,0.926,1.137,1.138,1.069,1.166,0.098,0.094,1.012,1.049,0.985,1.017,1.028,1.085,0.513,0.979,0.991,1.051,0.094,0.093,1.087,1.044,1.032,1.081,1.032,0.094,0.819,0.756,1.058,1.102,0.099,0.094,0.092,0.092,0.092,0.093,0.092,0.092,0.091,0.092,0.093,0.092,0.092
,5:35:00,32,0.125,0.091,0.092,0.093,0.092,0.093,0.096,0.091,0.092,0.093,0.106,0.097,0.096,0.161,0.117,0.143,0.16,0.141,0.108,0.133,0.125,0.115,0.122,0.091,0.093,0.15,0.212,0.122,0.146,0.137,0.145,0.118,0.104,0.107,0.131,0.092,0.093,0.19,0.134,0.145,0.175,0.199,0.085,0.117,0.108,0.103,0.121,0.093,0.094,1.206,0.927,1.15,1.15,1.101,0.938,1.145,1.146,1.081,1.175,0.098,0.094,1.024,1.057,0.998,1.027,1.039,1.094,0.526,0.99,1.003,1.061,0.094,0.092,1.097,1.056,1.042,1.09,1.046,0.094,0.832,0.77,1.066,1.114,0.099,0.094,0.092,0.092,0.092,0.093,0.091,0.092,0.091,0.093,0.093,0.092,0.092
,5:40:00,32,0.123,0.091,0.092,0.093,0.092,0.093,0.096,0.091,0.092,0.093,0.103,0.097,0.097,0.162,0.118,0.141,0.164,0.142,0.109,0.134,0.127,0.116,0.124,0.091,0.093,0.151,0.226,0.123,0.148,0.138,0.148,0.119,0.107,0.107,0.132,0.093,0.094,0.185,0.139,0.148,0.178,0.214,0.086,0.116,0.108,0.109,0.122,0.093,0.094,1.212,0.931,1.159,1.16,1.11,0.951,1.153,1.154,1.091,1.185,0.106,0.095,1.036,1.066,1.011,1.039,1.05,1.103,0.54,1.002,1.015,1.072,0.095,0.093,1.107,1.068,1.051,1.101,1.058,0.094,0.847,0.783,1.074,1.127,0.099,0.094,0.092,0.093,0.092,0.093,0.092,0.092,0.091,0.093,0.093,0.092,0.092
,5:45:00,32,0.109,0.091,0.092,0.093,0.092,0.092,0.096,0.091,0.092,0.093,0.103,0.097,0.096,0.176,0.118,0.143,0.165,0.143,0.11,0.136,0.128,0.117,0.126,0.091,0.093,0.153,0.247,0.124,0.151,0.14,0.149,0.12,0.108,0.107,0.135,0.092,0.093,0.182,0.133,0.148,0.179,0.218,0.085,0.117,0.108,0.106,0.123,0.093,0.094,1.219,0.936,1.168,1.169,1.119,0.964,1.162,1.162,1.1,1.195,0.1,0.094,1.045,1.075,1.023,1.05,1.06,1.112,0.551,1.014,1.026,1.082,0.094,0.092,1.116,1.08,1.06,1.111,1.071,0.094,0.859,0.796,1.082,1.139,0.099,0.094,0.092,0.092,0.092,0.093,0.091,0.092,0.091,0.092,0.093,0.092,0.092
,5:50:00,32,0.1,0.091,0.092,0.093,0.092,0.093,0.096,0.091,0.092,0.093,0.103,0.097,0.096,0.165,0.119,0.144,0.165,0.144,0.111,0.136,0.129,0.118,0.127,0.091,0.092,0.153,0.245,0.124,0.151,0.142,0.149,0.122,0.106,0.104,0.136,0.092,0.093,0.195,0.137,0.149,0.18,0.215,0.085,0.12,0.108,0.108,0.125,0.093,0.094,1.225,0.942,1.178,1.179,1.128,0.976,1.17,1.171,1.11,1.205,0.107,0.095,1.055,1.084,1.036,1.061,1.07,1.121,0.563,1.026,1.037,1.093,0.094,0.092,1.126,1.09,1.068,1.121,1.083,0.093,0.87,0.808,1.09,1.153,0.099,0.094,0.092,0.093,0.092,0.093,0.092,0.092,0.091,0.092,0.093,0.092,0.092
,5:55:00,32,0.126,0.091,0.092,0.093,0.092,0.093,0.096,0.091,0.093,0.093,0.107,0.097,0.097,0.168,0.119,0.146,0.168,0.145,0.112,0.139,0.131,0.12,0.128,0.091,0.093,0.156,0.247,0.124,0.152,0.141,0.15,0.125,0.111,0.109,0.138,0.093,0.093,0.187,0.139,0.148,0.181,0.224,0.086,0.117,0.11,0.109,0.126,0.093,0.094,1.23,0.947,1.187,1.189,1.138,0.989,1.178,1.18,1.118,1.215,0.113,0.095,1.063,1.092,1.048,1.07,1.08,1.131,0.575,1.038,1.047,1.104,0.094,0.092,1.135,1.101,1.076,1.132,1.095,0.094,0.884,0.822,1.098,1.165,0.099,0.094,0.092,0.093,0.092,0.093,0.092,0.092,0.092,0.093,0.093,0.092,0.092
,6:00:00,32,0.109,0.092,0.093,0.093,0.093,0.093,0.096,0.091,0.093,0.093,0.104,0.097,0.097,0.168,0.12,0.15,0.172,0.147,0.113,0.14,0.132,0.122,0.13,0.091,0.093,0.156,0.225,0.122,0.155,0.149,0.153,0.122,0.108,0.103,0.139,0.093,0.094,0.178,0.134,0.152,0.183,0.226,0.086,0.122,0.107,0.113,0.125,0.093,0.094,1.237,0.954,1.195,1.199,1.147,1.001,1.187,1.189,1.127,1.226,0.112,0.095,1.07,1.101,1.06,1.079,1.088,1.14,0.586,1.049,1.057,1.114,0.095,0.093,1.144,1.11,1.083,1.142,1.105,0.094,0.897,0.834,1.105,1.178,0.099,0.094,0.092,0.093,0.092,0.093,0.092,0.092,0.091,0.093,0.093,0.092,0.092
,6:05:00,32,0.115,0.091,0.092,0.093,0.092,0.093,0.096,0.091,0.092,0.093,0.103,0.097,0.097,0.173,0.12,0.149,0.17,0.148,0.113,0.14,0.133,0.123,0.131,0.092,0.093,0.158,0.229,0.126,0.155,0.146,0.154,0.124,0.109,0.108,0.14,0.093,0.093,0.2,0.148,0.153,0.185,0.211,0.086,0.121,0.112,0.113,0.128,0.093,0.094,1.241,0.962,1.204,1.208,1.157,1.013,1.195,1.199,1.135,1.236,0.105,0.095,1.078,1.108,1.072,1.089,1.098,1.151,0.597,1.06,1.067,1.126,0.094,0.093,1.154,1.118,1.09,1.153,1.114,0.094,0.911,0.846,1.115,1.191,0.099,0.094,0.092,0.092,0.092,0.093,0.092,0.092,0.092,0.093,0.093,0.092,0.092
,6:10:00,32,0.125,0.091,0.092,0.093,0.092,0.093,0.096,0.091,0.092,0.093,0.1,0.097,0.097,0.17,0.121,0.151,0.174,0.149,0.115,0.143,0.134,0.124,0.133,0.091,0.093,0.159,0.236,0.132,0.157,0.15,0.156,0.124,0.109,0.103,0.141,0.093,0.094,0.202,0.156,0.156,0.185,0.228,0.086,0.121,0.112,0.11,0.127,0.093,0.094,1.247,0.97,1.214,1.217,1.166,1.025,1.203,1.207,1.144,1.245,0.103,0.095,1.087,1.117,1.083,1.097,1.106,1.162,0.608,1.071,1.077,1.138,0.094,0.093,1.164,1.126,1.098,1.164,1.122,0.094,0.921,0.857,1.124,1.204,0.099,0.094,0.092,0.092,0.092,0.093,0.092,0.092,0.091,0.093,0.093,0.092,0.092
,6:15:00,32,0.126,0.091,0.092,0.093,0.092,0.093,0.096,0.091,0.092,0.093,0.109,0.097,0.096,0.171,0.121,0.152,0.172,0.15,0.116,0.143,0.136,0.126,0.135,0.091,0.093,0.161,0.227,0.132,0.159,0.148,0.156,0.125,0.111,0.11,0.143,0.093,0.094,0.202,0.146,0.155,0.187,0.215,0.085,0.122,0.105,0.109,0.128,0.093,0.094,1.252,0.979,1.223,1.226,1.176,1.036,1.21,1.216,1.153,1.254,0.11,0.095,1.095,1.124,1.094,1.106,1.114,1.171,0.618,1.081,1.086,1.15,0.094,0.093,1.173,1.134,1.105,1.175,1.13,0.094,0.932,0.868,1.133,1.217,0.099,0.094,0.092,0.092,0.092,0.093,0.092,0.092,0.091,0.092,0.093,0.092,0.092
,6:20:00,32,0.122,0.091,0.092,0.093,0.092,0.093,0.096,0.091,0.092,0.093,0.102,0.099,0.096,0.181,0.122,0.158,0.176,0.151,0.116,0.144,0.137,0.128,0.136,0.091,0.093,0.161,0.239,0.132,0.16,0.152,0.158,0.125,0.11,0.108,0.144,0.093,0.094,0.193,0.144,0.158,0.189,0.211,0.086,0.121,0.112,0.11,0.129,0.093,0.094,1.256,0.989,1.234,1.234,1.184,1.047,1.218,1.225,1.161,1.264,0.101,0.095,1.104,1.132,1.104,1.114,1.123,1.182,0.629,1.089,1.095,1.163,0.094,0.093,1.184,1.141,1.114,1.186,1.136,0.094,0.942,0.879,1.143,1.229,0.099,0.094,0.092,0.093,0.092,0.093,0.091,0.092,0.092,0.093,0.093,0.092,0.093
,6:25:00,32,0.102,0.092,0.092,0.093,0.093,0.093,0.096,0.091,0.093,0.093,0.109,0.097,0.097,0.184,0.123,0.16,0.174,0.153,0.117,0.147,0.139,0.129,0.138,0.091,0.093,0.161,0.229,0.134,0.163,0.153,0.158,0.126,0.111,0.105,0.145,0.093,0.094,0.2,0.158,0.155,0.19,0.205,0.086,0.123,0.106,0.116,0.132,0.093,0.094,1.261,0.999,1.242,1.243,1.193,1.058,1.225,1.234,1.17,1.274,0.107,0.095,1.114,1.141,1.114,1.123,1.132,1.192,0.639,1.098,1.104,1.176,0.095,0.093,1.194,1.148,1.123,1.198,1.144,0.094,0.953,0.89,1.153,1.24,0.1,0.094,0.092,0.092,0.092,0.093,0.092,0.092,0.092,0.093,0.093,0.092,0.092
,6:30:00,32,0.133,0.091,0.092,0.093,0.092,0.093,0.096,0.091,0.092,0.093,0.108,0.097,0.096,0.176,0.123,0.157,0.181,0.154,0.118,0.147,0.14,0.13,0.14,0.091,0.093,0.164,0.267,0.131,0.164,0.155,0.163,0.127,0.116,0.11,0.147,0.093,0.093,0.201,0.146,0.159,0.192,0.236,0.086,0.125,0.113,0.112,0.131,0.093,0.094,1.265,1.008,1.25,1.25,1.202,1.068,1.232,1.243,1.179,1.282,0.106,0.095,1.125,1.147,1.123,1.13,1.14,1.201,0.649,1.105,1.112,1.187,0.095,0.093,1.202,1.154,1.131,1.207,1.15,0.094,0.962,0.901,1.161,1.25,0.099,0.094,0.092,0.092,0.092,0.093,0.092,0.092,0.091,0.092,0.093,0.092,0.092
,6:35:00,32,0.118,0.091,0.093,0.093,0.092,0.093,0.096,0.091,0.092,0.093,0.106,0.097,0.096,0.186,0.123,0.16,0.181,0.156,0.119,0.148,0.141,0.132,0.141,0.091,0.093,0.167,0.24,0.132,0.165,0.155,0.165,0.13,0.114,0.108,0.148,0.092,0.093,0.201,0.15,0.16,0.192,0.215,0.086,0.122,0.113,0.113,0.133,0.093,0.094,1.27,1.02,1.257,1.257,1.211,1.078,1.238,1.25,1.187,1.29,0.107,0.095,1.136,1.156,1.13,1.138,1.148,1.211,0.659,1.111,1.121,1.198,0.094,0.092,1.212,1.159,1.14,1.217,1.155,0.094,0.974,0.913,1.17,1.26,0.099,0.094,0.092,0.092,0.092,0.093,0.091,0.092,0.091,0.093,0.093,0.092,0.092
,6:40:00,32,0.126,0.092,0.092,0.093,0.092,0.093,0.096,0.091,0.092,0.093,0.102,0.097,0.097,0.183,0.124,0.16,0.175,0.157,0.121,0.15,0.143,0.134,0.143,0.091,0.093,0.153,0.257,0.133,0.165,0.154,0.169,0.129,0.116,0.115,0.149,0.093,0.094,0.206,0.145,0.16,0.193,0.242,0.086,0.125,0.112,0.115,0.134,0.093,0.094,1.274,1.031,1.263,1.265,1.22,1.089,1.245,1.259,1.196,1.298,0.103,0.095,1.148,1.163,1.139,1.146,1.156,1.221,0.671,1.118,1.13,1.211,0.094,0.093,1.222,1.166,1.15,1.228,1.162,0.094,0.983,0.925,1.179,1.27,0.099,0.094,0.092,0.092,0.092,0.093,0.092,0.092,0.091,0.093,0.093,0.092,0.092
,6:45:00,32,0.117,0.091,0.092,0.093,0.092,0.092,0.096,0.091,0.092,0.093,0.101,0.097,0.096,0.179,0.124,0.165,0.181,0.158,0.121,0.152,0.144,0.135,0.144,0.091,0.093,0.154,0.232,0.128,0.167,0.158,0.165,0.13,0.113,0.108,0.15,0.093,0.093,0.197,0.15,0.152,0.195,0.212,0.085,0.125,0.107,0.113,0.134,0.093,0.094,1.279,1.041,1.268,1.27,1.228,1.1,1.251,1.266,1.204,1.304,0.112,0.095,1.16,1.169,1.146,1.154,1.164,1.229,0.681,1.124,1.137,1.222,0.094,0.093,1.23,1.171,1.159,1.236,1.168,0.094,0.993,0.937,1.188,1.279,0.099,0.094,0.092,0.092,0.092,0.093,0.091,0.092,0.091,0.093,0.093,0.092,0.092
,6:50:00,32,0.128,0.091,0.092,0.093,0.092,0.093,0.096,0.091,0.092,0.093,0.106,0.097,0.096,0.181,0.125,0.161,0.186,0.159,0.122,0.152,0.145,0.136,0.145,0.091,0.093,0.171,0.26,0.132,0.169,0.158,0.166,0.136,0.115,0.112,0.15,0.093,0.093,0.214,0.158,0.164,0.196,0.228,0.085,0.128,0.113,0.116,0.135,0.093,0.094,1.283,1.054,1.274,1.278,1.237,1.11,1.258,1.274,1.213,1.311,0.108,0.095,1.171,1.175,1.154,1.162,1.173,1.238,0.692,1.13,1.146,1.232,0.094,0.092,1.238,1.178,1.169,1.246,1.176,0.094,1.003,0.949,1.197,1.288,0.099,0.094,0.092,0.092,0.092,0.093,0.092,0.092,0.091,0.092,0.093,0.092,0.092
,6:55:00,32,0.126,0.092,0.092,0.093,0.093,0.093,0.096,0.091,0.093,0.093,0.102,0.097,0.096,0.191,0.126,0.167,0.185,0.161,0.124,0.155,0.147,0.138,0.147,0.092,0.093,0.172,0.251,0.138,0.17,0.164,0.171,0.131,0.115,0.114,0.154,0.093,0.094,0.216,0.16,0.162,0.197,0.239,0.086,0.127,0.115,0.115,0.136,0.093,0.094,1.287,1.064,1.278,1.283,1.245,1.121,1.262,1.281,1.222,1.318,0.106,0.095,1.181,1.182,1.162,1.171,1.18,1.245,0.703,1.136,1.155,1.242,0.094,0.092,1.247,1.184,1.178,1.255,1.184,0.094,1.013,0.961,1.205,1.296,0.099,0.094,0.093,0.092,0.092,0.093,0.092,0.092,0.091,0.093,0.093,0.092,0.092
,7:00:00,32,0.114,0.091,0.093,0.093,0.092,0.093,0.096,0.091,0.092,0.093,0.097,0.097,0.097,0.183,0.126,0.169,0.184,0.162,0.125,0.156,0.149,0.139,0.149,0.091,0.093,0.159,0.237,0.136,0.172,0.164,0.171,0.133,0.12,0.118,0.155,0.093,0.094,0.202,0.147,0.167,0.199,0.248,0.086,0.128,0.113,0.117,0.14,0.093,0.094,1.291,1.072,1.283,1.289,1.252,1.131,1.268,1.287,1.23,1.323,0.107,0.095,1.192,1.188,1.169,1.179,1.187,1.253,0.714,1.143,1.163,1.251,0.095,0.093,1.254,1.191,1.187,1.264,1.192,0.094,1.018,0.973,1.213,1.304,0.099,0.094,0.092,0.092,0.092,0.093,0.092,0.092,0.091,0.093,0.093,0.093,0.092
,7:05:00,32,0.119,0.092,0.092,0.093,0.093,0.093,0.096,0.091,0.093,0.093,0.104,0.097,0.097,0.188,0.127,0.173,0.189,0.163,0.126,0.156,0.15,0.141,0.15,0.092,0.093,0.175,0.257,0.139,0.175,0.166,0.172,0.134,0.117,0.114,0.156,0.093,0.094,0.211,0.152,0.166,0.201,0.212,0.086,0.13,0.11,0.123,0.139,0.093,0.094,1.296,1.083,1.288,1.295,1.259,1.141,1.273,1.295,1.237,1.328,0.107,0.095,1.201,1.191,1.176,1.187,1.195,1.26,0.724,1.148,1.17,1.26,0.095,0.093,1.262,1.198,1.196,1.273,1.2,0.094,1.027,0.985,1.22,1.312,0.099,0.094,0.092,0.093,0.092,0.093,0.092,0.092,0.092,0.093,0.093,0.092,0.092
,7:10:00,32,0.127,0.091,0.092,0.093,0.092,0.093,0.096,0.091,0.092,0.093,0.106,0.097,0.097,0.187,0.127,0.168,0.191,0.165,0.128,0.158,0.152,0.142,0.151,0.091,0.093,0.177,0.24,0.135,0.176,0.162,0.172,0.138,0.125,0.121,0.157,0.093,0.094,0.215,0.161,0.169,0.202,0.251,0.085,0.131,0.115,0.12,0.141,0.093,0.094,1.302,1.094,1.292,1.301,1.267,1.15,1.279,1.301,1.245,1.334,0.107,0.095,1.211,1.197,1.182,1.195,1.203,1.268,0.735,1.155,1.177,1.268,0.094,0.092,1.27,1.206,1.205,1.28,1.209,0.094,1.034,0.997,1.227,1.32,0.099,0.094,0.092,0.093,0.092,0.093,0.092,0.092,0.091,0.093,0.093,0.092,0.092
,7:15:00,32,0.131,0.092,0.093,0.093,0.092,0.093,0.096,0.091,0.093,0.093,0.112,0.097,0.097,0.19,0.129,0.171,0.193,0.166,0.129,0.16,0.153,0.144,0.154,0.092,0.093,0.179,0.231,0.143,0.177,0.166,0.177,0.137,0.118,0.119,0.159,0.093,0.094,0.212,0.171,0.162,0.203,0.215,0.086,0.13,0.117,0.12,0.142,0.093,0.095,1.305,1.1,1.297,1.305,1.274,1.159,1.283,1.308,1.251,1.339,0.113,0.095,1.219,1.201,1.189,1.203,1.211,1.274,0.745,1.161,1.183,1.275,0.095,0.093,1.277,1.213,1.213,1.286,1.217,0.094,1.041,1.009,1.233,1.326,0.1,0.094,0.092,0.093,0.092,0.093,0.092,0.092,0.092,0.093,0.093,0.092,0.093
,7:20:00,32,0.129,0.092,0.092,0.093,0.093,0.093,0.096,0.091,0.093,0.093,0.111,0.097,0.097,0.189,0.129,0.174,0.197,0.168,0.13,0.161,0.154,0.146,0.155,0.092,0.093,0.18,0.25,0.142,0.18,0.17,0.178,0.137,0.12,0.122,0.16,0.093,0.094,0.222,0.158,0.174,0.206,0.255,0.086,0.129,0.12,0.121,0.143,0.094,0.094,1.309,1.109,1.302,1.312,1.281,1.168,1.289,1.314,1.259,1.345,0.11,0.095,1.228,1.205,1.196,1.211,1.218,1.281,0.756,1.168,1.189,1.284,0.095,0.093,1.285,1.22,1.222,1.292,1.227,0.095,1.05,1.022,1.24,1.333,0.099,0.095,0.092,0.093,0.093,0.093,0.092,0.092,0.092,0.093,0.094,0.093,0.093
,7:25:00,32,0.133,0.091,0.092,0.093,0.092,0.093,0.096,0.091,0.092,0.093,0.101,0.097,0.096,0.195,0.129,0.175,0.198,0.169,0.131,0.162,0.155,0.147,0.157,0.091,0.092,0.182,0.251,0.144,0.181,0.168,0.176,0.138,0.12,0.122,0.162,0.093,0.094,0.218,0.163,0.173,0.205,0.245,0.085,0.13,0.119,0.121,0.145,0.093,0.094,1.311,1.117,1.306,1.317,1.287,1.175,1.294,1.32,1.265,1.35,0.107,0.095,1.235,1.209,1.203,1.219,1.225,1.287,0.765,1.174,1.195,1.29,0.094,0.093,1.291,1.227,1.23,1.298,1.235,0.094,1.056,1.034,1.245,1.339,0.099,0.094,0.092,0.093,0.092,0.093,0.092,0.092,0.091,0.092,0.093,0.092,0.092
,7:30:00,32,0.123,0.091,0.092,0.093,0.092,0.093,0.096,0.091,0.092,0.093,0.108,0.097,0.096,0.198,0.13,0.178,0.2,0.171,0.132,0.164,0.157,0.148,0.158,0.091,0.093,0.184,0.256,0.139,0.184,0.172,0.178,0.143,0.126,0.124,0.163,0.093,0.094,0.226,0.156,0.173,0.207,0.236,0.085,0.132,0.122,0.125,0.147,0.094,0.094,1.315,1.124,1.31,1.321,1.293,1.183,1.297,1.327,1.271,1.354,0.109,0.095,1.243,1.213,1.208,1.226,1.232,1.292,0.775,1.18,1.2,1.297,0.094,0.092,1.296,1.235,1.237,1.304,1.243,0.094,1.059,1.045,1.25,1.346,0.099,0.094,0.092,0.093,0.092,0.093,0.092,0.092,0.091,0.093,0.093,0.092,0.092
,7:35:00,32,0.132,0.091,0.092,0.093,0.092,0.093,0.096,0.091,0.092,0.093,0.113,0.097,0.096,0.192,0.13,0.176,0.203,0.172,0.134,0.165,0.159,0.15,0.159,0.091,0.093,0.185,0.245,0.146,0.184,0.175,0.18,0.141,0.121,0.126,0.164,0.093,0.094,0.224,0.164,0.175,0.209,0.239,0.085,0.132,0.121,0.127,0.149,0.093,0.094,1.318,1.13,1.315,1.327,1.299,1.191,1.303,1.333,1.279,1.36,0.109,0.095,1.251,1.216,1.215,1.233,1.24,1.299,0.786,1.187,1.207,1.304,0.094,0.093,1.302,1.243,1.245,1.31,1.252,0.094,1.067,1.058,1.257,1.352,0.099,0.094,0.092,0.092,0.092,0.093,0.092,0.092,0.091,0.093,0.093,0.092,0.092
,7:40:00,32,0.134,0.091,0.093,0.093,0.093,0.093,0.096,0.091,0.093,0.093,0.112,0.097,0.096,0.193,0.131,0.176,0.206,0.174,0.135,0.167,0.16,0.151,0.161,0.091,0.093,0.186,0.253,0.146,0.187,0.17,0.181,0.143,0.127,0.129,0.166,0.093,0.094,0.217,0.17,0.175,0.209,0.258,0.085,0.133,0.121,0.129,0.15,0.093,0.094,1.322,1.138,1.319,1.331,1.305,1.198,1.307,1.339,1.284,1.363,0.113,0.095,1.257,1.222,1.222,1.241,1.246,1.305,0.796,1.194,1.213,1.311,0.095,0.093,1.308,1.25,1.252,1.316,1.26,0.094,1.073,1.069,1.262,1.359,0.099,0.094,0.092,0.093,0.092,0.093,0.092,0.092,0.091,0.093,0.093,0.093,0.092
,7:45:00,32,0.139,0.091,0.092,0.093,0.092,0.093,0.096,0.091,0.092,0.093,0.097,0.097,0.096,0.202,0.132,0.18,0.207,0.175,0.137,0.169,0.161,0.152,0.162,0.091,0.093,0.189,0.254,0.141,0.189,0.177,0.189,0.151,0.123,0.127,0.167,0.093,0.094,0.227,0.16,0.178,0.211,0.245,0.085,0.134,0.123,0.129,0.151,0.093,0.094,1.324,1.143,1.323,1.335,1.31,1.205,1.311,1.344,1.29,1.367,0.113,0.095,1.264,1.225,1.228,1.248,1.254,1.311,0.805,1.2,1.218,1.316,0.094,0.093,1.313,1.257,1.258,1.32,1.267,0.094,1.081,1.079,1.268,1.364,0.099,0.094,0.092,0.093,0.092,0.093,0.092,0.092,0.091,0.093,0.093,0.092,0.093
,7:50:00,32,0.113,0.091,0.092,0.093,0.092,0.093,0.096,0.091,0.092,0.093,0.1,0.097,0.096,0.195,0.132,0.184,0.21,0.177,0.138,0.171,0.163,0.154,0.164,0.091,0.093,0.187,0.253,0.14,0.189,0.176,0.192,0.144,0.123,0.125,0.169,0.093,0.094,0.225,0.18,0.179,0.212,0.258,0.085,0.135,0.115,0.13,0.153,0.093,0.094,1.326,1.15,1.327,1.34,1.317,1.211,1.315,1.348,1.296,1.372,0.105,0.095,1.271,1.229,1.233,1.254,1.26,1.316,0.814,1.207,1.224,1.322,0.095,0.093,1.319,1.263,1.264,1.326,1.275,0.094,1.086,1.089,1.272,1.369,0.099,0.094,0.092,0.092,0.092,0.093,0.092,0.092,0.091,0.092,0.093,0.092,0.092
,7:55:00,32,0.137,0.091,0.093,0.093,0.092,0.093,0.096,0.091,0.092,0.093,0.103,0.097,0.096,0.197,0.133,0.182,0.209,0.178,0.139,0.17,0.164,0.155,0.165,0.091,0.093,0.193,0.256,0.149,0.193,0.182,0.186,0.149,0.125,0.125,0.171,0.092,0.094,0.222,0.172,0.175,0.214,0.257,0.085,0.135,0.126,0.128,0.154,0.093,0.094,1.327,1.157,1.331,1.344,1.322,1.219,1.319,1.354,1.302,1.375,0.114,0.095,1.277,1.233,1.24,1.26,1.267,1.321,0.823,1.213,1.23,1.328,0.094,0.093,1.324,1.27,1.27,1.33,1.283,0.094,1.095,1.1,1.278,1.374,0.099,0.094,0.092,0.093,0.092,0.093,0.092,0.092,0.091,0.093,0.093,0.092,0.093
,8:00:00,32,0.142,0.092,0.092,0.093,0.093,0.093,0.096,0.091,0.093,0.094,0.108,0.097,0.096,0.199,0.134,0.188,0.214,0.18,0.141,0.175,0.166,0.157,0.168,0.092,0.093,0.194,0.259,0.151,0.195,0.184,0.195,0.147,0.126,0.129,0.174,0.093,0.094,0.236,0.163,0.183,0.216,0.265,0.086,0.136,0.122,0.128,0.156,0.093,0.094,1.33,1.161,1.335,1.348,1.328,1.225,1.322,1.358,1.308,1.38,0.11,0.095,1.283,1.238,1.245,1.267,1.274,1.326,0.833,1.22,1.236,1.334,0.095,0.093,1.328,1.276,1.277,1.336,1.29,0.095,1.104,1.11,1.283,1.379,0.099,0.094,0.092,0.093,0.092,0.093,0.092,0.092,0.091,0.093,0.093,0.092,0.093
,8:05:00,32,0.125,0.091,0.092,0.093,0.092,0.093,0.096,0.091,0.092,0.093,0.102,0.097,0.096,0.205,0.134,0.188,0.204,0.182,0.142,0.175,0.167,0.158,0.168,0.091,0.093,0.181,0.243,0.153,0.195,0.185,0.191,0.147,0.127,0.133,0.174,0.093,0.094,0.237,0.179,0.177,0.217,0.23,0.085,0.135,0.124,0.133,0.157,0.093,0.094,1.331,1.167,1.338,1.351,1.332,1.232,1.326,1.362,1.313,1.381,0.109,0.095,1.289,1.241,1.252,1.273,1.279,1.331,0.842,1.226,1.24,1.339,0.095,0.093,1.333,1.283,1.281,1.339,1.297,0.094,1.111,1.119,1.288,1.383,0.099,0.094,0.092,0.093,0.092,0.093,0.092,0.092,0.092,0.093,0.093,0.092,0.092
,8:10:00,32,0.143,0.091,0.092,0.093,0.092,0.093,0.096,0.091,0.092,0.093,0.105,0.097,0.096,0.203,0.135,0.186,0.207,0.183,0.143,0.176,0.169,0.16,0.17,0.091,0.093,0.198,0.26,0.154,0.198,0.186,0.198,0.155,0.131,0.129,0.175,0.093,0.094,0.238,0.172,0.187,0.217,0.271,0.086,0.137,0.125,0.134,0.159,0.093,0.094,1.332,1.173,1.343,1.356,1.338,1.237,1.33,1.365,1.32,1.387,0.109,0.095,1.294,1.246,1.257,1.278,1.286,1.336,0.851,1.233,1.245,1.345,0.095,0.092,1.338,1.288,1.287,1.344,1.304,0.094,1.119,1.128,1.292,1.388,0.099,0.094,0.092,0.093,0.092,0.093,0.092,0.092,0.091,0.093,0.093,0.092,0.093
,8:15:00,32,0.123,0.092,0.093,0.093,0.092,0.093,0.096,0.091,0.093,0.093,0.11,0.097,0.096,0.204,0.136,0.196,0.21,0.185,0.145,0.18,0.17,0.161,0.171,0.091,0.093,0.185,0.263,0.156,0.201,0.176,0.195,0.151,0.128,0.138,0.177,0.093,0.094,0.238,0.167,0.186,0.22,0.245,0.085,0.14,0.122,0.131,0.161,0.093,0.095,1.334,1.177,1.346,1.361,1.342,1.243,1.334,1.369,1.325,1.391,0.108,0.095,1.3,1.25,1.263,1.284,1.291,1.34,0.86,1.239,1.25,1.35,0.095,0.093,1.342,1.294,1.292,1.348,1.311,0.094,1.127,1.137,1.297,1.392,0.099,0.094,0.092,0.093,0.092,0.093,0.092,0.092,0.091,0.093,0.094,0.092,0.092
,8:20:00,32,0.145,0.092,0.093,0.093,0.092,0.093,0.096,0.091,0.093,0.093,0.104,0.097,0.096,0.207,0.136,0.19,0.218,0.187,0.146,0.179,0.171,0.162,0.173,0.091,0.093,0.202,0.259,0.157,0.202,0.19,0.201,0.153,0.135,0.136,0.18,0.093,0.094,0.24,0.17,0.174,0.221,0.274,0.085,0.137,0.121,0.136,0.162,0.093,0.094,1.333,1.18,1.35,1.364,1.347,1.248,1.337,1.372,1.328,1.393,0.111,0.095,1.305,1.256,1.268,1.289,1.296,1.345,0.871,1.245,1.254,1.356,0.095,0.093,1.345,1.299,1.297,1.352,1.317,0.094,1.136,1.145,1.301,1.396,0.099,0.094,0.092,0.092,0.092,0.093,0.092,0.092,0.092,0.093,0.093,0.093,0.092
,8:25:00,32,0.127,0.091,0.093,0.093,0.092,0.093,0.096,0.091,0.093,0.093,0.103,0.097,0.097,0.204,0.137,0.192,0.222,0.189,0.148,0.18,0.173,0.164,0.175,0.092,0.093,0.204,0.261,0.156,0.204,0.19,0.203,0.162,0.131,0.138,0.181,0.093,0.094,0.228,0.183,0.188,0.222,0.244,0.086,0.142,0.128,0.137,0.164,0.093,0.094,1.336,1.185,1.353,1.369,1.352,1.254,1.34,1.375,1.334,1.396,0.113,0.095,1.311,1.261,1.274,1.294,1.301,1.349,0.88,1.251,1.259,1.362,0.095,0.093,1.35,1.305,1.303,1.356,1.324,0.094,1.145,1.154,1.306,1.4,0.099,0.094,0.092,0.093,0.093,0.093,0.092,0.092,0.092,0.093,0.093,0.092,0.092
,8:30:00,32,0.133,0.092,0.093,0.093,0.093,0.093,0.096,0.091,0.093,0.093,0.1,0.097,0.097,0.21,0.138,0.194,0.221,0.192,0.149,0.183,0.174,0.165,0.176,0.092,0.093,0.207,0.263,0.152,0.206,0.194,0.198,0.154,0.132,0.14,0.183,0.093,0.094,0.244,0.169,0.179,0.223,0.242,0.086,0.138,0.13,0.136,0.166,0.094,0.095,1.336,1.188,1.356,1.371,1.356,1.258,1.343,1.378,1.337,1.399,0.11,0.095,1.315,1.265,1.279,1.299,1.306,1.353,0.889,1.256,1.262,1.367,0.095,0.093,1.353,1.31,1.308,1.36,1.329,0.095,1.153,1.162,1.309,1.403,0.099,0.094,0.092,0.093,0.092,0.093,0.092,0.092,0.092,0.093,0.094,0.093,0.093
,8:35:00,32,0.13,0.091,0.093,0.093,0.093,0.093,0.096,0.091,0.093,0.094,0.104,0.097,0.097,0.213,0.139,0.201,0.224,0.193,0.151,0.185,0.176,0.167,0.178,0.091,0.093,0.208,0.26,0.159,0.209,0.183,0.205,0.164,0.136,0.143,0.185,0.093,0.094,0.242,0.173,0.195,0.225,0.248,0.086,0.142,0.131,0.14,0.167,0.093,0.095,1.336,1.193,1.359,1.375,1.361,1.264,1.347,1.382,1.342,1.403,0.11,0.095,1.32,1.267,1.283,1.303,1.309,1.357,0.9,1.263,1.266,1.371,0.094,0.093,1.357,1.314,1.313,1.363,1.334,0.095,1.161,1.169,1.313,1.406,0.099,0.094,0.092,0.093,0.092,0.093,0.092,0.092,0.092,0.093,0.093,0.093,0.093
,8:40:00,32,0.135,0.091,0.092,0.093,0.092,0.093,0.096,0.091,0.093,0.093,0.105,0.097,0.097,0.215,0.139,0.2,0.222,0.194,0.152,0.185,0.177,0.168,0.179,0.091,0.093,0.21,0.255,0.163,0.212,0.184,0.209,0.157,0.138,0.143,0.186,0.093,0.094,0.247,0.184,0.199,0.226,0.242,0.086,0.143,0.128,0.141,0.168,0.093,0.094,1.337,1.196,1.361,1.379,1.364,1.267,1.35,1.384,1.345,1.407,0.11,0.095,1.324,1.27,1.289,1.307,1.314,1.361,0.909,1.268,1.269,1.375,0.094,0.093,1.36,1.318,1.317,1.366,1.339,0.094,1.168,1.176,1.316,1.409,0.099,0.094,0.092,0.093,0.092,0.093,0.092,0.092,0.091,0.093,0.093,0.092,0.092
,8:45:00,32,0.136,0.091,0.092,0.093,0.092,0.093,0.096,0.091,0.093,0.093,0.105,0.097,0.096,0.208,0.141,0.199,0.222,0.198,0.153,0.188,0.178,0.17,0.18,0.091,0.093,0.211,0.258,0.162,0.213,0.188,0.21,0.166,0.139,0.138,0.189,0.093,0.094,0.245,0.176,0.193,0.228,0.243,0.085,0.144,0.13,0.143,0.17,0.093,0.094,1.338,1.2,1.366,1.382,1.369,1.274,1.356,1.387,1.349,1.41,0.112,0.095,1.329,1.274,1.293,1.312,1.32,1.364,0.919,1.272,1.273,1.38,0.094,0.093,1.364,1.323,1.321,1.369,1.344,0.095,1.175,1.184,1.32,1.413,0.099,0.094,0.092,0.093,0.092,0.093,0.092,0.092,0.092,0.093,0.094,0.092,0.093
,8:50:00,32,0.139,0.091,0.093,0.093,0.092,0.093,0.096,0.091,0.092,0.093,0.098,0.097,0.096,0.21,0.142,0.202,0.231,0.198,0.155,0.19,0.18,0.171,0.182,0.091,0.093,0.213,0.267,0.157,0.216,0.191,0.212,0.17,0.136,0.141,0.189,0.093,0.094,0.25,0.18,0.199,0.227,0.251,0.085,0.142,0.134,0.143,0.172,0.093,0.094,1.339,1.202,1.368,1.384,1.373,1.277,1.358,1.39,1.351,1.412,0.111,0.095,1.333,1.275,1.297,1.316,1.323,1.368,0.928,1.277,1.277,1.384,0.095,0.093,1.367,1.327,1.325,1.372,1.348,0.094,1.184,1.19,1.323,1.416,0.099,0.094,0.092,0.093,0.092,0.093,0.092,0.092,0.092,0.093,0.093,0.092,0.092
,8:55:00,32,0.136,0.092,0.092,0.093,0.092,0.093,0.096,0.091,0.093,0.093,0.111,0.097,0.097,0.225,0.141,0.206,0.232,0.202,0.157,0.19,0.181,0.172,0.183,0.091,0.093,0.216,0.261,0.166,0.218,0.188,0.213,0.163,0.135,0.142,0.191,0.093,0.094,0.243,0.181,0.195,0.231,0.283,0.086,0.142,0.129,0.145,0.173,0.093,0.095,1.341,1.206,1.372,1.388,1.377,1.282,1.364,1.393,1.355,1.416,0.113,0.095,1.339,1.279,1.302,1.32,1.328,1.372,0.938,1.283,1.281,1.388,0.095,0.093,1.371,1.331,1.329,1.376,1.353,0.095,1.19,1.198,1.328,1.42,0.1,0.094,0.093,0.093,0.093,0.093,0.092,0.092,0.092,0.093,0.094,0.093,0.093
,9:00:00,32,0.138,0.091,0.092,0.093,0.092,0.093,0.096,0.091,0.093,0.093,0.102,0.097,0.097,0.211,0.142,0.203,0.236,0.202,0.158,0.192,0.182,0.174,0.185,0.092,0.093,0.219,0.261,0.166,0.22,0.19,0.216,0.162,0.136,0.141,0.195,0.093,0.094,0.238,0.178,0.188,0.232,0.267,0.086,0.147,0.134,0.146,0.175,0.093,0.095,1.341,1.209,1.375,1.391,1.38,1.286,1.368,1.396,1.358,1.417,0.113,0.095,1.344,1.284,1.305,1.324,1.332,1.375,0.947,1.287,1.283,1.392,0.095,0.093,1.374,1.334,1.332,1.379,1.357,0.095,1.199,1.204,1.331,1.422,0.1,0.094,0.092,0.093,0.092,0.093,0.092,0.092,0.092,0.093,0.093,0.093,0.093
,9:05:00,32,0.128,0.091,0.092,0.093,0.092,0.093,0.096,0.091,0.092,0.093,0.11,0.097,0.096,0.218,0.143,0.205,0.237,0.202,0.159,0.194,0.184,0.175,0.186,0.091,0.093,0.22,0.263,0.168,0.222,0.192,0.217,0.164,0.137,0.142,0.196,0.093,0.094,0.245,0.186,0.207,0.232,0.257,0.086,0.145,0.134,0.146,0.175,0.093,0.094,1.34,1.213,1.377,1.395,1.384,1.289,1.371,1.398,1.36,1.42,0.107,0.095,1.347,1.286,1.309,1.328,1.334,1.378,0.957,1.291,1.286,1.395,0.095,0.093,1.378,1.337,1.336,1.381,1.361,0.094,1.206,1.21,1.333,1.424,0.099,0.094,0.092,0.092,0.092,0.093,0.092,0.092,0.091,0.093,0.093,0.092,0.093
,9:10:00,32,0.141,0.091,0.093,0.093,0.092,0.093,0.096,0.091,0.093,0.093,0.096,0.097,0.096,0.214,0.144,0.212,0.239,0.204,0.161,0.196,0.185,0.177,0.187,0.091,0.093,0.221,0.263,0.169,0.225,0.193,0.214,0.166,0.138,0.143,0.197,0.092,0.094,0.244,0.188,0.207,0.234,0.29,0.085,0.148,0.131,0.148,0.178,0.093,0.094,1.34,1.215,1.381,1.401,1.389,1.294,1.375,1.401,1.363,1.424,0.113,0.095,1.352,1.286,1.313,1.331,1.337,1.383,0.965,1.295,1.289,1.4,0.094,0.093,1.38,1.345,1.339,1.384,1.364,0.094,1.211,1.217,1.335,1.428,0.1,0.094,0.092,0.093,0.092,0.093,0.092,0.092,0.091,0.093,0.093,0.092,0.092
,9:15:00,32,0.135,0.091,0.093,0.093,0.092,0.093,0.096,0.091,0.093,0.093,0.094,0.097,0.097,0.221,0.145,0.209,0.225,0.209,0.162,0.197,0.187,0.178,0.189,0.092,0.093,0.225,0.26,0.166,0.227,0.197,0.212,0.167,0.143,0.152,0.2,0.093,0.095,0.246,0.197,0.201,0.234,0.256,0.086,0.147,0.138,0.15,0.18,0.093,0.095,1.34,1.22,1.385,1.406,1.392,1.298,1.378,1.404,1.367,1.427,0.112,0.096,1.357,1.288,1.318,1.335,1.341,1.388,0.975,1.299,1.292,1.404,0.095,0.093,1.385,1.351,1.343,1.388,1.371,0.095,1.218,1.223,1.34,1.435,0.1,0.094,0.093,0.093,0.093,0.093,0.092,0.092,0.092,0.093,0.094,0.093,0.093
,9:20:00,32,0.14,0.092,0.092,0.093,0.092,0.093,0.096,0.091,0.093,0.093,0.094,0.097,0.096,0.219,0.145,0.213,0.232,0.208,0.164,0.199,0.188,0.179,0.19,0.091,0.093,0.227,0.261,0.173,0.229,0.202,0.219,0.169,0.143,0.146,0.202,0.093,0.094,0.248,0.206,0.203,0.237,0.257,0.086,0.147,0.135,0.151,0.179,0.093,0.095,1.339,1.223,1.386,1.409,1.397,1.302,1.38,1.406,1.369,1.429,0.116,0.095,1.359,1.288,1.32,1.338,1.343,1.391,0.983,1.302,1.295,1.408,0.094,0.093,1.388,1.354,1.346,1.389,1.377,0.094,1.225,1.228,1.341,1.438,0.099,0.094,0.092,0.093,0.092,0.093,0.092,0.092,0.092,0.093,0.093,0.092,0.092
,9:25:00,32,0.143,0.092,0.093,0.093,0.092,0.093,0.096,0.091,0.093,0.093,0.111,0.097,0.096,0.222,0.147,0.212,0.244,0.213,0.166,0.2,0.189,0.181,0.192,0.091,0.093,0.218,0.262,0.173,0.231,0.198,0.223,0.171,0.149,0.156,0.204,0.093,0.094,0.255,0.205,0.214,0.238,0.266,0.086,0.148,0.135,0.152,0.183,0.093,0.095,1.339,1.227,1.389,1.413,1.402,1.305,1.382,1.409,1.372,1.433,0.114,0.095,1.363,1.288,1.324,1.342,1.345,1.397,0.992,1.307,1.298,1.412,0.095,0.093,1.396,1.359,1.35,1.392,1.382,0.094,1.23,1.234,1.345,1.443,0.099,0.094,0.092,0.093,0.092,0.093,0.092,0.092,0.092,0.093,0.093,0.093,0.092
,9:30:00,32,0.14,0.091,0.092,0.093,0.092,0.093,0.096,0.091,0.092,0.093,0.095,0.097,0.097,0.224,0.147,0.216,0.242,0.211,0.167,0.202,0.19,0.182,0.193,0.091,0.093,0.231,0.253,0.174,0.236,0.2,0.223,0.171,0.142,0.149,0.205,0.093,0.094,0.249,0.187,0.206,0.238,0.276,0.085,0.147,0.14,0.153,0.185,0.093,0.095,1.339,1.23,1.393,1.415,1.404,1.309,1.383,1.412,1.375,1.438,0.111,0.095,1.367,1.287,1.332,1.346,1.349,1.401,1,1.31,1.3,1.417,0.095,0.093,1.401,1.362,1.354,1.395,1.385,0.094,1.237,1.239,1.348,1.446,0.099,0.094,0.092,0.093,0.092,0.093,0.092,0.092,0.092,0.093,0.094,0.093,0.093
,9:35:00,32,0.133,0.091,0.092,0.093,0.092,0.093,0.096,0.091,0.092,0.093,0.094,0.097,0.096,0.221,0.148,0.216,0.241,0.215,0.168,0.203,0.192,0.183,0.194,0.091,0.093,0.233,0.257,0.177,0.237,0.201,0.221,0.173,0.145,0.163,0.207,0.093,0.094,0.264,0.201,0.219,0.237,0.265,0.085,0.149,0.137,0.155,0.186,0.093,0.094,1.338,1.237,1.398,1.417,1.408,1.312,1.383,1.417,1.377,1.441,0.109,0.095,1.372,1.288,1.337,1.352,1.351,1.405,1.009,1.314,1.302,1.42,0.094,0.093,1.405,1.365,1.36,1.401,1.388,0.094,1.244,1.244,1.351,1.449,0.099,0.094,0.092,0.093,0.093,0.093,0.092,0.092,0.092,0.093,0.094,0.092,0.092
,9:40:00,32,0.132,0.091,0.092,0.093,0.092,0.093,0.096,0.091,0.092,0.093,0.094,0.097,0.096,0.22,0.149,0.218,0.246,0.215,0.17,0.205,0.193,0.184,0.195,0.091,0.093,0.236,0.258,0.175,0.239,0.203,0.227,0.176,0.145,0.158,0.21,0.093,0.094,0.257,0.213,0.214,0.242,0.281,0.085,0.155,0.138,0.157,0.187,0.093,0.094,1.337,1.239,1.401,1.421,1.411,1.315,1.383,1.423,1.38,1.446,0.113,0.095,1.376,1.287,1.341,1.358,1.353,1.408,1.016,1.321,1.304,1.424,0.094,0.093,1.408,1.367,1.366,1.407,1.392,0.095,1.248,1.249,1.355,1.452,0.099,0.094,0.092,0.092,0.092,0.093,0.092,0.092,0.092,0.093,0.093,0.092,0.092
,9:45:00,32,0.125,0.091,0.092,0.093,0.092,0.093,0.096,0.091,0.092,0.093,0.094,0.097,0.097,0.22,0.149,0.225,0.248,0.217,0.172,0.206,0.194,0.186,0.197,0.091,0.093,0.237,0.269,0.181,0.242,0.206,0.219,0.176,0.146,0.153,0.212,0.093,0.094,0.265,0.204,0.222,0.244,0.271,0.085,0.153,0.135,0.158,0.189,0.093,0.094,1.337,1.244,1.404,1.421,1.413,1.318,1.384,1.428,1.382,1.451,0.106,0.095,1.382,1.287,1.345,1.364,1.357,1.41,1.025,1.326,1.307,1.427,0.094,0.093,1.411,1.37,1.371,1.411,1.394,0.095,1.254,1.254,1.361,1.454,0.099,0.094,0.092,0.093,0.092,0.093,0.092,0.092,0.092,0.093,0.093,0.093,0.092
,9:50:00,32,0.139,0.091,0.092,0.093,0.092,0.093,0.096,0.091,0.092,0.093,0.097,0.096,0.096,0.224,0.15,0.222,0.253,0.219,0.173,0.208,0.196,0.187,0.199,0.091,0.093,0.24,0.265,0.181,0.246,0.207,0.231,0.178,0.146,0.155,0.215,0.093,0.094,0.267,0.204,0.221,0.244,0.309,0.085,0.153,0.142,0.157,0.191,0.093,0.095,1.336,1.248,1.405,1.422,1.415,1.32,1.383,1.432,1.384,1.451,0.109,0.095,1.387,1.286,1.348,1.368,1.358,1.412,1.032,1.331,1.309,1.429,0.094,0.093,1.413,1.372,1.375,1.415,1.397,0.094,1.259,1.258,1.365,1.455,0.099,0.094,0.092,0.093,0.092,0.093,0.092,0.092,0.092,0.093,0.093,0.093,0.092
,9:55:00,32,0.137,0.091,0.092,0.093,0.093,0.093,0.096,0.091,0.093,0.093,0.094,0.097,0.097,0.236,0.152,0.224,0.238,0.221,0.175,0.21,0.197,0.188,0.2,0.092,0.093,0.244,0.259,0.185,0.248,0.208,0.228,0.18,0.153,0.167,0.217,0.093,0.094,0.27,0.195,0.224,0.246,0.299,0.086,0.156,0.145,0.161,0.193,0.093,0.095,1.336,1.251,1.407,1.424,1.417,1.323,1.384,1.436,1.388,1.453,0.097,0.096,1.39,1.285,1.352,1.372,1.367,1.413,1.04,1.336,1.311,1.432,0.095,0.093,1.415,1.374,1.379,1.418,1.399,0.095,1.264,1.263,1.368,1.456,0.1,0.094,0.093,0.093,0.092,0.094,0.092,0.093,0.092,0.093,0.094,0.093,0.093
,10:00:00,32,0.138,0.091,0.092,0.093,0.092,0.093,0.096,0.091,0.093,0.093,0.094,0.097,0.096,0.238,0.153,0.225,0.246,0.223,0.176,0.211,0.198,0.189,0.201,0.091,0.093,0.232,0.259,0.183,0.251,0.21,0.235,0.183,0.154,0.169,0.219,0.092,0.094,0.265,0.206,0.229,0.246,0.275,0.085,0.155,0.146,0.162,0.195,0.093,0.094,1.335,1.256,1.407,1.424,1.418,1.325,1.383,1.438,1.389,1.454,0.1,0.095,1.392,1.285,1.353,1.373,1.374,1.414,1.047,1.338,1.313,1.433,0.094,0.093,1.416,1.375,1.381,1.42,1.401,0.094,1.27,1.267,1.371,1.457,0.099,0.094,0.092,0.093,0.092,0.093,0.092,0.092,0.092,0.093,0.094,0.092,0.093
,10:05:00,32,0.138,0.091,0.092,0.093,0.092,0.093,0.096,0.091,0.093,0.093,0.094,0.097,0.096,0.224,0.153,0.226,0.257,0.225,0.178,0.213,0.2,0.191,0.202,0.091,0.093,0.234,0.256,0.183,0.256,0.211,0.236,0.183,0.15,0.163,0.221,0.093,0.094,0.267,0.2,0.227,0.249,0.317,0.086,0.155,0.146,0.164,0.197,0.093,0.094,1.334,1.257,1.406,1.425,1.421,1.327,1.384,1.44,1.392,1.455,0.096,0.095,1.395,1.283,1.355,1.375,1.379,1.415,1.055,1.342,1.315,1.435,0.094,0.093,1.417,1.377,1.384,1.421,1.402,0.095,1.273,1.271,1.373,1.457,0.099,0.094,0.092,0.093,0.093,0.093,0.092,0.092,0.092,0.093,0.093,0.092,0.093
,10:10:00,32,0.129,0.091,0.092,0.093,0.092,0.093,0.096,0.091,0.092,0.093,0.094,0.097,0.096,0.225,0.154,0.225,0.259,0.227,0.179,0.214,0.202,0.192,0.204,0.091,0.093,0.251,0.253,0.189,0.256,0.212,0.23,0.185,0.151,0.161,0.224,0.093,0.094,0.258,0.215,0.23,0.25,0.323,0.085,0.157,0.145,0.166,0.198,0.093,0.095,1.333,1.262,1.407,1.425,1.424,1.329,1.384,1.441,1.394,1.456,0.097,0.095,1.396,1.283,1.358,1.376,1.384,1.416,1.062,1.345,1.316,1.436,0.095,0.093,1.417,1.38,1.385,1.424,1.406,0.095,1.278,1.275,1.375,1.458,0.1,0.094,0.092,0.093,0.093,0.094,0.092,0.092,0.092,0.093,0.093,0.093,0.093
,10:15:00,32,0.149,0.091,0.092,0.093,0.092,0.093,0.096,0.091,0.093,0.093,0.094,0.097,0.096,0.226,0.156,0.229,0.262,0.229,0.181,0.216,0.202,0.194,0.205,0.091,0.093,0.252,0.259,0.19,0.258,0.215,0.241,0.188,0.158,0.169,0.225,0.093,0.094,0.271,0.205,0.23,0.252,0.279,0.085,0.159,0.148,0.166,0.199,0.093,0.095,1.332,1.264,1.405,1.427,1.426,1.33,1.384,1.441,1.395,1.457,0.096,0.095,1.398,1.28,1.358,1.376,1.387,1.416,1.069,1.347,1.318,1.436,0.094,0.093,1.417,1.382,1.386,1.423,1.408,0.094,1.282,1.28,1.375,1.458,0.099,0.094,0.092,0.093,0.092,0.093,0.092,0.092,0.092,0.093,0.093,0.092,0.093
,10:20:00,32,0.123,0.091,0.092,0.093,0.093,0.092,0.096,0.091,0.093,0.093,0.106,0.097,0.097,0.229,0.157,0.228,0.246,0.231,0.182,0.217,0.204,0.195,0.207,0.091,0.093,0.254,0.264,0.192,0.262,0.215,0.233,0.189,0.159,0.173,0.228,0.093,0.094,0.27,0.203,0.219,0.254,0.325,0.085,0.155,0.149,0.169,0.202,0.093,0.095,1.332,1.267,1.406,1.427,1.428,1.332,1.384,1.443,1.399,1.457,0.096,0.095,1.399,1.279,1.362,1.378,1.39,1.417,1.076,1.35,1.32,1.438,0.095,0.093,1.419,1.384,1.387,1.425,1.41,0.095,1.286,1.291,1.377,1.459,0.099,0.094,0.092,0.092,0.092,0.093,0.092,0.092,0.092,0.093,0.093,0.093,0.092
,10:25:00,32,0.14,0.091,0.092,0.093,0.092,0.093,0.096,0.091,0.092,0.093,0.095,0.097,0.096,0.228,0.158,0.23,0.262,0.233,0.184,0.219,0.205,0.196,0.207,0.091,0.093,0.257,0.266,0.194,0.265,0.221,0.241,0.193,0.155,0.175,0.23,0.092,0.094,0.263,0.208,0.232,0.253,0.324,0.086,0.155,0.148,0.171,0.203,0.093,0.094,1.331,1.269,1.405,1.428,1.429,1.335,1.384,1.443,1.401,1.457,0.098,0.095,1.401,1.279,1.365,1.379,1.391,1.417,1.082,1.352,1.321,1.439,0.095,0.093,1.419,1.385,1.388,1.425,1.412,0.095,1.289,1.298,1.377,1.459,0.1,0.094,0.092,0.093,0.092,0.093,0.092,0.092,0.092,0.093,0.093,0.093,0.093
,10:30:00,32,0.16,0.091,0.092,0.093,0.092,0.092,0.096,0.091,0.092,0.093,0.093,0.097,0.096,0.239,0.158,0.233,0.259,0.236,0.185,0.22,0.207,0.197,0.209,0.091,0.093,0.26,0.259,0.194,0.268,0.218,0.245,0.193,0.159,0.166,0.233,0.093,0.094,0.278,0.207,0.218,0.255,0.287,0.085,0.158,0.151,0.17,0.205,0.093,0.095,1.33,1.269,1.403,1.428,1.43,1.336,1.383,1.442,1.405,1.456,0.097,0.095,1.401,1.276,1.366,1.377,1.392,1.417,1.089,1.354,1.323,1.44,0.094,0.093,1.418,1.386,1.387,1.425,1.413,0.095,1.292,1.303,1.377,1.458,0.099,0.094,0.092,0.093,0.093,0.093,0.092,0.092,0.092,0.093,0.093,0.092,0.092
,10:35:00,32,0.135,0.091,0.092,0.093,0.092,0.093,0.096,0.091,0.092,0.093,0.096,0.097,0.096,0.23,0.159,0.233,0.248,0.237,0.187,0.221,0.208,0.198,0.21,0.091,0.093,0.262,0.258,0.193,0.272,0.219,0.247,0.195,0.157,0.167,0.235,0.093,0.094,0.279,0.221,0.235,0.255,0.333,0.085,0.163,0.15,0.171,0.207,0.093,0.094,1.33,1.27,1.403,1.429,1.43,1.339,1.384,1.442,1.411,1.457,0.097,0.095,1.402,1.275,1.369,1.378,1.394,1.419,1.095,1.356,1.326,1.441,0.095,0.093,1.419,1.387,1.388,1.426,1.415,0.095,1.297,1.308,1.378,1.46,0.099,0.094,0.092,0.093,0.092,0.093,0.092,0.092,0.092,0.093,0.093,0.093,0.092
,10:40:00,32,0.133,0.092,0.092,0.093,0.093,0.093,0.096,0.091,0.093,0.093,0.094,0.097,0.097,0.23,0.161,0.236,0.271,0.24,0.189,0.228,0.21,0.199,0.212,0.091,0.093,0.258,0.26,0.191,0.275,0.228,0.246,0.197,0.159,0.169,0.238,0.093,0.094,0.27,0.212,0.234,0.257,0.289,0.086,0.165,0.151,0.174,0.208,0.094,0.095,1.329,1.272,1.401,1.428,1.432,1.344,1.384,1.44,1.415,1.456,0.098,0.096,1.402,1.275,1.37,1.378,1.394,1.418,1.101,1.358,1.327,1.442,0.095,0.093,1.42,1.388,1.388,1.426,1.415,0.095,1.302,1.312,1.378,1.459,0.1,0.094,0.093,0.093,0.093,0.093,0.092,0.093,0.092,0.094,0.094,0.093,0.093
,10:45:00,32,0.148,0.092,0.092,0.093,0.093,0.093,0.096,0.091,0.093,0.093,0.094,0.097,0.097,0.245,0.162,0.235,0.252,0.243,0.191,0.224,0.211,0.201,0.213,0.091,0.094,0.269,0.26,0.201,0.278,0.222,0.25,0.199,0.159,0.171,0.241,0.093,0.094,0.274,0.216,0.239,0.259,0.329,0.086,0.161,0.155,0.176,0.211,0.093,0.095,1.328,1.272,1.4,1.429,1.431,1.347,1.384,1.44,1.419,1.457,0.097,0.096,1.402,1.274,1.371,1.378,1.394,1.419,1.108,1.36,1.329,1.443,0.095,0.093,1.42,1.389,1.388,1.426,1.417,0.095,1.303,1.315,1.378,1.46,0.099,0.095,0.093,0.093,0.093,0.094,0.092,0.092,0.092,0.093,0.094,0.093,0.093
,10:50:00,32,0.14,0.091,0.093,0.093,0.093,0.093,0.096,0.091,0.093,0.093,0.094,0.097,0.097,0.234,0.163,0.238,0.252,0.244,0.192,0.226,0.212,0.202,0.215,0.092,0.093,0.27,0.258,0.201,0.279,0.227,0.238,0.204,0.161,0.172,0.243,0.093,0.094,0.282,0.222,0.24,0.261,0.321,0.085,0.163,0.154,0.177,0.212,0.093,0.095,1.327,1.273,1.399,1.43,1.431,1.351,1.384,1.44,1.424,1.456,0.097,0.096,1.402,1.273,1.372,1.377,1.393,1.419,1.113,1.363,1.33,1.444,0.095,0.094,1.42,1.388,1.389,1.425,1.417,0.095,1.307,1.318,1.378,1.459,0.1,0.094,0.092,0.093,0.093,0.094,0.092,0.093,0.092,0.094,0.094,0.093,0.093
,10:55:00,32,0.129,0.091,0.093,0.093,0.093,0.093,0.096,0.091,0.093,0.093,0.105,0.097,0.096,0.232,0.164,0.237,0.253,0.246,0.194,0.227,0.214,0.203,0.216,0.091,0.093,0.275,0.26,0.204,0.283,0.227,0.254,0.204,0.162,0.172,0.245,0.093,0.094,0.282,0.228,0.239,0.262,0.297,0.085,0.167,0.159,0.179,0.214,0.093,0.094,1.326,1.273,1.398,1.43,1.431,1.353,1.383,1.439,1.426,1.455,0.097,0.095,1.402,1.271,1.372,1.377,1.393,1.42,1.119,1.366,1.332,1.444,0.095,0.093,1.42,1.389,1.389,1.425,1.416,0.095,1.312,1.321,1.377,1.459,0.1,0.094,0.093,0.093,0.093,0.094,0.092,0.092,0.092,0.094,0.094,0.093,0.093
,11:00:00,32,0.14,0.091,0.092,0.093,0.092,0.093,0.096,0.091,0.093,0.093,0.094,0.097,0.096,0.236,0.165,0.242,0.256,0.249,0.195,0.229,0.215,0.204,0.217,0.091,0.093,0.275,0.272,0.207,0.285,0.231,0.246,0.208,0.163,0.174,0.248,0.093,0.094,0.274,0.22,0.251,0.262,0.322,0.085,0.167,0.16,0.181,0.216,0.093,0.095,1.324,1.274,1.396,1.429,1.43,1.354,1.383,1.437,1.427,1.455,0.105,0.095,1.402,1.27,1.372,1.377,1.391,1.419,1.125,1.368,1.333,1.443,0.095,0.093,1.42,1.389,1.389,1.425,1.417,0.095,1.312,1.323,1.377,1.459,0.1,0.094,0.092,0.093,0.092,0.093,0.092,0.092,0.092,0.094,0.094,0.093,0.093
,11:05:00,32,0.145,0.091,0.092,0.093,0.092,0.093,0.096,0.091,0.093,0.093,0.094,0.097,0.097,0.236,0.166,0.244,0.259,0.251,0.197,0.23,0.218,0.206,0.219,0.092,0.093,0.276,0.259,0.207,0.289,0.231,0.257,0.209,0.165,0.175,0.25,0.093,0.094,0.271,0.221,0.238,0.262,0.321,0.086,0.165,0.16,0.182,0.218,0.093,0.095,1.324,1.274,1.396,1.43,1.431,1.355,1.382,1.437,1.429,1.454,0.097,0.095,1.402,1.268,1.372,1.376,1.391,1.419,1.13,1.37,1.336,1.444,0.095,0.093,1.421,1.389,1.39,1.424,1.417,0.095,1.316,1.325,1.377,1.46,0.099,0.094,0.092,0.093,0.093,0.094,0.092,0.092,0.092,0.094,0.094,0.093,0.092
,11:10:00,32,0.136,0.091,0.092,0.093,0.093,0.093,0.096,0.091,0.093,0.093,0.094,0.097,0.097,0.236,0.167,0.244,0.257,0.254,0.198,0.231,0.217,0.206,0.22,0.091,0.093,0.279,0.261,0.21,0.292,0.233,0.243,0.211,0.169,0.19,0.253,0.093,0.095,0.278,0.221,0.249,0.263,0.326,0.086,0.169,0.162,0.185,0.22,0.093,0.095,1.323,1.274,1.394,1.43,1.431,1.356,1.381,1.436,1.431,1.455,0.098,0.095,1.402,1.268,1.372,1.376,1.39,1.419,1.135,1.371,1.339,1.445,0.095,0.093,1.421,1.389,1.39,1.424,1.417,0.095,1.318,1.328,1.377,1.459,0.1,0.094,0.092,0.093,0.092,0.093,0.092,0.093,0.092,0.093,0.093,0.093,0.092
,11:15:00,32,0.125,0.091,0.092,0.093,0.093,0.093,0.096,0.091,0.093,0.093,0.108,0.097,0.097,0.236,0.168,0.247,0.264,0.256,0.2,0.238,0.219,0.208,0.221,0.091,0.093,0.28,0.26,0.212,0.294,0.242,0.26,0.215,0.167,0.178,0.255,0.093,0.094,0.288,0.228,0.257,0.266,0.342,0.086,0.167,0.156,0.185,0.221,0.093,0.095,1.322,1.274,1.393,1.43,1.43,1.355,1.381,1.435,1.431,1.453,0.098,0.095,1.402,1.267,1.371,1.374,1.389,1.419,1.14,1.373,1.342,1.444,0.095,0.093,1.422,1.389,1.389,1.423,1.417,0.095,1.319,1.329,1.376,1.46,0.099,0.094,0.093,0.093,0.092,0.094,0.092,0.092,0.092,0.093,0.094,0.093,0.093
,11:20:00,32,0.125,0.091,0.092,0.093,0.092,0.093,0.096,0.091,0.092,0.093,0.099,0.097,0.097,0.236,0.169,0.244,0.281,0.258,0.201,0.234,0.222,0.209,0.222,0.091,0.093,0.284,0.255,0.214,0.298,0.232,0.246,0.214,0.169,0.187,0.258,0.093,0.094,0.279,0.223,0.243,0.266,0.304,0.086,0.169,0.163,0.183,0.224,0.093,0.095,1.321,1.273,1.391,1.429,1.429,1.355,1.381,1.434,1.431,1.453,0.098,0.096,1.402,1.266,1.371,1.375,1.389,1.42,1.145,1.373,1.345,1.444,0.095,0.093,1.422,1.388,1.39,1.423,1.416,0.095,1.323,1.331,1.376,1.46,0.099,0.094,0.092,0.093,0.093,0.093,0.092,0.092,0.092,0.093,0.093,0.093,0.092
,11:25:00,32,0.122,0.091,0.093,0.093,0.092,0.093,0.096,0.091,0.092,0.093,0.098,0.097,0.097,0.236,0.17,0.251,0.261,0.26,0.203,0.235,0.22,0.21,0.223,0.091,0.093,0.278,0.264,0.215,0.3,0.241,0.26,0.226,0.17,0.184,0.26,0.092,0.094,0.277,0.245,0.26,0.268,0.306,0.085,0.175,0.162,0.189,0.225,0.093,0.095,1.32,1.273,1.39,1.429,1.428,1.354,1.38,1.433,1.431,1.452,0.102,0.095,1.401,1.265,1.371,1.373,1.387,1.419,1.149,1.373,1.348,1.445,0.095,0.093,1.421,1.388,1.389,1.423,1.417,0.095,1.325,1.334,1.376,1.46,0.099,0.094,0.092,0.093,0.093,0.093,0.092,0.092,0.092,0.093,0.094,0.093,0.092
,11:30:00,32,0.151,0.092,0.092,0.093,0.093,0.093,0.096,0.091,0.093,0.093,0.103,0.097,0.097,0.249,0.172,0.246,0.262,0.263,0.205,0.238,0.223,0.211,0.224,0.091,0.093,0.282,0.254,0.219,0.306,0.236,0.249,0.219,0.173,0.181,0.263,0.093,0.095,0.288,0.23,0.257,0.269,0.307,0.086,0.174,0.168,0.19,0.226,0.093,0.095,1.318,1.273,1.389,1.429,1.428,1.354,1.379,1.433,1.431,1.451,0.105,0.096,1.401,1.264,1.37,1.374,1.386,1.419,1.154,1.373,1.349,1.444,0.095,0.094,1.421,1.388,1.389,1.422,1.416,0.095,1.327,1.335,1.377,1.459,0.1,0.094,0.093,0.093,0.093,0.094,0.093,0.093,0.092,0.094,0.094,0.093,0.093
,11:35:00,32,0.139,0.091,0.092,0.093,0.093,0.093,0.096,0.091,0.093,0.093,0.096,0.097,0.097,0.239,0.173,0.254,0.263,0.266,0.206,0.241,0.223,0.213,0.225,0.091,0.093,0.282,0.262,0.22,0.309,0.245,0.253,0.229,0.175,0.192,0.265,0.093,0.095,0.292,0.233,0.27,0.269,0.329,0.086,0.176,0.167,0.193,0.228,0.093,0.095,1.318,1.272,1.388,1.429,1.427,1.354,1.379,1.432,1.431,1.451,0.102,0.096,1.401,1.264,1.37,1.374,1.387,1.419,1.164,1.374,1.351,1.445,0.095,0.093,1.422,1.388,1.39,1.422,1.417,0.095,1.329,1.337,1.378,1.46,0.1,0.094,0.093,0.093,0.093,0.093,0.093,0.093,0.092,0.094,0.094,0.093,0.093
,11:40:00,32,0.136,0.092,0.092,0.093,0.092,0.093,0.096,0.091,0.092,0.093,0.102,0.097,0.097,0.238,0.174,0.255,0.28,0.273,0.208,0.244,0.223,0.214,0.227,0.091,0.093,0.285,0.259,0.222,0.308,0.247,0.251,0.227,0.175,0.187,0.268,0.093,0.094,0.296,0.233,0.261,0.27,0.337,0.085,0.17,0.166,0.19,0.229,0.093,0.094,1.317,1.272,1.386,1.429,1.426,1.352,1.378,1.43,1.43,1.45,0.102,0.096,1.401,1.261,1.37,1.371,1.384,1.418,1.17,1.373,1.351,1.444,0.094,0.093,1.421,1.387,1.389,1.422,1.415,0.095,1.335,1.338,1.377,1.459,0.099,0.094,0.092,0.093,0.093,0.094,0.092,0.092,0.092,0.093,0.094,0.093,0.093
,11:45:00,32,0.13,0.091,0.092,0.093,0.092,0.093,0.096,0.091,0.092,0.093,0.094,0.096,0.096,0.241,0.175,0.256,0.266,0.27,0.21,0.242,0.225,0.215,0.228,0.091,0.093,0.288,0.256,0.224,0.313,0.254,0.264,0.229,0.177,0.189,0.271,0.093,0.094,0.293,0.237,0.266,0.27,0.314,0.085,0.176,0.17,0.195,0.231,0.093,0.095,1.315,1.271,1.385,1.428,1.426,1.351,1.376,1.431,1.43,1.45,0.103,0.095,1.4,1.26,1.368,1.372,1.384,1.418,1.176,1.374,1.352,1.445,0.095,0.094,1.421,1.387,1.389,1.422,1.415,0.095,1.342,1.34,1.377,1.459,0.099,0.094,0.092,0.093,0.093,0.093,0.092,0.093,0.092,0.093,0.093,0.093,0.092
,11:50:00,32,0.142,0.091,0.092,0.093,0.092,0.093,0.096,0.091,0.093,0.093,0.099,0.097,0.096,0.239,0.177,0.258,0.29,0.282,0.211,0.243,0.225,0.216,0.229,0.091,0.093,0.291,0.264,0.227,0.317,0.261,0.256,0.236,0.18,0.2,0.274,0.093,0.094,0.296,0.239,0.27,0.273,0.335,0.085,0.18,0.169,0.199,0.233,0.093,0.095,1.315,1.271,1.384,1.429,1.425,1.35,1.376,1.429,1.429,1.449,0.101,0.096,1.4,1.26,1.368,1.371,1.383,1.418,1.181,1.373,1.352,1.444,0.094,0.094,1.421,1.386,1.389,1.421,1.415,0.095,1.346,1.342,1.377,1.46,0.1,0.094,0.092,0.092,0.093,0.093,0.092,0.092,0.092,0.094,0.094,0.092,0.093
,11:55:00,32,0.136,0.091,0.092,0.093,0.092,0.093,0.096,0.091,0.092,0.093,0.093,0.097,0.096,0.243,0.178,0.256,0.294,0.275,0.212,0.244,0.227,0.217,0.23,0.091,0.093,0.293,0.261,0.228,0.319,0.245,0.257,0.232,0.18,0.187,0.276,0.093,0.094,0.286,0.238,0.275,0.274,0.315,0.085,0.175,0.169,0.199,0.235,0.093,0.094,1.314,1.271,1.382,1.428,1.424,1.349,1.374,1.428,1.428,1.448,0.102,0.095,1.399,1.259,1.367,1.371,1.382,1.417,1.186,1.373,1.352,1.445,0.094,0.093,1.421,1.386,1.388,1.42,1.415,0.095,1.351,1.344,1.377,1.459,0.099,0.094,0.092,0.093,0.092,0.093,0.092,0.092,0.092,0.093,0.094,0.093,0.092
,12:00:00,32,0.12,0.091,0.092,0.093,0.092,0.092,0.096,0.091,0.092,0.093,0.094,0.096,0.096,0.241,0.179,0.256,0.281,0.277,0.214,0.244,0.228,0.217,0.232,0.091,0.093,0.295,0.272,0.228,0.323,0.249,0.266,0.236,0.181,0.189,0.279,0.093,0.094,0.297,0.243,0.265,0.275,0.36,0.085,0.178,0.173,0.2,0.238,0.093,0.094,1.313,1.27,1.381,1.428,1.424,1.348,1.373,1.427,1.428,1.448,0.098,0.095,1.399,1.258,1.366,1.369,1.382,1.418,1.191,1.372,1.352,1.444,0.094,0.094,1.421,1.385,1.389,1.42,1.414,0.094,1.354,1.346,1.377,1.459,0.1,0.094,0.092,0.093,0.092,0.093,0.093,0.092,0.092,0.094,0.094,0.092,0.092
,12:05:00,32,0.146,0.091,0.092,0.093,0.092,0.093,0.096,0.091,0.092,0.093,0.093,0.097,0.097,0.241,0.18,0.258,0.293,0.279,0.216,0.25,0.231,0.219,0.233,0.091,0.093,0.299,0.275,0.231,0.323,0.256,0.263,0.238,0.196,0.189,0.282,0.093,0.094,0.299,0.243,0.274,0.276,0.325,0.085,0.171,0.175,0.202,0.239,0.093,0.095,1.313,1.269,1.38,1.428,1.423,1.347,1.372,1.427,1.428,1.448,0.1,0.096,1.399,1.257,1.366,1.37,1.382,1.417,1.195,1.372,1.352,1.445,0.095,0.094,1.421,1.385,1.389,1.419,1.414,0.095,1.356,1.348,1.378,1.459,0.099,0.094,0.092,0.093,0.092,0.094,0.092,0.092,0.092,0.094,0.094,0.093,0.092
,12:10:00,32,0.13,0.091,0.092,0.093,0.092,0.093,0.096,0.091,0.092,0.093,0.101,0.097,0.096,0.242,0.181,0.258,0.272,0.285,0.217,0.25,0.233,0.22,0.235,0.091,0.093,0.301,0.26,0.234,0.327,0.245,0.259,0.235,0.184,0.201,0.286,0.092,0.094,0.302,0.246,0.269,0.277,0.328,0.085,0.178,0.177,0.204,0.24,0.093,0.094,1.313,1.269,1.38,1.429,1.422,1.347,1.37,1.427,1.428,1.447,0.098,0.095,1.399,1.256,1.366,1.368,1.381,1.417,1.199,1.372,1.351,1.444,0.095,0.094,1.421,1.385,1.388,1.42,1.414,0.095,1.358,1.35,1.378,1.459,0.1,0.094,0.093,0.093,0.092,0.093,0.092,0.092,0.092,0.094,0.094,0.093,0.092
,12:15:00,32,0.149,0.091,0.092,0.093,0.093,0.093,0.096,0.091,0.093,0.093,0.094,0.097,0.097,0.242,0.183,0.261,0.274,0.285,0.219,0.253,0.233,0.222,0.236,0.091,0.093,0.305,0.262,0.237,0.33,0.259,0.261,0.244,0.202,0.203,0.29,0.093,0.095,0.299,0.247,0.279,0.278,0.347,0.086,0.173,0.175,0.204,0.242,0.093,0.095,1.314,1.268,1.378,1.428,1.421,1.346,1.37,1.426,1.427,1.447,0.097,0.096,1.398,1.256,1.365,1.368,1.379,1.417,1.202,1.371,1.35,1.444,0.095,0.093,1.422,1.383,1.388,1.419,1.414,0.095,1.358,1.35,1.378,1.46,0.1,0.094,0.093,0.093,0.093,0.094,0.092,0.093,0.092,0.094,0.094,0.093,0.093
,12:20:00,32,0.148,0.091,0.092,0.093,0.093,0.093,0.096,0.091,0.093,0.093,0.093,0.097,0.097,0.255,0.184,0.258,0.298,0.287,0.22,0.253,0.233,0.222,0.236,0.091,0.093,0.308,0.257,0.236,0.334,0.251,0.264,0.242,0.186,0.204,0.292,0.093,0.094,0.3,0.251,0.262,0.278,0.334,0.086,0.174,0.176,0.208,0.244,0.093,0.095,1.312,1.267,1.376,1.427,1.42,1.345,1.369,1.424,1.427,1.446,0.096,0.096,1.397,1.254,1.365,1.367,1.38,1.416,1.206,1.371,1.35,1.443,0.095,0.093,1.421,1.383,1.389,1.419,1.413,0.095,1.358,1.351,1.378,1.459,0.099,0.094,0.093,0.093,0.093,0.094,0.092,0.092,0.092,0.094,0.094,0.093,0.093
,12:25:00,32,0.151,0.091,0.092,0.093,0.092,0.093,0.096,0.091,0.093,0.093,0.094,0.097,0.097,0.245,0.186,0.262,0.277,0.291,0.222,0.255,0.237,0.224,0.238,0.091,0.093,0.31,0.262,0.24,0.338,0.25,0.263,0.244,0.2,0.209,0.295,0.093,0.095,0.301,0.252,0.282,0.28,0.333,0.085,0.176,0.18,0.209,0.246,0.093,0.095,1.313,1.267,1.375,1.427,1.42,1.344,1.367,1.424,1.426,1.446,0.096,0.095,1.397,1.253,1.363,1.366,1.378,1.416,1.21,1.37,1.349,1.444,0.095,0.094,1.421,1.383,1.388,1.417,1.412,0.095,1.357,1.351,1.378,1.459,0.099,0.094,0.092,0.093,0.092,0.094,0.092,0.092,0.092,0.094,0.094,0.093,0.093
,12:30:00,32,0.15,0.091,0.092,0.093,0.092,0.093,0.096,0.091,0.093,0.093,0.094,0.096,0.097,0.244,0.186,0.262,0.277,0.291,0.223,0.257,0.235,0.225,0.239,0.091,0.093,0.312,0.276,0.24,0.341,0.255,0.265,0.249,0.208,0.208,0.299,0.092,0.094,0.306,0.254,0.281,0.28,0.331,0.085,0.186,0.181,0.21,0.247,0.093,0.095,1.311,1.266,1.373,1.427,1.419,1.343,1.367,1.423,1.425,1.445,0.096,0.095,1.396,1.252,1.363,1.365,1.377,1.415,1.212,1.37,1.348,1.443,0.095,0.093,1.421,1.382,1.387,1.417,1.411,0.095,1.356,1.351,1.376,1.459,0.1,0.094,0.092,0.093,0.093,0.093,0.092,0.092,0.092,0.094,0.094,0.093,0.092
,12:35:00,32,0.13,0.091,0.093,0.093,0.093,0.093,0.096,0.091,0.092,0.093,0.094,0.097,0.096,0.254,0.188,0.259,0.294,0.294,0.225,0.255,0.236,0.225,0.24,0.091,0.093,0.315,0.261,0.243,0.343,0.256,0.267,0.246,0.205,0.209,0.302,0.093,0.095,0.3,0.254,0.283,0.281,0.378,0.085,0.187,0.185,0.213,0.25,0.093,0.095,1.311,1.266,1.373,1.426,1.418,1.342,1.366,1.422,1.425,1.445,0.097,0.095,1.395,1.252,1.362,1.365,1.377,1.415,1.217,1.37,1.347,1.444,0.095,0.095,1.42,1.381,1.387,1.417,1.411,0.095,1.355,1.351,1.376,1.458,0.1,0.094,0.092,0.093,0.093,0.093,0.092,0.092,0.092,0.094,0.094,0.093,0.093
,12:40:00,32,0.145,0.092,0.092,0.093,0.092,0.093,0.096,0.091,0.093,0.093,0.094,0.097,0.097,0.245,0.189,0.264,0.28,0.299,0.227,0.259,0.237,0.228,0.241,0.091,0.093,0.319,0.263,0.243,0.344,0.264,0.27,0.259,0.212,0.209,0.306,0.093,0.095,0.29,0.257,0.29,0.28,0.378,0.085,0.18,0.182,0.214,0.25,0.093,0.095,1.309,1.265,1.371,1.426,1.417,1.341,1.365,1.421,1.425,1.444,0.097,0.096,1.395,1.251,1.362,1.364,1.376,1.415,1.22,1.368,1.346,1.442,0.095,0.094,1.42,1.38,1.387,1.416,1.41,0.095,1.355,1.352,1.375,1.458,0.1,0.094,0.092,0.093,0.093,0.094,0.093,0.092,0.092,0.094,0.094,0.093,0.092
,12:45:00,32,0.128,0.091,0.092,0.093,0.092,0.093,0.096,0.091,0.092,0.093,0.094,0.096,0.096,0.245,0.19,0.267,0.281,0.308,0.228,0.26,0.238,0.227,0.243,0.091,0.093,0.321,0.265,0.249,0.35,0.263,0.272,0.256,0.212,0.214,0.31,0.092,0.094,0.29,0.259,0.293,0.282,0.342,0.085,0.187,0.186,0.216,0.252,0.093,0.095,1.308,1.264,1.37,1.426,1.416,1.34,1.363,1.42,1.424,1.444,0.096,0.095,1.395,1.251,1.36,1.363,1.375,1.414,1.224,1.369,1.345,1.441,0.094,0.093,1.42,1.381,1.386,1.416,1.41,0.094,1.353,1.352,1.375,1.458,0.099,0.094,0.092,0.093,0.093,0.093,0.092,0.092,0.092,0.094,0.094,0.093,0.092
,12:50:00,32,0.14,0.091,0.093,0.093,0.092,0.093,0.096,0.091,0.093,0.093,0.094,0.096,0.097,0.246,0.192,0.263,0.281,0.31,0.229,0.259,0.239,0.229,0.243,0.091,0.093,0.325,0.269,0.25,0.352,0.264,0.27,0.263,0.217,0.214,0.313,0.092,0.094,0.293,0.261,0.287,0.283,0.337,0.085,0.179,0.188,0.215,0.255,0.093,0.095,1.308,1.262,1.369,1.425,1.415,1.338,1.362,1.42,1.423,1.444,0.097,0.096,1.394,1.251,1.359,1.362,1.374,1.413,1.228,1.368,1.345,1.441,0.095,0.093,1.42,1.38,1.385,1.414,1.41,0.095,1.352,1.351,1.376,1.457,0.099,0.094,0.092,0.093,0.093,0.094,0.092,0.092,0.092,0.094,0.094,0.092,0.092
,12:55:00,32,0.133,0.091,0.092,0.093,0.092,0.093,0.096,0.091,0.093,0.093,0.094,0.096,0.096,0.246,0.194,0.27,0.284,0.314,0.231,0.262,0.24,0.23,0.245,0.091,0.093,0.327,0.266,0.252,0.355,0.262,0.272,0.258,0.218,0.216,0.316,0.093,0.095,0.292,0.261,0.3,0.285,0.353,0.086,0.18,0.189,0.218,0.255,0.093,0.095,1.308,1.263,1.368,1.425,1.415,1.338,1.362,1.42,1.424,1.444,0.097,0.096,1.394,1.251,1.36,1.362,1.374,1.413,1.232,1.367,1.346,1.442,0.095,0.094,1.42,1.38,1.385,1.416,1.409,0.095,1.352,1.351,1.376,1.458,0.099,0.094,0.092,0.093,0.093,0.093,0.092,0.092,0.092,0.094,0.094,0.093,0.092
,13:00:00,32,0.137,0.091,0.093,0.093,0.092,0.092,0.096,0.091,0.092,0.093,0.093,0.096,0.096,0.247,0.195,0.269,0.301,0.316,0.233,0.263,0.241,0.231,0.246,0.091,0.093,0.33,0.261,0.252,0.355,0.272,0.273,0.269,0.219,0.215,0.322,0.093,0.094,0.292,0.263,0.299,0.283,0.344,0.085,0.181,0.189,0.218,0.257,0.093,0.095,1.306,1.262,1.366,1.424,1.413,1.337,1.361,1.419,1.423,1.443,0.097,0.096,1.392,1.251,1.358,1.362,1.373,1.413,1.236,1.367,1.344,1.441,0.094,0.094,1.419,1.379,1.385,1.414,1.408,0.095,1.35,1.351,1.375,1.458,0.099,0.094,0.092,0.093,0.092,0.093,0.092,0.092,0.092,0.094,0.094,0.093,0.092
,13:05:00,32,0.147,0.091,0.092,0.093,0.092,0.093,0.096,0.091,0.092,0.093,0.093,0.096,0.097,0.246,0.196,0.272,0.287,0.319,0.235,0.266,0.242,0.235,0.247,0.091,0.093,0.333,0.264,0.254,0.362,0.275,0.276,0.271,0.222,0.218,0.325,0.092,0.094,0.3,0.266,0.3,0.284,0.377,0.085,0.182,0.187,0.222,0.26,0.093,0.095,1.306,1.26,1.364,1.424,1.412,1.335,1.36,1.417,1.422,1.443,0.1,0.095,1.392,1.25,1.358,1.36,1.372,1.411,1.239,1.366,1.343,1.44,0.095,0.093,1.419,1.379,1.384,1.412,1.407,0.095,1.349,1.35,1.374,1.457,0.099,0.094,0.092,0.093,0.093,0.093,0.092,0.092,0.092,0.094,0.093,0.092,0.092
,13:10:00,32,0.144,0.091,0.092,0.093,0.093,0.093,0.096,0.091,0.092,0.093,0.094,0.097,0.097,0.248,0.197,0.272,0.285,0.32,0.235,0.265,0.243,0.238,0.248,0.091,0.093,0.336,0.272,0.258,0.365,0.274,0.277,0.271,0.224,0.219,0.329,0.092,0.095,0.303,0.268,0.3,0.287,0.348,0.085,0.193,0.196,0.221,0.261,0.093,0.095,1.304,1.258,1.364,1.423,1.411,1.334,1.359,1.417,1.422,1.442,0.099,0.096,1.392,1.249,1.357,1.359,1.371,1.411,1.242,1.365,1.342,1.441,0.095,0.094,1.419,1.377,1.385,1.413,1.407,0.095,1.348,1.349,1.373,1.457,0.099,0.094,0.093,0.093,0.093,0.093,0.093,0.093,0.093,0.094,0.093,0.093,0.093
,13:15:00,32,0.147,0.092,0.092,0.094,0.093,0.093,0.096,0.091,0.093,0.093,0.095,0.097,0.097,0.248,0.2,0.273,0.287,0.326,0.237,0.267,0.244,0.235,0.249,0.092,0.093,0.339,0.272,0.259,0.364,0.274,0.277,0.277,0.227,0.22,0.335,0.093,0.095,0.296,0.27,0.307,0.287,0.351,0.086,0.183,0.197,0.225,0.264,0.093,0.095,1.305,1.258,1.363,1.423,1.411,1.334,1.358,1.417,1.423,1.442,0.099,0.096,1.392,1.249,1.357,1.359,1.371,1.412,1.246,1.365,1.342,1.44,0.095,0.094,1.419,1.377,1.384,1.413,1.407,0.095,1.348,1.35,1.373,1.457,0.1,0.094,0.093,0.093,0.093,0.094,0.093,0.093,0.092,0.094,0.094,0.093,0.093
,13:20:00,32,0.138,0.091,0.092,0.093,0.092,0.093,0.096,0.091,0.093,0.093,0.093,0.096,0.096,0.248,0.201,0.273,0.287,0.329,0.238,0.269,0.245,0.238,0.25,0.091,0.093,0.341,0.27,0.253,0.371,0.265,0.278,0.268,0.227,0.221,0.338,0.092,0.094,0.295,0.269,0.303,0.287,0.391,0.085,0.184,0.2,0.225,0.264,0.093,0.095,1.303,1.256,1.36,1.423,1.409,1.333,1.357,1.415,1.422,1.441,0.098,0.096,1.39,1.248,1.356,1.357,1.37,1.41,1.247,1.364,1.342,1.44,0.095,0.093,1.419,1.376,1.383,1.412,1.406,0.095,1.347,1.349,1.372,1.456,0.1,0.094,0.092,0.093,0.093,0.093,0.092,0.092,0.092,0.094,0.094,0.093,0.092
,13:25:00,32,0.124,0.092,0.092,0.093,0.093,0.093,0.096,0.091,0.093,0.093,0.094,0.097,0.096,0.263,0.202,0.274,0.314,0.321,0.241,0.269,0.247,0.243,0.251,0.091,0.093,0.345,0.277,0.251,0.371,0.278,0.283,0.279,0.225,0.222,0.343,0.093,0.095,0.305,0.272,0.307,0.284,0.397,0.086,0.193,0.198,0.226,0.267,0.093,0.095,1.303,1.255,1.359,1.422,1.409,1.332,1.357,1.415,1.422,1.441,0.1,0.096,1.391,1.247,1.355,1.357,1.368,1.41,1.25,1.363,1.341,1.44,0.095,0.094,1.418,1.376,1.383,1.412,1.406,0.095,1.347,1.349,1.372,1.456,0.1,0.094,0.092,0.093,0.093,0.094,0.093,0.092,0.092,0.094,0.094,0.093,0.093
,13:30:00,32,0.156,0.091,0.092,0.093,0.092,0.093,0.096,0.091,0.092,0.093,0.094,0.096,0.097,0.248,0.204,0.275,0.289,0.335,0.242,0.271,0.247,0.239,0.252,0.091,0.093,0.347,0.271,0.252,0.374,0.285,0.281,0.284,0.232,0.223,0.346,0.092,0.094,0.301,0.272,0.309,0.29,0.354,0.086,0.185,0.202,0.229,0.269,0.093,0.095,1.3,1.253,1.357,1.421,1.407,1.33,1.355,1.413,1.421,1.439,0.101,0.095,1.388,1.246,1.354,1.355,1.367,1.409,1.251,1.363,1.34,1.438,0.094,0.095,1.417,1.374,1.381,1.41,1.404,0.095,1.345,1.347,1.37,1.456,0.103,0.094,0.092,0.093,0.093,0.093,0.092,0.092,0.092,0.094,0.094,0.093,0.093
,13:35:00,32,0.146,0.092,0.092,0.093,0.093,0.093,0.096,0.091,0.093,0.093,0.094,0.097,0.097,0.25,0.205,0.275,0.312,0.325,0.243,0.269,0.251,0.236,0.254,0.091,0.093,0.35,0.274,0.272,0.381,0.275,0.283,0.283,0.227,0.223,0.349,0.093,0.094,0.299,0.276,0.31,0.29,0.361,0.086,0.189,0.199,0.235,0.268,0.093,0.095,1.302,1.254,1.356,1.422,1.408,1.33,1.355,1.413,1.422,1.44,0.099,0.096,1.39,1.248,1.355,1.356,1.367,1.409,1.253,1.362,1.341,1.439,0.095,0.094,1.418,1.375,1.382,1.41,1.404,0.095,1.345,1.348,1.371,1.456,0.101,0.094,0.093,0.093,0.093,0.094,0.092,0.093,0.092,0.094,0.094,0.093,0.093
,13:40:00,32,0.141,0.091,0.093,0.093,0.093,0.093,0.096,0.091,0.093,0.093,0.094,0.096,0.097,0.25,0.207,0.277,0.291,0.337,0.245,0.273,0.249,0.24,0.255,0.091,0.093,0.353,0.273,0.261,0.38,0.279,0.283,0.284,0.232,0.225,0.355,0.092,0.095,0.298,0.278,0.315,0.29,0.402,0.086,0.187,0.206,0.233,0.272,0.093,0.095,1.301,1.252,1.355,1.422,1.406,1.329,1.354,1.412,1.422,1.439,0.101,0.096,1.388,1.247,1.354,1.355,1.366,1.408,1.254,1.362,1.34,1.439,0.094,0.093,1.418,1.374,1.381,1.409,1.404,0.095,1.345,1.347,1.37,1.455,0.103,0.094,0.093,0.093,0.093,0.093,0.093,0.093,0.092,0.094,0.093,0.093,0.092
,13:45:00,32,0.151,0.091,0.093,0.093,0.092,0.093,0.096,0.091,0.092,0.093,0.094,0.096,0.097,0.249,0.21,0.278,0.312,0.342,0.246,0.272,0.25,0.241,0.256,0.091,0.093,0.355,0.279,0.258,0.383,0.284,0.284,0.29,0.233,0.225,0.358,0.092,0.094,0.298,0.279,0.308,0.288,0.36,0.085,0.199,0.202,0.235,0.274,0.093,0.095,1.299,1.25,1.353,1.421,1.405,1.328,1.352,1.41,1.421,1.438,0.103,0.095,1.387,1.247,1.352,1.353,1.364,1.408,1.254,1.361,1.339,1.437,0.094,0.093,1.417,1.373,1.38,1.409,1.403,0.095,1.342,1.346,1.368,1.454,0.1,0.094,0.092,0.093,0.093,0.093,0.092,0.093,0.092,0.094,0.093,0.093,0.092
,13:50:00,32,0.137,0.092,0.093,0.093,0.093,0.093,0.096,0.091,0.093,0.093,0.103,0.097,0.097,0.262,0.211,0.278,0.293,0.346,0.248,0.274,0.251,0.243,0.257,0.091,0.094,0.359,0.271,0.268,0.388,0.279,0.29,0.287,0.238,0.225,0.361,0.093,0.095,0.307,0.281,0.319,0.29,0.358,0.086,0.189,0.206,0.237,0.277,0.093,0.095,1.299,1.249,1.351,1.42,1.404,1.327,1.352,1.409,1.421,1.437,0.106,0.096,1.387,1.245,1.351,1.352,1.363,1.407,1.255,1.36,1.339,1.437,0.095,0.093,1.417,1.372,1.38,1.408,1.402,0.095,1.342,1.345,1.368,1.454,0.102,0.094,0.093,0.093,0.093,0.094,0.092,0.093,0.092,0.094,0.094,0.093,0.092
,13:55:00,32,0.139,0.091,0.092,0.093,0.092,0.093,0.095,0.091,0.092,0.093,0.095,0.096,0.096,0.252,0.213,0.278,0.295,0.342,0.248,0.276,0.251,0.247,0.257,0.091,0.093,0.363,0.27,0.262,0.39,0.286,0.299,0.294,0.24,0.228,0.366,0.092,0.094,0.303,0.281,0.313,0.284,0.366,0.085,0.189,0.212,0.238,0.278,0.093,0.094,1.298,1.248,1.35,1.42,1.404,1.326,1.35,1.409,1.421,1.437,0.098,0.095,1.386,1.244,1.351,1.352,1.362,1.407,1.255,1.359,1.339,1.437,0.094,0.093,1.416,1.372,1.38,1.407,1.402,0.094,1.342,1.346,1.367,1.454,0.101,0.094,0.092,0.092,0.092,0.093,0.092,0.092,0.092,0.093,0.093,0.092,0.092
,14:00:00,32,0.148,0.091,0.092,0.093,0.092,0.093,0.096,0.091,0.092,0.093,0.096,0.096,0.097,0.25,0.215,0.281,0.316,0.346,0.25,0.277,0.252,0.245,0.258,0.091,0.093,0.364,0.273,0.265,0.394,0.285,0.288,0.293,0.242,0.229,0.372,0.092,0.094,0.303,0.284,0.318,0.291,0.365,0.085,0.19,0.21,0.242,0.279,0.093,0.095,1.297,1.248,1.35,1.42,1.403,1.324,1.349,1.408,1.421,1.436,0.099,0.096,1.386,1.243,1.35,1.351,1.362,1.405,1.255,1.359,1.338,1.437,0.094,0.093,1.415,1.371,1.38,1.407,1.402,0.095,1.339,1.345,1.366,1.454,0.104,0.094,0.092,0.093,0.092,0.094,0.092,0.093,0.092,0.093,0.094,0.093,0.092
,14:05:00,32,0.127,0.091,0.092,0.093,0.092,0.093,0.096,0.091,0.092,0.093,0.094,0.096,0.096,0.25,0.218,0.281,0.296,0.353,0.251,0.279,0.252,0.245,0.26,0.091,0.093,0.367,0.291,0.266,0.396,0.287,0.289,0.299,0.239,0.23,0.375,0.092,0.094,0.307,0.283,0.316,0.286,0.366,0.085,0.191,0.212,0.243,0.28,0.093,0.095,1.296,1.245,1.348,1.418,1.401,1.324,1.348,1.407,1.419,1.435,0.101,0.095,1.384,1.242,1.349,1.349,1.361,1.405,1.255,1.357,1.337,1.436,0.095,0.093,1.415,1.37,1.378,1.406,1.4,0.094,1.339,1.344,1.366,1.453,0.104,0.094,0.092,0.093,0.093,0.093,0.092,0.092,0.092,0.093,0.094,0.093,0.092
,14:10:00,32,0.143,0.091,0.092,0.093,0.092,0.093,0.096,0.091,0.092,0.093,0.099,0.096,0.096,0.25,0.22,0.28,0.303,0.355,0.254,0.281,0.253,0.249,0.261,0.091,0.093,0.37,0.278,0.269,0.4,0.285,0.29,0.3,0.238,0.23,0.379,0.093,0.094,0.298,0.288,0.323,0.293,0.365,0.085,0.191,0.213,0.245,0.281,0.093,0.094,1.294,1.244,1.346,1.418,1.4,1.322,1.347,1.406,1.419,1.435,0.096,0.096,1.384,1.242,1.348,1.348,1.359,1.404,1.255,1.356,1.337,1.435,0.095,0.093,1.414,1.37,1.378,1.406,1.399,0.095,1.339,1.344,1.365,1.452,0.1,0.094,0.092,0.093,0.093,0.093,0.093,0.092,0.092,0.094,0.094,0.093,0.092
,14:15:00,32,0.143,0.091,0.092,0.093,0.092,0.093,0.096,0.091,0.092,0.093,0.097,0.096,0.097,0.251,0.218,0.282,0.302,0.347,0.255,0.282,0.254,0.249,0.262,0.091,0.093,0.372,0.275,0.272,0.402,0.286,0.29,0.302,0.245,0.23,0.386,0.092,0.094,0.3,0.289,0.321,0.292,0.408,0.086,0.203,0.218,0.246,0.285,0.093,0.094,1.293,1.243,1.345,1.418,1.401,1.322,1.347,1.405,1.42,1.435,0.096,0.096,1.384,1.24,1.347,1.349,1.358,1.404,1.254,1.357,1.337,1.435,0.094,0.093,1.414,1.369,1.378,1.404,1.4,0.095,1.339,1.343,1.365,1.453,0.099,0.094,0.092,0.093,0.093,0.093,0.092,0.092,0.092,0.093,0.094,0.093,0.092
,14:20:00,32,0.125,0.092,0.092,0.093,0.093,0.093,0.096,0.091,0.093,0.093,0.094,0.097,0.097,0.252,0.221,0.283,0.301,0.359,0.257,0.28,0.255,0.249,0.264,0.091,0.093,0.375,0.281,0.274,0.405,0.283,0.292,0.306,0.246,0.233,0.39,0.092,0.095,0.299,0.291,0.32,0.293,0.371,0.086,0.205,0.217,0.249,0.285,0.093,0.095,1.293,1.242,1.344,1.418,1.399,1.322,1.346,1.405,1.419,1.434,0.097,0.096,1.384,1.24,1.347,1.348,1.359,1.404,1.255,1.356,1.336,1.435,0.095,0.095,1.414,1.369,1.377,1.404,1.4,0.095,1.338,1.343,1.364,1.453,0.1,0.094,0.093,0.093,0.093,0.093,0.092,0.093,0.092,0.094,0.094,0.093,0.093
,14:25:00,32,0.142,0.092,0.092,0.093,0.093,0.093,0.096,0.091,0.093,0.093,0.094,0.097,0.097,0.252,0.221,0.284,0.314,0.356,0.258,0.285,0.256,0.249,0.263,0.091,0.094,0.378,0.291,0.279,0.41,0.294,0.303,0.31,0.249,0.235,0.396,0.093,0.095,0.303,0.292,0.326,0.294,0.377,0.086,0.203,0.218,0.25,0.285,0.093,0.095,1.293,1.243,1.343,1.418,1.399,1.321,1.345,1.405,1.419,1.434,0.097,0.098,1.383,1.242,1.347,1.347,1.358,1.404,1.254,1.355,1.336,1.434,0.095,0.093,1.414,1.369,1.377,1.404,1.399,0.095,1.338,1.343,1.365,1.453,0.103,0.094,0.092,0.093,0.093,0.094,0.093,0.093,0.093,0.094,0.094,0.093,0.093
,14:30:00,32,0.11,0.092,0.093,0.093,0.092,0.093,0.096,0.091,0.092,0.093,0.094,0.096,0.097,0.251,0.223,0.284,0.301,0.355,0.259,0.285,0.257,0.249,0.265,0.091,0.093,0.381,0.282,0.278,0.411,0.291,0.304,0.311,0.25,0.236,0.396,0.093,0.094,0.302,0.293,0.328,0.293,0.419,0.086,0.194,0.224,0.251,0.288,0.093,0.095,1.291,1.24,1.341,1.416,1.397,1.319,1.344,1.403,1.418,1.432,0.096,0.096,1.382,1.239,1.345,1.345,1.356,1.403,1.253,1.354,1.335,1.433,0.095,0.093,1.413,1.367,1.375,1.402,1.397,0.095,1.337,1.342,1.362,1.452,0.1,0.094,0.093,0.093,0.093,0.093,0.092,0.093,0.092,0.093,0.094,0.093,0.092
,14:35:00,32,0.115,0.091,0.092,0.093,0.093,0.093,0.096,0.091,0.092,0.093,0.094,0.096,0.097,0.252,0.226,0.284,0.301,0.368,0.26,0.286,0.257,0.249,0.266,0.091,0.093,0.385,0.288,0.28,0.414,0.292,0.296,0.311,0.251,0.235,0.403,0.092,0.094,0.302,0.294,0.327,0.295,0.412,0.085,0.194,0.222,0.26,0.289,0.093,0.094,1.29,1.239,1.339,1.416,1.396,1.318,1.343,1.402,1.418,1.432,0.096,0.095,1.382,1.239,1.345,1.344,1.355,1.401,1.253,1.353,1.335,1.434,0.094,0.093,1.412,1.367,1.375,1.401,1.397,0.095,1.336,1.341,1.362,1.452,0.099,0.094,0.092,0.093,0.093,0.093,0.092,0.092,0.092,0.094,0.094,0.093,0.092
,14:40:00,32,0.134,0.092,0.092,0.093,0.093,0.093,0.096,0.091,0.093,0.093,0.094,0.096,0.097,0.253,0.233,0.286,0.312,0.359,0.262,0.286,0.259,0.249,0.267,0.091,0.094,0.387,0.281,0.286,0.417,0.294,0.297,0.315,0.254,0.237,0.408,0.093,0.094,0.305,0.296,0.332,0.294,0.382,0.086,0.197,0.224,0.256,0.294,0.093,0.095,1.291,1.238,1.338,1.416,1.396,1.317,1.342,1.401,1.418,1.432,0.098,0.096,1.381,1.239,1.344,1.344,1.354,1.402,1.253,1.353,1.335,1.433,0.095,0.093,1.413,1.366,1.374,1.4,1.397,0.095,1.335,1.341,1.362,1.451,0.1,0.094,0.093,0.093,0.093,0.094,0.093,0.092,0.092,0.094,0.094,0.093,0.093
,14:45:00,32,0.121,0.091,0.092,0.093,0.092,0.093,0.096,0.091,0.093,0.093,0.094,0.097,0.097,0.252,0.228,0.287,0.303,0.364,0.263,0.288,0.26,0.259,0.269,0.091,0.093,0.389,0.282,0.285,0.421,0.293,0.305,0.32,0.256,0.237,0.412,0.093,0.094,0.317,0.298,0.334,0.295,0.376,0.085,0.195,0.228,0.259,0.293,0.093,0.095,1.289,1.235,1.337,1.415,1.394,1.316,1.34,1.4,1.417,1.431,0.097,0.096,1.38,1.238,1.342,1.342,1.353,1.401,1.252,1.352,1.335,1.432,0.095,0.096,1.412,1.366,1.373,1.4,1.395,0.095,1.334,1.34,1.36,1.45,0.1,0.094,0.092,0.093,0.093,0.094,0.093,0.093,0.092,0.094,0.094,0.093,0.093
,14:50:00,32,0.126,0.091,0.092,0.093,0.092,0.093,0.096,0.091,0.092,0.093,0.104,0.096,0.097,0.255,0.229,0.288,0.323,0.369,0.264,0.289,0.261,0.251,0.269,0.091,0.093,0.392,0.288,0.291,0.423,0.294,0.3,0.322,0.26,0.238,0.418,0.092,0.094,0.312,0.299,0.332,0.298,0.428,0.085,0.204,0.235,0.259,0.292,0.093,0.094,1.289,1.234,1.335,1.415,1.394,1.315,1.339,1.399,1.417,1.43,0.097,0.097,1.379,1.239,1.342,1.342,1.352,1.401,1.251,1.351,1.335,1.431,0.095,0.093,1.411,1.365,1.373,1.398,1.396,0.095,1.333,1.339,1.361,1.45,0.099,0.094,0.092,0.093,0.092,0.093,0.092,0.092,0.092,0.094,0.093,0.093,0.092
,14:55:00,32,0.131,0.091,0.092,0.093,0.092,0.093,0.096,0.091,0.093,0.093,0.096,0.097,0.097,0.252,0.236,0.289,0.305,0.374,0.27,0.29,0.261,0.259,0.273,0.091,0.093,0.395,0.285,0.29,0.424,0.297,0.299,0.325,0.261,0.238,0.423,0.092,0.094,0.309,0.299,0.333,0.298,0.377,0.085,0.205,0.228,0.263,0.295,0.093,0.095,1.288,1.233,1.333,1.414,1.393,1.314,1.339,1.398,1.416,1.429,0.096,0.096,1.379,1.237,1.341,1.341,1.351,1.4,1.25,1.35,1.335,1.431,0.095,0.093,1.411,1.364,1.372,1.398,1.394,0.095,1.333,1.338,1.362,1.45,0.099,0.094,0.092,0.093,0.092,0.093,0.092,0.092,0.092,0.094,0.094,0.093,0.093
,15:00:00,32,0.138,0.092,0.092,0.094,0.093,0.093,0.096,0.091,0.093,0.093,0.094,0.097,0.097,0.254,0.235,0.29,0.312,0.373,0.269,0.291,0.262,0.258,0.274,0.091,0.093,0.399,0.307,0.293,0.426,0.298,0.301,0.328,0.262,0.241,0.424,0.093,0.095,0.309,0.302,0.336,0.295,0.385,0.086,0.201,0.238,0.27,0.297,0.094,0.095,1.287,1.235,1.333,1.415,1.392,1.314,1.338,1.399,1.417,1.43,0.099,0.096,1.379,1.238,1.341,1.341,1.35,1.4,1.251,1.351,1.335,1.431,0.095,0.094,1.411,1.364,1.372,1.398,1.395,0.095,1.332,1.339,1.364,1.45,0.1,0.095,0.093,0.093,0.093,0.094,0.093,0.093,0.093,0.094,0.094,0.093,0.093
,15:05:00,32,0.145,0.091,0.092,0.093,0.093,0.093,0.096,0.091,0.092,0.093,0.094,0.097,0.097,0.255,0.235,0.29,0.324,0.372,0.269,0.29,0.263,0.258,0.271,0.091,0.093,0.402,0.288,0.295,0.431,0.298,0.307,0.332,0.264,0.24,0.431,0.092,0.094,0.308,0.304,0.337,0.299,0.417,0.086,0.208,0.236,0.265,0.297,0.093,0.095,1.287,1.237,1.331,1.414,1.391,1.312,1.338,1.397,1.415,1.429,0.098,0.096,1.378,1.238,1.34,1.34,1.349,1.399,1.25,1.35,1.334,1.43,0.094,0.093,1.41,1.363,1.372,1.397,1.394,0.095,1.332,1.338,1.364,1.449,0.099,0.094,0.093,0.093,0.092,0.094,0.092,0.093,0.092,0.094,0.094,0.092,0.093
,15:10:00,32,0.148,0.091,0.092,0.093,0.093,0.093,0.096,0.091,0.093,0.093,0.094,0.097,0.097,0.254,0.236,0.291,0.313,0.374,0.27,0.291,0.264,0.258,0.273,0.091,0.093,0.406,0.289,0.297,0.432,0.297,0.303,0.336,0.265,0.241,0.435,0.093,0.094,0.308,0.305,0.337,0.3,0.394,0.085,0.198,0.238,0.267,0.292,0.093,0.095,1.287,1.235,1.33,1.413,1.39,1.311,1.336,1.396,1.415,1.428,0.097,0.097,1.377,1.239,1.339,1.338,1.348,1.398,1.248,1.348,1.334,1.43,0.095,0.093,1.41,1.363,1.371,1.396,1.393,0.095,1.332,1.338,1.364,1.449,0.1,0.095,0.093,0.093,0.093,0.094,0.093,0.093,0.092,0.094,0.094,0.093,0.092
,15:15:00,32,0.133,0.091,0.092,0.093,0.093,0.093,0.096,0.091,0.093,0.093,0.099,0.097,0.097,0.256,0.238,0.291,0.318,0.379,0.273,0.294,0.264,0.26,0.277,0.091,0.093,0.407,0.289,0.307,0.435,0.303,0.304,0.337,0.265,0.241,0.44,0.093,0.095,0.325,0.306,0.337,0.3,0.396,0.086,0.209,0.24,0.269,0.3,0.093,0.095,1.287,1.234,1.328,1.413,1.389,1.31,1.336,1.395,1.414,1.427,0.096,0.098,1.376,1.239,1.338,1.338,1.347,1.397,1.248,1.348,1.333,1.429,0.095,0.093,1.409,1.361,1.37,1.395,1.392,0.095,1.331,1.337,1.365,1.448,0.099,0.094,0.093,0.093,0.093,0.094,0.092,0.093,0.092,0.094,0.094,0.093,0.093
,15:20:00,32,0.137,0.092,0.092,0.093,0.092,0.093,0.096,0.091,0.093,0.093,0.094,0.097,0.097,0.26,0.245,0.291,0.325,0.385,0.274,0.293,0.265,0.259,0.276,0.091,0.093,0.411,0.297,0.303,0.438,0.301,0.305,0.337,0.269,0.242,0.442,0.092,0.094,0.309,0.308,0.342,0.301,0.393,0.086,0.21,0.244,0.27,0.304,0.093,0.095,1.287,1.235,1.328,1.413,1.389,1.31,1.335,1.395,1.415,1.427,0.101,0.097,1.377,1.24,1.338,1.337,1.347,1.397,1.248,1.347,1.333,1.43,0.095,0.093,1.409,1.362,1.371,1.395,1.392,0.095,1.332,1.338,1.365,1.448,0.099,0.094,0.092,0.093,0.093,0.094,0.092,0.093,0.092,0.093,0.094,0.093,0.093
,15:25:00,32,0.156,0.091,0.092,0.093,0.092,0.092,0.095,0.091,0.092,0.093,0.093,0.097,0.096,0.254,0.241,0.292,0.317,0.386,0.276,0.294,0.264,0.258,0.278,0.091,0.093,0.413,0.296,0.303,0.44,0.299,0.317,0.344,0.271,0.241,0.446,0.093,0.094,0.31,0.309,0.342,0.3,0.396,0.085,0.208,0.241,0.273,0.303,0.093,0.094,1.285,1.231,1.325,1.412,1.388,1.308,1.333,1.393,1.413,1.426,0.106,0.096,1.375,1.237,1.337,1.336,1.345,1.396,1.246,1.346,1.332,1.428,0.094,0.093,1.408,1.36,1.369,1.393,1.391,0.095,1.329,1.335,1.365,1.447,0.099,0.094,0.092,0.093,0.092,0.093,0.092,0.092,0.092,0.093,0.093,0.092,0.092
,15:30:00,32,0.151,0.092,0.092,0.093,0.092,0.093,0.096,0.091,0.092,0.093,0.093,0.097,0.097,0.258,0.245,0.293,0.314,0.384,0.275,0.295,0.266,0.258,0.28,0.091,0.093,0.428,0.303,0.317,0.443,0.304,0.31,0.343,0.271,0.244,0.45,0.092,0.094,0.31,0.31,0.34,0.3,0.404,0.086,0.208,0.243,0.275,0.308,0.093,0.095,1.284,1.231,1.324,1.411,1.387,1.307,1.333,1.392,1.414,1.426,0.113,0.096,1.375,1.238,1.336,1.335,1.344,1.395,1.245,1.346,1.332,1.427,0.095,0.093,1.408,1.36,1.369,1.393,1.39,0.095,1.328,1.334,1.365,1.447,0.1,0.094,0.093,0.093,0.093,0.093,0.093,0.093,0.092,0.094,0.094,0.093,0.093
,15:35:00,32,0.123,0.092,0.092,0.093,0.092,0.093,0.096,0.091,0.092,0.093,0.093,0.097,0.097,0.257,0.245,0.293,0.325,0.39,0.28,0.297,0.267,0.261,0.28,0.091,0.093,0.428,0.296,0.308,0.446,0.308,0.31,0.348,0.273,0.245,0.453,0.093,0.094,0.308,0.311,0.34,0.302,0.444,0.086,0.201,0.249,0.281,0.306,0.093,0.095,1.283,1.228,1.324,1.412,1.386,1.307,1.333,1.392,1.414,1.425,0.11,0.096,1.375,1.236,1.336,1.334,1.344,1.395,1.244,1.345,1.332,1.428,0.095,0.093,1.408,1.359,1.369,1.393,1.391,0.095,1.328,1.335,1.365,1.447,0.099,0.094,0.092,0.093,0.093,0.093,0.092,0.092,0.092,0.094,0.094,0.093,0.092
,15:40:00,32,0.151,0.091,0.092,0.093,0.092,0.093,0.096,0.091,0.093,0.093,0.103,0.097,0.096,0.255,0.248,0.293,0.326,0.391,0.277,0.297,0.268,0.267,0.28,0.091,0.093,0.421,0.295,0.322,0.451,0.309,0.308,0.351,0.275,0.244,0.458,0.092,0.094,0.324,0.312,0.347,0.302,0.402,0.085,0.206,0.248,0.278,0.31,0.093,0.094,1.282,1.229,1.323,1.411,1.386,1.305,1.331,1.391,1.413,1.425,0.108,0.095,1.373,1.236,1.334,1.334,1.342,1.395,1.243,1.344,1.332,1.427,0.095,0.093,1.407,1.359,1.367,1.391,1.39,0.095,1.328,1.334,1.365,1.446,0.099,0.094,0.092,0.093,0.093,0.093,0.092,0.092,0.092,0.094,0.094,0.093,0.092
,15:45:00,32,0.103,0.092,0.092,0.093,0.093,0.093,0.096,0.091,0.092,0.093,0.093,0.097,0.097,0.255,0.249,0.295,0.313,0.392,0.279,0.299,0.268,0.256,0.281,0.091,0.093,0.426,0.3,0.313,0.452,0.31,0.309,0.352,0.277,0.245,0.461,0.092,0.094,0.306,0.313,0.343,0.302,0.422,0.085,0.212,0.245,0.28,0.305,0.093,0.095,1.282,1.228,1.322,1.409,1.385,1.305,1.33,1.39,1.413,1.424,0.109,0.096,1.373,1.237,1.333,1.332,1.342,1.394,1.243,1.344,1.332,1.426,0.095,0.093,1.406,1.358,1.367,1.391,1.389,0.095,1.326,1.334,1.364,1.446,0.099,0.094,0.093,0.093,0.093,0.093,0.092,0.092,0.092,0.094,0.094,0.093,0.093
,15:50:00,32,0.098,0.092,0.092,0.093,0.092,0.093,0.096,0.091,0.092,0.093,0.099,0.097,0.097,0.256,0.252,0.295,0.313,0.398,0.286,0.298,0.269,0.266,0.283,0.091,0.094,0.429,0.302,0.315,0.454,0.313,0.31,0.358,0.279,0.247,0.464,0.092,0.094,0.327,0.315,0.344,0.303,0.42,0.085,0.206,0.25,0.284,0.313,0.093,0.095,1.28,1.227,1.32,1.409,1.383,1.304,1.329,1.389,1.413,1.424,0.109,0.096,1.372,1.235,1.333,1.332,1.34,1.393,1.242,1.342,1.332,1.426,0.095,0.093,1.406,1.358,1.366,1.39,1.388,0.095,1.325,1.333,1.363,1.446,0.1,0.094,0.093,0.093,0.093,0.094,0.092,0.093,0.092,0.094,0.094,0.093,0.092
,15:55:00,32,0.092,0.092,0.092,0.093,0.093,0.093,0.096,0.091,0.093,0.093,0.113,0.097,0.097,0.255,0.254,0.296,0.326,0.401,0.29,0.3,0.27,0.269,0.284,0.091,0.093,0.429,0.3,0.32,0.456,0.312,0.31,0.359,0.28,0.248,0.467,0.093,0.094,0.316,0.316,0.349,0.303,0.402,0.086,0.204,0.256,0.286,0.315,0.093,0.095,1.278,1.226,1.318,1.41,1.383,1.303,1.329,1.388,1.411,1.423,0.11,0.096,1.372,1.233,1.332,1.332,1.339,1.393,1.241,1.342,1.331,1.426,0.095,0.093,1.406,1.357,1.366,1.389,1.388,0.095,1.324,1.333,1.364,1.445,0.1,0.094,0.092,0.093,0.092,0.093,0.092,0.092,0.092,0.094,0.094,0.093,0.092
,16:00:00,32,0.107,0.091,0.092,0.093,0.092,0.093,0.096,0.091,0.093,0.093,0.096,0.096,0.097,0.255,0.255,0.295,0.315,0.404,0.289,0.3,0.27,0.271,0.281,0.091,0.093,0.441,0.302,0.321,0.459,0.304,0.311,0.363,0.28,0.248,0.471,0.093,0.094,0.309,0.317,0.353,0.303,0.407,0.086,0.213,0.257,0.288,0.315,0.093,0.095,1.275,1.224,1.318,1.409,1.382,1.302,1.328,1.387,1.411,1.423,0.11,0.096,1.372,1.232,1.332,1.331,1.339,1.393,1.241,1.341,1.331,1.425,0.094,0.093,1.406,1.357,1.366,1.389,1.387,0.095,1.324,1.332,1.363,1.445,0.101,0.094,0.092,0.093,0.092,0.093,0.092,0.093,0.092,0.093,0.094,0.092,0.093
,16:05:00,32,0.118,0.092,0.092,0.093,0.093,0.093,0.096,0.091,0.092,0.093,0.105,0.097,0.097,0.255,0.257,0.298,0.317,0.41,0.29,0.302,0.271,0.272,0.281,0.091,0.093,0.435,0.303,0.338,0.463,0.308,0.312,0.365,0.282,0.249,0.474,0.093,0.095,0.325,0.319,0.351,0.303,0.411,0.086,0.204,0.255,0.292,0.318,0.093,0.095,1.274,1.223,1.317,1.409,1.381,1.301,1.327,1.387,1.411,1.422,0.105,0.096,1.371,1.231,1.331,1.329,1.338,1.392,1.239,1.34,1.33,1.424,0.095,0.093,1.406,1.356,1.366,1.388,1.386,0.095,1.324,1.332,1.363,1.445,0.1,0.094,0.093,0.093,0.093,0.094,0.093,0.093,0.092,0.094,0.094,0.093,0.093
,16:10:00,32,0.122,0.091,0.092,0.093,0.092,0.093,0.096,0.091,0.092,0.093,0.106,0.097,0.097,0.256,0.258,0.297,0.317,0.411,0.288,0.302,0.272,0.268,0.285,0.091,0.093,0.438,0.302,0.333,0.464,0.307,0.315,0.367,0.287,0.25,0.476,0.092,0.094,0.312,0.32,0.351,0.305,0.421,0.085,0.215,0.258,0.29,0.317,0.093,0.095,1.275,1.222,1.315,1.407,1.38,1.3,1.326,1.386,1.411,1.421,0.097,0.095,1.37,1.23,1.33,1.328,1.336,1.391,1.238,1.339,1.33,1.423,0.094,0.093,1.405,1.355,1.365,1.387,1.386,0.095,1.322,1.331,1.361,1.444,0.099,0.094,0.092,0.093,0.093,0.093,0.092,0.092,0.092,0.093,0.093,0.093,0.092
,16:15:00,32,0.115,0.092,0.092,0.094,0.093,0.093,0.096,0.091,0.093,0.093,0.094,0.097,0.097,0.256,0.269,0.298,0.318,0.411,0.29,0.303,0.274,0.268,0.286,0.091,0.094,0.44,0.305,0.344,0.467,0.311,0.316,0.37,0.288,0.252,0.479,0.093,0.095,0.329,0.321,0.348,0.306,0.454,0.086,0.214,0.257,0.292,0.317,0.094,0.095,1.279,1.221,1.314,1.407,1.38,1.3,1.325,1.385,1.411,1.421,0.096,0.096,1.37,1.232,1.33,1.328,1.336,1.391,1.238,1.34,1.331,1.423,0.095,0.093,1.405,1.355,1.365,1.387,1.386,0.095,1.323,1.33,1.362,1.444,0.1,0.094,0.093,0.093,0.093,0.093,0.093,0.093,0.092,0.094,0.094,0.093,0.093
,16:20:00,32,0.123,0.091,0.092,0.093,0.092,0.093,0.096,0.091,0.093,0.093,0.104,0.097,0.097,0.256,0.262,0.299,0.32,0.416,0.294,0.303,0.273,0.273,0.288,0.091,0.093,0.442,0.318,0.343,0.471,0.313,0.315,0.372,0.288,0.251,0.483,0.092,0.094,0.318,0.322,0.358,0.304,0.414,0.085,0.217,0.263,0.294,0.322,0.093,0.095,1.277,1.218,1.312,1.406,1.378,1.299,1.324,1.384,1.409,1.42,0.1,0.096,1.369,1.23,1.328,1.327,1.334,1.389,1.237,1.338,1.329,1.423,0.095,0.093,1.404,1.353,1.363,1.386,1.384,0.095,1.321,1.33,1.36,1.442,0.099,0.094,0.092,0.093,0.093,0.093,0.092,0.092,0.092,0.094,0.094,0.093,0.093
,16:25:00,32,0.099,0.091,0.092,0.093,0.093,0.093,0.096,0.091,0.093,0.093,0.095,0.096,0.097,0.266,0.263,0.299,0.332,0.416,0.294,0.304,0.274,0.271,0.288,0.091,0.093,0.455,0.309,0.336,0.474,0.316,0.316,0.377,0.29,0.252,0.486,0.093,0.094,0.326,0.323,0.355,0.306,0.455,0.085,0.218,0.266,0.296,0.32,0.093,0.095,1.278,1.218,1.311,1.406,1.378,1.298,1.325,1.384,1.41,1.42,0.103,0.096,1.369,1.231,1.328,1.327,1.334,1.39,1.236,1.338,1.329,1.423,0.095,0.093,1.404,1.353,1.363,1.385,1.385,0.095,1.322,1.33,1.36,1.443,0.1,0.094,0.092,0.093,0.093,0.093,0.092,0.092,0.092,0.094,0.094,0.093,0.092
,16:30:00,32,0.097,0.091,0.092,0.093,0.092,0.093,0.096,0.091,0.092,0.093,0.095,0.097,0.097,0.256,0.27,0.3,0.319,0.427,0.299,0.305,0.274,0.273,0.289,0.091,0.093,0.464,0.308,0.335,0.475,0.317,0.316,0.377,0.289,0.247,0.489,0.092,0.094,0.322,0.324,0.364,0.306,0.46,0.085,0.208,0.267,0.304,0.321,0.093,0.095,1.275,1.216,1.31,1.406,1.377,1.296,1.323,1.382,1.409,1.418,0.108,0.098,1.368,1.228,1.328,1.325,1.332,1.389,1.235,1.337,1.329,1.422,0.095,0.093,1.403,1.352,1.362,1.383,1.383,0.095,1.318,1.328,1.358,1.441,0.1,0.094,0.092,0.093,0.093,0.093,0.092,0.092,0.092,0.094,0.094,0.092,0.092
,16:35:00,32,0.092,0.091,0.092,0.093,0.092,0.093,0.096,0.091,0.092,0.093,0.093,0.097,0.097,0.257,0.267,0.302,0.323,0.428,0.298,0.305,0.275,0.275,0.289,0.091,0.093,0.45,0.314,0.342,0.477,0.32,0.318,0.383,0.289,0.254,0.491,0.092,0.094,0.315,0.325,0.357,0.307,0.417,0.085,0.208,0.266,0.3,0.323,0.093,0.094,1.274,1.215,1.309,1.405,1.375,1.296,1.322,1.381,1.408,1.418,0.116,0.096,1.367,1.227,1.326,1.325,1.331,1.388,1.233,1.336,1.328,1.421,0.095,0.093,1.403,1.352,1.362,1.383,1.383,0.095,1.318,1.328,1.358,1.442,0.101,0.094,0.092,0.093,0.092,0.093,0.092,0.092,0.092,0.094,0.094,0.093,0.092
,16:40:00,32,0.107,0.091,0.092,0.093,0.092,0.093,0.096,0.091,0.092,0.093,0.095,0.096,0.097,0.257,0.269,0.302,0.322,0.424,0.298,0.306,0.275,0.274,0.29,0.09,0.093,0.452,0.314,0.338,0.48,0.319,0.318,0.386,0.292,0.253,0.495,0.092,0.094,0.33,0.326,0.366,0.306,0.45,0.085,0.218,0.269,0.301,0.322,0.093,0.094,1.274,1.215,1.308,1.405,1.375,1.295,1.322,1.381,1.408,1.418,0.106,0.095,1.367,1.228,1.325,1.324,1.33,1.388,1.233,1.336,1.328,1.421,0.094,0.093,1.402,1.352,1.361,1.382,1.383,0.095,1.319,1.328,1.357,1.442,0.099,0.094,0.092,0.092,0.092,0.093,0.092,0.092,0.092,0.094,0.093,0.093,0.092
,16:45:00,32,0.095,0.091,0.092,0.093,0.093,0.093,0.096,0.091,0.093,0.093,0.094,0.096,0.097,0.258,0.275,0.302,0.331,0.431,0.302,0.308,0.276,0.276,0.291,0.091,0.093,0.46,0.316,0.34,0.481,0.324,0.322,0.389,0.291,0.255,0.498,0.092,0.095,0.321,0.328,0.371,0.307,0.427,0.085,0.219,0.271,0.303,0.326,0.093,0.095,1.274,1.213,1.307,1.404,1.375,1.294,1.321,1.381,1.407,1.417,0.104,0.096,1.366,1.228,1.326,1.323,1.329,1.387,1.232,1.335,1.327,1.42,0.095,0.093,1.401,1.35,1.36,1.383,1.382,0.095,1.316,1.327,1.357,1.442,0.099,0.094,0.092,0.093,0.092,0.094,0.092,0.092,0.092,0.094,0.094,0.093,0.092
,16:50:00,32,0.121,0.091,0.092,0.093,0.092,0.093,0.095,0.091,0.092,0.093,0.104,0.096,0.096,0.258,0.274,0.302,0.331,0.427,0.299,0.308,0.276,0.273,0.292,0.091,0.093,0.469,0.315,0.353,0.48,0.322,0.32,0.392,0.295,0.255,0.5,0.092,0.094,0.315,0.329,0.369,0.308,0.437,0.085,0.219,0.277,0.304,0.324,0.093,0.094,1.274,1.213,1.305,1.405,1.374,1.293,1.321,1.379,1.407,1.417,0.096,0.095,1.365,1.228,1.325,1.322,1.329,1.386,1.231,1.334,1.328,1.42,0.095,0.093,1.4,1.35,1.36,1.381,1.381,0.094,1.317,1.326,1.356,1.441,0.099,0.094,0.092,0.092,0.092,0.093,0.092,0.092,0.092,0.093,0.093,0.092,0.092
,16:55:00,32,0.106,0.091,0.092,0.093,0.092,0.093,0.096,0.091,0.093,0.093,0.114,0.097,0.097,0.258,0.274,0.303,0.335,0.435,0.301,0.308,0.277,0.276,0.292,0.091,0.093,0.46,0.315,0.353,0.482,0.323,0.322,0.392,0.294,0.256,0.503,0.093,0.094,0.332,0.33,0.374,0.308,0.425,0.085,0.218,0.278,0.307,0.33,0.093,0.095,1.274,1.211,1.306,1.404,1.373,1.293,1.32,1.38,1.407,1.417,0.096,0.095,1.365,1.228,1.324,1.322,1.328,1.387,1.231,1.333,1.328,1.42,0.094,0.093,1.401,1.349,1.36,1.381,1.381,0.095,1.316,1.326,1.357,1.441,0.099,0.094,0.092,0.093,0.092,0.093,0.092,0.092,0.092,0.094,0.094,0.093,0.093
,17:00:00,32,0.103,0.091,0.092,0.093,0.092,0.093,0.096,0.091,0.093,0.093,0.103,0.096,0.097,0.259,0.277,0.304,0.325,0.435,0.302,0.309,0.278,0.277,0.293,0.091,0.093,0.471,0.322,0.347,0.482,0.325,0.323,0.398,0.297,0.258,0.505,0.093,0.094,0.309,0.335,0.373,0.308,0.457,0.085,0.217,0.271,0.308,0.326,0.093,0.095,1.275,1.211,1.305,1.404,1.373,1.292,1.32,1.378,1.407,1.417,0.096,0.096,1.365,1.227,1.324,1.321,1.328,1.386,1.23,1.334,1.328,1.419,0.095,0.093,1.401,1.349,1.359,1.381,1.38,0.095,1.315,1.326,1.355,1.44,0.1,0.094,0.092,0.093,0.093,0.094,0.092,0.093,0.092,0.094,0.094,0.093,0.093
,17:05:00,32,0.108,0.091,0.092,0.093,0.092,0.093,0.096,0.091,0.093,0.093,0.103,0.096,0.097,0.259,0.283,0.304,0.328,0.438,0.304,0.311,0.278,0.273,0.294,0.091,0.093,0.466,0.324,0.37,0.481,0.324,0.323,0.4,0.299,0.253,0.503,0.092,0.094,0.315,0.332,0.36,0.309,0.429,0.085,0.221,0.274,0.31,0.332,0.093,0.095,1.273,1.209,1.302,1.403,1.371,1.29,1.319,1.377,1.405,1.415,0.096,0.096,1.364,1.226,1.322,1.32,1.326,1.384,1.229,1.331,1.327,1.418,0.095,0.093,1.399,1.348,1.358,1.379,1.379,0.095,1.315,1.325,1.353,1.44,0.099,0.094,0.092,0.093,0.093,0.093,0.092,0.092,0.092,0.094,0.093,0.093,0.092
,17:10:00,32,0.101,0.091,0.092,0.093,0.092,0.093,0.096,0.091,0.093,0.093,0.107,0.096,0.097,0.259,0.281,0.304,0.336,0.436,0.305,0.31,0.279,0.277,0.294,0.091,0.093,0.468,0.32,0.369,0.482,0.327,0.329,0.404,0.301,0.258,0.503,0.092,0.094,0.318,0.332,0.368,0.31,0.435,0.085,0.222,0.284,0.312,0.334,0.093,0.094,1.272,1.208,1.301,1.402,1.37,1.29,1.318,1.377,1.405,1.415,0.098,0.096,1.363,1.226,1.322,1.319,1.325,1.384,1.228,1.331,1.326,1.417,0.094,0.093,1.399,1.347,1.357,1.378,1.379,0.095,1.313,1.324,1.353,1.439,0.099,0.094,0.092,0.092,0.092,0.093,0.092,0.092,0.092,0.094,0.093,0.092,0.092
,17:15:00,32,0.097,0.092,0.092,0.093,0.093,0.093,0.096,0.091,0.093,0.093,0.104,0.097,0.097,0.272,0.283,0.306,0.327,0.441,0.311,0.312,0.28,0.278,0.294,0.091,0.094,0.481,0.327,0.355,0.483,0.329,0.325,0.407,0.301,0.249,0.503,0.093,0.095,0.315,0.335,0.375,0.31,0.432,0.086,0.215,0.282,0.314,0.335,0.094,0.095,1.272,1.207,1.301,1.403,1.37,1.29,1.319,1.377,1.405,1.415,0.096,0.096,1.363,1.226,1.321,1.319,1.325,1.385,1.228,1.331,1.326,1.418,0.095,0.093,1.399,1.348,1.357,1.378,1.379,0.095,1.312,1.325,1.353,1.44,0.1,0.094,0.093,0.093,0.093,0.094,0.093,0.093,0.093,0.094,0.094,0.093,0.093
,17:20:00,32,0.102,0.091,0.092,0.093,0.092,0.093,0.096,0.091,0.092,0.093,0.113,0.097,0.097,0.259,0.285,0.306,0.337,0.442,0.307,0.312,0.281,0.277,0.296,0.091,0.093,0.477,0.323,0.362,0.483,0.331,0.327,0.41,0.305,0.26,0.502,0.092,0.094,0.317,0.336,0.364,0.31,0.464,0.085,0.221,0.281,0.315,0.336,0.093,0.094,1.271,1.206,1.299,1.401,1.369,1.288,1.317,1.375,1.404,1.413,0.098,0.096,1.362,1.224,1.32,1.317,1.323,1.383,1.226,1.33,1.326,1.418,0.095,0.093,1.399,1.346,1.356,1.377,1.378,0.095,1.312,1.324,1.352,1.439,0.099,0.094,0.092,0.093,0.092,0.093,0.092,0.093,0.092,0.094,0.094,0.093,0.093
,17:25:00,32,0.105,0.091,0.092,0.093,0.092,0.093,0.096,0.091,0.093,0.093,0.097,0.096,0.096,0.262,0.287,0.307,0.339,0.444,0.312,0.312,0.281,0.279,0.297,0.09,0.093,0.476,0.329,0.371,0.485,0.332,0.327,0.414,0.304,0.256,0.502,0.092,0.094,0.316,0.335,0.371,0.311,0.472,0.085,0.221,0.288,0.316,0.337,0.093,0.094,1.27,1.205,1.298,1.401,1.368,1.287,1.316,1.375,1.404,1.413,0.101,0.097,1.362,1.224,1.319,1.317,1.322,1.383,1.226,1.33,1.325,1.416,0.095,0.093,1.398,1.346,1.355,1.376,1.377,0.094,1.311,1.323,1.351,1.438,0.099,0.094,0.092,0.093,0.092,0.093,0.092,0.092,0.092,0.094,0.093,0.092,0.092
,17:30:00,32,0.116,0.091,0.092,0.093,0.093,0.093,0.096,0.091,0.092,0.093,0.094,0.097,0.097,0.26,0.291,0.308,0.329,0.449,0.309,0.313,0.282,0.278,0.298,0.091,0.093,0.476,0.344,0.375,0.486,0.334,0.327,0.416,0.307,0.26,0.502,0.092,0.094,0.32,0.338,0.376,0.311,0.441,0.085,0.224,0.29,0.318,0.338,0.093,0.094,1.269,1.204,1.298,1.401,1.368,1.287,1.316,1.374,1.404,1.413,0.096,0.096,1.361,1.223,1.319,1.317,1.321,1.382,1.225,1.328,1.325,1.416,0.095,0.093,1.398,1.345,1.355,1.375,1.377,0.095,1.311,1.322,1.35,1.437,0.099,0.094,0.092,0.093,0.093,0.093,0.092,0.093,0.092,0.093,0.094,0.093,0.093
,17:35:00,32,0.103,0.091,0.092,0.093,0.093,0.093,0.095,0.091,0.092,0.093,0.095,0.096,0.096,0.26,0.29,0.308,0.34,0.453,0.311,0.314,0.282,0.279,0.298,0.091,0.093,0.476,0.345,0.384,0.487,0.335,0.338,0.418,0.31,0.257,0.502,0.092,0.094,0.316,0.338,0.375,0.311,0.485,0.085,0.224,0.294,0.319,0.335,0.093,0.094,1.268,1.202,1.296,1.4,1.366,1.285,1.315,1.372,1.403,1.412,0.096,0.095,1.36,1.222,1.318,1.315,1.32,1.381,1.223,1.328,1.324,1.416,0.094,0.093,1.397,1.343,1.354,1.374,1.376,0.095,1.309,1.321,1.349,1.437,0.1,0.094,0.092,0.093,0.092,0.093,0.092,0.092,0.092,0.093,0.093,0.093,0.093
,17:40:00,32,0.095,0.092,0.092,0.093,0.092,0.093,0.096,0.091,0.093,0.093,0.094,0.096,0.097,0.26,0.293,0.308,0.33,0.45,0.312,0.316,0.283,0.279,0.301,0.091,0.093,0.482,0.345,0.376,0.488,0.337,0.329,0.422,0.31,0.261,0.502,0.092,0.094,0.321,0.338,0.376,0.311,0.443,0.085,0.216,0.288,0.321,0.34,0.093,0.095,1.267,1.201,1.296,1.4,1.366,1.284,1.315,1.371,1.403,1.412,0.096,0.095,1.361,1.222,1.317,1.314,1.319,1.381,1.223,1.328,1.325,1.415,0.095,0.093,1.397,1.344,1.355,1.374,1.376,0.095,1.309,1.321,1.349,1.436,0.099,0.094,0.092,0.093,0.092,0.093,0.092,0.092,0.092,0.094,0.093,0.093,0.092
,17:45:00,32,0.122,0.092,0.092,0.093,0.093,0.093,0.096,0.091,0.093,0.093,0.095,0.097,0.097,0.26,0.295,0.309,0.331,0.456,0.314,0.316,0.283,0.281,0.302,0.091,0.094,0.477,0.356,0.376,0.49,0.338,0.337,0.423,0.312,0.257,0.503,0.092,0.094,0.314,0.341,0.381,0.313,0.444,0.085,0.221,0.284,0.323,0.341,0.093,0.095,1.267,1.201,1.294,1.4,1.365,1.284,1.314,1.372,1.403,1.411,0.098,0.096,1.36,1.221,1.318,1.314,1.319,1.381,1.222,1.326,1.324,1.415,0.095,0.093,1.396,1.344,1.353,1.374,1.375,0.095,1.308,1.321,1.348,1.437,0.1,0.094,0.092,0.093,0.093,0.094,0.093,0.092,0.092,0.094,0.094,0.093,0.093
,17:50:00,32,0.098,0.092,0.092,0.093,0.093,0.093,0.096,0.091,0.092,0.093,0.093,0.096,0.097,0.261,0.297,0.309,0.342,0.456,0.313,0.318,0.284,0.277,0.303,0.091,0.093,0.477,0.346,0.37,0.489,0.333,0.332,0.422,0.309,0.261,0.501,0.092,0.094,0.323,0.34,0.384,0.313,0.48,0.085,0.225,0.29,0.324,0.34,0.093,0.095,1.266,1.199,1.293,1.399,1.365,1.284,1.314,1.371,1.402,1.411,0.096,0.096,1.36,1.221,1.317,1.313,1.318,1.381,1.221,1.326,1.324,1.415,0.095,0.093,1.397,1.343,1.353,1.373,1.375,0.095,1.309,1.321,1.347,1.436,0.099,0.094,0.092,0.093,0.093,0.093,0.092,0.092,0.092,0.094,0.094,0.093,0.092
,17:55:00,32,0.125,0.091,0.092,0.093,0.092,0.093,0.096,0.091,0.092,0.093,0.094,0.096,0.097,0.263,0.299,0.31,0.342,0.459,0.317,0.317,0.284,0.279,0.303,0.091,0.093,0.478,0.347,0.385,0.489,0.334,0.331,0.428,0.317,0.259,0.5,0.092,0.094,0.336,0.341,0.38,0.313,0.494,0.086,0.226,0.303,0.326,0.344,0.093,0.094,1.264,1.199,1.292,1.399,1.364,1.283,1.314,1.371,1.402,1.411,0.101,0.095,1.359,1.22,1.316,1.313,1.316,1.38,1.22,1.325,1.324,1.414,0.095,0.093,1.395,1.342,1.353,1.372,1.374,0.095,1.307,1.32,1.347,1.436,0.099,0.094,0.092,0.093,0.092,0.093,0.092,0.092,0.092,0.094,0.094,0.093,0.093
,18:00:00,32,0.101,0.091,0.092,0.093,0.092,0.093,0.096,0.091,0.093,0.093,0.094,0.096,0.097,0.262,0.3,0.31,0.343,0.465,0.32,0.319,0.284,0.281,0.305,0.091,0.093,0.479,0.367,0.372,0.491,0.343,0.333,0.427,0.317,0.26,0.499,0.093,0.094,0.336,0.343,0.379,0.314,0.481,0.086,0.226,0.288,0.327,0.343,0.093,0.095,1.264,1.197,1.292,1.398,1.363,1.281,1.313,1.369,1.401,1.41,0.109,0.096,1.358,1.22,1.315,1.311,1.316,1.379,1.219,1.325,1.323,1.413,0.095,0.093,1.395,1.341,1.352,1.371,1.373,0.095,1.305,1.319,1.346,1.436,0.099,0.094,0.092,0.093,0.092,0.093,0.092,0.092,0.092,0.094,0.094,0.093,0.093
,18:05:00,32,0.119,0.092,0.092,0.093,0.092,0.093,0.096,0.091,0.093,0.093,0.094,0.097,0.097,0.263,0.303,0.312,0.334,0.47,0.317,0.318,0.284,0.28,0.305,0.091,0.093,0.48,0.355,0.374,0.488,0.345,0.34,0.429,0.318,0.264,0.498,0.093,0.094,0.333,0.343,0.377,0.314,0.449,0.086,0.224,0.289,0.33,0.348,0.093,0.095,1.263,1.197,1.291,1.398,1.362,1.281,1.313,1.369,1.401,1.409,0.104,0.096,1.357,1.22,1.315,1.311,1.315,1.378,1.219,1.324,1.323,1.413,0.095,0.093,1.395,1.341,1.352,1.371,1.373,0.095,1.305,1.318,1.345,1.435,0.1,0.094,0.092,0.093,0.092,0.093,0.092,0.092,0.092,0.094,0.094,0.093,0.093
,18:10:00,32,0.093,0.091,0.092,0.093,0.092,0.093,0.095,0.091,0.092,0.093,0.093,0.096,0.096,0.263,0.304,0.311,0.334,0.466,0.317,0.32,0.286,0.278,0.307,0.091,0.093,0.481,0.382,0.376,0.49,0.339,0.334,0.434,0.322,0.262,0.498,0.092,0.094,0.322,0.347,0.383,0.314,0.463,0.085,0.228,0.299,0.329,0.347,0.093,0.094,1.262,1.196,1.29,1.398,1.361,1.28,1.312,1.368,1.401,1.409,0.107,0.095,1.358,1.219,1.314,1.31,1.314,1.379,1.218,1.323,1.323,1.412,0.095,0.093,1.394,1.341,1.351,1.369,1.372,0.095,1.305,1.318,1.344,1.435,0.099,0.094,0.092,0.093,0.092,0.093,0.092,0.092,0.092,0.094,0.093,0.092,0.092
,18:15:00,32,0.095,0.091,0.092,0.093,0.093,0.093,0.096,0.091,0.093,0.093,0.094,0.096,0.097,0.262,0.306,0.311,0.335,0.472,0.323,0.32,0.286,0.282,0.308,0.091,0.093,0.482,0.385,0.378,0.487,0.344,0.335,0.435,0.32,0.262,0.497,0.092,0.094,0.323,0.346,0.382,0.313,0.462,0.085,0.228,0.292,0.333,0.349,0.093,0.095,1.262,1.195,1.289,1.397,1.361,1.279,1.311,1.367,1.4,1.409,0.1,0.096,1.357,1.219,1.313,1.31,1.313,1.377,1.217,1.323,1.322,1.412,0.095,0.093,1.394,1.34,1.35,1.369,1.371,0.095,1.303,1.317,1.343,1.434,0.099,0.094,0.092,0.093,0.092,0.093,0.092,0.092,0.092,0.094,0.093,0.093,0.092
,18:20:00,32,0.101,0.091,0.092,0.093,0.092,0.093,0.095,0.091,0.093,0.093,0.093,0.096,0.097,0.264,0.314,0.313,0.34,0.47,0.322,0.32,0.286,0.281,0.307,0.091,0.094,0.483,0.375,0.382,0.489,0.35,0.34,0.439,0.324,0.263,0.495,0.092,0.094,0.324,0.347,0.381,0.314,0.454,0.085,0.218,0.301,0.333,0.346,0.093,0.094,1.259,1.194,1.287,1.397,1.36,1.278,1.31,1.366,1.399,1.407,0.111,0.095,1.356,1.218,1.312,1.308,1.312,1.377,1.216,1.322,1.321,1.41,0.095,0.093,1.393,1.339,1.349,1.368,1.371,0.094,1.302,1.317,1.343,1.433,0.099,0.094,0.092,0.092,0.092,0.093,0.092,0.092,0.092,0.094,0.093,0.092,0.092
,18:25:00,32,0.124,0.091,0.092,0.092,0.092,0.092,0.095,0.09,0.092,0.093,0.103,0.096,0.096,0.262,0.309,0.311,0.345,0.465,0.329,0.322,0.286,0.28,0.308,0.09,0.093,0.482,0.399,0.381,0.486,0.342,0.336,0.443,0.321,0.256,0.494,0.092,0.094,0.329,0.349,0.386,0.315,0.455,0.085,0.227,0.305,0.344,0.35,0.093,0.094,1.258,1.193,1.286,1.396,1.359,1.277,1.309,1.366,1.398,1.407,0.1,0.095,1.355,1.216,1.311,1.307,1.311,1.377,1.215,1.32,1.321,1.41,0.095,0.093,1.393,1.339,1.349,1.367,1.37,0.094,1.302,1.317,1.341,1.433,0.099,0.094,0.092,0.092,0.092,0.093,0.092,0.092,0.092,0.093,0.093,0.092,0.092
,18:30:00,31.9,0.127,0.091,0.092,0.093,0.093,0.093,0.096,0.091,0.092,0.093,0.105,0.096,0.097,0.274,0.312,0.314,0.347,0.466,0.326,0.322,0.288,0.282,0.309,0.091,0.093,0.482,0.361,0.384,0.487,0.351,0.338,0.449,0.327,0.264,0.495,0.093,0.094,0.334,0.351,0.391,0.315,0.456,0.086,0.227,0.299,0.34,0.355,0.093,0.094,1.257,1.192,1.286,1.396,1.359,1.277,1.309,1.365,1.399,1.407,0.11,0.096,1.356,1.216,1.311,1.307,1.311,1.376,1.215,1.32,1.321,1.41,0.095,0.093,1.393,1.338,1.35,1.367,1.371,0.095,1.301,1.316,1.341,1.434,0.1,0.094,0.092,0.093,0.092,0.093,0.092,0.092,0.092,0.094,0.093,0.093,0.093
,18:35:00,32,0.105,0.091,0.092,0.093,0.093,0.093,0.096,0.091,0.093,0.093,0.112,0.096,0.097,0.264,0.313,0.313,0.338,0.468,0.324,0.323,0.289,0.282,0.31,0.091,0.093,0.482,0.353,0.395,0.486,0.345,0.338,0.449,0.327,0.26,0.494,0.092,0.094,0.336,0.353,0.401,0.315,0.455,0.085,0.223,0.306,0.34,0.353,0.093,0.094,1.255,1.191,1.284,1.395,1.358,1.276,1.308,1.364,1.398,1.406,0.096,0.095,1.354,1.215,1.309,1.306,1.31,1.374,1.214,1.32,1.321,1.41,0.095,0.093,1.392,1.337,1.349,1.365,1.37,0.095,1.301,1.316,1.341,1.432,0.1,0.094,0.092,0.093,0.092,0.093,0.092,0.092,0.092,0.094,0.093,0.093,0.093
,18:40:00,32,0.103,0.092,0.092,0.093,0.093,0.093,0.095,0.091,0.093,0.093,0.102,0.096,0.097,0.264,0.316,0.314,0.339,0.473,0.326,0.322,0.289,0.283,0.31,0.091,0.093,0.481,0.394,0.388,0.487,0.35,0.346,0.453,0.327,0.265,0.485,0.092,0.094,0.322,0.355,0.394,0.316,0.471,0.085,0.225,0.3,0.342,0.355,0.093,0.094,1.254,1.19,1.284,1.396,1.357,1.275,1.309,1.364,1.398,1.406,0.098,0.095,1.355,1.215,1.311,1.306,1.309,1.375,1.212,1.32,1.32,1.41,0.095,0.093,1.391,1.337,1.349,1.366,1.369,0.095,1.299,1.316,1.341,1.432,0.099,0.094,0.092,0.093,0.092,0.093,0.092,0.092,0.092,0.094,0.094,0.093,0.093
,18:45:00,32,0.113,0.092,0.092,0.093,0.093,0.093,0.095,0.091,0.092,0.093,0.095,0.096,0.097,0.263,0.318,0.315,0.346,0.466,0.328,0.325,0.289,0.283,0.311,0.091,0.093,0.482,0.392,0.395,0.486,0.356,0.34,0.456,0.329,0.265,0.483,0.092,0.094,0.317,0.351,0.41,0.317,0.456,0.085,0.231,0.304,0.349,0.358,0.093,0.094,1.253,1.189,1.283,1.395,1.357,1.275,1.308,1.363,1.398,1.405,0.105,0.096,1.354,1.214,1.309,1.305,1.307,1.374,1.212,1.319,1.32,1.408,0.095,0.093,1.392,1.336,1.348,1.365,1.368,0.094,1.299,1.315,1.339,1.432,0.099,0.094,0.092,0.093,0.092,0.093,0.092,0.092,0.092,0.094,0.093,0.093,0.093
,18:50:00,32,0.11,0.091,0.092,0.093,0.092,0.093,0.096,0.091,0.092,0.093,0.094,0.096,0.097,0.264,0.321,0.315,0.344,0.474,0.329,0.324,0.29,0.283,0.311,0.09,0.093,0.49,0.392,0.392,0.486,0.356,0.341,0.458,0.333,0.265,0.487,0.092,0.094,0.338,0.353,0.406,0.317,0.502,0.085,0.231,0.31,0.347,0.351,0.093,0.094,1.251,1.188,1.282,1.394,1.356,1.274,1.309,1.363,1.397,1.405,0.101,0.095,1.353,1.214,1.309,1.305,1.306,1.374,1.212,1.318,1.32,1.408,0.095,0.093,1.391,1.336,1.347,1.364,1.368,0.095,1.297,1.314,1.338,1.431,0.099,0.094,0.092,0.092,0.092,0.093,0.092,0.092,0.092,0.094,0.094,0.093,0.093
,18:55:00,32,0.1,0.092,0.092,0.093,0.093,0.093,0.096,0.091,0.093,0.093,0.094,0.096,0.097,0.264,0.323,0.316,0.346,0.476,0.329,0.327,0.29,0.285,0.312,0.091,0.094,0.482,0.359,0.394,0.488,0.359,0.342,0.463,0.333,0.267,0.482,0.092,0.094,0.339,0.354,0.4,0.316,0.466,0.085,0.231,0.311,0.349,0.36,0.093,0.095,1.25,1.187,1.281,1.394,1.355,1.273,1.309,1.361,1.397,1.404,0.101,0.097,1.353,1.213,1.308,1.303,1.306,1.374,1.211,1.318,1.319,1.408,0.095,0.093,1.39,1.336,1.347,1.363,1.367,0.095,1.298,1.314,1.338,1.431,0.1,0.094,0.092,0.093,0.092,0.093,0.092,0.092,0.092,0.094,0.094,0.093,0.093
,19:00:00,32,0.115,0.092,0.092,0.093,0.092,0.093,0.096,0.091,0.092,0.093,0.093,0.096,0.097,0.265,0.325,0.317,0.341,0.476,0.331,0.326,0.291,0.285,0.312,0.091,0.094,0.483,0.38,0.404,0.488,0.358,0.343,0.463,0.333,0.256,0.484,0.092,0.094,0.323,0.355,0.409,0.318,0.458,0.085,0.231,0.308,0.351,0.359,0.093,0.095,1.249,1.187,1.28,1.393,1.354,1.272,1.31,1.361,1.397,1.403,0.11,0.095,1.353,1.212,1.307,1.303,1.305,1.373,1.21,1.317,1.319,1.408,0.095,0.093,1.391,1.335,1.347,1.363,1.367,0.095,1.296,1.314,1.337,1.43,0.099,0.094,0.092,0.093,0.093,0.093,0.092,0.092,0.092,0.094,0.094,0.093,0.093
,19:05:00,32,0.111,0.091,0.092,0.093,0.093,0.093,0.096,0.091,0.092,0.093,0.094,0.096,0.097,0.268,0.326,0.317,0.349,0.471,0.327,0.326,0.291,0.284,0.313,0.091,0.093,0.482,0.371,0.401,0.486,0.361,0.343,0.464,0.337,0.267,0.481,0.092,0.094,0.337,0.357,0.404,0.317,0.483,0.085,0.23,0.311,0.352,0.355,0.093,0.094,1.247,1.186,1.279,1.394,1.354,1.272,1.311,1.361,1.397,1.404,0.109,0.095,1.351,1.211,1.307,1.303,1.304,1.373,1.209,1.316,1.319,1.407,0.095,0.093,1.39,1.335,1.345,1.363,1.366,0.095,1.295,1.314,1.337,1.43,0.099,0.094,0.092,0.092,0.092,0.093,0.092,0.092,0.092,0.093,0.093,0.093,0.092
,19:10:00,32,0.127,0.091,0.092,0.093,0.092,0.093,0.096,0.091,0.092,0.093,0.096,0.096,0.097,0.265,0.327,0.317,0.35,0.473,0.334,0.327,0.291,0.285,0.313,0.091,0.093,0.483,0.374,0.411,0.487,0.362,0.344,0.469,0.335,0.268,0.48,0.092,0.094,0.323,0.361,0.406,0.318,0.46,0.085,0.233,0.311,0.355,0.362,0.093,0.094,1.246,1.185,1.278,1.393,1.353,1.271,1.31,1.359,1.395,1.403,0.103,0.095,1.352,1.211,1.306,1.301,1.303,1.373,1.208,1.316,1.318,1.407,0.095,0.093,1.389,1.334,1.346,1.361,1.365,0.094,1.296,1.313,1.336,1.429,0.099,0.094,0.092,0.092,0.092,0.093,0.092,0.092,0.092,0.094,0.093,0.093,0.092
,19:15:00,32,0.117,0.091,0.092,0.093,0.093,0.093,0.096,0.091,0.092,0.093,0.105,0.096,0.097,0.266,0.333,0.318,0.351,0.472,0.331,0.33,0.293,0.285,0.314,0.091,0.094,0.482,0.35,0.411,0.486,0.365,0.345,0.47,0.341,0.269,0.479,0.092,0.094,0.341,0.358,0.416,0.319,0.46,0.085,0.234,0.316,0.356,0.36,0.093,0.095,1.244,1.183,1.277,1.392,1.352,1.27,1.31,1.359,1.395,1.402,0.107,0.095,1.35,1.209,1.305,1.3,1.302,1.371,1.208,1.315,1.318,1.406,0.095,0.093,1.389,1.333,1.345,1.361,1.365,0.095,1.293,1.312,1.335,1.428,0.099,0.094,0.092,0.093,0.092,0.093,0.092,0.092,0.092,0.094,0.094,0.093,0.092
,19:20:00,32,0.112,0.091,0.092,0.093,0.093,0.093,0.096,0.091,0.093,0.093,0.104,0.096,0.097,0.265,0.333,0.318,0.352,0.479,0.333,0.328,0.292,0.286,0.314,0.091,0.093,0.482,0.386,0.403,0.486,0.363,0.346,0.464,0.342,0.264,0.48,0.092,0.094,0.337,0.361,0.406,0.318,0.464,0.085,0.234,0.315,0.364,0.363,0.093,0.094,1.243,1.181,1.276,1.392,1.351,1.269,1.309,1.358,1.395,1.401,0.109,0.095,1.35,1.208,1.304,1.3,1.302,1.371,1.207,1.314,1.318,1.406,0.095,0.093,1.388,1.333,1.344,1.36,1.364,0.095,1.293,1.311,1.334,1.428,0.099,0.094,0.092,0.093,0.092,0.093,0.092,0.092,0.092,0.094,0.094,0.093,0.093
,19:25:00,32,0.134,0.092,0.092,0.094,0.093,0.093,0.096,0.091,0.093,0.093,0.105,0.096,0.097,0.28,0.337,0.319,0.345,0.478,0.336,0.33,0.293,0.287,0.315,0.092,0.094,0.482,0.346,0.408,0.485,0.364,0.347,0.468,0.342,0.268,0.477,0.092,0.094,0.326,0.362,0.399,0.318,0.459,0.086,0.234,0.317,0.358,0.365,0.093,0.094,1.241,1.181,1.275,1.392,1.35,1.269,1.308,1.358,1.394,1.401,0.098,0.096,1.35,1.207,1.304,1.299,1.3,1.37,1.207,1.313,1.317,1.405,0.095,0.093,1.388,1.333,1.343,1.36,1.364,0.095,1.293,1.311,1.334,1.428,0.1,0.094,0.093,0.093,0.092,0.093,0.092,0.092,0.092,0.094,0.094,0.093,0.093
,19:30:00,32,0.114,0.091,0.092,0.093,0.093,0.093,0.096,0.091,0.093,0.093,0.101,0.096,0.097,0.266,0.339,0.32,0.345,0.472,0.335,0.331,0.294,0.286,0.315,0.092,0.093,0.482,0.362,0.412,0.486,0.37,0.348,0.471,0.344,0.261,0.477,0.092,0.094,0.318,0.361,0.41,0.32,0.459,0.085,0.231,0.318,0.362,0.364,0.093,0.094,1.246,1.18,1.275,1.392,1.351,1.268,1.308,1.357,1.394,1.402,0.102,0.095,1.35,1.207,1.303,1.299,1.3,1.37,1.206,1.314,1.317,1.405,0.095,0.093,1.388,1.333,1.344,1.359,1.364,0.095,1.292,1.311,1.333,1.428,0.099,0.094,0.092,0.093,0.092,0.093,0.092,0.092,0.092,0.094,0.093,0.093,0.093
,19:35:00,32,0.121,0.092,0.092,0.093,0.093,0.093,0.096,0.091,0.093,0.093,0.103,0.096,0.097,0.266,0.339,0.32,0.346,0.466,0.338,0.332,0.294,0.287,0.316,0.091,0.093,0.482,0.374,0.409,0.485,0.369,0.35,0.471,0.345,0.264,0.475,0.092,0.094,0.338,0.364,0.428,0.32,0.507,0.086,0.234,0.321,0.361,0.365,0.093,0.095,1.24,1.179,1.273,1.391,1.349,1.267,1.307,1.357,1.394,1.401,0.096,0.095,1.348,1.206,1.302,1.298,1.299,1.37,1.205,1.313,1.317,1.404,0.095,0.093,1.388,1.332,1.343,1.359,1.363,0.095,1.292,1.31,1.333,1.428,0.099,0.094,0.092,0.093,0.092,0.093,0.092,0.092,0.092,0.093,0.094,0.093,0.093
,19:40:00,32,0.128,0.091,0.092,0.093,0.092,0.093,0.096,0.091,0.092,0.093,0.095,0.096,0.097,0.266,0.346,0.32,0.346,0.474,0.335,0.331,0.298,0.287,0.316,0.091,0.093,0.482,0.37,0.417,0.485,0.371,0.349,0.47,0.346,0.268,0.474,0.092,0.094,0.322,0.365,0.428,0.319,0.458,0.085,0.23,0.323,0.367,0.364,0.093,0.094,1.238,1.179,1.272,1.39,1.349,1.266,1.307,1.357,1.393,1.401,0.096,0.095,1.348,1.205,1.302,1.297,1.298,1.369,1.204,1.312,1.316,1.404,0.095,0.093,1.387,1.332,1.342,1.358,1.362,0.095,1.291,1.309,1.332,1.427,0.099,0.094,0.092,0.093,0.092,0.093,0.092,0.092,0.092,0.093,0.093,0.092,0.093
,19:45:00,32,0.13,0.092,0.092,0.093,0.093,0.093,0.096,0.091,0.093,0.093,0.097,0.096,0.097,0.267,0.347,0.321,0.349,0.471,0.336,0.332,0.299,0.288,0.317,0.091,0.094,0.489,0.388,0.414,0.485,0.37,0.35,0.47,0.349,0.267,0.473,0.093,0.094,0.339,0.37,0.412,0.321,0.459,0.086,0.234,0.326,0.363,0.361,0.093,0.095,1.238,1.178,1.272,1.391,1.349,1.265,1.306,1.356,1.394,1.4,0.097,0.096,1.348,1.204,1.301,1.297,1.297,1.369,1.204,1.311,1.316,1.404,0.095,0.093,1.386,1.331,1.342,1.357,1.362,0.095,1.29,1.309,1.333,1.427,0.1,0.094,0.092,0.093,0.092,0.093,0.092,0.092,0.092,0.094,0.094,0.093,0.093
,19:50:00,32,0.125,0.091,0.092,0.093,0.093,0.093,0.096,0.091,0.092,0.093,0.096,0.096,0.097,0.278,0.346,0.321,0.348,0.471,0.339,0.334,0.296,0.288,0.317,0.091,0.093,0.483,0.362,0.419,0.485,0.374,0.352,0.473,0.35,0.268,0.472,0.092,0.094,0.342,0.369,0.416,0.321,0.468,0.086,0.237,0.328,0.364,0.368,0.093,0.094,1.236,1.177,1.271,1.39,1.348,1.265,1.306,1.355,1.393,1.4,0.096,0.095,1.347,1.203,1.301,1.296,1.296,1.369,1.203,1.312,1.316,1.402,0.095,0.093,1.386,1.33,1.342,1.357,1.361,0.095,1.29,1.309,1.337,1.426,0.099,0.094,0.092,0.092,0.092,0.093,0.092,0.092,0.092,0.094,0.093,0.093,0.093
,19:55:00,32,0.126,0.091,0.092,0.093,0.093,0.093,0.096,0.091,0.093,0.093,0.102,0.096,0.097,0.267,0.348,0.323,0.349,0.467,0.34,0.335,0.296,0.288,0.317,0.091,0.093,0.483,0.355,0.425,0.485,0.375,0.354,0.475,0.349,0.271,0.471,0.092,0.094,0.337,0.372,0.423,0.321,0.459,0.085,0.234,0.327,0.374,0.369,0.093,0.095,1.234,1.175,1.27,1.389,1.347,1.264,1.304,1.354,1.393,1.399,0.107,0.095,1.347,1.202,1.299,1.295,1.296,1.368,1.202,1.31,1.315,1.403,0.095,0.093,1.385,1.33,1.341,1.356,1.361,0.095,1.288,1.308,1.339,1.425,0.099,0.094,0.092,0.092,0.092,0.093,0.092,0.092,0.092,0.094,0.094,0.093,0.093
,20:00:00,32,0.106,0.091,0.092,0.093,0.093,0.093,0.096,0.091,0.093,0.093,0.099,0.096,0.097,0.267,0.357,0.323,0.349,0.468,0.338,0.336,0.297,0.288,0.317,0.091,0.093,0.482,0.366,0.42,0.484,0.373,0.353,0.473,0.355,0.267,0.471,0.093,0.094,0.341,0.374,0.415,0.322,0.457,0.085,0.233,0.329,0.367,0.367,0.093,0.095,1.234,1.175,1.269,1.389,1.346,1.263,1.304,1.354,1.392,1.399,0.099,0.095,1.346,1.203,1.299,1.294,1.294,1.368,1.201,1.309,1.315,1.402,0.095,0.093,1.385,1.33,1.34,1.355,1.361,0.095,1.288,1.308,1.34,1.425,0.099,0.094,0.092,0.092,0.092,0.093,0.092,0.092,0.092,0.094,0.094,0.093,0.093
,20:05:00,32,0.115,0.092,0.092,0.093,0.093,0.093,0.096,0.091,0.093,0.093,0.097,0.096,0.097,0.268,0.356,0.324,0.351,0.466,0.34,0.336,0.297,0.288,0.318,0.091,0.094,0.486,0.391,0.418,0.485,0.375,0.356,0.476,0.355,0.271,0.471,0.092,0.094,0.33,0.367,0.407,0.321,0.5,0.086,0.236,0.33,0.368,0.369,0.093,0.094,1.232,1.174,1.268,1.388,1.346,1.262,1.303,1.353,1.391,1.397,0.1,0.096,1.346,1.201,1.299,1.294,1.293,1.367,1.2,1.309,1.314,1.401,0.095,0.093,1.384,1.329,1.339,1.355,1.36,0.095,1.286,1.307,1.341,1.424,0.1,0.094,0.092,0.093,0.092,0.093,0.092,0.092,0.092,0.094,0.093,0.093,0.092
,20:10:00,32,0.145,0.091,0.092,0.093,0.092,0.093,0.096,0.091,0.093,0.093,0.102,0.096,0.097,0.268,0.359,0.324,0.352,0.463,0.343,0.338,0.297,0.288,0.318,0.091,0.094,0.483,0.386,0.419,0.484,0.376,0.355,0.475,0.355,0.274,0.47,0.092,0.094,0.321,0.37,0.409,0.322,0.502,0.085,0.239,0.332,0.378,0.371,0.093,0.094,1.231,1.173,1.267,1.389,1.345,1.262,1.303,1.353,1.392,1.398,0.098,0.096,1.346,1.2,1.298,1.294,1.293,1.367,1.2,1.308,1.314,1.402,0.095,0.093,1.384,1.329,1.34,1.355,1.36,0.094,1.287,1.307,1.342,1.425,0.1,0.094,0.092,0.092,0.092,0.093,0.092,0.092,0.092,0.094,0.093,0.093,0.093
,20:15:00,32,0.129,0.091,0.092,0.093,0.092,0.092,0.096,0.091,0.092,0.093,0.109,0.096,0.097,0.27,0.356,0.324,0.351,0.464,0.344,0.339,0.297,0.288,0.319,0.09,0.093,0.481,0.358,0.421,0.484,0.374,0.356,0.478,0.355,0.265,0.47,0.092,0.094,0.333,0.373,0.412,0.322,0.458,0.085,0.231,0.334,0.374,0.368,0.093,0.094,1.23,1.171,1.266,1.387,1.344,1.261,1.301,1.352,1.391,1.397,0.097,0.095,1.346,1.2,1.297,1.292,1.292,1.366,1.199,1.307,1.314,1.401,0.095,0.092,1.384,1.328,1.339,1.353,1.359,0.095,1.287,1.306,1.345,1.424,0.099,0.094,0.092,0.092,0.092,0.093,0.092,0.092,0.092,0.094,0.093,0.092,0.092
,20:20:00,32,0.13,0.092,0.092,0.093,0.093,0.093,0.096,0.091,0.093,0.093,0.095,0.096,0.097,0.272,0.363,0.325,0.353,0.466,0.35,0.338,0.298,0.289,0.319,0.09,0.094,0.487,0.362,0.424,0.484,0.376,0.357,0.479,0.357,0.268,0.468,0.092,0.094,0.32,0.37,0.406,0.322,0.456,0.085,0.239,0.336,0.375,0.372,0.093,0.094,1.229,1.172,1.266,1.388,1.343,1.26,1.301,1.351,1.39,1.397,0.096,0.095,1.345,1.199,1.296,1.291,1.291,1.366,1.198,1.307,1.313,1.401,0.095,0.093,1.383,1.328,1.338,1.353,1.358,0.095,1.284,1.306,1.345,1.423,0.099,0.094,0.092,0.092,0.092,0.093,0.092,0.092,0.092,0.094,0.093,0.093,0.093
,20:25:00,32,0.119,0.091,0.092,0.093,0.093,0.093,0.095,0.091,0.093,0.093,0.111,0.097,0.097,0.268,0.364,0.326,0.354,0.463,0.352,0.34,0.298,0.289,0.32,0.091,0.094,0.482,0.389,0.425,0.483,0.377,0.358,0.475,0.362,0.27,0.468,0.092,0.094,0.344,0.372,0.416,0.323,0.455,0.086,0.239,0.337,0.373,0.371,0.093,0.095,1.228,1.171,1.264,1.388,1.343,1.259,1.301,1.351,1.39,1.397,0.101,0.096,1.345,1.198,1.296,1.291,1.291,1.365,1.198,1.307,1.313,1.401,0.095,0.093,1.383,1.328,1.338,1.352,1.357,0.095,1.283,1.305,1.346,1.423,0.099,0.094,0.092,0.093,0.093,0.093,0.092,0.092,0.092,0.094,0.094,0.093,0.093
,20:30:00,32,0.132,0.092,0.092,0.093,0.093,0.093,0.096,0.091,0.093,0.093,0.104,0.096,0.097,0.268,0.363,0.326,0.357,0.467,0.353,0.34,0.3,0.289,0.32,0.091,0.094,0.485,0.355,0.435,0.484,0.376,0.363,0.477,0.359,0.271,0.468,0.092,0.094,0.322,0.373,0.42,0.323,0.457,0.086,0.234,0.339,0.379,0.376,0.093,0.095,1.227,1.17,1.264,1.387,1.342,1.258,1.3,1.35,1.39,1.396,0.11,0.096,1.344,1.197,1.295,1.29,1.289,1.365,1.197,1.306,1.312,1.4,0.095,0.093,1.381,1.327,1.337,1.351,1.357,0.095,1.284,1.305,1.346,1.422,0.1,0.094,0.092,0.093,0.092,0.093,0.092,0.092,0.092,0.094,0.094,0.093,0.093
,20:35:00,32,0.14,0.091,0.092,0.093,0.092,0.093,0.096,0.091,0.092,0.093,0.093,0.096,0.097,0.275,0.362,0.326,0.358,0.467,0.35,0.34,0.299,0.288,0.32,0.091,0.094,0.487,0.347,0.426,0.484,0.373,0.36,0.476,0.364,0.271,0.468,0.093,0.094,0.343,0.375,0.418,0.324,0.457,0.085,0.237,0.341,0.38,0.376,0.093,0.094,1.226,1.169,1.262,1.386,1.341,1.257,1.299,1.349,1.389,1.395,0.111,0.095,1.344,1.197,1.295,1.289,1.289,1.365,1.197,1.305,1.312,1.399,0.095,0.093,1.381,1.327,1.337,1.351,1.357,0.094,1.284,1.305,1.346,1.422,0.1,0.094,0.092,0.092,0.092,0.093,0.092,0.092,0.092,0.093,0.093,0.092,0.093
,20:40:00,32,0.128,0.091,0.092,0.093,0.093,0.093,0.096,0.091,0.093,0.093,0.093,0.096,0.097,0.268,0.36,0.328,0.355,0.463,0.351,0.342,0.306,0.29,0.321,0.091,0.093,0.488,0.362,0.427,0.483,0.375,0.36,0.479,0.364,0.273,0.466,0.092,0.094,0.341,0.381,0.403,0.324,0.486,0.085,0.242,0.342,0.378,0.376,0.093,0.094,1.225,1.168,1.262,1.385,1.341,1.256,1.299,1.349,1.388,1.395,0.103,0.095,1.343,1.195,1.294,1.288,1.287,1.363,1.196,1.305,1.311,1.399,0.095,0.093,1.38,1.325,1.336,1.35,1.356,0.095,1.282,1.304,1.345,1.421,0.1,0.094,0.092,0.093,0.092,0.093,0.092,0.092,0.092,0.093,0.093,0.093,0.093
,20:45:00,32,0.132,0.092,0.092,0.093,0.093,0.093,0.096,0.091,0.093,0.093,0.094,0.096,0.097,0.28,0.359,0.329,0.356,0.464,0.348,0.341,0.301,0.29,0.321,0.091,0.094,0.493,0.352,0.426,0.483,0.376,0.359,0.478,0.358,0.269,0.467,0.093,0.094,0.325,0.379,0.422,0.325,0.455,0.086,0.239,0.352,0.385,0.378,0.093,0.094,1.223,1.166,1.261,1.385,1.341,1.256,1.298,1.348,1.389,1.394,0.103,0.095,1.343,1.195,1.294,1.288,1.287,1.364,1.195,1.304,1.312,1.399,0.096,0.093,1.38,1.325,1.336,1.35,1.356,0.095,1.282,1.303,1.346,1.421,0.1,0.094,0.092,0.093,0.092,0.093,0.092,0.092,0.092,0.094,0.094,0.093,0.093
,20:50:00,32,0.125,0.091,0.092,0.093,0.093,0.093,0.096,0.091,0.093,0.093,0.101,0.096,0.097,0.272,0.36,0.328,0.354,0.463,0.351,0.342,0.3,0.29,0.321,0.091,0.094,0.484,0.365,0.433,0.482,0.373,0.36,0.477,0.368,0.275,0.466,0.092,0.095,0.323,0.376,0.409,0.324,0.493,0.085,0.24,0.347,0.375,0.376,0.093,0.094,1.222,1.167,1.26,1.383,1.341,1.257,1.298,1.348,1.388,1.394,0.097,0.096,1.343,1.194,1.294,1.288,1.286,1.364,1.195,1.304,1.311,1.399,0.095,0.093,1.38,1.325,1.336,1.35,1.355,0.095,1.281,1.303,1.348,1.421,0.099,0.094,0.092,0.092,0.092,0.093,0.092,0.092,0.092,0.094,0.093,0.092,0.092
,20:55:00,32,0.112,0.091,0.092,0.093,0.093,0.093,0.096,0.091,0.093,0.093,0.096,0.096,0.097,0.269,0.357,0.329,0.356,0.464,0.355,0.341,0.301,0.29,0.322,0.091,0.093,0.487,0.357,0.433,0.482,0.376,0.362,0.476,0.364,0.271,0.466,0.092,0.094,0.321,0.377,0.416,0.325,0.455,0.085,0.24,0.348,0.375,0.374,0.093,0.094,1.221,1.165,1.259,1.382,1.338,1.255,1.296,1.347,1.387,1.393,0.098,0.096,1.341,1.192,1.293,1.287,1.285,1.362,1.194,1.303,1.311,1.398,0.095,0.093,1.379,1.324,1.334,1.349,1.354,0.095,1.281,1.303,1.348,1.42,0.099,0.094,0.092,0.092,0.092,0.093,0.092,0.092,0.092,0.094,0.093,0.092,0.093
,21:00:00,32,0.125,0.091,0.092,0.093,0.092,0.093,0.096,0.091,0.093,0.093,0.093,0.096,0.097,0.268,0.363,0.33,0.352,0.463,0.363,0.339,0.304,0.291,0.322,0.091,0.093,0.482,0.34,0.427,0.485,0.376,0.359,0.475,0.372,0.277,0.465,0.092,0.094,0.329,0.398,0.403,0.325,0.452,0.085,0.239,0.362,0.382,0.378,0.093,0.094,1.22,1.165,1.259,1.381,1.338,1.254,1.296,1.346,1.387,1.393,0.109,0.095,1.342,1.191,1.292,1.286,1.284,1.362,1.193,1.303,1.31,1.397,0.095,0.093,1.379,1.324,1.334,1.349,1.354,0.094,1.28,1.302,1.35,1.42,0.099,0.094,0.092,0.092,0.092,0.093,0.092,0.092,0.092,0.093,0.093,0.092,0.092
,21:05:00,32,0.135,0.091,0.092,0.093,0.092,0.093,0.096,0.091,0.092,0.093,0.093,0.096,0.097,0.282,0.36,0.33,0.352,0.462,0.359,0.339,0.302,0.292,0.323,0.091,0.094,0.485,0.371,0.43,0.482,0.372,0.358,0.475,0.368,0.269,0.466,0.092,0.094,0.329,0.382,0.412,0.326,0.454,0.085,0.242,0.351,0.382,0.375,0.093,0.094,1.219,1.164,1.258,1.381,1.337,1.254,1.295,1.347,1.387,1.393,0.098,0.095,1.341,1.191,1.291,1.286,1.284,1.362,1.193,1.303,1.31,1.397,0.095,0.093,1.378,1.324,1.334,1.348,1.354,0.095,1.278,1.302,1.35,1.42,0.1,0.094,0.092,0.092,0.092,0.093,0.092,0.092,0.092,0.094,0.094,0.093,0.093
,21:10:00,32,0.126,0.091,0.092,0.093,0.093,0.093,0.095,0.091,0.092,0.093,0.093,0.096,0.097,0.268,0.362,0.331,0.352,0.462,0.365,0.341,0.308,0.292,0.323,0.091,0.093,0.49,0.373,0.429,0.482,0.375,0.358,0.475,0.373,0.275,0.465,0.092,0.094,0.321,0.383,0.425,0.325,0.456,0.085,0.239,0.361,0.375,0.378,0.093,0.094,1.218,1.163,1.257,1.38,1.338,1.252,1.294,1.346,1.387,1.393,0.096,0.095,1.34,1.19,1.291,1.285,1.282,1.362,1.193,1.302,1.31,1.396,0.095,0.093,1.378,1.323,1.333,1.348,1.353,0.094,1.279,1.301,1.35,1.419,0.1,0.094,0.092,0.092,0.092,0.093,0.092,0.092,0.092,0.094,0.093,0.092,0.093
,21:15:00,32,0.134,0.092,0.092,0.093,0.092,0.093,0.096,0.091,0.092,0.093,0.093,0.096,0.097,0.267,0.357,0.332,0.352,0.461,0.352,0.339,0.302,0.292,0.323,0.091,0.093,0.49,0.374,0.429,0.482,0.378,0.361,0.473,0.371,0.27,0.466,0.092,0.094,0.332,0.387,0.422,0.325,0.454,0.085,0.245,0.363,0.374,0.38,0.093,0.094,1.217,1.162,1.255,1.379,1.336,1.252,1.292,1.345,1.386,1.392,0.098,0.095,1.34,1.189,1.29,1.284,1.282,1.361,1.192,1.3,1.309,1.397,0.095,0.093,1.377,1.322,1.333,1.347,1.352,0.094,1.278,1.3,1.35,1.418,0.099,0.094,0.092,0.092,0.092,0.093,0.092,0.092,0.092,0.093,0.093,0.092,0.092
,21:20:00,32,0.122,0.091,0.092,0.093,0.092,0.093,0.095,0.091,0.092,0.093,0.093,0.096,0.097,0.268,0.359,0.332,0.355,0.461,0.357,0.339,0.307,0.29,0.323,0.09,0.093,0.488,0.368,0.43,0.482,0.373,0.358,0.469,0.373,0.277,0.465,0.093,0.094,0.342,0.385,0.409,0.325,0.453,0.085,0.243,0.358,0.374,0.378,0.093,0.094,1.216,1.162,1.255,1.378,1.335,1.251,1.292,1.344,1.386,1.391,0.102,0.095,1.34,1.189,1.289,1.283,1.28,1.36,1.191,1.3,1.308,1.396,0.095,0.093,1.377,1.322,1.332,1.346,1.352,0.094,1.275,1.3,1.35,1.418,0.099,0.094,0.092,0.092,0.092,0.093,0.092,0.092,0.092,0.093,0.093,0.092,0.092
,21:25:00,32,0.14,0.091,0.092,0.093,0.093,0.093,0.096,0.091,0.093,0.093,0.093,0.096,0.097,0.268,0.359,0.333,0.357,0.46,0.36,0.339,0.306,0.292,0.324,0.09,0.093,0.487,0.357,0.435,0.481,0.372,0.359,0.469,0.377,0.274,0.465,0.092,0.094,0.326,0.391,0.395,0.327,0.451,0.085,0.245,0.367,0.374,0.378,0.093,0.094,1.215,1.16,1.254,1.377,1.335,1.25,1.291,1.344,1.386,1.391,0.099,0.095,1.34,1.188,1.288,1.283,1.28,1.36,1.19,1.299,1.308,1.396,0.095,0.095,1.377,1.321,1.331,1.346,1.351,0.095,1.276,1.3,1.35,1.417,0.099,0.094,0.092,0.092,0.092,0.093,0.092,0.092,0.092,0.094,0.093,0.093,0.093
,21:30:00,32,0.13,0.091,0.092,0.093,0.092,0.093,0.095,0.091,0.092,0.093,0.093,0.096,0.097,0.267,0.36,0.333,0.352,0.461,0.365,0.34,0.303,0.292,0.324,0.09,0.093,0.492,0.365,0.432,0.482,0.373,0.359,0.472,0.379,0.278,0.465,0.092,0.094,0.33,0.384,0.404,0.326,0.453,0.085,0.237,0.373,0.374,0.379,0.093,0.094,1.214,1.159,1.252,1.377,1.335,1.25,1.29,1.343,1.386,1.391,0.103,0.095,1.339,1.187,1.287,1.282,1.279,1.359,1.189,1.299,1.308,1.395,0.095,0.092,1.376,1.32,1.331,1.345,1.35,0.094,1.276,1.299,1.349,1.417,0.099,0.094,0.092,0.092,0.092,0.093,0.092,0.092,0.092,0.093,0.093,0.092,0.092
,21:35:00,32,0.11,0.091,0.092,0.093,0.093,0.093,0.096,0.091,0.093,0.093,0.098,0.096,0.097,0.267,0.357,0.331,0.351,0.459,0.363,0.34,0.311,0.292,0.325,0.091,0.094,0.491,0.376,0.446,0.482,0.372,0.359,0.471,0.378,0.276,0.465,0.092,0.094,0.333,0.386,0.403,0.327,0.496,0.085,0.238,0.367,0.374,0.374,0.093,0.094,1.213,1.159,1.252,1.378,1.335,1.25,1.29,1.344,1.386,1.391,0.1,0.095,1.339,1.186,1.288,1.282,1.279,1.36,1.189,1.299,1.308,1.395,0.095,0.093,1.376,1.32,1.331,1.345,1.351,0.095,1.276,1.299,1.351,1.418,0.1,0.094,0.092,0.092,0.092,0.093,0.092,0.092,0.092,0.094,0.094,0.093,0.093
,21:40:00,32,0.12,0.091,0.092,0.093,0.093,0.093,0.096,0.091,0.093,0.093,0.093,0.096,0.097,0.267,0.356,0.332,0.352,0.46,0.366,0.34,0.303,0.292,0.325,0.091,0.093,0.49,0.357,0.436,0.481,0.372,0.359,0.465,0.384,0.278,0.465,0.092,0.094,0.347,0.386,0.401,0.328,0.464,0.085,0.238,0.377,0.374,0.377,0.093,0.094,1.211,1.157,1.251,1.376,1.334,1.249,1.288,1.342,1.384,1.389,0.096,0.095,1.338,1.185,1.287,1.281,1.278,1.359,1.189,1.298,1.306,1.394,0.095,0.093,1.375,1.319,1.33,1.344,1.35,0.095,1.273,1.298,1.349,1.416,0.099,0.094,0.092,0.092,0.092,0.093,0.092,0.092,0.092,0.093,0.093,0.093,0.093
,21:45:00,32,0.14,0.091,0.092,0.093,0.092,0.093,0.095,0.091,0.092,0.093,0.093,0.096,0.097,0.272,0.357,0.331,0.359,0.458,0.366,0.339,0.303,0.293,0.325,0.09,0.093,0.491,0.342,0.432,0.48,0.372,0.359,0.471,0.384,0.277,0.464,0.092,0.094,0.33,0.386,0.405,0.327,0.469,0.086,0.242,0.371,0.375,0.375,0.093,0.094,1.211,1.157,1.25,1.376,1.333,1.248,1.288,1.342,1.384,1.39,0.096,0.095,1.338,1.184,1.287,1.28,1.277,1.358,1.188,1.297,1.307,1.394,0.095,0.093,1.375,1.318,1.33,1.343,1.349,0.094,1.273,1.298,1.35,1.416,0.099,0.094,0.092,0.092,0.092,0.093,0.092,0.092,0.092,0.093,0.093,0.093,0.092
,21:50:00,32,0.121,0.091,0.092,0.093,0.092,0.093,0.096,0.091,0.092,0.093,0.093,0.096,0.097,0.267,0.353,0.33,0.356,0.459,0.368,0.34,0.304,0.293,0.326,0.09,0.093,0.491,0.365,0.432,0.481,0.371,0.363,0.466,0.385,0.279,0.464,0.092,0.094,0.346,0.388,0.401,0.328,0.452,0.085,0.239,0.377,0.373,0.373,0.093,0.094,1.209,1.156,1.249,1.376,1.332,1.247,1.287,1.342,1.384,1.388,0.096,0.095,1.337,1.183,1.285,1.28,1.275,1.358,1.188,1.297,1.306,1.393,0.095,0.093,1.374,1.318,1.329,1.343,1.348,0.094,1.272,1.297,1.349,1.415,0.099,0.094,0.092,0.092,0.092,0.093,0.092,0.092,0.092,0.093,0.093,0.092,0.092
,21:55:00,32,0.135,0.091,0.092,0.093,0.092,0.093,0.095,0.091,0.092,0.092,0.093,0.096,0.097,0.267,0.356,0.33,0.351,0.46,0.365,0.341,0.303,0.293,0.325,0.09,0.093,0.493,0.369,0.432,0.48,0.375,0.36,0.47,0.386,0.276,0.465,0.092,0.094,0.345,0.388,0.399,0.328,0.451,0.085,0.245,0.375,0.372,0.373,0.093,0.094,1.208,1.155,1.248,1.375,1.331,1.247,1.286,1.341,1.383,1.388,0.096,0.095,1.337,1.183,1.285,1.279,1.275,1.358,1.186,1.296,1.305,1.393,0.095,0.093,1.374,1.318,1.328,1.342,1.348,0.094,1.272,1.296,1.349,1.415,0.099,0.094,0.092,0.092,0.092,0.093,0.092,0.092,0.092,0.094,0.093,0.092,0.092
,22:00:00,32,0.137,0.091,0.092,0.093,0.093,0.093,0.095,0.091,0.093,0.093,0.093,0.096,0.097,0.266,0.355,0.33,0.352,0.466,0.373,0.34,0.313,0.294,0.326,0.091,0.093,0.492,0.344,0.445,0.48,0.373,0.361,0.469,0.383,0.276,0.464,0.092,0.094,0.335,0.394,0.394,0.328,0.449,0.085,0.24,0.387,0.371,0.376,0.093,0.094,1.207,1.154,1.247,1.375,1.33,1.245,1.286,1.34,1.382,1.387,0.098,0.095,1.336,1.181,1.285,1.278,1.274,1.357,1.186,1.296,1.305,1.392,0.096,0.093,1.374,1.317,1.328,1.342,1.347,0.094,1.271,1.296,1.349,1.415,0.099,0.094,0.092,0.092,0.092,0.093,0.092,0.092,0.092,0.094,0.093,0.093,0.092
,,,,,,,,,,,,,,,,,,,,,,,,,,,,,,,,,,,,,,,,,,,,,,,,,,,,,,,,,,,,,,,,,,,,,,,,,,,,,,,,,,,,,,,,,,,,,,,,,,
Results,,,,,,,,,,,,,,,,,,,,,,,,,,,,,,,,,,,,,,,,,,,,,,,,,,,,,,,,,,,,,,,,,,,,,,,,,,,,,,,,,,,,,,,,,,,,,,,,,,
,,,,,,,,,,,,,,,,,,,,,,,,,,,,,,,,,,,,,,,,,,,,,,,,,,,,,,,,,,,,,,,,,,,,,,,,,,,,,,,,,,,,,,,,,,,,,,,,,,
,,1,2,3,4,5,6,7,8,9,10,11,12,,,,,,,,,,,,,,,,,,,,,,,,,,,,,,,,,,,,,,,,,,,,,,,,,,,,,,,,,,,,,,,,,,,,,,,,,,,,,,,,,,,,,
,A,-2.52,0.06,0.06,0.06,0.06,0.06,0.06,0.04,0.06,0.04,1.02,0.84,Max V [600],,,,,,,,,,,,,,,,,,,,,,,,,,,,,,,,,,,,,,,,,,,,,,,,,,,,,,,,,,,,,,,,,,,,,,,,,,,,,,,,,,,,
,,0.618,0.75,0.75,0.75,0.75,0.75,0.75,0.5,0.75,0.5,0.808,0.5,R-Squared [600],,,,,,,,,,,,,,,,,,,,,,,,,,,,,,,,,,,,,,,,,,,,,,,,,,,,,,,,,,,,,,,,,,,,,,,,,,,,,,,,,,,,
,,15:40:00,14:20:00,13:40:00,0:20:00,15:00:00,2:05:00,18:50:00,18:35:00,13:15:00,7:50:00,16:45:00,4:20:00,t at Max V [600],,,,,,,,,,,,,,,,,,,,,,,,,,,,,,,,,,,,,,,,,,,,,,,,,,,,,,,,,,,,,,,,,,,,,,,,,,,,,,,,,,,,
,,15:53:34,14:10:00,13:13:20,0:10:00,14:50:00,1:55:00,19:13:20,18:40:00,13:05:00,7:45:00,16:39:07,4:15:00,Lagtime [600],,,,,,,,,,,,,,,,,,,,,,,,,,,,,,,,,,,,,,,,,,,,,,,,,,,,,,,,,,,,,,,,,,,,,,,,,,,,,,,,,,,,
,B,0.06,1.04,0.68,0.6,1.44,1.04,0.7,0.52,0.4,0.74,0.38,0.06,Max V [600],,,,,,,,,,,,,,,,,,,,,,,,,,,,,,,,,,,,,,,,,,,,,,,,,,,,,,,,,,,,,,,,,,,,,,,,,,,,,,,,,,,,
,,0.75,0.88,0.858,0.731,0.672,0.962,0.883,0.977,0.521,0.821,0.93,0.75,R-Squared [600],,,,,,,,,,,,,,,,,,,,,,,,,,,,,,,,,,,,,,,,,,,,,,,,,,,,,,,,,,,,,,,,,,,,,,,,,,,,,,,,,,,,
,,8:25:00,9:50:00,20:00:00,5:05:00,11:45:00,12:40:00,15:50:00,11:30:00,21:50:00,15:55:00,16:10:00,20:25:00,t at Max V [600],,,,,,,,,,,,,,,,,,,,,,,,,,,,,,,,,,,,,,,,,,,,,,,,,,,,,,,,,,,,,,,,,,,,,,,,,,,,,,,,,,,,
,,8:31:40,7:54:02,13:38:49,4:04:20,9:37:30,9:30:12,11:14:00,6:52:18,13:02:00,12:00:08,7:46:51,20:31:40,Lagtime [600],,,,,,,,,,,,,,,,,,,,,,,,,,,,,,,,,,,,,,,,,,,,,,,,,,,,,,,,,,,,,,,,,,,,,,,,,,,,,,,,,,,,
,C,0.06,1.34,4.3,1.42,0.76,1.18,0.82,0.8,1.14,0.88,1.06,0.06,Max V [600],,,,,,,,,,,,,,,,,,,,,,,,,,,,,,,,,,,,,,,,,,,,,,,,,,,,,,,,,,,,,,,,,,,,,,,,,,,,,,,,,,,,
,,0.75,0.889,0.811,0.99,0.981,0.975,0.837,0.83,0.803,0.846,0.993,0.75,R-Squared [600],,,,,,,,,,,,,,,,,,,,,,,,,,,,,,,,,,,,,,,,,,,,,,,,,,,,,,,,,,,,,,,,,,,,,,,,,,,,,,,,,,,,
,,2:30:00,16:20:00,0:45:00,17:25:00,11:25:00,11:40:00,14:20:00,13:05:00,12:30:00,12:10:00,14:15:00,15:55:00,t at Max V [600],,,,,,,,,,,,,,,,,,,,,,,,,,,,,,,,,,,,,,,,,,,,,,,,,,,,,,,,,,,,,,,,,,,,,,,,,,,,,,,,,,,,
,,2:36:40,11:55:58,0:45:22,14:09:39,6:56:03,9:31:32,10:16:20,9:26:00,10:50:42,10:09:19,9:44:03,16:01:40,Lagtime [600],,,,,,,,,,,,,,,,,,,,,,,,,,,,,,,,,,,,,,,,,,,,,,,,,,,,,,,,,,,,,,,,,,,,,,,,,,,,,,,,,,,,
,D,0.06,-1.24,1.34,1.46,0.44,-2.72,0.06,0.84,0.76,0.66,0.7,0.04,Max V [600],,,,,,,,,,,,,,,,,,,,,,,,,,,,,,,,,,,,,,,,,,,,,,,,,,,,,,,,,,,,,,,,,,,,,,,,,,,,,,,,,,,,
,,0.75,0.867,0.967,0.765,0.766,0.77,0.75,0.817,0.697,0.742,0.855,0.5,R-Squared [600],,,,,,,,,,,,,,,,,,,,,,,,,,,,,,,,,,,,,,,,,,,,,,,,,,,,,,,,,,,,,,,,,,,,,,,,,,,,,,,,,,,,
,,6:55:00,20:45:00,9:10:00,19:30:00,0:10:00,20:15:00,11:00:00,14:10:00,21:30:00,18:20:00,15:20:00,14:50:00,t at Max V [600],,,,,,,,,,,,,,,,,,,,,,,,,,,,,,,,,,,,,,,,,,,,,,,,,,,,,,,,,,,,,,,,,,,,,,,,,,,,,,,,,,,,
,,7:01:40,?????,8:03:35,15:52:03,?????,?????,11:10:00,12:05:00,15:26:19,12:12:07,10:23:43,14:45:00,Lagtime [600],,,,,,,,,,,,,,,,,,,,,,,,,,,,,,,,,,,,,,,,,,,,,,,,,,,,,,,,,,,,,,,,,,,,,,,,,,,,,,,,,,,,
,E,0.06,6.72,5.06,5.94,6.68,6.06,4.72,5.78,6.22,5.66,5.98,-1,Max V [600],,,,,,,,,,,,,,,,,,,,,,,,,,,,,,,,,,,,,,,,,,,,,,,,,,,,,,,,,,,,,,,,,,,,,,,,,,,,,,,,,,,,
,,0.75,0.922,0.999,0.997,0.992,0.998,0.997,0.996,0.998,0.994,0.997,0.908,R-Squared [600],,,,,,,,,,,,,,,,,,,,,,,,,,,,,,,,,,,,,,,,,,,,,,,,,,,,,,,,,,,,,,,,,,,,,,,,,,,,,,,,,,,,
,,14:20:00,0:10:00,3:10:00,2:25:00,2:25:00,3:05:00,3:15:00,2:25:00,2:30:00,2:45:00,2:30:00,16:45:00,t at Max V [600],,,,,,,,,,,,,,,,,,,,,,,,,,,,,,,,,,,,,,,,,,,,,,,,,,,,,,,,,,,,,,,,,,,,,,,,,,,,,,,,,,,,
,,13:53:20,0:00:57,1:43:38,1:10:17,1:21:57,1:46:23,1:58:46,1:06:36,1:26:07,1:41:30,1:19:18,16:52:36,Lagtime [600],,,,,,,,,,,,,,,,,,,,,,,,,,,,,,,,,,,,,,,,,,,,,,,,,,,,,,,,,,,,,,,,,,,,,,,,,,,,,,,,,,,,
,F,0.12,5.72,5.72,5.84,5.46,5.96,6.36,2.6,6.02,5.12,6.1,0.06,Max V [600],,,,,,,,,,,,,,,,,,,,,,,,,,,,,,,,,,,,,,,,,,,,,,,,,,,,,,,,,,,,,,,,,,,,,,,,,,,,,,,,,,,,
,,0.75,0.998,0.999,0.997,0.998,0.997,0.997,0.999,0.992,0.996,0.996,0.75,R-Squared [600],,,,,,,,,,,,,,,,,,,,,,,,,,,,,,,,,,,,,,,,,,,,,,,,,,,,,,,,,,,,,,,,,,,,,,,,,,,,,,,,,,,,
,,14:15:00,3:15:00,2:40:00,3:20:00,3:05:00,3:25:00,2:50:00,5:30:00,3:20:00,3:00:00,2:55:00,8:50:00,t at Max V [600],,,,,,,,,,,,,,,,,,,,,,,,,,,,,,,,,,,,,,,,,,,,,,,,,,,,,,,,,,,,,,,,,,,,,,,,,,,,,,,,,,,,
,,13:56:40,1:59:12,1:18:59,2:10:02,1:53:04,2:09:38,1:40:34,2:56:46,2:14:11,1:48:10,1:45:57,8:40:00,Lagtime [600],,,,,,,,,,,,,,,,,,,,,,,,,,,,,,,,,,,,,,,,,,,,,,,,,,,,,,,,,,,,,,,,,,,,,,,,,,,,,,,,,,,,
,G,0.12,6.44,6.12,5.84,6.54,6.12,0.06,4.62,3.68,6.24,6.92,-0.26,Max V [600],,,,,,,,,,,,,,,,,,,,,,,,,,,,,,,,,,,,,,,,,,,,,,,,,,,,,,,,,,,,,,,,,,,,,,,,,,,,,,,,,,,,
,,0.5,0.994,0.996,0.996,0.994,0.998,0.75,0.997,0.999,0.996,0.992,0.728,R-Squared [600],,,,,,,,,,,,,,,,,,,,,,,,,,,,,,,,,,,,,,,,,,,,,,,,,,,,,,,,,,,,,,,,,,,,,,,,,,,,,,,,,,,,
,,14:35:00,2:55:00,2:55:00,3:30:00,2:50:00,3:10:00,18:30:00,4:10:00,4:00:00,2:50:00,2:50:00,14:10:00,t at Max V [600],,,,,,,,,,,,,,,,,,,,,,,,,,,,,,,,,,,,,,,,,,,,,,,,,,,,,,,,,,,,,,,,,,,,,,,,,,,,,,,,,,,,
,,14:21:40,1:47:16,1:49:52,2:05:58,1:47:24,2:01:52,18:20:00,2:37:55,2:26:22,1:41:44,1:51:46,14:11:32,Lagtime [600],,,,,,,,,,,,,,,,,,,,,,,,,,,,,,,,,,,,,,,,,,,,,,,,,,,,,,,,,,,,,,,,,,,,,,,,,,,,,,,,,,,,
,H,0.04,0.06,0.06,0.06,0.06,0.06,0.06,0.06,0.06,0.06,0.06,0.06,Max V [600],,,,,,,,,,,,,,,,,,,,,,,,,,,,,,,,,,,,,,,,,,,,,,,,,,,,,,,,,,,,,,,,,,,,,,,,,,,,,,,,,,,,
,,0.5,0.75,0.75,0.75,0.75,0.75,0.75,0.75,0.75,0.75,0.75,0.75,R-Squared [600],,,,,,,,,,,,,,,,,,,,,,,,,,,,,,,,,,,,,,,,,,,,,,,,,,,,,,,,,,,,,,,,,,,,,,,,,,,,,,,,,,,,
,,10:35:00,15:00:00,18:30:00,14:05:00,15:00:00,11:25:00,13:35:00,8:20:00,15:30:00,13:15:00,18:30:00,18:30:00,t at Max V [600],,,,,,,,,,,,,,,,,,,,,,,,,,,,,,,,,,,,,,,,,,,,,,,,,,,,,,,,,,,,,,,,,,,,,,,,,,,,,,,,,,,,
,,10:30:00,14:50:00,18:20:00,13:55:00,14:33:20,11:18:20,13:08:20,8:10:00,15:03:20,13:05:00,18:20:00,18:36:40,Lagtime [600],,,,,,,,,,,,,,,,,,,,,,,,,,,,,,,,,,,,,,,,,,,,,,,,,,,,,,,,,,,,,,,,,,,,,,,,,,,,,,,,,,,,
