Software Version,3.11.19,,,,,,,,,,,,,,,,,,,,,,,,,,,,,,,,,,,,,,,,,,,,,,,,,,,,,,,,,,,,,,,,,,,,,,,,,,,,,,,,,,,,,,,,,,,,,,,,,
,,,,,,,,,,,,,,,,,,,,,,,,,,,,,,,,,,,,,,,,,,,,,,,,,,,,,,,,,,,,,,,,,,,,,,,,,,,,,,,,,,,,,,,,,,,,,,,,,,
Experiment File Path:,C:\Users\aljelab\Documents\Plate Reader Data\Edward Liu\Plate 7.5.26.xpt,,,,,,,,,,,,,,,,,,,,,,,,,,,,,,,,,,,,,,,,,,,,,,,,,,,,,,,,,,,,,,,,,,,,,,,,,,,,,,,,,,,,,,,,,,,,,,,,,
Protocol File Path:,C:\Users\aljelab\Documents\Plate Reader Data\Edward Liu\RIFRxT 34c .prt,,,,,,,,,,,,,,,,,,,,,,,,,,,,,,,,,,,,,,,,,,,,,,,,,,,,,,,,,,,,,,,,,,,,,,,,,,,,,,,,,,,,,,,,,,,,,,,,,
Plate Number,Plate 4,,,,,,,,,,,,,,,,,,,,,,,,,,,,,,,,,,,,,,,,,,,,,,,,,,,,,,,,,,,,,,,,,,,,,,,,,,,,,,,,,,,,,,,,,,,,,,,,,
Date,6/05/2026,,,,,,,,,,,,,,,,,,,,,,,,,,,,,,,,,,,,,,,,,,,,,,,,,,,,,,,,,,,,,,,,,,,,,,,,,,,,,,,,,,,,,,,,,,,,,,,,,
Time,10:16:33 AM,,,,,,,,,,,,,,,,,,,,,,,,,,,,,,,,,,,,,,,,,,,,,,,,,,,,,,,,,,,,,,,,,,,,,,,,,,,,,,,,,,,,,,,,,,,,,,,,,
Reader Type:,Epoch 2,,,,,,,,,,,,,,,,,,,,,,,,,,,,,,,,,,,,,,,,,,,,,,,,,,,,,,,,,,,,,,,,,,,,,,,,,,,,,,,,,,,,,,,,,,,,,,,,,
Reader Serial Number:,1411241A,,,,,,,,,,,,,,,,,,,,,,,,,,,,,,,,,,,,,,,,,,,,,,,,,,,,,,,,,,,,,,,,,,,,,,,,,,,,,,,,,,,,,,,,,,,,,,,,,
Reading Type,Reader,,,,,,,,,,,,,,,,,,,,,,,,,,,,,,,,,,,,,,,,,,,,,,,,,,,,,,,,,,,,,,,,,,,,,,,,,,,,,,,,,,,,,,,,,,,,,,,,,
,,,,,,,,,,,,,,,,,,,,,,,,,,,,,,,,,,,,,,,,,,,,,,,,,,,,,,,,,,,,,,,,,,,,,,,,,,,,,,,,,,,,,,,,,,,,,,,,,,
Procedure Details,,,,,,,,,,,,,,,,,,,,,,,,,,,,,,,,,,,,,,,,,,,,,,,,,,,,,,,,,,,,,,,,,,,,,,,,,,,,,,,,,,,,,,,,,,,,,,,,,,
Plate Type,96 WELL PLATE (Use plate lid),,,,,,,,,,,,,,,,,,,,,,,,,,,,,,,,,,,,,,,,,,,,,,,,,,,,,,,,,,,,,,,,,,,,,,,,,,,,,,,,,,,,,,,,,,,,,,,,,
Eject plate on completion,,,,,,,,,,,,,,,,,,,,,,,,,,,,,,,,,,,,,,,,,,,,,,,,,,,,,,,,,,,,,,,,,,,,,,,,,,,,,,,,,,,,,,,,,,,,,,,,,,
Set Temperature,"Setpoint 34°C, Gradient 0 °C",,,,,,,,,,,,,,,,,,,,,,,,,,,,,,,,,,,,,,,,,,,,,,,,,,,,,,,,,,,,,,,,,,,,,,,,,,,,,,,,,,,,,,,,,,,,,,,,,
,Preheat before moving to next step,,,,,,,,,,,,,,,,,,,,,,,,,,,,,,,,,,,,,,,,,,,,,,,,,,,,,,,,,,,,,,,,,,,,,,,,,,,,,,,,,,,,,,,,,,,,,,,,,
Start Kinetic,"Runtime 22:00:00 (HH:MM:SS), Interval 0:05:00, 265 Reads",,,,,,,,,,,,,,,,,,,,,,,,,,,,,,,,,,,,,,,,,,,,,,,,,,,,,,,,,,,,,,,,,,,,,,,,,,,,,,,,,,,,,,,,,,,,,,,,,
    Shake,Linear: Continuous,,,,,,,,,,,,,,,,,,,,,,,,,,,,,,,,,,,,,,,,,,,,,,,,,,,,,,,,,,,,,,,,,,,,,,,,,,,,,,,,,,,,,,,,,,,,,,,,,
,Frequency: 567 cpm (3 mm),,,,,,,,,,,,,,,,,,,,,,,,,,,,,,,,,,,,,,,,,,,,,,,,,,,,,,,,,,,,,,,,,,,,,,,,,,,,,,,,,,,,,,,,,,,,,,,,,
    Read,Absorbance Endpoint,,,,,,,,,,,,,,,,,,,,,,,,,,,,,,,,,,,,,,,,,,,,,,,,,,,,,,,,,,,,,,,,,,,,,,,,,,,,,,,,,,,,,,,,,,,,,,,,,
,Full Plate,,,,,,,,,,,,,,,,,,,,,,,,,,,,,,,,,,,,,,,,,,,,,,,,,,,,,,,,,,,,,,,,,,,,,,,,,,,,,,,,,,,,,,,,,,,,,,,,,
,Wavelengths:  600,,,,,,,,,,,,,,,,,,,,,,,,,,,,,,,,,,,,,,,,,,,,,,,,,,,,,,,,,,,,,,,,,,,,,,,,,,,,,,,,,,,,,,,,,,,,,,,,,
,"Read Speed: Normal,  Delay: 100 msec,  Measurements/Data Point: 8",,,,,,,,,,,,,,,,,,,,,,,,,,,,,,,,,,,,,,,,,,,,,,,,,,,,,,,,,,,,,,,,,,,,,,,,,,,,,,,,,,,,,,,,,,,,,,,,,
End Kinetic,,,,,,,,,,,,,,,,,,,,,,,,,,,,,,,,,,,,,,,,,,,,,,,,,,,,,,,,,,,,,,,,,,,,,,,,,,,,,,,,,,,,,,,,,,,,,,,,,,
,,,,,,,,,,,,,,,,,,,,,,,,,,,,,,,,,,,,,,,,,,,,,,,,,,,,,,,,,,,,,,,,,,,,,,,,,,,,,,,,,,,,,,,,,,,,,,,,,,
600,,,,,,,,,,,,,,,,,,,,,,,,,,,,,,,,,,,,,,,,,,,,,,,,,,,,,,,,,,,,,,,,,,,,,,,,,,,,,,,,,,,,,,,,,,,,,,,,,,
,,,,,,,,,,,,,,,,,,,,,,,,,,,,,,,,,,,,,,,,,,,,,,,,,,,,,,,,,,,,,,,,,,,,,,,,,,,,,,,,,,,,,,,,,,,,,,,,,,
,Time,T° 600,A1,A2,A3,A4,A5,A6,A7,A8,A9,A10,A11,A12,B1,B2,B3,B4,B5,B6,B7,B8,B9,B10,B11,B12,C1,C2,C3,C4,C5,C6,C7,C8,C9,C10,C11,C12,D1,D2,D3,D4,D5,D6,D7,D8,D9,D10,D11,D12,E1,E2,E3,E4,E5,E6,E7,E8,E9,E10,E11,E12,F1,F2,F3,F4,F5,F6,F7,F8,F9,F10,F11,F12,G1,G2,G3,G4,G5,G6,G7,G8,G9,G10,G11,G12,H1,H2,H3,H4,H5,H6,H7,H8,H9,H10,H11,H12
,0:04:16,34,0.094,0.092,0.091,0.091,0.093,0.092,0.092,0.092,0.091,0.09,0.091,0.092,0.092,0.088,0.11,0.097,0.157,0.116,0.097,0.089,0.09,0.09,0.101,0.091,0.092,0.123,0.091,0.105,0.098,0.095,0.096,0.098,0.102,0.083,0.088,0.092,0.094,0.094,0.094,0.096,0.174,0.096,0.092,0.14,0.087,0.095,0.103,0.092,0.092,0.108,0.11,0.111,0.117,0.117,0.114,0.116,0.119,0.115,0.116,0.093,0.092,0.114,0.116,0.117,0.117,0.116,0.114,0.117,0.117,0.094,0.111,0.093,0.097,0.116,0.12,0.118,0.106,0.118,0.112,0.111,0.124,0.118,0.117,0.094,0.09,0.091,0.092,0.092,0.09,0.092,0.091,0.092,0.09,0.091,0.091,0.09
,0:09:16,34,0.093,0.092,0.09,0.091,0.092,0.092,0.091,0.092,0.091,0.091,0.09,0.092,0.092,0.09,0.118,0.093,0.103,0.101,0.096,0.09,0.09,0.09,0.09,0.091,0.092,0.109,0.092,0.105,0.1,0.093,0.096,0.099,0.102,0.083,0.088,0.092,0.094,0.096,0.095,0.099,0.2,0.099,0.092,0.101,0.087,0.095,0.097,0.091,0.092,0.107,0.109,0.111,0.117,0.117,0.114,0.115,0.118,0.115,0.116,0.092,0.091,0.114,0.115,0.116,0.117,0.117,0.114,0.117,0.116,0.094,0.111,0.092,0.097,0.115,0.119,0.117,0.109,0.117,0.11,0.113,0.121,0.117,0.117,0.094,0.09,0.091,0.092,0.092,0.09,0.091,0.091,0.092,0.09,0.091,0.091,0.09
,0:14:16,34,0.093,0.092,0.09,0.091,0.092,0.092,0.091,0.092,0.091,0.091,0.09,0.092,0.092,0.09,0.115,0.093,0.103,0.101,0.097,0.091,0.09,0.089,0.091,0.091,0.092,0.106,0.093,0.105,0.101,0.093,0.096,0.098,0.1,0.083,0.088,0.092,0.094,0.097,0.096,0.101,0.151,0.095,0.092,0.098,0.087,0.095,0.098,0.092,0.092,0.107,0.108,0.111,0.117,0.117,0.114,0.114,0.118,0.116,0.116,0.092,0.092,0.115,0.115,0.115,0.116,0.117,0.113,0.117,0.116,0.094,0.11,0.093,0.096,0.115,0.118,0.116,0.11,0.117,0.11,0.117,0.121,0.117,0.117,0.094,0.09,0.091,0.092,0.092,0.09,0.092,0.091,0.092,0.09,0.091,0.09,0.09
,0:19:16,34,0.093,0.091,0.09,0.091,0.092,0.092,0.091,0.092,0.091,0.09,0.09,0.092,0.092,0.091,0.111,0.092,0.101,0.099,0.096,0.089,0.089,0.088,0.09,0.091,0.093,0.103,0.093,0.103,0.101,0.093,0.096,0.1,0.099,0.083,0.088,0.092,0.094,0.097,0.097,0.099,0.143,0.094,0.092,0.097,0.087,0.096,0.098,0.091,0.092,0.107,0.109,0.112,0.117,0.118,0.114,0.115,0.117,0.115,0.116,0.092,0.091,0.116,0.115,0.115,0.116,0.117,0.112,0.118,0.116,0.094,0.11,0.093,0.096,0.115,0.118,0.116,0.111,0.118,0.11,0.117,0.12,0.117,0.117,0.094,0.09,0.091,0.092,0.092,0.09,0.092,0.09,0.092,0.09,0.091,0.091,0.09
,0:24:16,34,0.093,0.091,0.09,0.091,0.092,0.092,0.091,0.092,0.09,0.09,0.09,0.092,0.092,0.089,0.111,0.092,0.101,0.098,0.095,0.088,0.089,0.088,0.09,0.091,0.092,0.102,0.093,0.104,0.101,0.092,0.096,0.099,0.1,0.082,0.088,0.092,0.094,0.097,0.097,0.1,0.14,0.093,0.092,0.095,0.087,0.095,0.099,0.091,0.092,0.107,0.109,0.112,0.117,0.119,0.114,0.115,0.117,0.115,0.116,0.092,0.091,0.118,0.115,0.116,0.116,0.117,0.113,0.118,0.116,0.094,0.11,0.092,0.096,0.116,0.118,0.116,0.111,0.118,0.11,0.118,0.12,0.117,0.118,0.094,0.09,0.091,0.092,0.092,0.09,0.091,0.09,0.092,0.09,0.091,0.091,0.09
,0:29:16,34,0.093,0.092,0.09,0.091,0.092,0.092,0.091,0.092,0.09,0.09,0.09,0.092,0.092,0.09,0.11,0.091,0.101,0.098,0.095,0.088,0.089,0.087,0.09,0.091,0.092,0.101,0.093,0.102,0.099,0.092,0.096,0.099,0.098,0.082,0.088,0.092,0.094,0.098,0.098,0.099,0.137,0.093,0.093,0.094,0.087,0.095,0.1,0.091,0.092,0.108,0.11,0.112,0.118,0.121,0.116,0.116,0.117,0.116,0.117,0.092,0.091,0.12,0.116,0.116,0.117,0.118,0.113,0.119,0.117,0.094,0.11,0.092,0.096,0.117,0.119,0.117,0.112,0.121,0.111,0.12,0.121,0.118,0.119,0.093,0.09,0.091,0.091,0.092,0.09,0.091,0.091,0.092,0.09,0.091,0.091,0.09
,0:34:16,34,0.093,0.091,0.09,0.091,0.092,0.091,0.091,0.092,0.09,0.09,0.09,0.091,0.092,0.087,0.107,0.091,0.101,0.099,0.095,0.088,0.089,0.087,0.09,0.091,0.092,0.1,0.094,0.103,0.098,0.092,0.096,0.099,0.098,0.082,0.088,0.091,0.094,0.098,0.099,0.1,0.138,0.093,0.092,0.093,0.087,0.094,0.101,0.091,0.091,0.108,0.111,0.113,0.119,0.123,0.117,0.116,0.118,0.118,0.118,0.092,0.091,0.122,0.117,0.117,0.118,0.12,0.114,0.12,0.117,0.094,0.11,0.092,0.096,0.118,0.119,0.117,0.114,0.122,0.112,0.122,0.123,0.12,0.12,0.093,0.09,0.091,0.092,0.092,0.09,0.091,0.091,0.092,0.09,0.091,0.091,0.09
,0:39:16,34,0.093,0.091,0.09,0.091,0.092,0.091,0.091,0.092,0.09,0.09,0.09,0.091,0.092,0.087,0.11,0.091,0.101,0.1,0.095,0.088,0.089,0.087,0.09,0.091,0.092,0.1,0.094,0.103,0.099,0.092,0.096,0.098,0.099,0.082,0.089,0.092,0.094,0.099,0.099,0.1,0.138,0.093,0.093,0.093,0.087,0.094,0.101,0.091,0.091,0.109,0.113,0.114,0.12,0.125,0.118,0.117,0.118,0.119,0.119,0.092,0.091,0.124,0.119,0.118,0.119,0.122,0.115,0.122,0.118,0.094,0.111,0.092,0.096,0.12,0.121,0.118,0.115,0.124,0.113,0.124,0.124,0.121,0.122,0.093,0.09,0.091,0.092,0.092,0.09,0.091,0.091,0.092,0.09,0.091,0.09,0.09
,0:44:16,34,0.093,0.091,0.09,0.091,0.092,0.091,0.091,0.092,0.09,0.09,0.09,0.091,0.092,0.087,0.11,0.092,0.102,0.1,0.095,0.088,0.089,0.087,0.09,0.091,0.092,0.1,0.095,0.103,0.098,0.092,0.096,0.099,0.098,0.082,0.089,0.092,0.094,0.1,0.1,0.101,0.138,0.094,0.093,0.094,0.087,0.096,0.101,0.091,0.092,0.11,0.115,0.115,0.122,0.128,0.12,0.119,0.119,0.122,0.121,0.092,0.091,0.127,0.121,0.119,0.121,0.125,0.116,0.125,0.12,0.094,0.111,0.092,0.096,0.122,0.122,0.119,0.118,0.127,0.115,0.127,0.126,0.123,0.123,0.092,0.09,0.091,0.092,0.092,0.09,0.092,0.091,0.092,0.09,0.091,0.09,0.09
,0:49:16,34,0.093,0.091,0.09,0.091,0.092,0.092,0.091,0.092,0.091,0.09,0.09,0.092,0.092,0.09,0.109,0.093,0.102,0.101,0.095,0.089,0.089,0.087,0.09,0.091,0.092,0.1,0.096,0.103,0.099,0.093,0.096,0.099,0.099,0.083,0.09,0.092,0.094,0.1,0.1,0.101,0.138,0.093,0.093,0.095,0.088,0.093,0.102,0.092,0.092,0.112,0.118,0.116,0.125,0.132,0.122,0.121,0.12,0.124,0.124,0.092,0.091,0.131,0.124,0.121,0.124,0.129,0.118,0.128,0.122,0.094,0.113,0.092,0.096,0.125,0.125,0.12,0.121,0.131,0.117,0.13,0.128,0.125,0.126,0.092,0.09,0.091,0.092,0.092,0.09,0.092,0.09,0.092,0.09,0.091,0.091,0.09
,0:54:16,34,0.093,0.091,0.09,0.09,0.092,0.091,0.091,0.091,0.09,0.09,0.09,0.091,0.092,0.088,0.11,0.095,0.102,0.101,0.095,0.089,0.089,0.087,0.09,0.091,0.092,0.1,0.097,0.104,0.1,0.092,0.096,0.098,0.099,0.082,0.089,0.091,0.094,0.101,0.1,0.102,0.138,0.093,0.093,0.096,0.087,0.094,0.101,0.091,0.091,0.113,0.121,0.116,0.128,0.136,0.124,0.122,0.12,0.127,0.127,0.092,0.091,0.135,0.127,0.123,0.126,0.133,0.12,0.132,0.124,0.093,0.113,0.092,0.096,0.128,0.128,0.122,0.124,0.135,0.118,0.134,0.131,0.128,0.129,0.092,0.09,0.09,0.092,0.092,0.09,0.091,0.091,0.091,0.09,0.091,0.09,0.09
,0:59:16,34,0.093,0.091,0.09,0.091,0.092,0.091,0.091,0.092,0.09,0.09,0.09,0.091,0.092,0.087,0.108,0.095,0.102,0.102,0.095,0.089,0.09,0.087,0.09,0.091,0.092,0.1,0.098,0.104,0.098,0.093,0.096,0.099,0.099,0.082,0.09,0.092,0.094,0.102,0.1,0.101,0.137,0.094,0.093,0.095,0.087,0.093,0.102,0.091,0.092,0.115,0.124,0.118,0.132,0.14,0.127,0.125,0.121,0.131,0.13,0.092,0.091,0.139,0.131,0.125,0.13,0.138,0.123,0.136,0.127,0.094,0.115,0.092,0.096,0.132,0.131,0.124,0.128,0.141,0.12,0.139,0.135,0.131,0.133,0.092,0.09,0.091,0.092,0.092,0.09,0.091,0.091,0.092,0.09,0.091,0.09,0.09
,1:04:16,34,0.093,0.091,0.09,0.09,0.092,0.091,0.091,0.092,0.09,0.09,0.09,0.091,0.092,0.09,0.11,0.093,0.102,0.102,0.095,0.093,0.09,0.087,0.09,0.091,0.092,0.101,0.099,0.105,0.098,0.093,0.097,0.099,0.099,0.082,0.089,0.092,0.094,0.104,0.101,0.1,0.137,0.095,0.094,0.095,0.087,0.096,0.102,0.091,0.092,0.117,0.128,0.119,0.136,0.145,0.13,0.128,0.122,0.135,0.134,0.092,0.091,0.144,0.136,0.128,0.134,0.143,0.126,0.142,0.13,0.094,0.116,0.092,0.096,0.137,0.135,0.126,0.132,0.146,0.123,0.144,0.137,0.135,0.136,0.092,0.09,0.091,0.092,0.092,0.09,0.092,0.091,0.092,0.09,0.091,0.091,0.09
,1:09:16,34,0.093,0.091,0.09,0.091,0.092,0.091,0.091,0.092,0.09,0.09,0.09,0.091,0.092,0.089,0.111,0.092,0.102,0.102,0.096,0.093,0.09,0.087,0.09,0.091,0.092,0.101,0.1,0.104,0.098,0.093,0.097,0.099,0.099,0.082,0.09,0.091,0.094,0.104,0.101,0.101,0.137,0.095,0.094,0.095,0.087,0.096,0.102,0.091,0.091,0.119,0.132,0.12,0.14,0.151,0.133,0.131,0.123,0.14,0.138,0.092,0.091,0.15,0.14,0.131,0.138,0.149,0.129,0.147,0.134,0.094,0.117,0.092,0.096,0.142,0.139,0.129,0.137,0.152,0.126,0.152,0.14,0.139,0.14,0.092,0.09,0.09,0.092,0.092,0.09,0.091,0.091,0.092,0.09,0.091,0.09,0.09
,1:14:16,34,0.093,0.091,0.09,0.09,0.092,0.091,0.091,0.092,0.09,0.09,0.09,0.092,0.092,0.087,0.107,0.092,0.102,0.102,0.096,0.094,0.09,0.087,0.09,0.091,0.092,0.101,0.1,0.106,0.099,0.093,0.097,0.099,0.099,0.082,0.09,0.092,0.094,0.104,0.101,0.102,0.136,0.094,0.094,0.096,0.087,0.095,0.102,0.091,0.092,0.122,0.137,0.122,0.146,0.157,0.136,0.135,0.125,0.145,0.142,0.092,0.091,0.156,0.149,0.135,0.142,0.156,0.133,0.154,0.138,0.094,0.119,0.092,0.096,0.148,0.144,0.132,0.143,0.158,0.128,0.16,0.144,0.143,0.146,0.092,0.09,0.09,0.091,0.092,0.09,0.091,0.091,0.092,0.09,0.091,0.09,0.09
,1:19:16,34,0.093,0.091,0.09,0.091,0.092,0.091,0.091,0.092,0.09,0.09,0.09,0.092,0.092,0.087,0.109,0.093,0.102,0.102,0.096,0.094,0.09,0.087,0.09,0.091,0.092,0.101,0.101,0.105,0.1,0.093,0.097,0.1,0.1,0.082,0.09,0.091,0.094,0.104,0.102,0.102,0.136,0.093,0.094,0.095,0.087,0.094,0.103,0.091,0.092,0.126,0.143,0.124,0.152,0.165,0.14,0.139,0.127,0.153,0.148,0.092,0.091,0.165,0.151,0.139,0.147,0.164,0.138,0.161,0.143,0.094,0.121,0.092,0.096,0.154,0.149,0.136,0.151,0.167,0.132,0.17,0.15,0.149,0.152,0.092,0.09,0.091,0.092,0.092,0.09,0.091,0.091,0.092,0.09,0.09,0.091,0.09
,1:24:16,34,0.093,0.091,0.09,0.091,0.092,0.091,0.091,0.092,0.09,0.09,0.09,0.091,0.092,0.088,0.11,0.092,0.103,0.103,0.096,0.095,0.09,0.087,0.09,0.091,0.092,0.102,0.102,0.104,0.098,0.094,0.097,0.101,0.1,0.082,0.09,0.092,0.094,0.106,0.102,0.102,0.137,0.094,0.094,0.095,0.087,0.096,0.103,0.091,0.092,0.129,0.151,0.126,0.16,0.174,0.144,0.144,0.128,0.161,0.155,0.092,0.091,0.173,0.159,0.144,0.152,0.174,0.143,0.17,0.149,0.094,0.123,0.092,0.096,0.162,0.156,0.14,0.16,0.177,0.136,0.182,0.155,0.155,0.16,0.092,0.09,0.091,0.092,0.092,0.09,0.091,0.091,0.092,0.09,0.091,0.091,0.09
,1:29:16,34,0.093,0.091,0.09,0.091,0.092,0.091,0.091,0.092,0.09,0.09,0.09,0.092,0.092,0.093,0.111,0.093,0.104,0.103,0.096,0.093,0.09,0.088,0.09,0.091,0.092,0.102,0.103,0.106,0.1,0.094,0.098,0.102,0.1,0.082,0.089,0.092,0.094,0.108,0.102,0.1,0.138,0.097,0.095,0.098,0.087,0.096,0.103,0.091,0.092,0.133,0.16,0.129,0.169,0.184,0.148,0.149,0.131,0.171,0.163,0.092,0.091,0.184,0.168,0.149,0.159,0.186,0.15,0.181,0.156,0.094,0.126,0.092,0.096,0.17,0.164,0.145,0.172,0.188,0.141,0.196,0.163,0.162,0.169,0.092,0.09,0.09,0.092,0.092,0.09,0.091,0.091,0.092,0.09,0.091,0.091,0.09
,1:34:16,34,0.093,0.091,0.09,0.091,0.092,0.091,0.091,0.092,0.09,0.09,0.09,0.091,0.092,0.087,0.11,0.093,0.104,0.103,0.096,0.095,0.09,0.087,0.09,0.091,0.092,0.102,0.103,0.107,0.102,0.094,0.098,0.101,0.1,0.082,0.09,0.091,0.094,0.105,0.103,0.103,0.138,0.094,0.094,0.098,0.087,0.096,0.103,0.091,0.092,0.138,0.17,0.131,0.179,0.194,0.153,0.155,0.133,0.182,0.173,0.092,0.091,0.195,0.178,0.156,0.166,0.198,0.157,0.192,0.164,0.094,0.129,0.093,0.096,0.181,0.173,0.151,0.185,0.201,0.146,0.212,0.171,0.171,0.179,0.092,0.09,0.09,0.092,0.092,0.09,0.091,0.091,0.092,0.09,0.091,0.09,0.09
,1:39:16,34,0.093,0.091,0.09,0.091,0.092,0.091,0.091,0.092,0.09,0.09,0.09,0.092,0.092,0.09,0.11,0.093,0.104,0.104,0.096,0.093,0.09,0.088,0.091,0.091,0.092,0.102,0.104,0.107,0.1,0.095,0.098,0.102,0.1,0.082,0.091,0.092,0.094,0.104,0.103,0.103,0.139,0.094,0.095,0.096,0.088,0.093,0.106,0.091,0.091,0.144,0.181,0.134,0.191,0.206,0.158,0.162,0.136,0.195,0.183,0.092,0.091,0.207,0.19,0.163,0.175,0.211,0.166,0.206,0.173,0.094,0.132,0.092,0.096,0.193,0.183,0.157,0.199,0.213,0.152,0.224,0.181,0.181,0.191,0.092,0.09,0.09,0.092,0.092,0.09,0.092,0.09,0.092,0.09,0.091,0.091,0.09
,1:44:16,34,0.093,0.091,0.09,0.091,0.092,0.091,0.091,0.092,0.09,0.09,0.09,0.091,0.092,0.087,0.111,0.093,0.105,0.104,0.096,0.092,0.09,0.088,0.091,0.091,0.092,0.102,0.105,0.107,0.1,0.095,0.098,0.102,0.101,0.082,0.091,0.091,0.094,0.108,0.104,0.103,0.139,0.096,0.095,0.096,0.087,0.096,0.104,0.091,0.091,0.149,0.193,0.137,0.204,0.22,0.164,0.17,0.139,0.208,0.195,0.092,0.091,0.223,0.203,0.171,0.185,0.226,0.175,0.221,0.184,0.094,0.136,0.092,0.096,0.205,0.194,0.165,0.208,0.229,0.16,0.237,0.192,0.193,0.204,0.092,0.09,0.09,0.092,0.092,0.09,0.091,0.091,0.092,0.09,0.091,0.09,0.09
,1:49:16,34,0.093,0.091,0.09,0.09,0.092,0.091,0.091,0.092,0.09,0.09,0.09,0.092,0.092,0.089,0.112,0.093,0.105,0.104,0.097,0.092,0.09,0.088,0.091,0.091,0.092,0.104,0.106,0.107,0.102,0.095,0.099,0.103,0.101,0.082,0.091,0.092,0.094,0.109,0.104,0.103,0.14,0.096,0.095,0.097,0.087,0.096,0.104,0.091,0.092,0.157,0.21,0.14,0.22,0.235,0.169,0.18,0.142,0.225,0.207,0.092,0.091,0.237,0.22,0.181,0.198,0.233,0.185,0.234,0.197,0.094,0.14,0.093,0.096,0.219,0.207,0.174,0.222,0.237,0.168,0.256,0.205,0.205,0.218,0.092,0.09,0.091,0.092,0.092,0.09,0.092,0.091,0.092,0.09,0.091,0.091,0.09
,1:54:16,34,0.093,0.091,0.09,0.09,0.092,0.091,0.091,0.091,0.09,0.09,0.09,0.091,0.092,0.092,0.112,0.093,0.107,0.105,0.096,0.094,0.09,0.088,0.091,0.09,0.092,0.103,0.107,0.109,0.102,0.096,0.099,0.103,0.101,0.082,0.09,0.091,0.094,0.107,0.105,0.104,0.137,0.095,0.095,0.098,0.088,0.095,0.106,0.091,0.091,0.164,0.216,0.143,0.231,0.246,0.176,0.192,0.146,0.234,0.224,0.092,0.091,0.25,0.227,0.192,0.21,0.246,0.197,0.24,0.209,0.094,0.145,0.092,0.096,0.233,0.222,0.185,0.239,0.251,0.176,0.281,0.217,0.22,0.235,0.092,0.09,0.09,0.091,0.092,0.09,0.091,0.091,0.092,0.089,0.091,0.09,0.09
,1:59:16,34,0.093,0.091,0.09,0.091,0.092,0.091,0.091,0.092,0.09,0.09,0.09,0.092,0.092,0.089,0.113,0.094,0.105,0.105,0.097,0.095,0.091,0.089,0.091,0.091,0.092,0.104,0.108,0.108,0.102,0.096,0.1,0.104,0.102,0.082,0.091,0.092,0.094,0.108,0.105,0.104,0.137,0.096,0.096,0.097,0.088,0.096,0.108,0.091,0.091,0.173,0.228,0.147,0.241,0.259,0.183,0.204,0.151,0.248,0.233,0.092,0.091,0.266,0.236,0.204,0.225,0.266,0.211,0.254,0.226,0.094,0.151,0.093,0.096,0.242,0.231,0.197,0.261,0.271,0.187,0.295,0.229,0.229,0.243,0.092,0.09,0.091,0.092,0.092,0.09,0.091,0.091,0.092,0.09,0.091,0.091,0.09
,2:04:16,34,0.093,0.091,0.09,0.091,0.092,0.091,0.091,0.092,0.09,0.09,0.09,0.091,0.092,0.093,0.113,0.097,0.107,0.106,0.097,0.093,0.09,0.089,0.091,0.091,0.092,0.105,0.111,0.11,0.101,0.097,0.101,0.104,0.102,0.082,0.09,0.091,0.094,0.112,0.106,0.102,0.138,0.1,0.096,0.097,0.088,0.097,0.106,0.091,0.092,0.182,0.245,0.151,0.257,0.276,0.191,0.218,0.156,0.268,0.242,0.092,0.091,0.283,0.251,0.217,0.235,0.288,0.227,0.272,0.239,0.094,0.158,0.092,0.096,0.256,0.242,0.209,0.285,0.294,0.198,0.306,0.236,0.236,0.257,0.092,0.09,0.09,0.092,0.092,0.09,0.091,0.091,0.092,0.09,0.091,0.09,0.09
,2:09:16,34,0.093,0.091,0.09,0.091,0.092,0.091,0.091,0.092,0.09,0.09,0.09,0.092,0.092,0.09,0.115,0.094,0.107,0.106,0.097,0.092,0.091,0.089,0.092,0.091,0.092,0.105,0.109,0.11,0.105,0.097,0.101,0.105,0.102,0.082,0.091,0.092,0.094,0.11,0.106,0.105,0.137,0.098,0.097,0.098,0.088,0.097,0.108,0.091,0.092,0.193,0.268,0.156,0.276,0.299,0.2,0.226,0.162,0.291,0.26,0.092,0.091,0.308,0.273,0.233,0.245,0.32,0.236,0.295,0.252,0.094,0.165,0.093,0.097,0.274,0.258,0.224,0.298,0.327,0.209,0.319,0.253,0.251,0.277,0.092,0.09,0.091,0.092,0.092,0.09,0.091,0.092,0.092,0.09,0.091,0.09,0.09
,2:14:16,34,0.093,0.091,0.09,0.091,0.092,0.092,0.091,0.092,0.09,0.09,0.091,0.092,0.092,0.089,0.116,0.096,0.108,0.107,0.098,0.093,0.091,0.09,0.092,0.091,0.093,0.107,0.111,0.111,0.104,0.098,0.101,0.105,0.103,0.082,0.091,0.092,0.094,0.112,0.107,0.105,0.138,0.1,0.097,0.098,0.088,0.098,0.107,0.092,0.092,0.204,0.292,0.161,0.299,0.322,0.209,0.232,0.168,0.323,0.282,0.092,0.091,0.327,0.294,0.248,0.26,0.339,0.251,0.326,0.268,0.094,0.173,0.093,0.096,0.295,0.275,0.237,0.309,0.347,0.217,0.334,0.274,0.27,0.301,0.093,0.09,0.091,0.092,0.092,0.09,0.092,0.091,0.092,0.09,0.091,0.091,0.09
,2:19:16,34,0.093,0.091,0.09,0.091,0.092,0.091,0.091,0.092,0.09,0.09,0.09,0.092,0.092,0.089,0.117,0.097,0.108,0.107,0.098,0.093,0.091,0.09,0.092,0.091,0.092,0.107,0.112,0.111,0.103,0.098,0.102,0.105,0.103,0.082,0.092,0.092,0.094,0.112,0.108,0.105,0.138,0.099,0.097,0.099,0.088,0.098,0.109,0.091,0.092,0.213,0.324,0.166,0.328,0.336,0.219,0.244,0.175,0.344,0.304,0.092,0.091,0.343,0.324,0.263,0.277,0.352,0.268,0.343,0.286,0.094,0.182,0.092,0.096,0.325,0.299,0.248,0.324,0.363,0.227,0.352,0.297,0.291,0.332,0.092,0.09,0.09,0.092,0.092,0.09,0.091,0.091,0.092,0.09,0.091,0.091,0.09
,2:24:16,34,0.093,0.091,0.09,0.09,0.092,0.091,0.091,0.091,0.09,0.09,0.09,0.091,0.092,0.089,0.117,0.097,0.108,0.108,0.098,0.091,0.091,0.09,0.091,0.09,0.092,0.109,0.113,0.112,0.106,0.099,0.102,0.106,0.103,0.082,0.091,0.091,0.094,0.114,0.108,0.105,0.139,0.101,0.097,0.1,0.088,0.099,0.108,0.091,0.091,0.219,0.344,0.172,0.343,0.349,0.226,0.261,0.183,0.359,0.337,0.092,0.091,0.36,0.34,0.279,0.305,0.368,0.287,0.357,0.316,0.094,0.192,0.092,0.096,0.338,0.323,0.264,0.341,0.382,0.24,0.371,0.327,0.321,0.356,0.092,0.09,0.09,0.092,0.091,0.09,0.091,0.09,0.091,0.089,0.09,0.09,0.09
,2:29:16,34,0.093,0.091,0.09,0.09,0.092,0.091,0.091,0.091,0.09,0.09,0.09,0.091,0.092,0.088,0.118,0.096,0.109,0.108,0.098,0.093,0.091,0.09,0.092,0.09,0.092,0.109,0.113,0.112,0.105,0.099,0.102,0.107,0.103,0.082,0.091,0.091,0.094,0.114,0.109,0.106,0.138,0.101,0.098,0.099,0.088,0.1,0.11,0.091,0.091,0.229,0.359,0.178,0.362,0.367,0.234,0.279,0.192,0.377,0.353,0.092,0.091,0.38,0.354,0.3,0.324,0.389,0.315,0.373,0.332,0.094,0.204,0.092,0.096,0.351,0.334,0.281,0.36,0.402,0.257,0.389,0.348,0.339,0.372,0.092,0.09,0.09,0.091,0.092,0.09,0.091,0.09,0.092,0.089,0.091,0.09,0.09
,2:34:16,34,0.093,0.091,0.09,0.09,0.092,0.091,0.091,0.092,0.09,0.09,0.09,0.091,0.092,0.094,0.119,0.099,0.109,0.109,0.098,0.093,0.091,0.09,0.092,0.091,0.092,0.11,0.117,0.112,0.105,0.101,0.103,0.107,0.104,0.082,0.092,0.091,0.094,0.116,0.109,0.104,0.142,0.104,0.099,0.102,0.088,0.1,0.11,0.091,0.092,0.243,0.377,0.184,0.384,0.387,0.245,0.305,0.201,0.4,0.369,0.092,0.091,0.4,0.374,0.325,0.335,0.411,0.329,0.395,0.345,0.094,0.217,0.093,0.096,0.368,0.347,0.306,0.38,0.426,0.281,0.411,0.36,0.352,0.389,0.092,0.09,0.09,0.092,0.092,0.09,0.091,0.091,0.092,0.09,0.091,0.091,0.09
,2:39:16,34,0.093,0.091,0.09,0.091,0.092,0.091,0.091,0.092,0.09,0.09,0.09,0.092,0.092,0.089,0.121,0.097,0.11,0.11,0.099,0.092,0.091,0.091,0.092,0.091,0.092,0.112,0.115,0.113,0.107,0.101,0.103,0.108,0.105,0.082,0.092,0.092,0.094,0.115,0.11,0.107,0.139,0.102,0.1,0.101,0.088,0.1,0.112,0.091,0.091,0.26,0.399,0.191,0.405,0.41,0.255,0.32,0.211,0.427,0.389,0.092,0.091,0.421,0.396,0.34,0.348,0.435,0.343,0.421,0.363,0.094,0.231,0.092,0.096,0.388,0.364,0.328,0.401,0.454,0.292,0.433,0.376,0.368,0.409,0.092,0.09,0.09,0.092,0.092,0.09,0.091,0.091,0.092,0.09,0.091,0.091,0.09
,2:44:16,34,0.093,0.091,0.09,0.09,0.092,0.091,0.091,0.092,0.09,0.09,0.09,0.092,0.092,0.095,0.121,0.099,0.11,0.11,0.099,0.095,0.091,0.091,0.093,0.091,0.092,0.112,0.118,0.113,0.104,0.102,0.105,0.108,0.105,0.082,0.091,0.092,0.094,0.117,0.112,0.104,0.143,0.106,0.1,0.101,0.088,0.101,0.111,0.091,0.091,0.277,0.422,0.198,0.429,0.431,0.27,0.332,0.222,0.453,0.414,0.092,0.091,0.445,0.42,0.356,0.365,0.461,0.36,0.448,0.384,0.094,0.243,0.092,0.096,0.407,0.383,0.343,0.427,0.491,0.298,0.46,0.396,0.388,0.432,0.092,0.09,0.09,0.092,0.092,0.09,0.091,0.091,0.092,0.09,0.09,0.09,0.09
,2:49:16,34,0.093,0.091,0.09,0.091,0.092,0.091,0.091,0.092,0.09,0.09,0.09,0.092,0.092,0.089,0.123,0.097,0.111,0.111,0.099,0.094,0.092,0.091,0.093,0.091,0.092,0.113,0.117,0.114,0.107,0.102,0.105,0.11,0.106,0.082,0.093,0.091,0.094,0.115,0.112,0.108,0.14,0.102,0.101,0.103,0.088,0.102,0.115,0.091,0.092,0.3,0.446,0.206,0.457,0.456,0.284,0.346,0.233,0.483,0.439,0.092,0.091,0.478,0.447,0.372,0.386,0.49,0.38,0.476,0.407,0.094,0.258,0.093,0.096,0.428,0.402,0.362,0.448,0.522,0.306,0.479,0.418,0.412,0.459,0.092,0.09,0.09,0.092,0.092,0.09,0.091,0.091,0.092,0.09,0.091,0.09,0.09
,2:54:16,34,0.093,0.091,0.09,0.09,0.092,0.091,0.091,0.091,0.09,0.09,0.09,0.091,0.092,0.09,0.124,0.098,0.113,0.111,0.099,0.095,0.092,0.091,0.093,0.091,0.092,0.114,0.118,0.116,0.11,0.103,0.106,0.11,0.107,0.082,0.093,0.091,0.094,0.116,0.113,0.109,0.14,0.103,0.102,0.104,0.088,0.102,0.114,0.091,0.091,0.319,0.472,0.213,0.493,0.484,0.296,0.363,0.244,0.527,0.469,0.092,0.091,0.506,0.481,0.39,0.406,0.53,0.401,0.516,0.43,0.094,0.274,0.092,0.096,0.453,0.425,0.382,0.463,0.552,0.316,0.495,0.445,0.438,0.488,0.092,0.09,0.09,0.092,0.092,0.09,0.091,0.091,0.092,0.09,0.091,0.09,0.09
,2:59:16,34,0.093,0.091,0.09,0.09,0.092,0.091,0.091,0.091,0.09,0.09,0.09,0.091,0.092,0.09,0.125,0.098,0.113,0.112,0.099,0.096,0.092,0.091,0.094,0.091,0.092,0.114,0.119,0.115,0.109,0.103,0.106,0.111,0.107,0.082,0.093,0.091,0.094,0.116,0.114,0.11,0.141,0.103,0.103,0.104,0.088,0.103,0.117,0.091,0.091,0.333,0.506,0.221,0.525,0.526,0.303,0.385,0.256,0.559,0.509,0.092,0.091,0.534,0.514,0.408,0.432,0.562,0.422,0.552,0.456,0.094,0.294,0.092,0.096,0.48,0.449,0.401,0.478,0.574,0.33,0.511,0.474,0.469,0.524,0.092,0.09,0.09,0.091,0.092,0.09,0.091,0.09,0.092,0.089,0.091,0.09,0.09
,3:04:16,34,0.093,0.091,0.09,0.091,0.092,0.091,0.091,0.092,0.09,0.09,0.09,0.092,0.092,0.09,0.126,0.1,0.114,0.113,0.1,0.095,0.092,0.091,0.094,0.091,0.092,0.117,0.121,0.116,0.11,0.104,0.107,0.112,0.108,0.082,0.093,0.092,0.094,0.12,0.116,0.11,0.142,0.106,0.104,0.104,0.088,0.105,0.116,0.091,0.092,0.349,0.542,0.23,0.546,0.555,0.313,0.41,0.271,0.587,0.545,0.092,0.091,0.558,0.544,0.429,0.454,0.582,0.448,0.576,0.485,0.094,0.312,0.093,0.096,0.51,0.478,0.424,0.493,0.593,0.346,0.534,0.51,0.509,0.56,0.092,0.09,0.091,0.092,0.092,0.09,0.092,0.091,0.092,0.09,0.091,0.091,0.09
,3:09:16,34,0.093,0.091,0.09,0.09,0.092,0.091,0.091,0.092,0.09,0.09,0.09,0.091,0.092,0.092,0.128,0.101,0.115,0.114,0.1,0.096,0.092,0.091,0.094,0.091,0.092,0.117,0.124,0.118,0.111,0.106,0.108,0.113,0.108,0.082,0.093,0.091,0.094,0.12,0.117,0.111,0.143,0.111,0.105,0.106,0.088,0.105,0.116,0.091,0.091,0.366,0.57,0.239,0.564,0.575,0.322,0.436,0.286,0.608,0.568,0.092,0.091,0.578,0.568,0.453,0.486,0.603,0.475,0.598,0.523,0.094,0.328,0.092,0.096,0.535,0.508,0.45,0.514,0.613,0.365,0.553,0.545,0.544,0.591,0.092,0.09,0.09,0.092,0.092,0.09,0.091,0.091,0.092,0.09,0.091,0.09,0.09
,3:14:16,34,0.093,0.091,0.09,0.091,0.092,0.091,0.091,0.092,0.09,0.09,0.09,0.091,0.092,0.093,0.129,0.099,0.116,0.115,0.1,0.098,0.092,0.091,0.095,0.091,0.092,0.118,0.122,0.117,0.111,0.106,0.108,0.113,0.109,0.082,0.095,0.092,0.094,0.119,0.117,0.112,0.145,0.106,0.106,0.106,0.089,0.106,0.12,0.091,0.092,0.385,0.588,0.248,0.584,0.594,0.332,0.473,0.299,0.628,0.589,0.092,0.091,0.597,0.586,0.482,0.513,0.623,0.51,0.617,0.557,0.094,0.343,0.092,0.096,0.563,0.541,0.484,0.535,0.633,0.384,0.566,0.573,0.568,0.614,0.092,0.09,0.09,0.092,0.092,0.09,0.091,0.091,0.092,0.09,0.091,0.091,0.09
,3:19:16,34,0.093,0.091,0.09,0.091,0.092,0.091,0.091,0.092,0.09,0.09,0.09,0.092,0.092,0.092,0.131,0.101,0.118,0.116,0.101,0.098,0.093,0.092,0.095,0.091,0.092,0.119,0.124,0.119,0.112,0.107,0.109,0.115,0.11,0.082,0.094,0.092,0.094,0.123,0.118,0.113,0.145,0.113,0.107,0.106,0.089,0.107,0.119,0.091,0.091,0.407,0.607,0.259,0.603,0.616,0.346,0.501,0.313,0.649,0.614,0.092,0.091,0.617,0.606,0.506,0.534,0.644,0.544,0.637,0.579,0.094,0.36,0.092,0.096,0.583,0.565,0.507,0.551,0.652,0.411,0.581,0.595,0.587,0.634,0.092,0.09,0.09,0.092,0.092,0.09,0.091,0.091,0.092,0.09,0.091,0.09,0.09
,3:24:16,34,0.093,0.091,0.09,0.091,0.092,0.091,0.091,0.092,0.09,0.09,0.09,0.091,0.092,0.094,0.136,0.104,0.118,0.117,0.101,0.098,0.093,0.092,0.096,0.091,0.092,0.121,0.127,0.119,0.114,0.109,0.109,0.115,0.111,0.082,0.095,0.092,0.094,0.124,0.121,0.113,0.146,0.114,0.109,0.108,0.088,0.108,0.12,0.091,0.091,0.429,0.626,0.269,0.623,0.636,0.361,0.53,0.326,0.671,0.639,0.092,0.091,0.639,0.625,0.533,0.56,0.663,0.566,0.659,0.6,0.094,0.377,0.092,0.096,0.603,0.583,0.528,0.565,0.671,0.44,0.596,0.616,0.606,0.655,0.092,0.09,0.09,0.092,0.092,0.09,0.091,0.091,0.092,0.09,0.09,0.091,0.09
,3:29:16,34,0.093,0.091,0.09,0.09,0.092,0.091,0.091,0.092,0.09,0.09,0.09,0.091,0.092,0.091,0.134,0.101,0.119,0.117,0.102,0.1,0.093,0.093,0.096,0.09,0.092,0.121,0.127,0.12,0.114,0.109,0.111,0.116,0.111,0.082,0.096,0.091,0.094,0.123,0.121,0.115,0.146,0.11,0.11,0.109,0.089,0.109,0.122,0.091,0.092,0.453,0.645,0.279,0.643,0.657,0.376,0.556,0.339,0.691,0.66,0.092,0.091,0.656,0.644,0.56,0.585,0.683,0.584,0.68,0.62,0.094,0.395,0.093,0.096,0.622,0.6,0.554,0.578,0.69,0.459,0.609,0.637,0.626,0.676,0.092,0.09,0.09,0.092,0.092,0.09,0.091,0.09,0.092,0.09,0.091,0.09,0.09
,3:34:16,34,0.093,0.091,0.09,0.091,0.092,0.091,0.091,0.092,0.09,0.09,0.09,0.092,0.092,0.094,0.135,0.101,0.121,0.118,0.102,0.1,0.093,0.092,0.097,0.091,0.092,0.123,0.128,0.121,0.115,0.11,0.113,0.117,0.114,0.082,0.096,0.092,0.094,0.123,0.122,0.116,0.149,0.111,0.111,0.108,0.089,0.11,0.124,0.091,0.092,0.478,0.664,0.289,0.663,0.678,0.394,0.574,0.354,0.711,0.684,0.092,0.091,0.674,0.664,0.583,0.604,0.701,0.604,0.7,0.641,0.094,0.414,0.092,0.096,0.643,0.618,0.573,0.591,0.706,0.476,0.622,0.658,0.648,0.695,0.092,0.09,0.09,0.092,0.092,0.09,0.091,0.091,0.092,0.09,0.091,0.091,0.09
,3:39:16,34,0.093,0.091,0.09,0.091,0.092,0.091,0.091,0.092,0.09,0.09,0.09,0.092,0.092,0.093,0.137,0.104,0.122,0.12,0.102,0.101,0.094,0.093,0.098,0.091,0.092,0.124,0.131,0.122,0.115,0.112,0.113,0.118,0.114,0.082,0.097,0.092,0.094,0.127,0.124,0.116,0.147,0.116,0.113,0.111,0.089,0.112,0.124,0.091,0.092,0.503,0.68,0.299,0.683,0.699,0.416,0.592,0.369,0.732,0.707,0.092,0.091,0.693,0.683,0.605,0.625,0.719,0.623,0.722,0.662,0.094,0.436,0.092,0.096,0.661,0.633,0.593,0.604,0.723,0.495,0.634,0.679,0.669,0.715,0.092,0.09,0.09,0.092,0.092,0.09,0.091,0.091,0.092,0.09,0.091,0.091,0.09
,3:44:16,34,0.093,0.091,0.09,0.09,0.092,0.091,0.091,0.091,0.09,0.09,0.09,0.091,0.092,0.092,0.141,0.102,0.124,0.12,0.102,0.102,0.094,0.093,0.098,0.09,0.092,0.125,0.131,0.123,0.116,0.113,0.114,0.119,0.113,0.082,0.097,0.091,0.094,0.127,0.126,0.117,0.148,0.115,0.114,0.11,0.089,0.113,0.125,0.091,0.091,0.522,0.695,0.309,0.699,0.717,0.436,0.61,0.384,0.749,0.728,0.092,0.091,0.71,0.7,0.626,0.645,0.738,0.642,0.74,0.682,0.094,0.46,0.092,0.096,0.679,0.653,0.612,0.617,0.74,0.519,0.651,0.7,0.69,0.732,0.092,0.09,0.09,0.091,0.092,0.09,0.091,0.09,0.092,0.09,0.091,0.09,0.09
,3:49:16,34,0.093,0.091,0.09,0.09,0.092,0.091,0.091,0.092,0.09,0.09,0.09,0.091,0.092,0.097,0.14,0.104,0.125,0.121,0.103,0.102,0.094,0.095,0.099,0.091,0.092,0.126,0.133,0.124,0.117,0.115,0.114,0.12,0.115,0.082,0.097,0.091,0.094,0.13,0.128,0.118,0.149,0.123,0.115,0.111,0.089,0.114,0.126,0.091,0.092,0.541,0.709,0.32,0.718,0.736,0.46,0.629,0.402,0.768,0.748,0.092,0.091,0.73,0.717,0.645,0.666,0.759,0.659,0.759,0.701,0.094,0.489,0.092,0.096,0.697,0.667,0.631,0.63,0.762,0.538,0.666,0.72,0.71,0.75,0.092,0.09,0.09,0.091,0.092,0.09,0.091,0.091,0.092,0.09,0.091,0.09,0.09
,3:54:16,34,0.093,0.091,0.09,0.091,0.092,0.092,0.091,0.092,0.09,0.09,0.09,0.092,0.092,0.093,0.142,0.104,0.127,0.122,0.103,0.104,0.095,0.094,0.1,0.091,0.092,0.127,0.135,0.125,0.118,0.116,0.116,0.121,0.116,0.082,0.097,0.092,0.094,0.131,0.128,0.12,0.149,0.122,0.117,0.113,0.089,0.115,0.127,0.091,0.092,0.559,0.726,0.331,0.738,0.758,0.482,0.649,0.426,0.785,0.771,0.093,0.091,0.748,0.736,0.665,0.688,0.779,0.678,0.778,0.723,0.094,0.514,0.093,0.096,0.715,0.685,0.649,0.644,0.78,0.557,0.68,0.739,0.729,0.77,0.092,0.09,0.091,0.092,0.092,0.09,0.091,0.091,0.092,0.09,0.091,0.091,0.09
,3:59:16,34,0.093,0.091,0.09,0.09,0.092,0.091,0.091,0.092,0.09,0.09,0.09,0.091,0.092,0.094,0.143,0.105,0.128,0.123,0.104,0.105,0.095,0.094,0.1,0.091,0.092,0.128,0.135,0.126,0.119,0.117,0.117,0.122,0.118,0.082,0.098,0.091,0.094,0.132,0.131,0.121,0.148,0.122,0.119,0.113,0.089,0.117,0.13,0.091,0.091,0.576,0.743,0.343,0.758,0.777,0.506,0.669,0.449,0.802,0.791,0.092,0.091,0.767,0.754,0.683,0.709,0.798,0.697,0.795,0.741,0.094,0.537,0.092,0.096,0.733,0.705,0.666,0.657,0.797,0.574,0.692,0.757,0.747,0.788,0.092,0.09,0.09,0.091,0.092,0.09,0.091,0.091,0.092,0.09,0.09,0.091,0.09
,4:04:16,34,0.093,0.091,0.09,0.091,0.092,0.091,0.091,0.092,0.09,0.09,0.09,0.092,0.092,0.095,0.145,0.107,0.129,0.125,0.104,0.106,0.095,0.094,0.101,0.091,0.092,0.13,0.139,0.127,0.12,0.119,0.117,0.123,0.117,0.082,0.099,0.091,0.094,0.134,0.133,0.121,0.148,0.128,0.121,0.114,0.09,0.118,0.13,0.091,0.092,0.592,0.76,0.355,0.776,0.796,0.525,0.689,0.471,0.82,0.812,0.092,0.091,0.784,0.774,0.702,0.728,0.817,0.718,0.815,0.76,0.094,0.558,0.092,0.096,0.75,0.723,0.684,0.67,0.813,0.592,0.705,0.778,0.766,0.807,0.092,0.09,0.09,0.091,0.092,0.09,0.091,0.091,0.092,0.09,0.091,0.09,0.09
,4:09:16,34,0.093,0.091,0.09,0.091,0.092,0.091,0.091,0.092,0.09,0.09,0.09,0.091,0.092,0.094,0.147,0.104,0.131,0.125,0.105,0.106,0.095,0.095,0.102,0.091,0.092,0.13,0.138,0.128,0.122,0.119,0.12,0.124,0.122,0.082,0.1,0.092,0.094,0.13,0.131,0.124,0.152,0.124,0.122,0.114,0.09,0.119,0.134,0.091,0.092,0.608,0.775,0.368,0.792,0.815,0.54,0.709,0.49,0.836,0.829,0.092,0.091,0.801,0.791,0.72,0.748,0.834,0.738,0.833,0.778,0.094,0.578,0.092,0.096,0.768,0.741,0.7,0.683,0.829,0.611,0.716,0.796,0.786,0.824,0.092,0.09,0.09,0.091,0.092,0.09,0.091,0.091,0.092,0.09,0.091,0.091,0.09
,4:14:16,34,0.093,0.091,0.09,0.091,0.092,0.091,0.091,0.092,0.09,0.09,0.09,0.091,0.092,0.093,0.148,0.105,0.133,0.127,0.105,0.109,0.096,0.096,0.102,0.091,0.092,0.132,0.141,0.129,0.122,0.12,0.122,0.125,0.121,0.082,0.1,0.092,0.094,0.134,0.136,0.126,0.151,0.123,0.125,0.116,0.09,0.121,0.134,0.091,0.091,0.622,0.79,0.381,0.808,0.832,0.554,0.728,0.509,0.852,0.846,0.092,0.091,0.818,0.808,0.74,0.765,0.85,0.758,0.85,0.796,0.094,0.595,0.092,0.096,0.785,0.758,0.717,0.693,0.845,0.628,0.727,0.815,0.805,0.841,0.092,0.09,0.09,0.091,0.092,0.09,0.091,0.091,0.092,0.09,0.091,0.09,0.09
,4:19:16,34,0.093,0.091,0.09,0.09,0.092,0.091,0.091,0.092,0.09,0.09,0.09,0.091,0.092,0.094,0.153,0.106,0.134,0.128,0.105,0.109,0.096,0.095,0.103,0.091,0.092,0.134,0.144,0.13,0.123,0.122,0.122,0.126,0.124,0.082,0.101,0.091,0.094,0.136,0.136,0.127,0.157,0.125,0.127,0.116,0.09,0.122,0.135,0.091,0.091,0.634,0.804,0.394,0.823,0.848,0.569,0.747,0.527,0.868,0.864,0.092,0.091,0.833,0.825,0.76,0.782,0.866,0.777,0.867,0.813,0.094,0.613,0.092,0.096,0.8,0.777,0.736,0.706,0.86,0.646,0.738,0.833,0.825,0.859,0.092,0.09,0.09,0.091,0.092,0.09,0.091,0.091,0.092,0.09,0.09,0.09,0.09
,4:24:16,34,0.093,0.091,0.09,0.09,0.092,0.091,0.091,0.092,0.09,0.09,0.09,0.091,0.092,0.094,0.151,0.106,0.136,0.129,0.106,0.111,0.096,0.096,0.104,0.091,0.092,0.135,0.145,0.131,0.124,0.123,0.123,0.127,0.123,0.082,0.101,0.092,0.094,0.134,0.138,0.129,0.155,0.127,0.129,0.117,0.091,0.124,0.136,0.091,0.091,0.646,0.818,0.407,0.838,0.865,0.59,0.77,0.546,0.883,0.88,0.092,0.091,0.847,0.84,0.778,0.798,0.881,0.795,0.883,0.83,0.094,0.629,0.092,0.096,0.815,0.791,0.756,0.718,0.874,0.663,0.751,0.85,0.844,0.876,0.092,0.09,0.09,0.092,0.092,0.09,0.091,0.091,0.092,0.09,0.091,0.091,0.09
,4:29:16,34,0.093,0.091,0.09,0.09,0.092,0.091,0.091,0.092,0.09,0.09,0.09,0.091,0.092,0.095,0.152,0.107,0.138,0.13,0.106,0.112,0.096,0.096,0.104,0.091,0.092,0.136,0.145,0.132,0.125,0.124,0.125,0.128,0.125,0.082,0.102,0.091,0.094,0.138,0.14,0.13,0.158,0.129,0.131,0.118,0.091,0.125,0.139,0.091,0.091,0.659,0.83,0.419,0.852,0.88,0.607,0.789,0.564,0.899,0.897,0.092,0.091,0.861,0.856,0.795,0.814,0.896,0.811,0.899,0.847,0.094,0.646,0.092,0.096,0.829,0.808,0.773,0.727,0.888,0.68,0.761,0.866,0.861,0.891,0.092,0.09,0.09,0.091,0.092,0.09,0.091,0.09,0.092,0.089,0.09,0.09,0.09
,4:34:16,34,0.093,0.091,0.09,0.09,0.092,0.091,0.091,0.092,0.09,0.09,0.09,0.091,0.092,0.098,0.153,0.111,0.139,0.131,0.107,0.113,0.097,0.099,0.106,0.091,0.092,0.138,0.149,0.134,0.127,0.128,0.125,0.13,0.123,0.082,0.103,0.092,0.094,0.14,0.142,0.13,0.157,0.134,0.133,0.119,0.091,0.126,0.139,0.091,0.091,0.674,0.844,0.433,0.867,0.895,0.626,0.806,0.581,0.914,0.913,0.092,0.091,0.875,0.87,0.811,0.83,0.911,0.828,0.912,0.865,0.094,0.664,0.092,0.096,0.844,0.824,0.79,0.739,0.902,0.696,0.771,0.882,0.878,0.907,0.092,0.09,0.09,0.092,0.092,0.09,0.091,0.091,0.092,0.09,0.091,0.091,0.09
,4:39:16,34,0.093,0.091,0.09,0.091,0.092,0.091,0.091,0.092,0.09,0.09,0.09,0.092,0.092,0.095,0.156,0.108,0.141,0.132,0.108,0.115,0.097,0.098,0.107,0.091,0.092,0.139,0.15,0.134,0.128,0.127,0.127,0.131,0.126,0.082,0.104,0.092,0.094,0.141,0.144,0.134,0.164,0.136,0.136,0.121,0.092,0.127,0.142,0.091,0.092,0.689,0.856,0.446,0.881,0.909,0.641,0.822,0.6,0.929,0.928,0.092,0.091,0.889,0.885,0.827,0.845,0.925,0.844,0.924,0.882,0.094,0.684,0.093,0.096,0.858,0.839,0.805,0.749,0.916,0.712,0.782,0.896,0.894,0.922,0.092,0.09,0.09,0.092,0.092,0.09,0.092,0.091,0.092,0.09,0.091,0.091,0.09
,4:44:16,34,0.093,0.091,0.09,0.09,0.092,0.091,0.091,0.091,0.09,0.09,0.09,0.091,0.092,0.104,0.156,0.11,0.141,0.133,0.108,0.116,0.097,0.1,0.108,0.091,0.092,0.141,0.152,0.136,0.131,0.132,0.127,0.132,0.126,0.082,0.103,0.091,0.094,0.144,0.144,0.13,0.162,0.144,0.137,0.12,0.092,0.128,0.141,0.091,0.091,0.702,0.87,0.458,0.895,0.924,0.66,0.838,0.616,0.943,0.944,0.092,0.091,0.902,0.899,0.843,0.86,0.94,0.86,0.937,0.898,0.094,0.701,0.092,0.096,0.872,0.855,0.821,0.761,0.93,0.73,0.793,0.911,0.91,0.937,0.092,0.09,0.09,0.092,0.092,0.09,0.091,0.09,0.092,0.089,0.091,0.09,0.09
,4:49:16,34,0.093,0.091,0.09,0.091,0.092,0.091,0.091,0.092,0.09,0.09,0.09,0.091,0.092,0.096,0.159,0.111,0.143,0.134,0.108,0.118,0.098,0.099,0.108,0.091,0.092,0.142,0.154,0.137,0.13,0.133,0.129,0.133,0.128,0.082,0.105,0.092,0.094,0.144,0.145,0.134,0.163,0.14,0.14,0.122,0.092,0.13,0.142,0.091,0.091,0.715,0.882,0.469,0.909,0.937,0.675,0.852,0.633,0.955,0.958,0.092,0.091,0.915,0.914,0.857,0.875,0.954,0.874,0.949,0.914,0.094,0.719,0.093,0.096,0.885,0.869,0.836,0.77,0.943,0.746,0.804,0.926,0.926,0.951,0.092,0.09,0.09,0.092,0.092,0.09,0.091,0.091,0.092,0.09,0.091,0.09,0.09
,4:54:16,34,0.093,0.091,0.09,0.091,0.092,0.091,0.091,0.092,0.09,0.09,0.09,0.092,0.092,0.101,0.16,0.113,0.145,0.136,0.109,0.119,0.099,0.1,0.11,0.091,0.092,0.143,0.156,0.138,0.131,0.134,0.131,0.134,0.13,0.082,0.106,0.092,0.094,0.146,0.148,0.135,0.163,0.145,0.143,0.124,0.093,0.131,0.145,0.091,0.092,0.728,0.894,0.484,0.922,0.951,0.692,0.868,0.65,0.967,0.969,0.092,0.091,0.927,0.928,0.872,0.889,0.968,0.889,0.961,0.93,0.094,0.736,0.093,0.096,0.898,0.883,0.851,0.781,0.956,0.761,0.813,0.941,0.941,0.963,0.092,0.09,0.091,0.092,0.092,0.09,0.092,0.091,0.092,0.09,0.091,0.091,0.09
,4:59:16,34,0.093,0.091,0.09,0.091,0.092,0.091,0.091,0.092,0.09,0.09,0.09,0.091,0.092,0.096,0.164,0.111,0.147,0.136,0.11,0.12,0.099,0.101,0.111,0.091,0.092,0.144,0.157,0.139,0.133,0.134,0.133,0.135,0.129,0.082,0.106,0.092,0.094,0.146,0.149,0.138,0.169,0.141,0.145,0.124,0.093,0.132,0.146,0.091,0.091,0.74,0.907,0.494,0.934,0.963,0.707,0.882,0.665,0.977,0.978,0.092,0.091,0.939,0.94,0.884,0.902,0.98,0.904,0.971,0.944,0.094,0.753,0.092,0.096,0.911,0.896,0.864,0.788,0.965,0.777,0.822,0.954,0.954,0.974,0.092,0.09,0.09,0.092,0.092,0.09,0.091,0.091,0.092,0.089,0.091,0.09,0.09
,5:04:16,34,0.093,0.091,0.09,0.09,0.092,0.091,0.091,0.092,0.09,0.09,0.09,0.091,0.092,0.098,0.164,0.112,0.148,0.138,0.11,0.121,0.099,0.101,0.111,0.091,0.092,0.145,0.159,0.14,0.134,0.135,0.135,0.136,0.136,0.082,0.107,0.091,0.094,0.148,0.151,0.14,0.169,0.143,0.148,0.126,0.093,0.134,0.148,0.091,0.091,0.751,0.917,0.509,0.947,0.975,0.72,0.896,0.681,0.987,0.989,0.092,0.091,0.951,0.953,0.897,0.916,0.992,0.918,0.984,0.958,0.094,0.769,0.092,0.096,0.924,0.91,0.878,0.798,0.976,0.792,0.83,0.967,0.965,0.986,0.092,0.09,0.09,0.091,0.092,0.09,0.091,0.091,0.092,0.09,0.09,0.09,0.09
,5:09:16,34,0.093,0.091,0.09,0.091,0.092,0.091,0.091,0.092,0.09,0.09,0.09,0.092,0.092,0.101,0.165,0.114,0.151,0.139,0.111,0.123,0.1,0.101,0.113,0.091,0.092,0.147,0.161,0.141,0.136,0.139,0.134,0.138,0.131,0.082,0.108,0.091,0.094,0.15,0.153,0.139,0.169,0.148,0.15,0.127,0.094,0.136,0.149,0.091,0.092,0.762,0.929,0.521,0.96,0.987,0.736,0.911,0.696,0.997,1,0.092,0.091,0.962,0.963,0.911,0.929,1.004,0.932,0.995,0.971,0.094,0.785,0.093,0.096,0.936,0.924,0.892,0.806,0.987,0.808,0.839,0.98,0.975,0.996,0.092,0.09,0.09,0.092,0.092,0.09,0.091,0.091,0.092,0.09,0.091,0.091,0.09
,5:14:16,34,0.093,0.091,0.09,0.09,0.092,0.091,0.091,0.091,0.09,0.09,0.09,0.091,0.092,0.101,0.168,0.115,0.152,0.14,0.111,0.125,0.1,0.103,0.114,0.091,0.092,0.149,0.162,0.143,0.137,0.141,0.136,0.139,0.133,0.082,0.109,0.091,0.094,0.151,0.154,0.141,0.17,0.152,0.153,0.128,0.094,0.137,0.15,0.091,0.092,0.774,0.94,0.534,0.971,0.997,0.75,0.925,0.711,1.005,1.01,0.092,0.091,0.974,0.973,0.924,0.942,1.014,0.945,1.007,0.985,0.094,0.801,0.092,0.096,0.948,0.938,0.905,0.813,0.997,0.822,0.846,0.992,0.986,1.005,0.092,0.09,0.09,0.092,0.092,0.09,0.091,0.09,0.092,0.09,0.091,0.09,0.09
,5:19:16,34,0.093,0.091,0.09,0.091,0.092,0.091,0.091,0.092,0.09,0.09,0.09,0.092,0.092,0.105,0.168,0.116,0.155,0.141,0.112,0.126,0.101,0.103,0.115,0.091,0.092,0.15,0.163,0.144,0.138,0.142,0.136,0.14,0.136,0.082,0.11,0.092,0.094,0.152,0.156,0.143,0.172,0.155,0.156,0.129,0.095,0.139,0.151,0.091,0.092,0.785,0.951,0.547,0.983,1.008,0.764,0.938,0.727,1.016,1.021,0.093,0.091,0.985,0.984,0.936,0.953,1.024,0.958,1.019,0.997,0.094,0.817,0.092,0.096,0.959,0.951,0.918,0.82,1.008,0.836,0.852,1.004,0.999,1.015,0.092,0.09,0.09,0.092,0.092,0.09,0.092,0.09,0.092,0.09,0.091,0.09,0.09
,5:24:16,34,0.093,0.091,0.09,0.091,0.092,0.091,0.091,0.092,0.09,0.09,0.09,0.092,0.092,0.098,0.17,0.115,0.159,0.142,0.112,0.128,0.101,0.105,0.116,0.091,0.092,0.151,0.164,0.145,0.139,0.14,0.141,0.141,0.14,0.082,0.112,0.092,0.094,0.151,0.157,0.146,0.181,0.153,0.158,0.131,0.095,0.14,0.154,0.091,0.092,0.795,0.961,0.56,0.992,1.019,0.778,0.95,0.741,1.024,1.032,0.092,0.091,0.995,0.993,0.948,0.965,1.033,0.97,1.03,1.008,0.094,0.833,0.093,0.096,0.971,0.964,0.93,0.824,1.017,0.848,0.856,1.014,1.01,1.024,0.092,0.09,0.09,0.091,0.092,0.09,0.091,0.091,0.092,0.09,0.091,0.091,0.09
,5:29:16,34,0.093,0.091,0.09,0.091,0.092,0.091,0.091,0.092,0.09,0.09,0.09,0.091,0.092,0.106,0.171,0.117,0.156,0.143,0.113,0.13,0.101,0.106,0.117,0.091,0.092,0.152,0.167,0.146,0.14,0.145,0.138,0.142,0.135,0.082,0.112,0.091,0.094,0.158,0.159,0.145,0.177,0.163,0.162,0.132,0.095,0.142,0.154,0.091,0.092,0.805,0.972,0.571,1.002,1.029,0.791,0.962,0.755,1.035,1.044,0.092,0.091,1.007,1.002,0.959,0.975,1.042,0.983,1.042,1.019,0.094,0.847,0.092,0.096,0.981,0.975,0.942,0.831,1.027,0.861,0.86,1.024,1.022,1.032,0.092,0.09,0.09,0.092,0.092,0.09,0.092,0.09,0.092,0.09,0.091,0.091,0.09
,5:34:16,34,0.093,0.091,0.09,0.09,0.092,0.091,0.091,0.092,0.09,0.09,0.09,0.091,0.092,0.103,0.172,0.117,0.158,0.144,0.114,0.131,0.102,0.106,0.118,0.091,0.092,0.154,0.169,0.147,0.142,0.145,0.143,0.143,0.14,0.082,0.113,0.091,0.094,0.156,0.16,0.148,0.176,0.16,0.165,0.133,0.097,0.144,0.156,0.091,0.092,0.815,0.981,0.583,1.012,1.038,0.805,0.974,0.77,1.044,1.056,0.092,0.091,1.018,1.012,0.97,0.986,1.05,0.994,1.054,1.03,0.094,0.862,0.092,0.096,0.992,0.987,0.955,0.835,1.037,0.873,0.864,1.035,1.034,1.042,0.092,0.09,0.09,0.091,0.092,0.09,0.091,0.09,0.092,0.09,0.091,0.09,0.09
,5:39:16,34,0.093,0.091,0.09,0.09,0.092,0.091,0.091,0.092,0.09,0.09,0.09,0.092,0.092,0.101,0.172,0.117,0.165,0.145,0.114,0.133,0.102,0.106,0.119,0.091,0.092,0.155,0.17,0.147,0.143,0.144,0.145,0.144,0.146,0.082,0.115,0.091,0.094,0.157,0.162,0.151,0.184,0.164,0.168,0.135,0.097,0.143,0.159,0.091,0.091,0.826,0.99,0.593,1.022,1.048,0.82,0.986,0.783,1.054,1.067,0.092,0.091,1.03,1.023,0.981,0.998,1.06,1.004,1.067,1.042,0.094,0.877,0.092,0.096,1.003,0.999,0.967,0.839,1.047,0.887,0.867,1.046,1.046,1.052,0.092,0.09,0.09,0.092,0.092,0.09,0.091,0.091,0.092,0.09,0.091,0.09,0.09
,5:44:16,34,0.093,0.091,0.09,0.091,0.092,0.091,0.091,0.092,0.091,0.09,0.09,0.091,0.092,0.102,0.172,0.118,0.162,0.147,0.115,0.134,0.103,0.108,0.12,0.091,0.092,0.156,0.172,0.148,0.145,0.146,0.145,0.145,0.14,0.082,0.116,0.092,0.094,0.159,0.163,0.152,0.183,0.164,0.172,0.135,0.098,0.146,0.16,0.091,0.092,0.835,0.999,0.605,1.032,1.057,0.833,1,0.797,1.064,1.079,0.092,0.091,1.042,1.032,0.991,1.009,1.069,1.015,1.078,1.052,0.094,0.891,0.093,0.096,1.013,1.008,0.978,0.846,1.056,0.902,0.87,1.056,1.058,1.062,0.092,0.09,0.09,0.092,0.092,0.09,0.091,0.09,0.092,0.09,0.091,0.091,0.09
,5:49:16,34,0.093,0.091,0.09,0.09,0.092,0.091,0.091,0.092,0.09,0.09,0.09,0.091,0.092,0.102,0.167,0.119,0.166,0.148,0.115,0.135,0.103,0.108,0.121,0.091,0.092,0.158,0.173,0.149,0.149,0.148,0.147,0.146,0.145,0.082,0.117,0.091,0.094,0.16,0.165,0.153,0.184,0.166,0.174,0.137,0.098,0.147,0.161,0.091,0.091,0.844,1.007,0.616,1.042,1.065,0.846,1.011,0.811,1.074,1.09,0.092,0.091,1.053,1.043,1.001,1.02,1.079,1.024,1.09,1.062,0.094,0.904,0.092,0.096,1.023,1.017,0.989,0.851,1.066,0.916,0.874,1.066,1.069,1.073,0.092,0.09,0.09,0.091,0.092,0.09,0.091,0.091,0.092,0.09,0.091,0.09,0.09
,5:54:16,34,0.093,0.091,0.09,0.09,0.092,0.091,0.091,0.092,0.09,0.09,0.09,0.092,0.092,0.109,0.173,0.119,0.166,0.149,0.116,0.137,0.105,0.11,0.122,0.091,0.092,0.159,0.175,0.151,0.149,0.151,0.147,0.148,0.145,0.082,0.118,0.092,0.094,0.162,0.167,0.154,0.183,0.17,0.177,0.138,0.099,0.149,0.161,0.091,0.092,0.85,1.014,0.628,1.051,1.073,0.856,1.022,0.825,1.085,1.102,0.092,0.091,1.063,1.054,1.011,1.031,1.089,1.034,1.102,1.073,0.094,0.918,0.092,0.096,1.034,1.026,0.999,0.856,1.076,0.929,0.879,1.077,1.081,1.084,0.092,0.09,0.09,0.092,0.092,0.09,0.091,0.091,0.092,0.09,0.091,0.091,0.091
,5:59:16,34,0.093,0.091,0.09,0.09,0.092,0.091,0.091,0.092,0.09,0.09,0.09,0.091,0.092,0.106,0.177,0.12,0.169,0.15,0.117,0.138,0.105,0.111,0.123,0.091,0.092,0.159,0.176,0.152,0.147,0.152,0.149,0.149,0.142,0.082,0.119,0.091,0.094,0.164,0.168,0.155,0.184,0.169,0.18,0.14,0.1,0.151,0.163,0.091,0.091,0.855,1.022,0.641,1.06,1.081,0.868,1.032,0.836,1.095,1.113,0.092,0.091,1.073,1.064,1.021,1.042,1.099,1.043,1.113,1.083,0.094,0.932,0.092,0.096,1.043,1.033,1.009,0.863,1.085,0.94,0.883,1.087,1.092,1.096,0.092,0.09,0.09,0.091,0.092,0.09,0.091,0.091,0.092,0.09,0.091,0.09,0.09
,6:04:16,34,0.093,0.091,0.09,0.091,0.092,0.091,0.091,0.092,0.09,0.09,0.09,0.092,0.092,0.103,0.176,0.122,0.171,0.152,0.118,0.14,0.105,0.111,0.124,0.091,0.092,0.161,0.177,0.153,0.15,0.151,0.151,0.15,0.144,0.082,0.12,0.092,0.094,0.165,0.17,0.158,0.192,0.172,0.183,0.141,0.101,0.151,0.165,0.091,0.092,0.858,1.028,0.652,1.069,1.089,0.879,1.042,0.848,1.105,1.125,0.092,0.091,1.082,1.075,1.032,1.052,1.108,1.052,1.125,1.092,0.094,0.946,0.093,0.096,1.052,1.041,1.019,0.869,1.094,0.952,0.89,1.097,1.103,1.106,0.092,0.09,0.09,0.092,0.092,0.09,0.092,0.091,0.092,0.09,0.091,0.091,0.09
,6:09:16,34,0.093,0.091,0.09,0.091,0.092,0.091,0.091,0.092,0.09,0.09,0.09,0.091,0.092,0.111,0.175,0.125,0.171,0.153,0.118,0.141,0.106,0.113,0.126,0.091,0.092,0.163,0.179,0.154,0.153,0.157,0.152,0.151,0.145,0.082,0.121,0.092,0.094,0.167,0.171,0.155,0.189,0.185,0.186,0.143,0.101,0.155,0.165,0.091,0.092,0.862,1.035,0.664,1.078,1.097,0.887,1.051,0.861,1.116,1.137,0.092,0.091,1.092,1.085,1.044,1.062,1.12,1.062,1.137,1.101,0.094,0.961,0.093,0.096,1.06,1.049,1.03,0.877,1.105,0.964,0.897,1.107,1.115,1.117,0.092,0.09,0.09,0.092,0.092,0.09,0.092,0.091,0.092,0.09,0.091,0.091,0.09
,6:14:16,34,0.093,0.091,0.09,0.09,0.092,0.091,0.091,0.092,0.09,0.09,0.09,0.091,0.092,0.111,0.179,0.124,0.174,0.153,0.119,0.143,0.107,0.115,0.127,0.091,0.092,0.164,0.181,0.162,0.154,0.159,0.153,0.153,0.147,0.082,0.122,0.091,0.094,0.171,0.172,0.158,0.192,0.18,0.189,0.144,0.102,0.156,0.166,0.091,0.091,0.863,1.042,0.675,1.086,1.104,0.898,1.06,0.873,1.126,1.148,0.092,0.091,1.101,1.096,1.054,1.072,1.13,1.071,1.149,1.11,0.094,0.976,0.092,0.096,1.068,1.057,1.041,0.882,1.115,0.974,0.902,1.117,1.125,1.129,0.092,0.09,0.09,0.092,0.092,0.09,0.091,0.091,0.092,0.09,0.091,0.09,0.09
,6:19:16,34,0.093,0.091,0.09,0.09,0.092,0.091,0.091,0.092,0.09,0.09,0.09,0.091,0.092,0.107,0.184,0.124,0.176,0.155,0.12,0.144,0.107,0.115,0.128,0.091,0.092,0.165,0.182,0.157,0.153,0.156,0.155,0.154,0.147,0.082,0.124,0.091,0.094,0.168,0.174,0.161,0.196,0.179,0.192,0.146,0.104,0.155,0.168,0.091,0.091,0.866,1.048,0.688,1.094,1.112,0.906,1.069,0.886,1.136,1.16,0.092,0.091,1.11,1.106,1.066,1.081,1.14,1.079,1.159,1.119,0.094,0.989,0.092,0.096,1.075,1.065,1.051,0.89,1.126,0.985,0.908,1.126,1.135,1.14,0.092,0.09,0.09,0.091,0.092,0.09,0.092,0.09,0.092,0.09,0.091,0.091,0.09
,6:24:16,34,0.093,0.091,0.09,0.09,0.092,0.091,0.091,0.091,0.09,0.09,0.09,0.091,0.092,0.112,0.184,0.126,0.176,0.156,0.12,0.145,0.108,0.116,0.129,0.091,0.092,0.167,0.184,0.158,0.154,0.161,0.156,0.155,0.148,0.082,0.125,0.091,0.094,0.17,0.176,0.159,0.193,0.19,0.195,0.148,0.104,0.159,0.17,0.091,0.091,0.87,1.056,0.699,1.103,1.119,0.915,1.077,0.901,1.145,1.171,0.092,0.091,1.118,1.117,1.077,1.091,1.15,1.089,1.169,1.127,0.094,1.003,0.092,0.096,1.082,1.074,1.061,0.898,1.136,0.995,0.913,1.136,1.146,1.151,0.092,0.09,0.09,0.091,0.092,0.09,0.091,0.09,0.092,0.09,0.09,0.09,0.09
,6:29:16,34,0.093,0.091,0.09,0.091,0.092,0.091,0.091,0.092,0.09,0.09,0.09,0.092,0.092,0.112,0.19,0.126,0.178,0.157,0.121,0.147,0.109,0.117,0.13,0.091,0.092,0.168,0.186,0.159,0.158,0.161,0.157,0.157,0.151,0.082,0.126,0.092,0.094,0.172,0.177,0.163,0.197,0.184,0.198,0.149,0.105,0.16,0.171,0.091,0.091,0.874,1.064,0.711,1.111,1.126,0.924,1.087,0.915,1.154,1.181,0.092,0.091,1.125,1.127,1.088,1.099,1.16,1.098,1.179,1.136,0.094,1.016,0.092,0.096,1.089,1.084,1.071,0.904,1.147,1.006,0.919,1.145,1.156,1.163,0.092,0.09,0.091,0.092,0.092,0.09,0.091,0.091,0.092,0.09,0.091,0.09,0.09
,6:34:16,34,0.093,0.091,0.09,0.091,0.092,0.091,0.091,0.092,0.09,0.09,0.09,0.092,0.092,0.11,0.186,0.128,0.183,0.159,0.122,0.148,0.109,0.115,0.132,0.091,0.092,0.17,0.187,0.161,0.158,0.162,0.16,0.158,0.157,0.082,0.128,0.092,0.094,0.173,0.179,0.165,0.202,0.186,0.201,0.151,0.106,0.161,0.173,0.091,0.092,0.879,1.071,0.721,1.119,1.134,0.934,1.096,0.929,1.163,1.191,0.092,0.091,1.132,1.138,1.101,1.108,1.169,1.107,1.189,1.144,0.094,1.028,0.093,0.096,1.095,1.095,1.081,0.911,1.157,1.015,0.924,1.154,1.167,1.174,0.093,0.09,0.091,0.092,0.092,0.09,0.092,0.091,0.092,0.09,0.091,0.091,0.09
,6:39:16,34,0.093,0.091,0.09,0.09,0.092,0.091,0.091,0.091,0.09,0.09,0.09,0.091,0.092,0.111,0.188,0.129,0.183,0.16,0.123,0.149,0.11,0.119,0.132,0.091,0.092,0.169,0.188,0.161,0.158,0.161,0.162,0.159,0.154,0.082,0.129,0.091,0.094,0.174,0.18,0.167,0.203,0.198,0.204,0.153,0.108,0.156,0.175,0.091,0.091,0.883,1.08,0.733,1.127,1.141,0.941,1.105,0.942,1.169,1.2,0.092,0.091,1.139,1.147,1.11,1.115,1.177,1.116,1.198,1.151,0.094,1.04,0.092,0.096,1.102,1.105,1.09,0.915,1.165,1.024,0.928,1.163,1.177,1.187,0.092,0.09,0.09,0.092,0.092,0.09,0.091,0.091,0.092,0.09,0.091,0.091,0.09
,6:44:16,34,0.093,0.091,0.09,0.09,0.092,0.091,0.091,0.092,0.09,0.09,0.09,0.091,0.092,0.114,0.19,0.129,0.184,0.161,0.123,0.151,0.111,0.121,0.134,0.091,0.092,0.171,0.189,0.162,0.16,0.166,0.162,0.16,0.153,0.082,0.13,0.091,0.094,0.177,0.182,0.167,0.201,0.191,0.206,0.154,0.107,0.164,0.175,0.091,0.091,0.888,1.089,0.743,1.135,1.148,0.948,1.115,0.956,1.177,1.208,0.092,0.091,1.145,1.156,1.118,1.123,1.185,1.125,1.206,1.159,0.094,1.052,0.092,0.096,1.109,1.116,1.099,0.92,1.174,1.034,0.933,1.172,1.187,1.196,0.092,0.09,0.09,0.092,0.092,0.09,0.091,0.091,0.092,0.09,0.091,0.09,0.09
,6:49:16,34,0.093,0.091,0.09,0.09,0.092,0.091,0.091,0.092,0.09,0.09,0.09,0.091,0.092,0.114,0.19,0.13,0.185,0.162,0.124,0.152,0.112,0.121,0.136,0.091,0.092,0.173,0.191,0.164,0.161,0.168,0.165,0.162,0.156,0.082,0.131,0.092,0.094,0.178,0.184,0.168,0.201,0.195,0.209,0.156,0.109,0.166,0.177,0.091,0.091,0.893,1.097,0.754,1.144,1.156,0.957,1.123,0.969,1.182,1.217,0.092,0.091,1.151,1.165,1.127,1.132,1.193,1.134,1.215,1.166,0.094,1.064,0.092,0.096,1.116,1.126,1.109,0.926,1.182,1.042,0.936,1.18,1.198,1.204,0.092,0.09,0.09,0.092,0.092,0.09,0.092,0.091,0.092,0.09,0.091,0.09,0.09
,6:54:16,34,0.093,0.091,0.09,0.09,0.092,0.091,0.091,0.091,0.09,0.09,0.09,0.091,0.092,0.114,0.185,0.132,0.188,0.163,0.125,0.153,0.112,0.121,0.136,0.09,0.092,0.174,0.192,0.172,0.163,0.168,0.165,0.163,0.156,0.082,0.133,0.091,0.094,0.179,0.185,0.167,0.203,0.203,0.21,0.157,0.11,0.167,0.178,0.091,0.092,0.898,1.104,0.765,1.153,1.163,0.966,1.131,0.982,1.187,1.225,0.092,0.091,1.157,1.173,1.135,1.139,1.2,1.143,1.223,1.173,0.094,1.075,0.092,0.096,1.122,1.135,1.117,0.928,1.188,1.05,0.94,1.188,1.207,1.212,0.092,0.09,0.09,0.091,0.092,0.09,0.091,0.09,0.092,0.09,0.091,0.09,0.09
,6:59:16,34,0.093,0.091,0.09,0.091,0.092,0.091,0.091,0.092,0.09,0.09,0.09,0.091,0.092,0.114,0.187,0.134,0.19,0.165,0.127,0.154,0.114,0.124,0.138,0.091,0.092,0.174,0.194,0.181,0.163,0.167,0.167,0.164,0.158,0.082,0.134,0.092,0.094,0.18,0.187,0.172,0.206,0.197,0.212,0.159,0.112,0.163,0.18,0.091,0.091,0.905,1.111,0.775,1.162,1.17,0.975,1.141,0.994,1.194,1.232,0.092,0.091,1.163,1.181,1.142,1.147,1.207,1.151,1.231,1.181,0.094,1.086,0.093,0.096,1.13,1.144,1.125,0.933,1.196,1.06,0.943,1.195,1.215,1.218,0.092,0.09,0.091,0.092,0.092,0.09,0.092,0.091,0.092,0.09,0.091,0.091,0.09
,7:04:16,34,0.093,0.091,0.09,0.09,0.092,0.091,0.091,0.092,0.09,0.09,0.09,0.092,0.092,0.115,0.196,0.135,0.191,0.166,0.127,0.156,0.114,0.123,0.14,0.091,0.092,0.175,0.195,0.168,0.164,0.169,0.169,0.166,0.16,0.082,0.136,0.092,0.094,0.181,0.188,0.174,0.206,0.199,0.214,0.161,0.113,0.168,0.181,0.091,0.092,0.913,1.119,0.785,1.17,1.177,0.984,1.149,1.007,1.199,1.239,0.092,0.091,1.169,1.189,1.148,1.154,1.213,1.159,1.238,1.188,0.094,1.098,0.093,0.096,1.136,1.152,1.132,0.936,1.201,1.068,0.945,1.202,1.222,1.224,0.092,0.09,0.09,0.092,0.092,0.09,0.091,0.091,0.092,0.09,0.091,0.091,0.09
,7:09:16,34,0.093,0.091,0.09,0.091,0.092,0.091,0.091,0.092,0.09,0.09,0.09,0.091,0.092,0.117,0.189,0.134,0.192,0.167,0.128,0.157,0.115,0.125,0.142,0.091,0.092,0.175,0.197,0.169,0.166,0.172,0.17,0.167,0.166,0.082,0.136,0.091,0.094,0.183,0.19,0.175,0.207,0.202,0.216,0.162,0.113,0.171,0.182,0.091,0.091,0.919,1.125,0.795,1.178,1.185,0.992,1.157,1.019,1.205,1.246,0.092,0.091,1.174,1.197,1.154,1.161,1.22,1.168,1.245,1.194,0.094,1.109,0.093,0.096,1.143,1.16,1.139,0.939,1.208,1.076,0.948,1.21,1.229,1.229,0.092,0.09,0.09,0.092,0.092,0.09,0.092,0.091,0.092,0.09,0.091,0.091,0.09
,7:14:16,34,0.093,0.091,0.09,0.091,0.092,0.091,0.091,0.092,0.09,0.09,0.09,0.091,0.092,0.117,0.202,0.137,0.193,0.168,0.129,0.159,0.116,0.128,0.144,0.091,0.092,0.175,0.198,0.169,0.167,0.173,0.172,0.168,0.162,0.082,0.138,0.091,0.094,0.184,0.192,0.172,0.208,0.206,0.218,0.164,0.115,0.172,0.183,0.091,0.092,0.925,1.133,0.805,1.186,1.192,1.001,1.165,1.031,1.21,1.253,0.092,0.091,1.181,1.205,1.16,1.169,1.226,1.176,1.252,1.201,0.094,1.119,0.092,0.096,1.15,1.168,1.145,0.943,1.214,1.083,0.95,1.216,1.235,1.235,0.092,0.09,0.09,0.092,0.092,0.09,0.092,0.091,0.092,0.09,0.091,0.091,0.09
,7:19:16,34,0.093,0.091,0.089,0.09,0.091,0.091,0.091,0.091,0.09,0.09,0.09,0.091,0.092,0.118,0.191,0.138,0.194,0.169,0.132,0.159,0.117,0.128,0.144,0.09,0.092,0.174,0.199,0.171,0.168,0.172,0.173,0.169,0.162,0.082,0.139,0.091,0.094,0.185,0.194,0.177,0.209,0.208,0.22,0.165,0.116,0.174,0.184,0.091,0.091,0.932,1.138,0.814,1.192,1.197,1.01,1.173,1.043,1.214,1.259,0.092,0.091,1.186,1.212,1.165,1.175,1.231,1.183,1.257,1.207,0.094,1.129,0.092,0.096,1.155,1.174,1.151,0.946,1.219,1.09,0.952,1.222,1.24,1.24,0.092,0.09,0.09,0.091,0.091,0.09,0.091,0.09,0.092,0.09,0.091,0.09,0.09
,7:24:16,34,0.093,0.091,0.09,0.09,0.092,0.091,0.091,0.092,0.09,0.09,0.09,0.092,0.092,0.118,0.199,0.139,0.195,0.171,0.131,0.161,0.118,0.129,0.147,0.091,0.092,0.177,0.201,0.172,0.17,0.175,0.175,0.171,0.163,0.082,0.14,0.092,0.094,0.187,0.196,0.176,0.21,0.212,0.222,0.167,0.118,0.176,0.186,0.091,0.092,0.938,1.145,0.824,1.2,1.204,1.019,1.181,1.054,1.219,1.267,0.092,0.091,1.192,1.218,1.171,1.183,1.236,1.19,1.265,1.214,0.094,1.139,0.093,0.096,1.162,1.181,1.156,0.949,1.225,1.098,0.954,1.228,1.246,1.245,0.092,0.09,0.091,0.092,0.092,0.09,0.092,0.091,0.092,0.09,0.091,0.091,0.09
,7:29:16,34,0.093,0.091,0.09,0.09,0.092,0.091,0.091,0.092,0.09,0.09,0.09,0.091,0.092,0.119,0.201,0.142,0.196,0.172,0.132,0.163,0.118,0.131,0.149,0.091,0.092,0.177,0.202,0.174,0.171,0.175,0.177,0.172,0.17,0.082,0.141,0.091,0.094,0.188,0.197,0.179,0.212,0.214,0.224,0.169,0.118,0.177,0.187,0.091,0.092,0.942,1.15,0.834,1.207,1.211,1.028,1.188,1.065,1.224,1.273,0.092,0.091,1.197,1.223,1.176,1.19,1.242,1.197,1.271,1.22,0.094,1.148,0.093,0.096,1.168,1.188,1.162,0.951,1.23,1.105,0.956,1.235,1.251,1.25,0.092,0.09,0.091,0.092,0.092,0.09,0.092,0.091,0.092,0.09,0.091,0.091,0.09
,7:34:16,34,0.093,0.091,0.09,0.091,0.092,0.091,0.091,0.092,0.09,0.09,0.09,0.091,0.092,0.119,0.202,0.145,0.198,0.173,0.133,0.164,0.119,0.132,0.15,0.091,0.092,0.177,0.204,0.175,0.172,0.175,0.177,0.174,0.166,0.082,0.142,0.091,0.094,0.189,0.198,0.182,0.213,0.216,0.226,0.17,0.12,0.179,0.189,0.091,0.091,0.945,1.155,0.843,1.212,1.217,1.039,1.195,1.076,1.23,1.278,0.092,0.091,1.203,1.228,1.181,1.196,1.247,1.204,1.277,1.226,0.094,1.156,0.093,0.096,1.174,1.194,1.167,0.952,1.235,1.113,0.957,1.241,1.256,1.255,0.093,0.09,0.09,0.092,0.092,0.09,0.091,0.091,0.092,0.09,0.091,0.091,0.09
,7:39:16,34,0.093,0.091,0.09,0.091,0.092,0.091,0.091,0.092,0.09,0.09,0.09,0.091,0.092,0.12,0.197,0.146,0.199,0.175,0.137,0.166,0.12,0.133,0.151,0.091,0.092,0.178,0.205,0.176,0.175,0.176,0.179,0.175,0.171,0.082,0.144,0.091,0.094,0.19,0.2,0.184,0.214,0.219,0.229,0.172,0.122,0.178,0.19,0.091,0.092,0.95,1.159,0.853,1.218,1.222,1.048,1.203,1.086,1.234,1.283,0.092,0.091,1.207,1.232,1.186,1.202,1.251,1.209,1.282,1.232,0.094,1.164,0.093,0.096,1.18,1.199,1.172,0.954,1.24,1.118,0.957,1.247,1.261,1.26,0.092,0.09,0.09,0.092,0.092,0.09,0.091,0.091,0.092,0.09,0.091,0.091,0.09
,7:44:16,34,0.093,0.091,0.09,0.091,0.092,0.091,0.091,0.092,0.09,0.09,0.09,0.091,0.092,0.121,0.2,0.141,0.2,0.176,0.135,0.167,0.122,0.135,0.156,0.091,0.092,0.18,0.207,0.177,0.177,0.182,0.182,0.177,0.167,0.082,0.145,0.091,0.094,0.193,0.202,0.176,0.206,0.233,0.232,0.173,0.122,0.182,0.191,0.091,0.091,0.954,1.165,0.862,1.224,1.229,1.057,1.211,1.095,1.239,1.288,0.092,0.091,1.213,1.237,1.191,1.208,1.256,1.216,1.287,1.238,0.094,1.172,0.093,0.096,1.186,1.205,1.177,0.956,1.244,1.125,0.961,1.252,1.265,1.264,0.092,0.09,0.09,0.092,0.092,0.09,0.092,0.091,0.092,0.09,0.091,0.09,0.09
,7:49:15,34,0.093,0.091,0.09,0.091,0.092,0.091,0.091,0.092,0.09,0.09,0.09,0.091,0.092,0.121,0.205,0.147,0.202,0.177,0.136,0.169,0.122,0.136,0.155,0.09,0.092,0.18,0.208,0.178,0.176,0.179,0.184,0.178,0.17,0.082,0.146,0.092,0.094,0.193,0.204,0.183,0.208,0.226,0.233,0.173,0.124,0.183,0.192,0.091,0.091,0.957,1.169,0.871,1.229,1.233,1.066,1.217,1.105,1.244,1.292,0.092,0.091,1.218,1.24,1.196,1.214,1.261,1.222,1.292,1.243,0.094,1.179,0.093,0.096,1.191,1.211,1.183,0.958,1.248,1.131,0.962,1.257,1.27,1.269,0.092,0.09,0.09,0.092,0.092,0.09,0.091,0.091,0.092,0.09,0.091,0.091,0.09
,7:54:16,34,0.093,0.091,0.09,0.09,0.092,0.091,0.091,0.092,0.09,0.09,0.09,0.091,0.092,0.122,0.201,0.148,0.203,0.178,0.137,0.17,0.124,0.137,0.157,0.091,0.092,0.18,0.209,0.18,0.178,0.182,0.185,0.18,0.17,0.082,0.147,0.091,0.094,0.194,0.205,0.185,0.209,0.232,0.236,0.176,0.125,0.184,0.194,0.091,0.092,0.961,1.174,0.88,1.235,1.239,1.075,1.224,1.113,1.247,1.297,0.092,0.091,1.222,1.245,1.201,1.22,1.265,1.228,1.296,1.248,0.094,1.187,0.093,0.096,1.197,1.216,1.188,0.959,1.252,1.137,0.964,1.262,1.274,1.273,0.092,0.09,0.09,0.092,0.092,0.09,0.092,0.091,0.092,0.09,0.091,0.091,0.09
,7:59:16,34,0.093,0.091,0.09,0.09,0.092,0.091,0.091,0.092,0.09,0.09,0.09,0.091,0.092,0.123,0.203,0.149,0.204,0.18,0.138,0.171,0.127,0.139,0.159,0.091,0.092,0.181,0.211,0.182,0.18,0.182,0.187,0.182,0.172,0.082,0.149,0.092,0.094,0.196,0.207,0.183,0.21,0.237,0.238,0.177,0.127,0.186,0.195,0.091,0.092,0.964,1.178,0.89,1.24,1.244,1.083,1.229,1.122,1.25,1.3,0.092,0.091,1.227,1.248,1.206,1.226,1.269,1.234,1.3,1.252,0.094,1.194,0.093,0.096,1.202,1.221,1.194,0.959,1.257,1.143,0.966,1.267,1.277,1.276,0.092,0.09,0.091,0.092,0.092,0.09,0.092,0.091,0.092,0.09,0.091,0.091,0.09
,8:04:16,34,0.093,0.091,0.09,0.091,0.092,0.091,0.091,0.092,0.09,0.09,0.09,0.091,0.092,0.124,0.205,0.152,0.205,0.181,0.138,0.172,0.127,0.14,0.161,0.091,0.092,0.182,0.213,0.182,0.182,0.185,0.188,0.184,0.173,0.082,0.15,0.092,0.094,0.198,0.208,0.185,0.212,0.24,0.241,0.179,0.128,0.187,0.196,0.091,0.092,0.969,1.183,0.9,1.246,1.249,1.09,1.234,1.13,1.254,1.304,0.092,0.091,1.232,1.252,1.211,1.232,1.273,1.239,1.304,1.258,0.094,1.2,0.093,0.096,1.207,1.226,1.2,0.96,1.261,1.148,0.968,1.272,1.281,1.28,0.092,0.09,0.091,0.092,0.092,0.091,0.092,0.091,0.092,0.09,0.091,0.091,0.09
,8:09:16,34,0.093,0.091,0.09,0.091,0.092,0.091,0.091,0.092,0.09,0.09,0.09,0.092,0.092,0.125,0.206,0.152,0.206,0.183,0.14,0.174,0.128,0.141,0.165,0.091,0.092,0.184,0.214,0.184,0.181,0.186,0.189,0.185,0.174,0.082,0.152,0.092,0.095,0.2,0.21,0.186,0.213,0.245,0.243,0.181,0.13,0.189,0.197,0.091,0.092,0.971,1.186,0.91,1.252,1.254,1.098,1.239,1.137,1.257,1.308,0.092,0.091,1.237,1.256,1.216,1.237,1.278,1.244,1.308,1.262,0.095,1.207,0.093,0.096,1.212,1.232,1.206,0.962,1.267,1.154,0.969,1.276,1.285,1.284,0.092,0.09,0.091,0.092,0.092,0.091,0.092,0.091,0.092,0.09,0.091,0.091,0.09
,8:14:16,34,0.093,0.091,0.09,0.091,0.092,0.091,0.091,0.092,0.09,0.09,0.09,0.092,0.092,0.125,0.207,0.155,0.207,0.184,0.14,0.175,0.131,0.142,0.164,0.091,0.092,0.185,0.215,0.185,0.182,0.187,0.19,0.187,0.177,0.082,0.153,0.092,0.094,0.2,0.211,0.188,0.214,0.247,0.245,0.182,0.132,0.19,0.198,0.091,0.092,0.973,1.19,0.92,1.257,1.258,1.105,1.243,1.145,1.26,1.311,0.092,0.091,1.241,1.259,1.22,1.242,1.281,1.249,1.31,1.266,0.094,1.213,0.093,0.096,1.218,1.236,1.21,0.961,1.27,1.159,0.97,1.28,1.288,1.287,0.092,0.09,0.09,0.092,0.092,0.09,0.092,0.091,0.092,0.09,0.091,0.091,0.09
,8:19:16,34,0.093,0.091,0.09,0.09,0.092,0.091,0.091,0.092,0.09,0.09,0.09,0.091,0.092,0.125,0.207,0.156,0.208,0.185,0.141,0.176,0.131,0.144,0.167,0.091,0.092,0.186,0.217,0.186,0.184,0.189,0.192,0.189,0.177,0.082,0.154,0.092,0.094,0.202,0.213,0.19,0.215,0.249,0.247,0.184,0.133,0.191,0.199,0.091,0.092,0.976,1.194,0.929,1.261,1.262,1.112,1.247,1.151,1.264,1.315,0.092,0.091,1.246,1.262,1.224,1.246,1.284,1.253,1.314,1.27,0.094,1.218,0.093,0.096,1.222,1.24,1.215,0.962,1.274,1.164,0.972,1.284,1.291,1.29,0.092,0.09,0.091,0.092,0.092,0.09,0.092,0.091,0.092,0.09,0.091,0.091,0.09
,8:24:16,34,0.093,0.091,0.09,0.091,0.092,0.091,0.091,0.092,0.09,0.09,0.09,0.092,0.092,0.126,0.21,0.158,0.209,0.186,0.142,0.178,0.131,0.145,0.17,0.091,0.092,0.188,0.218,0.187,0.184,0.19,0.194,0.189,0.178,0.082,0.155,0.091,0.094,0.203,0.214,0.19,0.217,0.252,0.25,0.186,0.134,0.193,0.2,0.091,0.092,0.978,1.197,0.939,1.265,1.266,1.119,1.25,1.158,1.268,1.318,0.092,0.091,1.25,1.265,1.229,1.25,1.288,1.258,1.318,1.274,0.094,1.224,0.093,0.096,1.227,1.245,1.22,0.961,1.277,1.17,0.973,1.289,1.294,1.294,0.093,0.09,0.091,0.092,0.092,0.091,0.092,0.091,0.092,0.09,0.091,0.091,0.09
,8:29:16,34,0.093,0.091,0.09,0.09,0.092,0.091,0.091,0.091,0.09,0.09,0.09,0.091,0.092,0.126,0.209,0.161,0.21,0.188,0.142,0.179,0.132,0.146,0.169,0.091,0.092,0.188,0.22,0.189,0.185,0.187,0.195,0.191,0.18,0.082,0.156,0.091,0.094,0.204,0.215,0.197,0.218,0.248,0.251,0.187,0.136,0.194,0.201,0.091,0.092,0.978,1.2,0.949,1.268,1.27,1.127,1.253,1.164,1.271,1.321,0.092,0.091,1.254,1.268,1.233,1.252,1.291,1.262,1.321,1.278,0.094,1.229,0.093,0.096,1.232,1.249,1.225,0.961,1.28,1.173,0.974,1.292,1.297,1.296,0.092,0.09,0.09,0.092,0.092,0.09,0.092,0.091,0.092,0.09,0.091,0.091,0.09
,8:34:16,34,0.093,0.091,0.09,0.091,0.092,0.091,0.091,0.092,0.09,0.09,0.09,0.091,0.092,0.127,0.21,0.162,0.211,0.189,0.144,0.18,0.133,0.147,0.171,0.091,0.092,0.189,0.221,0.19,0.187,0.19,0.196,0.193,0.182,0.082,0.158,0.092,0.094,0.206,0.217,0.196,0.219,0.255,0.253,0.189,0.137,0.195,0.203,0.091,0.092,0.98,1.203,0.959,1.272,1.274,1.133,1.257,1.17,1.275,1.325,0.092,0.091,1.259,1.271,1.238,1.256,1.294,1.266,1.325,1.283,0.095,1.235,0.093,0.096,1.237,1.253,1.23,0.962,1.283,1.179,0.975,1.297,1.3,1.299,0.092,0.09,0.091,0.092,0.092,0.09,0.092,0.091,0.092,0.09,0.091,0.091,0.09
,8:39:16,34,0.093,0.091,0.09,0.09,0.092,0.091,0.091,0.092,0.09,0.09,0.09,0.092,0.092,0.128,0.211,0.163,0.212,0.19,0.145,0.181,0.135,0.149,0.174,0.091,0.092,0.19,0.222,0.192,0.188,0.191,0.198,0.195,0.184,0.082,0.159,0.091,0.094,0.207,0.219,0.197,0.22,0.256,0.255,0.19,0.139,0.197,0.204,0.091,0.092,0.982,1.207,0.969,1.275,1.277,1.139,1.26,1.176,1.278,1.327,0.092,0.091,1.263,1.274,1.242,1.259,1.297,1.272,1.328,1.286,0.095,1.24,0.093,0.096,1.242,1.258,1.234,0.961,1.285,1.182,0.974,1.3,1.302,1.301,0.092,0.09,0.091,0.092,0.092,0.09,0.092,0.091,0.092,0.09,0.091,0.091,0.09
,8:44:16,34,0.093,0.091,0.09,0.091,0.092,0.091,0.091,0.092,0.09,0.09,0.09,0.092,0.092,0.129,0.212,0.165,0.213,0.192,0.145,0.182,0.134,0.15,0.174,0.091,0.092,0.191,0.223,0.193,0.189,0.191,0.199,0.196,0.185,0.082,0.16,0.091,0.094,0.208,0.219,0.203,0.22,0.256,0.257,0.192,0.14,0.198,0.205,0.091,0.092,0.985,1.21,0.978,1.278,1.281,1.144,1.263,1.181,1.281,1.33,0.092,0.091,1.266,1.277,1.246,1.262,1.302,1.277,1.331,1.29,0.095,1.244,0.093,0.096,1.245,1.263,1.239,0.96,1.288,1.186,0.976,1.303,1.304,1.304,0.092,0.09,0.091,0.092,0.092,0.09,0.092,0.091,0.092,0.09,0.091,0.091,0.09
,8:49:16,34,0.093,0.091,0.09,0.091,0.092,0.091,0.091,0.092,0.09,0.09,0.09,0.091,0.092,0.13,0.212,0.166,0.213,0.193,0.146,0.183,0.137,0.151,0.178,0.091,0.092,0.192,0.225,0.194,0.19,0.193,0.2,0.197,0.191,0.082,0.161,0.091,0.094,0.21,0.221,0.198,0.222,0.263,0.259,0.193,0.142,0.199,0.206,0.091,0.091,0.988,1.212,0.987,1.282,1.284,1.147,1.265,1.186,1.283,1.333,0.092,0.091,1.27,1.279,1.25,1.265,1.305,1.281,1.333,1.294,0.094,1.249,0.093,0.096,1.249,1.267,1.243,0.961,1.29,1.19,0.978,1.306,1.307,1.307,0.092,0.09,0.09,0.092,0.092,0.09,0.092,0.091,0.092,0.09,0.091,0.091,0.09
,8:54:16,34,0.093,0.091,0.09,0.09,0.092,0.091,0.091,0.092,0.09,0.09,0.09,0.091,0.092,0.131,0.214,0.166,0.214,0.195,0.148,0.184,0.136,0.154,0.179,0.091,0.092,0.194,0.226,0.195,0.192,0.197,0.202,0.199,0.191,0.082,0.162,0.092,0.094,0.213,0.223,0.198,0.224,0.269,0.262,0.194,0.142,0.2,0.206,0.091,0.092,0.99,1.216,0.996,1.285,1.289,1.153,1.269,1.192,1.286,1.337,0.092,0.091,1.274,1.282,1.254,1.268,1.31,1.286,1.335,1.3,0.094,1.253,0.093,0.096,1.253,1.271,1.247,0.962,1.294,1.193,0.978,1.309,1.31,1.31,0.092,0.09,0.091,0.092,0.092,0.09,0.092,0.091,0.092,0.09,0.091,0.091,0.09
,8:59:16,34,0.093,0.091,0.09,0.091,0.092,0.091,0.091,0.092,0.09,0.09,0.09,0.091,0.092,0.131,0.218,0.167,0.215,0.195,0.149,0.185,0.136,0.154,0.182,0.091,0.092,0.195,0.227,0.197,0.192,0.194,0.203,0.202,0.194,0.082,0.164,0.091,0.094,0.213,0.225,0.207,0.225,0.262,0.264,0.196,0.145,0.201,0.208,0.091,0.092,0.992,1.218,1.006,1.287,1.292,1.157,1.271,1.197,1.29,1.34,0.092,0.091,1.278,1.285,1.257,1.27,1.313,1.29,1.338,1.302,0.095,1.257,0.093,0.096,1.256,1.275,1.252,0.961,1.296,1.196,0.977,1.311,1.312,1.313,0.092,0.09,0.091,0.092,0.092,0.09,0.092,0.091,0.092,0.09,0.091,0.091,0.09
,9:04:16,34,0.093,0.091,0.09,0.09,0.092,0.091,0.091,0.092,0.09,0.09,0.09,0.091,0.092,0.131,0.219,0.169,0.216,0.197,0.149,0.186,0.14,0.156,0.183,0.09,0.092,0.196,0.228,0.198,0.192,0.195,0.204,0.203,0.195,0.082,0.165,0.091,0.094,0.214,0.226,0.208,0.226,0.267,0.266,0.198,0.146,0.202,0.209,0.091,0.092,0.992,1.22,1.014,1.289,1.295,1.161,1.273,1.202,1.294,1.342,0.092,0.091,1.281,1.287,1.26,1.272,1.315,1.293,1.341,1.305,0.094,1.261,0.093,0.096,1.258,1.278,1.255,0.959,1.298,1.199,0.978,1.313,1.314,1.315,0.092,0.09,0.09,0.092,0.092,0.09,0.092,0.091,0.092,0.09,0.091,0.091,0.09
,9:09:16,34,0.093,0.091,0.09,0.091,0.092,0.091,0.091,0.092,0.09,0.09,0.09,0.091,0.092,0.132,0.217,0.17,0.216,0.198,0.15,0.187,0.142,0.158,0.184,0.09,0.092,0.196,0.23,0.199,0.189,0.197,0.206,0.204,0.196,0.082,0.166,0.091,0.094,0.217,0.228,0.2,0.229,0.269,0.268,0.199,0.147,0.203,0.21,0.091,0.092,0.994,1.222,1.023,1.292,1.299,1.164,1.276,1.207,1.297,1.345,0.092,0.091,1.284,1.289,1.264,1.275,1.319,1.296,1.344,1.309,0.094,1.264,0.092,0.096,1.262,1.282,1.259,0.96,1.301,1.201,0.979,1.316,1.317,1.318,0.092,0.09,0.09,0.092,0.092,0.09,0.092,0.091,0.092,0.09,0.091,0.091,0.09
,9:14:16,34,0.093,0.091,0.089,0.09,0.092,0.091,0.091,0.092,0.09,0.09,0.09,0.091,0.092,0.133,0.22,0.171,0.217,0.199,0.15,0.188,0.143,0.159,0.188,0.091,0.092,0.198,0.231,0.2,0.19,0.197,0.207,0.206,0.198,0.082,0.167,0.091,0.094,0.218,0.229,0.205,0.231,0.269,0.27,0.201,0.149,0.204,0.212,0.091,0.092,0.995,1.224,1.031,1.294,1.303,1.167,1.279,1.212,1.298,1.347,0.092,0.091,1.287,1.292,1.267,1.277,1.321,1.3,1.347,1.313,0.094,1.267,0.093,0.096,1.265,1.284,1.262,0.957,1.303,1.203,0.979,1.318,1.319,1.321,0.092,0.09,0.091,0.092,0.092,0.09,0.092,0.091,0.092,0.09,0.091,0.091,0.09
,9:19:16,34,0.093,0.091,0.09,0.09,0.092,0.091,0.091,0.092,0.09,0.09,0.09,0.091,0.092,0.133,0.219,0.173,0.219,0.201,0.152,0.189,0.143,0.161,0.189,0.091,0.092,0.198,0.231,0.202,0.191,0.198,0.208,0.208,0.199,0.082,0.168,0.091,0.094,0.22,0.233,0.208,0.232,0.272,0.271,0.203,0.15,0.205,0.212,0.091,0.092,0.996,1.226,1.04,1.297,1.307,1.171,1.281,1.216,1.3,1.35,0.093,0.092,1.29,1.294,1.271,1.28,1.324,1.304,1.35,1.317,0.094,1.27,0.093,0.096,1.268,1.288,1.266,0.956,1.307,1.207,0.98,1.321,1.323,1.324,0.092,0.09,0.091,0.092,0.092,0.09,0.092,0.091,0.093,0.09,0.091,0.091,0.09
,9:24:16,34,0.093,0.091,0.09,0.091,0.092,0.091,0.091,0.092,0.09,0.09,0.09,0.092,0.092,0.134,0.221,0.174,0.22,0.202,0.153,0.19,0.146,0.163,0.19,0.091,0.092,0.2,0.233,0.203,0.194,0.2,0.21,0.21,0.2,0.082,0.169,0.092,0.095,0.221,0.232,0.212,0.233,0.272,0.274,0.204,0.152,0.206,0.213,0.091,0.092,0.998,1.228,1.048,1.299,1.31,1.175,1.283,1.221,1.301,1.352,0.092,0.092,1.293,1.296,1.274,1.282,1.326,1.307,1.353,1.32,0.095,1.273,0.093,0.096,1.27,1.291,1.269,0.957,1.309,1.209,0.98,1.323,1.326,1.327,0.092,0.09,0.091,0.092,0.092,0.091,0.092,0.091,0.092,0.09,0.091,0.091,0.09
,9:29:16,34,0.093,0.091,0.09,0.091,0.092,0.091,0.091,0.092,0.09,0.09,0.09,0.092,0.092,0.135,0.222,0.175,0.22,0.203,0.153,0.191,0.145,0.164,0.19,0.091,0.092,0.2,0.234,0.204,0.194,0.201,0.211,0.212,0.201,0.082,0.17,0.091,0.094,0.223,0.234,0.206,0.234,0.277,0.275,0.206,0.152,0.207,0.214,0.091,0.092,0.998,1.23,1.056,1.302,1.314,1.178,1.286,1.225,1.303,1.354,0.093,0.091,1.296,1.299,1.277,1.284,1.329,1.31,1.354,1.325,0.095,1.276,0.093,0.096,1.274,1.294,1.273,0.955,1.312,1.212,0.979,1.325,1.328,1.33,0.092,0.09,0.091,0.092,0.092,0.091,0.092,0.091,0.092,0.09,0.091,0.091,0.09
,9:34:16,34,0.093,0.091,0.09,0.09,0.092,0.091,0.091,0.092,0.09,0.09,0.09,0.091,0.092,0.136,0.223,0.177,0.221,0.205,0.154,0.192,0.147,0.166,0.192,0.091,0.092,0.202,0.235,0.205,0.196,0.202,0.215,0.213,0.203,0.082,0.171,0.092,0.094,0.224,0.235,0.208,0.236,0.281,0.278,0.207,0.154,0.209,0.215,0.091,0.092,1.001,1.231,1.064,1.304,1.318,1.182,1.289,1.229,1.304,1.357,0.092,0.091,1.298,1.301,1.28,1.286,1.331,1.312,1.357,1.329,0.095,1.279,0.093,0.096,1.277,1.297,1.276,0.954,1.314,1.214,0.98,1.328,1.329,1.331,0.092,0.09,0.09,0.092,0.092,0.09,0.092,0.091,0.092,0.09,0.091,0.091,0.09
,9:39:16,34,0.093,0.091,0.09,0.09,0.092,0.091,0.091,0.092,0.09,0.09,0.09,0.091,0.092,0.136,0.224,0.178,0.222,0.206,0.156,0.193,0.148,0.167,0.194,0.091,0.092,0.203,0.235,0.206,0.198,0.203,0.214,0.215,0.204,0.082,0.173,0.091,0.094,0.225,0.237,0.212,0.236,0.278,0.28,0.209,0.155,0.209,0.216,0.091,0.092,1,1.233,1.072,1.306,1.321,1.186,1.292,1.233,1.304,1.361,0.093,0.091,1.301,1.304,1.283,1.288,1.333,1.314,1.358,1.331,0.095,1.281,0.093,0.096,1.279,1.299,1.279,0.954,1.315,1.216,0.979,1.331,1.332,1.333,0.092,0.09,0.091,0.092,0.092,0.09,0.092,0.091,0.092,0.09,0.091,0.091,0.09
,9:44:16,34,0.093,0.091,0.09,0.09,0.092,0.091,0.091,0.092,0.09,0.09,0.09,0.091,0.092,0.137,0.225,0.179,0.223,0.207,0.156,0.194,0.15,0.168,0.195,0.09,0.092,0.204,0.236,0.207,0.199,0.204,0.215,0.217,0.205,0.082,0.173,0.091,0.094,0.227,0.237,0.216,0.238,0.28,0.282,0.21,0.156,0.21,0.217,0.091,0.092,1.003,1.235,1.08,1.308,1.324,1.189,1.294,1.236,1.304,1.363,0.092,0.091,1.304,1.306,1.285,1.291,1.335,1.315,1.359,1.335,0.095,1.284,0.093,0.096,1.281,1.302,1.282,0.954,1.317,1.217,0.978,1.333,1.334,1.337,0.092,0.09,0.091,0.092,0.092,0.091,0.092,0.091,0.092,0.09,0.091,0.091,0.09
,9:49:16,34,0.093,0.091,0.09,0.09,0.092,0.091,0.091,0.092,0.09,0.09,0.09,0.091,0.092,0.138,0.226,0.181,0.223,0.208,0.157,0.195,0.15,0.169,0.197,0.09,0.092,0.204,0.237,0.207,0.202,0.205,0.216,0.219,0.206,0.082,0.175,0.091,0.094,0.228,0.238,0.215,0.238,0.282,0.284,0.212,0.158,0.212,0.218,0.091,0.092,1.003,1.236,1.088,1.31,1.328,1.192,1.298,1.242,1.304,1.364,0.092,0.091,1.306,1.308,1.288,1.293,1.337,1.317,1.36,1.336,0.095,1.285,0.093,0.096,1.284,1.305,1.284,0.953,1.32,1.219,0.978,1.335,1.337,1.34,0.092,0.09,0.091,0.092,0.092,0.09,0.092,0.091,0.092,0.09,0.091,0.091,0.09
,9:54:16,34,0.093,0.091,0.09,0.091,0.092,0.091,0.091,0.092,0.09,0.09,0.09,0.091,0.092,0.138,0.228,0.182,0.225,0.21,0.159,0.196,0.151,0.171,0.197,0.091,0.092,0.205,0.24,0.208,0.202,0.206,0.218,0.221,0.207,0.082,0.175,0.091,0.094,0.229,0.24,0.22,0.239,0.289,0.287,0.213,0.159,0.212,0.219,0.091,0.092,1.005,1.239,1.094,1.312,1.332,1.196,1.3,1.251,1.304,1.366,0.092,0.092,1.309,1.31,1.29,1.296,1.339,1.319,1.36,1.338,0.094,1.288,0.093,0.096,1.286,1.308,1.288,0.952,1.322,1.222,0.976,1.337,1.339,1.343,0.093,0.09,0.091,0.092,0.092,0.09,0.092,0.091,0.092,0.09,0.091,0.091,0.09
,9:59:16,34,0.093,0.091,0.09,0.091,0.092,0.091,0.091,0.092,0.09,0.09,0.09,0.091,0.092,0.139,0.228,0.183,0.223,0.211,0.159,0.197,0.151,0.174,0.198,0.091,0.092,0.208,0.24,0.208,0.207,0.207,0.218,0.222,0.209,0.082,0.176,0.092,0.094,0.23,0.245,0.213,0.241,0.295,0.288,0.215,0.16,0.214,0.22,0.091,0.092,1.008,1.242,1.101,1.315,1.336,1.2,1.303,1.257,1.305,1.368,0.093,0.092,1.313,1.312,1.294,1.299,1.342,1.322,1.361,1.339,0.095,1.292,0.093,0.096,1.29,1.311,1.293,0.953,1.326,1.224,0.977,1.341,1.341,1.346,0.093,0.09,0.091,0.092,0.092,0.091,0.092,0.091,0.093,0.09,0.091,0.091,0.09
,10:04:16,34,0.093,0.091,0.09,0.09,0.092,0.091,0.091,0.092,0.09,0.09,0.09,0.091,0.092,0.139,0.23,0.184,0.227,0.213,0.161,0.198,0.154,0.175,0.201,0.091,0.092,0.208,0.241,0.211,0.205,0.208,0.22,0.223,0.21,0.082,0.177,0.091,0.094,0.231,0.243,0.222,0.241,0.289,0.289,0.216,0.162,0.215,0.221,0.091,0.092,1.009,1.243,1.106,1.316,1.339,1.204,1.306,1.262,1.305,1.369,0.092,0.091,1.315,1.314,1.297,1.301,1.343,1.324,1.362,1.339,0.095,1.296,0.093,0.096,1.292,1.312,1.295,0.951,1.328,1.225,0.974,1.343,1.341,1.347,0.092,0.09,0.091,0.092,0.092,0.09,0.092,0.091,0.092,0.09,0.091,0.091,0.09
,10:09:16,34,0.093,0.091,0.09,0.091,0.092,0.091,0.091,0.092,0.09,0.09,0.09,0.091,0.092,0.14,0.23,0.186,0.226,0.214,0.162,0.199,0.154,0.175,0.202,0.091,0.092,0.209,0.244,0.21,0.208,0.209,0.221,0.225,0.211,0.082,0.179,0.091,0.094,0.233,0.244,0.222,0.243,0.29,0.291,0.217,0.163,0.216,0.222,0.091,0.092,1.01,1.244,1.113,1.318,1.341,1.206,1.309,1.268,1.304,1.369,0.093,0.091,1.319,1.315,1.299,1.302,1.344,1.326,1.362,1.339,0.095,1.301,0.093,0.097,1.295,1.314,1.298,0.95,1.33,1.227,0.976,1.346,1.342,1.348,0.093,0.09,0.091,0.092,0.092,0.091,0.092,0.092,0.093,0.09,0.091,0.091,0.09
,10:14:16,34,0.093,0.091,0.09,0.09,0.092,0.091,0.091,0.092,0.09,0.09,0.09,0.091,0.092,0.141,0.231,0.187,0.228,0.215,0.163,0.2,0.155,0.177,0.203,0.091,0.092,0.21,0.243,0.213,0.208,0.209,0.222,0.227,0.213,0.082,0.179,0.092,0.094,0.234,0.246,0.224,0.244,0.292,0.293,0.219,0.165,0.217,0.223,0.091,0.092,1.013,1.246,1.118,1.32,1.344,1.21,1.313,1.272,1.305,1.369,0.093,0.092,1.321,1.317,1.302,1.306,1.345,1.327,1.362,1.339,0.095,1.304,0.093,0.096,1.297,1.317,1.301,0.95,1.332,1.229,0.976,1.347,1.342,1.349,0.092,0.09,0.091,0.092,0.092,0.091,0.092,0.091,0.093,0.09,0.091,0.091,0.09
,10:19:16,34,0.093,0.091,0.09,0.09,0.092,0.091,0.091,0.092,0.09,0.09,0.09,0.091,0.092,0.142,0.232,0.188,0.229,0.216,0.164,0.2,0.157,0.177,0.204,0.091,0.092,0.211,0.244,0.212,0.21,0.21,0.224,0.229,0.214,0.082,0.18,0.091,0.094,0.235,0.247,0.225,0.244,0.293,0.294,0.22,0.165,0.218,0.224,0.091,0.092,1.014,1.247,1.123,1.321,1.345,1.211,1.315,1.276,1.304,1.369,0.092,0.091,1.323,1.319,1.304,1.309,1.346,1.327,1.363,1.339,0.094,1.306,0.093,0.096,1.299,1.318,1.304,0.948,1.333,1.23,0.974,1.347,1.341,1.349,0.092,0.09,0.091,0.092,0.092,0.09,0.092,0.091,0.092,0.09,0.091,0.091,0.09
,10:24:16,34,0.093,0.091,0.09,0.09,0.092,0.091,0.091,0.091,0.09,0.09,0.09,0.091,0.092,0.143,0.233,0.189,0.228,0.218,0.165,0.201,0.158,0.18,0.204,0.09,0.092,0.213,0.245,0.215,0.212,0.211,0.225,0.23,0.215,0.082,0.181,0.091,0.094,0.236,0.248,0.225,0.245,0.303,0.296,0.222,0.167,0.219,0.224,0.091,0.092,1.015,1.249,1.127,1.325,1.347,1.214,1.317,1.278,1.305,1.369,0.092,0.091,1.325,1.321,1.307,1.313,1.347,1.328,1.363,1.339,0.094,1.308,0.093,0.096,1.302,1.321,1.306,0.95,1.334,1.232,0.975,1.349,1.341,1.35,0.092,0.09,0.09,0.092,0.092,0.09,0.092,0.091,0.092,0.09,0.091,0.091,0.09
,10:29:16,34,0.093,0.091,0.09,0.091,0.092,0.091,0.091,0.092,0.09,0.09,0.09,0.091,0.092,0.144,0.234,0.191,0.23,0.219,0.166,0.202,0.159,0.181,0.206,0.091,0.092,0.214,0.246,0.216,0.214,0.212,0.226,0.231,0.217,0.082,0.182,0.092,0.094,0.238,0.251,0.226,0.246,0.305,0.299,0.223,0.168,0.22,0.225,0.091,0.092,1.017,1.25,1.133,1.327,1.348,1.217,1.318,1.281,1.305,1.369,0.093,0.092,1.326,1.324,1.31,1.315,1.347,1.328,1.364,1.339,0.095,1.309,0.093,0.096,1.304,1.322,1.309,0.949,1.336,1.233,0.973,1.349,1.341,1.351,0.092,0.09,0.091,0.092,0.092,0.091,0.092,0.091,0.093,0.09,0.092,0.091,0.09
,10:34:16,34,0.093,0.091,0.09,0.09,0.092,0.091,0.091,0.091,0.09,0.09,0.09,0.091,0.092,0.144,0.235,0.193,0.23,0.22,0.167,0.203,0.16,0.181,0.208,0.09,0.092,0.215,0.247,0.216,0.214,0.213,0.227,0.233,0.217,0.082,0.183,0.091,0.094,0.239,0.252,0.229,0.247,0.306,0.301,0.225,0.169,0.22,0.225,0.091,0.092,1.019,1.25,1.137,1.329,1.347,1.22,1.317,1.281,1.304,1.369,0.092,0.091,1.328,1.325,1.311,1.315,1.347,1.327,1.363,1.338,0.095,1.31,0.093,0.096,1.305,1.324,1.311,0.948,1.335,1.234,0.972,1.349,1.34,1.351,0.092,0.09,0.091,0.092,0.092,0.091,0.092,0.091,0.092,0.09,0.091,0.091,0.09
,10:39:16,34,0.093,0.091,0.09,0.09,0.092,0.091,0.091,0.092,0.09,0.09,0.09,0.091,0.092,0.145,0.236,0.194,0.229,0.221,0.168,0.204,0.161,0.182,0.208,0.091,0.092,0.218,0.248,0.218,0.217,0.214,0.228,0.235,0.219,0.082,0.184,0.091,0.094,0.241,0.252,0.224,0.248,0.309,0.302,0.226,0.171,0.222,0.226,0.091,0.092,1.022,1.252,1.142,1.331,1.348,1.223,1.318,1.283,1.304,1.369,0.092,0.092,1.33,1.327,1.315,1.315,1.348,1.327,1.363,1.337,0.095,1.31,0.093,0.096,1.308,1.327,1.314,0.948,1.337,1.237,0.971,1.35,1.339,1.351,0.092,0.09,0.091,0.092,0.092,0.091,0.092,0.091,0.093,0.09,0.091,0.091,0.09
,10:44:16,34,0.093,0.091,0.09,0.09,0.092,0.091,0.091,0.092,0.09,0.09,0.09,0.091,0.092,0.146,0.237,0.195,0.232,0.223,0.17,0.205,0.162,0.183,0.21,0.091,0.092,0.218,0.248,0.221,0.217,0.215,0.231,0.236,0.22,0.082,0.186,0.091,0.094,0.242,0.254,0.23,0.248,0.31,0.305,0.228,0.172,0.222,0.227,0.091,0.092,1.022,1.253,1.146,1.331,1.347,1.227,1.317,1.283,1.304,1.369,0.092,0.092,1.332,1.329,1.316,1.314,1.348,1.326,1.363,1.337,0.095,1.31,0.093,0.096,1.31,1.328,1.315,0.946,1.337,1.238,0.968,1.349,1.339,1.351,0.093,0.09,0.091,0.092,0.093,0.091,0.092,0.091,0.093,0.09,0.091,0.091,0.09
,10:49:16,34,0.093,0.091,0.09,0.091,0.092,0.091,0.091,0.092,0.09,0.09,0.09,0.092,0.092,0.148,0.238,0.195,0.232,0.224,0.171,0.206,0.163,0.185,0.21,0.091,0.092,0.221,0.25,0.221,0.22,0.216,0.231,0.237,0.221,0.082,0.186,0.092,0.094,0.243,0.255,0.226,0.249,0.312,0.306,0.229,0.173,0.223,0.227,0.091,0.092,1.024,1.254,1.15,1.333,1.347,1.23,1.317,1.283,1.304,1.369,0.093,0.092,1.333,1.329,1.318,1.314,1.348,1.326,1.363,1.337,0.095,1.31,0.093,0.096,1.313,1.33,1.318,0.945,1.338,1.24,0.966,1.349,1.339,1.351,0.092,0.09,0.091,0.092,0.092,0.091,0.092,0.091,0.093,0.09,0.091,0.091,0.09
,10:54:16,34,0.093,0.091,0.09,0.09,0.092,0.091,0.091,0.092,0.09,0.09,0.09,0.091,0.092,0.148,0.238,0.197,0.233,0.225,0.172,0.206,0.164,0.186,0.212,0.091,0.092,0.223,0.25,0.223,0.221,0.217,0.233,0.238,0.223,0.082,0.187,0.091,0.094,0.245,0.257,0.228,0.25,0.313,0.308,0.231,0.174,0.224,0.228,0.091,0.092,1.025,1.254,1.153,1.333,1.345,1.232,1.316,1.284,1.304,1.369,0.093,0.092,1.335,1.329,1.319,1.312,1.348,1.325,1.363,1.337,0.095,1.309,0.093,0.096,1.315,1.332,1.319,0.944,1.338,1.242,0.964,1.349,1.338,1.35,0.092,0.09,0.091,0.092,0.092,0.091,0.092,0.091,0.093,0.091,0.091,0.091,0.09
,10:59:16,34,0.093,0.091,0.09,0.091,0.092,0.091,0.091,0.092,0.09,0.09,0.09,0.091,0.092,0.149,0.239,0.197,0.236,0.226,0.172,0.207,0.163,0.187,0.212,0.091,0.092,0.225,0.252,0.224,0.223,0.218,0.234,0.24,0.224,0.082,0.188,0.092,0.095,0.247,0.258,0.23,0.251,0.315,0.308,0.232,0.175,0.225,0.229,0.091,0.092,1.027,1.255,1.157,1.332,1.345,1.234,1.315,1.284,1.304,1.368,0.092,0.092,1.337,1.329,1.321,1.311,1.347,1.324,1.363,1.336,0.095,1.309,0.093,0.096,1.317,1.332,1.321,0.942,1.338,1.244,0.962,1.347,1.337,1.349,0.093,0.09,0.091,0.092,0.092,0.091,0.092,0.091,0.093,0.09,0.091,0.091,0.09
,11:04:16,34,0.093,0.091,0.09,0.091,0.092,0.091,0.091,0.092,0.09,0.09,0.09,0.091,0.092,0.149,0.24,0.2,0.235,0.227,0.173,0.207,0.166,0.187,0.214,0.091,0.092,0.225,0.252,0.227,0.223,0.219,0.236,0.241,0.225,0.082,0.189,0.091,0.094,0.249,0.26,0.231,0.252,0.316,0.31,0.233,0.176,0.226,0.23,0.091,0.092,1.029,1.255,1.161,1.332,1.343,1.239,1.315,1.284,1.303,1.368,0.093,0.092,1.338,1.328,1.323,1.309,1.348,1.323,1.363,1.335,0.095,1.308,0.093,0.096,1.318,1.333,1.323,0.941,1.339,1.246,0.958,1.347,1.337,1.349,0.093,0.09,0.091,0.092,0.092,0.091,0.092,0.091,0.093,0.09,0.091,0.091,0.09
,11:09:16,34,0.093,0.091,0.09,0.09,0.092,0.091,0.091,0.092,0.09,0.09,0.09,0.092,0.092,0.15,0.241,0.202,0.235,0.229,0.175,0.208,0.168,0.188,0.215,0.091,0.092,0.228,0.253,0.228,0.225,0.22,0.237,0.242,0.226,0.082,0.19,0.092,0.095,0.25,0.262,0.232,0.252,0.317,0.312,0.235,0.178,0.227,0.231,0.091,0.092,1.031,1.256,1.165,1.331,1.343,1.244,1.314,1.284,1.303,1.367,0.093,0.092,1.339,1.328,1.327,1.308,1.347,1.322,1.363,1.335,0.095,1.308,0.093,0.096,1.321,1.335,1.326,0.939,1.339,1.248,0.956,1.346,1.336,1.348,0.093,0.09,0.091,0.092,0.093,0.091,0.092,0.091,0.093,0.09,0.091,0.091,0.09
,11:14:16,34,0.093,0.091,0.09,0.091,0.092,0.091,0.091,0.092,0.09,0.09,0.09,0.091,0.092,0.152,0.241,0.202,0.238,0.23,0.176,0.209,0.167,0.19,0.216,0.09,0.092,0.228,0.254,0.229,0.226,0.22,0.239,0.243,0.228,0.082,0.19,0.092,0.094,0.251,0.263,0.234,0.253,0.319,0.314,0.237,0.179,0.228,0.231,0.091,0.092,1.033,1.257,1.167,1.331,1.343,1.249,1.314,1.284,1.303,1.368,0.093,0.092,1.34,1.327,1.329,1.307,1.347,1.321,1.363,1.334,0.095,1.307,0.093,0.096,1.322,1.335,1.328,0.936,1.339,1.249,0.953,1.346,1.335,1.348,0.093,0.09,0.091,0.092,0.093,0.091,0.092,0.091,0.093,0.09,0.091,0.091,0.09
,11:19:16,34,0.093,0.091,0.09,0.091,0.092,0.091,0.091,0.092,0.09,0.09,0.09,0.091,0.092,0.151,0.242,0.202,0.239,0.231,0.177,0.21,0.171,0.19,0.217,0.091,0.092,0.23,0.255,0.23,0.228,0.221,0.239,0.245,0.228,0.082,0.192,0.091,0.094,0.253,0.264,0.236,0.254,0.321,0.315,0.238,0.18,0.228,0.232,0.091,0.092,1.035,1.257,1.171,1.33,1.341,1.254,1.313,1.284,1.302,1.367,0.093,0.092,1.341,1.327,1.331,1.305,1.346,1.32,1.362,1.333,0.095,1.306,0.093,0.096,1.324,1.336,1.33,0.933,1.339,1.25,0.952,1.345,1.334,1.347,0.092,0.09,0.091,0.092,0.093,0.091,0.092,0.091,0.093,0.09,0.091,0.091,0.09
,11:24:16,34,0.093,0.091,0.09,0.091,0.092,0.091,0.091,0.092,0.09,0.09,0.09,0.092,0.092,0.153,0.243,0.204,0.242,0.233,0.178,0.211,0.169,0.191,0.218,0.091,0.092,0.23,0.256,0.232,0.229,0.222,0.241,0.246,0.229,0.082,0.192,0.091,0.094,0.254,0.265,0.239,0.255,0.323,0.317,0.24,0.181,0.229,0.233,0.091,0.092,1.037,1.258,1.175,1.33,1.341,1.255,1.312,1.284,1.302,1.366,0.093,0.092,1.342,1.326,1.333,1.304,1.346,1.319,1.361,1.332,0.095,1.306,0.093,0.096,1.325,1.337,1.331,0.931,1.34,1.252,0.949,1.344,1.333,1.346,0.093,0.09,0.091,0.092,0.092,0.091,0.092,0.091,0.093,0.09,0.091,0.091,0.09
,11:29:16,34,0.093,0.091,0.09,0.09,0.092,0.091,0.091,0.092,0.09,0.09,0.09,0.091,0.092,0.154,0.244,0.206,0.242,0.234,0.179,0.211,0.169,0.192,0.218,0.091,0.092,0.231,0.257,0.234,0.23,0.223,0.242,0.247,0.231,0.082,0.193,0.091,0.094,0.255,0.266,0.24,0.255,0.324,0.318,0.242,0.182,0.23,0.233,0.091,0.092,1.039,1.259,1.177,1.329,1.34,1.255,1.312,1.283,1.303,1.366,0.093,0.092,1.342,1.325,1.334,1.303,1.346,1.318,1.361,1.331,0.095,1.305,0.093,0.096,1.326,1.337,1.332,0.93,1.34,1.254,0.946,1.344,1.332,1.345,0.092,0.09,0.091,0.092,0.092,0.091,0.092,0.091,0.092,0.09,0.091,0.091,0.09
,11:34:16,34,0.093,0.091,0.09,0.09,0.092,0.091,0.091,0.092,0.09,0.09,0.09,0.091,0.092,0.155,0.244,0.208,0.243,0.235,0.18,0.213,0.171,0.193,0.22,0.09,0.092,0.232,0.257,0.235,0.231,0.224,0.244,0.248,0.232,0.082,0.194,0.091,0.094,0.258,0.268,0.241,0.256,0.325,0.319,0.243,0.183,0.231,0.234,0.091,0.092,1.04,1.26,1.179,1.328,1.339,1.256,1.31,1.283,1.302,1.366,0.092,0.091,1.342,1.325,1.334,1.302,1.345,1.316,1.361,1.331,0.095,1.304,0.093,0.096,1.326,1.337,1.333,0.926,1.34,1.256,0.943,1.343,1.332,1.345,0.092,0.09,0.091,0.092,0.092,0.091,0.092,0.091,0.093,0.09,0.091,0.091,0.09
,11:39:16,34,0.093,0.091,0.09,0.09,0.091,0.091,0.091,0.092,0.09,0.09,0.09,0.091,0.092,0.156,0.245,0.21,0.244,0.236,0.181,0.212,0.171,0.194,0.221,0.091,0.092,0.233,0.258,0.236,0.233,0.224,0.245,0.249,0.233,0.082,0.194,0.091,0.094,0.258,0.269,0.242,0.256,0.327,0.321,0.244,0.184,0.231,0.234,0.091,0.092,1.042,1.26,1.183,1.327,1.338,1.256,1.31,1.282,1.303,1.365,0.092,0.092,1.342,1.323,1.334,1.3,1.344,1.315,1.36,1.329,0.095,1.303,0.093,0.096,1.327,1.337,1.333,0.923,1.34,1.257,0.941,1.342,1.331,1.344,0.092,0.09,0.091,0.092,0.092,0.09,0.092,0.091,0.093,0.09,0.091,0.091,0.09
,11:44:16,34,0.093,0.091,0.09,0.091,0.092,0.091,0.091,0.092,0.09,0.09,0.09,0.091,0.092,0.157,0.246,0.211,0.244,0.237,0.182,0.214,0.169,0.196,0.221,0.091,0.092,0.234,0.259,0.238,0.234,0.225,0.247,0.251,0.234,0.082,0.196,0.092,0.094,0.258,0.27,0.243,0.257,0.328,0.323,0.247,0.185,0.232,0.235,0.091,0.092,1.043,1.261,1.186,1.326,1.337,1.255,1.31,1.283,1.303,1.365,0.092,0.092,1.341,1.323,1.333,1.298,1.344,1.314,1.359,1.329,0.095,1.302,0.093,0.096,1.327,1.337,1.333,0.92,1.339,1.257,0.939,1.341,1.331,1.344,0.093,0.09,0.091,0.092,0.092,0.091,0.092,0.091,0.093,0.09,0.091,0.091,0.09
,11:49:16,34,0.093,0.091,0.09,0.09,0.092,0.091,0.091,0.092,0.09,0.09,0.09,0.091,0.092,0.158,0.246,0.215,0.246,0.238,0.183,0.214,0.174,0.196,0.222,0.091,0.092,0.235,0.26,0.239,0.235,0.226,0.248,0.252,0.235,0.082,0.197,0.091,0.094,0.264,0.272,0.245,0.258,0.329,0.325,0.248,0.186,0.233,0.235,0.091,0.092,1.045,1.262,1.188,1.326,1.337,1.254,1.309,1.282,1.303,1.365,0.093,0.092,1.341,1.322,1.332,1.298,1.343,1.314,1.359,1.328,0.095,1.302,0.093,0.096,1.327,1.337,1.334,0.919,1.339,1.258,0.935,1.341,1.33,1.342,0.092,0.09,0.091,0.092,0.093,0.091,0.092,0.091,0.093,0.09,0.091,0.091,0.09
,11:54:16,34,0.093,0.091,0.09,0.09,0.092,0.091,0.091,0.092,0.09,0.09,0.09,0.091,0.092,0.159,0.247,0.218,0.248,0.24,0.185,0.215,0.171,0.197,0.223,0.091,0.092,0.236,0.261,0.24,0.236,0.227,0.249,0.253,0.236,0.082,0.197,0.091,0.094,0.259,0.273,0.246,0.258,0.33,0.326,0.25,0.187,0.234,0.236,0.091,0.092,1.047,1.262,1.191,1.325,1.336,1.253,1.308,1.282,1.304,1.364,0.092,0.092,1.34,1.321,1.331,1.297,1.343,1.313,1.358,1.327,0.095,1.301,0.093,0.096,1.328,1.337,1.333,0.916,1.339,1.258,0.933,1.34,1.329,1.342,0.092,0.09,0.091,0.092,0.092,0.091,0.092,0.091,0.092,0.09,0.091,0.091,0.09
,11:59:16,34,0.093,0.091,0.09,0.09,0.092,0.091,0.091,0.092,0.09,0.09,0.09,0.091,0.092,0.16,0.248,0.22,0.249,0.241,0.186,0.215,0.171,0.198,0.224,0.091,0.092,0.237,0.262,0.241,0.238,0.228,0.25,0.255,0.237,0.082,0.198,0.091,0.094,0.261,0.274,0.247,0.259,0.331,0.326,0.252,0.188,0.234,0.237,0.091,0.092,1.047,1.262,1.199,1.324,1.335,1.252,1.307,1.281,1.305,1.363,0.092,0.092,1.339,1.32,1.33,1.295,1.342,1.311,1.358,1.326,0.095,1.299,0.093,0.096,1.328,1.337,1.332,0.913,1.339,1.257,0.931,1.339,1.329,1.341,0.092,0.09,0.091,0.092,0.092,0.091,0.092,0.091,0.093,0.09,0.091,0.091,0.09
,12:04:16,34,0.093,0.091,0.089,0.09,0.092,0.091,0.091,0.092,0.09,0.09,0.09,0.091,0.092,0.161,0.248,0.222,0.249,0.242,0.187,0.215,0.173,0.199,0.225,0.09,0.092,0.237,0.262,0.243,0.239,0.229,0.252,0.256,0.238,0.082,0.199,0.091,0.094,0.263,0.277,0.248,0.259,0.333,0.327,0.253,0.189,0.235,0.237,0.091,0.092,1.049,1.262,1.204,1.323,1.333,1.251,1.306,1.281,1.304,1.363,0.092,0.092,1.338,1.319,1.328,1.293,1.341,1.309,1.357,1.325,0.094,1.299,0.093,0.096,1.328,1.337,1.331,0.911,1.339,1.256,0.927,1.338,1.328,1.34,0.092,0.09,0.091,0.092,0.092,0.091,0.092,0.091,0.092,0.09,0.091,0.091,0.09
,12:09:16,34,0.093,0.091,0.089,0.09,0.092,0.091,0.091,0.092,0.09,0.09,0.09,0.091,0.092,0.162,0.249,0.223,0.25,0.243,0.188,0.217,0.172,0.2,0.226,0.09,0.092,0.238,0.264,0.244,0.24,0.229,0.253,0.257,0.24,0.082,0.201,0.091,0.094,0.268,0.278,0.249,0.26,0.334,0.329,0.255,0.189,0.236,0.238,0.091,0.092,1.05,1.261,1.21,1.323,1.333,1.25,1.306,1.28,1.304,1.363,0.092,0.092,1.337,1.319,1.327,1.292,1.341,1.309,1.356,1.324,0.095,1.299,0.093,0.096,1.329,1.336,1.331,0.908,1.339,1.256,0.925,1.337,1.328,1.339,0.092,0.09,0.091,0.092,0.092,0.091,0.092,0.091,0.093,0.09,0.091,0.091,0.09
,12:14:16,34,0.093,0.091,0.09,0.091,0.092,0.091,0.091,0.092,0.09,0.09,0.09,0.091,0.092,0.165,0.25,0.225,0.25,0.244,0.19,0.217,0.17,0.201,0.227,0.091,0.092,0.239,0.265,0.246,0.241,0.23,0.255,0.259,0.241,0.083,0.202,0.091,0.095,0.267,0.278,0.25,0.261,0.336,0.329,0.256,0.191,0.237,0.239,0.091,0.092,1.052,1.261,1.216,1.322,1.332,1.25,1.305,1.28,1.303,1.362,0.093,0.092,1.337,1.318,1.327,1.291,1.34,1.308,1.357,1.323,0.095,1.297,0.093,0.097,1.329,1.336,1.33,0.905,1.339,1.255,0.923,1.337,1.327,1.339,0.093,0.09,0.091,0.092,0.093,0.091,0.092,0.091,0.093,0.09,0.091,0.091,0.091
,12:19:16,34,0.093,0.091,0.09,0.09,0.092,0.091,0.091,0.092,0.09,0.09,0.09,0.091,0.092,0.164,0.25,0.229,0.251,0.245,0.19,0.217,0.171,0.202,0.229,0.091,0.092,0.24,0.265,0.247,0.242,0.232,0.256,0.26,0.242,0.082,0.201,0.091,0.094,0.267,0.279,0.251,0.261,0.337,0.331,0.258,0.191,0.237,0.239,0.091,0.092,1.052,1.26,1.22,1.321,1.331,1.249,1.305,1.28,1.302,1.361,0.093,0.091,1.336,1.317,1.325,1.29,1.34,1.307,1.355,1.322,0.095,1.296,0.093,0.096,1.329,1.336,1.329,0.903,1.339,1.254,0.92,1.335,1.326,1.337,0.092,0.09,0.091,0.092,0.093,0.091,0.092,0.091,0.093,0.09,0.091,0.091,0.09
,12:24:16,34,0.093,0.091,0.09,0.09,0.092,0.091,0.091,0.092,0.09,0.09,0.09,0.091,0.092,0.166,0.251,0.23,0.252,0.247,0.192,0.219,0.171,0.203,0.228,0.091,0.092,0.241,0.266,0.248,0.244,0.232,0.257,0.261,0.243,0.082,0.202,0.091,0.094,0.265,0.28,0.253,0.261,0.339,0.332,0.259,0.192,0.238,0.24,0.092,0.092,1.052,1.259,1.223,1.32,1.33,1.247,1.304,1.279,1.301,1.361,0.093,0.092,1.335,1.316,1.324,1.288,1.339,1.306,1.355,1.321,0.095,1.296,0.093,0.096,1.33,1.336,1.328,0.901,1.339,1.253,0.916,1.335,1.326,1.337,0.092,0.09,0.091,0.092,0.093,0.091,0.092,0.091,0.093,0.09,0.091,0.091,0.09
,12:29:16,34,0.093,0.091,0.09,0.091,0.092,0.091,0.091,0.092,0.09,0.09,0.09,0.091,0.092,0.166,0.251,0.233,0.253,0.247,0.192,0.219,0.172,0.203,0.227,0.09,0.092,0.241,0.266,0.249,0.245,0.232,0.259,0.263,0.244,0.082,0.203,0.092,0.094,0.266,0.282,0.253,0.262,0.34,0.333,0.261,0.193,0.239,0.24,0.091,0.092,1.053,1.258,1.226,1.319,1.329,1.247,1.304,1.279,1.3,1.361,0.093,0.092,1.334,1.315,1.323,1.288,1.338,1.305,1.354,1.321,0.095,1.295,0.093,0.096,1.33,1.336,1.327,0.898,1.339,1.253,0.915,1.334,1.325,1.337,0.092,0.09,0.091,0.092,0.093,0.091,0.092,0.091,0.093,0.09,0.091,0.091,0.09
,12:34:16,34.1,0.093,0.091,0.09,0.091,0.092,0.091,0.091,0.092,0.09,0.09,0.09,0.091,0.092,0.167,0.252,0.235,0.253,0.249,0.194,0.22,0.173,0.204,0.23,0.091,0.092,0.242,0.267,0.251,0.246,0.233,0.259,0.265,0.245,0.082,0.203,0.091,0.094,0.269,0.283,0.254,0.262,0.341,0.334,0.262,0.194,0.239,0.241,0.091,0.092,1.053,1.257,1.228,1.318,1.329,1.246,1.303,1.278,1.3,1.361,0.092,0.092,1.333,1.314,1.321,1.286,1.337,1.303,1.354,1.32,0.095,1.294,0.093,0.096,1.33,1.336,1.326,0.895,1.339,1.251,0.911,1.333,1.324,1.335,0.093,0.09,0.091,0.092,0.093,0.091,0.092,0.091,0.093,0.09,0.091,0.091,0.09
,12:39:16,34.1,0.093,0.091,0.09,0.09,0.091,0.091,0.091,0.092,0.09,0.09,0.09,0.091,0.092,0.17,0.253,0.236,0.254,0.249,0.195,0.22,0.174,0.205,0.231,0.091,0.092,0.243,0.269,0.252,0.246,0.234,0.261,0.266,0.246,0.082,0.204,0.091,0.094,0.268,0.284,0.255,0.263,0.342,0.335,0.264,0.195,0.24,0.241,0.091,0.092,1.052,1.256,1.229,1.317,1.326,1.246,1.301,1.278,1.298,1.359,0.092,0.092,1.332,1.313,1.32,1.284,1.336,1.302,1.352,1.318,0.094,1.293,0.093,0.096,1.329,1.335,1.325,0.892,1.337,1.25,0.907,1.333,1.323,1.334,0.092,0.09,0.091,0.092,0.092,0.091,0.092,0.091,0.093,0.09,0.091,0.091,0.09
,12:44:16,34,0.093,0.091,0.09,0.09,0.092,0.091,0.091,0.092,0.09,0.09,0.09,0.091,0.092,0.171,0.253,0.239,0.255,0.251,0.195,0.22,0.175,0.206,0.232,0.09,0.092,0.243,0.269,0.253,0.247,0.234,0.261,0.268,0.246,0.082,0.205,0.091,0.094,0.269,0.286,0.257,0.263,0.343,0.337,0.266,0.195,0.241,0.242,0.091,0.092,1.052,1.255,1.229,1.317,1.326,1.244,1.301,1.277,1.298,1.359,0.093,0.092,1.331,1.313,1.319,1.284,1.336,1.301,1.352,1.317,0.095,1.293,0.093,0.096,1.33,1.335,1.324,0.89,1.337,1.249,0.906,1.331,1.323,1.333,0.092,0.09,0.091,0.092,0.093,0.091,0.092,0.091,0.093,0.09,0.092,0.091,0.09
,12:49:16,34,0.093,0.091,0.09,0.091,0.092,0.091,0.091,0.092,0.09,0.09,0.09,0.091,0.092,0.173,0.254,0.241,0.255,0.252,0.196,0.221,0.177,0.207,0.231,0.091,0.092,0.244,0.269,0.255,0.248,0.236,0.263,0.269,0.248,0.082,0.206,0.092,0.094,0.27,0.286,0.257,0.264,0.344,0.339,0.267,0.196,0.242,0.243,0.091,0.092,1.051,1.254,1.23,1.316,1.325,1.243,1.301,1.277,1.298,1.359,0.093,0.092,1.331,1.312,1.318,1.282,1.335,1.299,1.352,1.316,0.095,1.292,0.093,0.096,1.33,1.334,1.323,0.886,1.337,1.248,0.903,1.331,1.322,1.333,0.093,0.09,0.091,0.092,0.093,0.091,0.092,0.091,0.092,0.09,0.091,0.091,0.09
,12:54:16,34,0.093,0.091,0.09,0.09,0.092,0.091,0.091,0.092,0.09,0.09,0.09,0.091,0.092,0.174,0.254,0.244,0.256,0.253,0.197,0.222,0.178,0.208,0.234,0.091,0.092,0.245,0.271,0.256,0.25,0.236,0.264,0.271,0.249,0.083,0.207,0.091,0.094,0.275,0.287,0.259,0.264,0.345,0.339,0.268,0.196,0.242,0.243,0.091,0.092,1.05,1.253,1.23,1.314,1.325,1.242,1.3,1.276,1.297,1.359,0.093,0.092,1.33,1.311,1.316,1.281,1.334,1.298,1.351,1.315,0.095,1.291,0.093,0.096,1.33,1.335,1.322,0.884,1.337,1.247,0.901,1.33,1.321,1.331,0.093,0.09,0.091,0.092,0.093,0.091,0.092,0.091,0.093,0.09,0.091,0.091,0.09
,12:59:16,34,0.093,0.091,0.09,0.09,0.092,0.091,0.091,0.092,0.09,0.09,0.09,0.091,0.092,0.175,0.255,0.246,0.257,0.253,0.198,0.222,0.179,0.209,0.232,0.09,0.092,0.245,0.272,0.258,0.25,0.237,0.265,0.273,0.25,0.082,0.208,0.091,0.094,0.272,0.289,0.26,0.265,0.346,0.34,0.27,0.197,0.243,0.244,0.091,0.092,1.05,1.251,1.229,1.313,1.323,1.241,1.299,1.276,1.296,1.358,0.093,0.092,1.329,1.31,1.315,1.279,1.333,1.296,1.35,1.314,0.095,1.29,0.093,0.096,1.329,1.333,1.321,0.881,1.336,1.246,0.897,1.329,1.321,1.331,0.093,0.09,0.091,0.092,0.093,0.091,0.092,0.091,0.093,0.09,0.091,0.091,0.09
,13:04:16,34,0.093,0.091,0.09,0.09,0.092,0.091,0.091,0.091,0.09,0.09,0.09,0.091,0.092,0.177,0.256,0.249,0.257,0.255,0.199,0.223,0.18,0.209,0.234,0.091,0.092,0.246,0.272,0.259,0.253,0.237,0.266,0.273,0.251,0.082,0.208,0.091,0.094,0.273,0.289,0.261,0.265,0.348,0.341,0.272,0.198,0.243,0.244,0.091,0.092,1.049,1.25,1.228,1.313,1.323,1.24,1.298,1.275,1.295,1.358,0.092,0.092,1.328,1.309,1.314,1.278,1.332,1.295,1.349,1.313,0.095,1.289,0.093,0.096,1.329,1.333,1.321,0.879,1.336,1.244,0.895,1.328,1.32,1.33,0.092,0.09,0.091,0.092,0.092,0.091,0.092,0.091,0.093,0.09,0.091,0.091,0.09
,13:09:16,34,0.093,0.091,0.09,0.09,0.092,0.091,0.091,0.092,0.09,0.09,0.09,0.091,0.092,0.178,0.256,0.251,0.258,0.255,0.2,0.223,0.181,0.211,0.235,0.09,0.092,0.246,0.273,0.26,0.252,0.238,0.268,0.275,0.252,0.082,0.209,0.091,0.094,0.274,0.291,0.261,0.265,0.349,0.341,0.273,0.199,0.244,0.245,0.091,0.092,1.048,1.248,1.227,1.312,1.321,1.239,1.297,1.274,1.295,1.357,0.092,0.091,1.327,1.308,1.312,1.276,1.331,1.295,1.349,1.312,0.095,1.288,0.093,0.096,1.329,1.333,1.319,0.876,1.335,1.244,0.891,1.327,1.319,1.329,0.092,0.09,0.091,0.092,0.092,0.091,0.092,0.091,0.093,0.09,0.091,0.091,0.09
,13:14:16,34,0.093,0.091,0.09,0.09,0.092,0.091,0.091,0.091,0.09,0.09,0.09,0.091,0.092,0.181,0.256,0.254,0.258,0.256,0.201,0.224,0.183,0.213,0.235,0.09,0.092,0.247,0.274,0.262,0.252,0.238,0.269,0.277,0.254,0.082,0.209,0.091,0.094,0.275,0.292,0.262,0.265,0.35,0.342,0.274,0.199,0.245,0.245,0.091,0.092,1.047,1.247,1.227,1.31,1.32,1.238,1.296,1.273,1.294,1.356,0.092,0.092,1.326,1.307,1.311,1.275,1.33,1.292,1.347,1.31,0.095,1.288,0.093,0.096,1.329,1.331,1.318,0.872,1.334,1.242,0.889,1.326,1.318,1.328,0.092,0.09,0.091,0.092,0.092,0.091,0.092,0.091,0.093,0.09,0.091,0.091,0.09
,13:19:16,34,0.093,0.091,0.09,0.09,0.092,0.091,0.091,0.092,0.09,0.09,0.09,0.091,0.092,0.182,0.257,0.257,0.259,0.257,0.202,0.224,0.186,0.212,0.237,0.091,0.092,0.248,0.274,0.264,0.254,0.239,0.27,0.277,0.255,0.082,0.21,0.091,0.094,0.276,0.292,0.263,0.266,0.351,0.344,0.276,0.2,0.245,0.246,0.091,0.092,1.046,1.246,1.226,1.31,1.32,1.237,1.296,1.273,1.293,1.356,0.093,0.092,1.326,1.306,1.31,1.274,1.329,1.292,1.347,1.309,0.095,1.287,0.093,0.096,1.329,1.333,1.317,0.871,1.334,1.242,0.887,1.325,1.317,1.328,0.093,0.09,0.091,0.092,0.092,0.091,0.092,0.091,0.093,0.09,0.091,0.091,0.09
,13:24:16,34,0.093,0.091,0.09,0.09,0.092,0.091,0.091,0.092,0.09,0.09,0.09,0.091,0.092,0.184,0.258,0.259,0.26,0.258,0.203,0.224,0.185,0.213,0.235,0.091,0.092,0.249,0.275,0.265,0.254,0.241,0.271,0.28,0.255,0.082,0.21,0.091,0.094,0.277,0.294,0.264,0.265,0.352,0.344,0.277,0.201,0.246,0.247,0.091,0.092,1.045,1.244,1.225,1.31,1.319,1.236,1.296,1.272,1.292,1.355,0.092,0.092,1.324,1.305,1.309,1.273,1.329,1.291,1.346,1.309,0.095,1.286,0.093,0.096,1.329,1.331,1.317,0.868,1.334,1.241,0.883,1.324,1.317,1.327,0.093,0.09,0.091,0.092,0.093,0.091,0.092,0.091,0.093,0.09,0.091,0.091,0.09
,13:29:16,34,0.093,0.091,0.09,0.09,0.092,0.091,0.091,0.092,0.09,0.09,0.09,0.091,0.092,0.186,0.258,0.262,0.26,0.259,0.204,0.225,0.186,0.214,0.238,0.091,0.092,0.249,0.276,0.266,0.255,0.239,0.273,0.281,0.256,0.082,0.211,0.091,0.094,0.278,0.294,0.265,0.266,0.353,0.345,0.278,0.201,0.247,0.247,0.091,0.092,1.045,1.243,1.224,1.309,1.318,1.235,1.296,1.272,1.292,1.356,0.093,0.092,1.324,1.304,1.308,1.271,1.328,1.29,1.345,1.308,0.095,1.286,0.093,0.096,1.328,1.331,1.316,0.866,1.333,1.24,0.88,1.324,1.316,1.326,0.093,0.09,0.091,0.092,0.093,0.091,0.092,0.091,0.093,0.09,0.091,0.091,0.09
,13:34:16,34,0.093,0.091,0.09,0.09,0.092,0.091,0.091,0.092,0.09,0.09,0.09,0.091,0.092,0.188,0.259,0.265,0.261,0.26,0.205,0.225,0.188,0.214,0.238,0.091,0.092,0.25,0.276,0.268,0.255,0.243,0.273,0.283,0.256,0.082,0.212,0.091,0.094,0.279,0.295,0.265,0.266,0.353,0.347,0.279,0.201,0.247,0.247,0.091,0.092,1.043,1.242,1.224,1.308,1.316,1.234,1.294,1.271,1.292,1.355,0.092,0.092,1.323,1.304,1.306,1.27,1.327,1.288,1.344,1.307,0.095,1.284,0.093,0.096,1.328,1.33,1.315,0.863,1.333,1.239,0.878,1.323,1.315,1.325,0.092,0.09,0.091,0.092,0.092,0.091,0.092,0.091,0.093,0.09,0.091,0.091,0.09
,13:39:16,34,0.093,0.091,0.09,0.09,0.092,0.091,0.091,0.092,0.09,0.09,0.09,0.091,0.092,0.189,0.259,0.268,0.262,0.261,0.206,0.226,0.189,0.216,0.237,0.09,0.092,0.251,0.276,0.269,0.256,0.242,0.274,0.285,0.257,0.082,0.213,0.091,0.094,0.279,0.297,0.266,0.267,0.355,0.347,0.281,0.202,0.248,0.248,0.091,0.092,1.043,1.24,1.222,1.306,1.315,1.233,1.294,1.271,1.29,1.355,0.093,0.092,1.322,1.302,1.305,1.269,1.326,1.287,1.344,1.306,0.094,1.283,0.093,0.096,1.328,1.33,1.313,0.86,1.332,1.238,0.875,1.322,1.315,1.325,0.092,0.09,0.091,0.092,0.093,0.091,0.092,0.091,0.093,0.09,0.091,0.091,0.09
,13:44:16,34,0.093,0.091,0.09,0.09,0.092,0.091,0.091,0.092,0.09,0.09,0.09,0.091,0.092,0.191,0.26,0.271,0.262,0.262,0.207,0.226,0.191,0.216,0.239,0.091,0.092,0.251,0.277,0.271,0.257,0.246,0.275,0.286,0.259,0.082,0.213,0.092,0.094,0.281,0.298,0.267,0.267,0.356,0.349,0.282,0.202,0.248,0.248,0.091,0.092,1.042,1.238,1.222,1.306,1.314,1.232,1.293,1.27,1.29,1.354,0.093,0.092,1.321,1.302,1.304,1.268,1.326,1.286,1.343,1.305,0.095,1.283,0.093,0.096,1.328,1.33,1.313,0.858,1.332,1.238,0.873,1.321,1.314,1.323,0.092,0.09,0.091,0.092,0.093,0.091,0.092,0.091,0.093,0.091,0.091,0.091,0.09
,13:49:16,34,0.093,0.091,0.09,0.091,0.092,0.091,0.091,0.092,0.09,0.09,0.09,0.091,0.092,0.193,0.26,0.274,0.263,0.262,0.208,0.226,0.19,0.216,0.24,0.09,0.092,0.252,0.278,0.271,0.257,0.243,0.276,0.288,0.259,0.082,0.214,0.091,0.094,0.282,0.298,0.268,0.267,0.356,0.35,0.283,0.202,0.249,0.249,0.091,0.092,1.04,1.237,1.221,1.305,1.313,1.231,1.292,1.27,1.289,1.354,0.093,0.092,1.32,1.301,1.303,1.266,1.325,1.285,1.342,1.303,0.095,1.282,0.093,0.096,1.327,1.329,1.311,0.854,1.332,1.236,0.87,1.32,1.313,1.323,0.093,0.09,0.091,0.092,0.093,0.091,0.092,0.091,0.093,0.09,0.091,0.091,0.09
,13:54:16,34.1,0.093,0.091,0.09,0.09,0.092,0.091,0.091,0.092,0.09,0.09,0.09,0.091,0.092,0.195,0.261,0.277,0.264,0.263,0.209,0.227,0.193,0.217,0.24,0.091,0.092,0.253,0.279,0.274,0.259,0.247,0.278,0.29,0.26,0.082,0.215,0.091,0.094,0.282,0.3,0.269,0.268,0.357,0.351,0.284,0.203,0.249,0.249,0.091,0.092,1.039,1.236,1.22,1.305,1.312,1.231,1.292,1.269,1.288,1.353,0.093,0.092,1.319,1.3,1.301,1.265,1.323,1.284,1.341,1.302,0.095,1.282,0.093,0.096,1.327,1.328,1.311,0.851,1.331,1.235,0.868,1.319,1.313,1.321,0.092,0.09,0.091,0.092,0.093,0.091,0.092,0.091,0.093,0.09,0.091,0.091,0.09
,13:59:16,34.1,0.093,0.091,0.089,0.09,0.092,0.091,0.091,0.092,0.09,0.09,0.09,0.091,0.092,0.196,0.261,0.28,0.265,0.264,0.21,0.227,0.194,0.217,0.242,0.09,0.092,0.253,0.279,0.274,0.259,0.245,0.278,0.291,0.261,0.082,0.215,0.091,0.094,0.283,0.3,0.269,0.268,0.358,0.351,0.285,0.203,0.25,0.249,0.091,0.092,1.039,1.234,1.218,1.304,1.312,1.229,1.291,1.268,1.287,1.353,0.092,0.092,1.318,1.299,1.3,1.264,1.323,1.282,1.34,1.301,0.094,1.281,0.093,0.096,1.327,1.328,1.31,0.849,1.33,1.234,0.865,1.319,1.312,1.321,0.092,0.09,0.091,0.092,0.093,0.091,0.092,0.091,0.093,0.09,0.091,0.091,0.09
,14:04:16,34.1,0.093,0.091,0.09,0.09,0.092,0.091,0.091,0.092,0.09,0.09,0.09,0.091,0.092,0.198,0.262,0.284,0.265,0.265,0.211,0.227,0.195,0.218,0.242,0.091,0.092,0.254,0.28,0.275,0.26,0.247,0.28,0.293,0.263,0.082,0.216,0.092,0.095,0.284,0.302,0.271,0.268,0.359,0.352,0.286,0.204,0.25,0.25,0.091,0.092,1.037,1.232,1.218,1.303,1.311,1.229,1.291,1.268,1.286,1.352,0.093,0.092,1.318,1.298,1.299,1.262,1.323,1.281,1.339,1.3,0.095,1.28,0.093,0.096,1.327,1.328,1.309,0.848,1.329,1.234,0.863,1.318,1.311,1.32,0.092,0.09,0.091,0.092,0.093,0.091,0.092,0.091,0.093,0.091,0.092,0.091,0.09
,14:09:16,34,0.093,0.091,0.09,0.09,0.092,0.091,0.091,0.092,0.09,0.09,0.09,0.091,0.092,0.199,0.262,0.287,0.266,0.266,0.212,0.227,0.196,0.218,0.242,0.09,0.092,0.254,0.28,0.277,0.261,0.247,0.281,0.297,0.263,0.082,0.216,0.092,0.094,0.285,0.303,0.271,0.268,0.36,0.353,0.287,0.205,0.251,0.251,0.091,0.092,1.036,1.231,1.217,1.302,1.309,1.227,1.29,1.266,1.285,1.352,0.092,0.092,1.317,1.297,1.298,1.261,1.322,1.28,1.339,1.299,0.095,1.28,0.093,0.096,1.326,1.328,1.308,0.845,1.329,1.233,0.86,1.317,1.31,1.319,0.092,0.09,0.091,0.092,0.093,0.091,0.092,0.091,0.093,0.09,0.091,0.091,0.09
,14:14:16,34,0.093,0.091,0.09,0.09,0.092,0.091,0.091,0.092,0.09,0.09,0.09,0.091,0.092,0.201,0.263,0.29,0.266,0.266,0.212,0.228,0.196,0.22,0.242,0.09,0.092,0.255,0.281,0.278,0.262,0.247,0.282,0.297,0.264,0.082,0.217,0.091,0.094,0.286,0.304,0.272,0.269,0.361,0.353,0.288,0.205,0.251,0.251,0.091,0.092,1.036,1.23,1.216,1.302,1.309,1.226,1.29,1.266,1.284,1.351,0.093,0.092,1.316,1.296,1.297,1.26,1.321,1.279,1.338,1.298,0.094,1.279,0.093,0.096,1.326,1.327,1.308,0.842,1.329,1.232,0.857,1.316,1.31,1.319,0.092,0.09,0.091,0.092,0.093,0.091,0.092,0.091,0.093,0.09,0.092,0.091,0.09
,14:19:16,34,0.093,0.091,0.09,0.09,0.091,0.091,0.091,0.092,0.09,0.09,0.09,0.091,0.092,0.203,0.263,0.293,0.267,0.267,0.213,0.228,0.197,0.22,0.244,0.09,0.092,0.255,0.281,0.279,0.263,0.248,0.283,0.299,0.265,0.082,0.217,0.092,0.094,0.287,0.305,0.272,0.269,0.361,0.354,0.289,0.205,0.252,0.251,0.091,0.092,1.034,1.228,1.215,1.301,1.308,1.225,1.289,1.265,1.283,1.351,0.093,0.092,1.316,1.295,1.296,1.259,1.32,1.278,1.337,1.297,0.095,1.278,0.093,0.096,1.326,1.326,1.306,0.839,1.329,1.231,0.856,1.315,1.309,1.317,0.092,0.09,0.091,0.092,0.092,0.091,0.092,0.091,0.093,0.09,0.091,0.091,0.09
,14:24:16,34,0.092,0.091,0.089,0.09,0.092,0.091,0.091,0.091,0.09,0.09,0.09,0.091,0.092,0.204,0.264,0.297,0.267,0.268,0.214,0.229,0.198,0.22,0.246,0.09,0.092,0.256,0.281,0.28,0.262,0.247,0.284,0.3,0.265,0.082,0.218,0.091,0.094,0.288,0.306,0.273,0.269,0.362,0.354,0.29,0.205,0.252,0.252,0.091,0.092,1.032,1.226,1.213,1.299,1.306,1.224,1.288,1.264,1.282,1.35,0.092,0.092,1.314,1.294,1.294,1.258,1.319,1.277,1.336,1.296,0.095,1.277,0.093,0.096,1.325,1.325,1.305,0.836,1.328,1.229,0.852,1.314,1.308,1.316,0.092,0.09,0.091,0.092,0.092,0.091,0.092,0.091,0.092,0.09,0.091,0.091,0.09
,14:29:16,34,0.093,0.091,0.09,0.09,0.092,0.091,0.091,0.092,0.09,0.09,0.09,0.091,0.092,0.207,0.264,0.3,0.268,0.269,0.215,0.229,0.199,0.221,0.246,0.091,0.092,0.257,0.282,0.282,0.264,0.25,0.286,0.303,0.266,0.083,0.218,0.091,0.094,0.288,0.307,0.274,0.27,0.363,0.355,0.291,0.206,0.253,0.252,0.091,0.092,1.031,1.225,1.213,1.299,1.306,1.223,1.288,1.264,1.281,1.35,0.092,0.092,1.313,1.294,1.293,1.256,1.318,1.276,1.336,1.295,0.095,1.277,0.093,0.096,1.325,1.325,1.304,0.835,1.327,1.229,0.85,1.313,1.308,1.316,0.092,0.09,0.091,0.092,0.093,0.091,0.092,0.091,0.093,0.09,0.091,0.091,0.09
,14:34:16,34,0.093,0.091,0.09,0.09,0.092,0.091,0.091,0.092,0.09,0.09,0.09,0.091,0.092,0.208,0.265,0.303,0.268,0.269,0.216,0.228,0.199,0.221,0.246,0.09,0.092,0.257,0.282,0.282,0.264,0.249,0.286,0.303,0.267,0.082,0.219,0.091,0.094,0.289,0.308,0.275,0.269,0.364,0.356,0.292,0.206,0.253,0.252,0.091,0.092,1.03,1.223,1.212,1.298,1.305,1.222,1.287,1.263,1.28,1.349,0.092,0.092,1.313,1.292,1.292,1.255,1.317,1.275,1.335,1.294,0.094,1.276,0.093,0.096,1.325,1.324,1.303,0.832,1.327,1.228,0.848,1.312,1.306,1.315,0.092,0.09,0.091,0.092,0.093,0.091,0.092,0.091,0.093,0.09,0.091,0.091,0.09
,14:39:16,34,0.093,0.091,0.09,0.09,0.092,0.091,0.091,0.092,0.09,0.09,0.09,0.091,0.092,0.21,0.266,0.307,0.269,0.27,0.218,0.227,0.201,0.222,0.246,0.09,0.092,0.258,0.282,0.284,0.265,0.25,0.288,0.306,0.268,0.082,0.22,0.092,0.095,0.29,0.309,0.275,0.27,0.365,0.357,0.293,0.207,0.254,0.253,0.091,0.092,1.029,1.222,1.21,1.298,1.304,1.221,1.287,1.263,1.279,1.349,0.092,0.092,1.312,1.292,1.291,1.254,1.317,1.273,1.334,1.293,0.095,1.276,0.093,0.097,1.324,1.323,1.302,0.83,1.326,1.227,0.846,1.312,1.306,1.314,0.093,0.09,0.091,0.092,0.093,0.091,0.092,0.091,0.093,0.09,0.092,0.091,0.09
,14:44:16,34.1,0.093,0.091,0.09,0.09,0.092,0.091,0.091,0.092,0.09,0.09,0.09,0.091,0.092,0.212,0.266,0.31,0.27,0.271,0.219,0.228,0.201,0.222,0.248,0.091,0.092,0.258,0.283,0.285,0.268,0.251,0.288,0.307,0.269,0.082,0.221,0.091,0.094,0.291,0.309,0.276,0.27,0.365,0.357,0.294,0.207,0.254,0.253,0.091,0.092,1.028,1.221,1.209,1.297,1.304,1.22,1.286,1.262,1.278,1.349,0.092,0.092,1.312,1.29,1.29,1.253,1.316,1.272,1.333,1.292,0.095,1.275,0.093,0.096,1.324,1.322,1.301,0.827,1.327,1.226,0.843,1.31,1.305,1.313,0.092,0.09,0.091,0.092,0.093,0.091,0.092,0.091,0.092,0.09,0.091,0.091,0.09
,14:49:16,34,0.093,0.091,0.09,0.09,0.092,0.091,0.091,0.092,0.09,0.09,0.09,0.091,0.092,0.214,0.266,0.314,0.27,0.272,0.219,0.228,0.202,0.223,0.249,0.09,0.092,0.259,0.283,0.286,0.266,0.25,0.289,0.31,0.27,0.082,0.221,0.091,0.094,0.292,0.31,0.277,0.27,0.366,0.358,0.295,0.207,0.255,0.253,0.091,0.092,1.026,1.218,1.208,1.296,1.302,1.22,1.285,1.261,1.277,1.348,0.093,0.092,1.31,1.29,1.288,1.252,1.315,1.271,1.332,1.291,0.095,1.274,0.093,0.096,1.323,1.321,1.299,0.825,1.327,1.225,0.841,1.31,1.305,1.313,0.092,0.09,0.091,0.092,0.093,0.091,0.092,0.091,0.092,0.09,0.091,0.091,0.09
,14:54:16,34,0.093,0.091,0.09,0.09,0.092,0.091,0.091,0.092,0.09,0.09,0.09,0.091,0.092,0.216,0.267,0.318,0.27,0.273,0.221,0.229,0.203,0.223,0.249,0.091,0.092,0.259,0.284,0.289,0.269,0.252,0.29,0.313,0.27,0.082,0.222,0.091,0.094,0.293,0.312,0.277,0.271,0.367,0.359,0.296,0.208,0.256,0.253,0.091,0.092,1.025,1.217,1.207,1.296,1.302,1.218,1.285,1.26,1.277,1.348,0.093,0.092,1.31,1.289,1.288,1.251,1.314,1.27,1.332,1.291,0.095,1.274,0.093,0.096,1.323,1.321,1.299,0.823,1.326,1.224,0.837,1.309,1.304,1.312,0.092,0.09,0.091,0.092,0.093,0.091,0.092,0.091,0.093,0.09,0.091,0.091,0.09
,14:59:16,34,0.093,0.091,0.09,0.09,0.092,0.091,0.091,0.092,0.09,0.09,0.09,0.091,0.092,0.218,0.267,0.321,0.271,0.273,0.221,0.23,0.203,0.223,0.249,0.091,0.092,0.26,0.284,0.289,0.268,0.253,0.291,0.315,0.271,0.082,0.223,0.091,0.094,0.293,0.313,0.278,0.271,0.367,0.36,0.297,0.208,0.256,0.254,0.091,0.092,1.023,1.216,1.206,1.295,1.3,1.218,1.285,1.26,1.276,1.347,0.092,0.092,1.309,1.288,1.286,1.25,1.313,1.269,1.331,1.289,0.095,1.273,0.093,0.096,1.323,1.32,1.298,0.821,1.326,1.223,0.836,1.308,1.303,1.311,0.092,0.09,0.091,0.092,0.093,0.091,0.092,0.091,0.093,0.09,0.091,0.091,0.09
,15:04:16,34,0.093,0.091,0.09,0.09,0.092,0.091,0.091,0.092,0.09,0.09,0.09,0.091,0.092,0.22,0.268,0.325,0.272,0.274,0.222,0.23,0.204,0.225,0.25,0.09,0.092,0.26,0.284,0.29,0.269,0.253,0.292,0.316,0.272,0.082,0.224,0.091,0.094,0.294,0.314,0.279,0.271,0.368,0.361,0.298,0.208,0.256,0.254,0.091,0.092,1.023,1.214,1.206,1.294,1.3,1.216,1.284,1.259,1.275,1.347,0.092,0.092,1.308,1.287,1.285,1.248,1.312,1.268,1.33,1.288,0.095,1.272,0.093,0.096,1.322,1.319,1.296,0.817,1.325,1.223,0.832,1.308,1.302,1.31,0.093,0.09,0.091,0.092,0.093,0.091,0.092,0.091,0.093,0.09,0.091,0.091,0.09
,15:09:16,34,0.093,0.091,0.09,0.09,0.092,0.091,0.091,0.092,0.09,0.09,0.09,0.091,0.092,0.222,0.268,0.329,0.272,0.275,0.223,0.23,0.205,0.225,0.251,0.091,0.092,0.261,0.284,0.291,0.27,0.253,0.293,0.318,0.272,0.082,0.224,0.091,0.094,0.295,0.315,0.28,0.271,0.368,0.361,0.299,0.209,0.257,0.254,0.091,0.092,1.021,1.212,1.204,1.293,1.299,1.216,1.284,1.258,1.274,1.347,0.093,0.092,1.307,1.286,1.284,1.247,1.311,1.266,1.329,1.287,0.094,1.271,0.093,0.096,1.322,1.319,1.295,0.815,1.324,1.222,0.831,1.306,1.302,1.31,0.092,0.09,0.091,0.092,0.093,0.091,0.092,0.091,0.093,0.09,0.091,0.091,0.09
,15:14:16,34,0.092,0.091,0.089,0.09,0.091,0.091,0.091,0.092,0.09,0.09,0.09,0.091,0.092,0.224,0.268,0.333,0.272,0.275,0.224,0.23,0.206,0.225,0.251,0.09,0.092,0.262,0.285,0.292,0.271,0.254,0.294,0.319,0.273,0.082,0.223,0.091,0.094,0.296,0.315,0.28,0.271,0.369,0.362,0.3,0.209,0.257,0.254,0.091,0.092,1.02,1.21,1.203,1.293,1.298,1.214,1.283,1.257,1.273,1.346,0.092,0.092,1.306,1.285,1.283,1.246,1.31,1.266,1.328,1.286,0.094,1.27,0.093,0.096,1.321,1.318,1.294,0.813,1.323,1.22,0.828,1.305,1.301,1.308,0.092,0.09,0.091,0.092,0.092,0.091,0.092,0.091,0.092,0.09,0.091,0.091,0.09
,15:19:16,34,0.093,0.091,0.09,0.09,0.092,0.091,0.091,0.092,0.09,0.09,0.09,0.091,0.092,0.227,0.269,0.336,0.273,0.276,0.225,0.229,0.206,0.226,0.253,0.091,0.092,0.262,0.286,0.293,0.271,0.255,0.296,0.322,0.274,0.082,0.224,0.091,0.094,0.297,0.316,0.281,0.272,0.37,0.363,0.301,0.209,0.258,0.255,0.091,0.092,1.019,1.209,1.202,1.292,1.296,1.214,1.282,1.257,1.272,1.346,0.093,0.092,1.305,1.284,1.282,1.244,1.31,1.264,1.327,1.285,0.095,1.27,0.093,0.096,1.32,1.318,1.292,0.81,1.323,1.219,0.825,1.304,1.3,1.308,0.092,0.09,0.091,0.092,0.093,0.091,0.092,0.091,0.093,0.09,0.091,0.091,0.09
,15:24:16,34,0.093,0.091,0.09,0.09,0.092,0.091,0.091,0.092,0.09,0.09,0.09,0.091,0.092,0.228,0.27,0.34,0.273,0.277,0.226,0.231,0.207,0.226,0.253,0.091,0.092,0.263,0.285,0.294,0.273,0.255,0.297,0.323,0.275,0.082,0.225,0.091,0.095,0.298,0.317,0.281,0.272,0.371,0.363,0.301,0.209,0.258,0.255,0.091,0.092,1.017,1.208,1.201,1.291,1.296,1.213,1.282,1.256,1.271,1.347,0.092,0.092,1.305,1.284,1.282,1.243,1.309,1.263,1.327,1.284,0.095,1.269,0.093,0.096,1.32,1.318,1.292,0.807,1.322,1.219,0.823,1.304,1.3,1.307,0.093,0.09,0.091,0.092,0.093,0.091,0.092,0.091,0.093,0.09,0.091,0.091,0.09
,15:29:16,34,0.093,0.091,0.09,0.09,0.092,0.091,0.091,0.092,0.09,0.09,0.09,0.091,0.092,0.231,0.27,0.344,0.274,0.278,0.228,0.231,0.208,0.227,0.254,0.091,0.092,0.263,0.286,0.295,0.273,0.255,0.298,0.325,0.275,0.082,0.225,0.091,0.095,0.299,0.318,0.282,0.272,0.372,0.363,0.302,0.21,0.259,0.255,0.091,0.092,1.016,1.206,1.2,1.29,1.294,1.212,1.282,1.255,1.27,1.347,0.092,0.092,1.304,1.283,1.28,1.242,1.307,1.262,1.326,1.283,0.095,1.268,0.093,0.096,1.319,1.318,1.29,0.805,1.321,1.218,0.819,1.302,1.299,1.306,0.093,0.09,0.091,0.092,0.093,0.091,0.092,0.091,0.093,0.09,0.091,0.091,0.09
,15:34:16,34,0.093,0.091,0.09,0.09,0.092,0.091,0.091,0.092,0.09,0.09,0.09,0.091,0.092,0.233,0.27,0.348,0.274,0.278,0.229,0.231,0.209,0.227,0.254,0.09,0.092,0.264,0.287,0.296,0.273,0.256,0.299,0.327,0.276,0.082,0.225,0.091,0.095,0.302,0.32,0.282,0.272,0.372,0.363,0.303,0.21,0.259,0.255,0.091,0.092,1.015,1.204,1.199,1.29,1.294,1.211,1.281,1.254,1.269,1.347,0.092,0.092,1.303,1.282,1.279,1.242,1.307,1.261,1.325,1.282,0.095,1.268,0.093,0.096,1.319,1.317,1.289,0.801,1.321,1.217,0.817,1.302,1.298,1.306,0.093,0.09,0.091,0.092,0.093,0.091,0.092,0.091,0.093,0.09,0.091,0.091,0.09
,15:39:16,34,0.092,0.091,0.089,0.09,0.091,0.091,0.09,0.092,0.09,0.09,0.09,0.091,0.092,0.235,0.271,0.352,0.275,0.279,0.231,0.23,0.209,0.227,0.254,0.09,0.092,0.264,0.287,0.297,0.273,0.256,0.3,0.329,0.277,0.082,0.226,0.091,0.094,0.301,0.32,0.283,0.272,0.372,0.365,0.303,0.21,0.259,0.255,0.091,0.092,1.014,1.203,1.198,1.289,1.293,1.209,1.28,1.254,1.269,1.346,0.092,0.092,1.302,1.281,1.278,1.24,1.305,1.259,1.324,1.281,0.094,1.267,0.093,0.096,1.318,1.316,1.287,0.8,1.319,1.216,0.815,1.3,1.297,1.304,0.092,0.09,0.091,0.092,0.092,0.091,0.092,0.091,0.092,0.09,0.091,0.091,0.09
,15:44:16,34,0.093,0.091,0.09,0.09,0.092,0.091,0.091,0.092,0.09,0.09,0.09,0.091,0.092,0.237,0.271,0.356,0.275,0.28,0.234,0.23,0.211,0.227,0.255,0.09,0.092,0.265,0.288,0.298,0.274,0.257,0.3,0.332,0.278,0.082,0.227,0.091,0.094,0.302,0.321,0.284,0.273,0.373,0.365,0.305,0.21,0.26,0.256,0.091,0.092,1.013,1.201,1.196,1.288,1.292,1.209,1.28,1.253,1.268,1.346,0.092,0.092,1.301,1.28,1.277,1.239,1.305,1.259,1.324,1.28,0.095,1.266,0.093,0.097,1.318,1.315,1.287,0.796,1.32,1.215,0.813,1.3,1.297,1.304,0.093,0.09,0.091,0.092,0.093,0.091,0.092,0.091,0.093,0.09,0.091,0.091,0.09
,15:49:16,34,0.093,0.091,0.089,0.09,0.092,0.091,0.091,0.092,0.09,0.09,0.09,0.091,0.092,0.239,0.271,0.36,0.276,0.28,0.235,0.23,0.211,0.229,0.256,0.09,0.092,0.265,0.288,0.299,0.274,0.257,0.301,0.335,0.279,0.082,0.227,0.091,0.094,0.303,0.321,0.284,0.273,0.374,0.366,0.306,0.211,0.26,0.256,0.091,0.092,1.012,1.2,1.195,1.287,1.291,1.208,1.28,1.252,1.268,1.346,0.092,0.092,1.3,1.28,1.276,1.238,1.304,1.258,1.323,1.279,0.094,1.265,0.093,0.096,1.318,1.315,1.286,0.794,1.319,1.214,0.811,1.299,1.297,1.303,0.093,0.09,0.091,0.092,0.093,0.091,0.092,0.091,0.093,0.09,0.091,0.091,0.09
,15:54:16,34,0.093,0.091,0.089,0.09,0.091,0.091,0.091,0.092,0.09,0.09,0.09,0.091,0.092,0.242,0.272,0.363,0.276,0.281,0.237,0.231,0.212,0.229,0.256,0.09,0.092,0.266,0.288,0.301,0.275,0.257,0.302,0.336,0.279,0.082,0.228,0.091,0.094,0.303,0.322,0.285,0.273,0.374,0.366,0.307,0.211,0.261,0.256,0.091,0.092,1.01,1.198,1.194,1.287,1.29,1.207,1.279,1.251,1.267,1.345,0.092,0.092,1.3,1.279,1.275,1.237,1.303,1.257,1.322,1.278,0.094,1.265,0.093,0.096,1.317,1.315,1.284,0.791,1.318,1.214,0.808,1.298,1.295,1.302,0.092,0.09,0.091,0.092,0.092,0.091,0.092,0.091,0.092,0.09,0.091,0.091,0.09
,15:59:16,34,0.093,0.091,0.09,0.09,0.092,0.091,0.091,0.092,0.09,0.09,0.09,0.091,0.092,0.244,0.273,0.368,0.276,0.282,0.238,0.231,0.213,0.229,0.256,0.09,0.092,0.266,0.289,0.302,0.276,0.258,0.303,0.339,0.279,0.083,0.228,0.091,0.095,0.305,0.323,0.286,0.273,0.375,0.366,0.307,0.212,0.261,0.257,0.091,0.092,1.009,1.197,1.193,1.286,1.29,1.206,1.278,1.25,1.266,1.345,0.092,0.092,1.299,1.278,1.274,1.236,1.302,1.256,1.321,1.277,0.095,1.264,0.093,0.097,1.317,1.314,1.284,0.789,1.317,1.213,0.805,1.297,1.295,1.302,0.092,0.09,0.091,0.092,0.093,0.091,0.092,0.091,0.093,0.091,0.091,0.091,0.09
,16:04:16,34,0.092,0.091,0.09,0.09,0.092,0.091,0.091,0.092,0.09,0.09,0.09,0.091,0.092,0.247,0.273,0.371,0.277,0.282,0.238,0.232,0.214,0.229,0.258,0.09,0.092,0.267,0.289,0.304,0.276,0.257,0.304,0.341,0.28,0.082,0.229,0.091,0.094,0.305,0.324,0.286,0.273,0.376,0.367,0.308,0.212,0.261,0.256,0.091,0.092,1.007,1.194,1.192,1.285,1.288,1.206,1.278,1.25,1.266,1.344,0.092,0.092,1.298,1.277,1.273,1.235,1.301,1.256,1.321,1.276,0.094,1.263,0.093,0.096,1.316,1.313,1.282,0.786,1.317,1.212,0.803,1.296,1.294,1.301,0.092,0.09,0.091,0.092,0.093,0.091,0.092,0.091,0.092,0.09,0.091,0.091,0.09
,16:09:16,34,0.093,0.091,0.09,0.09,0.092,0.091,0.091,0.092,0.09,0.09,0.09,0.091,0.092,0.249,0.273,0.376,0.277,0.283,0.238,0.232,0.214,0.23,0.258,0.09,0.092,0.267,0.289,0.304,0.276,0.258,0.305,0.343,0.281,0.082,0.23,0.091,0.095,0.306,0.325,0.287,0.273,0.376,0.368,0.308,0.212,0.261,0.257,0.091,0.092,1.006,1.193,1.192,1.284,1.287,1.205,1.277,1.249,1.264,1.344,0.092,0.092,1.297,1.277,1.272,1.234,1.3,1.254,1.319,1.275,0.095,1.262,0.093,0.096,1.315,1.312,1.281,0.784,1.316,1.211,0.8,1.295,1.294,1.3,0.092,0.09,0.091,0.092,0.092,0.091,0.092,0.091,0.093,0.09,0.091,0.091,0.09
,16:14:16,34,0.093,0.091,0.09,0.091,0.092,0.091,0.091,0.092,0.09,0.09,0.09,0.091,0.092,0.252,0.274,0.379,0.278,0.284,0.238,0.23,0.216,0.231,0.259,0.091,0.092,0.267,0.29,0.306,0.277,0.259,0.306,0.345,0.282,0.082,0.231,0.091,0.095,0.308,0.326,0.288,0.274,0.377,0.368,0.309,0.213,0.262,0.257,0.091,0.092,1.004,1.192,1.191,1.284,1.287,1.203,1.276,1.248,1.264,1.343,0.093,0.092,1.296,1.276,1.272,1.233,1.3,1.254,1.319,1.274,0.095,1.262,0.093,0.097,1.315,1.311,1.28,0.781,1.315,1.21,0.799,1.294,1.293,1.299,0.092,0.09,0.091,0.092,0.093,0.091,0.092,0.091,0.093,0.09,0.091,0.091,0.09
,16:19:16,34,0.093,0.091,0.09,0.09,0.092,0.091,0.091,0.092,0.09,0.09,0.09,0.091,0.092,0.254,0.274,0.384,0.278,0.284,0.238,0.232,0.216,0.231,0.259,0.09,0.092,0.268,0.289,0.306,0.278,0.259,0.307,0.348,0.282,0.082,0.23,0.091,0.094,0.308,0.327,0.288,0.273,0.377,0.368,0.31,0.213,0.262,0.257,0.091,0.092,1.003,1.19,1.189,1.283,1.286,1.203,1.276,1.247,1.262,1.343,0.093,0.092,1.296,1.275,1.27,1.232,1.3,1.254,1.318,1.273,0.094,1.261,0.093,0.096,1.314,1.311,1.279,0.779,1.314,1.21,0.796,1.294,1.292,1.299,0.092,0.09,0.091,0.092,0.092,0.091,0.092,0.091,0.093,0.091,0.091,0.091,0.09
,16:24:16,34,0.093,0.091,0.09,0.09,0.092,0.091,0.091,0.092,0.09,0.09,0.09,0.091,0.092,0.257,0.274,0.388,0.279,0.285,0.237,0.233,0.217,0.231,0.259,0.09,0.092,0.269,0.289,0.308,0.278,0.259,0.308,0.351,0.283,0.082,0.231,0.091,0.094,0.309,0.328,0.289,0.274,0.378,0.369,0.311,0.213,0.263,0.258,0.091,0.092,1.002,1.189,1.187,1.282,1.285,1.202,1.276,1.246,1.261,1.343,0.093,0.092,1.295,1.275,1.27,1.231,1.298,1.254,1.317,1.272,0.095,1.261,0.093,0.096,1.314,1.31,1.278,0.776,1.314,1.209,0.794,1.293,1.292,1.298,0.093,0.09,0.091,0.092,0.093,0.091,0.092,0.091,0.093,0.09,0.091,0.091,0.09
,16:29:16,34,0.093,0.091,0.09,0.09,0.092,0.091,0.091,0.092,0.09,0.09,0.09,0.091,0.092,0.259,0.275,0.392,0.279,0.286,0.237,0.232,0.218,0.233,0.261,0.091,0.092,0.269,0.29,0.308,0.279,0.26,0.309,0.353,0.283,0.082,0.231,0.092,0.094,0.31,0.329,0.289,0.274,0.379,0.369,0.311,0.213,0.263,0.258,0.091,0.092,1.001,1.187,1.187,1.282,1.284,1.201,1.276,1.246,1.26,1.343,0.093,0.092,1.294,1.274,1.269,1.23,1.298,1.254,1.317,1.271,0.095,1.26,0.093,0.096,1.313,1.31,1.277,0.773,1.313,1.208,0.793,1.292,1.291,1.298,0.093,0.091,0.091,0.092,0.093,0.091,0.092,0.091,0.093,0.09,0.092,0.091,0.09
,16:34:16,34,0.093,0.091,0.09,0.091,0.092,0.091,0.091,0.092,0.09,0.09,0.09,0.091,0.092,0.262,0.275,0.397,0.28,0.287,0.237,0.233,0.219,0.234,0.261,0.091,0.092,0.27,0.291,0.31,0.279,0.26,0.31,0.355,0.284,0.083,0.232,0.091,0.095,0.311,0.329,0.29,0.275,0.379,0.37,0.312,0.214,0.264,0.257,0.091,0.092,0.999,1.185,1.186,1.281,1.284,1.201,1.275,1.245,1.259,1.342,0.093,0.092,1.293,1.274,1.268,1.229,1.297,1.253,1.316,1.27,0.095,1.259,0.093,0.097,1.313,1.309,1.276,0.771,1.313,1.208,0.79,1.291,1.291,1.297,0.093,0.09,0.091,0.092,0.093,0.091,0.092,0.091,0.093,0.09,0.091,0.091,0.09
,16:39:16,34,0.093,0.091,0.09,0.09,0.092,0.091,0.091,0.092,0.09,0.09,0.09,0.091,0.092,0.264,0.275,0.4,0.28,0.287,0.237,0.232,0.22,0.234,0.261,0.09,0.092,0.27,0.292,0.311,0.279,0.26,0.311,0.357,0.285,0.083,0.232,0.091,0.095,0.312,0.33,0.291,0.275,0.38,0.37,0.313,0.213,0.264,0.258,0.091,0.092,0.998,1.184,1.184,1.28,1.282,1.199,1.275,1.245,1.258,1.342,0.092,0.092,1.292,1.273,1.267,1.228,1.296,1.252,1.316,1.269,0.095,1.258,0.093,0.097,1.312,1.308,1.275,0.768,1.311,1.206,0.787,1.29,1.29,1.296,0.092,0.09,0.091,0.092,0.093,0.091,0.092,0.091,0.093,0.09,0.091,0.091,0.09
,16:44:16,34,0.093,0.091,0.09,0.091,0.092,0.091,0.091,0.092,0.09,0.09,0.09,0.091,0.092,0.267,0.276,0.405,0.281,0.288,0.237,0.233,0.221,0.235,0.262,0.091,0.092,0.271,0.291,0.312,0.28,0.261,0.312,0.358,0.286,0.083,0.233,0.091,0.095,0.314,0.331,0.291,0.275,0.38,0.371,0.314,0.214,0.264,0.258,0.091,0.092,0.996,1.182,1.184,1.279,1.281,1.199,1.274,1.244,1.257,1.341,0.093,0.092,1.292,1.273,1.266,1.227,1.295,1.251,1.315,1.268,0.095,1.258,0.093,0.097,1.312,1.307,1.274,0.766,1.311,1.206,0.785,1.29,1.289,1.295,0.093,0.09,0.091,0.092,0.093,0.091,0.092,0.091,0.093,0.09,0.091,0.091,0.091
,16:49:16,34,0.093,0.091,0.09,0.09,0.092,0.091,0.091,0.092,0.09,0.09,0.09,0.091,0.092,0.269,0.276,0.409,0.281,0.288,0.237,0.233,0.222,0.235,0.263,0.091,0.092,0.271,0.292,0.313,0.28,0.261,0.313,0.358,0.286,0.082,0.233,0.091,0.095,0.314,0.332,0.292,0.275,0.381,0.371,0.314,0.214,0.264,0.258,0.091,0.092,0.995,1.18,1.183,1.278,1.28,1.198,1.274,1.244,1.256,1.341,0.092,0.092,1.29,1.271,1.265,1.226,1.294,1.25,1.314,1.267,0.095,1.257,0.093,0.097,1.31,1.306,1.273,0.763,1.31,1.204,0.783,1.288,1.289,1.294,0.092,0.09,0.091,0.092,0.093,0.091,0.092,0.091,0.093,0.09,0.091,0.091,0.09
,16:54:16,34,0.093,0.091,0.09,0.09,0.092,0.091,0.091,0.091,0.09,0.09,0.09,0.091,0.092,0.272,0.276,0.414,0.281,0.289,0.238,0.233,0.223,0.236,0.263,0.09,0.092,0.272,0.293,0.314,0.28,0.261,0.314,0.358,0.287,0.083,0.234,0.091,0.095,0.315,0.333,0.293,0.275,0.382,0.371,0.315,0.214,0.265,0.259,0.091,0.092,0.993,1.179,1.182,1.278,1.279,1.197,1.273,1.244,1.255,1.34,0.093,0.092,1.29,1.272,1.264,1.224,1.294,1.249,1.313,1.266,0.095,1.256,0.093,0.096,1.31,1.305,1.271,0.76,1.309,1.203,0.78,1.288,1.289,1.294,0.092,0.09,0.091,0.092,0.093,0.091,0.092,0.091,0.093,0.09,0.091,0.091,0.09
,16:59:16,34,0.093,0.091,0.09,0.09,0.091,0.091,0.091,0.092,0.09,0.09,0.09,0.091,0.092,0.274,0.277,0.418,0.281,0.29,0.238,0.233,0.224,0.234,0.263,0.09,0.092,0.272,0.293,0.317,0.281,0.261,0.315,0.358,0.287,0.082,0.234,0.091,0.094,0.315,0.333,0.294,0.276,0.382,0.371,0.316,0.214,0.265,0.258,0.091,0.092,0.992,1.177,1.181,1.278,1.279,1.196,1.273,1.243,1.254,1.34,0.092,0.092,1.289,1.271,1.263,1.224,1.293,1.249,1.313,1.265,0.094,1.255,0.093,0.096,1.31,1.304,1.27,0.758,1.309,1.203,0.779,1.287,1.289,1.293,0.092,0.09,0.091,0.092,0.092,0.091,0.092,0.091,0.092,0.09,0.091,0.091,0.09
,17:04:16,34,0.093,0.091,0.089,0.09,0.092,0.091,0.091,0.092,0.09,0.09,0.09,0.091,0.092,0.278,0.277,0.424,0.282,0.291,0.239,0.233,0.225,0.237,0.264,0.09,0.092,0.273,0.292,0.316,0.281,0.262,0.315,0.358,0.288,0.082,0.235,0.091,0.094,0.317,0.335,0.294,0.275,0.382,0.372,0.316,0.214,0.265,0.258,0.091,0.092,0.991,1.176,1.18,1.276,1.278,1.195,1.272,1.243,1.253,1.339,0.092,0.092,1.288,1.27,1.262,1.223,1.292,1.247,1.312,1.264,0.094,1.254,0.093,0.096,1.309,1.304,1.27,0.754,1.308,1.202,0.777,1.286,1.288,1.292,0.092,0.09,0.091,0.092,0.092,0.091,0.092,0.091,0.092,0.09,0.091,0.091,0.09
,17:09:16,34,0.093,0.091,0.09,0.09,0.092,0.091,0.091,0.092,0.09,0.09,0.09,0.091,0.092,0.28,0.277,0.428,0.283,0.291,0.24,0.234,0.226,0.236,0.265,0.091,0.092,0.273,0.292,0.318,0.283,0.262,0.317,0.357,0.288,0.082,0.235,0.091,0.095,0.317,0.336,0.295,0.276,0.382,0.372,0.316,0.215,0.266,0.259,0.091,0.092,0.99,1.175,1.179,1.276,1.277,1.194,1.273,1.243,1.253,1.339,0.093,0.092,1.287,1.269,1.261,1.222,1.291,1.247,1.313,1.263,0.095,1.254,0.093,0.096,1.308,1.304,1.269,0.752,1.308,1.201,0.775,1.285,1.288,1.292,0.092,0.09,0.091,0.092,0.093,0.091,0.092,0.091,0.093,0.09,0.091,0.091,0.09
,17:14:16,34,0.093,0.091,0.09,0.09,0.092,0.091,0.091,0.092,0.09,0.09,0.09,0.091,0.092,0.283,0.277,0.431,0.283,0.292,0.24,0.232,0.227,0.238,0.265,0.09,0.092,0.273,0.293,0.319,0.282,0.262,0.318,0.358,0.289,0.082,0.236,0.091,0.094,0.319,0.336,0.295,0.276,0.383,0.372,0.316,0.215,0.266,0.258,0.091,0.092,0.988,1.172,1.178,1.275,1.276,1.193,1.272,1.242,1.251,1.339,0.092,0.092,1.286,1.269,1.26,1.22,1.291,1.245,1.312,1.262,0.094,1.253,0.093,0.096,1.307,1.303,1.268,0.751,1.307,1.2,0.772,1.284,1.287,1.29,0.093,0.09,0.091,0.092,0.092,0.091,0.092,0.091,0.092,0.09,0.091,0.091,0.09
,17:19:16,34.1,0.093,0.091,0.09,0.09,0.092,0.091,0.091,0.092,0.09,0.09,0.09,0.091,0.092,0.285,0.278,0.443,0.283,0.293,0.24,0.233,0.228,0.236,0.265,0.091,0.092,0.274,0.294,0.32,0.283,0.262,0.318,0.357,0.29,0.082,0.236,0.091,0.094,0.32,0.337,0.296,0.277,0.384,0.373,0.315,0.215,0.266,0.259,0.091,0.092,0.986,1.171,1.177,1.276,1.276,1.192,1.272,1.241,1.25,1.338,0.092,0.092,1.286,1.268,1.259,1.22,1.29,1.245,1.312,1.261,0.094,1.252,0.093,0.096,1.308,1.302,1.267,0.748,1.306,1.2,0.771,1.283,1.286,1.29,0.092,0.09,0.091,0.092,0.093,0.091,0.092,0.091,0.093,0.09,0.091,0.091,0.09
,17:24:16,34,0.092,0.091,0.089,0.09,0.091,0.091,0.091,0.092,0.09,0.09,0.09,0.091,0.092,0.288,0.278,0.44,0.284,0.293,0.241,0.233,0.229,0.237,0.266,0.09,0.092,0.274,0.293,0.321,0.283,0.263,0.319,0.357,0.29,0.082,0.236,0.091,0.094,0.321,0.338,0.297,0.277,0.383,0.373,0.315,0.215,0.266,0.259,0.091,0.092,0.985,1.17,1.175,1.275,1.275,1.191,1.271,1.24,1.249,1.338,0.092,0.092,1.285,1.268,1.258,1.22,1.289,1.244,1.311,1.261,0.094,1.252,0.093,0.096,1.307,1.302,1.266,0.746,1.305,1.199,0.768,1.283,1.286,1.289,0.092,0.09,0.091,0.092,0.093,0.091,0.092,0.091,0.093,0.09,0.091,0.091,0.09
,17:29:16,34,0.093,0.091,0.09,0.09,0.092,0.091,0.091,0.092,0.09,0.09,0.09,0.091,0.092,0.292,0.279,0.444,0.284,0.294,0.242,0.233,0.23,0.238,0.267,0.09,0.092,0.275,0.295,0.322,0.284,0.264,0.32,0.357,0.291,0.082,0.236,0.091,0.094,0.322,0.339,0.297,0.277,0.384,0.374,0.314,0.215,0.267,0.259,0.091,0.092,0.983,1.168,1.175,1.274,1.274,1.191,1.27,1.24,1.249,1.338,0.093,0.092,1.284,1.267,1.258,1.218,1.289,1.243,1.311,1.26,0.095,1.251,0.093,0.097,1.306,1.3,1.266,0.744,1.305,1.198,0.766,1.282,1.285,1.288,0.092,0.09,0.091,0.092,0.092,0.091,0.092,0.091,0.093,0.09,0.091,0.091,0.09
,17:34:16,34,0.093,0.091,0.09,0.091,0.092,0.091,0.091,0.092,0.09,0.09,0.09,0.091,0.092,0.295,0.279,0.443,0.284,0.295,0.243,0.234,0.231,0.238,0.267,0.091,0.092,0.276,0.296,0.323,0.284,0.264,0.321,0.356,0.291,0.082,0.237,0.091,0.095,0.323,0.34,0.298,0.277,0.384,0.374,0.314,0.216,0.267,0.259,0.091,0.092,0.982,1.166,1.174,1.274,1.273,1.189,1.27,1.239,1.247,1.337,0.093,0.092,1.283,1.266,1.256,1.217,1.288,1.242,1.31,1.259,0.095,1.251,0.093,0.097,1.305,1.3,1.265,0.741,1.304,1.198,0.764,1.281,1.285,1.287,0.092,0.09,0.091,0.092,0.092,0.091,0.092,0.091,0.093,0.09,0.091,0.091,0.09
,17:39:16,34,0.093,0.091,0.089,0.09,0.092,0.091,0.091,0.091,0.09,0.09,0.09,0.091,0.092,0.298,0.28,0.443,0.285,0.296,0.244,0.233,0.232,0.238,0.268,0.09,0.092,0.276,0.295,0.324,0.285,0.264,0.322,0.356,0.293,0.082,0.236,0.091,0.094,0.324,0.34,0.299,0.277,0.384,0.375,0.314,0.216,0.267,0.259,0.091,0.092,0.98,1.164,1.173,1.273,1.271,1.189,1.27,1.238,1.247,1.337,0.092,0.092,1.283,1.266,1.256,1.216,1.287,1.24,1.309,1.258,0.094,1.249,0.093,0.096,1.304,1.299,1.264,0.738,1.303,1.196,0.762,1.28,1.284,1.286,0.092,0.09,0.091,0.092,0.092,0.091,0.092,0.091,0.092,0.09,0.091,0.091,0.09
,17:44:16,34,0.092,0.091,0.09,0.09,0.091,0.091,0.091,0.091,0.09,0.09,0.09,0.091,0.092,0.3,0.28,0.441,0.285,0.296,0.244,0.235,0.233,0.239,0.268,0.09,0.092,0.276,0.295,0.325,0.284,0.264,0.323,0.358,0.293,0.082,0.237,0.091,0.094,0.325,0.341,0.299,0.277,0.384,0.374,0.314,0.216,0.267,0.26,0.091,0.092,0.978,1.163,1.171,1.272,1.271,1.188,1.269,1.237,1.246,1.336,0.093,0.092,1.281,1.266,1.255,1.215,1.286,1.24,1.308,1.257,0.094,1.249,0.093,0.096,1.304,1.298,1.263,0.736,1.302,1.196,0.761,1.28,1.283,1.285,0.092,0.09,0.091,0.092,0.093,0.091,0.092,0.091,0.092,0.09,0.091,0.091,0.09
,17:49:16,34.1,0.092,0.091,0.089,0.09,0.092,0.091,0.091,0.092,0.09,0.09,0.09,0.091,0.092,0.303,0.28,0.441,0.285,0.297,0.245,0.235,0.234,0.237,0.268,0.09,0.092,0.276,0.295,0.327,0.285,0.264,0.324,0.358,0.293,0.082,0.237,0.091,0.094,0.326,0.342,0.299,0.278,0.384,0.375,0.313,0.216,0.268,0.259,0.091,0.092,0.978,1.162,1.171,1.272,1.27,1.187,1.269,1.235,1.245,1.336,0.092,0.092,1.281,1.265,1.254,1.215,1.286,1.239,1.308,1.256,0.094,1.248,0.093,0.096,1.304,1.297,1.263,0.733,1.302,1.195,0.758,1.278,1.283,1.285,0.092,0.09,0.091,0.092,0.092,0.09,0.092,0.091,0.092,0.09,0.091,0.091,0.09
,17:54:16,34,0.092,0.091,0.09,0.09,0.091,0.091,0.091,0.092,0.09,0.09,0.09,0.091,0.092,0.307,0.281,0.44,0.286,0.298,0.247,0.234,0.235,0.239,0.269,0.09,0.092,0.277,0.295,0.328,0.286,0.265,0.325,0.357,0.294,0.082,0.238,0.091,0.094,0.327,0.343,0.3,0.278,0.384,0.376,0.313,0.216,0.268,0.26,0.091,0.092,0.976,1.159,1.17,1.272,1.269,1.187,1.268,1.235,1.244,1.336,0.092,0.092,1.28,1.264,1.253,1.213,1.285,1.238,1.307,1.255,0.094,1.247,0.093,0.096,1.303,1.296,1.262,0.73,1.302,1.194,0.757,1.278,1.282,1.285,0.092,0.09,0.091,0.092,0.092,0.091,0.092,0.091,0.093,0.09,0.091,0.091,0.09
,17:59:16,34,0.093,0.091,0.09,0.09,0.092,0.091,0.091,0.092,0.09,0.09,0.09,0.092,0.092,0.31,0.281,0.44,0.286,0.298,0.249,0.235,0.236,0.24,0.269,0.09,0.092,0.277,0.297,0.329,0.286,0.265,0.326,0.357,0.295,0.083,0.239,0.091,0.094,0.328,0.344,0.301,0.278,0.384,0.375,0.313,0.216,0.268,0.26,0.091,0.092,0.974,1.159,1.169,1.272,1.269,1.186,1.268,1.235,1.243,1.335,0.093,0.092,1.279,1.263,1.252,1.212,1.284,1.237,1.306,1.255,0.095,1.246,0.093,0.096,1.303,1.295,1.262,0.728,1.3,1.194,0.755,1.278,1.282,1.283,0.092,0.09,0.091,0.092,0.093,0.091,0.092,0.091,0.093,0.09,0.091,0.091,0.09
,18:04:16,34,0.093,0.091,0.089,0.09,0.092,0.091,0.091,0.092,0.09,0.09,0.09,0.091,0.092,0.314,0.282,0.44,0.287,0.299,0.25,0.234,0.237,0.241,0.27,0.09,0.092,0.278,0.296,0.33,0.287,0.265,0.327,0.358,0.295,0.082,0.239,0.091,0.094,0.33,0.345,0.302,0.278,0.384,0.375,0.312,0.216,0.269,0.26,0.091,0.092,0.973,1.157,1.168,1.272,1.268,1.185,1.268,1.235,1.243,1.335,0.092,0.092,1.279,1.262,1.251,1.211,1.283,1.236,1.306,1.253,0.094,1.246,0.093,0.096,1.302,1.295,1.261,0.727,1.3,1.193,0.752,1.278,1.281,1.283,0.092,0.09,0.091,0.092,0.092,0.091,0.092,0.091,0.092,0.09,0.091,0.091,0.09
,18:09:16,34,0.093,0.091,0.09,0.09,0.092,0.091,0.091,0.092,0.09,0.09,0.09,0.091,0.092,0.317,0.282,0.44,0.287,0.3,0.25,0.235,0.238,0.241,0.27,0.09,0.092,0.278,0.297,0.331,0.288,0.266,0.328,0.358,0.296,0.082,0.24,0.091,0.094,0.331,0.346,0.302,0.279,0.384,0.375,0.313,0.216,0.269,0.26,0.091,0.092,0.972,1.156,1.168,1.272,1.267,1.185,1.268,1.234,1.242,1.335,0.092,0.092,1.278,1.262,1.251,1.211,1.283,1.235,1.306,1.253,0.094,1.246,0.093,0.096,1.302,1.294,1.261,0.724,1.3,1.192,0.752,1.277,1.28,1.282,0.092,0.09,0.091,0.092,0.093,0.091,0.092,0.091,0.093,0.09,0.091,0.091,0.09
,18:14:16,34,0.093,0.091,0.09,0.091,0.092,0.091,0.091,0.092,0.09,0.09,0.09,0.091,0.092,0.321,0.282,0.44,0.287,0.301,0.251,0.235,0.239,0.242,0.271,0.091,0.092,0.278,0.296,0.332,0.287,0.266,0.329,0.358,0.297,0.082,0.24,0.091,0.095,0.332,0.346,0.302,0.279,0.384,0.375,0.312,0.217,0.27,0.26,0.091,0.092,0.97,1.154,1.166,1.27,1.266,1.183,1.267,1.233,1.24,1.334,0.093,0.092,1.277,1.261,1.25,1.209,1.282,1.234,1.305,1.252,0.095,1.244,0.093,0.096,1.301,1.293,1.259,0.722,1.299,1.19,0.749,1.276,1.28,1.282,0.092,0.09,0.091,0.092,0.092,0.091,0.092,0.091,0.092,0.09,0.091,0.091,0.09
,18:19:16,34,0.093,0.091,0.09,0.09,0.092,0.091,0.091,0.092,0.09,0.09,0.09,0.091,0.092,0.325,0.283,0.439,0.288,0.302,0.251,0.235,0.24,0.242,0.271,0.09,0.092,0.279,0.297,0.333,0.288,0.266,0.33,0.358,0.297,0.083,0.24,0.091,0.094,0.334,0.347,0.303,0.279,0.385,0.375,0.311,0.217,0.27,0.26,0.091,0.092,0.968,1.153,1.165,1.27,1.266,1.182,1.267,1.233,1.24,1.333,0.092,0.092,1.277,1.26,1.249,1.208,1.281,1.234,1.304,1.251,0.094,1.244,0.093,0.096,1.3,1.293,1.259,0.721,1.298,1.19,0.746,1.276,1.279,1.281,0.092,0.09,0.091,0.092,0.092,0.091,0.092,0.091,0.092,0.09,0.091,0.091,0.09
,18:24:16,34,0.093,0.091,0.09,0.091,0.092,0.091,0.091,0.092,0.09,0.09,0.09,0.091,0.092,0.329,0.283,0.439,0.288,0.303,0.251,0.235,0.241,0.24,0.272,0.091,0.092,0.28,0.298,0.334,0.289,0.266,0.331,0.359,0.298,0.083,0.24,0.092,0.095,0.335,0.349,0.304,0.279,0.385,0.376,0.311,0.217,0.27,0.261,0.091,0.092,0.967,1.151,1.164,1.269,1.265,1.182,1.266,1.233,1.239,1.333,0.093,0.092,1.276,1.261,1.248,1.208,1.281,1.233,1.303,1.25,0.094,1.243,0.093,0.097,1.3,1.292,1.258,0.719,1.298,1.19,0.744,1.274,1.278,1.28,0.093,0.09,0.091,0.092,0.093,0.091,0.092,0.091,0.093,0.09,0.091,0.091,0.09
,18:29:16,34,0.093,0.091,0.09,0.091,0.092,0.091,0.091,0.092,0.09,0.09,0.09,0.091,0.092,0.332,0.283,0.439,0.289,0.303,0.25,0.235,0.242,0.241,0.272,0.09,0.092,0.28,0.298,0.336,0.289,0.267,0.332,0.361,0.299,0.082,0.24,0.091,0.095,0.336,0.349,0.305,0.279,0.385,0.375,0.31,0.217,0.271,0.261,0.091,0.092,0.966,1.149,1.163,1.268,1.264,1.181,1.266,1.232,1.239,1.333,0.092,0.092,1.275,1.26,1.247,1.207,1.28,1.232,1.303,1.249,0.094,1.243,0.093,0.096,1.299,1.291,1.257,0.717,1.297,1.189,0.743,1.274,1.278,1.28,0.092,0.09,0.091,0.092,0.092,0.091,0.092,0.091,0.093,0.09,0.091,0.091,0.09
,18:34:16,34,0.093,0.091,0.09,0.09,0.092,0.091,0.091,0.092,0.09,0.09,0.09,0.091,0.092,0.337,0.283,0.438,0.289,0.304,0.249,0.236,0.243,0.242,0.273,0.09,0.092,0.28,0.298,0.336,0.29,0.267,0.333,0.362,0.299,0.082,0.241,0.091,0.095,0.337,0.35,0.305,0.279,0.385,0.375,0.31,0.217,0.271,0.261,0.091,0.092,0.964,1.148,1.162,1.268,1.263,1.18,1.266,1.231,1.238,1.332,0.092,0.092,1.274,1.259,1.246,1.206,1.28,1.231,1.303,1.249,0.094,1.242,0.093,0.096,1.299,1.291,1.256,0.714,1.296,1.188,0.741,1.273,1.277,1.279,0.093,0.09,0.091,0.092,0.093,0.091,0.092,0.091,0.093,0.09,0.091,0.091,0.09
,18:39:16,34,0.093,0.091,0.089,0.09,0.092,0.091,0.091,0.092,0.09,0.09,0.09,0.091,0.092,0.339,0.283,0.438,0.289,0.304,0.25,0.234,0.244,0.242,0.273,0.09,0.092,0.28,0.299,0.338,0.29,0.268,0.333,0.362,0.3,0.082,0.241,0.091,0.095,0.338,0.351,0.305,0.28,0.385,0.375,0.309,0.217,0.271,0.261,0.091,0.092,0.962,1.147,1.161,1.267,1.262,1.179,1.266,1.231,1.237,1.332,0.092,0.092,1.274,1.258,1.245,1.204,1.278,1.23,1.302,1.247,0.094,1.241,0.093,0.096,1.298,1.29,1.255,0.712,1.296,1.188,0.738,1.272,1.277,1.278,0.092,0.09,0.091,0.092,0.092,0.091,0.092,0.091,0.092,0.09,0.091,0.091,0.09
,18:44:16,34,0.093,0.091,0.089,0.09,0.091,0.091,0.091,0.092,0.09,0.09,0.09,0.091,0.092,0.343,0.284,0.438,0.289,0.305,0.25,0.233,0.244,0.245,0.274,0.09,0.092,0.281,0.299,0.338,0.29,0.268,0.334,0.363,0.301,0.082,0.241,0.091,0.094,0.34,0.352,0.306,0.28,0.385,0.374,0.308,0.217,0.271,0.261,0.091,0.092,0.961,1.144,1.16,1.266,1.261,1.178,1.266,1.23,1.236,1.332,0.092,0.092,1.272,1.257,1.244,1.204,1.278,1.229,1.301,1.246,0.094,1.24,0.093,0.096,1.298,1.289,1.254,0.709,1.295,1.187,0.738,1.272,1.276,1.278,0.092,0.09,0.091,0.092,0.092,0.091,0.092,0.091,0.092,0.09,0.091,0.091,0.09
,18:49:16,34,0.093,0.091,0.09,0.09,0.092,0.091,0.091,0.092,0.09,0.09,0.09,0.091,0.092,0.345,0.284,0.437,0.29,0.307,0.251,0.235,0.246,0.244,0.274,0.09,0.092,0.281,0.299,0.339,0.291,0.268,0.335,0.362,0.301,0.082,0.242,0.091,0.095,0.341,0.353,0.307,0.28,0.385,0.374,0.308,0.217,0.272,0.261,0.091,0.092,0.96,1.143,1.16,1.266,1.26,1.177,1.265,1.23,1.236,1.331,0.092,0.092,1.272,1.257,1.244,1.202,1.277,1.228,1.3,1.246,0.094,1.24,0.093,0.096,1.297,1.288,1.254,0.707,1.294,1.186,0.736,1.27,1.275,1.277,0.092,0.09,0.091,0.092,0.092,0.09,0.092,0.091,0.092,0.09,0.091,0.091,0.09
,18:54:16,34,0.093,0.091,0.09,0.09,0.092,0.091,0.091,0.092,0.09,0.09,0.09,0.091,0.092,0.349,0.285,0.437,0.29,0.307,0.252,0.236,0.247,0.246,0.275,0.09,0.092,0.282,0.299,0.34,0.292,0.269,0.336,0.363,0.302,0.083,0.243,0.091,0.095,0.342,0.354,0.308,0.281,0.385,0.374,0.308,0.218,0.271,0.262,0.091,0.092,0.958,1.142,1.159,1.265,1.26,1.177,1.265,1.229,1.235,1.331,0.092,0.092,1.271,1.257,1.242,1.201,1.277,1.227,1.3,1.245,0.094,1.239,0.093,0.096,1.296,1.287,1.254,0.705,1.294,1.185,0.734,1.269,1.275,1.276,0.092,0.09,0.091,0.092,0.093,0.091,0.092,0.091,0.093,0.09,0.091,0.091,0.09
,18:59:16,34,0.093,0.091,0.089,0.09,0.092,0.091,0.091,0.092,0.09,0.09,0.09,0.091,0.092,0.352,0.285,0.436,0.291,0.308,0.253,0.236,0.247,0.244,0.276,0.09,0.092,0.281,0.3,0.341,0.292,0.269,0.337,0.363,0.302,0.082,0.243,0.091,0.095,0.344,0.355,0.308,0.28,0.385,0.374,0.307,0.218,0.272,0.262,0.091,0.092,0.957,1.14,1.158,1.264,1.259,1.176,1.264,1.228,1.234,1.331,0.092,0.092,1.27,1.256,1.241,1.2,1.276,1.226,1.299,1.244,0.094,1.238,0.093,0.096,1.296,1.287,1.253,0.702,1.293,1.184,0.731,1.268,1.274,1.275,0.092,0.09,0.091,0.092,0.093,0.091,0.092,0.091,0.092,0.09,0.091,0.091,0.09
,19:04:16,34,0.093,0.091,0.09,0.09,0.092,0.091,0.091,0.092,0.09,0.09,0.09,0.091,0.092,0.355,0.285,0.437,0.291,0.309,0.254,0.236,0.249,0.244,0.276,0.09,0.092,0.282,0.3,0.342,0.294,0.269,0.338,0.364,0.303,0.083,0.243,0.092,0.095,0.345,0.355,0.309,0.281,0.385,0.374,0.307,0.218,0.272,0.262,0.091,0.092,0.956,1.14,1.156,1.264,1.258,1.175,1.264,1.228,1.234,1.33,0.093,0.092,1.27,1.256,1.241,1.2,1.276,1.226,1.299,1.242,0.095,1.238,0.093,0.096,1.296,1.287,1.253,0.701,1.293,1.183,0.729,1.268,1.274,1.275,0.092,0.09,0.091,0.092,0.093,0.091,0.092,0.091,0.093,0.09,0.091,0.091,0.09
,19:09:16,34,0.092,0.091,0.09,0.09,0.092,0.091,0.091,0.091,0.09,0.09,0.09,0.091,0.092,0.359,0.285,0.436,0.291,0.309,0.255,0.235,0.249,0.244,0.276,0.09,0.092,0.282,0.3,0.344,0.294,0.27,0.339,0.364,0.303,0.082,0.243,0.091,0.094,0.347,0.356,0.309,0.281,0.385,0.374,0.307,0.218,0.273,0.262,0.091,0.092,0.955,1.138,1.156,1.264,1.257,1.173,1.264,1.227,1.232,1.33,0.092,0.092,1.27,1.255,1.24,1.199,1.276,1.225,1.298,1.242,0.094,1.237,0.093,0.096,1.295,1.286,1.252,0.699,1.292,1.183,0.727,1.267,1.273,1.274,0.092,0.09,0.091,0.092,0.092,0.091,0.092,0.091,0.092,0.09,0.091,0.091,0.09
,19:14:16,34,0.092,0.091,0.089,0.09,0.092,0.091,0.09,0.091,0.09,0.09,0.09,0.091,0.092,0.362,0.285,0.436,0.291,0.31,0.254,0.235,0.25,0.245,0.277,0.09,0.092,0.283,0.301,0.344,0.293,0.27,0.34,0.365,0.305,0.082,0.244,0.091,0.094,0.346,0.357,0.309,0.281,0.385,0.374,0.306,0.218,0.272,0.262,0.091,0.092,0.953,1.135,1.155,1.262,1.256,1.173,1.264,1.227,1.232,1.329,0.092,0.092,1.268,1.254,1.238,1.198,1.276,1.224,1.298,1.241,0.094,1.236,0.093,0.096,1.294,1.284,1.25,0.696,1.293,1.182,0.725,1.266,1.272,1.273,0.092,0.09,0.091,0.092,0.092,0.091,0.092,0.091,0.092,0.09,0.091,0.091,0.09
,19:19:16,34,0.092,0.091,0.09,0.09,0.092,0.091,0.091,0.092,0.09,0.09,0.09,0.091,0.092,0.366,0.286,0.436,0.292,0.312,0.255,0.236,0.251,0.245,0.277,0.09,0.092,0.283,0.301,0.345,0.294,0.27,0.341,0.365,0.305,0.082,0.244,0.091,0.094,0.345,0.359,0.31,0.281,0.385,0.373,0.306,0.218,0.273,0.262,0.091,0.092,0.952,1.134,1.154,1.262,1.255,1.172,1.263,1.226,1.231,1.329,0.092,0.091,1.268,1.254,1.238,1.196,1.276,1.223,1.297,1.24,0.094,1.236,0.093,0.096,1.293,1.284,1.25,0.695,1.294,1.181,0.723,1.266,1.272,1.272,0.092,0.09,0.091,0.092,0.092,0.091,0.092,0.091,0.092,0.09,0.091,0.091,0.09
,19:24:16,34,0.093,0.091,0.09,0.091,0.092,0.091,0.091,0.092,0.09,0.09,0.09,0.091,0.092,0.369,0.287,0.436,0.293,0.312,0.255,0.236,0.252,0.245,0.278,0.091,0.092,0.284,0.302,0.347,0.295,0.27,0.342,0.366,0.305,0.083,0.244,0.091,0.095,0.345,0.359,0.311,0.281,0.385,0.373,0.306,0.218,0.273,0.263,0.091,0.092,0.951,1.133,1.153,1.261,1.255,1.171,1.263,1.225,1.23,1.329,0.093,0.092,1.267,1.254,1.237,1.196,1.276,1.222,1.296,1.239,0.094,1.235,0.093,0.097,1.292,1.284,1.249,0.693,1.294,1.181,0.722,1.264,1.272,1.272,0.092,0.09,0.091,0.092,0.093,0.091,0.092,0.091,0.092,0.09,0.091,0.091,0.09
,19:29:16,34,0.093,0.091,0.089,0.09,0.091,0.091,0.091,0.092,0.09,0.09,0.09,0.091,0.092,0.372,0.286,0.435,0.293,0.313,0.256,0.234,0.253,0.244,0.278,0.09,0.092,0.284,0.302,0.348,0.295,0.271,0.343,0.368,0.306,0.082,0.245,0.091,0.095,0.345,0.36,0.311,0.282,0.385,0.373,0.306,0.218,0.273,0.263,0.091,0.092,0.949,1.131,1.152,1.261,1.254,1.171,1.263,1.225,1.229,1.329,0.092,0.092,1.266,1.253,1.235,1.194,1.275,1.222,1.296,1.238,0.094,1.235,0.093,0.096,1.292,1.283,1.248,0.69,1.294,1.18,0.721,1.264,1.271,1.271,0.092,0.09,0.091,0.092,0.092,0.091,0.092,0.091,0.093,0.09,0.091,0.091,0.09
,19:34:16,34,0.093,0.091,0.09,0.09,0.092,0.091,0.091,0.092,0.09,0.09,0.09,0.091,0.092,0.375,0.287,0.435,0.293,0.314,0.257,0.236,0.254,0.245,0.279,0.09,0.092,0.284,0.302,0.349,0.296,0.271,0.344,0.368,0.306,0.082,0.245,0.091,0.094,0.344,0.362,0.312,0.282,0.385,0.373,0.305,0.218,0.274,0.263,0.091,0.092,0.949,1.13,1.151,1.26,1.253,1.17,1.262,1.224,1.228,1.328,0.092,0.092,1.265,1.253,1.235,1.193,1.275,1.22,1.295,1.237,0.094,1.234,0.093,0.096,1.291,1.282,1.247,0.689,1.293,1.179,0.719,1.263,1.27,1.27,0.092,0.09,0.091,0.092,0.093,0.091,0.092,0.091,0.092,0.09,0.091,0.091,0.09
,19:39:16,34,0.093,0.091,0.09,0.09,0.092,0.091,0.091,0.092,0.09,0.09,0.09,0.091,0.092,0.378,0.287,0.435,0.293,0.315,0.257,0.237,0.255,0.246,0.279,0.09,0.092,0.284,0.303,0.35,0.296,0.271,0.344,0.369,0.307,0.082,0.245,0.091,0.095,0.344,0.362,0.312,0.282,0.385,0.373,0.305,0.218,0.273,0.263,0.091,0.092,0.947,1.129,1.15,1.26,1.252,1.169,1.262,1.224,1.227,1.327,0.092,0.091,1.264,1.252,1.234,1.192,1.274,1.219,1.295,1.237,0.094,1.233,0.093,0.096,1.291,1.281,1.246,0.686,1.293,1.178,0.716,1.262,1.27,1.27,0.092,0.09,0.091,0.092,0.092,0.09,0.092,0.091,0.092,0.09,0.091,0.091,0.09
,19:44:16,34,0.092,0.091,0.09,0.09,0.091,0.091,0.091,0.092,0.09,0.09,0.09,0.091,0.092,0.382,0.287,0.434,0.293,0.316,0.258,0.236,0.256,0.247,0.28,0.09,0.092,0.284,0.303,0.351,0.296,0.272,0.345,0.369,0.308,0.082,0.246,0.091,0.094,0.344,0.363,0.313,0.282,0.385,0.373,0.305,0.218,0.274,0.263,0.091,0.092,0.945,1.127,1.149,1.259,1.251,1.169,1.262,1.223,1.227,1.327,0.092,0.092,1.264,1.251,1.233,1.191,1.274,1.218,1.294,1.236,0.094,1.233,0.093,0.096,1.29,1.28,1.246,0.684,1.292,1.178,0.715,1.262,1.269,1.269,0.092,0.09,0.091,0.092,0.092,0.09,0.092,0.091,0.092,0.09,0.091,0.091,0.09
,19:49:16,34,0.093,0.091,0.09,0.09,0.092,0.091,0.091,0.092,0.09,0.09,0.09,0.091,0.092,0.384,0.288,0.435,0.294,0.317,0.259,0.236,0.257,0.246,0.28,0.091,0.092,0.285,0.303,0.352,0.298,0.272,0.347,0.37,0.309,0.083,0.246,0.091,0.095,0.343,0.364,0.313,0.282,0.385,0.373,0.305,0.219,0.275,0.263,0.091,0.092,0.943,1.125,1.148,1.26,1.251,1.168,1.262,1.223,1.226,1.327,0.093,0.092,1.264,1.251,1.233,1.191,1.274,1.218,1.294,1.235,0.094,1.232,0.093,0.096,1.29,1.28,1.245,0.683,1.292,1.177,0.715,1.261,1.268,1.269,0.092,0.09,0.091,0.092,0.093,0.091,0.092,0.091,0.093,0.09,0.091,0.091,0.09
,19:54:16,34,0.093,0.091,0.089,0.09,0.091,0.091,0.091,0.091,0.09,0.09,0.09,0.091,0.092,0.388,0.288,0.434,0.294,0.317,0.262,0.236,0.258,0.247,0.281,0.09,0.092,0.285,0.303,0.351,0.297,0.272,0.347,0.37,0.309,0.082,0.246,0.091,0.094,0.343,0.365,0.314,0.282,0.384,0.372,0.304,0.219,0.275,0.262,0.091,0.092,0.942,1.124,1.147,1.259,1.25,1.167,1.261,1.222,1.225,1.326,0.092,0.092,1.263,1.25,1.231,1.189,1.272,1.216,1.293,1.234,0.094,1.231,0.092,0.096,1.288,1.279,1.243,0.68,1.291,1.176,0.712,1.26,1.268,1.268,0.092,0.09,0.091,0.092,0.092,0.09,0.092,0.091,0.092,0.09,0.091,0.091,0.09
,19:59:16,34,0.093,0.091,0.09,0.091,0.092,0.091,0.091,0.092,0.09,0.09,0.09,0.091,0.092,0.391,0.289,0.435,0.295,0.318,0.26,0.236,0.258,0.247,0.281,0.091,0.092,0.286,0.304,0.351,0.299,0.273,0.349,0.371,0.31,0.083,0.247,0.091,0.095,0.342,0.366,0.314,0.283,0.385,0.372,0.305,0.219,0.275,0.262,0.091,0.092,0.941,1.123,1.146,1.259,1.25,1.167,1.261,1.221,1.224,1.326,0.092,0.092,1.263,1.251,1.23,1.189,1.272,1.216,1.293,1.233,0.095,1.231,0.093,0.096,1.289,1.279,1.242,0.679,1.29,1.176,0.711,1.259,1.267,1.267,0.093,0.09,0.091,0.092,0.093,0.091,0.092,0.091,0.092,0.09,0.091,0.091,0.09
,20:04:16,34,0.093,0.091,0.09,0.09,0.092,0.091,0.091,0.092,0.09,0.09,0.09,0.091,0.092,0.393,0.289,0.435,0.295,0.319,0.26,0.236,0.26,0.248,0.281,0.09,0.092,0.286,0.303,0.352,0.3,0.273,0.349,0.371,0.31,0.082,0.247,0.091,0.095,0.342,0.368,0.314,0.283,0.384,0.372,0.304,0.219,0.276,0.262,0.091,0.092,0.94,1.121,1.145,1.258,1.249,1.166,1.261,1.221,1.224,1.325,0.092,0.092,1.262,1.25,1.23,1.188,1.272,1.215,1.292,1.232,0.094,1.23,0.093,0.096,1.288,1.278,1.242,0.677,1.29,1.175,0.709,1.259,1.266,1.267,0.092,0.09,0.091,0.092,0.092,0.091,0.092,0.091,0.092,0.09,0.091,0.091,0.09
,20:09:16,34,0.093,0.091,0.09,0.09,0.092,0.091,0.091,0.092,0.09,0.09,0.09,0.091,0.092,0.397,0.289,0.434,0.295,0.32,0.262,0.237,0.26,0.25,0.282,0.09,0.092,0.286,0.305,0.351,0.299,0.274,0.351,0.371,0.311,0.082,0.248,0.091,0.095,0.341,0.369,0.315,0.283,0.385,0.372,0.304,0.22,0.275,0.262,0.091,0.092,0.938,1.119,1.146,1.256,1.248,1.166,1.26,1.22,1.223,1.325,0.092,0.092,1.261,1.25,1.228,1.186,1.271,1.214,1.292,1.231,0.094,1.23,0.093,0.096,1.287,1.277,1.241,0.675,1.289,1.174,0.707,1.258,1.266,1.266,0.092,0.09,0.091,0.092,0.093,0.091,0.092,0.091,0.092,0.09,0.091,0.091,0.09
,20:14:16,34,0.093,0.091,0.09,0.09,0.092,0.091,0.091,0.092,0.09,0.09,0.09,0.091,0.092,0.396,0.289,0.434,0.296,0.321,0.262,0.236,0.261,0.247,0.282,0.09,0.092,0.287,0.304,0.352,0.3,0.274,0.351,0.371,0.312,0.083,0.248,0.091,0.095,0.341,0.369,0.315,0.284,0.385,0.371,0.304,0.22,0.275,0.262,0.091,0.092,0.937,1.118,1.144,1.256,1.247,1.165,1.26,1.219,1.222,1.325,0.092,0.092,1.26,1.25,1.227,1.186,1.271,1.213,1.292,1.23,0.095,1.229,0.093,0.097,1.286,1.277,1.24,0.672,1.288,1.173,0.705,1.257,1.266,1.265,0.093,0.09,0.091,0.092,0.092,0.091,0.092,0.091,0.092,0.09,0.091,0.091,0.09
,20:19:16,34,0.092,0.091,0.09,0.09,0.092,0.091,0.091,0.092,0.09,0.09,0.09,0.091,0.092,0.395,0.289,0.434,0.296,0.321,0.263,0.235,0.262,0.25,0.283,0.09,0.092,0.286,0.304,0.351,0.301,0.274,0.352,0.371,0.312,0.082,0.248,0.091,0.094,0.34,0.369,0.315,0.283,0.384,0.371,0.303,0.22,0.275,0.261,0.091,0.092,0.936,1.117,1.143,1.255,1.245,1.165,1.259,1.219,1.221,1.324,0.092,0.092,1.26,1.249,1.226,1.184,1.27,1.212,1.291,1.229,0.094,1.228,0.093,0.096,1.285,1.276,1.239,0.67,1.288,1.173,0.705,1.256,1.265,1.264,0.092,0.09,0.091,0.092,0.092,0.091,0.092,0.091,0.092,0.09,0.091,0.091,0.09
,20:24:16,34,0.093,0.091,0.089,0.09,0.092,0.091,0.091,0.092,0.09,0.09,0.09,0.091,0.092,0.393,0.29,0.434,0.296,0.322,0.263,0.236,0.263,0.249,0.283,0.09,0.092,0.287,0.305,0.352,0.301,0.275,0.352,0.371,0.313,0.082,0.248,0.091,0.094,0.34,0.37,0.316,0.285,0.384,0.371,0.304,0.22,0.276,0.261,0.091,0.092,0.935,1.115,1.143,1.254,1.245,1.163,1.259,1.218,1.22,1.324,0.092,0.092,1.26,1.249,1.226,1.183,1.269,1.211,1.291,1.228,0.094,1.228,0.092,0.096,1.285,1.275,1.238,0.668,1.288,1.172,0.703,1.256,1.264,1.264,0.092,0.09,0.091,0.092,0.092,0.091,0.092,0.091,0.092,0.09,0.091,0.091,0.09
,20:29:16,34,0.092,0.091,0.089,0.09,0.091,0.091,0.091,0.092,0.09,0.09,0.09,0.091,0.092,0.392,0.29,0.434,0.297,0.323,0.264,0.236,0.263,0.251,0.284,0.09,0.092,0.287,0.305,0.351,0.302,0.275,0.352,0.371,0.313,0.082,0.249,0.091,0.094,0.339,0.369,0.317,0.285,0.384,0.371,0.303,0.221,0.276,0.261,0.091,0.092,0.933,1.114,1.141,1.254,1.244,1.163,1.258,1.218,1.219,1.324,0.092,0.092,1.259,1.248,1.225,1.182,1.268,1.21,1.29,1.228,0.094,1.227,0.093,0.096,1.284,1.274,1.237,0.667,1.287,1.171,0.701,1.255,1.264,1.263,0.092,0.09,0.091,0.092,0.093,0.091,0.092,0.091,0.092,0.09,0.091,0.091,0.09
,20:34:16,34,0.093,0.091,0.09,0.091,0.092,0.091,0.091,0.092,0.09,0.09,0.09,0.091,0.092,0.392,0.29,0.433,0.298,0.324,0.265,0.236,0.264,0.25,0.285,0.09,0.092,0.288,0.307,0.352,0.303,0.275,0.352,0.372,0.314,0.083,0.249,0.091,0.095,0.339,0.369,0.317,0.285,0.385,0.37,0.303,0.221,0.276,0.261,0.091,0.092,0.932,1.113,1.141,1.253,1.244,1.162,1.258,1.217,1.219,1.323,0.092,0.092,1.258,1.248,1.224,1.181,1.268,1.209,1.29,1.227,0.094,1.227,0.093,0.096,1.284,1.274,1.237,0.665,1.286,1.171,0.7,1.254,1.263,1.263,0.092,0.09,0.091,0.092,0.092,0.091,0.092,0.091,0.093,0.09,0.091,0.091,0.09
,20:39:16,34,0.093,0.091,0.09,0.09,0.092,0.091,0.091,0.092,0.09,0.09,0.09,0.091,0.092,0.393,0.291,0.434,0.297,0.325,0.266,0.236,0.265,0.252,0.285,0.09,0.092,0.288,0.306,0.352,0.303,0.275,0.351,0.373,0.315,0.083,0.249,0.091,0.095,0.339,0.369,0.318,0.285,0.385,0.37,0.303,0.221,0.277,0.261,0.091,0.092,0.931,1.111,1.139,1.253,1.243,1.161,1.258,1.217,1.218,1.323,0.092,0.092,1.258,1.248,1.222,1.18,1.267,1.208,1.289,1.226,0.094,1.226,0.093,0.096,1.283,1.273,1.236,0.663,1.286,1.171,0.699,1.253,1.263,1.262,0.092,0.09,0.091,0.092,0.092,0.091,0.092,0.091,0.092,0.09,0.091,0.091,0.09
,20:44:16,34,0.093,0.091,0.089,0.09,0.092,0.091,0.091,0.092,0.09,0.09,0.09,0.091,0.092,0.394,0.291,0.434,0.298,0.326,0.266,0.237,0.268,0.252,0.285,0.09,0.092,0.288,0.306,0.353,0.305,0.276,0.351,0.373,0.315,0.082,0.249,0.091,0.095,0.338,0.37,0.319,0.286,0.385,0.369,0.302,0.22,0.277,0.261,0.091,0.092,0.93,1.11,1.139,1.252,1.243,1.16,1.258,1.216,1.217,1.323,0.092,0.092,1.258,1.248,1.222,1.179,1.266,1.207,1.289,1.225,0.095,1.226,0.093,0.096,1.283,1.273,1.235,0.662,1.286,1.17,0.697,1.252,1.262,1.262,0.093,0.09,0.091,0.092,0.092,0.091,0.092,0.091,0.093,0.09,0.091,0.091,0.09
,20:49:16,34,0.093,0.091,0.09,0.09,0.092,0.091,0.091,0.091,0.09,0.09,0.09,0.091,0.092,0.395,0.291,0.433,0.298,0.327,0.266,0.237,0.266,0.254,0.286,0.09,0.092,0.288,0.306,0.353,0.304,0.276,0.35,0.373,0.316,0.082,0.249,0.091,0.094,0.338,0.37,0.319,0.286,0.384,0.368,0.302,0.221,0.276,0.261,0.091,0.092,0.928,1.109,1.138,1.252,1.241,1.159,1.257,1.215,1.216,1.322,0.092,0.091,1.256,1.248,1.221,1.177,1.265,1.206,1.288,1.224,0.094,1.225,0.093,0.096,1.282,1.272,1.234,0.659,1.285,1.168,0.695,1.252,1.261,1.261,0.092,0.09,0.091,0.092,0.092,0.09,0.092,0.091,0.092,0.09,0.091,0.091,0.09
,20:54:16,34,0.092,0.091,0.089,0.09,0.091,0.091,0.091,0.091,0.09,0.09,0.09,0.091,0.092,0.394,0.292,0.434,0.298,0.327,0.266,0.237,0.267,0.253,0.286,0.09,0.092,0.288,0.307,0.353,0.305,0.276,0.35,0.373,0.317,0.082,0.25,0.091,0.094,0.338,0.37,0.319,0.285,0.385,0.369,0.301,0.221,0.277,0.261,0.091,0.092,0.927,1.108,1.137,1.251,1.241,1.158,1.257,1.215,1.215,1.321,0.092,0.091,1.256,1.247,1.22,1.177,1.264,1.205,1.287,1.223,0.094,1.224,0.093,0.096,1.282,1.272,1.233,0.657,1.284,1.168,0.694,1.251,1.261,1.26,0.092,0.09,0.091,0.092,0.092,0.09,0.092,0.091,0.092,0.09,0.091,0.091,0.09
,20:59:16,34,0.093,0.091,0.089,0.09,0.092,0.091,0.091,0.092,0.09,0.09,0.09,0.091,0.092,0.393,0.292,0.434,0.299,0.328,0.267,0.237,0.268,0.254,0.287,0.09,0.092,0.289,0.308,0.355,0.305,0.276,0.35,0.374,0.317,0.083,0.25,0.091,0.095,0.338,0.37,0.319,0.286,0.384,0.368,0.301,0.221,0.277,0.261,0.091,0.092,0.926,1.106,1.136,1.25,1.24,1.159,1.257,1.215,1.214,1.321,0.092,0.092,1.255,1.247,1.219,1.176,1.264,1.205,1.287,1.222,0.094,1.224,0.093,0.096,1.281,1.27,1.232,0.655,1.283,1.167,0.691,1.25,1.26,1.26,0.093,0.09,0.091,0.092,0.092,0.091,0.092,0.091,0.093,0.09,0.091,0.091,0.09
,21:04:16,34,0.093,0.091,0.09,0.091,0.092,0.091,0.091,0.092,0.09,0.09,0.09,0.091,0.092,0.393,0.292,0.434,0.299,0.329,0.268,0.237,0.269,0.254,0.287,0.09,0.092,0.289,0.308,0.353,0.306,0.276,0.349,0.374,0.319,0.083,0.251,0.091,0.095,0.338,0.37,0.32,0.286,0.385,0.368,0.301,0.221,0.277,0.261,0.091,0.092,0.924,1.105,1.135,1.25,1.239,1.158,1.256,1.214,1.213,1.321,0.092,0.092,1.255,1.246,1.218,1.175,1.263,1.204,1.287,1.222,0.094,1.223,0.093,0.096,1.28,1.27,1.231,0.654,1.284,1.167,0.691,1.25,1.26,1.259,0.092,0.09,0.091,0.092,0.092,0.091,0.092,0.091,0.092,0.09,0.091,0.091,0.09
,21:09:16,34,0.093,0.091,0.089,0.09,0.092,0.091,0.091,0.092,0.09,0.09,0.09,0.091,0.092,0.391,0.292,0.433,0.299,0.329,0.268,0.237,0.269,0.254,0.287,0.09,0.092,0.289,0.309,0.353,0.306,0.277,0.349,0.375,0.319,0.082,0.251,0.091,0.094,0.338,0.37,0.32,0.286,0.385,0.368,0.301,0.221,0.278,0.261,0.091,0.092,0.923,1.103,1.134,1.249,1.238,1.157,1.256,1.213,1.212,1.32,0.092,0.091,1.254,1.245,1.216,1.173,1.262,1.203,1.286,1.221,0.094,1.222,0.092,0.096,1.28,1.269,1.23,0.652,1.282,1.166,0.688,1.249,1.259,1.258,0.092,0.09,0.091,0.092,0.092,0.09,0.092,0.091,0.092,0.09,0.091,0.091,0.09
,21:14:16,34,0.093,0.091,0.09,0.09,0.092,0.091,0.091,0.092,0.09,0.09,0.09,0.091,0.092,0.39,0.293,0.434,0.3,0.331,0.269,0.237,0.271,0.255,0.288,0.09,0.092,0.29,0.308,0.353,0.307,0.277,0.349,0.375,0.319,0.083,0.251,0.091,0.094,0.338,0.371,0.32,0.286,0.385,0.368,0.3,0.221,0.277,0.261,0.091,0.092,0.922,1.101,1.134,1.248,1.238,1.156,1.256,1.213,1.211,1.32,0.092,0.092,1.254,1.244,1.216,1.172,1.261,1.202,1.286,1.22,0.094,1.222,0.093,0.096,1.279,1.269,1.229,0.65,1.283,1.165,0.688,1.248,1.259,1.257,0.092,0.09,0.091,0.092,0.092,0.091,0.092,0.091,0.092,0.09,0.091,0.091,0.09
,21:19:16,34,0.093,0.091,0.09,0.09,0.091,0.091,0.091,0.091,0.09,0.09,0.09,0.091,0.092,0.389,0.293,0.433,0.3,0.331,0.269,0.237,0.272,0.254,0.288,0.09,0.092,0.29,0.309,0.354,0.307,0.278,0.348,0.375,0.318,0.082,0.251,0.091,0.095,0.338,0.37,0.321,0.286,0.384,0.367,0.3,0.221,0.278,0.26,0.091,0.092,0.92,1.1,1.132,1.248,1.237,1.155,1.256,1.212,1.21,1.32,0.092,0.091,1.253,1.243,1.214,1.171,1.261,1.201,1.286,1.219,0.094,1.222,0.093,0.096,1.278,1.268,1.228,0.648,1.282,1.164,0.685,1.248,1.258,1.257,0.092,0.09,0.091,0.092,0.092,0.09,0.092,0.091,0.092,0.09,0.091,0.091,0.09
,21:24:16,34,0.093,0.091,0.09,0.09,0.092,0.091,0.091,0.092,0.09,0.09,0.09,0.091,0.092,0.389,0.294,0.434,0.3,0.333,0.27,0.237,0.272,0.255,0.288,0.09,0.092,0.29,0.309,0.354,0.308,0.278,0.348,0.375,0.318,0.082,0.252,0.091,0.095,0.337,0.37,0.321,0.286,0.385,0.367,0.3,0.221,0.278,0.26,0.091,0.092,0.919,1.099,1.132,1.247,1.236,1.155,1.256,1.211,1.21,1.319,0.092,0.092,1.253,1.242,1.214,1.17,1.26,1.199,1.285,1.219,0.094,1.221,0.093,0.096,1.278,1.267,1.227,0.647,1.281,1.164,0.685,1.246,1.258,1.256,0.092,0.09,0.091,0.092,0.092,0.091,0.092,0.091,0.092,0.09,0.091,0.091,0.09
,21:29:16,34,0.092,0.091,0.089,0.09,0.092,0.091,0.09,0.092,0.09,0.09,0.09,0.09,0.092,0.389,0.294,0.434,0.3,0.333,0.27,0.237,0.273,0.257,0.288,0.09,0.092,0.29,0.309,0.353,0.309,0.278,0.348,0.377,0.317,0.082,0.252,0.091,0.095,0.337,0.37,0.321,0.287,0.384,0.367,0.3,0.221,0.278,0.26,0.091,0.092,0.918,1.097,1.13,1.246,1.235,1.154,1.255,1.21,1.208,1.319,0.092,0.092,1.252,1.241,1.212,1.169,1.259,1.198,1.285,1.218,0.094,1.22,0.092,0.096,1.276,1.266,1.226,0.644,1.281,1.163,0.683,1.246,1.257,1.256,0.092,0.09,0.091,0.092,0.092,0.09,0.092,0.091,0.092,0.09,0.091,0.091,0.09
,21:34:16,34,0.093,0.091,0.09,0.09,0.092,0.091,0.091,0.092,0.09,0.09,0.09,0.091,0.092,0.387,0.294,0.434,0.301,0.333,0.271,0.237,0.274,0.257,0.289,0.09,0.092,0.291,0.309,0.352,0.31,0.279,0.347,0.376,0.318,0.083,0.252,0.091,0.095,0.338,0.37,0.322,0.287,0.384,0.367,0.299,0.222,0.279,0.26,0.091,0.092,0.916,1.096,1.13,1.246,1.235,1.153,1.255,1.21,1.208,1.319,0.092,0.092,1.252,1.24,1.212,1.168,1.259,1.198,1.285,1.217,0.094,1.22,0.093,0.096,1.277,1.266,1.225,0.643,1.28,1.163,0.682,1.245,1.256,1.256,0.092,0.09,0.091,0.092,0.092,0.09,0.092,0.091,0.092,0.09,0.091,0.091,0.09
,21:39:16,34,0.092,0.091,0.09,0.09,0.092,0.091,0.091,0.092,0.09,0.09,0.09,0.091,0.092,0.387,0.294,0.434,0.301,0.333,0.272,0.237,0.275,0.257,0.29,0.09,0.092,0.291,0.31,0.352,0.311,0.279,0.347,0.376,0.318,0.082,0.253,0.091,0.094,0.337,0.37,0.322,0.287,0.384,0.366,0.299,0.222,0.279,0.26,0.091,0.092,0.916,1.095,1.129,1.245,1.235,1.152,1.254,1.21,1.207,1.318,0.092,0.092,1.251,1.239,1.21,1.167,1.259,1.197,1.284,1.216,0.094,1.219,0.093,0.096,1.276,1.266,1.224,0.641,1.28,1.162,0.681,1.244,1.256,1.255,0.092,0.09,0.091,0.092,0.092,0.09,0.092,0.091,0.092,0.09,0.091,0.091,0.09
,21:44:16,34,0.093,0.091,0.09,0.09,0.092,0.091,0.091,0.092,0.09,0.09,0.09,0.091,0.092,0.387,0.295,0.435,0.301,0.333,0.273,0.237,0.275,0.257,0.29,0.09,0.092,0.291,0.31,0.353,0.312,0.279,0.346,0.377,0.317,0.082,0.253,0.091,0.095,0.338,0.37,0.322,0.287,0.385,0.366,0.299,0.222,0.279,0.259,0.091,0.092,0.915,1.093,1.128,1.245,1.234,1.152,1.254,1.209,1.207,1.317,0.092,0.092,1.251,1.239,1.209,1.166,1.258,1.196,1.284,1.216,0.094,1.219,0.093,0.096,1.276,1.265,1.224,0.64,1.279,1.162,0.679,1.244,1.255,1.254,0.092,0.09,0.091,0.092,0.092,0.09,0.092,0.091,0.092,0.09,0.091,0.091,0.09
,21:49:16,34,0.093,0.091,0.09,0.09,0.092,0.091,0.091,0.092,0.09,0.09,0.09,0.091,0.092,0.386,0.295,0.434,0.301,0.333,0.273,0.238,0.276,0.257,0.29,0.09,0.092,0.291,0.31,0.354,0.311,0.279,0.346,0.378,0.317,0.082,0.253,0.091,0.095,0.338,0.37,0.323,0.287,0.384,0.366,0.299,0.222,0.278,0.259,0.091,0.092,0.913,1.092,1.127,1.243,1.232,1.151,1.254,1.208,1.206,1.317,0.092,0.092,1.249,1.237,1.208,1.165,1.257,1.194,1.283,1.214,0.094,1.218,0.093,0.096,1.274,1.264,1.222,0.637,1.278,1.161,0.678,1.243,1.255,1.253,0.092,0.09,0.091,0.092,0.092,0.09,0.092,0.091,0.092,0.09,0.091,0.091,0.09
,21:54:16,34,0.093,0.091,0.09,0.09,0.092,0.091,0.091,0.092,0.09,0.09,0.09,0.091,0.092,0.386,0.295,0.434,0.301,0.333,0.274,0.238,0.276,0.258,0.291,0.09,0.092,0.292,0.311,0.354,0.312,0.28,0.345,0.378,0.317,0.083,0.253,0.091,0.095,0.338,0.37,0.323,0.287,0.385,0.366,0.298,0.223,0.279,0.259,0.091,0.092,0.912,1.09,1.126,1.243,1.232,1.151,1.254,1.208,1.205,1.317,0.092,0.092,1.249,1.237,1.207,1.163,1.257,1.194,1.282,1.214,0.094,1.218,0.093,0.096,1.274,1.263,1.221,0.635,1.278,1.16,0.676,1.242,1.254,1.253,0.092,0.09,0.091,0.092,0.092,0.091,0.092,0.091,0.092,0.09,0.091,0.091,0.09
,21:59:16,34,0.093,0.091,0.09,0.091,0.092,0.091,0.091,0.092,0.09,0.09,0.09,0.091,0.092,0.385,0.296,0.435,0.302,0.333,0.275,0.238,0.277,0.258,0.291,0.09,0.092,0.292,0.311,0.353,0.313,0.28,0.345,0.379,0.317,0.083,0.254,0.091,0.095,0.339,0.37,0.323,0.287,0.385,0.365,0.298,0.223,0.28,0.259,0.091,0.092,0.911,1.089,1.126,1.243,1.231,1.151,1.254,1.208,1.204,1.316,0.092,0.092,1.249,1.236,1.206,1.163,1.256,1.192,1.282,1.213,0.094,1.217,0.093,0.096,1.273,1.263,1.221,0.634,1.278,1.16,0.674,1.242,1.254,1.252,0.092,0.09,0.091,0.092,0.092,0.091,0.092,0.091,0.092,0.09,0.091,0.091,0.09
,22:04:16,34,0.093,0.091,0.09,0.091,0.092,0.091,0.091,0.092,0.09,0.09,0.09,0.091,0.092,0.385,0.296,0.434,0.302,0.333,0.276,0.238,0.278,0.258,0.291,0.09,0.092,0.293,0.311,0.352,0.314,0.281,0.345,0.379,0.317,0.083,0.254,0.091,0.095,0.339,0.37,0.324,0.287,0.385,0.365,0.298,0.222,0.279,0.259,0.091,0.092,0.91,1.087,1.125,1.242,1.231,1.149,1.253,1.207,1.203,1.316,0.092,0.092,1.248,1.235,1.205,1.161,1.256,1.191,1.282,1.212,0.094,1.216,0.093,0.096,1.273,1.262,1.22,0.632,1.277,1.159,0.673,1.241,1.253,1.252,0.092,0.09,0.091,0.092,0.092,0.091,0.092,0.091,0.093,0.09,0.091,0.091,0.09
,,,,,,,,,,,,,,,,,,,,,,,,,,,,,,,,,,,,,,,,,,,,,,,,,,,,,,,,,,,,,,,,,,,,,,,,,,,,,,,,,,,,,,,,,,,,,,,,,,
Results,,,,,,,,,,,,,,,,,,,,,,,,,,,,,,,,,,,,,,,,,,,,,,,,,,,,,,,,,,,,,,,,,,,,,,,,,,,,,,,,,,,,,,,,,,,,,,,,,,
,,,,,,,,,,,,,,,,,,,,,,,,,,,,,,,,,,,,,,,,,,,,,,,,,,,,,,,,,,,,,,,,,,,,,,,,,,,,,,,,,,,,,,,,,,,,,,,,,,
,,1,2,3,4,5,6,7,8,9,10,11,12,,,,,,,,,,,,,,,,,,,,,,,,,,,,,,,,,,,,,,,,,,,,,,,,,,,,,,,,,,,,,,,,,,,,,,,,,,,,,,,,,,,,,
,A,-0.024,-0.03,-0.024,-0.03,-0.022,-0.034,-0.026,-0.026,-0.022,-0.028,-0.026,-0.044,Max V [600],,,,,,,,,,,,,,,,,,,,,,,,,,,,,,,,,,,,,,,,,,,,,,,,,,,,,,,,,,,,,,,,,,,,,,,,,,,,,,,,,,,,
,,0.837,0.937,0.692,0.686,0.917,0.963,0.939,0.899,0.945,0.925,0.797,0.614,R-Squared [600],,,,,,,,,,,,,,,,,,,,,,,,,,,,,,,,,,,,,,,,,,,,,,,,,,,,,,,,,,,,,,,,,,,,,,,,,,,,,,,,,,,,
,,17:39:16,0:14:16,2:49:16,2:19:16,0:14:16,0:14:16,16:54:16,6:14:16,6:14:16,2:19:16,2:19:16,18:09:16,t at Max V [600],,,,,,,,,,,,,,,,,,,,,,,,,,,,,,,,,,,,,,,,,,,,,,,,,,,,,,,,,,,,,,,,,,,,,,,,,,,,,,,,,,,,
,,17:00:06,0:04:16,2:16:46,2:01:56,?????,?????,16:27:21,6:09:39,5:43:21,2:07:07,2:05:25,17:53:49,Lagtime [600],,,,,,,,,,,,,,,,,,,,,,,,,,,,,,,,,,,,,,,,,,,,,,,,,,,,,,,,,,,,,,,,,,,,,,,,,,,,,,,,,,,,
,B,-0.036,0.76,0.706,1.136,-2.25,-0.768,0.4,0.322,0.41,0.36,0.466,-0.03,Max V [600],,,,,,,,,,,,,,,,,,,,,,,,,,,,,,,,,,,,,,,,,,,,,,,,,,,,,,,,,,,,,,,,,,,,,,,,,,,,,,,,,,,,
,,0.659,0.987,0.641,0.935,0.533,0.661,0.989,0.997,0.927,0.967,0.977,0.84,R-Squared [600],,,,,,,,,,,,,,,,,,,,,,,,,,,,,,,,,,,,,,,,,,,,,,,,,,,,,,,,,,,,,,,,,,,,,,,,,,,,,,,,,,,,
,,2:19:16,18:24:16,7:04:16,17:09:16,0:14:16,0:14:16,15:39:16,5:09:16,9:04:16,9:54:16,7:59:16,7:09:16,t at Max V [600],,,,,,,,,,,,,,,,,,,,,,,,,,,,,,,,,,,,,,,,,,,,,,,,,,,,,,,,,,,,,,,,,,,,,,,,,,,,,,,,,,,,
,,2:07:03,13:07:37,5:09:02,12:17:01,?????,?????,10:02:22,3:22:00,7:02:57,6:08:06,5:53:46,7:01:56,Lagtime [600],,,,,,,,,,,,,,,,,,,,,,,,,,,,,,,,,,,,,,,,,,,,,,,,,,,,,,,,,,,,,,,,,,,,,,,,,,,,,,,,,,,,
,C,-0.026,-0.96,0.434,0.996,0.424,0.452,0.424,0.534,0.526,-0.026,0.286,-0.022,Max V [600],,,,,,,,,,,,,,,,,,,,,,,,,,,,,,,,,,,,,,,,,,,,,,,,,,,,,,,,,,,,,,,,,,,,,,,,,,,,,,,,,,,,
,,0.631,0.805,0.957,0.864,0.893,0.847,0.877,0.999,0.92,0.797,0.998,0.917,R-Squared [600],,,,,,,,,,,,,,,,,,,,,,,,,,,,,,,,,,,,,,,,,,,,,,,,,,,,,,,,,,,,,,,,,,,,,,,,,,,,,,,,,,,,
,,2:24:16,0:14:16,4:39:16,6:49:16,9:49:16,6:04:16,5:39:16,16:19:16,8:49:16,6:14:16,6:54:16,18:34:16,t at Max V [600],,,,,,,,,,,,,,,,,,,,,,,,,,,,,,,,,,,,,,,,,,,,,,,,,,,,,,,,,,,,,,,,,,,,,,,,,,,,,,,,,,,,
,,2:15:48,?????,2:23:28,5:45:38,5:45:04,3:52:54,3:46:15,8:30:21,6:04:38,5:53:30,4:17:50,18:00:38,Lagtime [600],,,,,,,,,,,,,,,,,,,,,,,,,,,,,,,,,,,,,,,,,,,,,,,,,,,,,,,,,,,,,,,,,,,,,,,,,,,,,,,,,,,,
,D,-0.026,0.48,0.404,0.556,-2.732,0.962,0.65,-1.856,0.338,0.534,0.38,-0.026,Max V [600],,,,,,,,,,,,,,,,,,,,,,,,,,,,,,,,,,,,,,,,,,,,,,,,,,,,,,,,,,,,,,,,,,,,,,,,,,,,,,,,,,,,
,,0.631,0.896,0.829,0.78,0.686,0.797,0.998,0.607,0.986,0.926,0.997,0.621,R-Squared [600],,,,,,,,,,,,,,,,,,,,,,,,,,,,,,,,,,,,,,,,,,,,,,,,,,,,,,,,,,,,,,,,,,,,,,,,,,,,,,,,,,,,
,,2:19:16,12:04:16,9:49:16,10:09:16,0:19:16,7:34:16,5:34:16,0:14:16,8:29:16,7:09:16,4:54:16,12:29:16,t at Max V [600],,,,,,,,,,,,,,,,,,,,,,,,,,,,,,,,,,,,,,,,,,,,,,,,,,,,,,,,,,,,,,,,,,,,,,,,,,,,,,,,,,,,
,,2:18:30,6:11:39,3:49:01,6:24:51,0:11:52,5:26:59,3:42:01,?????,6:04:43,4:50:28,3:06:13,12:15:25,Lagtime [600],,,,,,,,,,,,,,,,,,,,,,,,,,,,,,,,,,,,,,,,,,,,,,,,,,,,,,,,,,,,,,,,,,,,,,,,,,,,,,,,,,,,
,E,0.026,4.81,6.32,2.614,6.084,6.328,4.518,6.072,4.424,6.9,6.664,-0.02,Max V [600],,,,,,,,,,,,,,,,,,,,,,,,,,,,,,,,,,,,,,,,,,,,,,,,,,,,,,,,,,,,,,,,,,,,,,,,,,,,,,,,,,,,
,,0.899,0.999,0.997,1,0.994,0.992,0.999,0.998,0.998,0.994,0.993,0.758,R-Squared [600],,,,,,,,,,,,,,,,,,,,,,,,,,,,,,,,,,,,,,,,,,,,,,,,,,,,,,,,,,,,,,,,,,,,,,,,,,,,,,,,,,,,
,,3:29:16,3:29:16,2:59:16,4:14:16,2:49:16,2:54:16,3:49:16,3:14:16,3:59:16,2:54:16,2:59:16,2:19:16,t at Max V [600],,,,,,,,,,,,,,,,,,,,,,,,,,,,,,,,,,,,,,,,,,,,,,,,,,,,,,,,,,,,,,,,,,,,,,,,,,,,,,,,,,,,
,,3:40:02,2:17:21,1:56:20,2:31:08,1:52:39,1:55:17,2:32:34,2:15:59,2:45:06,1:55:21,2:00:45,1:52:16,Lagtime [600],,,,,,,,,,,,,,,,,,,,,,,,,,,,,,,,,,,,,,,,,,,,,,,,,,,,,,,,,,,,,,,,,,,,,,,,,,,,,,,,,,,,
,F,-0.024,5.736,6.282,5.31,5.38,6.464,6.11,6.62,6.444,0.028,5.116,-0.03,Max V [600],,,,,,,,,,,,,,,,,,,,,,,,,,,,,,,,,,,,,,,,,,,,,,,,,,,,,,,,,,,,,,,,,,,,,,,,,,,,,,,,,,,,
,,0.947,0.998,0.999,1,0.997,0.995,0.995,0.994,0.995,0.845,0.998,0.937,R-Squared [600],,,,,,,,,,,,,,,,,,,,,,,,,,,,,,,,,,,,,,,,,,,,,,,,,,,,,,,,,,,,,,,,,,,,,,,,,,,,,,,,,,,,
,,16:54:16,2:49:16,2:54:16,3:19:16,3:04:16,2:49:16,3:09:16,2:54:16,3:04:16,2:04:16,3:49:16,2:19:16,t at Max V [600],,,,,,,,,,,,,,,,,,,,,,,,,,,,,,,,,,,,,,,,,,,,,,,,,,,,,,,,,,,,,,,,,,,,,,,,,,,,,,,,,,,,
,,17:04:16,1:45:54,1:56:10,2:05:51,2:00:55,1:50:28,2:09:27,1:54:20,2:06:16,2:16:25,2:35:42,2:12:36,Lagtime [600],,,,,,,,,,,,,,,,,,,,,,,,,,,,,,,,,,,,,,,,,,,,,,,,,,,,,,,,,,,,,,,,,,,,,,,,,,,,,,,,,,,,
,G,-0.032,5.516,5.932,5.414,4.45,6.4,4.906,4.57,6.556,6.72,6.712,-0.076,Max V [600],,,,,,,,,,,,,,,,,,,,,,,,,,,,,,,,,,,,,,,,,,,,,,,,,,,,,,,,,,,,,,,,,,,,,,,,,,,,,,,,,,,,
,,0.941,0.999,0.998,0.995,0.997,0.998,0.995,0.998,0.998,0.993,0.999,0.997,R-Squared [600],,,,,,,,,,,,,,,,,,,,,,,,,,,,,,,,,,,,,,,,,,,,,,,,,,,,,,,,,,,,,,,,,,,,,,,,,,,,,,,,,,,,
,,0:14:16,3:04:16,3:09:16,3:09:16,2:39:16,2:44:16,3:19:16,2:39:16,3:04:16,2:59:16,2:59:16,0:29:16,t at Max V [600],,,,,,,,,,,,,,,,,,,,,,,,,,,,,,,,,,,,,,,,,,,,,,,,,,,,,,,,,,,,,,,,,,,,,,,,,,,,,,,,,,,,
,,?????,1:53:07,2:03:44,2:07:17,1:32:22,1:46:17,2:18:08,1:28:23,2:05:32,2:06:17,1:58:33,0:18:29,Lagtime [600],,,,,,,,,,,,,,,,,,,,,,,,,,,,,,,,,,,,,,,,,,,,,,,,,,,,,,,,,,,,,,,,,,,,,,,,,,,,,,,,,,,,
,H,-0.02,-0.024,-0.026,-0.024,0.026,0.026,-0.074,0.022,0.038,0.028,-0.024,-0.028,Max V [600],,,,,,,,,,,,,,,,,,,,,,,,,,,,,,,,,,,,,,,,,,,,,,,,,,,,,,,,,,,,,,,,,,,,,,,,,,,,,,,,,,,,
,,0.676,0.947,0.812,0.947,0.797,0.768,0.905,0.571,0.679,0.636,0.692,0.731,R-Squared [600],,,,,,,,,,,,,,,,,,,,,,,,,,,,,,,,,,,,,,,,,,,,,,,,,,,,,,,,,,,,,,,,,,,,,,,,,,,,,,,,,,,,
,,12:54:16,6:39:16,7:09:16,16:54:16,7:54:16,12:14:16,2:19:16,2:29:16,10:44:16,0:39:16,13:49:16,20:19:16,t at Max V [600],,,,,,,,,,,,,,,,,,,,,,,,,,,,,,,,,,,,,,,,,,,,,,,,,,,,,,,,,,,,,,,,,,,,,,,,,,,,,,,,,,,,
,,12:50:16,6:16:46,7:00:48,17:12:36,7:52:43,11:55:02,2:17:06,2:22:54,10:32:10,0:43:33,14:06:46,20:05:42,Lagtime [600],,,,,,,,,,,,,,,,,,,,,,,,,,,,,,,,,,,,,,,,,,,,,,,,,,,,,,,,,,,,,,,,,,,,,,,,,,,,,,,,,,,,
