Software Version,3.11.19,,,,,,,,,,,,,,,,,,,,,,,,,,,,,,,,,,,,,,,,,,,,,,,,,,,,,,,,,,,,,,,,,,,,,,,,,,,,,,,,,,,,,,,,,,,,,,,,,
,,,,,,,,,,,,,,,,,,,,,,,,,,,,,,,,,,,,,,,,,,,,,,,,,,,,,,,,,,,,,,,,,,,,,,,,,,,,,,,,,,,,,,,,,,,,,,,,,,
Experiment File Path:,C:\Users\Public\Documents\Experiments\Experiment2.xpt,,,,,,,,,,,,,,,,,,,,,,,,,,,,,,,,,,,,,,,,,,,,,,,,,,,,,,,,,,,,,,,,,,,,,,,,,,,,,,,,,,,,,,,,,,,,,,,,,
Protocol File Path:,C:\Users\aljelab\Documents\Plate Reader Data\Edward Liu\PROT\RIFRxT 46c.prt,,,,,,,,,,,,,,,,,,,,,,,,,,,,,,,,,,,,,,,,,,,,,,,,,,,,,,,,,,,,,,,,,,,,,,,,,,,,,,,,,,,,,,,,,,,,,,,,,
Plate Number,Plate 2,,,,,,,,,,,,,,,,,,,,,,,,,,,,,,,,,,,,,,,,,,,,,,,,,,,,,,,,,,,,,,,,,,,,,,,,,,,,,,,,,,,,,,,,,,,,,,,,,
Date,2/06/2026,,,,,,,,,,,,,,,,,,,,,,,,,,,,,,,,,,,,,,,,,,,,,,,,,,,,,,,,,,,,,,,,,,,,,,,,,,,,,,,,,,,,,,,,,,,,,,,,,
Time,9:45:09 AM,,,,,,,,,,,,,,,,,,,,,,,,,,,,,,,,,,,,,,,,,,,,,,,,,,,,,,,,,,,,,,,,,,,,,,,,,,,,,,,,,,,,,,,,,,,,,,,,,
Reader Type:,Epoch 2,,,,,,,,,,,,,,,,,,,,,,,,,,,,,,,,,,,,,,,,,,,,,,,,,,,,,,,,,,,,,,,,,,,,,,,,,,,,,,,,,,,,,,,,,,,,,,,,,
Reader Serial Number:,1411241A,,,,,,,,,,,,,,,,,,,,,,,,,,,,,,,,,,,,,,,,,,,,,,,,,,,,,,,,,,,,,,,,,,,,,,,,,,,,,,,,,,,,,,,,,,,,,,,,,
Reading Type,Reader,,,,,,,,,,,,,,,,,,,,,,,,,,,,,,,,,,,,,,,,,,,,,,,,,,,,,,,,,,,,,,,,,,,,,,,,,,,,,,,,,,,,,,,,,,,,,,,,,
,,,,,,,,,,,,,,,,,,,,,,,,,,,,,,,,,,,,,,,,,,,,,,,,,,,,,,,,,,,,,,,,,,,,,,,,,,,,,,,,,,,,,,,,,,,,,,,,,,
Procedure Details,,,,,,,,,,,,,,,,,,,,,,,,,,,,,,,,,,,,,,,,,,,,,,,,,,,,,,,,,,,,,,,,,,,,,,,,,,,,,,,,,,,,,,,,,,,,,,,,,,
Plate Type,96 WELL PLATE (Use plate lid),,,,,,,,,,,,,,,,,,,,,,,,,,,,,,,,,,,,,,,,,,,,,,,,,,,,,,,,,,,,,,,,,,,,,,,,,,,,,,,,,,,,,,,,,,,,,,,,,
Eject plate on completion,,,,,,,,,,,,,,,,,,,,,,,,,,,,,,,,,,,,,,,,,,,,,,,,,,,,,,,,,,,,,,,,,,,,,,,,,,,,,,,,,,,,,,,,,,,,,,,,,,
Set Temperature,"Setpoint 46°C, Gradient 0 °C",,,,,,,,,,,,,,,,,,,,,,,,,,,,,,,,,,,,,,,,,,,,,,,,,,,,,,,,,,,,,,,,,,,,,,,,,,,,,,,,,,,,,,,,,,,,,,,,,
,Preheat before moving to next step,,,,,,,,,,,,,,,,,,,,,,,,,,,,,,,,,,,,,,,,,,,,,,,,,,,,,,,,,,,,,,,,,,,,,,,,,,,,,,,,,,,,,,,,,,,,,,,,,
Start Kinetic,"Runtime 22:00:00 (HH:MM:SS), Interval 0:05:00, 265 Reads",,,,,,,,,,,,,,,,,,,,,,,,,,,,,,,,,,,,,,,,,,,,,,,,,,,,,,,,,,,,,,,,,,,,,,,,,,,,,,,,,,,,,,,,,,,,,,,,,
    Shake,Linear: Continuous,,,,,,,,,,,,,,,,,,,,,,,,,,,,,,,,,,,,,,,,,,,,,,,,,,,,,,,,,,,,,,,,,,,,,,,,,,,,,,,,,,,,,,,,,,,,,,,,,
,Frequency: 567 cpm (3 mm),,,,,,,,,,,,,,,,,,,,,,,,,,,,,,,,,,,,,,,,,,,,,,,,,,,,,,,,,,,,,,,,,,,,,,,,,,,,,,,,,,,,,,,,,,,,,,,,,
    Read,Absorbance Endpoint,,,,,,,,,,,,,,,,,,,,,,,,,,,,,,,,,,,,,,,,,,,,,,,,,,,,,,,,,,,,,,,,,,,,,,,,,,,,,,,,,,,,,,,,,,,,,,,,,
,Full Plate,,,,,,,,,,,,,,,,,,,,,,,,,,,,,,,,,,,,,,,,,,,,,,,,,,,,,,,,,,,,,,,,,,,,,,,,,,,,,,,,,,,,,,,,,,,,,,,,,
,Wavelengths:  600,,,,,,,,,,,,,,,,,,,,,,,,,,,,,,,,,,,,,,,,,,,,,,,,,,,,,,,,,,,,,,,,,,,,,,,,,,,,,,,,,,,,,,,,,,,,,,,,,
,"Read Speed: Normal,  Delay: 100 msec,  Measurements/Data Point: 8",,,,,,,,,,,,,,,,,,,,,,,,,,,,,,,,,,,,,,,,,,,,,,,,,,,,,,,,,,,,,,,,,,,,,,,,,,,,,,,,,,,,,,,,,,,,,,,,,
End Kinetic,,,,,,,,,,,,,,,,,,,,,,,,,,,,,,,,,,,,,,,,,,,,,,,,,,,,,,,,,,,,,,,,,,,,,,,,,,,,,,,,,,,,,,,,,,,,,,,,,,
,,,,,,,,,,,,,,,,,,,,,,,,,,,,,,,,,,,,,,,,,,,,,,,,,,,,,,,,,,,,,,,,,,,,,,,,,,,,,,,,,,,,,,,,,,,,,,,,,,
600,,,,,,,,,,,,,,,,,,,,,,,,,,,,,,,,,,,,,,,,,,,,,,,,,,,,,,,,,,,,,,,,,,,,,,,,,,,,,,,,,,,,,,,,,,,,,,,,,,
,,,,,,,,,,,,,,,,,,,,,,,,,,,,,,,,,,,,,,,,,,,,,,,,,,,,,,,,,,,,,,,,,,,,,,,,,,,,,,,,,,,,,,,,,,,,,,,,,,
,Time,T° 600,A1,A2,A3,A4,A5,A6,A7,A8,A9,A10,A11,A12,B1,B2,B3,B4,B5,B6,B7,B8,B9,B10,B11,B12,C1,C2,C3,C4,C5,C6,C7,C8,C9,C10,C11,C12,D1,D2,D3,D4,D5,D6,D7,D8,D9,D10,D11,D12,E1,E2,E3,E4,E5,E6,E7,E8,E9,E10,E11,E12,F1,F2,F3,F4,F5,F6,F7,F8,F9,F10,F11,F12,G1,G2,G3,G4,G5,G6,G7,G8,G9,G10,G11,G12,H1,H2,H3,H4,H5,H6,H7,H8,H9,H10,H11,H12
,0:04:16,46,0.091,0.09,0.091,0.092,0.089,0.09,0.088,0.09,0.089,0.089,0.088,0.089,0.088,0.083,0.092,0.081,0.082,0.082,0.082,0.083,0.083,0.083,0.082,0.089,0.088,0.079,0.083,0.082,0.081,0.094,0.082,0.083,0.082,0.082,0.082,0.088,0.09,0.083,0.083,0.083,0.084,0.081,0.084,0.082,0.082,0.082,0.082,0.089,0.089,0.094,0.096,0.095,0.097,0.096,0.091,0.107,0.089,0.099,0.105,0.09,0.091,0.095,0.089,0.094,0.098,0.094,0.093,0.096,0.089,0.099,0.096,0.093,0.091,0.099,0.094,0.086,0.103,0.099,0.091,0.091,0.092,0.094,0.103,0.091,0.09,0.087,0.087,0.092,0.089,0.089,0.087,0.089,0.087,0.088,0.088,0.087
,0:09:16,46,0.091,0.09,0.091,0.092,0.089,0.088,0.088,0.09,0.089,0.089,0.088,0.089,0.088,0.083,0.092,0.082,0.082,0.083,0.082,0.083,0.083,0.083,0.082,0.089,0.088,0.079,0.083,0.083,0.081,0.093,0.082,0.083,0.082,0.083,0.083,0.088,0.09,0.083,0.097,0.083,0.084,0.082,0.085,0.082,0.082,0.082,0.082,0.089,0.09,0.094,0.097,0.095,0.097,0.096,0.091,0.106,0.089,0.099,0.105,0.09,0.094,0.095,0.09,0.094,0.097,0.095,0.093,0.096,0.09,0.1,0.097,0.093,0.091,0.1,0.094,0.086,0.102,0.098,0.092,0.091,0.092,0.094,0.102,0.091,0.09,0.087,0.087,0.092,0.089,0.089,0.087,0.09,0.088,0.088,0.089,0.088
,0:14:16,46,0.09,0.09,0.09,0.091,0.089,0.088,0.088,0.09,0.089,0.089,0.088,0.089,0.088,0.083,0.092,0.082,0.082,0.083,0.082,0.083,0.083,0.083,0.082,0.089,0.089,0.079,0.082,0.082,0.082,0.089,0.082,0.083,0.082,0.083,0.082,0.088,0.09,0.082,0.082,0.082,0.084,0.081,0.084,0.082,0.082,0.082,0.082,0.089,0.089,0.094,0.097,0.094,0.096,0.095,0.09,0.105,0.089,0.098,0.104,0.089,0.091,0.094,0.089,0.093,0.097,0.094,0.093,0.095,0.089,0.098,0.097,0.093,0.091,0.099,0.094,0.086,0.102,0.098,0.091,0.09,0.091,0.093,0.102,0.091,0.09,0.087,0.087,0.092,0.089,0.089,0.087,0.089,0.088,0.088,0.088,0.088
,0:19:16,46,0.09,0.09,0.091,0.091,0.089,0.088,0.088,0.09,0.089,0.088,0.088,0.089,0.088,0.083,0.092,0.082,0.082,0.083,0.082,0.083,0.083,0.083,0.082,0.089,0.088,0.079,0.083,0.082,0.081,0.088,0.082,0.083,0.083,0.086,0.082,0.088,0.09,0.083,0.082,0.082,0.084,0.082,0.085,0.082,0.082,0.082,0.082,0.089,0.089,0.093,0.097,0.094,0.097,0.095,0.09,0.105,0.089,0.098,0.104,0.089,0.091,0.094,0.089,0.093,0.097,0.094,0.092,0.095,0.089,0.099,0.097,0.093,0.091,0.099,0.094,0.086,0.102,0.098,0.091,0.09,0.091,0.093,0.102,0.091,0.09,0.088,0.087,0.093,0.089,0.089,0.087,0.089,0.088,0.088,0.088,0.088
,0:24:16,46,0.09,0.09,0.091,0.091,0.089,0.087,0.088,0.089,0.089,0.088,0.088,0.089,0.088,0.083,0.092,0.082,0.082,0.083,0.082,0.083,0.083,0.083,0.082,0.089,0.088,0.079,0.083,0.083,0.082,0.087,0.082,0.083,0.082,0.088,0.082,0.088,0.09,0.083,0.09,0.082,0.084,0.081,0.084,0.082,0.082,0.082,0.082,0.089,0.089,0.093,0.096,0.094,0.097,0.095,0.09,0.106,0.089,0.098,0.103,0.089,0.093,0.095,0.089,0.093,0.097,0.094,0.092,0.095,0.089,0.099,0.097,0.093,0.091,0.099,0.094,0.086,0.102,0.098,0.091,0.09,0.091,0.093,0.102,0.091,0.09,0.087,0.087,0.092,0.089,0.089,0.087,0.089,0.087,0.088,0.088,0.088
,0:29:16,46,0.09,0.09,0.09,0.091,0.088,0.087,0.088,0.089,0.089,0.088,0.088,0.089,0.088,0.083,0.092,0.081,0.081,0.082,0.082,0.083,0.083,0.083,0.082,0.089,0.088,0.079,0.082,0.082,0.081,0.087,0.082,0.083,0.082,0.082,0.082,0.088,0.09,0.082,0.082,0.082,0.084,0.081,0.084,0.082,0.082,0.081,0.082,0.088,0.089,0.093,0.096,0.094,0.096,0.095,0.09,0.105,0.089,0.098,0.104,0.089,0.093,0.095,0.089,0.093,0.097,0.094,0.092,0.095,0.089,0.099,0.097,0.093,0.091,0.099,0.093,0.086,0.102,0.098,0.091,0.09,0.091,0.093,0.102,0.091,0.09,0.087,0.087,0.092,0.089,0.089,0.087,0.089,0.088,0.088,0.088,0.088
,0:34:16,46,0.09,0.09,0.09,0.091,0.088,0.087,0.088,0.089,0.089,0.088,0.088,0.088,0.088,0.083,0.092,0.081,0.082,0.082,0.082,0.083,0.083,0.083,0.082,0.089,0.088,0.079,0.082,0.082,0.081,0.087,0.082,0.083,0.082,0.082,0.082,0.088,0.09,0.083,0.087,0.082,0.084,0.081,0.084,0.082,0.082,0.082,0.082,0.089,0.089,0.093,0.096,0.095,0.096,0.095,0.09,0.104,0.089,0.099,0.105,0.089,0.091,0.095,0.089,0.093,0.097,0.095,0.092,0.095,0.089,0.099,0.097,0.093,0.091,0.099,0.093,0.086,0.102,0.098,0.091,0.09,0.091,0.093,0.102,0.091,0.09,0.087,0.087,0.092,0.089,0.089,0.087,0.089,0.087,0.088,0.088,0.088
,0:39:16,45.9,0.09,0.09,0.09,0.091,0.088,0.087,0.088,0.089,0.089,0.088,0.088,0.089,0.088,0.083,0.092,0.081,0.082,0.082,0.082,0.083,0.083,0.082,0.082,0.089,0.088,0.079,0.082,0.082,0.081,0.087,0.082,0.083,0.082,0.082,0.082,0.088,0.09,0.083,0.082,0.082,0.084,0.081,0.084,0.082,0.082,0.082,0.082,0.088,0.089,0.093,0.096,0.095,0.096,0.095,0.09,0.104,0.089,0.099,0.106,0.089,0.091,0.095,0.089,0.094,0.096,0.094,0.092,0.096,0.089,0.099,0.098,0.093,0.091,0.099,0.094,0.086,0.103,0.098,0.091,0.09,0.092,0.093,0.102,0.091,0.09,0.087,0.088,0.093,0.089,0.089,0.087,0.089,0.088,0.088,0.089,0.088
,0:44:16,46,0.09,0.09,0.09,0.091,0.088,0.087,0.088,0.089,0.089,0.088,0.088,0.089,0.088,0.083,0.091,0.081,0.081,0.082,0.082,0.083,0.083,0.082,0.082,0.089,0.088,0.079,0.082,0.082,0.081,0.087,0.082,0.083,0.082,0.082,0.082,0.088,0.09,0.082,0.092,0.082,0.084,0.081,0.084,0.082,0.082,0.081,0.082,0.088,0.089,0.093,0.096,0.096,0.097,0.095,0.09,0.104,0.089,0.1,0.107,0.089,0.092,0.096,0.089,0.093,0.097,0.095,0.092,0.097,0.089,0.099,0.098,0.093,0.091,0.099,0.094,0.086,0.104,0.098,0.091,0.09,0.091,0.093,0.102,0.091,0.09,0.087,0.087,0.092,0.089,0.089,0.087,0.089,0.087,0.088,0.089,0.088
,0:49:16,45.9,0.09,0.09,0.09,0.091,0.088,0.087,0.088,0.089,0.089,0.088,0.088,0.089,0.088,0.082,0.092,0.081,0.082,0.082,0.082,0.082,0.083,0.083,0.082,0.089,0.088,0.079,0.082,0.082,0.081,0.086,0.082,0.083,0.082,0.082,0.082,0.088,0.09,0.083,0.094,0.082,0.084,0.081,0.084,0.082,0.082,0.081,0.082,0.088,0.089,0.093,0.097,0.097,0.097,0.095,0.09,0.103,0.089,0.101,0.109,0.089,0.093,0.096,0.089,0.093,0.096,0.095,0.092,0.097,0.089,0.1,0.099,0.093,0.091,0.1,0.094,0.086,0.104,0.098,0.091,0.09,0.092,0.093,0.103,0.091,0.09,0.087,0.087,0.092,0.089,0.089,0.087,0.089,0.087,0.088,0.088,0.088
,0:54:16,46,0.09,0.09,0.091,0.091,0.089,0.087,0.088,0.089,0.089,0.088,0.088,0.089,0.088,0.082,0.092,0.081,0.081,0.082,0.082,0.083,0.083,0.083,0.082,0.089,0.088,0.079,0.082,0.082,0.081,0.087,0.082,0.083,0.082,0.082,0.082,0.088,0.09,0.083,0.099,0.082,0.084,0.081,0.085,0.082,0.082,0.081,0.082,0.088,0.089,0.094,0.097,0.098,0.097,0.095,0.09,0.104,0.089,0.102,0.111,0.089,0.093,0.095,0.089,0.093,0.096,0.095,0.092,0.098,0.089,0.101,0.1,0.093,0.091,0.1,0.094,0.086,0.105,0.099,0.091,0.091,0.092,0.093,0.104,0.091,0.09,0.088,0.087,0.093,0.089,0.089,0.087,0.089,0.087,0.088,0.089,0.088
,0:59:16,46,0.09,0.09,0.09,0.091,0.088,0.087,0.088,0.089,0.089,0.088,0.088,0.088,0.087,0.082,0.091,0.081,0.081,0.082,0.082,0.083,0.083,0.082,0.081,0.088,0.088,0.079,0.082,0.082,0.081,0.086,0.082,0.082,0.082,0.082,0.082,0.088,0.089,0.083,0.102,0.082,0.084,0.081,0.084,0.082,0.082,0.081,0.082,0.088,0.089,0.094,0.098,0.099,0.097,0.095,0.09,0.104,0.088,0.109,0.113,0.089,0.093,0.095,0.089,0.093,0.096,0.095,0.092,0.099,0.089,0.102,0.101,0.093,0.091,0.1,0.094,0.086,0.106,0.099,0.091,0.09,0.092,0.093,0.105,0.091,0.09,0.087,0.087,0.092,0.089,0.089,0.087,0.089,0.087,0.088,0.089,0.088
,1:04:16,46,0.09,0.09,0.091,0.091,0.088,0.087,0.088,0.089,0.089,0.088,0.088,0.089,0.088,0.083,0.092,0.081,0.082,0.082,0.082,0.083,0.083,0.083,0.082,0.089,0.088,0.079,0.083,0.082,0.081,0.087,0.082,0.083,0.083,0.082,0.082,0.088,0.09,0.083,0.104,0.082,0.084,0.081,0.085,0.082,0.082,0.082,0.082,0.088,0.089,0.094,0.098,0.1,0.098,0.096,0.09,0.104,0.089,0.105,0.115,0.089,0.093,0.095,0.089,0.093,0.097,0.096,0.093,0.1,0.089,0.102,0.102,0.093,0.091,0.101,0.094,0.086,0.108,0.1,0.091,0.09,0.092,0.093,0.107,0.091,0.09,0.088,0.087,0.093,0.089,0.089,0.087,0.089,0.088,0.088,0.089,0.088
,1:09:16,46,0.09,0.09,0.09,0.091,0.088,0.087,0.088,0.089,0.088,0.088,0.088,0.089,0.088,0.082,0.091,0.081,0.081,0.082,0.082,0.082,0.083,0.082,0.081,0.089,0.088,0.079,0.082,0.082,0.081,0.086,0.082,0.082,0.082,0.082,0.082,0.088,0.09,0.083,0.093,0.082,0.084,0.081,0.085,0.082,0.082,0.081,0.082,0.088,0.089,0.094,0.098,0.102,0.098,0.096,0.09,0.104,0.089,0.106,0.118,0.089,0.093,0.095,0.089,0.093,0.096,0.096,0.093,0.1,0.089,0.103,0.103,0.093,0.091,0.102,0.094,0.086,0.108,0.1,0.091,0.09,0.092,0.093,0.108,0.091,0.09,0.088,0.087,0.093,0.089,0.089,0.087,0.089,0.087,0.088,0.088,0.088
,1:14:16,46,0.09,0.09,0.09,0.091,0.088,0.087,0.088,0.089,0.089,0.088,0.088,0.089,0.088,0.083,0.091,0.081,0.082,0.082,0.082,0.083,0.083,0.083,0.081,0.089,0.088,0.079,0.082,0.082,0.081,0.086,0.082,0.083,0.082,0.082,0.082,0.088,0.09,0.082,0.082,0.082,0.084,0.081,0.084,0.082,0.082,0.081,0.082,0.088,0.089,0.095,0.099,0.103,0.099,0.096,0.09,0.104,0.089,0.108,0.121,0.089,0.092,0.095,0.089,0.093,0.096,0.096,0.093,0.102,0.089,0.104,0.105,0.093,0.091,0.102,0.094,0.086,0.11,0.1,0.092,0.09,0.092,0.093,0.109,0.091,0.09,0.087,0.087,0.092,0.089,0.089,0.087,0.089,0.087,0.088,0.088,0.088
,1:19:16,46,0.09,0.089,0.09,0.091,0.088,0.087,0.088,0.089,0.089,0.088,0.088,0.088,0.088,0.082,0.091,0.081,0.081,0.082,0.082,0.082,0.083,0.082,0.081,0.088,0.088,0.079,0.082,0.082,0.08,0.086,0.082,0.082,0.082,0.082,0.082,0.088,0.089,0.082,0.094,0.082,0.084,0.081,0.085,0.082,0.081,0.081,0.082,0.088,0.089,0.095,0.1,0.105,0.099,0.096,0.09,0.103,0.088,0.11,0.125,0.089,0.092,0.095,0.088,0.093,0.096,0.097,0.093,0.103,0.089,0.105,0.107,0.093,0.091,0.103,0.094,0.086,0.112,0.101,0.091,0.09,0.092,0.093,0.111,0.091,0.09,0.087,0.087,0.092,0.089,0.089,0.087,0.089,0.087,0.088,0.088,0.088
,1:24:16,46,0.09,0.09,0.09,0.092,0.089,0.087,0.088,0.089,0.089,0.088,0.088,0.089,0.088,0.083,0.092,0.081,0.082,0.082,0.082,0.083,0.083,0.083,0.082,0.089,0.088,0.079,0.083,0.082,0.081,0.087,0.082,0.083,0.082,0.082,0.082,0.088,0.09,0.083,0.106,0.082,0.084,0.081,0.085,0.082,0.082,0.082,0.082,0.089,0.089,0.096,0.101,0.107,0.1,0.097,0.09,0.104,0.089,0.113,0.13,0.089,0.093,0.095,0.089,0.093,0.097,0.097,0.093,0.105,0.089,0.107,0.11,0.093,0.091,0.104,0.095,0.086,0.114,0.101,0.092,0.09,0.092,0.094,0.113,0.091,0.09,0.088,0.088,0.092,0.089,0.089,0.087,0.089,0.088,0.088,0.089,0.088
,1:29:16,46,0.09,0.09,0.09,0.091,0.088,0.087,0.088,0.089,0.089,0.088,0.088,0.089,0.088,0.082,0.091,0.081,0.082,0.082,0.082,0.082,0.083,0.082,0.082,0.088,0.088,0.079,0.082,0.082,0.08,0.086,0.082,0.083,0.082,0.082,0.082,0.088,0.089,0.083,0.1,0.082,0.084,0.081,0.085,0.082,0.082,0.081,0.082,0.088,0.089,0.096,0.101,0.11,0.1,0.097,0.09,0.103,0.088,0.115,0.135,0.089,0.092,0.095,0.089,0.094,0.097,0.098,0.093,0.106,0.089,0.108,0.113,0.093,0.091,0.105,0.098,0.086,0.115,0.101,0.092,0.09,0.092,0.094,0.115,0.091,0.09,0.087,0.087,0.092,0.089,0.089,0.087,0.089,0.087,0.088,0.088,0.088
,1:34:16,46,0.09,0.09,0.09,0.091,0.088,0.087,0.088,0.089,0.089,0.088,0.088,0.089,0.088,0.083,0.091,0.081,0.081,0.082,0.082,0.083,0.083,0.082,0.081,0.089,0.088,0.079,0.082,0.082,0.08,0.086,0.082,0.082,0.082,0.082,0.082,0.088,0.09,0.082,0.1,0.082,0.084,0.081,0.085,0.082,0.082,0.081,0.082,0.089,0.089,0.096,0.102,0.112,0.101,0.097,0.09,0.103,0.088,0.118,0.141,0.089,0.093,0.095,0.089,0.093,0.097,0.098,0.093,0.108,0.089,0.11,0.116,0.093,0.091,0.106,0.095,0.086,0.118,0.102,0.092,0.09,0.092,0.094,0.117,0.091,0.09,0.087,0.087,0.092,0.089,0.089,0.087,0.089,0.087,0.088,0.088,0.088
,1:39:16,45.9,0.09,0.09,0.09,0.091,0.088,0.087,0.088,0.089,0.089,0.088,0.088,0.089,0.088,0.082,0.091,0.081,0.081,0.082,0.082,0.083,0.083,0.082,0.082,0.089,0.088,0.079,0.082,0.082,0.08,0.086,0.082,0.082,0.082,0.082,0.082,0.088,0.09,0.082,0.082,0.082,0.084,0.081,0.085,0.082,0.082,0.081,0.082,0.089,0.089,0.097,0.104,0.115,0.102,0.098,0.09,0.104,0.089,0.121,0.147,0.089,0.093,0.095,0.088,0.093,0.097,0.098,0.094,0.11,0.089,0.112,0.12,0.093,0.091,0.107,0.095,0.086,0.119,0.103,0.092,0.09,0.091,0.094,0.12,0.091,0.09,0.087,0.087,0.092,0.089,0.089,0.087,0.089,0.087,0.088,0.089,0.088
,1:44:16,46,0.09,0.09,0.09,0.091,0.088,0.087,0.088,0.089,0.089,0.088,0.088,0.089,0.088,0.083,0.091,0.081,0.081,0.082,0.082,0.083,0.083,0.082,0.081,0.089,0.088,0.079,0.082,0.082,0.08,0.087,0.082,0.083,0.082,0.082,0.082,0.088,0.09,0.082,0.094,0.082,0.084,0.081,0.085,0.082,0.081,0.081,0.082,0.088,0.089,0.097,0.105,0.119,0.102,0.098,0.09,0.104,0.089,0.125,0.154,0.089,0.092,0.095,0.089,0.094,0.097,0.099,0.094,0.112,0.089,0.115,0.125,0.093,0.091,0.108,0.095,0.086,0.122,0.103,0.092,0.09,0.092,0.094,0.123,0.091,0.09,0.087,0.087,0.092,0.089,0.089,0.087,0.089,0.087,0.088,0.088,0.088
,1:49:16,45.9,0.09,0.09,0.09,0.091,0.088,0.087,0.088,0.089,0.089,0.089,0.088,0.089,0.088,0.083,0.091,0.081,0.082,0.082,0.082,0.083,0.083,0.083,0.082,0.089,0.088,0.079,0.083,0.082,0.08,0.087,0.082,0.083,0.083,0.082,0.082,0.088,0.09,0.083,0.095,0.082,0.084,0.081,0.085,0.082,0.082,0.082,0.082,0.089,0.089,0.098,0.106,0.123,0.104,0.098,0.09,0.104,0.089,0.129,0.162,0.089,0.093,0.095,0.089,0.094,0.097,0.1,0.095,0.114,0.089,0.118,0.131,0.093,0.091,0.109,0.096,0.086,0.125,0.104,0.092,0.091,0.092,0.095,0.127,0.091,0.09,0.088,0.087,0.092,0.089,0.089,0.087,0.089,0.088,0.088,0.089,0.088
,1:54:16,45.9,0.09,0.09,0.09,0.091,0.088,0.087,0.088,0.089,0.089,0.088,0.088,0.089,0.088,0.083,0.091,0.081,0.081,0.082,0.082,0.083,0.083,0.082,0.081,0.089,0.088,0.079,0.082,0.082,0.08,0.086,0.082,0.083,0.082,0.082,0.082,0.088,0.09,0.083,0.089,0.082,0.084,0.081,0.084,0.082,0.082,0.082,0.082,0.088,0.089,0.098,0.107,0.127,0.104,0.099,0.09,0.104,0.088,0.134,0.166,0.089,0.092,0.094,0.089,0.094,0.097,0.1,0.094,0.117,0.089,0.12,0.137,0.093,0.091,0.11,0.096,0.086,0.128,0.105,0.092,0.09,0.092,0.095,0.13,0.091,0.09,0.087,0.087,0.092,0.089,0.089,0.087,0.089,0.087,0.088,0.088,0.088
,1:59:16,46,0.09,0.089,0.09,0.091,0.088,0.087,0.088,0.089,0.089,0.088,0.088,0.089,0.088,0.083,0.091,0.081,0.082,0.082,0.082,0.083,0.083,0.082,0.082,0.089,0.088,0.079,0.082,0.082,0.08,0.086,0.082,0.083,0.082,0.082,0.082,0.088,0.09,0.083,0.082,0.082,0.084,0.081,0.084,0.082,0.082,0.082,0.082,0.088,0.089,0.099,0.108,0.132,0.105,0.099,0.09,0.104,0.089,0.139,0.17,0.089,0.092,0.095,0.089,0.094,0.097,0.101,0.095,0.12,0.089,0.124,0.145,0.093,0.091,0.112,0.097,0.086,0.131,0.105,0.093,0.09,0.092,0.095,0.134,0.091,0.09,0.087,0.087,0.092,0.089,0.089,0.087,0.089,0.087,0.088,0.088,0.088
,2:04:16,46,0.09,0.09,0.09,0.091,0.088,0.087,0.088,0.089,0.089,0.088,0.088,0.089,0.088,0.082,0.091,0.081,0.082,0.082,0.082,0.083,0.083,0.082,0.082,0.089,0.088,0.079,0.082,0.082,0.08,0.086,0.082,0.083,0.082,0.082,0.082,0.088,0.09,0.082,0.089,0.082,0.084,0.081,0.085,0.082,0.082,0.081,0.082,0.088,0.089,0.099,0.11,0.137,0.106,0.099,0.09,0.104,0.089,0.144,0.174,0.089,0.092,0.094,0.089,0.094,0.097,0.102,0.095,0.123,0.089,0.128,0.152,0.093,0.091,0.114,0.096,0.086,0.135,0.106,0.093,0.09,0.092,0.095,0.139,0.091,0.09,0.087,0.088,0.092,0.089,0.089,0.087,0.089,0.087,0.088,0.088,0.088
,2:09:16,46,0.09,0.09,0.09,0.091,0.089,0.087,0.088,0.089,0.089,0.088,0.088,0.089,0.088,0.083,0.092,0.081,0.082,0.082,0.082,0.083,0.083,0.083,0.082,0.089,0.088,0.08,0.083,0.082,0.08,0.087,0.082,0.083,0.082,0.082,0.082,0.088,0.09,0.083,0.094,0.082,0.084,0.082,0.085,0.082,0.082,0.082,0.082,0.089,0.089,0.1,0.112,0.143,0.108,0.1,0.09,0.104,0.089,0.15,0.181,0.089,0.092,0.095,0.089,0.094,0.098,0.102,0.096,0.127,0.089,0.132,0.16,0.093,0.091,0.116,0.096,0.086,0.139,0.108,0.093,0.09,0.092,0.096,0.143,0.091,0.09,0.088,0.088,0.093,0.089,0.089,0.087,0.089,0.088,0.088,0.089,0.088
,2:14:16,46,0.09,0.09,0.09,0.091,0.089,0.088,0.088,0.089,0.089,0.088,0.088,0.089,0.088,0.083,0.092,0.081,0.082,0.082,0.082,0.083,0.083,0.083,0.082,0.089,0.088,0.079,0.083,0.082,0.081,0.087,0.082,0.083,0.082,0.082,0.082,0.088,0.09,0.083,0.087,0.082,0.084,0.081,0.084,0.082,0.082,0.082,0.082,0.089,0.089,0.101,0.114,0.149,0.109,0.1,0.09,0.104,0.089,0.156,0.188,0.089,0.092,0.095,0.089,0.095,0.098,0.103,0.096,0.131,0.089,0.136,0.166,0.093,0.091,0.117,0.096,0.086,0.142,0.109,0.093,0.09,0.092,0.096,0.148,0.091,0.09,0.087,0.088,0.093,0.089,0.089,0.087,0.089,0.088,0.088,0.089,0.088
,2:19:16,46,0.09,0.09,0.09,0.091,0.089,0.087,0.088,0.089,0.089,0.088,0.088,0.089,0.088,0.083,0.091,0.081,0.081,0.082,0.082,0.083,0.083,0.082,0.082,0.089,0.088,0.079,0.082,0.082,0.081,0.086,0.082,0.083,0.082,0.082,0.082,0.088,0.09,0.082,0.092,0.082,0.084,0.081,0.085,0.082,0.082,0.081,0.082,0.088,0.089,0.102,0.115,0.155,0.111,0.101,0.09,0.104,0.088,0.161,0.196,0.089,0.092,0.095,0.088,0.095,0.098,0.104,0.096,0.135,0.089,0.14,0.171,0.093,0.091,0.12,0.097,0.086,0.146,0.109,0.093,0.09,0.092,0.096,0.152,0.091,0.09,0.088,0.087,0.092,0.089,0.089,0.087,0.089,0.087,0.088,0.088,0.088
,2:24:16,45.9,0.09,0.09,0.09,0.091,0.088,0.087,0.088,0.089,0.089,0.088,0.088,0.089,0.088,0.083,0.092,0.081,0.081,0.082,0.082,0.083,0.083,0.082,0.082,0.089,0.088,0.079,0.083,0.082,0.081,0.086,0.082,0.083,0.082,0.082,0.082,0.088,0.09,0.082,0.083,0.082,0.084,0.081,0.085,0.082,0.082,0.081,0.082,0.089,0.089,0.102,0.117,0.161,0.112,0.101,0.09,0.104,0.089,0.166,0.205,0.089,0.092,0.094,0.089,0.095,0.098,0.104,0.097,0.14,0.089,0.145,0.175,0.093,0.091,0.122,0.096,0.086,0.149,0.111,0.093,0.09,0.092,0.096,0.158,0.091,0.09,0.087,0.087,0.092,0.089,0.089,0.087,0.089,0.088,0.088,0.089,0.088
,2:29:16,46,0.09,0.09,0.09,0.091,0.088,0.087,0.088,0.089,0.089,0.088,0.088,0.089,0.088,0.083,0.091,0.081,0.081,0.082,0.082,0.083,0.083,0.082,0.082,0.089,0.088,0.079,0.082,0.082,0.08,0.087,0.082,0.083,0.082,0.082,0.082,0.088,0.09,0.082,0.093,0.082,0.084,0.081,0.084,0.082,0.082,0.081,0.082,0.089,0.089,0.103,0.119,0.166,0.114,0.101,0.09,0.104,0.089,0.169,0.214,0.089,0.092,0.094,0.089,0.095,0.098,0.105,0.097,0.144,0.089,0.149,0.182,0.093,0.091,0.125,0.096,0.086,0.151,0.111,0.093,0.09,0.092,0.096,0.162,0.091,0.09,0.087,0.087,0.092,0.089,0.089,0.087,0.089,0.087,0.088,0.088,0.088
,2:34:16,46,0.09,0.09,0.09,0.091,0.088,0.087,0.088,0.089,0.089,0.088,0.088,0.089,0.088,0.083,0.091,0.081,0.081,0.082,0.082,0.083,0.083,0.082,0.082,0.089,0.088,0.079,0.082,0.082,0.081,0.086,0.082,0.083,0.082,0.082,0.082,0.088,0.09,0.082,0.103,0.082,0.084,0.081,0.085,0.082,0.082,0.081,0.082,0.088,0.089,0.103,0.121,0.171,0.115,0.102,0.09,0.104,0.089,0.172,0.223,0.089,0.092,0.094,0.089,0.095,0.098,0.106,0.097,0.149,0.089,0.154,0.19,0.093,0.091,0.127,0.097,0.086,0.152,0.112,0.093,0.09,0.092,0.096,0.166,0.091,0.09,0.087,0.087,0.092,0.089,0.089,0.087,0.089,0.087,0.088,0.089,0.088
,2:39:16,46,0.09,0.09,0.091,0.091,0.089,0.087,0.088,0.089,0.089,0.088,0.088,0.089,0.088,0.083,0.091,0.081,0.082,0.082,0.082,0.083,0.083,0.083,0.082,0.089,0.088,0.079,0.083,0.082,0.081,0.087,0.082,0.083,0.082,0.082,0.082,0.088,0.09,0.084,0.082,0.082,0.084,0.081,0.085,0.082,0.082,0.082,0.082,0.089,0.089,0.104,0.122,0.177,0.117,0.102,0.09,0.105,0.089,0.178,0.232,0.089,0.092,0.095,0.089,0.095,0.099,0.107,0.098,0.152,0.089,0.159,0.2,0.093,0.091,0.13,0.097,0.086,0.155,0.114,0.094,0.091,0.092,0.097,0.171,0.091,0.09,0.088,0.088,0.093,0.089,0.089,0.087,0.089,0.088,0.088,0.089,0.088
,2:44:16,46,0.09,0.09,0.09,0.091,0.088,0.087,0.088,0.089,0.089,0.088,0.088,0.089,0.088,0.082,0.091,0.081,0.081,0.082,0.082,0.083,0.083,0.082,0.082,0.089,0.088,0.079,0.082,0.082,0.08,0.086,0.082,0.083,0.082,0.082,0.082,0.088,0.09,0.083,0.082,0.082,0.084,0.081,0.084,0.082,0.082,0.081,0.082,0.088,0.089,0.105,0.124,0.183,0.119,0.102,0.09,0.104,0.088,0.183,0.239,0.089,0.092,0.094,0.088,0.095,0.099,0.107,0.098,0.154,0.089,0.163,0.21,0.093,0.091,0.132,0.097,0.086,0.157,0.115,0.094,0.09,0.092,0.097,0.172,0.091,0.09,0.087,0.087,0.092,0.089,0.089,0.087,0.089,0.087,0.088,0.089,0.088
,2:49:16,46,0.09,0.09,0.09,0.091,0.088,0.087,0.088,0.089,0.089,0.088,0.088,0.089,0.088,0.083,0.092,0.081,0.082,0.082,0.082,0.083,0.083,0.083,0.082,0.089,0.088,0.079,0.082,0.082,0.081,0.087,0.082,0.083,0.082,0.082,0.082,0.088,0.09,0.083,0.083,0.082,0.084,0.081,0.085,0.082,0.082,0.081,0.082,0.089,0.089,0.105,0.126,0.192,0.12,0.103,0.09,0.104,0.089,0.19,0.247,0.089,0.092,0.094,0.089,0.095,0.099,0.108,0.098,0.158,0.089,0.166,0.218,0.093,0.091,0.135,0.097,0.086,0.16,0.115,0.094,0.09,0.092,0.097,0.174,0.091,0.09,0.087,0.087,0.093,0.089,0.089,0.087,0.089,0.088,0.088,0.089,0.088
,2:54:16,45.9,0.09,0.09,0.09,0.091,0.089,0.087,0.088,0.089,0.089,0.088,0.088,0.089,0.088,0.083,0.091,0.081,0.081,0.082,0.082,0.083,0.083,0.083,0.082,0.089,0.088,0.079,0.083,0.082,0.08,0.086,0.082,0.083,0.082,0.082,0.082,0.088,0.09,0.083,0.082,0.082,0.084,0.081,0.084,0.082,0.082,0.081,0.082,0.088,0.089,0.106,0.126,0.2,0.122,0.103,0.09,0.104,0.089,0.198,0.255,0.089,0.092,0.094,0.088,0.095,0.1,0.108,0.098,0.162,0.089,0.167,0.225,0.093,0.091,0.138,0.097,0.086,0.163,0.116,0.094,0.09,0.092,0.097,0.177,0.091,0.09,0.087,0.087,0.092,0.089,0.089,0.087,0.089,0.087,0.088,0.088,0.088
,2:59:16,46,0.09,0.09,0.09,0.091,0.088,0.087,0.088,0.089,0.089,0.088,0.088,0.089,0.088,0.083,0.091,0.081,0.081,0.082,0.082,0.083,0.083,0.082,0.082,0.089,0.088,0.079,0.082,0.082,0.081,0.086,0.082,0.083,0.082,0.083,0.082,0.088,0.09,0.083,0.089,0.082,0.084,0.081,0.084,0.082,0.082,0.081,0.082,0.089,0.089,0.107,0.128,0.208,0.124,0.104,0.09,0.104,0.089,0.206,0.264,0.089,0.092,0.094,0.088,0.096,0.1,0.109,0.099,0.168,0.089,0.172,0.231,0.093,0.091,0.14,0.097,0.086,0.165,0.116,0.094,0.09,0.092,0.098,0.18,0.091,0.09,0.087,0.087,0.092,0.089,0.089,0.087,0.089,0.088,0.088,0.089,0.088
,3:04:16,46,0.09,0.09,0.09,0.091,0.088,0.087,0.088,0.089,0.089,0.088,0.088,0.089,0.088,0.082,0.092,0.081,0.081,0.082,0.082,0.083,0.083,0.082,0.081,0.089,0.088,0.079,0.083,0.082,0.08,0.086,0.082,0.083,0.082,0.082,0.082,0.088,0.09,0.083,0.109,0.082,0.084,0.081,0.084,0.082,0.082,0.082,0.082,0.089,0.089,0.107,0.129,0.216,0.126,0.104,0.09,0.105,0.089,0.211,0.272,0.089,0.092,0.094,0.089,0.096,0.1,0.11,0.099,0.174,0.089,0.175,0.237,0.093,0.091,0.143,0.097,0.086,0.167,0.117,0.095,0.09,0.092,0.098,0.182,0.091,0.09,0.087,0.087,0.093,0.089,0.089,0.087,0.089,0.087,0.088,0.089,0.088
,3:09:16,46,0.09,0.09,0.09,0.091,0.089,0.087,0.088,0.089,0.089,0.088,0.088,0.089,0.088,0.083,0.091,0.081,0.081,0.082,0.082,0.083,0.083,0.082,0.082,0.089,0.088,0.079,0.083,0.082,0.08,0.086,0.082,0.083,0.082,0.082,0.082,0.088,0.089,0.083,0.09,0.082,0.084,0.081,0.084,0.082,0.082,0.082,0.082,0.088,0.089,0.108,0.13,0.223,0.127,0.104,0.09,0.104,0.089,0.218,0.281,0.089,0.092,0.094,0.088,0.096,0.101,0.11,0.099,0.179,0.089,0.179,0.243,0.093,0.091,0.145,0.097,0.086,0.17,0.117,0.095,0.09,0.092,0.098,0.186,0.091,0.09,0.087,0.087,0.092,0.089,0.089,0.087,0.089,0.088,0.088,0.088,0.088
,3:14:16,45.9,0.09,0.09,0.09,0.091,0.088,0.087,0.088,0.089,0.089,0.088,0.088,0.088,0.088,0.083,0.091,0.081,0.081,0.082,0.082,0.083,0.083,0.082,0.082,0.089,0.088,0.079,0.083,0.082,0.081,0.086,0.082,0.083,0.082,0.082,0.082,0.088,0.09,0.082,0.084,0.082,0.084,0.082,0.084,0.082,0.082,0.082,0.082,0.088,0.089,0.108,0.132,0.229,0.13,0.105,0.09,0.104,0.089,0.224,0.291,0.089,0.092,0.094,0.088,0.096,0.101,0.111,0.099,0.185,0.089,0.183,0.249,0.093,0.091,0.148,0.097,0.086,0.172,0.117,0.095,0.09,0.092,0.098,0.189,0.091,0.09,0.088,0.087,0.093,0.089,0.089,0.087,0.089,0.087,0.088,0.088,0.088
,3:19:16,45.9,0.09,0.09,0.09,0.091,0.088,0.087,0.088,0.089,0.089,0.088,0.088,0.089,0.088,0.083,0.091,0.081,0.081,0.082,0.082,0.083,0.083,0.083,0.082,0.089,0.088,0.079,0.083,0.082,0.081,0.086,0.082,0.083,0.082,0.082,0.082,0.088,0.09,0.082,0.091,0.082,0.084,0.081,0.084,0.082,0.082,0.081,0.082,0.089,0.089,0.109,0.133,0.235,0.131,0.105,0.09,0.104,0.089,0.229,0.301,0.089,0.092,0.094,0.089,0.096,0.101,0.11,0.099,0.19,0.089,0.188,0.257,0.093,0.091,0.151,0.097,0.086,0.173,0.117,0.095,0.09,0.092,0.098,0.191,0.091,0.09,0.087,0.087,0.092,0.089,0.089,0.087,0.089,0.088,0.088,0.088,0.088
,3:24:16,46,0.09,0.089,0.09,0.091,0.088,0.087,0.088,0.089,0.089,0.088,0.088,0.089,0.088,0.083,0.091,0.081,0.081,0.082,0.082,0.082,0.083,0.082,0.081,0.088,0.088,0.079,0.082,0.082,0.08,0.086,0.082,0.082,0.082,0.082,0.082,0.088,0.089,0.082,0.093,0.082,0.084,0.081,0.084,0.082,0.082,0.081,0.082,0.088,0.089,0.11,0.133,0.241,0.132,0.105,0.09,0.103,0.088,0.234,0.311,0.089,0.092,0.094,0.088,0.096,0.101,0.11,0.098,0.197,0.089,0.191,0.263,0.093,0.091,0.154,0.097,0.086,0.174,0.118,0.095,0.09,0.092,0.098,0.193,0.091,0.089,0.087,0.087,0.092,0.089,0.089,0.087,0.089,0.087,0.088,0.088,0.087
,3:29:16,46,0.09,0.089,0.09,0.091,0.088,0.087,0.088,0.089,0.089,0.088,0.088,0.089,0.088,0.083,0.091,0.081,0.081,0.082,0.082,0.083,0.083,0.083,0.082,0.088,0.088,0.079,0.082,0.082,0.08,0.086,0.082,0.083,0.082,0.083,0.082,0.088,0.09,0.082,0.082,0.082,0.084,0.081,0.085,0.082,0.082,0.081,0.082,0.088,0.089,0.11,0.135,0.247,0.133,0.106,0.09,0.104,0.089,0.24,0.322,0.089,0.092,0.094,0.088,0.096,0.102,0.111,0.099,0.201,0.089,0.194,0.27,0.093,0.091,0.156,0.098,0.086,0.176,0.118,0.095,0.09,0.092,0.098,0.195,0.091,0.09,0.087,0.087,0.092,0.089,0.089,0.087,0.089,0.087,0.088,0.089,0.088
,3:34:16,46,0.09,0.09,0.09,0.091,0.088,0.087,0.088,0.089,0.089,0.088,0.088,0.095,0.088,0.082,0.091,0.081,0.081,0.082,0.082,0.083,0.083,0.082,0.081,0.089,0.088,0.079,0.082,0.082,0.08,0.086,0.082,0.083,0.082,0.083,0.082,0.088,0.09,0.083,0.082,0.082,0.084,0.081,0.084,0.082,0.081,0.081,0.081,0.088,0.089,0.111,0.135,0.253,0.135,0.106,0.09,0.104,0.089,0.244,0.334,0.089,0.092,0.094,0.088,0.096,0.102,0.111,0.098,0.205,0.089,0.197,0.277,0.093,0.091,0.159,0.098,0.086,0.178,0.118,0.095,0.09,0.092,0.098,0.196,0.091,0.09,0.087,0.087,0.092,0.089,0.089,0.087,0.089,0.087,0.088,0.088,0.088
,3:39:16,46,0.09,0.09,0.09,0.091,0.088,0.087,0.088,0.089,0.089,0.088,0.088,0.089,0.088,0.083,0.091,0.081,0.082,0.082,0.082,0.083,0.083,0.082,0.082,0.089,0.088,0.079,0.083,0.082,0.08,0.086,0.082,0.082,0.082,0.083,0.082,0.088,0.09,0.083,0.098,0.082,0.084,0.081,0.084,0.082,0.082,0.082,0.082,0.088,0.089,0.112,0.137,0.259,0.136,0.106,0.09,0.103,0.089,0.25,0.346,0.089,0.092,0.094,0.088,0.096,0.103,0.112,0.098,0.208,0.089,0.199,0.285,0.093,0.091,0.162,0.098,0.086,0.179,0.119,0.095,0.09,0.092,0.099,0.198,0.091,0.09,0.087,0.087,0.092,0.089,0.089,0.087,0.089,0.087,0.088,0.088,0.088
,3:44:16,46,0.09,0.09,0.09,0.091,0.089,0.087,0.088,0.089,0.089,0.088,0.088,0.089,0.088,0.083,0.091,0.081,0.082,0.082,0.082,0.083,0.083,0.083,0.082,0.089,0.088,0.079,0.083,0.082,0.081,0.087,0.082,0.083,0.082,0.083,0.082,0.088,0.09,0.083,0.1,0.083,0.084,0.081,0.085,0.082,0.082,0.082,0.082,0.089,0.089,0.112,0.137,0.267,0.138,0.107,0.09,0.104,0.089,0.256,0.358,0.089,0.092,0.094,0.089,0.097,0.103,0.112,0.098,0.212,0.089,0.201,0.292,0.093,0.091,0.165,0.098,0.086,0.181,0.119,0.096,0.09,0.092,0.099,0.2,0.091,0.09,0.088,0.088,0.093,0.089,0.089,0.087,0.089,0.088,0.088,0.089,0.088
,3:49:16,46,0.09,0.09,0.09,0.091,0.088,0.087,0.088,0.089,0.089,0.088,0.088,0.089,0.088,0.083,0.091,0.081,0.082,0.082,0.082,0.083,0.083,0.082,0.082,0.089,0.088,0.079,0.083,0.082,0.081,0.086,0.082,0.083,0.082,0.083,0.082,0.088,0.09,0.083,0.108,0.082,0.084,0.081,0.085,0.082,0.082,0.081,0.082,0.088,0.089,0.112,0.138,0.272,0.139,0.107,0.09,0.104,0.088,0.262,0.37,0.089,0.092,0.094,0.089,0.096,0.104,0.112,0.098,0.215,0.089,0.204,0.3,0.093,0.091,0.168,0.098,0.086,0.182,0.12,0.095,0.09,0.092,0.099,0.202,0.091,0.09,0.087,0.087,0.092,0.089,0.089,0.087,0.089,0.088,0.088,0.088,0.088
,3:54:16,46,0.09,0.09,0.09,0.091,0.088,0.087,0.088,0.089,0.089,0.088,0.088,0.09,0.088,0.083,0.091,0.081,0.081,0.082,0.082,0.083,0.083,0.082,0.082,0.089,0.088,0.079,0.082,0.082,0.08,0.086,0.082,0.083,0.082,0.085,0.082,0.088,0.09,0.083,0.087,0.082,0.084,0.081,0.084,0.082,0.082,0.081,0.082,0.089,0.089,0.113,0.139,0.28,0.14,0.107,0.09,0.103,0.089,0.267,0.385,0.089,0.092,0.094,0.088,0.096,0.104,0.112,0.098,0.219,0.089,0.206,0.308,0.093,0.091,0.17,0.098,0.086,0.183,0.12,0.096,0.09,0.092,0.099,0.203,0.091,0.09,0.087,0.087,0.092,0.089,0.089,0.087,0.089,0.088,0.088,0.089,0.088
,3:59:16,46,0.09,0.09,0.09,0.091,0.089,0.087,0.088,0.089,0.089,0.088,0.088,0.089,0.088,0.083,0.091,0.081,0.081,0.082,0.082,0.083,0.083,0.082,0.082,0.089,0.088,0.079,0.082,0.082,0.08,0.086,0.082,0.083,0.082,0.084,0.082,0.088,0.09,0.082,0.087,0.082,0.084,0.081,0.084,0.082,0.082,0.082,0.082,0.088,0.089,0.114,0.14,0.287,0.142,0.108,0.09,0.103,0.089,0.273,0.399,0.089,0.092,0.094,0.089,0.097,0.104,0.113,0.097,0.223,0.089,0.209,0.317,0.093,0.091,0.171,0.098,0.086,0.185,0.121,0.096,0.09,0.092,0.099,0.205,0.091,0.09,0.087,0.087,0.092,0.089,0.089,0.087,0.089,0.088,0.088,0.088,0.088
,4:04:16,46,0.09,0.089,0.09,0.091,0.088,0.087,0.088,0.089,0.089,0.088,0.088,0.089,0.088,0.083,0.091,0.081,0.082,0.082,0.082,0.083,0.083,0.082,0.082,0.089,0.088,0.079,0.083,0.082,0.08,0.086,0.082,0.083,0.082,0.085,0.082,0.088,0.09,0.083,0.082,0.082,0.084,0.081,0.084,0.082,0.082,0.081,0.082,0.088,0.089,0.114,0.14,0.295,0.143,0.108,0.09,0.103,0.089,0.279,0.413,0.089,0.092,0.094,0.088,0.097,0.105,0.112,0.097,0.227,0.089,0.211,0.325,0.093,0.091,0.174,0.098,0.086,0.186,0.121,0.096,0.09,0.092,0.1,0.206,0.091,0.09,0.088,0.087,0.092,0.089,0.089,0.087,0.089,0.088,0.088,0.088,0.088
,4:09:16,46,0.09,0.09,0.09,0.091,0.088,0.087,0.088,0.089,0.089,0.088,0.088,0.089,0.088,0.083,0.091,0.081,0.081,0.082,0.082,0.083,0.083,0.082,0.081,0.089,0.088,0.079,0.083,0.082,0.081,0.087,0.082,0.083,0.082,0.083,0.082,0.088,0.09,0.082,0.095,0.082,0.084,0.082,0.085,0.082,0.082,0.082,0.082,0.089,0.089,0.115,0.141,0.304,0.143,0.108,0.09,0.103,0.089,0.287,0.424,0.089,0.092,0.094,0.088,0.097,0.106,0.112,0.097,0.231,0.089,0.214,0.335,0.093,0.091,0.176,0.098,0.086,0.187,0.123,0.096,0.09,0.092,0.1,0.208,0.091,0.09,0.088,0.087,0.092,0.089,0.089,0.087,0.089,0.088,0.088,0.089,0.088
,4:14:16,46,0.09,0.09,0.09,0.091,0.088,0.087,0.088,0.089,0.089,0.088,0.088,0.089,0.088,0.083,0.091,0.081,0.082,0.082,0.082,0.083,0.083,0.082,0.081,0.089,0.088,0.079,0.082,0.082,0.08,0.086,0.082,0.083,0.082,0.084,0.082,0.088,0.09,0.083,0.082,0.082,0.084,0.081,0.084,0.082,0.082,0.081,0.082,0.089,0.089,0.115,0.141,0.312,0.144,0.108,0.09,0.103,0.089,0.292,0.436,0.089,0.092,0.093,0.088,0.097,0.106,0.112,0.097,0.235,0.089,0.216,0.345,0.093,0.091,0.178,0.098,0.086,0.188,0.123,0.096,0.09,0.092,0.1,0.209,0.091,0.09,0.087,0.088,0.092,0.089,0.089,0.087,0.089,0.088,0.088,0.088,0.088
,4:19:16,45.9,0.09,0.09,0.09,0.091,0.088,0.087,0.088,0.089,0.089,0.088,0.088,0.089,0.088,0.083,0.091,0.081,0.082,0.082,0.082,0.083,0.083,0.082,0.082,0.089,0.088,0.079,0.083,0.082,0.081,0.086,0.082,0.083,0.082,0.083,0.082,0.088,0.09,0.082,0.087,0.082,0.084,0.081,0.084,0.082,0.082,0.081,0.082,0.088,0.089,0.116,0.142,0.321,0.145,0.109,0.09,0.103,0.089,0.298,0.447,0.089,0.092,0.093,0.088,0.097,0.107,0.112,0.097,0.239,0.089,0.217,0.354,0.093,0.091,0.18,0.098,0.086,0.189,0.124,0.096,0.09,0.092,0.1,0.209,0.091,0.09,0.087,0.087,0.092,0.089,0.089,0.087,0.089,0.088,0.088,0.088,0.088
,4:24:16,46,0.09,0.09,0.09,0.091,0.088,0.087,0.088,0.089,0.089,0.088,0.088,0.088,0.088,0.083,0.091,0.081,0.081,0.082,0.082,0.083,0.083,0.082,0.081,0.089,0.088,0.079,0.082,0.082,0.081,0.086,0.082,0.083,0.082,0.083,0.082,0.088,0.09,0.083,0.099,0.082,0.084,0.081,0.085,0.082,0.082,0.081,0.082,0.088,0.089,0.116,0.142,0.329,0.146,0.109,0.09,0.103,0.089,0.305,0.458,0.089,0.092,0.093,0.088,0.097,0.107,0.112,0.097,0.244,0.089,0.22,0.364,0.093,0.091,0.181,0.098,0.086,0.191,0.125,0.096,0.09,0.092,0.1,0.213,0.091,0.09,0.087,0.087,0.092,0.089,0.089,0.087,0.089,0.087,0.088,0.088,0.088
,4:29:16,46,0.09,0.09,0.09,0.091,0.088,0.087,0.088,0.089,0.089,0.088,0.088,0.089,0.088,0.083,0.091,0.081,0.082,0.082,0.082,0.083,0.083,0.082,0.082,0.089,0.088,0.079,0.083,0.082,0.08,0.087,0.082,0.083,0.082,0.083,0.082,0.088,0.09,0.083,0.083,0.082,0.084,0.081,0.084,0.082,0.081,0.081,0.082,0.088,0.089,0.117,0.143,0.339,0.147,0.11,0.09,0.103,0.089,0.312,0.467,0.089,0.092,0.093,0.089,0.097,0.108,0.112,0.097,0.249,0.089,0.223,0.374,0.093,0.091,0.183,0.098,0.086,0.192,0.126,0.096,0.09,0.092,0.1,0.214,0.091,0.09,0.087,0.087,0.092,0.089,0.089,0.087,0.089,0.088,0.088,0.088,0.088
,4:34:16,45.9,0.09,0.09,0.09,0.091,0.088,0.087,0.088,0.089,0.089,0.088,0.088,0.089,0.088,0.083,0.091,0.081,0.081,0.082,0.082,0.083,0.083,0.082,0.082,0.089,0.088,0.079,0.083,0.082,0.081,0.086,0.082,0.083,0.082,0.083,0.082,0.088,0.09,0.083,0.105,0.082,0.084,0.081,0.085,0.082,0.082,0.082,0.082,0.089,0.089,0.117,0.144,0.348,0.148,0.11,0.09,0.103,0.089,0.319,0.476,0.089,0.092,0.094,0.088,0.097,0.109,0.113,0.096,0.253,0.089,0.225,0.386,0.093,0.091,0.185,0.098,0.086,0.193,0.127,0.097,0.09,0.092,0.1,0.216,0.091,0.09,0.087,0.087,0.092,0.089,0.089,0.087,0.089,0.088,0.088,0.089,0.088
,4:39:16,46,0.09,0.089,0.09,0.091,0.088,0.087,0.088,0.089,0.089,0.088,0.088,0.089,0.088,0.083,0.091,0.081,0.081,0.082,0.082,0.082,0.083,0.083,0.082,0.089,0.088,0.079,0.082,0.082,0.081,0.086,0.082,0.083,0.082,0.083,0.082,0.088,0.089,0.082,0.082,0.082,0.084,0.082,0.084,0.082,0.082,0.081,0.082,0.088,0.089,0.118,0.145,0.36,0.149,0.11,0.09,0.103,0.088,0.325,0.484,0.089,0.092,0.093,0.088,0.097,0.109,0.112,0.096,0.258,0.089,0.226,0.398,0.093,0.091,0.186,0.098,0.086,0.194,0.128,0.096,0.09,0.092,0.1,0.216,0.091,0.09,0.087,0.087,0.092,0.089,0.089,0.087,0.089,0.088,0.088,0.089,0.088
,4:44:16,45.9,0.09,0.09,0.09,0.091,0.088,0.087,0.088,0.089,0.089,0.088,0.088,0.089,0.088,0.082,0.091,0.081,0.081,0.082,0.082,0.083,0.083,0.083,0.082,0.089,0.088,0.079,0.083,0.082,0.081,0.087,0.082,0.083,0.082,0.083,0.082,0.088,0.09,0.083,0.082,0.082,0.084,0.081,0.084,0.082,0.082,0.081,0.082,0.089,0.089,0.118,0.145,0.371,0.151,0.11,0.09,0.102,0.089,0.332,0.494,0.089,0.092,0.094,0.089,0.096,0.11,0.112,0.096,0.263,0.089,0.229,0.405,0.093,0.091,0.187,0.098,0.086,0.195,0.129,0.096,0.09,0.092,0.1,0.22,0.091,0.09,0.087,0.087,0.092,0.089,0.089,0.087,0.089,0.088,0.088,0.088,0.088
,4:49:16,46,0.09,0.09,0.09,0.091,0.088,0.087,0.088,0.089,0.089,0.088,0.088,0.089,0.088,0.083,0.091,0.081,0.082,0.082,0.082,0.083,0.083,0.083,0.082,0.089,0.088,0.079,0.083,0.082,0.081,0.086,0.082,0.083,0.082,0.083,0.082,0.088,0.09,0.083,0.103,0.082,0.084,0.082,0.084,0.082,0.082,0.082,0.082,0.089,0.089,0.119,0.145,0.38,0.153,0.111,0.09,0.102,0.089,0.34,0.503,0.089,0.092,0.094,0.089,0.097,0.111,0.112,0.096,0.268,0.089,0.232,0.414,0.094,0.091,0.189,0.098,0.086,0.197,0.13,0.097,0.09,0.092,0.101,0.221,0.091,0.09,0.087,0.087,0.092,0.089,0.089,0.087,0.089,0.088,0.088,0.088,0.088
,4:54:16,46,0.09,0.09,0.09,0.091,0.089,0.087,0.088,0.089,0.089,0.088,0.088,0.089,0.088,0.083,0.092,0.081,0.082,0.082,0.082,0.083,0.083,0.083,0.082,0.089,0.088,0.08,0.083,0.082,0.081,0.087,0.082,0.083,0.083,0.083,0.082,0.088,0.09,0.083,0.082,0.083,0.085,0.082,0.085,0.082,0.082,0.082,0.082,0.089,0.089,0.119,0.146,0.388,0.154,0.112,0.09,0.103,0.089,0.347,0.513,0.089,0.092,0.094,0.089,0.097,0.112,0.112,0.096,0.272,0.089,0.234,0.419,0.093,0.091,0.191,0.099,0.086,0.198,0.132,0.097,0.09,0.092,0.101,0.224,0.091,0.09,0.087,0.088,0.092,0.089,0.089,0.087,0.089,0.088,0.088,0.089,0.088
,4:59:16,46,0.09,0.09,0.09,0.091,0.088,0.087,0.088,0.089,0.089,0.088,0.088,0.091,0.088,0.083,0.091,0.081,0.081,0.082,0.082,0.083,0.083,0.082,0.082,0.089,0.088,0.079,0.083,0.082,0.08,0.086,0.082,0.083,0.082,0.083,0.082,0.088,0.09,0.083,0.092,0.082,0.084,0.081,0.084,0.082,0.082,0.082,0.082,0.088,0.089,0.12,0.146,0.396,0.155,0.111,0.09,0.102,0.089,0.354,0.523,0.089,0.091,0.093,0.088,0.096,0.112,0.111,0.096,0.277,0.089,0.237,0.425,0.093,0.091,0.191,0.099,0.086,0.198,0.132,0.097,0.09,0.093,0.101,0.225,0.091,0.09,0.087,0.087,0.092,0.089,0.089,0.087,0.089,0.087,0.088,0.088,0.088
,5:04:16,46,0.09,0.09,0.09,0.091,0.089,0.087,0.088,0.089,0.089,0.088,0.088,0.089,0.088,0.083,0.091,0.081,0.082,0.082,0.082,0.083,0.083,0.082,0.082,0.089,0.088,0.079,0.083,0.082,0.081,0.086,0.082,0.083,0.082,0.083,0.082,0.088,0.09,0.083,0.105,0.082,0.084,0.082,0.084,0.082,0.082,0.082,0.082,0.089,0.089,0.12,0.147,0.404,0.157,0.112,0.09,0.102,0.089,0.36,0.532,0.089,0.092,0.093,0.089,0.096,0.113,0.112,0.096,0.282,0.089,0.239,0.432,0.093,0.091,0.194,0.099,0.086,0.2,0.134,0.096,0.09,0.093,0.101,0.227,0.091,0.09,0.087,0.087,0.092,0.089,0.089,0.087,0.089,0.088,0.088,0.088,0.088
,5:09:16,46,0.09,0.09,0.09,0.091,0.088,0.087,0.088,0.089,0.089,0.088,0.088,0.089,0.088,0.082,0.091,0.081,0.081,0.082,0.082,0.083,0.083,0.082,0.082,0.089,0.088,0.079,0.082,0.082,0.08,0.087,0.082,0.082,0.082,0.083,0.082,0.088,0.09,0.082,0.103,0.082,0.084,0.081,0.084,0.082,0.082,0.081,0.082,0.088,0.089,0.121,0.147,0.41,0.158,0.112,0.09,0.102,0.088,0.367,0.541,0.089,0.091,0.093,0.088,0.096,0.114,0.111,0.095,0.288,0.089,0.242,0.435,0.093,0.091,0.195,0.099,0.086,0.201,0.135,0.096,0.09,0.092,0.101,0.229,0.09,0.09,0.087,0.087,0.092,0.089,0.089,0.087,0.089,0.087,0.088,0.088,0.088
,5:14:16,46,0.09,0.09,0.09,0.091,0.088,0.087,0.088,0.089,0.089,0.088,0.088,0.089,0.088,0.083,0.091,0.081,0.082,0.082,0.082,0.083,0.083,0.083,0.082,0.089,0.088,0.08,0.083,0.082,0.081,0.087,0.082,0.083,0.083,0.083,0.082,0.088,0.09,0.083,0.107,0.082,0.084,0.081,0.084,0.082,0.082,0.081,0.082,0.088,0.089,0.121,0.147,0.418,0.16,0.112,0.09,0.102,0.089,0.375,0.551,0.089,0.092,0.093,0.089,0.097,0.114,0.111,0.095,0.292,0.089,0.246,0.442,0.093,0.091,0.197,0.099,0.086,0.203,0.136,0.097,0.09,0.092,0.101,0.231,0.091,0.09,0.088,0.088,0.093,0.089,0.089,0.087,0.089,0.088,0.088,0.089,0.088
,5:19:16,46,0.09,0.09,0.09,0.091,0.088,0.087,0.088,0.089,0.089,0.088,0.088,0.089,0.088,0.083,0.091,0.081,0.081,0.082,0.082,0.083,0.083,0.082,0.082,0.089,0.088,0.079,0.083,0.082,0.081,0.086,0.082,0.083,0.082,0.083,0.082,0.088,0.09,0.083,0.082,0.082,0.084,0.082,0.084,0.082,0.082,0.082,0.082,0.088,0.089,0.121,0.149,0.424,0.162,0.112,0.09,0.102,0.089,0.384,0.559,0.089,0.092,0.093,0.089,0.096,0.116,0.111,0.095,0.298,0.089,0.248,0.447,0.093,0.091,0.2,0.098,0.086,0.203,0.138,0.096,0.09,0.092,0.101,0.233,0.091,0.09,0.087,0.087,0.092,0.089,0.089,0.087,0.089,0.087,0.088,0.088,0.088
,5:24:16,46,0.09,0.09,0.09,0.091,0.088,0.087,0.088,0.089,0.089,0.088,0.088,0.089,0.088,0.083,0.091,0.081,0.081,0.082,0.082,0.083,0.083,0.083,0.081,0.089,0.088,0.079,0.083,0.082,0.08,0.086,0.082,0.083,0.082,0.083,0.082,0.088,0.09,0.083,0.087,0.082,0.084,0.081,0.084,0.082,0.082,0.081,0.082,0.089,0.089,0.121,0.149,0.43,0.164,0.113,0.09,0.102,0.089,0.394,0.567,0.089,0.092,0.093,0.088,0.096,0.116,0.111,0.095,0.303,0.089,0.251,0.454,0.093,0.091,0.202,0.099,0.086,0.205,0.14,0.097,0.09,0.093,0.101,0.235,0.091,0.09,0.087,0.087,0.092,0.089,0.089,0.087,0.089,0.087,0.088,0.089,0.088
,5:29:16,46,0.09,0.09,0.09,0.091,0.088,0.087,0.088,0.089,0.089,0.088,0.088,0.089,0.088,0.083,0.091,0.081,0.082,0.082,0.082,0.083,0.083,0.082,0.082,0.089,0.088,0.079,0.083,0.082,0.08,0.087,0.082,0.083,0.082,0.083,0.082,0.088,0.09,0.083,0.096,0.082,0.084,0.081,0.084,0.082,0.082,0.081,0.082,0.089,0.089,0.123,0.149,0.437,0.164,0.113,0.09,0.102,0.089,0.401,0.576,0.089,0.091,0.093,0.088,0.096,0.117,0.111,0.095,0.307,0.089,0.253,0.457,0.093,0.091,0.203,0.099,0.086,0.205,0.14,0.097,0.09,0.093,0.101,0.237,0.091,0.09,0.087,0.087,0.092,0.089,0.089,0.087,0.089,0.087,0.088,0.088,0.088
,5:34:16,45.9,0.09,0.09,0.09,0.091,0.088,0.087,0.088,0.089,0.089,0.088,0.088,0.089,0.088,0.083,0.091,0.081,0.081,0.082,0.082,0.083,0.083,0.082,0.082,0.089,0.088,0.079,0.083,0.082,0.08,0.086,0.082,0.083,0.082,0.083,0.082,0.088,0.089,0.082,0.102,0.082,0.084,0.081,0.084,0.082,0.082,0.081,0.082,0.088,0.089,0.123,0.149,0.443,0.167,0.113,0.09,0.102,0.089,0.41,0.585,0.089,0.092,0.093,0.088,0.096,0.118,0.111,0.095,0.312,0.089,0.256,0.464,0.093,0.091,0.206,0.099,0.086,0.207,0.142,0.096,0.09,0.092,0.101,0.239,0.091,0.09,0.087,0.087,0.092,0.089,0.089,0.087,0.089,0.087,0.088,0.089,0.088
,5:39:16,46,0.09,0.09,0.09,0.091,0.088,0.087,0.088,0.089,0.089,0.088,0.088,0.089,0.088,0.083,0.091,0.081,0.081,0.082,0.082,0.083,0.083,0.082,0.081,0.089,0.088,0.079,0.083,0.082,0.08,0.086,0.082,0.083,0.083,0.083,0.082,0.088,0.089,0.083,0.09,0.082,0.084,0.081,0.084,0.082,0.082,0.081,0.082,0.088,0.089,0.123,0.15,0.45,0.168,0.114,0.09,0.102,0.088,0.417,0.593,0.089,0.091,0.093,0.088,0.096,0.119,0.111,0.095,0.316,0.089,0.258,0.468,0.093,0.091,0.208,0.099,0.086,0.207,0.143,0.097,0.09,0.092,0.101,0.242,0.091,0.09,0.087,0.087,0.092,0.089,0.089,0.087,0.089,0.088,0.088,0.088,0.087
,5:44:16,46,0.09,0.09,0.09,0.091,0.088,0.087,0.088,0.089,0.089,0.088,0.088,0.089,0.088,0.083,0.091,0.081,0.081,0.082,0.082,0.083,0.083,0.082,0.082,0.089,0.088,0.079,0.083,0.082,0.08,0.086,0.082,0.083,0.082,0.083,0.082,0.088,0.09,0.083,0.096,0.082,0.084,0.082,0.084,0.082,0.082,0.081,0.082,0.088,0.089,0.123,0.151,0.455,0.171,0.114,0.09,0.102,0.088,0.423,0.601,0.089,0.091,0.093,0.089,0.096,0.12,0.111,0.095,0.322,0.089,0.26,0.472,0.093,0.091,0.21,0.099,0.086,0.208,0.146,0.097,0.09,0.093,0.101,0.243,0.091,0.09,0.087,0.087,0.092,0.089,0.089,0.087,0.089,0.088,0.088,0.088,0.088
,5:49:16,46,0.09,0.09,0.09,0.091,0.088,0.087,0.088,0.089,0.089,0.088,0.088,0.089,0.088,0.083,0.091,0.081,0.081,0.082,0.082,0.083,0.083,0.082,0.082,0.089,0.089,0.079,0.082,0.082,0.08,0.086,0.082,0.083,0.082,0.083,0.082,0.088,0.09,0.082,0.082,0.082,0.084,0.081,0.084,0.082,0.082,0.081,0.082,0.088,0.089,0.124,0.151,0.462,0.172,0.114,0.09,0.101,0.088,0.429,0.609,0.089,0.091,0.093,0.088,0.096,0.121,0.11,0.095,0.328,0.089,0.263,0.474,0.093,0.091,0.212,0.099,0.086,0.209,0.147,0.097,0.09,0.092,0.102,0.246,0.091,0.09,0.087,0.087,0.092,0.089,0.089,0.087,0.089,0.087,0.088,0.088,0.088
,5:54:16,45.9,0.09,0.09,0.09,0.091,0.088,0.087,0.088,0.089,0.089,0.088,0.088,0.089,0.088,0.083,0.091,0.081,0.081,0.082,0.082,0.083,0.083,0.082,0.082,0.089,0.088,0.079,0.083,0.082,0.08,0.086,0.082,0.083,0.082,0.083,0.082,0.088,0.09,0.083,0.102,0.083,0.084,0.082,0.085,0.082,0.082,0.082,0.082,0.089,0.089,0.124,0.151,0.468,0.174,0.115,0.09,0.102,0.089,0.436,0.616,0.089,0.092,0.093,0.088,0.096,0.122,0.11,0.095,0.333,0.089,0.265,0.478,0.093,0.091,0.214,0.099,0.086,0.21,0.149,0.097,0.09,0.093,0.102,0.248,0.091,0.09,0.088,0.087,0.092,0.089,0.089,0.087,0.089,0.087,0.088,0.089,0.088
,5:59:16,46,0.09,0.09,0.09,0.091,0.088,0.087,0.088,0.089,0.089,0.088,0.088,0.091,0.088,0.083,0.091,0.081,0.081,0.082,0.082,0.083,0.083,0.082,0.082,0.089,0.088,0.079,0.083,0.082,0.08,0.087,0.082,0.083,0.082,0.083,0.082,0.088,0.09,0.083,0.106,0.082,0.084,0.081,0.084,0.082,0.082,0.081,0.082,0.088,0.089,0.124,0.15,0.474,0.175,0.115,0.09,0.102,0.089,0.442,0.623,0.089,0.091,0.093,0.088,0.096,0.123,0.111,0.095,0.338,0.089,0.268,0.481,0.093,0.091,0.218,0.099,0.086,0.211,0.15,0.097,0.09,0.092,0.102,0.251,0.091,0.09,0.087,0.087,0.092,0.089,0.089,0.087,0.089,0.088,0.088,0.088,0.088
,6:04:16,46,0.09,0.09,0.09,0.091,0.088,0.087,0.088,0.089,0.089,0.088,0.088,0.089,0.088,0.083,0.091,0.081,0.082,0.082,0.082,0.083,0.083,0.082,0.082,0.089,0.088,0.079,0.083,0.082,0.08,0.087,0.082,0.083,0.082,0.083,0.082,0.088,0.09,0.083,0.105,0.083,0.084,0.082,0.084,0.082,0.082,0.082,0.082,0.088,0.089,0.125,0.151,0.48,0.175,0.115,0.09,0.102,0.089,0.446,0.628,0.089,0.091,0.093,0.088,0.096,0.124,0.11,0.095,0.343,0.089,0.271,0.486,0.093,0.091,0.22,0.099,0.086,0.211,0.151,0.097,0.09,0.093,0.102,0.253,0.091,0.09,0.087,0.087,0.092,0.089,0.089,0.087,0.089,0.088,0.088,0.088,0.088
,6:09:16,46,0.09,0.09,0.09,0.091,0.088,0.087,0.088,0.089,0.089,0.088,0.088,0.089,0.088,0.083,0.091,0.081,0.081,0.082,0.082,0.083,0.083,0.083,0.082,0.089,0.088,0.079,0.083,0.082,0.08,0.087,0.082,0.083,0.082,0.083,0.082,0.088,0.09,0.083,0.104,0.082,0.084,0.081,0.084,0.082,0.082,0.081,0.082,0.088,0.089,0.125,0.151,0.485,0.178,0.116,0.09,0.101,0.089,0.453,0.635,0.089,0.092,0.093,0.088,0.096,0.125,0.11,0.095,0.35,0.089,0.274,0.489,0.093,0.091,0.224,0.099,0.086,0.213,0.155,0.097,0.09,0.093,0.102,0.257,0.091,0.09,0.088,0.088,0.093,0.089,0.089,0.087,0.089,0.088,0.088,0.088,0.088
,6:14:16,46,0.09,0.09,0.09,0.091,0.088,0.087,0.088,0.089,0.089,0.088,0.088,0.089,0.088,0.083,0.091,0.081,0.082,0.082,0.082,0.083,0.083,0.082,0.082,0.089,0.088,0.079,0.083,0.082,0.08,0.087,0.082,0.083,0.082,0.083,0.082,0.088,0.09,0.083,0.088,0.083,0.084,0.082,0.084,0.082,0.082,0.081,0.082,0.088,0.089,0.126,0.153,0.491,0.181,0.116,0.09,0.101,0.089,0.458,0.64,0.089,0.091,0.093,0.088,0.096,0.126,0.11,0.095,0.357,0.089,0.278,0.492,0.093,0.091,0.227,0.099,0.086,0.215,0.156,0.097,0.09,0.093,0.102,0.259,0.091,0.09,0.088,0.088,0.092,0.089,0.089,0.087,0.089,0.087,0.088,0.089,0.088
,6:19:16,46,0.09,0.09,0.09,0.091,0.088,0.087,0.088,0.089,0.089,0.088,0.088,0.089,0.088,0.083,0.091,0.081,0.082,0.082,0.082,0.083,0.083,0.082,0.082,0.089,0.088,0.079,0.083,0.082,0.08,0.086,0.082,0.083,0.082,0.083,0.082,0.088,0.09,0.082,0.1,0.082,0.084,0.081,0.084,0.082,0.082,0.082,0.082,0.088,0.089,0.126,0.152,0.495,0.18,0.116,0.09,0.101,0.089,0.463,0.646,0.089,0.091,0.093,0.088,0.095,0.127,0.11,0.094,0.363,0.089,0.281,0.494,0.093,0.091,0.231,0.099,0.086,0.214,0.157,0.097,0.09,0.093,0.102,0.261,0.091,0.09,0.088,0.087,0.093,0.089,0.089,0.087,0.089,0.087,0.088,0.089,0.088
,6:24:16,46,0.09,0.09,0.09,0.091,0.088,0.087,0.088,0.089,0.089,0.088,0.088,0.089,0.088,0.083,0.091,0.081,0.082,0.082,0.082,0.083,0.083,0.082,0.082,0.089,0.088,0.079,0.082,0.082,0.08,0.086,0.082,0.083,0.082,0.083,0.082,0.088,0.09,0.083,0.082,0.083,0.084,0.081,0.084,0.082,0.082,0.081,0.082,0.088,0.089,0.126,0.153,0.501,0.182,0.116,0.09,0.101,0.089,0.47,0.652,0.089,0.091,0.093,0.088,0.095,0.128,0.11,0.094,0.37,0.089,0.284,0.496,0.093,0.091,0.235,0.099,0.086,0.215,0.159,0.097,0.09,0.093,0.102,0.266,0.091,0.089,0.087,0.087,0.092,0.089,0.089,0.087,0.089,0.087,0.088,0.089,0.088
,6:29:16,45.9,0.09,0.09,0.09,0.091,0.088,0.087,0.088,0.089,0.089,0.088,0.088,0.089,0.088,0.083,0.091,0.081,0.082,0.082,0.082,0.083,0.083,0.082,0.082,0.088,0.088,0.079,0.082,0.082,0.08,0.087,0.082,0.083,0.082,0.083,0.082,0.088,0.09,0.083,0.093,0.082,0.084,0.081,0.084,0.082,0.082,0.081,0.082,0.088,0.089,0.126,0.153,0.506,0.185,0.117,0.09,0.101,0.088,0.475,0.658,0.089,0.092,0.093,0.089,0.096,0.129,0.11,0.094,0.374,0.089,0.287,0.497,0.093,0.091,0.239,0.099,0.086,0.216,0.161,0.097,0.09,0.093,0.102,0.268,0.091,0.09,0.087,0.087,0.092,0.089,0.089,0.087,0.089,0.088,0.088,0.088,0.088
,6:34:16,46,0.09,0.09,0.09,0.091,0.088,0.087,0.088,0.089,0.089,0.088,0.088,0.089,0.088,0.083,0.091,0.081,0.082,0.082,0.082,0.083,0.083,0.083,0.082,0.089,0.088,0.079,0.082,0.082,0.08,0.087,0.082,0.083,0.082,0.083,0.082,0.088,0.09,0.083,0.098,0.082,0.084,0.082,0.084,0.082,0.082,0.081,0.082,0.088,0.089,0.126,0.153,0.51,0.186,0.116,0.09,0.101,0.089,0.479,0.664,0.089,0.092,0.093,0.088,0.095,0.13,0.11,0.094,0.379,0.089,0.291,0.5,0.093,0.091,0.242,0.099,0.086,0.218,0.162,0.097,0.09,0.093,0.102,0.271,0.091,0.09,0.087,0.087,0.092,0.089,0.089,0.087,0.089,0.087,0.088,0.089,0.088
,6:39:16,46,0.09,0.09,0.09,0.091,0.088,0.087,0.088,0.089,0.089,0.088,0.088,0.089,0.088,0.083,0.091,0.081,0.082,0.082,0.082,0.083,0.083,0.083,0.082,0.089,0.088,0.079,0.083,0.082,0.081,0.086,0.082,0.083,0.082,0.083,0.082,0.088,0.09,0.082,0.082,0.082,0.084,0.081,0.084,0.082,0.082,0.082,0.082,0.088,0.089,0.127,0.153,0.515,0.186,0.117,0.09,0.101,0.089,0.485,0.67,0.089,0.091,0.093,0.089,0.095,0.131,0.11,0.094,0.384,0.089,0.295,0.501,0.093,0.091,0.248,0.099,0.086,0.219,0.164,0.096,0.09,0.092,0.102,0.276,0.091,0.09,0.087,0.087,0.092,0.089,0.089,0.087,0.089,0.088,0.088,0.089,0.088
,6:44:16,45.9,0.09,0.09,0.09,0.091,0.088,0.087,0.088,0.089,0.089,0.088,0.088,0.089,0.088,0.083,0.091,0.081,0.081,0.082,0.082,0.083,0.083,0.082,0.082,0.089,0.088,0.079,0.083,0.082,0.08,0.086,0.082,0.083,0.082,0.083,0.082,0.088,0.09,0.083,0.104,0.082,0.084,0.082,0.084,0.082,0.082,0.082,0.082,0.088,0.089,0.127,0.153,0.52,0.19,0.117,0.09,0.101,0.089,0.49,0.676,0.089,0.092,0.093,0.089,0.095,0.133,0.11,0.094,0.389,0.089,0.301,0.503,0.093,0.091,0.251,0.099,0.086,0.22,0.165,0.097,0.09,0.093,0.102,0.28,0.091,0.09,0.087,0.087,0.093,0.089,0.089,0.087,0.089,0.088,0.088,0.089,0.088
,6:49:16,46,0.09,0.09,0.09,0.091,0.088,0.087,0.088,0.089,0.089,0.088,0.088,0.089,0.088,0.083,0.091,0.081,0.081,0.082,0.082,0.082,0.083,0.082,0.082,0.089,0.088,0.079,0.082,0.082,0.08,0.086,0.082,0.083,0.082,0.083,0.082,0.088,0.089,0.083,0.084,0.082,0.084,0.081,0.084,0.082,0.082,0.081,0.082,0.089,0.089,0.128,0.154,0.524,0.192,0.117,0.09,0.1,0.089,0.494,0.68,0.089,0.092,0.093,0.088,0.095,0.134,0.11,0.094,0.393,0.089,0.304,0.504,0.093,0.091,0.257,0.099,0.086,0.222,0.168,0.096,0.09,0.093,0.102,0.284,0.091,0.09,0.087,0.087,0.092,0.089,0.089,0.087,0.089,0.087,0.088,0.088,0.088
,6:54:16,46,0.09,0.09,0.09,0.091,0.088,0.087,0.088,0.089,0.089,0.088,0.087,0.088,0.088,0.083,0.091,0.081,0.081,0.082,0.082,0.083,0.083,0.082,0.082,0.089,0.088,0.079,0.083,0.082,0.08,0.086,0.082,0.083,0.082,0.083,0.082,0.088,0.089,0.083,0.104,0.082,0.084,0.081,0.084,0.082,0.082,0.081,0.082,0.088,0.089,0.127,0.154,0.527,0.193,0.117,0.09,0.101,0.088,0.498,0.685,0.089,0.092,0.093,0.088,0.095,0.135,0.11,0.094,0.397,0.088,0.309,0.503,0.093,0.091,0.26,0.099,0.085,0.222,0.169,0.097,0.09,0.093,0.102,0.288,0.091,0.09,0.087,0.087,0.092,0.089,0.089,0.087,0.089,0.087,0.088,0.088,0.087
,6:59:16,46,0.09,0.09,0.09,0.091,0.088,0.087,0.088,0.089,0.089,0.088,0.088,0.089,0.088,0.083,0.091,0.081,0.081,0.082,0.082,0.082,0.083,0.082,0.082,0.089,0.088,0.079,0.083,0.082,0.081,0.086,0.082,0.083,0.082,0.083,0.082,0.088,0.09,0.083,0.082,0.082,0.084,0.082,0.084,0.082,0.082,0.082,0.082,0.089,0.089,0.128,0.154,0.532,0.194,0.118,0.09,0.101,0.089,0.503,0.689,0.089,0.092,0.093,0.088,0.095,0.136,0.11,0.094,0.401,0.089,0.313,0.501,0.093,0.091,0.265,0.1,0.086,0.223,0.171,0.096,0.09,0.093,0.102,0.292,0.091,0.09,0.087,0.088,0.092,0.089,0.089,0.087,0.089,0.088,0.088,0.089,0.088
,7:04:16,46,0.09,0.09,0.09,0.091,0.088,0.087,0.088,0.089,0.089,0.088,0.088,0.089,0.088,0.083,0.091,0.081,0.081,0.082,0.082,0.083,0.083,0.082,0.081,0.089,0.088,0.079,0.082,0.082,0.081,0.086,0.082,0.083,0.082,0.083,0.082,0.088,0.089,0.083,0.099,0.082,0.084,0.081,0.084,0.082,0.082,0.081,0.082,0.088,0.089,0.128,0.154,0.535,0.196,0.118,0.09,0.101,0.089,0.507,0.694,0.089,0.092,0.093,0.088,0.094,0.136,0.11,0.094,0.406,0.088,0.318,0.506,0.093,0.091,0.27,0.1,0.086,0.225,0.172,0.097,0.09,0.092,0.102,0.294,0.091,0.09,0.088,0.087,0.092,0.089,0.089,0.087,0.089,0.087,0.088,0.089,0.088
,7:09:16,46,0.09,0.09,0.09,0.091,0.088,0.087,0.088,0.089,0.089,0.088,0.088,0.089,0.088,0.083,0.091,0.081,0.082,0.082,0.082,0.083,0.083,0.082,0.082,0.089,0.088,0.08,0.083,0.083,0.081,0.086,0.082,0.083,0.082,0.083,0.082,0.088,0.09,0.083,0.104,0.083,0.084,0.082,0.084,0.082,0.082,0.082,0.082,0.089,0.089,0.128,0.155,0.538,0.199,0.118,0.09,0.1,0.089,0.512,0.697,0.089,0.092,0.093,0.088,0.095,0.138,0.111,0.094,0.41,0.089,0.323,0.509,0.093,0.091,0.274,0.1,0.086,0.227,0.174,0.097,0.09,0.093,0.102,0.299,0.091,0.09,0.088,0.087,0.093,0.089,0.089,0.087,0.089,0.088,0.088,0.089,0.088
,7:14:16,46,0.09,0.09,0.09,0.092,0.089,0.087,0.088,0.089,0.089,0.088,0.088,0.089,0.088,0.083,0.091,0.081,0.082,0.082,0.082,0.083,0.083,0.083,0.082,0.089,0.088,0.08,0.083,0.082,0.081,0.087,0.082,0.083,0.083,0.083,0.082,0.088,0.09,0.083,0.084,0.082,0.085,0.082,0.085,0.082,0.082,0.082,0.082,0.088,0.089,0.129,0.156,0.542,0.201,0.119,0.09,0.101,0.089,0.514,0.7,0.089,0.092,0.093,0.089,0.095,0.14,0.111,0.094,0.414,0.089,0.328,0.509,0.093,0.091,0.279,0.1,0.086,0.228,0.177,0.097,0.09,0.093,0.102,0.303,0.091,0.09,0.088,0.087,0.093,0.089,0.089,0.087,0.089,0.088,0.088,0.088,0.088
,7:19:16,46,0.09,0.09,0.09,0.091,0.089,0.087,0.088,0.089,0.089,0.088,0.088,0.089,0.088,0.083,0.091,0.081,0.082,0.082,0.082,0.083,0.083,0.082,0.082,0.089,0.088,0.079,0.083,0.082,0.081,0.087,0.082,0.083,0.083,0.083,0.082,0.088,0.09,0.083,0.093,0.083,0.084,0.081,0.084,0.082,0.082,0.082,0.082,0.088,0.089,0.129,0.155,0.545,0.202,0.119,0.09,0.101,0.089,0.517,0.704,0.089,0.092,0.093,0.088,0.094,0.14,0.111,0.094,0.419,0.089,0.333,0.507,0.093,0.091,0.285,0.1,0.086,0.227,0.177,0.096,0.09,0.093,0.103,0.306,0.091,0.09,0.087,0.087,0.092,0.089,0.089,0.087,0.089,0.088,0.088,0.089,0.088
,7:24:16,46,0.09,0.09,0.09,0.091,0.088,0.087,0.088,0.089,0.089,0.088,0.088,0.089,0.088,0.083,0.091,0.081,0.081,0.082,0.082,0.083,0.083,0.087,0.082,0.089,0.088,0.079,0.082,0.082,0.08,0.086,0.082,0.083,0.082,0.083,0.082,0.088,0.089,0.083,0.082,0.082,0.084,0.081,0.084,0.082,0.082,0.081,0.082,0.088,0.089,0.129,0.155,0.548,0.203,0.119,0.09,0.1,0.089,0.521,0.707,0.089,0.092,0.093,0.088,0.094,0.142,0.11,0.094,0.423,0.089,0.337,0.509,0.093,0.091,0.29,0.1,0.086,0.228,0.179,0.096,0.09,0.093,0.102,0.31,0.091,0.09,0.088,0.087,0.092,0.089,0.089,0.087,0.089,0.087,0.088,0.088,0.088
,7:29:16,46,0.09,0.09,0.09,0.091,0.088,0.087,0.088,0.089,0.089,0.088,0.088,0.088,0.088,0.083,0.091,0.081,0.082,0.082,0.082,0.083,0.083,0.082,0.082,0.089,0.088,0.079,0.083,0.082,0.081,0.086,0.082,0.083,0.082,0.083,0.082,0.088,0.09,0.083,0.089,0.083,0.084,0.081,0.084,0.082,0.082,0.082,0.082,0.088,0.089,0.129,0.155,0.55,0.207,0.119,0.09,0.101,0.089,0.527,0.71,0.089,0.092,0.093,0.089,0.095,0.143,0.111,0.094,0.427,0.089,0.343,0.508,0.093,0.091,0.295,0.1,0.086,0.229,0.182,0.097,0.09,0.093,0.102,0.314,0.091,0.09,0.088,0.087,0.092,0.089,0.089,0.087,0.089,0.088,0.088,0.089,0.088
,7:34:16,46,0.09,0.09,0.09,0.091,0.088,0.087,0.088,0.089,0.089,0.088,0.088,0.089,0.088,0.083,0.091,0.081,0.082,0.082,0.082,0.083,0.083,0.082,0.082,0.089,0.088,0.079,0.083,0.082,0.081,0.086,0.082,0.083,0.082,0.082,0.082,0.088,0.09,0.083,0.098,0.082,0.084,0.081,0.084,0.082,0.082,0.082,0.082,0.088,0.089,0.129,0.154,0.552,0.209,0.119,0.09,0.1,0.089,0.528,0.714,0.089,0.091,0.093,0.088,0.095,0.144,0.111,0.093,0.431,0.089,0.348,0.509,0.093,0.091,0.3,0.101,0.086,0.23,0.183,0.096,0.09,0.093,0.102,0.321,0.091,0.09,0.087,0.087,0.092,0.089,0.089,0.087,0.089,0.087,0.088,0.089,0.088
,7:39:16,46,0.09,0.089,0.09,0.091,0.088,0.087,0.088,0.089,0.089,0.088,0.088,0.088,0.088,0.083,0.091,0.081,0.081,0.082,0.082,0.083,0.083,0.082,0.082,0.089,0.088,0.079,0.082,0.082,0.081,0.086,0.082,0.083,0.082,0.082,0.082,0.088,0.089,0.083,0.081,0.082,0.084,0.081,0.084,0.082,0.082,0.081,0.082,0.088,0.089,0.13,0.155,0.555,0.21,0.119,0.09,0.1,0.089,0.531,0.716,0.089,0.092,0.093,0.088,0.094,0.144,0.112,0.094,0.434,0.089,0.353,0.51,0.093,0.091,0.307,0.101,0.086,0.231,0.184,0.096,0.09,0.092,0.102,0.324,0.091,0.09,0.087,0.087,0.092,0.089,0.088,0.087,0.089,0.087,0.088,0.088,0.088
,7:44:16,46,0.09,0.09,0.09,0.091,0.088,0.087,0.088,0.089,0.089,0.088,0.088,0.089,0.088,0.083,0.091,0.081,0.082,0.082,0.082,0.083,0.083,0.083,0.082,0.089,0.088,0.079,0.083,0.082,0.081,0.086,0.082,0.083,0.082,0.082,0.082,0.088,0.09,0.083,0.088,0.082,0.084,0.081,0.084,0.082,0.082,0.081,0.082,0.089,0.089,0.13,0.155,0.557,0.213,0.12,0.09,0.101,0.089,0.533,0.719,0.089,0.092,0.093,0.089,0.094,0.146,0.112,0.094,0.44,0.089,0.359,0.516,0.093,0.091,0.313,0.101,0.086,0.232,0.186,0.096,0.09,0.093,0.103,0.329,0.091,0.09,0.087,0.087,0.092,0.089,0.089,0.087,0.089,0.088,0.088,0.088,0.088
,7:49:16,46,0.09,0.09,0.09,0.091,0.088,0.087,0.088,0.089,0.089,0.088,0.088,0.089,0.088,0.083,0.091,0.081,0.081,0.082,0.082,0.083,0.083,0.082,0.082,0.089,0.088,0.079,0.083,0.082,0.08,0.087,0.082,0.083,0.083,0.082,0.082,0.088,0.09,0.083,0.082,0.082,0.084,0.081,0.084,0.082,0.082,0.082,0.082,0.089,0.089,0.13,0.155,0.558,0.216,0.12,0.09,0.1,0.089,0.536,0.722,0.089,0.092,0.093,0.088,0.094,0.148,0.112,0.093,0.443,0.089,0.365,0.523,0.093,0.091,0.32,0.101,0.086,0.234,0.188,0.096,0.09,0.093,0.102,0.334,0.091,0.09,0.087,0.087,0.092,0.089,0.089,0.087,0.089,0.087,0.088,0.089,0.088
,7:54:16,46,0.09,0.09,0.09,0.091,0.088,0.087,0.088,0.089,0.089,0.088,0.088,0.089,0.088,0.083,0.091,0.081,0.082,0.082,0.082,0.083,0.083,0.083,0.082,0.089,0.088,0.079,0.083,0.082,0.081,0.086,0.082,0.083,0.082,0.082,0.082,0.088,0.09,0.083,0.085,0.082,0.084,0.082,0.084,0.082,0.082,0.081,0.082,0.088,0.089,0.13,0.155,0.561,0.217,0.12,0.09,0.1,0.089,0.539,0.725,0.089,0.092,0.092,0.088,0.095,0.149,0.112,0.094,0.446,0.089,0.372,0.529,0.093,0.091,0.327,0.102,0.086,0.234,0.189,0.097,0.09,0.093,0.102,0.34,0.091,0.09,0.088,0.087,0.092,0.089,0.089,0.087,0.089,0.088,0.088,0.089,0.088
,7:59:16,45.9,0.09,0.09,0.09,0.091,0.088,0.087,0.088,0.089,0.089,0.088,0.088,0.088,0.088,0.083,0.091,0.081,0.082,0.082,0.082,0.083,0.083,0.082,0.082,0.089,0.088,0.08,0.083,0.082,0.081,0.086,0.082,0.083,0.082,0.082,0.082,0.088,0.09,0.083,0.099,0.082,0.084,0.082,0.084,0.082,0.082,0.082,0.082,0.089,0.089,0.131,0.155,0.562,0.22,0.12,0.09,0.1,0.089,0.541,0.727,0.089,0.092,0.093,0.088,0.094,0.15,0.113,0.094,0.449,0.089,0.377,0.529,0.093,0.091,0.333,0.102,0.086,0.235,0.191,0.097,0.09,0.093,0.102,0.345,0.091,0.09,0.088,0.088,0.092,0.089,0.089,0.087,0.089,0.088,0.088,0.088,0.088
,8:04:16,46,0.09,0.09,0.09,0.091,0.088,0.087,0.088,0.089,0.089,0.088,0.088,0.088,0.088,0.083,0.091,0.081,0.081,0.082,0.082,0.083,0.083,0.082,0.082,0.089,0.088,0.079,0.082,0.082,0.081,0.086,0.082,0.083,0.082,0.082,0.082,0.088,0.09,0.083,0.082,0.082,0.084,0.082,0.084,0.082,0.082,0.081,0.082,0.088,0.089,0.131,0.155,0.563,0.222,0.12,0.09,0.1,0.089,0.542,0.728,0.089,0.091,0.093,0.088,0.094,0.152,0.112,0.093,0.452,0.089,0.382,0.528,0.093,0.091,0.341,0.102,0.086,0.235,0.194,0.096,0.09,0.093,0.102,0.351,0.091,0.09,0.087,0.087,0.092,0.089,0.089,0.087,0.089,0.087,0.088,0.088,0.087
,8:09:16,46,0.09,0.09,0.09,0.091,0.088,0.087,0.088,0.089,0.089,0.088,0.088,0.088,0.088,0.083,0.091,0.081,0.082,0.082,0.082,0.082,0.083,0.082,0.081,0.089,0.088,0.079,0.083,0.082,0.081,0.086,0.082,0.083,0.082,0.082,0.082,0.088,0.09,0.083,0.082,0.082,0.084,0.081,0.084,0.082,0.082,0.081,0.082,0.089,0.089,0.131,0.155,0.564,0.223,0.12,0.09,0.1,0.089,0.544,0.73,0.089,0.092,0.093,0.088,0.094,0.153,0.113,0.093,0.454,0.089,0.388,0.528,0.093,0.091,0.349,0.102,0.086,0.236,0.195,0.096,0.09,0.093,0.102,0.356,0.091,0.09,0.087,0.087,0.092,0.089,0.089,0.087,0.089,0.087,0.088,0.089,0.087
,8:14:16,46,0.09,0.09,0.09,0.091,0.088,0.087,0.088,0.089,0.089,0.088,0.088,0.089,0.088,0.083,0.091,0.081,0.082,0.082,0.082,0.083,0.083,0.082,0.082,0.089,0.088,0.08,0.082,0.082,0.081,0.086,0.082,0.083,0.082,0.082,0.082,0.088,0.09,0.083,0.094,0.082,0.084,0.081,0.084,0.082,0.082,0.081,0.082,0.089,0.089,0.131,0.155,0.565,0.226,0.12,0.09,0.1,0.088,0.545,0.733,0.089,0.092,0.093,0.089,0.094,0.154,0.113,0.094,0.457,0.089,0.396,0.525,0.093,0.091,0.355,0.103,0.086,0.237,0.197,0.096,0.09,0.093,0.102,0.362,0.091,0.09,0.088,0.087,0.092,0.089,0.089,0.087,0.089,0.088,0.088,0.088,0.088
,8:19:16,46,0.09,0.09,0.09,0.091,0.088,0.087,0.088,0.089,0.089,0.088,0.088,0.089,0.088,0.083,0.091,0.081,0.082,0.082,0.082,0.083,0.083,0.082,0.082,0.089,0.088,0.079,0.083,0.082,0.081,0.087,0.082,0.083,0.083,0.082,0.082,0.088,0.09,0.083,0.083,0.082,0.084,0.082,0.084,0.082,0.082,0.081,0.082,0.089,0.089,0.132,0.156,0.566,0.228,0.12,0.09,0.1,0.089,0.544,0.734,0.089,0.091,0.093,0.088,0.094,0.156,0.113,0.093,0.459,0.089,0.402,0.524,0.093,0.091,0.364,0.103,0.086,0.237,0.198,0.096,0.09,0.093,0.102,0.369,0.091,0.09,0.087,0.087,0.092,0.089,0.089,0.087,0.089,0.087,0.088,0.088,0.088
,8:24:16,46,0.09,0.09,0.09,0.091,0.088,0.087,0.088,0.089,0.089,0.088,0.088,0.089,0.088,0.083,0.091,0.081,0.081,0.082,0.082,0.082,0.083,0.082,0.081,0.089,0.088,0.079,0.083,0.082,0.081,0.086,0.082,0.083,0.082,0.082,0.082,0.088,0.09,0.082,0.082,0.083,0.084,0.081,0.084,0.082,0.082,0.081,0.082,0.088,0.089,0.131,0.156,0.567,0.231,0.12,0.09,0.1,0.089,0.546,0.735,0.089,0.091,0.092,0.088,0.094,0.156,0.114,0.093,0.461,0.089,0.408,0.522,0.093,0.091,0.371,0.103,0.086,0.238,0.2,0.096,0.09,0.093,0.102,0.375,0.091,0.09,0.087,0.087,0.092,0.089,0.089,0.087,0.089,0.087,0.088,0.088,0.088
,8:29:16,45.9,0.09,0.09,0.09,0.091,0.088,0.087,0.088,0.089,0.089,0.088,0.087,0.088,0.088,0.083,0.091,0.081,0.081,0.081,0.082,0.083,0.083,0.082,0.082,0.089,0.088,0.079,0.082,0.082,0.08,0.086,0.082,0.082,0.082,0.082,0.082,0.088,0.09,0.083,0.088,0.082,0.084,0.081,0.084,0.082,0.082,0.081,0.082,0.088,0.089,0.131,0.155,0.567,0.231,0.12,0.089,0.1,0.088,0.546,0.737,0.089,0.091,0.092,0.088,0.094,0.159,0.114,0.093,0.463,0.089,0.413,0.519,0.093,0.091,0.378,0.104,0.086,0.239,0.201,0.096,0.09,0.093,0.102,0.381,0.09,0.09,0.087,0.087,0.092,0.089,0.088,0.087,0.089,0.087,0.088,0.088,0.087
,8:34:16,46,0.09,0.09,0.09,0.091,0.088,0.087,0.088,0.089,0.089,0.088,0.088,0.089,0.088,0.083,0.091,0.081,0.082,0.082,0.082,0.083,0.083,0.083,0.082,0.089,0.088,0.079,0.083,0.082,0.081,0.086,0.082,0.083,0.082,0.082,0.082,0.088,0.09,0.083,0.104,0.083,0.084,0.082,0.084,0.082,0.082,0.082,0.082,0.089,0.089,0.132,0.156,0.567,0.236,0.121,0.09,0.1,0.089,0.546,0.738,0.089,0.091,0.093,0.088,0.094,0.161,0.115,0.094,0.465,0.089,0.419,0.519,0.093,0.091,0.388,0.105,0.086,0.238,0.204,0.096,0.09,0.093,0.102,0.388,0.091,0.09,0.088,0.088,0.092,0.089,0.089,0.087,0.089,0.088,0.088,0.089,0.088
,8:39:16,46,0.09,0.09,0.09,0.091,0.088,0.087,0.089,0.089,0.089,0.088,0.088,0.09,0.088,0.083,0.091,0.081,0.082,0.082,0.082,0.083,0.083,0.083,0.082,0.089,0.088,0.079,0.083,0.082,0.081,0.086,0.082,0.083,0.083,0.082,0.082,0.088,0.09,0.083,0.082,0.082,0.085,0.081,0.084,0.082,0.082,0.082,0.082,0.089,0.089,0.132,0.155,0.568,0.238,0.121,0.09,0.1,0.088,0.546,0.739,0.089,0.092,0.092,0.088,0.094,0.161,0.115,0.093,0.466,0.089,0.422,0.519,0.093,0.091,0.394,0.105,0.086,0.239,0.205,0.096,0.09,0.093,0.102,0.393,0.091,0.09,0.087,0.087,0.092,0.089,0.089,0.087,0.089,0.087,0.088,0.088,0.087
,8:44:16,46,0.09,0.09,0.09,0.091,0.088,0.087,0.088,0.089,0.089,0.088,0.088,0.089,0.088,0.083,0.092,0.081,0.082,0.082,0.082,0.083,0.083,0.083,0.082,0.089,0.088,0.079,0.083,0.082,0.081,0.087,0.082,0.083,0.083,0.082,0.082,0.088,0.09,0.083,0.085,0.083,0.084,0.082,0.085,0.082,0.082,0.082,0.082,0.089,0.089,0.132,0.155,0.568,0.238,0.121,0.09,0.1,0.089,0.546,0.741,0.089,0.091,0.093,0.089,0.093,0.163,0.116,0.094,0.467,0.089,0.426,0.518,0.094,0.091,0.403,0.106,0.086,0.239,0.206,0.096,0.09,0.093,0.103,0.399,0.091,0.09,0.088,0.087,0.092,0.089,0.089,0.087,0.089,0.088,0.088,0.089,0.088
,8:49:16,46,0.09,0.09,0.09,0.091,0.089,0.087,0.088,0.089,0.089,0.088,0.088,0.089,0.088,0.082,0.091,0.081,0.081,0.082,0.082,0.083,0.083,0.082,0.082,0.089,0.088,0.079,0.083,0.082,0.081,0.086,0.082,0.083,0.082,0.082,0.082,0.088,0.09,0.083,0.083,0.082,0.084,0.081,0.084,0.082,0.082,0.082,0.082,0.088,0.089,0.132,0.155,0.568,0.24,0.12,0.09,0.1,0.089,0.546,0.742,0.089,0.092,0.093,0.089,0.094,0.164,0.116,0.094,0.468,0.089,0.429,0.515,0.093,0.091,0.41,0.107,0.086,0.24,0.208,0.096,0.09,0.092,0.102,0.405,0.091,0.09,0.088,0.087,0.092,0.089,0.089,0.087,0.089,0.088,0.088,0.088,0.088
,8:54:16,46,0.09,0.09,0.09,0.091,0.088,0.087,0.088,0.089,0.089,0.088,0.088,0.089,0.088,0.083,0.091,0.081,0.082,0.082,0.082,0.083,0.083,0.082,0.082,0.089,0.088,0.079,0.083,0.082,0.081,0.086,0.082,0.083,0.082,0.082,0.082,0.088,0.09,0.083,0.082,0.082,0.084,0.081,0.084,0.082,0.082,0.081,0.082,0.088,0.089,0.132,0.155,0.569,0.243,0.121,0.09,0.1,0.089,0.546,0.743,0.089,0.092,0.093,0.088,0.094,0.166,0.116,0.093,0.468,0.089,0.433,0.515,0.093,0.091,0.421,0.107,0.086,0.241,0.21,0.096,0.09,0.093,0.102,0.412,0.091,0.09,0.087,0.087,0.092,0.089,0.089,0.087,0.089,0.087,0.088,0.088,0.087
,8:59:16,46,0.09,0.09,0.09,0.091,0.088,0.087,0.088,0.089,0.089,0.088,0.088,0.089,0.088,0.083,0.091,0.081,0.082,0.082,0.082,0.082,0.083,0.082,0.082,0.089,0.088,0.079,0.083,0.082,0.081,0.086,0.082,0.083,0.082,0.082,0.082,0.088,0.089,0.083,0.096,0.082,0.084,0.082,0.084,0.082,0.082,0.081,0.082,0.089,0.089,0.132,0.155,0.568,0.245,0.121,0.09,0.1,0.089,0.546,0.743,0.089,0.092,0.092,0.089,0.093,0.167,0.117,0.093,0.469,0.089,0.436,0.513,0.093,0.091,0.428,0.108,0.086,0.239,0.213,0.096,0.09,0.093,0.102,0.419,0.091,0.09,0.088,0.088,0.092,0.089,0.089,0.087,0.089,0.087,0.088,0.089,0.088
,9:04:16,46,0.09,0.09,0.09,0.091,0.088,0.087,0.088,0.089,0.089,0.088,0.088,0.089,0.088,0.083,0.091,0.081,0.081,0.082,0.082,0.083,0.083,0.082,0.082,0.089,0.088,0.08,0.083,0.082,0.081,0.086,0.082,0.083,0.083,0.082,0.082,0.088,0.089,0.083,0.082,0.082,0.084,0.081,0.084,0.082,0.082,0.082,0.082,0.089,0.089,0.133,0.155,0.568,0.246,0.121,0.09,0.1,0.089,0.545,0.745,0.089,0.092,0.093,0.088,0.094,0.168,0.117,0.093,0.469,0.089,0.438,0.511,0.093,0.091,0.438,0.109,0.086,0.24,0.213,0.096,0.09,0.093,0.103,0.425,0.091,0.09,0.088,0.087,0.092,0.089,0.089,0.087,0.089,0.088,0.088,0.089,0.088
,9:09:16,46.1,0.09,0.09,0.09,0.091,0.088,0.087,0.088,0.089,0.089,0.088,0.088,0.089,0.088,0.083,0.091,0.081,0.081,0.082,0.082,0.083,0.083,0.083,0.082,0.089,0.088,0.079,0.083,0.082,0.081,0.086,0.082,0.083,0.082,0.082,0.082,0.088,0.09,0.083,0.082,0.082,0.084,0.081,0.084,0.082,0.082,0.082,0.082,0.088,0.089,0.133,0.155,0.568,0.25,0.121,0.09,0.1,0.088,0.543,0.745,0.089,0.091,0.093,0.088,0.093,0.169,0.118,0.093,0.469,0.089,0.44,0.511,0.093,0.091,0.449,0.11,0.086,0.241,0.217,0.096,0.09,0.093,0.102,0.434,0.091,0.09,0.087,0.087,0.092,0.089,0.089,0.087,0.089,0.087,0.088,0.088,0.088
,9:14:16,46,0.09,0.09,0.09,0.091,0.088,0.087,0.088,0.089,0.089,0.088,0.088,0.088,0.088,0.083,0.091,0.081,0.082,0.082,0.082,0.083,0.083,0.082,0.082,0.089,0.088,0.079,0.083,0.082,0.081,0.086,0.082,0.083,0.082,0.082,0.082,0.088,0.09,0.082,0.104,0.082,0.084,0.082,0.084,0.082,0.082,0.082,0.082,0.088,0.089,0.134,0.155,0.567,0.251,0.122,0.09,0.099,0.089,0.544,0.746,0.089,0.092,0.093,0.088,0.094,0.17,0.118,0.093,0.469,0.089,0.442,0.516,0.093,0.091,0.457,0.111,0.086,0.241,0.219,0.095,0.09,0.093,0.102,0.44,0.091,0.09,0.087,0.087,0.092,0.089,0.089,0.087,0.089,0.088,0.088,0.088,0.088
,9:19:16,46,0.09,0.09,0.09,0.091,0.089,0.087,0.088,0.089,0.089,0.088,0.088,0.089,0.088,0.084,0.091,0.081,0.082,0.082,0.082,0.083,0.083,0.083,0.082,0.089,0.088,0.08,0.083,0.082,0.081,0.086,0.082,0.083,0.082,0.082,0.082,0.088,0.09,0.083,0.098,0.083,0.084,0.082,0.085,0.082,0.082,0.082,0.082,0.089,0.089,0.133,0.155,0.569,0.252,0.121,0.09,0.1,0.089,0.544,0.746,0.089,0.091,0.093,0.088,0.093,0.17,0.119,0.093,0.47,0.089,0.444,0.522,0.093,0.091,0.468,0.112,0.086,0.24,0.22,0.096,0.09,0.093,0.102,0.443,0.091,0.09,0.088,0.088,0.092,0.089,0.089,0.087,0.089,0.088,0.088,0.088,0.088
,9:24:16,46,0.09,0.09,0.09,0.091,0.088,0.087,0.088,0.089,0.089,0.088,0.088,0.089,0.088,0.083,0.091,0.081,0.082,0.082,0.082,0.083,0.083,0.082,0.082,0.089,0.088,0.079,0.083,0.082,0.08,0.086,0.082,0.083,0.082,0.082,0.082,0.088,0.09,0.083,0.101,0.082,0.084,0.081,0.084,0.082,0.082,0.082,0.082,0.089,0.089,0.134,0.155,0.568,0.255,0.121,0.09,0.1,0.089,0.543,0.747,0.089,0.091,0.093,0.088,0.093,0.171,0.119,0.093,0.469,0.089,0.446,0.519,0.093,0.091,0.479,0.113,0.086,0.241,0.222,0.096,0.09,0.093,0.102,0.447,0.091,0.09,0.087,0.087,0.092,0.089,0.089,0.087,0.089,0.088,0.088,0.089,0.088
,9:29:16,45.9,0.09,0.09,0.09,0.091,0.088,0.087,0.088,0.089,0.089,0.088,0.088,0.089,0.088,0.083,0.091,0.081,0.082,0.082,0.082,0.083,0.083,0.083,0.082,0.089,0.088,0.079,0.083,0.082,0.081,0.086,0.082,0.083,0.082,0.082,0.082,0.088,0.09,0.083,0.099,0.083,0.084,0.082,0.084,0.082,0.082,0.082,0.082,0.089,0.089,0.134,0.156,0.568,0.258,0.122,0.09,0.1,0.089,0.543,0.748,0.089,0.091,0.092,0.088,0.094,0.173,0.12,0.093,0.469,0.089,0.448,0.522,0.093,0.091,0.489,0.114,0.086,0.241,0.224,0.096,0.09,0.093,0.103,0.452,0.091,0.09,0.088,0.087,0.092,0.089,0.089,0.087,0.089,0.088,0.088,0.088,0.088
,9:34:16,46,0.09,0.09,0.09,0.092,0.088,0.087,0.088,0.089,0.089,0.088,0.088,0.089,0.088,0.083,0.092,0.081,0.082,0.082,0.082,0.083,0.083,0.082,0.082,0.089,0.088,0.079,0.083,0.082,0.081,0.087,0.082,0.083,0.083,0.082,0.082,0.088,0.09,0.083,0.082,0.083,0.085,0.081,0.084,0.082,0.082,0.082,0.082,0.089,0.089,0.134,0.156,0.567,0.259,0.122,0.09,0.1,0.089,0.543,0.749,0.089,0.092,0.093,0.088,0.093,0.173,0.121,0.093,0.47,0.089,0.45,0.52,0.093,0.091,0.498,0.116,0.086,0.24,0.226,0.096,0.09,0.093,0.102,0.454,0.091,0.09,0.088,0.087,0.093,0.09,0.089,0.087,0.089,0.088,0.088,0.089,0.088
,9:39:16,46,0.09,0.09,0.09,0.091,0.088,0.087,0.088,0.089,0.089,0.088,0.088,0.09,0.088,0.083,0.091,0.081,0.081,0.082,0.082,0.083,0.083,0.083,0.082,0.089,0.088,0.08,0.083,0.082,0.081,0.086,0.082,0.083,0.082,0.082,0.082,0.088,0.09,0.083,0.082,0.082,0.084,0.082,0.084,0.082,0.082,0.082,0.082,0.089,0.089,0.134,0.155,0.567,0.261,0.121,0.09,0.1,0.089,0.541,0.749,0.089,0.092,0.093,0.088,0.093,0.174,0.122,0.093,0.468,0.089,0.451,0.519,0.093,0.091,0.506,0.117,0.086,0.241,0.228,0.096,0.09,0.093,0.102,0.458,0.091,0.09,0.088,0.087,0.092,0.089,0.089,0.087,0.089,0.087,0.088,0.089,0.088
,9:44:16,46,0.09,0.09,0.09,0.091,0.088,0.087,0.088,0.089,0.089,0.088,0.088,0.089,0.088,0.083,0.091,0.081,0.082,0.082,0.082,0.083,0.083,0.083,0.082,0.089,0.088,0.079,0.083,0.082,0.081,0.087,0.082,0.083,0.082,0.082,0.082,0.088,0.089,0.083,0.086,0.082,0.084,0.081,0.084,0.082,0.082,0.081,0.082,0.089,0.089,0.134,0.155,0.566,0.265,0.122,0.09,0.1,0.089,0.541,0.749,0.089,0.091,0.093,0.088,0.093,0.175,0.122,0.093,0.468,0.089,0.452,0.517,0.093,0.091,0.512,0.118,0.086,0.241,0.23,0.096,0.09,0.093,0.102,0.461,0.091,0.09,0.088,0.087,0.092,0.089,0.089,0.087,0.089,0.087,0.088,0.088,0.088
,9:49:16,46,0.09,0.09,0.09,0.091,0.088,0.087,0.088,0.089,0.089,0.088,0.088,0.089,0.088,0.083,0.091,0.081,0.082,0.082,0.082,0.083,0.083,0.083,0.082,0.089,0.088,0.079,0.083,0.082,0.08,0.087,0.082,0.083,0.082,0.082,0.082,0.088,0.09,0.083,0.082,0.082,0.084,0.082,0.085,0.082,0.082,0.082,0.082,0.089,0.089,0.135,0.156,0.566,0.268,0.122,0.09,0.1,0.089,0.54,0.75,0.089,0.092,0.092,0.089,0.093,0.177,0.122,0.093,0.468,0.089,0.454,0.517,0.093,0.091,0.519,0.119,0.086,0.24,0.233,0.096,0.09,0.093,0.102,0.464,0.091,0.09,0.088,0.088,0.092,0.089,0.089,0.087,0.089,0.088,0.088,0.088,0.088
,9:54:16,46,0.09,0.09,0.09,0.091,0.088,0.087,0.088,0.089,0.089,0.088,0.088,0.088,0.088,0.083,0.091,0.081,0.081,0.082,0.082,0.083,0.083,0.082,0.082,0.089,0.088,0.079,0.083,0.082,0.08,0.086,0.082,0.083,0.082,0.082,0.082,0.088,0.089,0.083,0.09,0.082,0.084,0.082,0.084,0.082,0.082,0.082,0.083,0.089,0.089,0.134,0.155,0.566,0.269,0.122,0.089,0.099,0.089,0.538,0.75,0.089,0.092,0.092,0.089,0.093,0.176,0.123,0.093,0.468,0.088,0.455,0.517,0.093,0.091,0.525,0.121,0.086,0.239,0.232,0.096,0.09,0.092,0.102,0.467,0.091,0.09,0.088,0.088,0.092,0.089,0.089,0.087,0.089,0.087,0.088,0.088,0.088
,9:59:16,45.9,0.09,0.09,0.09,0.091,0.088,0.087,0.088,0.089,0.089,0.088,0.088,0.088,0.088,0.083,0.092,0.081,0.082,0.082,0.082,0.083,0.083,0.083,0.082,0.089,0.088,0.079,0.083,0.082,0.081,0.086,0.082,0.083,0.082,0.082,0.082,0.088,0.09,0.083,0.092,0.083,0.084,0.082,0.084,0.082,0.082,0.082,0.082,0.089,0.089,0.134,0.155,0.566,0.272,0.122,0.09,0.099,0.089,0.539,0.752,0.089,0.092,0.093,0.089,0.093,0.177,0.124,0.093,0.468,0.089,0.457,0.516,0.093,0.091,0.531,0.122,0.086,0.239,0.235,0.096,0.09,0.093,0.102,0.471,0.091,0.09,0.087,0.087,0.092,0.089,0.089,0.087,0.089,0.088,0.088,0.088,0.088
,10:04:16,46,0.09,0.09,0.09,0.091,0.088,0.087,0.088,0.089,0.089,0.088,0.088,0.088,0.088,0.083,0.091,0.081,0.082,0.082,0.082,0.083,0.083,0.083,0.081,0.089,0.088,0.079,0.083,0.082,0.081,0.086,0.082,0.083,0.082,0.082,0.082,0.088,0.09,0.083,0.083,0.083,0.084,0.081,0.084,0.082,0.082,0.081,0.083,0.089,0.089,0.134,0.154,0.565,0.273,0.122,0.09,0.099,0.089,0.539,0.752,0.089,0.092,0.093,0.089,0.093,0.179,0.124,0.093,0.467,0.089,0.457,0.516,0.093,0.091,0.538,0.124,0.086,0.239,0.238,0.096,0.09,0.092,0.102,0.475,0.091,0.09,0.088,0.087,0.092,0.089,0.089,0.087,0.089,0.088,0.088,0.089,0.088
,10:09:16,45.9,0.09,0.09,0.09,0.091,0.089,0.087,0.088,0.089,0.089,0.088,0.088,0.089,0.088,0.083,0.091,0.081,0.082,0.082,0.082,0.083,0.083,0.083,0.082,0.089,0.088,0.079,0.083,0.082,0.081,0.087,0.082,0.083,0.082,0.082,0.082,0.088,0.09,0.083,0.094,0.083,0.084,0.081,0.085,0.082,0.082,0.082,0.083,0.089,0.089,0.134,0.154,0.565,0.278,0.122,0.09,0.099,0.089,0.538,0.753,0.089,0.092,0.092,0.089,0.093,0.179,0.125,0.093,0.467,0.089,0.458,0.515,0.093,0.091,0.545,0.125,0.086,0.239,0.24,0.096,0.09,0.093,0.103,0.477,0.091,0.09,0.088,0.087,0.092,0.089,0.089,0.087,0.089,0.088,0.088,0.089,0.088
,10:14:16,46,0.09,0.09,0.09,0.091,0.088,0.087,0.088,0.089,0.089,0.088,0.088,0.089,0.088,0.083,0.091,0.081,0.082,0.082,0.082,0.083,0.083,0.083,0.082,0.089,0.088,0.079,0.083,0.082,0.081,0.086,0.082,0.083,0.083,0.082,0.082,0.088,0.09,0.083,0.104,0.083,0.084,0.082,0.085,0.082,0.082,0.082,0.083,0.089,0.089,0.135,0.154,0.564,0.282,0.123,0.09,0.099,0.089,0.536,0.753,0.089,0.092,0.092,0.088,0.093,0.18,0.126,0.093,0.465,0.089,0.46,0.514,0.093,0.091,0.55,0.126,0.086,0.237,0.243,0.095,0.09,0.093,0.102,0.481,0.091,0.09,0.088,0.088,0.092,0.089,0.089,0.087,0.089,0.088,0.088,0.089,0.088
,10:19:16,46,0.09,0.09,0.09,0.091,0.088,0.087,0.088,0.089,0.089,0.088,0.088,0.089,0.088,0.084,0.091,0.081,0.081,0.082,0.082,0.083,0.083,0.083,0.081,0.089,0.088,0.079,0.083,0.082,0.081,0.086,0.082,0.083,0.082,0.082,0.082,0.088,0.09,0.083,0.082,0.083,0.084,0.082,0.084,0.082,0.082,0.082,0.083,0.089,0.089,0.135,0.154,0.564,0.282,0.122,0.089,0.1,0.089,0.537,0.753,0.089,0.091,0.093,0.088,0.093,0.18,0.126,0.093,0.466,0.089,0.46,0.513,0.093,0.091,0.556,0.127,0.086,0.239,0.244,0.096,0.09,0.093,0.102,0.484,0.091,0.09,0.087,0.087,0.092,0.089,0.089,0.087,0.089,0.087,0.088,0.088,0.088
,10:24:16,46,0.09,0.09,0.09,0.091,0.088,0.087,0.088,0.089,0.089,0.088,0.088,0.089,0.088,0.083,0.091,0.081,0.082,0.082,0.082,0.083,0.083,0.083,0.082,0.089,0.088,0.079,0.083,0.082,0.081,0.087,0.082,0.083,0.083,0.082,0.082,0.088,0.09,0.083,0.105,0.083,0.084,0.082,0.085,0.083,0.082,0.082,0.083,0.089,0.089,0.135,0.153,0.563,0.283,0.123,0.09,0.099,0.089,0.535,0.754,0.089,0.091,0.093,0.089,0.093,0.181,0.127,0.093,0.465,0.089,0.462,0.512,0.093,0.091,0.562,0.13,0.086,0.238,0.248,0.096,0.09,0.092,0.102,0.488,0.091,0.09,0.088,0.088,0.092,0.089,0.089,0.087,0.089,0.088,0.088,0.089,0.088
,10:29:16,45.9,0.09,0.09,0.09,0.091,0.088,0.087,0.088,0.089,0.089,0.088,0.088,0.088,0.088,0.083,0.091,0.081,0.081,0.082,0.082,0.082,0.083,0.083,0.082,0.089,0.088,0.079,0.082,0.082,0.081,0.086,0.082,0.083,0.082,0.082,0.082,0.088,0.09,0.083,0.105,0.082,0.084,0.082,0.084,0.082,0.082,0.082,0.082,0.089,0.089,0.135,0.153,0.562,0.285,0.122,0.09,0.099,0.089,0.534,0.755,0.089,0.091,0.092,0.088,0.093,0.182,0.128,0.093,0.464,0.089,0.461,0.512,0.093,0.091,0.567,0.131,0.086,0.237,0.249,0.095,0.09,0.092,0.102,0.49,0.091,0.09,0.087,0.087,0.092,0.089,0.089,0.087,0.089,0.088,0.088,0.088,0.087
,10:34:16,46.1,0.09,0.09,0.09,0.092,0.089,0.087,0.088,0.089,0.089,0.088,0.088,0.09,0.088,0.083,0.092,0.081,0.082,0.082,0.082,0.083,0.083,0.083,0.082,0.089,0.088,0.079,0.083,0.082,0.081,0.087,0.082,0.083,0.083,0.083,0.082,0.088,0.09,0.083,0.099,0.083,0.085,0.082,0.085,0.082,0.082,0.082,0.083,0.089,0.089,0.135,0.153,0.561,0.286,0.123,0.09,0.1,0.089,0.535,0.755,0.089,0.092,0.093,0.088,0.093,0.182,0.129,0.093,0.463,0.089,0.462,0.512,0.093,0.091,0.571,0.133,0.086,0.236,0.252,0.096,0.09,0.093,0.102,0.493,0.091,0.09,0.087,0.088,0.092,0.089,0.089,0.087,0.089,0.088,0.088,0.089,0.088
,10:39:16,46,0.09,0.09,0.09,0.091,0.088,0.087,0.088,0.089,0.089,0.088,0.088,0.088,0.088,0.083,0.091,0.081,0.082,0.082,0.082,0.083,0.083,0.082,0.082,0.089,0.088,0.079,0.083,0.082,0.081,0.086,0.082,0.083,0.082,0.082,0.082,0.088,0.09,0.083,0.108,0.083,0.084,0.082,0.084,0.082,0.082,0.082,0.082,0.089,0.089,0.136,0.153,0.561,0.289,0.123,0.09,0.099,0.089,0.533,0.754,0.089,0.091,0.093,0.088,0.093,0.184,0.129,0.093,0.462,0.089,0.464,0.51,0.093,0.091,0.575,0.135,0.086,0.235,0.255,0.095,0.09,0.092,0.102,0.496,0.091,0.09,0.087,0.087,0.092,0.089,0.089,0.087,0.089,0.088,0.088,0.088,0.088
,10:44:16,46,0.09,0.09,0.09,0.091,0.088,0.087,0.088,0.089,0.089,0.088,0.088,0.088,0.088,0.083,0.091,0.081,0.082,0.082,0.082,0.083,0.083,0.083,0.082,0.089,0.088,0.079,0.083,0.082,0.081,0.086,0.082,0.083,0.082,0.082,0.082,0.088,0.09,0.083,0.082,0.082,0.084,0.082,0.084,0.082,0.082,0.081,0.082,0.088,0.089,0.135,0.153,0.559,0.29,0.123,0.089,0.099,0.089,0.532,0.755,0.089,0.092,0.092,0.088,0.093,0.184,0.13,0.093,0.462,0.089,0.465,0.508,0.093,0.091,0.577,0.136,0.086,0.235,0.256,0.095,0.09,0.093,0.102,0.5,0.091,0.09,0.088,0.087,0.092,0.089,0.089,0.087,0.089,0.088,0.088,0.088,0.088
,10:49:16,46.1,0.09,0.09,0.09,0.091,0.089,0.087,0.088,0.089,0.089,0.089,0.088,0.089,0.088,0.083,0.091,0.081,0.082,0.082,0.082,0.083,0.083,0.083,0.082,0.089,0.088,0.079,0.083,0.083,0.081,0.087,0.082,0.083,0.083,0.082,0.083,0.088,0.09,0.083,0.085,0.083,0.085,0.082,0.084,0.082,0.082,0.082,0.082,0.089,0.089,0.136,0.153,0.56,0.294,0.123,0.09,0.099,0.089,0.532,0.755,0.089,0.092,0.092,0.089,0.093,0.185,0.13,0.093,0.461,0.089,0.466,0.507,0.093,0.091,0.58,0.138,0.086,0.235,0.258,0.096,0.09,0.093,0.102,0.504,0.091,0.09,0.088,0.087,0.093,0.089,0.089,0.087,0.089,0.088,0.088,0.089,0.088
,10:54:16,45.9,0.09,0.09,0.09,0.091,0.088,0.087,0.088,0.089,0.089,0.088,0.088,0.089,0.088,0.083,0.091,0.081,0.081,0.082,0.082,0.083,0.083,0.083,0.082,0.089,0.088,0.079,0.083,0.082,0.081,0.086,0.082,0.083,0.082,0.082,0.082,0.088,0.09,0.083,0.102,0.083,0.084,0.081,0.084,0.082,0.082,0.081,0.082,0.089,0.089,0.136,0.151,0.558,0.297,0.124,0.09,0.099,0.089,0.53,0.755,0.089,0.091,0.093,0.089,0.093,0.186,0.132,0.093,0.46,0.089,0.466,0.505,0.093,0.091,0.583,0.14,0.086,0.235,0.263,0.095,0.09,0.092,0.102,0.505,0.091,0.09,0.088,0.087,0.092,0.089,0.089,0.087,0.089,0.088,0.088,0.089,0.087
,10:59:16,46,0.09,0.09,0.09,0.091,0.088,0.087,0.088,0.089,0.089,0.088,0.088,0.089,0.088,0.083,0.091,0.081,0.082,0.082,0.082,0.083,0.083,0.083,0.082,0.089,0.088,0.079,0.083,0.082,0.081,0.087,0.082,0.083,0.082,0.082,0.082,0.088,0.09,0.083,0.104,0.082,0.085,0.082,0.084,0.082,0.082,0.082,0.082,0.089,0.089,0.136,0.151,0.557,0.299,0.123,0.09,0.099,0.089,0.53,0.756,0.089,0.092,0.092,0.088,0.093,0.187,0.132,0.093,0.459,0.089,0.467,0.503,0.093,0.091,0.583,0.142,0.086,0.24,0.264,0.096,0.09,0.092,0.102,0.509,0.091,0.09,0.087,0.087,0.092,0.089,0.089,0.087,0.089,0.088,0.088,0.088,0.088
,11:04:16,45.9,0.09,0.09,0.09,0.091,0.088,0.087,0.088,0.089,0.089,0.088,0.088,0.088,0.088,0.083,0.091,0.081,0.082,0.082,0.082,0.083,0.083,0.083,0.082,0.089,0.088,0.079,0.083,0.083,0.081,0.086,0.082,0.083,0.083,0.082,0.082,0.088,0.09,0.083,0.082,0.082,0.084,0.082,0.084,0.082,0.082,0.082,0.082,0.089,0.089,0.136,0.151,0.557,0.3,0.123,0.09,0.099,0.089,0.528,0.757,0.089,0.091,0.092,0.089,0.093,0.187,0.133,0.093,0.458,0.089,0.467,0.505,0.093,0.091,0.586,0.144,0.086,0.241,0.267,0.096,0.09,0.092,0.102,0.512,0.091,0.09,0.087,0.087,0.093,0.089,0.089,0.087,0.089,0.088,0.088,0.088,0.087
,11:09:16,46,0.09,0.09,0.09,0.091,0.088,0.087,0.088,0.089,0.089,0.088,0.088,0.089,0.088,0.083,0.091,0.081,0.082,0.082,0.082,0.083,0.083,0.083,0.082,0.089,0.088,0.08,0.083,0.082,0.081,0.087,0.082,0.083,0.082,0.082,0.082,0.088,0.09,0.083,0.085,0.083,0.084,0.082,0.084,0.082,0.082,0.082,0.083,0.089,0.089,0.136,0.151,0.556,0.303,0.123,0.09,0.099,0.089,0.528,0.757,0.089,0.092,0.092,0.089,0.093,0.189,0.134,0.093,0.457,0.089,0.468,0.506,0.093,0.091,0.588,0.147,0.086,0.243,0.27,0.096,0.09,0.092,0.102,0.514,0.091,0.09,0.087,0.087,0.092,0.089,0.089,0.087,0.089,0.088,0.088,0.089,0.088
,11:14:16,45.9,0.09,0.09,0.09,0.091,0.089,0.087,0.088,0.089,0.089,0.088,0.088,0.089,0.088,0.083,0.092,0.081,0.082,0.082,0.082,0.083,0.083,0.083,0.082,0.089,0.088,0.08,0.083,0.083,0.081,0.086,0.082,0.083,0.083,0.083,0.082,0.088,0.09,0.083,0.1,0.083,0.084,0.082,0.085,0.083,0.082,0.082,0.083,0.089,0.089,0.137,0.151,0.555,0.309,0.123,0.09,0.099,0.089,0.526,0.757,0.09,0.092,0.093,0.089,0.093,0.19,0.134,0.093,0.456,0.089,0.468,0.505,0.093,0.091,0.589,0.149,0.086,0.243,0.274,0.096,0.09,0.093,0.102,0.516,0.091,0.09,0.087,0.088,0.092,0.089,0.089,0.087,0.089,0.088,0.088,0.089,0.088
,11:19:16,46,0.09,0.09,0.09,0.091,0.088,0.087,0.088,0.089,0.089,0.088,0.088,0.089,0.088,0.083,0.091,0.081,0.082,0.082,0.082,0.083,0.083,0.083,0.082,0.089,0.088,0.08,0.083,0.082,0.081,0.087,0.082,0.083,0.083,0.083,0.082,0.088,0.09,0.083,0.098,0.083,0.085,0.082,0.085,0.082,0.082,0.082,0.083,0.089,0.089,0.136,0.15,0.554,0.31,0.123,0.09,0.099,0.089,0.524,0.758,0.089,0.092,0.092,0.088,0.093,0.19,0.135,0.093,0.455,0.089,0.468,0.504,0.093,0.091,0.591,0.151,0.086,0.243,0.276,0.095,0.09,0.092,0.102,0.518,0.091,0.09,0.088,0.088,0.092,0.089,0.089,0.087,0.089,0.088,0.088,0.089,0.088
,11:24:16,45.9,0.09,0.09,0.09,0.091,0.088,0.087,0.088,0.089,0.089,0.088,0.088,0.088,0.088,0.084,0.091,0.081,0.082,0.082,0.082,0.083,0.083,0.082,0.082,0.089,0.088,0.079,0.083,0.082,0.081,0.086,0.082,0.083,0.082,0.082,0.082,0.088,0.09,0.083,0.082,0.083,0.085,0.082,0.084,0.082,0.082,0.082,0.082,0.089,0.089,0.137,0.15,0.554,0.312,0.123,0.09,0.099,0.089,0.522,0.757,0.089,0.092,0.092,0.088,0.093,0.191,0.135,0.093,0.454,0.089,0.469,0.505,0.093,0.091,0.592,0.153,0.086,0.243,0.278,0.095,0.09,0.093,0.102,0.519,0.091,0.09,0.087,0.087,0.092,0.089,0.089,0.087,0.089,0.088,0.088,0.088,0.087
,11:29:16,46,0.09,0.09,0.09,0.091,0.089,0.087,0.088,0.089,0.089,0.088,0.088,0.089,0.088,0.084,0.091,0.081,0.082,0.082,0.082,0.083,0.083,0.083,0.082,0.089,0.088,0.079,0.083,0.083,0.081,0.086,0.082,0.083,0.082,0.082,0.082,0.088,0.09,0.083,0.105,0.083,0.084,0.082,0.084,0.082,0.082,0.082,0.082,0.089,0.089,0.137,0.15,0.552,0.317,0.124,0.09,0.099,0.089,0.52,0.758,0.089,0.091,0.092,0.088,0.093,0.192,0.136,0.093,0.454,0.089,0.469,0.506,0.093,0.091,0.594,0.155,0.086,0.244,0.281,0.095,0.09,0.092,0.102,0.521,0.091,0.09,0.087,0.087,0.093,0.089,0.089,0.087,0.089,0.088,0.088,0.089,0.088
,11:34:16,46,0.09,0.09,0.09,0.091,0.088,0.087,0.088,0.089,0.089,0.089,0.088,0.089,0.088,0.083,0.091,0.081,0.082,0.082,0.082,0.083,0.083,0.083,0.082,0.089,0.088,0.079,0.083,0.082,0.081,0.087,0.082,0.083,0.083,0.082,0.082,0.088,0.09,0.083,0.104,0.083,0.085,0.082,0.084,0.082,0.082,0.082,0.082,0.089,0.089,0.137,0.149,0.552,0.317,0.124,0.09,0.099,0.089,0.518,0.758,0.089,0.091,0.093,0.088,0.093,0.194,0.138,0.093,0.452,0.089,0.469,0.507,0.093,0.091,0.594,0.157,0.086,0.243,0.284,0.095,0.09,0.092,0.102,0.523,0.091,0.09,0.088,0.088,0.092,0.089,0.089,0.087,0.089,0.088,0.088,0.088,0.088
,11:39:16,45.9,0.09,0.09,0.09,0.091,0.089,0.087,0.088,0.089,0.089,0.088,0.088,0.089,0.088,0.083,0.091,0.081,0.082,0.082,0.082,0.083,0.083,0.083,0.082,0.089,0.088,0.08,0.083,0.082,0.081,0.087,0.082,0.083,0.083,0.083,0.082,0.088,0.09,0.083,0.1,0.083,0.084,0.082,0.084,0.082,0.082,0.082,0.083,0.089,0.089,0.137,0.149,0.551,0.318,0.124,0.09,0.099,0.089,0.516,0.758,0.089,0.091,0.092,0.088,0.093,0.195,0.138,0.093,0.452,0.089,0.469,0.506,0.093,0.091,0.595,0.159,0.086,0.243,0.288,0.095,0.09,0.092,0.102,0.526,0.091,0.09,0.088,0.087,0.093,0.089,0.089,0.087,0.089,0.088,0.088,0.089,0.087
,11:44:16,45.9,0.09,0.09,0.09,0.091,0.088,0.087,0.088,0.089,0.089,0.088,0.088,0.09,0.088,0.083,0.092,0.081,0.082,0.082,0.082,0.083,0.083,0.083,0.082,0.089,0.088,0.079,0.083,0.082,0.081,0.086,0.082,0.083,0.082,0.082,0.082,0.088,0.089,0.083,0.106,0.082,0.084,0.082,0.085,0.082,0.082,0.082,0.083,0.089,0.089,0.137,0.148,0.55,0.32,0.123,0.09,0.099,0.089,0.515,0.759,0.089,0.092,0.093,0.088,0.093,0.196,0.139,0.093,0.451,0.089,0.47,0.509,0.093,0.091,0.596,0.162,0.086,0.241,0.291,0.095,0.09,0.092,0.102,0.529,0.091,0.089,0.087,0.087,0.092,0.089,0.089,0.087,0.089,0.088,0.088,0.089,0.087
,11:49:16,45.9,0.09,0.09,0.09,0.091,0.088,0.087,0.088,0.089,0.089,0.088,0.088,0.088,0.088,0.083,0.091,0.081,0.082,0.082,0.082,0.083,0.083,0.083,0.082,0.089,0.088,0.079,0.083,0.082,0.08,0.086,0.082,0.083,0.082,0.082,0.082,0.088,0.09,0.084,0.082,0.082,0.084,0.082,0.084,0.082,0.082,0.082,0.082,0.089,0.089,0.137,0.148,0.549,0.322,0.124,0.089,0.099,0.089,0.513,0.758,0.089,0.092,0.092,0.088,0.093,0.197,0.14,0.093,0.45,0.089,0.47,0.509,0.093,0.091,0.597,0.163,0.086,0.241,0.293,0.095,0.09,0.092,0.102,0.532,0.091,0.09,0.087,0.087,0.092,0.089,0.089,0.087,0.089,0.088,0.088,0.088,0.087
,11:54:16,46.1,0.09,0.09,0.09,0.091,0.088,0.087,0.088,0.089,0.089,0.088,0.088,0.09,0.088,0.084,0.091,0.081,0.082,0.082,0.082,0.083,0.083,0.083,0.082,0.089,0.088,0.079,0.083,0.082,0.081,0.086,0.082,0.083,0.082,0.082,0.082,0.088,0.09,0.083,0.088,0.083,0.084,0.082,0.084,0.082,0.082,0.082,0.083,0.089,0.089,0.137,0.147,0.548,0.327,0.124,0.09,0.099,0.089,0.511,0.759,0.089,0.091,0.092,0.088,0.093,0.199,0.14,0.093,0.448,0.089,0.47,0.509,0.093,0.091,0.597,0.166,0.086,0.239,0.297,0.095,0.09,0.092,0.102,0.532,0.091,0.09,0.087,0.087,0.092,0.089,0.089,0.087,0.089,0.088,0.088,0.088,0.088
,11:59:16,46,0.09,0.09,0.09,0.091,0.088,0.087,0.088,0.089,0.089,0.088,0.088,0.088,0.088,0.083,0.091,0.081,0.081,0.082,0.082,0.083,0.083,0.082,0.082,0.089,0.088,0.079,0.083,0.082,0.081,0.086,0.082,0.083,0.082,0.082,0.082,0.088,0.09,0.084,0.107,0.083,0.084,0.081,0.084,0.082,0.082,0.082,0.082,0.088,0.089,0.137,0.147,0.547,0.326,0.124,0.089,0.099,0.089,0.51,0.759,0.089,0.091,0.092,0.088,0.093,0.199,0.141,0.093,0.447,0.089,0.47,0.509,0.093,0.091,0.597,0.167,0.086,0.239,0.298,0.095,0.09,0.092,0.102,0.532,0.091,0.09,0.087,0.087,0.092,0.089,0.089,0.087,0.089,0.088,0.088,0.088,0.087
,12:04:16,46,0.09,0.09,0.09,0.091,0.088,0.087,0.088,0.089,0.089,0.088,0.088,0.088,0.088,0.083,0.091,0.081,0.082,0.082,0.082,0.083,0.083,0.083,0.082,0.089,0.088,0.079,0.082,0.082,0.081,0.086,0.082,0.083,0.082,0.082,0.082,0.088,0.089,0.083,0.097,0.083,0.084,0.082,0.084,0.082,0.082,0.081,0.083,0.089,0.089,0.137,0.147,0.546,0.326,0.124,0.09,0.099,0.089,0.509,0.76,0.089,0.091,0.092,0.088,0.093,0.2,0.142,0.093,0.447,0.089,0.47,0.508,0.093,0.091,0.597,0.168,0.086,0.238,0.301,0.095,0.09,0.092,0.102,0.533,0.091,0.089,0.087,0.087,0.092,0.089,0.089,0.087,0.089,0.087,0.088,0.088,0.087
,12:09:16,46,0.09,0.09,0.09,0.091,0.088,0.087,0.088,0.089,0.089,0.088,0.088,0.088,0.088,0.083,0.091,0.081,0.081,0.082,0.082,0.083,0.083,0.082,0.081,0.089,0.088,0.079,0.083,0.082,0.081,0.086,0.082,0.083,0.082,0.082,0.082,0.088,0.09,0.083,0.087,0.083,0.084,0.082,0.084,0.082,0.082,0.082,0.082,0.089,0.089,0.137,0.146,0.544,0.332,0.124,0.089,0.099,0.089,0.505,0.759,0.089,0.091,0.092,0.088,0.093,0.201,0.142,0.093,0.445,0.089,0.469,0.507,0.093,0.091,0.597,0.17,0.086,0.237,0.305,0.095,0.09,0.092,0.102,0.533,0.091,0.089,0.087,0.087,0.092,0.089,0.089,0.087,0.089,0.087,0.088,0.088,0.087
,12:14:16,45.9,0.09,0.09,0.09,0.091,0.088,0.087,0.088,0.089,0.089,0.088,0.088,0.089,0.088,0.084,0.091,0.081,0.082,0.082,0.082,0.083,0.083,0.083,0.082,0.089,0.088,0.079,0.083,0.082,0.081,0.087,0.082,0.083,0.082,0.082,0.082,0.088,0.09,0.083,0.082,0.083,0.084,0.081,0.084,0.082,0.082,0.082,0.082,0.088,0.089,0.137,0.145,0.543,0.333,0.124,0.09,0.099,0.089,0.505,0.76,0.089,0.092,0.092,0.088,0.093,0.202,0.143,0.093,0.443,0.089,0.469,0.507,0.093,0.091,0.595,0.172,0.086,0.235,0.306,0.095,0.09,0.092,0.101,0.533,0.091,0.089,0.087,0.087,0.092,0.089,0.089,0.087,0.089,0.088,0.088,0.088,0.087
,12:19:16,46,0.09,0.09,0.09,0.091,0.088,0.087,0.088,0.089,0.089,0.088,0.088,0.089,0.088,0.083,0.091,0.081,0.082,0.082,0.082,0.083,0.083,0.083,0.082,0.089,0.088,0.079,0.083,0.082,0.081,0.087,0.082,0.083,0.082,0.082,0.082,0.088,0.09,0.083,0.082,0.083,0.084,0.081,0.085,0.082,0.082,0.081,0.082,0.089,0.089,0.137,0.146,0.543,0.336,0.124,0.09,0.099,0.089,0.503,0.759,0.089,0.092,0.092,0.088,0.093,0.204,0.144,0.093,0.443,0.089,0.468,0.507,0.093,0.091,0.597,0.174,0.086,0.234,0.309,0.095,0.09,0.092,0.101,0.535,0.091,0.089,0.088,0.087,0.092,0.089,0.089,0.087,0.089,0.088,0.088,0.088,0.087
,12:24:16,46,0.09,0.09,0.09,0.091,0.088,0.087,0.088,0.089,0.089,0.088,0.088,0.089,0.088,0.083,0.091,0.081,0.082,0.082,0.082,0.083,0.083,0.083,0.082,0.089,0.088,0.079,0.083,0.082,0.081,0.086,0.082,0.083,0.082,0.082,0.082,0.088,0.09,0.083,0.105,0.083,0.085,0.082,0.084,0.082,0.082,0.082,0.082,0.089,0.089,0.138,0.145,0.541,0.338,0.124,0.09,0.099,0.089,0.501,0.759,0.089,0.092,0.093,0.088,0.093,0.205,0.146,0.093,0.442,0.089,0.467,0.506,0.093,0.091,0.595,0.175,0.086,0.234,0.31,0.095,0.09,0.092,0.102,0.534,0.091,0.089,0.088,0.087,0.092,0.089,0.089,0.087,0.089,0.087,0.088,0.088,0.087
,12:29:16,46,0.09,0.09,0.09,0.091,0.088,0.087,0.088,0.089,0.089,0.088,0.088,0.088,0.088,0.083,0.091,0.081,0.081,0.082,0.082,0.083,0.083,0.083,0.082,0.089,0.088,0.079,0.083,0.082,0.081,0.087,0.082,0.083,0.082,0.082,0.082,0.088,0.09,0.083,0.105,0.083,0.084,0.082,0.084,0.082,0.082,0.081,0.082,0.089,0.089,0.138,0.144,0.54,0.34,0.124,0.089,0.099,0.089,0.5,0.76,0.089,0.091,0.092,0.088,0.093,0.206,0.146,0.093,0.441,0.089,0.467,0.506,0.093,0.09,0.595,0.176,0.086,0.233,0.313,0.095,0.09,0.092,0.102,0.535,0.091,0.089,0.087,0.087,0.092,0.089,0.089,0.087,0.089,0.087,0.088,0.088,0.087
,12:34:16,46,0.09,0.09,0.09,0.091,0.088,0.087,0.088,0.089,0.089,0.088,0.088,0.088,0.088,0.083,0.091,0.081,0.082,0.082,0.082,0.083,0.083,0.083,0.082,0.089,0.088,0.079,0.083,0.082,0.081,0.087,0.082,0.083,0.083,0.082,0.082,0.088,0.09,0.083,0.106,0.083,0.084,0.082,0.084,0.082,0.082,0.082,0.083,0.089,0.089,0.138,0.145,0.54,0.343,0.124,0.09,0.099,0.089,0.498,0.759,0.089,0.092,0.092,0.088,0.093,0.208,0.147,0.093,0.44,0.089,0.467,0.505,0.093,0.091,0.595,0.177,0.086,0.232,0.318,0.096,0.09,0.092,0.102,0.537,0.091,0.09,0.087,0.087,0.092,0.089,0.089,0.087,0.089,0.088,0.088,0.088,0.088
,12:39:16,46,0.09,0.09,0.09,0.091,0.088,0.087,0.088,0.089,0.089,0.088,0.088,0.088,0.088,0.083,0.091,0.081,0.082,0.082,0.082,0.083,0.083,0.083,0.082,0.089,0.088,0.08,0.083,0.083,0.081,0.086,0.082,0.083,0.082,0.082,0.082,0.088,0.09,0.084,0.106,0.082,0.085,0.082,0.084,0.082,0.082,0.082,0.083,0.089,0.089,0.138,0.144,0.539,0.342,0.124,0.089,0.099,0.089,0.497,0.76,0.089,0.092,0.092,0.088,0.093,0.209,0.147,0.093,0.438,0.089,0.466,0.504,0.093,0.091,0.594,0.18,0.086,0.232,0.319,0.096,0.09,0.092,0.102,0.535,0.091,0.09,0.087,0.087,0.092,0.089,0.089,0.087,0.089,0.088,0.088,0.088,0.087
,12:44:16,46,0.09,0.09,0.09,0.091,0.089,0.087,0.088,0.089,0.089,0.088,0.088,0.089,0.088,0.083,0.091,0.081,0.082,0.082,0.082,0.083,0.083,0.083,0.082,0.089,0.088,0.079,0.083,0.082,0.081,0.087,0.082,0.083,0.082,0.082,0.082,0.088,0.09,0.083,0.104,0.083,0.085,0.082,0.084,0.082,0.082,0.082,0.082,0.089,0.089,0.139,0.144,0.538,0.342,0.124,0.09,0.099,0.089,0.494,0.76,0.089,0.092,0.092,0.089,0.093,0.21,0.149,0.093,0.438,0.089,0.466,0.505,0.093,0.091,0.593,0.181,0.086,0.23,0.321,0.096,0.09,0.092,0.102,0.535,0.091,0.09,0.088,0.087,0.092,0.089,0.089,0.087,0.089,0.088,0.088,0.089,0.087
,12:49:16,46,0.09,0.09,0.09,0.091,0.088,0.087,0.088,0.089,0.089,0.088,0.088,0.088,0.088,0.083,0.091,0.081,0.081,0.082,0.082,0.083,0.083,0.083,0.082,0.089,0.088,0.079,0.083,0.082,0.081,0.086,0.082,0.083,0.082,0.082,0.083,0.088,0.089,0.083,0.094,0.082,0.085,0.081,0.084,0.082,0.082,0.081,0.082,0.089,0.089,0.138,0.143,0.537,0.345,0.124,0.089,0.099,0.089,0.494,0.76,0.089,0.092,0.092,0.088,0.093,0.212,0.149,0.093,0.436,0.089,0.466,0.504,0.093,0.091,0.593,0.182,0.086,0.229,0.323,0.096,0.09,0.092,0.102,0.537,0.091,0.089,0.087,0.087,0.092,0.089,0.089,0.087,0.089,0.088,0.088,0.088,0.087
,12:54:16,46,0.09,0.09,0.09,0.091,0.088,0.087,0.088,0.089,0.089,0.088,0.088,0.088,0.088,0.083,0.091,0.081,0.081,0.082,0.082,0.083,0.083,0.083,0.082,0.089,0.088,0.079,0.083,0.082,0.081,0.086,0.082,0.083,0.082,0.082,0.082,0.088,0.09,0.084,0.109,0.083,0.084,0.082,0.084,0.082,0.082,0.082,0.082,0.089,0.089,0.139,0.143,0.535,0.347,0.124,0.09,0.099,0.089,0.491,0.76,0.089,0.092,0.092,0.088,0.093,0.213,0.15,0.093,0.435,0.089,0.465,0.503,0.093,0.091,0.592,0.184,0.086,0.228,0.325,0.095,0.09,0.092,0.101,0.536,0.091,0.089,0.087,0.087,0.092,0.089,0.089,0.087,0.089,0.088,0.088,0.088,0.087
,12:59:16,45.9,0.09,0.09,0.09,0.091,0.088,0.087,0.088,0.089,0.089,0.088,0.088,0.088,0.088,0.083,0.091,0.081,0.082,0.082,0.082,0.083,0.083,0.083,0.082,0.089,0.088,0.079,0.083,0.082,0.081,0.086,0.082,0.083,0.082,0.082,0.082,0.088,0.09,0.083,0.104,0.083,0.084,0.082,0.085,0.082,0.082,0.082,0.083,0.089,0.089,0.138,0.143,0.535,0.345,0.124,0.09,0.099,0.089,0.49,0.759,0.089,0.092,0.092,0.089,0.093,0.214,0.151,0.093,0.434,0.089,0.464,0.503,0.093,0.091,0.591,0.186,0.086,0.228,0.327,0.096,0.09,0.092,0.102,0.537,0.091,0.089,0.087,0.087,0.092,0.089,0.089,0.087,0.089,0.088,0.088,0.088,0.087
,13:04:16,45.9,0.09,0.09,0.09,0.091,0.088,0.087,0.088,0.089,0.089,0.088,0.088,0.091,0.088,0.083,0.091,0.081,0.081,0.082,0.082,0.083,0.083,0.083,0.082,0.089,0.088,0.08,0.083,0.082,0.081,0.086,0.082,0.083,0.082,0.082,0.082,0.088,0.09,0.083,0.104,0.083,0.084,0.082,0.085,0.082,0.082,0.082,0.083,0.089,0.089,0.138,0.142,0.534,0.348,0.124,0.09,0.099,0.089,0.49,0.76,0.089,0.091,0.092,0.089,0.093,0.216,0.152,0.093,0.434,0.089,0.463,0.501,0.093,0.091,0.59,0.187,0.086,0.227,0.328,0.096,0.09,0.092,0.102,0.537,0.091,0.09,0.087,0.087,0.092,0.089,0.089,0.087,0.089,0.088,0.088,0.088,0.087
,13:09:16,45.9,0.09,0.09,0.09,0.091,0.088,0.087,0.088,0.089,0.089,0.088,0.088,0.089,0.088,0.083,0.091,0.081,0.082,0.082,0.082,0.083,0.083,0.083,0.082,0.089,0.088,0.079,0.083,0.082,0.081,0.087,0.082,0.083,0.082,0.083,0.083,0.088,0.09,0.083,0.095,0.083,0.084,0.082,0.084,0.082,0.082,0.082,0.082,0.088,0.089,0.139,0.141,0.533,0.347,0.125,0.089,0.099,0.089,0.488,0.76,0.089,0.091,0.093,0.089,0.093,0.218,0.153,0.093,0.432,0.089,0.464,0.5,0.093,0.091,0.59,0.189,0.086,0.225,0.33,0.096,0.09,0.092,0.101,0.538,0.091,0.089,0.087,0.087,0.092,0.089,0.089,0.087,0.089,0.088,0.088,0.088,0.087
,13:14:16,46,0.09,0.09,0.09,0.091,0.088,0.087,0.088,0.089,0.089,0.088,0.088,0.089,0.088,0.083,0.091,0.081,0.082,0.082,0.082,0.083,0.083,0.083,0.082,0.089,0.088,0.08,0.083,0.083,0.081,0.087,0.082,0.083,0.083,0.082,0.082,0.088,0.09,0.083,0.083,0.083,0.085,0.082,0.084,0.082,0.082,0.082,0.082,0.089,0.089,0.139,0.141,0.531,0.349,0.124,0.09,0.099,0.089,0.486,0.76,0.089,0.092,0.092,0.089,0.093,0.22,0.154,0.093,0.431,0.089,0.463,0.499,0.093,0.091,0.589,0.191,0.086,0.224,0.333,0.096,0.09,0.092,0.101,0.537,0.091,0.09,0.088,0.088,0.093,0.089,0.089,0.087,0.089,0.088,0.088,0.089,0.088
,13:19:16,46,0.09,0.09,0.09,0.091,0.088,0.087,0.088,0.089,0.089,0.088,0.088,0.088,0.088,0.084,0.091,0.081,0.082,0.082,0.082,0.083,0.083,0.083,0.082,0.089,0.088,0.079,0.083,0.083,0.081,0.087,0.082,0.083,0.082,0.083,0.083,0.088,0.09,0.083,0.082,0.083,0.085,0.082,0.084,0.082,0.082,0.082,0.082,0.089,0.089,0.138,0.141,0.531,0.347,0.124,0.09,0.099,0.089,0.486,0.76,0.089,0.092,0.092,0.089,0.093,0.22,0.154,0.093,0.429,0.089,0.463,0.499,0.093,0.091,0.588,0.193,0.086,0.223,0.332,0.096,0.09,0.092,0.102,0.538,0.091,0.089,0.087,0.087,0.092,0.089,0.089,0.087,0.089,0.088,0.088,0.089,0.087
,13:24:16,46,0.09,0.09,0.09,0.091,0.088,0.087,0.088,0.089,0.089,0.088,0.088,0.088,0.088,0.083,0.091,0.081,0.082,0.082,0.082,0.083,0.083,0.082,0.082,0.089,0.088,0.079,0.083,0.082,0.081,0.086,0.082,0.083,0.082,0.082,0.082,0.088,0.089,0.083,0.082,0.082,0.084,0.081,0.084,0.082,0.082,0.081,0.082,0.088,0.089,0.139,0.141,0.529,0.347,0.125,0.089,0.098,0.089,0.484,0.761,0.089,0.091,0.092,0.088,0.093,0.223,0.156,0.093,0.428,0.089,0.461,0.499,0.093,0.091,0.587,0.194,0.086,0.222,0.335,0.096,0.09,0.092,0.102,0.54,0.091,0.089,0.087,0.087,0.092,0.089,0.089,0.087,0.089,0.087,0.088,0.088,0.087
,13:29:16,46,0.09,0.09,0.09,0.091,0.088,0.087,0.088,0.089,0.089,0.088,0.088,0.088,0.088,0.084,0.091,0.081,0.081,0.082,0.082,0.083,0.083,0.083,0.082,0.089,0.088,0.079,0.083,0.082,0.081,0.086,0.082,0.083,0.082,0.082,0.082,0.088,0.09,0.083,0.106,0.083,0.084,0.082,0.084,0.082,0.082,0.082,0.082,0.089,0.089,0.139,0.14,0.528,0.348,0.124,0.09,0.099,0.089,0.483,0.761,0.089,0.091,0.093,0.088,0.093,0.224,0.157,0.093,0.428,0.089,0.461,0.498,0.093,0.091,0.585,0.197,0.086,0.221,0.333,0.096,0.09,0.092,0.101,0.539,0.091,0.09,0.087,0.087,0.092,0.089,0.089,0.087,0.089,0.088,0.088,0.088,0.087
,13:34:16,45.9,0.09,0.09,0.09,0.091,0.088,0.087,0.088,0.089,0.089,0.088,0.088,0.088,0.088,0.083,0.091,0.081,0.082,0.082,0.082,0.083,0.083,0.083,0.082,0.089,0.088,0.079,0.083,0.083,0.081,0.086,0.082,0.083,0.083,0.082,0.082,0.088,0.09,0.082,0.101,0.083,0.084,0.082,0.084,0.082,0.082,0.082,0.082,0.089,0.089,0.139,0.14,0.527,0.348,0.124,0.09,0.098,0.089,0.482,0.761,0.089,0.091,0.092,0.089,0.092,0.226,0.157,0.093,0.427,0.089,0.46,0.497,0.093,0.091,0.584,0.198,0.086,0.22,0.331,0.096,0.09,0.092,0.101,0.538,0.091,0.09,0.087,0.088,0.092,0.089,0.089,0.087,0.089,0.088,0.088,0.088,0.087
,13:39:16,45.9,0.09,0.09,0.09,0.091,0.089,0.087,0.088,0.089,0.089,0.088,0.088,0.088,0.088,0.083,0.091,0.081,0.082,0.082,0.082,0.083,0.083,0.083,0.082,0.089,0.088,0.08,0.083,0.082,0.081,0.087,0.082,0.083,0.082,0.082,0.082,0.088,0.09,0.083,0.103,0.083,0.085,0.082,0.084,0.082,0.082,0.082,0.082,0.089,0.089,0.139,0.14,0.526,0.345,0.123,0.09,0.099,0.089,0.481,0.762,0.089,0.092,0.092,0.089,0.093,0.226,0.158,0.093,0.427,0.089,0.46,0.497,0.093,0.091,0.584,0.199,0.086,0.219,0.331,0.096,0.09,0.092,0.101,0.539,0.091,0.09,0.088,0.088,0.092,0.089,0.089,0.087,0.089,0.088,0.088,0.088,0.087
,13:44:16,46,0.09,0.089,0.09,0.091,0.088,0.087,0.088,0.089,0.089,0.088,0.088,0.096,0.088,0.083,0.091,0.081,0.081,0.082,0.082,0.083,0.083,0.083,0.082,0.089,0.088,0.079,0.082,0.082,0.081,0.086,0.082,0.083,0.083,0.082,0.083,0.088,0.089,0.083,0.082,0.082,0.084,0.081,0.084,0.082,0.082,0.082,0.083,0.089,0.089,0.139,0.139,0.525,0.345,0.124,0.089,0.098,0.089,0.479,0.761,0.089,0.091,0.092,0.088,0.092,0.23,0.159,0.093,0.424,0.089,0.46,0.496,0.093,0.091,0.584,0.202,0.086,0.218,0.333,0.097,0.09,0.092,0.101,0.54,0.091,0.089,0.087,0.087,0.092,0.089,0.089,0.087,0.089,0.087,0.088,0.088,0.087
,13:49:16,46,0.09,0.09,0.09,0.091,0.088,0.087,0.088,0.089,0.089,0.088,0.088,0.088,0.088,0.083,0.091,0.081,0.081,0.082,0.082,0.083,0.083,0.082,0.082,0.089,0.088,0.079,0.083,0.082,0.081,0.086,0.082,0.083,0.082,0.082,0.082,0.088,0.09,0.083,0.082,0.082,0.084,0.081,0.084,0.082,0.082,0.081,0.082,0.089,0.089,0.139,0.139,0.524,0.345,0.123,0.089,0.098,0.088,0.477,0.762,0.089,0.091,0.092,0.088,0.092,0.231,0.16,0.093,0.424,0.089,0.459,0.495,0.093,0.091,0.581,0.204,0.086,0.217,0.333,0.097,0.089,0.092,0.101,0.538,0.09,0.089,0.087,0.087,0.092,0.089,0.089,0.087,0.089,0.087,0.088,0.088,0.087
,13:54:16,46,0.09,0.09,0.09,0.091,0.088,0.087,0.088,0.089,0.089,0.088,0.088,0.088,0.088,0.083,0.091,0.081,0.081,0.082,0.082,0.083,0.083,0.083,0.082,0.089,0.088,0.079,0.083,0.082,0.081,0.087,0.082,0.083,0.082,0.083,0.082,0.088,0.09,0.083,0.082,0.082,0.085,0.082,0.085,0.082,0.082,0.082,0.082,0.088,0.089,0.139,0.139,0.523,0.346,0.123,0.089,0.098,0.089,0.477,0.762,0.089,0.091,0.092,0.088,0.093,0.233,0.161,0.093,0.422,0.089,0.458,0.494,0.093,0.091,0.58,0.206,0.086,0.216,0.336,0.097,0.09,0.092,0.102,0.537,0.091,0.09,0.087,0.087,0.092,0.089,0.089,0.087,0.089,0.087,0.088,0.089,0.087
,13:59:16,46,0.09,0.09,0.09,0.091,0.088,0.087,0.088,0.089,0.089,0.088,0.088,0.088,0.088,0.083,0.091,0.081,0.082,0.082,0.082,0.083,0.083,0.083,0.082,0.089,0.088,0.079,0.083,0.082,0.081,0.086,0.082,0.083,0.082,0.082,0.082,0.088,0.089,0.083,0.082,0.083,0.084,0.082,0.085,0.082,0.082,0.082,0.082,0.089,0.089,0.139,0.138,0.523,0.348,0.123,0.089,0.098,0.089,0.477,0.763,0.089,0.091,0.092,0.088,0.092,0.233,0.162,0.093,0.422,0.089,0.457,0.494,0.093,0.091,0.579,0.208,0.086,0.216,0.336,0.097,0.09,0.092,0.101,0.539,0.091,0.09,0.087,0.087,0.092,0.089,0.089,0.087,0.089,0.088,0.088,0.088,0.087
,14:04:16,46,0.09,0.09,0.09,0.091,0.089,0.087,0.088,0.089,0.089,0.088,0.088,0.088,0.088,0.083,0.091,0.081,0.082,0.082,0.082,0.083,0.083,0.083,0.082,0.089,0.088,0.08,0.083,0.082,0.081,0.087,0.082,0.083,0.083,0.083,0.082,0.088,0.09,0.083,0.084,0.083,0.085,0.082,0.084,0.082,0.082,0.082,0.082,0.089,0.089,0.139,0.141,0.521,0.346,0.124,0.09,0.099,0.089,0.476,0.763,0.089,0.091,0.092,0.089,0.093,0.237,0.163,0.093,0.42,0.089,0.456,0.498,0.093,0.091,0.579,0.21,0.086,0.214,0.337,0.097,0.09,0.092,0.102,0.539,0.091,0.089,0.088,0.087,0.092,0.089,0.089,0.087,0.089,0.088,0.088,0.088,0.087
,14:09:16,45.9,0.09,0.09,0.09,0.091,0.088,0.087,0.088,0.089,0.089,0.088,0.088,0.088,0.088,0.083,0.091,0.081,0.082,0.082,0.082,0.083,0.083,0.083,0.082,0.089,0.088,0.079,0.083,0.082,0.081,0.086,0.082,0.083,0.082,0.082,0.082,0.088,0.09,0.083,0.099,0.082,0.084,0.082,0.084,0.082,0.082,0.082,0.082,0.089,0.089,0.139,0.144,0.521,0.345,0.123,0.089,0.098,0.089,0.473,0.763,0.089,0.091,0.093,0.088,0.092,0.238,0.164,0.093,0.419,0.089,0.456,0.498,0.093,0.091,0.578,0.211,0.086,0.212,0.34,0.097,0.09,0.092,0.101,0.538,0.091,0.089,0.088,0.087,0.092,0.089,0.089,0.087,0.089,0.088,0.088,0.088,0.087
,14:14:16,46,0.09,0.09,0.09,0.091,0.088,0.087,0.088,0.089,0.089,0.088,0.088,0.088,0.088,0.084,0.091,0.081,0.082,0.082,0.082,0.083,0.083,0.083,0.082,0.089,0.088,0.079,0.083,0.082,0.081,0.086,0.082,0.083,0.082,0.082,0.082,0.088,0.089,0.083,0.082,0.083,0.084,0.082,0.084,0.082,0.082,0.081,0.082,0.089,0.089,0.139,0.145,0.518,0.349,0.123,0.089,0.098,0.089,0.473,0.764,0.089,0.092,0.092,0.088,0.093,0.238,0.165,0.093,0.418,0.088,0.455,0.498,0.093,0.09,0.576,0.213,0.086,0.212,0.34,0.097,0.09,0.092,0.101,0.538,0.091,0.089,0.087,0.087,0.092,0.089,0.089,0.087,0.089,0.088,0.088,0.088,0.087
,14:19:16,46,0.09,0.09,0.09,0.091,0.088,0.087,0.088,0.089,0.089,0.088,0.088,0.088,0.088,0.083,0.091,0.081,0.082,0.082,0.082,0.083,0.083,0.083,0.082,0.089,0.088,0.079,0.083,0.082,0.081,0.086,0.082,0.083,0.082,0.082,0.083,0.088,0.09,0.083,0.082,0.083,0.084,0.082,0.084,0.082,0.082,0.082,0.082,0.089,0.089,0.139,0.146,0.518,0.347,0.124,0.089,0.099,0.089,0.471,0.763,0.089,0.092,0.092,0.088,0.093,0.242,0.166,0.093,0.418,0.089,0.453,0.496,0.093,0.091,0.576,0.215,0.086,0.212,0.341,0.098,0.09,0.092,0.101,0.538,0.091,0.089,0.087,0.087,0.092,0.089,0.089,0.087,0.089,0.088,0.088,0.089,0.087
,14:24:16,46,0.09,0.09,0.09,0.091,0.088,0.087,0.088,0.089,0.089,0.088,0.088,0.088,0.088,0.083,0.091,0.081,0.082,0.082,0.082,0.083,0.083,0.083,0.082,0.089,0.088,0.079,0.083,0.082,0.081,0.087,0.082,0.083,0.082,0.083,0.082,0.088,0.089,0.083,0.106,0.082,0.084,0.082,0.084,0.082,0.082,0.082,0.082,0.089,0.089,0.139,0.146,0.516,0.347,0.123,0.089,0.099,0.089,0.472,0.764,0.089,0.091,0.092,0.088,0.092,0.242,0.166,0.093,0.416,0.089,0.453,0.494,0.093,0.091,0.573,0.217,0.086,0.21,0.34,0.098,0.09,0.092,0.101,0.536,0.091,0.089,0.087,0.087,0.092,0.089,0.089,0.087,0.089,0.088,0.088,0.088,0.087
,14:29:16,45.9,0.09,0.09,0.09,0.091,0.088,0.087,0.088,0.089,0.089,0.088,0.088,0.088,0.088,0.084,0.091,0.081,0.082,0.082,0.082,0.083,0.083,0.083,0.082,0.089,0.088,0.079,0.083,0.082,0.081,0.086,0.082,0.083,0.082,0.083,0.083,0.088,0.089,0.083,0.085,0.083,0.084,0.081,0.085,0.082,0.082,0.082,0.082,0.088,0.089,0.139,0.147,0.516,0.344,0.123,0.089,0.098,0.089,0.471,0.765,0.089,0.092,0.092,0.088,0.093,0.244,0.167,0.093,0.415,0.089,0.454,0.492,0.093,0.091,0.574,0.218,0.086,0.209,0.341,0.098,0.09,0.092,0.101,0.538,0.091,0.089,0.087,0.087,0.092,0.089,0.089,0.087,0.089,0.087,0.088,0.088,0.087
,14:34:16,46,0.09,0.09,0.09,0.091,0.088,0.087,0.088,0.089,0.089,0.088,0.088,0.088,0.088,0.083,0.091,0.081,0.082,0.082,0.082,0.083,0.083,0.083,0.082,0.089,0.088,0.079,0.083,0.082,0.081,0.086,0.082,0.083,0.082,0.083,0.082,0.088,0.09,0.083,0.082,0.083,0.085,0.081,0.084,0.082,0.082,0.082,0.082,0.089,0.089,0.139,0.147,0.514,0.345,0.123,0.09,0.099,0.089,0.47,0.766,0.089,0.092,0.092,0.088,0.092,0.246,0.168,0.093,0.415,0.089,0.452,0.493,0.093,0.091,0.572,0.221,0.086,0.207,0.342,0.098,0.09,0.092,0.102,0.537,0.091,0.089,0.087,0.087,0.092,0.089,0.089,0.087,0.089,0.088,0.088,0.088,0.087
,14:39:16,46,0.09,0.09,0.09,0.091,0.088,0.087,0.088,0.089,0.089,0.088,0.088,0.089,0.088,0.083,0.091,0.081,0.082,0.082,0.082,0.083,0.083,0.083,0.082,0.089,0.088,0.079,0.083,0.082,0.081,0.086,0.082,0.083,0.082,0.083,0.082,0.088,0.089,0.083,0.106,0.082,0.084,0.082,0.084,0.082,0.082,0.082,0.083,0.089,0.089,0.139,0.147,0.514,0.345,0.123,0.089,0.098,0.089,0.469,0.767,0.089,0.092,0.092,0.088,0.093,0.249,0.168,0.093,0.413,0.089,0.452,0.493,0.093,0.091,0.571,0.224,0.086,0.207,0.345,0.098,0.09,0.092,0.101,0.539,0.091,0.089,0.088,0.087,0.092,0.089,0.089,0.087,0.089,0.088,0.088,0.088,0.087
,14:44:16,46,0.09,0.09,0.09,0.091,0.089,0.087,0.088,0.089,0.089,0.088,0.088,0.088,0.088,0.083,0.092,0.081,0.082,0.082,0.082,0.083,0.083,0.083,0.082,0.089,0.088,0.08,0.083,0.082,0.081,0.086,0.082,0.083,0.083,0.083,0.083,0.088,0.09,0.083,0.105,0.083,0.085,0.082,0.085,0.083,0.082,0.082,0.083,0.089,0.089,0.139,0.148,0.513,0.344,0.123,0.09,0.098,0.089,0.47,0.769,0.089,0.092,0.092,0.088,0.093,0.251,0.169,0.093,0.412,0.089,0.451,0.491,0.093,0.091,0.57,0.226,0.086,0.205,0.345,0.099,0.09,0.092,0.101,0.537,0.091,0.09,0.087,0.087,0.093,0.089,0.089,0.087,0.089,0.088,0.088,0.089,0.087
,14:49:16,46,0.09,0.09,0.09,0.091,0.088,0.087,0.088,0.089,0.089,0.088,0.088,0.088,0.088,0.083,0.091,0.081,0.082,0.082,0.082,0.083,0.083,0.083,0.082,0.089,0.088,0.08,0.083,0.082,0.081,0.087,0.082,0.083,0.083,0.083,0.082,0.088,0.09,0.083,0.082,0.083,0.085,0.082,0.085,0.082,0.082,0.082,0.082,0.089,0.089,0.139,0.147,0.511,0.345,0.122,0.09,0.098,0.089,0.469,0.77,0.089,0.092,0.092,0.089,0.093,0.252,0.169,0.093,0.411,0.089,0.451,0.491,0.093,0.091,0.568,0.228,0.086,0.205,0.345,0.099,0.09,0.092,0.102,0.538,0.09,0.09,0.087,0.087,0.092,0.089,0.089,0.087,0.089,0.088,0.088,0.089,0.087
,14:54:16,46,0.09,0.09,0.09,0.091,0.088,0.087,0.088,0.089,0.089,0.088,0.088,0.088,0.088,0.083,0.091,0.081,0.082,0.082,0.082,0.083,0.083,0.083,0.082,0.089,0.088,0.079,0.083,0.082,0.081,0.086,0.082,0.083,0.082,0.083,0.083,0.088,0.089,0.083,0.102,0.083,0.085,0.082,0.084,0.082,0.082,0.082,0.083,0.089,0.089,0.138,0.147,0.51,0.344,0.122,0.089,0.098,0.089,0.467,0.77,0.089,0.091,0.093,0.088,0.093,0.255,0.17,0.093,0.41,0.089,0.45,0.489,0.093,0.091,0.568,0.232,0.086,0.205,0.354,0.099,0.09,0.092,0.101,0.536,0.09,0.089,0.087,0.087,0.092,0.089,0.089,0.087,0.089,0.088,0.088,0.088,0.087
,14:59:16,45.9,0.09,0.09,0.09,0.092,0.088,0.087,0.088,0.089,0.089,0.088,0.088,0.088,0.088,0.083,0.092,0.081,0.082,0.082,0.082,0.083,0.083,0.083,0.082,0.089,0.088,0.079,0.083,0.082,0.081,0.087,0.082,0.083,0.083,0.083,0.082,0.088,0.09,0.084,0.082,0.083,0.085,0.082,0.084,0.083,0.082,0.082,0.082,0.089,0.089,0.138,0.147,0.509,0.342,0.122,0.09,0.098,0.089,0.468,0.772,0.089,0.092,0.092,0.089,0.093,0.256,0.17,0.093,0.41,0.089,0.448,0.488,0.093,0.091,0.566,0.233,0.086,0.204,0.356,0.099,0.09,0.092,0.101,0.535,0.091,0.09,0.088,0.088,0.092,0.089,0.089,0.087,0.089,0.088,0.088,0.088,0.087
,15:04:16,45.9,0.09,0.09,0.09,0.091,0.088,0.087,0.088,0.089,0.089,0.088,0.088,0.088,0.088,0.083,0.091,0.081,0.082,0.082,0.082,0.083,0.083,0.083,0.082,0.089,0.088,0.079,0.083,0.082,0.081,0.087,0.082,0.083,0.082,0.083,0.083,0.088,0.09,0.083,0.093,0.083,0.085,0.082,0.084,0.082,0.082,0.082,0.082,0.089,0.089,0.138,0.147,0.508,0.341,0.122,0.09,0.099,0.089,0.467,0.773,0.089,0.091,0.092,0.089,0.093,0.259,0.171,0.093,0.408,0.089,0.448,0.485,0.093,0.091,0.566,0.235,0.086,0.203,0.354,0.1,0.09,0.092,0.101,0.535,0.091,0.09,0.088,0.088,0.092,0.089,0.089,0.087,0.089,0.088,0.088,0.089,0.087
,15:09:16,46,0.09,0.09,0.09,0.091,0.088,0.087,0.088,0.089,0.089,0.088,0.088,0.088,0.088,0.084,0.091,0.081,0.082,0.082,0.082,0.083,0.083,0.083,0.082,0.089,0.088,0.08,0.083,0.083,0.081,0.087,0.082,0.083,0.083,0.083,0.082,0.088,0.09,0.083,0.082,0.083,0.085,0.082,0.084,0.082,0.082,0.082,0.082,0.089,0.089,0.138,0.146,0.507,0.34,0.122,0.09,0.099,0.089,0.467,0.774,0.089,0.092,0.092,0.089,0.092,0.259,0.173,0.093,0.407,0.089,0.448,0.484,0.093,0.091,0.564,0.237,0.086,0.202,0.351,0.1,0.09,0.092,0.102,0.535,0.091,0.089,0.088,0.087,0.092,0.089,0.089,0.087,0.089,0.088,0.088,0.089,0.087
,15:14:16,46,0.09,0.09,0.09,0.091,0.088,0.087,0.088,0.089,0.089,0.088,0.088,0.088,0.088,0.083,0.091,0.081,0.081,0.082,0.082,0.083,0.083,0.083,0.082,0.089,0.088,0.079,0.082,0.082,0.08,0.086,0.082,0.083,0.082,0.083,0.082,0.088,0.089,0.084,0.099,0.082,0.084,0.081,0.084,0.082,0.082,0.081,0.082,0.088,0.089,0.138,0.146,0.506,0.339,0.121,0.089,0.098,0.088,0.464,0.775,0.089,0.091,0.092,0.088,0.092,0.261,0.172,0.093,0.406,0.089,0.447,0.481,0.093,0.09,0.562,0.24,0.086,0.201,0.349,0.1,0.09,0.091,0.101,0.534,0.09,0.089,0.087,0.087,0.092,0.089,0.089,0.087,0.089,0.087,0.088,0.088,0.087
,15:19:16,46,0.09,0.09,0.09,0.091,0.088,0.087,0.088,0.089,0.089,0.088,0.088,0.088,0.088,0.083,0.091,0.081,0.081,0.082,0.082,0.083,0.083,0.083,0.082,0.089,0.088,0.079,0.083,0.082,0.081,0.086,0.082,0.083,0.082,0.083,0.082,0.088,0.09,0.083,0.103,0.083,0.085,0.082,0.084,0.082,0.082,0.082,0.082,0.089,0.089,0.138,0.146,0.506,0.341,0.122,0.089,0.098,0.089,0.464,0.776,0.089,0.091,0.092,0.088,0.093,0.264,0.173,0.093,0.405,0.089,0.447,0.481,0.093,0.09,0.561,0.242,0.086,0.2,0.35,0.1,0.09,0.092,0.101,0.534,0.091,0.089,0.087,0.087,0.092,0.089,0.089,0.087,0.089,0.088,0.088,0.088,0.087
,15:24:16,46,0.09,0.09,0.09,0.091,0.088,0.087,0.088,0.089,0.089,0.088,0.088,0.092,0.088,0.083,0.091,0.081,0.082,0.082,0.082,0.083,0.083,0.083,0.082,0.089,0.088,0.079,0.083,0.082,0.081,0.086,0.082,0.083,0.083,0.083,0.082,0.088,0.089,0.083,0.089,0.083,0.084,0.082,0.084,0.082,0.082,0.082,0.082,0.089,0.089,0.137,0.145,0.504,0.34,0.121,0.089,0.098,0.089,0.463,0.777,0.089,0.092,0.092,0.088,0.092,0.265,0.173,0.093,0.404,0.089,0.446,0.48,0.093,0.091,0.561,0.246,0.086,0.2,0.349,0.1,0.09,0.092,0.101,0.534,0.09,0.089,0.088,0.087,0.092,0.089,0.089,0.087,0.089,0.088,0.088,0.089,0.087
,15:29:16,45.9,0.09,0.09,0.09,0.091,0.088,0.087,0.088,0.089,0.089,0.088,0.088,0.088,0.088,0.083,0.091,0.081,0.081,0.082,0.082,0.083,0.083,0.083,0.082,0.089,0.088,0.079,0.083,0.082,0.081,0.086,0.082,0.083,0.082,0.083,0.082,0.088,0.089,0.083,0.082,0.082,0.084,0.081,0.084,0.082,0.082,0.082,0.082,0.088,0.089,0.138,0.145,0.503,0.339,0.12,0.089,0.098,0.089,0.463,0.777,0.089,0.091,0.092,0.088,0.092,0.267,0.173,0.093,0.403,0.089,0.446,0.479,0.093,0.091,0.56,0.247,0.086,0.198,0.349,0.101,0.09,0.092,0.101,0.534,0.091,0.089,0.087,0.087,0.092,0.089,0.089,0.087,0.089,0.087,0.088,0.088,0.087
,15:34:16,46,0.089,0.089,0.089,0.091,0.088,0.087,0.088,0.089,0.089,0.088,0.088,0.089,0.088,0.083,0.091,0.081,0.081,0.082,0.082,0.083,0.083,0.083,0.082,0.088,0.088,0.079,0.082,0.082,0.08,0.086,0.082,0.083,0.082,0.083,0.082,0.088,0.089,0.082,0.103,0.082,0.084,0.081,0.084,0.082,0.082,0.081,0.082,0.088,0.089,0.137,0.145,0.502,0.34,0.12,0.089,0.098,0.089,0.462,0.778,0.089,0.091,0.092,0.088,0.092,0.27,0.174,0.092,0.402,0.089,0.446,0.479,0.093,0.09,0.559,0.249,0.086,0.197,0.35,0.101,0.089,0.091,0.101,0.534,0.09,0.089,0.087,0.087,0.092,0.089,0.088,0.087,0.089,0.087,0.088,0.088,0.087
,15:39:16,45.9,0.09,0.09,0.09,0.091,0.088,0.087,0.088,0.089,0.089,0.088,0.088,0.093,0.088,0.083,0.091,0.081,0.082,0.082,0.082,0.083,0.083,0.083,0.082,0.089,0.088,0.079,0.083,0.083,0.081,0.087,0.082,0.083,0.083,0.083,0.082,0.088,0.09,0.083,0.082,0.083,0.084,0.082,0.084,0.082,0.082,0.082,0.082,0.089,0.089,0.137,0.145,0.501,0.338,0.12,0.089,0.099,0.089,0.462,0.779,0.089,0.091,0.092,0.088,0.093,0.272,0.175,0.093,0.401,0.089,0.445,0.477,0.093,0.091,0.558,0.253,0.086,0.197,0.346,0.101,0.089,0.092,0.101,0.534,0.091,0.089,0.087,0.087,0.092,0.089,0.089,0.087,0.089,0.088,0.088,0.088,0.087
,15:44:16,46,0.09,0.09,0.09,0.091,0.088,0.087,0.088,0.089,0.089,0.088,0.088,0.093,0.088,0.083,0.091,0.081,0.082,0.082,0.082,0.083,0.083,0.083,0.082,0.089,0.088,0.079,0.083,0.082,0.081,0.086,0.082,0.083,0.083,0.083,0.082,0.088,0.09,0.083,0.1,0.083,0.085,0.082,0.084,0.082,0.082,0.082,0.082,0.089,0.089,0.137,0.144,0.5,0.337,0.12,0.089,0.098,0.089,0.462,0.78,0.089,0.091,0.092,0.088,0.093,0.272,0.175,0.093,0.399,0.089,0.444,0.475,0.093,0.09,0.557,0.253,0.086,0.196,0.346,0.102,0.09,0.092,0.102,0.535,0.091,0.089,0.087,0.087,0.092,0.089,0.089,0.087,0.089,0.088,0.088,0.089,0.087
,15:49:16,46,0.09,0.09,0.09,0.091,0.088,0.087,0.088,0.089,0.089,0.088,0.088,0.088,0.088,0.084,0.091,0.081,0.082,0.082,0.082,0.083,0.083,0.083,0.082,0.089,0.088,0.079,0.083,0.082,0.081,0.086,0.082,0.083,0.083,0.083,0.082,0.088,0.09,0.084,0.096,0.083,0.085,0.082,0.084,0.082,0.082,0.082,0.082,0.089,0.089,0.137,0.144,0.499,0.338,0.12,0.089,0.098,0.089,0.461,0.779,0.089,0.091,0.092,0.088,0.093,0.275,0.176,0.093,0.399,0.089,0.444,0.476,0.093,0.091,0.556,0.257,0.086,0.196,0.346,0.102,0.09,0.092,0.102,0.535,0.09,0.089,0.087,0.087,0.092,0.089,0.089,0.087,0.089,0.088,0.088,0.089,0.087
,15:54:16,46,0.09,0.09,0.09,0.091,0.089,0.087,0.088,0.089,0.089,0.088,0.088,0.088,0.088,0.083,0.091,0.081,0.082,0.082,0.082,0.083,0.083,0.083,0.082,0.089,0.088,0.079,0.083,0.082,0.081,0.087,0.082,0.083,0.083,0.083,0.082,0.088,0.09,0.083,0.094,0.083,0.085,0.082,0.084,0.082,0.082,0.082,0.082,0.089,0.089,0.137,0.144,0.498,0.337,0.12,0.09,0.098,0.089,0.46,0.781,0.089,0.091,0.092,0.088,0.093,0.277,0.176,0.093,0.397,0.089,0.443,0.473,0.093,0.091,0.556,0.263,0.086,0.194,0.344,0.103,0.09,0.092,0.102,0.536,0.09,0.089,0.088,0.087,0.092,0.089,0.089,0.087,0.089,0.088,0.088,0.089,0.087
,15:59:16,46,0.09,0.09,0.09,0.091,0.088,0.087,0.088,0.089,0.089,0.088,0.088,0.089,0.088,0.083,0.091,0.081,0.082,0.082,0.082,0.083,0.083,0.083,0.082,0.089,0.088,0.079,0.083,0.082,0.081,0.087,0.082,0.083,0.082,0.083,0.082,0.088,0.089,0.083,0.082,0.083,0.085,0.081,0.084,0.082,0.082,0.082,0.083,0.089,0.089,0.137,0.144,0.497,0.336,0.12,0.089,0.098,0.088,0.461,0.78,0.089,0.091,0.092,0.088,0.093,0.279,0.176,0.093,0.396,0.089,0.443,0.472,0.093,0.091,0.554,0.266,0.086,0.194,0.344,0.102,0.089,0.091,0.101,0.534,0.091,0.089,0.087,0.087,0.092,0.089,0.089,0.087,0.089,0.088,0.088,0.088,0.087
,16:04:16,46,0.09,0.09,0.09,0.091,0.088,0.087,0.088,0.089,0.089,0.088,0.088,0.088,0.088,0.084,0.091,0.081,0.082,0.082,0.082,0.083,0.083,0.083,0.082,0.089,0.088,0.08,0.083,0.082,0.081,0.087,0.082,0.083,0.082,0.082,0.082,0.088,0.089,0.083,0.106,0.082,0.085,0.082,0.084,0.082,0.082,0.082,0.082,0.089,0.089,0.137,0.142,0.496,0.335,0.119,0.09,0.098,0.089,0.46,0.782,0.089,0.091,0.092,0.088,0.092,0.279,0.177,0.093,0.395,0.089,0.443,0.472,0.093,0.091,0.554,0.268,0.086,0.193,0.343,0.103,0.09,0.092,0.102,0.536,0.091,0.089,0.087,0.087,0.092,0.089,0.089,0.087,0.089,0.088,0.088,0.088,0.087
,16:09:16,46,0.09,0.09,0.09,0.091,0.089,0.087,0.088,0.089,0.089,0.088,0.088,0.088,0.088,0.083,0.091,0.082,0.082,0.082,0.082,0.083,0.083,0.083,0.082,0.089,0.088,0.079,0.083,0.083,0.081,0.087,0.082,0.083,0.083,0.083,0.082,0.088,0.089,0.084,0.105,0.083,0.085,0.082,0.085,0.082,0.082,0.082,0.082,0.089,0.089,0.136,0.142,0.495,0.335,0.119,0.09,0.098,0.089,0.458,0.783,0.089,0.091,0.092,0.089,0.093,0.28,0.177,0.093,0.394,0.089,0.442,0.47,0.093,0.091,0.553,0.271,0.086,0.193,0.342,0.103,0.09,0.092,0.102,0.534,0.091,0.09,0.088,0.087,0.092,0.089,0.089,0.087,0.089,0.088,0.088,0.089,0.087
,16:14:16,46,0.09,0.09,0.09,0.091,0.088,0.087,0.088,0.089,0.089,0.088,0.088,0.088,0.088,0.083,0.091,0.081,0.081,0.082,0.082,0.083,0.083,0.083,0.082,0.089,0.088,0.079,0.083,0.082,0.08,0.086,0.082,0.083,0.082,0.082,0.082,0.088,0.089,0.083,0.095,0.083,0.084,0.082,0.084,0.082,0.082,0.082,0.082,0.089,0.089,0.136,0.142,0.494,0.335,0.119,0.089,0.098,0.089,0.459,0.783,0.089,0.091,0.092,0.088,0.092,0.282,0.178,0.093,0.393,0.089,0.441,0.469,0.093,0.091,0.552,0.272,0.086,0.192,0.343,0.103,0.09,0.092,0.102,0.535,0.09,0.089,0.087,0.087,0.092,0.089,0.089,0.087,0.089,0.088,0.088,0.088,0.087
,16:19:16,46,0.09,0.09,0.09,0.091,0.088,0.087,0.088,0.089,0.089,0.088,0.088,0.088,0.088,0.083,0.091,0.081,0.082,0.082,0.082,0.083,0.083,0.083,0.082,0.089,0.088,0.08,0.083,0.082,0.081,0.087,0.082,0.083,0.083,0.083,0.083,0.088,0.09,0.084,0.105,0.083,0.084,0.082,0.085,0.082,0.082,0.082,0.082,0.089,0.089,0.136,0.142,0.494,0.335,0.119,0.09,0.098,0.089,0.459,0.784,0.089,0.092,0.093,0.088,0.093,0.284,0.177,0.093,0.392,0.089,0.439,0.469,0.093,0.091,0.552,0.276,0.086,0.191,0.343,0.103,0.09,0.092,0.102,0.534,0.091,0.09,0.087,0.087,0.092,0.089,0.089,0.087,0.089,0.088,0.088,0.089,0.087
,16:24:16,45.9,0.09,0.09,0.09,0.091,0.088,0.087,0.088,0.089,0.089,0.088,0.088,0.088,0.088,0.083,0.091,0.081,0.082,0.082,0.082,0.083,0.083,0.083,0.082,0.089,0.088,0.079,0.083,0.082,0.081,0.087,0.082,0.083,0.083,0.082,0.083,0.088,0.089,0.083,0.087,0.083,0.084,0.081,0.084,0.082,0.082,0.082,0.082,0.089,0.089,0.136,0.142,0.492,0.333,0.118,0.089,0.098,0.089,0.458,0.785,0.089,0.091,0.092,0.088,0.092,0.285,0.178,0.093,0.391,0.089,0.439,0.467,0.093,0.091,0.551,0.279,0.086,0.191,0.343,0.104,0.09,0.091,0.102,0.534,0.09,0.089,0.087,0.087,0.092,0.089,0.089,0.087,0.089,0.087,0.088,0.088,0.087
,16:29:16,45.9,0.09,0.09,0.09,0.091,0.088,0.087,0.088,0.089,0.089,0.088,0.088,0.088,0.088,0.083,0.091,0.081,0.081,0.082,0.082,0.083,0.083,0.083,0.082,0.088,0.088,0.079,0.083,0.082,0.08,0.086,0.082,0.083,0.082,0.082,0.082,0.088,0.089,0.083,0.104,0.082,0.084,0.082,0.084,0.082,0.082,0.082,0.082,0.088,0.089,0.136,0.141,0.49,0.334,0.118,0.089,0.098,0.089,0.457,0.786,0.089,0.091,0.092,0.088,0.092,0.287,0.178,0.093,0.39,0.089,0.437,0.465,0.093,0.09,0.55,0.282,0.086,0.19,0.342,0.104,0.09,0.091,0.101,0.533,0.09,0.089,0.087,0.087,0.092,0.089,0.089,0.087,0.089,0.087,0.088,0.088,0.087
,16:34:16,46,0.09,0.09,0.09,0.091,0.088,0.087,0.088,0.089,0.089,0.088,0.088,0.092,0.088,0.083,0.091,0.081,0.082,0.082,0.082,0.083,0.083,0.083,0.082,0.089,0.088,0.079,0.083,0.082,0.081,0.087,0.082,0.083,0.083,0.082,0.082,0.088,0.089,0.084,0.105,0.083,0.085,0.082,0.084,0.082,0.082,0.082,0.083,0.089,0.089,0.136,0.141,0.49,0.334,0.118,0.089,0.098,0.089,0.456,0.788,0.089,0.091,0.092,0.088,0.092,0.289,0.178,0.093,0.389,0.089,0.437,0.465,0.093,0.091,0.549,0.283,0.086,0.189,0.341,0.105,0.09,0.092,0.102,0.533,0.09,0.089,0.087,0.087,0.092,0.089,0.089,0.087,0.089,0.088,0.088,0.089,0.087
,16:39:16,45.9,0.09,0.09,0.09,0.091,0.088,0.087,0.088,0.089,0.089,0.088,0.088,0.088,0.088,0.084,0.091,0.081,0.081,0.082,0.082,0.083,0.083,0.083,0.082,0.088,0.088,0.079,0.083,0.082,0.081,0.086,0.082,0.082,0.082,0.082,0.082,0.088,0.089,0.083,0.104,0.083,0.084,0.081,0.084,0.082,0.082,0.082,0.082,0.088,0.089,0.135,0.146,0.489,0.331,0.118,0.089,0.098,0.089,0.456,0.79,0.089,0.091,0.092,0.088,0.092,0.289,0.178,0.092,0.388,0.089,0.436,0.464,0.093,0.09,0.548,0.287,0.086,0.189,0.34,0.105,0.089,0.091,0.102,0.532,0.09,0.089,0.087,0.087,0.092,0.089,0.089,0.087,0.089,0.087,0.088,0.088,0.087
,16:44:16,45.9,0.09,0.09,0.09,0.091,0.088,0.087,0.088,0.089,0.089,0.088,0.088,0.088,0.088,0.084,0.091,0.081,0.082,0.082,0.082,0.083,0.083,0.083,0.082,0.089,0.088,0.079,0.083,0.082,0.081,0.087,0.082,0.083,0.082,0.082,0.082,0.088,0.089,0.083,0.102,0.083,0.084,0.082,0.084,0.082,0.082,0.082,0.082,0.089,0.089,0.136,0.148,0.488,0.334,0.118,0.089,0.098,0.089,0.456,0.791,0.089,0.091,0.092,0.088,0.093,0.29,0.178,0.093,0.387,0.089,0.436,0.463,0.093,0.09,0.548,0.29,0.086,0.188,0.339,0.105,0.09,0.092,0.102,0.534,0.091,0.089,0.087,0.087,0.092,0.089,0.089,0.087,0.089,0.088,0.088,0.088,0.087
,16:49:16,46,0.09,0.09,0.09,0.091,0.088,0.087,0.088,0.089,0.089,0.088,0.088,0.088,0.088,0.084,0.091,0.081,0.082,0.082,0.082,0.083,0.083,0.083,0.082,0.089,0.088,0.079,0.083,0.082,0.081,0.086,0.082,0.083,0.082,0.082,0.082,0.088,0.09,0.083,0.099,0.083,0.084,0.082,0.084,0.082,0.082,0.082,0.082,0.089,0.089,0.136,0.148,0.487,0.334,0.118,0.089,0.098,0.089,0.455,0.793,0.089,0.091,0.092,0.088,0.092,0.293,0.179,0.093,0.386,0.089,0.434,0.461,0.093,0.091,0.548,0.291,0.086,0.187,0.339,0.105,0.089,0.092,0.102,0.533,0.091,0.089,0.087,0.087,0.092,0.089,0.089,0.087,0.089,0.088,0.088,0.088,0.087
,16:54:16,46,0.09,0.09,0.09,0.091,0.088,0.087,0.088,0.089,0.089,0.088,0.088,0.088,0.088,0.085,0.091,0.081,0.082,0.082,0.082,0.083,0.083,0.083,0.082,0.089,0.088,0.08,0.083,0.082,0.08,0.087,0.082,0.083,0.083,0.083,0.082,0.088,0.09,0.083,0.082,0.083,0.085,0.082,0.084,0.082,0.082,0.082,0.082,0.089,0.089,0.135,0.147,0.487,0.334,0.117,0.089,0.098,0.089,0.455,0.794,0.089,0.091,0.092,0.088,0.093,0.293,0.178,0.093,0.385,0.089,0.434,0.462,0.093,0.091,0.548,0.294,0.086,0.187,0.337,0.105,0.09,0.092,0.102,0.532,0.091,0.089,0.087,0.087,0.092,0.089,0.089,0.087,0.089,0.088,0.088,0.088,0.087
,16:59:16,45.9,0.09,0.09,0.09,0.091,0.088,0.087,0.088,0.089,0.089,0.088,0.088,0.088,0.088,0.083,0.092,0.081,0.082,0.082,0.082,0.083,0.083,0.083,0.082,0.089,0.088,0.08,0.083,0.083,0.081,0.087,0.082,0.083,0.082,0.082,0.082,0.088,0.09,0.083,0.104,0.083,0.085,0.082,0.084,0.082,0.082,0.082,0.082,0.089,0.089,0.135,0.148,0.485,0.331,0.117,0.089,0.098,0.089,0.454,0.796,0.089,0.091,0.092,0.088,0.093,0.294,0.178,0.093,0.384,0.089,0.433,0.459,0.093,0.091,0.547,0.295,0.086,0.186,0.334,0.106,0.09,0.092,0.102,0.534,0.091,0.089,0.087,0.087,0.092,0.089,0.089,0.087,0.089,0.087,0.088,0.088,0.087
,17:04:16,45.9,0.09,0.09,0.09,0.091,0.088,0.087,0.088,0.089,0.089,0.088,0.088,0.088,0.088,0.083,0.092,0.081,0.082,0.082,0.082,0.083,0.083,0.083,0.082,0.089,0.088,0.08,0.083,0.082,0.081,0.087,0.082,0.083,0.083,0.083,0.082,0.088,0.09,0.083,0.082,0.083,0.085,0.082,0.084,0.082,0.082,0.082,0.082,0.089,0.089,0.136,0.147,0.485,0.331,0.117,0.09,0.098,0.089,0.455,0.798,0.089,0.091,0.092,0.089,0.093,0.296,0.178,0.093,0.384,0.089,0.433,0.461,0.093,0.091,0.547,0.298,0.086,0.185,0.336,0.106,0.09,0.092,0.102,0.534,0.091,0.089,0.088,0.088,0.092,0.089,0.089,0.087,0.089,0.088,0.088,0.089,0.087
,17:09:16,45.9,0.09,0.09,0.09,0.091,0.088,0.087,0.088,0.089,0.089,0.088,0.088,0.088,0.088,0.083,0.091,0.081,0.082,0.082,0.082,0.083,0.083,0.083,0.082,0.088,0.088,0.079,0.083,0.082,0.081,0.087,0.082,0.083,0.082,0.082,0.082,0.088,0.089,0.083,0.083,0.083,0.084,0.082,0.084,0.082,0.082,0.082,0.082,0.089,0.089,0.135,0.146,0.483,0.33,0.116,0.09,0.098,0.089,0.454,0.798,0.089,0.091,0.092,0.088,0.092,0.297,0.178,0.093,0.382,0.089,0.431,0.457,0.093,0.09,0.546,0.3,0.086,0.184,0.335,0.106,0.09,0.091,0.102,0.534,0.09,0.089,0.087,0.087,0.092,0.089,0.089,0.087,0.089,0.087,0.088,0.088,0.087
,17:14:16,46,0.09,0.09,0.09,0.091,0.088,0.087,0.088,0.089,0.089,0.088,0.088,0.088,0.088,0.083,0.091,0.081,0.082,0.082,0.082,0.083,0.083,0.083,0.082,0.088,0.088,0.079,0.083,0.082,0.081,0.086,0.082,0.083,0.082,0.083,0.082,0.088,0.09,0.083,0.082,0.083,0.084,0.081,0.084,0.082,0.082,0.082,0.082,0.089,0.089,0.135,0.146,0.482,0.329,0.116,0.089,0.098,0.089,0.454,0.799,0.089,0.091,0.092,0.088,0.092,0.299,0.178,0.093,0.381,0.089,0.432,0.457,0.093,0.091,0.546,0.303,0.086,0.184,0.334,0.107,0.089,0.092,0.102,0.535,0.09,0.089,0.088,0.087,0.092,0.089,0.089,0.087,0.089,0.087,0.088,0.088,0.087
,17:19:16,46.1,0.09,0.09,0.09,0.091,0.089,0.087,0.088,0.089,0.089,0.088,0.088,0.088,0.088,0.083,0.091,0.081,0.082,0.082,0.082,0.083,0.083,0.083,0.082,0.089,0.088,0.08,0.083,0.082,0.081,0.086,0.082,0.083,0.083,0.082,0.082,0.088,0.09,0.084,0.096,0.083,0.085,0.082,0.084,0.082,0.082,0.082,0.083,0.089,0.089,0.135,0.146,0.482,0.329,0.117,0.09,0.098,0.089,0.454,0.799,0.089,0.091,0.092,0.088,0.092,0.299,0.179,0.093,0.381,0.089,0.431,0.456,0.093,0.091,0.546,0.303,0.086,0.183,0.334,0.107,0.09,0.092,0.102,0.536,0.09,0.089,0.087,0.087,0.092,0.089,0.089,0.087,0.089,0.088,0.088,0.089,0.087
,17:24:16,46,0.09,0.09,0.09,0.091,0.088,0.087,0.088,0.089,0.089,0.088,0.088,0.088,0.088,0.084,0.091,0.081,0.081,0.082,0.082,0.083,0.083,0.083,0.082,0.088,0.088,0.079,0.083,0.082,0.081,0.086,0.082,0.083,0.082,0.082,0.082,0.088,0.089,0.083,0.095,0.083,0.084,0.081,0.084,0.082,0.082,0.081,0.083,0.088,0.089,0.135,0.145,0.481,0.33,0.116,0.089,0.098,0.089,0.452,0.799,0.089,0.091,0.092,0.088,0.092,0.3,0.179,0.092,0.379,0.089,0.43,0.455,0.093,0.09,0.546,0.306,0.086,0.182,0.333,0.107,0.09,0.092,0.102,0.535,0.09,0.089,0.087,0.087,0.092,0.089,0.089,0.087,0.089,0.087,0.088,0.088,0.087
,17:29:16,46,0.09,0.09,0.09,0.091,0.088,0.087,0.088,0.089,0.089,0.088,0.088,0.088,0.088,0.084,0.091,0.081,0.082,0.082,0.082,0.083,0.083,0.083,0.082,0.089,0.088,0.079,0.083,0.082,0.081,0.087,0.082,0.083,0.083,0.083,0.082,0.088,0.089,0.083,0.095,0.083,0.085,0.082,0.084,0.083,0.082,0.082,0.083,0.089,0.089,0.134,0.145,0.48,0.328,0.116,0.089,0.098,0.088,0.452,0.799,0.089,0.091,0.092,0.088,0.093,0.303,0.179,0.093,0.379,0.089,0.43,0.454,0.093,0.09,0.546,0.309,0.086,0.182,0.333,0.107,0.09,0.091,0.102,0.535,0.09,0.089,0.088,0.087,0.092,0.089,0.089,0.087,0.089,0.088,0.088,0.088,0.087
,17:34:16,46,0.09,0.09,0.09,0.091,0.088,0.087,0.088,0.089,0.089,0.088,0.088,0.088,0.088,0.083,0.092,0.081,0.082,0.082,0.082,0.083,0.083,0.083,0.082,0.089,0.088,0.079,0.083,0.083,0.081,0.087,0.082,0.083,0.082,0.082,0.083,0.088,0.089,0.083,0.103,0.083,0.085,0.082,0.084,0.083,0.082,0.082,0.082,0.089,0.089,0.135,0.145,0.478,0.327,0.116,0.089,0.098,0.089,0.451,0.799,0.089,0.091,0.092,0.088,0.092,0.303,0.178,0.093,0.378,0.089,0.429,0.452,0.093,0.091,0.545,0.311,0.086,0.182,0.332,0.108,0.09,0.092,0.102,0.535,0.09,0.089,0.087,0.087,0.092,0.089,0.089,0.087,0.089,0.087,0.088,0.088,0.087
,17:39:16,46,0.09,0.09,0.09,0.091,0.089,0.087,0.088,0.089,0.089,0.088,0.088,0.088,0.088,0.083,0.092,0.081,0.082,0.082,0.082,0.083,0.083,0.083,0.082,0.089,0.088,0.08,0.083,0.083,0.081,0.087,0.082,0.083,0.083,0.083,0.082,0.088,0.09,0.083,0.082,0.083,0.085,0.082,0.084,0.082,0.082,0.082,0.082,0.089,0.089,0.135,0.144,0.478,0.328,0.116,0.09,0.098,0.089,0.452,0.8,0.089,0.091,0.092,0.088,0.093,0.304,0.177,0.093,0.377,0.089,0.429,0.453,0.093,0.091,0.546,0.312,0.086,0.181,0.33,0.108,0.09,0.092,0.102,0.534,0.091,0.09,0.087,0.088,0.092,0.089,0.089,0.087,0.089,0.088,0.088,0.089,0.087
,17:44:16,46,0.09,0.09,0.09,0.091,0.088,0.087,0.088,0.089,0.089,0.088,0.088,0.088,0.088,0.084,0.092,0.081,0.082,0.082,0.082,0.083,0.083,0.083,0.082,0.089,0.088,0.079,0.083,0.083,0.081,0.086,0.082,0.083,0.082,0.083,0.082,0.088,0.089,0.084,0.101,0.083,0.084,0.082,0.084,0.082,0.082,0.082,0.082,0.089,0.089,0.135,0.143,0.478,0.329,0.116,0.089,0.098,0.089,0.452,0.799,0.089,0.091,0.092,0.088,0.092,0.304,0.176,0.093,0.376,0.089,0.429,0.452,0.093,0.09,0.546,0.316,0.086,0.181,0.328,0.108,0.09,0.092,0.102,0.535,0.09,0.089,0.087,0.087,0.092,0.089,0.089,0.087,0.089,0.087,0.088,0.088,0.087
,17:49:16,46,0.09,0.09,0.09,0.091,0.088,0.087,0.088,0.089,0.089,0.088,0.088,0.088,0.088,0.083,0.091,0.081,0.081,0.082,0.082,0.083,0.083,0.083,0.082,0.089,0.088,0.08,0.083,0.082,0.081,0.087,0.082,0.083,0.083,0.082,0.082,0.088,0.089,0.083,0.091,0.083,0.085,0.082,0.084,0.082,0.082,0.082,0.083,0.089,0.089,0.135,0.143,0.476,0.329,0.115,0.089,0.098,0.089,0.451,0.799,0.089,0.091,0.092,0.088,0.093,0.307,0.178,0.093,0.375,0.089,0.428,0.451,0.093,0.091,0.546,0.317,0.086,0.18,0.329,0.108,0.09,0.091,0.103,0.534,0.09,0.089,0.087,0.087,0.092,0.089,0.089,0.087,0.089,0.088,0.088,0.088,0.087
,17:54:16,45.9,0.09,0.09,0.09,0.091,0.088,0.087,0.088,0.089,0.089,0.088,0.088,0.088,0.088,0.083,0.091,0.081,0.081,0.082,0.082,0.083,0.083,0.083,0.082,0.089,0.088,0.079,0.083,0.083,0.081,0.087,0.082,0.083,0.083,0.082,0.083,0.088,0.089,0.083,0.082,0.083,0.084,0.081,0.084,0.082,0.082,0.082,0.082,0.089,0.089,0.134,0.142,0.475,0.326,0.115,0.089,0.098,0.089,0.45,0.799,0.089,0.091,0.092,0.088,0.092,0.307,0.177,0.093,0.374,0.089,0.426,0.449,0.093,0.091,0.546,0.318,0.086,0.179,0.327,0.109,0.09,0.091,0.102,0.535,0.09,0.089,0.087,0.087,0.092,0.089,0.089,0.087,0.089,0.088,0.088,0.088,0.087
,17:59:16,46,0.089,0.09,0.09,0.091,0.088,0.087,0.088,0.089,0.089,0.088,0.088,0.088,0.088,0.083,0.091,0.081,0.081,0.082,0.082,0.083,0.083,0.083,0.082,0.088,0.088,0.079,0.083,0.082,0.08,0.086,0.082,0.083,0.082,0.082,0.082,0.088,0.089,0.084,0.106,0.083,0.084,0.081,0.084,0.082,0.082,0.082,0.082,0.088,0.089,0.135,0.141,0.475,0.324,0.115,0.089,0.098,0.088,0.451,0.799,0.089,0.091,0.092,0.088,0.092,0.308,0.177,0.092,0.374,0.089,0.427,0.448,0.093,0.09,0.545,0.319,0.086,0.178,0.325,0.109,0.089,0.091,0.102,0.536,0.09,0.089,0.087,0.087,0.092,0.089,0.089,0.087,0.089,0.087,0.088,0.088,0.086
,18:04:16,45.9,0.09,0.09,0.09,0.091,0.088,0.087,0.088,0.089,0.089,0.088,0.088,0.088,0.088,0.083,0.092,0.081,0.082,0.082,0.082,0.083,0.083,0.083,0.082,0.089,0.088,0.079,0.083,0.082,0.081,0.086,0.082,0.083,0.083,0.083,0.082,0.088,0.089,0.083,0.09,0.083,0.085,0.082,0.084,0.082,0.082,0.082,0.082,0.089,0.089,0.134,0.141,0.474,0.323,0.115,0.09,0.098,0.089,0.451,0.799,0.089,0.091,0.092,0.088,0.092,0.308,0.177,0.093,0.373,0.089,0.426,0.447,0.093,0.091,0.546,0.322,0.086,0.178,0.325,0.11,0.09,0.092,0.102,0.536,0.091,0.089,0.087,0.088,0.092,0.089,0.089,0.087,0.089,0.088,0.088,0.089,0.087
,18:09:16,46,0.09,0.09,0.09,0.091,0.089,0.087,0.088,0.089,0.089,0.088,0.088,0.088,0.088,0.083,0.091,0.081,0.082,0.082,0.082,0.083,0.083,0.083,0.082,0.089,0.088,0.079,0.083,0.082,0.081,0.087,0.082,0.083,0.082,0.082,0.083,0.088,0.09,0.083,0.106,0.083,0.085,0.082,0.084,0.082,0.082,0.081,0.083,0.089,0.089,0.135,0.141,0.473,0.324,0.115,0.089,0.098,0.089,0.452,0.8,0.089,0.091,0.092,0.088,0.092,0.31,0.176,0.093,0.372,0.089,0.425,0.447,0.093,0.091,0.548,0.324,0.086,0.178,0.326,0.11,0.09,0.091,0.103,0.537,0.09,0.089,0.087,0.087,0.092,0.089,0.089,0.087,0.089,0.088,0.088,0.088,0.087
,18:14:16,46,0.089,0.089,0.089,0.091,0.088,0.087,0.088,0.089,0.089,0.088,0.088,0.087,0.088,0.083,0.091,0.081,0.081,0.082,0.082,0.083,0.083,0.083,0.082,0.088,0.088,0.079,0.083,0.082,0.081,0.086,0.082,0.083,0.082,0.082,0.082,0.088,0.089,0.083,0.082,0.082,0.084,0.081,0.084,0.082,0.082,0.081,0.082,0.088,0.089,0.157,0.14,0.471,0.322,0.114,0.089,0.098,0.088,0.45,0.798,0.089,0.091,0.092,0.088,0.092,0.31,0.176,0.092,0.371,0.089,0.424,0.447,0.093,0.09,0.549,0.325,0.086,0.176,0.324,0.11,0.089,0.091,0.102,0.536,0.09,0.089,0.087,0.087,0.092,0.089,0.088,0.087,0.089,0.087,0.088,0.088,0.086
,18:19:16,46,0.09,0.09,0.09,0.091,0.088,0.087,0.088,0.089,0.089,0.088,0.088,0.088,0.088,0.083,0.091,0.081,0.082,0.082,0.082,0.083,0.084,0.083,0.082,0.089,0.088,0.08,0.083,0.083,0.081,0.087,0.082,0.083,0.083,0.083,0.083,0.088,0.09,0.083,0.104,0.083,0.085,0.082,0.084,0.082,0.082,0.082,0.082,0.089,0.089,0.165,0.141,0.471,0.323,0.115,0.09,0.098,0.089,0.451,0.8,0.089,0.091,0.092,0.088,0.093,0.311,0.177,0.093,0.371,0.089,0.424,0.445,0.093,0.091,0.551,0.328,0.086,0.176,0.323,0.111,0.09,0.091,0.103,0.536,0.091,0.089,0.087,0.087,0.092,0.089,0.089,0.087,0.089,0.088,0.088,0.088,0.087
,18:24:16,46,0.089,0.089,0.089,0.091,0.088,0.087,0.088,0.089,0.089,0.088,0.088,0.088,0.088,0.083,0.091,0.081,0.081,0.082,0.082,0.083,0.083,0.082,0.082,0.088,0.088,0.079,0.082,0.082,0.08,0.086,0.082,0.083,0.082,0.082,0.082,0.088,0.089,0.084,0.085,0.082,0.084,0.081,0.084,0.082,0.082,0.081,0.082,0.088,0.089,0.175,0.139,0.471,0.323,0.114,0.089,0.098,0.088,0.451,0.798,0.089,0.091,0.092,0.088,0.092,0.311,0.175,0.092,0.369,0.089,0.424,0.445,0.093,0.09,0.55,0.33,0.086,0.175,0.322,0.11,0.089,0.091,0.103,0.537,0.09,0.089,0.087,0.087,0.092,0.089,0.088,0.087,0.089,0.088,0.088,0.088,0.086
,18:29:16,46,0.09,0.09,0.09,0.091,0.088,0.087,0.088,0.089,0.089,0.088,0.088,0.088,0.088,0.083,0.091,0.081,0.082,0.082,0.082,0.083,0.083,0.083,0.082,0.089,0.088,0.079,0.083,0.082,0.081,0.087,0.082,0.083,0.082,0.082,0.083,0.088,0.09,0.083,0.106,0.083,0.085,0.082,0.084,0.082,0.082,0.082,0.082,0.089,0.089,0.185,0.139,0.469,0.323,0.114,0.089,0.098,0.089,0.451,0.8,0.089,0.091,0.092,0.088,0.092,0.312,0.176,0.093,0.369,0.089,0.423,0.445,0.093,0.091,0.55,0.33,0.086,0.175,0.322,0.111,0.09,0.091,0.103,0.539,0.09,0.089,0.087,0.087,0.092,0.089,0.089,0.087,0.089,0.088,0.088,0.089,0.087
,18:34:16,46,0.09,0.09,0.09,0.091,0.088,0.087,0.088,0.089,0.089,0.088,0.088,0.088,0.088,0.085,0.091,0.081,0.082,0.082,0.082,0.083,0.083,0.083,0.082,0.089,0.088,0.08,0.083,0.082,0.081,0.087,0.082,0.083,0.082,0.082,0.083,0.088,0.089,0.083,0.082,0.083,0.085,0.082,0.084,0.082,0.082,0.082,0.082,0.089,0.089,0.193,0.138,0.469,0.326,0.114,0.089,0.098,0.089,0.451,0.799,0.089,0.091,0.092,0.088,0.092,0.313,0.175,0.093,0.368,0.089,0.423,0.443,0.093,0.091,0.55,0.332,0.086,0.175,0.322,0.111,0.09,0.091,0.103,0.539,0.09,0.089,0.087,0.087,0.092,0.089,0.089,0.087,0.089,0.088,0.088,0.088,0.087
,18:39:16,46,0.09,0.09,0.09,0.091,0.088,0.087,0.088,0.089,0.089,0.088,0.088,0.088,0.088,0.083,0.091,0.081,0.082,0.082,0.082,0.083,0.083,0.083,0.082,0.088,0.088,0.079,0.083,0.082,0.081,0.087,0.082,0.083,0.082,0.082,0.083,0.088,0.089,0.083,0.082,0.083,0.084,0.082,0.084,0.082,0.082,0.082,0.082,0.089,0.089,0.197,0.138,0.468,0.325,0.114,0.089,0.098,0.089,0.451,0.799,0.089,0.091,0.092,0.088,0.092,0.313,0.174,0.093,0.367,0.089,0.422,0.441,0.093,0.091,0.55,0.335,0.086,0.174,0.32,0.112,0.09,0.091,0.103,0.542,0.09,0.089,0.087,0.087,0.092,0.089,0.089,0.087,0.089,0.088,0.088,0.088,0.086
,18:44:16,46,0.09,0.089,0.09,0.091,0.088,0.087,0.088,0.089,0.089,0.088,0.088,0.088,0.088,0.083,0.091,0.081,0.082,0.082,0.082,0.083,0.083,0.083,0.082,0.089,0.088,0.079,0.083,0.082,0.081,0.086,0.082,0.083,0.082,0.082,0.082,0.088,0.089,0.084,0.085,0.083,0.085,0.082,0.084,0.082,0.082,0.082,0.082,0.088,0.089,0.202,0.138,0.467,0.324,0.114,0.089,0.098,0.089,0.451,0.799,0.089,0.091,0.092,0.088,0.092,0.312,0.173,0.093,0.365,0.089,0.422,0.441,0.093,0.091,0.549,0.335,0.086,0.173,0.319,0.112,0.09,0.091,0.103,0.546,0.09,0.089,0.087,0.087,0.092,0.089,0.089,0.087,0.089,0.087,0.088,0.088,0.086
,18:49:16,46,0.09,0.09,0.09,0.091,0.088,0.087,0.088,0.089,0.089,0.088,0.088,0.088,0.088,0.083,0.091,0.081,0.082,0.082,0.082,0.083,0.083,0.083,0.082,0.088,0.088,0.079,0.083,0.082,0.081,0.086,0.082,0.083,0.082,0.082,0.083,0.088,0.089,0.083,0.082,0.083,0.084,0.081,0.084,0.082,0.082,0.082,0.082,0.089,0.089,0.206,0.137,0.466,0.325,0.114,0.089,0.098,0.089,0.451,0.799,0.089,0.091,0.092,0.088,0.092,0.313,0.174,0.092,0.364,0.089,0.421,0.442,0.093,0.09,0.549,0.335,0.086,0.172,0.32,0.112,0.09,0.091,0.103,0.545,0.09,0.089,0.087,0.087,0.092,0.089,0.089,0.087,0.089,0.087,0.088,0.088,0.086
,18:54:16,46,0.09,0.09,0.09,0.091,0.088,0.087,0.088,0.089,0.089,0.088,0.088,0.088,0.088,0.085,0.092,0.081,0.082,0.082,0.082,0.083,0.083,0.083,0.082,0.089,0.088,0.08,0.083,0.082,0.081,0.087,0.082,0.083,0.082,0.082,0.083,0.088,0.09,0.084,0.082,0.083,0.085,0.082,0.084,0.082,0.082,0.082,0.082,0.089,0.089,0.208,0.138,0.464,0.325,0.114,0.089,0.098,0.089,0.45,0.799,0.089,0.091,0.092,0.089,0.093,0.312,0.174,0.093,0.364,0.089,0.421,0.444,0.093,0.091,0.549,0.335,0.086,0.173,0.319,0.113,0.09,0.091,0.103,0.546,0.09,0.089,0.087,0.087,0.092,0.089,0.089,0.087,0.089,0.088,0.088,0.089,0.086
,18:59:16,46,0.09,0.09,0.09,0.091,0.088,0.087,0.088,0.089,0.089,0.088,0.088,0.087,0.088,0.083,0.091,0.081,0.081,0.082,0.082,0.083,0.083,0.083,0.082,0.088,0.088,0.079,0.083,0.082,0.081,0.087,0.082,0.083,0.082,0.082,0.082,0.088,0.089,0.083,0.104,0.083,0.084,0.082,0.084,0.082,0.082,0.082,0.083,0.088,0.089,0.207,0.136,0.464,0.323,0.114,0.089,0.098,0.088,0.449,0.798,0.089,0.091,0.092,0.088,0.092,0.312,0.172,0.092,0.363,0.089,0.42,0.444,0.093,0.091,0.548,0.334,0.086,0.171,0.316,0.113,0.089,0.091,0.104,0.546,0.09,0.089,0.087,0.087,0.092,0.089,0.089,0.087,0.089,0.087,0.088,0.088,0.086
,19:04:16,45.9,0.09,0.09,0.09,0.091,0.088,0.087,0.088,0.089,0.089,0.088,0.088,0.088,0.088,0.083,0.091,0.081,0.082,0.082,0.082,0.083,0.083,0.083,0.082,0.089,0.088,0.08,0.083,0.083,0.081,0.087,0.082,0.083,0.083,0.083,0.083,0.088,0.09,0.084,0.104,0.083,0.085,0.082,0.084,0.083,0.082,0.082,0.082,0.089,0.089,0.208,0.136,0.463,0.323,0.113,0.089,0.098,0.089,0.45,0.798,0.089,0.091,0.092,0.089,0.093,0.312,0.172,0.093,0.363,0.089,0.419,0.447,0.093,0.091,0.548,0.335,0.086,0.171,0.317,0.114,0.09,0.091,0.104,0.546,0.09,0.089,0.087,0.087,0.092,0.089,0.089,0.087,0.089,0.088,0.088,0.089,0.086
,19:09:16,46,0.09,0.09,0.09,0.091,0.088,0.087,0.088,0.089,0.089,0.088,0.088,0.088,0.088,0.083,0.091,0.081,0.082,0.082,0.082,0.083,0.083,0.083,0.082,0.089,0.088,0.079,0.083,0.083,0.081,0.087,0.082,0.083,0.083,0.082,0.083,0.088,0.089,0.083,0.101,0.083,0.085,0.082,0.084,0.082,0.082,0.082,0.082,0.089,0.089,0.208,0.135,0.463,0.324,0.113,0.09,0.098,0.089,0.45,0.798,0.089,0.091,0.092,0.089,0.092,0.312,0.172,0.092,0.362,0.089,0.419,0.446,0.093,0.091,0.548,0.333,0.086,0.171,0.316,0.114,0.09,0.091,0.104,0.546,0.091,0.089,0.087,0.087,0.092,0.089,0.089,0.087,0.089,0.088,0.088,0.088,0.086
,19:14:16,45.9,0.09,0.09,0.09,0.091,0.088,0.087,0.088,0.089,0.089,0.088,0.088,0.088,0.088,0.084,0.091,0.081,0.082,0.082,0.082,0.083,0.083,0.083,0.082,0.089,0.088,0.08,0.083,0.083,0.081,0.087,0.082,0.083,0.083,0.082,0.083,0.088,0.089,0.083,0.089,0.083,0.085,0.082,0.084,0.082,0.082,0.082,0.083,0.089,0.089,0.21,0.135,0.462,0.323,0.113,0.089,0.098,0.089,0.45,0.798,0.089,0.091,0.092,0.088,0.092,0.312,0.172,0.093,0.361,0.089,0.419,0.445,0.093,0.091,0.547,0.332,0.086,0.169,0.317,0.115,0.09,0.092,0.104,0.545,0.09,0.089,0.087,0.087,0.092,0.089,0.089,0.087,0.089,0.088,0.088,0.088,0.086
,19:19:16,46,0.089,0.09,0.09,0.091,0.088,0.087,0.088,0.089,0.089,0.088,0.088,0.087,0.088,0.083,0.091,0.081,0.082,0.082,0.082,0.083,0.083,0.083,0.082,0.088,0.088,0.08,0.083,0.082,0.081,0.086,0.082,0.083,0.082,0.082,0.082,0.088,0.089,0.083,0.1,0.083,0.084,0.082,0.084,0.082,0.082,0.082,0.082,0.089,0.089,0.211,0.134,0.461,0.321,0.113,0.089,0.098,0.089,0.45,0.799,0.089,0.091,0.092,0.088,0.093,0.31,0.17,0.093,0.36,0.089,0.418,0.446,0.093,0.09,0.547,0.331,0.086,0.169,0.313,0.114,0.09,0.091,0.104,0.545,0.09,0.089,0.087,0.087,0.092,0.089,0.089,0.087,0.089,0.088,0.088,0.088,0.086
,19:24:16,46,0.09,0.09,0.09,0.091,0.088,0.087,0.088,0.089,0.089,0.088,0.088,0.087,0.088,0.084,0.091,0.081,0.082,0.082,0.082,0.083,0.083,0.083,0.082,0.088,0.088,0.079,0.083,0.083,0.081,0.086,0.082,0.083,0.083,0.082,0.083,0.088,0.089,0.083,0.082,0.082,0.085,0.081,0.084,0.082,0.082,0.082,0.082,0.089,0.089,0.213,0.134,0.461,0.322,0.113,0.089,0.098,0.089,0.451,0.798,0.089,0.091,0.092,0.088,0.092,0.311,0.168,0.093,0.36,0.089,0.418,0.444,0.093,0.091,0.547,0.33,0.086,0.169,0.314,0.115,0.09,0.091,0.104,0.546,0.09,0.089,0.087,0.087,0.092,0.089,0.089,0.087,0.089,0.087,0.088,0.088,0.086
,19:29:16,46,0.09,0.09,0.09,0.091,0.088,0.087,0.088,0.089,0.089,0.088,0.088,0.088,0.088,0.083,0.091,0.081,0.082,0.082,0.082,0.083,0.083,0.083,0.082,0.088,0.088,0.08,0.083,0.083,0.081,0.087,0.082,0.083,0.083,0.082,0.083,0.088,0.089,0.084,0.106,0.083,0.084,0.082,0.084,0.082,0.082,0.082,0.083,0.088,0.089,0.213,0.134,0.459,0.322,0.113,0.089,0.098,0.089,0.45,0.798,0.089,0.091,0.092,0.088,0.093,0.311,0.169,0.093,0.359,0.089,0.417,0.445,0.093,0.09,0.546,0.33,0.086,0.169,0.314,0.116,0.09,0.091,0.104,0.545,0.09,0.089,0.087,0.087,0.092,0.089,0.089,0.087,0.089,0.087,0.088,0.088,0.086
,19:34:16,46,0.09,0.09,0.09,0.091,0.088,0.087,0.088,0.089,0.089,0.088,0.088,0.088,0.088,0.083,0.091,0.081,0.082,0.082,0.082,0.083,0.083,0.083,0.082,0.089,0.088,0.08,0.083,0.082,0.081,0.087,0.082,0.083,0.083,0.083,0.083,0.088,0.09,0.085,0.095,0.083,0.085,0.082,0.084,0.083,0.082,0.082,0.082,0.089,0.089,0.213,0.134,0.459,0.321,0.112,0.089,0.098,0.089,0.45,0.797,0.089,0.091,0.092,0.089,0.092,0.31,0.169,0.093,0.358,0.089,0.417,0.447,0.093,0.091,0.546,0.329,0.086,0.168,0.312,0.116,0.09,0.091,0.104,0.545,0.09,0.089,0.087,0.087,0.092,0.089,0.089,0.087,0.089,0.088,0.088,0.088,0.086
,19:39:16,46,0.09,0.09,0.09,0.091,0.088,0.087,0.088,0.089,0.089,0.088,0.088,0.088,0.088,0.084,0.091,0.081,0.082,0.082,0.082,0.083,0.083,0.083,0.082,0.089,0.088,0.08,0.083,0.083,0.081,0.087,0.082,0.083,0.083,0.083,0.082,0.088,0.089,0.083,0.096,0.083,0.085,0.082,0.084,0.082,0.082,0.082,0.082,0.089,0.089,0.214,0.133,0.458,0.32,0.112,0.09,0.098,0.089,0.452,0.797,0.089,0.091,0.092,0.088,0.093,0.309,0.168,0.093,0.358,0.089,0.417,0.446,0.093,0.091,0.546,0.327,0.086,0.167,0.313,0.116,0.09,0.091,0.105,0.547,0.09,0.089,0.088,0.087,0.092,0.089,0.089,0.087,0.089,0.088,0.088,0.088,0.086
,19:44:16,46,0.09,0.09,0.09,0.091,0.088,0.087,0.088,0.089,0.089,0.088,0.088,0.088,0.088,0.083,0.091,0.081,0.082,0.082,0.082,0.083,0.083,0.083,0.082,0.088,0.088,0.08,0.083,0.082,0.081,0.087,0.082,0.083,0.082,0.082,0.083,0.088,0.089,0.083,0.101,0.083,0.085,0.082,0.084,0.082,0.082,0.082,0.082,0.089,0.089,0.214,0.133,0.457,0.319,0.113,0.09,0.098,0.089,0.453,0.797,0.089,0.091,0.092,0.088,0.092,0.31,0.168,0.092,0.357,0.089,0.416,0.445,0.093,0.091,0.545,0.327,0.086,0.167,0.311,0.117,0.09,0.092,0.105,0.546,0.09,0.089,0.087,0.087,0.092,0.089,0.089,0.087,0.089,0.087,0.088,0.088,0.086
,19:49:16,46,0.09,0.09,0.09,0.091,0.088,0.087,0.088,0.089,0.089,0.088,0.088,0.088,0.088,0.083,0.091,0.081,0.082,0.082,0.082,0.083,0.083,0.083,0.082,0.089,0.088,0.079,0.083,0.082,0.081,0.087,0.082,0.083,0.082,0.082,0.083,0.088,0.089,0.084,0.082,0.083,0.085,0.082,0.084,0.082,0.082,0.082,0.082,0.088,0.089,0.213,0.133,0.456,0.319,0.112,0.089,0.098,0.089,0.452,0.797,0.089,0.091,0.092,0.088,0.092,0.309,0.168,0.093,0.357,0.089,0.414,0.444,0.093,0.091,0.545,0.334,0.086,0.167,0.311,0.117,0.09,0.091,0.105,0.544,0.09,0.089,0.087,0.087,0.092,0.089,0.089,0.087,0.089,0.088,0.088,0.089,0.086
,19:54:16,46,0.09,0.09,0.09,0.091,0.088,0.087,0.088,0.089,0.089,0.088,0.088,0.089,0.088,0.083,0.092,0.081,0.081,0.082,0.082,0.083,0.083,0.083,0.082,0.089,0.088,0.08,0.083,0.082,0.081,0.086,0.082,0.083,0.083,0.082,0.083,0.088,0.089,0.083,0.091,0.083,0.085,0.082,0.084,0.082,0.082,0.082,0.082,0.089,0.089,0.213,0.133,0.455,0.32,0.112,0.09,0.098,0.089,0.453,0.797,0.089,0.091,0.092,0.089,0.092,0.309,0.169,0.093,0.356,0.089,0.415,0.444,0.093,0.091,0.545,0.336,0.086,0.166,0.312,0.118,0.09,0.091,0.105,0.544,0.09,0.089,0.087,0.087,0.092,0.089,0.089,0.087,0.089,0.088,0.088,0.088,0.086
,19:59:16,46,0.09,0.09,0.09,0.091,0.088,0.087,0.088,0.089,0.089,0.089,0.088,0.088,0.088,0.084,0.091,0.081,0.082,0.082,0.082,0.083,0.083,0.083,0.082,0.088,0.088,0.08,0.083,0.082,0.081,0.087,0.082,0.083,0.083,0.082,0.082,0.088,0.09,0.083,0.083,0.083,0.084,0.082,0.084,0.082,0.082,0.082,0.083,0.089,0.089,0.214,0.132,0.454,0.318,0.112,0.09,0.098,0.089,0.453,0.796,0.089,0.091,0.092,0.089,0.092,0.307,0.167,0.093,0.356,0.089,0.414,0.444,0.093,0.091,0.543,0.341,0.086,0.166,0.312,0.119,0.09,0.091,0.105,0.543,0.091,0.089,0.087,0.087,0.092,0.089,0.089,0.087,0.089,0.088,0.088,0.089,0.086
,20:04:16,46,0.089,0.09,0.09,0.091,0.088,0.087,0.088,0.089,0.089,0.088,0.088,0.087,0.088,0.083,0.091,0.081,0.082,0.082,0.082,0.083,0.083,0.083,0.082,0.088,0.088,0.08,0.083,0.082,0.081,0.086,0.082,0.083,0.083,0.082,0.083,0.088,0.089,0.084,0.098,0.083,0.085,0.082,0.084,0.082,0.082,0.082,0.082,0.089,0.089,0.213,0.132,0.454,0.317,0.112,0.089,0.098,0.089,0.455,0.796,0.089,0.091,0.092,0.088,0.092,0.307,0.167,0.093,0.355,0.089,0.414,0.444,0.093,0.091,0.544,0.345,0.086,0.166,0.311,0.12,0.09,0.091,0.105,0.543,0.09,0.089,0.087,0.087,0.092,0.089,0.089,0.087,0.089,0.088,0.088,0.088,0.086
,20:09:16,46,0.09,0.09,0.09,0.091,0.088,0.087,0.088,0.089,0.089,0.088,0.088,0.089,0.088,0.083,0.092,0.081,0.082,0.082,0.082,0.083,0.083,0.083,0.082,0.089,0.088,0.08,0.083,0.082,0.081,0.087,0.082,0.083,0.083,0.083,0.083,0.088,0.09,0.084,0.104,0.083,0.085,0.082,0.084,0.082,0.082,0.082,0.082,0.089,0.089,0.213,0.132,0.454,0.317,0.112,0.09,0.098,0.089,0.456,0.796,0.089,0.091,0.092,0.089,0.093,0.306,0.166,0.093,0.354,0.089,0.414,0.442,0.093,0.09,0.543,0.344,0.086,0.165,0.31,0.12,0.09,0.091,0.106,0.543,0.09,0.089,0.087,0.087,0.092,0.089,0.089,0.087,0.089,0.088,0.088,0.089,0.086
,20:14:16,45.9,0.09,0.09,0.09,0.091,0.088,0.087,0.088,0.089,0.089,0.088,0.088,0.087,0.088,0.083,0.091,0.081,0.082,0.082,0.082,0.083,0.083,0.083,0.082,0.088,0.088,0.08,0.083,0.083,0.081,0.087,0.082,0.083,0.083,0.082,0.083,0.088,0.089,0.084,0.105,0.083,0.085,0.082,0.084,0.082,0.082,0.082,0.082,0.088,0.089,0.212,0.131,0.453,0.318,0.112,0.089,0.098,0.089,0.455,0.796,0.089,0.091,0.092,0.088,0.092,0.306,0.166,0.093,0.353,0.089,0.413,0.442,0.093,0.091,0.543,0.344,0.086,0.165,0.312,0.121,0.09,0.091,0.106,0.544,0.09,0.089,0.087,0.087,0.092,0.089,0.089,0.087,0.089,0.088,0.088,0.088,0.086
,20:19:16,45.9,0.09,0.09,0.09,0.091,0.088,0.087,0.088,0.089,0.089,0.088,0.088,0.087,0.088,0.083,0.091,0.081,0.082,0.082,0.082,0.083,0.083,0.083,0.082,0.089,0.088,0.08,0.083,0.083,0.081,0.086,0.082,0.083,0.083,0.083,0.083,0.088,0.09,0.084,0.104,0.083,0.085,0.082,0.085,0.083,0.082,0.082,0.082,0.089,0.089,0.212,0.131,0.452,0.315,0.112,0.089,0.098,0.089,0.455,0.795,0.089,0.091,0.092,0.088,0.092,0.306,0.166,0.093,0.352,0.089,0.412,0.442,0.093,0.091,0.542,0.344,0.086,0.164,0.311,0.122,0.09,0.091,0.106,0.544,0.09,0.089,0.088,0.087,0.092,0.089,0.089,0.087,0.089,0.088,0.088,0.088,0.086
,20:24:16,46,0.09,0.09,0.09,0.091,0.088,0.087,0.088,0.089,0.089,0.088,0.088,0.088,0.088,0.083,0.091,0.081,0.082,0.082,0.082,0.083,0.083,0.083,0.082,0.089,0.088,0.08,0.083,0.083,0.08,0.087,0.082,0.083,0.083,0.083,0.083,0.088,0.089,0.084,0.099,0.083,0.085,0.082,0.084,0.082,0.082,0.082,0.082,0.088,0.089,0.212,0.131,0.451,0.315,0.112,0.089,0.098,0.089,0.456,0.795,0.089,0.091,0.092,0.088,0.092,0.306,0.165,0.093,0.352,0.089,0.413,0.446,0.093,0.091,0.543,0.344,0.086,0.164,0.311,0.122,0.09,0.091,0.106,0.544,0.09,0.089,0.087,0.087,0.092,0.089,0.089,0.087,0.089,0.088,0.088,0.088,0.086
,20:29:16,46,0.09,0.089,0.09,0.091,0.088,0.087,0.088,0.089,0.089,0.088,0.088,0.088,0.088,0.083,0.091,0.081,0.082,0.082,0.082,0.083,0.083,0.083,0.082,0.088,0.088,0.079,0.083,0.082,0.081,0.086,0.082,0.083,0.082,0.082,0.083,0.088,0.089,0.083,0.108,0.083,0.085,0.082,0.084,0.082,0.082,0.082,0.082,0.088,0.089,0.211,0.13,0.45,0.314,0.112,0.089,0.098,0.089,0.455,0.795,0.089,0.091,0.092,0.088,0.092,0.305,0.164,0.092,0.351,0.089,0.412,0.445,0.093,0.09,0.542,0.341,0.086,0.163,0.309,0.123,0.09,0.091,0.106,0.544,0.09,0.089,0.087,0.087,0.092,0.089,0.089,0.087,0.089,0.088,0.088,0.088,0.086
,20:34:16,46,0.09,0.09,0.09,0.091,0.088,0.087,0.088,0.089,0.089,0.088,0.088,0.087,0.088,0.083,0.091,0.081,0.082,0.082,0.082,0.083,0.083,0.083,0.082,0.089,0.088,0.08,0.083,0.083,0.081,0.087,0.082,0.083,0.083,0.082,0.083,0.088,0.089,0.083,0.105,0.083,0.085,0.082,0.084,0.082,0.082,0.082,0.083,0.088,0.089,0.211,0.13,0.449,0.315,0.112,0.09,0.098,0.089,0.456,0.795,0.089,0.091,0.092,0.088,0.092,0.303,0.164,0.092,0.35,0.089,0.41,0.445,0.093,0.09,0.541,0.341,0.086,0.163,0.307,0.124,0.09,0.091,0.107,0.543,0.09,0.089,0.087,0.087,0.092,0.089,0.089,0.087,0.089,0.088,0.088,0.088,0.086
,20:39:16,46,0.089,0.09,0.09,0.091,0.088,0.087,0.088,0.089,0.089,0.088,0.088,0.087,0.088,0.083,0.091,0.081,0.082,0.082,0.082,0.083,0.083,0.083,0.082,0.088,0.088,0.08,0.083,0.082,0.081,0.086,0.082,0.083,0.082,0.082,0.083,0.088,0.089,0.083,0.093,0.083,0.084,0.082,0.084,0.082,0.082,0.082,0.083,0.088,0.089,0.21,0.129,0.448,0.314,0.111,0.089,0.098,0.088,0.455,0.795,0.089,0.091,0.092,0.088,0.092,0.303,0.164,0.092,0.349,0.089,0.41,0.443,0.093,0.09,0.54,0.339,0.086,0.162,0.309,0.124,0.09,0.091,0.107,0.543,0.09,0.089,0.087,0.087,0.092,0.089,0.089,0.087,0.089,0.087,0.088,0.088,0.086
,20:44:16,46,0.09,0.09,0.09,0.091,0.088,0.087,0.088,0.089,0.089,0.088,0.088,0.087,0.088,0.083,0.091,0.081,0.082,0.082,0.082,0.083,0.083,0.083,0.083,0.089,0.088,0.079,0.083,0.082,0.081,0.086,0.082,0.083,0.082,0.082,0.083,0.088,0.09,0.084,0.098,0.083,0.085,0.082,0.084,0.082,0.082,0.082,0.082,0.089,0.089,0.211,0.129,0.448,0.313,0.112,0.09,0.098,0.089,0.457,0.795,0.089,0.091,0.092,0.088,0.093,0.302,0.165,0.093,0.348,0.089,0.41,0.444,0.093,0.09,0.541,0.338,0.086,0.163,0.308,0.125,0.09,0.091,0.107,0.542,0.09,0.089,0.087,0.087,0.092,0.089,0.089,0.087,0.089,0.087,0.088,0.088,0.086
,20:49:16,45.9,0.089,0.09,0.09,0.091,0.088,0.087,0.088,0.089,0.089,0.088,0.088,0.087,0.088,0.083,0.091,0.081,0.082,0.082,0.082,0.083,0.083,0.083,0.082,0.088,0.088,0.08,0.083,0.083,0.081,0.087,0.082,0.083,0.083,0.083,0.083,0.088,0.089,0.084,0.103,0.083,0.085,0.082,0.084,0.082,0.082,0.082,0.082,0.089,0.089,0.21,0.129,0.447,0.313,0.111,0.089,0.098,0.089,0.456,0.794,0.089,0.091,0.092,0.089,0.092,0.301,0.165,0.093,0.348,0.089,0.41,0.443,0.093,0.091,0.541,0.337,0.086,0.162,0.307,0.126,0.09,0.091,0.107,0.543,0.09,0.089,0.087,0.087,0.092,0.089,0.089,0.087,0.089,0.088,0.088,0.088,0.086
,20:54:16,46,0.09,0.09,0.09,0.091,0.088,0.087,0.088,0.089,0.089,0.088,0.088,0.087,0.088,0.083,0.091,0.081,0.082,0.082,0.082,0.083,0.083,0.083,0.082,0.088,0.088,0.08,0.083,0.082,0.081,0.087,0.082,0.083,0.083,0.083,0.083,0.088,0.089,0.084,0.095,0.083,0.085,0.082,0.084,0.082,0.082,0.082,0.083,0.088,0.089,0.209,0.128,0.447,0.313,0.111,0.089,0.098,0.089,0.457,0.795,0.089,0.091,0.092,0.088,0.092,0.301,0.166,0.093,0.347,0.089,0.409,0.443,0.093,0.09,0.54,0.337,0.086,0.161,0.307,0.127,0.09,0.091,0.107,0.543,0.09,0.089,0.087,0.087,0.092,0.089,0.089,0.087,0.089,0.088,0.088,0.088,0.086
,20:59:16,46,0.09,0.09,0.09,0.091,0.088,0.087,0.088,0.089,0.089,0.088,0.088,0.09,0.088,0.083,0.091,0.081,0.082,0.082,0.082,0.083,0.083,0.083,0.082,0.088,0.088,0.079,0.083,0.082,0.082,0.087,0.082,0.083,0.082,0.082,0.083,0.088,0.089,0.083,0.105,0.083,0.085,0.082,0.084,0.082,0.082,0.082,0.082,0.088,0.089,0.209,0.128,0.445,0.311,0.111,0.089,0.098,0.089,0.456,0.794,0.089,0.091,0.092,0.088,0.092,0.3,0.165,0.093,0.346,0.089,0.409,0.443,0.093,0.09,0.54,0.336,0.086,0.161,0.307,0.127,0.09,0.091,0.107,0.541,0.09,0.089,0.087,0.087,0.092,0.089,0.089,0.087,0.089,0.087,0.088,0.088,0.086
,21:04:16,46,0.089,0.09,0.09,0.091,0.088,0.087,0.088,0.089,0.089,0.088,0.088,0.088,0.088,0.083,0.092,0.081,0.082,0.082,0.082,0.083,0.083,0.083,0.082,0.088,0.088,0.079,0.083,0.083,0.081,0.087,0.082,0.083,0.083,0.082,0.083,0.088,0.089,0.084,0.082,0.083,0.085,0.082,0.084,0.083,0.082,0.082,0.082,0.089,0.089,0.209,0.128,0.446,0.309,0.111,0.089,0.098,0.089,0.458,0.794,0.089,0.091,0.092,0.089,0.092,0.3,0.163,0.093,0.346,0.089,0.408,0.442,0.093,0.091,0.541,0.335,0.086,0.161,0.306,0.129,0.09,0.091,0.108,0.542,0.09,0.089,0.087,0.087,0.092,0.089,0.089,0.087,0.089,0.087,0.088,0.088,0.086
,21:09:16,45.9,0.089,0.09,0.09,0.091,0.088,0.087,0.088,0.089,0.089,0.088,0.088,0.087,0.088,0.083,0.091,0.081,0.082,0.082,0.082,0.083,0.083,0.083,0.082,0.088,0.088,0.079,0.083,0.083,0.081,0.086,0.082,0.083,0.083,0.083,0.083,0.088,0.089,0.084,0.104,0.083,0.085,0.082,0.084,0.083,0.082,0.082,0.082,0.089,0.089,0.209,0.127,0.444,0.31,0.111,0.09,0.098,0.089,0.458,0.794,0.089,0.091,0.092,0.088,0.092,0.298,0.163,0.092,0.345,0.089,0.408,0.441,0.093,0.091,0.54,0.335,0.086,0.16,0.305,0.129,0.09,0.091,0.108,0.541,0.09,0.089,0.087,0.087,0.092,0.089,0.089,0.087,0.089,0.088,0.088,0.088,0.086
,21:14:16,46,0.09,0.09,0.09,0.091,0.088,0.087,0.088,0.089,0.089,0.088,0.088,0.087,0.088,0.083,0.091,0.081,0.082,0.082,0.082,0.083,0.083,0.083,0.082,0.088,0.088,0.08,0.083,0.082,0.081,0.087,0.082,0.083,0.082,0.082,0.083,0.088,0.089,0.084,0.082,0.083,0.085,0.082,0.084,0.082,0.082,0.082,0.082,0.089,0.089,0.209,0.127,0.443,0.311,0.111,0.089,0.098,0.089,0.458,0.793,0.089,0.091,0.092,0.088,0.092,0.3,0.164,0.093,0.345,0.089,0.408,0.441,0.093,0.09,0.54,0.334,0.086,0.16,0.306,0.13,0.09,0.091,0.108,0.543,0.09,0.089,0.087,0.087,0.092,0.089,0.089,0.087,0.089,0.088,0.088,0.089,0.086
,21:19:16,45.9,0.089,0.089,0.09,0.091,0.088,0.087,0.088,0.089,0.089,0.088,0.088,0.087,0.088,0.083,0.091,0.081,0.082,0.082,0.082,0.083,0.083,0.083,0.082,0.088,0.088,0.079,0.083,0.082,0.081,0.086,0.082,0.083,0.082,0.082,0.083,0.088,0.089,0.084,0.082,0.083,0.085,0.082,0.084,0.082,0.082,0.082,0.083,0.088,0.089,0.208,0.127,0.442,0.309,0.111,0.089,0.097,0.088,0.458,0.794,0.089,0.091,0.092,0.088,0.092,0.3,0.162,0.093,0.344,0.089,0.407,0.439,0.093,0.09,0.539,0.332,0.086,0.16,0.305,0.131,0.089,0.091,0.108,0.54,0.09,0.089,0.087,0.087,0.092,0.089,0.089,0.087,0.089,0.087,0.088,0.088,0.086
,21:24:16,46,0.089,0.09,0.09,0.091,0.088,0.087,0.088,0.089,0.089,0.088,0.088,0.087,0.088,0.083,0.091,0.081,0.082,0.082,0.082,0.083,0.083,0.083,0.082,0.088,0.088,0.079,0.083,0.082,0.081,0.086,0.082,0.083,0.082,0.082,0.083,0.088,0.089,0.085,0.103,0.083,0.084,0.082,0.084,0.082,0.082,0.082,0.082,0.088,0.089,0.206,0.126,0.443,0.31,0.111,0.089,0.098,0.089,0.459,0.793,0.089,0.091,0.092,0.088,0.092,0.298,0.162,0.093,0.344,0.089,0.407,0.44,0.093,0.09,0.538,0.332,0.086,0.16,0.305,0.131,0.09,0.091,0.108,0.541,0.09,0.089,0.087,0.087,0.092,0.089,0.089,0.087,0.089,0.087,0.088,0.088,0.086
,21:29:16,46,0.089,0.09,0.09,0.091,0.088,0.087,0.088,0.089,0.089,0.088,0.088,0.087,0.088,0.083,0.092,0.081,0.082,0.082,0.082,0.083,0.083,0.083,0.082,0.088,0.088,0.079,0.083,0.083,0.081,0.086,0.082,0.083,0.083,0.082,0.083,0.088,0.089,0.083,0.082,0.083,0.085,0.082,0.084,0.082,0.082,0.082,0.082,0.089,0.089,0.206,0.126,0.442,0.31,0.111,0.089,0.097,0.089,0.458,0.793,0.089,0.091,0.092,0.088,0.092,0.298,0.162,0.093,0.343,0.089,0.407,0.44,0.093,0.091,0.538,0.331,0.086,0.161,0.305,0.133,0.09,0.091,0.11,0.541,0.09,0.089,0.087,0.087,0.092,0.089,0.089,0.087,0.089,0.088,0.088,0.088,0.086
,21:34:16,46,0.089,0.09,0.089,0.091,0.088,0.087,0.088,0.089,0.089,0.088,0.087,0.087,0.087,0.083,0.091,0.081,0.081,0.082,0.082,0.083,0.083,0.083,0.082,0.088,0.088,0.079,0.083,0.082,0.081,0.086,0.082,0.083,0.082,0.082,0.083,0.087,0.089,0.084,0.097,0.083,0.084,0.081,0.084,0.082,0.082,0.081,0.082,0.088,0.089,0.206,0.126,0.44,0.31,0.11,0.089,0.097,0.088,0.458,0.792,0.088,0.091,0.092,0.088,0.092,0.297,0.161,0.092,0.342,0.089,0.406,0.439,0.093,0.09,0.537,0.329,0.086,0.163,0.305,0.134,0.089,0.091,0.109,0.54,0.09,0.089,0.087,0.087,0.092,0.089,0.088,0.087,0.089,0.087,0.088,0.088,0.086
,21:39:16,46,0.09,0.09,0.09,0.091,0.088,0.087,0.088,0.089,0.089,0.088,0.088,0.088,0.088,0.083,0.091,0.081,0.082,0.082,0.082,0.083,0.083,0.083,0.082,0.089,0.088,0.08,0.083,0.083,0.081,0.087,0.082,0.083,0.083,0.083,0.084,0.088,0.09,0.083,0.105,0.083,0.085,0.082,0.084,0.082,0.082,0.082,0.083,0.089,0.089,0.205,0.126,0.44,0.309,0.11,0.089,0.098,0.089,0.459,0.792,0.089,0.091,0.092,0.088,0.092,0.297,0.161,0.093,0.341,0.089,0.406,0.439,0.093,0.091,0.539,0.329,0.086,0.164,0.304,0.135,0.09,0.091,0.11,0.54,0.09,0.089,0.087,0.088,0.092,0.089,0.089,0.087,0.089,0.088,0.088,0.088,0.086
,21:44:16,46,0.089,0.089,0.09,0.091,0.088,0.087,0.088,0.089,0.089,0.088,0.088,0.087,0.088,0.083,0.091,0.081,0.082,0.082,0.082,0.083,0.083,0.083,0.082,0.088,0.088,0.079,0.083,0.082,0.081,0.086,0.082,0.083,0.082,0.082,0.083,0.088,0.089,0.084,0.106,0.083,0.084,0.082,0.084,0.082,0.082,0.082,0.082,0.088,0.089,0.205,0.125,0.44,0.309,0.11,0.089,0.098,0.089,0.46,0.792,0.089,0.091,0.092,0.088,0.092,0.296,0.161,0.093,0.341,0.089,0.406,0.438,0.093,0.09,0.538,0.329,0.086,0.164,0.304,0.136,0.09,0.091,0.11,0.54,0.09,0.089,0.087,0.087,0.092,0.089,0.089,0.087,0.089,0.087,0.088,0.088,0.086
,21:49:16,46,0.089,0.09,0.09,0.091,0.088,0.087,0.088,0.089,0.089,0.088,0.088,0.087,0.088,0.083,0.091,0.081,0.082,0.082,0.082,0.083,0.083,0.083,0.082,0.088,0.088,0.079,0.083,0.082,0.081,0.086,0.082,0.083,0.082,0.082,0.083,0.087,0.089,0.083,0.101,0.083,0.084,0.082,0.084,0.082,0.082,0.082,0.083,0.088,0.089,0.204,0.125,0.438,0.309,0.11,0.089,0.098,0.089,0.457,0.791,0.089,0.091,0.092,0.088,0.092,0.297,0.16,0.092,0.34,0.089,0.404,0.439,0.093,0.09,0.538,0.326,0.086,0.165,0.303,0.137,0.089,0.091,0.111,0.54,0.09,0.089,0.087,0.087,0.092,0.089,0.089,0.087,0.089,0.087,0.088,0.088,0.086
,21:54:16,46,0.09,0.09,0.09,0.091,0.088,0.087,0.088,0.089,0.089,0.088,0.088,0.087,0.087,0.083,0.091,0.081,0.082,0.082,0.082,0.083,0.083,0.083,0.082,0.088,0.088,0.079,0.083,0.082,0.081,0.087,0.082,0.083,0.083,0.082,0.083,0.088,0.089,0.083,0.106,0.083,0.084,0.082,0.084,0.082,0.082,0.082,0.082,0.088,0.089,0.203,0.125,0.438,0.307,0.11,0.089,0.098,0.089,0.458,0.792,0.089,0.091,0.092,0.088,0.092,0.294,0.16,0.093,0.34,0.089,0.404,0.438,0.093,0.09,0.537,0.323,0.086,0.165,0.303,0.138,0.09,0.091,0.111,0.54,0.09,0.089,0.087,0.087,0.092,0.089,0.089,0.087,0.089,0.088,0.088,0.088,0.086
,21:59:16,46,0.089,0.09,0.09,0.091,0.088,0.087,0.088,0.089,0.089,0.088,0.088,0.087,0.088,0.083,0.091,0.081,0.082,0.082,0.082,0.083,0.083,0.083,0.082,0.088,0.088,0.08,0.083,0.083,0.081,0.086,0.082,0.083,0.082,0.082,0.083,0.088,0.089,0.084,0.09,0.083,0.085,0.082,0.084,0.082,0.082,0.082,0.083,0.089,0.089,0.203,0.125,0.437,0.307,0.11,0.089,0.097,0.089,0.46,0.791,0.089,0.091,0.092,0.089,0.092,0.294,0.159,0.093,0.339,0.089,0.404,0.436,0.093,0.091,0.537,0.324,0.086,0.165,0.302,0.138,0.09,0.091,0.112,0.539,0.09,0.089,0.087,0.087,0.092,0.089,0.089,0.087,0.089,0.087,0.088,0.088,0.086
,22:04:16,46,0.089,0.09,0.09,0.091,0.088,0.087,0.088,0.089,0.089,0.088,0.088,0.087,0.088,0.083,0.091,0.081,0.082,0.082,0.082,0.083,0.083,0.083,0.082,0.088,0.088,0.079,0.083,0.082,0.081,0.086,0.082,0.083,0.082,0.082,0.084,0.087,0.089,0.084,0.104,0.083,0.085,0.082,0.084,0.082,0.082,0.082,0.082,0.088,0.089,0.203,0.124,0.437,0.307,0.11,0.089,0.097,0.088,0.458,0.791,0.088,0.091,0.092,0.088,0.092,0.294,0.159,0.092,0.338,0.089,0.403,0.436,0.093,0.09,0.538,0.321,0.086,0.164,0.303,0.14,0.09,0.091,0.112,0.54,0.09,0.089,0.087,0.087,0.092,0.089,0.089,0.087,0.089,0.087,0.088,0.088,0.086
,,,,,,,,,,,,,,,,,,,,,,,,,,,,,,,,,,,,,,,,,,,,,,,,,,,,,,,,,,,,,,,,,,,,,,,,,,,,,,,,,,,,,,,,,,,,,,,,,,
Results,,,,,,,,,,,,,,,,,,,,,,,,,,,,,,,,,,,,,,,,,,,,,,,,,,,,,,,,,,,,,,,,,,,,,,,,,,,,,,,,,,,,,,,,,,,,,,,,,,
,,,,,,,,,,,,,,,,,,,,,,,,,,,,,,,,,,,,,,,,,,,,,,,,,,,,,,,,,,,,,,,,,,,,,,,,,,,,,,,,,,,,,,,,,,,,,,,,,,
,,1,2,3,4,5,6,7,8,9,10,11,12,,,,,,,,,,,,,,,,,,,,,,,,,,,,,,,,,,,,,,,,,,,,,,,,,,,,,,,,,,,,,,,,,,,,,,,,,,,,,,,,,,,,,
,A,-0.032,0.026,-0.026,-0.04,-0.028,-0.112,-0.026,-0.036,-0.024,-0.024,0.024,0.322,Max V [600],,,,,,,,,,,,,,,,,,,,,,,,,,,,,,,,,,,,,,,,,,,,,,,,,,,,,,,,,,,,,,,,,,,,,,,,,,,,,,,,,,,,
,,0.688,0.88,0.579,0.787,0.925,0.621,0.497,0.953,0.571,0.973,0.655,0.506,R-Squared [600],,,,,,,,,,,,,,,,,,,,,,,,,,,,,,,,,,,,,,,,,,,,,,,,,,,,,,,,,,,,,,,,,,,,,,,,,,,,,,,,,,,,
,,0:14:16,7:04:16,0:14:16,0:14:16,0:19:16,0:14:16,8:49:16,0:14:16,16:29:16,0:19:16,7:04:16,13:34:16,t at Max V [600],,,,,,,,,,,,,,,,,,,,,,,,,,,,,,,,,,,,,,,,,,,,,,,,,,,,,,,,,,,,,,,,,,,,,,,,,,,,,,,,,,,,
,,?????,7:01:58,?????,?????,?????,?????,8:41:34,?????,16:35:56,0:11:46,7:16:46,13:30:32,Lagtime [600],,,,,,,,,,,,,,,,,,,,,,,,,,,,,,,,,,,,,,,,,,,,,,,,,,,,,,,,,,,,,,,,,,,,,,,,,,,,,,,,,,,,
,B,0.026,-0.086,0.032,-0.028,-0.032,-0.046,-0.026,0.026,-0.028,0.176,-0.03,-0.036,Max V [600],,,,,,,,,,,,,,,,,,,,,,,,,,,,,,,,,,,,,,,,,,,,,,,,,,,,,,,,,,,,,,,,,,,,,,,,,,,,,,,,,,,,
,,0.797,0.719,0.8,0.942,0.914,0.842,0.939,0.983,0.721,0.515,0.781,0.92,R-Squared [600],,,,,,,,,,,,,,,,,,,,,,,,,,,,,,,,,,,,,,,,,,,,,,,,,,,,,,,,,,,,,,,,,,,,,,,,,,,,,,,,,,,,
,,3:34:16,16:59:16,8:34:16,0:19:16,0:19:16,0:24:16,21:14:16,9:09:16,3:24:16,7:14:16,0:29:16,0:19:16,t at Max V [600],,,,,,,,,,,,,,,,,,,,,,,,,,,,,,,,,,,,,,,,,,,,,,,,,,,,,,,,,,,,,,,,,,,,,,,,,,,,,,,,,,,,
,,3:31:58,17:00:54,8:59:16,0:29:16,0:06:46,0:26:00,21:25:48,9:26:11,3:18:33,7:10:04,0:29:56,0:14:49,Lagtime [600],,,,,,,,,,,,,,,,,,,,,,,,,,,,,,,,,,,,,,,,,,,,,,,,,,,,,,,,,,,,,,,,,,,,,,,,,,,,,,,,,,,,
,C,-0.052,0.026,-0.02,-0.022,0.038,-0.358,0.028,-0.032,-0.026,0.306,-0.036,-0.024,Max V [600],,,,,,,,,,,,,,,,,,,,,,,,,,,,,,,,,,,,,,,,,,,,,,,,,,,,,,,,,,,,,,,,,,,,,,,,,,,,,,,,,,,,
,,0.61,0.768,0.403,0.55,0.799,0.944,0.671,0.771,0.509,0.81,0.786,0.72,R-Squared [600],,,,,,,,,,,,,,,,,,,,,,,,,,,,,,,,,,,,,,,,,,,,,,,,,,,,,,,,,,,,,,,,,,,,,,,,,,,,,,,,,,,,
,,0:24:16,16:54:16,18:14:16,0:34:16,2:04:16,0:14:16,8:39:16,16:29:16,17:49:16,0:14:16,14:29:16,2:49:16,t at Max V [600],,,,,,,,,,,,,,,,,,,,,,,,,,,,,,,,,,,,,,,,,,,,,,,,,,,,,,,,,,,,,,,,,,,,,,,,,,,,,,,,,,,,
,,0:25:48,16:54:16,18:15:16,0:25:11,2:21:38,?????,8:52:07,16:24:54,17:55:25,0:07:52,14:30:23,2:40:56,Lagtime [600],,,,,,,,,,,,,,,,,,,,,,,,,,,,,,,,,,,,,,,,,,,,,,,,,,,,,,,,,,,,,,,,,,,,,,,,,,,,,,,,,,,,
,D,0.022,0.064,1.43,-0.03,0.024,0.024,-0.038,-0.022,-0.028,0.032,-0.066,-0.032,Max V [600],,,,,,,,,,,,,,,,,,,,,,,,,,,,,,,,,,,,,,,,,,,,,,,,,,,,,,,,,,,,,,,,,,,,,,,,,,,,,,,,,,,,
,,0.917,0.742,0.777,0.423,0.692,0.947,0.711,0.917,0.891,0.696,0.899,0.727,R-Squared [600],,,,,,,,,,,,,,,,,,,,,,,,,,,,,,,,,,,,,,,,,,,,,,,,,,,,,,,,,,,,,,,,,,,,,,,,,,,,,,,,,,,,
,,3:34:16,19:24:16,12:24:16,6:24:16,4:49:16,11:04:16,0:19:16,0:24:16,13:14:16,17:29:16,15:04:16,0:19:16,t at Max V [600],,,,,,,,,,,,,,,,,,,,,,,,,,,,,,,,,,,,,,,,,,,,,,,,,,,,,,,,,,,,,,,,,,,,,,,,,,,,,,,,,,,,
,,3:55:11,19:08:39,12:14:52,6:26:16,4:56:46,10:40:56,0:27:41,0:22:27,13:21:25,17:22:24,15:06:41,0:11:46,Lagtime [600],,,,,,,,,,,,,,,,,,,,,,,,,,,,,,,,,,,,,,,,,,,,,,,,,,,,,,,,,,,,,,,,,,,,,,,,,,,,,,,,,,,,
,E,0.024,2.364,0.426,2.086,0.636,0.09,-0.032,-0.088,0.022,1.748,2.776,-0.028,Max V [600],,,,,,,,,,,,,,,,,,,,,,,,,,,,,,,,,,,,,,,,,,,,,,,,,,,,,,,,,,,,,,,,,,,,,,,,,,,,,,,,,,,,
,,0.766,0.958,0.859,0.998,0.966,0.997,0.941,0.927,0.756,0.998,1,0.925,R-Squared [600],,,,,,,,,,,,,,,,,,,,,,,,,,,,,,,,,,,,,,,,,,,,,,,,,,,,,,,,,,,,,,,,,,,,,,,,,,,,,,,,,,,,
,,14:34:16,18:19:16,16:39:16,4:34:16,10:04:16,2:54:16,0:19:16,0:34:16,10:04:16,5:24:16,3:54:16,0:19:16,t at Max V [600],,,,,,,,,,,,,,,,,,,,,,,,,,,,,,,,,,,,,,,,,,,,,,,,,,,,,,,,,,,,,,,,,,,,,,,,,,,,,,,,,,,,
,,14:45:56,17:50:03,14:45:48,2:31:56,5:25:37,1:30:16,0:11:09,0:06:46,10:04:16,2:36:13,2:13:21,0:09:59,Lagtime [600],,,,,,,,,,,,,,,,,,,,,,,,,,,,,,,,,,,,,,,,,,,,,,,,,,,,,,,,,,,,,,,,,,,,,,,,,,,,,,,,,,,,
,F,0.074,0.052,-0.03,-0.054,0.42,0.222,0.1,1.332,-0.032,1.322,2.178,0.028,Max V [600],,,,,,,,,,,,,,,,,,,,,,,,,,,,,,,,,,,,,,,,,,,,,,,,,,,,,,,,,,,,,,,,,,,,,,,,,,,,,,,,,,,,
,,0.866,0.845,0.771,0.935,0.984,0.991,0.972,0.998,0.711,0.996,0.998,0.79,R-Squared [600],,,,,,,,,,,,,,,,,,,,,,,,,,,,,,,,,,,,,,,,,,,,,,,,,,,,,,,,,,,,,,,,,,,,,,,,,,,,,,,,,,,,
,,0:44:16,0:24:16,1:34:16,0:14:16,14:44:16,13:04:16,2:29:16,6:14:16,0:19:16,8:14:16,4:29:16,8:34:16,t at Max V [600],,,,,,,,,,,,,,,,,,,,,,,,,,,,,,,,,,,,,,,,,,,,,,,,,,,,,,,,,,,,,,,,,,,,,,,,,,,,,,,,,,,,
,,0:34:48,0:35:48,1:16:16,?????,8:40:47,8:44:54,1:50:52,2:58:27,0:16:09,4:30:29,2:21:14,8:33:33,Lagtime [600],,,,,,,,,,,,,,,,,,,,,,,,,,,,,,,,,,,,,,,,,,,,,,,,,,,,,,,,,,,,,,,,,,,,,,,,,,,,,,,,,,,,
,G,-0.028,2.042,0.836,0.034,0.73,0.648,0.218,-0.03,0.044,0.098,1.41,0.024,Max V [600],,,,,,,,,,,,,,,,,,,,,,,,,,,,,,,,,,,,,,,,,,,,,,,,,,,,,,,,,,,,,,,,,,,,,,,,,,,,,,,,,,,,
,,0.731,0.998,0.969,0.903,0.996,0.803,0.982,0.893,0.818,0.909,0.997,0.837,R-Squared [600],,,,,,,,,,,,,,,,,,,,,,,,,,,,,,,,,,,,,,,,,,,,,,,,,,,,,,,,,,,,,,,,,,,,,,,,,,,,,,,,,,,,
,,15:09:16,9:24:16,19:54:16,11:04:16,2:09:16,14:49:16,21:34:16,0:14:16,0:44:16,21:29:16,8:59:16,3:34:16,t at Max V [600],,,,,,,,,,,,,,,,,,,,,,,,,,,,,,,,,,,,,,,,,,,,,,,,,,,,,,,,,,,,,,,,,,,,,,,,,,,,,,,,,,,,
,,14:47:07,6:18:44,15:04:15,11:21:55,1:20:32,8:22:32,18:19:46,?????,0:43:21,18:52:07,5:14:45,3:40:06,Lagtime [600],,,,,,,,,,,,,,,,,,,,,,,,,,,,,,,,,,,,,,,,,,,,,,,,,,,,,,,,,,,,,,,,,,,,,,,,,,,,,,,,,,,,
,H,-0.024,-0.024,-0.04,0.03,0.028,0.032,0.024,0.022,-0.022,0.024,0.022,-0.028,Max V [600],,,,,,,,,,,,,,,,,,,,,,,,,,,,,,,,,,,,,,,,,,,,,,,,,,,,,,,,,,,,,,,,,,,,,,,,,,,,,,,,,,,,
,,0.571,0.72,0.847,0.84,0.98,0.889,0.837,0.945,0.672,0.621,0.796,0.754,R-Squared [600],,,,,,,,,,,,,,,,,,,,,,,,,,,,,,,,,,,,,,,,,,,,,,,,,,,,,,,,,,,,,,,,,,,,,,,,,,,,,,,,,,,,
,,17:49:16,3:19:16,1:34:16,7:04:16,3:34:16,13:54:16,11:09:16,11:09:16,16:19:16,4:44:16,11:09:16,21:14:16,t at Max V [600],,,,,,,,,,,,,,,,,,,,,,,,,,,,,,,,,,,,,,,,,,,,,,,,,,,,,,,,,,,,,,,,,,,,,,,,,,,,,,,,,,,,
,,17:09:16,3:40:06,1:43:16,6:50:16,3:34:16,14:04:16,10:59:16,11:01:05,16:23:49,4:41:46,10:57:27,20:17:07,Lagtime [600],,,,,,,,,,,,,,,,,,,,,,,,,,,,,,,,,,,,,,,,,,,,,,,,,,,,,,,,,,,,,,,,,,,,,,,,,,,,,,,,,,,,
