Software Version,3.11.19,,,,,,,,,,,,,,,,,,,,,,,,,,,,,,,,,,,,,,,,,,,,,,,,,,,,,,,,,,,,,,,,,,,,,,,,,,,,,,,,,,,,,,,,,,,,,,,,,
,,,,,,,,,,,,,,,,,,,,,,,,,,,,,,,,,,,,,,,,,,,,,,,,,,,,,,,,,,,,,,,,,,,,,,,,,,,,,,,,,,,,,,,,,,,,,,,,,,
Experiment File Path:,C:\Users\Public\Documents\Experiments\Experiment1.xpt,,,,,,,,,,,,,,,,,,,,,,,,,,,,,,,,,,,,,,,,,,,,,,,,,,,,,,,,,,,,,,,,,,,,,,,,,,,,,,,,,,,,,,,,,,,,,,,,,
Protocol File Path:,C:\Users\aljelab\Documents\Plate Reader Data\Edward Liu\PROT\RIFRxT 47c.prt,,,,,,,,,,,,,,,,,,,,,,,,,,,,,,,,,,,,,,,,,,,,,,,,,,,,,,,,,,,,,,,,,,,,,,,,,,,,,,,,,,,,,,,,,,,,,,,,,
Plate Number,Plate 1,,,,,,,,,,,,,,,,,,,,,,,,,,,,,,,,,,,,,,,,,,,,,,,,,,,,,,,,,,,,,,,,,,,,,,,,,,,,,,,,,,,,,,,,,,,,,,,,,
Date,18/06/2026,,,,,,,,,,,,,,,,,,,,,,,,,,,,,,,,,,,,,,,,,,,,,,,,,,,,,,,,,,,,,,,,,,,,,,,,,,,,,,,,,,,,,,,,,,,,,,,,,
Time,10:44:19 AM,,,,,,,,,,,,,,,,,,,,,,,,,,,,,,,,,,,,,,,,,,,,,,,,,,,,,,,,,,,,,,,,,,,,,,,,,,,,,,,,,,,,,,,,,,,,,,,,,
Reader Type:,Epoch 2,,,,,,,,,,,,,,,,,,,,,,,,,,,,,,,,,,,,,,,,,,,,,,,,,,,,,,,,,,,,,,,,,,,,,,,,,,,,,,,,,,,,,,,,,,,,,,,,,
Reader Serial Number:,1411241A,,,,,,,,,,,,,,,,,,,,,,,,,,,,,,,,,,,,,,,,,,,,,,,,,,,,,,,,,,,,,,,,,,,,,,,,,,,,,,,,,,,,,,,,,,,,,,,,,
Reading Type,Reader,,,,,,,,,,,,,,,,,,,,,,,,,,,,,,,,,,,,,,,,,,,,,,,,,,,,,,,,,,,,,,,,,,,,,,,,,,,,,,,,,,,,,,,,,,,,,,,,,
,,,,,,,,,,,,,,,,,,,,,,,,,,,,,,,,,,,,,,,,,,,,,,,,,,,,,,,,,,,,,,,,,,,,,,,,,,,,,,,,,,,,,,,,,,,,,,,,,,
Procedure Details,,,,,,,,,,,,,,,,,,,,,,,,,,,,,,,,,,,,,,,,,,,,,,,,,,,,,,,,,,,,,,,,,,,,,,,,,,,,,,,,,,,,,,,,,,,,,,,,,,
Plate Type,96 WELL PLATE (Use plate lid),,,,,,,,,,,,,,,,,,,,,,,,,,,,,,,,,,,,,,,,,,,,,,,,,,,,,,,,,,,,,,,,,,,,,,,,,,,,,,,,,,,,,,,,,,,,,,,,,
Eject plate on completion,,,,,,,,,,,,,,,,,,,,,,,,,,,,,,,,,,,,,,,,,,,,,,,,,,,,,,,,,,,,,,,,,,,,,,,,,,,,,,,,,,,,,,,,,,,,,,,,,,
Set Temperature,"Setpoint 47°C, Gradient 0 °C",,,,,,,,,,,,,,,,,,,,,,,,,,,,,,,,,,,,,,,,,,,,,,,,,,,,,,,,,,,,,,,,,,,,,,,,,,,,,,,,,,,,,,,,,,,,,,,,,
,Preheat before moving to next step,,,,,,,,,,,,,,,,,,,,,,,,,,,,,,,,,,,,,,,,,,,,,,,,,,,,,,,,,,,,,,,,,,,,,,,,,,,,,,,,,,,,,,,,,,,,,,,,,
Start Kinetic,"Runtime 22:00:00 (HH:MM:SS), Interval 0:05:00, 265 Reads",,,,,,,,,,,,,,,,,,,,,,,,,,,,,,,,,,,,,,,,,,,,,,,,,,,,,,,,,,,,,,,,,,,,,,,,,,,,,,,,,,,,,,,,,,,,,,,,,
    Shake,Linear: Continuous,,,,,,,,,,,,,,,,,,,,,,,,,,,,,,,,,,,,,,,,,,,,,,,,,,,,,,,,,,,,,,,,,,,,,,,,,,,,,,,,,,,,,,,,,,,,,,,,,
,Frequency: 567 cpm (3 mm),,,,,,,,,,,,,,,,,,,,,,,,,,,,,,,,,,,,,,,,,,,,,,,,,,,,,,,,,,,,,,,,,,,,,,,,,,,,,,,,,,,,,,,,,,,,,,,,,
    Read,Absorbance Endpoint,,,,,,,,,,,,,,,,,,,,,,,,,,,,,,,,,,,,,,,,,,,,,,,,,,,,,,,,,,,,,,,,,,,,,,,,,,,,,,,,,,,,,,,,,,,,,,,,,
,Full Plate,,,,,,,,,,,,,,,,,,,,,,,,,,,,,,,,,,,,,,,,,,,,,,,,,,,,,,,,,,,,,,,,,,,,,,,,,,,,,,,,,,,,,,,,,,,,,,,,,
,Wavelengths:  600,,,,,,,,,,,,,,,,,,,,,,,,,,,,,,,,,,,,,,,,,,,,,,,,,,,,,,,,,,,,,,,,,,,,,,,,,,,,,,,,,,,,,,,,,,,,,,,,,
,"Read Speed: Normal,  Delay: 100 msec,  Measurements/Data Point: 8",,,,,,,,,,,,,,,,,,,,,,,,,,,,,,,,,,,,,,,,,,,,,,,,,,,,,,,,,,,,,,,,,,,,,,,,,,,,,,,,,,,,,,,,,,,,,,,,,
End Kinetic,,,,,,,,,,,,,,,,,,,,,,,,,,,,,,,,,,,,,,,,,,,,,,,,,,,,,,,,,,,,,,,,,,,,,,,,,,,,,,,,,,,,,,,,,,,,,,,,,,
,,,,,,,,,,,,,,,,,,,,,,,,,,,,,,,,,,,,,,,,,,,,,,,,,,,,,,,,,,,,,,,,,,,,,,,,,,,,,,,,,,,,,,,,,,,,,,,,,,
600,,,,,,,,,,,,,,,,,,,,,,,,,,,,,,,,,,,,,,,,,,,,,,,,,,,,,,,,,,,,,,,,,,,,,,,,,,,,,,,,,,,,,,,,,,,,,,,,,,
,,,,,,,,,,,,,,,,,,,,,,,,,,,,,,,,,,,,,,,,,,,,,,,,,,,,,,,,,,,,,,,,,,,,,,,,,,,,,,,,,,,,,,,,,,,,,,,,,,
,Time,T° 600,A1,A2,A3,A4,A5,A6,A7,A8,A9,A10,A11,A12,B1,B2,B3,B4,B5,B6,B7,B8,B9,B10,B11,B12,C1,C2,C3,C4,C5,C6,C7,C8,C9,C10,C11,C12,D1,D2,D3,D4,D5,D6,D7,D8,D9,D10,D11,D12,E1,E2,E3,E4,E5,E6,E7,E8,E9,E10,E11,E12,F1,F2,F3,F4,F5,F6,F7,F8,F9,F10,F11,F12,G1,G2,G3,G4,G5,G6,G7,G8,G9,G10,G11,G12,H1,H2,H3,H4,H5,H6,H7,H8,H9,H10,H11,H12
,0:04:16,46.9,0.09,0.088,0.086,0.087,0.088,0.087,0.086,0.088,0.089,0.088,0.088,0.088,0.089,0.102,0.109,0.097,0.089,0.093,0.09,0.087,0.09,0.088,0.091,0.088,0.093,0.091,0.084,0.093,0.091,0.096,0.087,0.096,0.086,0.086,0.091,0.088,0.088,0.109,0.084,0.093,0.107,0.086,0.101,0.092,0.092,0.086,0.086,0.088,0.088,0.102,0.101,0.092,0.092,0.097,0.094,0.097,0.094,0.097,0.102,0.089,0.088,0.093,0.089,0.091,0.094,0.095,0.091,0.098,0.097,0.095,0.095,0.093,0.089,0.096,0.091,0.096,0.093,0.096,0.095,0.093,0.094,0.098,0.092,0.089,0.088,0.089,0.087,0.088,0.089,0.088,0.087,0.088,0.087,0.087,0.09,0.087
,0:09:16,46.9,0.089,0.088,0.086,0.087,0.089,0.087,0.086,0.087,0.089,0.087,0.087,0.088,0.088,0.102,0.11,0.096,0.089,0.093,0.09,0.087,0.09,0.087,0.095,0.088,0.092,0.091,0.084,0.092,0.09,0.095,0.087,0.096,0.086,0.086,0.091,0.087,0.088,0.106,0.084,0.093,0.106,0.086,0.102,0.091,0.092,0.086,0.086,0.088,0.087,0.103,0.1,0.092,0.092,0.097,0.094,0.097,0.094,0.096,0.102,0.089,0.087,0.093,0.089,0.091,0.094,0.095,0.091,0.098,0.097,0.095,0.095,0.093,0.089,0.096,0.091,0.096,0.093,0.096,0.093,0.092,0.093,0.097,0.092,0.089,0.087,0.089,0.087,0.088,0.089,0.088,0.086,0.088,0.087,0.087,0.09,0.087
,0:14:16,47,0.089,0.088,0.086,0.086,0.088,0.087,0.086,0.087,0.089,0.087,0.087,0.087,0.088,0.103,0.111,0.097,0.089,0.093,0.09,0.087,0.09,0.087,0.096,0.088,0.092,0.091,0.084,0.092,0.091,0.096,0.087,0.096,0.086,0.086,0.091,0.087,0.088,0.107,0.083,0.093,0.107,0.086,0.102,0.091,0.092,0.086,0.086,0.088,0.087,0.104,0.101,0.092,0.092,0.097,0.095,0.097,0.094,0.097,0.102,0.089,0.087,0.093,0.089,0.091,0.094,0.095,0.091,0.098,0.098,0.095,0.095,0.093,0.088,0.096,0.091,0.096,0.093,0.096,0.094,0.093,0.094,0.098,0.091,0.089,0.087,0.088,0.087,0.088,0.089,0.087,0.086,0.088,0.087,0.087,0.089,0.087
,0:19:16,47,0.089,0.088,0.086,0.087,0.088,0.087,0.086,0.088,0.089,0.087,0.087,0.088,0.088,0.104,0.111,0.098,0.089,0.094,0.091,0.087,0.091,0.087,0.096,0.088,0.092,0.092,0.084,0.093,0.092,0.097,0.088,0.097,0.086,0.086,0.092,0.087,0.088,0.109,0.084,0.094,0.108,0.086,0.104,0.092,0.093,0.086,0.086,0.088,0.087,0.106,0.102,0.092,0.092,0.098,0.096,0.098,0.094,0.098,0.103,0.089,0.087,0.094,0.089,0.091,0.095,0.095,0.091,0.1,0.098,0.096,0.096,0.093,0.089,0.097,0.091,0.097,0.094,0.097,0.095,0.093,0.094,0.098,0.092,0.089,0.087,0.088,0.087,0.088,0.089,0.088,0.086,0.088,0.087,0.087,0.09,0.087
,0:24:16,47,0.089,0.088,0.086,0.087,0.088,0.087,0.086,0.087,0.089,0.087,0.087,0.087,0.088,0.105,0.113,0.098,0.09,0.095,0.092,0.087,0.091,0.087,0.097,0.088,0.092,0.093,0.084,0.093,0.092,0.098,0.088,0.098,0.086,0.086,0.092,0.087,0.088,0.11,0.084,0.094,0.109,0.086,0.105,0.092,0.094,0.086,0.086,0.088,0.087,0.108,0.103,0.092,0.093,0.099,0.097,0.098,0.094,0.098,0.104,0.089,0.087,0.095,0.088,0.091,0.095,0.095,0.092,0.101,0.099,0.096,0.096,0.093,0.088,0.098,0.091,0.098,0.094,0.098,0.096,0.094,0.095,0.098,0.092,0.089,0.087,0.088,0.087,0.088,0.089,0.087,0.086,0.088,0.087,0.087,0.089,0.087
,0:29:16,46.9,0.089,0.088,0.086,0.086,0.088,0.087,0.086,0.088,0.089,0.087,0.087,0.088,0.088,0.106,0.114,0.1,0.09,0.096,0.093,0.087,0.091,0.088,0.098,0.088,0.092,0.094,0.084,0.094,0.093,0.099,0.089,0.099,0.087,0.086,0.093,0.087,0.088,0.113,0.084,0.095,0.111,0.087,0.107,0.093,0.095,0.087,0.087,0.088,0.087,0.111,0.104,0.093,0.093,0.101,0.098,0.099,0.094,0.102,0.106,0.089,0.087,0.096,0.089,0.092,0.096,0.096,0.092,0.103,0.1,0.097,0.097,0.093,0.088,0.1,0.092,0.099,0.095,0.1,0.097,0.095,0.096,0.099,0.093,0.09,0.087,0.088,0.087,0.088,0.089,0.088,0.086,0.088,0.087,0.087,0.09,0.087
,0:34:16,46.9,0.089,0.088,0.086,0.086,0.088,0.087,0.086,0.088,0.089,0.087,0.087,0.088,0.088,0.107,0.116,0.101,0.091,0.096,0.094,0.088,0.092,0.088,0.098,0.088,0.092,0.094,0.084,0.094,0.093,0.1,0.089,0.1,0.087,0.086,0.093,0.088,0.088,0.117,0.084,0.096,0.113,0.087,0.109,0.093,0.096,0.086,0.087,0.088,0.087,0.113,0.106,0.094,0.094,0.102,0.1,0.099,0.095,0.101,0.108,0.089,0.087,0.097,0.089,0.093,0.096,0.096,0.093,0.104,0.101,0.098,0.098,0.093,0.088,0.101,0.092,0.1,0.095,0.101,0.098,0.096,0.097,0.1,0.093,0.089,0.087,0.088,0.086,0.088,0.089,0.088,0.086,0.088,0.087,0.087,0.089,0.087
,0:39:16,46.9,0.089,0.087,0.086,0.086,0.088,0.086,0.086,0.087,0.089,0.087,0.087,0.087,0.088,0.109,0.118,0.102,0.092,0.097,0.094,0.088,0.092,0.088,0.099,0.087,0.092,0.095,0.083,0.095,0.094,0.101,0.089,0.1,0.087,0.086,0.094,0.087,0.087,0.115,0.085,0.096,0.114,0.087,0.11,0.093,0.096,0.086,0.087,0.088,0.087,0.115,0.107,0.094,0.094,0.104,0.101,0.1,0.095,0.103,0.11,0.089,0.087,0.098,0.088,0.093,0.097,0.097,0.093,0.106,0.102,0.099,0.098,0.093,0.088,0.103,0.093,0.101,0.096,0.102,0.099,0.097,0.098,0.1,0.094,0.089,0.087,0.088,0.087,0.088,0.089,0.087,0.086,0.088,0.087,0.087,0.089,0.086
,0:44:16,46.9,0.089,0.087,0.086,0.086,0.088,0.086,0.086,0.087,0.089,0.087,0.087,0.087,0.088,0.111,0.119,0.104,0.092,0.097,0.095,0.088,0.092,0.088,0.1,0.088,0.092,0.096,0.083,0.095,0.094,0.102,0.09,0.101,0.087,0.087,0.095,0.087,0.088,0.116,0.085,0.096,0.116,0.087,0.112,0.094,0.097,0.087,0.088,0.088,0.087,0.118,0.109,0.095,0.095,0.106,0.103,0.101,0.095,0.104,0.112,0.089,0.087,0.1,0.088,0.093,0.098,0.098,0.094,0.108,0.104,0.101,0.099,0.093,0.088,0.104,0.093,0.102,0.096,0.104,0.101,0.099,0.099,0.101,0.094,0.089,0.087,0.088,0.086,0.088,0.089,0.087,0.086,0.088,0.087,0.087,0.089,0.087
,0:49:16,47,0.089,0.087,0.086,0.086,0.088,0.086,0.086,0.087,0.089,0.087,0.087,0.087,0.088,0.112,0.12,0.104,0.092,0.098,0.095,0.088,0.093,0.089,0.101,0.087,0.092,0.096,0.083,0.095,0.095,0.103,0.09,0.102,0.087,0.087,0.095,0.087,0.088,0.117,0.085,0.097,0.117,0.087,0.114,0.094,0.098,0.087,0.088,0.088,0.087,0.122,0.111,0.096,0.096,0.108,0.105,0.102,0.095,0.106,0.114,0.089,0.087,0.102,0.088,0.094,0.099,0.099,0.094,0.111,0.105,0.102,0.1,0.093,0.088,0.106,0.094,0.102,0.097,0.106,0.102,0.099,0.1,0.103,0.095,0.089,0.087,0.088,0.086,0.088,0.089,0.087,0.086,0.088,0.087,0.087,0.089,0.087
,0:54:16,47,0.089,0.087,0.085,0.086,0.088,0.086,0.086,0.087,0.089,0.087,0.087,0.087,0.088,0.112,0.121,0.105,0.093,0.098,0.096,0.088,0.093,0.089,0.101,0.088,0.092,0.096,0.083,0.096,0.095,0.104,0.091,0.103,0.087,0.087,0.096,0.087,0.088,0.118,0.085,0.097,0.117,0.088,0.114,0.094,0.098,0.087,0.089,0.088,0.087,0.126,0.113,0.096,0.096,0.111,0.107,0.102,0.096,0.109,0.117,0.089,0.087,0.103,0.088,0.095,0.099,0.099,0.095,0.113,0.107,0.103,0.101,0.093,0.088,0.109,0.095,0.103,0.098,0.108,0.104,0.101,0.101,0.103,0.096,0.089,0.087,0.088,0.086,0.088,0.089,0.087,0.086,0.088,0.087,0.087,0.089,0.087
,0:59:16,46.9,0.089,0.087,0.086,0.086,0.088,0.086,0.086,0.087,0.089,0.087,0.087,0.087,0.088,0.113,0.121,0.105,0.093,0.099,0.096,0.089,0.094,0.089,0.102,0.087,0.092,0.097,0.083,0.096,0.095,0.104,0.091,0.103,0.088,0.087,0.096,0.087,0.088,0.118,0.085,0.098,0.118,0.088,0.115,0.094,0.099,0.087,0.088,0.088,0.087,0.131,0.116,0.097,0.097,0.114,0.11,0.103,0.096,0.112,0.12,0.089,0.087,0.105,0.088,0.095,0.101,0.1,0.096,0.117,0.109,0.105,0.102,0.093,0.088,0.112,0.096,0.104,0.099,0.111,0.107,0.102,0.103,0.103,0.097,0.089,0.087,0.088,0.086,0.088,0.089,0.087,0.086,0.088,0.087,0.087,0.089,0.087
,1:04:16,46.9,0.089,0.087,0.086,0.086,0.088,0.086,0.086,0.087,0.089,0.087,0.087,0.087,0.088,0.114,0.122,0.105,0.093,0.099,0.096,0.089,0.093,0.089,0.103,0.088,0.092,0.097,0.083,0.096,0.095,0.105,0.091,0.103,0.088,0.087,0.097,0.087,0.087,0.119,0.085,0.097,0.118,0.088,0.115,0.094,0.099,0.087,0.088,0.088,0.087,0.135,0.118,0.098,0.098,0.117,0.113,0.104,0.096,0.115,0.124,0.089,0.087,0.107,0.088,0.096,0.102,0.101,0.097,0.12,0.111,0.107,0.103,0.093,0.088,0.114,0.097,0.105,0.1,0.113,0.11,0.103,0.105,0.104,0.098,0.089,0.088,0.088,0.086,0.088,0.089,0.087,0.086,0.088,0.087,0.087,0.089,0.087
,1:09:16,46.9,0.089,0.087,0.085,0.086,0.088,0.086,0.086,0.087,0.089,0.087,0.087,0.087,0.088,0.113,0.123,0.105,0.093,0.099,0.097,0.089,0.093,0.09,0.104,0.087,0.092,0.097,0.083,0.096,0.095,0.104,0.091,0.103,0.088,0.087,0.097,0.087,0.088,0.119,0.085,0.097,0.119,0.088,0.116,0.095,0.099,0.087,0.089,0.087,0.087,0.14,0.121,0.099,0.099,0.12,0.116,0.105,0.096,0.119,0.128,0.089,0.086,0.11,0.088,0.096,0.104,0.102,0.097,0.124,0.113,0.109,0.104,0.093,0.088,0.117,0.098,0.105,0.1,0.116,0.112,0.105,0.106,0.104,0.099,0.089,0.087,0.088,0.086,0.088,0.089,0.087,0.086,0.088,0.087,0.086,0.089,0.086
,1:14:16,47,0.089,0.088,0.086,0.086,0.088,0.086,0.086,0.087,0.089,0.087,0.087,0.087,0.088,0.114,0.123,0.106,0.094,0.099,0.097,0.089,0.094,0.09,0.104,0.087,0.092,0.097,0.083,0.096,0.095,0.105,0.092,0.103,0.088,0.088,0.097,0.087,0.088,0.12,0.086,0.097,0.119,0.088,0.116,0.095,0.1,0.087,0.089,0.088,0.087,0.146,0.124,0.1,0.1,0.124,0.12,0.106,0.096,0.124,0.133,0.089,0.086,0.112,0.088,0.098,0.105,0.104,0.099,0.128,0.116,0.112,0.105,0.093,0.088,0.121,0.099,0.106,0.102,0.12,0.116,0.106,0.109,0.106,0.101,0.089,0.087,0.088,0.086,0.088,0.089,0.087,0.086,0.088,0.087,0.087,0.089,0.087
,1:19:16,47,0.089,0.087,0.085,0.086,0.088,0.086,0.086,0.087,0.089,0.087,0.087,0.087,0.088,0.114,0.123,0.106,0.093,0.099,0.097,0.089,0.093,0.09,0.105,0.087,0.091,0.097,0.083,0.096,0.095,0.105,0.091,0.104,0.088,0.087,0.097,0.087,0.087,0.12,0.085,0.097,0.119,0.088,0.116,0.094,0.1,0.087,0.089,0.087,0.087,0.152,0.127,0.102,0.101,0.128,0.124,0.107,0.096,0.128,0.139,0.089,0.087,0.115,0.088,0.099,0.106,0.105,0.1,0.132,0.119,0.115,0.107,0.093,0.088,0.125,0.101,0.107,0.103,0.123,0.119,0.107,0.111,0.107,0.102,0.091,0.087,0.088,0.086,0.088,0.088,0.087,0.086,0.088,0.087,0.087,0.089,0.087
,1:24:16,46.9,0.089,0.087,0.086,0.086,0.088,0.086,0.086,0.087,0.089,0.087,0.087,0.087,0.088,0.114,0.124,0.106,0.094,0.099,0.097,0.089,0.094,0.09,0.105,0.088,0.092,0.097,0.083,0.096,0.095,0.105,0.092,0.104,0.088,0.088,0.098,0.087,0.088,0.12,0.085,0.097,0.119,0.088,0.116,0.095,0.1,0.087,0.089,0.088,0.087,0.159,0.131,0.103,0.103,0.132,0.129,0.108,0.097,0.134,0.145,0.089,0.087,0.117,0.088,0.099,0.108,0.107,0.101,0.137,0.122,0.118,0.109,0.093,0.088,0.129,0.102,0.107,0.104,0.126,0.123,0.109,0.114,0.108,0.104,0.089,0.087,0.088,0.086,0.088,0.088,0.087,0.086,0.088,0.087,0.087,0.089,0.087
,1:29:16,47,0.089,0.087,0.086,0.086,0.088,0.086,0.086,0.087,0.089,0.087,0.087,0.087,0.088,0.114,0.124,0.106,0.094,0.099,0.097,0.089,0.094,0.09,0.106,0.087,0.092,0.097,0.083,0.096,0.095,0.105,0.091,0.104,0.088,0.088,0.098,0.087,0.088,0.12,0.086,0.097,0.12,0.088,0.116,0.094,0.1,0.087,0.089,0.088,0.087,0.167,0.134,0.104,0.104,0.136,0.134,0.109,0.097,0.141,0.151,0.089,0.087,0.119,0.088,0.1,0.11,0.109,0.102,0.143,0.125,0.12,0.111,0.093,0.088,0.133,0.104,0.107,0.105,0.13,0.127,0.11,0.117,0.109,0.107,0.089,0.087,0.088,0.086,0.088,0.088,0.087,0.086,0.088,0.087,0.087,0.089,0.087
,1:34:16,47,0.089,0.087,0.086,0.086,0.088,0.086,0.086,0.087,0.089,0.087,0.087,0.087,0.088,0.115,0.124,0.106,0.094,0.099,0.097,0.089,0.094,0.09,0.106,0.087,0.092,0.097,0.083,0.096,0.095,0.105,0.091,0.103,0.088,0.088,0.098,0.088,0.088,0.12,0.086,0.097,0.12,0.088,0.116,0.094,0.1,0.087,0.09,0.088,0.087,0.174,0.138,0.105,0.105,0.14,0.139,0.111,0.097,0.148,0.159,0.089,0.086,0.122,0.088,0.101,0.112,0.11,0.103,0.148,0.13,0.124,0.112,0.092,0.088,0.138,0.106,0.107,0.107,0.133,0.131,0.112,0.12,0.11,0.109,0.089,0.087,0.088,0.086,0.088,0.088,0.087,0.086,0.088,0.087,0.086,0.089,0.087
,1:39:16,47,0.089,0.087,0.086,0.086,0.088,0.086,0.086,0.087,0.089,0.087,0.087,0.087,0.088,0.115,0.124,0.106,0.094,0.099,0.097,0.089,0.094,0.09,0.107,0.087,0.092,0.097,0.083,0.096,0.095,0.105,0.091,0.103,0.088,0.088,0.098,0.087,0.088,0.12,0.086,0.097,0.12,0.088,0.116,0.094,0.1,0.087,0.09,0.088,0.087,0.181,0.141,0.107,0.106,0.146,0.144,0.112,0.097,0.155,0.166,0.089,0.086,0.125,0.088,0.102,0.115,0.112,0.108,0.154,0.134,0.127,0.114,0.093,0.088,0.143,0.108,0.108,0.109,0.137,0.136,0.113,0.124,0.111,0.112,0.089,0.087,0.088,0.086,0.088,0.088,0.087,0.086,0.088,0.087,0.087,0.089,0.087
,1:44:16,46.9,0.089,0.088,0.086,0.086,0.088,0.087,0.086,0.088,0.089,0.087,0.087,0.088,0.088,0.115,0.125,0.107,0.094,0.1,0.097,0.089,0.094,0.09,0.107,0.088,0.092,0.098,0.083,0.097,0.096,0.105,0.092,0.104,0.088,0.088,0.099,0.087,0.088,0.12,0.086,0.097,0.12,0.089,0.116,0.095,0.1,0.088,0.09,0.088,0.087,0.188,0.145,0.109,0.108,0.15,0.15,0.113,0.098,0.164,0.176,0.089,0.087,0.128,0.088,0.103,0.117,0.114,0.107,0.16,0.138,0.131,0.116,0.093,0.088,0.149,0.111,0.109,0.11,0.14,0.142,0.115,0.128,0.113,0.116,0.089,0.088,0.088,0.086,0.088,0.089,0.087,0.086,0.088,0.087,0.087,0.089,0.087
,1:49:16,46.9,0.089,0.087,0.085,0.086,0.088,0.086,0.086,0.088,0.089,0.087,0.087,0.088,0.088,0.115,0.124,0.106,0.094,0.1,0.097,0.089,0.094,0.091,0.107,0.087,0.092,0.097,0.083,0.097,0.095,0.105,0.092,0.104,0.088,0.088,0.099,0.087,0.088,0.12,0.086,0.097,0.12,0.088,0.116,0.095,0.1,0.087,0.09,0.088,0.087,0.193,0.149,0.11,0.11,0.155,0.157,0.115,0.098,0.173,0.184,0.089,0.087,0.13,0.088,0.104,0.119,0.116,0.108,0.166,0.143,0.135,0.117,0.093,0.088,0.155,0.114,0.11,0.112,0.144,0.147,0.116,0.132,0.114,0.119,0.089,0.087,0.088,0.086,0.088,0.089,0.087,0.086,0.088,0.087,0.087,0.089,0.087
,1:54:16,47,0.089,0.087,0.086,0.086,0.088,0.087,0.086,0.087,0.089,0.087,0.087,0.088,0.088,0.115,0.124,0.106,0.094,0.1,0.097,0.089,0.094,0.091,0.108,0.087,0.092,0.097,0.083,0.096,0.095,0.105,0.092,0.104,0.088,0.088,0.099,0.087,0.088,0.12,0.085,0.097,0.12,0.088,0.116,0.094,0.1,0.088,0.09,0.088,0.087,0.196,0.153,0.112,0.111,0.159,0.163,0.116,0.098,0.179,0.192,0.089,0.087,0.132,0.088,0.104,0.122,0.118,0.112,0.172,0.148,0.139,0.119,0.093,0.088,0.161,0.116,0.109,0.114,0.147,0.153,0.117,0.137,0.115,0.123,0.089,0.087,0.088,0.086,0.088,0.089,0.087,0.086,0.088,0.087,0.087,0.089,0.087
,1:59:16,46.9,0.089,0.087,0.086,0.086,0.087,0.086,0.086,0.087,0.089,0.087,0.087,0.088,0.088,0.115,0.124,0.106,0.094,0.099,0.097,0.089,0.094,0.091,0.108,0.087,0.092,0.097,0.083,0.096,0.095,0.105,0.092,0.104,0.088,0.088,0.099,0.087,0.088,0.12,0.086,0.097,0.121,0.088,0.116,0.094,0.101,0.087,0.09,0.088,0.087,0.2,0.156,0.113,0.113,0.16,0.169,0.118,0.098,0.182,0.194,0.088,0.086,0.135,0.088,0.105,0.124,0.12,0.117,0.175,0.153,0.143,0.121,0.092,0.088,0.164,0.12,0.109,0.116,0.151,0.159,0.119,0.142,0.118,0.128,0.089,0.087,0.088,0.086,0.088,0.088,0.087,0.086,0.088,0.087,0.086,0.089,0.087
,2:04:16,47,0.089,0.087,0.086,0.086,0.088,0.086,0.086,0.087,0.089,0.087,0.087,0.087,0.088,0.115,0.124,0.106,0.094,0.1,0.097,0.089,0.094,0.091,0.109,0.088,0.092,0.097,0.083,0.097,0.095,0.105,0.092,0.104,0.088,0.088,0.099,0.087,0.088,0.12,0.085,0.097,0.12,0.088,0.116,0.095,0.101,0.088,0.09,0.088,0.087,0.203,0.16,0.116,0.116,0.162,0.172,0.12,0.098,0.187,0.197,0.089,0.087,0.137,0.088,0.106,0.127,0.122,0.114,0.177,0.159,0.148,0.122,0.093,0.088,0.166,0.122,0.11,0.118,0.154,0.163,0.12,0.147,0.119,0.133,0.089,0.087,0.088,0.086,0.088,0.088,0.087,0.086,0.088,0.087,0.087,0.089,0.087
,2:09:16,47,0.089,0.088,0.086,0.086,0.088,0.087,0.086,0.088,0.089,0.087,0.087,0.088,0.088,0.116,0.125,0.107,0.094,0.1,0.097,0.089,0.095,0.091,0.109,0.088,0.092,0.098,0.083,0.097,0.095,0.105,0.092,0.104,0.088,0.088,0.099,0.088,0.088,0.12,0.086,0.097,0.12,0.088,0.116,0.095,0.101,0.088,0.09,0.088,0.087,0.208,0.163,0.118,0.118,0.164,0.175,0.122,0.099,0.193,0.201,0.089,0.087,0.14,0.088,0.108,0.13,0.124,0.116,0.179,0.164,0.152,0.125,0.093,0.088,0.167,0.127,0.111,0.121,0.157,0.165,0.122,0.154,0.12,0.139,0.089,0.087,0.088,0.086,0.088,0.089,0.087,0.086,0.088,0.087,0.087,0.089,0.087
,2:14:16,47,0.089,0.087,0.086,0.086,0.088,0.086,0.086,0.087,0.089,0.087,0.087,0.088,0.088,0.116,0.125,0.107,0.094,0.1,0.097,0.089,0.095,0.091,0.109,0.087,0.092,0.097,0.083,0.097,0.095,0.105,0.092,0.104,0.088,0.088,0.099,0.087,0.088,0.12,0.086,0.097,0.12,0.088,0.116,0.095,0.101,0.088,0.09,0.088,0.087,0.211,0.166,0.12,0.12,0.167,0.178,0.124,0.099,0.198,0.207,0.089,0.087,0.142,0.088,0.108,0.133,0.127,0.118,0.182,0.166,0.156,0.126,0.093,0.088,0.169,0.13,0.11,0.124,0.159,0.166,0.123,0.159,0.121,0.144,0.089,0.087,0.088,0.086,0.088,0.089,0.087,0.086,0.088,0.087,0.087,0.089,0.087
,2:19:16,47,0.089,0.087,0.086,0.086,0.088,0.086,0.086,0.087,0.089,0.087,0.087,0.087,0.088,0.116,0.125,0.107,0.094,0.1,0.097,0.089,0.094,0.091,0.109,0.087,0.092,0.097,0.083,0.097,0.095,0.105,0.092,0.104,0.088,0.088,0.099,0.087,0.088,0.12,0.086,0.097,0.12,0.088,0.116,0.094,0.101,0.087,0.091,0.088,0.087,0.215,0.168,0.122,0.122,0.169,0.181,0.125,0.099,0.205,0.213,0.088,0.087,0.145,0.088,0.109,0.135,0.129,0.12,0.185,0.168,0.159,0.128,0.093,0.088,0.172,0.134,0.11,0.126,0.159,0.169,0.125,0.165,0.123,0.151,0.089,0.087,0.088,0.086,0.087,0.088,0.087,0.086,0.088,0.087,0.086,0.089,0.087
,2:24:16,47,0.089,0.088,0.086,0.086,0.088,0.086,0.086,0.088,0.089,0.087,0.087,0.087,0.088,0.116,0.125,0.107,0.094,0.1,0.097,0.089,0.095,0.091,0.11,0.088,0.092,0.098,0.083,0.097,0.095,0.105,0.092,0.104,0.089,0.088,0.099,0.087,0.088,0.12,0.086,0.098,0.12,0.088,0.116,0.095,0.101,0.088,0.09,0.088,0.087,0.22,0.17,0.124,0.125,0.172,0.186,0.128,0.099,0.212,0.221,0.089,0.087,0.148,0.088,0.11,0.139,0.131,0.123,0.188,0.172,0.159,0.13,0.093,0.088,0.175,0.138,0.11,0.13,0.16,0.172,0.126,0.168,0.125,0.157,0.089,0.087,0.088,0.087,0.088,0.088,0.087,0.086,0.088,0.087,0.087,0.089,0.087
,2:29:16,47,0.089,0.088,0.086,0.086,0.088,0.086,0.086,0.087,0.089,0.087,0.087,0.088,0.088,0.116,0.125,0.107,0.094,0.1,0.097,0.089,0.094,0.091,0.109,0.088,0.092,0.098,0.083,0.097,0.095,0.105,0.092,0.104,0.089,0.088,0.099,0.087,0.088,0.12,0.086,0.098,0.12,0.088,0.116,0.095,0.101,0.088,0.09,0.088,0.087,0.224,0.171,0.127,0.128,0.175,0.19,0.13,0.099,0.219,0.228,0.089,0.086,0.149,0.088,0.111,0.141,0.134,0.126,0.191,0.176,0.159,0.132,0.093,0.088,0.178,0.143,0.11,0.133,0.161,0.175,0.128,0.17,0.126,0.163,0.089,0.087,0.088,0.087,0.087,0.089,0.087,0.086,0.088,0.087,0.087,0.089,0.087
,2:34:16,47,0.089,0.088,0.086,0.086,0.088,0.086,0.086,0.087,0.089,0.087,0.087,0.087,0.088,0.116,0.125,0.107,0.094,0.1,0.097,0.089,0.094,0.091,0.11,0.087,0.092,0.098,0.083,0.097,0.095,0.105,0.092,0.104,0.088,0.088,0.099,0.087,0.088,0.12,0.086,0.097,0.121,0.088,0.116,0.095,0.101,0.088,0.09,0.088,0.087,0.229,0.172,0.129,0.131,0.178,0.193,0.132,0.099,0.226,0.236,0.089,0.087,0.152,0.088,0.112,0.144,0.137,0.128,0.195,0.181,0.16,0.134,0.093,0.088,0.182,0.147,0.11,0.137,0.162,0.178,0.13,0.173,0.128,0.168,0.089,0.087,0.088,0.086,0.088,0.089,0.087,0.086,0.088,0.087,0.086,0.089,0.087
,2:39:16,47,0.089,0.087,0.086,0.086,0.088,0.086,0.086,0.087,0.089,0.087,0.087,0.087,0.088,0.116,0.125,0.107,0.095,0.1,0.097,0.089,0.095,0.091,0.11,0.088,0.091,0.098,0.083,0.097,0.095,0.105,0.092,0.104,0.088,0.088,0.1,0.087,0.087,0.12,0.086,0.097,0.12,0.088,0.116,0.095,0.101,0.088,0.09,0.088,0.087,0.234,0.173,0.132,0.134,0.181,0.198,0.134,0.099,0.233,0.245,0.089,0.086,0.152,0.088,0.112,0.146,0.139,0.131,0.198,0.186,0.162,0.136,0.093,0.088,0.187,0.15,0.11,0.14,0.164,0.182,0.131,0.178,0.13,0.171,0.089,0.087,0.088,0.086,0.087,0.088,0.087,0.086,0.088,0.087,0.087,0.089,0.087
,2:44:16,47,0.089,0.087,0.086,0.086,0.088,0.086,0.086,0.087,0.089,0.087,0.087,0.087,0.088,0.117,0.125,0.107,0.094,0.1,0.097,0.089,0.094,0.091,0.11,0.088,0.091,0.098,0.083,0.097,0.095,0.106,0.092,0.104,0.088,0.088,0.099,0.087,0.088,0.12,0.086,0.098,0.121,0.088,0.115,0.095,0.101,0.088,0.09,0.088,0.087,0.238,0.174,0.135,0.137,0.184,0.202,0.137,0.099,0.24,0.255,0.089,0.087,0.153,0.088,0.113,0.149,0.141,0.135,0.202,0.191,0.164,0.138,0.093,0.088,0.191,0.153,0.11,0.144,0.166,0.186,0.132,0.183,0.132,0.174,0.089,0.087,0.088,0.086,0.087,0.088,0.087,0.086,0.088,0.087,0.087,0.089,0.087
,2:49:16,47,0.089,0.087,0.086,0.086,0.088,0.087,0.086,0.088,0.089,0.087,0.087,0.088,0.088,0.117,0.125,0.108,0.095,0.101,0.097,0.089,0.095,0.091,0.11,0.088,0.092,0.098,0.083,0.097,0.095,0.106,0.092,0.104,0.089,0.088,0.1,0.087,0.088,0.12,0.086,0.098,0.121,0.089,0.116,0.095,0.101,0.088,0.091,0.088,0.087,0.244,0.174,0.138,0.14,0.188,0.206,0.14,0.1,0.248,0.264,0.089,0.087,0.153,0.088,0.114,0.15,0.142,0.138,0.205,0.197,0.166,0.14,0.093,0.088,0.195,0.154,0.111,0.147,0.167,0.189,0.134,0.188,0.133,0.18,0.089,0.087,0.088,0.086,0.087,0.089,0.087,0.086,0.088,0.087,0.087,0.089,0.087
,2:54:16,47,0.089,0.087,0.086,0.086,0.088,0.086,0.086,0.087,0.089,0.087,0.087,0.087,0.088,0.117,0.125,0.107,0.095,0.101,0.097,0.089,0.094,0.091,0.11,0.087,0.092,0.098,0.083,0.097,0.095,0.105,0.092,0.104,0.088,0.088,0.1,0.087,0.088,0.12,0.086,0.098,0.12,0.088,0.115,0.095,0.101,0.088,0.091,0.088,0.087,0.251,0.175,0.14,0.144,0.191,0.21,0.142,0.1,0.256,0.274,0.089,0.086,0.154,0.088,0.115,0.152,0.144,0.14,0.209,0.202,0.168,0.141,0.093,0.088,0.2,0.155,0.11,0.15,0.168,0.193,0.134,0.194,0.135,0.186,0.089,0.087,0.088,0.086,0.087,0.089,0.087,0.086,0.088,0.087,0.087,0.089,0.087
,2:59:16,47,0.089,0.087,0.086,0.086,0.088,0.086,0.086,0.087,0.089,0.087,0.087,0.087,0.088,0.117,0.125,0.108,0.095,0.101,0.097,0.089,0.094,0.091,0.111,0.088,0.092,0.098,0.083,0.097,0.095,0.106,0.092,0.104,0.088,0.088,0.1,0.087,0.088,0.12,0.086,0.098,0.121,0.088,0.116,0.095,0.101,0.088,0.091,0.088,0.087,0.257,0.175,0.143,0.147,0.194,0.214,0.145,0.1,0.264,0.284,0.089,0.087,0.154,0.088,0.115,0.153,0.145,0.144,0.211,0.207,0.171,0.143,0.093,0.088,0.204,0.157,0.112,0.152,0.17,0.197,0.135,0.2,0.137,0.191,0.089,0.087,0.088,0.086,0.087,0.089,0.087,0.086,0.088,0.087,0.087,0.089,0.087
,3:04:16,47,0.089,0.087,0.085,0.086,0.088,0.086,0.086,0.087,0.089,0.087,0.087,0.087,0.087,0.117,0.125,0.108,0.095,0.101,0.097,0.089,0.094,0.091,0.111,0.087,0.091,0.098,0.083,0.097,0.095,0.106,0.092,0.104,0.088,0.088,0.099,0.087,0.088,0.12,0.086,0.098,0.121,0.088,0.115,0.094,0.101,0.088,0.09,0.088,0.087,0.264,0.176,0.144,0.151,0.196,0.219,0.148,0.1,0.272,0.295,0.088,0.086,0.155,0.088,0.116,0.153,0.145,0.146,0.216,0.212,0.174,0.144,0.092,0.088,0.209,0.159,0.109,0.153,0.172,0.2,0.135,0.205,0.138,0.197,0.089,0.087,0.088,0.086,0.087,0.088,0.087,0.086,0.088,0.086,0.086,0.089,0.087
,3:09:16,47,0.089,0.088,0.086,0.086,0.088,0.087,0.086,0.087,0.089,0.087,0.087,0.087,0.088,0.117,0.126,0.108,0.095,0.101,0.097,0.089,0.094,0.091,0.111,0.087,0.091,0.098,0.083,0.097,0.095,0.106,0.092,0.104,0.088,0.088,0.1,0.087,0.088,0.12,0.086,0.098,0.121,0.088,0.116,0.095,0.101,0.088,0.091,0.088,0.087,0.27,0.177,0.147,0.155,0.2,0.224,0.151,0.1,0.283,0.307,0.089,0.087,0.157,0.088,0.117,0.153,0.146,0.149,0.22,0.217,0.176,0.145,0.093,0.088,0.215,0.161,0.11,0.156,0.174,0.203,0.136,0.211,0.141,0.202,0.089,0.087,0.088,0.086,0.088,0.088,0.088,0.086,0.088,0.087,0.087,0.089,0.087
,3:14:16,47,0.089,0.088,0.086,0.087,0.088,0.086,0.086,0.087,0.089,0.087,0.087,0.088,0.088,0.118,0.126,0.108,0.095,0.101,0.098,0.09,0.094,0.091,0.111,0.088,0.092,0.098,0.083,0.097,0.095,0.106,0.092,0.104,0.089,0.088,0.1,0.087,0.088,0.12,0.086,0.098,0.122,0.088,0.115,0.095,0.102,0.088,0.091,0.088,0.087,0.276,0.178,0.15,0.159,0.204,0.228,0.154,0.1,0.292,0.321,0.089,0.087,0.158,0.088,0.117,0.155,0.147,0.15,0.224,0.225,0.18,0.148,0.093,0.088,0.221,0.164,0.11,0.159,0.177,0.207,0.137,0.216,0.142,0.207,0.089,0.088,0.088,0.086,0.087,0.089,0.087,0.086,0.088,0.087,0.087,0.089,0.087
,3:19:16,47,0.089,0.087,0.086,0.086,0.088,0.086,0.086,0.088,0.089,0.087,0.087,0.087,0.088,0.118,0.126,0.108,0.095,0.101,0.097,0.089,0.094,0.091,0.111,0.087,0.092,0.098,0.083,0.097,0.095,0.106,0.092,0.104,0.089,0.088,0.1,0.087,0.088,0.12,0.086,0.098,0.121,0.088,0.115,0.095,0.102,0.088,0.095,0.088,0.087,0.282,0.179,0.152,0.162,0.207,0.234,0.158,0.1,0.304,0.334,0.089,0.087,0.159,0.088,0.118,0.155,0.147,0.151,0.228,0.231,0.184,0.149,0.093,0.088,0.228,0.167,0.109,0.162,0.178,0.212,0.137,0.222,0.143,0.212,0.089,0.087,0.088,0.086,0.087,0.089,0.087,0.086,0.088,0.087,0.087,0.089,0.087
,3:24:16,46.9,0.089,0.087,0.086,0.086,0.088,0.086,0.086,0.087,0.089,0.087,0.087,0.087,0.088,0.118,0.125,0.108,0.095,0.101,0.097,0.089,0.094,0.091,0.111,0.088,0.091,0.098,0.083,0.097,0.095,0.106,0.092,0.104,0.088,0.088,0.1,0.087,0.088,0.12,0.086,0.098,0.121,0.088,0.116,0.095,0.102,0.088,0.09,0.088,0.087,0.288,0.179,0.154,0.164,0.211,0.238,0.161,0.1,0.313,0.347,0.089,0.087,0.16,0.088,0.119,0.156,0.148,0.152,0.232,0.238,0.187,0.15,0.093,0.088,0.235,0.169,0.11,0.165,0.179,0.215,0.139,0.229,0.146,0.217,0.089,0.087,0.088,0.086,0.087,0.089,0.087,0.086,0.088,0.087,0.087,0.089,0.087
,3:29:16,47,0.089,0.087,0.086,0.086,0.088,0.086,0.086,0.087,0.089,0.087,0.087,0.087,0.088,0.118,0.126,0.108,0.095,0.101,0.097,0.089,0.094,0.091,0.111,0.087,0.092,0.098,0.083,0.097,0.095,0.106,0.092,0.104,0.089,0.088,0.1,0.087,0.087,0.12,0.086,0.098,0.121,0.089,0.116,0.095,0.102,0.088,0.091,0.088,0.087,0.294,0.18,0.156,0.164,0.215,0.245,0.164,0.101,0.322,0.36,0.089,0.086,0.161,0.088,0.12,0.157,0.149,0.152,0.236,0.245,0.19,0.151,0.093,0.088,0.241,0.172,0.11,0.168,0.182,0.219,0.14,0.235,0.148,0.22,0.089,0.087,0.088,0.086,0.087,0.089,0.088,0.086,0.088,0.086,0.086,0.09,0.087
,3:34:16,47,0.089,0.088,0.086,0.086,0.088,0.086,0.086,0.088,0.089,0.087,0.087,0.088,0.088,0.118,0.126,0.109,0.095,0.101,0.098,0.09,0.094,0.091,0.112,0.088,0.092,0.099,0.083,0.097,0.095,0.106,0.092,0.104,0.089,0.088,0.1,0.087,0.088,0.12,0.086,0.098,0.121,0.088,0.115,0.095,0.102,0.088,0.091,0.088,0.087,0.3,0.181,0.157,0.164,0.217,0.249,0.167,0.1,0.332,0.374,0.089,0.086,0.163,0.088,0.12,0.158,0.151,0.153,0.24,0.253,0.195,0.152,0.093,0.088,0.245,0.174,0.109,0.172,0.184,0.223,0.139,0.242,0.148,0.225,0.089,0.087,0.088,0.086,0.087,0.089,0.087,0.086,0.088,0.087,0.087,0.089,0.087
,3:39:16,47,0.089,0.087,0.086,0.086,0.088,0.086,0.086,0.087,0.089,0.087,0.087,0.087,0.088,0.118,0.126,0.109,0.095,0.101,0.097,0.09,0.094,0.091,0.112,0.088,0.092,0.098,0.083,0.097,0.095,0.106,0.092,0.104,0.089,0.089,0.1,0.087,0.087,0.12,0.086,0.098,0.121,0.088,0.115,0.094,0.102,0.088,0.091,0.088,0.087,0.306,0.182,0.159,0.164,0.222,0.254,0.171,0.101,0.341,0.387,0.09,0.086,0.164,0.088,0.12,0.16,0.151,0.155,0.245,0.26,0.198,0.153,0.093,0.088,0.254,0.177,0.11,0.175,0.185,0.227,0.141,0.248,0.148,0.229,0.089,0.087,0.088,0.086,0.087,0.089,0.087,0.086,0.088,0.087,0.087,0.089,0.087
,3:44:16,47,0.089,0.088,0.086,0.086,0.088,0.087,0.086,0.088,0.089,0.087,0.087,0.087,0.088,0.118,0.126,0.109,0.095,0.101,0.097,0.09,0.094,0.091,0.112,0.088,0.092,0.099,0.083,0.098,0.095,0.106,0.092,0.104,0.089,0.089,0.1,0.087,0.088,0.12,0.086,0.098,0.121,0.088,0.115,0.095,0.102,0.088,0.091,0.088,0.087,0.312,0.182,0.16,0.164,0.226,0.26,0.174,0.101,0.349,0.401,0.089,0.087,0.165,0.088,0.121,0.162,0.153,0.156,0.249,0.269,0.202,0.154,0.093,0.088,0.264,0.18,0.109,0.179,0.188,0.231,0.143,0.257,0.149,0.232,0.089,0.087,0.088,0.086,0.087,0.088,0.087,0.086,0.088,0.087,0.087,0.089,0.087
,3:49:16,46.9,0.089,0.088,0.086,0.086,0.088,0.086,0.086,0.087,0.089,0.087,0.087,0.088,0.088,0.118,0.126,0.109,0.095,0.101,0.097,0.09,0.094,0.091,0.112,0.087,0.092,0.099,0.083,0.098,0.095,0.106,0.092,0.104,0.089,0.089,0.1,0.087,0.088,0.12,0.086,0.098,0.122,0.088,0.115,0.095,0.102,0.088,0.092,0.088,0.087,0.318,0.183,0.162,0.166,0.231,0.266,0.177,0.101,0.358,0.413,0.089,0.087,0.167,0.088,0.121,0.163,0.154,0.158,0.254,0.278,0.208,0.155,0.093,0.088,0.271,0.183,0.109,0.183,0.19,0.234,0.143,0.263,0.151,0.237,0.089,0.088,0.088,0.086,0.087,0.089,0.087,0.086,0.088,0.087,0.087,0.089,0.087
,3:54:16,46.9,0.089,0.087,0.086,0.086,0.088,0.086,0.086,0.087,0.089,0.087,0.087,0.087,0.088,0.118,0.126,0.109,0.095,0.101,0.097,0.089,0.094,0.091,0.112,0.087,0.092,0.098,0.083,0.097,0.095,0.106,0.092,0.104,0.089,0.088,0.1,0.087,0.088,0.119,0.086,0.098,0.122,0.088,0.115,0.094,0.102,0.088,0.091,0.088,0.087,0.325,0.183,0.164,0.166,0.235,0.271,0.18,0.101,0.366,0.426,0.089,0.086,0.167,0.088,0.122,0.163,0.155,0.159,0.259,0.285,0.212,0.156,0.093,0.088,0.276,0.185,0.111,0.187,0.192,0.239,0.143,0.271,0.15,0.239,0.089,0.087,0.088,0.086,0.087,0.089,0.087,0.086,0.088,0.086,0.087,0.089,0.087
,3:59:16,47,0.089,0.088,0.086,0.086,0.088,0.086,0.086,0.087,0.089,0.087,0.087,0.087,0.088,0.118,0.126,0.109,0.096,0.101,0.097,0.09,0.094,0.091,0.112,0.087,0.092,0.099,0.083,0.097,0.095,0.106,0.092,0.104,0.089,0.088,0.101,0.087,0.087,0.119,0.086,0.098,0.121,0.088,0.115,0.095,0.102,0.088,0.091,0.088,0.087,0.331,0.183,0.166,0.168,0.24,0.276,0.182,0.101,0.374,0.439,0.089,0.086,0.168,0.088,0.123,0.164,0.156,0.161,0.263,0.294,0.219,0.156,0.093,0.088,0.285,0.187,0.109,0.19,0.194,0.243,0.143,0.278,0.151,0.244,0.089,0.087,0.088,0.086,0.087,0.088,0.087,0.086,0.088,0.087,0.086,0.089,0.086
,4:04:16,47,0.089,0.087,0.086,0.086,0.089,0.086,0.086,0.088,0.089,0.087,0.087,0.087,0.088,0.119,0.126,0.109,0.096,0.101,0.097,0.089,0.094,0.091,0.112,0.087,0.092,0.099,0.083,0.098,0.095,0.106,0.092,0.104,0.089,0.088,0.101,0.087,0.088,0.119,0.086,0.098,0.122,0.088,0.115,0.094,0.102,0.088,0.092,0.088,0.087,0.336,0.185,0.167,0.17,0.246,0.282,0.186,0.101,0.382,0.451,0.089,0.086,0.17,0.088,0.123,0.166,0.157,0.162,0.268,0.303,0.224,0.158,0.093,0.088,0.296,0.19,0.109,0.193,0.196,0.247,0.145,0.286,0.151,0.246,0.089,0.087,0.088,0.086,0.087,0.088,0.087,0.086,0.088,0.086,0.086,0.089,0.087
,4:09:16,46.9,0.089,0.087,0.086,0.086,0.088,0.086,0.086,0.087,0.089,0.087,0.087,0.087,0.088,0.119,0.126,0.109,0.096,0.101,0.097,0.09,0.094,0.091,0.112,0.087,0.092,0.099,0.083,0.097,0.095,0.106,0.092,0.104,0.089,0.088,0.101,0.087,0.088,0.119,0.086,0.098,0.122,0.088,0.115,0.095,0.102,0.088,0.091,0.088,0.087,0.342,0.186,0.169,0.172,0.251,0.288,0.189,0.101,0.389,0.462,0.089,0.086,0.171,0.088,0.124,0.167,0.158,0.163,0.273,0.312,0.23,0.159,0.093,0.088,0.305,0.192,0.111,0.198,0.197,0.252,0.145,0.292,0.151,0.25,0.09,0.087,0.088,0.086,0.087,0.089,0.087,0.086,0.088,0.087,0.087,0.089,0.086
,4:14:16,46.9,0.089,0.087,0.086,0.086,0.088,0.086,0.086,0.087,0.089,0.087,0.087,0.087,0.088,0.119,0.126,0.109,0.096,0.101,0.097,0.089,0.094,0.091,0.112,0.088,0.092,0.099,0.083,0.097,0.095,0.106,0.092,0.104,0.089,0.089,0.101,0.087,0.087,0.119,0.086,0.098,0.121,0.088,0.115,0.094,0.102,0.088,0.093,0.088,0.087,0.347,0.186,0.171,0.172,0.256,0.293,0.192,0.101,0.396,0.473,0.088,0.086,0.173,0.088,0.124,0.168,0.159,0.166,0.277,0.321,0.235,0.16,0.093,0.088,0.314,0.195,0.11,0.201,0.199,0.257,0.146,0.298,0.151,0.254,0.089,0.087,0.088,0.086,0.087,0.088,0.088,0.086,0.088,0.087,0.087,0.089,0.087
,4:19:16,47,0.089,0.087,0.086,0.086,0.088,0.086,0.086,0.087,0.089,0.087,0.087,0.087,0.088,0.119,0.126,0.11,0.096,0.101,0.097,0.09,0.094,0.092,0.112,0.087,0.092,0.099,0.083,0.097,0.095,0.107,0.092,0.104,0.089,0.088,0.101,0.087,0.088,0.119,0.086,0.098,0.122,0.088,0.115,0.094,0.102,0.088,0.092,0.088,0.087,0.352,0.186,0.173,0.175,0.261,0.298,0.195,0.101,0.403,0.484,0.089,0.087,0.174,0.088,0.124,0.17,0.16,0.175,0.282,0.33,0.242,0.16,0.093,0.088,0.324,0.198,0.11,0.206,0.201,0.26,0.146,0.306,0.15,0.257,0.089,0.087,0.088,0.086,0.087,0.088,0.087,0.086,0.088,0.087,0.087,0.089,0.087
,4:24:16,47,0.089,0.088,0.087,0.086,0.088,0.087,0.086,0.088,0.089,0.087,0.087,0.087,0.088,0.119,0.126,0.11,0.096,0.101,0.097,0.09,0.094,0.092,0.113,0.088,0.092,0.099,0.083,0.098,0.096,0.106,0.092,0.104,0.089,0.089,0.101,0.087,0.088,0.119,0.086,0.098,0.122,0.088,0.115,0.095,0.102,0.088,0.093,0.088,0.087,0.357,0.188,0.175,0.177,0.267,0.305,0.198,0.101,0.411,0.495,0.089,0.087,0.175,0.088,0.125,0.171,0.162,0.169,0.287,0.34,0.249,0.161,0.093,0.088,0.331,0.2,0.11,0.211,0.204,0.265,0.147,0.315,0.15,0.261,0.089,0.087,0.088,0.086,0.087,0.089,0.087,0.086,0.088,0.087,0.087,0.089,0.087
,4:29:16,47,0.089,0.088,0.086,0.086,0.088,0.086,0.086,0.088,0.089,0.087,0.087,0.087,0.088,0.119,0.126,0.11,0.096,0.101,0.097,0.09,0.094,0.091,0.113,0.088,0.092,0.099,0.083,0.098,0.096,0.107,0.092,0.104,0.089,0.088,0.101,0.087,0.088,0.119,0.086,0.098,0.122,0.088,0.114,0.095,0.102,0.088,0.091,0.088,0.087,0.362,0.19,0.176,0.178,0.272,0.31,0.202,0.101,0.417,0.505,0.089,0.087,0.177,0.088,0.125,0.172,0.163,0.169,0.292,0.351,0.254,0.163,0.093,0.088,0.34,0.203,0.11,0.215,0.206,0.269,0.148,0.32,0.15,0.264,0.089,0.087,0.088,0.086,0.087,0.088,0.087,0.086,0.088,0.087,0.087,0.089,0.087
,4:34:16,47,0.089,0.087,0.086,0.086,0.088,0.086,0.086,0.087,0.089,0.087,0.087,0.087,0.088,0.119,0.126,0.11,0.096,0.101,0.097,0.09,0.094,0.091,0.112,0.087,0.091,0.099,0.083,0.098,0.095,0.106,0.091,0.104,0.089,0.089,0.101,0.087,0.087,0.119,0.086,0.098,0.122,0.088,0.114,0.094,0.102,0.088,0.091,0.087,0.087,0.366,0.19,0.179,0.181,0.277,0.315,0.205,0.101,0.424,0.515,0.089,0.086,0.177,0.088,0.125,0.174,0.164,0.172,0.296,0.36,0.261,0.162,0.093,0.088,0.349,0.205,0.109,0.22,0.207,0.275,0.148,0.328,0.15,0.267,0.089,0.087,0.088,0.086,0.087,0.088,0.087,0.086,0.088,0.086,0.087,0.089,0.087
,4:39:16,46.9,0.089,0.087,0.086,0.086,0.088,0.086,0.086,0.087,0.089,0.087,0.087,0.087,0.088,0.119,0.126,0.11,0.096,0.101,0.097,0.09,0.094,0.092,0.112,0.087,0.091,0.099,0.083,0.097,0.095,0.107,0.092,0.104,0.089,0.089,0.101,0.087,0.088,0.119,0.086,0.098,0.122,0.088,0.115,0.094,0.102,0.088,0.093,0.088,0.087,0.372,0.191,0.181,0.182,0.283,0.321,0.209,0.101,0.431,0.523,0.089,0.086,0.181,0.088,0.125,0.176,0.165,0.172,0.3,0.369,0.268,0.163,0.093,0.088,0.356,0.207,0.11,0.224,0.209,0.278,0.147,0.335,0.15,0.271,0.089,0.087,0.088,0.086,0.087,0.088,0.087,0.086,0.088,0.087,0.087,0.089,0.087
,4:44:16,46.9,0.089,0.088,0.086,0.086,0.088,0.086,0.086,0.087,0.089,0.087,0.087,0.087,0.088,0.119,0.126,0.11,0.096,0.101,0.097,0.09,0.094,0.092,0.113,0.087,0.092,0.099,0.083,0.098,0.095,0.107,0.092,0.104,0.089,0.088,0.101,0.087,0.088,0.118,0.086,0.098,0.122,0.088,0.114,0.094,0.102,0.088,0.092,0.088,0.087,0.376,0.191,0.183,0.184,0.287,0.325,0.213,0.101,0.437,0.53,0.089,0.087,0.182,0.088,0.126,0.176,0.166,0.173,0.305,0.378,0.275,0.164,0.093,0.088,0.361,0.21,0.11,0.229,0.211,0.287,0.148,0.343,0.149,0.274,0.089,0.087,0.088,0.086,0.087,0.088,0.087,0.086,0.088,0.087,0.086,0.089,0.087
,4:49:16,47,0.089,0.087,0.086,0.086,0.088,0.086,0.086,0.087,0.089,0.087,0.087,0.087,0.088,0.119,0.126,0.11,0.096,0.101,0.097,0.09,0.094,0.092,0.112,0.087,0.091,0.099,0.083,0.098,0.095,0.106,0.092,0.104,0.089,0.089,0.101,0.087,0.088,0.118,0.086,0.098,0.122,0.088,0.114,0.094,0.102,0.088,0.093,0.088,0.087,0.381,0.192,0.185,0.187,0.29,0.329,0.217,0.101,0.444,0.537,0.089,0.086,0.182,0.088,0.126,0.178,0.167,0.174,0.311,0.386,0.283,0.165,0.092,0.088,0.371,0.211,0.11,0.233,0.214,0.288,0.149,0.352,0.147,0.277,0.089,0.087,0.088,0.086,0.087,0.088,0.088,0.086,0.088,0.086,0.086,0.089,0.086
,4:54:16,47,0.089,0.088,0.086,0.086,0.088,0.086,0.086,0.088,0.089,0.087,0.087,0.087,0.088,0.119,0.126,0.11,0.096,0.101,0.097,0.09,0.094,0.092,0.113,0.087,0.092,0.099,0.083,0.097,0.095,0.106,0.092,0.104,0.089,0.088,0.102,0.087,0.087,0.118,0.086,0.098,0.122,0.088,0.114,0.094,0.102,0.088,0.092,0.088,0.087,0.385,0.193,0.188,0.187,0.298,0.333,0.222,0.101,0.45,0.544,0.089,0.086,0.185,0.088,0.126,0.18,0.169,0.174,0.314,0.393,0.286,0.165,0.093,0.088,0.377,0.214,0.11,0.239,0.215,0.291,0.149,0.357,0.148,0.279,0.089,0.087,0.088,0.086,0.087,0.089,0.087,0.086,0.088,0.087,0.086,0.089,0.087
,4:59:16,47,0.089,0.088,0.086,0.086,0.088,0.086,0.086,0.088,0.089,0.087,0.087,0.087,0.088,0.119,0.126,0.11,0.096,0.102,0.098,0.09,0.094,0.092,0.113,0.087,0.092,0.099,0.083,0.098,0.095,0.107,0.092,0.104,0.089,0.089,0.102,0.087,0.088,0.119,0.086,0.098,0.122,0.088,0.114,0.094,0.103,0.088,0.091,0.088,0.087,0.39,0.194,0.19,0.189,0.304,0.338,0.227,0.101,0.456,0.551,0.089,0.086,0.186,0.088,0.127,0.181,0.169,0.176,0.32,0.401,0.295,0.166,0.093,0.088,0.385,0.215,0.11,0.244,0.218,0.294,0.149,0.364,0.147,0.283,0.089,0.087,0.088,0.086,0.087,0.089,0.087,0.086,0.088,0.087,0.086,0.089,0.087
,5:04:16,47,0.089,0.087,0.086,0.086,0.088,0.086,0.086,0.087,0.089,0.087,0.087,0.087,0.088,0.119,0.126,0.111,0.096,0.101,0.097,0.09,0.094,0.092,0.113,0.087,0.091,0.099,0.083,0.098,0.095,0.106,0.092,0.104,0.089,0.089,0.102,0.087,0.087,0.118,0.086,0.098,0.122,0.088,0.113,0.094,0.102,0.088,0.092,0.088,0.087,0.395,0.195,0.192,0.191,0.309,0.342,0.231,0.101,0.46,0.559,0.089,0.086,0.187,0.088,0.127,0.181,0.17,0.176,0.325,0.407,0.302,0.167,0.093,0.088,0.391,0.218,0.11,0.248,0.219,0.307,0.148,0.369,0.145,0.286,0.089,0.087,0.088,0.086,0.087,0.088,0.087,0.086,0.088,0.087,0.087,0.089,0.087
,5:09:16,47,0.089,0.087,0.086,0.086,0.088,0.086,0.086,0.088,0.089,0.087,0.087,0.087,0.088,0.119,0.126,0.111,0.096,0.101,0.097,0.09,0.094,0.092,0.113,0.087,0.091,0.099,0.083,0.098,0.095,0.107,0.092,0.104,0.09,0.088,0.102,0.087,0.088,0.118,0.086,0.098,0.122,0.088,0.113,0.094,0.103,0.088,0.092,0.088,0.087,0.399,0.196,0.195,0.193,0.319,0.346,0.236,0.101,0.466,0.565,0.089,0.086,0.188,0.088,0.126,0.182,0.171,0.177,0.329,0.413,0.307,0.168,0.093,0.088,0.397,0.22,0.109,0.254,0.223,0.313,0.151,0.373,0.145,0.288,0.089,0.087,0.088,0.086,0.087,0.088,0.087,0.086,0.088,0.087,0.087,0.089,0.086
,5:14:16,47,0.089,0.087,0.086,0.086,0.088,0.086,0.086,0.087,0.089,0.087,0.087,0.087,0.088,0.12,0.126,0.111,0.096,0.101,0.097,0.09,0.094,0.092,0.113,0.087,0.092,0.099,0.083,0.097,0.095,0.106,0.092,0.104,0.091,0.088,0.102,0.087,0.088,0.118,0.086,0.098,0.122,0.088,0.113,0.094,0.102,0.088,0.093,0.087,0.087,0.403,0.196,0.197,0.194,0.322,0.35,0.241,0.101,0.471,0.57,0.089,0.086,0.19,0.088,0.126,0.183,0.173,0.177,0.333,0.418,0.315,0.168,0.093,0.088,0.401,0.22,0.11,0.26,0.223,0.319,0.15,0.378,0.143,0.291,0.089,0.087,0.088,0.086,0.087,0.088,0.087,0.086,0.088,0.087,0.086,0.089,0.087
,5:19:16,47,0.089,0.087,0.086,0.086,0.088,0.086,0.086,0.087,0.089,0.087,0.087,0.087,0.088,0.119,0.126,0.111,0.096,0.102,0.097,0.09,0.094,0.092,0.113,0.087,0.091,0.099,0.083,0.098,0.095,0.107,0.091,0.104,0.089,0.089,0.102,0.087,0.088,0.118,0.086,0.098,0.122,0.088,0.114,0.094,0.103,0.088,0.092,0.088,0.087,0.407,0.197,0.199,0.196,0.329,0.356,0.247,0.101,0.477,0.577,0.089,0.086,0.191,0.088,0.127,0.184,0.174,0.178,0.338,0.422,0.323,0.168,0.093,0.088,0.41,0.223,0.11,0.265,0.227,0.328,0.151,0.385,0.144,0.294,0.089,0.087,0.088,0.086,0.087,0.089,0.087,0.086,0.088,0.087,0.087,0.089,0.087
,5:24:16,47,0.089,0.088,0.086,0.087,0.088,0.087,0.086,0.088,0.089,0.087,0.087,0.088,0.088,0.12,0.126,0.111,0.097,0.102,0.098,0.09,0.094,0.092,0.113,0.088,0.092,0.099,0.083,0.098,0.095,0.107,0.092,0.104,0.09,0.089,0.102,0.087,0.088,0.118,0.086,0.098,0.122,0.088,0.113,0.094,0.103,0.089,0.092,0.088,0.087,0.411,0.198,0.202,0.198,0.334,0.36,0.253,0.101,0.482,0.584,0.089,0.087,0.192,0.088,0.127,0.186,0.174,0.178,0.343,0.427,0.329,0.17,0.093,0.088,0.414,0.226,0.11,0.269,0.228,0.331,0.151,0.387,0.142,0.297,0.089,0.088,0.088,0.086,0.087,0.089,0.087,0.086,0.088,0.087,0.087,0.089,0.087
,5:29:16,47,0.089,0.087,0.086,0.086,0.088,0.086,0.086,0.088,0.089,0.087,0.087,0.087,0.088,0.12,0.126,0.111,0.096,0.101,0.097,0.09,0.094,0.092,0.113,0.087,0.092,0.099,0.083,0.098,0.095,0.106,0.092,0.104,0.089,0.088,0.102,0.087,0.087,0.118,0.086,0.098,0.123,0.088,0.113,0.094,0.102,0.088,0.092,0.088,0.087,0.415,0.199,0.205,0.2,0.344,0.364,0.258,0.101,0.488,0.591,0.088,0.087,0.195,0.088,0.127,0.187,0.175,0.18,0.345,0.432,0.336,0.169,0.093,0.088,0.424,0.229,0.11,0.275,0.23,0.332,0.151,0.389,0.142,0.301,0.089,0.087,0.088,0.086,0.087,0.089,0.087,0.086,0.088,0.087,0.087,0.089,0.087
,5:34:16,47,0.089,0.087,0.086,0.086,0.088,0.087,0.086,0.088,0.089,0.087,0.087,0.087,0.088,0.12,0.126,0.111,0.096,0.102,0.097,0.09,0.094,0.092,0.113,0.087,0.092,0.099,0.083,0.098,0.095,0.106,0.092,0.104,0.091,0.089,0.102,0.087,0.088,0.117,0.086,0.098,0.122,0.088,0.113,0.094,0.103,0.089,0.092,0.088,0.087,0.42,0.199,0.208,0.201,0.347,0.369,0.263,0.101,0.494,0.595,0.089,0.086,0.195,0.088,0.126,0.188,0.176,0.178,0.349,0.435,0.343,0.169,0.093,0.088,0.424,0.23,0.11,0.28,0.233,0.337,0.151,0.392,0.14,0.303,0.089,0.087,0.088,0.086,0.087,0.088,0.087,0.086,0.088,0.087,0.087,0.089,0.087
,5:39:16,47,0.089,0.087,0.086,0.086,0.088,0.086,0.086,0.087,0.089,0.087,0.087,0.088,0.088,0.12,0.126,0.111,0.097,0.102,0.097,0.09,0.094,0.092,0.113,0.087,0.092,0.099,0.083,0.098,0.095,0.107,0.092,0.104,0.092,0.089,0.102,0.087,0.088,0.117,0.086,0.098,0.122,0.088,0.113,0.094,0.102,0.088,0.092,0.088,0.087,0.424,0.199,0.209,0.204,0.35,0.373,0.27,0.101,0.5,0.6,0.089,0.086,0.195,0.088,0.126,0.189,0.177,0.179,0.352,0.44,0.348,0.17,0.093,0.088,0.427,0.231,0.111,0.285,0.236,0.345,0.152,0.396,0.14,0.304,0.089,0.087,0.088,0.086,0.087,0.088,0.087,0.086,0.088,0.087,0.087,0.089,0.087
,5:44:16,47,0.089,0.088,0.086,0.086,0.088,0.086,0.086,0.088,0.089,0.087,0.087,0.087,0.088,0.12,0.126,0.111,0.097,0.102,0.097,0.09,0.094,0.092,0.113,0.087,0.092,0.099,0.083,0.098,0.095,0.107,0.091,0.104,0.089,0.089,0.102,0.087,0.088,0.117,0.086,0.098,0.122,0.088,0.113,0.093,0.102,0.088,0.092,0.088,0.087,0.429,0.201,0.213,0.205,0.355,0.378,0.275,0.101,0.505,0.605,0.089,0.086,0.197,0.088,0.126,0.19,0.178,0.178,0.355,0.443,0.357,0.171,0.093,0.088,0.44,0.232,0.11,0.289,0.239,0.348,0.152,0.401,0.139,0.308,0.089,0.087,0.088,0.086,0.087,0.088,0.087,0.086,0.088,0.087,0.086,0.089,0.087
,5:49:16,47,0.089,0.087,0.086,0.086,0.088,0.086,0.086,0.088,0.089,0.087,0.087,0.087,0.088,0.12,0.126,0.111,0.097,0.102,0.097,0.09,0.094,0.092,0.113,0.087,0.091,0.099,0.083,0.098,0.095,0.107,0.091,0.104,0.089,0.089,0.102,0.087,0.088,0.117,0.086,0.098,0.122,0.088,0.112,0.094,0.103,0.088,0.092,0.088,0.087,0.433,0.201,0.215,0.205,0.359,0.38,0.281,0.101,0.51,0.611,0.089,0.087,0.199,0.088,0.126,0.192,0.179,0.178,0.357,0.447,0.36,0.171,0.093,0.088,0.441,0.235,0.11,0.294,0.239,0.351,0.151,0.405,0.138,0.31,0.089,0.087,0.088,0.086,0.087,0.088,0.087,0.086,0.088,0.086,0.086,0.089,0.086
,5:54:16,47,0.089,0.088,0.086,0.086,0.088,0.087,0.086,0.088,0.089,0.087,0.087,0.087,0.088,0.12,0.126,0.111,0.097,0.102,0.097,0.09,0.094,0.092,0.113,0.088,0.092,0.099,0.083,0.098,0.095,0.107,0.092,0.104,0.09,0.089,0.102,0.087,0.088,0.117,0.086,0.098,0.123,0.088,0.113,0.094,0.103,0.088,0.092,0.088,0.087,0.439,0.202,0.219,0.206,0.367,0.386,0.288,0.101,0.515,0.618,0.089,0.087,0.2,0.088,0.126,0.193,0.18,0.177,0.36,0.453,0.367,0.172,0.093,0.088,0.446,0.236,0.11,0.299,0.242,0.353,0.151,0.41,0.137,0.311,0.089,0.088,0.088,0.086,0.087,0.089,0.087,0.086,0.088,0.087,0.087,0.089,0.087
,5:59:16,47,0.089,0.087,0.086,0.086,0.088,0.086,0.086,0.087,0.089,0.087,0.087,0.087,0.088,0.12,0.125,0.111,0.096,0.102,0.097,0.09,0.094,0.092,0.113,0.087,0.092,0.099,0.083,0.098,0.095,0.106,0.091,0.104,0.089,0.088,0.102,0.087,0.088,0.117,0.086,0.098,0.122,0.088,0.112,0.093,0.102,0.088,0.092,0.088,0.087,0.442,0.202,0.221,0.208,0.368,0.388,0.293,0.101,0.519,0.621,0.089,0.086,0.2,0.088,0.126,0.194,0.181,0.177,0.363,0.454,0.37,0.173,0.092,0.088,0.447,0.238,0.11,0.302,0.243,0.363,0.152,0.413,0.136,0.314,0.089,0.087,0.088,0.086,0.087,0.088,0.087,0.086,0.088,0.086,0.086,0.089,0.087
,6:04:16,47,0.089,0.087,0.086,0.086,0.088,0.086,0.086,0.088,0.089,0.087,0.087,0.087,0.088,0.12,0.126,0.112,0.097,0.102,0.097,0.09,0.094,0.092,0.113,0.087,0.092,0.099,0.083,0.098,0.095,0.107,0.092,0.104,0.089,0.088,0.103,0.087,0.088,0.117,0.086,0.098,0.122,0.088,0.112,0.094,0.103,0.088,0.092,0.088,0.087,0.447,0.203,0.223,0.21,0.368,0.388,0.298,0.101,0.523,0.625,0.089,0.087,0.201,0.088,0.127,0.194,0.182,0.177,0.364,0.459,0.368,0.173,0.093,0.088,0.449,0.242,0.111,0.308,0.247,0.373,0.152,0.417,0.134,0.315,0.089,0.087,0.088,0.086,0.087,0.088,0.087,0.086,0.088,0.087,0.087,0.089,0.087
,6:09:16,47,0.089,0.088,0.086,0.086,0.088,0.086,0.086,0.088,0.089,0.087,0.087,0.087,0.088,0.12,0.125,0.111,0.096,0.102,0.097,0.09,0.094,0.092,0.113,0.087,0.091,0.099,0.083,0.098,0.095,0.106,0.091,0.104,0.091,0.088,0.103,0.087,0.088,0.117,0.085,0.098,0.122,0.088,0.112,0.093,0.102,0.088,0.092,0.088,0.087,0.449,0.204,0.227,0.21,0.378,0.393,0.307,0.101,0.527,0.631,0.088,0.086,0.203,0.088,0.126,0.197,0.184,0.176,0.367,0.463,0.376,0.173,0.093,0.088,0.46,0.242,0.111,0.313,0.249,0.38,0.151,0.423,0.133,0.317,0.089,0.087,0.088,0.086,0.087,0.089,0.087,0.086,0.088,0.087,0.086,0.089,0.087
,6:14:16,47,0.089,0.087,0.086,0.086,0.088,0.087,0.086,0.088,0.089,0.087,0.087,0.087,0.088,0.12,0.126,0.111,0.097,0.102,0.097,0.09,0.094,0.092,0.114,0.087,0.091,0.099,0.083,0.098,0.095,0.107,0.092,0.104,0.089,0.088,0.103,0.087,0.088,0.117,0.086,0.098,0.123,0.088,0.112,0.093,0.102,0.088,0.092,0.088,0.087,0.452,0.204,0.229,0.211,0.382,0.398,0.313,0.101,0.532,0.636,0.089,0.087,0.204,0.088,0.126,0.197,0.186,0.176,0.37,0.465,0.379,0.173,0.093,0.088,0.466,0.244,0.111,0.317,0.249,0.384,0.151,0.425,0.132,0.32,0.089,0.087,0.088,0.086,0.087,0.088,0.087,0.086,0.088,0.087,0.086,0.089,0.087
,6:19:16,47,0.089,0.088,0.086,0.087,0.088,0.086,0.086,0.088,0.089,0.087,0.087,0.088,0.088,0.12,0.126,0.111,0.097,0.102,0.097,0.09,0.094,0.092,0.113,0.088,0.092,0.099,0.083,0.098,0.095,0.107,0.091,0.104,0.089,0.088,0.103,0.087,0.088,0.116,0.086,0.098,0.123,0.088,0.112,0.093,0.103,0.089,0.092,0.088,0.087,0.457,0.206,0.232,0.212,0.385,0.399,0.318,0.101,0.537,0.641,0.089,0.087,0.206,0.088,0.126,0.2,0.187,0.184,0.372,0.47,0.381,0.174,0.093,0.088,0.473,0.246,0.111,0.321,0.251,0.39,0.151,0.43,0.13,0.323,0.089,0.088,0.088,0.087,0.087,0.089,0.087,0.086,0.088,0.087,0.087,0.089,0.087
,6:24:16,47,0.089,0.087,0.086,0.086,0.088,0.086,0.086,0.088,0.089,0.087,0.087,0.087,0.088,0.12,0.126,0.111,0.096,0.102,0.097,0.09,0.094,0.092,0.113,0.088,0.092,0.099,0.083,0.098,0.095,0.107,0.091,0.104,0.09,0.088,0.103,0.087,0.088,0.116,0.086,0.098,0.123,0.088,0.112,0.093,0.103,0.089,0.092,0.088,0.087,0.463,0.206,0.234,0.213,0.39,0.406,0.324,0.101,0.543,0.645,0.089,0.087,0.206,0.088,0.126,0.2,0.189,0.174,0.376,0.472,0.384,0.174,0.093,0.088,0.476,0.249,0.111,0.323,0.256,0.395,0.152,0.432,0.131,0.325,0.089,0.087,0.088,0.086,0.087,0.088,0.088,0.086,0.088,0.087,0.086,0.089,0.087
,6:29:16,47,0.089,0.087,0.086,0.086,0.088,0.086,0.086,0.087,0.089,0.087,0.087,0.087,0.088,0.12,0.125,0.111,0.097,0.102,0.097,0.09,0.094,0.092,0.113,0.087,0.092,0.099,0.083,0.098,0.095,0.106,0.091,0.104,0.089,0.088,0.103,0.087,0.087,0.116,0.086,0.098,0.122,0.088,0.111,0.093,0.103,0.088,0.093,0.087,0.087,0.467,0.206,0.236,0.216,0.392,0.409,0.328,0.101,0.545,0.65,0.089,0.086,0.207,0.088,0.126,0.202,0.189,0.173,0.379,0.476,0.385,0.175,0.093,0.088,0.48,0.249,0.111,0.328,0.257,0.403,0.151,0.439,0.129,0.327,0.089,0.087,0.088,0.086,0.087,0.088,0.087,0.086,0.088,0.087,0.086,0.089,0.086
,6:34:16,46.9,0.089,0.087,0.086,0.086,0.088,0.086,0.086,0.087,0.089,0.087,0.087,0.087,0.088,0.12,0.125,0.111,0.097,0.102,0.097,0.09,0.094,0.092,0.113,0.087,0.091,0.099,0.083,0.098,0.095,0.106,0.091,0.104,0.09,0.088,0.103,0.087,0.087,0.116,0.085,0.098,0.122,0.088,0.111,0.093,0.102,0.088,0.092,0.087,0.087,0.47,0.205,0.236,0.217,0.391,0.414,0.334,0.101,0.549,0.652,0.088,0.086,0.207,0.088,0.126,0.202,0.189,0.173,0.38,0.48,0.385,0.175,0.093,0.088,0.477,0.252,0.111,0.333,0.259,0.406,0.151,0.444,0.127,0.328,0.089,0.087,0.088,0.086,0.087,0.088,0.087,0.086,0.088,0.086,0.086,0.089,0.086
,6:39:16,46.9,0.089,0.087,0.086,0.086,0.088,0.086,0.086,0.087,0.089,0.087,0.087,0.087,0.088,0.12,0.125,0.111,0.097,0.102,0.097,0.089,0.094,0.092,0.113,0.087,0.091,0.099,0.083,0.098,0.095,0.106,0.091,0.104,0.09,0.088,0.103,0.087,0.087,0.116,0.085,0.098,0.122,0.088,0.111,0.093,0.102,0.088,0.092,0.087,0.087,0.473,0.206,0.239,0.216,0.398,0.418,0.339,0.101,0.553,0.656,0.089,0.086,0.211,0.087,0.126,0.204,0.191,0.171,0.383,0.484,0.389,0.176,0.093,0.088,0.485,0.254,0.111,0.333,0.263,0.414,0.15,0.445,0.127,0.332,0.089,0.087,0.088,0.086,0.087,0.088,0.087,0.086,0.088,0.087,0.086,0.089,0.086
,6:44:16,46.9,0.089,0.088,0.086,0.087,0.088,0.087,0.086,0.088,0.089,0.087,0.087,0.087,0.088,0.12,0.126,0.112,0.097,0.102,0.097,0.09,0.094,0.092,0.114,0.088,0.092,0.099,0.083,0.098,0.095,0.107,0.091,0.104,0.09,0.089,0.103,0.087,0.088,0.116,0.086,0.098,0.123,0.088,0.111,0.093,0.103,0.089,0.092,0.088,0.087,0.477,0.207,0.241,0.219,0.404,0.423,0.345,0.101,0.558,0.659,0.089,0.087,0.212,0.088,0.126,0.207,0.192,0.17,0.385,0.488,0.395,0.177,0.093,0.088,0.486,0.256,0.111,0.338,0.266,0.42,0.151,0.45,0.125,0.335,0.089,0.088,0.088,0.086,0.087,0.089,0.087,0.086,0.088,0.087,0.087,0.089,0.087
,6:49:16,47,0.089,0.087,0.086,0.086,0.088,0.086,0.086,0.087,0.089,0.087,0.087,0.087,0.088,0.12,0.125,0.112,0.097,0.102,0.097,0.09,0.094,0.092,0.113,0.087,0.092,0.098,0.083,0.098,0.095,0.107,0.091,0.104,0.09,0.088,0.103,0.087,0.088,0.115,0.086,0.098,0.122,0.088,0.111,0.093,0.103,0.088,0.094,0.087,0.087,0.482,0.206,0.241,0.218,0.408,0.431,0.35,0.101,0.562,0.663,0.089,0.086,0.213,0.088,0.126,0.208,0.193,0.17,0.39,0.494,0.393,0.177,0.093,0.088,0.492,0.258,0.111,0.343,0.266,0.424,0.149,0.453,0.123,0.338,0.09,0.087,0.088,0.086,0.087,0.088,0.087,0.086,0.088,0.087,0.086,0.089,0.086
,6:54:16,47,0.089,0.087,0.086,0.086,0.088,0.086,0.086,0.087,0.089,0.087,0.087,0.087,0.088,0.12,0.125,0.112,0.097,0.102,0.097,0.089,0.093,0.092,0.113,0.087,0.091,0.098,0.083,0.098,0.095,0.106,0.091,0.104,0.09,0.088,0.103,0.087,0.088,0.115,0.086,0.098,0.123,0.088,0.11,0.093,0.102,0.088,0.092,0.088,0.087,0.486,0.208,0.244,0.218,0.408,0.434,0.355,0.101,0.565,0.665,0.089,0.086,0.215,0.087,0.126,0.208,0.195,0.167,0.39,0.5,0.393,0.178,0.093,0.088,0.493,0.26,0.111,0.343,0.27,0.427,0.151,0.459,0.123,0.34,0.089,0.087,0.088,0.086,0.087,0.089,0.087,0.086,0.088,0.086,0.086,0.089,0.087
,6:59:16,47,0.089,0.088,0.086,0.086,0.088,0.086,0.086,0.088,0.089,0.087,0.087,0.087,0.088,0.12,0.125,0.112,0.097,0.102,0.097,0.089,0.094,0.092,0.113,0.088,0.092,0.098,0.083,0.098,0.095,0.106,0.091,0.104,0.089,0.088,0.103,0.087,0.088,0.115,0.086,0.098,0.123,0.088,0.111,0.093,0.102,0.088,0.092,0.088,0.087,0.491,0.209,0.246,0.218,0.415,0.443,0.359,0.101,0.568,0.667,0.089,0.086,0.217,0.088,0.126,0.21,0.196,0.166,0.394,0.504,0.395,0.177,0.093,0.088,0.493,0.258,0.111,0.347,0.274,0.43,0.151,0.46,0.121,0.342,0.089,0.087,0.088,0.086,0.087,0.088,0.087,0.086,0.088,0.087,0.087,0.089,0.087
,7:04:16,47,0.089,0.087,0.086,0.086,0.088,0.086,0.086,0.087,0.089,0.087,0.087,0.087,0.088,0.12,0.125,0.112,0.097,0.102,0.097,0.09,0.094,0.092,0.113,0.087,0.091,0.099,0.083,0.097,0.095,0.106,0.091,0.104,0.089,0.088,0.103,0.087,0.088,0.115,0.085,0.098,0.123,0.088,0.11,0.092,0.102,0.088,0.092,0.088,0.087,0.494,0.209,0.248,0.218,0.416,0.45,0.364,0.101,0.57,0.669,0.089,0.087,0.218,0.088,0.125,0.211,0.196,0.165,0.395,0.51,0.397,0.178,0.093,0.088,0.499,0.261,0.111,0.35,0.276,0.433,0.149,0.464,0.121,0.344,0.089,0.087,0.088,0.086,0.087,0.088,0.087,0.086,0.088,0.087,0.086,0.089,0.086
,7:09:16,46.9,0.089,0.088,0.086,0.086,0.088,0.087,0.087,0.088,0.089,0.087,0.087,0.087,0.088,0.12,0.125,0.112,0.097,0.102,0.097,0.09,0.094,0.093,0.114,0.088,0.092,0.099,0.083,0.098,0.095,0.107,0.092,0.104,0.089,0.089,0.103,0.087,0.088,0.115,0.086,0.098,0.123,0.088,0.11,0.093,0.103,0.088,0.092,0.088,0.087,0.499,0.208,0.25,0.22,0.423,0.458,0.367,0.102,0.575,0.671,0.089,0.087,0.22,0.088,0.126,0.211,0.198,0.164,0.398,0.513,0.397,0.179,0.093,0.088,0.505,0.263,0.111,0.355,0.277,0.436,0.15,0.465,0.12,0.347,0.089,0.088,0.088,0.087,0.087,0.088,0.087,0.086,0.088,0.087,0.087,0.089,0.087
,7:14:16,46.9,0.089,0.087,0.086,0.086,0.088,0.086,0.086,0.088,0.089,0.087,0.087,0.087,0.088,0.12,0.125,0.112,0.097,0.102,0.097,0.089,0.094,0.092,0.113,0.087,0.092,0.099,0.083,0.098,0.095,0.106,0.091,0.104,0.089,0.088,0.103,0.087,0.088,0.115,0.086,0.098,0.123,0.088,0.11,0.093,0.102,0.088,0.092,0.088,0.087,0.5,0.208,0.251,0.221,0.427,0.463,0.372,0.101,0.577,0.671,0.089,0.086,0.22,0.088,0.125,0.212,0.199,0.162,0.4,0.515,0.394,0.179,0.093,0.088,0.509,0.265,0.111,0.359,0.28,0.442,0.15,0.472,0.118,0.349,0.089,0.087,0.088,0.086,0.087,0.089,0.087,0.086,0.088,0.087,0.087,0.089,0.086
,7:19:16,47,0.089,0.087,0.086,0.086,0.088,0.086,0.086,0.088,0.089,0.087,0.087,0.087,0.088,0.12,0.125,0.112,0.097,0.102,0.097,0.089,0.094,0.092,0.114,0.087,0.092,0.099,0.083,0.098,0.095,0.107,0.091,0.104,0.091,0.088,0.103,0.087,0.088,0.115,0.085,0.098,0.123,0.088,0.11,0.093,0.102,0.088,0.092,0.088,0.087,0.504,0.21,0.255,0.222,0.43,0.468,0.377,0.101,0.578,0.673,0.089,0.086,0.224,0.088,0.125,0.213,0.201,0.16,0.402,0.521,0.406,0.179,0.093,0.088,0.504,0.266,0.112,0.358,0.284,0.444,0.151,0.475,0.118,0.352,0.089,0.087,0.088,0.086,0.087,0.089,0.087,0.086,0.088,0.087,0.087,0.089,0.087
,7:24:16,47,0.089,0.088,0.086,0.086,0.088,0.086,0.086,0.088,0.089,0.087,0.087,0.087,0.088,0.12,0.125,0.112,0.097,0.102,0.097,0.089,0.094,0.092,0.113,0.087,0.091,0.099,0.083,0.098,0.095,0.106,0.091,0.104,0.089,0.088,0.103,0.087,0.088,0.115,0.085,0.098,0.123,0.088,0.11,0.093,0.102,0.088,0.092,0.088,0.087,0.505,0.21,0.256,0.219,0.436,0.477,0.383,0.101,0.583,0.675,0.089,0.086,0.225,0.088,0.124,0.215,0.202,0.159,0.406,0.525,0.408,0.179,0.093,0.088,0.503,0.269,0.111,0.36,0.287,0.445,0.15,0.48,0.117,0.354,0.089,0.087,0.088,0.086,0.087,0.088,0.087,0.086,0.088,0.087,0.087,0.089,0.087
,7:29:16,46.9,0.089,0.088,0.086,0.086,0.088,0.086,0.086,0.088,0.089,0.087,0.087,0.087,0.088,0.12,0.124,0.112,0.097,0.102,0.097,0.09,0.094,0.092,0.113,0.087,0.092,0.099,0.083,0.098,0.095,0.107,0.091,0.104,0.089,0.088,0.103,0.087,0.087,0.115,0.085,0.098,0.123,0.088,0.11,0.092,0.103,0.088,0.092,0.088,0.087,0.508,0.211,0.258,0.222,0.436,0.481,0.386,0.101,0.584,0.676,0.089,0.086,0.228,0.088,0.124,0.215,0.203,0.159,0.407,0.529,0.408,0.179,0.093,0.088,0.515,0.269,0.113,0.366,0.288,0.448,0.151,0.479,0.116,0.356,0.089,0.087,0.088,0.086,0.087,0.088,0.087,0.086,0.088,0.087,0.087,0.089,0.087
,7:34:16,47,0.089,0.088,0.086,0.086,0.088,0.086,0.086,0.088,0.089,0.087,0.087,0.087,0.088,0.12,0.125,0.112,0.097,0.102,0.097,0.089,0.094,0.092,0.114,0.088,0.092,0.098,0.083,0.098,0.095,0.106,0.091,0.104,0.09,0.088,0.103,0.087,0.088,0.115,0.086,0.098,0.123,0.088,0.11,0.092,0.102,0.088,0.092,0.088,0.087,0.512,0.211,0.259,0.222,0.441,0.48,0.393,0.101,0.588,0.677,0.089,0.087,0.227,0.088,0.124,0.217,0.204,0.158,0.411,0.532,0.421,0.18,0.093,0.088,0.516,0.273,0.111,0.367,0.289,0.453,0.151,0.483,0.116,0.359,0.089,0.088,0.088,0.086,0.087,0.089,0.087,0.086,0.088,0.087,0.087,0.089,0.087
,7:39:16,46.9,0.089,0.088,0.086,0.086,0.088,0.086,0.086,0.087,0.089,0.087,0.087,0.087,0.088,0.12,0.124,0.112,0.097,0.102,0.097,0.089,0.094,0.093,0.113,0.087,0.091,0.098,0.083,0.097,0.094,0.106,0.091,0.104,0.089,0.088,0.103,0.087,0.087,0.115,0.085,0.097,0.123,0.088,0.109,0.092,0.102,0.088,0.092,0.087,0.087,0.515,0.21,0.262,0.222,0.443,0.487,0.398,0.101,0.59,0.679,0.089,0.086,0.23,0.087,0.124,0.219,0.204,0.156,0.416,0.536,0.424,0.18,0.093,0.088,0.514,0.275,0.111,0.366,0.29,0.453,0.15,0.485,0.115,0.362,0.089,0.087,0.088,0.086,0.087,0.088,0.087,0.086,0.088,0.086,0.086,0.089,0.086
,7:44:16,47,0.089,0.087,0.086,0.086,0.088,0.086,0.086,0.087,0.089,0.087,0.087,0.087,0.088,0.12,0.124,0.112,0.097,0.102,0.097,0.09,0.094,0.092,0.114,0.087,0.092,0.099,0.083,0.098,0.095,0.107,0.091,0.104,0.089,0.088,0.103,0.087,0.088,0.114,0.085,0.097,0.123,0.088,0.109,0.093,0.102,0.088,0.092,0.088,0.087,0.517,0.21,0.264,0.222,0.446,0.488,0.402,0.101,0.593,0.68,0.089,0.086,0.232,0.088,0.124,0.22,0.206,0.155,0.418,0.537,0.418,0.18,0.093,0.088,0.517,0.276,0.111,0.372,0.291,0.455,0.15,0.488,0.114,0.364,0.089,0.087,0.088,0.086,0.087,0.089,0.087,0.086,0.088,0.086,0.087,0.089,0.087
,7:49:16,47,0.089,0.088,0.086,0.086,0.088,0.086,0.086,0.088,0.089,0.087,0.087,0.087,0.088,0.12,0.125,0.112,0.097,0.102,0.097,0.089,0.094,0.093,0.114,0.087,0.092,0.098,0.083,0.097,0.095,0.106,0.091,0.104,0.089,0.088,0.103,0.087,0.088,0.114,0.085,0.097,0.123,0.088,0.109,0.092,0.102,0.088,0.092,0.088,0.087,0.52,0.209,0.266,0.224,0.451,0.492,0.407,0.102,0.594,0.678,0.089,0.086,0.232,0.088,0.123,0.219,0.207,0.154,0.42,0.54,0.416,0.18,0.093,0.088,0.519,0.277,0.111,0.372,0.295,0.456,0.15,0.491,0.113,0.365,0.089,0.087,0.088,0.086,0.087,0.088,0.087,0.086,0.088,0.087,0.087,0.089,0.087
,7:54:16,47,0.089,0.088,0.086,0.086,0.088,0.086,0.086,0.088,0.089,0.087,0.087,0.087,0.088,0.12,0.125,0.112,0.097,0.102,0.097,0.09,0.094,0.092,0.114,0.088,0.092,0.099,0.083,0.098,0.095,0.106,0.091,0.104,0.09,0.088,0.103,0.087,0.088,0.114,0.085,0.097,0.123,0.088,0.109,0.092,0.103,0.088,0.092,0.088,0.087,0.521,0.21,0.268,0.222,0.452,0.496,0.412,0.101,0.596,0.678,0.089,0.087,0.234,0.088,0.123,0.221,0.208,0.152,0.421,0.542,0.42,0.181,0.093,0.088,0.524,0.282,0.111,0.374,0.297,0.463,0.149,0.493,0.112,0.366,0.089,0.088,0.088,0.086,0.087,0.089,0.087,0.086,0.088,0.087,0.087,0.089,0.087
,7:59:16,47,0.089,0.087,0.086,0.086,0.088,0.086,0.086,0.087,0.089,0.087,0.087,0.087,0.088,0.12,0.124,0.112,0.097,0.102,0.097,0.089,0.094,0.092,0.113,0.087,0.092,0.098,0.083,0.097,0.095,0.106,0.091,0.103,0.09,0.088,0.103,0.087,0.088,0.114,0.085,0.097,0.122,0.087,0.109,0.092,0.102,0.088,0.092,0.088,0.087,0.523,0.21,0.27,0.223,0.453,0.497,0.417,0.101,0.597,0.679,0.089,0.087,0.237,0.088,0.123,0.223,0.21,0.153,0.422,0.544,0.43,0.181,0.093,0.088,0.527,0.282,0.112,0.376,0.299,0.463,0.15,0.494,0.112,0.368,0.089,0.087,0.088,0.086,0.087,0.088,0.087,0.086,0.088,0.087,0.087,0.089,0.086
,8:04:16,46.9,0.089,0.087,0.086,0.086,0.088,0.087,0.086,0.088,0.089,0.087,0.087,0.087,0.088,0.12,0.124,0.112,0.097,0.102,0.097,0.09,0.094,0.092,0.114,0.087,0.092,0.098,0.083,0.097,0.095,0.106,0.091,0.104,0.09,0.088,0.103,0.087,0.088,0.114,0.085,0.097,0.123,0.088,0.108,0.092,0.102,0.088,0.092,0.088,0.087,0.526,0.21,0.273,0.222,0.457,0.505,0.421,0.101,0.599,0.68,0.089,0.087,0.238,0.088,0.123,0.224,0.211,0.152,0.423,0.547,0.429,0.182,0.093,0.088,0.526,0.286,0.111,0.379,0.302,0.465,0.149,0.494,0.111,0.37,0.089,0.087,0.088,0.086,0.087,0.089,0.087,0.086,0.088,0.087,0.087,0.089,0.086
,8:09:16,46.9,0.089,0.088,0.086,0.086,0.088,0.086,0.086,0.087,0.089,0.087,0.087,0.087,0.088,0.12,0.124,0.112,0.097,0.102,0.097,0.089,0.094,0.092,0.114,0.088,0.092,0.099,0.083,0.098,0.095,0.106,0.091,0.104,0.089,0.088,0.103,0.087,0.088,0.114,0.086,0.097,0.123,0.088,0.109,0.092,0.102,0.088,0.092,0.087,0.087,0.527,0.209,0.275,0.223,0.458,0.505,0.424,0.101,0.6,0.681,0.089,0.086,0.238,0.088,0.123,0.226,0.211,0.152,0.424,0.548,0.432,0.182,0.093,0.088,0.529,0.29,0.112,0.382,0.303,0.469,0.149,0.493,0.11,0.372,0.089,0.087,0.088,0.086,0.088,0.088,0.087,0.086,0.088,0.087,0.087,0.089,0.087
,8:14:16,47,0.089,0.087,0.086,0.086,0.088,0.086,0.086,0.087,0.089,0.087,0.087,0.087,0.088,0.12,0.124,0.112,0.097,0.102,0.097,0.089,0.094,0.093,0.114,0.087,0.092,0.098,0.083,0.097,0.095,0.106,0.091,0.103,0.089,0.088,0.103,0.087,0.088,0.114,0.085,0.097,0.123,0.087,0.108,0.092,0.102,0.088,0.092,0.088,0.087,0.53,0.209,0.278,0.222,0.465,0.506,0.428,0.101,0.602,0.68,0.088,0.086,0.24,0.088,0.122,0.227,0.212,0.151,0.426,0.55,0.441,0.181,0.092,0.088,0.53,0.29,0.111,0.39,0.303,0.47,0.148,0.497,0.109,0.372,0.089,0.087,0.088,0.086,0.087,0.089,0.087,0.086,0.088,0.087,0.086,0.089,0.086
,8:19:16,47,0.089,0.087,0.086,0.086,0.088,0.086,0.086,0.088,0.089,0.087,0.087,0.087,0.088,0.12,0.124,0.112,0.097,0.102,0.097,0.089,0.094,0.092,0.113,0.087,0.091,0.098,0.083,0.097,0.095,0.106,0.091,0.104,0.089,0.088,0.103,0.087,0.088,0.114,0.085,0.097,0.123,0.088,0.108,0.092,0.102,0.088,0.092,0.088,0.087,0.532,0.209,0.281,0.222,0.461,0.507,0.433,0.101,0.602,0.68,0.088,0.086,0.242,0.088,0.122,0.23,0.213,0.15,0.423,0.551,0.439,0.182,0.093,0.088,0.529,0.292,0.112,0.383,0.306,0.471,0.149,0.499,0.109,0.374,0.089,0.087,0.088,0.086,0.087,0.088,0.087,0.086,0.088,0.087,0.086,0.089,0.086
,8:24:16,46.9,0.089,0.088,0.086,0.086,0.088,0.087,0.086,0.088,0.089,0.087,0.087,0.087,0.088,0.12,0.124,0.112,0.097,0.102,0.097,0.089,0.094,0.092,0.114,0.087,0.092,0.098,0.083,0.097,0.094,0.106,0.091,0.104,0.089,0.088,0.103,0.087,0.088,0.114,0.085,0.097,0.122,0.088,0.108,0.092,0.102,0.088,0.092,0.088,0.087,0.533,0.209,0.283,0.222,0.466,0.513,0.437,0.101,0.605,0.681,0.089,0.087,0.243,0.088,0.121,0.231,0.214,0.15,0.426,0.552,0.446,0.182,0.093,0.088,0.52,0.293,0.112,0.389,0.308,0.475,0.149,0.495,0.109,0.376,0.089,0.087,0.088,0.086,0.087,0.089,0.087,0.086,0.088,0.087,0.087,0.089,0.087
,8:29:16,47,0.089,0.087,0.086,0.086,0.088,0.086,0.086,0.088,0.089,0.087,0.087,0.087,0.088,0.12,0.124,0.112,0.097,0.102,0.097,0.089,0.094,0.092,0.113,0.087,0.091,0.098,0.083,0.097,0.094,0.106,0.091,0.103,0.089,0.088,0.103,0.087,0.087,0.114,0.085,0.097,0.122,0.088,0.108,0.092,0.102,0.088,0.092,0.087,0.087,0.535,0.209,0.287,0.222,0.47,0.514,0.441,0.101,0.605,0.679,0.089,0.086,0.245,0.088,0.121,0.233,0.215,0.149,0.424,0.553,0.448,0.182,0.093,0.088,0.524,0.295,0.112,0.387,0.308,0.475,0.148,0.5,0.108,0.379,0.089,0.087,0.088,0.086,0.087,0.088,0.087,0.086,0.088,0.087,0.086,0.089,0.086
,8:34:16,47,0.089,0.087,0.086,0.087,0.088,0.086,0.086,0.087,0.089,0.087,0.087,0.087,0.088,0.12,0.124,0.112,0.097,0.102,0.097,0.089,0.094,0.092,0.114,0.087,0.091,0.098,0.083,0.098,0.094,0.106,0.091,0.103,0.09,0.088,0.103,0.087,0.088,0.113,0.085,0.097,0.122,0.088,0.108,0.092,0.102,0.088,0.092,0.088,0.087,0.535,0.209,0.289,0.223,0.47,0.515,0.446,0.101,0.606,0.679,0.088,0.086,0.245,0.088,0.121,0.234,0.217,0.149,0.428,0.554,0.453,0.182,0.093,0.088,0.528,0.297,0.112,0.392,0.311,0.481,0.148,0.502,0.107,0.378,0.089,0.087,0.088,0.086,0.087,0.088,0.087,0.086,0.088,0.086,0.086,0.089,0.086
,8:39:16,46.9,0.089,0.087,0.086,0.086,0.088,0.086,0.086,0.088,0.089,0.087,0.087,0.087,0.088,0.12,0.124,0.112,0.097,0.102,0.096,0.089,0.094,0.092,0.114,0.087,0.092,0.098,0.083,0.097,0.094,0.106,0.091,0.103,0.089,0.088,0.103,0.087,0.088,0.113,0.085,0.097,0.122,0.087,0.108,0.092,0.102,0.088,0.092,0.088,0.087,0.537,0.208,0.294,0.223,0.475,0.518,0.45,0.101,0.606,0.68,0.088,0.086,0.244,0.088,0.12,0.236,0.217,0.149,0.429,0.554,0.453,0.182,0.093,0.088,0.526,0.3,0.112,0.394,0.312,0.479,0.148,0.502,0.107,0.379,0.089,0.087,0.088,0.086,0.087,0.088,0.087,0.086,0.088,0.086,0.086,0.089,0.086
,8:44:16,47,0.089,0.087,0.086,0.086,0.088,0.086,0.086,0.087,0.089,0.087,0.087,0.087,0.088,0.12,0.123,0.112,0.097,0.102,0.096,0.089,0.094,0.092,0.114,0.088,0.091,0.099,0.083,0.097,0.094,0.106,0.09,0.103,0.089,0.088,0.103,0.087,0.088,0.113,0.085,0.097,0.123,0.088,0.108,0.092,0.102,0.088,0.092,0.088,0.087,0.538,0.209,0.296,0.221,0.476,0.52,0.452,0.101,0.607,0.68,0.088,0.086,0.251,0.088,0.12,0.238,0.219,0.15,0.426,0.556,0.452,0.182,0.093,0.088,0.526,0.297,0.112,0.397,0.313,0.482,0.149,0.504,0.106,0.381,0.089,0.087,0.088,0.086,0.087,0.089,0.087,0.086,0.088,0.086,0.087,0.089,0.087
,8:49:16,47,0.089,0.088,0.086,0.086,0.088,0.086,0.086,0.088,0.089,0.087,0.087,0.087,0.088,0.12,0.124,0.112,0.097,0.102,0.097,0.089,0.094,0.093,0.114,0.088,0.091,0.098,0.083,0.097,0.095,0.106,0.09,0.103,0.089,0.088,0.103,0.087,0.087,0.113,0.085,0.097,0.122,0.087,0.107,0.091,0.102,0.088,0.092,0.088,0.087,0.54,0.209,0.298,0.221,0.479,0.522,0.457,0.101,0.609,0.681,0.089,0.086,0.251,0.088,0.12,0.241,0.22,0.148,0.429,0.556,0.461,0.182,0.093,0.088,0.52,0.297,0.112,0.394,0.313,0.483,0.148,0.505,0.106,0.383,0.089,0.087,0.088,0.086,0.087,0.089,0.087,0.086,0.088,0.086,0.086,0.089,0.086
,8:54:16,47,0.089,0.087,0.086,0.086,0.088,0.086,0.086,0.088,0.089,0.087,0.087,0.087,0.088,0.12,0.124,0.112,0.097,0.102,0.096,0.089,0.094,0.093,0.114,0.088,0.092,0.098,0.083,0.097,0.095,0.106,0.09,0.103,0.089,0.088,0.103,0.087,0.088,0.113,0.085,0.097,0.123,0.087,0.107,0.091,0.102,0.088,0.092,0.088,0.087,0.54,0.209,0.308,0.222,0.48,0.524,0.457,0.101,0.608,0.677,0.089,0.086,0.248,0.088,0.119,0.24,0.22,0.148,0.428,0.556,0.459,0.181,0.093,0.088,0.52,0.303,0.111,0.4,0.315,0.487,0.148,0.508,0.105,0.38,0.089,0.087,0.088,0.086,0.087,0.089,0.087,0.086,0.088,0.087,0.086,0.089,0.087
,8:59:16,47,0.089,0.087,0.086,0.086,0.088,0.086,0.086,0.087,0.089,0.087,0.087,0.087,0.088,0.12,0.124,0.112,0.097,0.102,0.097,0.089,0.094,0.092,0.114,0.088,0.092,0.098,0.083,0.097,0.094,0.106,0.091,0.103,0.089,0.088,0.103,0.087,0.088,0.113,0.085,0.097,0.123,0.088,0.107,0.092,0.102,0.088,0.092,0.088,0.087,0.542,0.21,0.31,0.222,0.482,0.525,0.462,0.101,0.609,0.679,0.089,0.086,0.252,0.088,0.12,0.243,0.222,0.148,0.43,0.556,0.464,0.181,0.093,0.088,0.519,0.304,0.112,0.402,0.318,0.487,0.148,0.508,0.105,0.382,0.089,0.087,0.088,0.086,0.087,0.089,0.087,0.086,0.088,0.087,0.087,0.089,0.086
,9:04:16,47,0.089,0.087,0.086,0.086,0.088,0.086,0.086,0.088,0.089,0.087,0.087,0.087,0.088,0.12,0.123,0.112,0.097,0.102,0.096,0.089,0.094,0.092,0.113,0.087,0.092,0.098,0.083,0.097,0.095,0.106,0.09,0.103,0.089,0.088,0.103,0.087,0.088,0.113,0.085,0.097,0.122,0.087,0.107,0.092,0.102,0.088,0.092,0.088,0.087,0.542,0.209,0.315,0.221,0.481,0.526,0.465,0.101,0.609,0.678,0.089,0.087,0.253,0.087,0.119,0.246,0.222,0.148,0.429,0.556,0.466,0.182,0.093,0.088,0.52,0.305,0.112,0.41,0.317,0.488,0.148,0.508,0.104,0.385,0.089,0.087,0.088,0.086,0.087,0.089,0.087,0.086,0.088,0.087,0.086,0.089,0.086
,9:09:16,47,0.089,0.088,0.086,0.086,0.088,0.086,0.086,0.088,0.089,0.087,0.087,0.087,0.088,0.12,0.124,0.112,0.097,0.102,0.096,0.09,0.094,0.092,0.114,0.088,0.092,0.099,0.083,0.097,0.094,0.106,0.09,0.103,0.089,0.088,0.103,0.087,0.088,0.113,0.085,0.097,0.123,0.087,0.107,0.091,0.102,0.088,0.092,0.088,0.087,0.542,0.21,0.319,0.223,0.487,0.528,0.469,0.101,0.61,0.677,0.089,0.087,0.254,0.088,0.119,0.245,0.224,0.148,0.429,0.556,0.463,0.182,0.093,0.088,0.516,0.308,0.112,0.407,0.318,0.489,0.148,0.507,0.104,0.385,0.089,0.087,0.088,0.086,0.087,0.089,0.087,0.086,0.088,0.087,0.086,0.089,0.087
,9:14:16,47,0.089,0.087,0.086,0.086,0.088,0.086,0.086,0.088,0.089,0.087,0.087,0.087,0.088,0.12,0.123,0.112,0.097,0.102,0.096,0.089,0.094,0.092,0.114,0.088,0.092,0.098,0.083,0.097,0.094,0.106,0.09,0.103,0.089,0.088,0.103,0.087,0.088,0.113,0.085,0.097,0.122,0.087,0.107,0.091,0.102,0.088,0.092,0.088,0.087,0.543,0.209,0.323,0.223,0.487,0.528,0.47,0.101,0.609,0.677,0.089,0.087,0.255,0.088,0.118,0.246,0.224,0.148,0.43,0.556,0.471,0.182,0.093,0.088,0.516,0.309,0.112,0.41,0.32,0.491,0.147,0.507,0.104,0.386,0.089,0.087,0.088,0.086,0.087,0.089,0.087,0.086,0.088,0.087,0.086,0.089,0.087
,9:19:16,47,0.089,0.088,0.086,0.087,0.088,0.087,0.086,0.088,0.089,0.087,0.087,0.087,0.088,0.12,0.124,0.112,0.097,0.102,0.096,0.089,0.094,0.093,0.114,0.088,0.091,0.098,0.083,0.098,0.094,0.106,0.09,0.103,0.089,0.088,0.103,0.087,0.088,0.113,0.085,0.097,0.122,0.088,0.107,0.091,0.102,0.088,0.092,0.088,0.087,0.542,0.209,0.325,0.224,0.493,0.528,0.473,0.101,0.61,0.678,0.089,0.087,0.257,0.088,0.118,0.248,0.226,0.147,0.43,0.557,0.475,0.182,0.093,0.088,0.513,0.31,0.111,0.413,0.319,0.492,0.148,0.508,0.103,0.388,0.089,0.087,0.088,0.086,0.087,0.089,0.087,0.086,0.088,0.087,0.087,0.089,0.087
,9:24:16,47,0.089,0.087,0.086,0.086,0.088,0.087,0.086,0.088,0.089,0.087,0.087,0.087,0.088,0.12,0.124,0.112,0.097,0.102,0.096,0.089,0.094,0.093,0.114,0.088,0.092,0.098,0.083,0.097,0.094,0.106,0.091,0.103,0.089,0.088,0.103,0.087,0.088,0.113,0.085,0.097,0.123,0.088,0.107,0.092,0.102,0.088,0.092,0.088,0.087,0.543,0.21,0.329,0.224,0.493,0.531,0.479,0.102,0.61,0.68,0.089,0.087,0.258,0.088,0.118,0.249,0.226,0.148,0.431,0.557,0.471,0.182,0.093,0.088,0.515,0.314,0.111,0.418,0.319,0.491,0.147,0.509,0.103,0.389,0.09,0.087,0.088,0.087,0.088,0.089,0.087,0.086,0.088,0.087,0.087,0.089,0.087
,9:29:16,47,0.089,0.088,0.086,0.086,0.088,0.087,0.086,0.088,0.089,0.087,0.087,0.087,0.088,0.12,0.124,0.112,0.097,0.102,0.097,0.09,0.094,0.093,0.114,0.088,0.092,0.098,0.083,0.098,0.094,0.106,0.091,0.103,0.089,0.088,0.103,0.087,0.088,0.113,0.085,0.097,0.122,0.088,0.107,0.092,0.102,0.088,0.093,0.088,0.087,0.543,0.21,0.333,0.223,0.498,0.531,0.479,0.102,0.61,0.678,0.089,0.086,0.258,0.088,0.118,0.251,0.228,0.147,0.431,0.556,0.474,0.182,0.093,0.088,0.519,0.318,0.111,0.417,0.319,0.493,0.148,0.511,0.103,0.39,0.089,0.088,0.088,0.086,0.088,0.089,0.087,0.086,0.088,0.087,0.087,0.089,0.087
,9:34:16,47,0.089,0.087,0.086,0.086,0.088,0.086,0.086,0.087,0.089,0.087,0.087,0.087,0.088,0.12,0.123,0.112,0.097,0.102,0.096,0.089,0.094,0.092,0.113,0.087,0.092,0.098,0.083,0.097,0.094,0.106,0.09,0.103,0.089,0.088,0.103,0.087,0.088,0.113,0.085,0.097,0.122,0.087,0.106,0.091,0.102,0.088,0.092,0.088,0.087,0.544,0.209,0.341,0.223,0.505,0.531,0.482,0.101,0.611,0.679,0.088,0.086,0.257,0.088,0.117,0.253,0.227,0.149,0.43,0.557,0.482,0.182,0.093,0.088,0.518,0.318,0.112,0.423,0.321,0.494,0.147,0.512,0.102,0.391,0.089,0.087,0.088,0.086,0.087,0.089,0.087,0.086,0.088,0.087,0.087,0.089,0.086
,9:39:16,47,0.089,0.088,0.086,0.086,0.088,0.086,0.086,0.087,0.089,0.087,0.087,0.087,0.088,0.12,0.123,0.112,0.097,0.102,0.096,0.089,0.094,0.092,0.113,0.087,0.092,0.098,0.083,0.097,0.094,0.106,0.09,0.103,0.089,0.088,0.103,0.087,0.088,0.113,0.085,0.097,0.122,0.087,0.106,0.091,0.102,0.088,0.092,0.087,0.087,0.543,0.211,0.338,0.222,0.498,0.533,0.483,0.102,0.611,0.679,0.088,0.086,0.262,0.088,0.117,0.254,0.229,0.146,0.43,0.556,0.48,0.182,0.093,0.088,0.514,0.316,0.111,0.425,0.322,0.492,0.146,0.512,0.102,0.391,0.089,0.087,0.088,0.086,0.087,0.088,0.087,0.086,0.088,0.086,0.086,0.089,0.086
,9:44:16,46.9,0.089,0.088,0.086,0.086,0.088,0.087,0.086,0.088,0.089,0.087,0.087,0.087,0.088,0.12,0.123,0.112,0.097,0.102,0.096,0.089,0.094,0.092,0.114,0.087,0.092,0.098,0.083,0.097,0.094,0.106,0.09,0.103,0.089,0.088,0.103,0.087,0.088,0.113,0.085,0.097,0.122,0.088,0.106,0.091,0.102,0.088,0.092,0.088,0.087,0.545,0.211,0.346,0.225,0.503,0.535,0.487,0.102,0.611,0.681,0.089,0.087,0.263,0.088,0.117,0.258,0.229,0.147,0.432,0.557,0.487,0.182,0.093,0.088,0.515,0.32,0.111,0.424,0.324,0.494,0.147,0.513,0.102,0.395,0.089,0.087,0.088,0.086,0.087,0.088,0.087,0.086,0.088,0.087,0.086,0.089,0.086
,9:49:16,47,0.089,0.088,0.087,0.087,0.088,0.087,0.086,0.088,0.089,0.087,0.087,0.087,0.088,0.12,0.123,0.112,0.097,0.102,0.096,0.089,0.094,0.093,0.114,0.088,0.092,0.098,0.083,0.097,0.094,0.106,0.09,0.103,0.089,0.088,0.103,0.087,0.088,0.113,0.085,0.097,0.122,0.087,0.106,0.091,0.102,0.088,0.092,0.088,0.087,0.545,0.212,0.349,0.225,0.497,0.535,0.489,0.102,0.611,0.68,0.089,0.087,0.265,0.088,0.116,0.258,0.229,0.153,0.43,0.557,0.488,0.183,0.093,0.088,0.513,0.32,0.111,0.427,0.325,0.495,0.147,0.511,0.102,0.395,0.089,0.088,0.088,0.086,0.088,0.088,0.087,0.086,0.088,0.087,0.087,0.089,0.086
,9:54:16,47,0.089,0.087,0.086,0.086,0.088,0.086,0.086,0.087,0.089,0.087,0.087,0.087,0.088,0.12,0.123,0.112,0.096,0.102,0.096,0.089,0.094,0.092,0.113,0.087,0.091,0.098,0.083,0.097,0.094,0.106,0.09,0.103,0.089,0.088,0.103,0.087,0.088,0.112,0.085,0.097,0.122,0.087,0.106,0.091,0.102,0.088,0.092,0.088,0.087,0.544,0.212,0.35,0.224,0.498,0.534,0.489,0.101,0.609,0.68,0.088,0.086,0.263,0.087,0.116,0.262,0.23,0.145,0.431,0.555,0.486,0.182,0.093,0.088,0.514,0.322,0.111,0.429,0.326,0.495,0.146,0.513,0.101,0.395,0.089,0.087,0.088,0.086,0.087,0.088,0.087,0.086,0.088,0.086,0.086,0.089,0.086
,9:59:16,47,0.089,0.088,0.086,0.086,0.088,0.086,0.086,0.087,0.089,0.087,0.087,0.087,0.088,0.12,0.123,0.112,0.097,0.102,0.096,0.089,0.094,0.092,0.114,0.087,0.092,0.098,0.083,0.097,0.094,0.106,0.09,0.103,0.089,0.088,0.103,0.087,0.088,0.112,0.085,0.097,0.122,0.087,0.106,0.091,0.102,0.088,0.092,0.088,0.087,0.545,0.213,0.354,0.225,0.5,0.537,0.49,0.101,0.609,0.681,0.089,0.087,0.268,0.088,0.116,0.264,0.23,0.146,0.43,0.556,0.488,0.181,0.093,0.088,0.511,0.323,0.111,0.43,0.325,0.495,0.146,0.514,0.101,0.396,0.089,0.087,0.088,0.086,0.087,0.089,0.087,0.086,0.088,0.086,0.086,0.089,0.087
,10:04:16,46.9,0.089,0.088,0.086,0.086,0.088,0.086,0.086,0.087,0.089,0.087,0.087,0.087,0.088,0.12,0.123,0.112,0.097,0.102,0.096,0.089,0.094,0.092,0.113,0.087,0.092,0.098,0.083,0.097,0.094,0.106,0.09,0.103,0.09,0.088,0.103,0.088,0.088,0.112,0.085,0.097,0.122,0.087,0.106,0.091,0.102,0.088,0.092,0.088,0.087,0.546,0.213,0.356,0.224,0.505,0.536,0.494,0.102,0.607,0.679,0.089,0.087,0.271,0.088,0.115,0.267,0.231,0.147,0.43,0.556,0.488,0.182,0.093,0.088,0.514,0.325,0.111,0.426,0.323,0.497,0.147,0.514,0.101,0.396,0.089,0.087,0.088,0.087,0.087,0.089,0.087,0.086,0.088,0.087,0.087,0.089,0.086
,10:09:16,46.9,0.089,0.087,0.086,0.086,0.089,0.086,0.086,0.087,0.089,0.087,0.087,0.087,0.088,0.12,0.123,0.112,0.096,0.102,0.096,0.089,0.094,0.092,0.114,0.087,0.092,0.098,0.083,0.097,0.094,0.106,0.09,0.103,0.09,0.088,0.103,0.087,0.087,0.112,0.085,0.097,0.122,0.087,0.106,0.091,0.102,0.088,0.092,0.088,0.087,0.543,0.213,0.36,0.225,0.502,0.533,0.494,0.101,0.608,0.68,0.089,0.086,0.271,0.088,0.115,0.27,0.232,0.146,0.431,0.557,0.491,0.18,0.093,0.088,0.511,0.329,0.111,0.428,0.321,0.496,0.146,0.515,0.101,0.397,0.089,0.087,0.088,0.086,0.087,0.089,0.087,0.086,0.088,0.087,0.087,0.089,0.086
,10:14:16,47,0.089,0.087,0.086,0.086,0.088,0.086,0.086,0.088,0.089,0.087,0.087,0.087,0.088,0.119,0.123,0.112,0.096,0.102,0.096,0.089,0.094,0.092,0.114,0.087,0.091,0.098,0.083,0.097,0.094,0.105,0.09,0.102,0.09,0.088,0.102,0.087,0.088,0.112,0.085,0.097,0.122,0.087,0.106,0.091,0.102,0.088,0.092,0.088,0.087,0.542,0.214,0.361,0.225,0.509,0.533,0.495,0.101,0.607,0.68,0.089,0.087,0.274,0.087,0.115,0.272,0.231,0.146,0.43,0.555,0.494,0.181,0.093,0.088,0.508,0.327,0.111,0.43,0.325,0.497,0.145,0.516,0.101,0.397,0.089,0.087,0.088,0.086,0.087,0.088,0.087,0.086,0.088,0.087,0.086,0.089,0.086
,10:19:16,47,0.089,0.088,0.086,0.087,0.088,0.086,0.086,0.087,0.089,0.087,0.087,0.087,0.088,0.12,0.123,0.112,0.096,0.102,0.096,0.089,0.094,0.092,0.114,0.088,0.092,0.098,0.083,0.097,0.094,0.106,0.09,0.103,0.089,0.088,0.103,0.087,0.088,0.112,0.085,0.097,0.122,0.087,0.105,0.091,0.102,0.088,0.092,0.088,0.087,0.544,0.214,0.361,0.225,0.518,0.536,0.498,0.102,0.606,0.68,0.088,0.087,0.271,0.088,0.114,0.273,0.233,0.145,0.429,0.557,0.496,0.18,0.093,0.088,0.518,0.324,0.112,0.432,0.325,0.495,0.145,0.516,0.101,0.396,0.089,0.087,0.088,0.086,0.087,0.088,0.087,0.086,0.088,0.087,0.087,0.089,0.087
,10:24:16,47,0.089,0.087,0.086,0.086,0.088,0.086,0.086,0.087,0.089,0.087,0.087,0.087,0.088,0.12,0.122,0.112,0.096,0.102,0.096,0.089,0.094,0.092,0.114,0.087,0.091,0.098,0.083,0.097,0.094,0.106,0.09,0.103,0.089,0.088,0.103,0.087,0.088,0.112,0.085,0.097,0.122,0.087,0.105,0.091,0.101,0.088,0.092,0.087,0.087,0.543,0.214,0.365,0.225,0.507,0.533,0.5,0.102,0.605,0.679,0.088,0.086,0.272,0.088,0.115,0.271,0.232,0.146,0.428,0.554,0.5,0.18,0.093,0.088,0.508,0.326,0.111,0.435,0.322,0.498,0.145,0.515,0.1,0.396,0.089,0.087,0.088,0.086,0.087,0.089,0.087,0.086,0.088,0.087,0.086,0.089,0.086
,10:29:16,47,0.089,0.088,0.086,0.086,0.088,0.087,0.086,0.088,0.089,0.087,0.087,0.087,0.088,0.12,0.123,0.112,0.096,0.102,0.096,0.089,0.094,0.092,0.114,0.087,0.092,0.098,0.083,0.097,0.094,0.106,0.09,0.103,0.089,0.088,0.103,0.087,0.088,0.112,0.085,0.097,0.122,0.087,0.105,0.091,0.102,0.088,0.092,0.088,0.087,0.544,0.216,0.364,0.225,0.506,0.537,0.502,0.102,0.605,0.68,0.089,0.087,0.273,0.088,0.114,0.274,0.233,0.146,0.43,0.557,0.497,0.18,0.093,0.088,0.509,0.326,0.111,0.435,0.323,0.499,0.145,0.516,0.101,0.398,0.089,0.087,0.088,0.086,0.087,0.089,0.087,0.086,0.088,0.087,0.087,0.089,0.087
,10:34:16,47,0.089,0.087,0.086,0.086,0.088,0.086,0.086,0.087,0.089,0.087,0.087,0.087,0.088,0.119,0.122,0.112,0.096,0.102,0.096,0.089,0.094,0.092,0.113,0.087,0.091,0.098,0.083,0.097,0.094,0.105,0.09,0.103,0.089,0.088,0.102,0.087,0.088,0.112,0.085,0.097,0.121,0.087,0.105,0.091,0.101,0.088,0.092,0.087,0.087,0.542,0.216,0.368,0.224,0.509,0.535,0.503,0.101,0.602,0.681,0.088,0.086,0.273,0.088,0.114,0.276,0.233,0.144,0.43,0.554,0.499,0.18,0.092,0.088,0.513,0.332,0.111,0.438,0.324,0.497,0.145,0.516,0.1,0.397,0.089,0.087,0.088,0.086,0.087,0.088,0.087,0.086,0.088,0.086,0.086,0.089,0.086
,10:39:16,47,0.089,0.087,0.086,0.086,0.088,0.087,0.086,0.088,0.089,0.087,0.087,0.087,0.088,0.12,0.122,0.112,0.096,0.102,0.096,0.089,0.094,0.092,0.114,0.088,0.092,0.098,0.083,0.097,0.094,0.105,0.09,0.102,0.089,0.088,0.103,0.087,0.088,0.112,0.085,0.097,0.121,0.087,0.105,0.091,0.101,0.088,0.092,0.088,0.087,0.543,0.217,0.37,0.225,0.511,0.534,0.501,0.101,0.601,0.679,0.089,0.087,0.274,0.087,0.114,0.277,0.234,0.145,0.428,0.554,0.505,0.179,0.093,0.088,0.504,0.333,0.112,0.435,0.323,0.496,0.144,0.518,0.1,0.396,0.089,0.087,0.088,0.087,0.087,0.088,0.087,0.086,0.088,0.087,0.087,0.089,0.086
,10:44:16,47,0.089,0.088,0.086,0.086,0.088,0.086,0.086,0.088,0.089,0.087,0.087,0.087,0.088,0.12,0.122,0.112,0.096,0.102,0.096,0.089,0.094,0.092,0.114,0.087,0.092,0.098,0.083,0.097,0.094,0.105,0.09,0.102,0.089,0.088,0.102,0.087,0.088,0.112,0.085,0.097,0.122,0.087,0.105,0.091,0.102,0.088,0.092,0.088,0.087,0.541,0.216,0.373,0.226,0.509,0.536,0.501,0.102,0.601,0.68,0.089,0.087,0.272,0.088,0.113,0.28,0.234,0.146,0.428,0.554,0.5,0.179,0.093,0.088,0.51,0.331,0.112,0.44,0.323,0.497,0.145,0.518,0.1,0.397,0.089,0.088,0.088,0.086,0.088,0.089,0.087,0.086,0.088,0.087,0.087,0.089,0.086
,10:49:16,47,0.089,0.088,0.086,0.086,0.088,0.086,0.086,0.088,0.089,0.087,0.087,0.087,0.088,0.12,0.122,0.112,0.096,0.102,0.096,0.089,0.094,0.092,0.113,0.087,0.092,0.098,0.083,0.097,0.094,0.105,0.09,0.102,0.089,0.088,0.102,0.087,0.088,0.112,0.084,0.097,0.122,0.087,0.105,0.09,0.101,0.088,0.092,0.087,0.087,0.54,0.217,0.373,0.225,0.511,0.535,0.505,0.101,0.598,0.681,0.089,0.086,0.273,0.088,0.112,0.28,0.235,0.145,0.427,0.554,0.502,0.179,0.093,0.088,0.509,0.335,0.111,0.445,0.333,0.495,0.143,0.518,0.1,0.399,0.089,0.087,0.088,0.086,0.087,0.088,0.087,0.086,0.088,0.087,0.086,0.089,0.086
,10:54:16,47,0.089,0.088,0.086,0.086,0.088,0.086,0.086,0.087,0.089,0.087,0.087,0.087,0.088,0.12,0.122,0.112,0.096,0.102,0.096,0.089,0.094,0.092,0.113,0.087,0.092,0.098,0.083,0.097,0.094,0.105,0.09,0.102,0.089,0.088,0.102,0.087,0.088,0.112,0.085,0.097,0.122,0.087,0.105,0.091,0.101,0.088,0.092,0.088,0.087,0.541,0.217,0.374,0.224,0.51,0.535,0.505,0.102,0.597,0.683,0.089,0.086,0.275,0.088,0.113,0.28,0.232,0.145,0.425,0.553,0.508,0.18,0.093,0.088,0.507,0.337,0.112,0.444,0.325,0.498,0.144,0.52,0.1,0.4,0.089,0.087,0.088,0.086,0.087,0.088,0.087,0.086,0.088,0.087,0.086,0.089,0.086
,10:59:16,46.9,0.089,0.087,0.086,0.086,0.088,0.086,0.086,0.087,0.089,0.087,0.087,0.087,0.088,0.119,0.123,0.112,0.096,0.102,0.096,0.089,0.094,0.092,0.113,0.087,0.092,0.098,0.083,0.097,0.094,0.105,0.09,0.102,0.088,0.088,0.102,0.087,0.088,0.112,0.085,0.097,0.122,0.087,0.104,0.091,0.101,0.088,0.092,0.088,0.087,0.54,0.217,0.377,0.223,0.517,0.535,0.504,0.101,0.595,0.681,0.089,0.087,0.274,0.088,0.112,0.282,0.234,0.144,0.426,0.554,0.512,0.179,0.093,0.088,0.508,0.337,0.111,0.444,0.322,0.497,0.144,0.52,0.1,0.399,0.089,0.087,0.088,0.086,0.087,0.088,0.087,0.086,0.088,0.087,0.087,0.089,0.086
,11:04:16,46.9,0.089,0.088,0.086,0.086,0.088,0.086,0.086,0.088,0.089,0.087,0.087,0.087,0.088,0.119,0.122,0.112,0.096,0.102,0.096,0.089,0.094,0.092,0.114,0.087,0.092,0.098,0.083,0.097,0.094,0.105,0.09,0.102,0.089,0.088,0.103,0.087,0.088,0.112,0.084,0.097,0.122,0.087,0.105,0.091,0.101,0.088,0.092,0.088,0.087,0.538,0.217,0.379,0.225,0.524,0.536,0.506,0.102,0.595,0.681,0.089,0.087,0.275,0.088,0.112,0.28,0.235,0.145,0.426,0.553,0.507,0.179,0.093,0.088,0.514,0.335,0.111,0.445,0.332,0.496,0.143,0.518,0.1,0.399,0.089,0.087,0.088,0.086,0.087,0.089,0.087,0.086,0.088,0.087,0.087,0.089,0.086
,11:09:16,47,0.089,0.087,0.086,0.086,0.088,0.086,0.086,0.087,0.089,0.087,0.087,0.087,0.088,0.119,0.122,0.111,0.096,0.102,0.095,0.089,0.094,0.092,0.113,0.087,0.092,0.098,0.083,0.097,0.094,0.106,0.09,0.102,0.089,0.088,0.102,0.087,0.088,0.112,0.084,0.097,0.121,0.087,0.104,0.091,0.102,0.088,0.091,0.087,0.087,0.538,0.218,0.378,0.223,0.511,0.535,0.507,0.102,0.592,0.682,0.088,0.086,0.275,0.088,0.111,0.282,0.235,0.144,0.426,0.553,0.515,0.179,0.093,0.088,0.511,0.34,0.112,0.447,0.33,0.494,0.142,0.519,0.1,0.399,0.089,0.087,0.088,0.086,0.087,0.089,0.087,0.086,0.088,0.086,0.087,0.089,0.086
,11:14:16,47,0.089,0.088,0.086,0.086,0.088,0.086,0.086,0.088,0.089,0.087,0.087,0.087,0.088,0.119,0.122,0.111,0.096,0.102,0.096,0.089,0.094,0.092,0.114,0.087,0.092,0.098,0.083,0.097,0.094,0.105,0.09,0.102,0.089,0.088,0.103,0.087,0.088,0.111,0.085,0.097,0.122,0.087,0.104,0.09,0.101,0.088,0.092,0.088,0.087,0.537,0.22,0.379,0.223,0.516,0.536,0.506,0.102,0.591,0.683,0.088,0.087,0.274,0.088,0.111,0.284,0.235,0.145,0.426,0.553,0.514,0.178,0.093,0.088,0.515,0.337,0.111,0.447,0.329,0.496,0.143,0.518,0.1,0.401,0.089,0.087,0.088,0.086,0.087,0.088,0.087,0.086,0.088,0.087,0.087,0.089,0.086
,11:19:16,47,0.089,0.088,0.086,0.086,0.088,0.087,0.087,0.088,0.089,0.087,0.087,0.087,0.088,0.12,0.122,0.111,0.096,0.102,0.096,0.089,0.094,0.092,0.114,0.087,0.092,0.098,0.083,0.097,0.094,0.105,0.09,0.102,0.089,0.088,0.103,0.087,0.088,0.112,0.084,0.097,0.122,0.087,0.104,0.091,0.101,0.088,0.092,0.088,0.087,0.537,0.221,0.383,0.223,0.524,0.535,0.512,0.102,0.59,0.682,0.089,0.087,0.275,0.088,0.111,0.284,0.235,0.146,0.427,0.553,0.516,0.178,0.093,0.088,0.512,0.34,0.111,0.447,0.33,0.494,0.143,0.522,0.1,0.4,0.089,0.087,0.088,0.086,0.087,0.089,0.087,0.086,0.088,0.087,0.087,0.089,0.086
,11:24:16,47,0.089,0.088,0.086,0.086,0.088,0.086,0.086,0.088,0.089,0.087,0.087,0.087,0.088,0.12,0.122,0.112,0.096,0.102,0.095,0.089,0.094,0.092,0.113,0.087,0.092,0.098,0.083,0.097,0.094,0.105,0.09,0.102,0.089,0.088,0.102,0.087,0.088,0.111,0.084,0.097,0.122,0.087,0.104,0.09,0.101,0.087,0.092,0.088,0.087,0.535,0.222,0.382,0.221,0.517,0.534,0.508,0.101,0.587,0.682,0.089,0.086,0.274,0.088,0.111,0.285,0.235,0.144,0.426,0.552,0.515,0.178,0.093,0.088,0.511,0.341,0.111,0.451,0.332,0.494,0.143,0.524,0.1,0.399,0.089,0.087,0.088,0.086,0.087,0.089,0.087,0.086,0.088,0.087,0.087,0.089,0.086
,11:29:16,46.9,0.089,0.088,0.086,0.086,0.088,0.086,0.086,0.087,0.089,0.087,0.087,0.087,0.088,0.12,0.122,0.111,0.096,0.102,0.095,0.089,0.094,0.092,0.113,0.087,0.092,0.098,0.083,0.097,0.094,0.105,0.09,0.102,0.089,0.088,0.102,0.087,0.088,0.111,0.084,0.097,0.122,0.087,0.104,0.09,0.101,0.088,0.092,0.088,0.087,0.534,0.222,0.384,0.221,0.513,0.534,0.509,0.101,0.585,0.684,0.089,0.087,0.275,0.088,0.11,0.286,0.236,0.144,0.423,0.552,0.512,0.178,0.093,0.088,0.511,0.341,0.111,0.452,0.327,0.493,0.142,0.522,0.1,0.4,0.089,0.087,0.088,0.086,0.087,0.089,0.087,0.086,0.088,0.087,0.087,0.089,0.086
,11:34:16,47,0.089,0.087,0.086,0.086,0.088,0.086,0.086,0.088,0.089,0.087,0.087,0.087,0.088,0.119,0.122,0.112,0.096,0.102,0.095,0.089,0.094,0.092,0.113,0.087,0.092,0.098,0.083,0.097,0.093,0.105,0.09,0.102,0.089,0.088,0.103,0.087,0.088,0.111,0.084,0.097,0.122,0.087,0.104,0.09,0.101,0.088,0.092,0.088,0.087,0.534,0.224,0.387,0.222,0.515,0.534,0.508,0.102,0.584,0.684,0.089,0.087,0.274,0.088,0.11,0.286,0.235,0.145,0.424,0.553,0.516,0.177,0.093,0.088,0.508,0.342,0.111,0.45,0.332,0.491,0.142,0.521,0.1,0.4,0.089,0.087,0.088,0.086,0.087,0.088,0.087,0.086,0.088,0.087,0.087,0.089,0.086
,11:39:16,46.9,0.089,0.087,0.086,0.086,0.088,0.086,0.086,0.087,0.089,0.087,0.087,0.087,0.088,0.119,0.122,0.112,0.096,0.102,0.095,0.089,0.094,0.092,0.113,0.087,0.091,0.098,0.083,0.097,0.094,0.105,0.09,0.102,0.089,0.088,0.103,0.087,0.088,0.111,0.084,0.097,0.121,0.087,0.104,0.09,0.101,0.088,0.092,0.088,0.087,0.533,0.224,0.389,0.221,0.519,0.534,0.506,0.101,0.584,0.686,0.088,0.086,0.273,0.088,0.11,0.287,0.236,0.145,0.423,0.551,0.518,0.177,0.093,0.088,0.506,0.343,0.111,0.454,0.328,0.491,0.142,0.52,0.099,0.403,0.089,0.087,0.088,0.086,0.087,0.089,0.087,0.086,0.088,0.086,0.086,0.089,0.086
,11:44:16,47,0.088,0.087,0.086,0.086,0.087,0.086,0.086,0.087,0.089,0.087,0.087,0.087,0.088,0.119,0.122,0.111,0.096,0.101,0.095,0.089,0.094,0.092,0.113,0.087,0.091,0.098,0.083,0.097,0.093,0.105,0.09,0.102,0.088,0.088,0.102,0.087,0.088,0.111,0.084,0.097,0.121,0.087,0.103,0.09,0.101,0.088,0.091,0.088,0.087,0.533,0.226,0.39,0.221,0.518,0.534,0.509,0.101,0.581,0.685,0.089,0.086,0.274,0.087,0.109,0.286,0.236,0.145,0.424,0.552,0.519,0.177,0.092,0.088,0.51,0.343,0.111,0.455,0.328,0.491,0.14,0.523,0.099,0.402,0.089,0.087,0.088,0.086,0.087,0.088,0.087,0.086,0.088,0.086,0.087,0.089,0.086
,11:49:16,47,0.089,0.088,0.086,0.086,0.088,0.086,0.086,0.088,0.089,0.087,0.087,0.087,0.088,0.119,0.122,0.111,0.096,0.102,0.095,0.089,0.094,0.092,0.114,0.087,0.092,0.098,0.083,0.097,0.093,0.105,0.09,0.102,0.09,0.088,0.102,0.087,0.088,0.111,0.084,0.097,0.121,0.087,0.104,0.09,0.101,0.088,0.091,0.088,0.087,0.533,0.228,0.393,0.219,0.522,0.532,0.507,0.102,0.579,0.686,0.089,0.086,0.273,0.088,0.109,0.286,0.237,0.145,0.424,0.551,0.521,0.178,0.093,0.088,0.512,0.346,0.111,0.455,0.329,0.491,0.142,0.523,0.099,0.403,0.089,0.087,0.088,0.086,0.087,0.088,0.087,0.086,0.088,0.087,0.086,0.089,0.086
,11:54:16,46.9,0.089,0.087,0.086,0.086,0.088,0.086,0.086,0.087,0.089,0.087,0.087,0.087,0.088,0.119,0.122,0.111,0.096,0.102,0.095,0.089,0.094,0.092,0.113,0.087,0.092,0.098,0.083,0.097,0.094,0.105,0.09,0.102,0.088,0.088,0.102,0.087,0.088,0.111,0.084,0.097,0.121,0.087,0.103,0.09,0.101,0.088,0.092,0.088,0.087,0.53,0.23,0.394,0.221,0.522,0.533,0.507,0.102,0.577,0.687,0.088,0.087,0.274,0.088,0.108,0.286,0.235,0.144,0.422,0.551,0.522,0.177,0.092,0.088,0.509,0.342,0.111,0.453,0.33,0.491,0.141,0.523,0.099,0.403,0.089,0.087,0.088,0.086,0.087,0.088,0.087,0.086,0.088,0.086,0.086,0.089,0.086
,11:59:16,47,0.089,0.088,0.086,0.087,0.088,0.086,0.086,0.088,0.089,0.087,0.087,0.087,0.088,0.119,0.122,0.111,0.096,0.102,0.096,0.089,0.094,0.092,0.113,0.088,0.092,0.098,0.083,0.097,0.094,0.105,0.09,0.102,0.089,0.088,0.103,0.087,0.088,0.111,0.084,0.097,0.121,0.087,0.104,0.09,0.101,0.088,0.092,0.088,0.087,0.529,0.23,0.398,0.217,0.517,0.534,0.505,0.102,0.575,0.686,0.089,0.087,0.273,0.088,0.108,0.286,0.236,0.144,0.424,0.55,0.519,0.176,0.093,0.088,0.506,0.345,0.111,0.453,0.328,0.491,0.14,0.526,0.099,0.401,0.089,0.087,0.088,0.087,0.087,0.089,0.087,0.086,0.088,0.087,0.087,0.089,0.086
,12:04:16,47,0.089,0.088,0.086,0.086,0.088,0.086,0.086,0.088,0.089,0.087,0.087,0.087,0.088,0.119,0.122,0.111,0.096,0.102,0.095,0.089,0.094,0.092,0.114,0.087,0.092,0.098,0.083,0.097,0.093,0.105,0.09,0.102,0.088,0.088,0.102,0.087,0.088,0.111,0.084,0.097,0.121,0.087,0.103,0.09,0.101,0.087,0.091,0.088,0.087,0.528,0.232,0.396,0.219,0.52,0.532,0.509,0.102,0.574,0.686,0.089,0.086,0.272,0.088,0.108,0.286,0.235,0.145,0.421,0.551,0.525,0.177,0.093,0.088,0.509,0.345,0.111,0.454,0.328,0.49,0.141,0.525,0.099,0.401,0.089,0.087,0.088,0.086,0.087,0.089,0.087,0.086,0.088,0.087,0.086,0.089,0.086
,12:09:16,47,0.089,0.087,0.086,0.086,0.088,0.086,0.086,0.088,0.089,0.087,0.087,0.087,0.088,0.119,0.122,0.111,0.096,0.102,0.095,0.088,0.094,0.092,0.113,0.087,0.091,0.098,0.083,0.097,0.093,0.105,0.09,0.102,0.089,0.088,0.102,0.087,0.088,0.111,0.084,0.097,0.121,0.087,0.103,0.09,0.101,0.087,0.091,0.087,0.087,0.526,0.233,0.401,0.215,0.522,0.535,0.506,0.102,0.571,0.687,0.089,0.086,0.272,0.088,0.108,0.285,0.236,0.146,0.423,0.549,0.519,0.176,0.093,0.088,0.505,0.345,0.111,0.453,0.329,0.49,0.14,0.523,0.099,0.4,0.089,0.087,0.088,0.086,0.087,0.089,0.087,0.086,0.088,0.087,0.086,0.089,0.086
,12:14:16,47,0.089,0.088,0.086,0.086,0.088,0.086,0.086,0.088,0.089,0.087,0.087,0.087,0.088,0.119,0.122,0.111,0.096,0.102,0.095,0.089,0.094,0.092,0.114,0.087,0.092,0.098,0.083,0.097,0.093,0.105,0.09,0.102,0.089,0.088,0.102,0.087,0.088,0.111,0.084,0.097,0.121,0.087,0.103,0.09,0.101,0.088,0.091,0.088,0.087,0.524,0.233,0.395,0.219,0.521,0.535,0.507,0.102,0.569,0.685,0.089,0.087,0.272,0.088,0.108,0.286,0.234,0.146,0.422,0.549,0.522,0.176,0.093,0.088,0.507,0.344,0.111,0.455,0.326,0.488,0.141,0.526,0.099,0.4,0.089,0.087,0.088,0.086,0.087,0.089,0.087,0.086,0.088,0.087,0.087,0.089,0.086
,12:19:16,46.9,0.089,0.087,0.086,0.086,0.088,0.086,0.086,0.087,0.089,0.087,0.087,0.087,0.088,0.119,0.121,0.111,0.095,0.101,0.095,0.089,0.094,0.092,0.113,0.087,0.092,0.098,0.083,0.097,0.093,0.105,0.09,0.102,0.089,0.088,0.102,0.087,0.088,0.111,0.084,0.097,0.121,0.087,0.103,0.09,0.101,0.087,0.091,0.087,0.087,0.523,0.233,0.396,0.216,0.524,0.532,0.505,0.101,0.567,0.686,0.088,0.086,0.27,0.088,0.107,0.287,0.233,0.144,0.421,0.549,0.518,0.175,0.093,0.088,0.507,0.343,0.111,0.458,0.329,0.488,0.139,0.525,0.099,0.399,0.089,0.087,0.088,0.086,0.087,0.088,0.087,0.086,0.088,0.086,0.087,0.089,0.086
,12:24:16,47,0.089,0.088,0.086,0.086,0.088,0.086,0.086,0.088,0.089,0.087,0.087,0.087,0.088,0.119,0.121,0.111,0.096,0.102,0.095,0.089,0.094,0.092,0.113,0.088,0.092,0.098,0.083,0.097,0.093,0.105,0.09,0.102,0.09,0.088,0.103,0.087,0.088,0.111,0.084,0.097,0.121,0.087,0.103,0.09,0.101,0.088,0.092,0.088,0.087,0.523,0.233,0.399,0.217,0.523,0.534,0.506,0.102,0.566,0.687,0.089,0.087,0.269,0.088,0.107,0.286,0.233,0.145,0.421,0.548,0.526,0.175,0.093,0.088,0.508,0.347,0.111,0.458,0.329,0.487,0.14,0.526,0.099,0.398,0.089,0.087,0.088,0.086,0.087,0.089,0.087,0.086,0.088,0.087,0.087,0.089,0.086
,12:29:16,47,0.089,0.087,0.086,0.086,0.088,0.086,0.086,0.088,0.089,0.087,0.087,0.087,0.088,0.119,0.121,0.111,0.096,0.102,0.095,0.089,0.094,0.092,0.113,0.087,0.091,0.098,0.083,0.097,0.093,0.105,0.089,0.102,0.088,0.088,0.102,0.087,0.088,0.111,0.084,0.097,0.121,0.087,0.102,0.09,0.1,0.087,0.091,0.087,0.087,0.521,0.235,0.4,0.216,0.52,0.533,0.506,0.102,0.563,0.686,0.088,0.087,0.271,0.088,0.106,0.286,0.231,0.145,0.421,0.549,0.525,0.175,0.093,0.088,0.509,0.345,0.111,0.459,0.327,0.485,0.139,0.527,0.099,0.397,0.089,0.087,0.088,0.086,0.087,0.088,0.087,0.086,0.088,0.087,0.087,0.089,0.086
,12:34:16,47,0.089,0.088,0.086,0.086,0.088,0.086,0.086,0.088,0.089,0.087,0.087,0.087,0.088,0.119,0.121,0.111,0.096,0.102,0.095,0.089,0.094,0.092,0.113,0.087,0.092,0.098,0.083,0.097,0.094,0.105,0.09,0.102,0.088,0.088,0.102,0.087,0.088,0.111,0.084,0.097,0.121,0.087,0.103,0.09,0.101,0.087,0.091,0.088,0.087,0.52,0.234,0.401,0.217,0.526,0.532,0.505,0.102,0.562,0.687,0.088,0.086,0.27,0.088,0.106,0.286,0.231,0.144,0.422,0.547,0.524,0.175,0.093,0.088,0.506,0.344,0.111,0.459,0.329,0.485,0.139,0.524,0.099,0.399,0.089,0.087,0.088,0.086,0.087,0.088,0.087,0.086,0.088,0.087,0.087,0.089,0.086
,12:39:16,46.9,0.089,0.088,0.086,0.086,0.088,0.087,0.086,0.088,0.089,0.087,0.087,0.087,0.088,0.119,0.121,0.111,0.096,0.101,0.095,0.089,0.094,0.092,0.113,0.087,0.092,0.098,0.083,0.097,0.093,0.105,0.09,0.101,0.089,0.088,0.102,0.087,0.088,0.111,0.084,0.097,0.121,0.087,0.103,0.09,0.101,0.088,0.091,0.088,0.087,0.517,0.234,0.404,0.217,0.521,0.533,0.505,0.102,0.562,0.688,0.089,0.087,0.27,0.088,0.106,0.287,0.231,0.144,0.422,0.547,0.528,0.174,0.093,0.088,0.505,0.345,0.112,0.456,0.324,0.484,0.139,0.525,0.099,0.399,0.089,0.088,0.088,0.086,0.087,0.089,0.087,0.086,0.088,0.087,0.087,0.089,0.086
,12:44:16,47,0.089,0.088,0.086,0.086,0.088,0.086,0.086,0.088,0.089,0.087,0.087,0.087,0.088,0.119,0.121,0.111,0.096,0.102,0.095,0.089,0.094,0.092,0.114,0.088,0.092,0.098,0.083,0.097,0.093,0.105,0.089,0.101,0.089,0.088,0.102,0.087,0.088,0.111,0.084,0.097,0.121,0.087,0.102,0.09,0.101,0.087,0.091,0.088,0.087,0.517,0.234,0.402,0.216,0.522,0.532,0.505,0.102,0.558,0.688,0.089,0.087,0.267,0.088,0.105,0.286,0.23,0.145,0.422,0.547,0.527,0.175,0.093,0.088,0.504,0.346,0.112,0.459,0.325,0.485,0.139,0.527,0.099,0.397,0.089,0.087,0.088,0.087,0.088,0.089,0.087,0.086,0.088,0.087,0.087,0.089,0.086
,12:49:16,46.9,0.089,0.087,0.086,0.086,0.088,0.086,0.086,0.088,0.089,0.087,0.087,0.087,0.088,0.119,0.121,0.111,0.096,0.101,0.095,0.089,0.094,0.092,0.113,0.087,0.091,0.098,0.083,0.097,0.093,0.105,0.089,0.101,0.088,0.088,0.102,0.087,0.088,0.111,0.084,0.097,0.121,0.087,0.102,0.09,0.101,0.087,0.091,0.088,0.087,0.515,0.235,0.403,0.217,0.522,0.532,0.503,0.102,0.557,0.687,0.089,0.086,0.268,0.087,0.105,0.287,0.232,0.144,0.42,0.546,0.527,0.174,0.093,0.088,0.51,0.348,0.111,0.463,0.325,0.483,0.139,0.526,0.099,0.398,0.089,0.087,0.088,0.086,0.087,0.088,0.087,0.086,0.088,0.087,0.087,0.089,0.086
,12:54:16,47,0.089,0.088,0.086,0.086,0.088,0.086,0.086,0.088,0.089,0.087,0.087,0.087,0.088,0.119,0.121,0.111,0.096,0.101,0.095,0.089,0.094,0.092,0.114,0.087,0.092,0.098,0.083,0.097,0.093,0.105,0.09,0.101,0.089,0.088,0.102,0.087,0.088,0.111,0.084,0.097,0.121,0.087,0.102,0.09,0.101,0.088,0.091,0.088,0.087,0.514,0.235,0.403,0.218,0.521,0.531,0.504,0.102,0.555,0.688,0.088,0.087,0.267,0.088,0.105,0.288,0.229,0.145,0.419,0.547,0.526,0.174,0.093,0.088,0.506,0.348,0.112,0.462,0.325,0.481,0.139,0.528,0.099,0.398,0.089,0.087,0.088,0.086,0.087,0.088,0.087,0.086,0.088,0.087,0.086,0.089,0.086
,12:59:16,47,0.088,0.087,0.086,0.086,0.088,0.086,0.086,0.087,0.089,0.087,0.087,0.087,0.087,0.118,0.121,0.11,0.096,0.101,0.095,0.088,0.094,0.091,0.113,0.087,0.091,0.097,0.082,0.096,0.093,0.104,0.089,0.101,0.088,0.087,0.102,0.086,0.088,0.11,0.084,0.096,0.12,0.086,0.102,0.089,0.1,0.087,0.091,0.087,0.087,0.512,0.235,0.405,0.216,0.522,0.532,0.505,0.101,0.553,0.69,0.088,0.086,0.266,0.087,0.104,0.287,0.229,0.145,0.421,0.544,0.529,0.174,0.092,0.088,0.51,0.348,0.111,0.466,0.326,0.479,0.139,0.527,0.099,0.398,0.089,0.087,0.088,0.086,0.087,0.088,0.087,0.086,0.088,0.086,0.086,0.089,0.086
,13:04:16,47,0.089,0.087,0.086,0.086,0.088,0.086,0.086,0.088,0.089,0.087,0.087,0.087,0.088,0.119,0.121,0.111,0.096,0.101,0.095,0.089,0.094,0.091,0.113,0.087,0.092,0.098,0.083,0.097,0.093,0.105,0.09,0.101,0.088,0.087,0.102,0.087,0.088,0.11,0.084,0.097,0.121,0.087,0.102,0.089,0.1,0.087,0.091,0.088,0.087,0.51,0.236,0.406,0.217,0.526,0.53,0.503,0.101,0.552,0.688,0.089,0.086,0.267,0.087,0.104,0.286,0.228,0.145,0.421,0.546,0.527,0.174,0.092,0.088,0.506,0.35,0.112,0.466,0.325,0.482,0.138,0.525,0.099,0.399,0.089,0.087,0.088,0.086,0.087,0.089,0.087,0.086,0.088,0.086,0.086,0.089,0.086
,13:09:16,47,0.089,0.087,0.086,0.086,0.088,0.086,0.086,0.087,0.089,0.087,0.087,0.087,0.088,0.119,0.121,0.111,0.096,0.101,0.095,0.089,0.094,0.091,0.113,0.087,0.092,0.098,0.083,0.096,0.093,0.105,0.089,0.101,0.088,0.088,0.102,0.087,0.088,0.111,0.084,0.097,0.121,0.087,0.102,0.09,0.101,0.087,0.091,0.087,0.087,0.508,0.235,0.407,0.219,0.525,0.53,0.503,0.102,0.551,0.689,0.088,0.087,0.266,0.088,0.104,0.285,0.229,0.144,0.421,0.546,0.529,0.174,0.093,0.088,0.509,0.351,0.111,0.472,0.328,0.479,0.137,0.526,0.099,0.399,0.089,0.087,0.088,0.086,0.087,0.089,0.087,0.086,0.088,0.087,0.086,0.089,0.086
,13:14:16,47,0.089,0.087,0.086,0.086,0.088,0.086,0.086,0.087,0.089,0.087,0.087,0.086,0.088,0.119,0.121,0.111,0.096,0.101,0.095,0.088,0.094,0.091,0.113,0.087,0.091,0.098,0.083,0.096,0.093,0.104,0.09,0.101,0.088,0.088,0.102,0.087,0.088,0.11,0.084,0.097,0.12,0.087,0.102,0.089,0.1,0.087,0.091,0.087,0.087,0.506,0.235,0.408,0.219,0.525,0.533,0.503,0.102,0.549,0.688,0.088,0.086,0.265,0.088,0.103,0.287,0.23,0.144,0.419,0.544,0.526,0.174,0.092,0.088,0.518,0.347,0.112,0.473,0.323,0.479,0.137,0.524,0.099,0.396,0.089,0.087,0.088,0.086,0.087,0.088,0.087,0.086,0.088,0.086,0.086,0.089,0.086
,13:19:16,47,0.089,0.087,0.086,0.086,0.088,0.086,0.086,0.087,0.089,0.087,0.087,0.087,0.088,0.119,0.121,0.111,0.095,0.101,0.095,0.089,0.094,0.092,0.113,0.087,0.091,0.098,0.083,0.096,0.093,0.105,0.09,0.101,0.088,0.088,0.102,0.087,0.088,0.11,0.084,0.097,0.12,0.087,0.102,0.089,0.1,0.087,0.091,0.087,0.087,0.504,0.235,0.408,0.217,0.52,0.531,0.501,0.102,0.546,0.689,0.088,0.086,0.266,0.087,0.103,0.288,0.229,0.145,0.42,0.545,0.525,0.173,0.092,0.088,0.508,0.349,0.112,0.47,0.326,0.478,0.137,0.526,0.099,0.396,0.089,0.087,0.088,0.086,0.087,0.088,0.087,0.086,0.088,0.087,0.086,0.089,0.086
,13:24:16,47,0.089,0.087,0.086,0.086,0.088,0.086,0.086,0.087,0.089,0.087,0.087,0.086,0.088,0.118,0.121,0.111,0.095,0.101,0.094,0.088,0.094,0.091,0.113,0.087,0.091,0.098,0.083,0.096,0.093,0.104,0.089,0.101,0.088,0.087,0.102,0.087,0.087,0.11,0.084,0.097,0.12,0.086,0.102,0.089,0.1,0.087,0.091,0.087,0.087,0.503,0.235,0.409,0.217,0.523,0.528,0.503,0.102,0.545,0.687,0.088,0.086,0.264,0.087,0.103,0.287,0.227,0.145,0.419,0.543,0.528,0.173,0.092,0.088,0.508,0.35,0.111,0.477,0.324,0.479,0.136,0.528,0.099,0.397,0.089,0.087,0.088,0.086,0.087,0.088,0.087,0.086,0.088,0.086,0.086,0.089,0.086
,13:29:16,46.9,0.089,0.087,0.086,0.086,0.088,0.086,0.086,0.087,0.089,0.087,0.087,0.087,0.088,0.118,0.121,0.11,0.095,0.101,0.094,0.09,0.094,0.091,0.113,0.087,0.091,0.098,0.083,0.096,0.093,0.104,0.089,0.101,0.088,0.088,0.102,0.087,0.087,0.11,0.084,0.097,0.12,0.087,0.102,0.089,0.1,0.087,0.091,0.087,0.087,0.501,0.236,0.408,0.218,0.52,0.53,0.499,0.101,0.543,0.688,0.088,0.086,0.262,0.087,0.103,0.288,0.228,0.145,0.418,0.543,0.523,0.172,0.092,0.088,0.507,0.346,0.112,0.473,0.325,0.477,0.136,0.527,0.099,0.395,0.089,0.087,0.087,0.086,0.087,0.088,0.087,0.086,0.088,0.086,0.086,0.089,0.086
,13:34:16,47,0.089,0.087,0.086,0.086,0.088,0.086,0.086,0.087,0.089,0.087,0.087,0.087,0.088,0.118,0.12,0.11,0.095,0.101,0.094,0.088,0.094,0.091,0.113,0.087,0.091,0.097,0.083,0.096,0.093,0.104,0.089,0.101,0.088,0.087,0.102,0.087,0.088,0.11,0.084,0.096,0.12,0.086,0.101,0.089,0.1,0.087,0.091,0.087,0.087,0.5,0.235,0.408,0.218,0.519,0.529,0.503,0.101,0.541,0.688,0.088,0.086,0.264,0.087,0.103,0.285,0.228,0.144,0.419,0.542,0.525,0.173,0.093,0.088,0.507,0.348,0.111,0.475,0.323,0.472,0.136,0.526,0.099,0.396,0.089,0.087,0.088,0.086,0.087,0.088,0.087,0.086,0.088,0.086,0.086,0.089,0.086
,13:39:16,46.9,0.089,0.088,0.086,0.086,0.088,0.086,0.086,0.087,0.089,0.087,0.087,0.087,0.088,0.119,0.121,0.111,0.096,0.101,0.094,0.089,0.094,0.092,0.114,0.087,0.092,0.098,0.083,0.097,0.093,0.105,0.089,0.101,0.088,0.087,0.102,0.087,0.088,0.11,0.084,0.097,0.12,0.087,0.101,0.089,0.1,0.087,0.091,0.088,0.087,0.498,0.235,0.409,0.218,0.524,0.529,0.502,0.102,0.54,0.689,0.088,0.086,0.264,0.088,0.102,0.288,0.228,0.145,0.419,0.543,0.529,0.172,0.093,0.088,0.508,0.348,0.111,0.478,0.325,0.474,0.136,0.529,0.099,0.398,0.089,0.087,0.088,0.086,0.087,0.088,0.087,0.086,0.088,0.086,0.087,0.089,0.086
,13:44:16,47,0.089,0.087,0.086,0.086,0.088,0.086,0.086,0.088,0.089,0.087,0.087,0.087,0.088,0.119,0.12,0.111,0.096,0.101,0.095,0.089,0.094,0.092,0.113,0.087,0.092,0.098,0.083,0.096,0.093,0.104,0.089,0.101,0.088,0.088,0.102,0.087,0.088,0.11,0.084,0.096,0.12,0.087,0.101,0.089,0.1,0.087,0.091,0.087,0.087,0.495,0.236,0.409,0.218,0.525,0.527,0.501,0.102,0.539,0.687,0.088,0.086,0.264,0.088,0.102,0.288,0.229,0.145,0.419,0.543,0.531,0.172,0.093,0.088,0.506,0.352,0.111,0.481,0.323,0.475,0.136,0.527,0.099,0.394,0.089,0.087,0.088,0.086,0.087,0.088,0.087,0.086,0.088,0.087,0.086,0.089,0.086
,13:49:16,47,0.089,0.088,0.086,0.086,0.088,0.086,0.086,0.088,0.089,0.087,0.087,0.087,0.088,0.119,0.121,0.111,0.095,0.101,0.095,0.088,0.094,0.092,0.113,0.087,0.092,0.098,0.083,0.097,0.093,0.104,0.089,0.101,0.088,0.088,0.102,0.087,0.088,0.111,0.084,0.097,0.12,0.087,0.101,0.089,0.1,0.088,0.091,0.088,0.087,0.495,0.235,0.409,0.218,0.526,0.528,0.501,0.102,0.537,0.689,0.088,0.087,0.264,0.088,0.102,0.286,0.228,0.144,0.42,0.542,0.53,0.171,0.093,0.088,0.504,0.348,0.111,0.479,0.325,0.472,0.136,0.529,0.099,0.396,0.089,0.087,0.088,0.086,0.087,0.089,0.087,0.086,0.088,0.087,0.087,0.089,0.086
,13:54:15,47,0.089,0.087,0.086,0.086,0.088,0.086,0.086,0.087,0.089,0.087,0.087,0.087,0.088,0.118,0.12,0.111,0.095,0.101,0.094,0.089,0.094,0.092,0.113,0.087,0.091,0.098,0.083,0.097,0.093,0.104,0.089,0.101,0.088,0.088,0.102,0.087,0.088,0.11,0.084,0.097,0.12,0.087,0.101,0.089,0.1,0.087,0.091,0.087,0.087,0.491,0.236,0.408,0.218,0.523,0.527,0.501,0.102,0.536,0.69,0.088,0.087,0.264,0.088,0.102,0.285,0.227,0.143,0.418,0.541,0.536,0.171,0.092,0.088,0.503,0.349,0.112,0.476,0.321,0.473,0.135,0.528,0.099,0.397,0.089,0.087,0.088,0.086,0.087,0.088,0.087,0.086,0.088,0.086,0.086,0.089,0.086
,13:59:16,47,0.089,0.087,0.086,0.086,0.088,0.086,0.086,0.087,0.089,0.087,0.087,0.087,0.088,0.118,0.12,0.11,0.095,0.101,0.094,0.089,0.094,0.092,0.113,0.087,0.091,0.097,0.083,0.096,0.093,0.104,0.089,0.101,0.088,0.088,0.102,0.087,0.088,0.11,0.084,0.097,0.12,0.087,0.101,0.089,0.1,0.087,0.091,0.087,0.087,0.49,0.235,0.409,0.216,0.522,0.525,0.5,0.101,0.534,0.689,0.088,0.086,0.263,0.088,0.101,0.285,0.228,0.144,0.417,0.539,0.526,0.172,0.092,0.088,0.504,0.35,0.112,0.479,0.324,0.472,0.135,0.526,0.099,0.396,0.089,0.087,0.088,0.086,0.087,0.088,0.087,0.086,0.088,0.087,0.086,0.089,0.086
,14:04:16,47,0.089,0.087,0.086,0.086,0.088,0.086,0.086,0.087,0.089,0.087,0.087,0.086,0.088,0.118,0.12,0.11,0.095,0.101,0.094,0.089,0.094,0.091,0.113,0.087,0.091,0.097,0.083,0.096,0.093,0.104,0.089,0.1,0.088,0.087,0.102,0.087,0.088,0.11,0.084,0.096,0.12,0.086,0.101,0.089,0.1,0.087,0.091,0.087,0.087,0.488,0.237,0.409,0.216,0.522,0.527,0.501,0.101,0.534,0.688,0.088,0.086,0.261,0.087,0.101,0.287,0.227,0.144,0.418,0.539,0.531,0.172,0.092,0.088,0.503,0.349,0.112,0.479,0.323,0.471,0.135,0.529,0.099,0.396,0.089,0.087,0.088,0.086,0.087,0.088,0.087,0.086,0.088,0.087,0.086,0.089,0.086
,14:09:16,47,0.089,0.088,0.086,0.087,0.088,0.086,0.086,0.088,0.089,0.087,0.087,0.087,0.088,0.119,0.121,0.111,0.095,0.101,0.094,0.089,0.094,0.091,0.114,0.087,0.092,0.098,0.083,0.096,0.093,0.104,0.089,0.101,0.088,0.088,0.102,0.087,0.088,0.11,0.084,0.097,0.12,0.087,0.101,0.089,0.1,0.087,0.091,0.088,0.087,0.486,0.236,0.409,0.218,0.524,0.528,0.5,0.102,0.533,0.689,0.088,0.086,0.261,0.088,0.101,0.29,0.228,0.144,0.418,0.54,0.529,0.171,0.093,0.088,0.499,0.351,0.112,0.478,0.321,0.469,0.135,0.528,0.099,0.396,0.089,0.087,0.088,0.086,0.087,0.089,0.087,0.086,0.088,0.087,0.087,0.089,0.086
,14:14:16,47,0.089,0.087,0.086,0.086,0.088,0.086,0.086,0.087,0.089,0.087,0.087,0.087,0.088,0.118,0.12,0.11,0.095,0.101,0.094,0.088,0.094,0.091,0.113,0.087,0.091,0.097,0.083,0.096,0.093,0.104,0.089,0.1,0.088,0.087,0.102,0.087,0.088,0.11,0.084,0.097,0.12,0.087,0.101,0.089,0.1,0.087,0.091,0.087,0.087,0.484,0.235,0.409,0.216,0.521,0.527,0.5,0.101,0.528,0.69,0.088,0.087,0.262,0.088,0.101,0.29,0.228,0.145,0.416,0.539,0.531,0.171,0.092,0.088,0.501,0.352,0.111,0.481,0.323,0.468,0.134,0.528,0.099,0.395,0.089,0.087,0.088,0.086,0.087,0.088,0.087,0.086,0.088,0.086,0.086,0.089,0.086
,14:19:16,47,0.089,0.087,0.086,0.086,0.088,0.086,0.086,0.088,0.089,0.087,0.087,0.086,0.088,0.118,0.12,0.11,0.095,0.101,0.094,0.089,0.094,0.091,0.113,0.087,0.092,0.098,0.083,0.096,0.093,0.104,0.089,0.101,0.088,0.088,0.102,0.087,0.088,0.11,0.084,0.097,0.12,0.087,0.101,0.089,0.1,0.087,0.091,0.087,0.087,0.483,0.238,0.41,0.216,0.522,0.526,0.499,0.102,0.528,0.689,0.088,0.087,0.263,0.088,0.101,0.291,0.227,0.144,0.419,0.539,0.532,0.171,0.093,0.088,0.499,0.349,0.111,0.481,0.32,0.47,0.133,0.529,0.099,0.395,0.089,0.087,0.088,0.086,0.087,0.088,0.087,0.086,0.088,0.086,0.087,0.089,0.086
,14:24:16,47,0.089,0.087,0.086,0.086,0.088,0.086,0.086,0.088,0.089,0.087,0.087,0.086,0.088,0.118,0.12,0.11,0.095,0.101,0.094,0.089,0.094,0.091,0.113,0.087,0.092,0.097,0.083,0.096,0.093,0.104,0.089,0.101,0.088,0.088,0.102,0.087,0.088,0.11,0.084,0.096,0.12,0.086,0.1,0.089,0.1,0.087,0.091,0.087,0.087,0.482,0.238,0.409,0.216,0.522,0.526,0.499,0.102,0.528,0.689,0.088,0.087,0.26,0.087,0.101,0.29,0.228,0.145,0.417,0.539,0.535,0.171,0.092,0.088,0.504,0.35,0.112,0.48,0.323,0.469,0.133,0.525,0.1,0.395,0.089,0.087,0.088,0.086,0.087,0.089,0.087,0.086,0.088,0.086,0.086,0.089,0.086
,14:29:16,47,0.089,0.088,0.086,0.086,0.088,0.086,0.086,0.088,0.089,0.087,0.087,0.087,0.088,0.118,0.12,0.11,0.096,0.101,0.094,0.088,0.094,0.091,0.113,0.087,0.092,0.097,0.083,0.097,0.093,0.104,0.089,0.101,0.088,0.088,0.102,0.087,0.088,0.11,0.084,0.097,0.12,0.087,0.101,0.089,0.1,0.087,0.091,0.088,0.087,0.479,0.236,0.408,0.215,0.521,0.525,0.497,0.102,0.523,0.691,0.089,0.087,0.26,0.088,0.1,0.289,0.227,0.144,0.418,0.538,0.529,0.171,0.092,0.088,0.501,0.351,0.112,0.483,0.322,0.467,0.132,0.527,0.099,0.396,0.089,0.087,0.088,0.086,0.087,0.088,0.087,0.086,0.088,0.087,0.086,0.089,0.086
,14:34:16,46.9,0.089,0.087,0.086,0.086,0.088,0.086,0.086,0.087,0.089,0.087,0.087,0.087,0.088,0.118,0.12,0.11,0.095,0.101,0.094,0.088,0.094,0.091,0.113,0.087,0.092,0.097,0.083,0.096,0.092,0.104,0.089,0.101,0.088,0.088,0.102,0.087,0.088,0.11,0.084,0.097,0.12,0.087,0.1,0.089,0.1,0.087,0.091,0.087,0.087,0.476,0.236,0.411,0.216,0.523,0.524,0.497,0.102,0.523,0.69,0.088,0.086,0.26,0.088,0.1,0.29,0.226,0.145,0.419,0.537,0.535,0.171,0.092,0.088,0.503,0.35,0.112,0.48,0.321,0.466,0.132,0.529,0.1,0.395,0.089,0.087,0.088,0.086,0.087,0.088,0.087,0.086,0.088,0.086,0.086,0.089,0.086
,14:39:16,47,0.088,0.087,0.086,0.086,0.088,0.086,0.086,0.087,0.089,0.087,0.087,0.087,0.087,0.118,0.12,0.11,0.095,0.101,0.094,0.089,0.094,0.091,0.113,0.087,0.091,0.097,0.083,0.096,0.093,0.104,0.089,0.1,0.088,0.087,0.102,0.087,0.087,0.11,0.083,0.096,0.12,0.086,0.1,0.089,0.1,0.087,0.091,0.087,0.087,0.473,0.236,0.408,0.215,0.521,0.524,0.497,0.102,0.522,0.692,0.088,0.086,0.259,0.087,0.1,0.289,0.227,0.144,0.417,0.537,0.536,0.17,0.092,0.088,0.503,0.35,0.111,0.482,0.322,0.466,0.132,0.529,0.1,0.394,0.089,0.087,0.088,0.086,0.087,0.088,0.087,0.086,0.088,0.086,0.086,0.089,0.086
,14:44:16,46.9,0.089,0.087,0.086,0.086,0.088,0.086,0.086,0.087,0.089,0.087,0.087,0.087,0.088,0.118,0.12,0.11,0.095,0.101,0.094,0.089,0.094,0.091,0.113,0.087,0.091,0.097,0.083,0.096,0.093,0.104,0.089,0.1,0.088,0.087,0.102,0.086,0.087,0.11,0.083,0.097,0.12,0.087,0.1,0.089,0.1,0.087,0.091,0.087,0.087,0.472,0.237,0.41,0.215,0.529,0.524,0.497,0.102,0.519,0.692,0.088,0.086,0.259,0.087,0.1,0.288,0.229,0.144,0.417,0.537,0.532,0.17,0.092,0.088,0.506,0.355,0.111,0.479,0.322,0.465,0.132,0.529,0.101,0.395,0.089,0.087,0.088,0.086,0.087,0.088,0.087,0.086,0.088,0.086,0.086,0.089,0.086
,14:49:16,47,0.089,0.087,0.086,0.086,0.088,0.086,0.086,0.088,0.089,0.087,0.087,0.087,0.088,0.118,0.12,0.11,0.095,0.101,0.094,0.088,0.094,0.091,0.113,0.087,0.092,0.097,0.083,0.096,0.093,0.104,0.089,0.101,0.088,0.087,0.102,0.087,0.087,0.11,0.083,0.096,0.12,0.087,0.1,0.089,0.1,0.087,0.091,0.087,0.087,0.47,0.237,0.409,0.215,0.524,0.524,0.496,0.102,0.518,0.692,0.088,0.086,0.26,0.088,0.1,0.29,0.221,0.143,0.417,0.536,0.529,0.17,0.093,0.088,0.508,0.354,0.112,0.481,0.321,0.466,0.131,0.529,0.101,0.394,0.089,0.087,0.088,0.086,0.087,0.088,0.087,0.086,0.088,0.087,0.086,0.089,0.086
,14:54:16,47,0.089,0.088,0.086,0.086,0.088,0.086,0.086,0.088,0.089,0.087,0.087,0.087,0.088,0.118,0.12,0.11,0.095,0.101,0.094,0.088,0.094,0.091,0.113,0.087,0.092,0.097,0.083,0.096,0.093,0.104,0.089,0.101,0.088,0.087,0.102,0.087,0.088,0.11,0.084,0.097,0.12,0.087,0.1,0.089,0.1,0.087,0.091,0.087,0.087,0.469,0.236,0.408,0.216,0.521,0.521,0.496,0.102,0.517,0.69,0.088,0.087,0.258,0.088,0.1,0.29,0.222,0.143,0.419,0.535,0.535,0.17,0.092,0.088,0.503,0.354,0.112,0.482,0.318,0.464,0.132,0.529,0.101,0.393,0.089,0.087,0.088,0.086,0.087,0.089,0.087,0.086,0.088,0.086,0.086,0.089,0.086
,14:59:16,46.9,0.089,0.087,0.086,0.086,0.088,0.086,0.086,0.088,0.089,0.087,0.087,0.087,0.088,0.118,0.12,0.11,0.095,0.101,0.094,0.089,0.094,0.091,0.113,0.087,0.092,0.097,0.083,0.096,0.092,0.104,0.089,0.1,0.088,0.087,0.102,0.087,0.088,0.109,0.084,0.096,0.119,0.086,0.1,0.089,0.1,0.087,0.091,0.087,0.087,0.466,0.236,0.411,0.215,0.525,0.522,0.496,0.102,0.515,0.689,0.088,0.086,0.256,0.087,0.1,0.291,0.223,0.144,0.416,0.537,0.53,0.169,0.092,0.088,0.5,0.354,0.112,0.483,0.321,0.463,0.131,0.528,0.1,0.391,0.089,0.087,0.088,0.086,0.087,0.088,0.087,0.086,0.088,0.086,0.086,0.089,0.086
,15:04:16,46.9,0.089,0.088,0.086,0.086,0.088,0.086,0.086,0.087,0.089,0.087,0.087,0.086,0.088,0.118,0.12,0.11,0.095,0.1,0.094,0.088,0.094,0.091,0.113,0.087,0.091,0.097,0.083,0.096,0.093,0.104,0.089,0.1,0.088,0.087,0.102,0.087,0.088,0.11,0.083,0.096,0.119,0.086,0.1,0.089,0.1,0.087,0.091,0.088,0.087,0.463,0.236,0.409,0.216,0.52,0.521,0.496,0.102,0.514,0.69,0.09,0.086,0.256,0.087,0.1,0.291,0.225,0.143,0.417,0.535,0.53,0.169,0.092,0.088,0.504,0.35,0.112,0.482,0.32,0.461,0.131,0.526,0.1,0.392,0.089,0.087,0.087,0.086,0.087,0.088,0.087,0.086,0.088,0.086,0.086,0.089,0.086
,15:09:16,46.9,0.089,0.087,0.086,0.086,0.088,0.086,0.086,0.088,0.089,0.087,0.087,0.087,0.088,0.118,0.12,0.11,0.095,0.101,0.094,0.088,0.093,0.091,0.113,0.087,0.092,0.097,0.083,0.096,0.092,0.104,0.089,0.1,0.088,0.088,0.102,0.087,0.088,0.11,0.084,0.096,0.12,0.087,0.099,0.088,0.1,0.087,0.091,0.087,0.087,0.461,0.236,0.411,0.217,0.523,0.523,0.494,0.102,0.511,0.691,0.088,0.086,0.255,0.088,0.099,0.291,0.225,0.143,0.416,0.534,0.532,0.17,0.092,0.088,0.501,0.353,0.112,0.48,0.318,0.461,0.131,0.528,0.1,0.394,0.089,0.087,0.088,0.086,0.087,0.088,0.087,0.086,0.088,0.087,0.086,0.089,0.086
,15:14:16,46.9,0.089,0.087,0.086,0.086,0.088,0.086,0.086,0.088,0.089,0.087,0.087,0.087,0.088,0.118,0.12,0.11,0.095,0.101,0.094,0.089,0.094,0.091,0.113,0.087,0.092,0.097,0.083,0.096,0.093,0.104,0.089,0.1,0.088,0.088,0.102,0.087,0.088,0.109,0.083,0.097,0.12,0.086,0.1,0.089,0.099,0.087,0.091,0.087,0.087,0.459,0.236,0.41,0.215,0.521,0.522,0.494,0.102,0.509,0.688,0.088,0.086,0.255,0.088,0.099,0.289,0.227,0.145,0.417,0.533,0.533,0.169,0.092,0.088,0.502,0.352,0.112,0.479,0.32,0.459,0.13,0.527,0.101,0.389,0.089,0.087,0.088,0.086,0.087,0.088,0.087,0.086,0.088,0.087,0.086,0.089,0.086
,15:19:16,46.9,0.089,0.087,0.086,0.087,0.088,0.087,0.086,0.088,0.089,0.087,0.087,0.087,0.088,0.118,0.12,0.11,0.095,0.101,0.094,0.089,0.094,0.091,0.113,0.087,0.092,0.098,0.083,0.096,0.093,0.104,0.089,0.1,0.088,0.088,0.102,0.087,0.088,0.11,0.084,0.097,0.12,0.087,0.1,0.089,0.1,0.087,0.091,0.088,0.087,0.458,0.236,0.409,0.215,0.524,0.521,0.494,0.102,0.51,0.69,0.089,0.087,0.257,0.088,0.099,0.289,0.226,0.143,0.417,0.533,0.525,0.169,0.092,0.088,0.501,0.354,0.113,0.479,0.318,0.458,0.131,0.528,0.101,0.391,0.089,0.087,0.088,0.086,0.087,0.088,0.087,0.086,0.088,0.087,0.087,0.089,0.086
,15:24:16,47,0.089,0.088,0.086,0.086,0.088,0.086,0.086,0.088,0.089,0.087,0.087,0.086,0.088,0.118,0.12,0.11,0.095,0.101,0.094,0.089,0.094,0.091,0.113,0.087,0.092,0.097,0.083,0.096,0.093,0.104,0.089,0.1,0.088,0.088,0.102,0.087,0.088,0.11,0.083,0.097,0.12,0.087,0.1,0.089,0.1,0.087,0.091,0.088,0.087,0.458,0.236,0.411,0.215,0.525,0.521,0.496,0.102,0.506,0.689,0.089,0.087,0.256,0.087,0.099,0.289,0.227,0.143,0.417,0.532,0.531,0.168,0.092,0.088,0.497,0.353,0.113,0.481,0.317,0.458,0.13,0.529,0.101,0.391,0.089,0.087,0.088,0.086,0.087,0.088,0.087,0.086,0.088,0.087,0.086,0.089,0.086
,15:29:16,46.9,0.088,0.087,0.086,0.086,0.088,0.086,0.086,0.087,0.088,0.087,0.087,0.086,0.088,0.118,0.119,0.109,0.095,0.1,0.094,0.088,0.094,0.091,0.113,0.087,0.091,0.097,0.083,0.096,0.092,0.104,0.089,0.1,0.088,0.087,0.102,0.086,0.088,0.109,0.083,0.096,0.119,0.086,0.099,0.088,0.099,0.087,0.09,0.087,0.086,0.455,0.237,0.408,0.216,0.527,0.52,0.493,0.102,0.504,0.69,0.088,0.086,0.254,0.087,0.099,0.292,0.227,0.144,0.416,0.531,0.528,0.168,0.092,0.088,0.5,0.351,0.113,0.479,0.319,0.455,0.129,0.528,0.101,0.391,0.089,0.087,0.088,0.086,0.087,0.088,0.087,0.086,0.088,0.087,0.086,0.089,0.086
,15:34:16,47,0.089,0.088,0.086,0.086,0.088,0.086,0.086,0.088,0.089,0.087,0.087,0.086,0.088,0.118,0.12,0.109,0.095,0.101,0.094,0.088,0.094,0.091,0.113,0.087,0.092,0.098,0.083,0.096,0.093,0.104,0.089,0.1,0.088,0.087,0.102,0.087,0.088,0.11,0.083,0.096,0.12,0.087,0.099,0.089,0.1,0.087,0.091,0.087,0.087,0.455,0.236,0.409,0.214,0.519,0.518,0.492,0.102,0.502,0.688,0.089,0.086,0.255,0.088,0.099,0.29,0.225,0.144,0.416,0.533,0.531,0.167,0.092,0.088,0.498,0.352,0.113,0.481,0.32,0.453,0.129,0.53,0.101,0.39,0.089,0.087,0.088,0.086,0.087,0.088,0.087,0.086,0.088,0.087,0.086,0.089,0.086
,15:39:16,47,0.088,0.087,0.086,0.086,0.088,0.086,0.086,0.088,0.089,0.087,0.087,0.086,0.088,0.117,0.119,0.109,0.095,0.1,0.093,0.088,0.094,0.091,0.113,0.087,0.091,0.097,0.083,0.096,0.093,0.104,0.089,0.1,0.088,0.087,0.102,0.086,0.088,0.109,0.083,0.096,0.119,0.086,0.099,0.088,0.099,0.087,0.09,0.087,0.087,0.45,0.236,0.41,0.215,0.521,0.518,0.492,0.102,0.502,0.688,0.088,0.086,0.253,0.087,0.099,0.29,0.225,0.144,0.416,0.531,0.527,0.168,0.092,0.088,0.498,0.354,0.114,0.482,0.315,0.456,0.129,0.527,0.101,0.39,0.089,0.087,0.087,0.086,0.087,0.088,0.087,0.086,0.088,0.086,0.086,0.089,0.086
,15:44:16,47,0.089,0.087,0.086,0.086,0.088,0.086,0.086,0.087,0.089,0.087,0.087,0.086,0.088,0.118,0.12,0.11,0.095,0.101,0.093,0.088,0.094,0.091,0.113,0.087,0.091,0.097,0.083,0.096,0.093,0.104,0.089,0.1,0.088,0.087,0.102,0.087,0.088,0.109,0.083,0.096,0.12,0.086,0.099,0.088,0.099,0.087,0.091,0.087,0.087,0.451,0.236,0.409,0.214,0.521,0.516,0.492,0.102,0.502,0.687,0.088,0.086,0.254,0.088,0.099,0.29,0.225,0.147,0.417,0.53,0.529,0.168,0.092,0.088,0.499,0.352,0.113,0.483,0.32,0.454,0.129,0.526,0.1,0.391,0.089,0.087,0.088,0.086,0.087,0.088,0.087,0.086,0.088,0.087,0.086,0.089,0.086
,15:49:16,46.9,0.089,0.087,0.086,0.086,0.088,0.086,0.086,0.087,0.089,0.087,0.087,0.086,0.088,0.118,0.119,0.11,0.095,0.1,0.094,0.088,0.093,0.091,0.113,0.087,0.092,0.097,0.083,0.096,0.093,0.104,0.089,0.1,0.088,0.087,0.102,0.087,0.087,0.109,0.083,0.096,0.119,0.086,0.099,0.088,0.099,0.087,0.091,0.087,0.087,0.447,0.234,0.409,0.215,0.522,0.516,0.491,0.102,0.5,0.688,0.088,0.086,0.252,0.087,0.098,0.291,0.225,0.143,0.416,0.53,0.525,0.167,0.092,0.088,0.496,0.354,0.112,0.481,0.315,0.453,0.129,0.527,0.101,0.39,0.089,0.087,0.088,0.086,0.087,0.088,0.087,0.085,0.088,0.086,0.086,0.089,0.086
,15:54:16,47,0.089,0.087,0.086,0.086,0.088,0.086,0.086,0.087,0.089,0.087,0.087,0.086,0.088,0.118,0.12,0.11,0.095,0.1,0.094,0.088,0.093,0.091,0.113,0.087,0.092,0.097,0.083,0.096,0.093,0.104,0.089,0.1,0.088,0.087,0.102,0.087,0.088,0.109,0.083,0.096,0.119,0.087,0.099,0.088,0.099,0.087,0.09,0.088,0.087,0.446,0.236,0.412,0.217,0.527,0.516,0.491,0.102,0.497,0.69,0.088,0.086,0.252,0.087,0.098,0.291,0.225,0.144,0.416,0.53,0.525,0.167,0.092,0.088,0.499,0.354,0.113,0.479,0.317,0.45,0.128,0.527,0.1,0.39,0.089,0.087,0.088,0.086,0.087,0.088,0.087,0.086,0.088,0.086,0.086,0.089,0.085
,15:59:16,46.9,0.088,0.088,0.086,0.086,0.088,0.086,0.086,0.088,0.089,0.087,0.087,0.086,0.088,0.118,0.119,0.11,0.095,0.1,0.093,0.088,0.093,0.091,0.113,0.087,0.092,0.097,0.083,0.096,0.092,0.104,0.089,0.1,0.088,0.087,0.102,0.087,0.087,0.109,0.083,0.097,0.119,0.087,0.099,0.089,0.099,0.087,0.091,0.087,0.087,0.444,0.235,0.41,0.214,0.525,0.515,0.489,0.102,0.498,0.69,0.088,0.086,0.254,0.087,0.098,0.291,0.225,0.144,0.417,0.529,0.524,0.167,0.092,0.088,0.5,0.355,0.112,0.48,0.319,0.447,0.129,0.525,0.1,0.392,0.089,0.087,0.088,0.086,0.087,0.088,0.087,0.086,0.088,0.086,0.086,0.089,0.086
,16:04:16,47,0.088,0.087,0.086,0.086,0.088,0.086,0.086,0.087,0.089,0.087,0.087,0.086,0.088,0.117,0.119,0.109,0.095,0.1,0.094,0.088,0.094,0.091,0.113,0.087,0.092,0.097,0.083,0.096,0.092,0.104,0.089,0.1,0.088,0.087,0.102,0.087,0.087,0.109,0.083,0.096,0.119,0.086,0.099,0.088,0.099,0.087,0.091,0.087,0.087,0.442,0.234,0.41,0.214,0.523,0.513,0.489,0.102,0.496,0.69,0.088,0.086,0.252,0.087,0.098,0.29,0.225,0.144,0.417,0.529,0.525,0.167,0.093,0.088,0.495,0.357,0.113,0.481,0.318,0.447,0.127,0.527,0.1,0.391,0.088,0.087,0.088,0.086,0.087,0.088,0.087,0.086,0.088,0.086,0.086,0.089,0.086
,16:09:16,46.9,0.089,0.087,0.087,0.086,0.088,0.086,0.086,0.088,0.089,0.087,0.087,0.086,0.087,0.118,0.119,0.11,0.095,0.1,0.093,0.088,0.094,0.091,0.113,0.087,0.092,0.097,0.083,0.096,0.093,0.103,0.089,0.1,0.088,0.088,0.102,0.087,0.088,0.109,0.083,0.096,0.119,0.087,0.099,0.089,0.099,0.087,0.091,0.087,0.087,0.442,0.235,0.407,0.211,0.523,0.513,0.488,0.102,0.494,0.689,0.088,0.087,0.253,0.088,0.098,0.291,0.224,0.144,0.415,0.528,0.527,0.167,0.092,0.088,0.493,0.359,0.113,0.479,0.318,0.448,0.127,0.524,0.1,0.391,0.089,0.087,0.088,0.086,0.087,0.088,0.087,0.086,0.088,0.086,0.086,0.089,0.086
,16:14:16,47,0.089,0.088,0.086,0.086,0.088,0.086,0.086,0.088,0.089,0.087,0.087,0.087,0.088,0.118,0.119,0.11,0.095,0.101,0.094,0.088,0.094,0.091,0.113,0.087,0.092,0.097,0.083,0.096,0.093,0.104,0.089,0.1,0.088,0.088,0.102,0.087,0.088,0.11,0.083,0.097,0.12,0.087,0.099,0.089,0.1,0.087,0.091,0.087,0.087,0.44,0.236,0.406,0.215,0.521,0.512,0.488,0.102,0.494,0.69,0.088,0.087,0.251,0.088,0.098,0.29,0.224,0.145,0.418,0.527,0.531,0.167,0.093,0.088,0.491,0.36,0.113,0.478,0.315,0.447,0.128,0.527,0.101,0.391,0.089,0.087,0.088,0.087,0.087,0.089,0.087,0.086,0.088,0.087,0.087,0.089,0.086
,16:19:16,46.9,0.089,0.087,0.086,0.086,0.088,0.086,0.086,0.088,0.089,0.087,0.087,0.086,0.088,0.117,0.119,0.109,0.095,0.1,0.093,0.088,0.094,0.091,0.113,0.087,0.092,0.097,0.083,0.096,0.093,0.104,0.089,0.1,0.088,0.088,0.102,0.087,0.088,0.109,0.083,0.096,0.119,0.086,0.099,0.088,0.099,0.087,0.091,0.087,0.087,0.438,0.235,0.411,0.214,0.522,0.513,0.485,0.102,0.491,0.689,0.088,0.086,0.253,0.088,0.098,0.289,0.224,0.145,0.416,0.528,0.524,0.167,0.092,0.088,0.496,0.359,0.113,0.482,0.318,0.445,0.127,0.527,0.101,0.392,0.089,0.087,0.088,0.086,0.087,0.088,0.087,0.086,0.088,0.086,0.087,0.089,0.086
,16:24:16,47,0.089,0.087,0.086,0.086,0.088,0.086,0.086,0.087,0.089,0.087,0.087,0.086,0.088,0.118,0.119,0.11,0.094,0.1,0.093,0.088,0.093,0.091,0.113,0.087,0.091,0.097,0.083,0.096,0.093,0.103,0.089,0.1,0.088,0.087,0.102,0.087,0.088,0.109,0.083,0.096,0.119,0.086,0.099,0.088,0.099,0.087,0.09,0.087,0.087,0.438,0.237,0.41,0.213,0.522,0.511,0.487,0.102,0.491,0.689,0.088,0.086,0.251,0.087,0.098,0.29,0.225,0.145,0.416,0.526,0.529,0.167,0.092,0.088,0.497,0.362,0.113,0.479,0.314,0.444,0.127,0.527,0.1,0.391,0.088,0.087,0.088,0.086,0.087,0.088,0.087,0.086,0.088,0.086,0.086,0.089,0.086
,16:29:16,47,0.089,0.088,0.086,0.086,0.088,0.086,0.086,0.088,0.089,0.087,0.087,0.086,0.088,0.117,0.119,0.11,0.095,0.1,0.094,0.088,0.093,0.091,0.113,0.087,0.092,0.097,0.083,0.096,0.093,0.104,0.089,0.1,0.088,0.087,0.102,0.087,0.088,0.109,0.083,0.096,0.12,0.086,0.098,0.088,0.099,0.087,0.091,0.088,0.087,0.436,0.236,0.409,0.215,0.524,0.512,0.486,0.102,0.49,0.689,0.088,0.087,0.251,0.088,0.098,0.289,0.225,0.144,0.416,0.525,0.525,0.166,0.093,0.088,0.491,0.36,0.113,0.48,0.315,0.445,0.127,0.524,0.101,0.392,0.089,0.087,0.088,0.086,0.087,0.088,0.087,0.086,0.088,0.087,0.086,0.089,0.085
,16:34:16,47,0.089,0.087,0.086,0.086,0.088,0.086,0.086,0.087,0.089,0.087,0.087,0.086,0.088,0.117,0.119,0.109,0.094,0.1,0.093,0.088,0.093,0.091,0.113,0.087,0.091,0.097,0.083,0.096,0.092,0.103,0.089,0.1,0.088,0.087,0.101,0.087,0.087,0.109,0.083,0.096,0.119,0.086,0.098,0.088,0.099,0.087,0.09,0.087,0.087,0.433,0.237,0.411,0.213,0.523,0.513,0.485,0.102,0.488,0.689,0.088,0.086,0.252,0.087,0.098,0.289,0.224,0.144,0.414,0.525,0.526,0.166,0.092,0.088,0.494,0.361,0.112,0.479,0.318,0.443,0.128,0.526,0.1,0.392,0.089,0.087,0.088,0.086,0.087,0.088,0.087,0.086,0.088,0.086,0.086,0.089,0.085
,16:39:16,46.9,0.088,0.087,0.086,0.086,0.087,0.086,0.086,0.087,0.089,0.087,0.087,0.086,0.088,0.117,0.119,0.109,0.095,0.1,0.093,0.088,0.093,0.091,0.113,0.087,0.091,0.097,0.083,0.096,0.093,0.103,0.089,0.1,0.088,0.087,0.102,0.087,0.088,0.109,0.083,0.096,0.119,0.086,0.099,0.088,0.099,0.087,0.09,0.087,0.087,0.432,0.235,0.407,0.214,0.523,0.511,0.484,0.102,0.484,0.689,0.088,0.086,0.251,0.087,0.098,0.288,0.224,0.143,0.414,0.525,0.523,0.167,0.092,0.088,0.492,0.359,0.112,0.48,0.315,0.444,0.127,0.526,0.101,0.391,0.088,0.087,0.088,0.086,0.087,0.088,0.087,0.086,0.088,0.086,0.086,0.089,0.085
,16:44:16,47,0.089,0.087,0.086,0.086,0.088,0.086,0.086,0.088,0.089,0.087,0.087,0.086,0.088,0.118,0.119,0.11,0.095,0.1,0.093,0.088,0.094,0.091,0.113,0.087,0.092,0.097,0.083,0.096,0.093,0.103,0.089,0.1,0.088,0.087,0.102,0.087,0.088,0.109,0.083,0.096,0.119,0.086,0.098,0.089,0.099,0.087,0.09,0.087,0.087,0.429,0.235,0.407,0.212,0.518,0.509,0.484,0.102,0.484,0.686,0.089,0.086,0.25,0.088,0.098,0.289,0.226,0.144,0.415,0.524,0.522,0.165,0.092,0.088,0.485,0.361,0.113,0.482,0.316,0.443,0.127,0.524,0.101,0.392,0.089,0.087,0.088,0.086,0.087,0.089,0.087,0.086,0.088,0.087,0.086,0.089,0.086
,16:49:16,47,0.089,0.087,0.086,0.087,0.088,0.086,0.086,0.088,0.089,0.087,0.087,0.086,0.088,0.117,0.119,0.11,0.095,0.1,0.093,0.088,0.093,0.091,0.113,0.087,0.092,0.097,0.083,0.096,0.093,0.104,0.089,0.1,0.088,0.087,0.102,0.087,0.088,0.109,0.083,0.097,0.119,0.087,0.098,0.088,0.099,0.087,0.091,0.088,0.087,0.428,0.236,0.406,0.215,0.523,0.508,0.482,0.102,0.482,0.688,0.088,0.087,0.251,0.088,0.098,0.288,0.225,0.15,0.414,0.524,0.523,0.166,0.093,0.088,0.487,0.36,0.113,0.479,0.32,0.441,0.127,0.525,0.1,0.392,0.089,0.087,0.088,0.087,0.087,0.089,0.087,0.086,0.088,0.087,0.087,0.089,0.086
,16:54:16,47,0.089,0.088,0.086,0.087,0.088,0.086,0.086,0.088,0.089,0.087,0.087,0.086,0.088,0.117,0.119,0.109,0.095,0.1,0.094,0.088,0.094,0.091,0.113,0.087,0.092,0.097,0.083,0.096,0.093,0.103,0.089,0.1,0.088,0.088,0.102,0.087,0.088,0.109,0.083,0.096,0.119,0.087,0.098,0.088,0.099,0.087,0.091,0.088,0.087,0.426,0.234,0.41,0.215,0.519,0.507,0.482,0.102,0.481,0.688,0.089,0.087,0.251,0.088,0.098,0.288,0.225,0.145,0.415,0.524,0.524,0.166,0.093,0.088,0.486,0.363,0.113,0.48,0.315,0.439,0.127,0.526,0.101,0.392,0.089,0.087,0.088,0.086,0.087,0.089,0.087,0.086,0.088,0.087,0.087,0.089,0.086
,16:59:16,47,0.089,0.088,0.086,0.086,0.088,0.086,0.086,0.087,0.089,0.087,0.087,0.086,0.088,0.117,0.119,0.11,0.095,0.1,0.093,0.088,0.094,0.091,0.113,0.087,0.092,0.097,0.083,0.096,0.092,0.103,0.089,0.1,0.088,0.087,0.101,0.087,0.088,0.109,0.083,0.096,0.119,0.087,0.098,0.088,0.099,0.087,0.091,0.087,0.087,0.426,0.232,0.409,0.216,0.522,0.508,0.481,0.102,0.48,0.687,0.088,0.087,0.251,0.088,0.098,0.29,0.224,0.145,0.413,0.523,0.522,0.165,0.093,0.088,0.484,0.365,0.113,0.483,0.315,0.44,0.126,0.528,0.101,0.392,0.089,0.087,0.088,0.086,0.087,0.088,0.087,0.086,0.088,0.087,0.086,0.089,0.085
,17:04:16,47,0.089,0.088,0.086,0.086,0.088,0.086,0.086,0.088,0.089,0.087,0.087,0.086,0.088,0.117,0.119,0.109,0.095,0.1,0.093,0.088,0.094,0.091,0.113,0.087,0.091,0.097,0.083,0.096,0.093,0.103,0.089,0.1,0.088,0.087,0.102,0.087,0.088,0.109,0.083,0.096,0.119,0.086,0.098,0.088,0.099,0.087,0.091,0.087,0.087,0.424,0.231,0.407,0.215,0.519,0.506,0.48,0.102,0.48,0.688,0.088,0.086,0.25,0.088,0.098,0.289,0.226,0.144,0.413,0.522,0.523,0.166,0.092,0.088,0.488,0.36,0.113,0.478,0.313,0.439,0.124,0.527,0.101,0.394,0.089,0.087,0.088,0.087,0.087,0.088,0.087,0.086,0.088,0.087,0.086,0.089,0.086
,17:09:16,47,0.089,0.087,0.086,0.086,0.088,0.086,0.086,0.088,0.089,0.087,0.087,0.086,0.088,0.117,0.119,0.11,0.094,0.1,0.093,0.088,0.094,0.09,0.113,0.087,0.092,0.097,0.083,0.096,0.093,0.103,0.089,0.099,0.088,0.087,0.102,0.087,0.088,0.109,0.083,0.096,0.119,0.086,0.098,0.088,0.099,0.087,0.091,0.087,0.087,0.423,0.233,0.407,0.213,0.517,0.507,0.479,0.102,0.478,0.687,0.088,0.086,0.25,0.088,0.098,0.289,0.225,0.145,0.413,0.522,0.525,0.165,0.092,0.088,0.482,0.36,0.113,0.478,0.316,0.438,0.125,0.525,0.101,0.392,0.089,0.087,0.088,0.086,0.087,0.089,0.087,0.086,0.088,0.086,0.087,0.089,0.085
,17:14:16,47,0.089,0.087,0.086,0.086,0.088,0.086,0.086,0.087,0.089,0.087,0.087,0.086,0.088,0.117,0.119,0.109,0.094,0.1,0.093,0.088,0.093,0.091,0.113,0.087,0.091,0.097,0.083,0.096,0.093,0.103,0.089,0.099,0.088,0.087,0.102,0.087,0.088,0.109,0.083,0.096,0.119,0.086,0.098,0.088,0.099,0.087,0.09,0.087,0.087,0.421,0.232,0.406,0.211,0.52,0.505,0.478,0.102,0.478,0.688,0.088,0.086,0.251,0.087,0.098,0.289,0.227,0.144,0.412,0.522,0.521,0.165,0.092,0.088,0.483,0.364,0.113,0.478,0.315,0.435,0.124,0.525,0.101,0.393,0.089,0.087,0.088,0.086,0.087,0.089,0.087,0.086,0.088,0.087,0.086,0.089,0.085
,17:19:16,47,0.089,0.088,0.086,0.086,0.088,0.086,0.086,0.088,0.089,0.087,0.087,0.086,0.088,0.117,0.119,0.109,0.095,0.1,0.093,0.089,0.094,0.091,0.113,0.087,0.092,0.097,0.083,0.096,0.093,0.103,0.089,0.1,0.088,0.087,0.102,0.087,0.088,0.109,0.083,0.096,0.119,0.087,0.098,0.088,0.099,0.087,0.091,0.088,0.087,0.42,0.232,0.408,0.214,0.519,0.506,0.478,0.102,0.477,0.688,0.088,0.086,0.252,0.087,0.098,0.289,0.225,0.144,0.413,0.521,0.518,0.164,0.092,0.088,0.48,0.364,0.112,0.475,0.315,0.434,0.124,0.523,0.101,0.393,0.089,0.087,0.088,0.086,0.088,0.089,0.087,0.086,0.088,0.087,0.086,0.089,0.085
,17:24:16,46.9,0.089,0.088,0.086,0.086,0.088,0.086,0.086,0.088,0.089,0.087,0.087,0.086,0.088,0.117,0.119,0.109,0.095,0.1,0.093,0.088,0.094,0.091,0.113,0.087,0.092,0.097,0.083,0.096,0.093,0.103,0.089,0.1,0.088,0.087,0.102,0.087,0.088,0.109,0.083,0.096,0.119,0.086,0.098,0.088,0.099,0.087,0.091,0.087,0.087,0.42,0.234,0.407,0.213,0.521,0.507,0.478,0.102,0.475,0.69,0.088,0.087,0.252,0.088,0.098,0.289,0.225,0.144,0.414,0.521,0.521,0.165,0.093,0.088,0.484,0.367,0.113,0.478,0.315,0.434,0.124,0.528,0.101,0.394,0.089,0.087,0.088,0.087,0.088,0.089,0.087,0.086,0.088,0.087,0.087,0.089,0.086
,17:29:16,47,0.089,0.087,0.086,0.086,0.088,0.086,0.086,0.088,0.089,0.087,0.087,0.086,0.088,0.117,0.119,0.11,0.094,0.1,0.093,0.088,0.094,0.091,0.113,0.087,0.092,0.097,0.083,0.096,0.092,0.103,0.088,0.099,0.088,0.087,0.102,0.087,0.088,0.109,0.083,0.096,0.119,0.086,0.098,0.088,0.099,0.087,0.091,0.088,0.087,0.419,0.232,0.406,0.214,0.518,0.504,0.476,0.102,0.474,0.69,0.089,0.087,0.25,0.087,0.098,0.29,0.224,0.145,0.412,0.522,0.522,0.165,0.092,0.088,0.485,0.365,0.113,0.475,0.315,0.434,0.124,0.526,0.101,0.394,0.089,0.087,0.088,0.086,0.088,0.089,0.087,0.086,0.088,0.087,0.087,0.089,0.085
,17:34:16,47,0.088,0.087,0.086,0.086,0.088,0.086,0.086,0.087,0.089,0.087,0.087,0.086,0.088,0.117,0.118,0.109,0.095,0.1,0.093,0.088,0.094,0.09,0.113,0.087,0.092,0.097,0.083,0.096,0.093,0.103,0.089,0.099,0.088,0.087,0.101,0.086,0.088,0.109,0.083,0.096,0.119,0.086,0.098,0.088,0.099,0.087,0.09,0.087,0.087,0.416,0.23,0.406,0.216,0.518,0.504,0.476,0.102,0.471,0.691,0.088,0.086,0.252,0.087,0.098,0.288,0.224,0.144,0.411,0.52,0.52,0.165,0.092,0.088,0.481,0.363,0.113,0.476,0.314,0.432,0.123,0.523,0.101,0.394,0.089,0.087,0.088,0.086,0.087,0.089,0.087,0.086,0.088,0.087,0.086,0.089,0.085
,17:39:16,47,0.091,0.087,0.086,0.086,0.088,0.086,0.086,0.087,0.089,0.087,0.087,0.086,0.088,0.117,0.119,0.109,0.095,0.1,0.093,0.088,0.094,0.09,0.113,0.087,0.092,0.097,0.083,0.096,0.092,0.103,0.089,0.099,0.088,0.087,0.102,0.087,0.087,0.109,0.083,0.096,0.119,0.086,0.098,0.088,0.099,0.087,0.09,0.087,0.087,0.415,0.231,0.405,0.214,0.519,0.502,0.474,0.102,0.47,0.691,0.088,0.086,0.251,0.087,0.098,0.289,0.223,0.144,0.411,0.52,0.523,0.164,0.092,0.088,0.479,0.365,0.113,0.477,0.314,0.431,0.123,0.523,0.101,0.395,0.089,0.087,0.088,0.086,0.087,0.089,0.087,0.086,0.088,0.087,0.087,0.089,0.085
,17:44:16,46.9,0.089,0.088,0.086,0.086,0.088,0.086,0.086,0.088,0.089,0.087,0.087,0.086,0.088,0.117,0.119,0.109,0.095,0.1,0.093,0.089,0.094,0.091,0.113,0.087,0.092,0.097,0.083,0.096,0.092,0.103,0.089,0.1,0.088,0.087,0.102,0.087,0.088,0.109,0.083,0.097,0.119,0.087,0.098,0.088,0.099,0.087,0.091,0.088,0.087,0.415,0.231,0.406,0.213,0.516,0.501,0.474,0.102,0.47,0.69,0.088,0.087,0.251,0.088,0.097,0.287,0.223,0.142,0.409,0.521,0.523,0.164,0.093,0.088,0.482,0.362,0.113,0.476,0.313,0.428,0.122,0.524,0.101,0.395,0.089,0.087,0.088,0.086,0.087,0.089,0.087,0.086,0.088,0.087,0.087,0.089,0.085
,17:49:16,46.9,0.089,0.087,0.086,0.086,0.088,0.086,0.086,0.088,0.089,0.087,0.087,0.086,0.088,0.117,0.119,0.109,0.095,0.1,0.093,0.088,0.094,0.091,0.113,0.087,0.092,0.097,0.083,0.096,0.092,0.103,0.089,0.099,0.088,0.087,0.102,0.087,0.088,0.109,0.083,0.096,0.119,0.086,0.097,0.088,0.099,0.087,0.09,0.087,0.087,0.414,0.235,0.406,0.212,0.518,0.501,0.474,0.102,0.469,0.69,0.088,0.086,0.251,0.088,0.098,0.288,0.225,0.151,0.411,0.519,0.523,0.164,0.092,0.088,0.475,0.364,0.113,0.478,0.315,0.428,0.122,0.524,0.101,0.393,0.089,0.087,0.088,0.086,0.087,0.088,0.087,0.086,0.088,0.087,0.086,0.089,0.085
,17:54:16,46.9,0.088,0.087,0.086,0.086,0.088,0.086,0.086,0.088,0.089,0.087,0.087,0.086,0.088,0.117,0.118,0.109,0.095,0.1,0.093,0.088,0.093,0.09,0.113,0.087,0.092,0.097,0.083,0.096,0.092,0.103,0.089,0.099,0.088,0.087,0.102,0.087,0.087,0.109,0.083,0.096,0.118,0.086,0.098,0.088,0.099,0.087,0.09,0.087,0.087,0.412,0.232,0.406,0.214,0.517,0.5,0.474,0.102,0.467,0.691,0.088,0.087,0.25,0.088,0.098,0.288,0.224,0.144,0.409,0.517,0.524,0.165,0.092,0.088,0.478,0.362,0.113,0.476,0.31,0.426,0.122,0.524,0.101,0.394,0.089,0.087,0.088,0.086,0.087,0.088,0.087,0.086,0.088,0.087,0.086,0.089,0.085
,17:59:16,47,0.089,0.088,0.086,0.086,0.088,0.087,0.086,0.087,0.089,0.087,0.087,0.086,0.088,0.117,0.118,0.109,0.094,0.1,0.093,0.089,0.093,0.09,0.113,0.087,0.091,0.097,0.083,0.096,0.092,0.103,0.089,0.099,0.088,0.087,0.102,0.087,0.088,0.109,0.083,0.096,0.119,0.086,0.098,0.088,0.099,0.087,0.091,0.087,0.087,0.412,0.234,0.406,0.214,0.517,0.499,0.471,0.102,0.465,0.689,0.088,0.086,0.249,0.088,0.098,0.287,0.223,0.144,0.409,0.517,0.521,0.164,0.092,0.088,0.478,0.363,0.113,0.476,0.315,0.425,0.122,0.526,0.101,0.395,0.089,0.087,0.088,0.086,0.087,0.088,0.087,0.086,0.088,0.087,0.087,0.089,0.085
,18:04:16,47,0.09,0.087,0.086,0.086,0.088,0.086,0.086,0.088,0.089,0.087,0.087,0.086,0.088,0.117,0.118,0.109,0.094,0.1,0.093,0.088,0.094,0.09,0.113,0.087,0.092,0.097,0.083,0.096,0.092,0.103,0.089,0.099,0.088,0.087,0.102,0.087,0.088,0.109,0.083,0.096,0.119,0.086,0.098,0.088,0.099,0.087,0.091,0.087,0.087,0.411,0.233,0.404,0.212,0.513,0.498,0.47,0.102,0.466,0.691,0.088,0.087,0.249,0.088,0.097,0.287,0.222,0.144,0.409,0.517,0.525,0.163,0.092,0.088,0.478,0.364,0.113,0.476,0.314,0.424,0.122,0.525,0.101,0.394,0.089,0.087,0.088,0.086,0.087,0.089,0.087,0.086,0.088,0.087,0.087,0.089,0.085
,18:09:16,46.9,0.088,0.087,0.085,0.086,0.088,0.086,0.086,0.087,0.088,0.087,0.087,0.086,0.088,0.117,0.118,0.109,0.094,0.1,0.093,0.088,0.093,0.09,0.112,0.087,0.091,0.097,0.083,0.096,0.092,0.103,0.088,0.099,0.088,0.087,0.102,0.086,0.087,0.109,0.083,0.096,0.119,0.086,0.097,0.088,0.098,0.087,0.09,0.087,0.087,0.41,0.231,0.405,0.213,0.508,0.498,0.471,0.102,0.468,0.689,0.088,0.086,0.252,0.087,0.098,0.286,0.223,0.144,0.408,0.517,0.524,0.164,0.092,0.088,0.477,0.365,0.112,0.475,0.312,0.424,0.121,0.526,0.101,0.392,0.088,0.087,0.088,0.086,0.087,0.088,0.087,0.086,0.088,0.086,0.086,0.089,0.085
,18:14:16,47,0.089,0.088,0.086,0.086,0.088,0.086,0.086,0.087,0.089,0.087,0.087,0.086,0.088,0.117,0.119,0.109,0.094,0.1,0.093,0.088,0.094,0.091,0.113,0.087,0.091,0.097,0.083,0.096,0.092,0.103,0.089,0.099,0.088,0.087,0.102,0.087,0.088,0.108,0.083,0.096,0.119,0.086,0.098,0.088,0.099,0.087,0.09,0.087,0.087,0.409,0.233,0.405,0.211,0.514,0.498,0.469,0.102,0.467,0.69,0.088,0.087,0.25,0.088,0.097,0.288,0.225,0.144,0.408,0.517,0.521,0.164,0.092,0.088,0.477,0.362,0.113,0.471,0.317,0.424,0.121,0.524,0.101,0.394,0.089,0.087,0.088,0.086,0.087,0.089,0.087,0.086,0.088,0.087,0.086,0.089,0.085
,18:19:16,47,0.089,0.088,0.086,0.086,0.088,0.087,0.086,0.088,0.089,0.087,0.088,0.086,0.088,0.117,0.118,0.109,0.095,0.1,0.093,0.088,0.094,0.091,0.113,0.087,0.092,0.097,0.083,0.096,0.092,0.103,0.089,0.099,0.088,0.087,0.102,0.087,0.088,0.109,0.083,0.096,0.119,0.086,0.097,0.088,0.099,0.087,0.091,0.087,0.087,0.406,0.233,0.404,0.211,0.513,0.495,0.469,0.103,0.467,0.688,0.088,0.087,0.25,0.088,0.098,0.287,0.223,0.144,0.407,0.516,0.524,0.164,0.093,0.088,0.473,0.364,0.113,0.475,0.313,0.423,0.121,0.523,0.101,0.393,0.089,0.087,0.088,0.087,0.088,0.089,0.087,0.086,0.088,0.087,0.087,0.089,0.085
,18:24:16,47,0.089,0.087,0.086,0.086,0.087,0.086,0.086,0.087,0.089,0.087,0.087,0.086,0.088,0.117,0.118,0.109,0.094,0.1,0.093,0.088,0.094,0.09,0.113,0.087,0.091,0.097,0.083,0.096,0.092,0.103,0.088,0.099,0.088,0.087,0.101,0.087,0.088,0.108,0.083,0.096,0.118,0.086,0.097,0.088,0.098,0.087,0.09,0.087,0.087,0.406,0.231,0.402,0.211,0.512,0.498,0.469,0.102,0.466,0.689,0.088,0.087,0.251,0.088,0.097,0.288,0.224,0.144,0.408,0.516,0.521,0.162,0.092,0.088,0.477,0.364,0.113,0.472,0.316,0.421,0.12,0.524,0.101,0.393,0.089,0.087,0.088,0.086,0.087,0.088,0.087,0.086,0.088,0.087,0.086,0.089,0.085
,18:29:16,47,0.089,0.088,0.086,0.086,0.088,0.086,0.086,0.087,0.089,0.087,0.087,0.086,0.088,0.117,0.118,0.109,0.094,0.1,0.093,0.088,0.093,0.091,0.113,0.087,0.092,0.097,0.083,0.096,0.092,0.103,0.089,0.099,0.088,0.087,0.101,0.087,0.088,0.109,0.083,0.096,0.118,0.086,0.097,0.088,0.099,0.087,0.09,0.087,0.087,0.405,0.232,0.403,0.213,0.51,0.495,0.467,0.102,0.465,0.691,0.088,0.086,0.249,0.087,0.098,0.288,0.223,0.144,0.407,0.516,0.521,0.163,0.092,0.088,0.477,0.362,0.113,0.471,0.314,0.42,0.12,0.527,0.101,0.393,0.089,0.087,0.088,0.086,0.087,0.089,0.087,0.086,0.088,0.087,0.086,0.089,0.085
,18:34:16,47,0.088,0.088,0.086,0.086,0.088,0.086,0.086,0.088,0.089,0.087,0.087,0.086,0.088,0.117,0.118,0.109,0.094,0.1,0.093,0.088,0.094,0.09,0.113,0.087,0.092,0.097,0.083,0.096,0.092,0.103,0.088,0.099,0.088,0.087,0.102,0.086,0.088,0.108,0.083,0.096,0.118,0.086,0.097,0.088,0.099,0.087,0.09,0.087,0.087,0.404,0.233,0.402,0.21,0.514,0.494,0.467,0.102,0.466,0.69,0.088,0.086,0.251,0.088,0.097,0.286,0.222,0.144,0.405,0.516,0.522,0.163,0.092,0.088,0.471,0.363,0.113,0.47,0.309,0.418,0.12,0.525,0.101,0.393,0.089,0.087,0.088,0.086,0.087,0.088,0.087,0.086,0.088,0.087,0.087,0.089,0.085
,18:39:16,47,0.089,0.087,0.086,0.086,0.088,0.086,0.086,0.087,0.089,0.087,0.087,0.086,0.088,0.117,0.118,0.109,0.094,0.1,0.093,0.089,0.094,0.091,0.113,0.087,0.092,0.097,0.083,0.096,0.092,0.103,0.089,0.099,0.088,0.087,0.102,0.087,0.088,0.108,0.083,0.096,0.118,0.086,0.097,0.088,0.098,0.087,0.09,0.087,0.087,0.402,0.231,0.405,0.213,0.508,0.496,0.467,0.102,0.465,0.69,0.088,0.087,0.25,0.088,0.097,0.287,0.222,0.147,0.405,0.515,0.52,0.163,0.092,0.088,0.47,0.362,0.113,0.473,0.309,0.42,0.12,0.523,0.101,0.393,0.089,0.087,0.088,0.086,0.087,0.088,0.087,0.086,0.088,0.087,0.086,0.089,0.085
,18:44:16,47,0.088,0.087,0.086,0.086,0.088,0.086,0.086,0.087,0.089,0.087,0.087,0.086,0.088,0.116,0.118,0.109,0.094,0.1,0.092,0.088,0.093,0.09,0.112,0.087,0.091,0.097,0.083,0.096,0.092,0.103,0.09,0.099,0.088,0.087,0.101,0.087,0.088,0.108,0.083,0.096,0.118,0.086,0.097,0.088,0.098,0.087,0.09,0.087,0.087,0.402,0.231,0.404,0.211,0.509,0.493,0.465,0.102,0.464,0.69,0.088,0.086,0.249,0.088,0.097,0.287,0.223,0.145,0.405,0.515,0.521,0.162,0.092,0.088,0.473,0.362,0.113,0.473,0.312,0.417,0.119,0.524,0.101,0.394,0.089,0.087,0.088,0.086,0.087,0.088,0.087,0.086,0.088,0.087,0.086,0.089,0.085
,18:49:16,46.9,0.089,0.088,0.086,0.086,0.088,0.086,0.086,0.087,0.089,0.087,0.087,0.086,0.088,0.117,0.118,0.109,0.094,0.1,0.093,0.088,0.094,0.091,0.113,0.087,0.092,0.097,0.083,0.096,0.092,0.103,0.089,0.099,0.088,0.087,0.102,0.087,0.088,0.108,0.083,0.096,0.118,0.086,0.097,0.088,0.099,0.087,0.09,0.087,0.087,0.4,0.23,0.403,0.212,0.51,0.493,0.463,0.102,0.464,0.691,0.088,0.087,0.25,0.088,0.097,0.287,0.222,0.145,0.404,0.514,0.522,0.163,0.092,0.088,0.472,0.361,0.113,0.473,0.31,0.417,0.119,0.527,0.101,0.393,0.089,0.087,0.088,0.087,0.087,0.088,0.087,0.086,0.09,0.086,0.087,0.089,0.085
,18:54:16,46.9,0.089,0.088,0.086,0.086,0.088,0.086,0.086,0.087,0.089,0.087,0.087,0.086,0.088,0.117,0.118,0.109,0.094,0.1,0.092,0.088,0.094,0.09,0.113,0.087,0.092,0.097,0.083,0.096,0.092,0.103,0.088,0.099,0.088,0.087,0.101,0.087,0.088,0.108,0.083,0.096,0.118,0.086,0.097,0.088,0.099,0.087,0.09,0.087,0.087,0.399,0.232,0.403,0.211,0.505,0.492,0.461,0.102,0.462,0.69,0.088,0.086,0.252,0.088,0.097,0.287,0.222,0.144,0.403,0.513,0.523,0.162,0.092,0.088,0.467,0.361,0.113,0.471,0.314,0.415,0.118,0.526,0.101,0.393,0.089,0.087,0.088,0.086,0.087,0.088,0.087,0.086,0.088,0.087,0.087,0.089,0.085
,18:59:16,46.9,0.089,0.088,0.086,0.086,0.088,0.087,0.086,0.088,0.089,0.087,0.088,0.086,0.088,0.117,0.118,0.109,0.095,0.1,0.093,0.088,0.094,0.09,0.113,0.087,0.092,0.097,0.083,0.096,0.092,0.103,0.089,0.099,0.088,0.087,0.102,0.087,0.088,0.109,0.083,0.096,0.118,0.086,0.097,0.088,0.099,0.087,0.091,0.088,0.087,0.398,0.229,0.402,0.211,0.505,0.491,0.462,0.102,0.46,0.691,0.088,0.087,0.25,0.088,0.098,0.286,0.222,0.144,0.402,0.512,0.52,0.162,0.092,0.088,0.468,0.363,0.113,0.469,0.312,0.415,0.118,0.523,0.101,0.393,0.089,0.087,0.088,0.087,0.088,0.088,0.087,0.086,0.088,0.087,0.087,0.089,0.085
,19:04:16,46.9,0.089,0.087,0.086,0.086,0.087,0.086,0.086,0.088,0.089,0.087,0.087,0.086,0.088,0.116,0.118,0.108,0.094,0.1,0.092,0.088,0.093,0.09,0.112,0.087,0.091,0.097,0.083,0.096,0.092,0.103,0.09,0.099,0.088,0.087,0.101,0.086,0.088,0.108,0.083,0.096,0.118,0.086,0.097,0.088,0.098,0.087,0.09,0.087,0.087,0.398,0.23,0.402,0.21,0.506,0.489,0.46,0.102,0.461,0.691,0.088,0.086,0.249,0.088,0.097,0.285,0.222,0.144,0.402,0.51,0.514,0.162,0.092,0.088,0.464,0.36,0.113,0.471,0.311,0.413,0.117,0.522,0.101,0.392,0.088,0.087,0.088,0.086,0.087,0.088,0.087,0.086,0.088,0.086,0.086,0.089,0.085
,19:09:16,47,0.089,0.088,0.086,0.086,0.088,0.086,0.086,0.088,0.089,0.087,0.087,0.086,0.088,0.117,0.118,0.109,0.094,0.1,0.093,0.088,0.094,0.09,0.113,0.087,0.092,0.097,0.083,0.096,0.092,0.103,0.09,0.099,0.088,0.087,0.102,0.087,0.088,0.108,0.083,0.096,0.118,0.086,0.097,0.088,0.099,0.087,0.09,0.087,0.087,0.396,0.229,0.403,0.212,0.506,0.49,0.46,0.102,0.46,0.69,0.088,0.087,0.251,0.088,0.097,0.286,0.221,0.144,0.401,0.512,0.52,0.162,0.092,0.088,0.466,0.36,0.113,0.469,0.311,0.412,0.117,0.523,0.101,0.392,0.089,0.087,0.088,0.086,0.087,0.088,0.087,0.086,0.088,0.087,0.086,0.089,0.085
,19:14:16,46.9,0.088,0.087,0.086,0.086,0.088,0.086,0.086,0.088,0.089,0.087,0.087,0.086,0.088,0.117,0.118,0.109,0.094,0.1,0.092,0.088,0.093,0.09,0.112,0.087,0.092,0.097,0.083,0.096,0.092,0.103,0.089,0.099,0.088,0.087,0.101,0.086,0.088,0.108,0.083,0.096,0.118,0.086,0.097,0.088,0.098,0.087,0.09,0.087,0.087,0.396,0.229,0.401,0.212,0.504,0.49,0.461,0.102,0.46,0.69,0.088,0.086,0.249,0.088,0.098,0.287,0.222,0.144,0.401,0.51,0.519,0.161,0.092,0.088,0.46,0.361,0.113,0.469,0.311,0.412,0.117,0.523,0.101,0.391,0.088,0.087,0.088,0.086,0.087,0.088,0.087,0.086,0.088,0.086,0.086,0.089,0.084
,19:19:16,46.9,0.088,0.088,0.086,0.086,0.088,0.086,0.086,0.087,0.089,0.087,0.087,0.086,0.088,0.116,0.118,0.108,0.094,0.099,0.093,0.088,0.093,0.09,0.113,0.087,0.091,0.097,0.083,0.096,0.092,0.103,0.088,0.099,0.088,0.087,0.101,0.087,0.088,0.108,0.083,0.096,0.118,0.086,0.097,0.087,0.098,0.087,0.09,0.087,0.087,0.393,0.23,0.402,0.211,0.503,0.488,0.46,0.102,0.458,0.69,0.088,0.086,0.247,0.087,0.097,0.285,0.221,0.144,0.4,0.511,0.519,0.161,0.092,0.088,0.464,0.361,0.113,0.47,0.311,0.41,0.117,0.523,0.101,0.39,0.088,0.087,0.088,0.086,0.087,0.089,0.087,0.086,0.088,0.086,0.087,0.089,0.085
,19:24:16,47,0.088,0.087,0.086,0.086,0.088,0.086,0.086,0.087,0.089,0.087,0.087,0.085,0.087,0.116,0.118,0.109,0.094,0.099,0.092,0.088,0.093,0.09,0.112,0.087,0.091,0.097,0.083,0.096,0.092,0.103,0.088,0.099,0.088,0.087,0.101,0.086,0.088,0.108,0.083,0.096,0.118,0.086,0.097,0.087,0.098,0.087,0.09,0.087,0.087,0.393,0.227,0.401,0.215,0.5,0.486,0.456,0.102,0.458,0.69,0.088,0.086,0.247,0.087,0.097,0.284,0.221,0.144,0.399,0.51,0.521,0.16,0.092,0.088,0.462,0.362,0.113,0.467,0.311,0.409,0.117,0.523,0.101,0.389,0.088,0.087,0.088,0.086,0.087,0.088,0.087,0.086,0.088,0.086,0.086,0.089,0.085
,19:29:16,47,0.089,0.088,0.086,0.086,0.088,0.086,0.086,0.087,0.089,0.087,0.087,0.086,0.088,0.116,0.118,0.108,0.094,0.1,0.093,0.088,0.093,0.09,0.113,0.087,0.092,0.097,0.083,0.096,0.092,0.103,0.089,0.099,0.088,0.087,0.102,0.087,0.088,0.108,0.083,0.096,0.118,0.086,0.097,0.088,0.098,0.087,0.09,0.087,0.087,0.391,0.227,0.399,0.208,0.499,0.487,0.456,0.102,0.458,0.689,0.088,0.086,0.248,0.087,0.097,0.286,0.222,0.144,0.399,0.51,0.518,0.161,0.092,0.088,0.462,0.364,0.113,0.468,0.313,0.408,0.117,0.524,0.101,0.389,0.089,0.087,0.088,0.086,0.087,0.089,0.087,0.086,0.088,0.087,0.087,0.089,0.085
,19:34:16,47,0.089,0.088,0.086,0.086,0.088,0.086,0.086,0.088,0.089,0.087,0.088,0.086,0.088,0.116,0.118,0.109,0.094,0.1,0.092,0.088,0.093,0.09,0.112,0.087,0.092,0.097,0.083,0.096,0.092,0.103,0.089,0.099,0.088,0.087,0.101,0.087,0.088,0.108,0.083,0.096,0.118,0.086,0.097,0.088,0.098,0.087,0.09,0.087,0.087,0.391,0.229,0.4,0.21,0.5,0.486,0.455,0.102,0.457,0.69,0.088,0.087,0.248,0.088,0.097,0.285,0.222,0.144,0.398,0.508,0.518,0.161,0.092,0.088,0.473,0.361,0.113,0.468,0.31,0.41,0.117,0.521,0.101,0.388,0.089,0.087,0.088,0.086,0.087,0.088,0.087,0.086,0.088,0.087,0.086,0.089,0.085
,19:39:16,47,0.088,0.087,0.086,0.086,0.087,0.086,0.086,0.088,0.089,0.087,0.087,0.085,0.088,0.116,0.118,0.109,0.094,0.1,0.092,0.088,0.093,0.09,0.112,0.087,0.092,0.097,0.083,0.096,0.092,0.103,0.089,0.099,0.088,0.087,0.101,0.086,0.088,0.108,0.083,0.096,0.118,0.086,0.096,0.088,0.098,0.087,0.09,0.087,0.087,0.391,0.228,0.399,0.213,0.5,0.485,0.455,0.102,0.456,0.688,0.088,0.086,0.248,0.088,0.097,0.286,0.219,0.144,0.398,0.509,0.519,0.16,0.092,0.088,0.467,0.361,0.113,0.47,0.311,0.408,0.117,0.524,0.101,0.39,0.088,0.087,0.088,0.086,0.087,0.088,0.087,0.086,0.088,0.086,0.086,0.089,0.085
,19:44:16,46.9,0.088,0.087,0.086,0.086,0.088,0.086,0.086,0.087,0.089,0.087,0.087,0.085,0.088,0.116,0.118,0.108,0.094,0.1,0.092,0.088,0.093,0.09,0.112,0.087,0.091,0.097,0.083,0.095,0.092,0.102,0.088,0.098,0.088,0.087,0.101,0.087,0.087,0.108,0.083,0.096,0.118,0.086,0.096,0.087,0.098,0.087,0.09,0.087,0.087,0.389,0.227,0.398,0.208,0.499,0.486,0.454,0.102,0.455,0.688,0.088,0.086,0.246,0.087,0.097,0.283,0.219,0.145,0.397,0.508,0.515,0.16,0.092,0.088,0.469,0.362,0.113,0.466,0.311,0.408,0.116,0.525,0.101,0.389,0.088,0.087,0.088,0.086,0.087,0.088,0.087,0.086,0.088,0.086,0.086,0.089,0.084
,19:49:16,46.9,0.089,0.087,0.086,0.086,0.088,0.086,0.086,0.087,0.089,0.087,0.087,0.086,0.088,0.116,0.118,0.108,0.094,0.099,0.092,0.088,0.093,0.09,0.112,0.087,0.091,0.096,0.083,0.096,0.092,0.102,0.089,0.099,0.088,0.087,0.101,0.087,0.088,0.108,0.083,0.096,0.118,0.086,0.096,0.087,0.098,0.087,0.09,0.087,0.087,0.388,0.226,0.399,0.208,0.497,0.485,0.455,0.102,0.456,0.69,0.088,0.086,0.25,0.087,0.097,0.283,0.22,0.145,0.396,0.508,0.513,0.16,0.092,0.088,0.469,0.359,0.113,0.464,0.31,0.404,0.116,0.522,0.101,0.389,0.088,0.087,0.088,0.086,0.087,0.088,0.087,0.086,0.088,0.087,0.086,0.089,0.085
,19:54:16,47,0.089,0.088,0.086,0.086,0.088,0.086,0.086,0.087,0.089,0.087,0.087,0.086,0.088,0.116,0.118,0.108,0.094,0.099,0.092,0.088,0.093,0.09,0.113,0.087,0.092,0.097,0.083,0.096,0.092,0.103,0.089,0.099,0.088,0.087,0.101,0.087,0.088,0.108,0.083,0.096,0.118,0.086,0.096,0.087,0.098,0.087,0.09,0.087,0.087,0.386,0.226,0.398,0.208,0.501,0.483,0.453,0.102,0.454,0.69,0.088,0.086,0.248,0.087,0.097,0.285,0.22,0.144,0.394,0.508,0.51,0.159,0.092,0.088,0.466,0.361,0.113,0.466,0.308,0.403,0.116,0.522,0.101,0.389,0.088,0.087,0.088,0.086,0.087,0.088,0.087,0.086,0.088,0.087,0.087,0.089,0.085
,19:59:16,46.9,0.088,0.087,0.086,0.086,0.088,0.086,0.086,0.088,0.089,0.087,0.087,0.086,0.088,0.116,0.118,0.108,0.094,0.1,0.092,0.088,0.093,0.09,0.113,0.087,0.092,0.097,0.083,0.096,0.092,0.103,0.088,0.099,0.088,0.087,0.101,0.086,0.088,0.108,0.083,0.096,0.118,0.086,0.096,0.088,0.098,0.087,0.09,0.087,0.087,0.385,0.228,0.4,0.211,0.5,0.484,0.451,0.102,0.451,0.689,0.088,0.086,0.25,0.087,0.097,0.282,0.219,0.143,0.395,0.506,0.512,0.159,0.092,0.088,0.467,0.362,0.114,0.465,0.309,0.403,0.115,0.523,0.101,0.391,0.088,0.087,0.088,0.086,0.087,0.088,0.087,0.086,0.088,0.087,0.087,0.089,0.085
,20:04:16,47,0.088,0.087,0.085,0.086,0.088,0.086,0.086,0.087,0.089,0.087,0.087,0.085,0.088,0.116,0.117,0.108,0.094,0.099,0.092,0.088,0.093,0.09,0.112,0.087,0.092,0.096,0.083,0.096,0.092,0.102,0.088,0.098,0.088,0.087,0.101,0.086,0.088,0.108,0.083,0.096,0.118,0.086,0.096,0.087,0.098,0.087,0.09,0.087,0.087,0.385,0.227,0.4,0.208,0.499,0.482,0.452,0.102,0.452,0.688,0.088,0.086,0.248,0.087,0.097,0.284,0.218,0.144,0.394,0.506,0.516,0.159,0.092,0.088,0.465,0.358,0.113,0.465,0.31,0.402,0.115,0.523,0.101,0.388,0.088,0.087,0.088,0.086,0.087,0.089,0.087,0.086,0.088,0.087,0.087,0.089,0.085
,20:09:16,46.9,0.089,0.088,0.086,0.086,0.088,0.086,0.086,0.088,0.089,0.087,0.087,0.085,0.088,0.116,0.117,0.108,0.094,0.1,0.092,0.088,0.093,0.09,0.112,0.087,0.092,0.097,0.083,0.096,0.092,0.102,0.088,0.099,0.087,0.087,0.101,0.087,0.088,0.108,0.083,0.096,0.117,0.086,0.096,0.088,0.098,0.087,0.09,0.087,0.087,0.386,0.228,0.398,0.213,0.497,0.481,0.451,0.102,0.45,0.688,0.088,0.086,0.251,0.088,0.097,0.283,0.219,0.145,0.393,0.505,0.509,0.159,0.092,0.088,0.466,0.358,0.114,0.465,0.308,0.401,0.115,0.523,0.101,0.387,0.088,0.087,0.088,0.086,0.087,0.088,0.087,0.086,0.088,0.086,0.087,0.089,0.085
,20:14:16,47,0.088,0.087,0.086,0.086,0.088,0.086,0.086,0.087,0.089,0.087,0.087,0.085,0.088,0.116,0.117,0.108,0.094,0.099,0.092,0.087,0.093,0.09,0.112,0.087,0.091,0.096,0.083,0.095,0.092,0.102,0.088,0.098,0.087,0.087,0.101,0.086,0.088,0.108,0.083,0.096,0.118,0.086,0.096,0.087,0.098,0.087,0.09,0.087,0.086,0.383,0.226,0.399,0.208,0.499,0.48,0.449,0.102,0.45,0.69,0.088,0.086,0.249,0.087,0.097,0.282,0.218,0.144,0.392,0.505,0.515,0.159,0.092,0.088,0.462,0.358,0.113,0.463,0.309,0.399,0.114,0.521,0.101,0.387,0.088,0.087,0.088,0.086,0.087,0.088,0.087,0.086,0.088,0.086,0.086,0.089,0.084
,20:19:16,46.9,0.088,0.087,0.086,0.086,0.088,0.086,0.086,0.087,0.089,0.087,0.087,0.085,0.088,0.116,0.117,0.108,0.094,0.099,0.092,0.088,0.093,0.09,0.113,0.087,0.092,0.097,0.083,0.096,0.092,0.102,0.088,0.098,0.088,0.087,0.101,0.087,0.088,0.108,0.083,0.096,0.118,0.086,0.096,0.088,0.098,0.087,0.09,0.087,0.087,0.384,0.227,0.399,0.208,0.498,0.478,0.448,0.102,0.45,0.687,0.088,0.086,0.252,0.087,0.097,0.283,0.22,0.144,0.392,0.505,0.509,0.158,0.092,0.088,0.462,0.36,0.113,0.463,0.307,0.399,0.115,0.523,0.101,0.387,0.088,0.087,0.088,0.086,0.087,0.088,0.087,0.086,0.088,0.086,0.086,0.089,0.085
,20:24:16,47,0.089,0.087,0.086,0.086,0.088,0.086,0.086,0.087,0.089,0.087,0.087,0.085,0.088,0.116,0.117,0.108,0.094,0.099,0.092,0.088,0.093,0.09,0.112,0.087,0.092,0.096,0.083,0.096,0.092,0.102,0.089,0.098,0.088,0.087,0.102,0.086,0.088,0.108,0.083,0.096,0.117,0.086,0.096,0.087,0.098,0.087,0.09,0.087,0.087,0.383,0.225,0.398,0.207,0.497,0.479,0.448,0.102,0.449,0.687,0.089,0.086,0.248,0.087,0.097,0.284,0.219,0.144,0.392,0.504,0.505,0.158,0.092,0.088,0.46,0.359,0.113,0.46,0.308,0.398,0.114,0.522,0.101,0.386,0.088,0.087,0.088,0.086,0.087,0.088,0.087,0.086,0.088,0.086,0.086,0.089,0.085
,20:29:16,46.9,0.088,0.088,0.086,0.086,0.088,0.086,0.086,0.088,0.089,0.087,0.087,0.086,0.088,0.116,0.117,0.108,0.094,0.1,0.092,0.088,0.093,0.09,0.112,0.087,0.092,0.097,0.083,0.096,0.092,0.102,0.089,0.099,0.088,0.087,0.101,0.087,0.088,0.108,0.083,0.096,0.118,0.086,0.096,0.088,0.098,0.087,0.09,0.087,0.087,0.383,0.224,0.397,0.211,0.493,0.479,0.446,0.102,0.448,0.686,0.088,0.087,0.251,0.088,0.097,0.284,0.22,0.146,0.39,0.504,0.508,0.158,0.092,0.088,0.455,0.36,0.113,0.461,0.311,0.396,0.114,0.522,0.101,0.385,0.088,0.087,0.088,0.086,0.087,0.089,0.087,0.086,0.088,0.087,0.087,0.089,0.085
,20:34:16,47,0.088,0.087,0.086,0.086,0.087,0.086,0.086,0.087,0.089,0.087,0.087,0.085,0.088,0.116,0.117,0.108,0.094,0.099,0.092,0.088,0.093,0.09,0.112,0.087,0.091,0.096,0.083,0.096,0.092,0.102,0.089,0.098,0.088,0.087,0.101,0.086,0.088,0.108,0.083,0.096,0.117,0.086,0.096,0.087,0.098,0.087,0.09,0.087,0.087,0.381,0.226,0.397,0.209,0.494,0.478,0.445,0.102,0.449,0.686,0.088,0.086,0.252,0.087,0.097,0.282,0.218,0.144,0.389,0.504,0.507,0.157,0.092,0.088,0.466,0.36,0.113,0.463,0.306,0.396,0.114,0.52,0.101,0.386,0.088,0.087,0.088,0.086,0.087,0.088,0.087,0.086,0.088,0.087,0.086,0.089,0.084
,20:39:16,47,0.088,0.087,0.086,0.086,0.087,0.086,0.086,0.087,0.089,0.087,0.087,0.085,0.088,0.116,0.117,0.108,0.094,0.099,0.092,0.088,0.093,0.09,0.112,0.087,0.091,0.097,0.083,0.096,0.092,0.102,0.089,0.098,0.087,0.087,0.101,0.086,0.088,0.108,0.082,0.096,0.118,0.086,0.096,0.087,0.098,0.086,0.09,0.087,0.087,0.38,0.225,0.399,0.212,0.499,0.479,0.446,0.102,0.446,0.687,0.088,0.086,0.249,0.087,0.097,0.284,0.218,0.144,0.389,0.503,0.506,0.157,0.092,0.088,0.467,0.36,0.113,0.456,0.306,0.394,0.113,0.522,0.101,0.384,0.088,0.087,0.088,0.086,0.087,0.088,0.087,0.086,0.088,0.086,0.086,0.089,0.084
,20:44:16,47,0.088,0.087,0.086,0.086,0.087,0.086,0.086,0.087,0.089,0.087,0.087,0.085,0.088,0.116,0.117,0.108,0.094,0.099,0.092,0.088,0.093,0.09,0.112,0.087,0.091,0.096,0.083,0.095,0.092,0.102,0.089,0.098,0.087,0.087,0.101,0.086,0.087,0.108,0.083,0.096,0.117,0.086,0.096,0.087,0.098,0.087,0.09,0.087,0.086,0.38,0.223,0.397,0.21,0.495,0.475,0.443,0.102,0.446,0.686,0.088,0.086,0.25,0.087,0.097,0.281,0.217,0.144,0.388,0.502,0.505,0.157,0.092,0.088,0.462,0.357,0.113,0.46,0.307,0.392,0.113,0.519,0.101,0.384,0.089,0.087,0.088,0.086,0.087,0.088,0.087,0.086,0.088,0.086,0.086,0.089,0.084
,20:49:16,47,0.089,0.087,0.086,0.086,0.088,0.086,0.086,0.087,0.089,0.087,0.087,0.085,0.088,0.116,0.117,0.108,0.094,0.099,0.092,0.088,0.093,0.09,0.112,0.087,0.092,0.097,0.083,0.095,0.092,0.102,0.088,0.098,0.088,0.087,0.101,0.086,0.088,0.108,0.083,0.096,0.117,0.086,0.096,0.087,0.098,0.087,0.09,0.087,0.087,0.378,0.223,0.397,0.21,0.494,0.475,0.444,0.102,0.444,0.684,0.088,0.086,0.248,0.088,0.097,0.281,0.216,0.144,0.386,0.503,0.507,0.157,0.092,0.088,0.46,0.357,0.113,0.458,0.306,0.392,0.113,0.522,0.101,0.382,0.088,0.087,0.088,0.086,0.087,0.088,0.087,0.086,0.088,0.086,0.087,0.089,0.084
,20:54:16,47,0.088,0.087,0.087,0.086,0.087,0.086,0.086,0.087,0.089,0.087,0.087,0.085,0.088,0.116,0.117,0.108,0.094,0.099,0.092,0.088,0.093,0.09,0.112,0.087,0.091,0.097,0.083,0.095,0.092,0.102,0.089,0.098,0.087,0.087,0.101,0.086,0.088,0.107,0.083,0.096,0.117,0.086,0.096,0.087,0.098,0.087,0.09,0.087,0.087,0.378,0.225,0.395,0.207,0.491,0.474,0.443,0.102,0.445,0.686,0.088,0.086,0.25,0.087,0.097,0.281,0.218,0.144,0.386,0.503,0.507,0.157,0.092,0.088,0.46,0.357,0.113,0.458,0.304,0.391,0.113,0.523,0.101,0.382,0.088,0.087,0.088,0.086,0.087,0.088,0.087,0.086,0.088,0.087,0.086,0.089,0.084
,20:59:16,47,0.088,0.087,0.086,0.086,0.088,0.086,0.086,0.087,0.089,0.087,0.087,0.085,0.088,0.116,0.117,0.108,0.094,0.099,0.092,0.088,0.093,0.09,0.112,0.087,0.091,0.096,0.083,0.095,0.092,0.102,0.088,0.098,0.087,0.087,0.101,0.086,0.088,0.107,0.082,0.096,0.117,0.086,0.096,0.087,0.098,0.086,0.09,0.087,0.087,0.378,0.222,0.397,0.207,0.491,0.474,0.44,0.102,0.445,0.686,0.088,0.086,0.249,0.087,0.097,0.281,0.216,0.143,0.384,0.501,0.503,0.156,0.092,0.088,0.459,0.357,0.113,0.453,0.307,0.389,0.113,0.522,0.101,0.383,0.088,0.087,0.088,0.086,0.087,0.088,0.087,0.086,0.088,0.087,0.086,0.089,0.084
,21:04:16,47,0.088,0.088,0.086,0.086,0.088,0.086,0.086,0.087,0.089,0.087,0.087,0.085,0.088,0.116,0.117,0.108,0.094,0.099,0.092,0.088,0.093,0.09,0.112,0.087,0.092,0.097,0.083,0.096,0.092,0.102,0.088,0.098,0.088,0.087,0.101,0.086,0.088,0.108,0.083,0.096,0.118,0.086,0.096,0.087,0.098,0.087,0.09,0.087,0.087,0.377,0.223,0.394,0.208,0.493,0.473,0.44,0.102,0.444,0.687,0.088,0.087,0.254,0.088,0.097,0.281,0.217,0.144,0.385,0.502,0.505,0.155,0.092,0.088,0.456,0.357,0.113,0.457,0.305,0.389,0.112,0.521,0.101,0.382,0.088,0.087,0.088,0.087,0.087,0.088,0.087,0.086,0.088,0.086,0.087,0.089,0.084
,21:09:16,47,0.088,0.087,0.086,0.086,0.087,0.086,0.086,0.087,0.089,0.087,0.087,0.085,0.088,0.116,0.117,0.108,0.094,0.099,0.092,0.088,0.093,0.09,0.112,0.087,0.091,0.096,0.083,0.095,0.092,0.102,0.088,0.098,0.087,0.087,0.101,0.086,0.088,0.108,0.083,0.096,0.117,0.086,0.096,0.087,0.098,0.087,0.09,0.087,0.087,0.376,0.224,0.398,0.209,0.492,0.473,0.44,0.102,0.441,0.686,0.088,0.086,0.249,0.087,0.097,0.281,0.218,0.144,0.384,0.501,0.505,0.155,0.092,0.088,0.456,0.357,0.113,0.453,0.305,0.388,0.112,0.522,0.101,0.382,0.088,0.087,0.087,0.086,0.087,0.088,0.087,0.086,0.088,0.087,0.086,0.089,0.084
,21:14:16,47,0.088,0.087,0.086,0.086,0.088,0.086,0.086,0.087,0.089,0.087,0.087,0.085,0.088,0.116,0.117,0.108,0.094,0.099,0.092,0.088,0.093,0.09,0.112,0.087,0.091,0.097,0.083,0.095,0.092,0.102,0.088,0.098,0.088,0.087,0.101,0.086,0.088,0.108,0.083,0.096,0.117,0.086,0.096,0.087,0.098,0.086,0.09,0.087,0.087,0.375,0.223,0.395,0.209,0.492,0.472,0.44,0.102,0.442,0.686,0.088,0.086,0.252,0.088,0.097,0.281,0.218,0.144,0.385,0.5,0.505,0.156,0.092,0.088,0.454,0.357,0.113,0.451,0.306,0.385,0.112,0.521,0.101,0.381,0.088,0.087,0.088,0.086,0.087,0.088,0.087,0.086,0.088,0.087,0.086,0.089,0.084
,21:19:16,46.9,0.088,0.087,0.086,0.086,0.087,0.086,0.086,0.087,0.089,0.087,0.087,0.085,0.087,0.115,0.117,0.108,0.094,0.099,0.092,0.088,0.093,0.09,0.112,0.087,0.091,0.097,0.083,0.096,0.092,0.102,0.088,0.098,0.087,0.087,0.101,0.086,0.088,0.108,0.082,0.096,0.117,0.086,0.095,0.087,0.098,0.086,0.09,0.087,0.087,0.375,0.224,0.396,0.21,0.491,0.472,0.438,0.102,0.441,0.685,0.088,0.087,0.251,0.087,0.097,0.279,0.217,0.144,0.382,0.5,0.503,0.155,0.092,0.088,0.454,0.357,0.113,0.457,0.304,0.386,0.112,0.52,0.1,0.382,0.088,0.087,0.088,0.086,0.087,0.088,0.087,0.086,0.088,0.086,0.086,0.089,0.084
,21:24:16,46.9,0.089,0.088,0.086,0.086,0.088,0.086,0.087,0.087,0.089,0.087,0.088,0.085,0.088,0.116,0.117,0.108,0.094,0.099,0.092,0.088,0.093,0.09,0.112,0.087,0.092,0.097,0.083,0.095,0.092,0.102,0.089,0.098,0.088,0.087,0.101,0.086,0.088,0.108,0.083,0.096,0.117,0.086,0.096,0.087,0.098,0.087,0.09,0.087,0.087,0.374,0.221,0.395,0.212,0.487,0.471,0.438,0.102,0.44,0.687,0.088,0.087,0.251,0.088,0.097,0.28,0.218,0.144,0.382,0.5,0.501,0.155,0.092,0.088,0.455,0.359,0.114,0.458,0.306,0.385,0.111,0.516,0.101,0.384,0.088,0.087,0.088,0.086,0.088,0.088,0.087,0.086,0.088,0.087,0.087,0.089,0.084
,21:29:16,46.9,0.088,0.087,0.086,0.086,0.088,0.086,0.086,0.087,0.089,0.087,0.087,0.085,0.088,0.116,0.116,0.108,0.094,0.099,0.092,0.088,0.093,0.09,0.112,0.087,0.091,0.096,0.083,0.095,0.092,0.102,0.088,0.098,0.088,0.087,0.101,0.086,0.088,0.108,0.082,0.096,0.117,0.086,0.095,0.087,0.098,0.086,0.09,0.087,0.087,0.374,0.222,0.393,0.209,0.488,0.469,0.436,0.102,0.439,0.685,0.088,0.086,0.252,0.087,0.097,0.28,0.217,0.144,0.382,0.5,0.504,0.154,0.092,0.088,0.453,0.357,0.113,0.451,0.304,0.385,0.111,0.521,0.101,0.381,0.088,0.087,0.088,0.086,0.087,0.088,0.087,0.086,0.088,0.087,0.086,0.089,0.084
,21:34:16,46.9,0.088,0.087,0.086,0.086,0.088,0.086,0.086,0.087,0.089,0.087,0.087,0.085,0.088,0.116,0.117,0.108,0.094,0.099,0.092,0.088,0.093,0.09,0.112,0.087,0.092,0.096,0.083,0.095,0.092,0.102,0.088,0.098,0.087,0.087,0.101,0.086,0.088,0.108,0.083,0.096,0.117,0.086,0.095,0.087,0.098,0.087,0.09,0.087,0.087,0.373,0.223,0.393,0.21,0.49,0.469,0.436,0.102,0.44,0.687,0.088,0.086,0.247,0.087,0.098,0.28,0.217,0.144,0.381,0.498,0.5,0.154,0.092,0.088,0.456,0.357,0.113,0.449,0.306,0.382,0.111,0.519,0.101,0.381,0.088,0.086,0.088,0.086,0.087,0.088,0.087,0.086,0.088,0.086,0.086,0.089,0.084
,21:39:16,47,0.088,0.087,0.086,0.086,0.088,0.086,0.086,0.087,0.089,0.087,0.087,0.085,0.088,0.116,0.117,0.108,0.094,0.099,0.092,0.088,0.093,0.09,0.112,0.087,0.091,0.097,0.083,0.096,0.092,0.102,0.088,0.098,0.088,0.087,0.101,0.086,0.088,0.108,0.083,0.096,0.117,0.086,0.095,0.087,0.098,0.087,0.09,0.087,0.087,0.372,0.223,0.393,0.21,0.49,0.469,0.435,0.102,0.438,0.687,0.088,0.086,0.249,0.087,0.097,0.279,0.215,0.144,0.379,0.498,0.5,0.154,0.092,0.088,0.448,0.358,0.113,0.456,0.304,0.381,0.111,0.519,0.101,0.382,0.088,0.087,0.088,0.086,0.087,0.088,0.087,0.086,0.088,0.086,0.086,0.089,0.084
,21:44:16,46.9,0.088,0.087,0.086,0.086,0.087,0.086,0.086,0.087,0.089,0.087,0.087,0.085,0.087,0.115,0.117,0.108,0.094,0.099,0.092,0.088,0.093,0.09,0.112,0.087,0.091,0.096,0.083,0.095,0.092,0.102,0.088,0.098,0.088,0.087,0.101,0.086,0.088,0.107,0.083,0.096,0.117,0.086,0.095,0.087,0.098,0.087,0.09,0.087,0.086,0.37,0.224,0.392,0.207,0.489,0.468,0.436,0.102,0.437,0.686,0.088,0.086,0.248,0.087,0.097,0.278,0.215,0.143,0.38,0.498,0.502,0.154,0.092,0.088,0.449,0.357,0.113,0.45,0.303,0.381,0.11,0.519,0.1,0.38,0.088,0.087,0.088,0.086,0.087,0.088,0.087,0.086,0.088,0.086,0.086,0.089,0.084
,21:49:16,47,0.088,0.087,0.086,0.086,0.087,0.086,0.086,0.087,0.089,0.087,0.087,0.085,0.088,0.116,0.117,0.108,0.094,0.099,0.092,0.088,0.093,0.09,0.112,0.087,0.091,0.096,0.083,0.095,0.092,0.102,0.088,0.098,0.087,0.087,0.101,0.086,0.088,0.107,0.082,0.096,0.117,0.086,0.095,0.087,0.097,0.086,0.09,0.087,0.087,0.371,0.221,0.395,0.207,0.49,0.467,0.433,0.102,0.436,0.685,0.088,0.086,0.25,0.087,0.098,0.278,0.217,0.143,0.379,0.497,0.502,0.153,0.092,0.088,0.448,0.356,0.113,0.452,0.303,0.377,0.11,0.519,0.101,0.381,0.088,0.087,0.088,0.086,0.087,0.088,0.087,0.086,0.088,0.086,0.086,0.089,0.084
,21:54:16,46.9,0.089,0.087,0.086,0.086,0.088,0.086,0.086,0.087,0.089,0.087,0.087,0.085,0.088,0.115,0.117,0.108,0.094,0.099,0.092,0.088,0.093,0.09,0.112,0.087,0.091,0.096,0.083,0.096,0.092,0.102,0.088,0.098,0.087,0.087,0.101,0.086,0.088,0.107,0.083,0.096,0.117,0.086,0.095,0.087,0.098,0.087,0.09,0.087,0.087,0.371,0.221,0.394,0.209,0.488,0.467,0.434,0.102,0.436,0.685,0.088,0.086,0.25,0.087,0.097,0.279,0.216,0.144,0.379,0.498,0.506,0.153,0.092,0.088,0.447,0.354,0.113,0.451,0.301,0.376,0.11,0.519,0.101,0.38,0.088,0.087,0.088,0.086,0.087,0.088,0.087,0.086,0.088,0.087,0.086,0.089,0.084
,21:59:16,46.9,0.089,0.087,0.086,0.086,0.088,0.086,0.086,0.088,0.089,0.087,0.087,0.085,0.088,0.115,0.117,0.108,0.094,0.099,0.092,0.088,0.093,0.09,0.112,0.087,0.092,0.096,0.083,0.095,0.092,0.102,0.088,0.098,0.087,0.087,0.101,0.087,0.088,0.108,0.083,0.096,0.117,0.086,0.095,0.087,0.098,0.087,0.09,0.087,0.087,0.371,0.222,0.393,0.208,0.487,0.465,0.432,0.102,0.435,0.685,0.088,0.087,0.25,0.088,0.097,0.278,0.215,0.144,0.376,0.496,0.501,0.153,0.092,0.088,0.446,0.355,0.113,0.448,0.301,0.376,0.111,0.52,0.101,0.379,0.088,0.087,0.088,0.086,0.087,0.088,0.087,0.086,0.088,0.087,0.086,0.089,0.084
,22:04:16,46.9,0.088,0.088,0.086,0.086,0.088,0.086,0.086,0.087,0.089,0.087,0.087,0.085,0.088,0.115,0.117,0.108,0.093,0.099,0.092,0.088,0.093,0.09,0.112,0.087,0.091,0.096,0.083,0.095,0.092,0.102,0.088,0.098,0.088,0.087,0.101,0.086,0.088,0.107,0.083,0.096,0.117,0.086,0.095,0.087,0.097,0.086,0.09,0.087,0.087,0.37,0.222,0.393,0.205,0.487,0.463,0.431,0.102,0.434,0.685,0.088,0.086,0.25,0.087,0.097,0.278,0.214,0.144,0.378,0.497,0.498,0.152,0.092,0.088,0.445,0.354,0.113,0.446,0.301,0.374,0.11,0.518,0.101,0.378,0.088,0.087,0.088,0.086,0.087,0.088,0.087,0.086,0.088,0.087,0.086,0.089,0.084
,,,,,,,,,,,,,,,,,,,,,,,,,,,,,,,,,,,,,,,,,,,,,,,,,,,,,,,,,,,,,,,,,,,,,,,,,,,,,,,,,,,,,,,,,,,,,,,,,,
Results,,,,,,,,,,,,,,,,,,,,,,,,,,,,,,,,,,,,,,,,,,,,,,,,,,,,,,,,,,,,,,,,,,,,,,,,,,,,,,,,,,,,,,,,,,,,,,,,,,
,,,,,,,,,,,,,,,,,,,,,,,,,,,,,,,,,,,,,,,,,,,,,,,,,,,,,,,,,,,,,,,,,,,,,,,,,,,,,,,,,,,,,,,,,,,,,,,,,,
,,1,2,3,4,5,6,7,8,9,10,11,12,,,,,,,,,,,,,,,,,,,,,,,,,,,,,,,,,,,,,,,,,,,,,,,,,,,,,,,,,,,,,,,,,,,,,,,,,,,,,,,,,,,,,
,A,-0.114,-0.032,-0.058,0.036,0.062,-0.028,-0.03,0.022,-0.026,-0.026,-0.024,-0.034,Max V [600],,,,,,,,,,,,,,,,,,,,,,,,,,,,,,,,,,,,,,,,,,,,,,,,,,,,,,,,,,,,,,,,,,,,,,,,,,,,,,,,,,,,
,,0.533,0.78,0.435,0.871,0.497,0.86,0.84,0.644,0.741,0.681,0.837,0.83,R-Squared [600],,,,,,,,,,,,,,,,,,,,,,,,,,,,,,,,,,,,,,,,,,,,,,,,,,,,,,,,,,,,,,,,,,,,,,,,,,,,,,,,,,,,
,,17:49:16,0:14:16,9:59:16,16:44:16,3:54:16,0:14:16,12:49:16,4:19:16,0:14:16,0:14:16,0:39:16,0:39:16,t at Max V [600],,,,,,,,,,,,,,,,,,,,,,,,,,,,,,,,,,,,,,,,,,,,,,,,,,,,,,,,,,,,,,,,,,,,,,,,,,,,,,,,,,,,
,,17:42:15,?????,9:53:24,16:59:16,3:59:45,?????,12:43:16,4:29:16,?????,?????,0:16:46,0:36:55,Lagtime [600],,,,,,,,,,,,,,,,,,,,,,,,,,,,,,,,,,,,,,,,,,,,,,,,,,,,,,,,,,,,,,,,,,,,,,,,,,,,,,,,,,,,
,B,-0.026,0.296,0.336,0.252,0.116,0.166,0.16,0.054,0.08,0.07,0.248,-0.032,Max V [600],,,,,,,,,,,,,,,,,,,,,,,,,,,,,,,,,,,,,,,,,,,,,,,,,,,,,,,,,,,,,,,,,,,,,,,,,,,,,,,,,,,,
,,0.845,0.998,0.998,0.993,0.963,0.97,0.974,0.959,0.98,0.966,0.79,0.542,R-Squared [600],,,,,,,,,,,,,,,,,,,,,,,,,,,,,,,,,,,,,,,,,,,,,,,,,,,,,,,,,,,,,,,,,,,,,,,,,,,,,,,,,,,,
,,21:34:16,0:34:16,0:34:16,0:34:16,0:29:16,0:24:16,0:24:16,0:49:16,0:24:16,0:24:16,0:14:16,4:34:16,t at Max V [600],,,,,,,,,,,,,,,,,,,,,,,,,,,,,,,,,,,,,,,,,,,,,,,,,,,,,,,,,,,,,,,,,,,,,,,,,,,,,,,,,,,,
,,20:59:39,0:16:22,0:13:01,0:16:01,0:16:41,0:14:02,0:12:16,0:27:03,0:14:46,0:31:42,?????,4:16:46,Lagtime [600],,,,,,,,,,,,,,,,,,,,,,,,,,,,,,,,,,,,,,,,,,,,,,,,,,,,,,,,,,,,,,,,,,,,,,,,,,,,,,,,,,,,
,C,-0.048,0.146,-0.032,0.104,0.118,0.218,0.096,0.18,0.166,0.046,0.118,-0.044,Max V [600],,,,,,,,,,,,,,,,,,,,,,,,,,,,,,,,,,,,,,,,,,,,,,,,,,,,,,,,,,,,,,,,,,,,,,,,,,,,,,,,,,,,
,,0.883,0.989,0.696,0.956,0.991,0.993,0.981,0.995,0.829,0.98,0.972,0.445,R-Squared [600],,,,,,,,,,,,,,,,,,,,,,,,,,,,,,,,,,,,,,,,,,,,,,,,,,,,,,,,,,,,,,,,,,,,,,,,,,,,,,,,,,,,
,,0:14:16,0:24:16,12:49:16,0:24:16,0:24:16,0:24:16,0:24:16,0:24:16,5:29:16,0:34:16,0:19:16,10:14:16,t at Max V [600],,,,,,,,,,,,,,,,,,,,,,,,,,,,,,,,,,,,,,,,,,,,,,,,,,,,,,,,,,,,,,,,,,,,,,,,,,,,,,,,,,,,
,,?????,0:13:51,12:06:09,0:17:21,0:11:54,0:12:42,0:14:41,0:12:03,5:05:25,0:19:03,0:13:20,10:00:11,Lagtime [600],,,,,,,,,,,,,,,,,,,,,,,,,,,,,,,,,,,,,,,,,,,,,,,,,,,,,,,,,,,,,,,,,,,,,,,,,,,,,,,,,,,,
,D,-0.03,0.49,0.046,0.14,0.326,0.058,0.368,0.108,0.162,0.036,0.166,0.034,Max V [600],,,,,,,,,,,,,,,,,,,,,,,,,,,,,,,,,,,,,,,,,,,,,,,,,,,,,,,,,,,,,,,,,,,,,,,,,,,,,,,,,,,,
,,0.865,0.955,0.842,0.994,0.99,0.848,1,0.995,0.985,0.638,0.606,0.926,R-Squared [600],,,,,,,,,,,,,,,,,,,,,,,,,,,,,,,,,,,,,,,,,,,,,,,,,,,,,,,,,,,,,,,,,,,,,,,,,,,,,,,,,,,,
,,14:39:16,0:24:16,0:24:16,0:24:16,0:34:16,0:19:16,0:34:16,0:24:16,0:24:16,1:59:16,3:09:16,16:44:16,t at Max V [600],,,,,,,,,,,,,,,,,,,,,,,,,,,,,,,,,,,,,,,,,,,,,,,,,,,,,,,,,,,,,,,,,,,,,,,,,,,,,,,,,,,,
,,14:19:16,0:20:43,0:31:13,0:14:07,0:16:25,0:13:04,0:13:01,0:20:12,0:14:23,1:18:09,2:34:49,17:03:41,Lagtime [600],,,,,,,,,,,,,,,,,,,,,,,,,,,,,,,,,,,,,,,,,,,,,,,,,,,,,,,,,,,,,,,,,,,,,,,,,,,,,,,,,,,,
,E,-0.028,1.446,0.754,0.976,0.75,1.35,1.458,1.298,0.07,2.05,2.7,0.084,Max V [600],,,,,,,,,,,,,,,,,,,,,,,,,,,,,,,,,,,,,,,,,,,,,,,,,,,,,,,,,,,,,,,,,,,,,,,,,,,,,,,,,,,,
,,0.721,1,0.999,0.951,0.997,0.991,0.994,0.989,0.972,0.999,1,0.598,R-Squared [600],,,,,,,,,,,,,,,,,,,,,,,,,,,,,,,,,,,,,,,,,,,,,,,,,,,,,,,,,,,,,,,,,,,,,,,,,,,,,,,,,,,,
,,0:14:16,1:34:16,1:44:16,8:54:16,3:09:16,4:59:16,7:04:16,6:04:16,0:49:16,3:14:16,3:29:16,14:54:16,t at Max V [600],,,,,,,,,,,,,,,,,,,,,,,,,,,,,,,,,,,,,,,,,,,,,,,,,,,,,,,,,,,,,,,,,,,,,,,,,,,,,,,,,,,,
,,?????,0:44:35,0:44:53,5:15:47,1:45:22,2:25:58,3:00:28,3:28:15,0:30:42,1:38:35,1:53:32,15:01:39,Lagtime [600],,,,,,,,,,,,,,,,,,,,,,,,,,,,,,,,,,,,,,,,,,,,,,,,,,,,,,,,,,,,,,,,,,,,,,,,,,,,,,,,,,,,
,F,-0.056,0.532,-0.034,0.206,0.582,0.49,0.638,1.196,1.982,1.464,0.4,0.034,Max V [600],,,,,,,,,,,,,,,,,,,,,,,,,,,,,,,,,,,,,,,,,,,,,,,,,,,,,,,,,,,,,,,,,,,,,,,,,,,,,,,,,,,,
,,0.899,0.998,0.83,0.996,0.997,0.997,0.997,1,1,0.998,0.999,0.938,R-Squared [600],,,,,,,,,,,,,,,,,,,,,,,,,,,,,,,,,,,,,,,,,,,,,,,,,,,,,,,,,,,,,,,,,,,,,,,,,,,,,,,,,,,,
,,0:14:16,1:59:16,0:14:16,1:34:16,2:14:16,2:29:16,2:49:16,1:44:16,4:24:16,5:19:16,2:29:16,16:44:16,t at Max V [600],,,,,,,,,,,,,,,,,,,,,,,,,,,,,,,,,,,,,,,,,,,,,,,,,,,,,,,,,,,,,,,,,,,,,,,,,,,,,,,,,,,,
,,?????,0:40:48,0:06:02,0:44:33,1:07:17,1:10:07,1:37:12,0:52:38,2:21:33,2:44:27,0:57:07,17:17:12,Lagtime [600],,,,,,,,,,,,,,,,,,,,,,,,,,,,,,,,,,,,,,,,,,,,,,,,,,,,,,,,,,,,,,,,,,,,,,,,,,,,,,,,,,,,
,G,-0.036,1.928,0.848,0.202,1.062,0.732,1.58,0.312,1.57,0.378,1.22,-0.088,Max V [600],,,,,,,,,,,,,,,,,,,,,,,,,,,,,,,,,,,,,,,,,,,,,,,,,,,,,,,,,,,,,,,,,,,,,,,,,,,,,,,,,,,,
,,0.786,0.999,0.999,0.993,0.997,1,0.978,0.992,0.999,0.988,0.999,0.517,R-Squared [600],,,,,,,,,,,,,,,,,,,,,,,,,,,,,,,,,,,,,,,,,,,,,,,,,,,,,,,,,,,,,,,,,,,,,,,,,,,,,,,,,,,,
,,0:14:16,4:09:16,2:24:16,0:29:16,5:09:16,1:44:16,5:09:16,1:39:16,4:39:16,2:59:16,2:19:16,1:29:16,t at Max V [600],,,,,,,,,,,,,,,,,,,,,,,,,,,,,,,,,,,,,,,,,,,,,,,,,,,,,,,,,,,,,,,,,,,,,,,,,,,,,,,,,,,,
,,?????,2:21:09,1:28:19,0:15:48,2:38:09,0:44:00,2:51:47,0:35:33,2:05:44,1:16:09,1:31:00,1:30:11,Lagtime [600],,,,,,,,,,,,,,,,,,,,,,,,,,,,,,,,,,,,,,,,,,,,,,,,,,,,,,,,,,,,,,,,,,,,,,,,,,,,,,,,,,,,
,H,0.028,-0.036,-0.026,0.026,-0.028,-0.052,0.034,-0.086,-0.03,0.042,-0.028,0.032,Max V [600],,,,,,,,,,,,,,,,,,,,,,,,,,,,,,,,,,,,,,,,,,,,,,,,,,,,,,,,,,,,,,,,,,,,,,,,,,,,,,,,,,,,
,,0.731,0.871,0.741,0.741,0.86,0.621,0.745,0.47,0.771,0.745,0.942,0.821,R-Squared [600],,,,,,,,,,,,,,,,,,,,,,,,,,,,,,,,,,,,,,,,,,,,,,,,,,,,,,,,,,,,,,,,,,,,,,,,,,,,,,,,,,,,
,,16:44:16,0:14:16,0:34:16,14:09:16,12:49:16,4:59:16,16:44:16,18:59:16,0:39:16,5:24:16,10:29:16,14:09:16,t at Max V [600],,,,,,,,,,,,,,,,,,,,,,,,,,,,,,,,,,,,,,,,,,,,,,,,,,,,,,,,,,,,,,,,,,,,,,,,,,,,,,,,,,,,
,,17:04:59,?????,0:08:07,14:39:16,12:24:59,4:47:21,17:05:27,19:01:08,0:27:56,5:25:42,10:10:42,14:36:09,Lagtime [600],,,,,,,,,,,,,,,,,,,,,,,,,,,,,,,,,,,,,,,,,,,,,,,,,,,,,,,,,,,,,,,,,,,,,,,,,,,,,,,,,,,,
